section,obs_name,cluster,x,y
Mouse_Thymus3,110_38,1,17188.0,14478.0
Mouse_Thymus3,48_23,1,10988.0,12978.0
Mouse_Thymus3,71_20,1,13288.0,12678.0
Mouse_Thymus3,94_54,5,15588.0,16078.0
Mouse_Thymus3,108_57,4,16988.0,16378.0
Mouse_Thymus3,94_23,2,15588.0,12978.0
Mouse_Thymus3,69_34,4,13088.0,14078.0
Mouse_Thymus3,13_51,2,7488.0,15778.0
Mouse_Thymus3,104_42,2,16588.0,14878.0
Mouse_Thymus3,115_65,5,17688.0,17178.0
Mouse_Thymus3,111_42,2,17288.0,14878.0
Mouse_Thymus3,63_20,2,12488.0,12678.0
Mouse_Thymus3,17_39,5,7888.0,14578.0
Mouse_Thymus3,9_46,5,7088.0,15278.0
Mouse_Thymus3,89_44,5,15088.0,15078.0
Mouse_Thymus3,99_40,2,16088.0,14678.0
Mouse_Thymus3,82_0,7,14388.0,10678.0
Mouse_Thymus3,72_27,2,13388.0,13378.0
Mouse_Thymus3,64_27,1,12588.0,13378.0
Mouse_Thymus3,78_46,5,13988.0,15278.0
Mouse_Thymus3,58_43,4,11988.0,14978.0
Mouse_Thymus3,66_45,5,12788.0,15178.0
Mouse_Thymus3,89_14,4,15088.0,12078.0
Mouse_Thymus3,78_8,5,13988.0,11478.0
Mouse_Thymus3,78_18,2,13988.0,12478.0
Mouse_Thymus3,21_59,5,8288.0,16578.0
Mouse_Thymus3,96_24,2,15788.0,13078.0
Mouse_Thymus3,63_29,1,12488.0,13578.0
Mouse_Thymus3,88_9,5,14988.0,11578.0
Mouse_Thymus3,53_31,2,11488.0,13778.0
Mouse_Thymus3,88_49,5,14988.0,15578.0
Mouse_Thymus3,45_38,2,10688.0,14478.0
Mouse_Thymus3,117_46,5,17888.0,15278.0
Mouse_Thymus3,29_46,2,9088.0,15278.0
Mouse_Thymus3,87_26,1,14888.0,13278.0
Mouse_Thymus3,75_26,2,13688.0,13278.0
Mouse_Thymus3,55_23,1,11688.0,12978.0
Mouse_Thymus3,67_32,4,12888.0,13878.0
Mouse_Thymus3,78_12,1,13988.0,11878.0
Mouse_Thymus3,115_52,5,17688.0,15878.0
Mouse_Thymus3,94_31,5,15588.0,13778.0
Mouse_Thymus3,0_47,1,6188.0,15378.0
Mouse_Thymus3,68_47,4,12988.0,15378.0
Mouse_Thymus3,26_60,4,8788.0,16678.0
Mouse_Thymus3,109_39,2,17088.0,14578.0
Mouse_Thymus3,48_25,1,10988.0,13178.0
Mouse_Thymus3,111_50,5,17288.0,15678.0
Mouse_Thymus3,43_26,5,10488.0,13278.0
Mouse_Thymus3,94_52,4,15588.0,15878.0
Mouse_Thymus3,91_17,2,15288.0,12378.0
Mouse_Thymus3,25_32,7,8688.0,13878.0
Mouse_Thymus3,112_46,2,17388.0,15278.0
Mouse_Thymus3,37_55,5,9888.0,16178.0
Mouse_Thymus3,82_47,5,14388.0,15378.0
Mouse_Thymus3,83_4,4,14488.0,11078.0
Mouse_Thymus3,95_18,4,15688.0,12478.0
Mouse_Thymus3,79_19,2,14088.0,12578.0
Mouse_Thymus3,103_32,2,16488.0,13878.0
Mouse_Thymus3,61_41,4,12288.0,14778.0
Mouse_Thymus3,28_43,2,8988.0,14978.0
Mouse_Thymus3,65_7,4,12688.0,11378.0
Mouse_Thymus3,63_26,2,12488.0,13278.0
Mouse_Thymus3,118_46,5,17988.0,15278.0
Mouse_Thymus3,24_35,5,8588.0,14178.0
Mouse_Thymus3,46_33,1,10788.0,13978.0
Mouse_Thymus3,90_62,7,15188.0,16878.0
Mouse_Thymus3,68_50,7,12988.0,15678.0
Mouse_Thymus3,76_46,4,13788.0,15278.0
Mouse_Thymus3,78_36,5,13988.0,14278.0
Mouse_Thymus3,30_39,5,9188.0,14578.0
Mouse_Thymus3,88_37,5,14988.0,14378.0
Mouse_Thymus3,82_56,4,14388.0,16278.0
Mouse_Thymus3,79_25,7,14088.0,13178.0
Mouse_Thymus3,42_26,5,10388.0,13278.0
Mouse_Thymus3,93_28,5,15488.0,13478.0
Mouse_Thymus3,13_42,5,7488.0,14878.0
Mouse_Thymus3,42_39,1,10388.0,14578.0
Mouse_Thymus3,101_40,2,16288.0,14678.0
Mouse_Thymus3,26_59,5,8788.0,16578.0
Mouse_Thymus3,42_54,5,10388.0,16078.0
Mouse_Thymus3,29_58,5,9088.0,16478.0
Mouse_Thymus3,107_34,1,16888.0,14078.0
Mouse_Thymus3,63_41,4,12488.0,14778.0
Mouse_Thymus3,91_9,4,15288.0,11578.0
Mouse_Thymus3,90_10,5,15188.0,11678.0
Mouse_Thymus3,107_43,2,16888.0,14978.0
Mouse_Thymus3,26_34,5,8788.0,14078.0
Mouse_Thymus3,62_11,5,12388.0,11778.0
Mouse_Thymus3,59_29,7,12088.0,13578.0
Mouse_Thymus3,100_42,5,16188.0,14878.0
Mouse_Thymus3,94_41,4,15588.0,14778.0
Mouse_Thymus3,79_27,1,14088.0,13378.0
Mouse_Thymus3,95_33,2,15688.0,13978.0
Mouse_Thymus3,81_35,5,14288.0,14178.0
Mouse_Thymus3,72_9,1,13388.0,11578.0
Mouse_Thymus3,81_11,5,14288.0,11778.0
Mouse_Thymus3,22_55,5,8388.0,16178.0
Mouse_Thymus3,13_53,5,7488.0,15978.0
Mouse_Thymus3,88_33,4,14988.0,13978.0
Mouse_Thymus3,36_24,1,9788.0,13078.0
Mouse_Thymus3,56_16,5,11788.0,12278.0
Mouse_Thymus3,97_41,1,15888.0,14778.0
Mouse_Thymus3,83_36,5,14488.0,14278.0
Mouse_Thymus3,86_51,4,14788.0,15778.0
Mouse_Thymus3,39_38,5,10088.0,14478.0
Mouse_Thymus3,24_56,5,8588.0,16278.0
Mouse_Thymus3,99_58,5,16088.0,16478.0
Mouse_Thymus3,48_40,2,10988.0,14678.0
Mouse_Thymus3,9_56,7,7088.0,16278.0
Mouse_Thymus3,85_18,2,14688.0,12478.0
Mouse_Thymus3,82_52,5,14388.0,15878.0
Mouse_Thymus3,75_37,2,13688.0,14378.0
Mouse_Thymus3,65_29,4,12688.0,13578.0
Mouse_Thymus3,64_23,1,12588.0,12978.0
Mouse_Thymus3,93_46,4,15488.0,15278.0
Mouse_Thymus3,64_18,1,12588.0,12478.0
Mouse_Thymus3,10_46,1,7188.0,15278.0
Mouse_Thymus3,85_7,4,14688.0,11378.0
Mouse_Thymus3,33_25,5,9488.0,13178.0
Mouse_Thymus3,32_39,1,9388.0,14578.0
Mouse_Thymus3,88_45,5,14988.0,15178.0
Mouse_Thymus3,78_4,5,13988.0,11078.0
Mouse_Thymus3,21_44,5,8288.0,15078.0
Mouse_Thymus3,57_29,2,11888.0,13578.0
Mouse_Thymus3,84_10,5,14588.0,11678.0
Mouse_Thymus3,121_48,7,18288.0,15478.0
Mouse_Thymus3,92_33,2,15388.0,13978.0
Mouse_Thymus3,68_49,4,12988.0,15578.0
Mouse_Thymus3,83_7,5,14488.0,11378.0
Mouse_Thymus3,105_49,5,16688.0,15578.0
Mouse_Thymus3,103_28,5,16488.0,13478.0
Mouse_Thymus3,97_20,4,15888.0,12678.0
Mouse_Thymus3,72_32,2,13388.0,13878.0
Mouse_Thymus3,40_26,5,10188.0,13278.0
Mouse_Thymus3,91_48,5,15288.0,15478.0
Mouse_Thymus3,91_50,5,15288.0,15678.0
Mouse_Thymus3,78_47,4,13988.0,15378.0
Mouse_Thymus3,39_40,4,10088.0,14678.0
Mouse_Thymus3,59_44,5,12088.0,15078.0
Mouse_Thymus3,80_55,4,14188.0,16178.0
Mouse_Thymus3,79_26,5,14088.0,13278.0
Mouse_Thymus3,34_33,1,9588.0,13978.0
Mouse_Thymus3,31_47,2,9288.0,15378.0
Mouse_Thymus3,77_5,5,13888.0,11178.0
Mouse_Thymus3,67_22,2,12888.0,12878.0
Mouse_Thymus3,122_57,5,18388.0,16378.0
Mouse_Thymus3,92_20,1,15388.0,12678.0
Mouse_Thymus3,26_58,5,8788.0,16478.0
Mouse_Thymus3,18_43,5,7988.0,14978.0
Mouse_Thymus3,37_40,5,9888.0,14678.0
Mouse_Thymus3,21_42,5,8288.0,14878.0
Mouse_Thymus3,32_38,5,9388.0,14478.0
Mouse_Thymus3,43_32,2,10488.0,13878.0
Mouse_Thymus3,43_28,2,10488.0,13478.0
Mouse_Thymus3,86_55,5,14788.0,16178.0
Mouse_Thymus3,88_31,5,14988.0,13778.0
Mouse_Thymus3,89_32,1,15088.0,13878.0
Mouse_Thymus3,1_50,4,6288.0,15678.0
Mouse_Thymus3,29_48,2,9088.0,15478.0
Mouse_Thymus3,39_29,2,10088.0,13578.0
Mouse_Thymus3,98_15,5,15988.0,12178.0
Mouse_Thymus3,119_65,5,18088.0,17178.0
Mouse_Thymus3,115_60,4,17688.0,16678.0
Mouse_Thymus3,81_55,5,14288.0,16178.0
Mouse_Thymus3,27_36,5,8888.0,14278.0
Mouse_Thymus3,98_46,5,15988.0,15278.0
Mouse_Thymus3,101_28,2,16288.0,13478.0
Mouse_Thymus3,66_24,2,12788.0,13078.0
Mouse_Thymus3,54_16,4,11588.0,12278.0
Mouse_Thymus3,116_61,1,17788.0,16778.0
Mouse_Thymus3,86_15,2,14788.0,12178.0
Mouse_Thymus3,39_25,5,10088.0,13178.0
Mouse_Thymus3,95_49,1,15688.0,15578.0
Mouse_Thymus3,29_45,2,9088.0,15178.0
Mouse_Thymus3,108_46,1,16988.0,15278.0
Mouse_Thymus3,47_32,4,10888.0,13878.0
Mouse_Thymus3,89_5,5,15088.0,11178.0
Mouse_Thymus3,61_32,1,12288.0,13878.0
Mouse_Thymus3,17_45,1,7888.0,15178.0
Mouse_Thymus3,106_25,4,16788.0,13178.0
Mouse_Thymus3,42_33,1,10388.0,13978.0
Mouse_Thymus3,59_14,4,12088.0,12078.0
Mouse_Thymus3,68_35,4,12988.0,14178.0
Mouse_Thymus3,22_58,5,8388.0,16478.0
Mouse_Thymus3,79_17,2,14088.0,12378.0
Mouse_Thymus3,42_30,2,10388.0,13678.0
Mouse_Thymus3,79_52,4,14088.0,15878.0
Mouse_Thymus3,30_57,5,9188.0,16378.0
Mouse_Thymus3,31_45,2,9288.0,15178.0
Mouse_Thymus3,94_46,4,15588.0,15278.0
Mouse_Thymus3,99_45,4,16088.0,15178.0
Mouse_Thymus3,97_55,4,15888.0,16178.0
Mouse_Thymus3,76_53,4,13788.0,15978.0
Mouse_Thymus3,76_49,4,13788.0,15578.0
Mouse_Thymus3,85_15,2,14688.0,12178.0
Mouse_Thymus3,85_30,4,14688.0,13678.0
Mouse_Thymus3,29_59,5,9088.0,16578.0
Mouse_Thymus3,21_43,5,8288.0,14978.0
Mouse_Thymus3,67_39,1,12888.0,14578.0
Mouse_Thymus3,33_56,5,9488.0,16278.0
Mouse_Thymus3,84_49,5,14588.0,15578.0
Mouse_Thymus3,35_31,1,9688.0,13778.0
Mouse_Thymus3,46_35,1,10788.0,14178.0
Mouse_Thymus3,71_51,5,13288.0,15778.0
Mouse_Thymus3,38_30,1,9988.0,13678.0
Mouse_Thymus3,64_29,5,12588.0,13578.0
Mouse_Thymus3,44_18,1,10588.0,12478.0
Mouse_Thymus3,53_20,1,11488.0,12678.0
Mouse_Thymus3,116_38,4,17788.0,14478.0
Mouse_Thymus3,21_57,5,8288.0,16378.0
Mouse_Thymus3,91_27,1,15288.0,13378.0
Mouse_Thymus3,33_37,1,9488.0,14378.0
Mouse_Thymus3,116_52,2,17788.0,15878.0
Mouse_Thymus3,40_36,1,10188.0,14278.0
Mouse_Thymus3,75_10,5,13688.0,11678.0
Mouse_Thymus3,87_36,4,14888.0,14278.0
Mouse_Thymus3,84_34,5,14588.0,14078.0
Mouse_Thymus3,62_5,7,12388.0,11178.0
Mouse_Thymus3,100_22,5,16188.0,12878.0
Mouse_Thymus3,76_8,5,13788.0,11478.0
Mouse_Thymus3,92_48,5,15388.0,15478.0
Mouse_Thymus3,98_53,5,15988.0,15978.0
Mouse_Thymus3,97_22,2,15888.0,12878.0
Mouse_Thymus3,99_37,2,16088.0,14378.0
Mouse_Thymus3,92_11,5,15388.0,11778.0
Mouse_Thymus3,37_54,5,9888.0,16078.0
Mouse_Thymus3,60_22,2,12188.0,12878.0
Mouse_Thymus3,118_47,5,17988.0,15378.0
Mouse_Thymus3,88_27,1,14988.0,13378.0
Mouse_Thymus3,106_49,5,16788.0,15578.0
Mouse_Thymus3,29_49,2,9088.0,15578.0
Mouse_Thymus3,123_59,5,18488.0,16578.0
Mouse_Thymus3,80_23,2,14188.0,12978.0
Mouse_Thymus3,112_50,1,17388.0,15678.0
Mouse_Thymus3,41_48,2,10288.0,15478.0
Mouse_Thymus3,85_58,4,14688.0,16478.0
Mouse_Thymus3,48_18,5,10988.0,12478.0
Mouse_Thymus3,28_39,4,8988.0,14578.0
Mouse_Thymus3,53_14,4,11488.0,12078.0
Mouse_Thymus3,32_42,4,9388.0,14878.0
Mouse_Thymus3,106_52,5,16788.0,15878.0
Mouse_Thymus3,33_30,1,9488.0,13678.0
Mouse_Thymus3,50_43,5,11188.0,14978.0
Mouse_Thymus3,65_38,4,12688.0,14478.0
Mouse_Thymus3,65_16,5,12688.0,12278.0
Mouse_Thymus3,68_32,4,12988.0,13878.0
Mouse_Thymus3,111_31,4,17288.0,13778.0
Mouse_Thymus3,13_48,2,7488.0,15478.0
Mouse_Thymus3,50_20,5,11188.0,12678.0
Mouse_Thymus3,105_44,2,16688.0,15078.0
Mouse_Thymus3,47_26,4,10888.0,13278.0
Mouse_Thymus3,40_19,5,10188.0,12578.0
Mouse_Thymus3,27_30,5,8888.0,13678.0
Mouse_Thymus3,58_17,2,11988.0,12378.0
Mouse_Thymus3,22_49,2,8388.0,15578.0
Mouse_Thymus3,93_15,5,15488.0,12178.0
Mouse_Thymus3,118_54,2,17988.0,16078.0
Mouse_Thymus3,98_17,5,15988.0,12378.0
Mouse_Thymus3,94_58,5,15588.0,16478.0
Mouse_Thymus3,42_44,2,10388.0,15078.0
Mouse_Thymus3,115_46,2,17688.0,15278.0
Mouse_Thymus3,37_46,2,9888.0,15278.0
Mouse_Thymus3,87_56,5,14888.0,16278.0
Mouse_Thymus3,47_18,4,10888.0,12478.0
Mouse_Thymus3,81_48,4,14288.0,15478.0
Mouse_Thymus3,59_42,5,12088.0,14878.0
Mouse_Thymus3,123_69,5,18488.0,17578.0
Mouse_Thymus3,83_29,2,14488.0,13578.0
Mouse_Thymus3,8_44,5,6988.0,15078.0
Mouse_Thymus3,110_32,5,17188.0,13878.0
Mouse_Thymus3,67_3,5,12888.0,10978.0
Mouse_Thymus3,87_2,4,14888.0,10878.0
Mouse_Thymus3,67_40,1,12888.0,14678.0
Mouse_Thymus3,27_57,5,8888.0,16378.0
Mouse_Thymus3,74_7,1,13588.0,11378.0
Mouse_Thymus3,92_34,1,15388.0,14078.0
Mouse_Thymus3,43_40,2,10488.0,14678.0
Mouse_Thymus3,102_54,5,16388.0,16078.0
Mouse_Thymus3,44_17,1,10588.0,12378.0
Mouse_Thymus3,20_39,5,8188.0,14578.0
Mouse_Thymus3,94_37,5,15588.0,14378.0
Mouse_Thymus3,38_55,5,9988.0,16178.0
Mouse_Thymus3,30_49,2,9188.0,15578.0
Mouse_Thymus3,98_14,5,15988.0,12078.0
Mouse_Thymus3,110_61,5,17188.0,16778.0
Mouse_Thymus3,109_51,5,17088.0,15778.0
Mouse_Thymus3,19_52,4,8088.0,15878.0
Mouse_Thymus3,89_35,5,15088.0,14178.0
Mouse_Thymus3,106_24,1,16788.0,13078.0
Mouse_Thymus3,95_13,4,15688.0,11978.0
Mouse_Thymus3,91_21,1,15288.0,12778.0
Mouse_Thymus3,44_51,5,10588.0,15778.0
Mouse_Thymus3,111_55,5,17288.0,16178.0
Mouse_Thymus3,104_38,2,16588.0,14478.0
Mouse_Thymus3,15_41,1,7688.0,14778.0
Mouse_Thymus3,61_7,1,12288.0,11378.0
Mouse_Thymus3,77_28,1,13888.0,13478.0
Mouse_Thymus3,83_45,1,14488.0,15178.0
Mouse_Thymus3,70_44,5,13188.0,15078.0
Mouse_Thymus3,83_0,2,14488.0,10678.0
Mouse_Thymus3,120_61,1,18188.0,16778.0
Mouse_Thymus3,92_17,5,15388.0,12378.0
Mouse_Thymus3,63_9,5,12488.0,11578.0
Mouse_Thymus3,81_40,4,14288.0,14678.0
Mouse_Thymus3,42_24,5,10388.0,13078.0
Mouse_Thymus3,45_32,5,10688.0,13878.0
Mouse_Thymus3,54_30,2,11588.0,13678.0
Mouse_Thymus3,82_38,1,14388.0,14478.0
Mouse_Thymus3,82_32,4,14388.0,13878.0
Mouse_Thymus3,123_61,5,18488.0,16778.0
Mouse_Thymus3,98_31,5,15988.0,13778.0
Mouse_Thymus3,91_6,5,15288.0,11278.0
Mouse_Thymus3,80_32,5,14188.0,13878.0
Mouse_Thymus3,54_14,5,11588.0,12078.0
Mouse_Thymus3,55_20,4,11688.0,12678.0
Mouse_Thymus3,30_46,2,9188.0,15278.0
Mouse_Thymus3,76_29,2,13788.0,13578.0
Mouse_Thymus3,71_45,4,13288.0,15178.0
Mouse_Thymus3,59_41,5,12088.0,14778.0
Mouse_Thymus3,110_34,5,17188.0,14078.0
Mouse_Thymus3,24_41,1,8588.0,14778.0
Mouse_Thymus3,94_24,2,15588.0,13078.0
Mouse_Thymus3,48_43,5,10988.0,14978.0
Mouse_Thymus3,74_46,5,13588.0,15278.0
Mouse_Thymus3,108_40,2,16988.0,14678.0
Mouse_Thymus3,97_31,4,15888.0,13778.0
Mouse_Thymus3,41_39,1,10288.0,14578.0
Mouse_Thymus3,88_21,2,14988.0,12778.0
Mouse_Thymus3,99_35,1,16088.0,14178.0
Mouse_Thymus3,81_54,5,14288.0,16078.0
Mouse_Thymus3,30_42,1,9188.0,14878.0
Mouse_Thymus3,82_36,5,14388.0,14278.0
Mouse_Thymus3,110_48,2,17188.0,15478.0
Mouse_Thymus3,56_37,2,11788.0,14378.0
Mouse_Thymus3,54_35,2,11588.0,14178.0
Mouse_Thymus3,100_51,4,16188.0,15778.0
Mouse_Thymus3,8_52,5,6988.0,15878.0
Mouse_Thymus3,94_22,2,15588.0,12878.0
Mouse_Thymus3,30_41,1,9188.0,14778.0
Mouse_Thymus3,39_22,5,10088.0,12878.0
Mouse_Thymus3,55_38,2,11688.0,14478.0
Mouse_Thymus3,96_32,5,15788.0,13878.0
Mouse_Thymus3,122_52,5,18388.0,15878.0
Mouse_Thymus3,49_20,1,11088.0,12678.0
Mouse_Thymus3,18_48,2,7988.0,15478.0
Mouse_Thymus3,107_47,4,16888.0,15378.0
Mouse_Thymus3,47_23,5,10888.0,12978.0
Mouse_Thymus3,83_20,2,14488.0,12678.0
Mouse_Thymus3,55_42,5,11688.0,14878.0
Mouse_Thymus3,98_29,2,15988.0,13578.0
Mouse_Thymus3,101_54,5,16288.0,16078.0
Mouse_Thymus3,75_13,5,13688.0,11978.0
Mouse_Thymus3,117_40,1,17888.0,14678.0
Mouse_Thymus3,72_11,5,13388.0,11778.0
Mouse_Thymus3,10_54,1,7188.0,16078.0
Mouse_Thymus3,110_50,5,17188.0,15678.0
Mouse_Thymus3,83_52,5,14488.0,15878.0
Mouse_Thymus3,37_20,7,9888.0,12678.0
Mouse_Thymus3,54_27,2,11588.0,13378.0
Mouse_Thymus3,43_36,5,10488.0,14278.0
Mouse_Thymus3,80_27,1,14188.0,13378.0
Mouse_Thymus3,91_22,2,15288.0,12878.0
Mouse_Thymus3,92_39,5,15388.0,14578.0
Mouse_Thymus3,91_13,5,15288.0,11978.0
Mouse_Thymus3,107_59,4,16888.0,16578.0
Mouse_Thymus3,89_25,2,15088.0,13178.0
Mouse_Thymus3,65_31,1,12688.0,13778.0
Mouse_Thymus3,114_38,5,17588.0,14478.0
Mouse_Thymus3,97_18,5,15888.0,12478.0
Mouse_Thymus3,89_41,5,15088.0,14778.0
Mouse_Thymus3,25_34,1,8688.0,14078.0
Mouse_Thymus3,76_33,2,13788.0,13978.0
Mouse_Thymus3,101_35,2,16288.0,14178.0
Mouse_Thymus3,29_54,5,9088.0,16078.0
Mouse_Thymus3,20_49,2,8188.0,15578.0
Mouse_Thymus3,86_38,4,14788.0,14478.0
Mouse_Thymus3,113_57,5,17488.0,16378.0
Mouse_Thymus3,4_49,2,6588.0,15578.0
Mouse_Thymus3,31_32,1,9288.0,13878.0
Mouse_Thymus3,116_49,2,17788.0,15578.0
Mouse_Thymus3,23_53,5,8488.0,15978.0
Mouse_Thymus3,96_54,5,15788.0,16078.0
Mouse_Thymus3,79_21,2,14088.0,12778.0
Mouse_Thymus3,89_40,1,15088.0,14678.0
Mouse_Thymus3,99_50,4,16088.0,15678.0
Mouse_Thymus3,23_41,5,8488.0,14778.0
Mouse_Thymus3,10_43,5,7188.0,14978.0
Mouse_Thymus3,92_10,5,15388.0,11678.0
Mouse_Thymus3,34_44,2,9588.0,15078.0
Mouse_Thymus3,55_35,2,11688.0,14178.0
Mouse_Thymus3,65_49,5,12688.0,15578.0
Mouse_Thymus3,90_44,5,15188.0,15078.0
Mouse_Thymus3,91_46,4,15288.0,15278.0
Mouse_Thymus3,93_62,4,15488.0,16878.0
Mouse_Thymus3,81_46,1,14288.0,15278.0
Mouse_Thymus3,57_42,5,11888.0,14878.0
Mouse_Thymus3,69_7,5,13088.0,11378.0
Mouse_Thymus3,68_4,5,12988.0,11078.0
Mouse_Thymus3,81_33,5,14288.0,13978.0
Mouse_Thymus3,84_3,5,14588.0,10978.0
Mouse_Thymus3,50_22,2,11188.0,12878.0
Mouse_Thymus3,49_31,1,11088.0,13778.0
Mouse_Thymus3,58_11,5,11988.0,11778.0
Mouse_Thymus3,95_56,5,15688.0,16278.0
Mouse_Thymus3,39_47,2,10088.0,15378.0
Mouse_Thymus3,90_40,5,15188.0,14678.0
Mouse_Thymus3,65_12,4,12688.0,11878.0
Mouse_Thymus3,83_25,5,14488.0,13178.0
Mouse_Thymus3,76_43,2,13788.0,14978.0
Mouse_Thymus3,112_54,5,17388.0,16078.0
Mouse_Thymus3,12_41,4,7388.0,14778.0
Mouse_Thymus3,84_50,5,14588.0,15678.0
Mouse_Thymus3,98_62,5,15988.0,16878.0
Mouse_Thymus3,49_45,5,11088.0,15178.0
Mouse_Thymus3,41_35,5,10288.0,14178.0
Mouse_Thymus3,32_32,1,9388.0,13878.0
Mouse_Thymus3,103_35,2,16488.0,14178.0
Mouse_Thymus3,33_26,5,9488.0,13278.0
Mouse_Thymus3,87_35,5,14888.0,14178.0
Mouse_Thymus3,17_41,5,7888.0,14778.0
Mouse_Thymus3,30_30,5,9188.0,13678.0
Mouse_Thymus3,99_36,2,16088.0,14278.0
Mouse_Thymus3,119_57,2,18088.0,16378.0
Mouse_Thymus3,59_20,5,12088.0,12678.0
Mouse_Thymus3,90_55,5,15188.0,16178.0
Mouse_Thymus3,40_35,5,10188.0,14178.0
Mouse_Thymus3,80_18,2,14188.0,12478.0
Mouse_Thymus3,69_26,2,13088.0,13278.0
Mouse_Thymus3,89_18,2,15088.0,12478.0
Mouse_Thymus3,95_32,4,15688.0,13878.0
Mouse_Thymus3,109_30,5,17088.0,13678.0
Mouse_Thymus3,27_47,2,8888.0,15378.0
Mouse_Thymus3,98_32,1,15988.0,13878.0
Mouse_Thymus3,97_58,5,15888.0,16478.0
Mouse_Thymus3,56_36,2,11788.0,14278.0
Mouse_Thymus3,92_36,4,15388.0,14278.0
Mouse_Thymus3,87_59,4,14888.0,16578.0
Mouse_Thymus3,79_22,2,14088.0,12878.0
Mouse_Thymus3,63_27,4,12488.0,13378.0
Mouse_Thymus3,99_27,2,16088.0,13378.0
Mouse_Thymus3,2_51,4,6388.0,15778.0
Mouse_Thymus3,105_30,4,16688.0,13678.0
Mouse_Thymus3,101_49,5,16288.0,15578.0
Mouse_Thymus3,34_34,1,9588.0,14078.0
Mouse_Thymus3,50_14,4,11188.0,12078.0
Mouse_Thymus3,16_53,5,7788.0,15978.0
Mouse_Thymus3,24_45,2,8588.0,15178.0
Mouse_Thymus3,47_43,1,10888.0,14978.0
Mouse_Thymus3,113_64,5,17488.0,17078.0
Mouse_Thymus3,39_42,2,10088.0,14878.0
Mouse_Thymus3,24_55,5,8588.0,16178.0
Mouse_Thymus3,3_49,2,6488.0,15578.0
Mouse_Thymus3,37_26,5,9888.0,13278.0
Mouse_Thymus3,74_19,1,13588.0,12578.0
Mouse_Thymus3,20_55,5,8188.0,16178.0
Mouse_Thymus3,112_65,7,17388.0,17178.0
Mouse_Thymus3,16_44,5,7788.0,15078.0
Mouse_Thymus3,56_46,1,11788.0,15278.0
Mouse_Thymus3,95_37,2,15688.0,14378.0
Mouse_Thymus3,122_51,4,18388.0,15778.0
Mouse_Thymus3,51_27,2,11288.0,13378.0
Mouse_Thymus3,18_55,5,7988.0,16178.0
Mouse_Thymus3,97_48,4,15888.0,15478.0
Mouse_Thymus3,73_15,1,13488.0,12178.0
Mouse_Thymus3,71_9,5,13288.0,11578.0
Mouse_Thymus3,76_26,2,13788.0,13278.0
Mouse_Thymus3,33_60,7,9488.0,16678.0
Mouse_Thymus3,118_43,5,17988.0,14978.0
Mouse_Thymus3,55_36,2,11688.0,14278.0
Mouse_Thymus3,11_46,2,7288.0,15278.0
Mouse_Thymus3,26_41,5,8788.0,14778.0
Mouse_Thymus3,86_60,7,14788.0,16678.0
Mouse_Thymus3,43_53,5,10488.0,15978.0
Mouse_Thymus3,66_23,2,12788.0,12978.0
Mouse_Thymus3,79_2,5,14088.0,10878.0
Mouse_Thymus3,34_27,1,9588.0,13378.0
Mouse_Thymus3,58_44,1,11988.0,15078.0
Mouse_Thymus3,111_32,4,17288.0,13878.0
Mouse_Thymus3,80_34,1,14188.0,14078.0
Mouse_Thymus3,5_48,4,6688.0,15478.0
Mouse_Thymus3,96_63,4,15788.0,16978.0
Mouse_Thymus3,76_15,1,13788.0,12178.0
Mouse_Thymus3,91_4,4,15288.0,11078.0
Mouse_Thymus3,72_6,5,13388.0,11278.0
Mouse_Thymus3,118_42,5,17988.0,14878.0
Mouse_Thymus3,94_21,2,15588.0,12778.0
Mouse_Thymus3,122_68,5,18388.0,17478.0
Mouse_Thymus3,63_44,5,12488.0,15078.0
Mouse_Thymus3,63_25,1,12488.0,13178.0
Mouse_Thymus3,109_32,5,17088.0,13878.0
Mouse_Thymus3,91_20,4,15288.0,12678.0
Mouse_Thymus3,59_39,5,12088.0,14578.0
Mouse_Thymus3,111_64,5,17288.0,17078.0
Mouse_Thymus3,111_49,1,17288.0,15578.0
Mouse_Thymus3,112_36,5,17388.0,14278.0
Mouse_Thymus3,56_45,1,11788.0,15178.0
Mouse_Thymus3,59_22,2,12088.0,12878.0
Mouse_Thymus3,76_5,5,13788.0,11178.0
Mouse_Thymus3,33_51,5,9488.0,15778.0
Mouse_Thymus3,104_55,5,16588.0,16178.0
Mouse_Thymus3,82_5,5,14388.0,11178.0
Mouse_Thymus3,95_30,5,15688.0,13678.0
Mouse_Thymus3,70_27,2,13188.0,13378.0
Mouse_Thymus3,16_50,2,7788.0,15678.0
Mouse_Thymus3,86_47,4,14788.0,15378.0
Mouse_Thymus3,93_60,5,15488.0,16678.0
Mouse_Thymus3,91_23,2,15288.0,12978.0
Mouse_Thymus3,40_34,5,10188.0,14078.0
Mouse_Thymus3,85_46,5,14688.0,15278.0
Mouse_Thymus3,69_23,2,13088.0,12978.0
Mouse_Thymus3,20_47,2,8188.0,15378.0
Mouse_Thymus3,35_25,5,9688.0,13178.0
Mouse_Thymus3,44_48,5,10588.0,15478.0
Mouse_Thymus3,23_38,4,8488.0,14478.0
Mouse_Thymus3,51_29,1,11288.0,13578.0
Mouse_Thymus3,124_58,7,18588.0,16478.0
Mouse_Thymus3,68_14,4,12988.0,12078.0
Mouse_Thymus3,94_27,2,15588.0,13378.0
Mouse_Thymus3,110_40,2,17188.0,14678.0
Mouse_Thymus3,112_35,5,17388.0,14178.0
Mouse_Thymus3,62_12,5,12388.0,11878.0
Mouse_Thymus3,62_39,5,12388.0,14578.0
Mouse_Thymus3,38_49,2,9988.0,15578.0
Mouse_Thymus3,77_18,2,13888.0,12478.0
Mouse_Thymus3,44_27,1,10588.0,13378.0
Mouse_Thymus3,85_16,2,14688.0,12278.0
Mouse_Thymus3,71_2,5,13288.0,10878.0
Mouse_Thymus3,45_29,2,10688.0,13578.0
Mouse_Thymus3,50_21,1,11188.0,12778.0
Mouse_Thymus3,31_36,5,9288.0,14278.0
Mouse_Thymus3,55_33,1,11688.0,13978.0
Mouse_Thymus3,22_46,1,8388.0,15278.0
Mouse_Thymus3,86_17,2,14788.0,12378.0
Mouse_Thymus3,15_47,2,7688.0,15378.0
Mouse_Thymus3,89_20,2,15088.0,12678.0
Mouse_Thymus3,98_27,2,15988.0,13378.0
Mouse_Thymus3,20_48,2,8188.0,15478.0
Mouse_Thymus3,62_29,1,12388.0,13578.0
Mouse_Thymus3,35_44,2,9688.0,15078.0
Mouse_Thymus3,119_45,5,18088.0,15178.0
Mouse_Thymus3,58_39,5,11988.0,14578.0
Mouse_Thymus3,71_23,2,13288.0,12978.0
Mouse_Thymus3,81_34,5,14288.0,14078.0
Mouse_Thymus3,113_48,1,17488.0,15478.0
Mouse_Thymus3,106_33,5,16788.0,13978.0
Mouse_Thymus3,112_48,1,17388.0,15478.0
Mouse_Thymus3,89_54,4,15088.0,16078.0
Mouse_Thymus3,72_34,2,13388.0,14078.0
Mouse_Thymus3,35_38,5,9688.0,14478.0
Mouse_Thymus3,21_39,5,8288.0,14578.0
Mouse_Thymus3,37_21,5,9888.0,12778.0
Mouse_Thymus3,56_17,5,11788.0,12378.0
Mouse_Thymus3,71_37,2,13288.0,14378.0
Mouse_Thymus3,76_0,2,13788.0,10678.0
Mouse_Thymus3,77_0,7,13888.0,10678.0
Mouse_Thymus3,15_58,1,7688.0,16478.0
Mouse_Thymus3,94_8,5,15588.0,11478.0
Mouse_Thymus3,75_11,5,13688.0,11778.0
Mouse_Thymus3,56_41,5,11788.0,14778.0
Mouse_Thymus3,73_7,5,13488.0,11378.0
Mouse_Thymus3,90_47,5,15188.0,15378.0
Mouse_Thymus3,103_50,5,16488.0,15678.0
Mouse_Thymus3,27_55,1,8888.0,16178.0
Mouse_Thymus3,22_54,5,8388.0,16078.0
Mouse_Thymus3,79_53,1,14088.0,15978.0
Mouse_Thymus3,14_53,4,7588.0,15978.0
Mouse_Thymus3,103_57,4,16488.0,16378.0
Mouse_Thymus3,72_0,5,13388.0,10678.0
Mouse_Thymus3,78_49,4,13988.0,15578.0
Mouse_Thymus3,47_27,2,10888.0,13378.0
Mouse_Thymus3,85_29,4,14688.0,13578.0
Mouse_Thymus3,30_28,5,9188.0,13478.0
Mouse_Thymus3,74_41,2,13588.0,14778.0
Mouse_Thymus3,98_21,5,15988.0,12778.0
Mouse_Thymus3,102_29,5,16388.0,13578.0
Mouse_Thymus3,56_30,2,11788.0,13678.0
Mouse_Thymus3,63_18,1,12488.0,12478.0
Mouse_Thymus3,35_45,2,9688.0,15178.0
Mouse_Thymus3,90_50,5,15188.0,15678.0
Mouse_Thymus3,106_53,5,16788.0,15978.0
Mouse_Thymus3,104_45,2,16588.0,15178.0
Mouse_Thymus3,73_8,1,13488.0,11478.0
Mouse_Thymus3,76_9,5,13788.0,11578.0
Mouse_Thymus3,93_14,5,15488.0,12078.0
Mouse_Thymus3,36_53,5,9788.0,15978.0
Mouse_Thymus3,23_45,2,8488.0,15178.0
Mouse_Thymus3,93_23,2,15488.0,12978.0
Mouse_Thymus3,105_35,2,16688.0,14178.0
Mouse_Thymus3,110_44,2,17188.0,15078.0
Mouse_Thymus3,33_44,2,9488.0,15078.0
Mouse_Thymus3,68_5,5,12988.0,11178.0
Mouse_Thymus3,86_23,2,14788.0,12978.0
Mouse_Thymus3,65_18,4,12688.0,12478.0
Mouse_Thymus3,96_27,2,15788.0,13378.0
Mouse_Thymus3,5_53,1,6688.0,15978.0
Mouse_Thymus3,110_49,1,17188.0,15578.0
Mouse_Thymus3,119_56,2,18088.0,16278.0
Mouse_Thymus3,115_45,1,17688.0,15178.0
Mouse_Thymus3,89_26,1,15088.0,13278.0
Mouse_Thymus3,101_53,5,16288.0,15978.0
Mouse_Thymus3,39_35,1,10088.0,14178.0
Mouse_Thymus3,63_28,1,12488.0,13478.0
Mouse_Thymus3,100_39,2,16188.0,14578.0
Mouse_Thymus3,9_49,4,7088.0,15578.0
Mouse_Thymus3,55_27,2,11688.0,13378.0
Mouse_Thymus3,85_31,5,14688.0,13778.0
Mouse_Thymus3,75_29,2,13688.0,13578.0
Mouse_Thymus3,98_16,5,15988.0,12278.0
Mouse_Thymus3,81_21,2,14288.0,12778.0
Mouse_Thymus3,102_27,1,16388.0,13378.0
Mouse_Thymus3,39_39,1,10088.0,14578.0
Mouse_Thymus3,23_58,5,8488.0,16478.0
Mouse_Thymus3,24_49,2,8588.0,15578.0
Mouse_Thymus3,27_39,5,8888.0,14578.0
Mouse_Thymus3,96_48,4,15788.0,15478.0
Mouse_Thymus3,93_22,2,15488.0,12878.0
Mouse_Thymus3,73_31,2,13488.0,13778.0
Mouse_Thymus3,87_44,5,14888.0,15078.0
Mouse_Thymus3,38_40,5,9988.0,14678.0
Mouse_Thymus3,77_34,4,13888.0,14078.0
Mouse_Thymus3,98_55,5,15988.0,16178.0
Mouse_Thymus3,37_50,1,9888.0,15678.0
Mouse_Thymus3,104_57,5,16588.0,16378.0
Mouse_Thymus3,29_52,1,9088.0,15878.0
Mouse_Thymus3,61_40,4,12288.0,14678.0
Mouse_Thymus3,78_2,5,13988.0,10878.0
Mouse_Thymus3,89_62,7,15088.0,16878.0
Mouse_Thymus3,63_40,5,12488.0,14678.0
Mouse_Thymus3,82_48,5,14388.0,15478.0
Mouse_Thymus3,82_45,5,14388.0,15178.0
Mouse_Thymus3,112_57,5,17388.0,16378.0
Mouse_Thymus3,99_23,5,16088.0,12978.0
Mouse_Thymus3,46_18,5,10788.0,12478.0
Mouse_Thymus3,25_45,2,8688.0,15178.0
Mouse_Thymus3,51_15,5,11288.0,12178.0
Mouse_Thymus3,36_33,1,9788.0,13978.0
Mouse_Thymus3,10_52,5,7188.0,15878.0
Mouse_Thymus3,26_35,4,8788.0,14178.0
Mouse_Thymus3,78_35,4,13988.0,14178.0
Mouse_Thymus3,85_51,4,14688.0,15778.0
Mouse_Thymus3,62_19,1,12388.0,12578.0
Mouse_Thymus3,69_32,4,13088.0,13878.0
Mouse_Thymus3,46_43,2,10788.0,14978.0
Mouse_Thymus3,76_25,2,13788.0,13178.0
Mouse_Thymus3,46_23,5,10788.0,12978.0
Mouse_Thymus3,43_27,5,10488.0,13378.0
Mouse_Thymus3,81_38,5,14288.0,14478.0
Mouse_Thymus3,20_59,4,8188.0,16578.0
Mouse_Thymus3,102_34,2,16388.0,14078.0
Mouse_Thymus3,71_29,2,13288.0,13578.0
Mouse_Thymus3,115_41,5,17688.0,14778.0
Mouse_Thymus3,49_19,4,11088.0,12578.0
Mouse_Thymus3,32_29,4,9388.0,13578.0
Mouse_Thymus3,74_29,2,13588.0,13578.0
Mouse_Thymus3,4_44,7,6588.0,15078.0
Mouse_Thymus3,114_50,4,17588.0,15678.0
Mouse_Thymus3,75_40,2,13688.0,14678.0
Mouse_Thymus3,11_43,7,7288.0,14978.0
Mouse_Thymus3,78_39,2,13988.0,14578.0
Mouse_Thymus3,61_28,4,12288.0,13478.0
Mouse_Thymus3,55_18,5,11688.0,12478.0
Mouse_Thymus3,53_45,4,11488.0,15178.0
Mouse_Thymus3,108_33,5,16988.0,13978.0
Mouse_Thymus3,23_39,5,8488.0,14578.0
Mouse_Thymus3,53_26,1,11488.0,13278.0
Mouse_Thymus3,36_29,1,9788.0,13578.0
Mouse_Thymus3,70_14,5,13188.0,12078.0
Mouse_Thymus3,61_29,1,12288.0,13578.0
Mouse_Thymus3,86_58,4,14788.0,16478.0
Mouse_Thymus3,38_53,5,9988.0,15978.0
Mouse_Thymus3,78_10,5,13988.0,11678.0
Mouse_Thymus3,32_60,1,9388.0,16678.0
Mouse_Thymus3,33_47,2,9488.0,15378.0
Mouse_Thymus3,67_1,5,12888.0,10778.0
Mouse_Thymus3,124_72,7,18588.0,17878.0
Mouse_Thymus3,3_46,1,6488.0,15278.0
Mouse_Thymus3,23_54,1,8488.0,16078.0
Mouse_Thymus3,83_1,4,14488.0,10778.0
Mouse_Thymus3,124_59,4,18588.0,16578.0
Mouse_Thymus3,94_13,5,15588.0,11978.0
Mouse_Thymus3,81_53,4,14288.0,15978.0
Mouse_Thymus3,107_56,5,16888.0,16278.0
Mouse_Thymus3,114_62,5,17588.0,16878.0
Mouse_Thymus3,12_47,2,7388.0,15378.0
Mouse_Thymus3,54_17,5,11588.0,12378.0
Mouse_Thymus3,59_43,1,12088.0,14978.0
Mouse_Thymus3,91_42,4,15288.0,14878.0
Mouse_Thymus3,87_32,4,14888.0,13878.0
Mouse_Thymus3,118_48,5,17988.0,15478.0
Mouse_Thymus3,87_21,2,14888.0,12778.0
Mouse_Thymus3,55_14,5,11688.0,12078.0
Mouse_Thymus3,46_45,5,10788.0,15178.0
Mouse_Thymus3,32_34,5,9388.0,14078.0
Mouse_Thymus3,10_45,5,7188.0,15178.0
Mouse_Thymus3,108_28,5,16988.0,13478.0
Mouse_Thymus3,7_50,1,6888.0,15678.0
Mouse_Thymus3,101_26,2,16288.0,13278.0
Mouse_Thymus3,67_8,4,12888.0,11478.0
Mouse_Thymus3,88_57,5,14988.0,16378.0
Mouse_Thymus3,121_58,1,18288.0,16478.0
Mouse_Thymus3,76_2,4,13788.0,10878.0
Mouse_Thymus3,55_40,5,11688.0,14678.0
Mouse_Thymus3,80_51,4,14188.0,15778.0
Mouse_Thymus3,98_40,2,15988.0,14678.0
Mouse_Thymus3,103_46,4,16488.0,15278.0
Mouse_Thymus3,97_40,4,15888.0,14678.0
Mouse_Thymus3,77_3,5,13888.0,10978.0
Mouse_Thymus3,19_50,2,8088.0,15678.0
Mouse_Thymus3,33_35,1,9488.0,14178.0
Mouse_Thymus3,106_55,4,16788.0,16178.0
Mouse_Thymus3,69_18,4,13088.0,12478.0
Mouse_Thymus3,98_48,5,15988.0,15478.0
Mouse_Thymus3,92_13,5,15388.0,11978.0
Mouse_Thymus3,11_47,2,7288.0,15378.0
Mouse_Thymus3,90_5,5,15188.0,11178.0
Mouse_Thymus3,87_20,2,14888.0,12678.0
Mouse_Thymus3,76_35,2,13788.0,14178.0
Mouse_Thymus3,86_43,5,14788.0,14978.0
Mouse_Thymus3,98_50,5,15988.0,15678.0
Mouse_Thymus3,107_27,4,16888.0,13378.0
Mouse_Thymus3,57_16,1,11888.0,12278.0
Mouse_Thymus3,55_39,5,11688.0,14578.0
Mouse_Thymus3,74_34,2,13588.0,14078.0
Mouse_Thymus3,65_26,2,12688.0,13278.0
Mouse_Thymus3,82_13,1,14388.0,11978.0
Mouse_Thymus3,10_42,7,7188.0,14878.0
Mouse_Thymus3,32_43,2,9388.0,14978.0
Mouse_Thymus3,58_10,4,11988.0,11678.0
Mouse_Thymus3,91_3,4,15288.0,10978.0
Mouse_Thymus3,76_47,1,13788.0,15378.0
Mouse_Thymus3,122_65,1,18388.0,17178.0
Mouse_Thymus3,35_57,5,9688.0,16378.0
Mouse_Thymus3,126_68,5,18788.0,17478.0
Mouse_Thymus3,44_34,5,10588.0,14078.0
Mouse_Thymus3,84_8,5,14588.0,11478.0
Mouse_Thymus3,40_31,2,10188.0,13778.0
Mouse_Thymus3,118_58,2,17988.0,16478.0
Mouse_Thymus3,95_26,2,15688.0,13278.0
Mouse_Thymus3,83_15,2,14488.0,12178.0
Mouse_Thymus3,123_72,1,18488.0,17878.0
Mouse_Thymus3,70_41,2,13188.0,14778.0
Mouse_Thymus3,41_37,1,10288.0,14378.0
Mouse_Thymus3,68_30,1,12988.0,13678.0
Mouse_Thymus3,111_53,5,17288.0,15978.0
Mouse_Thymus3,93_30,4,15488.0,13678.0
Mouse_Thymus3,75_30,2,13688.0,13678.0
Mouse_Thymus3,75_23,2,13688.0,12978.0
Mouse_Thymus3,69_35,4,13088.0,14178.0
Mouse_Thymus3,45_51,7,10688.0,15778.0
Mouse_Thymus3,77_9,5,13888.0,11578.0
Mouse_Thymus3,44_23,5,10588.0,12978.0
Mouse_Thymus3,40_47,2,10188.0,15378.0
Mouse_Thymus3,95_28,1,15688.0,13478.0
Mouse_Thymus3,93_26,2,15488.0,13278.0
Mouse_Thymus3,21_40,5,8288.0,14678.0
Mouse_Thymus3,32_53,1,9388.0,15978.0
Mouse_Thymus3,110_60,5,17188.0,16678.0
Mouse_Thymus3,62_41,4,12388.0,14778.0
Mouse_Thymus3,21_60,4,8288.0,16678.0
Mouse_Thymus3,76_19,2,13788.0,12578.0
Mouse_Thymus3,124_60,4,18588.0,16678.0
Mouse_Thymus3,58_21,5,11988.0,12778.0
Mouse_Thymus3,99_20,5,16088.0,12678.0
Mouse_Thymus3,72_15,1,13388.0,12178.0
Mouse_Thymus3,90_19,4,15188.0,12578.0
Mouse_Thymus3,115_48,2,17688.0,15478.0
Mouse_Thymus3,37_28,1,9888.0,13478.0
Mouse_Thymus3,73_14,1,13488.0,12078.0
Mouse_Thymus3,62_35,2,12388.0,14178.0
Mouse_Thymus3,80_8,5,14188.0,11478.0
Mouse_Thymus3,18_41,5,7988.0,14778.0
Mouse_Thymus3,60_35,2,12188.0,14178.0
Mouse_Thymus3,45_31,2,10688.0,13778.0
Mouse_Thymus3,58_27,2,11988.0,13378.0
Mouse_Thymus3,79_40,2,14088.0,14678.0
Mouse_Thymus3,41_22,5,10288.0,12878.0
Mouse_Thymus3,25_57,5,8688.0,16378.0
Mouse_Thymus3,123_65,1,18488.0,17178.0
Mouse_Thymus3,113_58,5,17488.0,16478.0
Mouse_Thymus3,80_35,5,14188.0,14178.0
Mouse_Thymus3,114_64,5,17588.0,17078.0
Mouse_Thymus3,37_53,5,9888.0,15978.0
Mouse_Thymus3,40_18,7,10188.0,12478.0
Mouse_Thymus3,11_50,2,7288.0,15678.0
Mouse_Thymus3,46_16,7,10788.0,12278.0
Mouse_Thymus3,93_11,4,15488.0,11778.0
Mouse_Thymus3,72_50,5,13388.0,15678.0
Mouse_Thymus3,82_37,5,14388.0,14378.0
Mouse_Thymus3,100_55,4,16188.0,16178.0
Mouse_Thymus3,77_50,5,13888.0,15678.0
Mouse_Thymus3,37_39,5,9888.0,14578.0
Mouse_Thymus3,36_58,7,9788.0,16478.0
Mouse_Thymus3,113_63,5,17488.0,16978.0
Mouse_Thymus3,26_43,1,8788.0,14978.0
Mouse_Thymus3,35_26,5,9688.0,13278.0
Mouse_Thymus3,59_36,2,12088.0,14278.0
Mouse_Thymus3,74_35,2,13588.0,14178.0
Mouse_Thymus3,106_44,2,16788.0,15078.0
Mouse_Thymus3,119_71,7,18088.0,17778.0
Mouse_Thymus3,80_22,2,14188.0,12878.0
Mouse_Thymus3,105_48,5,16688.0,15478.0
Mouse_Thymus3,110_63,4,17188.0,16978.0
Mouse_Thymus3,94_20,2,15588.0,12678.0
Mouse_Thymus3,97_46,4,15888.0,15278.0
Mouse_Thymus3,65_10,4,12688.0,11678.0
Mouse_Thymus3,76_7,5,13788.0,11378.0
Mouse_Thymus3,26_51,2,8788.0,15778.0
Mouse_Thymus3,97_23,2,15888.0,12978.0
Mouse_Thymus3,94_32,2,15588.0,13878.0
Mouse_Thymus3,87_1,7,14888.0,10778.0
Mouse_Thymus3,35_47,2,9688.0,15378.0
Mouse_Thymus3,85_25,1,14688.0,13178.0
Mouse_Thymus3,94_30,5,15588.0,13678.0
Mouse_Thymus3,7_53,4,6888.0,15978.0
Mouse_Thymus3,53_13,5,11488.0,11978.0
Mouse_Thymus3,111_41,2,17288.0,14778.0
Mouse_Thymus3,66_16,5,12788.0,12278.0
Mouse_Thymus3,71_26,2,13288.0,13278.0
Mouse_Thymus3,94_10,4,15588.0,11678.0
Mouse_Thymus3,40_49,2,10188.0,15578.0
Mouse_Thymus3,93_19,5,15488.0,12578.0
Mouse_Thymus3,62_48,5,12388.0,15478.0
Mouse_Thymus3,32_46,2,9388.0,15278.0
Mouse_Thymus3,81_24,2,14288.0,13078.0
Mouse_Thymus3,46_34,5,10788.0,14078.0
Mouse_Thymus3,0_50,4,6188.0,15678.0
Mouse_Thymus3,81_18,2,14288.0,12478.0
Mouse_Thymus3,104_43,5,16588.0,14978.0
Mouse_Thymus3,41_41,2,10288.0,14778.0
Mouse_Thymus3,71_17,5,13288.0,12378.0
Mouse_Thymus3,108_50,5,16988.0,15678.0
Mouse_Thymus3,63_16,1,12488.0,12278.0
Mouse_Thymus3,73_46,4,13488.0,15278.0
Mouse_Thymus3,16_49,2,7788.0,15578.0
Mouse_Thymus3,84_30,4,14588.0,13678.0
Mouse_Thymus3,39_37,1,10088.0,14378.0
Mouse_Thymus3,16_52,4,7788.0,15878.0
Mouse_Thymus3,64_21,2,12588.0,12778.0
Mouse_Thymus3,38_22,5,9988.0,12878.0
Mouse_Thymus3,101_39,2,16288.0,14578.0
Mouse_Thymus3,100_34,2,16188.0,14078.0
Mouse_Thymus3,38_33,1,9988.0,13978.0
Mouse_Thymus3,103_48,5,16488.0,15478.0
Mouse_Thymus3,2_49,1,6388.0,15578.0
Mouse_Thymus3,93_6,4,15488.0,11278.0
Mouse_Thymus3,22_39,5,8388.0,14578.0
Mouse_Thymus3,50_29,1,11188.0,13578.0
Mouse_Thymus3,52_17,5,11388.0,12378.0
Mouse_Thymus3,12_45,2,7388.0,15178.0
Mouse_Thymus3,44_32,1,10588.0,13878.0
Mouse_Thymus3,93_7,5,15488.0,11378.0
Mouse_Thymus3,48_30,1,10988.0,13678.0
Mouse_Thymus3,37_37,5,9888.0,14378.0
Mouse_Thymus3,97_53,5,15888.0,15978.0
Mouse_Thymus3,109_57,4,17088.0,16378.0
Mouse_Thymus3,96_8,7,15788.0,11478.0
Mouse_Thymus3,122_69,5,18388.0,17578.0
Mouse_Thymus3,41_21,5,10288.0,12778.0
Mouse_Thymus3,124_66,1,18588.0,17278.0
Mouse_Thymus3,91_19,4,15288.0,12578.0
Mouse_Thymus3,29_28,5,9088.0,13478.0
Mouse_Thymus3,104_39,2,16588.0,14578.0
Mouse_Thymus3,95_40,5,15688.0,14678.0
Mouse_Thymus3,102_36,2,16388.0,14278.0
Mouse_Thymus3,107_36,2,16888.0,14278.0
Mouse_Thymus3,18_52,4,7988.0,15878.0
Mouse_Thymus3,72_33,2,13388.0,13978.0
Mouse_Thymus3,67_23,2,12888.0,12978.0
Mouse_Thymus3,48_24,4,10988.0,13078.0
Mouse_Thymus3,69_43,4,13088.0,14978.0
Mouse_Thymus3,81_23,2,14288.0,12978.0
Mouse_Thymus3,41_20,5,10288.0,12678.0
Mouse_Thymus3,69_40,2,13088.0,14678.0
Mouse_Thymus3,90_57,5,15188.0,16378.0
Mouse_Thymus3,70_38,2,13188.0,14478.0
Mouse_Thymus3,24_43,5,8588.0,14978.0
Mouse_Thymus3,48_35,1,10988.0,14178.0
Mouse_Thymus3,73_18,4,13488.0,12478.0
Mouse_Thymus3,12_49,2,7388.0,15578.0
Mouse_Thymus3,71_32,2,13288.0,13878.0
Mouse_Thymus3,117_56,4,17888.0,16278.0
Mouse_Thymus3,63_7,5,12488.0,11378.0
Mouse_Thymus3,91_49,5,15288.0,15578.0
Mouse_Thymus3,95_36,2,15688.0,14278.0
Mouse_Thymus3,72_48,4,13388.0,15478.0
Mouse_Thymus3,87_42,5,14888.0,14878.0
Mouse_Thymus3,29_27,5,9088.0,13378.0
Mouse_Thymus3,32_36,5,9388.0,14278.0
Mouse_Thymus3,3_47,5,6488.0,15378.0
Mouse_Thymus3,95_34,2,15688.0,14078.0
Mouse_Thymus3,74_26,2,13588.0,13278.0
Mouse_Thymus3,31_37,5,9288.0,14378.0
Mouse_Thymus3,80_25,5,14188.0,13178.0
Mouse_Thymus3,73_13,1,13488.0,11978.0
Mouse_Thymus3,25_53,1,8688.0,15978.0
Mouse_Thymus3,116_57,2,17788.0,16378.0
Mouse_Thymus3,51_45,4,11288.0,15178.0
Mouse_Thymus3,43_50,1,10488.0,15678.0
Mouse_Thymus3,123_58,5,18488.0,16478.0
Mouse_Thymus3,83_50,4,14488.0,15678.0
Mouse_Thymus3,82_50,4,14388.0,15678.0
Mouse_Thymus3,69_24,2,13088.0,13078.0
Mouse_Thymus3,106_45,2,16788.0,15178.0
Mouse_Thymus3,94_7,4,15588.0,11378.0
Mouse_Thymus3,81_10,5,14288.0,11678.0
Mouse_Thymus3,55_45,4,11688.0,15178.0
Mouse_Thymus3,100_14,4,16188.0,12078.0
Mouse_Thymus3,51_17,5,11288.0,12378.0
Mouse_Thymus3,52_45,4,11388.0,15178.0
Mouse_Thymus3,106_40,2,16788.0,14678.0
Mouse_Thymus3,40_39,1,10188.0,14578.0
Mouse_Thymus3,73_44,4,13488.0,15078.0
Mouse_Thymus3,106_28,5,16788.0,13478.0
Mouse_Thymus3,72_47,5,13388.0,15378.0
Mouse_Thymus3,34_53,5,9588.0,15978.0
Mouse_Thymus3,80_47,5,14188.0,15378.0
Mouse_Thymus3,65_24,2,12688.0,13078.0
Mouse_Thymus3,75_33,2,13688.0,13978.0
Mouse_Thymus3,89_60,4,15088.0,16678.0
Mouse_Thymus3,88_14,1,14988.0,12078.0
Mouse_Thymus3,73_50,4,13488.0,15678.0
Mouse_Thymus3,102_38,2,16388.0,14478.0
Mouse_Thymus3,79_11,5,14088.0,11778.0
Mouse_Thymus3,73_41,2,13488.0,14778.0
Mouse_Thymus3,43_20,4,10488.0,12678.0
Mouse_Thymus3,96_38,2,15788.0,14478.0
Mouse_Thymus3,92_27,4,15388.0,13378.0
Mouse_Thymus3,32_47,2,9388.0,15378.0
Mouse_Thymus3,41_53,5,10288.0,15978.0
Mouse_Thymus3,33_28,1,9488.0,13478.0
Mouse_Thymus3,87_24,2,14888.0,13078.0
Mouse_Thymus3,73_21,2,13488.0,12778.0
Mouse_Thymus3,92_46,4,15388.0,15278.0
Mouse_Thymus3,62_31,1,12388.0,13778.0
Mouse_Thymus3,112_37,5,17388.0,14378.0
Mouse_Thymus3,62_28,5,12388.0,13478.0
Mouse_Thymus3,113_38,5,17488.0,14478.0
Mouse_Thymus3,93_57,5,15488.0,16378.0
Mouse_Thymus3,72_36,2,13388.0,14278.0
Mouse_Thymus3,102_48,1,16388.0,15478.0
Mouse_Thymus3,42_53,5,10388.0,15978.0
Mouse_Thymus3,39_32,2,10088.0,13878.0
Mouse_Thymus3,72_19,1,13388.0,12578.0
Mouse_Thymus3,70_24,2,13188.0,13078.0
Mouse_Thymus3,35_43,2,9688.0,14978.0
Mouse_Thymus3,79_49,5,14088.0,15578.0
Mouse_Thymus3,50_35,1,11188.0,14178.0
Mouse_Thymus3,79_29,1,14088.0,13578.0
Mouse_Thymus3,99_42,4,16088.0,14878.0
Mouse_Thymus3,92_62,4,15388.0,16878.0
Mouse_Thymus3,70_40,2,13188.0,14678.0
Mouse_Thymus3,118_66,5,17988.0,17278.0
Mouse_Thymus3,100_27,2,16188.0,13378.0
Mouse_Thymus3,94_19,1,15588.0,12578.0
Mouse_Thymus3,76_51,1,13788.0,15778.0
Mouse_Thymus3,114_46,2,17588.0,15278.0
Mouse_Thymus3,15_48,2,7688.0,15478.0
Mouse_Thymus3,95_9,4,15688.0,11578.0
Mouse_Thymus3,13_55,5,7488.0,16178.0
Mouse_Thymus3,116_62,5,17788.0,16878.0
Mouse_Thymus3,95_39,5,15688.0,14578.0
Mouse_Thymus3,96_51,5,15788.0,15778.0
Mouse_Thymus3,62_15,4,12388.0,12178.0
Mouse_Thymus3,83_5,5,14488.0,11178.0
Mouse_Thymus3,27_50,2,8888.0,15678.0
Mouse_Thymus3,59_27,2,12088.0,13378.0
Mouse_Thymus3,23_51,2,8488.0,15778.0
Mouse_Thymus3,106_31,5,16788.0,13778.0
Mouse_Thymus3,118_44,5,17988.0,15078.0
Mouse_Thymus3,82_15,2,14388.0,12178.0
Mouse_Thymus3,119_51,5,18088.0,15778.0
Mouse_Thymus3,118_69,4,17988.0,17578.0
Mouse_Thymus3,114_44,1,17588.0,15078.0
Mouse_Thymus3,103_26,5,16488.0,13278.0
Mouse_Thymus3,32_59,4,9388.0,16578.0
Mouse_Thymus3,93_16,4,15488.0,12278.0
Mouse_Thymus3,43_48,1,10488.0,15478.0
Mouse_Thymus3,61_27,1,12288.0,13378.0
Mouse_Thymus3,74_38,2,13588.0,14478.0
Mouse_Thymus3,124_69,5,18588.0,17578.0
Mouse_Thymus3,85_49,4,14688.0,15578.0
Mouse_Thymus3,57_46,7,11888.0,15278.0
Mouse_Thymus3,49_32,4,11088.0,13878.0
Mouse_Thymus3,60_42,4,12188.0,14878.0
Mouse_Thymus3,69_38,2,13088.0,14478.0
Mouse_Thymus3,73_5,5,13488.0,11178.0
Mouse_Thymus3,100_53,5,16188.0,15978.0
Mouse_Thymus3,1_51,1,6288.0,15778.0
Mouse_Thymus3,58_42,4,11988.0,14878.0
Mouse_Thymus3,34_48,2,9588.0,15478.0
Mouse_Thymus3,63_48,7,12488.0,15478.0
Mouse_Thymus3,97_54,5,15888.0,16078.0
Mouse_Thymus3,51_22,1,11288.0,12878.0
Mouse_Thymus3,39_34,1,10088.0,14078.0
Mouse_Thymus3,86_18,2,14788.0,12478.0
Mouse_Thymus3,122_61,1,18388.0,16778.0
Mouse_Thymus3,92_14,5,15388.0,12078.0
Mouse_Thymus3,69_49,4,13088.0,15578.0
Mouse_Thymus3,65_45,5,12688.0,15178.0
Mouse_Thymus3,45_19,5,10688.0,12578.0
Mouse_Thymus3,34_32,5,9588.0,13878.0
Mouse_Thymus3,19_46,2,8088.0,15278.0
Mouse_Thymus3,18_47,2,7988.0,15378.0
Mouse_Thymus3,52_22,1,11388.0,12878.0
Mouse_Thymus3,63_6,5,12488.0,11278.0
Mouse_Thymus3,84_24,2,14588.0,13078.0
Mouse_Thymus3,82_23,2,14388.0,12978.0
Mouse_Thymus3,12_42,5,7388.0,14878.0
Mouse_Thymus3,122_59,5,18388.0,16578.0
Mouse_Thymus3,111_46,2,17288.0,15278.0
Mouse_Thymus3,47_24,5,10888.0,13078.0
Mouse_Thymus3,30_36,5,9188.0,14278.0
Mouse_Thymus3,9_55,4,7088.0,16178.0
Mouse_Thymus3,73_12,5,13488.0,11878.0
Mouse_Thymus3,29_34,5,9088.0,14078.0
Mouse_Thymus3,69_8,4,13088.0,11478.0
Mouse_Thymus3,70_39,2,13188.0,14578.0
Mouse_Thymus3,96_60,5,15788.0,16678.0
Mouse_Thymus3,75_34,2,13688.0,14078.0
Mouse_Thymus3,21_53,5,8288.0,15978.0
Mouse_Thymus3,104_29,5,16588.0,13578.0
Mouse_Thymus3,71_42,1,13288.0,14878.0
Mouse_Thymus3,93_24,2,15488.0,13078.0
Mouse_Thymus3,60_24,2,12188.0,13078.0
Mouse_Thymus3,108_37,2,16988.0,14378.0
Mouse_Thymus3,91_43,4,15288.0,14978.0
Mouse_Thymus3,24_48,2,8588.0,15478.0
Mouse_Thymus3,21_52,1,8288.0,15878.0
Mouse_Thymus3,62_44,5,12388.0,15078.0
Mouse_Thymus3,17_52,5,7888.0,15878.0
Mouse_Thymus3,101_58,5,16288.0,16478.0
Mouse_Thymus3,71_25,2,13288.0,13178.0
Mouse_Thymus3,82_46,5,14388.0,15278.0
Mouse_Thymus3,119_66,1,18088.0,17278.0
Mouse_Thymus3,86_28,2,14788.0,13478.0
Mouse_Thymus3,58_30,2,11988.0,13678.0
Mouse_Thymus3,116_47,2,17788.0,15378.0
Mouse_Thymus3,85_37,4,14688.0,14378.0
Mouse_Thymus3,100_60,5,16188.0,16678.0
Mouse_Thymus3,39_49,2,10088.0,15578.0
Mouse_Thymus3,9_44,5,7088.0,15078.0
Mouse_Thymus3,50_39,1,11188.0,14578.0
Mouse_Thymus3,73_52,5,13488.0,15878.0
Mouse_Thymus3,54_33,1,11588.0,13978.0
Mouse_Thymus3,72_31,2,13388.0,13778.0
Mouse_Thymus3,6_53,4,6788.0,15978.0
Mouse_Thymus3,40_52,1,10188.0,15878.0
Mouse_Thymus3,62_46,4,12388.0,15278.0
Mouse_Thymus3,82_24,5,14388.0,13078.0
Mouse_Thymus3,74_37,2,13588.0,14378.0
Mouse_Thymus3,84_41,5,14588.0,14778.0
Mouse_Thymus3,76_22,2,13788.0,12878.0
Mouse_Thymus3,76_34,2,13788.0,14078.0
Mouse_Thymus3,77_11,5,13888.0,11778.0
Mouse_Thymus3,54_22,1,11588.0,12878.0
Mouse_Thymus3,120_67,5,18188.0,17378.0
Mouse_Thymus3,49_28,1,11088.0,13478.0
Mouse_Thymus3,114_49,2,17588.0,15578.0
Mouse_Thymus3,97_38,2,15888.0,14478.0
Mouse_Thymus3,64_48,5,12588.0,15478.0
Mouse_Thymus3,60_45,5,12188.0,15178.0
Mouse_Thymus3,102_57,5,16388.0,16378.0
Mouse_Thymus3,42_35,1,10388.0,14178.0
Mouse_Thymus3,11_48,2,7288.0,15478.0
Mouse_Thymus3,78_43,2,13988.0,14978.0
Mouse_Thymus3,95_58,5,15688.0,16478.0
Mouse_Thymus3,34_35,1,9588.0,14178.0
Mouse_Thymus3,89_8,5,15088.0,11478.0
Mouse_Thymus3,109_55,4,17088.0,16178.0
Mouse_Thymus3,90_58,5,15188.0,16478.0
Mouse_Thymus3,95_23,2,15688.0,12978.0
Mouse_Thymus3,66_33,4,12788.0,13978.0
Mouse_Thymus3,25_35,5,8688.0,14178.0
Mouse_Thymus3,85_3,5,14688.0,10978.0
Mouse_Thymus3,53_25,1,11488.0,13178.0
Mouse_Thymus3,105_47,4,16688.0,15378.0
Mouse_Thymus3,45_35,5,10688.0,14178.0
Mouse_Thymus3,43_18,4,10488.0,12478.0
Mouse_Thymus3,84_20,2,14588.0,12678.0
Mouse_Thymus3,66_2,7,12788.0,10878.0
Mouse_Thymus3,65_39,5,12688.0,14578.0
Mouse_Thymus3,96_13,5,15788.0,11978.0
Mouse_Thymus3,63_17,4,12488.0,12378.0
Mouse_Thymus3,34_24,5,9588.0,13078.0
Mouse_Thymus3,96_9,4,15788.0,11578.0
Mouse_Thymus3,79_47,4,14088.0,15378.0
Mouse_Thymus3,107_54,5,16888.0,16078.0
Mouse_Thymus3,28_34,5,8988.0,14078.0
Mouse_Thymus3,95_6,4,15688.0,11278.0
Mouse_Thymus3,20_46,1,8188.0,15278.0
Mouse_Thymus3,106_57,5,16788.0,16378.0
Mouse_Thymus3,120_60,2,18188.0,16678.0
Mouse_Thymus3,124_68,5,18588.0,17478.0
Mouse_Thymus3,97_35,2,15888.0,14178.0
Mouse_Thymus3,115_47,2,17688.0,15378.0
Mouse_Thymus3,65_17,4,12688.0,12378.0
Mouse_Thymus3,68_34,4,12988.0,14078.0
Mouse_Thymus3,67_26,2,12888.0,13278.0
Mouse_Thymus3,68_44,5,12988.0,15078.0
Mouse_Thymus3,51_32,1,11288.0,13878.0
Mouse_Thymus3,88_53,4,14988.0,15978.0
Mouse_Thymus3,122_71,5,18388.0,17778.0
Mouse_Thymus3,29_31,5,9088.0,13778.0
Mouse_Thymus3,50_32,1,11188.0,13878.0
Mouse_Thymus3,81_29,1,14288.0,13578.0
Mouse_Thymus3,63_35,2,12488.0,14178.0
Mouse_Thymus3,82_22,2,14388.0,12878.0
Mouse_Thymus3,80_28,2,14188.0,13478.0
Mouse_Thymus3,90_9,5,15188.0,11578.0
Mouse_Thymus3,123_67,1,18488.0,17378.0
Mouse_Thymus3,81_2,5,14288.0,10878.0
Mouse_Thymus3,43_33,4,10488.0,13978.0
Mouse_Thymus3,41_33,1,10288.0,13978.0
Mouse_Thymus3,70_20,5,13188.0,12678.0
Mouse_Thymus3,80_48,1,14188.0,15478.0
Mouse_Thymus3,79_45,1,14088.0,15178.0
Mouse_Thymus3,43_19,5,10488.0,12578.0
Mouse_Thymus3,86_27,1,14788.0,13378.0
Mouse_Thymus3,73_10,5,13488.0,11678.0
Mouse_Thymus3,87_34,5,14888.0,14078.0
Mouse_Thymus3,22_53,5,8388.0,15978.0
Mouse_Thymus3,91_15,4,15288.0,12178.0
Mouse_Thymus3,106_27,5,16788.0,13378.0
Mouse_Thymus3,61_47,1,12288.0,15378.0
Mouse_Thymus3,61_25,2,12288.0,13178.0
Mouse_Thymus3,112_34,5,17388.0,14078.0
Mouse_Thymus3,70_29,2,13188.0,13578.0
Mouse_Thymus3,83_57,4,14488.0,16378.0
Mouse_Thymus3,56_22,2,11788.0,12878.0
Mouse_Thymus3,74_42,2,13588.0,14878.0
Mouse_Thymus3,73_1,5,13488.0,10778.0
Mouse_Thymus3,34_36,1,9588.0,14278.0
Mouse_Thymus3,86_29,5,14788.0,13578.0
Mouse_Thymus3,77_15,5,13888.0,12178.0
Mouse_Thymus3,103_25,5,16488.0,13178.0
Mouse_Thymus3,20_52,1,8188.0,15878.0
Mouse_Thymus3,122_54,5,18388.0,16078.0
Mouse_Thymus3,36_56,5,9788.0,16278.0
Mouse_Thymus3,35_56,5,9688.0,16278.0
Mouse_Thymus3,12_43,5,7388.0,14978.0
Mouse_Thymus3,55_28,2,11688.0,13478.0
Mouse_Thymus3,20_42,5,8188.0,14878.0
Mouse_Thymus3,46_30,2,10788.0,13678.0
Mouse_Thymus3,42_50,4,10388.0,15678.0
Mouse_Thymus3,94_34,2,15588.0,14078.0
Mouse_Thymus3,38_56,5,9988.0,16278.0
Mouse_Thymus3,48_28,2,10988.0,13478.0
Mouse_Thymus3,91_39,4,15288.0,14578.0
Mouse_Thymus3,60_41,5,12188.0,14778.0
Mouse_Thymus3,122_60,5,18388.0,16678.0
Mouse_Thymus3,101_21,5,16288.0,12778.0
Mouse_Thymus3,40_44,2,10188.0,15078.0
Mouse_Thymus3,74_17,5,13588.0,12378.0
Mouse_Thymus3,96_53,5,15788.0,15978.0
Mouse_Thymus3,88_20,2,14988.0,12678.0
Mouse_Thymus3,68_3,5,12988.0,10978.0
Mouse_Thymus3,101_20,4,16288.0,12678.0
Mouse_Thymus3,94_15,4,15588.0,12178.0
Mouse_Thymus3,48_39,2,10988.0,14578.0
Mouse_Thymus3,74_50,4,13588.0,15678.0
Mouse_Thymus3,10_48,2,7188.0,15478.0
Mouse_Thymus3,32_51,1,9388.0,15778.0
Mouse_Thymus3,33_53,5,9488.0,15978.0
Mouse_Thymus3,113_51,5,17488.0,15778.0
Mouse_Thymus3,43_42,2,10488.0,14878.0
Mouse_Thymus3,116_66,5,17788.0,17278.0
Mouse_Thymus3,63_23,5,12488.0,12978.0
Mouse_Thymus3,16_54,5,7788.0,16078.0
Mouse_Thymus3,75_45,2,13688.0,15178.0
Mouse_Thymus3,41_47,2,10288.0,15378.0
Mouse_Thymus3,88_10,5,14988.0,11678.0
Mouse_Thymus3,75_5,5,13688.0,11178.0
Mouse_Thymus3,97_10,4,15888.0,11678.0
Mouse_Thymus3,110_42,2,17188.0,14878.0
Mouse_Thymus3,100_19,5,16188.0,12578.0
Mouse_Thymus3,66_9,5,12788.0,11578.0
Mouse_Thymus3,103_37,2,16488.0,14378.0
Mouse_Thymus3,79_42,5,14088.0,14878.0
Mouse_Thymus3,89_3,4,15088.0,10978.0
Mouse_Thymus3,96_33,4,15788.0,13978.0
Mouse_Thymus3,82_53,5,14388.0,15978.0
Mouse_Thymus3,38_42,2,9988.0,14878.0
Mouse_Thymus3,104_30,5,16588.0,13678.0
Mouse_Thymus3,32_58,5,9388.0,16478.0
Mouse_Thymus3,109_59,4,17088.0,16578.0
Mouse_Thymus3,91_24,2,15288.0,13078.0
Mouse_Thymus3,90_46,5,15188.0,15278.0
Mouse_Thymus3,42_27,5,10388.0,13378.0
Mouse_Thymus3,86_22,2,14788.0,12878.0
Mouse_Thymus3,13_57,1,7488.0,16378.0
Mouse_Thymus3,75_53,4,13688.0,15978.0
Mouse_Thymus3,94_5,4,15588.0,11178.0
Mouse_Thymus3,82_41,5,14388.0,14778.0
Mouse_Thymus3,95_14,4,15688.0,12078.0
Mouse_Thymus3,36_27,5,9788.0,13378.0
Mouse_Thymus3,117_57,2,17888.0,16378.0
Mouse_Thymus3,111_60,5,17288.0,16678.0
Mouse_Thymus3,107_26,7,16888.0,13278.0
Mouse_Thymus3,59_16,4,12088.0,12278.0
Mouse_Thymus3,45_28,2,10688.0,13478.0
Mouse_Thymus3,32_40,1,9388.0,14678.0
Mouse_Thymus3,121_68,5,18288.0,17478.0
Mouse_Thymus3,105_55,5,16688.0,16178.0
Mouse_Thymus3,96_44,5,15788.0,15078.0
Mouse_Thymus3,30_37,5,9188.0,14378.0
Mouse_Thymus3,123_57,5,18488.0,16378.0
Mouse_Thymus3,9_52,5,7088.0,15878.0
Mouse_Thymus3,70_8,5,13188.0,11478.0
Mouse_Thymus3,75_28,2,13688.0,13478.0
Mouse_Thymus3,75_17,4,13688.0,12378.0
Mouse_Thymus3,39_24,7,10088.0,13078.0
Mouse_Thymus3,27_31,5,8888.0,13778.0
Mouse_Thymus3,97_34,2,15888.0,14078.0
Mouse_Thymus3,8_50,5,6988.0,15678.0
Mouse_Thymus3,71_8,1,13288.0,11478.0
Mouse_Thymus3,2_48,5,6388.0,15478.0
Mouse_Thymus3,92_58,1,15388.0,16478.0
Mouse_Thymus3,104_40,2,16588.0,14678.0
Mouse_Thymus3,79_30,1,14088.0,13678.0
Mouse_Thymus3,78_54,4,13988.0,16078.0
Mouse_Thymus3,56_24,2,11788.0,13078.0
Mouse_Thymus3,117_55,2,17888.0,16178.0
Mouse_Thymus3,71_48,4,13288.0,15478.0
Mouse_Thymus3,71_14,5,13288.0,12078.0
Mouse_Thymus3,105_43,1,16688.0,14978.0
Mouse_Thymus3,99_56,4,16088.0,16278.0
Mouse_Thymus3,42_52,5,10388.0,15878.0
Mouse_Thymus3,62_20,2,12388.0,12678.0
Mouse_Thymus3,123_64,1,18488.0,17078.0
Mouse_Thymus3,44_49,1,10588.0,15578.0
Mouse_Thymus3,34_23,7,9588.0,12978.0
Mouse_Thymus3,93_50,5,15488.0,15678.0
Mouse_Thymus3,114_54,1,17588.0,16078.0
Mouse_Thymus3,75_36,2,13688.0,14278.0
Mouse_Thymus3,120_64,5,18188.0,17078.0
Mouse_Thymus3,79_20,2,14088.0,12678.0
Mouse_Thymus3,62_9,5,12388.0,11578.0
Mouse_Thymus3,93_44,5,15488.0,15078.0
Mouse_Thymus3,60_20,1,12188.0,12678.0
Mouse_Thymus3,19_49,2,8088.0,15578.0
Mouse_Thymus3,42_19,5,10388.0,12578.0
Mouse_Thymus3,83_6,5,14488.0,11278.0
Mouse_Thymus3,28_49,2,8988.0,15578.0
Mouse_Thymus3,113_62,5,17488.0,16878.0
Mouse_Thymus3,25_60,4,8688.0,16678.0
Mouse_Thymus3,89_52,5,15088.0,15878.0
Mouse_Thymus3,76_48,5,13788.0,15478.0
Mouse_Thymus3,32_50,2,9388.0,15678.0
Mouse_Thymus3,90_34,5,15188.0,14078.0
Mouse_Thymus3,94_29,1,15588.0,13578.0
Mouse_Thymus3,84_32,5,14588.0,13878.0
Mouse_Thymus3,95_7,4,15688.0,11378.0
Mouse_Thymus3,82_28,2,14388.0,13478.0
Mouse_Thymus3,121_64,1,18288.0,17078.0
Mouse_Thymus3,98_45,4,15988.0,15178.0
Mouse_Thymus3,118_67,5,17988.0,17378.0
Mouse_Thymus3,86_49,4,14788.0,15578.0
Mouse_Thymus3,88_50,5,14988.0,15678.0
Mouse_Thymus3,70_22,2,13188.0,12878.0
Mouse_Thymus3,31_46,2,9288.0,15278.0
Mouse_Thymus3,98_38,2,15988.0,14478.0
Mouse_Thymus3,83_12,4,14488.0,11878.0
Mouse_Thymus3,85_44,5,14688.0,15078.0
Mouse_Thymus3,49_41,2,11088.0,14778.0
Mouse_Thymus3,32_54,5,9388.0,16078.0
Mouse_Thymus3,47_30,1,10888.0,13678.0
Mouse_Thymus3,64_49,7,12588.0,15578.0
Mouse_Thymus3,97_63,5,15888.0,16978.0
Mouse_Thymus3,90_6,5,15188.0,11278.0
Mouse_Thymus3,115_54,1,17688.0,16078.0
Mouse_Thymus3,78_27,1,13988.0,13378.0
Mouse_Thymus3,67_17,5,12888.0,12378.0
Mouse_Thymus3,122_62,5,18388.0,16878.0
Mouse_Thymus3,91_47,5,15288.0,15378.0
Mouse_Thymus3,112_47,1,17388.0,15378.0
Mouse_Thymus3,81_5,5,14288.0,11178.0
Mouse_Thymus3,115_66,5,17688.0,17278.0
Mouse_Thymus3,110_36,5,17188.0,14278.0
Mouse_Thymus3,107_28,5,16888.0,13478.0
Mouse_Thymus3,87_29,5,14888.0,13578.0
Mouse_Thymus3,36_47,2,9788.0,15378.0
Mouse_Thymus3,100_25,2,16188.0,13178.0
Mouse_Thymus3,73_0,5,13488.0,10678.0
Mouse_Thymus3,84_42,5,14588.0,14878.0
Mouse_Thymus3,104_21,7,16588.0,12778.0
Mouse_Thymus3,43_45,2,10488.0,15178.0
Mouse_Thymus3,17_56,5,7888.0,16278.0
Mouse_Thymus3,56_15,5,11788.0,12178.0
Mouse_Thymus3,30_27,5,9188.0,13378.0
Mouse_Thymus3,68_18,4,12988.0,12478.0
Mouse_Thymus3,44_38,5,10588.0,14478.0
Mouse_Thymus3,46_31,2,10788.0,13778.0
Mouse_Thymus3,52_24,4,11388.0,13078.0
Mouse_Thymus3,84_4,5,14588.0,11078.0
Mouse_Thymus3,75_25,2,13688.0,13178.0
Mouse_Thymus3,52_37,2,11388.0,14378.0
Mouse_Thymus3,86_41,4,14788.0,14778.0
Mouse_Thymus3,94_43,5,15588.0,14978.0
Mouse_Thymus3,81_44,5,14288.0,15078.0
Mouse_Thymus3,56_25,2,11788.0,13178.0
Mouse_Thymus3,70_13,1,13188.0,11978.0
Mouse_Thymus3,60_40,5,12188.0,14678.0
Mouse_Thymus3,33_39,5,9488.0,14578.0
Mouse_Thymus3,69_47,4,13088.0,15378.0
Mouse_Thymus3,115_57,2,17688.0,16378.0
Mouse_Thymus3,105_52,5,16688.0,15878.0
Mouse_Thymus3,95_16,5,15688.0,12278.0
Mouse_Thymus3,121_57,5,18288.0,16378.0
Mouse_Thymus3,77_39,2,13888.0,14578.0
Mouse_Thymus3,50_34,1,11188.0,14078.0
Mouse_Thymus3,72_28,2,13388.0,13478.0
Mouse_Thymus3,72_7,5,13388.0,11378.0
Mouse_Thymus3,96_61,4,15788.0,16778.0
Mouse_Thymus3,46_46,5,10788.0,15278.0
Mouse_Thymus3,33_33,5,9488.0,13978.0
Mouse_Thymus3,102_43,5,16388.0,14978.0
Mouse_Thymus3,70_16,5,13188.0,12278.0
Mouse_Thymus3,105_54,5,16688.0,16078.0
Mouse_Thymus3,31_39,1,9288.0,14578.0
Mouse_Thymus3,62_27,4,12388.0,13378.0
Mouse_Thymus3,82_6,5,14388.0,11278.0
Mouse_Thymus3,45_41,2,10688.0,14778.0
Mouse_Thymus3,85_57,5,14688.0,16378.0
Mouse_Thymus3,82_40,1,14388.0,14678.0
Mouse_Thymus3,48_34,1,10988.0,14078.0
Mouse_Thymus3,55_24,2,11688.0,13078.0
Mouse_Thymus3,105_33,4,16688.0,13978.0
Mouse_Thymus3,90_48,5,15188.0,15478.0
Mouse_Thymus3,82_27,1,14388.0,13378.0
Mouse_Thymus3,99_33,1,16088.0,13978.0
Mouse_Thymus3,72_41,2,13388.0,14778.0
Mouse_Thymus3,33_54,5,9488.0,16078.0
Mouse_Thymus3,69_48,5,13088.0,15478.0
Mouse_Thymus3,64_13,4,12588.0,11978.0
Mouse_Thymus3,56_34,2,11788.0,14078.0
Mouse_Thymus3,66_31,5,12788.0,13778.0
Mouse_Thymus3,48_19,5,10988.0,12578.0
Mouse_Thymus3,68_36,2,12988.0,14278.0
Mouse_Thymus3,49_22,2,11088.0,12878.0
Mouse_Thymus3,83_42,4,14488.0,14878.0
Mouse_Thymus3,64_30,5,12588.0,13678.0
Mouse_Thymus3,63_30,5,12488.0,13678.0
Mouse_Thymus3,92_22,2,15388.0,12878.0
Mouse_Thymus3,119_68,5,18088.0,17478.0
Mouse_Thymus3,22_56,5,8388.0,16278.0
Mouse_Thymus3,13_52,5,7488.0,15878.0
Mouse_Thymus3,35_33,1,9688.0,13978.0
Mouse_Thymus3,95_5,7,15688.0,11178.0
Mouse_Thymus3,32_56,1,9388.0,16278.0
Mouse_Thymus3,21_37,1,8288.0,14378.0
Mouse_Thymus3,29_29,5,9088.0,13578.0
Mouse_Thymus3,96_39,4,15788.0,14578.0
Mouse_Thymus3,112_38,5,17388.0,14478.0
Mouse_Thymus3,117_44,5,17888.0,15078.0
Mouse_Thymus3,60_12,4,12188.0,11878.0
Mouse_Thymus3,42_47,1,10388.0,15378.0
Mouse_Thymus3,91_45,4,15288.0,15178.0
Mouse_Thymus3,70_25,2,13188.0,13178.0
Mouse_Thymus3,89_43,5,15088.0,14978.0
Mouse_Thymus3,49_23,2,11088.0,12978.0
Mouse_Thymus3,79_18,2,14088.0,12478.0
Mouse_Thymus3,74_4,4,13588.0,11078.0
Mouse_Thymus3,49_36,1,11088.0,14278.0
Mouse_Thymus3,72_10,5,13388.0,11678.0
Mouse_Thymus3,68_43,5,12988.0,14978.0
Mouse_Thymus3,54_38,4,11588.0,14478.0
Mouse_Thymus3,6_47,5,6788.0,15378.0
Mouse_Thymus3,68_2,4,12988.0,10878.0
Mouse_Thymus3,61_16,5,12288.0,12278.0
Mouse_Thymus3,66_32,5,12788.0,13878.0
Mouse_Thymus3,41_55,5,10288.0,16178.0
Mouse_Thymus3,43_43,2,10488.0,14978.0
Mouse_Thymus3,89_4,4,15088.0,11078.0
Mouse_Thymus3,122_66,2,18388.0,17278.0
Mouse_Thymus3,90_26,2,15188.0,13278.0
Mouse_Thymus3,57_41,5,11888.0,14778.0
Mouse_Thymus3,37_35,4,9888.0,14178.0
Mouse_Thymus3,14_52,5,7588.0,15878.0
Mouse_Thymus3,29_44,2,9088.0,15078.0
Mouse_Thymus3,73_38,2,13488.0,14478.0
Mouse_Thymus3,33_43,2,9488.0,14978.0
Mouse_Thymus3,50_45,1,11188.0,15178.0
Mouse_Thymus3,119_49,5,18088.0,15578.0
Mouse_Thymus3,84_16,1,14588.0,12278.0
Mouse_Thymus3,58_32,1,11988.0,13878.0
Mouse_Thymus3,47_19,5,10888.0,12578.0
Mouse_Thymus3,89_22,2,15088.0,12878.0
Mouse_Thymus3,74_51,5,13588.0,15778.0
Mouse_Thymus3,112_55,5,17388.0,16178.0
Mouse_Thymus3,63_24,1,12488.0,13078.0
Mouse_Thymus3,109_56,5,17088.0,16278.0
Mouse_Thymus3,47_37,1,10888.0,14378.0
Mouse_Thymus3,48_29,2,10988.0,13578.0
Mouse_Thymus3,67_33,5,12888.0,13978.0
Mouse_Thymus3,88_56,5,14988.0,16278.0
Mouse_Thymus3,31_40,5,9288.0,14678.0
Mouse_Thymus3,125_64,5,18688.0,17078.0
Mouse_Thymus3,106_46,2,16788.0,15278.0
Mouse_Thymus3,85_14,2,14688.0,12078.0
Mouse_Thymus3,33_41,1,9488.0,14778.0
Mouse_Thymus3,83_9,5,14488.0,11578.0
Mouse_Thymus3,59_38,1,12088.0,14478.0
Mouse_Thymus3,31_48,2,9288.0,15478.0
Mouse_Thymus3,85_8,5,14688.0,11478.0
Mouse_Thymus3,58_13,5,11988.0,11978.0
Mouse_Thymus3,3_51,5,6488.0,15778.0
Mouse_Thymus3,73_3,5,13488.0,10978.0
Mouse_Thymus3,12_57,4,7388.0,16378.0
Mouse_Thymus3,116_41,5,17788.0,14778.0
Mouse_Thymus3,89_9,5,15088.0,11578.0
Mouse_Thymus3,30_31,4,9188.0,13778.0
Mouse_Thymus3,90_16,5,15188.0,12278.0
Mouse_Thymus3,61_11,5,12288.0,11778.0
Mouse_Thymus3,34_37,5,9588.0,14378.0
Mouse_Thymus3,114_41,5,17588.0,14778.0
Mouse_Thymus3,53_38,1,11488.0,14478.0
Mouse_Thymus3,103_52,5,16488.0,15878.0
Mouse_Thymus3,96_17,5,15788.0,12378.0
Mouse_Thymus3,86_35,4,14788.0,14178.0
Mouse_Thymus3,82_42,5,14388.0,14878.0
Mouse_Thymus3,60_36,2,12188.0,14278.0
Mouse_Thymus3,114_45,2,17588.0,15178.0
Mouse_Thymus3,89_23,2,15088.0,12978.0
Mouse_Thymus3,65_11,5,12688.0,11778.0
Mouse_Thymus3,101_57,5,16288.0,16378.0
Mouse_Thymus3,72_25,2,13388.0,13178.0
Mouse_Thymus3,75_7,5,13688.0,11378.0
Mouse_Thymus3,29_40,5,9088.0,14678.0
Mouse_Thymus3,66_15,5,12788.0,12178.0
Mouse_Thymus3,76_50,5,13788.0,15678.0
Mouse_Thymus3,12_48,2,7388.0,15478.0
Mouse_Thymus3,93_33,2,15488.0,13978.0
Mouse_Thymus3,57_36,2,11888.0,14278.0
Mouse_Thymus3,27_38,5,8888.0,14478.0
Mouse_Thymus3,49_21,2,11088.0,12778.0
Mouse_Thymus3,72_40,2,13388.0,14678.0
Mouse_Thymus3,98_47,4,15988.0,15378.0
Mouse_Thymus3,35_29,1,9688.0,13578.0
Mouse_Thymus3,90_49,5,15188.0,15578.0
Mouse_Thymus3,73_11,1,13488.0,11778.0
Mouse_Thymus3,56_40,5,11788.0,14678.0
Mouse_Thymus3,63_45,5,12488.0,15178.0
Mouse_Thymus3,82_43,5,14388.0,14978.0
Mouse_Thymus3,15_44,1,7688.0,15078.0
Mouse_Thymus3,12_52,5,7388.0,15878.0
Mouse_Thymus3,72_18,1,13388.0,12478.0
Mouse_Thymus3,66_18,1,12788.0,12478.0
Mouse_Thymus3,81_52,5,14288.0,15878.0
Mouse_Thymus3,54_26,2,11588.0,13278.0
Mouse_Thymus3,82_35,5,14388.0,14178.0
Mouse_Thymus3,81_16,2,14288.0,12278.0
Mouse_Thymus3,65_4,1,12688.0,11078.0
Mouse_Thymus3,63_3,7,12488.0,10978.0
Mouse_Thymus3,107_39,2,16888.0,14578.0
Mouse_Thymus3,95_15,5,15688.0,12178.0
Mouse_Thymus3,124_61,5,18588.0,16778.0
Mouse_Thymus3,83_55,5,14488.0,16178.0
Mouse_Thymus3,124_71,4,18588.0,17778.0
Mouse_Thymus3,66_14,4,12788.0,12078.0
Mouse_Thymus3,52_18,4,11388.0,12478.0
Mouse_Thymus3,47_21,4,10888.0,12778.0
Mouse_Thymus3,62_6,4,12388.0,11278.0
Mouse_Thymus3,104_44,4,16588.0,15078.0
Mouse_Thymus3,49_46,5,11088.0,15278.0
Mouse_Thymus3,100_24,4,16188.0,13078.0
Mouse_Thymus3,80_13,4,14188.0,11978.0
Mouse_Thymus3,121_71,5,18288.0,17778.0
Mouse_Thymus3,87_16,2,14888.0,12278.0
Mouse_Thymus3,45_46,5,10688.0,15278.0
Mouse_Thymus3,26_57,5,8788.0,16378.0
Mouse_Thymus3,37_30,1,9888.0,13678.0
Mouse_Thymus3,65_20,1,12688.0,12678.0
Mouse_Thymus3,66_17,5,12788.0,12378.0
Mouse_Thymus3,28_59,5,8988.0,16578.0
Mouse_Thymus3,44_31,2,10588.0,13778.0
Mouse_Thymus3,46_38,2,10788.0,14478.0
Mouse_Thymus3,103_24,5,16488.0,13078.0
Mouse_Thymus3,82_33,1,14388.0,13978.0
Mouse_Thymus3,66_26,2,12788.0,13278.0
Mouse_Thymus3,62_47,5,12388.0,15378.0
Mouse_Thymus3,70_0,5,13188.0,10678.0
Mouse_Thymus3,65_6,5,12688.0,11278.0
Mouse_Thymus3,94_44,5,15588.0,15078.0
Mouse_Thymus3,93_53,5,15488.0,15978.0
Mouse_Thymus3,65_23,1,12688.0,12978.0
Mouse_Thymus3,81_31,1,14288.0,13778.0
Mouse_Thymus3,28_55,5,8988.0,16178.0
Mouse_Thymus3,104_35,2,16588.0,14178.0
Mouse_Thymus3,93_8,5,15488.0,11478.0
Mouse_Thymus3,47_46,5,10888.0,15278.0
Mouse_Thymus3,116_68,4,17788.0,17478.0
Mouse_Thymus3,9_45,5,7088.0,15178.0
Mouse_Thymus3,99_21,5,16088.0,12778.0
Mouse_Thymus3,88_60,4,14988.0,16678.0
Mouse_Thymus3,70_33,1,13188.0,13978.0
Mouse_Thymus3,86_8,5,14788.0,11478.0
Mouse_Thymus3,5_50,4,6688.0,15678.0
Mouse_Thymus3,87_22,2,14888.0,12878.0
Mouse_Thymus3,85_33,5,14688.0,13978.0
Mouse_Thymus3,15_56,5,7688.0,16278.0
Mouse_Thymus3,41_26,5,10288.0,13278.0
Mouse_Thymus3,63_36,2,12488.0,14278.0
Mouse_Thymus3,80_33,5,14188.0,13978.0
Mouse_Thymus3,52_38,1,11388.0,14478.0
Mouse_Thymus3,25_40,5,8688.0,14678.0
Mouse_Thymus3,69_41,1,13088.0,14778.0
Mouse_Thymus3,56_28,2,11788.0,13478.0
Mouse_Thymus3,48_21,1,10988.0,12778.0
Mouse_Thymus3,48_16,5,10988.0,12278.0
Mouse_Thymus3,66_28,2,12788.0,13478.0
Mouse_Thymus3,14_50,2,7588.0,15678.0
Mouse_Thymus3,9_54,4,7088.0,16078.0
Mouse_Thymus3,58_26,2,11988.0,13278.0
Mouse_Thymus3,64_11,4,12588.0,11778.0
Mouse_Thymus3,55_25,2,11688.0,13178.0
Mouse_Thymus3,45_22,1,10688.0,12878.0
Mouse_Thymus3,73_6,5,13488.0,11278.0
Mouse_Thymus3,20_50,2,8188.0,15678.0
Mouse_Thymus3,106_30,5,16788.0,13678.0
Mouse_Thymus3,38_43,2,9988.0,14978.0
Mouse_Thymus3,110_62,1,17188.0,16878.0
Mouse_Thymus3,120_71,4,18188.0,17778.0
Mouse_Thymus3,37_48,2,9888.0,15478.0
Mouse_Thymus3,76_38,2,13788.0,14478.0
Mouse_Thymus3,59_9,7,12088.0,11578.0
Mouse_Thymus3,106_26,5,16788.0,13278.0
Mouse_Thymus3,46_42,2,10788.0,14878.0
Mouse_Thymus3,71_36,2,13288.0,14278.0
Mouse_Thymus3,112_52,5,17388.0,15878.0
Mouse_Thymus3,118_64,5,17988.0,17078.0
Mouse_Thymus3,87_4,5,14888.0,11078.0
Mouse_Thymus3,93_58,5,15488.0,16478.0
Mouse_Thymus3,21_45,1,8288.0,15178.0
Mouse_Thymus3,84_35,5,14588.0,14178.0
Mouse_Thymus3,85_20,2,14688.0,12678.0
Mouse_Thymus3,92_49,5,15388.0,15578.0
Mouse_Thymus3,44_25,5,10588.0,13178.0
Mouse_Thymus3,44_20,5,10588.0,12678.0
Mouse_Thymus3,117_60,2,17888.0,16678.0
Mouse_Thymus3,125_68,5,18688.0,17478.0
Mouse_Thymus3,95_35,2,15688.0,14178.0
Mouse_Thymus3,65_41,5,12688.0,14778.0
Mouse_Thymus3,121_61,1,18288.0,16778.0
Mouse_Thymus3,113_66,4,17488.0,17278.0
Mouse_Thymus3,25_43,1,8688.0,14978.0
Mouse_Thymus3,109_54,5,17088.0,16078.0
Mouse_Thymus3,51_42,5,11288.0,14878.0
Mouse_Thymus3,64_42,5,12588.0,14878.0
Mouse_Thymus3,38_31,1,9988.0,13778.0
Mouse_Thymus3,73_43,2,13488.0,14978.0
Mouse_Thymus3,115_55,5,17688.0,16178.0
Mouse_Thymus3,38_39,4,9988.0,14578.0
Mouse_Thymus3,113_37,5,17488.0,14378.0
Mouse_Thymus3,78_25,2,13988.0,13178.0
Mouse_Thymus3,46_17,5,10788.0,12378.0
Mouse_Thymus3,93_63,4,15488.0,16978.0
Mouse_Thymus3,14_47,2,7588.0,15378.0
Mouse_Thymus3,99_15,4,16088.0,12178.0
Mouse_Thymus3,6_45,5,6788.0,15178.0
Mouse_Thymus3,86_21,2,14788.0,12778.0
Mouse_Thymus3,86_32,4,14788.0,13878.0
Mouse_Thymus3,33_24,4,9488.0,13078.0
Mouse_Thymus3,45_24,5,10688.0,13078.0
Mouse_Thymus3,110_31,4,17188.0,13778.0
Mouse_Thymus3,67_44,5,12888.0,15078.0
Mouse_Thymus3,63_8,5,12488.0,11478.0
Mouse_Thymus3,1_47,4,6288.0,15378.0
Mouse_Thymus3,19_57,5,8088.0,16378.0
Mouse_Thymus3,62_16,4,12388.0,12278.0
Mouse_Thymus3,92_8,5,15388.0,11478.0
Mouse_Thymus3,76_12,5,13788.0,11878.0
Mouse_Thymus3,55_34,1,11688.0,14078.0
Mouse_Thymus3,108_58,5,16988.0,16478.0
Mouse_Thymus3,73_17,5,13488.0,12378.0
Mouse_Thymus3,94_55,5,15588.0,16178.0
Mouse_Thymus3,98_42,4,15988.0,14878.0
Mouse_Thymus3,104_48,5,16588.0,15478.0
Mouse_Thymus3,30_55,5,9188.0,16178.0
Mouse_Thymus3,100_58,5,16188.0,16478.0
Mouse_Thymus3,111_59,5,17288.0,16578.0
Mouse_Thymus3,25_52,1,8688.0,15878.0
Mouse_Thymus3,60_37,2,12188.0,14378.0
Mouse_Thymus3,71_31,2,13288.0,13778.0
Mouse_Thymus3,99_46,5,16088.0,15278.0
Mouse_Thymus3,87_37,5,14888.0,14378.0
Mouse_Thymus3,18_42,5,7988.0,14878.0
Mouse_Thymus3,36_55,5,9788.0,16178.0
Mouse_Thymus3,15_46,2,7688.0,15278.0
Mouse_Thymus3,73_16,5,13488.0,12278.0
Mouse_Thymus3,97_37,2,15888.0,14378.0
Mouse_Thymus3,74_44,2,13588.0,15078.0
Mouse_Thymus3,91_8,4,15288.0,11478.0
Mouse_Thymus3,96_42,5,15788.0,14878.0
Mouse_Thymus3,77_1,4,13888.0,10778.0
Mouse_Thymus3,75_27,2,13688.0,13378.0
Mouse_Thymus3,35_32,1,9688.0,13878.0
Mouse_Thymus3,29_30,5,9088.0,13678.0
Mouse_Thymus3,65_44,5,12688.0,15078.0
Mouse_Thymus3,47_29,2,10888.0,13578.0
Mouse_Thymus3,77_42,2,13888.0,14878.0
Mouse_Thymus3,107_41,2,16888.0,14778.0
Mouse_Thymus3,36_44,2,9788.0,15078.0
Mouse_Thymus3,59_40,5,12088.0,14678.0
Mouse_Thymus3,4_46,4,6588.0,15278.0
Mouse_Thymus3,77_43,2,13888.0,14978.0
Mouse_Thymus3,91_28,2,15288.0,13478.0
Mouse_Thymus3,48_31,5,10988.0,13778.0
Mouse_Thymus3,63_42,5,12488.0,14878.0
Mouse_Thymus3,36_51,1,9788.0,15778.0
Mouse_Thymus3,78_13,1,13988.0,11978.0
Mouse_Thymus3,102_20,4,16388.0,12678.0
Mouse_Thymus3,29_47,2,9088.0,15378.0
Mouse_Thymus3,5_51,5,6688.0,15778.0
Mouse_Thymus3,108_30,5,16988.0,13678.0
Mouse_Thymus3,116_59,2,17788.0,16578.0
Mouse_Thymus3,45_50,1,10688.0,15678.0
Mouse_Thymus3,108_55,5,16988.0,16178.0
Mouse_Thymus3,22_36,7,8388.0,14278.0
Mouse_Thymus3,91_40,5,15288.0,14678.0
Mouse_Thymus3,82_20,2,14388.0,12678.0
Mouse_Thymus3,84_53,4,14588.0,15978.0
Mouse_Thymus3,93_39,4,15488.0,14578.0
Mouse_Thymus3,32_41,5,9388.0,14778.0
Mouse_Thymus3,120_58,2,18188.0,16478.0
Mouse_Thymus3,92_55,5,15388.0,16178.0
Mouse_Thymus3,83_22,2,14488.0,12878.0
Mouse_Thymus3,110_47,1,17188.0,15378.0
Mouse_Thymus3,89_2,7,15088.0,10878.0
Mouse_Thymus3,108_34,5,16988.0,14078.0
Mouse_Thymus3,125_66,5,18688.0,17278.0
Mouse_Thymus3,125_70,5,18688.0,17678.0
Mouse_Thymus3,30_58,5,9188.0,16478.0
Mouse_Thymus3,6_46,5,6788.0,15278.0
Mouse_Thymus3,84_18,2,14588.0,12478.0
Mouse_Thymus3,9_50,4,7088.0,15678.0
Mouse_Thymus3,96_52,5,15788.0,15878.0
Mouse_Thymus3,31_29,5,9288.0,13578.0
Mouse_Thymus3,77_22,2,13888.0,12878.0
Mouse_Thymus3,89_58,5,15088.0,16478.0
Mouse_Thymus3,97_59,5,15888.0,16578.0
Mouse_Thymus3,109_44,2,17088.0,15078.0
Mouse_Thymus3,105_58,4,16688.0,16478.0
Mouse_Thymus3,97_42,5,15888.0,14878.0
Mouse_Thymus3,37_57,5,9888.0,16378.0
Mouse_Thymus3,78_41,2,13988.0,14778.0
Mouse_Thymus3,30_48,2,9188.0,15478.0
Mouse_Thymus3,40_22,5,10188.0,12878.0
Mouse_Thymus3,95_57,5,15688.0,16378.0
Mouse_Thymus3,46_44,1,10788.0,15078.0
Mouse_Thymus3,99_59,5,16088.0,16578.0
Mouse_Thymus3,108_59,5,16988.0,16578.0
Mouse_Thymus3,87_6,5,14888.0,11278.0
Mouse_Thymus3,93_61,5,15488.0,16778.0
Mouse_Thymus3,51_37,1,11288.0,14378.0
Mouse_Thymus3,102_19,7,16388.0,12578.0
Mouse_Thymus3,82_51,4,14388.0,15778.0
Mouse_Thymus3,32_24,1,9388.0,13078.0
Mouse_Thymus3,96_31,1,15788.0,13778.0
Mouse_Thymus3,97_51,5,15888.0,15778.0
Mouse_Thymus3,5_44,4,6688.0,15078.0
Mouse_Thymus3,95_17,4,15688.0,12378.0
Mouse_Thymus3,106_58,5,16788.0,16478.0
Mouse_Thymus3,46_26,1,10788.0,13278.0
Mouse_Thymus3,107_40,2,16888.0,14678.0
Mouse_Thymus3,96_43,5,15788.0,14978.0
Mouse_Thymus3,85_45,5,14688.0,15178.0
Mouse_Thymus3,61_43,1,12288.0,14978.0
Mouse_Thymus3,6_50,4,6788.0,15678.0
Mouse_Thymus3,82_12,1,14388.0,11878.0
Mouse_Thymus3,109_58,4,17088.0,16478.0
Mouse_Thymus3,73_42,2,13488.0,14878.0
Mouse_Thymus3,20_40,5,8188.0,14678.0
Mouse_Thymus3,42_37,1,10388.0,14378.0
Mouse_Thymus3,89_50,1,15088.0,15678.0
Mouse_Thymus3,8_53,5,6988.0,15978.0
Mouse_Thymus3,62_32,4,12388.0,13878.0
Mouse_Thymus3,104_47,4,16588.0,15378.0
Mouse_Thymus3,78_22,2,13988.0,12878.0
Mouse_Thymus3,108_53,5,16988.0,15978.0
Mouse_Thymus3,42_38,5,10388.0,14478.0
Mouse_Thymus3,89_19,2,15088.0,12578.0
Mouse_Thymus3,10_44,5,7188.0,15078.0
Mouse_Thymus3,104_46,2,16588.0,15278.0
Mouse_Thymus3,6_51,5,6788.0,15778.0
Mouse_Thymus3,92_52,5,15388.0,15878.0
Mouse_Thymus3,119_67,5,18088.0,17378.0
Mouse_Thymus3,93_32,2,15488.0,13878.0
Mouse_Thymus3,67_12,4,12888.0,11878.0
Mouse_Thymus3,84_39,5,14588.0,14578.0
Mouse_Thymus3,40_56,7,10188.0,16278.0
Mouse_Thymus3,50_40,1,11188.0,14678.0
Mouse_Thymus3,12_44,5,7388.0,15078.0
Mouse_Thymus3,106_56,5,16788.0,16278.0
Mouse_Thymus3,77_14,1,13888.0,12078.0
Mouse_Thymus3,19_44,5,8088.0,15078.0
Mouse_Thymus3,71_0,5,13288.0,10678.0
Mouse_Thymus3,29_60,4,9088.0,16678.0
Mouse_Thymus3,16_51,2,7788.0,15778.0
Mouse_Thymus3,109_47,1,17088.0,15378.0
Mouse_Thymus3,55_16,5,11688.0,12278.0
Mouse_Thymus3,108_47,1,16988.0,15378.0
Mouse_Thymus3,58_28,1,11988.0,13478.0
Mouse_Thymus3,74_1,5,13588.0,10778.0
Mouse_Thymus3,107_42,2,16888.0,14878.0
Mouse_Thymus3,72_44,4,13388.0,15078.0
Mouse_Thymus3,74_16,1,13588.0,12278.0
Mouse_Thymus3,6_48,5,6788.0,15478.0
Mouse_Thymus3,23_60,4,8488.0,16678.0
Mouse_Thymus3,89_12,5,15088.0,11878.0
Mouse_Thymus3,54_34,1,11588.0,14078.0
Mouse_Thymus3,100_54,5,16188.0,16078.0
Mouse_Thymus3,101_31,2,16288.0,13778.0
Mouse_Thymus3,121_63,5,18288.0,16978.0
Mouse_Thymus3,86_5,5,14788.0,11178.0
Mouse_Thymus3,25_48,2,8688.0,15478.0
Mouse_Thymus3,33_46,2,9488.0,15278.0
Mouse_Thymus3,72_16,5,13388.0,12278.0
Mouse_Thymus3,81_4,1,14288.0,11078.0
Mouse_Thymus3,84_25,1,14588.0,13178.0
Mouse_Thymus3,69_17,4,13088.0,12378.0
Mouse_Thymus3,21_54,4,8288.0,16078.0
Mouse_Thymus3,36_28,1,9788.0,13478.0
Mouse_Thymus3,108_60,1,16988.0,16678.0
Mouse_Thymus3,47_28,2,10888.0,13478.0
Mouse_Thymus3,97_19,5,15888.0,12578.0
Mouse_Thymus3,69_30,2,13088.0,13678.0
Mouse_Thymus3,11_51,5,7288.0,15778.0
Mouse_Thymus3,32_48,2,9388.0,15478.0
Mouse_Thymus3,72_1,5,13388.0,10778.0
Mouse_Thymus3,103_39,2,16488.0,14578.0
Mouse_Thymus3,98_18,5,15988.0,12478.0
Mouse_Thymus3,118_61,2,17988.0,16778.0
Mouse_Thymus3,52_43,5,11388.0,14978.0
Mouse_Thymus3,113_50,5,17488.0,15678.0
Mouse_Thymus3,40_50,1,10188.0,15678.0
Mouse_Thymus3,64_10,5,12588.0,11678.0
Mouse_Thymus3,51_28,1,11288.0,13478.0
Mouse_Thymus3,70_42,4,13188.0,14878.0
Mouse_Thymus3,118_57,2,17988.0,16378.0
Mouse_Thymus3,52_28,2,11388.0,13478.0
Mouse_Thymus3,104_49,5,16588.0,15578.0
Mouse_Thymus3,109_33,5,17088.0,13978.0
Mouse_Thymus3,46_40,2,10788.0,14678.0
Mouse_Thymus3,86_53,5,14788.0,15978.0
Mouse_Thymus3,27_34,1,8888.0,14078.0
Mouse_Thymus3,53_36,2,11488.0,14278.0
Mouse_Thymus3,103_43,5,16488.0,14978.0
Mouse_Thymus3,26_30,7,8788.0,13678.0
Mouse_Thymus3,71_24,2,13288.0,13078.0
Mouse_Thymus3,40_38,1,10188.0,14478.0
Mouse_Thymus3,58_37,2,11988.0,14378.0
Mouse_Thymus3,90_51,4,15188.0,15778.0
Mouse_Thymus3,70_49,1,13188.0,15578.0
Mouse_Thymus3,94_39,5,15588.0,14578.0
Mouse_Thymus3,107_48,5,16888.0,15478.0
Mouse_Thymus3,47_44,5,10888.0,15078.0
Mouse_Thymus3,40_45,2,10188.0,15178.0
Mouse_Thymus3,81_43,5,14288.0,14978.0
Mouse_Thymus3,25_42,5,8688.0,14878.0
Mouse_Thymus3,104_34,2,16588.0,14078.0
Mouse_Thymus3,40_54,5,10188.0,16078.0
Mouse_Thymus3,38_57,7,9988.0,16378.0
Mouse_Thymus3,88_55,5,14988.0,16178.0
Mouse_Thymus3,44_19,1,10588.0,12578.0
Mouse_Thymus3,42_40,2,10388.0,14678.0
Mouse_Thymus3,81_8,5,14288.0,11478.0
Mouse_Thymus3,60_30,2,12188.0,13678.0
Mouse_Thymus3,60_21,2,12188.0,12778.0
Mouse_Thymus3,73_23,2,13488.0,12978.0
Mouse_Thymus3,50_19,5,11188.0,12578.0
Mouse_Thymus3,67_45,5,12888.0,15178.0
Mouse_Thymus3,84_23,2,14588.0,12978.0
Mouse_Thymus3,70_5,5,13188.0,11178.0
Mouse_Thymus3,26_50,2,8788.0,15678.0
Mouse_Thymus3,102_24,5,16388.0,13078.0
Mouse_Thymus3,100_47,4,16188.0,15378.0
Mouse_Thymus3,79_54,5,14088.0,16078.0
Mouse_Thymus3,43_35,1,10488.0,14178.0
Mouse_Thymus3,103_44,5,16488.0,15078.0
Mouse_Thymus3,103_56,4,16488.0,16278.0
Mouse_Thymus3,122_67,1,18388.0,17378.0
Mouse_Thymus3,114_40,5,17588.0,14678.0
Mouse_Thymus3,79_8,5,14088.0,11478.0
Mouse_Thymus3,109_31,5,17088.0,13778.0
Mouse_Thymus3,74_40,2,13588.0,14678.0
Mouse_Thymus3,89_13,5,15088.0,11978.0
Mouse_Thymus3,14_51,2,7588.0,15778.0
Mouse_Thymus3,78_24,2,13988.0,13078.0
Mouse_Thymus3,15_45,1,7688.0,15178.0
Mouse_Thymus3,40_32,2,10188.0,13878.0
Mouse_Thymus3,87_10,5,14888.0,11678.0
Mouse_Thymus3,112_59,5,17388.0,16578.0
Mouse_Thymus3,82_2,4,14388.0,10878.0
Mouse_Thymus3,86_4,5,14788.0,11078.0
Mouse_Thymus3,84_59,7,14588.0,16578.0
Mouse_Thymus3,52_44,5,11388.0,15078.0
Mouse_Thymus3,70_47,5,13188.0,15378.0
Mouse_Thymus3,100_38,2,16188.0,14478.0
Mouse_Thymus3,88_22,2,14988.0,12878.0
Mouse_Thymus3,64_34,1,12588.0,14078.0
Mouse_Thymus3,91_55,5,15288.0,16178.0
Mouse_Thymus3,92_44,4,15388.0,15078.0
Mouse_Thymus3,67_21,2,12888.0,12778.0
Mouse_Thymus3,67_41,5,12888.0,14778.0
Mouse_Thymus3,62_23,2,12388.0,12978.0
Mouse_Thymus3,61_39,4,12288.0,14578.0
Mouse_Thymus3,94_14,4,15588.0,12078.0
Mouse_Thymus3,30_45,2,9188.0,15178.0
Mouse_Thymus3,20_58,5,8188.0,16478.0
Mouse_Thymus3,86_10,5,14788.0,11678.0
Mouse_Thymus3,98_10,7,15988.0,11678.0
Mouse_Thymus3,88_28,5,14988.0,13478.0
Mouse_Thymus3,106_29,5,16788.0,13578.0
Mouse_Thymus3,78_15,1,13988.0,12178.0
Mouse_Thymus3,87_53,4,14888.0,15978.0
Mouse_Thymus3,66_11,4,12788.0,11778.0
Mouse_Thymus3,31_60,4,9288.0,16678.0
Mouse_Thymus3,66_29,1,12788.0,13578.0
Mouse_Thymus3,37_38,4,9888.0,14478.0
Mouse_Thymus3,35_46,2,9688.0,15278.0
Mouse_Thymus3,50_17,5,11188.0,12378.0
Mouse_Thymus3,26_53,5,8788.0,15978.0
Mouse_Thymus3,120_55,5,18188.0,16178.0
Mouse_Thymus3,26_40,5,8788.0,14678.0
Mouse_Thymus3,26_44,2,8788.0,15078.0
Mouse_Thymus3,61_23,2,12288.0,12978.0
Mouse_Thymus3,59_11,5,12088.0,11778.0
Mouse_Thymus3,80_5,1,14188.0,11178.0
Mouse_Thymus3,88_52,4,14988.0,15878.0
Mouse_Thymus3,96_7,4,15788.0,11378.0
Mouse_Thymus3,84_45,5,14588.0,15178.0
Mouse_Thymus3,117_59,2,17888.0,16578.0
Mouse_Thymus3,72_42,1,13388.0,14878.0
Mouse_Thymus3,42_46,2,10388.0,15278.0
Mouse_Thymus3,115_67,4,17688.0,17378.0
Mouse_Thymus3,105_59,7,16688.0,16578.0
Mouse_Thymus3,80_2,5,14188.0,10878.0
Mouse_Thymus3,44_41,2,10588.0,14778.0
Mouse_Thymus3,101_36,2,16288.0,14278.0
Mouse_Thymus3,121_65,2,18288.0,17178.0
Mouse_Thymus3,83_11,4,14488.0,11778.0
Mouse_Thymus3,94_59,5,15588.0,16578.0
Mouse_Thymus3,100_20,5,16188.0,12678.0
Mouse_Thymus3,83_23,2,14488.0,12978.0
Mouse_Thymus3,115_62,5,17688.0,16878.0
Mouse_Thymus3,70_28,2,13188.0,13478.0
Mouse_Thymus3,89_27,5,15088.0,13378.0
Mouse_Thymus3,67_2,5,12888.0,10878.0
Mouse_Thymus3,71_10,5,13288.0,11678.0
Mouse_Thymus3,87_3,4,14888.0,10978.0
Mouse_Thymus3,68_27,2,12988.0,13378.0
Mouse_Thymus3,96_15,5,15788.0,12178.0
Mouse_Thymus3,74_15,5,13588.0,12178.0
Mouse_Thymus3,32_57,5,9388.0,16378.0
Mouse_Thymus3,76_44,2,13788.0,15078.0
Mouse_Thymus3,35_35,1,9688.0,14178.0
Mouse_Thymus3,65_8,5,12688.0,11478.0
Mouse_Thymus3,97_32,4,15888.0,13878.0
Mouse_Thymus3,98_60,4,15988.0,16678.0
Mouse_Thymus3,31_50,2,9288.0,15678.0
Mouse_Thymus3,109_49,5,17088.0,15578.0
Mouse_Thymus3,58_34,2,11988.0,14078.0
Mouse_Thymus3,44_33,1,10588.0,13978.0
Mouse_Thymus3,81_39,4,14288.0,14578.0
Mouse_Thymus3,27_48,2,8888.0,15478.0
Mouse_Thymus3,43_37,7,10488.0,14378.0
Mouse_Thymus3,100_33,1,16188.0,13978.0
Mouse_Thymus3,108_42,2,16988.0,14878.0
Mouse_Thymus3,119_63,5,18088.0,16978.0
Mouse_Thymus3,117_66,5,17888.0,17278.0
Mouse_Thymus3,14_57,4,7588.0,16378.0
Mouse_Thymus3,53_44,4,11488.0,15078.0
Mouse_Thymus3,33_32,1,9488.0,13878.0
Mouse_Thymus3,70_11,5,13188.0,11778.0
Mouse_Thymus3,110_59,5,17188.0,16578.0
Mouse_Thymus3,110_54,5,17188.0,16078.0
Mouse_Thymus3,121_59,5,18288.0,16578.0
Mouse_Thymus3,93_37,5,15488.0,14378.0
Mouse_Thymus3,120_46,7,18188.0,15278.0
Mouse_Thymus3,35_58,4,9688.0,16478.0
Mouse_Thymus3,102_44,4,16388.0,15078.0
Mouse_Thymus3,78_42,2,13988.0,14878.0
Mouse_Thymus3,96_62,4,15788.0,16878.0
Mouse_Thymus3,78_21,2,13988.0,12778.0
Mouse_Thymus3,114_61,4,17588.0,16778.0
Mouse_Thymus3,45_40,2,10688.0,14678.0
Mouse_Thymus3,95_52,5,15688.0,15878.0
Mouse_Thymus3,75_0,4,13688.0,10678.0
Mouse_Thymus3,89_34,1,15088.0,14078.0
Mouse_Thymus3,79_1,4,14088.0,10778.0
Mouse_Thymus3,65_35,1,12688.0,14178.0
Mouse_Thymus3,49_39,2,11088.0,14578.0
Mouse_Thymus3,38_19,7,9988.0,12578.0
Mouse_Thymus3,40_41,2,10188.0,14778.0
Mouse_Thymus3,72_22,2,13388.0,12878.0
Mouse_Thymus3,113_43,2,17488.0,14978.0
Mouse_Thymus3,39_54,5,10088.0,16078.0
Mouse_Thymus3,98_37,2,15988.0,14378.0
Mouse_Thymus3,24_40,5,8588.0,14678.0
Mouse_Thymus3,89_17,2,15088.0,12378.0
Mouse_Thymus3,56_32,2,11788.0,13878.0
Mouse_Thymus3,92_12,5,15388.0,11878.0
Mouse_Thymus3,112_33,5,17388.0,13978.0
Mouse_Thymus3,78_52,4,13988.0,15878.0
Mouse_Thymus3,78_45,2,13988.0,15178.0
Mouse_Thymus3,93_41,5,15488.0,14778.0
Mouse_Thymus3,82_3,5,14388.0,10978.0
Mouse_Thymus3,28_50,2,8988.0,15678.0
Mouse_Thymus3,87_13,1,14888.0,11978.0
Mouse_Thymus3,104_26,5,16588.0,13278.0
Mouse_Thymus3,97_61,5,15888.0,16778.0
Mouse_Thymus3,88_3,4,14988.0,10978.0
Mouse_Thymus3,89_29,1,15088.0,13578.0
Mouse_Thymus3,85_24,2,14688.0,13078.0
Mouse_Thymus3,64_44,5,12588.0,15078.0
Mouse_Thymus3,61_37,1,12288.0,14378.0
Mouse_Thymus3,75_21,2,13688.0,12778.0
Mouse_Thymus3,75_3,4,13688.0,10978.0
Mouse_Thymus3,53_42,5,11488.0,14878.0
Mouse_Thymus3,30_47,2,9188.0,15378.0
Mouse_Thymus3,52_15,5,11388.0,12178.0
Mouse_Thymus3,2_52,5,6388.0,15878.0
Mouse_Thymus3,13_47,2,7488.0,15378.0
Mouse_Thymus3,43_23,5,10488.0,12978.0
Mouse_Thymus3,77_25,2,13888.0,13178.0
Mouse_Thymus3,79_24,2,14088.0,13078.0
Mouse_Thymus3,64_39,5,12588.0,14578.0
Mouse_Thymus3,102_23,5,16388.0,12978.0
Mouse_Thymus3,84_55,5,14588.0,16178.0
Mouse_Thymus3,10_56,4,7188.0,16278.0
Mouse_Thymus3,71_4,5,13288.0,11078.0
Mouse_Thymus3,97_13,5,15888.0,11978.0
Mouse_Thymus3,51_30,4,11288.0,13678.0
Mouse_Thymus3,104_53,5,16588.0,15978.0
Mouse_Thymus3,27_58,5,8888.0,16478.0
Mouse_Thymus3,67_15,4,12888.0,12178.0
Mouse_Thymus3,114_60,1,17588.0,16678.0
Mouse_Thymus3,70_51,7,13188.0,15778.0
Mouse_Thymus3,83_31,4,14488.0,13778.0
Mouse_Thymus3,75_42,2,13688.0,14878.0
Mouse_Thymus3,73_29,2,13488.0,13578.0
Mouse_Thymus3,91_56,5,15288.0,16278.0
Mouse_Thymus3,96_21,2,15788.0,12778.0
Mouse_Thymus3,33_52,5,9488.0,15878.0
Mouse_Thymus3,91_51,5,15288.0,15778.0
Mouse_Thymus3,23_56,5,8488.0,16278.0
Mouse_Thymus3,107_37,2,16888.0,14378.0
Mouse_Thymus3,87_23,2,14888.0,12978.0
Mouse_Thymus3,57_15,4,11888.0,12178.0
Mouse_Thymus3,69_39,2,13088.0,14578.0
Mouse_Thymus3,7_51,5,6888.0,15778.0
Mouse_Thymus3,88_7,4,14988.0,11378.0
Mouse_Thymus3,21_56,1,8288.0,16278.0
Mouse_Thymus3,45_49,5,10688.0,15578.0
Mouse_Thymus3,94_57,5,15588.0,16378.0
Mouse_Thymus3,63_13,5,12488.0,11978.0
Mouse_Thymus3,74_6,5,13588.0,11278.0
Mouse_Thymus3,69_21,1,13088.0,12778.0
Mouse_Thymus3,52_19,5,11388.0,12578.0
Mouse_Thymus3,78_31,1,13988.0,13778.0
Mouse_Thymus3,80_56,4,14188.0,16278.0
Mouse_Thymus3,51_46,7,11288.0,15278.0
Mouse_Thymus3,78_9,1,13988.0,11578.0
Mouse_Thymus3,18_57,5,7988.0,16378.0
Mouse_Thymus3,97_29,2,15888.0,13578.0
Mouse_Thymus3,20_41,5,8188.0,14778.0
Mouse_Thymus3,86_31,4,14788.0,13778.0
Mouse_Thymus3,87_25,2,14888.0,13178.0
Mouse_Thymus3,101_55,5,16288.0,16178.0
Mouse_Thymus3,62_25,2,12388.0,13178.0
Mouse_Thymus3,56_12,7,11788.0,11878.0
Mouse_Thymus3,43_24,1,10488.0,13078.0
Mouse_Thymus3,69_4,5,13088.0,11078.0
Mouse_Thymus3,83_21,2,14488.0,12778.0
Mouse_Thymus3,120_48,5,18188.0,15478.0
Mouse_Thymus3,31_57,5,9288.0,16378.0
Mouse_Thymus3,97_44,4,15888.0,15078.0
Mouse_Thymus3,35_37,5,9688.0,14378.0
Mouse_Thymus3,23_37,1,8488.0,14378.0
Mouse_Thymus3,75_20,2,13688.0,12678.0
Mouse_Thymus3,3_50,5,6488.0,15678.0
Mouse_Thymus3,113_35,5,17488.0,14178.0
Mouse_Thymus3,53_21,2,11488.0,12778.0
Mouse_Thymus3,92_37,4,15388.0,14378.0
Mouse_Thymus3,92_40,5,15388.0,14678.0
Mouse_Thymus3,83_51,4,14488.0,15778.0
Mouse_Thymus3,71_35,2,13288.0,14178.0
Mouse_Thymus3,54_29,2,11588.0,13578.0
Mouse_Thymus3,70_26,2,13188.0,13278.0
Mouse_Thymus3,61_13,5,12288.0,11978.0
Mouse_Thymus3,34_54,5,9588.0,16078.0
Mouse_Thymus3,73_36,2,13488.0,14278.0
Mouse_Thymus3,80_11,5,14188.0,11778.0
Mouse_Thymus3,92_29,4,15388.0,13578.0
Mouse_Thymus3,109_37,4,17088.0,14378.0
Mouse_Thymus3,76_4,5,13788.0,11078.0
Mouse_Thymus3,94_11,4,15588.0,11778.0
Mouse_Thymus3,102_47,5,16388.0,15378.0
Mouse_Thymus3,92_6,5,15388.0,11278.0
Mouse_Thymus3,43_22,5,10488.0,12878.0
Mouse_Thymus3,73_9,1,13488.0,11578.0
Mouse_Thymus3,28_48,2,8988.0,15478.0
Mouse_Thymus3,119_64,5,18088.0,17078.0
Mouse_Thymus3,29_43,2,9088.0,14978.0
Mouse_Thymus3,3_48,5,6488.0,15478.0
Mouse_Thymus3,84_43,5,14588.0,14978.0
Mouse_Thymus3,34_58,5,9588.0,16478.0
Mouse_Thymus3,76_54,7,13788.0,16078.0
Mouse_Thymus3,94_61,5,15588.0,16778.0
Mouse_Thymus3,65_42,5,12688.0,14878.0
Mouse_Thymus3,87_54,5,14888.0,16078.0
Mouse_Thymus3,65_5,5,12688.0,11178.0
Mouse_Thymus3,76_14,5,13788.0,12078.0
Mouse_Thymus3,39_28,1,10088.0,13478.0
Mouse_Thymus3,22_60,4,8388.0,16678.0
Mouse_Thymus3,17_54,5,7888.0,16078.0
Mouse_Thymus3,97_15,5,15888.0,12178.0
Mouse_Thymus3,22_41,5,8388.0,14778.0
Mouse_Thymus3,91_18,1,15288.0,12478.0
Mouse_Thymus3,78_1,4,13988.0,10778.0
Mouse_Thymus3,91_41,4,15288.0,14778.0
Mouse_Thymus3,84_54,5,14588.0,16078.0
Mouse_Thymus3,37_42,2,9888.0,14878.0
Mouse_Thymus3,64_31,4,12588.0,13778.0
Mouse_Thymus3,77_40,2,13888.0,14678.0
Mouse_Thymus3,83_16,2,14488.0,12278.0
Mouse_Thymus3,7_49,5,6888.0,15578.0
Mouse_Thymus3,72_21,2,13388.0,12778.0
Mouse_Thymus3,96_23,2,15788.0,12978.0
Mouse_Thymus3,46_47,1,10788.0,15378.0
Mouse_Thymus3,73_39,2,13488.0,14578.0
Mouse_Thymus3,79_37,4,14088.0,14378.0
Mouse_Thymus3,118_53,1,17988.0,15978.0
Mouse_Thymus3,42_18,5,10388.0,12478.0
Mouse_Thymus3,48_37,1,10988.0,14378.0
Mouse_Thymus3,96_11,5,15788.0,11778.0
Mouse_Thymus3,99_55,5,16088.0,16178.0
Mouse_Thymus3,72_49,5,13388.0,15578.0
Mouse_Thymus3,80_30,1,14188.0,13678.0
Mouse_Thymus3,64_15,5,12588.0,12178.0
Mouse_Thymus3,61_33,1,12288.0,13978.0
Mouse_Thymus3,68_31,4,12988.0,13778.0
Mouse_Thymus3,9_43,1,7088.0,14978.0
Mouse_Thymus3,22_51,2,8388.0,15778.0
Mouse_Thymus3,87_28,1,14888.0,13478.0
Mouse_Thymus3,48_46,5,10988.0,15278.0
Mouse_Thymus3,48_42,2,10988.0,14878.0
Mouse_Thymus3,67_16,5,12888.0,12278.0
Mouse_Thymus3,47_40,2,10888.0,14678.0
Mouse_Thymus3,60_11,4,12188.0,11778.0
Mouse_Thymus3,78_28,1,13988.0,13478.0
Mouse_Thymus3,77_23,2,13888.0,12978.0
Mouse_Thymus3,44_44,2,10588.0,15078.0
Mouse_Thymus3,96_22,2,15788.0,12878.0
Mouse_Thymus3,14_41,5,7588.0,14778.0
Mouse_Thymus3,52_34,2,11388.0,14078.0
Mouse_Thymus3,28_53,5,8988.0,15978.0
Mouse_Thymus3,113_59,4,17488.0,16578.0
Mouse_Thymus3,51_41,1,11288.0,14778.0
Mouse_Thymus3,93_25,2,15488.0,13178.0
Mouse_Thymus3,35_53,5,9688.0,15978.0
Mouse_Thymus3,39_31,2,10088.0,13778.0
Mouse_Thymus3,116_69,7,17788.0,17578.0
Mouse_Thymus3,40_24,5,10188.0,13078.0
Mouse_Thymus3,24_44,1,8588.0,15078.0
Mouse_Thymus3,83_28,2,14488.0,13478.0
Mouse_Thymus3,116_48,2,17788.0,15478.0
Mouse_Thymus3,91_11,5,15288.0,11778.0
Mouse_Thymus3,89_38,4,15088.0,14478.0
Mouse_Thymus3,72_35,2,13388.0,14178.0
Mouse_Thymus3,98_22,1,15988.0,12878.0
Mouse_Thymus3,79_46,4,14088.0,15278.0
Mouse_Thymus3,16_59,7,7788.0,16578.0
Mouse_Thymus3,31_35,1,9288.0,14178.0
Mouse_Thymus3,99_53,4,16088.0,15978.0
Mouse_Thymus3,52_35,2,11388.0,14178.0
Mouse_Thymus3,26_56,5,8788.0,16278.0
Mouse_Thymus3,59_13,5,12088.0,11978.0
Mouse_Thymus3,120_47,5,18188.0,15378.0
Mouse_Thymus3,81_45,5,14288.0,15178.0
Mouse_Thymus3,72_13,4,13388.0,11978.0
Mouse_Thymus3,52_29,2,11388.0,13578.0
Mouse_Thymus3,69_0,5,13088.0,10678.0
Mouse_Thymus3,81_37,5,14288.0,14378.0
Mouse_Thymus3,91_31,4,15288.0,13778.0
Mouse_Thymus3,87_49,4,14888.0,15578.0
Mouse_Thymus3,80_15,2,14188.0,12178.0
Mouse_Thymus3,97_21,1,15888.0,12778.0
Mouse_Thymus3,31_44,2,9288.0,15078.0
Mouse_Thymus3,73_26,2,13488.0,13278.0
Mouse_Thymus3,85_36,5,14688.0,14278.0
Mouse_Thymus3,85_2,4,14688.0,10878.0
Mouse_Thymus3,52_32,4,11388.0,13878.0
Mouse_Thymus3,14_48,2,7588.0,15478.0
Mouse_Thymus3,104_31,1,16588.0,13778.0
Mouse_Thymus3,29_37,5,9088.0,14378.0
Mouse_Thymus3,87_43,5,14888.0,14978.0
Mouse_Thymus3,74_36,2,13588.0,14278.0
Mouse_Thymus3,109_40,2,17088.0,14678.0
Mouse_Thymus3,27_41,5,8888.0,14778.0
Mouse_Thymus3,76_13,1,13788.0,11978.0
Mouse_Thymus3,112_41,2,17388.0,14778.0
Mouse_Thymus3,116_55,1,17788.0,16178.0
Mouse_Thymus3,66_30,5,12788.0,13678.0
Mouse_Thymus3,84_26,1,14588.0,13278.0
Mouse_Thymus3,7_54,1,6888.0,16078.0
Mouse_Thymus3,87_31,5,14888.0,13778.0
Mouse_Thymus3,60_31,2,12188.0,13778.0
Mouse_Thymus3,40_40,2,10188.0,14678.0
Mouse_Thymus3,28_58,5,8988.0,16478.0
Mouse_Thymus3,63_38,5,12488.0,14478.0
Mouse_Thymus3,39_20,5,10088.0,12678.0
Mouse_Thymus3,84_9,5,14588.0,11578.0
Mouse_Thymus3,80_16,2,14188.0,12278.0
Mouse_Thymus3,49_34,1,11088.0,14078.0
Mouse_Thymus3,45_20,5,10688.0,12678.0
Mouse_Thymus3,80_14,2,14188.0,12078.0
Mouse_Thymus3,107_57,5,16888.0,16378.0
Mouse_Thymus3,89_7,5,15088.0,11378.0
Mouse_Thymus3,80_1,1,14188.0,10778.0
Mouse_Thymus3,24_52,1,8588.0,15878.0
Mouse_Thymus3,105_34,2,16688.0,14078.0
Mouse_Thymus3,100_45,4,16188.0,15178.0
Mouse_Thymus3,87_48,5,14888.0,15478.0
Mouse_Thymus3,109_36,4,17088.0,14278.0
Mouse_Thymus3,110_51,5,17188.0,15778.0
Mouse_Thymus3,63_12,1,12488.0,11878.0
Mouse_Thymus3,84_5,5,14588.0,11178.0
Mouse_Thymus3,36_45,2,9788.0,15178.0
Mouse_Thymus3,71_13,2,13288.0,11978.0
Mouse_Thymus3,49_33,5,11088.0,13978.0
Mouse_Thymus3,98_56,5,15988.0,16278.0
Mouse_Thymus3,61_8,5,12288.0,11478.0
Mouse_Thymus3,95_19,1,15688.0,12578.0
Mouse_Thymus3,15_53,5,7688.0,15978.0
Mouse_Thymus3,40_46,2,10188.0,15278.0
Mouse_Thymus3,34_45,2,9588.0,15178.0
Mouse_Thymus3,81_28,2,14288.0,13478.0
Mouse_Thymus3,103_59,1,16488.0,16578.0
Mouse_Thymus3,97_60,5,15888.0,16678.0
Mouse_Thymus3,114_66,7,17588.0,17278.0
Mouse_Thymus3,84_27,5,14588.0,13378.0
Mouse_Thymus3,82_44,5,14388.0,15078.0
Mouse_Thymus3,66_39,1,12788.0,14578.0
Mouse_Thymus3,81_12,5,14288.0,11878.0
Mouse_Thymus3,11_42,5,7288.0,14878.0
Mouse_Thymus3,103_45,5,16488.0,15178.0
Mouse_Thymus3,33_29,1,9488.0,13578.0
Mouse_Thymus3,83_3,5,14488.0,10978.0
Mouse_Thymus3,69_10,5,13088.0,11678.0
Mouse_Thymus3,90_37,5,15188.0,14378.0
Mouse_Thymus3,42_20,5,10388.0,12678.0
Mouse_Thymus3,123_55,5,18488.0,16178.0
Mouse_Thymus3,27_37,5,8888.0,14378.0
Mouse_Thymus3,88_40,4,14988.0,14678.0
Mouse_Thymus3,117_62,1,17888.0,16878.0
Mouse_Thymus3,118_51,1,17988.0,15778.0
Mouse_Thymus3,38_45,2,9988.0,15178.0
Mouse_Thymus3,51_24,5,11288.0,13078.0
Mouse_Thymus3,47_48,7,10888.0,15478.0
Mouse_Thymus3,34_31,2,9588.0,13778.0
Mouse_Thymus3,40_25,5,10188.0,13178.0
Mouse_Thymus3,87_11,5,14888.0,11778.0
Mouse_Thymus3,75_31,2,13688.0,13778.0
Mouse_Thymus3,13_49,2,7488.0,15578.0
Mouse_Thymus3,71_1,5,13288.0,10778.0
Mouse_Thymus3,64_5,1,12588.0,11178.0
Mouse_Thymus3,59_31,2,12088.0,13778.0
Mouse_Thymus3,81_20,2,14288.0,12678.0
Mouse_Thymus3,106_32,5,16788.0,13878.0
Mouse_Thymus3,72_5,5,13388.0,11178.0
Mouse_Thymus3,98_43,4,15988.0,14978.0
Mouse_Thymus3,80_7,5,14188.0,11378.0
Mouse_Thymus3,11_44,5,7288.0,15078.0
Mouse_Thymus3,18_51,1,7988.0,15778.0
Mouse_Thymus3,91_34,5,15288.0,14078.0
Mouse_Thymus3,53_28,2,11488.0,13478.0
Mouse_Thymus3,86_46,5,14788.0,15278.0
Mouse_Thymus3,79_51,4,14088.0,15778.0
Mouse_Thymus3,98_30,1,15988.0,13678.0
Mouse_Thymus3,47_20,1,10888.0,12678.0
Mouse_Thymus3,81_57,1,14288.0,16378.0
Mouse_Thymus3,61_24,2,12288.0,13078.0
Mouse_Thymus3,78_26,5,13988.0,13278.0
Mouse_Thymus3,120_49,5,18188.0,15578.0
Mouse_Thymus3,63_19,4,12488.0,12578.0
Mouse_Thymus3,42_51,5,10388.0,15778.0
Mouse_Thymus3,107_32,5,16888.0,13878.0
Mouse_Thymus3,17_59,4,7888.0,16578.0
Mouse_Thymus3,68_13,5,12988.0,11978.0
Mouse_Thymus3,44_37,1,10588.0,14378.0
Mouse_Thymus3,0_46,7,6188.0,15278.0
Mouse_Thymus3,74_14,1,13588.0,12078.0
Mouse_Thymus3,95_51,5,15688.0,15778.0
Mouse_Thymus3,109_34,5,17088.0,14078.0
Mouse_Thymus3,122_63,5,18388.0,16978.0
Mouse_Thymus3,105_45,2,16688.0,15178.0
Mouse_Thymus3,77_53,5,13888.0,15978.0
Mouse_Thymus3,41_42,2,10288.0,14878.0
Mouse_Thymus3,72_39,2,13388.0,14578.0
Mouse_Thymus3,34_57,5,9588.0,16378.0
Mouse_Thymus3,20_44,5,8188.0,15078.0
Mouse_Thymus3,81_3,5,14288.0,10978.0
Mouse_Thymus3,89_21,2,15088.0,12778.0
Mouse_Thymus3,84_33,1,14588.0,13978.0
Mouse_Thymus3,83_13,1,14488.0,11978.0
Mouse_Thymus3,104_24,5,16588.0,13078.0
Mouse_Thymus3,51_36,1,11288.0,14278.0
Mouse_Thymus3,22_37,5,8388.0,14378.0
Mouse_Thymus3,107_35,1,16888.0,14178.0
Mouse_Thymus3,72_14,1,13388.0,12078.0
Mouse_Thymus3,87_14,1,14888.0,12078.0
Mouse_Thymus3,38_44,2,9988.0,15078.0
Mouse_Thymus3,106_43,4,16788.0,14978.0
Mouse_Thymus3,123_70,5,18488.0,17678.0
Mouse_Thymus3,110_52,5,17188.0,15878.0
Mouse_Thymus3,19_53,5,8088.0,15978.0
Mouse_Thymus3,48_38,2,10988.0,14478.0
Mouse_Thymus3,77_19,2,13888.0,12578.0
Mouse_Thymus3,84_36,5,14588.0,14278.0
Mouse_Thymus3,92_25,2,15388.0,13178.0
Mouse_Thymus3,124_63,5,18588.0,16978.0
Mouse_Thymus3,70_30,2,13188.0,13678.0
Mouse_Thymus3,93_20,1,15488.0,12678.0
Mouse_Thymus3,37_22,5,9888.0,12878.0
Mouse_Thymus3,32_52,5,9388.0,15878.0
Mouse_Thymus3,105_38,2,16688.0,14478.0
Mouse_Thymus3,89_6,5,15088.0,11278.0
Mouse_Thymus3,84_57,4,14588.0,16378.0
Mouse_Thymus3,77_44,2,13888.0,15078.0
Mouse_Thymus3,3_45,4,6488.0,15178.0
Mouse_Thymus3,32_55,5,9388.0,16178.0
Mouse_Thymus3,108_31,5,16988.0,13778.0
Mouse_Thymus3,94_17,4,15588.0,12378.0
Mouse_Thymus3,72_52,7,13388.0,15878.0
Mouse_Thymus3,121_56,5,18288.0,16278.0
Mouse_Thymus3,22_40,5,8388.0,14678.0
Mouse_Thymus3,89_45,5,15088.0,15178.0
Mouse_Thymus3,96_29,4,15788.0,13578.0
Mouse_Thymus3,112_64,5,17388.0,17078.0
Mouse_Thymus3,98_52,5,15988.0,15878.0
Mouse_Thymus3,19_54,5,8088.0,16078.0
Mouse_Thymus3,43_30,2,10488.0,13678.0
Mouse_Thymus3,33_57,5,9488.0,16378.0
Mouse_Thymus3,80_10,5,14188.0,11678.0
Mouse_Thymus3,32_28,4,9388.0,13478.0
Mouse_Thymus3,58_20,4,11988.0,12678.0
Mouse_Thymus3,65_32,4,12688.0,13878.0
Mouse_Thymus3,102_37,2,16388.0,14378.0
Mouse_Thymus3,114_43,1,17588.0,14978.0
Mouse_Thymus3,40_27,1,10188.0,13378.0
Mouse_Thymus3,95_47,4,15688.0,15378.0
Mouse_Thymus3,110_56,5,17188.0,16278.0
Mouse_Thymus3,84_48,1,14588.0,15478.0
Mouse_Thymus3,60_39,5,12188.0,14578.0
Mouse_Thymus3,39_44,2,10088.0,15078.0
Mouse_Thymus3,112_63,5,17388.0,16978.0
Mouse_Thymus3,38_46,1,9988.0,15278.0
Mouse_Thymus3,112_51,5,17388.0,15778.0
Mouse_Thymus3,75_4,5,13688.0,11078.0
Mouse_Thymus3,41_27,1,10288.0,13378.0
Mouse_Thymus3,56_44,4,11788.0,15078.0
Mouse_Thymus3,29_36,5,9088.0,14278.0
Mouse_Thymus3,97_12,5,15888.0,11878.0
Mouse_Thymus3,34_43,2,9588.0,14978.0
Mouse_Thymus3,88_15,2,14988.0,12178.0
Mouse_Thymus3,87_41,4,14888.0,14778.0
Mouse_Thymus3,58_12,5,11988.0,11878.0
Mouse_Thymus3,79_10,5,14088.0,11678.0
Mouse_Thymus3,97_27,2,15888.0,13378.0
Mouse_Thymus3,48_20,5,10988.0,12678.0
Mouse_Thymus3,106_42,2,16788.0,14878.0
Mouse_Thymus3,69_9,5,13088.0,11578.0
Mouse_Thymus3,70_18,4,13188.0,12478.0
Mouse_Thymus3,89_31,5,15088.0,13778.0
Mouse_Thymus3,117_42,5,17888.0,14878.0
Mouse_Thymus3,73_19,4,13488.0,12578.0
Mouse_Thymus3,89_56,4,15088.0,16278.0
Mouse_Thymus3,95_22,2,15688.0,12878.0
Mouse_Thymus3,79_16,2,14088.0,12278.0
Mouse_Thymus3,88_30,4,14988.0,13678.0
Mouse_Thymus3,50_33,4,11188.0,13978.0
Mouse_Thymus3,112_32,4,17388.0,13878.0
Mouse_Thymus3,19_42,1,8088.0,14878.0
Mouse_Thymus3,45_43,2,10688.0,14978.0
Mouse_Thymus3,105_46,2,16688.0,15278.0
Mouse_Thymus3,20_54,5,8188.0,16078.0
Mouse_Thymus3,99_25,2,16088.0,13178.0
Mouse_Thymus3,84_12,1,14588.0,11878.0
Mouse_Thymus3,59_23,2,12088.0,12978.0
Mouse_Thymus3,114_35,4,17588.0,14178.0
Mouse_Thymus3,83_47,5,14488.0,15378.0
Mouse_Thymus3,123_56,1,18488.0,16278.0
Mouse_Thymus3,94_33,2,15588.0,13978.0
Mouse_Thymus3,93_18,5,15488.0,12478.0
Mouse_Thymus3,34_55,5,9588.0,16178.0
Mouse_Thymus3,102_28,1,16388.0,13478.0
Mouse_Thymus3,61_35,2,12288.0,14178.0
Mouse_Thymus3,34_47,2,9588.0,15378.0
Mouse_Thymus3,42_36,1,10388.0,14278.0
Mouse_Thymus3,95_8,4,15688.0,11478.0
Mouse_Thymus3,106_35,2,16788.0,14178.0
Mouse_Thymus3,38_28,1,9988.0,13478.0
Mouse_Thymus3,57_13,5,11888.0,11978.0
Mouse_Thymus3,49_40,2,11088.0,14678.0
Mouse_Thymus3,68_12,1,12988.0,11878.0
Mouse_Thymus3,12_55,1,7388.0,16178.0
Mouse_Thymus3,27_51,2,8888.0,15778.0
Mouse_Thymus3,63_39,4,12488.0,14578.0
Mouse_Thymus3,15_42,4,7688.0,14878.0
Mouse_Thymus3,60_47,1,12188.0,15378.0
Mouse_Thymus3,98_34,1,15988.0,14078.0
Mouse_Thymus3,39_41,2,10088.0,14778.0
Mouse_Thymus3,105_36,2,16688.0,14278.0
Mouse_Thymus3,28_29,5,8988.0,13578.0
Mouse_Thymus3,66_43,5,12788.0,14978.0
Mouse_Thymus3,14_55,5,7588.0,16178.0
Mouse_Thymus3,63_34,1,12488.0,14078.0
Mouse_Thymus3,27_46,2,8888.0,15278.0
Mouse_Thymus3,94_50,4,15588.0,15678.0
Mouse_Thymus3,61_19,1,12288.0,12578.0
Mouse_Thymus3,57_25,1,11888.0,13178.0
Mouse_Thymus3,103_53,5,16488.0,15978.0
Mouse_Thymus3,85_34,5,14688.0,14078.0
Mouse_Thymus3,100_46,5,16188.0,15278.0
Mouse_Thymus3,54_18,5,11588.0,12478.0
Mouse_Thymus3,42_22,5,10388.0,12878.0
Mouse_Thymus3,11_45,5,7288.0,15178.0
Mouse_Thymus3,84_37,4,14588.0,14378.0
Mouse_Thymus3,114_51,5,17588.0,15778.0
Mouse_Thymus3,55_15,4,11688.0,12178.0
Mouse_Thymus3,54_31,2,11588.0,13778.0
Mouse_Thymus3,30_32,1,9188.0,13878.0
Mouse_Thymus3,118_55,2,17988.0,16178.0
Mouse_Thymus3,34_41,1,9588.0,14778.0
Mouse_Thymus3,115_63,5,17688.0,16978.0
Mouse_Thymus3,92_24,2,15388.0,13078.0
Mouse_Thymus3,99_62,5,16088.0,16878.0
Mouse_Thymus3,57_12,5,11888.0,11878.0
Mouse_Thymus3,45_42,2,10688.0,14878.0
Mouse_Thymus3,82_55,5,14388.0,16178.0
Mouse_Thymus3,52_33,1,11388.0,13978.0
Mouse_Thymus3,93_9,5,15488.0,11578.0
Mouse_Thymus3,95_12,4,15688.0,11878.0
Mouse_Thymus3,94_62,4,15588.0,16878.0
Mouse_Thymus3,36_54,5,9788.0,16078.0
Mouse_Thymus3,47_39,2,10888.0,14578.0
Mouse_Thymus3,66_42,1,12788.0,14878.0
Mouse_Thymus3,92_5,7,15388.0,11178.0
Mouse_Thymus3,95_44,1,15688.0,15078.0
Mouse_Thymus3,91_29,4,15288.0,13578.0
Mouse_Thymus3,103_55,1,16488.0,16178.0
Mouse_Thymus3,42_31,2,10388.0,13778.0
Mouse_Thymus3,70_1,5,13188.0,10778.0
Mouse_Thymus3,92_38,4,15388.0,14478.0
Mouse_Thymus3,55_29,2,11688.0,13578.0
Mouse_Thymus3,55_19,5,11688.0,12578.0
Mouse_Thymus3,53_40,5,11488.0,14678.0
Mouse_Thymus3,82_17,2,14388.0,12378.0
Mouse_Thymus3,77_48,1,13888.0,15478.0
Mouse_Thymus3,31_59,4,9288.0,16578.0
Mouse_Thymus3,16_46,2,7788.0,15278.0
Mouse_Thymus3,45_34,4,10688.0,14078.0
Mouse_Thymus3,107_45,2,16888.0,15178.0
Mouse_Thymus3,53_19,5,11488.0,12578.0
Mouse_Thymus3,39_57,7,10088.0,16378.0
Mouse_Thymus3,90_24,2,15188.0,13078.0
Mouse_Thymus3,59_28,1,12088.0,13478.0
Mouse_Thymus3,83_8,5,14488.0,11478.0
Mouse_Thymus3,110_39,2,17188.0,14578.0
Mouse_Thymus3,59_30,2,12088.0,13678.0
Mouse_Thymus3,75_22,2,13688.0,12878.0
Mouse_Thymus3,56_39,5,11788.0,14578.0
Mouse_Thymus3,74_8,4,13588.0,11478.0
Mouse_Thymus3,28_45,2,8988.0,15178.0
Mouse_Thymus3,87_15,2,14888.0,12178.0
Mouse_Thymus3,25_41,5,8688.0,14778.0
Mouse_Thymus3,116_43,5,17788.0,14978.0
Mouse_Thymus3,111_61,5,17288.0,16778.0
Mouse_Thymus3,93_38,4,15488.0,14478.0
Mouse_Thymus3,26_39,5,8788.0,14578.0
Mouse_Thymus3,60_17,2,12188.0,12378.0
Mouse_Thymus3,75_41,2,13688.0,14778.0
Mouse_Thymus3,118_50,5,17988.0,15678.0
Mouse_Thymus3,86_44,5,14788.0,15078.0
Mouse_Thymus3,81_47,1,14288.0,15378.0
Mouse_Thymus3,25_33,5,8688.0,13978.0
Mouse_Thymus3,24_57,4,8588.0,16378.0
Mouse_Thymus3,80_38,2,14188.0,14478.0
Mouse_Thymus3,71_18,5,13288.0,12478.0
Mouse_Thymus3,28_56,5,8988.0,16278.0
Mouse_Thymus3,73_22,2,13488.0,12878.0
Mouse_Thymus3,22_52,1,8388.0,15878.0
Mouse_Thymus3,51_35,2,11288.0,14178.0
Mouse_Thymus3,83_24,2,14488.0,13078.0
Mouse_Thymus3,18_40,5,7988.0,14678.0
Mouse_Thymus3,21_55,1,8288.0,16178.0
Mouse_Thymus3,27_52,1,8888.0,15878.0
Mouse_Thymus3,51_26,4,11288.0,13278.0
Mouse_Thymus3,80_36,5,14188.0,14278.0
Mouse_Thymus3,61_21,2,12288.0,12778.0
Mouse_Thymus3,65_2,5,12688.0,10878.0
Mouse_Thymus3,59_32,1,12088.0,13878.0
Mouse_Thymus3,54_25,2,11588.0,13178.0
Mouse_Thymus3,46_20,5,10788.0,12678.0
Mouse_Thymus3,92_51,5,15388.0,15778.0
Mouse_Thymus3,88_8,5,14988.0,11478.0
Mouse_Thymus3,36_23,1,9788.0,12978.0
Mouse_Thymus3,7_44,4,6888.0,15078.0
Mouse_Thymus3,30_44,2,9188.0,15078.0
Mouse_Thymus3,1_49,4,6288.0,15578.0
Mouse_Thymus3,73_34,2,13488.0,14078.0
Mouse_Thymus3,86_45,5,14788.0,15178.0
Mouse_Thymus3,123_62,5,18488.0,16878.0
Mouse_Thymus3,19_47,2,8088.0,15378.0
Mouse_Thymus3,99_16,4,16088.0,12278.0
Mouse_Thymus3,63_5,4,12488.0,11178.0
Mouse_Thymus3,111_63,4,17288.0,16978.0
Mouse_Thymus3,30_54,5,9188.0,16078.0
Mouse_Thymus3,29_39,5,9088.0,14578.0
Mouse_Thymus3,64_36,1,12588.0,14278.0
Mouse_Thymus3,85_1,4,14688.0,10778.0
Mouse_Thymus3,79_9,5,14088.0,11578.0
Mouse_Thymus3,30_52,5,9188.0,15878.0
Mouse_Thymus3,77_17,1,13888.0,12378.0
Mouse_Thymus3,57_14,5,11888.0,12078.0
Mouse_Thymus3,59_18,2,12088.0,12478.0
Mouse_Thymus3,79_13,5,14088.0,11978.0
Mouse_Thymus3,50_26,4,11188.0,13278.0
Mouse_Thymus3,76_18,4,13788.0,12478.0
Mouse_Thymus3,75_48,4,13688.0,15478.0
Mouse_Thymus3,77_46,1,13888.0,15278.0
Mouse_Thymus3,26_36,5,8788.0,14278.0
Mouse_Thymus3,114_52,5,17588.0,15878.0
Mouse_Thymus3,102_21,4,16388.0,12778.0
Mouse_Thymus3,121_66,1,18288.0,17278.0
Mouse_Thymus3,104_36,2,16588.0,14278.0
Mouse_Thymus3,99_30,1,16088.0,13678.0
Mouse_Thymus3,30_34,1,9188.0,14078.0
Mouse_Thymus3,25_47,2,8688.0,15378.0
Mouse_Thymus3,63_14,4,12488.0,12078.0
Mouse_Thymus3,25_56,5,8688.0,16278.0
Mouse_Thymus3,47_16,7,10888.0,12278.0
Mouse_Thymus3,84_52,4,14588.0,15878.0
Mouse_Thymus3,23_57,5,8488.0,16378.0
Mouse_Thymus3,83_26,1,14488.0,13278.0
Mouse_Thymus3,33_50,2,9488.0,15678.0
Mouse_Thymus3,85_47,4,14688.0,15378.0
Mouse_Thymus3,4_50,1,6588.0,15678.0
Mouse_Thymus3,78_14,5,13988.0,12078.0
Mouse_Thymus3,92_26,2,15388.0,13278.0
Mouse_Thymus3,55_22,1,11688.0,12878.0
Mouse_Thymus3,88_34,5,14988.0,14078.0
Mouse_Thymus3,15_52,1,7688.0,15878.0
Mouse_Thymus3,58_22,2,11988.0,12878.0
Mouse_Thymus3,69_6,5,13088.0,11278.0
Mouse_Thymus3,17_42,5,7888.0,14878.0
Mouse_Thymus3,120_53,5,18188.0,15978.0
Mouse_Thymus3,79_6,5,14088.0,11278.0
Mouse_Thymus3,90_39,5,15188.0,14578.0
Mouse_Thymus3,101_30,2,16288.0,13678.0
Mouse_Thymus3,122_53,5,18388.0,15978.0
Mouse_Thymus3,2_46,4,6388.0,15278.0
Mouse_Thymus3,114_56,5,17588.0,16278.0
Mouse_Thymus3,80_39,5,14188.0,14578.0
Mouse_Thymus3,21_50,2,8288.0,15678.0
Mouse_Thymus3,33_58,5,9488.0,16478.0
Mouse_Thymus3,92_59,5,15388.0,16578.0
Mouse_Thymus3,62_10,1,12388.0,11678.0
Mouse_Thymus3,72_30,2,13388.0,13678.0
Mouse_Thymus3,116_42,5,17788.0,14878.0
Mouse_Thymus3,89_57,5,15088.0,16378.0
Mouse_Thymus3,75_9,5,13688.0,11578.0
Mouse_Thymus3,23_47,2,8488.0,15378.0
Mouse_Thymus3,59_12,5,12088.0,11878.0
Mouse_Thymus3,85_21,2,14688.0,12778.0
Mouse_Thymus3,42_34,1,10388.0,14078.0
Mouse_Thymus3,88_46,5,14988.0,15278.0
Mouse_Thymus3,90_38,4,15188.0,14478.0
Mouse_Thymus3,41_28,2,10288.0,13478.0
Mouse_Thymus3,81_17,2,14288.0,12378.0
Mouse_Thymus3,51_16,1,11288.0,12278.0
Mouse_Thymus3,26_32,1,8788.0,13878.0
Mouse_Thymus3,100_61,5,16188.0,16778.0
Mouse_Thymus3,46_49,7,10788.0,15578.0
Mouse_Thymus3,17_58,4,7888.0,16478.0
Mouse_Thymus3,85_10,5,14688.0,11678.0
Mouse_Thymus3,113_65,4,17488.0,17178.0
Mouse_Thymus3,115_43,5,17688.0,14978.0
Mouse_Thymus3,25_39,5,8688.0,14578.0
Mouse_Thymus3,19_41,5,8088.0,14778.0
Mouse_Thymus3,76_30,2,13788.0,13678.0
Mouse_Thymus3,68_20,4,12988.0,12678.0
Mouse_Thymus3,109_42,2,17088.0,14878.0
Mouse_Thymus3,75_19,1,13688.0,12578.0
Mouse_Thymus3,79_39,2,14088.0,14578.0
Mouse_Thymus3,36_39,5,9788.0,14578.0
Mouse_Thymus3,61_18,4,12288.0,12478.0
Mouse_Thymus3,110_37,1,17188.0,14378.0
Mouse_Thymus3,52_14,5,11388.0,12078.0
Mouse_Thymus3,39_52,5,10088.0,15878.0
Mouse_Thymus3,71_46,5,13288.0,15278.0
Mouse_Thymus3,85_6,5,14688.0,11278.0
Mouse_Thymus3,101_52,4,16288.0,15878.0
Mouse_Thymus3,107_31,5,16888.0,13778.0
Mouse_Thymus3,58_15,4,11988.0,12178.0
Mouse_Thymus3,119_69,5,18088.0,17578.0
Mouse_Thymus3,69_11,1,13088.0,11778.0
Mouse_Thymus3,68_22,1,12988.0,12878.0
Mouse_Thymus3,111_54,5,17288.0,16078.0
Mouse_Thymus3,93_40,4,15488.0,14678.0
Mouse_Thymus3,66_6,5,12788.0,11278.0
Mouse_Thymus3,116_60,2,17788.0,16678.0
Mouse_Thymus3,83_38,1,14488.0,14478.0
Mouse_Thymus3,97_49,4,15888.0,15578.0
Mouse_Thymus3,78_34,5,13988.0,14078.0
Mouse_Thymus3,49_37,1,11088.0,14378.0
Mouse_Thymus3,36_50,1,9788.0,15678.0
Mouse_Thymus3,83_37,5,14488.0,14378.0
Mouse_Thymus3,69_22,1,13088.0,12878.0
Mouse_Thymus3,113_44,2,17488.0,15078.0
Mouse_Thymus3,96_40,4,15788.0,14678.0
Mouse_Thymus3,0_48,4,6188.0,15478.0
Mouse_Thymus3,71_28,1,13288.0,13478.0
Mouse_Thymus3,95_38,2,15688.0,14478.0
Mouse_Thymus3,26_42,5,8788.0,14878.0
Mouse_Thymus3,56_43,5,11788.0,14978.0
Mouse_Thymus3,68_48,5,12988.0,15478.0
Mouse_Thymus3,92_54,4,15388.0,16078.0
Mouse_Thymus3,97_57,5,15888.0,16378.0
Mouse_Thymus3,54_36,2,11588.0,14278.0
Mouse_Thymus3,37_32,1,9888.0,13878.0
Mouse_Thymus3,33_27,1,9488.0,13378.0
Mouse_Thymus3,113_40,5,17488.0,14678.0
Mouse_Thymus3,96_55,1,15788.0,16178.0
Mouse_Thymus3,43_39,2,10488.0,14578.0
Mouse_Thymus3,22_48,2,8388.0,15478.0
Mouse_Thymus3,55_32,2,11688.0,13878.0
Mouse_Thymus3,34_26,5,9588.0,13278.0
Mouse_Thymus3,100_17,4,16188.0,12378.0
Mouse_Thymus3,71_11,1,13288.0,11778.0
Mouse_Thymus3,99_31,1,16088.0,13778.0
Mouse_Thymus3,41_43,2,10288.0,14978.0
Mouse_Thymus3,33_48,2,9488.0,15478.0
Mouse_Thymus3,95_53,5,15688.0,15978.0
Mouse_Thymus3,30_51,2,9188.0,15778.0
Mouse_Thymus3,39_55,5,10088.0,16178.0
Mouse_Thymus3,36_41,1,9788.0,14778.0
Mouse_Thymus3,64_38,1,12588.0,14478.0
Mouse_Thymus3,125_62,7,18688.0,16878.0
Mouse_Thymus3,39_27,1,10088.0,13378.0
Mouse_Thymus3,57_40,5,11888.0,14678.0
Mouse_Thymus3,47_22,1,10888.0,12878.0
Mouse_Thymus3,64_35,4,12588.0,14178.0
Mouse_Thymus3,49_42,1,11088.0,14878.0
Mouse_Thymus3,90_43,4,15188.0,14978.0
Mouse_Thymus3,59_33,2,12088.0,13978.0
Mouse_Thymus3,101_42,1,16288.0,14878.0
Mouse_Thymus3,56_19,4,11788.0,12578.0
Mouse_Thymus3,98_20,5,15988.0,12678.0
Mouse_Thymus3,48_17,4,10988.0,12378.0
Mouse_Thymus3,32_37,4,9388.0,14378.0
Mouse_Thymus3,79_5,5,14088.0,11178.0
Mouse_Thymus3,47_33,1,10888.0,13978.0
Mouse_Thymus3,30_56,5,9188.0,16278.0
Mouse_Thymus3,103_47,5,16488.0,15378.0
Mouse_Thymus3,45_39,2,10688.0,14578.0
Mouse_Thymus3,38_36,1,9988.0,14278.0
Mouse_Thymus3,58_36,2,11988.0,14278.0
Mouse_Thymus3,71_40,2,13288.0,14678.0
Mouse_Thymus3,25_37,5,8688.0,14378.0
Mouse_Thymus3,75_24,2,13688.0,13078.0
Mouse_Thymus3,102_33,2,16388.0,13978.0
Mouse_Thymus3,43_47,1,10488.0,15378.0
Mouse_Thymus3,53_41,1,11488.0,14778.0
Mouse_Thymus3,101_38,2,16288.0,14478.0
Mouse_Thymus3,105_57,5,16688.0,16378.0
Mouse_Thymus3,93_47,4,15488.0,15378.0
Mouse_Thymus3,113_56,5,17488.0,16278.0
Mouse_Thymus3,65_21,1,12688.0,12778.0
Mouse_Thymus3,109_50,1,17088.0,15678.0
Mouse_Thymus3,66_21,1,12788.0,12778.0
Mouse_Thymus3,87_40,4,14888.0,14678.0
Mouse_Thymus3,79_0,4,14088.0,10678.0
Mouse_Thymus3,85_5,5,14688.0,11178.0
Mouse_Thymus3,15_51,2,7688.0,15778.0
Mouse_Thymus3,38_27,5,9988.0,13378.0
Mouse_Thymus3,52_31,1,11388.0,13778.0
Mouse_Thymus3,62_22,2,12388.0,12878.0
Mouse_Thymus3,114_42,4,17588.0,14878.0
Mouse_Thymus3,108_54,5,16988.0,16078.0
Mouse_Thymus3,8_49,4,6988.0,15578.0
Mouse_Thymus3,86_56,5,14788.0,16278.0
Mouse_Thymus3,24_51,2,8588.0,15778.0
Mouse_Thymus3,113_41,1,17488.0,14778.0
Mouse_Thymus3,49_27,2,11088.0,13378.0
Mouse_Thymus3,42_45,2,10388.0,15178.0
Mouse_Thymus3,32_35,5,9388.0,14178.0
Mouse_Thymus3,90_31,1,15188.0,13778.0
Mouse_Thymus3,65_14,5,12688.0,12078.0
Mouse_Thymus3,85_9,5,14688.0,11578.0
Mouse_Thymus3,106_36,2,16788.0,14278.0
Mouse_Thymus3,64_9,5,12588.0,11578.0
Mouse_Thymus3,68_9,4,12988.0,11578.0
Mouse_Thymus3,45_47,5,10688.0,15378.0
Mouse_Thymus3,7_48,4,6888.0,15478.0
Mouse_Thymus3,110_55,5,17188.0,16178.0
Mouse_Thymus3,78_48,4,13988.0,15478.0
Mouse_Thymus3,19_51,2,8088.0,15778.0
Mouse_Thymus3,92_53,5,15388.0,15978.0
Mouse_Thymus3,103_54,5,16488.0,16078.0
Mouse_Thymus3,99_13,4,16088.0,11978.0
Mouse_Thymus3,56_13,5,11788.0,11978.0
Mouse_Thymus3,91_57,5,15288.0,16378.0
Mouse_Thymus3,99_14,5,16088.0,12078.0
Mouse_Thymus3,84_15,2,14588.0,12178.0
Mouse_Thymus3,64_4,1,12588.0,11078.0
Mouse_Thymus3,66_12,4,12788.0,11878.0
Mouse_Thymus3,99_51,5,16088.0,15778.0
Mouse_Thymus3,76_31,2,13788.0,13778.0
Mouse_Thymus3,39_19,5,10088.0,12578.0
Mouse_Thymus3,41_30,2,10288.0,13678.0
Mouse_Thymus3,67_24,2,12888.0,13078.0
Mouse_Thymus3,44_39,2,10588.0,14578.0
Mouse_Thymus3,59_19,4,12088.0,12578.0
Mouse_Thymus3,104_41,2,16588.0,14778.0
Mouse_Thymus3,80_54,5,14188.0,16078.0
Mouse_Thymus3,99_48,5,16088.0,15478.0
Mouse_Thymus3,86_42,5,14788.0,14878.0
Mouse_Thymus3,37_49,2,9888.0,15578.0
Mouse_Thymus3,35_52,5,9688.0,15878.0
Mouse_Thymus3,69_12,1,13088.0,11878.0
Mouse_Thymus3,119_54,1,18088.0,16078.0
Mouse_Thymus3,32_30,1,9388.0,13678.0
Mouse_Thymus3,85_48,5,14688.0,15478.0
Mouse_Thymus3,70_46,5,13188.0,15278.0
Mouse_Thymus3,103_42,2,16488.0,14878.0
Mouse_Thymus3,77_47,4,13888.0,15378.0
Mouse_Thymus3,90_52,1,15188.0,15878.0
Mouse_Thymus3,7_43,1,6888.0,14978.0
Mouse_Thymus3,92_56,5,15388.0,16278.0
Mouse_Thymus3,63_46,5,12488.0,15278.0
Mouse_Thymus3,16_42,5,7788.0,14878.0
Mouse_Thymus3,63_32,1,12488.0,13878.0
Mouse_Thymus3,36_26,5,9788.0,13278.0
Mouse_Thymus3,67_43,5,12888.0,14978.0
Mouse_Thymus3,100_41,2,16188.0,14778.0
Mouse_Thymus3,78_32,5,13988.0,13878.0
Mouse_Thymus3,109_46,1,17088.0,15278.0
Mouse_Thymus3,41_24,4,10288.0,13078.0
Mouse_Thymus3,88_26,1,14988.0,13278.0
Mouse_Thymus3,28_35,5,8988.0,14178.0
Mouse_Thymus3,66_40,5,12788.0,14678.0
Mouse_Thymus3,74_25,2,13588.0,13178.0
Mouse_Thymus3,61_26,2,12288.0,13278.0
Mouse_Thymus3,83_48,4,14488.0,15478.0
Mouse_Thymus3,67_19,5,12888.0,12578.0
Mouse_Thymus3,98_24,2,15988.0,13078.0
Mouse_Thymus3,100_40,2,16188.0,14678.0
Mouse_Thymus3,107_30,5,16888.0,13678.0
Mouse_Thymus3,92_47,5,15388.0,15378.0
Mouse_Thymus3,84_38,5,14588.0,14478.0
Mouse_Thymus3,109_43,2,17088.0,14978.0
Mouse_Thymus3,17_48,2,7888.0,15478.0
Mouse_Thymus3,66_10,4,12788.0,11678.0
Mouse_Thymus3,42_29,2,10388.0,13578.0
Mouse_Thymus3,48_33,1,10988.0,13978.0
Mouse_Thymus3,57_27,2,11888.0,13378.0
Mouse_Thymus3,21_47,1,8288.0,15378.0
Mouse_Thymus3,51_19,4,11288.0,12578.0
Mouse_Thymus3,63_10,5,12488.0,11678.0
Mouse_Thymus3,71_5,5,13288.0,11178.0
Mouse_Thymus3,105_51,5,16688.0,15778.0
Mouse_Thymus3,40_43,2,10188.0,14978.0
Mouse_Thymus3,20_45,5,8188.0,15178.0
Mouse_Thymus3,104_32,1,16588.0,13878.0
Mouse_Thymus3,8_51,1,6988.0,15778.0
Mouse_Thymus3,77_49,5,13888.0,15578.0
Mouse_Thymus3,69_36,2,13088.0,14278.0
Mouse_Thymus3,41_54,5,10288.0,16078.0
Mouse_Thymus3,90_15,4,15188.0,12178.0
Mouse_Thymus3,69_20,1,13088.0,12678.0
Mouse_Thymus3,56_33,1,11788.0,13978.0
Mouse_Thymus3,9_51,5,7088.0,15778.0
Mouse_Thymus3,81_49,5,14288.0,15578.0
Mouse_Thymus3,41_51,1,10288.0,15778.0
Mouse_Thymus3,86_6,4,14788.0,11278.0
Mouse_Thymus3,99_41,2,16088.0,14778.0
Mouse_Thymus3,84_6,5,14588.0,11278.0
Mouse_Thymus3,102_42,2,16388.0,14878.0
Mouse_Thymus3,75_12,1,13688.0,11878.0
Mouse_Thymus3,29_41,1,9088.0,14778.0
Mouse_Thymus3,74_47,4,13588.0,15378.0
Mouse_Thymus3,88_2,4,14988.0,10878.0
Mouse_Thymus3,98_36,2,15988.0,14278.0
Mouse_Thymus3,74_11,1,13588.0,11778.0
Mouse_Thymus3,91_12,5,15288.0,11878.0
Mouse_Thymus3,71_43,4,13288.0,14978.0
Mouse_Thymus3,57_39,5,11888.0,14578.0
Mouse_Thymus3,69_29,2,13088.0,13578.0
Mouse_Thymus3,92_28,4,15388.0,13478.0
Mouse_Thymus3,92_63,4,15388.0,16978.0
Mouse_Thymus3,53_39,1,11488.0,14578.0
Mouse_Thymus3,58_23,2,11988.0,12978.0
Mouse_Thymus3,115_38,5,17688.0,14478.0
Mouse_Thymus3,125_69,5,18688.0,17578.0
Mouse_Thymus3,86_40,5,14788.0,14678.0
Mouse_Thymus3,56_21,1,11788.0,12778.0
Mouse_Thymus3,123_63,5,18488.0,16978.0
Mouse_Thymus3,70_43,5,13188.0,14978.0
Mouse_Thymus3,37_27,1,9888.0,13378.0
Mouse_Thymus3,89_59,5,15088.0,16578.0
Mouse_Thymus3,125_65,5,18688.0,17178.0
Mouse_Thymus3,93_13,5,15488.0,11978.0
Mouse_Thymus3,36_52,5,9788.0,15878.0
Mouse_Thymus3,26_55,5,8788.0,16178.0
Mouse_Thymus3,67_13,5,12888.0,11978.0
Mouse_Thymus3,74_0,4,13588.0,10678.0
Mouse_Thymus3,101_59,5,16288.0,16578.0
Mouse_Thymus3,17_43,5,7888.0,14978.0
Mouse_Thymus3,86_33,4,14788.0,13978.0
Mouse_Thymus3,105_22,7,16688.0,12878.0
Mouse_Thymus3,63_31,1,12488.0,13778.0
Mouse_Thymus3,51_39,2,11288.0,14578.0
Mouse_Thymus3,44_36,1,10588.0,14278.0
Mouse_Thymus3,34_49,2,9588.0,15578.0
Mouse_Thymus3,116_46,4,17788.0,15278.0
Mouse_Thymus3,44_45,2,10588.0,15178.0
Mouse_Thymus3,84_31,4,14588.0,13778.0
Mouse_Thymus3,54_28,2,11588.0,13478.0
Mouse_Thymus3,36_21,7,9788.0,12778.0
Mouse_Thymus3,57_37,2,11888.0,14378.0
Mouse_Thymus3,93_35,4,15488.0,14178.0
Mouse_Thymus3,73_35,2,13488.0,14178.0
Mouse_Thymus3,28_44,2,8988.0,15078.0
Mouse_Thymus3,118_49,5,17988.0,15578.0
Mouse_Thymus3,69_19,4,13088.0,12578.0
Mouse_Thymus3,77_41,2,13888.0,14778.0
Mouse_Thymus3,100_16,4,16188.0,12278.0
Mouse_Thymus3,20_57,5,8188.0,16378.0
Mouse_Thymus3,95_61,5,15688.0,16778.0
Mouse_Thymus3,65_3,5,12688.0,10978.0
Mouse_Thymus3,98_41,4,15988.0,14778.0
Mouse_Thymus3,98_25,2,15988.0,13178.0
Mouse_Thymus3,92_4,4,15388.0,11078.0
Mouse_Thymus3,77_8,5,13888.0,11478.0
Mouse_Thymus3,49_25,1,11088.0,13178.0
Mouse_Thymus3,26_38,5,8788.0,14478.0
Mouse_Thymus3,81_15,2,14288.0,12178.0
Mouse_Thymus3,15_54,5,7688.0,16078.0
Mouse_Thymus3,95_50,5,15688.0,15678.0
Mouse_Thymus3,0_49,1,6188.0,15578.0
Mouse_Thymus3,119_70,4,18088.0,17678.0
Mouse_Thymus3,100_37,2,16188.0,14378.0
Mouse_Thymus3,111_51,5,17288.0,15778.0
Mouse_Thymus3,116_50,2,17788.0,15678.0
Mouse_Thymus3,21_41,5,8288.0,14778.0
Mouse_Thymus3,78_16,2,13988.0,12278.0
Mouse_Thymus3,57_22,2,11888.0,12878.0
Mouse_Thymus3,79_56,1,14088.0,16278.0
Mouse_Thymus3,64_8,5,12588.0,11478.0
Mouse_Thymus3,52_26,4,11388.0,13278.0
Mouse_Thymus3,79_14,1,14088.0,12078.0
Mouse_Thymus3,72_29,2,13388.0,13578.0
Mouse_Thymus3,93_34,2,15488.0,14078.0
Mouse_Thymus3,54_20,4,11588.0,12678.0
Mouse_Thymus3,74_31,2,13588.0,13778.0
Mouse_Thymus3,41_34,1,10288.0,14078.0
Mouse_Thymus3,87_17,2,14888.0,12378.0
Mouse_Thymus3,95_11,4,15688.0,11778.0
Mouse_Thymus3,67_31,2,12888.0,13778.0
Mouse_Thymus3,41_31,2,10288.0,13778.0
Mouse_Thymus3,49_24,1,11088.0,13078.0
Mouse_Thymus3,68_42,5,12988.0,14878.0
Mouse_Thymus3,30_59,4,9188.0,16578.0
Mouse_Thymus3,70_3,5,13188.0,10978.0
Mouse_Thymus3,84_44,5,14588.0,15078.0
Mouse_Thymus3,28_57,5,8988.0,16378.0
Mouse_Thymus3,101_51,4,16288.0,15778.0
Mouse_Thymus3,99_52,5,16088.0,15878.0
Mouse_Thymus3,86_30,4,14788.0,13678.0
Mouse_Thymus3,120_51,5,18188.0,15778.0
Mouse_Thymus3,64_26,2,12588.0,13278.0
Mouse_Thymus3,11_54,5,7288.0,16078.0
Mouse_Thymus3,83_44,1,14488.0,15078.0
Mouse_Thymus3,55_21,4,11688.0,12778.0
Mouse_Thymus3,50_37,1,11188.0,14378.0
Mouse_Thymus3,104_28,5,16588.0,13478.0
Mouse_Thymus3,27_33,1,8888.0,13978.0
Mouse_Thymus3,99_32,5,16088.0,13878.0
Mouse_Thymus3,57_34,2,11888.0,14078.0
Mouse_Thymus3,75_2,5,13688.0,10878.0
Mouse_Thymus3,71_38,2,13288.0,14478.0
Mouse_Thymus3,13_46,2,7488.0,15278.0
Mouse_Thymus3,93_5,4,15488.0,11178.0
Mouse_Thymus3,121_53,4,18288.0,15978.0
Mouse_Thymus3,96_14,5,15788.0,12078.0
Mouse_Thymus3,110_43,2,17188.0,14978.0
Mouse_Thymus3,55_41,5,11688.0,14778.0
Mouse_Thymus3,105_31,5,16688.0,13778.0
Mouse_Thymus3,27_44,2,8888.0,15078.0
Mouse_Thymus3,28_33,4,8988.0,13978.0
Mouse_Thymus3,33_34,1,9488.0,14078.0
Mouse_Thymus3,93_21,2,15488.0,12778.0
Mouse_Thymus3,17_49,2,7888.0,15578.0
Mouse_Thymus3,87_58,5,14888.0,16478.0
Mouse_Thymus3,68_16,4,12988.0,12278.0
Mouse_Thymus3,78_37,4,13988.0,14378.0
Mouse_Thymus3,117_64,5,17888.0,17078.0
Mouse_Thymus3,82_26,5,14388.0,13278.0
Mouse_Thymus3,27_49,2,8888.0,15578.0
Mouse_Thymus3,90_25,2,15188.0,13178.0
Mouse_Thymus3,62_42,5,12388.0,14878.0
Mouse_Thymus3,24_42,5,8588.0,14878.0
Mouse_Thymus3,17_44,5,7888.0,15078.0
Mouse_Thymus3,87_7,5,14888.0,11378.0
Mouse_Thymus3,88_29,5,14988.0,13578.0
Mouse_Thymus3,56_26,2,11788.0,13278.0
Mouse_Thymus3,92_15,5,15388.0,12178.0
Mouse_Thymus3,86_16,2,14788.0,12278.0
Mouse_Thymus3,65_28,2,12688.0,13478.0
Mouse_Thymus3,102_26,4,16388.0,13278.0
Mouse_Thymus3,98_23,2,15988.0,12978.0
Mouse_Thymus3,25_49,2,8688.0,15578.0
Mouse_Thymus3,23_43,1,8488.0,14978.0
Mouse_Thymus3,59_47,4,12088.0,15378.0
Mouse_Thymus3,97_30,4,15888.0,13678.0
Mouse_Thymus3,75_1,5,13688.0,10778.0
Mouse_Thymus3,120_69,5,18188.0,17578.0
Mouse_Thymus3,78_7,5,13988.0,11378.0
Mouse_Thymus3,110_41,2,17188.0,14778.0
Mouse_Thymus3,87_27,5,14888.0,13378.0
Mouse_Thymus3,95_48,4,15688.0,15478.0
Mouse_Thymus3,106_48,5,16788.0,15478.0
Mouse_Thymus3,9_53,5,7088.0,15978.0
Mouse_Thymus3,66_34,1,12788.0,14078.0
Mouse_Thymus3,66_25,2,12788.0,13178.0
Mouse_Thymus3,89_15,2,15088.0,12178.0
Mouse_Thymus3,114_63,5,17588.0,16978.0
Mouse_Thymus3,86_52,1,14788.0,15878.0
Mouse_Thymus3,117_50,1,17888.0,15678.0
Mouse_Thymus3,68_37,2,12988.0,14378.0
Mouse_Thymus3,53_34,2,11488.0,14078.0
Mouse_Thymus3,10_47,2,7188.0,15378.0
Mouse_Thymus3,31_28,4,9288.0,13478.0
Mouse_Thymus3,72_43,2,13388.0,14978.0
Mouse_Thymus3,86_7,5,14788.0,11378.0
Mouse_Thymus3,97_33,4,15888.0,13978.0
Mouse_Thymus3,60_46,5,12188.0,15278.0
Mouse_Thymus3,54_42,5,11588.0,14878.0
Mouse_Thymus3,73_45,1,13488.0,15178.0
Mouse_Thymus3,92_9,5,15388.0,11578.0
Mouse_Thymus3,70_10,4,13188.0,11678.0
Mouse_Thymus3,87_45,5,14888.0,15178.0
Mouse_Thymus3,44_43,2,10588.0,14978.0
Mouse_Thymus3,95_45,5,15688.0,15178.0
Mouse_Thymus3,60_44,1,12188.0,15078.0
Mouse_Thymus3,18_59,4,7988.0,16578.0
Mouse_Thymus3,77_6,5,13888.0,11278.0
Mouse_Thymus3,83_27,2,14488.0,13378.0
Mouse_Thymus3,107_38,2,16888.0,14478.0
Mouse_Thymus3,84_21,2,14588.0,12778.0
Mouse_Thymus3,53_32,1,11488.0,13878.0
Mouse_Thymus3,34_52,5,9588.0,15878.0
Mouse_Thymus3,91_36,1,15288.0,14278.0
Mouse_Thymus3,89_39,4,15088.0,14578.0
Mouse_Thymus3,70_37,2,13188.0,14378.0
Mouse_Thymus3,68_23,2,12988.0,12978.0
Mouse_Thymus3,29_42,7,9088.0,14878.0
Mouse_Thymus3,96_19,1,15788.0,12578.0
Mouse_Thymus3,116_56,1,17788.0,16278.0
Mouse_Thymus3,80_24,2,14188.0,13078.0
Mouse_Thymus3,69_28,2,13088.0,13478.0
Mouse_Thymus3,38_41,2,9988.0,14778.0
Mouse_Thymus3,111_35,5,17288.0,14178.0
Mouse_Thymus3,62_36,2,12388.0,14278.0
Mouse_Thymus3,73_47,5,13488.0,15378.0
Mouse_Thymus3,120_57,1,18188.0,16378.0
Mouse_Thymus3,64_43,1,12588.0,14978.0
Mouse_Thymus3,69_45,5,13088.0,15178.0
Mouse_Thymus3,57_45,5,11888.0,15178.0
Mouse_Thymus3,74_49,5,13588.0,15578.0
Mouse_Thymus3,102_40,2,16388.0,14678.0
Mouse_Thymus3,101_19,4,16288.0,12578.0
Mouse_Thymus3,67_11,4,12888.0,11778.0
Mouse_Thymus3,82_34,5,14388.0,14078.0
Mouse_Thymus3,46_25,5,10788.0,13178.0
Mouse_Thymus3,117_67,5,17888.0,17378.0
Mouse_Thymus3,66_22,2,12788.0,12878.0
Mouse_Thymus3,119_44,4,18088.0,15078.0
Mouse_Thymus3,83_33,1,14488.0,13978.0
Mouse_Thymus3,74_24,2,13588.0,13078.0
Mouse_Thymus3,36_37,5,9788.0,14378.0
Mouse_Thymus3,34_56,5,9588.0,16278.0
Mouse_Thymus3,69_5,5,13088.0,11178.0
Mouse_Thymus3,92_32,4,15388.0,13878.0
Mouse_Thymus3,78_6,4,13988.0,11278.0
Mouse_Thymus3,45_17,5,10688.0,12378.0
Mouse_Thymus3,88_11,5,14988.0,11778.0
Mouse_Thymus3,31_33,5,9288.0,13978.0
Mouse_Thymus3,73_33,2,13488.0,13978.0
Mouse_Thymus3,50_38,1,11188.0,14478.0
Mouse_Thymus3,92_42,5,15388.0,14878.0
Mouse_Thymus3,37_41,1,9888.0,14778.0
Mouse_Thymus3,62_37,4,12388.0,14378.0
Mouse_Thymus3,31_49,2,9288.0,15578.0
Mouse_Thymus3,104_56,5,16588.0,16278.0
Mouse_Thymus3,92_45,4,15388.0,15178.0
Mouse_Thymus3,83_34,4,14488.0,14078.0
Mouse_Thymus3,66_13,4,12788.0,11978.0
Mouse_Thymus3,100_26,2,16188.0,13278.0
Mouse_Thymus3,59_34,2,12088.0,14078.0
Mouse_Thymus3,113_39,5,17488.0,14578.0
Mouse_Thymus3,74_28,2,13588.0,13478.0
Mouse_Thymus3,51_25,4,11288.0,13178.0
Mouse_Thymus3,67_14,4,12888.0,12078.0
Mouse_Thymus3,74_43,2,13588.0,14978.0
Mouse_Thymus3,8_48,1,6988.0,15478.0
Mouse_Thymus3,13_43,5,7488.0,14978.0
Mouse_Thymus3,73_37,2,13488.0,14378.0
Mouse_Thymus3,21_51,2,8288.0,15778.0
Mouse_Thymus3,71_27,2,13288.0,13378.0
Mouse_Thymus3,97_36,2,15888.0,14278.0
Mouse_Thymus3,70_17,5,13188.0,12378.0
Mouse_Thymus3,91_26,2,15288.0,13278.0
Mouse_Thymus3,63_21,2,12488.0,12778.0
Mouse_Thymus3,101_22,5,16288.0,12878.0
Mouse_Thymus3,97_28,1,15888.0,13478.0
Mouse_Thymus3,118_63,4,17988.0,16978.0
Mouse_Thymus3,115_49,2,17688.0,15578.0
Mouse_Thymus3,46_24,5,10788.0,13078.0
Mouse_Thymus3,96_37,2,15788.0,14378.0
Mouse_Thymus3,68_0,5,12988.0,10678.0
Mouse_Thymus3,29_51,2,9088.0,15778.0
Mouse_Thymus3,88_43,5,14988.0,14978.0
Mouse_Thymus3,62_18,4,12388.0,12478.0
Mouse_Thymus3,54_41,1,11588.0,14778.0
Mouse_Thymus3,24_60,4,8588.0,16678.0
Mouse_Thymus3,60_13,4,12188.0,11978.0
Mouse_Thymus3,42_28,2,10388.0,13478.0
Mouse_Thymus3,36_32,2,9788.0,13878.0
Mouse_Thymus3,98_61,5,15988.0,16778.0
Mouse_Thymus3,107_49,5,16888.0,15578.0
Mouse_Thymus3,76_6,5,13788.0,11278.0
Mouse_Thymus3,61_15,1,12288.0,12178.0
Mouse_Thymus3,30_26,7,9188.0,13278.0
Mouse_Thymus3,97_39,2,15888.0,14578.0
Mouse_Thymus3,37_52,5,9888.0,15878.0
Mouse_Thymus3,96_25,2,15788.0,13178.0
Mouse_Thymus3,67_9,5,12888.0,11578.0
Mouse_Thymus3,33_55,5,9488.0,16178.0
Mouse_Thymus3,102_45,4,16388.0,15178.0
Mouse_Thymus3,77_51,5,13888.0,15778.0
Mouse_Thymus3,53_17,5,11488.0,12378.0
Mouse_Thymus3,45_27,2,10688.0,13378.0
Mouse_Thymus3,68_39,2,12988.0,14578.0
Mouse_Thymus3,75_14,1,13688.0,12078.0
Mouse_Thymus3,53_29,2,11488.0,13578.0
Mouse_Thymus3,45_30,2,10688.0,13678.0
Mouse_Thymus3,109_53,5,17088.0,15978.0
Mouse_Thymus3,21_46,2,8288.0,15278.0
Mouse_Thymus3,104_22,4,16588.0,12878.0
Mouse_Thymus3,83_53,5,14488.0,15978.0
Mouse_Thymus3,116_44,5,17788.0,15078.0
Mouse_Thymus3,79_34,5,14088.0,14078.0
Mouse_Thymus3,88_18,2,14988.0,12478.0
Mouse_Thymus3,19_40,4,8088.0,14678.0
Mouse_Thymus3,97_16,5,15888.0,12278.0
Mouse_Thymus3,115_44,5,17688.0,15078.0
Mouse_Thymus3,69_25,2,13088.0,13178.0
Mouse_Thymus3,65_33,4,12688.0,13978.0
Mouse_Thymus3,61_42,5,12288.0,14878.0
Mouse_Thymus3,4_52,4,6588.0,15878.0
Mouse_Thymus3,121_60,1,18288.0,16678.0
Mouse_Thymus3,77_27,1,13888.0,13378.0
Mouse_Thymus3,66_49,4,12788.0,15578.0
Mouse_Thymus3,75_43,2,13688.0,14978.0
Mouse_Thymus3,105_24,4,16688.0,13078.0
Mouse_Thymus3,67_37,2,12888.0,14378.0
Mouse_Thymus3,110_46,2,17188.0,15278.0
Mouse_Thymus3,82_29,2,14388.0,13578.0
Mouse_Thymus3,74_21,2,13588.0,12778.0
Mouse_Thymus3,39_45,2,10088.0,15178.0
Mouse_Thymus3,46_27,2,10788.0,13378.0
Mouse_Thymus3,118_65,5,17988.0,17178.0
Mouse_Thymus3,81_19,2,14288.0,12578.0
Mouse_Thymus3,27_35,5,8888.0,14178.0
Mouse_Thymus3,124_70,5,18588.0,17678.0
Mouse_Thymus3,73_2,5,13488.0,10878.0
Mouse_Thymus3,93_55,5,15488.0,16178.0
Mouse_Thymus3,86_57,5,14788.0,16378.0
Mouse_Thymus3,95_46,4,15688.0,15278.0
Mouse_Thymus3,65_46,4,12688.0,15278.0
Mouse_Thymus3,105_40,2,16688.0,14678.0
Mouse_Thymus3,38_25,5,9988.0,13178.0
Mouse_Thymus3,61_12,5,12288.0,11878.0
Mouse_Thymus3,57_17,5,11888.0,12378.0
Mouse_Thymus3,55_43,5,11688.0,14978.0
Mouse_Thymus3,45_26,5,10688.0,13278.0
Mouse_Thymus3,78_33,5,13988.0,13978.0
Mouse_Thymus3,33_31,2,9488.0,13778.0
Mouse_Thymus3,61_22,2,12288.0,12878.0
Mouse_Thymus3,117_61,2,17888.0,16778.0
Mouse_Thymus3,70_7,5,13188.0,11378.0
Mouse_Thymus3,99_18,5,16088.0,12478.0
Mouse_Thymus3,41_29,2,10288.0,13578.0
Mouse_Thymus3,38_20,5,9988.0,12678.0
Mouse_Thymus3,95_55,5,15688.0,16178.0
Mouse_Thymus3,61_10,5,12288.0,11678.0
Mouse_Thymus3,59_21,5,12088.0,12778.0
Mouse_Thymus3,101_23,5,16288.0,12978.0
Mouse_Thymus3,99_49,4,16088.0,15578.0
Mouse_Thymus3,20_56,5,8188.0,16278.0
Mouse_Thymus3,120_63,5,18188.0,16978.0
Mouse_Thymus3,40_42,2,10188.0,14878.0
Mouse_Thymus3,18_46,2,7988.0,15278.0
Mouse_Thymus3,47_38,2,10888.0,14478.0
Mouse_Thymus3,115_37,7,17688.0,14378.0
Mouse_Thymus3,77_35,5,13888.0,14178.0
Mouse_Thymus3,124_64,5,18588.0,17078.0
Mouse_Thymus3,99_54,1,16088.0,16078.0
Mouse_Thymus3,23_46,2,8488.0,15278.0
Mouse_Thymus3,55_26,2,11688.0,13278.0
Mouse_Thymus3,84_29,2,14588.0,13578.0
Mouse_Thymus3,101_29,4,16288.0,13578.0
Mouse_Thymus3,27_43,1,8888.0,14978.0
Mouse_Thymus3,113_42,4,17488.0,14878.0
Mouse_Thymus3,88_48,5,14988.0,15478.0
Mouse_Thymus3,86_59,4,14788.0,16578.0
Mouse_Thymus3,66_19,5,12788.0,12578.0
Mouse_Thymus3,42_55,7,10388.0,16178.0
Mouse_Thymus3,50_31,5,11188.0,13778.0
Mouse_Thymus3,65_47,5,12688.0,15378.0
Mouse_Thymus3,107_50,5,16888.0,15678.0
Mouse_Thymus3,67_27,2,12888.0,13378.0
Mouse_Thymus3,7_47,5,6888.0,15378.0
Mouse_Thymus3,88_47,5,14988.0,15378.0
Mouse_Thymus3,67_4,5,12888.0,11078.0
Mouse_Thymus3,41_32,2,10288.0,13878.0
Mouse_Thymus3,114_67,7,17588.0,17378.0
Mouse_Thymus3,112_45,2,17388.0,15178.0
Mouse_Thymus3,92_61,4,15388.0,16778.0
Mouse_Thymus3,25_46,2,8688.0,15278.0
Mouse_Thymus3,81_22,2,14288.0,12878.0
Mouse_Thymus3,44_21,5,10588.0,12778.0
Mouse_Thymus3,55_37,1,11688.0,14378.0
Mouse_Thymus3,79_55,7,14088.0,16178.0
Mouse_Thymus3,30_60,4,9188.0,16678.0
Mouse_Thymus3,18_44,5,7988.0,15078.0
Mouse_Thymus3,89_49,5,15088.0,15578.0
Mouse_Thymus3,71_6,5,13288.0,11278.0
Mouse_Thymus3,86_54,5,14788.0,16078.0
Mouse_Thymus3,97_43,4,15888.0,14978.0
Mouse_Thymus3,43_34,5,10488.0,14078.0
Mouse_Thymus3,52_39,1,11388.0,14578.0
Mouse_Thymus3,74_32,2,13588.0,13878.0
Mouse_Thymus3,120_59,2,18188.0,16578.0
Mouse_Thymus3,6_49,5,6788.0,15578.0
Mouse_Thymus3,95_24,2,15688.0,13078.0
Mouse_Thymus3,95_29,4,15688.0,13578.0
Mouse_Thymus3,90_53,5,15188.0,15978.0
Mouse_Thymus3,114_59,5,17588.0,16578.0
Mouse_Thymus3,87_57,5,14888.0,16378.0
Mouse_Thymus3,14_46,2,7588.0,15278.0
Mouse_Thymus3,91_14,4,15288.0,12078.0
Mouse_Thymus3,94_48,5,15588.0,15478.0
Mouse_Thymus3,45_36,5,10688.0,14278.0
Mouse_Thymus3,110_33,5,17188.0,13978.0
Mouse_Thymus3,35_48,2,9688.0,15478.0
Mouse_Thymus3,42_42,2,10388.0,14878.0
Mouse_Thymus3,87_18,2,14888.0,12478.0
Mouse_Thymus3,15_57,4,7688.0,16378.0
Mouse_Thymus3,108_51,5,16988.0,15778.0
Mouse_Thymus3,60_26,2,12188.0,13278.0
Mouse_Thymus3,30_33,1,9188.0,13978.0
Mouse_Thymus3,77_7,5,13888.0,11378.0
Mouse_Thymus3,54_32,1,11588.0,13878.0
Mouse_Thymus3,7_46,5,6888.0,15278.0
Mouse_Thymus3,38_54,5,9988.0,16078.0
Mouse_Thymus3,83_32,4,14488.0,13878.0
Mouse_Thymus3,88_16,2,14988.0,12278.0
Mouse_Thymus3,66_38,2,12788.0,14478.0
Mouse_Thymus3,24_58,5,8588.0,16478.0
Mouse_Thymus3,26_52,1,8788.0,15878.0
Mouse_Thymus3,24_39,5,8588.0,14578.0
Mouse_Thymus3,45_23,5,10688.0,12978.0
Mouse_Thymus3,52_36,2,11388.0,14278.0
Mouse_Thymus3,44_46,1,10588.0,15278.0
Mouse_Thymus3,107_51,5,16888.0,15778.0
Mouse_Thymus3,40_33,1,10188.0,13978.0
Mouse_Thymus3,32_45,2,9388.0,15178.0
Mouse_Thymus3,93_17,4,15488.0,12378.0
Mouse_Thymus3,19_39,5,8088.0,14578.0
Mouse_Thymus3,66_44,5,12788.0,15078.0
Mouse_Thymus3,28_41,1,8988.0,14778.0
Mouse_Thymus3,81_1,4,14288.0,10778.0
Mouse_Thymus3,81_30,7,14288.0,13678.0
Mouse_Thymus3,101_46,5,16288.0,15278.0
Mouse_Thymus3,25_54,1,8688.0,16078.0
Mouse_Thymus3,93_12,5,15488.0,11878.0
Mouse_Thymus3,54_24,5,11588.0,13078.0
Mouse_Thymus3,86_9,5,14788.0,11578.0
Mouse_Thymus3,31_34,1,9288.0,14078.0
Mouse_Thymus3,3_52,4,6488.0,15878.0
Mouse_Thymus3,107_58,5,16888.0,16478.0
Mouse_Thymus3,81_42,4,14288.0,14878.0
Mouse_Thymus3,101_60,5,16288.0,16678.0
Mouse_Thymus3,55_13,5,11688.0,11978.0
Mouse_Thymus3,96_20,4,15788.0,12678.0
Mouse_Thymus3,112_43,2,17388.0,14978.0
Mouse_Thymus3,68_26,2,12988.0,13278.0
Mouse_Thymus3,86_14,2,14788.0,12078.0
Mouse_Thymus3,107_55,5,16888.0,16178.0
Mouse_Thymus3,92_50,5,15388.0,15678.0
Mouse_Thymus3,31_26,1,9288.0,13278.0
Mouse_Thymus3,94_16,5,15588.0,12278.0
Mouse_Thymus3,106_51,5,16788.0,15778.0
Mouse_Thymus3,101_48,5,16288.0,15478.0
Mouse_Thymus3,35_40,5,9688.0,14678.0
Mouse_Thymus3,99_28,2,16088.0,13478.0
Mouse_Thymus3,74_48,4,13588.0,15478.0
Mouse_Thymus3,116_51,2,17788.0,15778.0
Mouse_Thymus3,11_52,1,7288.0,15878.0
Mouse_Thymus3,113_45,2,17488.0,15178.0
Mouse_Thymus3,61_45,5,12288.0,15178.0
Mouse_Thymus3,80_50,4,14188.0,15678.0
Mouse_Thymus3,60_25,2,12188.0,13178.0
Mouse_Thymus3,57_38,2,11888.0,14478.0
Mouse_Thymus3,80_43,4,14188.0,14978.0
Mouse_Thymus3,112_44,2,17388.0,15078.0
Mouse_Thymus3,90_17,2,15188.0,12378.0
Mouse_Thymus3,94_36,1,15588.0,14278.0
Mouse_Thymus3,78_29,2,13988.0,13578.0
Mouse_Thymus3,93_42,5,15488.0,14878.0
Mouse_Thymus3,4_45,4,6588.0,15178.0
Mouse_Thymus3,103_34,2,16488.0,14078.0
Mouse_Thymus3,8_47,5,6988.0,15378.0
Mouse_Thymus3,67_48,5,12888.0,15478.0
Mouse_Thymus3,101_24,5,16288.0,13078.0
Mouse_Thymus3,78_23,2,13988.0,12978.0
Mouse_Thymus3,69_1,5,13088.0,10778.0
Mouse_Thymus3,36_40,5,9788.0,14678.0
Mouse_Thymus3,90_12,4,15188.0,11878.0
Mouse_Thymus3,28_38,5,8988.0,14478.0
Mouse_Thymus3,52_42,5,11388.0,14878.0
Mouse_Thymus3,80_40,5,14188.0,14678.0
Mouse_Thymus3,59_45,5,12088.0,15178.0
Mouse_Thymus3,107_60,1,16888.0,16678.0
Mouse_Thymus3,89_46,5,15088.0,15278.0
Mouse_Thymus3,30_43,2,9188.0,14978.0
Mouse_Thymus3,89_48,5,15088.0,15478.0
Mouse_Thymus3,58_40,5,11988.0,14678.0
Mouse_Thymus3,102_41,2,16388.0,14778.0
Mouse_Thymus3,57_23,2,11888.0,12978.0
Mouse_Thymus3,94_9,5,15588.0,11578.0
Mouse_Thymus3,18_39,1,7988.0,14578.0
Mouse_Thymus3,103_36,2,16488.0,14278.0
Mouse_Thymus3,109_52,5,17088.0,15878.0
Mouse_Thymus3,85_59,7,14688.0,16578.0
Mouse_Thymus3,41_36,5,10288.0,14278.0
Mouse_Thymus3,97_62,5,15888.0,16878.0
Mouse_Thymus3,85_35,5,14688.0,14178.0
Mouse_Thymus3,91_59,5,15288.0,16578.0
Mouse_Thymus3,38_26,4,9988.0,13278.0
Mouse_Thymus3,28_37,1,8988.0,14378.0
Mouse_Thymus3,113_36,5,17488.0,14278.0
Mouse_Thymus3,83_19,2,14488.0,12578.0
Mouse_Thymus3,84_47,4,14588.0,15378.0
Mouse_Thymus3,14_56,4,7588.0,16278.0
Mouse_Thymus3,87_47,5,14888.0,15378.0
Mouse_Thymus3,28_31,5,8988.0,13778.0
Mouse_Thymus3,119_52,5,18088.0,15878.0
Mouse_Thymus3,71_3,5,13288.0,10978.0
Mouse_Thymus3,85_32,4,14688.0,13878.0
Mouse_Thymus3,76_28,2,13788.0,13478.0
Mouse_Thymus3,74_3,5,13588.0,10978.0
Mouse_Thymus3,70_45,5,13188.0,15178.0
Mouse_Thymus3,40_30,2,10188.0,13678.0
Mouse_Thymus3,84_51,4,14588.0,15778.0
Mouse_Thymus3,90_27,2,15188.0,13378.0
Mouse_Thymus3,98_35,1,15988.0,14178.0
Mouse_Thymus3,85_41,4,14688.0,14778.0
Mouse_Thymus3,105_27,5,16688.0,13378.0
Mouse_Thymus3,68_19,4,12988.0,12578.0
Mouse_Thymus3,79_35,5,14088.0,14178.0
Mouse_Thymus3,90_32,5,15188.0,13878.0
Mouse_Thymus3,97_24,2,15888.0,13078.0
Mouse_Thymus3,97_26,2,15888.0,13278.0
Mouse_Thymus3,48_44,1,10988.0,15078.0
Mouse_Thymus3,78_51,4,13988.0,15778.0
Mouse_Thymus3,37_25,5,9888.0,13178.0
Mouse_Thymus3,113_52,5,17488.0,15878.0
Mouse_Thymus3,80_45,5,14188.0,15178.0
Mouse_Thymus3,64_37,2,12588.0,14378.0
Mouse_Thymus3,85_26,1,14688.0,13278.0
Mouse_Thymus3,70_48,5,13188.0,15478.0
Mouse_Thymus3,10_49,2,7188.0,15578.0
Mouse_Thymus3,91_30,4,15288.0,13678.0
Mouse_Thymus3,113_53,5,17488.0,15978.0
Mouse_Thymus3,104_58,5,16588.0,16478.0
Mouse_Thymus3,71_15,4,13288.0,12178.0
Mouse_Thymus3,94_63,4,15588.0,16978.0
Mouse_Thymus3,15_40,4,7688.0,14678.0
Mouse_Thymus3,53_33,1,11488.0,13978.0
Mouse_Thymus3,82_10,5,14388.0,11678.0
Mouse_Thymus3,113_49,4,17488.0,15578.0
Mouse_Thymus3,39_30,7,10088.0,13678.0
Mouse_Thymus3,76_21,2,13788.0,12778.0
Mouse_Thymus3,90_45,5,15188.0,15178.0
Mouse_Thymus3,16_45,4,7788.0,15178.0
Mouse_Thymus3,55_44,4,11688.0,15078.0
Mouse_Thymus3,93_54,5,15488.0,16078.0
Mouse_Thymus3,86_1,4,14788.0,10778.0
Mouse_Thymus3,31_52,5,9288.0,15878.0
Mouse_Thymus3,99_26,2,16088.0,13278.0
Mouse_Thymus3,35_50,5,9688.0,15678.0
Mouse_Thymus3,42_43,2,10388.0,14978.0
Mouse_Thymus3,31_30,5,9288.0,13678.0
Mouse_Thymus3,9_48,2,7088.0,15478.0
Mouse_Thymus3,90_18,2,15188.0,12478.0
Mouse_Thymus3,73_49,5,13488.0,15578.0
Mouse_Thymus3,56_35,2,11788.0,14178.0
Mouse_Thymus3,38_23,4,9988.0,12978.0
Mouse_Thymus3,27_53,5,8888.0,15978.0
Mouse_Thymus3,114_47,2,17588.0,15378.0
Mouse_Thymus3,107_46,2,16888.0,15278.0
Mouse_Thymus3,97_45,5,15888.0,15178.0
Mouse_Thymus3,27_45,2,8888.0,15178.0
Mouse_Thymus3,98_51,5,15988.0,15778.0
Mouse_Thymus3,76_27,2,13788.0,13378.0
Mouse_Thymus3,66_3,5,12788.0,10978.0
Mouse_Thymus3,70_4,4,13188.0,11078.0
Mouse_Thymus3,55_30,2,11688.0,13678.0
Mouse_Thymus3,51_43,5,11288.0,14978.0
Mouse_Thymus3,120_54,5,18188.0,16078.0
Mouse_Thymus3,87_38,5,14888.0,14478.0
Mouse_Thymus3,68_33,1,12988.0,13978.0
Mouse_Thymus3,123_68,5,18488.0,17478.0
Mouse_Thymus3,65_27,2,12688.0,13378.0
Mouse_Thymus3,57_20,5,11888.0,12678.0
Mouse_Thymus3,37_47,2,9888.0,15378.0
Mouse_Thymus3,39_43,2,10088.0,14978.0
Mouse_Thymus3,53_43,5,11488.0,14978.0
Mouse_Thymus3,103_33,2,16488.0,13978.0
Mouse_Thymus3,8_55,4,6988.0,16178.0
Mouse_Thymus3,109_61,4,17088.0,16778.0
Mouse_Thymus3,126_69,7,18788.0,17578.0
Mouse_Thymus3,69_14,1,13088.0,12078.0
Mouse_Thymus3,79_32,1,14088.0,13878.0
Mouse_Thymus3,80_49,4,14188.0,15578.0
Mouse_Thymus3,86_2,4,14788.0,10878.0
Mouse_Thymus3,81_50,5,14288.0,15678.0
Mouse_Thymus3,106_41,2,16788.0,14778.0
Mouse_Thymus3,87_8,5,14888.0,11478.0
Mouse_Thymus3,122_64,1,18388.0,17078.0
Mouse_Thymus3,57_28,2,11888.0,13478.0
Mouse_Thymus3,33_59,4,9488.0,16578.0
Mouse_Thymus3,109_38,2,17088.0,14478.0
Mouse_Thymus3,102_53,5,16388.0,15978.0
Mouse_Thymus3,104_33,2,16588.0,13978.0
Mouse_Thymus3,100_28,2,16188.0,13478.0
Mouse_Thymus3,42_23,5,10388.0,12978.0
Mouse_Thymus3,106_34,1,16788.0,14078.0
Mouse_Thymus3,54_43,5,11588.0,14978.0
Mouse_Thymus3,102_35,2,16388.0,14178.0
Mouse_Thymus3,70_23,2,13188.0,12978.0
Mouse_Thymus3,111_47,1,17288.0,15378.0
Mouse_Thymus3,50_24,5,11188.0,13078.0
Mouse_Thymus3,10_51,1,7188.0,15778.0
Mouse_Thymus3,60_43,5,12188.0,14978.0
Mouse_Thymus3,77_26,2,13888.0,13278.0
Mouse_Thymus3,78_44,2,13988.0,15078.0
Mouse_Thymus3,76_42,2,13788.0,14878.0
Mouse_Thymus3,63_43,5,12488.0,14978.0
Mouse_Thymus3,68_41,5,12988.0,14778.0
Mouse_Thymus3,77_37,2,13888.0,14378.0
Mouse_Thymus3,115_36,4,17688.0,14278.0
Mouse_Thymus3,22_50,2,8388.0,15678.0
Mouse_Thymus3,85_40,5,14688.0,14678.0
Mouse_Thymus3,46_37,1,10788.0,14378.0
Mouse_Thymus3,42_25,5,10388.0,13178.0
Mouse_Thymus3,20_53,1,8188.0,15978.0
Mouse_Thymus3,5_52,4,6688.0,15878.0
Mouse_Thymus3,90_35,4,15188.0,14178.0
Mouse_Thymus3,117_53,2,17888.0,15978.0
Mouse_Thymus3,121_54,5,18288.0,16078.0
Mouse_Thymus3,22_38,5,8388.0,14478.0
Mouse_Thymus3,48_45,5,10988.0,15178.0
Mouse_Thymus3,123_66,1,18488.0,17278.0
Mouse_Thymus3,39_56,1,10088.0,16278.0
Mouse_Thymus3,85_17,2,14688.0,12378.0
Mouse_Thymus3,88_6,5,14988.0,11278.0
Mouse_Thymus3,100_56,5,16188.0,16278.0
Mouse_Thymus3,52_13,1,11388.0,11978.0
Mouse_Thymus3,57_24,2,11888.0,13078.0
Mouse_Thymus3,79_23,2,14088.0,12978.0
Mouse_Thymus3,71_33,2,13288.0,13978.0
Mouse_Thymus3,6_54,7,6788.0,16078.0
Mouse_Thymus3,49_16,5,11088.0,12278.0
Mouse_Thymus3,99_19,5,16088.0,12578.0
Mouse_Thymus3,83_58,1,14488.0,16478.0
Mouse_Thymus3,66_4,5,12788.0,11078.0
Mouse_Thymus3,75_44,2,13688.0,15078.0
Mouse_Thymus3,68_6,5,12988.0,11278.0
Mouse_Thymus3,61_36,2,12288.0,14278.0
Mouse_Thymus3,43_17,5,10488.0,12378.0
Mouse_Thymus3,43_44,2,10488.0,15078.0
Mouse_Thymus3,56_27,2,11788.0,13378.0
Mouse_Thymus3,88_12,4,14988.0,11878.0
Mouse_Thymus3,73_40,2,13488.0,14678.0
Mouse_Thymus3,108_61,4,16988.0,16778.0
Mouse_Thymus3,111_62,5,17288.0,16878.0
Mouse_Thymus3,85_42,5,14688.0,14878.0
Mouse_Thymus3,35_59,7,9688.0,16578.0
Mouse_Thymus3,35_55,5,9688.0,16178.0
Mouse_Thymus3,120_56,4,18188.0,16278.0
Mouse_Thymus3,75_50,5,13688.0,15678.0
Mouse_Thymus3,109_62,1,17088.0,16878.0
Mouse_Thymus3,111_44,2,17288.0,15078.0
Mouse_Thymus3,65_30,1,12688.0,13678.0
Mouse_Thymus3,65_43,5,12688.0,14978.0
Mouse_Thymus3,70_6,4,13188.0,11278.0
Mouse_Thymus3,44_26,5,10588.0,13278.0
Mouse_Thymus3,12_46,2,7388.0,15278.0
Mouse_Thymus3,37_29,1,9888.0,13578.0
Mouse_Thymus3,80_3,5,14188.0,10978.0
Mouse_Thymus3,46_32,5,10788.0,13878.0
Mouse_Thymus3,60_10,5,12188.0,11678.0
Mouse_Thymus3,36_35,1,9788.0,14178.0
Mouse_Thymus3,97_52,5,15888.0,15878.0
Mouse_Thymus3,94_47,4,15588.0,15378.0
Mouse_Thymus3,72_8,1,13388.0,11478.0
Mouse_Thymus3,41_45,2,10288.0,15178.0
Mouse_Thymus3,87_5,5,14888.0,11178.0
Mouse_Thymus3,89_47,5,15088.0,15378.0
Mouse_Thymus3,81_26,1,14288.0,13278.0
Mouse_Thymus3,10_55,4,7188.0,16178.0
Mouse_Thymus3,89_51,5,15088.0,15778.0
Mouse_Thymus3,100_36,2,16188.0,14278.0
Mouse_Thymus3,86_20,1,14788.0,12678.0
Mouse_Thymus3,119_58,2,18088.0,16478.0
Mouse_Thymus3,121_51,5,18288.0,15778.0
Mouse_Thymus3,100_18,4,16188.0,12478.0
Mouse_Thymus3,104_50,5,16588.0,15678.0
Mouse_Thymus3,46_19,1,10788.0,12578.0
Mouse_Thymus3,105_56,5,16688.0,16278.0
Mouse_Thymus3,64_45,4,12588.0,15178.0
Mouse_Thymus3,16_58,4,7788.0,16478.0
Mouse_Thymus3,102_58,5,16388.0,16478.0
Mouse_Thymus3,94_6,4,15588.0,11278.0
Mouse_Thymus3,85_13,2,14688.0,11978.0
Mouse_Thymus3,111_57,4,17288.0,16378.0
Mouse_Thymus3,88_17,2,14988.0,12378.0
Mouse_Thymus3,100_44,4,16188.0,15078.0
Mouse_Thymus3,21_48,2,8288.0,15478.0
Mouse_Thymus3,101_25,1,16288.0,13178.0
Mouse_Thymus3,59_15,4,12088.0,12178.0
Mouse_Thymus3,24_36,5,8588.0,14278.0
Mouse_Thymus3,22_45,1,8388.0,15178.0
Mouse_Thymus3,53_27,2,11488.0,13378.0
Mouse_Thymus3,99_38,2,16088.0,14478.0
Mouse_Thymus3,118_62,1,17988.0,16878.0
Mouse_Thymus3,53_22,2,11488.0,12878.0
Mouse_Thymus3,93_31,1,15488.0,13778.0
Mouse_Thymus3,35_34,2,9688.0,14078.0
Mouse_Thymus3,64_7,4,12588.0,11378.0
Mouse_Thymus3,66_46,5,12788.0,15278.0
Mouse_Thymus3,52_25,4,11388.0,13178.0
Mouse_Thymus3,11_49,2,7288.0,15578.0
Mouse_Thymus3,117_69,1,17888.0,17578.0
Mouse_Thymus3,81_32,1,14288.0,13878.0
Mouse_Thymus3,36_57,1,9788.0,16378.0
Mouse_Thymus3,74_20,2,13588.0,12678.0
Mouse_Thymus3,74_13,1,13588.0,11978.0
Mouse_Thymus3,31_54,5,9288.0,16078.0
Mouse_Thymus3,32_25,4,9388.0,13178.0
Mouse_Thymus3,51_44,1,11288.0,15078.0
Mouse_Thymus3,90_14,4,15188.0,12078.0
Mouse_Thymus3,98_13,4,15988.0,11978.0
Mouse_Thymus3,71_7,5,13288.0,11378.0
Mouse_Thymus3,125_71,5,18688.0,17778.0
Mouse_Thymus3,66_48,5,12788.0,15478.0
Mouse_Thymus3,105_41,2,16688.0,14778.0
Mouse_Thymus3,89_28,4,15088.0,13478.0
Mouse_Thymus3,100_59,5,16188.0,16578.0
Mouse_Thymus3,115_39,5,17688.0,14578.0
Mouse_Thymus3,92_7,5,15388.0,11378.0
Mouse_Thymus3,96_46,5,15788.0,15278.0
Mouse_Thymus3,116_67,7,17788.0,17378.0
Mouse_Thymus3,63_37,2,12488.0,14378.0
Mouse_Thymus3,33_49,2,9488.0,15578.0
Mouse_Thymus3,85_27,1,14688.0,13378.0
Mouse_Thymus3,60_14,4,12188.0,12078.0
Mouse_Thymus3,82_31,5,14388.0,13778.0
Mouse_Thymus3,8_54,4,6988.0,16078.0
Mouse_Thymus3,66_47,5,12788.0,15378.0
Mouse_Thymus3,85_54,5,14688.0,16078.0
Mouse_Thymus3,106_38,2,16788.0,14478.0
Mouse_Thymus3,72_4,5,13388.0,11078.0
Mouse_Thymus3,66_27,2,12788.0,13378.0
Mouse_Thymus3,64_33,1,12588.0,13978.0
Mouse_Thymus3,91_52,5,15288.0,15878.0
Mouse_Thymus3,76_32,2,13788.0,13878.0
Mouse_Thymus3,71_47,4,13288.0,15378.0
Mouse_Thymus3,80_9,5,14188.0,11578.0
Mouse_Thymus3,96_18,5,15788.0,12478.0
Mouse_Thymus3,93_51,5,15488.0,15778.0
Mouse_Thymus3,62_7,1,12388.0,11378.0
Mouse_Thymus3,83_35,4,14488.0,14178.0
Mouse_Thymus3,98_33,1,15988.0,13978.0
Mouse_Thymus3,48_22,1,10988.0,12878.0
Mouse_Thymus3,83_14,2,14488.0,12078.0
Mouse_Thymus3,102_32,2,16388.0,13878.0
Mouse_Thymus3,67_10,4,12888.0,11678.0
Mouse_Thymus3,94_45,5,15588.0,15178.0
Mouse_Thymus3,104_54,4,16588.0,16078.0
Mouse_Thymus3,38_29,1,9988.0,13578.0
Mouse_Thymus3,49_17,5,11088.0,12378.0
Mouse_Thymus3,100_50,5,16188.0,15678.0
Mouse_Thymus3,93_49,5,15488.0,15578.0
Mouse_Thymus3,99_12,4,16088.0,11878.0
Mouse_Thymus3,82_4,5,14388.0,11078.0
Mouse_Thymus3,41_25,5,10288.0,13178.0
Mouse_Thymus3,4_53,4,6588.0,15978.0
Mouse_Thymus3,112_39,1,17388.0,14578.0
Mouse_Thymus3,34_51,5,9588.0,15778.0
Mouse_Thymus3,37_31,1,9888.0,13778.0
Mouse_Thymus3,114_39,5,17588.0,14578.0
Mouse_Thymus3,68_46,5,12988.0,15278.0
Mouse_Thymus3,31_27,5,9288.0,13378.0
Mouse_Thymus3,89_42,4,15088.0,14878.0
Mouse_Thymus3,16_40,5,7788.0,14678.0
Mouse_Thymus3,94_25,2,15588.0,13178.0
Mouse_Thymus3,91_60,5,15288.0,16678.0
Mouse_Thymus3,22_57,1,8388.0,16378.0
Mouse_Thymus3,69_27,2,13088.0,13378.0
Mouse_Thymus3,0_51,1,6188.0,15778.0
Mouse_Thymus3,76_37,2,13788.0,14378.0
Mouse_Thymus3,74_39,2,13588.0,14578.0
Mouse_Thymus3,70_2,5,13188.0,10878.0
Mouse_Thymus3,106_37,2,16788.0,14378.0
Mouse_Thymus3,75_47,5,13688.0,15378.0
Mouse_Thymus3,50_28,1,11188.0,13478.0
Mouse_Thymus3,122_72,4,18388.0,17878.0
Mouse_Thymus3,22_47,5,8388.0,15378.0
Mouse_Thymus3,82_30,5,14388.0,13678.0
Mouse_Thymus3,78_19,2,13988.0,12578.0
Mouse_Thymus3,92_41,5,15388.0,14778.0
Mouse_Thymus3,81_36,4,14288.0,14278.0
Mouse_Thymus3,120_66,5,18188.0,17278.0
Mouse_Thymus3,71_30,2,13288.0,13678.0
Mouse_Thymus3,91_32,4,15288.0,13878.0
Mouse_Thymus3,114_57,5,17588.0,16378.0
Mouse_Thymus3,90_20,4,15188.0,12678.0
Mouse_Thymus3,4_48,4,6588.0,15478.0
Mouse_Thymus3,26_48,2,8788.0,15478.0
Mouse_Thymus3,67_0,5,12888.0,10678.0
Mouse_Thymus3,17_51,4,7888.0,15778.0
Mouse_Thymus3,36_25,5,9788.0,13178.0
Mouse_Thymus3,14_49,2,7588.0,15578.0
Mouse_Thymus3,96_59,5,15788.0,16578.0
Mouse_Thymus3,125_63,7,18688.0,16978.0
Mouse_Thymus3,84_14,2,14588.0,12078.0
Mouse_Thymus3,92_18,4,15388.0,12478.0
Mouse_Thymus3,43_52,5,10488.0,15878.0
Mouse_Thymus3,80_42,2,14188.0,14878.0
Mouse_Thymus3,77_13,1,13888.0,11978.0
Mouse_Thymus3,24_50,2,8588.0,15678.0
Mouse_Thymus3,72_2,5,13388.0,10878.0
Mouse_Thymus3,91_63,7,15288.0,16978.0
Mouse_Thymus3,62_21,2,12388.0,12778.0
Mouse_Thymus3,68_17,5,12988.0,12378.0
Mouse_Thymus3,16_41,5,7788.0,14778.0
Mouse_Thymus3,44_52,5,10588.0,15878.0
Mouse_Thymus3,101_32,2,16288.0,13878.0
Mouse_Thymus3,59_25,2,12088.0,13178.0
Mouse_Thymus3,67_42,4,12888.0,14878.0
Mouse_Thymus3,8_46,5,6988.0,15278.0
Mouse_Thymus3,72_12,1,13388.0,11878.0
Mouse_Thymus3,90_22,1,15188.0,12878.0
Mouse_Thymus3,58_46,1,11988.0,15278.0
Mouse_Thymus3,62_43,5,12388.0,14978.0
Mouse_Thymus3,86_37,5,14788.0,14378.0
Mouse_Thymus3,33_42,2,9488.0,14878.0
Mouse_Thymus3,23_52,1,8488.0,15878.0
Mouse_Thymus3,61_30,2,12288.0,13678.0
Mouse_Thymus3,100_15,4,16188.0,12178.0
Mouse_Thymus3,54_40,5,11588.0,14678.0
Mouse_Thymus3,78_0,5,13988.0,10678.0
Mouse_Thymus3,79_12,5,14088.0,11878.0
Mouse_Thymus3,45_37,1,10688.0,14378.0
Mouse_Thymus3,23_42,1,8488.0,14878.0
Mouse_Thymus3,95_60,4,15688.0,16678.0
Mouse_Thymus3,31_53,5,9288.0,15978.0
Mouse_Thymus3,62_33,1,12388.0,13978.0
Mouse_Thymus3,65_36,2,12688.0,14278.0
Mouse_Thymus3,23_36,5,8488.0,14278.0
Mouse_Thymus3,96_10,4,15788.0,11678.0
Mouse_Thymus3,122_55,5,18388.0,16178.0
Mouse_Thymus3,38_52,5,9988.0,15878.0
Mouse_Thymus3,54_45,4,11588.0,15178.0
Mouse_Thymus3,89_11,5,15088.0,11778.0
Mouse_Thymus3,74_2,5,13588.0,10878.0
Mouse_Thymus3,81_56,4,14288.0,16278.0
Mouse_Thymus3,83_46,1,14488.0,15278.0
Mouse_Thymus3,72_37,2,13388.0,14378.0
Mouse_Thymus3,110_45,2,17188.0,15178.0
Mouse_Thymus3,73_48,5,13488.0,15478.0
Mouse_Thymus3,87_12,1,14888.0,11878.0
Mouse_Thymus3,91_16,4,15288.0,12278.0
Mouse_Thymus3,73_27,2,13488.0,13378.0
Mouse_Thymus3,90_41,5,15188.0,14778.0
Mouse_Thymus3,47_17,4,10888.0,12378.0
Mouse_Thymus3,49_43,1,11088.0,14978.0
Mouse_Thymus3,88_59,4,14988.0,16578.0
Mouse_Thymus3,40_37,5,10188.0,14378.0
Mouse_Thymus3,98_19,4,15988.0,12578.0
Mouse_Thymus3,114_55,5,17588.0,16178.0
Mouse_Thymus3,64_20,2,12588.0,12678.0
Mouse_Thymus3,68_15,5,12988.0,12178.0
Mouse_Thymus3,59_37,2,12088.0,14378.0
Mouse_Thymus3,96_26,2,15788.0,13278.0
Mouse_Thymus3,90_60,5,15188.0,16678.0
Mouse_Thymus3,107_44,2,16888.0,15078.0
Mouse_Thymus3,31_55,4,9288.0,16178.0
Mouse_Thymus3,82_57,4,14388.0,16378.0
Mouse_Thymus3,20_43,5,8188.0,14978.0
Mouse_Thymus3,90_21,1,15188.0,12778.0
Mouse_Thymus3,95_43,5,15688.0,14978.0
Mouse_Thymus3,4_51,5,6588.0,15778.0
Mouse_Thymus3,32_44,2,9388.0,15078.0
Mouse_Thymus3,87_39,5,14888.0,14578.0
Mouse_Thymus3,60_28,1,12188.0,13478.0
Mouse_Thymus3,35_51,7,9688.0,15778.0
Mouse_Thymus3,15_49,2,7688.0,15578.0
Mouse_Thymus3,17_47,2,7888.0,15378.0
Mouse_Thymus3,75_38,2,13688.0,14478.0
Mouse_Thymus3,56_29,2,11788.0,13578.0
Mouse_Thymus3,30_35,5,9188.0,14178.0
Mouse_Thymus3,117_54,2,17888.0,16078.0
Mouse_Thymus3,99_44,4,16088.0,15078.0
Mouse_Thymus3,69_3,5,13088.0,10978.0
Mouse_Thymus3,27_54,5,8888.0,16078.0
Mouse_Thymus3,115_53,1,17688.0,15978.0
Mouse_Thymus3,64_25,2,12588.0,13178.0
Mouse_Thymus3,64_19,4,12588.0,12578.0
Mouse_Thymus3,65_48,5,12688.0,15478.0
Mouse_Thymus3,89_24,1,15088.0,13078.0
Mouse_Thymus3,82_21,2,14388.0,12778.0
Mouse_Thymus3,111_34,5,17288.0,14078.0
Mouse_Thymus3,35_41,1,9688.0,14778.0
Mouse_Thymus3,72_26,2,13388.0,13278.0
Mouse_Thymus3,36_34,1,9788.0,14078.0
Mouse_Thymus3,75_51,5,13688.0,15778.0
Mouse_Thymus3,19_48,2,8088.0,15478.0
Mouse_Thymus3,94_26,1,15588.0,13278.0
Mouse_Thymus3,23_49,2,8488.0,15578.0
Mouse_Thymus3,72_45,5,13388.0,15178.0
Mouse_Thymus3,45_33,1,10688.0,13978.0
Mouse_Thymus3,6_52,5,6788.0,15878.0
Mouse_Thymus3,100_52,4,16188.0,15878.0
Mouse_Thymus3,105_50,5,16688.0,15678.0
Mouse_Thymus3,61_9,4,12288.0,11578.0
Mouse_Thymus3,12_51,1,7388.0,15778.0
Mouse_Thymus3,88_38,4,14988.0,14478.0
Mouse_Thymus3,41_49,2,10288.0,15578.0
Mouse_Thymus3,90_4,5,15188.0,11078.0
Mouse_Thymus3,97_11,4,15888.0,11778.0
Mouse_Thymus3,93_27,1,15488.0,13378.0
Mouse_Thymus3,95_10,1,15688.0,11678.0
Mouse_Thymus3,38_34,5,9988.0,14078.0
Mouse_Thymus3,45_48,5,10688.0,15478.0
Mouse_Thymus3,74_22,2,13588.0,12878.0
Mouse_Thymus3,47_36,1,10888.0,14278.0
Mouse_Thymus3,37_36,1,9888.0,14278.0
Mouse_Thymus3,84_7,5,14588.0,11378.0
Mouse_Thymus3,97_56,5,15888.0,16278.0
Mouse_Thymus3,39_53,5,10088.0,15978.0
Mouse_Thymus3,84_58,1,14588.0,16478.0
Mouse_Thymus3,102_39,2,16388.0,14578.0
Mouse_Thymus3,118_68,5,17988.0,17478.0
Mouse_Thymus3,101_45,5,16288.0,15178.0
Mouse_Thymus3,38_32,1,9988.0,13878.0
Mouse_Thymus3,56_42,5,11788.0,14878.0
Mouse_Thymus3,44_24,1,10588.0,13078.0
Mouse_Thymus3,111_58,5,17288.0,16478.0
Mouse_Thymus3,103_38,2,16488.0,14478.0
Mouse_Thymus3,80_44,5,14188.0,15078.0
Mouse_Thymus3,103_27,5,16488.0,13378.0
Mouse_Thymus3,84_19,2,14588.0,12578.0
Mouse_Thymus3,94_51,5,15588.0,15778.0
Mouse_Thymus3,98_39,2,15988.0,14578.0
Mouse_Thymus3,85_55,4,14688.0,16178.0
Mouse_Thymus3,51_40,4,11288.0,14678.0
Mouse_Thymus3,56_31,2,11788.0,13778.0
Mouse_Thymus3,67_5,5,12888.0,11178.0
Mouse_Thymus3,85_38,5,14688.0,14478.0
Mouse_Thymus3,77_31,2,13888.0,13778.0
Mouse_Thymus3,40_23,5,10188.0,12978.0
Mouse_Thymus3,101_37,2,16288.0,14378.0
Mouse_Thymus3,72_17,5,13388.0,12378.0
Mouse_Thymus3,100_32,2,16188.0,13878.0
Mouse_Thymus3,102_56,5,16388.0,16278.0
Mouse_Thymus3,59_10,5,12088.0,11678.0
Mouse_Thymus3,73_4,4,13488.0,11078.0
Mouse_Thymus3,83_2,4,14488.0,10878.0
Mouse_Thymus3,80_12,5,14188.0,11878.0
Mouse_Thymus3,39_36,1,10088.0,14278.0
Mouse_Thymus3,99_60,4,16088.0,16678.0
Mouse_Thymus3,37_23,5,9888.0,12978.0
Mouse_Thymus3,76_41,2,13788.0,14778.0
Mouse_Thymus3,74_45,4,13588.0,15178.0
Mouse_Thymus3,71_21,4,13288.0,12778.0
Mouse_Thymus3,40_21,5,10188.0,12778.0
Mouse_Thymus3,77_33,1,13888.0,13978.0
Mouse_Thymus3,91_61,4,15288.0,16778.0
Mouse_Thymus3,79_7,5,14088.0,11378.0
Mouse_Thymus3,120_65,1,18188.0,17178.0
Mouse_Thymus3,48_36,1,10988.0,14278.0
Mouse_Thymus3,117_68,7,17888.0,17478.0
Mouse_Thymus3,86_19,2,14788.0,12578.0
Mouse_Thymus3,92_60,5,15388.0,16678.0
Mouse_Thymus3,76_45,2,13788.0,15178.0
Mouse_Thymus3,86_48,1,14788.0,15478.0
Mouse_Thymus3,94_60,5,15588.0,16678.0
Mouse_Thymus3,46_48,5,10788.0,15478.0
Mouse_Thymus3,119_50,5,18088.0,15678.0
Mouse_Thymus3,44_40,2,10588.0,14678.0
Mouse_Thymus3,44_30,2,10588.0,13678.0
Mouse_Thymus3,29_35,5,9088.0,14178.0
Mouse_Thymus3,67_20,1,12888.0,12678.0
Mouse_Thymus3,117_49,5,17888.0,15578.0
Mouse_Thymus3,95_54,5,15688.0,16078.0
Mouse_Thymus3,80_21,2,14188.0,12778.0
Mouse_Thymus3,39_48,2,10088.0,15478.0
Mouse_Thymus3,89_55,5,15088.0,16178.0
Mouse_Thymus3,82_49,4,14388.0,15578.0
Mouse_Thymus3,77_20,2,13888.0,12678.0
Mouse_Thymus3,36_30,1,9788.0,13678.0
Mouse_Thymus3,55_31,2,11688.0,13778.0
Mouse_Thymus3,95_25,2,15688.0,13178.0
Mouse_Thymus3,77_30,2,13888.0,13678.0
Mouse_Thymus3,64_3,5,12588.0,10978.0
Mouse_Thymus3,47_47,4,10888.0,15378.0
Mouse_Thymus3,23_44,5,8488.0,15078.0
Mouse_Thymus3,85_43,5,14688.0,14978.0
Mouse_Thymus3,102_46,5,16388.0,15278.0
Mouse_Thymus3,78_30,2,13988.0,13678.0
Mouse_Thymus3,91_33,4,15288.0,13978.0
Mouse_Thymus3,86_24,2,14788.0,13078.0
Mouse_Thymus3,74_10,5,13588.0,11678.0
Mouse_Thymus3,117_47,5,17888.0,15378.0
Mouse_Thymus3,37_33,1,9888.0,13978.0
Mouse_Thymus3,80_0,1,14188.0,10678.0
Mouse_Thymus3,54_37,1,11588.0,14378.0
Mouse_Thymus3,65_22,2,12688.0,12878.0
Mouse_Thymus3,83_49,4,14488.0,15578.0
Mouse_Thymus3,92_23,2,15388.0,12978.0
Mouse_Thymus3,120_52,5,18188.0,15878.0
Mouse_Thymus3,31_51,1,9288.0,15778.0
Mouse_Thymus3,47_35,5,10888.0,14178.0
Mouse_Thymus3,68_25,2,12988.0,13178.0
Mouse_Thymus3,62_38,1,12388.0,14478.0
Mouse_Thymus3,64_24,2,12588.0,13078.0
Mouse_Thymus3,95_63,4,15688.0,16978.0
Mouse_Thymus3,22_44,5,8388.0,15078.0
Mouse_Thymus3,54_23,4,11588.0,12978.0
Mouse_Thymus3,53_35,2,11488.0,14178.0
Mouse_Thymus3,89_16,2,15088.0,12278.0
Mouse_Thymus3,108_36,2,16988.0,14278.0
Mouse_Thymus3,109_48,1,17088.0,15478.0
Mouse_Thymus3,70_35,1,13188.0,14178.0
Mouse_Thymus3,67_35,1,12888.0,14178.0
Mouse_Thymus3,82_19,2,14388.0,12578.0
Mouse_Thymus3,79_38,4,14088.0,14478.0
Mouse_Thymus3,121_49,5,18288.0,15578.0
Mouse_Thymus3,90_61,4,15188.0,16778.0
Mouse_Thymus3,100_48,5,16188.0,15478.0
Mouse_Thymus3,115_50,2,17688.0,15678.0
Mouse_Thymus3,116_39,5,17788.0,14578.0
Mouse_Thymus3,73_30,2,13488.0,13678.0
Mouse_Thymus3,27_60,4,8888.0,16678.0
Mouse_Thymus3,7_52,1,6888.0,15878.0
Mouse_Thymus3,46_39,2,10788.0,14578.0
Mouse_Thymus3,85_12,1,14688.0,11878.0
Mouse_Thymus3,117_70,7,17888.0,17678.0
Mouse_Thymus3,71_50,4,13288.0,15678.0
Mouse_Thymus3,65_37,2,12688.0,14378.0
Mouse_Thymus3,88_35,4,14988.0,14178.0
Mouse_Thymus3,120_50,5,18188.0,15678.0
Mouse_Thymus3,90_13,1,15188.0,11978.0
Mouse_Thymus3,68_21,1,12988.0,12778.0
Mouse_Thymus3,119_43,5,18088.0,14978.0
Mouse_Thymus3,35_30,1,9688.0,13678.0
Mouse_Thymus3,88_5,5,14988.0,11178.0
Mouse_Thymus3,74_33,2,13588.0,13978.0
Mouse_Thymus3,79_41,1,14088.0,14778.0
Mouse_Thymus3,59_17,2,12088.0,12378.0
Mouse_Thymus3,35_49,2,9688.0,15578.0
Mouse_Thymus3,38_51,1,9988.0,15778.0
Mouse_Thymus3,28_40,4,8988.0,14678.0
Mouse_Thymus3,115_68,7,17688.0,17478.0
Mouse_Thymus3,69_42,4,13088.0,14878.0
Mouse_Thymus3,84_13,2,14588.0,11978.0
Mouse_Thymus3,99_22,5,16088.0,12878.0
Mouse_Thymus3,31_38,5,9288.0,14478.0
Mouse_Thymus3,94_49,1,15588.0,15578.0
Mouse_Thymus3,105_29,4,16688.0,13578.0
Mouse_Thymus3,33_45,2,9488.0,15178.0
Mouse_Thymus3,111_39,4,17288.0,14578.0
Mouse_Thymus3,27_42,1,8888.0,14878.0
Mouse_Thymus3,92_3,7,15388.0,10978.0
Mouse_Thymus3,110_53,5,17188.0,15978.0
Mouse_Thymus3,75_35,2,13688.0,14178.0
Mouse_Thymus3,54_13,5,11588.0,11978.0
Mouse_Thymus3,101_41,2,16288.0,14778.0
Mouse_Thymus3,97_50,5,15888.0,15678.0
Mouse_Thymus3,62_45,5,12388.0,15178.0
Mouse_Thymus3,100_29,2,16188.0,13578.0
Mouse_Thymus3,24_38,4,8588.0,14478.0
Mouse_Thymus3,85_23,2,14688.0,12978.0
Mouse_Thymus3,113_61,4,17488.0,16778.0
Mouse_Thymus3,103_30,5,16488.0,13678.0
Mouse_Thymus3,90_54,5,15188.0,16078.0
Mouse_Thymus3,29_57,5,9088.0,16378.0
Mouse_Thymus3,83_54,5,14488.0,16078.0
Mouse_Thymus3,114_58,5,17588.0,16478.0
Mouse_Thymus3,98_49,4,15988.0,15578.0
Mouse_Thymus3,77_45,2,13888.0,15178.0
Mouse_Thymus3,7_45,5,6888.0,15178.0
Mouse_Thymus3,85_56,5,14688.0,16278.0
Mouse_Thymus3,103_21,4,16488.0,12778.0
Mouse_Thymus3,57_21,5,11888.0,12778.0
Mouse_Thymus3,118_56,2,17988.0,16278.0
Mouse_Thymus3,62_26,4,12388.0,13278.0
Mouse_Thymus3,96_30,4,15788.0,13678.0
Mouse_Thymus3,77_21,2,13888.0,12778.0
Mouse_Thymus3,34_28,4,9588.0,13478.0
Mouse_Thymus3,43_38,7,10488.0,14478.0
Mouse_Thymus3,109_41,2,17088.0,14778.0
Mouse_Thymus3,33_38,1,9488.0,14478.0
Mouse_Thymus3,62_14,1,12388.0,12078.0
Mouse_Thymus3,118_70,4,17988.0,17678.0
Mouse_Thymus3,82_18,2,14388.0,12478.0
Mouse_Thymus3,13_56,4,7488.0,16278.0
Mouse_Thymus3,100_31,2,16188.0,13778.0
Mouse_Thymus3,68_45,4,12988.0,15178.0
Mouse_Thymus3,24_53,1,8588.0,15978.0
Mouse_Thymus3,75_8,5,13688.0,11478.0
Mouse_Thymus3,60_27,4,12188.0,13378.0
Mouse_Thymus3,85_39,5,14688.0,14578.0
Mouse_Thymus3,121_50,5,18288.0,15678.0
Mouse_Thymus3,121_67,1,18288.0,17378.0
Mouse_Thymus3,70_19,1,13188.0,12578.0
Mouse_Thymus3,76_52,5,13788.0,15878.0
Mouse_Thymus3,67_36,2,12888.0,14278.0
Mouse_Thymus3,118_45,5,17988.0,15178.0
Mouse_Thymus3,109_35,4,17088.0,14178.0
Mouse_Thymus3,65_13,1,12688.0,11978.0
Mouse_Thymus3,74_9,5,13588.0,11578.0
Mouse_Thymus3,41_50,1,10288.0,15678.0
Mouse_Thymus3,39_26,5,10088.0,13278.0
Mouse_Thymus3,90_36,4,15188.0,14278.0
Mouse_Thymus3,30_29,5,9188.0,13578.0
Mouse_Thymus3,57_31,2,11888.0,13778.0
Mouse_Thymus3,94_35,2,15588.0,14178.0
Mouse_Thymus3,104_37,2,16588.0,14378.0
Mouse_Thymus3,21_49,2,8288.0,15578.0
Mouse_Thymus3,89_33,5,15088.0,13978.0
Mouse_Thymus3,108_45,1,16988.0,15178.0
Mouse_Thymus3,86_50,4,14788.0,15678.0
Mouse_Thymus3,94_56,1,15588.0,16278.0
Mouse_Thymus3,76_20,2,13788.0,12678.0
Mouse_Thymus3,64_32,1,12588.0,13878.0
Mouse_Thymus3,78_53,5,13988.0,15978.0
Mouse_Thymus3,80_31,5,14188.0,13778.0
Mouse_Thymus3,40_55,5,10188.0,16178.0
Mouse_Thymus3,89_53,5,15088.0,15978.0
Mouse_Thymus3,103_40,2,16488.0,14678.0
Mouse_Thymus3,12_53,5,7388.0,15978.0
Mouse_Thymus3,54_44,4,11588.0,15078.0
Mouse_Thymus3,94_40,4,15588.0,14678.0
Mouse_Thymus3,117_58,2,17888.0,16478.0
Mouse_Thymus3,86_25,2,14788.0,13178.0
Mouse_Thymus3,105_28,5,16688.0,13478.0
Mouse_Thymus3,113_54,5,17488.0,16078.0
Mouse_Thymus3,19_43,5,8088.0,14978.0
Mouse_Thymus3,65_40,1,12688.0,14678.0
Mouse_Thymus3,35_36,5,9688.0,14278.0
Mouse_Thymus3,54_39,5,11588.0,14578.0
Mouse_Thymus3,38_35,1,9988.0,14178.0
Mouse_Thymus3,13_41,5,7488.0,14778.0
Mouse_Thymus3,48_27,5,10988.0,13378.0
Mouse_Thymus3,79_15,1,14088.0,12178.0
Mouse_Thymus3,10_53,5,7188.0,15978.0
Mouse_Thymus3,15_55,4,7688.0,16178.0
Mouse_Thymus3,71_22,4,13288.0,12878.0
Mouse_Thymus3,60_19,4,12188.0,12578.0
Mouse_Thymus3,116_63,5,17788.0,16978.0
Mouse_Thymus3,18_53,4,7988.0,15978.0
Mouse_Thymus3,77_2,4,13888.0,10878.0
Mouse_Thymus3,79_33,5,14088.0,13978.0
Mouse_Thymus3,72_24,2,13388.0,13078.0
Mouse_Thymus3,79_28,2,14088.0,13478.0
Mouse_Thymus3,81_27,1,14288.0,13378.0
Mouse_Thymus3,54_15,5,11588.0,12178.0
Mouse_Thymus3,52_21,1,11388.0,12778.0
Mouse_Thymus3,11_55,1,7288.0,16178.0
Mouse_Thymus3,50_27,4,11188.0,13378.0
Mouse_Thymus3,105_37,2,16688.0,14378.0
Mouse_Thymus3,49_15,7,11088.0,12178.0
Mouse_Thymus3,26_49,2,8788.0,15578.0
Mouse_Thymus3,58_25,2,11988.0,13178.0
Mouse_Thymus3,47_42,2,10888.0,14878.0
Mouse_Thymus3,83_10,5,14488.0,11678.0
Mouse_Thymus3,30_53,5,9188.0,15978.0
Mouse_Thymus3,84_2,4,14588.0,10878.0
Mouse_Thymus3,38_37,1,9988.0,14378.0
Mouse_Thymus3,64_16,5,12588.0,12278.0
Mouse_Thymus3,69_13,5,13088.0,11978.0
Mouse_Thymus3,76_39,2,13788.0,14578.0
Mouse_Thymus3,44_50,5,10588.0,15678.0
Mouse_Thymus3,89_61,4,15088.0,16778.0
Mouse_Thymus3,105_53,1,16688.0,15978.0
Mouse_Thymus3,34_40,5,9588.0,14678.0
Mouse_Thymus3,42_49,2,10388.0,15578.0
Mouse_Thymus3,108_44,2,16988.0,15078.0
Mouse_Thymus3,90_3,4,15188.0,10978.0
Mouse_Thymus3,27_40,5,8888.0,14678.0
Mouse_Thymus3,108_49,5,16988.0,15578.0
Mouse_Thymus3,46_41,2,10788.0,14778.0
Mouse_Thymus3,73_51,4,13488.0,15778.0
Mouse_Thymus3,108_56,5,16988.0,16278.0
Mouse_Thymus3,96_56,5,15788.0,16278.0
Mouse_Thymus3,87_60,4,14888.0,16678.0
Mouse_Thymus3,121_52,5,18288.0,15878.0
Mouse_Thymus3,50_15,5,11188.0,12178.0
Mouse_Thymus3,76_3,5,13788.0,10978.0
Mouse_Thymus3,90_28,2,15188.0,13478.0
Mouse_Thymus3,85_22,2,14688.0,12878.0
Mouse_Thymus3,62_34,2,12388.0,14078.0
Mouse_Thymus3,65_34,1,12688.0,14078.0
Mouse_Thymus3,99_47,5,16088.0,15378.0
Mouse_Thymus3,86_26,1,14788.0,13278.0
Mouse_Thymus3,77_24,2,13888.0,13078.0
Mouse_Thymus3,31_58,5,9288.0,16478.0
Mouse_Thymus3,45_25,1,10688.0,13178.0
Mouse_Thymus3,107_53,5,16888.0,15978.0
Mouse_Thymus3,43_29,2,10488.0,13578.0
Mouse_Thymus3,27_32,1,8888.0,13878.0
Mouse_Thymus3,36_36,5,9788.0,14278.0
Mouse_Thymus3,49_29,2,11088.0,13578.0
Mouse_Thymus3,91_53,4,15288.0,15978.0
Mouse_Thymus3,85_52,5,14688.0,15878.0
Mouse_Thymus3,72_23,2,13388.0,12978.0
Mouse_Thymus3,111_56,5,17288.0,16278.0
Mouse_Thymus3,38_21,5,9988.0,12778.0
Mouse_Thymus3,93_52,5,15488.0,15878.0
Mouse_Thymus3,112_42,2,17388.0,14878.0
Mouse_Thymus3,113_46,2,17488.0,15278.0
Mouse_Thymus3,54_21,2,11588.0,12778.0
Mouse_Thymus3,67_30,1,12888.0,13678.0
Mouse_Thymus3,89_36,4,15088.0,14278.0
Mouse_Thymus3,28_30,5,8988.0,13678.0
Mouse_Thymus3,58_16,4,11988.0,12278.0
Mouse_Thymus3,82_14,2,14388.0,12078.0
Mouse_Thymus3,13_54,5,7488.0,16078.0
Mouse_Thymus3,91_54,5,15288.0,16078.0
Mouse_Thymus3,66_1,5,12788.0,10778.0
Mouse_Thymus3,88_24,2,14988.0,13078.0
Mouse_Thymus3,76_1,4,13788.0,10778.0
Mouse_Thymus3,58_38,2,11988.0,14478.0
Mouse_Thymus3,35_42,2,9688.0,14878.0
Mouse_Thymus3,99_61,5,16088.0,16778.0
Mouse_Thymus3,28_60,4,8988.0,16678.0
Mouse_Thymus3,70_9,5,13188.0,11578.0
Mouse_Thymus3,60_15,5,12188.0,12178.0
Mouse_Thymus3,59_26,2,12088.0,13278.0
Mouse_Thymus3,100_43,4,16188.0,14978.0
Mouse_Thymus3,18_58,4,7988.0,16478.0
Mouse_Thymus3,25_50,2,8688.0,15678.0
Mouse_Thymus3,18_56,5,7988.0,16278.0
Mouse_Thymus3,50_23,2,11188.0,12978.0
Mouse_Thymus3,57_30,2,11888.0,13678.0
Mouse_Thymus3,51_18,4,11288.0,12478.0
Mouse_Thymus3,58_14,5,11988.0,12078.0
Mouse_Thymus3,56_23,2,11788.0,12978.0
Mouse_Thymus3,106_59,4,16788.0,16578.0
Mouse_Thymus3,99_17,5,16088.0,12378.0
Mouse_Thymus3,86_34,4,14788.0,14078.0
Mouse_Thymus3,116_64,5,17788.0,17078.0
Mouse_Thymus3,31_43,2,9288.0,14978.0
Mouse_Thymus3,53_15,5,11488.0,12178.0
Mouse_Thymus3,71_12,1,13288.0,11878.0
Mouse_Thymus3,82_25,5,14388.0,13178.0
Mouse_Thymus3,101_47,5,16288.0,15378.0
Mouse_Thymus3,102_25,5,16388.0,13178.0
Mouse_Thymus3,38_24,5,9988.0,13078.0
Mouse_Thymus3,14_44,5,7588.0,15078.0
Mouse_Thymus3,92_16,5,15388.0,12278.0
Mouse_Thymus3,90_8,5,15188.0,11478.0
Mouse_Thymus3,19_38,7,8088.0,14478.0
Mouse_Thymus3,88_41,4,14988.0,14778.0
Mouse_Thymus3,124_65,5,18588.0,17178.0
Mouse_Thymus3,71_49,1,13288.0,15578.0
Mouse_Thymus3,121_69,5,18288.0,17578.0
Mouse_Thymus3,103_58,4,16488.0,16478.0
Mouse_Thymus3,91_58,5,15288.0,16478.0
Mouse_Thymus3,16_43,5,7788.0,14978.0
Mouse_Thymus3,64_12,5,12588.0,11878.0
Mouse_Thymus3,37_44,2,9888.0,15078.0
Mouse_Thymus3,64_46,4,12588.0,15278.0
Mouse_Thymus3,95_20,4,15688.0,12678.0
Mouse_Thymus3,68_38,2,12988.0,14478.0
Mouse_Thymus3,50_36,1,11188.0,14278.0
Mouse_Thymus3,77_38,2,13888.0,14478.0
Mouse_Thymus3,98_54,5,15988.0,16078.0
Mouse_Thymus3,24_59,5,8588.0,16578.0
Mouse_Thymus3,63_22,2,12488.0,12878.0
Mouse_Thymus3,98_58,5,15988.0,16478.0
Mouse_Thymus3,99_57,4,16088.0,16378.0
Mouse_Thymus3,118_52,1,17988.0,15878.0
Mouse_Thymus3,50_30,1,11188.0,13678.0
Mouse_Thymus3,32_27,5,9388.0,13378.0
Mouse_Thymus3,18_54,1,7988.0,16078.0
Mouse_Thymus3,65_15,4,12688.0,12178.0
Mouse_Thymus3,17_55,5,7888.0,16178.0
Mouse_Thymus3,101_27,2,16288.0,13378.0
Mouse_Thymus3,75_49,5,13688.0,15578.0
Mouse_Thymus3,77_32,1,13888.0,13878.0
Mouse_Thymus3,74_30,2,13588.0,13678.0
Mouse_Thymus3,21_38,5,8288.0,14478.0
Mouse_Thymus3,87_30,4,14888.0,13678.0
Mouse_Thymus3,117_51,2,17888.0,15778.0
Mouse_Thymus3,43_49,1,10488.0,15578.0
Mouse_Thymus3,116_40,5,17788.0,14678.0
Mouse_Thymus3,68_10,5,12988.0,11678.0
Mouse_Thymus3,92_35,1,15388.0,14178.0
Mouse_Thymus3,112_56,5,17388.0,16278.0
Mouse_Thymus3,90_42,5,15188.0,14878.0
Mouse_Thymus3,59_35,2,12088.0,14178.0
Mouse_Thymus3,44_35,2,10588.0,14178.0
Mouse_Thymus3,73_25,2,13488.0,13178.0
Mouse_Thymus3,96_50,1,15788.0,15678.0
Mouse_Thymus3,111_37,5,17288.0,14378.0
Mouse_Thymus3,93_48,5,15488.0,15478.0
Mouse_Thymus3,80_4,5,14188.0,11078.0
Mouse_Thymus3,41_52,5,10288.0,15878.0
Mouse_Thymus3,17_46,2,7888.0,15278.0
Mouse_Thymus3,60_33,1,12188.0,13978.0
Mouse_Thymus3,51_31,1,11288.0,13778.0
Mouse_Thymus3,68_29,2,12988.0,13578.0
Mouse_Thymus3,58_29,2,11988.0,13578.0
Mouse_Thymus3,67_18,5,12888.0,12478.0
Mouse_Thymus3,114_36,4,17588.0,14278.0
Mouse_Thymus3,23_59,5,8488.0,16578.0
Mouse_Thymus3,58_41,5,11988.0,14778.0
Mouse_Thymus3,12_54,5,7388.0,16078.0
Mouse_Thymus3,6_44,4,6788.0,15078.0
Mouse_Thymus3,38_50,1,9988.0,15678.0
Mouse_Thymus3,102_22,5,16388.0,12878.0
Mouse_Thymus3,80_26,4,14188.0,13278.0
Mouse_Thymus3,107_52,5,16888.0,15878.0
Mouse_Thymus3,93_45,1,15488.0,15178.0
Mouse_Thymus3,91_35,1,15288.0,14178.0
Mouse_Thymus3,101_43,4,16288.0,14978.0
Mouse_Thymus3,68_8,1,12988.0,11478.0
Mouse_Thymus3,102_55,4,16388.0,16178.0
Mouse_Thymus3,67_29,2,12888.0,13578.0
Mouse_Thymus3,62_8,5,12388.0,11478.0
Mouse_Thymus3,62_24,1,12388.0,13078.0
Mouse_Thymus3,26_45,2,8788.0,15178.0
Mouse_Thymus3,45_45,2,10688.0,15178.0
Mouse_Thymus3,115_61,5,17688.0,16778.0
Mouse_Thymus3,19_58,5,8088.0,16478.0
Mouse_Thymus3,96_49,5,15788.0,15578.0
Mouse_Thymus3,96_58,5,15788.0,16478.0
Mouse_Thymus3,71_39,2,13288.0,14578.0
Mouse_Thymus3,82_9,5,14388.0,11578.0
Mouse_Thymus3,14_58,4,7588.0,16478.0
Mouse_Thymus3,67_46,5,12888.0,15278.0
Mouse_Thymus3,51_34,1,11288.0,14078.0
Mouse_Thymus3,29_55,5,9088.0,16178.0
Mouse_Thymus3,52_40,1,11388.0,14678.0
Mouse_Thymus3,38_48,2,9988.0,15478.0
Mouse_Thymus3,10_50,2,7188.0,15678.0
Mouse_Thymus3,101_33,2,16288.0,13978.0
Mouse_Thymus3,19_59,4,8088.0,16578.0
Mouse_Thymus3,34_29,1,9588.0,13578.0
Mouse_Thymus3,117_52,2,17888.0,15878.0
Mouse_Thymus3,117_45,5,17888.0,15178.0
Mouse_Thymus3,49_44,5,11088.0,15078.0
Mouse_Thymus3,105_42,1,16688.0,14878.0
Mouse_Thymus3,45_21,5,10688.0,12778.0
Mouse_Thymus3,111_52,5,17288.0,15878.0
Mouse_Thymus3,51_38,2,11288.0,14478.0
Mouse_Thymus3,9_47,4,7088.0,15378.0
Mouse_Thymus3,101_44,4,16288.0,15078.0
Mouse_Thymus3,8_43,7,6988.0,14978.0
Mouse_Thymus3,106_50,5,16788.0,15678.0
Mouse_Thymus3,57_35,2,11888.0,14178.0
Mouse_Thymus3,94_53,5,15588.0,15978.0
Mouse_Thymus3,76_16,5,13788.0,12278.0
Mouse_Thymus3,108_41,2,16988.0,14778.0
Mouse_Thymus3,31_41,1,9288.0,14778.0
Mouse_Thymus3,50_41,1,11188.0,14778.0
Mouse_Thymus3,100_62,7,16188.0,16878.0
Mouse_Thymus3,66_35,2,12788.0,14178.0
Mouse_Thymus3,65_25,2,12688.0,13178.0
Mouse_Thymus3,50_46,5,11188.0,15278.0
Mouse_Thymus3,95_41,5,15688.0,14778.0
Mouse_Thymus3,88_44,5,14988.0,15078.0
Mouse_Thymus3,84_22,2,14588.0,12878.0
Mouse_Thymus3,116_53,1,17788.0,15978.0
Mouse_Thymus3,88_51,5,14988.0,15778.0
Mouse_Thymus3,60_29,2,12188.0,13578.0
Mouse_Thymus3,67_49,4,12888.0,15578.0
Mouse_Thymus3,5_49,4,6688.0,15578.0
Mouse_Thymus3,118_60,2,17988.0,16678.0
Mouse_Thymus3,108_43,2,16988.0,14978.0
Mouse_Thymus3,23_50,2,8488.0,15678.0
Mouse_Thymus3,105_23,4,16688.0,12978.0
Mouse_Thymus3,61_20,1,12288.0,12678.0
Mouse_Thymus3,86_12,1,14788.0,11878.0
Mouse_Thymus3,88_36,5,14988.0,14278.0
Mouse_Thymus3,24_37,5,8588.0,14378.0
Mouse_Thymus3,96_41,4,15788.0,14778.0
Mouse_Thymus3,44_29,2,10588.0,13578.0
Mouse_Thymus3,78_38,2,13988.0,14478.0
Mouse_Thymus3,80_41,1,14188.0,14778.0
Mouse_Thymus3,83_43,4,14488.0,14978.0
Mouse_Thymus3,43_25,5,10488.0,13178.0
Mouse_Thymus3,20_38,4,8188.0,14478.0
Mouse_Thymus3,69_50,7,13088.0,15678.0
Mouse_Thymus3,28_47,2,8988.0,15378.0
Mouse_Thymus3,69_46,5,13088.0,15278.0
Mouse_Thymus3,85_4,4,14688.0,11078.0
Mouse_Thymus3,78_5,5,13988.0,11178.0
Mouse_Thymus3,90_23,2,15188.0,12978.0
Mouse_Thymus3,77_4,5,13888.0,11078.0
Mouse_Thymus3,57_26,2,11888.0,13278.0
Mouse_Thymus3,16_47,2,7788.0,15378.0
Mouse_Thymus3,33_40,1,9488.0,14678.0
Mouse_Thymus3,80_29,2,14188.0,13578.0
Mouse_Thymus3,66_5,5,12788.0,11178.0
Mouse_Thymus3,50_16,4,11188.0,12278.0
Mouse_Thymus3,34_30,1,9588.0,13678.0
Mouse_Thymus3,84_0,7,14588.0,10678.0
Mouse_Thymus3,73_32,2,13488.0,13878.0
Mouse_Thymus3,70_21,4,13188.0,12778.0
Mouse_Thymus3,61_38,4,12288.0,14478.0
Mouse_Thymus3,80_46,1,14188.0,15278.0
Mouse_Thymus3,26_37,5,8788.0,14378.0
Mouse_Thymus3,25_38,5,8688.0,14478.0
Mouse_Thymus3,44_42,2,10588.0,14878.0
Mouse_Thymus3,88_42,4,14988.0,14878.0
Mouse_Thymus3,47_31,1,10888.0,13778.0
Mouse_Thymus3,92_43,4,15388.0,14978.0
Mouse_Thymus3,7_55,7,6888.0,16178.0
Mouse_Thymus3,97_14,5,15888.0,12078.0
Mouse_Thymus3,85_28,5,14688.0,13478.0
Mouse_Thymus3,74_18,1,13588.0,12478.0
Mouse_Thymus3,28_54,5,8988.0,16078.0
Mouse_Thymus3,86_13,1,14788.0,11978.0
Mouse_Thymus3,75_39,2,13688.0,14578.0
Mouse_Thymus3,103_49,5,16488.0,15578.0
Mouse_Thymus3,112_53,5,17388.0,15978.0
Mouse_Thymus3,100_35,2,16188.0,14178.0
Mouse_Thymus3,114_37,5,17588.0,14378.0
Mouse_Thymus3,75_32,2,13688.0,13878.0
Mouse_Thymus3,92_30,4,15388.0,13678.0
Mouse_Thymus3,40_20,4,10188.0,12678.0
Mouse_Thymus3,36_46,2,9788.0,15278.0
Mouse_Thymus3,57_10,7,11888.0,11678.0
Mouse_Thymus3,51_21,1,11288.0,12778.0
Mouse_Thymus3,113_55,5,17488.0,16178.0
Mouse_Thymus3,98_26,2,15988.0,13278.0
Mouse_Thymus3,87_19,2,14888.0,12578.0
Mouse_Thymus3,108_38,2,16988.0,14478.0
Mouse_Thymus3,81_13,1,14288.0,11978.0
Mouse_Thymus3,83_17,2,14488.0,12378.0
Mouse_Thymus3,60_16,2,12188.0,12278.0
Mouse_Thymus3,91_7,5,15288.0,11378.0
Mouse_Thymus3,39_23,1,10088.0,12978.0
Mouse_Thymus3,47_25,5,10888.0,13178.0
Mouse_Thymus3,90_29,4,15188.0,13578.0
Mouse_Thymus3,37_51,5,9888.0,15778.0
Mouse_Thymus3,64_28,1,12588.0,13478.0
Mouse_Thymus3,70_50,1,13188.0,15678.0
Mouse_Thymus3,18_49,2,7988.0,15578.0
Mouse_Thymus3,18_45,4,7988.0,15178.0
Mouse_Thymus3,40_48,2,10188.0,15478.0
Mouse_Thymus3,43_46,2,10488.0,15278.0
Mouse_Thymus3,1_48,4,6288.0,15478.0
Mouse_Thymus3,84_46,5,14588.0,15278.0
Mouse_Thymus3,72_38,2,13388.0,14478.0
Mouse_Thymus3,96_57,5,15788.0,16378.0
Mouse_Thymus3,64_6,5,12588.0,11278.0
Mouse_Thymus3,114_53,1,17588.0,15978.0
Mouse_Thymus3,71_34,4,13288.0,14078.0
Mouse_Thymus3,102_51,5,16388.0,15778.0
Mouse_Thymus3,121_55,5,18288.0,16178.0
Mouse_Thymus3,67_25,2,12888.0,13178.0
Mouse_Thymus3,89_37,4,15088.0,14378.0
Mouse_Thymus3,87_55,5,14888.0,16178.0
Mouse_Thymus3,77_52,4,13888.0,15878.0
Mouse_Thymus3,64_14,5,12588.0,12078.0
Mouse_Thymus3,34_25,1,9588.0,13178.0
Mouse_Thymus3,78_40,2,13988.0,14678.0
Mouse_Thymus3,29_56,5,9088.0,16278.0
Mouse_Thymus3,88_25,2,14988.0,13178.0
Mouse_Thymus3,100_21,5,16188.0,12778.0
Mouse_Thymus3,26_33,1,8788.0,13978.0
Mouse_Thymus3,31_25,1,9288.0,13178.0
Mouse_Thymus3,39_21,5,10088.0,12778.0
Mouse_Thymus3,116_45,4,17788.0,15178.0
Mouse_Thymus3,23_48,2,8488.0,15478.0
Mouse_Thymus3,115_58,2,17688.0,16478.0
Mouse_Thymus3,64_40,4,12588.0,14678.0
Mouse_Thymus3,51_33,1,11288.0,13978.0
Mouse_Thymus3,111_38,1,17288.0,14478.0
Mouse_Thymus3,115_42,5,17688.0,14878.0
Mouse_Thymus3,72_46,5,13388.0,15278.0
Mouse_Thymus3,37_45,2,9888.0,15178.0
Mouse_Thymus3,97_25,2,15888.0,13178.0
Mouse_Thymus3,45_44,2,10688.0,15078.0
Mouse_Thymus3,66_36,2,12788.0,14278.0
Mouse_Thymus3,49_30,1,11088.0,13678.0
Mouse_Thymus3,27_59,5,8888.0,16578.0
Mouse_Thymus3,5_46,5,6688.0,15278.0
Mouse_Thymus3,94_42,5,15588.0,14878.0
Mouse_Thymus3,73_28,2,13488.0,13478.0
Mouse_Thymus3,88_58,1,14988.0,16478.0
Mouse_Thymus3,28_46,2,8988.0,15278.0
Mouse_Thymus3,111_40,2,17288.0,14678.0
Mouse_Thymus3,91_44,4,15288.0,15078.0
Mouse_Thymus3,112_49,1,17388.0,15578.0
Mouse_Thymus3,27_56,5,8888.0,16278.0
Mouse_Thymus3,113_47,2,17488.0,15378.0
Mouse_Thymus3,14_54,5,7588.0,16078.0
Mouse_Thymus3,98_28,2,15988.0,13478.0
Mouse_Thymus3,29_50,2,9088.0,15678.0
Mouse_Thymus3,77_36,2,13888.0,14278.0
Mouse_Thymus3,79_3,5,14088.0,10978.0
Mouse_Thymus3,82_54,5,14388.0,16078.0
Mouse_Thymus3,11_53,4,7288.0,15978.0
Mouse_Thymus3,90_56,4,15188.0,16278.0
Mouse_Thymus3,41_40,2,10288.0,14678.0
Mouse_Thymus3,108_48,1,16988.0,15478.0
Mouse_Thymus3,29_33,4,9088.0,13978.0
Mouse_Thymus3,95_42,5,15688.0,14878.0
Mouse_Thymus3,62_40,1,12388.0,14678.0
Mouse_Thymus3,77_16,1,13888.0,12278.0
Mouse_Thymus3,46_29,2,10788.0,13578.0
Mouse_Thymus3,95_59,4,15688.0,16578.0
Mouse_Thymus3,119_55,2,18088.0,16178.0
Mouse_Thymus3,91_5,5,15288.0,11178.0
Mouse_Thymus3,115_64,5,17688.0,17078.0
Mouse_Thymus3,60_8,7,12188.0,11478.0
Mouse_Thymus3,105_39,2,16688.0,14578.0
Mouse_Thymus3,70_31,2,13188.0,13778.0
Mouse_Thymus3,81_9,5,14288.0,11578.0
Mouse_Thymus3,93_4,2,15488.0,11078.0
Mouse_Thymus3,96_47,4,15788.0,15378.0
Mouse_Thymus3,59_46,5,12088.0,15278.0
Mouse_Thymus3,55_17,5,11688.0,12378.0
Mouse_Thymus3,61_34,2,12288.0,14078.0
Mouse_Thymus3,108_52,5,16988.0,15878.0
Mouse_Thymus3,14_42,5,7588.0,14878.0
Mouse_Thymus3,76_11,5,13788.0,11778.0
Mouse_Thymus3,2_50,5,6388.0,15678.0
Mouse_Thymus3,53_16,5,11488.0,12278.0
Mouse_Thymus3,93_36,5,15488.0,14278.0
Mouse_Thymus3,49_35,1,11088.0,14178.0
Mouse_Thymus3,49_26,5,11088.0,13278.0
Mouse_Thymus3,35_23,5,9688.0,12978.0
Mouse_Thymus3,30_40,5,9188.0,14678.0
Mouse_Thymus3,42_32,2,10388.0,13878.0
Mouse_Thymus3,77_55,7,13888.0,16178.0
Mouse_Thymus3,15_50,2,7688.0,15678.0
Mouse_Thymus3,69_2,5,13088.0,10878.0
Mouse_Thymus3,82_1,4,14388.0,10778.0
Mouse_Thymus3,86_3,7,14788.0,10978.0
Mouse_Thymus3,117_43,5,17888.0,14978.0
Mouse_Thymus3,79_48,5,14088.0,15478.0
Mouse_Thymus3,92_31,5,15388.0,13778.0
Mouse_Thymus3,37_56,1,9888.0,16278.0
Mouse_Thymus3,85_11,5,14688.0,11778.0
Mouse_Thymus3,41_19,5,10288.0,12578.0
Mouse_Thymus3,23_55,1,8488.0,16178.0
Mouse_Thymus3,100_23,5,16188.0,12978.0
Mouse_Thymus3,84_1,4,14588.0,10778.0
Mouse_Thymus3,39_33,1,10088.0,13978.0
Mouse_Thymus3,75_46,4,13688.0,15278.0
Mouse_Thymus3,56_38,2,11788.0,14478.0
Mouse_Thymus3,122_70,5,18388.0,17678.0
Mouse_Thymus3,69_44,5,13088.0,15078.0
Mouse_Thymus3,74_12,1,13588.0,11878.0
Mouse_Thymus3,99_24,4,16088.0,13078.0
Mouse_Thymus3,61_44,5,12288.0,15078.0
Mouse_Thymus3,43_21,5,10488.0,12778.0
Mouse_Thymus3,58_9,5,11988.0,11578.0
Mouse_Thymus3,42_41,2,10388.0,14778.0
Mouse_Thymus3,113_33,4,17488.0,13978.0
Mouse_Thymus3,101_18,4,16288.0,12478.0
Mouse_Thymus3,99_39,2,16088.0,14578.0
Mouse_Thymus3,92_19,4,15388.0,12578.0
Mouse_Thymus3,24_54,1,8588.0,16078.0
Mouse_Thymus3,51_20,4,11288.0,12678.0
Mouse_Thymus3,79_31,1,14088.0,13778.0
Mouse_Thymus3,83_18,2,14488.0,12478.0
Mouse_Thymus3,115_56,1,17688.0,16278.0
Mouse_Thymus3,71_44,5,13288.0,15078.0
Mouse_Thymus3,25_55,5,8688.0,16178.0
Mouse_Thymus3,94_18,4,15588.0,12478.0
Mouse_Thymus3,108_35,1,16988.0,14178.0
Mouse_Thymus3,14_45,1,7588.0,15178.0
Mouse_Thymus3,111_33,5,17288.0,13978.0
Mouse_Thymus3,119_62,5,18088.0,16878.0
Mouse_Thymus3,76_36,2,13788.0,14278.0
Mouse_Thymus3,88_4,4,14988.0,11078.0
Mouse_Thymus3,36_43,2,9788.0,14978.0
Mouse_Thymus3,76_24,2,13788.0,13078.0
Mouse_Thymus3,13_45,1,7488.0,15178.0
Mouse_Thymus3,68_1,5,12988.0,10778.0
Mouse_Thymus3,41_44,2,10288.0,15078.0
Mouse_Thymus3,119_60,2,18088.0,16678.0
Mouse_Thymus3,68_11,5,12988.0,11778.0
Mouse_Thymus3,96_35,2,15788.0,14178.0
Mouse_Thymus3,95_62,4,15688.0,16878.0
Mouse_Thymus3,93_10,4,15488.0,11678.0
Mouse_Thymus3,51_13,4,11288.0,11978.0
Mouse_Thymus3,63_15,5,12488.0,12178.0
Mouse_Thymus3,32_49,2,9388.0,15578.0
Mouse_Thymus3,98_44,5,15988.0,15078.0
Mouse_Thymus3,66_7,5,12788.0,11378.0
Mouse_Thymus3,39_46,2,10088.0,15278.0
Mouse_Thymus3,78_17,2,13988.0,12378.0
Mouse_Thymus3,25_44,2,8688.0,15078.0
Mouse_Thymus3,88_61,7,14988.0,16778.0
Mouse_Thymus3,19_55,5,8088.0,16178.0
Mouse_Thymus3,58_31,2,11988.0,13778.0
Mouse_Thymus3,94_4,7,15588.0,11078.0
Mouse_Thymus3,84_17,2,14588.0,12378.0
Mouse_Thymus3,40_53,5,10188.0,15978.0
Mouse_Thymus3,41_18,5,10288.0,12478.0
Mouse_Thymus3,101_34,2,16288.0,14078.0
Mouse_Thymus3,97_17,5,15888.0,12378.0
Mouse_Thymus3,122_58,5,18388.0,16478.0
Mouse_Thymus3,76_40,2,13788.0,14678.0
Mouse_Thymus3,120_62,5,18188.0,16878.0
Mouse_Thymus3,17_50,2,7888.0,15678.0
Mouse_Thymus3,60_38,1,12188.0,14478.0
Mouse_Thymus3,121_70,5,18288.0,17678.0
Mouse_Thymus3,82_8,5,14388.0,11478.0
Mouse_Thymus3,34_50,1,9588.0,15678.0
Mouse_Thymus3,33_36,5,9488.0,14278.0
Mouse_Thymus3,95_21,2,15688.0,12778.0
Mouse_Thymus3,91_38,4,15288.0,14478.0
Mouse_Thymus3,35_39,1,9688.0,14578.0
Mouse_Thymus3,76_23,2,13788.0,12978.0
Mouse_Thymus3,58_18,2,11988.0,12478.0
Mouse_Thymus3,44_22,5,10588.0,12878.0
Mouse_Thymus3,46_22,4,10788.0,12878.0
Mouse_Thymus3,90_59,5,15188.0,16578.0
Mouse_Thymus3,67_34,5,12888.0,14078.0
Mouse_Thymus3,98_59,5,15988.0,16578.0
Mouse_Thymus3,46_36,1,10788.0,14278.0
Mouse_Thymus3,57_33,2,11888.0,13978.0
Mouse_Thymus3,1_46,7,6288.0,15278.0
Mouse_Thymus3,42_48,2,10388.0,15478.0
Mouse_Thymus3,13_50,2,7488.0,15678.0
Mouse_Thymus3,34_38,5,9588.0,14478.0
Mouse_Thymus3,74_5,5,13588.0,11178.0
Mouse_Thymus3,112_58,5,17388.0,16478.0
Mouse_Thymus3,39_50,1,10088.0,15678.0
Mouse_Thymus3,26_54,1,8788.0,16078.0
Mouse_Thymus3,96_28,4,15788.0,13478.0
Mouse_Thymus3,69_37,2,13088.0,14378.0
Mouse_Thymus3,44_47,1,10588.0,15378.0
Mouse_Thymus3,50_44,5,11188.0,15078.0
Mouse_Thymus3,22_59,5,8388.0,16578.0
Mouse_Thymus3,36_48,1,9788.0,15478.0
Mouse_Thymus3,11_56,4,7288.0,16278.0
Mouse_Thymus3,57_44,5,11888.0,15078.0
Mouse_Thymus3,60_32,2,12188.0,13878.0
Mouse_Thymus3,91_10,5,15288.0,11678.0
Mouse_Thymus3,60_9,5,12188.0,11578.0
Mouse_Thymus3,22_42,5,8388.0,14878.0
Mouse_Thymus3,52_27,1,11388.0,13378.0
Mouse_Thymus3,65_9,4,12688.0,11578.0
Mouse_Thymus3,115_51,1,17688.0,15778.0
Mouse_Thymus3,49_18,5,11088.0,12478.0
Mouse_Thymus3,121_62,5,18288.0,16878.0
Mouse_Thymus3,79_36,5,14088.0,14278.0
Mouse_Thymus3,17_40,1,7888.0,14678.0
Mouse_Thymus3,12_56,4,7388.0,16278.0
Mouse_Thymus3,43_41,2,10488.0,14778.0
Mouse_Thymus3,52_23,4,11388.0,12978.0
Mouse_Thymus3,30_38,5,9188.0,14478.0
Mouse_Thymus3,66_41,4,12788.0,14778.0
Mouse_Thymus3,80_52,5,14188.0,15878.0
Mouse_Thymus3,91_62,7,15288.0,16878.0
Mouse_Thymus3,65_19,1,12688.0,12578.0
Mouse_Thymus3,90_33,5,15188.0,13978.0
Mouse_Thymus3,38_38,5,9988.0,14478.0
Mouse_Thymus3,77_12,1,13888.0,11878.0
Mouse_Thymus3,73_24,2,13488.0,13078.0
Mouse_Thymus3,79_4,5,14088.0,11078.0
Mouse_Thymus3,94_38,1,15588.0,14478.0
Mouse_Thymus3,71_41,2,13288.0,14778.0
Mouse_Thymus3,98_12,4,15988.0,11878.0
Mouse_Thymus3,22_43,5,8388.0,14978.0
Mouse_Thymus3,71_19,4,13288.0,12578.0
Mouse_Thymus3,99_34,4,16088.0,14078.0
Mouse_Thymus3,80_17,2,14188.0,12378.0
Mouse_Thymus3,70_12,5,13188.0,11878.0
Mouse_Thymus3,66_20,1,12788.0,12678.0
Mouse_Thymus3,5_45,1,6688.0,15178.0
Mouse_Thymus3,74_52,4,13588.0,15878.0
Mouse_Thymus3,79_43,1,14088.0,14978.0
Mouse_Thymus3,93_29,4,15488.0,13578.0
Mouse_Thymus3,104_59,5,16588.0,16578.0
Mouse_Thymus3,108_29,5,16988.0,13578.0
Mouse_Thymus3,103_23,5,16488.0,12978.0
Mouse_Thymus3,30_50,2,9188.0,15678.0
Mouse_Thymus3,61_17,4,12288.0,12378.0
Mouse_Thymus3,82_11,5,14388.0,11778.0
Mouse_Thymus3,87_51,4,14888.0,15778.0
Mouse_Thymus3,25_58,5,8688.0,16478.0
Mouse_Thymus3,108_39,2,16988.0,14578.0
Mouse_Thymus3,64_17,5,12588.0,12378.0
Mouse_Thymus3,16_56,1,7788.0,16278.0
Mouse_Thymus3,109_45,1,17088.0,15178.0
Mouse_Thymus3,8_45,5,6988.0,15178.0
Mouse_Thymus3,100_49,5,16188.0,15578.0
Mouse_Thymus3,83_56,5,14488.0,16278.0
Mouse_Thymus3,62_30,1,12388.0,13678.0
Mouse_Thymus3,57_43,4,11888.0,14978.0
Mouse_Thymus3,12_50,2,7388.0,15678.0
Mouse_Thymus3,124_62,5,18588.0,16878.0
Mouse_Thymus3,87_46,5,14888.0,15278.0
Mouse_Thymus3,69_16,4,13088.0,12278.0
Mouse_Thymus3,85_50,5,14688.0,15678.0
Mouse_Thymus3,21_58,5,8288.0,16478.0
Mouse_Thymus3,102_31,2,16388.0,13778.0
Mouse_Thymus3,11_57,7,7288.0,16378.0
Mouse_Thymus3,80_20,2,14188.0,12678.0
Mouse_Thymus3,96_36,2,15788.0,14278.0
Mouse_Thymus3,77_54,4,13888.0,16078.0
Mouse_Thymus3,81_7,5,14288.0,11378.0
Mouse_Thymus3,119_48,5,18088.0,15478.0
Mouse_Thymus3,110_58,5,17188.0,16478.0
Mouse_Thymus3,64_47,4,12588.0,15378.0
Mouse_Thymus3,63_4,1,12488.0,11078.0
Mouse_Thymus3,87_50,5,14888.0,15678.0
Mouse_Thymus3,74_27,2,13588.0,13378.0
Mouse_Thymus3,119_61,2,18088.0,16778.0
Mouse_Thymus3,102_52,4,16388.0,15878.0
Mouse_Thymus3,50_25,4,11188.0,13178.0
Mouse_Thymus3,103_41,2,16488.0,14778.0
Mouse_Thymus3,114_65,5,17588.0,17178.0
Mouse_Thymus3,108_32,5,16988.0,13878.0
Mouse_Thymus3,88_39,4,14988.0,14578.0
Mouse_Thymus3,101_50,5,16288.0,15678.0
Mouse_Thymus3,84_40,5,14588.0,14678.0
Mouse_Thymus3,67_38,2,12888.0,14478.0
Mouse_Thymus3,46_21,5,10788.0,12778.0
Mouse_Thymus3,50_42,5,11188.0,14878.0
Mouse_Thymus3,48_26,4,10988.0,13278.0
Mouse_Thymus3,68_40,5,12988.0,14678.0
Mouse_Thymus3,24_47,2,8588.0,15378.0
Mouse_Thymus3,68_28,2,12988.0,13478.0
Mouse_Thymus3,100_30,2,16188.0,13678.0
Mouse_Thymus3,66_37,2,12788.0,14378.0
Mouse_Thymus3,88_54,5,14988.0,16078.0
Mouse_Thymus3,61_46,4,12288.0,15278.0
Mouse_Thymus3,97_47,5,15888.0,15378.0
Mouse_Thymus3,78_3,5,13988.0,10978.0
Mouse_Thymus3,43_31,2,10488.0,13778.0
Mouse_Thymus3,93_59,5,15488.0,16578.0
Mouse_Thymus3,96_45,5,15788.0,15178.0
Mouse_Thymus3,102_59,5,16388.0,16578.0
Mouse_Thymus3,25_51,2,8688.0,15778.0
Mouse_Thymus3,28_32,5,8988.0,13878.0
Mouse_Thymus3,36_38,5,9788.0,14478.0
Mouse_Thymus3,124_67,5,18588.0,17378.0
Mouse_Thymus3,68_7,4,12988.0,11378.0
Mouse_Thymus3,78_50,4,13988.0,15678.0
Mouse_Thymus3,67_47,5,12888.0,15378.0
Mouse_Thymus3,99_29,2,16088.0,13578.0
Mouse_Thymus3,102_30,4,16388.0,13678.0
Mouse_Thymus3,111_36,5,17288.0,14278.0
Mouse_Thymus3,27_29,7,8888.0,13578.0
Mouse_Thymus3,50_18,5,11188.0,12478.0
Mouse_Thymus3,96_16,5,15788.0,12278.0
Mouse_Thymus3,24_46,2,8588.0,15278.0
Mouse_Thymus3,95_31,5,15688.0,13778.0
Mouse_Thymus3,54_19,5,11588.0,12578.0
Mouse_Thymus3,62_17,1,12388.0,12378.0
Mouse_Thymus3,112_40,5,17388.0,14678.0
Mouse_Thymus3,110_57,5,17188.0,16378.0
Mouse_Thymus3,106_39,2,16788.0,14578.0
Mouse_Thymus3,83_40,4,14488.0,14678.0
Mouse_Thymus3,64_22,2,12588.0,12878.0
Mouse_Thymus3,57_18,1,11888.0,12478.0
Mouse_Thymus3,37_43,2,9888.0,14978.0
Mouse_Thymus3,32_33,1,9388.0,13978.0
Mouse_Thymus3,58_19,4,11988.0,12578.0
Mouse_Thymus3,105_26,5,16688.0,13278.0
Mouse_Thymus3,82_7,5,14388.0,11378.0
Mouse_Thymus3,31_42,1,9288.0,14878.0
Mouse_Thymus3,120_70,1,18188.0,17678.0
Mouse_Thymus3,68_24,2,12988.0,13078.0
Mouse_Thymus3,29_38,5,9088.0,14478.0
Mouse_Thymus3,32_26,1,9388.0,13278.0
Mouse_Thymus3,15_43,5,7688.0,14978.0
Mouse_Thymus3,72_51,7,13388.0,15778.0
Mouse_Thymus3,74_53,7,13588.0,15978.0
Mouse_Thymus3,64_41,4,12588.0,14778.0
Mouse_Thymus3,84_11,5,14588.0,11778.0
Mouse_Thymus3,41_46,2,10288.0,15278.0
Mouse_Thymus3,103_51,5,16488.0,15778.0
Mouse_Thymus3,98_57,5,15988.0,16378.0
Mouse_Thymus3,63_47,1,12488.0,15378.0
Mouse_Thymus3,28_52,2,8988.0,15878.0
Mouse_Thymus3,78_11,5,13988.0,11778.0
Mouse_Thymus3,31_56,5,9288.0,16278.0
Mouse_Thymus3,118_59,1,17988.0,16578.0
Mouse_Thymus3,75_15,1,13688.0,12178.0
Mouse_Thymus3,52_41,1,11388.0,14778.0
Mouse_Thymus3,89_10,5,15088.0,11678.0
Mouse_Thymus3,16_57,4,7788.0,16378.0
Mouse_Thymus3,122_56,5,18388.0,16278.0
Mouse_Thymus3,67_7,5,12888.0,11378.0
Mouse_Thymus3,36_42,2,9788.0,14878.0
Mouse_Thymus3,43_51,1,10488.0,15778.0
Mouse_Thymus3,81_51,4,14288.0,15778.0
Mouse_Thymus3,105_32,5,16688.0,13878.0
Mouse_Thymus3,98_11,4,15988.0,11778.0
Mouse_Thymus3,58_24,2,11988.0,13078.0
Mouse_Thymus3,49_38,4,11088.0,14478.0
Mouse_Thymus3,60_23,2,12188.0,12978.0
Mouse_Thymus3,93_43,5,15488.0,14978.0
Mouse_Thymus3,115_40,5,17688.0,14678.0
Mouse_Thymus3,61_31,2,12288.0,13778.0
Mouse_Thymus3,117_41,5,17888.0,14778.0
Mouse_Thymus3,4_47,5,6588.0,15378.0
Mouse_Thymus3,102_49,5,16388.0,15578.0
Mouse_Thymus3,25_36,5,8688.0,14278.0
Mouse_Thymus3,116_65,5,17788.0,17178.0
Mouse_Thymus3,53_24,5,11488.0,13078.0
Mouse_Thymus3,71_16,5,13288.0,12278.0
Mouse_Thymus3,111_45,2,17288.0,15178.0
Mouse_Thymus3,35_54,5,9688.0,16078.0
Mouse_Thymus3,29_53,5,9088.0,15978.0
Mouse_Thymus3,75_18,5,13688.0,12478.0
Mouse_Thymus3,116_58,2,17788.0,16478.0
Mouse_Thymus3,103_29,5,16488.0,13578.0
Mouse_Thymus3,92_21,2,15388.0,12778.0
Mouse_Thymus3,72_20,4,13388.0,12678.0
Mouse_Thymus3,113_34,4,17488.0,14078.0
Mouse_Thymus3,87_52,5,14888.0,15878.0
Mouse_Thymus3,90_11,4,15188.0,11778.0
Mouse_Thymus3,46_28,2,10788.0,13478.0
Mouse_Thymus3,103_22,1,16488.0,12878.0
Mouse_Thymus3,40_29,2,10188.0,13578.0
Mouse_Thymus3,112_61,5,17388.0,16778.0
Mouse_Thymus3,48_47,5,10988.0,15378.0
Mouse_Thymus3,35_24,5,9688.0,13078.0
Mouse_Thymus3,48_32,4,10988.0,13878.0
Mouse_Thymus3,81_41,1,14288.0,14778.0
Mouse_Thymus3,99_43,4,16088.0,14978.0
Mouse_Thymus3,34_46,2,9588.0,15278.0
Mouse_Thymus3,36_49,2,9788.0,15578.0
Mouse_Thymus3,2_47,1,6388.0,15378.0
Mouse_Thymus3,38_47,2,9988.0,15378.0
Mouse_Thymus3,103_31,4,16488.0,13778.0
Mouse_Thymus3,60_34,2,12188.0,14078.0
Mouse_Thymus3,75_16,1,13688.0,12278.0
Mouse_Thymus3,83_30,1,14488.0,13678.0
Mouse_Thymus3,114_48,2,17588.0,15478.0
Mouse_Thymus3,40_51,1,10188.0,15778.0
Mouse_Thymus3,34_39,5,9588.0,14578.0
Mouse_Thymus3,52_30,2,11388.0,13678.0
Mouse_Thymus3,17_57,5,7888.0,16378.0
Mouse_Thymus3,63_33,1,12488.0,13978.0
Mouse_Thymus3,119_59,2,18088.0,16578.0
Mouse_Thymus3,53_23,1,11488.0,12978.0
Mouse_Thymus3,117_63,5,17888.0,16978.0
Mouse_Thymus3,18_50,2,7988.0,15678.0
Mouse_Thymus3,70_32,2,13188.0,13878.0
Mouse_Thymus3,39_51,1,10088.0,15778.0
Mouse_Thymus3,95_27,1,15688.0,13378.0
Mouse_Thymus3,94_28,1,15588.0,13478.0
Mouse_Thymus3,20_51,2,8188.0,15778.0
Mouse_Thymus3,119_46,5,18088.0,15278.0
Mouse_Thymus3,26_47,2,8788.0,15378.0
Mouse_Thymus3,28_51,2,8988.0,15778.0
Mouse_Thymus3,112_60,5,17388.0,16678.0
Mouse_Thymus3,91_25,2,15288.0,13178.0
Mouse_Thymus3,59_24,2,12088.0,13078.0
Mouse_Thymus3,81_25,4,14288.0,13178.0
Mouse_Thymus3,47_34,1,10888.0,14078.0
Mouse_Thymus3,41_38,1,10288.0,14478.0
Mouse_Thymus3,79_50,1,14088.0,15678.0
Mouse_Thymus3,73_20,2,13488.0,12678.0
Mouse_Thymus3,88_19,2,14988.0,12578.0
Mouse_Thymus3,82_39,5,14388.0,14578.0
Mouse_Thymus3,88_32,5,14988.0,13878.0
Mouse_Thymus3,26_46,2,8788.0,15278.0
Mouse_Thymus3,62_13,5,12388.0,11978.0
Mouse_Thymus3,100_13,7,16188.0,11978.0
Mouse_Thymus3,98_63,7,15988.0,16978.0
Mouse_Thymus3,41_23,5,10288.0,12978.0
Mouse_Thymus3,83_41,5,14488.0,14778.0
Mouse_Thymus3,90_7,4,15188.0,11378.0
Mouse_Thymus3,123_71,5,18488.0,17778.0
Mouse_Thymus3,104_23,4,16588.0,12978.0
Mouse_Thymus3,115_59,1,17688.0,16578.0
Mouse_Thymus3,123_60,5,18488.0,16678.0
Mouse_Thymus3,104_25,5,16588.0,13178.0
Mouse_Thymus3,80_53,4,14188.0,15978.0
Mouse_Thymus3,100_57,5,16188.0,16378.0
Mouse_Thymus3,26_31,5,8788.0,13778.0
Mouse_Thymus3,51_14,5,11288.0,12078.0
Mouse_Thymus3,89_30,5,15088.0,13678.0
Mouse_Thymus3,88_13,5,14988.0,11978.0
Mouse_Thymus3,77_10,1,13888.0,11678.0
Mouse_Thymus3,58_45,5,11988.0,15178.0
Mouse_Thymus3,104_27,5,16588.0,13378.0
Mouse_Thymus3,75_52,4,13688.0,15878.0
Mouse_Thymus3,111_48,1,17288.0,15478.0
Mouse_Thymus3,67_6,5,12888.0,11278.0
Mouse_Thymus3,106_54,5,16788.0,16078.0
Mouse_Thymus3,52_16,4,11388.0,12278.0
Mouse_Thymus3,116_54,1,17788.0,16078.0
Mouse_Thymus3,70_36,2,13188.0,14278.0
Mouse_Thymus3,80_6,5,14188.0,11278.0
Mouse_Thymus3,61_14,1,12288.0,12078.0
Mouse_Thymus3,23_40,5,8488.0,14678.0
Mouse_Thymus3,78_20,2,13988.0,12678.0
Mouse_Thymus3,16_55,5,7788.0,16178.0
Mouse_Thymus3,16_48,2,7788.0,15478.0
Mouse_Thymus3,88_23,2,14988.0,12978.0
Mouse_Thymus3,28_42,4,8988.0,14878.0
Mouse_Thymus3,57_19,1,11888.0,12578.0
Mouse_Thymus3,13_44,1,7488.0,15078.0
Mouse_Thymus3,77_29,2,13888.0,13578.0
Mouse_Thymus3,82_16,2,14388.0,12278.0
Mouse_Thymus3,29_32,1,9088.0,13878.0
Mouse_Thymus3,58_35,2,11988.0,14178.0
Mouse_Thymus3,42_21,5,10388.0,12778.0
Mouse_Thymus3,113_60,5,17488.0,16678.0
Mouse_Thymus3,56_18,5,11788.0,12478.0
Mouse_Thymus3,69_33,1,13088.0,13978.0
Mouse_Thymus3,87_33,4,14888.0,13978.0
Mouse_Thymus3,96_34,2,15788.0,14078.0
Mouse_Thymus3,17_53,5,7888.0,15978.0
Mouse_Thymus3,35_28,4,9688.0,13478.0
Mouse_Thymus3,67_28,2,12888.0,13478.0
Mouse_Thymus3,45_18,5,10688.0,12478.0
Mouse_Thymus3,120_68,5,18188.0,17478.0
Mouse_Thymus3,111_43,2,17288.0,14978.0
Mouse_Thymus3,56_20,5,11788.0,12678.0
Mouse_Thymus3,107_33,5,16888.0,13978.0
Mouse_Thymus3,117_48,5,17888.0,15478.0
Mouse_Thymus3,25_59,5,8688.0,16578.0
Mouse_Thymus3,56_14,5,11788.0,12078.0
Mouse_Thymus3,80_19,2,14188.0,12578.0
Mouse_Thymus3,105_25,5,16688.0,13178.0
Mouse_Thymus3,37_24,1,9888.0,13078.0
Mouse_Thymus3,14_43,5,7588.0,14978.0
Mouse_Thymus3,14_40,7,7588.0,14678.0
Mouse_Thymus3,53_37,5,11488.0,14378.0
Mouse_Thymus3,81_6,5,14288.0,11278.0
Mouse_Thymus3,84_28,2,14588.0,13478.0
Mouse_Thymus3,92_57,5,15388.0,16378.0
Mouse_Thymus3,48_41,2,10988.0,14778.0
Mouse_Thymus3,35_27,5,9688.0,13378.0
Mouse_Thymus3,69_15,1,13088.0,12178.0
Mouse_Thymus3,51_23,1,11288.0,12978.0
Mouse_Thymus3,58_33,1,11988.0,13978.0
Mouse_Thymus3,19_45,5,8088.0,15178.0
Mouse_Thymus3,34_59,4,9588.0,16578.0
Mouse_Thymus3,104_52,4,16588.0,15878.0
Mouse_Thymus3,34_42,2,9588.0,14878.0
Mouse_Thymus3,44_28,2,10588.0,13478.0
Mouse_Thymus3,119_47,5,18088.0,15378.0
Mouse_Thymus3,87_9,5,14888.0,11578.0
Mouse_Thymus3,91_37,4,15288.0,14378.0
Mouse_Thymus3,53_18,5,11488.0,12478.0
Mouse_Thymus3,106_47,4,16788.0,15378.0
Mouse_Thymus3,40_28,2,10188.0,13478.0
Mouse_Thymus3,32_31,1,9388.0,13778.0
Mouse_Thymus3,86_36,5,14788.0,14278.0
Mouse_Thymus3,78_55,4,13988.0,16178.0
Mouse_Thymus3,86_11,5,14788.0,11778.0
Mouse_Thymus3,76_10,1,13788.0,11678.0
Mouse_Thymus3,63_11,5,12488.0,11778.0
Mouse_Thymus3,125_67,5,18688.0,17378.0
Mouse_Thymus3,84_56,5,14588.0,16278.0
Mouse_Thymus3,83_39,5,14488.0,14578.0
Mouse_Thymus3,119_53,5,18088.0,15978.0
Mouse_Thymus3,104_51,5,16588.0,15778.0
Mouse_Thymus3,110_35,5,17188.0,14178.0
Mouse_Thymus3,69_31,2,13088.0,13778.0
Mouse_Thymus3,81_14,2,14288.0,12078.0
Mouse_Thymus3,94_12,5,15588.0,11878.0
Mouse_Thymus3,90_30,1,15188.0,13678.0
Mouse_Thymus3,53_30,2,11488.0,13678.0
Mouse_Thymus3,74_23,2,13588.0,12978.0
Mouse_Thymus3,76_17,1,13788.0,12378.0
Mouse_Thymus3,66_8,5,12788.0,11478.0
Mouse_Thymus3,5_47,5,6688.0,15378.0
Mouse_Thymus3,85_19,2,14688.0,12578.0
Mouse_Thymus3,19_56,5,8088.0,16278.0
Mouse_Thymus3,109_60,4,17088.0,16678.0
Mouse_Thymus3,37_34,1,9888.0,14078.0
Mouse_Thymus3,70_15,5,13188.0,12178.0
Mouse_Thymus3,75_6,1,13688.0,11278.0
Mouse_Thymus3,97_9,1,15888.0,11578.0
Mouse_Thymus3,102_60,5,16388.0,16678.0
Mouse_Thymus3,101_56,5,16288.0,16278.0
Mouse_Thymus3,81_0,5,14288.0,10678.0
Mouse_Thymus3,80_37,1,14188.0,14378.0
Mouse_Thymus3,85_53,5,14688.0,15978.0
Mouse_Thymus3,28_36,5,8988.0,14278.0
Mouse_Thymus3,72_3,5,13388.0,10978.0
Mouse_Thymus3,36_22,5,9788.0,12878.0
Mouse_Thymus3,112_62,5,17388.0,16878.0
Mouse_Thymus3,57_32,2,11888.0,13878.0
Mouse_Thymus3,47_45,5,10888.0,15178.0
Mouse_Thymus3,96_12,5,15788.0,11878.0
Mouse_Thymus3,31_31,4,9288.0,13778.0
Mouse_Thymus3,70_34,1,13188.0,14078.0
Mouse_Thymus3,47_41,2,10888.0,14778.0
Mouse_Thymus3,117_65,5,17888.0,17178.0
Mouse_Thymus3,79_44,1,14088.0,15078.0
Mouse_Thymus3,93_56,5,15488.0,16278.0
Mouse_Thymus3,107_29,5,16888.0,13578.0
Mouse_Thymus3,102_50,5,16388.0,15678.0
Mouse_Thymus3,52_20,5,11388.0,12678.0
Mouse_Thymus3,60_18,2,12188.0,12478.0
Mouse_Thymus3,86_39,4,14788.0,14578.0
Mouse_Thymus3,36_31,1,9788.0,13778.0
