section,obs_name,cluster,x,y
Mouse_Thymus1,0_22,0,8919.0,13270.0
Mouse_Thymus1,0_33,3,8919.0,14370.0
Mouse_Thymus1,0_40,3,8919.0,15070.0
Mouse_Thymus1,0_41,3,8919.0,15170.0
Mouse_Thymus1,0_42,3,8919.0,15270.0
Mouse_Thymus1,10_10,6,9919.0,12070.0
Mouse_Thymus1,10_11,6,9919.0,12170.0
Mouse_Thymus1,10_12,3,9919.0,12270.0
Mouse_Thymus1,10_13,3,9919.0,12370.0
Mouse_Thymus1,10_14,3,9919.0,12470.0
Mouse_Thymus1,10_15,3,9919.0,12570.0
Mouse_Thymus1,10_16,3,9919.0,12670.0
Mouse_Thymus1,10_17,0,9919.0,12770.0
Mouse_Thymus1,10_18,3,9919.0,12870.0
Mouse_Thymus1,10_19,3,9919.0,12970.0
Mouse_Thymus1,10_20,7,9919.0,13070.0
Mouse_Thymus1,10_21,3,9919.0,13170.0
Mouse_Thymus1,10_22,3,9919.0,13270.0
Mouse_Thymus1,10_23,6,9919.0,13370.0
Mouse_Thymus1,10_24,6,9919.0,13470.0
Mouse_Thymus1,10_25,3,9919.0,13570.0
Mouse_Thymus1,10_26,3,9919.0,13670.0
Mouse_Thymus1,10_27,3,9919.0,13770.0
Mouse_Thymus1,10_28,3,9919.0,13870.0
Mouse_Thymus1,10_29,3,9919.0,13970.0
Mouse_Thymus1,10_30,3,9919.0,14070.0
Mouse_Thymus1,10_31,6,9919.0,14170.0
Mouse_Thymus1,10_32,3,9919.0,14270.0
Mouse_Thymus1,10_33,3,9919.0,14370.0
Mouse_Thymus1,10_34,0,9919.0,14470.0
Mouse_Thymus1,10_35,6,9919.0,14570.0
Mouse_Thymus1,10_36,6,9919.0,14670.0
Mouse_Thymus1,10_37,3,9919.0,14770.0
Mouse_Thymus1,10_38,3,9919.0,14870.0
Mouse_Thymus1,10_39,6,9919.0,14970.0
Mouse_Thymus1,10_4,3,9919.0,11470.0
Mouse_Thymus1,10_40,3,9919.0,15070.0
Mouse_Thymus1,10_41,3,9919.0,15170.0
Mouse_Thymus1,10_42,3,9919.0,15270.0
Mouse_Thymus1,10_43,3,9919.0,15370.0
Mouse_Thymus1,10_44,3,9919.0,15470.0
Mouse_Thymus1,10_45,6,9919.0,15570.0
Mouse_Thymus1,10_46,3,9919.0,15670.0
Mouse_Thymus1,10_47,3,9919.0,15770.0
Mouse_Thymus1,10_48,6,9919.0,15870.0
Mouse_Thymus1,10_49,3,9919.0,15970.0
Mouse_Thymus1,10_5,3,9919.0,11570.0
Mouse_Thymus1,10_50,3,9919.0,16070.0
Mouse_Thymus1,10_51,3,9919.0,16170.0
Mouse_Thymus1,10_52,3,9919.0,16270.0
Mouse_Thymus1,10_53,3,9919.0,16370.0
Mouse_Thymus1,10_54,7,9919.0,16470.0
Mouse_Thymus1,10_55,3,9919.0,16570.0
Mouse_Thymus1,10_56,3,9919.0,16670.0
Mouse_Thymus1,10_57,3,9919.0,16770.0
Mouse_Thymus1,10_58,3,9919.0,16870.0
Mouse_Thymus1,10_59,6,9919.0,16970.0
Mouse_Thymus1,10_6,3,9919.0,11670.0
Mouse_Thymus1,10_60,3,9919.0,17070.0
Mouse_Thymus1,10_61,3,9919.0,17170.0
Mouse_Thymus1,10_62,3,9919.0,17270.0
Mouse_Thymus1,10_63,6,9919.0,17370.0
Mouse_Thymus1,10_64,3,9919.0,17470.0
Mouse_Thymus1,10_65,3,9919.0,17570.0
Mouse_Thymus1,10_66,3,9919.0,17670.0
Mouse_Thymus1,10_67,0,9919.0,17770.0
Mouse_Thymus1,10_68,3,9919.0,17870.0
Mouse_Thymus1,10_69,3,9919.0,17970.0
Mouse_Thymus1,10_7,3,9919.0,11770.0
Mouse_Thymus1,10_70,3,9919.0,18070.0
Mouse_Thymus1,10_71,3,9919.0,18170.0
Mouse_Thymus1,10_72,3,9919.0,18270.0
Mouse_Thymus1,10_73,3,9919.0,18370.0
Mouse_Thymus1,10_74,3,9919.0,18470.0
Mouse_Thymus1,10_75,7,9919.0,18570.0
Mouse_Thymus1,10_8,3,9919.0,11870.0
Mouse_Thymus1,10_9,3,9919.0,11970.0
Mouse_Thymus1,11_10,6,10019.0,12070.0
Mouse_Thymus1,11_11,3,10019.0,12170.0
Mouse_Thymus1,11_12,0,10019.0,12270.0
Mouse_Thymus1,11_13,3,10019.0,12370.0
Mouse_Thymus1,11_14,3,10019.0,12470.0
Mouse_Thymus1,11_15,3,10019.0,12570.0
Mouse_Thymus1,11_16,0,10019.0,12670.0
Mouse_Thymus1,11_17,3,10019.0,12770.0
Mouse_Thymus1,11_18,3,10019.0,12870.0
Mouse_Thymus1,11_19,6,10019.0,12970.0
Mouse_Thymus1,11_20,0,10019.0,13070.0
Mouse_Thymus1,11_21,3,10019.0,13170.0
Mouse_Thymus1,11_22,3,10019.0,13270.0
Mouse_Thymus1,11_23,3,10019.0,13370.0
Mouse_Thymus1,11_24,3,10019.0,13470.0
Mouse_Thymus1,11_25,6,10019.0,13570.0
Mouse_Thymus1,11_26,3,10019.0,13670.0
Mouse_Thymus1,11_27,6,10019.0,13770.0
Mouse_Thymus1,11_28,3,10019.0,13870.0
Mouse_Thymus1,11_29,3,10019.0,13970.0
Mouse_Thymus1,11_30,3,10019.0,14070.0
Mouse_Thymus1,11_31,6,10019.0,14170.0
Mouse_Thymus1,11_32,3,10019.0,14270.0
Mouse_Thymus1,11_33,3,10019.0,14370.0
Mouse_Thymus1,11_34,3,10019.0,14470.0
Mouse_Thymus1,11_35,3,10019.0,14570.0
Mouse_Thymus1,11_36,3,10019.0,14670.0
Mouse_Thymus1,11_37,3,10019.0,14770.0
Mouse_Thymus1,11_38,3,10019.0,14870.0
Mouse_Thymus1,11_39,3,10019.0,14970.0
Mouse_Thymus1,11_4,3,10019.0,11470.0
Mouse_Thymus1,11_40,6,10019.0,15070.0
Mouse_Thymus1,11_41,3,10019.0,15170.0
Mouse_Thymus1,11_42,3,10019.0,15270.0
Mouse_Thymus1,11_43,3,10019.0,15370.0
Mouse_Thymus1,11_44,3,10019.0,15470.0
Mouse_Thymus1,11_45,3,10019.0,15570.0
Mouse_Thymus1,11_46,3,10019.0,15670.0
Mouse_Thymus1,11_47,6,10019.0,15770.0
Mouse_Thymus1,11_48,3,10019.0,15870.0
Mouse_Thymus1,11_49,3,10019.0,15970.0
Mouse_Thymus1,11_5,6,10019.0,11570.0
Mouse_Thymus1,11_50,6,10019.0,16070.0
Mouse_Thymus1,11_51,3,10019.0,16170.0
Mouse_Thymus1,11_52,3,10019.0,16270.0
Mouse_Thymus1,11_53,3,10019.0,16370.0
Mouse_Thymus1,11_54,6,10019.0,16470.0
Mouse_Thymus1,11_55,3,10019.0,16570.0
Mouse_Thymus1,11_56,0,10019.0,16670.0
Mouse_Thymus1,11_57,6,10019.0,16770.0
Mouse_Thymus1,11_58,3,10019.0,16870.0
Mouse_Thymus1,11_59,0,10019.0,16970.0
Mouse_Thymus1,11_6,7,10019.0,11670.0
Mouse_Thymus1,11_60,3,10019.0,17070.0
Mouse_Thymus1,11_61,3,10019.0,17170.0
Mouse_Thymus1,11_62,3,10019.0,17270.0
Mouse_Thymus1,11_63,7,10019.0,17370.0
Mouse_Thymus1,11_64,3,10019.0,17470.0
Mouse_Thymus1,11_65,3,10019.0,17570.0
Mouse_Thymus1,11_66,3,10019.0,17670.0
Mouse_Thymus1,11_67,3,10019.0,17770.0
Mouse_Thymus1,11_68,6,10019.0,17870.0
Mouse_Thymus1,11_69,3,10019.0,17970.0
Mouse_Thymus1,11_7,3,10019.0,11770.0
Mouse_Thymus1,11_70,3,10019.0,18070.0
Mouse_Thymus1,11_71,3,10019.0,18170.0
Mouse_Thymus1,11_72,3,10019.0,18270.0
Mouse_Thymus1,11_73,6,10019.0,18370.0
Mouse_Thymus1,11_74,3,10019.0,18470.0
Mouse_Thymus1,11_75,3,10019.0,18570.0
Mouse_Thymus1,11_76,3,10019.0,18670.0
Mouse_Thymus1,11_8,3,10019.0,11870.0
Mouse_Thymus1,11_9,3,10019.0,11970.0
Mouse_Thymus1,12_10,3,10119.0,12070.0
Mouse_Thymus1,12_11,3,10119.0,12170.0
Mouse_Thymus1,12_12,0,10119.0,12270.0
Mouse_Thymus1,12_13,6,10119.0,12370.0
Mouse_Thymus1,12_14,6,10119.0,12470.0
Mouse_Thymus1,12_15,0,10119.0,12570.0
Mouse_Thymus1,12_16,7,10119.0,12670.0
Mouse_Thymus1,12_17,6,10119.0,12770.0
Mouse_Thymus1,12_18,3,10119.0,12870.0
Mouse_Thymus1,12_19,0,10119.0,12970.0
Mouse_Thymus1,12_20,0,10119.0,13070.0
Mouse_Thymus1,12_21,3,10119.0,13170.0
Mouse_Thymus1,12_22,3,10119.0,13270.0
Mouse_Thymus1,12_23,6,10119.0,13370.0
Mouse_Thymus1,12_24,3,10119.0,13470.0
Mouse_Thymus1,12_25,3,10119.0,13570.0
Mouse_Thymus1,12_26,3,10119.0,13670.0
Mouse_Thymus1,12_27,3,10119.0,13770.0
Mouse_Thymus1,12_28,3,10119.0,13870.0
Mouse_Thymus1,12_29,3,10119.0,13970.0
Mouse_Thymus1,12_30,3,10119.0,14070.0
Mouse_Thymus1,12_31,6,10119.0,14170.0
Mouse_Thymus1,12_32,6,10119.0,14270.0
Mouse_Thymus1,12_33,3,10119.0,14370.0
Mouse_Thymus1,12_34,3,10119.0,14470.0
Mouse_Thymus1,12_35,0,10119.0,14570.0
Mouse_Thymus1,12_36,3,10119.0,14670.0
Mouse_Thymus1,12_37,3,10119.0,14770.0
Mouse_Thymus1,12_38,3,10119.0,14870.0
Mouse_Thymus1,12_39,3,10119.0,14970.0
Mouse_Thymus1,12_4,3,10119.0,11470.0
Mouse_Thymus1,12_40,0,10119.0,15070.0
Mouse_Thymus1,12_41,0,10119.0,15170.0
Mouse_Thymus1,12_42,3,10119.0,15270.0
Mouse_Thymus1,12_43,3,10119.0,15370.0
Mouse_Thymus1,12_44,0,10119.0,15470.0
Mouse_Thymus1,12_45,6,10119.0,15570.0
Mouse_Thymus1,12_46,3,10119.0,15670.0
Mouse_Thymus1,12_47,3,10119.0,15770.0
Mouse_Thymus1,12_48,3,10119.0,15870.0
Mouse_Thymus1,12_49,3,10119.0,15970.0
Mouse_Thymus1,12_5,0,10119.0,11570.0
Mouse_Thymus1,12_50,3,10119.0,16070.0
Mouse_Thymus1,12_51,3,10119.0,16170.0
Mouse_Thymus1,12_52,3,10119.0,16270.0
Mouse_Thymus1,12_53,3,10119.0,16370.0
Mouse_Thymus1,12_54,3,10119.0,16470.0
Mouse_Thymus1,12_55,3,10119.0,16570.0
Mouse_Thymus1,12_56,3,10119.0,16670.0
Mouse_Thymus1,12_57,3,10119.0,16770.0
Mouse_Thymus1,12_58,3,10119.0,16870.0
Mouse_Thymus1,12_59,3,10119.0,16970.0
Mouse_Thymus1,12_6,3,10119.0,11670.0
Mouse_Thymus1,12_60,3,10119.0,17070.0
Mouse_Thymus1,12_61,3,10119.0,17170.0
Mouse_Thymus1,12_62,3,10119.0,17270.0
Mouse_Thymus1,12_63,6,10119.0,17370.0
Mouse_Thymus1,12_64,3,10119.0,17470.0
Mouse_Thymus1,12_65,7,10119.0,17570.0
Mouse_Thymus1,12_66,3,10119.0,17670.0
Mouse_Thymus1,12_67,3,10119.0,17770.0
Mouse_Thymus1,12_68,3,10119.0,17870.0
Mouse_Thymus1,12_69,3,10119.0,17970.0
Mouse_Thymus1,12_7,3,10119.0,11770.0
Mouse_Thymus1,12_70,3,10119.0,18070.0
Mouse_Thymus1,12_71,0,10119.0,18170.0
Mouse_Thymus1,12_72,7,10119.0,18270.0
Mouse_Thymus1,12_73,0,10119.0,18370.0
Mouse_Thymus1,12_74,6,10119.0,18470.0
Mouse_Thymus1,12_75,0,10119.0,18570.0
Mouse_Thymus1,12_76,3,10119.0,18670.0
Mouse_Thymus1,12_77,3,10119.0,18770.0
Mouse_Thymus1,12_8,3,10119.0,11870.0
Mouse_Thymus1,12_9,3,10119.0,11970.0
Mouse_Thymus1,13_10,7,10219.0,12070.0
Mouse_Thymus1,13_11,6,10219.0,12170.0
Mouse_Thymus1,13_12,0,10219.0,12270.0
Mouse_Thymus1,13_13,3,10219.0,12370.0
Mouse_Thymus1,13_14,6,10219.0,12470.0
Mouse_Thymus1,13_15,3,10219.0,12570.0
Mouse_Thymus1,13_16,0,10219.0,12670.0
Mouse_Thymus1,13_17,0,10219.0,12770.0
Mouse_Thymus1,13_18,6,10219.0,12870.0
Mouse_Thymus1,13_19,3,10219.0,12970.0
Mouse_Thymus1,13_20,3,10219.0,13070.0
Mouse_Thymus1,13_21,6,10219.0,13170.0
Mouse_Thymus1,13_22,3,10219.0,13270.0
Mouse_Thymus1,13_23,3,10219.0,13370.0
Mouse_Thymus1,13_24,0,10219.0,13470.0
Mouse_Thymus1,13_25,3,10219.0,13570.0
Mouse_Thymus1,13_26,0,10219.0,13670.0
Mouse_Thymus1,13_27,3,10219.0,13770.0
Mouse_Thymus1,13_28,6,10219.0,13870.0
Mouse_Thymus1,13_29,3,10219.0,13970.0
Mouse_Thymus1,13_30,3,10219.0,14070.0
Mouse_Thymus1,13_31,3,10219.0,14170.0
Mouse_Thymus1,13_32,3,10219.0,14270.0
Mouse_Thymus1,13_33,6,10219.0,14370.0
Mouse_Thymus1,13_34,3,10219.0,14470.0
Mouse_Thymus1,13_35,0,10219.0,14570.0
Mouse_Thymus1,13_36,3,10219.0,14670.0
Mouse_Thymus1,13_37,3,10219.0,14770.0
Mouse_Thymus1,13_38,3,10219.0,14870.0
Mouse_Thymus1,13_39,3,10219.0,14970.0
Mouse_Thymus1,13_4,0,10219.0,11470.0
Mouse_Thymus1,13_40,6,10219.0,15070.0
Mouse_Thymus1,13_41,0,10219.0,15170.0
Mouse_Thymus1,13_42,3,10219.0,15270.0
Mouse_Thymus1,13_43,3,10219.0,15370.0
Mouse_Thymus1,13_44,3,10219.0,15470.0
Mouse_Thymus1,13_45,3,10219.0,15570.0
Mouse_Thymus1,13_46,3,10219.0,15670.0
Mouse_Thymus1,13_47,3,10219.0,15770.0
Mouse_Thymus1,13_48,3,10219.0,15870.0
Mouse_Thymus1,13_49,3,10219.0,15970.0
Mouse_Thymus1,13_5,0,10219.0,11570.0
Mouse_Thymus1,13_50,3,10219.0,16070.0
Mouse_Thymus1,13_51,3,10219.0,16170.0
Mouse_Thymus1,13_52,3,10219.0,16270.0
Mouse_Thymus1,13_53,3,10219.0,16370.0
Mouse_Thymus1,13_54,6,10219.0,16470.0
Mouse_Thymus1,13_55,3,10219.0,16570.0
Mouse_Thymus1,13_56,3,10219.0,16670.0
Mouse_Thymus1,13_57,6,10219.0,16770.0
Mouse_Thymus1,13_58,3,10219.0,16870.0
Mouse_Thymus1,13_59,3,10219.0,16970.0
Mouse_Thymus1,13_6,3,10219.0,11670.0
Mouse_Thymus1,13_60,3,10219.0,17070.0
Mouse_Thymus1,13_61,3,10219.0,17170.0
Mouse_Thymus1,13_62,3,10219.0,17270.0
Mouse_Thymus1,13_63,6,10219.0,17370.0
Mouse_Thymus1,13_64,6,10219.0,17470.0
Mouse_Thymus1,13_65,3,10219.0,17570.0
Mouse_Thymus1,13_66,6,10219.0,17670.0
Mouse_Thymus1,13_67,3,10219.0,17770.0
Mouse_Thymus1,13_68,6,10219.0,17870.0
Mouse_Thymus1,13_69,3,10219.0,17970.0
Mouse_Thymus1,13_7,3,10219.0,11770.0
Mouse_Thymus1,13_70,3,10219.0,18070.0
Mouse_Thymus1,13_71,0,10219.0,18170.0
Mouse_Thymus1,13_72,3,10219.0,18270.0
Mouse_Thymus1,13_73,6,10219.0,18370.0
Mouse_Thymus1,13_74,3,10219.0,18470.0
Mouse_Thymus1,13_75,3,10219.0,18570.0
Mouse_Thymus1,13_76,6,10219.0,18670.0
Mouse_Thymus1,13_77,3,10219.0,18770.0
Mouse_Thymus1,13_8,0,10219.0,11870.0
Mouse_Thymus1,13_9,3,10219.0,11970.0
Mouse_Thymus1,14_10,3,10319.0,12070.0
Mouse_Thymus1,14_11,3,10319.0,12170.0
Mouse_Thymus1,14_12,3,10319.0,12270.0
Mouse_Thymus1,14_13,3,10319.0,12370.0
Mouse_Thymus1,14_14,6,10319.0,12470.0
Mouse_Thymus1,14_15,3,10319.0,12570.0
Mouse_Thymus1,14_16,0,10319.0,12670.0
Mouse_Thymus1,14_17,3,10319.0,12770.0
Mouse_Thymus1,14_18,3,10319.0,12870.0
Mouse_Thymus1,14_19,3,10319.0,12970.0
Mouse_Thymus1,14_20,3,10319.0,13070.0
Mouse_Thymus1,14_21,3,10319.0,13170.0
Mouse_Thymus1,14_22,3,10319.0,13270.0
Mouse_Thymus1,14_23,7,10319.0,13370.0
Mouse_Thymus1,14_24,6,10319.0,13470.0
Mouse_Thymus1,14_25,7,10319.0,13570.0
Mouse_Thymus1,14_26,6,10319.0,13670.0
Mouse_Thymus1,14_27,6,10319.0,13770.0
Mouse_Thymus1,14_28,3,10319.0,13870.0
Mouse_Thymus1,14_29,6,10319.0,13970.0
Mouse_Thymus1,14_3,3,10319.0,11370.0
Mouse_Thymus1,14_30,3,10319.0,14070.0
Mouse_Thymus1,14_31,6,10319.0,14170.0
Mouse_Thymus1,14_32,3,10319.0,14270.0
Mouse_Thymus1,14_33,3,10319.0,14370.0
Mouse_Thymus1,14_34,3,10319.0,14470.0
Mouse_Thymus1,14_35,7,10319.0,14570.0
Mouse_Thymus1,14_36,3,10319.0,14670.0
Mouse_Thymus1,14_37,0,10319.0,14770.0
Mouse_Thymus1,14_38,6,10319.0,14870.0
Mouse_Thymus1,14_39,3,10319.0,14970.0
Mouse_Thymus1,14_4,6,10319.0,11470.0
Mouse_Thymus1,14_40,3,10319.0,15070.0
Mouse_Thymus1,14_41,3,10319.0,15170.0
Mouse_Thymus1,14_42,3,10319.0,15270.0
Mouse_Thymus1,14_43,3,10319.0,15370.0
Mouse_Thymus1,14_44,3,10319.0,15470.0
Mouse_Thymus1,14_45,3,10319.0,15570.0
Mouse_Thymus1,14_46,0,10319.0,15670.0
Mouse_Thymus1,14_47,3,10319.0,15770.0
Mouse_Thymus1,14_48,3,10319.0,15870.0
Mouse_Thymus1,14_49,3,10319.0,15970.0
Mouse_Thymus1,14_5,3,10319.0,11570.0
Mouse_Thymus1,14_50,3,10319.0,16070.0
Mouse_Thymus1,14_51,3,10319.0,16170.0
Mouse_Thymus1,14_52,0,10319.0,16270.0
Mouse_Thymus1,14_53,3,10319.0,16370.0
Mouse_Thymus1,14_54,3,10319.0,16470.0
Mouse_Thymus1,14_55,3,10319.0,16570.0
Mouse_Thymus1,14_56,6,10319.0,16670.0
Mouse_Thymus1,14_57,3,10319.0,16770.0
Mouse_Thymus1,14_58,3,10319.0,16870.0
Mouse_Thymus1,14_59,0,10319.0,16970.0
Mouse_Thymus1,14_6,6,10319.0,11670.0
Mouse_Thymus1,14_60,3,10319.0,17070.0
Mouse_Thymus1,14_61,3,10319.0,17170.0
Mouse_Thymus1,14_62,3,10319.0,17270.0
Mouse_Thymus1,14_63,3,10319.0,17370.0
Mouse_Thymus1,14_64,3,10319.0,17470.0
Mouse_Thymus1,14_65,3,10319.0,17570.0
Mouse_Thymus1,14_66,3,10319.0,17670.0
Mouse_Thymus1,14_67,6,10319.0,17770.0
Mouse_Thymus1,14_68,3,10319.0,17870.0
Mouse_Thymus1,14_69,3,10319.0,17970.0
Mouse_Thymus1,14_7,3,10319.0,11770.0
Mouse_Thymus1,14_70,3,10319.0,18070.0
Mouse_Thymus1,14_71,0,10319.0,18170.0
Mouse_Thymus1,14_72,3,10319.0,18270.0
Mouse_Thymus1,14_73,3,10319.0,18370.0
Mouse_Thymus1,14_74,6,10319.0,18470.0
Mouse_Thymus1,14_75,3,10319.0,18570.0
Mouse_Thymus1,14_76,3,10319.0,18670.0
Mouse_Thymus1,14_77,3,10319.0,18770.0
Mouse_Thymus1,14_78,7,10319.0,18870.0
Mouse_Thymus1,14_8,6,10319.0,11870.0
Mouse_Thymus1,14_9,3,10319.0,11970.0
Mouse_Thymus1,15_10,7,10419.0,12070.0
Mouse_Thymus1,15_11,3,10419.0,12170.0
Mouse_Thymus1,15_12,3,10419.0,12270.0
Mouse_Thymus1,15_13,3,10419.0,12370.0
Mouse_Thymus1,15_14,3,10419.0,12470.0
Mouse_Thymus1,15_15,3,10419.0,12570.0
Mouse_Thymus1,15_16,3,10419.0,12670.0
Mouse_Thymus1,15_17,6,10419.0,12770.0
Mouse_Thymus1,15_18,3,10419.0,12870.0
Mouse_Thymus1,15_19,3,10419.0,12970.0
Mouse_Thymus1,15_2,3,10419.0,11270.0
Mouse_Thymus1,15_20,3,10419.0,13070.0
Mouse_Thymus1,15_21,3,10419.0,13170.0
Mouse_Thymus1,15_22,3,10419.0,13270.0
Mouse_Thymus1,15_23,3,10419.0,13370.0
Mouse_Thymus1,15_24,3,10419.0,13470.0
Mouse_Thymus1,15_25,6,10419.0,13570.0
Mouse_Thymus1,15_26,0,10419.0,13670.0
Mouse_Thymus1,15_27,3,10419.0,13770.0
Mouse_Thymus1,15_28,3,10419.0,13870.0
Mouse_Thymus1,15_29,3,10419.0,13970.0
Mouse_Thymus1,15_3,7,10419.0,11370.0
Mouse_Thymus1,15_30,3,10419.0,14070.0
Mouse_Thymus1,15_31,3,10419.0,14170.0
Mouse_Thymus1,15_32,3,10419.0,14270.0
Mouse_Thymus1,15_33,3,10419.0,14370.0
Mouse_Thymus1,15_34,3,10419.0,14470.0
Mouse_Thymus1,15_35,0,10419.0,14570.0
Mouse_Thymus1,15_36,6,10419.0,14670.0
Mouse_Thymus1,15_37,3,10419.0,14770.0
Mouse_Thymus1,15_38,3,10419.0,14870.0
Mouse_Thymus1,15_39,3,10419.0,14970.0
Mouse_Thymus1,15_4,6,10419.0,11470.0
Mouse_Thymus1,15_40,3,10419.0,15070.0
Mouse_Thymus1,15_41,3,10419.0,15170.0
Mouse_Thymus1,15_42,3,10419.0,15270.0
Mouse_Thymus1,15_43,3,10419.0,15370.0
Mouse_Thymus1,15_44,6,10419.0,15470.0
Mouse_Thymus1,15_45,3,10419.0,15570.0
Mouse_Thymus1,15_46,3,10419.0,15670.0
Mouse_Thymus1,15_47,3,10419.0,15770.0
Mouse_Thymus1,15_48,0,10419.0,15870.0
Mouse_Thymus1,15_49,6,10419.0,15970.0
Mouse_Thymus1,15_5,3,10419.0,11570.0
Mouse_Thymus1,15_50,3,10419.0,16070.0
Mouse_Thymus1,15_51,3,10419.0,16170.0
Mouse_Thymus1,15_52,3,10419.0,16270.0
Mouse_Thymus1,15_53,6,10419.0,16370.0
Mouse_Thymus1,15_54,3,10419.0,16470.0
Mouse_Thymus1,15_55,3,10419.0,16570.0
Mouse_Thymus1,15_56,3,10419.0,16670.0
Mouse_Thymus1,15_57,6,10419.0,16770.0
Mouse_Thymus1,15_58,3,10419.0,16870.0
Mouse_Thymus1,15_59,3,10419.0,16970.0
Mouse_Thymus1,15_6,3,10419.0,11670.0
Mouse_Thymus1,15_60,0,10419.0,17070.0
Mouse_Thymus1,15_61,6,10419.0,17170.0
Mouse_Thymus1,15_62,3,10419.0,17270.0
Mouse_Thymus1,15_63,3,10419.0,17370.0
Mouse_Thymus1,15_64,3,10419.0,17470.0
Mouse_Thymus1,15_65,3,10419.0,17570.0
Mouse_Thymus1,15_66,3,10419.0,17670.0
Mouse_Thymus1,15_67,3,10419.0,17770.0
Mouse_Thymus1,15_68,0,10419.0,17870.0
Mouse_Thymus1,15_69,3,10419.0,17970.0
Mouse_Thymus1,15_7,3,10419.0,11770.0
Mouse_Thymus1,15_70,0,10419.0,18070.0
Mouse_Thymus1,15_71,6,10419.0,18170.0
Mouse_Thymus1,15_72,0,10419.0,18270.0
Mouse_Thymus1,15_73,3,10419.0,18370.0
Mouse_Thymus1,15_74,3,10419.0,18470.0
Mouse_Thymus1,15_75,3,10419.0,18570.0
Mouse_Thymus1,15_76,0,10419.0,18670.0
Mouse_Thymus1,15_77,3,10419.0,18770.0
Mouse_Thymus1,15_78,3,10419.0,18870.0
Mouse_Thymus1,15_79,0,10419.0,18970.0
Mouse_Thymus1,15_8,7,10419.0,11870.0
Mouse_Thymus1,15_9,0,10419.0,11970.0
Mouse_Thymus1,16_1,3,10519.0,11170.0
Mouse_Thymus1,16_10,6,10519.0,12070.0
Mouse_Thymus1,16_11,3,10519.0,12170.0
Mouse_Thymus1,16_12,0,10519.0,12270.0
Mouse_Thymus1,16_13,3,10519.0,12370.0
Mouse_Thymus1,16_14,3,10519.0,12470.0
Mouse_Thymus1,16_15,3,10519.0,12570.0
Mouse_Thymus1,16_16,3,10519.0,12670.0
Mouse_Thymus1,16_17,3,10519.0,12770.0
Mouse_Thymus1,16_18,3,10519.0,12870.0
Mouse_Thymus1,16_19,6,10519.0,12970.0
Mouse_Thymus1,16_2,3,10519.0,11270.0
Mouse_Thymus1,16_20,3,10519.0,13070.0
Mouse_Thymus1,16_21,3,10519.0,13170.0
Mouse_Thymus1,16_22,3,10519.0,13270.0
Mouse_Thymus1,16_23,3,10519.0,13370.0
Mouse_Thymus1,16_24,0,10519.0,13470.0
Mouse_Thymus1,16_25,6,10519.0,13570.0
Mouse_Thymus1,16_26,3,10519.0,13670.0
Mouse_Thymus1,16_27,3,10519.0,13770.0
Mouse_Thymus1,16_28,3,10519.0,13870.0
Mouse_Thymus1,16_29,3,10519.0,13970.0
Mouse_Thymus1,16_3,3,10519.0,11370.0
Mouse_Thymus1,16_30,3,10519.0,14070.0
Mouse_Thymus1,16_31,3,10519.0,14170.0
Mouse_Thymus1,16_32,0,10519.0,14270.0
Mouse_Thymus1,16_33,3,10519.0,14370.0
Mouse_Thymus1,16_34,3,10519.0,14470.0
Mouse_Thymus1,16_35,6,10519.0,14570.0
Mouse_Thymus1,16_36,3,10519.0,14670.0
Mouse_Thymus1,16_37,6,10519.0,14770.0
Mouse_Thymus1,16_38,3,10519.0,14870.0
Mouse_Thymus1,16_39,3,10519.0,14970.0
Mouse_Thymus1,16_4,6,10519.0,11470.0
Mouse_Thymus1,16_40,3,10519.0,15070.0
Mouse_Thymus1,16_41,3,10519.0,15170.0
Mouse_Thymus1,16_42,3,10519.0,15270.0
Mouse_Thymus1,16_43,6,10519.0,15370.0
Mouse_Thymus1,16_44,3,10519.0,15470.0
Mouse_Thymus1,16_45,3,10519.0,15570.0
Mouse_Thymus1,16_46,3,10519.0,15670.0
Mouse_Thymus1,16_47,3,10519.0,15770.0
Mouse_Thymus1,16_48,6,10519.0,15870.0
Mouse_Thymus1,16_49,3,10519.0,15970.0
Mouse_Thymus1,16_5,3,10519.0,11570.0
Mouse_Thymus1,16_50,6,10519.0,16070.0
Mouse_Thymus1,16_51,7,10519.0,16170.0
Mouse_Thymus1,16_52,6,10519.0,16270.0
Mouse_Thymus1,16_53,3,10519.0,16370.0
Mouse_Thymus1,16_54,3,10519.0,16470.0
Mouse_Thymus1,16_55,3,10519.0,16570.0
Mouse_Thymus1,16_56,3,10519.0,16670.0
Mouse_Thymus1,16_57,3,10519.0,16770.0
Mouse_Thymus1,16_58,6,10519.0,16870.0
Mouse_Thymus1,16_59,3,10519.0,16970.0
Mouse_Thymus1,16_6,3,10519.0,11670.0
Mouse_Thymus1,16_60,3,10519.0,17070.0
Mouse_Thymus1,16_61,3,10519.0,17170.0
Mouse_Thymus1,16_62,7,10519.0,17270.0
Mouse_Thymus1,16_63,3,10519.0,17370.0
Mouse_Thymus1,16_64,0,10519.0,17470.0
Mouse_Thymus1,16_65,3,10519.0,17570.0
Mouse_Thymus1,16_66,3,10519.0,17670.0
Mouse_Thymus1,16_67,3,10519.0,17770.0
Mouse_Thymus1,16_68,0,10519.0,17870.0
Mouse_Thymus1,16_69,3,10519.0,17970.0
Mouse_Thymus1,16_7,3,10519.0,11770.0
Mouse_Thymus1,16_70,3,10519.0,18070.0
Mouse_Thymus1,16_71,3,10519.0,18170.0
Mouse_Thymus1,16_72,3,10519.0,18270.0
Mouse_Thymus1,16_73,6,10519.0,18370.0
Mouse_Thymus1,16_74,3,10519.0,18470.0
Mouse_Thymus1,16_75,3,10519.0,18570.0
Mouse_Thymus1,16_76,3,10519.0,18670.0
Mouse_Thymus1,16_77,3,10519.0,18770.0
Mouse_Thymus1,16_78,6,10519.0,18870.0
Mouse_Thymus1,16_79,3,10519.0,18970.0
Mouse_Thymus1,16_8,3,10519.0,11870.0
Mouse_Thymus1,16_80,3,10519.0,19070.0
Mouse_Thymus1,16_9,3,10519.0,11970.0
Mouse_Thymus1,17_0,6,10619.0,11070.0
Mouse_Thymus1,17_1,3,10619.0,11170.0
Mouse_Thymus1,17_10,3,10619.0,12070.0
Mouse_Thymus1,17_11,3,10619.0,12170.0
Mouse_Thymus1,17_12,6,10619.0,12270.0
Mouse_Thymus1,17_13,3,10619.0,12370.0
Mouse_Thymus1,17_14,6,10619.0,12470.0
Mouse_Thymus1,17_15,3,10619.0,12570.0
Mouse_Thymus1,17_16,3,10619.0,12670.0
Mouse_Thymus1,17_17,3,10619.0,12770.0
Mouse_Thymus1,17_18,3,10619.0,12870.0
Mouse_Thymus1,17_19,6,10619.0,12970.0
Mouse_Thymus1,17_2,6,10619.0,11270.0
Mouse_Thymus1,17_20,0,10619.0,13070.0
Mouse_Thymus1,17_21,3,10619.0,13170.0
Mouse_Thymus1,17_22,6,10619.0,13270.0
Mouse_Thymus1,17_23,3,10619.0,13370.0
Mouse_Thymus1,17_24,3,10619.0,13470.0
Mouse_Thymus1,17_25,3,10619.0,13570.0
Mouse_Thymus1,17_26,3,10619.0,13670.0
Mouse_Thymus1,17_27,3,10619.0,13770.0
Mouse_Thymus1,17_28,3,10619.0,13870.0
Mouse_Thymus1,17_29,3,10619.0,13970.0
Mouse_Thymus1,17_3,3,10619.0,11370.0
Mouse_Thymus1,17_30,3,10619.0,14070.0
Mouse_Thymus1,17_31,3,10619.0,14170.0
Mouse_Thymus1,17_32,3,10619.0,14270.0
Mouse_Thymus1,17_33,3,10619.0,14370.0
Mouse_Thymus1,17_34,3,10619.0,14470.0
Mouse_Thymus1,17_35,3,10619.0,14570.0
Mouse_Thymus1,17_36,3,10619.0,14670.0
Mouse_Thymus1,17_37,6,10619.0,14770.0
Mouse_Thymus1,17_38,3,10619.0,14870.0
Mouse_Thymus1,17_39,3,10619.0,14970.0
Mouse_Thymus1,17_4,3,10619.0,11470.0
Mouse_Thymus1,17_40,3,10619.0,15070.0
Mouse_Thymus1,17_41,3,10619.0,15170.0
Mouse_Thymus1,17_42,3,10619.0,15270.0
Mouse_Thymus1,17_43,6,10619.0,15370.0
Mouse_Thymus1,17_44,0,10619.0,15470.0
Mouse_Thymus1,17_45,3,10619.0,15570.0
Mouse_Thymus1,17_46,3,10619.0,15670.0
Mouse_Thymus1,17_47,0,10619.0,15770.0
Mouse_Thymus1,17_48,3,10619.0,15870.0
Mouse_Thymus1,17_49,3,10619.0,15970.0
Mouse_Thymus1,17_5,7,10619.0,11570.0
Mouse_Thymus1,17_50,3,10619.0,16070.0
Mouse_Thymus1,17_51,6,10619.0,16170.0
Mouse_Thymus1,17_52,3,10619.0,16270.0
Mouse_Thymus1,17_53,3,10619.0,16370.0
Mouse_Thymus1,17_54,3,10619.0,16470.0
Mouse_Thymus1,17_55,3,10619.0,16570.0
Mouse_Thymus1,17_56,3,10619.0,16670.0
Mouse_Thymus1,17_57,3,10619.0,16770.0
Mouse_Thymus1,17_58,3,10619.0,16870.0
Mouse_Thymus1,17_59,3,10619.0,16970.0
Mouse_Thymus1,17_6,3,10619.0,11670.0
Mouse_Thymus1,17_60,0,10619.0,17070.0
Mouse_Thymus1,17_61,3,10619.0,17170.0
Mouse_Thymus1,17_62,3,10619.0,17270.0
Mouse_Thymus1,17_63,7,10619.0,17370.0
Mouse_Thymus1,17_64,3,10619.0,17470.0
Mouse_Thymus1,17_65,3,10619.0,17570.0
Mouse_Thymus1,17_66,3,10619.0,17670.0
Mouse_Thymus1,17_67,3,10619.0,17770.0
Mouse_Thymus1,17_68,3,10619.0,17870.0
Mouse_Thymus1,17_69,6,10619.0,17970.0
Mouse_Thymus1,17_7,3,10619.0,11770.0
Mouse_Thymus1,17_70,3,10619.0,18070.0
Mouse_Thymus1,17_71,3,10619.0,18170.0
Mouse_Thymus1,17_72,3,10619.0,18270.0
Mouse_Thymus1,17_73,3,10619.0,18370.0
Mouse_Thymus1,17_74,3,10619.0,18470.0
Mouse_Thymus1,17_75,3,10619.0,18570.0
Mouse_Thymus1,17_76,3,10619.0,18670.0
Mouse_Thymus1,17_77,3,10619.0,18770.0
Mouse_Thymus1,17_78,3,10619.0,18870.0
Mouse_Thymus1,17_79,3,10619.0,18970.0
Mouse_Thymus1,17_8,0,10619.0,11870.0
Mouse_Thymus1,17_80,6,10619.0,19070.0
Mouse_Thymus1,17_9,3,10619.0,11970.0
Mouse_Thymus1,18_0,3,10719.0,11070.0
Mouse_Thymus1,18_1,3,10719.0,11170.0
Mouse_Thymus1,18_10,3,10719.0,12070.0
Mouse_Thymus1,18_11,3,10719.0,12170.0
Mouse_Thymus1,18_12,3,10719.0,12270.0
Mouse_Thymus1,18_13,3,10719.0,12370.0
Mouse_Thymus1,18_14,3,10719.0,12470.0
Mouse_Thymus1,18_15,3,10719.0,12570.0
Mouse_Thymus1,18_16,3,10719.0,12670.0
Mouse_Thymus1,18_17,3,10719.0,12770.0
Mouse_Thymus1,18_18,3,10719.0,12870.0
Mouse_Thymus1,18_19,0,10719.0,12970.0
Mouse_Thymus1,18_2,6,10719.0,11270.0
Mouse_Thymus1,18_20,3,10719.0,13070.0
Mouse_Thymus1,18_21,3,10719.0,13170.0
Mouse_Thymus1,18_22,3,10719.0,13270.0
Mouse_Thymus1,18_23,3,10719.0,13370.0
Mouse_Thymus1,18_24,3,10719.0,13470.0
Mouse_Thymus1,18_25,3,10719.0,13570.0
Mouse_Thymus1,18_26,3,10719.0,13670.0
Mouse_Thymus1,18_27,3,10719.0,13770.0
Mouse_Thymus1,18_28,3,10719.0,13870.0
Mouse_Thymus1,18_29,3,10719.0,13970.0
Mouse_Thymus1,18_3,3,10719.0,11370.0
Mouse_Thymus1,18_30,0,10719.0,14070.0
Mouse_Thymus1,18_31,3,10719.0,14170.0
Mouse_Thymus1,18_32,3,10719.0,14270.0
Mouse_Thymus1,18_33,6,10719.0,14370.0
Mouse_Thymus1,18_34,3,10719.0,14470.0
Mouse_Thymus1,18_35,3,10719.0,14570.0
Mouse_Thymus1,18_36,3,10719.0,14670.0
Mouse_Thymus1,18_37,3,10719.0,14770.0
Mouse_Thymus1,18_38,6,10719.0,14870.0
Mouse_Thymus1,18_39,3,10719.0,14970.0
Mouse_Thymus1,18_4,6,10719.0,11470.0
Mouse_Thymus1,18_40,6,10719.0,15070.0
Mouse_Thymus1,18_41,3,10719.0,15170.0
Mouse_Thymus1,18_42,3,10719.0,15270.0
Mouse_Thymus1,18_43,3,10719.0,15370.0
Mouse_Thymus1,18_44,3,10719.0,15470.0
Mouse_Thymus1,18_45,3,10719.0,15570.0
Mouse_Thymus1,18_46,3,10719.0,15670.0
Mouse_Thymus1,18_47,3,10719.0,15770.0
Mouse_Thymus1,18_48,0,10719.0,15870.0
Mouse_Thymus1,18_49,3,10719.0,15970.0
Mouse_Thymus1,18_5,3,10719.0,11570.0
Mouse_Thymus1,18_50,3,10719.0,16070.0
Mouse_Thymus1,18_51,3,10719.0,16170.0
Mouse_Thymus1,18_52,0,10719.0,16270.0
Mouse_Thymus1,18_53,3,10719.0,16370.0
Mouse_Thymus1,18_54,6,10719.0,16470.0
Mouse_Thymus1,18_55,3,10719.0,16570.0
Mouse_Thymus1,18_56,3,10719.0,16670.0
Mouse_Thymus1,18_57,3,10719.0,16770.0
Mouse_Thymus1,18_58,3,10719.0,16870.0
Mouse_Thymus1,18_59,3,10719.0,16970.0
Mouse_Thymus1,18_6,3,10719.0,11670.0
Mouse_Thymus1,18_60,0,10719.0,17070.0
Mouse_Thymus1,18_61,3,10719.0,17170.0
Mouse_Thymus1,18_62,3,10719.0,17270.0
Mouse_Thymus1,18_63,3,10719.0,17370.0
Mouse_Thymus1,18_64,3,10719.0,17470.0
Mouse_Thymus1,18_65,3,10719.0,17570.0
Mouse_Thymus1,18_66,3,10719.0,17670.0
Mouse_Thymus1,18_67,3,10719.0,17770.0
Mouse_Thymus1,18_68,0,10719.0,17870.0
Mouse_Thymus1,18_69,3,10719.0,17970.0
Mouse_Thymus1,18_7,3,10719.0,11770.0
Mouse_Thymus1,18_70,6,10719.0,18070.0
Mouse_Thymus1,18_71,3,10719.0,18170.0
Mouse_Thymus1,18_72,3,10719.0,18270.0
Mouse_Thymus1,18_73,3,10719.0,18370.0
Mouse_Thymus1,18_74,3,10719.0,18470.0
Mouse_Thymus1,18_75,3,10719.0,18570.0
Mouse_Thymus1,18_76,3,10719.0,18670.0
Mouse_Thymus1,18_77,0,10719.0,18770.0
Mouse_Thymus1,18_78,3,10719.0,18870.0
Mouse_Thymus1,18_79,3,10719.0,18970.0
Mouse_Thymus1,18_8,3,10719.0,11870.0
Mouse_Thymus1,18_80,6,10719.0,19070.0
Mouse_Thymus1,18_81,3,10719.0,19170.0
Mouse_Thymus1,18_9,3,10719.0,11970.0
Mouse_Thymus1,19_0,3,10819.0,11070.0
Mouse_Thymus1,19_1,3,10819.0,11170.0
Mouse_Thymus1,19_10,0,10819.0,12070.0
Mouse_Thymus1,19_11,3,10819.0,12170.0
Mouse_Thymus1,19_12,6,10819.0,12270.0
Mouse_Thymus1,19_13,3,10819.0,12370.0
Mouse_Thymus1,19_14,3,10819.0,12470.0
Mouse_Thymus1,19_15,3,10819.0,12570.0
Mouse_Thymus1,19_16,3,10819.0,12670.0
Mouse_Thymus1,19_17,3,10819.0,12770.0
Mouse_Thymus1,19_18,3,10819.0,12870.0
Mouse_Thymus1,19_19,3,10819.0,12970.0
Mouse_Thymus1,19_2,3,10819.0,11270.0
Mouse_Thymus1,19_20,3,10819.0,13070.0
Mouse_Thymus1,19_21,0,10819.0,13170.0
Mouse_Thymus1,19_22,3,10819.0,13270.0
Mouse_Thymus1,19_23,3,10819.0,13370.0
Mouse_Thymus1,19_24,3,10819.0,13470.0
Mouse_Thymus1,19_25,3,10819.0,13570.0
Mouse_Thymus1,19_26,3,10819.0,13670.0
Mouse_Thymus1,19_27,3,10819.0,13770.0
Mouse_Thymus1,19_28,3,10819.0,13870.0
Mouse_Thymus1,19_29,6,10819.0,13970.0
Mouse_Thymus1,19_3,3,10819.0,11370.0
Mouse_Thymus1,19_30,0,10819.0,14070.0
Mouse_Thymus1,19_31,3,10819.0,14170.0
Mouse_Thymus1,19_32,6,10819.0,14270.0
Mouse_Thymus1,19_33,0,10819.0,14370.0
Mouse_Thymus1,19_34,6,10819.0,14470.0
Mouse_Thymus1,19_35,0,10819.0,14570.0
Mouse_Thymus1,19_36,3,10819.0,14670.0
Mouse_Thymus1,19_37,0,10819.0,14770.0
Mouse_Thymus1,19_38,0,10819.0,14870.0
Mouse_Thymus1,19_39,3,10819.0,14970.0
Mouse_Thymus1,19_4,3,10819.0,11470.0
Mouse_Thymus1,19_40,3,10819.0,15070.0
Mouse_Thymus1,19_41,3,10819.0,15170.0
Mouse_Thymus1,19_42,3,10819.0,15270.0
Mouse_Thymus1,19_43,3,10819.0,15370.0
Mouse_Thymus1,19_44,3,10819.0,15470.0
Mouse_Thymus1,19_45,3,10819.0,15570.0
Mouse_Thymus1,19_46,3,10819.0,15670.0
Mouse_Thymus1,19_47,0,10819.0,15770.0
Mouse_Thymus1,19_48,3,10819.0,15870.0
Mouse_Thymus1,19_49,3,10819.0,15970.0
Mouse_Thymus1,19_5,3,10819.0,11570.0
Mouse_Thymus1,19_50,3,10819.0,16070.0
Mouse_Thymus1,19_51,3,10819.0,16170.0
Mouse_Thymus1,19_52,3,10819.0,16270.0
Mouse_Thymus1,19_53,3,10819.0,16370.0
Mouse_Thymus1,19_54,3,10819.0,16470.0
Mouse_Thymus1,19_55,3,10819.0,16570.0
Mouse_Thymus1,19_56,3,10819.0,16670.0
Mouse_Thymus1,19_57,0,10819.0,16770.0
Mouse_Thymus1,19_58,3,10819.0,16870.0
Mouse_Thymus1,19_59,3,10819.0,16970.0
Mouse_Thymus1,19_6,3,10819.0,11670.0
Mouse_Thymus1,19_60,0,10819.0,17070.0
Mouse_Thymus1,19_61,3,10819.0,17170.0
Mouse_Thymus1,19_62,3,10819.0,17270.0
Mouse_Thymus1,19_63,3,10819.0,17370.0
Mouse_Thymus1,19_64,3,10819.0,17470.0
Mouse_Thymus1,19_65,0,10819.0,17570.0
Mouse_Thymus1,19_66,6,10819.0,17670.0
Mouse_Thymus1,19_67,3,10819.0,17770.0
Mouse_Thymus1,19_68,3,10819.0,17870.0
Mouse_Thymus1,19_69,3,10819.0,17970.0
Mouse_Thymus1,19_7,3,10819.0,11770.0
Mouse_Thymus1,19_70,3,10819.0,18070.0
Mouse_Thymus1,19_71,0,10819.0,18170.0
Mouse_Thymus1,19_72,3,10819.0,18270.0
Mouse_Thymus1,19_73,3,10819.0,18370.0
Mouse_Thymus1,19_74,6,10819.0,18470.0
Mouse_Thymus1,19_75,3,10819.0,18570.0
Mouse_Thymus1,19_76,3,10819.0,18670.0
Mouse_Thymus1,19_77,3,10819.0,18770.0
Mouse_Thymus1,19_78,3,10819.0,18870.0
Mouse_Thymus1,19_79,0,10819.0,18970.0
Mouse_Thymus1,19_8,3,10819.0,11870.0
Mouse_Thymus1,19_80,3,10819.0,19070.0
Mouse_Thymus1,19_81,3,10819.0,19170.0
Mouse_Thymus1,19_82,0,10819.0,19270.0
Mouse_Thymus1,19_83,3,10819.0,19370.0
Mouse_Thymus1,19_9,3,10819.0,11970.0
Mouse_Thymus1,1_22,3,9019.0,13270.0
Mouse_Thymus1,1_23,6,9019.0,13370.0
Mouse_Thymus1,1_24,3,9019.0,13470.0
Mouse_Thymus1,1_25,3,9019.0,13570.0
Mouse_Thymus1,1_32,3,9019.0,14270.0
Mouse_Thymus1,1_33,3,9019.0,14370.0
Mouse_Thymus1,1_34,3,9019.0,14470.0
Mouse_Thymus1,1_36,3,9019.0,14670.0
Mouse_Thymus1,1_37,3,9019.0,14770.0
Mouse_Thymus1,1_39,7,9019.0,14970.0
Mouse_Thymus1,1_40,3,9019.0,15070.0
Mouse_Thymus1,1_41,6,9019.0,15170.0
Mouse_Thymus1,1_42,3,9019.0,15270.0
Mouse_Thymus1,1_43,3,9019.0,15370.0
Mouse_Thymus1,1_44,3,9019.0,15470.0
Mouse_Thymus1,20_0,3,10919.0,11070.0
Mouse_Thymus1,20_1,3,10919.0,11170.0
Mouse_Thymus1,20_10,3,10919.0,12070.0
Mouse_Thymus1,20_11,3,10919.0,12170.0
Mouse_Thymus1,20_12,3,10919.0,12270.0
Mouse_Thymus1,20_13,7,10919.0,12370.0
Mouse_Thymus1,20_14,0,10919.0,12470.0
Mouse_Thymus1,20_15,3,10919.0,12570.0
Mouse_Thymus1,20_16,3,10919.0,12670.0
Mouse_Thymus1,20_17,0,10919.0,12770.0
Mouse_Thymus1,20_18,3,10919.0,12870.0
Mouse_Thymus1,20_19,3,10919.0,12970.0
Mouse_Thymus1,20_2,3,10919.0,11270.0
Mouse_Thymus1,20_20,3,10919.0,13070.0
Mouse_Thymus1,20_21,3,10919.0,13170.0
Mouse_Thymus1,20_22,3,10919.0,13270.0
Mouse_Thymus1,20_23,0,10919.0,13370.0
Mouse_Thymus1,20_24,3,10919.0,13470.0
Mouse_Thymus1,20_25,3,10919.0,13570.0
Mouse_Thymus1,20_26,3,10919.0,13670.0
Mouse_Thymus1,20_27,3,10919.0,13770.0
Mouse_Thymus1,20_28,7,10919.0,13870.0
Mouse_Thymus1,20_29,3,10919.0,13970.0
Mouse_Thymus1,20_3,3,10919.0,11370.0
Mouse_Thymus1,20_30,3,10919.0,14070.0
Mouse_Thymus1,20_31,3,10919.0,14170.0
Mouse_Thymus1,20_32,3,10919.0,14270.0
Mouse_Thymus1,20_33,3,10919.0,14370.0
Mouse_Thymus1,20_34,0,10919.0,14470.0
Mouse_Thymus1,20_35,6,10919.0,14570.0
Mouse_Thymus1,20_36,0,10919.0,14670.0
Mouse_Thymus1,20_37,3,10919.0,14770.0
Mouse_Thymus1,20_38,3,10919.0,14870.0
Mouse_Thymus1,20_39,3,10919.0,14970.0
Mouse_Thymus1,20_4,3,10919.0,11470.0
Mouse_Thymus1,20_40,3,10919.0,15070.0
Mouse_Thymus1,20_41,3,10919.0,15170.0
Mouse_Thymus1,20_42,3,10919.0,15270.0
Mouse_Thymus1,20_43,3,10919.0,15370.0
Mouse_Thymus1,20_44,3,10919.0,15470.0
Mouse_Thymus1,20_45,3,10919.0,15570.0
Mouse_Thymus1,20_46,3,10919.0,15670.0
Mouse_Thymus1,20_47,3,10919.0,15770.0
Mouse_Thymus1,20_48,3,10919.0,15870.0
Mouse_Thymus1,20_49,6,10919.0,15970.0
Mouse_Thymus1,20_5,3,10919.0,11570.0
Mouse_Thymus1,20_50,3,10919.0,16070.0
Mouse_Thymus1,20_51,3,10919.0,16170.0
Mouse_Thymus1,20_52,0,10919.0,16270.0
Mouse_Thymus1,20_53,0,10919.0,16370.0
Mouse_Thymus1,20_54,3,10919.0,16470.0
Mouse_Thymus1,20_55,3,10919.0,16570.0
Mouse_Thymus1,20_56,3,10919.0,16670.0
Mouse_Thymus1,20_57,3,10919.0,16770.0
Mouse_Thymus1,20_58,3,10919.0,16870.0
Mouse_Thymus1,20_59,0,10919.0,16970.0
Mouse_Thymus1,20_6,3,10919.0,11670.0
Mouse_Thymus1,20_60,3,10919.0,17070.0
Mouse_Thymus1,20_61,3,10919.0,17170.0
Mouse_Thymus1,20_62,3,10919.0,17270.0
Mouse_Thymus1,20_63,3,10919.0,17370.0
Mouse_Thymus1,20_64,3,10919.0,17470.0
Mouse_Thymus1,20_65,7,10919.0,17570.0
Mouse_Thymus1,20_66,3,10919.0,17670.0
Mouse_Thymus1,20_67,3,10919.0,17770.0
Mouse_Thymus1,20_68,0,10919.0,17870.0
Mouse_Thymus1,20_69,3,10919.0,17970.0
Mouse_Thymus1,20_7,3,10919.0,11770.0
Mouse_Thymus1,20_70,3,10919.0,18070.0
Mouse_Thymus1,20_71,3,10919.0,18170.0
Mouse_Thymus1,20_72,3,10919.0,18270.0
Mouse_Thymus1,20_73,3,10919.0,18370.0
Mouse_Thymus1,20_74,3,10919.0,18470.0
Mouse_Thymus1,20_75,0,10919.0,18570.0
Mouse_Thymus1,20_76,3,10919.0,18670.0
Mouse_Thymus1,20_77,3,10919.0,18770.0
Mouse_Thymus1,20_78,3,10919.0,18870.0
Mouse_Thymus1,20_79,3,10919.0,18970.0
Mouse_Thymus1,20_8,3,10919.0,11870.0
Mouse_Thymus1,20_80,7,10919.0,19070.0
Mouse_Thymus1,20_81,3,10919.0,19170.0
Mouse_Thymus1,20_82,3,10919.0,19270.0
Mouse_Thymus1,20_83,3,10919.0,19370.0
Mouse_Thymus1,20_9,7,10919.0,11970.0
Mouse_Thymus1,21_0,3,11019.0,11070.0
Mouse_Thymus1,21_1,3,11019.0,11170.0
Mouse_Thymus1,21_10,3,11019.0,12070.0
Mouse_Thymus1,21_11,3,11019.0,12170.0
Mouse_Thymus1,21_12,3,11019.0,12270.0
Mouse_Thymus1,21_13,3,11019.0,12370.0
Mouse_Thymus1,21_14,3,11019.0,12470.0
Mouse_Thymus1,21_15,3,11019.0,12570.0
Mouse_Thymus1,21_16,3,11019.0,12670.0
Mouse_Thymus1,21_17,7,11019.0,12770.0
Mouse_Thymus1,21_18,3,11019.0,12870.0
Mouse_Thymus1,21_19,7,11019.0,12970.0
Mouse_Thymus1,21_2,3,11019.0,11270.0
Mouse_Thymus1,21_20,3,11019.0,13070.0
Mouse_Thymus1,21_21,3,11019.0,13170.0
Mouse_Thymus1,21_22,3,11019.0,13270.0
Mouse_Thymus1,21_23,3,11019.0,13370.0
Mouse_Thymus1,21_24,3,11019.0,13470.0
Mouse_Thymus1,21_25,6,11019.0,13570.0
Mouse_Thymus1,21_26,3,11019.0,13670.0
Mouse_Thymus1,21_27,3,11019.0,13770.0
Mouse_Thymus1,21_28,3,11019.0,13870.0
Mouse_Thymus1,21_29,3,11019.0,13970.0
Mouse_Thymus1,21_3,3,11019.0,11370.0
Mouse_Thymus1,21_30,6,11019.0,14070.0
Mouse_Thymus1,21_31,3,11019.0,14170.0
Mouse_Thymus1,21_32,3,11019.0,14270.0
Mouse_Thymus1,21_33,6,11019.0,14370.0
Mouse_Thymus1,21_34,3,11019.0,14470.0
Mouse_Thymus1,21_35,3,11019.0,14570.0
Mouse_Thymus1,21_36,3,11019.0,14670.0
Mouse_Thymus1,21_37,3,11019.0,14770.0
Mouse_Thymus1,21_38,3,11019.0,14870.0
Mouse_Thymus1,21_39,3,11019.0,14970.0
Mouse_Thymus1,21_4,3,11019.0,11470.0
Mouse_Thymus1,21_40,6,11019.0,15070.0
Mouse_Thymus1,21_41,3,11019.0,15170.0
Mouse_Thymus1,21_42,3,11019.0,15270.0
Mouse_Thymus1,21_43,0,11019.0,15370.0
Mouse_Thymus1,21_44,3,11019.0,15470.0
Mouse_Thymus1,21_45,0,11019.0,15570.0
Mouse_Thymus1,21_46,3,11019.0,15670.0
Mouse_Thymus1,21_47,3,11019.0,15770.0
Mouse_Thymus1,21_48,3,11019.0,15870.0
Mouse_Thymus1,21_49,3,11019.0,15970.0
Mouse_Thymus1,21_5,3,11019.0,11570.0
Mouse_Thymus1,21_50,3,11019.0,16070.0
Mouse_Thymus1,21_51,3,11019.0,16170.0
Mouse_Thymus1,21_52,3,11019.0,16270.0
Mouse_Thymus1,21_53,3,11019.0,16370.0
Mouse_Thymus1,21_54,3,11019.0,16470.0
Mouse_Thymus1,21_55,6,11019.0,16570.0
Mouse_Thymus1,21_56,3,11019.0,16670.0
Mouse_Thymus1,21_57,3,11019.0,16770.0
Mouse_Thymus1,21_58,3,11019.0,16870.0
Mouse_Thymus1,21_59,3,11019.0,16970.0
Mouse_Thymus1,21_6,3,11019.0,11670.0
Mouse_Thymus1,21_60,3,11019.0,17070.0
Mouse_Thymus1,21_61,6,11019.0,17170.0
Mouse_Thymus1,21_62,3,11019.0,17270.0
Mouse_Thymus1,21_63,6,11019.0,17370.0
Mouse_Thymus1,21_64,3,11019.0,17470.0
Mouse_Thymus1,21_65,3,11019.0,17570.0
Mouse_Thymus1,21_66,6,11019.0,17670.0
Mouse_Thymus1,21_67,3,11019.0,17770.0
Mouse_Thymus1,21_68,6,11019.0,17870.0
Mouse_Thymus1,21_69,3,11019.0,17970.0
Mouse_Thymus1,21_7,3,11019.0,11770.0
Mouse_Thymus1,21_70,3,11019.0,18070.0
Mouse_Thymus1,21_71,6,11019.0,18170.0
Mouse_Thymus1,21_72,3,11019.0,18270.0
Mouse_Thymus1,21_73,3,11019.0,18370.0
Mouse_Thymus1,21_74,3,11019.0,18470.0
Mouse_Thymus1,21_75,0,11019.0,18570.0
Mouse_Thymus1,21_76,3,11019.0,18670.0
Mouse_Thymus1,21_77,6,11019.0,18770.0
Mouse_Thymus1,21_78,3,11019.0,18870.0
Mouse_Thymus1,21_79,3,11019.0,18970.0
Mouse_Thymus1,21_8,3,11019.0,11870.0
Mouse_Thymus1,21_80,3,11019.0,19070.0
Mouse_Thymus1,21_81,3,11019.0,19170.0
Mouse_Thymus1,21_82,3,11019.0,19270.0
Mouse_Thymus1,21_83,3,11019.0,19370.0
Mouse_Thymus1,21_84,3,11019.0,19470.0
Mouse_Thymus1,21_9,6,11019.0,11970.0
Mouse_Thymus1,22_0,3,11119.0,11070.0
Mouse_Thymus1,22_1,6,11119.0,11170.0
Mouse_Thymus1,22_10,0,11119.0,12070.0
Mouse_Thymus1,22_11,3,11119.0,12170.0
Mouse_Thymus1,22_12,3,11119.0,12270.0
Mouse_Thymus1,22_13,3,11119.0,12370.0
Mouse_Thymus1,22_14,3,11119.0,12470.0
Mouse_Thymus1,22_15,3,11119.0,12570.0
Mouse_Thymus1,22_16,3,11119.0,12670.0
Mouse_Thymus1,22_17,3,11119.0,12770.0
Mouse_Thymus1,22_18,3,11119.0,12870.0
Mouse_Thymus1,22_19,3,11119.0,12970.0
Mouse_Thymus1,22_2,3,11119.0,11270.0
Mouse_Thymus1,22_20,3,11119.0,13070.0
Mouse_Thymus1,22_21,0,11119.0,13170.0
Mouse_Thymus1,22_22,3,11119.0,13270.0
Mouse_Thymus1,22_23,3,11119.0,13370.0
Mouse_Thymus1,22_24,3,11119.0,13470.0
Mouse_Thymus1,22_25,3,11119.0,13570.0
Mouse_Thymus1,22_26,3,11119.0,13670.0
Mouse_Thymus1,22_27,3,11119.0,13770.0
Mouse_Thymus1,22_28,3,11119.0,13870.0
Mouse_Thymus1,22_29,3,11119.0,13970.0
Mouse_Thymus1,22_3,3,11119.0,11370.0
Mouse_Thymus1,22_30,3,11119.0,14070.0
Mouse_Thymus1,22_31,7,11119.0,14170.0
Mouse_Thymus1,22_32,3,11119.0,14270.0
Mouse_Thymus1,22_33,3,11119.0,14370.0
Mouse_Thymus1,22_34,3,11119.0,14470.0
Mouse_Thymus1,22_35,3,11119.0,14570.0
Mouse_Thymus1,22_36,0,11119.0,14670.0
Mouse_Thymus1,22_37,3,11119.0,14770.0
Mouse_Thymus1,22_38,3,11119.0,14870.0
Mouse_Thymus1,22_39,6,11119.0,14970.0
Mouse_Thymus1,22_4,3,11119.0,11470.0
Mouse_Thymus1,22_40,6,11119.0,15070.0
Mouse_Thymus1,22_41,0,11119.0,15170.0
Mouse_Thymus1,22_42,3,11119.0,15270.0
Mouse_Thymus1,22_43,3,11119.0,15370.0
Mouse_Thymus1,22_44,0,11119.0,15470.0
Mouse_Thymus1,22_45,0,11119.0,15570.0
Mouse_Thymus1,22_46,3,11119.0,15670.0
Mouse_Thymus1,22_47,3,11119.0,15770.0
Mouse_Thymus1,22_48,3,11119.0,15870.0
Mouse_Thymus1,22_49,6,11119.0,15970.0
Mouse_Thymus1,22_5,3,11119.0,11570.0
Mouse_Thymus1,22_50,3,11119.0,16070.0
Mouse_Thymus1,22_51,6,11119.0,16170.0
Mouse_Thymus1,22_52,3,11119.0,16270.0
Mouse_Thymus1,22_53,7,11119.0,16370.0
Mouse_Thymus1,22_54,3,11119.0,16470.0
Mouse_Thymus1,22_55,3,11119.0,16570.0
Mouse_Thymus1,22_56,3,11119.0,16670.0
Mouse_Thymus1,22_57,3,11119.0,16770.0
Mouse_Thymus1,22_58,0,11119.0,16870.0
Mouse_Thymus1,22_59,0,11119.0,16970.0
Mouse_Thymus1,22_6,3,11119.0,11670.0
Mouse_Thymus1,22_60,3,11119.0,17070.0
Mouse_Thymus1,22_61,3,11119.0,17170.0
Mouse_Thymus1,22_62,3,11119.0,17270.0
Mouse_Thymus1,22_63,3,11119.0,17370.0
Mouse_Thymus1,22_64,3,11119.0,17470.0
Mouse_Thymus1,22_65,0,11119.0,17570.0
Mouse_Thymus1,22_66,0,11119.0,17670.0
Mouse_Thymus1,22_67,3,11119.0,17770.0
Mouse_Thymus1,22_68,0,11119.0,17870.0
Mouse_Thymus1,22_69,0,11119.0,17970.0
Mouse_Thymus1,22_7,3,11119.0,11770.0
Mouse_Thymus1,22_70,3,11119.0,18070.0
Mouse_Thymus1,22_71,3,11119.0,18170.0
Mouse_Thymus1,22_72,3,11119.0,18270.0
Mouse_Thymus1,22_73,3,11119.0,18370.0
Mouse_Thymus1,22_74,3,11119.0,18470.0
Mouse_Thymus1,22_75,6,11119.0,18570.0
Mouse_Thymus1,22_76,0,11119.0,18670.0
Mouse_Thymus1,22_77,3,11119.0,18770.0
Mouse_Thymus1,22_78,0,11119.0,18870.0
Mouse_Thymus1,22_79,0,11119.0,18970.0
Mouse_Thymus1,22_8,3,11119.0,11870.0
Mouse_Thymus1,22_80,3,11119.0,19070.0
Mouse_Thymus1,22_81,3,11119.0,19170.0
Mouse_Thymus1,22_82,3,11119.0,19270.0
Mouse_Thymus1,22_83,0,11119.0,19370.0
Mouse_Thymus1,22_84,3,11119.0,19470.0
Mouse_Thymus1,22_85,3,11119.0,19570.0
Mouse_Thymus1,22_9,3,11119.0,11970.0
Mouse_Thymus1,23_0,3,11219.0,11070.0
Mouse_Thymus1,23_1,3,11219.0,11170.0
Mouse_Thymus1,23_10,3,11219.0,12070.0
Mouse_Thymus1,23_11,3,11219.0,12170.0
Mouse_Thymus1,23_12,3,11219.0,12270.0
Mouse_Thymus1,23_13,3,11219.0,12370.0
Mouse_Thymus1,23_14,3,11219.0,12470.0
Mouse_Thymus1,23_15,3,11219.0,12570.0
Mouse_Thymus1,23_16,0,11219.0,12670.0
Mouse_Thymus1,23_17,3,11219.0,12770.0
Mouse_Thymus1,23_18,3,11219.0,12870.0
Mouse_Thymus1,23_19,6,11219.0,12970.0
Mouse_Thymus1,23_2,3,11219.0,11270.0
Mouse_Thymus1,23_20,3,11219.0,13070.0
Mouse_Thymus1,23_21,3,11219.0,13170.0
Mouse_Thymus1,23_22,3,11219.0,13270.0
Mouse_Thymus1,23_23,3,11219.0,13370.0
Mouse_Thymus1,23_24,3,11219.0,13470.0
Mouse_Thymus1,23_25,3,11219.0,13570.0
Mouse_Thymus1,23_26,3,11219.0,13670.0
Mouse_Thymus1,23_27,3,11219.0,13770.0
Mouse_Thymus1,23_28,3,11219.0,13870.0
Mouse_Thymus1,23_29,6,11219.0,13970.0
Mouse_Thymus1,23_3,0,11219.0,11370.0
Mouse_Thymus1,23_30,3,11219.0,14070.0
Mouse_Thymus1,23_31,6,11219.0,14170.0
Mouse_Thymus1,23_32,3,11219.0,14270.0
Mouse_Thymus1,23_33,3,11219.0,14370.0
Mouse_Thymus1,23_34,3,11219.0,14470.0
Mouse_Thymus1,23_35,3,11219.0,14570.0
Mouse_Thymus1,23_36,3,11219.0,14670.0
Mouse_Thymus1,23_37,3,11219.0,14770.0
Mouse_Thymus1,23_38,3,11219.0,14870.0
Mouse_Thymus1,23_39,3,11219.0,14970.0
Mouse_Thymus1,23_4,6,11219.0,11470.0
Mouse_Thymus1,23_40,0,11219.0,15070.0
Mouse_Thymus1,23_41,0,11219.0,15170.0
Mouse_Thymus1,23_42,6,11219.0,15270.0
Mouse_Thymus1,23_43,3,11219.0,15370.0
Mouse_Thymus1,23_44,6,11219.0,15470.0
Mouse_Thymus1,23_45,3,11219.0,15570.0
Mouse_Thymus1,23_46,7,11219.0,15670.0
Mouse_Thymus1,23_47,3,11219.0,15770.0
Mouse_Thymus1,23_48,3,11219.0,15870.0
Mouse_Thymus1,23_49,3,11219.0,15970.0
Mouse_Thymus1,23_5,0,11219.0,11570.0
Mouse_Thymus1,23_50,3,11219.0,16070.0
Mouse_Thymus1,23_51,3,11219.0,16170.0
Mouse_Thymus1,23_52,6,11219.0,16270.0
Mouse_Thymus1,23_53,6,11219.0,16370.0
Mouse_Thymus1,23_54,3,11219.0,16470.0
Mouse_Thymus1,23_55,3,11219.0,16570.0
Mouse_Thymus1,23_56,6,11219.0,16670.0
Mouse_Thymus1,23_57,3,11219.0,16770.0
Mouse_Thymus1,23_58,3,11219.0,16870.0
Mouse_Thymus1,23_59,3,11219.0,16970.0
Mouse_Thymus1,23_6,3,11219.0,11670.0
Mouse_Thymus1,23_60,3,11219.0,17070.0
Mouse_Thymus1,23_61,3,11219.0,17170.0
Mouse_Thymus1,23_62,3,11219.0,17270.0
Mouse_Thymus1,23_63,7,11219.0,17370.0
Mouse_Thymus1,23_64,3,11219.0,17470.0
Mouse_Thymus1,23_65,3,11219.0,17570.0
Mouse_Thymus1,23_66,3,11219.0,17670.0
Mouse_Thymus1,23_67,3,11219.0,17770.0
Mouse_Thymus1,23_68,0,11219.0,17870.0
Mouse_Thymus1,23_69,3,11219.0,17970.0
Mouse_Thymus1,23_7,3,11219.0,11770.0
Mouse_Thymus1,23_70,3,11219.0,18070.0
Mouse_Thymus1,23_71,6,11219.0,18170.0
Mouse_Thymus1,23_72,3,11219.0,18270.0
Mouse_Thymus1,23_73,3,11219.0,18370.0
Mouse_Thymus1,23_74,3,11219.0,18470.0
Mouse_Thymus1,23_75,3,11219.0,18570.0
Mouse_Thymus1,23_76,6,11219.0,18670.0
Mouse_Thymus1,23_77,3,11219.0,18770.0
Mouse_Thymus1,23_78,6,11219.0,18870.0
Mouse_Thymus1,23_79,3,11219.0,18970.0
Mouse_Thymus1,23_8,3,11219.0,11870.0
Mouse_Thymus1,23_80,6,11219.0,19070.0
Mouse_Thymus1,23_81,3,11219.0,19170.0
Mouse_Thymus1,23_82,3,11219.0,19270.0
Mouse_Thymus1,23_83,3,11219.0,19370.0
Mouse_Thymus1,23_84,6,11219.0,19470.0
Mouse_Thymus1,23_85,3,11219.0,19570.0
Mouse_Thymus1,23_86,3,11219.0,19670.0
Mouse_Thymus1,23_87,3,11219.0,19770.0
Mouse_Thymus1,23_9,3,11219.0,11970.0
Mouse_Thymus1,24_0,3,11319.0,11070.0
Mouse_Thymus1,24_1,3,11319.0,11170.0
Mouse_Thymus1,24_10,3,11319.0,12070.0
Mouse_Thymus1,24_11,0,11319.0,12170.0
Mouse_Thymus1,24_12,3,11319.0,12270.0
Mouse_Thymus1,24_13,3,11319.0,12370.0
Mouse_Thymus1,24_14,3,11319.0,12470.0
Mouse_Thymus1,24_15,3,11319.0,12570.0
Mouse_Thymus1,24_16,3,11319.0,12670.0
Mouse_Thymus1,24_17,3,11319.0,12770.0
Mouse_Thymus1,24_18,3,11319.0,12870.0
Mouse_Thymus1,24_19,3,11319.0,12970.0
Mouse_Thymus1,24_2,3,11319.0,11270.0
Mouse_Thymus1,24_20,3,11319.0,13070.0
Mouse_Thymus1,24_21,3,11319.0,13170.0
Mouse_Thymus1,24_22,3,11319.0,13270.0
Mouse_Thymus1,24_23,0,11319.0,13370.0
Mouse_Thymus1,24_24,3,11319.0,13470.0
Mouse_Thymus1,24_25,6,11319.0,13570.0
Mouse_Thymus1,24_26,3,11319.0,13670.0
Mouse_Thymus1,24_27,3,11319.0,13770.0
Mouse_Thymus1,24_28,3,11319.0,13870.0
Mouse_Thymus1,24_29,3,11319.0,13970.0
Mouse_Thymus1,24_3,3,11319.0,11370.0
Mouse_Thymus1,24_30,0,11319.0,14070.0
Mouse_Thymus1,24_31,3,11319.0,14170.0
Mouse_Thymus1,24_32,3,11319.0,14270.0
Mouse_Thymus1,24_33,0,11319.0,14370.0
Mouse_Thymus1,24_34,3,11319.0,14470.0
Mouse_Thymus1,24_35,7,11319.0,14570.0
Mouse_Thymus1,24_36,3,11319.0,14670.0
Mouse_Thymus1,24_37,3,11319.0,14770.0
Mouse_Thymus1,24_38,6,11319.0,14870.0
Mouse_Thymus1,24_39,7,11319.0,14970.0
Mouse_Thymus1,24_4,0,11319.0,11470.0
Mouse_Thymus1,24_40,3,11319.0,15070.0
Mouse_Thymus1,24_41,3,11319.0,15170.0
Mouse_Thymus1,24_42,3,11319.0,15270.0
Mouse_Thymus1,24_43,3,11319.0,15370.0
Mouse_Thymus1,24_44,6,11319.0,15470.0
Mouse_Thymus1,24_45,3,11319.0,15570.0
Mouse_Thymus1,24_46,3,11319.0,15670.0
Mouse_Thymus1,24_47,3,11319.0,15770.0
Mouse_Thymus1,24_48,3,11319.0,15870.0
Mouse_Thymus1,24_49,3,11319.0,15970.0
Mouse_Thymus1,24_5,7,11319.0,11570.0
Mouse_Thymus1,24_50,3,11319.0,16070.0
Mouse_Thymus1,24_51,3,11319.0,16170.0
Mouse_Thymus1,24_52,6,11319.0,16270.0
Mouse_Thymus1,24_53,3,11319.0,16370.0
Mouse_Thymus1,24_54,3,11319.0,16470.0
Mouse_Thymus1,24_55,3,11319.0,16570.0
Mouse_Thymus1,24_56,3,11319.0,16670.0
Mouse_Thymus1,24_57,3,11319.0,16770.0
Mouse_Thymus1,24_58,0,11319.0,16870.0
Mouse_Thymus1,24_59,3,11319.0,16970.0
Mouse_Thymus1,24_6,3,11319.0,11670.0
Mouse_Thymus1,24_60,3,11319.0,17070.0
Mouse_Thymus1,24_61,3,11319.0,17170.0
Mouse_Thymus1,24_62,3,11319.0,17270.0
Mouse_Thymus1,24_63,3,11319.0,17370.0
Mouse_Thymus1,24_64,3,11319.0,17470.0
Mouse_Thymus1,24_65,6,11319.0,17570.0
Mouse_Thymus1,24_66,3,11319.0,17670.0
Mouse_Thymus1,24_67,3,11319.0,17770.0
Mouse_Thymus1,24_68,0,11319.0,17870.0
Mouse_Thymus1,24_69,3,11319.0,17970.0
Mouse_Thymus1,24_7,0,11319.0,11770.0
Mouse_Thymus1,24_70,3,11319.0,18070.0
Mouse_Thymus1,24_71,3,11319.0,18170.0
Mouse_Thymus1,24_72,3,11319.0,18270.0
Mouse_Thymus1,24_73,3,11319.0,18370.0
Mouse_Thymus1,24_74,3,11319.0,18470.0
Mouse_Thymus1,24_75,3,11319.0,18570.0
Mouse_Thymus1,24_76,3,11319.0,18670.0
Mouse_Thymus1,24_77,3,11319.0,18770.0
Mouse_Thymus1,24_78,0,11319.0,18870.0
Mouse_Thymus1,24_79,3,11319.0,18970.0
Mouse_Thymus1,24_8,6,11319.0,11870.0
Mouse_Thymus1,24_80,3,11319.0,19070.0
Mouse_Thymus1,24_81,3,11319.0,19170.0
Mouse_Thymus1,24_82,3,11319.0,19270.0
Mouse_Thymus1,24_83,0,11319.0,19370.0
Mouse_Thymus1,24_84,3,11319.0,19470.0
Mouse_Thymus1,24_85,3,11319.0,19570.0
Mouse_Thymus1,24_86,3,11319.0,19670.0
Mouse_Thymus1,24_87,3,11319.0,19770.0
Mouse_Thymus1,24_88,3,11319.0,19870.0
Mouse_Thymus1,24_89,3,11319.0,19970.0
Mouse_Thymus1,24_9,3,11319.0,11970.0
Mouse_Thymus1,25_0,3,11419.0,11070.0
Mouse_Thymus1,25_1,3,11419.0,11170.0
Mouse_Thymus1,25_10,3,11419.0,12070.0
Mouse_Thymus1,25_11,3,11419.0,12170.0
Mouse_Thymus1,25_12,3,11419.0,12270.0
Mouse_Thymus1,25_13,0,11419.0,12370.0
Mouse_Thymus1,25_14,6,11419.0,12470.0
Mouse_Thymus1,25_15,7,11419.0,12570.0
Mouse_Thymus1,25_16,0,11419.0,12670.0
Mouse_Thymus1,25_17,3,11419.0,12770.0
Mouse_Thymus1,25_18,3,11419.0,12870.0
Mouse_Thymus1,25_19,3,11419.0,12970.0
Mouse_Thymus1,25_2,6,11419.0,11270.0
Mouse_Thymus1,25_20,3,11419.0,13070.0
Mouse_Thymus1,25_21,6,11419.0,13170.0
Mouse_Thymus1,25_22,3,11419.0,13270.0
Mouse_Thymus1,25_23,3,11419.0,13370.0
Mouse_Thymus1,25_24,0,11419.0,13470.0
Mouse_Thymus1,25_25,3,11419.0,13570.0
Mouse_Thymus1,25_26,3,11419.0,13670.0
Mouse_Thymus1,25_27,7,11419.0,13770.0
Mouse_Thymus1,25_28,3,11419.0,13870.0
Mouse_Thymus1,25_29,0,11419.0,13970.0
Mouse_Thymus1,25_3,3,11419.0,11370.0
Mouse_Thymus1,25_30,3,11419.0,14070.0
Mouse_Thymus1,25_31,3,11419.0,14170.0
Mouse_Thymus1,25_32,3,11419.0,14270.0
Mouse_Thymus1,25_33,3,11419.0,14370.0
Mouse_Thymus1,25_34,3,11419.0,14470.0
Mouse_Thymus1,25_35,3,11419.0,14570.0
Mouse_Thymus1,25_36,3,11419.0,14670.0
Mouse_Thymus1,25_37,3,11419.0,14770.0
Mouse_Thymus1,25_38,3,11419.0,14870.0
Mouse_Thymus1,25_39,0,11419.0,14970.0
Mouse_Thymus1,25_4,3,11419.0,11470.0
Mouse_Thymus1,25_40,6,11419.0,15070.0
Mouse_Thymus1,25_41,3,11419.0,15170.0
Mouse_Thymus1,25_42,0,11419.0,15270.0
Mouse_Thymus1,25_43,6,11419.0,15370.0
Mouse_Thymus1,25_44,0,11419.0,15470.0
Mouse_Thymus1,25_45,3,11419.0,15570.0
Mouse_Thymus1,25_46,3,11419.0,15670.0
Mouse_Thymus1,25_47,6,11419.0,15770.0
Mouse_Thymus1,25_48,3,11419.0,15870.0
Mouse_Thymus1,25_49,3,11419.0,15970.0
Mouse_Thymus1,25_5,3,11419.0,11570.0
Mouse_Thymus1,25_50,3,11419.0,16070.0
Mouse_Thymus1,25_51,0,11419.0,16170.0
Mouse_Thymus1,25_52,3,11419.0,16270.0
Mouse_Thymus1,25_53,3,11419.0,16370.0
Mouse_Thymus1,25_54,6,11419.0,16470.0
Mouse_Thymus1,25_55,6,11419.0,16570.0
Mouse_Thymus1,25_56,0,11419.0,16670.0
Mouse_Thymus1,25_57,3,11419.0,16770.0
Mouse_Thymus1,25_58,3,11419.0,16870.0
Mouse_Thymus1,25_59,3,11419.0,16970.0
Mouse_Thymus1,25_6,3,11419.0,11670.0
Mouse_Thymus1,25_60,3,11419.0,17070.0
Mouse_Thymus1,25_61,3,11419.0,17170.0
Mouse_Thymus1,25_62,3,11419.0,17270.0
Mouse_Thymus1,25_63,3,11419.0,17370.0
Mouse_Thymus1,25_64,3,11419.0,17470.0
Mouse_Thymus1,25_65,3,11419.0,17570.0
Mouse_Thymus1,25_66,3,11419.0,17670.0
Mouse_Thymus1,25_67,3,11419.0,17770.0
Mouse_Thymus1,25_68,3,11419.0,17870.0
Mouse_Thymus1,25_69,3,11419.0,17970.0
Mouse_Thymus1,25_7,3,11419.0,11770.0
Mouse_Thymus1,25_70,3,11419.0,18070.0
Mouse_Thymus1,25_71,6,11419.0,18170.0
Mouse_Thymus1,25_72,3,11419.0,18270.0
Mouse_Thymus1,25_73,6,11419.0,18370.0
Mouse_Thymus1,25_74,3,11419.0,18470.0
Mouse_Thymus1,25_75,7,11419.0,18570.0
Mouse_Thymus1,25_76,3,11419.0,18670.0
Mouse_Thymus1,25_77,3,11419.0,18770.0
Mouse_Thymus1,25_78,3,11419.0,18870.0
Mouse_Thymus1,25_79,3,11419.0,18970.0
Mouse_Thymus1,25_8,3,11419.0,11870.0
Mouse_Thymus1,25_80,3,11419.0,19070.0
Mouse_Thymus1,25_81,3,11419.0,19170.0
Mouse_Thymus1,25_82,3,11419.0,19270.0
Mouse_Thymus1,25_83,0,11419.0,19370.0
Mouse_Thymus1,25_84,3,11419.0,19470.0
Mouse_Thymus1,25_85,6,11419.0,19570.0
Mouse_Thymus1,25_86,3,11419.0,19670.0
Mouse_Thymus1,25_87,3,11419.0,19770.0
Mouse_Thymus1,25_88,3,11419.0,19870.0
Mouse_Thymus1,25_89,3,11419.0,19970.0
Mouse_Thymus1,25_9,3,11419.0,11970.0
Mouse_Thymus1,26_0,6,11519.0,11070.0
Mouse_Thymus1,26_1,3,11519.0,11170.0
Mouse_Thymus1,26_10,3,11519.0,12070.0
Mouse_Thymus1,26_11,3,11519.0,12170.0
Mouse_Thymus1,26_12,3,11519.0,12270.0
Mouse_Thymus1,26_13,3,11519.0,12370.0
Mouse_Thymus1,26_14,0,11519.0,12470.0
Mouse_Thymus1,26_15,3,11519.0,12570.0
Mouse_Thymus1,26_16,3,11519.0,12670.0
Mouse_Thymus1,26_17,3,11519.0,12770.0
Mouse_Thymus1,26_18,3,11519.0,12870.0
Mouse_Thymus1,26_19,0,11519.0,12970.0
Mouse_Thymus1,26_2,6,11519.0,11270.0
Mouse_Thymus1,26_20,3,11519.0,13070.0
Mouse_Thymus1,26_21,3,11519.0,13170.0
Mouse_Thymus1,26_22,3,11519.0,13270.0
Mouse_Thymus1,26_23,3,11519.0,13370.0
Mouse_Thymus1,26_24,3,11519.0,13470.0
Mouse_Thymus1,26_25,3,11519.0,13570.0
Mouse_Thymus1,26_26,3,11519.0,13670.0
Mouse_Thymus1,26_27,3,11519.0,13770.0
Mouse_Thymus1,26_28,3,11519.0,13870.0
Mouse_Thymus1,26_29,3,11519.0,13970.0
Mouse_Thymus1,26_3,6,11519.0,11370.0
Mouse_Thymus1,26_30,0,11519.0,14070.0
Mouse_Thymus1,26_31,3,11519.0,14170.0
Mouse_Thymus1,26_32,3,11519.0,14270.0
Mouse_Thymus1,26_33,6,11519.0,14370.0
Mouse_Thymus1,26_34,6,11519.0,14470.0
Mouse_Thymus1,26_35,0,11519.0,14570.0
Mouse_Thymus1,26_36,7,11519.0,14670.0
Mouse_Thymus1,26_37,3,11519.0,14770.0
Mouse_Thymus1,26_38,3,11519.0,14870.0
Mouse_Thymus1,26_39,3,11519.0,14970.0
Mouse_Thymus1,26_4,3,11519.0,11470.0
Mouse_Thymus1,26_40,3,11519.0,15070.0
Mouse_Thymus1,26_41,3,11519.0,15170.0
Mouse_Thymus1,26_42,0,11519.0,15270.0
Mouse_Thymus1,26_43,3,11519.0,15370.0
Mouse_Thymus1,26_44,3,11519.0,15470.0
Mouse_Thymus1,26_45,3,11519.0,15570.0
Mouse_Thymus1,26_46,6,11519.0,15670.0
Mouse_Thymus1,26_47,3,11519.0,15770.0
Mouse_Thymus1,26_48,3,11519.0,15870.0
Mouse_Thymus1,26_49,0,11519.0,15970.0
Mouse_Thymus1,26_5,3,11519.0,11570.0
Mouse_Thymus1,26_50,3,11519.0,16070.0
Mouse_Thymus1,26_51,3,11519.0,16170.0
Mouse_Thymus1,26_52,0,11519.0,16270.0
Mouse_Thymus1,26_53,3,11519.0,16370.0
Mouse_Thymus1,26_54,3,11519.0,16470.0
Mouse_Thymus1,26_55,3,11519.0,16570.0
Mouse_Thymus1,26_56,3,11519.0,16670.0
Mouse_Thymus1,26_57,0,11519.0,16770.0
Mouse_Thymus1,26_58,3,11519.0,16870.0
Mouse_Thymus1,26_59,3,11519.0,16970.0
Mouse_Thymus1,26_6,3,11519.0,11670.0
Mouse_Thymus1,26_60,0,11519.0,17070.0
Mouse_Thymus1,26_61,3,11519.0,17170.0
Mouse_Thymus1,26_62,3,11519.0,17270.0
Mouse_Thymus1,26_63,3,11519.0,17370.0
Mouse_Thymus1,26_64,3,11519.0,17470.0
Mouse_Thymus1,26_65,3,11519.0,17570.0
Mouse_Thymus1,26_66,3,11519.0,17670.0
Mouse_Thymus1,26_67,3,11519.0,17770.0
Mouse_Thymus1,26_68,0,11519.0,17870.0
Mouse_Thymus1,26_69,3,11519.0,17970.0
Mouse_Thymus1,26_7,3,11519.0,11770.0
Mouse_Thymus1,26_70,3,11519.0,18070.0
Mouse_Thymus1,26_71,3,11519.0,18170.0
Mouse_Thymus1,26_72,3,11519.0,18270.0
Mouse_Thymus1,26_73,3,11519.0,18370.0
Mouse_Thymus1,26_74,3,11519.0,18470.0
Mouse_Thymus1,26_75,3,11519.0,18570.0
Mouse_Thymus1,26_76,6,11519.0,18670.0
Mouse_Thymus1,26_77,3,11519.0,18770.0
Mouse_Thymus1,26_78,3,11519.0,18870.0
Mouse_Thymus1,26_79,3,11519.0,18970.0
Mouse_Thymus1,26_8,6,11519.0,11870.0
Mouse_Thymus1,26_80,3,11519.0,19070.0
Mouse_Thymus1,26_81,3,11519.0,19170.0
Mouse_Thymus1,26_82,3,11519.0,19270.0
Mouse_Thymus1,26_83,6,11519.0,19370.0
Mouse_Thymus1,26_84,0,11519.0,19470.0
Mouse_Thymus1,26_85,6,11519.0,19570.0
Mouse_Thymus1,26_86,3,11519.0,19670.0
Mouse_Thymus1,26_87,3,11519.0,19770.0
Mouse_Thymus1,26_88,3,11519.0,19870.0
Mouse_Thymus1,26_89,0,11519.0,19970.0
Mouse_Thymus1,26_9,3,11519.0,11970.0
Mouse_Thymus1,26_90,3,11519.0,20070.0
Mouse_Thymus1,27_0,3,11619.0,11070.0
Mouse_Thymus1,27_1,3,11619.0,11170.0
Mouse_Thymus1,27_10,3,11619.0,12070.0
Mouse_Thymus1,27_11,3,11619.0,12170.0
Mouse_Thymus1,27_12,3,11619.0,12270.0
Mouse_Thymus1,27_13,3,11619.0,12370.0
Mouse_Thymus1,27_14,3,11619.0,12470.0
Mouse_Thymus1,27_15,7,11619.0,12570.0
Mouse_Thymus1,27_16,7,11619.0,12670.0
Mouse_Thymus1,27_17,3,11619.0,12770.0
Mouse_Thymus1,27_18,0,11619.0,12870.0
Mouse_Thymus1,27_19,3,11619.0,12970.0
Mouse_Thymus1,27_2,3,11619.0,11270.0
Mouse_Thymus1,27_20,6,11619.0,13070.0
Mouse_Thymus1,27_21,6,11619.0,13170.0
Mouse_Thymus1,27_22,3,11619.0,13270.0
Mouse_Thymus1,27_23,3,11619.0,13370.0
Mouse_Thymus1,27_24,3,11619.0,13470.0
Mouse_Thymus1,27_25,3,11619.0,13570.0
Mouse_Thymus1,27_26,3,11619.0,13670.0
Mouse_Thymus1,27_27,3,11619.0,13770.0
Mouse_Thymus1,27_28,6,11619.0,13870.0
Mouse_Thymus1,27_29,3,11619.0,13970.0
Mouse_Thymus1,27_3,0,11619.0,11370.0
Mouse_Thymus1,27_30,0,11619.0,14070.0
Mouse_Thymus1,27_31,3,11619.0,14170.0
Mouse_Thymus1,27_32,3,11619.0,14270.0
Mouse_Thymus1,27_33,3,11619.0,14370.0
Mouse_Thymus1,27_34,3,11619.0,14470.0
Mouse_Thymus1,27_35,0,11619.0,14570.0
Mouse_Thymus1,27_36,7,11619.0,14670.0
Mouse_Thymus1,27_37,3,11619.0,14770.0
Mouse_Thymus1,27_38,6,11619.0,14870.0
Mouse_Thymus1,27_39,3,11619.0,14970.0
Mouse_Thymus1,27_4,3,11619.0,11470.0
Mouse_Thymus1,27_40,6,11619.0,15070.0
Mouse_Thymus1,27_41,3,11619.0,15170.0
Mouse_Thymus1,27_42,3,11619.0,15270.0
Mouse_Thymus1,27_43,6,11619.0,15370.0
Mouse_Thymus1,27_44,0,11619.0,15470.0
Mouse_Thymus1,27_45,6,11619.0,15570.0
Mouse_Thymus1,27_46,3,11619.0,15670.0
Mouse_Thymus1,27_47,3,11619.0,15770.0
Mouse_Thymus1,27_48,3,11619.0,15870.0
Mouse_Thymus1,27_49,3,11619.0,15970.0
Mouse_Thymus1,27_5,0,11619.0,11570.0
Mouse_Thymus1,27_50,7,11619.0,16070.0
Mouse_Thymus1,27_51,3,11619.0,16170.0
Mouse_Thymus1,27_52,0,11619.0,16270.0
Mouse_Thymus1,27_53,3,11619.0,16370.0
Mouse_Thymus1,27_54,3,11619.0,16470.0
Mouse_Thymus1,27_55,3,11619.0,16570.0
Mouse_Thymus1,27_56,3,11619.0,16670.0
Mouse_Thymus1,27_57,6,11619.0,16770.0
Mouse_Thymus1,27_58,3,11619.0,16870.0
Mouse_Thymus1,27_59,7,11619.0,16970.0
Mouse_Thymus1,27_6,3,11619.0,11670.0
Mouse_Thymus1,27_60,3,11619.0,17070.0
Mouse_Thymus1,27_61,0,11619.0,17170.0
Mouse_Thymus1,27_62,3,11619.0,17270.0
Mouse_Thymus1,27_63,6,11619.0,17370.0
Mouse_Thymus1,27_64,3,11619.0,17470.0
Mouse_Thymus1,27_65,3,11619.0,17570.0
Mouse_Thymus1,27_66,3,11619.0,17670.0
Mouse_Thymus1,27_67,3,11619.0,17770.0
Mouse_Thymus1,27_68,3,11619.0,17870.0
Mouse_Thymus1,27_69,3,11619.0,17970.0
Mouse_Thymus1,27_7,3,11619.0,11770.0
Mouse_Thymus1,27_70,0,11619.0,18070.0
Mouse_Thymus1,27_71,3,11619.0,18170.0
Mouse_Thymus1,27_72,0,11619.0,18270.0
Mouse_Thymus1,27_73,3,11619.0,18370.0
Mouse_Thymus1,27_74,0,11619.0,18470.0
Mouse_Thymus1,27_75,6,11619.0,18570.0
Mouse_Thymus1,27_76,3,11619.0,18670.0
Mouse_Thymus1,27_77,3,11619.0,18770.0
Mouse_Thymus1,27_78,3,11619.0,18870.0
Mouse_Thymus1,27_79,3,11619.0,18970.0
Mouse_Thymus1,27_8,3,11619.0,11870.0
Mouse_Thymus1,27_80,3,11619.0,19070.0
Mouse_Thymus1,27_81,3,11619.0,19170.0
Mouse_Thymus1,27_82,0,11619.0,19270.0
Mouse_Thymus1,27_83,3,11619.0,19370.0
Mouse_Thymus1,27_84,3,11619.0,19470.0
Mouse_Thymus1,27_85,6,11619.0,19570.0
Mouse_Thymus1,27_86,6,11619.0,19670.0
Mouse_Thymus1,27_87,3,11619.0,19770.0
Mouse_Thymus1,27_88,0,11619.0,19870.0
Mouse_Thymus1,27_89,3,11619.0,19970.0
Mouse_Thymus1,27_9,3,11619.0,11970.0
Mouse_Thymus1,27_90,6,11619.0,20070.0
Mouse_Thymus1,28_0,3,11719.0,11070.0
Mouse_Thymus1,28_1,3,11719.0,11170.0
Mouse_Thymus1,28_10,3,11719.0,12070.0
Mouse_Thymus1,28_11,3,11719.0,12170.0
Mouse_Thymus1,28_12,3,11719.0,12270.0
Mouse_Thymus1,28_13,7,11719.0,12370.0
Mouse_Thymus1,28_14,7,11719.0,12470.0
Mouse_Thymus1,28_15,3,11719.0,12570.0
Mouse_Thymus1,28_16,3,11719.0,12670.0
Mouse_Thymus1,28_17,3,11719.0,12770.0
Mouse_Thymus1,28_18,3,11719.0,12870.0
Mouse_Thymus1,28_19,3,11719.0,12970.0
Mouse_Thymus1,28_2,3,11719.0,11270.0
Mouse_Thymus1,28_20,3,11719.0,13070.0
Mouse_Thymus1,28_21,3,11719.0,13170.0
Mouse_Thymus1,28_22,3,11719.0,13270.0
Mouse_Thymus1,28_23,3,11719.0,13370.0
Mouse_Thymus1,28_24,3,11719.0,13470.0
Mouse_Thymus1,28_25,3,11719.0,13570.0
Mouse_Thymus1,28_26,3,11719.0,13670.0
Mouse_Thymus1,28_27,6,11719.0,13770.0
Mouse_Thymus1,28_28,3,11719.0,13870.0
Mouse_Thymus1,28_29,3,11719.0,13970.0
Mouse_Thymus1,28_3,0,11719.0,11370.0
Mouse_Thymus1,28_30,3,11719.0,14070.0
Mouse_Thymus1,28_31,6,11719.0,14170.0
Mouse_Thymus1,28_32,3,11719.0,14270.0
Mouse_Thymus1,28_33,3,11719.0,14370.0
Mouse_Thymus1,28_34,3,11719.0,14470.0
Mouse_Thymus1,28_35,3,11719.0,14570.0
Mouse_Thymus1,28_36,3,11719.0,14670.0
Mouse_Thymus1,28_37,3,11719.0,14770.0
Mouse_Thymus1,28_38,3,11719.0,14870.0
Mouse_Thymus1,28_39,3,11719.0,14970.0
Mouse_Thymus1,28_4,3,11719.0,11470.0
Mouse_Thymus1,28_40,3,11719.0,15070.0
Mouse_Thymus1,28_41,3,11719.0,15170.0
Mouse_Thymus1,28_42,3,11719.0,15270.0
Mouse_Thymus1,28_43,0,11719.0,15370.0
Mouse_Thymus1,28_44,3,11719.0,15470.0
Mouse_Thymus1,28_45,3,11719.0,15570.0
Mouse_Thymus1,28_46,0,11719.0,15670.0
Mouse_Thymus1,28_47,3,11719.0,15770.0
Mouse_Thymus1,28_48,6,11719.0,15870.0
Mouse_Thymus1,28_49,3,11719.0,15970.0
Mouse_Thymus1,28_5,3,11719.0,11570.0
Mouse_Thymus1,28_50,3,11719.0,16070.0
Mouse_Thymus1,28_51,6,11719.0,16170.0
Mouse_Thymus1,28_52,3,11719.0,16270.0
Mouse_Thymus1,28_53,0,11719.0,16370.0
Mouse_Thymus1,28_54,0,11719.0,16470.0
Mouse_Thymus1,28_55,3,11719.0,16570.0
Mouse_Thymus1,28_56,3,11719.0,16670.0
Mouse_Thymus1,28_57,3,11719.0,16770.0
Mouse_Thymus1,28_58,6,11719.0,16870.0
Mouse_Thymus1,28_59,3,11719.0,16970.0
Mouse_Thymus1,28_6,3,11719.0,11670.0
Mouse_Thymus1,28_60,3,11719.0,17070.0
Mouse_Thymus1,28_61,3,11719.0,17170.0
Mouse_Thymus1,28_62,3,11719.0,17270.0
Mouse_Thymus1,28_63,3,11719.0,17370.0
Mouse_Thymus1,28_64,3,11719.0,17470.0
Mouse_Thymus1,28_65,3,11719.0,17570.0
Mouse_Thymus1,28_66,3,11719.0,17670.0
Mouse_Thymus1,28_67,6,11719.0,17770.0
Mouse_Thymus1,28_68,3,11719.0,17870.0
Mouse_Thymus1,28_69,0,11719.0,17970.0
Mouse_Thymus1,28_7,3,11719.0,11770.0
Mouse_Thymus1,28_70,3,11719.0,18070.0
Mouse_Thymus1,28_71,0,11719.0,18170.0
Mouse_Thymus1,28_72,3,11719.0,18270.0
Mouse_Thymus1,28_73,7,11719.0,18370.0
Mouse_Thymus1,28_74,6,11719.0,18470.0
Mouse_Thymus1,28_75,3,11719.0,18570.0
Mouse_Thymus1,28_76,3,11719.0,18670.0
Mouse_Thymus1,28_77,3,11719.0,18770.0
Mouse_Thymus1,28_78,3,11719.0,18870.0
Mouse_Thymus1,28_79,3,11719.0,18970.0
Mouse_Thymus1,28_8,3,11719.0,11870.0
Mouse_Thymus1,28_80,3,11719.0,19070.0
Mouse_Thymus1,28_81,3,11719.0,19170.0
Mouse_Thymus1,28_82,3,11719.0,19270.0
Mouse_Thymus1,28_83,3,11719.0,19370.0
Mouse_Thymus1,28_84,3,11719.0,19470.0
Mouse_Thymus1,28_85,0,11719.0,19570.0
Mouse_Thymus1,28_86,3,11719.0,19670.0
Mouse_Thymus1,28_87,3,11719.0,19770.0
Mouse_Thymus1,28_88,6,11719.0,19870.0
Mouse_Thymus1,28_89,6,11719.0,19970.0
Mouse_Thymus1,28_9,6,11719.0,11970.0
Mouse_Thymus1,28_90,3,11719.0,20070.0
Mouse_Thymus1,29_10,3,11819.0,12070.0
Mouse_Thymus1,29_11,3,11819.0,12170.0
Mouse_Thymus1,29_12,3,11819.0,12270.0
Mouse_Thymus1,29_13,3,11819.0,12370.0
Mouse_Thymus1,29_14,3,11819.0,12470.0
Mouse_Thymus1,29_15,6,11819.0,12570.0
Mouse_Thymus1,29_16,6,11819.0,12670.0
Mouse_Thymus1,29_17,3,11819.0,12770.0
Mouse_Thymus1,29_18,3,11819.0,12870.0
Mouse_Thymus1,29_19,0,11819.0,12970.0
Mouse_Thymus1,29_2,6,11819.0,11270.0
Mouse_Thymus1,29_20,3,11819.0,13070.0
Mouse_Thymus1,29_21,3,11819.0,13170.0
Mouse_Thymus1,29_22,3,11819.0,13270.0
Mouse_Thymus1,29_23,0,11819.0,13370.0
Mouse_Thymus1,29_24,3,11819.0,13470.0
Mouse_Thymus1,29_25,3,11819.0,13570.0
Mouse_Thymus1,29_26,3,11819.0,13670.0
Mouse_Thymus1,29_27,3,11819.0,13770.0
Mouse_Thymus1,29_28,7,11819.0,13870.0
Mouse_Thymus1,29_29,3,11819.0,13970.0
Mouse_Thymus1,29_3,3,11819.0,11370.0
Mouse_Thymus1,29_30,3,11819.0,14070.0
Mouse_Thymus1,29_31,3,11819.0,14170.0
Mouse_Thymus1,29_32,3,11819.0,14270.0
Mouse_Thymus1,29_33,3,11819.0,14370.0
Mouse_Thymus1,29_34,3,11819.0,14470.0
Mouse_Thymus1,29_35,3,11819.0,14570.0
Mouse_Thymus1,29_36,3,11819.0,14670.0
Mouse_Thymus1,29_37,6,11819.0,14770.0
Mouse_Thymus1,29_38,3,11819.0,14870.0
Mouse_Thymus1,29_39,3,11819.0,14970.0
Mouse_Thymus1,29_4,3,11819.0,11470.0
Mouse_Thymus1,29_40,3,11819.0,15070.0
Mouse_Thymus1,29_41,3,11819.0,15170.0
Mouse_Thymus1,29_42,0,11819.0,15270.0
Mouse_Thymus1,29_43,3,11819.0,15370.0
Mouse_Thymus1,29_44,3,11819.0,15470.0
Mouse_Thymus1,29_45,3,11819.0,15570.0
Mouse_Thymus1,29_46,0,11819.0,15670.0
Mouse_Thymus1,29_47,3,11819.0,15770.0
Mouse_Thymus1,29_48,3,11819.0,15870.0
Mouse_Thymus1,29_49,3,11819.0,15970.0
Mouse_Thymus1,29_5,3,11819.0,11570.0
Mouse_Thymus1,29_50,3,11819.0,16070.0
Mouse_Thymus1,29_51,3,11819.0,16170.0
Mouse_Thymus1,29_52,3,11819.0,16270.0
Mouse_Thymus1,29_53,3,11819.0,16370.0
Mouse_Thymus1,29_54,3,11819.0,16470.0
Mouse_Thymus1,29_55,3,11819.0,16570.0
Mouse_Thymus1,29_56,3,11819.0,16670.0
Mouse_Thymus1,29_57,3,11819.0,16770.0
Mouse_Thymus1,29_58,3,11819.0,16870.0
Mouse_Thymus1,29_59,3,11819.0,16970.0
Mouse_Thymus1,29_6,3,11819.0,11670.0
Mouse_Thymus1,29_60,3,11819.0,17070.0
Mouse_Thymus1,29_61,3,11819.0,17170.0
Mouse_Thymus1,29_62,0,11819.0,17270.0
Mouse_Thymus1,29_63,3,11819.0,17370.0
Mouse_Thymus1,29_64,3,11819.0,17470.0
Mouse_Thymus1,29_65,6,11819.0,17570.0
Mouse_Thymus1,29_66,0,11819.0,17670.0
Mouse_Thymus1,29_67,3,11819.0,17770.0
Mouse_Thymus1,29_68,3,11819.0,17870.0
Mouse_Thymus1,29_69,3,11819.0,17970.0
Mouse_Thymus1,29_7,6,11819.0,11770.0
Mouse_Thymus1,29_70,3,11819.0,18070.0
Mouse_Thymus1,29_71,3,11819.0,18170.0
Mouse_Thymus1,29_72,6,11819.0,18270.0
Mouse_Thymus1,29_73,3,11819.0,18370.0
Mouse_Thymus1,29_74,3,11819.0,18470.0
Mouse_Thymus1,29_75,3,11819.0,18570.0
Mouse_Thymus1,29_76,3,11819.0,18670.0
Mouse_Thymus1,29_77,3,11819.0,18770.0
Mouse_Thymus1,29_78,3,11819.0,18870.0
Mouse_Thymus1,29_79,3,11819.0,18970.0
Mouse_Thymus1,29_8,3,11819.0,11870.0
Mouse_Thymus1,29_80,3,11819.0,19070.0
Mouse_Thymus1,29_81,0,11819.0,19170.0
Mouse_Thymus1,29_82,3,11819.0,19270.0
Mouse_Thymus1,29_83,6,11819.0,19370.0
Mouse_Thymus1,29_84,3,11819.0,19470.0
Mouse_Thymus1,29_85,3,11819.0,19570.0
Mouse_Thymus1,29_86,3,11819.0,19670.0
Mouse_Thymus1,29_87,3,11819.0,19770.0
Mouse_Thymus1,29_88,3,11819.0,19870.0
Mouse_Thymus1,29_89,3,11819.0,19970.0
Mouse_Thymus1,29_9,3,11819.0,11970.0
Mouse_Thymus1,29_90,3,11819.0,20070.0
Mouse_Thymus1,29_91,6,11819.0,20170.0
Mouse_Thymus1,2_17,3,9119.0,12770.0
Mouse_Thymus1,2_18,3,9119.0,12870.0
Mouse_Thymus1,2_19,3,9119.0,12970.0
Mouse_Thymus1,2_21,3,9119.0,13170.0
Mouse_Thymus1,2_22,0,9119.0,13270.0
Mouse_Thymus1,2_23,3,9119.0,13370.0
Mouse_Thymus1,2_24,3,9119.0,13470.0
Mouse_Thymus1,2_25,3,9119.0,13570.0
Mouse_Thymus1,2_26,3,9119.0,13670.0
Mouse_Thymus1,2_27,3,9119.0,13770.0
Mouse_Thymus1,2_28,3,9119.0,13870.0
Mouse_Thymus1,2_29,3,9119.0,13970.0
Mouse_Thymus1,2_30,3,9119.0,14070.0
Mouse_Thymus1,2_31,7,9119.0,14170.0
Mouse_Thymus1,2_32,3,9119.0,14270.0
Mouse_Thymus1,2_33,6,9119.0,14370.0
Mouse_Thymus1,2_34,3,9119.0,14470.0
Mouse_Thymus1,2_35,3,9119.0,14570.0
Mouse_Thymus1,2_36,3,9119.0,14670.0
Mouse_Thymus1,2_37,3,9119.0,14770.0
Mouse_Thymus1,2_38,3,9119.0,14870.0
Mouse_Thymus1,2_39,3,9119.0,14970.0
Mouse_Thymus1,2_40,3,9119.0,15070.0
Mouse_Thymus1,2_41,6,9119.0,15170.0
Mouse_Thymus1,2_42,0,9119.0,15270.0
Mouse_Thymus1,2_43,0,9119.0,15370.0
Mouse_Thymus1,2_44,3,9119.0,15470.0
Mouse_Thymus1,2_45,0,9119.0,15570.0
Mouse_Thymus1,2_46,3,9119.0,15670.0
Mouse_Thymus1,2_47,6,9119.0,15770.0
Mouse_Thymus1,2_48,3,9119.0,15870.0
Mouse_Thymus1,2_49,6,9119.0,15970.0
Mouse_Thymus1,2_55,3,9119.0,16570.0
Mouse_Thymus1,30_10,6,11919.0,12070.0
Mouse_Thymus1,30_11,6,11919.0,12170.0
Mouse_Thymus1,30_12,6,11919.0,12270.0
Mouse_Thymus1,30_13,3,11919.0,12370.0
Mouse_Thymus1,30_14,3,11919.0,12470.0
Mouse_Thymus1,30_15,3,11919.0,12570.0
Mouse_Thymus1,30_16,3,11919.0,12670.0
Mouse_Thymus1,30_17,3,11919.0,12770.0
Mouse_Thymus1,30_18,3,11919.0,12870.0
Mouse_Thymus1,30_19,3,11919.0,12970.0
Mouse_Thymus1,30_2,3,11919.0,11270.0
Mouse_Thymus1,30_20,6,11919.0,13070.0
Mouse_Thymus1,30_21,7,11919.0,13170.0
Mouse_Thymus1,30_22,3,11919.0,13270.0
Mouse_Thymus1,30_23,0,11919.0,13370.0
Mouse_Thymus1,30_24,3,11919.0,13470.0
Mouse_Thymus1,30_25,3,11919.0,13570.0
Mouse_Thymus1,30_26,3,11919.0,13670.0
Mouse_Thymus1,30_27,3,11919.0,13770.0
Mouse_Thymus1,30_28,3,11919.0,13870.0
Mouse_Thymus1,30_29,3,11919.0,13970.0
Mouse_Thymus1,30_3,7,11919.0,11370.0
Mouse_Thymus1,30_30,3,11919.0,14070.0
Mouse_Thymus1,30_31,0,11919.0,14170.0
Mouse_Thymus1,30_32,3,11919.0,14270.0
Mouse_Thymus1,30_33,3,11919.0,14370.0
Mouse_Thymus1,30_34,3,11919.0,14470.0
Mouse_Thymus1,30_35,3,11919.0,14570.0
Mouse_Thymus1,30_36,3,11919.0,14670.0
Mouse_Thymus1,30_37,6,11919.0,14770.0
Mouse_Thymus1,30_38,3,11919.0,14870.0
Mouse_Thymus1,30_39,0,11919.0,14970.0
Mouse_Thymus1,30_4,3,11919.0,11470.0
Mouse_Thymus1,30_40,3,11919.0,15070.0
Mouse_Thymus1,30_41,3,11919.0,15170.0
Mouse_Thymus1,30_42,3,11919.0,15270.0
Mouse_Thymus1,30_43,3,11919.0,15370.0
Mouse_Thymus1,30_44,6,11919.0,15470.0
Mouse_Thymus1,30_45,6,11919.0,15570.0
Mouse_Thymus1,30_46,6,11919.0,15670.0
Mouse_Thymus1,30_47,3,11919.0,15770.0
Mouse_Thymus1,30_48,6,11919.0,15870.0
Mouse_Thymus1,30_49,3,11919.0,15970.0
Mouse_Thymus1,30_5,3,11919.0,11570.0
Mouse_Thymus1,30_50,3,11919.0,16070.0
Mouse_Thymus1,30_51,3,11919.0,16170.0
Mouse_Thymus1,30_52,6,11919.0,16270.0
Mouse_Thymus1,30_53,3,11919.0,16370.0
Mouse_Thymus1,30_54,3,11919.0,16470.0
Mouse_Thymus1,30_55,3,11919.0,16570.0
Mouse_Thymus1,30_56,3,11919.0,16670.0
Mouse_Thymus1,30_57,3,11919.0,16770.0
Mouse_Thymus1,30_58,6,11919.0,16870.0
Mouse_Thymus1,30_59,0,11919.0,16970.0
Mouse_Thymus1,30_6,3,11919.0,11670.0
Mouse_Thymus1,30_60,3,11919.0,17070.0
Mouse_Thymus1,30_61,3,11919.0,17170.0
Mouse_Thymus1,30_62,0,11919.0,17270.0
Mouse_Thymus1,30_63,3,11919.0,17370.0
Mouse_Thymus1,30_64,7,11919.0,17470.0
Mouse_Thymus1,30_65,6,11919.0,17570.0
Mouse_Thymus1,30_66,3,11919.0,17670.0
Mouse_Thymus1,30_67,3,11919.0,17770.0
Mouse_Thymus1,30_68,3,11919.0,17870.0
Mouse_Thymus1,30_69,3,11919.0,17970.0
Mouse_Thymus1,30_7,3,11919.0,11770.0
Mouse_Thymus1,30_70,3,11919.0,18070.0
Mouse_Thymus1,30_71,3,11919.0,18170.0
Mouse_Thymus1,30_72,7,11919.0,18270.0
Mouse_Thymus1,30_73,3,11919.0,18370.0
Mouse_Thymus1,30_74,3,11919.0,18470.0
Mouse_Thymus1,30_75,3,11919.0,18570.0
Mouse_Thymus1,30_76,3,11919.0,18670.0
Mouse_Thymus1,30_77,3,11919.0,18770.0
Mouse_Thymus1,30_78,3,11919.0,18870.0
Mouse_Thymus1,30_79,6,11919.0,18970.0
Mouse_Thymus1,30_8,3,11919.0,11870.0
Mouse_Thymus1,30_80,7,11919.0,19070.0
Mouse_Thymus1,30_81,3,11919.0,19170.0
Mouse_Thymus1,30_82,3,11919.0,19270.0
Mouse_Thymus1,30_83,3,11919.0,19370.0
Mouse_Thymus1,30_84,6,11919.0,19470.0
Mouse_Thymus1,30_85,3,11919.0,19570.0
Mouse_Thymus1,30_86,3,11919.0,19670.0
Mouse_Thymus1,30_87,3,11919.0,19770.0
Mouse_Thymus1,30_88,3,11919.0,19870.0
Mouse_Thymus1,30_89,3,11919.0,19970.0
Mouse_Thymus1,30_9,3,11919.0,11970.0
Mouse_Thymus1,30_90,3,11919.0,20070.0
Mouse_Thymus1,30_91,3,11919.0,20170.0
Mouse_Thymus1,31_10,3,12019.0,12070.0
Mouse_Thymus1,31_11,3,12019.0,12170.0
Mouse_Thymus1,31_12,0,12019.0,12270.0
Mouse_Thymus1,31_13,3,12019.0,12370.0
Mouse_Thymus1,31_14,3,12019.0,12470.0
Mouse_Thymus1,31_15,3,12019.0,12570.0
Mouse_Thymus1,31_16,3,12019.0,12670.0
Mouse_Thymus1,31_17,0,12019.0,12770.0
Mouse_Thymus1,31_18,3,12019.0,12870.0
Mouse_Thymus1,31_19,0,12019.0,12970.0
Mouse_Thymus1,31_20,3,12019.0,13070.0
Mouse_Thymus1,31_21,3,12019.0,13170.0
Mouse_Thymus1,31_22,6,12019.0,13270.0
Mouse_Thymus1,31_23,3,12019.0,13370.0
Mouse_Thymus1,31_24,3,12019.0,13470.0
Mouse_Thymus1,31_25,3,12019.0,13570.0
Mouse_Thymus1,31_26,6,12019.0,13670.0
Mouse_Thymus1,31_27,3,12019.0,13770.0
Mouse_Thymus1,31_28,3,12019.0,13870.0
Mouse_Thymus1,31_29,3,12019.0,13970.0
Mouse_Thymus1,31_3,0,12019.0,11370.0
Mouse_Thymus1,31_30,6,12019.0,14070.0
Mouse_Thymus1,31_31,3,12019.0,14170.0
Mouse_Thymus1,31_32,3,12019.0,14270.0
Mouse_Thymus1,31_33,7,12019.0,14370.0
Mouse_Thymus1,31_34,0,12019.0,14470.0
Mouse_Thymus1,31_35,3,12019.0,14570.0
Mouse_Thymus1,31_36,0,12019.0,14670.0
Mouse_Thymus1,31_37,6,12019.0,14770.0
Mouse_Thymus1,31_38,3,12019.0,14870.0
Mouse_Thymus1,31_39,7,12019.0,14970.0
Mouse_Thymus1,31_4,6,12019.0,11470.0
Mouse_Thymus1,31_40,3,12019.0,15070.0
Mouse_Thymus1,31_41,3,12019.0,15170.0
Mouse_Thymus1,31_42,3,12019.0,15270.0
Mouse_Thymus1,31_43,3,12019.0,15370.0
Mouse_Thymus1,31_44,3,12019.0,15470.0
Mouse_Thymus1,31_45,3,12019.0,15570.0
Mouse_Thymus1,31_46,6,12019.0,15670.0
Mouse_Thymus1,31_47,3,12019.0,15770.0
Mouse_Thymus1,31_48,3,12019.0,15870.0
Mouse_Thymus1,31_49,3,12019.0,15970.0
Mouse_Thymus1,31_5,3,12019.0,11570.0
Mouse_Thymus1,31_50,0,12019.0,16070.0
Mouse_Thymus1,31_51,6,12019.0,16170.0
Mouse_Thymus1,31_52,0,12019.0,16270.0
Mouse_Thymus1,31_53,3,12019.0,16370.0
Mouse_Thymus1,31_54,3,12019.0,16470.0
Mouse_Thymus1,31_55,3,12019.0,16570.0
Mouse_Thymus1,31_56,6,12019.0,16670.0
Mouse_Thymus1,31_57,3,12019.0,16770.0
Mouse_Thymus1,31_58,3,12019.0,16870.0
Mouse_Thymus1,31_59,0,12019.0,16970.0
Mouse_Thymus1,31_6,3,12019.0,11670.0
Mouse_Thymus1,31_60,3,12019.0,17070.0
Mouse_Thymus1,31_61,0,12019.0,17170.0
Mouse_Thymus1,31_62,3,12019.0,17270.0
Mouse_Thymus1,31_63,6,12019.0,17370.0
Mouse_Thymus1,31_64,3,12019.0,17470.0
Mouse_Thymus1,31_65,3,12019.0,17570.0
Mouse_Thymus1,31_66,3,12019.0,17670.0
Mouse_Thymus1,31_67,7,12019.0,17770.0
Mouse_Thymus1,31_68,3,12019.0,17870.0
Mouse_Thymus1,31_69,0,12019.0,17970.0
Mouse_Thymus1,31_7,0,12019.0,11770.0
Mouse_Thymus1,31_70,3,12019.0,18070.0
Mouse_Thymus1,31_71,3,12019.0,18170.0
Mouse_Thymus1,31_72,3,12019.0,18270.0
Mouse_Thymus1,31_73,0,12019.0,18370.0
Mouse_Thymus1,31_74,3,12019.0,18470.0
Mouse_Thymus1,31_75,3,12019.0,18570.0
Mouse_Thymus1,31_76,3,12019.0,18670.0
Mouse_Thymus1,31_77,3,12019.0,18770.0
Mouse_Thymus1,31_78,3,12019.0,18870.0
Mouse_Thymus1,31_79,3,12019.0,18970.0
Mouse_Thymus1,31_8,3,12019.0,11870.0
Mouse_Thymus1,31_80,3,12019.0,19070.0
Mouse_Thymus1,31_81,6,12019.0,19170.0
Mouse_Thymus1,31_82,3,12019.0,19270.0
Mouse_Thymus1,31_83,3,12019.0,19370.0
Mouse_Thymus1,31_84,3,12019.0,19470.0
Mouse_Thymus1,31_85,3,12019.0,19570.0
Mouse_Thymus1,31_86,3,12019.0,19670.0
Mouse_Thymus1,31_87,3,12019.0,19770.0
Mouse_Thymus1,31_88,3,12019.0,19870.0
Mouse_Thymus1,31_89,6,12019.0,19970.0
Mouse_Thymus1,31_9,6,12019.0,11970.0
Mouse_Thymus1,31_90,3,12019.0,20070.0
Mouse_Thymus1,31_91,3,12019.0,20170.0
Mouse_Thymus1,31_92,3,12019.0,20270.0
Mouse_Thymus1,32_10,3,12119.0,12070.0
Mouse_Thymus1,32_11,3,12119.0,12170.0
Mouse_Thymus1,32_12,6,12119.0,12270.0
Mouse_Thymus1,32_13,3,12119.0,12370.0
Mouse_Thymus1,32_14,3,12119.0,12470.0
Mouse_Thymus1,32_15,3,12119.0,12570.0
Mouse_Thymus1,32_16,3,12119.0,12670.0
Mouse_Thymus1,32_17,3,12119.0,12770.0
Mouse_Thymus1,32_18,3,12119.0,12870.0
Mouse_Thymus1,32_19,3,12119.0,12970.0
Mouse_Thymus1,32_20,3,12119.0,13070.0
Mouse_Thymus1,32_21,6,12119.0,13170.0
Mouse_Thymus1,32_22,3,12119.0,13270.0
Mouse_Thymus1,32_23,4,12119.0,13370.0
Mouse_Thymus1,32_24,0,12119.0,13470.0
Mouse_Thymus1,32_25,7,12119.0,13570.0
Mouse_Thymus1,32_26,3,12119.0,13670.0
Mouse_Thymus1,32_27,3,12119.0,13770.0
Mouse_Thymus1,32_28,3,12119.0,13870.0
Mouse_Thymus1,32_29,3,12119.0,13970.0
Mouse_Thymus1,32_30,6,12119.0,14070.0
Mouse_Thymus1,32_31,3,12119.0,14170.0
Mouse_Thymus1,32_32,3,12119.0,14270.0
Mouse_Thymus1,32_33,3,12119.0,14370.0
Mouse_Thymus1,32_34,6,12119.0,14470.0
Mouse_Thymus1,32_35,7,12119.0,14570.0
Mouse_Thymus1,32_36,0,12119.0,14670.0
Mouse_Thymus1,32_37,0,12119.0,14770.0
Mouse_Thymus1,32_38,3,12119.0,14870.0
Mouse_Thymus1,32_39,7,12119.0,14970.0
Mouse_Thymus1,32_4,3,12119.0,11470.0
Mouse_Thymus1,32_40,3,12119.0,15070.0
Mouse_Thymus1,32_41,0,12119.0,15170.0
Mouse_Thymus1,32_42,0,12119.0,15270.0
Mouse_Thymus1,32_43,3,12119.0,15370.0
Mouse_Thymus1,32_44,0,12119.0,15470.0
Mouse_Thymus1,32_45,3,12119.0,15570.0
Mouse_Thymus1,32_46,0,12119.0,15670.0
Mouse_Thymus1,32_47,0,12119.0,15770.0
Mouse_Thymus1,32_48,3,12119.0,15870.0
Mouse_Thymus1,32_49,3,12119.0,15970.0
Mouse_Thymus1,32_5,3,12119.0,11570.0
Mouse_Thymus1,32_50,3,12119.0,16070.0
Mouse_Thymus1,32_51,3,12119.0,16170.0
Mouse_Thymus1,32_52,3,12119.0,16270.0
Mouse_Thymus1,32_53,3,12119.0,16370.0
Mouse_Thymus1,32_54,3,12119.0,16470.0
Mouse_Thymus1,32_55,3,12119.0,16570.0
Mouse_Thymus1,32_56,3,12119.0,16670.0
Mouse_Thymus1,32_57,6,12119.0,16770.0
Mouse_Thymus1,32_58,3,12119.0,16870.0
Mouse_Thymus1,32_59,3,12119.0,16970.0
Mouse_Thymus1,32_6,0,12119.0,11670.0
Mouse_Thymus1,32_60,3,12119.0,17070.0
Mouse_Thymus1,32_61,0,12119.0,17170.0
Mouse_Thymus1,32_62,3,12119.0,17270.0
Mouse_Thymus1,32_63,3,12119.0,17370.0
Mouse_Thymus1,32_64,3,12119.0,17470.0
Mouse_Thymus1,32_65,3,12119.0,17570.0
Mouse_Thymus1,32_66,6,12119.0,17670.0
Mouse_Thymus1,32_67,3,12119.0,17770.0
Mouse_Thymus1,32_68,3,12119.0,17870.0
Mouse_Thymus1,32_69,6,12119.0,17970.0
Mouse_Thymus1,32_7,3,12119.0,11770.0
Mouse_Thymus1,32_70,3,12119.0,18070.0
Mouse_Thymus1,32_71,6,12119.0,18170.0
Mouse_Thymus1,32_72,3,12119.0,18270.0
Mouse_Thymus1,32_73,3,12119.0,18370.0
Mouse_Thymus1,32_74,3,12119.0,18470.0
Mouse_Thymus1,32_75,3,12119.0,18570.0
Mouse_Thymus1,32_76,3,12119.0,18670.0
Mouse_Thymus1,32_77,0,12119.0,18770.0
Mouse_Thymus1,32_78,3,12119.0,18870.0
Mouse_Thymus1,32_79,0,12119.0,18970.0
Mouse_Thymus1,32_8,0,12119.0,11870.0
Mouse_Thymus1,32_80,3,12119.0,19070.0
Mouse_Thymus1,32_81,3,12119.0,19170.0
Mouse_Thymus1,32_82,3,12119.0,19270.0
Mouse_Thymus1,32_83,3,12119.0,19370.0
Mouse_Thymus1,32_84,0,12119.0,19470.0
Mouse_Thymus1,32_85,3,12119.0,19570.0
Mouse_Thymus1,32_86,6,12119.0,19670.0
Mouse_Thymus1,32_87,3,12119.0,19770.0
Mouse_Thymus1,32_88,6,12119.0,19870.0
Mouse_Thymus1,32_89,6,12119.0,19970.0
Mouse_Thymus1,32_9,6,12119.0,11970.0
Mouse_Thymus1,32_90,3,12119.0,20070.0
Mouse_Thymus1,32_91,3,12119.0,20170.0
Mouse_Thymus1,32_92,0,12119.0,20270.0
Mouse_Thymus1,33_10,3,12219.0,12070.0
Mouse_Thymus1,33_11,3,12219.0,12170.0
Mouse_Thymus1,33_12,7,12219.0,12270.0
Mouse_Thymus1,33_13,3,12219.0,12370.0
Mouse_Thymus1,33_14,6,12219.0,12470.0
Mouse_Thymus1,33_15,3,12219.0,12570.0
Mouse_Thymus1,33_16,3,12219.0,12670.0
Mouse_Thymus1,33_17,3,12219.0,12770.0
Mouse_Thymus1,33_18,0,12219.0,12870.0
Mouse_Thymus1,33_19,3,12219.0,12970.0
Mouse_Thymus1,33_20,3,12219.0,13070.0
Mouse_Thymus1,33_21,3,12219.0,13170.0
Mouse_Thymus1,33_22,3,12219.0,13270.0
Mouse_Thymus1,33_23,3,12219.0,13370.0
Mouse_Thymus1,33_24,3,12219.0,13470.0
Mouse_Thymus1,33_25,3,12219.0,13570.0
Mouse_Thymus1,33_26,0,12219.0,13670.0
Mouse_Thymus1,33_27,6,12219.0,13770.0
Mouse_Thymus1,33_28,7,12219.0,13870.0
Mouse_Thymus1,33_29,3,12219.0,13970.0
Mouse_Thymus1,33_30,3,12219.0,14070.0
Mouse_Thymus1,33_31,3,12219.0,14170.0
Mouse_Thymus1,33_32,3,12219.0,14270.0
Mouse_Thymus1,33_33,3,12219.0,14370.0
Mouse_Thymus1,33_34,3,12219.0,14470.0
Mouse_Thymus1,33_35,3,12219.0,14570.0
Mouse_Thymus1,33_36,3,12219.0,14670.0
Mouse_Thymus1,33_37,3,12219.0,14770.0
Mouse_Thymus1,33_38,0,12219.0,14870.0
Mouse_Thymus1,33_39,3,12219.0,14970.0
Mouse_Thymus1,33_40,6,12219.0,15070.0
Mouse_Thymus1,33_41,3,12219.0,15170.0
Mouse_Thymus1,33_42,6,12219.0,15270.0
Mouse_Thymus1,33_43,0,12219.0,15370.0
Mouse_Thymus1,33_44,3,12219.0,15470.0
Mouse_Thymus1,33_45,6,12219.0,15570.0
Mouse_Thymus1,33_46,3,12219.0,15670.0
Mouse_Thymus1,33_47,6,12219.0,15770.0
Mouse_Thymus1,33_48,3,12219.0,15870.0
Mouse_Thymus1,33_49,3,12219.0,15970.0
Mouse_Thymus1,33_5,3,12219.0,11570.0
Mouse_Thymus1,33_50,3,12219.0,16070.0
Mouse_Thymus1,33_51,3,12219.0,16170.0
Mouse_Thymus1,33_52,6,12219.0,16270.0
Mouse_Thymus1,33_53,3,12219.0,16370.0
Mouse_Thymus1,33_54,3,12219.0,16470.0
Mouse_Thymus1,33_55,3,12219.0,16570.0
Mouse_Thymus1,33_56,0,12219.0,16670.0
Mouse_Thymus1,33_57,3,12219.0,16770.0
Mouse_Thymus1,33_58,3,12219.0,16870.0
Mouse_Thymus1,33_59,3,12219.0,16970.0
Mouse_Thymus1,33_6,3,12219.0,11670.0
Mouse_Thymus1,33_60,6,12219.0,17070.0
Mouse_Thymus1,33_61,3,12219.0,17170.0
Mouse_Thymus1,33_62,3,12219.0,17270.0
Mouse_Thymus1,33_63,3,12219.0,17370.0
Mouse_Thymus1,33_64,3,12219.0,17470.0
Mouse_Thymus1,33_65,6,12219.0,17570.0
Mouse_Thymus1,33_66,0,12219.0,17670.0
Mouse_Thymus1,33_67,6,12219.0,17770.0
Mouse_Thymus1,33_68,3,12219.0,17870.0
Mouse_Thymus1,33_69,3,12219.0,17970.0
Mouse_Thymus1,33_7,3,12219.0,11770.0
Mouse_Thymus1,33_70,3,12219.0,18070.0
Mouse_Thymus1,33_71,3,12219.0,18170.0
Mouse_Thymus1,33_72,3,12219.0,18270.0
Mouse_Thymus1,33_73,3,12219.0,18370.0
Mouse_Thymus1,33_74,0,12219.0,18470.0
Mouse_Thymus1,33_75,0,12219.0,18570.0
Mouse_Thymus1,33_76,3,12219.0,18670.0
Mouse_Thymus1,33_77,3,12219.0,18770.0
Mouse_Thymus1,33_78,6,12219.0,18870.0
Mouse_Thymus1,33_79,3,12219.0,18970.0
Mouse_Thymus1,33_8,3,12219.0,11870.0
Mouse_Thymus1,33_80,7,12219.0,19070.0
Mouse_Thymus1,33_81,3,12219.0,19170.0
Mouse_Thymus1,33_82,3,12219.0,19270.0
Mouse_Thymus1,33_83,3,12219.0,19370.0
Mouse_Thymus1,33_84,0,12219.0,19470.0
Mouse_Thymus1,33_85,0,12219.0,19570.0
Mouse_Thymus1,33_86,3,12219.0,19670.0
Mouse_Thymus1,33_87,3,12219.0,19770.0
Mouse_Thymus1,33_88,3,12219.0,19870.0
Mouse_Thymus1,33_89,3,12219.0,19970.0
Mouse_Thymus1,33_9,3,12219.0,11970.0
Mouse_Thymus1,33_90,3,12219.0,20070.0
Mouse_Thymus1,33_91,6,12219.0,20170.0
Mouse_Thymus1,33_92,0,12219.0,20270.0
Mouse_Thymus1,33_93,6,12219.0,20370.0
Mouse_Thymus1,34_10,6,12319.0,12070.0
Mouse_Thymus1,34_11,7,12319.0,12170.0
Mouse_Thymus1,34_12,3,12319.0,12270.0
Mouse_Thymus1,34_13,3,12319.0,12370.0
Mouse_Thymus1,34_14,3,12319.0,12470.0
Mouse_Thymus1,34_15,3,12319.0,12570.0
Mouse_Thymus1,34_16,3,12319.0,12670.0
Mouse_Thymus1,34_17,3,12319.0,12770.0
Mouse_Thymus1,34_18,3,12319.0,12870.0
Mouse_Thymus1,34_19,3,12319.0,12970.0
Mouse_Thymus1,34_20,3,12319.0,13070.0
Mouse_Thymus1,34_21,7,12319.0,13170.0
Mouse_Thymus1,34_22,3,12319.0,13270.0
Mouse_Thymus1,34_23,3,12319.0,13370.0
Mouse_Thymus1,34_24,3,12319.0,13470.0
Mouse_Thymus1,34_25,6,12319.0,13570.0
Mouse_Thymus1,34_26,3,12319.0,13670.0
Mouse_Thymus1,34_27,3,12319.0,13770.0
Mouse_Thymus1,34_28,3,12319.0,13870.0
Mouse_Thymus1,34_29,3,12319.0,13970.0
Mouse_Thymus1,34_30,3,12319.0,14070.0
Mouse_Thymus1,34_31,6,12319.0,14170.0
Mouse_Thymus1,34_32,3,12319.0,14270.0
Mouse_Thymus1,34_33,3,12319.0,14370.0
Mouse_Thymus1,34_34,3,12319.0,14470.0
Mouse_Thymus1,34_35,3,12319.0,14570.0
Mouse_Thymus1,34_36,3,12319.0,14670.0
Mouse_Thymus1,34_37,0,12319.0,14770.0
Mouse_Thymus1,34_38,3,12319.0,14870.0
Mouse_Thymus1,34_39,3,12319.0,14970.0
Mouse_Thymus1,34_40,3,12319.0,15070.0
Mouse_Thymus1,34_41,3,12319.0,15170.0
Mouse_Thymus1,34_42,0,12319.0,15270.0
Mouse_Thymus1,34_43,3,12319.0,15370.0
Mouse_Thymus1,34_44,3,12319.0,15470.0
Mouse_Thymus1,34_45,3,12319.0,15570.0
Mouse_Thymus1,34_46,3,12319.0,15670.0
Mouse_Thymus1,34_47,3,12319.0,15770.0
Mouse_Thymus1,34_48,3,12319.0,15870.0
Mouse_Thymus1,34_49,6,12319.0,15970.0
Mouse_Thymus1,34_50,3,12319.0,16070.0
Mouse_Thymus1,34_51,3,12319.0,16170.0
Mouse_Thymus1,34_52,3,12319.0,16270.0
Mouse_Thymus1,34_53,0,12319.0,16370.0
Mouse_Thymus1,34_54,3,12319.0,16470.0
Mouse_Thymus1,34_55,3,12319.0,16570.0
Mouse_Thymus1,34_56,3,12319.0,16670.0
Mouse_Thymus1,34_57,3,12319.0,16770.0
Mouse_Thymus1,34_58,0,12319.0,16870.0
Mouse_Thymus1,34_59,3,12319.0,16970.0
Mouse_Thymus1,34_6,0,12319.0,11670.0
Mouse_Thymus1,34_60,3,12319.0,17070.0
Mouse_Thymus1,34_61,3,12319.0,17170.0
Mouse_Thymus1,34_62,3,12319.0,17270.0
Mouse_Thymus1,34_63,3,12319.0,17370.0
Mouse_Thymus1,34_64,0,12319.0,17470.0
Mouse_Thymus1,34_65,0,12319.0,17570.0
Mouse_Thymus1,34_66,3,12319.0,17670.0
Mouse_Thymus1,34_67,3,12319.0,17770.0
Mouse_Thymus1,34_68,3,12319.0,17870.0
Mouse_Thymus1,34_69,3,12319.0,17970.0
Mouse_Thymus1,34_7,6,12319.0,11770.0
Mouse_Thymus1,34_70,3,12319.0,18070.0
Mouse_Thymus1,34_71,0,12319.0,18170.0
Mouse_Thymus1,34_72,3,12319.0,18270.0
Mouse_Thymus1,34_73,6,12319.0,18370.0
Mouse_Thymus1,34_74,3,12319.0,18470.0
Mouse_Thymus1,34_75,3,12319.0,18570.0
Mouse_Thymus1,34_76,3,12319.0,18670.0
Mouse_Thymus1,34_77,3,12319.0,18770.0
Mouse_Thymus1,34_78,3,12319.0,18870.0
Mouse_Thymus1,34_79,3,12319.0,18970.0
Mouse_Thymus1,34_8,3,12319.0,11870.0
Mouse_Thymus1,34_80,3,12319.0,19070.0
Mouse_Thymus1,34_81,3,12319.0,19170.0
Mouse_Thymus1,34_82,0,12319.0,19270.0
Mouse_Thymus1,34_83,3,12319.0,19370.0
Mouse_Thymus1,34_84,7,12319.0,19470.0
Mouse_Thymus1,34_85,3,12319.0,19570.0
Mouse_Thymus1,34_86,3,12319.0,19670.0
Mouse_Thymus1,34_87,3,12319.0,19770.0
Mouse_Thymus1,34_88,3,12319.0,19870.0
Mouse_Thymus1,34_89,3,12319.0,19970.0
Mouse_Thymus1,34_9,6,12319.0,11970.0
Mouse_Thymus1,34_90,3,12319.0,20070.0
Mouse_Thymus1,34_91,3,12319.0,20170.0
Mouse_Thymus1,34_92,3,12319.0,20270.0
Mouse_Thymus1,34_93,3,12319.0,20370.0
Mouse_Thymus1,35_1,3,12419.0,11170.0
Mouse_Thymus1,35_10,3,12419.0,12070.0
Mouse_Thymus1,35_11,7,12419.0,12170.0
Mouse_Thymus1,35_12,0,12419.0,12270.0
Mouse_Thymus1,35_13,3,12419.0,12370.0
Mouse_Thymus1,35_14,3,12419.0,12470.0
Mouse_Thymus1,35_15,3,12419.0,12570.0
Mouse_Thymus1,35_16,3,12419.0,12670.0
Mouse_Thymus1,35_17,3,12419.0,12770.0
Mouse_Thymus1,35_18,6,12419.0,12870.0
Mouse_Thymus1,35_19,3,12419.0,12970.0
Mouse_Thymus1,35_2,3,12419.0,11270.0
Mouse_Thymus1,35_20,3,12419.0,13070.0
Mouse_Thymus1,35_21,3,12419.0,13170.0
Mouse_Thymus1,35_22,3,12419.0,13270.0
Mouse_Thymus1,35_23,3,12419.0,13370.0
Mouse_Thymus1,35_24,3,12419.0,13470.0
Mouse_Thymus1,35_25,3,12419.0,13570.0
Mouse_Thymus1,35_26,3,12419.0,13670.0
Mouse_Thymus1,35_27,3,12419.0,13770.0
Mouse_Thymus1,35_28,0,12419.0,13870.0
Mouse_Thymus1,35_29,0,12419.0,13970.0
Mouse_Thymus1,35_30,3,12419.0,14070.0
Mouse_Thymus1,35_31,3,12419.0,14170.0
Mouse_Thymus1,35_32,3,12419.0,14270.0
Mouse_Thymus1,35_33,3,12419.0,14370.0
Mouse_Thymus1,35_34,3,12419.0,14470.0
Mouse_Thymus1,35_35,6,12419.0,14570.0
Mouse_Thymus1,35_36,3,12419.0,14670.0
Mouse_Thymus1,35_37,3,12419.0,14770.0
Mouse_Thymus1,35_38,3,12419.0,14870.0
Mouse_Thymus1,35_39,0,12419.0,14970.0
Mouse_Thymus1,35_40,3,12419.0,15070.0
Mouse_Thymus1,35_41,3,12419.0,15170.0
Mouse_Thymus1,35_42,0,12419.0,15270.0
Mouse_Thymus1,35_43,3,12419.0,15370.0
Mouse_Thymus1,35_44,6,12419.0,15470.0
Mouse_Thymus1,35_45,3,12419.0,15570.0
Mouse_Thymus1,35_46,3,12419.0,15670.0
Mouse_Thymus1,35_47,6,12419.0,15770.0
Mouse_Thymus1,35_48,3,12419.0,15870.0
Mouse_Thymus1,35_49,3,12419.0,15970.0
Mouse_Thymus1,35_50,3,12419.0,16070.0
Mouse_Thymus1,35_51,3,12419.0,16170.0
Mouse_Thymus1,35_52,7,12419.0,16270.0
Mouse_Thymus1,35_53,3,12419.0,16370.0
Mouse_Thymus1,35_54,3,12419.0,16470.0
Mouse_Thymus1,35_55,7,12419.0,16570.0
Mouse_Thymus1,35_56,3,12419.0,16670.0
Mouse_Thymus1,35_57,3,12419.0,16770.0
Mouse_Thymus1,35_58,3,12419.0,16870.0
Mouse_Thymus1,35_59,3,12419.0,16970.0
Mouse_Thymus1,35_6,6,12419.0,11670.0
Mouse_Thymus1,35_60,0,12419.0,17070.0
Mouse_Thymus1,35_61,7,12419.0,17170.0
Mouse_Thymus1,35_62,3,12419.0,17270.0
Mouse_Thymus1,35_63,3,12419.0,17370.0
Mouse_Thymus1,35_64,3,12419.0,17470.0
Mouse_Thymus1,35_65,3,12419.0,17570.0
Mouse_Thymus1,35_66,3,12419.0,17670.0
Mouse_Thymus1,35_67,3,12419.0,17770.0
Mouse_Thymus1,35_68,3,12419.0,17870.0
Mouse_Thymus1,35_69,3,12419.0,17970.0
Mouse_Thymus1,35_7,3,12419.0,11770.0
Mouse_Thymus1,35_70,3,12419.0,18070.0
Mouse_Thymus1,35_71,0,12419.0,18170.0
Mouse_Thymus1,35_72,3,12419.0,18270.0
Mouse_Thymus1,35_73,3,12419.0,18370.0
Mouse_Thymus1,35_74,7,12419.0,18470.0
Mouse_Thymus1,35_75,3,12419.0,18570.0
Mouse_Thymus1,35_76,3,12419.0,18670.0
Mouse_Thymus1,35_77,0,12419.0,18770.0
Mouse_Thymus1,35_78,0,12419.0,18870.0
Mouse_Thymus1,35_79,0,12419.0,18970.0
Mouse_Thymus1,35_8,3,12419.0,11870.0
Mouse_Thymus1,35_80,3,12419.0,19070.0
Mouse_Thymus1,35_81,3,12419.0,19170.0
Mouse_Thymus1,35_82,7,12419.0,19270.0
Mouse_Thymus1,35_83,3,12419.0,19370.0
Mouse_Thymus1,35_84,3,12419.0,19470.0
Mouse_Thymus1,35_85,0,12419.0,19570.0
Mouse_Thymus1,35_86,0,12419.0,19670.0
Mouse_Thymus1,35_87,3,12419.0,19770.0
Mouse_Thymus1,35_88,6,12419.0,19870.0
Mouse_Thymus1,35_89,3,12419.0,19970.0
Mouse_Thymus1,35_9,3,12419.0,11970.0
Mouse_Thymus1,35_90,3,12419.0,20070.0
Mouse_Thymus1,35_91,3,12419.0,20170.0
Mouse_Thymus1,35_92,3,12419.0,20270.0
Mouse_Thymus1,35_93,6,12419.0,20370.0
Mouse_Thymus1,36_1,3,12519.0,11170.0
Mouse_Thymus1,36_10,3,12519.0,12070.0
Mouse_Thymus1,36_11,0,12519.0,12170.0
Mouse_Thymus1,36_12,6,12519.0,12270.0
Mouse_Thymus1,36_13,6,12519.0,12370.0
Mouse_Thymus1,36_14,6,12519.0,12470.0
Mouse_Thymus1,36_15,3,12519.0,12570.0
Mouse_Thymus1,36_16,3,12519.0,12670.0
Mouse_Thymus1,36_17,3,12519.0,12770.0
Mouse_Thymus1,36_18,3,12519.0,12870.0
Mouse_Thymus1,36_19,0,12519.0,12970.0
Mouse_Thymus1,36_2,3,12519.0,11270.0
Mouse_Thymus1,36_20,0,12519.0,13070.0
Mouse_Thymus1,36_21,3,12519.0,13170.0
Mouse_Thymus1,36_22,3,12519.0,13270.0
Mouse_Thymus1,36_23,3,12519.0,13370.0
Mouse_Thymus1,36_24,0,12519.0,13470.0
Mouse_Thymus1,36_25,3,12519.0,13570.0
Mouse_Thymus1,36_26,3,12519.0,13670.0
Mouse_Thymus1,36_27,3,12519.0,13770.0
Mouse_Thymus1,36_28,3,12519.0,13870.0
Mouse_Thymus1,36_29,0,12519.0,13970.0
Mouse_Thymus1,36_30,0,12519.0,14070.0
Mouse_Thymus1,36_31,6,12519.0,14170.0
Mouse_Thymus1,36_32,0,12519.0,14270.0
Mouse_Thymus1,36_33,3,12519.0,14370.0
Mouse_Thymus1,36_34,3,12519.0,14470.0
Mouse_Thymus1,36_35,6,12519.0,14570.0
Mouse_Thymus1,36_36,0,12519.0,14670.0
Mouse_Thymus1,36_37,0,12519.0,14770.0
Mouse_Thymus1,36_38,0,12519.0,14870.0
Mouse_Thymus1,36_39,3,12519.0,14970.0
Mouse_Thymus1,36_40,3,12519.0,15070.0
Mouse_Thymus1,36_41,6,12519.0,15170.0
Mouse_Thymus1,36_42,3,12519.0,15270.0
Mouse_Thymus1,36_43,3,12519.0,15370.0
Mouse_Thymus1,36_44,3,12519.0,15470.0
Mouse_Thymus1,36_45,3,12519.0,15570.0
Mouse_Thymus1,36_46,6,12519.0,15670.0
Mouse_Thymus1,36_47,3,12519.0,15770.0
Mouse_Thymus1,36_48,3,12519.0,15870.0
Mouse_Thymus1,36_49,3,12519.0,15970.0
Mouse_Thymus1,36_50,3,12519.0,16070.0
Mouse_Thymus1,36_51,3,12519.0,16170.0
Mouse_Thymus1,36_52,6,12519.0,16270.0
Mouse_Thymus1,36_53,3,12519.0,16370.0
Mouse_Thymus1,36_54,3,12519.0,16470.0
Mouse_Thymus1,36_55,3,12519.0,16570.0
Mouse_Thymus1,36_56,0,12519.0,16670.0
Mouse_Thymus1,36_57,0,12519.0,16770.0
Mouse_Thymus1,36_58,0,12519.0,16870.0
Mouse_Thymus1,36_59,3,12519.0,16970.0
Mouse_Thymus1,36_60,0,12519.0,17070.0
Mouse_Thymus1,36_61,3,12519.0,17170.0
Mouse_Thymus1,36_62,3,12519.0,17270.0
Mouse_Thymus1,36_63,3,12519.0,17370.0
Mouse_Thymus1,36_64,3,12519.0,17470.0
Mouse_Thymus1,36_65,3,12519.0,17570.0
Mouse_Thymus1,36_66,3,12519.0,17670.0
Mouse_Thymus1,36_67,0,12519.0,17770.0
Mouse_Thymus1,36_68,3,12519.0,17870.0
Mouse_Thymus1,36_69,3,12519.0,17970.0
Mouse_Thymus1,36_7,3,12519.0,11770.0
Mouse_Thymus1,36_70,3,12519.0,18070.0
Mouse_Thymus1,36_71,3,12519.0,18170.0
Mouse_Thymus1,36_72,6,12519.0,18270.0
Mouse_Thymus1,36_73,0,12519.0,18370.0
Mouse_Thymus1,36_74,0,12519.0,18470.0
Mouse_Thymus1,36_75,3,12519.0,18570.0
Mouse_Thymus1,36_76,3,12519.0,18670.0
Mouse_Thymus1,36_77,3,12519.0,18770.0
Mouse_Thymus1,36_78,3,12519.0,18870.0
Mouse_Thymus1,36_79,3,12519.0,18970.0
Mouse_Thymus1,36_8,3,12519.0,11870.0
Mouse_Thymus1,36_80,3,12519.0,19070.0
Mouse_Thymus1,36_81,3,12519.0,19170.0
Mouse_Thymus1,36_82,6,12519.0,19270.0
Mouse_Thymus1,36_83,3,12519.0,19370.0
Mouse_Thymus1,36_84,6,12519.0,19470.0
Mouse_Thymus1,36_85,6,12519.0,19570.0
Mouse_Thymus1,36_86,3,12519.0,19670.0
Mouse_Thymus1,36_87,3,12519.0,19770.0
Mouse_Thymus1,36_88,0,12519.0,19870.0
Mouse_Thymus1,36_89,3,12519.0,19970.0
Mouse_Thymus1,36_9,3,12519.0,11970.0
Mouse_Thymus1,36_90,3,12519.0,20070.0
Mouse_Thymus1,36_91,3,12519.0,20170.0
Mouse_Thymus1,36_92,3,12519.0,20270.0
Mouse_Thymus1,36_93,6,12519.0,20370.0
Mouse_Thymus1,36_94,0,12519.0,20470.0
Mouse_Thymus1,37_0,0,12619.0,11070.0
Mouse_Thymus1,37_1,3,12619.0,11170.0
Mouse_Thymus1,37_10,3,12619.0,12070.0
Mouse_Thymus1,37_11,6,12619.0,12170.0
Mouse_Thymus1,37_12,3,12619.0,12270.0
Mouse_Thymus1,37_13,3,12619.0,12370.0
Mouse_Thymus1,37_14,3,12619.0,12470.0
Mouse_Thymus1,37_15,0,12619.0,12570.0
Mouse_Thymus1,37_16,7,12619.0,12670.0
Mouse_Thymus1,37_17,3,12619.0,12770.0
Mouse_Thymus1,37_18,3,12619.0,12870.0
Mouse_Thymus1,37_19,3,12619.0,12970.0
Mouse_Thymus1,37_2,0,12619.0,11270.0
Mouse_Thymus1,37_20,3,12619.0,13070.0
Mouse_Thymus1,37_21,6,12619.0,13170.0
Mouse_Thymus1,37_22,6,12619.0,13270.0
Mouse_Thymus1,37_23,3,12619.0,13370.0
Mouse_Thymus1,37_24,7,12619.0,13470.0
Mouse_Thymus1,37_25,0,12619.0,13570.0
Mouse_Thymus1,37_26,3,12619.0,13670.0
Mouse_Thymus1,37_27,3,12619.0,13770.0
Mouse_Thymus1,37_28,3,12619.0,13870.0
Mouse_Thymus1,37_29,7,12619.0,13970.0
Mouse_Thymus1,37_30,3,12619.0,14070.0
Mouse_Thymus1,37_31,3,12619.0,14170.0
Mouse_Thymus1,37_32,3,12619.0,14270.0
Mouse_Thymus1,37_33,6,12619.0,14370.0
Mouse_Thymus1,37_34,3,12619.0,14470.0
Mouse_Thymus1,37_35,3,12619.0,14570.0
Mouse_Thymus1,37_36,6,12619.0,14670.0
Mouse_Thymus1,37_37,3,12619.0,14770.0
Mouse_Thymus1,37_38,3,12619.0,14870.0
Mouse_Thymus1,37_39,3,12619.0,14970.0
Mouse_Thymus1,37_40,3,12619.0,15070.0
Mouse_Thymus1,37_41,0,12619.0,15170.0
Mouse_Thymus1,37_42,3,12619.0,15270.0
Mouse_Thymus1,37_43,3,12619.0,15370.0
Mouse_Thymus1,37_44,0,12619.0,15470.0
Mouse_Thymus1,37_45,3,12619.0,15570.0
Mouse_Thymus1,37_46,3,12619.0,15670.0
Mouse_Thymus1,37_47,0,12619.0,15770.0
Mouse_Thymus1,37_48,3,12619.0,15870.0
Mouse_Thymus1,37_49,3,12619.0,15970.0
Mouse_Thymus1,37_50,3,12619.0,16070.0
Mouse_Thymus1,37_51,3,12619.0,16170.0
Mouse_Thymus1,37_52,3,12619.0,16270.0
Mouse_Thymus1,37_53,3,12619.0,16370.0
Mouse_Thymus1,37_54,6,12619.0,16470.0
Mouse_Thymus1,37_55,3,12619.0,16570.0
Mouse_Thymus1,37_56,6,12619.0,16670.0
Mouse_Thymus1,37_57,3,12619.0,16770.0
Mouse_Thymus1,37_58,3,12619.0,16870.0
Mouse_Thymus1,37_59,3,12619.0,16970.0
Mouse_Thymus1,37_60,3,12619.0,17070.0
Mouse_Thymus1,37_61,3,12619.0,17170.0
Mouse_Thymus1,37_62,3,12619.0,17270.0
Mouse_Thymus1,37_63,0,12619.0,17370.0
Mouse_Thymus1,37_64,3,12619.0,17470.0
Mouse_Thymus1,37_65,0,12619.0,17570.0
Mouse_Thymus1,37_66,3,12619.0,17670.0
Mouse_Thymus1,37_67,3,12619.0,17770.0
Mouse_Thymus1,37_68,3,12619.0,17870.0
Mouse_Thymus1,37_69,0,12619.0,17970.0
Mouse_Thymus1,37_7,3,12619.0,11770.0
Mouse_Thymus1,37_70,3,12619.0,18070.0
Mouse_Thymus1,37_71,3,12619.0,18170.0
Mouse_Thymus1,37_72,0,12619.0,18270.0
Mouse_Thymus1,37_73,6,12619.0,18370.0
Mouse_Thymus1,37_74,0,12619.0,18470.0
Mouse_Thymus1,37_75,3,12619.0,18570.0
Mouse_Thymus1,37_76,3,12619.0,18670.0
Mouse_Thymus1,37_77,3,12619.0,18770.0
Mouse_Thymus1,37_78,3,12619.0,18870.0
Mouse_Thymus1,37_79,3,12619.0,18970.0
Mouse_Thymus1,37_8,3,12619.0,11870.0
Mouse_Thymus1,37_80,3,12619.0,19070.0
Mouse_Thymus1,37_81,3,12619.0,19170.0
Mouse_Thymus1,37_82,0,12619.0,19270.0
Mouse_Thymus1,37_83,3,12619.0,19370.0
Mouse_Thymus1,37_84,3,12619.0,19470.0
Mouse_Thymus1,37_85,7,12619.0,19570.0
Mouse_Thymus1,37_86,3,12619.0,19670.0
Mouse_Thymus1,37_87,7,12619.0,19770.0
Mouse_Thymus1,37_88,3,12619.0,19870.0
Mouse_Thymus1,37_89,3,12619.0,19970.0
Mouse_Thymus1,37_9,3,12619.0,11970.0
Mouse_Thymus1,37_90,0,12619.0,20070.0
Mouse_Thymus1,37_91,3,12619.0,20170.0
Mouse_Thymus1,37_92,3,12619.0,20270.0
Mouse_Thymus1,37_93,6,12619.0,20370.0
Mouse_Thymus1,37_94,3,12619.0,20470.0
Mouse_Thymus1,38_0,3,12719.0,11070.0
Mouse_Thymus1,38_1,3,12719.0,11170.0
Mouse_Thymus1,38_10,0,12719.0,12070.0
Mouse_Thymus1,38_11,0,12719.0,12170.0
Mouse_Thymus1,38_12,6,12719.0,12270.0
Mouse_Thymus1,38_13,6,12719.0,12370.0
Mouse_Thymus1,38_14,3,12719.0,12470.0
Mouse_Thymus1,38_15,3,12719.0,12570.0
Mouse_Thymus1,38_16,3,12719.0,12670.0
Mouse_Thymus1,38_17,6,12719.0,12770.0
Mouse_Thymus1,38_18,3,12719.0,12870.0
Mouse_Thymus1,38_19,3,12719.0,12970.0
Mouse_Thymus1,38_2,3,12719.0,11270.0
Mouse_Thymus1,38_20,3,12719.0,13070.0
Mouse_Thymus1,38_21,7,12719.0,13170.0
Mouse_Thymus1,38_22,3,12719.0,13270.0
Mouse_Thymus1,38_23,3,12719.0,13370.0
Mouse_Thymus1,38_24,3,12719.0,13470.0
Mouse_Thymus1,38_25,3,12719.0,13570.0
Mouse_Thymus1,38_26,3,12719.0,13670.0
Mouse_Thymus1,38_27,3,12719.0,13770.0
Mouse_Thymus1,38_28,3,12719.0,13870.0
Mouse_Thymus1,38_29,3,12719.0,13970.0
Mouse_Thymus1,38_30,3,12719.0,14070.0
Mouse_Thymus1,38_31,3,12719.0,14170.0
Mouse_Thymus1,38_32,3,12719.0,14270.0
Mouse_Thymus1,38_33,3,12719.0,14370.0
Mouse_Thymus1,38_34,3,12719.0,14470.0
Mouse_Thymus1,38_35,6,12719.0,14570.0
Mouse_Thymus1,38_36,6,12719.0,14670.0
Mouse_Thymus1,38_37,6,12719.0,14770.0
Mouse_Thymus1,38_38,3,12719.0,14870.0
Mouse_Thymus1,38_39,3,12719.0,14970.0
Mouse_Thymus1,38_40,3,12719.0,15070.0
Mouse_Thymus1,38_41,3,12719.0,15170.0
Mouse_Thymus1,38_42,3,12719.0,15270.0
Mouse_Thymus1,38_43,0,12719.0,15370.0
Mouse_Thymus1,38_44,3,12719.0,15470.0
Mouse_Thymus1,38_45,3,12719.0,15570.0
Mouse_Thymus1,38_46,3,12719.0,15670.0
Mouse_Thymus1,38_47,3,12719.0,15770.0
Mouse_Thymus1,38_48,3,12719.0,15870.0
Mouse_Thymus1,38_49,3,12719.0,15970.0
Mouse_Thymus1,38_50,0,12719.0,16070.0
Mouse_Thymus1,38_51,3,12719.0,16170.0
Mouse_Thymus1,38_52,3,12719.0,16270.0
Mouse_Thymus1,38_53,0,12719.0,16370.0
Mouse_Thymus1,38_54,3,12719.0,16470.0
Mouse_Thymus1,38_55,3,12719.0,16570.0
Mouse_Thymus1,38_56,3,12719.0,16670.0
Mouse_Thymus1,38_57,6,12719.0,16770.0
Mouse_Thymus1,38_58,3,12719.0,16870.0
Mouse_Thymus1,38_59,3,12719.0,16970.0
Mouse_Thymus1,38_60,3,12719.0,17070.0
Mouse_Thymus1,38_61,3,12719.0,17170.0
Mouse_Thymus1,38_62,3,12719.0,17270.0
Mouse_Thymus1,38_63,3,12719.0,17370.0
Mouse_Thymus1,38_64,3,12719.0,17470.0
Mouse_Thymus1,38_65,6,12719.0,17570.0
Mouse_Thymus1,38_66,3,12719.0,17670.0
Mouse_Thymus1,38_67,3,12719.0,17770.0
Mouse_Thymus1,38_68,3,12719.0,17870.0
Mouse_Thymus1,38_69,6,12719.0,17970.0
Mouse_Thymus1,38_7,3,12719.0,11770.0
Mouse_Thymus1,38_70,0,12719.0,18070.0
Mouse_Thymus1,38_71,6,12719.0,18170.0
Mouse_Thymus1,38_72,3,12719.0,18270.0
Mouse_Thymus1,38_73,3,12719.0,18370.0
Mouse_Thymus1,38_74,0,12719.0,18470.0
Mouse_Thymus1,38_75,6,12719.0,18570.0
Mouse_Thymus1,38_76,3,12719.0,18670.0
Mouse_Thymus1,38_77,3,12719.0,18770.0
Mouse_Thymus1,38_78,6,12719.0,18870.0
Mouse_Thymus1,38_79,0,12719.0,18970.0
Mouse_Thymus1,38_8,7,12719.0,11870.0
Mouse_Thymus1,38_80,3,12719.0,19070.0
Mouse_Thymus1,38_81,3,12719.0,19170.0
Mouse_Thymus1,38_82,3,12719.0,19270.0
Mouse_Thymus1,38_83,3,12719.0,19370.0
Mouse_Thymus1,38_84,0,12719.0,19470.0
Mouse_Thymus1,38_85,3,12719.0,19570.0
Mouse_Thymus1,38_86,3,12719.0,19670.0
Mouse_Thymus1,38_87,3,12719.0,19770.0
Mouse_Thymus1,38_88,3,12719.0,19870.0
Mouse_Thymus1,38_89,3,12719.0,19970.0
Mouse_Thymus1,38_9,0,12719.0,11970.0
Mouse_Thymus1,38_90,0,12719.0,20070.0
Mouse_Thymus1,38_91,3,12719.0,20170.0
Mouse_Thymus1,38_92,3,12719.0,20270.0
Mouse_Thymus1,38_93,3,12719.0,20370.0
Mouse_Thymus1,38_94,7,12719.0,20470.0
Mouse_Thymus1,39_0,3,12819.0,11070.0
Mouse_Thymus1,39_1,0,12819.0,11170.0
Mouse_Thymus1,39_10,3,12819.0,12070.0
Mouse_Thymus1,39_11,3,12819.0,12170.0
Mouse_Thymus1,39_12,3,12819.0,12270.0
Mouse_Thymus1,39_13,3,12819.0,12370.0
Mouse_Thymus1,39_14,0,12819.0,12470.0
Mouse_Thymus1,39_15,3,12819.0,12570.0
Mouse_Thymus1,39_16,0,12819.0,12670.0
Mouse_Thymus1,39_17,3,12819.0,12770.0
Mouse_Thymus1,39_18,3,12819.0,12870.0
Mouse_Thymus1,39_19,3,12819.0,12970.0
Mouse_Thymus1,39_2,3,12819.0,11270.0
Mouse_Thymus1,39_20,3,12819.0,13070.0
Mouse_Thymus1,39_21,3,12819.0,13170.0
Mouse_Thymus1,39_22,6,12819.0,13270.0
Mouse_Thymus1,39_23,3,12819.0,13370.0
Mouse_Thymus1,39_24,3,12819.0,13470.0
Mouse_Thymus1,39_25,3,12819.0,13570.0
Mouse_Thymus1,39_26,3,12819.0,13670.0
Mouse_Thymus1,39_27,3,12819.0,13770.0
Mouse_Thymus1,39_28,3,12819.0,13870.0
Mouse_Thymus1,39_29,3,12819.0,13970.0
Mouse_Thymus1,39_30,0,12819.0,14070.0
Mouse_Thymus1,39_31,3,12819.0,14170.0
Mouse_Thymus1,39_32,3,12819.0,14270.0
Mouse_Thymus1,39_33,3,12819.0,14370.0
Mouse_Thymus1,39_34,3,12819.0,14470.0
Mouse_Thymus1,39_35,3,12819.0,14570.0
Mouse_Thymus1,39_36,3,12819.0,14670.0
Mouse_Thymus1,39_37,3,12819.0,14770.0
Mouse_Thymus1,39_38,0,12819.0,14870.0
Mouse_Thymus1,39_39,3,12819.0,14970.0
Mouse_Thymus1,39_40,3,12819.0,15070.0
Mouse_Thymus1,39_41,3,12819.0,15170.0
Mouse_Thymus1,39_42,6,12819.0,15270.0
Mouse_Thymus1,39_43,3,12819.0,15370.0
Mouse_Thymus1,39_44,3,12819.0,15470.0
Mouse_Thymus1,39_45,0,12819.0,15570.0
Mouse_Thymus1,39_46,3,12819.0,15670.0
Mouse_Thymus1,39_47,3,12819.0,15770.0
Mouse_Thymus1,39_48,3,12819.0,15870.0
Mouse_Thymus1,39_49,3,12819.0,15970.0
Mouse_Thymus1,39_50,3,12819.0,16070.0
Mouse_Thymus1,39_51,3,12819.0,16170.0
Mouse_Thymus1,39_52,3,12819.0,16270.0
Mouse_Thymus1,39_53,3,12819.0,16370.0
Mouse_Thymus1,39_54,3,12819.0,16470.0
Mouse_Thymus1,39_55,3,12819.0,16570.0
Mouse_Thymus1,39_56,3,12819.0,16670.0
Mouse_Thymus1,39_57,3,12819.0,16770.0
Mouse_Thymus1,39_58,3,12819.0,16870.0
Mouse_Thymus1,39_59,3,12819.0,16970.0
Mouse_Thymus1,39_60,3,12819.0,17070.0
Mouse_Thymus1,39_61,6,12819.0,17170.0
Mouse_Thymus1,39_62,3,12819.0,17270.0
Mouse_Thymus1,39_63,6,12819.0,17370.0
Mouse_Thymus1,39_64,3,12819.0,17470.0
Mouse_Thymus1,39_65,6,12819.0,17570.0
Mouse_Thymus1,39_66,0,12819.0,17670.0
Mouse_Thymus1,39_67,3,12819.0,17770.0
Mouse_Thymus1,39_68,3,12819.0,17870.0
Mouse_Thymus1,39_69,3,12819.0,17970.0
Mouse_Thymus1,39_70,3,12819.0,18070.0
Mouse_Thymus1,39_71,3,12819.0,18170.0
Mouse_Thymus1,39_72,3,12819.0,18270.0
Mouse_Thymus1,39_73,0,12819.0,18370.0
Mouse_Thymus1,39_74,3,12819.0,18470.0
Mouse_Thymus1,39_75,3,12819.0,18570.0
Mouse_Thymus1,39_76,3,12819.0,18670.0
Mouse_Thymus1,39_77,3,12819.0,18770.0
Mouse_Thymus1,39_78,3,12819.0,18870.0
Mouse_Thymus1,39_79,0,12819.0,18970.0
Mouse_Thymus1,39_80,3,12819.0,19070.0
Mouse_Thymus1,39_81,3,12819.0,19170.0
Mouse_Thymus1,39_82,3,12819.0,19270.0
Mouse_Thymus1,39_83,3,12819.0,19370.0
Mouse_Thymus1,39_84,3,12819.0,19470.0
Mouse_Thymus1,39_85,3,12819.0,19570.0
Mouse_Thymus1,39_86,3,12819.0,19670.0
Mouse_Thymus1,39_87,0,12819.0,19770.0
Mouse_Thymus1,39_88,3,12819.0,19870.0
Mouse_Thymus1,39_89,3,12819.0,19970.0
Mouse_Thymus1,39_90,3,12819.0,20070.0
Mouse_Thymus1,39_91,3,12819.0,20170.0
Mouse_Thymus1,39_92,3,12819.0,20270.0
Mouse_Thymus1,39_93,7,12819.0,20370.0
Mouse_Thymus1,3_16,3,9219.0,12670.0
Mouse_Thymus1,3_17,3,9219.0,12770.0
Mouse_Thymus1,3_18,0,9219.0,12870.0
Mouse_Thymus1,3_19,3,9219.0,12970.0
Mouse_Thymus1,3_20,7,9219.0,13070.0
Mouse_Thymus1,3_21,3,9219.0,13170.0
Mouse_Thymus1,3_22,0,9219.0,13270.0
Mouse_Thymus1,3_23,6,9219.0,13370.0
Mouse_Thymus1,3_24,0,9219.0,13470.0
Mouse_Thymus1,3_25,0,9219.0,13570.0
Mouse_Thymus1,3_26,3,9219.0,13670.0
Mouse_Thymus1,3_27,3,9219.0,13770.0
Mouse_Thymus1,3_28,6,9219.0,13870.0
Mouse_Thymus1,3_29,3,9219.0,13970.0
Mouse_Thymus1,3_30,3,9219.0,14070.0
Mouse_Thymus1,3_31,3,9219.0,14170.0
Mouse_Thymus1,3_32,3,9219.0,14270.0
Mouse_Thymus1,3_33,3,9219.0,14370.0
Mouse_Thymus1,3_34,3,9219.0,14470.0
Mouse_Thymus1,3_35,3,9219.0,14570.0
Mouse_Thymus1,3_36,3,9219.0,14670.0
Mouse_Thymus1,3_37,3,9219.0,14770.0
Mouse_Thymus1,3_38,3,9219.0,14870.0
Mouse_Thymus1,3_39,3,9219.0,14970.0
Mouse_Thymus1,3_40,0,9219.0,15070.0
Mouse_Thymus1,3_41,3,9219.0,15170.0
Mouse_Thymus1,3_42,6,9219.0,15270.0
Mouse_Thymus1,3_43,3,9219.0,15370.0
Mouse_Thymus1,3_44,3,9219.0,15470.0
Mouse_Thymus1,3_45,3,9219.0,15570.0
Mouse_Thymus1,3_46,3,9219.0,15670.0
Mouse_Thymus1,3_47,3,9219.0,15770.0
Mouse_Thymus1,3_48,3,9219.0,15870.0
Mouse_Thymus1,3_49,3,9219.0,15970.0
Mouse_Thymus1,3_50,3,9219.0,16070.0
Mouse_Thymus1,3_53,3,9219.0,16370.0
Mouse_Thymus1,3_54,3,9219.0,16470.0
Mouse_Thymus1,3_55,6,9219.0,16570.0
Mouse_Thymus1,3_63,3,9219.0,17370.0
Mouse_Thymus1,40_10,3,12919.0,12070.0
Mouse_Thymus1,40_11,3,12919.0,12170.0
Mouse_Thymus1,40_12,3,12919.0,12270.0
Mouse_Thymus1,40_13,6,12919.0,12370.0
Mouse_Thymus1,40_14,3,12919.0,12470.0
Mouse_Thymus1,40_15,3,12919.0,12570.0
Mouse_Thymus1,40_16,6,12919.0,12670.0
Mouse_Thymus1,40_17,7,12919.0,12770.0
Mouse_Thymus1,40_18,6,12919.0,12870.0
Mouse_Thymus1,40_19,3,12919.0,12970.0
Mouse_Thymus1,40_20,0,12919.0,13070.0
Mouse_Thymus1,40_21,3,12919.0,13170.0
Mouse_Thymus1,40_22,6,12919.0,13270.0
Mouse_Thymus1,40_23,3,12919.0,13370.0
Mouse_Thymus1,40_24,3,12919.0,13470.0
Mouse_Thymus1,40_25,3,12919.0,13570.0
Mouse_Thymus1,40_26,0,12919.0,13670.0
Mouse_Thymus1,40_27,3,12919.0,13770.0
Mouse_Thymus1,40_28,3,12919.0,13870.0
Mouse_Thymus1,40_29,3,12919.0,13970.0
Mouse_Thymus1,40_30,3,12919.0,14070.0
Mouse_Thymus1,40_31,3,12919.0,14170.0
Mouse_Thymus1,40_32,6,12919.0,14270.0
Mouse_Thymus1,40_33,3,12919.0,14370.0
Mouse_Thymus1,40_34,6,12919.0,14470.0
Mouse_Thymus1,40_35,3,12919.0,14570.0
Mouse_Thymus1,40_36,6,12919.0,14670.0
Mouse_Thymus1,40_37,3,12919.0,14770.0
Mouse_Thymus1,40_38,7,12919.0,14870.0
Mouse_Thymus1,40_39,3,12919.0,14970.0
Mouse_Thymus1,40_40,3,12919.0,15070.0
Mouse_Thymus1,40_41,3,12919.0,15170.0
Mouse_Thymus1,40_42,3,12919.0,15270.0
Mouse_Thymus1,40_43,3,12919.0,15370.0
Mouse_Thymus1,40_44,3,12919.0,15470.0
Mouse_Thymus1,40_45,0,12919.0,15570.0
Mouse_Thymus1,40_46,3,12919.0,15670.0
Mouse_Thymus1,40_47,3,12919.0,15770.0
Mouse_Thymus1,40_48,3,12919.0,15870.0
Mouse_Thymus1,40_49,3,12919.0,15970.0
Mouse_Thymus1,40_50,3,12919.0,16070.0
Mouse_Thymus1,40_51,3,12919.0,16170.0
Mouse_Thymus1,40_52,3,12919.0,16270.0
Mouse_Thymus1,40_53,0,12919.0,16370.0
Mouse_Thymus1,40_54,3,12919.0,16470.0
Mouse_Thymus1,40_55,3,12919.0,16570.0
Mouse_Thymus1,40_56,3,12919.0,16670.0
Mouse_Thymus1,40_57,0,12919.0,16770.0
Mouse_Thymus1,40_58,3,12919.0,16870.0
Mouse_Thymus1,40_59,0,12919.0,16970.0
Mouse_Thymus1,40_60,0,12919.0,17070.0
Mouse_Thymus1,40_61,6,12919.0,17170.0
Mouse_Thymus1,40_62,0,12919.0,17270.0
Mouse_Thymus1,40_63,3,12919.0,17370.0
Mouse_Thymus1,40_64,6,12919.0,17470.0
Mouse_Thymus1,40_65,3,12919.0,17570.0
Mouse_Thymus1,40_66,3,12919.0,17670.0
Mouse_Thymus1,40_67,3,12919.0,17770.0
Mouse_Thymus1,40_68,3,12919.0,17870.0
Mouse_Thymus1,40_69,3,12919.0,17970.0
Mouse_Thymus1,40_70,3,12919.0,18070.0
Mouse_Thymus1,40_71,3,12919.0,18170.0
Mouse_Thymus1,40_72,3,12919.0,18270.0
Mouse_Thymus1,40_73,3,12919.0,18370.0
Mouse_Thymus1,40_74,6,12919.0,18470.0
Mouse_Thymus1,40_75,3,12919.0,18570.0
Mouse_Thymus1,40_76,6,12919.0,18670.0
Mouse_Thymus1,40_77,3,12919.0,18770.0
Mouse_Thymus1,40_78,0,12919.0,18870.0
Mouse_Thymus1,40_79,3,12919.0,18970.0
Mouse_Thymus1,40_80,3,12919.0,19070.0
Mouse_Thymus1,40_81,3,12919.0,19170.0
Mouse_Thymus1,40_82,3,12919.0,19270.0
Mouse_Thymus1,40_83,3,12919.0,19370.0
Mouse_Thymus1,40_84,3,12919.0,19470.0
Mouse_Thymus1,40_85,0,12919.0,19570.0
Mouse_Thymus1,40_86,3,12919.0,19670.0
Mouse_Thymus1,40_87,0,12919.0,19770.0
Mouse_Thymus1,40_88,3,12919.0,19870.0
Mouse_Thymus1,40_89,3,12919.0,19970.0
Mouse_Thymus1,40_90,3,12919.0,20070.0
Mouse_Thymus1,40_91,0,12919.0,20170.0
Mouse_Thymus1,40_92,0,12919.0,20270.0
Mouse_Thymus1,40_93,6,12919.0,20370.0
Mouse_Thymus1,41_10,3,13019.0,12070.0
Mouse_Thymus1,41_11,3,13019.0,12170.0
Mouse_Thymus1,41_12,3,13019.0,12270.0
Mouse_Thymus1,41_13,3,13019.0,12370.0
Mouse_Thymus1,41_14,3,13019.0,12470.0
Mouse_Thymus1,41_15,3,13019.0,12570.0
Mouse_Thymus1,41_16,3,13019.0,12670.0
Mouse_Thymus1,41_17,3,13019.0,12770.0
Mouse_Thymus1,41_18,3,13019.0,12870.0
Mouse_Thymus1,41_19,0,13019.0,12970.0
Mouse_Thymus1,41_20,3,13019.0,13070.0
Mouse_Thymus1,41_21,6,13019.0,13170.0
Mouse_Thymus1,41_22,3,13019.0,13270.0
Mouse_Thymus1,41_23,6,13019.0,13370.0
Mouse_Thymus1,41_24,3,13019.0,13470.0
Mouse_Thymus1,41_25,3,13019.0,13570.0
Mouse_Thymus1,41_26,3,13019.0,13670.0
Mouse_Thymus1,41_27,3,13019.0,13770.0
Mouse_Thymus1,41_28,3,13019.0,13870.0
Mouse_Thymus1,41_29,6,13019.0,13970.0
Mouse_Thymus1,41_30,3,13019.0,14070.0
Mouse_Thymus1,41_31,3,13019.0,14170.0
Mouse_Thymus1,41_32,3,13019.0,14270.0
Mouse_Thymus1,41_33,3,13019.0,14370.0
Mouse_Thymus1,41_34,3,13019.0,14470.0
Mouse_Thymus1,41_35,3,13019.0,14570.0
Mouse_Thymus1,41_36,6,13019.0,14670.0
Mouse_Thymus1,41_37,0,13019.0,14770.0
Mouse_Thymus1,41_38,7,13019.0,14870.0
Mouse_Thymus1,41_39,0,13019.0,14970.0
Mouse_Thymus1,41_40,3,13019.0,15070.0
Mouse_Thymus1,41_41,3,13019.0,15170.0
Mouse_Thymus1,41_42,3,13019.0,15270.0
Mouse_Thymus1,41_43,3,13019.0,15370.0
Mouse_Thymus1,41_44,0,13019.0,15470.0
Mouse_Thymus1,41_45,3,13019.0,15570.0
Mouse_Thymus1,41_46,3,13019.0,15670.0
Mouse_Thymus1,41_47,3,13019.0,15770.0
Mouse_Thymus1,41_48,3,13019.0,15870.0
Mouse_Thymus1,41_49,6,13019.0,15970.0
Mouse_Thymus1,41_50,6,13019.0,16070.0
Mouse_Thymus1,41_51,3,13019.0,16170.0
Mouse_Thymus1,41_52,0,13019.0,16270.0
Mouse_Thymus1,41_53,0,13019.0,16370.0
Mouse_Thymus1,41_54,3,13019.0,16470.0
Mouse_Thymus1,41_55,3,13019.0,16570.0
Mouse_Thymus1,41_56,3,13019.0,16670.0
Mouse_Thymus1,41_57,3,13019.0,16770.0
Mouse_Thymus1,41_58,3,13019.0,16870.0
Mouse_Thymus1,41_59,3,13019.0,16970.0
Mouse_Thymus1,41_60,3,13019.0,17070.0
Mouse_Thymus1,41_61,3,13019.0,17170.0
Mouse_Thymus1,41_62,7,13019.0,17270.0
Mouse_Thymus1,41_63,0,13019.0,17370.0
Mouse_Thymus1,41_64,3,13019.0,17470.0
Mouse_Thymus1,41_65,3,13019.0,17570.0
Mouse_Thymus1,41_66,7,13019.0,17670.0
Mouse_Thymus1,41_67,3,13019.0,17770.0
Mouse_Thymus1,41_68,3,13019.0,17870.0
Mouse_Thymus1,41_69,3,13019.0,17970.0
Mouse_Thymus1,41_70,6,13019.0,18070.0
Mouse_Thymus1,41_71,3,13019.0,18170.0
Mouse_Thymus1,41_72,3,13019.0,18270.0
Mouse_Thymus1,41_73,3,13019.0,18370.0
Mouse_Thymus1,41_74,3,13019.0,18470.0
Mouse_Thymus1,41_75,3,13019.0,18570.0
Mouse_Thymus1,41_76,3,13019.0,18670.0
Mouse_Thymus1,41_77,6,13019.0,18770.0
Mouse_Thymus1,41_78,3,13019.0,18870.0
Mouse_Thymus1,41_79,3,13019.0,18970.0
Mouse_Thymus1,41_80,3,13019.0,19070.0
Mouse_Thymus1,41_81,3,13019.0,19170.0
Mouse_Thymus1,41_82,3,13019.0,19270.0
Mouse_Thymus1,41_83,3,13019.0,19370.0
Mouse_Thymus1,41_84,6,13019.0,19470.0
Mouse_Thymus1,41_85,3,13019.0,19570.0
Mouse_Thymus1,41_86,3,13019.0,19670.0
Mouse_Thymus1,41_87,7,13019.0,19770.0
Mouse_Thymus1,41_88,3,13019.0,19870.0
Mouse_Thymus1,41_89,3,13019.0,19970.0
Mouse_Thymus1,41_90,3,13019.0,20070.0
Mouse_Thymus1,41_91,3,13019.0,20170.0
Mouse_Thymus1,41_92,3,13019.0,20270.0
Mouse_Thymus1,41_93,3,13019.0,20370.0
Mouse_Thymus1,42_10,3,13119.0,12070.0
Mouse_Thymus1,42_11,3,13119.0,12170.0
Mouse_Thymus1,42_12,3,13119.0,12270.0
Mouse_Thymus1,42_13,3,13119.0,12370.0
Mouse_Thymus1,42_14,6,13119.0,12470.0
Mouse_Thymus1,42_15,3,13119.0,12570.0
Mouse_Thymus1,42_16,3,13119.0,12670.0
Mouse_Thymus1,42_17,3,13119.0,12770.0
Mouse_Thymus1,42_18,3,13119.0,12870.0
Mouse_Thymus1,42_19,3,13119.0,12970.0
Mouse_Thymus1,42_20,6,13119.0,13070.0
Mouse_Thymus1,42_21,3,13119.0,13170.0
Mouse_Thymus1,42_22,6,13119.0,13270.0
Mouse_Thymus1,42_23,3,13119.0,13370.0
Mouse_Thymus1,42_24,7,13119.0,13470.0
Mouse_Thymus1,42_25,3,13119.0,13570.0
Mouse_Thymus1,42_26,3,13119.0,13670.0
Mouse_Thymus1,42_27,3,13119.0,13770.0
Mouse_Thymus1,42_28,3,13119.0,13870.0
Mouse_Thymus1,42_29,3,13119.0,13970.0
Mouse_Thymus1,42_30,6,13119.0,14070.0
Mouse_Thymus1,42_31,3,13119.0,14170.0
Mouse_Thymus1,42_32,3,13119.0,14270.0
Mouse_Thymus1,42_33,0,13119.0,14370.0
Mouse_Thymus1,42_34,6,13119.0,14470.0
Mouse_Thymus1,42_35,3,13119.0,14570.0
Mouse_Thymus1,42_36,3,13119.0,14670.0
Mouse_Thymus1,42_37,3,13119.0,14770.0
Mouse_Thymus1,42_38,0,13119.0,14870.0
Mouse_Thymus1,42_39,6,13119.0,14970.0
Mouse_Thymus1,42_40,3,13119.0,15070.0
Mouse_Thymus1,42_41,3,13119.0,15170.0
Mouse_Thymus1,42_42,3,13119.0,15270.0
Mouse_Thymus1,42_43,3,13119.0,15370.0
Mouse_Thymus1,42_44,3,13119.0,15470.0
Mouse_Thymus1,42_45,3,13119.0,15570.0
Mouse_Thymus1,42_46,0,13119.0,15670.0
Mouse_Thymus1,42_47,7,13119.0,15770.0
Mouse_Thymus1,42_48,3,13119.0,15870.0
Mouse_Thymus1,42_49,0,13119.0,15970.0
Mouse_Thymus1,42_50,3,13119.0,16070.0
Mouse_Thymus1,42_51,3,13119.0,16170.0
Mouse_Thymus1,42_52,3,13119.0,16270.0
Mouse_Thymus1,42_53,3,13119.0,16370.0
Mouse_Thymus1,42_54,3,13119.0,16470.0
Mouse_Thymus1,42_55,3,13119.0,16570.0
Mouse_Thymus1,42_56,3,13119.0,16670.0
Mouse_Thymus1,42_57,3,13119.0,16770.0
Mouse_Thymus1,42_58,3,13119.0,16870.0
Mouse_Thymus1,42_59,3,13119.0,16970.0
Mouse_Thymus1,42_60,3,13119.0,17070.0
Mouse_Thymus1,42_61,6,13119.0,17170.0
Mouse_Thymus1,42_62,3,13119.0,17270.0
Mouse_Thymus1,42_63,3,13119.0,17370.0
Mouse_Thymus1,42_64,3,13119.0,17470.0
Mouse_Thymus1,42_65,3,13119.0,17570.0
Mouse_Thymus1,42_66,6,13119.0,17670.0
Mouse_Thymus1,42_67,3,13119.0,17770.0
Mouse_Thymus1,42_68,3,13119.0,17870.0
Mouse_Thymus1,42_69,3,13119.0,17970.0
Mouse_Thymus1,42_70,3,13119.0,18070.0
Mouse_Thymus1,42_71,3,13119.0,18170.0
Mouse_Thymus1,42_72,3,13119.0,18270.0
Mouse_Thymus1,42_73,3,13119.0,18370.0
Mouse_Thymus1,42_74,3,13119.0,18470.0
Mouse_Thymus1,42_75,3,13119.0,18570.0
Mouse_Thymus1,42_76,3,13119.0,18670.0
Mouse_Thymus1,42_77,3,13119.0,18770.0
Mouse_Thymus1,42_78,6,13119.0,18870.0
Mouse_Thymus1,42_79,3,13119.0,18970.0
Mouse_Thymus1,42_80,3,13119.0,19070.0
Mouse_Thymus1,42_81,3,13119.0,19170.0
Mouse_Thymus1,42_82,3,13119.0,19270.0
Mouse_Thymus1,42_83,3,13119.0,19370.0
Mouse_Thymus1,42_84,0,13119.0,19470.0
Mouse_Thymus1,42_85,3,13119.0,19570.0
Mouse_Thymus1,42_86,0,13119.0,19670.0
Mouse_Thymus1,42_87,3,13119.0,19770.0
Mouse_Thymus1,42_88,3,13119.0,19870.0
Mouse_Thymus1,42_89,3,13119.0,19970.0
Mouse_Thymus1,42_9,3,13119.0,11970.0
Mouse_Thymus1,42_90,3,13119.0,20070.0
Mouse_Thymus1,42_91,6,13119.0,20170.0
Mouse_Thymus1,42_92,3,13119.0,20270.0
Mouse_Thymus1,42_93,3,13119.0,20370.0
Mouse_Thymus1,43_10,3,13219.0,12070.0
Mouse_Thymus1,43_11,6,13219.0,12170.0
Mouse_Thymus1,43_12,0,13219.0,12270.0
Mouse_Thymus1,43_13,7,13219.0,12370.0
Mouse_Thymus1,43_14,3,13219.0,12470.0
Mouse_Thymus1,43_15,3,13219.0,12570.0
Mouse_Thymus1,43_16,3,13219.0,12670.0
Mouse_Thymus1,43_17,0,13219.0,12770.0
Mouse_Thymus1,43_18,3,13219.0,12870.0
Mouse_Thymus1,43_19,3,13219.0,12970.0
Mouse_Thymus1,43_20,3,13219.0,13070.0
Mouse_Thymus1,43_21,3,13219.0,13170.0
Mouse_Thymus1,43_22,3,13219.0,13270.0
Mouse_Thymus1,43_23,3,13219.0,13370.0
Mouse_Thymus1,43_24,3,13219.0,13470.0
Mouse_Thymus1,43_25,3,13219.0,13570.0
Mouse_Thymus1,43_26,3,13219.0,13670.0
Mouse_Thymus1,43_27,3,13219.0,13770.0
Mouse_Thymus1,43_28,3,13219.0,13870.0
Mouse_Thymus1,43_29,3,13219.0,13970.0
Mouse_Thymus1,43_30,3,13219.0,14070.0
Mouse_Thymus1,43_31,3,13219.0,14170.0
Mouse_Thymus1,43_32,3,13219.0,14270.0
Mouse_Thymus1,43_33,0,13219.0,14370.0
Mouse_Thymus1,43_34,3,13219.0,14470.0
Mouse_Thymus1,43_35,3,13219.0,14570.0
Mouse_Thymus1,43_36,3,13219.0,14670.0
Mouse_Thymus1,43_37,6,13219.0,14770.0
Mouse_Thymus1,43_38,3,13219.0,14870.0
Mouse_Thymus1,43_39,0,13219.0,14970.0
Mouse_Thymus1,43_40,0,13219.0,15070.0
Mouse_Thymus1,43_41,3,13219.0,15170.0
Mouse_Thymus1,43_42,3,13219.0,15270.0
Mouse_Thymus1,43_43,3,13219.0,15370.0
Mouse_Thymus1,43_44,3,13219.0,15470.0
Mouse_Thymus1,43_45,0,13219.0,15570.0
Mouse_Thymus1,43_46,0,13219.0,15670.0
Mouse_Thymus1,43_47,3,13219.0,15770.0
Mouse_Thymus1,43_48,0,13219.0,15870.0
Mouse_Thymus1,43_49,3,13219.0,15970.0
Mouse_Thymus1,43_50,0,13219.0,16070.0
Mouse_Thymus1,43_51,6,13219.0,16170.0
Mouse_Thymus1,43_52,3,13219.0,16270.0
Mouse_Thymus1,43_53,3,13219.0,16370.0
Mouse_Thymus1,43_54,3,13219.0,16470.0
Mouse_Thymus1,43_55,3,13219.0,16570.0
Mouse_Thymus1,43_56,3,13219.0,16670.0
Mouse_Thymus1,43_57,6,13219.0,16770.0
Mouse_Thymus1,43_58,3,13219.0,16870.0
Mouse_Thymus1,43_59,3,13219.0,16970.0
Mouse_Thymus1,43_60,0,13219.0,17070.0
Mouse_Thymus1,43_61,3,13219.0,17170.0
Mouse_Thymus1,43_62,3,13219.0,17270.0
Mouse_Thymus1,43_63,3,13219.0,17370.0
Mouse_Thymus1,43_64,0,13219.0,17470.0
Mouse_Thymus1,43_65,7,13219.0,17570.0
Mouse_Thymus1,43_66,3,13219.0,17670.0
Mouse_Thymus1,43_67,3,13219.0,17770.0
Mouse_Thymus1,43_68,0,13219.0,17870.0
Mouse_Thymus1,43_69,3,13219.0,17970.0
Mouse_Thymus1,43_70,3,13219.0,18070.0
Mouse_Thymus1,43_71,3,13219.0,18170.0
Mouse_Thymus1,43_72,0,13219.0,18270.0
Mouse_Thymus1,43_73,3,13219.0,18370.0
Mouse_Thymus1,43_74,6,13219.0,18470.0
Mouse_Thymus1,43_75,3,13219.0,18570.0
Mouse_Thymus1,43_76,0,13219.0,18670.0
Mouse_Thymus1,43_77,0,13219.0,18770.0
Mouse_Thymus1,43_78,3,13219.0,18870.0
Mouse_Thymus1,43_79,3,13219.0,18970.0
Mouse_Thymus1,43_80,3,13219.0,19070.0
Mouse_Thymus1,43_81,3,13219.0,19170.0
Mouse_Thymus1,43_82,0,13219.0,19270.0
Mouse_Thymus1,43_83,0,13219.0,19370.0
Mouse_Thymus1,43_84,0,13219.0,19470.0
Mouse_Thymus1,43_85,0,13219.0,19570.0
Mouse_Thymus1,43_86,0,13219.0,19670.0
Mouse_Thymus1,43_87,3,13219.0,19770.0
Mouse_Thymus1,43_88,3,13219.0,19870.0
Mouse_Thymus1,43_89,3,13219.0,19970.0
Mouse_Thymus1,43_9,3,13219.0,11970.0
Mouse_Thymus1,43_90,3,13219.0,20070.0
Mouse_Thymus1,43_91,3,13219.0,20170.0
Mouse_Thymus1,43_92,3,13219.0,20270.0
Mouse_Thymus1,43_93,0,13219.0,20370.0
Mouse_Thymus1,44_10,3,13319.0,12070.0
Mouse_Thymus1,44_12,3,13319.0,12270.0
Mouse_Thymus1,44_13,3,13319.0,12370.0
Mouse_Thymus1,44_14,3,13319.0,12470.0
Mouse_Thymus1,44_16,3,13319.0,12670.0
Mouse_Thymus1,44_17,3,13319.0,12770.0
Mouse_Thymus1,44_18,3,13319.0,12870.0
Mouse_Thymus1,44_19,3,13319.0,12970.0
Mouse_Thymus1,44_20,3,13319.0,13070.0
Mouse_Thymus1,44_21,3,13319.0,13170.0
Mouse_Thymus1,44_22,3,13319.0,13270.0
Mouse_Thymus1,44_23,0,13319.0,13370.0
Mouse_Thymus1,44_24,3,13319.0,13470.0
Mouse_Thymus1,44_25,3,13319.0,13570.0
Mouse_Thymus1,44_26,3,13319.0,13670.0
Mouse_Thymus1,44_27,3,13319.0,13770.0
Mouse_Thymus1,44_28,3,13319.0,13870.0
Mouse_Thymus1,44_29,3,13319.0,13970.0
Mouse_Thymus1,44_30,3,13319.0,14070.0
Mouse_Thymus1,44_31,0,13319.0,14170.0
Mouse_Thymus1,44_32,3,13319.0,14270.0
Mouse_Thymus1,44_33,3,13319.0,14370.0
Mouse_Thymus1,44_34,6,13319.0,14470.0
Mouse_Thymus1,44_35,0,13319.0,14570.0
Mouse_Thymus1,44_36,3,13319.0,14670.0
Mouse_Thymus1,44_37,3,13319.0,14770.0
Mouse_Thymus1,44_38,3,13319.0,14870.0
Mouse_Thymus1,44_39,3,13319.0,14970.0
Mouse_Thymus1,44_40,3,13319.0,15070.0
Mouse_Thymus1,44_41,3,13319.0,15170.0
Mouse_Thymus1,44_42,3,13319.0,15270.0
Mouse_Thymus1,44_43,3,13319.0,15370.0
Mouse_Thymus1,44_44,3,13319.0,15470.0
Mouse_Thymus1,44_45,7,13319.0,15570.0
Mouse_Thymus1,44_46,3,13319.0,15670.0
Mouse_Thymus1,44_47,3,13319.0,15770.0
Mouse_Thymus1,44_48,3,13319.0,15870.0
Mouse_Thymus1,44_49,3,13319.0,15970.0
Mouse_Thymus1,44_50,3,13319.0,16070.0
Mouse_Thymus1,44_51,3,13319.0,16170.0
Mouse_Thymus1,44_52,0,13319.0,16270.0
Mouse_Thymus1,44_53,6,13319.0,16370.0
Mouse_Thymus1,44_54,3,13319.0,16470.0
Mouse_Thymus1,44_55,0,13319.0,16570.0
Mouse_Thymus1,44_56,3,13319.0,16670.0
Mouse_Thymus1,44_57,3,13319.0,16770.0
Mouse_Thymus1,44_58,3,13319.0,16870.0
Mouse_Thymus1,44_59,3,13319.0,16970.0
Mouse_Thymus1,44_60,3,13319.0,17070.0
Mouse_Thymus1,44_61,3,13319.0,17170.0
Mouse_Thymus1,44_62,3,13319.0,17270.0
Mouse_Thymus1,44_63,3,13319.0,17370.0
Mouse_Thymus1,44_64,3,13319.0,17470.0
Mouse_Thymus1,44_65,3,13319.0,17570.0
Mouse_Thymus1,44_66,6,13319.0,17670.0
Mouse_Thymus1,44_67,6,13319.0,17770.0
Mouse_Thymus1,44_68,3,13319.0,17870.0
Mouse_Thymus1,44_69,0,13319.0,17970.0
Mouse_Thymus1,44_70,0,13319.0,18070.0
Mouse_Thymus1,44_71,6,13319.0,18170.0
Mouse_Thymus1,44_72,3,13319.0,18270.0
Mouse_Thymus1,44_73,0,13319.0,18370.0
Mouse_Thymus1,44_74,3,13319.0,18470.0
Mouse_Thymus1,44_75,3,13319.0,18570.0
Mouse_Thymus1,44_76,3,13319.0,18670.0
Mouse_Thymus1,44_77,0,13319.0,18770.0
Mouse_Thymus1,44_78,3,13319.0,18870.0
Mouse_Thymus1,44_79,6,13319.0,18970.0
Mouse_Thymus1,44_80,3,13319.0,19070.0
Mouse_Thymus1,44_81,3,13319.0,19170.0
Mouse_Thymus1,44_82,3,13319.0,19270.0
Mouse_Thymus1,44_83,6,13319.0,19370.0
Mouse_Thymus1,44_84,3,13319.0,19470.0
Mouse_Thymus1,44_85,3,13319.0,19570.0
Mouse_Thymus1,44_86,3,13319.0,19670.0
Mouse_Thymus1,44_87,3,13319.0,19770.0
Mouse_Thymus1,44_88,3,13319.0,19870.0
Mouse_Thymus1,44_89,3,13319.0,19970.0
Mouse_Thymus1,44_90,7,13319.0,20070.0
Mouse_Thymus1,44_91,3,13319.0,20170.0
Mouse_Thymus1,44_92,3,13319.0,20270.0
Mouse_Thymus1,44_93,3,13319.0,20370.0
Mouse_Thymus1,45_17,3,13419.0,12770.0
Mouse_Thymus1,45_18,3,13419.0,12870.0
Mouse_Thymus1,45_19,3,13419.0,12970.0
Mouse_Thymus1,45_20,6,13419.0,13070.0
Mouse_Thymus1,45_21,3,13419.0,13170.0
Mouse_Thymus1,45_22,3,13419.0,13270.0
Mouse_Thymus1,45_23,3,13419.0,13370.0
Mouse_Thymus1,45_24,3,13419.0,13470.0
Mouse_Thymus1,45_25,6,13419.0,13570.0
Mouse_Thymus1,45_26,6,13419.0,13670.0
Mouse_Thymus1,45_27,3,13419.0,13770.0
Mouse_Thymus1,45_28,6,13419.0,13870.0
Mouse_Thymus1,45_29,3,13419.0,13970.0
Mouse_Thymus1,45_30,6,13419.0,14070.0
Mouse_Thymus1,45_31,3,13419.0,14170.0
Mouse_Thymus1,45_32,3,13419.0,14270.0
Mouse_Thymus1,45_33,3,13419.0,14370.0
Mouse_Thymus1,45_34,3,13419.0,14470.0
Mouse_Thymus1,45_35,0,13419.0,14570.0
Mouse_Thymus1,45_36,3,13419.0,14670.0
Mouse_Thymus1,45_37,0,13419.0,14770.0
Mouse_Thymus1,45_38,3,13419.0,14870.0
Mouse_Thymus1,45_39,6,13419.0,14970.0
Mouse_Thymus1,45_40,3,13419.0,15070.0
Mouse_Thymus1,45_41,3,13419.0,15170.0
Mouse_Thymus1,45_42,0,13419.0,15270.0
Mouse_Thymus1,45_43,3,13419.0,15370.0
Mouse_Thymus1,45_44,0,13419.0,15470.0
Mouse_Thymus1,45_45,6,13419.0,15570.0
Mouse_Thymus1,45_46,3,13419.0,15670.0
Mouse_Thymus1,45_47,3,13419.0,15770.0
Mouse_Thymus1,45_48,6,13419.0,15870.0
Mouse_Thymus1,45_49,3,13419.0,15970.0
Mouse_Thymus1,45_50,3,13419.0,16070.0
Mouse_Thymus1,45_51,0,13419.0,16170.0
Mouse_Thymus1,45_52,3,13419.0,16270.0
Mouse_Thymus1,45_53,3,13419.0,16370.0
Mouse_Thymus1,45_54,3,13419.0,16470.0
Mouse_Thymus1,45_55,3,13419.0,16570.0
Mouse_Thymus1,45_56,3,13419.0,16670.0
Mouse_Thymus1,45_57,3,13419.0,16770.0
Mouse_Thymus1,45_58,3,13419.0,16870.0
Mouse_Thymus1,45_59,3,13419.0,16970.0
Mouse_Thymus1,45_60,3,13419.0,17070.0
Mouse_Thymus1,45_61,3,13419.0,17170.0
Mouse_Thymus1,45_62,3,13419.0,17270.0
Mouse_Thymus1,45_63,7,13419.0,17370.0
Mouse_Thymus1,45_64,3,13419.0,17470.0
Mouse_Thymus1,45_65,3,13419.0,17570.0
Mouse_Thymus1,45_66,3,13419.0,17670.0
Mouse_Thymus1,45_67,3,13419.0,17770.0
Mouse_Thymus1,45_68,3,13419.0,17870.0
Mouse_Thymus1,45_69,3,13419.0,17970.0
Mouse_Thymus1,45_70,3,13419.0,18070.0
Mouse_Thymus1,45_71,6,13419.0,18170.0
Mouse_Thymus1,45_72,3,13419.0,18270.0
Mouse_Thymus1,45_73,6,13419.0,18370.0
Mouse_Thymus1,45_74,3,13419.0,18470.0
Mouse_Thymus1,45_75,0,13419.0,18570.0
Mouse_Thymus1,45_76,3,13419.0,18670.0
Mouse_Thymus1,45_77,3,13419.0,18770.0
Mouse_Thymus1,45_78,3,13419.0,18870.0
Mouse_Thymus1,45_79,3,13419.0,18970.0
Mouse_Thymus1,45_80,3,13419.0,19070.0
Mouse_Thymus1,45_81,6,13419.0,19170.0
Mouse_Thymus1,45_82,0,13419.0,19270.0
Mouse_Thymus1,45_83,0,13419.0,19370.0
Mouse_Thymus1,45_84,6,13419.0,19470.0
Mouse_Thymus1,45_85,3,13419.0,19570.0
Mouse_Thymus1,45_86,0,13419.0,19670.0
Mouse_Thymus1,45_87,3,13419.0,19770.0
Mouse_Thymus1,45_88,3,13419.0,19870.0
Mouse_Thymus1,45_89,3,13419.0,19970.0
Mouse_Thymus1,45_90,3,13419.0,20070.0
Mouse_Thymus1,45_91,7,13419.0,20170.0
Mouse_Thymus1,45_92,0,13419.0,20270.0
Mouse_Thymus1,46_17,3,13519.0,12770.0
Mouse_Thymus1,46_18,3,13519.0,12870.0
Mouse_Thymus1,46_19,3,13519.0,12970.0
Mouse_Thymus1,46_20,3,13519.0,13070.0
Mouse_Thymus1,46_21,3,13519.0,13170.0
Mouse_Thymus1,46_22,3,13519.0,13270.0
Mouse_Thymus1,46_23,6,13519.0,13370.0
Mouse_Thymus1,46_24,0,13519.0,13470.0
Mouse_Thymus1,46_25,3,13519.0,13570.0
Mouse_Thymus1,46_26,3,13519.0,13670.0
Mouse_Thymus1,46_27,3,13519.0,13770.0
Mouse_Thymus1,46_28,3,13519.0,13870.0
Mouse_Thymus1,46_29,3,13519.0,13970.0
Mouse_Thymus1,46_30,3,13519.0,14070.0
Mouse_Thymus1,46_31,3,13519.0,14170.0
Mouse_Thymus1,46_32,3,13519.0,14270.0
Mouse_Thymus1,46_33,0,13519.0,14370.0
Mouse_Thymus1,46_34,3,13519.0,14470.0
Mouse_Thymus1,46_35,3,13519.0,14570.0
Mouse_Thymus1,46_36,0,13519.0,14670.0
Mouse_Thymus1,46_37,3,13519.0,14770.0
Mouse_Thymus1,46_38,6,13519.0,14870.0
Mouse_Thymus1,46_39,3,13519.0,14970.0
Mouse_Thymus1,46_40,6,13519.0,15070.0
Mouse_Thymus1,46_41,3,13519.0,15170.0
Mouse_Thymus1,46_42,3,13519.0,15270.0
Mouse_Thymus1,46_43,3,13519.0,15370.0
Mouse_Thymus1,46_44,3,13519.0,15470.0
Mouse_Thymus1,46_45,6,13519.0,15570.0
Mouse_Thymus1,46_46,7,13519.0,15670.0
Mouse_Thymus1,46_47,3,13519.0,15770.0
Mouse_Thymus1,46_48,3,13519.0,15870.0
Mouse_Thymus1,46_49,0,13519.0,15970.0
Mouse_Thymus1,46_50,3,13519.0,16070.0
Mouse_Thymus1,46_51,6,13519.0,16170.0
Mouse_Thymus1,46_52,3,13519.0,16270.0
Mouse_Thymus1,46_53,3,13519.0,16370.0
Mouse_Thymus1,46_54,3,13519.0,16470.0
Mouse_Thymus1,46_55,3,13519.0,16570.0
Mouse_Thymus1,46_56,3,13519.0,16670.0
Mouse_Thymus1,46_57,3,13519.0,16770.0
Mouse_Thymus1,46_58,6,13519.0,16870.0
Mouse_Thymus1,46_59,3,13519.0,16970.0
Mouse_Thymus1,46_60,3,13519.0,17070.0
Mouse_Thymus1,46_61,3,13519.0,17170.0
Mouse_Thymus1,46_62,0,13519.0,17270.0
Mouse_Thymus1,46_63,3,13519.0,17370.0
Mouse_Thymus1,46_64,0,13519.0,17470.0
Mouse_Thymus1,46_65,3,13519.0,17570.0
Mouse_Thymus1,46_66,3,13519.0,17670.0
Mouse_Thymus1,46_67,3,13519.0,17770.0
Mouse_Thymus1,46_68,3,13519.0,17870.0
Mouse_Thymus1,46_69,3,13519.0,17970.0
Mouse_Thymus1,46_70,3,13519.0,18070.0
Mouse_Thymus1,46_71,3,13519.0,18170.0
Mouse_Thymus1,46_72,3,13519.0,18270.0
Mouse_Thymus1,46_73,6,13519.0,18370.0
Mouse_Thymus1,46_74,3,13519.0,18470.0
Mouse_Thymus1,46_75,3,13519.0,18570.0
Mouse_Thymus1,46_76,0,13519.0,18670.0
Mouse_Thymus1,46_77,3,13519.0,18770.0
Mouse_Thymus1,46_78,3,13519.0,18870.0
Mouse_Thymus1,46_79,3,13519.0,18970.0
Mouse_Thymus1,46_80,3,13519.0,19070.0
Mouse_Thymus1,46_81,6,13519.0,19170.0
Mouse_Thymus1,46_82,3,13519.0,19270.0
Mouse_Thymus1,46_83,3,13519.0,19370.0
Mouse_Thymus1,46_84,6,13519.0,19470.0
Mouse_Thymus1,46_85,3,13519.0,19570.0
Mouse_Thymus1,46_86,6,13519.0,19670.0
Mouse_Thymus1,46_87,3,13519.0,19770.0
Mouse_Thymus1,46_88,3,13519.0,19870.0
Mouse_Thymus1,46_89,6,13519.0,19970.0
Mouse_Thymus1,46_90,3,13519.0,20070.0
Mouse_Thymus1,46_91,3,13519.0,20170.0
Mouse_Thymus1,46_92,0,13519.0,20270.0
Mouse_Thymus1,47_19,6,13619.0,12970.0
Mouse_Thymus1,47_20,6,13619.0,13070.0
Mouse_Thymus1,47_21,3,13619.0,13170.0
Mouse_Thymus1,47_22,3,13619.0,13270.0
Mouse_Thymus1,47_23,6,13619.0,13370.0
Mouse_Thymus1,47_24,0,13619.0,13470.0
Mouse_Thymus1,47_25,3,13619.0,13570.0
Mouse_Thymus1,47_26,3,13619.0,13670.0
Mouse_Thymus1,47_27,3,13619.0,13770.0
Mouse_Thymus1,47_28,3,13619.0,13870.0
Mouse_Thymus1,47_29,3,13619.0,13970.0
Mouse_Thymus1,47_30,3,13619.0,14070.0
Mouse_Thymus1,47_31,3,13619.0,14170.0
Mouse_Thymus1,47_32,0,13619.0,14270.0
Mouse_Thymus1,47_33,3,13619.0,14370.0
Mouse_Thymus1,47_34,3,13619.0,14470.0
Mouse_Thymus1,47_35,3,13619.0,14570.0
Mouse_Thymus1,47_36,6,13619.0,14670.0
Mouse_Thymus1,47_37,3,13619.0,14770.0
Mouse_Thymus1,47_38,0,13619.0,14870.0
Mouse_Thymus1,47_39,3,13619.0,14970.0
Mouse_Thymus1,47_40,3,13619.0,15070.0
Mouse_Thymus1,47_41,3,13619.0,15170.0
Mouse_Thymus1,47_42,3,13619.0,15270.0
Mouse_Thymus1,47_43,7,13619.0,15370.0
Mouse_Thymus1,47_44,7,13619.0,15470.0
Mouse_Thymus1,47_45,3,13619.0,15570.0
Mouse_Thymus1,47_46,6,13619.0,15670.0
Mouse_Thymus1,47_47,3,13619.0,15770.0
Mouse_Thymus1,47_48,3,13619.0,15870.0
Mouse_Thymus1,47_49,3,13619.0,15970.0
Mouse_Thymus1,47_50,7,13619.0,16070.0
Mouse_Thymus1,47_51,3,13619.0,16170.0
Mouse_Thymus1,47_52,3,13619.0,16270.0
Mouse_Thymus1,47_53,3,13619.0,16370.0
Mouse_Thymus1,47_54,3,13619.0,16470.0
Mouse_Thymus1,47_55,0,13619.0,16570.0
Mouse_Thymus1,47_56,3,13619.0,16670.0
Mouse_Thymus1,47_57,3,13619.0,16770.0
Mouse_Thymus1,47_58,3,13619.0,16870.0
Mouse_Thymus1,47_59,3,13619.0,16970.0
Mouse_Thymus1,47_60,3,13619.0,17070.0
Mouse_Thymus1,47_61,3,13619.0,17170.0
Mouse_Thymus1,47_62,3,13619.0,17270.0
Mouse_Thymus1,47_63,3,13619.0,17370.0
Mouse_Thymus1,47_64,3,13619.0,17470.0
Mouse_Thymus1,47_65,3,13619.0,17570.0
Mouse_Thymus1,47_66,6,13619.0,17670.0
Mouse_Thymus1,47_67,3,13619.0,17770.0
Mouse_Thymus1,47_68,3,13619.0,17870.0
Mouse_Thymus1,47_69,3,13619.0,17970.0
Mouse_Thymus1,47_70,3,13619.0,18070.0
Mouse_Thymus1,47_71,7,13619.0,18170.0
Mouse_Thymus1,47_72,7,13619.0,18270.0
Mouse_Thymus1,47_73,3,13619.0,18370.0
Mouse_Thymus1,47_74,3,13619.0,18470.0
Mouse_Thymus1,47_75,3,13619.0,18570.0
Mouse_Thymus1,47_76,3,13619.0,18670.0
Mouse_Thymus1,47_77,3,13619.0,18770.0
Mouse_Thymus1,47_78,3,13619.0,18870.0
Mouse_Thymus1,47_79,3,13619.0,18970.0
Mouse_Thymus1,47_80,3,13619.0,19070.0
Mouse_Thymus1,47_81,3,13619.0,19170.0
Mouse_Thymus1,47_82,3,13619.0,19270.0
Mouse_Thymus1,47_83,3,13619.0,19370.0
Mouse_Thymus1,47_84,3,13619.0,19470.0
Mouse_Thymus1,47_85,3,13619.0,19570.0
Mouse_Thymus1,47_86,3,13619.0,19670.0
Mouse_Thymus1,47_87,3,13619.0,19770.0
Mouse_Thymus1,47_88,3,13619.0,19870.0
Mouse_Thymus1,47_89,6,13619.0,19970.0
Mouse_Thymus1,47_90,6,13619.0,20070.0
Mouse_Thymus1,47_91,3,13619.0,20170.0
Mouse_Thymus1,48_19,3,13719.0,12970.0
Mouse_Thymus1,48_20,3,13719.0,13070.0
Mouse_Thymus1,48_21,3,13719.0,13170.0
Mouse_Thymus1,48_22,3,13719.0,13270.0
Mouse_Thymus1,48_23,3,13719.0,13370.0
Mouse_Thymus1,48_24,3,13719.0,13470.0
Mouse_Thymus1,48_25,3,13719.0,13570.0
Mouse_Thymus1,48_26,3,13719.0,13670.0
Mouse_Thymus1,48_27,3,13719.0,13770.0
Mouse_Thymus1,48_28,0,13719.0,13870.0
Mouse_Thymus1,48_29,7,13719.0,13970.0
Mouse_Thymus1,48_30,3,13719.0,14070.0
Mouse_Thymus1,48_31,3,13719.0,14170.0
Mouse_Thymus1,48_32,3,13719.0,14270.0
Mouse_Thymus1,48_33,3,13719.0,14370.0
Mouse_Thymus1,48_34,7,13719.0,14470.0
Mouse_Thymus1,48_35,3,13719.0,14570.0
Mouse_Thymus1,48_36,6,13719.0,14670.0
Mouse_Thymus1,48_37,3,13719.0,14770.0
Mouse_Thymus1,48_38,0,13719.0,14870.0
Mouse_Thymus1,48_39,3,13719.0,14970.0
Mouse_Thymus1,48_40,3,13719.0,15070.0
Mouse_Thymus1,48_41,3,13719.0,15170.0
Mouse_Thymus1,48_42,0,13719.0,15270.0
Mouse_Thymus1,48_43,3,13719.0,15370.0
Mouse_Thymus1,48_44,3,13719.0,15470.0
Mouse_Thymus1,48_45,3,13719.0,15570.0
Mouse_Thymus1,48_46,3,13719.0,15670.0
Mouse_Thymus1,48_47,7,13719.0,15770.0
Mouse_Thymus1,48_48,0,13719.0,15870.0
Mouse_Thymus1,48_49,3,13719.0,15970.0
Mouse_Thymus1,48_50,6,13719.0,16070.0
Mouse_Thymus1,48_51,3,13719.0,16170.0
Mouse_Thymus1,48_52,3,13719.0,16270.0
Mouse_Thymus1,48_53,3,13719.0,16370.0
Mouse_Thymus1,48_54,3,13719.0,16470.0
Mouse_Thymus1,48_55,3,13719.0,16570.0
Mouse_Thymus1,48_56,3,13719.0,16670.0
Mouse_Thymus1,48_57,0,13719.0,16770.0
Mouse_Thymus1,48_58,3,13719.0,16870.0
Mouse_Thymus1,48_59,3,13719.0,16970.0
Mouse_Thymus1,48_60,3,13719.0,17070.0
Mouse_Thymus1,48_61,6,13719.0,17170.0
Mouse_Thymus1,48_62,3,13719.0,17270.0
Mouse_Thymus1,48_63,3,13719.0,17370.0
Mouse_Thymus1,48_64,6,13719.0,17470.0
Mouse_Thymus1,48_65,3,13719.0,17570.0
Mouse_Thymus1,48_66,3,13719.0,17670.0
Mouse_Thymus1,48_67,0,13719.0,17770.0
Mouse_Thymus1,48_68,3,13719.0,17870.0
Mouse_Thymus1,48_69,3,13719.0,17970.0
Mouse_Thymus1,48_70,3,13719.0,18070.0
Mouse_Thymus1,48_71,3,13719.0,18170.0
Mouse_Thymus1,48_72,3,13719.0,18270.0
Mouse_Thymus1,48_73,3,13719.0,18370.0
Mouse_Thymus1,48_74,3,13719.0,18470.0
Mouse_Thymus1,48_75,3,13719.0,18570.0
Mouse_Thymus1,48_76,3,13719.0,18670.0
Mouse_Thymus1,48_77,3,13719.0,18770.0
Mouse_Thymus1,48_78,3,13719.0,18870.0
Mouse_Thymus1,48_79,3,13719.0,18970.0
Mouse_Thymus1,48_80,6,13719.0,19070.0
Mouse_Thymus1,48_81,0,13719.0,19170.0
Mouse_Thymus1,48_82,3,13719.0,19270.0
Mouse_Thymus1,48_83,7,13719.0,19370.0
Mouse_Thymus1,48_84,6,13719.0,19470.0
Mouse_Thymus1,48_85,3,13719.0,19570.0
Mouse_Thymus1,48_86,6,13719.0,19670.0
Mouse_Thymus1,48_87,3,13719.0,19770.0
Mouse_Thymus1,48_88,3,13719.0,19870.0
Mouse_Thymus1,48_89,0,13719.0,19970.0
Mouse_Thymus1,48_90,3,13719.0,20070.0
Mouse_Thymus1,48_91,0,13719.0,20170.0
Mouse_Thymus1,49_21,3,13819.0,13170.0
Mouse_Thymus1,49_22,3,13819.0,13270.0
Mouse_Thymus1,49_23,6,13819.0,13370.0
Mouse_Thymus1,49_24,3,13819.0,13470.0
Mouse_Thymus1,49_25,3,13819.0,13570.0
Mouse_Thymus1,49_26,3,13819.0,13670.0
Mouse_Thymus1,49_27,3,13819.0,13770.0
Mouse_Thymus1,49_28,3,13819.0,13870.0
Mouse_Thymus1,49_29,3,13819.0,13970.0
Mouse_Thymus1,49_30,3,13819.0,14070.0
Mouse_Thymus1,49_31,3,13819.0,14170.0
Mouse_Thymus1,49_32,3,13819.0,14270.0
Mouse_Thymus1,49_33,3,13819.0,14370.0
Mouse_Thymus1,49_34,0,13819.0,14470.0
Mouse_Thymus1,49_35,3,13819.0,14570.0
Mouse_Thymus1,49_36,3,13819.0,14670.0
Mouse_Thymus1,49_37,3,13819.0,14770.0
Mouse_Thymus1,49_38,3,13819.0,14870.0
Mouse_Thymus1,49_39,3,13819.0,14970.0
Mouse_Thymus1,49_40,3,13819.0,15070.0
Mouse_Thymus1,49_41,0,13819.0,15170.0
Mouse_Thymus1,49_42,6,13819.0,15270.0
Mouse_Thymus1,49_43,3,13819.0,15370.0
Mouse_Thymus1,49_44,7,13819.0,15470.0
Mouse_Thymus1,49_45,3,13819.0,15570.0
Mouse_Thymus1,49_46,0,13819.0,15670.0
Mouse_Thymus1,49_47,3,13819.0,15770.0
Mouse_Thymus1,49_48,3,13819.0,15870.0
Mouse_Thymus1,49_49,3,13819.0,15970.0
Mouse_Thymus1,49_50,3,13819.0,16070.0
Mouse_Thymus1,49_51,6,13819.0,16170.0
Mouse_Thymus1,49_52,3,13819.0,16270.0
Mouse_Thymus1,49_53,6,13819.0,16370.0
Mouse_Thymus1,49_54,0,13819.0,16470.0
Mouse_Thymus1,49_55,3,13819.0,16570.0
Mouse_Thymus1,49_56,3,13819.0,16670.0
Mouse_Thymus1,49_57,3,13819.0,16770.0
Mouse_Thymus1,49_58,3,13819.0,16870.0
Mouse_Thymus1,49_59,6,13819.0,16970.0
Mouse_Thymus1,49_60,3,13819.0,17070.0
Mouse_Thymus1,49_61,3,13819.0,17170.0
Mouse_Thymus1,49_62,0,13819.0,17270.0
Mouse_Thymus1,49_63,3,13819.0,17370.0
Mouse_Thymus1,49_64,3,13819.0,17470.0
Mouse_Thymus1,49_65,3,13819.0,17570.0
Mouse_Thymus1,49_66,3,13819.0,17670.0
Mouse_Thymus1,49_67,0,13819.0,17770.0
Mouse_Thymus1,49_68,7,13819.0,17870.0
Mouse_Thymus1,49_69,3,13819.0,17970.0
Mouse_Thymus1,49_70,6,13819.0,18070.0
Mouse_Thymus1,49_71,0,13819.0,18170.0
Mouse_Thymus1,49_72,3,13819.0,18270.0
Mouse_Thymus1,49_73,3,13819.0,18370.0
Mouse_Thymus1,49_74,3,13819.0,18470.0
Mouse_Thymus1,49_75,3,13819.0,18570.0
Mouse_Thymus1,49_76,3,13819.0,18670.0
Mouse_Thymus1,49_77,3,13819.0,18770.0
Mouse_Thymus1,49_78,6,13819.0,18870.0
Mouse_Thymus1,49_79,3,13819.0,18970.0
Mouse_Thymus1,49_80,3,13819.0,19070.0
Mouse_Thymus1,49_81,6,13819.0,19170.0
Mouse_Thymus1,49_82,3,13819.0,19270.0
Mouse_Thymus1,49_83,3,13819.0,19370.0
Mouse_Thymus1,49_84,3,13819.0,19470.0
Mouse_Thymus1,49_85,3,13819.0,19570.0
Mouse_Thymus1,49_86,3,13819.0,19670.0
Mouse_Thymus1,49_87,3,13819.0,19770.0
Mouse_Thymus1,49_88,3,13819.0,19870.0
Mouse_Thymus1,4_10,3,9319.0,12070.0
Mouse_Thymus1,4_13,0,9319.0,12370.0
Mouse_Thymus1,4_14,3,9319.0,12470.0
Mouse_Thymus1,4_15,3,9319.0,12570.0
Mouse_Thymus1,4_16,6,9319.0,12670.0
Mouse_Thymus1,4_17,6,9319.0,12770.0
Mouse_Thymus1,4_18,6,9319.0,12870.0
Mouse_Thymus1,4_19,6,9319.0,12970.0
Mouse_Thymus1,4_20,3,9319.0,13070.0
Mouse_Thymus1,4_21,3,9319.0,13170.0
Mouse_Thymus1,4_22,3,9319.0,13270.0
Mouse_Thymus1,4_23,3,9319.0,13370.0
Mouse_Thymus1,4_24,3,9319.0,13470.0
Mouse_Thymus1,4_25,3,9319.0,13570.0
Mouse_Thymus1,4_26,3,9319.0,13670.0
Mouse_Thymus1,4_27,3,9319.0,13770.0
Mouse_Thymus1,4_28,3,9319.0,13870.0
Mouse_Thymus1,4_29,3,9319.0,13970.0
Mouse_Thymus1,4_30,3,9319.0,14070.0
Mouse_Thymus1,4_31,3,9319.0,14170.0
Mouse_Thymus1,4_32,3,9319.0,14270.0
Mouse_Thymus1,4_33,6,9319.0,14370.0
Mouse_Thymus1,4_34,0,9319.0,14470.0
Mouse_Thymus1,4_35,3,9319.0,14570.0
Mouse_Thymus1,4_36,3,9319.0,14670.0
Mouse_Thymus1,4_37,3,9319.0,14770.0
Mouse_Thymus1,4_38,3,9319.0,14870.0
Mouse_Thymus1,4_39,3,9319.0,14970.0
Mouse_Thymus1,4_40,3,9319.0,15070.0
Mouse_Thymus1,4_41,3,9319.0,15170.0
Mouse_Thymus1,4_42,6,9319.0,15270.0
Mouse_Thymus1,4_43,6,9319.0,15370.0
Mouse_Thymus1,4_44,3,9319.0,15470.0
Mouse_Thymus1,4_45,3,9319.0,15570.0
Mouse_Thymus1,4_46,3,9319.0,15670.0
Mouse_Thymus1,4_47,3,9319.0,15770.0
Mouse_Thymus1,4_48,3,9319.0,15870.0
Mouse_Thymus1,4_49,3,9319.0,15970.0
Mouse_Thymus1,4_50,6,9319.0,16070.0
Mouse_Thymus1,4_51,3,9319.0,16170.0
Mouse_Thymus1,4_52,3,9319.0,16270.0
Mouse_Thymus1,4_53,3,9319.0,16370.0
Mouse_Thymus1,4_54,3,9319.0,16470.0
Mouse_Thymus1,4_55,3,9319.0,16570.0
Mouse_Thymus1,4_56,3,9319.0,16670.0
Mouse_Thymus1,4_60,3,9319.0,17070.0
Mouse_Thymus1,4_61,3,9319.0,17170.0
Mouse_Thymus1,4_62,3,9319.0,17270.0
Mouse_Thymus1,4_63,3,9319.0,17370.0
Mouse_Thymus1,4_64,3,9319.0,17470.0
Mouse_Thymus1,4_9,6,9319.0,11970.0
Mouse_Thymus1,50_23,3,13919.0,13370.0
Mouse_Thymus1,50_24,3,13919.0,13470.0
Mouse_Thymus1,50_25,6,13919.0,13570.0
Mouse_Thymus1,50_26,3,13919.0,13670.0
Mouse_Thymus1,50_27,3,13919.0,13770.0
Mouse_Thymus1,50_28,3,13919.0,13870.0
Mouse_Thymus1,50_29,3,13919.0,13970.0
Mouse_Thymus1,50_30,7,13919.0,14070.0
Mouse_Thymus1,50_31,6,13919.0,14170.0
Mouse_Thymus1,50_32,3,13919.0,14270.0
Mouse_Thymus1,50_33,3,13919.0,14370.0
Mouse_Thymus1,50_34,0,13919.0,14470.0
Mouse_Thymus1,50_35,3,13919.0,14570.0
Mouse_Thymus1,50_36,3,13919.0,14670.0
Mouse_Thymus1,50_37,0,13919.0,14770.0
Mouse_Thymus1,50_38,3,13919.0,14870.0
Mouse_Thymus1,50_39,3,13919.0,14970.0
Mouse_Thymus1,50_40,7,13919.0,15070.0
Mouse_Thymus1,50_41,6,13919.0,15170.0
Mouse_Thymus1,50_42,3,13919.0,15270.0
Mouse_Thymus1,50_43,7,13919.0,15370.0
Mouse_Thymus1,50_44,6,13919.0,15470.0
Mouse_Thymus1,50_45,6,13919.0,15570.0
Mouse_Thymus1,50_46,3,13919.0,15670.0
Mouse_Thymus1,50_47,3,13919.0,15770.0
Mouse_Thymus1,50_48,3,13919.0,15870.0
Mouse_Thymus1,50_49,3,13919.0,15970.0
Mouse_Thymus1,50_50,7,13919.0,16070.0
Mouse_Thymus1,50_51,6,13919.0,16170.0
Mouse_Thymus1,50_52,0,13919.0,16270.0
Mouse_Thymus1,50_53,3,13919.0,16370.0
Mouse_Thymus1,50_54,3,13919.0,16470.0
Mouse_Thymus1,50_55,6,13919.0,16570.0
Mouse_Thymus1,50_56,3,13919.0,16670.0
Mouse_Thymus1,50_57,3,13919.0,16770.0
Mouse_Thymus1,50_58,6,13919.0,16870.0
Mouse_Thymus1,50_59,3,13919.0,16970.0
Mouse_Thymus1,50_60,3,13919.0,17070.0
Mouse_Thymus1,50_61,3,13919.0,17170.0
Mouse_Thymus1,50_62,3,13919.0,17270.0
Mouse_Thymus1,50_63,7,13919.0,17370.0
Mouse_Thymus1,50_64,3,13919.0,17470.0
Mouse_Thymus1,50_65,3,13919.0,17570.0
Mouse_Thymus1,50_66,3,13919.0,17670.0
Mouse_Thymus1,50_67,3,13919.0,17770.0
Mouse_Thymus1,50_68,3,13919.0,17870.0
Mouse_Thymus1,50_69,3,13919.0,17970.0
Mouse_Thymus1,50_70,3,13919.0,18070.0
Mouse_Thymus1,50_71,3,13919.0,18170.0
Mouse_Thymus1,50_72,7,13919.0,18270.0
Mouse_Thymus1,50_73,3,13919.0,18370.0
Mouse_Thymus1,50_74,3,13919.0,18470.0
Mouse_Thymus1,50_75,3,13919.0,18570.0
Mouse_Thymus1,50_76,0,13919.0,18670.0
Mouse_Thymus1,50_77,3,13919.0,18770.0
Mouse_Thymus1,50_78,3,13919.0,18870.0
Mouse_Thymus1,50_79,6,13919.0,18970.0
Mouse_Thymus1,50_80,3,13919.0,19070.0
Mouse_Thymus1,50_81,6,13919.0,19170.0
Mouse_Thymus1,50_82,3,13919.0,19270.0
Mouse_Thymus1,50_83,3,13919.0,19370.0
Mouse_Thymus1,50_84,6,13919.0,19470.0
Mouse_Thymus1,51_25,0,14019.0,13570.0
Mouse_Thymus1,51_26,3,14019.0,13670.0
Mouse_Thymus1,51_27,3,14019.0,13770.0
Mouse_Thymus1,51_28,6,14019.0,13870.0
Mouse_Thymus1,51_29,3,14019.0,13970.0
Mouse_Thymus1,51_30,0,14019.0,14070.0
Mouse_Thymus1,51_31,6,14019.0,14170.0
Mouse_Thymus1,51_32,6,14019.0,14270.0
Mouse_Thymus1,51_33,3,14019.0,14370.0
Mouse_Thymus1,51_34,6,14019.0,14470.0
Mouse_Thymus1,51_35,3,14019.0,14570.0
Mouse_Thymus1,51_36,3,14019.0,14670.0
Mouse_Thymus1,51_37,3,14019.0,14770.0
Mouse_Thymus1,51_38,0,14019.0,14870.0
Mouse_Thymus1,51_39,0,14019.0,14970.0
Mouse_Thymus1,51_40,3,14019.0,15070.0
Mouse_Thymus1,51_41,6,14019.0,15170.0
Mouse_Thymus1,51_42,6,14019.0,15270.0
Mouse_Thymus1,51_43,3,14019.0,15370.0
Mouse_Thymus1,51_44,3,14019.0,15470.0
Mouse_Thymus1,51_45,3,14019.0,15570.0
Mouse_Thymus1,51_46,0,14019.0,15670.0
Mouse_Thymus1,51_47,3,14019.0,15770.0
Mouse_Thymus1,51_48,3,14019.0,15870.0
Mouse_Thymus1,51_49,3,14019.0,15970.0
Mouse_Thymus1,51_50,3,14019.0,16070.0
Mouse_Thymus1,51_51,3,14019.0,16170.0
Mouse_Thymus1,51_52,6,14019.0,16270.0
Mouse_Thymus1,51_53,3,14019.0,16370.0
Mouse_Thymus1,51_54,6,14019.0,16470.0
Mouse_Thymus1,51_55,3,14019.0,16570.0
Mouse_Thymus1,51_56,6,14019.0,16670.0
Mouse_Thymus1,51_57,7,14019.0,16770.0
Mouse_Thymus1,51_58,0,14019.0,16870.0
Mouse_Thymus1,51_59,3,14019.0,16970.0
Mouse_Thymus1,51_60,3,14019.0,17070.0
Mouse_Thymus1,51_61,3,14019.0,17170.0
Mouse_Thymus1,51_62,3,14019.0,17270.0
Mouse_Thymus1,51_63,6,14019.0,17370.0
Mouse_Thymus1,51_64,3,14019.0,17470.0
Mouse_Thymus1,51_65,3,14019.0,17570.0
Mouse_Thymus1,51_66,3,14019.0,17670.0
Mouse_Thymus1,51_67,3,14019.0,17770.0
Mouse_Thymus1,51_68,3,14019.0,17870.0
Mouse_Thymus1,51_69,3,14019.0,17970.0
Mouse_Thymus1,51_70,3,14019.0,18070.0
Mouse_Thymus1,51_71,6,14019.0,18170.0
Mouse_Thymus1,51_72,3,14019.0,18270.0
Mouse_Thymus1,51_73,7,14019.0,18370.0
Mouse_Thymus1,51_74,3,14019.0,18470.0
Mouse_Thymus1,51_75,3,14019.0,18570.0
Mouse_Thymus1,51_76,3,14019.0,18670.0
Mouse_Thymus1,51_77,3,14019.0,18770.0
Mouse_Thymus1,51_78,0,14019.0,18870.0
Mouse_Thymus1,51_79,3,14019.0,18970.0
Mouse_Thymus1,51_80,3,14019.0,19070.0
Mouse_Thymus1,51_81,3,14019.0,19170.0
Mouse_Thymus1,51_82,3,14019.0,19270.0
Mouse_Thymus1,52_28,0,14119.0,13870.0
Mouse_Thymus1,52_29,3,14119.0,13970.0
Mouse_Thymus1,52_30,7,14119.0,14070.0
Mouse_Thymus1,52_31,3,14119.0,14170.0
Mouse_Thymus1,52_32,6,14119.0,14270.0
Mouse_Thymus1,52_33,0,14119.0,14370.0
Mouse_Thymus1,52_34,3,14119.0,14470.0
Mouse_Thymus1,52_35,3,14119.0,14570.0
Mouse_Thymus1,52_36,6,14119.0,14670.0
Mouse_Thymus1,52_37,3,14119.0,14770.0
Mouse_Thymus1,52_38,3,14119.0,14870.0
Mouse_Thymus1,52_39,3,14119.0,14970.0
Mouse_Thymus1,52_40,3,14119.0,15070.0
Mouse_Thymus1,52_41,3,14119.0,15170.0
Mouse_Thymus1,52_42,3,14119.0,15270.0
Mouse_Thymus1,52_43,3,14119.0,15370.0
Mouse_Thymus1,52_44,3,14119.0,15470.0
Mouse_Thymus1,52_45,3,14119.0,15570.0
Mouse_Thymus1,52_46,3,14119.0,15670.0
Mouse_Thymus1,52_47,3,14119.0,15770.0
Mouse_Thymus1,52_48,3,14119.0,15870.0
Mouse_Thymus1,52_49,3,14119.0,15970.0
Mouse_Thymus1,52_50,3,14119.0,16070.0
Mouse_Thymus1,52_51,3,14119.0,16170.0
Mouse_Thymus1,52_52,3,14119.0,16270.0
Mouse_Thymus1,52_53,3,14119.0,16370.0
Mouse_Thymus1,52_54,6,14119.0,16470.0
Mouse_Thymus1,52_55,3,14119.0,16570.0
Mouse_Thymus1,52_56,3,14119.0,16670.0
Mouse_Thymus1,52_57,3,14119.0,16770.0
Mouse_Thymus1,52_58,3,14119.0,16870.0
Mouse_Thymus1,52_59,0,14119.0,16970.0
Mouse_Thymus1,52_60,3,14119.0,17070.0
Mouse_Thymus1,52_61,3,14119.0,17170.0
Mouse_Thymus1,52_62,3,14119.0,17270.0
Mouse_Thymus1,52_63,0,14119.0,17370.0
Mouse_Thymus1,52_64,6,14119.0,17470.0
Mouse_Thymus1,52_65,3,14119.0,17570.0
Mouse_Thymus1,52_66,3,14119.0,17670.0
Mouse_Thymus1,52_67,6,14119.0,17770.0
Mouse_Thymus1,52_68,3,14119.0,17870.0
Mouse_Thymus1,52_69,3,14119.0,17970.0
Mouse_Thymus1,52_70,3,14119.0,18070.0
Mouse_Thymus1,52_71,3,14119.0,18170.0
Mouse_Thymus1,52_72,3,14119.0,18270.0
Mouse_Thymus1,52_73,3,14119.0,18370.0
Mouse_Thymus1,52_74,3,14119.0,18470.0
Mouse_Thymus1,52_75,3,14119.0,18570.0
Mouse_Thymus1,52_76,3,14119.0,18670.0
Mouse_Thymus1,52_77,3,14119.0,18770.0
Mouse_Thymus1,52_78,3,14119.0,18870.0
Mouse_Thymus1,52_79,3,14119.0,18970.0
Mouse_Thymus1,52_80,3,14119.0,19070.0
Mouse_Thymus1,52_81,7,14119.0,19170.0
Mouse_Thymus1,53_31,3,14219.0,14170.0
Mouse_Thymus1,53_32,3,14219.0,14270.0
Mouse_Thymus1,53_33,7,14219.0,14370.0
Mouse_Thymus1,53_34,3,14219.0,14470.0
Mouse_Thymus1,53_35,3,14219.0,14570.0
Mouse_Thymus1,53_36,3,14219.0,14670.0
Mouse_Thymus1,53_37,3,14219.0,14770.0
Mouse_Thymus1,53_38,3,14219.0,14870.0
Mouse_Thymus1,53_39,0,14219.0,14970.0
Mouse_Thymus1,53_40,3,14219.0,15070.0
Mouse_Thymus1,53_41,6,14219.0,15170.0
Mouse_Thymus1,53_42,3,14219.0,15270.0
Mouse_Thymus1,53_43,6,14219.0,15370.0
Mouse_Thymus1,53_44,3,14219.0,15470.0
Mouse_Thymus1,53_45,3,14219.0,15570.0
Mouse_Thymus1,53_46,3,14219.0,15670.0
Mouse_Thymus1,53_47,3,14219.0,15770.0
Mouse_Thymus1,53_48,3,14219.0,15870.0
Mouse_Thymus1,53_49,3,14219.0,15970.0
Mouse_Thymus1,53_50,3,14219.0,16070.0
Mouse_Thymus1,53_51,3,14219.0,16170.0
Mouse_Thymus1,53_52,3,14219.0,16270.0
Mouse_Thymus1,53_53,6,14219.0,16370.0
Mouse_Thymus1,53_54,6,14219.0,16470.0
Mouse_Thymus1,53_55,3,14219.0,16570.0
Mouse_Thymus1,53_56,7,14219.0,16670.0
Mouse_Thymus1,53_57,3,14219.0,16770.0
Mouse_Thymus1,53_58,3,14219.0,16870.0
Mouse_Thymus1,53_59,3,14219.0,16970.0
Mouse_Thymus1,53_60,6,14219.0,17070.0
Mouse_Thymus1,53_61,3,14219.0,17170.0
Mouse_Thymus1,53_62,3,14219.0,17270.0
Mouse_Thymus1,53_63,3,14219.0,17370.0
Mouse_Thymus1,53_64,3,14219.0,17470.0
Mouse_Thymus1,53_65,3,14219.0,17570.0
Mouse_Thymus1,53_66,7,14219.0,17670.0
Mouse_Thymus1,53_67,3,14219.0,17770.0
Mouse_Thymus1,53_68,0,14219.0,17870.0
Mouse_Thymus1,53_69,3,14219.0,17970.0
Mouse_Thymus1,53_70,3,14219.0,18070.0
Mouse_Thymus1,53_71,3,14219.0,18170.0
Mouse_Thymus1,53_72,3,14219.0,18270.0
Mouse_Thymus1,53_73,3,14219.0,18370.0
Mouse_Thymus1,53_74,3,14219.0,18470.0
Mouse_Thymus1,53_75,3,14219.0,18570.0
Mouse_Thymus1,53_76,0,14219.0,18670.0
Mouse_Thymus1,53_77,0,14219.0,18770.0
Mouse_Thymus1,53_78,3,14219.0,18870.0
Mouse_Thymus1,53_79,3,14219.0,18970.0
Mouse_Thymus1,53_80,3,14219.0,19070.0
Mouse_Thymus1,54_33,3,14319.0,14370.0
Mouse_Thymus1,54_34,3,14319.0,14470.0
Mouse_Thymus1,54_35,3,14319.0,14570.0
Mouse_Thymus1,54_36,3,14319.0,14670.0
Mouse_Thymus1,54_37,3,14319.0,14770.0
Mouse_Thymus1,54_38,3,14319.0,14870.0
Mouse_Thymus1,54_39,3,14319.0,14970.0
Mouse_Thymus1,54_40,7,14319.0,15070.0
Mouse_Thymus1,54_41,6,14319.0,15170.0
Mouse_Thymus1,54_42,3,14319.0,15270.0
Mouse_Thymus1,54_43,3,14319.0,15370.0
Mouse_Thymus1,54_44,3,14319.0,15470.0
Mouse_Thymus1,54_45,3,14319.0,15570.0
Mouse_Thymus1,54_46,3,14319.0,15670.0
Mouse_Thymus1,54_47,3,14319.0,15770.0
Mouse_Thymus1,54_48,3,14319.0,15870.0
Mouse_Thymus1,54_49,3,14319.0,15970.0
Mouse_Thymus1,54_50,3,14319.0,16070.0
Mouse_Thymus1,54_51,0,14319.0,16170.0
Mouse_Thymus1,54_52,6,14319.0,16270.0
Mouse_Thymus1,54_53,3,14319.0,16370.0
Mouse_Thymus1,54_54,3,14319.0,16470.0
Mouse_Thymus1,54_55,3,14319.0,16570.0
Mouse_Thymus1,54_56,3,14319.0,16670.0
Mouse_Thymus1,54_57,3,14319.0,16770.0
Mouse_Thymus1,54_58,3,14319.0,16870.0
Mouse_Thymus1,54_59,3,14319.0,16970.0
Mouse_Thymus1,54_60,3,14319.0,17070.0
Mouse_Thymus1,54_61,3,14319.0,17170.0
Mouse_Thymus1,54_62,6,14319.0,17270.0
Mouse_Thymus1,54_63,6,14319.0,17370.0
Mouse_Thymus1,54_64,3,14319.0,17470.0
Mouse_Thymus1,54_65,3,14319.0,17570.0
Mouse_Thymus1,54_66,3,14319.0,17670.0
Mouse_Thymus1,54_67,3,14319.0,17770.0
Mouse_Thymus1,54_68,0,14319.0,17870.0
Mouse_Thymus1,54_69,6,14319.0,17970.0
Mouse_Thymus1,54_70,3,14319.0,18070.0
Mouse_Thymus1,54_71,3,14319.0,18170.0
Mouse_Thymus1,54_72,3,14319.0,18270.0
Mouse_Thymus1,54_73,3,14319.0,18370.0
Mouse_Thymus1,54_74,3,14319.0,18470.0
Mouse_Thymus1,54_75,3,14319.0,18570.0
Mouse_Thymus1,54_76,0,14319.0,18670.0
Mouse_Thymus1,54_77,3,14319.0,18770.0
Mouse_Thymus1,54_78,3,14319.0,18870.0
Mouse_Thymus1,55_36,6,14419.0,14670.0
Mouse_Thymus1,55_37,3,14419.0,14770.0
Mouse_Thymus1,55_38,3,14419.0,14870.0
Mouse_Thymus1,55_39,0,14419.0,14970.0
Mouse_Thymus1,55_40,3,14419.0,15070.0
Mouse_Thymus1,55_41,3,14419.0,15170.0
Mouse_Thymus1,55_42,3,14419.0,15270.0
Mouse_Thymus1,55_43,3,14419.0,15370.0
Mouse_Thymus1,55_44,3,14419.0,15470.0
Mouse_Thymus1,55_45,3,14419.0,15570.0
Mouse_Thymus1,55_46,0,14419.0,15670.0
Mouse_Thymus1,55_47,3,14419.0,15770.0
Mouse_Thymus1,55_48,3,14419.0,15870.0
Mouse_Thymus1,55_49,0,14419.0,15970.0
Mouse_Thymus1,55_50,3,14419.0,16070.0
Mouse_Thymus1,55_51,0,14419.0,16170.0
Mouse_Thymus1,55_52,3,14419.0,16270.0
Mouse_Thymus1,55_53,3,14419.0,16370.0
Mouse_Thymus1,55_54,3,14419.0,16470.0
Mouse_Thymus1,55_55,0,14419.0,16570.0
Mouse_Thymus1,55_56,3,14419.0,16670.0
Mouse_Thymus1,55_57,3,14419.0,16770.0
Mouse_Thymus1,55_58,6,14419.0,16870.0
Mouse_Thymus1,55_59,6,14419.0,16970.0
Mouse_Thymus1,55_60,3,14419.0,17070.0
Mouse_Thymus1,55_61,3,14419.0,17170.0
Mouse_Thymus1,55_62,3,14419.0,17270.0
Mouse_Thymus1,55_63,0,14419.0,17370.0
Mouse_Thymus1,55_64,3,14419.0,17470.0
Mouse_Thymus1,55_65,3,14419.0,17570.0
Mouse_Thymus1,55_66,0,14419.0,17670.0
Mouse_Thymus1,55_67,3,14419.0,17770.0
Mouse_Thymus1,55_68,6,14419.0,17870.0
Mouse_Thymus1,55_69,7,14419.0,17970.0
Mouse_Thymus1,55_70,3,14419.0,18070.0
Mouse_Thymus1,55_71,3,14419.0,18170.0
Mouse_Thymus1,55_72,6,14419.0,18270.0
Mouse_Thymus1,55_73,3,14419.0,18370.0
Mouse_Thymus1,55_74,3,14419.0,18470.0
Mouse_Thymus1,55_75,6,14419.0,18570.0
Mouse_Thymus1,55_76,3,14419.0,18670.0
Mouse_Thymus1,55_77,3,14419.0,18770.0
Mouse_Thymus1,56_38,3,14519.0,14870.0
Mouse_Thymus1,56_39,6,14519.0,14970.0
Mouse_Thymus1,56_40,0,14519.0,15070.0
Mouse_Thymus1,56_41,3,14519.0,15170.0
Mouse_Thymus1,56_42,3,14519.0,15270.0
Mouse_Thymus1,56_43,3,14519.0,15370.0
Mouse_Thymus1,56_44,6,14519.0,15470.0
Mouse_Thymus1,56_45,3,14519.0,15570.0
Mouse_Thymus1,56_46,3,14519.0,15670.0
Mouse_Thymus1,56_47,6,14519.0,15770.0
Mouse_Thymus1,56_48,3,14519.0,15870.0
Mouse_Thymus1,56_49,3,14519.0,15970.0
Mouse_Thymus1,56_50,3,14519.0,16070.0
Mouse_Thymus1,56_51,6,14519.0,16170.0
Mouse_Thymus1,56_52,0,14519.0,16270.0
Mouse_Thymus1,56_53,3,14519.0,16370.0
Mouse_Thymus1,56_54,3,14519.0,16470.0
Mouse_Thymus1,56_55,7,14519.0,16570.0
Mouse_Thymus1,56_56,7,14519.0,16670.0
Mouse_Thymus1,56_57,0,14519.0,16770.0
Mouse_Thymus1,56_58,3,14519.0,16870.0
Mouse_Thymus1,56_59,3,14519.0,16970.0
Mouse_Thymus1,56_60,0,14519.0,17070.0
Mouse_Thymus1,56_61,6,14519.0,17170.0
Mouse_Thymus1,56_62,3,14519.0,17270.0
Mouse_Thymus1,56_63,7,14519.0,17370.0
Mouse_Thymus1,56_64,3,14519.0,17470.0
Mouse_Thymus1,56_65,3,14519.0,17570.0
Mouse_Thymus1,56_66,3,14519.0,17670.0
Mouse_Thymus1,56_67,3,14519.0,17770.0
Mouse_Thymus1,56_68,3,14519.0,17870.0
Mouse_Thymus1,56_69,3,14519.0,17970.0
Mouse_Thymus1,56_70,3,14519.0,18070.0
Mouse_Thymus1,56_71,3,14519.0,18170.0
Mouse_Thymus1,56_72,3,14519.0,18270.0
Mouse_Thymus1,56_73,3,14519.0,18370.0
Mouse_Thymus1,56_74,3,14519.0,18470.0
Mouse_Thymus1,56_75,3,14519.0,18570.0
Mouse_Thymus1,56_76,6,14519.0,18670.0
Mouse_Thymus1,57_40,3,14619.0,15070.0
Mouse_Thymus1,57_41,3,14619.0,15170.0
Mouse_Thymus1,57_42,0,14619.0,15270.0
Mouse_Thymus1,57_43,3,14619.0,15370.0
Mouse_Thymus1,57_44,3,14619.0,15470.0
Mouse_Thymus1,57_45,3,14619.0,15570.0
Mouse_Thymus1,57_46,3,14619.0,15670.0
Mouse_Thymus1,57_47,3,14619.0,15770.0
Mouse_Thymus1,57_48,3,14619.0,15870.0
Mouse_Thymus1,57_49,3,14619.0,15970.0
Mouse_Thymus1,57_50,3,14619.0,16070.0
Mouse_Thymus1,57_51,3,14619.0,16170.0
Mouse_Thymus1,57_52,3,14619.0,16270.0
Mouse_Thymus1,57_53,3,14619.0,16370.0
Mouse_Thymus1,57_54,3,14619.0,16470.0
Mouse_Thymus1,57_55,3,14619.0,16570.0
Mouse_Thymus1,57_56,6,14619.0,16670.0
Mouse_Thymus1,57_57,6,14619.0,16770.0
Mouse_Thymus1,57_58,3,14619.0,16870.0
Mouse_Thymus1,57_59,3,14619.0,16970.0
Mouse_Thymus1,57_60,3,14619.0,17070.0
Mouse_Thymus1,57_61,6,14619.0,17170.0
Mouse_Thymus1,57_62,7,14619.0,17270.0
Mouse_Thymus1,57_63,7,14619.0,17370.0
Mouse_Thymus1,57_64,0,14619.0,17470.0
Mouse_Thymus1,57_65,0,14619.0,17570.0
Mouse_Thymus1,57_66,7,14619.0,17670.0
Mouse_Thymus1,57_67,3,14619.0,17770.0
Mouse_Thymus1,57_68,3,14619.0,17870.0
Mouse_Thymus1,57_69,7,14619.0,17970.0
Mouse_Thymus1,57_70,3,14619.0,18070.0
Mouse_Thymus1,57_71,3,14619.0,18170.0
Mouse_Thymus1,57_72,3,14619.0,18270.0
Mouse_Thymus1,57_73,3,14619.0,18370.0
Mouse_Thymus1,57_74,3,14619.0,18470.0
Mouse_Thymus1,58_40,3,14719.0,15070.0
Mouse_Thymus1,58_41,3,14719.0,15170.0
Mouse_Thymus1,58_42,3,14719.0,15270.0
Mouse_Thymus1,58_43,3,14719.0,15370.0
Mouse_Thymus1,58_44,3,14719.0,15470.0
Mouse_Thymus1,58_45,3,14719.0,15570.0
Mouse_Thymus1,58_46,6,14719.0,15670.0
Mouse_Thymus1,58_47,0,14719.0,15770.0
Mouse_Thymus1,58_48,3,14719.0,15870.0
Mouse_Thymus1,58_49,3,14719.0,15970.0
Mouse_Thymus1,58_50,0,14719.0,16070.0
Mouse_Thymus1,58_51,3,14719.0,16170.0
Mouse_Thymus1,58_52,3,14719.0,16270.0
Mouse_Thymus1,58_53,3,14719.0,16370.0
Mouse_Thymus1,58_54,3,14719.0,16470.0
Mouse_Thymus1,58_55,3,14719.0,16570.0
Mouse_Thymus1,58_56,0,14719.0,16670.0
Mouse_Thymus1,58_57,6,14719.0,16770.0
Mouse_Thymus1,58_58,6,14719.0,16870.0
Mouse_Thymus1,58_59,3,14719.0,16970.0
Mouse_Thymus1,58_60,3,14719.0,17070.0
Mouse_Thymus1,58_61,3,14719.0,17170.0
Mouse_Thymus1,58_62,3,14719.0,17270.0
Mouse_Thymus1,58_63,3,14719.0,17370.0
Mouse_Thymus1,58_64,3,14719.0,17470.0
Mouse_Thymus1,58_65,3,14719.0,17570.0
Mouse_Thymus1,58_66,7,14719.0,17670.0
Mouse_Thymus1,58_67,3,14719.0,17770.0
Mouse_Thymus1,58_68,7,14719.0,17870.0
Mouse_Thymus1,58_69,3,14719.0,17970.0
Mouse_Thymus1,58_70,3,14719.0,18070.0
Mouse_Thymus1,58_71,3,14719.0,18170.0
Mouse_Thymus1,58_72,0,14719.0,18270.0
Mouse_Thymus1,58_73,3,14719.0,18370.0
Mouse_Thymus1,58_74,0,14719.0,18470.0
Mouse_Thymus1,59_41,6,14819.0,15170.0
Mouse_Thymus1,59_42,3,14819.0,15270.0
Mouse_Thymus1,59_44,6,14819.0,15470.0
Mouse_Thymus1,59_45,3,14819.0,15570.0
Mouse_Thymus1,59_46,3,14819.0,15670.0
Mouse_Thymus1,59_47,3,14819.0,15770.0
Mouse_Thymus1,59_48,3,14819.0,15870.0
Mouse_Thymus1,59_49,3,14819.0,15970.0
Mouse_Thymus1,59_50,3,14819.0,16070.0
Mouse_Thymus1,59_51,3,14819.0,16170.0
Mouse_Thymus1,59_52,3,14819.0,16270.0
Mouse_Thymus1,59_53,3,14819.0,16370.0
Mouse_Thymus1,59_54,6,14819.0,16470.0
Mouse_Thymus1,59_55,0,14819.0,16570.0
Mouse_Thymus1,59_56,3,14819.0,16670.0
Mouse_Thymus1,59_57,3,14819.0,16770.0
Mouse_Thymus1,59_58,3,14819.0,16870.0
Mouse_Thymus1,59_59,3,14819.0,16970.0
Mouse_Thymus1,59_60,3,14819.0,17070.0
Mouse_Thymus1,59_61,6,14819.0,17170.0
Mouse_Thymus1,59_62,3,14819.0,17270.0
Mouse_Thymus1,59_63,3,14819.0,17370.0
Mouse_Thymus1,59_64,3,14819.0,17470.0
Mouse_Thymus1,59_65,3,14819.0,17570.0
Mouse_Thymus1,59_66,0,14819.0,17670.0
Mouse_Thymus1,59_67,3,14819.0,17770.0
Mouse_Thymus1,59_68,3,14819.0,17870.0
Mouse_Thymus1,59_69,3,14819.0,17970.0
Mouse_Thymus1,59_70,3,14819.0,18070.0
Mouse_Thymus1,59_71,3,14819.0,18170.0
Mouse_Thymus1,59_72,3,14819.0,18270.0
Mouse_Thymus1,59_73,3,14819.0,18370.0
Mouse_Thymus1,5_10,3,9419.0,12070.0
Mouse_Thymus1,5_13,7,9419.0,12370.0
Mouse_Thymus1,5_14,6,9419.0,12470.0
Mouse_Thymus1,5_15,3,9419.0,12570.0
Mouse_Thymus1,5_16,3,9419.0,12670.0
Mouse_Thymus1,5_17,6,9419.0,12770.0
Mouse_Thymus1,5_18,3,9419.0,12870.0
Mouse_Thymus1,5_19,6,9419.0,12970.0
Mouse_Thymus1,5_20,3,9419.0,13070.0
Mouse_Thymus1,5_21,3,9419.0,13170.0
Mouse_Thymus1,5_22,3,9419.0,13270.0
Mouse_Thymus1,5_23,3,9419.0,13370.0
Mouse_Thymus1,5_24,3,9419.0,13470.0
Mouse_Thymus1,5_25,3,9419.0,13570.0
Mouse_Thymus1,5_26,3,9419.0,13670.0
Mouse_Thymus1,5_27,3,9419.0,13770.0
Mouse_Thymus1,5_28,3,9419.0,13870.0
Mouse_Thymus1,5_29,3,9419.0,13970.0
Mouse_Thymus1,5_30,3,9419.0,14070.0
Mouse_Thymus1,5_31,3,9419.0,14170.0
Mouse_Thymus1,5_32,3,9419.0,14270.0
Mouse_Thymus1,5_33,3,9419.0,14370.0
Mouse_Thymus1,5_34,3,9419.0,14470.0
Mouse_Thymus1,5_35,3,9419.0,14570.0
Mouse_Thymus1,5_36,3,9419.0,14670.0
Mouse_Thymus1,5_37,3,9419.0,14770.0
Mouse_Thymus1,5_38,3,9419.0,14870.0
Mouse_Thymus1,5_39,0,9419.0,14970.0
Mouse_Thymus1,5_40,3,9419.0,15070.0
Mouse_Thymus1,5_41,6,9419.0,15170.0
Mouse_Thymus1,5_42,3,9419.0,15270.0
Mouse_Thymus1,5_43,3,9419.0,15370.0
Mouse_Thymus1,5_44,3,9419.0,15470.0
Mouse_Thymus1,5_45,0,9419.0,15570.0
Mouse_Thymus1,5_46,7,9419.0,15670.0
Mouse_Thymus1,5_47,3,9419.0,15770.0
Mouse_Thymus1,5_48,3,9419.0,15870.0
Mouse_Thymus1,5_49,3,9419.0,15970.0
Mouse_Thymus1,5_50,3,9419.0,16070.0
Mouse_Thymus1,5_51,3,9419.0,16170.0
Mouse_Thymus1,5_52,0,9419.0,16270.0
Mouse_Thymus1,5_53,3,9419.0,16370.0
Mouse_Thymus1,5_54,3,9419.0,16470.0
Mouse_Thymus1,5_55,6,9419.0,16570.0
Mouse_Thymus1,5_56,3,9419.0,16670.0
Mouse_Thymus1,5_57,7,9419.0,16770.0
Mouse_Thymus1,5_58,3,9419.0,16870.0
Mouse_Thymus1,5_59,3,9419.0,16970.0
Mouse_Thymus1,5_60,3,9419.0,17070.0
Mouse_Thymus1,5_61,3,9419.0,17170.0
Mouse_Thymus1,5_62,6,9419.0,17270.0
Mouse_Thymus1,5_63,3,9419.0,17370.0
Mouse_Thymus1,5_64,0,9419.0,17470.0
Mouse_Thymus1,5_69,6,9419.0,17970.0
Mouse_Thymus1,5_70,0,9419.0,18070.0
Mouse_Thymus1,5_71,0,9419.0,18170.0
Mouse_Thymus1,5_9,0,9419.0,11970.0
Mouse_Thymus1,60_45,3,14919.0,15570.0
Mouse_Thymus1,60_46,7,14919.0,15670.0
Mouse_Thymus1,60_47,3,14919.0,15770.0
Mouse_Thymus1,60_48,3,14919.0,15870.0
Mouse_Thymus1,60_49,3,14919.0,15970.0
Mouse_Thymus1,60_50,3,14919.0,16070.0
Mouse_Thymus1,60_51,3,14919.0,16170.0
Mouse_Thymus1,60_52,3,14919.0,16270.0
Mouse_Thymus1,60_53,3,14919.0,16370.0
Mouse_Thymus1,60_54,0,14919.0,16470.0
Mouse_Thymus1,60_55,0,14919.0,16570.0
Mouse_Thymus1,60_56,3,14919.0,16670.0
Mouse_Thymus1,60_57,3,14919.0,16770.0
Mouse_Thymus1,60_58,7,14919.0,16870.0
Mouse_Thymus1,60_59,0,14919.0,16970.0
Mouse_Thymus1,60_60,6,14919.0,17070.0
Mouse_Thymus1,60_61,3,14919.0,17170.0
Mouse_Thymus1,60_62,3,14919.0,17270.0
Mouse_Thymus1,60_63,0,14919.0,17370.0
Mouse_Thymus1,60_64,3,14919.0,17470.0
Mouse_Thymus1,60_65,3,14919.0,17570.0
Mouse_Thymus1,60_66,3,14919.0,17670.0
Mouse_Thymus1,60_67,3,14919.0,17770.0
Mouse_Thymus1,60_68,3,14919.0,17870.0
Mouse_Thymus1,60_69,3,14919.0,17970.0
Mouse_Thymus1,60_70,3,14919.0,18070.0
Mouse_Thymus1,60_71,3,14919.0,18170.0
Mouse_Thymus1,60_72,3,14919.0,18270.0
Mouse_Thymus1,61_45,3,15019.0,15570.0
Mouse_Thymus1,61_46,0,15019.0,15670.0
Mouse_Thymus1,61_47,3,15019.0,15770.0
Mouse_Thymus1,61_48,3,15019.0,15870.0
Mouse_Thymus1,61_49,3,15019.0,15970.0
Mouse_Thymus1,61_50,3,15019.0,16070.0
Mouse_Thymus1,61_51,3,15019.0,16170.0
Mouse_Thymus1,61_52,3,15019.0,16270.0
Mouse_Thymus1,61_53,3,15019.0,16370.0
Mouse_Thymus1,61_54,3,15019.0,16470.0
Mouse_Thymus1,61_57,3,15019.0,16770.0
Mouse_Thymus1,61_58,3,15019.0,16870.0
Mouse_Thymus1,61_59,3,15019.0,16970.0
Mouse_Thymus1,61_60,3,15019.0,17070.0
Mouse_Thymus1,61_61,3,15019.0,17170.0
Mouse_Thymus1,61_62,3,15019.0,17270.0
Mouse_Thymus1,61_63,3,15019.0,17370.0
Mouse_Thymus1,61_64,3,15019.0,17470.0
Mouse_Thymus1,61_65,0,15019.0,17570.0
Mouse_Thymus1,61_66,3,15019.0,17670.0
Mouse_Thymus1,61_67,3,15019.0,17770.0
Mouse_Thymus1,61_68,0,15019.0,17870.0
Mouse_Thymus1,61_69,3,15019.0,17970.0
Mouse_Thymus1,61_70,3,15019.0,18070.0
Mouse_Thymus1,61_71,3,15019.0,18170.0
Mouse_Thymus1,61_72,3,15019.0,18270.0
Mouse_Thymus1,62_44,3,15119.0,15470.0
Mouse_Thymus1,62_45,3,15119.0,15570.0
Mouse_Thymus1,62_46,3,15119.0,15670.0
Mouse_Thymus1,62_47,3,15119.0,15770.0
Mouse_Thymus1,62_48,0,15119.0,15870.0
Mouse_Thymus1,62_49,3,15119.0,15970.0
Mouse_Thymus1,62_50,3,15119.0,16070.0
Mouse_Thymus1,62_51,3,15119.0,16170.0
Mouse_Thymus1,62_52,3,15119.0,16270.0
Mouse_Thymus1,62_53,3,15119.0,16370.0
Mouse_Thymus1,62_59,0,15119.0,16970.0
Mouse_Thymus1,62_60,3,15119.0,17070.0
Mouse_Thymus1,62_61,3,15119.0,17170.0
Mouse_Thymus1,62_62,0,15119.0,17270.0
Mouse_Thymus1,62_63,3,15119.0,17370.0
Mouse_Thymus1,62_64,3,15119.0,17470.0
Mouse_Thymus1,62_65,7,15119.0,17570.0
Mouse_Thymus1,62_66,7,15119.0,17670.0
Mouse_Thymus1,62_67,3,15119.0,17770.0
Mouse_Thymus1,62_68,3,15119.0,17870.0
Mouse_Thymus1,62_69,6,15119.0,17970.0
Mouse_Thymus1,62_70,3,15119.0,18070.0
Mouse_Thymus1,62_71,3,15119.0,18170.0
Mouse_Thymus1,63_40,3,15219.0,15070.0
Mouse_Thymus1,63_41,6,15219.0,15170.0
Mouse_Thymus1,63_44,7,15219.0,15470.0
Mouse_Thymus1,63_45,3,15219.0,15570.0
Mouse_Thymus1,63_46,3,15219.0,15670.0
Mouse_Thymus1,63_47,3,15219.0,15770.0
Mouse_Thymus1,63_48,3,15219.0,15870.0
Mouse_Thymus1,63_49,3,15219.0,15970.0
Mouse_Thymus1,63_50,3,15219.0,16070.0
Mouse_Thymus1,63_51,0,15219.0,16170.0
Mouse_Thymus1,63_52,0,15219.0,16270.0
Mouse_Thymus1,63_60,3,15219.0,17070.0
Mouse_Thymus1,63_61,6,15219.0,17170.0
Mouse_Thymus1,63_62,3,15219.0,17270.0
Mouse_Thymus1,63_63,3,15219.0,17370.0
Mouse_Thymus1,63_64,0,15219.0,17470.0
Mouse_Thymus1,63_65,3,15219.0,17570.0
Mouse_Thymus1,63_66,3,15219.0,17670.0
Mouse_Thymus1,63_67,3,15219.0,17770.0
Mouse_Thymus1,63_68,3,15219.0,17870.0
Mouse_Thymus1,63_69,7,15219.0,17970.0
Mouse_Thymus1,63_70,7,15219.0,18070.0
Mouse_Thymus1,63_71,3,15219.0,18170.0
Mouse_Thymus1,64_43,3,15319.0,15370.0
Mouse_Thymus1,64_44,3,15319.0,15470.0
Mouse_Thymus1,64_45,3,15319.0,15570.0
Mouse_Thymus1,64_46,7,15319.0,15670.0
Mouse_Thymus1,64_47,6,15319.0,15770.0
Mouse_Thymus1,64_48,3,15319.0,15870.0
Mouse_Thymus1,64_49,3,15319.0,15970.0
Mouse_Thymus1,64_50,3,15319.0,16070.0
Mouse_Thymus1,64_51,6,15319.0,16170.0
Mouse_Thymus1,64_52,3,15319.0,16270.0
Mouse_Thymus1,64_62,6,15319.0,17270.0
Mouse_Thymus1,64_63,3,15319.0,17370.0
Mouse_Thymus1,64_64,3,15319.0,17470.0
Mouse_Thymus1,64_65,3,15319.0,17570.0
Mouse_Thymus1,64_66,3,15319.0,17670.0
Mouse_Thymus1,64_67,0,15319.0,17770.0
Mouse_Thymus1,64_68,3,15319.0,17870.0
Mouse_Thymus1,64_69,3,15319.0,17970.0
Mouse_Thymus1,64_70,6,15319.0,18070.0
Mouse_Thymus1,65_43,3,15419.0,15370.0
Mouse_Thymus1,65_44,7,15419.0,15470.0
Mouse_Thymus1,65_45,6,15419.0,15570.0
Mouse_Thymus1,65_46,3,15419.0,15670.0
Mouse_Thymus1,65_47,3,15419.0,15770.0
Mouse_Thymus1,65_48,6,15419.0,15870.0
Mouse_Thymus1,65_49,3,15419.0,15970.0
Mouse_Thymus1,65_50,3,15419.0,16070.0
Mouse_Thymus1,65_51,3,15419.0,16170.0
Mouse_Thymus1,65_52,0,15419.0,16270.0
Mouse_Thymus1,65_53,6,15419.0,16370.0
Mouse_Thymus1,65_58,3,15419.0,16870.0
Mouse_Thymus1,65_62,3,15419.0,17270.0
Mouse_Thymus1,65_63,3,15419.0,17370.0
Mouse_Thymus1,65_64,6,15419.0,17470.0
Mouse_Thymus1,65_65,0,15419.0,17570.0
Mouse_Thymus1,65_66,6,15419.0,17670.0
Mouse_Thymus1,65_67,3,15419.0,17770.0
Mouse_Thymus1,65_68,3,15419.0,17870.0
Mouse_Thymus1,65_69,3,15419.0,17970.0
Mouse_Thymus1,66_42,3,15519.0,15270.0
Mouse_Thymus1,66_43,3,15519.0,15370.0
Mouse_Thymus1,66_44,3,15519.0,15470.0
Mouse_Thymus1,66_45,3,15519.0,15570.0
Mouse_Thymus1,66_46,3,15519.0,15670.0
Mouse_Thymus1,66_47,3,15519.0,15770.0
Mouse_Thymus1,66_48,3,15519.0,15870.0
Mouse_Thymus1,66_49,3,15519.0,15970.0
Mouse_Thymus1,66_50,0,15519.0,16070.0
Mouse_Thymus1,66_51,3,15519.0,16170.0
Mouse_Thymus1,66_52,3,15519.0,16270.0
Mouse_Thymus1,66_53,6,15519.0,16370.0
Mouse_Thymus1,66_54,3,15519.0,16470.0
Mouse_Thymus1,66_57,3,15519.0,16770.0
Mouse_Thymus1,66_58,0,15519.0,16870.0
Mouse_Thymus1,66_62,3,15519.0,17270.0
Mouse_Thymus1,66_63,3,15519.0,17370.0
Mouse_Thymus1,66_64,3,15519.0,17470.0
Mouse_Thymus1,66_65,3,15519.0,17570.0
Mouse_Thymus1,66_66,0,15519.0,17670.0
Mouse_Thymus1,66_67,3,15519.0,17770.0
Mouse_Thymus1,66_68,3,15519.0,17870.0
Mouse_Thymus1,66_69,0,15519.0,17970.0
Mouse_Thymus1,67_41,6,15619.0,15170.0
Mouse_Thymus1,67_42,6,15619.0,15270.0
Mouse_Thymus1,67_43,6,15619.0,15370.0
Mouse_Thymus1,67_44,3,15619.0,15470.0
Mouse_Thymus1,67_45,0,15619.0,15570.0
Mouse_Thymus1,67_46,3,15619.0,15670.0
Mouse_Thymus1,67_47,3,15619.0,15770.0
Mouse_Thymus1,67_48,6,15619.0,15870.0
Mouse_Thymus1,67_49,6,15619.0,15970.0
Mouse_Thymus1,67_50,3,15619.0,16070.0
Mouse_Thymus1,67_51,3,15619.0,16170.0
Mouse_Thymus1,67_52,3,15619.0,16270.0
Mouse_Thymus1,67_53,3,15619.0,16370.0
Mouse_Thymus1,67_54,0,15619.0,16470.0
Mouse_Thymus1,67_57,3,15619.0,16770.0
Mouse_Thymus1,67_62,3,15619.0,17270.0
Mouse_Thymus1,67_63,3,15619.0,17370.0
Mouse_Thymus1,67_64,7,15619.0,17470.0
Mouse_Thymus1,67_65,3,15619.0,17570.0
Mouse_Thymus1,67_66,3,15619.0,17670.0
Mouse_Thymus1,67_67,3,15619.0,17770.0
Mouse_Thymus1,67_68,3,15619.0,17870.0
Mouse_Thymus1,67_69,3,15619.0,17970.0
Mouse_Thymus1,68_40,3,15719.0,15070.0
Mouse_Thymus1,68_41,3,15719.0,15170.0
Mouse_Thymus1,68_42,0,15719.0,15270.0
Mouse_Thymus1,68_43,3,15719.0,15370.0
Mouse_Thymus1,68_44,3,15719.0,15470.0
Mouse_Thymus1,68_45,0,15719.0,15570.0
Mouse_Thymus1,68_46,3,15719.0,15670.0
Mouse_Thymus1,68_47,3,15719.0,15770.0
Mouse_Thymus1,68_48,0,15719.0,15870.0
Mouse_Thymus1,68_49,3,15719.0,15970.0
Mouse_Thymus1,68_50,6,15719.0,16070.0
Mouse_Thymus1,68_51,0,15719.0,16170.0
Mouse_Thymus1,68_52,0,15719.0,16270.0
Mouse_Thymus1,68_53,3,15719.0,16370.0
Mouse_Thymus1,68_54,3,15719.0,16470.0
Mouse_Thymus1,68_55,3,15719.0,16570.0
Mouse_Thymus1,68_60,3,15719.0,17070.0
Mouse_Thymus1,68_61,6,15719.0,17170.0
Mouse_Thymus1,68_62,3,15719.0,17270.0
Mouse_Thymus1,68_63,3,15719.0,17370.0
Mouse_Thymus1,68_64,0,15719.0,17470.0
Mouse_Thymus1,68_65,3,15719.0,17570.0
Mouse_Thymus1,69_40,6,15819.0,15070.0
Mouse_Thymus1,69_41,6,15819.0,15170.0
Mouse_Thymus1,69_42,7,15819.0,15270.0
Mouse_Thymus1,69_43,3,15819.0,15370.0
Mouse_Thymus1,69_44,7,15819.0,15470.0
Mouse_Thymus1,69_45,0,15819.0,15570.0
Mouse_Thymus1,69_46,3,15819.0,15670.0
Mouse_Thymus1,69_47,7,15819.0,15770.0
Mouse_Thymus1,69_48,3,15819.0,15870.0
Mouse_Thymus1,69_49,3,15819.0,15970.0
Mouse_Thymus1,69_50,0,15819.0,16070.0
Mouse_Thymus1,69_51,3,15819.0,16170.0
Mouse_Thymus1,69_52,3,15819.0,16270.0
Mouse_Thymus1,69_53,3,15819.0,16370.0
Mouse_Thymus1,69_54,0,15819.0,16470.0
Mouse_Thymus1,69_55,3,15819.0,16570.0
Mouse_Thymus1,69_59,3,15819.0,16970.0
Mouse_Thymus1,69_60,3,15819.0,17070.0
Mouse_Thymus1,69_61,6,15819.0,17170.0
Mouse_Thymus1,69_62,3,15819.0,17270.0
Mouse_Thymus1,69_63,3,15819.0,17370.0
Mouse_Thymus1,69_64,6,15819.0,17470.0
Mouse_Thymus1,6_10,6,9519.0,12070.0
Mouse_Thymus1,6_11,3,9519.0,12170.0
Mouse_Thymus1,6_12,6,9519.0,12270.0
Mouse_Thymus1,6_13,3,9519.0,12370.0
Mouse_Thymus1,6_14,3,9519.0,12470.0
Mouse_Thymus1,6_15,3,9519.0,12570.0
Mouse_Thymus1,6_16,3,9519.0,12670.0
Mouse_Thymus1,6_17,0,9519.0,12770.0
Mouse_Thymus1,6_18,3,9519.0,12870.0
Mouse_Thymus1,6_19,6,9519.0,12970.0
Mouse_Thymus1,6_20,3,9519.0,13070.0
Mouse_Thymus1,6_21,3,9519.0,13170.0
Mouse_Thymus1,6_22,3,9519.0,13270.0
Mouse_Thymus1,6_23,3,9519.0,13370.0
Mouse_Thymus1,6_24,3,9519.0,13470.0
Mouse_Thymus1,6_25,0,9519.0,13570.0
Mouse_Thymus1,6_26,7,9519.0,13670.0
Mouse_Thymus1,6_27,3,9519.0,13770.0
Mouse_Thymus1,6_28,6,9519.0,13870.0
Mouse_Thymus1,6_29,3,9519.0,13970.0
Mouse_Thymus1,6_30,3,9519.0,14070.0
Mouse_Thymus1,6_31,7,9519.0,14170.0
Mouse_Thymus1,6_32,3,9519.0,14270.0
Mouse_Thymus1,6_33,3,9519.0,14370.0
Mouse_Thymus1,6_34,7,9519.0,14470.0
Mouse_Thymus1,6_35,3,9519.0,14570.0
Mouse_Thymus1,6_36,0,9519.0,14670.0
Mouse_Thymus1,6_37,3,9519.0,14770.0
Mouse_Thymus1,6_38,3,9519.0,14870.0
Mouse_Thymus1,6_39,7,9519.0,14970.0
Mouse_Thymus1,6_40,3,9519.0,15070.0
Mouse_Thymus1,6_41,7,9519.0,15170.0
Mouse_Thymus1,6_42,3,9519.0,15270.0
Mouse_Thymus1,6_43,3,9519.0,15370.0
Mouse_Thymus1,6_44,3,9519.0,15470.0
Mouse_Thymus1,6_45,3,9519.0,15570.0
Mouse_Thymus1,6_46,6,9519.0,15670.0
Mouse_Thymus1,6_47,3,9519.0,15770.0
Mouse_Thymus1,6_48,3,9519.0,15870.0
Mouse_Thymus1,6_49,3,9519.0,15970.0
Mouse_Thymus1,6_50,3,9519.0,16070.0
Mouse_Thymus1,6_51,3,9519.0,16170.0
Mouse_Thymus1,6_52,0,9519.0,16270.0
Mouse_Thymus1,6_53,3,9519.0,16370.0
Mouse_Thymus1,6_54,3,9519.0,16470.0
Mouse_Thymus1,6_55,3,9519.0,16570.0
Mouse_Thymus1,6_56,3,9519.0,16670.0
Mouse_Thymus1,6_57,6,9519.0,16770.0
Mouse_Thymus1,6_58,3,9519.0,16870.0
Mouse_Thymus1,6_59,3,9519.0,16970.0
Mouse_Thymus1,6_60,7,9519.0,17070.0
Mouse_Thymus1,6_61,3,9519.0,17170.0
Mouse_Thymus1,6_62,7,9519.0,17270.0
Mouse_Thymus1,6_63,0,9519.0,17370.0
Mouse_Thymus1,6_64,6,9519.0,17470.0
Mouse_Thymus1,6_65,3,9519.0,17570.0
Mouse_Thymus1,6_66,3,9519.0,17670.0
Mouse_Thymus1,6_67,3,9519.0,17770.0
Mouse_Thymus1,6_68,3,9519.0,17870.0
Mouse_Thymus1,6_69,3,9519.0,17970.0
Mouse_Thymus1,6_70,3,9519.0,18070.0
Mouse_Thymus1,6_71,3,9519.0,18170.0
Mouse_Thymus1,6_72,3,9519.0,18270.0
Mouse_Thymus1,6_8,3,9519.0,11870.0
Mouse_Thymus1,6_9,3,9519.0,11970.0
Mouse_Thymus1,70_39,3,15919.0,14970.0
Mouse_Thymus1,70_40,3,15919.0,15070.0
Mouse_Thymus1,70_41,3,15919.0,15170.0
Mouse_Thymus1,70_42,3,15919.0,15270.0
Mouse_Thymus1,70_43,3,15919.0,15370.0
Mouse_Thymus1,70_44,3,15919.0,15470.0
Mouse_Thymus1,70_45,0,15919.0,15570.0
Mouse_Thymus1,70_46,3,15919.0,15670.0
Mouse_Thymus1,70_47,6,15919.0,15770.0
Mouse_Thymus1,70_48,0,15919.0,15870.0
Mouse_Thymus1,70_49,3,15919.0,15970.0
Mouse_Thymus1,70_50,3,15919.0,16070.0
Mouse_Thymus1,70_51,3,15919.0,16170.0
Mouse_Thymus1,70_52,0,15919.0,16270.0
Mouse_Thymus1,70_53,3,15919.0,16370.0
Mouse_Thymus1,70_54,7,15919.0,16470.0
Mouse_Thymus1,70_55,3,15919.0,16570.0
Mouse_Thymus1,70_58,3,15919.0,16870.0
Mouse_Thymus1,70_59,3,15919.0,16970.0
Mouse_Thymus1,70_60,3,15919.0,17070.0
Mouse_Thymus1,70_61,3,15919.0,17170.0
Mouse_Thymus1,70_62,3,15919.0,17270.0
Mouse_Thymus1,70_63,3,15919.0,17370.0
Mouse_Thymus1,70_64,3,15919.0,17470.0
Mouse_Thymus1,71_39,3,16019.0,14970.0
Mouse_Thymus1,71_40,3,16019.0,15070.0
Mouse_Thymus1,71_41,3,16019.0,15170.0
Mouse_Thymus1,71_42,3,16019.0,15270.0
Mouse_Thymus1,71_43,3,16019.0,15370.0
Mouse_Thymus1,71_44,3,16019.0,15470.0
Mouse_Thymus1,71_45,3,16019.0,15570.0
Mouse_Thymus1,71_46,3,16019.0,15670.0
Mouse_Thymus1,71_47,3,16019.0,15770.0
Mouse_Thymus1,71_48,3,16019.0,15870.0
Mouse_Thymus1,71_49,3,16019.0,15970.0
Mouse_Thymus1,71_50,0,16019.0,16070.0
Mouse_Thymus1,71_51,3,16019.0,16170.0
Mouse_Thymus1,71_52,3,16019.0,16270.0
Mouse_Thymus1,71_53,3,16019.0,16370.0
Mouse_Thymus1,71_54,3,16019.0,16470.0
Mouse_Thymus1,71_55,3,16019.0,16570.0
Mouse_Thymus1,71_56,3,16019.0,16670.0
Mouse_Thymus1,71_57,0,16019.0,16770.0
Mouse_Thymus1,71_58,3,16019.0,16870.0
Mouse_Thymus1,71_59,3,16019.0,16970.0
Mouse_Thymus1,71_60,3,16019.0,17070.0
Mouse_Thymus1,72_38,6,16119.0,14870.0
Mouse_Thymus1,72_39,3,16119.0,14970.0
Mouse_Thymus1,72_40,3,16119.0,15070.0
Mouse_Thymus1,72_41,7,16119.0,15170.0
Mouse_Thymus1,72_42,3,16119.0,15270.0
Mouse_Thymus1,72_43,6,16119.0,15370.0
Mouse_Thymus1,72_44,3,16119.0,15470.0
Mouse_Thymus1,72_45,3,16119.0,15570.0
Mouse_Thymus1,72_46,3,16119.0,15670.0
Mouse_Thymus1,72_47,3,16119.0,15770.0
Mouse_Thymus1,72_48,3,16119.0,15870.0
Mouse_Thymus1,72_49,0,16119.0,15970.0
Mouse_Thymus1,72_50,0,16119.0,16070.0
Mouse_Thymus1,72_51,0,16119.0,16170.0
Mouse_Thymus1,72_52,0,16119.0,16270.0
Mouse_Thymus1,72_53,3,16119.0,16370.0
Mouse_Thymus1,72_54,3,16119.0,16470.0
Mouse_Thymus1,72_55,3,16119.0,16570.0
Mouse_Thymus1,72_56,3,16119.0,16670.0
Mouse_Thymus1,72_57,0,16119.0,16770.0
Mouse_Thymus1,72_58,6,16119.0,16870.0
Mouse_Thymus1,73_39,0,16219.0,14970.0
Mouse_Thymus1,73_40,3,16219.0,15070.0
Mouse_Thymus1,73_41,3,16219.0,15170.0
Mouse_Thymus1,73_42,3,16219.0,15270.0
Mouse_Thymus1,73_43,3,16219.0,15370.0
Mouse_Thymus1,73_44,0,16219.0,15470.0
Mouse_Thymus1,73_45,3,16219.0,15570.0
Mouse_Thymus1,73_46,6,16219.0,15670.0
Mouse_Thymus1,73_47,3,16219.0,15770.0
Mouse_Thymus1,73_48,0,16219.0,15870.0
Mouse_Thymus1,73_49,3,16219.0,15970.0
Mouse_Thymus1,73_50,3,16219.0,16070.0
Mouse_Thymus1,73_51,3,16219.0,16170.0
Mouse_Thymus1,73_52,6,16219.0,16270.0
Mouse_Thymus1,73_53,3,16219.0,16370.0
Mouse_Thymus1,73_54,3,16219.0,16470.0
Mouse_Thymus1,73_55,6,16219.0,16570.0
Mouse_Thymus1,73_56,3,16219.0,16670.0
Mouse_Thymus1,73_57,6,16219.0,16770.0
Mouse_Thymus1,74_39,3,16319.0,14970.0
Mouse_Thymus1,74_40,3,16319.0,15070.0
Mouse_Thymus1,74_41,3,16319.0,15170.0
Mouse_Thymus1,74_42,3,16319.0,15270.0
Mouse_Thymus1,74_43,0,16319.0,15370.0
Mouse_Thymus1,74_44,3,16319.0,15470.0
Mouse_Thymus1,74_45,3,16319.0,15570.0
Mouse_Thymus1,74_46,3,16319.0,15670.0
Mouse_Thymus1,74_47,0,16319.0,15770.0
Mouse_Thymus1,74_48,3,16319.0,15870.0
Mouse_Thymus1,74_49,3,16319.0,15970.0
Mouse_Thymus1,74_50,3,16319.0,16070.0
Mouse_Thymus1,74_51,6,16319.0,16170.0
Mouse_Thymus1,74_52,0,16319.0,16270.0
Mouse_Thymus1,74_53,3,16319.0,16370.0
Mouse_Thymus1,74_54,6,16319.0,16470.0
Mouse_Thymus1,74_55,3,16319.0,16570.0
Mouse_Thymus1,74_56,7,16319.0,16670.0
Mouse_Thymus1,74_57,3,16319.0,16770.0
Mouse_Thymus1,75_39,3,16419.0,14970.0
Mouse_Thymus1,75_40,3,16419.0,15070.0
Mouse_Thymus1,75_41,3,16419.0,15170.0
Mouse_Thymus1,75_42,6,16419.0,15270.0
Mouse_Thymus1,75_43,0,16419.0,15370.0
Mouse_Thymus1,75_44,3,16419.0,15470.0
Mouse_Thymus1,75_45,3,16419.0,15570.0
Mouse_Thymus1,75_46,3,16419.0,15670.0
Mouse_Thymus1,75_47,0,16419.0,15770.0
Mouse_Thymus1,75_48,3,16419.0,15870.0
Mouse_Thymus1,75_49,3,16419.0,15970.0
Mouse_Thymus1,75_50,3,16419.0,16070.0
Mouse_Thymus1,75_51,3,16419.0,16170.0
Mouse_Thymus1,75_52,3,16419.0,16270.0
Mouse_Thymus1,75_53,3,16419.0,16370.0
Mouse_Thymus1,75_54,3,16419.0,16470.0
Mouse_Thymus1,75_55,6,16419.0,16570.0
Mouse_Thymus1,75_56,3,16419.0,16670.0
Mouse_Thymus1,76_39,3,16519.0,14970.0
Mouse_Thymus1,76_40,6,16519.0,15070.0
Mouse_Thymus1,76_41,6,16519.0,15170.0
Mouse_Thymus1,76_42,3,16519.0,15270.0
Mouse_Thymus1,76_43,3,16519.0,15370.0
Mouse_Thymus1,76_44,3,16519.0,15470.0
Mouse_Thymus1,76_45,6,16519.0,15570.0
Mouse_Thymus1,76_46,3,16519.0,15670.0
Mouse_Thymus1,76_47,3,16519.0,15770.0
Mouse_Thymus1,76_48,3,16519.0,15870.0
Mouse_Thymus1,76_49,3,16519.0,15970.0
Mouse_Thymus1,76_50,3,16519.0,16070.0
Mouse_Thymus1,76_51,3,16519.0,16170.0
Mouse_Thymus1,76_52,6,16519.0,16270.0
Mouse_Thymus1,76_53,3,16519.0,16370.0
Mouse_Thymus1,76_54,3,16519.0,16470.0
Mouse_Thymus1,76_55,3,16519.0,16570.0
Mouse_Thymus1,77_39,3,16619.0,14970.0
Mouse_Thymus1,77_40,3,16619.0,15070.0
Mouse_Thymus1,77_41,3,16619.0,15170.0
Mouse_Thymus1,77_42,7,16619.0,15270.0
Mouse_Thymus1,77_43,3,16619.0,15370.0
Mouse_Thymus1,77_44,3,16619.0,15470.0
Mouse_Thymus1,77_45,3,16619.0,15570.0
Mouse_Thymus1,77_46,3,16619.0,15670.0
Mouse_Thymus1,77_47,3,16619.0,15770.0
Mouse_Thymus1,77_48,3,16619.0,15870.0
Mouse_Thymus1,77_49,3,16619.0,15970.0
Mouse_Thymus1,77_50,3,16619.0,16070.0
Mouse_Thymus1,77_51,3,16619.0,16170.0
Mouse_Thymus1,77_52,3,16619.0,16270.0
Mouse_Thymus1,77_53,3,16619.0,16370.0
Mouse_Thymus1,77_54,3,16619.0,16470.0
Mouse_Thymus1,77_55,3,16619.0,16570.0
Mouse_Thymus1,78_40,3,16719.0,15070.0
Mouse_Thymus1,78_41,3,16719.0,15170.0
Mouse_Thymus1,78_42,3,16719.0,15270.0
Mouse_Thymus1,78_43,7,16719.0,15370.0
Mouse_Thymus1,78_44,3,16719.0,15470.0
Mouse_Thymus1,78_45,3,16719.0,15570.0
Mouse_Thymus1,78_46,3,16719.0,15670.0
Mouse_Thymus1,78_47,3,16719.0,15770.0
Mouse_Thymus1,78_48,3,16719.0,15870.0
Mouse_Thymus1,78_49,3,16719.0,15970.0
Mouse_Thymus1,78_50,3,16719.0,16070.0
Mouse_Thymus1,78_51,3,16719.0,16170.0
Mouse_Thymus1,78_52,3,16719.0,16270.0
Mouse_Thymus1,78_53,3,16719.0,16370.0
Mouse_Thymus1,78_54,3,16719.0,16470.0
Mouse_Thymus1,78_55,3,16719.0,16570.0
Mouse_Thymus1,79_40,3,16819.0,15070.0
Mouse_Thymus1,79_41,0,16819.0,15170.0
Mouse_Thymus1,79_42,3,16819.0,15270.0
Mouse_Thymus1,79_43,3,16819.0,15370.0
Mouse_Thymus1,79_44,3,16819.0,15470.0
Mouse_Thymus1,79_45,3,16819.0,15570.0
Mouse_Thymus1,79_46,3,16819.0,15670.0
Mouse_Thymus1,79_47,3,16819.0,15770.0
Mouse_Thymus1,79_48,3,16819.0,15870.0
Mouse_Thymus1,79_49,3,16819.0,15970.0
Mouse_Thymus1,79_50,3,16819.0,16070.0
Mouse_Thymus1,79_51,6,16819.0,16170.0
Mouse_Thymus1,79_52,3,16819.0,16270.0
Mouse_Thymus1,79_53,3,16819.0,16370.0
Mouse_Thymus1,7_10,3,9619.0,12070.0
Mouse_Thymus1,7_11,3,9619.0,12170.0
Mouse_Thymus1,7_12,0,9619.0,12270.0
Mouse_Thymus1,7_13,3,9619.0,12370.0
Mouse_Thymus1,7_14,3,9619.0,12470.0
Mouse_Thymus1,7_15,3,9619.0,12570.0
Mouse_Thymus1,7_16,3,9619.0,12670.0
Mouse_Thymus1,7_17,0,9619.0,12770.0
Mouse_Thymus1,7_18,3,9619.0,12870.0
Mouse_Thymus1,7_19,3,9619.0,12970.0
Mouse_Thymus1,7_20,6,9619.0,13070.0
Mouse_Thymus1,7_21,3,9619.0,13170.0
Mouse_Thymus1,7_22,3,9619.0,13270.0
Mouse_Thymus1,7_23,3,9619.0,13370.0
Mouse_Thymus1,7_24,3,9619.0,13470.0
Mouse_Thymus1,7_25,3,9619.0,13570.0
Mouse_Thymus1,7_26,3,9619.0,13670.0
Mouse_Thymus1,7_27,3,9619.0,13770.0
Mouse_Thymus1,7_28,6,9619.0,13870.0
Mouse_Thymus1,7_29,3,9619.0,13970.0
Mouse_Thymus1,7_30,3,9619.0,14070.0
Mouse_Thymus1,7_31,6,9619.0,14170.0
Mouse_Thymus1,7_32,3,9619.0,14270.0
Mouse_Thymus1,7_33,0,9619.0,14370.0
Mouse_Thymus1,7_34,3,9619.0,14470.0
Mouse_Thymus1,7_35,6,9619.0,14570.0
Mouse_Thymus1,7_36,6,9619.0,14670.0
Mouse_Thymus1,7_37,3,9619.0,14770.0
Mouse_Thymus1,7_38,3,9619.0,14870.0
Mouse_Thymus1,7_39,3,9619.0,14970.0
Mouse_Thymus1,7_40,0,9619.0,15070.0
Mouse_Thymus1,7_41,6,9619.0,15170.0
Mouse_Thymus1,7_42,0,9619.0,15270.0
Mouse_Thymus1,7_43,3,9619.0,15370.0
Mouse_Thymus1,7_44,6,9619.0,15470.0
Mouse_Thymus1,7_45,3,9619.0,15570.0
Mouse_Thymus1,7_46,0,9619.0,15670.0
Mouse_Thymus1,7_47,3,9619.0,15770.0
Mouse_Thymus1,7_48,3,9619.0,15870.0
Mouse_Thymus1,7_49,3,9619.0,15970.0
Mouse_Thymus1,7_50,3,9619.0,16070.0
Mouse_Thymus1,7_51,3,9619.0,16170.0
Mouse_Thymus1,7_52,3,9619.0,16270.0
Mouse_Thymus1,7_53,3,9619.0,16370.0
Mouse_Thymus1,7_54,3,9619.0,16470.0
Mouse_Thymus1,7_55,3,9619.0,16570.0
Mouse_Thymus1,7_56,3,9619.0,16670.0
Mouse_Thymus1,7_57,3,9619.0,16770.0
Mouse_Thymus1,7_58,6,9619.0,16870.0
Mouse_Thymus1,7_59,3,9619.0,16970.0
Mouse_Thymus1,7_60,3,9619.0,17070.0
Mouse_Thymus1,7_61,7,9619.0,17170.0
Mouse_Thymus1,7_62,3,9619.0,17270.0
Mouse_Thymus1,7_63,3,9619.0,17370.0
Mouse_Thymus1,7_64,3,9619.0,17470.0
Mouse_Thymus1,7_65,3,9619.0,17570.0
Mouse_Thymus1,7_66,6,9619.0,17670.0
Mouse_Thymus1,7_67,0,9619.0,17770.0
Mouse_Thymus1,7_68,7,9619.0,17870.0
Mouse_Thymus1,7_69,6,9619.0,17970.0
Mouse_Thymus1,7_70,3,9619.0,18070.0
Mouse_Thymus1,7_71,6,9619.0,18170.0
Mouse_Thymus1,7_72,3,9619.0,18270.0
Mouse_Thymus1,7_73,3,9619.0,18370.0
Mouse_Thymus1,7_8,6,9619.0,11870.0
Mouse_Thymus1,7_9,6,9619.0,11970.0
Mouse_Thymus1,80_40,3,16919.0,15070.0
Mouse_Thymus1,80_41,6,16919.0,15170.0
Mouse_Thymus1,80_42,3,16919.0,15270.0
Mouse_Thymus1,80_43,3,16919.0,15370.0
Mouse_Thymus1,80_44,3,16919.0,15470.0
Mouse_Thymus1,80_45,3,16919.0,15570.0
Mouse_Thymus1,80_46,6,16919.0,15670.0
Mouse_Thymus1,80_47,6,16919.0,15770.0
Mouse_Thymus1,80_48,3,16919.0,15870.0
Mouse_Thymus1,80_49,6,16919.0,15970.0
Mouse_Thymus1,80_50,3,16919.0,16070.0
Mouse_Thymus1,80_51,3,16919.0,16170.0
Mouse_Thymus1,81_44,3,17019.0,15470.0
Mouse_Thymus1,81_45,3,17019.0,15570.0
Mouse_Thymus1,81_46,3,17019.0,15670.0
Mouse_Thymus1,81_47,6,17019.0,15770.0
Mouse_Thymus1,81_48,3,17019.0,15870.0
Mouse_Thymus1,81_49,3,17019.0,15970.0
Mouse_Thymus1,8_10,3,9719.0,12070.0
Mouse_Thymus1,8_11,3,9719.0,12170.0
Mouse_Thymus1,8_12,3,9719.0,12270.0
Mouse_Thymus1,8_13,3,9719.0,12370.0
Mouse_Thymus1,8_14,3,9719.0,12470.0
Mouse_Thymus1,8_15,3,9719.0,12570.0
Mouse_Thymus1,8_16,3,9719.0,12670.0
Mouse_Thymus1,8_17,3,9719.0,12770.0
Mouse_Thymus1,8_18,3,9719.0,12870.0
Mouse_Thymus1,8_19,6,9719.0,12970.0
Mouse_Thymus1,8_20,3,9719.0,13070.0
Mouse_Thymus1,8_21,3,9719.0,13170.0
Mouse_Thymus1,8_22,7,9719.0,13270.0
Mouse_Thymus1,8_23,7,9719.0,13370.0
Mouse_Thymus1,8_24,3,9719.0,13470.0
Mouse_Thymus1,8_25,3,9719.0,13570.0
Mouse_Thymus1,8_26,3,9719.0,13670.0
Mouse_Thymus1,8_27,3,9719.0,13770.0
Mouse_Thymus1,8_28,3,9719.0,13870.0
Mouse_Thymus1,8_29,6,9719.0,13970.0
Mouse_Thymus1,8_30,3,9719.0,14070.0
Mouse_Thymus1,8_31,3,9719.0,14170.0
Mouse_Thymus1,8_32,3,9719.0,14270.0
Mouse_Thymus1,8_33,3,9719.0,14370.0
Mouse_Thymus1,8_34,3,9719.0,14470.0
Mouse_Thymus1,8_35,3,9719.0,14570.0
Mouse_Thymus1,8_36,3,9719.0,14670.0
Mouse_Thymus1,8_37,3,9719.0,14770.0
Mouse_Thymus1,8_38,3,9719.0,14870.0
Mouse_Thymus1,8_39,3,9719.0,14970.0
Mouse_Thymus1,8_40,3,9719.0,15070.0
Mouse_Thymus1,8_41,3,9719.0,15170.0
Mouse_Thymus1,8_42,3,9719.0,15270.0
Mouse_Thymus1,8_43,3,9719.0,15370.0
Mouse_Thymus1,8_44,3,9719.0,15470.0
Mouse_Thymus1,8_45,3,9719.0,15570.0
Mouse_Thymus1,8_46,3,9719.0,15670.0
Mouse_Thymus1,8_47,3,9719.0,15770.0
Mouse_Thymus1,8_48,3,9719.0,15870.0
Mouse_Thymus1,8_49,0,9719.0,15970.0
Mouse_Thymus1,8_50,6,9719.0,16070.0
Mouse_Thymus1,8_51,3,9719.0,16170.0
Mouse_Thymus1,8_52,0,9719.0,16270.0
Mouse_Thymus1,8_53,3,9719.0,16370.0
Mouse_Thymus1,8_54,3,9719.0,16470.0
Mouse_Thymus1,8_55,6,9719.0,16570.0
Mouse_Thymus1,8_56,3,9719.0,16670.0
Mouse_Thymus1,8_57,3,9719.0,16770.0
Mouse_Thymus1,8_58,3,9719.0,16870.0
Mouse_Thymus1,8_59,6,9719.0,16970.0
Mouse_Thymus1,8_60,3,9719.0,17070.0
Mouse_Thymus1,8_61,0,9719.0,17170.0
Mouse_Thymus1,8_62,3,9719.0,17270.0
Mouse_Thymus1,8_63,3,9719.0,17370.0
Mouse_Thymus1,8_64,3,9719.0,17470.0
Mouse_Thymus1,8_65,3,9719.0,17570.0
Mouse_Thymus1,8_66,3,9719.0,17670.0
Mouse_Thymus1,8_67,3,9719.0,17770.0
Mouse_Thymus1,8_68,3,9719.0,17870.0
Mouse_Thymus1,8_69,3,9719.0,17970.0
Mouse_Thymus1,8_7,3,9719.0,11770.0
Mouse_Thymus1,8_70,6,9719.0,18070.0
Mouse_Thymus1,8_71,0,9719.0,18170.0
Mouse_Thymus1,8_72,3,9719.0,18270.0
Mouse_Thymus1,8_73,0,9719.0,18370.0
Mouse_Thymus1,8_74,3,9719.0,18470.0
Mouse_Thymus1,8_8,3,9719.0,11870.0
Mouse_Thymus1,8_9,3,9719.0,11970.0
Mouse_Thymus1,9_10,3,9819.0,12070.0
Mouse_Thymus1,9_11,3,9819.0,12170.0
Mouse_Thymus1,9_12,3,9819.0,12270.0
Mouse_Thymus1,9_13,3,9819.0,12370.0
Mouse_Thymus1,9_14,3,9819.0,12470.0
Mouse_Thymus1,9_15,3,9819.0,12570.0
Mouse_Thymus1,9_16,3,9819.0,12670.0
Mouse_Thymus1,9_17,6,9819.0,12770.0
Mouse_Thymus1,9_18,3,9819.0,12870.0
Mouse_Thymus1,9_19,0,9819.0,12970.0
Mouse_Thymus1,9_20,3,9819.0,13070.0
Mouse_Thymus1,9_21,3,9819.0,13170.0
Mouse_Thymus1,9_22,3,9819.0,13270.0
Mouse_Thymus1,9_23,3,9819.0,13370.0
Mouse_Thymus1,9_24,3,9819.0,13470.0
Mouse_Thymus1,9_25,7,9819.0,13570.0
Mouse_Thymus1,9_26,3,9819.0,13670.0
Mouse_Thymus1,9_27,6,9819.0,13770.0
Mouse_Thymus1,9_28,3,9819.0,13870.0
Mouse_Thymus1,9_29,0,9819.0,13970.0
Mouse_Thymus1,9_30,3,9819.0,14070.0
Mouse_Thymus1,9_31,3,9819.0,14170.0
Mouse_Thymus1,9_32,3,9819.0,14270.0
Mouse_Thymus1,9_33,3,9819.0,14370.0
Mouse_Thymus1,9_34,3,9819.0,14470.0
Mouse_Thymus1,9_35,3,9819.0,14570.0
Mouse_Thymus1,9_36,3,9819.0,14670.0
Mouse_Thymus1,9_37,3,9819.0,14770.0
Mouse_Thymus1,9_38,0,9819.0,14870.0
Mouse_Thymus1,9_39,6,9819.0,14970.0
Mouse_Thymus1,9_40,6,9819.0,15070.0
Mouse_Thymus1,9_41,3,9819.0,15170.0
Mouse_Thymus1,9_42,3,9819.0,15270.0
Mouse_Thymus1,9_43,3,9819.0,15370.0
Mouse_Thymus1,9_44,3,9819.0,15470.0
Mouse_Thymus1,9_45,6,9819.0,15570.0
Mouse_Thymus1,9_46,3,9819.0,15670.0
Mouse_Thymus1,9_47,3,9819.0,15770.0
Mouse_Thymus1,9_48,0,9819.0,15870.0
Mouse_Thymus1,9_49,3,9819.0,15970.0
Mouse_Thymus1,9_50,3,9819.0,16070.0
Mouse_Thymus1,9_51,0,9819.0,16170.0
Mouse_Thymus1,9_52,6,9819.0,16270.0
Mouse_Thymus1,9_53,0,9819.0,16370.0
Mouse_Thymus1,9_54,3,9819.0,16470.0
Mouse_Thymus1,9_55,3,9819.0,16570.0
Mouse_Thymus1,9_56,6,9819.0,16670.0
Mouse_Thymus1,9_57,3,9819.0,16770.0
Mouse_Thymus1,9_58,3,9819.0,16870.0
Mouse_Thymus1,9_59,3,9819.0,16970.0
Mouse_Thymus1,9_6,3,9819.0,11670.0
Mouse_Thymus1,9_60,3,9819.0,17070.0
Mouse_Thymus1,9_61,3,9819.0,17170.0
Mouse_Thymus1,9_62,0,9819.0,17270.0
Mouse_Thymus1,9_63,3,9819.0,17370.0
Mouse_Thymus1,9_64,3,9819.0,17470.0
Mouse_Thymus1,9_65,3,9819.0,17570.0
Mouse_Thymus1,9_66,3,9819.0,17670.0
Mouse_Thymus1,9_67,3,9819.0,17770.0
Mouse_Thymus1,9_68,3,9819.0,17870.0
Mouse_Thymus1,9_69,3,9819.0,17970.0
Mouse_Thymus1,9_7,3,9819.0,11770.0
Mouse_Thymus1,9_70,3,9819.0,18070.0
Mouse_Thymus1,9_71,3,9819.0,18170.0
Mouse_Thymus1,9_72,3,9819.0,18270.0
Mouse_Thymus1,9_73,3,9819.0,18370.0
Mouse_Thymus1,9_74,6,9819.0,18470.0
Mouse_Thymus1,9_75,3,9819.0,18570.0
Mouse_Thymus1,9_8,3,9819.0,11870.0
Mouse_Thymus1,9_9,3,9819.0,11970.0
Mouse_Thymus2,110_38,2,18838.0,16871.0
Mouse_Thymus2,71_20,1,14938.0,15071.0
Mouse_Thymus2,48_23,1,12638.0,15371.0
Mouse_Thymus2,94_54,5,17238.0,18471.0
Mouse_Thymus2,69_34,2,14738.0,16471.0
Mouse_Thymus2,9_46,4,8738.0,17671.0
Mouse_Thymus2,108_57,1,18638.0,18771.0
Mouse_Thymus2,115_65,5,19338.0,19571.0
Mouse_Thymus2,104_42,1,18238.0,17271.0
Mouse_Thymus2,94_23,2,17238.0,15371.0
Mouse_Thymus2,111_42,2,18938.0,17271.0
Mouse_Thymus2,13_51,5,9138.0,18171.0
Mouse_Thymus2,17_39,5,9538.0,16971.0
Mouse_Thymus2,63_20,1,14138.0,15071.0
Mouse_Thymus2,89_44,5,16738.0,17471.0
Mouse_Thymus2,99_40,4,17738.0,17071.0
Mouse_Thymus2,72_27,2,15038.0,15771.0
Mouse_Thymus2,82_0,4,16038.0,13071.0
Mouse_Thymus2,64_27,5,14238.0,15771.0
Mouse_Thymus2,78_46,4,15638.0,17671.0
Mouse_Thymus2,89_14,2,16738.0,14471.0
Mouse_Thymus2,78_8,5,15638.0,13871.0
Mouse_Thymus2,78_18,1,15638.0,14871.0
Mouse_Thymus2,96_24,2,17438.0,15471.0
Mouse_Thymus2,63_29,2,14138.0,15971.0
Mouse_Thymus2,97_7,5,17538.0,13771.0
Mouse_Thymus2,88_9,1,16638.0,13971.0
Mouse_Thymus2,53_31,4,13138.0,16171.0
Mouse_Thymus2,45_38,2,12338.0,16871.0
Mouse_Thymus2,88_49,4,16638.0,17971.0
Mouse_Thymus2,117_46,2,19538.0,17671.0
Mouse_Thymus2,29_46,2,10738.0,17671.0
Mouse_Thymus2,87_26,4,16538.0,15671.0
Mouse_Thymus2,55_23,4,13338.0,15371.0
Mouse_Thymus2,94_31,4,17238.0,16171.0
Mouse_Thymus2,75_26,2,15338.0,15671.0
Mouse_Thymus2,67_32,4,14538.0,16271.0
Mouse_Thymus2,78_12,5,15638.0,14271.0
Mouse_Thymus2,115_52,5,19338.0,18271.0
Mouse_Thymus2,109_39,2,18738.0,16971.0
Mouse_Thymus2,48_25,1,12638.0,15571.0
Mouse_Thymus2,43_26,1,12138.0,15671.0
Mouse_Thymus2,111_50,5,18938.0,18071.0
Mouse_Thymus2,94_52,5,17238.0,18271.0
Mouse_Thymus2,91_17,2,16938.0,14771.0
Mouse_Thymus2,112_46,2,19038.0,17671.0
Mouse_Thymus2,37_55,7,11538.0,18571.0
Mouse_Thymus2,79_19,2,15738.0,14971.0
Mouse_Thymus2,82_47,4,16038.0,17771.0
Mouse_Thymus2,83_4,5,16138.0,13471.0
Mouse_Thymus2,95_18,5,17338.0,14871.0
Mouse_Thymus2,103_32,2,18138.0,16271.0
Mouse_Thymus2,61_41,5,13938.0,17171.0
Mouse_Thymus2,28_43,2,10638.0,17371.0
Mouse_Thymus2,63_26,1,14138.0,15671.0
Mouse_Thymus2,118_46,5,19638.0,17671.0
Mouse_Thymus2,24_35,7,10238.0,16571.0
Mouse_Thymus2,46_33,4,12438.0,16371.0
Mouse_Thymus2,78_36,2,15638.0,16671.0
Mouse_Thymus2,76_46,4,15438.0,17671.0
Mouse_Thymus2,30_39,5,10838.0,16971.0
Mouse_Thymus2,88_37,4,16638.0,16771.0
Mouse_Thymus2,79_25,2,15738.0,15571.0
Mouse_Thymus2,42_26,4,12038.0,15671.0
Mouse_Thymus2,93_28,1,17138.0,15871.0
Mouse_Thymus2,42_39,2,12038.0,16971.0
Mouse_Thymus2,13_42,4,9138.0,17271.0
Mouse_Thymus2,20_37,5,9838.0,16771.0
Mouse_Thymus2,101_40,2,17938.0,17071.0
Mouse_Thymus2,108_25,4,18638.0,15571.0
Mouse_Thymus2,13_39,4,9138.0,16971.0
Mouse_Thymus2,91_9,5,16938.0,13971.0
Mouse_Thymus2,63_41,5,14138.0,17171.0
Mouse_Thymus2,107_34,2,18538.0,16471.0
Mouse_Thymus2,120_45,5,19838.0,17571.0
Mouse_Thymus2,90_10,5,16838.0,14071.0
Mouse_Thymus2,62_11,5,14038.0,14171.0
Mouse_Thymus2,26_34,4,10438.0,16471.0
Mouse_Thymus2,59_29,2,13738.0,15971.0
Mouse_Thymus2,107_43,1,18538.0,17371.0
Mouse_Thymus2,100_42,5,17838.0,17271.0
Mouse_Thymus2,94_41,4,17238.0,17171.0
Mouse_Thymus2,79_27,2,15738.0,15771.0
Mouse_Thymus2,95_33,1,17338.0,16371.0
Mouse_Thymus2,49_48,5,12738.0,17871.0
Mouse_Thymus2,81_35,5,15938.0,16571.0
Mouse_Thymus2,72_9,4,15038.0,13971.0
Mouse_Thymus2,81_11,5,15938.0,14171.0
Mouse_Thymus2,22_55,4,10038.0,18571.0
Mouse_Thymus2,88_33,5,16638.0,16371.0
Mouse_Thymus2,36_24,7,11438.0,15471.0
Mouse_Thymus2,106_22,4,18438.0,15271.0
Mouse_Thymus2,97_41,5,17538.0,17171.0
Mouse_Thymus2,86_51,5,16438.0,18171.0
Mouse_Thymus2,56_16,5,13438.0,14671.0
Mouse_Thymus2,39_38,1,11738.0,16871.0
Mouse_Thymus2,83_36,1,16138.0,16671.0
Mouse_Thymus2,99_58,5,17738.0,18871.0
Mouse_Thymus2,24_56,1,10238.0,18671.0
Mouse_Thymus2,48_40,2,12638.0,17071.0
Mouse_Thymus2,85_18,2,16338.0,14871.0
Mouse_Thymus2,82_52,5,16038.0,18271.0
Mouse_Thymus2,75_37,2,15338.0,16771.0
Mouse_Thymus2,65_29,1,14338.0,15971.0
Mouse_Thymus2,64_23,4,14238.0,15371.0
Mouse_Thymus2,93_46,5,17138.0,17671.0
Mouse_Thymus2,64_18,1,14238.0,14871.0
Mouse_Thymus2,10_46,5,8838.0,17671.0
Mouse_Thymus2,85_7,4,16338.0,13771.0
Mouse_Thymus2,33_25,5,11138.0,15571.0
Mouse_Thymus2,32_39,5,11038.0,16971.0
Mouse_Thymus2,88_45,5,16638.0,17571.0
Mouse_Thymus2,78_4,5,15638.0,13471.0
Mouse_Thymus2,120_39,7,19838.0,16971.0
Mouse_Thymus2,21_44,2,9938.0,17471.0
Mouse_Thymus2,57_29,2,13538.0,15971.0
Mouse_Thymus2,84_10,5,16238.0,14071.0
Mouse_Thymus2,121_48,5,19938.0,17871.0
Mouse_Thymus2,92_33,5,17038.0,16371.0
Mouse_Thymus2,83_7,5,16138.0,13771.0
Mouse_Thymus2,103_28,2,18138.0,15871.0
Mouse_Thymus2,105_49,5,18338.0,17971.0
Mouse_Thymus2,97_20,2,17538.0,15071.0
Mouse_Thymus2,72_32,1,15038.0,16271.0
Mouse_Thymus2,40_26,1,11838.0,15671.0
Mouse_Thymus2,91_48,5,16938.0,17871.0
Mouse_Thymus2,91_50,5,16938.0,18071.0
Mouse_Thymus2,78_47,4,15638.0,17771.0
Mouse_Thymus2,39_40,2,11738.0,17071.0
Mouse_Thymus2,79_26,2,15738.0,15671.0
Mouse_Thymus2,34_33,5,11238.0,16371.0
Mouse_Thymus2,77_5,5,15538.0,13571.0
Mouse_Thymus2,31_47,2,10938.0,17771.0
Mouse_Thymus2,67_22,2,14538.0,15271.0
Mouse_Thymus2,122_57,4,20038.0,18771.0
Mouse_Thymus2,92_20,1,17038.0,15071.0
Mouse_Thymus2,18_43,2,9638.0,17371.0
Mouse_Thymus2,37_40,2,11538.0,17071.0
Mouse_Thymus2,21_42,4,9938.0,17271.0
Mouse_Thymus2,32_38,5,11038.0,16871.0
Mouse_Thymus2,43_28,2,12138.0,15871.0
Mouse_Thymus2,43_32,4,12138.0,16271.0
Mouse_Thymus2,86_55,5,16438.0,18571.0
Mouse_Thymus2,88_31,5,16638.0,16171.0
Mouse_Thymus2,89_32,4,16738.0,16271.0
Mouse_Thymus2,29_48,2,10738.0,17871.0
Mouse_Thymus2,39_29,1,11738.0,15971.0
Mouse_Thymus2,98_15,5,17638.0,14571.0
Mouse_Thymus2,119_65,5,19738.0,19571.0
Mouse_Thymus2,115_60,1,19338.0,19071.0
Mouse_Thymus2,27_36,5,10538.0,16671.0
Mouse_Thymus2,98_46,5,17638.0,17671.0
Mouse_Thymus2,101_28,2,17938.0,15871.0
Mouse_Thymus2,66_24,2,14438.0,15471.0
Mouse_Thymus2,54_16,5,13238.0,14671.0
Mouse_Thymus2,116_61,1,19438.0,19171.0
Mouse_Thymus2,86_15,2,16438.0,14571.0
Mouse_Thymus2,39_25,5,11738.0,15571.0
Mouse_Thymus2,29_45,2,10738.0,17571.0
Mouse_Thymus2,95_49,5,17338.0,17971.0
Mouse_Thymus2,17_45,2,9538.0,17571.0
Mouse_Thymus2,108_46,2,18638.0,17671.0
Mouse_Thymus2,89_5,5,16738.0,13571.0
Mouse_Thymus2,61_32,2,13938.0,16271.0
Mouse_Thymus2,114_32,5,19238.0,16271.0
Mouse_Thymus2,106_25,5,18438.0,15571.0
Mouse_Thymus2,42_33,5,12038.0,16371.0
Mouse_Thymus2,47_32,1,12538.0,16271.0
Mouse_Thymus2,59_14,5,13738.0,14471.0
Mouse_Thymus2,68_35,2,14638.0,16571.0
Mouse_Thymus2,79_17,5,15738.0,14771.0
Mouse_Thymus2,42_30,2,12038.0,16071.0
Mouse_Thymus2,99_45,5,17738.0,17571.0
Mouse_Thymus2,79_52,5,15738.0,18271.0
Mouse_Thymus2,31_45,2,10938.0,17571.0
Mouse_Thymus2,94_46,5,17238.0,17671.0
Mouse_Thymus2,97_55,5,17538.0,18571.0
Mouse_Thymus2,85_15,2,16338.0,14571.0
Mouse_Thymus2,76_49,5,15438.0,17971.0
Mouse_Thymus2,85_30,4,16338.0,16071.0
Mouse_Thymus2,21_43,2,9938.0,17371.0
Mouse_Thymus2,67_39,5,14538.0,16971.0
Mouse_Thymus2,33_56,7,11138.0,18671.0
Mouse_Thymus2,35_31,1,11338.0,16171.0
Mouse_Thymus2,84_49,5,16238.0,17971.0
Mouse_Thymus2,46_35,1,12438.0,16571.0
Mouse_Thymus2,38_30,4,11638.0,16071.0
Mouse_Thymus2,64_29,2,14238.0,15971.0
Mouse_Thymus2,44_18,5,12238.0,14871.0
Mouse_Thymus2,116_38,5,19438.0,16871.0
Mouse_Thymus2,53_20,2,13138.0,15071.0
Mouse_Thymus2,91_27,5,16938.0,15771.0
Mouse_Thymus2,75_10,5,15338.0,14071.0
Mouse_Thymus2,40_36,1,11838.0,16671.0
Mouse_Thymus2,84_34,5,16238.0,16471.0
Mouse_Thymus2,33_37,1,11138.0,16771.0
Mouse_Thymus2,87_36,4,16538.0,16671.0
Mouse_Thymus2,116_52,1,19438.0,18271.0
Mouse_Thymus2,76_8,5,15438.0,13871.0
Mouse_Thymus2,100_22,2,17838.0,15271.0
Mouse_Thymus2,99_37,2,17738.0,16771.0
Mouse_Thymus2,98_53,5,17638.0,18371.0
Mouse_Thymus2,110_30,5,18838.0,16071.0
Mouse_Thymus2,114_33,4,19238.0,16371.0
Mouse_Thymus2,92_48,5,17038.0,17871.0
Mouse_Thymus2,92_11,5,17038.0,14171.0
Mouse_Thymus2,97_22,2,17538.0,15271.0
Mouse_Thymus2,37_54,5,11538.0,18471.0
Mouse_Thymus2,60_22,2,13838.0,15271.0
Mouse_Thymus2,118_47,1,19638.0,17771.0
Mouse_Thymus2,88_27,5,16638.0,15771.0
Mouse_Thymus2,106_49,5,18438.0,17971.0
Mouse_Thymus2,29_49,5,10738.0,17971.0
Mouse_Thymus2,123_59,5,20138.0,18971.0
Mouse_Thymus2,112_50,5,19038.0,18071.0
Mouse_Thymus2,80_23,2,15838.0,15371.0
Mouse_Thymus2,41_48,1,11938.0,17871.0
Mouse_Thymus2,48_18,5,12638.0,14871.0
Mouse_Thymus2,28_39,5,10638.0,16971.0
Mouse_Thymus2,53_14,7,13138.0,14471.0
Mouse_Thymus2,32_42,2,11038.0,17271.0
Mouse_Thymus2,106_52,5,18438.0,18271.0
Mouse_Thymus2,33_30,5,11138.0,16071.0
Mouse_Thymus2,65_16,5,14338.0,14671.0
Mouse_Thymus2,65_38,5,14338.0,16871.0
Mouse_Thymus2,68_32,1,14638.0,16271.0
Mouse_Thymus2,50_43,5,12838.0,17371.0
Mouse_Thymus2,111_31,4,18938.0,16171.0
Mouse_Thymus2,13_48,1,9138.0,17871.0
Mouse_Thymus2,50_20,5,12838.0,15071.0
Mouse_Thymus2,105_44,5,18338.0,17471.0
Mouse_Thymus2,47_26,4,12538.0,15671.0
Mouse_Thymus2,11_41,5,8938.0,17171.0
Mouse_Thymus2,58_17,5,13638.0,14771.0
Mouse_Thymus2,93_15,4,17138.0,14571.0
Mouse_Thymus2,118_54,2,19638.0,18471.0
Mouse_Thymus2,22_49,1,10038.0,17971.0
Mouse_Thymus2,98_17,4,17638.0,14771.0
Mouse_Thymus2,94_58,5,17238.0,18871.0
Mouse_Thymus2,42_44,2,12038.0,17471.0
Mouse_Thymus2,115_46,2,19338.0,17671.0
Mouse_Thymus2,37_46,2,11538.0,17671.0
Mouse_Thymus2,87_56,5,16538.0,18671.0
Mouse_Thymus2,47_18,5,12538.0,14871.0
Mouse_Thymus2,81_48,5,15938.0,17871.0
Mouse_Thymus2,8_44,5,8638.0,17471.0
Mouse_Thymus2,123_69,5,20138.0,19971.0
Mouse_Thymus2,83_29,2,16138.0,15971.0
Mouse_Thymus2,59_42,7,13738.0,17271.0
Mouse_Thymus2,110_32,5,18838.0,16271.0
Mouse_Thymus2,67_40,4,14538.0,17071.0
Mouse_Thymus2,87_2,7,16538.0,13271.0
Mouse_Thymus2,74_7,5,15238.0,13771.0
Mouse_Thymus2,92_34,4,17038.0,16471.0
Mouse_Thymus2,116_37,5,19438.0,16771.0
Mouse_Thymus2,43_40,2,12138.0,17071.0
Mouse_Thymus2,20_39,5,9838.0,16971.0
Mouse_Thymus2,102_54,5,18038.0,18471.0
Mouse_Thymus2,44_17,7,12238.0,14771.0
Mouse_Thymus2,94_37,5,17238.0,16771.0
Mouse_Thymus2,30_49,1,10838.0,17971.0
Mouse_Thymus2,98_14,5,17638.0,14471.0
Mouse_Thymus2,109_51,5,18738.0,18171.0
Mouse_Thymus2,19_52,4,9738.0,18271.0
Mouse_Thymus2,89_35,4,16738.0,16571.0
Mouse_Thymus2,100_10,5,17838.0,14071.0
Mouse_Thymus2,106_24,5,18438.0,15471.0
Mouse_Thymus2,95_13,4,17338.0,14371.0
Mouse_Thymus2,91_21,2,16938.0,15171.0
Mouse_Thymus2,111_55,5,18938.0,18571.0
Mouse_Thymus2,104_38,2,18238.0,16871.0
Mouse_Thymus2,15_41,4,9338.0,17171.0
Mouse_Thymus2,77_28,2,15538.0,15871.0
Mouse_Thymus2,83_45,5,16138.0,17571.0
Mouse_Thymus2,70_44,7,14838.0,17471.0
Mouse_Thymus2,45_32,4,12338.0,16271.0
Mouse_Thymus2,92_17,2,17038.0,14771.0
Mouse_Thymus2,63_9,7,14138.0,13971.0
Mouse_Thymus2,83_0,4,16138.0,13071.0
Mouse_Thymus2,81_40,2,15938.0,17071.0
Mouse_Thymus2,42_24,1,12038.0,15471.0
Mouse_Thymus2,120_61,2,19838.0,19171.0
Mouse_Thymus2,118_38,1,19638.0,16871.0
Mouse_Thymus2,54_30,4,13238.0,16071.0
Mouse_Thymus2,122_50,5,20038.0,18071.0
Mouse_Thymus2,82_38,1,16038.0,16871.0
Mouse_Thymus2,80_32,1,15838.0,16271.0
Mouse_Thymus2,123_61,5,20138.0,19171.0
Mouse_Thymus2,98_31,4,17638.0,16171.0
Mouse_Thymus2,91_6,5,16938.0,13671.0
Mouse_Thymus2,82_32,5,16038.0,16271.0
Mouse_Thymus2,54_14,1,13238.0,14471.0
Mouse_Thymus2,55_20,5,13338.0,15071.0
Mouse_Thymus2,71_45,7,14938.0,17571.0
Mouse_Thymus2,30_46,2,10838.0,17671.0
Mouse_Thymus2,76_29,2,15438.0,15971.0
Mouse_Thymus2,59_41,5,13738.0,17171.0
Mouse_Thymus2,24_41,5,10238.0,17171.0
Mouse_Thymus2,110_34,5,18838.0,16471.0
Mouse_Thymus2,94_24,2,17238.0,15471.0
Mouse_Thymus2,48_43,2,12638.0,17371.0
Mouse_Thymus2,108_40,2,18638.0,17071.0
Mouse_Thymus2,97_31,2,17538.0,16171.0
Mouse_Thymus2,74_46,5,15238.0,17671.0
Mouse_Thymus2,41_39,2,11938.0,16971.0
Mouse_Thymus2,88_21,2,16638.0,15171.0
Mouse_Thymus2,99_35,2,17738.0,16571.0
Mouse_Thymus2,30_42,2,10838.0,17271.0
Mouse_Thymus2,82_36,5,16038.0,16671.0
Mouse_Thymus2,56_37,1,13438.0,16771.0
Mouse_Thymus2,110_48,5,18838.0,17871.0
Mouse_Thymus2,54_35,1,13238.0,16571.0
Mouse_Thymus2,100_51,5,17838.0,18171.0
Mouse_Thymus2,94_22,2,17238.0,15271.0
Mouse_Thymus2,30_41,2,10838.0,17171.0
Mouse_Thymus2,39_22,5,11738.0,15271.0
Mouse_Thymus2,55_38,1,13338.0,16871.0
Mouse_Thymus2,96_32,4,17438.0,16271.0
Mouse_Thymus2,122_52,5,20038.0,18271.0
Mouse_Thymus2,49_20,5,12738.0,15071.0
Mouse_Thymus2,18_48,4,9638.0,17871.0
Mouse_Thymus2,107_47,5,18538.0,17771.0
Mouse_Thymus2,47_23,4,12538.0,15371.0
Mouse_Thymus2,83_20,2,16138.0,15071.0
Mouse_Thymus2,98_29,5,17638.0,15971.0
Mouse_Thymus2,55_42,1,13338.0,17271.0
Mouse_Thymus2,101_54,5,17938.0,18471.0
Mouse_Thymus2,75_13,4,15338.0,14371.0
Mouse_Thymus2,117_40,4,19538.0,17071.0
Mouse_Thymus2,72_11,4,15038.0,14171.0
Mouse_Thymus2,6_42,4,8438.0,17271.0
Mouse_Thymus2,110_50,1,18838.0,18071.0
Mouse_Thymus2,83_52,5,16138.0,18271.0
Mouse_Thymus2,54_27,2,13238.0,15771.0
Mouse_Thymus2,43_36,1,12138.0,16671.0
Mouse_Thymus2,80_27,1,15838.0,15771.0
Mouse_Thymus2,91_22,2,16938.0,15271.0
Mouse_Thymus2,92_39,5,17038.0,16971.0
Mouse_Thymus2,89_25,4,16738.0,15571.0
Mouse_Thymus2,91_13,5,16938.0,14371.0
Mouse_Thymus2,12_40,5,9038.0,17071.0
Mouse_Thymus2,65_31,2,14338.0,16171.0
Mouse_Thymus2,114_38,5,19238.0,16871.0
Mouse_Thymus2,97_18,4,17538.0,14871.0
Mouse_Thymus2,89_41,5,16738.0,17171.0
Mouse_Thymus2,25_34,5,10338.0,16471.0
Mouse_Thymus2,76_33,2,15438.0,16371.0
Mouse_Thymus2,101_35,2,17938.0,16571.0
Mouse_Thymus2,29_54,1,10738.0,18471.0
Mouse_Thymus2,79_50,5,15738.0,18071.0
Mouse_Thymus2,20_49,1,9838.0,17971.0
Mouse_Thymus2,86_38,5,16438.0,16871.0
Mouse_Thymus2,113_57,5,19138.0,18771.0
Mouse_Thymus2,31_32,1,10938.0,16271.0
Mouse_Thymus2,116_49,2,19438.0,17971.0
Mouse_Thymus2,96_54,5,17438.0,18471.0
Mouse_Thymus2,23_53,5,10138.0,18371.0
Mouse_Thymus2,79_21,2,15738.0,15171.0
Mouse_Thymus2,89_40,5,16738.0,17071.0
Mouse_Thymus2,99_50,5,17738.0,18071.0
Mouse_Thymus2,10_43,5,8838.0,17371.0
Mouse_Thymus2,23_41,5,10138.0,17171.0
Mouse_Thymus2,92_10,4,17038.0,14071.0
Mouse_Thymus2,34_44,2,11238.0,17471.0
Mouse_Thymus2,55_35,2,13338.0,16571.0
Mouse_Thymus2,98_7,4,17638.0,13771.0
Mouse_Thymus2,90_44,5,16838.0,17471.0
Mouse_Thymus2,91_46,5,16938.0,17671.0
Mouse_Thymus2,81_46,5,15938.0,17671.0
Mouse_Thymus2,57_42,4,13538.0,17271.0
Mouse_Thymus2,69_7,5,14738.0,13771.0
Mouse_Thymus2,81_33,5,15938.0,16371.0
Mouse_Thymus2,84_3,5,16238.0,13371.0
Mouse_Thymus2,49_31,1,12738.0,16171.0
Mouse_Thymus2,50_22,4,12838.0,15271.0
Mouse_Thymus2,95_56,5,17338.0,18671.0
Mouse_Thymus2,39_47,1,11738.0,17771.0
Mouse_Thymus2,65_12,4,14338.0,14271.0
Mouse_Thymus2,76_43,4,15438.0,17371.0
Mouse_Thymus2,83_25,4,16138.0,15571.0
Mouse_Thymus2,90_40,5,16838.0,17071.0
Mouse_Thymus2,112_54,4,19038.0,18471.0
Mouse_Thymus2,12_41,5,9038.0,17171.0
Mouse_Thymus2,84_50,4,16238.0,18071.0
Mouse_Thymus2,49_45,5,12738.0,17571.0
Mouse_Thymus2,117_38,5,19538.0,16871.0
Mouse_Thymus2,41_35,5,11938.0,16571.0
Mouse_Thymus2,32_32,1,11038.0,16271.0
Mouse_Thymus2,103_35,2,18138.0,16571.0
Mouse_Thymus2,33_26,5,11138.0,15671.0
Mouse_Thymus2,87_35,5,16538.0,16571.0
Mouse_Thymus2,17_41,5,9538.0,17171.0
Mouse_Thymus2,99_36,2,17738.0,16671.0
Mouse_Thymus2,30_30,1,10838.0,16071.0
Mouse_Thymus2,40_35,1,11838.0,16571.0
Mouse_Thymus2,59_20,4,13738.0,15071.0
Mouse_Thymus2,90_55,5,16838.0,18571.0
Mouse_Thymus2,119_57,1,19738.0,18771.0
Mouse_Thymus2,80_18,2,15838.0,14871.0
Mouse_Thymus2,69_26,2,14738.0,15671.0
Mouse_Thymus2,89_18,2,16738.0,14871.0
Mouse_Thymus2,95_32,4,17338.0,16271.0
Mouse_Thymus2,109_30,5,18738.0,16071.0
Mouse_Thymus2,27_47,2,10538.0,17771.0
Mouse_Thymus2,98_32,2,17638.0,16271.0
Mouse_Thymus2,97_58,5,17538.0,18871.0
Mouse_Thymus2,56_36,1,13438.0,16671.0
Mouse_Thymus2,92_36,5,17038.0,16671.0
Mouse_Thymus2,79_22,2,15738.0,15271.0
Mouse_Thymus2,63_27,1,14138.0,15771.0
Mouse_Thymus2,99_27,2,17738.0,15771.0
Mouse_Thymus2,105_30,4,18338.0,16071.0
Mouse_Thymus2,101_49,5,17938.0,17971.0
Mouse_Thymus2,34_34,5,11238.0,16471.0
Mouse_Thymus2,16_53,4,9438.0,18371.0
Mouse_Thymus2,47_43,2,12538.0,17371.0
Mouse_Thymus2,24_45,2,10238.0,17571.0
Mouse_Thymus2,113_64,5,19138.0,19471.0
Mouse_Thymus2,24_55,4,10238.0,18571.0
Mouse_Thymus2,39_42,2,11738.0,17271.0
Mouse_Thymus2,37_26,5,11538.0,15671.0
Mouse_Thymus2,74_19,4,15238.0,14971.0
Mouse_Thymus2,20_55,4,9838.0,18571.0
Mouse_Thymus2,16_44,2,9438.0,17471.0
Mouse_Thymus2,95_37,4,17338.0,16771.0
Mouse_Thymus2,122_51,5,20038.0,18171.0
Mouse_Thymus2,51_27,2,12938.0,15771.0
Mouse_Thymus2,97_48,4,17538.0,17871.0
Mouse_Thymus2,76_26,2,15438.0,15671.0
Mouse_Thymus2,73_15,5,15138.0,14571.0
Mouse_Thymus2,71_9,4,14938.0,13971.0
Mouse_Thymus2,118_43,5,19638.0,17371.0
Mouse_Thymus2,55_36,1,13338.0,16671.0
Mouse_Thymus2,11_46,4,8938.0,17671.0
Mouse_Thymus2,26_41,1,10438.0,17171.0
Mouse_Thymus2,66_23,1,14438.0,15371.0
Mouse_Thymus2,79_2,4,15738.0,13271.0
Mouse_Thymus2,111_30,5,18938.0,16071.0
Mouse_Thymus2,34_27,5,11238.0,15771.0
Mouse_Thymus2,111_32,1,18938.0,16271.0
Mouse_Thymus2,80_34,5,15838.0,16471.0
Mouse_Thymus2,5_48,7,8338.0,17871.0
Mouse_Thymus2,76_15,1,15438.0,14571.0
Mouse_Thymus2,72_6,5,15038.0,13671.0
Mouse_Thymus2,118_42,5,19638.0,17271.0
Mouse_Thymus2,94_21,1,17238.0,15171.0
Mouse_Thymus2,122_68,5,20038.0,19871.0
Mouse_Thymus2,63_25,2,14138.0,15571.0
Mouse_Thymus2,109_32,5,18738.0,16271.0
Mouse_Thymus2,91_20,2,16938.0,15071.0
Mouse_Thymus2,59_39,5,13738.0,16971.0
Mouse_Thymus2,112_36,5,19038.0,16671.0
Mouse_Thymus2,111_49,1,18938.0,17971.0
Mouse_Thymus2,59_22,1,13738.0,15271.0
Mouse_Thymus2,76_5,5,15438.0,13571.0
Mouse_Thymus2,33_51,5,11138.0,18171.0
Mouse_Thymus2,104_55,5,18238.0,18571.0
Mouse_Thymus2,82_5,5,16038.0,13571.0
Mouse_Thymus2,95_30,4,17338.0,16071.0
Mouse_Thymus2,70_27,2,14838.0,15771.0
Mouse_Thymus2,86_47,5,16438.0,17771.0
Mouse_Thymus2,91_23,2,16938.0,15371.0
Mouse_Thymus2,16_50,5,9438.0,18071.0
Mouse_Thymus2,40_34,4,11838.0,16471.0
Mouse_Thymus2,93_60,5,17138.0,19071.0
Mouse_Thymus2,69_23,2,14738.0,15371.0
Mouse_Thymus2,35_25,5,11338.0,15571.0
Mouse_Thymus2,23_38,1,10138.0,16871.0
Mouse_Thymus2,20_47,2,9838.0,17771.0
Mouse_Thymus2,124_58,5,20238.0,18871.0
Mouse_Thymus2,85_46,4,16338.0,17671.0
Mouse_Thymus2,44_48,5,12238.0,17871.0
Mouse_Thymus2,51_29,2,12938.0,15971.0
Mouse_Thymus2,68_14,5,14638.0,14471.0
Mouse_Thymus2,94_27,2,17238.0,15771.0
Mouse_Thymus2,110_40,2,18838.0,17071.0
Mouse_Thymus2,112_35,5,19038.0,16571.0
Mouse_Thymus2,62_12,5,14038.0,14271.0
Mouse_Thymus2,38_49,5,11638.0,17971.0
Mouse_Thymus2,77_18,5,15538.0,14871.0
Mouse_Thymus2,62_39,5,14038.0,16971.0
Mouse_Thymus2,44_27,2,12238.0,15771.0
Mouse_Thymus2,85_16,2,16338.0,14671.0
Mouse_Thymus2,98_9,5,17638.0,13971.0
Mouse_Thymus2,31_36,5,10938.0,16671.0
Mouse_Thymus2,45_29,2,12338.0,15971.0
Mouse_Thymus2,50_21,5,12838.0,15171.0
Mouse_Thymus2,55_33,2,13338.0,16371.0
Mouse_Thymus2,22_46,2,10038.0,17671.0
Mouse_Thymus2,71_2,5,14938.0,13271.0
Mouse_Thymus2,86_17,2,16438.0,14771.0
Mouse_Thymus2,98_27,1,17638.0,15771.0
Mouse_Thymus2,89_20,2,16738.0,15071.0
Mouse_Thymus2,62_29,2,14038.0,15971.0
Mouse_Thymus2,20_48,4,9838.0,17871.0
Mouse_Thymus2,15_47,2,9338.0,17771.0
Mouse_Thymus2,35_44,2,11338.0,17471.0
Mouse_Thymus2,119_45,5,19738.0,17571.0
Mouse_Thymus2,58_39,5,13638.0,16971.0
Mouse_Thymus2,71_23,2,14938.0,15371.0
Mouse_Thymus2,81_34,1,15938.0,16471.0
Mouse_Thymus2,113_48,1,19138.0,17871.0
Mouse_Thymus2,106_33,2,18438.0,16371.0
Mouse_Thymus2,112_48,1,19038.0,17871.0
Mouse_Thymus2,89_54,5,16738.0,18471.0
Mouse_Thymus2,72_34,4,15038.0,16471.0
Mouse_Thymus2,35_38,4,11338.0,16871.0
Mouse_Thymus2,21_39,5,9938.0,16971.0
Mouse_Thymus2,76_0,4,15438.0,13071.0
Mouse_Thymus2,56_17,4,13438.0,14771.0
Mouse_Thymus2,71_37,2,14938.0,16771.0
Mouse_Thymus2,77_0,5,15538.0,13071.0
Mouse_Thymus2,94_8,1,17238.0,13871.0
Mouse_Thymus2,75_11,4,15338.0,14171.0
Mouse_Thymus2,56_41,5,13438.0,17171.0
Mouse_Thymus2,73_7,5,15138.0,13771.0
Mouse_Thymus2,90_47,5,16838.0,17771.0
Mouse_Thymus2,103_50,5,18138.0,18071.0
Mouse_Thymus2,27_55,5,10538.0,18571.0
Mouse_Thymus2,22_54,5,10038.0,18471.0
Mouse_Thymus2,103_57,5,18138.0,18771.0
Mouse_Thymus2,72_0,5,15038.0,13071.0
Mouse_Thymus2,78_49,5,15638.0,17971.0
Mouse_Thymus2,30_28,5,10838.0,15871.0
Mouse_Thymus2,98_21,2,17638.0,15171.0
Mouse_Thymus2,74_41,1,15238.0,17171.0
Mouse_Thymus2,85_29,1,16338.0,15971.0
Mouse_Thymus2,47_27,2,12538.0,15771.0
Mouse_Thymus2,102_29,2,18038.0,15971.0
Mouse_Thymus2,56_30,2,13438.0,16071.0
Mouse_Thymus2,76_9,5,15438.0,13971.0
Mouse_Thymus2,35_45,2,11338.0,17571.0
Mouse_Thymus2,106_53,5,18438.0,18371.0
Mouse_Thymus2,104_45,4,18238.0,17571.0
Mouse_Thymus2,90_50,4,16838.0,18071.0
Mouse_Thymus2,73_8,5,15138.0,13871.0
Mouse_Thymus2,63_18,4,14138.0,14871.0
Mouse_Thymus2,23_45,2,10138.0,17571.0
Mouse_Thymus2,93_14,4,17138.0,14471.0
Mouse_Thymus2,36_53,5,11438.0,18371.0
Mouse_Thymus2,33_44,2,11138.0,17471.0
Mouse_Thymus2,105_35,2,18338.0,16571.0
Mouse_Thymus2,110_49,5,18838.0,17971.0
Mouse_Thymus2,110_44,2,18838.0,17471.0
Mouse_Thymus2,65_18,1,14338.0,14871.0
Mouse_Thymus2,96_27,1,17438.0,15771.0
Mouse_Thymus2,93_23,2,17138.0,15371.0
Mouse_Thymus2,68_5,7,14638.0,13571.0
Mouse_Thymus2,86_23,4,16438.0,15371.0
Mouse_Thymus2,115_45,2,19338.0,17571.0
Mouse_Thymus2,63_28,2,14138.0,15871.0
Mouse_Thymus2,101_53,5,17938.0,18371.0
Mouse_Thymus2,89_26,1,16738.0,15671.0
Mouse_Thymus2,39_35,4,11738.0,16571.0
Mouse_Thymus2,119_56,1,19738.0,18671.0
Mouse_Thymus2,100_39,2,17838.0,16971.0
Mouse_Thymus2,9_49,4,8738.0,17971.0
Mouse_Thymus2,85_31,5,16338.0,16171.0
Mouse_Thymus2,55_27,2,13338.0,15771.0
Mouse_Thymus2,75_29,2,15338.0,15971.0
Mouse_Thymus2,98_16,5,17638.0,14671.0
Mouse_Thymus2,81_21,2,15938.0,15171.0
Mouse_Thymus2,102_27,2,18038.0,15771.0
Mouse_Thymus2,39_39,1,11738.0,16971.0
Mouse_Thymus2,24_49,1,10238.0,17971.0
Mouse_Thymus2,27_39,5,10538.0,16971.0
Mouse_Thymus2,96_48,4,17438.0,17871.0
Mouse_Thymus2,93_22,2,17138.0,15271.0
Mouse_Thymus2,73_31,2,15138.0,16171.0
Mouse_Thymus2,87_44,5,16538.0,17471.0
Mouse_Thymus2,38_40,2,11638.0,17071.0
Mouse_Thymus2,77_34,2,15538.0,16471.0
Mouse_Thymus2,98_55,5,17638.0,18571.0
Mouse_Thymus2,37_50,5,11538.0,18071.0
Mouse_Thymus2,104_57,5,18238.0,18771.0
Mouse_Thymus2,29_52,5,10738.0,18271.0
Mouse_Thymus2,61_40,5,13938.0,17071.0
Mouse_Thymus2,78_2,5,15638.0,13271.0
Mouse_Thymus2,63_40,5,14138.0,17071.0
Mouse_Thymus2,82_48,5,16038.0,17871.0
Mouse_Thymus2,82_45,1,16038.0,17571.0
Mouse_Thymus2,112_57,4,19038.0,18771.0
Mouse_Thymus2,99_23,2,17738.0,15371.0
Mouse_Thymus2,46_18,5,12438.0,14871.0
Mouse_Thymus2,25_45,2,10338.0,17571.0
Mouse_Thymus2,51_15,5,12938.0,14571.0
Mouse_Thymus2,36_33,1,11438.0,16371.0
Mouse_Thymus2,26_35,5,10438.0,16571.0
Mouse_Thymus2,78_35,2,15638.0,16571.0
Mouse_Thymus2,85_51,4,16338.0,18171.0
Mouse_Thymus2,43_27,2,12138.0,15771.0
Mouse_Thymus2,46_23,5,12438.0,15371.0
Mouse_Thymus2,62_19,1,14038.0,14971.0
Mouse_Thymus2,46_43,2,12438.0,17371.0
Mouse_Thymus2,76_25,2,15438.0,15571.0
Mouse_Thymus2,69_32,5,14738.0,16271.0
Mouse_Thymus2,81_38,2,15938.0,16871.0
Mouse_Thymus2,115_41,5,19338.0,17171.0
Mouse_Thymus2,102_34,1,18038.0,16471.0
Mouse_Thymus2,71_29,2,14938.0,15971.0
Mouse_Thymus2,104_19,5,18238.0,14971.0
Mouse_Thymus2,49_19,5,12738.0,14971.0
Mouse_Thymus2,32_29,5,11038.0,15971.0
Mouse_Thymus2,74_29,1,15238.0,15971.0
Mouse_Thymus2,4_44,4,8238.0,17471.0
Mouse_Thymus2,114_50,5,19238.0,18071.0
Mouse_Thymus2,36_29,1,11438.0,15971.0
Mouse_Thymus2,11_43,5,8938.0,17371.0
Mouse_Thymus2,61_28,2,13938.0,15871.0
Mouse_Thymus2,78_39,2,15638.0,16971.0
Mouse_Thymus2,53_26,4,13138.0,15671.0
Mouse_Thymus2,23_39,5,10138.0,16971.0
Mouse_Thymus2,55_18,4,13338.0,14871.0
Mouse_Thymus2,75_40,2,15338.0,17071.0
Mouse_Thymus2,70_14,4,14838.0,14471.0
Mouse_Thymus2,61_29,2,13938.0,15971.0
Mouse_Thymus2,78_10,1,15638.0,14071.0
Mouse_Thymus2,38_53,5,11638.0,18371.0
Mouse_Thymus2,108_33,5,18638.0,16371.0
Mouse_Thymus2,33_47,2,11138.0,17771.0
Mouse_Thymus2,124_72,5,20238.0,20271.0
Mouse_Thymus2,3_46,4,8138.0,17671.0
Mouse_Thymus2,23_54,5,10138.0,18471.0
Mouse_Thymus2,83_1,5,16138.0,13171.0
Mouse_Thymus2,124_59,5,20238.0,18971.0
Mouse_Thymus2,81_53,4,15938.0,18371.0
Mouse_Thymus2,94_13,4,17238.0,14371.0
Mouse_Thymus2,107_56,5,18538.0,18671.0
Mouse_Thymus2,114_62,5,19238.0,19271.0
Mouse_Thymus2,12_47,1,9038.0,17771.0
Mouse_Thymus2,54_17,4,13238.0,14771.0
Mouse_Thymus2,91_42,4,16938.0,17271.0
Mouse_Thymus2,87_32,5,16538.0,16271.0
Mouse_Thymus2,118_48,2,19638.0,17871.0
Mouse_Thymus2,87_21,2,16538.0,15171.0
Mouse_Thymus2,55_14,5,13338.0,14471.0
Mouse_Thymus2,46_45,4,12438.0,17571.0
Mouse_Thymus2,32_34,5,11038.0,16471.0
Mouse_Thymus2,101_26,2,17938.0,15671.0
Mouse_Thymus2,10_45,4,8838.0,17571.0
Mouse_Thymus2,108_28,5,18638.0,15871.0
Mouse_Thymus2,88_57,4,16638.0,18771.0
Mouse_Thymus2,67_8,5,14538.0,13871.0
Mouse_Thymus2,121_58,2,19938.0,18871.0
Mouse_Thymus2,76_2,5,15438.0,13271.0
Mouse_Thymus2,55_40,1,13338.0,17071.0
Mouse_Thymus2,80_51,5,15838.0,18171.0
Mouse_Thymus2,103_46,5,18138.0,17671.0
Mouse_Thymus2,98_40,4,17638.0,17071.0
Mouse_Thymus2,74_14,4,15238.0,14471.0
Mouse_Thymus2,77_3,5,15538.0,13371.0
Mouse_Thymus2,19_50,5,9738.0,18071.0
Mouse_Thymus2,33_35,5,11138.0,16571.0
Mouse_Thymus2,106_55,4,18438.0,18571.0
Mouse_Thymus2,11_47,5,8938.0,17771.0
Mouse_Thymus2,98_48,4,17638.0,17871.0
Mouse_Thymus2,92_13,5,17038.0,14371.0
Mouse_Thymus2,69_18,4,14738.0,14871.0
Mouse_Thymus2,90_5,7,16838.0,13571.0
Mouse_Thymus2,87_20,2,16538.0,15071.0
Mouse_Thymus2,86_43,5,16438.0,17371.0
Mouse_Thymus2,76_35,2,15438.0,16571.0
Mouse_Thymus2,98_50,5,17638.0,18071.0
Mouse_Thymus2,107_27,5,18538.0,15771.0
Mouse_Thymus2,102_18,5,18038.0,14871.0
Mouse_Thymus2,57_16,4,13538.0,14671.0
Mouse_Thymus2,55_39,4,13338.0,16971.0
Mouse_Thymus2,104_20,4,18238.0,15071.0
Mouse_Thymus2,105_21,4,18338.0,15171.0
Mouse_Thymus2,65_26,2,14338.0,15671.0
Mouse_Thymus2,10_42,5,8838.0,17271.0
Mouse_Thymus2,74_34,2,15238.0,16471.0
Mouse_Thymus2,32_43,2,11038.0,17371.0
Mouse_Thymus2,82_13,5,16038.0,14371.0
Mouse_Thymus2,76_47,5,15438.0,17771.0
Mouse_Thymus2,122_65,2,20038.0,19571.0
Mouse_Thymus2,84_8,5,16238.0,13871.0
Mouse_Thymus2,118_58,2,19638.0,18871.0
Mouse_Thymus2,40_31,1,11838.0,16171.0
Mouse_Thymus2,44_34,5,12238.0,16471.0
Mouse_Thymus2,95_26,2,17338.0,15671.0
Mouse_Thymus2,83_15,1,16138.0,14571.0
Mouse_Thymus2,70_41,5,14838.0,17171.0
Mouse_Thymus2,123_72,5,20138.0,20271.0
Mouse_Thymus2,41_37,5,11938.0,16771.0
Mouse_Thymus2,75_30,2,15338.0,16071.0
Mouse_Thymus2,75_23,2,15338.0,15371.0
Mouse_Thymus2,93_30,5,17138.0,16071.0
Mouse_Thymus2,111_53,5,18938.0,18371.0
Mouse_Thymus2,68_30,4,14638.0,16071.0
Mouse_Thymus2,69_35,2,14738.0,16571.0
Mouse_Thymus2,77_9,4,15538.0,13971.0
Mouse_Thymus2,44_23,5,12238.0,15371.0
Mouse_Thymus2,95_28,4,17338.0,15871.0
Mouse_Thymus2,40_47,1,11838.0,17771.0
Mouse_Thymus2,93_26,2,17138.0,15671.0
Mouse_Thymus2,21_40,5,9938.0,17071.0
Mouse_Thymus2,32_53,5,11038.0,18371.0
Mouse_Thymus2,110_60,4,18838.0,19071.0
Mouse_Thymus2,62_41,5,14038.0,17171.0
Mouse_Thymus2,76_19,1,15438.0,14971.0
Mouse_Thymus2,121_44,5,19938.0,17471.0
Mouse_Thymus2,124_60,5,20238.0,19071.0
Mouse_Thymus2,58_21,5,13638.0,15171.0
Mouse_Thymus2,99_20,2,17738.0,15071.0
Mouse_Thymus2,72_15,5,15038.0,14571.0
Mouse_Thymus2,90_19,2,16838.0,14971.0
Mouse_Thymus2,115_48,2,19338.0,17871.0
Mouse_Thymus2,37_28,4,11538.0,15871.0
Mouse_Thymus2,73_14,5,15138.0,14471.0
Mouse_Thymus2,62_35,2,14038.0,16571.0
Mouse_Thymus2,80_8,5,15838.0,13871.0
Mouse_Thymus2,45_31,1,12338.0,16171.0
Mouse_Thymus2,18_41,4,9638.0,17171.0
Mouse_Thymus2,41_22,5,11938.0,15271.0
Mouse_Thymus2,123_65,2,20138.0,19571.0
Mouse_Thymus2,79_40,2,15738.0,17071.0
Mouse_Thymus2,60_35,2,13838.0,16571.0
Mouse_Thymus2,58_27,2,13638.0,15771.0
Mouse_Thymus2,46_16,7,12438.0,14671.0
Mouse_Thymus2,113_58,5,19138.0,18871.0
Mouse_Thymus2,114_64,5,19238.0,19471.0
Mouse_Thymus2,37_53,5,11538.0,18371.0
Mouse_Thymus2,80_35,4,15838.0,16571.0
Mouse_Thymus2,11_50,5,8938.0,18071.0
Mouse_Thymus2,93_11,5,17138.0,14171.0
Mouse_Thymus2,82_37,4,16038.0,16771.0
Mouse_Thymus2,77_50,5,15538.0,18071.0
Mouse_Thymus2,37_39,2,11538.0,16971.0
Mouse_Thymus2,100_55,5,17838.0,18571.0
Mouse_Thymus2,113_63,5,19138.0,19371.0
Mouse_Thymus2,35_26,5,11338.0,15671.0
Mouse_Thymus2,26_43,2,10438.0,17371.0
Mouse_Thymus2,59_36,2,13738.0,16671.0
Mouse_Thymus2,74_35,2,15238.0,16571.0
Mouse_Thymus2,106_44,5,18438.0,17471.0
Mouse_Thymus2,13_40,5,9138.0,17071.0
Mouse_Thymus2,119_71,7,19738.0,20171.0
Mouse_Thymus2,80_22,2,15838.0,15271.0
Mouse_Thymus2,105_48,4,18338.0,17871.0
Mouse_Thymus2,119_38,4,19738.0,16871.0
Mouse_Thymus2,6_43,4,8438.0,17371.0
Mouse_Thymus2,94_20,4,17238.0,15071.0
Mouse_Thymus2,97_46,4,17538.0,17671.0
Mouse_Thymus2,65_10,5,14338.0,14071.0
Mouse_Thymus2,26_51,5,10438.0,18171.0
Mouse_Thymus2,76_7,1,15438.0,13771.0
Mouse_Thymus2,97_23,2,17538.0,15371.0
Mouse_Thymus2,94_32,4,17238.0,16271.0
Mouse_Thymus2,94_30,5,17238.0,16071.0
Mouse_Thymus2,35_47,2,11338.0,17771.0
Mouse_Thymus2,85_25,1,16338.0,15571.0
Mouse_Thymus2,111_41,2,18938.0,17171.0
Mouse_Thymus2,66_16,5,14438.0,14671.0
Mouse_Thymus2,71_26,2,14938.0,15671.0
Mouse_Thymus2,94_10,5,17238.0,14071.0
Mouse_Thymus2,40_49,5,11838.0,17971.0
Mouse_Thymus2,93_19,1,17138.0,14971.0
Mouse_Thymus2,32_46,2,11038.0,17671.0
Mouse_Thymus2,107_25,5,18538.0,15571.0
Mouse_Thymus2,81_24,2,15938.0,15471.0
Mouse_Thymus2,46_34,1,12438.0,16471.0
Mouse_Thymus2,81_18,2,15938.0,14871.0
Mouse_Thymus2,104_43,5,18238.0,17371.0
Mouse_Thymus2,108_23,1,18638.0,15371.0
Mouse_Thymus2,41_41,2,11938.0,17171.0
Mouse_Thymus2,71_17,1,14938.0,14771.0
Mouse_Thymus2,108_50,5,18638.0,18071.0
Mouse_Thymus2,63_16,2,14138.0,14671.0
Mouse_Thymus2,73_46,5,15138.0,17671.0
Mouse_Thymus2,16_49,5,9438.0,17971.0
Mouse_Thymus2,84_30,5,16238.0,16071.0
Mouse_Thymus2,39_37,5,11738.0,16771.0
Mouse_Thymus2,5_43,4,8338.0,17371.0
Mouse_Thymus2,16_52,5,9438.0,18271.0
Mouse_Thymus2,64_21,2,14238.0,15171.0
Mouse_Thymus2,38_22,7,11638.0,15271.0
Mouse_Thymus2,101_39,2,17938.0,16971.0
Mouse_Thymus2,100_34,2,17838.0,16471.0
Mouse_Thymus2,103_48,5,18138.0,17871.0
Mouse_Thymus2,38_33,1,11638.0,16371.0
Mouse_Thymus2,93_6,5,17138.0,13671.0
Mouse_Thymus2,22_39,5,10038.0,16971.0
Mouse_Thymus2,50_29,2,12838.0,15971.0
Mouse_Thymus2,52_17,1,13038.0,14771.0
Mouse_Thymus2,12_45,4,9038.0,17571.0
Mouse_Thymus2,44_32,1,12238.0,16271.0
Mouse_Thymus2,93_7,5,17138.0,13771.0
Mouse_Thymus2,48_30,1,12638.0,16071.0
Mouse_Thymus2,37_37,1,11538.0,16771.0
Mouse_Thymus2,97_53,4,17538.0,18371.0
Mouse_Thymus2,109_57,5,18738.0,18771.0
Mouse_Thymus2,96_8,5,17438.0,13871.0
Mouse_Thymus2,122_69,1,20038.0,19971.0
Mouse_Thymus2,41_21,5,11938.0,15171.0
Mouse_Thymus2,124_66,1,20238.0,19671.0
Mouse_Thymus2,91_19,2,16938.0,14971.0
Mouse_Thymus2,95_40,4,17338.0,17071.0
Mouse_Thymus2,104_39,2,18238.0,16971.0
Mouse_Thymus2,102_36,2,18038.0,16671.0
Mouse_Thymus2,18_52,1,9638.0,18271.0
Mouse_Thymus2,107_36,2,18538.0,16671.0
Mouse_Thymus2,72_33,1,15038.0,16371.0
Mouse_Thymus2,48_24,5,12638.0,15471.0
Mouse_Thymus2,67_23,2,14538.0,15371.0
Mouse_Thymus2,69_43,5,14738.0,17371.0
Mouse_Thymus2,69_40,5,14738.0,17071.0
Mouse_Thymus2,41_20,5,11938.0,15071.0
Mouse_Thymus2,81_23,2,15938.0,15371.0
Mouse_Thymus2,24_43,2,10238.0,17371.0
Mouse_Thymus2,90_57,4,16838.0,18771.0
Mouse_Thymus2,70_38,2,14838.0,16871.0
Mouse_Thymus2,73_18,4,15138.0,14871.0
Mouse_Thymus2,48_35,1,12638.0,16571.0
Mouse_Thymus2,12_49,5,9038.0,17971.0
Mouse_Thymus2,71_32,5,14938.0,16271.0
Mouse_Thymus2,117_56,2,19538.0,18671.0
Mouse_Thymus2,91_49,1,16938.0,17971.0
Mouse_Thymus2,95_36,5,17338.0,16671.0
Mouse_Thymus2,87_42,5,16538.0,17271.0
Mouse_Thymus2,32_36,4,11038.0,16671.0
Mouse_Thymus2,3_47,1,8138.0,17771.0
Mouse_Thymus2,31_37,5,10938.0,16771.0
Mouse_Thymus2,74_26,2,15238.0,15671.0
Mouse_Thymus2,73_13,5,15138.0,14371.0
Mouse_Thymus2,80_25,2,15838.0,15571.0
Mouse_Thymus2,95_34,1,17338.0,16471.0
Mouse_Thymus2,25_53,5,10338.0,18371.0
Mouse_Thymus2,83_50,5,16138.0,18071.0
Mouse_Thymus2,51_45,5,12938.0,17571.0
Mouse_Thymus2,43_50,5,12138.0,18071.0
Mouse_Thymus2,123_58,5,20138.0,18871.0
Mouse_Thymus2,116_57,1,19438.0,18771.0
Mouse_Thymus2,82_50,5,16038.0,18071.0
Mouse_Thymus2,69_24,2,14738.0,15471.0
Mouse_Thymus2,106_45,5,18438.0,17571.0
Mouse_Thymus2,94_7,5,17238.0,13771.0
Mouse_Thymus2,81_10,5,15938.0,14071.0
Mouse_Thymus2,100_14,5,17838.0,14471.0
Mouse_Thymus2,51_17,5,12938.0,14771.0
Mouse_Thymus2,52_45,7,13038.0,17571.0
Mouse_Thymus2,106_40,2,18438.0,17071.0
Mouse_Thymus2,34_53,5,11238.0,18371.0
Mouse_Thymus2,40_39,2,11838.0,16971.0
Mouse_Thymus2,106_28,5,18438.0,15871.0
Mouse_Thymus2,73_44,5,15138.0,17471.0
Mouse_Thymus2,80_47,4,15838.0,17771.0
Mouse_Thymus2,65_24,1,14338.0,15471.0
Mouse_Thymus2,75_33,2,15338.0,16371.0
Mouse_Thymus2,88_14,2,16638.0,14471.0
Mouse_Thymus2,102_38,2,18038.0,16871.0
Mouse_Thymus2,98_6,1,17638.0,13671.0
Mouse_Thymus2,79_11,5,15738.0,14171.0
Mouse_Thymus2,73_41,1,15138.0,17171.0
Mouse_Thymus2,43_20,4,12138.0,15071.0
Mouse_Thymus2,110_28,4,18838.0,15871.0
Mouse_Thymus2,96_38,4,17438.0,16871.0
Mouse_Thymus2,32_47,2,11038.0,17771.0
Mouse_Thymus2,92_27,2,17038.0,15771.0
Mouse_Thymus2,33_28,5,11138.0,15871.0
Mouse_Thymus2,87_24,1,16538.0,15471.0
Mouse_Thymus2,73_21,1,15138.0,15171.0
Mouse_Thymus2,92_46,5,17038.0,17671.0
Mouse_Thymus2,62_31,2,14038.0,16171.0
Mouse_Thymus2,112_37,1,19038.0,16771.0
Mouse_Thymus2,62_28,2,14038.0,15871.0
Mouse_Thymus2,113_38,4,19138.0,16871.0
Mouse_Thymus2,72_36,2,15038.0,16671.0
Mouse_Thymus2,93_57,5,17138.0,18771.0
Mouse_Thymus2,102_48,1,18038.0,17871.0
Mouse_Thymus2,39_32,1,11738.0,16271.0
Mouse_Thymus2,72_19,5,15038.0,14971.0
Mouse_Thymus2,35_43,2,11338.0,17371.0
Mouse_Thymus2,79_49,5,15738.0,17971.0
Mouse_Thymus2,70_24,2,14838.0,15471.0
Mouse_Thymus2,50_35,1,12838.0,16571.0
Mouse_Thymus2,79_29,2,15738.0,15971.0
Mouse_Thymus2,99_42,5,17738.0,17271.0
Mouse_Thymus2,100_27,2,17838.0,15771.0
Mouse_Thymus2,70_40,1,14838.0,17071.0
Mouse_Thymus2,118_66,5,19638.0,19671.0
Mouse_Thymus2,94_19,4,17238.0,14971.0
Mouse_Thymus2,114_46,2,19238.0,17671.0
Mouse_Thymus2,15_48,4,9338.0,17871.0
Mouse_Thymus2,95_39,4,17338.0,16971.0
Mouse_Thymus2,95_9,5,17338.0,13971.0
Mouse_Thymus2,62_15,4,14038.0,14571.0
Mouse_Thymus2,116_62,5,19438.0,19271.0
Mouse_Thymus2,96_51,5,17438.0,18171.0
Mouse_Thymus2,83_5,5,16138.0,13571.0
Mouse_Thymus2,27_50,2,10538.0,18071.0
Mouse_Thymus2,118_44,5,19638.0,17471.0
Mouse_Thymus2,106_31,1,18438.0,16171.0
Mouse_Thymus2,59_27,2,13738.0,15771.0
Mouse_Thymus2,23_51,5,10138.0,18171.0
Mouse_Thymus2,82_15,1,16038.0,14571.0
Mouse_Thymus2,114_44,2,19238.0,17471.0
Mouse_Thymus2,119_51,4,19738.0,18171.0
Mouse_Thymus2,118_69,4,19638.0,19971.0
Mouse_Thymus2,103_26,2,18138.0,15671.0
Mouse_Thymus2,93_16,4,17138.0,14671.0
Mouse_Thymus2,43_48,5,12138.0,17871.0
Mouse_Thymus2,61_27,2,13938.0,15771.0
Mouse_Thymus2,74_38,2,15238.0,16871.0
Mouse_Thymus2,124_69,5,20238.0,19971.0
Mouse_Thymus2,85_49,5,16338.0,17971.0
Mouse_Thymus2,49_32,5,12738.0,16271.0
Mouse_Thymus2,69_38,4,14738.0,16871.0
Mouse_Thymus2,73_5,5,15138.0,13571.0
Mouse_Thymus2,58_42,5,13638.0,17271.0
Mouse_Thymus2,100_53,5,17838.0,18371.0
Mouse_Thymus2,34_48,2,11238.0,17871.0
Mouse_Thymus2,51_22,5,12938.0,15271.0
Mouse_Thymus2,97_54,5,17538.0,18471.0
Mouse_Thymus2,39_34,5,11738.0,16471.0
Mouse_Thymus2,86_18,2,16438.0,14871.0
Mouse_Thymus2,92_14,1,17038.0,14471.0
Mouse_Thymus2,45_19,4,12338.0,14971.0
Mouse_Thymus2,34_32,1,11238.0,16271.0
Mouse_Thymus2,122_61,1,20038.0,19171.0
Mouse_Thymus2,19_46,2,9738.0,17671.0
Mouse_Thymus2,18_47,2,9638.0,17771.0
Mouse_Thymus2,52_22,5,13038.0,15271.0
Mouse_Thymus2,84_24,1,16238.0,15471.0
Mouse_Thymus2,82_23,2,16038.0,15371.0
Mouse_Thymus2,12_42,5,9038.0,17271.0
Mouse_Thymus2,122_59,1,20038.0,18971.0
Mouse_Thymus2,111_46,2,18938.0,17671.0
Mouse_Thymus2,47_24,5,12538.0,15471.0
Mouse_Thymus2,30_36,4,10838.0,16671.0
Mouse_Thymus2,73_12,5,15138.0,14271.0
Mouse_Thymus2,29_34,5,10738.0,16471.0
Mouse_Thymus2,69_8,5,14738.0,13871.0
Mouse_Thymus2,96_60,5,17438.0,19071.0
Mouse_Thymus2,21_53,5,9938.0,18371.0
Mouse_Thymus2,75_34,2,15338.0,16471.0
Mouse_Thymus2,104_29,4,18238.0,15971.0
Mouse_Thymus2,70_39,1,14838.0,16971.0
Mouse_Thymus2,71_42,5,14938.0,17271.0
Mouse_Thymus2,93_24,2,17138.0,15471.0
Mouse_Thymus2,108_37,2,18638.0,16771.0
Mouse_Thymus2,60_24,2,13838.0,15471.0
Mouse_Thymus2,91_43,5,16938.0,17371.0
Mouse_Thymus2,24_48,2,10238.0,17871.0
Mouse_Thymus2,21_52,5,9938.0,18271.0
Mouse_Thymus2,96_6,1,17438.0,13671.0
Mouse_Thymus2,101_58,5,17938.0,18871.0
Mouse_Thymus2,17_52,5,9538.0,18271.0
Mouse_Thymus2,82_46,4,16038.0,17671.0
Mouse_Thymus2,124_52,4,20238.0,18271.0
Mouse_Thymus2,71_25,2,14938.0,15571.0
Mouse_Thymus2,119_66,4,19738.0,19671.0
Mouse_Thymus2,86_28,2,16438.0,15871.0
Mouse_Thymus2,58_30,2,13638.0,16071.0
Mouse_Thymus2,39_49,5,11738.0,17971.0
Mouse_Thymus2,116_47,2,19438.0,17771.0
Mouse_Thymus2,100_60,4,17838.0,19071.0
Mouse_Thymus2,85_37,4,16338.0,16771.0
Mouse_Thymus2,9_44,4,8738.0,17471.0
Mouse_Thymus2,50_39,2,12838.0,16971.0
Mouse_Thymus2,54_33,1,13238.0,16371.0
Mouse_Thymus2,72_31,4,15038.0,16171.0
Mouse_Thymus2,40_52,1,11838.0,18271.0
Mouse_Thymus2,82_24,2,16038.0,15471.0
Mouse_Thymus2,74_37,2,15238.0,16771.0
Mouse_Thymus2,76_22,2,15438.0,15271.0
Mouse_Thymus2,84_41,5,16238.0,17171.0
Mouse_Thymus2,76_34,2,15438.0,16471.0
Mouse_Thymus2,54_22,4,13238.0,15271.0
Mouse_Thymus2,77_11,1,15538.0,14171.0
Mouse_Thymus2,120_67,5,19838.0,19771.0
Mouse_Thymus2,49_28,2,12738.0,15871.0
Mouse_Thymus2,100_9,7,17838.0,13971.0
Mouse_Thymus2,114_49,1,19238.0,17971.0
Mouse_Thymus2,97_38,4,17538.0,16871.0
Mouse_Thymus2,102_57,5,18038.0,18771.0
Mouse_Thymus2,42_35,5,12038.0,16571.0
Mouse_Thymus2,11_48,5,8938.0,17871.0
Mouse_Thymus2,78_43,2,15638.0,17371.0
Mouse_Thymus2,101_17,5,17938.0,14771.0
Mouse_Thymus2,95_58,5,17338.0,18871.0
Mouse_Thymus2,34_35,5,11238.0,16571.0
Mouse_Thymus2,109_55,5,18738.0,18571.0
Mouse_Thymus2,89_8,4,16738.0,13871.0
Mouse_Thymus2,66_33,2,14438.0,16371.0
Mouse_Thymus2,90_58,5,16838.0,18871.0
Mouse_Thymus2,95_23,2,17338.0,15371.0
Mouse_Thymus2,25_35,5,10338.0,16571.0
Mouse_Thymus2,3_44,5,8138.0,17471.0
Mouse_Thymus2,85_3,4,16338.0,13371.0
Mouse_Thymus2,53_25,5,13138.0,15571.0
Mouse_Thymus2,105_47,5,18338.0,17771.0
Mouse_Thymus2,84_20,2,16238.0,15071.0
Mouse_Thymus2,45_35,5,12338.0,16571.0
Mouse_Thymus2,43_18,5,12138.0,14871.0
Mouse_Thymus2,65_39,5,14338.0,16971.0
Mouse_Thymus2,96_13,5,17438.0,14371.0
Mouse_Thymus2,63_17,1,14138.0,14771.0
Mouse_Thymus2,96_9,1,17438.0,13971.0
Mouse_Thymus2,79_47,5,15738.0,17771.0
Mouse_Thymus2,107_54,5,18538.0,18471.0
Mouse_Thymus2,95_6,5,17338.0,13671.0
Mouse_Thymus2,28_34,5,10638.0,16471.0
Mouse_Thymus2,20_46,2,9838.0,17671.0
Mouse_Thymus2,106_57,5,18438.0,18771.0
Mouse_Thymus2,120_60,2,19838.0,19071.0
Mouse_Thymus2,124_68,1,20238.0,19871.0
Mouse_Thymus2,97_35,1,17538.0,16571.0
Mouse_Thymus2,115_47,2,19338.0,17771.0
Mouse_Thymus2,65_17,5,14338.0,14771.0
Mouse_Thymus2,67_26,2,14538.0,15671.0
Mouse_Thymus2,68_34,2,14638.0,16471.0
Mouse_Thymus2,51_32,1,12938.0,16271.0
Mouse_Thymus2,88_53,5,16638.0,18371.0
Mouse_Thymus2,29_31,5,10738.0,16171.0
Mouse_Thymus2,122_71,5,20038.0,20171.0
Mouse_Thymus2,50_32,2,12838.0,16271.0
Mouse_Thymus2,81_29,4,15938.0,15971.0
Mouse_Thymus2,63_35,2,14138.0,16571.0
Mouse_Thymus2,82_22,2,16038.0,15271.0
Mouse_Thymus2,80_28,2,15838.0,15871.0
Mouse_Thymus2,90_9,5,16838.0,13971.0
Mouse_Thymus2,43_33,1,12138.0,16371.0
Mouse_Thymus2,81_2,4,15938.0,13271.0
Mouse_Thymus2,70_20,1,14838.0,15071.0
Mouse_Thymus2,123_67,1,20138.0,19771.0
Mouse_Thymus2,79_45,1,15738.0,17571.0
Mouse_Thymus2,80_48,4,15838.0,17871.0
Mouse_Thymus2,41_33,1,11938.0,16371.0
Mouse_Thymus2,43_19,5,12138.0,14971.0
Mouse_Thymus2,87_34,5,16538.0,16471.0
Mouse_Thymus2,73_10,4,15138.0,14071.0
Mouse_Thymus2,10_40,4,8838.0,17071.0
Mouse_Thymus2,22_53,4,10038.0,18371.0
Mouse_Thymus2,91_15,2,16938.0,14571.0
Mouse_Thymus2,86_27,4,16438.0,15771.0
Mouse_Thymus2,106_27,5,18438.0,15771.0
Mouse_Thymus2,61_25,2,13938.0,15571.0
Mouse_Thymus2,112_34,5,19038.0,16471.0
Mouse_Thymus2,70_29,1,14838.0,15971.0
Mouse_Thymus2,56_22,5,13438.0,15271.0
Mouse_Thymus2,74_42,4,15238.0,17271.0
Mouse_Thymus2,73_1,5,15138.0,13171.0
Mouse_Thymus2,34_36,5,11238.0,16671.0
Mouse_Thymus2,125_57,7,20338.0,18771.0
Mouse_Thymus2,86_29,5,16438.0,15971.0
Mouse_Thymus2,77_15,4,15538.0,14571.0
Mouse_Thymus2,118_37,1,19638.0,16771.0
Mouse_Thymus2,103_25,2,18138.0,15571.0
Mouse_Thymus2,20_52,5,9838.0,18271.0
Mouse_Thymus2,122_54,5,20038.0,18471.0
Mouse_Thymus2,12_43,5,9038.0,17371.0
Mouse_Thymus2,20_42,2,9838.0,17271.0
Mouse_Thymus2,55_28,2,13338.0,15871.0
Mouse_Thymus2,46_30,2,12438.0,16071.0
Mouse_Thymus2,42_50,5,12038.0,18071.0
Mouse_Thymus2,48_28,2,12638.0,15871.0
Mouse_Thymus2,94_34,5,17238.0,16471.0
Mouse_Thymus2,91_39,4,16938.0,16971.0
Mouse_Thymus2,60_41,5,13838.0,17171.0
Mouse_Thymus2,122_60,2,20038.0,19071.0
Mouse_Thymus2,40_44,2,11838.0,17471.0
Mouse_Thymus2,101_21,1,17938.0,15171.0
Mouse_Thymus2,74_17,1,15238.0,14771.0
Mouse_Thymus2,96_53,5,17438.0,18371.0
Mouse_Thymus2,88_20,2,16638.0,15071.0
Mouse_Thymus2,101_20,1,17938.0,15071.0
Mouse_Thymus2,94_15,5,17238.0,14571.0
Mouse_Thymus2,48_39,2,12638.0,16971.0
Mouse_Thymus2,10_48,5,8838.0,17871.0
Mouse_Thymus2,32_51,5,11038.0,18171.0
Mouse_Thymus2,33_53,5,11138.0,18371.0
Mouse_Thymus2,7_41,1,8538.0,17171.0
Mouse_Thymus2,113_51,4,19138.0,18171.0
Mouse_Thymus2,75_5,5,15338.0,13571.0
Mouse_Thymus2,116_66,5,19438.0,19671.0
Mouse_Thymus2,63_23,2,14138.0,15371.0
Mouse_Thymus2,75_45,5,15338.0,17571.0
Mouse_Thymus2,88_10,5,16638.0,14071.0
Mouse_Thymus2,41_47,1,11938.0,17771.0
Mouse_Thymus2,43_42,2,12138.0,17271.0
Mouse_Thymus2,97_10,4,17538.0,14071.0
Mouse_Thymus2,96_33,2,17438.0,16371.0
Mouse_Thymus2,100_19,4,17838.0,14971.0
Mouse_Thymus2,103_37,2,18138.0,16771.0
Mouse_Thymus2,66_9,5,14438.0,13971.0
Mouse_Thymus2,110_42,2,18838.0,17271.0
Mouse_Thymus2,79_42,2,15738.0,17271.0
Mouse_Thymus2,104_30,2,18238.0,16071.0
Mouse_Thymus2,82_53,5,16038.0,18371.0
Mouse_Thymus2,38_42,2,11638.0,17271.0
Mouse_Thymus2,91_24,2,16938.0,15471.0
Mouse_Thymus2,90_46,5,16838.0,17671.0
Mouse_Thymus2,42_27,2,12038.0,15771.0
Mouse_Thymus2,109_26,4,18738.0,15671.0
Mouse_Thymus2,86_22,2,16438.0,15271.0
Mouse_Thymus2,109_25,4,18738.0,15571.0
Mouse_Thymus2,94_5,5,17238.0,13571.0
Mouse_Thymus2,82_41,1,16038.0,17171.0
Mouse_Thymus2,95_14,4,17338.0,14471.0
Mouse_Thymus2,36_27,1,11438.0,15771.0
Mouse_Thymus2,117_57,2,19538.0,18771.0
Mouse_Thymus2,111_60,5,18938.0,19071.0
Mouse_Thymus2,107_26,5,18538.0,15671.0
Mouse_Thymus2,59_16,5,13738.0,14671.0
Mouse_Thymus2,45_28,2,12338.0,15871.0
Mouse_Thymus2,32_40,1,11038.0,17071.0
Mouse_Thymus2,121_68,5,19938.0,19871.0
Mouse_Thymus2,123_57,5,20138.0,18771.0
Mouse_Thymus2,105_55,4,18338.0,18571.0
Mouse_Thymus2,30_37,1,10838.0,16771.0
Mouse_Thymus2,96_44,1,17438.0,17471.0
Mouse_Thymus2,70_8,5,14838.0,13871.0
Mouse_Thymus2,75_28,2,15338.0,15871.0
Mouse_Thymus2,75_17,4,15338.0,14771.0
Mouse_Thymus2,97_34,2,17538.0,16471.0
Mouse_Thymus2,39_24,1,11738.0,15471.0
Mouse_Thymus2,71_8,4,14938.0,13871.0
Mouse_Thymus2,92_58,5,17038.0,18871.0
Mouse_Thymus2,108_26,5,18638.0,15671.0
Mouse_Thymus2,104_40,2,18238.0,17071.0
Mouse_Thymus2,124_56,5,20238.0,18671.0
Mouse_Thymus2,79_30,2,15738.0,16071.0
Mouse_Thymus2,56_24,5,13438.0,15471.0
Mouse_Thymus2,117_55,2,19538.0,18571.0
Mouse_Thymus2,71_14,4,14938.0,14471.0
Mouse_Thymus2,105_43,1,18338.0,17371.0
Mouse_Thymus2,99_56,5,17738.0,18671.0
Mouse_Thymus2,62_20,5,14038.0,15071.0
Mouse_Thymus2,42_52,7,12038.0,18271.0
Mouse_Thymus2,10_41,1,8838.0,17171.0
Mouse_Thymus2,44_49,5,12238.0,17971.0
Mouse_Thymus2,123_64,1,20138.0,19471.0
Mouse_Thymus2,93_50,5,17138.0,18071.0
Mouse_Thymus2,114_54,1,19238.0,18471.0
Mouse_Thymus2,75_36,2,15338.0,16671.0
Mouse_Thymus2,120_64,5,19838.0,19471.0
Mouse_Thymus2,79_20,2,15738.0,15071.0
Mouse_Thymus2,93_44,4,17138.0,17471.0
Mouse_Thymus2,47_33,1,12538.0,16371.0
Mouse_Thymus2,60_20,5,13838.0,15071.0
Mouse_Thymus2,19_49,5,9738.0,17971.0
Mouse_Thymus2,42_19,5,12038.0,14971.0
Mouse_Thymus2,83_6,5,16138.0,13671.0
Mouse_Thymus2,113_62,4,19138.0,19271.0
Mouse_Thymus2,117_60,2,19538.0,19071.0
Mouse_Thymus2,28_49,1,10638.0,17971.0
Mouse_Thymus2,89_52,5,16738.0,18271.0
Mouse_Thymus2,76_48,5,15438.0,17871.0
Mouse_Thymus2,121_64,5,19938.0,19471.0
Mouse_Thymus2,32_50,1,11038.0,18071.0
Mouse_Thymus2,94_29,4,17238.0,15971.0
Mouse_Thymus2,90_34,5,16838.0,16471.0
Mouse_Thymus2,95_7,5,17338.0,13771.0
Mouse_Thymus2,82_28,1,16038.0,15871.0
Mouse_Thymus2,84_32,5,16238.0,16271.0
Mouse_Thymus2,98_45,5,17638.0,17571.0
Mouse_Thymus2,86_49,5,16438.0,17971.0
Mouse_Thymus2,118_67,5,19638.0,19771.0
Mouse_Thymus2,88_50,5,16638.0,18071.0
Mouse_Thymus2,70_22,2,14838.0,15271.0
Mouse_Thymus2,31_46,2,10938.0,17671.0
Mouse_Thymus2,98_38,2,17638.0,16871.0
Mouse_Thymus2,83_12,5,16138.0,14271.0
Mouse_Thymus2,85_44,1,16338.0,17471.0
Mouse_Thymus2,49_41,2,12738.0,17171.0
Mouse_Thymus2,32_54,5,11038.0,18471.0
Mouse_Thymus2,47_30,2,12538.0,16071.0
Mouse_Thymus2,90_6,5,16838.0,13671.0
Mouse_Thymus2,115_54,5,19338.0,18471.0
Mouse_Thymus2,78_27,2,15638.0,15771.0
Mouse_Thymus2,112_47,2,19038.0,17771.0
Mouse_Thymus2,67_17,5,14538.0,14771.0
Mouse_Thymus2,91_47,5,16938.0,17771.0
Mouse_Thymus2,122_62,2,20038.0,19271.0
Mouse_Thymus2,81_5,5,15938.0,13571.0
Mouse_Thymus2,115_66,4,19338.0,19671.0
Mouse_Thymus2,110_36,2,18838.0,16671.0
Mouse_Thymus2,87_29,5,16538.0,15971.0
Mouse_Thymus2,107_28,5,18538.0,15871.0
Mouse_Thymus2,36_47,2,11438.0,17771.0
Mouse_Thymus2,14_39,1,9238.0,16971.0
Mouse_Thymus2,100_25,2,17838.0,15571.0
Mouse_Thymus2,73_0,5,15138.0,13071.0
Mouse_Thymus2,84_42,4,16238.0,17271.0
Mouse_Thymus2,104_21,5,18238.0,15171.0
Mouse_Thymus2,43_45,2,12138.0,17571.0
Mouse_Thymus2,56_15,4,13438.0,14571.0
Mouse_Thymus2,8_42,4,8638.0,17271.0
Mouse_Thymus2,68_18,4,14638.0,14871.0
Mouse_Thymus2,44_38,2,12238.0,16871.0
Mouse_Thymus2,30_27,1,10838.0,15771.0
Mouse_Thymus2,46_31,1,12438.0,16171.0
Mouse_Thymus2,36_46,2,11438.0,17671.0
Mouse_Thymus2,75_25,2,15338.0,15571.0
Mouse_Thymus2,94_43,5,17238.0,17371.0
Mouse_Thymus2,84_4,4,16238.0,13471.0
Mouse_Thymus2,33_39,4,11138.0,16971.0
Mouse_Thymus2,6_41,7,8438.0,17171.0
Mouse_Thymus2,81_44,4,15938.0,17471.0
Mouse_Thymus2,56_25,4,13438.0,15571.0
Mouse_Thymus2,70_13,4,14838.0,14371.0
Mouse_Thymus2,60_40,5,13838.0,17071.0
Mouse_Thymus2,86_41,5,16438.0,17171.0
Mouse_Thymus2,52_37,2,13038.0,16771.0
Mouse_Thymus2,115_57,4,19338.0,18771.0
Mouse_Thymus2,105_52,5,18338.0,18271.0
Mouse_Thymus2,95_16,5,17338.0,14671.0
Mouse_Thymus2,121_57,1,19938.0,18771.0
Mouse_Thymus2,77_39,2,15538.0,16971.0
Mouse_Thymus2,50_34,1,12838.0,16471.0
Mouse_Thymus2,72_28,2,15038.0,15871.0
Mouse_Thymus2,72_7,4,15038.0,13771.0
Mouse_Thymus2,96_61,5,17438.0,19171.0
Mouse_Thymus2,46_46,5,12438.0,17671.0
Mouse_Thymus2,33_33,5,11138.0,16371.0
Mouse_Thymus2,70_16,4,14838.0,14671.0
Mouse_Thymus2,105_54,4,18338.0,18471.0
Mouse_Thymus2,31_39,5,10938.0,16971.0
Mouse_Thymus2,62_27,2,14038.0,15771.0
Mouse_Thymus2,90_48,5,16838.0,17871.0
Mouse_Thymus2,45_41,2,12338.0,17171.0
Mouse_Thymus2,80_20,2,15838.0,15071.0
Mouse_Thymus2,82_6,1,16038.0,13671.0
Mouse_Thymus2,48_34,2,12638.0,16471.0
Mouse_Thymus2,105_33,2,18338.0,16371.0
Mouse_Thymus2,82_27,4,16038.0,15771.0
Mouse_Thymus2,55_24,4,13338.0,15471.0
Mouse_Thymus2,99_33,2,17738.0,16371.0
Mouse_Thymus2,48_19,5,12638.0,14971.0
Mouse_Thymus2,33_54,5,11138.0,18471.0
Mouse_Thymus2,72_41,5,15038.0,17171.0
Mouse_Thymus2,64_13,4,14238.0,14371.0
Mouse_Thymus2,56_34,2,13438.0,16471.0
Mouse_Thymus2,66_31,1,14438.0,16171.0
Mouse_Thymus2,68_36,2,14638.0,16671.0
Mouse_Thymus2,49_22,1,12738.0,15271.0
Mouse_Thymus2,83_42,1,16138.0,17271.0
Mouse_Thymus2,64_30,2,14238.0,16071.0
Mouse_Thymus2,63_30,2,14138.0,16071.0
Mouse_Thymus2,92_22,2,17038.0,15271.0
Mouse_Thymus2,119_68,5,19738.0,19871.0
Mouse_Thymus2,95_5,5,17338.0,13571.0
Mouse_Thymus2,35_33,1,11338.0,16371.0
Mouse_Thymus2,32_56,7,11038.0,18671.0
Mouse_Thymus2,21_37,5,9938.0,16771.0
Mouse_Thymus2,48_15,7,12638.0,14571.0
Mouse_Thymus2,96_39,5,17438.0,16971.0
Mouse_Thymus2,29_29,7,10738.0,15971.0
Mouse_Thymus2,112_38,1,19038.0,16871.0
Mouse_Thymus2,117_44,5,19538.0,17471.0
Mouse_Thymus2,42_47,5,12038.0,17771.0
Mouse_Thymus2,60_12,5,13838.0,14271.0
Mouse_Thymus2,91_45,5,16938.0,17571.0
Mouse_Thymus2,70_25,2,14838.0,15571.0
Mouse_Thymus2,89_43,5,16738.0,17371.0
Mouse_Thymus2,79_18,2,15738.0,14871.0
Mouse_Thymus2,49_23,5,12738.0,15371.0
Mouse_Thymus2,74_4,5,15238.0,13471.0
Mouse_Thymus2,49_36,2,12738.0,16671.0
Mouse_Thymus2,72_10,5,15038.0,14071.0
Mouse_Thymus2,54_38,2,13238.0,16871.0
Mouse_Thymus2,6_47,5,8438.0,17771.0
Mouse_Thymus2,61_16,5,13938.0,14671.0
Mouse_Thymus2,66_32,4,14438.0,16271.0
Mouse_Thymus2,43_43,2,12138.0,17371.0
Mouse_Thymus2,57_41,5,13538.0,17171.0
Mouse_Thymus2,122_66,2,20038.0,19671.0
Mouse_Thymus2,90_26,1,16838.0,15671.0
Mouse_Thymus2,89_4,7,16738.0,13471.0
Mouse_Thymus2,37_35,1,11538.0,16571.0
Mouse_Thymus2,29_44,2,10738.0,17471.0
Mouse_Thymus2,73_38,2,15138.0,16871.0
Mouse_Thymus2,33_43,2,11138.0,17371.0
Mouse_Thymus2,50_45,5,12838.0,17571.0
Mouse_Thymus2,112_30,4,19038.0,16071.0
Mouse_Thymus2,119_49,1,19738.0,17971.0
Mouse_Thymus2,84_16,2,16238.0,14671.0
Mouse_Thymus2,58_32,2,13638.0,16271.0
Mouse_Thymus2,47_19,5,12538.0,14971.0
Mouse_Thymus2,89_22,2,16738.0,15271.0
Mouse_Thymus2,112_55,5,19038.0,18571.0
Mouse_Thymus2,63_24,2,14138.0,15471.0
Mouse_Thymus2,109_56,5,18738.0,18671.0
Mouse_Thymus2,47_37,2,12538.0,16771.0
Mouse_Thymus2,48_29,2,12638.0,15971.0
Mouse_Thymus2,67_33,2,14538.0,16371.0
Mouse_Thymus2,88_56,5,16638.0,18671.0
Mouse_Thymus2,31_40,1,10938.0,17071.0
Mouse_Thymus2,125_64,5,20338.0,19471.0
Mouse_Thymus2,106_46,4,18438.0,17671.0
Mouse_Thymus2,85_14,1,16338.0,14471.0
Mouse_Thymus2,33_41,2,11138.0,17171.0
Mouse_Thymus2,83_9,5,16138.0,13971.0
Mouse_Thymus2,59_38,5,13738.0,16871.0
Mouse_Thymus2,85_8,5,16338.0,13871.0
Mouse_Thymus2,31_48,2,10938.0,17871.0
Mouse_Thymus2,58_13,5,13638.0,14371.0
Mouse_Thymus2,73_3,5,15138.0,13371.0
Mouse_Thymus2,116_41,5,19438.0,17171.0
Mouse_Thymus2,30_31,5,10838.0,16171.0
Mouse_Thymus2,89_9,1,16738.0,13971.0
Mouse_Thymus2,61_11,5,13938.0,14171.0
Mouse_Thymus2,90_16,2,16838.0,14671.0
Mouse_Thymus2,34_37,5,11238.0,16771.0
Mouse_Thymus2,114_41,2,19238.0,17171.0
Mouse_Thymus2,53_38,2,13138.0,16871.0
Mouse_Thymus2,103_52,4,18138.0,18271.0
Mouse_Thymus2,96_17,4,17438.0,14771.0
Mouse_Thymus2,86_35,4,16438.0,16571.0
Mouse_Thymus2,82_42,1,16038.0,17271.0
Mouse_Thymus2,60_36,2,13838.0,16671.0
Mouse_Thymus2,114_45,2,19238.0,17571.0
Mouse_Thymus2,89_23,2,16738.0,15371.0
Mouse_Thymus2,101_57,5,17938.0,18771.0
Mouse_Thymus2,72_25,2,15038.0,15571.0
Mouse_Thymus2,75_7,5,15338.0,13771.0
Mouse_Thymus2,65_11,5,14338.0,14171.0
Mouse_Thymus2,29_40,1,10738.0,17071.0
Mouse_Thymus2,66_15,4,14438.0,14571.0
Mouse_Thymus2,12_48,4,9038.0,17871.0
Mouse_Thymus2,76_50,7,15438.0,18071.0
Mouse_Thymus2,93_33,4,17138.0,16371.0
Mouse_Thymus2,27_38,4,10538.0,16871.0
Mouse_Thymus2,57_36,2,13538.0,16671.0
Mouse_Thymus2,49_21,4,12738.0,15171.0
Mouse_Thymus2,72_40,1,15038.0,17071.0
Mouse_Thymus2,98_47,4,17638.0,17771.0
Mouse_Thymus2,35_29,4,11338.0,15971.0
Mouse_Thymus2,90_49,5,16838.0,17971.0
Mouse_Thymus2,73_11,4,15138.0,14171.0
Mouse_Thymus2,56_40,5,13438.0,17071.0
Mouse_Thymus2,82_43,1,16038.0,17371.0
Mouse_Thymus2,125_72,7,20338.0,20271.0
Mouse_Thymus2,15_44,2,9338.0,17471.0
Mouse_Thymus2,72_18,4,15038.0,14871.0
Mouse_Thymus2,66_18,2,14438.0,14871.0
Mouse_Thymus2,81_52,5,15938.0,18271.0
Mouse_Thymus2,54_26,1,13238.0,15671.0
Mouse_Thymus2,82_35,5,16038.0,16571.0
Mouse_Thymus2,99_9,4,17738.0,13971.0
Mouse_Thymus2,81_16,4,15938.0,14671.0
Mouse_Thymus2,123_51,5,20138.0,18171.0
Mouse_Thymus2,107_39,2,18538.0,16971.0
Mouse_Thymus2,95_15,5,17338.0,14571.0
Mouse_Thymus2,124_61,5,20238.0,19171.0
Mouse_Thymus2,114_34,5,19238.0,16471.0
Mouse_Thymus2,66_14,5,14438.0,14471.0
Mouse_Thymus2,124_71,5,20238.0,20171.0
Mouse_Thymus2,49_46,5,12738.0,17671.0
Mouse_Thymus2,47_21,5,12538.0,15171.0
Mouse_Thymus2,104_44,5,18238.0,17471.0
Mouse_Thymus2,52_18,5,13038.0,14871.0
Mouse_Thymus2,100_24,2,17838.0,15471.0
Mouse_Thymus2,80_13,5,15838.0,14371.0
Mouse_Thymus2,121_71,5,19938.0,20171.0
Mouse_Thymus2,87_16,2,16538.0,14671.0
Mouse_Thymus2,45_46,2,12338.0,17671.0
Mouse_Thymus2,37_30,2,11538.0,16071.0
Mouse_Thymus2,65_20,2,14338.0,15071.0
Mouse_Thymus2,66_17,4,14438.0,14771.0
Mouse_Thymus2,44_31,2,12238.0,16171.0
Mouse_Thymus2,46_38,2,12438.0,16871.0
Mouse_Thymus2,103_24,5,18138.0,15471.0
Mouse_Thymus2,82_33,5,16038.0,16371.0
Mouse_Thymus2,66_26,2,14438.0,15671.0
Mouse_Thymus2,93_53,1,17138.0,18371.0
Mouse_Thymus2,94_44,4,17238.0,17471.0
Mouse_Thymus2,65_23,1,14338.0,15371.0
Mouse_Thymus2,28_55,5,10638.0,18571.0
Mouse_Thymus2,81_31,1,15938.0,16171.0
Mouse_Thymus2,104_35,2,18238.0,16571.0
Mouse_Thymus2,93_8,5,17138.0,13871.0
Mouse_Thymus2,47_46,5,12538.0,17671.0
Mouse_Thymus2,116_68,4,19438.0,19871.0
Mouse_Thymus2,9_45,5,8738.0,17571.0
Mouse_Thymus2,99_21,2,17738.0,15171.0
Mouse_Thymus2,124_55,4,20238.0,18571.0
Mouse_Thymus2,70_33,1,14838.0,16371.0
Mouse_Thymus2,86_8,5,16438.0,13871.0
Mouse_Thymus2,87_22,2,16538.0,15271.0
Mouse_Thymus2,85_33,4,16338.0,16371.0
Mouse_Thymus2,41_26,1,11938.0,15671.0
Mouse_Thymus2,63_36,2,14138.0,16671.0
Mouse_Thymus2,80_33,4,15838.0,16371.0
Mouse_Thymus2,52_38,2,13038.0,16871.0
Mouse_Thymus2,25_40,5,10338.0,17071.0
Mouse_Thymus2,69_41,5,14738.0,17171.0
Mouse_Thymus2,56_28,2,13438.0,15871.0
Mouse_Thymus2,48_21,5,12638.0,15171.0
Mouse_Thymus2,48_16,5,12638.0,14671.0
Mouse_Thymus2,14_50,5,9238.0,18071.0
Mouse_Thymus2,116_36,5,19438.0,16671.0
Mouse_Thymus2,58_26,2,13638.0,15671.0
Mouse_Thymus2,55_25,4,13338.0,15571.0
Mouse_Thymus2,64_11,5,14238.0,14171.0
Mouse_Thymus2,45_22,5,12338.0,15271.0
Mouse_Thymus2,66_28,4,14438.0,15871.0
Mouse_Thymus2,20_50,5,9838.0,18071.0
Mouse_Thymus2,106_30,5,18438.0,16071.0
Mouse_Thymus2,38_43,2,11638.0,17371.0
Mouse_Thymus2,73_6,4,15138.0,13671.0
Mouse_Thymus2,120_71,4,19838.0,20171.0
Mouse_Thymus2,37_48,7,11538.0,17871.0
Mouse_Thymus2,116_34,7,19438.0,16471.0
Mouse_Thymus2,76_38,2,15438.0,16871.0
Mouse_Thymus2,106_26,1,18438.0,15671.0
Mouse_Thymus2,46_42,2,12438.0,17271.0
Mouse_Thymus2,71_36,2,14938.0,16671.0
Mouse_Thymus2,112_52,5,19038.0,18271.0
Mouse_Thymus2,118_64,5,19638.0,19471.0
Mouse_Thymus2,87_4,5,16538.0,13471.0
Mouse_Thymus2,93_58,5,17138.0,18871.0
Mouse_Thymus2,84_35,1,16238.0,16571.0
Mouse_Thymus2,85_20,2,16338.0,15071.0
Mouse_Thymus2,21_45,2,9938.0,17571.0
Mouse_Thymus2,92_49,5,17038.0,17971.0
Mouse_Thymus2,44_25,1,12238.0,15571.0
Mouse_Thymus2,44_20,5,12238.0,15071.0
Mouse_Thymus2,95_35,4,17338.0,16571.0
Mouse_Thymus2,125_68,5,20338.0,19871.0
Mouse_Thymus2,65_41,4,14338.0,17171.0
Mouse_Thymus2,121_61,2,19938.0,19171.0
Mouse_Thymus2,25_43,2,10338.0,17371.0
Mouse_Thymus2,109_54,5,18738.0,18471.0
Mouse_Thymus2,51_42,1,12938.0,17271.0
Mouse_Thymus2,38_31,1,11638.0,16171.0
Mouse_Thymus2,115_55,1,19338.0,18571.0
Mouse_Thymus2,38_39,1,11638.0,16971.0
Mouse_Thymus2,73_43,5,15138.0,17371.0
Mouse_Thymus2,113_37,5,19138.0,16771.0
Mouse_Thymus2,78_25,2,15638.0,15571.0
Mouse_Thymus2,46_17,5,12438.0,14771.0
Mouse_Thymus2,14_47,4,9238.0,17771.0
Mouse_Thymus2,99_15,5,17738.0,14571.0
Mouse_Thymus2,6_45,5,8438.0,17571.0
Mouse_Thymus2,86_21,2,16438.0,15171.0
Mouse_Thymus2,86_32,5,16438.0,16271.0
Mouse_Thymus2,45_24,5,12338.0,15471.0
Mouse_Thymus2,110_31,5,18838.0,16171.0
Mouse_Thymus2,124_51,1,20238.0,18171.0
Mouse_Thymus2,62_16,1,14038.0,14671.0
Mouse_Thymus2,76_12,1,15438.0,14271.0
Mouse_Thymus2,92_8,5,17038.0,13871.0
Mouse_Thymus2,111_29,4,18938.0,15971.0
Mouse_Thymus2,55_34,2,13338.0,16471.0
Mouse_Thymus2,94_55,5,17238.0,18571.0
Mouse_Thymus2,104_48,5,18238.0,17871.0
Mouse_Thymus2,73_17,5,15138.0,14771.0
Mouse_Thymus2,98_42,5,17638.0,17271.0
Mouse_Thymus2,111_59,5,18938.0,18971.0
Mouse_Thymus2,30_55,5,10838.0,18571.0
Mouse_Thymus2,100_58,5,17838.0,18871.0
Mouse_Thymus2,71_31,1,14938.0,16171.0
Mouse_Thymus2,60_37,2,13838.0,16771.0
Mouse_Thymus2,25_52,1,10338.0,18271.0
Mouse_Thymus2,99_46,5,17738.0,17671.0
Mouse_Thymus2,87_37,1,16538.0,16771.0
Mouse_Thymus2,18_42,2,9638.0,17271.0
Mouse_Thymus2,15_46,2,9338.0,17671.0
Mouse_Thymus2,36_55,5,11438.0,18571.0
Mouse_Thymus2,73_16,1,15138.0,14671.0
Mouse_Thymus2,77_1,5,15538.0,13171.0
Mouse_Thymus2,91_8,5,16938.0,13871.0
Mouse_Thymus2,97_37,4,17538.0,16771.0
Mouse_Thymus2,96_42,4,17438.0,17271.0
Mouse_Thymus2,74_44,4,15238.0,17471.0
Mouse_Thymus2,75_27,2,15338.0,15771.0
Mouse_Thymus2,35_32,1,11338.0,16271.0
Mouse_Thymus2,29_30,5,10738.0,16071.0
Mouse_Thymus2,47_29,2,12538.0,15971.0
Mouse_Thymus2,77_42,2,15538.0,17271.0
Mouse_Thymus2,107_41,2,18538.0,17171.0
Mouse_Thymus2,59_40,4,13738.0,17071.0
Mouse_Thymus2,36_44,2,11438.0,17471.0
Mouse_Thymus2,4_46,1,8238.0,17671.0
Mouse_Thymus2,77_43,2,15538.0,17371.0
Mouse_Thymus2,91_28,5,16938.0,15871.0
Mouse_Thymus2,48_31,1,12638.0,16171.0
Mouse_Thymus2,109_27,5,18738.0,15771.0
Mouse_Thymus2,36_51,5,11438.0,18171.0
Mouse_Thymus2,78_13,5,15638.0,14371.0
Mouse_Thymus2,102_20,5,18038.0,15071.0
Mouse_Thymus2,29_47,2,10738.0,17771.0
Mouse_Thymus2,108_30,5,18638.0,16071.0
Mouse_Thymus2,116_59,4,19438.0,18971.0
Mouse_Thymus2,45_50,5,12338.0,18071.0
Mouse_Thymus2,108_55,4,18638.0,18571.0
Mouse_Thymus2,22_36,7,10038.0,16671.0
Mouse_Thymus2,91_40,4,16938.0,17071.0
Mouse_Thymus2,82_20,2,16038.0,15071.0
Mouse_Thymus2,84_53,5,16238.0,18371.0
Mouse_Thymus2,93_39,4,17138.0,16971.0
Mouse_Thymus2,102_43,5,18038.0,17371.0
Mouse_Thymus2,32_41,2,11038.0,17171.0
Mouse_Thymus2,92_55,5,17038.0,18571.0
Mouse_Thymus2,110_47,1,18838.0,17771.0
Mouse_Thymus2,83_22,2,16138.0,15271.0
Mouse_Thymus2,120_58,1,19838.0,18871.0
Mouse_Thymus2,108_34,2,18638.0,16471.0
Mouse_Thymus2,125_66,5,20338.0,19671.0
Mouse_Thymus2,125_70,5,20338.0,20071.0
Mouse_Thymus2,6_46,5,8438.0,17671.0
Mouse_Thymus2,84_18,2,16238.0,14871.0
Mouse_Thymus2,89_58,4,16738.0,18871.0
Mouse_Thymus2,96_52,5,17438.0,18271.0
Mouse_Thymus2,109_44,2,18738.0,17471.0
Mouse_Thymus2,97_59,5,17538.0,18971.0
Mouse_Thymus2,78_41,2,15638.0,17171.0
Mouse_Thymus2,82_12,4,16038.0,14271.0
Mouse_Thymus2,97_42,5,17538.0,17271.0
Mouse_Thymus2,77_22,2,15538.0,15271.0
Mouse_Thymus2,31_29,1,10938.0,15971.0
Mouse_Thymus2,30_48,2,10838.0,17871.0
Mouse_Thymus2,40_22,5,11838.0,15271.0
Mouse_Thymus2,95_57,5,17338.0,18771.0
Mouse_Thymus2,46_44,2,12438.0,17471.0
Mouse_Thymus2,99_59,5,17738.0,18971.0
Mouse_Thymus2,87_6,5,16538.0,13671.0
Mouse_Thymus2,51_37,2,12938.0,16771.0
Mouse_Thymus2,102_19,5,18038.0,14971.0
Mouse_Thymus2,82_51,5,16038.0,18171.0
Mouse_Thymus2,116_35,4,19438.0,16571.0
Mouse_Thymus2,96_31,5,17438.0,16171.0
Mouse_Thymus2,97_5,4,17538.0,13571.0
Mouse_Thymus2,97_51,5,17538.0,18171.0
Mouse_Thymus2,102_16,5,18038.0,14671.0
Mouse_Thymus2,5_44,5,8338.0,17471.0
Mouse_Thymus2,95_17,5,17338.0,14771.0
Mouse_Thymus2,46_26,4,12438.0,15671.0
Mouse_Thymus2,107_40,2,18538.0,17071.0
Mouse_Thymus2,96_43,5,17438.0,17371.0
Mouse_Thymus2,20_40,5,9838.0,17071.0
Mouse_Thymus2,73_42,5,15138.0,17271.0
Mouse_Thymus2,85_45,1,16338.0,17571.0
Mouse_Thymus2,109_58,5,18738.0,18871.0
Mouse_Thymus2,42_37,5,12038.0,16771.0
Mouse_Thymus2,89_50,4,16738.0,18071.0
Mouse_Thymus2,12_39,7,9038.0,16971.0
Mouse_Thymus2,104_47,5,18238.0,17771.0
Mouse_Thymus2,62_32,2,14038.0,16271.0
Mouse_Thymus2,78_22,2,15638.0,15271.0
Mouse_Thymus2,108_53,4,18638.0,18371.0
Mouse_Thymus2,42_38,1,12038.0,16871.0
Mouse_Thymus2,89_19,2,16738.0,14971.0
Mouse_Thymus2,10_44,4,8838.0,17471.0
Mouse_Thymus2,122_48,5,20038.0,17871.0
Mouse_Thymus2,67_12,5,14538.0,14271.0
Mouse_Thymus2,92_52,5,17038.0,18271.0
Mouse_Thymus2,104_46,4,18238.0,17671.0
Mouse_Thymus2,84_39,5,16238.0,16971.0
Mouse_Thymus2,93_32,5,17138.0,16271.0
Mouse_Thymus2,119_67,5,19738.0,19771.0
Mouse_Thymus2,50_40,2,12838.0,17071.0
Mouse_Thymus2,19_44,2,9738.0,17471.0
Mouse_Thymus2,106_56,5,18438.0,18671.0
Mouse_Thymus2,77_14,1,15538.0,14471.0
Mouse_Thymus2,12_44,1,9038.0,17471.0
Mouse_Thymus2,71_0,7,14938.0,13071.0
Mouse_Thymus2,55_16,4,13338.0,14671.0
Mouse_Thymus2,58_28,2,13638.0,15871.0
Mouse_Thymus2,109_47,1,18738.0,17771.0
Mouse_Thymus2,16_51,5,9438.0,18171.0
Mouse_Thymus2,108_47,1,18638.0,17771.0
Mouse_Thymus2,74_1,5,15238.0,13171.0
Mouse_Thymus2,107_42,4,18538.0,17271.0
Mouse_Thymus2,72_44,5,15038.0,17471.0
Mouse_Thymus2,74_16,4,15238.0,14671.0
Mouse_Thymus2,6_48,1,8438.0,17871.0
Mouse_Thymus2,89_12,5,16738.0,14271.0
Mouse_Thymus2,54_34,2,13238.0,16471.0
Mouse_Thymus2,100_54,5,17838.0,18471.0
Mouse_Thymus2,101_31,4,17938.0,16171.0
Mouse_Thymus2,121_63,1,19938.0,19371.0
Mouse_Thymus2,86_5,5,16438.0,13571.0
Mouse_Thymus2,25_48,2,10338.0,17871.0
Mouse_Thymus2,33_46,2,11138.0,17671.0
Mouse_Thymus2,72_16,5,15038.0,14671.0
Mouse_Thymus2,81_4,5,15938.0,13471.0
Mouse_Thymus2,84_25,5,16238.0,15571.0
Mouse_Thymus2,69_17,4,14738.0,14771.0
Mouse_Thymus2,21_54,5,9938.0,18471.0
Mouse_Thymus2,36_28,1,11438.0,15871.0
Mouse_Thymus2,47_28,2,12538.0,15871.0
Mouse_Thymus2,69_30,1,14738.0,16071.0
Mouse_Thymus2,97_19,1,17538.0,14971.0
Mouse_Thymus2,32_48,1,11038.0,17871.0
Mouse_Thymus2,103_39,2,18138.0,16971.0
Mouse_Thymus2,40_50,5,11838.0,18071.0
Mouse_Thymus2,52_43,4,13038.0,17371.0
Mouse_Thymus2,118_61,2,19638.0,19171.0
Mouse_Thymus2,72_1,5,15038.0,13171.0
Mouse_Thymus2,113_50,5,19138.0,18071.0
Mouse_Thymus2,119_42,5,19738.0,17271.0
Mouse_Thymus2,64_10,5,14238.0,14071.0
Mouse_Thymus2,98_18,4,17638.0,14871.0
Mouse_Thymus2,122_49,5,20038.0,17971.0
Mouse_Thymus2,51_28,2,12938.0,15871.0
Mouse_Thymus2,70_42,5,14838.0,17271.0
Mouse_Thymus2,104_49,4,18238.0,17971.0
Mouse_Thymus2,118_57,2,19638.0,18771.0
Mouse_Thymus2,4_43,7,8238.0,17371.0
Mouse_Thymus2,52_28,2,13038.0,15871.0
Mouse_Thymus2,46_40,2,12438.0,17071.0
Mouse_Thymus2,109_33,1,18738.0,16371.0
Mouse_Thymus2,86_53,5,16438.0,18371.0
Mouse_Thymus2,27_34,4,10538.0,16471.0
Mouse_Thymus2,53_36,1,13138.0,16671.0
Mouse_Thymus2,103_43,4,18138.0,17371.0
Mouse_Thymus2,40_38,1,11838.0,16871.0
Mouse_Thymus2,71_24,2,14938.0,15471.0
Mouse_Thymus2,58_37,2,13638.0,16771.0
Mouse_Thymus2,90_51,5,16838.0,18171.0
Mouse_Thymus2,94_39,4,17238.0,16971.0
Mouse_Thymus2,47_44,1,12538.0,17471.0
Mouse_Thymus2,107_48,5,18538.0,17871.0
Mouse_Thymus2,40_45,2,11838.0,17571.0
Mouse_Thymus2,81_43,2,15938.0,17371.0
Mouse_Thymus2,25_42,5,10338.0,17271.0
Mouse_Thymus2,104_34,2,18238.0,16471.0
Mouse_Thymus2,88_55,5,16638.0,18571.0
Mouse_Thymus2,44_19,5,12238.0,14971.0
Mouse_Thymus2,42_40,2,12038.0,17071.0
Mouse_Thymus2,81_8,5,15938.0,13871.0
Mouse_Thymus2,60_30,2,13838.0,16071.0
Mouse_Thymus2,60_21,2,13838.0,15171.0
Mouse_Thymus2,73_23,2,15138.0,15371.0
Mouse_Thymus2,50_19,5,12838.0,14971.0
Mouse_Thymus2,70_5,5,14838.0,13571.0
Mouse_Thymus2,84_23,2,16238.0,15371.0
Mouse_Thymus2,102_24,2,18038.0,15471.0
Mouse_Thymus2,100_47,5,17838.0,17771.0
Mouse_Thymus2,26_50,1,10438.0,18071.0
Mouse_Thymus2,43_35,1,12138.0,16571.0
Mouse_Thymus2,103_44,4,18138.0,17471.0
Mouse_Thymus2,103_56,5,18138.0,18671.0
Mouse_Thymus2,122_67,1,20038.0,19771.0
Mouse_Thymus2,114_40,4,19238.0,17071.0
Mouse_Thymus2,79_8,4,15738.0,13871.0
Mouse_Thymus2,109_31,5,18738.0,16171.0
Mouse_Thymus2,74_40,2,15238.0,17071.0
Mouse_Thymus2,89_13,1,16738.0,14371.0
Mouse_Thymus2,14_51,5,9238.0,18171.0
Mouse_Thymus2,40_32,1,11838.0,16271.0
Mouse_Thymus2,78_24,2,15638.0,15471.0
Mouse_Thymus2,15_45,2,9338.0,17571.0
Mouse_Thymus2,87_10,5,16538.0,14071.0
Mouse_Thymus2,112_59,5,19038.0,18971.0
Mouse_Thymus2,82_2,5,16038.0,13271.0
Mouse_Thymus2,86_4,5,16438.0,13471.0
Mouse_Thymus2,52_44,1,13038.0,17471.0
Mouse_Thymus2,88_22,2,16638.0,15271.0
Mouse_Thymus2,100_38,2,17838.0,16871.0
Mouse_Thymus2,64_34,2,14238.0,16471.0
Mouse_Thymus2,91_55,5,16938.0,18571.0
Mouse_Thymus2,92_44,5,17038.0,17471.0
Mouse_Thymus2,67_21,1,14538.0,15171.0
Mouse_Thymus2,67_41,5,14538.0,17171.0
Mouse_Thymus2,62_23,2,14038.0,15371.0
Mouse_Thymus2,61_39,5,13938.0,16971.0
Mouse_Thymus2,30_45,2,10838.0,17571.0
Mouse_Thymus2,94_14,4,17238.0,14471.0
Mouse_Thymus2,98_10,2,17638.0,14071.0
Mouse_Thymus2,86_10,4,16438.0,14071.0
Mouse_Thymus2,88_28,1,16638.0,15871.0
Mouse_Thymus2,106_29,5,18438.0,15971.0
Mouse_Thymus2,78_15,1,15638.0,14571.0
Mouse_Thymus2,87_53,5,16538.0,18371.0
Mouse_Thymus2,121_46,5,19938.0,17671.0
Mouse_Thymus2,66_11,5,14438.0,14171.0
Mouse_Thymus2,66_29,1,14438.0,15971.0
Mouse_Thymus2,37_38,4,11538.0,16871.0
Mouse_Thymus2,35_46,2,11338.0,17671.0
Mouse_Thymus2,50_17,4,12838.0,14771.0
Mouse_Thymus2,120_55,2,19838.0,18571.0
Mouse_Thymus2,26_53,4,10438.0,18371.0
Mouse_Thymus2,26_40,5,10438.0,17071.0
Mouse_Thymus2,26_44,2,10438.0,17471.0
Mouse_Thymus2,61_23,2,13938.0,15371.0
Mouse_Thymus2,80_5,5,15838.0,13571.0
Mouse_Thymus2,88_52,4,16638.0,18271.0
Mouse_Thymus2,96_7,4,17438.0,13771.0
Mouse_Thymus2,72_42,5,15038.0,17271.0
Mouse_Thymus2,115_67,7,19338.0,19771.0
Mouse_Thymus2,84_45,1,16238.0,17571.0
Mouse_Thymus2,117_59,2,19538.0,18971.0
Mouse_Thymus2,42_46,2,12038.0,17671.0
Mouse_Thymus2,101_36,2,17938.0,16671.0
Mouse_Thymus2,121_65,1,19938.0,19571.0
Mouse_Thymus2,80_2,4,15838.0,13271.0
Mouse_Thymus2,83_11,4,16138.0,14171.0
Mouse_Thymus2,94_59,5,17238.0,18971.0
Mouse_Thymus2,44_41,2,12238.0,17171.0
Mouse_Thymus2,100_20,1,17838.0,15071.0
Mouse_Thymus2,89_27,5,16738.0,15771.0
Mouse_Thymus2,115_62,5,19338.0,19271.0
Mouse_Thymus2,70_28,1,14838.0,15871.0
Mouse_Thymus2,102_15,5,18038.0,14571.0
Mouse_Thymus2,83_23,2,16138.0,15371.0
Mouse_Thymus2,71_10,4,14938.0,14071.0
Mouse_Thymus2,87_3,5,16538.0,13371.0
Mouse_Thymus2,68_27,2,14638.0,15771.0
Mouse_Thymus2,96_15,5,17438.0,14571.0
Mouse_Thymus2,74_15,5,15238.0,14571.0
Mouse_Thymus2,35_35,5,11338.0,16571.0
Mouse_Thymus2,76_44,4,15438.0,17471.0
Mouse_Thymus2,65_8,5,14338.0,13871.0
Mouse_Thymus2,97_32,2,17538.0,16271.0
Mouse_Thymus2,98_60,5,17638.0,19071.0
Mouse_Thymus2,31_50,5,10938.0,18071.0
Mouse_Thymus2,109_49,5,18738.0,17971.0
Mouse_Thymus2,58_34,2,13638.0,16471.0
Mouse_Thymus2,44_33,1,12238.0,16371.0
Mouse_Thymus2,102_50,4,18038.0,18071.0
Mouse_Thymus2,81_39,2,15938.0,16971.0
Mouse_Thymus2,27_48,2,10538.0,17871.0
Mouse_Thymus2,43_37,5,12138.0,16771.0
Mouse_Thymus2,100_33,1,17838.0,16371.0
Mouse_Thymus2,108_42,2,18638.0,17271.0
Mouse_Thymus2,119_63,5,19738.0,19371.0
Mouse_Thymus2,117_66,4,19538.0,19671.0
Mouse_Thymus2,53_44,5,13138.0,17471.0
Mouse_Thymus2,33_32,4,11138.0,16271.0
Mouse_Thymus2,70_11,5,14838.0,14171.0
Mouse_Thymus2,110_59,4,18838.0,18971.0
Mouse_Thymus2,110_54,5,18838.0,18471.0
Mouse_Thymus2,121_59,2,19938.0,18971.0
Mouse_Thymus2,93_37,5,17138.0,16771.0
Mouse_Thymus2,120_46,1,19838.0,17671.0
Mouse_Thymus2,102_44,4,18038.0,17471.0
Mouse_Thymus2,78_42,2,15638.0,17271.0
Mouse_Thymus2,79_1,4,15738.0,13171.0
Mouse_Thymus2,78_21,2,15638.0,15171.0
Mouse_Thymus2,114_61,5,19238.0,19171.0
Mouse_Thymus2,95_52,5,17338.0,18271.0
Mouse_Thymus2,45_40,2,12338.0,17071.0
Mouse_Thymus2,75_0,5,15338.0,13071.0
Mouse_Thymus2,89_34,1,16738.0,16471.0
Mouse_Thymus2,65_35,2,14338.0,16571.0
Mouse_Thymus2,49_39,2,12738.0,16971.0
Mouse_Thymus2,40_41,2,11838.0,17171.0
Mouse_Thymus2,72_22,2,15038.0,15271.0
Mouse_Thymus2,113_43,2,19138.0,17371.0
Mouse_Thymus2,24_40,5,10238.0,17071.0
Mouse_Thymus2,98_37,2,17638.0,16771.0
Mouse_Thymus2,89_17,2,16738.0,14771.0
Mouse_Thymus2,125_60,4,20338.0,19071.0
Mouse_Thymus2,56_32,2,13438.0,16271.0
Mouse_Thymus2,112_33,5,19038.0,16371.0
Mouse_Thymus2,92_12,5,17038.0,14271.0
Mouse_Thymus2,78_45,5,15638.0,17571.0
Mouse_Thymus2,93_41,4,17138.0,17171.0
Mouse_Thymus2,82_3,5,16038.0,13371.0
Mouse_Thymus2,28_50,1,10638.0,18071.0
Mouse_Thymus2,104_26,5,18238.0,15671.0
Mouse_Thymus2,87_13,1,16538.0,14371.0
Mouse_Thymus2,97_61,4,17538.0,19171.0
Mouse_Thymus2,89_29,5,16738.0,15971.0
Mouse_Thymus2,88_3,7,16638.0,13371.0
Mouse_Thymus2,85_24,1,16338.0,15471.0
Mouse_Thymus2,61_37,2,13938.0,16771.0
Mouse_Thymus2,75_21,4,15338.0,15171.0
Mouse_Thymus2,30_47,2,10838.0,17771.0
Mouse_Thymus2,53_42,5,13138.0,17271.0
Mouse_Thymus2,75_3,5,15338.0,13371.0
Mouse_Thymus2,52_15,4,13038.0,14571.0
Mouse_Thymus2,13_47,4,9138.0,17771.0
Mouse_Thymus2,43_23,5,12138.0,15371.0
Mouse_Thymus2,77_25,2,15538.0,15571.0
Mouse_Thymus2,79_24,2,15738.0,15471.0
Mouse_Thymus2,64_39,5,14238.0,16971.0
Mouse_Thymus2,102_23,1,18038.0,15371.0
Mouse_Thymus2,84_55,4,16238.0,18571.0
Mouse_Thymus2,71_4,4,14938.0,13471.0
Mouse_Thymus2,97_13,4,17538.0,14371.0
Mouse_Thymus2,51_30,5,12938.0,16071.0
Mouse_Thymus2,104_53,5,18238.0,18371.0
Mouse_Thymus2,114_60,4,19238.0,19071.0
Mouse_Thymus2,67_15,4,14538.0,14571.0
Mouse_Thymus2,83_31,5,16138.0,16171.0
Mouse_Thymus2,75_42,5,15338.0,17271.0
Mouse_Thymus2,91_56,5,16938.0,18671.0
Mouse_Thymus2,33_52,5,11138.0,18271.0
Mouse_Thymus2,96_21,2,17438.0,15171.0
Mouse_Thymus2,73_29,1,15138.0,15971.0
Mouse_Thymus2,91_51,1,16938.0,18171.0
Mouse_Thymus2,23_56,7,10138.0,18671.0
Mouse_Thymus2,107_37,2,18538.0,16771.0
Mouse_Thymus2,87_23,2,16538.0,15371.0
Mouse_Thymus2,57_15,5,13538.0,14571.0
Mouse_Thymus2,88_7,4,16638.0,13771.0
Mouse_Thymus2,69_39,1,14738.0,16971.0
Mouse_Thymus2,63_13,5,14138.0,14371.0
Mouse_Thymus2,94_57,5,17238.0,18771.0
Mouse_Thymus2,45_49,5,12338.0,17971.0
Mouse_Thymus2,74_6,5,15238.0,13671.0
Mouse_Thymus2,78_31,2,15638.0,16171.0
Mouse_Thymus2,52_19,5,13038.0,14971.0
Mouse_Thymus2,69_21,1,14738.0,15171.0
Mouse_Thymus2,78_9,4,15638.0,13971.0
Mouse_Thymus2,97_29,5,17538.0,15971.0
Mouse_Thymus2,20_41,5,9838.0,17171.0
Mouse_Thymus2,86_31,5,16438.0,16171.0
Mouse_Thymus2,101_55,5,17938.0,18571.0
Mouse_Thymus2,87_25,5,16538.0,15571.0
Mouse_Thymus2,62_25,2,14038.0,15571.0
Mouse_Thymus2,43_24,5,12138.0,15471.0
Mouse_Thymus2,69_4,5,14738.0,13471.0
Mouse_Thymus2,83_21,2,16138.0,15171.0
Mouse_Thymus2,120_48,4,19838.0,17871.0
Mouse_Thymus2,23_37,5,10138.0,16771.0
Mouse_Thymus2,97_44,5,17538.0,17471.0
Mouse_Thymus2,35_37,5,11338.0,16771.0
Mouse_Thymus2,75_20,4,15338.0,15071.0
Mouse_Thymus2,113_35,5,19138.0,16571.0
Mouse_Thymus2,53_21,4,13138.0,15171.0
Mouse_Thymus2,92_37,5,17038.0,16771.0
Mouse_Thymus2,92_40,5,17038.0,17071.0
Mouse_Thymus2,71_35,2,14938.0,16571.0
Mouse_Thymus2,83_51,5,16138.0,18171.0
Mouse_Thymus2,54_29,1,13238.0,15971.0
Mouse_Thymus2,61_13,5,13938.0,14371.0
Mouse_Thymus2,70_26,2,14838.0,15671.0
Mouse_Thymus2,34_54,5,11238.0,18471.0
Mouse_Thymus2,73_36,2,15138.0,16671.0
Mouse_Thymus2,80_11,5,15838.0,14171.0
Mouse_Thymus2,92_29,5,17038.0,15971.0
Mouse_Thymus2,109_37,2,18738.0,16771.0
Mouse_Thymus2,76_4,5,15438.0,13471.0
Mouse_Thymus2,94_11,5,17238.0,14171.0
Mouse_Thymus2,102_47,5,18038.0,17771.0
Mouse_Thymus2,92_6,5,17038.0,13671.0
Mouse_Thymus2,43_22,5,12138.0,15271.0
Mouse_Thymus2,73_9,4,15138.0,13971.0
Mouse_Thymus2,28_48,2,10638.0,17871.0
Mouse_Thymus2,119_64,5,19738.0,19471.0
Mouse_Thymus2,29_43,2,10738.0,17371.0
Mouse_Thymus2,121_47,5,19938.0,17771.0
Mouse_Thymus2,84_43,5,16238.0,17371.0
Mouse_Thymus2,94_61,7,17238.0,19171.0
Mouse_Thymus2,87_54,5,16538.0,18471.0
Mouse_Thymus2,76_14,5,15438.0,14471.0
Mouse_Thymus2,39_28,2,11738.0,15871.0
Mouse_Thymus2,16_38,1,9438.0,16871.0
Mouse_Thymus2,97_15,5,17538.0,14571.0
Mouse_Thymus2,17_54,4,9538.0,18471.0
Mouse_Thymus2,22_41,5,10038.0,17171.0
Mouse_Thymus2,91_18,2,16938.0,14871.0
Mouse_Thymus2,78_1,5,15638.0,13171.0
Mouse_Thymus2,84_54,5,16238.0,18471.0
Mouse_Thymus2,37_42,2,11538.0,17271.0
Mouse_Thymus2,91_41,4,16938.0,17171.0
Mouse_Thymus2,64_31,2,14238.0,16171.0
Mouse_Thymus2,77_40,2,15538.0,17071.0
Mouse_Thymus2,83_16,2,16138.0,14671.0
Mouse_Thymus2,7_49,7,8538.0,17971.0
Mouse_Thymus2,72_21,2,15038.0,15171.0
Mouse_Thymus2,96_23,2,17438.0,15371.0
Mouse_Thymus2,46_47,5,12438.0,17771.0
Mouse_Thymus2,73_39,2,15138.0,16971.0
Mouse_Thymus2,79_37,2,15738.0,16771.0
Mouse_Thymus2,118_53,2,19638.0,18371.0
Mouse_Thymus2,96_11,4,17438.0,14171.0
Mouse_Thymus2,48_37,2,12638.0,16771.0
Mouse_Thymus2,52_26,2,13038.0,15671.0
Mouse_Thymus2,80_30,2,15838.0,16071.0
Mouse_Thymus2,64_15,4,14238.0,14571.0
Mouse_Thymus2,48_46,5,12638.0,17671.0
Mouse_Thymus2,61_33,2,13938.0,16371.0
Mouse_Thymus2,9_43,5,8738.0,17371.0
Mouse_Thymus2,99_55,5,17738.0,18571.0
Mouse_Thymus2,22_51,5,10038.0,18171.0
Mouse_Thymus2,87_28,4,16538.0,15871.0
Mouse_Thymus2,48_42,2,12638.0,17271.0
Mouse_Thymus2,68_31,1,14638.0,16171.0
Mouse_Thymus2,67_16,4,14538.0,14671.0
Mouse_Thymus2,47_40,2,12538.0,17071.0
Mouse_Thymus2,60_11,7,13838.0,14171.0
Mouse_Thymus2,78_28,2,15638.0,15871.0
Mouse_Thymus2,77_23,2,15538.0,15371.0
Mouse_Thymus2,113_59,5,19138.0,18971.0
Mouse_Thymus2,35_53,5,11338.0,18371.0
Mouse_Thymus2,52_34,1,13038.0,16471.0
Mouse_Thymus2,28_53,5,10638.0,18371.0
Mouse_Thymus2,39_31,1,11738.0,16171.0
Mouse_Thymus2,51_41,2,12938.0,17171.0
Mouse_Thymus2,93_25,2,17138.0,15571.0
Mouse_Thymus2,14_41,1,9238.0,17171.0
Mouse_Thymus2,96_22,2,17438.0,15271.0
Mouse_Thymus2,40_24,1,11838.0,15471.0
Mouse_Thymus2,24_44,2,10238.0,17471.0
Mouse_Thymus2,83_28,2,16138.0,15871.0
Mouse_Thymus2,116_48,2,19438.0,17871.0
Mouse_Thymus2,91_11,1,16938.0,14171.0
Mouse_Thymus2,89_38,4,16738.0,16871.0
Mouse_Thymus2,72_35,2,15038.0,16571.0
Mouse_Thymus2,98_22,2,17638.0,15271.0
Mouse_Thymus2,79_46,5,15738.0,17671.0
Mouse_Thymus2,31_35,5,10938.0,16571.0
Mouse_Thymus2,99_53,5,17738.0,18371.0
Mouse_Thymus2,52_35,1,13038.0,16571.0
Mouse_Thymus2,26_56,5,10438.0,18671.0
Mouse_Thymus2,120_47,5,19838.0,17771.0
Mouse_Thymus2,59_13,5,13738.0,14371.0
Mouse_Thymus2,81_45,4,15938.0,17571.0
Mouse_Thymus2,72_13,4,15038.0,14371.0
Mouse_Thymus2,52_29,1,13038.0,15971.0
Mouse_Thymus2,81_37,1,15938.0,16771.0
Mouse_Thymus2,91_31,1,16938.0,16171.0
Mouse_Thymus2,87_49,4,16538.0,17971.0
Mouse_Thymus2,80_15,1,15838.0,14571.0
Mouse_Thymus2,97_21,2,17538.0,15171.0
Mouse_Thymus2,73_26,2,15138.0,15671.0
Mouse_Thymus2,31_44,2,10938.0,17471.0
Mouse_Thymus2,85_36,5,16338.0,16671.0
Mouse_Thymus2,85_2,5,16338.0,13271.0
Mouse_Thymus2,52_32,1,13038.0,16271.0
Mouse_Thymus2,14_48,5,9238.0,17871.0
Mouse_Thymus2,104_31,2,18238.0,16171.0
Mouse_Thymus2,87_43,5,16538.0,17371.0
Mouse_Thymus2,29_37,4,10738.0,16771.0
Mouse_Thymus2,74_36,2,15238.0,16671.0
Mouse_Thymus2,109_40,2,18738.0,17071.0
Mouse_Thymus2,27_41,4,10538.0,17171.0
Mouse_Thymus2,76_13,5,15438.0,14371.0
Mouse_Thymus2,112_41,2,19038.0,17171.0
Mouse_Thymus2,116_55,4,19438.0,18571.0
Mouse_Thymus2,66_30,5,14438.0,16071.0
Mouse_Thymus2,122_46,5,20038.0,17671.0
Mouse_Thymus2,84_26,1,16238.0,15671.0
Mouse_Thymus2,87_31,5,16538.0,16171.0
Mouse_Thymus2,60_31,2,13838.0,16171.0
Mouse_Thymus2,40_40,2,11838.0,17071.0
Mouse_Thymus2,45_20,5,12338.0,15071.0
Mouse_Thymus2,63_38,1,14138.0,16871.0
Mouse_Thymus2,98_8,5,17638.0,13871.0
Mouse_Thymus2,84_9,5,16238.0,13971.0
Mouse_Thymus2,80_16,4,15838.0,14671.0
Mouse_Thymus2,49_34,1,12738.0,16471.0
Mouse_Thymus2,80_14,4,15838.0,14471.0
Mouse_Thymus2,107_57,5,18538.0,18771.0
Mouse_Thymus2,89_7,5,16738.0,13771.0
Mouse_Thymus2,80_1,4,15838.0,13171.0
Mouse_Thymus2,24_52,5,10238.0,18271.0
Mouse_Thymus2,109_36,2,18738.0,16671.0
Mouse_Thymus2,100_45,5,17838.0,17571.0
Mouse_Thymus2,87_48,5,16538.0,17871.0
Mouse_Thymus2,105_34,2,18338.0,16471.0
Mouse_Thymus2,110_51,5,18838.0,18171.0
Mouse_Thymus2,63_12,5,14138.0,14271.0
Mouse_Thymus2,84_5,5,16238.0,13571.0
Mouse_Thymus2,36_45,2,11438.0,17571.0
Mouse_Thymus2,71_13,4,14938.0,14371.0
Mouse_Thymus2,49_33,1,12738.0,16371.0
Mouse_Thymus2,98_56,5,17638.0,18671.0
Mouse_Thymus2,95_19,1,17338.0,14971.0
Mouse_Thymus2,40_46,1,11838.0,17671.0
Mouse_Thymus2,34_45,2,11238.0,17571.0
Mouse_Thymus2,81_28,1,15938.0,15871.0
Mouse_Thymus2,103_59,7,18138.0,18971.0
Mouse_Thymus2,97_60,5,17538.0,19071.0
Mouse_Thymus2,84_27,2,16238.0,15771.0
Mouse_Thymus2,114_66,7,19238.0,19671.0
Mouse_Thymus2,11_42,5,8938.0,17271.0
Mouse_Thymus2,66_39,5,14438.0,16971.0
Mouse_Thymus2,81_12,5,15938.0,14271.0
Mouse_Thymus2,33_29,1,11138.0,15971.0
Mouse_Thymus2,103_45,4,18138.0,17571.0
Mouse_Thymus2,82_44,1,16038.0,17471.0
Mouse_Thymus2,83_3,4,16138.0,13371.0
Mouse_Thymus2,69_10,4,14738.0,14071.0
Mouse_Thymus2,90_37,5,16838.0,16771.0
Mouse_Thymus2,123_55,4,20138.0,18571.0
Mouse_Thymus2,42_20,5,12038.0,15071.0
Mouse_Thymus2,27_37,5,10538.0,16771.0
Mouse_Thymus2,88_40,5,16638.0,17071.0
Mouse_Thymus2,48_48,5,12638.0,17871.0
Mouse_Thymus2,117_62,4,19538.0,19271.0
Mouse_Thymus2,118_51,2,19638.0,18171.0
Mouse_Thymus2,38_45,2,11638.0,17571.0
Mouse_Thymus2,51_24,5,12938.0,15471.0
Mouse_Thymus2,47_48,1,12538.0,17871.0
Mouse_Thymus2,34_31,1,11238.0,16171.0
Mouse_Thymus2,40_25,5,11838.0,15571.0
Mouse_Thymus2,9_40,7,8738.0,17071.0
Mouse_Thymus2,75_31,2,15338.0,16171.0
Mouse_Thymus2,87_11,4,16538.0,14171.0
Mouse_Thymus2,13_49,5,9138.0,17971.0
Mouse_Thymus2,71_1,5,14938.0,13171.0
Mouse_Thymus2,19_37,4,9738.0,16771.0
Mouse_Thymus2,59_31,2,13738.0,16171.0
Mouse_Thymus2,81_20,2,15938.0,15071.0
Mouse_Thymus2,106_32,2,18438.0,16271.0
Mouse_Thymus2,115_35,5,19338.0,16571.0
Mouse_Thymus2,72_5,5,15038.0,13571.0
Mouse_Thymus2,98_43,5,17638.0,17371.0
Mouse_Thymus2,80_7,5,15838.0,13771.0
Mouse_Thymus2,11_44,5,8938.0,17471.0
Mouse_Thymus2,53_28,1,13138.0,15871.0
Mouse_Thymus2,91_34,4,16938.0,16471.0
Mouse_Thymus2,18_51,5,9638.0,18171.0
Mouse_Thymus2,79_51,5,15738.0,18171.0
Mouse_Thymus2,98_30,5,17638.0,16071.0
Mouse_Thymus2,86_46,4,16438.0,17671.0
Mouse_Thymus2,47_20,5,12538.0,15071.0
Mouse_Thymus2,61_24,2,13938.0,15471.0
Mouse_Thymus2,78_26,1,15638.0,15671.0
Mouse_Thymus2,120_49,5,19838.0,17971.0
Mouse_Thymus2,42_51,5,12038.0,18171.0
Mouse_Thymus2,63_19,5,14138.0,14971.0
Mouse_Thymus2,107_32,5,18538.0,16271.0
Mouse_Thymus2,44_37,1,12238.0,16771.0
Mouse_Thymus2,68_13,4,14638.0,14371.0
Mouse_Thymus2,0_46,7,7838.0,17671.0
Mouse_Thymus2,95_51,5,17338.0,18171.0
Mouse_Thymus2,72_39,2,15038.0,16971.0
Mouse_Thymus2,122_63,5,20038.0,19371.0
Mouse_Thymus2,105_45,5,18338.0,17571.0
Mouse_Thymus2,20_44,2,9838.0,17471.0
Mouse_Thymus2,41_42,2,11938.0,17271.0
Mouse_Thymus2,124_57,5,20238.0,18771.0
Mouse_Thymus2,109_34,5,18738.0,16471.0
Mouse_Thymus2,81_3,5,15938.0,13371.0
Mouse_Thymus2,89_21,2,16738.0,15171.0
Mouse_Thymus2,84_33,4,16238.0,16371.0
Mouse_Thymus2,104_24,5,18238.0,15471.0
Mouse_Thymus2,83_13,5,16138.0,14371.0
Mouse_Thymus2,22_37,5,10038.0,16771.0
Mouse_Thymus2,51_36,1,12938.0,16671.0
Mouse_Thymus2,107_35,2,18538.0,16571.0
Mouse_Thymus2,72_14,4,15038.0,14471.0
Mouse_Thymus2,87_14,2,16538.0,14471.0
Mouse_Thymus2,106_43,4,18438.0,17371.0
Mouse_Thymus2,38_44,2,11638.0,17471.0
Mouse_Thymus2,123_70,5,20138.0,20071.0
Mouse_Thymus2,110_52,5,18838.0,18271.0
Mouse_Thymus2,19_53,5,9738.0,18371.0
Mouse_Thymus2,48_38,2,12638.0,16871.0
Mouse_Thymus2,77_19,2,15538.0,14971.0
Mouse_Thymus2,93_20,1,17138.0,15071.0
Mouse_Thymus2,84_36,1,16238.0,16671.0
Mouse_Thymus2,92_25,2,17038.0,15571.0
Mouse_Thymus2,124_63,5,20238.0,19371.0
Mouse_Thymus2,70_30,5,14838.0,16071.0
Mouse_Thymus2,32_52,5,11038.0,18271.0
Mouse_Thymus2,89_6,5,16738.0,13671.0
Mouse_Thymus2,105_38,2,18338.0,16871.0
Mouse_Thymus2,77_44,4,15538.0,17471.0
Mouse_Thymus2,3_45,4,8138.0,17571.0
Mouse_Thymus2,32_55,5,11038.0,18571.0
Mouse_Thymus2,108_31,5,18638.0,16171.0
Mouse_Thymus2,94_17,4,17238.0,14771.0
Mouse_Thymus2,121_56,2,19938.0,18671.0
Mouse_Thymus2,89_45,5,16738.0,17571.0
Mouse_Thymus2,22_40,5,10038.0,17071.0
Mouse_Thymus2,96_29,4,17438.0,15971.0
Mouse_Thymus2,43_30,2,12138.0,16071.0
Mouse_Thymus2,19_54,4,9738.0,18471.0
Mouse_Thymus2,98_52,5,17638.0,18271.0
Mouse_Thymus2,80_10,5,15838.0,14071.0
Mouse_Thymus2,58_20,4,13638.0,15071.0
Mouse_Thymus2,32_28,5,11038.0,15871.0
Mouse_Thymus2,65_32,2,14338.0,16271.0
Mouse_Thymus2,102_37,1,18038.0,16771.0
Mouse_Thymus2,114_43,2,19238.0,17371.0
Mouse_Thymus2,40_27,5,11838.0,15771.0
Mouse_Thymus2,95_47,5,17338.0,17771.0
Mouse_Thymus2,110_29,5,18838.0,15971.0
Mouse_Thymus2,110_56,4,18838.0,18671.0
Mouse_Thymus2,84_48,4,16238.0,17871.0
Mouse_Thymus2,100_11,5,17838.0,14171.0
Mouse_Thymus2,60_39,5,13838.0,16971.0
Mouse_Thymus2,38_46,2,11638.0,17671.0
Mouse_Thymus2,39_44,2,11738.0,17471.0
Mouse_Thymus2,112_63,7,19038.0,19371.0
Mouse_Thymus2,112_51,5,19038.0,18171.0
Mouse_Thymus2,107_23,4,18538.0,15371.0
Mouse_Thymus2,75_4,5,15338.0,13471.0
Mouse_Thymus2,41_27,1,11938.0,15771.0
Mouse_Thymus2,34_43,2,11238.0,17371.0
Mouse_Thymus2,29_36,5,10738.0,16671.0
Mouse_Thymus2,97_12,5,17538.0,14271.0
Mouse_Thymus2,88_15,2,16638.0,14571.0
Mouse_Thymus2,87_41,5,16538.0,17171.0
Mouse_Thymus2,48_20,5,12638.0,15071.0
Mouse_Thymus2,58_12,5,13638.0,14271.0
Mouse_Thymus2,97_27,2,17538.0,15771.0
Mouse_Thymus2,79_10,5,15738.0,14071.0
Mouse_Thymus2,106_42,2,18438.0,17271.0
Mouse_Thymus2,69_9,7,14738.0,13971.0
Mouse_Thymus2,70_18,4,14838.0,14871.0
Mouse_Thymus2,89_31,4,16738.0,16171.0
Mouse_Thymus2,117_42,1,19538.0,17271.0
Mouse_Thymus2,73_19,5,15138.0,14971.0
Mouse_Thymus2,89_56,5,16738.0,18671.0
Mouse_Thymus2,95_22,2,17338.0,15271.0
Mouse_Thymus2,88_30,5,16638.0,16071.0
Mouse_Thymus2,79_16,4,15738.0,14671.0
Mouse_Thymus2,50_33,2,12838.0,16371.0
Mouse_Thymus2,112_32,5,19038.0,16271.0
Mouse_Thymus2,19_42,4,9738.0,17271.0
Mouse_Thymus2,20_54,4,9838.0,18471.0
Mouse_Thymus2,84_12,5,16238.0,14271.0
Mouse_Thymus2,105_46,5,18338.0,17671.0
Mouse_Thymus2,99_25,2,17738.0,15571.0
Mouse_Thymus2,59_23,2,13738.0,15371.0
Mouse_Thymus2,45_43,2,12338.0,17371.0
Mouse_Thymus2,114_35,5,19238.0,16571.0
Mouse_Thymus2,83_47,4,16138.0,17771.0
Mouse_Thymus2,123_56,5,20138.0,18671.0
Mouse_Thymus2,94_33,5,17238.0,16371.0
Mouse_Thymus2,93_18,1,17138.0,14871.0
Mouse_Thymus2,34_55,5,11238.0,18571.0
Mouse_Thymus2,102_28,2,18038.0,15871.0
Mouse_Thymus2,61_35,2,13938.0,16571.0
Mouse_Thymus2,95_8,5,17338.0,13871.0
Mouse_Thymus2,34_47,2,11238.0,17771.0
Mouse_Thymus2,38_28,4,11638.0,15871.0
Mouse_Thymus2,106_35,2,18438.0,16571.0
Mouse_Thymus2,42_36,5,12038.0,16671.0
Mouse_Thymus2,57_13,5,13538.0,14371.0
Mouse_Thymus2,49_40,2,12738.0,17071.0
Mouse_Thymus2,68_12,1,14638.0,14271.0
Mouse_Thymus2,27_51,2,10538.0,18171.0
Mouse_Thymus2,114_52,5,19238.0,18271.0
Mouse_Thymus2,15_42,4,9338.0,17271.0
Mouse_Thymus2,39_41,2,11738.0,17171.0
Mouse_Thymus2,98_34,2,17638.0,16471.0
Mouse_Thymus2,63_39,1,14138.0,16971.0
Mouse_Thymus2,105_36,2,18338.0,16671.0
Mouse_Thymus2,63_34,2,14138.0,16471.0
Mouse_Thymus2,27_46,2,10538.0,17671.0
Mouse_Thymus2,94_50,5,17238.0,18071.0
Mouse_Thymus2,61_19,5,13938.0,14971.0
Mouse_Thymus2,57_25,2,13538.0,15571.0
Mouse_Thymus2,103_53,5,18138.0,18371.0
Mouse_Thymus2,54_18,4,13238.0,14871.0
Mouse_Thymus2,100_46,5,17838.0,17671.0
Mouse_Thymus2,11_45,5,8938.0,17571.0
Mouse_Thymus2,42_22,5,12038.0,15271.0
Mouse_Thymus2,114_51,5,19238.0,18171.0
Mouse_Thymus2,84_37,5,16238.0,16771.0
Mouse_Thymus2,85_34,4,16338.0,16471.0
Mouse_Thymus2,55_15,4,13338.0,14571.0
Mouse_Thymus2,54_31,4,13238.0,16171.0
Mouse_Thymus2,30_32,5,10838.0,16271.0
Mouse_Thymus2,118_55,1,19638.0,18571.0
Mouse_Thymus2,34_41,2,11238.0,17171.0
Mouse_Thymus2,115_63,5,19338.0,19371.0
Mouse_Thymus2,92_24,2,17038.0,15471.0
Mouse_Thymus2,57_12,7,13538.0,14271.0
Mouse_Thymus2,45_42,2,12338.0,17271.0
Mouse_Thymus2,121_45,4,19938.0,17571.0
Mouse_Thymus2,52_33,1,13038.0,16371.0
Mouse_Thymus2,93_9,5,17138.0,13971.0
Mouse_Thymus2,95_12,5,17338.0,14271.0
Mouse_Thymus2,36_54,5,11438.0,18471.0
Mouse_Thymus2,47_39,2,12538.0,16971.0
Mouse_Thymus2,66_42,7,14438.0,17271.0
Mouse_Thymus2,95_44,5,17338.0,17471.0
Mouse_Thymus2,44_44,2,12238.0,17471.0
Mouse_Thymus2,91_29,4,16938.0,15971.0
Mouse_Thymus2,103_55,5,18138.0,18571.0
Mouse_Thymus2,42_31,1,12038.0,16171.0
Mouse_Thymus2,92_38,5,17038.0,16871.0
Mouse_Thymus2,55_29,2,13338.0,15971.0
Mouse_Thymus2,82_17,2,16038.0,14771.0
Mouse_Thymus2,53_40,4,13138.0,17071.0
Mouse_Thymus2,55_19,5,13338.0,14971.0
Mouse_Thymus2,70_1,7,14838.0,13171.0
Mouse_Thymus2,77_48,5,15538.0,17871.0
Mouse_Thymus2,16_46,2,9438.0,17671.0
Mouse_Thymus2,107_45,2,18538.0,17571.0
Mouse_Thymus2,45_34,1,12338.0,16471.0
Mouse_Thymus2,53_19,1,13138.0,14971.0
Mouse_Thymus2,59_28,2,13738.0,15871.0
Mouse_Thymus2,90_24,2,16838.0,15471.0
Mouse_Thymus2,83_8,5,16138.0,13871.0
Mouse_Thymus2,110_39,2,18838.0,16971.0
Mouse_Thymus2,75_22,2,15338.0,15271.0
Mouse_Thymus2,87_15,2,16538.0,14571.0
Mouse_Thymus2,59_30,2,13738.0,16071.0
Mouse_Thymus2,56_39,5,13438.0,16971.0
Mouse_Thymus2,28_45,2,10638.0,17571.0
Mouse_Thymus2,74_8,5,15238.0,13871.0
Mouse_Thymus2,25_41,5,10338.0,17171.0
Mouse_Thymus2,116_43,4,19438.0,17371.0
Mouse_Thymus2,75_41,4,15338.0,17171.0
Mouse_Thymus2,93_38,4,17138.0,16871.0
Mouse_Thymus2,60_17,4,13838.0,14771.0
Mouse_Thymus2,26_39,5,10438.0,16971.0
Mouse_Thymus2,111_61,5,18938.0,19171.0
Mouse_Thymus2,118_50,2,19638.0,18071.0
Mouse_Thymus2,86_44,4,16438.0,17471.0
Mouse_Thymus2,81_47,4,15938.0,17771.0
Mouse_Thymus2,71_18,4,14938.0,14871.0
Mouse_Thymus2,80_38,2,15838.0,16871.0
Mouse_Thymus2,28_56,5,10638.0,18671.0
Mouse_Thymus2,73_22,2,15138.0,15271.0
Mouse_Thymus2,22_52,5,10038.0,18271.0
Mouse_Thymus2,51_35,1,12938.0,16571.0
Mouse_Thymus2,83_24,2,16138.0,15471.0
Mouse_Thymus2,18_40,4,9638.0,17071.0
Mouse_Thymus2,21_55,4,9938.0,18571.0
Mouse_Thymus2,27_52,5,10538.0,18271.0
Mouse_Thymus2,51_26,1,12938.0,15671.0
Mouse_Thymus2,115_34,4,19338.0,16471.0
Mouse_Thymus2,80_36,2,15838.0,16671.0
Mouse_Thymus2,61_21,2,13938.0,15171.0
Mouse_Thymus2,54_25,5,13238.0,15571.0
Mouse_Thymus2,59_32,2,13738.0,16271.0
Mouse_Thymus2,46_20,5,12438.0,15071.0
Mouse_Thymus2,18_38,1,9638.0,16871.0
Mouse_Thymus2,92_51,5,17038.0,18171.0
Mouse_Thymus2,88_8,5,16638.0,13871.0
Mouse_Thymus2,7_44,4,8538.0,17471.0
Mouse_Thymus2,30_44,2,10838.0,17471.0
Mouse_Thymus2,73_34,1,15138.0,16471.0
Mouse_Thymus2,123_62,5,20138.0,19271.0
Mouse_Thymus2,19_47,2,9738.0,17771.0
Mouse_Thymus2,86_45,5,16438.0,17571.0
Mouse_Thymus2,99_16,5,17738.0,14671.0
Mouse_Thymus2,30_54,5,10838.0,18471.0
Mouse_Thymus2,64_36,2,14238.0,16671.0
Mouse_Thymus2,29_39,5,10738.0,16971.0
Mouse_Thymus2,85_1,7,16338.0,13171.0
Mouse_Thymus2,79_9,5,15738.0,13971.0
Mouse_Thymus2,30_52,5,10838.0,18271.0
Mouse_Thymus2,77_17,1,15538.0,14771.0
Mouse_Thymus2,57_14,5,13538.0,14471.0
Mouse_Thymus2,59_18,5,13738.0,14871.0
Mouse_Thymus2,79_13,5,15738.0,14371.0
Mouse_Thymus2,50_26,1,12838.0,15671.0
Mouse_Thymus2,75_48,5,15338.0,17871.0
Mouse_Thymus2,76_18,1,15438.0,14871.0
Mouse_Thymus2,77_46,4,15538.0,17671.0
Mouse_Thymus2,26_36,4,10438.0,16671.0
Mouse_Thymus2,102_21,5,18038.0,15171.0
Mouse_Thymus2,121_66,2,19938.0,19671.0
Mouse_Thymus2,104_36,2,18238.0,16671.0
Mouse_Thymus2,99_30,4,17738.0,16071.0
Mouse_Thymus2,30_34,5,10838.0,16471.0
Mouse_Thymus2,25_47,2,10338.0,17771.0
Mouse_Thymus2,63_14,4,14138.0,14471.0
Mouse_Thymus2,25_56,5,10338.0,18671.0
Mouse_Thymus2,47_16,5,12538.0,14671.0
Mouse_Thymus2,84_52,5,16238.0,18271.0
Mouse_Thymus2,83_26,5,16138.0,15671.0
Mouse_Thymus2,85_47,4,16338.0,17771.0
Mouse_Thymus2,33_50,5,11138.0,18071.0
Mouse_Thymus2,78_14,5,15638.0,14471.0
Mouse_Thymus2,55_22,4,13338.0,15271.0
Mouse_Thymus2,92_26,1,17038.0,15671.0
Mouse_Thymus2,88_34,5,16638.0,16471.0
Mouse_Thymus2,15_52,5,9338.0,18271.0
Mouse_Thymus2,58_22,4,13638.0,15271.0
Mouse_Thymus2,69_6,5,14738.0,13671.0
Mouse_Thymus2,17_42,1,9538.0,17271.0
Mouse_Thymus2,120_53,1,19838.0,18371.0
Mouse_Thymus2,79_6,5,15738.0,13671.0
Mouse_Thymus2,90_39,4,16838.0,16971.0
Mouse_Thymus2,101_30,4,17938.0,16071.0
Mouse_Thymus2,122_53,5,20038.0,18371.0
Mouse_Thymus2,2_46,4,8038.0,17671.0
Mouse_Thymus2,114_56,5,19238.0,18671.0
Mouse_Thymus2,21_50,5,9938.0,18071.0
Mouse_Thymus2,80_39,2,15838.0,16971.0
Mouse_Thymus2,62_10,5,14038.0,14071.0
Mouse_Thymus2,92_59,5,17038.0,18971.0
Mouse_Thymus2,72_30,2,15038.0,16071.0
Mouse_Thymus2,89_57,5,16738.0,18771.0
Mouse_Thymus2,116_42,5,19438.0,17271.0
Mouse_Thymus2,75_9,4,15338.0,13971.0
Mouse_Thymus2,23_47,2,10138.0,17771.0
Mouse_Thymus2,59_12,5,13738.0,14271.0
Mouse_Thymus2,85_21,2,16338.0,15171.0
Mouse_Thymus2,42_34,1,12038.0,16471.0
Mouse_Thymus2,88_46,5,16638.0,17671.0
Mouse_Thymus2,41_28,1,11938.0,15871.0
Mouse_Thymus2,51_16,5,12938.0,14671.0
Mouse_Thymus2,90_38,4,16838.0,16871.0
Mouse_Thymus2,81_17,1,15938.0,14771.0
Mouse_Thymus2,112_31,5,19038.0,16171.0
Mouse_Thymus2,100_61,5,17838.0,19171.0
Mouse_Thymus2,46_49,5,12438.0,17971.0
Mouse_Thymus2,85_10,5,16338.0,14071.0
Mouse_Thymus2,115_43,2,19338.0,17371.0
Mouse_Thymus2,25_39,5,10338.0,16971.0
Mouse_Thymus2,19_41,1,9738.0,17171.0
Mouse_Thymus2,76_30,2,15438.0,16071.0
Mouse_Thymus2,68_20,1,14638.0,15071.0
Mouse_Thymus2,109_42,2,18738.0,17271.0
Mouse_Thymus2,75_19,5,15338.0,14971.0
Mouse_Thymus2,79_39,2,15738.0,16971.0
Mouse_Thymus2,36_39,4,11438.0,16971.0
Mouse_Thymus2,61_18,5,13938.0,14871.0
Mouse_Thymus2,110_37,2,18838.0,16771.0
Mouse_Thymus2,52_14,7,13038.0,14471.0
Mouse_Thymus2,119_69,5,19738.0,19971.0
Mouse_Thymus2,39_52,5,11738.0,18271.0
Mouse_Thymus2,107_31,5,18538.0,16171.0
Mouse_Thymus2,101_52,5,17938.0,18271.0
Mouse_Thymus2,58_15,5,13638.0,14571.0
Mouse_Thymus2,85_6,5,16338.0,13671.0
Mouse_Thymus2,69_11,1,14738.0,14171.0
Mouse_Thymus2,68_22,2,14638.0,15271.0
Mouse_Thymus2,111_54,5,18938.0,18471.0
Mouse_Thymus2,93_40,5,17138.0,17071.0
Mouse_Thymus2,116_60,1,19438.0,19071.0
Mouse_Thymus2,83_38,4,16138.0,16871.0
Mouse_Thymus2,97_49,5,17538.0,17971.0
Mouse_Thymus2,78_34,2,15638.0,16471.0
Mouse_Thymus2,49_37,2,12738.0,16771.0
Mouse_Thymus2,36_50,1,11438.0,18071.0
Mouse_Thymus2,83_37,5,16138.0,16771.0
Mouse_Thymus2,69_22,2,14738.0,15271.0
Mouse_Thymus2,113_44,2,19138.0,17471.0
Mouse_Thymus2,96_40,4,17438.0,17071.0
Mouse_Thymus2,71_28,1,14938.0,15871.0
Mouse_Thymus2,95_38,4,17338.0,16871.0
Mouse_Thymus2,26_42,1,10438.0,17271.0
Mouse_Thymus2,56_43,7,13438.0,17371.0
Mouse_Thymus2,92_54,1,17038.0,18471.0
Mouse_Thymus2,97_57,5,17538.0,18771.0
Mouse_Thymus2,54_36,1,13238.0,16671.0
Mouse_Thymus2,37_32,1,11538.0,16271.0
Mouse_Thymus2,96_55,5,17438.0,18571.0
Mouse_Thymus2,33_27,5,11138.0,15771.0
Mouse_Thymus2,113_40,2,19138.0,17071.0
Mouse_Thymus2,43_39,2,12138.0,16971.0
Mouse_Thymus2,22_48,1,10038.0,17871.0
Mouse_Thymus2,55_32,2,13338.0,16271.0
Mouse_Thymus2,34_26,5,11238.0,15671.0
Mouse_Thymus2,100_17,5,17838.0,14771.0
Mouse_Thymus2,71_11,5,14938.0,14171.0
Mouse_Thymus2,99_31,1,17738.0,16171.0
Mouse_Thymus2,41_43,2,11938.0,17371.0
Mouse_Thymus2,33_48,4,11138.0,17871.0
Mouse_Thymus2,95_53,5,17338.0,18371.0
Mouse_Thymus2,30_51,5,10838.0,18171.0
Mouse_Thymus2,36_41,2,11438.0,17171.0
Mouse_Thymus2,125_62,5,20338.0,19271.0
Mouse_Thymus2,64_38,5,14238.0,16871.0
Mouse_Thymus2,39_27,1,11738.0,15771.0
Mouse_Thymus2,57_40,5,13538.0,17071.0
Mouse_Thymus2,47_22,5,12538.0,15271.0
Mouse_Thymus2,64_35,2,14238.0,16571.0
Mouse_Thymus2,49_42,2,12738.0,17271.0
Mouse_Thymus2,90_43,5,16838.0,17371.0
Mouse_Thymus2,101_42,4,17938.0,17271.0
Mouse_Thymus2,59_33,2,13738.0,16371.0
Mouse_Thymus2,56_19,4,13438.0,14971.0
Mouse_Thymus2,98_20,2,17638.0,15071.0
Mouse_Thymus2,32_37,4,11038.0,16771.0
Mouse_Thymus2,48_17,5,12638.0,14771.0
Mouse_Thymus2,79_5,5,15738.0,13571.0
Mouse_Thymus2,103_47,5,18138.0,17771.0
Mouse_Thymus2,30_56,7,10838.0,18671.0
Mouse_Thymus2,45_39,2,12338.0,16971.0
Mouse_Thymus2,118_41,5,19638.0,17171.0
Mouse_Thymus2,38_36,4,11638.0,16671.0
Mouse_Thymus2,71_40,5,14938.0,17071.0
Mouse_Thymus2,25_37,5,10338.0,16771.0
Mouse_Thymus2,102_33,5,18038.0,16371.0
Mouse_Thymus2,75_24,2,15338.0,15471.0
Mouse_Thymus2,43_47,4,12138.0,17771.0
Mouse_Thymus2,101_38,2,17938.0,16871.0
Mouse_Thymus2,113_56,4,19138.0,18671.0
Mouse_Thymus2,105_57,4,18338.0,18771.0
Mouse_Thymus2,93_47,5,17138.0,17771.0
Mouse_Thymus2,65_21,2,14338.0,15171.0
Mouse_Thymus2,53_41,1,13138.0,17171.0
Mouse_Thymus2,109_50,5,18738.0,18071.0
Mouse_Thymus2,87_40,5,16538.0,17071.0
Mouse_Thymus2,87_57,4,16538.0,18771.0
Mouse_Thymus2,38_27,4,11638.0,15771.0
Mouse_Thymus2,62_22,2,14038.0,15271.0
Mouse_Thymus2,85_5,5,16338.0,13571.0
Mouse_Thymus2,15_51,5,9338.0,18171.0
Mouse_Thymus2,114_42,2,19238.0,17271.0
Mouse_Thymus2,108_54,5,18638.0,18471.0
Mouse_Thymus2,86_56,4,16438.0,18671.0
Mouse_Thymus2,113_41,2,19138.0,17171.0
Mouse_Thymus2,8_49,4,8638.0,17971.0
Mouse_Thymus2,52_31,1,13038.0,16171.0
Mouse_Thymus2,24_51,7,10238.0,18171.0
Mouse_Thymus2,42_45,2,12038.0,17571.0
Mouse_Thymus2,49_27,2,12738.0,15771.0
Mouse_Thymus2,32_35,5,11038.0,16571.0
Mouse_Thymus2,90_31,4,16838.0,16171.0
Mouse_Thymus2,65_14,5,14338.0,14471.0
Mouse_Thymus2,85_9,5,16338.0,13971.0
Mouse_Thymus2,106_36,2,18438.0,16671.0
Mouse_Thymus2,64_9,5,14238.0,13971.0
Mouse_Thymus2,68_9,5,14638.0,13971.0
Mouse_Thymus2,45_47,5,12338.0,17771.0
Mouse_Thymus2,7_48,4,8538.0,17871.0
Mouse_Thymus2,110_55,5,18838.0,18571.0
Mouse_Thymus2,78_48,5,15638.0,17871.0
Mouse_Thymus2,19_51,5,9738.0,18171.0
Mouse_Thymus2,92_53,5,17038.0,18371.0
Mouse_Thymus2,103_54,5,18138.0,18471.0
Mouse_Thymus2,99_13,5,17738.0,14371.0
Mouse_Thymus2,56_13,5,13438.0,14371.0
Mouse_Thymus2,99_14,5,17738.0,14471.0
Mouse_Thymus2,91_57,4,16938.0,18771.0
Mouse_Thymus2,84_15,1,16238.0,14571.0
Mouse_Thymus2,66_12,5,14438.0,14271.0
Mouse_Thymus2,99_51,5,17738.0,18171.0
Mouse_Thymus2,76_31,2,15438.0,16171.0
Mouse_Thymus2,115_33,7,19338.0,16371.0
Mouse_Thymus2,41_30,1,11938.0,16071.0
Mouse_Thymus2,67_24,2,14538.0,15471.0
Mouse_Thymus2,44_39,2,12238.0,16971.0
Mouse_Thymus2,59_19,5,13738.0,14971.0
Mouse_Thymus2,99_48,4,17738.0,17871.0
Mouse_Thymus2,104_41,2,18238.0,17171.0
Mouse_Thymus2,35_52,5,11338.0,18271.0
Mouse_Thymus2,86_42,4,16438.0,17271.0
Mouse_Thymus2,69_12,5,14738.0,14271.0
Mouse_Thymus2,37_49,5,11538.0,17971.0
Mouse_Thymus2,119_54,2,19738.0,18471.0
Mouse_Thymus2,85_48,4,16338.0,17871.0
Mouse_Thymus2,32_30,1,11038.0,16071.0
Mouse_Thymus2,103_42,4,18138.0,17271.0
Mouse_Thymus2,77_47,5,15538.0,17771.0
Mouse_Thymus2,90_52,5,16838.0,18271.0
Mouse_Thymus2,7_43,5,8538.0,17371.0
Mouse_Thymus2,92_56,4,17038.0,18671.0
Mouse_Thymus2,36_26,1,11438.0,15671.0
Mouse_Thymus2,63_32,2,14138.0,16271.0
Mouse_Thymus2,16_42,4,9438.0,17271.0
Mouse_Thymus2,7_42,4,8538.0,17271.0
Mouse_Thymus2,82_40,1,16038.0,17071.0
Mouse_Thymus2,100_41,4,17838.0,17171.0
Mouse_Thymus2,78_32,2,15638.0,16271.0
Mouse_Thymus2,109_46,2,18738.0,17671.0
Mouse_Thymus2,28_35,4,10638.0,16571.0
Mouse_Thymus2,88_26,1,16638.0,15671.0
Mouse_Thymus2,41_24,5,11938.0,15471.0
Mouse_Thymus2,66_40,5,14438.0,17071.0
Mouse_Thymus2,74_25,2,15238.0,15571.0
Mouse_Thymus2,61_26,2,13938.0,15671.0
Mouse_Thymus2,83_48,5,16138.0,17871.0
Mouse_Thymus2,67_19,2,14538.0,14971.0
Mouse_Thymus2,98_24,2,17638.0,15471.0
Mouse_Thymus2,107_30,5,18538.0,16071.0
Mouse_Thymus2,100_40,4,17838.0,17071.0
Mouse_Thymus2,92_47,5,17038.0,17771.0
Mouse_Thymus2,42_29,2,12038.0,15971.0
Mouse_Thymus2,17_48,4,9538.0,17871.0
Mouse_Thymus2,109_43,2,18738.0,17371.0
Mouse_Thymus2,48_33,1,12638.0,16371.0
Mouse_Thymus2,84_38,5,16238.0,16871.0
Mouse_Thymus2,57_27,2,13538.0,15771.0
Mouse_Thymus2,66_10,4,14438.0,14071.0
Mouse_Thymus2,21_47,2,9938.0,17771.0
Mouse_Thymus2,63_10,1,14138.0,14071.0
Mouse_Thymus2,51_19,5,12938.0,14971.0
Mouse_Thymus2,71_5,1,14938.0,13571.0
Mouse_Thymus2,105_51,4,18338.0,18171.0
Mouse_Thymus2,40_43,2,11838.0,17371.0
Mouse_Thymus2,77_49,5,15538.0,17971.0
Mouse_Thymus2,104_32,2,18238.0,16271.0
Mouse_Thymus2,20_45,2,9838.0,17571.0
Mouse_Thymus2,90_15,2,16838.0,14571.0
Mouse_Thymus2,69_36,2,14738.0,16671.0
Mouse_Thymus2,69_20,1,14738.0,15071.0
Mouse_Thymus2,56_33,4,13438.0,16371.0
Mouse_Thymus2,41_51,1,11938.0,18171.0
Mouse_Thymus2,81_49,4,15938.0,17971.0
Mouse_Thymus2,99_41,1,17738.0,17171.0
Mouse_Thymus2,86_6,5,16438.0,13671.0
Mouse_Thymus2,84_6,5,16238.0,13671.0
Mouse_Thymus2,102_42,4,18038.0,17271.0
Mouse_Thymus2,75_12,5,15338.0,14271.0
Mouse_Thymus2,29_41,1,10738.0,17171.0
Mouse_Thymus2,74_47,5,15238.0,17771.0
Mouse_Thymus2,92_28,1,17038.0,15871.0
Mouse_Thymus2,98_36,2,17638.0,16671.0
Mouse_Thymus2,74_11,5,15238.0,14171.0
Mouse_Thymus2,57_39,5,13538.0,16971.0
Mouse_Thymus2,91_12,1,16938.0,14271.0
Mouse_Thymus2,69_29,1,14738.0,15971.0
Mouse_Thymus2,71_43,1,14938.0,17371.0
Mouse_Thymus2,53_39,4,13138.0,16971.0
Mouse_Thymus2,58_23,4,13638.0,15371.0
Mouse_Thymus2,125_69,5,20338.0,19971.0
Mouse_Thymus2,115_38,5,19338.0,16871.0
Mouse_Thymus2,86_40,4,16438.0,17071.0
Mouse_Thymus2,56_21,5,13438.0,15171.0
Mouse_Thymus2,123_63,5,20138.0,19371.0
Mouse_Thymus2,89_59,7,16738.0,18971.0
Mouse_Thymus2,37_27,5,11538.0,15771.0
Mouse_Thymus2,125_65,5,20338.0,19571.0
Mouse_Thymus2,70_43,5,14838.0,17371.0
Mouse_Thymus2,93_13,1,17138.0,14371.0
Mouse_Thymus2,26_55,5,10438.0,18571.0
Mouse_Thymus2,36_52,5,11438.0,18271.0
Mouse_Thymus2,67_13,5,14538.0,14371.0
Mouse_Thymus2,105_22,5,18338.0,15271.0
Mouse_Thymus2,101_59,5,17938.0,18971.0
Mouse_Thymus2,17_43,2,9538.0,17371.0
Mouse_Thymus2,86_33,5,16438.0,16371.0
Mouse_Thymus2,74_0,4,15238.0,13071.0
Mouse_Thymus2,63_31,2,14138.0,16171.0
Mouse_Thymus2,51_39,2,12938.0,16971.0
Mouse_Thymus2,44_36,5,12238.0,16671.0
Mouse_Thymus2,34_49,5,11238.0,17971.0
Mouse_Thymus2,116_46,2,19438.0,17671.0
Mouse_Thymus2,54_28,1,13238.0,15871.0
Mouse_Thymus2,84_31,5,16238.0,16171.0
Mouse_Thymus2,44_45,2,12238.0,17571.0
Mouse_Thymus2,28_44,2,10638.0,17471.0
Mouse_Thymus2,93_35,4,17138.0,16571.0
Mouse_Thymus2,73_35,2,15138.0,16571.0
Mouse_Thymus2,57_37,1,13538.0,16771.0
Mouse_Thymus2,118_49,2,19638.0,17971.0
Mouse_Thymus2,69_19,5,14738.0,14971.0
Mouse_Thymus2,77_41,2,15538.0,17171.0
Mouse_Thymus2,100_16,5,17838.0,14671.0
Mouse_Thymus2,95_61,1,17338.0,19171.0
Mouse_Thymus2,98_41,5,17638.0,17171.0
Mouse_Thymus2,98_25,2,17638.0,15571.0
Mouse_Thymus2,77_8,4,15538.0,13871.0
Mouse_Thymus2,26_38,5,10438.0,16871.0
Mouse_Thymus2,49_25,4,12738.0,15571.0
Mouse_Thymus2,110_27,4,18838.0,15771.0
Mouse_Thymus2,81_15,1,15938.0,14571.0
Mouse_Thymus2,95_50,5,17338.0,18071.0
Mouse_Thymus2,119_70,4,19738.0,20071.0
Mouse_Thymus2,100_37,2,17838.0,16771.0
Mouse_Thymus2,111_51,5,18938.0,18171.0
Mouse_Thymus2,21_41,5,9938.0,17171.0
Mouse_Thymus2,78_16,4,15638.0,14671.0
Mouse_Thymus2,116_50,1,19438.0,18071.0
Mouse_Thymus2,57_22,4,13538.0,15271.0
Mouse_Thymus2,79_14,5,15738.0,14471.0
Mouse_Thymus2,72_29,2,15038.0,15971.0
Mouse_Thymus2,93_34,4,17138.0,16471.0
Mouse_Thymus2,54_20,1,13238.0,15071.0
Mouse_Thymus2,95_11,4,17338.0,14171.0
Mouse_Thymus2,87_17,2,16538.0,14771.0
Mouse_Thymus2,74_31,2,15238.0,16171.0
Mouse_Thymus2,41_34,1,11938.0,16471.0
Mouse_Thymus2,67_31,4,14538.0,16171.0
Mouse_Thymus2,41_31,1,11938.0,16171.0
Mouse_Thymus2,49_24,5,12738.0,15471.0
Mouse_Thymus2,68_42,5,14638.0,17271.0
Mouse_Thymus2,70_3,5,14838.0,13371.0
Mouse_Thymus2,101_51,5,17938.0,18171.0
Mouse_Thymus2,84_44,5,16238.0,17471.0
Mouse_Thymus2,118_40,5,19638.0,17071.0
Mouse_Thymus2,120_51,5,19838.0,18171.0
Mouse_Thymus2,55_21,1,13338.0,15171.0
Mouse_Thymus2,99_52,5,17738.0,18271.0
Mouse_Thymus2,64_26,1,14238.0,15671.0
Mouse_Thymus2,86_30,5,16438.0,16071.0
Mouse_Thymus2,83_44,5,16138.0,17471.0
Mouse_Thymus2,50_37,2,12838.0,16771.0
Mouse_Thymus2,104_28,2,18238.0,15871.0
Mouse_Thymus2,27_33,1,10538.0,16371.0
Mouse_Thymus2,99_32,4,17738.0,16271.0
Mouse_Thymus2,57_34,2,13538.0,16471.0
Mouse_Thymus2,75_2,5,15338.0,13271.0
Mouse_Thymus2,13_46,2,9138.0,17671.0
Mouse_Thymus2,71_38,2,14938.0,16871.0
Mouse_Thymus2,121_53,5,19938.0,18371.0
Mouse_Thymus2,110_43,2,18838.0,17371.0
Mouse_Thymus2,55_41,5,13338.0,17171.0
Mouse_Thymus2,96_14,5,17438.0,14471.0
Mouse_Thymus2,105_31,2,18338.0,16171.0
Mouse_Thymus2,28_33,1,10638.0,16371.0
Mouse_Thymus2,27_44,2,10538.0,17471.0
Mouse_Thymus2,33_34,5,11138.0,16471.0
Mouse_Thymus2,93_21,1,17138.0,15171.0
Mouse_Thymus2,17_49,5,9538.0,17971.0
Mouse_Thymus2,117_37,5,19538.0,16771.0
Mouse_Thymus2,68_16,1,14638.0,14671.0
Mouse_Thymus2,78_37,2,15638.0,16771.0
Mouse_Thymus2,117_64,5,19538.0,19471.0
Mouse_Thymus2,82_26,5,16038.0,15671.0
Mouse_Thymus2,27_49,2,10538.0,17971.0
Mouse_Thymus2,90_25,2,16838.0,15571.0
Mouse_Thymus2,24_42,5,10238.0,17271.0
Mouse_Thymus2,118_39,5,19638.0,16971.0
Mouse_Thymus2,87_7,5,16538.0,13771.0
Mouse_Thymus2,56_26,2,13438.0,15671.0
Mouse_Thymus2,17_44,2,9538.0,17471.0
Mouse_Thymus2,92_15,2,17038.0,14571.0
Mouse_Thymus2,86_16,2,16438.0,14671.0
Mouse_Thymus2,65_28,5,14338.0,15871.0
Mouse_Thymus2,25_49,1,10338.0,17971.0
Mouse_Thymus2,102_26,2,18038.0,15671.0
Mouse_Thymus2,88_29,5,16638.0,15971.0
Mouse_Thymus2,98_23,2,17638.0,15371.0
Mouse_Thymus2,23_43,2,10138.0,17371.0
Mouse_Thymus2,97_30,4,17538.0,16071.0
Mouse_Thymus2,75_1,4,15338.0,13171.0
Mouse_Thymus2,120_69,5,19838.0,19971.0
Mouse_Thymus2,78_7,5,15638.0,13771.0
Mouse_Thymus2,110_41,2,18838.0,17171.0
Mouse_Thymus2,87_27,4,16538.0,15771.0
Mouse_Thymus2,106_48,5,18438.0,17871.0
Mouse_Thymus2,95_48,5,17338.0,17871.0
Mouse_Thymus2,114_63,5,19238.0,19371.0
Mouse_Thymus2,66_34,2,14438.0,16471.0
Mouse_Thymus2,89_15,2,16738.0,14571.0
Mouse_Thymus2,86_52,5,16438.0,18271.0
Mouse_Thymus2,117_50,2,19538.0,18071.0
Mouse_Thymus2,66_25,2,14438.0,15571.0
Mouse_Thymus2,124_50,7,20238.0,18071.0
Mouse_Thymus2,10_47,5,8838.0,17771.0
Mouse_Thymus2,31_28,5,10938.0,15871.0
Mouse_Thymus2,68_37,2,14638.0,16771.0
Mouse_Thymus2,72_43,5,15038.0,17371.0
Mouse_Thymus2,97_33,2,17538.0,16371.0
Mouse_Thymus2,86_7,5,16438.0,13771.0
Mouse_Thymus2,53_34,1,13138.0,16471.0
Mouse_Thymus2,54_42,5,13238.0,17271.0
Mouse_Thymus2,73_45,5,15138.0,17571.0
Mouse_Thymus2,92_9,4,17038.0,13971.0
Mouse_Thymus2,70_10,4,14838.0,14071.0
Mouse_Thymus2,87_45,5,16538.0,17571.0
Mouse_Thymus2,44_43,2,12238.0,17371.0
Mouse_Thymus2,95_45,4,17338.0,17571.0
Mouse_Thymus2,77_6,4,15538.0,13671.0
Mouse_Thymus2,83_27,2,16138.0,15771.0
Mouse_Thymus2,84_21,2,16238.0,15171.0
Mouse_Thymus2,107_38,2,18538.0,16871.0
Mouse_Thymus2,53_32,4,13138.0,16271.0
Mouse_Thymus2,34_52,5,11238.0,18271.0
Mouse_Thymus2,91_36,4,16938.0,16671.0
Mouse_Thymus2,89_39,4,16738.0,16971.0
Mouse_Thymus2,29_42,2,10738.0,17271.0
Mouse_Thymus2,68_23,2,14638.0,15371.0
Mouse_Thymus2,80_24,2,15838.0,15471.0
Mouse_Thymus2,96_19,4,17438.0,14971.0
Mouse_Thymus2,116_56,5,19438.0,18671.0
Mouse_Thymus2,70_37,2,14838.0,16771.0
Mouse_Thymus2,69_28,1,14738.0,15871.0
Mouse_Thymus2,38_41,2,11638.0,17171.0
Mouse_Thymus2,111_35,5,18938.0,16571.0
Mouse_Thymus2,101_15,5,17938.0,14571.0
Mouse_Thymus2,73_47,5,15138.0,17771.0
Mouse_Thymus2,62_36,2,14038.0,16671.0
Mouse_Thymus2,102_40,2,18038.0,17071.0
Mouse_Thymus2,101_19,5,17938.0,14971.0
Mouse_Thymus2,82_34,5,16038.0,16471.0
Mouse_Thymus2,67_11,5,14538.0,14171.0
Mouse_Thymus2,46_25,4,12438.0,15571.0
Mouse_Thymus2,117_67,5,19538.0,19771.0
Mouse_Thymus2,66_22,1,14438.0,15271.0
Mouse_Thymus2,119_44,5,19738.0,17471.0
Mouse_Thymus2,83_33,5,16138.0,16371.0
Mouse_Thymus2,74_24,2,15238.0,15471.0
Mouse_Thymus2,36_37,5,11438.0,16771.0
Mouse_Thymus2,105_20,4,18338.0,15071.0
Mouse_Thymus2,69_5,5,14738.0,13571.0
Mouse_Thymus2,92_32,4,17038.0,16271.0
Mouse_Thymus2,78_6,5,15638.0,13671.0
Mouse_Thymus2,45_17,1,12338.0,14771.0
Mouse_Thymus2,88_11,1,16638.0,14171.0
Mouse_Thymus2,31_33,5,10938.0,16371.0
Mouse_Thymus2,73_33,1,15138.0,16371.0
Mouse_Thymus2,50_38,2,12838.0,16871.0
Mouse_Thymus2,37_41,2,11538.0,17171.0
Mouse_Thymus2,31_49,4,10938.0,17971.0
Mouse_Thymus2,104_56,5,18238.0,18671.0
Mouse_Thymus2,92_42,4,17038.0,17271.0
Mouse_Thymus2,62_37,2,14038.0,16771.0
Mouse_Thymus2,92_45,5,17038.0,17571.0
Mouse_Thymus2,83_34,5,16138.0,16471.0
Mouse_Thymus2,100_26,2,17838.0,15671.0
Mouse_Thymus2,66_13,5,14438.0,14371.0
Mouse_Thymus2,59_34,2,13738.0,16471.0
Mouse_Thymus2,113_39,1,19138.0,16971.0
Mouse_Thymus2,8_48,5,8638.0,17871.0
Mouse_Thymus2,74_28,1,15238.0,15871.0
Mouse_Thymus2,67_14,5,14538.0,14471.0
Mouse_Thymus2,74_43,4,15238.0,17371.0
Mouse_Thymus2,51_25,4,12938.0,15571.0
Mouse_Thymus2,13_43,4,9138.0,17371.0
Mouse_Thymus2,73_37,2,15138.0,16771.0
Mouse_Thymus2,21_51,5,9938.0,18171.0
Mouse_Thymus2,71_27,2,14938.0,15771.0
Mouse_Thymus2,97_36,4,17538.0,16671.0
Mouse_Thymus2,102_17,5,18038.0,14771.0
Mouse_Thymus2,70_17,4,14838.0,14771.0
Mouse_Thymus2,91_26,2,16938.0,15671.0
Mouse_Thymus2,63_21,2,14138.0,15171.0
Mouse_Thymus2,101_22,1,17938.0,15271.0
Mouse_Thymus2,97_28,5,17538.0,15871.0
Mouse_Thymus2,118_63,5,19638.0,19371.0
Mouse_Thymus2,115_49,1,19338.0,17971.0
Mouse_Thymus2,46_24,5,12438.0,15471.0
Mouse_Thymus2,96_37,4,17438.0,16771.0
Mouse_Thymus2,29_51,5,10738.0,18171.0
Mouse_Thymus2,62_18,4,14038.0,14871.0
Mouse_Thymus2,88_43,5,16638.0,17371.0
Mouse_Thymus2,54_41,1,13238.0,17171.0
Mouse_Thymus2,60_13,5,13838.0,14371.0
Mouse_Thymus2,42_28,2,12038.0,15871.0
Mouse_Thymus2,36_32,2,11438.0,16271.0
Mouse_Thymus2,101_13,5,17938.0,14371.0
Mouse_Thymus2,98_61,5,17638.0,19171.0
Mouse_Thymus2,107_49,5,18538.0,17971.0
Mouse_Thymus2,76_6,5,15438.0,13671.0
Mouse_Thymus2,61_15,4,13938.0,14571.0
Mouse_Thymus2,30_26,4,10838.0,15671.0
Mouse_Thymus2,37_52,4,11538.0,18271.0
Mouse_Thymus2,97_39,1,17538.0,16971.0
Mouse_Thymus2,123_49,5,20138.0,17971.0
Mouse_Thymus2,96_25,2,17438.0,15571.0
Mouse_Thymus2,67_9,5,14538.0,13971.0
Mouse_Thymus2,33_55,5,11138.0,18571.0
Mouse_Thymus2,102_45,4,18038.0,17571.0
Mouse_Thymus2,68_39,5,14638.0,16971.0
Mouse_Thymus2,53_17,5,13138.0,14771.0
Mouse_Thymus2,45_27,2,12338.0,15771.0
Mouse_Thymus2,75_14,4,15338.0,14471.0
Mouse_Thymus2,53_29,1,13138.0,15971.0
Mouse_Thymus2,109_53,5,18738.0,18371.0
Mouse_Thymus2,45_30,2,12338.0,16071.0
Mouse_Thymus2,21_46,2,9938.0,17671.0
Mouse_Thymus2,104_22,5,18238.0,15271.0
Mouse_Thymus2,83_53,5,16138.0,18371.0
Mouse_Thymus2,116_44,4,19438.0,17471.0
Mouse_Thymus2,2_45,7,8038.0,17571.0
Mouse_Thymus2,79_34,2,15738.0,16471.0
Mouse_Thymus2,88_18,2,16638.0,14871.0
Mouse_Thymus2,19_40,5,9738.0,17071.0
Mouse_Thymus2,97_16,4,17538.0,14671.0
Mouse_Thymus2,69_25,2,14738.0,15571.0
Mouse_Thymus2,115_44,2,19338.0,17471.0
Mouse_Thymus2,65_33,2,14338.0,16371.0
Mouse_Thymus2,77_27,2,15538.0,15771.0
Mouse_Thymus2,121_60,2,19938.0,19071.0
Mouse_Thymus2,110_46,1,18838.0,17671.0
Mouse_Thymus2,75_43,4,15338.0,17371.0
Mouse_Thymus2,67_37,4,14538.0,16771.0
Mouse_Thymus2,105_24,5,18338.0,15471.0
Mouse_Thymus2,82_29,1,16038.0,15971.0
Mouse_Thymus2,74_21,4,15238.0,15171.0
Mouse_Thymus2,39_45,2,11738.0,17571.0
Mouse_Thymus2,46_27,1,12438.0,15771.0
Mouse_Thymus2,118_65,5,19638.0,19571.0
Mouse_Thymus2,81_19,2,15938.0,14971.0
Mouse_Thymus2,27_35,5,10538.0,16571.0
Mouse_Thymus2,124_70,5,20238.0,20071.0
Mouse_Thymus2,73_2,5,15138.0,13271.0
Mouse_Thymus2,93_55,4,17138.0,18571.0
Mouse_Thymus2,86_57,5,16438.0,18771.0
Mouse_Thymus2,95_46,4,17338.0,17671.0
Mouse_Thymus2,105_40,2,18338.0,17071.0
Mouse_Thymus2,38_25,5,11638.0,15571.0
Mouse_Thymus2,61_12,5,13938.0,14271.0
Mouse_Thymus2,57_17,5,13538.0,14771.0
Mouse_Thymus2,55_43,5,13338.0,17371.0
Mouse_Thymus2,45_26,1,12338.0,15671.0
Mouse_Thymus2,78_33,2,15638.0,16371.0
Mouse_Thymus2,33_31,1,11138.0,16171.0
Mouse_Thymus2,117_61,1,19538.0,19171.0
Mouse_Thymus2,61_22,2,13938.0,15271.0
Mouse_Thymus2,70_7,5,14838.0,13771.0
Mouse_Thymus2,99_18,5,17738.0,14871.0
Mouse_Thymus2,41_29,1,11938.0,15971.0
Mouse_Thymus2,119_40,4,19738.0,17071.0
Mouse_Thymus2,95_55,5,17338.0,18571.0
Mouse_Thymus2,59_21,4,13738.0,15171.0
Mouse_Thymus2,101_23,2,17938.0,15371.0
Mouse_Thymus2,99_49,4,17738.0,17971.0
Mouse_Thymus2,120_63,5,19838.0,19371.0
Mouse_Thymus2,40_42,2,11838.0,17271.0
Mouse_Thymus2,18_46,2,9638.0,17671.0
Mouse_Thymus2,101_29,2,17938.0,15971.0
Mouse_Thymus2,115_37,5,19338.0,16771.0
Mouse_Thymus2,77_35,2,15538.0,16571.0
Mouse_Thymus2,27_43,2,10538.0,17371.0
Mouse_Thymus2,23_46,2,10138.0,17671.0
Mouse_Thymus2,47_38,2,12538.0,16871.0
Mouse_Thymus2,55_26,1,13338.0,15671.0
Mouse_Thymus2,124_64,5,20238.0,19471.0
Mouse_Thymus2,88_48,5,16638.0,17871.0
Mouse_Thymus2,99_54,5,17738.0,18471.0
Mouse_Thymus2,113_42,2,19138.0,17271.0
Mouse_Thymus2,84_29,2,16238.0,15971.0
Mouse_Thymus2,15_38,7,9338.0,16871.0
Mouse_Thymus2,66_19,2,14438.0,14971.0
Mouse_Thymus2,50_31,1,12838.0,16171.0
Mouse_Thymus2,7_47,5,8538.0,17771.0
Mouse_Thymus2,107_50,5,18538.0,18071.0
Mouse_Thymus2,67_27,2,14538.0,15771.0
Mouse_Thymus2,88_47,5,16638.0,17771.0
Mouse_Thymus2,41_32,1,11938.0,16271.0
Mouse_Thymus2,112_45,2,19038.0,17571.0
Mouse_Thymus2,117_35,7,19538.0,16571.0
Mouse_Thymus2,25_46,1,10338.0,17671.0
Mouse_Thymus2,81_22,2,15938.0,15271.0
Mouse_Thymus2,44_21,5,12238.0,15171.0
Mouse_Thymus2,18_44,2,9638.0,17471.0
Mouse_Thymus2,55_37,1,13338.0,16771.0
Mouse_Thymus2,89_49,4,16738.0,17971.0
Mouse_Thymus2,71_6,5,14938.0,13671.0
Mouse_Thymus2,86_54,5,16438.0,18471.0
Mouse_Thymus2,97_43,5,17538.0,17371.0
Mouse_Thymus2,43_34,5,12138.0,16471.0
Mouse_Thymus2,52_39,2,13038.0,16971.0
Mouse_Thymus2,120_41,4,19838.0,17171.0
Mouse_Thymus2,74_32,2,15238.0,16271.0
Mouse_Thymus2,120_59,2,19838.0,18971.0
Mouse_Thymus2,95_24,2,17338.0,15471.0
Mouse_Thymus2,95_29,4,17338.0,15971.0
Mouse_Thymus2,90_53,5,16838.0,18371.0
Mouse_Thymus2,114_59,4,19238.0,18971.0
Mouse_Thymus2,124_53,4,20238.0,18371.0
Mouse_Thymus2,14_46,2,9238.0,17671.0
Mouse_Thymus2,91_14,1,16938.0,14471.0
Mouse_Thymus2,45_36,1,12338.0,16671.0
Mouse_Thymus2,101_14,5,17938.0,14471.0
Mouse_Thymus2,35_48,2,11338.0,17871.0
Mouse_Thymus2,110_33,5,18838.0,16371.0
Mouse_Thymus2,42_42,2,12038.0,17271.0
Mouse_Thymus2,87_18,2,16538.0,14871.0
Mouse_Thymus2,108_51,5,18638.0,18171.0
Mouse_Thymus2,94_48,5,17238.0,17871.0
Mouse_Thymus2,60_26,2,13838.0,15671.0
Mouse_Thymus2,7_46,5,8538.0,17671.0
Mouse_Thymus2,30_33,5,10838.0,16371.0
Mouse_Thymus2,77_7,1,15538.0,13771.0
Mouse_Thymus2,54_32,1,13238.0,16271.0
Mouse_Thymus2,38_54,5,11638.0,18471.0
Mouse_Thymus2,83_32,5,16138.0,16271.0
Mouse_Thymus2,123_54,5,20138.0,18471.0
Mouse_Thymus2,88_16,2,16638.0,14671.0
Mouse_Thymus2,99_11,2,17738.0,14171.0
Mouse_Thymus2,24_39,5,10238.0,16971.0
Mouse_Thymus2,26_52,5,10438.0,18271.0
Mouse_Thymus2,45_23,5,12338.0,15371.0
Mouse_Thymus2,66_38,5,14438.0,16871.0
Mouse_Thymus2,44_46,2,12238.0,17671.0
Mouse_Thymus2,52_36,1,13038.0,16671.0
Mouse_Thymus2,107_51,1,18538.0,18171.0
Mouse_Thymus2,40_33,1,11838.0,16371.0
Mouse_Thymus2,32_45,2,11038.0,17571.0
Mouse_Thymus2,19_39,5,9738.0,16971.0
Mouse_Thymus2,93_17,2,17138.0,14771.0
Mouse_Thymus2,28_41,2,10638.0,17171.0
Mouse_Thymus2,81_1,1,15938.0,13171.0
Mouse_Thymus2,81_30,1,15938.0,16071.0
Mouse_Thymus2,101_46,4,17938.0,17671.0
Mouse_Thymus2,25_54,5,10338.0,18471.0
Mouse_Thymus2,93_12,5,17138.0,14271.0
Mouse_Thymus2,86_9,5,16438.0,13971.0
Mouse_Thymus2,31_34,5,10938.0,16471.0
Mouse_Thymus2,54_24,4,13238.0,15471.0
Mouse_Thymus2,81_42,2,15938.0,17271.0
Mouse_Thymus2,101_60,5,17938.0,19071.0
Mouse_Thymus2,55_13,5,13338.0,14371.0
Mouse_Thymus2,47_49,5,12538.0,17971.0
Mouse_Thymus2,96_20,2,17438.0,15071.0
Mouse_Thymus2,112_43,2,19038.0,17371.0
Mouse_Thymus2,92_50,4,17038.0,18071.0
Mouse_Thymus2,86_14,4,16438.0,14471.0
Mouse_Thymus2,107_55,4,18538.0,18571.0
Mouse_Thymus2,68_26,1,14638.0,15671.0
Mouse_Thymus2,31_26,4,10938.0,15671.0
Mouse_Thymus2,94_16,4,17238.0,14671.0
Mouse_Thymus2,106_51,5,18438.0,18171.0
Mouse_Thymus2,101_48,1,17938.0,17871.0
Mouse_Thymus2,35_40,2,11338.0,17071.0
Mouse_Thymus2,99_28,5,17738.0,15871.0
Mouse_Thymus2,74_48,5,15238.0,17871.0
Mouse_Thymus2,116_51,1,19438.0,18171.0
Mouse_Thymus2,113_45,2,19138.0,17571.0
Mouse_Thymus2,80_50,5,15838.0,18071.0
Mouse_Thymus2,60_25,2,13838.0,15571.0
Mouse_Thymus2,57_38,4,13538.0,16871.0
Mouse_Thymus2,80_43,2,15838.0,17371.0
Mouse_Thymus2,112_44,2,19038.0,17471.0
Mouse_Thymus2,90_17,2,16838.0,14771.0
Mouse_Thymus2,94_36,5,17238.0,16671.0
Mouse_Thymus2,78_29,2,15638.0,15971.0
Mouse_Thymus2,93_42,4,17138.0,17271.0
Mouse_Thymus2,4_45,4,8238.0,17571.0
Mouse_Thymus2,8_47,5,8638.0,17771.0
Mouse_Thymus2,103_34,2,18138.0,16471.0
Mouse_Thymus2,101_24,2,17938.0,15471.0
Mouse_Thymus2,78_23,2,15638.0,15371.0
Mouse_Thymus2,36_40,2,11438.0,17071.0
Mouse_Thymus2,52_42,5,13038.0,17271.0
Mouse_Thymus2,28_38,5,10638.0,16871.0
Mouse_Thymus2,90_12,5,16838.0,14271.0
Mouse_Thymus2,80_40,2,15838.0,17071.0
Mouse_Thymus2,30_43,2,10838.0,17371.0
Mouse_Thymus2,89_48,5,16738.0,17871.0
Mouse_Thymus2,102_41,2,18038.0,17171.0
Mouse_Thymus2,89_46,5,16738.0,17671.0
Mouse_Thymus2,57_23,4,13538.0,15371.0
Mouse_Thymus2,58_40,5,13638.0,17071.0
Mouse_Thymus2,94_9,5,17238.0,13971.0
Mouse_Thymus2,18_39,5,9638.0,16971.0
Mouse_Thymus2,103_36,2,18138.0,16671.0
Mouse_Thymus2,109_52,5,18738.0,18271.0
Mouse_Thymus2,41_36,5,11938.0,16671.0
Mouse_Thymus2,58_36,2,13638.0,16671.0
Mouse_Thymus2,85_35,5,16338.0,16571.0
Mouse_Thymus2,91_59,4,16938.0,18971.0
Mouse_Thymus2,99_10,4,17738.0,14071.0
Mouse_Thymus2,28_37,5,10638.0,16771.0
Mouse_Thymus2,38_26,4,11638.0,15671.0
Mouse_Thymus2,113_36,1,19138.0,16671.0
Mouse_Thymus2,83_19,2,16138.0,14971.0
Mouse_Thymus2,84_47,5,16238.0,17771.0
Mouse_Thymus2,87_47,4,16538.0,17771.0
Mouse_Thymus2,119_52,2,19738.0,18271.0
Mouse_Thymus2,28_31,7,10638.0,16171.0
Mouse_Thymus2,85_32,5,16338.0,16271.0
Mouse_Thymus2,71_3,5,14938.0,13371.0
Mouse_Thymus2,76_28,2,15438.0,15871.0
Mouse_Thymus2,74_3,5,15238.0,13371.0
Mouse_Thymus2,40_30,1,11838.0,16071.0
Mouse_Thymus2,84_51,4,16238.0,18171.0
Mouse_Thymus2,90_27,4,16838.0,15771.0
Mouse_Thymus2,98_35,2,17638.0,16571.0
Mouse_Thymus2,85_41,5,16338.0,17171.0
Mouse_Thymus2,105_27,5,18338.0,15771.0
Mouse_Thymus2,68_19,1,14638.0,14971.0
Mouse_Thymus2,103_20,5,18138.0,15071.0
Mouse_Thymus2,79_35,2,15738.0,16571.0
Mouse_Thymus2,90_32,4,16838.0,16271.0
Mouse_Thymus2,97_24,2,17538.0,15471.0
Mouse_Thymus2,97_26,2,17538.0,15671.0
Mouse_Thymus2,48_44,5,12638.0,17471.0
Mouse_Thymus2,78_51,1,15638.0,18171.0
Mouse_Thymus2,37_25,5,11538.0,15571.0
Mouse_Thymus2,113_52,5,19138.0,18271.0
Mouse_Thymus2,80_45,4,15838.0,17571.0
Mouse_Thymus2,64_37,1,14238.0,16771.0
Mouse_Thymus2,85_26,4,16338.0,15671.0
Mouse_Thymus2,10_49,5,8838.0,17971.0
Mouse_Thymus2,91_30,4,16938.0,16071.0
Mouse_Thymus2,113_53,5,19138.0,18371.0
Mouse_Thymus2,104_58,7,18238.0,18871.0
Mouse_Thymus2,71_15,4,14938.0,14571.0
Mouse_Thymus2,76_21,2,15438.0,15171.0
Mouse_Thymus2,15_40,1,9338.0,17071.0
Mouse_Thymus2,53_33,1,13138.0,16371.0
Mouse_Thymus2,82_10,5,16038.0,14071.0
Mouse_Thymus2,39_30,2,11738.0,16071.0
Mouse_Thymus2,113_49,1,19138.0,17971.0
Mouse_Thymus2,90_45,5,16838.0,17571.0
Mouse_Thymus2,16_45,2,9438.0,17571.0
Mouse_Thymus2,93_54,5,17138.0,18471.0
Mouse_Thymus2,31_52,5,10938.0,18271.0
Mouse_Thymus2,35_50,5,11338.0,18071.0
Mouse_Thymus2,99_26,2,17738.0,15671.0
Mouse_Thymus2,42_43,2,12038.0,17371.0
Mouse_Thymus2,31_30,1,10938.0,16071.0
Mouse_Thymus2,9_48,5,8738.0,17871.0
Mouse_Thymus2,90_18,2,16838.0,14871.0
Mouse_Thymus2,56_35,2,13438.0,16571.0
Mouse_Thymus2,38_23,5,11638.0,15371.0
Mouse_Thymus2,27_53,5,10538.0,18371.0
Mouse_Thymus2,114_47,2,19238.0,17771.0
Mouse_Thymus2,107_46,2,18538.0,17671.0
Mouse_Thymus2,97_45,5,17538.0,17571.0
Mouse_Thymus2,27_45,2,10538.0,17571.0
Mouse_Thymus2,98_51,5,17638.0,18171.0
Mouse_Thymus2,76_27,2,15438.0,15771.0
Mouse_Thymus2,70_4,5,14838.0,13471.0
Mouse_Thymus2,51_43,5,12938.0,17371.0
Mouse_Thymus2,55_30,1,13338.0,16071.0
Mouse_Thymus2,120_54,2,19838.0,18471.0
Mouse_Thymus2,87_38,5,16538.0,16871.0
Mouse_Thymus2,68_33,1,14638.0,16371.0
Mouse_Thymus2,120_40,7,19838.0,17071.0
Mouse_Thymus2,123_68,5,20138.0,19871.0
Mouse_Thymus2,65_27,2,14338.0,15771.0
Mouse_Thymus2,57_20,4,13538.0,15071.0
Mouse_Thymus2,37_47,1,11538.0,17771.0
Mouse_Thymus2,39_43,2,11738.0,17371.0
Mouse_Thymus2,103_33,2,18138.0,16371.0
Mouse_Thymus2,53_43,5,13138.0,17371.0
Mouse_Thymus2,5_42,7,8338.0,17271.0
Mouse_Thymus2,126_69,7,20438.0,19971.0
Mouse_Thymus2,79_32,2,15738.0,16271.0
Mouse_Thymus2,69_14,4,14738.0,14471.0
Mouse_Thymus2,80_49,5,15838.0,17971.0
Mouse_Thymus2,86_2,4,16438.0,13271.0
Mouse_Thymus2,81_50,4,15938.0,18071.0
Mouse_Thymus2,106_41,2,18438.0,17171.0
Mouse_Thymus2,87_8,5,16538.0,13871.0
Mouse_Thymus2,121_43,4,19938.0,17371.0
Mouse_Thymus2,122_64,1,20038.0,19471.0
Mouse_Thymus2,57_28,2,13538.0,15871.0
Mouse_Thymus2,109_38,2,18738.0,16871.0
Mouse_Thymus2,104_33,2,18238.0,16371.0
Mouse_Thymus2,102_53,5,18038.0,18371.0
Mouse_Thymus2,100_28,1,17838.0,15871.0
Mouse_Thymus2,42_23,5,12038.0,15371.0
Mouse_Thymus2,106_34,2,18438.0,16471.0
Mouse_Thymus2,111_47,2,18938.0,17771.0
Mouse_Thymus2,102_35,2,18038.0,16571.0
Mouse_Thymus2,70_23,2,14838.0,15371.0
Mouse_Thymus2,54_43,5,13238.0,17371.0
Mouse_Thymus2,50_24,5,12838.0,15471.0
Mouse_Thymus2,77_26,2,15538.0,15671.0
Mouse_Thymus2,76_42,2,15438.0,17271.0
Mouse_Thymus2,78_44,4,15638.0,17471.0
Mouse_Thymus2,68_41,5,14638.0,17171.0
Mouse_Thymus2,101_61,5,17938.0,19171.0
Mouse_Thymus2,77_37,2,15538.0,16771.0
Mouse_Thymus2,22_50,5,10038.0,18071.0
Mouse_Thymus2,42_25,5,12038.0,15571.0
Mouse_Thymus2,115_36,5,19338.0,16671.0
Mouse_Thymus2,46_37,2,12438.0,16771.0
Mouse_Thymus2,90_35,4,16838.0,16571.0
Mouse_Thymus2,85_40,5,16338.0,17071.0
Mouse_Thymus2,48_45,5,12638.0,17571.0
Mouse_Thymus2,121_54,1,19938.0,18471.0
Mouse_Thymus2,117_53,1,19538.0,18371.0
Mouse_Thymus2,22_38,4,10038.0,16871.0
Mouse_Thymus2,20_53,5,9838.0,18371.0
Mouse_Thymus2,123_66,1,20138.0,19671.0
Mouse_Thymus2,85_17,2,16338.0,14771.0
Mouse_Thymus2,88_6,5,16638.0,13671.0
Mouse_Thymus2,100_56,5,17838.0,18671.0
Mouse_Thymus2,57_24,1,13538.0,15471.0
Mouse_Thymus2,79_23,2,15738.0,15371.0
Mouse_Thymus2,71_33,1,14938.0,16371.0
Mouse_Thymus2,49_16,5,12738.0,14671.0
Mouse_Thymus2,99_19,5,17738.0,14971.0
Mouse_Thymus2,75_44,4,15338.0,17471.0
Mouse_Thymus2,68_6,5,14638.0,13671.0
Mouse_Thymus2,61_36,2,13938.0,16671.0
Mouse_Thymus2,56_27,2,13438.0,15771.0
Mouse_Thymus2,43_44,2,12138.0,17471.0
Mouse_Thymus2,88_12,5,16638.0,14271.0
Mouse_Thymus2,73_40,2,15138.0,17071.0
Mouse_Thymus2,85_42,5,16338.0,17271.0
Mouse_Thymus2,35_55,5,11338.0,18571.0
Mouse_Thymus2,111_44,2,18938.0,17471.0
Mouse_Thymus2,65_30,1,14338.0,16071.0
Mouse_Thymus2,44_26,1,12238.0,15671.0
Mouse_Thymus2,70_6,5,14838.0,13671.0
Mouse_Thymus2,12_46,5,9038.0,17671.0
Mouse_Thymus2,37_29,1,11538.0,15971.0
Mouse_Thymus2,80_3,4,15838.0,13371.0
Mouse_Thymus2,46_32,5,12438.0,16271.0
Mouse_Thymus2,36_35,1,11438.0,16571.0
Mouse_Thymus2,97_52,5,17538.0,18271.0
Mouse_Thymus2,102_14,7,18038.0,14471.0
Mouse_Thymus2,94_47,5,17238.0,17771.0
Mouse_Thymus2,72_8,5,15038.0,13871.0
Mouse_Thymus2,41_45,2,11938.0,17571.0
Mouse_Thymus2,87_5,1,16538.0,13571.0
Mouse_Thymus2,89_47,5,16738.0,17771.0
Mouse_Thymus2,81_26,4,15938.0,15671.0
Mouse_Thymus2,79_0,4,15738.0,13071.0
Mouse_Thymus2,89_51,5,16738.0,18171.0
Mouse_Thymus2,100_36,2,17838.0,16671.0
Mouse_Thymus2,86_20,2,16438.0,15071.0
Mouse_Thymus2,119_58,1,19738.0,18871.0
Mouse_Thymus2,121_51,5,19938.0,18171.0
Mouse_Thymus2,100_18,5,17838.0,14871.0
Mouse_Thymus2,46_19,5,12438.0,14971.0
Mouse_Thymus2,104_50,5,18238.0,18071.0
Mouse_Thymus2,105_56,4,18338.0,18671.0
Mouse_Thymus2,102_58,5,18038.0,18871.0
Mouse_Thymus2,94_6,5,17238.0,13671.0
Mouse_Thymus2,85_13,1,16338.0,14371.0
Mouse_Thymus2,111_57,4,18938.0,18771.0
Mouse_Thymus2,88_17,2,16638.0,14771.0
Mouse_Thymus2,100_44,5,17838.0,17471.0
Mouse_Thymus2,21_48,7,9938.0,17871.0
Mouse_Thymus2,101_25,2,17938.0,15571.0
Mouse_Thymus2,59_15,5,13738.0,14571.0
Mouse_Thymus2,22_45,2,10038.0,17571.0
Mouse_Thymus2,24_36,5,10238.0,16671.0
Mouse_Thymus2,118_62,4,19638.0,19271.0
Mouse_Thymus2,99_38,2,17738.0,16871.0
Mouse_Thymus2,53_27,2,13138.0,15771.0
Mouse_Thymus2,53_22,5,13138.0,15271.0
Mouse_Thymus2,93_31,5,17138.0,16171.0
Mouse_Thymus2,35_34,5,11338.0,16471.0
Mouse_Thymus2,52_25,4,13038.0,15571.0
Mouse_Thymus2,11_49,5,8938.0,17971.0
Mouse_Thymus2,81_32,5,15938.0,16271.0
Mouse_Thymus2,117_69,7,19538.0,19971.0
Mouse_Thymus2,74_20,4,15238.0,15071.0
Mouse_Thymus2,74_13,4,15238.0,14371.0
Mouse_Thymus2,31_54,5,10938.0,18471.0
Mouse_Thymus2,32_25,4,11038.0,15571.0
Mouse_Thymus2,51_44,5,12938.0,17471.0
Mouse_Thymus2,90_14,1,16838.0,14471.0
Mouse_Thymus2,98_13,5,17638.0,14371.0
Mouse_Thymus2,71_7,5,14938.0,13771.0
Mouse_Thymus2,125_71,5,20338.0,20171.0
Mouse_Thymus2,105_41,2,18338.0,17171.0
Mouse_Thymus2,89_28,1,16738.0,15871.0
Mouse_Thymus2,100_59,5,17838.0,18971.0
Mouse_Thymus2,116_67,7,19438.0,19771.0
Mouse_Thymus2,96_46,4,17438.0,17671.0
Mouse_Thymus2,92_7,4,17038.0,13771.0
Mouse_Thymus2,115_39,5,19338.0,16971.0
Mouse_Thymus2,63_37,1,14138.0,16771.0
Mouse_Thymus2,33_49,4,11138.0,17971.0
Mouse_Thymus2,85_27,1,16338.0,15771.0
Mouse_Thymus2,60_14,4,13838.0,14471.0
Mouse_Thymus2,82_31,1,16038.0,16171.0
Mouse_Thymus2,106_38,2,18438.0,16871.0
Mouse_Thymus2,85_54,5,16338.0,18471.0
Mouse_Thymus2,66_27,1,14438.0,15771.0
Mouse_Thymus2,72_4,5,15038.0,13471.0
Mouse_Thymus2,80_9,5,15838.0,13971.0
Mouse_Thymus2,76_32,2,15438.0,16271.0
Mouse_Thymus2,64_33,2,14238.0,16371.0
Mouse_Thymus2,91_52,5,16938.0,18271.0
Mouse_Thymus2,93_51,5,17138.0,18171.0
Mouse_Thymus2,96_18,4,17438.0,14871.0
Mouse_Thymus2,48_22,4,12638.0,15271.0
Mouse_Thymus2,83_35,5,16138.0,16571.0
Mouse_Thymus2,98_33,2,17638.0,16371.0
Mouse_Thymus2,83_14,4,16138.0,14471.0
Mouse_Thymus2,102_32,1,18038.0,16271.0
Mouse_Thymus2,94_45,4,17238.0,17571.0
Mouse_Thymus2,67_10,5,14538.0,14071.0
Mouse_Thymus2,104_54,5,18238.0,18471.0
Mouse_Thymus2,38_29,1,11638.0,15971.0
Mouse_Thymus2,49_17,5,12738.0,14771.0
Mouse_Thymus2,100_50,4,17838.0,18071.0
Mouse_Thymus2,93_49,5,17138.0,17971.0
Mouse_Thymus2,99_12,1,17738.0,14271.0
Mouse_Thymus2,82_4,5,16038.0,13471.0
Mouse_Thymus2,41_25,5,11938.0,15571.0
Mouse_Thymus2,112_39,2,19038.0,16971.0
Mouse_Thymus2,119_39,4,19738.0,16971.0
Mouse_Thymus2,34_51,5,11238.0,18171.0
Mouse_Thymus2,37_31,4,11538.0,16171.0
Mouse_Thymus2,114_39,5,19238.0,16971.0
Mouse_Thymus2,94_25,2,17238.0,15571.0
Mouse_Thymus2,31_27,5,10938.0,15771.0
Mouse_Thymus2,89_42,5,16738.0,17271.0
Mouse_Thymus2,16_40,1,9438.0,17071.0
Mouse_Thymus2,69_27,2,14738.0,15771.0
Mouse_Thymus2,76_37,2,15438.0,16771.0
Mouse_Thymus2,106_37,2,18438.0,16771.0
Mouse_Thymus2,70_2,5,14838.0,13271.0
Mouse_Thymus2,74_39,2,15238.0,16971.0
Mouse_Thymus2,75_47,5,15338.0,17771.0
Mouse_Thymus2,50_28,2,12838.0,15871.0
Mouse_Thymus2,122_72,5,20038.0,20271.0
Mouse_Thymus2,22_47,2,10038.0,17771.0
Mouse_Thymus2,82_30,1,16038.0,16071.0
Mouse_Thymus2,78_19,2,15638.0,14971.0
Mouse_Thymus2,92_41,4,17038.0,17171.0
Mouse_Thymus2,120_66,4,19838.0,19671.0
Mouse_Thymus2,81_36,1,15938.0,16671.0
Mouse_Thymus2,71_30,5,14938.0,16071.0
Mouse_Thymus2,114_57,5,19238.0,18771.0
Mouse_Thymus2,26_48,2,10438.0,17871.0
Mouse_Thymus2,90_20,2,16838.0,15071.0
Mouse_Thymus2,91_32,5,16938.0,16271.0
Mouse_Thymus2,107_22,4,18538.0,15271.0
Mouse_Thymus2,17_51,5,9538.0,18171.0
Mouse_Thymus2,36_25,5,11438.0,15571.0
Mouse_Thymus2,14_49,5,9238.0,17971.0
Mouse_Thymus2,96_59,5,17438.0,18971.0
Mouse_Thymus2,125_63,5,20338.0,19371.0
Mouse_Thymus2,84_14,1,16238.0,14471.0
Mouse_Thymus2,92_18,2,17038.0,14871.0
Mouse_Thymus2,80_42,2,15838.0,17271.0
Mouse_Thymus2,77_13,5,15538.0,14371.0
Mouse_Thymus2,24_50,5,10238.0,18071.0
Mouse_Thymus2,72_2,5,15038.0,13271.0
Mouse_Thymus2,62_21,2,14038.0,15171.0
Mouse_Thymus2,68_17,4,14638.0,14771.0
Mouse_Thymus2,16_41,5,9438.0,17171.0
Mouse_Thymus2,90_22,2,16838.0,15271.0
Mouse_Thymus2,101_32,5,17938.0,16271.0
Mouse_Thymus2,8_46,5,8638.0,17671.0
Mouse_Thymus2,59_25,2,13738.0,15571.0
Mouse_Thymus2,72_12,4,15038.0,14271.0
Mouse_Thymus2,67_42,5,14538.0,17271.0
Mouse_Thymus2,125_58,7,20338.0,18871.0
Mouse_Thymus2,86_37,4,16438.0,16771.0
Mouse_Thymus2,33_42,2,11138.0,17271.0
Mouse_Thymus2,23_52,5,10138.0,18271.0
Mouse_Thymus2,61_30,2,13938.0,16071.0
Mouse_Thymus2,100_15,5,17838.0,14571.0
Mouse_Thymus2,54_40,1,13238.0,17071.0
Mouse_Thymus2,78_0,5,15638.0,13071.0
Mouse_Thymus2,79_12,5,15738.0,14271.0
Mouse_Thymus2,45_37,4,12338.0,16771.0
Mouse_Thymus2,23_42,5,10138.0,17271.0
Mouse_Thymus2,95_60,5,17338.0,19071.0
Mouse_Thymus2,31_53,4,10938.0,18371.0
Mouse_Thymus2,62_33,2,14038.0,16371.0
Mouse_Thymus2,65_36,4,14338.0,16671.0
Mouse_Thymus2,23_36,5,10138.0,16671.0
Mouse_Thymus2,96_10,5,17438.0,14071.0
Mouse_Thymus2,122_55,5,20038.0,18571.0
Mouse_Thymus2,106_23,5,18438.0,15371.0
Mouse_Thymus2,38_52,5,11638.0,18271.0
Mouse_Thymus2,89_11,5,16738.0,14171.0
Mouse_Thymus2,74_2,5,15238.0,13271.0
Mouse_Thymus2,83_46,5,16138.0,17671.0
Mouse_Thymus2,72_37,2,15038.0,16771.0
Mouse_Thymus2,110_45,1,18838.0,17571.0
Mouse_Thymus2,87_12,1,16538.0,14271.0
Mouse_Thymus2,91_16,2,16938.0,14671.0
Mouse_Thymus2,73_27,2,15138.0,15771.0
Mouse_Thymus2,90_41,5,16838.0,17171.0
Mouse_Thymus2,49_43,4,12738.0,17371.0
Mouse_Thymus2,47_17,5,12538.0,14771.0
Mouse_Thymus2,40_37,5,11838.0,16771.0
Mouse_Thymus2,98_19,2,17638.0,14971.0
Mouse_Thymus2,114_55,5,19238.0,18571.0
Mouse_Thymus2,96_26,2,17438.0,15671.0
Mouse_Thymus2,20_43,2,9838.0,17371.0
Mouse_Thymus2,68_15,5,14638.0,14571.0
Mouse_Thymus2,59_37,2,13738.0,16771.0
Mouse_Thymus2,107_44,5,18538.0,17471.0
Mouse_Thymus2,64_20,2,14238.0,15071.0
Mouse_Thymus2,31_55,5,10938.0,18571.0
Mouse_Thymus2,90_21,2,16838.0,15171.0
Mouse_Thymus2,32_44,2,11038.0,17471.0
Mouse_Thymus2,95_43,5,17338.0,17371.0
Mouse_Thymus2,87_39,5,16538.0,16971.0
Mouse_Thymus2,60_28,2,13838.0,15871.0
Mouse_Thymus2,35_51,5,11338.0,18171.0
Mouse_Thymus2,17_47,2,9538.0,17771.0
Mouse_Thymus2,15_49,5,9338.0,17971.0
Mouse_Thymus2,75_38,2,15338.0,16871.0
Mouse_Thymus2,56_29,2,13438.0,15971.0
Mouse_Thymus2,30_35,5,10838.0,16571.0
Mouse_Thymus2,117_54,4,19538.0,18471.0
Mouse_Thymus2,99_44,5,17738.0,17471.0
Mouse_Thymus2,27_54,5,10538.0,18471.0
Mouse_Thymus2,69_3,4,14738.0,13371.0
Mouse_Thymus2,115_53,1,19338.0,18371.0
Mouse_Thymus2,64_25,2,14238.0,15571.0
Mouse_Thymus2,64_19,4,14238.0,14971.0
Mouse_Thymus2,89_24,2,16738.0,15471.0
Mouse_Thymus2,82_21,2,16038.0,15171.0
Mouse_Thymus2,111_34,5,18938.0,16471.0
Mouse_Thymus2,35_41,2,11338.0,17171.0
Mouse_Thymus2,72_26,2,15038.0,15671.0
Mouse_Thymus2,36_34,5,11438.0,16471.0
Mouse_Thymus2,19_48,4,9738.0,17871.0
Mouse_Thymus2,94_26,2,17238.0,15671.0
Mouse_Thymus2,23_49,4,10138.0,17971.0
Mouse_Thymus2,72_45,5,15038.0,17571.0
Mouse_Thymus2,45_33,1,12338.0,16371.0
Mouse_Thymus2,100_52,5,17838.0,18271.0
Mouse_Thymus2,105_50,5,18338.0,18071.0
Mouse_Thymus2,12_51,5,9038.0,18171.0
Mouse_Thymus2,88_38,4,16638.0,16871.0
Mouse_Thymus2,41_49,5,11938.0,17971.0
Mouse_Thymus2,97_11,5,17538.0,14171.0
Mouse_Thymus2,93_27,2,17138.0,15771.0
Mouse_Thymus2,95_10,5,17338.0,14071.0
Mouse_Thymus2,47_36,1,12538.0,16671.0
Mouse_Thymus2,45_48,4,12338.0,17871.0
Mouse_Thymus2,74_22,4,15238.0,15271.0
Mouse_Thymus2,38_34,5,11638.0,16471.0
Mouse_Thymus2,37_36,5,11538.0,16671.0
Mouse_Thymus2,84_7,5,16238.0,13771.0
Mouse_Thymus2,97_56,5,17538.0,18671.0
Mouse_Thymus2,39_53,5,11738.0,18371.0
Mouse_Thymus2,102_39,2,18038.0,16971.0
Mouse_Thymus2,118_68,5,19638.0,19871.0
Mouse_Thymus2,101_45,4,17938.0,17571.0
Mouse_Thymus2,38_32,1,11638.0,16271.0
Mouse_Thymus2,125_59,5,20338.0,18971.0
Mouse_Thymus2,56_42,5,13438.0,17271.0
Mouse_Thymus2,44_24,5,12238.0,15471.0
Mouse_Thymus2,111_58,4,18938.0,18871.0
Mouse_Thymus2,103_38,2,18138.0,16871.0
Mouse_Thymus2,80_44,2,15838.0,17471.0
Mouse_Thymus2,103_27,2,18138.0,15771.0
Mouse_Thymus2,84_19,2,16238.0,14971.0
Mouse_Thymus2,98_39,1,17638.0,16971.0
Mouse_Thymus2,94_51,5,17238.0,18171.0
Mouse_Thymus2,51_40,2,12938.0,17071.0
Mouse_Thymus2,85_55,4,16338.0,18571.0
Mouse_Thymus2,56_31,1,13438.0,16171.0
Mouse_Thymus2,85_38,1,16338.0,16871.0
Mouse_Thymus2,77_31,2,15538.0,16171.0
Mouse_Thymus2,40_23,5,11838.0,15371.0
Mouse_Thymus2,101_37,1,17938.0,16771.0
Mouse_Thymus2,102_56,5,18038.0,18671.0
Mouse_Thymus2,72_17,4,15038.0,14771.0
Mouse_Thymus2,100_32,4,17838.0,16271.0
Mouse_Thymus2,73_4,5,15138.0,13471.0
Mouse_Thymus2,83_2,5,16138.0,13271.0
Mouse_Thymus2,80_12,5,15838.0,14271.0
Mouse_Thymus2,39_36,1,11738.0,16671.0
Mouse_Thymus2,99_60,5,17738.0,19071.0
Mouse_Thymus2,37_23,7,11538.0,15371.0
Mouse_Thymus2,76_41,2,15438.0,17171.0
Mouse_Thymus2,74_45,5,15238.0,17571.0
Mouse_Thymus2,71_21,2,14938.0,15171.0
Mouse_Thymus2,40_21,5,11838.0,15171.0
Mouse_Thymus2,77_33,2,15538.0,16371.0
Mouse_Thymus2,79_7,4,15738.0,13771.0
Mouse_Thymus2,48_36,1,12638.0,16671.0
Mouse_Thymus2,120_65,5,19838.0,19571.0
Mouse_Thymus2,106_21,1,18438.0,15171.0
Mouse_Thymus2,117_68,4,19538.0,19871.0
Mouse_Thymus2,86_19,2,16438.0,14971.0
Mouse_Thymus2,76_45,4,15438.0,17571.0
Mouse_Thymus2,86_48,4,16438.0,17871.0
Mouse_Thymus2,94_60,5,17238.0,19071.0
Mouse_Thymus2,46_48,5,12438.0,17871.0
Mouse_Thymus2,119_50,4,19738.0,18071.0
Mouse_Thymus2,44_40,2,12238.0,17071.0
Mouse_Thymus2,29_35,5,10738.0,16571.0
Mouse_Thymus2,44_30,2,12238.0,16071.0
Mouse_Thymus2,117_49,2,19538.0,17971.0
Mouse_Thymus2,67_20,2,14538.0,15071.0
Mouse_Thymus2,95_54,5,17338.0,18471.0
Mouse_Thymus2,80_21,2,15838.0,15171.0
Mouse_Thymus2,39_48,5,11738.0,17871.0
Mouse_Thymus2,89_55,5,16738.0,18571.0
Mouse_Thymus2,82_49,5,16038.0,17971.0
Mouse_Thymus2,77_20,2,15538.0,15071.0
Mouse_Thymus2,36_30,4,11438.0,16071.0
Mouse_Thymus2,55_31,1,13338.0,16171.0
Mouse_Thymus2,95_25,2,17338.0,15571.0
Mouse_Thymus2,48_49,7,12638.0,17971.0
Mouse_Thymus2,77_30,2,15538.0,16071.0
Mouse_Thymus2,47_47,5,12538.0,17771.0
Mouse_Thymus2,23_44,2,10138.0,17471.0
Mouse_Thymus2,85_43,5,16338.0,17371.0
Mouse_Thymus2,102_46,5,18038.0,17671.0
Mouse_Thymus2,78_30,2,15638.0,16071.0
Mouse_Thymus2,37_33,1,11538.0,16371.0
Mouse_Thymus2,65_22,1,14338.0,15271.0
Mouse_Thymus2,74_10,5,15238.0,14071.0
Mouse_Thymus2,117_47,2,19538.0,17771.0
Mouse_Thymus2,86_24,5,16438.0,15471.0
Mouse_Thymus2,91_33,4,16938.0,16371.0
Mouse_Thymus2,54_37,2,13238.0,16771.0
Mouse_Thymus2,80_0,4,15838.0,13071.0
Mouse_Thymus2,83_49,5,16138.0,17971.0
Mouse_Thymus2,92_23,2,17038.0,15371.0
Mouse_Thymus2,120_52,4,19838.0,18271.0
Mouse_Thymus2,31_51,5,10938.0,18171.0
Mouse_Thymus2,47_35,2,12538.0,16571.0
Mouse_Thymus2,122_47,5,20038.0,17771.0
Mouse_Thymus2,68_25,2,14638.0,15571.0
Mouse_Thymus2,62_38,5,14038.0,16871.0
Mouse_Thymus2,64_24,2,14238.0,15471.0
Mouse_Thymus2,22_44,2,10038.0,17471.0
Mouse_Thymus2,54_23,2,13238.0,15371.0
Mouse_Thymus2,53_35,1,13138.0,16571.0
Mouse_Thymus2,89_16,2,16738.0,14671.0
Mouse_Thymus2,108_36,2,18638.0,16671.0
Mouse_Thymus2,109_48,4,18738.0,17871.0
Mouse_Thymus2,67_35,2,14538.0,16571.0
Mouse_Thymus2,70_35,2,14838.0,16571.0
Mouse_Thymus2,82_19,2,16038.0,14971.0
Mouse_Thymus2,79_38,2,15738.0,16871.0
Mouse_Thymus2,121_49,5,19938.0,17971.0
Mouse_Thymus2,100_48,5,17838.0,17871.0
Mouse_Thymus2,115_50,1,19338.0,18071.0
Mouse_Thymus2,116_39,5,19438.0,16971.0
Mouse_Thymus2,73_30,2,15138.0,16071.0
Mouse_Thymus2,46_39,2,12438.0,16971.0
Mouse_Thymus2,85_12,4,16338.0,14271.0
Mouse_Thymus2,65_37,4,14338.0,16771.0
Mouse_Thymus2,88_35,5,16638.0,16571.0
Mouse_Thymus2,90_13,4,16838.0,14371.0
Mouse_Thymus2,120_50,5,19838.0,18071.0
Mouse_Thymus2,119_43,5,19738.0,17371.0
Mouse_Thymus2,109_28,5,18738.0,15871.0
Mouse_Thymus2,88_5,5,16638.0,13571.0
Mouse_Thymus2,35_30,1,11338.0,16071.0
Mouse_Thymus2,68_21,1,14638.0,15171.0
Mouse_Thymus2,74_33,2,15238.0,16371.0
Mouse_Thymus2,28_40,5,10638.0,17071.0
Mouse_Thymus2,35_49,5,11338.0,17971.0
Mouse_Thymus2,38_51,5,11638.0,18171.0
Mouse_Thymus2,59_17,5,13738.0,14771.0
Mouse_Thymus2,79_41,2,15738.0,17171.0
Mouse_Thymus2,69_42,5,14738.0,17271.0
Mouse_Thymus2,18_37,1,9638.0,16771.0
Mouse_Thymus2,99_22,2,17738.0,15271.0
Mouse_Thymus2,84_13,4,16238.0,14371.0
Mouse_Thymus2,31_38,5,10938.0,16871.0
Mouse_Thymus2,94_49,5,17238.0,17971.0
Mouse_Thymus2,123_50,4,20138.0,18071.0
Mouse_Thymus2,105_29,5,18338.0,15971.0
Mouse_Thymus2,33_45,2,11138.0,17571.0
Mouse_Thymus2,111_39,2,18938.0,16971.0
Mouse_Thymus2,27_42,1,10538.0,17271.0
Mouse_Thymus2,110_53,5,18838.0,18371.0
Mouse_Thymus2,75_35,2,15338.0,16571.0
Mouse_Thymus2,101_41,1,17938.0,17171.0
Mouse_Thymus2,97_50,4,17538.0,18071.0
Mouse_Thymus2,100_29,1,17838.0,15971.0
Mouse_Thymus2,24_38,5,10238.0,16871.0
Mouse_Thymus2,85_23,4,16338.0,15371.0
Mouse_Thymus2,113_61,5,19138.0,19171.0
Mouse_Thymus2,103_30,2,18138.0,16071.0
Mouse_Thymus2,90_54,5,16838.0,18471.0
Mouse_Thymus2,83_54,5,16138.0,18471.0
Mouse_Thymus2,114_58,5,19238.0,18871.0
Mouse_Thymus2,98_49,5,17638.0,17971.0
Mouse_Thymus2,7_45,4,8538.0,17571.0
Mouse_Thymus2,77_45,5,15538.0,17571.0
Mouse_Thymus2,85_56,4,16338.0,18671.0
Mouse_Thymus2,118_56,2,19638.0,18671.0
Mouse_Thymus2,57_21,4,13538.0,15171.0
Mouse_Thymus2,103_21,5,18138.0,15171.0
Mouse_Thymus2,62_26,2,14038.0,15671.0
Mouse_Thymus2,77_21,2,15538.0,15171.0
Mouse_Thymus2,34_28,5,11238.0,15871.0
Mouse_Thymus2,109_41,2,18738.0,17171.0
Mouse_Thymus2,33_38,5,11138.0,16871.0
Mouse_Thymus2,43_38,2,12138.0,16871.0
Mouse_Thymus2,120_44,5,19838.0,17471.0
Mouse_Thymus2,96_30,4,17438.0,16071.0
Mouse_Thymus2,118_70,5,19638.0,20071.0
Mouse_Thymus2,82_18,2,16038.0,14871.0
Mouse_Thymus2,62_14,5,14038.0,14471.0
Mouse_Thymus2,117_39,5,19538.0,16971.0
Mouse_Thymus2,123_52,5,20138.0,18271.0
Mouse_Thymus2,100_31,1,17838.0,16171.0
Mouse_Thymus2,24_53,5,10238.0,18371.0
Mouse_Thymus2,75_8,5,15338.0,13871.0
Mouse_Thymus2,60_27,2,13838.0,15771.0
Mouse_Thymus2,85_39,5,16338.0,16971.0
Mouse_Thymus2,121_50,5,19938.0,18071.0
Mouse_Thymus2,121_67,1,19938.0,19771.0
Mouse_Thymus2,70_19,4,14838.0,14971.0
Mouse_Thymus2,118_45,5,19638.0,17571.0
Mouse_Thymus2,67_36,2,14538.0,16671.0
Mouse_Thymus2,109_35,2,18738.0,16571.0
Mouse_Thymus2,65_13,5,14338.0,14371.0
Mouse_Thymus2,74_9,4,15238.0,13971.0
Mouse_Thymus2,41_50,5,11938.0,18071.0
Mouse_Thymus2,11_40,4,8938.0,17071.0
Mouse_Thymus2,39_26,2,11738.0,15671.0
Mouse_Thymus2,90_36,5,16838.0,16671.0
Mouse_Thymus2,30_29,5,10838.0,15971.0
Mouse_Thymus2,94_35,5,17238.0,16571.0
Mouse_Thymus2,57_31,2,13538.0,16171.0
Mouse_Thymus2,104_37,2,18238.0,16771.0
Mouse_Thymus2,21_49,5,9938.0,17971.0
Mouse_Thymus2,89_33,5,16738.0,16371.0
Mouse_Thymus2,108_45,2,18638.0,17571.0
Mouse_Thymus2,86_50,5,16438.0,18071.0
Mouse_Thymus2,94_56,5,17238.0,18671.0
Mouse_Thymus2,76_20,4,15438.0,15071.0
Mouse_Thymus2,64_32,2,14238.0,16271.0
Mouse_Thymus2,80_31,2,15838.0,16171.0
Mouse_Thymus2,89_53,5,16738.0,18371.0
Mouse_Thymus2,103_40,2,18138.0,17071.0
Mouse_Thymus2,121_72,4,19938.0,20271.0
Mouse_Thymus2,86_25,1,16438.0,15571.0
Mouse_Thymus2,113_54,5,19138.0,18471.0
Mouse_Thymus2,94_40,5,17238.0,17071.0
Mouse_Thymus2,117_58,2,19538.0,18871.0
Mouse_Thymus2,105_28,5,18338.0,15871.0
Mouse_Thymus2,99_8,4,17738.0,13871.0
Mouse_Thymus2,19_43,2,9738.0,17371.0
Mouse_Thymus2,65_40,5,14338.0,17071.0
Mouse_Thymus2,35_36,5,11338.0,16671.0
Mouse_Thymus2,54_39,5,13238.0,16971.0
Mouse_Thymus2,38_35,5,11638.0,16571.0
Mouse_Thymus2,13_41,5,9138.0,17171.0
Mouse_Thymus2,48_27,2,12638.0,15771.0
Mouse_Thymus2,79_15,4,15738.0,14571.0
Mouse_Thymus2,116_63,5,19438.0,19371.0
Mouse_Thymus2,60_19,5,13838.0,14971.0
Mouse_Thymus2,79_33,2,15738.0,16371.0
Mouse_Thymus2,18_53,4,9638.0,18371.0
Mouse_Thymus2,77_2,4,15538.0,13271.0
Mouse_Thymus2,71_22,2,14938.0,15271.0
Mouse_Thymus2,72_24,2,15038.0,15471.0
Mouse_Thymus2,79_28,2,15738.0,15871.0
Mouse_Thymus2,81_27,5,15938.0,15771.0
Mouse_Thymus2,52_21,4,13038.0,15171.0
Mouse_Thymus2,54_15,5,13238.0,14571.0
Mouse_Thymus2,49_15,4,12738.0,14571.0
Mouse_Thymus2,105_37,2,18338.0,16771.0
Mouse_Thymus2,83_10,5,16138.0,14071.0
Mouse_Thymus2,26_49,1,10438.0,17971.0
Mouse_Thymus2,50_27,1,12838.0,15771.0
Mouse_Thymus2,58_25,2,13638.0,15571.0
Mouse_Thymus2,30_53,5,10838.0,18371.0
Mouse_Thymus2,47_42,2,12538.0,17271.0
Mouse_Thymus2,84_2,5,16238.0,13271.0
Mouse_Thymus2,38_37,5,11638.0,16771.0
Mouse_Thymus2,64_16,5,14238.0,14671.0
Mouse_Thymus2,69_13,5,14738.0,14371.0
Mouse_Thymus2,76_39,2,15438.0,16971.0
Mouse_Thymus2,44_50,5,12238.0,18071.0
Mouse_Thymus2,105_53,4,18338.0,18371.0
Mouse_Thymus2,34_40,1,11238.0,17071.0
Mouse_Thymus2,42_49,5,12038.0,17971.0
Mouse_Thymus2,108_49,5,18638.0,17971.0
Mouse_Thymus2,108_44,2,18638.0,17471.0
Mouse_Thymus2,27_40,1,10538.0,17071.0
Mouse_Thymus2,46_41,2,12438.0,17171.0
Mouse_Thymus2,108_56,5,18638.0,18671.0
Mouse_Thymus2,96_56,5,17438.0,18671.0
Mouse_Thymus2,121_52,1,19938.0,18271.0
Mouse_Thymus2,50_15,7,12838.0,14571.0
Mouse_Thymus2,76_3,5,15438.0,13371.0
Mouse_Thymus2,90_28,5,16838.0,15871.0
Mouse_Thymus2,85_22,2,16338.0,15271.0
Mouse_Thymus2,62_34,2,14038.0,16471.0
Mouse_Thymus2,65_34,2,14338.0,16471.0
Mouse_Thymus2,96_5,4,17438.0,13571.0
Mouse_Thymus2,99_47,5,17738.0,17771.0
Mouse_Thymus2,123_53,5,20138.0,18371.0
Mouse_Thymus2,86_26,4,16438.0,15671.0
Mouse_Thymus2,77_24,2,15538.0,15471.0
Mouse_Thymus2,45_25,5,12338.0,15571.0
Mouse_Thymus2,107_53,5,18538.0,18371.0
Mouse_Thymus2,43_29,2,12138.0,15971.0
Mouse_Thymus2,36_36,4,11438.0,16671.0
Mouse_Thymus2,27_32,7,10538.0,16271.0
Mouse_Thymus2,49_29,2,12738.0,15971.0
Mouse_Thymus2,91_53,5,16938.0,18371.0
Mouse_Thymus2,119_41,5,19738.0,17171.0
Mouse_Thymus2,85_52,5,16338.0,18271.0
Mouse_Thymus2,72_23,2,15038.0,15371.0
Mouse_Thymus2,111_56,4,18938.0,18671.0
Mouse_Thymus2,93_52,5,17138.0,18271.0
Mouse_Thymus2,112_42,2,19038.0,17271.0
Mouse_Thymus2,113_46,2,19138.0,17671.0
Mouse_Thymus2,54_21,1,13238.0,15171.0
Mouse_Thymus2,67_30,4,14538.0,16071.0
Mouse_Thymus2,89_36,5,16738.0,16671.0
Mouse_Thymus2,58_16,5,13638.0,14671.0
Mouse_Thymus2,82_14,5,16038.0,14471.0
Mouse_Thymus2,15_39,4,9338.0,16971.0
Mouse_Thymus2,88_24,2,16638.0,15471.0
Mouse_Thymus2,91_54,4,16938.0,18471.0
Mouse_Thymus2,76_1,1,15438.0,13171.0
Mouse_Thymus2,58_38,5,13638.0,16871.0
Mouse_Thymus2,35_42,2,11338.0,17271.0
Mouse_Thymus2,99_61,1,17738.0,19171.0
Mouse_Thymus2,60_15,4,13838.0,14571.0
Mouse_Thymus2,59_26,2,13738.0,15671.0
Mouse_Thymus2,70_9,4,14838.0,13971.0
Mouse_Thymus2,100_43,5,17838.0,17371.0
Mouse_Thymus2,25_50,1,10338.0,18071.0
Mouse_Thymus2,50_23,5,12838.0,15371.0
Mouse_Thymus2,57_30,2,13538.0,16071.0
Mouse_Thymus2,51_18,4,12938.0,14871.0
Mouse_Thymus2,58_14,7,13638.0,14471.0
Mouse_Thymus2,56_23,4,13438.0,15371.0
Mouse_Thymus2,99_17,5,17738.0,14771.0
Mouse_Thymus2,86_34,4,16438.0,16471.0
Mouse_Thymus2,116_64,5,19438.0,19471.0
Mouse_Thymus2,31_43,2,10938.0,17371.0
Mouse_Thymus2,53_15,4,13138.0,14571.0
Mouse_Thymus2,113_32,4,19138.0,16271.0
Mouse_Thymus2,19_38,5,9738.0,16871.0
Mouse_Thymus2,38_24,4,11638.0,15471.0
Mouse_Thymus2,14_44,2,9238.0,17471.0
Mouse_Thymus2,102_25,2,18038.0,15571.0
Mouse_Thymus2,101_47,4,17938.0,17771.0
Mouse_Thymus2,92_16,2,17038.0,14671.0
Mouse_Thymus2,90_8,5,16838.0,13871.0
Mouse_Thymus2,16_39,5,9438.0,16971.0
Mouse_Thymus2,88_41,4,16638.0,17171.0
Mouse_Thymus2,124_65,1,20238.0,19571.0
Mouse_Thymus2,101_16,5,17938.0,14671.0
Mouse_Thymus2,103_58,5,18138.0,18871.0
Mouse_Thymus2,121_69,5,19938.0,19971.0
Mouse_Thymus2,16_43,2,9438.0,17371.0
Mouse_Thymus2,91_58,5,16938.0,18871.0
Mouse_Thymus2,37_44,2,11538.0,17471.0
Mouse_Thymus2,64_12,5,14238.0,14271.0
Mouse_Thymus2,95_20,1,17338.0,15071.0
Mouse_Thymus2,50_36,2,12838.0,16671.0
Mouse_Thymus2,68_38,1,14638.0,16871.0
Mouse_Thymus2,77_38,2,15538.0,16871.0
Mouse_Thymus2,98_54,5,17638.0,18471.0
Mouse_Thymus2,63_22,2,14138.0,15271.0
Mouse_Thymus2,99_57,5,17738.0,18771.0
Mouse_Thymus2,98_58,5,17638.0,18871.0
Mouse_Thymus2,118_52,2,19638.0,18271.0
Mouse_Thymus2,50_30,1,12838.0,16071.0
Mouse_Thymus2,32_27,5,11038.0,15771.0
Mouse_Thymus2,18_54,4,9638.0,18471.0
Mouse_Thymus2,65_15,4,14338.0,14571.0
Mouse_Thymus2,101_27,2,17938.0,15771.0
Mouse_Thymus2,75_49,5,15338.0,17971.0
Mouse_Thymus2,77_32,2,15538.0,16271.0
Mouse_Thymus2,74_30,2,15238.0,16071.0
Mouse_Thymus2,21_38,5,9938.0,16871.0
Mouse_Thymus2,87_30,5,16538.0,16071.0
Mouse_Thymus2,117_51,2,19538.0,18171.0
Mouse_Thymus2,43_49,5,12138.0,17971.0
Mouse_Thymus2,116_40,5,19438.0,17071.0
Mouse_Thymus2,92_35,1,17038.0,16571.0
Mouse_Thymus2,68_10,5,14638.0,14071.0
Mouse_Thymus2,112_56,4,19038.0,18671.0
Mouse_Thymus2,90_42,5,16838.0,17271.0
Mouse_Thymus2,59_35,2,13738.0,16571.0
Mouse_Thymus2,44_35,5,12238.0,16571.0
Mouse_Thymus2,96_50,5,17438.0,18071.0
Mouse_Thymus2,73_25,2,15138.0,15571.0
Mouse_Thymus2,111_37,2,18938.0,16771.0
Mouse_Thymus2,80_4,5,15838.0,13471.0
Mouse_Thymus2,93_48,4,17138.0,17871.0
Mouse_Thymus2,41_52,5,11938.0,18271.0
Mouse_Thymus2,17_46,2,9538.0,17671.0
Mouse_Thymus2,58_29,1,13638.0,15971.0
Mouse_Thymus2,60_33,2,13838.0,16371.0
Mouse_Thymus2,68_29,4,14638.0,15971.0
Mouse_Thymus2,51_31,1,12938.0,16171.0
Mouse_Thymus2,67_18,2,14538.0,14871.0
Mouse_Thymus2,6_44,5,8438.0,17471.0
Mouse_Thymus2,114_36,5,19238.0,16671.0
Mouse_Thymus2,38_50,5,11638.0,18071.0
Mouse_Thymus2,5_47,4,8338.0,17771.0
Mouse_Thymus2,58_41,5,13638.0,17171.0
Mouse_Thymus2,102_22,5,18038.0,15271.0
Mouse_Thymus2,80_26,1,15838.0,15671.0
Mouse_Thymus2,107_52,5,18538.0,18271.0
Mouse_Thymus2,93_45,5,17138.0,17571.0
Mouse_Thymus2,91_35,5,16938.0,16571.0
Mouse_Thymus2,68_8,5,14638.0,13871.0
Mouse_Thymus2,101_43,4,17938.0,17371.0
Mouse_Thymus2,102_55,5,18038.0,18571.0
Mouse_Thymus2,67_29,5,14538.0,15971.0
Mouse_Thymus2,62_24,1,14038.0,15471.0
Mouse_Thymus2,45_45,2,12338.0,17571.0
Mouse_Thymus2,26_45,2,10438.0,17571.0
Mouse_Thymus2,115_61,5,19338.0,19171.0
Mouse_Thymus2,96_49,5,17438.0,17971.0
Mouse_Thymus2,96_58,5,17438.0,18871.0
Mouse_Thymus2,71_39,2,14938.0,16971.0
Mouse_Thymus2,82_9,4,16038.0,13971.0
Mouse_Thymus2,126_70,7,20438.0,20071.0
Mouse_Thymus2,29_55,5,10738.0,18571.0
Mouse_Thymus2,51_34,1,12938.0,16471.0
Mouse_Thymus2,52_40,2,13038.0,17071.0
Mouse_Thymus2,38_48,1,11638.0,17871.0
Mouse_Thymus2,10_50,4,8838.0,18071.0
Mouse_Thymus2,101_33,4,17938.0,16371.0
Mouse_Thymus2,34_29,5,11238.0,15971.0
Mouse_Thymus2,117_52,1,19538.0,18271.0
Mouse_Thymus2,117_45,4,19538.0,17571.0
Mouse_Thymus2,49_44,5,12738.0,17471.0
Mouse_Thymus2,105_42,2,18338.0,17271.0
Mouse_Thymus2,45_21,5,12338.0,15171.0
Mouse_Thymus2,111_52,5,18938.0,18271.0
Mouse_Thymus2,51_38,2,12938.0,16871.0
Mouse_Thymus2,9_47,5,8738.0,17771.0
Mouse_Thymus2,120_42,4,19838.0,17271.0
Mouse_Thymus2,101_44,4,17938.0,17471.0
Mouse_Thymus2,8_43,5,8638.0,17371.0
Mouse_Thymus2,106_50,5,18438.0,18071.0
Mouse_Thymus2,57_35,2,13538.0,16571.0
Mouse_Thymus2,94_53,4,17238.0,18371.0
Mouse_Thymus2,76_16,4,15438.0,14671.0
Mouse_Thymus2,108_41,2,18638.0,17171.0
Mouse_Thymus2,31_41,1,10938.0,17171.0
Mouse_Thymus2,50_41,2,12838.0,17171.0
Mouse_Thymus2,66_35,2,14438.0,16571.0
Mouse_Thymus2,65_25,4,14338.0,15571.0
Mouse_Thymus2,50_46,1,12838.0,17671.0
Mouse_Thymus2,95_41,4,17338.0,17171.0
Mouse_Thymus2,88_44,5,16638.0,17471.0
Mouse_Thymus2,84_22,2,16238.0,15271.0
Mouse_Thymus2,116_53,5,19438.0,18371.0
Mouse_Thymus2,88_51,4,16638.0,18171.0
Mouse_Thymus2,60_29,2,13838.0,15971.0
Mouse_Thymus2,118_60,2,19638.0,19071.0
Mouse_Thymus2,108_43,1,18638.0,17371.0
Mouse_Thymus2,23_50,1,10138.0,18071.0
Mouse_Thymus2,42_18,7,12038.0,14871.0
Mouse_Thymus2,105_23,5,18338.0,15371.0
Mouse_Thymus2,82_25,4,16038.0,15571.0
Mouse_Thymus2,61_20,1,13938.0,15071.0
Mouse_Thymus2,86_12,1,16438.0,14271.0
Mouse_Thymus2,88_36,5,16638.0,16671.0
Mouse_Thymus2,100_12,5,17838.0,14271.0
Mouse_Thymus2,24_37,5,10238.0,16771.0
Mouse_Thymus2,96_41,5,17438.0,17171.0
Mouse_Thymus2,44_29,2,12238.0,15971.0
Mouse_Thymus2,78_38,1,15638.0,16871.0
Mouse_Thymus2,80_41,2,15838.0,17171.0
Mouse_Thymus2,83_43,4,16138.0,17371.0
Mouse_Thymus2,43_25,5,12138.0,15571.0
Mouse_Thymus2,20_38,5,9838.0,16871.0
Mouse_Thymus2,28_47,2,10638.0,17771.0
Mouse_Thymus2,90_23,2,16838.0,15371.0
Mouse_Thymus2,85_4,5,16338.0,13471.0
Mouse_Thymus2,78_5,5,15638.0,13571.0
Mouse_Thymus2,16_47,2,9438.0,17771.0
Mouse_Thymus2,57_26,2,13538.0,15671.0
Mouse_Thymus2,77_4,5,15538.0,13471.0
Mouse_Thymus2,33_40,1,11138.0,17071.0
Mouse_Thymus2,80_29,5,15838.0,15971.0
Mouse_Thymus2,50_16,5,12838.0,14671.0
Mouse_Thymus2,34_30,1,11238.0,16071.0
Mouse_Thymus2,73_32,1,15138.0,16271.0
Mouse_Thymus2,70_21,2,14838.0,15171.0
Mouse_Thymus2,61_38,5,13938.0,16871.0
Mouse_Thymus2,80_46,4,15838.0,17671.0
Mouse_Thymus2,26_37,1,10438.0,16771.0
Mouse_Thymus2,25_38,5,10338.0,16871.0
Mouse_Thymus2,44_42,2,12238.0,17271.0
Mouse_Thymus2,88_42,5,16638.0,17271.0
Mouse_Thymus2,92_43,4,17038.0,17371.0
Mouse_Thymus2,47_31,1,12538.0,16171.0
Mouse_Thymus2,85_28,2,16338.0,15871.0
Mouse_Thymus2,97_14,4,17538.0,14471.0
Mouse_Thymus2,28_54,5,10638.0,18471.0
Mouse_Thymus2,74_18,5,15238.0,14871.0
Mouse_Thymus2,86_13,1,16438.0,14371.0
Mouse_Thymus2,75_39,2,15338.0,16971.0
Mouse_Thymus2,103_49,5,18138.0,17971.0
Mouse_Thymus2,112_53,5,19038.0,18371.0
Mouse_Thymus2,114_37,5,19238.0,16771.0
Mouse_Thymus2,92_30,5,17038.0,16071.0
Mouse_Thymus2,75_32,2,15338.0,16271.0
Mouse_Thymus2,52_24,5,13038.0,15471.0
Mouse_Thymus2,100_35,2,17838.0,16571.0
Mouse_Thymus2,51_21,4,12938.0,15171.0
Mouse_Thymus2,113_55,4,19138.0,18571.0
Mouse_Thymus2,98_26,2,17638.0,15671.0
Mouse_Thymus2,81_13,5,15938.0,14371.0
Mouse_Thymus2,87_19,2,16538.0,14971.0
Mouse_Thymus2,83_17,2,16138.0,14771.0
Mouse_Thymus2,108_38,2,18638.0,16871.0
Mouse_Thymus2,9_41,4,8738.0,17171.0
Mouse_Thymus2,60_16,5,13838.0,14671.0
Mouse_Thymus2,91_7,4,16938.0,13771.0
Mouse_Thymus2,39_23,5,11738.0,15371.0
Mouse_Thymus2,47_25,4,12538.0,15571.0
Mouse_Thymus2,90_29,4,16838.0,15971.0
Mouse_Thymus2,37_51,5,11538.0,18171.0
Mouse_Thymus2,64_28,2,14238.0,15871.0
Mouse_Thymus2,40_48,5,11838.0,17871.0
Mouse_Thymus2,84_46,4,16238.0,17671.0
Mouse_Thymus2,18_45,2,9638.0,17571.0
Mouse_Thymus2,18_49,5,9638.0,17971.0
Mouse_Thymus2,43_46,2,12138.0,17671.0
Mouse_Thymus2,96_57,5,17438.0,18771.0
Mouse_Thymus2,72_38,2,15038.0,16871.0
Mouse_Thymus2,114_53,5,19238.0,18371.0
Mouse_Thymus2,102_51,4,18038.0,18171.0
Mouse_Thymus2,71_34,4,14938.0,16471.0
Mouse_Thymus2,121_55,1,19938.0,18571.0
Mouse_Thymus2,67_25,2,14538.0,15571.0
Mouse_Thymus2,89_37,5,16738.0,16771.0
Mouse_Thymus2,49_47,1,12738.0,17771.0
Mouse_Thymus2,87_55,5,16538.0,18571.0
Mouse_Thymus2,64_14,4,14238.0,14471.0
Mouse_Thymus2,34_25,5,11238.0,15571.0
Mouse_Thymus2,78_40,2,15638.0,17071.0
Mouse_Thymus2,88_25,4,16638.0,15571.0
Mouse_Thymus2,29_56,5,10738.0,18671.0
Mouse_Thymus2,100_21,2,17838.0,15171.0
Mouse_Thymus2,26_33,7,10438.0,16371.0
Mouse_Thymus2,31_25,4,10938.0,15571.0
Mouse_Thymus2,116_45,2,19438.0,17571.0
Mouse_Thymus2,23_48,2,10138.0,17871.0
Mouse_Thymus2,115_58,4,19338.0,18871.0
Mouse_Thymus2,64_40,5,14238.0,17071.0
Mouse_Thymus2,111_38,2,18938.0,16871.0
Mouse_Thymus2,51_33,1,12938.0,16371.0
Mouse_Thymus2,115_42,1,19338.0,17271.0
Mouse_Thymus2,37_45,2,11538.0,17571.0
Mouse_Thymus2,97_25,2,17538.0,15571.0
Mouse_Thymus2,66_36,2,14438.0,16671.0
Mouse_Thymus2,45_44,2,12338.0,17471.0
Mouse_Thymus2,49_30,2,12738.0,16071.0
Mouse_Thymus2,5_46,5,8338.0,17671.0
Mouse_Thymus2,94_42,5,17238.0,17271.0
Mouse_Thymus2,73_28,2,15138.0,15871.0
Mouse_Thymus2,88_58,5,16638.0,18871.0
Mouse_Thymus2,28_46,2,10638.0,17671.0
Mouse_Thymus2,111_40,2,18938.0,17071.0
Mouse_Thymus2,91_44,5,16938.0,17471.0
Mouse_Thymus2,112_49,1,19038.0,17971.0
Mouse_Thymus2,27_56,5,10538.0,18671.0
Mouse_Thymus2,113_47,1,19138.0,17771.0
Mouse_Thymus2,98_28,1,17638.0,15871.0
Mouse_Thymus2,29_50,5,10738.0,18071.0
Mouse_Thymus2,77_36,2,15538.0,16671.0
Mouse_Thymus2,79_3,4,15738.0,13371.0
Mouse_Thymus2,82_54,7,16038.0,18471.0
Mouse_Thymus2,41_40,2,11938.0,17071.0
Mouse_Thymus2,90_56,5,16838.0,18671.0
Mouse_Thymus2,108_48,5,18638.0,17871.0
Mouse_Thymus2,29_33,1,10738.0,16371.0
Mouse_Thymus2,95_42,4,17338.0,17271.0
Mouse_Thymus2,97_8,5,17538.0,13871.0
Mouse_Thymus2,62_40,1,14038.0,17071.0
Mouse_Thymus2,77_16,4,15538.0,14671.0
Mouse_Thymus2,46_29,2,12438.0,15971.0
Mouse_Thymus2,95_59,5,17338.0,18971.0
Mouse_Thymus2,119_55,2,19738.0,18571.0
Mouse_Thymus2,115_64,5,19338.0,19471.0
Mouse_Thymus2,105_39,2,18338.0,16971.0
Mouse_Thymus2,70_31,1,14838.0,16171.0
Mouse_Thymus2,81_9,5,15938.0,13971.0
Mouse_Thymus2,96_47,4,17438.0,17771.0
Mouse_Thymus2,55_17,4,13338.0,14771.0
Mouse_Thymus2,61_34,2,13938.0,16471.0
Mouse_Thymus2,108_52,5,18638.0,18271.0
Mouse_Thymus2,76_11,5,15438.0,14171.0
Mouse_Thymus2,14_42,4,9238.0,17271.0
Mouse_Thymus2,53_16,4,13138.0,14671.0
Mouse_Thymus2,93_36,5,17138.0,16671.0
Mouse_Thymus2,49_35,5,12738.0,16571.0
Mouse_Thymus2,49_26,2,12738.0,15671.0
Mouse_Thymus2,30_40,1,10838.0,17071.0
Mouse_Thymus2,42_32,4,12038.0,16271.0
Mouse_Thymus2,86_3,5,16438.0,13371.0
Mouse_Thymus2,15_50,5,9338.0,18071.0
Mouse_Thymus2,82_1,4,16038.0,13171.0
Mouse_Thymus2,69_2,7,14738.0,13271.0
Mouse_Thymus2,117_43,5,19538.0,17371.0
Mouse_Thymus2,9_42,5,8738.0,17271.0
Mouse_Thymus2,79_48,5,15738.0,17871.0
Mouse_Thymus2,92_31,5,17038.0,16171.0
Mouse_Thymus2,39_33,5,11738.0,16371.0
Mouse_Thymus2,85_11,5,16338.0,14171.0
Mouse_Thymus2,23_55,5,10138.0,18571.0
Mouse_Thymus2,100_23,2,17838.0,15371.0
Mouse_Thymus2,84_1,5,16238.0,13171.0
Mouse_Thymus2,41_19,7,11938.0,14971.0
Mouse_Thymus2,122_70,5,20038.0,20071.0
Mouse_Thymus2,56_38,1,13438.0,16871.0
Mouse_Thymus2,75_46,5,15338.0,17671.0
Mouse_Thymus2,74_12,5,15238.0,14271.0
Mouse_Thymus2,99_24,2,17738.0,15471.0
Mouse_Thymus2,43_21,5,12138.0,15171.0
Mouse_Thymus2,113_33,5,19138.0,16371.0
Mouse_Thymus2,42_41,2,12038.0,17171.0
Mouse_Thymus2,101_18,5,17938.0,14871.0
Mouse_Thymus2,99_39,2,17738.0,16971.0
Mouse_Thymus2,92_19,2,17038.0,14971.0
Mouse_Thymus2,115_56,5,19338.0,18671.0
Mouse_Thymus2,24_54,5,10238.0,18471.0
Mouse_Thymus2,79_31,2,15738.0,16171.0
Mouse_Thymus2,83_18,2,16138.0,14871.0
Mouse_Thymus2,51_20,4,12938.0,15071.0
Mouse_Thymus2,71_44,5,14938.0,17471.0
Mouse_Thymus2,25_55,5,10338.0,18571.0
Mouse_Thymus2,94_18,4,17238.0,14871.0
Mouse_Thymus2,108_35,2,18638.0,16571.0
Mouse_Thymus2,14_45,2,9238.0,17571.0
Mouse_Thymus2,111_33,5,18938.0,16371.0
Mouse_Thymus2,119_62,1,19738.0,19271.0
Mouse_Thymus2,76_36,2,15438.0,16671.0
Mouse_Thymus2,88_4,5,16638.0,13471.0
Mouse_Thymus2,108_24,4,18638.0,15471.0
Mouse_Thymus2,76_24,2,15438.0,15471.0
Mouse_Thymus2,13_45,2,9138.0,17571.0
Mouse_Thymus2,36_43,2,11438.0,17371.0
Mouse_Thymus2,41_44,2,11938.0,17471.0
Mouse_Thymus2,119_60,2,19738.0,19071.0
Mouse_Thymus2,68_11,1,14638.0,14171.0
Mouse_Thymus2,96_35,5,17438.0,16571.0
Mouse_Thymus2,93_10,5,17138.0,14071.0
Mouse_Thymus2,32_49,1,11038.0,17971.0
Mouse_Thymus2,63_15,2,14138.0,14571.0
Mouse_Thymus2,39_46,1,11738.0,17671.0
Mouse_Thymus2,98_44,5,17638.0,17471.0
Mouse_Thymus2,66_7,7,14438.0,13771.0
Mouse_Thymus2,78_17,5,15638.0,14771.0
Mouse_Thymus2,25_44,2,10338.0,17471.0
Mouse_Thymus2,19_55,7,9738.0,18571.0
Mouse_Thymus2,58_31,2,13638.0,16171.0
Mouse_Thymus2,84_17,2,16238.0,14771.0
Mouse_Thymus2,97_17,4,17538.0,14771.0
Mouse_Thymus2,101_34,1,17938.0,16471.0
Mouse_Thymus2,76_40,2,15438.0,17071.0
Mouse_Thymus2,122_58,5,20038.0,18871.0
Mouse_Thymus2,120_62,4,19838.0,19271.0
Mouse_Thymus2,17_50,4,9538.0,18071.0
Mouse_Thymus2,60_38,5,13838.0,16871.0
Mouse_Thymus2,121_70,5,19938.0,20071.0
Mouse_Thymus2,82_8,1,16038.0,13871.0
Mouse_Thymus2,34_50,5,11238.0,18071.0
Mouse_Thymus2,33_36,7,11138.0,16671.0
Mouse_Thymus2,95_21,1,17338.0,15171.0
Mouse_Thymus2,91_38,4,16938.0,16871.0
Mouse_Thymus2,35_39,4,11338.0,16971.0
Mouse_Thymus2,76_23,2,15438.0,15371.0
Mouse_Thymus2,58_18,5,13638.0,14871.0
Mouse_Thymus2,46_22,4,12438.0,15271.0
Mouse_Thymus2,44_22,5,12238.0,15271.0
Mouse_Thymus2,90_59,5,16838.0,18971.0
Mouse_Thymus2,67_34,2,14538.0,16471.0
Mouse_Thymus2,124_54,4,20238.0,18471.0
Mouse_Thymus2,98_59,5,17638.0,18971.0
Mouse_Thymus2,46_36,1,12438.0,16671.0
Mouse_Thymus2,57_33,2,13538.0,16371.0
Mouse_Thymus2,1_46,7,7938.0,17671.0
Mouse_Thymus2,42_48,5,12038.0,17871.0
Mouse_Thymus2,13_50,5,9138.0,18071.0
Mouse_Thymus2,34_38,5,11238.0,16871.0
Mouse_Thymus2,74_5,5,15238.0,13571.0
Mouse_Thymus2,112_58,5,19038.0,18871.0
Mouse_Thymus2,39_50,5,11738.0,18071.0
Mouse_Thymus2,26_54,5,10438.0,18471.0
Mouse_Thymus2,69_37,2,14738.0,16771.0
Mouse_Thymus2,96_28,4,17438.0,15871.0
Mouse_Thymus2,44_47,1,12238.0,17771.0
Mouse_Thymus2,50_44,5,12838.0,17471.0
Mouse_Thymus2,36_48,1,11438.0,17871.0
Mouse_Thymus2,91_10,5,16938.0,14071.0
Mouse_Thymus2,60_32,2,13838.0,16271.0
Mouse_Thymus2,22_42,5,10038.0,17271.0
Mouse_Thymus2,52_27,2,13038.0,15771.0
Mouse_Thymus2,65_9,5,14338.0,13971.0
Mouse_Thymus2,115_51,5,19338.0,18171.0
Mouse_Thymus2,49_18,5,12738.0,14871.0
Mouse_Thymus2,121_62,4,19938.0,19271.0
Mouse_Thymus2,79_36,2,15738.0,16671.0
Mouse_Thymus2,109_29,5,18738.0,15971.0
Mouse_Thymus2,17_40,5,9538.0,17071.0
Mouse_Thymus2,43_41,2,12138.0,17171.0
Mouse_Thymus2,52_23,5,13038.0,15371.0
Mouse_Thymus2,66_41,1,14438.0,17171.0
Mouse_Thymus2,30_38,5,10838.0,16871.0
Mouse_Thymus2,80_52,5,15838.0,18271.0
Mouse_Thymus2,71_12,5,14938.0,14271.0
Mouse_Thymus2,65_19,2,14338.0,14971.0
Mouse_Thymus2,103_18,5,18138.0,14871.0
Mouse_Thymus2,117_36,4,19538.0,16671.0
Mouse_Thymus2,38_38,1,11638.0,16871.0
Mouse_Thymus2,90_33,5,16838.0,16371.0
Mouse_Thymus2,77_12,1,15538.0,14271.0
Mouse_Thymus2,73_24,2,15138.0,15471.0
Mouse_Thymus2,79_4,5,15738.0,13471.0
Mouse_Thymus2,94_38,5,17238.0,16871.0
Mouse_Thymus2,71_41,5,14938.0,17171.0
Mouse_Thymus2,98_12,4,17638.0,14271.0
Mouse_Thymus2,22_43,2,10038.0,17371.0
Mouse_Thymus2,71_19,5,14938.0,14971.0
Mouse_Thymus2,99_34,2,17738.0,16471.0
Mouse_Thymus2,79_43,2,15738.0,17371.0
Mouse_Thymus2,70_12,4,14838.0,14271.0
Mouse_Thymus2,66_20,2,14438.0,15071.0
Mouse_Thymus2,5_45,5,8338.0,17571.0
Mouse_Thymus2,80_17,2,15838.0,14771.0
Mouse_Thymus2,93_29,4,17138.0,15971.0
Mouse_Thymus2,108_29,5,18638.0,15971.0
Mouse_Thymus2,103_23,5,18138.0,15371.0
Mouse_Thymus2,30_50,5,10838.0,18071.0
Mouse_Thymus2,61_17,4,13938.0,14771.0
Mouse_Thymus2,82_11,5,16038.0,14171.0
Mouse_Thymus2,87_51,5,16538.0,18171.0
Mouse_Thymus2,108_39,2,18638.0,16971.0
Mouse_Thymus2,64_17,5,14238.0,14771.0
Mouse_Thymus2,109_45,2,18738.0,17571.0
Mouse_Thymus2,8_45,2,8638.0,17571.0
Mouse_Thymus2,100_49,4,17838.0,17971.0
Mouse_Thymus2,62_30,2,14038.0,16071.0
Mouse_Thymus2,12_50,5,9038.0,18071.0
Mouse_Thymus2,124_62,5,20238.0,19271.0
Mouse_Thymus2,87_46,5,16538.0,17671.0
Mouse_Thymus2,69_16,4,14738.0,14671.0
Mouse_Thymus2,85_50,4,16338.0,18071.0
Mouse_Thymus2,97_40,5,17538.0,17071.0
Mouse_Thymus2,102_31,2,18038.0,16171.0
Mouse_Thymus2,96_36,5,17438.0,16671.0
Mouse_Thymus2,81_7,4,15938.0,13771.0
Mouse_Thymus2,119_48,5,19738.0,17871.0
Mouse_Thymus2,110_58,5,18838.0,18871.0
Mouse_Thymus2,87_50,5,16538.0,18071.0
Mouse_Thymus2,74_27,2,15238.0,15771.0
Mouse_Thymus2,119_61,2,19738.0,19171.0
Mouse_Thymus2,102_52,5,18038.0,18271.0
Mouse_Thymus2,50_25,1,12838.0,15571.0
Mouse_Thymus2,103_41,2,18138.0,17171.0
Mouse_Thymus2,108_32,5,18638.0,16271.0
Mouse_Thymus2,68_40,4,14638.0,17071.0
Mouse_Thymus2,101_50,4,17938.0,18071.0
Mouse_Thymus2,88_39,5,16638.0,16971.0
Mouse_Thymus2,67_38,4,14538.0,16871.0
Mouse_Thymus2,114_65,5,19238.0,19571.0
Mouse_Thymus2,24_47,2,10238.0,17771.0
Mouse_Thymus2,46_21,5,12438.0,15171.0
Mouse_Thymus2,48_26,2,12638.0,15671.0
Mouse_Thymus2,50_42,1,12838.0,17271.0
Mouse_Thymus2,84_40,5,16238.0,17071.0
Mouse_Thymus2,68_28,1,14638.0,15871.0
Mouse_Thymus2,100_30,4,17838.0,16071.0
Mouse_Thymus2,88_54,4,16638.0,18471.0
Mouse_Thymus2,66_37,1,14438.0,16771.0
Mouse_Thymus2,97_47,4,17538.0,17771.0
Mouse_Thymus2,78_3,4,15638.0,13371.0
Mouse_Thymus2,43_31,4,12138.0,16171.0
Mouse_Thymus2,93_59,5,17138.0,18971.0
Mouse_Thymus2,96_45,5,17438.0,17571.0
Mouse_Thymus2,102_59,4,18038.0,18971.0
Mouse_Thymus2,28_32,1,10638.0,16271.0
Mouse_Thymus2,25_51,1,10338.0,18171.0
Mouse_Thymus2,36_38,1,11438.0,16871.0
Mouse_Thymus2,124_67,1,20238.0,19771.0
Mouse_Thymus2,68_7,5,14638.0,13771.0
Mouse_Thymus2,78_50,1,15638.0,18071.0
Mouse_Thymus2,99_29,5,17738.0,15971.0
Mouse_Thymus2,102_30,2,18038.0,16071.0
Mouse_Thymus2,111_36,1,18938.0,16671.0
Mouse_Thymus2,50_18,1,12838.0,14871.0
Mouse_Thymus2,24_46,2,10238.0,17671.0
Mouse_Thymus2,96_16,5,17438.0,14671.0
Mouse_Thymus2,95_31,5,17338.0,16171.0
Mouse_Thymus2,54_19,1,13238.0,14971.0
Mouse_Thymus2,62_17,4,14038.0,14771.0
Mouse_Thymus2,112_40,2,19038.0,17071.0
Mouse_Thymus2,110_57,4,18838.0,18771.0
Mouse_Thymus2,106_39,2,18438.0,16971.0
Mouse_Thymus2,82_7,5,16038.0,13771.0
Mouse_Thymus2,83_40,5,16138.0,17071.0
Mouse_Thymus2,37_43,2,11538.0,17371.0
Mouse_Thymus2,57_18,5,13538.0,14871.0
Mouse_Thymus2,32_33,5,11038.0,16371.0
Mouse_Thymus2,58_19,4,13638.0,14971.0
Mouse_Thymus2,105_26,5,18338.0,15671.0
Mouse_Thymus2,64_22,2,14238.0,15271.0
Mouse_Thymus2,31_42,2,10938.0,17271.0
Mouse_Thymus2,120_70,4,19838.0,20071.0
Mouse_Thymus2,68_24,1,14638.0,15471.0
Mouse_Thymus2,29_38,5,10738.0,16871.0
Mouse_Thymus2,15_43,2,9338.0,17371.0
Mouse_Thymus2,32_26,5,11038.0,15671.0
Mouse_Thymus2,107_24,4,18538.0,15471.0
Mouse_Thymus2,41_46,2,11938.0,17671.0
Mouse_Thymus2,84_11,1,16238.0,14171.0
Mouse_Thymus2,64_41,7,14238.0,17171.0
Mouse_Thymus2,98_57,5,17638.0,18771.0
Mouse_Thymus2,103_51,4,18138.0,18171.0
Mouse_Thymus2,125_61,5,20338.0,19171.0
Mouse_Thymus2,28_52,5,10638.0,18271.0
Mouse_Thymus2,78_11,1,15638.0,14171.0
Mouse_Thymus2,31_56,7,10938.0,18671.0
Mouse_Thymus2,118_59,2,19638.0,18971.0
Mouse_Thymus2,75_15,5,15338.0,14571.0
Mouse_Thymus2,52_41,1,13038.0,17171.0
Mouse_Thymus2,89_10,5,16738.0,14071.0
Mouse_Thymus2,122_56,5,20038.0,18671.0
Mouse_Thymus2,81_51,5,15938.0,18171.0
Mouse_Thymus2,36_42,2,11438.0,17271.0
Mouse_Thymus2,98_11,2,17638.0,14171.0
Mouse_Thymus2,67_7,7,14538.0,13771.0
Mouse_Thymus2,105_32,2,18338.0,16271.0
Mouse_Thymus2,43_51,7,12138.0,18171.0
Mouse_Thymus2,58_24,2,13638.0,15471.0
Mouse_Thymus2,60_23,2,13838.0,15371.0
Mouse_Thymus2,49_38,2,12738.0,16871.0
Mouse_Thymus2,93_43,4,17138.0,17371.0
Mouse_Thymus2,115_40,5,19338.0,17071.0
Mouse_Thymus2,61_31,2,13938.0,16171.0
Mouse_Thymus2,102_49,4,18038.0,17971.0
Mouse_Thymus2,4_47,1,8238.0,17771.0
Mouse_Thymus2,117_41,5,19538.0,17171.0
Mouse_Thymus2,25_36,5,10338.0,16671.0
Mouse_Thymus2,116_65,5,19438.0,19571.0
Mouse_Thymus2,53_24,5,13138.0,15471.0
Mouse_Thymus2,71_16,5,14938.0,14671.0
Mouse_Thymus2,111_45,2,18938.0,17571.0
Mouse_Thymus2,35_54,5,11338.0,18471.0
Mouse_Thymus2,29_53,5,10738.0,18371.0
Mouse_Thymus2,75_18,4,15338.0,14871.0
Mouse_Thymus2,103_29,2,18138.0,15971.0
Mouse_Thymus2,116_58,1,19438.0,18871.0
Mouse_Thymus2,120_43,4,19838.0,17371.0
Mouse_Thymus2,92_21,2,17038.0,15171.0
Mouse_Thymus2,72_20,1,15038.0,15071.0
Mouse_Thymus2,113_34,5,19138.0,16471.0
Mouse_Thymus2,87_52,5,16538.0,18271.0
Mouse_Thymus2,90_11,5,16838.0,14171.0
Mouse_Thymus2,46_28,2,12438.0,15871.0
Mouse_Thymus2,103_22,5,18138.0,15271.0
Mouse_Thymus2,40_29,4,11838.0,15971.0
Mouse_Thymus2,112_61,5,19038.0,19171.0
Mouse_Thymus2,48_47,5,12638.0,17771.0
Mouse_Thymus2,48_32,1,12638.0,16271.0
Mouse_Thymus2,81_41,2,15938.0,17171.0
Mouse_Thymus2,99_43,5,17738.0,17371.0
Mouse_Thymus2,34_46,2,11238.0,17671.0
Mouse_Thymus2,36_49,1,11438.0,17971.0
Mouse_Thymus2,103_31,2,18138.0,16171.0
Mouse_Thymus2,38_47,1,11638.0,17771.0
Mouse_Thymus2,2_47,1,8038.0,17771.0
Mouse_Thymus2,60_34,2,13838.0,16471.0
Mouse_Thymus2,75_16,5,15338.0,14671.0
Mouse_Thymus2,83_30,5,16138.0,16071.0
Mouse_Thymus2,114_48,1,19238.0,17871.0
Mouse_Thymus2,40_51,5,11838.0,18171.0
Mouse_Thymus2,34_39,4,11238.0,16971.0
Mouse_Thymus2,52_30,5,13038.0,16071.0
Mouse_Thymus2,63_33,2,14138.0,16371.0
Mouse_Thymus2,119_59,2,19738.0,18971.0
Mouse_Thymus2,53_23,5,13138.0,15371.0
Mouse_Thymus2,103_19,5,18138.0,14971.0
Mouse_Thymus2,18_50,5,9638.0,18071.0
Mouse_Thymus2,117_63,5,19538.0,19371.0
Mouse_Thymus2,39_51,4,11738.0,18171.0
Mouse_Thymus2,95_27,2,17338.0,15771.0
Mouse_Thymus2,70_32,4,14838.0,16271.0
Mouse_Thymus2,94_28,2,17238.0,15871.0
Mouse_Thymus2,20_51,4,9838.0,18171.0
Mouse_Thymus2,119_46,5,19738.0,17671.0
Mouse_Thymus2,26_47,2,10438.0,17771.0
Mouse_Thymus2,59_24,2,13738.0,15471.0
Mouse_Thymus2,73_20,5,15138.0,15071.0
Mouse_Thymus2,91_25,2,16938.0,15571.0
Mouse_Thymus2,112_60,1,19038.0,19071.0
Mouse_Thymus2,103_17,7,18138.0,14771.0
Mouse_Thymus2,81_25,4,15938.0,15571.0
Mouse_Thymus2,47_34,1,12538.0,16471.0
Mouse_Thymus2,28_51,5,10638.0,18171.0
Mouse_Thymus2,41_38,2,11938.0,16871.0
Mouse_Thymus2,88_32,4,16638.0,16271.0
Mouse_Thymus2,88_19,2,16638.0,14971.0
Mouse_Thymus2,100_13,5,17838.0,14371.0
Mouse_Thymus2,82_39,4,16038.0,16971.0
Mouse_Thymus2,62_13,5,14038.0,14371.0
Mouse_Thymus2,26_46,2,10438.0,17671.0
Mouse_Thymus2,41_23,5,11938.0,15371.0
Mouse_Thymus2,83_41,1,16138.0,17171.0
Mouse_Thymus2,90_7,5,16838.0,13771.0
Mouse_Thymus2,115_59,5,19338.0,18971.0
Mouse_Thymus2,123_71,5,20138.0,20171.0
Mouse_Thymus2,104_23,5,18238.0,15371.0
Mouse_Thymus2,123_60,5,20138.0,19071.0
Mouse_Thymus2,104_25,5,18238.0,15571.0
Mouse_Thymus2,80_53,7,15838.0,18371.0
Mouse_Thymus2,100_57,5,17838.0,18771.0
Mouse_Thymus2,89_30,4,16738.0,16071.0
Mouse_Thymus2,88_13,2,16638.0,14371.0
Mouse_Thymus2,77_10,5,15538.0,14071.0
Mouse_Thymus2,106_54,4,18438.0,18471.0
Mouse_Thymus2,104_27,1,18238.0,15771.0
Mouse_Thymus2,111_48,1,18938.0,17871.0
Mouse_Thymus2,66_21,2,14438.0,15171.0
Mouse_Thymus2,67_6,7,14538.0,13671.0
Mouse_Thymus2,52_16,4,13038.0,14671.0
Mouse_Thymus2,116_54,5,19438.0,18471.0
Mouse_Thymus2,70_36,2,14838.0,16671.0
Mouse_Thymus2,80_6,5,15838.0,13671.0
Mouse_Thymus2,61_14,5,13938.0,14471.0
Mouse_Thymus2,16_48,4,9438.0,17871.0
Mouse_Thymus2,78_20,2,15638.0,15071.0
Mouse_Thymus2,23_40,5,10138.0,17071.0
Mouse_Thymus2,29_32,1,10738.0,16271.0
Mouse_Thymus2,88_23,1,16638.0,15371.0
Mouse_Thymus2,28_42,2,10638.0,17271.0
Mouse_Thymus2,57_19,4,13538.0,14971.0
Mouse_Thymus2,13_44,2,9138.0,17471.0
Mouse_Thymus2,42_21,5,12038.0,15171.0
Mouse_Thymus2,77_29,2,15538.0,15971.0
Mouse_Thymus2,108_27,5,18638.0,15771.0
Mouse_Thymus2,58_35,2,13638.0,16571.0
Mouse_Thymus2,82_16,2,16038.0,14671.0
Mouse_Thymus2,56_18,4,13438.0,14871.0
Mouse_Thymus2,113_60,5,19138.0,19071.0
Mouse_Thymus2,69_33,2,14738.0,16371.0
Mouse_Thymus2,35_28,5,11338.0,15871.0
Mouse_Thymus2,96_34,4,17438.0,16471.0
Mouse_Thymus2,17_53,4,9538.0,18371.0
Mouse_Thymus2,87_33,4,16538.0,16371.0
Mouse_Thymus2,67_28,5,14538.0,15871.0
Mouse_Thymus2,45_18,5,12338.0,14871.0
Mouse_Thymus2,120_68,5,19838.0,19871.0
Mouse_Thymus2,56_20,4,13438.0,15071.0
Mouse_Thymus2,111_43,2,18938.0,17371.0
Mouse_Thymus2,107_33,1,18538.0,16371.0
Mouse_Thymus2,117_48,2,19538.0,17871.0
Mouse_Thymus2,80_19,2,15838.0,14971.0
Mouse_Thymus2,56_14,5,13438.0,14471.0
Mouse_Thymus2,8_41,4,8638.0,17171.0
Mouse_Thymus2,105_25,5,18338.0,15571.0
Mouse_Thymus2,14_43,2,9238.0,17371.0
Mouse_Thymus2,37_24,5,11538.0,15471.0
Mouse_Thymus2,14_40,5,9238.0,17071.0
Mouse_Thymus2,53_37,2,13138.0,16771.0
Mouse_Thymus2,81_6,5,15938.0,13671.0
Mouse_Thymus2,84_28,2,16238.0,15871.0
Mouse_Thymus2,92_57,5,17038.0,18771.0
Mouse_Thymus2,48_41,2,12638.0,17171.0
Mouse_Thymus2,35_27,4,11338.0,15771.0
Mouse_Thymus2,51_23,4,12938.0,15371.0
Mouse_Thymus2,17_38,1,9538.0,16871.0
Mouse_Thymus2,69_15,5,14738.0,14571.0
Mouse_Thymus2,58_33,2,13638.0,16371.0
Mouse_Thymus2,19_45,2,9738.0,17571.0
Mouse_Thymus2,104_52,4,18238.0,18271.0
Mouse_Thymus2,34_42,2,11238.0,17271.0
Mouse_Thymus2,44_28,2,12238.0,15871.0
Mouse_Thymus2,119_47,5,19738.0,17771.0
Mouse_Thymus2,87_9,4,16538.0,13971.0
Mouse_Thymus2,91_37,4,16938.0,16771.0
Mouse_Thymus2,40_28,1,11838.0,15871.0
Mouse_Thymus2,106_47,5,18438.0,17771.0
Mouse_Thymus2,53_18,4,13138.0,14871.0
Mouse_Thymus2,32_31,1,11038.0,16171.0
Mouse_Thymus2,86_36,5,16438.0,16671.0
Mouse_Thymus2,76_10,5,15438.0,14071.0
Mouse_Thymus2,86_11,5,16438.0,14171.0
Mouse_Thymus2,63_11,5,14138.0,14171.0
Mouse_Thymus2,125_67,1,20338.0,19771.0
Mouse_Thymus2,83_39,1,16138.0,16971.0
Mouse_Thymus2,119_53,2,19738.0,18371.0
Mouse_Thymus2,104_51,5,18238.0,18171.0
Mouse_Thymus2,69_31,4,14738.0,16171.0
Mouse_Thymus2,110_35,4,18838.0,16571.0
Mouse_Thymus2,81_14,4,15938.0,14471.0
Mouse_Thymus2,94_12,5,17238.0,14271.0
Mouse_Thymus2,90_30,5,16838.0,16071.0
Mouse_Thymus2,76_17,5,15438.0,14771.0
Mouse_Thymus2,74_23,2,15238.0,15371.0
Mouse_Thymus2,66_8,5,14438.0,13871.0
Mouse_Thymus2,53_30,4,13138.0,16071.0
Mouse_Thymus2,97_6,4,17538.0,13671.0
Mouse_Thymus2,85_19,2,16338.0,14971.0
Mouse_Thymus2,37_34,5,11538.0,16471.0
Mouse_Thymus2,70_15,4,14838.0,14571.0
Mouse_Thymus2,75_6,5,15338.0,13671.0
Mouse_Thymus2,97_9,5,17538.0,13971.0
Mouse_Thymus2,102_60,1,18038.0,19071.0
Mouse_Thymus2,101_56,5,17938.0,18671.0
Mouse_Thymus2,81_0,4,15938.0,13071.0
Mouse_Thymus2,80_37,2,15838.0,16771.0
Mouse_Thymus2,28_36,5,10638.0,16671.0
Mouse_Thymus2,85_53,5,16338.0,18371.0
Mouse_Thymus2,72_3,5,15038.0,13371.0
Mouse_Thymus2,57_32,2,13538.0,16271.0
Mouse_Thymus2,93_56,5,17138.0,18671.0
Mouse_Thymus2,47_45,1,12538.0,17571.0
Mouse_Thymus2,112_62,1,19038.0,19271.0
Mouse_Thymus2,96_12,5,17438.0,14271.0
Mouse_Thymus2,70_34,2,14838.0,16471.0
Mouse_Thymus2,31_31,7,10938.0,16171.0
Mouse_Thymus2,47_41,2,12538.0,17171.0
Mouse_Thymus2,117_65,5,19538.0,19571.0
Mouse_Thymus2,52_20,4,13038.0,15071.0
Mouse_Thymus2,79_44,2,15738.0,17471.0
Mouse_Thymus2,107_29,5,18538.0,15971.0
Mouse_Thymus2,60_18,4,13838.0,14871.0
Mouse_Thymus2,86_39,5,16438.0,16971.0
Mouse_Thymus2,36_31,1,11438.0,16171.0
Mouse_Thymus3,110_38,1,17188.0,14478.0
Mouse_Thymus3,48_23,1,10988.0,12978.0
Mouse_Thymus3,71_20,1,13288.0,12678.0
Mouse_Thymus3,94_54,5,15588.0,16078.0
Mouse_Thymus3,108_57,4,16988.0,16378.0
Mouse_Thymus3,94_23,2,15588.0,12978.0
Mouse_Thymus3,69_34,4,13088.0,14078.0
Mouse_Thymus3,13_51,2,7488.0,15778.0
Mouse_Thymus3,104_42,2,16588.0,14878.0
Mouse_Thymus3,115_65,5,17688.0,17178.0
Mouse_Thymus3,111_42,2,17288.0,14878.0
Mouse_Thymus3,63_20,2,12488.0,12678.0
Mouse_Thymus3,17_39,5,7888.0,14578.0
Mouse_Thymus3,9_46,5,7088.0,15278.0
Mouse_Thymus3,89_44,5,15088.0,15078.0
Mouse_Thymus3,99_40,2,16088.0,14678.0
Mouse_Thymus3,82_0,7,14388.0,10678.0
Mouse_Thymus3,72_27,2,13388.0,13378.0
Mouse_Thymus3,64_27,1,12588.0,13378.0
Mouse_Thymus3,78_46,5,13988.0,15278.0
Mouse_Thymus3,58_43,4,11988.0,14978.0
Mouse_Thymus3,66_45,5,12788.0,15178.0
Mouse_Thymus3,89_14,4,15088.0,12078.0
Mouse_Thymus3,78_8,5,13988.0,11478.0
Mouse_Thymus3,78_18,2,13988.0,12478.0
Mouse_Thymus3,21_59,5,8288.0,16578.0
Mouse_Thymus3,96_24,2,15788.0,13078.0
Mouse_Thymus3,63_29,1,12488.0,13578.0
Mouse_Thymus3,88_9,5,14988.0,11578.0
Mouse_Thymus3,53_31,2,11488.0,13778.0
Mouse_Thymus3,88_49,5,14988.0,15578.0
Mouse_Thymus3,45_38,2,10688.0,14478.0
Mouse_Thymus3,117_46,5,17888.0,15278.0
Mouse_Thymus3,29_46,2,9088.0,15278.0
Mouse_Thymus3,87_26,1,14888.0,13278.0
Mouse_Thymus3,75_26,2,13688.0,13278.0
Mouse_Thymus3,55_23,1,11688.0,12978.0
Mouse_Thymus3,67_32,4,12888.0,13878.0
Mouse_Thymus3,78_12,1,13988.0,11878.0
Mouse_Thymus3,115_52,5,17688.0,15878.0
Mouse_Thymus3,94_31,5,15588.0,13778.0
Mouse_Thymus3,0_47,1,6188.0,15378.0
Mouse_Thymus3,68_47,4,12988.0,15378.0
Mouse_Thymus3,26_60,4,8788.0,16678.0
Mouse_Thymus3,109_39,2,17088.0,14578.0
Mouse_Thymus3,48_25,1,10988.0,13178.0
Mouse_Thymus3,111_50,5,17288.0,15678.0
Mouse_Thymus3,43_26,5,10488.0,13278.0
Mouse_Thymus3,94_52,4,15588.0,15878.0
Mouse_Thymus3,91_17,2,15288.0,12378.0
Mouse_Thymus3,25_32,7,8688.0,13878.0
Mouse_Thymus3,112_46,2,17388.0,15278.0
Mouse_Thymus3,37_55,5,9888.0,16178.0
Mouse_Thymus3,82_47,5,14388.0,15378.0
Mouse_Thymus3,83_4,4,14488.0,11078.0
Mouse_Thymus3,95_18,4,15688.0,12478.0
Mouse_Thymus3,79_19,2,14088.0,12578.0
Mouse_Thymus3,103_32,2,16488.0,13878.0
Mouse_Thymus3,61_41,4,12288.0,14778.0
Mouse_Thymus3,28_43,2,8988.0,14978.0
Mouse_Thymus3,65_7,4,12688.0,11378.0
Mouse_Thymus3,63_26,2,12488.0,13278.0
Mouse_Thymus3,118_46,5,17988.0,15278.0
Mouse_Thymus3,24_35,5,8588.0,14178.0
Mouse_Thymus3,46_33,1,10788.0,13978.0
Mouse_Thymus3,90_62,7,15188.0,16878.0
Mouse_Thymus3,68_50,7,12988.0,15678.0
Mouse_Thymus3,76_46,4,13788.0,15278.0
Mouse_Thymus3,78_36,5,13988.0,14278.0
Mouse_Thymus3,30_39,5,9188.0,14578.0
Mouse_Thymus3,88_37,5,14988.0,14378.0
Mouse_Thymus3,82_56,4,14388.0,16278.0
Mouse_Thymus3,79_25,7,14088.0,13178.0
Mouse_Thymus3,42_26,5,10388.0,13278.0
Mouse_Thymus3,93_28,5,15488.0,13478.0
Mouse_Thymus3,13_42,5,7488.0,14878.0
Mouse_Thymus3,42_39,1,10388.0,14578.0
Mouse_Thymus3,101_40,2,16288.0,14678.0
Mouse_Thymus3,26_59,5,8788.0,16578.0
Mouse_Thymus3,42_54,5,10388.0,16078.0
Mouse_Thymus3,29_58,5,9088.0,16478.0
Mouse_Thymus3,107_34,1,16888.0,14078.0
Mouse_Thymus3,63_41,4,12488.0,14778.0
Mouse_Thymus3,91_9,4,15288.0,11578.0
Mouse_Thymus3,90_10,5,15188.0,11678.0
Mouse_Thymus3,107_43,2,16888.0,14978.0
Mouse_Thymus3,26_34,5,8788.0,14078.0
Mouse_Thymus3,62_11,5,12388.0,11778.0
Mouse_Thymus3,59_29,7,12088.0,13578.0
Mouse_Thymus3,100_42,5,16188.0,14878.0
Mouse_Thymus3,94_41,4,15588.0,14778.0
Mouse_Thymus3,79_27,1,14088.0,13378.0
Mouse_Thymus3,95_33,2,15688.0,13978.0
Mouse_Thymus3,81_35,5,14288.0,14178.0
Mouse_Thymus3,72_9,1,13388.0,11578.0
Mouse_Thymus3,81_11,5,14288.0,11778.0
Mouse_Thymus3,22_55,5,8388.0,16178.0
Mouse_Thymus3,13_53,5,7488.0,15978.0
Mouse_Thymus3,88_33,4,14988.0,13978.0
Mouse_Thymus3,36_24,1,9788.0,13078.0
Mouse_Thymus3,56_16,5,11788.0,12278.0
Mouse_Thymus3,97_41,1,15888.0,14778.0
Mouse_Thymus3,83_36,5,14488.0,14278.0
Mouse_Thymus3,86_51,4,14788.0,15778.0
Mouse_Thymus3,39_38,5,10088.0,14478.0
Mouse_Thymus3,24_56,5,8588.0,16278.0
Mouse_Thymus3,99_58,5,16088.0,16478.0
Mouse_Thymus3,48_40,2,10988.0,14678.0
Mouse_Thymus3,9_56,7,7088.0,16278.0
Mouse_Thymus3,85_18,2,14688.0,12478.0
Mouse_Thymus3,82_52,5,14388.0,15878.0
Mouse_Thymus3,75_37,2,13688.0,14378.0
Mouse_Thymus3,65_29,4,12688.0,13578.0
Mouse_Thymus3,64_23,1,12588.0,12978.0
Mouse_Thymus3,93_46,4,15488.0,15278.0
Mouse_Thymus3,64_18,1,12588.0,12478.0
Mouse_Thymus3,10_46,1,7188.0,15278.0
Mouse_Thymus3,85_7,4,14688.0,11378.0
Mouse_Thymus3,33_25,5,9488.0,13178.0
Mouse_Thymus3,32_39,1,9388.0,14578.0
Mouse_Thymus3,88_45,5,14988.0,15178.0
Mouse_Thymus3,78_4,5,13988.0,11078.0
Mouse_Thymus3,21_44,5,8288.0,15078.0
Mouse_Thymus3,57_29,2,11888.0,13578.0
Mouse_Thymus3,84_10,5,14588.0,11678.0
Mouse_Thymus3,121_48,7,18288.0,15478.0
Mouse_Thymus3,92_33,2,15388.0,13978.0
Mouse_Thymus3,68_49,4,12988.0,15578.0
Mouse_Thymus3,83_7,5,14488.0,11378.0
Mouse_Thymus3,105_49,5,16688.0,15578.0
Mouse_Thymus3,103_28,5,16488.0,13478.0
Mouse_Thymus3,97_20,4,15888.0,12678.0
Mouse_Thymus3,72_32,2,13388.0,13878.0
Mouse_Thymus3,40_26,5,10188.0,13278.0
Mouse_Thymus3,91_48,5,15288.0,15478.0
Mouse_Thymus3,91_50,5,15288.0,15678.0
Mouse_Thymus3,78_47,4,13988.0,15378.0
Mouse_Thymus3,39_40,4,10088.0,14678.0
Mouse_Thymus3,59_44,5,12088.0,15078.0
Mouse_Thymus3,80_55,4,14188.0,16178.0
Mouse_Thymus3,79_26,5,14088.0,13278.0
Mouse_Thymus3,34_33,1,9588.0,13978.0
Mouse_Thymus3,31_47,2,9288.0,15378.0
Mouse_Thymus3,77_5,5,13888.0,11178.0
Mouse_Thymus3,67_22,2,12888.0,12878.0
Mouse_Thymus3,122_57,5,18388.0,16378.0
Mouse_Thymus3,92_20,1,15388.0,12678.0
Mouse_Thymus3,26_58,5,8788.0,16478.0
Mouse_Thymus3,18_43,5,7988.0,14978.0
Mouse_Thymus3,37_40,5,9888.0,14678.0
Mouse_Thymus3,21_42,5,8288.0,14878.0
Mouse_Thymus3,32_38,5,9388.0,14478.0
Mouse_Thymus3,43_32,2,10488.0,13878.0
Mouse_Thymus3,43_28,2,10488.0,13478.0
Mouse_Thymus3,86_55,5,14788.0,16178.0
Mouse_Thymus3,88_31,5,14988.0,13778.0
Mouse_Thymus3,89_32,1,15088.0,13878.0
Mouse_Thymus3,1_50,4,6288.0,15678.0
Mouse_Thymus3,29_48,2,9088.0,15478.0
Mouse_Thymus3,39_29,2,10088.0,13578.0
Mouse_Thymus3,98_15,5,15988.0,12178.0
Mouse_Thymus3,119_65,5,18088.0,17178.0
Mouse_Thymus3,115_60,4,17688.0,16678.0
Mouse_Thymus3,81_55,5,14288.0,16178.0
Mouse_Thymus3,27_36,5,8888.0,14278.0
Mouse_Thymus3,98_46,5,15988.0,15278.0
Mouse_Thymus3,101_28,2,16288.0,13478.0
Mouse_Thymus3,66_24,2,12788.0,13078.0
Mouse_Thymus3,54_16,4,11588.0,12278.0
Mouse_Thymus3,116_61,1,17788.0,16778.0
Mouse_Thymus3,86_15,2,14788.0,12178.0
Mouse_Thymus3,39_25,5,10088.0,13178.0
Mouse_Thymus3,95_49,1,15688.0,15578.0
Mouse_Thymus3,29_45,2,9088.0,15178.0
Mouse_Thymus3,108_46,1,16988.0,15278.0
Mouse_Thymus3,47_32,4,10888.0,13878.0
Mouse_Thymus3,89_5,5,15088.0,11178.0
Mouse_Thymus3,61_32,1,12288.0,13878.0
Mouse_Thymus3,17_45,1,7888.0,15178.0
Mouse_Thymus3,106_25,4,16788.0,13178.0
Mouse_Thymus3,42_33,1,10388.0,13978.0
Mouse_Thymus3,59_14,4,12088.0,12078.0
Mouse_Thymus3,68_35,4,12988.0,14178.0
Mouse_Thymus3,22_58,5,8388.0,16478.0
Mouse_Thymus3,79_17,2,14088.0,12378.0
Mouse_Thymus3,42_30,2,10388.0,13678.0
Mouse_Thymus3,79_52,4,14088.0,15878.0
Mouse_Thymus3,30_57,5,9188.0,16378.0
Mouse_Thymus3,31_45,2,9288.0,15178.0
Mouse_Thymus3,94_46,4,15588.0,15278.0
Mouse_Thymus3,99_45,4,16088.0,15178.0
Mouse_Thymus3,97_55,4,15888.0,16178.0
Mouse_Thymus3,76_53,4,13788.0,15978.0
Mouse_Thymus3,76_49,4,13788.0,15578.0
Mouse_Thymus3,85_15,2,14688.0,12178.0
Mouse_Thymus3,85_30,4,14688.0,13678.0
Mouse_Thymus3,29_59,5,9088.0,16578.0
Mouse_Thymus3,21_43,5,8288.0,14978.0
Mouse_Thymus3,67_39,1,12888.0,14578.0
Mouse_Thymus3,33_56,5,9488.0,16278.0
Mouse_Thymus3,84_49,5,14588.0,15578.0
Mouse_Thymus3,35_31,1,9688.0,13778.0
Mouse_Thymus3,46_35,1,10788.0,14178.0
Mouse_Thymus3,71_51,5,13288.0,15778.0
Mouse_Thymus3,38_30,1,9988.0,13678.0
Mouse_Thymus3,64_29,5,12588.0,13578.0
Mouse_Thymus3,44_18,1,10588.0,12478.0
Mouse_Thymus3,53_20,1,11488.0,12678.0
Mouse_Thymus3,116_38,4,17788.0,14478.0
Mouse_Thymus3,21_57,5,8288.0,16378.0
Mouse_Thymus3,91_27,1,15288.0,13378.0
Mouse_Thymus3,33_37,1,9488.0,14378.0
Mouse_Thymus3,116_52,2,17788.0,15878.0
Mouse_Thymus3,40_36,1,10188.0,14278.0
Mouse_Thymus3,75_10,5,13688.0,11678.0
Mouse_Thymus3,87_36,4,14888.0,14278.0
Mouse_Thymus3,84_34,5,14588.0,14078.0
Mouse_Thymus3,62_5,7,12388.0,11178.0
Mouse_Thymus3,100_22,5,16188.0,12878.0
Mouse_Thymus3,76_8,5,13788.0,11478.0
Mouse_Thymus3,92_48,5,15388.0,15478.0
Mouse_Thymus3,98_53,5,15988.0,15978.0
Mouse_Thymus3,97_22,2,15888.0,12878.0
Mouse_Thymus3,99_37,2,16088.0,14378.0
Mouse_Thymus3,92_11,5,15388.0,11778.0
Mouse_Thymus3,37_54,5,9888.0,16078.0
Mouse_Thymus3,60_22,2,12188.0,12878.0
Mouse_Thymus3,118_47,5,17988.0,15378.0
Mouse_Thymus3,88_27,1,14988.0,13378.0
Mouse_Thymus3,106_49,5,16788.0,15578.0
Mouse_Thymus3,29_49,2,9088.0,15578.0
Mouse_Thymus3,123_59,5,18488.0,16578.0
Mouse_Thymus3,80_23,2,14188.0,12978.0
Mouse_Thymus3,112_50,1,17388.0,15678.0
Mouse_Thymus3,41_48,2,10288.0,15478.0
Mouse_Thymus3,85_58,4,14688.0,16478.0
Mouse_Thymus3,48_18,5,10988.0,12478.0
Mouse_Thymus3,28_39,4,8988.0,14578.0
Mouse_Thymus3,53_14,4,11488.0,12078.0
Mouse_Thymus3,32_42,4,9388.0,14878.0
Mouse_Thymus3,106_52,5,16788.0,15878.0
Mouse_Thymus3,33_30,1,9488.0,13678.0
Mouse_Thymus3,50_43,5,11188.0,14978.0
Mouse_Thymus3,65_38,4,12688.0,14478.0
Mouse_Thymus3,65_16,5,12688.0,12278.0
Mouse_Thymus3,68_32,4,12988.0,13878.0
Mouse_Thymus3,111_31,4,17288.0,13778.0
Mouse_Thymus3,13_48,2,7488.0,15478.0
Mouse_Thymus3,50_20,5,11188.0,12678.0
Mouse_Thymus3,105_44,2,16688.0,15078.0
Mouse_Thymus3,47_26,4,10888.0,13278.0
Mouse_Thymus3,40_19,5,10188.0,12578.0
Mouse_Thymus3,27_30,5,8888.0,13678.0
Mouse_Thymus3,58_17,2,11988.0,12378.0
Mouse_Thymus3,22_49,2,8388.0,15578.0
Mouse_Thymus3,93_15,5,15488.0,12178.0
Mouse_Thymus3,118_54,2,17988.0,16078.0
Mouse_Thymus3,98_17,5,15988.0,12378.0
Mouse_Thymus3,94_58,5,15588.0,16478.0
Mouse_Thymus3,42_44,2,10388.0,15078.0
Mouse_Thymus3,115_46,2,17688.0,15278.0
Mouse_Thymus3,37_46,2,9888.0,15278.0
Mouse_Thymus3,87_56,5,14888.0,16278.0
Mouse_Thymus3,47_18,4,10888.0,12478.0
Mouse_Thymus3,81_48,4,14288.0,15478.0
Mouse_Thymus3,59_42,5,12088.0,14878.0
Mouse_Thymus3,123_69,5,18488.0,17578.0
Mouse_Thymus3,83_29,2,14488.0,13578.0
Mouse_Thymus3,8_44,5,6988.0,15078.0
Mouse_Thymus3,110_32,5,17188.0,13878.0
Mouse_Thymus3,67_3,5,12888.0,10978.0
Mouse_Thymus3,87_2,4,14888.0,10878.0
Mouse_Thymus3,67_40,1,12888.0,14678.0
Mouse_Thymus3,27_57,5,8888.0,16378.0
Mouse_Thymus3,74_7,1,13588.0,11378.0
Mouse_Thymus3,92_34,1,15388.0,14078.0
Mouse_Thymus3,43_40,2,10488.0,14678.0
Mouse_Thymus3,102_54,5,16388.0,16078.0
Mouse_Thymus3,44_17,1,10588.0,12378.0
Mouse_Thymus3,20_39,5,8188.0,14578.0
Mouse_Thymus3,94_37,5,15588.0,14378.0
Mouse_Thymus3,38_55,5,9988.0,16178.0
Mouse_Thymus3,30_49,2,9188.0,15578.0
Mouse_Thymus3,98_14,5,15988.0,12078.0
Mouse_Thymus3,110_61,5,17188.0,16778.0
Mouse_Thymus3,109_51,5,17088.0,15778.0
Mouse_Thymus3,19_52,4,8088.0,15878.0
Mouse_Thymus3,89_35,5,15088.0,14178.0
Mouse_Thymus3,106_24,1,16788.0,13078.0
Mouse_Thymus3,95_13,4,15688.0,11978.0
Mouse_Thymus3,91_21,1,15288.0,12778.0
Mouse_Thymus3,44_51,5,10588.0,15778.0
Mouse_Thymus3,111_55,5,17288.0,16178.0
Mouse_Thymus3,104_38,2,16588.0,14478.0
Mouse_Thymus3,15_41,1,7688.0,14778.0
Mouse_Thymus3,61_7,1,12288.0,11378.0
Mouse_Thymus3,77_28,1,13888.0,13478.0
Mouse_Thymus3,83_45,1,14488.0,15178.0
Mouse_Thymus3,70_44,5,13188.0,15078.0
Mouse_Thymus3,83_0,2,14488.0,10678.0
Mouse_Thymus3,120_61,1,18188.0,16778.0
Mouse_Thymus3,92_17,5,15388.0,12378.0
Mouse_Thymus3,63_9,5,12488.0,11578.0
Mouse_Thymus3,81_40,4,14288.0,14678.0
Mouse_Thymus3,42_24,5,10388.0,13078.0
Mouse_Thymus3,45_32,5,10688.0,13878.0
Mouse_Thymus3,54_30,2,11588.0,13678.0
Mouse_Thymus3,82_38,1,14388.0,14478.0
Mouse_Thymus3,82_32,4,14388.0,13878.0
Mouse_Thymus3,123_61,5,18488.0,16778.0
Mouse_Thymus3,98_31,5,15988.0,13778.0
Mouse_Thymus3,91_6,5,15288.0,11278.0
Mouse_Thymus3,80_32,5,14188.0,13878.0
Mouse_Thymus3,54_14,5,11588.0,12078.0
Mouse_Thymus3,55_20,4,11688.0,12678.0
Mouse_Thymus3,30_46,2,9188.0,15278.0
Mouse_Thymus3,76_29,2,13788.0,13578.0
Mouse_Thymus3,71_45,4,13288.0,15178.0
Mouse_Thymus3,59_41,5,12088.0,14778.0
Mouse_Thymus3,110_34,5,17188.0,14078.0
Mouse_Thymus3,24_41,1,8588.0,14778.0
Mouse_Thymus3,94_24,2,15588.0,13078.0
Mouse_Thymus3,48_43,5,10988.0,14978.0
Mouse_Thymus3,74_46,5,13588.0,15278.0
Mouse_Thymus3,108_40,2,16988.0,14678.0
Mouse_Thymus3,97_31,4,15888.0,13778.0
Mouse_Thymus3,41_39,1,10288.0,14578.0
Mouse_Thymus3,88_21,2,14988.0,12778.0
Mouse_Thymus3,99_35,1,16088.0,14178.0
Mouse_Thymus3,81_54,5,14288.0,16078.0
Mouse_Thymus3,30_42,1,9188.0,14878.0
Mouse_Thymus3,82_36,5,14388.0,14278.0
Mouse_Thymus3,110_48,2,17188.0,15478.0
Mouse_Thymus3,56_37,2,11788.0,14378.0
Mouse_Thymus3,54_35,2,11588.0,14178.0
Mouse_Thymus3,100_51,4,16188.0,15778.0
Mouse_Thymus3,8_52,5,6988.0,15878.0
Mouse_Thymus3,94_22,2,15588.0,12878.0
Mouse_Thymus3,30_41,1,9188.0,14778.0
Mouse_Thymus3,39_22,5,10088.0,12878.0
Mouse_Thymus3,55_38,2,11688.0,14478.0
Mouse_Thymus3,96_32,5,15788.0,13878.0
Mouse_Thymus3,122_52,5,18388.0,15878.0
Mouse_Thymus3,49_20,1,11088.0,12678.0
Mouse_Thymus3,18_48,2,7988.0,15478.0
Mouse_Thymus3,107_47,4,16888.0,15378.0
Mouse_Thymus3,47_23,5,10888.0,12978.0
Mouse_Thymus3,83_20,2,14488.0,12678.0
Mouse_Thymus3,55_42,5,11688.0,14878.0
Mouse_Thymus3,98_29,2,15988.0,13578.0
Mouse_Thymus3,101_54,5,16288.0,16078.0
Mouse_Thymus3,75_13,5,13688.0,11978.0
Mouse_Thymus3,117_40,1,17888.0,14678.0
Mouse_Thymus3,72_11,5,13388.0,11778.0
Mouse_Thymus3,10_54,1,7188.0,16078.0
Mouse_Thymus3,110_50,5,17188.0,15678.0
Mouse_Thymus3,83_52,5,14488.0,15878.0
Mouse_Thymus3,37_20,7,9888.0,12678.0
Mouse_Thymus3,54_27,2,11588.0,13378.0
Mouse_Thymus3,43_36,5,10488.0,14278.0
Mouse_Thymus3,80_27,1,14188.0,13378.0
Mouse_Thymus3,91_22,2,15288.0,12878.0
Mouse_Thymus3,92_39,5,15388.0,14578.0
Mouse_Thymus3,91_13,5,15288.0,11978.0
Mouse_Thymus3,107_59,4,16888.0,16578.0
Mouse_Thymus3,89_25,2,15088.0,13178.0
Mouse_Thymus3,65_31,1,12688.0,13778.0
Mouse_Thymus3,114_38,5,17588.0,14478.0
Mouse_Thymus3,97_18,5,15888.0,12478.0
Mouse_Thymus3,89_41,5,15088.0,14778.0
Mouse_Thymus3,25_34,1,8688.0,14078.0
Mouse_Thymus3,76_33,2,13788.0,13978.0
Mouse_Thymus3,101_35,2,16288.0,14178.0
Mouse_Thymus3,29_54,5,9088.0,16078.0
Mouse_Thymus3,20_49,2,8188.0,15578.0
Mouse_Thymus3,86_38,4,14788.0,14478.0
Mouse_Thymus3,113_57,5,17488.0,16378.0
Mouse_Thymus3,4_49,2,6588.0,15578.0
Mouse_Thymus3,31_32,1,9288.0,13878.0
Mouse_Thymus3,116_49,2,17788.0,15578.0
Mouse_Thymus3,23_53,5,8488.0,15978.0
Mouse_Thymus3,96_54,5,15788.0,16078.0
Mouse_Thymus3,79_21,2,14088.0,12778.0
Mouse_Thymus3,89_40,1,15088.0,14678.0
Mouse_Thymus3,99_50,4,16088.0,15678.0
Mouse_Thymus3,23_41,5,8488.0,14778.0
Mouse_Thymus3,10_43,5,7188.0,14978.0
Mouse_Thymus3,92_10,5,15388.0,11678.0
Mouse_Thymus3,34_44,2,9588.0,15078.0
Mouse_Thymus3,55_35,2,11688.0,14178.0
Mouse_Thymus3,65_49,5,12688.0,15578.0
Mouse_Thymus3,90_44,5,15188.0,15078.0
Mouse_Thymus3,91_46,4,15288.0,15278.0
Mouse_Thymus3,93_62,4,15488.0,16878.0
Mouse_Thymus3,81_46,1,14288.0,15278.0
Mouse_Thymus3,57_42,5,11888.0,14878.0
Mouse_Thymus3,69_7,5,13088.0,11378.0
Mouse_Thymus3,68_4,5,12988.0,11078.0
Mouse_Thymus3,81_33,5,14288.0,13978.0
Mouse_Thymus3,84_3,5,14588.0,10978.0
Mouse_Thymus3,50_22,2,11188.0,12878.0
Mouse_Thymus3,49_31,1,11088.0,13778.0
Mouse_Thymus3,58_11,5,11988.0,11778.0
Mouse_Thymus3,95_56,5,15688.0,16278.0
Mouse_Thymus3,39_47,2,10088.0,15378.0
Mouse_Thymus3,90_40,5,15188.0,14678.0
Mouse_Thymus3,65_12,4,12688.0,11878.0
Mouse_Thymus3,83_25,5,14488.0,13178.0
Mouse_Thymus3,76_43,2,13788.0,14978.0
Mouse_Thymus3,112_54,5,17388.0,16078.0
Mouse_Thymus3,12_41,4,7388.0,14778.0
Mouse_Thymus3,84_50,5,14588.0,15678.0
Mouse_Thymus3,98_62,5,15988.0,16878.0
Mouse_Thymus3,49_45,5,11088.0,15178.0
Mouse_Thymus3,41_35,5,10288.0,14178.0
Mouse_Thymus3,32_32,1,9388.0,13878.0
Mouse_Thymus3,103_35,2,16488.0,14178.0
Mouse_Thymus3,33_26,5,9488.0,13278.0
Mouse_Thymus3,87_35,5,14888.0,14178.0
Mouse_Thymus3,17_41,5,7888.0,14778.0
Mouse_Thymus3,30_30,5,9188.0,13678.0
Mouse_Thymus3,99_36,2,16088.0,14278.0
Mouse_Thymus3,119_57,2,18088.0,16378.0
Mouse_Thymus3,59_20,5,12088.0,12678.0
Mouse_Thymus3,90_55,5,15188.0,16178.0
Mouse_Thymus3,40_35,5,10188.0,14178.0
Mouse_Thymus3,80_18,2,14188.0,12478.0
Mouse_Thymus3,69_26,2,13088.0,13278.0
Mouse_Thymus3,89_18,2,15088.0,12478.0
Mouse_Thymus3,95_32,4,15688.0,13878.0
Mouse_Thymus3,109_30,5,17088.0,13678.0
Mouse_Thymus3,27_47,2,8888.0,15378.0
Mouse_Thymus3,98_32,1,15988.0,13878.0
Mouse_Thymus3,97_58,5,15888.0,16478.0
Mouse_Thymus3,56_36,2,11788.0,14278.0
Mouse_Thymus3,92_36,4,15388.0,14278.0
Mouse_Thymus3,87_59,4,14888.0,16578.0
Mouse_Thymus3,79_22,2,14088.0,12878.0
Mouse_Thymus3,63_27,4,12488.0,13378.0
Mouse_Thymus3,99_27,2,16088.0,13378.0
Mouse_Thymus3,2_51,4,6388.0,15778.0
Mouse_Thymus3,105_30,4,16688.0,13678.0
Mouse_Thymus3,101_49,5,16288.0,15578.0
Mouse_Thymus3,34_34,1,9588.0,14078.0
Mouse_Thymus3,50_14,4,11188.0,12078.0
Mouse_Thymus3,16_53,5,7788.0,15978.0
Mouse_Thymus3,24_45,2,8588.0,15178.0
Mouse_Thymus3,47_43,1,10888.0,14978.0
Mouse_Thymus3,113_64,5,17488.0,17078.0
Mouse_Thymus3,39_42,2,10088.0,14878.0
Mouse_Thymus3,24_55,5,8588.0,16178.0
Mouse_Thymus3,3_49,2,6488.0,15578.0
Mouse_Thymus3,37_26,5,9888.0,13278.0
Mouse_Thymus3,74_19,1,13588.0,12578.0
Mouse_Thymus3,20_55,5,8188.0,16178.0
Mouse_Thymus3,112_65,7,17388.0,17178.0
Mouse_Thymus3,16_44,5,7788.0,15078.0
Mouse_Thymus3,56_46,1,11788.0,15278.0
Mouse_Thymus3,95_37,2,15688.0,14378.0
Mouse_Thymus3,122_51,4,18388.0,15778.0
Mouse_Thymus3,51_27,2,11288.0,13378.0
Mouse_Thymus3,18_55,5,7988.0,16178.0
Mouse_Thymus3,97_48,4,15888.0,15478.0
Mouse_Thymus3,73_15,1,13488.0,12178.0
Mouse_Thymus3,71_9,5,13288.0,11578.0
Mouse_Thymus3,76_26,2,13788.0,13278.0
Mouse_Thymus3,33_60,7,9488.0,16678.0
Mouse_Thymus3,118_43,5,17988.0,14978.0
Mouse_Thymus3,55_36,2,11688.0,14278.0
Mouse_Thymus3,11_46,2,7288.0,15278.0
Mouse_Thymus3,26_41,5,8788.0,14778.0
Mouse_Thymus3,86_60,7,14788.0,16678.0
Mouse_Thymus3,43_53,5,10488.0,15978.0
Mouse_Thymus3,66_23,2,12788.0,12978.0
Mouse_Thymus3,79_2,5,14088.0,10878.0
Mouse_Thymus3,34_27,1,9588.0,13378.0
Mouse_Thymus3,58_44,1,11988.0,15078.0
Mouse_Thymus3,111_32,4,17288.0,13878.0
Mouse_Thymus3,80_34,1,14188.0,14078.0
Mouse_Thymus3,5_48,4,6688.0,15478.0
Mouse_Thymus3,96_63,4,15788.0,16978.0
Mouse_Thymus3,76_15,1,13788.0,12178.0
Mouse_Thymus3,91_4,4,15288.0,11078.0
Mouse_Thymus3,72_6,5,13388.0,11278.0
Mouse_Thymus3,118_42,5,17988.0,14878.0
Mouse_Thymus3,94_21,2,15588.0,12778.0
Mouse_Thymus3,122_68,5,18388.0,17478.0
Mouse_Thymus3,63_44,5,12488.0,15078.0
Mouse_Thymus3,63_25,1,12488.0,13178.0
Mouse_Thymus3,109_32,5,17088.0,13878.0
Mouse_Thymus3,91_20,4,15288.0,12678.0
Mouse_Thymus3,59_39,5,12088.0,14578.0
Mouse_Thymus3,111_64,5,17288.0,17078.0
Mouse_Thymus3,111_49,1,17288.0,15578.0
Mouse_Thymus3,112_36,5,17388.0,14278.0
Mouse_Thymus3,56_45,1,11788.0,15178.0
Mouse_Thymus3,59_22,2,12088.0,12878.0
Mouse_Thymus3,76_5,5,13788.0,11178.0
Mouse_Thymus3,33_51,5,9488.0,15778.0
Mouse_Thymus3,104_55,5,16588.0,16178.0
Mouse_Thymus3,82_5,5,14388.0,11178.0
Mouse_Thymus3,95_30,5,15688.0,13678.0
Mouse_Thymus3,70_27,2,13188.0,13378.0
Mouse_Thymus3,16_50,2,7788.0,15678.0
Mouse_Thymus3,86_47,4,14788.0,15378.0
Mouse_Thymus3,93_60,5,15488.0,16678.0
Mouse_Thymus3,91_23,2,15288.0,12978.0
Mouse_Thymus3,40_34,5,10188.0,14078.0
Mouse_Thymus3,85_46,5,14688.0,15278.0
Mouse_Thymus3,69_23,2,13088.0,12978.0
Mouse_Thymus3,20_47,2,8188.0,15378.0
Mouse_Thymus3,35_25,5,9688.0,13178.0
Mouse_Thymus3,44_48,5,10588.0,15478.0
Mouse_Thymus3,23_38,4,8488.0,14478.0
Mouse_Thymus3,51_29,1,11288.0,13578.0
Mouse_Thymus3,124_58,7,18588.0,16478.0
Mouse_Thymus3,68_14,4,12988.0,12078.0
Mouse_Thymus3,94_27,2,15588.0,13378.0
Mouse_Thymus3,110_40,2,17188.0,14678.0
Mouse_Thymus3,112_35,5,17388.0,14178.0
Mouse_Thymus3,62_12,5,12388.0,11878.0
Mouse_Thymus3,62_39,5,12388.0,14578.0
Mouse_Thymus3,38_49,2,9988.0,15578.0
Mouse_Thymus3,77_18,2,13888.0,12478.0
Mouse_Thymus3,44_27,1,10588.0,13378.0
Mouse_Thymus3,85_16,2,14688.0,12278.0
Mouse_Thymus3,71_2,5,13288.0,10878.0
Mouse_Thymus3,45_29,2,10688.0,13578.0
Mouse_Thymus3,50_21,1,11188.0,12778.0
Mouse_Thymus3,31_36,5,9288.0,14278.0
Mouse_Thymus3,55_33,1,11688.0,13978.0
Mouse_Thymus3,22_46,1,8388.0,15278.0
Mouse_Thymus3,86_17,2,14788.0,12378.0
Mouse_Thymus3,15_47,2,7688.0,15378.0
Mouse_Thymus3,89_20,2,15088.0,12678.0
Mouse_Thymus3,98_27,2,15988.0,13378.0
Mouse_Thymus3,20_48,2,8188.0,15478.0
Mouse_Thymus3,62_29,1,12388.0,13578.0
Mouse_Thymus3,35_44,2,9688.0,15078.0
Mouse_Thymus3,119_45,5,18088.0,15178.0
Mouse_Thymus3,58_39,5,11988.0,14578.0
Mouse_Thymus3,71_23,2,13288.0,12978.0
Mouse_Thymus3,81_34,5,14288.0,14078.0
Mouse_Thymus3,113_48,1,17488.0,15478.0
Mouse_Thymus3,106_33,5,16788.0,13978.0
Mouse_Thymus3,112_48,1,17388.0,15478.0
Mouse_Thymus3,89_54,4,15088.0,16078.0
Mouse_Thymus3,72_34,2,13388.0,14078.0
Mouse_Thymus3,35_38,5,9688.0,14478.0
Mouse_Thymus3,21_39,5,8288.0,14578.0
Mouse_Thymus3,37_21,5,9888.0,12778.0
Mouse_Thymus3,56_17,5,11788.0,12378.0
Mouse_Thymus3,71_37,2,13288.0,14378.0
Mouse_Thymus3,76_0,2,13788.0,10678.0
Mouse_Thymus3,77_0,7,13888.0,10678.0
Mouse_Thymus3,15_58,1,7688.0,16478.0
Mouse_Thymus3,94_8,5,15588.0,11478.0
Mouse_Thymus3,75_11,5,13688.0,11778.0
Mouse_Thymus3,56_41,5,11788.0,14778.0
Mouse_Thymus3,73_7,5,13488.0,11378.0
Mouse_Thymus3,90_47,5,15188.0,15378.0
Mouse_Thymus3,103_50,5,16488.0,15678.0
Mouse_Thymus3,27_55,1,8888.0,16178.0
Mouse_Thymus3,22_54,5,8388.0,16078.0
Mouse_Thymus3,79_53,1,14088.0,15978.0
Mouse_Thymus3,14_53,4,7588.0,15978.0
Mouse_Thymus3,103_57,4,16488.0,16378.0
Mouse_Thymus3,72_0,5,13388.0,10678.0
Mouse_Thymus3,78_49,4,13988.0,15578.0
Mouse_Thymus3,47_27,2,10888.0,13378.0
Mouse_Thymus3,85_29,4,14688.0,13578.0
Mouse_Thymus3,30_28,5,9188.0,13478.0
Mouse_Thymus3,74_41,2,13588.0,14778.0
Mouse_Thymus3,98_21,5,15988.0,12778.0
Mouse_Thymus3,102_29,5,16388.0,13578.0
Mouse_Thymus3,56_30,2,11788.0,13678.0
Mouse_Thymus3,63_18,1,12488.0,12478.0
Mouse_Thymus3,35_45,2,9688.0,15178.0
Mouse_Thymus3,90_50,5,15188.0,15678.0
Mouse_Thymus3,106_53,5,16788.0,15978.0
Mouse_Thymus3,104_45,2,16588.0,15178.0
Mouse_Thymus3,73_8,1,13488.0,11478.0
Mouse_Thymus3,76_9,5,13788.0,11578.0
Mouse_Thymus3,93_14,5,15488.0,12078.0
Mouse_Thymus3,36_53,5,9788.0,15978.0
Mouse_Thymus3,23_45,2,8488.0,15178.0
Mouse_Thymus3,93_23,2,15488.0,12978.0
Mouse_Thymus3,105_35,2,16688.0,14178.0
Mouse_Thymus3,110_44,2,17188.0,15078.0
Mouse_Thymus3,33_44,2,9488.0,15078.0
Mouse_Thymus3,68_5,5,12988.0,11178.0
Mouse_Thymus3,86_23,2,14788.0,12978.0
Mouse_Thymus3,65_18,4,12688.0,12478.0
Mouse_Thymus3,96_27,2,15788.0,13378.0
Mouse_Thymus3,5_53,1,6688.0,15978.0
Mouse_Thymus3,110_49,1,17188.0,15578.0
Mouse_Thymus3,119_56,2,18088.0,16278.0
Mouse_Thymus3,115_45,1,17688.0,15178.0
Mouse_Thymus3,89_26,1,15088.0,13278.0
Mouse_Thymus3,101_53,5,16288.0,15978.0
Mouse_Thymus3,39_35,1,10088.0,14178.0
Mouse_Thymus3,63_28,1,12488.0,13478.0
Mouse_Thymus3,100_39,2,16188.0,14578.0
Mouse_Thymus3,9_49,4,7088.0,15578.0
Mouse_Thymus3,55_27,2,11688.0,13378.0
Mouse_Thymus3,85_31,5,14688.0,13778.0
Mouse_Thymus3,75_29,2,13688.0,13578.0
Mouse_Thymus3,98_16,5,15988.0,12278.0
Mouse_Thymus3,81_21,2,14288.0,12778.0
Mouse_Thymus3,102_27,1,16388.0,13378.0
Mouse_Thymus3,39_39,1,10088.0,14578.0
Mouse_Thymus3,23_58,5,8488.0,16478.0
Mouse_Thymus3,24_49,2,8588.0,15578.0
Mouse_Thymus3,27_39,5,8888.0,14578.0
Mouse_Thymus3,96_48,4,15788.0,15478.0
Mouse_Thymus3,93_22,2,15488.0,12878.0
Mouse_Thymus3,73_31,2,13488.0,13778.0
Mouse_Thymus3,87_44,5,14888.0,15078.0
Mouse_Thymus3,38_40,5,9988.0,14678.0
Mouse_Thymus3,77_34,4,13888.0,14078.0
Mouse_Thymus3,98_55,5,15988.0,16178.0
Mouse_Thymus3,37_50,1,9888.0,15678.0
Mouse_Thymus3,104_57,5,16588.0,16378.0
Mouse_Thymus3,29_52,1,9088.0,15878.0
Mouse_Thymus3,61_40,4,12288.0,14678.0
Mouse_Thymus3,78_2,5,13988.0,10878.0
Mouse_Thymus3,89_62,7,15088.0,16878.0
Mouse_Thymus3,63_40,5,12488.0,14678.0
Mouse_Thymus3,82_48,5,14388.0,15478.0
Mouse_Thymus3,82_45,5,14388.0,15178.0
Mouse_Thymus3,112_57,5,17388.0,16378.0
Mouse_Thymus3,99_23,5,16088.0,12978.0
Mouse_Thymus3,46_18,5,10788.0,12478.0
Mouse_Thymus3,25_45,2,8688.0,15178.0
Mouse_Thymus3,51_15,5,11288.0,12178.0
Mouse_Thymus3,36_33,1,9788.0,13978.0
Mouse_Thymus3,10_52,5,7188.0,15878.0
Mouse_Thymus3,26_35,4,8788.0,14178.0
Mouse_Thymus3,78_35,4,13988.0,14178.0
Mouse_Thymus3,85_51,4,14688.0,15778.0
Mouse_Thymus3,62_19,1,12388.0,12578.0
Mouse_Thymus3,69_32,4,13088.0,13878.0
Mouse_Thymus3,46_43,2,10788.0,14978.0
Mouse_Thymus3,76_25,2,13788.0,13178.0
Mouse_Thymus3,46_23,5,10788.0,12978.0
Mouse_Thymus3,43_27,5,10488.0,13378.0
Mouse_Thymus3,81_38,5,14288.0,14478.0
Mouse_Thymus3,20_59,4,8188.0,16578.0
Mouse_Thymus3,102_34,2,16388.0,14078.0
Mouse_Thymus3,71_29,2,13288.0,13578.0
Mouse_Thymus3,115_41,5,17688.0,14778.0
Mouse_Thymus3,49_19,4,11088.0,12578.0
Mouse_Thymus3,32_29,4,9388.0,13578.0
Mouse_Thymus3,74_29,2,13588.0,13578.0
Mouse_Thymus3,4_44,7,6588.0,15078.0
Mouse_Thymus3,114_50,4,17588.0,15678.0
Mouse_Thymus3,75_40,2,13688.0,14678.0
Mouse_Thymus3,11_43,7,7288.0,14978.0
Mouse_Thymus3,78_39,2,13988.0,14578.0
Mouse_Thymus3,61_28,4,12288.0,13478.0
Mouse_Thymus3,55_18,5,11688.0,12478.0
Mouse_Thymus3,53_45,4,11488.0,15178.0
Mouse_Thymus3,108_33,5,16988.0,13978.0
Mouse_Thymus3,23_39,5,8488.0,14578.0
Mouse_Thymus3,53_26,1,11488.0,13278.0
Mouse_Thymus3,36_29,1,9788.0,13578.0
Mouse_Thymus3,70_14,5,13188.0,12078.0
Mouse_Thymus3,61_29,1,12288.0,13578.0
Mouse_Thymus3,86_58,4,14788.0,16478.0
Mouse_Thymus3,38_53,5,9988.0,15978.0
Mouse_Thymus3,78_10,5,13988.0,11678.0
Mouse_Thymus3,32_60,1,9388.0,16678.0
Mouse_Thymus3,33_47,2,9488.0,15378.0
Mouse_Thymus3,67_1,5,12888.0,10778.0
Mouse_Thymus3,124_72,7,18588.0,17878.0
Mouse_Thymus3,3_46,1,6488.0,15278.0
Mouse_Thymus3,23_54,1,8488.0,16078.0
Mouse_Thymus3,83_1,4,14488.0,10778.0
Mouse_Thymus3,124_59,4,18588.0,16578.0
Mouse_Thymus3,94_13,5,15588.0,11978.0
Mouse_Thymus3,81_53,4,14288.0,15978.0
Mouse_Thymus3,107_56,5,16888.0,16278.0
Mouse_Thymus3,114_62,5,17588.0,16878.0
Mouse_Thymus3,12_47,2,7388.0,15378.0
Mouse_Thymus3,54_17,5,11588.0,12378.0
Mouse_Thymus3,59_43,1,12088.0,14978.0
Mouse_Thymus3,91_42,4,15288.0,14878.0
Mouse_Thymus3,87_32,4,14888.0,13878.0
Mouse_Thymus3,118_48,5,17988.0,15478.0
Mouse_Thymus3,87_21,2,14888.0,12778.0
Mouse_Thymus3,55_14,5,11688.0,12078.0
Mouse_Thymus3,46_45,5,10788.0,15178.0
Mouse_Thymus3,32_34,5,9388.0,14078.0
Mouse_Thymus3,10_45,5,7188.0,15178.0
Mouse_Thymus3,108_28,5,16988.0,13478.0
Mouse_Thymus3,7_50,1,6888.0,15678.0
Mouse_Thymus3,101_26,2,16288.0,13278.0
Mouse_Thymus3,67_8,4,12888.0,11478.0
Mouse_Thymus3,88_57,5,14988.0,16378.0
Mouse_Thymus3,121_58,1,18288.0,16478.0
Mouse_Thymus3,76_2,4,13788.0,10878.0
Mouse_Thymus3,55_40,5,11688.0,14678.0
Mouse_Thymus3,80_51,4,14188.0,15778.0
Mouse_Thymus3,98_40,2,15988.0,14678.0
Mouse_Thymus3,103_46,4,16488.0,15278.0
Mouse_Thymus3,97_40,4,15888.0,14678.0
Mouse_Thymus3,77_3,5,13888.0,10978.0
Mouse_Thymus3,19_50,2,8088.0,15678.0
Mouse_Thymus3,33_35,1,9488.0,14178.0
Mouse_Thymus3,106_55,4,16788.0,16178.0
Mouse_Thymus3,69_18,4,13088.0,12478.0
Mouse_Thymus3,98_48,5,15988.0,15478.0
Mouse_Thymus3,92_13,5,15388.0,11978.0
Mouse_Thymus3,11_47,2,7288.0,15378.0
Mouse_Thymus3,90_5,5,15188.0,11178.0
Mouse_Thymus3,87_20,2,14888.0,12678.0
Mouse_Thymus3,76_35,2,13788.0,14178.0
Mouse_Thymus3,86_43,5,14788.0,14978.0
Mouse_Thymus3,98_50,5,15988.0,15678.0
Mouse_Thymus3,107_27,4,16888.0,13378.0
Mouse_Thymus3,57_16,1,11888.0,12278.0
Mouse_Thymus3,55_39,5,11688.0,14578.0
Mouse_Thymus3,74_34,2,13588.0,14078.0
Mouse_Thymus3,65_26,2,12688.0,13278.0
Mouse_Thymus3,82_13,1,14388.0,11978.0
Mouse_Thymus3,10_42,7,7188.0,14878.0
Mouse_Thymus3,32_43,2,9388.0,14978.0
Mouse_Thymus3,58_10,4,11988.0,11678.0
Mouse_Thymus3,91_3,4,15288.0,10978.0
Mouse_Thymus3,76_47,1,13788.0,15378.0
Mouse_Thymus3,122_65,1,18388.0,17178.0
Mouse_Thymus3,35_57,5,9688.0,16378.0
Mouse_Thymus3,126_68,5,18788.0,17478.0
Mouse_Thymus3,44_34,5,10588.0,14078.0
Mouse_Thymus3,84_8,5,14588.0,11478.0
Mouse_Thymus3,40_31,2,10188.0,13778.0
Mouse_Thymus3,118_58,2,17988.0,16478.0
Mouse_Thymus3,95_26,2,15688.0,13278.0
Mouse_Thymus3,83_15,2,14488.0,12178.0
Mouse_Thymus3,123_72,1,18488.0,17878.0
Mouse_Thymus3,70_41,2,13188.0,14778.0
Mouse_Thymus3,41_37,1,10288.0,14378.0
Mouse_Thymus3,68_30,1,12988.0,13678.0
Mouse_Thymus3,111_53,5,17288.0,15978.0
Mouse_Thymus3,93_30,4,15488.0,13678.0
Mouse_Thymus3,75_30,2,13688.0,13678.0
Mouse_Thymus3,75_23,2,13688.0,12978.0
Mouse_Thymus3,69_35,4,13088.0,14178.0
Mouse_Thymus3,45_51,7,10688.0,15778.0
Mouse_Thymus3,77_9,5,13888.0,11578.0
Mouse_Thymus3,44_23,5,10588.0,12978.0
Mouse_Thymus3,40_47,2,10188.0,15378.0
Mouse_Thymus3,95_28,1,15688.0,13478.0
Mouse_Thymus3,93_26,2,15488.0,13278.0
Mouse_Thymus3,21_40,5,8288.0,14678.0
Mouse_Thymus3,32_53,1,9388.0,15978.0
Mouse_Thymus3,110_60,5,17188.0,16678.0
Mouse_Thymus3,62_41,4,12388.0,14778.0
Mouse_Thymus3,21_60,4,8288.0,16678.0
Mouse_Thymus3,76_19,2,13788.0,12578.0
Mouse_Thymus3,124_60,4,18588.0,16678.0
Mouse_Thymus3,58_21,5,11988.0,12778.0
Mouse_Thymus3,99_20,5,16088.0,12678.0
Mouse_Thymus3,72_15,1,13388.0,12178.0
Mouse_Thymus3,90_19,4,15188.0,12578.0
Mouse_Thymus3,115_48,2,17688.0,15478.0
Mouse_Thymus3,37_28,1,9888.0,13478.0
Mouse_Thymus3,73_14,1,13488.0,12078.0
Mouse_Thymus3,62_35,2,12388.0,14178.0
Mouse_Thymus3,80_8,5,14188.0,11478.0
Mouse_Thymus3,18_41,5,7988.0,14778.0
Mouse_Thymus3,60_35,2,12188.0,14178.0
Mouse_Thymus3,45_31,2,10688.0,13778.0
Mouse_Thymus3,58_27,2,11988.0,13378.0
Mouse_Thymus3,79_40,2,14088.0,14678.0
Mouse_Thymus3,41_22,5,10288.0,12878.0
Mouse_Thymus3,25_57,5,8688.0,16378.0
Mouse_Thymus3,123_65,1,18488.0,17178.0
Mouse_Thymus3,113_58,5,17488.0,16478.0
Mouse_Thymus3,80_35,5,14188.0,14178.0
Mouse_Thymus3,114_64,5,17588.0,17078.0
Mouse_Thymus3,37_53,5,9888.0,15978.0
Mouse_Thymus3,40_18,7,10188.0,12478.0
Mouse_Thymus3,11_50,2,7288.0,15678.0
Mouse_Thymus3,46_16,7,10788.0,12278.0
Mouse_Thymus3,93_11,4,15488.0,11778.0
Mouse_Thymus3,72_50,5,13388.0,15678.0
Mouse_Thymus3,82_37,5,14388.0,14378.0
Mouse_Thymus3,100_55,4,16188.0,16178.0
Mouse_Thymus3,77_50,5,13888.0,15678.0
Mouse_Thymus3,37_39,5,9888.0,14578.0
Mouse_Thymus3,36_58,7,9788.0,16478.0
Mouse_Thymus3,113_63,5,17488.0,16978.0
Mouse_Thymus3,26_43,1,8788.0,14978.0
Mouse_Thymus3,35_26,5,9688.0,13278.0
Mouse_Thymus3,59_36,2,12088.0,14278.0
Mouse_Thymus3,74_35,2,13588.0,14178.0
Mouse_Thymus3,106_44,2,16788.0,15078.0
Mouse_Thymus3,119_71,7,18088.0,17778.0
Mouse_Thymus3,80_22,2,14188.0,12878.0
Mouse_Thymus3,105_48,5,16688.0,15478.0
Mouse_Thymus3,110_63,4,17188.0,16978.0
Mouse_Thymus3,94_20,2,15588.0,12678.0
Mouse_Thymus3,97_46,4,15888.0,15278.0
Mouse_Thymus3,65_10,4,12688.0,11678.0
Mouse_Thymus3,76_7,5,13788.0,11378.0
Mouse_Thymus3,26_51,2,8788.0,15778.0
Mouse_Thymus3,97_23,2,15888.0,12978.0
Mouse_Thymus3,94_32,2,15588.0,13878.0
Mouse_Thymus3,87_1,7,14888.0,10778.0
Mouse_Thymus3,35_47,2,9688.0,15378.0
Mouse_Thymus3,85_25,1,14688.0,13178.0
Mouse_Thymus3,94_30,5,15588.0,13678.0
Mouse_Thymus3,7_53,4,6888.0,15978.0
Mouse_Thymus3,53_13,5,11488.0,11978.0
Mouse_Thymus3,111_41,2,17288.0,14778.0
Mouse_Thymus3,66_16,5,12788.0,12278.0
Mouse_Thymus3,71_26,2,13288.0,13278.0
Mouse_Thymus3,94_10,4,15588.0,11678.0
Mouse_Thymus3,40_49,2,10188.0,15578.0
Mouse_Thymus3,93_19,5,15488.0,12578.0
Mouse_Thymus3,62_48,5,12388.0,15478.0
Mouse_Thymus3,32_46,2,9388.0,15278.0
Mouse_Thymus3,81_24,2,14288.0,13078.0
Mouse_Thymus3,46_34,5,10788.0,14078.0
Mouse_Thymus3,0_50,4,6188.0,15678.0
Mouse_Thymus3,81_18,2,14288.0,12478.0
Mouse_Thymus3,104_43,5,16588.0,14978.0
Mouse_Thymus3,41_41,2,10288.0,14778.0
Mouse_Thymus3,71_17,5,13288.0,12378.0
Mouse_Thymus3,108_50,5,16988.0,15678.0
Mouse_Thymus3,63_16,1,12488.0,12278.0
Mouse_Thymus3,73_46,4,13488.0,15278.0
Mouse_Thymus3,16_49,2,7788.0,15578.0
Mouse_Thymus3,84_30,4,14588.0,13678.0
Mouse_Thymus3,39_37,1,10088.0,14378.0
Mouse_Thymus3,16_52,4,7788.0,15878.0
Mouse_Thymus3,64_21,2,12588.0,12778.0
Mouse_Thymus3,38_22,5,9988.0,12878.0
Mouse_Thymus3,101_39,2,16288.0,14578.0
Mouse_Thymus3,100_34,2,16188.0,14078.0
Mouse_Thymus3,38_33,1,9988.0,13978.0
Mouse_Thymus3,103_48,5,16488.0,15478.0
Mouse_Thymus3,2_49,1,6388.0,15578.0
Mouse_Thymus3,93_6,4,15488.0,11278.0
Mouse_Thymus3,22_39,5,8388.0,14578.0
Mouse_Thymus3,50_29,1,11188.0,13578.0
Mouse_Thymus3,52_17,5,11388.0,12378.0
Mouse_Thymus3,12_45,2,7388.0,15178.0
Mouse_Thymus3,44_32,1,10588.0,13878.0
Mouse_Thymus3,93_7,5,15488.0,11378.0
Mouse_Thymus3,48_30,1,10988.0,13678.0
Mouse_Thymus3,37_37,5,9888.0,14378.0
Mouse_Thymus3,97_53,5,15888.0,15978.0
Mouse_Thymus3,109_57,4,17088.0,16378.0
Mouse_Thymus3,96_8,7,15788.0,11478.0
Mouse_Thymus3,122_69,5,18388.0,17578.0
Mouse_Thymus3,41_21,5,10288.0,12778.0
Mouse_Thymus3,124_66,1,18588.0,17278.0
Mouse_Thymus3,91_19,4,15288.0,12578.0
Mouse_Thymus3,29_28,5,9088.0,13478.0
Mouse_Thymus3,104_39,2,16588.0,14578.0
Mouse_Thymus3,95_40,5,15688.0,14678.0
Mouse_Thymus3,102_36,2,16388.0,14278.0
Mouse_Thymus3,107_36,2,16888.0,14278.0
Mouse_Thymus3,18_52,4,7988.0,15878.0
Mouse_Thymus3,72_33,2,13388.0,13978.0
Mouse_Thymus3,67_23,2,12888.0,12978.0
Mouse_Thymus3,48_24,4,10988.0,13078.0
Mouse_Thymus3,69_43,4,13088.0,14978.0
Mouse_Thymus3,81_23,2,14288.0,12978.0
Mouse_Thymus3,41_20,5,10288.0,12678.0
Mouse_Thymus3,69_40,2,13088.0,14678.0
Mouse_Thymus3,90_57,5,15188.0,16378.0
Mouse_Thymus3,70_38,2,13188.0,14478.0
Mouse_Thymus3,24_43,5,8588.0,14978.0
Mouse_Thymus3,48_35,1,10988.0,14178.0
Mouse_Thymus3,73_18,4,13488.0,12478.0
Mouse_Thymus3,12_49,2,7388.0,15578.0
Mouse_Thymus3,71_32,2,13288.0,13878.0
Mouse_Thymus3,117_56,4,17888.0,16278.0
Mouse_Thymus3,63_7,5,12488.0,11378.0
Mouse_Thymus3,91_49,5,15288.0,15578.0
Mouse_Thymus3,95_36,2,15688.0,14278.0
Mouse_Thymus3,72_48,4,13388.0,15478.0
Mouse_Thymus3,87_42,5,14888.0,14878.0
Mouse_Thymus3,29_27,5,9088.0,13378.0
Mouse_Thymus3,32_36,5,9388.0,14278.0
Mouse_Thymus3,3_47,5,6488.0,15378.0
Mouse_Thymus3,95_34,2,15688.0,14078.0
Mouse_Thymus3,74_26,2,13588.0,13278.0
Mouse_Thymus3,31_37,5,9288.0,14378.0
Mouse_Thymus3,80_25,5,14188.0,13178.0
Mouse_Thymus3,73_13,1,13488.0,11978.0
Mouse_Thymus3,25_53,1,8688.0,15978.0
Mouse_Thymus3,116_57,2,17788.0,16378.0
Mouse_Thymus3,51_45,4,11288.0,15178.0
Mouse_Thymus3,43_50,1,10488.0,15678.0
Mouse_Thymus3,123_58,5,18488.0,16478.0
Mouse_Thymus3,83_50,4,14488.0,15678.0
Mouse_Thymus3,82_50,4,14388.0,15678.0
Mouse_Thymus3,69_24,2,13088.0,13078.0
Mouse_Thymus3,106_45,2,16788.0,15178.0
Mouse_Thymus3,94_7,4,15588.0,11378.0
Mouse_Thymus3,81_10,5,14288.0,11678.0
Mouse_Thymus3,55_45,4,11688.0,15178.0
Mouse_Thymus3,100_14,4,16188.0,12078.0
Mouse_Thymus3,51_17,5,11288.0,12378.0
Mouse_Thymus3,52_45,4,11388.0,15178.0
Mouse_Thymus3,106_40,2,16788.0,14678.0
Mouse_Thymus3,40_39,1,10188.0,14578.0
Mouse_Thymus3,73_44,4,13488.0,15078.0
Mouse_Thymus3,106_28,5,16788.0,13478.0
Mouse_Thymus3,72_47,5,13388.0,15378.0
Mouse_Thymus3,34_53,5,9588.0,15978.0
Mouse_Thymus3,80_47,5,14188.0,15378.0
Mouse_Thymus3,65_24,2,12688.0,13078.0
Mouse_Thymus3,75_33,2,13688.0,13978.0
Mouse_Thymus3,89_60,4,15088.0,16678.0
Mouse_Thymus3,88_14,1,14988.0,12078.0
Mouse_Thymus3,73_50,4,13488.0,15678.0
Mouse_Thymus3,102_38,2,16388.0,14478.0
Mouse_Thymus3,79_11,5,14088.0,11778.0
Mouse_Thymus3,73_41,2,13488.0,14778.0
Mouse_Thymus3,43_20,4,10488.0,12678.0
Mouse_Thymus3,96_38,2,15788.0,14478.0
Mouse_Thymus3,92_27,4,15388.0,13378.0
Mouse_Thymus3,32_47,2,9388.0,15378.0
Mouse_Thymus3,41_53,5,10288.0,15978.0
Mouse_Thymus3,33_28,1,9488.0,13478.0
Mouse_Thymus3,87_24,2,14888.0,13078.0
Mouse_Thymus3,73_21,2,13488.0,12778.0
Mouse_Thymus3,92_46,4,15388.0,15278.0
Mouse_Thymus3,62_31,1,12388.0,13778.0
Mouse_Thymus3,112_37,5,17388.0,14378.0
Mouse_Thymus3,62_28,5,12388.0,13478.0
Mouse_Thymus3,113_38,5,17488.0,14478.0
Mouse_Thymus3,93_57,5,15488.0,16378.0
Mouse_Thymus3,72_36,2,13388.0,14278.0
Mouse_Thymus3,102_48,1,16388.0,15478.0
Mouse_Thymus3,42_53,5,10388.0,15978.0
Mouse_Thymus3,39_32,2,10088.0,13878.0
Mouse_Thymus3,72_19,1,13388.0,12578.0
Mouse_Thymus3,70_24,2,13188.0,13078.0
Mouse_Thymus3,35_43,2,9688.0,14978.0
Mouse_Thymus3,79_49,5,14088.0,15578.0
Mouse_Thymus3,50_35,1,11188.0,14178.0
Mouse_Thymus3,79_29,1,14088.0,13578.0
Mouse_Thymus3,99_42,4,16088.0,14878.0
Mouse_Thymus3,92_62,4,15388.0,16878.0
Mouse_Thymus3,70_40,2,13188.0,14678.0
Mouse_Thymus3,118_66,5,17988.0,17278.0
Mouse_Thymus3,100_27,2,16188.0,13378.0
Mouse_Thymus3,94_19,1,15588.0,12578.0
Mouse_Thymus3,76_51,1,13788.0,15778.0
Mouse_Thymus3,114_46,2,17588.0,15278.0
Mouse_Thymus3,15_48,2,7688.0,15478.0
Mouse_Thymus3,95_9,4,15688.0,11578.0
Mouse_Thymus3,13_55,5,7488.0,16178.0
Mouse_Thymus3,116_62,5,17788.0,16878.0
Mouse_Thymus3,95_39,5,15688.0,14578.0
Mouse_Thymus3,96_51,5,15788.0,15778.0
Mouse_Thymus3,62_15,4,12388.0,12178.0
Mouse_Thymus3,83_5,5,14488.0,11178.0
Mouse_Thymus3,27_50,2,8888.0,15678.0
Mouse_Thymus3,59_27,2,12088.0,13378.0
Mouse_Thymus3,23_51,2,8488.0,15778.0
Mouse_Thymus3,106_31,5,16788.0,13778.0
Mouse_Thymus3,118_44,5,17988.0,15078.0
Mouse_Thymus3,82_15,2,14388.0,12178.0
Mouse_Thymus3,119_51,5,18088.0,15778.0
Mouse_Thymus3,118_69,4,17988.0,17578.0
Mouse_Thymus3,114_44,1,17588.0,15078.0
Mouse_Thymus3,103_26,5,16488.0,13278.0
Mouse_Thymus3,32_59,4,9388.0,16578.0
Mouse_Thymus3,93_16,4,15488.0,12278.0
Mouse_Thymus3,43_48,1,10488.0,15478.0
Mouse_Thymus3,61_27,1,12288.0,13378.0
Mouse_Thymus3,74_38,2,13588.0,14478.0
Mouse_Thymus3,124_69,5,18588.0,17578.0
Mouse_Thymus3,85_49,4,14688.0,15578.0
Mouse_Thymus3,57_46,7,11888.0,15278.0
Mouse_Thymus3,49_32,4,11088.0,13878.0
Mouse_Thymus3,60_42,4,12188.0,14878.0
Mouse_Thymus3,69_38,2,13088.0,14478.0
Mouse_Thymus3,73_5,5,13488.0,11178.0
Mouse_Thymus3,100_53,5,16188.0,15978.0
Mouse_Thymus3,1_51,1,6288.0,15778.0
Mouse_Thymus3,58_42,4,11988.0,14878.0
Mouse_Thymus3,34_48,2,9588.0,15478.0
Mouse_Thymus3,63_48,7,12488.0,15478.0
Mouse_Thymus3,97_54,5,15888.0,16078.0
Mouse_Thymus3,51_22,1,11288.0,12878.0
Mouse_Thymus3,39_34,1,10088.0,14078.0
Mouse_Thymus3,86_18,2,14788.0,12478.0
Mouse_Thymus3,122_61,1,18388.0,16778.0
Mouse_Thymus3,92_14,5,15388.0,12078.0
Mouse_Thymus3,69_49,4,13088.0,15578.0
Mouse_Thymus3,65_45,5,12688.0,15178.0
Mouse_Thymus3,45_19,5,10688.0,12578.0
Mouse_Thymus3,34_32,5,9588.0,13878.0
Mouse_Thymus3,19_46,2,8088.0,15278.0
Mouse_Thymus3,18_47,2,7988.0,15378.0
Mouse_Thymus3,52_22,1,11388.0,12878.0
Mouse_Thymus3,63_6,5,12488.0,11278.0
Mouse_Thymus3,84_24,2,14588.0,13078.0
Mouse_Thymus3,82_23,2,14388.0,12978.0
Mouse_Thymus3,12_42,5,7388.0,14878.0
Mouse_Thymus3,122_59,5,18388.0,16578.0
Mouse_Thymus3,111_46,2,17288.0,15278.0
Mouse_Thymus3,47_24,5,10888.0,13078.0
Mouse_Thymus3,30_36,5,9188.0,14278.0
Mouse_Thymus3,9_55,4,7088.0,16178.0
Mouse_Thymus3,73_12,5,13488.0,11878.0
Mouse_Thymus3,29_34,5,9088.0,14078.0
Mouse_Thymus3,69_8,4,13088.0,11478.0
Mouse_Thymus3,70_39,2,13188.0,14578.0
Mouse_Thymus3,96_60,5,15788.0,16678.0
Mouse_Thymus3,75_34,2,13688.0,14078.0
Mouse_Thymus3,21_53,5,8288.0,15978.0
Mouse_Thymus3,104_29,5,16588.0,13578.0
Mouse_Thymus3,71_42,1,13288.0,14878.0
Mouse_Thymus3,93_24,2,15488.0,13078.0
Mouse_Thymus3,60_24,2,12188.0,13078.0
Mouse_Thymus3,108_37,2,16988.0,14378.0
Mouse_Thymus3,91_43,4,15288.0,14978.0
Mouse_Thymus3,24_48,2,8588.0,15478.0
Mouse_Thymus3,21_52,1,8288.0,15878.0
Mouse_Thymus3,62_44,5,12388.0,15078.0
Mouse_Thymus3,17_52,5,7888.0,15878.0
Mouse_Thymus3,101_58,5,16288.0,16478.0
Mouse_Thymus3,71_25,2,13288.0,13178.0
Mouse_Thymus3,82_46,5,14388.0,15278.0
Mouse_Thymus3,119_66,1,18088.0,17278.0
Mouse_Thymus3,86_28,2,14788.0,13478.0
Mouse_Thymus3,58_30,2,11988.0,13678.0
Mouse_Thymus3,116_47,2,17788.0,15378.0
Mouse_Thymus3,85_37,4,14688.0,14378.0
Mouse_Thymus3,100_60,5,16188.0,16678.0
Mouse_Thymus3,39_49,2,10088.0,15578.0
Mouse_Thymus3,9_44,5,7088.0,15078.0
Mouse_Thymus3,50_39,1,11188.0,14578.0
Mouse_Thymus3,73_52,5,13488.0,15878.0
Mouse_Thymus3,54_33,1,11588.0,13978.0
Mouse_Thymus3,72_31,2,13388.0,13778.0
Mouse_Thymus3,6_53,4,6788.0,15978.0
Mouse_Thymus3,40_52,1,10188.0,15878.0
Mouse_Thymus3,62_46,4,12388.0,15278.0
Mouse_Thymus3,82_24,5,14388.0,13078.0
Mouse_Thymus3,74_37,2,13588.0,14378.0
Mouse_Thymus3,84_41,5,14588.0,14778.0
Mouse_Thymus3,76_22,2,13788.0,12878.0
Mouse_Thymus3,76_34,2,13788.0,14078.0
Mouse_Thymus3,77_11,5,13888.0,11778.0
Mouse_Thymus3,54_22,1,11588.0,12878.0
Mouse_Thymus3,120_67,5,18188.0,17378.0
Mouse_Thymus3,49_28,1,11088.0,13478.0
Mouse_Thymus3,114_49,2,17588.0,15578.0
Mouse_Thymus3,97_38,2,15888.0,14478.0
Mouse_Thymus3,64_48,5,12588.0,15478.0
Mouse_Thymus3,60_45,5,12188.0,15178.0
Mouse_Thymus3,102_57,5,16388.0,16378.0
Mouse_Thymus3,42_35,1,10388.0,14178.0
Mouse_Thymus3,11_48,2,7288.0,15478.0
Mouse_Thymus3,78_43,2,13988.0,14978.0
Mouse_Thymus3,95_58,5,15688.0,16478.0
Mouse_Thymus3,34_35,1,9588.0,14178.0
Mouse_Thymus3,89_8,5,15088.0,11478.0
Mouse_Thymus3,109_55,4,17088.0,16178.0
Mouse_Thymus3,90_58,5,15188.0,16478.0
Mouse_Thymus3,95_23,2,15688.0,12978.0
Mouse_Thymus3,66_33,4,12788.0,13978.0
Mouse_Thymus3,25_35,5,8688.0,14178.0
Mouse_Thymus3,85_3,5,14688.0,10978.0
Mouse_Thymus3,53_25,1,11488.0,13178.0
Mouse_Thymus3,105_47,4,16688.0,15378.0
Mouse_Thymus3,45_35,5,10688.0,14178.0
Mouse_Thymus3,43_18,4,10488.0,12478.0
Mouse_Thymus3,84_20,2,14588.0,12678.0
Mouse_Thymus3,66_2,7,12788.0,10878.0
Mouse_Thymus3,65_39,5,12688.0,14578.0
Mouse_Thymus3,96_13,5,15788.0,11978.0
Mouse_Thymus3,63_17,4,12488.0,12378.0
Mouse_Thymus3,34_24,5,9588.0,13078.0
Mouse_Thymus3,96_9,4,15788.0,11578.0
Mouse_Thymus3,79_47,4,14088.0,15378.0
Mouse_Thymus3,107_54,5,16888.0,16078.0
Mouse_Thymus3,28_34,5,8988.0,14078.0
Mouse_Thymus3,95_6,4,15688.0,11278.0
Mouse_Thymus3,20_46,1,8188.0,15278.0
Mouse_Thymus3,106_57,5,16788.0,16378.0
Mouse_Thymus3,120_60,2,18188.0,16678.0
Mouse_Thymus3,124_68,5,18588.0,17478.0
Mouse_Thymus3,97_35,2,15888.0,14178.0
Mouse_Thymus3,115_47,2,17688.0,15378.0
Mouse_Thymus3,65_17,4,12688.0,12378.0
Mouse_Thymus3,68_34,4,12988.0,14078.0
Mouse_Thymus3,67_26,2,12888.0,13278.0
Mouse_Thymus3,68_44,5,12988.0,15078.0
Mouse_Thymus3,51_32,1,11288.0,13878.0
Mouse_Thymus3,88_53,4,14988.0,15978.0
Mouse_Thymus3,122_71,5,18388.0,17778.0
Mouse_Thymus3,29_31,5,9088.0,13778.0
Mouse_Thymus3,50_32,1,11188.0,13878.0
Mouse_Thymus3,81_29,1,14288.0,13578.0
Mouse_Thymus3,63_35,2,12488.0,14178.0
Mouse_Thymus3,82_22,2,14388.0,12878.0
Mouse_Thymus3,80_28,2,14188.0,13478.0
Mouse_Thymus3,90_9,5,15188.0,11578.0
Mouse_Thymus3,123_67,1,18488.0,17378.0
Mouse_Thymus3,81_2,5,14288.0,10878.0
Mouse_Thymus3,43_33,4,10488.0,13978.0
Mouse_Thymus3,41_33,1,10288.0,13978.0
Mouse_Thymus3,70_20,5,13188.0,12678.0
Mouse_Thymus3,80_48,1,14188.0,15478.0
Mouse_Thymus3,79_45,1,14088.0,15178.0
Mouse_Thymus3,43_19,5,10488.0,12578.0
Mouse_Thymus3,86_27,1,14788.0,13378.0
Mouse_Thymus3,73_10,5,13488.0,11678.0
Mouse_Thymus3,87_34,5,14888.0,14078.0
Mouse_Thymus3,22_53,5,8388.0,15978.0
Mouse_Thymus3,91_15,4,15288.0,12178.0
Mouse_Thymus3,106_27,5,16788.0,13378.0
Mouse_Thymus3,61_47,1,12288.0,15378.0
Mouse_Thymus3,61_25,2,12288.0,13178.0
Mouse_Thymus3,112_34,5,17388.0,14078.0
Mouse_Thymus3,70_29,2,13188.0,13578.0
Mouse_Thymus3,83_57,4,14488.0,16378.0
Mouse_Thymus3,56_22,2,11788.0,12878.0
Mouse_Thymus3,74_42,2,13588.0,14878.0
Mouse_Thymus3,73_1,5,13488.0,10778.0
Mouse_Thymus3,34_36,1,9588.0,14278.0
Mouse_Thymus3,86_29,5,14788.0,13578.0
Mouse_Thymus3,77_15,5,13888.0,12178.0
Mouse_Thymus3,103_25,5,16488.0,13178.0
Mouse_Thymus3,20_52,1,8188.0,15878.0
Mouse_Thymus3,122_54,5,18388.0,16078.0
Mouse_Thymus3,36_56,5,9788.0,16278.0
Mouse_Thymus3,35_56,5,9688.0,16278.0
Mouse_Thymus3,12_43,5,7388.0,14978.0
Mouse_Thymus3,55_28,2,11688.0,13478.0
Mouse_Thymus3,20_42,5,8188.0,14878.0
Mouse_Thymus3,46_30,2,10788.0,13678.0
Mouse_Thymus3,42_50,4,10388.0,15678.0
Mouse_Thymus3,94_34,2,15588.0,14078.0
Mouse_Thymus3,38_56,5,9988.0,16278.0
Mouse_Thymus3,48_28,2,10988.0,13478.0
Mouse_Thymus3,91_39,4,15288.0,14578.0
Mouse_Thymus3,60_41,5,12188.0,14778.0
Mouse_Thymus3,122_60,5,18388.0,16678.0
Mouse_Thymus3,101_21,5,16288.0,12778.0
Mouse_Thymus3,40_44,2,10188.0,15078.0
Mouse_Thymus3,74_17,5,13588.0,12378.0
Mouse_Thymus3,96_53,5,15788.0,15978.0
Mouse_Thymus3,88_20,2,14988.0,12678.0
Mouse_Thymus3,68_3,5,12988.0,10978.0
Mouse_Thymus3,101_20,4,16288.0,12678.0
Mouse_Thymus3,94_15,4,15588.0,12178.0
Mouse_Thymus3,48_39,2,10988.0,14578.0
Mouse_Thymus3,74_50,4,13588.0,15678.0
Mouse_Thymus3,10_48,2,7188.0,15478.0
Mouse_Thymus3,32_51,1,9388.0,15778.0
Mouse_Thymus3,33_53,5,9488.0,15978.0
Mouse_Thymus3,113_51,5,17488.0,15778.0
Mouse_Thymus3,43_42,2,10488.0,14878.0
Mouse_Thymus3,116_66,5,17788.0,17278.0
Mouse_Thymus3,63_23,5,12488.0,12978.0
Mouse_Thymus3,16_54,5,7788.0,16078.0
Mouse_Thymus3,75_45,2,13688.0,15178.0
Mouse_Thymus3,41_47,2,10288.0,15378.0
Mouse_Thymus3,88_10,5,14988.0,11678.0
Mouse_Thymus3,75_5,5,13688.0,11178.0
Mouse_Thymus3,97_10,4,15888.0,11678.0
Mouse_Thymus3,110_42,2,17188.0,14878.0
Mouse_Thymus3,100_19,5,16188.0,12578.0
Mouse_Thymus3,66_9,5,12788.0,11578.0
Mouse_Thymus3,103_37,2,16488.0,14378.0
Mouse_Thymus3,79_42,5,14088.0,14878.0
Mouse_Thymus3,89_3,4,15088.0,10978.0
Mouse_Thymus3,96_33,4,15788.0,13978.0
Mouse_Thymus3,82_53,5,14388.0,15978.0
Mouse_Thymus3,38_42,2,9988.0,14878.0
Mouse_Thymus3,104_30,5,16588.0,13678.0
Mouse_Thymus3,32_58,5,9388.0,16478.0
Mouse_Thymus3,109_59,4,17088.0,16578.0
Mouse_Thymus3,91_24,2,15288.0,13078.0
Mouse_Thymus3,90_46,5,15188.0,15278.0
Mouse_Thymus3,42_27,5,10388.0,13378.0
Mouse_Thymus3,86_22,2,14788.0,12878.0
Mouse_Thymus3,13_57,1,7488.0,16378.0
Mouse_Thymus3,75_53,4,13688.0,15978.0
Mouse_Thymus3,94_5,4,15588.0,11178.0
Mouse_Thymus3,82_41,5,14388.0,14778.0
Mouse_Thymus3,95_14,4,15688.0,12078.0
Mouse_Thymus3,36_27,5,9788.0,13378.0
Mouse_Thymus3,117_57,2,17888.0,16378.0
Mouse_Thymus3,111_60,5,17288.0,16678.0
Mouse_Thymus3,107_26,7,16888.0,13278.0
Mouse_Thymus3,59_16,4,12088.0,12278.0
Mouse_Thymus3,45_28,2,10688.0,13478.0
Mouse_Thymus3,32_40,1,9388.0,14678.0
Mouse_Thymus3,121_68,5,18288.0,17478.0
Mouse_Thymus3,105_55,5,16688.0,16178.0
Mouse_Thymus3,96_44,5,15788.0,15078.0
Mouse_Thymus3,30_37,5,9188.0,14378.0
Mouse_Thymus3,123_57,5,18488.0,16378.0
Mouse_Thymus3,9_52,5,7088.0,15878.0
Mouse_Thymus3,70_8,5,13188.0,11478.0
Mouse_Thymus3,75_28,2,13688.0,13478.0
Mouse_Thymus3,75_17,4,13688.0,12378.0
Mouse_Thymus3,39_24,7,10088.0,13078.0
Mouse_Thymus3,27_31,5,8888.0,13778.0
Mouse_Thymus3,97_34,2,15888.0,14078.0
Mouse_Thymus3,8_50,5,6988.0,15678.0
Mouse_Thymus3,71_8,1,13288.0,11478.0
Mouse_Thymus3,2_48,5,6388.0,15478.0
Mouse_Thymus3,92_58,1,15388.0,16478.0
Mouse_Thymus3,104_40,2,16588.0,14678.0
Mouse_Thymus3,79_30,1,14088.0,13678.0
Mouse_Thymus3,78_54,4,13988.0,16078.0
Mouse_Thymus3,56_24,2,11788.0,13078.0
Mouse_Thymus3,117_55,2,17888.0,16178.0
Mouse_Thymus3,71_48,4,13288.0,15478.0
Mouse_Thymus3,71_14,5,13288.0,12078.0
Mouse_Thymus3,105_43,1,16688.0,14978.0
Mouse_Thymus3,99_56,4,16088.0,16278.0
Mouse_Thymus3,42_52,5,10388.0,15878.0
Mouse_Thymus3,62_20,2,12388.0,12678.0
Mouse_Thymus3,123_64,1,18488.0,17078.0
Mouse_Thymus3,44_49,1,10588.0,15578.0
Mouse_Thymus3,34_23,7,9588.0,12978.0
Mouse_Thymus3,93_50,5,15488.0,15678.0
Mouse_Thymus3,114_54,1,17588.0,16078.0
Mouse_Thymus3,75_36,2,13688.0,14278.0
Mouse_Thymus3,120_64,5,18188.0,17078.0
Mouse_Thymus3,79_20,2,14088.0,12678.0
Mouse_Thymus3,62_9,5,12388.0,11578.0
Mouse_Thymus3,93_44,5,15488.0,15078.0
Mouse_Thymus3,60_20,1,12188.0,12678.0
Mouse_Thymus3,19_49,2,8088.0,15578.0
Mouse_Thymus3,42_19,5,10388.0,12578.0
Mouse_Thymus3,83_6,5,14488.0,11278.0
Mouse_Thymus3,28_49,2,8988.0,15578.0
Mouse_Thymus3,113_62,5,17488.0,16878.0
Mouse_Thymus3,25_60,4,8688.0,16678.0
Mouse_Thymus3,89_52,5,15088.0,15878.0
Mouse_Thymus3,76_48,5,13788.0,15478.0
Mouse_Thymus3,32_50,2,9388.0,15678.0
Mouse_Thymus3,90_34,5,15188.0,14078.0
Mouse_Thymus3,94_29,1,15588.0,13578.0
Mouse_Thymus3,84_32,5,14588.0,13878.0
Mouse_Thymus3,95_7,4,15688.0,11378.0
Mouse_Thymus3,82_28,2,14388.0,13478.0
Mouse_Thymus3,121_64,1,18288.0,17078.0
Mouse_Thymus3,98_45,4,15988.0,15178.0
Mouse_Thymus3,118_67,5,17988.0,17378.0
Mouse_Thymus3,86_49,4,14788.0,15578.0
Mouse_Thymus3,88_50,5,14988.0,15678.0
Mouse_Thymus3,70_22,2,13188.0,12878.0
Mouse_Thymus3,31_46,2,9288.0,15278.0
Mouse_Thymus3,98_38,2,15988.0,14478.0
Mouse_Thymus3,83_12,4,14488.0,11878.0
Mouse_Thymus3,85_44,5,14688.0,15078.0
Mouse_Thymus3,49_41,2,11088.0,14778.0
Mouse_Thymus3,32_54,5,9388.0,16078.0
Mouse_Thymus3,47_30,1,10888.0,13678.0
Mouse_Thymus3,64_49,7,12588.0,15578.0
Mouse_Thymus3,97_63,5,15888.0,16978.0
Mouse_Thymus3,90_6,5,15188.0,11278.0
Mouse_Thymus3,115_54,1,17688.0,16078.0
Mouse_Thymus3,78_27,1,13988.0,13378.0
Mouse_Thymus3,67_17,5,12888.0,12378.0
Mouse_Thymus3,122_62,5,18388.0,16878.0
Mouse_Thymus3,91_47,5,15288.0,15378.0
Mouse_Thymus3,112_47,1,17388.0,15378.0
Mouse_Thymus3,81_5,5,14288.0,11178.0
Mouse_Thymus3,115_66,5,17688.0,17278.0
Mouse_Thymus3,110_36,5,17188.0,14278.0
Mouse_Thymus3,107_28,5,16888.0,13478.0
Mouse_Thymus3,87_29,5,14888.0,13578.0
Mouse_Thymus3,36_47,2,9788.0,15378.0
Mouse_Thymus3,100_25,2,16188.0,13178.0
Mouse_Thymus3,73_0,5,13488.0,10678.0
Mouse_Thymus3,84_42,5,14588.0,14878.0
Mouse_Thymus3,104_21,7,16588.0,12778.0
Mouse_Thymus3,43_45,2,10488.0,15178.0
Mouse_Thymus3,17_56,5,7888.0,16278.0
Mouse_Thymus3,56_15,5,11788.0,12178.0
Mouse_Thymus3,30_27,5,9188.0,13378.0
Mouse_Thymus3,68_18,4,12988.0,12478.0
Mouse_Thymus3,44_38,5,10588.0,14478.0
Mouse_Thymus3,46_31,2,10788.0,13778.0
Mouse_Thymus3,52_24,4,11388.0,13078.0
Mouse_Thymus3,84_4,5,14588.0,11078.0
Mouse_Thymus3,75_25,2,13688.0,13178.0
Mouse_Thymus3,52_37,2,11388.0,14378.0
Mouse_Thymus3,86_41,4,14788.0,14778.0
Mouse_Thymus3,94_43,5,15588.0,14978.0
Mouse_Thymus3,81_44,5,14288.0,15078.0
Mouse_Thymus3,56_25,2,11788.0,13178.0
Mouse_Thymus3,70_13,1,13188.0,11978.0
Mouse_Thymus3,60_40,5,12188.0,14678.0
Mouse_Thymus3,33_39,5,9488.0,14578.0
Mouse_Thymus3,69_47,4,13088.0,15378.0
Mouse_Thymus3,115_57,2,17688.0,16378.0
Mouse_Thymus3,105_52,5,16688.0,15878.0
Mouse_Thymus3,95_16,5,15688.0,12278.0
Mouse_Thymus3,121_57,5,18288.0,16378.0
Mouse_Thymus3,77_39,2,13888.0,14578.0
Mouse_Thymus3,50_34,1,11188.0,14078.0
Mouse_Thymus3,72_28,2,13388.0,13478.0
Mouse_Thymus3,72_7,5,13388.0,11378.0
Mouse_Thymus3,96_61,4,15788.0,16778.0
Mouse_Thymus3,46_46,5,10788.0,15278.0
Mouse_Thymus3,33_33,5,9488.0,13978.0
Mouse_Thymus3,102_43,5,16388.0,14978.0
Mouse_Thymus3,70_16,5,13188.0,12278.0
Mouse_Thymus3,105_54,5,16688.0,16078.0
Mouse_Thymus3,31_39,1,9288.0,14578.0
Mouse_Thymus3,62_27,4,12388.0,13378.0
Mouse_Thymus3,82_6,5,14388.0,11278.0
Mouse_Thymus3,45_41,2,10688.0,14778.0
Mouse_Thymus3,85_57,5,14688.0,16378.0
Mouse_Thymus3,82_40,1,14388.0,14678.0
Mouse_Thymus3,48_34,1,10988.0,14078.0
Mouse_Thymus3,55_24,2,11688.0,13078.0
Mouse_Thymus3,105_33,4,16688.0,13978.0
Mouse_Thymus3,90_48,5,15188.0,15478.0
Mouse_Thymus3,82_27,1,14388.0,13378.0
Mouse_Thymus3,99_33,1,16088.0,13978.0
Mouse_Thymus3,72_41,2,13388.0,14778.0
Mouse_Thymus3,33_54,5,9488.0,16078.0
Mouse_Thymus3,69_48,5,13088.0,15478.0
Mouse_Thymus3,64_13,4,12588.0,11978.0
Mouse_Thymus3,56_34,2,11788.0,14078.0
Mouse_Thymus3,66_31,5,12788.0,13778.0
Mouse_Thymus3,48_19,5,10988.0,12578.0
Mouse_Thymus3,68_36,2,12988.0,14278.0
Mouse_Thymus3,49_22,2,11088.0,12878.0
Mouse_Thymus3,83_42,4,14488.0,14878.0
Mouse_Thymus3,64_30,5,12588.0,13678.0
Mouse_Thymus3,63_30,5,12488.0,13678.0
Mouse_Thymus3,92_22,2,15388.0,12878.0
Mouse_Thymus3,119_68,5,18088.0,17478.0
Mouse_Thymus3,22_56,5,8388.0,16278.0
Mouse_Thymus3,13_52,5,7488.0,15878.0
Mouse_Thymus3,35_33,1,9688.0,13978.0
Mouse_Thymus3,95_5,7,15688.0,11178.0
Mouse_Thymus3,32_56,1,9388.0,16278.0
Mouse_Thymus3,21_37,1,8288.0,14378.0
Mouse_Thymus3,29_29,5,9088.0,13578.0
Mouse_Thymus3,96_39,4,15788.0,14578.0
Mouse_Thymus3,112_38,5,17388.0,14478.0
Mouse_Thymus3,117_44,5,17888.0,15078.0
Mouse_Thymus3,60_12,4,12188.0,11878.0
Mouse_Thymus3,42_47,1,10388.0,15378.0
Mouse_Thymus3,91_45,4,15288.0,15178.0
Mouse_Thymus3,70_25,2,13188.0,13178.0
Mouse_Thymus3,89_43,5,15088.0,14978.0
Mouse_Thymus3,49_23,2,11088.0,12978.0
Mouse_Thymus3,79_18,2,14088.0,12478.0
Mouse_Thymus3,74_4,4,13588.0,11078.0
Mouse_Thymus3,49_36,1,11088.0,14278.0
Mouse_Thymus3,72_10,5,13388.0,11678.0
Mouse_Thymus3,68_43,5,12988.0,14978.0
Mouse_Thymus3,54_38,4,11588.0,14478.0
Mouse_Thymus3,6_47,5,6788.0,15378.0
Mouse_Thymus3,68_2,4,12988.0,10878.0
Mouse_Thymus3,61_16,5,12288.0,12278.0
Mouse_Thymus3,66_32,5,12788.0,13878.0
Mouse_Thymus3,41_55,5,10288.0,16178.0
Mouse_Thymus3,43_43,2,10488.0,14978.0
Mouse_Thymus3,89_4,4,15088.0,11078.0
Mouse_Thymus3,122_66,2,18388.0,17278.0
Mouse_Thymus3,90_26,2,15188.0,13278.0
Mouse_Thymus3,57_41,5,11888.0,14778.0
Mouse_Thymus3,37_35,4,9888.0,14178.0
Mouse_Thymus3,14_52,5,7588.0,15878.0
Mouse_Thymus3,29_44,2,9088.0,15078.0
Mouse_Thymus3,73_38,2,13488.0,14478.0
Mouse_Thymus3,33_43,2,9488.0,14978.0
Mouse_Thymus3,50_45,1,11188.0,15178.0
Mouse_Thymus3,119_49,5,18088.0,15578.0
Mouse_Thymus3,84_16,1,14588.0,12278.0
Mouse_Thymus3,58_32,1,11988.0,13878.0
Mouse_Thymus3,47_19,5,10888.0,12578.0
Mouse_Thymus3,89_22,2,15088.0,12878.0
Mouse_Thymus3,74_51,5,13588.0,15778.0
Mouse_Thymus3,112_55,5,17388.0,16178.0
Mouse_Thymus3,63_24,1,12488.0,13078.0
Mouse_Thymus3,109_56,5,17088.0,16278.0
Mouse_Thymus3,47_37,1,10888.0,14378.0
Mouse_Thymus3,48_29,2,10988.0,13578.0
Mouse_Thymus3,67_33,5,12888.0,13978.0
Mouse_Thymus3,88_56,5,14988.0,16278.0
Mouse_Thymus3,31_40,5,9288.0,14678.0
Mouse_Thymus3,125_64,5,18688.0,17078.0
Mouse_Thymus3,106_46,2,16788.0,15278.0
Mouse_Thymus3,85_14,2,14688.0,12078.0
Mouse_Thymus3,33_41,1,9488.0,14778.0
Mouse_Thymus3,83_9,5,14488.0,11578.0
Mouse_Thymus3,59_38,1,12088.0,14478.0
Mouse_Thymus3,31_48,2,9288.0,15478.0
Mouse_Thymus3,85_8,5,14688.0,11478.0
Mouse_Thymus3,58_13,5,11988.0,11978.0
Mouse_Thymus3,3_51,5,6488.0,15778.0
Mouse_Thymus3,73_3,5,13488.0,10978.0
Mouse_Thymus3,12_57,4,7388.0,16378.0
Mouse_Thymus3,116_41,5,17788.0,14778.0
Mouse_Thymus3,89_9,5,15088.0,11578.0
Mouse_Thymus3,30_31,4,9188.0,13778.0
Mouse_Thymus3,90_16,5,15188.0,12278.0
Mouse_Thymus3,61_11,5,12288.0,11778.0
Mouse_Thymus3,34_37,5,9588.0,14378.0
Mouse_Thymus3,114_41,5,17588.0,14778.0
Mouse_Thymus3,53_38,1,11488.0,14478.0
Mouse_Thymus3,103_52,5,16488.0,15878.0
Mouse_Thymus3,96_17,5,15788.0,12378.0
Mouse_Thymus3,86_35,4,14788.0,14178.0
Mouse_Thymus3,82_42,5,14388.0,14878.0
Mouse_Thymus3,60_36,2,12188.0,14278.0
Mouse_Thymus3,114_45,2,17588.0,15178.0
Mouse_Thymus3,89_23,2,15088.0,12978.0
Mouse_Thymus3,65_11,5,12688.0,11778.0
Mouse_Thymus3,101_57,5,16288.0,16378.0
Mouse_Thymus3,72_25,2,13388.0,13178.0
Mouse_Thymus3,75_7,5,13688.0,11378.0
Mouse_Thymus3,29_40,5,9088.0,14678.0
Mouse_Thymus3,66_15,5,12788.0,12178.0
Mouse_Thymus3,76_50,5,13788.0,15678.0
Mouse_Thymus3,12_48,2,7388.0,15478.0
Mouse_Thymus3,93_33,2,15488.0,13978.0
Mouse_Thymus3,57_36,2,11888.0,14278.0
Mouse_Thymus3,27_38,5,8888.0,14478.0
Mouse_Thymus3,49_21,2,11088.0,12778.0
Mouse_Thymus3,72_40,2,13388.0,14678.0
Mouse_Thymus3,98_47,4,15988.0,15378.0
Mouse_Thymus3,35_29,1,9688.0,13578.0
Mouse_Thymus3,90_49,5,15188.0,15578.0
Mouse_Thymus3,73_11,1,13488.0,11778.0
Mouse_Thymus3,56_40,5,11788.0,14678.0
Mouse_Thymus3,63_45,5,12488.0,15178.0
Mouse_Thymus3,82_43,5,14388.0,14978.0
Mouse_Thymus3,15_44,1,7688.0,15078.0
Mouse_Thymus3,12_52,5,7388.0,15878.0
Mouse_Thymus3,72_18,1,13388.0,12478.0
Mouse_Thymus3,66_18,1,12788.0,12478.0
Mouse_Thymus3,81_52,5,14288.0,15878.0
Mouse_Thymus3,54_26,2,11588.0,13278.0
Mouse_Thymus3,82_35,5,14388.0,14178.0
Mouse_Thymus3,81_16,2,14288.0,12278.0
Mouse_Thymus3,65_4,1,12688.0,11078.0
Mouse_Thymus3,63_3,7,12488.0,10978.0
Mouse_Thymus3,107_39,2,16888.0,14578.0
Mouse_Thymus3,95_15,5,15688.0,12178.0
Mouse_Thymus3,124_61,5,18588.0,16778.0
Mouse_Thymus3,83_55,5,14488.0,16178.0
Mouse_Thymus3,124_71,4,18588.0,17778.0
Mouse_Thymus3,66_14,4,12788.0,12078.0
Mouse_Thymus3,52_18,4,11388.0,12478.0
Mouse_Thymus3,47_21,4,10888.0,12778.0
Mouse_Thymus3,62_6,4,12388.0,11278.0
Mouse_Thymus3,104_44,4,16588.0,15078.0
Mouse_Thymus3,49_46,5,11088.0,15278.0
Mouse_Thymus3,100_24,4,16188.0,13078.0
Mouse_Thymus3,80_13,4,14188.0,11978.0
Mouse_Thymus3,121_71,5,18288.0,17778.0
Mouse_Thymus3,87_16,2,14888.0,12278.0
Mouse_Thymus3,45_46,5,10688.0,15278.0
Mouse_Thymus3,26_57,5,8788.0,16378.0
Mouse_Thymus3,37_30,1,9888.0,13678.0
Mouse_Thymus3,65_20,1,12688.0,12678.0
Mouse_Thymus3,66_17,5,12788.0,12378.0
Mouse_Thymus3,28_59,5,8988.0,16578.0
Mouse_Thymus3,44_31,2,10588.0,13778.0
Mouse_Thymus3,46_38,2,10788.0,14478.0
Mouse_Thymus3,103_24,5,16488.0,13078.0
Mouse_Thymus3,82_33,1,14388.0,13978.0
Mouse_Thymus3,66_26,2,12788.0,13278.0
Mouse_Thymus3,62_47,5,12388.0,15378.0
Mouse_Thymus3,70_0,5,13188.0,10678.0
Mouse_Thymus3,65_6,5,12688.0,11278.0
Mouse_Thymus3,94_44,5,15588.0,15078.0
Mouse_Thymus3,93_53,5,15488.0,15978.0
Mouse_Thymus3,65_23,1,12688.0,12978.0
Mouse_Thymus3,81_31,1,14288.0,13778.0
Mouse_Thymus3,28_55,5,8988.0,16178.0
Mouse_Thymus3,104_35,2,16588.0,14178.0
Mouse_Thymus3,93_8,5,15488.0,11478.0
Mouse_Thymus3,47_46,5,10888.0,15278.0
Mouse_Thymus3,116_68,4,17788.0,17478.0
Mouse_Thymus3,9_45,5,7088.0,15178.0
Mouse_Thymus3,99_21,5,16088.0,12778.0
Mouse_Thymus3,88_60,4,14988.0,16678.0
Mouse_Thymus3,70_33,1,13188.0,13978.0
Mouse_Thymus3,86_8,5,14788.0,11478.0
Mouse_Thymus3,5_50,4,6688.0,15678.0
Mouse_Thymus3,87_22,2,14888.0,12878.0
Mouse_Thymus3,85_33,5,14688.0,13978.0
Mouse_Thymus3,15_56,5,7688.0,16278.0
Mouse_Thymus3,41_26,5,10288.0,13278.0
Mouse_Thymus3,63_36,2,12488.0,14278.0
Mouse_Thymus3,80_33,5,14188.0,13978.0
Mouse_Thymus3,52_38,1,11388.0,14478.0
Mouse_Thymus3,25_40,5,8688.0,14678.0
Mouse_Thymus3,69_41,1,13088.0,14778.0
Mouse_Thymus3,56_28,2,11788.0,13478.0
Mouse_Thymus3,48_21,1,10988.0,12778.0
Mouse_Thymus3,48_16,5,10988.0,12278.0
Mouse_Thymus3,66_28,2,12788.0,13478.0
Mouse_Thymus3,14_50,2,7588.0,15678.0
Mouse_Thymus3,9_54,4,7088.0,16078.0
Mouse_Thymus3,58_26,2,11988.0,13278.0
Mouse_Thymus3,64_11,4,12588.0,11778.0
Mouse_Thymus3,55_25,2,11688.0,13178.0
Mouse_Thymus3,45_22,1,10688.0,12878.0
Mouse_Thymus3,73_6,5,13488.0,11278.0
Mouse_Thymus3,20_50,2,8188.0,15678.0
Mouse_Thymus3,106_30,5,16788.0,13678.0
Mouse_Thymus3,38_43,2,9988.0,14978.0
Mouse_Thymus3,110_62,1,17188.0,16878.0
Mouse_Thymus3,120_71,4,18188.0,17778.0
Mouse_Thymus3,37_48,2,9888.0,15478.0
Mouse_Thymus3,76_38,2,13788.0,14478.0
Mouse_Thymus3,59_9,7,12088.0,11578.0
Mouse_Thymus3,106_26,5,16788.0,13278.0
Mouse_Thymus3,46_42,2,10788.0,14878.0
Mouse_Thymus3,71_36,2,13288.0,14278.0
Mouse_Thymus3,112_52,5,17388.0,15878.0
Mouse_Thymus3,118_64,5,17988.0,17078.0
Mouse_Thymus3,87_4,5,14888.0,11078.0
Mouse_Thymus3,93_58,5,15488.0,16478.0
Mouse_Thymus3,21_45,1,8288.0,15178.0
Mouse_Thymus3,84_35,5,14588.0,14178.0
Mouse_Thymus3,85_20,2,14688.0,12678.0
Mouse_Thymus3,92_49,5,15388.0,15578.0
Mouse_Thymus3,44_25,5,10588.0,13178.0
Mouse_Thymus3,44_20,5,10588.0,12678.0
Mouse_Thymus3,117_60,2,17888.0,16678.0
Mouse_Thymus3,125_68,5,18688.0,17478.0
Mouse_Thymus3,95_35,2,15688.0,14178.0
Mouse_Thymus3,65_41,5,12688.0,14778.0
Mouse_Thymus3,121_61,1,18288.0,16778.0
Mouse_Thymus3,113_66,4,17488.0,17278.0
Mouse_Thymus3,25_43,1,8688.0,14978.0
Mouse_Thymus3,109_54,5,17088.0,16078.0
Mouse_Thymus3,51_42,5,11288.0,14878.0
Mouse_Thymus3,64_42,5,12588.0,14878.0
Mouse_Thymus3,38_31,1,9988.0,13778.0
Mouse_Thymus3,73_43,2,13488.0,14978.0
Mouse_Thymus3,115_55,5,17688.0,16178.0
Mouse_Thymus3,38_39,4,9988.0,14578.0
Mouse_Thymus3,113_37,5,17488.0,14378.0
Mouse_Thymus3,78_25,2,13988.0,13178.0
Mouse_Thymus3,46_17,5,10788.0,12378.0
Mouse_Thymus3,93_63,4,15488.0,16978.0
Mouse_Thymus3,14_47,2,7588.0,15378.0
Mouse_Thymus3,99_15,4,16088.0,12178.0
Mouse_Thymus3,6_45,5,6788.0,15178.0
Mouse_Thymus3,86_21,2,14788.0,12778.0
Mouse_Thymus3,86_32,4,14788.0,13878.0
Mouse_Thymus3,33_24,4,9488.0,13078.0
Mouse_Thymus3,45_24,5,10688.0,13078.0
Mouse_Thymus3,110_31,4,17188.0,13778.0
Mouse_Thymus3,67_44,5,12888.0,15078.0
Mouse_Thymus3,63_8,5,12488.0,11478.0
Mouse_Thymus3,1_47,4,6288.0,15378.0
Mouse_Thymus3,19_57,5,8088.0,16378.0
Mouse_Thymus3,62_16,4,12388.0,12278.0
Mouse_Thymus3,92_8,5,15388.0,11478.0
Mouse_Thymus3,76_12,5,13788.0,11878.0
Mouse_Thymus3,55_34,1,11688.0,14078.0
Mouse_Thymus3,108_58,5,16988.0,16478.0
Mouse_Thymus3,73_17,5,13488.0,12378.0
Mouse_Thymus3,94_55,5,15588.0,16178.0
Mouse_Thymus3,98_42,4,15988.0,14878.0
Mouse_Thymus3,104_48,5,16588.0,15478.0
Mouse_Thymus3,30_55,5,9188.0,16178.0
Mouse_Thymus3,100_58,5,16188.0,16478.0
Mouse_Thymus3,111_59,5,17288.0,16578.0
Mouse_Thymus3,25_52,1,8688.0,15878.0
Mouse_Thymus3,60_37,2,12188.0,14378.0
Mouse_Thymus3,71_31,2,13288.0,13778.0
Mouse_Thymus3,99_46,5,16088.0,15278.0
Mouse_Thymus3,87_37,5,14888.0,14378.0
Mouse_Thymus3,18_42,5,7988.0,14878.0
Mouse_Thymus3,36_55,5,9788.0,16178.0
Mouse_Thymus3,15_46,2,7688.0,15278.0
Mouse_Thymus3,73_16,5,13488.0,12278.0
Mouse_Thymus3,97_37,2,15888.0,14378.0
Mouse_Thymus3,74_44,2,13588.0,15078.0
Mouse_Thymus3,91_8,4,15288.0,11478.0
Mouse_Thymus3,96_42,5,15788.0,14878.0
Mouse_Thymus3,77_1,4,13888.0,10778.0
Mouse_Thymus3,75_27,2,13688.0,13378.0
Mouse_Thymus3,35_32,1,9688.0,13878.0
Mouse_Thymus3,29_30,5,9088.0,13678.0
Mouse_Thymus3,65_44,5,12688.0,15078.0
Mouse_Thymus3,47_29,2,10888.0,13578.0
Mouse_Thymus3,77_42,2,13888.0,14878.0
Mouse_Thymus3,107_41,2,16888.0,14778.0
Mouse_Thymus3,36_44,2,9788.0,15078.0
Mouse_Thymus3,59_40,5,12088.0,14678.0
Mouse_Thymus3,4_46,4,6588.0,15278.0
Mouse_Thymus3,77_43,2,13888.0,14978.0
Mouse_Thymus3,91_28,2,15288.0,13478.0
Mouse_Thymus3,48_31,5,10988.0,13778.0
Mouse_Thymus3,63_42,5,12488.0,14878.0
Mouse_Thymus3,36_51,1,9788.0,15778.0
Mouse_Thymus3,78_13,1,13988.0,11978.0
Mouse_Thymus3,102_20,4,16388.0,12678.0
Mouse_Thymus3,29_47,2,9088.0,15378.0
Mouse_Thymus3,5_51,5,6688.0,15778.0
Mouse_Thymus3,108_30,5,16988.0,13678.0
Mouse_Thymus3,116_59,2,17788.0,16578.0
Mouse_Thymus3,45_50,1,10688.0,15678.0
Mouse_Thymus3,108_55,5,16988.0,16178.0
Mouse_Thymus3,22_36,7,8388.0,14278.0
Mouse_Thymus3,91_40,5,15288.0,14678.0
Mouse_Thymus3,82_20,2,14388.0,12678.0
Mouse_Thymus3,84_53,4,14588.0,15978.0
Mouse_Thymus3,93_39,4,15488.0,14578.0
Mouse_Thymus3,32_41,5,9388.0,14778.0
Mouse_Thymus3,120_58,2,18188.0,16478.0
Mouse_Thymus3,92_55,5,15388.0,16178.0
Mouse_Thymus3,83_22,2,14488.0,12878.0
Mouse_Thymus3,110_47,1,17188.0,15378.0
Mouse_Thymus3,89_2,7,15088.0,10878.0
Mouse_Thymus3,108_34,5,16988.0,14078.0
Mouse_Thymus3,125_66,5,18688.0,17278.0
Mouse_Thymus3,125_70,5,18688.0,17678.0
Mouse_Thymus3,30_58,5,9188.0,16478.0
Mouse_Thymus3,6_46,5,6788.0,15278.0
Mouse_Thymus3,84_18,2,14588.0,12478.0
Mouse_Thymus3,9_50,4,7088.0,15678.0
Mouse_Thymus3,96_52,5,15788.0,15878.0
Mouse_Thymus3,31_29,5,9288.0,13578.0
Mouse_Thymus3,77_22,2,13888.0,12878.0
Mouse_Thymus3,89_58,5,15088.0,16478.0
Mouse_Thymus3,97_59,5,15888.0,16578.0
Mouse_Thymus3,109_44,2,17088.0,15078.0
Mouse_Thymus3,105_58,4,16688.0,16478.0
Mouse_Thymus3,97_42,5,15888.0,14878.0
Mouse_Thymus3,37_57,5,9888.0,16378.0
Mouse_Thymus3,78_41,2,13988.0,14778.0
Mouse_Thymus3,30_48,2,9188.0,15478.0
Mouse_Thymus3,40_22,5,10188.0,12878.0
Mouse_Thymus3,95_57,5,15688.0,16378.0
Mouse_Thymus3,46_44,1,10788.0,15078.0
Mouse_Thymus3,99_59,5,16088.0,16578.0
Mouse_Thymus3,108_59,5,16988.0,16578.0
Mouse_Thymus3,87_6,5,14888.0,11278.0
Mouse_Thymus3,93_61,5,15488.0,16778.0
Mouse_Thymus3,51_37,1,11288.0,14378.0
Mouse_Thymus3,102_19,7,16388.0,12578.0
Mouse_Thymus3,82_51,4,14388.0,15778.0
Mouse_Thymus3,32_24,1,9388.0,13078.0
Mouse_Thymus3,96_31,1,15788.0,13778.0
Mouse_Thymus3,97_51,5,15888.0,15778.0
Mouse_Thymus3,5_44,4,6688.0,15078.0
Mouse_Thymus3,95_17,4,15688.0,12378.0
Mouse_Thymus3,106_58,5,16788.0,16478.0
Mouse_Thymus3,46_26,1,10788.0,13278.0
Mouse_Thymus3,107_40,2,16888.0,14678.0
Mouse_Thymus3,96_43,5,15788.0,14978.0
Mouse_Thymus3,85_45,5,14688.0,15178.0
Mouse_Thymus3,61_43,1,12288.0,14978.0
Mouse_Thymus3,6_50,4,6788.0,15678.0
Mouse_Thymus3,82_12,1,14388.0,11878.0
Mouse_Thymus3,109_58,4,17088.0,16478.0
Mouse_Thymus3,73_42,2,13488.0,14878.0
Mouse_Thymus3,20_40,5,8188.0,14678.0
Mouse_Thymus3,42_37,1,10388.0,14378.0
Mouse_Thymus3,89_50,1,15088.0,15678.0
Mouse_Thymus3,8_53,5,6988.0,15978.0
Mouse_Thymus3,62_32,4,12388.0,13878.0
Mouse_Thymus3,104_47,4,16588.0,15378.0
Mouse_Thymus3,78_22,2,13988.0,12878.0
Mouse_Thymus3,108_53,5,16988.0,15978.0
Mouse_Thymus3,42_38,5,10388.0,14478.0
Mouse_Thymus3,89_19,2,15088.0,12578.0
Mouse_Thymus3,10_44,5,7188.0,15078.0
Mouse_Thymus3,104_46,2,16588.0,15278.0
Mouse_Thymus3,6_51,5,6788.0,15778.0
Mouse_Thymus3,92_52,5,15388.0,15878.0
Mouse_Thymus3,119_67,5,18088.0,17378.0
Mouse_Thymus3,93_32,2,15488.0,13878.0
Mouse_Thymus3,67_12,4,12888.0,11878.0
Mouse_Thymus3,84_39,5,14588.0,14578.0
Mouse_Thymus3,40_56,7,10188.0,16278.0
Mouse_Thymus3,50_40,1,11188.0,14678.0
Mouse_Thymus3,12_44,5,7388.0,15078.0
Mouse_Thymus3,106_56,5,16788.0,16278.0
Mouse_Thymus3,77_14,1,13888.0,12078.0
Mouse_Thymus3,19_44,5,8088.0,15078.0
Mouse_Thymus3,71_0,5,13288.0,10678.0
Mouse_Thymus3,29_60,4,9088.0,16678.0
Mouse_Thymus3,16_51,2,7788.0,15778.0
Mouse_Thymus3,109_47,1,17088.0,15378.0
Mouse_Thymus3,55_16,5,11688.0,12278.0
Mouse_Thymus3,108_47,1,16988.0,15378.0
Mouse_Thymus3,58_28,1,11988.0,13478.0
Mouse_Thymus3,74_1,5,13588.0,10778.0
Mouse_Thymus3,107_42,2,16888.0,14878.0
Mouse_Thymus3,72_44,4,13388.0,15078.0
Mouse_Thymus3,74_16,1,13588.0,12278.0
Mouse_Thymus3,6_48,5,6788.0,15478.0
Mouse_Thymus3,23_60,4,8488.0,16678.0
Mouse_Thymus3,89_12,5,15088.0,11878.0
Mouse_Thymus3,54_34,1,11588.0,14078.0
Mouse_Thymus3,100_54,5,16188.0,16078.0
Mouse_Thymus3,101_31,2,16288.0,13778.0
Mouse_Thymus3,121_63,5,18288.0,16978.0
Mouse_Thymus3,86_5,5,14788.0,11178.0
Mouse_Thymus3,25_48,2,8688.0,15478.0
Mouse_Thymus3,33_46,2,9488.0,15278.0
Mouse_Thymus3,72_16,5,13388.0,12278.0
Mouse_Thymus3,81_4,1,14288.0,11078.0
Mouse_Thymus3,84_25,1,14588.0,13178.0
Mouse_Thymus3,69_17,4,13088.0,12378.0
Mouse_Thymus3,21_54,4,8288.0,16078.0
Mouse_Thymus3,36_28,1,9788.0,13478.0
Mouse_Thymus3,108_60,1,16988.0,16678.0
Mouse_Thymus3,47_28,2,10888.0,13478.0
Mouse_Thymus3,97_19,5,15888.0,12578.0
Mouse_Thymus3,69_30,2,13088.0,13678.0
Mouse_Thymus3,11_51,5,7288.0,15778.0
Mouse_Thymus3,32_48,2,9388.0,15478.0
Mouse_Thymus3,72_1,5,13388.0,10778.0
Mouse_Thymus3,103_39,2,16488.0,14578.0
Mouse_Thymus3,98_18,5,15988.0,12478.0
Mouse_Thymus3,118_61,2,17988.0,16778.0
Mouse_Thymus3,52_43,5,11388.0,14978.0
Mouse_Thymus3,113_50,5,17488.0,15678.0
Mouse_Thymus3,40_50,1,10188.0,15678.0
Mouse_Thymus3,64_10,5,12588.0,11678.0
Mouse_Thymus3,51_28,1,11288.0,13478.0
Mouse_Thymus3,70_42,4,13188.0,14878.0
Mouse_Thymus3,118_57,2,17988.0,16378.0
Mouse_Thymus3,52_28,2,11388.0,13478.0
Mouse_Thymus3,104_49,5,16588.0,15578.0
Mouse_Thymus3,109_33,5,17088.0,13978.0
Mouse_Thymus3,46_40,2,10788.0,14678.0
Mouse_Thymus3,86_53,5,14788.0,15978.0
Mouse_Thymus3,27_34,1,8888.0,14078.0
Mouse_Thymus3,53_36,2,11488.0,14278.0
Mouse_Thymus3,103_43,5,16488.0,14978.0
Mouse_Thymus3,26_30,7,8788.0,13678.0
Mouse_Thymus3,71_24,2,13288.0,13078.0
Mouse_Thymus3,40_38,1,10188.0,14478.0
Mouse_Thymus3,58_37,2,11988.0,14378.0
Mouse_Thymus3,90_51,4,15188.0,15778.0
Mouse_Thymus3,70_49,1,13188.0,15578.0
Mouse_Thymus3,94_39,5,15588.0,14578.0
Mouse_Thymus3,107_48,5,16888.0,15478.0
Mouse_Thymus3,47_44,5,10888.0,15078.0
Mouse_Thymus3,40_45,2,10188.0,15178.0
Mouse_Thymus3,81_43,5,14288.0,14978.0
Mouse_Thymus3,25_42,5,8688.0,14878.0
Mouse_Thymus3,104_34,2,16588.0,14078.0
Mouse_Thymus3,40_54,5,10188.0,16078.0
Mouse_Thymus3,38_57,7,9988.0,16378.0
Mouse_Thymus3,88_55,5,14988.0,16178.0
Mouse_Thymus3,44_19,1,10588.0,12578.0
Mouse_Thymus3,42_40,2,10388.0,14678.0
Mouse_Thymus3,81_8,5,14288.0,11478.0
Mouse_Thymus3,60_30,2,12188.0,13678.0
Mouse_Thymus3,60_21,2,12188.0,12778.0
Mouse_Thymus3,73_23,2,13488.0,12978.0
Mouse_Thymus3,50_19,5,11188.0,12578.0
Mouse_Thymus3,67_45,5,12888.0,15178.0
Mouse_Thymus3,84_23,2,14588.0,12978.0
Mouse_Thymus3,70_5,5,13188.0,11178.0
Mouse_Thymus3,26_50,2,8788.0,15678.0
Mouse_Thymus3,102_24,5,16388.0,13078.0
Mouse_Thymus3,100_47,4,16188.0,15378.0
Mouse_Thymus3,79_54,5,14088.0,16078.0
Mouse_Thymus3,43_35,1,10488.0,14178.0
Mouse_Thymus3,103_44,5,16488.0,15078.0
Mouse_Thymus3,103_56,4,16488.0,16278.0
Mouse_Thymus3,122_67,1,18388.0,17378.0
Mouse_Thymus3,114_40,5,17588.0,14678.0
Mouse_Thymus3,79_8,5,14088.0,11478.0
Mouse_Thymus3,109_31,5,17088.0,13778.0
Mouse_Thymus3,74_40,2,13588.0,14678.0
Mouse_Thymus3,89_13,5,15088.0,11978.0
Mouse_Thymus3,14_51,2,7588.0,15778.0
Mouse_Thymus3,78_24,2,13988.0,13078.0
Mouse_Thymus3,15_45,1,7688.0,15178.0
Mouse_Thymus3,40_32,2,10188.0,13878.0
Mouse_Thymus3,87_10,5,14888.0,11678.0
Mouse_Thymus3,112_59,5,17388.0,16578.0
Mouse_Thymus3,82_2,4,14388.0,10878.0
Mouse_Thymus3,86_4,5,14788.0,11078.0
Mouse_Thymus3,84_59,7,14588.0,16578.0
Mouse_Thymus3,52_44,5,11388.0,15078.0
Mouse_Thymus3,70_47,5,13188.0,15378.0
Mouse_Thymus3,100_38,2,16188.0,14478.0
Mouse_Thymus3,88_22,2,14988.0,12878.0
Mouse_Thymus3,64_34,1,12588.0,14078.0
Mouse_Thymus3,91_55,5,15288.0,16178.0
Mouse_Thymus3,92_44,4,15388.0,15078.0
Mouse_Thymus3,67_21,2,12888.0,12778.0
Mouse_Thymus3,67_41,5,12888.0,14778.0
Mouse_Thymus3,62_23,2,12388.0,12978.0
Mouse_Thymus3,61_39,4,12288.0,14578.0
Mouse_Thymus3,94_14,4,15588.0,12078.0
Mouse_Thymus3,30_45,2,9188.0,15178.0
Mouse_Thymus3,20_58,5,8188.0,16478.0
Mouse_Thymus3,86_10,5,14788.0,11678.0
Mouse_Thymus3,98_10,7,15988.0,11678.0
Mouse_Thymus3,88_28,5,14988.0,13478.0
Mouse_Thymus3,106_29,5,16788.0,13578.0
Mouse_Thymus3,78_15,1,13988.0,12178.0
Mouse_Thymus3,87_53,4,14888.0,15978.0
Mouse_Thymus3,66_11,4,12788.0,11778.0
Mouse_Thymus3,31_60,4,9288.0,16678.0
Mouse_Thymus3,66_29,1,12788.0,13578.0
Mouse_Thymus3,37_38,4,9888.0,14478.0
Mouse_Thymus3,35_46,2,9688.0,15278.0
Mouse_Thymus3,50_17,5,11188.0,12378.0
Mouse_Thymus3,26_53,5,8788.0,15978.0
Mouse_Thymus3,120_55,5,18188.0,16178.0
Mouse_Thymus3,26_40,5,8788.0,14678.0
Mouse_Thymus3,26_44,2,8788.0,15078.0
Mouse_Thymus3,61_23,2,12288.0,12978.0
Mouse_Thymus3,59_11,5,12088.0,11778.0
Mouse_Thymus3,80_5,1,14188.0,11178.0
Mouse_Thymus3,88_52,4,14988.0,15878.0
Mouse_Thymus3,96_7,4,15788.0,11378.0
Mouse_Thymus3,84_45,5,14588.0,15178.0
Mouse_Thymus3,117_59,2,17888.0,16578.0
Mouse_Thymus3,72_42,1,13388.0,14878.0
Mouse_Thymus3,42_46,2,10388.0,15278.0
Mouse_Thymus3,115_67,4,17688.0,17378.0
Mouse_Thymus3,105_59,7,16688.0,16578.0
Mouse_Thymus3,80_2,5,14188.0,10878.0
Mouse_Thymus3,44_41,2,10588.0,14778.0
Mouse_Thymus3,101_36,2,16288.0,14278.0
Mouse_Thymus3,121_65,2,18288.0,17178.0
Mouse_Thymus3,83_11,4,14488.0,11778.0
Mouse_Thymus3,94_59,5,15588.0,16578.0
Mouse_Thymus3,100_20,5,16188.0,12678.0
Mouse_Thymus3,83_23,2,14488.0,12978.0
Mouse_Thymus3,115_62,5,17688.0,16878.0
Mouse_Thymus3,70_28,2,13188.0,13478.0
Mouse_Thymus3,89_27,5,15088.0,13378.0
Mouse_Thymus3,67_2,5,12888.0,10878.0
Mouse_Thymus3,71_10,5,13288.0,11678.0
Mouse_Thymus3,87_3,4,14888.0,10978.0
Mouse_Thymus3,68_27,2,12988.0,13378.0
Mouse_Thymus3,96_15,5,15788.0,12178.0
Mouse_Thymus3,74_15,5,13588.0,12178.0
Mouse_Thymus3,32_57,5,9388.0,16378.0
Mouse_Thymus3,76_44,2,13788.0,15078.0
Mouse_Thymus3,35_35,1,9688.0,14178.0
Mouse_Thymus3,65_8,5,12688.0,11478.0
Mouse_Thymus3,97_32,4,15888.0,13878.0
Mouse_Thymus3,98_60,4,15988.0,16678.0
Mouse_Thymus3,31_50,2,9288.0,15678.0
Mouse_Thymus3,109_49,5,17088.0,15578.0
Mouse_Thymus3,58_34,2,11988.0,14078.0
Mouse_Thymus3,44_33,1,10588.0,13978.0
Mouse_Thymus3,81_39,4,14288.0,14578.0
Mouse_Thymus3,27_48,2,8888.0,15478.0
Mouse_Thymus3,43_37,7,10488.0,14378.0
Mouse_Thymus3,100_33,1,16188.0,13978.0
Mouse_Thymus3,108_42,2,16988.0,14878.0
Mouse_Thymus3,119_63,5,18088.0,16978.0
Mouse_Thymus3,117_66,5,17888.0,17278.0
Mouse_Thymus3,14_57,4,7588.0,16378.0
Mouse_Thymus3,53_44,4,11488.0,15078.0
Mouse_Thymus3,33_32,1,9488.0,13878.0
Mouse_Thymus3,70_11,5,13188.0,11778.0
Mouse_Thymus3,110_59,5,17188.0,16578.0
Mouse_Thymus3,110_54,5,17188.0,16078.0
Mouse_Thymus3,121_59,5,18288.0,16578.0
Mouse_Thymus3,93_37,5,15488.0,14378.0
Mouse_Thymus3,120_46,7,18188.0,15278.0
Mouse_Thymus3,35_58,4,9688.0,16478.0
Mouse_Thymus3,102_44,4,16388.0,15078.0
Mouse_Thymus3,78_42,2,13988.0,14878.0
Mouse_Thymus3,96_62,4,15788.0,16878.0
Mouse_Thymus3,78_21,2,13988.0,12778.0
Mouse_Thymus3,114_61,4,17588.0,16778.0
Mouse_Thymus3,45_40,2,10688.0,14678.0
Mouse_Thymus3,95_52,5,15688.0,15878.0
Mouse_Thymus3,75_0,4,13688.0,10678.0
Mouse_Thymus3,89_34,1,15088.0,14078.0
Mouse_Thymus3,79_1,4,14088.0,10778.0
Mouse_Thymus3,65_35,1,12688.0,14178.0
Mouse_Thymus3,49_39,2,11088.0,14578.0
Mouse_Thymus3,38_19,7,9988.0,12578.0
Mouse_Thymus3,40_41,2,10188.0,14778.0
Mouse_Thymus3,72_22,2,13388.0,12878.0
Mouse_Thymus3,113_43,2,17488.0,14978.0
Mouse_Thymus3,39_54,5,10088.0,16078.0
Mouse_Thymus3,98_37,2,15988.0,14378.0
Mouse_Thymus3,24_40,5,8588.0,14678.0
Mouse_Thymus3,89_17,2,15088.0,12378.0
Mouse_Thymus3,56_32,2,11788.0,13878.0
Mouse_Thymus3,92_12,5,15388.0,11878.0
Mouse_Thymus3,112_33,5,17388.0,13978.0
Mouse_Thymus3,78_52,4,13988.0,15878.0
Mouse_Thymus3,78_45,2,13988.0,15178.0
Mouse_Thymus3,93_41,5,15488.0,14778.0
Mouse_Thymus3,82_3,5,14388.0,10978.0
Mouse_Thymus3,28_50,2,8988.0,15678.0
Mouse_Thymus3,87_13,1,14888.0,11978.0
Mouse_Thymus3,104_26,5,16588.0,13278.0
Mouse_Thymus3,97_61,5,15888.0,16778.0
Mouse_Thymus3,88_3,4,14988.0,10978.0
Mouse_Thymus3,89_29,1,15088.0,13578.0
Mouse_Thymus3,85_24,2,14688.0,13078.0
Mouse_Thymus3,64_44,5,12588.0,15078.0
Mouse_Thymus3,61_37,1,12288.0,14378.0
Mouse_Thymus3,75_21,2,13688.0,12778.0
Mouse_Thymus3,75_3,4,13688.0,10978.0
Mouse_Thymus3,53_42,5,11488.0,14878.0
Mouse_Thymus3,30_47,2,9188.0,15378.0
Mouse_Thymus3,52_15,5,11388.0,12178.0
Mouse_Thymus3,2_52,5,6388.0,15878.0
Mouse_Thymus3,13_47,2,7488.0,15378.0
Mouse_Thymus3,43_23,5,10488.0,12978.0
Mouse_Thymus3,77_25,2,13888.0,13178.0
Mouse_Thymus3,79_24,2,14088.0,13078.0
Mouse_Thymus3,64_39,5,12588.0,14578.0
Mouse_Thymus3,102_23,5,16388.0,12978.0
Mouse_Thymus3,84_55,5,14588.0,16178.0
Mouse_Thymus3,10_56,4,7188.0,16278.0
Mouse_Thymus3,71_4,5,13288.0,11078.0
Mouse_Thymus3,97_13,5,15888.0,11978.0
Mouse_Thymus3,51_30,4,11288.0,13678.0
Mouse_Thymus3,104_53,5,16588.0,15978.0
Mouse_Thymus3,27_58,5,8888.0,16478.0
Mouse_Thymus3,67_15,4,12888.0,12178.0
Mouse_Thymus3,114_60,1,17588.0,16678.0
Mouse_Thymus3,70_51,7,13188.0,15778.0
Mouse_Thymus3,83_31,4,14488.0,13778.0
Mouse_Thymus3,75_42,2,13688.0,14878.0
Mouse_Thymus3,73_29,2,13488.0,13578.0
Mouse_Thymus3,91_56,5,15288.0,16278.0
Mouse_Thymus3,96_21,2,15788.0,12778.0
Mouse_Thymus3,33_52,5,9488.0,15878.0
Mouse_Thymus3,91_51,5,15288.0,15778.0
Mouse_Thymus3,23_56,5,8488.0,16278.0
Mouse_Thymus3,107_37,2,16888.0,14378.0
Mouse_Thymus3,87_23,2,14888.0,12978.0
Mouse_Thymus3,57_15,4,11888.0,12178.0
Mouse_Thymus3,69_39,2,13088.0,14578.0
Mouse_Thymus3,7_51,5,6888.0,15778.0
Mouse_Thymus3,88_7,4,14988.0,11378.0
Mouse_Thymus3,21_56,1,8288.0,16278.0
Mouse_Thymus3,45_49,5,10688.0,15578.0
Mouse_Thymus3,94_57,5,15588.0,16378.0
Mouse_Thymus3,63_13,5,12488.0,11978.0
Mouse_Thymus3,74_6,5,13588.0,11278.0
Mouse_Thymus3,69_21,1,13088.0,12778.0
Mouse_Thymus3,52_19,5,11388.0,12578.0
Mouse_Thymus3,78_31,1,13988.0,13778.0
Mouse_Thymus3,80_56,4,14188.0,16278.0
Mouse_Thymus3,51_46,7,11288.0,15278.0
Mouse_Thymus3,78_9,1,13988.0,11578.0
Mouse_Thymus3,18_57,5,7988.0,16378.0
Mouse_Thymus3,97_29,2,15888.0,13578.0
Mouse_Thymus3,20_41,5,8188.0,14778.0
Mouse_Thymus3,86_31,4,14788.0,13778.0
Mouse_Thymus3,87_25,2,14888.0,13178.0
Mouse_Thymus3,101_55,5,16288.0,16178.0
Mouse_Thymus3,62_25,2,12388.0,13178.0
Mouse_Thymus3,56_12,7,11788.0,11878.0
Mouse_Thymus3,43_24,1,10488.0,13078.0
Mouse_Thymus3,69_4,5,13088.0,11078.0
Mouse_Thymus3,83_21,2,14488.0,12778.0
Mouse_Thymus3,120_48,5,18188.0,15478.0
Mouse_Thymus3,31_57,5,9288.0,16378.0
Mouse_Thymus3,97_44,4,15888.0,15078.0
Mouse_Thymus3,35_37,5,9688.0,14378.0
Mouse_Thymus3,23_37,1,8488.0,14378.0
Mouse_Thymus3,75_20,2,13688.0,12678.0
Mouse_Thymus3,3_50,5,6488.0,15678.0
Mouse_Thymus3,113_35,5,17488.0,14178.0
Mouse_Thymus3,53_21,2,11488.0,12778.0
Mouse_Thymus3,92_37,4,15388.0,14378.0
Mouse_Thymus3,92_40,5,15388.0,14678.0
Mouse_Thymus3,83_51,4,14488.0,15778.0
Mouse_Thymus3,71_35,2,13288.0,14178.0
Mouse_Thymus3,54_29,2,11588.0,13578.0
Mouse_Thymus3,70_26,2,13188.0,13278.0
Mouse_Thymus3,61_13,5,12288.0,11978.0
Mouse_Thymus3,34_54,5,9588.0,16078.0
Mouse_Thymus3,73_36,2,13488.0,14278.0
Mouse_Thymus3,80_11,5,14188.0,11778.0
Mouse_Thymus3,92_29,4,15388.0,13578.0
Mouse_Thymus3,109_37,4,17088.0,14378.0
Mouse_Thymus3,76_4,5,13788.0,11078.0
Mouse_Thymus3,94_11,4,15588.0,11778.0
Mouse_Thymus3,102_47,5,16388.0,15378.0
Mouse_Thymus3,92_6,5,15388.0,11278.0
Mouse_Thymus3,43_22,5,10488.0,12878.0
Mouse_Thymus3,73_9,1,13488.0,11578.0
Mouse_Thymus3,28_48,2,8988.0,15478.0
Mouse_Thymus3,119_64,5,18088.0,17078.0
Mouse_Thymus3,29_43,2,9088.0,14978.0
Mouse_Thymus3,3_48,5,6488.0,15478.0
Mouse_Thymus3,84_43,5,14588.0,14978.0
Mouse_Thymus3,34_58,5,9588.0,16478.0
Mouse_Thymus3,76_54,7,13788.0,16078.0
Mouse_Thymus3,94_61,5,15588.0,16778.0
Mouse_Thymus3,65_42,5,12688.0,14878.0
Mouse_Thymus3,87_54,5,14888.0,16078.0
Mouse_Thymus3,65_5,5,12688.0,11178.0
Mouse_Thymus3,76_14,5,13788.0,12078.0
Mouse_Thymus3,39_28,1,10088.0,13478.0
Mouse_Thymus3,22_60,4,8388.0,16678.0
Mouse_Thymus3,17_54,5,7888.0,16078.0
Mouse_Thymus3,97_15,5,15888.0,12178.0
Mouse_Thymus3,22_41,5,8388.0,14778.0
Mouse_Thymus3,91_18,1,15288.0,12478.0
Mouse_Thymus3,78_1,4,13988.0,10778.0
Mouse_Thymus3,91_41,4,15288.0,14778.0
Mouse_Thymus3,84_54,5,14588.0,16078.0
Mouse_Thymus3,37_42,2,9888.0,14878.0
Mouse_Thymus3,64_31,4,12588.0,13778.0
Mouse_Thymus3,77_40,2,13888.0,14678.0
Mouse_Thymus3,83_16,2,14488.0,12278.0
Mouse_Thymus3,7_49,5,6888.0,15578.0
Mouse_Thymus3,72_21,2,13388.0,12778.0
Mouse_Thymus3,96_23,2,15788.0,12978.0
Mouse_Thymus3,46_47,1,10788.0,15378.0
Mouse_Thymus3,73_39,2,13488.0,14578.0
Mouse_Thymus3,79_37,4,14088.0,14378.0
Mouse_Thymus3,118_53,1,17988.0,15978.0
Mouse_Thymus3,42_18,5,10388.0,12478.0
Mouse_Thymus3,48_37,1,10988.0,14378.0
Mouse_Thymus3,96_11,5,15788.0,11778.0
Mouse_Thymus3,99_55,5,16088.0,16178.0
Mouse_Thymus3,72_49,5,13388.0,15578.0
Mouse_Thymus3,80_30,1,14188.0,13678.0
Mouse_Thymus3,64_15,5,12588.0,12178.0
Mouse_Thymus3,61_33,1,12288.0,13978.0
Mouse_Thymus3,68_31,4,12988.0,13778.0
Mouse_Thymus3,9_43,1,7088.0,14978.0
Mouse_Thymus3,22_51,2,8388.0,15778.0
Mouse_Thymus3,87_28,1,14888.0,13478.0
Mouse_Thymus3,48_46,5,10988.0,15278.0
Mouse_Thymus3,48_42,2,10988.0,14878.0
Mouse_Thymus3,67_16,5,12888.0,12278.0
Mouse_Thymus3,47_40,2,10888.0,14678.0
Mouse_Thymus3,60_11,4,12188.0,11778.0
Mouse_Thymus3,78_28,1,13988.0,13478.0
Mouse_Thymus3,77_23,2,13888.0,12978.0
Mouse_Thymus3,44_44,2,10588.0,15078.0
Mouse_Thymus3,96_22,2,15788.0,12878.0
Mouse_Thymus3,14_41,5,7588.0,14778.0
Mouse_Thymus3,52_34,2,11388.0,14078.0
Mouse_Thymus3,28_53,5,8988.0,15978.0
Mouse_Thymus3,113_59,4,17488.0,16578.0
Mouse_Thymus3,51_41,1,11288.0,14778.0
Mouse_Thymus3,93_25,2,15488.0,13178.0
Mouse_Thymus3,35_53,5,9688.0,15978.0
Mouse_Thymus3,39_31,2,10088.0,13778.0
Mouse_Thymus3,116_69,7,17788.0,17578.0
Mouse_Thymus3,40_24,5,10188.0,13078.0
Mouse_Thymus3,24_44,1,8588.0,15078.0
Mouse_Thymus3,83_28,2,14488.0,13478.0
Mouse_Thymus3,116_48,2,17788.0,15478.0
Mouse_Thymus3,91_11,5,15288.0,11778.0
Mouse_Thymus3,89_38,4,15088.0,14478.0
Mouse_Thymus3,72_35,2,13388.0,14178.0
Mouse_Thymus3,98_22,1,15988.0,12878.0
Mouse_Thymus3,79_46,4,14088.0,15278.0
Mouse_Thymus3,16_59,7,7788.0,16578.0
Mouse_Thymus3,31_35,1,9288.0,14178.0
Mouse_Thymus3,99_53,4,16088.0,15978.0
Mouse_Thymus3,52_35,2,11388.0,14178.0
Mouse_Thymus3,26_56,5,8788.0,16278.0
Mouse_Thymus3,59_13,5,12088.0,11978.0
Mouse_Thymus3,120_47,5,18188.0,15378.0
Mouse_Thymus3,81_45,5,14288.0,15178.0
Mouse_Thymus3,72_13,4,13388.0,11978.0
Mouse_Thymus3,52_29,2,11388.0,13578.0
Mouse_Thymus3,69_0,5,13088.0,10678.0
Mouse_Thymus3,81_37,5,14288.0,14378.0
Mouse_Thymus3,91_31,4,15288.0,13778.0
Mouse_Thymus3,87_49,4,14888.0,15578.0
Mouse_Thymus3,80_15,2,14188.0,12178.0
Mouse_Thymus3,97_21,1,15888.0,12778.0
Mouse_Thymus3,31_44,2,9288.0,15078.0
Mouse_Thymus3,73_26,2,13488.0,13278.0
Mouse_Thymus3,85_36,5,14688.0,14278.0
Mouse_Thymus3,85_2,4,14688.0,10878.0
Mouse_Thymus3,52_32,4,11388.0,13878.0
Mouse_Thymus3,14_48,2,7588.0,15478.0
Mouse_Thymus3,104_31,1,16588.0,13778.0
Mouse_Thymus3,29_37,5,9088.0,14378.0
Mouse_Thymus3,87_43,5,14888.0,14978.0
Mouse_Thymus3,74_36,2,13588.0,14278.0
Mouse_Thymus3,109_40,2,17088.0,14678.0
Mouse_Thymus3,27_41,5,8888.0,14778.0
Mouse_Thymus3,76_13,1,13788.0,11978.0
Mouse_Thymus3,112_41,2,17388.0,14778.0
Mouse_Thymus3,116_55,1,17788.0,16178.0
Mouse_Thymus3,66_30,5,12788.0,13678.0
Mouse_Thymus3,84_26,1,14588.0,13278.0
Mouse_Thymus3,7_54,1,6888.0,16078.0
Mouse_Thymus3,87_31,5,14888.0,13778.0
Mouse_Thymus3,60_31,2,12188.0,13778.0
Mouse_Thymus3,40_40,2,10188.0,14678.0
Mouse_Thymus3,28_58,5,8988.0,16478.0
Mouse_Thymus3,63_38,5,12488.0,14478.0
Mouse_Thymus3,39_20,5,10088.0,12678.0
Mouse_Thymus3,84_9,5,14588.0,11578.0
Mouse_Thymus3,80_16,2,14188.0,12278.0
Mouse_Thymus3,49_34,1,11088.0,14078.0
Mouse_Thymus3,45_20,5,10688.0,12678.0
Mouse_Thymus3,80_14,2,14188.0,12078.0
Mouse_Thymus3,107_57,5,16888.0,16378.0
Mouse_Thymus3,89_7,5,15088.0,11378.0
Mouse_Thymus3,80_1,1,14188.0,10778.0
Mouse_Thymus3,24_52,1,8588.0,15878.0
Mouse_Thymus3,105_34,2,16688.0,14078.0
Mouse_Thymus3,100_45,4,16188.0,15178.0
Mouse_Thymus3,87_48,5,14888.0,15478.0
Mouse_Thymus3,109_36,4,17088.0,14278.0
Mouse_Thymus3,110_51,5,17188.0,15778.0
Mouse_Thymus3,63_12,1,12488.0,11878.0
Mouse_Thymus3,84_5,5,14588.0,11178.0
Mouse_Thymus3,36_45,2,9788.0,15178.0
Mouse_Thymus3,71_13,2,13288.0,11978.0
Mouse_Thymus3,49_33,5,11088.0,13978.0
Mouse_Thymus3,98_56,5,15988.0,16278.0
Mouse_Thymus3,61_8,5,12288.0,11478.0
Mouse_Thymus3,95_19,1,15688.0,12578.0
Mouse_Thymus3,15_53,5,7688.0,15978.0
Mouse_Thymus3,40_46,2,10188.0,15278.0
Mouse_Thymus3,34_45,2,9588.0,15178.0
Mouse_Thymus3,81_28,2,14288.0,13478.0
Mouse_Thymus3,103_59,1,16488.0,16578.0
Mouse_Thymus3,97_60,5,15888.0,16678.0
Mouse_Thymus3,114_66,7,17588.0,17278.0
Mouse_Thymus3,84_27,5,14588.0,13378.0
Mouse_Thymus3,82_44,5,14388.0,15078.0
Mouse_Thymus3,66_39,1,12788.0,14578.0
Mouse_Thymus3,81_12,5,14288.0,11878.0
Mouse_Thymus3,11_42,5,7288.0,14878.0
Mouse_Thymus3,103_45,5,16488.0,15178.0
Mouse_Thymus3,33_29,1,9488.0,13578.0
Mouse_Thymus3,83_3,5,14488.0,10978.0
Mouse_Thymus3,69_10,5,13088.0,11678.0
Mouse_Thymus3,90_37,5,15188.0,14378.0
Mouse_Thymus3,42_20,5,10388.0,12678.0
Mouse_Thymus3,123_55,5,18488.0,16178.0
Mouse_Thymus3,27_37,5,8888.0,14378.0
Mouse_Thymus3,88_40,4,14988.0,14678.0
Mouse_Thymus3,117_62,1,17888.0,16878.0
Mouse_Thymus3,118_51,1,17988.0,15778.0
Mouse_Thymus3,38_45,2,9988.0,15178.0
Mouse_Thymus3,51_24,5,11288.0,13078.0
Mouse_Thymus3,47_48,7,10888.0,15478.0
Mouse_Thymus3,34_31,2,9588.0,13778.0
Mouse_Thymus3,40_25,5,10188.0,13178.0
Mouse_Thymus3,87_11,5,14888.0,11778.0
Mouse_Thymus3,75_31,2,13688.0,13778.0
Mouse_Thymus3,13_49,2,7488.0,15578.0
Mouse_Thymus3,71_1,5,13288.0,10778.0
Mouse_Thymus3,64_5,1,12588.0,11178.0
Mouse_Thymus3,59_31,2,12088.0,13778.0
Mouse_Thymus3,81_20,2,14288.0,12678.0
Mouse_Thymus3,106_32,5,16788.0,13878.0
Mouse_Thymus3,72_5,5,13388.0,11178.0
Mouse_Thymus3,98_43,4,15988.0,14978.0
Mouse_Thymus3,80_7,5,14188.0,11378.0
Mouse_Thymus3,11_44,5,7288.0,15078.0
Mouse_Thymus3,18_51,1,7988.0,15778.0
Mouse_Thymus3,91_34,5,15288.0,14078.0
Mouse_Thymus3,53_28,2,11488.0,13478.0
Mouse_Thymus3,86_46,5,14788.0,15278.0
Mouse_Thymus3,79_51,4,14088.0,15778.0
Mouse_Thymus3,98_30,1,15988.0,13678.0
Mouse_Thymus3,47_20,1,10888.0,12678.0
Mouse_Thymus3,81_57,1,14288.0,16378.0
Mouse_Thymus3,61_24,2,12288.0,13078.0
Mouse_Thymus3,78_26,5,13988.0,13278.0
Mouse_Thymus3,120_49,5,18188.0,15578.0
Mouse_Thymus3,63_19,4,12488.0,12578.0
Mouse_Thymus3,42_51,5,10388.0,15778.0
Mouse_Thymus3,107_32,5,16888.0,13878.0
Mouse_Thymus3,17_59,4,7888.0,16578.0
Mouse_Thymus3,68_13,5,12988.0,11978.0
Mouse_Thymus3,44_37,1,10588.0,14378.0
Mouse_Thymus3,0_46,7,6188.0,15278.0
Mouse_Thymus3,74_14,1,13588.0,12078.0
Mouse_Thymus3,95_51,5,15688.0,15778.0
Mouse_Thymus3,109_34,5,17088.0,14078.0
Mouse_Thymus3,122_63,5,18388.0,16978.0
Mouse_Thymus3,105_45,2,16688.0,15178.0
Mouse_Thymus3,77_53,5,13888.0,15978.0
Mouse_Thymus3,41_42,2,10288.0,14878.0
Mouse_Thymus3,72_39,2,13388.0,14578.0
Mouse_Thymus3,34_57,5,9588.0,16378.0
Mouse_Thymus3,20_44,5,8188.0,15078.0
Mouse_Thymus3,81_3,5,14288.0,10978.0
Mouse_Thymus3,89_21,2,15088.0,12778.0
Mouse_Thymus3,84_33,1,14588.0,13978.0
Mouse_Thymus3,83_13,1,14488.0,11978.0
Mouse_Thymus3,104_24,5,16588.0,13078.0
Mouse_Thymus3,51_36,1,11288.0,14278.0
Mouse_Thymus3,22_37,5,8388.0,14378.0
Mouse_Thymus3,107_35,1,16888.0,14178.0
Mouse_Thymus3,72_14,1,13388.0,12078.0
Mouse_Thymus3,87_14,1,14888.0,12078.0
Mouse_Thymus3,38_44,2,9988.0,15078.0
Mouse_Thymus3,106_43,4,16788.0,14978.0
Mouse_Thymus3,123_70,5,18488.0,17678.0
Mouse_Thymus3,110_52,5,17188.0,15878.0
Mouse_Thymus3,19_53,5,8088.0,15978.0
Mouse_Thymus3,48_38,2,10988.0,14478.0
Mouse_Thymus3,77_19,2,13888.0,12578.0
Mouse_Thymus3,84_36,5,14588.0,14278.0
Mouse_Thymus3,92_25,2,15388.0,13178.0
Mouse_Thymus3,124_63,5,18588.0,16978.0
Mouse_Thymus3,70_30,2,13188.0,13678.0
Mouse_Thymus3,93_20,1,15488.0,12678.0
Mouse_Thymus3,37_22,5,9888.0,12878.0
Mouse_Thymus3,32_52,5,9388.0,15878.0
Mouse_Thymus3,105_38,2,16688.0,14478.0
Mouse_Thymus3,89_6,5,15088.0,11278.0
Mouse_Thymus3,84_57,4,14588.0,16378.0
Mouse_Thymus3,77_44,2,13888.0,15078.0
Mouse_Thymus3,3_45,4,6488.0,15178.0
Mouse_Thymus3,32_55,5,9388.0,16178.0
Mouse_Thymus3,108_31,5,16988.0,13778.0
Mouse_Thymus3,94_17,4,15588.0,12378.0
Mouse_Thymus3,72_52,7,13388.0,15878.0
Mouse_Thymus3,121_56,5,18288.0,16278.0
Mouse_Thymus3,22_40,5,8388.0,14678.0
Mouse_Thymus3,89_45,5,15088.0,15178.0
Mouse_Thymus3,96_29,4,15788.0,13578.0
Mouse_Thymus3,112_64,5,17388.0,17078.0
Mouse_Thymus3,98_52,5,15988.0,15878.0
Mouse_Thymus3,19_54,5,8088.0,16078.0
Mouse_Thymus3,43_30,2,10488.0,13678.0
Mouse_Thymus3,33_57,5,9488.0,16378.0
Mouse_Thymus3,80_10,5,14188.0,11678.0
Mouse_Thymus3,32_28,4,9388.0,13478.0
Mouse_Thymus3,58_20,4,11988.0,12678.0
Mouse_Thymus3,65_32,4,12688.0,13878.0
Mouse_Thymus3,102_37,2,16388.0,14378.0
Mouse_Thymus3,114_43,1,17588.0,14978.0
Mouse_Thymus3,40_27,1,10188.0,13378.0
Mouse_Thymus3,95_47,4,15688.0,15378.0
Mouse_Thymus3,110_56,5,17188.0,16278.0
Mouse_Thymus3,84_48,1,14588.0,15478.0
Mouse_Thymus3,60_39,5,12188.0,14578.0
Mouse_Thymus3,39_44,2,10088.0,15078.0
Mouse_Thymus3,112_63,5,17388.0,16978.0
Mouse_Thymus3,38_46,1,9988.0,15278.0
Mouse_Thymus3,112_51,5,17388.0,15778.0
Mouse_Thymus3,75_4,5,13688.0,11078.0
Mouse_Thymus3,41_27,1,10288.0,13378.0
Mouse_Thymus3,56_44,4,11788.0,15078.0
Mouse_Thymus3,29_36,5,9088.0,14278.0
Mouse_Thymus3,97_12,5,15888.0,11878.0
Mouse_Thymus3,34_43,2,9588.0,14978.0
Mouse_Thymus3,88_15,2,14988.0,12178.0
Mouse_Thymus3,87_41,4,14888.0,14778.0
Mouse_Thymus3,58_12,5,11988.0,11878.0
Mouse_Thymus3,79_10,5,14088.0,11678.0
Mouse_Thymus3,97_27,2,15888.0,13378.0
Mouse_Thymus3,48_20,5,10988.0,12678.0
Mouse_Thymus3,106_42,2,16788.0,14878.0
Mouse_Thymus3,69_9,5,13088.0,11578.0
Mouse_Thymus3,70_18,4,13188.0,12478.0
Mouse_Thymus3,89_31,5,15088.0,13778.0
Mouse_Thymus3,117_42,5,17888.0,14878.0
Mouse_Thymus3,73_19,4,13488.0,12578.0
Mouse_Thymus3,89_56,4,15088.0,16278.0
Mouse_Thymus3,95_22,2,15688.0,12878.0
Mouse_Thymus3,79_16,2,14088.0,12278.0
Mouse_Thymus3,88_30,4,14988.0,13678.0
Mouse_Thymus3,50_33,4,11188.0,13978.0
Mouse_Thymus3,112_32,4,17388.0,13878.0
Mouse_Thymus3,19_42,1,8088.0,14878.0
Mouse_Thymus3,45_43,2,10688.0,14978.0
Mouse_Thymus3,105_46,2,16688.0,15278.0
Mouse_Thymus3,20_54,5,8188.0,16078.0
Mouse_Thymus3,99_25,2,16088.0,13178.0
Mouse_Thymus3,84_12,1,14588.0,11878.0
Mouse_Thymus3,59_23,2,12088.0,12978.0
Mouse_Thymus3,114_35,4,17588.0,14178.0
Mouse_Thymus3,83_47,5,14488.0,15378.0
Mouse_Thymus3,123_56,1,18488.0,16278.0
Mouse_Thymus3,94_33,2,15588.0,13978.0
Mouse_Thymus3,93_18,5,15488.0,12478.0
Mouse_Thymus3,34_55,5,9588.0,16178.0
Mouse_Thymus3,102_28,1,16388.0,13478.0
Mouse_Thymus3,61_35,2,12288.0,14178.0
Mouse_Thymus3,34_47,2,9588.0,15378.0
Mouse_Thymus3,42_36,1,10388.0,14278.0
Mouse_Thymus3,95_8,4,15688.0,11478.0
Mouse_Thymus3,106_35,2,16788.0,14178.0
Mouse_Thymus3,38_28,1,9988.0,13478.0
Mouse_Thymus3,57_13,5,11888.0,11978.0
Mouse_Thymus3,49_40,2,11088.0,14678.0
Mouse_Thymus3,68_12,1,12988.0,11878.0
Mouse_Thymus3,12_55,1,7388.0,16178.0
Mouse_Thymus3,27_51,2,8888.0,15778.0
Mouse_Thymus3,63_39,4,12488.0,14578.0
Mouse_Thymus3,15_42,4,7688.0,14878.0
Mouse_Thymus3,60_47,1,12188.0,15378.0
Mouse_Thymus3,98_34,1,15988.0,14078.0
Mouse_Thymus3,39_41,2,10088.0,14778.0
Mouse_Thymus3,105_36,2,16688.0,14278.0
Mouse_Thymus3,28_29,5,8988.0,13578.0
Mouse_Thymus3,66_43,5,12788.0,14978.0
Mouse_Thymus3,14_55,5,7588.0,16178.0
Mouse_Thymus3,63_34,1,12488.0,14078.0
Mouse_Thymus3,27_46,2,8888.0,15278.0
Mouse_Thymus3,94_50,4,15588.0,15678.0
Mouse_Thymus3,61_19,1,12288.0,12578.0
Mouse_Thymus3,57_25,1,11888.0,13178.0
Mouse_Thymus3,103_53,5,16488.0,15978.0
Mouse_Thymus3,85_34,5,14688.0,14078.0
Mouse_Thymus3,100_46,5,16188.0,15278.0
Mouse_Thymus3,54_18,5,11588.0,12478.0
Mouse_Thymus3,42_22,5,10388.0,12878.0
Mouse_Thymus3,11_45,5,7288.0,15178.0
Mouse_Thymus3,84_37,4,14588.0,14378.0
Mouse_Thymus3,114_51,5,17588.0,15778.0
Mouse_Thymus3,55_15,4,11688.0,12178.0
Mouse_Thymus3,54_31,2,11588.0,13778.0
Mouse_Thymus3,30_32,1,9188.0,13878.0
Mouse_Thymus3,118_55,2,17988.0,16178.0
Mouse_Thymus3,34_41,1,9588.0,14778.0
Mouse_Thymus3,115_63,5,17688.0,16978.0
Mouse_Thymus3,92_24,2,15388.0,13078.0
Mouse_Thymus3,99_62,5,16088.0,16878.0
Mouse_Thymus3,57_12,5,11888.0,11878.0
Mouse_Thymus3,45_42,2,10688.0,14878.0
Mouse_Thymus3,82_55,5,14388.0,16178.0
Mouse_Thymus3,52_33,1,11388.0,13978.0
Mouse_Thymus3,93_9,5,15488.0,11578.0
Mouse_Thymus3,95_12,4,15688.0,11878.0
Mouse_Thymus3,94_62,4,15588.0,16878.0
Mouse_Thymus3,36_54,5,9788.0,16078.0
Mouse_Thymus3,47_39,2,10888.0,14578.0
Mouse_Thymus3,66_42,1,12788.0,14878.0
Mouse_Thymus3,92_5,7,15388.0,11178.0
Mouse_Thymus3,95_44,1,15688.0,15078.0
Mouse_Thymus3,91_29,4,15288.0,13578.0
Mouse_Thymus3,103_55,1,16488.0,16178.0
Mouse_Thymus3,42_31,2,10388.0,13778.0
Mouse_Thymus3,70_1,5,13188.0,10778.0
Mouse_Thymus3,92_38,4,15388.0,14478.0
Mouse_Thymus3,55_29,2,11688.0,13578.0
Mouse_Thymus3,55_19,5,11688.0,12578.0
Mouse_Thymus3,53_40,5,11488.0,14678.0
Mouse_Thymus3,82_17,2,14388.0,12378.0
Mouse_Thymus3,77_48,1,13888.0,15478.0
Mouse_Thymus3,31_59,4,9288.0,16578.0
Mouse_Thymus3,16_46,2,7788.0,15278.0
Mouse_Thymus3,45_34,4,10688.0,14078.0
Mouse_Thymus3,107_45,2,16888.0,15178.0
Mouse_Thymus3,53_19,5,11488.0,12578.0
Mouse_Thymus3,39_57,7,10088.0,16378.0
Mouse_Thymus3,90_24,2,15188.0,13078.0
Mouse_Thymus3,59_28,1,12088.0,13478.0
Mouse_Thymus3,83_8,5,14488.0,11478.0
Mouse_Thymus3,110_39,2,17188.0,14578.0
Mouse_Thymus3,59_30,2,12088.0,13678.0
Mouse_Thymus3,75_22,2,13688.0,12878.0
Mouse_Thymus3,56_39,5,11788.0,14578.0
Mouse_Thymus3,74_8,4,13588.0,11478.0
Mouse_Thymus3,28_45,2,8988.0,15178.0
Mouse_Thymus3,87_15,2,14888.0,12178.0
Mouse_Thymus3,25_41,5,8688.0,14778.0
Mouse_Thymus3,116_43,5,17788.0,14978.0
Mouse_Thymus3,111_61,5,17288.0,16778.0
Mouse_Thymus3,93_38,4,15488.0,14478.0
Mouse_Thymus3,26_39,5,8788.0,14578.0
Mouse_Thymus3,60_17,2,12188.0,12378.0
Mouse_Thymus3,75_41,2,13688.0,14778.0
Mouse_Thymus3,118_50,5,17988.0,15678.0
Mouse_Thymus3,86_44,5,14788.0,15078.0
Mouse_Thymus3,81_47,1,14288.0,15378.0
Mouse_Thymus3,25_33,5,8688.0,13978.0
Mouse_Thymus3,24_57,4,8588.0,16378.0
Mouse_Thymus3,80_38,2,14188.0,14478.0
Mouse_Thymus3,71_18,5,13288.0,12478.0
Mouse_Thymus3,28_56,5,8988.0,16278.0
Mouse_Thymus3,73_22,2,13488.0,12878.0
Mouse_Thymus3,22_52,1,8388.0,15878.0
Mouse_Thymus3,51_35,2,11288.0,14178.0
Mouse_Thymus3,83_24,2,14488.0,13078.0
Mouse_Thymus3,18_40,5,7988.0,14678.0
Mouse_Thymus3,21_55,1,8288.0,16178.0
Mouse_Thymus3,27_52,1,8888.0,15878.0
Mouse_Thymus3,51_26,4,11288.0,13278.0
Mouse_Thymus3,80_36,5,14188.0,14278.0
Mouse_Thymus3,61_21,2,12288.0,12778.0
Mouse_Thymus3,65_2,5,12688.0,10878.0
Mouse_Thymus3,59_32,1,12088.0,13878.0
Mouse_Thymus3,54_25,2,11588.0,13178.0
Mouse_Thymus3,46_20,5,10788.0,12678.0
Mouse_Thymus3,92_51,5,15388.0,15778.0
Mouse_Thymus3,88_8,5,14988.0,11478.0
Mouse_Thymus3,36_23,1,9788.0,12978.0
Mouse_Thymus3,7_44,4,6888.0,15078.0
Mouse_Thymus3,30_44,2,9188.0,15078.0
Mouse_Thymus3,1_49,4,6288.0,15578.0
Mouse_Thymus3,73_34,2,13488.0,14078.0
Mouse_Thymus3,86_45,5,14788.0,15178.0
Mouse_Thymus3,123_62,5,18488.0,16878.0
Mouse_Thymus3,19_47,2,8088.0,15378.0
Mouse_Thymus3,99_16,4,16088.0,12278.0
Mouse_Thymus3,63_5,4,12488.0,11178.0
Mouse_Thymus3,111_63,4,17288.0,16978.0
Mouse_Thymus3,30_54,5,9188.0,16078.0
Mouse_Thymus3,29_39,5,9088.0,14578.0
Mouse_Thymus3,64_36,1,12588.0,14278.0
Mouse_Thymus3,85_1,4,14688.0,10778.0
Mouse_Thymus3,79_9,5,14088.0,11578.0
Mouse_Thymus3,30_52,5,9188.0,15878.0
Mouse_Thymus3,77_17,1,13888.0,12378.0
Mouse_Thymus3,57_14,5,11888.0,12078.0
Mouse_Thymus3,59_18,2,12088.0,12478.0
Mouse_Thymus3,79_13,5,14088.0,11978.0
Mouse_Thymus3,50_26,4,11188.0,13278.0
Mouse_Thymus3,76_18,4,13788.0,12478.0
Mouse_Thymus3,75_48,4,13688.0,15478.0
Mouse_Thymus3,77_46,1,13888.0,15278.0
Mouse_Thymus3,26_36,5,8788.0,14278.0
Mouse_Thymus3,114_52,5,17588.0,15878.0
Mouse_Thymus3,102_21,4,16388.0,12778.0
Mouse_Thymus3,121_66,1,18288.0,17278.0
Mouse_Thymus3,104_36,2,16588.0,14278.0
Mouse_Thymus3,99_30,1,16088.0,13678.0
Mouse_Thymus3,30_34,1,9188.0,14078.0
Mouse_Thymus3,25_47,2,8688.0,15378.0
Mouse_Thymus3,63_14,4,12488.0,12078.0
Mouse_Thymus3,25_56,5,8688.0,16278.0
Mouse_Thymus3,47_16,7,10888.0,12278.0
Mouse_Thymus3,84_52,4,14588.0,15878.0
Mouse_Thymus3,23_57,5,8488.0,16378.0
Mouse_Thymus3,83_26,1,14488.0,13278.0
Mouse_Thymus3,33_50,2,9488.0,15678.0
Mouse_Thymus3,85_47,4,14688.0,15378.0
Mouse_Thymus3,4_50,1,6588.0,15678.0
Mouse_Thymus3,78_14,5,13988.0,12078.0
Mouse_Thymus3,92_26,2,15388.0,13278.0
Mouse_Thymus3,55_22,1,11688.0,12878.0
Mouse_Thymus3,88_34,5,14988.0,14078.0
Mouse_Thymus3,15_52,1,7688.0,15878.0
Mouse_Thymus3,58_22,2,11988.0,12878.0
Mouse_Thymus3,69_6,5,13088.0,11278.0
Mouse_Thymus3,17_42,5,7888.0,14878.0
Mouse_Thymus3,120_53,5,18188.0,15978.0
Mouse_Thymus3,79_6,5,14088.0,11278.0
Mouse_Thymus3,90_39,5,15188.0,14578.0
Mouse_Thymus3,101_30,2,16288.0,13678.0
Mouse_Thymus3,122_53,5,18388.0,15978.0
Mouse_Thymus3,2_46,4,6388.0,15278.0
Mouse_Thymus3,114_56,5,17588.0,16278.0
Mouse_Thymus3,80_39,5,14188.0,14578.0
Mouse_Thymus3,21_50,2,8288.0,15678.0
Mouse_Thymus3,33_58,5,9488.0,16478.0
Mouse_Thymus3,92_59,5,15388.0,16578.0
Mouse_Thymus3,62_10,1,12388.0,11678.0
Mouse_Thymus3,72_30,2,13388.0,13678.0
Mouse_Thymus3,116_42,5,17788.0,14878.0
Mouse_Thymus3,89_57,5,15088.0,16378.0
Mouse_Thymus3,75_9,5,13688.0,11578.0
Mouse_Thymus3,23_47,2,8488.0,15378.0
Mouse_Thymus3,59_12,5,12088.0,11878.0
Mouse_Thymus3,85_21,2,14688.0,12778.0
Mouse_Thymus3,42_34,1,10388.0,14078.0
Mouse_Thymus3,88_46,5,14988.0,15278.0
Mouse_Thymus3,90_38,4,15188.0,14478.0
Mouse_Thymus3,41_28,2,10288.0,13478.0
Mouse_Thymus3,81_17,2,14288.0,12378.0
Mouse_Thymus3,51_16,1,11288.0,12278.0
Mouse_Thymus3,26_32,1,8788.0,13878.0
Mouse_Thymus3,100_61,5,16188.0,16778.0
Mouse_Thymus3,46_49,7,10788.0,15578.0
Mouse_Thymus3,17_58,4,7888.0,16478.0
Mouse_Thymus3,85_10,5,14688.0,11678.0
Mouse_Thymus3,113_65,4,17488.0,17178.0
Mouse_Thymus3,115_43,5,17688.0,14978.0
Mouse_Thymus3,25_39,5,8688.0,14578.0
Mouse_Thymus3,19_41,5,8088.0,14778.0
Mouse_Thymus3,76_30,2,13788.0,13678.0
Mouse_Thymus3,68_20,4,12988.0,12678.0
Mouse_Thymus3,109_42,2,17088.0,14878.0
Mouse_Thymus3,75_19,1,13688.0,12578.0
Mouse_Thymus3,79_39,2,14088.0,14578.0
Mouse_Thymus3,36_39,5,9788.0,14578.0
Mouse_Thymus3,61_18,4,12288.0,12478.0
Mouse_Thymus3,110_37,1,17188.0,14378.0
Mouse_Thymus3,52_14,5,11388.0,12078.0
Mouse_Thymus3,39_52,5,10088.0,15878.0
Mouse_Thymus3,71_46,5,13288.0,15278.0
Mouse_Thymus3,85_6,5,14688.0,11278.0
Mouse_Thymus3,101_52,4,16288.0,15878.0
Mouse_Thymus3,107_31,5,16888.0,13778.0
Mouse_Thymus3,58_15,4,11988.0,12178.0
Mouse_Thymus3,119_69,5,18088.0,17578.0
Mouse_Thymus3,69_11,1,13088.0,11778.0
Mouse_Thymus3,68_22,1,12988.0,12878.0
Mouse_Thymus3,111_54,5,17288.0,16078.0
Mouse_Thymus3,93_40,4,15488.0,14678.0
Mouse_Thymus3,66_6,5,12788.0,11278.0
Mouse_Thymus3,116_60,2,17788.0,16678.0
Mouse_Thymus3,83_38,1,14488.0,14478.0
Mouse_Thymus3,97_49,4,15888.0,15578.0
Mouse_Thymus3,78_34,5,13988.0,14078.0
Mouse_Thymus3,49_37,1,11088.0,14378.0
Mouse_Thymus3,36_50,1,9788.0,15678.0
Mouse_Thymus3,83_37,5,14488.0,14378.0
Mouse_Thymus3,69_22,1,13088.0,12878.0
Mouse_Thymus3,113_44,2,17488.0,15078.0
Mouse_Thymus3,96_40,4,15788.0,14678.0
Mouse_Thymus3,0_48,4,6188.0,15478.0
Mouse_Thymus3,71_28,1,13288.0,13478.0
Mouse_Thymus3,95_38,2,15688.0,14478.0
Mouse_Thymus3,26_42,5,8788.0,14878.0
Mouse_Thymus3,56_43,5,11788.0,14978.0
Mouse_Thymus3,68_48,5,12988.0,15478.0
Mouse_Thymus3,92_54,4,15388.0,16078.0
Mouse_Thymus3,97_57,5,15888.0,16378.0
Mouse_Thymus3,54_36,2,11588.0,14278.0
Mouse_Thymus3,37_32,1,9888.0,13878.0
Mouse_Thymus3,33_27,1,9488.0,13378.0
Mouse_Thymus3,113_40,5,17488.0,14678.0
Mouse_Thymus3,96_55,1,15788.0,16178.0
Mouse_Thymus3,43_39,2,10488.0,14578.0
Mouse_Thymus3,22_48,2,8388.0,15478.0
Mouse_Thymus3,55_32,2,11688.0,13878.0
Mouse_Thymus3,34_26,5,9588.0,13278.0
Mouse_Thymus3,100_17,4,16188.0,12378.0
Mouse_Thymus3,71_11,1,13288.0,11778.0
Mouse_Thymus3,99_31,1,16088.0,13778.0
Mouse_Thymus3,41_43,2,10288.0,14978.0
Mouse_Thymus3,33_48,2,9488.0,15478.0
Mouse_Thymus3,95_53,5,15688.0,15978.0
Mouse_Thymus3,30_51,2,9188.0,15778.0
Mouse_Thymus3,39_55,5,10088.0,16178.0
Mouse_Thymus3,36_41,1,9788.0,14778.0
Mouse_Thymus3,64_38,1,12588.0,14478.0
Mouse_Thymus3,125_62,7,18688.0,16878.0
Mouse_Thymus3,39_27,1,10088.0,13378.0
Mouse_Thymus3,57_40,5,11888.0,14678.0
Mouse_Thymus3,47_22,1,10888.0,12878.0
Mouse_Thymus3,64_35,4,12588.0,14178.0
Mouse_Thymus3,49_42,1,11088.0,14878.0
Mouse_Thymus3,90_43,4,15188.0,14978.0
Mouse_Thymus3,59_33,2,12088.0,13978.0
Mouse_Thymus3,101_42,1,16288.0,14878.0
Mouse_Thymus3,56_19,4,11788.0,12578.0
Mouse_Thymus3,98_20,5,15988.0,12678.0
Mouse_Thymus3,48_17,4,10988.0,12378.0
Mouse_Thymus3,32_37,4,9388.0,14378.0
Mouse_Thymus3,79_5,5,14088.0,11178.0
Mouse_Thymus3,47_33,1,10888.0,13978.0
Mouse_Thymus3,30_56,5,9188.0,16278.0
Mouse_Thymus3,103_47,5,16488.0,15378.0
Mouse_Thymus3,45_39,2,10688.0,14578.0
Mouse_Thymus3,38_36,1,9988.0,14278.0
Mouse_Thymus3,58_36,2,11988.0,14278.0
Mouse_Thymus3,71_40,2,13288.0,14678.0
Mouse_Thymus3,25_37,5,8688.0,14378.0
Mouse_Thymus3,75_24,2,13688.0,13078.0
Mouse_Thymus3,102_33,2,16388.0,13978.0
Mouse_Thymus3,43_47,1,10488.0,15378.0
Mouse_Thymus3,53_41,1,11488.0,14778.0
Mouse_Thymus3,101_38,2,16288.0,14478.0
Mouse_Thymus3,105_57,5,16688.0,16378.0
Mouse_Thymus3,93_47,4,15488.0,15378.0
Mouse_Thymus3,113_56,5,17488.0,16278.0
Mouse_Thymus3,65_21,1,12688.0,12778.0
Mouse_Thymus3,109_50,1,17088.0,15678.0
Mouse_Thymus3,66_21,1,12788.0,12778.0
Mouse_Thymus3,87_40,4,14888.0,14678.0
Mouse_Thymus3,79_0,4,14088.0,10678.0
Mouse_Thymus3,85_5,5,14688.0,11178.0
Mouse_Thymus3,15_51,2,7688.0,15778.0
Mouse_Thymus3,38_27,5,9988.0,13378.0
Mouse_Thymus3,52_31,1,11388.0,13778.0
Mouse_Thymus3,62_22,2,12388.0,12878.0
Mouse_Thymus3,114_42,4,17588.0,14878.0
Mouse_Thymus3,108_54,5,16988.0,16078.0
Mouse_Thymus3,8_49,4,6988.0,15578.0
Mouse_Thymus3,86_56,5,14788.0,16278.0
Mouse_Thymus3,24_51,2,8588.0,15778.0
Mouse_Thymus3,113_41,1,17488.0,14778.0
Mouse_Thymus3,49_27,2,11088.0,13378.0
Mouse_Thymus3,42_45,2,10388.0,15178.0
Mouse_Thymus3,32_35,5,9388.0,14178.0
Mouse_Thymus3,90_31,1,15188.0,13778.0
Mouse_Thymus3,65_14,5,12688.0,12078.0
Mouse_Thymus3,85_9,5,14688.0,11578.0
Mouse_Thymus3,106_36,2,16788.0,14278.0
Mouse_Thymus3,64_9,5,12588.0,11578.0
Mouse_Thymus3,68_9,4,12988.0,11578.0
Mouse_Thymus3,45_47,5,10688.0,15378.0
Mouse_Thymus3,7_48,4,6888.0,15478.0
Mouse_Thymus3,110_55,5,17188.0,16178.0
Mouse_Thymus3,78_48,4,13988.0,15478.0
Mouse_Thymus3,19_51,2,8088.0,15778.0
Mouse_Thymus3,92_53,5,15388.0,15978.0
Mouse_Thymus3,103_54,5,16488.0,16078.0
Mouse_Thymus3,99_13,4,16088.0,11978.0
Mouse_Thymus3,56_13,5,11788.0,11978.0
Mouse_Thymus3,91_57,5,15288.0,16378.0
Mouse_Thymus3,99_14,5,16088.0,12078.0
Mouse_Thymus3,84_15,2,14588.0,12178.0
Mouse_Thymus3,64_4,1,12588.0,11078.0
Mouse_Thymus3,66_12,4,12788.0,11878.0
Mouse_Thymus3,99_51,5,16088.0,15778.0
Mouse_Thymus3,76_31,2,13788.0,13778.0
Mouse_Thymus3,39_19,5,10088.0,12578.0
Mouse_Thymus3,41_30,2,10288.0,13678.0
Mouse_Thymus3,67_24,2,12888.0,13078.0
Mouse_Thymus3,44_39,2,10588.0,14578.0
Mouse_Thymus3,59_19,4,12088.0,12578.0
Mouse_Thymus3,104_41,2,16588.0,14778.0
Mouse_Thymus3,80_54,5,14188.0,16078.0
Mouse_Thymus3,99_48,5,16088.0,15478.0
Mouse_Thymus3,86_42,5,14788.0,14878.0
Mouse_Thymus3,37_49,2,9888.0,15578.0
Mouse_Thymus3,35_52,5,9688.0,15878.0
Mouse_Thymus3,69_12,1,13088.0,11878.0
Mouse_Thymus3,119_54,1,18088.0,16078.0
Mouse_Thymus3,32_30,1,9388.0,13678.0
Mouse_Thymus3,85_48,5,14688.0,15478.0
Mouse_Thymus3,70_46,5,13188.0,15278.0
Mouse_Thymus3,103_42,2,16488.0,14878.0
Mouse_Thymus3,77_47,4,13888.0,15378.0
Mouse_Thymus3,90_52,1,15188.0,15878.0
Mouse_Thymus3,7_43,1,6888.0,14978.0
Mouse_Thymus3,92_56,5,15388.0,16278.0
Mouse_Thymus3,63_46,5,12488.0,15278.0
Mouse_Thymus3,16_42,5,7788.0,14878.0
Mouse_Thymus3,63_32,1,12488.0,13878.0
Mouse_Thymus3,36_26,5,9788.0,13278.0
Mouse_Thymus3,67_43,5,12888.0,14978.0
Mouse_Thymus3,100_41,2,16188.0,14778.0
Mouse_Thymus3,78_32,5,13988.0,13878.0
Mouse_Thymus3,109_46,1,17088.0,15278.0
Mouse_Thymus3,41_24,4,10288.0,13078.0
Mouse_Thymus3,88_26,1,14988.0,13278.0
Mouse_Thymus3,28_35,5,8988.0,14178.0
Mouse_Thymus3,66_40,5,12788.0,14678.0
Mouse_Thymus3,74_25,2,13588.0,13178.0
Mouse_Thymus3,61_26,2,12288.0,13278.0
Mouse_Thymus3,83_48,4,14488.0,15478.0
Mouse_Thymus3,67_19,5,12888.0,12578.0
Mouse_Thymus3,98_24,2,15988.0,13078.0
Mouse_Thymus3,100_40,2,16188.0,14678.0
Mouse_Thymus3,107_30,5,16888.0,13678.0
Mouse_Thymus3,92_47,5,15388.0,15378.0
Mouse_Thymus3,84_38,5,14588.0,14478.0
Mouse_Thymus3,109_43,2,17088.0,14978.0
Mouse_Thymus3,17_48,2,7888.0,15478.0
Mouse_Thymus3,66_10,4,12788.0,11678.0
Mouse_Thymus3,42_29,2,10388.0,13578.0
Mouse_Thymus3,48_33,1,10988.0,13978.0
Mouse_Thymus3,57_27,2,11888.0,13378.0
Mouse_Thymus3,21_47,1,8288.0,15378.0
Mouse_Thymus3,51_19,4,11288.0,12578.0
Mouse_Thymus3,63_10,5,12488.0,11678.0
Mouse_Thymus3,71_5,5,13288.0,11178.0
Mouse_Thymus3,105_51,5,16688.0,15778.0
Mouse_Thymus3,40_43,2,10188.0,14978.0
Mouse_Thymus3,20_45,5,8188.0,15178.0
Mouse_Thymus3,104_32,1,16588.0,13878.0
Mouse_Thymus3,8_51,1,6988.0,15778.0
Mouse_Thymus3,77_49,5,13888.0,15578.0
Mouse_Thymus3,69_36,2,13088.0,14278.0
Mouse_Thymus3,41_54,5,10288.0,16078.0
Mouse_Thymus3,90_15,4,15188.0,12178.0
Mouse_Thymus3,69_20,1,13088.0,12678.0
Mouse_Thymus3,56_33,1,11788.0,13978.0
Mouse_Thymus3,9_51,5,7088.0,15778.0
Mouse_Thymus3,81_49,5,14288.0,15578.0
Mouse_Thymus3,41_51,1,10288.0,15778.0
Mouse_Thymus3,86_6,4,14788.0,11278.0
Mouse_Thymus3,99_41,2,16088.0,14778.0
Mouse_Thymus3,84_6,5,14588.0,11278.0
Mouse_Thymus3,102_42,2,16388.0,14878.0
Mouse_Thymus3,75_12,1,13688.0,11878.0
Mouse_Thymus3,29_41,1,9088.0,14778.0
Mouse_Thymus3,74_47,4,13588.0,15378.0
Mouse_Thymus3,88_2,4,14988.0,10878.0
Mouse_Thymus3,98_36,2,15988.0,14278.0
Mouse_Thymus3,74_11,1,13588.0,11778.0
Mouse_Thymus3,91_12,5,15288.0,11878.0
Mouse_Thymus3,71_43,4,13288.0,14978.0
Mouse_Thymus3,57_39,5,11888.0,14578.0
Mouse_Thymus3,69_29,2,13088.0,13578.0
Mouse_Thymus3,92_28,4,15388.0,13478.0
Mouse_Thymus3,92_63,4,15388.0,16978.0
Mouse_Thymus3,53_39,1,11488.0,14578.0
Mouse_Thymus3,58_23,2,11988.0,12978.0
Mouse_Thymus3,115_38,5,17688.0,14478.0
Mouse_Thymus3,125_69,5,18688.0,17578.0
Mouse_Thymus3,86_40,5,14788.0,14678.0
Mouse_Thymus3,56_21,1,11788.0,12778.0
Mouse_Thymus3,123_63,5,18488.0,16978.0
Mouse_Thymus3,70_43,5,13188.0,14978.0
Mouse_Thymus3,37_27,1,9888.0,13378.0
Mouse_Thymus3,89_59,5,15088.0,16578.0
Mouse_Thymus3,125_65,5,18688.0,17178.0
Mouse_Thymus3,93_13,5,15488.0,11978.0
Mouse_Thymus3,36_52,5,9788.0,15878.0
Mouse_Thymus3,26_55,5,8788.0,16178.0
Mouse_Thymus3,67_13,5,12888.0,11978.0
Mouse_Thymus3,74_0,4,13588.0,10678.0
Mouse_Thymus3,101_59,5,16288.0,16578.0
Mouse_Thymus3,17_43,5,7888.0,14978.0
Mouse_Thymus3,86_33,4,14788.0,13978.0
Mouse_Thymus3,105_22,7,16688.0,12878.0
Mouse_Thymus3,63_31,1,12488.0,13778.0
Mouse_Thymus3,51_39,2,11288.0,14578.0
Mouse_Thymus3,44_36,1,10588.0,14278.0
Mouse_Thymus3,34_49,2,9588.0,15578.0
Mouse_Thymus3,116_46,4,17788.0,15278.0
Mouse_Thymus3,44_45,2,10588.0,15178.0
Mouse_Thymus3,84_31,4,14588.0,13778.0
Mouse_Thymus3,54_28,2,11588.0,13478.0
Mouse_Thymus3,36_21,7,9788.0,12778.0
Mouse_Thymus3,57_37,2,11888.0,14378.0
Mouse_Thymus3,93_35,4,15488.0,14178.0
Mouse_Thymus3,73_35,2,13488.0,14178.0
Mouse_Thymus3,28_44,2,8988.0,15078.0
Mouse_Thymus3,118_49,5,17988.0,15578.0
Mouse_Thymus3,69_19,4,13088.0,12578.0
Mouse_Thymus3,77_41,2,13888.0,14778.0
Mouse_Thymus3,100_16,4,16188.0,12278.0
Mouse_Thymus3,20_57,5,8188.0,16378.0
Mouse_Thymus3,95_61,5,15688.0,16778.0
Mouse_Thymus3,65_3,5,12688.0,10978.0
Mouse_Thymus3,98_41,4,15988.0,14778.0
Mouse_Thymus3,98_25,2,15988.0,13178.0
Mouse_Thymus3,92_4,4,15388.0,11078.0
Mouse_Thymus3,77_8,5,13888.0,11478.0
Mouse_Thymus3,49_25,1,11088.0,13178.0
Mouse_Thymus3,26_38,5,8788.0,14478.0
Mouse_Thymus3,81_15,2,14288.0,12178.0
Mouse_Thymus3,15_54,5,7688.0,16078.0
Mouse_Thymus3,95_50,5,15688.0,15678.0
Mouse_Thymus3,0_49,1,6188.0,15578.0
Mouse_Thymus3,119_70,4,18088.0,17678.0
Mouse_Thymus3,100_37,2,16188.0,14378.0
Mouse_Thymus3,111_51,5,17288.0,15778.0
Mouse_Thymus3,116_50,2,17788.0,15678.0
Mouse_Thymus3,21_41,5,8288.0,14778.0
Mouse_Thymus3,78_16,2,13988.0,12278.0
Mouse_Thymus3,57_22,2,11888.0,12878.0
Mouse_Thymus3,79_56,1,14088.0,16278.0
Mouse_Thymus3,64_8,5,12588.0,11478.0
Mouse_Thymus3,52_26,4,11388.0,13278.0
Mouse_Thymus3,79_14,1,14088.0,12078.0
Mouse_Thymus3,72_29,2,13388.0,13578.0
Mouse_Thymus3,93_34,2,15488.0,14078.0
Mouse_Thymus3,54_20,4,11588.0,12678.0
Mouse_Thymus3,74_31,2,13588.0,13778.0
Mouse_Thymus3,41_34,1,10288.0,14078.0
Mouse_Thymus3,87_17,2,14888.0,12378.0
Mouse_Thymus3,95_11,4,15688.0,11778.0
Mouse_Thymus3,67_31,2,12888.0,13778.0
Mouse_Thymus3,41_31,2,10288.0,13778.0
Mouse_Thymus3,49_24,1,11088.0,13078.0
Mouse_Thymus3,68_42,5,12988.0,14878.0
Mouse_Thymus3,30_59,4,9188.0,16578.0
Mouse_Thymus3,70_3,5,13188.0,10978.0
Mouse_Thymus3,84_44,5,14588.0,15078.0
Mouse_Thymus3,28_57,5,8988.0,16378.0
Mouse_Thymus3,101_51,4,16288.0,15778.0
Mouse_Thymus3,99_52,5,16088.0,15878.0
Mouse_Thymus3,86_30,4,14788.0,13678.0
Mouse_Thymus3,120_51,5,18188.0,15778.0
Mouse_Thymus3,64_26,2,12588.0,13278.0
Mouse_Thymus3,11_54,5,7288.0,16078.0
Mouse_Thymus3,83_44,1,14488.0,15078.0
Mouse_Thymus3,55_21,4,11688.0,12778.0
Mouse_Thymus3,50_37,1,11188.0,14378.0
Mouse_Thymus3,104_28,5,16588.0,13478.0
Mouse_Thymus3,27_33,1,8888.0,13978.0
Mouse_Thymus3,99_32,5,16088.0,13878.0
Mouse_Thymus3,57_34,2,11888.0,14078.0
Mouse_Thymus3,75_2,5,13688.0,10878.0
Mouse_Thymus3,71_38,2,13288.0,14478.0
Mouse_Thymus3,13_46,2,7488.0,15278.0
Mouse_Thymus3,93_5,4,15488.0,11178.0
Mouse_Thymus3,121_53,4,18288.0,15978.0
Mouse_Thymus3,96_14,5,15788.0,12078.0
Mouse_Thymus3,110_43,2,17188.0,14978.0
Mouse_Thymus3,55_41,5,11688.0,14778.0
Mouse_Thymus3,105_31,5,16688.0,13778.0
Mouse_Thymus3,27_44,2,8888.0,15078.0
Mouse_Thymus3,28_33,4,8988.0,13978.0
Mouse_Thymus3,33_34,1,9488.0,14078.0
Mouse_Thymus3,93_21,2,15488.0,12778.0
Mouse_Thymus3,17_49,2,7888.0,15578.0
Mouse_Thymus3,87_58,5,14888.0,16478.0
Mouse_Thymus3,68_16,4,12988.0,12278.0
Mouse_Thymus3,78_37,4,13988.0,14378.0
Mouse_Thymus3,117_64,5,17888.0,17078.0
Mouse_Thymus3,82_26,5,14388.0,13278.0
Mouse_Thymus3,27_49,2,8888.0,15578.0
Mouse_Thymus3,90_25,2,15188.0,13178.0
Mouse_Thymus3,62_42,5,12388.0,14878.0
Mouse_Thymus3,24_42,5,8588.0,14878.0
Mouse_Thymus3,17_44,5,7888.0,15078.0
Mouse_Thymus3,87_7,5,14888.0,11378.0
Mouse_Thymus3,88_29,5,14988.0,13578.0
Mouse_Thymus3,56_26,2,11788.0,13278.0
Mouse_Thymus3,92_15,5,15388.0,12178.0
Mouse_Thymus3,86_16,2,14788.0,12278.0
Mouse_Thymus3,65_28,2,12688.0,13478.0
Mouse_Thymus3,102_26,4,16388.0,13278.0
Mouse_Thymus3,98_23,2,15988.0,12978.0
Mouse_Thymus3,25_49,2,8688.0,15578.0
Mouse_Thymus3,23_43,1,8488.0,14978.0
Mouse_Thymus3,59_47,4,12088.0,15378.0
Mouse_Thymus3,97_30,4,15888.0,13678.0
Mouse_Thymus3,75_1,5,13688.0,10778.0
Mouse_Thymus3,120_69,5,18188.0,17578.0
Mouse_Thymus3,78_7,5,13988.0,11378.0
Mouse_Thymus3,110_41,2,17188.0,14778.0
Mouse_Thymus3,87_27,5,14888.0,13378.0
Mouse_Thymus3,95_48,4,15688.0,15478.0
Mouse_Thymus3,106_48,5,16788.0,15478.0
Mouse_Thymus3,9_53,5,7088.0,15978.0
Mouse_Thymus3,66_34,1,12788.0,14078.0
Mouse_Thymus3,66_25,2,12788.0,13178.0
Mouse_Thymus3,89_15,2,15088.0,12178.0
Mouse_Thymus3,114_63,5,17588.0,16978.0
Mouse_Thymus3,86_52,1,14788.0,15878.0
Mouse_Thymus3,117_50,1,17888.0,15678.0
Mouse_Thymus3,68_37,2,12988.0,14378.0
Mouse_Thymus3,53_34,2,11488.0,14078.0
Mouse_Thymus3,10_47,2,7188.0,15378.0
Mouse_Thymus3,31_28,4,9288.0,13478.0
Mouse_Thymus3,72_43,2,13388.0,14978.0
Mouse_Thymus3,86_7,5,14788.0,11378.0
Mouse_Thymus3,97_33,4,15888.0,13978.0
Mouse_Thymus3,60_46,5,12188.0,15278.0
Mouse_Thymus3,54_42,5,11588.0,14878.0
Mouse_Thymus3,73_45,1,13488.0,15178.0
Mouse_Thymus3,92_9,5,15388.0,11578.0
Mouse_Thymus3,70_10,4,13188.0,11678.0
Mouse_Thymus3,87_45,5,14888.0,15178.0
Mouse_Thymus3,44_43,2,10588.0,14978.0
Mouse_Thymus3,95_45,5,15688.0,15178.0
Mouse_Thymus3,60_44,1,12188.0,15078.0
Mouse_Thymus3,18_59,4,7988.0,16578.0
Mouse_Thymus3,77_6,5,13888.0,11278.0
Mouse_Thymus3,83_27,2,14488.0,13378.0
Mouse_Thymus3,107_38,2,16888.0,14478.0
Mouse_Thymus3,84_21,2,14588.0,12778.0
Mouse_Thymus3,53_32,1,11488.0,13878.0
Mouse_Thymus3,34_52,5,9588.0,15878.0
Mouse_Thymus3,91_36,1,15288.0,14278.0
Mouse_Thymus3,89_39,4,15088.0,14578.0
Mouse_Thymus3,70_37,2,13188.0,14378.0
Mouse_Thymus3,68_23,2,12988.0,12978.0
Mouse_Thymus3,29_42,7,9088.0,14878.0
Mouse_Thymus3,96_19,1,15788.0,12578.0
Mouse_Thymus3,116_56,1,17788.0,16278.0
Mouse_Thymus3,80_24,2,14188.0,13078.0
Mouse_Thymus3,69_28,2,13088.0,13478.0
Mouse_Thymus3,38_41,2,9988.0,14778.0
Mouse_Thymus3,111_35,5,17288.0,14178.0
Mouse_Thymus3,62_36,2,12388.0,14278.0
Mouse_Thymus3,73_47,5,13488.0,15378.0
Mouse_Thymus3,120_57,1,18188.0,16378.0
Mouse_Thymus3,64_43,1,12588.0,14978.0
Mouse_Thymus3,69_45,5,13088.0,15178.0
Mouse_Thymus3,57_45,5,11888.0,15178.0
Mouse_Thymus3,74_49,5,13588.0,15578.0
Mouse_Thymus3,102_40,2,16388.0,14678.0
Mouse_Thymus3,101_19,4,16288.0,12578.0
Mouse_Thymus3,67_11,4,12888.0,11778.0
Mouse_Thymus3,82_34,5,14388.0,14078.0
Mouse_Thymus3,46_25,5,10788.0,13178.0
Mouse_Thymus3,117_67,5,17888.0,17378.0
Mouse_Thymus3,66_22,2,12788.0,12878.0
Mouse_Thymus3,119_44,4,18088.0,15078.0
Mouse_Thymus3,83_33,1,14488.0,13978.0
Mouse_Thymus3,74_24,2,13588.0,13078.0
Mouse_Thymus3,36_37,5,9788.0,14378.0
Mouse_Thymus3,34_56,5,9588.0,16278.0
Mouse_Thymus3,69_5,5,13088.0,11178.0
Mouse_Thymus3,92_32,4,15388.0,13878.0
Mouse_Thymus3,78_6,4,13988.0,11278.0
Mouse_Thymus3,45_17,5,10688.0,12378.0
Mouse_Thymus3,88_11,5,14988.0,11778.0
Mouse_Thymus3,31_33,5,9288.0,13978.0
Mouse_Thymus3,73_33,2,13488.0,13978.0
Mouse_Thymus3,50_38,1,11188.0,14478.0
Mouse_Thymus3,92_42,5,15388.0,14878.0
Mouse_Thymus3,37_41,1,9888.0,14778.0
Mouse_Thymus3,62_37,4,12388.0,14378.0
Mouse_Thymus3,31_49,2,9288.0,15578.0
Mouse_Thymus3,104_56,5,16588.0,16278.0
Mouse_Thymus3,92_45,4,15388.0,15178.0
Mouse_Thymus3,83_34,4,14488.0,14078.0
Mouse_Thymus3,66_13,4,12788.0,11978.0
Mouse_Thymus3,100_26,2,16188.0,13278.0
Mouse_Thymus3,59_34,2,12088.0,14078.0
Mouse_Thymus3,113_39,5,17488.0,14578.0
Mouse_Thymus3,74_28,2,13588.0,13478.0
Mouse_Thymus3,51_25,4,11288.0,13178.0
Mouse_Thymus3,67_14,4,12888.0,12078.0
Mouse_Thymus3,74_43,2,13588.0,14978.0
Mouse_Thymus3,8_48,1,6988.0,15478.0
Mouse_Thymus3,13_43,5,7488.0,14978.0
Mouse_Thymus3,73_37,2,13488.0,14378.0
Mouse_Thymus3,21_51,2,8288.0,15778.0
Mouse_Thymus3,71_27,2,13288.0,13378.0
Mouse_Thymus3,97_36,2,15888.0,14278.0
Mouse_Thymus3,70_17,5,13188.0,12378.0
Mouse_Thymus3,91_26,2,15288.0,13278.0
Mouse_Thymus3,63_21,2,12488.0,12778.0
Mouse_Thymus3,101_22,5,16288.0,12878.0
Mouse_Thymus3,97_28,1,15888.0,13478.0
Mouse_Thymus3,118_63,4,17988.0,16978.0
Mouse_Thymus3,115_49,2,17688.0,15578.0
Mouse_Thymus3,46_24,5,10788.0,13078.0
Mouse_Thymus3,96_37,2,15788.0,14378.0
Mouse_Thymus3,68_0,5,12988.0,10678.0
Mouse_Thymus3,29_51,2,9088.0,15778.0
Mouse_Thymus3,88_43,5,14988.0,14978.0
Mouse_Thymus3,62_18,4,12388.0,12478.0
Mouse_Thymus3,54_41,1,11588.0,14778.0
Mouse_Thymus3,24_60,4,8588.0,16678.0
Mouse_Thymus3,60_13,4,12188.0,11978.0
Mouse_Thymus3,42_28,2,10388.0,13478.0
Mouse_Thymus3,36_32,2,9788.0,13878.0
Mouse_Thymus3,98_61,5,15988.0,16778.0
Mouse_Thymus3,107_49,5,16888.0,15578.0
Mouse_Thymus3,76_6,5,13788.0,11278.0
Mouse_Thymus3,61_15,1,12288.0,12178.0
Mouse_Thymus3,30_26,7,9188.0,13278.0
Mouse_Thymus3,97_39,2,15888.0,14578.0
Mouse_Thymus3,37_52,5,9888.0,15878.0
Mouse_Thymus3,96_25,2,15788.0,13178.0
Mouse_Thymus3,67_9,5,12888.0,11578.0
Mouse_Thymus3,33_55,5,9488.0,16178.0
Mouse_Thymus3,102_45,4,16388.0,15178.0
Mouse_Thymus3,77_51,5,13888.0,15778.0
Mouse_Thymus3,53_17,5,11488.0,12378.0
Mouse_Thymus3,45_27,2,10688.0,13378.0
Mouse_Thymus3,68_39,2,12988.0,14578.0
Mouse_Thymus3,75_14,1,13688.0,12078.0
Mouse_Thymus3,53_29,2,11488.0,13578.0
Mouse_Thymus3,45_30,2,10688.0,13678.0
Mouse_Thymus3,109_53,5,17088.0,15978.0
Mouse_Thymus3,21_46,2,8288.0,15278.0
Mouse_Thymus3,104_22,4,16588.0,12878.0
Mouse_Thymus3,83_53,5,14488.0,15978.0
Mouse_Thymus3,116_44,5,17788.0,15078.0
Mouse_Thymus3,79_34,5,14088.0,14078.0
Mouse_Thymus3,88_18,2,14988.0,12478.0
Mouse_Thymus3,19_40,4,8088.0,14678.0
Mouse_Thymus3,97_16,5,15888.0,12278.0
Mouse_Thymus3,115_44,5,17688.0,15078.0
Mouse_Thymus3,69_25,2,13088.0,13178.0
Mouse_Thymus3,65_33,4,12688.0,13978.0
Mouse_Thymus3,61_42,5,12288.0,14878.0
Mouse_Thymus3,4_52,4,6588.0,15878.0
Mouse_Thymus3,121_60,1,18288.0,16678.0
Mouse_Thymus3,77_27,1,13888.0,13378.0
Mouse_Thymus3,66_49,4,12788.0,15578.0
Mouse_Thymus3,75_43,2,13688.0,14978.0
Mouse_Thymus3,105_24,4,16688.0,13078.0
Mouse_Thymus3,67_37,2,12888.0,14378.0
Mouse_Thymus3,110_46,2,17188.0,15278.0
Mouse_Thymus3,82_29,2,14388.0,13578.0
Mouse_Thymus3,74_21,2,13588.0,12778.0
Mouse_Thymus3,39_45,2,10088.0,15178.0
Mouse_Thymus3,46_27,2,10788.0,13378.0
Mouse_Thymus3,118_65,5,17988.0,17178.0
Mouse_Thymus3,81_19,2,14288.0,12578.0
Mouse_Thymus3,27_35,5,8888.0,14178.0
Mouse_Thymus3,124_70,5,18588.0,17678.0
Mouse_Thymus3,73_2,5,13488.0,10878.0
Mouse_Thymus3,93_55,5,15488.0,16178.0
Mouse_Thymus3,86_57,5,14788.0,16378.0
Mouse_Thymus3,95_46,4,15688.0,15278.0
Mouse_Thymus3,65_46,4,12688.0,15278.0
Mouse_Thymus3,105_40,2,16688.0,14678.0
Mouse_Thymus3,38_25,5,9988.0,13178.0
Mouse_Thymus3,61_12,5,12288.0,11878.0
Mouse_Thymus3,57_17,5,11888.0,12378.0
Mouse_Thymus3,55_43,5,11688.0,14978.0
Mouse_Thymus3,45_26,5,10688.0,13278.0
Mouse_Thymus3,78_33,5,13988.0,13978.0
Mouse_Thymus3,33_31,2,9488.0,13778.0
Mouse_Thymus3,61_22,2,12288.0,12878.0
Mouse_Thymus3,117_61,2,17888.0,16778.0
Mouse_Thymus3,70_7,5,13188.0,11378.0
Mouse_Thymus3,99_18,5,16088.0,12478.0
Mouse_Thymus3,41_29,2,10288.0,13578.0
Mouse_Thymus3,38_20,5,9988.0,12678.0
Mouse_Thymus3,95_55,5,15688.0,16178.0
Mouse_Thymus3,61_10,5,12288.0,11678.0
Mouse_Thymus3,59_21,5,12088.0,12778.0
Mouse_Thymus3,101_23,5,16288.0,12978.0
Mouse_Thymus3,99_49,4,16088.0,15578.0
Mouse_Thymus3,20_56,5,8188.0,16278.0
Mouse_Thymus3,120_63,5,18188.0,16978.0
Mouse_Thymus3,40_42,2,10188.0,14878.0
Mouse_Thymus3,18_46,2,7988.0,15278.0
Mouse_Thymus3,47_38,2,10888.0,14478.0
Mouse_Thymus3,115_37,7,17688.0,14378.0
Mouse_Thymus3,77_35,5,13888.0,14178.0
Mouse_Thymus3,124_64,5,18588.0,17078.0
Mouse_Thymus3,99_54,1,16088.0,16078.0
Mouse_Thymus3,23_46,2,8488.0,15278.0
Mouse_Thymus3,55_26,2,11688.0,13278.0
Mouse_Thymus3,84_29,2,14588.0,13578.0
Mouse_Thymus3,101_29,4,16288.0,13578.0
Mouse_Thymus3,27_43,1,8888.0,14978.0
Mouse_Thymus3,113_42,4,17488.0,14878.0
Mouse_Thymus3,88_48,5,14988.0,15478.0
Mouse_Thymus3,86_59,4,14788.0,16578.0
Mouse_Thymus3,66_19,5,12788.0,12578.0
Mouse_Thymus3,42_55,7,10388.0,16178.0
Mouse_Thymus3,50_31,5,11188.0,13778.0
Mouse_Thymus3,65_47,5,12688.0,15378.0
Mouse_Thymus3,107_50,5,16888.0,15678.0
Mouse_Thymus3,67_27,2,12888.0,13378.0
Mouse_Thymus3,7_47,5,6888.0,15378.0
Mouse_Thymus3,88_47,5,14988.0,15378.0
Mouse_Thymus3,67_4,5,12888.0,11078.0
Mouse_Thymus3,41_32,2,10288.0,13878.0
Mouse_Thymus3,114_67,7,17588.0,17378.0
Mouse_Thymus3,112_45,2,17388.0,15178.0
Mouse_Thymus3,92_61,4,15388.0,16778.0
Mouse_Thymus3,25_46,2,8688.0,15278.0
Mouse_Thymus3,81_22,2,14288.0,12878.0
Mouse_Thymus3,44_21,5,10588.0,12778.0
Mouse_Thymus3,55_37,1,11688.0,14378.0
Mouse_Thymus3,79_55,7,14088.0,16178.0
Mouse_Thymus3,30_60,4,9188.0,16678.0
Mouse_Thymus3,18_44,5,7988.0,15078.0
Mouse_Thymus3,89_49,5,15088.0,15578.0
Mouse_Thymus3,71_6,5,13288.0,11278.0
Mouse_Thymus3,86_54,5,14788.0,16078.0
Mouse_Thymus3,97_43,4,15888.0,14978.0
Mouse_Thymus3,43_34,5,10488.0,14078.0
Mouse_Thymus3,52_39,1,11388.0,14578.0
Mouse_Thymus3,74_32,2,13588.0,13878.0
Mouse_Thymus3,120_59,2,18188.0,16578.0
Mouse_Thymus3,6_49,5,6788.0,15578.0
Mouse_Thymus3,95_24,2,15688.0,13078.0
Mouse_Thymus3,95_29,4,15688.0,13578.0
Mouse_Thymus3,90_53,5,15188.0,15978.0
Mouse_Thymus3,114_59,5,17588.0,16578.0
Mouse_Thymus3,87_57,5,14888.0,16378.0
Mouse_Thymus3,14_46,2,7588.0,15278.0
Mouse_Thymus3,91_14,4,15288.0,12078.0
Mouse_Thymus3,94_48,5,15588.0,15478.0
Mouse_Thymus3,45_36,5,10688.0,14278.0
Mouse_Thymus3,110_33,5,17188.0,13978.0
Mouse_Thymus3,35_48,2,9688.0,15478.0
Mouse_Thymus3,42_42,2,10388.0,14878.0
Mouse_Thymus3,87_18,2,14888.0,12478.0
Mouse_Thymus3,15_57,4,7688.0,16378.0
Mouse_Thymus3,108_51,5,16988.0,15778.0
Mouse_Thymus3,60_26,2,12188.0,13278.0
Mouse_Thymus3,30_33,1,9188.0,13978.0
Mouse_Thymus3,77_7,5,13888.0,11378.0
Mouse_Thymus3,54_32,1,11588.0,13878.0
Mouse_Thymus3,7_46,5,6888.0,15278.0
Mouse_Thymus3,38_54,5,9988.0,16078.0
Mouse_Thymus3,83_32,4,14488.0,13878.0
Mouse_Thymus3,88_16,2,14988.0,12278.0
Mouse_Thymus3,66_38,2,12788.0,14478.0
Mouse_Thymus3,24_58,5,8588.0,16478.0
Mouse_Thymus3,26_52,1,8788.0,15878.0
Mouse_Thymus3,24_39,5,8588.0,14578.0
Mouse_Thymus3,45_23,5,10688.0,12978.0
Mouse_Thymus3,52_36,2,11388.0,14278.0
Mouse_Thymus3,44_46,1,10588.0,15278.0
Mouse_Thymus3,107_51,5,16888.0,15778.0
Mouse_Thymus3,40_33,1,10188.0,13978.0
Mouse_Thymus3,32_45,2,9388.0,15178.0
Mouse_Thymus3,93_17,4,15488.0,12378.0
Mouse_Thymus3,19_39,5,8088.0,14578.0
Mouse_Thymus3,66_44,5,12788.0,15078.0
Mouse_Thymus3,28_41,1,8988.0,14778.0
Mouse_Thymus3,81_1,4,14288.0,10778.0
Mouse_Thymus3,81_30,7,14288.0,13678.0
Mouse_Thymus3,101_46,5,16288.0,15278.0
Mouse_Thymus3,25_54,1,8688.0,16078.0
Mouse_Thymus3,93_12,5,15488.0,11878.0
Mouse_Thymus3,54_24,5,11588.0,13078.0
Mouse_Thymus3,86_9,5,14788.0,11578.0
Mouse_Thymus3,31_34,1,9288.0,14078.0
Mouse_Thymus3,3_52,4,6488.0,15878.0
Mouse_Thymus3,107_58,5,16888.0,16478.0
Mouse_Thymus3,81_42,4,14288.0,14878.0
Mouse_Thymus3,101_60,5,16288.0,16678.0
Mouse_Thymus3,55_13,5,11688.0,11978.0
Mouse_Thymus3,96_20,4,15788.0,12678.0
Mouse_Thymus3,112_43,2,17388.0,14978.0
Mouse_Thymus3,68_26,2,12988.0,13278.0
Mouse_Thymus3,86_14,2,14788.0,12078.0
Mouse_Thymus3,107_55,5,16888.0,16178.0
Mouse_Thymus3,92_50,5,15388.0,15678.0
Mouse_Thymus3,31_26,1,9288.0,13278.0
Mouse_Thymus3,94_16,5,15588.0,12278.0
Mouse_Thymus3,106_51,5,16788.0,15778.0
Mouse_Thymus3,101_48,5,16288.0,15478.0
Mouse_Thymus3,35_40,5,9688.0,14678.0
Mouse_Thymus3,99_28,2,16088.0,13478.0
Mouse_Thymus3,74_48,4,13588.0,15478.0
Mouse_Thymus3,116_51,2,17788.0,15778.0
Mouse_Thymus3,11_52,1,7288.0,15878.0
Mouse_Thymus3,113_45,2,17488.0,15178.0
Mouse_Thymus3,61_45,5,12288.0,15178.0
Mouse_Thymus3,80_50,4,14188.0,15678.0
Mouse_Thymus3,60_25,2,12188.0,13178.0
Mouse_Thymus3,57_38,2,11888.0,14478.0
Mouse_Thymus3,80_43,4,14188.0,14978.0
Mouse_Thymus3,112_44,2,17388.0,15078.0
Mouse_Thymus3,90_17,2,15188.0,12378.0
Mouse_Thymus3,94_36,1,15588.0,14278.0
Mouse_Thymus3,78_29,2,13988.0,13578.0
Mouse_Thymus3,93_42,5,15488.0,14878.0
Mouse_Thymus3,4_45,4,6588.0,15178.0
Mouse_Thymus3,103_34,2,16488.0,14078.0
Mouse_Thymus3,8_47,5,6988.0,15378.0
Mouse_Thymus3,67_48,5,12888.0,15478.0
Mouse_Thymus3,101_24,5,16288.0,13078.0
Mouse_Thymus3,78_23,2,13988.0,12978.0
Mouse_Thymus3,69_1,5,13088.0,10778.0
Mouse_Thymus3,36_40,5,9788.0,14678.0
Mouse_Thymus3,90_12,4,15188.0,11878.0
Mouse_Thymus3,28_38,5,8988.0,14478.0
Mouse_Thymus3,52_42,5,11388.0,14878.0
Mouse_Thymus3,80_40,5,14188.0,14678.0
Mouse_Thymus3,59_45,5,12088.0,15178.0
Mouse_Thymus3,107_60,1,16888.0,16678.0
Mouse_Thymus3,89_46,5,15088.0,15278.0
Mouse_Thymus3,30_43,2,9188.0,14978.0
Mouse_Thymus3,89_48,5,15088.0,15478.0
Mouse_Thymus3,58_40,5,11988.0,14678.0
Mouse_Thymus3,102_41,2,16388.0,14778.0
Mouse_Thymus3,57_23,2,11888.0,12978.0
Mouse_Thymus3,94_9,5,15588.0,11578.0
Mouse_Thymus3,18_39,1,7988.0,14578.0
Mouse_Thymus3,103_36,2,16488.0,14278.0
Mouse_Thymus3,109_52,5,17088.0,15878.0
Mouse_Thymus3,85_59,7,14688.0,16578.0
Mouse_Thymus3,41_36,5,10288.0,14278.0
Mouse_Thymus3,97_62,5,15888.0,16878.0
Mouse_Thymus3,85_35,5,14688.0,14178.0
Mouse_Thymus3,91_59,5,15288.0,16578.0
Mouse_Thymus3,38_26,4,9988.0,13278.0
Mouse_Thymus3,28_37,1,8988.0,14378.0
Mouse_Thymus3,113_36,5,17488.0,14278.0
Mouse_Thymus3,83_19,2,14488.0,12578.0
Mouse_Thymus3,84_47,4,14588.0,15378.0
Mouse_Thymus3,14_56,4,7588.0,16278.0
Mouse_Thymus3,87_47,5,14888.0,15378.0
Mouse_Thymus3,28_31,5,8988.0,13778.0
Mouse_Thymus3,119_52,5,18088.0,15878.0
Mouse_Thymus3,71_3,5,13288.0,10978.0
Mouse_Thymus3,85_32,4,14688.0,13878.0
Mouse_Thymus3,76_28,2,13788.0,13478.0
Mouse_Thymus3,74_3,5,13588.0,10978.0
Mouse_Thymus3,70_45,5,13188.0,15178.0
Mouse_Thymus3,40_30,2,10188.0,13678.0
Mouse_Thymus3,84_51,4,14588.0,15778.0
Mouse_Thymus3,90_27,2,15188.0,13378.0
Mouse_Thymus3,98_35,1,15988.0,14178.0
Mouse_Thymus3,85_41,4,14688.0,14778.0
Mouse_Thymus3,105_27,5,16688.0,13378.0
Mouse_Thymus3,68_19,4,12988.0,12578.0
Mouse_Thymus3,79_35,5,14088.0,14178.0
Mouse_Thymus3,90_32,5,15188.0,13878.0
Mouse_Thymus3,97_24,2,15888.0,13078.0
Mouse_Thymus3,97_26,2,15888.0,13278.0
Mouse_Thymus3,48_44,1,10988.0,15078.0
Mouse_Thymus3,78_51,4,13988.0,15778.0
Mouse_Thymus3,37_25,5,9888.0,13178.0
Mouse_Thymus3,113_52,5,17488.0,15878.0
Mouse_Thymus3,80_45,5,14188.0,15178.0
Mouse_Thymus3,64_37,2,12588.0,14378.0
Mouse_Thymus3,85_26,1,14688.0,13278.0
Mouse_Thymus3,70_48,5,13188.0,15478.0
Mouse_Thymus3,10_49,2,7188.0,15578.0
Mouse_Thymus3,91_30,4,15288.0,13678.0
Mouse_Thymus3,113_53,5,17488.0,15978.0
Mouse_Thymus3,104_58,5,16588.0,16478.0
Mouse_Thymus3,71_15,4,13288.0,12178.0
Mouse_Thymus3,94_63,4,15588.0,16978.0
Mouse_Thymus3,15_40,4,7688.0,14678.0
Mouse_Thymus3,53_33,1,11488.0,13978.0
Mouse_Thymus3,82_10,5,14388.0,11678.0
Mouse_Thymus3,113_49,4,17488.0,15578.0
Mouse_Thymus3,39_30,7,10088.0,13678.0
Mouse_Thymus3,76_21,2,13788.0,12778.0
Mouse_Thymus3,90_45,5,15188.0,15178.0
Mouse_Thymus3,16_45,4,7788.0,15178.0
Mouse_Thymus3,55_44,4,11688.0,15078.0
Mouse_Thymus3,93_54,5,15488.0,16078.0
Mouse_Thymus3,86_1,4,14788.0,10778.0
Mouse_Thymus3,31_52,5,9288.0,15878.0
Mouse_Thymus3,99_26,2,16088.0,13278.0
Mouse_Thymus3,35_50,5,9688.0,15678.0
Mouse_Thymus3,42_43,2,10388.0,14978.0
Mouse_Thymus3,31_30,5,9288.0,13678.0
Mouse_Thymus3,9_48,2,7088.0,15478.0
Mouse_Thymus3,90_18,2,15188.0,12478.0
Mouse_Thymus3,73_49,5,13488.0,15578.0
Mouse_Thymus3,56_35,2,11788.0,14178.0
Mouse_Thymus3,38_23,4,9988.0,12978.0
Mouse_Thymus3,27_53,5,8888.0,15978.0
Mouse_Thymus3,114_47,2,17588.0,15378.0
Mouse_Thymus3,107_46,2,16888.0,15278.0
Mouse_Thymus3,97_45,5,15888.0,15178.0
Mouse_Thymus3,27_45,2,8888.0,15178.0
Mouse_Thymus3,98_51,5,15988.0,15778.0
Mouse_Thymus3,76_27,2,13788.0,13378.0
Mouse_Thymus3,66_3,5,12788.0,10978.0
Mouse_Thymus3,70_4,4,13188.0,11078.0
Mouse_Thymus3,55_30,2,11688.0,13678.0
Mouse_Thymus3,51_43,5,11288.0,14978.0
Mouse_Thymus3,120_54,5,18188.0,16078.0
Mouse_Thymus3,87_38,5,14888.0,14478.0
Mouse_Thymus3,68_33,1,12988.0,13978.0
Mouse_Thymus3,123_68,5,18488.0,17478.0
Mouse_Thymus3,65_27,2,12688.0,13378.0
Mouse_Thymus3,57_20,5,11888.0,12678.0
Mouse_Thymus3,37_47,2,9888.0,15378.0
Mouse_Thymus3,39_43,2,10088.0,14978.0
Mouse_Thymus3,53_43,5,11488.0,14978.0
Mouse_Thymus3,103_33,2,16488.0,13978.0
Mouse_Thymus3,8_55,4,6988.0,16178.0
Mouse_Thymus3,109_61,4,17088.0,16778.0
Mouse_Thymus3,126_69,7,18788.0,17578.0
Mouse_Thymus3,69_14,1,13088.0,12078.0
Mouse_Thymus3,79_32,1,14088.0,13878.0
Mouse_Thymus3,80_49,4,14188.0,15578.0
Mouse_Thymus3,86_2,4,14788.0,10878.0
Mouse_Thymus3,81_50,5,14288.0,15678.0
Mouse_Thymus3,106_41,2,16788.0,14778.0
Mouse_Thymus3,87_8,5,14888.0,11478.0
Mouse_Thymus3,122_64,1,18388.0,17078.0
Mouse_Thymus3,57_28,2,11888.0,13478.0
Mouse_Thymus3,33_59,4,9488.0,16578.0
Mouse_Thymus3,109_38,2,17088.0,14478.0
Mouse_Thymus3,102_53,5,16388.0,15978.0
Mouse_Thymus3,104_33,2,16588.0,13978.0
Mouse_Thymus3,100_28,2,16188.0,13478.0
Mouse_Thymus3,42_23,5,10388.0,12978.0
Mouse_Thymus3,106_34,1,16788.0,14078.0
Mouse_Thymus3,54_43,5,11588.0,14978.0
Mouse_Thymus3,102_35,2,16388.0,14178.0
Mouse_Thymus3,70_23,2,13188.0,12978.0
Mouse_Thymus3,111_47,1,17288.0,15378.0
Mouse_Thymus3,50_24,5,11188.0,13078.0
Mouse_Thymus3,10_51,1,7188.0,15778.0
Mouse_Thymus3,60_43,5,12188.0,14978.0
Mouse_Thymus3,77_26,2,13888.0,13278.0
Mouse_Thymus3,78_44,2,13988.0,15078.0
Mouse_Thymus3,76_42,2,13788.0,14878.0
Mouse_Thymus3,63_43,5,12488.0,14978.0
Mouse_Thymus3,68_41,5,12988.0,14778.0
Mouse_Thymus3,77_37,2,13888.0,14378.0
Mouse_Thymus3,115_36,4,17688.0,14278.0
Mouse_Thymus3,22_50,2,8388.0,15678.0
Mouse_Thymus3,85_40,5,14688.0,14678.0
Mouse_Thymus3,46_37,1,10788.0,14378.0
Mouse_Thymus3,42_25,5,10388.0,13178.0
Mouse_Thymus3,20_53,1,8188.0,15978.0
Mouse_Thymus3,5_52,4,6688.0,15878.0
Mouse_Thymus3,90_35,4,15188.0,14178.0
Mouse_Thymus3,117_53,2,17888.0,15978.0
Mouse_Thymus3,121_54,5,18288.0,16078.0
Mouse_Thymus3,22_38,5,8388.0,14478.0
Mouse_Thymus3,48_45,5,10988.0,15178.0
Mouse_Thymus3,123_66,1,18488.0,17278.0
Mouse_Thymus3,39_56,1,10088.0,16278.0
Mouse_Thymus3,85_17,2,14688.0,12378.0
Mouse_Thymus3,88_6,5,14988.0,11278.0
Mouse_Thymus3,100_56,5,16188.0,16278.0
Mouse_Thymus3,52_13,1,11388.0,11978.0
Mouse_Thymus3,57_24,2,11888.0,13078.0
Mouse_Thymus3,79_23,2,14088.0,12978.0
Mouse_Thymus3,71_33,2,13288.0,13978.0
Mouse_Thymus3,6_54,7,6788.0,16078.0
Mouse_Thymus3,49_16,5,11088.0,12278.0
Mouse_Thymus3,99_19,5,16088.0,12578.0
Mouse_Thymus3,83_58,1,14488.0,16478.0
Mouse_Thymus3,66_4,5,12788.0,11078.0
Mouse_Thymus3,75_44,2,13688.0,15078.0
Mouse_Thymus3,68_6,5,12988.0,11278.0
Mouse_Thymus3,61_36,2,12288.0,14278.0
Mouse_Thymus3,43_17,5,10488.0,12378.0
Mouse_Thymus3,43_44,2,10488.0,15078.0
Mouse_Thymus3,56_27,2,11788.0,13378.0
Mouse_Thymus3,88_12,4,14988.0,11878.0
Mouse_Thymus3,73_40,2,13488.0,14678.0
Mouse_Thymus3,108_61,4,16988.0,16778.0
Mouse_Thymus3,111_62,5,17288.0,16878.0
Mouse_Thymus3,85_42,5,14688.0,14878.0
Mouse_Thymus3,35_59,7,9688.0,16578.0
Mouse_Thymus3,35_55,5,9688.0,16178.0
Mouse_Thymus3,120_56,4,18188.0,16278.0
Mouse_Thymus3,75_50,5,13688.0,15678.0
Mouse_Thymus3,109_62,1,17088.0,16878.0
Mouse_Thymus3,111_44,2,17288.0,15078.0
Mouse_Thymus3,65_30,1,12688.0,13678.0
Mouse_Thymus3,65_43,5,12688.0,14978.0
Mouse_Thymus3,70_6,4,13188.0,11278.0
Mouse_Thymus3,44_26,5,10588.0,13278.0
Mouse_Thymus3,12_46,2,7388.0,15278.0
Mouse_Thymus3,37_29,1,9888.0,13578.0
Mouse_Thymus3,80_3,5,14188.0,10978.0
Mouse_Thymus3,46_32,5,10788.0,13878.0
Mouse_Thymus3,60_10,5,12188.0,11678.0
Mouse_Thymus3,36_35,1,9788.0,14178.0
Mouse_Thymus3,97_52,5,15888.0,15878.0
Mouse_Thymus3,94_47,4,15588.0,15378.0
Mouse_Thymus3,72_8,1,13388.0,11478.0
Mouse_Thymus3,41_45,2,10288.0,15178.0
Mouse_Thymus3,87_5,5,14888.0,11178.0
Mouse_Thymus3,89_47,5,15088.0,15378.0
Mouse_Thymus3,81_26,1,14288.0,13278.0
Mouse_Thymus3,10_55,4,7188.0,16178.0
Mouse_Thymus3,89_51,5,15088.0,15778.0
Mouse_Thymus3,100_36,2,16188.0,14278.0
Mouse_Thymus3,86_20,1,14788.0,12678.0
Mouse_Thymus3,119_58,2,18088.0,16478.0
Mouse_Thymus3,121_51,5,18288.0,15778.0
Mouse_Thymus3,100_18,4,16188.0,12478.0
Mouse_Thymus3,104_50,5,16588.0,15678.0
Mouse_Thymus3,46_19,1,10788.0,12578.0
Mouse_Thymus3,105_56,5,16688.0,16278.0
Mouse_Thymus3,64_45,4,12588.0,15178.0
Mouse_Thymus3,16_58,4,7788.0,16478.0
Mouse_Thymus3,102_58,5,16388.0,16478.0
Mouse_Thymus3,94_6,4,15588.0,11278.0
Mouse_Thymus3,85_13,2,14688.0,11978.0
Mouse_Thymus3,111_57,4,17288.0,16378.0
Mouse_Thymus3,88_17,2,14988.0,12378.0
Mouse_Thymus3,100_44,4,16188.0,15078.0
Mouse_Thymus3,21_48,2,8288.0,15478.0
Mouse_Thymus3,101_25,1,16288.0,13178.0
Mouse_Thymus3,59_15,4,12088.0,12178.0
Mouse_Thymus3,24_36,5,8588.0,14278.0
Mouse_Thymus3,22_45,1,8388.0,15178.0
Mouse_Thymus3,53_27,2,11488.0,13378.0
Mouse_Thymus3,99_38,2,16088.0,14478.0
Mouse_Thymus3,118_62,1,17988.0,16878.0
Mouse_Thymus3,53_22,2,11488.0,12878.0
Mouse_Thymus3,93_31,1,15488.0,13778.0
Mouse_Thymus3,35_34,2,9688.0,14078.0
Mouse_Thymus3,64_7,4,12588.0,11378.0
Mouse_Thymus3,66_46,5,12788.0,15278.0
Mouse_Thymus3,52_25,4,11388.0,13178.0
Mouse_Thymus3,11_49,2,7288.0,15578.0
Mouse_Thymus3,117_69,1,17888.0,17578.0
Mouse_Thymus3,81_32,1,14288.0,13878.0
Mouse_Thymus3,36_57,1,9788.0,16378.0
Mouse_Thymus3,74_20,2,13588.0,12678.0
Mouse_Thymus3,74_13,1,13588.0,11978.0
Mouse_Thymus3,31_54,5,9288.0,16078.0
Mouse_Thymus3,32_25,4,9388.0,13178.0
Mouse_Thymus3,51_44,1,11288.0,15078.0
Mouse_Thymus3,90_14,4,15188.0,12078.0
Mouse_Thymus3,98_13,4,15988.0,11978.0
Mouse_Thymus3,71_7,5,13288.0,11378.0
Mouse_Thymus3,125_71,5,18688.0,17778.0
Mouse_Thymus3,66_48,5,12788.0,15478.0
Mouse_Thymus3,105_41,2,16688.0,14778.0
Mouse_Thymus3,89_28,4,15088.0,13478.0
Mouse_Thymus3,100_59,5,16188.0,16578.0
Mouse_Thymus3,115_39,5,17688.0,14578.0
Mouse_Thymus3,92_7,5,15388.0,11378.0
Mouse_Thymus3,96_46,5,15788.0,15278.0
Mouse_Thymus3,116_67,7,17788.0,17378.0
Mouse_Thymus3,63_37,2,12488.0,14378.0
Mouse_Thymus3,33_49,2,9488.0,15578.0
Mouse_Thymus3,85_27,1,14688.0,13378.0
Mouse_Thymus3,60_14,4,12188.0,12078.0
Mouse_Thymus3,82_31,5,14388.0,13778.0
Mouse_Thymus3,8_54,4,6988.0,16078.0
Mouse_Thymus3,66_47,5,12788.0,15378.0
Mouse_Thymus3,85_54,5,14688.0,16078.0
Mouse_Thymus3,106_38,2,16788.0,14478.0
Mouse_Thymus3,72_4,5,13388.0,11078.0
Mouse_Thymus3,66_27,2,12788.0,13378.0
Mouse_Thymus3,64_33,1,12588.0,13978.0
Mouse_Thymus3,91_52,5,15288.0,15878.0
Mouse_Thymus3,76_32,2,13788.0,13878.0
Mouse_Thymus3,71_47,4,13288.0,15378.0
Mouse_Thymus3,80_9,5,14188.0,11578.0
Mouse_Thymus3,96_18,5,15788.0,12478.0
Mouse_Thymus3,93_51,5,15488.0,15778.0
Mouse_Thymus3,62_7,1,12388.0,11378.0
Mouse_Thymus3,83_35,4,14488.0,14178.0
Mouse_Thymus3,98_33,1,15988.0,13978.0
Mouse_Thymus3,48_22,1,10988.0,12878.0
Mouse_Thymus3,83_14,2,14488.0,12078.0
Mouse_Thymus3,102_32,2,16388.0,13878.0
Mouse_Thymus3,67_10,4,12888.0,11678.0
Mouse_Thymus3,94_45,5,15588.0,15178.0
Mouse_Thymus3,104_54,4,16588.0,16078.0
Mouse_Thymus3,38_29,1,9988.0,13578.0
Mouse_Thymus3,49_17,5,11088.0,12378.0
Mouse_Thymus3,100_50,5,16188.0,15678.0
Mouse_Thymus3,93_49,5,15488.0,15578.0
Mouse_Thymus3,99_12,4,16088.0,11878.0
Mouse_Thymus3,82_4,5,14388.0,11078.0
Mouse_Thymus3,41_25,5,10288.0,13178.0
Mouse_Thymus3,4_53,4,6588.0,15978.0
Mouse_Thymus3,112_39,1,17388.0,14578.0
Mouse_Thymus3,34_51,5,9588.0,15778.0
Mouse_Thymus3,37_31,1,9888.0,13778.0
Mouse_Thymus3,114_39,5,17588.0,14578.0
Mouse_Thymus3,68_46,5,12988.0,15278.0
Mouse_Thymus3,31_27,5,9288.0,13378.0
Mouse_Thymus3,89_42,4,15088.0,14878.0
Mouse_Thymus3,16_40,5,7788.0,14678.0
Mouse_Thymus3,94_25,2,15588.0,13178.0
Mouse_Thymus3,91_60,5,15288.0,16678.0
Mouse_Thymus3,22_57,1,8388.0,16378.0
Mouse_Thymus3,69_27,2,13088.0,13378.0
Mouse_Thymus3,0_51,1,6188.0,15778.0
Mouse_Thymus3,76_37,2,13788.0,14378.0
Mouse_Thymus3,74_39,2,13588.0,14578.0
Mouse_Thymus3,70_2,5,13188.0,10878.0
Mouse_Thymus3,106_37,2,16788.0,14378.0
Mouse_Thymus3,75_47,5,13688.0,15378.0
Mouse_Thymus3,50_28,1,11188.0,13478.0
Mouse_Thymus3,122_72,4,18388.0,17878.0
Mouse_Thymus3,22_47,5,8388.0,15378.0
Mouse_Thymus3,82_30,5,14388.0,13678.0
Mouse_Thymus3,78_19,2,13988.0,12578.0
Mouse_Thymus3,92_41,5,15388.0,14778.0
Mouse_Thymus3,81_36,4,14288.0,14278.0
Mouse_Thymus3,120_66,5,18188.0,17278.0
Mouse_Thymus3,71_30,2,13288.0,13678.0
Mouse_Thymus3,91_32,4,15288.0,13878.0
Mouse_Thymus3,114_57,5,17588.0,16378.0
Mouse_Thymus3,90_20,4,15188.0,12678.0
Mouse_Thymus3,4_48,4,6588.0,15478.0
Mouse_Thymus3,26_48,2,8788.0,15478.0
Mouse_Thymus3,67_0,5,12888.0,10678.0
Mouse_Thymus3,17_51,4,7888.0,15778.0
Mouse_Thymus3,36_25,5,9788.0,13178.0
Mouse_Thymus3,14_49,2,7588.0,15578.0
Mouse_Thymus3,96_59,5,15788.0,16578.0
Mouse_Thymus3,125_63,7,18688.0,16978.0
Mouse_Thymus3,84_14,2,14588.0,12078.0
Mouse_Thymus3,92_18,4,15388.0,12478.0
Mouse_Thymus3,43_52,5,10488.0,15878.0
Mouse_Thymus3,80_42,2,14188.0,14878.0
Mouse_Thymus3,77_13,1,13888.0,11978.0
Mouse_Thymus3,24_50,2,8588.0,15678.0
Mouse_Thymus3,72_2,5,13388.0,10878.0
Mouse_Thymus3,91_63,7,15288.0,16978.0
Mouse_Thymus3,62_21,2,12388.0,12778.0
Mouse_Thymus3,68_17,5,12988.0,12378.0
Mouse_Thymus3,16_41,5,7788.0,14778.0
Mouse_Thymus3,44_52,5,10588.0,15878.0
Mouse_Thymus3,101_32,2,16288.0,13878.0
Mouse_Thymus3,59_25,2,12088.0,13178.0
Mouse_Thymus3,67_42,4,12888.0,14878.0
Mouse_Thymus3,8_46,5,6988.0,15278.0
Mouse_Thymus3,72_12,1,13388.0,11878.0
Mouse_Thymus3,90_22,1,15188.0,12878.0
Mouse_Thymus3,58_46,1,11988.0,15278.0
Mouse_Thymus3,62_43,5,12388.0,14978.0
Mouse_Thymus3,86_37,5,14788.0,14378.0
Mouse_Thymus3,33_42,2,9488.0,14878.0
Mouse_Thymus3,23_52,1,8488.0,15878.0
Mouse_Thymus3,61_30,2,12288.0,13678.0
Mouse_Thymus3,100_15,4,16188.0,12178.0
Mouse_Thymus3,54_40,5,11588.0,14678.0
Mouse_Thymus3,78_0,5,13988.0,10678.0
Mouse_Thymus3,79_12,5,14088.0,11878.0
Mouse_Thymus3,45_37,1,10688.0,14378.0
Mouse_Thymus3,23_42,1,8488.0,14878.0
Mouse_Thymus3,95_60,4,15688.0,16678.0
Mouse_Thymus3,31_53,5,9288.0,15978.0
Mouse_Thymus3,62_33,1,12388.0,13978.0
Mouse_Thymus3,65_36,2,12688.0,14278.0
Mouse_Thymus3,23_36,5,8488.0,14278.0
Mouse_Thymus3,96_10,4,15788.0,11678.0
Mouse_Thymus3,122_55,5,18388.0,16178.0
Mouse_Thymus3,38_52,5,9988.0,15878.0
Mouse_Thymus3,54_45,4,11588.0,15178.0
Mouse_Thymus3,89_11,5,15088.0,11778.0
Mouse_Thymus3,74_2,5,13588.0,10878.0
Mouse_Thymus3,81_56,4,14288.0,16278.0
Mouse_Thymus3,83_46,1,14488.0,15278.0
Mouse_Thymus3,72_37,2,13388.0,14378.0
Mouse_Thymus3,110_45,2,17188.0,15178.0
Mouse_Thymus3,73_48,5,13488.0,15478.0
Mouse_Thymus3,87_12,1,14888.0,11878.0
Mouse_Thymus3,91_16,4,15288.0,12278.0
Mouse_Thymus3,73_27,2,13488.0,13378.0
Mouse_Thymus3,90_41,5,15188.0,14778.0
Mouse_Thymus3,47_17,4,10888.0,12378.0
Mouse_Thymus3,49_43,1,11088.0,14978.0
Mouse_Thymus3,88_59,4,14988.0,16578.0
Mouse_Thymus3,40_37,5,10188.0,14378.0
Mouse_Thymus3,98_19,4,15988.0,12578.0
Mouse_Thymus3,114_55,5,17588.0,16178.0
Mouse_Thymus3,64_20,2,12588.0,12678.0
Mouse_Thymus3,68_15,5,12988.0,12178.0
Mouse_Thymus3,59_37,2,12088.0,14378.0
Mouse_Thymus3,96_26,2,15788.0,13278.0
Mouse_Thymus3,90_60,5,15188.0,16678.0
Mouse_Thymus3,107_44,2,16888.0,15078.0
Mouse_Thymus3,31_55,4,9288.0,16178.0
Mouse_Thymus3,82_57,4,14388.0,16378.0
Mouse_Thymus3,20_43,5,8188.0,14978.0
Mouse_Thymus3,90_21,1,15188.0,12778.0
Mouse_Thymus3,95_43,5,15688.0,14978.0
Mouse_Thymus3,4_51,5,6588.0,15778.0
Mouse_Thymus3,32_44,2,9388.0,15078.0
Mouse_Thymus3,87_39,5,14888.0,14578.0
Mouse_Thymus3,60_28,1,12188.0,13478.0
Mouse_Thymus3,35_51,7,9688.0,15778.0
Mouse_Thymus3,15_49,2,7688.0,15578.0
Mouse_Thymus3,17_47,2,7888.0,15378.0
Mouse_Thymus3,75_38,2,13688.0,14478.0
Mouse_Thymus3,56_29,2,11788.0,13578.0
Mouse_Thymus3,30_35,5,9188.0,14178.0
Mouse_Thymus3,117_54,2,17888.0,16078.0
Mouse_Thymus3,99_44,4,16088.0,15078.0
Mouse_Thymus3,69_3,5,13088.0,10978.0
Mouse_Thymus3,27_54,5,8888.0,16078.0
Mouse_Thymus3,115_53,1,17688.0,15978.0
Mouse_Thymus3,64_25,2,12588.0,13178.0
Mouse_Thymus3,64_19,4,12588.0,12578.0
Mouse_Thymus3,65_48,5,12688.0,15478.0
Mouse_Thymus3,89_24,1,15088.0,13078.0
Mouse_Thymus3,82_21,2,14388.0,12778.0
Mouse_Thymus3,111_34,5,17288.0,14078.0
Mouse_Thymus3,35_41,1,9688.0,14778.0
Mouse_Thymus3,72_26,2,13388.0,13278.0
Mouse_Thymus3,36_34,1,9788.0,14078.0
Mouse_Thymus3,75_51,5,13688.0,15778.0
Mouse_Thymus3,19_48,2,8088.0,15478.0
Mouse_Thymus3,94_26,1,15588.0,13278.0
Mouse_Thymus3,23_49,2,8488.0,15578.0
Mouse_Thymus3,72_45,5,13388.0,15178.0
Mouse_Thymus3,45_33,1,10688.0,13978.0
Mouse_Thymus3,6_52,5,6788.0,15878.0
Mouse_Thymus3,100_52,4,16188.0,15878.0
Mouse_Thymus3,105_50,5,16688.0,15678.0
Mouse_Thymus3,61_9,4,12288.0,11578.0
Mouse_Thymus3,12_51,1,7388.0,15778.0
Mouse_Thymus3,88_38,4,14988.0,14478.0
Mouse_Thymus3,41_49,2,10288.0,15578.0
Mouse_Thymus3,90_4,5,15188.0,11078.0
Mouse_Thymus3,97_11,4,15888.0,11778.0
Mouse_Thymus3,93_27,1,15488.0,13378.0
Mouse_Thymus3,95_10,1,15688.0,11678.0
Mouse_Thymus3,38_34,5,9988.0,14078.0
Mouse_Thymus3,45_48,5,10688.0,15478.0
Mouse_Thymus3,74_22,2,13588.0,12878.0
Mouse_Thymus3,47_36,1,10888.0,14278.0
Mouse_Thymus3,37_36,1,9888.0,14278.0
Mouse_Thymus3,84_7,5,14588.0,11378.0
Mouse_Thymus3,97_56,5,15888.0,16278.0
Mouse_Thymus3,39_53,5,10088.0,15978.0
Mouse_Thymus3,84_58,1,14588.0,16478.0
Mouse_Thymus3,102_39,2,16388.0,14578.0
Mouse_Thymus3,118_68,5,17988.0,17478.0
Mouse_Thymus3,101_45,5,16288.0,15178.0
Mouse_Thymus3,38_32,1,9988.0,13878.0
Mouse_Thymus3,56_42,5,11788.0,14878.0
Mouse_Thymus3,44_24,1,10588.0,13078.0
Mouse_Thymus3,111_58,5,17288.0,16478.0
Mouse_Thymus3,103_38,2,16488.0,14478.0
Mouse_Thymus3,80_44,5,14188.0,15078.0
Mouse_Thymus3,103_27,5,16488.0,13378.0
Mouse_Thymus3,84_19,2,14588.0,12578.0
Mouse_Thymus3,94_51,5,15588.0,15778.0
Mouse_Thymus3,98_39,2,15988.0,14578.0
Mouse_Thymus3,85_55,4,14688.0,16178.0
Mouse_Thymus3,51_40,4,11288.0,14678.0
Mouse_Thymus3,56_31,2,11788.0,13778.0
Mouse_Thymus3,67_5,5,12888.0,11178.0
Mouse_Thymus3,85_38,5,14688.0,14478.0
Mouse_Thymus3,77_31,2,13888.0,13778.0
Mouse_Thymus3,40_23,5,10188.0,12978.0
Mouse_Thymus3,101_37,2,16288.0,14378.0
Mouse_Thymus3,72_17,5,13388.0,12378.0
Mouse_Thymus3,100_32,2,16188.0,13878.0
Mouse_Thymus3,102_56,5,16388.0,16278.0
Mouse_Thymus3,59_10,5,12088.0,11678.0
Mouse_Thymus3,73_4,4,13488.0,11078.0
Mouse_Thymus3,83_2,4,14488.0,10878.0
Mouse_Thymus3,80_12,5,14188.0,11878.0
Mouse_Thymus3,39_36,1,10088.0,14278.0
Mouse_Thymus3,99_60,4,16088.0,16678.0
Mouse_Thymus3,37_23,5,9888.0,12978.0
Mouse_Thymus3,76_41,2,13788.0,14778.0
Mouse_Thymus3,74_45,4,13588.0,15178.0
Mouse_Thymus3,71_21,4,13288.0,12778.0
Mouse_Thymus3,40_21,5,10188.0,12778.0
Mouse_Thymus3,77_33,1,13888.0,13978.0
Mouse_Thymus3,91_61,4,15288.0,16778.0
Mouse_Thymus3,79_7,5,14088.0,11378.0
Mouse_Thymus3,120_65,1,18188.0,17178.0
Mouse_Thymus3,48_36,1,10988.0,14278.0
Mouse_Thymus3,117_68,7,17888.0,17478.0
Mouse_Thymus3,86_19,2,14788.0,12578.0
Mouse_Thymus3,92_60,5,15388.0,16678.0
Mouse_Thymus3,76_45,2,13788.0,15178.0
Mouse_Thymus3,86_48,1,14788.0,15478.0
Mouse_Thymus3,94_60,5,15588.0,16678.0
Mouse_Thymus3,46_48,5,10788.0,15478.0
Mouse_Thymus3,119_50,5,18088.0,15678.0
Mouse_Thymus3,44_40,2,10588.0,14678.0
Mouse_Thymus3,44_30,2,10588.0,13678.0
Mouse_Thymus3,29_35,5,9088.0,14178.0
Mouse_Thymus3,67_20,1,12888.0,12678.0
Mouse_Thymus3,117_49,5,17888.0,15578.0
Mouse_Thymus3,95_54,5,15688.0,16078.0
Mouse_Thymus3,80_21,2,14188.0,12778.0
Mouse_Thymus3,39_48,2,10088.0,15478.0
Mouse_Thymus3,89_55,5,15088.0,16178.0
Mouse_Thymus3,82_49,4,14388.0,15578.0
Mouse_Thymus3,77_20,2,13888.0,12678.0
Mouse_Thymus3,36_30,1,9788.0,13678.0
Mouse_Thymus3,55_31,2,11688.0,13778.0
Mouse_Thymus3,95_25,2,15688.0,13178.0
Mouse_Thymus3,77_30,2,13888.0,13678.0
Mouse_Thymus3,64_3,5,12588.0,10978.0
Mouse_Thymus3,47_47,4,10888.0,15378.0
Mouse_Thymus3,23_44,5,8488.0,15078.0
Mouse_Thymus3,85_43,5,14688.0,14978.0
Mouse_Thymus3,102_46,5,16388.0,15278.0
Mouse_Thymus3,78_30,2,13988.0,13678.0
Mouse_Thymus3,91_33,4,15288.0,13978.0
Mouse_Thymus3,86_24,2,14788.0,13078.0
Mouse_Thymus3,74_10,5,13588.0,11678.0
Mouse_Thymus3,117_47,5,17888.0,15378.0
Mouse_Thymus3,37_33,1,9888.0,13978.0
Mouse_Thymus3,80_0,1,14188.0,10678.0
Mouse_Thymus3,54_37,1,11588.0,14378.0
Mouse_Thymus3,65_22,2,12688.0,12878.0
Mouse_Thymus3,83_49,4,14488.0,15578.0
Mouse_Thymus3,92_23,2,15388.0,12978.0
Mouse_Thymus3,120_52,5,18188.0,15878.0
Mouse_Thymus3,31_51,1,9288.0,15778.0
Mouse_Thymus3,47_35,5,10888.0,14178.0
Mouse_Thymus3,68_25,2,12988.0,13178.0
Mouse_Thymus3,62_38,1,12388.0,14478.0
Mouse_Thymus3,64_24,2,12588.0,13078.0
Mouse_Thymus3,95_63,4,15688.0,16978.0
Mouse_Thymus3,22_44,5,8388.0,15078.0
Mouse_Thymus3,54_23,4,11588.0,12978.0
Mouse_Thymus3,53_35,2,11488.0,14178.0
Mouse_Thymus3,89_16,2,15088.0,12278.0
Mouse_Thymus3,108_36,2,16988.0,14278.0
Mouse_Thymus3,109_48,1,17088.0,15478.0
Mouse_Thymus3,70_35,1,13188.0,14178.0
Mouse_Thymus3,67_35,1,12888.0,14178.0
Mouse_Thymus3,82_19,2,14388.0,12578.0
Mouse_Thymus3,79_38,4,14088.0,14478.0
Mouse_Thymus3,121_49,5,18288.0,15578.0
Mouse_Thymus3,90_61,4,15188.0,16778.0
Mouse_Thymus3,100_48,5,16188.0,15478.0
Mouse_Thymus3,115_50,2,17688.0,15678.0
Mouse_Thymus3,116_39,5,17788.0,14578.0
Mouse_Thymus3,73_30,2,13488.0,13678.0
Mouse_Thymus3,27_60,4,8888.0,16678.0
Mouse_Thymus3,7_52,1,6888.0,15878.0
Mouse_Thymus3,46_39,2,10788.0,14578.0
Mouse_Thymus3,85_12,1,14688.0,11878.0
Mouse_Thymus3,117_70,7,17888.0,17678.0
Mouse_Thymus3,71_50,4,13288.0,15678.0
Mouse_Thymus3,65_37,2,12688.0,14378.0
Mouse_Thymus3,88_35,4,14988.0,14178.0
Mouse_Thymus3,120_50,5,18188.0,15678.0
Mouse_Thymus3,90_13,1,15188.0,11978.0
Mouse_Thymus3,68_21,1,12988.0,12778.0
Mouse_Thymus3,119_43,5,18088.0,14978.0
Mouse_Thymus3,35_30,1,9688.0,13678.0
Mouse_Thymus3,88_5,5,14988.0,11178.0
Mouse_Thymus3,74_33,2,13588.0,13978.0
Mouse_Thymus3,79_41,1,14088.0,14778.0
Mouse_Thymus3,59_17,2,12088.0,12378.0
Mouse_Thymus3,35_49,2,9688.0,15578.0
Mouse_Thymus3,38_51,1,9988.0,15778.0
Mouse_Thymus3,28_40,4,8988.0,14678.0
Mouse_Thymus3,115_68,7,17688.0,17478.0
Mouse_Thymus3,69_42,4,13088.0,14878.0
Mouse_Thymus3,84_13,2,14588.0,11978.0
Mouse_Thymus3,99_22,5,16088.0,12878.0
Mouse_Thymus3,31_38,5,9288.0,14478.0
Mouse_Thymus3,94_49,1,15588.0,15578.0
Mouse_Thymus3,105_29,4,16688.0,13578.0
Mouse_Thymus3,33_45,2,9488.0,15178.0
Mouse_Thymus3,111_39,4,17288.0,14578.0
Mouse_Thymus3,27_42,1,8888.0,14878.0
Mouse_Thymus3,92_3,7,15388.0,10978.0
Mouse_Thymus3,110_53,5,17188.0,15978.0
Mouse_Thymus3,75_35,2,13688.0,14178.0
Mouse_Thymus3,54_13,5,11588.0,11978.0
Mouse_Thymus3,101_41,2,16288.0,14778.0
Mouse_Thymus3,97_50,5,15888.0,15678.0
Mouse_Thymus3,62_45,5,12388.0,15178.0
Mouse_Thymus3,100_29,2,16188.0,13578.0
Mouse_Thymus3,24_38,4,8588.0,14478.0
Mouse_Thymus3,85_23,2,14688.0,12978.0
Mouse_Thymus3,113_61,4,17488.0,16778.0
Mouse_Thymus3,103_30,5,16488.0,13678.0
Mouse_Thymus3,90_54,5,15188.0,16078.0
Mouse_Thymus3,29_57,5,9088.0,16378.0
Mouse_Thymus3,83_54,5,14488.0,16078.0
Mouse_Thymus3,114_58,5,17588.0,16478.0
Mouse_Thymus3,98_49,4,15988.0,15578.0
Mouse_Thymus3,77_45,2,13888.0,15178.0
Mouse_Thymus3,7_45,5,6888.0,15178.0
Mouse_Thymus3,85_56,5,14688.0,16278.0
Mouse_Thymus3,103_21,4,16488.0,12778.0
Mouse_Thymus3,57_21,5,11888.0,12778.0
Mouse_Thymus3,118_56,2,17988.0,16278.0
Mouse_Thymus3,62_26,4,12388.0,13278.0
Mouse_Thymus3,96_30,4,15788.0,13678.0
Mouse_Thymus3,77_21,2,13888.0,12778.0
Mouse_Thymus3,34_28,4,9588.0,13478.0
Mouse_Thymus3,43_38,7,10488.0,14478.0
Mouse_Thymus3,109_41,2,17088.0,14778.0
Mouse_Thymus3,33_38,1,9488.0,14478.0
Mouse_Thymus3,62_14,1,12388.0,12078.0
Mouse_Thymus3,118_70,4,17988.0,17678.0
Mouse_Thymus3,82_18,2,14388.0,12478.0
Mouse_Thymus3,13_56,4,7488.0,16278.0
Mouse_Thymus3,100_31,2,16188.0,13778.0
Mouse_Thymus3,68_45,4,12988.0,15178.0
Mouse_Thymus3,24_53,1,8588.0,15978.0
Mouse_Thymus3,75_8,5,13688.0,11478.0
Mouse_Thymus3,60_27,4,12188.0,13378.0
Mouse_Thymus3,85_39,5,14688.0,14578.0
Mouse_Thymus3,121_50,5,18288.0,15678.0
Mouse_Thymus3,121_67,1,18288.0,17378.0
Mouse_Thymus3,70_19,1,13188.0,12578.0
Mouse_Thymus3,76_52,5,13788.0,15878.0
Mouse_Thymus3,67_36,2,12888.0,14278.0
Mouse_Thymus3,118_45,5,17988.0,15178.0
Mouse_Thymus3,109_35,4,17088.0,14178.0
Mouse_Thymus3,65_13,1,12688.0,11978.0
Mouse_Thymus3,74_9,5,13588.0,11578.0
Mouse_Thymus3,41_50,1,10288.0,15678.0
Mouse_Thymus3,39_26,5,10088.0,13278.0
Mouse_Thymus3,90_36,4,15188.0,14278.0
Mouse_Thymus3,30_29,5,9188.0,13578.0
Mouse_Thymus3,57_31,2,11888.0,13778.0
Mouse_Thymus3,94_35,2,15588.0,14178.0
Mouse_Thymus3,104_37,2,16588.0,14378.0
Mouse_Thymus3,21_49,2,8288.0,15578.0
Mouse_Thymus3,89_33,5,15088.0,13978.0
Mouse_Thymus3,108_45,1,16988.0,15178.0
Mouse_Thymus3,86_50,4,14788.0,15678.0
Mouse_Thymus3,94_56,1,15588.0,16278.0
Mouse_Thymus3,76_20,2,13788.0,12678.0
Mouse_Thymus3,64_32,1,12588.0,13878.0
Mouse_Thymus3,78_53,5,13988.0,15978.0
Mouse_Thymus3,80_31,5,14188.0,13778.0
Mouse_Thymus3,40_55,5,10188.0,16178.0
Mouse_Thymus3,89_53,5,15088.0,15978.0
Mouse_Thymus3,103_40,2,16488.0,14678.0
Mouse_Thymus3,12_53,5,7388.0,15978.0
Mouse_Thymus3,54_44,4,11588.0,15078.0
Mouse_Thymus3,94_40,4,15588.0,14678.0
Mouse_Thymus3,117_58,2,17888.0,16478.0
Mouse_Thymus3,86_25,2,14788.0,13178.0
Mouse_Thymus3,105_28,5,16688.0,13478.0
Mouse_Thymus3,113_54,5,17488.0,16078.0
Mouse_Thymus3,19_43,5,8088.0,14978.0
Mouse_Thymus3,65_40,1,12688.0,14678.0
Mouse_Thymus3,35_36,5,9688.0,14278.0
Mouse_Thymus3,54_39,5,11588.0,14578.0
Mouse_Thymus3,38_35,1,9988.0,14178.0
Mouse_Thymus3,13_41,5,7488.0,14778.0
Mouse_Thymus3,48_27,5,10988.0,13378.0
Mouse_Thymus3,79_15,1,14088.0,12178.0
Mouse_Thymus3,10_53,5,7188.0,15978.0
Mouse_Thymus3,15_55,4,7688.0,16178.0
Mouse_Thymus3,71_22,4,13288.0,12878.0
Mouse_Thymus3,60_19,4,12188.0,12578.0
Mouse_Thymus3,116_63,5,17788.0,16978.0
Mouse_Thymus3,18_53,4,7988.0,15978.0
Mouse_Thymus3,77_2,4,13888.0,10878.0
Mouse_Thymus3,79_33,5,14088.0,13978.0
Mouse_Thymus3,72_24,2,13388.0,13078.0
Mouse_Thymus3,79_28,2,14088.0,13478.0
Mouse_Thymus3,81_27,1,14288.0,13378.0
Mouse_Thymus3,54_15,5,11588.0,12178.0
Mouse_Thymus3,52_21,1,11388.0,12778.0
Mouse_Thymus3,11_55,1,7288.0,16178.0
Mouse_Thymus3,50_27,4,11188.0,13378.0
Mouse_Thymus3,105_37,2,16688.0,14378.0
Mouse_Thymus3,49_15,7,11088.0,12178.0
Mouse_Thymus3,26_49,2,8788.0,15578.0
Mouse_Thymus3,58_25,2,11988.0,13178.0
Mouse_Thymus3,47_42,2,10888.0,14878.0
Mouse_Thymus3,83_10,5,14488.0,11678.0
Mouse_Thymus3,30_53,5,9188.0,15978.0
Mouse_Thymus3,84_2,4,14588.0,10878.0
Mouse_Thymus3,38_37,1,9988.0,14378.0
Mouse_Thymus3,64_16,5,12588.0,12278.0
Mouse_Thymus3,69_13,5,13088.0,11978.0
Mouse_Thymus3,76_39,2,13788.0,14578.0
Mouse_Thymus3,44_50,5,10588.0,15678.0
Mouse_Thymus3,89_61,4,15088.0,16778.0
Mouse_Thymus3,105_53,1,16688.0,15978.0
Mouse_Thymus3,34_40,5,9588.0,14678.0
Mouse_Thymus3,42_49,2,10388.0,15578.0
Mouse_Thymus3,108_44,2,16988.0,15078.0
Mouse_Thymus3,90_3,4,15188.0,10978.0
Mouse_Thymus3,27_40,5,8888.0,14678.0
Mouse_Thymus3,108_49,5,16988.0,15578.0
Mouse_Thymus3,46_41,2,10788.0,14778.0
Mouse_Thymus3,73_51,4,13488.0,15778.0
Mouse_Thymus3,108_56,5,16988.0,16278.0
Mouse_Thymus3,96_56,5,15788.0,16278.0
Mouse_Thymus3,87_60,4,14888.0,16678.0
Mouse_Thymus3,121_52,5,18288.0,15878.0
Mouse_Thymus3,50_15,5,11188.0,12178.0
Mouse_Thymus3,76_3,5,13788.0,10978.0
Mouse_Thymus3,90_28,2,15188.0,13478.0
Mouse_Thymus3,85_22,2,14688.0,12878.0
Mouse_Thymus3,62_34,2,12388.0,14078.0
Mouse_Thymus3,65_34,1,12688.0,14078.0
Mouse_Thymus3,99_47,5,16088.0,15378.0
Mouse_Thymus3,86_26,1,14788.0,13278.0
Mouse_Thymus3,77_24,2,13888.0,13078.0
Mouse_Thymus3,31_58,5,9288.0,16478.0
Mouse_Thymus3,45_25,1,10688.0,13178.0
Mouse_Thymus3,107_53,5,16888.0,15978.0
Mouse_Thymus3,43_29,2,10488.0,13578.0
Mouse_Thymus3,27_32,1,8888.0,13878.0
Mouse_Thymus3,36_36,5,9788.0,14278.0
Mouse_Thymus3,49_29,2,11088.0,13578.0
Mouse_Thymus3,91_53,4,15288.0,15978.0
Mouse_Thymus3,85_52,5,14688.0,15878.0
Mouse_Thymus3,72_23,2,13388.0,12978.0
Mouse_Thymus3,111_56,5,17288.0,16278.0
Mouse_Thymus3,38_21,5,9988.0,12778.0
Mouse_Thymus3,93_52,5,15488.0,15878.0
Mouse_Thymus3,112_42,2,17388.0,14878.0
Mouse_Thymus3,113_46,2,17488.0,15278.0
Mouse_Thymus3,54_21,2,11588.0,12778.0
Mouse_Thymus3,67_30,1,12888.0,13678.0
Mouse_Thymus3,89_36,4,15088.0,14278.0
Mouse_Thymus3,28_30,5,8988.0,13678.0
Mouse_Thymus3,58_16,4,11988.0,12278.0
Mouse_Thymus3,82_14,2,14388.0,12078.0
Mouse_Thymus3,13_54,5,7488.0,16078.0
Mouse_Thymus3,91_54,5,15288.0,16078.0
Mouse_Thymus3,66_1,5,12788.0,10778.0
Mouse_Thymus3,88_24,2,14988.0,13078.0
Mouse_Thymus3,76_1,4,13788.0,10778.0
Mouse_Thymus3,58_38,2,11988.0,14478.0
Mouse_Thymus3,35_42,2,9688.0,14878.0
Mouse_Thymus3,99_61,5,16088.0,16778.0
Mouse_Thymus3,28_60,4,8988.0,16678.0
Mouse_Thymus3,70_9,5,13188.0,11578.0
Mouse_Thymus3,60_15,5,12188.0,12178.0
Mouse_Thymus3,59_26,2,12088.0,13278.0
Mouse_Thymus3,100_43,4,16188.0,14978.0
Mouse_Thymus3,18_58,4,7988.0,16478.0
Mouse_Thymus3,25_50,2,8688.0,15678.0
Mouse_Thymus3,18_56,5,7988.0,16278.0
Mouse_Thymus3,50_23,2,11188.0,12978.0
Mouse_Thymus3,57_30,2,11888.0,13678.0
Mouse_Thymus3,51_18,4,11288.0,12478.0
Mouse_Thymus3,58_14,5,11988.0,12078.0
Mouse_Thymus3,56_23,2,11788.0,12978.0
Mouse_Thymus3,106_59,4,16788.0,16578.0
Mouse_Thymus3,99_17,5,16088.0,12378.0
Mouse_Thymus3,86_34,4,14788.0,14078.0
Mouse_Thymus3,116_64,5,17788.0,17078.0
Mouse_Thymus3,31_43,2,9288.0,14978.0
Mouse_Thymus3,53_15,5,11488.0,12178.0
Mouse_Thymus3,71_12,1,13288.0,11878.0
Mouse_Thymus3,82_25,5,14388.0,13178.0
Mouse_Thymus3,101_47,5,16288.0,15378.0
Mouse_Thymus3,102_25,5,16388.0,13178.0
Mouse_Thymus3,38_24,5,9988.0,13078.0
Mouse_Thymus3,14_44,5,7588.0,15078.0
Mouse_Thymus3,92_16,5,15388.0,12278.0
Mouse_Thymus3,90_8,5,15188.0,11478.0
Mouse_Thymus3,19_38,7,8088.0,14478.0
Mouse_Thymus3,88_41,4,14988.0,14778.0
Mouse_Thymus3,124_65,5,18588.0,17178.0
Mouse_Thymus3,71_49,1,13288.0,15578.0
Mouse_Thymus3,121_69,5,18288.0,17578.0
Mouse_Thymus3,103_58,4,16488.0,16478.0
Mouse_Thymus3,91_58,5,15288.0,16478.0
Mouse_Thymus3,16_43,5,7788.0,14978.0
Mouse_Thymus3,64_12,5,12588.0,11878.0
Mouse_Thymus3,37_44,2,9888.0,15078.0
Mouse_Thymus3,64_46,4,12588.0,15278.0
Mouse_Thymus3,95_20,4,15688.0,12678.0
Mouse_Thymus3,68_38,2,12988.0,14478.0
Mouse_Thymus3,50_36,1,11188.0,14278.0
Mouse_Thymus3,77_38,2,13888.0,14478.0
Mouse_Thymus3,98_54,5,15988.0,16078.0
Mouse_Thymus3,24_59,5,8588.0,16578.0
Mouse_Thymus3,63_22,2,12488.0,12878.0
Mouse_Thymus3,98_58,5,15988.0,16478.0
Mouse_Thymus3,99_57,4,16088.0,16378.0
Mouse_Thymus3,118_52,1,17988.0,15878.0
Mouse_Thymus3,50_30,1,11188.0,13678.0
Mouse_Thymus3,32_27,5,9388.0,13378.0
Mouse_Thymus3,18_54,1,7988.0,16078.0
Mouse_Thymus3,65_15,4,12688.0,12178.0
Mouse_Thymus3,17_55,5,7888.0,16178.0
Mouse_Thymus3,101_27,2,16288.0,13378.0
Mouse_Thymus3,75_49,5,13688.0,15578.0
Mouse_Thymus3,77_32,1,13888.0,13878.0
Mouse_Thymus3,74_30,2,13588.0,13678.0
Mouse_Thymus3,21_38,5,8288.0,14478.0
Mouse_Thymus3,87_30,4,14888.0,13678.0
Mouse_Thymus3,117_51,2,17888.0,15778.0
Mouse_Thymus3,43_49,1,10488.0,15578.0
Mouse_Thymus3,116_40,5,17788.0,14678.0
Mouse_Thymus3,68_10,5,12988.0,11678.0
Mouse_Thymus3,92_35,1,15388.0,14178.0
Mouse_Thymus3,112_56,5,17388.0,16278.0
Mouse_Thymus3,90_42,5,15188.0,14878.0
Mouse_Thymus3,59_35,2,12088.0,14178.0
Mouse_Thymus3,44_35,2,10588.0,14178.0
Mouse_Thymus3,73_25,2,13488.0,13178.0
Mouse_Thymus3,96_50,1,15788.0,15678.0
Mouse_Thymus3,111_37,5,17288.0,14378.0
Mouse_Thymus3,93_48,5,15488.0,15478.0
Mouse_Thymus3,80_4,5,14188.0,11078.0
Mouse_Thymus3,41_52,5,10288.0,15878.0
Mouse_Thymus3,17_46,2,7888.0,15278.0
Mouse_Thymus3,60_33,1,12188.0,13978.0
Mouse_Thymus3,51_31,1,11288.0,13778.0
Mouse_Thymus3,68_29,2,12988.0,13578.0
Mouse_Thymus3,58_29,2,11988.0,13578.0
Mouse_Thymus3,67_18,5,12888.0,12478.0
Mouse_Thymus3,114_36,4,17588.0,14278.0
Mouse_Thymus3,23_59,5,8488.0,16578.0
Mouse_Thymus3,58_41,5,11988.0,14778.0
Mouse_Thymus3,12_54,5,7388.0,16078.0
Mouse_Thymus3,6_44,4,6788.0,15078.0
Mouse_Thymus3,38_50,1,9988.0,15678.0
Mouse_Thymus3,102_22,5,16388.0,12878.0
Mouse_Thymus3,80_26,4,14188.0,13278.0
Mouse_Thymus3,107_52,5,16888.0,15878.0
Mouse_Thymus3,93_45,1,15488.0,15178.0
Mouse_Thymus3,91_35,1,15288.0,14178.0
Mouse_Thymus3,101_43,4,16288.0,14978.0
Mouse_Thymus3,68_8,1,12988.0,11478.0
Mouse_Thymus3,102_55,4,16388.0,16178.0
Mouse_Thymus3,67_29,2,12888.0,13578.0
Mouse_Thymus3,62_8,5,12388.0,11478.0
Mouse_Thymus3,62_24,1,12388.0,13078.0
Mouse_Thymus3,26_45,2,8788.0,15178.0
Mouse_Thymus3,45_45,2,10688.0,15178.0
Mouse_Thymus3,115_61,5,17688.0,16778.0
Mouse_Thymus3,19_58,5,8088.0,16478.0
Mouse_Thymus3,96_49,5,15788.0,15578.0
Mouse_Thymus3,96_58,5,15788.0,16478.0
Mouse_Thymus3,71_39,2,13288.0,14578.0
Mouse_Thymus3,82_9,5,14388.0,11578.0
Mouse_Thymus3,14_58,4,7588.0,16478.0
Mouse_Thymus3,67_46,5,12888.0,15278.0
Mouse_Thymus3,51_34,1,11288.0,14078.0
Mouse_Thymus3,29_55,5,9088.0,16178.0
Mouse_Thymus3,52_40,1,11388.0,14678.0
Mouse_Thymus3,38_48,2,9988.0,15478.0
Mouse_Thymus3,10_50,2,7188.0,15678.0
Mouse_Thymus3,101_33,2,16288.0,13978.0
Mouse_Thymus3,19_59,4,8088.0,16578.0
Mouse_Thymus3,34_29,1,9588.0,13578.0
Mouse_Thymus3,117_52,2,17888.0,15878.0
Mouse_Thymus3,117_45,5,17888.0,15178.0
Mouse_Thymus3,49_44,5,11088.0,15078.0
Mouse_Thymus3,105_42,1,16688.0,14878.0
Mouse_Thymus3,45_21,5,10688.0,12778.0
Mouse_Thymus3,111_52,5,17288.0,15878.0
Mouse_Thymus3,51_38,2,11288.0,14478.0
Mouse_Thymus3,9_47,4,7088.0,15378.0
Mouse_Thymus3,101_44,4,16288.0,15078.0
Mouse_Thymus3,8_43,7,6988.0,14978.0
Mouse_Thymus3,106_50,5,16788.0,15678.0
Mouse_Thymus3,57_35,2,11888.0,14178.0
Mouse_Thymus3,94_53,5,15588.0,15978.0
Mouse_Thymus3,76_16,5,13788.0,12278.0
Mouse_Thymus3,108_41,2,16988.0,14778.0
Mouse_Thymus3,31_41,1,9288.0,14778.0
Mouse_Thymus3,50_41,1,11188.0,14778.0
Mouse_Thymus3,100_62,7,16188.0,16878.0
Mouse_Thymus3,66_35,2,12788.0,14178.0
Mouse_Thymus3,65_25,2,12688.0,13178.0
Mouse_Thymus3,50_46,5,11188.0,15278.0
Mouse_Thymus3,95_41,5,15688.0,14778.0
Mouse_Thymus3,88_44,5,14988.0,15078.0
Mouse_Thymus3,84_22,2,14588.0,12878.0
Mouse_Thymus3,116_53,1,17788.0,15978.0
Mouse_Thymus3,88_51,5,14988.0,15778.0
Mouse_Thymus3,60_29,2,12188.0,13578.0
Mouse_Thymus3,67_49,4,12888.0,15578.0
Mouse_Thymus3,5_49,4,6688.0,15578.0
Mouse_Thymus3,118_60,2,17988.0,16678.0
Mouse_Thymus3,108_43,2,16988.0,14978.0
Mouse_Thymus3,23_50,2,8488.0,15678.0
Mouse_Thymus3,105_23,4,16688.0,12978.0
Mouse_Thymus3,61_20,1,12288.0,12678.0
Mouse_Thymus3,86_12,1,14788.0,11878.0
Mouse_Thymus3,88_36,5,14988.0,14278.0
Mouse_Thymus3,24_37,5,8588.0,14378.0
Mouse_Thymus3,96_41,4,15788.0,14778.0
Mouse_Thymus3,44_29,2,10588.0,13578.0
Mouse_Thymus3,78_38,2,13988.0,14478.0
Mouse_Thymus3,80_41,1,14188.0,14778.0
Mouse_Thymus3,83_43,4,14488.0,14978.0
Mouse_Thymus3,43_25,5,10488.0,13178.0
Mouse_Thymus3,20_38,4,8188.0,14478.0
Mouse_Thymus3,69_50,7,13088.0,15678.0
Mouse_Thymus3,28_47,2,8988.0,15378.0
Mouse_Thymus3,69_46,5,13088.0,15278.0
Mouse_Thymus3,85_4,4,14688.0,11078.0
Mouse_Thymus3,78_5,5,13988.0,11178.0
Mouse_Thymus3,90_23,2,15188.0,12978.0
Mouse_Thymus3,77_4,5,13888.0,11078.0
Mouse_Thymus3,57_26,2,11888.0,13278.0
Mouse_Thymus3,16_47,2,7788.0,15378.0
Mouse_Thymus3,33_40,1,9488.0,14678.0
Mouse_Thymus3,80_29,2,14188.0,13578.0
Mouse_Thymus3,66_5,5,12788.0,11178.0
Mouse_Thymus3,50_16,4,11188.0,12278.0
Mouse_Thymus3,34_30,1,9588.0,13678.0
Mouse_Thymus3,84_0,7,14588.0,10678.0
Mouse_Thymus3,73_32,2,13488.0,13878.0
Mouse_Thymus3,70_21,4,13188.0,12778.0
Mouse_Thymus3,61_38,4,12288.0,14478.0
Mouse_Thymus3,80_46,1,14188.0,15278.0
Mouse_Thymus3,26_37,5,8788.0,14378.0
Mouse_Thymus3,25_38,5,8688.0,14478.0
Mouse_Thymus3,44_42,2,10588.0,14878.0
Mouse_Thymus3,88_42,4,14988.0,14878.0
Mouse_Thymus3,47_31,1,10888.0,13778.0
Mouse_Thymus3,92_43,4,15388.0,14978.0
Mouse_Thymus3,7_55,7,6888.0,16178.0
Mouse_Thymus3,97_14,5,15888.0,12078.0
Mouse_Thymus3,85_28,5,14688.0,13478.0
Mouse_Thymus3,74_18,1,13588.0,12478.0
Mouse_Thymus3,28_54,5,8988.0,16078.0
Mouse_Thymus3,86_13,1,14788.0,11978.0
Mouse_Thymus3,75_39,2,13688.0,14578.0
Mouse_Thymus3,103_49,5,16488.0,15578.0
Mouse_Thymus3,112_53,5,17388.0,15978.0
Mouse_Thymus3,100_35,2,16188.0,14178.0
Mouse_Thymus3,114_37,5,17588.0,14378.0
Mouse_Thymus3,75_32,2,13688.0,13878.0
Mouse_Thymus3,92_30,4,15388.0,13678.0
Mouse_Thymus3,40_20,4,10188.0,12678.0
Mouse_Thymus3,36_46,2,9788.0,15278.0
Mouse_Thymus3,57_10,7,11888.0,11678.0
Mouse_Thymus3,51_21,1,11288.0,12778.0
Mouse_Thymus3,113_55,5,17488.0,16178.0
Mouse_Thymus3,98_26,2,15988.0,13278.0
Mouse_Thymus3,87_19,2,14888.0,12578.0
Mouse_Thymus3,108_38,2,16988.0,14478.0
Mouse_Thymus3,81_13,1,14288.0,11978.0
Mouse_Thymus3,83_17,2,14488.0,12378.0
Mouse_Thymus3,60_16,2,12188.0,12278.0
Mouse_Thymus3,91_7,5,15288.0,11378.0
Mouse_Thymus3,39_23,1,10088.0,12978.0
Mouse_Thymus3,47_25,5,10888.0,13178.0
Mouse_Thymus3,90_29,4,15188.0,13578.0
Mouse_Thymus3,37_51,5,9888.0,15778.0
Mouse_Thymus3,64_28,1,12588.0,13478.0
Mouse_Thymus3,70_50,1,13188.0,15678.0
Mouse_Thymus3,18_49,2,7988.0,15578.0
Mouse_Thymus3,18_45,4,7988.0,15178.0
Mouse_Thymus3,40_48,2,10188.0,15478.0
Mouse_Thymus3,43_46,2,10488.0,15278.0
Mouse_Thymus3,1_48,4,6288.0,15478.0
Mouse_Thymus3,84_46,5,14588.0,15278.0
Mouse_Thymus3,72_38,2,13388.0,14478.0
Mouse_Thymus3,96_57,5,15788.0,16378.0
Mouse_Thymus3,64_6,5,12588.0,11278.0
Mouse_Thymus3,114_53,1,17588.0,15978.0
Mouse_Thymus3,71_34,4,13288.0,14078.0
Mouse_Thymus3,102_51,5,16388.0,15778.0
Mouse_Thymus3,121_55,5,18288.0,16178.0
Mouse_Thymus3,67_25,2,12888.0,13178.0
Mouse_Thymus3,89_37,4,15088.0,14378.0
Mouse_Thymus3,87_55,5,14888.0,16178.0
Mouse_Thymus3,77_52,4,13888.0,15878.0
Mouse_Thymus3,64_14,5,12588.0,12078.0
Mouse_Thymus3,34_25,1,9588.0,13178.0
Mouse_Thymus3,78_40,2,13988.0,14678.0
Mouse_Thymus3,29_56,5,9088.0,16278.0
Mouse_Thymus3,88_25,2,14988.0,13178.0
Mouse_Thymus3,100_21,5,16188.0,12778.0
Mouse_Thymus3,26_33,1,8788.0,13978.0
Mouse_Thymus3,31_25,1,9288.0,13178.0
Mouse_Thymus3,39_21,5,10088.0,12778.0
Mouse_Thymus3,116_45,4,17788.0,15178.0
Mouse_Thymus3,23_48,2,8488.0,15478.0
Mouse_Thymus3,115_58,2,17688.0,16478.0
Mouse_Thymus3,64_40,4,12588.0,14678.0
Mouse_Thymus3,51_33,1,11288.0,13978.0
Mouse_Thymus3,111_38,1,17288.0,14478.0
Mouse_Thymus3,115_42,5,17688.0,14878.0
Mouse_Thymus3,72_46,5,13388.0,15278.0
Mouse_Thymus3,37_45,2,9888.0,15178.0
Mouse_Thymus3,97_25,2,15888.0,13178.0
Mouse_Thymus3,45_44,2,10688.0,15078.0
Mouse_Thymus3,66_36,2,12788.0,14278.0
Mouse_Thymus3,49_30,1,11088.0,13678.0
Mouse_Thymus3,27_59,5,8888.0,16578.0
Mouse_Thymus3,5_46,5,6688.0,15278.0
Mouse_Thymus3,94_42,5,15588.0,14878.0
Mouse_Thymus3,73_28,2,13488.0,13478.0
Mouse_Thymus3,88_58,1,14988.0,16478.0
Mouse_Thymus3,28_46,2,8988.0,15278.0
Mouse_Thymus3,111_40,2,17288.0,14678.0
Mouse_Thymus3,91_44,4,15288.0,15078.0
Mouse_Thymus3,112_49,1,17388.0,15578.0
Mouse_Thymus3,27_56,5,8888.0,16278.0
Mouse_Thymus3,113_47,2,17488.0,15378.0
Mouse_Thymus3,14_54,5,7588.0,16078.0
Mouse_Thymus3,98_28,2,15988.0,13478.0
Mouse_Thymus3,29_50,2,9088.0,15678.0
Mouse_Thymus3,77_36,2,13888.0,14278.0
Mouse_Thymus3,79_3,5,14088.0,10978.0
Mouse_Thymus3,82_54,5,14388.0,16078.0
Mouse_Thymus3,11_53,4,7288.0,15978.0
Mouse_Thymus3,90_56,4,15188.0,16278.0
Mouse_Thymus3,41_40,2,10288.0,14678.0
Mouse_Thymus3,108_48,1,16988.0,15478.0
Mouse_Thymus3,29_33,4,9088.0,13978.0
Mouse_Thymus3,95_42,5,15688.0,14878.0
Mouse_Thymus3,62_40,1,12388.0,14678.0
Mouse_Thymus3,77_16,1,13888.0,12278.0
Mouse_Thymus3,46_29,2,10788.0,13578.0
Mouse_Thymus3,95_59,4,15688.0,16578.0
Mouse_Thymus3,119_55,2,18088.0,16178.0
Mouse_Thymus3,91_5,5,15288.0,11178.0
Mouse_Thymus3,115_64,5,17688.0,17078.0
Mouse_Thymus3,60_8,7,12188.0,11478.0
Mouse_Thymus3,105_39,2,16688.0,14578.0
Mouse_Thymus3,70_31,2,13188.0,13778.0
Mouse_Thymus3,81_9,5,14288.0,11578.0
Mouse_Thymus3,93_4,2,15488.0,11078.0
Mouse_Thymus3,96_47,4,15788.0,15378.0
Mouse_Thymus3,59_46,5,12088.0,15278.0
Mouse_Thymus3,55_17,5,11688.0,12378.0
Mouse_Thymus3,61_34,2,12288.0,14078.0
Mouse_Thymus3,108_52,5,16988.0,15878.0
Mouse_Thymus3,14_42,5,7588.0,14878.0
Mouse_Thymus3,76_11,5,13788.0,11778.0
Mouse_Thymus3,2_50,5,6388.0,15678.0
Mouse_Thymus3,53_16,5,11488.0,12278.0
Mouse_Thymus3,93_36,5,15488.0,14278.0
Mouse_Thymus3,49_35,1,11088.0,14178.0
Mouse_Thymus3,49_26,5,11088.0,13278.0
Mouse_Thymus3,35_23,5,9688.0,12978.0
Mouse_Thymus3,30_40,5,9188.0,14678.0
Mouse_Thymus3,42_32,2,10388.0,13878.0
Mouse_Thymus3,77_55,7,13888.0,16178.0
Mouse_Thymus3,15_50,2,7688.0,15678.0
Mouse_Thymus3,69_2,5,13088.0,10878.0
Mouse_Thymus3,82_1,4,14388.0,10778.0
Mouse_Thymus3,86_3,7,14788.0,10978.0
Mouse_Thymus3,117_43,5,17888.0,14978.0
Mouse_Thymus3,79_48,5,14088.0,15478.0
Mouse_Thymus3,92_31,5,15388.0,13778.0
Mouse_Thymus3,37_56,1,9888.0,16278.0
Mouse_Thymus3,85_11,5,14688.0,11778.0
Mouse_Thymus3,41_19,5,10288.0,12578.0
Mouse_Thymus3,23_55,1,8488.0,16178.0
Mouse_Thymus3,100_23,5,16188.0,12978.0
Mouse_Thymus3,84_1,4,14588.0,10778.0
Mouse_Thymus3,39_33,1,10088.0,13978.0
Mouse_Thymus3,75_46,4,13688.0,15278.0
Mouse_Thymus3,56_38,2,11788.0,14478.0
Mouse_Thymus3,122_70,5,18388.0,17678.0
Mouse_Thymus3,69_44,5,13088.0,15078.0
Mouse_Thymus3,74_12,1,13588.0,11878.0
Mouse_Thymus3,99_24,4,16088.0,13078.0
Mouse_Thymus3,61_44,5,12288.0,15078.0
Mouse_Thymus3,43_21,5,10488.0,12778.0
Mouse_Thymus3,58_9,5,11988.0,11578.0
Mouse_Thymus3,42_41,2,10388.0,14778.0
Mouse_Thymus3,113_33,4,17488.0,13978.0
Mouse_Thymus3,101_18,4,16288.0,12478.0
Mouse_Thymus3,99_39,2,16088.0,14578.0
Mouse_Thymus3,92_19,4,15388.0,12578.0
Mouse_Thymus3,24_54,1,8588.0,16078.0
Mouse_Thymus3,51_20,4,11288.0,12678.0
Mouse_Thymus3,79_31,1,14088.0,13778.0
Mouse_Thymus3,83_18,2,14488.0,12478.0
Mouse_Thymus3,115_56,1,17688.0,16278.0
Mouse_Thymus3,71_44,5,13288.0,15078.0
Mouse_Thymus3,25_55,5,8688.0,16178.0
Mouse_Thymus3,94_18,4,15588.0,12478.0
Mouse_Thymus3,108_35,1,16988.0,14178.0
Mouse_Thymus3,14_45,1,7588.0,15178.0
Mouse_Thymus3,111_33,5,17288.0,13978.0
Mouse_Thymus3,119_62,5,18088.0,16878.0
Mouse_Thymus3,76_36,2,13788.0,14278.0
Mouse_Thymus3,88_4,4,14988.0,11078.0
Mouse_Thymus3,36_43,2,9788.0,14978.0
Mouse_Thymus3,76_24,2,13788.0,13078.0
Mouse_Thymus3,13_45,1,7488.0,15178.0
Mouse_Thymus3,68_1,5,12988.0,10778.0
Mouse_Thymus3,41_44,2,10288.0,15078.0
Mouse_Thymus3,119_60,2,18088.0,16678.0
Mouse_Thymus3,68_11,5,12988.0,11778.0
Mouse_Thymus3,96_35,2,15788.0,14178.0
Mouse_Thymus3,95_62,4,15688.0,16878.0
Mouse_Thymus3,93_10,4,15488.0,11678.0
Mouse_Thymus3,51_13,4,11288.0,11978.0
Mouse_Thymus3,63_15,5,12488.0,12178.0
Mouse_Thymus3,32_49,2,9388.0,15578.0
Mouse_Thymus3,98_44,5,15988.0,15078.0
Mouse_Thymus3,66_7,5,12788.0,11378.0
Mouse_Thymus3,39_46,2,10088.0,15278.0
Mouse_Thymus3,78_17,2,13988.0,12378.0
Mouse_Thymus3,25_44,2,8688.0,15078.0
Mouse_Thymus3,88_61,7,14988.0,16778.0
Mouse_Thymus3,19_55,5,8088.0,16178.0
Mouse_Thymus3,58_31,2,11988.0,13778.0
Mouse_Thymus3,94_4,7,15588.0,11078.0
Mouse_Thymus3,84_17,2,14588.0,12378.0
Mouse_Thymus3,40_53,5,10188.0,15978.0
Mouse_Thymus3,41_18,5,10288.0,12478.0
Mouse_Thymus3,101_34,2,16288.0,14078.0
Mouse_Thymus3,97_17,5,15888.0,12378.0
Mouse_Thymus3,122_58,5,18388.0,16478.0
Mouse_Thymus3,76_40,2,13788.0,14678.0
Mouse_Thymus3,120_62,5,18188.0,16878.0
Mouse_Thymus3,17_50,2,7888.0,15678.0
Mouse_Thymus3,60_38,1,12188.0,14478.0
Mouse_Thymus3,121_70,5,18288.0,17678.0
Mouse_Thymus3,82_8,5,14388.0,11478.0
Mouse_Thymus3,34_50,1,9588.0,15678.0
Mouse_Thymus3,33_36,5,9488.0,14278.0
Mouse_Thymus3,95_21,2,15688.0,12778.0
Mouse_Thymus3,91_38,4,15288.0,14478.0
Mouse_Thymus3,35_39,1,9688.0,14578.0
Mouse_Thymus3,76_23,2,13788.0,12978.0
Mouse_Thymus3,58_18,2,11988.0,12478.0
Mouse_Thymus3,44_22,5,10588.0,12878.0
Mouse_Thymus3,46_22,4,10788.0,12878.0
Mouse_Thymus3,90_59,5,15188.0,16578.0
Mouse_Thymus3,67_34,5,12888.0,14078.0
Mouse_Thymus3,98_59,5,15988.0,16578.0
Mouse_Thymus3,46_36,1,10788.0,14278.0
Mouse_Thymus3,57_33,2,11888.0,13978.0
Mouse_Thymus3,1_46,7,6288.0,15278.0
Mouse_Thymus3,42_48,2,10388.0,15478.0
Mouse_Thymus3,13_50,2,7488.0,15678.0
Mouse_Thymus3,34_38,5,9588.0,14478.0
Mouse_Thymus3,74_5,5,13588.0,11178.0
Mouse_Thymus3,112_58,5,17388.0,16478.0
Mouse_Thymus3,39_50,1,10088.0,15678.0
Mouse_Thymus3,26_54,1,8788.0,16078.0
Mouse_Thymus3,96_28,4,15788.0,13478.0
Mouse_Thymus3,69_37,2,13088.0,14378.0
Mouse_Thymus3,44_47,1,10588.0,15378.0
Mouse_Thymus3,50_44,5,11188.0,15078.0
Mouse_Thymus3,22_59,5,8388.0,16578.0
Mouse_Thymus3,36_48,1,9788.0,15478.0
Mouse_Thymus3,11_56,4,7288.0,16278.0
Mouse_Thymus3,57_44,5,11888.0,15078.0
Mouse_Thymus3,60_32,2,12188.0,13878.0
Mouse_Thymus3,91_10,5,15288.0,11678.0
Mouse_Thymus3,60_9,5,12188.0,11578.0
Mouse_Thymus3,22_42,5,8388.0,14878.0
Mouse_Thymus3,52_27,1,11388.0,13378.0
Mouse_Thymus3,65_9,4,12688.0,11578.0
Mouse_Thymus3,115_51,1,17688.0,15778.0
Mouse_Thymus3,49_18,5,11088.0,12478.0
Mouse_Thymus3,121_62,5,18288.0,16878.0
Mouse_Thymus3,79_36,5,14088.0,14278.0
Mouse_Thymus3,17_40,1,7888.0,14678.0
Mouse_Thymus3,12_56,4,7388.0,16278.0
Mouse_Thymus3,43_41,2,10488.0,14778.0
Mouse_Thymus3,52_23,4,11388.0,12978.0
Mouse_Thymus3,30_38,5,9188.0,14478.0
Mouse_Thymus3,66_41,4,12788.0,14778.0
Mouse_Thymus3,80_52,5,14188.0,15878.0
Mouse_Thymus3,91_62,7,15288.0,16878.0
Mouse_Thymus3,65_19,1,12688.0,12578.0
Mouse_Thymus3,90_33,5,15188.0,13978.0
Mouse_Thymus3,38_38,5,9988.0,14478.0
Mouse_Thymus3,77_12,1,13888.0,11878.0
Mouse_Thymus3,73_24,2,13488.0,13078.0
Mouse_Thymus3,79_4,5,14088.0,11078.0
Mouse_Thymus3,94_38,1,15588.0,14478.0
Mouse_Thymus3,71_41,2,13288.0,14778.0
Mouse_Thymus3,98_12,4,15988.0,11878.0
Mouse_Thymus3,22_43,5,8388.0,14978.0
Mouse_Thymus3,71_19,4,13288.0,12578.0
Mouse_Thymus3,99_34,4,16088.0,14078.0
Mouse_Thymus3,80_17,2,14188.0,12378.0
Mouse_Thymus3,70_12,5,13188.0,11878.0
Mouse_Thymus3,66_20,1,12788.0,12678.0
Mouse_Thymus3,5_45,1,6688.0,15178.0
Mouse_Thymus3,74_52,4,13588.0,15878.0
Mouse_Thymus3,79_43,1,14088.0,14978.0
Mouse_Thymus3,93_29,4,15488.0,13578.0
Mouse_Thymus3,104_59,5,16588.0,16578.0
Mouse_Thymus3,108_29,5,16988.0,13578.0
Mouse_Thymus3,103_23,5,16488.0,12978.0
Mouse_Thymus3,30_50,2,9188.0,15678.0
Mouse_Thymus3,61_17,4,12288.0,12378.0
Mouse_Thymus3,82_11,5,14388.0,11778.0
Mouse_Thymus3,87_51,4,14888.0,15778.0
Mouse_Thymus3,25_58,5,8688.0,16478.0
Mouse_Thymus3,108_39,2,16988.0,14578.0
Mouse_Thymus3,64_17,5,12588.0,12378.0
Mouse_Thymus3,16_56,1,7788.0,16278.0
Mouse_Thymus3,109_45,1,17088.0,15178.0
Mouse_Thymus3,8_45,5,6988.0,15178.0
Mouse_Thymus3,100_49,5,16188.0,15578.0
Mouse_Thymus3,83_56,5,14488.0,16278.0
Mouse_Thymus3,62_30,1,12388.0,13678.0
Mouse_Thymus3,57_43,4,11888.0,14978.0
Mouse_Thymus3,12_50,2,7388.0,15678.0
Mouse_Thymus3,124_62,5,18588.0,16878.0
Mouse_Thymus3,87_46,5,14888.0,15278.0
Mouse_Thymus3,69_16,4,13088.0,12278.0
Mouse_Thymus3,85_50,5,14688.0,15678.0
Mouse_Thymus3,21_58,5,8288.0,16478.0
Mouse_Thymus3,102_31,2,16388.0,13778.0
Mouse_Thymus3,11_57,7,7288.0,16378.0
Mouse_Thymus3,80_20,2,14188.0,12678.0
Mouse_Thymus3,96_36,2,15788.0,14278.0
Mouse_Thymus3,77_54,4,13888.0,16078.0
Mouse_Thymus3,81_7,5,14288.0,11378.0
Mouse_Thymus3,119_48,5,18088.0,15478.0
Mouse_Thymus3,110_58,5,17188.0,16478.0
Mouse_Thymus3,64_47,4,12588.0,15378.0
Mouse_Thymus3,63_4,1,12488.0,11078.0
Mouse_Thymus3,87_50,5,14888.0,15678.0
Mouse_Thymus3,74_27,2,13588.0,13378.0
Mouse_Thymus3,119_61,2,18088.0,16778.0
Mouse_Thymus3,102_52,4,16388.0,15878.0
Mouse_Thymus3,50_25,4,11188.0,13178.0
Mouse_Thymus3,103_41,2,16488.0,14778.0
Mouse_Thymus3,114_65,5,17588.0,17178.0
Mouse_Thymus3,108_32,5,16988.0,13878.0
Mouse_Thymus3,88_39,4,14988.0,14578.0
Mouse_Thymus3,101_50,5,16288.0,15678.0
Mouse_Thymus3,84_40,5,14588.0,14678.0
Mouse_Thymus3,67_38,2,12888.0,14478.0
Mouse_Thymus3,46_21,5,10788.0,12778.0
Mouse_Thymus3,50_42,5,11188.0,14878.0
Mouse_Thymus3,48_26,4,10988.0,13278.0
Mouse_Thymus3,68_40,5,12988.0,14678.0
Mouse_Thymus3,24_47,2,8588.0,15378.0
Mouse_Thymus3,68_28,2,12988.0,13478.0
Mouse_Thymus3,100_30,2,16188.0,13678.0
Mouse_Thymus3,66_37,2,12788.0,14378.0
Mouse_Thymus3,88_54,5,14988.0,16078.0
Mouse_Thymus3,61_46,4,12288.0,15278.0
Mouse_Thymus3,97_47,5,15888.0,15378.0
Mouse_Thymus3,78_3,5,13988.0,10978.0
Mouse_Thymus3,43_31,2,10488.0,13778.0
Mouse_Thymus3,93_59,5,15488.0,16578.0
Mouse_Thymus3,96_45,5,15788.0,15178.0
Mouse_Thymus3,102_59,5,16388.0,16578.0
Mouse_Thymus3,25_51,2,8688.0,15778.0
Mouse_Thymus3,28_32,5,8988.0,13878.0
Mouse_Thymus3,36_38,5,9788.0,14478.0
Mouse_Thymus3,124_67,5,18588.0,17378.0
Mouse_Thymus3,68_7,4,12988.0,11378.0
Mouse_Thymus3,78_50,4,13988.0,15678.0
Mouse_Thymus3,67_47,5,12888.0,15378.0
Mouse_Thymus3,99_29,2,16088.0,13578.0
Mouse_Thymus3,102_30,4,16388.0,13678.0
Mouse_Thymus3,111_36,5,17288.0,14278.0
Mouse_Thymus3,27_29,7,8888.0,13578.0
Mouse_Thymus3,50_18,5,11188.0,12478.0
Mouse_Thymus3,96_16,5,15788.0,12278.0
Mouse_Thymus3,24_46,2,8588.0,15278.0
Mouse_Thymus3,95_31,5,15688.0,13778.0
Mouse_Thymus3,54_19,5,11588.0,12578.0
Mouse_Thymus3,62_17,1,12388.0,12378.0
Mouse_Thymus3,112_40,5,17388.0,14678.0
Mouse_Thymus3,110_57,5,17188.0,16378.0
Mouse_Thymus3,106_39,2,16788.0,14578.0
Mouse_Thymus3,83_40,4,14488.0,14678.0
Mouse_Thymus3,64_22,2,12588.0,12878.0
Mouse_Thymus3,57_18,1,11888.0,12478.0
Mouse_Thymus3,37_43,2,9888.0,14978.0
Mouse_Thymus3,32_33,1,9388.0,13978.0
Mouse_Thymus3,58_19,4,11988.0,12578.0
Mouse_Thymus3,105_26,5,16688.0,13278.0
Mouse_Thymus3,82_7,5,14388.0,11378.0
Mouse_Thymus3,31_42,1,9288.0,14878.0
Mouse_Thymus3,120_70,1,18188.0,17678.0
Mouse_Thymus3,68_24,2,12988.0,13078.0
Mouse_Thymus3,29_38,5,9088.0,14478.0
Mouse_Thymus3,32_26,1,9388.0,13278.0
Mouse_Thymus3,15_43,5,7688.0,14978.0
Mouse_Thymus3,72_51,7,13388.0,15778.0
Mouse_Thymus3,74_53,7,13588.0,15978.0
Mouse_Thymus3,64_41,4,12588.0,14778.0
Mouse_Thymus3,84_11,5,14588.0,11778.0
Mouse_Thymus3,41_46,2,10288.0,15278.0
Mouse_Thymus3,103_51,5,16488.0,15778.0
Mouse_Thymus3,98_57,5,15988.0,16378.0
Mouse_Thymus3,63_47,1,12488.0,15378.0
Mouse_Thymus3,28_52,2,8988.0,15878.0
Mouse_Thymus3,78_11,5,13988.0,11778.0
Mouse_Thymus3,31_56,5,9288.0,16278.0
Mouse_Thymus3,118_59,1,17988.0,16578.0
Mouse_Thymus3,75_15,1,13688.0,12178.0
Mouse_Thymus3,52_41,1,11388.0,14778.0
Mouse_Thymus3,89_10,5,15088.0,11678.0
Mouse_Thymus3,16_57,4,7788.0,16378.0
Mouse_Thymus3,122_56,5,18388.0,16278.0
Mouse_Thymus3,67_7,5,12888.0,11378.0
Mouse_Thymus3,36_42,2,9788.0,14878.0
Mouse_Thymus3,43_51,1,10488.0,15778.0
Mouse_Thymus3,81_51,4,14288.0,15778.0
Mouse_Thymus3,105_32,5,16688.0,13878.0
Mouse_Thymus3,98_11,4,15988.0,11778.0
Mouse_Thymus3,58_24,2,11988.0,13078.0
Mouse_Thymus3,49_38,4,11088.0,14478.0
Mouse_Thymus3,60_23,2,12188.0,12978.0
Mouse_Thymus3,93_43,5,15488.0,14978.0
Mouse_Thymus3,115_40,5,17688.0,14678.0
Mouse_Thymus3,61_31,2,12288.0,13778.0
Mouse_Thymus3,117_41,5,17888.0,14778.0
Mouse_Thymus3,4_47,5,6588.0,15378.0
Mouse_Thymus3,102_49,5,16388.0,15578.0
Mouse_Thymus3,25_36,5,8688.0,14278.0
Mouse_Thymus3,116_65,5,17788.0,17178.0
Mouse_Thymus3,53_24,5,11488.0,13078.0
Mouse_Thymus3,71_16,5,13288.0,12278.0
Mouse_Thymus3,111_45,2,17288.0,15178.0
Mouse_Thymus3,35_54,5,9688.0,16078.0
Mouse_Thymus3,29_53,5,9088.0,15978.0
Mouse_Thymus3,75_18,5,13688.0,12478.0
Mouse_Thymus3,116_58,2,17788.0,16478.0
Mouse_Thymus3,103_29,5,16488.0,13578.0
Mouse_Thymus3,92_21,2,15388.0,12778.0
Mouse_Thymus3,72_20,4,13388.0,12678.0
Mouse_Thymus3,113_34,4,17488.0,14078.0
Mouse_Thymus3,87_52,5,14888.0,15878.0
Mouse_Thymus3,90_11,4,15188.0,11778.0
Mouse_Thymus3,46_28,2,10788.0,13478.0
Mouse_Thymus3,103_22,1,16488.0,12878.0
Mouse_Thymus3,40_29,2,10188.0,13578.0
Mouse_Thymus3,112_61,5,17388.0,16778.0
Mouse_Thymus3,48_47,5,10988.0,15378.0
Mouse_Thymus3,35_24,5,9688.0,13078.0
Mouse_Thymus3,48_32,4,10988.0,13878.0
Mouse_Thymus3,81_41,1,14288.0,14778.0
Mouse_Thymus3,99_43,4,16088.0,14978.0
Mouse_Thymus3,34_46,2,9588.0,15278.0
Mouse_Thymus3,36_49,2,9788.0,15578.0
Mouse_Thymus3,2_47,1,6388.0,15378.0
Mouse_Thymus3,38_47,2,9988.0,15378.0
Mouse_Thymus3,103_31,4,16488.0,13778.0
Mouse_Thymus3,60_34,2,12188.0,14078.0
Mouse_Thymus3,75_16,1,13688.0,12278.0
Mouse_Thymus3,83_30,1,14488.0,13678.0
Mouse_Thymus3,114_48,2,17588.0,15478.0
Mouse_Thymus3,40_51,1,10188.0,15778.0
Mouse_Thymus3,34_39,5,9588.0,14578.0
Mouse_Thymus3,52_30,2,11388.0,13678.0
Mouse_Thymus3,17_57,5,7888.0,16378.0
Mouse_Thymus3,63_33,1,12488.0,13978.0
Mouse_Thymus3,119_59,2,18088.0,16578.0
Mouse_Thymus3,53_23,1,11488.0,12978.0
Mouse_Thymus3,117_63,5,17888.0,16978.0
Mouse_Thymus3,18_50,2,7988.0,15678.0
Mouse_Thymus3,70_32,2,13188.0,13878.0
Mouse_Thymus3,39_51,1,10088.0,15778.0
Mouse_Thymus3,95_27,1,15688.0,13378.0
Mouse_Thymus3,94_28,1,15588.0,13478.0
Mouse_Thymus3,20_51,2,8188.0,15778.0
Mouse_Thymus3,119_46,5,18088.0,15278.0
Mouse_Thymus3,26_47,2,8788.0,15378.0
Mouse_Thymus3,28_51,2,8988.0,15778.0
Mouse_Thymus3,112_60,5,17388.0,16678.0
Mouse_Thymus3,91_25,2,15288.0,13178.0
Mouse_Thymus3,59_24,2,12088.0,13078.0
Mouse_Thymus3,81_25,4,14288.0,13178.0
Mouse_Thymus3,47_34,1,10888.0,14078.0
Mouse_Thymus3,41_38,1,10288.0,14478.0
Mouse_Thymus3,79_50,1,14088.0,15678.0
Mouse_Thymus3,73_20,2,13488.0,12678.0
Mouse_Thymus3,88_19,2,14988.0,12578.0
Mouse_Thymus3,82_39,5,14388.0,14578.0
Mouse_Thymus3,88_32,5,14988.0,13878.0
Mouse_Thymus3,26_46,2,8788.0,15278.0
Mouse_Thymus3,62_13,5,12388.0,11978.0
Mouse_Thymus3,100_13,7,16188.0,11978.0
Mouse_Thymus3,98_63,7,15988.0,16978.0
Mouse_Thymus3,41_23,5,10288.0,12978.0
Mouse_Thymus3,83_41,5,14488.0,14778.0
Mouse_Thymus3,90_7,4,15188.0,11378.0
Mouse_Thymus3,123_71,5,18488.0,17778.0
Mouse_Thymus3,104_23,4,16588.0,12978.0
Mouse_Thymus3,115_59,1,17688.0,16578.0
Mouse_Thymus3,123_60,5,18488.0,16678.0
Mouse_Thymus3,104_25,5,16588.0,13178.0
Mouse_Thymus3,80_53,4,14188.0,15978.0
Mouse_Thymus3,100_57,5,16188.0,16378.0
Mouse_Thymus3,26_31,5,8788.0,13778.0
Mouse_Thymus3,51_14,5,11288.0,12078.0
Mouse_Thymus3,89_30,5,15088.0,13678.0
Mouse_Thymus3,88_13,5,14988.0,11978.0
Mouse_Thymus3,77_10,1,13888.0,11678.0
Mouse_Thymus3,58_45,5,11988.0,15178.0
Mouse_Thymus3,104_27,5,16588.0,13378.0
Mouse_Thymus3,75_52,4,13688.0,15878.0
Mouse_Thymus3,111_48,1,17288.0,15478.0
Mouse_Thymus3,67_6,5,12888.0,11278.0
Mouse_Thymus3,106_54,5,16788.0,16078.0
Mouse_Thymus3,52_16,4,11388.0,12278.0
Mouse_Thymus3,116_54,1,17788.0,16078.0
Mouse_Thymus3,70_36,2,13188.0,14278.0
Mouse_Thymus3,80_6,5,14188.0,11278.0
Mouse_Thymus3,61_14,1,12288.0,12078.0
Mouse_Thymus3,23_40,5,8488.0,14678.0
Mouse_Thymus3,78_20,2,13988.0,12678.0
Mouse_Thymus3,16_55,5,7788.0,16178.0
Mouse_Thymus3,16_48,2,7788.0,15478.0
Mouse_Thymus3,88_23,2,14988.0,12978.0
Mouse_Thymus3,28_42,4,8988.0,14878.0
Mouse_Thymus3,57_19,1,11888.0,12578.0
Mouse_Thymus3,13_44,1,7488.0,15078.0
Mouse_Thymus3,77_29,2,13888.0,13578.0
Mouse_Thymus3,82_16,2,14388.0,12278.0
Mouse_Thymus3,29_32,1,9088.0,13878.0
Mouse_Thymus3,58_35,2,11988.0,14178.0
Mouse_Thymus3,42_21,5,10388.0,12778.0
Mouse_Thymus3,113_60,5,17488.0,16678.0
Mouse_Thymus3,56_18,5,11788.0,12478.0
Mouse_Thymus3,69_33,1,13088.0,13978.0
Mouse_Thymus3,87_33,4,14888.0,13978.0
Mouse_Thymus3,96_34,2,15788.0,14078.0
Mouse_Thymus3,17_53,5,7888.0,15978.0
Mouse_Thymus3,35_28,4,9688.0,13478.0
Mouse_Thymus3,67_28,2,12888.0,13478.0
Mouse_Thymus3,45_18,5,10688.0,12478.0
Mouse_Thymus3,120_68,5,18188.0,17478.0
Mouse_Thymus3,111_43,2,17288.0,14978.0
Mouse_Thymus3,56_20,5,11788.0,12678.0
Mouse_Thymus3,107_33,5,16888.0,13978.0
Mouse_Thymus3,117_48,5,17888.0,15478.0
Mouse_Thymus3,25_59,5,8688.0,16578.0
Mouse_Thymus3,56_14,5,11788.0,12078.0
Mouse_Thymus3,80_19,2,14188.0,12578.0
Mouse_Thymus3,105_25,5,16688.0,13178.0
Mouse_Thymus3,37_24,1,9888.0,13078.0
Mouse_Thymus3,14_43,5,7588.0,14978.0
Mouse_Thymus3,14_40,7,7588.0,14678.0
Mouse_Thymus3,53_37,5,11488.0,14378.0
Mouse_Thymus3,81_6,5,14288.0,11278.0
Mouse_Thymus3,84_28,2,14588.0,13478.0
Mouse_Thymus3,92_57,5,15388.0,16378.0
Mouse_Thymus3,48_41,2,10988.0,14778.0
Mouse_Thymus3,35_27,5,9688.0,13378.0
Mouse_Thymus3,69_15,1,13088.0,12178.0
Mouse_Thymus3,51_23,1,11288.0,12978.0
Mouse_Thymus3,58_33,1,11988.0,13978.0
Mouse_Thymus3,19_45,5,8088.0,15178.0
Mouse_Thymus3,34_59,4,9588.0,16578.0
Mouse_Thymus3,104_52,4,16588.0,15878.0
Mouse_Thymus3,34_42,2,9588.0,14878.0
Mouse_Thymus3,44_28,2,10588.0,13478.0
Mouse_Thymus3,119_47,5,18088.0,15378.0
Mouse_Thymus3,87_9,5,14888.0,11578.0
Mouse_Thymus3,91_37,4,15288.0,14378.0
Mouse_Thymus3,53_18,5,11488.0,12478.0
Mouse_Thymus3,106_47,4,16788.0,15378.0
Mouse_Thymus3,40_28,2,10188.0,13478.0
Mouse_Thymus3,32_31,1,9388.0,13778.0
Mouse_Thymus3,86_36,5,14788.0,14278.0
Mouse_Thymus3,78_55,4,13988.0,16178.0
Mouse_Thymus3,86_11,5,14788.0,11778.0
Mouse_Thymus3,76_10,1,13788.0,11678.0
Mouse_Thymus3,63_11,5,12488.0,11778.0
Mouse_Thymus3,125_67,5,18688.0,17378.0
Mouse_Thymus3,84_56,5,14588.0,16278.0
Mouse_Thymus3,83_39,5,14488.0,14578.0
Mouse_Thymus3,119_53,5,18088.0,15978.0
Mouse_Thymus3,104_51,5,16588.0,15778.0
Mouse_Thymus3,110_35,5,17188.0,14178.0
Mouse_Thymus3,69_31,2,13088.0,13778.0
Mouse_Thymus3,81_14,2,14288.0,12078.0
Mouse_Thymus3,94_12,5,15588.0,11878.0
Mouse_Thymus3,90_30,1,15188.0,13678.0
Mouse_Thymus3,53_30,2,11488.0,13678.0
Mouse_Thymus3,74_23,2,13588.0,12978.0
Mouse_Thymus3,76_17,1,13788.0,12378.0
Mouse_Thymus3,66_8,5,12788.0,11478.0
Mouse_Thymus3,5_47,5,6688.0,15378.0
Mouse_Thymus3,85_19,2,14688.0,12578.0
Mouse_Thymus3,19_56,5,8088.0,16278.0
Mouse_Thymus3,109_60,4,17088.0,16678.0
Mouse_Thymus3,37_34,1,9888.0,14078.0
Mouse_Thymus3,70_15,5,13188.0,12178.0
Mouse_Thymus3,75_6,1,13688.0,11278.0
Mouse_Thymus3,97_9,1,15888.0,11578.0
Mouse_Thymus3,102_60,5,16388.0,16678.0
Mouse_Thymus3,101_56,5,16288.0,16278.0
Mouse_Thymus3,81_0,5,14288.0,10678.0
Mouse_Thymus3,80_37,1,14188.0,14378.0
Mouse_Thymus3,85_53,5,14688.0,15978.0
Mouse_Thymus3,28_36,5,8988.0,14278.0
Mouse_Thymus3,72_3,5,13388.0,10978.0
Mouse_Thymus3,36_22,5,9788.0,12878.0
Mouse_Thymus3,112_62,5,17388.0,16878.0
Mouse_Thymus3,57_32,2,11888.0,13878.0
Mouse_Thymus3,47_45,5,10888.0,15178.0
Mouse_Thymus3,96_12,5,15788.0,11878.0
Mouse_Thymus3,31_31,4,9288.0,13778.0
Mouse_Thymus3,70_34,1,13188.0,14078.0
Mouse_Thymus3,47_41,2,10888.0,14778.0
Mouse_Thymus3,117_65,5,17888.0,17178.0
Mouse_Thymus3,79_44,1,14088.0,15078.0
Mouse_Thymus3,93_56,5,15488.0,16278.0
Mouse_Thymus3,107_29,5,16888.0,13578.0
Mouse_Thymus3,102_50,5,16388.0,15678.0
Mouse_Thymus3,52_20,5,11388.0,12678.0
Mouse_Thymus3,60_18,2,12188.0,12478.0
Mouse_Thymus3,86_39,4,14788.0,14578.0
Mouse_Thymus3,36_31,1,9788.0,13778.0
Mouse_Thymus4,42_81,2,14386.0,15900.0
Mouse_Thymus4,48_23,5,14986.0,10100.0
Mouse_Thymus4,5_39,5,10686.0,11700.0
Mouse_Thymus4,28_72,1,12986.0,15000.0
Mouse_Thymus4,13_51,5,11486.0,12900.0
Mouse_Thymus4,24_69,2,12586.0,14700.0
Mouse_Thymus4,33_16,1,13486.0,9400.0
Mouse_Thymus4,9_46,5,11086.0,12400.0
Mouse_Thymus4,54_8,2,15586.0,8600.0
Mouse_Thymus4,17_39,2,11886.0,11700.0
Mouse_Thymus4,45_103,5,14686.0,18100.0
Mouse_Thymus4,46_79,2,14786.0,15700.0
Mouse_Thymus4,24_62,1,12586.0,14000.0
Mouse_Thymus4,64_27,5,16586.0,10500.0
Mouse_Thymus4,35_60,4,13686.0,13800.0
Mouse_Thymus4,46_113,7,14786.0,19100.0
Mouse_Thymus4,52_106,2,15386.0,18400.0
Mouse_Thymus4,52_4,5,15386.0,8200.0
Mouse_Thymus4,21_59,5,12286.0,13700.0
Mouse_Thymus4,63_29,4,16486.0,10700.0
Mouse_Thymus4,59_109,5,16086.0,18700.0
Mouse_Thymus4,49_110,4,15086.0,18800.0
Mouse_Thymus4,33_62,4,13486.0,14000.0
Mouse_Thymus4,53_31,5,15486.0,10900.0
Mouse_Thymus4,45_38,5,14686.0,11600.0
Mouse_Thymus4,35_90,1,13686.0,16800.0
Mouse_Thymus4,55_23,5,15686.0,10100.0
Mouse_Thymus4,29_46,5,13086.0,12400.0
Mouse_Thymus4,38_58,1,13986.0,13600.0
Mouse_Thymus4,17_65,2,11886.0,14300.0
Mouse_Thymus4,12_31,4,11386.0,10900.0
Mouse_Thymus4,26_21,7,12786.0,9900.0
Mouse_Thymus4,34_96,1,13586.0,17400.0
Mouse_Thymus4,26_60,2,12786.0,13800.0
Mouse_Thymus4,56_100,1,15786.0,17800.0
Mouse_Thymus4,56_103,5,15786.0,18100.0
Mouse_Thymus4,48_111,5,14986.0,18900.0
Mouse_Thymus4,30_90,5,13186.0,16800.0
Mouse_Thymus4,46_81,2,14786.0,15900.0
Mouse_Thymus4,43_26,2,14486.0,10400.0
Mouse_Thymus4,48_25,4,14986.0,10300.0
Mouse_Thymus4,12_32,4,11386.0,11000.0
Mouse_Thymus4,37_14,5,13886.0,9200.0
Mouse_Thymus4,25_32,2,12686.0,11000.0
Mouse_Thymus4,36_87,5,13786.0,16500.0
Mouse_Thymus4,37_55,1,13886.0,13300.0
Mouse_Thymus4,57_97,5,15886.0,17500.0
Mouse_Thymus4,28_43,1,12986.0,12100.0
Mouse_Thymus4,65_7,4,16686.0,8500.0
Mouse_Thymus4,24_23,4,12586.0,10100.0
Mouse_Thymus4,63_26,5,16486.0,10400.0
Mouse_Thymus4,24_35,2,12586.0,11300.0
Mouse_Thymus4,26_80,5,12786.0,15800.0
Mouse_Thymus4,37_18,5,13886.0,9600.0
Mouse_Thymus4,46_33,4,14786.0,11100.0
Mouse_Thymus4,22_30,5,12386.0,10800.0
Mouse_Thymus4,35_79,4,13686.0,15700.0
Mouse_Thymus4,30_39,4,13186.0,11700.0
Mouse_Thymus4,49_104,1,15086.0,18200.0
Mouse_Thymus4,54_87,5,15586.0,16500.0
Mouse_Thymus4,47_75,1,14886.0,15300.0
Mouse_Thymus4,42_26,2,14386.0,10400.0
Mouse_Thymus4,13_42,5,11486.0,12000.0
Mouse_Thymus4,42_39,5,14386.0,11700.0
Mouse_Thymus4,20_37,2,12186.0,11500.0
Mouse_Thymus4,43_86,1,14486.0,16400.0
Mouse_Thymus4,26_59,2,12786.0,13700.0
Mouse_Thymus4,24_80,5,12586.0,15800.0
Mouse_Thymus4,59_84,5,16086.0,16200.0
Mouse_Thymus4,42_54,2,14386.0,13200.0
Mouse_Thymus4,13_39,5,11486.0,11700.0
Mouse_Thymus4,29_58,2,13086.0,13600.0
Mouse_Thymus4,39_87,5,14086.0,16500.0
Mouse_Thymus4,58_106,5,15986.0,18400.0
Mouse_Thymus4,24_25,5,12586.0,10300.0
Mouse_Thymus4,25_72,5,12686.0,15000.0
Mouse_Thymus4,32_64,5,13386.0,14200.0
Mouse_Thymus4,37_72,1,13886.0,15000.0
Mouse_Thymus4,39_85,4,14086.0,16300.0
Mouse_Thymus4,41_83,1,14286.0,16100.0
Mouse_Thymus4,55_89,5,15686.0,16700.0
Mouse_Thymus4,62_11,4,16386.0,8900.0
Mouse_Thymus4,26_34,2,12786.0,11200.0
Mouse_Thymus4,52_116,4,15386.0,19400.0
Mouse_Thymus4,59_29,5,16086.0,10700.0
Mouse_Thymus4,49_48,1,15086.0,12600.0
Mouse_Thymus4,3_59,5,10486.0,13700.0
Mouse_Thymus4,36_60,1,13786.0,13800.0
Mouse_Thymus4,31_88,1,13286.0,16600.0
Mouse_Thymus4,22_55,4,12386.0,13300.0
Mouse_Thymus4,13_53,4,11486.0,13100.0
Mouse_Thymus4,48_4,1,14986.0,8200.0
Mouse_Thymus4,36_24,2,13786.0,10200.0
Mouse_Thymus4,39_88,5,14086.0,16600.0
Mouse_Thymus4,56_16,4,15786.0,9400.0
Mouse_Thymus4,7_56,4,10886.0,13400.0
Mouse_Thymus4,9_56,5,11086.0,13400.0
Mouse_Thymus4,24_56,2,12586.0,13400.0
Mouse_Thymus4,39_38,5,14086.0,11600.0
Mouse_Thymus4,10_63,5,11186.0,14100.0
Mouse_Thymus4,50_108,2,15186.0,18600.0
Mouse_Thymus4,48_40,7,14986.0,11800.0
Mouse_Thymus4,56_108,1,15786.0,18600.0
Mouse_Thymus4,64_23,4,16586.0,10100.0
Mouse_Thymus4,32_39,4,13386.0,11700.0
Mouse_Thymus4,10_46,5,11186.0,12400.0
Mouse_Thymus4,33_25,1,13486.0,10300.0
Mouse_Thymus4,46_111,5,14786.0,18900.0
Mouse_Thymus4,42_56,2,14386.0,13400.0
Mouse_Thymus4,27_87,5,12886.0,16500.0
Mouse_Thymus4,57_92,5,15886.0,17000.0
Mouse_Thymus4,39_59,1,14086.0,13700.0
Mouse_Thymus4,21_44,2,12286.0,12200.0
Mouse_Thymus4,29_20,4,13086.0,9800.0
Mouse_Thymus4,57_29,5,15886.0,10700.0
Mouse_Thymus4,33_71,1,13486.0,14900.0
Mouse_Thymus4,23_80,5,12486.0,15800.0
Mouse_Thymus4,36_76,1,13786.0,15400.0
Mouse_Thymus4,63_2,5,16486.0,8000.0
Mouse_Thymus4,40_26,2,14186.0,10400.0
Mouse_Thymus4,6_61,5,10786.0,13900.0
Mouse_Thymus4,12_36,5,11386.0,11400.0
Mouse_Thymus4,36_59,1,13786.0,13700.0
Mouse_Thymus4,4_58,4,10586.0,13600.0
Mouse_Thymus4,15_69,4,11686.0,14700.0
Mouse_Thymus4,22_31,4,12386.0,10900.0
Mouse_Thymus4,53_80,4,15486.0,15800.0
Mouse_Thymus4,47_10,1,14886.0,8800.0
Mouse_Thymus4,39_40,1,14086.0,11800.0
Mouse_Thymus4,1_56,5,10286.0,13400.0
Mouse_Thymus4,46_15,2,14786.0,9300.0
Mouse_Thymus4,21_61,1,12286.0,13900.0
Mouse_Thymus4,34_33,2,13586.0,11100.0
Mouse_Thymus4,42_63,5,14386.0,14100.0
Mouse_Thymus4,31_47,2,13286.0,12500.0
Mouse_Thymus4,54_80,5,15586.0,15800.0
Mouse_Thymus4,44_71,5,14586.0,14900.0
Mouse_Thymus4,53_105,2,15486.0,18300.0
Mouse_Thymus4,26_58,2,12786.0,13600.0
Mouse_Thymus4,18_43,2,11986.0,12100.0
Mouse_Thymus4,37_40,5,13886.0,11800.0
Mouse_Thymus4,51_107,2,15286.0,18500.0
Mouse_Thymus4,21_42,2,12286.0,12000.0
Mouse_Thymus4,32_38,5,13386.0,11600.0
Mouse_Thymus4,43_32,5,14486.0,11000.0
Mouse_Thymus4,45_52,2,14686.0,13000.0
Mouse_Thymus4,43_28,1,14486.0,10600.0
Mouse_Thymus4,10_57,4,11186.0,13500.0
Mouse_Thymus4,49_74,1,15086.0,15200.0
Mouse_Thymus4,29_48,1,13086.0,12600.0
Mouse_Thymus4,39_29,4,14086.0,10700.0
Mouse_Thymus4,20_83,5,12186.0,16100.0
Mouse_Thymus4,30_63,5,13186.0,14100.0
Mouse_Thymus4,34_71,1,13586.0,14900.0
Mouse_Thymus4,40_66,2,14186.0,14400.0
Mouse_Thymus4,27_36,1,12886.0,11400.0
Mouse_Thymus4,54_16,5,15586.0,9400.0
Mouse_Thymus4,39_25,2,14086.0,10300.0
Mouse_Thymus4,36_66,2,13786.0,14400.0
Mouse_Thymus4,29_45,1,13086.0,12300.0
Mouse_Thymus4,17_45,2,11886.0,12300.0
Mouse_Thymus4,47_32,4,14886.0,11000.0
Mouse_Thymus4,30_85,1,13186.0,16300.0
Mouse_Thymus4,57_102,4,15886.0,18000.0
Mouse_Thymus4,61_32,5,16286.0,11000.0
Mouse_Thymus4,47_98,1,14886.0,17600.0
Mouse_Thymus4,42_33,4,14386.0,11100.0
Mouse_Thymus4,59_14,5,16086.0,9200.0
Mouse_Thymus4,26_64,2,12786.0,14200.0
Mouse_Thymus4,22_58,4,12386.0,13600.0
Mouse_Thymus4,42_30,4,14386.0,10800.0
Mouse_Thymus4,30_57,2,13186.0,13500.0
Mouse_Thymus4,31_45,2,13286.0,12300.0
Mouse_Thymus4,28_87,5,12986.0,16500.0
Mouse_Thymus4,35_78,4,13686.0,15600.0
Mouse_Thymus4,49_3,7,15086.0,8100.0
Mouse_Thymus4,29_59,2,13086.0,13700.0
Mouse_Thymus4,51_83,2,15286.0,16100.0
Mouse_Thymus4,21_43,2,12286.0,12100.0
Mouse_Thymus4,33_56,2,13486.0,13400.0
Mouse_Thymus4,27_86,5,12886.0,16400.0
Mouse_Thymus4,59_90,5,16086.0,16800.0
Mouse_Thymus4,35_31,4,13686.0,10900.0
Mouse_Thymus4,33_80,2,13486.0,15800.0
Mouse_Thymus4,35_88,1,13686.0,16600.0
Mouse_Thymus4,46_35,5,14786.0,11300.0
Mouse_Thymus4,50_86,2,15186.0,16400.0
Mouse_Thymus4,48_93,2,14986.0,17100.0
Mouse_Thymus4,38_30,2,13986.0,10800.0
Mouse_Thymus4,35_71,1,13686.0,14900.0
Mouse_Thymus4,59_98,7,16086.0,17600.0
Mouse_Thymus4,41_66,5,14286.0,14400.0
Mouse_Thymus4,33_76,1,13486.0,15400.0
Mouse_Thymus4,64_29,5,16586.0,10700.0
Mouse_Thymus4,44_18,2,14586.0,9600.0
Mouse_Thymus4,58_88,5,15986.0,16600.0
Mouse_Thymus4,53_20,5,15486.0,9800.0
Mouse_Thymus4,21_57,4,12286.0,13500.0
Mouse_Thymus4,53_5,4,15486.0,8300.0
Mouse_Thymus4,33_37,4,13486.0,11500.0
Mouse_Thymus4,40_36,4,14186.0,11400.0
Mouse_Thymus4,62_5,1,16386.0,8300.0
Mouse_Thymus4,31_77,1,13286.0,15500.0
Mouse_Thymus4,42_15,2,14386.0,9300.0
Mouse_Thymus4,25_68,2,12686.0,14600.0
Mouse_Thymus4,18_34,5,11986.0,11200.0
Mouse_Thymus4,46_77,4,14786.0,15500.0
Mouse_Thymus4,37_54,4,13886.0,13200.0
Mouse_Thymus4,60_22,4,16186.0,10000.0
Mouse_Thymus4,36_90,1,13786.0,16800.0
Mouse_Thymus4,36_80,1,13786.0,15800.0
Mouse_Thymus4,29_49,2,13086.0,12700.0
Mouse_Thymus4,50_112,4,15186.0,19000.0
Mouse_Thymus4,57_4,5,15886.0,8200.0
Mouse_Thymus4,41_48,1,14286.0,12600.0
Mouse_Thymus4,17_72,5,11886.0,15000.0
Mouse_Thymus4,48_18,7,14986.0,9600.0
Mouse_Thymus4,14_66,5,11586.0,14400.0
Mouse_Thymus4,35_21,1,13686.0,9900.0
Mouse_Thymus4,16_32,5,11786.0,11000.0
Mouse_Thymus4,28_39,2,12986.0,11700.0
Mouse_Thymus4,53_14,5,15486.0,9200.0
Mouse_Thymus4,37_61,1,13886.0,13900.0
Mouse_Thymus4,32_42,1,13386.0,12000.0
Mouse_Thymus4,33_30,4,13486.0,10800.0
Mouse_Thymus4,22_74,2,12386.0,15200.0
Mouse_Thymus4,50_85,2,15186.0,16300.0
Mouse_Thymus4,50_43,4,15186.0,12100.0
Mouse_Thymus4,12_30,4,11386.0,10800.0
Mouse_Thymus4,49_91,2,15086.0,16900.0
Mouse_Thymus4,40_16,1,14186.0,9400.0
Mouse_Thymus4,13_48,5,11486.0,12600.0
Mouse_Thymus4,50_20,5,15186.0,9800.0
Mouse_Thymus4,34_74,7,13586.0,15200.0
Mouse_Thymus4,30_69,2,13186.0,14700.0
Mouse_Thymus4,14_63,1,11586.0,14100.0
Mouse_Thymus4,47_26,5,14886.0,10400.0
Mouse_Thymus4,40_19,2,14186.0,9700.0
Mouse_Thymus4,27_30,2,12886.0,10800.0
Mouse_Thymus4,58_17,4,15986.0,9500.0
Mouse_Thymus4,11_41,5,11286.0,11900.0
Mouse_Thymus4,22_49,2,12386.0,12700.0
Mouse_Thymus4,35_67,1,13686.0,14500.0
Mouse_Thymus4,46_85,2,14786.0,16300.0
Mouse_Thymus4,42_44,4,14386.0,12200.0
Mouse_Thymus4,47_18,2,14886.0,9600.0
Mouse_Thymus4,37_46,5,13886.0,12400.0
Mouse_Thymus4,32_17,1,13386.0,9500.0
Mouse_Thymus4,5_54,5,10686.0,13200.0
Mouse_Thymus4,7_39,5,10886.0,11700.0
Mouse_Thymus4,53_12,4,15486.0,9000.0
Mouse_Thymus4,8_44,5,10986.0,12200.0
Mouse_Thymus4,14_29,7,11586.0,10700.0
Mouse_Thymus4,23_28,5,12486.0,10600.0
Mouse_Thymus4,19_34,5,12086.0,11200.0
Mouse_Thymus4,53_79,5,15486.0,15700.0
Mouse_Thymus4,67_3,2,16886.0,8100.0
Mouse_Thymus4,19_60,4,12086.0,13800.0
Mouse_Thymus4,17_29,4,11886.0,10700.0
Mouse_Thymus4,13_67,1,11486.0,14500.0
Mouse_Thymus4,27_57,2,12886.0,13500.0
Mouse_Thymus4,42_77,2,14386.0,15500.0
Mouse_Thymus4,46_99,1,14786.0,17700.0
Mouse_Thymus4,36_86,1,13786.0,16400.0
Mouse_Thymus4,43_40,5,14486.0,11800.0
Mouse_Thymus4,20_39,2,12186.0,11700.0
Mouse_Thymus4,44_17,2,14586.0,9500.0
Mouse_Thymus4,62_98,5,16386.0,17600.0
Mouse_Thymus4,38_55,1,13986.0,13300.0
Mouse_Thymus4,54_113,1,15586.0,19100.0
Mouse_Thymus4,30_49,1,13186.0,12700.0
Mouse_Thymus4,55_82,5,15686.0,16000.0
Mouse_Thymus4,21_63,2,12286.0,14100.0
Mouse_Thymus4,37_91,1,13886.0,16900.0
Mouse_Thymus4,19_52,5,12086.0,13000.0
Mouse_Thymus4,44_51,2,14586.0,12900.0
Mouse_Thymus4,15_41,2,11686.0,11900.0
Mouse_Thymus4,12_60,5,11386.0,13800.0
Mouse_Thymus4,61_7,1,16286.0,8500.0
Mouse_Thymus4,45_32,4,14686.0,11000.0
Mouse_Thymus4,22_77,5,12386.0,15500.0
Mouse_Thymus4,63_9,1,16486.0,8700.0
Mouse_Thymus4,42_24,2,14386.0,10200.0
Mouse_Thymus4,39_98,5,14086.0,17600.0
Mouse_Thymus4,19_68,4,12086.0,14600.0
Mouse_Thymus4,54_30,5,15586.0,10800.0
Mouse_Thymus4,25_77,5,12686.0,15500.0
Mouse_Thymus4,41_101,5,14286.0,17900.0
Mouse_Thymus4,11_33,5,11286.0,11100.0
Mouse_Thymus4,54_14,5,15586.0,9200.0
Mouse_Thymus4,55_20,4,15686.0,9800.0
Mouse_Thymus4,30_46,2,13186.0,12400.0
Mouse_Thymus4,50_98,2,15186.0,17600.0
Mouse_Thymus4,13_37,5,11486.0,11500.0
Mouse_Thymus4,44_67,1,14586.0,14500.0
Mouse_Thymus4,24_41,2,12586.0,11900.0
Mouse_Thymus4,21_33,4,12286.0,11100.0
Mouse_Thymus4,35_87,1,13686.0,16500.0
Mouse_Thymus4,48_43,1,14986.0,12100.0
Mouse_Thymus4,55_87,5,15686.0,16500.0
Mouse_Thymus4,41_39,4,14286.0,11700.0
Mouse_Thymus4,11_32,4,11286.0,11000.0
Mouse_Thymus4,31_85,2,13286.0,16300.0
Mouse_Thymus4,58_93,4,15986.0,17100.0
Mouse_Thymus4,60_108,5,16186.0,18600.0
Mouse_Thymus4,42_9,1,14386.0,8700.0
Mouse_Thymus4,30_42,1,13186.0,12000.0
Mouse_Thymus4,30_22,5,13186.0,10000.0
Mouse_Thymus4,39_77,2,14086.0,15500.0
Mouse_Thymus4,27_22,1,12886.0,10000.0
Mouse_Thymus4,56_37,5,15786.0,11500.0
Mouse_Thymus4,54_35,5,15586.0,11300.0
Mouse_Thymus4,5_55,5,10686.0,13300.0
Mouse_Thymus4,49_109,1,15086.0,18700.0
Mouse_Thymus4,48_91,2,14986.0,16900.0
Mouse_Thymus4,45_78,2,14686.0,15600.0
Mouse_Thymus4,8_52,1,10986.0,13000.0
Mouse_Thymus4,44_16,2,14586.0,9400.0
Mouse_Thymus4,42_16,2,14386.0,9400.0
Mouse_Thymus4,51_77,5,15286.0,15500.0
Mouse_Thymus4,30_41,1,13186.0,11900.0
Mouse_Thymus4,39_86,5,14086.0,16400.0
Mouse_Thymus4,28_92,5,12986.0,17000.0
Mouse_Thymus4,31_92,1,13286.0,17000.0
Mouse_Thymus4,39_22,2,14086.0,10000.0
Mouse_Thymus4,55_38,5,15686.0,11600.0
Mouse_Thymus4,44_77,2,14586.0,15500.0
Mouse_Thymus4,54_99,2,15586.0,17700.0
Mouse_Thymus4,41_17,2,14286.0,9500.0
Mouse_Thymus4,49_20,4,15086.0,9800.0
Mouse_Thymus4,19_70,4,12086.0,14800.0
Mouse_Thymus4,18_48,1,11986.0,12600.0
Mouse_Thymus4,51_99,2,15286.0,17700.0
Mouse_Thymus4,32_93,5,13386.0,17100.0
Mouse_Thymus4,47_23,4,14886.0,10100.0
Mouse_Thymus4,55_42,1,15686.0,12000.0
Mouse_Thymus4,20_71,5,12186.0,14900.0
Mouse_Thymus4,45_92,2,14686.0,17000.0
Mouse_Thymus4,6_36,4,10786.0,11400.0
Mouse_Thymus4,36_96,1,13786.0,17400.0
Mouse_Thymus4,6_42,4,10786.0,12000.0
Mouse_Thymus4,59_5,2,16086.0,8300.0
Mouse_Thymus4,37_20,2,13886.0,9800.0
Mouse_Thymus4,10_54,5,11186.0,13200.0
Mouse_Thymus4,26_47,2,12786.0,12500.0
Mouse_Thymus4,54_27,5,15586.0,10500.0
Mouse_Thymus4,50_102,2,15186.0,18000.0
Mouse_Thymus4,43_36,4,14486.0,11400.0
Mouse_Thymus4,20_30,5,12186.0,10800.0
Mouse_Thymus4,12_40,5,11386.0,11800.0
Mouse_Thymus4,19_30,5,12086.0,10800.0
Mouse_Thymus4,56_101,5,15786.0,17900.0
Mouse_Thymus4,30_84,1,13186.0,16200.0
Mouse_Thymus4,6_40,5,10786.0,11800.0
Mouse_Thymus4,31_89,1,13286.0,16700.0
Mouse_Thymus4,25_34,2,12686.0,11200.0
Mouse_Thymus4,51_48,5,15286.0,12600.0
Mouse_Thymus4,29_54,2,13086.0,13200.0
Mouse_Thymus4,20_49,2,12186.0,12700.0
Mouse_Thymus4,35_93,1,13686.0,17100.0
Mouse_Thymus4,50_11,2,15186.0,8900.0
Mouse_Thymus4,20_62,5,12186.0,14000.0
Mouse_Thymus4,8_61,5,10986.0,13900.0
Mouse_Thymus4,54_102,1,15586.0,18000.0
Mouse_Thymus4,25_70,2,12686.0,14800.0
Mouse_Thymus4,7_62,5,10886.0,14000.0
Mouse_Thymus4,53_103,2,15486.0,18100.0
Mouse_Thymus4,4_49,1,10586.0,12700.0
Mouse_Thymus4,49_101,1,15086.0,17900.0
Mouse_Thymus4,31_32,5,13286.0,11000.0
Mouse_Thymus4,55_2,4,15686.0,8000.0
Mouse_Thymus4,23_53,2,12486.0,13100.0
Mouse_Thymus4,54_9,2,15586.0,8700.0
Mouse_Thymus4,17_28,4,11886.0,10600.0
Mouse_Thymus4,37_17,4,13886.0,9500.0
Mouse_Thymus4,23_41,1,12486.0,11900.0
Mouse_Thymus4,10_43,5,11186.0,12100.0
Mouse_Thymus4,7_57,5,10886.0,13500.0
Mouse_Thymus4,17_74,5,11886.0,15200.0
Mouse_Thymus4,39_63,2,14086.0,14100.0
Mouse_Thymus4,47_7,5,14886.0,8500.0
Mouse_Thymus4,34_44,4,13586.0,12200.0
Mouse_Thymus4,52_11,2,15386.0,8900.0
Mouse_Thymus4,55_35,4,15686.0,11300.0
Mouse_Thymus4,18_68,5,11986.0,14600.0
Mouse_Thymus4,45_97,1,14686.0,17500.0
Mouse_Thymus4,39_74,1,14086.0,15200.0
Mouse_Thymus4,53_114,5,15486.0,19200.0
Mouse_Thymus4,13_61,5,11486.0,13900.0
Mouse_Thymus4,25_64,2,12686.0,14200.0
Mouse_Thymus4,39_75,1,14086.0,15300.0
Mouse_Thymus4,69_7,5,17086.0,8500.0
Mouse_Thymus4,68_4,5,16986.0,8200.0
Mouse_Thymus4,21_82,5,12286.0,16000.0
Mouse_Thymus4,50_22,5,15186.0,10000.0
Mouse_Thymus4,49_31,4,15086.0,10900.0
Mouse_Thymus4,58_11,5,15986.0,8900.0
Mouse_Thymus4,46_93,2,14786.0,17100.0
Mouse_Thymus4,39_47,4,14086.0,12500.0
Mouse_Thymus4,12_61,5,11386.0,13900.0
Mouse_Thymus4,12_41,5,11386.0,11900.0
Mouse_Thymus4,49_45,4,15086.0,12300.0
Mouse_Thymus4,41_35,4,14286.0,11300.0
Mouse_Thymus4,25_76,5,12686.0,15400.0
Mouse_Thymus4,32_32,5,13386.0,11000.0
Mouse_Thymus4,36_91,1,13786.0,16900.0
Mouse_Thymus4,34_82,2,13586.0,16000.0
Mouse_Thymus4,33_26,2,13486.0,10400.0
Mouse_Thymus4,22_66,1,12386.0,14400.0
Mouse_Thymus4,17_41,2,11886.0,11900.0
Mouse_Thymus4,30_30,2,13186.0,10800.0
Mouse_Thymus4,29_68,2,13086.0,14600.0
Mouse_Thymus4,14_35,4,11586.0,11300.0
Mouse_Thymus4,40_35,4,14186.0,11300.0
Mouse_Thymus4,59_20,4,16086.0,9800.0
Mouse_Thymus4,27_47,2,12886.0,12500.0
Mouse_Thymus4,47_15,2,14886.0,9300.0
Mouse_Thymus4,56_36,4,15786.0,11400.0
Mouse_Thymus4,20_72,1,12186.0,15000.0
Mouse_Thymus4,52_113,2,15386.0,19100.0
Mouse_Thymus4,63_27,5,16486.0,10500.0
Mouse_Thymus4,40_99,5,14186.0,17700.0
Mouse_Thymus4,20_64,4,12186.0,14200.0
Mouse_Thymus4,2_51,5,10386.0,12900.0
Mouse_Thymus4,40_62,4,14186.0,14000.0
Mouse_Thymus4,40_65,2,14186.0,14300.0
Mouse_Thymus4,55_86,5,15686.0,16400.0
Mouse_Thymus4,39_79,5,14086.0,15700.0
Mouse_Thymus4,27_63,2,12886.0,14100.0
Mouse_Thymus4,34_34,1,13586.0,11200.0
Mouse_Thymus4,21_71,1,12286.0,14900.0
Mouse_Thymus4,55_12,4,15686.0,9000.0
Mouse_Thymus4,50_14,2,15186.0,9200.0
Mouse_Thymus4,16_53,2,11786.0,13100.0
Mouse_Thymus4,24_45,2,12586.0,12300.0
Mouse_Thymus4,47_43,4,14886.0,12100.0
Mouse_Thymus4,60_2,5,16186.0,8000.0
Mouse_Thymus4,55_95,1,15686.0,17300.0
Mouse_Thymus4,24_55,4,12586.0,13300.0
Mouse_Thymus4,49_89,1,15086.0,16700.0
Mouse_Thymus4,45_9,5,14686.0,8700.0
Mouse_Thymus4,39_42,5,14086.0,12000.0
Mouse_Thymus4,37_26,2,13886.0,10400.0
Mouse_Thymus4,3_49,4,10486.0,12700.0
Mouse_Thymus4,20_55,4,12186.0,13300.0
Mouse_Thymus4,12_63,5,11386.0,14100.0
Mouse_Thymus4,60_4,2,16186.0,8200.0
Mouse_Thymus4,33_60,4,13486.0,13800.0
Mouse_Thymus4,16_44,2,11786.0,12200.0
Mouse_Thymus4,51_27,4,15286.0,10500.0
Mouse_Thymus4,18_55,5,11986.0,13300.0
Mouse_Thymus4,44_9,1,14586.0,8700.0
Mouse_Thymus4,26_41,2,12786.0,11900.0
Mouse_Thymus4,39_18,2,14086.0,9600.0
Mouse_Thymus4,11_46,4,11286.0,12400.0
Mouse_Thymus4,55_36,5,15686.0,11400.0
Mouse_Thymus4,43_53,2,14486.0,13100.0
Mouse_Thymus4,53_102,2,15486.0,18000.0
Mouse_Thymus4,34_27,2,13586.0,10500.0
Mouse_Thymus4,61_0,4,16286.0,7800.0
Mouse_Thymus4,5_48,4,10686.0,12600.0
Mouse_Thymus4,39_60,4,14086.0,13800.0
Mouse_Thymus4,57_95,1,15886.0,17300.0
Mouse_Thymus4,54_11,5,15586.0,8900.0
Mouse_Thymus4,34_70,1,13586.0,14800.0
Mouse_Thymus4,26_63,1,12786.0,14100.0
Mouse_Thymus4,27_28,2,12886.0,10600.0
Mouse_Thymus4,38_88,5,13986.0,16600.0
Mouse_Thymus4,63_25,5,16486.0,10300.0
Mouse_Thymus4,38_90,5,13986.0,16800.0
Mouse_Thymus4,33_84,2,13486.0,16200.0
Mouse_Thymus4,17_34,5,11886.0,11200.0
Mouse_Thymus4,59_22,5,16086.0,10000.0
Mouse_Thymus4,1_59,5,10286.0,13700.0
Mouse_Thymus4,23_77,4,12486.0,15500.0
Mouse_Thymus4,19_66,2,12086.0,14400.0
Mouse_Thymus4,33_51,2,13486.0,12900.0
Mouse_Thymus4,25_80,5,12686.0,15800.0
Mouse_Thymus4,54_114,5,15586.0,19200.0
Mouse_Thymus4,16_50,4,11786.0,12800.0
Mouse_Thymus4,40_34,4,14186.0,11200.0
Mouse_Thymus4,45_69,1,14686.0,14700.0
Mouse_Thymus4,35_25,2,13686.0,10300.0
Mouse_Thymus4,51_29,5,15286.0,10700.0
Mouse_Thymus4,44_48,2,14586.0,12600.0
Mouse_Thymus4,23_38,2,12486.0,11600.0
Mouse_Thymus4,20_47,2,12186.0,12500.0
Mouse_Thymus4,58_113,4,15986.0,19100.0
Mouse_Thymus4,47_80,2,14886.0,15800.0
Mouse_Thymus4,13_66,5,11486.0,14400.0
Mouse_Thymus4,14_40,5,11586.0,11800.0
Mouse_Thymus4,25_71,4,12686.0,14900.0
Mouse_Thymus4,47_100,5,14886.0,17800.0
Mouse_Thymus4,26_88,5,12786.0,16600.0
Mouse_Thymus4,43_106,5,14486.0,18400.0
Mouse_Thymus4,62_12,5,16386.0,9000.0
Mouse_Thymus4,38_49,2,13986.0,12700.0
Mouse_Thymus4,52_86,2,15386.0,16400.0
Mouse_Thymus4,44_27,4,14586.0,10500.0
Mouse_Thymus4,35_77,5,13686.0,15500.0
Mouse_Thymus4,52_10,2,15386.0,8800.0
Mouse_Thymus4,37_84,1,13886.0,16200.0
Mouse_Thymus4,71_2,5,17286.0,8000.0
Mouse_Thymus4,45_29,5,14686.0,10700.0
Mouse_Thymus4,54_104,2,15586.0,18200.0
Mouse_Thymus4,55_33,5,15686.0,11100.0
Mouse_Thymus4,31_36,4,13286.0,11400.0
Mouse_Thymus4,22_46,2,12386.0,12400.0
Mouse_Thymus4,50_21,5,15186.0,9900.0
Mouse_Thymus4,15_47,1,11686.0,12500.0
Mouse_Thymus4,24_71,4,12586.0,14900.0
Mouse_Thymus4,62_29,5,16386.0,10700.0
Mouse_Thymus4,20_48,2,12186.0,12600.0
Mouse_Thymus4,35_44,4,13686.0,12200.0
Mouse_Thymus4,18_62,4,11986.0,14000.0
Mouse_Thymus4,58_39,5,15986.0,11700.0
Mouse_Thymus4,52_100,2,15386.0,17800.0
Mouse_Thymus4,42_59,5,14386.0,13700.0
Mouse_Thymus4,52_108,2,15386.0,18600.0
Mouse_Thymus4,60_98,5,16186.0,17600.0
Mouse_Thymus4,21_39,2,12286.0,11700.0
Mouse_Thymus4,41_93,5,14286.0,17100.0
Mouse_Thymus4,30_19,4,13186.0,9700.0
Mouse_Thymus4,37_21,2,13886.0,9900.0
Mouse_Thymus4,35_38,5,13686.0,11600.0
Mouse_Thymus4,56_17,4,15786.0,9500.0
Mouse_Thymus4,48_78,5,14986.0,15600.0
Mouse_Thymus4,15_58,5,11686.0,13600.0
Mouse_Thymus4,56_41,5,15786.0,11900.0
Mouse_Thymus4,22_80,5,12386.0,15800.0
Mouse_Thymus4,46_13,2,14786.0,9100.0
Mouse_Thymus4,27_55,2,12886.0,13300.0
Mouse_Thymus4,24_85,5,12586.0,16300.0
Mouse_Thymus4,38_15,5,13986.0,9300.0
Mouse_Thymus4,14_53,4,11586.0,13100.0
Mouse_Thymus4,55_104,4,15686.0,18200.0
Mouse_Thymus4,22_54,1,12386.0,13200.0
Mouse_Thymus4,49_75,5,15086.0,15300.0
Mouse_Thymus4,53_110,2,15486.0,18800.0
Mouse_Thymus4,47_27,5,14886.0,10500.0
Mouse_Thymus4,30_28,2,13186.0,10600.0
Mouse_Thymus4,22_34,5,12386.0,11200.0
Mouse_Thymus4,56_30,5,15786.0,10800.0
Mouse_Thymus4,39_89,5,14086.0,16700.0
Mouse_Thymus4,26_89,4,12786.0,16700.0
Mouse_Thymus4,35_45,5,13686.0,12300.0
Mouse_Thymus4,18_66,2,11986.0,14400.0
Mouse_Thymus4,41_10,4,14286.0,8800.0
Mouse_Thymus4,0_58,7,10186.0,13600.0
Mouse_Thymus4,22_82,5,12386.0,16000.0
Mouse_Thymus4,50_91,2,15186.0,16900.0
Mouse_Thymus4,47_13,2,14886.0,9100.0
Mouse_Thymus4,30_24,5,13186.0,10200.0
Mouse_Thymus4,51_10,2,15286.0,8800.0
Mouse_Thymus4,30_77,2,13186.0,15500.0
Mouse_Thymus4,33_44,2,13486.0,12200.0
Mouse_Thymus4,46_10,4,14786.0,8800.0
Mouse_Thymus4,23_45,2,12486.0,12300.0
Mouse_Thymus4,5_53,5,10686.0,13100.0
Mouse_Thymus4,68_5,5,16986.0,8300.0
Mouse_Thymus4,36_53,2,13786.0,13100.0
Mouse_Thymus4,39_35,5,14086.0,11300.0
Mouse_Thymus4,34_15,4,13586.0,9300.0
Mouse_Thymus4,65_1,4,16686.0,7900.0
Mouse_Thymus4,53_11,4,15486.0,8900.0
Mouse_Thymus4,63_28,4,16486.0,10600.0
Mouse_Thymus4,42_68,5,14386.0,14600.0
Mouse_Thymus4,59_106,5,16086.0,18400.0
Mouse_Thymus4,44_104,5,14586.0,18200.0
Mouse_Thymus4,44_74,5,14586.0,15200.0
Mouse_Thymus4,57_109,5,15886.0,18700.0
Mouse_Thymus4,9_49,4,11086.0,12700.0
Mouse_Thymus4,60_5,2,16186.0,8300.0
Mouse_Thymus4,55_27,5,15686.0,10500.0
Mouse_Thymus4,34_68,1,13586.0,14600.0
Mouse_Thymus4,10_60,4,11186.0,13800.0
Mouse_Thymus4,39_39,4,14086.0,11700.0
Mouse_Thymus4,40_74,1,14186.0,15200.0
Mouse_Thymus4,35_76,1,13686.0,15400.0
Mouse_Thymus4,23_58,1,12486.0,13600.0
Mouse_Thymus4,33_90,1,13486.0,16800.0
Mouse_Thymus4,27_39,2,12886.0,11700.0
Mouse_Thymus4,41_95,5,14286.0,17300.0
Mouse_Thymus4,24_49,2,12586.0,12700.0
Mouse_Thymus4,23_35,4,12486.0,11300.0
Mouse_Thymus4,38_40,5,13986.0,11800.0
Mouse_Thymus4,43_65,5,14486.0,14300.0
Mouse_Thymus4,37_50,2,13886.0,12800.0
Mouse_Thymus4,29_52,2,13086.0,13000.0
Mouse_Thymus4,16_31,5,11786.0,10900.0
Mouse_Thymus4,16_71,5,11786.0,14900.0
Mouse_Thymus4,20_67,5,12186.0,14500.0
Mouse_Thymus4,22_67,4,12386.0,14500.0
Mouse_Thymus4,46_18,2,14786.0,9600.0
Mouse_Thymus4,25_45,2,12686.0,12300.0
Mouse_Thymus4,10_52,4,11186.0,13000.0
Mouse_Thymus4,36_33,2,13786.0,11100.0
Mouse_Thymus4,51_15,1,15286.0,9300.0
Mouse_Thymus4,37_81,4,13886.0,15900.0
Mouse_Thymus4,26_66,2,12786.0,14400.0
Mouse_Thymus4,2_56,5,10386.0,13400.0
Mouse_Thymus4,26_35,2,12786.0,11300.0
Mouse_Thymus4,37_11,5,13886.0,8900.0
Mouse_Thymus4,33_66,2,13486.0,14400.0
Mouse_Thymus4,54_94,1,15586.0,17200.0
Mouse_Thymus4,43_27,2,14486.0,10500.0
Mouse_Thymus4,46_23,5,14786.0,10100.0
Mouse_Thymus4,46_43,5,14786.0,12100.0
Mouse_Thymus4,13_34,4,11486.0,11200.0
Mouse_Thymus4,20_59,1,12186.0,13700.0
Mouse_Thymus4,42_17,2,14386.0,9500.0
Mouse_Thymus4,47_105,5,14886.0,18300.0
Mouse_Thymus4,49_19,5,15086.0,9700.0
Mouse_Thymus4,32_29,2,13386.0,10700.0
Mouse_Thymus4,4_44,4,10586.0,12200.0
Mouse_Thymus4,36_29,1,13786.0,10700.0
Mouse_Thymus4,11_43,5,11286.0,12100.0
Mouse_Thymus4,61_28,5,16286.0,10600.0
Mouse_Thymus4,53_45,4,15486.0,12300.0
Mouse_Thymus4,55_18,5,15686.0,9600.0
Mouse_Thymus4,61_29,5,16286.0,10700.0
Mouse_Thymus4,23_39,2,12486.0,11700.0
Mouse_Thymus4,18_35,5,11986.0,11300.0
Mouse_Thymus4,56_6,2,15786.0,8400.0
Mouse_Thymus4,53_26,5,15486.0,10400.0
Mouse_Thymus4,25_59,2,12686.0,13700.0
Mouse_Thymus4,38_53,1,13986.0,13100.0
Mouse_Thymus4,32_60,1,13386.0,13800.0
Mouse_Thymus4,33_47,4,13486.0,12500.0
Mouse_Thymus4,14_71,7,11586.0,14900.0
Mouse_Thymus4,45_88,2,14686.0,16600.0
Mouse_Thymus4,67_1,5,16886.0,7900.0
Mouse_Thymus4,25_90,5,12686.0,16800.0
Mouse_Thymus4,41_75,1,14286.0,15300.0
Mouse_Thymus4,3_46,4,10486.0,12400.0
Mouse_Thymus4,45_12,4,14686.0,9000.0
Mouse_Thymus4,23_81,4,12486.0,15900.0
Mouse_Thymus4,23_54,2,12486.0,13200.0
Mouse_Thymus4,45_14,2,14686.0,9200.0
Mouse_Thymus4,49_85,2,15086.0,16300.0
Mouse_Thymus4,34_18,5,13586.0,9600.0
Mouse_Thymus4,38_83,5,13986.0,16100.0
Mouse_Thymus4,32_87,1,13386.0,16500.0
Mouse_Thymus4,50_115,5,15186.0,19300.0
Mouse_Thymus4,22_61,4,12386.0,13900.0
Mouse_Thymus4,12_47,4,11386.0,12500.0
Mouse_Thymus4,54_17,5,15586.0,9500.0
Mouse_Thymus4,56_8,2,15786.0,8600.0
Mouse_Thymus4,14_69,5,11586.0,14700.0
Mouse_Thymus4,55_14,5,15686.0,9200.0
Mouse_Thymus4,24_61,2,12586.0,13900.0
Mouse_Thymus4,46_45,1,14786.0,12300.0
Mouse_Thymus4,58_1,4,15986.0,7900.0
Mouse_Thymus4,32_34,4,13386.0,11200.0
Mouse_Thymus4,10_45,5,11186.0,12300.0
Mouse_Thymus4,51_89,2,15286.0,16700.0
Mouse_Thymus4,7_50,4,10886.0,12800.0
Mouse_Thymus4,67_8,5,16886.0,8600.0
Mouse_Thymus4,55_40,5,15686.0,11800.0
Mouse_Thymus4,56_112,5,15786.0,19000.0
Mouse_Thymus4,54_4,5,15586.0,8200.0
Mouse_Thymus4,19_50,1,12086.0,12800.0
Mouse_Thymus4,34_20,5,13586.0,9800.0
Mouse_Thymus4,45_112,4,14686.0,19000.0
Mouse_Thymus4,33_35,5,13486.0,11300.0
Mouse_Thymus4,39_70,4,14086.0,14800.0
Mouse_Thymus4,11_47,5,11286.0,12500.0
Mouse_Thymus4,51_106,2,15286.0,18400.0
Mouse_Thymus4,54_100,2,15586.0,17800.0
Mouse_Thymus4,57_16,5,15886.0,9400.0
Mouse_Thymus4,55_39,4,15686.0,11700.0
Mouse_Thymus4,61_1,4,16286.0,7900.0
Mouse_Thymus4,10_42,5,11186.0,12000.0
Mouse_Thymus4,31_76,4,13286.0,15400.0
Mouse_Thymus4,32_43,2,13386.0,12100.0
Mouse_Thymus4,58_10,4,15986.0,8800.0
Mouse_Thymus4,18_27,7,11986.0,10500.0
Mouse_Thymus4,36_67,4,13786.0,14500.0
Mouse_Thymus4,48_14,2,14986.0,9200.0
Mouse_Thymus4,58_8,2,15986.0,8600.0
Mouse_Thymus4,23_23,7,12486.0,10100.0
Mouse_Thymus4,56_96,5,15786.0,17400.0
Mouse_Thymus4,35_57,5,13686.0,13500.0
Mouse_Thymus4,40_63,5,14186.0,14100.0
Mouse_Thymus4,44_34,5,14586.0,11200.0
Mouse_Thymus4,40_31,4,14186.0,10900.0
Mouse_Thymus4,58_6,2,15986.0,8400.0
Mouse_Thymus4,43_54,2,14486.0,13200.0
Mouse_Thymus4,36_73,4,13786.0,15100.0
Mouse_Thymus4,61_87,7,16286.0,16500.0
Mouse_Thymus4,56_118,1,15786.0,19600.0
Mouse_Thymus4,41_37,4,14286.0,11500.0
Mouse_Thymus4,26_27,1,12786.0,10500.0
Mouse_Thymus4,48_108,4,14986.0,18600.0
Mouse_Thymus4,45_51,2,14686.0,12900.0
Mouse_Thymus4,40_84,1,14186.0,16200.0
Mouse_Thymus4,25_26,5,12686.0,10400.0
Mouse_Thymus4,37_15,5,13886.0,9300.0
Mouse_Thymus4,41_69,1,14286.0,14700.0
Mouse_Thymus4,40_64,2,14186.0,14200.0
Mouse_Thymus4,44_23,4,14586.0,10100.0
Mouse_Thymus4,40_47,4,14186.0,12500.0
Mouse_Thymus4,54_85,1,15586.0,16300.0
Mouse_Thymus4,21_40,2,12286.0,11800.0
Mouse_Thymus4,32_53,2,13386.0,13100.0
Mouse_Thymus4,42_102,5,14386.0,18000.0
Mouse_Thymus4,2_58,5,10386.0,13600.0
Mouse_Thymus4,50_6,5,15186.0,8400.0
Mouse_Thymus4,48_94,2,14986.0,17200.0
Mouse_Thymus4,21_60,5,12286.0,13800.0
Mouse_Thymus4,44_84,2,14586.0,16200.0
Mouse_Thymus4,58_21,5,15986.0,9900.0
Mouse_Thymus4,2_54,5,10386.0,13200.0
Mouse_Thymus4,36_79,1,13786.0,15700.0
Mouse_Thymus4,45_94,2,14686.0,17200.0
Mouse_Thymus4,37_28,1,13886.0,10600.0
Mouse_Thymus4,54_96,2,15586.0,17400.0
Mouse_Thymus4,18_41,2,11986.0,11900.0
Mouse_Thymus4,41_22,2,14286.0,10000.0
Mouse_Thymus4,45_31,5,14686.0,10900.0
Mouse_Thymus4,58_27,5,15986.0,10500.0
Mouse_Thymus4,60_35,5,16186.0,11300.0
Mouse_Thymus4,28_68,2,12986.0,14600.0
Mouse_Thymus4,46_16,2,14786.0,9400.0
Mouse_Thymus4,18_77,5,11986.0,15500.0
Mouse_Thymus4,40_18,2,14186.0,9600.0
Mouse_Thymus4,25_57,2,12686.0,13500.0
Mouse_Thymus4,37_53,2,13886.0,13100.0
Mouse_Thymus4,11_50,5,11286.0,12800.0
Mouse_Thymus4,52_84,2,15386.0,16200.0
Mouse_Thymus4,58_2,5,15986.0,8000.0
Mouse_Thymus4,56_113,5,15786.0,19100.0
Mouse_Thymus4,59_110,5,16086.0,18800.0
Mouse_Thymus4,36_58,1,13786.0,13600.0
Mouse_Thymus4,37_39,4,13886.0,11700.0
Mouse_Thymus4,25_87,5,12686.0,16500.0
Mouse_Thymus4,55_112,5,15686.0,19000.0
Mouse_Thymus4,47_5,4,14886.0,8300.0
Mouse_Thymus4,13_40,4,11486.0,11800.0
Mouse_Thymus4,35_26,2,13686.0,10400.0
Mouse_Thymus4,59_36,5,16086.0,11400.0
Mouse_Thymus4,26_43,2,12786.0,12100.0
Mouse_Thymus4,58_82,5,15986.0,16000.0
Mouse_Thymus4,17_75,1,11886.0,15300.0
Mouse_Thymus4,6_43,5,10786.0,12100.0
Mouse_Thymus4,44_75,5,14586.0,15300.0
Mouse_Thymus4,14_64,4,11586.0,14200.0
Mouse_Thymus4,32_20,7,13386.0,9800.0
Mouse_Thymus4,26_51,2,12786.0,12900.0
Mouse_Thymus4,65_10,5,16686.0,8800.0
Mouse_Thymus4,19_27,4,12086.0,10500.0
Mouse_Thymus4,44_110,1,14586.0,18800.0
Mouse_Thymus4,35_47,4,13686.0,12500.0
Mouse_Thymus4,7_53,5,10886.0,13100.0
Mouse_Thymus4,53_13,5,15486.0,9100.0
Mouse_Thymus4,56_7,2,15786.0,8500.0
Mouse_Thymus4,52_93,2,15386.0,17100.0
Mouse_Thymus4,46_86,2,14786.0,16400.0
Mouse_Thymus4,44_69,5,14586.0,14700.0
Mouse_Thymus4,40_49,2,14186.0,12700.0
Mouse_Thymus4,17_67,1,11886.0,14500.0
Mouse_Thymus4,43_77,2,14486.0,15500.0
Mouse_Thymus4,20_26,1,12186.0,10400.0
Mouse_Thymus4,32_46,2,13386.0,12400.0
Mouse_Thymus4,17_64,2,11886.0,14200.0
Mouse_Thymus4,46_34,4,14786.0,11200.0
Mouse_Thymus4,51_95,2,15286.0,17300.0
Mouse_Thymus4,41_41,5,14286.0,11900.0
Mouse_Thymus4,47_106,5,14886.0,18400.0
Mouse_Thymus4,23_26,5,12486.0,10400.0
Mouse_Thymus4,55_98,2,15686.0,17600.0
Mouse_Thymus4,16_49,1,11786.0,12700.0
Mouse_Thymus4,30_62,2,13186.0,14000.0
Mouse_Thymus4,60_85,7,16186.0,16300.0
Mouse_Thymus4,39_37,4,14086.0,11500.0
Mouse_Thymus4,5_43,5,10686.0,12100.0
Mouse_Thymus4,16_52,1,11786.0,13000.0
Mouse_Thymus4,8_56,5,10986.0,13400.0
Mouse_Thymus4,38_22,2,13986.0,10000.0
Mouse_Thymus4,46_78,2,14786.0,15600.0
Mouse_Thymus4,48_8,4,14986.0,8600.0
Mouse_Thymus4,48_113,1,14986.0,19100.0
Mouse_Thymus4,38_33,2,13986.0,11100.0
Mouse_Thymus4,2_49,7,10386.0,12700.0
Mouse_Thymus4,22_39,2,12386.0,11700.0
Mouse_Thymus4,50_29,4,15186.0,10700.0
Mouse_Thymus4,52_17,5,15386.0,9500.0
Mouse_Thymus4,12_45,5,11386.0,12300.0
Mouse_Thymus4,27_75,5,12886.0,15300.0
Mouse_Thymus4,44_32,4,14586.0,11000.0
Mouse_Thymus4,53_113,2,15486.0,19100.0
Mouse_Thymus4,48_30,4,14986.0,10800.0
Mouse_Thymus4,37_37,5,13886.0,11500.0
Mouse_Thymus4,16_65,1,11786.0,14300.0
Mouse_Thymus4,57_111,5,15886.0,18900.0
Mouse_Thymus4,47_107,5,14886.0,18500.0
Mouse_Thymus4,36_14,1,13786.0,9200.0
Mouse_Thymus4,41_21,2,14286.0,9900.0
Mouse_Thymus4,46_52,4,14786.0,13000.0
Mouse_Thymus4,38_96,5,13986.0,17400.0
Mouse_Thymus4,46_71,1,14786.0,14900.0
Mouse_Thymus4,29_28,2,13086.0,10600.0
Mouse_Thymus4,43_9,5,14486.0,8700.0
Mouse_Thymus4,47_82,2,14886.0,16000.0
Mouse_Thymus4,42_95,5,14386.0,17300.0
Mouse_Thymus4,23_32,1,12486.0,11000.0
Mouse_Thymus4,51_92,2,15286.0,17000.0
Mouse_Thymus4,18_52,4,11986.0,13000.0
Mouse_Thymus4,33_23,5,13486.0,10100.0
Mouse_Thymus4,52_91,2,15386.0,16900.0
Mouse_Thymus4,48_24,5,14986.0,10200.0
Mouse_Thymus4,41_20,2,14286.0,9800.0
Mouse_Thymus4,22_62,2,12386.0,14000.0
Mouse_Thymus4,24_43,2,12586.0,12100.0
Mouse_Thymus4,48_35,5,14986.0,11300.0
Mouse_Thymus4,56_82,5,15786.0,16000.0
Mouse_Thymus4,63_7,5,16486.0,8500.0
Mouse_Thymus4,51_90,2,15286.0,16800.0
Mouse_Thymus4,12_49,1,11386.0,12700.0
Mouse_Thymus4,31_84,1,13286.0,16200.0
Mouse_Thymus4,51_80,5,15286.0,15800.0
Mouse_Thymus4,43_7,7,14486.0,8500.0
Mouse_Thymus4,29_27,2,13086.0,10500.0
Mouse_Thymus4,32_36,5,13386.0,11400.0
Mouse_Thymus4,3_47,4,10486.0,12500.0
Mouse_Thymus4,31_37,4,13286.0,11500.0
Mouse_Thymus4,44_66,7,14586.0,14400.0
Mouse_Thymus4,25_53,2,12686.0,13100.0
Mouse_Thymus4,51_45,4,15286.0,12300.0
Mouse_Thymus4,43_50,2,14486.0,12800.0
Mouse_Thymus4,43_57,5,14486.0,13500.0
Mouse_Thymus4,44_93,1,14586.0,17100.0
Mouse_Thymus4,60_87,4,16186.0,16500.0
Mouse_Thymus4,37_59,4,13886.0,13700.0
Mouse_Thymus4,60_99,5,16186.0,17700.0
Mouse_Thymus4,53_77,1,15486.0,15500.0
Mouse_Thymus4,40_83,5,14186.0,16100.0
Mouse_Thymus4,45_104,1,14686.0,18200.0
Mouse_Thymus4,51_17,1,15286.0,9500.0
Mouse_Thymus4,52_45,4,15386.0,12300.0
Mouse_Thymus4,54_83,5,15586.0,16100.0
Mouse_Thymus4,40_39,5,14186.0,11700.0
Mouse_Thymus4,34_53,1,13586.0,13100.0
Mouse_Thymus4,28_28,2,12986.0,10600.0
Mouse_Thymus4,24_39,2,12586.0,11700.0
Mouse_Thymus4,34_21,4,13586.0,9900.0
Mouse_Thymus4,13_38,5,11486.0,11600.0
Mouse_Thymus4,28_66,2,12986.0,14400.0
Mouse_Thymus4,23_33,4,12486.0,11100.0
Mouse_Thymus4,25_81,5,12686.0,15900.0
Mouse_Thymus4,60_3,5,16186.0,8100.0
Mouse_Thymus4,43_20,2,14486.0,9800.0
Mouse_Thymus4,32_47,2,13386.0,12500.0
Mouse_Thymus4,47_93,2,14886.0,17100.0
Mouse_Thymus4,40_90,5,14186.0,16800.0
Mouse_Thymus4,31_65,1,13286.0,14300.0
Mouse_Thymus4,41_53,2,14286.0,13100.0
Mouse_Thymus4,53_94,2,15486.0,17200.0
Mouse_Thymus4,28_26,1,12986.0,10400.0
Mouse_Thymus4,33_28,2,13486.0,10600.0
Mouse_Thymus4,51_93,2,15286.0,17100.0
Mouse_Thymus4,62_31,5,16386.0,10900.0
Mouse_Thymus4,53_104,2,15486.0,18200.0
Mouse_Thymus4,36_69,1,13786.0,14700.0
Mouse_Thymus4,62_28,5,16386.0,10600.0
Mouse_Thymus4,49_11,2,15086.0,8900.0
Mouse_Thymus4,44_13,4,14586.0,9100.0
Mouse_Thymus4,48_83,2,14986.0,16100.0
Mouse_Thymus4,42_53,2,14386.0,13100.0
Mouse_Thymus4,39_32,4,14086.0,11000.0
Mouse_Thymus4,15_30,4,11686.0,10800.0
Mouse_Thymus4,35_43,4,13686.0,12100.0
Mouse_Thymus4,50_35,5,15186.0,11300.0
Mouse_Thymus4,49_97,2,15086.0,17500.0
Mouse_Thymus4,38_77,1,13986.0,15500.0
Mouse_Thymus4,31_18,4,13286.0,9600.0
Mouse_Thymus4,42_90,5,14386.0,16800.0
Mouse_Thymus4,35_75,1,13686.0,15300.0
Mouse_Thymus4,15_48,4,11686.0,12600.0
Mouse_Thymus4,13_55,1,11486.0,13300.0
Mouse_Thymus4,28_65,2,12986.0,14300.0
Mouse_Thymus4,33_89,2,13486.0,16700.0
Mouse_Thymus4,27_50,2,12886.0,12800.0
Mouse_Thymus4,59_27,5,16086.0,10500.0
Mouse_Thymus4,24_26,5,12586.0,10400.0
Mouse_Thymus4,23_51,2,12486.0,12900.0
Mouse_Thymus4,32_59,5,13386.0,13700.0
Mouse_Thymus4,37_87,5,13886.0,16500.0
Mouse_Thymus4,43_48,2,14486.0,12600.0
Mouse_Thymus4,61_27,5,16286.0,10500.0
Mouse_Thymus4,35_19,5,13686.0,9700.0
Mouse_Thymus4,54_119,5,15586.0,19700.0
Mouse_Thymus4,49_32,5,15086.0,11000.0
Mouse_Thymus4,32_66,2,13386.0,14400.0
Mouse_Thymus4,55_93,5,15686.0,17100.0
Mouse_Thymus4,37_83,5,13886.0,16100.0
Mouse_Thymus4,25_27,4,12686.0,10500.0
Mouse_Thymus4,34_48,1,13586.0,12600.0
Mouse_Thymus4,51_22,5,15286.0,10000.0
Mouse_Thymus4,46_102,5,14786.0,18000.0
Mouse_Thymus4,40_10,4,14186.0,8800.0
Mouse_Thymus4,39_34,4,14086.0,11200.0
Mouse_Thymus4,45_109,5,14686.0,18700.0
Mouse_Thymus4,45_19,2,14686.0,9700.0
Mouse_Thymus4,34_32,4,13586.0,11000.0
Mouse_Thymus4,39_93,5,14086.0,17100.0
Mouse_Thymus4,54_117,5,15586.0,19500.0
Mouse_Thymus4,19_46,2,12086.0,12400.0
Mouse_Thymus4,42_104,5,14386.0,18200.0
Mouse_Thymus4,57_1,7,15886.0,7900.0
Mouse_Thymus4,19_79,5,12086.0,15700.0
Mouse_Thymus4,52_22,5,15386.0,10000.0
Mouse_Thymus4,63_6,5,16486.0,8400.0
Mouse_Thymus4,18_47,2,11986.0,12500.0
Mouse_Thymus4,33_85,2,13486.0,16300.0
Mouse_Thymus4,39_69,1,14086.0,14700.0
Mouse_Thymus4,12_42,5,11386.0,12000.0
Mouse_Thymus4,18_67,2,11986.0,14500.0
Mouse_Thymus4,44_81,2,14586.0,15900.0
Mouse_Thymus4,42_78,2,14386.0,15600.0
Mouse_Thymus4,47_24,4,14886.0,10200.0
Mouse_Thymus4,9_55,4,11086.0,13300.0
Mouse_Thymus4,30_36,4,13186.0,11400.0
Mouse_Thymus4,29_34,1,13086.0,11200.0
Mouse_Thymus4,39_80,5,14086.0,15800.0
Mouse_Thymus4,21_53,4,12286.0,13100.0
Mouse_Thymus4,33_74,4,13486.0,15200.0
Mouse_Thymus4,51_102,2,15286.0,18000.0
Mouse_Thymus4,60_24,5,16186.0,10200.0
Mouse_Thymus4,53_89,1,15486.0,16700.0
Mouse_Thymus4,47_112,5,14886.0,19000.0
Mouse_Thymus4,37_79,1,13886.0,15700.0
Mouse_Thymus4,38_61,2,13986.0,13900.0
Mouse_Thymus4,24_48,2,12586.0,12600.0
Mouse_Thymus4,13_59,4,11486.0,13700.0
Mouse_Thymus4,21_52,2,12286.0,13000.0
Mouse_Thymus4,24_24,4,12586.0,10200.0
Mouse_Thymus4,44_94,4,14586.0,17200.0
Mouse_Thymus4,46_73,1,14786.0,15100.0
Mouse_Thymus4,39_14,5,14086.0,9200.0
Mouse_Thymus4,17_52,1,11886.0,13000.0
Mouse_Thymus4,11_61,4,11286.0,13900.0
Mouse_Thymus4,13_35,4,11486.0,11300.0
Mouse_Thymus4,39_49,1,14086.0,12700.0
Mouse_Thymus4,58_30,5,15986.0,10800.0
Mouse_Thymus4,31_82,2,13286.0,16000.0
Mouse_Thymus4,9_44,5,11086.0,12200.0
Mouse_Thymus4,59_2,5,16086.0,8000.0
Mouse_Thymus4,50_39,5,15186.0,11700.0
Mouse_Thymus4,54_33,5,15586.0,11100.0
Mouse_Thymus4,57_93,5,15886.0,17100.0
Mouse_Thymus4,40_52,2,14186.0,13000.0
Mouse_Thymus4,6_53,1,10786.0,13100.0
Mouse_Thymus4,54_22,4,15586.0,10000.0
Mouse_Thymus4,49_28,4,15086.0,10600.0
Mouse_Thymus4,38_75,1,13986.0,15300.0
Mouse_Thymus4,50_75,5,15186.0,15300.0
Mouse_Thymus4,12_38,5,11386.0,11600.0
Mouse_Thymus4,42_35,5,14386.0,11300.0
Mouse_Thymus4,24_74,2,12586.0,15200.0
Mouse_Thymus4,11_48,5,11286.0,12600.0
Mouse_Thymus4,23_24,4,12486.0,10200.0
Mouse_Thymus4,50_77,5,15186.0,15500.0
Mouse_Thymus4,3_44,4,10486.0,12200.0
Mouse_Thymus4,34_35,4,13586.0,11300.0
Mouse_Thymus4,21_66,5,12286.0,14400.0
Mouse_Thymus4,44_99,5,14586.0,17700.0
Mouse_Thymus4,45_102,5,14686.0,18000.0
Mouse_Thymus4,25_35,2,12686.0,11300.0
Mouse_Thymus4,56_86,5,15786.0,16400.0
Mouse_Thymus4,61_88,1,16286.0,16600.0
Mouse_Thymus4,53_25,5,15486.0,10300.0
Mouse_Thymus4,25_24,5,12686.0,10200.0
Mouse_Thymus4,45_35,4,14686.0,11300.0
Mouse_Thymus4,43_18,1,14486.0,9600.0
Mouse_Thymus4,66_2,1,16786.0,8000.0
Mouse_Thymus4,34_24,2,13586.0,10200.0
Mouse_Thymus4,49_111,4,15086.0,18900.0
Mouse_Thymus4,20_31,5,12186.0,10900.0
Mouse_Thymus4,54_81,5,15586.0,15900.0
Mouse_Thymus4,16_63,4,11786.0,14100.0
Mouse_Thymus4,45_86,2,14686.0,16400.0
Mouse_Thymus4,28_34,2,12986.0,11200.0
Mouse_Thymus4,20_46,2,12186.0,12400.0
Mouse_Thymus4,56_10,1,15786.0,8800.0
Mouse_Thymus4,34_84,2,13586.0,16200.0
Mouse_Thymus4,43_70,5,14486.0,14800.0
Mouse_Thymus4,51_32,1,15286.0,11000.0
Mouse_Thymus4,16_74,4,11786.0,15200.0
Mouse_Thymus4,40_61,4,14186.0,13900.0
Mouse_Thymus4,50_32,5,15186.0,11000.0
Mouse_Thymus4,29_31,2,13086.0,10900.0
Mouse_Thymus4,61_96,5,16286.0,17400.0
Mouse_Thymus4,62_101,7,16386.0,17900.0
Mouse_Thymus4,26_77,5,12786.0,15500.0
Mouse_Thymus4,19_80,5,12086.0,15800.0
Mouse_Thymus4,43_33,5,14486.0,11100.0
Mouse_Thymus4,56_9,1,15786.0,8700.0
Mouse_Thymus4,49_115,4,15086.0,19300.0
Mouse_Thymus4,41_33,4,14286.0,11100.0
Mouse_Thymus4,53_82,1,15486.0,16000.0
Mouse_Thymus4,43_19,2,14486.0,9700.0
Mouse_Thymus4,32_71,2,13386.0,14900.0
Mouse_Thymus4,30_68,2,13186.0,14600.0
Mouse_Thymus4,10_40,5,11186.0,11800.0
Mouse_Thymus4,22_53,2,12386.0,13100.0
Mouse_Thymus4,36_70,1,13786.0,14800.0
Mouse_Thymus4,51_8,1,15286.0,8600.0
Mouse_Thymus4,61_25,5,16286.0,10300.0
Mouse_Thymus4,24_75,1,12586.0,15300.0
Mouse_Thymus4,41_89,5,14286.0,16700.0
Mouse_Thymus4,56_22,5,15786.0,10000.0
Mouse_Thymus4,34_36,4,13586.0,11400.0
Mouse_Thymus4,27_20,5,12886.0,9800.0
Mouse_Thymus4,43_97,5,14486.0,17500.0
Mouse_Thymus4,46_82,2,14786.0,16000.0
Mouse_Thymus4,26_84,5,12786.0,16200.0
Mouse_Thymus4,26_92,1,12786.0,17000.0
Mouse_Thymus4,51_7,5,15286.0,8500.0
Mouse_Thymus4,49_49,5,15086.0,12700.0
Mouse_Thymus4,20_52,1,12186.0,13000.0
Mouse_Thymus4,35_56,1,13686.0,13400.0
Mouse_Thymus4,36_56,1,13786.0,13400.0
Mouse_Thymus4,12_43,4,11386.0,12100.0
Mouse_Thymus4,55_28,4,15686.0,10600.0
Mouse_Thymus4,20_42,2,12186.0,12000.0
Mouse_Thymus4,46_30,5,14786.0,10800.0
Mouse_Thymus4,34_89,2,13586.0,16700.0
Mouse_Thymus4,41_74,1,14286.0,15200.0
Mouse_Thymus4,42_50,2,14386.0,12800.0
Mouse_Thymus4,48_28,1,14986.0,10600.0
Mouse_Thymus4,38_56,1,13986.0,13400.0
Mouse_Thymus4,26_76,4,12786.0,15400.0
Mouse_Thymus4,10_38,5,11186.0,11600.0
Mouse_Thymus4,8_38,5,10986.0,11600.0
Mouse_Thymus4,14_33,4,11586.0,11100.0
Mouse_Thymus4,7_38,5,10886.0,11600.0
Mouse_Thymus4,40_44,5,14186.0,12200.0
Mouse_Thymus4,57_112,5,15886.0,19000.0
Mouse_Thymus4,36_62,1,13786.0,14000.0
Mouse_Thymus4,10_36,5,11186.0,11400.0
Mouse_Thymus4,68_3,1,16986.0,8100.0
Mouse_Thymus4,53_95,2,15486.0,17300.0
Mouse_Thymus4,7_60,5,10886.0,13800.0
Mouse_Thymus4,48_39,5,14986.0,11700.0
Mouse_Thymus4,52_105,2,15386.0,18300.0
Mouse_Thymus4,35_20,5,13686.0,9800.0
Mouse_Thymus4,32_51,2,13386.0,12900.0
Mouse_Thymus4,33_53,2,13486.0,13100.0
Mouse_Thymus4,44_73,5,14586.0,15100.0
Mouse_Thymus4,7_41,5,10886.0,11900.0
Mouse_Thymus4,10_48,5,11186.0,12600.0
Mouse_Thymus4,43_42,5,14486.0,12000.0
Mouse_Thymus4,28_21,1,12986.0,9900.0
Mouse_Thymus4,16_54,4,11786.0,13200.0
Mouse_Thymus4,41_47,4,14286.0,12500.0
Mouse_Thymus4,63_23,4,16486.0,10100.0
Mouse_Thymus4,45_68,7,14686.0,14600.0
Mouse_Thymus4,54_78,1,15586.0,15600.0
Mouse_Thymus4,58_3,5,15986.0,8100.0
Mouse_Thymus4,33_83,2,13486.0,16100.0
Mouse_Thymus4,66_9,5,16786.0,8700.0
Mouse_Thymus4,30_66,4,13186.0,14400.0
Mouse_Thymus4,31_96,5,13286.0,17400.0
Mouse_Thymus4,38_42,5,13986.0,12000.0
Mouse_Thymus4,54_107,2,15586.0,18500.0
Mouse_Thymus4,48_92,2,14986.0,17000.0
Mouse_Thymus4,44_102,5,14586.0,18000.0
Mouse_Thymus4,32_58,1,13386.0,13600.0
Mouse_Thymus4,18_28,4,11986.0,10600.0
Mouse_Thymus4,42_76,2,14386.0,15400.0
Mouse_Thymus4,42_27,2,14386.0,10500.0
Mouse_Thymus4,53_3,4,15486.0,8100.0
Mouse_Thymus4,13_57,5,11486.0,13500.0
Mouse_Thymus4,51_6,5,15286.0,8400.0
Mouse_Thymus4,36_19,4,13786.0,9700.0
Mouse_Thymus4,55_79,5,15686.0,15700.0
Mouse_Thymus4,36_27,2,13786.0,10500.0
Mouse_Thymus4,51_109,2,15286.0,18700.0
Mouse_Thymus4,59_16,5,16086.0,9400.0
Mouse_Thymus4,45_28,4,14686.0,10600.0
Mouse_Thymus4,32_40,4,13386.0,11800.0
Mouse_Thymus4,30_37,4,13186.0,11500.0
Mouse_Thymus4,32_90,1,13386.0,16800.0
Mouse_Thymus4,9_52,5,11086.0,13000.0
Mouse_Thymus4,43_95,5,14486.0,17300.0
Mouse_Thymus4,39_24,2,14086.0,10200.0
Mouse_Thymus4,27_31,2,12886.0,10900.0
Mouse_Thymus4,8_50,5,10986.0,12800.0
Mouse_Thymus4,55_3,5,15686.0,8100.0
Mouse_Thymus4,52_89,2,15386.0,16700.0
Mouse_Thymus4,56_24,5,15786.0,10200.0
Mouse_Thymus4,4_41,4,10586.0,11900.0
Mouse_Thymus4,44_83,2,14586.0,16100.0
Mouse_Thymus4,40_79,1,14186.0,15700.0
Mouse_Thymus4,42_52,2,14386.0,13000.0
Mouse_Thymus4,8_63,5,10986.0,14100.0
Mouse_Thymus4,10_41,5,11186.0,11900.0
Mouse_Thymus4,14_61,4,11586.0,13900.0
Mouse_Thymus4,24_65,2,12586.0,14300.0
Mouse_Thymus4,34_23,1,13586.0,10100.0
Mouse_Thymus4,17_70,4,11886.0,14800.0
Mouse_Thymus4,27_76,5,12886.0,15400.0
Mouse_Thymus4,44_49,2,14586.0,12700.0
Mouse_Thymus4,49_90,2,15086.0,16800.0
Mouse_Thymus4,24_22,1,12586.0,10000.0
Mouse_Thymus4,62_9,5,16386.0,8700.0
Mouse_Thymus4,25_84,5,12686.0,16200.0
Mouse_Thymus4,45_72,1,14686.0,15000.0
Mouse_Thymus4,52_98,2,15386.0,17600.0
Mouse_Thymus4,31_83,1,13286.0,16100.0
Mouse_Thymus4,30_73,1,13186.0,15100.0
Mouse_Thymus4,60_20,7,16186.0,9800.0
Mouse_Thymus4,19_49,2,12086.0,12700.0
Mouse_Thymus4,42_19,2,14386.0,9700.0
Mouse_Thymus4,59_33,5,16086.0,11100.0
Mouse_Thymus4,28_49,2,12986.0,12700.0
Mouse_Thymus4,25_60,2,12686.0,13800.0
Mouse_Thymus4,32_74,4,13386.0,15200.0
Mouse_Thymus4,51_5,5,15286.0,8300.0
Mouse_Thymus4,32_50,2,13386.0,12800.0
Mouse_Thymus4,47_89,1,14886.0,16700.0
Mouse_Thymus4,57_89,5,15886.0,16700.0
Mouse_Thymus4,17_32,4,11886.0,11000.0
Mouse_Thymus4,31_46,2,13286.0,12400.0
Mouse_Thymus4,51_115,5,15286.0,19300.0
Mouse_Thymus4,47_111,5,14886.0,18900.0
Mouse_Thymus4,55_91,5,15686.0,16900.0
Mouse_Thymus4,51_86,2,15286.0,16400.0
Mouse_Thymus4,28_89,5,12986.0,16700.0
Mouse_Thymus4,18_75,5,11986.0,15300.0
Mouse_Thymus4,49_41,5,15086.0,11900.0
Mouse_Thymus4,32_54,2,13386.0,13200.0
Mouse_Thymus4,41_85,5,14286.0,16300.0
Mouse_Thymus4,47_30,4,14886.0,10800.0
Mouse_Thymus4,12_59,4,11386.0,13700.0
Mouse_Thymus4,32_76,1,13386.0,15400.0
Mouse_Thymus4,51_108,2,15286.0,18600.0
Mouse_Thymus4,49_77,5,15086.0,15500.0
Mouse_Thymus4,18_33,5,11986.0,11100.0
Mouse_Thymus4,52_87,4,15386.0,16500.0
Mouse_Thymus4,22_29,5,12386.0,10700.0
Mouse_Thymus4,36_47,5,13786.0,12500.0
Mouse_Thymus4,14_39,4,11586.0,11700.0
Mouse_Thymus4,44_101,5,14586.0,17900.0
Mouse_Thymus4,43_45,1,14486.0,12300.0
Mouse_Thymus4,31_21,5,13286.0,9900.0
Mouse_Thymus4,41_65,1,14286.0,14300.0
Mouse_Thymus4,17_56,5,11886.0,13400.0
Mouse_Thymus4,8_42,5,10986.0,12000.0
Mouse_Thymus4,56_15,4,15786.0,9300.0
Mouse_Thymus4,44_38,5,14586.0,11600.0
Mouse_Thymus4,30_27,2,13186.0,10500.0
Mouse_Thymus4,52_24,4,15386.0,10200.0
Mouse_Thymus4,46_31,5,14786.0,10900.0
Mouse_Thymus4,36_46,5,13786.0,12400.0
Mouse_Thymus4,33_39,4,13486.0,11700.0
Mouse_Thymus4,52_37,5,15386.0,11500.0
Mouse_Thymus4,15_62,5,11686.0,14000.0
Mouse_Thymus4,6_41,5,10786.0,11900.0
Mouse_Thymus4,58_96,5,15986.0,17400.0
Mouse_Thymus4,35_89,1,13686.0,16700.0
Mouse_Thymus4,56_25,5,15786.0,10300.0
Mouse_Thymus4,52_46,5,15386.0,12400.0
Mouse_Thymus4,36_63,4,13786.0,14100.0
Mouse_Thymus4,16_68,4,11786.0,14600.0
Mouse_Thymus4,50_34,5,15186.0,11200.0
Mouse_Thymus4,42_89,4,14386.0,16700.0
Mouse_Thymus4,47_95,2,14886.0,17300.0
Mouse_Thymus4,21_73,5,12286.0,15100.0
Mouse_Thymus4,46_46,4,14786.0,12400.0
Mouse_Thymus4,28_20,4,12986.0,9800.0
Mouse_Thymus4,33_33,5,13486.0,11100.0
Mouse_Thymus4,55_108,1,15686.0,18600.0
Mouse_Thymus4,37_89,1,13886.0,16700.0
Mouse_Thymus4,60_86,5,16186.0,16400.0
Mouse_Thymus4,31_39,5,13286.0,11700.0
Mouse_Thymus4,62_27,5,16386.0,10500.0
Mouse_Thymus4,56_88,5,15786.0,16600.0
Mouse_Thymus4,25_61,2,12686.0,13900.0
Mouse_Thymus4,45_41,4,14686.0,11900.0
Mouse_Thymus4,47_83,2,14886.0,16100.0
Mouse_Thymus4,48_34,5,14986.0,11200.0
Mouse_Thymus4,55_24,4,15686.0,10200.0
Mouse_Thymus4,41_86,4,14286.0,16400.0
Mouse_Thymus4,43_64,5,14486.0,14200.0
Mouse_Thymus4,52_5,5,15386.0,8300.0
Mouse_Thymus4,48_19,1,14986.0,9700.0
Mouse_Thymus4,20_80,5,12186.0,15800.0
Mouse_Thymus4,50_74,5,15186.0,15200.0
Mouse_Thymus4,33_54,2,13486.0,13200.0
Mouse_Thymus4,56_34,1,15786.0,11200.0
Mouse_Thymus4,32_75,1,13386.0,15300.0
Mouse_Thymus4,53_91,2,15486.0,16900.0
Mouse_Thymus4,49_22,4,15086.0,10000.0
Mouse_Thymus4,25_63,1,12686.0,14100.0
Mouse_Thymus4,64_30,5,16586.0,10800.0
Mouse_Thymus4,51_12,1,15286.0,9000.0
Mouse_Thymus4,63_30,5,16486.0,10800.0
Mouse_Thymus4,2_57,5,10386.0,13500.0
Mouse_Thymus4,38_72,1,13986.0,15000.0
Mouse_Thymus4,52_115,4,15386.0,19300.0
Mouse_Thymus4,40_15,5,14186.0,9300.0
Mouse_Thymus4,28_74,1,12986.0,15200.0
Mouse_Thymus4,41_14,5,14286.0,9200.0
Mouse_Thymus4,22_56,5,12386.0,13400.0
Mouse_Thymus4,28_24,5,12986.0,10200.0
Mouse_Thymus4,53_8,2,15486.0,8600.0
Mouse_Thymus4,35_33,2,13686.0,11100.0
Mouse_Thymus4,27_66,2,12886.0,14400.0
Mouse_Thymus4,13_52,5,11486.0,13000.0
Mouse_Thymus4,32_56,1,13386.0,13400.0
Mouse_Thymus4,50_96,2,15186.0,17400.0
Mouse_Thymus4,48_15,2,14986.0,9300.0
Mouse_Thymus4,29_29,2,13086.0,10700.0
Mouse_Thymus4,21_37,2,12286.0,11500.0
Mouse_Thymus4,60_1,4,16186.0,7900.0
Mouse_Thymus4,46_97,2,14786.0,17500.0
Mouse_Thymus4,41_87,5,14286.0,16500.0
Mouse_Thymus4,4_55,5,10586.0,13300.0
Mouse_Thymus4,60_12,1,16186.0,9000.0
Mouse_Thymus4,42_47,2,14386.0,12500.0
Mouse_Thymus4,58_102,5,15986.0,18000.0
Mouse_Thymus4,39_97,5,14086.0,17500.0
Mouse_Thymus4,61_97,5,16286.0,17500.0
Mouse_Thymus4,49_23,5,15086.0,10100.0
Mouse_Thymus4,49_36,5,15086.0,11400.0
Mouse_Thymus4,21_36,4,12286.0,11400.0
Mouse_Thymus4,35_61,4,13686.0,13900.0
Mouse_Thymus4,54_38,5,15586.0,11600.0
Mouse_Thymus4,6_47,5,10786.0,12500.0
Mouse_Thymus4,68_2,5,16986.0,8000.0
Mouse_Thymus4,32_73,1,13386.0,15100.0
Mouse_Thymus4,50_49,4,15186.0,12700.0
Mouse_Thymus4,41_55,2,14286.0,13300.0
Mouse_Thymus4,43_43,5,14486.0,12100.0
Mouse_Thymus4,49_76,1,15086.0,15400.0
Mouse_Thymus4,57_41,7,15886.0,11900.0
Mouse_Thymus4,53_97,2,15486.0,17500.0
Mouse_Thymus4,37_35,1,13886.0,11300.0
Mouse_Thymus4,14_52,1,11586.0,13000.0
Mouse_Thymus4,30_86,1,13186.0,16400.0
Mouse_Thymus4,29_44,1,13086.0,12200.0
Mouse_Thymus4,50_45,5,15186.0,12300.0
Mouse_Thymus4,23_85,5,12486.0,16300.0
Mouse_Thymus4,33_43,4,13486.0,12100.0
Mouse_Thymus4,58_32,5,15986.0,11000.0
Mouse_Thymus4,47_19,2,14886.0,9700.0
Mouse_Thymus4,34_87,1,13586.0,16500.0
Mouse_Thymus4,29_89,5,13086.0,16700.0
Mouse_Thymus4,24_28,5,12586.0,10600.0
Mouse_Thymus4,63_24,5,16486.0,10200.0
Mouse_Thymus4,48_110,1,14986.0,18800.0
Mouse_Thymus4,47_37,5,14886.0,11500.0
Mouse_Thymus4,48_29,4,14986.0,10700.0
Mouse_Thymus4,33_87,1,13486.0,16500.0
Mouse_Thymus4,31_71,2,13286.0,14900.0
Mouse_Thymus4,27_26,5,12886.0,10400.0
Mouse_Thymus4,37_62,4,13886.0,14000.0
Mouse_Thymus4,31_40,5,13286.0,11800.0
Mouse_Thymus4,40_77,2,14186.0,15500.0
Mouse_Thymus4,62_94,5,16386.0,17200.0
Mouse_Thymus4,33_41,4,13486.0,11900.0
Mouse_Thymus4,59_38,5,16086.0,11600.0
Mouse_Thymus4,31_48,1,13286.0,12600.0
Mouse_Thymus4,58_13,4,15986.0,9100.0
Mouse_Thymus4,28_85,5,12986.0,16300.0
Mouse_Thymus4,3_51,1,10486.0,12900.0
Mouse_Thymus4,48_10,1,14986.0,8800.0
Mouse_Thymus4,61_11,4,16286.0,8900.0
Mouse_Thymus4,12_57,5,11386.0,13500.0
Mouse_Thymus4,30_31,4,13186.0,10900.0
Mouse_Thymus4,46_107,5,14786.0,18500.0
Mouse_Thymus4,52_7,5,15386.0,8500.0
Mouse_Thymus4,7_59,5,10886.0,13700.0
Mouse_Thymus4,55_101,1,15686.0,17900.0
Mouse_Thymus4,60_109,4,16186.0,18700.0
Mouse_Thymus4,34_37,5,13586.0,11500.0
Mouse_Thymus4,53_38,4,15486.0,11600.0
Mouse_Thymus4,25_30,2,12686.0,10800.0
Mouse_Thymus4,37_63,2,13886.0,14100.0
Mouse_Thymus4,33_17,4,13486.0,9500.0
Mouse_Thymus4,46_110,5,14786.0,18800.0
Mouse_Thymus4,5_41,5,10686.0,11900.0
Mouse_Thymus4,56_85,5,15786.0,16300.0
Mouse_Thymus4,49_86,2,15086.0,16400.0
Mouse_Thymus4,60_36,5,16186.0,11400.0
Mouse_Thymus4,14_34,5,11586.0,11200.0
Mouse_Thymus4,60_104,5,16186.0,18200.0
Mouse_Thymus4,29_40,1,13086.0,11800.0
Mouse_Thymus4,12_48,4,11386.0,12600.0
Mouse_Thymus4,18_70,4,11986.0,14800.0
Mouse_Thymus4,47_104,1,14886.0,18200.0
Mouse_Thymus4,55_114,1,15686.0,19200.0
Mouse_Thymus4,36_83,1,13786.0,16100.0
Mouse_Thymus4,27_38,2,12886.0,11600.0
Mouse_Thymus4,57_36,5,15886.0,11400.0
Mouse_Thymus4,49_21,5,15086.0,9900.0
Mouse_Thymus4,33_75,5,13486.0,15300.0
Mouse_Thymus4,19_29,4,12086.0,10700.0
Mouse_Thymus4,59_111,7,16086.0,18900.0
Mouse_Thymus4,35_29,5,13686.0,10700.0
Mouse_Thymus4,56_40,5,15786.0,11800.0
Mouse_Thymus4,33_20,5,13486.0,9800.0
Mouse_Thymus4,10_34,5,11186.0,11200.0
Mouse_Thymus4,15_44,1,11686.0,12200.0
Mouse_Thymus4,12_52,4,11386.0,13000.0
Mouse_Thymus4,63_1,1,16486.0,7900.0
Mouse_Thymus4,51_82,1,15286.0,16000.0
Mouse_Thymus4,54_26,5,15586.0,10400.0
Mouse_Thymus4,17_77,5,11886.0,15500.0
Mouse_Thymus4,53_119,5,15486.0,19700.0
Mouse_Thymus4,33_92,5,13486.0,17000.0
Mouse_Thymus4,54_3,1,15586.0,8100.0
Mouse_Thymus4,65_4,1,16686.0,8200.0
Mouse_Thymus4,41_80,2,14286.0,15800.0
Mouse_Thymus4,55_118,5,15686.0,19600.0
Mouse_Thymus4,63_3,5,16486.0,8100.0
Mouse_Thymus4,19_81,5,12086.0,15900.0
Mouse_Thymus4,52_18,5,15386.0,9600.0
Mouse_Thymus4,49_46,5,15086.0,12400.0
Mouse_Thymus4,47_21,2,14886.0,9900.0
Mouse_Thymus4,43_96,5,14486.0,17400.0
Mouse_Thymus4,62_6,1,16386.0,8400.0
Mouse_Thymus4,2_55,5,10386.0,13300.0
Mouse_Thymus4,36_61,1,13786.0,13900.0
Mouse_Thymus4,42_73,2,14386.0,15100.0
Mouse_Thymus4,49_13,2,15086.0,9100.0
Mouse_Thymus4,45_46,4,14686.0,12400.0
Mouse_Thymus4,15_66,5,11686.0,14400.0
Mouse_Thymus4,26_57,2,12786.0,13500.0
Mouse_Thymus4,52_77,5,15386.0,15500.0
Mouse_Thymus4,37_30,2,13886.0,10800.0
Mouse_Thymus4,28_59,2,12986.0,13700.0
Mouse_Thymus4,44_31,4,14586.0,10900.0
Mouse_Thymus4,45_83,2,14686.0,16100.0
Mouse_Thymus4,55_102,5,15686.0,18000.0
Mouse_Thymus4,46_38,5,14786.0,11600.0
Mouse_Thymus4,26_28,4,12786.0,10600.0
Mouse_Thymus4,52_83,2,15386.0,16100.0
Mouse_Thymus4,65_6,5,16686.0,8400.0
Mouse_Thymus4,28_73,5,12986.0,15100.0
Mouse_Thymus4,70_0,5,17186.0,7800.0
Mouse_Thymus4,40_12,4,14186.0,9000.0
Mouse_Thymus4,40_102,7,14186.0,18000.0
Mouse_Thymus4,56_5,4,15786.0,8300.0
Mouse_Thymus4,28_55,2,12986.0,13300.0
Mouse_Thymus4,58_5,2,15986.0,8300.0
Mouse_Thymus4,22_83,5,12386.0,16100.0
Mouse_Thymus4,47_46,1,14886.0,12400.0
Mouse_Thymus4,48_72,4,14986.0,15000.0
Mouse_Thymus4,9_45,5,11086.0,12300.0
Mouse_Thymus4,47_97,2,14886.0,17500.0
Mouse_Thymus4,43_91,5,14486.0,16900.0
Mouse_Thymus4,5_50,5,10686.0,12800.0
Mouse_Thymus4,15_56,4,11686.0,13400.0
Mouse_Thymus4,41_26,2,14286.0,10400.0
Mouse_Thymus4,52_38,5,15386.0,11600.0
Mouse_Thymus4,25_40,2,12686.0,11800.0
Mouse_Thymus4,29_21,5,13086.0,9900.0
Mouse_Thymus4,50_9,2,15186.0,8700.0
Mouse_Thymus4,29_86,1,13086.0,16400.0
Mouse_Thymus4,56_28,5,15786.0,10600.0
Mouse_Thymus4,48_21,4,14986.0,9900.0
Mouse_Thymus4,48_3,7,14986.0,8100.0
Mouse_Thymus4,10_35,5,11186.0,11300.0
Mouse_Thymus4,48_16,2,14986.0,9400.0
Mouse_Thymus4,50_83,2,15186.0,16100.0
Mouse_Thymus4,59_108,5,16086.0,18600.0
Mouse_Thymus4,14_50,1,11586.0,12800.0
Mouse_Thymus4,9_54,5,11086.0,13200.0
Mouse_Thymus4,58_26,5,15986.0,10400.0
Mouse_Thymus4,64_11,5,16586.0,8900.0
Mouse_Thymus4,55_25,5,15686.0,10300.0
Mouse_Thymus4,45_22,1,14686.0,10000.0
Mouse_Thymus4,44_87,2,14586.0,16500.0
Mouse_Thymus4,20_50,1,12186.0,12800.0
Mouse_Thymus4,44_88,4,14586.0,16600.0
Mouse_Thymus4,38_43,5,13986.0,12100.0
Mouse_Thymus4,28_67,2,12986.0,14500.0
Mouse_Thymus4,22_75,2,12386.0,15300.0
Mouse_Thymus4,51_113,1,15286.0,19100.0
Mouse_Thymus4,48_112,5,14986.0,19000.0
Mouse_Thymus4,37_48,1,13886.0,12600.0
Mouse_Thymus4,15_37,1,11686.0,11500.0
Mouse_Thymus4,59_9,2,16086.0,8700.0
Mouse_Thymus4,49_10,2,15086.0,8800.0
Mouse_Thymus4,46_42,4,14786.0,12000.0
Mouse_Thymus4,42_86,4,14386.0,16400.0
Mouse_Thymus4,5_61,5,10686.0,13900.0
Mouse_Thymus4,48_82,2,14986.0,16000.0
Mouse_Thymus4,51_94,2,15286.0,17200.0
Mouse_Thymus4,41_59,1,14286.0,13700.0
Mouse_Thymus4,21_29,5,12286.0,10700.0
Mouse_Thymus4,21_45,2,12286.0,12300.0
Mouse_Thymus4,37_93,5,13886.0,17100.0
Mouse_Thymus4,44_25,4,14586.0,10300.0
Mouse_Thymus4,45_13,2,14686.0,9100.0
Mouse_Thymus4,38_71,1,13986.0,14900.0
Mouse_Thymus4,44_20,2,14586.0,9800.0
Mouse_Thymus4,7_37,5,10886.0,11500.0
Mouse_Thymus4,30_92,5,13186.0,17000.0
Mouse_Thymus4,43_108,7,14486.0,18600.0
Mouse_Thymus4,23_27,1,12486.0,10500.0
Mouse_Thymus4,24_68,2,12586.0,14600.0
Mouse_Thymus4,33_65,1,13486.0,14300.0
Mouse_Thymus4,25_43,2,12686.0,12100.0
Mouse_Thymus4,57_98,5,15886.0,17600.0
Mouse_Thymus4,28_62,2,12986.0,14000.0
Mouse_Thymus4,51_42,4,15286.0,12000.0
Mouse_Thymus4,38_31,2,13986.0,10900.0
Mouse_Thymus4,10_62,5,11186.0,14000.0
Mouse_Thymus4,44_108,5,14586.0,18600.0
Mouse_Thymus4,50_79,5,15186.0,15700.0
Mouse_Thymus4,38_39,4,13986.0,11700.0
Mouse_Thymus4,46_17,2,14786.0,9500.0
Mouse_Thymus4,41_13,5,14286.0,9100.0
Mouse_Thymus4,53_106,2,15486.0,18400.0
Mouse_Thymus4,14_47,5,11586.0,12500.0
Mouse_Thymus4,54_92,1,15586.0,17000.0
Mouse_Thymus4,6_45,5,10786.0,12300.0
Mouse_Thymus4,33_24,4,13486.0,10200.0
Mouse_Thymus4,46_7,5,14786.0,8500.0
Mouse_Thymus4,45_24,5,14686.0,10200.0
Mouse_Thymus4,0_54,5,10186.0,13200.0
Mouse_Thymus4,63_8,5,16486.0,8600.0
Mouse_Thymus4,36_18,5,13786.0,9600.0
Mouse_Thymus4,62_99,5,16386.0,17700.0
Mouse_Thymus4,26_22,4,12786.0,10000.0
Mouse_Thymus4,28_79,1,12986.0,15700.0
Mouse_Thymus4,39_92,5,14086.0,17000.0
Mouse_Thymus4,20_82,5,12186.0,16000.0
Mouse_Thymus4,14_32,5,11586.0,11000.0
Mouse_Thymus4,19_57,4,12086.0,13500.0
Mouse_Thymus4,48_86,2,14986.0,16400.0
Mouse_Thymus4,55_34,5,15686.0,11200.0
Mouse_Thymus4,30_82,2,13186.0,16000.0
Mouse_Thymus4,52_104,2,15386.0,18200.0
Mouse_Thymus4,29_91,5,13086.0,16900.0
Mouse_Thymus4,48_79,5,14986.0,15700.0
Mouse_Thymus4,40_72,1,14186.0,15000.0
Mouse_Thymus4,30_55,2,13186.0,13300.0
Mouse_Thymus4,25_52,2,12686.0,13000.0
Mouse_Thymus4,60_37,7,16186.0,11500.0
Mouse_Thymus4,25_25,5,12686.0,10300.0
Mouse_Thymus4,58_92,5,15986.0,17000.0
Mouse_Thymus4,16_36,5,11786.0,11400.0
Mouse_Thymus4,36_55,5,13786.0,13300.0
Mouse_Thymus4,15_46,4,11686.0,12400.0
Mouse_Thymus4,18_42,2,11986.0,12000.0
Mouse_Thymus4,9_58,4,11086.0,13600.0
Mouse_Thymus4,42_13,5,14386.0,9100.0
Mouse_Thymus4,51_78,5,15286.0,15600.0
Mouse_Thymus4,5_60,5,10686.0,13800.0
Mouse_Thymus4,35_32,2,13686.0,11000.0
Mouse_Thymus4,29_30,2,13086.0,10800.0
Mouse_Thymus4,59_6,2,16086.0,8400.0
Mouse_Thymus4,47_29,5,14886.0,10700.0
Mouse_Thymus4,55_6,2,15686.0,8400.0
Mouse_Thymus4,39_68,2,14086.0,14600.0
Mouse_Thymus4,36_44,4,13786.0,12200.0
Mouse_Thymus4,4_46,5,10586.0,12400.0
Mouse_Thymus4,46_54,7,14786.0,13200.0
Mouse_Thymus4,19_76,5,12086.0,15400.0
Mouse_Thymus4,48_31,4,14986.0,10900.0
Mouse_Thymus4,33_15,7,13486.0,9300.0
Mouse_Thymus4,45_87,2,14686.0,16500.0
Mouse_Thymus4,40_58,2,14186.0,13600.0
Mouse_Thymus4,33_63,1,13486.0,14100.0
Mouse_Thymus4,44_78,2,14586.0,15600.0
Mouse_Thymus4,41_61,5,14286.0,13900.0
Mouse_Thymus4,59_89,5,16086.0,16700.0
Mouse_Thymus4,48_74,5,14986.0,15200.0
Mouse_Thymus4,29_47,1,13086.0,12500.0
Mouse_Thymus4,5_51,4,10686.0,12900.0
Mouse_Thymus4,26_26,5,12786.0,10400.0
Mouse_Thymus4,36_51,1,13786.0,12900.0
Mouse_Thymus4,57_99,4,15886.0,17700.0
Mouse_Thymus4,23_70,2,12486.0,14800.0
Mouse_Thymus4,48_52,7,14986.0,13000.0
Mouse_Thymus4,51_104,2,15286.0,18200.0
Mouse_Thymus4,25_86,1,12686.0,16400.0
Mouse_Thymus4,36_72,1,13786.0,15000.0
Mouse_Thymus4,53_98,2,15486.0,17600.0
Mouse_Thymus4,45_50,2,14686.0,12800.0
Mouse_Thymus4,17_68,5,11886.0,14600.0
Mouse_Thymus4,22_36,4,12386.0,11400.0
Mouse_Thymus4,26_79,1,12786.0,15700.0
Mouse_Thymus4,29_79,2,13086.0,15700.0
Mouse_Thymus4,32_41,2,13386.0,11900.0
Mouse_Thymus4,45_105,5,14686.0,18300.0
Mouse_Thymus4,42_64,5,14386.0,14200.0
Mouse_Thymus4,19_73,5,12086.0,15100.0
Mouse_Thymus4,39_61,1,14086.0,13900.0
Mouse_Thymus4,49_73,4,15086.0,15100.0
Mouse_Thymus4,20_76,4,12186.0,15400.0
Mouse_Thymus4,13_69,7,11486.0,14700.0
Mouse_Thymus4,42_14,5,14386.0,9200.0
Mouse_Thymus4,30_58,2,13186.0,13600.0
Mouse_Thymus4,37_95,5,13886.0,17300.0
Mouse_Thymus4,6_46,5,10786.0,12400.0
Mouse_Thymus4,9_50,5,11086.0,12800.0
Mouse_Thymus4,32_92,4,13386.0,17000.0
Mouse_Thymus4,31_29,4,13286.0,10700.0
Mouse_Thymus4,21_68,5,12286.0,14600.0
Mouse_Thymus4,37_57,1,13886.0,13500.0
Mouse_Thymus4,56_84,5,15786.0,16200.0
Mouse_Thymus4,30_48,5,13186.0,12600.0
Mouse_Thymus4,40_22,2,14186.0,10000.0
Mouse_Thymus4,41_56,2,14286.0,13400.0
Mouse_Thymus4,46_44,4,14786.0,12200.0
Mouse_Thymus4,16_73,1,11786.0,15100.0
Mouse_Thymus4,8_58,4,10986.0,13600.0
Mouse_Thymus4,51_37,5,15286.0,11500.0
Mouse_Thymus4,20_79,5,12186.0,15700.0
Mouse_Thymus4,21_75,2,12286.0,15300.0
Mouse_Thymus4,31_17,7,13286.0,9500.0
Mouse_Thymus4,1_58,5,10286.0,13600.0
Mouse_Thymus4,51_97,2,15286.0,17500.0
Mouse_Thymus4,32_24,5,13386.0,10200.0
Mouse_Thymus4,52_118,5,15386.0,19600.0
Mouse_Thymus4,4_56,4,10586.0,13400.0
Mouse_Thymus4,5_44,5,10686.0,12200.0
Mouse_Thymus4,46_26,4,14786.0,10400.0
Mouse_Thymus4,20_40,2,12186.0,11800.0
Mouse_Thymus4,6_50,5,10786.0,12800.0
Mouse_Thymus4,59_99,1,16086.0,17700.0
Mouse_Thymus4,47_99,7,14886.0,17700.0
Mouse_Thymus4,42_87,5,14386.0,16500.0
Mouse_Thymus4,42_37,5,14386.0,11500.0
Mouse_Thymus4,30_17,7,13186.0,9500.0
Mouse_Thymus4,12_39,5,11386.0,11700.0
Mouse_Thymus4,51_4,5,15286.0,8200.0
Mouse_Thymus4,8_53,5,10986.0,13100.0
Mouse_Thymus4,62_32,1,16386.0,11000.0
Mouse_Thymus4,51_88,2,15286.0,16600.0
Mouse_Thymus4,7_58,5,10886.0,13600.0
Mouse_Thymus4,45_10,1,14686.0,8800.0
Mouse_Thymus4,42_38,4,14386.0,11600.0
Mouse_Thymus4,61_91,5,16286.0,16900.0
Mouse_Thymus4,10_44,5,11186.0,12200.0
Mouse_Thymus4,51_96,2,15286.0,17400.0
Mouse_Thymus4,6_51,4,10786.0,12900.0
Mouse_Thymus4,40_56,2,14186.0,13400.0
Mouse_Thymus4,47_77,5,14886.0,15500.0
Mouse_Thymus4,12_44,5,11386.0,12200.0
Mouse_Thymus4,19_44,2,12086.0,12200.0
Mouse_Thymus4,12_64,5,11386.0,14200.0
Mouse_Thymus4,50_40,5,15186.0,11800.0
Mouse_Thymus4,53_115,5,15486.0,19300.0
Mouse_Thymus4,71_0,5,17286.0,7800.0
Mouse_Thymus4,36_84,1,13786.0,16200.0
Mouse_Thymus4,0_57,5,10186.0,13500.0
Mouse_Thymus4,29_60,2,13086.0,13800.0
Mouse_Thymus4,58_28,5,15986.0,10600.0
Mouse_Thymus4,55_16,5,15686.0,9400.0
Mouse_Thymus4,60_91,1,16186.0,16900.0
Mouse_Thymus4,51_49,5,15286.0,12700.0
Mouse_Thymus4,16_51,5,11786.0,12900.0
Mouse_Thymus4,47_11,2,14886.0,8900.0
Mouse_Thymus4,29_81,1,13086.0,15900.0
Mouse_Thymus4,41_11,5,14286.0,8900.0
Mouse_Thymus4,38_84,1,13986.0,16200.0
Mouse_Thymus4,33_95,4,13486.0,17300.0
Mouse_Thymus4,58_110,5,15986.0,18800.0
Mouse_Thymus4,6_48,5,10786.0,12600.0
Mouse_Thymus4,23_60,1,12486.0,13800.0
Mouse_Thymus4,54_34,5,15586.0,11200.0
Mouse_Thymus4,37_71,1,13886.0,14900.0
Mouse_Thymus4,33_70,1,13486.0,14800.0
Mouse_Thymus4,15_73,5,11686.0,15100.0
Mouse_Thymus4,28_64,4,12986.0,14200.0
Mouse_Thymus4,25_48,2,12686.0,12600.0
Mouse_Thymus4,41_9,4,14286.0,8700.0
Mouse_Thymus4,33_46,4,13486.0,12400.0
Mouse_Thymus4,54_88,5,15586.0,16600.0
Mouse_Thymus4,52_3,4,15386.0,8100.0
Mouse_Thymus4,29_90,4,13086.0,16800.0
Mouse_Thymus4,21_54,1,12286.0,13200.0
Mouse_Thymus4,36_28,1,13786.0,10600.0
Mouse_Thymus4,11_51,5,11286.0,12900.0
Mouse_Thymus4,47_28,5,14886.0,10600.0
Mouse_Thymus4,50_3,1,15186.0,8100.0
Mouse_Thymus4,32_48,2,13386.0,12600.0
Mouse_Thymus4,36_20,1,13786.0,9800.0
Mouse_Thymus4,52_43,4,15386.0,12100.0
Mouse_Thymus4,40_50,2,14186.0,12800.0
Mouse_Thymus4,61_105,5,16286.0,18300.0
Mouse_Thymus4,26_25,5,12786.0,10300.0
Mouse_Thymus4,72_1,7,17386.0,7900.0
Mouse_Thymus4,64_10,1,16586.0,8800.0
Mouse_Thymus4,49_79,5,15086.0,15700.0
Mouse_Thymus4,1_54,5,10286.0,13200.0
Mouse_Thymus4,4_43,4,10586.0,12100.0
Mouse_Thymus4,51_28,4,15286.0,10600.0
Mouse_Thymus4,52_28,5,15386.0,10600.0
Mouse_Thymus4,55_100,1,15686.0,17800.0
Mouse_Thymus4,46_40,4,14786.0,11800.0
Mouse_Thymus4,27_34,2,12886.0,11200.0
Mouse_Thymus4,53_36,5,15486.0,11400.0
Mouse_Thymus4,30_74,1,13186.0,15200.0
Mouse_Thymus4,26_30,2,12786.0,10800.0
Mouse_Thymus4,40_38,5,14186.0,11600.0
Mouse_Thymus4,22_71,2,12386.0,14900.0
Mouse_Thymus4,24_66,2,12586.0,14400.0
Mouse_Thymus4,51_84,1,15286.0,16200.0
Mouse_Thymus4,52_76,5,15386.0,15400.0
Mouse_Thymus4,44_95,5,14586.0,17300.0
Mouse_Thymus4,58_37,5,15986.0,11500.0
Mouse_Thymus4,21_35,4,12286.0,11300.0
Mouse_Thymus4,47_44,4,14886.0,12200.0
Mouse_Thymus4,40_45,5,14186.0,12300.0
Mouse_Thymus4,25_42,2,12686.0,12000.0
Mouse_Thymus4,39_84,5,14086.0,16200.0
Mouse_Thymus4,40_54,2,14186.0,13200.0
Mouse_Thymus4,38_57,4,13986.0,13500.0
Mouse_Thymus4,41_102,4,14286.0,18000.0
Mouse_Thymus4,24_77,5,12586.0,15500.0
Mouse_Thymus4,44_19,2,14586.0,9700.0
Mouse_Thymus4,42_40,5,14386.0,11800.0
Mouse_Thymus4,21_67,5,12286.0,14500.0
Mouse_Thymus4,60_30,5,16186.0,10800.0
Mouse_Thymus4,10_58,4,11186.0,13600.0
Mouse_Thymus4,60_21,4,16186.0,9900.0
Mouse_Thymus4,58_86,1,15986.0,16400.0
Mouse_Thymus4,43_71,7,14486.0,14900.0
Mouse_Thymus4,33_69,2,13486.0,14700.0
Mouse_Thymus4,7_33,7,10886.0,11100.0
Mouse_Thymus4,50_19,5,15186.0,9700.0
Mouse_Thymus4,20_60,2,12186.0,13800.0
Mouse_Thymus4,21_30,5,12286.0,10800.0
Mouse_Thymus4,26_50,2,12786.0,12800.0
Mouse_Thymus4,70_5,5,17186.0,8300.0
Mouse_Thymus4,43_35,5,14486.0,11300.0
Mouse_Thymus4,28_90,4,12986.0,16800.0
Mouse_Thymus4,52_90,2,15386.0,16800.0
Mouse_Thymus4,41_16,2,14286.0,9400.0
Mouse_Thymus4,53_76,7,15486.0,15400.0
Mouse_Thymus4,29_65,1,13086.0,14300.0
Mouse_Thymus4,14_51,5,11586.0,12900.0
Mouse_Thymus4,22_84,5,12386.0,16200.0
Mouse_Thymus4,52_95,2,15386.0,17300.0
Mouse_Thymus4,15_45,4,11686.0,12300.0
Mouse_Thymus4,40_32,4,14186.0,11000.0
Mouse_Thymus4,55_8,2,15686.0,8600.0
Mouse_Thymus4,47_53,7,14886.0,13100.0
Mouse_Thymus4,21_70,2,12286.0,14800.0
Mouse_Thymus4,40_98,5,14186.0,17600.0
Mouse_Thymus4,52_44,5,15386.0,12200.0
Mouse_Thymus4,17_60,1,11886.0,13800.0
Mouse_Thymus4,48_98,2,14986.0,17600.0
Mouse_Thymus4,62_23,1,16386.0,10100.0
Mouse_Thymus4,50_114,5,15186.0,19200.0
Mouse_Thymus4,30_45,2,13186.0,12300.0
Mouse_Thymus4,20_58,4,12186.0,13600.0
Mouse_Thymus4,28_83,1,12986.0,16100.0
Mouse_Thymus4,55_115,5,15686.0,19300.0
Mouse_Thymus4,62_2,4,16386.0,8000.0
Mouse_Thymus4,4_60,5,10586.0,13800.0
Mouse_Thymus4,30_94,5,13186.0,17200.0
Mouse_Thymus4,46_105,5,14786.0,18300.0
Mouse_Thymus4,45_11,1,14686.0,8900.0
Mouse_Thymus4,38_93,5,13986.0,17100.0
Mouse_Thymus4,28_25,5,12986.0,10300.0
Mouse_Thymus4,56_117,4,15786.0,19500.0
Mouse_Thymus4,31_60,1,13286.0,13800.0
Mouse_Thymus4,35_82,1,13686.0,16000.0
Mouse_Thymus4,37_38,5,13886.0,11600.0
Mouse_Thymus4,35_46,5,13686.0,12400.0
Mouse_Thymus4,50_17,1,15186.0,9500.0
Mouse_Thymus4,26_40,2,12786.0,11800.0
Mouse_Thymus4,45_53,2,14686.0,13100.0
Mouse_Thymus4,61_23,5,16286.0,10100.0
Mouse_Thymus4,26_44,1,12786.0,12200.0
Mouse_Thymus4,59_11,5,16086.0,8900.0
Mouse_Thymus4,26_53,2,12786.0,13100.0
Mouse_Thymus4,24_86,5,12586.0,16400.0
Mouse_Thymus4,40_92,5,14186.0,17000.0
Mouse_Thymus4,15_65,1,11686.0,14300.0
Mouse_Thymus4,22_78,4,12386.0,15600.0
Mouse_Thymus4,27_23,5,12886.0,10100.0
Mouse_Thymus4,34_62,4,13586.0,14000.0
Mouse_Thymus4,42_46,1,14386.0,12400.0
Mouse_Thymus4,44_41,5,14586.0,11900.0
Mouse_Thymus4,35_94,1,13686.0,17200.0
Mouse_Thymus4,39_58,2,14086.0,13600.0
Mouse_Thymus4,47_109,5,14886.0,18700.0
Mouse_Thymus4,67_2,1,16886.0,8000.0
Mouse_Thymus4,26_69,2,12786.0,14700.0
Mouse_Thymus4,32_57,2,13386.0,13500.0
Mouse_Thymus4,31_66,1,13286.0,14400.0
Mouse_Thymus4,35_35,2,13686.0,11300.0
Mouse_Thymus4,18_29,5,11986.0,10700.0
Mouse_Thymus4,57_91,5,15886.0,16900.0
Mouse_Thymus4,42_8,4,14386.0,8600.0
Mouse_Thymus4,65_8,5,16686.0,8600.0
Mouse_Thymus4,58_109,5,15986.0,18700.0
Mouse_Thymus4,60_110,4,16186.0,18800.0
Mouse_Thymus4,31_50,2,13286.0,12800.0
Mouse_Thymus4,49_114,5,15086.0,19200.0
Mouse_Thymus4,55_105,1,15686.0,18300.0
Mouse_Thymus4,58_34,5,15986.0,11200.0
Mouse_Thymus4,56_91,1,15786.0,16900.0
Mouse_Thymus4,44_33,5,14586.0,11100.0
Mouse_Thymus4,55_116,5,15686.0,19400.0
Mouse_Thymus4,27_48,2,12886.0,12600.0
Mouse_Thymus4,55_10,4,15686.0,8800.0
Mouse_Thymus4,50_111,2,15186.0,18900.0
Mouse_Thymus4,46_14,2,14786.0,9200.0
Mouse_Thymus4,44_91,4,14586.0,16900.0
Mouse_Thymus4,29_78,2,13086.0,15600.0
Mouse_Thymus4,43_37,4,14486.0,11500.0
Mouse_Thymus4,25_78,5,12686.0,15600.0
Mouse_Thymus4,14_57,4,11586.0,13500.0
Mouse_Thymus4,53_44,4,15486.0,12200.0
Mouse_Thymus4,50_48,4,15186.0,12600.0
Mouse_Thymus4,23_66,2,12486.0,14400.0
Mouse_Thymus4,13_33,1,11486.0,11100.0
Mouse_Thymus4,33_32,5,13486.0,11000.0
Mouse_Thymus4,31_87,4,13286.0,16500.0
Mouse_Thymus4,32_19,4,13386.0,9700.0
Mouse_Thymus4,35_58,5,13686.0,13600.0
Mouse_Thymus4,44_10,5,14586.0,8800.0
Mouse_Thymus4,32_89,2,13386.0,16700.0
Mouse_Thymus4,45_40,5,14686.0,11800.0
Mouse_Thymus4,25_82,5,12686.0,16000.0
Mouse_Thymus4,9_39,5,11086.0,11700.0
Mouse_Thymus4,43_16,2,14486.0,9400.0
Mouse_Thymus4,49_39,5,15086.0,11700.0
Mouse_Thymus4,38_19,2,13986.0,9700.0
Mouse_Thymus4,40_41,5,14186.0,11900.0
Mouse_Thymus4,50_100,2,15186.0,17800.0
Mouse_Thymus4,24_40,2,12586.0,11800.0
Mouse_Thymus4,39_54,2,14086.0,13200.0
Mouse_Thymus4,45_73,5,14686.0,15100.0
Mouse_Thymus4,56_32,5,15786.0,11000.0
Mouse_Thymus4,30_93,5,13186.0,17100.0
Mouse_Thymus4,58_99,5,15986.0,17700.0
Mouse_Thymus4,46_4,7,14786.0,8200.0
Mouse_Thymus4,46_88,2,14786.0,16600.0
Mouse_Thymus4,10_33,4,11186.0,11100.0
Mouse_Thymus4,59_107,4,16086.0,18500.0
Mouse_Thymus4,39_72,2,14086.0,15000.0
Mouse_Thymus4,5_58,5,10686.0,13600.0
Mouse_Thymus4,28_50,2,12986.0,12800.0
Mouse_Thymus4,35_64,4,13686.0,14200.0
Mouse_Thymus4,48_105,4,14986.0,18300.0
Mouse_Thymus4,3_53,5,10486.0,13100.0
Mouse_Thymus4,51_98,2,15286.0,17600.0
Mouse_Thymus4,30_47,1,13186.0,12500.0
Mouse_Thymus4,53_42,5,15486.0,12000.0
Mouse_Thymus4,52_15,5,15386.0,9300.0
Mouse_Thymus4,29_87,5,13086.0,16500.0
Mouse_Thymus4,2_52,5,10386.0,13000.0
Mouse_Thymus4,13_47,5,11486.0,12500.0
Mouse_Thymus4,43_23,2,14486.0,10100.0
Mouse_Thymus4,56_109,5,15786.0,18700.0
Mouse_Thymus4,27_73,4,12886.0,15100.0
Mouse_Thymus4,10_56,1,11186.0,13400.0
Mouse_Thymus4,71_4,5,17286.0,8200.0
Mouse_Thymus4,51_30,5,15286.0,10800.0
Mouse_Thymus4,27_89,5,12886.0,16700.0
Mouse_Thymus4,23_62,2,12486.0,14000.0
Mouse_Thymus4,58_94,4,15986.0,17200.0
Mouse_Thymus4,27_58,2,12886.0,13600.0
Mouse_Thymus4,60_105,5,16186.0,18300.0
Mouse_Thymus4,33_52,2,13486.0,13000.0
Mouse_Thymus4,57_85,1,15886.0,16300.0
Mouse_Thymus4,7_51,5,10886.0,12900.0
Mouse_Thymus4,23_56,2,12486.0,13400.0
Mouse_Thymus4,57_15,5,15886.0,9300.0
Mouse_Thymus4,42_65,5,14386.0,14300.0
Mouse_Thymus4,49_107,2,15086.0,18500.0
Mouse_Thymus4,15_68,5,11686.0,14600.0
Mouse_Thymus4,18_60,1,11986.0,13800.0
Mouse_Thymus4,52_109,2,15386.0,18700.0
Mouse_Thymus4,32_22,5,13386.0,10000.0
Mouse_Thymus4,45_49,2,14686.0,12700.0
Mouse_Thymus4,41_82,2,14286.0,16000.0
Mouse_Thymus4,21_56,1,12286.0,13400.0
Mouse_Thymus4,62_91,7,16386.0,16900.0
Mouse_Thymus4,63_13,7,16486.0,9100.0
Mouse_Thymus4,41_77,2,14286.0,15500.0
Mouse_Thymus4,52_19,5,15386.0,9700.0
Mouse_Thymus4,50_110,2,15186.0,18800.0
Mouse_Thymus4,62_97,5,16386.0,17500.0
Mouse_Thymus4,51_46,4,15286.0,12400.0
Mouse_Thymus4,18_57,4,11986.0,13500.0
Mouse_Thymus4,25_28,1,12686.0,10600.0
Mouse_Thymus4,40_94,4,14186.0,17200.0
Mouse_Thymus4,5_57,5,10686.0,13500.0
Mouse_Thymus4,20_41,2,12186.0,11900.0
Mouse_Thymus4,25_75,1,12686.0,15300.0
Mouse_Thymus4,55_117,5,15686.0,19500.0
Mouse_Thymus4,41_98,5,14286.0,17600.0
Mouse_Thymus4,58_89,5,15986.0,16700.0
Mouse_Thymus4,54_89,1,15586.0,16700.0
Mouse_Thymus4,62_25,5,16386.0,10300.0
Mouse_Thymus4,56_12,5,15786.0,9000.0
Mouse_Thymus4,41_78,2,14286.0,15600.0
Mouse_Thymus4,19_62,5,12086.0,14000.0
Mouse_Thymus4,43_24,2,14486.0,10200.0
Mouse_Thymus4,69_4,5,17086.0,8200.0
Mouse_Thymus4,33_72,2,13486.0,15000.0
Mouse_Thymus4,31_57,2,13286.0,13500.0
Mouse_Thymus4,59_4,4,16086.0,8200.0
Mouse_Thymus4,23_37,4,12486.0,11500.0
Mouse_Thymus4,35_37,1,13686.0,11500.0
Mouse_Thymus4,41_88,5,14286.0,16600.0
Mouse_Thymus4,60_93,5,16186.0,17100.0
Mouse_Thymus4,3_50,4,10486.0,12800.0
Mouse_Thymus4,53_21,5,15486.0,9900.0
Mouse_Thymus4,18_73,5,11986.0,15100.0
Mouse_Thymus4,52_111,2,15386.0,18900.0
Mouse_Thymus4,54_29,5,15586.0,10700.0
Mouse_Thymus4,61_13,5,16286.0,9100.0
Mouse_Thymus4,47_91,2,14886.0,16900.0
Mouse_Thymus4,61_3,5,16286.0,8100.0
Mouse_Thymus4,34_54,2,13586.0,13200.0
Mouse_Thymus4,25_22,7,12686.0,10000.0
Mouse_Thymus4,43_22,1,14486.0,10000.0
Mouse_Thymus4,28_48,2,12986.0,12600.0
Mouse_Thymus4,26_61,2,12786.0,13900.0
Mouse_Thymus4,50_109,2,15186.0,18700.0
Mouse_Thymus4,29_43,1,13086.0,12100.0
Mouse_Thymus4,3_48,4,10486.0,12600.0
Mouse_Thymus4,22_85,5,12386.0,16300.0
Mouse_Thymus4,34_58,4,13586.0,13600.0
Mouse_Thymus4,65_5,1,16686.0,8300.0
Mouse_Thymus4,42_66,1,14386.0,14400.0
Mouse_Thymus4,39_28,4,14086.0,10600.0
Mouse_Thymus4,16_38,5,11786.0,11600.0
Mouse_Thymus4,22_60,5,12386.0,13800.0
Mouse_Thymus4,17_54,5,11886.0,13200.0
Mouse_Thymus4,22_41,2,12386.0,11900.0
Mouse_Thymus4,51_9,2,15286.0,8700.0
Mouse_Thymus4,40_59,4,14186.0,13700.0
Mouse_Thymus4,24_64,2,12586.0,14200.0
Mouse_Thymus4,37_42,5,13886.0,12000.0
Mouse_Thymus4,50_90,2,15186.0,16800.0
Mouse_Thymus4,52_92,2,15386.0,17000.0
Mouse_Thymus4,35_70,5,13686.0,14800.0
Mouse_Thymus4,7_49,5,10886.0,12700.0
Mouse_Thymus4,1_52,5,10286.0,13000.0
Mouse_Thymus4,21_77,5,12286.0,15500.0
Mouse_Thymus4,46_47,2,14786.0,12500.0
Mouse_Thymus4,44_97,5,14586.0,17500.0
Mouse_Thymus4,42_18,2,14386.0,9600.0
Mouse_Thymus4,49_82,2,15086.0,16000.0
Mouse_Thymus4,48_37,4,14986.0,11500.0
Mouse_Thymus4,52_26,5,15386.0,10400.0
Mouse_Thymus4,9_43,5,11086.0,12100.0
Mouse_Thymus4,48_46,4,14986.0,12400.0
Mouse_Thymus4,61_33,5,16286.0,11100.0
Mouse_Thymus4,22_33,1,12386.0,11100.0
Mouse_Thymus4,22_51,2,12386.0,12900.0
Mouse_Thymus4,48_42,5,14986.0,12000.0
Mouse_Thymus4,8_40,5,10986.0,11800.0
Mouse_Thymus4,31_63,1,13286.0,14100.0
Mouse_Thymus4,47_40,7,14886.0,11800.0
Mouse_Thymus4,60_11,1,16186.0,8900.0
Mouse_Thymus4,30_72,2,13186.0,15000.0
Mouse_Thymus4,44_44,4,14586.0,12200.0
Mouse_Thymus4,19_31,5,12086.0,10900.0
Mouse_Thymus4,14_41,1,11586.0,11900.0
Mouse_Thymus4,52_34,5,15386.0,11200.0
Mouse_Thymus4,28_53,2,12986.0,13100.0
Mouse_Thymus4,39_31,2,14086.0,10900.0
Mouse_Thymus4,39_12,5,14086.0,9000.0
Mouse_Thymus4,35_53,2,13686.0,13100.0
Mouse_Thymus4,26_62,1,12786.0,14000.0
Mouse_Thymus4,51_41,5,15286.0,11900.0
Mouse_Thymus4,40_24,2,14186.0,10200.0
Mouse_Thymus4,24_44,2,12586.0,12200.0
Mouse_Thymus4,28_80,5,12986.0,15800.0
Mouse_Thymus4,42_70,1,14386.0,14800.0
Mouse_Thymus4,28_91,5,12986.0,16900.0
Mouse_Thymus4,29_93,4,13086.0,17100.0
Mouse_Thymus4,45_75,5,14686.0,15300.0
Mouse_Thymus4,30_95,5,13186.0,17300.0
Mouse_Thymus4,16_59,1,11786.0,13700.0
Mouse_Thymus4,31_35,5,13286.0,11300.0
Mouse_Thymus4,48_9,4,14986.0,8700.0
Mouse_Thymus4,23_72,2,12486.0,15000.0
Mouse_Thymus4,52_35,5,15386.0,11300.0
Mouse_Thymus4,26_56,2,12786.0,13400.0
Mouse_Thymus4,59_13,5,16086.0,9100.0
Mouse_Thymus4,23_34,1,12486.0,11200.0
Mouse_Thymus4,58_114,4,15986.0,19200.0
Mouse_Thymus4,52_29,5,15386.0,10700.0
Mouse_Thymus4,69_0,5,17086.0,7800.0
Mouse_Thymus4,27_67,2,12886.0,14500.0
Mouse_Thymus4,52_102,2,15386.0,18000.0
Mouse_Thymus4,28_71,2,12986.0,14900.0
Mouse_Thymus4,38_11,4,13986.0,8900.0
Mouse_Thymus4,55_81,5,15686.0,15900.0
Mouse_Thymus4,52_32,5,15386.0,11000.0
Mouse_Thymus4,31_44,2,13286.0,12200.0
Mouse_Thymus4,14_48,1,11586.0,12600.0
Mouse_Thymus4,29_37,4,13086.0,11500.0
Mouse_Thymus4,37_75,2,13886.0,15300.0
Mouse_Thymus4,27_41,2,12886.0,11900.0
Mouse_Thymus4,7_54,5,10886.0,13200.0
Mouse_Thymus4,36_15,5,13786.0,9300.0
Mouse_Thymus4,61_94,5,16286.0,17200.0
Mouse_Thymus4,60_31,1,16186.0,10900.0
Mouse_Thymus4,40_40,1,14186.0,11800.0
Mouse_Thymus4,28_58,2,12986.0,13600.0
Mouse_Thymus4,45_20,1,14686.0,9800.0
Mouse_Thymus4,39_20,2,14086.0,9800.0
Mouse_Thymus4,49_34,1,15086.0,11200.0
Mouse_Thymus4,11_36,5,11286.0,11400.0
Mouse_Thymus4,39_94,5,14086.0,17200.0
Mouse_Thymus4,52_99,2,15386.0,17700.0
Mouse_Thymus4,40_87,4,14186.0,16500.0
Mouse_Thymus4,24_52,1,12586.0,13000.0
Mouse_Thymus4,63_12,5,16486.0,9000.0
Mouse_Thymus4,36_45,5,13786.0,12300.0
Mouse_Thymus4,19_75,4,12086.0,15300.0
Mouse_Thymus4,49_33,5,15086.0,11100.0
Mouse_Thymus4,20_73,1,12186.0,15100.0
Mouse_Thymus4,15_53,1,11686.0,13100.0
Mouse_Thymus4,61_8,2,16286.0,8600.0
Mouse_Thymus4,42_72,1,14386.0,15000.0
Mouse_Thymus4,29_74,1,13086.0,15200.0
Mouse_Thymus4,40_46,5,14186.0,12400.0
Mouse_Thymus4,34_45,4,13586.0,12300.0
Mouse_Thymus4,43_82,2,14486.0,16000.0
Mouse_Thymus4,43_87,1,14486.0,16500.0
Mouse_Thymus4,51_114,5,15286.0,19200.0
Mouse_Thymus4,11_42,5,11286.0,12000.0
Mouse_Thymus4,29_94,1,13086.0,17200.0
Mouse_Thymus4,33_29,4,13486.0,10700.0
Mouse_Thymus4,57_114,4,15886.0,19200.0
Mouse_Thymus4,42_20,2,14386.0,9800.0
Mouse_Thymus4,27_37,2,12886.0,11500.0
Mouse_Thymus4,15_70,5,11686.0,14800.0
Mouse_Thymus4,45_99,5,14686.0,17700.0
Mouse_Thymus4,39_78,1,14086.0,15600.0
Mouse_Thymus4,48_48,2,14986.0,12600.0
Mouse_Thymus4,28_84,5,12986.0,16200.0
Mouse_Thymus4,47_71,1,14886.0,14900.0
Mouse_Thymus4,53_87,1,15486.0,16500.0
Mouse_Thymus4,38_45,5,13986.0,12300.0
Mouse_Thymus4,51_24,5,15286.0,10200.0
Mouse_Thymus4,45_96,1,14686.0,17400.0
Mouse_Thymus4,47_48,2,14886.0,12600.0
Mouse_Thymus4,40_25,2,14186.0,10300.0
Mouse_Thymus4,32_88,1,13386.0,16600.0
Mouse_Thymus4,34_31,4,13586.0,10900.0
Mouse_Thymus4,58_115,1,15986.0,19300.0
Mouse_Thymus4,54_82,5,15586.0,16000.0
Mouse_Thymus4,61_5,2,16286.0,8300.0
Mouse_Thymus4,9_40,5,11086.0,11800.0
Mouse_Thymus4,43_55,2,14486.0,13300.0
Mouse_Thymus4,64_5,5,16586.0,8300.0
Mouse_Thymus4,13_49,5,11486.0,12700.0
Mouse_Thymus4,71_1,5,17286.0,7900.0
Mouse_Thymus4,19_37,2,12086.0,11500.0
Mouse_Thymus4,59_31,5,16086.0,10900.0
Mouse_Thymus4,37_94,1,13886.0,17200.0
Mouse_Thymus4,11_44,5,11286.0,12200.0
Mouse_Thymus4,18_51,1,11986.0,12900.0
Mouse_Thymus4,53_28,1,15486.0,10600.0
Mouse_Thymus4,55_113,4,15686.0,19100.0
Mouse_Thymus4,17_36,5,11886.0,11400.0
Mouse_Thymus4,25_23,4,12686.0,10100.0
Mouse_Thymus4,22_25,4,12386.0,10300.0
Mouse_Thymus4,47_20,2,14886.0,9800.0
Mouse_Thymus4,52_48,7,15386.0,12600.0
Mouse_Thymus4,61_24,5,16286.0,10200.0
Mouse_Thymus4,21_76,1,12286.0,15400.0
Mouse_Thymus4,42_51,2,14386.0,12900.0
Mouse_Thymus4,17_59,4,11886.0,13700.0
Mouse_Thymus4,44_37,5,14586.0,11500.0
Mouse_Thymus4,39_95,1,14086.0,17300.0
Mouse_Thymus4,49_113,5,15086.0,19100.0
Mouse_Thymus4,14_68,5,11586.0,14600.0
Mouse_Thymus4,46_96,2,14786.0,17400.0
Mouse_Thymus4,41_42,5,14286.0,12000.0
Mouse_Thymus4,20_44,2,12186.0,12200.0
Mouse_Thymus4,34_57,1,13586.0,13500.0
Mouse_Thymus4,54_97,2,15586.0,17500.0
Mouse_Thymus4,8_37,5,10986.0,11500.0
Mouse_Thymus4,42_12,4,14386.0,9000.0
Mouse_Thymus4,57_116,4,15886.0,19400.0
Mouse_Thymus4,59_100,5,16086.0,17800.0
Mouse_Thymus4,51_36,5,15286.0,11400.0
Mouse_Thymus4,46_91,2,14786.0,16900.0
Mouse_Thymus4,57_84,5,15886.0,16200.0
Mouse_Thymus4,22_37,2,12386.0,11500.0
Mouse_Thymus4,37_74,4,13886.0,15200.0
Mouse_Thymus4,30_71,2,13186.0,14900.0
Mouse_Thymus4,35_91,1,13686.0,16900.0
Mouse_Thymus4,37_13,4,13886.0,9100.0
Mouse_Thymus4,38_44,5,13986.0,12200.0
Mouse_Thymus4,19_53,5,12086.0,13100.0
Mouse_Thymus4,25_21,7,12686.0,9900.0
Mouse_Thymus4,38_60,1,13986.0,13800.0
Mouse_Thymus4,48_38,5,14986.0,11600.0
Mouse_Thymus4,7_34,5,10886.0,11200.0
Mouse_Thymus4,40_13,5,14186.0,9100.0
Mouse_Thymus4,37_22,2,13886.0,10000.0
Mouse_Thymus4,29_85,1,13086.0,16300.0
Mouse_Thymus4,49_6,5,15086.0,8400.0
Mouse_Thymus4,37_68,2,13886.0,14600.0
Mouse_Thymus4,32_52,2,13386.0,13000.0
Mouse_Thymus4,35_84,4,13686.0,16200.0
Mouse_Thymus4,54_5,5,15586.0,8300.0
Mouse_Thymus4,3_45,4,10486.0,12300.0
Mouse_Thymus4,44_55,1,14586.0,13300.0
Mouse_Thymus4,34_88,2,13586.0,16600.0
Mouse_Thymus4,32_55,1,13386.0,13300.0
Mouse_Thymus4,37_97,7,13886.0,17500.0
Mouse_Thymus4,29_83,2,13086.0,16100.0
Mouse_Thymus4,17_35,5,11886.0,11300.0
Mouse_Thymus4,21_62,4,12286.0,14000.0
Mouse_Thymus4,50_7,5,15186.0,8500.0
Mouse_Thymus4,22_40,2,12386.0,11800.0
Mouse_Thymus4,41_60,4,14286.0,13800.0
Mouse_Thymus4,40_14,5,14186.0,9200.0
Mouse_Thymus4,19_54,4,12086.0,13200.0
Mouse_Thymus4,12_34,5,11386.0,11200.0
Mouse_Thymus4,43_30,5,14486.0,10800.0
Mouse_Thymus4,23_86,5,12486.0,16400.0
Mouse_Thymus4,33_57,1,13486.0,13500.0
Mouse_Thymus4,29_62,4,13086.0,14000.0
Mouse_Thymus4,32_28,2,13386.0,10600.0
Mouse_Thymus4,58_20,5,15986.0,9800.0
Mouse_Thymus4,48_104,5,14986.0,18200.0
Mouse_Thymus4,40_27,2,14186.0,10500.0
Mouse_Thymus4,58_103,5,15986.0,18100.0
Mouse_Thymus4,3_43,7,10486.0,12100.0
Mouse_Thymus4,7_40,1,10886.0,11800.0
Mouse_Thymus4,38_46,5,13986.0,12400.0
Mouse_Thymus4,39_44,5,14086.0,12200.0
Mouse_Thymus4,41_27,2,14286.0,10500.0
Mouse_Thymus4,35_80,1,13686.0,15800.0
Mouse_Thymus4,43_78,2,14486.0,15600.0
Mouse_Thymus4,29_36,5,13086.0,11400.0
Mouse_Thymus4,34_43,4,13586.0,12100.0
Mouse_Thymus4,37_85,1,13886.0,16300.0
Mouse_Thymus4,44_103,5,14586.0,18100.0
Mouse_Thymus4,48_20,4,14986.0,9800.0
Mouse_Thymus4,58_12,4,15986.0,9000.0
Mouse_Thymus4,9_59,4,11086.0,13700.0
Mouse_Thymus4,41_81,2,14286.0,15900.0
Mouse_Thymus4,61_98,5,16286.0,17600.0
Mouse_Thymus4,51_87,2,15286.0,16500.0
Mouse_Thymus4,47_50,2,14886.0,12800.0
Mouse_Thymus4,32_80,2,13386.0,15800.0
Mouse_Thymus4,29_22,5,13086.0,10000.0
Mouse_Thymus4,41_73,1,14286.0,15100.0
Mouse_Thymus4,19_71,5,12086.0,14900.0
Mouse_Thymus4,6_59,5,10786.0,13700.0
Mouse_Thymus4,48_84,2,14986.0,16200.0
Mouse_Thymus4,50_33,5,15186.0,11100.0
Mouse_Thymus4,19_42,2,12086.0,12000.0
Mouse_Thymus4,56_99,1,15786.0,17700.0
Mouse_Thymus4,20_54,4,12186.0,13200.0
Mouse_Thymus4,45_43,5,14686.0,12100.0
Mouse_Thymus4,28_94,7,12986.0,17200.0
Mouse_Thymus4,59_23,5,16086.0,10100.0
Mouse_Thymus4,17_69,5,11886.0,14700.0
Mouse_Thymus4,34_55,2,13586.0,13300.0
Mouse_Thymus4,34_47,4,13586.0,12500.0
Mouse_Thymus4,30_20,5,13186.0,9800.0
Mouse_Thymus4,30_80,2,13186.0,15800.0
Mouse_Thymus4,42_36,5,14386.0,11400.0
Mouse_Thymus4,38_28,2,13986.0,10600.0
Mouse_Thymus4,61_35,5,16286.0,11300.0
Mouse_Thymus4,57_13,4,15886.0,9100.0
Mouse_Thymus4,49_40,4,15086.0,11800.0
Mouse_Thymus4,12_55,4,11386.0,13300.0
Mouse_Thymus4,27_51,2,12886.0,12900.0
Mouse_Thymus4,15_42,2,11686.0,12000.0
Mouse_Thymus4,39_41,5,14086.0,11900.0
Mouse_Thymus4,48_51,5,14986.0,12900.0
Mouse_Thymus4,28_29,2,12986.0,10700.0
Mouse_Thymus4,14_55,2,11586.0,13300.0
Mouse_Thymus4,5_59,5,10686.0,13700.0
Mouse_Thymus4,27_46,1,12886.0,12400.0
Mouse_Thymus4,52_12,4,15386.0,9000.0
Mouse_Thymus4,37_80,1,13886.0,15800.0
Mouse_Thymus4,43_99,5,14486.0,17700.0
Mouse_Thymus4,28_77,5,12986.0,15500.0
Mouse_Thymus4,21_26,1,12286.0,10400.0
Mouse_Thymus4,39_99,7,14086.0,17700.0
Mouse_Thymus4,57_25,5,15886.0,10300.0
Mouse_Thymus4,11_35,4,11286.0,11300.0
Mouse_Thymus4,46_8,5,14786.0,8600.0
Mouse_Thymus4,54_18,5,15586.0,9600.0
Mouse_Thymus4,32_86,2,13386.0,16400.0
Mouse_Thymus4,11_45,5,11286.0,12300.0
Mouse_Thymus4,42_22,2,14386.0,10000.0
Mouse_Thymus4,17_62,5,11886.0,14000.0
Mouse_Thymus4,48_73,5,14986.0,15100.0
Mouse_Thymus4,54_105,2,15586.0,18300.0
Mouse_Thymus4,55_15,5,15686.0,9300.0
Mouse_Thymus4,47_6,4,14886.0,8400.0
Mouse_Thymus4,33_91,1,13486.0,16900.0
Mouse_Thymus4,54_77,7,15586.0,15500.0
Mouse_Thymus4,54_31,5,15586.0,10900.0
Mouse_Thymus4,30_32,1,13186.0,11000.0
Mouse_Thymus4,29_67,2,13086.0,14500.0
Mouse_Thymus4,34_41,4,13586.0,11900.0
Mouse_Thymus4,3_57,5,10486.0,13500.0
Mouse_Thymus4,57_12,5,15886.0,9000.0
Mouse_Thymus4,49_92,2,15086.0,17000.0
Mouse_Thymus4,40_78,1,14186.0,15600.0
Mouse_Thymus4,36_78,1,13786.0,15600.0
Mouse_Thymus4,45_42,5,14686.0,12000.0
Mouse_Thymus4,52_33,5,15386.0,11100.0
Mouse_Thymus4,36_54,1,13786.0,13200.0
Mouse_Thymus4,32_18,4,13386.0,9600.0
Mouse_Thymus4,47_39,5,14886.0,11700.0
Mouse_Thymus4,62_4,5,16386.0,8200.0
Mouse_Thymus4,40_85,5,14186.0,16300.0
Mouse_Thymus4,42_31,1,14386.0,10900.0
Mouse_Thymus4,59_93,5,16086.0,17100.0
Mouse_Thymus4,70_1,1,17186.0,7900.0
Mouse_Thymus4,55_19,4,15686.0,9700.0
Mouse_Thymus4,46_90,2,14786.0,16800.0
Mouse_Thymus4,53_40,5,15486.0,11800.0
Mouse_Thymus4,23_83,5,12486.0,16100.0
Mouse_Thymus4,55_29,5,15686.0,10700.0
Mouse_Thymus4,46_89,2,14786.0,16700.0
Mouse_Thymus4,45_107,5,14686.0,18500.0
Mouse_Thymus4,31_59,2,13286.0,13700.0
Mouse_Thymus4,16_46,2,11786.0,12400.0
Mouse_Thymus4,45_34,5,14686.0,11200.0
Mouse_Thymus4,53_19,5,15486.0,9700.0
Mouse_Thymus4,39_57,2,14086.0,13500.0
Mouse_Thymus4,59_28,5,16086.0,10600.0
Mouse_Thymus4,46_103,5,14786.0,18100.0
Mouse_Thymus4,21_84,5,12286.0,16200.0
Mouse_Thymus4,25_88,5,12686.0,16600.0
Mouse_Thymus4,56_39,5,15786.0,11700.0
Mouse_Thymus4,59_30,5,16086.0,10800.0
Mouse_Thymus4,12_58,4,11386.0,13600.0
Mouse_Thymus4,59_86,5,16086.0,16400.0
Mouse_Thymus4,28_45,1,12986.0,12300.0
Mouse_Thymus4,41_57,2,14286.0,13500.0
Mouse_Thymus4,60_92,5,16186.0,17000.0
Mouse_Thymus4,25_41,2,12686.0,11900.0
Mouse_Thymus4,10_39,5,11186.0,11700.0
Mouse_Thymus4,31_23,5,13286.0,10100.0
Mouse_Thymus4,26_39,2,12786.0,11700.0
Mouse_Thymus4,25_33,2,12686.0,11100.0
Mouse_Thymus4,24_57,2,12586.0,13500.0
Mouse_Thymus4,24_27,5,12586.0,10500.0
Mouse_Thymus4,28_56,2,12986.0,13400.0
Mouse_Thymus4,22_52,2,12386.0,13000.0
Mouse_Thymus4,51_35,5,15286.0,11300.0
Mouse_Thymus4,29_70,2,13086.0,14800.0
Mouse_Thymus4,35_66,5,13686.0,14400.0
Mouse_Thymus4,18_40,2,11986.0,11800.0
Mouse_Thymus4,59_96,1,16086.0,17400.0
Mouse_Thymus4,21_55,5,12286.0,13300.0
Mouse_Thymus4,50_80,5,15186.0,15800.0
Mouse_Thymus4,27_52,2,12886.0,13000.0
Mouse_Thymus4,10_32,4,11186.0,11000.0
Mouse_Thymus4,51_26,4,15286.0,10400.0
Mouse_Thymus4,34_22,1,13586.0,10000.0
Mouse_Thymus4,29_18,7,13086.0,9600.0
Mouse_Thymus4,28_69,2,12986.0,14700.0
Mouse_Thymus4,22_64,2,12386.0,14200.0
Mouse_Thymus4,46_20,2,14786.0,9800.0
Mouse_Thymus4,54_25,5,15586.0,10300.0
Mouse_Thymus4,65_2,1,16686.0,8000.0
Mouse_Thymus4,59_32,5,16086.0,11000.0
Mouse_Thymus4,36_23,2,13786.0,10100.0
Mouse_Thymus4,18_38,2,11986.0,11600.0
Mouse_Thymus4,38_76,1,13986.0,15400.0
Mouse_Thymus4,40_76,1,14186.0,15400.0
Mouse_Thymus4,7_44,5,10886.0,12200.0
Mouse_Thymus4,30_44,2,13186.0,12200.0
Mouse_Thymus4,47_9,5,14886.0,8700.0
Mouse_Thymus4,58_105,5,15986.0,18300.0
Mouse_Thymus4,19_47,2,12086.0,12500.0
Mouse_Thymus4,63_5,1,16486.0,8300.0
Mouse_Thymus4,10_64,5,11186.0,14200.0
Mouse_Thymus4,35_17,5,13686.0,9500.0
Mouse_Thymus4,29_39,4,13086.0,11700.0
Mouse_Thymus4,30_54,2,13186.0,13200.0
Mouse_Thymus4,38_80,5,13986.0,15800.0
Mouse_Thymus4,12_67,5,11386.0,14500.0
Mouse_Thymus4,30_52,2,13186.0,13000.0
Mouse_Thymus4,57_14,5,15886.0,9200.0
Mouse_Thymus4,59_18,5,16086.0,9600.0
Mouse_Thymus4,54_2,1,15586.0,8000.0
Mouse_Thymus4,50_26,5,15186.0,10400.0
Mouse_Thymus4,42_67,5,14386.0,14500.0
Mouse_Thymus4,53_83,1,15486.0,16100.0
Mouse_Thymus4,31_67,1,13286.0,14500.0
Mouse_Thymus4,26_36,2,12786.0,11400.0
Mouse_Thymus4,42_83,1,14386.0,16100.0
Mouse_Thymus4,26_68,2,12786.0,14600.0
Mouse_Thymus4,49_100,2,15086.0,17800.0
Mouse_Thymus4,39_65,2,14086.0,14300.0
Mouse_Thymus4,48_50,4,14986.0,12800.0
Mouse_Thymus4,30_34,4,13186.0,11200.0
Mouse_Thymus4,56_87,5,15786.0,16500.0
Mouse_Thymus4,48_89,2,14986.0,16700.0
Mouse_Thymus4,39_11,4,14086.0,8900.0
Mouse_Thymus4,56_2,4,15786.0,8000.0
Mouse_Thymus4,49_14,2,15086.0,9200.0
Mouse_Thymus4,47_16,2,14886.0,9400.0
Mouse_Thymus4,25_56,2,12686.0,13400.0
Mouse_Thymus4,25_47,2,12686.0,12500.0
Mouse_Thymus4,21_69,5,12286.0,14700.0
Mouse_Thymus4,61_100,5,16286.0,17800.0
Mouse_Thymus4,23_57,1,12486.0,13500.0
Mouse_Thymus4,33_50,2,13486.0,12800.0
Mouse_Thymus4,1_57,5,10286.0,13500.0
Mouse_Thymus4,4_50,4,10586.0,12800.0
Mouse_Thymus4,15_33,4,11686.0,11100.0
Mouse_Thymus4,55_22,5,15686.0,10000.0
Mouse_Thymus4,40_96,5,14186.0,17400.0
Mouse_Thymus4,33_19,5,13486.0,9700.0
Mouse_Thymus4,15_52,4,11686.0,13000.0
Mouse_Thymus4,49_112,5,15086.0,19000.0
Mouse_Thymus4,58_22,5,15986.0,10000.0
Mouse_Thymus4,9_38,5,11086.0,11600.0
Mouse_Thymus4,69_6,5,17086.0,8400.0
Mouse_Thymus4,17_42,2,11886.0,12000.0
Mouse_Thymus4,35_95,5,13686.0,17300.0
Mouse_Thymus4,33_78,2,13486.0,15600.0
Mouse_Thymus4,62_10,5,16386.0,8800.0
Mouse_Thymus4,31_81,2,13286.0,15900.0
Mouse_Thymus4,38_81,1,13986.0,15900.0
Mouse_Thymus4,17_33,5,11886.0,11100.0
Mouse_Thymus4,33_58,1,13486.0,13600.0
Mouse_Thymus4,21_50,2,12286.0,12800.0
Mouse_Thymus4,48_106,5,14986.0,18400.0
Mouse_Thymus4,37_73,4,13886.0,15100.0
Mouse_Thymus4,23_47,2,12486.0,12500.0
Mouse_Thymus4,42_34,5,14386.0,11200.0
Mouse_Thymus4,11_31,1,11286.0,10900.0
Mouse_Thymus4,32_83,2,13386.0,16100.0
Mouse_Thymus4,59_12,5,16086.0,9000.0
Mouse_Thymus4,51_16,1,15286.0,9400.0
Mouse_Thymus4,41_28,2,14286.0,10600.0
Mouse_Thymus4,11_37,5,11286.0,11500.0
Mouse_Thymus4,26_32,2,12786.0,11000.0
Mouse_Thymus4,50_103,2,15186.0,18100.0
Mouse_Thymus4,46_49,2,14786.0,12700.0
Mouse_Thymus4,31_74,5,13286.0,15200.0
Mouse_Thymus4,34_16,4,13586.0,9400.0
Mouse_Thymus4,17_58,1,11886.0,13600.0
Mouse_Thymus4,53_78,5,15486.0,15600.0
Mouse_Thymus4,49_99,2,15086.0,17700.0
Mouse_Thymus4,47_81,2,14886.0,15900.0
Mouse_Thymus4,19_41,2,12086.0,11900.0
Mouse_Thymus4,25_39,2,12686.0,11700.0
Mouse_Thymus4,26_67,2,12786.0,14500.0
Mouse_Thymus4,20_32,4,12186.0,11000.0
Mouse_Thymus4,54_112,2,15586.0,19000.0
Mouse_Thymus4,37_19,1,13886.0,9700.0
Mouse_Thymus4,55_94,1,15686.0,17200.0
Mouse_Thymus4,50_106,2,15186.0,18400.0
Mouse_Thymus4,36_39,4,13786.0,11700.0
Mouse_Thymus4,44_70,5,14586.0,14800.0
Mouse_Thymus4,34_81,2,13586.0,15900.0
Mouse_Thymus4,30_18,4,13186.0,9600.0
Mouse_Thymus4,45_77,1,14686.0,15500.0
Mouse_Thymus4,52_14,5,15386.0,9200.0
Mouse_Thymus4,43_56,1,14486.0,13400.0
Mouse_Thymus4,39_52,2,14086.0,13000.0
Mouse_Thymus4,58_15,1,15986.0,9300.0
Mouse_Thymus4,42_98,5,14386.0,17600.0
Mouse_Thymus4,57_86,1,15886.0,16400.0
Mouse_Thymus4,29_88,5,13086.0,16600.0
Mouse_Thymus4,11_59,4,11286.0,13700.0
Mouse_Thymus4,66_6,5,16786.0,8400.0
Mouse_Thymus4,36_50,2,13786.0,12800.0
Mouse_Thymus4,49_37,5,15086.0,11500.0
Mouse_Thymus4,43_89,1,14486.0,16700.0
Mouse_Thymus4,9_60,5,11086.0,13800.0
Mouse_Thymus4,25_62,2,12686.0,14000.0
Mouse_Thymus4,26_20,7,12786.0,9800.0
Mouse_Thymus4,56_43,7,15786.0,12100.0
Mouse_Thymus4,26_42,1,12786.0,12000.0
Mouse_Thymus4,54_36,5,15586.0,11400.0
Mouse_Thymus4,37_32,2,13886.0,11000.0
Mouse_Thymus4,33_27,2,13486.0,10500.0
Mouse_Thymus4,9_34,5,11086.0,11200.0
Mouse_Thymus4,11_62,4,11286.0,14000.0
Mouse_Thymus4,43_39,5,14486.0,11700.0
Mouse_Thymus4,22_48,2,12386.0,12600.0
Mouse_Thymus4,55_32,5,15686.0,11000.0
Mouse_Thymus4,33_73,4,13486.0,15100.0
Mouse_Thymus4,43_14,2,14486.0,9200.0
Mouse_Thymus4,34_26,2,13586.0,10400.0
Mouse_Thymus4,55_5,1,15686.0,8300.0
Mouse_Thymus4,41_43,5,14286.0,12100.0
Mouse_Thymus4,33_48,4,13486.0,12600.0
Mouse_Thymus4,40_91,5,14186.0,16900.0
Mouse_Thymus4,30_51,2,13186.0,12900.0
Mouse_Thymus4,39_55,2,14086.0,13300.0
Mouse_Thymus4,36_41,5,13786.0,11900.0
Mouse_Thymus4,39_13,4,14086.0,9100.0
Mouse_Thymus4,54_98,2,15586.0,17600.0
Mouse_Thymus4,39_27,2,14086.0,10500.0
Mouse_Thymus4,9_37,5,11086.0,11500.0
Mouse_Thymus4,57_40,5,15886.0,11800.0
Mouse_Thymus4,22_27,1,12386.0,10500.0
Mouse_Thymus4,47_22,4,14886.0,10000.0
Mouse_Thymus4,56_81,5,15786.0,15900.0
Mouse_Thymus4,49_42,5,15086.0,12000.0
Mouse_Thymus4,45_54,2,14686.0,13200.0
Mouse_Thymus4,18_36,5,11986.0,11400.0
Mouse_Thymus4,56_19,5,15786.0,9700.0
Mouse_Thymus4,18_79,5,11986.0,15700.0
Mouse_Thymus4,32_37,5,13386.0,11500.0
Mouse_Thymus4,48_17,2,14986.0,9500.0
Mouse_Thymus4,47_33,4,14886.0,11100.0
Mouse_Thymus4,51_81,1,15286.0,15900.0
Mouse_Thymus4,45_39,1,14686.0,11700.0
Mouse_Thymus4,58_36,5,15986.0,11400.0
Mouse_Thymus4,30_56,2,13186.0,13400.0
Mouse_Thymus4,38_36,5,13986.0,11400.0
Mouse_Thymus4,25_37,2,12686.0,11500.0
Mouse_Thymus4,53_41,5,15486.0,11900.0
Mouse_Thymus4,26_72,4,12786.0,15000.0
Mouse_Thymus4,43_47,2,14486.0,12500.0
Mouse_Thymus4,40_67,2,14186.0,14500.0
Mouse_Thymus4,16_35,5,11786.0,11300.0
Mouse_Thymus4,27_72,1,12886.0,15000.0
Mouse_Thymus4,31_75,1,13286.0,15300.0
Mouse_Thymus4,49_98,2,15086.0,17600.0
Mouse_Thymus4,15_51,5,11686.0,12900.0
Mouse_Thymus4,38_27,2,13986.0,10500.0
Mouse_Thymus4,62_22,4,16386.0,10000.0
Mouse_Thymus4,36_74,2,13786.0,15200.0
Mouse_Thymus4,52_31,5,15386.0,10900.0
Mouse_Thymus4,48_13,2,14986.0,9100.0
Mouse_Thymus4,8_49,4,10986.0,12700.0
Mouse_Thymus4,14_30,4,11586.0,10800.0
Mouse_Thymus4,24_51,2,12586.0,12900.0
Mouse_Thymus4,49_27,5,15086.0,10500.0
Mouse_Thymus4,42_45,5,14386.0,12300.0
Mouse_Thymus4,49_50,1,15086.0,12800.0
Mouse_Thymus4,32_35,5,13386.0,11300.0
Mouse_Thymus4,38_98,7,13986.0,17600.0
Mouse_Thymus4,13_60,5,11486.0,13800.0
Mouse_Thymus4,58_97,1,15986.0,17500.0
Mouse_Thymus4,31_93,1,13286.0,17100.0
Mouse_Thymus4,37_82,1,13886.0,16000.0
Mouse_Thymus4,42_84,1,14386.0,16200.0
Mouse_Thymus4,64_9,5,16586.0,8700.0
Mouse_Thymus4,29_84,2,13086.0,16200.0
Mouse_Thymus4,43_93,5,14486.0,17100.0
Mouse_Thymus4,7_48,5,10886.0,12600.0
Mouse_Thymus4,45_47,2,14686.0,12500.0
Mouse_Thymus4,47_87,2,14886.0,16500.0
Mouse_Thymus4,27_61,2,12886.0,13900.0
Mouse_Thymus4,19_51,1,12086.0,12900.0
Mouse_Thymus4,56_13,5,15786.0,9100.0
Mouse_Thymus4,64_4,5,16586.0,8200.0
Mouse_Thymus4,39_19,2,14086.0,9700.0
Mouse_Thymus4,46_95,2,14786.0,17300.0
Mouse_Thymus4,41_30,4,14286.0,10800.0
Mouse_Thymus4,55_90,5,15686.0,16800.0
Mouse_Thymus4,44_39,5,14586.0,11700.0
Mouse_Thymus4,22_69,2,12386.0,14700.0
Mouse_Thymus4,49_88,2,15086.0,16600.0
Mouse_Thymus4,59_19,4,16086.0,9700.0
Mouse_Thymus4,37_49,1,13886.0,12700.0
Mouse_Thymus4,11_34,5,11286.0,11200.0
Mouse_Thymus4,35_52,2,13686.0,13000.0
Mouse_Thymus4,57_105,5,15886.0,18300.0
Mouse_Thymus4,57_94,5,15886.0,17200.0
Mouse_Thymus4,20_28,5,12186.0,10600.0
Mouse_Thymus4,39_73,2,14086.0,15100.0
Mouse_Thymus4,32_30,4,13386.0,10800.0
Mouse_Thymus4,51_11,2,15286.0,8900.0
Mouse_Thymus4,57_113,5,15886.0,19100.0
Mouse_Thymus4,29_73,5,13086.0,15100.0
Mouse_Thymus4,56_83,5,15786.0,16100.0
Mouse_Thymus4,7_43,5,10886.0,12100.0
Mouse_Thymus4,35_83,1,13686.0,16100.0
Mouse_Thymus4,16_42,2,11786.0,12000.0
Mouse_Thymus4,22_73,4,12386.0,15100.0
Mouse_Thymus4,36_26,2,13786.0,10400.0
Mouse_Thymus4,63_32,4,16486.0,11000.0
Mouse_Thymus4,7_42,5,10886.0,12000.0
Mouse_Thymus4,47_85,2,14886.0,16300.0
Mouse_Thymus4,60_103,5,16186.0,18100.0
Mouse_Thymus4,14_59,4,11586.0,13700.0
Mouse_Thymus4,41_24,2,14286.0,10200.0
Mouse_Thymus4,28_35,4,12986.0,11300.0
Mouse_Thymus4,43_103,5,14486.0,18100.0
Mouse_Thymus4,61_26,5,16286.0,10400.0
Mouse_Thymus4,47_14,2,14886.0,9200.0
Mouse_Thymus4,48_33,5,14986.0,11100.0
Mouse_Thymus4,42_29,2,14386.0,10700.0
Mouse_Thymus4,25_74,5,12686.0,15200.0
Mouse_Thymus4,17_48,1,11886.0,12600.0
Mouse_Thymus4,41_100,5,14286.0,17800.0
Mouse_Thymus4,57_27,5,15886.0,10500.0
Mouse_Thymus4,54_93,1,15586.0,17100.0
Mouse_Thymus4,21_47,2,12286.0,12500.0
Mouse_Thymus4,63_10,5,16486.0,8800.0
Mouse_Thymus4,51_19,5,15286.0,9700.0
Mouse_Thymus4,60_6,1,16186.0,8400.0
Mouse_Thymus4,19_32,5,12086.0,11000.0
Mouse_Thymus4,40_43,5,14186.0,12100.0
Mouse_Thymus4,44_53,2,14586.0,13100.0
Mouse_Thymus4,20_45,2,12186.0,12300.0
Mouse_Thymus4,8_51,5,10986.0,12900.0
Mouse_Thymus4,41_54,2,14286.0,13200.0
Mouse_Thymus4,56_33,5,15786.0,11100.0
Mouse_Thymus4,52_110,2,15386.0,18800.0
Mouse_Thymus4,9_51,5,11086.0,12900.0
Mouse_Thymus4,8_33,1,10986.0,11100.0
Mouse_Thymus4,55_80,5,15686.0,15800.0
Mouse_Thymus4,41_51,2,14286.0,12900.0
Mouse_Thymus4,30_87,4,13186.0,16500.0
Mouse_Thymus4,27_64,1,12886.0,14200.0
Mouse_Thymus4,29_41,5,13086.0,11900.0
Mouse_Thymus4,43_88,4,14486.0,16600.0
Mouse_Thymus4,46_87,2,14786.0,16500.0
Mouse_Thymus4,57_39,4,15886.0,11700.0
Mouse_Thymus4,42_58,5,14386.0,13600.0
Mouse_Thymus4,53_39,4,15486.0,11700.0
Mouse_Thymus4,58_23,5,15986.0,10100.0
Mouse_Thymus4,11_38,5,11286.0,11600.0
Mouse_Thymus4,29_19,4,13086.0,9700.0
Mouse_Thymus4,23_76,2,12486.0,15400.0
Mouse_Thymus4,56_21,5,15786.0,9900.0
Mouse_Thymus4,37_27,2,13886.0,10500.0
Mouse_Thymus4,24_78,4,12586.0,15600.0
Mouse_Thymus4,26_55,2,12786.0,13300.0
Mouse_Thymus4,36_52,2,13786.0,13000.0
Mouse_Thymus4,53_111,2,15486.0,18900.0
Mouse_Thymus4,44_15,2,14586.0,9300.0
Mouse_Thymus4,16_70,5,11786.0,14800.0
Mouse_Thymus4,17_43,2,11886.0,12100.0
Mouse_Thymus4,52_81,1,15386.0,15900.0
Mouse_Thymus4,63_31,4,16486.0,10900.0
Mouse_Thymus4,53_4,5,15486.0,8200.0
Mouse_Thymus4,51_112,2,15286.0,19000.0
Mouse_Thymus4,51_39,4,15286.0,11700.0
Mouse_Thymus4,27_65,2,12886.0,14300.0
Mouse_Thymus4,44_45,4,14586.0,12300.0
Mouse_Thymus4,44_36,5,14586.0,11400.0
Mouse_Thymus4,34_49,2,13586.0,12700.0
Mouse_Thymus4,36_21,2,13786.0,9900.0
Mouse_Thymus4,57_37,5,15886.0,11500.0
Mouse_Thymus4,28_44,1,12986.0,12200.0
Mouse_Thymus4,54_28,5,15586.0,10600.0
Mouse_Thymus4,53_2,1,15486.0,8000.0
Mouse_Thymus4,47_4,1,14886.0,8200.0
Mouse_Thymus4,20_57,4,12186.0,13500.0
Mouse_Thymus4,38_13,5,13986.0,9100.0
Mouse_Thymus4,24_83,5,12586.0,16100.0
Mouse_Thymus4,60_95,1,16186.0,17300.0
Mouse_Thymus4,46_104,1,14786.0,18200.0
Mouse_Thymus4,65_3,1,16686.0,8100.0
Mouse_Thymus4,34_14,7,13586.0,9200.0
Mouse_Thymus4,45_16,2,14686.0,9400.0
Mouse_Thymus4,49_25,5,15086.0,10300.0
Mouse_Thymus4,26_38,2,12786.0,11600.0
Mouse_Thymus4,38_67,2,13986.0,14500.0
Mouse_Thymus4,9_57,5,11086.0,13500.0
Mouse_Thymus4,45_85,2,14686.0,16300.0
Mouse_Thymus4,35_18,1,13686.0,9600.0
Mouse_Thymus4,15_54,4,11686.0,13200.0
Mouse_Thymus4,29_95,5,13086.0,17300.0
Mouse_Thymus4,32_63,1,13386.0,14100.0
Mouse_Thymus4,16_69,5,11786.0,14700.0
Mouse_Thymus4,19_78,5,12086.0,15600.0
Mouse_Thymus4,21_41,2,12286.0,11900.0
Mouse_Thymus4,57_22,5,15886.0,10000.0
Mouse_Thymus4,64_0,4,16586.0,7800.0
Mouse_Thymus4,46_80,2,14786.0,15800.0
Mouse_Thymus4,14_62,5,11586.0,14000.0
Mouse_Thymus4,64_8,1,16586.0,8600.0
Mouse_Thymus4,20_69,4,12186.0,14700.0
Mouse_Thymus4,32_68,2,13386.0,14600.0
Mouse_Thymus4,53_90,2,15486.0,16800.0
Mouse_Thymus4,39_66,2,14086.0,14400.0
Mouse_Thymus4,56_94,5,15786.0,17200.0
Mouse_Thymus4,53_92,2,15486.0,17000.0
Mouse_Thymus4,53_108,2,15486.0,18600.0
Mouse_Thymus4,54_20,5,15586.0,9800.0
Mouse_Thymus4,41_34,5,14286.0,11200.0
Mouse_Thymus4,60_107,5,16186.0,18500.0
Mouse_Thymus4,41_31,5,14286.0,10900.0
Mouse_Thymus4,43_68,5,14486.0,14600.0
Mouse_Thymus4,49_24,5,15086.0,10200.0
Mouse_Thymus4,46_6,4,14786.0,8400.0
Mouse_Thymus4,31_95,5,13286.0,17300.0
Mouse_Thymus4,30_59,2,13186.0,13700.0
Mouse_Thymus4,70_3,5,17186.0,8100.0
Mouse_Thymus4,61_99,5,16286.0,17700.0
Mouse_Thymus4,28_57,2,12986.0,13500.0
Mouse_Thymus4,55_21,4,15686.0,9900.0
Mouse_Thymus4,11_54,4,11286.0,13200.0
Mouse_Thymus4,64_26,5,16586.0,10400.0
Mouse_Thymus4,41_12,5,14286.0,9000.0
Mouse_Thymus4,50_37,5,15186.0,11500.0
Mouse_Thymus4,27_33,2,12886.0,11100.0
Mouse_Thymus4,57_34,5,15886.0,11200.0
Mouse_Thymus4,53_118,5,15486.0,19600.0
Mouse_Thymus4,53_10,2,15486.0,8800.0
Mouse_Thymus4,28_86,5,12986.0,16400.0
Mouse_Thymus4,45_70,5,14686.0,14800.0
Mouse_Thymus4,13_46,5,11486.0,12400.0
Mouse_Thymus4,55_99,2,15686.0,17700.0
Mouse_Thymus4,23_84,4,12486.0,16200.0
Mouse_Thymus4,52_47,5,15386.0,12500.0
Mouse_Thymus4,28_93,4,12986.0,17100.0
Mouse_Thymus4,55_41,5,15686.0,11900.0
Mouse_Thymus4,15_32,5,11686.0,11000.0
Mouse_Thymus4,38_18,2,13986.0,9600.0
Mouse_Thymus4,27_44,1,12886.0,12200.0
Mouse_Thymus4,9_61,5,11086.0,13900.0
Mouse_Thymus4,33_34,1,13486.0,11200.0
Mouse_Thymus4,28_33,2,12986.0,11100.0
Mouse_Thymus4,23_25,4,12486.0,10300.0
Mouse_Thymus4,17_49,1,11886.0,12700.0
Mouse_Thymus4,49_105,2,15086.0,18300.0
Mouse_Thymus4,24_29,1,12586.0,10700.0
Mouse_Thymus4,34_17,5,13586.0,9500.0
Mouse_Thymus4,45_106,5,14686.0,18400.0
Mouse_Thymus4,27_49,2,12886.0,12700.0
Mouse_Thymus4,34_91,2,13586.0,16900.0
Mouse_Thymus4,39_15,4,14086.0,9300.0
Mouse_Thymus4,24_42,1,12586.0,12000.0
Mouse_Thymus4,55_109,5,15686.0,18700.0
Mouse_Thymus4,20_36,4,12186.0,11400.0
Mouse_Thymus4,56_26,5,15786.0,10400.0
Mouse_Thymus4,23_43,2,12486.0,12100.0
Mouse_Thymus4,17_44,2,11886.0,12200.0
Mouse_Thymus4,66_0,4,16786.0,7800.0
Mouse_Thymus4,23_74,2,12486.0,15200.0
Mouse_Thymus4,25_49,2,12686.0,12700.0
Mouse_Thymus4,44_96,1,14586.0,17400.0
Mouse_Thymus4,48_96,2,14986.0,17400.0
Mouse_Thymus4,51_3,4,15286.0,8100.0
Mouse_Thymus4,50_84,1,15186.0,16200.0
Mouse_Thymus4,24_21,7,12586.0,9900.0
Mouse_Thymus4,38_89,5,13986.0,16700.0
Mouse_Thymus4,9_53,5,11086.0,13100.0
Mouse_Thymus4,41_68,1,14286.0,14600.0
Mouse_Thymus4,10_47,5,11186.0,12500.0
Mouse_Thymus4,53_34,5,15486.0,11200.0
Mouse_Thymus4,31_28,2,13286.0,10600.0
Mouse_Thymus4,54_42,5,15586.0,12000.0
Mouse_Thymus4,40_70,1,14186.0,14800.0
Mouse_Thymus4,44_43,1,14586.0,12100.0
Mouse_Thymus4,53_109,2,15486.0,18700.0
Mouse_Thymus4,44_109,4,14586.0,18700.0
Mouse_Thymus4,18_59,4,11986.0,13700.0
Mouse_Thymus4,58_90,5,15986.0,16800.0
Mouse_Thymus4,55_110,1,15686.0,18800.0
Mouse_Thymus4,53_32,4,15486.0,11000.0
Mouse_Thymus4,22_35,4,12386.0,11300.0
Mouse_Thymus4,34_52,2,13586.0,13000.0
Mouse_Thymus4,29_42,1,13086.0,12000.0
Mouse_Thymus4,38_74,1,13986.0,15200.0
Mouse_Thymus4,16_28,4,11786.0,10600.0
Mouse_Thymus4,51_101,2,15286.0,17900.0
Mouse_Thymus4,38_41,5,13986.0,11900.0
Mouse_Thymus4,19_33,4,12086.0,11100.0
Mouse_Thymus4,40_100,5,14186.0,17800.0
Mouse_Thymus4,39_71,1,14086.0,14900.0
Mouse_Thymus4,53_86,5,15486.0,16400.0
Mouse_Thymus4,43_58,7,14486.0,13600.0
Mouse_Thymus4,41_94,5,14286.0,17200.0
Mouse_Thymus4,18_31,1,11986.0,10900.0
Mouse_Thymus4,19_69,4,12086.0,14700.0
Mouse_Thymus4,46_25,4,14786.0,10300.0
Mouse_Thymus4,9_36,5,11086.0,11400.0
Mouse_Thymus4,15_31,5,11686.0,10900.0
Mouse_Thymus4,45_110,5,14686.0,18800.0
Mouse_Thymus4,55_83,5,15686.0,16100.0
Mouse_Thymus4,52_9,2,15386.0,8700.0
Mouse_Thymus4,53_117,1,15486.0,19500.0
Mouse_Thymus4,36_37,4,13786.0,11500.0
Mouse_Thymus4,56_102,5,15786.0,18000.0
Mouse_Thymus4,34_56,2,13586.0,13400.0
Mouse_Thymus4,8_60,5,10986.0,13800.0
Mouse_Thymus4,24_34,2,12586.0,11200.0
Mouse_Thymus4,69_5,5,17086.0,8300.0
Mouse_Thymus4,38_85,1,13986.0,16300.0
Mouse_Thymus4,48_6,5,14986.0,8400.0
Mouse_Thymus4,14_67,4,11586.0,14500.0
Mouse_Thymus4,50_50,5,15186.0,12800.0
Mouse_Thymus4,40_95,5,14186.0,17300.0
Mouse_Thymus4,45_17,2,14686.0,9500.0
Mouse_Thymus4,31_33,4,13286.0,11100.0
Mouse_Thymus4,50_38,5,15186.0,11600.0
Mouse_Thymus4,37_41,5,13886.0,11900.0
Mouse_Thymus4,55_92,5,15686.0,17000.0
Mouse_Thymus4,32_85,2,13386.0,16300.0
Mouse_Thymus4,38_95,5,13986.0,17300.0
Mouse_Thymus4,35_65,5,13686.0,14300.0
Mouse_Thymus4,31_49,1,13286.0,12700.0
Mouse_Thymus4,29_64,4,13086.0,14200.0
Mouse_Thymus4,5_56,5,10686.0,13400.0
Mouse_Thymus4,26_71,1,12786.0,14900.0
Mouse_Thymus4,59_34,5,16086.0,11200.0
Mouse_Thymus4,8_48,5,10986.0,12600.0
Mouse_Thymus4,51_25,5,15286.0,10300.0
Mouse_Thymus4,41_92,1,14286.0,17000.0
Mouse_Thymus4,13_43,5,11486.0,12100.0
Mouse_Thymus4,21_51,2,12286.0,12900.0
Mouse_Thymus4,26_82,5,12786.0,16000.0
Mouse_Thymus4,57_8,1,15886.0,8600.0
Mouse_Thymus4,43_10,5,14486.0,8800.0
Mouse_Thymus4,5_40,4,10686.0,11800.0
Mouse_Thymus4,54_84,5,15586.0,16200.0
Mouse_Thymus4,15_61,5,11686.0,13900.0
Mouse_Thymus4,53_116,1,15486.0,19400.0
Mouse_Thymus4,39_96,5,14086.0,17400.0
Mouse_Thymus4,46_24,5,14786.0,10200.0
Mouse_Thymus4,47_88,2,14886.0,16600.0
Mouse_Thymus4,68_0,4,16986.0,7800.0
Mouse_Thymus4,29_51,2,13086.0,12900.0
Mouse_Thymus4,29_72,1,13086.0,15000.0
Mouse_Thymus4,51_116,5,15286.0,19400.0
Mouse_Thymus4,24_60,2,12586.0,13800.0
Mouse_Thymus4,60_13,5,16186.0,9100.0
Mouse_Thymus4,13_30,4,11486.0,10800.0
Mouse_Thymus4,42_28,2,14386.0,10600.0
Mouse_Thymus4,54_41,5,15586.0,11900.0
Mouse_Thymus4,32_84,2,13386.0,16200.0
Mouse_Thymus4,36_32,2,13786.0,11000.0
Mouse_Thymus4,48_80,2,14986.0,15800.0
Mouse_Thymus4,19_63,5,12086.0,14100.0
Mouse_Thymus4,55_97,2,15686.0,17500.0
Mouse_Thymus4,61_15,5,16286.0,9300.0
Mouse_Thymus4,30_26,2,13186.0,10400.0
Mouse_Thymus4,55_7,2,15686.0,8500.0
Mouse_Thymus4,37_52,2,13886.0,13000.0
Mouse_Thymus4,32_77,4,13386.0,15500.0
Mouse_Thymus4,33_64,1,13486.0,14200.0
Mouse_Thymus4,19_74,5,12086.0,15200.0
Mouse_Thymus4,53_6,5,15486.0,8400.0
Mouse_Thymus4,54_10,1,15586.0,8800.0
Mouse_Thymus4,67_9,5,16886.0,8700.0
Mouse_Thymus4,33_55,2,13486.0,13300.0
Mouse_Thymus4,8_34,4,10986.0,11200.0
Mouse_Thymus4,43_8,4,14486.0,8600.0
Mouse_Thymus4,21_34,4,12286.0,11200.0
Mouse_Thymus4,53_17,5,15486.0,9500.0
Mouse_Thymus4,45_27,4,14686.0,10500.0
Mouse_Thymus4,61_92,5,16286.0,17000.0
Mouse_Thymus4,61_4,2,16286.0,8200.0
Mouse_Thymus4,53_29,5,15486.0,10700.0
Mouse_Thymus4,45_30,5,14686.0,10800.0
Mouse_Thymus4,21_46,2,12286.0,12400.0
Mouse_Thymus4,10_37,5,11186.0,11500.0
Mouse_Thymus4,20_35,5,12186.0,11300.0
Mouse_Thymus4,54_101,2,15586.0,17900.0
Mouse_Thymus4,45_101,5,14686.0,17900.0
Mouse_Thymus4,35_14,4,13686.0,9200.0
Mouse_Thymus4,18_76,5,11986.0,15400.0
Mouse_Thymus4,19_40,2,12086.0,11800.0
Mouse_Thymus4,35_62,1,13686.0,14000.0
Mouse_Thymus4,4_52,5,10586.0,13000.0
Mouse_Thymus4,45_93,2,14686.0,17100.0
Mouse_Thymus4,8_36,5,10986.0,11400.0
Mouse_Thymus4,49_106,2,15086.0,18400.0
Mouse_Thymus4,48_85,2,14986.0,16300.0
Mouse_Thymus4,21_27,5,12286.0,10500.0
Mouse_Thymus4,36_93,5,13786.0,17100.0
Mouse_Thymus4,46_27,4,14786.0,10500.0
Mouse_Thymus4,39_45,5,14086.0,12300.0
Mouse_Thymus4,53_46,5,15486.0,12400.0
Mouse_Thymus4,27_35,2,12886.0,11300.0
Mouse_Thymus4,19_61,4,12086.0,13900.0
Mouse_Thymus4,38_25,2,13986.0,10300.0
Mouse_Thymus4,61_12,5,16286.0,9000.0
Mouse_Thymus4,27_91,5,12886.0,16900.0
Mouse_Thymus4,57_17,5,15886.0,9500.0
Mouse_Thymus4,55_43,5,15686.0,12100.0
Mouse_Thymus4,45_26,4,14686.0,10400.0
Mouse_Thymus4,33_31,5,13486.0,10900.0
Mouse_Thymus4,61_22,5,16286.0,10000.0
Mouse_Thymus4,8_35,4,10986.0,11300.0
Mouse_Thymus4,40_17,2,14186.0,9500.0
Mouse_Thymus4,41_29,2,14286.0,10700.0
Mouse_Thymus4,38_20,2,13986.0,9800.0
Mouse_Thymus4,43_75,1,14486.0,15300.0
Mouse_Thymus4,42_93,5,14386.0,17100.0
Mouse_Thymus4,22_79,5,12386.0,15700.0
Mouse_Thymus4,61_10,1,16286.0,8800.0
Mouse_Thymus4,59_21,5,16086.0,9900.0
Mouse_Thymus4,20_56,5,12186.0,13400.0
Mouse_Thymus4,16_33,4,11786.0,11100.0
Mouse_Thymus4,40_42,1,14186.0,12000.0
Mouse_Thymus4,61_2,5,16286.0,8000.0
Mouse_Thymus4,32_91,1,13386.0,16900.0
Mouse_Thymus4,18_46,2,11986.0,12400.0
Mouse_Thymus4,36_17,5,13786.0,9500.0
Mouse_Thymus4,23_46,2,12486.0,12400.0
Mouse_Thymus4,47_38,5,14886.0,11600.0
Mouse_Thymus4,27_43,4,12886.0,12100.0
Mouse_Thymus4,46_70,1,14786.0,14800.0
Mouse_Thymus4,55_26,5,15686.0,10400.0
Mouse_Thymus4,34_83,2,13586.0,16100.0
Mouse_Thymus4,15_38,5,11686.0,11600.0
Mouse_Thymus4,47_73,5,14886.0,15100.0
Mouse_Thymus4,50_92,2,15186.0,17000.0
Mouse_Thymus4,49_80,4,15086.0,15800.0
Mouse_Thymus4,35_69,1,13686.0,14700.0
Mouse_Thymus4,42_55,2,14386.0,13300.0
Mouse_Thymus4,21_74,2,12286.0,15200.0
Mouse_Thymus4,50_31,5,15186.0,10900.0
Mouse_Thymus4,31_72,2,13286.0,15000.0
Mouse_Thymus4,12_33,5,11386.0,11100.0
Mouse_Thymus4,7_47,5,10886.0,12500.0
Mouse_Thymus4,59_104,5,16086.0,18200.0
Mouse_Thymus4,56_116,5,15786.0,19400.0
Mouse_Thymus4,54_110,2,15586.0,18800.0
Mouse_Thymus4,21_65,1,12286.0,14300.0
Mouse_Thymus4,21_28,5,12286.0,10600.0
Mouse_Thymus4,67_4,1,16886.0,8200.0
Mouse_Thymus4,48_87,2,14986.0,16500.0
Mouse_Thymus4,41_32,1,14286.0,11000.0
Mouse_Thymus4,54_115,4,15586.0,19300.0
Mouse_Thymus4,46_9,1,14786.0,8700.0
Mouse_Thymus4,27_74,5,12886.0,15200.0
Mouse_Thymus4,36_64,2,13786.0,14200.0
Mouse_Thymus4,25_46,2,12686.0,12400.0
Mouse_Thymus4,44_89,2,14586.0,16700.0
Mouse_Thymus4,28_82,1,12986.0,16000.0
Mouse_Thymus4,18_78,5,11986.0,15600.0
Mouse_Thymus4,44_21,1,14586.0,9900.0
Mouse_Thymus4,48_75,1,14986.0,15300.0
Mouse_Thymus4,30_60,2,13186.0,13800.0
Mouse_Thymus4,15_60,4,11686.0,13800.0
Mouse_Thymus4,40_101,5,14186.0,17900.0
Mouse_Thymus4,18_44,2,11986.0,12200.0
Mouse_Thymus4,55_37,1,15686.0,11500.0
Mouse_Thymus4,52_94,2,15386.0,17200.0
Mouse_Thymus4,15_35,5,11686.0,11300.0
Mouse_Thymus4,43_34,4,14486.0,11200.0
Mouse_Thymus4,52_39,5,15386.0,11700.0
Mouse_Thymus4,6_49,5,10786.0,12700.0
Mouse_Thymus4,44_8,5,14586.0,8600.0
Mouse_Thymus4,43_73,1,14486.0,15100.0
Mouse_Thymus4,58_91,5,15986.0,16900.0
Mouse_Thymus4,14_46,5,11586.0,12400.0
Mouse_Thymus4,41_97,1,14286.0,17500.0
Mouse_Thymus4,45_36,5,14686.0,11400.0
Mouse_Thymus4,35_48,4,13686.0,12600.0
Mouse_Thymus4,43_85,2,14486.0,16300.0
Mouse_Thymus4,42_42,5,14386.0,12000.0
Mouse_Thymus4,48_100,1,14986.0,17800.0
Mouse_Thymus4,15_57,4,11686.0,13500.0
Mouse_Thymus4,27_71,4,12886.0,14900.0
Mouse_Thymus4,60_26,5,16186.0,10400.0
Mouse_Thymus4,58_100,5,15986.0,17800.0
Mouse_Thymus4,38_54,2,13986.0,13200.0
Mouse_Thymus4,7_46,5,10886.0,12400.0
Mouse_Thymus4,54_32,5,15586.0,11000.0
Mouse_Thymus4,51_100,2,15286.0,17800.0
Mouse_Thymus4,21_72,1,12286.0,15000.0
Mouse_Thymus4,30_33,4,13186.0,11100.0
Mouse_Thymus4,24_58,2,12586.0,13600.0
Mouse_Thymus4,40_86,1,14186.0,16400.0
Mouse_Thymus4,59_105,5,16086.0,18300.0
Mouse_Thymus4,52_36,4,15386.0,11400.0
Mouse_Thymus4,26_52,2,12786.0,13000.0
Mouse_Thymus4,26_85,5,12786.0,16300.0
Mouse_Thymus4,45_23,4,14686.0,10100.0
Mouse_Thymus4,45_71,5,14686.0,14900.0
Mouse_Thymus4,44_46,4,14586.0,12400.0
Mouse_Thymus4,19_36,5,12086.0,11400.0
Mouse_Thymus4,17_37,4,11886.0,11500.0
Mouse_Thymus4,56_90,5,15786.0,16800.0
Mouse_Thymus4,56_11,5,15786.0,8900.0
Mouse_Thymus4,32_45,2,13386.0,12300.0
Mouse_Thymus4,56_89,5,15786.0,16700.0
Mouse_Thymus4,30_79,2,13186.0,15700.0
Mouse_Thymus4,40_33,5,14186.0,11100.0
Mouse_Thymus4,19_39,2,12086.0,11700.0
Mouse_Thymus4,32_21,5,13386.0,9900.0
Mouse_Thymus4,28_41,2,12986.0,11900.0
Mouse_Thymus4,30_91,1,13186.0,16900.0
Mouse_Thymus4,56_79,7,15786.0,15700.0
Mouse_Thymus4,25_54,4,12686.0,13200.0
Mouse_Thymus4,23_30,5,12486.0,10800.0
Mouse_Thymus4,54_24,5,15586.0,10200.0
Mouse_Thymus4,31_34,4,13286.0,11200.0
Mouse_Thymus4,3_52,5,10486.0,13000.0
Mouse_Thymus4,55_13,5,15686.0,9100.0
Mouse_Thymus4,27_24,5,12886.0,10200.0
Mouse_Thymus4,47_49,2,14886.0,12700.0
Mouse_Thymus4,30_89,1,13186.0,16700.0
Mouse_Thymus4,43_15,2,14486.0,9300.0
Mouse_Thymus4,49_95,2,15086.0,17300.0
Mouse_Thymus4,57_11,4,15886.0,8900.0
Mouse_Thymus4,31_26,4,13286.0,10400.0
Mouse_Thymus4,56_111,5,15786.0,18900.0
Mouse_Thymus4,35_40,5,13686.0,11800.0
Mouse_Thymus4,50_82,2,15186.0,16000.0
Mouse_Thymus4,32_65,1,13386.0,14300.0
Mouse_Thymus4,32_70,2,13386.0,14800.0
Mouse_Thymus4,58_83,5,15986.0,16100.0
Mouse_Thymus4,60_94,5,16186.0,17200.0
Mouse_Thymus4,50_107,2,15186.0,18500.0
Mouse_Thymus4,35_16,5,13686.0,9400.0
Mouse_Thymus4,38_70,1,13986.0,14800.0
Mouse_Thymus4,11_52,4,11286.0,13000.0
Mouse_Thymus4,60_25,5,16186.0,10300.0
Mouse_Thymus4,31_61,1,13286.0,13900.0
Mouse_Thymus4,57_38,5,15886.0,11600.0
Mouse_Thymus4,47_8,5,14886.0,8600.0
Mouse_Thymus4,30_70,2,13186.0,14800.0
Mouse_Thymus4,40_69,2,14186.0,14700.0
Mouse_Thymus4,46_84,2,14786.0,16200.0
Mouse_Thymus4,45_98,5,14686.0,17600.0
Mouse_Thymus4,4_45,5,10586.0,12300.0
Mouse_Thymus4,58_101,5,15986.0,17900.0
Mouse_Thymus4,8_47,5,10986.0,12500.0
Mouse_Thymus4,29_69,2,13086.0,14700.0
Mouse_Thymus4,54_7,4,15586.0,8500.0
Mouse_Thymus4,52_42,4,15386.0,12000.0
Mouse_Thymus4,69_1,7,17086.0,7900.0
Mouse_Thymus4,36_40,1,13786.0,11800.0
Mouse_Thymus4,15_29,4,11686.0,10700.0
Mouse_Thymus4,28_38,2,12986.0,11600.0
Mouse_Thymus4,54_95,2,15586.0,17300.0
Mouse_Thymus4,45_90,2,14686.0,16800.0
Mouse_Thymus4,19_28,5,12086.0,10600.0
Mouse_Thymus4,51_105,2,15286.0,18300.0
Mouse_Thymus4,34_73,4,13586.0,15100.0
Mouse_Thymus4,30_43,1,13186.0,12100.0
Mouse_Thymus4,58_40,7,15986.0,11800.0
Mouse_Thymus4,55_85,5,15686.0,16300.0
Mouse_Thymus4,57_23,5,15886.0,10100.0
Mouse_Thymus4,28_23,5,12986.0,10100.0
Mouse_Thymus4,18_39,2,11986.0,11700.0
Mouse_Thymus4,46_112,1,14786.0,19000.0
Mouse_Thymus4,13_58,4,11486.0,13600.0
Mouse_Thymus4,29_82,1,13086.0,16000.0
Mouse_Thymus4,18_32,5,11986.0,11000.0
Mouse_Thymus4,41_36,4,14286.0,11400.0
Mouse_Thymus4,47_12,2,14886.0,9000.0
Mouse_Thymus4,43_11,5,14486.0,8900.0
Mouse_Thymus4,22_81,5,12386.0,15900.0
Mouse_Thymus4,37_77,1,13886.0,15500.0
Mouse_Thymus4,44_98,1,14586.0,17600.0
Mouse_Thymus4,38_26,2,13986.0,10400.0
Mouse_Thymus4,28_37,2,12986.0,11500.0
Mouse_Thymus4,58_87,5,15986.0,16500.0
Mouse_Thymus4,17_71,5,11886.0,14900.0
Mouse_Thymus4,14_56,1,11586.0,13400.0
Mouse_Thymus4,65_0,4,16686.0,7800.0
Mouse_Thymus4,57_80,7,15886.0,15800.0
Mouse_Thymus4,28_31,2,12986.0,10900.0
Mouse_Thymus4,42_62,5,14386.0,14000.0
Mouse_Thymus4,71_3,5,17286.0,8100.0
Mouse_Thymus4,57_107,5,15886.0,18500.0
Mouse_Thymus4,16_60,5,11786.0,13800.0
Mouse_Thymus4,42_94,5,14386.0,17200.0
Mouse_Thymus4,40_30,1,14186.0,10800.0
Mouse_Thymus4,54_90,7,15586.0,16800.0
Mouse_Thymus4,49_102,2,15086.0,18000.0
Mouse_Thymus4,57_106,5,15886.0,18400.0
Mouse_Thymus4,54_109,2,15586.0,18700.0
Mouse_Thymus4,39_17,1,14086.0,9500.0
Mouse_Thymus4,36_13,4,13786.0,9100.0
Mouse_Thymus4,20_84,5,12186.0,16200.0
Mouse_Thymus4,55_88,5,15686.0,16600.0
Mouse_Thymus4,26_24,5,12786.0,10200.0
Mouse_Thymus4,20_61,4,12186.0,13900.0
Mouse_Thymus4,6_38,5,10786.0,11600.0
Mouse_Thymus4,48_44,4,14986.0,12200.0
Mouse_Thymus4,34_65,1,13586.0,14300.0
Mouse_Thymus4,37_70,1,13886.0,14800.0
Mouse_Thymus4,23_31,4,12486.0,10900.0
Mouse_Thymus4,37_25,2,13886.0,10300.0
Mouse_Thymus4,31_24,5,13286.0,10200.0
Mouse_Thymus4,35_81,4,13686.0,15900.0
Mouse_Thymus4,56_106,5,15786.0,18400.0
Mouse_Thymus4,4_59,5,10586.0,13700.0
Mouse_Thymus4,28_27,2,12986.0,10500.0
Mouse_Thymus4,38_82,1,13986.0,16000.0
Mouse_Thymus4,27_25,5,12886.0,10300.0
Mouse_Thymus4,10_49,5,11186.0,12700.0
Mouse_Thymus4,45_100,5,14686.0,17800.0
Mouse_Thymus4,4_42,4,10586.0,12000.0
Mouse_Thymus4,47_108,5,14886.0,18600.0
Mouse_Thymus4,53_33,5,15486.0,11100.0
Mouse_Thymus4,50_8,1,15186.0,8600.0
Mouse_Thymus4,15_40,2,11686.0,11800.0
Mouse_Thymus4,2_59,5,10386.0,13700.0
Mouse_Thymus4,13_32,4,11486.0,11000.0
Mouse_Thymus4,61_102,5,16286.0,18000.0
Mouse_Thymus4,39_30,2,14086.0,10800.0
Mouse_Thymus4,42_10,5,14386.0,8800.0
Mouse_Thymus4,31_70,2,13286.0,14800.0
Mouse_Thymus4,11_64,5,11286.0,14200.0
Mouse_Thymus4,16_45,2,11786.0,12300.0
Mouse_Thymus4,18_30,5,11986.0,10800.0
Mouse_Thymus4,55_44,7,15686.0,12200.0
Mouse_Thymus4,37_76,1,13886.0,15400.0
Mouse_Thymus4,30_21,5,13186.0,9900.0
Mouse_Thymus4,31_52,2,13286.0,13000.0
Mouse_Thymus4,43_104,5,14486.0,18200.0
Mouse_Thymus4,35_50,1,13686.0,12800.0
Mouse_Thymus4,42_43,5,14386.0,12100.0
Mouse_Thymus4,31_30,2,13286.0,10800.0
Mouse_Thymus4,9_48,5,11086.0,12600.0
Mouse_Thymus4,45_111,4,14686.0,18900.0
Mouse_Thymus4,20_66,1,12186.0,14400.0
Mouse_Thymus4,13_31,4,11486.0,10900.0
Mouse_Thymus4,41_76,2,14286.0,15400.0
Mouse_Thymus4,61_89,5,16286.0,16700.0
Mouse_Thymus4,56_35,4,15786.0,11300.0
Mouse_Thymus4,38_23,2,13986.0,10100.0
Mouse_Thymus4,27_53,2,12886.0,13100.0
Mouse_Thymus4,29_25,4,13086.0,10300.0
Mouse_Thymus4,31_78,1,13286.0,15600.0
Mouse_Thymus4,46_51,2,14786.0,12900.0
Mouse_Thymus4,27_45,5,12886.0,12300.0
Mouse_Thymus4,26_29,2,12786.0,10700.0
Mouse_Thymus4,66_3,2,16786.0,8100.0
Mouse_Thymus4,23_78,5,12486.0,15600.0
Mouse_Thymus4,20_33,4,12186.0,11100.0
Mouse_Thymus4,70_4,5,17186.0,8200.0
Mouse_Thymus4,51_43,4,15286.0,12100.0
Mouse_Thymus4,55_30,5,15686.0,10800.0
Mouse_Thymus4,48_99,2,14986.0,17700.0
Mouse_Thymus4,25_31,2,12686.0,10900.0
Mouse_Thymus4,44_54,2,14586.0,13200.0
Mouse_Thymus4,33_81,2,13486.0,15900.0
Mouse_Thymus4,48_109,1,14986.0,18700.0
Mouse_Thymus4,57_20,5,15886.0,9800.0
Mouse_Thymus4,53_43,4,15486.0,12100.0
Mouse_Thymus4,5_42,5,10686.0,12000.0
Mouse_Thymus4,30_76,2,13186.0,15400.0
Mouse_Thymus4,37_47,5,13886.0,12500.0
Mouse_Thymus4,43_74,1,14486.0,15200.0
Mouse_Thymus4,39_43,5,14086.0,12100.0
Mouse_Thymus4,53_96,2,15486.0,17400.0
Mouse_Thymus4,53_100,2,15486.0,17800.0
Mouse_Thymus4,8_55,4,10986.0,13300.0
Mouse_Thymus4,49_103,1,15086.0,18100.0
Mouse_Thymus4,26_86,5,12786.0,16400.0
Mouse_Thymus4,23_82,5,12486.0,16000.0
Mouse_Thymus4,28_78,1,12986.0,15600.0
Mouse_Thymus4,60_111,7,16186.0,18900.0
Mouse_Thymus4,23_64,2,12486.0,14200.0
Mouse_Thymus4,20_65,4,12186.0,14300.0
Mouse_Thymus4,57_28,5,15886.0,10600.0
Mouse_Thymus4,50_4,1,15186.0,8200.0
Mouse_Thymus4,33_59,2,13486.0,13700.0
Mouse_Thymus4,12_65,4,11386.0,14300.0
Mouse_Thymus4,48_95,2,14986.0,17300.0
Mouse_Thymus4,42_23,2,14386.0,10100.0
Mouse_Thymus4,58_4,1,15986.0,8200.0
Mouse_Thymus4,54_43,5,15586.0,12100.0
Mouse_Thymus4,39_82,5,14086.0,16000.0
Mouse_Thymus4,48_103,5,14986.0,18100.0
Mouse_Thymus4,50_24,5,15186.0,10200.0
Mouse_Thymus4,52_114,5,15386.0,19200.0
Mouse_Thymus4,10_51,5,11186.0,12900.0
Mouse_Thymus4,20_70,5,12186.0,14800.0
Mouse_Thymus4,53_84,1,15486.0,16200.0
Mouse_Thymus4,20_74,5,12186.0,15200.0
Mouse_Thymus4,59_1,4,16086.0,7900.0
Mouse_Thymus4,6_58,5,10786.0,13600.0
Mouse_Thymus4,46_37,5,14786.0,11500.0
Mouse_Thymus4,42_25,2,14386.0,10300.0
Mouse_Thymus4,18_74,5,11986.0,15200.0
Mouse_Thymus4,52_88,1,15386.0,16600.0
Mouse_Thymus4,57_3,5,15886.0,8100.0
Mouse_Thymus4,5_52,4,10686.0,13000.0
Mouse_Thymus4,48_45,5,14986.0,12300.0
Mouse_Thymus4,22_50,2,12386.0,12800.0
Mouse_Thymus4,39_56,2,14086.0,13400.0
Mouse_Thymus4,22_38,2,12386.0,11600.0
Mouse_Thymus4,20_53,5,12186.0,13100.0
Mouse_Thymus4,54_108,2,15586.0,18600.0
Mouse_Thymus4,32_16,7,13386.0,9400.0
Mouse_Thymus4,52_13,5,15386.0,9100.0
Mouse_Thymus4,42_96,5,14386.0,17400.0
Mouse_Thymus4,6_54,5,10786.0,13200.0
Mouse_Thymus4,57_24,5,15886.0,10200.0
Mouse_Thymus4,20_75,4,12186.0,15300.0
Mouse_Thymus4,49_16,1,15086.0,9400.0
Mouse_Thymus4,38_64,2,13986.0,14200.0
Mouse_Thymus4,34_92,1,13586.0,17000.0
Mouse_Thymus4,32_62,5,13386.0,14000.0
Mouse_Thymus4,28_76,1,12986.0,15400.0
Mouse_Thymus4,66_4,2,16786.0,8200.0
Mouse_Thymus4,43_17,2,14486.0,9500.0
Mouse_Thymus4,68_6,5,16986.0,8400.0
Mouse_Thymus4,61_36,7,16286.0,11400.0
Mouse_Thymus4,35_96,4,13686.0,17400.0
Mouse_Thymus4,43_44,5,14486.0,12200.0
Mouse_Thymus4,33_96,5,13486.0,17400.0
Mouse_Thymus4,51_111,2,15286.0,18900.0
Mouse_Thymus4,44_106,5,14586.0,18400.0
Mouse_Thymus4,56_27,5,15786.0,10500.0
Mouse_Thymus4,38_79,1,13986.0,15700.0
Mouse_Thymus4,35_74,1,13686.0,15200.0
Mouse_Thymus4,24_79,5,12586.0,15700.0
Mouse_Thymus4,35_59,1,13686.0,13700.0
Mouse_Thymus4,49_51,5,15086.0,12900.0
Mouse_Thymus4,38_62,2,13986.0,14000.0
Mouse_Thymus4,35_55,1,13686.0,13300.0
Mouse_Thymus4,56_107,5,15786.0,18500.0
Mouse_Thymus4,45_95,4,14686.0,17300.0
Mouse_Thymus4,42_71,1,14386.0,14900.0
Mouse_Thymus4,44_26,1,14586.0,10400.0
Mouse_Thymus4,70_6,7,17186.0,8400.0
Mouse_Thymus4,12_46,5,11386.0,12400.0
Mouse_Thymus4,41_84,1,14286.0,16200.0
Mouse_Thymus4,37_29,1,13886.0,10700.0
Mouse_Thymus4,39_90,5,14086.0,16800.0
Mouse_Thymus4,46_32,5,14786.0,11000.0
Mouse_Thymus4,60_10,1,16186.0,8800.0
Mouse_Thymus4,14_70,4,11586.0,14800.0
Mouse_Thymus4,36_35,4,13786.0,11300.0
Mouse_Thymus4,24_72,4,12586.0,15000.0
Mouse_Thymus4,47_79,2,14886.0,15700.0
Mouse_Thymus4,18_64,2,11986.0,14200.0
Mouse_Thymus4,41_45,5,14286.0,12300.0
Mouse_Thymus4,16_29,4,11786.0,10700.0
Mouse_Thymus4,10_55,5,11186.0,13300.0
Mouse_Thymus4,28_88,5,12986.0,16600.0
Mouse_Thymus4,64_2,5,16586.0,8000.0
Mouse_Thymus4,49_96,2,15086.0,17400.0
Mouse_Thymus4,24_30,4,12586.0,10800.0
Mouse_Thymus4,39_10,4,14086.0,8800.0
Mouse_Thymus4,34_75,2,13586.0,15300.0
Mouse_Thymus4,46_19,2,14786.0,9700.0
Mouse_Thymus4,25_67,2,12686.0,14500.0
Mouse_Thymus4,6_35,5,10786.0,11300.0
Mouse_Thymus4,59_7,1,16086.0,8500.0
Mouse_Thymus4,16_58,5,11786.0,13600.0
Mouse_Thymus4,16_61,5,11786.0,13900.0
Mouse_Thymus4,48_115,7,14986.0,19300.0
Mouse_Thymus4,27_93,7,12886.0,17100.0
Mouse_Thymus4,21_48,2,12286.0,12600.0
Mouse_Thymus4,24_82,5,12586.0,16000.0
Mouse_Thymus4,59_15,4,16086.0,9300.0
Mouse_Thymus4,16_75,5,11786.0,15300.0
Mouse_Thymus4,24_36,2,12586.0,11400.0
Mouse_Thymus4,22_45,2,12386.0,12300.0
Mouse_Thymus4,53_22,4,15486.0,10000.0
Mouse_Thymus4,21_78,5,12286.0,15600.0
Mouse_Thymus4,47_72,4,14886.0,15000.0
Mouse_Thymus4,53_27,4,15486.0,10500.0
Mouse_Thymus4,52_78,5,15386.0,15600.0
Mouse_Thymus4,27_70,2,12886.0,14800.0
Mouse_Thymus4,53_101,2,15486.0,17900.0
Mouse_Thymus4,35_34,2,13686.0,11200.0
Mouse_Thymus4,37_86,1,13886.0,16400.0
Mouse_Thymus4,64_7,4,16586.0,8500.0
Mouse_Thymus4,49_7,5,15086.0,8500.0
Mouse_Thymus4,52_2,1,15386.0,8000.0
Mouse_Thymus4,36_12,7,13786.0,9000.0
Mouse_Thymus4,52_25,5,15386.0,10300.0
Mouse_Thymus4,11_49,5,11286.0,12700.0
Mouse_Thymus4,36_57,1,13786.0,13500.0
Mouse_Thymus4,41_64,5,14286.0,14200.0
Mouse_Thymus4,44_90,2,14586.0,16800.0
Mouse_Thymus4,50_101,2,15186.0,17900.0
Mouse_Thymus4,31_54,2,13286.0,13200.0
Mouse_Thymus4,32_25,1,13386.0,10300.0
Mouse_Thymus4,55_84,5,15686.0,16200.0
Mouse_Thymus4,15_64,5,11686.0,14200.0
Mouse_Thymus4,20_77,4,12186.0,15500.0
Mouse_Thymus4,51_44,4,15286.0,12200.0
Mouse_Thymus4,49_4,4,15086.0,8200.0
Mouse_Thymus4,47_78,1,14886.0,15600.0
Mouse_Thymus4,31_86,2,13286.0,16400.0
Mouse_Thymus4,46_53,4,14786.0,13100.0
Mouse_Thymus4,57_87,1,15886.0,16500.0
Mouse_Thymus4,44_14,2,14586.0,9200.0
Mouse_Thymus4,9_35,5,11086.0,11300.0
Mouse_Thymus4,25_29,1,12686.0,10700.0
Mouse_Thymus4,23_79,5,12486.0,15700.0
Mouse_Thymus4,47_84,2,14886.0,16200.0
Mouse_Thymus4,7_35,4,10886.0,11300.0
Mouse_Thymus4,38_12,4,13986.0,9000.0
Mouse_Thymus4,33_49,2,13486.0,12700.0
Mouse_Thymus4,60_14,5,16186.0,9200.0
Mouse_Thymus4,8_54,5,10986.0,13200.0
Mouse_Thymus4,29_66,1,13086.0,14400.0
Mouse_Thymus4,57_117,4,15886.0,19500.0
Mouse_Thymus4,10_59,4,11186.0,13700.0
Mouse_Thymus4,61_95,5,16286.0,17300.0
Mouse_Thymus4,27_85,5,12886.0,16300.0
Mouse_Thymus4,24_63,2,12586.0,14100.0
Mouse_Thymus4,48_22,4,14986.0,10000.0
Mouse_Thymus4,62_7,2,16386.0,8500.0
Mouse_Thymus4,26_83,1,12786.0,16100.0
Mouse_Thymus4,41_67,5,14286.0,14500.0
Mouse_Thymus4,35_63,1,13686.0,14100.0
Mouse_Thymus4,57_96,1,15886.0,17400.0
Mouse_Thymus4,38_29,2,13986.0,10700.0
Mouse_Thymus4,49_17,1,15086.0,9500.0
Mouse_Thymus4,57_2,4,15886.0,8000.0
Mouse_Thymus4,36_68,1,13786.0,14600.0
Mouse_Thymus4,51_91,2,15286.0,16900.0
Mouse_Thymus4,4_53,5,10586.0,13100.0
Mouse_Thymus4,41_25,2,14286.0,10300.0
Mouse_Thymus4,51_74,5,15286.0,15200.0
Mouse_Thymus4,34_51,2,13586.0,12900.0
Mouse_Thymus4,37_31,2,13886.0,10900.0
Mouse_Thymus4,53_107,2,15486.0,18500.0
Mouse_Thymus4,29_76,2,13086.0,15400.0
Mouse_Thymus4,52_75,5,15386.0,15300.0
Mouse_Thymus4,18_72,5,11986.0,15000.0
Mouse_Thymus4,62_93,5,16386.0,17100.0
Mouse_Thymus4,62_1,5,16386.0,7900.0
Mouse_Thymus4,31_27,2,13286.0,10500.0
Mouse_Thymus4,16_40,2,11786.0,11800.0
Mouse_Thymus4,22_57,1,12386.0,13500.0
Mouse_Thymus4,48_101,5,14986.0,17900.0
Mouse_Thymus4,51_103,2,15286.0,18100.0
Mouse_Thymus4,70_2,4,17186.0,8000.0
Mouse_Thymus4,50_28,4,15186.0,10600.0
Mouse_Thymus4,22_47,2,12386.0,12500.0
Mouse_Thymus4,50_47,4,15186.0,12500.0
Mouse_Thymus4,62_96,5,16386.0,17400.0
Mouse_Thymus4,26_48,2,12786.0,12600.0
Mouse_Thymus4,4_48,5,10586.0,12600.0
Mouse_Thymus4,26_91,4,12786.0,16900.0
Mouse_Thymus4,67_0,4,16886.0,7800.0
Mouse_Thymus4,57_115,4,15886.0,19300.0
Mouse_Thymus4,17_51,1,11886.0,12900.0
Mouse_Thymus4,36_25,2,13786.0,10300.0
Mouse_Thymus4,14_49,5,11586.0,12700.0
Mouse_Thymus4,40_60,1,14186.0,13800.0
Mouse_Thymus4,19_83,1,12086.0,16100.0
Mouse_Thymus4,43_52,2,14486.0,13000.0
Mouse_Thymus4,20_27,4,12186.0,10500.0
Mouse_Thymus4,21_32,5,12286.0,11000.0
Mouse_Thymus4,40_57,2,14186.0,13500.0
Mouse_Thymus4,24_50,2,12586.0,12800.0
Mouse_Thymus4,52_103,2,15386.0,18100.0
Mouse_Thymus4,26_70,2,12786.0,14800.0
Mouse_Thymus4,13_68,5,11486.0,14600.0
Mouse_Thymus4,72_2,7,17386.0,8000.0
Mouse_Thymus4,49_72,7,15086.0,15000.0
Mouse_Thymus4,23_71,2,12486.0,14900.0
Mouse_Thymus4,4_54,4,10586.0,13200.0
Mouse_Thymus4,47_110,5,14886.0,18800.0
Mouse_Thymus4,16_41,2,11786.0,11900.0
Mouse_Thymus4,44_52,2,14586.0,13000.0
Mouse_Thymus4,15_63,5,11686.0,14100.0
Mouse_Thymus4,59_25,5,16086.0,10300.0
Mouse_Thymus4,31_73,4,13286.0,15100.0
Mouse_Thymus4,49_93,2,15086.0,17100.0
Mouse_Thymus4,8_46,5,10986.0,12400.0
Mouse_Thymus4,56_92,1,15786.0,17000.0
Mouse_Thymus4,52_79,5,15386.0,15700.0
Mouse_Thymus4,44_76,1,14586.0,15400.0
Mouse_Thymus4,30_75,1,13186.0,15300.0
Mouse_Thymus4,46_11,4,14786.0,8900.0
Mouse_Thymus4,59_95,5,16086.0,17300.0
Mouse_Thymus4,33_42,4,13486.0,12000.0
Mouse_Thymus4,23_52,2,12486.0,13000.0
Mouse_Thymus4,54_103,2,15586.0,18100.0
Mouse_Thymus4,61_30,5,16286.0,10800.0
Mouse_Thymus4,54_40,5,15586.0,11800.0
Mouse_Thymus4,39_67,2,14086.0,14500.0
Mouse_Thymus4,16_34,5,11786.0,11200.0
Mouse_Thymus4,45_37,5,14686.0,11500.0
Mouse_Thymus4,48_7,1,14986.0,8500.0
Mouse_Thymus4,23_42,2,12486.0,12000.0
Mouse_Thymus4,31_53,2,13286.0,13100.0
Mouse_Thymus4,62_33,4,16386.0,11100.0
Mouse_Thymus4,41_104,7,14286.0,18200.0
Mouse_Thymus4,23_36,4,12486.0,11400.0
Mouse_Thymus4,30_64,5,13186.0,14200.0
Mouse_Thymus4,34_63,1,13586.0,14100.0
Mouse_Thymus4,38_52,2,13986.0,13000.0
Mouse_Thymus4,54_45,7,15586.0,12300.0
Mouse_Thymus4,26_75,5,12786.0,15300.0
Mouse_Thymus4,43_83,2,14486.0,16100.0
Mouse_Thymus4,27_81,1,12886.0,15900.0
Mouse_Thymus4,31_91,1,13286.0,16900.0
Mouse_Thymus4,45_91,2,14686.0,16900.0
Mouse_Thymus4,35_73,1,13686.0,15100.0
Mouse_Thymus4,49_43,5,15086.0,12100.0
Mouse_Thymus4,49_94,2,15086.0,17200.0
Mouse_Thymus4,45_6,4,14686.0,8400.0
Mouse_Thymus4,47_17,2,14886.0,9500.0
Mouse_Thymus4,40_37,4,14186.0,11500.0
Mouse_Thymus4,15_59,5,11686.0,13700.0
Mouse_Thymus4,17_61,5,11886.0,13900.0
Mouse_Thymus4,59_37,5,16086.0,11500.0
Mouse_Thymus4,20_43,2,12186.0,12100.0
Mouse_Thymus4,31_55,2,13286.0,13300.0
Mouse_Thymus4,33_79,2,13486.0,15700.0
Mouse_Thymus4,36_85,1,13786.0,16300.0
Mouse_Thymus4,30_88,2,13186.0,16600.0
Mouse_Thymus4,32_44,2,13386.0,12200.0
Mouse_Thymus4,4_51,5,10586.0,12900.0
Mouse_Thymus4,53_9,2,15486.0,8700.0
Mouse_Thymus4,27_69,2,12886.0,14700.0
Mouse_Thymus4,60_28,5,16186.0,10600.0
Mouse_Thymus4,36_81,1,13786.0,15900.0
Mouse_Thymus4,35_51,2,13686.0,12900.0
Mouse_Thymus4,48_102,1,14986.0,18000.0
Mouse_Thymus4,17_47,2,11886.0,12500.0
Mouse_Thymus4,27_78,1,12886.0,15600.0
Mouse_Thymus4,43_81,2,14486.0,15900.0
Mouse_Thymus4,40_88,4,14186.0,16600.0
Mouse_Thymus4,37_64,2,13886.0,14200.0
Mouse_Thymus4,15_49,1,11686.0,12700.0
Mouse_Thymus4,56_29,5,15786.0,10700.0
Mouse_Thymus4,30_35,1,13186.0,11300.0
Mouse_Thymus4,3_54,4,10486.0,13200.0
Mouse_Thymus4,47_103,5,14886.0,18100.0
Mouse_Thymus4,1_55,5,10286.0,13300.0
Mouse_Thymus4,27_54,2,12886.0,13200.0
Mouse_Thymus4,69_3,5,17086.0,8100.0
Mouse_Thymus4,64_25,5,16586.0,10300.0
Mouse_Thymus4,30_65,1,13186.0,14300.0
Mouse_Thymus4,22_26,4,12386.0,10400.0
Mouse_Thymus4,34_69,1,13586.0,14700.0
Mouse_Thymus4,41_103,5,14286.0,18100.0
Mouse_Thymus4,45_8,5,14686.0,8600.0
Mouse_Thymus4,35_41,5,13686.0,11900.0
Mouse_Thymus4,24_33,2,12586.0,11100.0
Mouse_Thymus4,36_34,2,13786.0,11200.0
Mouse_Thymus4,19_48,2,12086.0,12600.0
Mouse_Thymus4,17_66,2,11886.0,14400.0
Mouse_Thymus4,27_88,5,12886.0,16600.0
Mouse_Thymus4,23_49,2,12486.0,12700.0
Mouse_Thymus4,60_90,5,16186.0,16800.0
Mouse_Thymus4,20_63,1,12186.0,14100.0
Mouse_Thymus4,45_33,5,14686.0,11100.0
Mouse_Thymus4,6_52,5,10786.0,13000.0
Mouse_Thymus4,23_67,2,12486.0,14500.0
Mouse_Thymus4,47_92,2,14886.0,17000.0
Mouse_Thymus4,0_55,5,10186.0,13300.0
Mouse_Thymus4,61_9,2,16286.0,8700.0
Mouse_Thymus4,12_51,5,11386.0,12900.0
Mouse_Thymus4,56_114,5,15786.0,19200.0
Mouse_Thymus4,34_72,1,13586.0,15000.0
Mouse_Thymus4,47_90,2,14886.0,16800.0
Mouse_Thymus4,41_49,2,14286.0,12700.0
Mouse_Thymus4,47_36,5,14886.0,11400.0
Mouse_Thymus4,45_15,2,14686.0,9300.0
Mouse_Thymus4,38_34,4,13986.0,11200.0
Mouse_Thymus4,45_48,2,14686.0,12600.0
Mouse_Thymus4,37_36,5,13886.0,11400.0
Mouse_Thymus4,24_76,1,12586.0,15400.0
Mouse_Thymus4,39_53,7,14086.0,13100.0
Mouse_Thymus4,42_105,7,14386.0,18300.0
Mouse_Thymus4,19_72,1,12086.0,15000.0
Mouse_Thymus4,57_82,5,15886.0,16000.0
Mouse_Thymus4,55_107,1,15686.0,18500.0
Mouse_Thymus4,38_32,2,13986.0,11000.0
Mouse_Thymus4,43_12,5,14486.0,9000.0
Mouse_Thymus4,56_42,5,15786.0,12000.0
Mouse_Thymus4,44_24,4,14586.0,10200.0
Mouse_Thymus4,44_12,5,14586.0,9000.0
Mouse_Thymus4,22_76,2,12386.0,15400.0
Mouse_Thymus4,51_117,7,15286.0,19500.0
Mouse_Thymus4,52_112,2,15386.0,19000.0
Mouse_Thymus4,36_77,5,13786.0,15500.0
Mouse_Thymus4,51_40,5,15286.0,11800.0
Mouse_Thymus4,56_31,5,15786.0,10900.0
Mouse_Thymus4,67_5,5,16886.0,8300.0
Mouse_Thymus4,50_5,5,15186.0,8300.0
Mouse_Thymus4,19_35,5,12086.0,11300.0
Mouse_Thymus4,40_23,2,14186.0,10100.0
Mouse_Thymus4,42_92,5,14386.0,17000.0
Mouse_Thymus4,40_82,5,14186.0,16000.0
Mouse_Thymus4,34_78,1,13586.0,15600.0
Mouse_Thymus4,44_11,5,14586.0,8900.0
Mouse_Thymus4,59_10,2,16086.0,8800.0
Mouse_Thymus4,40_71,1,14186.0,14900.0
Mouse_Thymus4,38_14,5,13986.0,9200.0
Mouse_Thymus4,18_71,5,11986.0,14900.0
Mouse_Thymus4,47_51,4,14886.0,12900.0
Mouse_Thymus4,54_86,5,15586.0,16400.0
Mouse_Thymus4,39_36,4,14086.0,11400.0
Mouse_Thymus4,37_23,2,13886.0,10100.0
Mouse_Thymus4,27_21,4,12886.0,9900.0
Mouse_Thymus4,9_33,4,11086.0,11100.0
Mouse_Thymus4,15_72,5,11686.0,15000.0
Mouse_Thymus4,60_97,5,16186.0,17500.0
Mouse_Thymus4,10_61,5,11186.0,13900.0
Mouse_Thymus4,36_16,5,13786.0,9400.0
Mouse_Thymus4,40_21,2,14186.0,9900.0
Mouse_Thymus4,18_61,5,11986.0,13900.0
Mouse_Thymus4,48_36,5,14986.0,11400.0
Mouse_Thymus4,24_73,1,12586.0,15100.0
Mouse_Thymus4,33_88,1,13486.0,16600.0
Mouse_Thymus4,14_60,4,11586.0,13800.0
Mouse_Thymus4,21_24,7,12286.0,10200.0
Mouse_Thymus4,21_31,4,12286.0,10900.0
Mouse_Thymus4,54_118,5,15586.0,19600.0
Mouse_Thymus4,46_48,2,14786.0,12600.0
Mouse_Thymus4,31_94,4,13286.0,17200.0
Mouse_Thymus4,44_40,5,14586.0,11800.0
Mouse_Thymus4,44_30,5,14586.0,10800.0
Mouse_Thymus4,29_35,4,13086.0,11300.0
Mouse_Thymus4,57_81,5,15886.0,15900.0
Mouse_Thymus4,39_48,5,14086.0,12600.0
Mouse_Thymus4,36_30,4,13786.0,10800.0
Mouse_Thymus4,55_31,5,15686.0,10900.0
Mouse_Thymus4,49_12,2,15086.0,9000.0
Mouse_Thymus4,48_49,2,14986.0,12700.0
Mouse_Thymus4,64_3,1,16586.0,8100.0
Mouse_Thymus4,47_47,2,14886.0,12500.0
Mouse_Thymus4,23_44,2,12486.0,12200.0
Mouse_Thymus4,7_61,5,10886.0,13900.0
Mouse_Thymus4,24_84,5,12586.0,16200.0
Mouse_Thymus4,45_89,2,14686.0,16700.0
Mouse_Thymus4,45_82,2,14686.0,16000.0
Mouse_Thymus4,37_33,2,13886.0,11100.0
Mouse_Thymus4,52_107,2,15386.0,18500.0
Mouse_Thymus4,63_0,4,16486.0,7800.0
Mouse_Thymus4,51_47,5,15286.0,12500.0
Mouse_Thymus4,54_37,1,15586.0,11500.0
Mouse_Thymus4,8_59,5,10986.0,13700.0
Mouse_Thymus4,50_81,1,15186.0,15900.0
Mouse_Thymus4,9_63,5,11086.0,14100.0
Mouse_Thymus4,31_51,2,13286.0,12900.0
Mouse_Thymus4,47_35,5,14886.0,11300.0
Mouse_Thymus4,64_24,5,16586.0,10200.0
Mouse_Thymus4,32_72,2,13386.0,15000.0
Mouse_Thymus4,22_44,2,12386.0,12200.0
Mouse_Thymus4,56_115,5,15786.0,19300.0
Mouse_Thymus4,54_23,5,15586.0,10100.0
Mouse_Thymus4,53_35,5,15486.0,11300.0
Mouse_Thymus4,45_81,2,14686.0,15900.0
Mouse_Thymus4,15_71,5,11686.0,14900.0
Mouse_Thymus4,30_25,1,13186.0,10300.0
Mouse_Thymus4,50_76,5,15186.0,15400.0
Mouse_Thymus4,42_80,2,14386.0,15800.0
Mouse_Thymus4,35_86,1,13686.0,16400.0
Mouse_Thymus4,41_91,1,14286.0,16900.0
Mouse_Thymus4,22_72,2,12386.0,15000.0
Mouse_Thymus4,50_87,2,15186.0,16500.0
Mouse_Thymus4,32_69,2,13386.0,14700.0
Mouse_Thymus4,43_72,1,14486.0,15000.0
Mouse_Thymus4,27_62,2,12886.0,14000.0
Mouse_Thymus4,59_101,5,16086.0,17900.0
Mouse_Thymus4,44_80,2,14586.0,15800.0
Mouse_Thymus4,7_52,4,10886.0,13000.0
Mouse_Thymus4,27_60,2,12886.0,13800.0
Mouse_Thymus4,8_62,5,10986.0,14000.0
Mouse_Thymus4,46_39,5,14786.0,11700.0
Mouse_Thymus4,50_99,1,15186.0,17700.0
Mouse_Thymus4,34_80,4,13586.0,15800.0
Mouse_Thymus4,42_11,4,14386.0,8900.0
Mouse_Thymus4,35_30,1,13686.0,10800.0
Mouse_Thymus4,52_97,2,15386.0,17500.0
Mouse_Thymus4,42_99,5,14386.0,17700.0
Mouse_Thymus4,28_40,2,12986.0,11800.0
Mouse_Thymus4,31_80,2,13286.0,15800.0
Mouse_Thymus4,35_49,4,13686.0,12700.0
Mouse_Thymus4,38_51,2,13986.0,12900.0
Mouse_Thymus4,59_17,5,16086.0,9500.0
Mouse_Thymus4,24_87,7,12586.0,16500.0
Mouse_Thymus4,18_37,2,11986.0,11500.0
Mouse_Thymus4,27_92,7,12886.0,17000.0
Mouse_Thymus4,31_38,5,13286.0,11600.0
Mouse_Thymus4,43_100,5,14486.0,17800.0
Mouse_Thymus4,33_45,1,13486.0,12300.0
Mouse_Thymus4,27_83,5,12886.0,16100.0
Mouse_Thymus4,27_42,1,12886.0,12000.0
Mouse_Thymus4,53_88,1,15486.0,16600.0
Mouse_Thymus4,54_13,5,15586.0,9100.0
Mouse_Thymus4,20_78,5,12186.0,15600.0
Mouse_Thymus4,16_72,5,11786.0,15000.0
Mouse_Thymus4,58_95,5,15986.0,17300.0
Mouse_Thymus4,24_38,2,12586.0,11600.0
Mouse_Thymus4,34_64,4,13586.0,14200.0
Mouse_Thymus4,38_63,2,13986.0,14100.0
Mouse_Thymus4,29_57,2,13086.0,13500.0
Mouse_Thymus4,56_80,5,15786.0,15800.0
Mouse_Thymus4,41_96,5,14286.0,17400.0
Mouse_Thymus4,7_45,5,10886.0,12300.0
Mouse_Thymus4,62_92,5,16386.0,17000.0
Mouse_Thymus4,54_91,5,15586.0,16900.0
Mouse_Thymus4,3_56,5,10486.0,13400.0
Mouse_Thymus4,0_56,5,10186.0,13400.0
Mouse_Thymus4,59_103,5,16086.0,18100.0
Mouse_Thymus4,57_21,5,15886.0,9900.0
Mouse_Thymus4,12_62,5,11386.0,14000.0
Mouse_Thymus4,57_101,1,15886.0,17900.0
Mouse_Thymus4,27_68,2,12886.0,14600.0
Mouse_Thymus4,42_97,1,14386.0,17500.0
Mouse_Thymus4,43_107,7,14486.0,18500.0
Mouse_Thymus4,62_26,5,16386.0,10400.0
Mouse_Thymus4,55_96,2,15686.0,17400.0
Mouse_Thymus4,34_28,1,13586.0,10600.0
Mouse_Thymus4,26_78,5,12786.0,15600.0
Mouse_Thymus4,33_38,5,13486.0,11600.0
Mouse_Thymus4,43_38,5,14486.0,11600.0
Mouse_Thymus4,62_14,7,16386.0,9200.0
Mouse_Thymus4,23_75,2,12486.0,15300.0
Mouse_Thymus4,13_56,4,11486.0,13400.0
Mouse_Thymus4,24_53,1,12586.0,13100.0
Mouse_Thymus4,60_27,5,16186.0,10500.0
Mouse_Thymus4,33_68,2,13486.0,14600.0
Mouse_Thymus4,33_61,4,13486.0,13900.0
Mouse_Thymus4,37_88,1,13886.0,16600.0
Mouse_Thymus4,61_90,1,16286.0,16800.0
Mouse_Thymus4,44_72,5,14586.0,15000.0
Mouse_Thymus4,48_88,2,14986.0,16600.0
Mouse_Thymus4,21_85,5,12286.0,16300.0
Mouse_Thymus4,41_50,2,14286.0,12800.0
Mouse_Thymus4,11_40,5,11286.0,11800.0
Mouse_Thymus4,39_26,2,14086.0,10400.0
Mouse_Thymus4,30_29,2,13186.0,10700.0
Mouse_Thymus4,57_31,4,15886.0,10900.0
Mouse_Thymus4,35_22,1,13686.0,10000.0
Mouse_Thymus4,21_49,2,12286.0,12700.0
Mouse_Thymus4,62_95,5,16386.0,17300.0
Mouse_Thymus4,26_87,4,12786.0,16500.0
Mouse_Thymus4,16_64,4,11786.0,14200.0
Mouse_Thymus4,27_84,1,12886.0,16200.0
Mouse_Thymus4,40_55,2,14186.0,13300.0
Mouse_Thymus4,54_44,5,15586.0,12200.0
Mouse_Thymus4,12_53,4,11386.0,13100.0
Mouse_Thymus4,19_43,2,12086.0,12100.0
Mouse_Thymus4,35_36,1,13686.0,11400.0
Mouse_Thymus4,54_39,4,15586.0,11700.0
Mouse_Thymus4,27_82,1,12886.0,16000.0
Mouse_Thymus4,39_81,1,14086.0,15900.0
Mouse_Thymus4,38_35,5,13986.0,11300.0
Mouse_Thymus4,13_41,4,11486.0,11900.0
Mouse_Thymus4,48_27,5,14986.0,10500.0
Mouse_Thymus4,10_53,4,11186.0,13100.0
Mouse_Thymus4,43_92,5,14486.0,17000.0
Mouse_Thymus4,40_93,5,14186.0,17100.0
Mouse_Thymus4,29_75,4,13086.0,15300.0
Mouse_Thymus4,15_55,4,11686.0,13300.0
Mouse_Thymus4,18_53,1,11986.0,13100.0
Mouse_Thymus4,34_61,4,13586.0,13900.0
Mouse_Thymus4,37_16,5,13886.0,9400.0
Mouse_Thymus4,54_15,5,15586.0,9300.0
Mouse_Thymus4,6_60,5,10786.0,13800.0
Mouse_Thymus4,44_105,5,14586.0,18300.0
Mouse_Thymus4,49_15,1,15086.0,9300.0
Mouse_Thymus4,23_29,4,12486.0,10700.0
Mouse_Thymus4,52_21,5,15386.0,9900.0
Mouse_Thymus4,50_27,4,15186.0,10500.0
Mouse_Thymus4,21_83,5,12286.0,16100.0
Mouse_Thymus4,58_25,4,15986.0,10300.0
Mouse_Thymus4,11_55,4,11286.0,13300.0
Mouse_Thymus4,26_49,2,12786.0,12700.0
Mouse_Thymus4,47_42,4,14886.0,12000.0
Mouse_Thymus4,30_53,2,13186.0,13100.0
Mouse_Thymus4,28_19,1,12986.0,9700.0
Mouse_Thymus4,38_37,4,13986.0,11500.0
Mouse_Thymus4,44_50,2,14586.0,12800.0
Mouse_Thymus4,43_69,5,14486.0,14700.0
Mouse_Thymus4,34_40,5,13586.0,11800.0
Mouse_Thymus4,15_34,5,11686.0,11200.0
Mouse_Thymus4,42_49,2,14386.0,12700.0
Mouse_Thymus4,27_40,2,12886.0,11800.0
Mouse_Thymus4,46_41,4,14786.0,11900.0
Mouse_Thymus4,41_72,1,14286.0,15000.0
Mouse_Thymus4,37_65,2,13886.0,14300.0
Mouse_Thymus4,38_65,2,13986.0,14300.0
Mouse_Thymus4,39_64,2,14086.0,14200.0
Mouse_Thymus4,50_15,1,15186.0,9300.0
Mouse_Thymus4,58_112,5,15986.0,19000.0
Mouse_Thymus4,13_64,4,11486.0,14200.0
Mouse_Thymus4,62_34,4,16386.0,11200.0
Mouse_Thymus4,51_85,2,15286.0,16300.0
Mouse_Thymus4,50_104,2,15186.0,18200.0
Mouse_Thymus4,60_100,5,16186.0,17800.0
Mouse_Thymus4,42_69,5,14386.0,14700.0
Mouse_Thymus4,56_3,5,15786.0,8100.0
Mouse_Thymus4,45_25,5,14686.0,10300.0
Mouse_Thymus4,31_58,1,13286.0,13600.0
Mouse_Thymus4,46_92,2,14786.0,17000.0
Mouse_Thymus4,43_29,5,14486.0,10700.0
Mouse_Thymus4,27_32,2,12886.0,11000.0
Mouse_Thymus4,36_36,1,13786.0,11400.0
Mouse_Thymus4,49_29,4,15086.0,10700.0
Mouse_Thymus4,23_65,2,12486.0,14300.0
Mouse_Thymus4,43_76,2,14486.0,15400.0
Mouse_Thymus4,38_21,2,13986.0,9900.0
Mouse_Thymus4,42_101,5,14386.0,17900.0
Mouse_Thymus4,50_88,2,15186.0,16600.0
Mouse_Thymus4,28_30,2,12986.0,10800.0
Mouse_Thymus4,61_101,5,16286.0,17900.0
Mouse_Thymus4,54_21,4,15586.0,9900.0
Mouse_Thymus4,39_16,5,14086.0,9400.0
Mouse_Thymus4,49_5,5,15086.0,8300.0
Mouse_Thymus4,58_16,5,15986.0,9400.0
Mouse_Thymus4,15_39,5,11686.0,11700.0
Mouse_Thymus4,13_54,1,11486.0,13200.0
Mouse_Thymus4,61_103,5,16286.0,18100.0
Mouse_Thymus4,42_82,2,14386.0,16000.0
Mouse_Thymus4,66_1,5,16786.0,7900.0
Mouse_Thymus4,50_12,2,15186.0,9000.0
Mouse_Thymus4,58_38,5,15986.0,11600.0
Mouse_Thymus4,42_100,4,14386.0,17800.0
Mouse_Thymus4,43_84,1,14486.0,16200.0
Mouse_Thymus4,35_42,4,13686.0,12000.0
Mouse_Thymus4,28_60,2,12986.0,13800.0
Mouse_Thymus4,59_26,5,16086.0,10400.0
Mouse_Thymus4,60_15,5,16186.0,9300.0
Mouse_Thymus4,36_82,5,13786.0,16000.0
Mouse_Thymus4,18_58,1,11986.0,13600.0
Mouse_Thymus4,25_50,2,12686.0,12800.0
Mouse_Thymus4,26_90,5,12786.0,16800.0
Mouse_Thymus4,57_30,5,15886.0,10800.0
Mouse_Thymus4,50_23,5,15186.0,10100.0
Mouse_Thymus4,18_56,1,11986.0,13400.0
Mouse_Thymus4,50_105,2,15186.0,18300.0
Mouse_Thymus4,50_78,5,15186.0,15600.0
Mouse_Thymus4,46_74,1,14786.0,15200.0
Mouse_Thymus4,38_66,2,13986.0,14400.0
Mouse_Thymus4,56_4,5,15786.0,8200.0
Mouse_Thymus4,51_18,5,15286.0,9600.0
Mouse_Thymus4,58_14,5,15986.0,9200.0
Mouse_Thymus4,56_23,5,15786.0,10100.0
Mouse_Thymus4,46_12,2,14786.0,9000.0
Mouse_Thymus4,50_93,2,15186.0,17100.0
Mouse_Thymus4,38_24,2,13986.0,10200.0
Mouse_Thymus4,53_15,5,15486.0,9300.0
Mouse_Thymus4,31_43,2,13286.0,12100.0
Mouse_Thymus4,19_38,2,12086.0,11600.0
Mouse_Thymus4,44_7,4,14586.0,8500.0
Mouse_Thymus4,14_44,1,11586.0,12200.0
Mouse_Thymus4,16_39,4,11786.0,11700.0
Mouse_Thymus4,16_67,4,11786.0,14500.0
Mouse_Thymus4,25_83,5,12686.0,16100.0
Mouse_Thymus4,50_94,2,15186.0,17200.0
Mouse_Thymus4,16_43,2,11786.0,12100.0
Mouse_Thymus4,26_65,2,12786.0,14300.0
Mouse_Thymus4,40_9,7,14186.0,8700.0
Mouse_Thymus4,37_44,5,13886.0,12200.0
Mouse_Thymus4,42_91,5,14386.0,16900.0
Mouse_Thymus4,64_12,7,16586.0,9000.0
Mouse_Thymus4,22_32,4,12386.0,11000.0
Mouse_Thymus4,50_36,5,15186.0,11400.0
Mouse_Thymus4,57_103,5,15886.0,18100.0
Mouse_Thymus4,24_59,2,12586.0,13700.0
Mouse_Thymus4,63_22,4,16486.0,10000.0
Mouse_Thymus4,50_30,4,15186.0,10800.0
Mouse_Thymus4,32_27,2,13386.0,10500.0
Mouse_Thymus4,36_94,1,13786.0,17200.0
Mouse_Thymus4,1_53,5,10286.0,13100.0
Mouse_Thymus4,6_39,5,10786.0,11700.0
Mouse_Thymus4,18_54,5,11986.0,13200.0
Mouse_Thymus4,41_58,2,14286.0,13600.0
Mouse_Thymus4,56_95,1,15786.0,17300.0
Mouse_Thymus4,43_67,5,14486.0,14500.0
Mouse_Thymus4,17_55,1,11886.0,13300.0
Mouse_Thymus4,20_68,4,12186.0,14600.0
Mouse_Thymus4,41_90,4,14286.0,16800.0
Mouse_Thymus4,29_26,2,13086.0,10400.0
Mouse_Thymus4,21_38,2,12286.0,11600.0
Mouse_Thymus4,6_56,5,10786.0,13400.0
Mouse_Thymus4,43_49,2,14486.0,12700.0
Mouse_Thymus4,48_77,5,14986.0,15500.0
Mouse_Thymus4,62_100,5,16386.0,17800.0
Mouse_Thymus4,10_31,7,11186.0,10900.0
Mouse_Thymus4,37_96,4,13886.0,17400.0
Mouse_Thymus4,34_94,1,13586.0,17200.0
Mouse_Thymus4,36_75,1,13786.0,15300.0
Mouse_Thymus4,27_79,5,12886.0,15700.0
Mouse_Thymus4,59_35,4,16086.0,11300.0
Mouse_Thymus4,44_35,4,14586.0,11300.0
Mouse_Thymus4,35_15,5,13686.0,9300.0
Mouse_Thymus4,15_67,5,11686.0,14500.0
Mouse_Thymus4,33_93,5,13486.0,17100.0
Mouse_Thymus4,21_80,4,12286.0,15800.0
Mouse_Thymus4,60_33,5,16186.0,11100.0
Mouse_Thymus4,17_46,2,11886.0,12400.0
Mouse_Thymus4,58_29,5,15986.0,10700.0
Mouse_Thymus4,51_31,5,15286.0,10900.0
Mouse_Thymus4,5_47,4,10686.0,12500.0
Mouse_Thymus4,41_52,2,14286.0,13000.0
Mouse_Thymus4,38_50,2,13986.0,12800.0
Mouse_Thymus4,6_44,5,10786.0,12200.0
Mouse_Thymus4,23_59,5,12486.0,13700.0
Mouse_Thymus4,6_57,5,10786.0,13500.0
Mouse_Thymus4,12_54,4,11386.0,13200.0
Mouse_Thymus4,42_60,5,14386.0,13800.0
Mouse_Thymus4,59_94,5,16086.0,17200.0
Mouse_Thymus4,23_63,2,12486.0,14100.0
Mouse_Thymus4,38_94,5,13986.0,17200.0
Mouse_Thymus4,18_63,4,11986.0,14100.0
Mouse_Thymus4,57_110,5,15886.0,18800.0
Mouse_Thymus4,56_97,5,15786.0,17500.0
Mouse_Thymus4,38_87,5,13986.0,16500.0
Mouse_Thymus4,68_8,5,16986.0,8600.0
Mouse_Thymus4,47_76,2,14886.0,15400.0
Mouse_Thymus4,19_64,4,12086.0,14200.0
Mouse_Thymus4,62_24,5,16386.0,10200.0
Mouse_Thymus4,62_8,1,16386.0,8600.0
Mouse_Thymus4,45_45,4,14686.0,12300.0
Mouse_Thymus4,33_21,5,13486.0,9900.0
Mouse_Thymus4,29_63,4,13086.0,14100.0
Mouse_Thymus4,50_10,2,15186.0,8800.0
Mouse_Thymus4,37_12,5,13886.0,9000.0
Mouse_Thymus4,29_92,4,13086.0,17000.0
Mouse_Thymus4,46_94,2,14786.0,17200.0
Mouse_Thymus4,26_45,2,12786.0,12300.0
Mouse_Thymus4,19_58,1,12086.0,13600.0
Mouse_Thymus4,14_58,5,11586.0,13600.0
Mouse_Thymus4,45_108,5,14686.0,18600.0
Mouse_Thymus4,34_79,1,13586.0,15700.0
Mouse_Thymus4,51_34,1,15286.0,11200.0
Mouse_Thymus4,21_64,4,12286.0,14200.0
Mouse_Thymus4,59_91,5,16086.0,16900.0
Mouse_Thymus4,52_40,5,15386.0,11800.0
Mouse_Thymus4,38_48,5,13986.0,12600.0
Mouse_Thymus4,46_72,5,14786.0,15000.0
Mouse_Thymus4,10_50,5,11186.0,12800.0
Mouse_Thymus4,29_55,2,13086.0,13300.0
Mouse_Thymus4,40_11,5,14186.0,8900.0
Mouse_Thymus4,34_29,1,13586.0,10700.0
Mouse_Thymus4,48_97,2,14986.0,17500.0
Mouse_Thymus4,19_59,1,12086.0,13700.0
Mouse_Thymus4,49_44,4,15086.0,12200.0
Mouse_Thymus4,55_78,7,15686.0,15600.0
Mouse_Thymus4,0_53,7,10186.0,13100.0
Mouse_Thymus4,42_85,4,14386.0,16300.0
Mouse_Thymus4,28_61,2,12986.0,13900.0
Mouse_Thymus4,45_21,4,14686.0,9900.0
Mouse_Thymus4,32_79,2,13386.0,15700.0
Mouse_Thymus4,51_38,5,15286.0,11600.0
Mouse_Thymus4,9_47,5,11086.0,12500.0
Mouse_Thymus4,11_30,7,11286.0,10800.0
Mouse_Thymus4,54_6,5,15586.0,8400.0
Mouse_Thymus4,29_24,5,13086.0,10200.0
Mouse_Thymus4,8_43,4,10986.0,12100.0
Mouse_Thymus4,58_107,5,15986.0,18500.0
Mouse_Thymus4,57_35,5,15886.0,11300.0
Mouse_Thymus4,49_87,2,15086.0,16500.0
Mouse_Thymus4,50_41,4,15186.0,11900.0
Mouse_Thymus4,58_108,5,15986.0,18600.0
Mouse_Thymus4,31_41,1,13286.0,11900.0
Mouse_Thymus4,22_65,1,12386.0,14300.0
Mouse_Thymus4,47_114,7,14886.0,19200.0
Mouse_Thymus4,60_89,5,16186.0,16700.0
Mouse_Thymus4,50_46,4,15186.0,12400.0
Mouse_Thymus4,31_20,5,13286.0,9800.0
Mouse_Thymus4,60_96,5,16186.0,17400.0
Mouse_Thymus4,33_94,5,13486.0,17200.0
Mouse_Thymus4,13_36,5,11486.0,11400.0
Mouse_Thymus4,60_29,5,16186.0,10700.0
Mouse_Thymus4,5_49,5,10686.0,12700.0
Mouse_Thymus4,23_50,2,12486.0,12800.0
Mouse_Thymus4,6_37,5,10786.0,11500.0
Mouse_Thymus4,24_37,2,12586.0,11500.0
Mouse_Thymus4,35_13,7,13686.0,9100.0
Mouse_Thymus4,44_29,5,14586.0,10700.0
Mouse_Thymus4,27_90,1,12886.0,16800.0
Mouse_Thymus4,59_8,2,16086.0,8600.0
Mouse_Thymus4,43_25,2,14486.0,10300.0
Mouse_Thymus4,20_38,2,12186.0,11600.0
Mouse_Thymus4,47_102,5,14886.0,18000.0
Mouse_Thymus4,28_47,2,12986.0,12500.0
Mouse_Thymus4,16_47,2,11786.0,12500.0
Mouse_Thymus4,57_26,5,15886.0,10400.0
Mouse_Thymus4,33_40,4,13486.0,11800.0
Mouse_Thymus4,66_5,1,16786.0,8300.0
Mouse_Thymus4,50_16,1,15186.0,9400.0
Mouse_Thymus4,2_53,5,10386.0,13100.0
Mouse_Thymus4,34_30,4,13586.0,10800.0
Mouse_Thymus4,2_60,5,10386.0,13800.0
Mouse_Thymus4,11_65,5,11286.0,14300.0
Mouse_Thymus4,44_82,2,14586.0,16000.0
Mouse_Thymus4,26_37,2,12786.0,11500.0
Mouse_Thymus4,25_38,2,12686.0,11600.0
Mouse_Thymus4,44_42,1,14586.0,12000.0
Mouse_Thymus4,47_31,4,14886.0,10900.0
Mouse_Thymus4,41_15,4,14286.0,9300.0
Mouse_Thymus4,7_55,5,10886.0,13300.0
Mouse_Thymus4,28_54,2,12986.0,13200.0
Mouse_Thymus4,45_76,1,14686.0,15400.0
Mouse_Thymus4,37_67,2,13886.0,14500.0
Mouse_Thymus4,51_75,1,15286.0,15300.0
Mouse_Thymus4,33_67,1,13486.0,14500.0
Mouse_Thymus4,24_32,2,12586.0,11000.0
Mouse_Thymus4,44_86,2,14586.0,16400.0
Mouse_Thymus4,58_98,5,15986.0,17600.0
Mouse_Thymus4,61_6,2,16286.0,8400.0
Mouse_Thymus4,18_65,2,11986.0,14300.0
Mouse_Thymus4,40_20,2,14186.0,9800.0
Mouse_Thymus4,49_8,5,15086.0,8600.0
Mouse_Thymus4,55_119,1,15686.0,19700.0
Mouse_Thymus4,50_97,2,15186.0,17500.0
Mouse_Thymus4,57_10,2,15886.0,8800.0
Mouse_Thymus4,51_21,5,15286.0,9900.0
Mouse_Thymus4,60_106,5,16186.0,18400.0
Mouse_Thymus4,36_92,1,13786.0,17000.0
Mouse_Thymus4,9_41,5,11086.0,11900.0
Mouse_Thymus4,60_16,4,16186.0,9400.0
Mouse_Thymus4,20_34,4,12186.0,11200.0
Mouse_Thymus4,34_77,1,13586.0,15500.0
Mouse_Thymus4,39_23,2,14086.0,10100.0
Mouse_Thymus4,47_25,5,14886.0,10300.0
Mouse_Thymus4,31_62,1,13286.0,14000.0
Mouse_Thymus4,32_23,5,13386.0,10100.0
Mouse_Thymus4,37_51,2,13886.0,12900.0
Mouse_Thymus4,48_76,5,14986.0,15400.0
Mouse_Thymus4,64_28,5,16586.0,10600.0
Mouse_Thymus4,40_48,1,14186.0,12600.0
Mouse_Thymus4,58_85,5,15986.0,16300.0
Mouse_Thymus4,34_19,5,13586.0,9700.0
Mouse_Thymus4,18_45,2,11986.0,12300.0
Mouse_Thymus4,43_46,2,14486.0,12400.0
Mouse_Thymus4,18_49,1,11986.0,12700.0
Mouse_Thymus4,55_103,5,15686.0,18100.0
Mouse_Thymus4,64_6,5,16586.0,8400.0
Mouse_Thymus4,33_77,4,13486.0,15500.0
Mouse_Thymus4,36_71,1,13786.0,14900.0
Mouse_Thymus4,53_93,2,15486.0,17100.0
Mouse_Thymus4,37_69,4,13886.0,14700.0
Mouse_Thymus4,56_93,7,15786.0,17100.0
Mouse_Thymus4,49_47,5,15086.0,12500.0
Mouse_Thymus4,37_78,5,13886.0,15600.0
Mouse_Thymus4,48_5,4,14986.0,8300.0
Mouse_Thymus4,31_69,2,13286.0,14700.0
Mouse_Thymus4,34_25,2,13586.0,10300.0
Mouse_Thymus4,29_56,2,13086.0,13400.0
Mouse_Thymus4,26_33,2,12786.0,11100.0
Mouse_Thymus4,31_25,5,13286.0,10300.0
Mouse_Thymus4,44_107,4,14586.0,18500.0
Mouse_Thymus4,39_21,2,14086.0,9900.0
Mouse_Thymus4,60_101,5,16186.0,17900.0
Mouse_Thymus4,23_48,2,12486.0,12600.0
Mouse_Thymus4,57_7,2,15886.0,8500.0
Mouse_Thymus4,27_77,4,12886.0,15500.0
Mouse_Thymus4,44_79,2,14586.0,15700.0
Mouse_Thymus4,22_70,2,12386.0,14800.0
Mouse_Thymus4,51_33,5,15286.0,11100.0
Mouse_Thymus4,52_85,2,15386.0,16300.0
Mouse_Thymus4,12_35,5,11386.0,11300.0
Mouse_Thymus4,6_55,1,10786.0,13300.0
Mouse_Thymus4,37_45,5,13886.0,12300.0
Mouse_Thymus4,42_103,5,14386.0,18100.0
Mouse_Thymus4,17_63,4,11886.0,14100.0
Mouse_Thymus4,49_30,4,15086.0,10800.0
Mouse_Thymus4,27_59,2,12886.0,13700.0
Mouse_Thymus4,45_44,5,14686.0,12200.0
Mouse_Thymus4,55_106,1,15686.0,18400.0
Mouse_Thymus4,14_37,4,11586.0,11500.0
Mouse_Thymus4,5_46,5,10686.0,12400.0
Mouse_Thymus4,44_68,5,14586.0,14600.0
Mouse_Thymus4,58_7,2,15986.0,8500.0
Mouse_Thymus4,56_104,1,15786.0,18200.0
Mouse_Thymus4,28_46,1,12986.0,12400.0
Mouse_Thymus4,39_91,1,14086.0,16900.0
Mouse_Thymus4,24_67,2,12586.0,14500.0
Mouse_Thymus4,38_59,2,13986.0,13700.0
Mouse_Thymus4,47_52,1,14886.0,13000.0
Mouse_Thymus4,27_56,2,12886.0,13400.0
Mouse_Thymus4,30_61,1,13186.0,13900.0
Mouse_Thymus4,14_54,4,11586.0,13200.0
Mouse_Thymus4,29_50,2,13086.0,12800.0
Mouse_Thymus4,11_53,5,11286.0,13100.0
Mouse_Thymus4,41_40,4,14286.0,11800.0
Mouse_Thymus4,55_9,2,15686.0,8700.0
Mouse_Thymus4,14_65,5,11586.0,14300.0
Mouse_Thymus4,29_33,1,13086.0,11100.0
Mouse_Thymus4,21_25,5,12286.0,10300.0
Mouse_Thymus4,13_62,5,11486.0,14000.0
Mouse_Thymus4,34_90,2,13586.0,16800.0
Mouse_Thymus4,43_101,5,14486.0,17900.0
Mouse_Thymus4,38_17,1,13986.0,9500.0
Mouse_Thymus4,46_29,5,14786.0,10700.0
Mouse_Thymus4,26_74,1,12786.0,15200.0
Mouse_Thymus4,60_8,2,16186.0,8600.0
Mouse_Thymus4,58_84,5,15986.0,16200.0
Mouse_Thymus4,30_67,2,13186.0,14500.0
Mouse_Thymus4,44_92,1,14586.0,17000.0
Mouse_Thymus4,39_83,5,14086.0,16100.0
Mouse_Thymus4,49_78,5,15086.0,15600.0
Mouse_Thymus4,15_36,4,11686.0,11400.0
Mouse_Thymus4,50_13,4,15186.0,9100.0
Mouse_Thymus4,55_17,5,15686.0,9500.0
Mouse_Thymus4,61_34,5,16286.0,11200.0
Mouse_Thymus4,32_82,2,13386.0,16000.0
Mouse_Thymus4,14_42,5,11586.0,12000.0
Mouse_Thymus4,32_81,2,13386.0,15900.0
Mouse_Thymus4,49_108,1,15086.0,18600.0
Mouse_Thymus4,49_35,5,15086.0,11300.0
Mouse_Thymus4,56_105,4,15786.0,18300.0
Mouse_Thymus4,53_16,4,15486.0,9400.0
Mouse_Thymus4,31_64,1,13286.0,14200.0
Mouse_Thymus4,2_50,5,10386.0,12800.0
Mouse_Thymus4,22_63,2,12386.0,14100.0
Mouse_Thymus4,49_26,4,15086.0,10400.0
Mouse_Thymus4,30_40,5,13186.0,11800.0
Mouse_Thymus4,31_79,2,13286.0,15700.0
Mouse_Thymus4,35_23,2,13686.0,10100.0
Mouse_Thymus4,33_82,2,13486.0,16000.0
Mouse_Thymus4,42_32,5,14386.0,11000.0
Mouse_Thymus4,69_2,5,17086.0,8000.0
Mouse_Thymus4,15_50,5,11686.0,12800.0
Mouse_Thymus4,39_76,1,14086.0,15400.0
Mouse_Thymus4,57_5,4,15886.0,8300.0
Mouse_Thymus4,40_73,1,14186.0,15100.0
Mouse_Thymus4,9_42,5,11086.0,12000.0
Mouse_Thymus4,22_24,5,12386.0,10200.0
Mouse_Thymus4,43_63,7,14486.0,14100.0
Mouse_Thymus4,39_33,1,14086.0,11100.0
Mouse_Thymus4,41_19,2,14286.0,9700.0
Mouse_Thymus4,23_55,5,12486.0,13300.0
Mouse_Thymus4,32_95,5,13386.0,17300.0
Mouse_Thymus4,37_56,4,13886.0,13400.0
Mouse_Thymus4,57_9,2,15886.0,8700.0
Mouse_Thymus4,56_38,5,15786.0,11600.0
Mouse_Thymus4,42_79,2,14386.0,15700.0
Mouse_Thymus4,43_21,2,14486.0,9900.0
Mouse_Thymus4,58_9,2,15986.0,8700.0
Mouse_Thymus4,42_41,5,14386.0,11900.0
Mouse_Thymus4,25_65,2,12686.0,14300.0
Mouse_Thymus4,9_32,5,11086.0,11000.0
Mouse_Thymus4,34_95,1,13586.0,17300.0
Mouse_Thymus4,40_80,1,14186.0,15800.0
Mouse_Thymus4,24_54,4,12586.0,13200.0
Mouse_Thymus4,51_20,5,15286.0,9800.0
Mouse_Thymus4,34_93,1,13586.0,17100.0
Mouse_Thymus4,52_6,4,15386.0,8400.0
Mouse_Thymus4,25_55,2,12686.0,13300.0
Mouse_Thymus4,59_112,4,16086.0,19000.0
Mouse_Thymus4,35_68,1,13686.0,14600.0
Mouse_Thymus4,14_45,1,11586.0,12300.0
Mouse_Thymus4,11_63,5,11286.0,14100.0
Mouse_Thymus4,23_73,2,12486.0,15100.0
Mouse_Thymus4,37_58,1,13886.0,13600.0
Mouse_Thymus4,46_75,5,14786.0,15300.0
Mouse_Thymus4,36_43,2,13786.0,12100.0
Mouse_Thymus4,13_45,5,11486.0,12300.0
Mouse_Thymus4,38_16,5,13986.0,9400.0
Mouse_Thymus4,68_1,5,16986.0,7900.0
Mouse_Thymus4,41_44,1,14286.0,12200.0
Mouse_Thymus4,29_80,1,13086.0,15800.0
Mouse_Thymus4,43_98,5,14486.0,17600.0
Mouse_Thymus4,51_13,5,15286.0,9100.0
Mouse_Thymus4,32_49,2,13386.0,12700.0
Mouse_Thymus4,42_61,5,14386.0,13900.0
Mouse_Thymus4,39_46,5,14086.0,12400.0
Mouse_Thymus4,66_7,5,16786.0,8500.0
Mouse_Thymus4,34_60,4,13586.0,13800.0
Mouse_Thymus4,41_63,4,14286.0,14100.0
Mouse_Thymus4,46_109,5,14786.0,18700.0
Mouse_Thymus4,33_18,5,13486.0,9600.0
Mouse_Thymus4,56_110,5,15786.0,18800.0
Mouse_Thymus4,57_6,2,15886.0,8400.0
Mouse_Thymus4,56_98,1,15786.0,17600.0
Mouse_Thymus4,19_55,5,12086.0,13300.0
Mouse_Thymus4,25_44,2,12686.0,12200.0
Mouse_Thymus4,48_90,2,14986.0,16800.0
Mouse_Thymus4,58_31,5,15986.0,10900.0
Mouse_Thymus4,40_53,2,14186.0,13100.0
Mouse_Thymus4,41_18,2,14286.0,9600.0
Mouse_Thymus4,34_76,5,13586.0,15400.0
Mouse_Thymus4,61_93,5,16286.0,17100.0
Mouse_Thymus4,17_50,5,11886.0,12800.0
Mouse_Thymus4,28_63,2,12986.0,14100.0
Mouse_Thymus4,38_69,2,13986.0,14700.0
Mouse_Thymus4,34_50,2,13586.0,12800.0
Mouse_Thymus4,36_95,1,13786.0,17300.0
Mouse_Thymus4,33_36,5,13486.0,11400.0
Mouse_Thymus4,3_60,5,10486.0,13800.0
Mouse_Thymus4,35_39,5,13686.0,11700.0
Mouse_Thymus4,13_65,5,11486.0,14300.0
Mouse_Thymus4,58_18,5,15986.0,9600.0
Mouse_Thymus4,46_22,5,14786.0,10000.0
Mouse_Thymus4,44_22,4,14586.0,10000.0
Mouse_Thymus4,64_1,4,16586.0,7900.0
Mouse_Thymus4,59_102,5,16086.0,18000.0
Mouse_Thymus4,60_88,5,16186.0,16600.0
Mouse_Thymus4,59_87,5,16086.0,16500.0
Mouse_Thymus4,46_106,5,14786.0,18400.0
Mouse_Thymus4,44_100,5,14586.0,17800.0
Mouse_Thymus4,49_9,4,15086.0,8700.0
Mouse_Thymus4,46_36,5,14786.0,11400.0
Mouse_Thymus4,57_33,5,15886.0,11100.0
Mouse_Thymus4,53_99,2,15486.0,17700.0
Mouse_Thymus4,3_55,5,10486.0,13300.0
Mouse_Thymus4,42_48,2,14386.0,12600.0
Mouse_Thymus4,13_50,5,11486.0,12800.0
Mouse_Thymus4,34_38,5,13586.0,11600.0
Mouse_Thymus4,46_98,5,14786.0,17600.0
Mouse_Thymus4,51_76,5,15286.0,15400.0
Mouse_Thymus4,39_50,2,14086.0,12800.0
Mouse_Thymus4,26_54,2,12786.0,13200.0
Mouse_Thymus4,44_47,2,14586.0,12500.0
Mouse_Thymus4,50_44,4,15186.0,12200.0
Mouse_Thymus4,60_9,2,16186.0,8700.0
Mouse_Thymus4,24_31,2,12586.0,10900.0
Mouse_Thymus4,36_48,1,13786.0,12600.0
Mouse_Thymus4,22_59,4,12386.0,13700.0
Mouse_Thymus4,60_32,4,16186.0,11000.0
Mouse_Thymus4,43_105,5,14486.0,18300.0
Mouse_Thymus4,11_56,7,11286.0,13400.0
Mouse_Thymus4,28_81,1,12986.0,15900.0
Mouse_Thymus4,42_57,4,14386.0,13500.0
Mouse_Thymus4,52_27,5,15386.0,10500.0
Mouse_Thymus4,22_42,2,12386.0,12000.0
Mouse_Thymus4,65_9,5,16686.0,8700.0
Mouse_Thymus4,17_76,5,11886.0,15400.0
Mouse_Thymus4,49_18,5,15086.0,9600.0
Mouse_Thymus4,50_113,1,15186.0,19100.0
Mouse_Thymus4,44_56,7,14586.0,13400.0
Mouse_Thymus4,26_81,5,12786.0,15900.0
Mouse_Thymus4,16_37,5,11786.0,11500.0
Mouse_Thymus4,41_62,5,14286.0,14000.0
Mouse_Thymus4,17_40,2,11886.0,11800.0
Mouse_Thymus4,50_73,7,15186.0,15100.0
Mouse_Thymus4,12_56,4,11386.0,13400.0
Mouse_Thymus4,43_41,5,14486.0,11900.0
Mouse_Thymus4,52_23,4,15386.0,10100.0
Mouse_Thymus4,30_38,5,13186.0,11600.0
Mouse_Thymus4,48_11,2,14986.0,8900.0
Mouse_Thymus4,52_8,4,15386.0,8600.0
Mouse_Thymus4,25_89,5,12686.0,16700.0
Mouse_Thymus4,16_62,4,11786.0,14000.0
Mouse_Thymus4,29_71,2,13086.0,14900.0
Mouse_Thymus4,16_66,4,11786.0,14400.0
Mouse_Thymus4,49_84,2,15086.0,16200.0
Mouse_Thymus4,19_65,2,12086.0,14300.0
Mouse_Thymus4,25_85,5,12686.0,16300.0
Mouse_Thymus4,45_79,2,14686.0,15700.0
Mouse_Thymus4,47_74,5,14886.0,15200.0
Mouse_Thymus4,47_113,1,14886.0,19100.0
Mouse_Thymus4,38_38,4,13986.0,11600.0
Mouse_Thymus4,12_37,5,11386.0,11500.0
Mouse_Thymus4,22_43,2,12386.0,12100.0
Mouse_Thymus4,40_97,5,14186.0,17500.0
Mouse_Thymus4,45_84,2,14686.0,16200.0
Mouse_Thymus4,5_45,4,10686.0,12300.0
Mouse_Thymus4,31_22,5,13286.0,10000.0
Mouse_Thymus4,58_104,5,15986.0,18200.0
Mouse_Thymus4,41_99,1,14286.0,17700.0
Mouse_Thymus4,61_104,5,16286.0,18200.0
Mouse_Thymus4,29_23,5,13086.0,10100.0
Mouse_Thymus4,17_31,5,11886.0,10900.0
Mouse_Thymus4,26_73,4,12786.0,15100.0
Mouse_Thymus4,53_81,1,15486.0,15900.0
Mouse_Thymus4,30_50,2,13186.0,12800.0
Mouse_Thymus4,43_94,5,14486.0,17200.0
Mouse_Thymus4,59_3,5,16086.0,8100.0
Mouse_Thymus4,25_58,2,12686.0,13600.0
Mouse_Thymus4,16_56,5,11786.0,13400.0
Mouse_Thymus4,38_78,4,13986.0,15600.0
Mouse_Thymus4,8_45,5,10986.0,12300.0
Mouse_Thymus4,38_91,1,13986.0,16900.0
Mouse_Thymus4,59_92,4,16086.0,17000.0
Mouse_Thymus4,40_68,2,14186.0,14600.0
Mouse_Thymus4,62_30,5,16386.0,10800.0
Mouse_Thymus4,39_62,1,14086.0,14000.0
Mouse_Thymus4,12_50,1,11386.0,12800.0
Mouse_Thymus4,46_76,1,14786.0,15400.0
Mouse_Thymus4,21_58,1,12286.0,13600.0
Mouse_Thymus4,52_101,2,15386.0,17900.0
Mouse_Thymus4,59_88,1,16086.0,16600.0
Mouse_Thymus4,11_57,5,11286.0,13500.0
Mouse_Thymus4,11_58,4,11286.0,13600.0
Mouse_Thymus4,57_88,5,15886.0,16600.0
Mouse_Thymus4,54_116,1,15586.0,19400.0
Mouse_Thymus4,57_90,5,15886.0,16800.0
Mouse_Thymus4,63_4,5,16486.0,8200.0
Mouse_Thymus4,50_25,5,15186.0,10300.0
Mouse_Thymus4,34_85,2,13586.0,16300.0
Mouse_Thymus4,23_69,2,12486.0,14700.0
Mouse_Thymus4,50_42,4,15186.0,12000.0
Mouse_Thymus4,24_47,2,12586.0,12500.0
Mouse_Thymus4,52_117,5,15386.0,19500.0
Mouse_Thymus4,48_26,4,14986.0,10400.0
Mouse_Thymus4,51_110,2,15286.0,18800.0
Mouse_Thymus4,29_77,2,13086.0,15500.0
Mouse_Thymus4,46_21,2,14786.0,9900.0
Mouse_Thymus4,48_114,4,14986.0,19200.0
Mouse_Thymus4,62_3,4,16386.0,8100.0
Mouse_Thymus4,3_58,5,10486.0,13600.0
Mouse_Thymus4,43_31,5,14486.0,10900.0
Mouse_Thymus4,25_73,5,12686.0,15100.0
Mouse_Thymus4,25_69,2,12686.0,14700.0
Mouse_Thymus4,49_83,2,15086.0,16100.0
Mouse_Thymus4,25_51,2,12686.0,12900.0
Mouse_Thymus4,28_32,2,12986.0,11000.0
Mouse_Thymus4,36_38,5,13786.0,11600.0
Mouse_Thymus4,30_83,2,13186.0,16100.0
Mouse_Thymus4,68_7,5,16986.0,8500.0
Mouse_Thymus4,48_107,5,14986.0,18500.0
Mouse_Thymus4,54_111,2,15586.0,18900.0
Mouse_Thymus4,27_29,2,12886.0,10700.0
Mouse_Thymus4,50_18,4,15186.0,9600.0
Mouse_Thymus4,41_79,2,14286.0,15700.0
Mouse_Thymus4,55_4,5,15686.0,8200.0
Mouse_Thymus4,24_46,2,12586.0,12400.0
Mouse_Thymus4,30_81,2,13186.0,15900.0
Mouse_Thymus4,50_116,5,15186.0,19400.0
Mouse_Thymus4,58_111,5,15986.0,18900.0
Mouse_Thymus4,54_19,5,15586.0,9700.0
Mouse_Thymus4,28_22,5,12986.0,10000.0
Mouse_Thymus4,31_68,2,13286.0,14600.0
Mouse_Thymus4,47_94,2,14886.0,17200.0
Mouse_Thymus4,53_7,4,15486.0,8500.0
Mouse_Thymus4,64_22,4,16586.0,10000.0
Mouse_Thymus4,57_18,5,15886.0,9600.0
Mouse_Thymus4,37_43,4,13886.0,12100.0
Mouse_Thymus4,32_33,4,13386.0,11100.0
Mouse_Thymus4,58_19,5,15986.0,9700.0
Mouse_Thymus4,35_85,1,13686.0,16300.0
Mouse_Thymus4,53_112,2,15486.0,19000.0
Mouse_Thymus4,32_97,7,13386.0,17500.0
Mouse_Thymus4,31_42,1,13286.0,12000.0
Mouse_Thymus4,31_19,5,13286.0,9700.0
Mouse_Thymus4,30_78,2,13186.0,15600.0
Mouse_Thymus4,15_43,2,11686.0,12100.0
Mouse_Thymus4,29_38,5,13086.0,11600.0
Mouse_Thymus4,32_26,1,13386.0,10400.0
Mouse_Thymus4,19_67,1,12086.0,14500.0
Mouse_Thymus4,18_80,4,11986.0,15800.0
Mouse_Thymus4,41_46,4,14286.0,12400.0
Mouse_Thymus4,57_104,1,15886.0,18200.0
Mouse_Thymus4,13_63,1,11486.0,14100.0
Mouse_Thymus4,59_97,5,16086.0,17500.0
Mouse_Thymus4,28_52,2,12986.0,13000.0
Mouse_Thymus4,31_56,2,13286.0,13400.0
Mouse_Thymus4,52_41,5,15386.0,11900.0
Mouse_Thymus4,43_79,2,14486.0,15700.0
Mouse_Thymus4,16_57,1,11786.0,13500.0
Mouse_Thymus4,36_42,5,13786.0,12000.0
Mouse_Thymus4,67_7,5,16886.0,8500.0
Mouse_Thymus4,43_51,2,14486.0,12900.0
Mouse_Thymus4,32_67,2,13386.0,14500.0
Mouse_Thymus4,58_24,5,15986.0,10200.0
Mouse_Thymus4,59_85,7,16086.0,16300.0
Mouse_Thymus4,38_97,5,13986.0,17500.0
Mouse_Thymus4,49_38,4,15086.0,11600.0
Mouse_Thymus4,60_23,5,16186.0,10100.0
Mouse_Thymus4,42_74,2,14386.0,15200.0
Mouse_Thymus4,61_31,5,16286.0,10900.0
Mouse_Thymus4,4_47,5,10586.0,12500.0
Mouse_Thymus4,62_0,7,16386.0,7800.0
Mouse_Thymus4,25_36,2,12686.0,11400.0
Mouse_Thymus4,24_81,5,12586.0,15900.0
Mouse_Thymus4,28_70,2,12986.0,14800.0
Mouse_Thymus4,17_73,4,11886.0,15100.0
Mouse_Thymus4,54_79,5,15586.0,15700.0
Mouse_Thymus4,53_24,5,15486.0,10200.0
Mouse_Thymus4,32_94,5,13386.0,17200.0
Mouse_Thymus4,32_96,5,13386.0,17400.0
Mouse_Thymus4,35_54,1,13686.0,13200.0
Mouse_Thymus4,29_53,2,13086.0,13100.0
Mouse_Thymus4,50_89,2,15186.0,16700.0
Mouse_Thymus4,43_102,5,14486.0,18000.0
Mouse_Thymus4,21_81,1,12286.0,15900.0
Mouse_Thymus4,46_100,5,14786.0,17800.0
Mouse_Thymus4,47_96,2,14886.0,17400.0
Mouse_Thymus4,34_86,5,13586.0,16400.0
Mouse_Thymus4,29_61,2,13086.0,13900.0
Mouse_Thymus4,46_28,5,14786.0,10600.0
Mouse_Thymus4,40_29,4,14186.0,10700.0
Mouse_Thymus4,26_23,4,12786.0,10100.0
Mouse_Thymus4,54_12,5,15586.0,9000.0
Mouse_Thymus4,48_47,2,14986.0,12500.0
Mouse_Thymus4,35_24,2,13686.0,10200.0
Mouse_Thymus4,48_32,4,14986.0,11000.0
Mouse_Thymus4,17_30,1,11886.0,10800.0
Mouse_Thymus4,34_46,4,13586.0,12400.0
Mouse_Thymus4,36_49,4,13786.0,12700.0
Mouse_Thymus4,38_47,1,13986.0,12500.0
Mouse_Thymus4,60_34,5,16186.0,11200.0
Mouse_Thymus4,38_73,1,13986.0,15100.0
Mouse_Thymus4,57_83,5,15886.0,16100.0
Mouse_Thymus4,40_51,2,14186.0,12900.0
Mouse_Thymus4,27_27,1,12886.0,10500.0
Mouse_Thymus4,43_90,7,14486.0,16800.0
Mouse_Thymus4,38_92,1,13986.0,17000.0
Mouse_Thymus4,34_39,4,13586.0,11700.0
Mouse_Thymus4,52_30,5,15386.0,10800.0
Mouse_Thymus4,40_75,1,14186.0,15300.0
Mouse_Thymus4,17_57,5,11886.0,13500.0
Mouse_Thymus4,23_68,2,12486.0,14600.0
Mouse_Thymus4,63_33,1,16486.0,11100.0
Mouse_Thymus4,53_23,4,15486.0,10100.0
Mouse_Thymus4,18_50,1,11986.0,12800.0
Mouse_Thymus4,39_51,1,14086.0,12900.0
Mouse_Thymus4,33_86,2,13486.0,16400.0
Mouse_Thymus4,41_71,1,14286.0,14900.0
Mouse_Thymus4,20_81,5,12186.0,15900.0
Mouse_Thymus4,20_51,1,12186.0,12900.0
Mouse_Thymus4,53_85,1,15486.0,16300.0
Mouse_Thymus4,19_82,5,12086.0,16000.0
Mouse_Thymus4,59_24,5,16086.0,10200.0
Mouse_Thymus4,37_66,2,13886.0,14400.0
Mouse_Thymus4,47_86,2,14886.0,16400.0
Mouse_Thymus4,28_51,2,12986.0,12900.0
Mouse_Thymus4,28_75,5,12986.0,15300.0
Mouse_Thymus4,51_79,5,15286.0,15700.0
Mouse_Thymus4,42_75,2,14386.0,15300.0
Mouse_Thymus4,47_34,5,14886.0,11200.0
Mouse_Thymus4,41_38,5,14286.0,11600.0
Mouse_Thymus4,62_13,5,16386.0,9100.0
Mouse_Thymus4,26_46,2,12786.0,12400.0
Mouse_Thymus4,55_11,5,15686.0,8900.0
Mouse_Thymus4,41_23,2,14286.0,10100.0
Mouse_Thymus4,31_90,1,13286.0,16800.0
Mouse_Thymus4,45_74,5,14686.0,15200.0
Mouse_Thymus4,54_106,2,15586.0,18400.0
Mouse_Thymus4,22_28,4,12386.0,10600.0
Mouse_Thymus4,11_39,4,11286.0,11700.0
Mouse_Thymus4,37_92,5,13886.0,17000.0
Mouse_Thymus4,19_77,5,12086.0,15500.0
Mouse_Thymus4,22_68,1,12386.0,14600.0
Mouse_Thymus4,48_81,2,14986.0,15900.0
Mouse_Thymus4,25_66,2,12686.0,14400.0
Mouse_Thymus4,26_31,2,12786.0,10900.0
Mouse_Thymus4,33_22,1,13486.0,10000.0
Mouse_Thymus4,51_14,5,15286.0,9200.0
Mouse_Thymus4,46_50,2,14786.0,12800.0
Mouse_Thymus4,44_85,2,14586.0,16300.0
Mouse_Thymus4,32_78,1,13386.0,15600.0
Mouse_Thymus4,43_80,2,14486.0,15800.0
Mouse_Thymus4,55_111,5,15686.0,18900.0
Mouse_Thymus4,67_6,5,16886.0,8400.0
Mouse_Thymus4,52_16,5,15386.0,9400.0
Mouse_Thymus4,52_96,2,15386.0,17400.0
Mouse_Thymus4,61_14,5,16286.0,9200.0
Mouse_Thymus4,24_70,2,12586.0,14800.0
Mouse_Thymus4,16_48,1,11786.0,12600.0
Mouse_Thymus4,23_40,2,12486.0,11800.0
Mouse_Thymus4,29_32,2,13086.0,11000.0
Mouse_Thymus4,16_55,5,11786.0,13300.0
Mouse_Thymus4,28_42,5,12986.0,12000.0
Mouse_Thymus4,57_19,5,15886.0,9700.0
Mouse_Thymus4,42_21,2,14386.0,9900.0
Mouse_Thymus4,50_95,2,15186.0,17300.0
Mouse_Thymus4,34_66,1,13586.0,14400.0
Mouse_Thymus4,38_86,1,13986.0,16400.0
Mouse_Thymus4,58_35,5,15986.0,11300.0
Mouse_Thymus4,46_83,2,14786.0,16100.0
Mouse_Thymus4,13_44,5,11486.0,12200.0
Mouse_Thymus4,60_102,5,16186.0,18000.0
Mouse_Thymus4,56_18,4,15786.0,9600.0
Mouse_Thymus4,35_28,1,13686.0,10600.0
Mouse_Thymus4,34_67,1,13586.0,14500.0
Mouse_Thymus4,11_60,5,11286.0,13800.0
Mouse_Thymus4,17_53,5,11886.0,13100.0
Mouse_Thymus4,45_80,2,14686.0,15800.0
Mouse_Thymus4,14_38,5,11586.0,11600.0
Mouse_Thymus4,57_100,5,15886.0,17800.0
Mouse_Thymus4,45_18,2,14686.0,9600.0
Mouse_Thymus4,56_20,5,15786.0,9800.0
Mouse_Thymus4,46_5,7,14786.0,8300.0
Mouse_Thymus4,21_79,5,12286.0,15700.0
Mouse_Thymus4,56_14,5,15786.0,9200.0
Mouse_Thymus4,46_108,5,14786.0,18600.0
Mouse_Thymus4,8_41,1,10986.0,11900.0
Mouse_Thymus4,37_24,2,13886.0,10200.0
Mouse_Thymus4,14_43,1,11586.0,12100.0
Mouse_Thymus4,49_81,1,15086.0,15900.0
Mouse_Thymus4,9_62,4,11086.0,14000.0
Mouse_Thymus4,25_79,5,12686.0,15700.0
Mouse_Thymus4,12_66,5,11386.0,14400.0
Mouse_Thymus4,53_37,5,15486.0,11500.0
Mouse_Thymus4,18_69,4,11986.0,14700.0
Mouse_Thymus4,43_66,5,14486.0,14400.0
Mouse_Thymus4,49_116,7,15086.0,19400.0
Mouse_Thymus4,35_92,1,13686.0,17000.0
Mouse_Thymus4,52_80,5,15386.0,15800.0
Mouse_Thymus4,36_88,1,13786.0,16600.0
Mouse_Thymus4,48_41,4,14986.0,11900.0
Mouse_Thymus4,35_72,1,13686.0,15000.0
Mouse_Thymus4,37_60,1,13886.0,13800.0
Mouse_Thymus4,35_27,2,13686.0,10500.0
Mouse_Thymus4,17_38,2,11886.0,11600.0
Mouse_Thymus4,51_23,5,15286.0,10100.0
Mouse_Thymus4,27_80,5,12886.0,15800.0
Mouse_Thymus4,58_33,5,15986.0,11100.0
Mouse_Thymus4,19_45,2,12086.0,12300.0
Mouse_Thymus4,16_30,4,11786.0,10800.0
Mouse_Thymus4,37_90,1,13886.0,16800.0
Mouse_Thymus4,34_59,1,13586.0,13700.0
Mouse_Thymus4,47_101,5,14886.0,17900.0
Mouse_Thymus4,34_42,4,13586.0,12000.0
Mouse_Thymus4,44_28,5,14586.0,10600.0
Mouse_Thymus4,38_68,2,13986.0,14600.0
Mouse_Thymus4,20_29,5,12186.0,10700.0
Mouse_Thymus4,23_61,1,12486.0,13900.0
Mouse_Thymus4,4_57,5,10586.0,13500.0
Mouse_Thymus4,40_28,2,14186.0,10600.0
Mouse_Thymus4,36_65,2,13786.0,14300.0
Mouse_Thymus4,53_18,5,15486.0,9600.0
Mouse_Thymus4,32_31,5,13386.0,10900.0
Mouse_Thymus4,7_36,4,10886.0,11400.0
Mouse_Thymus4,63_11,4,16486.0,8900.0
Mouse_Thymus4,48_12,2,14986.0,9000.0
Mouse_Thymus4,60_7,1,16186.0,8500.0
Mouse_Thymus4,14_36,5,11586.0,11400.0
Mouse_Thymus4,53_30,5,15486.0,10800.0
Mouse_Thymus4,66_8,5,16786.0,8600.0
Mouse_Thymus4,57_108,5,15886.0,18600.0
Mouse_Thymus4,32_61,1,13386.0,13900.0
Mouse_Thymus4,37_34,2,13886.0,11200.0
Mouse_Thymus4,8_39,5,10986.0,11700.0
Mouse_Thymus4,19_56,4,12086.0,13400.0
Mouse_Thymus4,46_101,1,14786.0,17900.0
Mouse_Thymus4,8_57,5,10986.0,13500.0
Mouse_Thymus4,36_89,1,13786.0,16700.0
Mouse_Thymus4,40_89,5,14186.0,16700.0
Mouse_Thymus4,40_81,1,14186.0,15900.0
Mouse_Thymus4,28_36,1,12986.0,11400.0
Mouse_Thymus4,36_22,2,13786.0,10000.0
Mouse_Thymus4,41_70,1,14286.0,14800.0
Mouse_Thymus4,72_3,7,17386.0,8100.0
Mouse_Thymus4,57_32,5,15886.0,11000.0
Mouse_Thymus4,14_31,5,11586.0,10900.0
Mouse_Thymus4,47_45,1,14886.0,12300.0
Mouse_Thymus4,31_31,4,13286.0,10900.0
Mouse_Thymus4,47_41,4,14886.0,11900.0
Mouse_Thymus4,52_20,5,15386.0,9800.0
Mouse_Thymus4,45_7,4,14686.0,8500.0
Mouse_Thymus4,43_13,1,14486.0,9100.0
Mouse_Thymus4,59_113,5,16086.0,19100.0
Mouse_Thymus4,52_82,2,15386.0,16000.0
Mouse_Thymus4,30_23,5,13186.0,10100.0
Mouse_Thymus4,42_88,4,14386.0,16600.0
Mouse_Thymus4,36_31,2,13786.0,10900.0
