section,obs_name,cluster,x,y,RegionLoupe,annotations,celltype,Y.l1,Y
s1,AAACAAGTATCTCCCA-1,2,50.0,102.0,CP,CP_lesioned,CP_lesioned,2,4
s1,AAACATTTCCCGGATT-1,5,61.0,97.0,CTX,CTX,CTX,3,5
s1,AAACCCGAACGAAATC-1,4,45.0,115.0,CTX,CTX,CTX,3,5
s1,AAACCGGAAATGTTAA-1,4,54.0,124.0,CTX,CTX,CTX,3,5
s1,AAACCGGGTAGGTACC-1,5,42.0,28.0,CTX,CTX,CTX,3,5
s1,AAACCGTTCGTCCAGG-1,0,52.0,42.0,CTX,CTX,CTX,3,5
s1,AAACCTAAGCAGCCGG-1,4,65.0,83.0,CTX,CTX,CTX,3,5
s1,AAACCTCATGAAGTTG-1,4,37.0,19.0,CTX,CTX,CTX,3,5
s1,AAACGAGACGGTTGAT-1,0,35.0,79.0,LSX,LSX,LSX,4,6
s1,AAACGGGCGTACGGGT-1,4,65.0,91.0,CTX,CTX,CTX,3,5
s1,AAACTGCTGGCTCCAA-1,3,45.0,67.0,VL,VL,VL,7,9
s1,AAAGACTGGGCGCTTT-1,5,29.0,15.0,CTX,CTX,CTX,3,5
s1,AAAGGCTCTCGCGCCG-1,5,55.0,55.0,CTX,CTX,CTX,3,5
s1,AAAGGGATGTAGCAAG-1,1,24.0,62.0,ACB,ACB_intact,ACB_intact,1,1
s1,AAAGGGCAGCTTGAAT-1,2,24.0,26.0,CP,CP_intact,CP_intact,2,3
s1,AAAGTCGACCCTCAGT-1,4,37.0,15.0,CTX,CTX,CTX,3,5
s1,AAAGTGTGATTTATCT-1,2,44.0,94.0,CP,CP_lesioned,CP_lesioned,2,4
s1,AAAGTTGACTCCCGTA-1,2,42.0,96.0,CP,CP_lesioned,CP_lesioned,2,4
s1,AAATACCTATAAGCAT-1,3,47.0,69.0,VL,VL,VL,7,9
s1,AAATAGCTTAGACTTT-1,1,36.0,106.0,ACB,ACB_lesioned,ACB_lesioned,1,2
s1,AAATAGGGTGCTATTG-1,2,53.0,79.0,CP,CP_lesioned,CP_lesioned,2,4
s1,AAATCCGATACACGCC-1,4,65.0,87.0,CTX,CTX,CTX,3,5
s1,AAATCGTGTACCACAA-1,3,44.0,56.0,cc,cc,cc,9,11
s1,AAATCTAGCCCTGCTA-1,2,53.0,101.0,CP,CP_lesioned,CP_lesioned,2,4
s1,AAATGCTCGTTACGTT-1,2,16.0,24.0,CP,CP_intact,CP_intact,2,3
s1,AAATGGTCAATGTGCC-1,0,33.0,51.0,VL,VL,VL,7,9
s1,AAATTAACGGGTAGCT-1,0,34.0,58.0,LSX,LSX,LSX,4,6
s1,AAATTAATAAGCGCGA-1,4,32.0,4.0,CTX,CTX,CTX,3,5
s1,AAATTACCTATCGATG-1,1,26.0,94.0,ACB,ACB_lesioned,ACB_lesioned,1,2
s1,AAATTTGCGGGTGTGG-1,4,47.0,33.0,CTX,CTX,CTX,3,5
s1,AACAACTGGTAGTTGC-1,2,28.0,42.0,CP,CP_intact,CP_intact,2,3
s1,AACAATTACTCTACGC-1,2,29.0,25.0,CP,CP_intact,CP_intact,2,3
s1,AACACACGCTCGCCGC-1,2,51.0,93.0,CP,CP_lesioned,CP_lesioned,2,4
s1,AACACGAGACGCGGCC-1,4,45.0,21.0,CTX,CTX,CTX,3,5
s1,AACAGGAAATCGAATA-1,1,15.0,67.0,ACB,ACB_intact,ACB_intact,1,1
s1,AACAGGATGGGCCGCG-1,2,29.0,31.0,CP,CP_intact,CP_intact,2,3
s1,AACAGGTAGTATGGAT-1,4,49.0,113.0,CTX,CTX,CTX,3,5
s1,AACATATCAACTGGTG-1,1,27.0,99.0,OT,OT,OT,6,8
s1,AACCAAGACTTCTCTG-1,5,36.0,24.0,CTX,CTX,CTX,3,5
s1,AACCATGGGATCGCTA-1,2,14.0,30.0,CP,CP_intact,CP_intact,2,3
s1,AACCCAGAGACGGAGA-1,2,15.0,39.0,CP,CP_intact,CP_intact,2,3
s1,AACCCGAGCAGAATCG-1,5,57.0,113.0,CTX,CTX,CTX,3,5
s1,AACCCTACTGTCAATA-1,2,40.0,96.0,CP,CP_lesioned,CP_lesioned,2,4
s1,AACCGAGCTTGGTCAT-1,0,24.0,70.0,LSX,LSX,LSX,4,6
s1,AACCGCTAAGGGATGC-1,2,46.0,92.0,CP,CP_lesioned,CP_lesioned,2,4
s1,AACCTCGCTTTAGCCC-1,5,62.0,82.0,CTX,CTX,CTX,3,5
s1,AACCTTTAAATACGGT-1,3,54.0,68.0,cc,cc,cc,9,11
s1,AACGATAATGCCGTAG-1,3,53.0,73.0,cc,cc,cc,9,11
s1,AACGATAGAAGGGCCG-1,1,15.0,53.0,ACB,ACB_intact,ACB_intact,1,1
s1,AACGATATGTCAACTG-1,0,24.0,76.0,MSC,MSC,MSC,5,7
s1,AACGCGGTCTCCAGCC-1,1,23.0,65.0,ACB,ACB_intact,ACB_intact,1,1
s1,AACGCTGTTGCTGAAA-1,2,54.0,94.0,CP,CP_lesioned,CP_lesioned,2,4
s1,AACGGACGTACGTATA-1,2,50.0,92.0,CP,CP_lesioned,CP_lesioned,2,4
s1,AACGGCCATCTCCGGT-1,4,47.0,39.0,CTX,CTX,CTX,3,5
s1,AACGTACTGTGGGTAC-1,4,48.0,42.0,CTX,CTX,CTX,3,5
s1,AACGTCAGACTAGTGG-1,2,24.0,40.0,CP,CP_intact,CP_intact,2,3
s1,AACGTGCGAAAGTCTC-1,0,36.0,74.0,LSX,LSX,LSX,4,6
s1,AACGTTATCAGCACCT-1,5,22.0,10.0,cc,cc,cc,9,11
s1,AACTACCCGTTTGTCA-1,5,47.0,113.0,CTX,CTX,CTX,3,5
s1,AACTAGGCTTGGGTGT-1,5,55.0,61.0,CTX,CTX,CTX,3,5
s1,AACTCAAGTTAATTGC-1,3,38.0,44.0,VL,VL,VL,7,9
s1,AACTCCAGAGCGTGTT-1,5,60.0,92.0,CTX,CTX,CTX,3,5
s1,AACTCTCAATAGAGCG-1,1,35.0,93.0,ACB,ACB_lesioned,ACB_lesioned,1,2
s1,AACTCTCAGTGTGCTC-1,0,53.0,41.0,CTX,CTX,CTX,3,5
s1,AACTGATATTAGGCCT-1,1,16.0,66.0,ACB,ACB_intact,ACB_intact,1,1
s1,AACTGGGTCCCGACGT-1,1,20.0,66.0,ACB,ACB_intact,ACB_intact,1,1
s1,AACTTCTGCGTCTATC-1,2,18.0,18.0,CP,CP_intact,CP_intact,2,3
s1,AACTTGCCCGTATGCA-1,2,29.0,27.0,CP,CP_intact,CP_intact,2,3
s1,AACTTGCGTTCTCGCG-1,2,14.0,20.0,CP,CP_intact,CP_intact,2,3
s1,AACTTTACGGGAGCTT-1,4,31.0,7.0,CTX,CTX,CTX,3,5
s1,AAGAAGGATCAGTTAG-1,2,13.0,25.0,CP,CP_intact,CP_intact,2,3
s1,AAGACCCAACTGAACA-1,4,60.0,54.0,CTX,CTX,CTX,3,5
s1,AAGACTGCAAGCTACT-1,0,36.0,68.0,LSX,LSX,LSX,4,6
s1,AAGAGATGAATCGGTA-1,2,27.0,27.0,CP,CP_intact,CP_intact,2,3
s1,AAGAGCTCTTTATCGG-1,0,35.0,77.0,LSX,LSX,LSX,4,6
s1,AAGAGGATGTACGCGA-1,5,39.0,29.0,CTX,CTX,CTX,3,5
s1,AAGAGGCATGGATCGC-1,0,36.0,80.0,LSX,LSX,LSX,4,6
s1,AAGAGGCCCTTTGGAA-1,4,59.0,109.0,CTX,CTX,CTX,3,5
s1,AAGATTGGCGGAACGT-1,1,26.0,90.0,ACB,ACB_lesioned,ACB_lesioned,1,2
s1,AAGCACCCTGCGTATC-1,4,59.0,73.0,CTX,CTX,CTX,3,5
s1,AAGCATACTCTCCTGA-1,3,53.0,69.0,cc,cc,cc,9,11
s1,AAGCCGAAGCGGTTTA-1,2,49.0,107.0,CP,CP_lesioned,CP_lesioned,2,4
s1,AAGCTAGATCGAGTAA-1,3,50.0,68.0,cc,cc,cc,9,11
s1,AAGCTCGTGCCAAGTC-1,0,35.0,73.0,LSX,LSX,LSX,4,6
s1,AAGCTCTTTCATGGTG-1,3,57.0,81.0,cc,cc,cc,9,11
s1,AAGGAGCGGTTGGTGC-1,2,28.0,48.0,CP,CP_intact,CP_intact,2,3
s1,AAGGATCGATCGCTTG-1,1,39.0,109.0,CP,CP_lesioned,CP_lesioned,2,4
s1,AAGGATGAGGGACCTC-1,1,27.0,87.0,ACB,ACB_lesioned,ACB_lesioned,1,2
s1,AAGGCAGGCTGTCTCC-1,4,42.0,118.0,CTX,CTX,CTX,3,5
s1,AAGGCGCGTAAAGCTT-1,2,24.0,38.0,CP,CP_intact,CP_intact,2,3
s1,AAGGCTGTGCTCATCG-1,1,30.0,46.0,CP,CP_intact,CP_intact,2,3
s1,AAGGGACAGATTCTGT-1,1,26.0,92.0,ACB,ACB_lesioned,ACB_lesioned,1,2
s1,AAGGTATCCTAATATA-1,0,25.0,81.0,LSX,LSX,LSX,4,6
s1,AAGGTGATAAACCAGC-1,2,44.0,92.0,CP,CP_lesioned,CP_lesioned,2,4
s1,AAGTAGAAGACCGGGT-1,1,19.0,47.0,ACB,ACB_intact,ACB_intact,1,1
s1,AAGTAGTGACGCGAGG-1,2,33.0,31.0,CP,CP_intact,CP_intact,2,3
s1,AAGTCAATTGTCGTCA-1,2,45.0,101.0,CP,CP_lesioned,CP_lesioned,2,4
s1,AAGTGACGACCGAATT-1,4,41.0,25.0,CTX,CTX,CTX,3,5
s1,AAGTGCAAAGGTAGAC-1,5,28.0,10.0,CTX,CTX,CTX,3,5
s1,AAGTGCCTTGACTGTA-1,2,44.0,104.0,CP,CP_lesioned,CP_lesioned,2,4
s1,AAGTGCGTTAGAATCT-1,4,49.0,27.0,CTX,CTX,CTX,3,5
s1,AAGTGTTTGGAGACGG-1,2,52.0,80.0,CP,CP_lesioned,CP_lesioned,2,4
s1,AAGTTCACTCCAAGCT-1,3,57.0,85.0,cc,cc,cc,9,11
s1,AAGTTCGGCCAACAGG-1,4,46.0,34.0,CTX,CTX,CTX,3,5
s1,AAGTTGTGATGTTATA-1,4,66.0,106.0,CTX,CTX,CTX,3,5
s1,AATAACAACGCTCGGC-1,3,36.0,30.0,cc,cc,cc,9,11
s1,AATAACACTAGAACAA-1,4,52.0,38.0,CTX,CTX,CTX,3,5
s1,AATAATCTTCGTATCG-1,4,52.0,122.0,CTX,CTX,CTX,3,5
s1,AATACAATGTTTCAGG-1,2,23.0,19.0,CP,CP_intact,CP_intact,2,3
s1,AATAGAACAGAGTGGC-1,4,52.0,46.0,CTX,CTX,CTX,3,5
s1,AATAGAATCTGTTTCA-1,2,48.0,86.0,CP,CP_lesioned,CP_lesioned,2,4
s1,AATAGTCCGTCCCGAC-1,5,57.0,57.0,CTX,CTX,CTX,3,5
s1,AATAGTCGCGAGTCGG-1,5,25.0,7.0,CTX,CTX,CTX,3,5
s1,AATATCGAATCAATGC-1,2,49.0,109.0,CP,CP_lesioned,CP_lesioned,2,4
s1,AATATTGGAGTATTGA-1,5,36.0,22.0,CTX,CTX,CTX,3,5
s1,AATCATGTAAAGACTC-1,2,54.0,98.0,CP,CP_lesioned,CP_lesioned,2,4
s1,AATCCAAGGGCCTGAG-1,2,13.0,47.0,OT,OT,OT,6,8
s1,AATCGCCTCAGCGCCA-1,3,39.0,79.0,VL,VL,VL,7,9
s1,AATCGCGCAGAGGACT-1,4,42.0,114.0,CTX,CTX,CTX,3,5
s1,AATCGTGAGCCGAGCA-1,4,67.0,83.0,CTX,CTX,CTX,3,5
s1,AATCTCTACTGTGGTT-1,4,38.0,10.0,CTX,CTX,CTX,3,5
s1,AATCTGCGTTGGGACG-1,1,32.0,92.0,ACB,ACB_lesioned,ACB_lesioned,1,2
s1,AATGACAGCAATGTCT-1,4,48.0,30.0,CTX,CTX,CTX,3,5
s1,AATGACGTAGGATGTC-1,1,44.0,78.0,CP,CP_lesioned,CP_lesioned,2,4
s1,AATGACTGTCAGCCGG-1,2,23.0,47.0,CP,CP_intact,CP_intact,2,3
s1,AATGAGTTCGCATATG-1,2,15.0,21.0,CP,CP_intact,CP_intact,2,3
s1,AATGCAACCGGGTACC-1,1,25.0,59.0,ACB,ACB_intact,ACB_intact,1,1
s1,AATGGTCCACCGTTCA-1,5,30.0,16.0,CTX,CTX,CTX,3,5
s1,AATGGTTCTCACAAGC-1,2,19.0,35.0,CP,CP_intact,CP_intact,2,3
s1,AATTAAAGGTCGGCGT-1,3,40.0,50.0,cc,cc,cc,9,11
s1,AATTAACGGATTTCCA-1,5,58.0,66.0,CTX,CTX,CTX,3,5
s1,AATTAGCGCTGCAGCG-1,3,51.0,63.0,cc,cc,cc,9,11
s1,AATTCGATTCGAGGAT-1,4,66.0,76.0,CTX,CTX,CTX,3,5
s1,AATTCTAGAGTTAGGC-1,3,49.0,63.0,cc,cc,cc,9,11
s1,AATTGAACGCTCTGGT-1,2,45.0,83.0,CP,CP_lesioned,CP_lesioned,2,4
s1,AATTGCAGCAATCGAC-1,4,64.0,102.0,CTX,CTX,CTX,3,5
s1,ACAAAGCATGACCTAG-1,4,63.0,97.0,CTX,CTX,CTX,3,5
s1,ACAAATCGCACCGAAT-1,2,50.0,82.0,CP,CP_lesioned,CP_lesioned,2,4
s1,ACAAATGGTAGTGTTT-1,2,44.0,84.0,CP,CP_lesioned,CP_lesioned,2,4
s1,ACAACAGCATGAGCTA-1,0,32.0,72.0,LSX,LSX,LSX,4,6
s1,ACAACGGTCCCTGCGA-1,2,22.0,30.0,CP,CP_intact,CP_intact,2,3
s1,ACAAGCAGTGCCTAGC-1,2,30.0,26.0,CP,CP_intact,CP_intact,2,3
s1,ACAAGGAAATCCGCCC-1,2,49.0,75.0,CP,CP_lesioned,CP_lesioned,2,4
s1,ACAAGGACAAGAGGTT-1,2,29.0,37.0,CP,CP_intact,CP_intact,2,3
s1,ACAAGGATGCTTTAGG-1,5,61.0,87.0,CTX,CTX,CTX,3,5
s1,ACAAGGGCAGGCTCTG-1,1,44.0,76.0,VL,VL,VL,7,9
s1,ACAATAGTCGTACGTT-1,4,42.0,20.0,CTX,CTX,CTX,3,5
s1,ACAATCCATTTAAACC-1,3,36.0,32.0,cc,cc,cc,9,11
s1,ACAATTGTGTCTCTTT-1,2,51.0,97.0,CP,CP_lesioned,CP_lesioned,2,4
s1,ACAATTTAGGAGGCTC-1,4,31.0,9.0,CTX,CTX,CTX,3,5
s1,ACAATTTGAGCAGTGG-1,0,28.0,82.0,LSX,LSX,LSX,4,6
s1,ACACAAAGACGGGTGG-1,1,24.0,56.0,VL,VL,VL,7,9
s1,ACACACCAGGACCAGT-1,2,44.0,90.0,CP,CP_lesioned,CP_lesioned,2,4
s1,ACACACTTTCTACACG-1,1,14.0,64.0,ACB,ACB_intact,ACB_intact,1,1
s1,ACACCCAGCATGCAGC-1,2,24.0,50.0,ACB,ACB_intact,ACB_intact,1,1
s1,ACACCCGAGAAATCCG-1,2,19.0,39.0,CP,CP_intact,CP_intact,2,3
s1,ACACCGAGCGCTCTTT-1,4,15.0,5.0,CTX,CTX,CTX,3,5
s1,ACACCTTAAGTAGGGC-1,2,25.0,43.0,CP,CP_intact,CP_intact,2,3
s1,ACACCTTACTACTTGC-1,1,41.0,111.0,CP,CP_lesioned,CP_lesioned,2,4
s1,ACACGAGACTCCTTCT-1,0,31.0,71.0,LSX,LSX,LSX,4,6
s1,ACACGGGAACTTAGGG-1,0,27.0,71.0,MSC,MSC,MSC,5,7
s1,ACACGTAGGCCACAAG-1,4,58.0,110.0,CTX,CTX,CTX,3,5
s1,ACACTCCAATGTCACT-1,2,17.0,17.0,CP,CP_intact,CP_intact,2,3
s1,ACACTGATCAAGGTGT-1,4,52.0,48.0,CTX,CTX,CTX,3,5
s1,ACACTGGGACAGTCGT-1,4,59.0,115.0,CTX,CTX,CTX,3,5
s1,ACAGCGACATTCTCAT-1,5,59.0,99.0,CTX,CTX,CTX,3,5
s1,ACAGGCTTGCCCGACT-1,2,53.0,87.0,CP,CP_lesioned,CP_lesioned,2,4
s1,ACAGGTGGAGGTGAGG-1,4,51.0,39.0,CTX,CTX,CTX,3,5
s1,ACATAATAAGGCGGTG-1,1,21.0,63.0,ACB,ACB_intact,ACB_intact,1,1
s1,ACATCAGCTGGGACGC-1,4,32.0,12.0,CTX,CTX,CTX,3,5
s1,ACATCCCGGCCATACG-1,5,55.0,57.0,CTX,CTX,CTX,3,5
s1,ACATCCTGGTAACTGT-1,2,42.0,102.0,CP,CP_lesioned,CP_lesioned,2,4
s1,ACATCGATCGTTTACC-1,3,42.0,62.0,VL,VL,VL,7,9
s1,ACATCGGTCAGCCGCG-1,5,41.0,37.0,cc,cc,cc,9,11
s1,ACATCGTATGCAATGG-1,2,45.0,81.0,CP,CP_lesioned,CP_lesioned,2,4
s1,ACATGGCGCCAAAGTA-1,2,40.0,104.0,CP,CP_lesioned,CP_lesioned,2,4
s1,ACATTAGTTTATATCC-1,5,51.0,61.0,CTX,CTX,CTX,3,5
s1,ACCAACCGCACTCCAC-1,4,65.0,97.0,CTX,CTX,CTX,3,5
s1,ACCAACGCTTATTTAT-1,4,53.0,49.0,CTX,CTX,CTX,3,5
s1,ACCAAGAACGCGTGTC-1,1,17.0,49.0,ACB,ACB_intact,ACB_intact,1,1
s1,ACCAATATGCAAGTTA-1,3,56.0,78.0,cc,cc,cc,9,11
s1,ACCACAAGTTTCTATC-1,0,30.0,54.0,LSX,LSX,LSX,4,6
s1,ACCACCAATGTAACAA-1,2,41.0,107.0,CP,CP_lesioned,CP_lesioned,2,4
s1,ACCACGTGCAGCTATA-1,1,48.0,76.0,CP,CP_lesioned,CP_lesioned,2,4
s1,ACCAGTGCGGGAGACG-1,2,48.0,94.0,CP,CP_lesioned,CP_lesioned,2,4
s1,ACCATATCCGCAATAA-1,0,38.0,56.0,VL,VL,VL,7,9
s1,ACCATCGTATATGGTA-1,4,42.0,42.0,CTX,CTX,CTX,3,5
s1,ACCATTAAGGGTGTCA-1,4,13.0,5.0,CTX,CTX,CTX,3,5
s1,ACCCAACGCCCGTGGC-1,1,30.0,86.0,ACB,ACB_lesioned,ACB_lesioned,1,2
s1,ACCCACCTACATGCTC-1,2,25.0,25.0,CP,CP_intact,CP_intact,2,3
s1,ACCCATCTTGAGGGTA-1,3,37.0,37.0,cc,cc,cc,9,11
s1,ACCCATTTGTCCCTCT-1,5,60.0,100.0,CTX,CTX,CTX,3,5
s1,ACCCGGAAACTCCCAG-1,5,57.0,65.0,CTX,CTX,CTX,3,5
s1,ACCCGGAGCACCACAA-1,4,59.0,123.0,CTX,CTX,CTX,3,5
s1,ACCCGGATGACGCATC-1,1,38.0,100.0,CP,CP_lesioned,CP_lesioned,2,4
s1,ACCCGGTTACACTTCC-1,4,42.0,48.0,CTX,CTX,CTX,3,5
s1,ACCCGTGTCATCAGTA-1,4,58.0,54.0,CTX,CTX,CTX,3,5
s1,ACCCTATGCCATATCG-1,4,56.0,40.0,CTX,CTX,CTX,3,5
s1,ACCCTCCCTTGCTATT-1,2,48.0,84.0,CP,CP_lesioned,CP_lesioned,2,4
s1,ACCGACACATCTCCCA-1,4,61.0,67.0,CTX,CTX,CTX,3,5
s1,ACCGACTGAGTCCCAC-1,0,28.0,66.0,LSX,LSX,LSX,4,6
s1,ACCGATAGGCATAACC-1,4,60.0,118.0,CTX,CTX,CTX,3,5
s1,ACCGATATTTAATCAT-1,4,54.0,120.0,CTX,CTX,CTX,3,5
s1,ACCGATGGTAGCATCG-1,1,36.0,92.0,ACB,ACB_lesioned,ACB_lesioned,1,2
s1,ACCGCAATAACTGCCT-1,2,51.0,79.0,CP,CP_lesioned,CP_lesioned,2,4
s1,ACCGCGGTGGAAGTCG-1,2,44.0,106.0,CP,CP_lesioned,CP_lesioned,2,4
s1,ACCGGGCCTTTGTTGA-1,2,46.0,98.0,CP,CP_lesioned,CP_lesioned,2,4
s1,ACCTAAGTACCTTTCA-1,4,50.0,30.0,CTX,CTX,CTX,3,5
s1,ACCTAATCGACTTCCT-1,2,32.0,30.0,CP,CP_intact,CP_intact,2,3
s1,ACCTACAGTATGTGGT-1,5,41.0,113.0,CTX,CTX,CTX,3,5
s1,ACCTCCGCCCTCGCTG-1,5,55.0,107.0,CTX,CTX,CTX,3,5
s1,ACGAAATGGGCGGCAC-1,3,32.0,24.0,cc,cc,cc,9,11
s1,ACGATACATAGAACTA-1,0,22.0,80.0,MSC,MSC,MSC,5,7
s1,ACGATACCTATCCTGA-1,4,33.0,1.0,CTX,CTX,CTX,3,5
s1,ACGATCATACATAGAG-1,0,25.0,63.0,LSX,LSX,LSX,4,6
s1,ACGATCATCTTGTAAA-1,1,36.0,102.0,ACB,ACB_lesioned,ACB_lesioned,1,2
s1,ACGATGCATATGTTAT-1,3,37.0,43.0,VL,VL,VL,7,9
s1,ACGCATACGTTTACTA-1,5,56.0,102.0,cc,cc,cc,9,11
s1,ACGCATTCGTGAGTAC-1,0,33.0,61.0,LSX,LSX,LSX,4,6
s1,ACGCCAGATGATTTCT-1,1,17.0,73.0,ACB,ACB_intact,ACB_intact,1,1
s1,ACGCGAAGTCAGACGA-1,5,49.0,59.0,CTX,CTX,CTX,3,5
s1,ACGCGCTACACAGGGT-1,5,41.0,31.0,CTX,CTX,CTX,3,5
s1,ACGCGGGCCAAGGACA-1,0,34.0,62.0,LSX,LSX,LSX,4,6
s1,ACGCGTTTCTTAAGAG-1,4,29.0,5.0,CTX,CTX,CTX,3,5
s1,ACGCTAGTGATACACT-1,1,28.0,100.0,OT,OT,OT,6,8
s1,ACGCTGTGAGGCGTAG-1,4,39.0,13.0,CTX,CTX,CTX,3,5
s1,ACGGAATTTAGCAAAT-1,2,15.0,27.0,CP,CP_intact,CP_intact,2,3
s1,ACGGACTCTCAAAGCG-1,4,61.0,75.0,CTX,CTX,CTX,3,5
s1,ACGGATGGTGCGGATA-1,5,57.0,79.0,cc,cc,cc,9,11
s1,ACGGCACTTGCTTGGG-1,5,52.0,60.0,CTX,CTX,CTX,3,5
s1,ACGGCCAACATGGACT-1,4,53.0,55.0,CTX,CTX,CTX,3,5
s1,ACGGCGACGATGGGAA-1,2,49.0,77.0,CP,CP_lesioned,CP_lesioned,2,4
s1,ACGGGAGTGTCGGCCC-1,4,47.0,25.0,CTX,CTX,CTX,3,5
s1,ACGGGTCATGTGACTT-1,5,15.0,9.0,CTX,CTX,CTX,3,5
s1,ACGTAGATTGCTGATG-1,0,33.0,67.0,LSX,LSX,LSX,4,6
s1,ACGTATTACTCCGATC-1,2,41.0,97.0,CP,CP_lesioned,CP_lesioned,2,4
s1,ACGTGCGCCTCGTGCA-1,1,17.0,63.0,ACB,ACB_intact,ACB_intact,1,1
s1,ACGTTAATGTCGAAGA-1,0,41.0,69.0,VL,VL,VL,7,9
s1,ACGTTAGATTTGCCCG-1,3,39.0,39.0,cc,cc,cc,9,11
s1,ACGTTATTGGTCACTC-1,2,19.0,13.0,CP,CP_intact,CP_intact,2,3
s1,ACGTTCTGTACAAGTC-1,4,65.0,95.0,CTX,CTX,CTX,3,5
s1,ACTACCAGCTCTCTGG-1,2,25.0,41.0,CP,CP_intact,CP_intact,2,3
s1,ACTACGCGTTAGAATT-1,4,60.0,56.0,CTX,CTX,CTX,3,5
s1,ACTAGTTGCGATCGTC-1,2,50.0,104.0,CP,CP_lesioned,CP_lesioned,2,4
s1,ACTATCCAGGGCATGG-1,1,38.0,108.0,CP,CP_lesioned,CP_lesioned,2,4
s1,ACTATCTGCCCGCGTA-1,4,53.0,113.0,CTX,CTX,CTX,3,5
s1,ACTCAAGTGCAAGGCT-1,5,60.0,86.0,CTX,CTX,CTX,3,5
s1,ACTCAATAAAGGCACG-1,0,25.0,69.0,LSX,LSX,LSX,4,6
s1,ACTCCCGAATTCGTTT-1,2,32.0,104.0,ACB,ACB_lesioned,ACB_lesioned,1,2
s1,ACTCCCTAATGCTAAA-1,5,57.0,69.0,CTX,CTX,CTX,3,5
s1,ACTCCCTAGAATAGTA-1,3,48.0,70.0,VL,VL,VL,7,9
s1,ACTCGATGTATTTCAT-1,5,18.0,10.0,CTX,CTX,CTX,3,5
s1,ACTCGTCAGTAATCCC-1,0,36.0,78.0,LSX,LSX,LSX,4,6
s1,ACTCTAAACCTGGGAT-1,4,27.0,1.0,CTX,CTX,CTX,3,5
s1,ACTCTCTGACTTAGGT-1,1,42.0,78.0,VL,VL,VL,7,9
s1,ACTCTTGTATAGTAAC-1,0,36.0,70.0,LSX,LSX,LSX,4,6
s1,ACTGAAACGCCGTTAG-1,3,57.0,93.0,cc,cc,cc,9,11
s1,ACTGAATGGCGAAAGT-1,2,47.0,83.0,CP,CP_lesioned,CP_lesioned,2,4
s1,ACTGCCGTCGTAACTC-1,1,16.0,70.0,ACB,ACB_intact,ACB_intact,1,1
s1,ACTGTACGATACACAT-1,0,30.0,78.0,LSX,LSX,LSX,4,6
s1,ACTGTAGCACTTTGGA-1,2,27.0,39.0,CP,CP_intact,CP_intact,2,3
s1,ACTGTCCAGGATTATA-1,0,33.0,55.0,LSX,LSX,LSX,4,6
s1,ACTGTCTTCTTTAGAA-1,0,30.0,64.0,LSX,LSX,LSX,4,6
s1,ACTGTGCTAGTAGATC-1,2,13.0,31.0,CP,CP_intact,CP_intact,2,3
s1,ACTTACGCATCCACGC-1,5,58.0,78.0,CTX,CTX,CTX,3,5
s1,ACTTAGTACGACAAGA-1,2,14.0,32.0,CP,CP_intact,CP_intact,2,3
s1,ACTTATACTTACCCGG-1,2,36.0,90.0,ACB,ACB_lesioned,ACB_lesioned,1,2
s1,ACTTATTAGGATCGGT-1,3,38.0,52.0,VL,VL,VL,7,9
s1,ACTTATTTATGTGCCA-1,2,46.0,90.0,CP,CP_lesioned,CP_lesioned,2,4
s1,ACTTCAGGCTGATCCC-1,2,51.0,81.0,CP,CP_lesioned,CP_lesioned,2,4
s1,ACTTCCATGCGGGACA-1,5,61.0,85.0,CTX,CTX,CTX,3,5
s1,ACTTCGCCATACGCAC-1,0,27.0,75.0,MSC,MSC,MSC,5,7
s1,ACTTGGGACCCGGTGG-1,1,29.0,49.0,CP,CP_intact,CP_intact,2,3
s1,ACTTGTGGATGGAACG-1,5,52.0,108.0,cc,cc,cc,9,11
s1,ACTTTACCCTCATGAA-1,1,32.0,106.0,OT,OT,OT,6,8
s1,ACTTTCCTATAGCTTC-1,0,28.0,62.0,LSX,LSX,LSX,4,6
s1,ACTTTGACTGCATCCT-1,4,39.0,11.0,CTX,CTX,CTX,3,5
s1,ACTTTGTCGACGCACT-1,4,56.0,120.0,CTX,CTX,CTX,3,5
s1,AGAAATTATGACTCGC-1,5,53.0,115.0,CTX,CTX,CTX,3,5
s1,AGAACGTGGTACATTC-1,0,27.0,73.0,MSC,MSC,MSC,5,7
s1,AGAAGAGCGCCGTTCC-1,2,38.0,88.0,CP,CP_lesioned,CP_lesioned,2,4
s1,AGAAGGTTGCCGAATT-1,4,42.0,44.0,CTX,CTX,CTX,3,5
s1,AGAAGGTTGTAGGTCG-1,4,64.0,78.0,CTX,CTX,CTX,3,5
s1,AGAAGTGATTCGTGAT-1,4,48.0,28.0,CTX,CTX,CTX,3,5
s1,AGAATAAATCTTCAGG-1,4,37.0,11.0,CTX,CTX,CTX,3,5
s1,AGAATTATGGATTCGA-1,3,32.0,98.0,aco,aco,aco,8,10
s1,AGAATTGTTTGACATA-1,2,17.0,23.0,CP,CP_intact,CP_intact,2,3
s1,AGACAGCTCAGAATCC-1,3,22.0,12.0,cc,cc,cc,9,11
s1,AGACAGGCATCTCAGC-1,4,55.0,125.0,CTX,CTX,CTX,3,5
s1,AGACCATGGGATACAA-1,2,22.0,28.0,CP,CP_intact,CP_intact,2,3
s1,AGACCCACCGCTGATC-1,3,49.0,65.0,cc,cc,cc,9,11
s1,AGACCCGCCCTCCTCG-1,0,26.0,56.0,LSX,LSX,LSX,4,6
s1,AGACCGCTCCGCGGTT-1,5,51.0,111.0,cc,cc,cc,9,11
s1,AGACCGGGAAACCCTG-1,4,41.0,17.0,CTX,CTX,CTX,3,5
s1,AGACGAAGTGCCGGTC-1,2,49.0,97.0,CP,CP_lesioned,CP_lesioned,2,4
s1,AGACGCCCACTTCGCC-1,4,60.0,120.0,CTX,CTX,CTX,3,5
s1,AGACTAGCCTTCCAGA-1,2,28.0,46.0,CP,CP_intact,CP_intact,2,3
s1,AGAGAACCGTCTAGGA-1,1,26.0,88.0,ACB,ACB_lesioned,ACB_lesioned,1,2
s1,AGAGATCTCTAAAGCG-1,4,40.0,18.0,CTX,CTX,CTX,3,5
s1,AGAGCAGTTATGAGAC-1,3,29.0,19.0,cc,cc,cc,9,11
s1,AGAGCCGCCGAGATTT-1,4,58.0,112.0,CTX,CTX,CTX,3,5
s1,AGAGCGGGCTAATCAT-1,1,16.0,64.0,ACB,ACB_intact,ACB_intact,1,1
s1,AGAGCGTACAAGCTCG-1,2,24.0,28.0,CP,CP_intact,CP_intact,2,3
s1,AGAGGCTTCGGAAACC-1,2,51.0,101.0,CP,CP_lesioned,CP_lesioned,2,4
s1,AGAGTAAACTTCACTA-1,2,48.0,106.0,CP,CP_lesioned,CP_lesioned,2,4
s1,AGATAACTTCAGGGCC-1,1,32.0,44.0,CP,CP_intact,CP_intact,2,3
s1,AGATACCAATAGAACC-1,4,64.0,110.0,CTX,CTX,CTX,3,5
s1,AGATACCGGTGTTCAC-1,5,40.0,38.0,cc,cc,cc,9,11
s1,AGATACGACTTCATAT-1,2,15.0,35.0,CP,CP_intact,CP_intact,2,3
s1,AGATACTCAAGATCGA-1,2,46.0,82.0,CP,CP_lesioned,CP_lesioned,2,4
s1,AGATATAATACGACTA-1,4,64.0,72.0,CTX,CTX,CTX,3,5
s1,AGATCTCAGGTGTGAT-1,0,29.0,75.0,LSX,LSX,LSX,4,6
s1,AGATGACTCGCCCACG-1,1,21.0,55.0,ACB,ACB_intact,ACB_intact,1,1
s1,AGATGATGGAGTCTGG-1,1,34.0,106.0,ACB,ACB_lesioned,ACB_lesioned,1,2
s1,AGATTATAGGACGTTT-1,0,36.0,54.0,LSX,LSX,LSX,4,6
s1,AGCAAAGGCCGCTAGT-1,4,60.0,72.0,CTX,CTX,CTX,3,5
s1,AGCAACATATCTTATT-1,2,41.0,93.0,CP,CP_lesioned,CP_lesioned,2,4
s1,AGCACCAGTACTCACG-1,0,27.0,65.0,LSX,LSX,LSX,4,6
s1,AGCACTACCGGCCTGT-1,5,34.0,20.0,CTX,CTX,CTX,3,5
s1,AGCACTACCTCACCAG-1,2,53.0,81.0,CP,CP_lesioned,CP_lesioned,2,4
s1,AGCACTTAAGGACGCC-1,2,31.0,35.0,CP,CP_intact,CP_intact,2,3
s1,AGCAGAAGGAGAAAGA-1,4,64.0,68.0,CTX,CTX,CTX,3,5
s1,AGCAGCCAGATGAATA-1,5,56.0,58.0,CTX,CTX,CTX,3,5
s1,AGCATATCAATATGCT-1,2,51.0,95.0,CP,CP_lesioned,CP_lesioned,2,4
s1,AGCATCGTCGATAATT-1,2,22.0,52.0,ACB,ACB_intact,ACB_intact,1,1
s1,AGCCACAGGTTACCCG-1,4,63.0,89.0,CTX,CTX,CTX,3,5
s1,AGCCACTCCCGTGCTT-1,0,23.0,81.0,MSC,MSC,MSC,5,7
s1,AGCCCATACATGTAAG-1,4,42.0,26.0,CTX,CTX,CTX,3,5
s1,AGCCCTAAGCGAAGTT-1,1,15.0,65.0,ACB,ACB_intact,ACB_intact,1,1
s1,AGCCCTTGGACATCCC-1,4,57.0,117.0,CTX,CTX,CTX,3,5
s1,AGCCTTAAAGCGGAAG-1,2,21.0,15.0,CP,CP_intact,CP_intact,2,3
s1,AGCGACAGGAACGGTC-1,4,51.0,37.0,CTX,CTX,CTX,3,5
s1,AGCGACATCCCATTCA-1,1,17.0,59.0,ACB,ACB_intact,ACB_intact,1,1
s1,AGCGACCAACGATATT-1,1,25.0,55.0,VL,VL,VL,7,9
s1,AGCGATGCGCCTAATA-1,4,64.0,108.0,CTX,CTX,CTX,3,5
s1,AGCGCATAATGAATCG-1,5,57.0,55.0,CTX,CTX,CTX,3,5
s1,AGCGCGGGTGCCAATG-1,1,24.0,92.0,ACB,ACB_lesioned,ACB_lesioned,1,2
s1,AGCGGACACTTCGTAG-1,4,62.0,62.0,CTX,CTX,CTX,3,5
s1,AGCGGGAAGGGTCCAT-1,2,13.0,37.0,OT,OT,OT,6,8
s1,AGCTAAGTACGCAGGC-1,4,64.0,86.0,CTX,CTX,CTX,3,5
s1,AGCTCCATATATGTTC-1,5,57.0,109.0,CTX,CTX,CTX,3,5
s1,AGCTCCTTCGCACATC-1,2,52.0,86.0,CP,CP_lesioned,CP_lesioned,2,4
s1,AGCTCTAGACGTTCCA-1,0,38.0,76.0,LSX,LSX,LSX,4,6
s1,AGCTCTTCGTAACCTT-1,2,39.0,107.0,CP,CP_lesioned,CP_lesioned,2,4
s1,AGCTCTTTACTCAGTT-1,5,41.0,45.0,cc,cc,cc,9,11
s1,AGCTTGATCTTAACTT-1,4,41.0,23.0,CTX,CTX,CTX,3,5
s1,AGGAAGCTGTCCGCCG-1,4,61.0,65.0,CTX,CTX,CTX,3,5
s1,AGGACAGTCGAATCCC-1,2,43.0,85.0,CP,CP_lesioned,CP_lesioned,2,4
s1,AGGACATCGCACGTCG-1,2,16.0,38.0,CP,CP_intact,CP_intact,2,3
s1,AGGACGACCCATTAGA-1,4,43.0,45.0,CTX,CTX,CTX,3,5
s1,AGGAGGCCTTCGCGCG-1,2,52.0,98.0,CP,CP_lesioned,CP_lesioned,2,4
s1,AGGATAAAGTCGGGAT-1,3,53.0,65.0,cc,cc,cc,9,11
s1,AGGATATAGGGATTTA-1,2,46.0,96.0,CP,CP_lesioned,CP_lesioned,2,4
s1,AGGCACGTGACTGTCC-1,4,57.0,115.0,CTX,CTX,CTX,3,5
s1,AGGCAGATGCGTAAAC-1,1,26.0,86.0,ACB,ACB_lesioned,ACB_lesioned,1,2
s1,AGGCAGGGAGCGTACT-1,4,59.0,49.0,CTX,CTX,CTX,3,5
s1,AGGCATTGTCGTAGGG-1,2,49.0,99.0,CP,CP_lesioned,CP_lesioned,2,4
s1,AGGCCACCCGTTATGA-1,2,28.0,38.0,CP,CP_intact,CP_intact,2,3
s1,AGGCCCATTGTACAGG-1,1,15.0,55.0,ACB,ACB_intact,ACB_intact,1,1
s1,AGGCCCTAGAACGCCA-1,4,45.0,25.0,CTX,CTX,CTX,3,5
s1,AGGCCTGAGAATCTCG-1,5,62.0,88.0,CTX,CTX,CTX,3,5
s1,AGGCGATAACTGGCGT-1,4,58.0,122.0,CTX,CTX,CTX,3,5
s1,AGGCTATGGTTAGCTT-1,2,26.0,30.0,CP,CP_intact,CP_intact,2,3
s1,AGGCTTCCCGAAGAAG-1,4,50.0,42.0,CTX,CTX,CTX,3,5
s1,AGGCTTGCTAGACACC-1,2,24.0,18.0,CP,CP_intact,CP_intact,2,3
s1,AGGGACCGGCTGCGTT-1,2,36.0,110.0,OT,OT,OT,6,8
s1,AGGGACTCTACGCGAC-1,4,55.0,53.0,CTX,CTX,CTX,3,5
s1,AGGGCGAGCAGCTGAT-1,4,44.0,20.0,CTX,CTX,CTX,3,5
s1,AGGGCGTGATCGGCTA-1,1,17.0,45.0,ACB,ACB_intact,ACB_intact,1,1
s1,AGGGCTGCAGTTACAG-1,0,35.0,65.0,LSX,LSX,LSX,4,6
s1,AGGGTCGATGCGAACT-1,1,37.0,97.0,ACB,ACB_lesioned,ACB_lesioned,1,2
s1,AGGGTGCTCTCGAGGG-1,1,34.0,92.0,ACB,ACB_lesioned,ACB_lesioned,1,2
s1,AGGGTGGATAGTGCAT-1,5,29.0,11.0,CTX,CTX,CTX,3,5
s1,AGGGTTCCCTTTGGTT-1,1,30.0,88.0,ACB,ACB_lesioned,ACB_lesioned,1,2
s1,AGGGTTTAGTTCGGGA-1,0,33.0,63.0,LSX,LSX,LSX,4,6
s1,AGGTAACCTCCTATTC-1,2,13.0,41.0,OT,OT,OT,6,8
s1,AGGTAGGTACAAAGCT-1,3,35.0,31.0,cc,cc,cc,9,11
s1,AGGTATAATTGATAGT-1,1,35.0,109.0,OT,OT,OT,6,8
s1,AGGTGTATCGCCATGA-1,4,37.0,17.0,CTX,CTX,CTX,3,5
s1,AGGTTACACCATGCCG-1,4,43.0,115.0,CTX,CTX,CTX,3,5
s1,AGGTTGAGGCACGCTT-1,5,22.0,74.0,LSX,LSX,LSX,4,6
s1,AGGTTTCACACACCTT-1,0,41.0,67.0,VL,VL,VL,7,9
s1,AGTAATGTCTTGCCGC-1,1,16.0,60.0,ACB,ACB_intact,ACB_intact,1,1
s1,AGTACGGCCCGTATCG-1,4,35.0,11.0,CTX,CTX,CTX,3,5
s1,AGTACGGGCACCTGGC-1,0,25.0,79.0,MSC,MSC,MSC,5,7
s1,AGTACTCTTATGCCCA-1,3,56.0,88.0,cc,cc,cc,9,11
s1,AGTAGGTAACATACAT-1,1,13.0,51.0,OT,OT,OT,6,8
s1,AGTATAATACTAGGCA-1,2,25.0,33.0,CP,CP_intact,CP_intact,2,3
s1,AGTATTTGGCACGACC-1,4,58.0,52.0,CTX,CTX,CTX,3,5
s1,AGTCAACACCACCATC-1,5,41.0,47.0,cc,cc,cc,9,11
s1,AGTCAAGATGACACTT-1,2,48.0,90.0,CP,CP_lesioned,CP_lesioned,2,4
s1,AGTCACTAGCTCTCGA-1,2,55.0,99.0,CP,CP_lesioned,CP_lesioned,2,4
s1,AGTCAGCCACCGCCTG-1,2,16.0,28.0,CP,CP_intact,CP_intact,2,3
s1,AGTCCATTGGCTGATG-1,2,42.0,100.0,CP,CP_lesioned,CP_lesioned,2,4
s1,AGTCGACGGTCTCAAG-1,2,38.0,90.0,CP,CP_lesioned,CP_lesioned,2,4
s1,AGTCGGCCCAAACGAC-1,2,25.0,39.0,CP,CP_intact,CP_intact,2,3
s1,AGTCGGTTGCGTGAGA-1,2,40.0,112.0,CP,CP_lesioned,CP_lesioned,2,4
s1,AGTCGTATAAAGCAGA-1,4,65.0,81.0,CTX,CTX,CTX,3,5
s1,AGTCGTCGACCACCAA-1,3,57.0,91.0,cc,cc,cc,9,11
s1,AGTCTGGACATCCTTG-1,2,18.0,20.0,CP,CP_intact,CP_intact,2,3
s1,AGTCTTCTCCTCAAAT-1,1,24.0,66.0,ACB,ACB_intact,ACB_intact,1,1
s1,AGTGAACAAACTTCTC-1,2,44.0,102.0,CP,CP_lesioned,CP_lesioned,2,4
s1,AGTGACCTACTTTACG-1,0,44.0,52.0,CTX,CTX,CTX,3,5
s1,AGTGAGACTTCCAGTA-1,1,35.0,87.0,ACB,ACB_lesioned,ACB_lesioned,1,2
s1,AGTGAGCCTCGCCGCC-1,1,29.0,103.0,OT,OT,OT,6,8
s1,AGTGATAACCTGCGCG-1,5,59.0,89.0,CTX,CTX,CTX,3,5
s1,AGTGATATGAGTAGTT-1,4,45.0,49.0,CTX,CTX,CTX,3,5
s1,AGTGATTCAAGCAGGA-1,1,33.0,87.0,VL,VL,VL,7,9
s1,AGTGCACGCTTAAGAA-1,2,52.0,96.0,CP,CP_lesioned,CP_lesioned,2,4
s1,AGTGCGTAGCTCGTAA-1,4,46.0,42.0,CTX,CTX,CTX,3,5
s1,AGTGCTAAACACAGCA-1,5,61.0,91.0,CTX,CTX,CTX,3,5
s1,AGTGCTTGCACGAATA-1,2,41.0,89.0,CP,CP_lesioned,CP_lesioned,2,4
s1,AGTGGCGTCTGAAGGT-1,5,62.0,86.0,CTX,CTX,CTX,3,5
s1,AGTGGCTCCGTCGGCC-1,4,40.0,12.0,CTX,CTX,CTX,3,5
s1,AGTGGTTGCGTATAGG-1,4,35.0,7.0,CTX,CTX,CTX,3,5
s1,AGTGTGCTAAGATCGC-1,4,14.0,10.0,CTX,CTX,CTX,3,5
s1,AGTGTGGTCTATTGTG-1,2,21.0,23.0,CP,CP_intact,CP_intact,2,3
s1,AGTTAAACACTTGCGA-1,3,40.0,44.0,cc,cc,cc,9,11
s1,AGTTACCCTTAAGACT-1,5,24.0,8.0,CTX,CTX,CTX,3,5
s1,AGTTACCGCACATGGT-1,3,26.0,14.0,cc,cc,cc,9,11
s1,AGTTCACCGGTTGGAC-1,5,20.0,8.0,CTX,CTX,CTX,3,5
s1,AGTTCCTACAGAATTA-1,0,30.0,50.0,VL,VL,VL,7,9
s1,AGTTCCTATTTATGTT-1,3,43.0,65.0,VL,VL,VL,7,9
s1,AGTTCTGCGTTGTATC-1,3,13.0,19.0,CP,CP_intact,CP_intact,2,3
s1,AGTTGCTGACTGATAT-1,2,16.0,18.0,CP,CP_intact,CP_intact,2,3
s1,AGTTTGCACCTGCCTC-1,5,58.0,74.0,CTX,CTX,CTX,3,5
s1,AGTTTGGCACGGGTTG-1,2,48.0,102.0,CP,CP_lesioned,CP_lesioned,2,4
s1,AGTTTGGCCAGACCTA-1,4,47.0,31.0,CTX,CTX,CTX,3,5
s1,ATAAACGGACCCGTAA-1,3,47.0,61.0,cc,cc,cc,9,11
s1,ATAAACGTTGCACCAC-1,5,57.0,107.0,CTX,CTX,CTX,3,5
s1,ATAAAGGCTCGGTCGT-1,3,34.0,50.0,VL,VL,VL,7,9
s1,ATAAATATTAGCAGCT-1,5,38.0,28.0,cc,cc,cc,9,11
s1,ATAACGCCGGAGGGTC-1,0,35.0,81.0,LSX,LSX,LSX,4,6
s1,ATAACGGAGTCCAACG-1,0,25.0,75.0,MSC,MSC,MSC,5,7
s1,ATAAGGTGGAGAACAT-1,3,50.0,72.0,VL,VL,VL,7,9
s1,ATAAGTAGGGCGACTC-1,1,36.0,108.0,OT,OT,OT,6,8
s1,ATAAGTTACCGCGACG-1,4,46.0,52.0,CTX,CTX,CTX,3,5
s1,ATAATACCGTTAGCCG-1,2,16.0,16.0,CP,CP_intact,CP_intact,2,3
s1,ATAATAGCTGTTGAAT-1,3,47.0,63.0,cc,cc,cc,9,11
s1,ATAATAGTGTAGGGAC-1,2,18.0,30.0,CP,CP_intact,CP_intact,2,3
s1,ATAATCTTGGAGAACC-1,4,61.0,77.0,CTX,CTX,CTX,3,5
s1,ATACAGGCCCTCCAAT-1,5,56.0,72.0,cc,cc,cc,9,11
s1,ATACCACGGGCAACTT-1,3,35.0,29.0,cc,cc,cc,9,11
s1,ATACCTAACCAAGAAA-1,5,58.0,64.0,CTX,CTX,CTX,3,5
s1,ATACGCCGGCGAAACC-1,3,40.0,78.0,VL,VL,VL,7,9
s1,ATACGGGTTTCGATTG-1,0,22.0,82.0,MSC,MSC,MSC,5,7
s1,ATACGGTGAAGATGCA-1,4,33.0,11.0,CTX,CTX,CTX,3,5
s1,ATACGTACTTAGCCAC-1,3,55.0,77.0,cc,cc,cc,9,11
s1,ATACGTCCACTCCTGT-1,2,47.0,93.0,CP,CP_lesioned,CP_lesioned,2,4
s1,ATACGTTATGCACGGA-1,4,63.0,63.0,CTX,CTX,CTX,3,5
s1,ATACTACCCGTACCAC-1,5,59.0,105.0,CTX,CTX,CTX,3,5
s1,ATACTAGCATGACCCT-1,1,21.0,61.0,ACB,ACB_intact,ACB_intact,1,1
s1,ATACTGCCTTACACCG-1,5,58.0,84.0,cc,cc,cc,9,11
s1,ATACTTGTTCTCGAGC-1,5,30.0,10.0,CTX,CTX,CTX,3,5
s1,ATAGACAACGGGACCT-1,1,28.0,92.0,ACB,ACB_lesioned,ACB_lesioned,1,2
s1,ATAGACGAAGAGAAAG-1,0,33.0,45.0,VL,VL,VL,7,9
s1,ATAGAGTACTGGGACA-1,2,26.0,48.0,CP,CP_intact,CP_intact,2,3
s1,ATAGAGTTATCAACTT-1,1,27.0,93.0,ACB,ACB_lesioned,ACB_lesioned,1,2
s1,ATAGCAACTAGGGAAG-1,4,62.0,98.0,CTX,CTX,CTX,3,5
s1,ATAGCCTCAGTACCCA-1,2,18.0,14.0,CP,CP_intact,CP_intact,2,3
s1,ATAGCTGCTCTTGTTA-1,5,16.0,10.0,CTX,CTX,CTX,3,5
s1,ATAGGCGGCTATAGAA-1,5,43.0,33.0,CTX,CTX,CTX,3,5
s1,ATAGGGATATCCTTGA-1,1,21.0,71.0,ACB,ACB_intact,ACB_intact,1,1
s1,ATAGGTTGGGCAGATG-1,0,28.0,64.0,LSX,LSX,LSX,4,6
s1,ATAGTGAAGCGTTCTC-1,3,41.0,57.0,cc,cc,cc,9,11
s1,ATAGTTCCACCCACTC-1,1,38.0,102.0,CP,CP_lesioned,CP_lesioned,2,4
s1,ATATAAAGCGCTCGTG-1,5,58.0,68.0,CTX,CTX,CTX,3,5
s1,ATATAAATGTAGCTGC-1,3,54.0,74.0,cc,cc,cc,9,11
s1,ATATAACACGGGCGCA-1,4,66.0,94.0,CTX,CTX,CTX,3,5
s1,ATATACGCTCGTGACG-1,4,62.0,108.0,CTX,CTX,CTX,3,5
s1,ATATCAACCTACAGAG-1,1,37.0,105.0,ACB,ACB_lesioned,ACB_lesioned,1,2
s1,ATATCGGTAGGGAGAT-1,2,38.0,110.0,CP,CP_lesioned,CP_lesioned,2,4
s1,ATATCGTTCCTCGAAC-1,5,58.0,92.0,cc,cc,cc,9,11
s1,ATATCTTAGGGCCTTC-1,0,35.0,61.0,LSX,LSX,LSX,4,6
s1,ATATGTCTCCCTAGCC-1,1,35.0,97.0,ACB,ACB_lesioned,ACB_lesioned,1,2
s1,ATATTCAGTTAAACCT-1,4,44.0,40.0,CTX,CTX,CTX,3,5
s1,ATATTCCACATAGTGA-1,2,51.0,77.0,CP,CP_lesioned,CP_lesioned,2,4
s1,ATATTGCTGTCAAAGT-1,2,18.0,32.0,CP,CP_intact,CP_intact,2,3
s1,ATATTGGAGAGGCCTT-1,4,59.0,121.0,CTX,CTX,CTX,3,5
s1,ATATTTAACCCTCAAG-1,0,31.0,55.0,LSX,LSX,LSX,4,6
s1,ATCAAACACTGTTCCA-1,2,47.0,107.0,CP,CP_lesioned,CP_lesioned,2,4
s1,ATCAAACGAAGGTTTG-1,4,49.0,33.0,CTX,CTX,CTX,3,5
s1,ATCAATCTGGGCTGCA-1,0,33.0,65.0,LSX,LSX,LSX,4,6
s1,ATCACATTAGAATATC-1,0,20.0,82.0,MSC,MSC,MSC,5,7
s1,ATCACGTGCTAATTAA-1,4,46.0,36.0,CTX,CTX,CTX,3,5
s1,ATCACTTCATCCTCGC-1,1,21.0,67.0,ACB,ACB_intact,ACB_intact,1,1
s1,ATCAGACGGCACGCCG-1,4,44.0,42.0,CTX,CTX,CTX,3,5
s1,ATCAGCCTCATGCTGC-1,3,57.0,87.0,cc,cc,cc,9,11
s1,ATCAGTAGGCAGGGAT-1,1,23.0,87.0,ACB,ACB_lesioned,ACB_lesioned,1,2
s1,ATCATAGCCCTATGTA-1,4,62.0,106.0,CTX,CTX,CTX,3,5
s1,ATCATCCAATATTTGT-1,3,39.0,59.0,VL,VL,VL,7,9
s1,ATCCAACGCAGTCATA-1,2,25.0,37.0,CP,CP_intact,CP_intact,2,3
s1,ATCCAATGGAGGGTCC-1,5,43.0,27.0,CTX,CTX,CTX,3,5
s1,ATCCAATGGTACCGAA-1,4,36.0,6.0,CTX,CTX,CTX,3,5
s1,ATCCACATCGACAGAA-1,4,62.0,72.0,CTX,CTX,CTX,3,5
s1,ATCCAGAGCAACAACC-1,4,50.0,52.0,CTX,CTX,CTX,3,5
s1,ATCCAGGATTCGTGAA-1,3,40.0,46.0,cc,cc,cc,9,11
s1,ATCCTACCTAAGCTCT-1,4,44.0,48.0,CTX,CTX,CTX,3,5
s1,ATCCTGAATCGCTGCG-1,5,38.0,26.0,CTX,CTX,CTX,3,5
s1,ATCCTGCGTGGAATGG-1,4,45.0,47.0,CTX,CTX,CTX,3,5
s1,ATCGACCCAATACAGA-1,3,43.0,63.0,VL,VL,VL,7,9
s1,ATCGACTCTTTCCGTT-1,1,23.0,61.0,ACB,ACB_intact,ACB_intact,1,1
s1,ATCGCACGCCGGGAGA-1,1,25.0,57.0,ACB,ACB_intact,ACB_intact,1,1
s1,ATCGCCAGTCAACATT-1,2,45.0,105.0,CP,CP_lesioned,CP_lesioned,2,4
s1,ATCGGAGACAGACGGC-1,2,52.0,76.0,CP,CP_lesioned,CP_lesioned,2,4
s1,ATCGGTTACCTAGTAA-1,4,34.0,8.0,CTX,CTX,CTX,3,5
s1,ATCGTATTCCGAGAAC-1,4,29.0,3.0,CTX,CTX,CTX,3,5
s1,ATCGTTAGCTAGCGGA-1,5,58.0,98.0,CTX,CTX,CTX,3,5
s1,ATCTAATATCCTACGG-1,5,55.0,67.0,cc,cc,cc,9,11
s1,ATCTCCCACGGAATAT-1,4,60.0,108.0,CTX,CTX,CTX,3,5
s1,ATCTCCCTGCAATCTA-1,1,16.0,72.0,ACB,ACB_intact,ACB_intact,1,1
s1,ATCTCGTGAGCGAAAC-1,4,48.0,116.0,CTX,CTX,CTX,3,5
s1,ATCTGATAGTGTCTTA-1,3,16.0,12.0,cc,cc,cc,9,11
s1,ATCTGCACCTCTGCGA-1,1,29.0,101.0,OT,OT,OT,6,8
s1,ATCTGGGCTGTTCTTG-1,4,61.0,69.0,CTX,CTX,CTX,3,5
s1,ATCTGGTTAAGACTGT-1,0,26.0,76.0,MSC,MSC,MSC,5,7
s1,ATCTGTAATTGTACCC-1,1,15.0,57.0,OT,OT,OT,6,8
s1,ATCTTATCGCACACCC-1,4,64.0,104.0,CTX,CTX,CTX,3,5
s1,ATCTTGACCTGCAACG-1,2,26.0,44.0,CP,CP_intact,CP_intact,2,3
s1,ATCTTGACTTGTCCAA-1,3,30.0,108.0,CTX,CTX,CTX,3,5
s1,ATGAAGCCAAGGAGCC-1,2,22.0,46.0,CP,CP_intact,CP_intact,2,3
s1,ATGAAGTGGACCCAGC-1,4,30.0,4.0,CTX,CTX,CTX,3,5
s1,ATGACGCCGGCTCTAA-1,1,16.0,58.0,ACB,ACB_intact,ACB_intact,1,1
s1,ATGACTATGCGACATT-1,2,48.0,88.0,CP,CP_lesioned,CP_lesioned,2,4
s1,ATGAGGAGTGTTAATC-1,2,25.0,35.0,CP,CP_intact,CP_intact,2,3
s1,ATGAGGGCAGCGGCTA-1,4,42.0,120.0,CTX,CTX,CTX,3,5
s1,ATGATCGGGAATAGAC-1,3,16.0,54.0,aco,aco,aco,8,10
s1,ATGATGCAATGGTACA-1,4,44.0,50.0,CTX,CTX,CTX,3,5
s1,ATGCACCTTCCTTAAT-1,5,20.0,6.0,CTX,CTX,CTX,3,5
s1,ATGCACTACCGCATTG-1,2,27.0,45.0,CP,CP_intact,CP_intact,2,3
s1,ATGCATGATCCAGGAT-1,0,25.0,65.0,LSX,LSX,LSX,4,6
s1,ATGCCATTTGCGACCA-1,2,43.0,91.0,CP,CP_lesioned,CP_lesioned,2,4
s1,ATGCCGGTCTTGCATA-1,0,31.0,75.0,LSX,LSX,LSX,4,6
s1,ATGCGACAGTCCCATT-1,0,35.0,71.0,LSX,LSX,LSX,4,6
s1,ATGCGAGTCCCACCAC-1,2,48.0,104.0,CP,CP_lesioned,CP_lesioned,2,4
s1,ATGCTCAGTGTTGCAT-1,2,21.0,29.0,CP,CP_intact,CP_intact,2,3
s1,ATGCTCTGGCGCGGTA-1,4,60.0,76.0,CTX,CTX,CTX,3,5
s1,ATGCTTAGGAGTTGAT-1,5,56.0,112.0,CTX,CTX,CTX,3,5
s1,ATGGAGCAGGCCGTGA-1,0,36.0,66.0,LSX,LSX,LSX,4,6
s1,ATGGATTGACCAAACG-1,0,27.0,61.0,LSX,LSX,LSX,4,6
s1,ATGGCAGCCGAGAAAC-1,4,33.0,9.0,CTX,CTX,CTX,3,5
s1,ATGGGCCTCGGCCTCT-1,2,45.0,91.0,CP,CP_lesioned,CP_lesioned,2,4
s1,ATGGTCGCGTGGTTTC-1,2,45.0,85.0,CP,CP_lesioned,CP_lesioned,2,4
s1,ATGTACATGCGGTGAG-1,4,64.0,112.0,CTX,CTX,CTX,3,5
s1,ATGTCATTTCCCATTG-1,5,18.0,4.0,CTX,CTX,CTX,3,5
s1,ATGTGAAAGCCTAATG-1,4,46.0,22.0,CTX,CTX,CTX,3,5
s1,ATGTGCATCCGACGCA-1,1,23.0,57.0,VL,VL,VL,7,9
s1,ATGTTACGAGCAATAC-1,2,15.0,29.0,CP,CP_intact,CP_intact,2,3
s1,ATGTTCCTGCCCACCT-1,5,16.0,8.0,CTX,CTX,CTX,3,5
s1,ATGTTCGTCGACCCAC-1,4,34.0,14.0,CTX,CTX,CTX,3,5
s1,ATTAAACATGCGGACC-1,3,43.0,59.0,cc,cc,cc,9,11
s1,ATTAACACCTGAGATA-1,5,19.0,1.0,CTX,CTX,CTX,3,5
s1,ATTAATACTACGCGGG-1,1,22.0,66.0,ACB,ACB_intact,ACB_intact,1,1
s1,ATTAATGAACCAGTCG-1,0,23.0,79.0,MSC,MSC,MSC,5,7
s1,ATTACATGTCAGTCTT-1,2,50.0,108.0,CP,CP_lesioned,CP_lesioned,2,4
s1,ATTACCACACTGCCTG-1,4,48.0,118.0,CTX,CTX,CTX,3,5
s1,ATTACGCGCTGGCAGG-1,5,40.0,30.0,CTX,CTX,CTX,3,5
s1,ATTACTAGCCTCTTGC-1,2,18.0,44.0,ACB,ACB_intact,ACB_intact,1,1
s1,ATTAGATTGATAGCGG-1,1,19.0,49.0,ACB,ACB_intact,ACB_intact,1,1
s1,ATTAGGCGATGCTTTC-1,0,37.0,71.0,LSX,LSX,LSX,4,6
s1,ATTATGCCATAGGGAG-1,2,21.0,53.0,ACB,ACB_intact,ACB_intact,1,1
s1,ATTATTCAGAGTCACT-1,4,67.0,97.0,CTX,CTX,CTX,3,5
s1,ATTCAACCATTTAAGG-1,5,58.0,100.0,CTX,CTX,CTX,3,5
s1,ATTCACTGATGTTGGA-1,5,56.0,68.0,CTX,CTX,CTX,3,5
s1,ATTCAGTAGCAGGGTC-1,2,27.0,25.0,CP,CP_intact,CP_intact,2,3
s1,ATTCATATACTGTCCA-1,3,46.0,60.0,cc,cc,cc,9,11
s1,ATTCATCGTTGAGGCA-1,5,61.0,89.0,CTX,CTX,CTX,3,5
s1,ATTCCCACATAAACAA-1,2,26.0,24.0,CP,CP_intact,CP_intact,2,3
s1,ATTCCTCCGCCAGTGC-1,2,23.0,39.0,CP,CP_intact,CP_intact,2,3
s1,ATTCGACGCCGGGCCT-1,3,36.0,26.0,cc,cc,cc,9,11
s1,ATTCGCGCCTTGAGAG-1,4,65.0,107.0,CTX,CTX,CTX,3,5
s1,ATTCGTGCTATCTCTT-1,2,42.0,110.0,CP,CP_lesioned,CP_lesioned,2,4
s1,ATTGAAGATCTTAGTG-1,3,31.0,49.0,VL,VL,VL,7,9
s1,ATTGATGAGTCCTAAC-1,3,33.0,99.0,aco,aco,aco,8,10
s1,ATTGCCTTTATGTTTG-1,4,64.0,84.0,CTX,CTX,CTX,3,5
s1,ATTGCGATCAGTAACT-1,2,51.0,99.0,CP,CP_lesioned,CP_lesioned,2,4
s1,ATTGGATTACAGCGTA-1,2,54.0,102.0,CP,CP_lesioned,CP_lesioned,2,4
s1,ATTGGGAATATCTTGG-1,1,12.0,52.0,OT,OT,OT,6,8
s1,ATTGGTAGGATCCGCT-1,5,25.0,3.0,CTX,CTX,CTX,3,5
s1,ATTGTACAACTCGGCT-1,1,35.0,103.0,ACB,ACB_lesioned,ACB_lesioned,1,2
s1,ATTGTTCAACGATCCG-1,4,53.0,123.0,CTX,CTX,CTX,3,5
s1,ATTTAACTCGTATTAC-1,1,14.0,52.0,OT,OT,OT,6,8
s1,ATTTACAGTTTACTGG-1,2,30.0,38.0,CP,CP_intact,CP_intact,2,3
s1,ATTTGTCTTGGGAGCT-1,2,40.0,84.0,CP,CP_lesioned,CP_lesioned,2,4
s1,ATTTGTTCCAGGGCTC-1,1,19.0,71.0,ACB,ACB_intact,ACB_intact,1,1
s1,CAAACGAGTATCGCAG-1,0,47.0,47.0,CTX,CTX,CTX,3,5
s1,CAAACGGTCGCACTTT-1,2,30.0,40.0,CP,CP_intact,CP_intact,2,3
s1,CAAACTCGCGACGCCG-1,2,45.0,111.0,CP,CP_lesioned,CP_lesioned,2,4
s1,CAAATCTCTCACAAGG-1,4,44.0,24.0,CTX,CTX,CTX,3,5
s1,CAAATGTCCTTCCGTG-1,0,45.0,53.0,CTX,CTX,CTX,3,5
s1,CAACCAGTGGCCTACC-1,4,61.0,115.0,CTX,CTX,CTX,3,5
s1,CAACCTACCGAGCAGT-1,5,61.0,103.0,CTX,CTX,CTX,3,5
s1,CAACGACCCGTTTACA-1,1,20.0,50.0,ACB,ACB_intact,ACB_intact,1,1
s1,CAACGGTTCTTGATAC-1,2,18.0,38.0,CP,CP_intact,CP_intact,2,3
s1,CAACGTGGTGGAGTCT-1,5,55.0,113.0,CTX,CTX,CTX,3,5
s1,CAACTCCTTGATCCCG-1,1,18.0,46.0,ACB,ACB_intact,ACB_intact,1,1
s1,CAACTGCTCATCCGAT-1,4,59.0,55.0,CTX,CTX,CTX,3,5
s1,CAAGAGGGCGGAGTAC-1,0,46.0,74.0,VL,VL,VL,7,9
s1,CAAGATATTATAACGT-1,2,45.0,89.0,CP,CP_lesioned,CP_lesioned,2,4
s1,CAAGCAACGTCGGAGT-1,2,32.0,38.0,CP,CP_intact,CP_intact,2,3
s1,CAAGCACCAAATGCCT-1,1,18.0,66.0,ACB,ACB_intact,ACB_intact,1,1
s1,CAAGCGGCACATAATT-1,3,54.0,72.0,cc,cc,cc,9,11
s1,CAAGGATCGCATGTTC-1,0,40.0,68.0,LSX,LSX,LSX,4,6
s1,CAAGGCCAGTGGTGCA-1,4,66.0,100.0,CTX,CTX,CTX,3,5
s1,CAAGTGTGGTTGCAAA-1,2,40.0,94.0,CP,CP_lesioned,CP_lesioned,2,4
s1,CAATAAACCTTGGCCC-1,0,26.0,74.0,LSX,LSX,LSX,4,6
s1,CAATACGAGAGTCTGA-1,4,44.0,120.0,CTX,CTX,CTX,3,5
s1,CAATACGCTCTGAGGC-1,4,40.0,10.0,CTX,CTX,CTX,3,5
s1,CAATATTCTTGACCTA-1,4,54.0,40.0,CTX,CTX,CTX,3,5
s1,CAATCCTGCCGTGGAG-1,2,14.0,24.0,CP,CP_intact,CP_intact,2,3
s1,CAATGCGAGAAGTATC-1,2,54.0,82.0,CP,CP_lesioned,CP_lesioned,2,4
s1,CAATGGATCTCTACCA-1,1,28.0,86.0,ACB,ACB_lesioned,ACB_lesioned,1,2
s1,CAATGTGCCAACCCTT-1,3,37.0,115.0,CTX,CTX,CTX,3,5
s1,CAATTAAGGGTGATGA-1,0,29.0,65.0,LSX,LSX,LSX,4,6
s1,CAATTTCGTATAAGGG-1,0,37.0,63.0,LSX,LSX,LSX,4,6
s1,CACAATGAGCTGCTAT-1,3,42.0,50.0,cc,cc,cc,9,11
s1,CACACACGCTAACGAG-1,3,55.0,103.0,cc,cc,cc,9,11
s1,CACACAGCTTGCGCTC-1,4,47.0,115.0,CTX,CTX,CTX,3,5
s1,CACACAGGGATAGATT-1,2,25.0,27.0,CP,CP_intact,CP_intact,2,3
s1,CACACGCGCTGTCTTA-1,1,33.0,89.0,ACB,ACB_lesioned,ACB_lesioned,1,2
s1,CACAGCACCCACGGCA-1,0,31.0,59.0,LSX,LSX,LSX,4,6
s1,CACAGCTAGGGAGTGA-1,1,20.0,60.0,ACB,ACB_intact,ACB_intact,1,1
s1,CACAGGGCCATATAGT-1,5,57.0,97.0,cc,cc,cc,9,11
s1,CACAGTCCCGCTTCGC-1,4,60.0,112.0,CTX,CTX,CTX,3,5
s1,CACAGTTCGCTTCCCA-1,5,54.0,114.0,CTX,CTX,CTX,3,5
s1,CACATATTAGCAGGAT-1,3,47.0,73.0,VL,VL,VL,7,9
s1,CACATCTCACCGACGA-1,5,57.0,75.0,CTX,CTX,CTX,3,5
s1,CACATGATTCAGCAAC-1,0,38.0,64.0,LSX,LSX,LSX,4,6
s1,CACATTTCTTGTCAGA-1,2,44.0,108.0,CP,CP_lesioned,CP_lesioned,2,4
s1,CACCCAAATCTTATGT-1,1,35.0,105.0,ACB,ACB_lesioned,ACB_lesioned,1,2
s1,CACCCACACGTCACCC-1,2,17.0,43.0,ACB,ACB_intact,ACB_intact,1,1
s1,CACCCGGTTTGTGACT-1,4,53.0,39.0,CTX,CTX,CTX,3,5
s1,CACCCTAACAAGATCT-1,3,56.0,80.0,cc,cc,cc,9,11
s1,CACCGCCAGAAGGTTT-1,0,27.0,59.0,LSX,LSX,LSX,4,6
s1,CACCGTATCCCATCCG-1,2,52.0,104.0,CP,CP_lesioned,CP_lesioned,2,4
s1,CACCGTTAGGGATCAC-1,4,53.0,37.0,CTX,CTX,CTX,3,5
s1,CACCGTTGCGCGATAT-1,4,47.0,29.0,CTX,CTX,CTX,3,5
s1,CACCTAATAGAGTCGT-1,2,17.0,25.0,CP,CP_intact,CP_intact,2,3
s1,CACCTAATCAGTTTAC-1,1,20.0,72.0,ACB,ACB_intact,ACB_intact,1,1
s1,CACCTCGATGGTGGAC-1,1,18.0,70.0,ACB,ACB_intact,ACB_intact,1,1
s1,CACCTTGCGAAACTCG-1,0,24.0,84.0,LSX,LSX,LSX,4,6
s1,CACCTTGGCGCCTTTG-1,2,43.0,103.0,CP,CP_lesioned,CP_lesioned,2,4
s1,CACGAAAGTTAGTCCC-1,2,33.0,29.0,CP,CP_intact,CP_intact,2,3
s1,CACGCACAGCGCAGCT-1,0,24.0,72.0,LSX,LSX,LSX,4,6
s1,CACGCAGCGAGGCTTT-1,2,31.0,43.0,CP,CP_intact,CP_intact,2,3
s1,CACGCGGAACTGTTGC-1,2,42.0,98.0,CP,CP_lesioned,CP_lesioned,2,4
s1,CACGGGATTGAGGGTT-1,5,31.0,11.0,CTX,CTX,CTX,3,5
s1,CACGTCAATCAATGGA-1,4,62.0,116.0,CTX,CTX,CTX,3,5
s1,CACGTCGGCAACCTCT-1,4,49.0,37.0,CTX,CTX,CTX,3,5
s1,CACGTTCGTGCTCTAG-1,0,37.0,81.0,VL,VL,VL,7,9
s1,CACGTTTCGTACACAC-1,2,55.0,91.0,CP,CP_lesioned,CP_lesioned,2,4
s1,CACTAAAGTTGCCTAT-1,0,35.0,51.0,VL,VL,VL,7,9
s1,CACTACGGGAGCTGCC-1,4,59.0,107.0,CTX,CTX,CTX,3,5
s1,CACTCAAGAGCTATGG-1,3,39.0,57.0,VL,VL,VL,7,9
s1,CACTCGAGCTGAACAA-1,1,48.0,74.0,VL,VL,VL,7,9
s1,CACTCGGTTAGGAGGA-1,4,35.0,13.0,CTX,CTX,CTX,3,5
s1,CACTCTTCTGCTAGCC-1,5,59.0,101.0,CTX,CTX,CTX,3,5
s1,CACTGTCCAAGTGAGA-1,2,19.0,43.0,CP,CP_intact,CP_intact,2,3
s1,CACTTCGCCACAGGCT-1,2,21.0,31.0,CP,CP_intact,CP_intact,2,3
s1,CACTTCGTCTTATCTC-1,4,14.0,14.0,CTX,CTX,CTX,3,5
s1,CAGAACTTAGCCCTCT-1,2,53.0,85.0,CP,CP_lesioned,CP_lesioned,2,4
s1,CAGAATAACACACGGA-1,4,55.0,111.0,CTX,CTX,CTX,3,5
s1,CAGAATATTCGTTATC-1,5,50.0,124.0,CTX,CTX,CTX,3,5
s1,CAGACACCGATCGCTG-1,4,53.0,51.0,CTX,CTX,CTX,3,5
s1,CAGACCTGTAAGTGTT-1,3,31.0,99.0,aco,aco,aco,8,10
s1,CAGACGAACCTGATAC-1,4,50.0,50.0,CTX,CTX,CTX,3,5
s1,CAGAGACGGTCACCCA-1,4,51.0,57.0,CTX,CTX,CTX,3,5
s1,CAGAGCATGAGCTTGC-1,0,26.0,70.0,LSX,LSX,LSX,4,6
s1,CAGAGGCGATGCATGA-1,4,54.0,48.0,CTX,CTX,CTX,3,5
s1,CAGATAATGGGCGGGT-1,4,66.0,102.0,CTX,CTX,CTX,3,5
s1,CAGATACTAACATAGT-1,2,26.0,46.0,CP,CP_intact,CP_intact,2,3
s1,CAGCAGCCCGTTCCTT-1,0,28.0,78.0,LSX,LSX,LSX,4,6
s1,CAGCAGTCCAGACTAT-1,2,50.0,100.0,CP,CP_lesioned,CP_lesioned,2,4
s1,CAGCAGTCTGTGCTGC-1,4,62.0,74.0,CTX,CTX,CTX,3,5
s1,CAGCCTCCTGCAGAGG-1,0,23.0,77.0,MSC,MSC,MSC,5,7
s1,CAGCGATTCCCTTCAA-1,4,53.0,43.0,CTX,CTX,CTX,3,5
s1,CAGCTCACTGAGACAT-1,0,33.0,59.0,LSX,LSX,LSX,4,6
s1,CAGCTCGACAAGTTAA-1,1,28.0,90.0,ACB,ACB_lesioned,ACB_lesioned,1,2
s1,CAGCTCGTGCTTGTGT-1,1,14.0,42.0,OT,OT,OT,6,8
s1,CAGCTTAGTAGGTAGC-1,2,32.0,28.0,CP,CP_intact,CP_intact,2,3
s1,CAGGATATATCGTTGT-1,3,44.0,60.0,cc,cc,cc,9,11
s1,CAGGCAGTCTTACCAG-1,4,65.0,85.0,CTX,CTX,CTX,3,5
s1,CAGGCCGTTTGGGTGT-1,3,39.0,43.0,cc,cc,cc,9,11
s1,CAGGCGCCATGCTAGG-1,1,49.0,73.0,VL,VL,VL,7,9
s1,CAGTAATCCCTCCCAG-1,2,21.0,25.0,CP,CP_intact,CP_intact,2,3
s1,CAGTAGCCCACGCGGT-1,1,25.0,91.0,ACB,ACB_lesioned,ACB_lesioned,1,2
s1,CAGTCTGTATACTGGG-1,3,42.0,66.0,VL,VL,VL,7,9
s1,CAGTGAATAAATGACT-1,0,25.0,83.0,LSX,LSX,LSX,4,6
s1,CAGTGGTTGCACATGA-1,2,16.0,22.0,CP,CP_intact,CP_intact,2,3
s1,CAGTGTCCGCAGAATG-1,2,15.0,37.0,CP,CP_intact,CP_intact,2,3
s1,CAGTGTCGGCTGGCCC-1,2,52.0,92.0,CP,CP_lesioned,CP_lesioned,2,4
s1,CAGTTCAAATTGACAC-1,1,29.0,51.0,VL,VL,VL,7,9
s1,CAGTTCCGCGGGTCGA-1,2,26.0,26.0,CP,CP_intact,CP_intact,2,3
s1,CATAACGGACAGTCGT-1,1,36.0,94.0,ACB,ACB_lesioned,ACB_lesioned,1,2
s1,CATAAGAAGCTTGGCT-1,5,58.0,72.0,CTX,CTX,CTX,3,5
s1,CATAAGCTCTCCGTCT-1,4,42.0,14.0,CTX,CTX,CTX,3,5
s1,CATACAAAGCCGAACC-1,2,13.0,35.0,OT,OT,OT,6,8
s1,CATACACGGTTCCCAC-1,4,61.0,55.0,CTX,CTX,CTX,3,5
s1,CATACCCGTACCCAGT-1,3,37.0,31.0,cc,cc,cc,9,11
s1,CATACGGCGTCTGGGC-1,0,39.0,63.0,LSX,LSX,LSX,4,6
s1,CATACTTAGGCAATAC-1,4,37.0,113.0,CTX,CTX,CTX,3,5
s1,CATAGCCGCCCGGGAT-1,2,26.0,22.0,CP,CP_intact,CP_intact,2,3
s1,CATAGCGTTGCCCACC-1,4,54.0,42.0,CTX,CTX,CTX,3,5
s1,CATAGTAGCATAGTAG-1,1,19.0,45.0,ACB,ACB_intact,ACB_intact,1,1
s1,CATAGTCAAATACATA-1,4,65.0,93.0,CTX,CTX,CTX,3,5
s1,CATAGTCCACAAGAAC-1,5,45.0,31.0,CTX,CTX,CTX,3,5
s1,CATATAGGTACAGTCA-1,3,43.0,55.0,cc,cc,cc,9,11
s1,CATCAACACCTACTAA-1,5,15.0,7.0,CTX,CTX,CTX,3,5
s1,CATCATTACCCTGAGG-1,2,52.0,94.0,CP,CP_lesioned,CP_lesioned,2,4
s1,CATCCGCAGGCCCGAA-1,2,15.0,15.0,CP,CP_intact,CP_intact,2,3
s1,CATCCTCTCAAAGATC-1,2,54.0,92.0,CP,CP_lesioned,CP_lesioned,2,4
s1,CATCGCCCGCGGCCAA-1,2,14.0,44.0,OT,OT,OT,6,8
s1,CATCGGACGGGTTAAT-1,3,42.0,58.0,cc,cc,cc,9,11
s1,CATCGTCCGGTTACTA-1,3,23.0,11.0,cc,cc,cc,9,11
s1,CATCTAGTGAAGGGAA-1,4,45.0,121.0,CTX,CTX,CTX,3,5
s1,CATCTGCAGGATCATT-1,5,28.0,8.0,CTX,CTX,CTX,3,5
s1,CATCTTACACCACCTC-1,1,37.0,99.0,ACB,ACB_lesioned,ACB_lesioned,1,2
s1,CATGACTTCGCTGAAT-1,2,40.0,106.0,CP,CP_lesioned,CP_lesioned,2,4
s1,CATGAGATGCACTCTC-1,5,59.0,79.0,CTX,CTX,CTX,3,5
s1,CATGATGCACAATTCT-1,1,21.0,69.0,ACB,ACB_intact,ACB_intact,1,1
s1,CATGATGGAAGTTAGC-1,2,45.0,103.0,CP,CP_lesioned,CP_lesioned,2,4
s1,CATGCCAACTCGCAAA-1,4,43.0,21.0,CTX,CTX,CTX,3,5
s1,CATGCGTTAGACAGAA-1,1,15.0,63.0,ACB,ACB_intact,ACB_intact,1,1
s1,CATGGATTGTCTTCCG-1,5,55.0,101.0,CP,CP_lesioned,CP_lesioned,2,4
s1,CATGGCAGGAAGATCG-1,1,17.0,57.0,ACB,ACB_intact,ACB_intact,1,1
s1,CATGGCTCCCTATGTC-1,4,23.0,1.0,CTX,CTX,CTX,3,5
s1,CATGGGTATGCCTTAT-1,3,56.0,82.0,cc,cc,cc,9,11
s1,CATGGTCTAGATACCG-1,0,26.0,66.0,LSX,LSX,LSX,4,6
s1,CATGTAAGAGACATTT-1,2,54.0,90.0,CP,CP_lesioned,CP_lesioned,2,4
s1,CATGTCTCATTTATGG-1,2,49.0,85.0,CP,CP_lesioned,CP_lesioned,2,4
s1,CATTACGTCGGCCCGT-1,1,19.0,65.0,ACB,ACB_intact,ACB_intact,1,1
s1,CATTATGCTTGTTGTG-1,1,26.0,52.0,ACB,ACB_intact,ACB_intact,1,1
s1,CATTCCCTAAGTACAA-1,4,12.0,18.0,CTX,CTX,CTX,3,5
s1,CATTGCGAAATGGGCG-1,4,36.0,12.0,CTX,CTX,CTX,3,5
s1,CATTGTGTGCTAGATC-1,5,13.0,15.0,CTX,CTX,CTX,3,5
s1,CATTTAGCGGACCATG-1,1,25.0,85.0,ACB,ACB_lesioned,ACB_lesioned,1,2
s1,CATTTCTAGCAGACTA-1,2,16.0,26.0,CP,CP_intact,CP_intact,2,3
s1,CATTTGAGTGGTACGT-1,4,50.0,48.0,CTX,CTX,CTX,3,5
s1,CCAAACAGAACCCTCG-1,2,22.0,48.0,ACB,ACB_intact,ACB_intact,1,1
s1,CCAAATAACAAGATTC-1,4,51.0,113.0,CTX,CTX,CTX,3,5
s1,CCAACGATGCACTGAT-1,2,31.0,37.0,CP,CP_intact,CP_intact,2,3
s1,CCAACTTGATAGATCC-1,5,47.0,123.0,CTX,CTX,CTX,3,5
s1,CCAAGAAAGTGGGCGA-1,4,52.0,52.0,CTX,CTX,CTX,3,5
s1,CCAAGACTTCTGCGAA-1,1,20.0,62.0,ACB,ACB_intact,ACB_intact,1,1
s1,CCAAGCGTAACTCGTA-1,0,33.0,71.0,LSX,LSX,LSX,4,6
s1,CCAAGGAACAGAGAGG-1,1,14.0,48.0,OT,OT,OT,6,8
s1,CCAAGTTTCTACAGAT-1,5,14.0,8.0,CTX,CTX,CTX,3,5
s1,CCAATAGTGCCGTCGA-1,0,34.0,42.0,VL,VL,VL,7,9
s1,CCAATGTCACAGCAAG-1,3,37.0,49.0,VL,VL,VL,7,9
s1,CCAATTGAATGTTAAT-1,2,20.0,46.0,ACB,ACB_intact,ACB_intact,1,1
s1,CCACAATGTACGTCTT-1,1,29.0,85.0,ACB,ACB_lesioned,ACB_lesioned,1,2
s1,CCACACTGAGATATTA-1,3,39.0,49.0,cc,cc,cc,9,11
s1,CCACAGTACCCATCCT-1,2,48.0,92.0,CP,CP_lesioned,CP_lesioned,2,4
s1,CCACATACTGCACCCA-1,4,52.0,118.0,CTX,CTX,CTX,3,5
s1,CCACCAACTTTACTGT-1,4,52.0,40.0,CTX,CTX,CTX,3,5
s1,CCACCCAAGGAAAGTG-1,0,37.0,75.0,LSX,LSX,LSX,4,6
s1,CCACGAATTTAACCTC-1,2,41.0,109.0,CP,CP_lesioned,CP_lesioned,2,4
s1,CCACGGAGCCATAAGA-1,4,47.0,27.0,CTX,CTX,CTX,3,5
s1,CCACGGTGCCCGGTAG-1,1,35.0,107.0,OT,OT,OT,6,8
s1,CCACTGGTGGCTGGTT-1,4,39.0,21.0,CTX,CTX,CTX,3,5
s1,CCACTGTTTGGATTAA-1,5,58.0,106.0,CTX,CTX,CTX,3,5
s1,CCAGAAAGCAACTCAT-1,4,52.0,36.0,CTX,CTX,CTX,3,5
s1,CCAGAGACAAAGCCGG-1,2,23.0,21.0,CP,CP_intact,CP_intact,2,3
s1,CCAGATAGTTGAGTGA-1,1,28.0,84.0,ACB,ACB_lesioned,ACB_lesioned,1,2
s1,CCAGCCTGGACCAATA-1,0,37.0,65.0,LSX,LSX,LSX,4,6
s1,CCAGCTCGAACGCATT-1,4,63.0,65.0,CTX,CTX,CTX,3,5
s1,CCAGCTGATGGTACTT-1,5,37.0,21.0,CTX,CTX,CTX,3,5
s1,CCAGCTTCCGCCCGCA-1,3,29.0,17.0,cc,cc,cc,9,11
s1,CCAGGCTGGCGTCTGA-1,4,56.0,122.0,CTX,CTX,CTX,3,5
s1,CCAGGGACGTGGCCTC-1,0,27.0,53.0,VL,VL,VL,7,9
s1,CCAGTAGTCTGATCCA-1,1,27.0,91.0,ACB,ACB_lesioned,ACB_lesioned,1,2
s1,CCAGTCTAGACGGCGC-1,1,24.0,86.0,ACB,ACB_lesioned,ACB_lesioned,1,2
s1,CCAGTCTTGTCATAGA-1,4,59.0,59.0,CTX,CTX,CTX,3,5
s1,CCATACCTTTACTTGT-1,1,30.0,102.0,OT,OT,OT,6,8
s1,CCATAGGTTGGCGTGG-1,1,18.0,62.0,ACB,ACB_intact,ACB_intact,1,1
s1,CCATAGTCAGTAACCC-1,2,15.0,17.0,CP,CP_intact,CP_intact,2,3
s1,CCATATGGAAACTATA-1,2,53.0,103.0,CP,CP_lesioned,CP_lesioned,2,4
s1,CCATCCATACCAAGTC-1,2,14.0,38.0,CP,CP_intact,CP_intact,2,3
s1,CCATCGCAGTTAAACT-1,3,50.0,62.0,cc,cc,cc,9,11
s1,CCATCTCACCAGTGAA-1,1,38.0,98.0,CP,CP_lesioned,CP_lesioned,2,4
s1,CCATGCCCTAGATTTC-1,3,56.0,98.0,cc,cc,cc,9,11
s1,CCATGCCTGTTTAGTA-1,0,35.0,53.0,LSX,LSX,LSX,4,6
s1,CCATGCTCTGCAGGAA-1,2,21.0,43.0,CP,CP_intact,CP_intact,2,3
s1,CCATGGCCCTTGTACC-1,3,32.0,22.0,cc,cc,cc,9,11
s1,CCATTAGCGATAATCC-1,1,32.0,42.0,CP,CP_intact,CP_intact,2,3
s1,CCATTCCCTGCCCACA-1,2,33.0,39.0,CP,CP_intact,CP_intact,2,3
s1,CCATTTCTACCTATTA-1,3,55.0,71.0,cc,cc,cc,9,11
s1,CCCAAACATGCTGCTC-1,1,34.0,88.0,ACB,ACB_lesioned,ACB_lesioned,1,2
s1,CCCAACATACGTCGCG-1,5,43.0,35.0,CTX,CTX,CTX,3,5
s1,CCCAATTTCACAACTT-1,3,39.0,33.0,cc,cc,cc,9,11
s1,CCCAGGTCTGAAGGCT-1,5,53.0,111.0,CTX,CTX,CTX,3,5
s1,CCCAGTTAAGGCGCCG-1,2,42.0,82.0,CP,CP_lesioned,CP_lesioned,2,4
s1,CCCGACCATAGTCCGC-1,0,20.0,74.0,ACB,ACB_intact,ACB_intact,1,1
s1,CCCGAGTTTCTCCGTA-1,2,48.0,108.0,CP,CP_lesioned,CP_lesioned,2,4
s1,CCCGCAGCGCGAACTA-1,3,49.0,67.0,cc,cc,cc,9,11
s1,CCCGCCATGCTCCCGT-1,2,19.0,41.0,CP,CP_intact,CP_intact,2,3
s1,CCCGCGCAATGCACCC-1,2,19.0,23.0,CP,CP_intact,CP_intact,2,3
s1,CCCGGTGGAAGAACCT-1,2,25.0,21.0,CP,CP_intact,CP_intact,2,3
s1,CCCGTAAGTCTAGGCC-1,5,40.0,28.0,CTX,CTX,CTX,3,5
s1,CCCGTCAGCGTCTGAC-1,2,23.0,51.0,ACB,ACB_intact,ACB_intact,1,1
s1,CCCGTTTCGCAGATGT-1,2,52.0,106.0,CP,CP_lesioned,CP_lesioned,2,4
s1,CCCTCAAGCTCTTAGT-1,5,20.0,4.0,CTX,CTX,CTX,3,5
s1,CCCTCATTCTGGAATT-1,2,16.0,44.0,ACB,ACB_intact,ACB_intact,1,1
s1,CCCTCCTCGCTCGTAT-1,2,50.0,106.0,CP,CP_lesioned,CP_lesioned,2,4
s1,CCCTGAAATGAGTTGA-1,2,31.0,39.0,CP,CP_intact,CP_intact,2,3
s1,CCCTGACTAACAAATT-1,4,38.0,12.0,CTX,CTX,CTX,3,5
s1,CCCTGATGTAACTCGT-1,3,14.0,16.0,cc,cc,cc,9,11
s1,CCCTGCCCAATCCGCT-1,4,41.0,19.0,CTX,CTX,CTX,3,5
s1,CCCTGCGCTACGCATA-1,3,34.0,24.0,cc,cc,cc,9,11
s1,CCCTGTTGGCAAAGAC-1,4,12.0,10.0,CTX,CTX,CTX,3,5
s1,CCCTTTAATGGAGTTC-1,4,63.0,109.0,CTX,CTX,CTX,3,5
s1,CCCTTTGACAGGTCTT-1,4,50.0,56.0,CTX,CTX,CTX,3,5
s1,CCGAAAGTGGTGAGCA-1,2,17.0,27.0,CP,CP_intact,CP_intact,2,3
s1,CCGAACACTGGGCCTC-1,4,44.0,18.0,CTX,CTX,CTX,3,5
s1,CCGAACCTTCCCGGCC-1,3,49.0,71.0,VL,VL,VL,7,9
s1,CCGAAGTATATTGTTC-1,2,22.0,22.0,CP,CP_intact,CP_intact,2,3
s1,CCGACAAACACATGAG-1,2,16.0,14.0,CP,CP_intact,CP_intact,2,3
s1,CCGACAAAGGGAGTGC-1,5,33.0,21.0,cc,cc,cc,9,11
s1,CCGACAATAGGCCGCC-1,5,57.0,111.0,CTX,CTX,CTX,3,5
s1,CCGAGAAGTCGCATAA-1,5,46.0,112.0,cc,cc,cc,9,11
s1,CCGATCTCAACCTTAT-1,1,37.0,101.0,ACB,ACB_lesioned,ACB_lesioned,1,2
s1,CCGATTCGAGGGACCC-1,4,38.0,20.0,CTX,CTX,CTX,3,5
s1,CCGCACAAAGACCAAC-1,0,36.0,76.0,LSX,LSX,LSX,4,6
s1,CCGCACGTGACCTCGG-1,2,28.0,26.0,CP,CP_intact,CP_intact,2,3
s1,CCGCATGTGGTACGAT-1,5,56.0,66.0,CTX,CTX,CTX,3,5
s1,CCGCCGGTCAACACAC-1,1,13.0,55.0,OT,OT,OT,6,8
s1,CCGCCGTTGAGGATAA-1,4,45.0,119.0,CTX,CTX,CTX,3,5
s1,CCGCGATTTGGTAGGT-1,4,39.0,9.0,CTX,CTX,CTX,3,5
s1,CCGCGGAATGCGTCAC-1,0,51.0,45.0,CTX,CTX,CTX,3,5
s1,CCGCGGGTACGAAGAA-1,2,32.0,26.0,CP,CP_intact,CP_intact,2,3
s1,CCGCGTAGGTAAGGGC-1,2,30.0,22.0,CP,CP_intact,CP_intact,2,3
s1,CCGCTATCAGCACCAG-1,3,45.0,63.0,cc,cc,cc,9,11
s1,CCGCTCTTCCGAACTA-1,4,63.0,99.0,CTX,CTX,CTX,3,5
s1,CCGCTTACCTCACTCT-1,4,47.0,35.0,CTX,CTX,CTX,3,5
s1,CCGGAATGGTTTCAGT-1,2,24.0,32.0,CP,CP_intact,CP_intact,2,3
s1,CCGGAGCGTACTTTCT-1,4,58.0,56.0,CTX,CTX,CTX,3,5
s1,CCGGCACGACCGTTTC-1,5,35.0,111.0,OT,OT,OT,6,8
s1,CCGGCGCATATTGGAT-1,1,14.0,56.0,OT,OT,OT,6,8
s1,CCGGGACCCGCAGAGA-1,1,16.0,52.0,ACB,ACB_intact,ACB_intact,1,1
s1,CCGGGCGGTCTCGTCA-1,0,32.0,76.0,LSX,LSX,LSX,4,6
s1,CCGGGCTGCTCCATAC-1,2,36.0,86.0,ACB,ACB_lesioned,ACB_lesioned,1,2
s1,CCGGGTTCGAGGTTAC-1,3,38.0,32.0,cc,cc,cc,9,11
s1,CCGGTAATGGCTAGTC-1,4,38.0,114.0,CTX,CTX,CTX,3,5
s1,CCGGTTTGTAATTGTG-1,4,56.0,42.0,CTX,CTX,CTX,3,5
s1,CCGTAAGTTGGTCCCA-1,0,33.0,77.0,LSX,LSX,LSX,4,6
s1,CCGTAGGAAATCCCTG-1,5,60.0,96.0,CTX,CTX,CTX,3,5
s1,CCGTAGGGTTGTTTAC-1,5,60.0,104.0,CTX,CTX,CTX,3,5
s1,CCGTGCCCATGACGGC-1,1,12.0,48.0,ACB,ACB_intact,ACB_intact,1,1
s1,CCGTGTTAAATTCCAT-1,4,48.0,36.0,CTX,CTX,CTX,3,5
s1,CCGTTCCGAATCTCGG-1,4,40.0,22.0,CTX,CTX,CTX,3,5
s1,CCTAAATTAACGGTTC-1,3,42.0,68.0,VL,VL,VL,7,9
s1,CCTAAATTGTATCCTA-1,4,52.0,114.0,CTX,CTX,CTX,3,5
s1,CCTAACCCAAACAAGT-1,2,49.0,89.0,CP,CP_lesioned,CP_lesioned,2,4
s1,CCTACATTCACAGACG-1,4,51.0,33.0,CTX,CTX,CTX,3,5
s1,CCTACGGCTCAGTCGA-1,2,16.0,32.0,CP,CP_intact,CP_intact,2,3
s1,CCTACTGCTTACACTT-1,2,27.0,49.0,CP,CP_intact,CP_intact,2,3
s1,CCTAGGCGTAGCGATC-1,2,36.0,88.0,ACB,ACB_lesioned,ACB_lesioned,1,2
s1,CCTATAATGAGTGCCC-1,3,55.0,81.0,cc,cc,cc,9,11
s1,CCTATACCGTCCTGTC-1,4,55.0,45.0,CTX,CTX,CTX,3,5
s1,CCTATCTATATCGGAA-1,0,19.0,77.0,MSC,MSC,MSC,5,7
s1,CCTATGAAGTGGTGCC-1,2,37.0,111.0,CP,CP_lesioned,CP_lesioned,2,4
s1,CCTATGGGTTACCGTC-1,0,29.0,69.0,MSC,MSC,MSC,5,7
s1,CCTATGTCCACTCCAC-1,5,62.0,92.0,CTX,CTX,CTX,3,5
s1,CCTCACCAATCTTGAC-1,2,17.0,35.0,CP,CP_intact,CP_intact,2,3
s1,CCTCACCTGAGGGAGC-1,1,28.0,102.0,ACB,ACB_lesioned,ACB_lesioned,1,2
s1,CCTCACCTTAGCATCG-1,1,27.0,97.0,ACB,ACB_lesioned,ACB_lesioned,1,2
s1,CCTCCGACAATTCAAG-1,2,33.0,33.0,CP,CP_intact,CP_intact,2,3
s1,CCTCCTGAGCCCACAT-1,4,38.0,8.0,CTX,CTX,CTX,3,5
s1,CCTCCTGTTGTGTCGT-1,5,62.0,96.0,CTX,CTX,CTX,3,5
s1,CCTCGCCAGCAAATTA-1,0,18.0,74.0,ACB,ACB_intact,ACB_intact,1,1
s1,CCTCGCGCTGTGCGAT-1,5,57.0,59.0,CTX,CTX,CTX,3,5
s1,CCTCGGACCGGGATAG-1,2,41.0,85.0,CP,CP_lesioned,CP_lesioned,2,4
s1,CCTCGGATGCTACCTG-1,4,32.0,10.0,CTX,CTX,CTX,3,5
s1,CCTCTAATCTGCCAAG-1,0,23.0,73.0,LSX,LSX,LSX,4,6
s1,CCTCTCTCCCATCTAG-1,2,34.0,36.0,CP,CP_intact,CP_intact,2,3
s1,CCTCTGTACTATTCTA-1,5,53.0,61.0,CTX,CTX,CTX,3,5
s1,CCTGAACGATATATTC-1,2,37.0,85.0,ACB,ACB_lesioned,ACB_lesioned,1,2
s1,CCTGAATATTTACATA-1,0,23.0,71.0,LSX,LSX,LSX,4,6
s1,CCTGACAAACTCGCGC-1,5,19.0,3.0,CTX,CTX,CTX,3,5
s1,CCTGACCACCGATGGT-1,3,45.0,61.0,cc,cc,cc,9,11
s1,CCTGCCCGTTGTCTAG-1,4,35.0,9.0,CTX,CTX,CTX,3,5
s1,CCTGCGTTCTACGCTT-1,4,32.0,14.0,CTX,CTX,CTX,3,5
s1,CCTGCTATTTGAGAAG-1,2,26.0,50.0,CP,CP_intact,CP_intact,2,3
s1,CCTGGAAACGTTCTGC-1,0,39.0,113.0,CP,CP_lesioned,CP_lesioned,2,4
s1,CCTGGCTAGACCCGCC-1,2,29.0,43.0,CP,CP_intact,CP_intact,2,3
s1,CCTGGTCGAATGTGGG-1,4,59.0,69.0,CTX,CTX,CTX,3,5
s1,CCTGTAAGACATGATA-1,3,37.0,41.0,VL,VL,VL,7,9
s1,CCTGTACTCACGCCCA-1,5,40.0,24.0,CTX,CTX,CTX,3,5
s1,CCTGTCACCCGGGCTC-1,0,29.0,67.0,LSX,LSX,LSX,4,6
s1,CCTGTCGCCCGTAAAT-1,0,36.0,62.0,LSX,LSX,LSX,4,6
s1,CCTGTGAAACCGTAAC-1,4,34.0,2.0,CTX,CTX,CTX,3,5
s1,CCTGTTTGAAGACACG-1,5,58.0,94.0,cc,cc,cc,9,11
s1,CCTTCTCAGCGTTCCT-1,4,43.0,15.0,CTX,CTX,CTX,3,5
s1,CCTTCTTGATCCAGTG-1,1,19.0,73.0,ACB,ACB_intact,ACB_intact,1,1
s1,CCTTGACCACTTTATT-1,5,55.0,109.0,CTX,CTX,CTX,3,5
s1,CCTTTAAGGGAGCACT-1,4,58.0,50.0,CTX,CTX,CTX,3,5
s1,CGAAACGCAATTCATG-1,5,41.0,33.0,cc,cc,cc,9,11
s1,CGAACAGTATGGGCGT-1,2,50.0,96.0,CP,CP_lesioned,CP_lesioned,2,4
s1,CGAACCCGCATGCGTC-1,4,49.0,49.0,CTX,CTX,CTX,3,5
s1,CGAAGACGGTGAGTGC-1,4,33.0,3.0,CTX,CTX,CTX,3,5
s1,CGAAGTTGCTCTGTGT-1,2,33.0,35.0,CP,CP_intact,CP_intact,2,3
s1,CGACAATTTGATCTAA-1,2,43.0,95.0,CP,CP_lesioned,CP_lesioned,2,4
s1,CGACACGCTCCGACAG-1,2,46.0,94.0,CP,CP_lesioned,CP_lesioned,2,4
s1,CGACAGTTCGCGTTAT-1,3,36.0,42.0,VL,VL,VL,7,9
s1,CGACTCAGGATGTTAT-1,1,23.0,89.0,ACB,ACB_lesioned,ACB_lesioned,1,2
s1,CGAGACCCTAGAGTGT-1,3,43.0,61.0,cc,cc,cc,9,11
s1,CGAGAGATGTGAACCT-1,0,29.0,73.0,LSX,LSX,LSX,4,6
s1,CGAGAGCTTTCACTAC-1,4,64.0,88.0,CTX,CTX,CTX,3,5
s1,CGAGAGGGTAGCCGCG-1,5,56.0,104.0,CTX,CTX,CTX,3,5
s1,CGAGATTTCGCTCGGG-1,4,42.0,116.0,CTX,CTX,CTX,3,5
s1,CGAGCACTTCAAGTTT-1,2,23.0,25.0,CP,CP_intact,CP_intact,2,3
s1,CGAGCGTTGATCAGCC-1,2,12.0,46.0,ACB,ACB_intact,ACB_intact,1,1
s1,CGAGCTGGGCTTTAGG-1,1,17.0,67.0,ACB,ACB_intact,ACB_intact,1,1
s1,CGAGGCCAGGCATTGG-1,2,14.0,22.0,CP,CP_intact,CP_intact,2,3
s1,CGAGGCTAAATATGGC-1,0,29.0,71.0,MSC,MSC,MSC,5,7
s1,CGAGGGACTGCGGTCG-1,0,38.0,78.0,LSX,LSX,LSX,4,6
s1,CGAGTACTAAAGAGGA-1,4,45.0,35.0,CTX,CTX,CTX,3,5
s1,CGAGTTCTGTCCCACC-1,1,27.0,85.0,ACB,ACB_lesioned,ACB_lesioned,1,2
s1,CGAGTTTATCGGACTG-1,1,37.0,93.0,ACB,ACB_lesioned,ACB_lesioned,1,2
s1,CGATAATACTCAGGTT-1,4,43.0,117.0,CTX,CTX,CTX,3,5
s1,CGATACCTCGCGGACA-1,3,40.0,48.0,cc,cc,cc,9,11
s1,CGATAGTCGTACTGCA-1,4,66.0,88.0,CTX,CTX,CTX,3,5
s1,CGATCCGACCCAGTGC-1,3,38.0,50.0,VL,VL,VL,7,9
s1,CGATCTGTTGGAGGAC-1,4,46.0,24.0,CTX,CTX,CTX,3,5
s1,CGATTAAATATCTCCT-1,5,56.0,62.0,CTX,CTX,CTX,3,5
s1,CGATTCGCCTGGCTGC-1,5,57.0,73.0,CTX,CTX,CTX,3,5
s1,CGCAAACACGAGTTAC-1,2,27.0,37.0,CP,CP_intact,CP_intact,2,3
s1,CGCAATTACTTTCGGT-1,2,23.0,33.0,CP,CP_intact,CP_intact,2,3
s1,CGCAATTAGGGTAATA-1,2,28.0,44.0,CP,CP_intact,CP_intact,2,3
s1,CGCAATTCTACAATAA-1,2,26.0,28.0,CP,CP_intact,CP_intact,2,3
s1,CGCACATGTCCACTAC-1,2,39.0,87.0,CP,CP_lesioned,CP_lesioned,2,4
s1,CGCACGTGCGCTATCA-1,1,39.0,99.0,CP,CP_lesioned,CP_lesioned,2,4
s1,CGCAGGCGATCCAAAC-1,2,52.0,102.0,CP,CP_lesioned,CP_lesioned,2,4
s1,CGCATGCCGAATGCGT-1,4,67.0,89.0,CTX,CTX,CTX,3,5
s1,CGCATGGTGCGATGCT-1,0,40.0,66.0,LSX,LSX,LSX,4,6
s1,CGCATTAGCTAATAGG-1,0,27.0,57.0,LSX,LSX,LSX,4,6
s1,CGCCAAGAAGCCGAGT-1,4,39.0,17.0,CTX,CTX,CTX,3,5
s1,CGCCATCCGATTATGA-1,0,24.0,80.0,MSC,MSC,MSC,5,7
s1,CGCCCAGCACGCCTAG-1,4,59.0,51.0,CTX,CTX,CTX,3,5
s1,CGCCCAGCGTTTCACG-1,4,65.0,89.0,CTX,CTX,CTX,3,5
s1,CGCCCTTGAAGGCTGA-1,2,24.0,20.0,CP,CP_intact,CP_intact,2,3
s1,CGCCGACTATTCGCTA-1,4,35.0,5.0,CTX,CTX,CTX,3,5
s1,CGCCGCCCATGCCTGT-1,2,39.0,83.0,CP,CP_lesioned,CP_lesioned,2,4
s1,CGCCGTTCAGCATAGT-1,5,58.0,104.0,CTX,CTX,CTX,3,5
s1,CGCCTGGCCTACGTAA-1,5,41.0,27.0,CTX,CTX,CTX,3,5
s1,CGCCTTTAGCATGCTC-1,4,45.0,117.0,CTX,CTX,CTX,3,5
s1,CGCGAAGTGGCATACT-1,4,64.0,96.0,CTX,CTX,CTX,3,5
s1,CGCGACACTGCGCAGC-1,3,24.0,12.0,cc,cc,cc,9,11
s1,CGCGACCGCGACAGAT-1,5,59.0,81.0,CTX,CTX,CTX,3,5
s1,CGCGCATGTTTGATTG-1,4,50.0,54.0,CTX,CTX,CTX,3,5
s1,CGCGCCCGACTTAATA-1,0,21.0,75.0,MSC,MSC,MSC,5,7
s1,CGCGGCAGTATTACGG-1,4,12.0,16.0,CTX,CTX,CTX,3,5
s1,CGCGGCTCAACTTGAA-1,2,43.0,97.0,CP,CP_lesioned,CP_lesioned,2,4
s1,CGCGGGAATTAGGCAG-1,0,28.0,80.0,LSX,LSX,LSX,4,6
s1,CGCGGTACGGTATACA-1,4,62.0,118.0,CTX,CTX,CTX,3,5
s1,CGCGTTCATGAAATAC-1,1,27.0,51.0,VL,VL,VL,7,9
s1,CGCTACGGGACATTTA-1,3,38.0,48.0,VL,VL,VL,7,9
s1,CGCTAGAGACCGCTGC-1,2,39.0,101.0,CP,CP_lesioned,CP_lesioned,2,4
s1,CGCTATACCGCCCACT-1,2,14.0,36.0,CP,CP_intact,CP_intact,2,3
s1,CGCTATTCAATGTATG-1,2,19.0,31.0,CP,CP_intact,CP_intact,2,3
s1,CGCTATTCTTAGGCTC-1,0,38.0,60.0,LSX,LSX,LSX,4,6
s1,CGCTCGACATAATGAT-1,2,21.0,45.0,CP,CP_intact,CP_intact,2,3
s1,CGCTCTCCGTAGATTA-1,2,33.0,37.0,CP,CP_intact,CP_intact,2,3
s1,CGCTGGTGACTACCCT-1,2,48.0,98.0,CP,CP_lesioned,CP_lesioned,2,4
s1,CGCTGTGACGCCGCAC-1,2,25.0,47.0,CP,CP_intact,CP_intact,2,3
s1,CGCTTATTCCCGGTCG-1,5,42.0,30.0,CTX,CTX,CTX,3,5
s1,CGCTTCCACTGAAATC-1,2,18.0,42.0,CP,CP_intact,CP_intact,2,3
s1,CGCTTCGGTCTAAGAC-1,4,66.0,104.0,CTX,CTX,CTX,3,5
s1,CGCTTGGACGGATAGA-1,4,63.0,117.0,CTX,CTX,CTX,3,5
s1,CGCTTTCATACCGGTG-1,1,14.0,50.0,OT,OT,OT,6,8
s1,CGCTTTCTTGCATTCG-1,1,31.0,85.0,ACB,ACB_lesioned,ACB_lesioned,1,2
s1,CGGAAAGAATCAAACG-1,4,58.0,48.0,CTX,CTX,CTX,3,5
s1,CGGAAAGCAAATGTGC-1,5,18.0,6.0,CTX,CTX,CTX,3,5
s1,CGGAACGTAAACATAG-1,4,47.0,45.0,CTX,CTX,CTX,3,5
s1,CGGAGCAATTTAATCG-1,5,54.0,60.0,CTX,CTX,CTX,3,5
s1,CGGAGCATGGCGATCC-1,0,39.0,67.0,LSX,LSX,LSX,4,6
s1,CGGAGTTTGAGAGACA-1,2,30.0,34.0,CP,CP_intact,CP_intact,2,3
s1,CGGATAAGCGGACATG-1,2,19.0,17.0,CP,CP_intact,CP_intact,2,3
s1,CGGATCCTCAAGGACT-1,5,60.0,80.0,CTX,CTX,CTX,3,5
s1,CGGCAAACATCGTGCG-1,3,52.0,66.0,cc,cc,cc,9,11
s1,CGGCAATAAGATCGCC-1,5,54.0,108.0,CTX,CTX,CTX,3,5
s1,CGGCAGGGTCGGGTTG-1,3,32.0,94.0,aco,aco,aco,8,10
s1,CGGCCACGCACAAAGT-1,0,35.0,59.0,LSX,LSX,LSX,4,6
s1,CGGCCCAGGTATATCC-1,2,43.0,105.0,CP,CP_lesioned,CP_lesioned,2,4
s1,CGGCGCCATCAATCCC-1,5,59.0,93.0,CTX,CTX,CTX,3,5
s1,CGGCTCTAAAGCTGCA-1,2,46.0,110.0,CP,CP_lesioned,CP_lesioned,2,4
s1,CGGGAATATAGTATAC-1,2,47.0,105.0,CP,CP_lesioned,CP_lesioned,2,4
s1,CGGGAATTTATGTAAA-1,3,45.0,65.0,VL,VL,VL,7,9
s1,CGGGAGCTTCAGTGTA-1,2,49.0,91.0,CP,CP_lesioned,CP_lesioned,2,4
s1,CGGGAGTATACCGCCG-1,2,19.0,15.0,CP,CP_intact,CP_intact,2,3
s1,CGGGATCAATGTAAGA-1,1,23.0,59.0,ACB,ACB_intact,ACB_intact,1,1
s1,CGGGCAGCTAAACCGC-1,0,32.0,56.0,LSX,LSX,LSX,4,6
s1,CGGGCCATAGCCGCAC-1,2,14.0,18.0,CP,CP_intact,CP_intact,2,3
s1,CGGGCCTTCTTTGTAA-1,3,41.0,55.0,cc,cc,cc,9,11
s1,CGGGTGTACCCATTTA-1,1,32.0,86.0,ACB,ACB_lesioned,ACB_lesioned,1,2
s1,CGGGTTTGTTAGGGCT-1,4,56.0,114.0,CTX,CTX,CTX,3,5
s1,CGGTACTAGAATCAAA-1,2,43.0,83.0,CP,CP_lesioned,CP_lesioned,2,4
s1,CGGTCAAGTGGGAACC-1,0,26.0,80.0,LSX,LSX,LSX,4,6
s1,CGGTGAAGACTAAAGT-1,5,35.0,23.0,CTX,CTX,CTX,3,5
s1,CGGTGCAGATAGAACG-1,5,42.0,36.0,CTX,CTX,CTX,3,5
s1,CGGTGCGCGTTGGTCC-1,4,49.0,39.0,CTX,CTX,CTX,3,5
s1,CGGTGTACTTGATCCC-1,2,17.0,31.0,CP,CP_intact,CP_intact,2,3
s1,CGGTTATCCAACAGTG-1,2,30.0,98.0,ACB,ACB_lesioned,ACB_lesioned,1,2
s1,CGGTTGACCTGGCATA-1,5,39.0,25.0,CTX,CTX,CTX,3,5
s1,CGTAATAATTACGAGT-1,4,14.0,6.0,CTX,CTX,CTX,3,5
s1,CGTACCTGATAGGCCT-1,1,22.0,68.0,ACB,ACB_intact,ACB_intact,1,1
s1,CGTAGAGAGTAATTAT-1,4,67.0,87.0,CTX,CTX,CTX,3,5
s1,CGTATTAAGAGATCTA-1,0,32.0,54.0,LSX,LSX,LSX,4,6
s1,CGTCAAGGCTATAAAT-1,5,30.0,14.0,CTX,CTX,CTX,3,5
s1,CGTCACGTCCATTGGT-1,4,47.0,51.0,CTX,CTX,CTX,3,5
s1,CGTCAGCTATTTACTC-1,5,17.0,11.0,cc,cc,cc,9,11
s1,CGTCATACCATATCCA-1,2,20.0,20.0,CP,CP_intact,CP_intact,2,3
s1,CGTCGCATGTGAGCCA-1,4,65.0,77.0,CTX,CTX,CTX,3,5
s1,CGTCGCGGCGGGATTT-1,4,12.0,14.0,CTX,CTX,CTX,3,5
s1,CGTCGGATAGTGTTGA-1,1,34.0,96.0,ACB,ACB_lesioned,ACB_lesioned,1,2
s1,CGTCGTCCTTCGCGAA-1,3,56.0,76.0,cc,cc,cc,9,11
s1,CGTCTGGAAGGGCCCG-1,1,16.0,62.0,ACB,ACB_intact,ACB_intact,1,1
s1,CGTGAAGTTAATTCAC-1,3,40.0,56.0,cc,cc,cc,9,11
s1,CGTGCAGACTGGGACA-1,0,40.0,74.0,VL,VL,VL,7,9
s1,CGTGCATTGTCGACGC-1,3,39.0,31.0,cc,cc,cc,9,11
s1,CGTGCCCTCCCGAAGA-1,1,43.0,77.0,VL,VL,VL,7,9
s1,CGTGGAAGCCTCGTAC-1,4,48.0,120.0,CTX,CTX,CTX,3,5
s1,CGTGGCCGAATATCTA-1,2,47.0,101.0,CP,CP_lesioned,CP_lesioned,2,4
s1,CGTGTATGGGAGCTGA-1,4,65.0,111.0,CTX,CTX,CTX,3,5
s1,CGTGTCCCATTCGCGA-1,2,28.0,40.0,CP,CP_intact,CP_intact,2,3
s1,CGTTAAACTAGTTAGG-1,5,49.0,111.0,cc,cc,cc,9,11
s1,CGTTAATGTCCCGACG-1,5,59.0,87.0,CTX,CTX,CTX,3,5
s1,CGTTGAATACCGCGCT-1,5,57.0,77.0,CTX,CTX,CTX,3,5
s1,CGTTGTAAACGTCAGG-1,2,21.0,13.0,CP,CP_intact,CP_intact,2,3
s1,CGTTGTTTCAATTCCC-1,1,34.0,40.0,CP,CP_intact,CP_intact,2,3
s1,CGTTTAAGCGGAGCAC-1,1,13.0,59.0,OT,OT,OT,6,8
s1,CGTTTGTGTAGAGGGT-1,4,55.0,41.0,CTX,CTX,CTX,3,5
s1,CTAAAGAATGCCTACT-1,3,36.0,36.0,VL,VL,VL,7,9
s1,CTAAAGGGAAATAGGA-1,3,44.0,62.0,cc,cc,cc,9,11
s1,CTAAATCCTATTCCGG-1,1,26.0,84.0,ACB,ACB_lesioned,ACB_lesioned,1,2
s1,CTAACCGCGCGCCCGT-1,3,37.0,35.0,cc,cc,cc,9,11
s1,CTAACGAAACTTGCTG-1,1,30.0,94.0,ACB,ACB_lesioned,ACB_lesioned,1,2
s1,CTAACTGATAATCGCC-1,5,58.0,102.0,CTX,CTX,CTX,3,5
s1,CTAACTGGTCCGGTTC-1,4,50.0,36.0,CTX,CTX,CTX,3,5
s1,CTAATTCGCACGCGCT-1,2,28.0,34.0,CP,CP_intact,CP_intact,2,3
s1,CTAATTTCAACAACAC-1,2,21.0,27.0,CP,CP_intact,CP_intact,2,3
s1,CTACACTCGCAGATGG-1,5,57.0,101.0,CTX,CTX,CTX,3,5
s1,CTACCCTAAGGTCATA-1,1,31.0,91.0,ACB,ACB_lesioned,ACB_lesioned,1,2
s1,CTACGACTAGCTATAA-1,5,38.0,24.0,CTX,CTX,CTX,3,5
s1,CTACGCACGGAGTACC-1,0,35.0,57.0,LSX,LSX,LSX,4,6
s1,CTACTATCTTTCAGAG-1,1,29.0,93.0,ACB,ACB_lesioned,ACB_lesioned,1,2
s1,CTACTCTAGGCCCGGC-1,2,31.0,25.0,CP,CP_intact,CP_intact,2,3
s1,CTACTGCCACCTGACC-1,0,27.0,63.0,LSX,LSX,LSX,4,6
s1,CTAGATGTGAGTGTAA-1,2,33.0,103.0,ACB,ACB_lesioned,ACB_lesioned,1,2
s1,CTAGCATAGTATAATG-1,0,34.0,66.0,LSX,LSX,LSX,4,6
s1,CTAGCCACAGGCGAGC-1,4,59.0,117.0,CTX,CTX,CTX,3,5
s1,CTAGGCGCCCTATCAG-1,2,51.0,91.0,CP,CP_lesioned,CP_lesioned,2,4
s1,CTAGGTCTGAAGGAAT-1,1,36.0,104.0,ACB,ACB_lesioned,ACB_lesioned,1,2
s1,CTAGGTTCGGACGTGA-1,5,58.0,70.0,CTX,CTX,CTX,3,5
s1,CTAGTAGAAAGGGATT-1,4,63.0,81.0,CTX,CTX,CTX,3,5
s1,CTAGTCACGTCTTAAG-1,0,37.0,69.0,LSX,LSX,LSX,4,6
s1,CTAGTGAAGGACAGGA-1,1,34.0,38.0,CP,CP_intact,CP_intact,2,3
s1,CTAGTTACAACCCGGT-1,3,53.0,67.0,cc,cc,cc,9,11
s1,CTAGTTGGGCCCGGTA-1,0,26.0,68.0,LSX,LSX,LSX,4,6
s1,CTATCGACGAAATACA-1,2,53.0,93.0,CP,CP_lesioned,CP_lesioned,2,4
s1,CTATCGCGTAGAGAAC-1,4,58.0,118.0,CTX,CTX,CTX,3,5
s1,CTATCGGGTCTCAACA-1,0,35.0,69.0,LSX,LSX,LSX,4,6
s1,CTATGGGAAGCGGAAT-1,3,54.0,104.0,cc,cc,cc,9,11
s1,CTATGTCACTAGCCCA-1,0,30.0,66.0,LSX,LSX,LSX,4,6
s1,CTATTCATGTGTCCCA-1,5,52.0,62.0,cc,cc,cc,9,11
s1,CTATTTGGTTACGGAT-1,0,36.0,82.0,VL,VL,VL,7,9
s1,CTCAACTAACCCGGAT-1,5,63.0,85.0,CTX,CTX,CTX,3,5
s1,CTCACATTTACTAAAT-1,4,62.0,68.0,CTX,CTX,CTX,3,5
s1,CTCACCAGTACAAGTG-1,4,32.0,2.0,CTX,CTX,CTX,3,5
s1,CTCACTGTGATACTTA-1,4,63.0,75.0,CTX,CTX,CTX,3,5
s1,CTCACTTGGCTGGTAA-1,5,40.0,26.0,CTX,CTX,CTX,3,5
s1,CTCAGGACTCACCTGT-1,2,16.0,30.0,CP,CP_intact,CP_intact,2,3
s1,CTCATTCGTGAACATC-1,4,27.0,3.0,CTX,CTX,CTX,3,5
s1,CTCATTGCTCTAACAA-1,4,60.0,78.0,CTX,CTX,CTX,3,5
s1,CTCATTTGATGGGCGG-1,1,22.0,62.0,ACB,ACB_intact,ACB_intact,1,1
s1,CTCCCAATGAGTCGCG-1,4,51.0,115.0,CTX,CTX,CTX,3,5
s1,CTCCGCCCACATGAGG-1,4,43.0,39.0,CTX,CTX,CTX,3,5
s1,CTCCGGCCTAATATGC-1,1,19.0,59.0,ACB,ACB_intact,ACB_intact,1,1
s1,CTCCGGCTTGTAGACA-1,2,15.0,19.0,CP,CP_intact,CP_intact,2,3
s1,CTCCTGTTCAAGGCAG-1,4,55.0,117.0,CTX,CTX,CTX,3,5
s1,CTCGAGGTCGAACAGT-1,0,29.0,59.0,LSX,LSX,LSX,4,6
s1,CTCGCACCTATATAGT-1,0,24.0,68.0,ACB,ACB_intact,ACB_intact,1,1
s1,CTCGCCGAATGTAGGG-1,4,60.0,64.0,CTX,CTX,CTX,3,5
s1,CTCGGTACCACTGCTC-1,2,41.0,81.0,CP,CP_lesioned,CP_lesioned,2,4
s1,CTCGGTCCGTAGCCTG-1,1,18.0,50.0,ACB,ACB_intact,ACB_intact,1,1
s1,CTCTACACTGGCGATT-1,4,43.0,17.0,CTX,CTX,CTX,3,5
s1,CTCTAGCCCTCGGAAA-1,4,66.0,90.0,CTX,CTX,CTX,3,5
s1,CTCTATTTGGCTGCAG-1,3,48.0,68.0,VL,VL,VL,7,9
s1,CTCTCACAATCGATGA-1,0,32.0,70.0,LSX,LSX,LSX,4,6
s1,CTCTCGCTGTACTATG-1,5,24.0,6.0,CTX,CTX,CTX,3,5
s1,CTCTGCGAAGCAAGCA-1,2,12.0,50.0,OT,OT,OT,6,8
s1,CTCTGGACGCCTGGTG-1,0,32.0,62.0,LSX,LSX,LSX,4,6
s1,CTCTTCTATTGACTGG-1,2,46.0,100.0,CP,CP_lesioned,CP_lesioned,2,4
s1,CTCTTGTCCCGCTTGG-1,5,54.0,58.0,CTX,CTX,CTX,3,5
s1,CTGAAAGAGATCCGAC-1,1,19.0,69.0,ACB,ACB_intact,ACB_intact,1,1
s1,CTGAATCCGAGACCTC-1,4,47.0,53.0,CTX,CTX,CTX,3,5
s1,CTGACATAGAAATAGA-1,4,51.0,119.0,CTX,CTX,CTX,3,5
s1,CTGACTGCGCAGCTCG-1,2,31.0,101.0,ACB,ACB_lesioned,ACB_lesioned,1,2
s1,CTGAGAAAGTTCGGCG-1,4,49.0,117.0,CTX,CTX,CTX,3,5
s1,CTGAGCAAGTAACAAG-1,2,15.0,25.0,CP,CP_intact,CP_intact,2,3
s1,CTGATAGTGTATCTCA-1,5,32.0,16.0,CTX,CTX,CTX,3,5
s1,CTGCAAGCACGTTCCG-1,4,61.0,111.0,CTX,CTX,CTX,3,5
s1,CTGCACAACTACATAT-1,2,50.0,76.0,CP,CP_lesioned,CP_lesioned,2,4
s1,CTGCACCTGGAACCGC-1,1,15.0,49.0,ACB,ACB_intact,ACB_intact,1,1
s1,CTGCACTCCAGTACAG-1,3,54.0,70.0,cc,cc,cc,9,11
s1,CTGCAGAGAATCAGAG-1,5,61.0,101.0,CTX,CTX,CTX,3,5
s1,CTGCCAAGGTTGGAAG-1,0,21.0,77.0,MSC,MSC,MSC,5,7
s1,CTGCCATGCATCACAT-1,3,40.0,62.0,VL,VL,VL,7,9
s1,CTGCCCACGAAGCGTT-1,4,32.0,6.0,CTX,CTX,CTX,3,5
s1,CTGCCTTTCTAGTAAA-1,5,63.0,93.0,CTX,CTX,CTX,3,5
s1,CTGCGGGTGAAATGTT-1,3,31.0,23.0,cc,cc,cc,9,11
s1,CTGCTGAGGCCACGAA-1,4,49.0,35.0,CTX,CTX,CTX,3,5
s1,CTGCTGTCTAACGAGC-1,4,49.0,119.0,CTX,CTX,CTX,3,5
s1,CTGCTTGGCGATAGCT-1,3,53.0,75.0,cc,cc,cc,9,11
s1,CTGGAAATGGATGCTT-1,0,29.0,53.0,LSX,LSX,LSX,4,6
s1,CTGGAAGACACGGTGG-1,2,50.0,88.0,CP,CP_lesioned,CP_lesioned,2,4
s1,CTGGATTTACACTTGA-1,4,49.0,55.0,CTX,CTX,CTX,3,5
s1,CTGGCATCCGAATGAG-1,4,48.0,26.0,CTX,CTX,CTX,3,5
s1,CTGGCGCACAGGTCTG-1,2,37.0,89.0,ACB,ACB_lesioned,ACB_lesioned,1,2
s1,CTGGCGGGAATAAGTA-1,2,20.0,22.0,CP,CP_intact,CP_intact,2,3
s1,CTGGCTGATTCATCCT-1,2,44.0,96.0,CP,CP_lesioned,CP_lesioned,2,4
s1,CTGGCTGGTTGTCAGT-1,5,54.0,56.0,CTX,CTX,CTX,3,5
s1,CTGGGATAAATAATGG-1,2,38.0,84.0,CP,CP_lesioned,CP_lesioned,2,4
s1,CTGGGCCTGCTATATC-1,4,44.0,30.0,CTX,CTX,CTX,3,5
s1,CTGGGTAGGCAGTTAA-1,1,43.0,79.0,CP,CP_lesioned,CP_lesioned,2,4
s1,CTGGTAAAGTGTGGGC-1,4,60.0,114.0,CTX,CTX,CTX,3,5
s1,CTGGTAACACATAGAA-1,2,42.0,88.0,CP,CP_lesioned,CP_lesioned,2,4
s1,CTGGTAACGAGCTCTT-1,1,29.0,97.0,ACB,ACB_lesioned,ACB_lesioned,1,2
s1,CTGGTCATTCCAATCC-1,2,23.0,15.0,CP,CP_intact,CP_intact,2,3
s1,CTGGTTTCGAGCAAGA-1,2,46.0,88.0,CP,CP_lesioned,CP_lesioned,2,4
s1,CTGTACTTCTTAGCAT-1,3,39.0,51.0,cc,cc,cc,9,11
s1,CTGTAGCCATCTCACT-1,4,56.0,46.0,CTX,CTX,CTX,3,5
s1,CTGTATGGTGTAGAAA-1,2,20.0,32.0,CP,CP_intact,CP_intact,2,3
s1,CTGTCAAATGGCTCGG-1,0,23.0,83.0,MSC,MSC,MSC,5,7
s1,CTGTGGTCGGGAGATA-1,2,55.0,89.0,CP,CP_lesioned,CP_lesioned,2,4
s1,CTGTTACCCAATCTAG-1,4,48.0,58.0,CTX,CTX,CTX,3,5
s1,CTGTTCACTGCCTGTG-1,1,22.0,56.0,VL,VL,VL,7,9
s1,CTGTTCATCTCACGGG-1,2,22.0,34.0,CP,CP_intact,CP_intact,2,3
s1,CTGTTGGCTCTTCTGA-1,4,20.0,2.0,CTX,CTX,CTX,3,5
s1,CTTAAATAAGACCCAT-1,5,25.0,9.0,CTX,CTX,CTX,3,5
s1,CTTACACGGTATTCCA-1,1,31.0,45.0,CP,CP_intact,CP_intact,2,3
s1,CTTACACTGGGAAATA-1,1,16.0,48.0,ACB,ACB_intact,ACB_intact,1,1
s1,CTTAGCCCGGATAGTG-1,5,27.0,9.0,CTX,CTX,CTX,3,5
s1,CTTAGCCTTCCACATG-1,0,22.0,78.0,MSC,MSC,MSC,5,7
s1,CTTAGTAGGCCTACAG-1,3,32.0,102.0,aco,aco,aco,8,10
s1,CTTAGTGTAGTAGCAT-1,5,61.0,83.0,CTX,CTX,CTX,3,5
s1,CTTATAGATGGCTGTT-1,4,61.0,119.0,CTX,CTX,CTX,3,5
s1,CTTATGTTGACTACCA-1,2,13.0,27.0,CP,CP_intact,CP_intact,2,3
s1,CTTCAACTCCACTTGG-1,5,59.0,77.0,CTX,CTX,CTX,3,5
s1,CTTCATAGCTCAAGAA-1,2,19.0,37.0,CP,CP_intact,CP_intact,2,3
s1,CTTCATTGTCAGTGGA-1,0,36.0,60.0,LSX,LSX,LSX,4,6
s1,CTTCCGCTCCGTGAAG-1,4,56.0,50.0,CTX,CTX,CTX,3,5
s1,CTTCGGCCAATTGTTT-1,5,50.0,110.0,cc,cc,cc,9,11
s1,CTTCGTAGATAGGTGA-1,3,39.0,45.0,cc,cc,cc,9,11
s1,CTTCTATGTTGAAGTA-1,4,46.0,28.0,CTX,CTX,CTX,3,5
s1,CTTCTATTAATGCTAG-1,4,51.0,47.0,CTX,CTX,CTX,3,5
s1,CTTCTTACGTCGTATA-1,1,14.0,60.0,OT,OT,OT,6,8
s1,CTTGAGTTAGGGTAAT-1,2,39.0,93.0,CP,CP_lesioned,CP_lesioned,2,4
s1,CTTGCAACCGCCTCCT-1,4,43.0,25.0,CTX,CTX,CTX,3,5
s1,CTTGCCCAGGCTCTAC-1,4,45.0,55.0,CTX,CTX,CTX,3,5
s1,CTTGGCCAAGCTGGGA-1,4,61.0,57.0,CTX,CTX,CTX,3,5
s1,CTTGTACTTGTTGACT-1,1,21.0,51.0,ACB,ACB_intact,ACB_intact,1,1
s1,CTTGTCAACATTCGAG-1,3,50.0,66.0,cc,cc,cc,9,11
s1,CTTGTTGCTGAGTCAA-1,0,38.0,80.0,VL,VL,VL,7,9
s1,CTTGTTTATGTAGCCA-1,2,18.0,28.0,CP,CP_intact,CP_intact,2,3
s1,CTTTAACTTTCAAAGG-1,1,23.0,67.0,ACB,ACB_intact,ACB_intact,1,1
s1,CTTTAATATTGGTCGA-1,2,51.0,73.0,VL,VL,VL,7,9
s1,CTTTACCGAATAGTAG-1,2,50.0,84.0,CP,CP_lesioned,CP_lesioned,2,4
s1,CTTTAGGAACACTGTT-1,2,41.0,87.0,CP,CP_lesioned,CP_lesioned,2,4
s1,CTTTAGTGCTATTATT-1,3,44.0,64.0,VL,VL,VL,7,9
s1,CTTTCTGTGCGGGCTT-1,3,54.0,66.0,cc,cc,cc,9,11
s1,CTTTGCATCGCTCTTG-1,5,60.0,94.0,CTX,CTX,CTX,3,5
s1,CTTTGCTGTCATGGAT-1,4,48.0,122.0,CTX,CTX,CTX,3,5
s1,CTTTGGCGCTTTATAC-1,5,32.0,18.0,CTX,CTX,CTX,3,5
s1,CTTTGGCTTTAGTAAA-1,2,32.0,40.0,CP,CP_intact,CP_intact,2,3
s1,GAAACAGATGACCACC-1,2,40.0,92.0,CP,CP_lesioned,CP_lesioned,2,4
s1,GAAACCGAATTACCTT-1,0,45.0,51.0,CTX,CTX,CTX,3,5
s1,GAAACCTATACAAATG-1,4,60.0,52.0,CTX,CTX,CTX,3,5
s1,GAAACTCGTGCGATGC-1,2,28.0,24.0,CP,CP_intact,CP_intact,2,3
s1,GAAAGAACAGCGTTAT-1,1,37.0,103.0,ACB,ACB_lesioned,ACB_lesioned,1,2
s1,GAAAGCAGTGCACTTT-1,5,56.0,54.0,CTX,CTX,CTX,3,5
s1,GAAAGCCCTTTGGACC-1,5,35.0,21.0,CTX,CTX,CTX,3,5
s1,GAAAGTGACTAACTGC-1,2,25.0,31.0,CP,CP_intact,CP_intact,2,3
s1,GAAATACTAAACGTTT-1,2,18.0,22.0,CP,CP_intact,CP_intact,2,3
s1,GAAATATCACCATCAG-1,3,33.0,23.0,cc,cc,cc,9,11
s1,GAAATCGCGCGCAACT-1,1,18.0,68.0,ACB,ACB_intact,ACB_intact,1,1
s1,GAAATCTGACCAAGTT-1,4,18.0,2.0,CTX,CTX,CTX,3,5
s1,GAAATGGCGGTGTTAG-1,0,30.0,52.0,VL,VL,VL,7,9
s1,GAAATGGGATGTAAAC-1,5,13.0,17.0,CTX,CTX,CTX,3,5
s1,GAAATTCACATCGCTG-1,2,13.0,49.0,OT,OT,OT,6,8
s1,GAAATTGTCTCTATAA-1,3,43.0,53.0,cc,cc,cc,9,11
s1,GAACAACTGGGATGAA-1,4,67.0,85.0,CTX,CTX,CTX,3,5
s1,GAACACACATCAACCA-1,1,22.0,50.0,ACB,ACB_intact,ACB_intact,1,1
s1,GAACAGATTACTAAAT-1,5,57.0,71.0,CTX,CTX,CTX,3,5
s1,GAACCCTCTGTGTTCT-1,4,59.0,67.0,CTX,CTX,CTX,3,5
s1,GAACCTTTAACGATCC-1,4,63.0,79.0,CTX,CTX,CTX,3,5
s1,GAACGACCGAATGATA-1,1,19.0,63.0,ACB,ACB_intact,ACB_intact,1,1
s1,GAACGCGGGTCACACG-1,4,48.0,114.0,CTX,CTX,CTX,3,5
s1,GAACGTCTCATGGTCG-1,1,31.0,87.0,ACB,ACB_lesioned,ACB_lesioned,1,2
s1,GAACGTTAGGAAGACG-1,5,33.0,15.0,CTX,CTX,CTX,3,5
s1,GAAGAACGGTGCAGGT-1,2,14.0,40.0,OT,OT,OT,6,8
s1,GAAGCCGGGTAAGCTC-1,5,23.0,3.0,CTX,CTX,CTX,3,5
s1,GAAGCCTGCACATTCC-1,4,61.0,61.0,CTX,CTX,CTX,3,5
s1,GAAGCGTGAGGAATTT-1,0,34.0,60.0,LSX,LSX,LSX,4,6
s1,GAAGCTCTTTGCTTAG-1,4,14.0,4.0,CTX,CTX,CTX,3,5
s1,GAAGCTTGCTGACCGC-1,2,29.0,35.0,CP,CP_intact,CP_intact,2,3
s1,GAAGTCAGTTGCACTA-1,5,52.0,58.0,CTX,CTX,CTX,3,5
s1,GAAGTCTCCCTAGCGA-1,2,37.0,91.0,ACB,ACB_lesioned,ACB_lesioned,1,2
s1,GAAGTGATTTATCGTG-1,3,39.0,47.0,cc,cc,cc,9,11
s1,GAAGTGCTGGATAGCT-1,1,15.0,61.0,ACB,ACB_intact,ACB_intact,1,1
s1,GAATAGACGCGACCCA-1,2,42.0,92.0,CP,CP_lesioned,CP_lesioned,2,4
s1,GAATAGCATTTAGGGT-1,4,46.0,118.0,CTX,CTX,CTX,3,5
s1,GAATCGACATGGTCAC-1,2,26.0,42.0,CP,CP_intact,CP_intact,2,3
s1,GAATCTGAACATTCTC-1,3,42.0,64.0,VL,VL,VL,7,9
s1,GAATGCCGAAATGACC-1,2,21.0,17.0,CP,CP_intact,CP_intact,2,3
s1,GAATGCGAATCGGTTC-1,4,63.0,69.0,CTX,CTX,CTX,3,5
s1,GAATGTGGTCCGGATT-1,2,43.0,81.0,CP,CP_lesioned,CP_lesioned,2,4
s1,GAATGTTGGGTAATCT-1,0,23.0,69.0,ACB,ACB_intact,ACB_intact,1,1
s1,GAATTATAGTGAAAGG-1,0,34.0,68.0,LSX,LSX,LSX,4,6
s1,GAATTCACCCGGGTGT-1,4,47.0,55.0,CTX,CTX,CTX,3,5
s1,GAATTTCTCGCTGCAG-1,2,28.0,30.0,CP,CP_intact,CP_intact,2,3
s1,GACAAACATATGCAGG-1,2,44.0,100.0,CP,CP_lesioned,CP_lesioned,2,4
s1,GACAACGACCATTGAA-1,0,25.0,77.0,MSC,MSC,MSC,5,7
s1,GACAACGCAGCTTACG-1,3,20.0,54.0,aco,aco,aco,8,10
s1,GACAAGAGATGAGATT-1,4,56.0,116.0,CTX,CTX,CTX,3,5
s1,GACACAAGGGAAGAAA-1,0,30.0,72.0,LSX,LSX,LSX,4,6
s1,GACACGAGTTAGAGGA-1,2,19.0,25.0,CP,CP_intact,CP_intact,2,3
s1,GACACTGAGTTCAGTG-1,4,44.0,46.0,CTX,CTX,CTX,3,5
s1,GACACTGGAACCCGAT-1,5,52.0,110.0,cc,cc,cc,9,11
s1,GACAGCCAGACCTGAC-1,2,42.0,86.0,CP,CP_lesioned,CP_lesioned,2,4
s1,GACAGGCACACACTAT-1,5,38.0,22.0,CTX,CTX,CTX,3,5
s1,GACATACTGTCGCAGA-1,5,21.0,9.0,CTX,CTX,CTX,3,5
s1,GACATCGATTTATAAC-1,4,52.0,50.0,CTX,CTX,CTX,3,5
s1,GACCAAACGTTGACTG-1,4,58.0,108.0,CTX,CTX,CTX,3,5
s1,GACCAGAGCCCTGTAG-1,1,31.0,47.0,VL,VL,VL,7,9
s1,GACCGACGTGAAAGCA-1,2,38.0,112.0,CP,CP_lesioned,CP_lesioned,2,4
s1,GACCGACTGAAGCGTC-1,5,34.0,22.0,CTX,CTX,CTX,3,5
s1,GACCGCGTCTGACGTG-1,5,50.0,112.0,CTX,CTX,CTX,3,5
s1,GACCGTGCTGACGGTG-1,3,40.0,52.0,cc,cc,cc,9,11
s1,GACGACGATCCGCGTT-1,3,52.0,70.0,cc,cc,cc,9,11
s1,GACGAGGCTAATAAAC-1,3,56.0,100.0,cc,cc,cc,9,11
s1,GACGCCGTAAAGGCTA-1,4,54.0,54.0,CTX,CTX,CTX,3,5
s1,GACGCTTGCTTCTAAA-1,3,38.0,36.0,cc,cc,cc,9,11
s1,GACGGTCAATAGAAGC-1,1,30.0,100.0,ACB,ACB_lesioned,ACB_lesioned,1,2
s1,GACGTGTAGGGATTAT-1,2,28.0,32.0,CP,CP_intact,CP_intact,2,3
s1,GACTAAGATCATGCAC-1,1,23.0,53.0,ACB,ACB_intact,ACB_intact,1,1
s1,GACTAAGTAGGCTCAC-1,2,27.0,43.0,CP,CP_intact,CP_intact,2,3
s1,GACTAGGCCGTTAGGT-1,4,66.0,78.0,CTX,CTX,CTX,3,5
s1,GACTCACCCACGTGAG-1,2,38.0,106.0,CP,CP_lesioned,CP_lesioned,2,4
s1,GACTCGCGGGAATGAC-1,1,28.0,96.0,ACB,ACB_lesioned,ACB_lesioned,1,2
s1,GACTGCAAATCGAGCT-1,5,59.0,75.0,CTX,CTX,CTX,3,5
s1,GACTGCACCAGCCCAG-1,2,46.0,80.0,CP,CP_lesioned,CP_lesioned,2,4
s1,GACTGCGGCACGTGTA-1,3,27.0,15.0,cc,cc,cc,9,11
s1,GAGAATCTCACGATCA-1,4,31.0,5.0,CTX,CTX,CTX,3,5
s1,GAGACTGATGGGTAGA-1,0,28.0,56.0,LSX,LSX,LSX,4,6
s1,GAGACTTCGCGACCGA-1,5,53.0,57.0,CTX,CTX,CTX,3,5
s1,GAGAGCGCAGTCCCTG-1,4,28.0,6.0,CTX,CTX,CTX,3,5
s1,GAGAGGGCGCGAGGTT-1,3,38.0,40.0,cc,cc,cc,9,11
s1,GAGAGGTGCATTCTGG-1,4,44.0,28.0,CTX,CTX,CTX,3,5
s1,GAGATCTGCTTGGCAT-1,3,34.0,44.0,VL,VL,VL,7,9
s1,GAGATCTGTCACTCCG-1,0,30.0,74.0,LSX,LSX,LSX,4,6
s1,GAGATCTTCCATGACA-1,1,45.0,77.0,CP,CP_lesioned,CP_lesioned,2,4
s1,GAGATGGGAGTCGACA-1,3,52.0,72.0,cc,cc,cc,9,11
s1,GAGCACCTGTGTCCAG-1,5,58.0,80.0,CTX,CTX,CTX,3,5
s1,GAGCATCATCCCTGGG-1,2,12.0,40.0,OT,OT,OT,6,8
s1,GAGCCAGCTACCTGTG-1,2,53.0,89.0,CP,CP_lesioned,CP_lesioned,2,4
s1,GAGCGAGGGAGTACCG-1,1,14.0,58.0,OT,OT,OT,6,8
s1,GAGCGCAAATACTCCG-1,2,51.0,107.0,CP,CP_lesioned,CP_lesioned,2,4
s1,GAGCGCGCACGAGTAG-1,2,49.0,93.0,CP,CP_lesioned,CP_lesioned,2,4
s1,GAGCTAAGGGCATATC-1,1,29.0,83.0,ACB,ACB_lesioned,ACB_lesioned,1,2
s1,GAGCTCTCGGACCTAA-1,2,15.0,33.0,CP,CP_intact,CP_intact,2,3
s1,GAGGAATGGAGAGGTT-1,2,27.0,31.0,CP,CP_intact,CP_intact,2,3
s1,GAGGAGATCCTCATGC-1,4,12.0,8.0,CTX,CTX,CTX,3,5
s1,GAGGATAAACAGTGCT-1,4,40.0,114.0,CTX,CTX,CTX,3,5
s1,GAGGCCTGTTGATACA-1,4,63.0,107.0,CTX,CTX,CTX,3,5
s1,GAGGCTATCAAAGTCG-1,3,35.0,27.0,cc,cc,cc,9,11
s1,GAGGGCGCAGCTCTGC-1,1,27.0,89.0,ACB,ACB_lesioned,ACB_lesioned,1,2
s1,GAGGTCCCAAAGATCT-1,2,18.0,26.0,CP,CP_intact,CP_intact,2,3
s1,GAGTAAACCGGAAAGT-1,4,51.0,117.0,CTX,CTX,CTX,3,5
s1,GAGTACGGGTATACAA-1,2,15.0,43.0,ACB,ACB_intact,ACB_intact,1,1
s1,GAGTAGATACTAGTTG-1,4,62.0,64.0,CTX,CTX,CTX,3,5
s1,GAGTATCAAAGTTACA-1,4,57.0,121.0,CTX,CTX,CTX,3,5
s1,GAGTATGCCCGCCTTG-1,4,49.0,43.0,CTX,CTX,CTX,3,5
s1,GAGTATGCGCGTGCAT-1,4,63.0,71.0,CTX,CTX,CTX,3,5
s1,GAGTCAGACCAGAATC-1,4,56.0,48.0,CTX,CTX,CTX,3,5
s1,GAGTCCGCTTACCGGA-1,3,46.0,58.0,cc,cc,cc,9,11
s1,GAGTCGACAGACCCTC-1,4,29.0,9.0,CTX,CTX,CTX,3,5
s1,GAGTGTCAACCAGAAA-1,4,63.0,83.0,CTX,CTX,CTX,3,5
s1,GAGTGTGCGGTACCCA-1,2,44.0,88.0,CP,CP_lesioned,CP_lesioned,2,4
s1,GATAAATCGGTGGATG-1,2,15.0,41.0,CP,CP_intact,CP_intact,2,3
s1,GATAACTCGCACTGTG-1,2,39.0,89.0,CP,CP_lesioned,CP_lesioned,2,4
s1,GATACGATGGGAGTCA-1,4,45.0,45.0,CTX,CTX,CTX,3,5
s1,GATAGGTAACGTTGAC-1,5,48.0,60.0,cc,cc,cc,9,11
s1,GATATGAGACACTAAC-1,1,39.0,81.0,VL,VL,VL,7,9
s1,GATATGGATTACGCGG-1,3,28.0,18.0,cc,cc,cc,9,11
s1,GATATTGAGATTGGCG-1,1,34.0,100.0,ACB,ACB_lesioned,ACB_lesioned,1,2
s1,GATCATTCCAAACATT-1,0,30.0,56.0,LSX,LSX,LSX,4,6
s1,GATCCCTTTATACTGC-1,0,28.0,60.0,LSX,LSX,LSX,4,6
s1,GATCCGGGAATTAACA-1,0,39.0,73.0,LSX,LSX,LSX,4,6
s1,GATCCTAAATCGGGAC-1,1,27.0,95.0,ACB,ACB_lesioned,ACB_lesioned,1,2
s1,GATCCTCGACACTGGC-1,4,50.0,32.0,CTX,CTX,CTX,3,5
s1,GATCGACACTATCTGA-1,2,27.0,47.0,CP,CP_intact,CP_intact,2,3
s1,GATCGCGGGCTCTCCA-1,0,36.0,52.0,VL,VL,VL,7,9
s1,GATCGCTACCCGATTT-1,2,50.0,98.0,CP,CP_lesioned,CP_lesioned,2,4
s1,GATCGGATAGAACCAT-1,4,41.0,13.0,CTX,CTX,CTX,3,5
s1,GATCGGCGATAAGTCG-1,2,20.0,14.0,CP,CP_intact,CP_intact,2,3
s1,GATCGGTGGCCATAAC-1,0,28.0,68.0,LSX,LSX,LSX,4,6
s1,GATCGTGACTGATATC-1,0,38.0,72.0,LSX,LSX,LSX,4,6
s1,GATCTCGACGCTGTGG-1,4,50.0,118.0,CTX,CTX,CTX,3,5
s1,GATCTTCATTGTCCTC-1,5,19.0,9.0,CTX,CTX,CTX,3,5
s1,GATCTTTGCAGGGTAT-1,3,36.0,38.0,VL,VL,VL,7,9
s1,GATGAGGAACCTTCGG-1,4,67.0,81.0,CTX,CTX,CTX,3,5
s1,GATGCCAGCAGAAGGC-1,2,23.0,17.0,CP,CP_intact,CP_intact,2,3
s1,GATGCGAATGGTATTA-1,5,26.0,10.0,CTX,CTX,CTX,3,5
s1,GATGCGTCCTGCATTC-1,0,37.0,57.0,LSX,LSX,LSX,4,6
s1,GATGCTACAAGCGCCT-1,1,17.0,51.0,ACB,ACB_intact,ACB_intact,1,1
s1,GATGCTGTATTTCATC-1,3,43.0,75.0,VL,VL,VL,7,9
s1,GATGGCGCACACATTA-1,2,19.0,29.0,CP,CP_intact,CP_intact,2,3
s1,GATGTTCAATCCACGA-1,5,41.0,43.0,CTX,CTX,CTX,3,5
s1,GATGTTTGTGCGAGAT-1,2,20.0,30.0,CP,CP_intact,CP_intact,2,3
s1,GATTAACCGAAAGCCC-1,2,55.0,93.0,CP,CP_lesioned,CP_lesioned,2,4
s1,GATTACTGAATTTGGG-1,5,41.0,39.0,CTX,CTX,CTX,3,5
s1,GATTCCCTTGTCGCAG-1,0,25.0,67.0,LSX,LSX,LSX,4,6
s1,GATTCCTATACGGCGC-1,2,25.0,23.0,CP,CP_intact,CP_intact,2,3
s1,GATTCGACGGTTCACG-1,3,41.0,71.0,VL,VL,VL,7,9
s1,GATTGGGAAAGGTTGT-1,4,66.0,80.0,CTX,CTX,CTX,3,5
s1,GCAAACCCTACATTAT-1,2,48.0,82.0,CP,CP_lesioned,CP_lesioned,2,4
s1,GCAAACCTTGGCCATA-1,5,57.0,67.0,CTX,CTX,CTX,3,5
s1,GCAAACGTCGCCAGGT-1,4,47.0,117.0,CTX,CTX,CTX,3,5
s1,GCAAATATTACGCTTT-1,3,35.0,41.0,VL,VL,VL,7,9
s1,GCAACAGCAGTATGCG-1,2,46.0,106.0,CP,CP_lesioned,CP_lesioned,2,4
s1,GCAACCACGGCCGCGT-1,5,43.0,29.0,CTX,CTX,CTX,3,5
s1,GCAACCCAAGTTGTTT-1,4,31.0,3.0,CTX,CTX,CTX,3,5
s1,GCAACGGCTAGTTATG-1,4,43.0,113.0,CTX,CTX,CTX,3,5
s1,GCAAGAATTCCTTGGC-1,4,44.0,36.0,CTX,CTX,CTX,3,5
s1,GCAAGTGCACAGAGAA-1,2,24.0,42.0,CP,CP_intact,CP_intact,2,3
s1,GCACAAACGAGGCGTG-1,4,46.0,114.0,CTX,CTX,CTX,3,5
s1,GCACAAGTGGATCATA-1,5,16.0,6.0,CTX,CTX,CTX,3,5
s1,GCACACACTGGTAGCC-1,3,56.0,94.0,cc,cc,cc,9,11
s1,GCACACGCCCATGGTC-1,4,34.0,10.0,CTX,CTX,CTX,3,5
s1,GCACGCCTACTTAGAT-1,4,55.0,39.0,CTX,CTX,CTX,3,5
s1,GCACGTGGTTTACTTA-1,4,64.0,106.0,CTX,CTX,CTX,3,5
s1,GCACTAGTCGCGCTAT-1,2,13.0,43.0,OT,OT,OT,6,8
s1,GCAGAAGGTAATCTCC-1,4,50.0,122.0,CTX,CTX,CTX,3,5
s1,GCAGACCCAGCACGTA-1,2,39.0,103.0,CP,CP_lesioned,CP_lesioned,2,4
s1,GCAGATCCATAAGACT-1,2,51.0,85.0,CP,CP_lesioned,CP_lesioned,2,4
s1,GCAGATCCTCGCAAAT-1,3,23.0,13.0,cc,cc,cc,9,11
s1,GCAGATTAGGGATATC-1,0,37.0,61.0,LSX,LSX,LSX,4,6
s1,GCAGCACACAGCCCAG-1,3,38.0,42.0,cc,cc,cc,9,11
s1,GCAGGACTATAGAATA-1,1,35.0,37.0,CP,CP_intact,CP_intact,2,3
s1,GCAGTGTGGCTATAGG-1,5,59.0,83.0,CTX,CTX,CTX,3,5
s1,GCAGTTCGATCCGAGC-1,4,56.0,118.0,CTX,CTX,CTX,3,5
s1,GCATACGAGGTCTTTA-1,4,38.0,14.0,CTX,CTX,CTX,3,5
s1,GCATAGAGCACTCAGG-1,0,37.0,59.0,LSX,LSX,LSX,4,6
s1,GCATCCCTAACTTTGA-1,2,16.0,42.0,CP,CP_intact,CP_intact,2,3
s1,GCATCGGCCGTGTAGG-1,2,49.0,103.0,CP,CP_lesioned,CP_lesioned,2,4
s1,GCATGAGGGACGCGGC-1,1,30.0,90.0,ACB,ACB_lesioned,ACB_lesioned,1,2
s1,GCATGCTAATAACGAT-1,3,67.0,95.0,CTX,CTX,CTX,3,5
s1,GCATTCGAAATGAACA-1,5,28.0,14.0,CTX,CTX,CTX,3,5
s1,GCATTGTAATTCATAT-1,4,41.0,21.0,CTX,CTX,CTX,3,5
s1,GCCACAATTTAAGGAC-1,4,45.0,39.0,CTX,CTX,CTX,3,5
s1,GCCACTCAGAGCGCGA-1,5,59.0,95.0,CTX,CTX,CTX,3,5
s1,GCCACTCCTTACGGTA-1,4,55.0,119.0,CTX,CTX,CTX,3,5
s1,GCCATCGAGCTGCGTG-1,4,53.0,47.0,CTX,CTX,CTX,3,5
s1,GCCCACCAAGGCTGTC-1,2,12.0,38.0,OT,OT,OT,6,8
s1,GCCCAGTTGGTATGCC-1,2,22.0,38.0,CP,CP_intact,CP_intact,2,3
s1,GCCCGATCTGTGGTCG-1,5,53.0,63.0,CTX,CTX,CTX,3,5
s1,GCCCGCGCGTAAACGG-1,4,49.0,41.0,CTX,CTX,CTX,3,5
s1,GCCCGCGCGTTTGACA-1,2,20.0,40.0,CP,CP_intact,CP_intact,2,3
s1,GCCCGTAATACCTTCT-1,0,27.0,79.0,LSX,LSX,LSX,4,6
s1,GCCGATTGGCCAAGCT-1,3,41.0,61.0,cc,cc,cc,9,11
s1,GCCGCACTCCGTTTCA-1,4,43.0,121.0,CTX,CTX,CTX,3,5
s1,GCCGCATTAGTCCGGC-1,4,35.0,17.0,CTX,CTX,CTX,3,5
s1,GCCGCTTGTGAGAAAC-1,3,36.0,40.0,VL,VL,VL,7,9
s1,GCCGGGTTAGGGTCGC-1,3,41.0,59.0,cc,cc,cc,9,11
s1,GCCGTGGAAGAAATGT-1,4,39.0,115.0,CTX,CTX,CTX,3,5
s1,GCCTAGCGATCTGACC-1,2,20.0,42.0,CP,CP_intact,CP_intact,2,3
s1,GCCTATAGTGTCAGGG-1,1,29.0,91.0,ACB,ACB_lesioned,ACB_lesioned,1,2
s1,GCCTATTCCGATATAG-1,2,24.0,30.0,CP,CP_intact,CP_intact,2,3
s1,GCCTCATCTGGAAATA-1,2,41.0,95.0,CP,CP_lesioned,CP_lesioned,2,4
s1,GCCTCCGACAATTCAC-1,5,60.0,98.0,CTX,CTX,CTX,3,5
s1,GCCTCTATACATAGCA-1,3,55.0,75.0,cc,cc,cc,9,11
s1,GCCTTCAGCCCTACCG-1,1,16.0,50.0,ACB,ACB_intact,ACB_intact,1,1
s1,GCCTTGTATATGCAGT-1,2,17.0,15.0,CP,CP_intact,CP_intact,2,3
s1,GCGAAACGATCGGGAG-1,2,54.0,100.0,CP,CP_lesioned,CP_lesioned,2,4
s1,GCGAAACTTAACTGGA-1,2,44.0,82.0,CP,CP_lesioned,CP_lesioned,2,4
s1,GCGAAGAATCTGACGG-1,4,66.0,84.0,CTX,CTX,CTX,3,5
s1,GCGAAGCCATACCCGT-1,0,31.0,61.0,LSX,LSX,LSX,4,6
s1,GCGACATGTAAACATC-1,1,37.0,107.0,CP,CP_lesioned,CP_lesioned,2,4
s1,GCGACGATAGTTGTAC-1,4,48.0,54.0,CTX,CTX,CTX,3,5
s1,GCGAGAAACGGGAGTT-1,4,13.0,13.0,CTX,CTX,CTX,3,5
s1,GCGAGAGTTGCGTCCA-1,4,33.0,107.0,OT,OT,OT,6,8
s1,GCGAGCGCATGCTCCC-1,2,37.0,109.0,CP,CP_lesioned,CP_lesioned,2,4
s1,GCGAGGCCCGAGCAGA-1,3,37.0,47.0,VL,VL,VL,7,9
s1,GCGAGTTCTGCAAAGA-1,0,35.0,63.0,LSX,LSX,LSX,4,6
s1,GCGATTGTTAACGTTA-1,0,37.0,77.0,LSX,LSX,LSX,4,6
s1,GCGCAAGAGCGCGCTG-1,2,40.0,100.0,CP,CP_lesioned,CP_lesioned,2,4
s1,GCGCATCCAGTCAGCA-1,1,29.0,95.0,ACB,ACB_lesioned,ACB_lesioned,1,2
s1,GCGCCGTTCCACGATA-1,0,41.0,65.0,LSX,LSX,LSX,4,6
s1,GCGCCTCCCACTCCGA-1,2,48.0,110.0,CP,CP_lesioned,CP_lesioned,2,4
s1,GCGCGTCATTGGTACA-1,3,57.0,83.0,cc,cc,cc,9,11
s1,GCGCTAATTGAATAGA-1,0,34.0,70.0,LSX,LSX,LSX,4,6
s1,GCGCTATGCCGAGGCA-1,4,43.0,47.0,CTX,CTX,CTX,3,5
s1,GCGCTGCTTTGCATTT-1,1,28.0,94.0,ACB,ACB_lesioned,ACB_lesioned,1,2
s1,GCGCTTAAATAATTGG-1,3,57.0,89.0,cc,cc,cc,9,11
s1,GCGGACCGCGTTGTGG-1,0,51.0,43.0,CTX,CTX,CTX,3,5
s1,GCGGAGAGGGAGAACG-1,2,46.0,78.0,CP,CP_lesioned,CP_lesioned,2,4
s1,GCGGCTCTGACGTACC-1,3,38.0,38.0,cc,cc,cc,9,11
s1,GCGGGAACCAGGCCCT-1,1,18.0,48.0,ACB,ACB_intact,ACB_intact,1,1
s1,GCGGGCGAGCCTTACC-1,4,55.0,51.0,CTX,CTX,CTX,3,5
s1,GCGGTCCCTAGACGCA-1,1,13.0,45.0,OT,OT,OT,6,8
s1,GCGGTGCGGAGCATCG-1,5,19.0,5.0,CTX,CTX,CTX,3,5
s1,GCGGTTCCCTATCATG-1,0,47.0,49.0,CTX,CTX,CTX,3,5
s1,GCGTAAATGGCCATAA-1,1,34.0,102.0,ACB,ACB_lesioned,ACB_lesioned,1,2
s1,GCGTCGAAATGTCGGT-1,1,17.0,65.0,ACB,ACB_intact,ACB_intact,1,1
s1,GCGTCGCCAGGGTGAT-1,5,54.0,62.0,cc,cc,cc,9,11
s1,GCGTCTCTGCATTGGG-1,3,39.0,41.0,cc,cc,cc,9,11
s1,GCGTGGTACTGGGTTA-1,1,35.0,95.0,ACB,ACB_lesioned,ACB_lesioned,1,2
s1,GCGTTATATTTGGAAC-1,5,31.0,13.0,CTX,CTX,CTX,3,5
s1,GCTAAACCTGAGGTGA-1,2,23.0,23.0,CP,CP_intact,CP_intact,2,3
s1,GCTAACTGAAGTCTGA-1,5,58.0,88.0,cc,cc,cc,9,11
s1,GCTAAGTAAAGGCGAT-1,5,27.0,13.0,CTX,CTX,CTX,3,5
s1,GCTAAGTAGTTTCTCT-1,0,34.0,80.0,LSX,LSX,LSX,4,6
s1,GCTAATACCGAATGCC-1,2,21.0,47.0,ACB,ACB_intact,ACB_intact,1,1
s1,GCTACAATCGAGGATA-1,4,62.0,104.0,CTX,CTX,CTX,3,5
s1,GCTACAGTACGGACCG-1,4,40.0,14.0,CTX,CTX,CTX,3,5
s1,GCTACTATAGTAGAGT-1,2,50.0,94.0,CP,CP_lesioned,CP_lesioned,2,4
s1,GCTAGACCGTCTACTG-1,2,42.0,104.0,CP,CP_lesioned,CP_lesioned,2,4
s1,GCTAGAGTAGAGATGT-1,3,56.0,96.0,cc,cc,cc,9,11
s1,GCTAGCTTGAATAGCT-1,0,52.0,44.0,CTX,CTX,CTX,3,5
s1,GCTAGGCACCACGGAG-1,2,54.0,84.0,CP,CP_lesioned,CP_lesioned,2,4
s1,GCTAGTAGAGCTTGTA-1,0,39.0,65.0,LSX,LSX,LSX,4,6
s1,GCTAGTTTCATTGAGG-1,2,17.0,37.0,CP,CP_intact,CP_intact,2,3
s1,GCTATACGTCTCGGAC-1,2,52.0,88.0,CP,CP_lesioned,CP_lesioned,2,4
s1,GCTATCATACTCATGG-1,3,54.0,78.0,cc,cc,cc,9,11
s1,GCTATCGCGGCGCAAC-1,2,20.0,24.0,CP,CP_intact,CP_intact,2,3
s1,GCTCAACCTCTTAGAG-1,5,17.0,9.0,CTX,CTX,CTX,3,5
s1,GCTCAATCCGTTTATT-1,4,53.0,35.0,CTX,CTX,CTX,3,5
s1,GCTCCCAGTCGGTCCA-1,2,43.0,109.0,CP,CP_lesioned,CP_lesioned,2,4
s1,GCTCCGCTCGCTTCAG-1,2,42.0,112.0,CP,CP_lesioned,CP_lesioned,2,4
s1,GCTCGCGGTTCCGCTC-1,3,25.0,13.0,cc,cc,cc,9,11
s1,GCTCGCTCATGTCCAA-1,2,41.0,99.0,CP,CP_lesioned,CP_lesioned,2,4
s1,GCTCTAAACCCTGACG-1,1,24.0,58.0,ACB,ACB_intact,ACB_intact,1,1
s1,GCTCTATGTTACGTGC-1,2,26.0,40.0,CP,CP_intact,CP_intact,2,3
s1,GCTCTCGGGTACCGAA-1,0,26.0,58.0,LSX,LSX,LSX,4,6
s1,GCTGAGCAACGGTTCT-1,5,19.0,7.0,CTX,CTX,CTX,3,5
s1,GCTGAGGCGTGAGTAT-1,0,40.0,64.0,LSX,LSX,LSX,4,6
s1,GCTGCACGGTTTCTTA-1,3,41.0,73.0,VL,VL,VL,7,9
s1,GCTGCGCCTCCCACGT-1,4,21.0,1.0,CTX,CTX,CTX,3,5
s1,GCTGCTAAGTAGTCGA-1,5,56.0,56.0,CTX,CTX,CTX,3,5
s1,GCTGCTACTGCGTAGC-1,2,51.0,75.0,CP,CP_lesioned,CP_lesioned,2,4
s1,GCTGCTCTCCGGACAC-1,0,31.0,63.0,LSX,LSX,LSX,4,6
s1,GCTGGCAGGTGCCGTG-1,4,26.0,2.0,CTX,CTX,CTX,3,5
s1,GCTGGCATATTCACCT-1,2,31.0,31.0,CP,CP_intact,CP_intact,2,3
s1,GCTGGCGGCGCATGCT-1,5,54.0,64.0,cc,cc,cc,9,11
s1,GCTGTATTACTGGCCC-1,4,46.0,38.0,CTX,CTX,CTX,3,5
s1,GCTGTTGCTACCGAAC-1,2,39.0,95.0,CP,CP_lesioned,CP_lesioned,2,4
s1,GCTTAATGTAACTAAC-1,2,42.0,84.0,CP,CP_lesioned,CP_lesioned,2,4
s1,GCTTATGAAGCAGGAA-1,1,35.0,89.0,ACB,ACB_lesioned,ACB_lesioned,1,2
s1,GCTTCCGTCCCTAGAC-1,0,29.0,77.0,LSX,LSX,LSX,4,6
s1,GCTTGATGATAATCAG-1,2,22.0,36.0,CP,CP_intact,CP_intact,2,3
s1,GCTTGGATCGATTAGG-1,3,31.0,97.0,aco,aco,aco,8,10
s1,GCTTTCAGAGGAGGTG-1,2,33.0,95.0,aco,aco,aco,8,10
s1,GGAAACTAAATGGGCC-1,5,60.0,102.0,CTX,CTX,CTX,3,5
s1,GGAACCCGAACAAGAA-1,5,23.0,9.0,CTX,CTX,CTX,3,5
s1,GGAACCGTGTAAATTG-1,0,49.0,47.0,CTX,CTX,CTX,3,5
s1,GGAACGGCCTGCAGCC-1,2,25.0,15.0,CP,CP_intact,CP_intact,2,3
s1,GGAACTTTGGCGATTA-1,4,60.0,110.0,CTX,CTX,CTX,3,5
s1,GGAATGCGCTAGCGTG-1,1,32.0,82.0,LSX,LSX,LSX,4,6
s1,GGACAAGTTGCAGTGA-1,4,33.0,7.0,CTX,CTX,CTX,3,5
s1,GGACACAAGTTTACAC-1,0,47.0,111.0,CP,CP_lesioned,CP_lesioned,2,4
s1,GGACCAACAGGATAAC-1,3,51.0,67.0,cc,cc,cc,9,11
s1,GGACTAAGTCAGGAGT-1,5,27.0,5.0,CTX,CTX,CTX,3,5
s1,GGACTCACAAATTAGG-1,4,49.0,121.0,CTX,CTX,CTX,3,5
s1,GGACTCTTCCGGTTGA-1,4,57.0,123.0,CTX,CTX,CTX,3,5
s1,GGAGAAGTCATTGGCA-1,2,23.0,41.0,CP,CP_intact,CP_intact,2,3
s1,GGAGCAACATTTCAAG-1,5,57.0,103.0,CTX,CTX,CTX,3,5
s1,GGAGCACCAAGAACTA-1,0,26.0,82.0,LSX,LSX,LSX,4,6
s1,GGAGGCCGAAGTCGTC-1,4,40.0,116.0,CTX,CTX,CTX,3,5
s1,GGAGGGCTTGGTTGGC-1,0,32.0,78.0,LSX,LSX,LSX,4,6
s1,GGAGGGTCAAGTAAGA-1,4,62.0,114.0,CTX,CTX,CTX,3,5
s1,GGAGTGCCGCCCTGGA-1,3,19.0,53.0,aco,aco,aco,8,10
s1,GGATCCGGAATATACT-1,0,34.0,82.0,LSX,LSX,LSX,4,6
s1,GGATGAAGATCGCTGA-1,2,42.0,94.0,CP,CP_lesioned,CP_lesioned,2,4
s1,GGATGACGCGAGTTTA-1,3,37.0,45.0,VL,VL,VL,7,9
s1,GGATGCTGGCGTTCCT-1,4,39.0,19.0,CTX,CTX,CTX,3,5
s1,GGATGTCCTTACCGCA-1,1,35.0,91.0,ACB,ACB_lesioned,ACB_lesioned,1,2
s1,GGATTCAGTACGGTGG-1,2,19.0,33.0,CP,CP_intact,CP_intact,2,3
s1,GGATTGCTGTGACTCC-1,5,60.0,84.0,CTX,CTX,CTX,3,5
s1,GGATTTCACTTCTATA-1,1,31.0,83.0,ACB,ACB_lesioned,ACB_lesioned,1,2
s1,GGCAAATTACTTTACT-1,3,41.0,53.0,cc,cc,cc,9,11
s1,GGCAATAGTCAATGAG-1,0,30.0,70.0,MSC,MSC,MSC,5,7
s1,GGCACTCAGCCGACCC-1,4,55.0,123.0,CTX,CTX,CTX,3,5
s1,GGCAGAGAGATCGGGA-1,4,35.0,3.0,CTX,CTX,CTX,3,5
s1,GGCAGCAAACCTATGC-1,2,51.0,103.0,CP,CP_lesioned,CP_lesioned,2,4
s1,GGCATACAGGTAGCGG-1,3,34.0,32.0,CP,CP_intact,CP_intact,2,3
s1,GGCCACACGAAAGCCT-1,5,22.0,2.0,CTX,CTX,CTX,3,5
s1,GGCCCTCACCCACTTA-1,5,37.0,23.0,CTX,CTX,CTX,3,5
s1,GGCCGGCGTCTGCTAT-1,4,65.0,79.0,CTX,CTX,CTX,3,5
s1,GGCCTGCTTCTCCCGA-1,4,59.0,113.0,CTX,CTX,CTX,3,5
s1,GGCCTTTGCAACTGGC-1,4,36.0,8.0,CTX,CTX,CTX,3,5
s1,GGCGAAATCTAACTTG-1,2,43.0,87.0,CP,CP_lesioned,CP_lesioned,2,4
s1,GGCGCAGGACATCTTC-1,3,37.0,27.0,cc,cc,cc,9,11
s1,GGCGCATGAATTGATG-1,3,42.0,54.0,cc,cc,cc,9,11
s1,GGCGCGGAGATCTTTC-1,5,58.0,86.0,cc,cc,cc,9,11
s1,GGCGCGTTCGAGTTTA-1,5,47.0,59.0,cc,cc,cc,9,11
s1,GGCGCTCCTCATCAAT-1,2,17.0,19.0,CP,CP_intact,CP_intact,2,3
s1,GGCGGAGTAATATTAG-1,1,32.0,46.0,VL,VL,VL,7,9
s1,GGCGGTAGGATCATTG-1,0,31.0,69.0,MSC,MSC,MSC,5,7
s1,GGCGGTTTGCCGGTGC-1,5,15.0,11.0,CTX,CTX,CTX,3,5
s1,GGCGTAGGGAAAGCTG-1,4,64.0,82.0,CTX,CTX,CTX,3,5
s1,GGCGTCCTATCCGCTG-1,2,31.0,33.0,CP,CP_intact,CP_intact,2,3
s1,GGCTATTAAGTTGTAT-1,1,33.0,41.0,CP,CP_intact,CP_intact,2,3
s1,GGCTCGCGTTGAGGTA-1,1,31.0,93.0,ACB,ACB_lesioned,ACB_lesioned,1,2
s1,GGCTCGTGCCACCAGC-1,2,20.0,38.0,CP,CP_intact,CP_intact,2,3
s1,GGCTCTGCTCCAACGC-1,0,26.0,72.0,MSC,MSC,MSC,5,7
s1,GGCTGAAATAGCAAAG-1,2,49.0,79.0,CP,CP_lesioned,CP_lesioned,2,4
s1,GGCTTGGCTCTCACCT-1,5,24.0,2.0,CTX,CTX,CTX,3,5
s1,GGCTTTCAATAAGGGT-1,4,60.0,62.0,CTX,CTX,CTX,3,5
s1,GGGAACGGGAGGTTAG-1,3,39.0,37.0,cc,cc,cc,9,11
s1,GGGAAGACGGTCTGTC-1,5,64.0,76.0,CTX,CTX,CTX,3,5
s1,GGGAAGGGCTTTCTCA-1,4,63.0,87.0,CTX,CTX,CTX,3,5
s1,GGGAATTCTGTCCAGT-1,4,28.0,4.0,CTX,CTX,CTX,3,5
s1,GGGACCCGTATATCTT-1,4,57.0,53.0,CTX,CTX,CTX,3,5
s1,GGGACTGCATAGATAG-1,0,32.0,60.0,LSX,LSX,LSX,4,6
s1,GGGAGAACTCACAGTA-1,0,32.0,64.0,LSX,LSX,LSX,4,6
s1,GGGAGGATGCCCGAAA-1,0,37.0,51.0,VL,VL,VL,7,9
s1,GGGAGTTAATGAGGCG-1,0,33.0,75.0,LSX,LSX,LSX,4,6
s1,GGGATACGGTAATAAT-1,5,21.0,7.0,CTX,CTX,CTX,3,5
s1,GGGATGGTCGTAACCG-1,4,47.0,43.0,CTX,CTX,CTX,3,5
s1,GGGATTTACCGCACCT-1,2,42.0,90.0,CP,CP_lesioned,CP_lesioned,2,4
s1,GGGCACGAATTGGCCG-1,4,29.0,1.0,CTX,CTX,CTX,3,5
s1,GGGCAGAGCAATCGTT-1,5,58.0,60.0,CTX,CTX,CTX,3,5
s1,GGGCCCGTCTTAAACA-1,3,42.0,52.0,cc,cc,cc,9,11
s1,GGGCCCTACGAAAGGG-1,4,38.0,16.0,CTX,CTX,CTX,3,5
s1,GGGCCCTTATCTATAC-1,4,33.0,5.0,CTX,CTX,CTX,3,5
s1,GGGCCGGCCGAAGTAC-1,1,36.0,84.0,VL,VL,VL,7,9
s1,GGGCGAATTTCTCCAC-1,5,17.0,7.0,CTX,CTX,CTX,3,5
s1,GGGCGATATGTGTGAA-1,0,28.0,58.0,LSX,LSX,LSX,4,6
s1,GGGCGGCAAATGAATT-1,0,49.0,45.0,CTX,CTX,CTX,3,5
s1,GGGCGGGTTCCCTACG-1,4,43.0,37.0,CTX,CTX,CTX,3,5
s1,GGGCGGTCCTATTGTC-1,2,14.0,28.0,CP,CP_intact,CP_intact,2,3
s1,GGGCGTACATTTATAT-1,1,24.0,54.0,VL,VL,VL,7,9
s1,GGGCGTCACCACGTAA-1,4,48.0,50.0,CTX,CTX,CTX,3,5
s1,GGGCGTGGTTTCCCAG-1,5,61.0,81.0,CTX,CTX,CTX,3,5
s1,GGGCTATGATCGATGG-1,4,57.0,51.0,CTX,CTX,CTX,3,5
s1,GGGCTCATCGAACCCA-1,1,25.0,89.0,ACB,ACB_lesioned,ACB_lesioned,1,2
s1,GGGCTGCCTAGGGCGA-1,0,33.0,69.0,LSX,LSX,LSX,4,6
s1,GGGCTGGTTAGTCGCG-1,0,31.0,51.0,VL,VL,VL,7,9
s1,GGGTACCCACGGTCCT-1,2,14.0,26.0,CP,CP_intact,CP_intact,2,3
s1,GGGTACTTCATGAACT-1,3,37.0,39.0,VL,VL,VL,7,9
s1,GGGTATGTATGCACTT-1,2,28.0,28.0,CP,CP_intact,CP_intact,2,3
s1,GGGTCATGCGTACCAT-1,2,22.0,14.0,CP,CP_intact,CP_intact,2,3
s1,GGGTCTATCGCTTTCC-1,4,63.0,113.0,CTX,CTX,CTX,3,5
s1,GGGTGACACCTTAACT-1,4,46.0,56.0,CTX,CTX,CTX,3,5
s1,GGGTGTTTCAGCTATG-1,1,16.0,68.0,ACB,ACB_intact,ACB_intact,1,1
s1,GGGTTAACATTTGAGT-1,4,54.0,50.0,CTX,CTX,CTX,3,5
s1,GGGTTCAGACGAACAA-1,2,19.0,19.0,CP,CP_intact,CP_intact,2,3
s1,GGGTTTAGGATAGGAT-1,2,43.0,107.0,CP,CP_lesioned,CP_lesioned,2,4
s1,GGTACAAACATGCTAT-1,3,40.0,54.0,cc,cc,cc,9,11
s1,GGTACATCTGGGACGA-1,4,38.0,18.0,CTX,CTX,CTX,3,5
s1,GGTACTAAGTGCTTTG-1,4,51.0,123.0,CTX,CTX,CTX,3,5
s1,GGTAGAAGACCGCCTG-1,3,53.0,71.0,cc,cc,cc,9,11
s1,GGTAGACCGTTGGGCG-1,4,53.0,53.0,CTX,CTX,CTX,3,5
s1,GGTAGTGCTCGCACCA-1,0,34.0,72.0,LSX,LSX,LSX,4,6
s1,GGTATTGCCGAGTTTA-1,0,33.0,53.0,LSX,LSX,LSX,4,6
s1,GGTCAAGACTACTTCG-1,2,53.0,105.0,CP,CP_lesioned,CP_lesioned,2,4
s1,GGTCAGTGGGTCCCAC-1,3,48.0,62.0,cc,cc,cc,9,11
s1,GGTCCTTCATACGACT-1,4,13.0,9.0,CTX,CTX,CTX,3,5
s1,GGTCGGCCAGGAGCTT-1,1,32.0,84.0,ACB,ACB_lesioned,ACB_lesioned,1,2
s1,GGTCGGTCGTCCACAG-1,4,56.0,52.0,CTX,CTX,CTX,3,5
s1,GGTCTCCGTCCAGGTT-1,4,63.0,101.0,CTX,CTX,CTX,3,5
s1,GGTCTCTGAATGGACT-1,4,52.0,34.0,CTX,CTX,CTX,3,5
s1,GGTCTGAGAATCTGGA-1,0,30.0,80.0,LSX,LSX,LSX,4,6
s1,GGTGAAGTACAGGGAT-1,4,47.0,37.0,CTX,CTX,CTX,3,5
s1,GGTGAGATGCAGATAA-1,2,16.0,36.0,CP,CP_intact,CP_intact,2,3
s1,GGTGATAAGGAGCAGT-1,0,37.0,79.0,LSX,LSX,LSX,4,6
s1,GGTGATGAAGGAAGTG-1,4,31.0,1.0,CTX,CTX,CTX,3,5
s1,GGTGCGGATAAGTGGC-1,1,16.0,46.0,ACB,ACB_intact,ACB_intact,1,1
s1,GGTGCTGATCACAAAG-1,2,27.0,21.0,CP,CP_intact,CP_intact,2,3
s1,GGTGCTGGTACACATT-1,4,42.0,46.0,CTX,CTX,CTX,3,5
s1,GGTGGACTGCTCTGGC-1,2,55.0,85.0,CP,CP_lesioned,CP_lesioned,2,4
s1,GGTGTTGGGCGTCTTA-1,4,49.0,123.0,CTX,CTX,CTX,3,5
s1,GGTTACCACCCTCGGG-1,5,45.0,33.0,CTX,CTX,CTX,3,5
s1,GGTTAGCTATATGTCT-1,2,47.0,87.0,CP,CP_lesioned,CP_lesioned,2,4
s1,GGTTAGGCTTGGAGAA-1,2,28.0,36.0,CP,CP_intact,CP_intact,2,3
s1,GGTTAGTTACGGCGCC-1,2,27.0,23.0,CP,CP_intact,CP_intact,2,3
s1,GGTTCTACTCGTCTGA-1,2,39.0,105.0,CP,CP_lesioned,CP_lesioned,2,4
s1,GGTTGTGCTCTTGTCC-1,5,24.0,10.0,CTX,CTX,CTX,3,5
s1,GGTTGTGTAGCCTGGC-1,4,33.0,13.0,CTX,CTX,CTX,3,5
s1,GGTTTACAATCTCAAT-1,0,25.0,73.0,LSX,LSX,LSX,4,6
s1,GGTTTAGCCTTTCTTG-1,2,46.0,102.0,CP,CP_lesioned,CP_lesioned,2,4
s1,GGTTTCAATCGGTCAG-1,1,33.0,91.0,ACB,ACB_lesioned,ACB_lesioned,1,2
s1,GGTTTGAGTGCTGGAA-1,2,12.0,42.0,OT,OT,OT,6,8
s1,GGTTTGTGACCTGAGG-1,4,61.0,105.0,CTX,CTX,CTX,3,5
s1,GTAACATCTAAGATAA-1,4,56.0,110.0,CTX,CTX,CTX,3,5
s1,GTAAGCGGGCAGTCAG-1,1,23.0,63.0,ACB,ACB_intact,ACB_intact,1,1
s1,GTAAGTAACAGTCTGG-1,2,40.0,82.0,CP,CP_lesioned,CP_lesioned,2,4
s1,GTAAGTAGGGTATACC-1,2,26.0,36.0,CP,CP_intact,CP_intact,2,3
s1,GTAAGTCCACACTCTA-1,4,43.0,119.0,CTX,CTX,CTX,3,5
s1,GTAATAAAGGGCTCCC-1,2,31.0,103.0,OT,OT,OT,6,8
s1,GTAATCTGATTCTTCG-1,0,50.0,44.0,CTX,CTX,CTX,3,5
s1,GTACACTTACCTGAAG-1,0,36.0,64.0,LSX,LSX,LSX,4,6
s1,GTACAGAGGCAAGGGT-1,1,37.0,83.0,VL,VL,VL,7,9
s1,GTACGAGATTGCGACA-1,1,21.0,57.0,ACB,ACB_intact,ACB_intact,1,1
s1,GTACTAAGATTTGGAG-1,0,27.0,55.0,LSX,LSX,LSX,4,6
s1,GTACTCCCTTATCGCT-1,3,36.0,28.0,cc,cc,cc,9,11
s1,GTACTGGAGTTAGACC-1,0,33.0,81.0,LSX,LSX,LSX,4,6
s1,GTACTTGGGCACTTCT-1,2,17.0,33.0,CP,CP_intact,CP_intact,2,3
s1,GTAGAAACGGGTGGAG-1,2,24.0,16.0,CP,CP_intact,CP_intact,2,3
s1,GTAGACACGCCTGACT-1,4,63.0,67.0,CTX,CTX,CTX,3,5
s1,GTAGACGTCGTTACAT-1,2,13.0,39.0,OT,OT,OT,6,8
s1,GTAGAGGGAGACAAGT-1,4,51.0,31.0,CTX,CTX,CTX,3,5
s1,GTAGCCAAACATGGGA-1,3,50.0,70.0,VL,VL,VL,7,9
s1,GTAGCGGCTATACACT-1,0,39.0,69.0,LSX,LSX,LSX,4,6
s1,GTAGCTTCCTCTTGTT-1,1,31.0,89.0,ACB,ACB_lesioned,ACB_lesioned,1,2
s1,GTAGTCGCGGGAATCA-1,2,49.0,81.0,CP,CP_lesioned,CP_lesioned,2,4
s1,GTAGTCTACGATATTG-1,4,63.0,77.0,CTX,CTX,CTX,3,5
s1,GTATAATCTCCCGGAT-1,4,14.0,12.0,CTX,CTX,CTX,3,5
s1,GTATAGGACTCAGTAG-1,1,20.0,58.0,ACB,ACB_intact,ACB_intact,1,1
s1,GTATCAAACGTTAGCT-1,2,55.0,97.0,CP,CP_lesioned,CP_lesioned,2,4
s1,GTATCAGCTTGGGTTC-1,2,20.0,34.0,CP,CP_intact,CP_intact,2,3
s1,GTATCCTTTGGTAACC-1,4,64.0,92.0,CTX,CTX,CTX,3,5
s1,GTATCTTTCATAACCA-1,3,46.0,66.0,VL,VL,VL,7,9
s1,GTATGTGGGTCTAGTT-1,2,38.0,92.0,CP,CP_lesioned,CP_lesioned,2,4
s1,GTATTAAGGCGTCTAA-1,2,20.0,26.0,CP,CP_intact,CP_intact,2,3
s1,GTATTCTGAGAAACGA-1,4,48.0,38.0,CTX,CTX,CTX,3,5
s1,GTATTTAATGGCATAA-1,4,52.0,120.0,CTX,CTX,CTX,3,5
s1,GTCAAAGTTTACATAG-1,2,13.0,29.0,CP,CP_intact,CP_intact,2,3
s1,GTCAACCAGGCCTATA-1,4,65.0,103.0,CTX,CTX,CTX,3,5
s1,GTCAAGCGGACTCGGG-1,0,39.0,77.0,VL,VL,VL,7,9
s1,GTCACTCTCCAAATCT-1,2,23.0,31.0,CP,CP_intact,CP_intact,2,3
s1,GTCAGAATAGTCTATG-1,2,30.0,32.0,CP,CP_intact,CP_intact,2,3
s1,GTCAGTTTGGTAGTCG-1,5,29.0,13.0,CTX,CTX,CTX,3,5
s1,GTCATCTCCTACAGCT-1,4,12.0,12.0,CTX,CTX,CTX,3,5
s1,GTCATGCACCTCCGTT-1,0,29.0,61.0,LSX,LSX,LSX,4,6
s1,GTCATGCGCGAGGGCT-1,4,64.0,98.0,CTX,CTX,CTX,3,5
s1,GTCATGGACATGACTA-1,0,26.0,62.0,LSX,LSX,LSX,4,6
s1,GTCATTAGAGCGAACG-1,0,37.0,67.0,LSX,LSX,LSX,4,6
s1,GTCATTGCATTGACCC-1,5,31.0,17.0,CTX,CTX,CTX,3,5
s1,GTCCATTACTGCTACG-1,2,42.0,106.0,CP,CP_lesioned,CP_lesioned,2,4
s1,GTCCCAACGTAAAGTA-1,0,33.0,73.0,LSX,LSX,LSX,4,6
s1,GTCCCGCGACGTTATG-1,5,58.0,82.0,CTX,CTX,CTX,3,5
s1,GTCCGAGAGCAATCAT-1,4,32.0,8.0,CTX,CTX,CTX,3,5
s1,GTCCGGACCTGAAATT-1,2,54.0,88.0,CP,CP_lesioned,CP_lesioned,2,4
s1,GTCCGGCTGAATTGCG-1,1,28.0,52.0,VL,VL,VL,7,9
s1,GTCCTACAGGCGGCTC-1,2,18.0,16.0,CP,CP_intact,CP_intact,2,3
s1,GTCCTACGAATAGTCT-1,2,53.0,91.0,CP,CP_lesioned,CP_lesioned,2,4
s1,GTCCTATTGTTGTGGT-1,4,29.0,7.0,CTX,CTX,CTX,3,5
s1,GTCCTTCTACAACCCA-1,5,22.0,6.0,CTX,CTX,CTX,3,5
s1,GTCGATAGGTGACTTT-1,4,53.0,121.0,CTX,CTX,CTX,3,5
s1,GTCGCCGTTGTGTGTT-1,4,57.0,43.0,CTX,CTX,CTX,3,5
s1,GTCGCGTAACCCGTTG-1,0,39.0,75.0,LSX,LSX,LSX,4,6
s1,GTCGGATATCTCAGAC-1,2,32.0,36.0,CP,CP_intact,CP_intact,2,3
s1,GTCGGGAAGCAGAAAC-1,5,59.0,65.0,CTX,CTX,CTX,3,5
s1,GTCGTACCATCTCGGG-1,3,46.0,62.0,cc,cc,cc,9,11
s1,GTCGTACCTACGATTG-1,4,37.0,9.0,CTX,CTX,CTX,3,5
s1,GTCGTTATTCGCTTAT-1,1,46.0,76.0,CP,CP_lesioned,CP_lesioned,2,4
s1,GTCTACTCAATTACAA-1,4,37.0,13.0,CTX,CTX,CTX,3,5
s1,GTCTAGTGAGCCGCTT-1,4,66.0,92.0,CTX,CTX,CTX,3,5
s1,GTCTATCTGAGTTTCT-1,3,40.0,42.0,cc,cc,cc,9,11
s1,GTCTATTGCATGCTCG-1,4,65.0,105.0,CTX,CTX,CTX,3,5
s1,GTCTATTGGTTCCGGT-1,2,50.0,90.0,CP,CP_lesioned,CP_lesioned,2,4
s1,GTCTCAAGGCCCGGCT-1,5,60.0,66.0,CTX,CTX,CTX,3,5
s1,GTCTCGATCTGCTTTC-1,0,20.0,80.0,MSC,MSC,MSC,5,7
s1,GTCTGGGCGGTCGAGA-1,4,46.0,44.0,CTX,CTX,CTX,3,5
s1,GTCTTGAGGAGCAGTG-1,3,38.0,116.0,CTX,CTX,CTX,3,5
s1,GTCTTGTAGCTATTCA-1,5,44.0,112.0,CP,CP_lesioned,CP_lesioned,2,4
s1,GTGAAACGGCGCCACC-1,1,24.0,88.0,ACB,ACB_lesioned,ACB_lesioned,1,2
s1,GTGAACTCCCATTCGA-1,1,30.0,104.0,OT,OT,OT,6,8
s1,GTGACAGCTTCCCACT-1,4,64.0,74.0,CTX,CTX,CTX,3,5
s1,GTGACCGCACACTACG-1,2,39.0,91.0,CP,CP_lesioned,CP_lesioned,2,4
s1,GTGACGCAGGTTTCAT-1,4,65.0,75.0,CTX,CTX,CTX,3,5
s1,GTGACTTCAGTAGTGC-1,0,46.0,50.0,CTX,CTX,CTX,3,5
s1,GTGAGCGTGCTGCACT-1,3,33.0,25.0,cc,cc,cc,9,11
s1,GTGAGGACACTTAAGG-1,3,41.0,77.0,VL,VL,VL,7,9
s1,GTGAGTCTAAGACGGA-1,5,25.0,11.0,cc,cc,cc,9,11
s1,GTGAGTGGTACAACGC-1,4,52.0,56.0,CTX,CTX,CTX,3,5
s1,GTGATCACTAACGCCT-1,2,47.0,97.0,CP,CP_lesioned,CP_lesioned,2,4
s1,GTGATCATAGATCTGC-1,3,45.0,57.0,cc,cc,cc,9,11
s1,GTGATCCTTGTCATGA-1,5,62.0,84.0,CTX,CTX,CTX,3,5
s1,GTGATTCGCCGCTCAA-1,4,48.0,40.0,CTX,CTX,CTX,3,5
s1,GTGCAACAAATGTGGC-1,1,14.0,62.0,ACB,ACB_intact,ACB_intact,1,1
s1,GTGCACGAAAGTGACT-1,1,17.0,71.0,ACB,ACB_intact,ACB_intact,1,1
s1,GTGCAGCGTAGAGTAG-1,4,52.0,124.0,CTX,CTX,CTX,3,5
s1,GTGCCATCACACGGTG-1,5,42.0,34.0,CTX,CTX,CTX,3,5
s1,GTGCCCGTTCGGATTC-1,2,39.0,85.0,CP,CP_lesioned,CP_lesioned,2,4
s1,GTGCCGCTTCAAAGGT-1,4,44.0,44.0,CTX,CTX,CTX,3,5
s1,GTGCCTAGCTATGCTT-1,4,13.0,11.0,CTX,CTX,CTX,3,5
s1,GTGCGAAATCGAACAC-1,4,45.0,43.0,CTX,CTX,CTX,3,5
s1,GTGCGACAGGGAGTGT-1,1,36.0,100.0,ACB,ACB_lesioned,ACB_lesioned,1,2
s1,GTGCGGGTCTCCAAAT-1,3,20.0,56.0,aco,aco,aco,8,10
s1,GTGCGTGTATATGAGC-1,2,41.0,83.0,CP,CP_lesioned,CP_lesioned,2,4
s1,GTGCTCAAGTACTGTC-1,0,34.0,52.0,VL,VL,VL,7,9
s1,GTGCTGCAGATAAGGA-1,4,37.0,7.0,CTX,CTX,CTX,3,5
s1,GTGCTTACATCAGCGC-1,4,46.0,116.0,CTX,CTX,CTX,3,5
s1,GTGGACCAACCCGATT-1,5,45.0,29.0,CTX,CTX,CTX,3,5
s1,GTGGACGCATTTGTCC-1,5,56.0,64.0,CTX,CTX,CTX,3,5
s1,GTGGACGTGCTGAGAC-1,2,17.0,39.0,CP,CP_intact,CP_intact,2,3
s1,GTGGAGTCGGCGGTTG-1,4,54.0,38.0,CTX,CTX,CTX,3,5
s1,GTGGCGGTCCCAGCGT-1,4,40.0,20.0,CTX,CTX,CTX,3,5
s1,GTGGGCTTAGACACAC-1,2,29.0,39.0,CP,CP_intact,CP_intact,2,3
s1,GTGGTGGCCAAGTGAA-1,2,45.0,79.0,CP,CP_lesioned,CP_lesioned,2,4
s1,GTGGTTACTTCTTTCG-1,1,31.0,105.0,OT,OT,OT,6,8
s1,GTGGTTTCCGCCTTTC-1,5,42.0,32.0,CTX,CTX,CTX,3,5
s1,GTGTACCTTGGCTACG-1,0,26.0,78.0,MSC,MSC,MSC,5,7
s1,GTGTATATCAGCGGGC-1,5,58.0,76.0,CTX,CTX,CTX,3,5
s1,GTGTCGTATAGCGTTC-1,3,54.0,76.0,cc,cc,cc,9,11
s1,GTGTGAATAACTTAGG-1,1,33.0,83.0,ACB,ACB_lesioned,ACB_lesioned,1,2
s1,GTTAAAGTAGGACTGG-1,2,49.0,83.0,CP,CP_lesioned,CP_lesioned,2,4
s1,GTTAACATCACTTAAA-1,3,55.0,73.0,cc,cc,cc,9,11
s1,GTTAACTATGTTGTCA-1,2,43.0,111.0,CP,CP_lesioned,CP_lesioned,2,4
s1,GTTAAGGGTGCGATGT-1,4,61.0,71.0,CTX,CTX,CTX,3,5
s1,GTTAATGTCTATCTTA-1,5,30.0,12.0,CTX,CTX,CTX,3,5
s1,GTTACAATTGGTGACG-1,3,37.0,33.0,cc,cc,cc,9,11
s1,GTTACCTACAACTTGC-1,3,47.0,67.0,VL,VL,VL,7,9
s1,GTTACTTTGGGCCTAG-1,4,43.0,51.0,CTX,CTX,CTX,3,5
s1,GTTATAATACGGTGAA-1,5,53.0,107.0,cc,cc,cc,9,11
s1,GTTATATTATCTCCCT-1,4,48.0,56.0,CTX,CTX,CTX,3,5
s1,GTTATTAACGTGGGAG-1,2,22.0,18.0,CP,CP_intact,CP_intact,2,3
s1,GTTCACAGGAGTCTAG-1,2,32.0,34.0,CP,CP_intact,CP_intact,2,3
s1,GTTCATCGTTTGGCTG-1,1,33.0,105.0,ACB,ACB_lesioned,ACB_lesioned,1,2
s1,GTTCCAGTCTGACCAT-1,3,17.0,53.0,aco,aco,aco,8,10
s1,GTTCCCGTAAACATAT-1,4,59.0,119.0,CTX,CTX,CTX,3,5
s1,GTTCGCCATAAGTGCC-1,0,37.0,53.0,VL,VL,VL,7,9
s1,GTTCGCTGAGACGTCT-1,5,53.0,109.0,cc,cc,cc,9,11
s1,GTTCGGAGCACTCAAC-1,4,64.0,114.0,CTX,CTX,CTX,3,5
s1,GTTCGGATCGGGAACA-1,2,44.0,110.0,CP,CP_lesioned,CP_lesioned,2,4
s1,GTTCGTCTAAAGAACT-1,2,51.0,89.0,CP,CP_lesioned,CP_lesioned,2,4
s1,GTTCTTCCCTCGATGT-1,1,15.0,51.0,ACB,ACB_intact,ACB_intact,1,1
s1,GTTGAACCGGTTCCAT-1,4,42.0,40.0,CTX,CTX,CTX,3,5
s1,GTTGAGTCCCGCCGGT-1,2,52.0,78.0,CP,CP_lesioned,CP_lesioned,2,4
s1,GTTGCACGGAGTTTCG-1,2,24.0,48.0,CP,CP_intact,CP_intact,2,3
s1,GTTGCGCTAACATTAC-1,4,41.0,119.0,CTX,CTX,CTX,3,5
s1,GTTGCGGACGGTCAGG-1,4,53.0,119.0,CTX,CTX,CTX,3,5
s1,GTTGGATTGAGAACAC-1,1,32.0,88.0,ACB,ACB_lesioned,ACB_lesioned,1,2
s1,GTTGGATTTGCGTTGG-1,3,36.0,50.0,VL,VL,VL,7,9
s1,GTTGGTCATGCTATCC-1,5,55.0,63.0,CTX,CTX,CTX,3,5
s1,GTTGTCGTGTTAGTTG-1,1,15.0,47.0,ACB,ACB_intact,ACB_intact,1,1
s1,GTTTACGTTCCATCTG-1,3,48.0,64.0,cc,cc,cc,9,11
s1,GTTTATGGGATTTAGA-1,5,22.0,8.0,CTX,CTX,CTX,3,5
s1,GTTTCAAACGAGTTGT-1,4,61.0,109.0,CTX,CTX,CTX,3,5
s1,GTTTCATATCGTCGCT-1,5,39.0,27.0,CTX,CTX,CTX,3,5
s1,GTTTCCTGGAGGGTGA-1,2,25.0,49.0,CP,CP_intact,CP_intact,2,3
s1,GTTTCTGCAGTCTCCC-1,0,40.0,72.0,VL,VL,VL,7,9
s1,GTTTGACCAAATCCTA-1,0,30.0,58.0,LSX,LSX,LSX,4,6
s1,GTTTGGCCCAAGTTAT-1,2,42.0,80.0,CP,CP_lesioned,CP_lesioned,2,4
s1,GTTTGGGCTTGTGAGC-1,3,51.0,65.0,cc,cc,cc,9,11
s1,GTTTGGGTTTCGCCCG-1,4,63.0,91.0,CTX,CTX,CTX,3,5
s1,GTTTGGTAGGGTCAAC-1,5,53.0,59.0,CTX,CTX,CTX,3,5
s1,TAAACCCAGGAGGGCA-1,4,54.0,36.0,CTX,CTX,CTX,3,5
s1,TAAACGTCGTCAATGA-1,2,18.0,12.0,CP,CP_intact,CP_intact,2,3
s1,TAAAGACAACCCTTTA-1,4,40.0,118.0,CTX,CTX,CTX,3,5
s1,TAAAGCGTTAGGAGAA-1,1,28.0,88.0,ACB,ACB_lesioned,ACB_lesioned,1,2
s1,TAAATGAATCCGTTTC-1,2,23.0,29.0,CP,CP_intact,CP_intact,2,3
s1,TAACAAAGGGAGAAGC-1,2,21.0,35.0,CP,CP_intact,CP_intact,2,3
s1,TAACAATATTTGTTGC-1,3,28.0,16.0,cc,cc,cc,9,11
s1,TAACATACAATGTGGG-1,0,38.0,70.0,LSX,LSX,LSX,4,6
s1,TAACCTACCGTCCGAG-1,3,33.0,101.0,aco,aco,aco,8,10
s1,TAACCTAGGGAGTCCA-1,4,60.0,106.0,CTX,CTX,CTX,3,5
s1,TAACGCTTTGAGAGCG-1,2,27.0,29.0,CP,CP_intact,CP_intact,2,3
s1,TAACTATCGAAGGTCC-1,2,24.0,34.0,CP,CP_intact,CP_intact,2,3
s1,TAACTCATCCGCGCGG-1,4,43.0,49.0,CTX,CTX,CTX,3,5
s1,TAACTCCATGGAGGCT-1,2,19.0,27.0,CP,CP_intact,CP_intact,2,3
s1,TAAGCAGGCGACACGC-1,5,35.0,19.0,CTX,CTX,CTX,3,5
s1,TAAGGAACTTGTGGGA-1,2,16.0,40.0,CP,CP_intact,CP_intact,2,3
s1,TAAGGCAACATAAGAT-1,0,25.0,71.0,LSX,LSX,LSX,4,6
s1,TAAGGCATAACATCAA-1,4,57.0,49.0,CTX,CTX,CTX,3,5
s1,TAAGGCCCGTCACCCT-1,4,62.0,70.0,CTX,CTX,CTX,3,5
s1,TAAGGCTGAATCCCTC-1,2,45.0,97.0,CP,CP_lesioned,CP_lesioned,2,4
s1,TAAGGGCCTGTCCGAT-1,5,57.0,95.0,cc,cc,cc,9,11
s1,TAAGGGCTGGGAGAGG-1,5,34.0,18.0,CTX,CTX,CTX,3,5
s1,TAAGTAACATCTTGAC-1,4,46.0,40.0,CTX,CTX,CTX,3,5
s1,TAAGTTGCGACGTAGG-1,2,53.0,95.0,CP,CP_lesioned,CP_lesioned,2,4
s1,TAATACACAGTAGTAT-1,1,20.0,64.0,ACB,ACB_intact,ACB_intact,1,1
s1,TAATAGAACAGAGTTA-1,4,50.0,38.0,CTX,CTX,CTX,3,5
s1,TAATAGTGACGACCAG-1,1,27.0,83.0,LSX,LSX,LSX,4,6
s1,TAATATTGAAATTCGC-1,1,17.0,47.0,ACB,ACB_intact,ACB_intact,1,1
s1,TAATCGATCCGTACGT-1,1,25.0,93.0,ACB,ACB_lesioned,ACB_lesioned,1,2
s1,TAATGAAAGACCCTTG-1,2,25.0,17.0,CP,CP_intact,CP_intact,2,3
s1,TAATTACGTCAGTAGA-1,4,62.0,102.0,CTX,CTX,CTX,3,5
s1,TAATTAGGACATCCGT-1,2,42.0,108.0,CP,CP_lesioned,CP_lesioned,2,4
s1,TACAACGCACAACTCA-1,3,41.0,49.0,cc,cc,cc,9,11
s1,TACAAGTCTCGTGCAT-1,2,31.0,27.0,CP,CP_intact,CP_intact,2,3
s1,TACAGAAACGGTGGGC-1,5,59.0,85.0,CTX,CTX,CTX,3,5
s1,TACATAGGCATACACC-1,3,40.0,60.0,cc,cc,cc,9,11
s1,TACATCTTGTTTCTTG-1,5,17.0,3.0,CTX,CTX,CTX,3,5
s1,TACATGACCTTATCCG-1,5,23.0,5.0,CTX,CTX,CTX,3,5
s1,TACATGCCGGAATTGT-1,4,54.0,122.0,CTX,CTX,CTX,3,5
s1,TACATTTCTAACGTGC-1,3,39.0,55.0,cc,cc,cc,9,11
s1,TACCAAATAGCCCAGA-1,4,59.0,61.0,CTX,CTX,CTX,3,5
s1,TACCAATAAAGTACCA-1,3,55.0,83.0,cc,cc,cc,9,11
s1,TACCAGAAGTAGGTTC-1,4,49.0,51.0,CTX,CTX,CTX,3,5
s1,TACCGAATAATTGTAA-1,3,67.0,93.0,CTX,CTX,CTX,3,5
s1,TACCGCGGACTTGCAG-1,2,33.0,97.0,aco,aco,aco,8,10
s1,TACCGGCTCACTGCCC-1,3,47.0,65.0,cc,cc,cc,9,11
s1,TACCGGTCGTTTCCAT-1,5,44.0,34.0,CTX,CTX,CTX,3,5
s1,TACCGTAGGTTAACTA-1,4,59.0,57.0,CTX,CTX,CTX,3,5
s1,TACCGTGCCTCGGACC-1,3,51.0,69.0,cc,cc,cc,9,11
s1,TACCTACTCCCAGTAT-1,5,58.0,62.0,CTX,CTX,CTX,3,5
s1,TACCTCACGCTTGTAC-1,1,16.0,56.0,ACB,ACB_intact,ACB_intact,1,1
s1,TACCTGCTGCACTGTG-1,2,28.0,22.0,CP,CP_intact,CP_intact,2,3
s1,TACCTTAAGATTTCCC-1,4,49.0,29.0,CTX,CTX,CTX,3,5
s1,TACGAACACGACTTCA-1,0,31.0,53.0,LSX,LSX,LSX,4,6
s1,TACGACGCTTGCTGCG-1,4,46.0,54.0,CTX,CTX,CTX,3,5
s1,TACGACTGCCTCTTAG-1,3,44.0,66.0,VL,VL,VL,7,9
s1,TACGAGAACTTCACGT-1,1,35.0,39.0,VL,VL,VL,7,9
s1,TACGATGTTGATCATC-1,2,35.0,35.0,CP,CP_intact,CP_intact,2,3
s1,TACGCAGTTCTTTCCT-1,3,41.0,51.0,cc,cc,cc,9,11
s1,TACGCCATATTCTAAT-1,3,40.0,58.0,cc,cc,cc,9,11
s1,TACGCCTCCATTCCGA-1,5,55.0,59.0,CTX,CTX,CTX,3,5
s1,TACGCTATAGAAACCT-1,1,34.0,104.0,ACB,ACB_lesioned,ACB_lesioned,1,2
s1,TACGCTCGGTATTGGA-1,4,61.0,113.0,CTX,CTX,CTX,3,5
s1,TACGGCATGGACGCTA-1,4,63.0,115.0,CTX,CTX,CTX,3,5
s1,TACGTAAAGCGGAGTG-1,4,63.0,103.0,CTX,CTX,CTX,3,5
s1,TACGTGCACTATGCTG-1,2,21.0,33.0,CP,CP_intact,CP_intact,2,3
s1,TACGTTTACCGGCAAT-1,3,40.0,32.0,cc,cc,cc,9,11
s1,TACTATGGTTCCTCAG-1,4,57.0,47.0,CTX,CTX,CTX,3,5
s1,TACTCGGCACGCCGGG-1,4,36.0,16.0,CTX,CTX,CTX,3,5
s1,TACTCTCCGAACAAAT-1,0,21.0,81.0,MSC,MSC,MSC,5,7
s1,TACTCTTACTTTACTG-1,4,59.0,111.0,CTX,CTX,CTX,3,5
s1,TACTCTTTCGTCTTCA-1,4,58.0,46.0,CTX,CTX,CTX,3,5
s1,TACTGAACAGATTTAG-1,4,56.0,44.0,CTX,CTX,CTX,3,5
s1,TACTGGACAGCTCGGC-1,3,35.0,25.0,cc,cc,cc,9,11
s1,TACTGTTTCTCTGGTA-1,4,47.0,119.0,CTX,CTX,CTX,3,5
s1,TACTTGTTAGTAGTCC-1,2,37.0,87.0,ACB,ACB_lesioned,ACB_lesioned,1,2
s1,TACTTTACTGAGCCGG-1,2,30.0,96.0,ACB,ACB_lesioned,ACB_lesioned,1,2
s1,TAGAAAGGTGGCGCTA-1,0,31.0,81.0,LSX,LSX,LSX,4,6
s1,TAGAAATTCACGTATA-1,4,36.0,10.0,CTX,CTX,CTX,3,5
s1,TAGAATAGCCGATGAA-1,4,62.0,100.0,CTX,CTX,CTX,3,5
s1,TAGACGAAACGCCAAT-1,4,63.0,73.0,CTX,CTX,CTX,3,5
s1,TAGACGCCCGTACCGG-1,1,32.0,90.0,ACB,ACB_lesioned,ACB_lesioned,1,2
s1,TAGACTACCTAGCGTT-1,1,38.0,104.0,CP,CP_lesioned,CP_lesioned,2,4
s1,TAGAGATCATGCAACT-1,4,44.0,26.0,CTX,CTX,CTX,3,5
s1,TAGAGCTACGAAGAAC-1,1,13.0,53.0,OT,OT,OT,6,8
s1,TAGAGGTTCTACTTGT-1,2,54.0,96.0,CP,CP_lesioned,CP_lesioned,2,4
s1,TAGAGTCTAAGCGAAC-1,0,29.0,55.0,LSX,LSX,LSX,4,6
s1,TAGATATGGACTGGAA-1,4,49.0,53.0,CTX,CTX,CTX,3,5
s1,TAGATGGTTCCTTACT-1,5,59.0,97.0,CTX,CTX,CTX,3,5
s1,TAGATTCCTGGTTATT-1,3,32.0,20.0,cc,cc,cc,9,11
s1,TAGCAACCTGTCACAA-1,2,22.0,26.0,CP,CP_intact,CP_intact,2,3
s1,TAGCAGTATGACTAAA-1,4,66.0,98.0,CTX,CTX,CTX,3,5
s1,TAGCCATTTCAAAGTC-1,2,43.0,89.0,CP,CP_lesioned,CP_lesioned,2,4
s1,TAGCCGGCGGTCAGCG-1,1,33.0,85.0,VL,VL,VL,7,9
s1,TAGCGTCCCTCGATTG-1,2,45.0,109.0,CP,CP_lesioned,CP_lesioned,2,4
s1,TAGCGTCCGGTGTGGT-1,2,53.0,77.0,CP,CP_lesioned,CP_lesioned,2,4
s1,TAGCGTCGAATATTGA-1,4,34.0,4.0,CTX,CTX,CTX,3,5
s1,TAGCGTTGGGTCTTAC-1,0,38.0,68.0,LSX,LSX,LSX,4,6
s1,TAGCTAAGTCCGGGAG-1,0,29.0,57.0,LSX,LSX,LSX,4,6
s1,TAGCTAGAAGGCATGA-1,4,51.0,51.0,CTX,CTX,CTX,3,5
s1,TAGCTCGCCTGATAAC-1,4,50.0,58.0,CTX,CTX,CTX,3,5
s1,TAGGCATGTTACGCCA-1,0,23.0,85.0,LSX,LSX,LSX,4,6
s1,TAGGCTAAAGTGGCAC-1,4,65.0,99.0,CTX,CTX,CTX,3,5
s1,TAGGGAGCTTGGGATG-1,1,36.0,96.0,ACB,ACB_lesioned,ACB_lesioned,1,2
s1,TAGGGTGTTTCAAGAG-1,1,22.0,54.0,ACB,ACB_intact,ACB_intact,1,1
s1,TAGGTCCAAGTAAGGA-1,2,29.0,23.0,CP,CP_intact,CP_intact,2,3
s1,TAGGTCGCCGGAACTG-1,3,32.0,100.0,aco,aco,aco,8,10
s1,TAGGTGACGATAACCT-1,5,61.0,79.0,CTX,CTX,CTX,3,5
s1,TAGGTGAGCCCTACTC-1,2,29.0,33.0,CP,CP_intact,CP_intact,2,3
s1,TAGGTGCTCGCCTAGC-1,2,40.0,86.0,CP,CP_lesioned,CP_lesioned,2,4
s1,TAGGTGTTCCACAGAT-1,4,60.0,60.0,CTX,CTX,CTX,3,5
s1,TAGGTTCGAGTTCGTC-1,0,35.0,67.0,LSX,LSX,LSX,4,6
s1,TAGTACCTTAGTGGTC-1,2,21.0,21.0,CP,CP_intact,CP_intact,2,3
s1,TAGTCCGCAGAGAATG-1,3,39.0,53.0,cc,cc,cc,9,11
s1,TAGTCCGTATGCATAA-1,5,15.0,13.0,CTX,CTX,CTX,3,5
s1,TAGTCGATCACGGGTT-1,2,48.0,96.0,CP,CP_lesioned,CP_lesioned,2,4
s1,TAGTCTAACAACGAGA-1,3,40.0,34.0,cc,cc,cc,9,11
s1,TAGTCTTTCCGAATTG-1,4,50.0,116.0,CTX,CTX,CTX,3,5
s1,TAGTGCCCTCCAGAGT-1,0,32.0,52.0,VL,VL,VL,7,9
s1,TAGTGTCAGAAACGGC-1,2,21.0,19.0,CP,CP_intact,CP_intact,2,3
s1,TAGTTTATTCTTGCTT-1,1,13.0,57.0,OT,OT,OT,6,8
s1,TATAAATCCACAAGCT-1,2,20.0,44.0,CP,CP_intact,CP_intact,2,3
s1,TATAAGTGAGGATAGC-1,2,21.0,39.0,CP,CP_intact,CP_intact,2,3
s1,TATACACAGACGCCTT-1,5,50.0,60.0,CTX,CTX,CTX,3,5
s1,TATACACGCAAAGTAT-1,2,18.0,36.0,CP,CP_intact,CP_intact,2,3
s1,TATACCGAGTGCCACA-1,4,50.0,120.0,CTX,CTX,CTX,3,5
s1,TATACGCGTCATCACT-1,4,60.0,68.0,CTX,CTX,CTX,3,5
s1,TATACTCATGCGGCAA-1,2,20.0,18.0,CP,CP_intact,CP_intact,2,3
s1,TATAGATGGTCGCAGT-1,2,40.0,102.0,CP,CP_lesioned,CP_lesioned,2,4
s1,TATAGGGTACTCATGA-1,4,36.0,20.0,CTX,CTX,CTX,3,5
s1,TATATCATTGATCAGT-1,4,30.0,6.0,CTX,CTX,CTX,3,5
s1,TATATCCCTGGGAGGA-1,1,36.0,98.0,ACB,ACB_lesioned,ACB_lesioned,1,2
s1,TATATGCTGGGTTGCC-1,5,23.0,7.0,CTX,CTX,CTX,3,5
s1,TATCAAAGGTCTGTAA-1,5,26.0,6.0,CTX,CTX,CTX,3,5
s1,TATCCAATTGGTTATC-1,3,55.0,79.0,cc,cc,cc,9,11
s1,TATCCATATCATGCGA-1,3,18.0,52.0,aco,aco,aco,8,10
s1,TATCCGCACCGTCGGG-1,4,59.0,53.0,CTX,CTX,CTX,3,5
s1,TATCCTGCATGGGAAT-1,1,14.0,54.0,OT,OT,OT,6,8
s1,TATCGATGATTAAACG-1,2,23.0,49.0,ACB,ACB_intact,ACB_intact,1,1
s1,TATCTACAGAGGTAAT-1,2,30.0,24.0,CP,CP_intact,CP_intact,2,3
s1,TATCTACCACAGCGGG-1,3,42.0,60.0,cc,cc,cc,9,11
s1,TATCTAGCCTAAAGGA-1,4,34.0,12.0,CTX,CTX,CTX,3,5
s1,TATGAAGACAGGTGCG-1,2,29.0,21.0,CP,CP_intact,CP_intact,2,3
s1,TATGATCTTCTCTTTA-1,5,58.0,90.0,cc,cc,cc,9,11
s1,TATGCTCCCTACTTAC-1,1,25.0,61.0,ACB,ACB_intact,ACB_intact,1,1
s1,TATGGATGTGCTACGC-1,1,26.0,54.0,VL,VL,VL,7,9
s1,TATGGCCCGGCCTCGC-1,2,30.0,30.0,CP,CP_intact,CP_intact,2,3
s1,TATGGGACCGAGCAGG-1,0,36.0,56.0,LSX,LSX,LSX,4,6
s1,TATGGGTACGTATCGT-1,0,32.0,58.0,LSX,LSX,LSX,4,6
s1,TATGGTCTGAGTAACA-1,0,36.0,58.0,LSX,LSX,LSX,4,6
s1,TATGGTTAGTGGGAGA-1,2,41.0,105.0,CP,CP_lesioned,CP_lesioned,2,4
s1,TATGTCTCATTGTGCC-1,1,30.0,82.0,LSX,LSX,LSX,4,6
s1,TATTAACCTGACCGCG-1,4,57.0,45.0,CTX,CTX,CTX,3,5
s1,TATTACCATCCTGCTT-1,1,38.0,96.0,CP,CP_lesioned,CP_lesioned,2,4
s1,TATTCAATTCTAATCC-1,0,34.0,74.0,LSX,LSX,LSX,4,6
s1,TATTCCACTCAGCTCG-1,4,49.0,57.0,CTX,CTX,CTX,3,5
s1,TATTCCGAGCTGTTAT-1,2,54.0,86.0,CP,CP_lesioned,CP_lesioned,2,4
s1,TATTCCTCCGCCCACT-1,4,48.0,32.0,CTX,CTX,CTX,3,5
s1,TATTCGTGCCAGAATA-1,0,34.0,64.0,LSX,LSX,LSX,4,6
s1,TATTTAGTCTAGATCG-1,1,18.0,58.0,ACB,ACB_intact,ACB_intact,1,1
s1,TATTTGATTTGCACAG-1,4,54.0,118.0,CTX,CTX,CTX,3,5
s1,TATTTGTTACCCTTTA-1,2,24.0,46.0,CP,CP_intact,CP_intact,2,3
s1,TCAAACAACCGCGTCG-1,1,24.0,60.0,ACB,ACB_intact,ACB_intact,1,1
s1,TCAAACTTAGATTGTT-1,0,31.0,65.0,LSX,LSX,LSX,4,6
s1,TCAAATTTGAGACTCA-1,4,60.0,70.0,CTX,CTX,CTX,3,5
s1,TCAACATCGACCGAGA-1,4,44.0,16.0,CTX,CTX,CTX,3,5
s1,TCAACCATGTTCGGGC-1,2,25.0,51.0,ACB,ACB_intact,ACB_intact,1,1
s1,TCAACGAGGAGACAAA-1,3,42.0,56.0,cc,cc,cc,9,11
s1,TCAACGCAGGAAATAA-1,4,49.0,31.0,CTX,CTX,CTX,3,5
s1,TCAACGCGACCGGCAG-1,5,39.0,23.0,CTX,CTX,CTX,3,5
s1,TCAACTAACGTATAAC-1,3,31.0,19.0,cc,cc,cc,9,11
s1,TCAACTGCAGAGTCAG-1,5,56.0,108.0,CTX,CTX,CTX,3,5
s1,TCAAGAAATACTAGCT-1,1,34.0,108.0,OT,OT,OT,6,8
s1,TCAAGCGCGGACGGTA-1,4,58.0,114.0,CTX,CTX,CTX,3,5
s1,TCAAGGTTACTACACC-1,2,47.0,103.0,CP,CP_lesioned,CP_lesioned,2,4
s1,TCAATACAATTGCTGC-1,4,30.0,2.0,CTX,CTX,CTX,3,5
s1,TCACAAACCGAGGTAC-1,5,61.0,95.0,CTX,CTX,CTX,3,5
s1,TCACAGCAAACTCGAA-1,4,51.0,49.0,CTX,CTX,CTX,3,5
s1,TCACAGGAGAATAAGA-1,4,55.0,49.0,CTX,CTX,CTX,3,5
s1,TCACAGGGAATCGCAA-1,2,47.0,79.0,CP,CP_lesioned,CP_lesioned,2,4
s1,TCACAGGTTATTGGGC-1,3,32.0,48.0,VL,VL,VL,7,9
s1,TCACATCTTATCTGAT-1,2,28.0,20.0,CP,CP_intact,CP_intact,2,3
s1,TCACCCTCTTAAGATT-1,3,45.0,59.0,cc,cc,cc,9,11
s1,TCACCGCTCGGCACTC-1,1,30.0,92.0,ACB,ACB_lesioned,ACB_lesioned,1,2
s1,TCACGCATTGTAGATC-1,3,33.0,49.0,VL,VL,VL,7,9
s1,TCACGGTCATCGCACA-1,2,23.0,45.0,CP,CP_intact,CP_intact,2,3
s1,TCACGTGCCCGATTCA-1,0,38.0,62.0,LSX,LSX,LSX,4,6
s1,TCACTCTTCGTCTGTC-1,5,18.0,8.0,CTX,CTX,CTX,3,5
s1,TCAGACGCTATAGAAG-1,3,48.0,72.0,VL,VL,VL,7,9
s1,TCAGCAAATGCATCTC-1,0,31.0,73.0,LSX,LSX,LSX,4,6
s1,TCAGCCAATCCGTAAA-1,4,63.0,105.0,CTX,CTX,CTX,3,5
s1,TCAGGGCGACTTCCTT-1,5,24.0,4.0,CTX,CTX,CTX,3,5
s1,TCAGGGCGCAAACTCG-1,2,22.0,16.0,CP,CP_intact,CP_intact,2,3
s1,TCAGGGTGTAACGTAA-1,0,28.0,72.0,MSC,MSC,MSC,5,7
s1,TCAGGTTCTTTGAGAA-1,2,30.0,42.0,CP,CP_intact,CP_intact,2,3
s1,TCAGTACTGACCCGCG-1,2,26.0,34.0,CP,CP_intact,CP_intact,2,3
s1,TCAGTAGGGACTATAA-1,0,46.0,48.0,CTX,CTX,CTX,3,5
s1,TCATACTTACAGATCC-1,2,22.0,24.0,CP,CP_intact,CP_intact,2,3
s1,TCATCACTCGAGCTCG-1,2,17.0,29.0,CP,CP_intact,CP_intact,2,3
s1,TCATTTAAGTCTCCGA-1,1,35.0,99.0,ACB,ACB_lesioned,ACB_lesioned,1,2
s1,TCATTTAGAAGTGTGA-1,4,54.0,110.0,CTX,CTX,CTX,3,5
s1,TCCAACTCAGCTATCT-1,3,67.0,91.0,CTX,CTX,CTX,3,5
s1,TCCAACTTTAAATTCT-1,5,40.0,40.0,cc,cc,cc,9,11
s1,TCCAAGCCTAGACACA-1,3,67.0,79.0,CTX,CTX,CTX,3,5
s1,TCCACAATGGTTTACG-1,2,30.0,36.0,CP,CP_intact,CP_intact,2,3
s1,TCCACTTTATCTAGGT-1,0,31.0,79.0,LSX,LSX,LSX,4,6
s1,TCCAGAGCACCGGTTC-1,0,40.0,70.0,LSX,LSX,LSX,4,6
s1,TCCAGCGCTATAAGCG-1,4,52.0,116.0,CTX,CTX,CTX,3,5
s1,TCCAGGCGAGTACGGT-1,0,31.0,57.0,LSX,LSX,LSX,4,6
s1,TCCAGGGTATATACGA-1,4,61.0,63.0,CTX,CTX,CTX,3,5
s1,TCCCAAAGACGAAGGA-1,0,26.0,60.0,LSX,LSX,LSX,4,6
s1,TCCCAAAGCCCTAAAT-1,4,39.0,117.0,CTX,CTX,CTX,3,5
s1,TCCCAGCACACGACAT-1,4,56.0,124.0,CTX,CTX,CTX,3,5
s1,TCCCAGCTTTAGTCTG-1,0,34.0,56.0,LSX,LSX,LSX,4,6
s1,TCCCAGGCTTAGCTAA-1,1,30.0,48.0,CP,CP_intact,CP_intact,2,3
s1,TCCCGCGTACTCCTGG-1,0,27.0,69.0,LSX,LSX,LSX,4,6
s1,TCCCGGGTGTGCTGCT-1,2,34.0,34.0,CP,CP_intact,CP_intact,2,3
s1,TCCCGTCAGTCCCGCA-1,0,23.0,75.0,MSC,MSC,MSC,5,7
s1,TCCCGTGTGCAATTTG-1,2,44.0,80.0,CP,CP_lesioned,CP_lesioned,2,4
s1,TCCCTGGCTCGCTGGA-1,3,33.0,27.0,cc,cc,cc,9,11
s1,TCCGAACGTTGCCGCT-1,4,51.0,121.0,CTX,CTX,CTX,3,5
s1,TCCGAACTTGGCTTAC-1,5,33.0,19.0,CTX,CTX,CTX,3,5
s1,TCCGATAATTGCCATA-1,1,18.0,64.0,ACB,ACB_intact,ACB_intact,1,1
s1,TCCGATGACTGAGCTC-1,0,22.0,76.0,MSC,MSC,MSC,5,7
s1,TCCGATGGTGCGACAT-1,1,25.0,53.0,VL,VL,VL,7,9
s1,TCCGATTACATTGCCG-1,2,32.0,32.0,CP,CP_intact,CP_intact,2,3
s1,TCCGCAGCCACCTAGC-1,4,13.0,7.0,CTX,CTX,CTX,3,5
s1,TCCGCCTGTCTACAAG-1,5,56.0,74.0,cc,cc,cc,9,11
s1,TCCGCGGCAGCATCTG-1,1,34.0,84.0,VL,VL,VL,7,9
s1,TCCGCGGCCCAATGAA-1,2,53.0,99.0,CP,CP_lesioned,CP_lesioned,2,4
s1,TCCGCTGTCATCCCGG-1,2,47.0,81.0,CP,CP_lesioned,CP_lesioned,2,4
s1,TCCGCTTATCCCATTA-1,3,50.0,64.0,cc,cc,cc,9,11
s1,TCCGGCCTAGCGTACA-1,1,28.0,98.0,OT,OT,OT,6,8
s1,TCCGGGCTTGACGGGA-1,4,66.0,96.0,CTX,CTX,CTX,3,5
s1,TCCGGTTCGTCCGGTC-1,4,51.0,53.0,CTX,CTX,CTX,3,5
s1,TCCGTAACCACAATCC-1,2,20.0,16.0,CP,CP_intact,CP_intact,2,3
s1,TCCGTTAAGCTAATAT-1,2,52.0,100.0,CP,CP_lesioned,CP_lesioned,2,4
s1,TCCGTTTAGCCTTGAA-1,1,29.0,89.0,ACB,ACB_lesioned,ACB_lesioned,1,2
s1,TCCTAAATTGGGAAGC-1,5,56.0,70.0,CTX,CTX,CTX,3,5
s1,TCCTACATCCACGGCC-1,2,46.0,84.0,CP,CP_lesioned,CP_lesioned,2,4
s1,TCCTAGCAAAGAAGCT-1,5,41.0,41.0,CTX,CTX,CTX,3,5
s1,TCCTATCATAGGTAAC-1,4,46.0,120.0,CTX,CTX,CTX,3,5
s1,TCCTCGGGCTGGGCTT-1,3,40.0,76.0,VL,VL,VL,7,9
s1,TCCTCTACGAGATGGC-1,2,26.0,32.0,CP,CP_intact,CP_intact,2,3
s1,TCCTCTCCAGTTGTCC-1,3,30.0,20.0,cc,cc,cc,9,11
s1,TCCTGCGTTGATACTC-1,3,38.0,30.0,cc,cc,cc,9,11
s1,TCCTTACGACGGTCCG-1,2,49.0,95.0,CP,CP_lesioned,CP_lesioned,2,4
s1,TCCTTTAAATCCGCTT-1,3,56.0,92.0,cc,cc,cc,9,11
s1,TCCTTTCTTACGCTTA-1,0,30.0,62.0,LSX,LSX,LSX,4,6
s1,TCGAAATTTAGGACCA-1,2,29.0,45.0,CP,CP_intact,CP_intact,2,3
s1,TCGAAGAACCGAGCAC-1,2,45.0,99.0,CP,CP_lesioned,CP_lesioned,2,4
s1,TCGAGACCAACACCGT-1,0,37.0,55.0,LSX,LSX,LSX,4,6
s1,TCGAGGGCAACAGACG-1,4,57.0,119.0,CTX,CTX,CTX,3,5
s1,TCGCAAAGATGCATTT-1,1,47.0,75.0,VL,VL,VL,7,9
s1,TCGCACCAGGAGGCAG-1,2,50.0,80.0,CP,CP_lesioned,CP_lesioned,2,4
s1,TCGCATAAAGGGCGCA-1,4,63.0,111.0,CTX,CTX,CTX,3,5
s1,TCGCATCCCTAAGTGT-1,2,15.0,31.0,CP,CP_intact,CP_intact,2,3
s1,TCGCCGAAGTTGCGTC-1,4,45.0,37.0,CTX,CTX,CTX,3,5
s1,TCGCCGACATATTCGC-1,4,66.0,86.0,CTX,CTX,CTX,3,5
s1,TCGCCGGATGGGCAAG-1,4,26.0,4.0,CTX,CTX,CTX,3,5
s1,TCGCCGGTCGATCCGT-1,1,19.0,61.0,ACB,ACB_intact,ACB_intact,1,1
s1,TCGCGTAGCAGTGTCC-1,5,57.0,99.0,cc,cc,cc,9,11
s1,TCGCGTCCAGAAGGTC-1,2,31.0,29.0,CP,CP_intact,CP_intact,2,3
s1,TCGCTACTGGCTTTGA-1,5,65.0,73.0,CTX,CTX,CTX,3,5
s1,TCGCTCGATATATTCC-1,0,29.0,63.0,LSX,LSX,LSX,4,6
s1,TCGCTGGGCGGATTGT-1,0,28.0,74.0,MSC,MSC,MSC,5,7
s1,TCGCTGTGCGTAAATC-1,2,17.0,41.0,CP,CP_intact,CP_intact,2,3
s1,TCGCTTTAAACGTTTG-1,1,25.0,87.0,ACB,ACB_lesioned,ACB_lesioned,1,2
s1,TCGGAATGCGCTCTGA-1,2,30.0,28.0,CP,CP_intact,CP_intact,2,3
s1,TCGGACGCCCAGCCCA-1,0,33.0,79.0,LSX,LSX,LSX,4,6
s1,TCGGAGAGTATCGGGA-1,4,45.0,23.0,CTX,CTX,CTX,3,5
s1,TCGGAGTACATGAGTA-1,0,32.0,74.0,LSX,LSX,LSX,4,6
s1,TCGGCGAACCCAAACC-1,2,49.0,105.0,CP,CP_lesioned,CP_lesioned,2,4
s1,TCGGCTTGTATCGACG-1,5,58.0,96.0,CTX,CTX,CTX,3,5
s1,TCGGGAGACAGCGTAC-1,4,59.0,71.0,CTX,CTX,CTX,3,5
s1,TCGGGATTCAAACATA-1,4,39.0,15.0,CTX,CTX,CTX,3,5
s1,TCGGGCCGTCGTGGTA-1,2,40.0,88.0,CP,CP_lesioned,CP_lesioned,2,4
s1,TCGTAAGACGACATTG-1,0,27.0,77.0,LSX,LSX,LSX,4,6
s1,TCGTATTACCCATTGC-1,5,37.0,25.0,CTX,CTX,CTX,3,5
s1,TCGTCACACTGTTAGC-1,2,27.0,19.0,CP,CP_intact,CP_intact,2,3
s1,TCGTCCGCTGGCGTCT-1,2,22.0,40.0,CP,CP_intact,CP_intact,2,3
s1,TCGTCTTAGGCGTTAA-1,2,53.0,83.0,CP,CP_lesioned,CP_lesioned,2,4
s1,TCGTGTACTATGGATG-1,2,47.0,77.0,CP,CP_lesioned,CP_lesioned,2,4
s1,TCGTGTATTGGTCACG-1,5,53.0,117.0,CTX,CTX,CTX,3,5
s1,TCGTGTCACGCTGACA-1,4,43.0,23.0,CTX,CTX,CTX,3,5
s1,TCGTGTTCGACCACAA-1,5,57.0,105.0,CTX,CTX,CTX,3,5
s1,TCGTTAGGAGTCCCTA-1,4,52.0,54.0,CTX,CTX,CTX,3,5
s1,TCGTTGACAGGGTCCC-1,4,28.0,2.0,CTX,CTX,CTX,3,5
s1,TCGTTGCTATCCGGTC-1,4,54.0,46.0,CTX,CTX,CTX,3,5
s1,TCTAACTGTATGTAAA-1,5,27.0,11.0,CTX,CTX,CTX,3,5
s1,TCTACCCAATAGAGAG-1,5,56.0,106.0,CTX,CTX,CTX,3,5
s1,TCTACCGTCCACAAGC-1,0,27.0,67.0,LSX,LSX,LSX,4,6
s1,TCTAGCAATCTCCGCC-1,4,46.0,30.0,CTX,CTX,CTX,3,5
s1,TCTAGCATCTTCGATG-1,2,23.0,43.0,CP,CP_intact,CP_intact,2,3
s1,TCTAGCATGCCCAGAA-1,3,48.0,66.0,cc,cc,cc,9,11
s1,TCTAGGTGGCGACGCT-1,1,29.0,99.0,OT,OT,OT,6,8
s1,TCTAGTGATATCGTGG-1,2,44.0,98.0,CP,CP_lesioned,CP_lesioned,2,4
s1,TCTAGTTATCAGAAGA-1,0,34.0,54.0,LSX,LSX,LSX,4,6
s1,TCTATAGGTGGGTAAT-1,4,65.0,109.0,CTX,CTX,CTX,3,5
s1,TCTATCATGCAGTTAC-1,2,18.0,40.0,CP,CP_intact,CP_intact,2,3
s1,TCTATCGGTCGCAACA-1,1,22.0,64.0,ACB,ACB_intact,ACB_intact,1,1
s1,TCTATGCTATAACGAC-1,4,64.0,94.0,CTX,CTX,CTX,3,5
s1,TCTATTACGCTGGCGA-1,2,14.0,34.0,CP,CP_intact,CP_intact,2,3
s1,TCTATTACTAGAGGAT-1,4,41.0,15.0,CTX,CTX,CTX,3,5
s1,TCTCATGAGATAGGGT-1,2,49.0,87.0,CP,CP_lesioned,CP_lesioned,2,4
s1,TCTCCAACGTAGGTTA-1,0,20.0,78.0,MSC,MSC,MSC,5,7
s1,TCTCCACAAGTTGAAT-1,5,61.0,93.0,CTX,CTX,CTX,3,5
s1,TCTCCCTGGGCAGCGT-1,2,54.0,80.0,CP,CP_lesioned,CP_lesioned,2,4
s1,TCTCGACGTATCGCCG-1,4,45.0,113.0,CTX,CTX,CTX,3,5
s1,TCTCGAGGAGGTTCGC-1,4,52.0,112.0,CTX,CTX,CTX,3,5
s1,TCTCGGCTCCAGGACT-1,2,13.0,23.0,CP,CP_intact,CP_intact,2,3
s1,TCTCTAATAGCTGGTA-1,2,20.0,52.0,ACB,ACB_intact,ACB_intact,1,1
s1,TCTCTCGCCGCACATA-1,4,55.0,115.0,CTX,CTX,CTX,3,5
s1,TCTGAACCGGTCGGCT-1,2,21.0,37.0,CP,CP_intact,CP_intact,2,3
s1,TCTGAACTCGTACCCG-1,2,47.0,95.0,CP,CP_lesioned,CP_lesioned,2,4
s1,TCTGAAGCACGTGGTC-1,3,56.0,84.0,cc,cc,cc,9,11
s1,TCTGAATTCCGTACAA-1,1,34.0,94.0,ACB,ACB_lesioned,ACB_lesioned,1,2
s1,TCTGAGCAATTGACTG-1,5,54.0,112.0,CTX,CTX,CTX,3,5
s1,TCTGATGTATTCTGTC-1,2,51.0,83.0,CP,CP_lesioned,CP_lesioned,2,4
s1,TCTGCAGATTCGAGTC-1,5,25.0,5.0,CTX,CTX,CTX,3,5
s1,TCTGCATACCTTGCTT-1,4,61.0,99.0,CTX,CTX,CTX,3,5
s1,TCTGCCAGAAACTGCA-1,1,41.0,79.0,VL,VL,VL,7,9
s1,TCTGCGTCCGGTTTCT-1,2,15.0,23.0,CP,CP_intact,CP_intact,2,3
s1,TCTGGCGCAAGCCGGG-1,4,34.0,6.0,CTX,CTX,CTX,3,5
s1,TCTGGGAACCTTTGAA-1,2,40.0,98.0,CP,CP_lesioned,CP_lesioned,2,4
s1,TCTGGGTAGCGCTCAT-1,3,40.0,36.0,cc,cc,cc,9,11
s1,TCTGTGCCATCATAGT-1,0,32.0,80.0,LSX,LSX,LSX,4,6
s1,TCTGTTACCCAGCATA-1,4,51.0,35.0,CTX,CTX,CTX,3,5
s1,TCTTACAGAGGTACCG-1,2,15.0,45.0,ACB,ACB_intact,ACB_intact,1,1
s1,TCTTACGGCATCCGAC-1,2,25.0,29.0,CP,CP_intact,CP_intact,2,3
s1,TCTTACTTATGCCTCT-1,2,45.0,93.0,CP,CP_lesioned,CP_lesioned,2,4
s1,TCTTAGAGCTCCAATT-1,2,40.0,108.0,CP,CP_lesioned,CP_lesioned,2,4
s1,TCTTAGAGTGAACTCT-1,2,43.0,99.0,CP,CP_lesioned,CP_lesioned,2,4
s1,TCTTCCCATGGGCACA-1,3,32.0,96.0,aco,aco,aco,8,10
s1,TCTTCGAATAGACGTT-1,0,39.0,71.0,LSX,LSX,LSX,4,6
s1,TCTTCGATACCAATAA-1,0,32.0,66.0,LSX,LSX,LSX,4,6
s1,TCTTCGCGGTGAGAGG-1,4,60.0,116.0,CTX,CTX,CTX,3,5
s1,TCTTCTATAACCCGCC-1,2,45.0,107.0,CP,CP_lesioned,CP_lesioned,2,4
s1,TCTTGATGCGTAGCGA-1,0,32.0,68.0,LSX,LSX,LSX,4,6
s1,TCTTGGTAACACCAAA-1,1,21.0,65.0,ACB,ACB_intact,ACB_intact,1,1
s1,TCTTTAAGACTATGAA-1,1,34.0,98.0,ACB,ACB_lesioned,ACB_lesioned,1,2
s1,TCTTTAGAGTCTAACA-1,4,50.0,114.0,CTX,CTX,CTX,3,5
s1,TCTTTCCTTCGAGATA-1,4,58.0,120.0,CTX,CTX,CTX,3,5
s1,TGAAAGGACCTGACTC-1,0,35.0,83.0,VL,VL,VL,7,9
s1,TGAAGAGCGGTCCTAG-1,3,19.0,11.0,cc,cc,cc,9,11
s1,TGAATACCGACGCGTA-1,4,66.0,82.0,CTX,CTX,CTX,3,5
s1,TGAATGTCAGCCGGCC-1,2,47.0,109.0,CP,CP_lesioned,CP_lesioned,2,4
s1,TGACATCGAGCGGACC-1,1,35.0,101.0,ACB,ACB_lesioned,ACB_lesioned,1,2
s1,TGACCCACGTTAGACA-1,3,33.0,47.0,VL,VL,VL,7,9
s1,TGACGAATATTTCCCT-1,4,44.0,22.0,CTX,CTX,CTX,3,5
s1,TGACGATGCACTAGAA-1,1,37.0,95.0,ACB,ACB_lesioned,ACB_lesioned,1,2
s1,TGACTATAATCCTTTC-1,3,46.0,68.0,VL,VL,VL,7,9
s1,TGAGAATGCTTTACCG-1,3,18.0,54.0,aco,aco,aco,8,10
s1,TGAGAGATTTACCACG-1,2,41.0,91.0,CP,CP_lesioned,CP_lesioned,2,4
s1,TGAGCCATACAGTCTC-1,5,42.0,38.0,CTX,CTX,CTX,3,5
s1,TGAGCGGAAAGTGTTC-1,5,55.0,65.0,cc,cc,cc,9,11
s1,TGAGGAGTGCCAGCTT-1,5,58.0,58.0,CTX,CTX,CTX,3,5
s1,TGAGTAAATTAGCGTA-1,4,47.0,57.0,CTX,CTX,CTX,3,5
s1,TGAGTGCCTCTTAAAT-1,4,45.0,41.0,CTX,CTX,CTX,3,5
s1,TGAGTGGTCCGTGACG-1,1,30.0,84.0,ACB,ACB_lesioned,ACB_lesioned,1,2
s1,TGAGTTAAAGACATTC-1,5,48.0,112.0,cc,cc,cc,9,11
s1,TGATACATTTAGCCGT-1,4,55.0,43.0,CTX,CTX,CTX,3,5
s1,TGATAGCGGGATTCTA-1,5,28.0,12.0,CTX,CTX,CTX,3,5
s1,TGATCAGGGAACTGCT-1,4,42.0,24.0,CTX,CTX,CTX,3,5
s1,TGATCGGTTTGACCCT-1,0,28.0,54.0,LSX,LSX,LSX,4,6
s1,TGATCTCCGGCGCCAG-1,2,28.0,50.0,VL,VL,VL,7,9
s1,TGATGTCAATTAAGTG-1,5,59.0,103.0,CTX,CTX,CTX,3,5
s1,TGATTCGTCTATCACT-1,2,31.0,41.0,CP,CP_intact,CP_intact,2,3
s1,TGATTCTGTCGCCGGT-1,4,48.0,44.0,CTX,CTX,CTX,3,5
s1,TGATTTATTAGCTGTG-1,3,38.0,34.0,cc,cc,cc,9,11
s1,TGATTTCCTCCTGACG-1,2,16.0,34.0,CP,CP_intact,CP_intact,2,3
s1,TGCAACCCATCTGCGG-1,5,60.0,90.0,CTX,CTX,CTX,3,5
s1,TGCAAGAATGACGTAA-1,0,30.0,60.0,LSX,LSX,LSX,4,6
s1,TGCAATCTAACACGGT-1,5,62.0,90.0,CTX,CTX,CTX,3,5
s1,TGCACTATGTGAGTGC-1,2,17.0,13.0,CP,CP_intact,CP_intact,2,3
s1,TGCAGAACTATATCGT-1,4,42.0,22.0,CTX,CTX,CTX,3,5
s1,TGCAGAGTACCGAGCA-1,3,38.0,46.0,VL,VL,VL,7,9
s1,TGCAGATCGTCCTAGG-1,4,42.0,18.0,CTX,CTX,CTX,3,5
s1,TGCAGCTACGTACTTC-1,4,42.0,16.0,CTX,CTX,CTX,3,5
s1,TGCAGGATCGGCAAAG-1,0,24.0,74.0,MSC,MSC,MSC,5,7
s1,TGCAGTTTCCTCCCAT-1,2,40.0,90.0,CP,CP_lesioned,CP_lesioned,2,4
s1,TGCATATGTCTGTCAC-1,1,35.0,85.0,VL,VL,VL,7,9
s1,TGCATGGATCGGATCT-1,1,19.0,67.0,ACB,ACB_intact,ACB_intact,1,1
s1,TGCATGTGGTAATCTA-1,0,29.0,81.0,LSX,LSX,LSX,4,6
s1,TGCCAAAGTCAGACTT-1,4,43.0,19.0,CTX,CTX,CTX,3,5
s1,TGCCAATGGGTACTCT-1,4,54.0,52.0,CTX,CTX,CTX,3,5
s1,TGCCACCTGGCGAAAC-1,0,20.0,76.0,MSC,MSC,MSC,5,7
s1,TGCCAGTACGTGGAGA-1,3,51.0,71.0,VL,VL,VL,7,9
s1,TGCCCGTACCGTTAAA-1,1,45.0,75.0,VL,VL,VL,7,9
s1,TGCCGTGGATCGTCCT-1,5,57.0,63.0,CTX,CTX,CTX,3,5
s1,TGCCTAATTGAAGATT-1,5,55.0,105.0,cc,cc,cc,9,11
s1,TGCCTGACATCGGTCA-1,2,16.0,20.0,CP,CP_intact,CP_intact,2,3
s1,TGCCTGATCAAACGAT-1,1,20.0,70.0,ACB,ACB_intact,ACB_intact,1,1
s1,TGCCTTGGCCAGGCAA-1,2,52.0,82.0,CP,CP_lesioned,CP_lesioned,2,4
s1,TGCGACACCCTAGTGC-1,4,46.0,46.0,CTX,CTX,CTX,3,5
s1,TGCGAGAATATTACCC-1,4,50.0,40.0,CTX,CTX,CTX,3,5
s1,TGCGATGCTAATGGCT-1,3,21.0,11.0,cc,cc,cc,9,11
s1,TGCGCAAAGCATTTGG-1,0,31.0,67.0,LSX,LSX,LSX,4,6
s1,TGCGCGATTAACGGAG-1,2,27.0,41.0,CP,CP_intact,CP_intact,2,3
s1,TGCGGAGTAAAGGTGC-1,1,22.0,70.0,ACB,ACB_intact,ACB_intact,1,1
s1,TGCGGCATAGTTCAAC-1,1,12.0,54.0,ACB,ACB_intact,ACB_intact,1,1
s1,TGCGTAAGAACCTGAT-1,4,43.0,43.0,CTX,CTX,CTX,3,5
s1,TGCGTTTGTTGACACT-1,3,42.0,76.0,VL,VL,VL,7,9
s1,TGCTAAGTGTCTATTT-1,2,52.0,90.0,CP,CP_lesioned,CP_lesioned,2,4
s1,TGCTCCACAGTTCTTA-1,2,45.0,95.0,CP,CP_lesioned,CP_lesioned,2,4
s1,TGCTCGGCGAAACCCA-1,5,57.0,61.0,CTX,CTX,CTX,3,5
s1,TGCTCTTGAGAGTTTG-1,4,64.0,70.0,CTX,CTX,CTX,3,5
s1,TGCTGGTTGGACAATT-1,2,21.0,41.0,CP,CP_intact,CP_intact,2,3
s1,TGCTGTTGAAGAACTC-1,0,38.0,66.0,LSX,LSX,LSX,4,6
s1,TGCTTCCCAAGCAGTA-1,4,62.0,66.0,CTX,CTX,CTX,3,5
s1,TGGAAGAAGGGAACGT-1,3,39.0,35.0,cc,cc,cc,9,11
s1,TGGAAGACGAACACCA-1,2,14.0,46.0,OT,OT,OT,6,8
s1,TGGAAGGATAAAGATG-1,1,20.0,68.0,ACB,ACB_intact,ACB_intact,1,1
s1,TGGAATTAGACGCTTT-1,2,26.0,18.0,CP,CP_intact,CP_intact,2,3
s1,TGGACACCGTTGCTTG-1,3,20.0,10.0,cc,cc,cc,9,11
s1,TGGACCAATCTAAGAT-1,5,62.0,80.0,CTX,CTX,CTX,3,5
s1,TGGACTGTTCGCTCAA-1,0,37.0,73.0,LSX,LSX,LSX,4,6
s1,TGGAGTGATGCGATGA-1,2,29.0,41.0,CP,CP_intact,CP_intact,2,3
s1,TGGCAAACTAAATTAC-1,2,50.0,78.0,CP,CP_lesioned,CP_lesioned,2,4
s1,TGGCAATGGGACGGCG-1,5,54.0,106.0,cc,cc,cc,9,11
s1,TGGCAGATTACGATCA-1,3,44.0,58.0,cc,cc,cc,9,11
s1,TGGCAGCAGTAATAGT-1,0,39.0,61.0,VL,VL,VL,7,9
s1,TGGCCAAACTGAAGTA-1,0,28.0,76.0,LSX,LSX,LSX,4,6
s1,TGGCCGTATATTGACC-1,2,26.0,38.0,CP,CP_intact,CP_intact,2,3
s1,TGGCGACTGCTCCAAA-1,4,55.0,47.0,CTX,CTX,CTX,3,5
s1,TGGCGATCAAGTTATG-1,4,51.0,55.0,CTX,CTX,CTX,3,5
s1,TGGCTACACTCTACCT-1,4,64.0,100.0,CTX,CTX,CTX,3,5
s1,TGGCTATGTGACATAC-1,5,60.0,82.0,CTX,CTX,CTX,3,5
s1,TGGCTTTGGGTAGACA-1,1,19.0,51.0,ACB,ACB_intact,ACB_intact,1,1
s1,TGGGAAATGCCTTTCC-1,2,23.0,27.0,CP,CP_intact,CP_intact,2,3
s1,TGGGCAATAGTTGGGT-1,2,46.0,108.0,CP,CP_lesioned,CP_lesioned,2,4
s1,TGGGCAGGCCACCGCA-1,4,54.0,116.0,CTX,CTX,CTX,3,5
s1,TGGGCCACAAGAGCGC-1,1,18.0,72.0,ACB,ACB_intact,ACB_intact,1,1
s1,TGGGCCCATACTAATT-1,2,47.0,89.0,CP,CP_lesioned,CP_lesioned,2,4
s1,TGGTAAGCAGGATTGA-1,4,41.0,11.0,CTX,CTX,CTX,3,5
s1,TGGTAGAATATATGGG-1,2,48.0,100.0,CP,CP_lesioned,CP_lesioned,2,4
s1,TGGTCCCACGCTACGG-1,3,52.0,74.0,cc,cc,cc,9,11
s1,TGGTCTAGCTTACATG-1,5,21.0,5.0,CTX,CTX,CTX,3,5
s1,TGGTCTGTTGGGCGTA-1,3,37.0,29.0,cc,cc,cc,9,11
s1,TGGTGATCGTATTTGT-1,2,26.0,16.0,CP,CP_intact,CP_intact,2,3
s1,TGGTTATGCTTGCGGT-1,4,25.0,1.0,CTX,CTX,CTX,3,5
s1,TGGTTCAACGGGTAAT-1,1,50.0,74.0,VL,VL,VL,7,9
s1,TGGTTCGTAGCAAAGG-1,1,23.0,55.0,VL,VL,VL,7,9
s1,TGTAATGACCACAATA-1,4,36.0,14.0,CTX,CTX,CTX,3,5
s1,TGTACCTACACGAGGG-1,5,59.0,91.0,CTX,CTX,CTX,3,5
s1,TGTACGAACAAATCCG-1,0,38.0,58.0,VL,VL,VL,7,9
s1,TGTAGCCATCCCATTC-1,4,62.0,112.0,CTX,CTX,CTX,3,5
s1,TGTAGGAGAAATTTCC-1,1,34.0,86.0,VL,VL,VL,7,9
s1,TGTAGTGATCTATAAT-1,3,35.0,33.0,cc,cc,cc,9,11
s1,TGTATAACAGATCCTG-1,0,29.0,79.0,LSX,LSX,LSX,4,6
s1,TGTATGGCGCAGACAG-1,2,43.0,93.0,CP,CP_lesioned,CP_lesioned,2,4
s1,TGTCCACGGCTCAACT-1,4,65.0,101.0,CTX,CTX,CTX,3,5
s1,TGTCCGTGGCGCCTTT-1,3,30.0,18.0,cc,cc,cc,9,11
s1,TGTCCTAAGTCACCGC-1,2,34.0,30.0,CP,CP_intact,CP_intact,2,3
s1,TGTGACTACGCCAGTC-1,0,21.0,73.0,ACB,ACB_intact,ACB_intact,1,1
s1,TGTGAGACTAGCCCAA-1,4,59.0,63.0,CTX,CTX,CTX,3,5
s1,TGTGCCGGTGCCGGAA-1,2,53.0,97.0,CP,CP_lesioned,CP_lesioned,2,4
s1,TGTGCTTTACGTAAGA-1,4,36.0,18.0,CTX,CTX,CTX,3,5
s1,TGTGGCAAAGCGTATG-1,1,29.0,87.0,ACB,ACB_lesioned,ACB_lesioned,1,2
s1,TGTGGCTCCCACCAAC-1,4,44.0,118.0,CTX,CTX,CTX,3,5
s1,TGTGGTAGGGTGCCTT-1,4,53.0,125.0,CTX,CTX,CTX,3,5
s1,TGTGTAGTAGCACGTG-1,4,58.0,116.0,CTX,CTX,CTX,3,5
s1,TGTGTCGCGAGTTGCA-1,2,24.0,36.0,CP,CP_intact,CP_intact,2,3
s1,TGTGTTCGTATCCAAG-1,3,31.0,21.0,cc,cc,cc,9,11
s1,TGTTATTGTATGTGGC-1,2,44.0,86.0,CP,CP_lesioned,CP_lesioned,2,4
s1,TGTTCATAAATGTGCT-1,5,26.0,8.0,CTX,CTX,CTX,3,5
s1,TGTTCGTATTGCGGTG-1,5,49.0,61.0,cc,cc,cc,9,11
s1,TGTTCTTCCATTGACT-1,1,33.0,43.0,CP,CP_intact,CP_intact,2,3
s1,TGTTGCCGTCGTCCCA-1,4,46.0,122.0,CTX,CTX,CTX,3,5
s1,TGTTGTCAAGAAGTCT-1,0,24.0,82.0,MSC,MSC,MSC,5,7
s1,TGTTTCGGTACTTCTC-1,3,18.0,56.0,aco,aco,aco,8,10
s1,TGTTTGAGATCGTCAG-1,4,49.0,115.0,CTX,CTX,CTX,3,5
s1,TTAAACCTGGTTCCTT-1,5,26.0,12.0,CTX,CTX,CTX,3,5
s1,TTAAACTCGAATTCAT-1,3,31.0,95.0,aco,aco,aco,8,10
s1,TTAACACCTCGAACAT-1,2,24.0,22.0,CP,CP_intact,CP_intact,2,3
s1,TTAACCAACCCTCCCT-1,3,19.0,55.0,aco,aco,aco,8,10
s1,TTAACGTTAAAGCCTG-1,4,36.0,4.0,CTX,CTX,CTX,3,5
s1,TTAACTCACGCGTGGA-1,3,24.0,14.0,CP,CP_intact,CP_intact,2,3
s1,TTAACTTCAGGTAGGA-1,4,46.0,26.0,CTX,CTX,CTX,3,5
s1,TTAAGATAGGATTGAC-1,2,43.0,101.0,CP,CP_lesioned,CP_lesioned,2,4
s1,TTAAGCGCCTGACCCA-1,2,30.0,44.0,CP,CP_intact,CP_intact,2,3
s1,TTAAGTATTGTTATCC-1,4,64.0,90.0,CTX,CTX,CTX,3,5
s1,TTAATCAGTACGTCAG-1,0,18.0,76.0,MSC,MSC,MSC,5,7
s1,TTAATGTAGACCAGGT-1,0,30.0,68.0,MSC,MSC,MSC,5,7
s1,TTAATGTGTTTGCAGG-1,4,12.0,6.0,CTX,CTX,CTX,3,5
s1,TTAATTGCTTTGGGTG-1,4,62.0,76.0,CTX,CTX,CTX,3,5
s1,TTAATTTCAGACGCGG-1,1,17.0,69.0,ACB,ACB_intact,ACB_intact,1,1
s1,TTACAACTACGCATCC-1,2,24.0,52.0,ACB,ACB_intact,ACB_intact,1,1
s1,TTACACGATCTGCGAC-1,4,62.0,110.0,CTX,CTX,CTX,3,5
s1,TTACAGACCTAAATGA-1,1,26.0,96.0,ACB,ACB_lesioned,ACB_lesioned,1,2
s1,TTACATCGTGGCCTGG-1,2,20.0,36.0,CP,CP_intact,CP_intact,2,3
s1,TTACATGCCACAACTA-1,2,41.0,103.0,CP,CP_lesioned,CP_lesioned,2,4
s1,TTACCATTGATTACCC-1,3,34.0,28.0,cc,cc,cc,9,11
s1,TTACCCTAACAGTCCT-1,2,24.0,24.0,CP,CP_intact,CP_intact,2,3
s1,TTACCCTAGGGATTGG-1,4,60.0,58.0,CTX,CTX,CTX,3,5
s1,TTACGGATGGTTCGAG-1,1,33.0,93.0,ACB,ACB_lesioned,ACB_lesioned,1,2
s1,TTACGTATCTATGACA-1,4,64.0,116.0,CTX,CTX,CTX,3,5
s1,TTACTAAAGGACTTTA-1,2,48.0,78.0,CP,CP_lesioned,CP_lesioned,2,4
s1,TTACTATCGGCTTCTC-1,5,34.0,16.0,CTX,CTX,CTX,3,5
s1,TTACTCCGGCCGGGAA-1,0,34.0,78.0,LSX,LSX,LSX,4,6
s1,TTACTCTGGTACGTAC-1,5,43.0,31.0,CTX,CTX,CTX,3,5
s1,TTACTGGGATATTTCA-1,3,44.0,54.0,cc,cc,cc,9,11
s1,TTAGAAGAACATGACT-1,3,52.0,64.0,cc,cc,cc,9,11
s1,TTAGACGAGTCACCTC-1,2,48.0,80.0,CP,CP_lesioned,CP_lesioned,2,4
s1,TTAGAGTTTAGAAGGA-1,2,46.0,86.0,CP,CP_lesioned,CP_lesioned,2,4
s1,TTAGATAGGTCGATAC-1,3,13.0,21.0,CP,CP_intact,CP_intact,2,3
s1,TTAGCAACATGGATGT-1,2,20.0,28.0,CP,CP_intact,CP_intact,2,3
s1,TTAGCTCTGTAATCCG-1,5,31.0,15.0,CTX,CTX,CTX,3,5
s1,TTAGCTGATTTGCCGT-1,2,38.0,94.0,CP,CP_lesioned,CP_lesioned,2,4
s1,TTAGTAAACCTGCTCT-1,5,62.0,94.0,CTX,CTX,CTX,3,5
s1,TTAGTAGGGCGGCGGG-1,3,34.0,26.0,cc,cc,cc,9,11
s1,TTAGTTATTCGTGGCA-1,2,47.0,91.0,CP,CP_lesioned,CP_lesioned,2,4
s1,TTATAGGTAATTGTCT-1,4,61.0,73.0,CTX,CTX,CTX,3,5
s1,TTATATACGCTGTCAC-1,0,38.0,74.0,LSX,LSX,LSX,4,6
s1,TTATATTTGGCAATCC-1,0,26.0,64.0,LSX,LSX,LSX,4,6
s1,TTATCCAATCGAACTC-1,2,13.0,33.0,CP,CP_intact,CP_intact,2,3
s1,TTATCCGGGATCTATA-1,2,51.0,87.0,CP,CP_lesioned,CP_lesioned,2,4
s1,TTATCGCCTGCGAAGC-1,3,27.0,17.0,cc,cc,cc,9,11
s1,TTATCTGTATCATAAC-1,1,22.0,60.0,ACB,ACB_intact,ACB_intact,1,1
s1,TTATGAATGAAAGGGA-1,3,41.0,63.0,VL,VL,VL,7,9
s1,TTATGACAAACTGGAT-1,2,27.0,35.0,CP,CP_intact,CP_intact,2,3
s1,TTATGATCTTAACGAA-1,1,38.0,82.0,VL,VL,VL,7,9
s1,TTATGTTTGCGATAGA-1,2,26.0,20.0,CP,CP_intact,CP_intact,2,3
s1,TTATTAGGGAAGCATC-1,1,15.0,59.0,ACB,ACB_intact,ACB_intact,1,1
s1,TTATTATCTGGAAGGC-1,4,55.0,121.0,CTX,CTX,CTX,3,5
s1,TTCAAAGTCTCTAGCC-1,0,35.0,75.0,LSX,LSX,LSX,4,6
s1,TTCAACGACCCGACCG-1,2,20.0,48.0,ACB,ACB_intact,ACB_intact,1,1
s1,TTCAATACTCTGAATC-1,2,38.0,86.0,CP,CP_lesioned,CP_lesioned,2,4
s1,TTCACGAAAGGATCAC-1,0,38.0,54.0,VL,VL,VL,7,9
s1,TTCACTCGAGCACCTA-1,3,55.0,69.0,cc,cc,cc,9,11
s1,TTCAGCCCTGGTCCAC-1,2,47.0,85.0,CP,CP_lesioned,CP_lesioned,2,4
s1,TTCAGCTGGCGTGCCC-1,2,55.0,95.0,CP,CP_lesioned,CP_lesioned,2,4
s1,TTCAGGCGTCAAAGCC-1,4,40.0,16.0,CTX,CTX,CTX,3,5
s1,TTCAGTTTGTGGCAGC-1,5,27.0,7.0,CTX,CTX,CTX,3,5
s1,TTCATGGCGCAACAGG-1,0,19.0,75.0,ACB,ACB_intact,ACB_intact,1,1
s1,TTCCAATCTGGCTATC-1,0,48.0,46.0,CTX,CTX,CTX,3,5
s1,TTCCACACAGATTTGA-1,0,50.0,46.0,CTX,CTX,CTX,3,5
s1,TTCCAGACGAGATTTA-1,1,39.0,111.0,CP,CP_lesioned,CP_lesioned,2,4
s1,TTCCATCGACAGCGTG-1,4,61.0,107.0,CTX,CTX,CTX,3,5
s1,TTCCGCGTGAGGCGAT-1,3,46.0,64.0,cc,cc,cc,9,11
s1,TTCCGGCCTTGAGGCT-1,4,54.0,44.0,CTX,CTX,CTX,3,5
s1,TTCCGGTATCTGTGTC-1,4,41.0,115.0,CTX,CTX,CTX,3,5
s1,TTCCGGTTACCCACTT-1,2,45.0,87.0,CP,CP_lesioned,CP_lesioned,2,4
s1,TTCCTCGAGGGTGTCT-1,1,21.0,49.0,ACB,ACB_intact,ACB_intact,1,1
s1,TTCCTCGGACTAACCA-1,2,50.0,86.0,CP,CP_lesioned,CP_lesioned,2,4
s1,TTCCTCTGCCCGAATA-1,4,35.0,15.0,CTX,CTX,CTX,3,5
s1,TTCGACAGAGCCCGTG-1,3,52.0,68.0,cc,cc,cc,9,11
s1,TTCGACGGGAAGGGCG-1,2,24.0,44.0,CP,CP_intact,CP_intact,2,3
s1,TTCGCACTCGCGTGCT-1,2,25.0,45.0,CP,CP_intact,CP_intact,2,3
s1,TTCGCACTGTACGACA-1,4,61.0,59.0,CTX,CTX,CTX,3,5
s1,TTCGCTAGGAAGTTGT-1,4,41.0,117.0,CTX,CTX,CTX,3,5
s1,TTCGGCTAGAGATGGT-1,2,18.0,24.0,CP,CP_intact,CP_intact,2,3
s1,TTCGGGACTAATCGCG-1,0,36.0,72.0,LSX,LSX,LSX,4,6
s1,TTCGGGTTGCCACGGG-1,4,61.0,117.0,CTX,CTX,CTX,3,5
s1,TTCGGTGGAGACGCCC-1,4,47.0,121.0,CTX,CTX,CTX,3,5
s1,TTCGTACTCCAGAACG-1,2,29.0,29.0,CP,CP_intact,CP_intact,2,3
s1,TTCTAACCGAAGCTTA-1,1,34.0,90.0,ACB,ACB_lesioned,ACB_lesioned,1,2
s1,TTCTACTTGCGAGGGC-1,2,22.0,32.0,CP,CP_intact,CP_intact,2,3
s1,TTCTAGGCCAATTGTG-1,2,22.0,44.0,CP,CP_intact,CP_intact,2,3
s1,TTCTGACCGGGCTCAA-1,2,52.0,84.0,CP,CP_lesioned,CP_lesioned,2,4
s1,TTCTGCCGCGCCTAGA-1,3,49.0,69.0,VL,VL,VL,7,9
s1,TTCTGCGAGCGCCCTT-1,5,33.0,17.0,CTX,CTX,CTX,3,5
s1,TTCTGCGGGTTAGCGG-1,1,40.0,80.0,CP,CP_lesioned,CP_lesioned,2,4
s1,TTCTGTTTCCTGTCGC-1,3,20.0,12.0,CP,CP_intact,CP_intact,2,3
s1,TTCTTAGTGAACGGTG-1,2,18.0,34.0,CP,CP_intact,CP_intact,2,3
s1,TTCTTAGTGGCTCAGA-1,1,17.0,61.0,ACB,ACB_intact,ACB_intact,1,1
s1,TTCTTATCCGCTGGGT-1,2,49.0,101.0,CP,CP_lesioned,CP_lesioned,2,4
s1,TTCTTGAGCCGCGCTA-1,4,47.0,41.0,CTX,CTX,CTX,3,5
s1,TTCTTGCTAGCATCTC-1,1,40.0,110.0,CP,CP_lesioned,CP_lesioned,2,4
s1,TTCTTGGAGTAATGAG-1,0,21.0,79.0,MSC,MSC,MSC,5,7
s1,TTCTTGTAACCTAATG-1,2,23.0,35.0,CP,CP_intact,CP_intact,2,3
s1,TTCTTGTGTCCATCAG-1,4,30.0,8.0,CTX,CTX,CTX,3,5
s1,TTGAACGAATCCTTTG-1,2,19.0,21.0,CP,CP_intact,CP_intact,2,3
s1,TTGAACGACGTGCTGA-1,5,60.0,88.0,CTX,CTX,CTX,3,5
s1,TTGAAGAATTCCCAGG-1,3,32.0,50.0,VL,VL,VL,7,9
s1,TTGAATATGGACTTTC-1,0,34.0,76.0,LSX,LSX,LSX,4,6
s1,TTGAATTCACGTGAGG-1,2,39.0,97.0,CP,CP_lesioned,CP_lesioned,2,4
s1,TTGACAGGAGCTCCCG-1,2,47.0,99.0,CP,CP_lesioned,CP_lesioned,2,4
s1,TTGACATGAACGTGGA-1,4,44.0,32.0,CTX,CTX,CTX,3,5
s1,TTGACCAGGAACAACT-1,4,64.0,80.0,CTX,CTX,CTX,3,5
s1,TTGACCATGTTCTCCG-1,0,24.0,78.0,MSC,MSC,MSC,5,7
s1,TTGACCGTGTTAATGA-1,4,50.0,34.0,CTX,CTX,CTX,3,5
s1,TTGACGCTCCATGAGC-1,2,41.0,101.0,CP,CP_lesioned,CP_lesioned,2,4
s1,TTGACTACCATATGGT-1,4,43.0,41.0,CTX,CTX,CTX,3,5
s1,TTGACTATTGTCCGGC-1,2,46.0,104.0,CP,CP_lesioned,CP_lesioned,2,4
s1,TTGAGAAGTTTAGCAT-1,2,55.0,87.0,CP,CP_lesioned,CP_lesioned,2,4
s1,TTGAGAGTACTGCTAA-1,4,44.0,38.0,CTX,CTX,CTX,3,5
s1,TTGAGCAGCCCACGGT-1,4,44.0,116.0,CTX,CTX,CTX,3,5
s1,TTGATCTAACTTTGTC-1,2,29.0,47.0,CP,CP_intact,CP_intact,2,3
s1,TTGATGTGTAGTCCCG-1,1,24.0,90.0,ACB,ACB_lesioned,ACB_lesioned,1,2
s1,TTGATTAGCTGTTTCT-1,4,48.0,34.0,CTX,CTX,CTX,3,5
s1,TTGATTATGCAGATGA-1,2,27.0,33.0,CP,CP_intact,CP_intact,2,3
s1,TTGCACAATTCAGAAA-1,3,43.0,57.0,cc,cc,cc,9,11
s1,TTGCACGGAGCAGCAC-1,1,21.0,59.0,ACB,ACB_intact,ACB_intact,1,1
s1,TTGCATGCTGATCACG-1,5,41.0,35.0,cc,cc,cc,9,11
s1,TTGCCAAGCAGAACCC-1,4,44.0,114.0,CTX,CTX,CTX,3,5
s1,TTGCCCTGATCACGGG-1,3,36.0,34.0,cc,cc,cc,9,11
s1,TTGCCGCTTTCTAGTA-1,5,62.0,78.0,CTX,CTX,CTX,3,5
s1,TTGCGCTCTCTCGCTT-1,5,22.0,4.0,CTX,CTX,CTX,3,5
s1,TTGCGGCATCAGAAAG-1,4,53.0,45.0,CTX,CTX,CTX,3,5
s1,TTGCGTAGTTTGAGGA-1,2,25.0,19.0,CP,CP_intact,CP_intact,2,3
s1,TTGCGTCGGCCAACCG-1,4,51.0,41.0,CTX,CTX,CTX,3,5
s1,TTGCTCCCATACCGGA-1,0,22.0,72.0,ACB,ACB_intact,ACB_intact,1,1
s1,TTGCTGAAGGAACCAC-1,2,19.0,57.0,aco,aco,aco,8,10
s1,TTGCTGATCATGTTCG-1,0,33.0,57.0,LSX,LSX,LSX,4,6
s1,TTGCTGCACCTATCCA-1,2,22.0,20.0,CP,CP_intact,CP_intact,2,3
s1,TTGGACATGTGGCTTA-1,5,41.0,29.0,CTX,CTX,CTX,3,5
s1,TTGGACCATCTGGCAA-1,2,51.0,105.0,CP,CP_lesioned,CP_lesioned,2,4
s1,TTGGACCTATAACAGT-1,3,56.0,86.0,cc,cc,cc,9,11
s1,TTGGATATCGTCTACG-1,4,48.0,52.0,CTX,CTX,CTX,3,5
s1,TTGGATTGGGTACCAC-1,3,17.0,55.0,aco,aco,aco,8,10
s1,TTGGCCATCTTGCGCT-1,2,17.0,21.0,CP,CP_intact,CP_intact,2,3
s1,TTGGCTCAATATGTGT-1,4,65.0,113.0,CTX,CTX,CTX,3,5
s1,TTGGCTCGCATGAGAC-1,2,23.0,37.0,CP,CP_intact,CP_intact,2,3
s1,TTGGGACACTGCCCGC-1,0,28.0,70.0,MSC,MSC,MSC,5,7
s1,TTGGGACGTAAGAGTT-1,5,51.0,109.0,CP,CP_lesioned,CP_lesioned,2,4
s1,TTGGGCGGCGGTTGCC-1,0,30.0,76.0,LSX,LSX,LSX,4,6
s1,TTGGTCACACTCGTAA-1,0,48.0,48.0,CTX,CTX,CTX,3,5
s1,TTGTAAGGACCTAAGT-1,4,46.0,32.0,CTX,CTX,CTX,3,5
s1,TTGTAAGGCCAGTTGG-1,0,27.0,81.0,LSX,LSX,LSX,4,6
s1,TTGTAATCCGTACTCG-1,0,35.0,55.0,LSX,LSX,LSX,4,6
s1,TTGTCGTTCAGTTACC-1,1,22.0,58.0,VL,VL,VL,7,9
s1,TTGTGAACCTAATCCG-1,3,56.0,90.0,cc,cc,cc,9,11
s1,TTGTGCAGCCACGTCA-1,4,60.0,74.0,CTX,CTX,CTX,3,5
s1,TTGTGGCCCTGACAGT-1,1,18.0,60.0,ACB,ACB_intact,ACB_intact,1,1
s1,TTGTGGTAGGAGGGAT-1,4,50.0,28.0,CTX,CTX,CTX,3,5
s1,TTGTGGTGGTACTAAG-1,4,63.0,95.0,CTX,CTX,CTX,3,5
s1,TTGTGTATGCCACCAA-1,5,56.0,60.0,CTX,CTX,CTX,3,5
s1,TTGTGTTTCCCGAAAG-1,5,51.0,59.0,CTX,CTX,CTX,3,5
s1,TTGTTAGCAAATTCGA-1,2,22.0,42.0,CP,CP_intact,CP_intact,2,3
s1,TTGTTCAGTGTGCTAC-1,1,24.0,64.0,ACB,ACB_intact,ACB_intact,1,1
s1,TTGTTCTAGATACGCT-1,4,21.0,3.0,CTX,CTX,CTX,3,5
s1,TTGTTGTGTGTCAAGA-1,0,31.0,77.0,LSX,LSX,LSX,4,6
s1,TTGTTTCCATACAACT-1,4,45.0,27.0,CTX,CTX,CTX,3,5
