section,spot_index,obs_name,cluster,stage
Mouse_Thymus2,0,110_38,1,Mouse_Thymus2
Mouse_Thymus2,1,71_20,6,Mouse_Thymus2
Mouse_Thymus2,2,48_23,6,Mouse_Thymus2
Mouse_Thymus2,3,94_54,2,Mouse_Thymus2
Mouse_Thymus2,4,69_34,1,Mouse_Thymus2
Mouse_Thymus2,5,9_46,5,Mouse_Thymus2
Mouse_Thymus2,6,108_57,6,Mouse_Thymus2
Mouse_Thymus2,7,115_65,2,Mouse_Thymus2
Mouse_Thymus2,8,104_42,6,Mouse_Thymus2
Mouse_Thymus2,9,94_23,1,Mouse_Thymus2
Mouse_Thymus2,10,111_42,1,Mouse_Thymus2
Mouse_Thymus2,11,13_51,2,Mouse_Thymus2
Mouse_Thymus2,12,17_39,2,Mouse_Thymus2
Mouse_Thymus2,13,63_20,6,Mouse_Thymus2
Mouse_Thymus2,14,89_44,2,Mouse_Thymus2
Mouse_Thymus2,15,99_40,5,Mouse_Thymus2
Mouse_Thymus2,16,72_27,1,Mouse_Thymus2
Mouse_Thymus2,17,82_0,5,Mouse_Thymus2
Mouse_Thymus2,18,64_27,2,Mouse_Thymus2
Mouse_Thymus2,19,78_46,5,Mouse_Thymus2
Mouse_Thymus2,20,89_14,1,Mouse_Thymus2
Mouse_Thymus2,21,78_8,2,Mouse_Thymus2
Mouse_Thymus2,22,78_18,6,Mouse_Thymus2
Mouse_Thymus2,23,96_24,1,Mouse_Thymus2
Mouse_Thymus2,24,63_29,1,Mouse_Thymus2
Mouse_Thymus2,25,97_7,2,Mouse_Thymus2
Mouse_Thymus2,26,88_9,6,Mouse_Thymus2
Mouse_Thymus2,27,53_31,5,Mouse_Thymus2
Mouse_Thymus2,28,45_38,1,Mouse_Thymus2
Mouse_Thymus2,29,88_49,5,Mouse_Thymus2
Mouse_Thymus2,30,117_46,1,Mouse_Thymus2
Mouse_Thymus2,31,29_46,1,Mouse_Thymus2
Mouse_Thymus2,32,87_26,5,Mouse_Thymus2
Mouse_Thymus2,33,55_23,5,Mouse_Thymus2
Mouse_Thymus2,34,94_31,5,Mouse_Thymus2
Mouse_Thymus2,35,75_26,1,Mouse_Thymus2
Mouse_Thymus2,36,67_32,5,Mouse_Thymus2
Mouse_Thymus2,37,78_12,2,Mouse_Thymus2
Mouse_Thymus2,38,115_52,2,Mouse_Thymus2
Mouse_Thymus2,39,109_39,1,Mouse_Thymus2
Mouse_Thymus2,40,48_25,6,Mouse_Thymus2
Mouse_Thymus2,41,43_26,6,Mouse_Thymus2
Mouse_Thymus2,42,111_50,2,Mouse_Thymus2
Mouse_Thymus2,43,94_52,2,Mouse_Thymus2
Mouse_Thymus2,44,91_17,1,Mouse_Thymus2
Mouse_Thymus2,45,112_46,1,Mouse_Thymus2
Mouse_Thymus2,46,37_55,7,Mouse_Thymus2
Mouse_Thymus2,47,79_19,1,Mouse_Thymus2
Mouse_Thymus2,48,82_47,5,Mouse_Thymus2
Mouse_Thymus2,49,83_4,2,Mouse_Thymus2
Mouse_Thymus2,50,95_18,2,Mouse_Thymus2
Mouse_Thymus2,51,103_32,1,Mouse_Thymus2
Mouse_Thymus2,52,61_41,2,Mouse_Thymus2
Mouse_Thymus2,53,28_43,1,Mouse_Thymus2
Mouse_Thymus2,54,63_26,6,Mouse_Thymus2
Mouse_Thymus2,55,118_46,2,Mouse_Thymus2
Mouse_Thymus2,56,24_35,7,Mouse_Thymus2
Mouse_Thymus2,57,46_33,5,Mouse_Thymus2
Mouse_Thymus2,58,78_36,1,Mouse_Thymus2
Mouse_Thymus2,59,76_46,5,Mouse_Thymus2
Mouse_Thymus2,60,30_39,2,Mouse_Thymus2
Mouse_Thymus2,61,88_37,5,Mouse_Thymus2
Mouse_Thymus2,62,79_25,1,Mouse_Thymus2
Mouse_Thymus2,63,42_26,5,Mouse_Thymus2
Mouse_Thymus2,64,93_28,6,Mouse_Thymus2
Mouse_Thymus2,65,42_39,1,Mouse_Thymus2
Mouse_Thymus2,66,13_42,5,Mouse_Thymus2
Mouse_Thymus2,67,20_37,2,Mouse_Thymus2
Mouse_Thymus2,68,101_40,1,Mouse_Thymus2
Mouse_Thymus2,69,108_25,5,Mouse_Thymus2
Mouse_Thymus2,70,13_39,5,Mouse_Thymus2
Mouse_Thymus2,71,91_9,2,Mouse_Thymus2
Mouse_Thymus2,72,63_41,2,Mouse_Thymus2
Mouse_Thymus2,73,107_34,1,Mouse_Thymus2
Mouse_Thymus2,74,120_45,2,Mouse_Thymus2
Mouse_Thymus2,75,90_10,2,Mouse_Thymus2
Mouse_Thymus2,76,62_11,2,Mouse_Thymus2
Mouse_Thymus2,77,26_34,5,Mouse_Thymus2
Mouse_Thymus2,78,59_29,1,Mouse_Thymus2
Mouse_Thymus2,79,107_43,6,Mouse_Thymus2
Mouse_Thymus2,80,100_42,2,Mouse_Thymus2
Mouse_Thymus2,81,94_41,5,Mouse_Thymus2
Mouse_Thymus2,82,79_27,1,Mouse_Thymus2
Mouse_Thymus2,83,95_33,6,Mouse_Thymus2
Mouse_Thymus2,84,49_48,2,Mouse_Thymus2
Mouse_Thymus2,85,81_35,2,Mouse_Thymus2
Mouse_Thymus2,86,72_9,5,Mouse_Thymus2
Mouse_Thymus2,87,81_11,2,Mouse_Thymus2
Mouse_Thymus2,88,22_55,5,Mouse_Thymus2
Mouse_Thymus2,89,88_33,2,Mouse_Thymus2
Mouse_Thymus2,90,36_24,7,Mouse_Thymus2
Mouse_Thymus2,91,106_22,5,Mouse_Thymus2
Mouse_Thymus2,92,97_41,2,Mouse_Thymus2
Mouse_Thymus2,93,86_51,2,Mouse_Thymus2
Mouse_Thymus2,94,56_16,2,Mouse_Thymus2
Mouse_Thymus2,95,39_38,6,Mouse_Thymus2
Mouse_Thymus2,96,83_36,6,Mouse_Thymus2
Mouse_Thymus2,97,99_58,2,Mouse_Thymus2
Mouse_Thymus2,98,24_56,6,Mouse_Thymus2
Mouse_Thymus2,99,48_40,1,Mouse_Thymus2
Mouse_Thymus2,100,85_18,1,Mouse_Thymus2
Mouse_Thymus2,101,82_52,2,Mouse_Thymus2
Mouse_Thymus2,102,75_37,1,Mouse_Thymus2
Mouse_Thymus2,103,65_29,6,Mouse_Thymus2
Mouse_Thymus2,104,64_23,5,Mouse_Thymus2
Mouse_Thymus2,105,93_46,2,Mouse_Thymus2
Mouse_Thymus2,106,64_18,6,Mouse_Thymus2
Mouse_Thymus2,107,10_46,2,Mouse_Thymus2
Mouse_Thymus2,108,85_7,5,Mouse_Thymus2
Mouse_Thymus2,109,33_25,2,Mouse_Thymus2
Mouse_Thymus2,110,32_39,2,Mouse_Thymus2
Mouse_Thymus2,111,88_45,2,Mouse_Thymus2
Mouse_Thymus2,112,78_4,2,Mouse_Thymus2
Mouse_Thymus2,113,120_39,7,Mouse_Thymus2
Mouse_Thymus2,114,21_44,1,Mouse_Thymus2
Mouse_Thymus2,115,57_29,1,Mouse_Thymus2
Mouse_Thymus2,116,84_10,2,Mouse_Thymus2
Mouse_Thymus2,117,121_48,2,Mouse_Thymus2
Mouse_Thymus2,118,92_33,2,Mouse_Thymus2
Mouse_Thymus2,119,83_7,2,Mouse_Thymus2
Mouse_Thymus2,120,103_28,1,Mouse_Thymus2
Mouse_Thymus2,121,105_49,2,Mouse_Thymus2
Mouse_Thymus2,122,97_20,1,Mouse_Thymus2
Mouse_Thymus2,123,72_32,6,Mouse_Thymus2
Mouse_Thymus2,124,40_26,6,Mouse_Thymus2
Mouse_Thymus2,125,91_48,2,Mouse_Thymus2
Mouse_Thymus2,126,91_50,2,Mouse_Thymus2
Mouse_Thymus2,127,78_47,5,Mouse_Thymus2
Mouse_Thymus2,128,39_40,1,Mouse_Thymus2
Mouse_Thymus2,129,79_26,1,Mouse_Thymus2
Mouse_Thymus2,130,34_33,2,Mouse_Thymus2
Mouse_Thymus2,131,77_5,2,Mouse_Thymus2
Mouse_Thymus2,132,31_47,1,Mouse_Thymus2
Mouse_Thymus2,133,67_22,1,Mouse_Thymus2
Mouse_Thymus2,134,122_57,5,Mouse_Thymus2
Mouse_Thymus2,135,92_20,6,Mouse_Thymus2
Mouse_Thymus2,136,18_43,1,Mouse_Thymus2
Mouse_Thymus2,137,37_40,1,Mouse_Thymus2
Mouse_Thymus2,138,21_42,5,Mouse_Thymus2
Mouse_Thymus2,139,32_38,2,Mouse_Thymus2
Mouse_Thymus2,140,43_28,1,Mouse_Thymus2
Mouse_Thymus2,141,43_32,5,Mouse_Thymus2
Mouse_Thymus2,142,86_55,2,Mouse_Thymus2
Mouse_Thymus2,143,88_31,2,Mouse_Thymus2
Mouse_Thymus2,144,89_32,5,Mouse_Thymus2
Mouse_Thymus2,145,29_48,1,Mouse_Thymus2
Mouse_Thymus2,146,39_29,6,Mouse_Thymus2
Mouse_Thymus2,147,98_15,2,Mouse_Thymus2
Mouse_Thymus2,148,119_65,2,Mouse_Thymus2
Mouse_Thymus2,149,115_60,6,Mouse_Thymus2
Mouse_Thymus2,150,27_36,2,Mouse_Thymus2
Mouse_Thymus2,151,98_46,2,Mouse_Thymus2
Mouse_Thymus2,152,101_28,1,Mouse_Thymus2
Mouse_Thymus2,153,66_24,1,Mouse_Thymus2
Mouse_Thymus2,154,54_16,2,Mouse_Thymus2
Mouse_Thymus2,155,116_61,6,Mouse_Thymus2
Mouse_Thymus2,156,86_15,1,Mouse_Thymus2
Mouse_Thymus2,157,39_25,2,Mouse_Thymus2
Mouse_Thymus2,158,29_45,1,Mouse_Thymus2
Mouse_Thymus2,159,95_49,2,Mouse_Thymus2
Mouse_Thymus2,160,17_45,1,Mouse_Thymus2
Mouse_Thymus2,161,108_46,1,Mouse_Thymus2
Mouse_Thymus2,162,89_5,2,Mouse_Thymus2
Mouse_Thymus2,163,61_32,1,Mouse_Thymus2
Mouse_Thymus2,164,114_32,2,Mouse_Thymus2
Mouse_Thymus2,165,106_25,2,Mouse_Thymus2
Mouse_Thymus2,166,42_33,2,Mouse_Thymus2
Mouse_Thymus2,167,47_32,6,Mouse_Thymus2
Mouse_Thymus2,168,59_14,2,Mouse_Thymus2
Mouse_Thymus2,169,68_35,1,Mouse_Thymus2
Mouse_Thymus2,170,79_17,2,Mouse_Thymus2
Mouse_Thymus2,171,42_30,1,Mouse_Thymus2
Mouse_Thymus2,172,99_45,2,Mouse_Thymus2
Mouse_Thymus2,173,79_52,2,Mouse_Thymus2
Mouse_Thymus2,174,31_45,1,Mouse_Thymus2
Mouse_Thymus2,175,94_46,2,Mouse_Thymus2
Mouse_Thymus2,176,97_55,2,Mouse_Thymus2
Mouse_Thymus2,177,85_15,1,Mouse_Thymus2
Mouse_Thymus2,178,76_49,2,Mouse_Thymus2
Mouse_Thymus2,179,85_30,5,Mouse_Thymus2
Mouse_Thymus2,180,21_43,1,Mouse_Thymus2
Mouse_Thymus2,181,67_39,2,Mouse_Thymus2
Mouse_Thymus2,182,33_56,7,Mouse_Thymus2
Mouse_Thymus2,183,35_31,6,Mouse_Thymus2
Mouse_Thymus2,184,84_49,2,Mouse_Thymus2
Mouse_Thymus2,185,46_35,6,Mouse_Thymus2
Mouse_Thymus2,186,38_30,5,Mouse_Thymus2
Mouse_Thymus2,187,64_29,1,Mouse_Thymus2
Mouse_Thymus2,188,44_18,2,Mouse_Thymus2
Mouse_Thymus2,189,116_38,2,Mouse_Thymus2
Mouse_Thymus2,190,53_20,1,Mouse_Thymus2
Mouse_Thymus2,191,91_27,2,Mouse_Thymus2
Mouse_Thymus2,192,75_10,2,Mouse_Thymus2
Mouse_Thymus2,193,40_36,6,Mouse_Thymus2
Mouse_Thymus2,194,84_34,2,Mouse_Thymus2
Mouse_Thymus2,195,33_37,6,Mouse_Thymus2
Mouse_Thymus2,196,87_36,5,Mouse_Thymus2
Mouse_Thymus2,197,116_52,6,Mouse_Thymus2
Mouse_Thymus2,198,76_8,2,Mouse_Thymus2
Mouse_Thymus2,199,100_22,1,Mouse_Thymus2
Mouse_Thymus2,200,99_37,1,Mouse_Thymus2
Mouse_Thymus2,201,98_53,2,Mouse_Thymus2
Mouse_Thymus2,202,110_30,2,Mouse_Thymus2
Mouse_Thymus2,203,114_33,5,Mouse_Thymus2
Mouse_Thymus2,204,92_48,2,Mouse_Thymus2
Mouse_Thymus2,205,92_11,2,Mouse_Thymus2
Mouse_Thymus2,206,97_22,1,Mouse_Thymus2
Mouse_Thymus2,207,37_54,2,Mouse_Thymus2
Mouse_Thymus2,208,60_22,1,Mouse_Thymus2
Mouse_Thymus2,209,118_47,6,Mouse_Thymus2
Mouse_Thymus2,210,88_27,2,Mouse_Thymus2
Mouse_Thymus2,211,106_49,2,Mouse_Thymus2
Mouse_Thymus2,212,29_49,2,Mouse_Thymus2
Mouse_Thymus2,213,123_59,2,Mouse_Thymus2
Mouse_Thymus2,214,112_50,2,Mouse_Thymus2
Mouse_Thymus2,215,80_23,1,Mouse_Thymus2
Mouse_Thymus2,216,41_48,6,Mouse_Thymus2
Mouse_Thymus2,217,48_18,2,Mouse_Thymus2
Mouse_Thymus2,218,28_39,2,Mouse_Thymus2
Mouse_Thymus2,219,53_14,7,Mouse_Thymus2
Mouse_Thymus2,220,32_42,1,Mouse_Thymus2
Mouse_Thymus2,221,106_52,2,Mouse_Thymus2
Mouse_Thymus2,222,33_30,2,Mouse_Thymus2
Mouse_Thymus2,223,65_16,2,Mouse_Thymus2
Mouse_Thymus2,224,65_38,2,Mouse_Thymus2
Mouse_Thymus2,225,68_32,6,Mouse_Thymus2
Mouse_Thymus2,226,50_43,2,Mouse_Thymus2
Mouse_Thymus2,227,111_31,5,Mouse_Thymus2
Mouse_Thymus2,228,13_48,6,Mouse_Thymus2
Mouse_Thymus2,229,50_20,2,Mouse_Thymus2
Mouse_Thymus2,230,105_44,2,Mouse_Thymus2
Mouse_Thymus2,231,47_26,5,Mouse_Thymus2
Mouse_Thymus2,232,11_41,2,Mouse_Thymus2
Mouse_Thymus2,233,58_17,2,Mouse_Thymus2
Mouse_Thymus2,234,93_15,5,Mouse_Thymus2
Mouse_Thymus2,235,118_54,1,Mouse_Thymus2
Mouse_Thymus2,236,22_49,6,Mouse_Thymus2
Mouse_Thymus2,237,98_17,5,Mouse_Thymus2
Mouse_Thymus2,238,94_58,2,Mouse_Thymus2
Mouse_Thymus2,239,42_44,1,Mouse_Thymus2
Mouse_Thymus2,240,115_46,1,Mouse_Thymus2
Mouse_Thymus2,241,37_46,1,Mouse_Thymus2
Mouse_Thymus2,242,87_56,2,Mouse_Thymus2
Mouse_Thymus2,243,47_18,2,Mouse_Thymus2
Mouse_Thymus2,244,81_48,2,Mouse_Thymus2
Mouse_Thymus2,245,8_44,2,Mouse_Thymus2
Mouse_Thymus2,246,123_69,2,Mouse_Thymus2
Mouse_Thymus2,247,83_29,1,Mouse_Thymus2
Mouse_Thymus2,248,59_42,7,Mouse_Thymus2
Mouse_Thymus2,249,110_32,2,Mouse_Thymus2
Mouse_Thymus2,250,67_40,5,Mouse_Thymus2
Mouse_Thymus2,251,87_2,7,Mouse_Thymus2
Mouse_Thymus2,252,74_7,2,Mouse_Thymus2
Mouse_Thymus2,253,92_34,5,Mouse_Thymus2
Mouse_Thymus2,254,116_37,2,Mouse_Thymus2
Mouse_Thymus2,255,43_40,1,Mouse_Thymus2
Mouse_Thymus2,256,20_39,2,Mouse_Thymus2
Mouse_Thymus2,257,102_54,2,Mouse_Thymus2
Mouse_Thymus2,258,44_17,7,Mouse_Thymus2
Mouse_Thymus2,259,94_37,2,Mouse_Thymus2
Mouse_Thymus2,260,30_49,6,Mouse_Thymus2
Mouse_Thymus2,261,98_14,2,Mouse_Thymus2
Mouse_Thymus2,262,109_51,2,Mouse_Thymus2
Mouse_Thymus2,263,19_52,5,Mouse_Thymus2
Mouse_Thymus2,264,89_35,5,Mouse_Thymus2
Mouse_Thymus2,265,100_10,2,Mouse_Thymus2
Mouse_Thymus2,266,106_24,2,Mouse_Thymus2
Mouse_Thymus2,267,95_13,5,Mouse_Thymus2
Mouse_Thymus2,268,91_21,1,Mouse_Thymus2
Mouse_Thymus2,269,111_55,2,Mouse_Thymus2
Mouse_Thymus2,270,104_38,1,Mouse_Thymus2
Mouse_Thymus2,271,15_41,5,Mouse_Thymus2
Mouse_Thymus2,272,77_28,1,Mouse_Thymus2
Mouse_Thymus2,273,83_45,2,Mouse_Thymus2
Mouse_Thymus2,274,70_44,7,Mouse_Thymus2
Mouse_Thymus2,275,45_32,5,Mouse_Thymus2
Mouse_Thymus2,276,92_17,1,Mouse_Thymus2
Mouse_Thymus2,277,63_9,7,Mouse_Thymus2
Mouse_Thymus2,278,83_0,5,Mouse_Thymus2
Mouse_Thymus2,279,81_40,1,Mouse_Thymus2
Mouse_Thymus2,280,42_24,6,Mouse_Thymus2
Mouse_Thymus2,281,120_61,1,Mouse_Thymus2
Mouse_Thymus2,282,118_38,6,Mouse_Thymus2
Mouse_Thymus2,283,54_30,5,Mouse_Thymus2
Mouse_Thymus2,284,122_50,2,Mouse_Thymus2
Mouse_Thymus2,285,82_38,6,Mouse_Thymus2
Mouse_Thymus2,286,80_32,6,Mouse_Thymus2
Mouse_Thymus2,287,123_61,2,Mouse_Thymus2
Mouse_Thymus2,288,98_31,5,Mouse_Thymus2
Mouse_Thymus2,289,91_6,2,Mouse_Thymus2
Mouse_Thymus2,290,82_32,2,Mouse_Thymus2
Mouse_Thymus2,291,54_14,6,Mouse_Thymus2
Mouse_Thymus2,292,55_20,2,Mouse_Thymus2
Mouse_Thymus2,293,71_45,7,Mouse_Thymus2
Mouse_Thymus2,294,30_46,1,Mouse_Thymus2
Mouse_Thymus2,295,76_29,1,Mouse_Thymus2
Mouse_Thymus2,296,59_41,2,Mouse_Thymus2
Mouse_Thymus2,297,24_41,2,Mouse_Thymus2
Mouse_Thymus2,298,110_34,2,Mouse_Thymus2
Mouse_Thymus2,299,94_24,1,Mouse_Thymus2
Mouse_Thymus2,300,48_43,1,Mouse_Thymus2
Mouse_Thymus2,301,108_40,1,Mouse_Thymus2
Mouse_Thymus2,302,97_31,1,Mouse_Thymus2
Mouse_Thymus2,303,74_46,2,Mouse_Thymus2
Mouse_Thymus2,304,41_39,1,Mouse_Thymus2
Mouse_Thymus2,305,88_21,1,Mouse_Thymus2
Mouse_Thymus2,306,99_35,1,Mouse_Thymus2
Mouse_Thymus2,307,30_42,1,Mouse_Thymus2
Mouse_Thymus2,308,82_36,2,Mouse_Thymus2
Mouse_Thymus2,309,56_37,6,Mouse_Thymus2
Mouse_Thymus2,310,110_48,2,Mouse_Thymus2
Mouse_Thymus2,311,54_35,6,Mouse_Thymus2
Mouse_Thymus2,312,100_51,2,Mouse_Thymus2
Mouse_Thymus2,313,94_22,1,Mouse_Thymus2
Mouse_Thymus2,314,30_41,1,Mouse_Thymus2
Mouse_Thymus2,315,39_22,2,Mouse_Thymus2
Mouse_Thymus2,316,55_38,6,Mouse_Thymus2
Mouse_Thymus2,317,96_32,5,Mouse_Thymus2
Mouse_Thymus2,318,122_52,2,Mouse_Thymus2
Mouse_Thymus2,319,49_20,2,Mouse_Thymus2
Mouse_Thymus2,320,18_48,5,Mouse_Thymus2
Mouse_Thymus2,321,107_47,2,Mouse_Thymus2
Mouse_Thymus2,322,47_23,5,Mouse_Thymus2
Mouse_Thymus2,323,83_20,1,Mouse_Thymus2
Mouse_Thymus2,324,98_29,2,Mouse_Thymus2
Mouse_Thymus2,325,55_42,6,Mouse_Thymus2
Mouse_Thymus2,326,101_54,2,Mouse_Thymus2
Mouse_Thymus2,327,75_13,5,Mouse_Thymus2
Mouse_Thymus2,328,117_40,5,Mouse_Thymus2
Mouse_Thymus2,329,72_11,5,Mouse_Thymus2
Mouse_Thymus2,330,6_42,5,Mouse_Thymus2
Mouse_Thymus2,331,110_50,6,Mouse_Thymus2
Mouse_Thymus2,332,83_52,2,Mouse_Thymus2
Mouse_Thymus2,333,54_27,1,Mouse_Thymus2
Mouse_Thymus2,334,43_36,6,Mouse_Thymus2
Mouse_Thymus2,335,80_27,6,Mouse_Thymus2
Mouse_Thymus2,336,91_22,1,Mouse_Thymus2
Mouse_Thymus2,337,92_39,2,Mouse_Thymus2
Mouse_Thymus2,338,89_25,5,Mouse_Thymus2
Mouse_Thymus2,339,91_13,2,Mouse_Thymus2
Mouse_Thymus2,340,12_40,2,Mouse_Thymus2
Mouse_Thymus2,341,65_31,1,Mouse_Thymus2
Mouse_Thymus2,342,114_38,2,Mouse_Thymus2
Mouse_Thymus2,343,97_18,5,Mouse_Thymus2
Mouse_Thymus2,344,89_41,2,Mouse_Thymus2
Mouse_Thymus2,345,25_34,2,Mouse_Thymus2
Mouse_Thymus2,346,76_33,1,Mouse_Thymus2
Mouse_Thymus2,347,101_35,1,Mouse_Thymus2
Mouse_Thymus2,348,29_54,6,Mouse_Thymus2
Mouse_Thymus2,349,79_50,2,Mouse_Thymus2
Mouse_Thymus2,350,20_49,6,Mouse_Thymus2
Mouse_Thymus2,351,86_38,2,Mouse_Thymus2
Mouse_Thymus2,352,113_57,2,Mouse_Thymus2
Mouse_Thymus2,353,31_32,6,Mouse_Thymus2
Mouse_Thymus2,354,116_49,1,Mouse_Thymus2
Mouse_Thymus2,355,96_54,2,Mouse_Thymus2
Mouse_Thymus2,356,23_53,2,Mouse_Thymus2
Mouse_Thymus2,357,79_21,1,Mouse_Thymus2
Mouse_Thymus2,358,89_40,2,Mouse_Thymus2
Mouse_Thymus2,359,99_50,2,Mouse_Thymus2
Mouse_Thymus2,360,10_43,2,Mouse_Thymus2
Mouse_Thymus2,361,23_41,2,Mouse_Thymus2
Mouse_Thymus2,362,92_10,2,Mouse_Thymus2
Mouse_Thymus2,363,34_44,1,Mouse_Thymus2
Mouse_Thymus2,364,55_35,1,Mouse_Thymus2
Mouse_Thymus2,365,98_7,5,Mouse_Thymus2
Mouse_Thymus2,366,90_44,2,Mouse_Thymus2
Mouse_Thymus2,367,91_46,2,Mouse_Thymus2
Mouse_Thymus2,368,81_46,2,Mouse_Thymus2
Mouse_Thymus2,369,57_42,5,Mouse_Thymus2
Mouse_Thymus2,370,69_7,2,Mouse_Thymus2
Mouse_Thymus2,371,81_33,2,Mouse_Thymus2
Mouse_Thymus2,372,84_3,2,Mouse_Thymus2
Mouse_Thymus2,373,49_31,6,Mouse_Thymus2
Mouse_Thymus2,374,50_22,5,Mouse_Thymus2
Mouse_Thymus2,375,95_56,2,Mouse_Thymus2
Mouse_Thymus2,376,39_47,6,Mouse_Thymus2
Mouse_Thymus2,377,65_12,5,Mouse_Thymus2
Mouse_Thymus2,378,76_43,5,Mouse_Thymus2
Mouse_Thymus2,379,83_25,5,Mouse_Thymus2
Mouse_Thymus2,380,90_40,2,Mouse_Thymus2
Mouse_Thymus2,381,112_54,5,Mouse_Thymus2
Mouse_Thymus2,382,12_41,2,Mouse_Thymus2
Mouse_Thymus2,383,84_50,5,Mouse_Thymus2
Mouse_Thymus2,384,49_45,2,Mouse_Thymus2
Mouse_Thymus2,385,117_38,2,Mouse_Thymus2
Mouse_Thymus2,386,41_35,2,Mouse_Thymus2
Mouse_Thymus2,387,32_32,6,Mouse_Thymus2
Mouse_Thymus2,388,103_35,1,Mouse_Thymus2
Mouse_Thymus2,389,33_26,2,Mouse_Thymus2
Mouse_Thymus2,390,87_35,2,Mouse_Thymus2
Mouse_Thymus2,391,17_41,2,Mouse_Thymus2
Mouse_Thymus2,392,99_36,1,Mouse_Thymus2
Mouse_Thymus2,393,30_30,6,Mouse_Thymus2
Mouse_Thymus2,394,40_35,6,Mouse_Thymus2
Mouse_Thymus2,395,59_20,5,Mouse_Thymus2
Mouse_Thymus2,396,90_55,2,Mouse_Thymus2
Mouse_Thymus2,397,119_57,6,Mouse_Thymus2
Mouse_Thymus2,398,80_18,1,Mouse_Thymus2
Mouse_Thymus2,399,69_26,1,Mouse_Thymus2
Mouse_Thymus2,400,89_18,1,Mouse_Thymus2
Mouse_Thymus2,401,95_32,5,Mouse_Thymus2
Mouse_Thymus2,402,109_30,2,Mouse_Thymus2
Mouse_Thymus2,403,27_47,1,Mouse_Thymus2
Mouse_Thymus2,404,98_32,1,Mouse_Thymus2
Mouse_Thymus2,405,97_58,2,Mouse_Thymus2
Mouse_Thymus2,406,56_36,6,Mouse_Thymus2
Mouse_Thymus2,407,92_36,2,Mouse_Thymus2
Mouse_Thymus2,408,79_22,1,Mouse_Thymus2
Mouse_Thymus2,409,63_27,6,Mouse_Thymus2
Mouse_Thymus2,410,99_27,1,Mouse_Thymus2
Mouse_Thymus2,411,105_30,5,Mouse_Thymus2
Mouse_Thymus2,412,101_49,2,Mouse_Thymus2
Mouse_Thymus2,413,34_34,2,Mouse_Thymus2
Mouse_Thymus2,414,16_53,5,Mouse_Thymus2
Mouse_Thymus2,415,47_43,1,Mouse_Thymus2
Mouse_Thymus2,416,24_45,1,Mouse_Thymus2
Mouse_Thymus2,417,113_64,2,Mouse_Thymus2
Mouse_Thymus2,418,24_55,5,Mouse_Thymus2
Mouse_Thymus2,419,39_42,1,Mouse_Thymus2
Mouse_Thymus2,420,37_26,2,Mouse_Thymus2
Mouse_Thymus2,421,74_19,5,Mouse_Thymus2
Mouse_Thymus2,422,20_55,5,Mouse_Thymus2
Mouse_Thymus2,423,16_44,1,Mouse_Thymus2
Mouse_Thymus2,424,95_37,5,Mouse_Thymus2
Mouse_Thymus2,425,122_51,2,Mouse_Thymus2
Mouse_Thymus2,426,51_27,1,Mouse_Thymus2
Mouse_Thymus2,427,97_48,5,Mouse_Thymus2
Mouse_Thymus2,428,76_26,1,Mouse_Thymus2
Mouse_Thymus2,429,73_15,2,Mouse_Thymus2
Mouse_Thymus2,430,71_9,5,Mouse_Thymus2
Mouse_Thymus2,431,118_43,2,Mouse_Thymus2
Mouse_Thymus2,432,55_36,6,Mouse_Thymus2
Mouse_Thymus2,433,11_46,5,Mouse_Thymus2
Mouse_Thymus2,434,26_41,6,Mouse_Thymus2
Mouse_Thymus2,435,66_23,6,Mouse_Thymus2
Mouse_Thymus2,436,79_2,5,Mouse_Thymus2
Mouse_Thymus2,437,111_30,2,Mouse_Thymus2
Mouse_Thymus2,438,34_27,2,Mouse_Thymus2
Mouse_Thymus2,439,111_32,6,Mouse_Thymus2
Mouse_Thymus2,440,80_34,2,Mouse_Thymus2
Mouse_Thymus2,441,5_48,7,Mouse_Thymus2
Mouse_Thymus2,442,76_15,6,Mouse_Thymus2
Mouse_Thymus2,443,72_6,2,Mouse_Thymus2
Mouse_Thymus2,444,118_42,2,Mouse_Thymus2
Mouse_Thymus2,445,94_21,6,Mouse_Thymus2
Mouse_Thymus2,446,122_68,2,Mouse_Thymus2
Mouse_Thymus2,447,63_25,1,Mouse_Thymus2
Mouse_Thymus2,448,109_32,2,Mouse_Thymus2
Mouse_Thymus2,449,91_20,1,Mouse_Thymus2
Mouse_Thymus2,450,59_39,2,Mouse_Thymus2
Mouse_Thymus2,451,112_36,2,Mouse_Thymus2
Mouse_Thymus2,452,111_49,6,Mouse_Thymus2
Mouse_Thymus2,453,59_22,6,Mouse_Thymus2
Mouse_Thymus2,454,76_5,2,Mouse_Thymus2
Mouse_Thymus2,455,33_51,2,Mouse_Thymus2
Mouse_Thymus2,456,104_55,2,Mouse_Thymus2
Mouse_Thymus2,457,82_5,2,Mouse_Thymus2
Mouse_Thymus2,458,95_30,5,Mouse_Thymus2
Mouse_Thymus2,459,70_27,1,Mouse_Thymus2
Mouse_Thymus2,460,86_47,2,Mouse_Thymus2
Mouse_Thymus2,461,91_23,1,Mouse_Thymus2
Mouse_Thymus2,462,16_50,2,Mouse_Thymus2
Mouse_Thymus2,463,40_34,5,Mouse_Thymus2
Mouse_Thymus2,464,93_60,2,Mouse_Thymus2
Mouse_Thymus2,465,69_23,1,Mouse_Thymus2
Mouse_Thymus2,466,35_25,2,Mouse_Thymus2
Mouse_Thymus2,467,23_38,6,Mouse_Thymus2
Mouse_Thymus2,468,20_47,1,Mouse_Thymus2
Mouse_Thymus2,469,124_58,2,Mouse_Thymus2
Mouse_Thymus2,470,85_46,5,Mouse_Thymus2
Mouse_Thymus2,471,44_48,2,Mouse_Thymus2
Mouse_Thymus2,472,51_29,1,Mouse_Thymus2
Mouse_Thymus2,473,68_14,2,Mouse_Thymus2
Mouse_Thymus2,474,94_27,1,Mouse_Thymus2
Mouse_Thymus2,475,110_40,1,Mouse_Thymus2
Mouse_Thymus2,476,112_35,2,Mouse_Thymus2
Mouse_Thymus2,477,62_12,2,Mouse_Thymus2
Mouse_Thymus2,478,38_49,2,Mouse_Thymus2
Mouse_Thymus2,479,77_18,2,Mouse_Thymus2
Mouse_Thymus2,480,62_39,2,Mouse_Thymus2
Mouse_Thymus2,481,44_27,1,Mouse_Thymus2
Mouse_Thymus2,482,85_16,1,Mouse_Thymus2
Mouse_Thymus2,483,98_9,2,Mouse_Thymus2
Mouse_Thymus2,484,31_36,2,Mouse_Thymus2
Mouse_Thymus2,485,45_29,1,Mouse_Thymus2
Mouse_Thymus2,486,50_21,2,Mouse_Thymus2
Mouse_Thymus2,487,55_33,1,Mouse_Thymus2
Mouse_Thymus2,488,22_46,1,Mouse_Thymus2
Mouse_Thymus2,489,71_2,2,Mouse_Thymus2
Mouse_Thymus2,490,86_17,1,Mouse_Thymus2
Mouse_Thymus2,491,98_27,6,Mouse_Thymus2
Mouse_Thymus2,492,89_20,1,Mouse_Thymus2
Mouse_Thymus2,493,62_29,1,Mouse_Thymus2
Mouse_Thymus2,494,20_48,5,Mouse_Thymus2
Mouse_Thymus2,495,15_47,1,Mouse_Thymus2
Mouse_Thymus2,496,35_44,1,Mouse_Thymus2
Mouse_Thymus2,497,119_45,2,Mouse_Thymus2
Mouse_Thymus2,498,58_39,2,Mouse_Thymus2
Mouse_Thymus2,499,71_23,1,Mouse_Thymus2
Mouse_Thymus2,500,81_34,6,Mouse_Thymus2
Mouse_Thymus2,501,113_48,6,Mouse_Thymus2
Mouse_Thymus2,502,106_33,1,Mouse_Thymus2
Mouse_Thymus2,503,112_48,6,Mouse_Thymus2
Mouse_Thymus2,504,89_54,2,Mouse_Thymus2
Mouse_Thymus2,505,72_34,5,Mouse_Thymus2
Mouse_Thymus2,506,35_38,5,Mouse_Thymus2
Mouse_Thymus2,507,21_39,2,Mouse_Thymus2
Mouse_Thymus2,508,76_0,5,Mouse_Thymus2
Mouse_Thymus2,509,56_17,5,Mouse_Thymus2
Mouse_Thymus2,510,71_37,1,Mouse_Thymus2
Mouse_Thymus2,511,77_0,2,Mouse_Thymus2
Mouse_Thymus2,512,94_8,6,Mouse_Thymus2
Mouse_Thymus2,513,75_11,5,Mouse_Thymus2
Mouse_Thymus2,514,56_41,2,Mouse_Thymus2
Mouse_Thymus2,515,73_7,2,Mouse_Thymus2
Mouse_Thymus2,516,90_47,2,Mouse_Thymus2
Mouse_Thymus2,517,103_50,2,Mouse_Thymus2
Mouse_Thymus2,518,27_55,2,Mouse_Thymus2
Mouse_Thymus2,519,22_54,2,Mouse_Thymus2
Mouse_Thymus2,520,103_57,2,Mouse_Thymus2
Mouse_Thymus2,521,72_0,2,Mouse_Thymus2
Mouse_Thymus2,522,78_49,2,Mouse_Thymus2
Mouse_Thymus2,523,30_28,2,Mouse_Thymus2
Mouse_Thymus2,524,98_21,1,Mouse_Thymus2
Mouse_Thymus2,525,74_41,6,Mouse_Thymus2
Mouse_Thymus2,526,85_29,6,Mouse_Thymus2
Mouse_Thymus2,527,47_27,1,Mouse_Thymus2
Mouse_Thymus2,528,102_29,1,Mouse_Thymus2
Mouse_Thymus2,529,56_30,1,Mouse_Thymus2
Mouse_Thymus2,530,76_9,2,Mouse_Thymus2
Mouse_Thymus2,531,35_45,1,Mouse_Thymus2
Mouse_Thymus2,532,106_53,2,Mouse_Thymus2
Mouse_Thymus2,533,104_45,5,Mouse_Thymus2
Mouse_Thymus2,534,90_50,5,Mouse_Thymus2
Mouse_Thymus2,535,73_8,2,Mouse_Thymus2
Mouse_Thymus2,536,63_18,5,Mouse_Thymus2
Mouse_Thymus2,537,23_45,1,Mouse_Thymus2
Mouse_Thymus2,538,93_14,5,Mouse_Thymus2
Mouse_Thymus2,539,36_53,2,Mouse_Thymus2
Mouse_Thymus2,540,33_44,1,Mouse_Thymus2
Mouse_Thymus2,541,105_35,1,Mouse_Thymus2
Mouse_Thymus2,542,110_49,2,Mouse_Thymus2
Mouse_Thymus2,543,110_44,1,Mouse_Thymus2
Mouse_Thymus2,544,65_18,6,Mouse_Thymus2
Mouse_Thymus2,545,96_27,6,Mouse_Thymus2
Mouse_Thymus2,546,93_23,1,Mouse_Thymus2
Mouse_Thymus2,547,68_5,7,Mouse_Thymus2
Mouse_Thymus2,548,86_23,5,Mouse_Thymus2
Mouse_Thymus2,549,115_45,1,Mouse_Thymus2
Mouse_Thymus2,550,63_28,1,Mouse_Thymus2
Mouse_Thymus2,551,101_53,2,Mouse_Thymus2
Mouse_Thymus2,552,89_26,6,Mouse_Thymus2
Mouse_Thymus2,553,39_35,5,Mouse_Thymus2
Mouse_Thymus2,554,119_56,6,Mouse_Thymus2
Mouse_Thymus2,555,100_39,1,Mouse_Thymus2
Mouse_Thymus2,556,9_49,5,Mouse_Thymus2
Mouse_Thymus2,557,85_31,2,Mouse_Thymus2
Mouse_Thymus2,558,55_27,1,Mouse_Thymus2
Mouse_Thymus2,559,75_29,1,Mouse_Thymus2
Mouse_Thymus2,560,98_16,2,Mouse_Thymus2
Mouse_Thymus2,561,81_21,1,Mouse_Thymus2
Mouse_Thymus2,562,102_27,1,Mouse_Thymus2
Mouse_Thymus2,563,39_39,6,Mouse_Thymus2
Mouse_Thymus2,564,24_49,6,Mouse_Thymus2
Mouse_Thymus2,565,27_39,2,Mouse_Thymus2
Mouse_Thymus2,566,96_48,5,Mouse_Thymus2
Mouse_Thymus2,567,93_22,1,Mouse_Thymus2
Mouse_Thymus2,568,73_31,1,Mouse_Thymus2
Mouse_Thymus2,569,87_44,2,Mouse_Thymus2
Mouse_Thymus2,570,38_40,1,Mouse_Thymus2
Mouse_Thymus2,571,77_34,1,Mouse_Thymus2
Mouse_Thymus2,572,98_55,2,Mouse_Thymus2
Mouse_Thymus2,573,37_50,2,Mouse_Thymus2
Mouse_Thymus2,574,104_57,2,Mouse_Thymus2
Mouse_Thymus2,575,29_52,2,Mouse_Thymus2
Mouse_Thymus2,576,61_40,2,Mouse_Thymus2
Mouse_Thymus2,577,78_2,2,Mouse_Thymus2
Mouse_Thymus2,578,63_40,2,Mouse_Thymus2
Mouse_Thymus2,579,82_48,2,Mouse_Thymus2
Mouse_Thymus2,580,82_45,6,Mouse_Thymus2
Mouse_Thymus2,581,112_57,5,Mouse_Thymus2
Mouse_Thymus2,582,99_23,1,Mouse_Thymus2
Mouse_Thymus2,583,46_18,2,Mouse_Thymus2
Mouse_Thymus2,584,25_45,1,Mouse_Thymus2
Mouse_Thymus2,585,51_15,2,Mouse_Thymus2
Mouse_Thymus2,586,36_33,6,Mouse_Thymus2
Mouse_Thymus2,587,26_35,2,Mouse_Thymus2
Mouse_Thymus2,588,78_35,1,Mouse_Thymus2
Mouse_Thymus2,589,85_51,5,Mouse_Thymus2
Mouse_Thymus2,590,43_27,1,Mouse_Thymus2
Mouse_Thymus2,591,46_23,2,Mouse_Thymus2
Mouse_Thymus2,592,62_19,6,Mouse_Thymus2
Mouse_Thymus2,593,46_43,1,Mouse_Thymus2
Mouse_Thymus2,594,76_25,1,Mouse_Thymus2
Mouse_Thymus2,595,69_32,2,Mouse_Thymus2
Mouse_Thymus2,596,81_38,1,Mouse_Thymus2
Mouse_Thymus2,597,115_41,2,Mouse_Thymus2
Mouse_Thymus2,598,102_34,6,Mouse_Thymus2
Mouse_Thymus2,599,71_29,1,Mouse_Thymus2
Mouse_Thymus2,600,104_19,2,Mouse_Thymus2
Mouse_Thymus2,601,49_19,2,Mouse_Thymus2
Mouse_Thymus2,602,32_29,2,Mouse_Thymus2
Mouse_Thymus2,603,74_29,6,Mouse_Thymus2
Mouse_Thymus2,604,4_44,5,Mouse_Thymus2
Mouse_Thymus2,605,114_50,2,Mouse_Thymus2
Mouse_Thymus2,606,36_29,6,Mouse_Thymus2
Mouse_Thymus2,607,11_43,2,Mouse_Thymus2
Mouse_Thymus2,608,61_28,1,Mouse_Thymus2
Mouse_Thymus2,609,78_39,1,Mouse_Thymus2
Mouse_Thymus2,610,53_26,5,Mouse_Thymus2
Mouse_Thymus2,611,23_39,2,Mouse_Thymus2
Mouse_Thymus2,612,55_18,5,Mouse_Thymus2
Mouse_Thymus2,613,75_40,1,Mouse_Thymus2
Mouse_Thymus2,614,70_14,5,Mouse_Thymus2
Mouse_Thymus2,615,61_29,1,Mouse_Thymus2
Mouse_Thymus2,616,78_10,6,Mouse_Thymus2
Mouse_Thymus2,617,38_53,2,Mouse_Thymus2
Mouse_Thymus2,618,108_33,2,Mouse_Thymus2
Mouse_Thymus2,619,33_47,1,Mouse_Thymus2
Mouse_Thymus2,620,124_72,2,Mouse_Thymus2
Mouse_Thymus2,621,3_46,5,Mouse_Thymus2
Mouse_Thymus2,622,23_54,2,Mouse_Thymus2
Mouse_Thymus2,623,83_1,2,Mouse_Thymus2
Mouse_Thymus2,624,124_59,2,Mouse_Thymus2
Mouse_Thymus2,625,81_53,5,Mouse_Thymus2
Mouse_Thymus2,626,94_13,5,Mouse_Thymus2
Mouse_Thymus2,627,107_56,2,Mouse_Thymus2
Mouse_Thymus2,628,114_62,2,Mouse_Thymus2
Mouse_Thymus2,629,12_47,6,Mouse_Thymus2
Mouse_Thymus2,630,54_17,5,Mouse_Thymus2
Mouse_Thymus2,631,91_42,5,Mouse_Thymus2
Mouse_Thymus2,632,87_32,2,Mouse_Thymus2
Mouse_Thymus2,633,118_48,1,Mouse_Thymus2
Mouse_Thymus2,634,87_21,1,Mouse_Thymus2
Mouse_Thymus2,635,55_14,2,Mouse_Thymus2
Mouse_Thymus2,636,46_45,5,Mouse_Thymus2
Mouse_Thymus2,637,32_34,2,Mouse_Thymus2
Mouse_Thymus2,638,101_26,1,Mouse_Thymus2
Mouse_Thymus2,639,10_45,5,Mouse_Thymus2
Mouse_Thymus2,640,108_28,2,Mouse_Thymus2
Mouse_Thymus2,641,88_57,5,Mouse_Thymus2
Mouse_Thymus2,642,67_8,2,Mouse_Thymus2
Mouse_Thymus2,643,121_58,1,Mouse_Thymus2
Mouse_Thymus2,644,76_2,2,Mouse_Thymus2
Mouse_Thymus2,645,55_40,6,Mouse_Thymus2
Mouse_Thymus2,646,80_51,2,Mouse_Thymus2
Mouse_Thymus2,647,103_46,2,Mouse_Thymus2
Mouse_Thymus2,648,98_40,5,Mouse_Thymus2
Mouse_Thymus2,649,74_14,5,Mouse_Thymus2
Mouse_Thymus2,650,77_3,2,Mouse_Thymus2
Mouse_Thymus2,651,19_50,2,Mouse_Thymus2
Mouse_Thymus2,652,33_35,2,Mouse_Thymus2
Mouse_Thymus2,653,106_55,5,Mouse_Thymus2
Mouse_Thymus2,654,11_47,2,Mouse_Thymus2
Mouse_Thymus2,655,98_48,5,Mouse_Thymus2
Mouse_Thymus2,656,92_13,2,Mouse_Thymus2
Mouse_Thymus2,657,69_18,5,Mouse_Thymus2
Mouse_Thymus2,658,90_5,7,Mouse_Thymus2
Mouse_Thymus2,659,87_20,1,Mouse_Thymus2
Mouse_Thymus2,660,86_43,2,Mouse_Thymus2
Mouse_Thymus2,661,76_35,1,Mouse_Thymus2
Mouse_Thymus2,662,98_50,2,Mouse_Thymus2
Mouse_Thymus2,663,107_27,2,Mouse_Thymus2
Mouse_Thymus2,664,102_18,2,Mouse_Thymus2
Mouse_Thymus2,665,57_16,6,Mouse_Thymus2
Mouse_Thymus2,666,55_39,5,Mouse_Thymus2
Mouse_Thymus2,667,104_20,5,Mouse_Thymus2
Mouse_Thymus2,668,105_21,5,Mouse_Thymus2
Mouse_Thymus2,669,65_26,1,Mouse_Thymus2
Mouse_Thymus2,670,10_42,2,Mouse_Thymus2
Mouse_Thymus2,671,74_34,1,Mouse_Thymus2
Mouse_Thymus2,672,32_43,1,Mouse_Thymus2
Mouse_Thymus2,673,82_13,2,Mouse_Thymus2
Mouse_Thymus2,674,76_47,2,Mouse_Thymus2
Mouse_Thymus2,675,122_65,1,Mouse_Thymus2
Mouse_Thymus2,676,84_8,2,Mouse_Thymus2
Mouse_Thymus2,677,118_58,1,Mouse_Thymus2
Mouse_Thymus2,678,40_31,6,Mouse_Thymus2
Mouse_Thymus2,679,44_34,2,Mouse_Thymus2
Mouse_Thymus2,680,95_26,1,Mouse_Thymus2
Mouse_Thymus2,681,83_15,6,Mouse_Thymus2
Mouse_Thymus2,682,70_41,2,Mouse_Thymus2
Mouse_Thymus2,683,123_72,2,Mouse_Thymus2
Mouse_Thymus2,684,41_37,2,Mouse_Thymus2
Mouse_Thymus2,685,75_30,1,Mouse_Thymus2
Mouse_Thymus2,686,75_23,1,Mouse_Thymus2
Mouse_Thymus2,687,93_30,2,Mouse_Thymus2
Mouse_Thymus2,688,111_53,2,Mouse_Thymus2
Mouse_Thymus2,689,68_30,5,Mouse_Thymus2
Mouse_Thymus2,690,69_35,1,Mouse_Thymus2
Mouse_Thymus2,691,77_9,5,Mouse_Thymus2
Mouse_Thymus2,692,44_23,2,Mouse_Thymus2
Mouse_Thymus2,693,95_28,5,Mouse_Thymus2
Mouse_Thymus2,694,40_47,6,Mouse_Thymus2
Mouse_Thymus2,695,93_26,1,Mouse_Thymus2
Mouse_Thymus2,696,21_40,2,Mouse_Thymus2
Mouse_Thymus2,697,32_53,2,Mouse_Thymus2
Mouse_Thymus2,698,110_60,5,Mouse_Thymus2
Mouse_Thymus2,699,62_41,2,Mouse_Thymus2
Mouse_Thymus2,700,76_19,6,Mouse_Thymus2
Mouse_Thymus2,701,121_44,2,Mouse_Thymus2
Mouse_Thymus2,702,124_60,2,Mouse_Thymus2
Mouse_Thymus2,703,58_21,2,Mouse_Thymus2
Mouse_Thymus2,704,99_20,1,Mouse_Thymus2
Mouse_Thymus2,705,72_15,2,Mouse_Thymus2
Mouse_Thymus2,706,90_19,1,Mouse_Thymus2
Mouse_Thymus2,707,115_48,1,Mouse_Thymus2
Mouse_Thymus2,708,37_28,5,Mouse_Thymus2
Mouse_Thymus2,709,73_14,2,Mouse_Thymus2
Mouse_Thymus2,710,62_35,1,Mouse_Thymus2
Mouse_Thymus2,711,80_8,2,Mouse_Thymus2
Mouse_Thymus2,712,45_31,6,Mouse_Thymus2
Mouse_Thymus2,713,18_41,5,Mouse_Thymus2
Mouse_Thymus2,714,41_22,2,Mouse_Thymus2
Mouse_Thymus2,715,123_65,1,Mouse_Thymus2
Mouse_Thymus2,716,79_40,1,Mouse_Thymus2
Mouse_Thymus2,717,60_35,1,Mouse_Thymus2
Mouse_Thymus2,718,58_27,1,Mouse_Thymus2
Mouse_Thymus2,719,46_16,7,Mouse_Thymus2
Mouse_Thymus2,720,113_58,2,Mouse_Thymus2
Mouse_Thymus2,721,114_64,2,Mouse_Thymus2
Mouse_Thymus2,722,37_53,2,Mouse_Thymus2
Mouse_Thymus2,723,80_35,5,Mouse_Thymus2
Mouse_Thymus2,724,11_50,2,Mouse_Thymus2
Mouse_Thymus2,725,93_11,2,Mouse_Thymus2
Mouse_Thymus2,726,82_37,5,Mouse_Thymus2
Mouse_Thymus2,727,77_50,2,Mouse_Thymus2
Mouse_Thymus2,728,37_39,1,Mouse_Thymus2
Mouse_Thymus2,729,100_55,2,Mouse_Thymus2
Mouse_Thymus2,730,113_63,2,Mouse_Thymus2
Mouse_Thymus2,731,35_26,2,Mouse_Thymus2
Mouse_Thymus2,732,26_43,1,Mouse_Thymus2
Mouse_Thymus2,733,59_36,1,Mouse_Thymus2
Mouse_Thymus2,734,74_35,1,Mouse_Thymus2
Mouse_Thymus2,735,106_44,2,Mouse_Thymus2
Mouse_Thymus2,736,13_40,2,Mouse_Thymus2
Mouse_Thymus2,737,119_71,7,Mouse_Thymus2
Mouse_Thymus2,738,80_22,1,Mouse_Thymus2
Mouse_Thymus2,739,105_48,5,Mouse_Thymus2
Mouse_Thymus2,740,119_38,5,Mouse_Thymus2
Mouse_Thymus2,741,6_43,5,Mouse_Thymus2
Mouse_Thymus2,742,94_20,5,Mouse_Thymus2
Mouse_Thymus2,743,97_46,5,Mouse_Thymus2
Mouse_Thymus2,744,65_10,2,Mouse_Thymus2
Mouse_Thymus2,745,26_51,2,Mouse_Thymus2
Mouse_Thymus2,746,76_7,6,Mouse_Thymus2
Mouse_Thymus2,747,97_23,1,Mouse_Thymus2
Mouse_Thymus2,748,94_32,5,Mouse_Thymus2
Mouse_Thymus2,749,94_30,2,Mouse_Thymus2
Mouse_Thymus2,750,35_47,1,Mouse_Thymus2
Mouse_Thymus2,751,85_25,6,Mouse_Thymus2
Mouse_Thymus2,752,111_41,1,Mouse_Thymus2
Mouse_Thymus2,753,66_16,2,Mouse_Thymus2
Mouse_Thymus2,754,71_26,1,Mouse_Thymus2
Mouse_Thymus2,755,94_10,2,Mouse_Thymus2
Mouse_Thymus2,756,40_49,2,Mouse_Thymus2
Mouse_Thymus2,757,93_19,6,Mouse_Thymus2
Mouse_Thymus2,758,32_46,1,Mouse_Thymus2
Mouse_Thymus2,759,107_25,2,Mouse_Thymus2
Mouse_Thymus2,760,81_24,1,Mouse_Thymus2
Mouse_Thymus2,761,46_34,6,Mouse_Thymus2
Mouse_Thymus2,762,81_18,1,Mouse_Thymus2
Mouse_Thymus2,763,104_43,2,Mouse_Thymus2
Mouse_Thymus2,764,108_23,6,Mouse_Thymus2
Mouse_Thymus2,765,41_41,1,Mouse_Thymus2
Mouse_Thymus2,766,71_17,6,Mouse_Thymus2
Mouse_Thymus2,767,108_50,2,Mouse_Thymus2
Mouse_Thymus2,768,63_16,1,Mouse_Thymus2
Mouse_Thymus2,769,73_46,2,Mouse_Thymus2
Mouse_Thymus2,770,16_49,2,Mouse_Thymus2
Mouse_Thymus2,771,84_30,2,Mouse_Thymus2
Mouse_Thymus2,772,39_37,2,Mouse_Thymus2
Mouse_Thymus2,773,5_43,5,Mouse_Thymus2
Mouse_Thymus2,774,16_52,2,Mouse_Thymus2
Mouse_Thymus2,775,64_21,1,Mouse_Thymus2
Mouse_Thymus2,776,38_22,7,Mouse_Thymus2
Mouse_Thymus2,777,101_39,1,Mouse_Thymus2
Mouse_Thymus2,778,100_34,1,Mouse_Thymus2
Mouse_Thymus2,779,103_48,2,Mouse_Thymus2
Mouse_Thymus2,780,38_33,6,Mouse_Thymus2
Mouse_Thymus2,781,93_6,2,Mouse_Thymus2
Mouse_Thymus2,782,22_39,2,Mouse_Thymus2
Mouse_Thymus2,783,50_29,1,Mouse_Thymus2
Mouse_Thymus2,784,52_17,6,Mouse_Thymus2
Mouse_Thymus2,785,12_45,5,Mouse_Thymus2
Mouse_Thymus2,786,44_32,6,Mouse_Thymus2
Mouse_Thymus2,787,93_7,2,Mouse_Thymus2
Mouse_Thymus2,788,48_30,6,Mouse_Thymus2
Mouse_Thymus2,789,37_37,6,Mouse_Thymus2
Mouse_Thymus2,790,97_53,5,Mouse_Thymus2
Mouse_Thymus2,791,109_57,2,Mouse_Thymus2
Mouse_Thymus2,792,96_8,2,Mouse_Thymus2
Mouse_Thymus2,793,122_69,6,Mouse_Thymus2
Mouse_Thymus2,794,41_21,2,Mouse_Thymus2
Mouse_Thymus2,795,124_66,6,Mouse_Thymus2
Mouse_Thymus2,796,91_19,1,Mouse_Thymus2
Mouse_Thymus2,797,95_40,5,Mouse_Thymus2
Mouse_Thymus2,798,104_39,1,Mouse_Thymus2
Mouse_Thymus2,799,102_36,1,Mouse_Thymus2
Mouse_Thymus2,800,18_52,6,Mouse_Thymus2
Mouse_Thymus2,801,107_36,1,Mouse_Thymus2
Mouse_Thymus2,802,72_33,6,Mouse_Thymus2
Mouse_Thymus2,803,48_24,2,Mouse_Thymus2
Mouse_Thymus2,804,67_23,1,Mouse_Thymus2
Mouse_Thymus2,805,69_43,2,Mouse_Thymus2
Mouse_Thymus2,806,69_40,2,Mouse_Thymus2
Mouse_Thymus2,807,41_20,2,Mouse_Thymus2
Mouse_Thymus2,808,81_23,1,Mouse_Thymus2
Mouse_Thymus2,809,24_43,1,Mouse_Thymus2
Mouse_Thymus2,810,90_57,5,Mouse_Thymus2
Mouse_Thymus2,811,70_38,1,Mouse_Thymus2
Mouse_Thymus2,812,73_18,5,Mouse_Thymus2
Mouse_Thymus2,813,48_35,6,Mouse_Thymus2
Mouse_Thymus2,814,12_49,2,Mouse_Thymus2
Mouse_Thymus2,815,71_32,2,Mouse_Thymus2
Mouse_Thymus2,816,117_56,1,Mouse_Thymus2
Mouse_Thymus2,817,91_49,6,Mouse_Thymus2
Mouse_Thymus2,818,95_36,2,Mouse_Thymus2
Mouse_Thymus2,819,87_42,2,Mouse_Thymus2
Mouse_Thymus2,820,32_36,5,Mouse_Thymus2
Mouse_Thymus2,821,3_47,6,Mouse_Thymus2
Mouse_Thymus2,822,31_37,2,Mouse_Thymus2
Mouse_Thymus2,823,74_26,1,Mouse_Thymus2
Mouse_Thymus2,824,73_13,2,Mouse_Thymus2
Mouse_Thymus2,825,80_25,1,Mouse_Thymus2
Mouse_Thymus2,826,95_34,6,Mouse_Thymus2
Mouse_Thymus2,827,25_53,2,Mouse_Thymus2
Mouse_Thymus2,828,83_50,2,Mouse_Thymus2
Mouse_Thymus2,829,51_45,2,Mouse_Thymus2
Mouse_Thymus2,830,43_50,2,Mouse_Thymus2
Mouse_Thymus2,831,123_58,2,Mouse_Thymus2
Mouse_Thymus2,832,116_57,6,Mouse_Thymus2
Mouse_Thymus2,833,82_50,2,Mouse_Thymus2
Mouse_Thymus2,834,69_24,1,Mouse_Thymus2
Mouse_Thymus2,835,106_45,2,Mouse_Thymus2
Mouse_Thymus2,836,94_7,2,Mouse_Thymus2
Mouse_Thymus2,837,81_10,2,Mouse_Thymus2
Mouse_Thymus2,838,100_14,2,Mouse_Thymus2
Mouse_Thymus2,839,51_17,2,Mouse_Thymus2
Mouse_Thymus2,840,52_45,7,Mouse_Thymus2
Mouse_Thymus2,841,106_40,1,Mouse_Thymus2
Mouse_Thymus2,842,34_53,2,Mouse_Thymus2
Mouse_Thymus2,843,40_39,1,Mouse_Thymus2
Mouse_Thymus2,844,106_28,2,Mouse_Thymus2
Mouse_Thymus2,845,73_44,2,Mouse_Thymus2
Mouse_Thymus2,846,80_47,5,Mouse_Thymus2
Mouse_Thymus2,847,65_24,6,Mouse_Thymus2
Mouse_Thymus2,848,75_33,1,Mouse_Thymus2
Mouse_Thymus2,849,88_14,1,Mouse_Thymus2
Mouse_Thymus2,850,102_38,1,Mouse_Thymus2
Mouse_Thymus2,851,98_6,6,Mouse_Thymus2
Mouse_Thymus2,852,79_11,2,Mouse_Thymus2
Mouse_Thymus2,853,73_41,6,Mouse_Thymus2
Mouse_Thymus2,854,43_20,5,Mouse_Thymus2
Mouse_Thymus2,855,110_28,5,Mouse_Thymus2
Mouse_Thymus2,856,96_38,5,Mouse_Thymus2
Mouse_Thymus2,857,32_47,1,Mouse_Thymus2
Mouse_Thymus2,858,92_27,1,Mouse_Thymus2
Mouse_Thymus2,859,33_28,2,Mouse_Thymus2
Mouse_Thymus2,860,87_24,6,Mouse_Thymus2
Mouse_Thymus2,861,73_21,6,Mouse_Thymus2
Mouse_Thymus2,862,92_46,2,Mouse_Thymus2
Mouse_Thymus2,863,62_31,1,Mouse_Thymus2
Mouse_Thymus2,864,112_37,6,Mouse_Thymus2
Mouse_Thymus2,865,62_28,1,Mouse_Thymus2
Mouse_Thymus2,866,113_38,5,Mouse_Thymus2
Mouse_Thymus2,867,72_36,1,Mouse_Thymus2
Mouse_Thymus2,868,93_57,2,Mouse_Thymus2
Mouse_Thymus2,869,102_48,6,Mouse_Thymus2
Mouse_Thymus2,870,39_32,6,Mouse_Thymus2
Mouse_Thymus2,871,72_19,2,Mouse_Thymus2
Mouse_Thymus2,872,35_43,1,Mouse_Thymus2
Mouse_Thymus2,873,79_49,2,Mouse_Thymus2
Mouse_Thymus2,874,70_24,1,Mouse_Thymus2
Mouse_Thymus2,875,50_35,6,Mouse_Thymus2
Mouse_Thymus2,876,79_29,1,Mouse_Thymus2
Mouse_Thymus2,877,99_42,2,Mouse_Thymus2
Mouse_Thymus2,878,100_27,1,Mouse_Thymus2
Mouse_Thymus2,879,70_40,6,Mouse_Thymus2
Mouse_Thymus2,880,118_66,2,Mouse_Thymus2
Mouse_Thymus2,881,94_19,5,Mouse_Thymus2
Mouse_Thymus2,882,114_46,1,Mouse_Thymus2
Mouse_Thymus2,883,15_48,5,Mouse_Thymus2
Mouse_Thymus2,884,95_39,5,Mouse_Thymus2
Mouse_Thymus2,885,95_9,2,Mouse_Thymus2
Mouse_Thymus2,886,62_15,5,Mouse_Thymus2
Mouse_Thymus2,887,116_62,2,Mouse_Thymus2
Mouse_Thymus2,888,96_51,2,Mouse_Thymus2
Mouse_Thymus2,889,83_5,2,Mouse_Thymus2
Mouse_Thymus2,890,27_50,1,Mouse_Thymus2
Mouse_Thymus2,891,118_44,2,Mouse_Thymus2
Mouse_Thymus2,892,106_31,6,Mouse_Thymus2
Mouse_Thymus2,893,59_27,1,Mouse_Thymus2
Mouse_Thymus2,894,23_51,2,Mouse_Thymus2
Mouse_Thymus2,895,82_15,6,Mouse_Thymus2
Mouse_Thymus2,896,114_44,1,Mouse_Thymus2
Mouse_Thymus2,897,119_51,5,Mouse_Thymus2
Mouse_Thymus2,898,118_69,5,Mouse_Thymus2
Mouse_Thymus2,899,103_26,1,Mouse_Thymus2
Mouse_Thymus2,900,93_16,5,Mouse_Thymus2
Mouse_Thymus2,901,43_48,2,Mouse_Thymus2
Mouse_Thymus2,902,61_27,1,Mouse_Thymus2
Mouse_Thymus2,903,74_38,1,Mouse_Thymus2
Mouse_Thymus2,904,124_69,2,Mouse_Thymus2
Mouse_Thymus2,905,85_49,2,Mouse_Thymus2
Mouse_Thymus2,906,49_32,2,Mouse_Thymus2
Mouse_Thymus2,907,69_38,5,Mouse_Thymus2
Mouse_Thymus2,908,73_5,2,Mouse_Thymus2
Mouse_Thymus2,909,58_42,2,Mouse_Thymus2
Mouse_Thymus2,910,100_53,2,Mouse_Thymus2
Mouse_Thymus2,911,34_48,1,Mouse_Thymus2
Mouse_Thymus2,912,51_22,2,Mouse_Thymus2
Mouse_Thymus2,913,97_54,2,Mouse_Thymus2
Mouse_Thymus2,914,39_34,2,Mouse_Thymus2
Mouse_Thymus2,915,86_18,1,Mouse_Thymus2
Mouse_Thymus2,916,92_14,6,Mouse_Thymus2
Mouse_Thymus2,917,45_19,5,Mouse_Thymus2
Mouse_Thymus2,918,34_32,6,Mouse_Thymus2
Mouse_Thymus2,919,122_61,6,Mouse_Thymus2
Mouse_Thymus2,920,19_46,1,Mouse_Thymus2
Mouse_Thymus2,921,18_47,1,Mouse_Thymus2
Mouse_Thymus2,922,52_22,2,Mouse_Thymus2
Mouse_Thymus2,923,84_24,6,Mouse_Thymus2
Mouse_Thymus2,924,82_23,1,Mouse_Thymus2
Mouse_Thymus2,925,12_42,2,Mouse_Thymus2
Mouse_Thymus2,926,122_59,6,Mouse_Thymus2
Mouse_Thymus2,927,111_46,1,Mouse_Thymus2
Mouse_Thymus2,928,47_24,2,Mouse_Thymus2
Mouse_Thymus2,929,30_36,5,Mouse_Thymus2
Mouse_Thymus2,930,73_12,2,Mouse_Thymus2
Mouse_Thymus2,931,29_34,2,Mouse_Thymus2
Mouse_Thymus2,932,69_8,2,Mouse_Thymus2
Mouse_Thymus2,933,96_60,2,Mouse_Thymus2
Mouse_Thymus2,934,21_53,2,Mouse_Thymus2
Mouse_Thymus2,935,75_34,1,Mouse_Thymus2
Mouse_Thymus2,936,104_29,5,Mouse_Thymus2
Mouse_Thymus2,937,70_39,6,Mouse_Thymus2
Mouse_Thymus2,938,71_42,2,Mouse_Thymus2
Mouse_Thymus2,939,93_24,1,Mouse_Thymus2
Mouse_Thymus2,940,108_37,1,Mouse_Thymus2
Mouse_Thymus2,941,60_24,1,Mouse_Thymus2
Mouse_Thymus2,942,91_43,2,Mouse_Thymus2
Mouse_Thymus2,943,24_48,1,Mouse_Thymus2
Mouse_Thymus2,944,21_52,2,Mouse_Thymus2
Mouse_Thymus2,945,96_6,6,Mouse_Thymus2
Mouse_Thymus2,946,101_58,2,Mouse_Thymus2
Mouse_Thymus2,947,17_52,2,Mouse_Thymus2
Mouse_Thymus2,948,82_46,5,Mouse_Thymus2
Mouse_Thymus2,949,124_52,5,Mouse_Thymus2
Mouse_Thymus2,950,71_25,1,Mouse_Thymus2
Mouse_Thymus2,951,119_66,5,Mouse_Thymus2
Mouse_Thymus2,952,86_28,1,Mouse_Thymus2
Mouse_Thymus2,953,58_30,1,Mouse_Thymus2
Mouse_Thymus2,954,39_49,2,Mouse_Thymus2
Mouse_Thymus2,955,116_47,1,Mouse_Thymus2
Mouse_Thymus2,956,100_60,5,Mouse_Thymus2
Mouse_Thymus2,957,85_37,5,Mouse_Thymus2
Mouse_Thymus2,958,9_44,5,Mouse_Thymus2
Mouse_Thymus2,959,50_39,1,Mouse_Thymus2
Mouse_Thymus2,960,54_33,6,Mouse_Thymus2
Mouse_Thymus2,961,72_31,5,Mouse_Thymus2
Mouse_Thymus2,962,40_52,6,Mouse_Thymus2
Mouse_Thymus2,963,82_24,1,Mouse_Thymus2
Mouse_Thymus2,964,74_37,1,Mouse_Thymus2
Mouse_Thymus2,965,76_22,1,Mouse_Thymus2
Mouse_Thymus2,966,84_41,2,Mouse_Thymus2
Mouse_Thymus2,967,76_34,1,Mouse_Thymus2
Mouse_Thymus2,968,54_22,5,Mouse_Thymus2
Mouse_Thymus2,969,77_11,6,Mouse_Thymus2
Mouse_Thymus2,970,120_67,2,Mouse_Thymus2
Mouse_Thymus2,971,49_28,1,Mouse_Thymus2
Mouse_Thymus2,972,100_9,7,Mouse_Thymus2
Mouse_Thymus2,973,114_49,6,Mouse_Thymus2
Mouse_Thymus2,974,97_38,5,Mouse_Thymus2
Mouse_Thymus2,975,102_57,2,Mouse_Thymus2
Mouse_Thymus2,976,42_35,2,Mouse_Thymus2
Mouse_Thymus2,977,11_48,2,Mouse_Thymus2
Mouse_Thymus2,978,78_43,1,Mouse_Thymus2
Mouse_Thymus2,979,101_17,2,Mouse_Thymus2
Mouse_Thymus2,980,95_58,2,Mouse_Thymus2
Mouse_Thymus2,981,34_35,2,Mouse_Thymus2
Mouse_Thymus2,982,109_55,2,Mouse_Thymus2
Mouse_Thymus2,983,89_8,5,Mouse_Thymus2
Mouse_Thymus2,984,66_33,1,Mouse_Thymus2
Mouse_Thymus2,985,90_58,2,Mouse_Thymus2
Mouse_Thymus2,986,95_23,1,Mouse_Thymus2
Mouse_Thymus2,987,25_35,2,Mouse_Thymus2
Mouse_Thymus2,988,3_44,2,Mouse_Thymus2
Mouse_Thymus2,989,85_3,5,Mouse_Thymus2
Mouse_Thymus2,990,53_25,2,Mouse_Thymus2
Mouse_Thymus2,991,105_47,2,Mouse_Thymus2
Mouse_Thymus2,992,84_20,1,Mouse_Thymus2
Mouse_Thymus2,993,45_35,2,Mouse_Thymus2
Mouse_Thymus2,994,43_18,2,Mouse_Thymus2
Mouse_Thymus2,995,65_39,2,Mouse_Thymus2
Mouse_Thymus2,996,96_13,2,Mouse_Thymus2
Mouse_Thymus2,997,63_17,6,Mouse_Thymus2
Mouse_Thymus2,998,96_9,6,Mouse_Thymus2
Mouse_Thymus2,999,79_47,2,Mouse_Thymus2
Mouse_Thymus2,1000,107_54,2,Mouse_Thymus2
Mouse_Thymus2,1001,95_6,2,Mouse_Thymus2
Mouse_Thymus2,1002,28_34,2,Mouse_Thymus2
Mouse_Thymus2,1003,20_46,1,Mouse_Thymus2
Mouse_Thymus2,1004,106_57,2,Mouse_Thymus2
Mouse_Thymus2,1005,120_60,1,Mouse_Thymus2
Mouse_Thymus2,1006,124_68,6,Mouse_Thymus2
Mouse_Thymus2,1007,97_35,6,Mouse_Thymus2
Mouse_Thymus2,1008,115_47,1,Mouse_Thymus2
Mouse_Thymus2,1009,65_17,2,Mouse_Thymus2
Mouse_Thymus2,1010,67_26,1,Mouse_Thymus2
Mouse_Thymus2,1011,68_34,1,Mouse_Thymus2
Mouse_Thymus2,1012,51_32,6,Mouse_Thymus2
Mouse_Thymus2,1013,88_53,2,Mouse_Thymus2
Mouse_Thymus2,1014,29_31,2,Mouse_Thymus2
Mouse_Thymus2,1015,122_71,2,Mouse_Thymus2
Mouse_Thymus2,1016,50_32,1,Mouse_Thymus2
Mouse_Thymus2,1017,81_29,5,Mouse_Thymus2
Mouse_Thymus2,1018,63_35,1,Mouse_Thymus2
Mouse_Thymus2,1019,82_22,1,Mouse_Thymus2
Mouse_Thymus2,1020,80_28,1,Mouse_Thymus2
Mouse_Thymus2,1021,90_9,2,Mouse_Thymus2
Mouse_Thymus2,1022,43_33,6,Mouse_Thymus2
Mouse_Thymus2,1023,81_2,5,Mouse_Thymus2
Mouse_Thymus2,1024,70_20,6,Mouse_Thymus2
Mouse_Thymus2,1025,123_67,6,Mouse_Thymus2
Mouse_Thymus2,1026,79_45,6,Mouse_Thymus2
Mouse_Thymus2,1027,80_48,5,Mouse_Thymus2
Mouse_Thymus2,1028,41_33,6,Mouse_Thymus2
Mouse_Thymus2,1029,43_19,2,Mouse_Thymus2
Mouse_Thymus2,1030,87_34,2,Mouse_Thymus2
Mouse_Thymus2,1031,73_10,5,Mouse_Thymus2
Mouse_Thymus2,1032,10_40,5,Mouse_Thymus2
Mouse_Thymus2,1033,22_53,5,Mouse_Thymus2
Mouse_Thymus2,1034,91_15,1,Mouse_Thymus2
Mouse_Thymus2,1035,86_27,5,Mouse_Thymus2
Mouse_Thymus2,1036,106_27,2,Mouse_Thymus2
Mouse_Thymus2,1037,61_25,1,Mouse_Thymus2
Mouse_Thymus2,1038,112_34,2,Mouse_Thymus2
Mouse_Thymus2,1039,70_29,6,Mouse_Thymus2
Mouse_Thymus2,1040,56_22,2,Mouse_Thymus2
Mouse_Thymus2,1041,74_42,5,Mouse_Thymus2
Mouse_Thymus2,1042,73_1,2,Mouse_Thymus2
Mouse_Thymus2,1043,34_36,2,Mouse_Thymus2
Mouse_Thymus2,1044,125_57,7,Mouse_Thymus2
Mouse_Thymus2,1045,86_29,2,Mouse_Thymus2
Mouse_Thymus2,1046,77_15,5,Mouse_Thymus2
Mouse_Thymus2,1047,118_37,6,Mouse_Thymus2
Mouse_Thymus2,1048,103_25,1,Mouse_Thymus2
Mouse_Thymus2,1049,20_52,2,Mouse_Thymus2
Mouse_Thymus2,1050,122_54,2,Mouse_Thymus2
Mouse_Thymus2,1051,12_43,2,Mouse_Thymus2
Mouse_Thymus2,1052,20_42,1,Mouse_Thymus2
Mouse_Thymus2,1053,55_28,1,Mouse_Thymus2
Mouse_Thymus2,1054,46_30,1,Mouse_Thymus2
Mouse_Thymus2,1055,42_50,2,Mouse_Thymus2
Mouse_Thymus2,1056,48_28,1,Mouse_Thymus2
Mouse_Thymus2,1057,94_34,2,Mouse_Thymus2
Mouse_Thymus2,1058,91_39,5,Mouse_Thymus2
Mouse_Thymus2,1059,60_41,2,Mouse_Thymus2
Mouse_Thymus2,1060,122_60,1,Mouse_Thymus2
Mouse_Thymus2,1061,40_44,1,Mouse_Thymus2
Mouse_Thymus2,1062,101_21,6,Mouse_Thymus2
Mouse_Thymus2,1063,74_17,6,Mouse_Thymus2
Mouse_Thymus2,1064,96_53,2,Mouse_Thymus2
Mouse_Thymus2,1065,88_20,1,Mouse_Thymus2
Mouse_Thymus2,1066,101_20,6,Mouse_Thymus2
Mouse_Thymus2,1067,94_15,2,Mouse_Thymus2
Mouse_Thymus2,1068,48_39,1,Mouse_Thymus2
Mouse_Thymus2,1069,10_48,2,Mouse_Thymus2
Mouse_Thymus2,1070,32_51,2,Mouse_Thymus2
Mouse_Thymus2,1071,33_53,2,Mouse_Thymus2
Mouse_Thymus2,1072,7_41,6,Mouse_Thymus2
Mouse_Thymus2,1073,113_51,5,Mouse_Thymus2
Mouse_Thymus2,1074,75_5,2,Mouse_Thymus2
Mouse_Thymus2,1075,116_66,2,Mouse_Thymus2
Mouse_Thymus2,1076,63_23,1,Mouse_Thymus2
Mouse_Thymus2,1077,75_45,2,Mouse_Thymus2
Mouse_Thymus2,1078,88_10,2,Mouse_Thymus2
Mouse_Thymus2,1079,41_47,6,Mouse_Thymus2
Mouse_Thymus2,1080,43_42,1,Mouse_Thymus2
Mouse_Thymus2,1081,97_10,5,Mouse_Thymus2
Mouse_Thymus2,1082,96_33,1,Mouse_Thymus2
Mouse_Thymus2,1083,100_19,5,Mouse_Thymus2
Mouse_Thymus2,1084,103_37,1,Mouse_Thymus2
Mouse_Thymus2,1085,66_9,2,Mouse_Thymus2
Mouse_Thymus2,1086,110_42,1,Mouse_Thymus2
Mouse_Thymus2,1087,79_42,1,Mouse_Thymus2
Mouse_Thymus2,1088,104_30,1,Mouse_Thymus2
Mouse_Thymus2,1089,82_53,2,Mouse_Thymus2
Mouse_Thymus2,1090,38_42,1,Mouse_Thymus2
Mouse_Thymus2,1091,91_24,1,Mouse_Thymus2
Mouse_Thymus2,1092,90_46,2,Mouse_Thymus2
Mouse_Thymus2,1093,42_27,1,Mouse_Thymus2
Mouse_Thymus2,1094,109_26,5,Mouse_Thymus2
Mouse_Thymus2,1095,86_22,1,Mouse_Thymus2
Mouse_Thymus2,1096,109_25,5,Mouse_Thymus2
Mouse_Thymus2,1097,94_5,2,Mouse_Thymus2
Mouse_Thymus2,1098,82_41,6,Mouse_Thymus2
Mouse_Thymus2,1099,95_14,5,Mouse_Thymus2
Mouse_Thymus2,1100,36_27,6,Mouse_Thymus2
Mouse_Thymus2,1101,117_57,1,Mouse_Thymus2
Mouse_Thymus2,1102,111_60,2,Mouse_Thymus2
Mouse_Thymus2,1103,107_26,2,Mouse_Thymus2
Mouse_Thymus2,1104,59_16,2,Mouse_Thymus2
Mouse_Thymus2,1105,45_28,1,Mouse_Thymus2
Mouse_Thymus2,1106,32_40,6,Mouse_Thymus2
Mouse_Thymus2,1107,121_68,2,Mouse_Thymus2
Mouse_Thymus2,1108,123_57,2,Mouse_Thymus2
Mouse_Thymus2,1109,105_55,5,Mouse_Thymus2
Mouse_Thymus2,1110,30_37,6,Mouse_Thymus2
Mouse_Thymus2,1111,96_44,6,Mouse_Thymus2
Mouse_Thymus2,1112,70_8,2,Mouse_Thymus2
Mouse_Thymus2,1113,75_28,1,Mouse_Thymus2
Mouse_Thymus2,1114,75_17,5,Mouse_Thymus2
Mouse_Thymus2,1115,97_34,1,Mouse_Thymus2
Mouse_Thymus2,1116,39_24,6,Mouse_Thymus2
Mouse_Thymus2,1117,71_8,5,Mouse_Thymus2
Mouse_Thymus2,1118,92_58,2,Mouse_Thymus2
Mouse_Thymus2,1119,108_26,2,Mouse_Thymus2
Mouse_Thymus2,1120,104_40,1,Mouse_Thymus2
Mouse_Thymus2,1121,124_56,2,Mouse_Thymus2
Mouse_Thymus2,1122,79_30,1,Mouse_Thymus2
Mouse_Thymus2,1123,56_24,2,Mouse_Thymus2
Mouse_Thymus2,1124,117_55,1,Mouse_Thymus2
Mouse_Thymus2,1125,71_14,5,Mouse_Thymus2
Mouse_Thymus2,1126,105_43,6,Mouse_Thymus2
Mouse_Thymus2,1127,99_56,2,Mouse_Thymus2
Mouse_Thymus2,1128,62_20,2,Mouse_Thymus2
Mouse_Thymus2,1129,42_52,7,Mouse_Thymus2
Mouse_Thymus2,1130,10_41,6,Mouse_Thymus2
Mouse_Thymus2,1131,44_49,2,Mouse_Thymus2
Mouse_Thymus2,1132,123_64,6,Mouse_Thymus2
Mouse_Thymus2,1133,93_50,2,Mouse_Thymus2
Mouse_Thymus2,1134,114_54,6,Mouse_Thymus2
Mouse_Thymus2,1135,75_36,1,Mouse_Thymus2
Mouse_Thymus2,1136,120_64,2,Mouse_Thymus2
Mouse_Thymus2,1137,79_20,1,Mouse_Thymus2
Mouse_Thymus2,1138,93_44,5,Mouse_Thymus2
Mouse_Thymus2,1139,47_33,6,Mouse_Thymus2
Mouse_Thymus2,1140,60_20,2,Mouse_Thymus2
Mouse_Thymus2,1141,19_49,2,Mouse_Thymus2
Mouse_Thymus2,1142,42_19,2,Mouse_Thymus2
Mouse_Thymus2,1143,83_6,2,Mouse_Thymus2
Mouse_Thymus2,1144,113_62,5,Mouse_Thymus2
Mouse_Thymus2,1145,117_60,1,Mouse_Thymus2
Mouse_Thymus2,1146,28_49,6,Mouse_Thymus2
Mouse_Thymus2,1147,89_52,2,Mouse_Thymus2
Mouse_Thymus2,1148,76_48,2,Mouse_Thymus2
Mouse_Thymus2,1149,121_64,2,Mouse_Thymus2
Mouse_Thymus2,1150,32_50,6,Mouse_Thymus2
Mouse_Thymus2,1151,94_29,5,Mouse_Thymus2
Mouse_Thymus2,1152,90_34,2,Mouse_Thymus2
Mouse_Thymus2,1153,95_7,2,Mouse_Thymus2
Mouse_Thymus2,1154,82_28,6,Mouse_Thymus2
Mouse_Thymus2,1155,84_32,2,Mouse_Thymus2
Mouse_Thymus2,1156,98_45,2,Mouse_Thymus2
Mouse_Thymus2,1157,86_49,2,Mouse_Thymus2
Mouse_Thymus2,1158,118_67,2,Mouse_Thymus2
Mouse_Thymus2,1159,88_50,2,Mouse_Thymus2
Mouse_Thymus2,1160,70_22,1,Mouse_Thymus2
Mouse_Thymus2,1161,31_46,1,Mouse_Thymus2
Mouse_Thymus2,1162,98_38,1,Mouse_Thymus2
Mouse_Thymus2,1163,83_12,2,Mouse_Thymus2
Mouse_Thymus2,1164,85_44,6,Mouse_Thymus2
Mouse_Thymus2,1165,49_41,1,Mouse_Thymus2
Mouse_Thymus2,1166,32_54,2,Mouse_Thymus2
Mouse_Thymus2,1167,47_30,1,Mouse_Thymus2
Mouse_Thymus2,1168,90_6,2,Mouse_Thymus2
Mouse_Thymus2,1169,115_54,2,Mouse_Thymus2
Mouse_Thymus2,1170,78_27,1,Mouse_Thymus2
Mouse_Thymus2,1171,112_47,1,Mouse_Thymus2
Mouse_Thymus2,1172,67_17,2,Mouse_Thymus2
Mouse_Thymus2,1173,91_47,2,Mouse_Thymus2
Mouse_Thymus2,1174,122_62,1,Mouse_Thymus2
Mouse_Thymus2,1175,81_5,2,Mouse_Thymus2
Mouse_Thymus2,1176,115_66,5,Mouse_Thymus2
Mouse_Thymus2,1177,110_36,1,Mouse_Thymus2
Mouse_Thymus2,1178,87_29,2,Mouse_Thymus2
Mouse_Thymus2,1179,107_28,2,Mouse_Thymus2
Mouse_Thymus2,1180,36_47,1,Mouse_Thymus2
Mouse_Thymus2,1181,14_39,6,Mouse_Thymus2
Mouse_Thymus2,1182,100_25,1,Mouse_Thymus2
Mouse_Thymus2,1183,73_0,2,Mouse_Thymus2
Mouse_Thymus2,1184,84_42,5,Mouse_Thymus2
Mouse_Thymus2,1185,104_21,2,Mouse_Thymus2
Mouse_Thymus2,1186,43_45,1,Mouse_Thymus2
Mouse_Thymus2,1187,56_15,5,Mouse_Thymus2
Mouse_Thymus2,1188,8_42,5,Mouse_Thymus2
Mouse_Thymus2,1189,68_18,5,Mouse_Thymus2
Mouse_Thymus2,1190,44_38,1,Mouse_Thymus2
Mouse_Thymus2,1191,30_27,6,Mouse_Thymus2
Mouse_Thymus2,1192,46_31,6,Mouse_Thymus2
Mouse_Thymus2,1193,36_46,1,Mouse_Thymus2
Mouse_Thymus2,1194,75_25,1,Mouse_Thymus2
Mouse_Thymus2,1195,94_43,2,Mouse_Thymus2
Mouse_Thymus2,1196,84_4,5,Mouse_Thymus2
Mouse_Thymus2,1197,33_39,5,Mouse_Thymus2
Mouse_Thymus2,1198,6_41,7,Mouse_Thymus2
Mouse_Thymus2,1199,81_44,5,Mouse_Thymus2
Mouse_Thymus2,1200,56_25,5,Mouse_Thymus2
Mouse_Thymus2,1201,70_13,5,Mouse_Thymus2
Mouse_Thymus2,1202,60_40,2,Mouse_Thymus2
Mouse_Thymus2,1203,86_41,2,Mouse_Thymus2
Mouse_Thymus2,1204,52_37,1,Mouse_Thymus2
Mouse_Thymus2,1205,115_57,5,Mouse_Thymus2
Mouse_Thymus2,1206,105_52,2,Mouse_Thymus2
Mouse_Thymus2,1207,95_16,2,Mouse_Thymus2
Mouse_Thymus2,1208,121_57,6,Mouse_Thymus2
Mouse_Thymus2,1209,77_39,1,Mouse_Thymus2
Mouse_Thymus2,1210,50_34,6,Mouse_Thymus2
Mouse_Thymus2,1211,72_28,1,Mouse_Thymus2
Mouse_Thymus2,1212,72_7,5,Mouse_Thymus2
Mouse_Thymus2,1213,96_61,2,Mouse_Thymus2
Mouse_Thymus2,1214,46_46,2,Mouse_Thymus2
Mouse_Thymus2,1215,33_33,2,Mouse_Thymus2
Mouse_Thymus2,1216,70_16,5,Mouse_Thymus2
Mouse_Thymus2,1217,105_54,5,Mouse_Thymus2
Mouse_Thymus2,1218,31_39,2,Mouse_Thymus2
Mouse_Thymus2,1219,62_27,1,Mouse_Thymus2
Mouse_Thymus2,1220,90_48,2,Mouse_Thymus2
Mouse_Thymus2,1221,45_41,1,Mouse_Thymus2
Mouse_Thymus2,1222,80_20,1,Mouse_Thymus2
Mouse_Thymus2,1223,82_6,6,Mouse_Thymus2
Mouse_Thymus2,1224,48_34,1,Mouse_Thymus2
Mouse_Thymus2,1225,105_33,1,Mouse_Thymus2
Mouse_Thymus2,1226,82_27,5,Mouse_Thymus2
Mouse_Thymus2,1227,55_24,5,Mouse_Thymus2
Mouse_Thymus2,1228,99_33,1,Mouse_Thymus2
Mouse_Thymus2,1229,48_19,2,Mouse_Thymus2
Mouse_Thymus2,1230,33_54,2,Mouse_Thymus2
Mouse_Thymus2,1231,72_41,2,Mouse_Thymus2
Mouse_Thymus2,1232,64_13,5,Mouse_Thymus2
Mouse_Thymus2,1233,56_34,1,Mouse_Thymus2
Mouse_Thymus2,1234,66_31,6,Mouse_Thymus2
Mouse_Thymus2,1235,68_36,1,Mouse_Thymus2
Mouse_Thymus2,1236,49_22,6,Mouse_Thymus2
Mouse_Thymus2,1237,83_42,6,Mouse_Thymus2
Mouse_Thymus2,1238,64_30,1,Mouse_Thymus2
Mouse_Thymus2,1239,63_30,1,Mouse_Thymus2
Mouse_Thymus2,1240,92_22,1,Mouse_Thymus2
Mouse_Thymus2,1241,119_68,2,Mouse_Thymus2
Mouse_Thymus2,1242,95_5,2,Mouse_Thymus2
Mouse_Thymus2,1243,35_33,6,Mouse_Thymus2
Mouse_Thymus2,1244,32_56,7,Mouse_Thymus2
Mouse_Thymus2,1245,21_37,2,Mouse_Thymus2
Mouse_Thymus2,1246,48_15,7,Mouse_Thymus2
Mouse_Thymus2,1247,96_39,2,Mouse_Thymus2
Mouse_Thymus2,1248,29_29,7,Mouse_Thymus2
Mouse_Thymus2,1249,112_38,6,Mouse_Thymus2
Mouse_Thymus2,1250,117_44,2,Mouse_Thymus2
Mouse_Thymus2,1251,42_47,2,Mouse_Thymus2
Mouse_Thymus2,1252,60_12,2,Mouse_Thymus2
Mouse_Thymus2,1253,91_45,2,Mouse_Thymus2
Mouse_Thymus2,1254,70_25,1,Mouse_Thymus2
Mouse_Thymus2,1255,89_43,2,Mouse_Thymus2
Mouse_Thymus2,1256,79_18,1,Mouse_Thymus2
Mouse_Thymus2,1257,49_23,2,Mouse_Thymus2
Mouse_Thymus2,1258,74_4,2,Mouse_Thymus2
Mouse_Thymus2,1259,49_36,1,Mouse_Thymus2
Mouse_Thymus2,1260,72_10,2,Mouse_Thymus2
Mouse_Thymus2,1261,54_38,1,Mouse_Thymus2
Mouse_Thymus2,1262,6_47,2,Mouse_Thymus2
Mouse_Thymus2,1263,61_16,2,Mouse_Thymus2
Mouse_Thymus2,1264,66_32,5,Mouse_Thymus2
Mouse_Thymus2,1265,43_43,1,Mouse_Thymus2
Mouse_Thymus2,1266,57_41,2,Mouse_Thymus2
Mouse_Thymus2,1267,122_66,1,Mouse_Thymus2
Mouse_Thymus2,1268,90_26,6,Mouse_Thymus2
Mouse_Thymus2,1269,89_4,7,Mouse_Thymus2
Mouse_Thymus2,1270,37_35,6,Mouse_Thymus2
Mouse_Thymus2,1271,29_44,1,Mouse_Thymus2
Mouse_Thymus2,1272,73_38,1,Mouse_Thymus2
Mouse_Thymus2,1273,33_43,1,Mouse_Thymus2
Mouse_Thymus2,1274,50_45,2,Mouse_Thymus2
Mouse_Thymus2,1275,112_30,5,Mouse_Thymus2
Mouse_Thymus2,1276,119_49,6,Mouse_Thymus2
Mouse_Thymus2,1277,84_16,1,Mouse_Thymus2
Mouse_Thymus2,1278,58_32,1,Mouse_Thymus2
Mouse_Thymus2,1279,47_19,2,Mouse_Thymus2
Mouse_Thymus2,1280,89_22,1,Mouse_Thymus2
Mouse_Thymus2,1281,112_55,2,Mouse_Thymus2
Mouse_Thymus2,1282,63_24,1,Mouse_Thymus2
Mouse_Thymus2,1283,109_56,2,Mouse_Thymus2
Mouse_Thymus2,1284,47_37,1,Mouse_Thymus2
Mouse_Thymus2,1285,48_29,1,Mouse_Thymus2
Mouse_Thymus2,1286,67_33,1,Mouse_Thymus2
Mouse_Thymus2,1287,88_56,2,Mouse_Thymus2
Mouse_Thymus2,1288,31_40,6,Mouse_Thymus2
Mouse_Thymus2,1289,125_64,2,Mouse_Thymus2
Mouse_Thymus2,1290,106_46,5,Mouse_Thymus2
Mouse_Thymus2,1291,85_14,6,Mouse_Thymus2
Mouse_Thymus2,1292,33_41,1,Mouse_Thymus2
Mouse_Thymus2,1293,83_9,2,Mouse_Thymus2
Mouse_Thymus2,1294,59_38,2,Mouse_Thymus2
Mouse_Thymus2,1295,85_8,2,Mouse_Thymus2
Mouse_Thymus2,1296,31_48,1,Mouse_Thymus2
Mouse_Thymus2,1297,58_13,2,Mouse_Thymus2
Mouse_Thymus2,1298,73_3,2,Mouse_Thymus2
Mouse_Thymus2,1299,116_41,2,Mouse_Thymus2
Mouse_Thymus2,1300,30_31,2,Mouse_Thymus2
Mouse_Thymus2,1301,89_9,6,Mouse_Thymus2
Mouse_Thymus2,1302,61_11,2,Mouse_Thymus2
Mouse_Thymus2,1303,90_16,1,Mouse_Thymus2
Mouse_Thymus2,1304,34_37,2,Mouse_Thymus2
Mouse_Thymus2,1305,114_41,1,Mouse_Thymus2
Mouse_Thymus2,1306,53_38,1,Mouse_Thymus2
Mouse_Thymus2,1307,103_52,5,Mouse_Thymus2
Mouse_Thymus2,1308,96_17,5,Mouse_Thymus2
Mouse_Thymus2,1309,86_35,5,Mouse_Thymus2
Mouse_Thymus2,1310,82_42,6,Mouse_Thymus2
Mouse_Thymus2,1311,60_36,1,Mouse_Thymus2
Mouse_Thymus2,1312,114_45,1,Mouse_Thymus2
Mouse_Thymus2,1313,89_23,1,Mouse_Thymus2
Mouse_Thymus2,1314,101_57,2,Mouse_Thymus2
Mouse_Thymus2,1315,72_25,1,Mouse_Thymus2
Mouse_Thymus2,1316,75_7,2,Mouse_Thymus2
Mouse_Thymus2,1317,65_11,2,Mouse_Thymus2
Mouse_Thymus2,1318,29_40,6,Mouse_Thymus2
Mouse_Thymus2,1319,66_15,5,Mouse_Thymus2
Mouse_Thymus2,1320,12_48,5,Mouse_Thymus2
Mouse_Thymus2,1321,76_50,7,Mouse_Thymus2
Mouse_Thymus2,1322,93_33,5,Mouse_Thymus2
Mouse_Thymus2,1323,27_38,5,Mouse_Thymus2
Mouse_Thymus2,1324,57_36,1,Mouse_Thymus2
Mouse_Thymus2,1325,49_21,5,Mouse_Thymus2
Mouse_Thymus2,1326,72_40,6,Mouse_Thymus2
Mouse_Thymus2,1327,98_47,5,Mouse_Thymus2
Mouse_Thymus2,1328,35_29,5,Mouse_Thymus2
Mouse_Thymus2,1329,90_49,2,Mouse_Thymus2
Mouse_Thymus2,1330,73_11,5,Mouse_Thymus2
Mouse_Thymus2,1331,56_40,2,Mouse_Thymus2
Mouse_Thymus2,1332,82_43,6,Mouse_Thymus2
Mouse_Thymus2,1333,125_72,7,Mouse_Thymus2
Mouse_Thymus2,1334,15_44,1,Mouse_Thymus2
Mouse_Thymus2,1335,72_18,5,Mouse_Thymus2
Mouse_Thymus2,1336,66_18,1,Mouse_Thymus2
Mouse_Thymus2,1337,81_52,2,Mouse_Thymus2
Mouse_Thymus2,1338,54_26,6,Mouse_Thymus2
Mouse_Thymus2,1339,82_35,2,Mouse_Thymus2
Mouse_Thymus2,1340,99_9,5,Mouse_Thymus2
Mouse_Thymus2,1341,81_16,5,Mouse_Thymus2
Mouse_Thymus2,1342,123_51,2,Mouse_Thymus2
Mouse_Thymus2,1343,107_39,1,Mouse_Thymus2
Mouse_Thymus2,1344,95_15,2,Mouse_Thymus2
Mouse_Thymus2,1345,124_61,2,Mouse_Thymus2
Mouse_Thymus2,1346,114_34,2,Mouse_Thymus2
Mouse_Thymus2,1347,66_14,2,Mouse_Thymus2
Mouse_Thymus2,1348,124_71,2,Mouse_Thymus2
Mouse_Thymus2,1349,49_46,2,Mouse_Thymus2
Mouse_Thymus2,1350,47_21,2,Mouse_Thymus2
Mouse_Thymus2,1351,104_44,2,Mouse_Thymus2
Mouse_Thymus2,1352,52_18,2,Mouse_Thymus2
Mouse_Thymus2,1353,100_24,1,Mouse_Thymus2
Mouse_Thymus2,1354,80_13,2,Mouse_Thymus2
Mouse_Thymus2,1355,121_71,2,Mouse_Thymus2
Mouse_Thymus2,1356,87_16,1,Mouse_Thymus2
Mouse_Thymus2,1357,45_46,1,Mouse_Thymus2
Mouse_Thymus2,1358,37_30,1,Mouse_Thymus2
Mouse_Thymus2,1359,65_20,1,Mouse_Thymus2
Mouse_Thymus2,1360,66_17,5,Mouse_Thymus2
Mouse_Thymus2,1361,44_31,1,Mouse_Thymus2
Mouse_Thymus2,1362,46_38,1,Mouse_Thymus2
Mouse_Thymus2,1363,103_24,2,Mouse_Thymus2
Mouse_Thymus2,1364,82_33,2,Mouse_Thymus2
Mouse_Thymus2,1365,66_26,1,Mouse_Thymus2
Mouse_Thymus2,1366,93_53,6,Mouse_Thymus2
Mouse_Thymus2,1367,94_44,5,Mouse_Thymus2
Mouse_Thymus2,1368,65_23,6,Mouse_Thymus2
Mouse_Thymus2,1369,28_55,2,Mouse_Thymus2
Mouse_Thymus2,1370,81_31,6,Mouse_Thymus2
Mouse_Thymus2,1371,104_35,1,Mouse_Thymus2
Mouse_Thymus2,1372,93_8,2,Mouse_Thymus2
Mouse_Thymus2,1373,47_46,2,Mouse_Thymus2
Mouse_Thymus2,1374,116_68,5,Mouse_Thymus2
Mouse_Thymus2,1375,9_45,2,Mouse_Thymus2
Mouse_Thymus2,1376,99_21,1,Mouse_Thymus2
Mouse_Thymus2,1377,124_55,5,Mouse_Thymus2
Mouse_Thymus2,1378,70_33,6,Mouse_Thymus2
Mouse_Thymus2,1379,86_8,2,Mouse_Thymus2
Mouse_Thymus2,1380,87_22,1,Mouse_Thymus2
Mouse_Thymus2,1381,85_33,5,Mouse_Thymus2
Mouse_Thymus2,1382,41_26,6,Mouse_Thymus2
Mouse_Thymus2,1383,63_36,1,Mouse_Thymus2
Mouse_Thymus2,1384,80_33,5,Mouse_Thymus2
Mouse_Thymus2,1385,52_38,1,Mouse_Thymus2
Mouse_Thymus2,1386,25_40,2,Mouse_Thymus2
Mouse_Thymus2,1387,69_41,2,Mouse_Thymus2
Mouse_Thymus2,1388,56_28,1,Mouse_Thymus2
Mouse_Thymus2,1389,48_21,2,Mouse_Thymus2
Mouse_Thymus2,1390,48_16,2,Mouse_Thymus2
Mouse_Thymus2,1391,14_50,2,Mouse_Thymus2
Mouse_Thymus2,1392,116_36,2,Mouse_Thymus2
Mouse_Thymus2,1393,58_26,1,Mouse_Thymus2
Mouse_Thymus2,1394,55_25,5,Mouse_Thymus2
Mouse_Thymus2,1395,64_11,2,Mouse_Thymus2
Mouse_Thymus2,1396,45_22,2,Mouse_Thymus2
Mouse_Thymus2,1397,66_28,5,Mouse_Thymus2
Mouse_Thymus2,1398,20_50,2,Mouse_Thymus2
Mouse_Thymus2,1399,106_30,2,Mouse_Thymus2
Mouse_Thymus2,1400,38_43,1,Mouse_Thymus2
Mouse_Thymus2,1401,73_6,5,Mouse_Thymus2
Mouse_Thymus2,1402,120_71,5,Mouse_Thymus2
Mouse_Thymus2,1403,37_48,7,Mouse_Thymus2
Mouse_Thymus2,1404,116_34,7,Mouse_Thymus2
Mouse_Thymus2,1405,76_38,1,Mouse_Thymus2
Mouse_Thymus2,1406,106_26,6,Mouse_Thymus2
Mouse_Thymus2,1407,46_42,1,Mouse_Thymus2
Mouse_Thymus2,1408,71_36,1,Mouse_Thymus2
Mouse_Thymus2,1409,112_52,2,Mouse_Thymus2
Mouse_Thymus2,1410,118_64,2,Mouse_Thymus2
Mouse_Thymus2,1411,87_4,2,Mouse_Thymus2
Mouse_Thymus2,1412,93_58,2,Mouse_Thymus2
Mouse_Thymus2,1413,84_35,6,Mouse_Thymus2
Mouse_Thymus2,1414,85_20,1,Mouse_Thymus2
Mouse_Thymus2,1415,21_45,1,Mouse_Thymus2
Mouse_Thymus2,1416,92_49,2,Mouse_Thymus2
Mouse_Thymus2,1417,44_25,6,Mouse_Thymus2
Mouse_Thymus2,1418,44_20,2,Mouse_Thymus2
Mouse_Thymus2,1419,95_35,5,Mouse_Thymus2
Mouse_Thymus2,1420,125_68,2,Mouse_Thymus2
Mouse_Thymus2,1421,65_41,5,Mouse_Thymus2
Mouse_Thymus2,1422,121_61,1,Mouse_Thymus2
Mouse_Thymus2,1423,25_43,1,Mouse_Thymus2
Mouse_Thymus2,1424,109_54,2,Mouse_Thymus2
Mouse_Thymus2,1425,51_42,6,Mouse_Thymus2
Mouse_Thymus2,1426,38_31,6,Mouse_Thymus2
Mouse_Thymus2,1427,115_55,6,Mouse_Thymus2
Mouse_Thymus2,1428,38_39,6,Mouse_Thymus2
Mouse_Thymus2,1429,73_43,2,Mouse_Thymus2
Mouse_Thymus2,1430,113_37,2,Mouse_Thymus2
Mouse_Thymus2,1431,78_25,1,Mouse_Thymus2
Mouse_Thymus2,1432,46_17,2,Mouse_Thymus2
Mouse_Thymus2,1433,14_47,5,Mouse_Thymus2
Mouse_Thymus2,1434,99_15,2,Mouse_Thymus2
Mouse_Thymus2,1435,6_45,2,Mouse_Thymus2
Mouse_Thymus2,1436,86_21,1,Mouse_Thymus2
Mouse_Thymus2,1437,86_32,2,Mouse_Thymus2
Mouse_Thymus2,1438,45_24,2,Mouse_Thymus2
Mouse_Thymus2,1439,110_31,2,Mouse_Thymus2
Mouse_Thymus2,1440,124_51,6,Mouse_Thymus2
Mouse_Thymus2,1441,62_16,6,Mouse_Thymus2
Mouse_Thymus2,1442,76_12,6,Mouse_Thymus2
Mouse_Thymus2,1443,92_8,2,Mouse_Thymus2
Mouse_Thymus2,1444,111_29,5,Mouse_Thymus2
Mouse_Thymus2,1445,55_34,1,Mouse_Thymus2
Mouse_Thymus2,1446,94_55,2,Mouse_Thymus2
Mouse_Thymus2,1447,104_48,2,Mouse_Thymus2
Mouse_Thymus2,1448,73_17,2,Mouse_Thymus2
Mouse_Thymus2,1449,98_42,2,Mouse_Thymus2
Mouse_Thymus2,1450,111_59,2,Mouse_Thymus2
Mouse_Thymus2,1451,30_55,2,Mouse_Thymus2
Mouse_Thymus2,1452,100_58,2,Mouse_Thymus2
Mouse_Thymus2,1453,71_31,6,Mouse_Thymus2
Mouse_Thymus2,1454,60_37,1,Mouse_Thymus2
Mouse_Thymus2,1455,25_52,6,Mouse_Thymus2
Mouse_Thymus2,1456,99_46,2,Mouse_Thymus2
Mouse_Thymus2,1457,87_37,6,Mouse_Thymus2
Mouse_Thymus2,1458,18_42,1,Mouse_Thymus2
Mouse_Thymus2,1459,15_46,1,Mouse_Thymus2
Mouse_Thymus2,1460,36_55,2,Mouse_Thymus2
Mouse_Thymus2,1461,73_16,6,Mouse_Thymus2
Mouse_Thymus2,1462,77_1,2,Mouse_Thymus2
Mouse_Thymus2,1463,91_8,2,Mouse_Thymus2
Mouse_Thymus2,1464,97_37,5,Mouse_Thymus2
Mouse_Thymus2,1465,96_42,5,Mouse_Thymus2
Mouse_Thymus2,1466,74_44,5,Mouse_Thymus2
Mouse_Thymus2,1467,75_27,1,Mouse_Thymus2
Mouse_Thymus2,1468,35_32,6,Mouse_Thymus2
Mouse_Thymus2,1469,29_30,2,Mouse_Thymus2
Mouse_Thymus2,1470,47_29,1,Mouse_Thymus2
Mouse_Thymus2,1471,77_42,1,Mouse_Thymus2
Mouse_Thymus2,1472,107_41,1,Mouse_Thymus2
Mouse_Thymus2,1473,59_40,5,Mouse_Thymus2
Mouse_Thymus2,1474,36_44,1,Mouse_Thymus2
Mouse_Thymus2,1475,4_46,6,Mouse_Thymus2
Mouse_Thymus2,1476,77_43,1,Mouse_Thymus2
Mouse_Thymus2,1477,91_28,2,Mouse_Thymus2
Mouse_Thymus2,1478,48_31,6,Mouse_Thymus2
Mouse_Thymus2,1479,109_27,2,Mouse_Thymus2
Mouse_Thymus2,1480,36_51,2,Mouse_Thymus2
Mouse_Thymus2,1481,78_13,2,Mouse_Thymus2
Mouse_Thymus2,1482,102_20,2,Mouse_Thymus2
Mouse_Thymus2,1483,29_47,1,Mouse_Thymus2
Mouse_Thymus2,1484,108_30,2,Mouse_Thymus2
Mouse_Thymus2,1485,116_59,5,Mouse_Thymus2
Mouse_Thymus2,1486,45_50,2,Mouse_Thymus2
Mouse_Thymus2,1487,108_55,5,Mouse_Thymus2
Mouse_Thymus2,1488,22_36,7,Mouse_Thymus2
Mouse_Thymus2,1489,91_40,5,Mouse_Thymus2
Mouse_Thymus2,1490,82_20,1,Mouse_Thymus2
Mouse_Thymus2,1491,84_53,2,Mouse_Thymus2
Mouse_Thymus2,1492,93_39,5,Mouse_Thymus2
Mouse_Thymus2,1493,102_43,2,Mouse_Thymus2
Mouse_Thymus2,1494,32_41,1,Mouse_Thymus2
Mouse_Thymus2,1495,92_55,2,Mouse_Thymus2
Mouse_Thymus2,1496,110_47,6,Mouse_Thymus2
Mouse_Thymus2,1497,83_22,1,Mouse_Thymus2
Mouse_Thymus2,1498,120_58,6,Mouse_Thymus2
Mouse_Thymus2,1499,108_34,1,Mouse_Thymus2
Mouse_Thymus2,1500,125_66,2,Mouse_Thymus2
Mouse_Thymus2,1501,125_70,2,Mouse_Thymus2
Mouse_Thymus2,1502,6_46,2,Mouse_Thymus2
Mouse_Thymus2,1503,84_18,1,Mouse_Thymus2
Mouse_Thymus2,1504,89_58,5,Mouse_Thymus2
Mouse_Thymus2,1505,96_52,2,Mouse_Thymus2
Mouse_Thymus2,1506,109_44,1,Mouse_Thymus2
Mouse_Thymus2,1507,97_59,2,Mouse_Thymus2
Mouse_Thymus2,1508,78_41,1,Mouse_Thymus2
Mouse_Thymus2,1509,82_12,5,Mouse_Thymus2
Mouse_Thymus2,1510,97_42,2,Mouse_Thymus2
Mouse_Thymus2,1511,77_22,1,Mouse_Thymus2
Mouse_Thymus2,1512,31_29,6,Mouse_Thymus2
Mouse_Thymus2,1513,30_48,1,Mouse_Thymus2
Mouse_Thymus2,1514,40_22,2,Mouse_Thymus2
Mouse_Thymus2,1515,95_57,2,Mouse_Thymus2
Mouse_Thymus2,1516,46_44,1,Mouse_Thymus2
Mouse_Thymus2,1517,99_59,2,Mouse_Thymus2
Mouse_Thymus2,1518,87_6,2,Mouse_Thymus2
Mouse_Thymus2,1519,51_37,1,Mouse_Thymus2
Mouse_Thymus2,1520,102_19,2,Mouse_Thymus2
Mouse_Thymus2,1521,82_51,2,Mouse_Thymus2
Mouse_Thymus2,1522,116_35,5,Mouse_Thymus2
Mouse_Thymus2,1523,96_31,2,Mouse_Thymus2
Mouse_Thymus2,1524,97_5,5,Mouse_Thymus2
Mouse_Thymus2,1525,97_51,2,Mouse_Thymus2
Mouse_Thymus2,1526,102_16,2,Mouse_Thymus2
Mouse_Thymus2,1527,5_44,2,Mouse_Thymus2
Mouse_Thymus2,1528,95_17,2,Mouse_Thymus2
Mouse_Thymus2,1529,46_26,5,Mouse_Thymus2
Mouse_Thymus2,1530,107_40,1,Mouse_Thymus2
Mouse_Thymus2,1531,96_43,2,Mouse_Thymus2
Mouse_Thymus2,1532,20_40,2,Mouse_Thymus2
Mouse_Thymus2,1533,73_42,2,Mouse_Thymus2
Mouse_Thymus2,1534,85_45,6,Mouse_Thymus2
Mouse_Thymus2,1535,109_58,2,Mouse_Thymus2
Mouse_Thymus2,1536,42_37,2,Mouse_Thymus2
Mouse_Thymus2,1537,89_50,5,Mouse_Thymus2
Mouse_Thymus2,1538,12_39,7,Mouse_Thymus2
Mouse_Thymus2,1539,104_47,2,Mouse_Thymus2
Mouse_Thymus2,1540,62_32,1,Mouse_Thymus2
Mouse_Thymus2,1541,78_22,1,Mouse_Thymus2
Mouse_Thymus2,1542,108_53,5,Mouse_Thymus2
Mouse_Thymus2,1543,42_38,6,Mouse_Thymus2
Mouse_Thymus2,1544,89_19,1,Mouse_Thymus2
Mouse_Thymus2,1545,10_44,5,Mouse_Thymus2
Mouse_Thymus2,1546,122_48,2,Mouse_Thymus2
Mouse_Thymus2,1547,67_12,2,Mouse_Thymus2
Mouse_Thymus2,1548,92_52,2,Mouse_Thymus2
Mouse_Thymus2,1549,104_46,5,Mouse_Thymus2
Mouse_Thymus2,1550,84_39,2,Mouse_Thymus2
Mouse_Thymus2,1551,93_32,2,Mouse_Thymus2
Mouse_Thymus2,1552,119_67,2,Mouse_Thymus2
Mouse_Thymus2,1553,50_40,1,Mouse_Thymus2
Mouse_Thymus2,1554,19_44,1,Mouse_Thymus2
Mouse_Thymus2,1555,106_56,2,Mouse_Thymus2
Mouse_Thymus2,1556,77_14,6,Mouse_Thymus2
Mouse_Thymus2,1557,12_44,6,Mouse_Thymus2
Mouse_Thymus2,1558,71_0,7,Mouse_Thymus2
Mouse_Thymus2,1559,55_16,5,Mouse_Thymus2
Mouse_Thymus2,1560,58_28,1,Mouse_Thymus2
Mouse_Thymus2,1561,109_47,6,Mouse_Thymus2
Mouse_Thymus2,1562,16_51,2,Mouse_Thymus2
Mouse_Thymus2,1563,108_47,6,Mouse_Thymus2
Mouse_Thymus2,1564,74_1,2,Mouse_Thymus2
Mouse_Thymus2,1565,107_42,5,Mouse_Thymus2
Mouse_Thymus2,1566,72_44,2,Mouse_Thymus2
Mouse_Thymus2,1567,74_16,5,Mouse_Thymus2
Mouse_Thymus2,1568,6_48,6,Mouse_Thymus2
Mouse_Thymus2,1569,89_12,6,Mouse_Thymus2
Mouse_Thymus2,1570,54_34,1,Mouse_Thymus2
Mouse_Thymus2,1571,100_54,2,Mouse_Thymus2
Mouse_Thymus2,1572,101_31,5,Mouse_Thymus2
Mouse_Thymus2,1573,121_63,6,Mouse_Thymus2
Mouse_Thymus2,1574,86_5,2,Mouse_Thymus2
Mouse_Thymus2,1575,25_48,1,Mouse_Thymus2
Mouse_Thymus2,1576,33_46,1,Mouse_Thymus2
Mouse_Thymus2,1577,72_16,2,Mouse_Thymus2
Mouse_Thymus2,1578,81_4,2,Mouse_Thymus2
Mouse_Thymus2,1579,84_25,2,Mouse_Thymus2
Mouse_Thymus2,1580,69_17,5,Mouse_Thymus2
Mouse_Thymus2,1581,21_54,2,Mouse_Thymus2
Mouse_Thymus2,1582,36_28,6,Mouse_Thymus2
Mouse_Thymus2,1583,47_28,1,Mouse_Thymus2
Mouse_Thymus2,1584,69_30,6,Mouse_Thymus2
Mouse_Thymus2,1585,97_19,6,Mouse_Thymus2
Mouse_Thymus2,1586,32_48,6,Mouse_Thymus2
Mouse_Thymus2,1587,103_39,1,Mouse_Thymus2
Mouse_Thymus2,1588,40_50,2,Mouse_Thymus2
Mouse_Thymus2,1589,52_43,5,Mouse_Thymus2
Mouse_Thymus2,1590,118_61,1,Mouse_Thymus2
Mouse_Thymus2,1591,72_1,2,Mouse_Thymus2
Mouse_Thymus2,1592,113_50,2,Mouse_Thymus2
Mouse_Thymus2,1593,119_42,2,Mouse_Thymus2
Mouse_Thymus2,1594,64_10,2,Mouse_Thymus2
Mouse_Thymus2,1595,98_18,5,Mouse_Thymus2
Mouse_Thymus2,1596,122_49,2,Mouse_Thymus2
Mouse_Thymus2,1597,51_28,1,Mouse_Thymus2
Mouse_Thymus2,1598,70_42,2,Mouse_Thymus2
Mouse_Thymus2,1599,104_49,5,Mouse_Thymus2
Mouse_Thymus2,1600,118_57,1,Mouse_Thymus2
Mouse_Thymus2,1601,4_43,7,Mouse_Thymus2
Mouse_Thymus2,1602,52_28,1,Mouse_Thymus2
Mouse_Thymus2,1603,46_40,1,Mouse_Thymus2
Mouse_Thymus2,1604,109_33,6,Mouse_Thymus2
Mouse_Thymus2,1605,86_53,2,Mouse_Thymus2
Mouse_Thymus2,1606,27_34,5,Mouse_Thymus2
Mouse_Thymus2,1607,53_36,6,Mouse_Thymus2
Mouse_Thymus2,1608,103_43,5,Mouse_Thymus2
Mouse_Thymus2,1609,40_38,6,Mouse_Thymus2
Mouse_Thymus2,1610,71_24,1,Mouse_Thymus2
Mouse_Thymus2,1611,58_37,1,Mouse_Thymus2
Mouse_Thymus2,1612,90_51,2,Mouse_Thymus2
Mouse_Thymus2,1613,94_39,5,Mouse_Thymus2
Mouse_Thymus2,1614,47_44,6,Mouse_Thymus2
Mouse_Thymus2,1615,107_48,2,Mouse_Thymus2
Mouse_Thymus2,1616,40_45,1,Mouse_Thymus2
Mouse_Thymus2,1617,81_43,1,Mouse_Thymus2
Mouse_Thymus2,1618,25_42,2,Mouse_Thymus2
Mouse_Thymus2,1619,104_34,1,Mouse_Thymus2
Mouse_Thymus2,1620,88_55,2,Mouse_Thymus2
Mouse_Thymus2,1621,44_19,2,Mouse_Thymus2
Mouse_Thymus2,1622,42_40,1,Mouse_Thymus2
Mouse_Thymus2,1623,81_8,2,Mouse_Thymus2
Mouse_Thymus2,1624,60_30,1,Mouse_Thymus2
Mouse_Thymus2,1625,60_21,1,Mouse_Thymus2
Mouse_Thymus2,1626,73_23,1,Mouse_Thymus2
Mouse_Thymus2,1627,50_19,2,Mouse_Thymus2
Mouse_Thymus2,1628,70_5,2,Mouse_Thymus2
Mouse_Thymus2,1629,84_23,1,Mouse_Thymus2
Mouse_Thymus2,1630,102_24,1,Mouse_Thymus2
Mouse_Thymus2,1631,100_47,2,Mouse_Thymus2
Mouse_Thymus2,1632,26_50,6,Mouse_Thymus2
Mouse_Thymus2,1633,43_35,6,Mouse_Thymus2
Mouse_Thymus2,1634,103_44,5,Mouse_Thymus2
Mouse_Thymus2,1635,103_56,2,Mouse_Thymus2
Mouse_Thymus2,1636,122_67,6,Mouse_Thymus2
Mouse_Thymus2,1637,114_40,5,Mouse_Thymus2
Mouse_Thymus2,1638,79_8,5,Mouse_Thymus2
Mouse_Thymus2,1639,109_31,2,Mouse_Thymus2
Mouse_Thymus2,1640,74_40,1,Mouse_Thymus2
Mouse_Thymus2,1641,89_13,6,Mouse_Thymus2
Mouse_Thymus2,1642,14_51,2,Mouse_Thymus2
Mouse_Thymus2,1643,40_32,6,Mouse_Thymus2
Mouse_Thymus2,1644,78_24,1,Mouse_Thymus2
Mouse_Thymus2,1645,15_45,1,Mouse_Thymus2
Mouse_Thymus2,1646,87_10,2,Mouse_Thymus2
Mouse_Thymus2,1647,112_59,2,Mouse_Thymus2
Mouse_Thymus2,1648,82_2,2,Mouse_Thymus2
Mouse_Thymus2,1649,86_4,2,Mouse_Thymus2
Mouse_Thymus2,1650,52_44,6,Mouse_Thymus2
Mouse_Thymus2,1651,88_22,1,Mouse_Thymus2
Mouse_Thymus2,1652,100_38,1,Mouse_Thymus2
Mouse_Thymus2,1653,64_34,1,Mouse_Thymus2
Mouse_Thymus2,1654,91_55,2,Mouse_Thymus2
Mouse_Thymus2,1655,92_44,2,Mouse_Thymus2
Mouse_Thymus2,1656,67_21,6,Mouse_Thymus2
Mouse_Thymus2,1657,67_41,2,Mouse_Thymus2
Mouse_Thymus2,1658,62_23,1,Mouse_Thymus2
Mouse_Thymus2,1659,61_39,2,Mouse_Thymus2
Mouse_Thymus2,1660,30_45,1,Mouse_Thymus2
Mouse_Thymus2,1661,94_14,5,Mouse_Thymus2
Mouse_Thymus2,1662,98_10,1,Mouse_Thymus2
Mouse_Thymus2,1663,86_10,5,Mouse_Thymus2
Mouse_Thymus2,1664,88_28,6,Mouse_Thymus2
Mouse_Thymus2,1665,106_29,2,Mouse_Thymus2
Mouse_Thymus2,1666,78_15,6,Mouse_Thymus2
Mouse_Thymus2,1667,87_53,2,Mouse_Thymus2
Mouse_Thymus2,1668,121_46,2,Mouse_Thymus2
Mouse_Thymus2,1669,66_11,2,Mouse_Thymus2
Mouse_Thymus2,1670,66_29,6,Mouse_Thymus2
Mouse_Thymus2,1671,37_38,5,Mouse_Thymus2
Mouse_Thymus2,1672,35_46,1,Mouse_Thymus2
Mouse_Thymus2,1673,50_17,5,Mouse_Thymus2
Mouse_Thymus2,1674,120_55,1,Mouse_Thymus2
Mouse_Thymus2,1675,26_53,5,Mouse_Thymus2
Mouse_Thymus2,1676,26_40,2,Mouse_Thymus2
Mouse_Thymus2,1677,26_44,1,Mouse_Thymus2
Mouse_Thymus2,1678,61_23,1,Mouse_Thymus2
Mouse_Thymus2,1679,80_5,2,Mouse_Thymus2
Mouse_Thymus2,1680,88_52,5,Mouse_Thymus2
Mouse_Thymus2,1681,96_7,5,Mouse_Thymus2
Mouse_Thymus2,1682,72_42,2,Mouse_Thymus2
Mouse_Thymus2,1683,115_67,7,Mouse_Thymus2
Mouse_Thymus2,1684,84_45,6,Mouse_Thymus2
Mouse_Thymus2,1685,117_59,1,Mouse_Thymus2
Mouse_Thymus2,1686,42_46,1,Mouse_Thymus2
Mouse_Thymus2,1687,101_36,1,Mouse_Thymus2
Mouse_Thymus2,1688,121_65,6,Mouse_Thymus2
Mouse_Thymus2,1689,80_2,5,Mouse_Thymus2
Mouse_Thymus2,1690,83_11,6,Mouse_Thymus2
Mouse_Thymus2,1691,94_59,2,Mouse_Thymus2
Mouse_Thymus2,1692,44_41,1,Mouse_Thymus2
Mouse_Thymus2,1693,100_20,6,Mouse_Thymus2
Mouse_Thymus2,1694,89_27,2,Mouse_Thymus2
Mouse_Thymus2,1695,115_62,2,Mouse_Thymus2
Mouse_Thymus2,1696,70_28,6,Mouse_Thymus2
Mouse_Thymus2,1697,102_15,2,Mouse_Thymus2
Mouse_Thymus2,1698,83_23,1,Mouse_Thymus2
Mouse_Thymus2,1699,71_10,5,Mouse_Thymus2
Mouse_Thymus2,1700,87_3,2,Mouse_Thymus2
Mouse_Thymus2,1701,68_27,1,Mouse_Thymus2
Mouse_Thymus2,1702,96_15,2,Mouse_Thymus2
Mouse_Thymus2,1703,74_15,2,Mouse_Thymus2
Mouse_Thymus2,1704,35_35,2,Mouse_Thymus2
Mouse_Thymus2,1705,76_44,2,Mouse_Thymus2
Mouse_Thymus2,1706,65_8,2,Mouse_Thymus2
Mouse_Thymus2,1707,97_32,1,Mouse_Thymus2
Mouse_Thymus2,1708,98_60,2,Mouse_Thymus2
Mouse_Thymus2,1709,31_50,2,Mouse_Thymus2
Mouse_Thymus2,1710,109_49,2,Mouse_Thymus2
Mouse_Thymus2,1711,58_34,1,Mouse_Thymus2
Mouse_Thymus2,1712,44_33,6,Mouse_Thymus2
Mouse_Thymus2,1713,102_50,5,Mouse_Thymus2
Mouse_Thymus2,1714,81_39,1,Mouse_Thymus2
Mouse_Thymus2,1715,27_48,1,Mouse_Thymus2
Mouse_Thymus2,1716,43_37,2,Mouse_Thymus2
Mouse_Thymus2,1717,100_33,6,Mouse_Thymus2
Mouse_Thymus2,1718,108_42,1,Mouse_Thymus2
Mouse_Thymus2,1719,119_63,2,Mouse_Thymus2
Mouse_Thymus2,1720,117_66,5,Mouse_Thymus2
Mouse_Thymus2,1721,53_44,2,Mouse_Thymus2
Mouse_Thymus2,1722,33_32,5,Mouse_Thymus2
Mouse_Thymus2,1723,70_11,2,Mouse_Thymus2
Mouse_Thymus2,1724,110_59,5,Mouse_Thymus2
Mouse_Thymus2,1725,110_54,2,Mouse_Thymus2
Mouse_Thymus2,1726,121_59,1,Mouse_Thymus2
Mouse_Thymus2,1727,93_37,2,Mouse_Thymus2
Mouse_Thymus2,1728,120_46,6,Mouse_Thymus2
Mouse_Thymus2,1729,102_44,5,Mouse_Thymus2
Mouse_Thymus2,1730,78_42,1,Mouse_Thymus2
Mouse_Thymus2,1731,79_1,5,Mouse_Thymus2
Mouse_Thymus2,1732,78_21,1,Mouse_Thymus2
Mouse_Thymus2,1733,114_61,2,Mouse_Thymus2
Mouse_Thymus2,1734,95_52,2,Mouse_Thymus2
Mouse_Thymus2,1735,45_40,1,Mouse_Thymus2
Mouse_Thymus2,1736,75_0,2,Mouse_Thymus2
Mouse_Thymus2,1737,89_34,6,Mouse_Thymus2
Mouse_Thymus2,1738,65_35,1,Mouse_Thymus2
Mouse_Thymus2,1739,49_39,1,Mouse_Thymus2
Mouse_Thymus2,1740,40_41,1,Mouse_Thymus2
Mouse_Thymus2,1741,72_22,1,Mouse_Thymus2
Mouse_Thymus2,1742,113_43,1,Mouse_Thymus2
Mouse_Thymus2,1743,24_40,2,Mouse_Thymus2
Mouse_Thymus2,1744,98_37,1,Mouse_Thymus2
Mouse_Thymus2,1745,89_17,1,Mouse_Thymus2
Mouse_Thymus2,1746,125_60,5,Mouse_Thymus2
Mouse_Thymus2,1747,56_32,1,Mouse_Thymus2
Mouse_Thymus2,1748,112_33,2,Mouse_Thymus2
Mouse_Thymus2,1749,92_12,2,Mouse_Thymus2
Mouse_Thymus2,1750,78_45,2,Mouse_Thymus2
Mouse_Thymus2,1751,93_41,5,Mouse_Thymus2
Mouse_Thymus2,1752,82_3,2,Mouse_Thymus2
Mouse_Thymus2,1753,28_50,6,Mouse_Thymus2
Mouse_Thymus2,1754,104_26,2,Mouse_Thymus2
Mouse_Thymus2,1755,87_13,6,Mouse_Thymus2
Mouse_Thymus2,1756,97_61,5,Mouse_Thymus2
Mouse_Thymus2,1757,89_29,2,Mouse_Thymus2
Mouse_Thymus2,1758,88_3,7,Mouse_Thymus2
Mouse_Thymus2,1759,85_24,6,Mouse_Thymus2
Mouse_Thymus2,1760,61_37,1,Mouse_Thymus2
Mouse_Thymus2,1761,75_21,5,Mouse_Thymus2
Mouse_Thymus2,1762,30_47,1,Mouse_Thymus2
Mouse_Thymus2,1763,53_42,2,Mouse_Thymus2
Mouse_Thymus2,1764,75_3,2,Mouse_Thymus2
Mouse_Thymus2,1765,52_15,5,Mouse_Thymus2
Mouse_Thymus2,1766,13_47,5,Mouse_Thymus2
Mouse_Thymus2,1767,43_23,2,Mouse_Thymus2
Mouse_Thymus2,1768,77_25,1,Mouse_Thymus2
Mouse_Thymus2,1769,79_24,1,Mouse_Thymus2
Mouse_Thymus2,1770,64_39,2,Mouse_Thymus2
Mouse_Thymus2,1771,102_23,6,Mouse_Thymus2
Mouse_Thymus2,1772,84_55,5,Mouse_Thymus2
Mouse_Thymus2,1773,71_4,5,Mouse_Thymus2
Mouse_Thymus2,1774,97_13,5,Mouse_Thymus2
Mouse_Thymus2,1775,51_30,2,Mouse_Thymus2
Mouse_Thymus2,1776,104_53,2,Mouse_Thymus2
Mouse_Thymus2,1777,114_60,5,Mouse_Thymus2
Mouse_Thymus2,1778,67_15,5,Mouse_Thymus2
Mouse_Thymus2,1779,83_31,2,Mouse_Thymus2
Mouse_Thymus2,1780,75_42,2,Mouse_Thymus2
Mouse_Thymus2,1781,91_56,2,Mouse_Thymus2
Mouse_Thymus2,1782,33_52,2,Mouse_Thymus2
Mouse_Thymus2,1783,96_21,1,Mouse_Thymus2
Mouse_Thymus2,1784,73_29,6,Mouse_Thymus2
Mouse_Thymus2,1785,91_51,6,Mouse_Thymus2
Mouse_Thymus2,1786,23_56,7,Mouse_Thymus2
Mouse_Thymus2,1787,107_37,1,Mouse_Thymus2
Mouse_Thymus2,1788,87_23,1,Mouse_Thymus2
Mouse_Thymus2,1789,57_15,2,Mouse_Thymus2
Mouse_Thymus2,1790,88_7,5,Mouse_Thymus2
Mouse_Thymus2,1791,69_39,6,Mouse_Thymus2
Mouse_Thymus2,1792,63_13,2,Mouse_Thymus2
Mouse_Thymus2,1793,94_57,2,Mouse_Thymus2
Mouse_Thymus2,1794,45_49,2,Mouse_Thymus2
Mouse_Thymus2,1795,74_6,2,Mouse_Thymus2
Mouse_Thymus2,1796,78_31,1,Mouse_Thymus2
Mouse_Thymus2,1797,52_19,2,Mouse_Thymus2
Mouse_Thymus2,1798,69_21,6,Mouse_Thymus2
Mouse_Thymus2,1799,78_9,5,Mouse_Thymus2
Mouse_Thymus2,1800,97_29,2,Mouse_Thymus2
Mouse_Thymus2,1801,20_41,2,Mouse_Thymus2
Mouse_Thymus2,1802,86_31,2,Mouse_Thymus2
Mouse_Thymus2,1803,101_55,2,Mouse_Thymus2
Mouse_Thymus2,1804,87_25,2,Mouse_Thymus2
Mouse_Thymus2,1805,62_25,1,Mouse_Thymus2
Mouse_Thymus2,1806,43_24,2,Mouse_Thymus2
Mouse_Thymus2,1807,69_4,2,Mouse_Thymus2
Mouse_Thymus2,1808,83_21,1,Mouse_Thymus2
Mouse_Thymus2,1809,120_48,5,Mouse_Thymus2
Mouse_Thymus2,1810,23_37,2,Mouse_Thymus2
Mouse_Thymus2,1811,97_44,2,Mouse_Thymus2
Mouse_Thymus2,1812,35_37,2,Mouse_Thymus2
Mouse_Thymus2,1813,75_20,5,Mouse_Thymus2
Mouse_Thymus2,1814,113_35,2,Mouse_Thymus2
Mouse_Thymus2,1815,53_21,5,Mouse_Thymus2
Mouse_Thymus2,1816,92_37,2,Mouse_Thymus2
Mouse_Thymus2,1817,92_40,2,Mouse_Thymus2
Mouse_Thymus2,1818,71_35,1,Mouse_Thymus2
Mouse_Thymus2,1819,83_51,2,Mouse_Thymus2
Mouse_Thymus2,1820,54_29,6,Mouse_Thymus2
Mouse_Thymus2,1821,61_13,2,Mouse_Thymus2
Mouse_Thymus2,1822,70_26,1,Mouse_Thymus2
Mouse_Thymus2,1823,34_54,2,Mouse_Thymus2
Mouse_Thymus2,1824,73_36,1,Mouse_Thymus2
Mouse_Thymus2,1825,80_11,2,Mouse_Thymus2
Mouse_Thymus2,1826,92_29,2,Mouse_Thymus2
Mouse_Thymus2,1827,109_37,1,Mouse_Thymus2
Mouse_Thymus2,1828,76_4,2,Mouse_Thymus2
Mouse_Thymus2,1829,94_11,2,Mouse_Thymus2
Mouse_Thymus2,1830,102_47,2,Mouse_Thymus2
Mouse_Thymus2,1831,92_6,2,Mouse_Thymus2
Mouse_Thymus2,1832,43_22,2,Mouse_Thymus2
Mouse_Thymus2,1833,73_9,5,Mouse_Thymus2
Mouse_Thymus2,1834,28_48,1,Mouse_Thymus2
Mouse_Thymus2,1835,119_64,2,Mouse_Thymus2
Mouse_Thymus2,1836,29_43,1,Mouse_Thymus2
Mouse_Thymus2,1837,121_47,2,Mouse_Thymus2
Mouse_Thymus2,1838,84_43,2,Mouse_Thymus2
Mouse_Thymus2,1839,94_61,7,Mouse_Thymus2
Mouse_Thymus2,1840,87_54,2,Mouse_Thymus2
Mouse_Thymus2,1841,76_14,2,Mouse_Thymus2
Mouse_Thymus2,1842,39_28,1,Mouse_Thymus2
Mouse_Thymus2,1843,16_38,6,Mouse_Thymus2
Mouse_Thymus2,1844,97_15,2,Mouse_Thymus2
Mouse_Thymus2,1845,17_54,5,Mouse_Thymus2
Mouse_Thymus2,1846,22_41,2,Mouse_Thymus2
Mouse_Thymus2,1847,91_18,1,Mouse_Thymus2
Mouse_Thymus2,1848,78_1,2,Mouse_Thymus2
Mouse_Thymus2,1849,84_54,2,Mouse_Thymus2
Mouse_Thymus2,1850,37_42,1,Mouse_Thymus2
Mouse_Thymus2,1851,91_41,5,Mouse_Thymus2
Mouse_Thymus2,1852,64_31,1,Mouse_Thymus2
Mouse_Thymus2,1853,77_40,1,Mouse_Thymus2
Mouse_Thymus2,1854,83_16,1,Mouse_Thymus2
Mouse_Thymus2,1855,7_49,7,Mouse_Thymus2
Mouse_Thymus2,1856,72_21,1,Mouse_Thymus2
Mouse_Thymus2,1857,96_23,1,Mouse_Thymus2
Mouse_Thymus2,1858,46_47,2,Mouse_Thymus2
Mouse_Thymus2,1859,73_39,1,Mouse_Thymus2
Mouse_Thymus2,1860,79_37,1,Mouse_Thymus2
Mouse_Thymus2,1861,118_53,1,Mouse_Thymus2
Mouse_Thymus2,1862,96_11,5,Mouse_Thymus2
Mouse_Thymus2,1863,48_37,1,Mouse_Thymus2
Mouse_Thymus2,1864,52_26,1,Mouse_Thymus2
Mouse_Thymus2,1865,80_30,1,Mouse_Thymus2
Mouse_Thymus2,1866,64_15,5,Mouse_Thymus2
Mouse_Thymus2,1867,48_46,2,Mouse_Thymus2
Mouse_Thymus2,1868,61_33,1,Mouse_Thymus2
Mouse_Thymus2,1869,9_43,2,Mouse_Thymus2
Mouse_Thymus2,1870,99_55,2,Mouse_Thymus2
Mouse_Thymus2,1871,22_51,2,Mouse_Thymus2
Mouse_Thymus2,1872,87_28,5,Mouse_Thymus2
Mouse_Thymus2,1873,48_42,1,Mouse_Thymus2
Mouse_Thymus2,1874,68_31,6,Mouse_Thymus2
Mouse_Thymus2,1875,67_16,5,Mouse_Thymus2
Mouse_Thymus2,1876,47_40,1,Mouse_Thymus2
Mouse_Thymus2,1877,60_11,7,Mouse_Thymus2
Mouse_Thymus2,1878,78_28,1,Mouse_Thymus2
Mouse_Thymus2,1879,77_23,1,Mouse_Thymus2
Mouse_Thymus2,1880,113_59,2,Mouse_Thymus2
Mouse_Thymus2,1881,35_53,2,Mouse_Thymus2
Mouse_Thymus2,1882,52_34,6,Mouse_Thymus2
Mouse_Thymus2,1883,28_53,2,Mouse_Thymus2
Mouse_Thymus2,1884,39_31,6,Mouse_Thymus2
Mouse_Thymus2,1885,51_41,1,Mouse_Thymus2
Mouse_Thymus2,1886,93_25,1,Mouse_Thymus2
Mouse_Thymus2,1887,14_41,6,Mouse_Thymus2
Mouse_Thymus2,1888,96_22,1,Mouse_Thymus2
Mouse_Thymus2,1889,40_24,6,Mouse_Thymus2
Mouse_Thymus2,1890,24_44,1,Mouse_Thymus2
Mouse_Thymus2,1891,83_28,1,Mouse_Thymus2
Mouse_Thymus2,1892,116_48,1,Mouse_Thymus2
Mouse_Thymus2,1893,91_11,6,Mouse_Thymus2
Mouse_Thymus2,1894,89_38,5,Mouse_Thymus2
Mouse_Thymus2,1895,72_35,1,Mouse_Thymus2
Mouse_Thymus2,1896,98_22,1,Mouse_Thymus2
Mouse_Thymus2,1897,79_46,2,Mouse_Thymus2
Mouse_Thymus2,1898,31_35,2,Mouse_Thymus2
Mouse_Thymus2,1899,99_53,2,Mouse_Thymus2
Mouse_Thymus2,1900,52_35,6,Mouse_Thymus2
Mouse_Thymus2,1901,26_56,2,Mouse_Thymus2
Mouse_Thymus2,1902,120_47,2,Mouse_Thymus2
Mouse_Thymus2,1903,59_13,2,Mouse_Thymus2
Mouse_Thymus2,1904,81_45,5,Mouse_Thymus2
Mouse_Thymus2,1905,72_13,5,Mouse_Thymus2
Mouse_Thymus2,1906,52_29,6,Mouse_Thymus2
Mouse_Thymus2,1907,81_37,6,Mouse_Thymus2
Mouse_Thymus2,1908,91_31,6,Mouse_Thymus2
Mouse_Thymus2,1909,87_49,5,Mouse_Thymus2
Mouse_Thymus2,1910,80_15,6,Mouse_Thymus2
Mouse_Thymus2,1911,97_21,1,Mouse_Thymus2
Mouse_Thymus2,1912,73_26,1,Mouse_Thymus2
Mouse_Thymus2,1913,31_44,1,Mouse_Thymus2
Mouse_Thymus2,1914,85_36,2,Mouse_Thymus2
Mouse_Thymus2,1915,85_2,2,Mouse_Thymus2
Mouse_Thymus2,1916,52_32,6,Mouse_Thymus2
Mouse_Thymus2,1917,14_48,2,Mouse_Thymus2
Mouse_Thymus2,1918,104_31,1,Mouse_Thymus2
Mouse_Thymus2,1919,87_43,2,Mouse_Thymus2
Mouse_Thymus2,1920,29_37,5,Mouse_Thymus2
Mouse_Thymus2,1921,74_36,1,Mouse_Thymus2
Mouse_Thymus2,1922,109_40,1,Mouse_Thymus2
Mouse_Thymus2,1923,27_41,5,Mouse_Thymus2
Mouse_Thymus2,1924,76_13,2,Mouse_Thymus2
Mouse_Thymus2,1925,112_41,1,Mouse_Thymus2
Mouse_Thymus2,1926,116_55,5,Mouse_Thymus2
Mouse_Thymus2,1927,66_30,2,Mouse_Thymus2
Mouse_Thymus2,1928,122_46,2,Mouse_Thymus2
Mouse_Thymus2,1929,84_26,6,Mouse_Thymus2
Mouse_Thymus2,1930,87_31,2,Mouse_Thymus2
Mouse_Thymus2,1931,60_31,1,Mouse_Thymus2
Mouse_Thymus2,1932,40_40,1,Mouse_Thymus2
Mouse_Thymus2,1933,45_20,2,Mouse_Thymus2
Mouse_Thymus2,1934,63_38,6,Mouse_Thymus2
Mouse_Thymus2,1935,98_8,2,Mouse_Thymus2
Mouse_Thymus2,1936,84_9,2,Mouse_Thymus2
Mouse_Thymus2,1937,80_16,5,Mouse_Thymus2
Mouse_Thymus2,1938,49_34,6,Mouse_Thymus2
Mouse_Thymus2,1939,80_14,5,Mouse_Thymus2
Mouse_Thymus2,1940,107_57,2,Mouse_Thymus2
Mouse_Thymus2,1941,89_7,2,Mouse_Thymus2
Mouse_Thymus2,1942,80_1,5,Mouse_Thymus2
Mouse_Thymus2,1943,24_52,2,Mouse_Thymus2
Mouse_Thymus2,1944,109_36,1,Mouse_Thymus2
Mouse_Thymus2,1945,100_45,2,Mouse_Thymus2
Mouse_Thymus2,1946,87_48,2,Mouse_Thymus2
Mouse_Thymus2,1947,105_34,1,Mouse_Thymus2
Mouse_Thymus2,1948,110_51,2,Mouse_Thymus2
Mouse_Thymus2,1949,63_12,2,Mouse_Thymus2
Mouse_Thymus2,1950,84_5,2,Mouse_Thymus2
Mouse_Thymus2,1951,36_45,1,Mouse_Thymus2
Mouse_Thymus2,1952,71_13,5,Mouse_Thymus2
Mouse_Thymus2,1953,49_33,6,Mouse_Thymus2
Mouse_Thymus2,1954,98_56,2,Mouse_Thymus2
Mouse_Thymus2,1955,95_19,6,Mouse_Thymus2
Mouse_Thymus2,1956,40_46,6,Mouse_Thymus2
Mouse_Thymus2,1957,34_45,1,Mouse_Thymus2
Mouse_Thymus2,1958,81_28,6,Mouse_Thymus2
Mouse_Thymus2,1959,103_59,7,Mouse_Thymus2
Mouse_Thymus2,1960,97_60,2,Mouse_Thymus2
Mouse_Thymus2,1961,84_27,1,Mouse_Thymus2
Mouse_Thymus2,1962,114_66,7,Mouse_Thymus2
Mouse_Thymus2,1963,11_42,2,Mouse_Thymus2
Mouse_Thymus2,1964,66_39,2,Mouse_Thymus2
Mouse_Thymus2,1965,81_12,2,Mouse_Thymus2
Mouse_Thymus2,1966,33_29,6,Mouse_Thymus2
Mouse_Thymus2,1967,103_45,5,Mouse_Thymus2
Mouse_Thymus2,1968,82_44,6,Mouse_Thymus2
Mouse_Thymus2,1969,83_3,5,Mouse_Thymus2
Mouse_Thymus2,1970,69_10,5,Mouse_Thymus2
Mouse_Thymus2,1971,90_37,2,Mouse_Thymus2
Mouse_Thymus2,1972,123_55,5,Mouse_Thymus2
Mouse_Thymus2,1973,42_20,2,Mouse_Thymus2
Mouse_Thymus2,1974,27_37,2,Mouse_Thymus2
Mouse_Thymus2,1975,88_40,2,Mouse_Thymus2
Mouse_Thymus2,1976,48_48,2,Mouse_Thymus2
Mouse_Thymus2,1977,117_62,5,Mouse_Thymus2
Mouse_Thymus2,1978,118_51,1,Mouse_Thymus2
Mouse_Thymus2,1979,38_45,1,Mouse_Thymus2
Mouse_Thymus2,1980,51_24,2,Mouse_Thymus2
Mouse_Thymus2,1981,47_48,6,Mouse_Thymus2
Mouse_Thymus2,1982,34_31,6,Mouse_Thymus2
Mouse_Thymus2,1983,40_25,2,Mouse_Thymus2
Mouse_Thymus2,1984,9_40,7,Mouse_Thymus2
Mouse_Thymus2,1985,75_31,1,Mouse_Thymus2
Mouse_Thymus2,1986,87_11,5,Mouse_Thymus2
Mouse_Thymus2,1987,13_49,2,Mouse_Thymus2
Mouse_Thymus2,1988,71_1,2,Mouse_Thymus2
Mouse_Thymus2,1989,19_37,5,Mouse_Thymus2
Mouse_Thymus2,1990,59_31,1,Mouse_Thymus2
Mouse_Thymus2,1991,81_20,1,Mouse_Thymus2
Mouse_Thymus2,1992,106_32,1,Mouse_Thymus2
Mouse_Thymus2,1993,115_35,2,Mouse_Thymus2
Mouse_Thymus2,1994,72_5,2,Mouse_Thymus2
Mouse_Thymus2,1995,98_43,2,Mouse_Thymus2
Mouse_Thymus2,1996,80_7,2,Mouse_Thymus2
Mouse_Thymus2,1997,11_44,2,Mouse_Thymus2
Mouse_Thymus2,1998,53_28,6,Mouse_Thymus2
Mouse_Thymus2,1999,91_34,5,Mouse_Thymus2
Mouse_Thymus2,2000,18_51,2,Mouse_Thymus2
Mouse_Thymus2,2001,79_51,2,Mouse_Thymus2
Mouse_Thymus2,2002,98_30,2,Mouse_Thymus2
Mouse_Thymus2,2003,86_46,5,Mouse_Thymus2
Mouse_Thymus2,2004,47_20,2,Mouse_Thymus2
Mouse_Thymus2,2005,61_24,1,Mouse_Thymus2
Mouse_Thymus2,2006,78_26,6,Mouse_Thymus2
Mouse_Thymus2,2007,120_49,2,Mouse_Thymus2
Mouse_Thymus2,2008,42_51,2,Mouse_Thymus2
Mouse_Thymus2,2009,63_19,2,Mouse_Thymus2
Mouse_Thymus2,2010,107_32,2,Mouse_Thymus2
Mouse_Thymus2,2011,44_37,6,Mouse_Thymus2
Mouse_Thymus2,2012,68_13,5,Mouse_Thymus2
Mouse_Thymus2,2013,0_46,7,Mouse_Thymus2
Mouse_Thymus2,2014,95_51,2,Mouse_Thymus2
Mouse_Thymus2,2015,72_39,1,Mouse_Thymus2
Mouse_Thymus2,2016,122_63,2,Mouse_Thymus2
Mouse_Thymus2,2017,105_45,2,Mouse_Thymus2
Mouse_Thymus2,2018,20_44,1,Mouse_Thymus2
Mouse_Thymus2,2019,41_42,1,Mouse_Thymus2
Mouse_Thymus2,2020,124_57,2,Mouse_Thymus2
Mouse_Thymus2,2021,109_34,2,Mouse_Thymus2
Mouse_Thymus2,2022,81_3,2,Mouse_Thymus2
Mouse_Thymus2,2023,89_21,1,Mouse_Thymus2
Mouse_Thymus2,2024,84_33,5,Mouse_Thymus2
Mouse_Thymus2,2025,104_24,2,Mouse_Thymus2
Mouse_Thymus2,2026,83_13,2,Mouse_Thymus2
Mouse_Thymus2,2027,22_37,2,Mouse_Thymus2
Mouse_Thymus2,2028,51_36,6,Mouse_Thymus2
Mouse_Thymus2,2029,107_35,1,Mouse_Thymus2
Mouse_Thymus2,2030,72_14,5,Mouse_Thymus2
Mouse_Thymus2,2031,87_14,1,Mouse_Thymus2
Mouse_Thymus2,2032,106_43,5,Mouse_Thymus2
Mouse_Thymus2,2033,38_44,1,Mouse_Thymus2
Mouse_Thymus2,2034,123_70,2,Mouse_Thymus2
Mouse_Thymus2,2035,110_52,2,Mouse_Thymus2
Mouse_Thymus2,2036,19_53,2,Mouse_Thymus2
Mouse_Thymus2,2037,48_38,1,Mouse_Thymus2
Mouse_Thymus2,2038,77_19,1,Mouse_Thymus2
Mouse_Thymus2,2039,93_20,6,Mouse_Thymus2
Mouse_Thymus2,2040,84_36,6,Mouse_Thymus2
Mouse_Thymus2,2041,92_25,1,Mouse_Thymus2
Mouse_Thymus2,2042,124_63,2,Mouse_Thymus2
Mouse_Thymus2,2043,70_30,2,Mouse_Thymus2
Mouse_Thymus2,2044,32_52,2,Mouse_Thymus2
Mouse_Thymus2,2045,89_6,2,Mouse_Thymus2
Mouse_Thymus2,2046,105_38,1,Mouse_Thymus2
Mouse_Thymus2,2047,77_44,5,Mouse_Thymus2
Mouse_Thymus2,2048,3_45,5,Mouse_Thymus2
Mouse_Thymus2,2049,32_55,2,Mouse_Thymus2
Mouse_Thymus2,2050,108_31,2,Mouse_Thymus2
Mouse_Thymus2,2051,94_17,5,Mouse_Thymus2
Mouse_Thymus2,2052,121_56,1,Mouse_Thymus2
Mouse_Thymus2,2053,89_45,2,Mouse_Thymus2
Mouse_Thymus2,2054,22_40,2,Mouse_Thymus2
Mouse_Thymus2,2055,96_29,5,Mouse_Thymus2
Mouse_Thymus2,2056,43_30,1,Mouse_Thymus2
Mouse_Thymus2,2057,19_54,5,Mouse_Thymus2
Mouse_Thymus2,2058,98_52,2,Mouse_Thymus2
Mouse_Thymus2,2059,80_10,2,Mouse_Thymus2
Mouse_Thymus2,2060,58_20,5,Mouse_Thymus2
Mouse_Thymus2,2061,32_28,2,Mouse_Thymus2
Mouse_Thymus2,2062,65_32,1,Mouse_Thymus2
Mouse_Thymus2,2063,102_37,6,Mouse_Thymus2
Mouse_Thymus2,2064,114_43,1,Mouse_Thymus2
Mouse_Thymus2,2065,40_27,2,Mouse_Thymus2
Mouse_Thymus2,2066,95_47,2,Mouse_Thymus2
Mouse_Thymus2,2067,110_29,2,Mouse_Thymus2
Mouse_Thymus2,2068,110_56,5,Mouse_Thymus2
Mouse_Thymus2,2069,84_48,5,Mouse_Thymus2
Mouse_Thymus2,2070,100_11,2,Mouse_Thymus2
Mouse_Thymus2,2071,60_39,2,Mouse_Thymus2
Mouse_Thymus2,2072,38_46,1,Mouse_Thymus2
Mouse_Thymus2,2073,39_44,1,Mouse_Thymus2
Mouse_Thymus2,2074,112_63,7,Mouse_Thymus2
Mouse_Thymus2,2075,112_51,2,Mouse_Thymus2
Mouse_Thymus2,2076,107_23,5,Mouse_Thymus2
Mouse_Thymus2,2077,75_4,2,Mouse_Thymus2
Mouse_Thymus2,2078,41_27,6,Mouse_Thymus2
Mouse_Thymus2,2079,34_43,1,Mouse_Thymus2
Mouse_Thymus2,2080,29_36,2,Mouse_Thymus2
Mouse_Thymus2,2081,97_12,2,Mouse_Thymus2
Mouse_Thymus2,2082,88_15,1,Mouse_Thymus2
Mouse_Thymus2,2083,87_41,2,Mouse_Thymus2
Mouse_Thymus2,2084,48_20,2,Mouse_Thymus2
Mouse_Thymus2,2085,58_12,2,Mouse_Thymus2
Mouse_Thymus2,2086,97_27,1,Mouse_Thymus2
Mouse_Thymus2,2087,79_10,2,Mouse_Thymus2
Mouse_Thymus2,2088,106_42,1,Mouse_Thymus2
Mouse_Thymus2,2089,69_9,7,Mouse_Thymus2
Mouse_Thymus2,2090,70_18,5,Mouse_Thymus2
Mouse_Thymus2,2091,89_31,5,Mouse_Thymus2
Mouse_Thymus2,2092,117_42,6,Mouse_Thymus2
Mouse_Thymus2,2093,73_19,2,Mouse_Thymus2
Mouse_Thymus2,2094,89_56,2,Mouse_Thymus2
Mouse_Thymus2,2095,95_22,1,Mouse_Thymus2
Mouse_Thymus2,2096,88_30,2,Mouse_Thymus2
Mouse_Thymus2,2097,79_16,5,Mouse_Thymus2
Mouse_Thymus2,2098,50_33,1,Mouse_Thymus2
Mouse_Thymus2,2099,112_32,2,Mouse_Thymus2
Mouse_Thymus2,2100,19_42,5,Mouse_Thymus2
Mouse_Thymus2,2101,20_54,5,Mouse_Thymus2
Mouse_Thymus2,2102,84_12,2,Mouse_Thymus2
Mouse_Thymus2,2103,105_46,2,Mouse_Thymus2
Mouse_Thymus2,2104,99_25,1,Mouse_Thymus2
Mouse_Thymus2,2105,59_23,1,Mouse_Thymus2
Mouse_Thymus2,2106,45_43,1,Mouse_Thymus2
Mouse_Thymus2,2107,114_35,2,Mouse_Thymus2
Mouse_Thymus2,2108,83_47,5,Mouse_Thymus2
Mouse_Thymus2,2109,123_56,2,Mouse_Thymus2
Mouse_Thymus2,2110,94_33,2,Mouse_Thymus2
Mouse_Thymus2,2111,93_18,6,Mouse_Thymus2
Mouse_Thymus2,2112,34_55,2,Mouse_Thymus2
Mouse_Thymus2,2113,102_28,1,Mouse_Thymus2
Mouse_Thymus2,2114,61_35,1,Mouse_Thymus2
Mouse_Thymus2,2115,95_8,2,Mouse_Thymus2
Mouse_Thymus2,2116,34_47,1,Mouse_Thymus2
Mouse_Thymus2,2117,38_28,5,Mouse_Thymus2
Mouse_Thymus2,2118,106_35,1,Mouse_Thymus2
Mouse_Thymus2,2119,42_36,2,Mouse_Thymus2
Mouse_Thymus2,2120,57_13,2,Mouse_Thymus2
Mouse_Thymus2,2121,49_40,1,Mouse_Thymus2
Mouse_Thymus2,2122,68_12,6,Mouse_Thymus2
Mouse_Thymus2,2123,27_51,1,Mouse_Thymus2
Mouse_Thymus2,2124,114_52,2,Mouse_Thymus2
Mouse_Thymus2,2125,15_42,5,Mouse_Thymus2
Mouse_Thymus2,2126,39_41,1,Mouse_Thymus2
Mouse_Thymus2,2127,98_34,1,Mouse_Thymus2
Mouse_Thymus2,2128,63_39,6,Mouse_Thymus2
Mouse_Thymus2,2129,105_36,1,Mouse_Thymus2
Mouse_Thymus2,2130,63_34,1,Mouse_Thymus2
Mouse_Thymus2,2131,27_46,1,Mouse_Thymus2
Mouse_Thymus2,2132,94_50,2,Mouse_Thymus2
Mouse_Thymus2,2133,61_19,2,Mouse_Thymus2
Mouse_Thymus2,2134,57_25,1,Mouse_Thymus2
Mouse_Thymus2,2135,103_53,2,Mouse_Thymus2
Mouse_Thymus2,2136,54_18,5,Mouse_Thymus2
Mouse_Thymus2,2137,100_46,2,Mouse_Thymus2
Mouse_Thymus2,2138,11_45,2,Mouse_Thymus2
Mouse_Thymus2,2139,42_22,2,Mouse_Thymus2
Mouse_Thymus2,2140,114_51,2,Mouse_Thymus2
Mouse_Thymus2,2141,84_37,2,Mouse_Thymus2
Mouse_Thymus2,2142,85_34,5,Mouse_Thymus2
Mouse_Thymus2,2143,55_15,5,Mouse_Thymus2
Mouse_Thymus2,2144,54_31,5,Mouse_Thymus2
Mouse_Thymus2,2145,30_32,2,Mouse_Thymus2
Mouse_Thymus2,2146,118_55,6,Mouse_Thymus2
Mouse_Thymus2,2147,34_41,1,Mouse_Thymus2
Mouse_Thymus2,2148,115_63,2,Mouse_Thymus2
Mouse_Thymus2,2149,92_24,1,Mouse_Thymus2
Mouse_Thymus2,2150,57_12,7,Mouse_Thymus2
Mouse_Thymus2,2151,45_42,1,Mouse_Thymus2
Mouse_Thymus2,2152,121_45,5,Mouse_Thymus2
Mouse_Thymus2,2153,52_33,6,Mouse_Thymus2
Mouse_Thymus2,2154,93_9,2,Mouse_Thymus2
Mouse_Thymus2,2155,95_12,2,Mouse_Thymus2
Mouse_Thymus2,2156,36_54,2,Mouse_Thymus2
Mouse_Thymus2,2157,47_39,1,Mouse_Thymus2
Mouse_Thymus2,2158,66_42,7,Mouse_Thymus2
Mouse_Thymus2,2159,95_44,2,Mouse_Thymus2
Mouse_Thymus2,2160,44_44,1,Mouse_Thymus2
Mouse_Thymus2,2161,91_29,5,Mouse_Thymus2
Mouse_Thymus2,2162,103_55,2,Mouse_Thymus2
Mouse_Thymus2,2163,42_31,6,Mouse_Thymus2
Mouse_Thymus2,2164,92_38,2,Mouse_Thymus2
Mouse_Thymus2,2165,55_29,1,Mouse_Thymus2
Mouse_Thymus2,2166,82_17,1,Mouse_Thymus2
Mouse_Thymus2,2167,53_40,5,Mouse_Thymus2
Mouse_Thymus2,2168,55_19,2,Mouse_Thymus2
Mouse_Thymus2,2169,70_1,7,Mouse_Thymus2
Mouse_Thymus2,2170,77_48,2,Mouse_Thymus2
Mouse_Thymus2,2171,16_46,1,Mouse_Thymus2
Mouse_Thymus2,2172,107_45,1,Mouse_Thymus2
Mouse_Thymus2,2173,45_34,6,Mouse_Thymus2
Mouse_Thymus2,2174,53_19,6,Mouse_Thymus2
Mouse_Thymus2,2175,59_28,1,Mouse_Thymus2
Mouse_Thymus2,2176,90_24,1,Mouse_Thymus2
Mouse_Thymus2,2177,83_8,2,Mouse_Thymus2
Mouse_Thymus2,2178,110_39,1,Mouse_Thymus2
Mouse_Thymus2,2179,75_22,1,Mouse_Thymus2
Mouse_Thymus2,2180,87_15,1,Mouse_Thymus2
Mouse_Thymus2,2181,59_30,1,Mouse_Thymus2
Mouse_Thymus2,2182,56_39,2,Mouse_Thymus2
Mouse_Thymus2,2183,28_45,1,Mouse_Thymus2
Mouse_Thymus2,2184,74_8,2,Mouse_Thymus2
Mouse_Thymus2,2185,25_41,2,Mouse_Thymus2
Mouse_Thymus2,2186,116_43,5,Mouse_Thymus2
Mouse_Thymus2,2187,75_41,5,Mouse_Thymus2
Mouse_Thymus2,2188,93_38,5,Mouse_Thymus2
Mouse_Thymus2,2189,60_17,5,Mouse_Thymus2
Mouse_Thymus2,2190,26_39,2,Mouse_Thymus2
Mouse_Thymus2,2191,111_61,2,Mouse_Thymus2
Mouse_Thymus2,2192,118_50,1,Mouse_Thymus2
Mouse_Thymus2,2193,86_44,5,Mouse_Thymus2
Mouse_Thymus2,2194,81_47,5,Mouse_Thymus2
Mouse_Thymus2,2195,71_18,5,Mouse_Thymus2
Mouse_Thymus2,2196,80_38,1,Mouse_Thymus2
Mouse_Thymus2,2197,28_56,2,Mouse_Thymus2
Mouse_Thymus2,2198,73_22,1,Mouse_Thymus2
Mouse_Thymus2,2199,22_52,2,Mouse_Thymus2
Mouse_Thymus2,2200,51_35,6,Mouse_Thymus2
Mouse_Thymus2,2201,83_24,1,Mouse_Thymus2
Mouse_Thymus2,2202,18_40,5,Mouse_Thymus2
Mouse_Thymus2,2203,21_55,5,Mouse_Thymus2
Mouse_Thymus2,2204,27_52,2,Mouse_Thymus2
Mouse_Thymus2,2205,51_26,6,Mouse_Thymus2
Mouse_Thymus2,2206,115_34,5,Mouse_Thymus2
Mouse_Thymus2,2207,80_36,1,Mouse_Thymus2
Mouse_Thymus2,2208,61_21,1,Mouse_Thymus2
Mouse_Thymus2,2209,54_25,2,Mouse_Thymus2
Mouse_Thymus2,2210,59_32,1,Mouse_Thymus2
Mouse_Thymus2,2211,46_20,2,Mouse_Thymus2
Mouse_Thymus2,2212,18_38,6,Mouse_Thymus2
Mouse_Thymus2,2213,92_51,2,Mouse_Thymus2
Mouse_Thymus2,2214,88_8,2,Mouse_Thymus2
Mouse_Thymus2,2215,7_44,5,Mouse_Thymus2
Mouse_Thymus2,2216,30_44,1,Mouse_Thymus2
Mouse_Thymus2,2217,73_34,6,Mouse_Thymus2
Mouse_Thymus2,2218,123_62,2,Mouse_Thymus2
Mouse_Thymus2,2219,19_47,1,Mouse_Thymus2
Mouse_Thymus2,2220,86_45,2,Mouse_Thymus2
Mouse_Thymus2,2221,99_16,2,Mouse_Thymus2
Mouse_Thymus2,2222,30_54,2,Mouse_Thymus2
Mouse_Thymus2,2223,64_36,1,Mouse_Thymus2
Mouse_Thymus2,2224,29_39,2,Mouse_Thymus2
Mouse_Thymus2,2225,85_1,7,Mouse_Thymus2
Mouse_Thymus2,2226,79_9,2,Mouse_Thymus2
Mouse_Thymus2,2227,30_52,2,Mouse_Thymus2
Mouse_Thymus2,2228,77_17,6,Mouse_Thymus2
Mouse_Thymus2,2229,57_14,2,Mouse_Thymus2
Mouse_Thymus2,2230,59_18,2,Mouse_Thymus2
Mouse_Thymus2,2231,79_13,2,Mouse_Thymus2
Mouse_Thymus2,2232,50_26,6,Mouse_Thymus2
Mouse_Thymus2,2233,75_48,2,Mouse_Thymus2
Mouse_Thymus2,2234,76_18,6,Mouse_Thymus2
Mouse_Thymus2,2235,77_46,5,Mouse_Thymus2
Mouse_Thymus2,2236,26_36,5,Mouse_Thymus2
Mouse_Thymus2,2237,102_21,2,Mouse_Thymus2
Mouse_Thymus2,2238,121_66,1,Mouse_Thymus2
Mouse_Thymus2,2239,104_36,1,Mouse_Thymus2
Mouse_Thymus2,2240,99_30,5,Mouse_Thymus2
Mouse_Thymus2,2241,30_34,2,Mouse_Thymus2
Mouse_Thymus2,2242,25_47,1,Mouse_Thymus2
Mouse_Thymus2,2243,63_14,5,Mouse_Thymus2
Mouse_Thymus2,2244,25_56,2,Mouse_Thymus2
Mouse_Thymus2,2245,47_16,2,Mouse_Thymus2
Mouse_Thymus2,2246,84_52,2,Mouse_Thymus2
Mouse_Thymus2,2247,83_26,2,Mouse_Thymus2
Mouse_Thymus2,2248,85_47,5,Mouse_Thymus2
Mouse_Thymus2,2249,33_50,2,Mouse_Thymus2
Mouse_Thymus2,2250,78_14,2,Mouse_Thymus2
Mouse_Thymus2,2251,55_22,5,Mouse_Thymus2
Mouse_Thymus2,2252,92_26,6,Mouse_Thymus2
Mouse_Thymus2,2253,88_34,2,Mouse_Thymus2
Mouse_Thymus2,2254,15_52,2,Mouse_Thymus2
Mouse_Thymus2,2255,58_22,5,Mouse_Thymus2
Mouse_Thymus2,2256,69_6,2,Mouse_Thymus2
Mouse_Thymus2,2257,17_42,6,Mouse_Thymus2
Mouse_Thymus2,2258,120_53,6,Mouse_Thymus2
Mouse_Thymus2,2259,79_6,2,Mouse_Thymus2
Mouse_Thymus2,2260,90_39,5,Mouse_Thymus2
Mouse_Thymus2,2261,101_30,5,Mouse_Thymus2
Mouse_Thymus2,2262,122_53,2,Mouse_Thymus2
Mouse_Thymus2,2263,2_46,5,Mouse_Thymus2
Mouse_Thymus2,2264,114_56,2,Mouse_Thymus2
Mouse_Thymus2,2265,21_50,2,Mouse_Thymus2
Mouse_Thymus2,2266,80_39,1,Mouse_Thymus2
Mouse_Thymus2,2267,62_10,2,Mouse_Thymus2
Mouse_Thymus2,2268,92_59,2,Mouse_Thymus2
Mouse_Thymus2,2269,72_30,1,Mouse_Thymus2
Mouse_Thymus2,2270,89_57,2,Mouse_Thymus2
Mouse_Thymus2,2271,116_42,2,Mouse_Thymus2
Mouse_Thymus2,2272,75_9,5,Mouse_Thymus2
Mouse_Thymus2,2273,23_47,1,Mouse_Thymus2
Mouse_Thymus2,2274,59_12,2,Mouse_Thymus2
Mouse_Thymus2,2275,85_21,1,Mouse_Thymus2
Mouse_Thymus2,2276,42_34,6,Mouse_Thymus2
Mouse_Thymus2,2277,88_46,2,Mouse_Thymus2
Mouse_Thymus2,2278,41_28,6,Mouse_Thymus2
Mouse_Thymus2,2279,51_16,2,Mouse_Thymus2
Mouse_Thymus2,2280,90_38,5,Mouse_Thymus2
Mouse_Thymus2,2281,81_17,6,Mouse_Thymus2
Mouse_Thymus2,2282,112_31,2,Mouse_Thymus2
Mouse_Thymus2,2283,100_61,2,Mouse_Thymus2
Mouse_Thymus2,2284,46_49,2,Mouse_Thymus2
Mouse_Thymus2,2285,85_10,2,Mouse_Thymus2
Mouse_Thymus2,2286,115_43,1,Mouse_Thymus2
Mouse_Thymus2,2287,25_39,2,Mouse_Thymus2
Mouse_Thymus2,2288,19_41,6,Mouse_Thymus2
Mouse_Thymus2,2289,76_30,1,Mouse_Thymus2
Mouse_Thymus2,2290,68_20,6,Mouse_Thymus2
Mouse_Thymus2,2291,109_42,1,Mouse_Thymus2
Mouse_Thymus2,2292,75_19,2,Mouse_Thymus2
Mouse_Thymus2,2293,79_39,1,Mouse_Thymus2
Mouse_Thymus2,2294,36_39,5,Mouse_Thymus2
Mouse_Thymus2,2295,61_18,2,Mouse_Thymus2
Mouse_Thymus2,2296,110_37,1,Mouse_Thymus2
Mouse_Thymus2,2297,52_14,7,Mouse_Thymus2
Mouse_Thymus2,2298,119_69,2,Mouse_Thymus2
Mouse_Thymus2,2299,39_52,2,Mouse_Thymus2
Mouse_Thymus2,2300,107_31,2,Mouse_Thymus2
Mouse_Thymus2,2301,101_52,2,Mouse_Thymus2
Mouse_Thymus2,2302,58_15,2,Mouse_Thymus2
Mouse_Thymus2,2303,85_6,2,Mouse_Thymus2
Mouse_Thymus2,2304,69_11,6,Mouse_Thymus2
Mouse_Thymus2,2305,68_22,1,Mouse_Thymus2
Mouse_Thymus2,2306,111_54,2,Mouse_Thymus2
Mouse_Thymus2,2307,93_40,2,Mouse_Thymus2
Mouse_Thymus2,2308,116_60,6,Mouse_Thymus2
Mouse_Thymus2,2309,83_38,5,Mouse_Thymus2
Mouse_Thymus2,2310,97_49,2,Mouse_Thymus2
Mouse_Thymus2,2311,78_34,1,Mouse_Thymus2
Mouse_Thymus2,2312,49_37,1,Mouse_Thymus2
Mouse_Thymus2,2313,36_50,6,Mouse_Thymus2
Mouse_Thymus2,2314,83_37,2,Mouse_Thymus2
Mouse_Thymus2,2315,69_22,1,Mouse_Thymus2
Mouse_Thymus2,2316,113_44,1,Mouse_Thymus2
Mouse_Thymus2,2317,96_40,5,Mouse_Thymus2
Mouse_Thymus2,2318,71_28,6,Mouse_Thymus2
Mouse_Thymus2,2319,95_38,5,Mouse_Thymus2
Mouse_Thymus2,2320,26_42,6,Mouse_Thymus2
Mouse_Thymus2,2321,56_43,7,Mouse_Thymus2
Mouse_Thymus2,2322,92_54,6,Mouse_Thymus2
Mouse_Thymus2,2323,97_57,2,Mouse_Thymus2
Mouse_Thymus2,2324,54_36,6,Mouse_Thymus2
Mouse_Thymus2,2325,37_32,6,Mouse_Thymus2
Mouse_Thymus2,2326,96_55,2,Mouse_Thymus2
Mouse_Thymus2,2327,33_27,2,Mouse_Thymus2
Mouse_Thymus2,2328,113_40,1,Mouse_Thymus2
Mouse_Thymus2,2329,43_39,1,Mouse_Thymus2
Mouse_Thymus2,2330,22_48,6,Mouse_Thymus2
Mouse_Thymus2,2331,55_32,1,Mouse_Thymus2
Mouse_Thymus2,2332,34_26,2,Mouse_Thymus2
Mouse_Thymus2,2333,100_17,2,Mouse_Thymus2
Mouse_Thymus2,2334,71_11,2,Mouse_Thymus2
Mouse_Thymus2,2335,99_31,6,Mouse_Thymus2
Mouse_Thymus2,2336,41_43,1,Mouse_Thymus2
Mouse_Thymus2,2337,33_48,5,Mouse_Thymus2
Mouse_Thymus2,2338,95_53,2,Mouse_Thymus2
Mouse_Thymus2,2339,30_51,2,Mouse_Thymus2
Mouse_Thymus2,2340,36_41,1,Mouse_Thymus2
Mouse_Thymus2,2341,125_62,2,Mouse_Thymus2
Mouse_Thymus2,2342,64_38,2,Mouse_Thymus2
Mouse_Thymus2,2343,39_27,6,Mouse_Thymus2
Mouse_Thymus2,2344,57_40,2,Mouse_Thymus2
Mouse_Thymus2,2345,47_22,2,Mouse_Thymus2
Mouse_Thymus2,2346,64_35,1,Mouse_Thymus2
Mouse_Thymus2,2347,49_42,1,Mouse_Thymus2
Mouse_Thymus2,2348,90_43,2,Mouse_Thymus2
Mouse_Thymus2,2349,101_42,5,Mouse_Thymus2
Mouse_Thymus2,2350,59_33,1,Mouse_Thymus2
Mouse_Thymus2,2351,56_19,5,Mouse_Thymus2
Mouse_Thymus2,2352,98_20,1,Mouse_Thymus2
Mouse_Thymus2,2353,32_37,5,Mouse_Thymus2
Mouse_Thymus2,2354,48_17,2,Mouse_Thymus2
Mouse_Thymus2,2355,79_5,2,Mouse_Thymus2
Mouse_Thymus2,2356,103_47,2,Mouse_Thymus2
Mouse_Thymus2,2357,30_56,7,Mouse_Thymus2
Mouse_Thymus2,2358,45_39,1,Mouse_Thymus2
Mouse_Thymus2,2359,118_41,2,Mouse_Thymus2
Mouse_Thymus2,2360,38_36,5,Mouse_Thymus2
Mouse_Thymus2,2361,71_40,2,Mouse_Thymus2
Mouse_Thymus2,2362,25_37,2,Mouse_Thymus2
Mouse_Thymus2,2363,102_33,2,Mouse_Thymus2
Mouse_Thymus2,2364,75_24,1,Mouse_Thymus2
Mouse_Thymus2,2365,43_47,5,Mouse_Thymus2
Mouse_Thymus2,2366,101_38,1,Mouse_Thymus2
Mouse_Thymus2,2367,113_56,5,Mouse_Thymus2
Mouse_Thymus2,2368,105_57,5,Mouse_Thymus2
Mouse_Thymus2,2369,93_47,2,Mouse_Thymus2
Mouse_Thymus2,2370,65_21,1,Mouse_Thymus2
Mouse_Thymus2,2371,53_41,6,Mouse_Thymus2
Mouse_Thymus2,2372,109_50,2,Mouse_Thymus2
Mouse_Thymus2,2373,87_40,2,Mouse_Thymus2
Mouse_Thymus2,2374,87_57,5,Mouse_Thymus2
Mouse_Thymus2,2375,38_27,5,Mouse_Thymus2
Mouse_Thymus2,2376,62_22,1,Mouse_Thymus2
Mouse_Thymus2,2377,85_5,2,Mouse_Thymus2
Mouse_Thymus2,2378,15_51,2,Mouse_Thymus2
Mouse_Thymus2,2379,114_42,1,Mouse_Thymus2
Mouse_Thymus2,2380,108_54,2,Mouse_Thymus2
Mouse_Thymus2,2381,86_56,5,Mouse_Thymus2
Mouse_Thymus2,2382,113_41,1,Mouse_Thymus2
Mouse_Thymus2,2383,8_49,5,Mouse_Thymus2
Mouse_Thymus2,2384,52_31,6,Mouse_Thymus2
Mouse_Thymus2,2385,24_51,5,Mouse_Thymus2
Mouse_Thymus2,2386,42_45,1,Mouse_Thymus2
Mouse_Thymus2,2387,49_27,1,Mouse_Thymus2
Mouse_Thymus2,2388,32_35,2,Mouse_Thymus2
Mouse_Thymus2,2389,90_31,5,Mouse_Thymus2
Mouse_Thymus2,2390,65_14,2,Mouse_Thymus2
Mouse_Thymus2,2391,85_9,2,Mouse_Thymus2
Mouse_Thymus2,2392,106_36,1,Mouse_Thymus2
Mouse_Thymus2,2393,64_9,2,Mouse_Thymus2
Mouse_Thymus2,2394,68_9,2,Mouse_Thymus2
Mouse_Thymus2,2395,45_47,2,Mouse_Thymus2
Mouse_Thymus2,2396,7_48,5,Mouse_Thymus2
Mouse_Thymus2,2397,110_55,2,Mouse_Thymus2
Mouse_Thymus2,2398,78_48,2,Mouse_Thymus2
Mouse_Thymus2,2399,19_51,2,Mouse_Thymus2
Mouse_Thymus2,2400,92_53,2,Mouse_Thymus2
Mouse_Thymus2,2401,103_54,2,Mouse_Thymus2
Mouse_Thymus2,2402,99_13,2,Mouse_Thymus2
Mouse_Thymus2,2403,56_13,2,Mouse_Thymus2
Mouse_Thymus2,2404,99_14,2,Mouse_Thymus2
Mouse_Thymus2,2405,91_57,5,Mouse_Thymus2
Mouse_Thymus2,2406,84_15,6,Mouse_Thymus2
Mouse_Thymus2,2407,66_12,2,Mouse_Thymus2
Mouse_Thymus2,2408,99_51,2,Mouse_Thymus2
Mouse_Thymus2,2409,76_31,1,Mouse_Thymus2
Mouse_Thymus2,2410,115_33,7,Mouse_Thymus2
Mouse_Thymus2,2411,41_30,6,Mouse_Thymus2
Mouse_Thymus2,2412,67_24,1,Mouse_Thymus2
Mouse_Thymus2,2413,44_39,1,Mouse_Thymus2
Mouse_Thymus2,2414,59_19,2,Mouse_Thymus2
Mouse_Thymus2,2415,99_48,5,Mouse_Thymus2
Mouse_Thymus2,2416,104_41,1,Mouse_Thymus2
Mouse_Thymus2,2417,35_52,2,Mouse_Thymus2
Mouse_Thymus2,2418,86_42,5,Mouse_Thymus2
Mouse_Thymus2,2419,69_12,2,Mouse_Thymus2
Mouse_Thymus2,2420,37_49,2,Mouse_Thymus2
Mouse_Thymus2,2421,119_54,1,Mouse_Thymus2
Mouse_Thymus2,2422,85_48,5,Mouse_Thymus2
Mouse_Thymus2,2423,32_30,6,Mouse_Thymus2
Mouse_Thymus2,2424,103_42,5,Mouse_Thymus2
Mouse_Thymus2,2425,77_47,2,Mouse_Thymus2
Mouse_Thymus2,2426,90_52,2,Mouse_Thymus2
Mouse_Thymus2,2427,7_43,2,Mouse_Thymus2
Mouse_Thymus2,2428,92_56,5,Mouse_Thymus2
Mouse_Thymus2,2429,36_26,6,Mouse_Thymus2
Mouse_Thymus2,2430,63_32,1,Mouse_Thymus2
Mouse_Thymus2,2431,16_42,5,Mouse_Thymus2
Mouse_Thymus2,2432,7_42,5,Mouse_Thymus2
Mouse_Thymus2,2433,82_40,6,Mouse_Thymus2
Mouse_Thymus2,2434,100_41,5,Mouse_Thymus2
Mouse_Thymus2,2435,78_32,1,Mouse_Thymus2
Mouse_Thymus2,2436,109_46,1,Mouse_Thymus2
Mouse_Thymus2,2437,28_35,5,Mouse_Thymus2
Mouse_Thymus2,2438,88_26,6,Mouse_Thymus2
Mouse_Thymus2,2439,41_24,2,Mouse_Thymus2
Mouse_Thymus2,2440,66_40,2,Mouse_Thymus2
Mouse_Thymus2,2441,74_25,1,Mouse_Thymus2
Mouse_Thymus2,2442,61_26,1,Mouse_Thymus2
Mouse_Thymus2,2443,83_48,2,Mouse_Thymus2
Mouse_Thymus2,2444,67_19,1,Mouse_Thymus2
Mouse_Thymus2,2445,98_24,1,Mouse_Thymus2
Mouse_Thymus2,2446,107_30,2,Mouse_Thymus2
Mouse_Thymus2,2447,100_40,5,Mouse_Thymus2
Mouse_Thymus2,2448,92_47,2,Mouse_Thymus2
Mouse_Thymus2,2449,42_29,1,Mouse_Thymus2
Mouse_Thymus2,2450,17_48,5,Mouse_Thymus2
Mouse_Thymus2,2451,109_43,1,Mouse_Thymus2
Mouse_Thymus2,2452,48_33,6,Mouse_Thymus2
Mouse_Thymus2,2453,84_38,2,Mouse_Thymus2
Mouse_Thymus2,2454,57_27,1,Mouse_Thymus2
Mouse_Thymus2,2455,66_10,5,Mouse_Thymus2
Mouse_Thymus2,2456,21_47,1,Mouse_Thymus2
Mouse_Thymus2,2457,63_10,6,Mouse_Thymus2
Mouse_Thymus2,2458,51_19,2,Mouse_Thymus2
Mouse_Thymus2,2459,71_5,6,Mouse_Thymus2
Mouse_Thymus2,2460,105_51,5,Mouse_Thymus2
Mouse_Thymus2,2461,40_43,1,Mouse_Thymus2
Mouse_Thymus2,2462,77_49,2,Mouse_Thymus2
Mouse_Thymus2,2463,104_32,1,Mouse_Thymus2
Mouse_Thymus2,2464,20_45,1,Mouse_Thymus2
Mouse_Thymus2,2465,90_15,1,Mouse_Thymus2
Mouse_Thymus2,2466,69_36,1,Mouse_Thymus2
Mouse_Thymus2,2467,69_20,6,Mouse_Thymus2
Mouse_Thymus2,2468,56_33,5,Mouse_Thymus2
Mouse_Thymus2,2469,41_51,6,Mouse_Thymus2
Mouse_Thymus2,2470,81_49,5,Mouse_Thymus2
Mouse_Thymus2,2471,99_41,6,Mouse_Thymus2
Mouse_Thymus2,2472,86_6,2,Mouse_Thymus2
Mouse_Thymus2,2473,84_6,2,Mouse_Thymus2
Mouse_Thymus2,2474,102_42,5,Mouse_Thymus2
Mouse_Thymus2,2475,75_12,2,Mouse_Thymus2
Mouse_Thymus2,2476,29_41,6,Mouse_Thymus2
Mouse_Thymus2,2477,74_47,2,Mouse_Thymus2
Mouse_Thymus2,2478,92_28,6,Mouse_Thymus2
Mouse_Thymus2,2479,98_36,1,Mouse_Thymus2
Mouse_Thymus2,2480,74_11,2,Mouse_Thymus2
Mouse_Thymus2,2481,57_39,2,Mouse_Thymus2
Mouse_Thymus2,2482,91_12,6,Mouse_Thymus2
Mouse_Thymus2,2483,69_29,6,Mouse_Thymus2
Mouse_Thymus2,2484,71_43,6,Mouse_Thymus2
Mouse_Thymus2,2485,53_39,5,Mouse_Thymus2
Mouse_Thymus2,2486,58_23,5,Mouse_Thymus2
Mouse_Thymus2,2487,125_69,2,Mouse_Thymus2
Mouse_Thymus2,2488,115_38,2,Mouse_Thymus2
Mouse_Thymus2,2489,86_40,5,Mouse_Thymus2
Mouse_Thymus2,2490,56_21,2,Mouse_Thymus2
Mouse_Thymus2,2491,123_63,2,Mouse_Thymus2
Mouse_Thymus2,2492,89_59,7,Mouse_Thymus2
Mouse_Thymus2,2493,37_27,2,Mouse_Thymus2
Mouse_Thymus2,2494,125_65,2,Mouse_Thymus2
Mouse_Thymus2,2495,70_43,2,Mouse_Thymus2
Mouse_Thymus2,2496,93_13,6,Mouse_Thymus2
Mouse_Thymus2,2497,26_55,2,Mouse_Thymus2
Mouse_Thymus2,2498,36_52,2,Mouse_Thymus2
Mouse_Thymus2,2499,67_13,2,Mouse_Thymus2
Mouse_Thymus2,2500,105_22,2,Mouse_Thymus2
Mouse_Thymus2,2501,101_59,2,Mouse_Thymus2
Mouse_Thymus2,2502,17_43,1,Mouse_Thymus2
Mouse_Thymus2,2503,86_33,2,Mouse_Thymus2
Mouse_Thymus2,2504,74_0,5,Mouse_Thymus2
Mouse_Thymus2,2505,63_31,1,Mouse_Thymus2
Mouse_Thymus2,2506,51_39,1,Mouse_Thymus2
Mouse_Thymus2,2507,44_36,2,Mouse_Thymus2
Mouse_Thymus2,2508,34_49,2,Mouse_Thymus2
Mouse_Thymus2,2509,116_46,1,Mouse_Thymus2
Mouse_Thymus2,2510,54_28,6,Mouse_Thymus2
Mouse_Thymus2,2511,84_31,2,Mouse_Thymus2
Mouse_Thymus2,2512,44_45,1,Mouse_Thymus2
Mouse_Thymus2,2513,28_44,1,Mouse_Thymus2
Mouse_Thymus2,2514,93_35,5,Mouse_Thymus2
Mouse_Thymus2,2515,73_35,1,Mouse_Thymus2
Mouse_Thymus2,2516,57_37,6,Mouse_Thymus2
Mouse_Thymus2,2517,118_49,1,Mouse_Thymus2
Mouse_Thymus2,2518,69_19,2,Mouse_Thymus2
Mouse_Thymus2,2519,77_41,1,Mouse_Thymus2
Mouse_Thymus2,2520,100_16,2,Mouse_Thymus2
Mouse_Thymus2,2521,95_61,6,Mouse_Thymus2
Mouse_Thymus2,2522,98_41,2,Mouse_Thymus2
Mouse_Thymus2,2523,98_25,1,Mouse_Thymus2
Mouse_Thymus2,2524,77_8,5,Mouse_Thymus2
Mouse_Thymus2,2525,26_38,2,Mouse_Thymus2
Mouse_Thymus2,2526,49_25,5,Mouse_Thymus2
Mouse_Thymus2,2527,110_27,5,Mouse_Thymus2
Mouse_Thymus2,2528,81_15,6,Mouse_Thymus2
Mouse_Thymus2,2529,95_50,2,Mouse_Thymus2
Mouse_Thymus2,2530,119_70,5,Mouse_Thymus2
Mouse_Thymus2,2531,100_37,1,Mouse_Thymus2
Mouse_Thymus2,2532,111_51,2,Mouse_Thymus2
Mouse_Thymus2,2533,21_41,2,Mouse_Thymus2
Mouse_Thymus2,2534,78_16,5,Mouse_Thymus2
Mouse_Thymus2,2535,116_50,6,Mouse_Thymus2
Mouse_Thymus2,2536,57_22,5,Mouse_Thymus2
Mouse_Thymus2,2537,79_14,2,Mouse_Thymus2
Mouse_Thymus2,2538,72_29,1,Mouse_Thymus2
Mouse_Thymus2,2539,93_34,5,Mouse_Thymus2
Mouse_Thymus2,2540,54_20,6,Mouse_Thymus2
Mouse_Thymus2,2541,95_11,5,Mouse_Thymus2
Mouse_Thymus2,2542,87_17,1,Mouse_Thymus2
Mouse_Thymus2,2543,74_31,1,Mouse_Thymus2
Mouse_Thymus2,2544,41_34,6,Mouse_Thymus2
Mouse_Thymus2,2545,67_31,5,Mouse_Thymus2
Mouse_Thymus2,2546,41_31,6,Mouse_Thymus2
Mouse_Thymus2,2547,49_24,2,Mouse_Thymus2
Mouse_Thymus2,2548,68_42,2,Mouse_Thymus2
Mouse_Thymus2,2549,70_3,2,Mouse_Thymus2
Mouse_Thymus2,2550,101_51,2,Mouse_Thymus2
Mouse_Thymus2,2551,84_44,2,Mouse_Thymus2
Mouse_Thymus2,2552,118_40,2,Mouse_Thymus2
Mouse_Thymus2,2553,120_51,2,Mouse_Thymus2
Mouse_Thymus2,2554,55_21,6,Mouse_Thymus2
Mouse_Thymus2,2555,99_52,2,Mouse_Thymus2
Mouse_Thymus2,2556,64_26,6,Mouse_Thymus2
Mouse_Thymus2,2557,86_30,2,Mouse_Thymus2
Mouse_Thymus2,2558,83_44,2,Mouse_Thymus2
Mouse_Thymus2,2559,50_37,1,Mouse_Thymus2
Mouse_Thymus2,2560,104_28,1,Mouse_Thymus2
Mouse_Thymus2,2561,27_33,6,Mouse_Thymus2
Mouse_Thymus2,2562,99_32,5,Mouse_Thymus2
Mouse_Thymus2,2563,57_34,1,Mouse_Thymus2
Mouse_Thymus2,2564,75_2,2,Mouse_Thymus2
Mouse_Thymus2,2565,13_46,1,Mouse_Thymus2
Mouse_Thymus2,2566,71_38,1,Mouse_Thymus2
Mouse_Thymus2,2567,121_53,2,Mouse_Thymus2
Mouse_Thymus2,2568,110_43,1,Mouse_Thymus2
Mouse_Thymus2,2569,55_41,2,Mouse_Thymus2
Mouse_Thymus2,2570,96_14,2,Mouse_Thymus2
Mouse_Thymus2,2571,105_31,1,Mouse_Thymus2
Mouse_Thymus2,2572,28_33,6,Mouse_Thymus2
Mouse_Thymus2,2573,27_44,1,Mouse_Thymus2
Mouse_Thymus2,2574,33_34,2,Mouse_Thymus2
Mouse_Thymus2,2575,93_21,6,Mouse_Thymus2
Mouse_Thymus2,2576,17_49,2,Mouse_Thymus2
Mouse_Thymus2,2577,117_37,2,Mouse_Thymus2
Mouse_Thymus2,2578,68_16,6,Mouse_Thymus2
Mouse_Thymus2,2579,78_37,1,Mouse_Thymus2
Mouse_Thymus2,2580,117_64,2,Mouse_Thymus2
Mouse_Thymus2,2581,82_26,2,Mouse_Thymus2
Mouse_Thymus2,2582,27_49,1,Mouse_Thymus2
Mouse_Thymus2,2583,90_25,1,Mouse_Thymus2
Mouse_Thymus2,2584,24_42,2,Mouse_Thymus2
Mouse_Thymus2,2585,118_39,2,Mouse_Thymus2
Mouse_Thymus2,2586,87_7,2,Mouse_Thymus2
Mouse_Thymus2,2587,56_26,1,Mouse_Thymus2
Mouse_Thymus2,2588,17_44,1,Mouse_Thymus2
Mouse_Thymus2,2589,92_15,1,Mouse_Thymus2
Mouse_Thymus2,2590,86_16,1,Mouse_Thymus2
Mouse_Thymus2,2591,65_28,2,Mouse_Thymus2
Mouse_Thymus2,2592,25_49,6,Mouse_Thymus2
Mouse_Thymus2,2593,102_26,1,Mouse_Thymus2
Mouse_Thymus2,2594,88_29,2,Mouse_Thymus2
Mouse_Thymus2,2595,98_23,1,Mouse_Thymus2
Mouse_Thymus2,2596,23_43,1,Mouse_Thymus2
Mouse_Thymus2,2597,97_30,5,Mouse_Thymus2
Mouse_Thymus2,2598,75_1,5,Mouse_Thymus2
Mouse_Thymus2,2599,120_69,2,Mouse_Thymus2
Mouse_Thymus2,2600,78_7,2,Mouse_Thymus2
Mouse_Thymus2,2601,110_41,1,Mouse_Thymus2
Mouse_Thymus2,2602,87_27,5,Mouse_Thymus2
Mouse_Thymus2,2603,106_48,2,Mouse_Thymus2
Mouse_Thymus2,2604,95_48,2,Mouse_Thymus2
Mouse_Thymus2,2605,114_63,2,Mouse_Thymus2
Mouse_Thymus2,2606,66_34,1,Mouse_Thymus2
Mouse_Thymus2,2607,89_15,1,Mouse_Thymus2
Mouse_Thymus2,2608,86_52,2,Mouse_Thymus2
Mouse_Thymus2,2609,117_50,1,Mouse_Thymus2
Mouse_Thymus2,2610,66_25,1,Mouse_Thymus2
Mouse_Thymus2,2611,124_50,7,Mouse_Thymus2
Mouse_Thymus2,2612,10_47,2,Mouse_Thymus2
Mouse_Thymus2,2613,31_28,2,Mouse_Thymus2
Mouse_Thymus2,2614,68_37,1,Mouse_Thymus2
Mouse_Thymus2,2615,72_43,2,Mouse_Thymus2
Mouse_Thymus2,2616,97_33,1,Mouse_Thymus2
Mouse_Thymus2,2617,86_7,2,Mouse_Thymus2
Mouse_Thymus2,2618,53_34,6,Mouse_Thymus2
Mouse_Thymus2,2619,54_42,2,Mouse_Thymus2
Mouse_Thymus2,2620,73_45,2,Mouse_Thymus2
Mouse_Thymus2,2621,92_9,5,Mouse_Thymus2
Mouse_Thymus2,2622,70_10,5,Mouse_Thymus2
Mouse_Thymus2,2623,87_45,2,Mouse_Thymus2
Mouse_Thymus2,2624,44_43,1,Mouse_Thymus2
Mouse_Thymus2,2625,95_45,5,Mouse_Thymus2
Mouse_Thymus2,2626,77_6,5,Mouse_Thymus2
Mouse_Thymus2,2627,83_27,1,Mouse_Thymus2
Mouse_Thymus2,2628,84_21,1,Mouse_Thymus2
Mouse_Thymus2,2629,107_38,1,Mouse_Thymus2
Mouse_Thymus2,2630,53_32,5,Mouse_Thymus2
Mouse_Thymus2,2631,34_52,2,Mouse_Thymus2
Mouse_Thymus2,2632,91_36,5,Mouse_Thymus2
Mouse_Thymus2,2633,89_39,5,Mouse_Thymus2
Mouse_Thymus2,2634,29_42,1,Mouse_Thymus2
Mouse_Thymus2,2635,68_23,1,Mouse_Thymus2
Mouse_Thymus2,2636,80_24,1,Mouse_Thymus2
Mouse_Thymus2,2637,96_19,5,Mouse_Thymus2
Mouse_Thymus2,2638,116_56,2,Mouse_Thymus2
Mouse_Thymus2,2639,70_37,1,Mouse_Thymus2
Mouse_Thymus2,2640,69_28,6,Mouse_Thymus2
Mouse_Thymus2,2641,38_41,1,Mouse_Thymus2
Mouse_Thymus2,2642,111_35,2,Mouse_Thymus2
Mouse_Thymus2,2643,101_15,2,Mouse_Thymus2
Mouse_Thymus2,2644,73_47,2,Mouse_Thymus2
Mouse_Thymus2,2645,62_36,1,Mouse_Thymus2
Mouse_Thymus2,2646,102_40,1,Mouse_Thymus2
Mouse_Thymus2,2647,101_19,2,Mouse_Thymus2
Mouse_Thymus2,2648,82_34,2,Mouse_Thymus2
Mouse_Thymus2,2649,67_11,2,Mouse_Thymus2
Mouse_Thymus2,2650,46_25,5,Mouse_Thymus2
Mouse_Thymus2,2651,117_67,2,Mouse_Thymus2
Mouse_Thymus2,2652,66_22,6,Mouse_Thymus2
Mouse_Thymus2,2653,119_44,2,Mouse_Thymus2
Mouse_Thymus2,2654,83_33,2,Mouse_Thymus2
Mouse_Thymus2,2655,74_24,1,Mouse_Thymus2
Mouse_Thymus2,2656,36_37,2,Mouse_Thymus2
Mouse_Thymus2,2657,105_20,5,Mouse_Thymus2
Mouse_Thymus2,2658,69_5,2,Mouse_Thymus2
Mouse_Thymus2,2659,92_32,5,Mouse_Thymus2
Mouse_Thymus2,2660,78_6,2,Mouse_Thymus2
Mouse_Thymus2,2661,45_17,6,Mouse_Thymus2
Mouse_Thymus2,2662,88_11,6,Mouse_Thymus2
Mouse_Thymus2,2663,31_33,2,Mouse_Thymus2
Mouse_Thymus2,2664,73_33,6,Mouse_Thymus2
Mouse_Thymus2,2665,50_38,1,Mouse_Thymus2
Mouse_Thymus2,2666,37_41,1,Mouse_Thymus2
Mouse_Thymus2,2667,31_49,5,Mouse_Thymus2
Mouse_Thymus2,2668,104_56,2,Mouse_Thymus2
Mouse_Thymus2,2669,92_42,5,Mouse_Thymus2
Mouse_Thymus2,2670,62_37,1,Mouse_Thymus2
Mouse_Thymus2,2671,92_45,2,Mouse_Thymus2
Mouse_Thymus2,2672,83_34,2,Mouse_Thymus2
Mouse_Thymus2,2673,100_26,1,Mouse_Thymus2
Mouse_Thymus2,2674,66_13,2,Mouse_Thymus2
Mouse_Thymus2,2675,59_34,1,Mouse_Thymus2
Mouse_Thymus2,2676,113_39,6,Mouse_Thymus2
Mouse_Thymus2,2677,8_48,2,Mouse_Thymus2
Mouse_Thymus2,2678,74_28,6,Mouse_Thymus2
Mouse_Thymus2,2679,67_14,2,Mouse_Thymus2
Mouse_Thymus2,2680,74_43,5,Mouse_Thymus2
Mouse_Thymus2,2681,51_25,5,Mouse_Thymus2
Mouse_Thymus2,2682,13_43,5,Mouse_Thymus2
Mouse_Thymus2,2683,73_37,1,Mouse_Thymus2
Mouse_Thymus2,2684,21_51,2,Mouse_Thymus2
Mouse_Thymus2,2685,71_27,1,Mouse_Thymus2
Mouse_Thymus2,2686,97_36,5,Mouse_Thymus2
Mouse_Thymus2,2687,102_17,2,Mouse_Thymus2
Mouse_Thymus2,2688,70_17,5,Mouse_Thymus2
Mouse_Thymus2,2689,91_26,1,Mouse_Thymus2
Mouse_Thymus2,2690,63_21,1,Mouse_Thymus2
Mouse_Thymus2,2691,101_22,6,Mouse_Thymus2
Mouse_Thymus2,2692,97_28,2,Mouse_Thymus2
Mouse_Thymus2,2693,118_63,2,Mouse_Thymus2
Mouse_Thymus2,2694,115_49,6,Mouse_Thymus2
Mouse_Thymus2,2695,46_24,2,Mouse_Thymus2
Mouse_Thymus2,2696,96_37,5,Mouse_Thymus2
Mouse_Thymus2,2697,29_51,2,Mouse_Thymus2
Mouse_Thymus2,2698,62_18,5,Mouse_Thymus2
Mouse_Thymus2,2699,88_43,2,Mouse_Thymus2
Mouse_Thymus2,2700,54_41,6,Mouse_Thymus2
Mouse_Thymus2,2701,60_13,2,Mouse_Thymus2
Mouse_Thymus2,2702,42_28,1,Mouse_Thymus2
Mouse_Thymus2,2703,36_32,1,Mouse_Thymus2
Mouse_Thymus2,2704,101_13,2,Mouse_Thymus2
Mouse_Thymus2,2705,98_61,2,Mouse_Thymus2
Mouse_Thymus2,2706,107_49,2,Mouse_Thymus2
Mouse_Thymus2,2707,76_6,2,Mouse_Thymus2
Mouse_Thymus2,2708,61_15,5,Mouse_Thymus2
Mouse_Thymus2,2709,30_26,5,Mouse_Thymus2
Mouse_Thymus2,2710,37_52,5,Mouse_Thymus2
Mouse_Thymus2,2711,97_39,6,Mouse_Thymus2
Mouse_Thymus2,2712,123_49,2,Mouse_Thymus2
Mouse_Thymus2,2713,96_25,1,Mouse_Thymus2
Mouse_Thymus2,2714,67_9,2,Mouse_Thymus2
Mouse_Thymus2,2715,33_55,2,Mouse_Thymus2
Mouse_Thymus2,2716,102_45,5,Mouse_Thymus2
Mouse_Thymus2,2717,68_39,2,Mouse_Thymus2
Mouse_Thymus2,2718,53_17,2,Mouse_Thymus2
Mouse_Thymus2,2719,45_27,1,Mouse_Thymus2
Mouse_Thymus2,2720,75_14,5,Mouse_Thymus2
Mouse_Thymus2,2721,53_29,6,Mouse_Thymus2
Mouse_Thymus2,2722,109_53,2,Mouse_Thymus2
Mouse_Thymus2,2723,45_30,1,Mouse_Thymus2
Mouse_Thymus2,2724,21_46,1,Mouse_Thymus2
Mouse_Thymus2,2725,104_22,2,Mouse_Thymus2
Mouse_Thymus2,2726,83_53,2,Mouse_Thymus2
Mouse_Thymus2,2727,116_44,5,Mouse_Thymus2
Mouse_Thymus2,2728,2_45,7,Mouse_Thymus2
Mouse_Thymus2,2729,79_34,1,Mouse_Thymus2
Mouse_Thymus2,2730,88_18,1,Mouse_Thymus2
Mouse_Thymus2,2731,19_40,2,Mouse_Thymus2
Mouse_Thymus2,2732,97_16,5,Mouse_Thymus2
Mouse_Thymus2,2733,69_25,1,Mouse_Thymus2
Mouse_Thymus2,2734,115_44,1,Mouse_Thymus2
Mouse_Thymus2,2735,65_33,1,Mouse_Thymus2
Mouse_Thymus2,2736,77_27,1,Mouse_Thymus2
Mouse_Thymus2,2737,121_60,1,Mouse_Thymus2
Mouse_Thymus2,2738,110_46,6,Mouse_Thymus2
Mouse_Thymus2,2739,75_43,5,Mouse_Thymus2
Mouse_Thymus2,2740,67_37,5,Mouse_Thymus2
Mouse_Thymus2,2741,105_24,2,Mouse_Thymus2
Mouse_Thymus2,2742,82_29,6,Mouse_Thymus2
Mouse_Thymus2,2743,74_21,5,Mouse_Thymus2
Mouse_Thymus2,2744,39_45,1,Mouse_Thymus2
Mouse_Thymus2,2745,46_27,6,Mouse_Thymus2
Mouse_Thymus2,2746,118_65,2,Mouse_Thymus2
Mouse_Thymus2,2747,81_19,1,Mouse_Thymus2
Mouse_Thymus2,2748,27_35,2,Mouse_Thymus2
Mouse_Thymus2,2749,124_70,2,Mouse_Thymus2
Mouse_Thymus2,2750,73_2,2,Mouse_Thymus2
Mouse_Thymus2,2751,93_55,5,Mouse_Thymus2
Mouse_Thymus2,2752,86_57,2,Mouse_Thymus2
Mouse_Thymus2,2753,95_46,5,Mouse_Thymus2
Mouse_Thymus2,2754,105_40,1,Mouse_Thymus2
Mouse_Thymus2,2755,38_25,2,Mouse_Thymus2
Mouse_Thymus2,2756,61_12,2,Mouse_Thymus2
Mouse_Thymus2,2757,57_17,2,Mouse_Thymus2
Mouse_Thymus2,2758,55_43,2,Mouse_Thymus2
Mouse_Thymus2,2759,45_26,6,Mouse_Thymus2
Mouse_Thymus2,2760,78_33,1,Mouse_Thymus2
Mouse_Thymus2,2761,33_31,6,Mouse_Thymus2
Mouse_Thymus2,2762,117_61,6,Mouse_Thymus2
Mouse_Thymus2,2763,61_22,1,Mouse_Thymus2
Mouse_Thymus2,2764,70_7,2,Mouse_Thymus2
Mouse_Thymus2,2765,99_18,2,Mouse_Thymus2
Mouse_Thymus2,2766,41_29,6,Mouse_Thymus2
Mouse_Thymus2,2767,119_40,5,Mouse_Thymus2
Mouse_Thymus2,2768,95_55,2,Mouse_Thymus2
Mouse_Thymus2,2769,59_21,5,Mouse_Thymus2
Mouse_Thymus2,2770,101_23,1,Mouse_Thymus2
Mouse_Thymus2,2771,99_49,5,Mouse_Thymus2
Mouse_Thymus2,2772,120_63,2,Mouse_Thymus2
Mouse_Thymus2,2773,40_42,1,Mouse_Thymus2
Mouse_Thymus2,2774,18_46,1,Mouse_Thymus2
Mouse_Thymus2,2775,101_29,1,Mouse_Thymus2
Mouse_Thymus2,2776,115_37,2,Mouse_Thymus2
Mouse_Thymus2,2777,77_35,1,Mouse_Thymus2
Mouse_Thymus2,2778,27_43,1,Mouse_Thymus2
Mouse_Thymus2,2779,23_46,1,Mouse_Thymus2
Mouse_Thymus2,2780,47_38,1,Mouse_Thymus2
Mouse_Thymus2,2781,55_26,6,Mouse_Thymus2
Mouse_Thymus2,2782,124_64,2,Mouse_Thymus2
Mouse_Thymus2,2783,88_48,2,Mouse_Thymus2
Mouse_Thymus2,2784,99_54,2,Mouse_Thymus2
Mouse_Thymus2,2785,113_42,1,Mouse_Thymus2
Mouse_Thymus2,2786,84_29,1,Mouse_Thymus2
Mouse_Thymus2,2787,15_38,7,Mouse_Thymus2
Mouse_Thymus2,2788,66_19,1,Mouse_Thymus2
Mouse_Thymus2,2789,50_31,6,Mouse_Thymus2
Mouse_Thymus2,2790,7_47,2,Mouse_Thymus2
Mouse_Thymus2,2791,107_50,2,Mouse_Thymus2
Mouse_Thymus2,2792,67_27,1,Mouse_Thymus2
Mouse_Thymus2,2793,88_47,2,Mouse_Thymus2
Mouse_Thymus2,2794,41_32,6,Mouse_Thymus2
Mouse_Thymus2,2795,112_45,1,Mouse_Thymus2
Mouse_Thymus2,2796,117_35,7,Mouse_Thymus2
Mouse_Thymus2,2797,25_46,6,Mouse_Thymus2
Mouse_Thymus2,2798,81_22,1,Mouse_Thymus2
Mouse_Thymus2,2799,44_21,2,Mouse_Thymus2
Mouse_Thymus2,2800,18_44,1,Mouse_Thymus2
Mouse_Thymus2,2801,55_37,6,Mouse_Thymus2
Mouse_Thymus2,2802,89_49,5,Mouse_Thymus2
Mouse_Thymus2,2803,71_6,2,Mouse_Thymus2
Mouse_Thymus2,2804,86_54,2,Mouse_Thymus2
Mouse_Thymus2,2805,97_43,2,Mouse_Thymus2
Mouse_Thymus2,2806,43_34,2,Mouse_Thymus2
Mouse_Thymus2,2807,52_39,1,Mouse_Thymus2
Mouse_Thymus2,2808,120_41,5,Mouse_Thymus2
Mouse_Thymus2,2809,74_32,1,Mouse_Thymus2
Mouse_Thymus2,2810,120_59,1,Mouse_Thymus2
Mouse_Thymus2,2811,95_24,1,Mouse_Thymus2
Mouse_Thymus2,2812,95_29,5,Mouse_Thymus2
Mouse_Thymus2,2813,90_53,2,Mouse_Thymus2
Mouse_Thymus2,2814,114_59,5,Mouse_Thymus2
Mouse_Thymus2,2815,124_53,5,Mouse_Thymus2
Mouse_Thymus2,2816,14_46,1,Mouse_Thymus2
Mouse_Thymus2,2817,91_14,6,Mouse_Thymus2
Mouse_Thymus2,2818,45_36,6,Mouse_Thymus2
Mouse_Thymus2,2819,101_14,2,Mouse_Thymus2
Mouse_Thymus2,2820,35_48,1,Mouse_Thymus2
Mouse_Thymus2,2821,110_33,2,Mouse_Thymus2
Mouse_Thymus2,2822,42_42,1,Mouse_Thymus2
Mouse_Thymus2,2823,87_18,1,Mouse_Thymus2
Mouse_Thymus2,2824,108_51,2,Mouse_Thymus2
Mouse_Thymus2,2825,94_48,2,Mouse_Thymus2
Mouse_Thymus2,2826,60_26,1,Mouse_Thymus2
Mouse_Thymus2,2827,7_46,2,Mouse_Thymus2
Mouse_Thymus2,2828,30_33,2,Mouse_Thymus2
Mouse_Thymus2,2829,77_7,6,Mouse_Thymus2
Mouse_Thymus2,2830,54_32,6,Mouse_Thymus2
Mouse_Thymus2,2831,38_54,2,Mouse_Thymus2
Mouse_Thymus2,2832,83_32,2,Mouse_Thymus2
Mouse_Thymus2,2833,123_54,2,Mouse_Thymus2
Mouse_Thymus2,2834,88_16,1,Mouse_Thymus2
Mouse_Thymus2,2835,99_11,1,Mouse_Thymus2
Mouse_Thymus2,2836,24_39,2,Mouse_Thymus2
Mouse_Thymus2,2837,26_52,2,Mouse_Thymus2
Mouse_Thymus2,2838,45_23,2,Mouse_Thymus2
Mouse_Thymus2,2839,66_38,2,Mouse_Thymus2
Mouse_Thymus2,2840,44_46,1,Mouse_Thymus2
Mouse_Thymus2,2841,52_36,6,Mouse_Thymus2
Mouse_Thymus2,2842,107_51,6,Mouse_Thymus2
Mouse_Thymus2,2843,40_33,6,Mouse_Thymus2
Mouse_Thymus2,2844,32_45,1,Mouse_Thymus2
Mouse_Thymus2,2845,19_39,2,Mouse_Thymus2
Mouse_Thymus2,2846,93_17,1,Mouse_Thymus2
Mouse_Thymus2,2847,28_41,1,Mouse_Thymus2
Mouse_Thymus2,2848,81_1,6,Mouse_Thymus2
Mouse_Thymus2,2849,81_30,6,Mouse_Thymus2
Mouse_Thymus2,2850,101_46,5,Mouse_Thymus2
Mouse_Thymus2,2851,25_54,2,Mouse_Thymus2
Mouse_Thymus2,2852,93_12,2,Mouse_Thymus2
Mouse_Thymus2,2853,86_9,2,Mouse_Thymus2
Mouse_Thymus2,2854,31_34,2,Mouse_Thymus2
Mouse_Thymus2,2855,54_24,5,Mouse_Thymus2
Mouse_Thymus2,2856,81_42,1,Mouse_Thymus2
Mouse_Thymus2,2857,101_60,2,Mouse_Thymus2
Mouse_Thymus2,2858,55_13,2,Mouse_Thymus2
Mouse_Thymus2,2859,47_49,2,Mouse_Thymus2
Mouse_Thymus2,2860,96_20,1,Mouse_Thymus2
Mouse_Thymus2,2861,112_43,1,Mouse_Thymus2
Mouse_Thymus2,2862,92_50,5,Mouse_Thymus2
Mouse_Thymus2,2863,86_14,5,Mouse_Thymus2
Mouse_Thymus2,2864,107_55,5,Mouse_Thymus2
Mouse_Thymus2,2865,68_26,6,Mouse_Thymus2
Mouse_Thymus2,2866,31_26,5,Mouse_Thymus2
Mouse_Thymus2,2867,94_16,5,Mouse_Thymus2
Mouse_Thymus2,2868,106_51,2,Mouse_Thymus2
Mouse_Thymus2,2869,101_48,6,Mouse_Thymus2
Mouse_Thymus2,2870,35_40,1,Mouse_Thymus2
Mouse_Thymus2,2871,99_28,2,Mouse_Thymus2
Mouse_Thymus2,2872,74_48,2,Mouse_Thymus2
Mouse_Thymus2,2873,116_51,6,Mouse_Thymus2
Mouse_Thymus2,2874,113_45,1,Mouse_Thymus2
Mouse_Thymus2,2875,80_50,2,Mouse_Thymus2
Mouse_Thymus2,2876,60_25,1,Mouse_Thymus2
Mouse_Thymus2,2877,57_38,5,Mouse_Thymus2
Mouse_Thymus2,2878,80_43,1,Mouse_Thymus2
Mouse_Thymus2,2879,112_44,1,Mouse_Thymus2
Mouse_Thymus2,2880,90_17,1,Mouse_Thymus2
Mouse_Thymus2,2881,94_36,2,Mouse_Thymus2
Mouse_Thymus2,2882,78_29,1,Mouse_Thymus2
Mouse_Thymus2,2883,93_42,5,Mouse_Thymus2
Mouse_Thymus2,2884,4_45,5,Mouse_Thymus2
Mouse_Thymus2,2885,8_47,2,Mouse_Thymus2
Mouse_Thymus2,2886,103_34,1,Mouse_Thymus2
Mouse_Thymus2,2887,101_24,1,Mouse_Thymus2
Mouse_Thymus2,2888,78_23,1,Mouse_Thymus2
Mouse_Thymus2,2889,36_40,1,Mouse_Thymus2
Mouse_Thymus2,2890,52_42,2,Mouse_Thymus2
Mouse_Thymus2,2891,28_38,2,Mouse_Thymus2
Mouse_Thymus2,2892,90_12,2,Mouse_Thymus2
Mouse_Thymus2,2893,80_40,1,Mouse_Thymus2
Mouse_Thymus2,2894,30_43,1,Mouse_Thymus2
Mouse_Thymus2,2895,89_48,2,Mouse_Thymus2
Mouse_Thymus2,2896,102_41,1,Mouse_Thymus2
Mouse_Thymus2,2897,89_46,2,Mouse_Thymus2
Mouse_Thymus2,2898,57_23,6,Mouse_Thymus2
Mouse_Thymus2,2899,58_40,2,Mouse_Thymus2
Mouse_Thymus2,2900,94_9,2,Mouse_Thymus2
Mouse_Thymus2,2901,18_39,2,Mouse_Thymus2
Mouse_Thymus2,2902,103_36,1,Mouse_Thymus2
Mouse_Thymus2,2903,109_52,2,Mouse_Thymus2
Mouse_Thymus2,2904,41_36,2,Mouse_Thymus2
Mouse_Thymus2,2905,58_36,1,Mouse_Thymus2
Mouse_Thymus2,2906,85_35,2,Mouse_Thymus2
Mouse_Thymus2,2907,91_59,5,Mouse_Thymus2
Mouse_Thymus2,2908,99_10,5,Mouse_Thymus2
Mouse_Thymus2,2909,28_37,2,Mouse_Thymus2
Mouse_Thymus2,2910,38_26,5,Mouse_Thymus2
Mouse_Thymus2,2911,113_36,6,Mouse_Thymus2
Mouse_Thymus2,2912,83_19,1,Mouse_Thymus2
Mouse_Thymus2,2913,84_47,2,Mouse_Thymus2
Mouse_Thymus2,2914,87_47,5,Mouse_Thymus2
Mouse_Thymus2,2915,119_52,1,Mouse_Thymus2
Mouse_Thymus2,2916,28_31,7,Mouse_Thymus2
Mouse_Thymus2,2917,85_32,2,Mouse_Thymus2
Mouse_Thymus2,2918,71_3,2,Mouse_Thymus2
Mouse_Thymus2,2919,76_28,1,Mouse_Thymus2
Mouse_Thymus2,2920,74_3,2,Mouse_Thymus2
Mouse_Thymus2,2921,40_30,6,Mouse_Thymus2
Mouse_Thymus2,2922,84_51,5,Mouse_Thymus2
Mouse_Thymus2,2923,90_27,5,Mouse_Thymus2
Mouse_Thymus2,2924,98_35,1,Mouse_Thymus2
Mouse_Thymus2,2925,85_41,2,Mouse_Thymus2
Mouse_Thymus2,2926,105_27,2,Mouse_Thymus2
Mouse_Thymus2,2927,68_19,6,Mouse_Thymus2
Mouse_Thymus2,2928,103_20,2,Mouse_Thymus2
Mouse_Thymus2,2929,79_35,1,Mouse_Thymus2
Mouse_Thymus2,2930,90_32,5,Mouse_Thymus2
Mouse_Thymus2,2931,97_24,1,Mouse_Thymus2
Mouse_Thymus2,2932,97_26,1,Mouse_Thymus2
Mouse_Thymus2,2933,48_44,2,Mouse_Thymus2
Mouse_Thymus2,2934,78_51,6,Mouse_Thymus2
Mouse_Thymus2,2935,37_25,2,Mouse_Thymus2
Mouse_Thymus2,2936,113_52,2,Mouse_Thymus2
Mouse_Thymus2,2937,80_45,5,Mouse_Thymus2
Mouse_Thymus2,2938,64_37,6,Mouse_Thymus2
Mouse_Thymus2,2939,85_26,5,Mouse_Thymus2
Mouse_Thymus2,2940,10_49,2,Mouse_Thymus2
Mouse_Thymus2,2941,91_30,5,Mouse_Thymus2
Mouse_Thymus2,2942,113_53,2,Mouse_Thymus2
Mouse_Thymus2,2943,104_58,7,Mouse_Thymus2
Mouse_Thymus2,2944,71_15,5,Mouse_Thymus2
Mouse_Thymus2,2945,76_21,1,Mouse_Thymus2
Mouse_Thymus2,2946,15_40,6,Mouse_Thymus2
Mouse_Thymus2,2947,53_33,6,Mouse_Thymus2
Mouse_Thymus2,2948,82_10,2,Mouse_Thymus2
Mouse_Thymus2,2949,39_30,1,Mouse_Thymus2
Mouse_Thymus2,2950,113_49,6,Mouse_Thymus2
Mouse_Thymus2,2951,90_45,2,Mouse_Thymus2
Mouse_Thymus2,2952,16_45,1,Mouse_Thymus2
Mouse_Thymus2,2953,93_54,2,Mouse_Thymus2
Mouse_Thymus2,2954,31_52,2,Mouse_Thymus2
Mouse_Thymus2,2955,35_50,2,Mouse_Thymus2
Mouse_Thymus2,2956,99_26,1,Mouse_Thymus2
Mouse_Thymus2,2957,42_43,1,Mouse_Thymus2
Mouse_Thymus2,2958,31_30,6,Mouse_Thymus2
Mouse_Thymus2,2959,9_48,2,Mouse_Thymus2
Mouse_Thymus2,2960,90_18,1,Mouse_Thymus2
Mouse_Thymus2,2961,56_35,1,Mouse_Thymus2
Mouse_Thymus2,2962,38_23,2,Mouse_Thymus2
Mouse_Thymus2,2963,27_53,2,Mouse_Thymus2
Mouse_Thymus2,2964,114_47,1,Mouse_Thymus2
Mouse_Thymus2,2965,107_46,1,Mouse_Thymus2
Mouse_Thymus2,2966,97_45,2,Mouse_Thymus2
Mouse_Thymus2,2967,27_45,1,Mouse_Thymus2
Mouse_Thymus2,2968,98_51,2,Mouse_Thymus2
Mouse_Thymus2,2969,76_27,1,Mouse_Thymus2
Mouse_Thymus2,2970,70_4,2,Mouse_Thymus2
Mouse_Thymus2,2971,51_43,2,Mouse_Thymus2
Mouse_Thymus2,2972,55_30,6,Mouse_Thymus2
Mouse_Thymus2,2973,120_54,1,Mouse_Thymus2
Mouse_Thymus2,2974,87_38,2,Mouse_Thymus2
Mouse_Thymus2,2975,68_33,6,Mouse_Thymus2
Mouse_Thymus2,2976,120_40,7,Mouse_Thymus2
Mouse_Thymus2,2977,123_68,2,Mouse_Thymus2
Mouse_Thymus2,2978,65_27,1,Mouse_Thymus2
Mouse_Thymus2,2979,57_20,5,Mouse_Thymus2
Mouse_Thymus2,2980,37_47,6,Mouse_Thymus2
Mouse_Thymus2,2981,39_43,1,Mouse_Thymus2
Mouse_Thymus2,2982,103_33,1,Mouse_Thymus2
Mouse_Thymus2,2983,53_43,2,Mouse_Thymus2
Mouse_Thymus2,2984,5_42,7,Mouse_Thymus2
Mouse_Thymus2,2985,126_69,7,Mouse_Thymus2
Mouse_Thymus2,2986,79_32,1,Mouse_Thymus2
Mouse_Thymus2,2987,69_14,5,Mouse_Thymus2
Mouse_Thymus2,2988,80_49,2,Mouse_Thymus2
Mouse_Thymus2,2989,86_2,5,Mouse_Thymus2
Mouse_Thymus2,2990,81_50,5,Mouse_Thymus2
Mouse_Thymus2,2991,106_41,1,Mouse_Thymus2
Mouse_Thymus2,2992,87_8,2,Mouse_Thymus2
Mouse_Thymus2,2993,121_43,5,Mouse_Thymus2
Mouse_Thymus2,2994,122_64,6,Mouse_Thymus2
Mouse_Thymus2,2995,57_28,1,Mouse_Thymus2
Mouse_Thymus2,2996,109_38,1,Mouse_Thymus2
Mouse_Thymus2,2997,104_33,1,Mouse_Thymus2
Mouse_Thymus2,2998,102_53,2,Mouse_Thymus2
Mouse_Thymus2,2999,100_28,6,Mouse_Thymus2
Mouse_Thymus2,3000,42_23,2,Mouse_Thymus2
Mouse_Thymus2,3001,106_34,1,Mouse_Thymus2
Mouse_Thymus2,3002,111_47,1,Mouse_Thymus2
Mouse_Thymus2,3003,102_35,1,Mouse_Thymus2
Mouse_Thymus2,3004,70_23,1,Mouse_Thymus2
Mouse_Thymus2,3005,54_43,2,Mouse_Thymus2
Mouse_Thymus2,3006,50_24,2,Mouse_Thymus2
Mouse_Thymus2,3007,77_26,1,Mouse_Thymus2
Mouse_Thymus2,3008,76_42,1,Mouse_Thymus2
Mouse_Thymus2,3009,78_44,5,Mouse_Thymus2
Mouse_Thymus2,3010,68_41,2,Mouse_Thymus2
Mouse_Thymus2,3011,101_61,2,Mouse_Thymus2
Mouse_Thymus2,3012,77_37,1,Mouse_Thymus2
Mouse_Thymus2,3013,22_50,2,Mouse_Thymus2
Mouse_Thymus2,3014,42_25,2,Mouse_Thymus2
Mouse_Thymus2,3015,115_36,2,Mouse_Thymus2
Mouse_Thymus2,3016,46_37,1,Mouse_Thymus2
Mouse_Thymus2,3017,90_35,5,Mouse_Thymus2
Mouse_Thymus2,3018,85_40,2,Mouse_Thymus2
Mouse_Thymus2,3019,48_45,2,Mouse_Thymus2
Mouse_Thymus2,3020,121_54,6,Mouse_Thymus2
Mouse_Thymus2,3021,117_53,6,Mouse_Thymus2
Mouse_Thymus2,3022,22_38,5,Mouse_Thymus2
Mouse_Thymus2,3023,20_53,2,Mouse_Thymus2
Mouse_Thymus2,3024,123_66,6,Mouse_Thymus2
Mouse_Thymus2,3025,85_17,1,Mouse_Thymus2
Mouse_Thymus2,3026,88_6,2,Mouse_Thymus2
Mouse_Thymus2,3027,100_56,2,Mouse_Thymus2
Mouse_Thymus2,3028,57_24,6,Mouse_Thymus2
Mouse_Thymus2,3029,79_23,1,Mouse_Thymus2
Mouse_Thymus2,3030,71_33,6,Mouse_Thymus2
Mouse_Thymus2,3031,49_16,2,Mouse_Thymus2
Mouse_Thymus2,3032,99_19,2,Mouse_Thymus2
Mouse_Thymus2,3033,75_44,5,Mouse_Thymus2
Mouse_Thymus2,3034,68_6,2,Mouse_Thymus2
Mouse_Thymus2,3035,61_36,1,Mouse_Thymus2
Mouse_Thymus2,3036,56_27,1,Mouse_Thymus2
Mouse_Thymus2,3037,43_44,1,Mouse_Thymus2
Mouse_Thymus2,3038,88_12,2,Mouse_Thymus2
Mouse_Thymus2,3039,73_40,1,Mouse_Thymus2
Mouse_Thymus2,3040,85_42,2,Mouse_Thymus2
Mouse_Thymus2,3041,35_55,2,Mouse_Thymus2
Mouse_Thymus2,3042,111_44,1,Mouse_Thymus2
Mouse_Thymus2,3043,65_30,6,Mouse_Thymus2
Mouse_Thymus2,3044,44_26,6,Mouse_Thymus2
Mouse_Thymus2,3045,70_6,2,Mouse_Thymus2
Mouse_Thymus2,3046,12_46,2,Mouse_Thymus2
Mouse_Thymus2,3047,37_29,6,Mouse_Thymus2
Mouse_Thymus2,3048,80_3,5,Mouse_Thymus2
Mouse_Thymus2,3049,46_32,2,Mouse_Thymus2
Mouse_Thymus2,3050,36_35,6,Mouse_Thymus2
Mouse_Thymus2,3051,97_52,2,Mouse_Thymus2
Mouse_Thymus2,3052,102_14,7,Mouse_Thymus2
Mouse_Thymus2,3053,94_47,2,Mouse_Thymus2
Mouse_Thymus2,3054,72_8,2,Mouse_Thymus2
Mouse_Thymus2,3055,41_45,1,Mouse_Thymus2
Mouse_Thymus2,3056,87_5,6,Mouse_Thymus2
Mouse_Thymus2,3057,89_47,2,Mouse_Thymus2
Mouse_Thymus2,3058,81_26,5,Mouse_Thymus2
Mouse_Thymus2,3059,79_0,5,Mouse_Thymus2
Mouse_Thymus2,3060,89_51,2,Mouse_Thymus2
Mouse_Thymus2,3061,100_36,1,Mouse_Thymus2
Mouse_Thymus2,3062,86_20,1,Mouse_Thymus2
Mouse_Thymus2,3063,119_58,6,Mouse_Thymus2
Mouse_Thymus2,3064,121_51,2,Mouse_Thymus2
Mouse_Thymus2,3065,100_18,2,Mouse_Thymus2
Mouse_Thymus2,3066,46_19,2,Mouse_Thymus2
Mouse_Thymus2,3067,104_50,2,Mouse_Thymus2
Mouse_Thymus2,3068,105_56,5,Mouse_Thymus2
Mouse_Thymus2,3069,102_58,2,Mouse_Thymus2
Mouse_Thymus2,3070,94_6,2,Mouse_Thymus2
Mouse_Thymus2,3071,85_13,6,Mouse_Thymus2
Mouse_Thymus2,3072,111_57,2,Mouse_Thymus2
Mouse_Thymus2,3073,88_17,1,Mouse_Thymus2
Mouse_Thymus2,3074,100_44,2,Mouse_Thymus2
Mouse_Thymus2,3075,21_48,7,Mouse_Thymus2
Mouse_Thymus2,3076,101_25,1,Mouse_Thymus2
Mouse_Thymus2,3077,59_15,2,Mouse_Thymus2
Mouse_Thymus2,3078,22_45,1,Mouse_Thymus2
Mouse_Thymus2,3079,24_36,2,Mouse_Thymus2
Mouse_Thymus2,3080,118_62,5,Mouse_Thymus2
Mouse_Thymus2,3081,99_38,1,Mouse_Thymus2
Mouse_Thymus2,3082,53_27,1,Mouse_Thymus2
Mouse_Thymus2,3083,53_22,2,Mouse_Thymus2
Mouse_Thymus2,3084,93_31,2,Mouse_Thymus2
Mouse_Thymus2,3085,35_34,2,Mouse_Thymus2
Mouse_Thymus2,3086,52_25,5,Mouse_Thymus2
Mouse_Thymus2,3087,11_49,2,Mouse_Thymus2
Mouse_Thymus2,3088,81_32,2,Mouse_Thymus2
Mouse_Thymus2,3089,117_69,7,Mouse_Thymus2
Mouse_Thymus2,3090,74_20,5,Mouse_Thymus2
Mouse_Thymus2,3091,74_13,5,Mouse_Thymus2
Mouse_Thymus2,3092,31_54,2,Mouse_Thymus2
Mouse_Thymus2,3093,32_25,5,Mouse_Thymus2
Mouse_Thymus2,3094,51_44,2,Mouse_Thymus2
Mouse_Thymus2,3095,90_14,6,Mouse_Thymus2
Mouse_Thymus2,3096,98_13,2,Mouse_Thymus2
Mouse_Thymus2,3097,71_7,2,Mouse_Thymus2
Mouse_Thymus2,3098,125_71,2,Mouse_Thymus2
Mouse_Thymus2,3099,105_41,1,Mouse_Thymus2
Mouse_Thymus2,3100,89_28,6,Mouse_Thymus2
Mouse_Thymus2,3101,100_59,2,Mouse_Thymus2
Mouse_Thymus2,3102,116_67,7,Mouse_Thymus2
Mouse_Thymus2,3103,96_46,5,Mouse_Thymus2
Mouse_Thymus2,3104,92_7,5,Mouse_Thymus2
Mouse_Thymus2,3105,115_39,2,Mouse_Thymus2
Mouse_Thymus2,3106,63_37,6,Mouse_Thymus2
Mouse_Thymus2,3107,33_49,5,Mouse_Thymus2
Mouse_Thymus2,3108,85_27,6,Mouse_Thymus2
Mouse_Thymus2,3109,60_14,5,Mouse_Thymus2
Mouse_Thymus2,3110,82_31,6,Mouse_Thymus2
Mouse_Thymus2,3111,106_38,1,Mouse_Thymus2
Mouse_Thymus2,3112,85_54,2,Mouse_Thymus2
Mouse_Thymus2,3113,66_27,6,Mouse_Thymus2
Mouse_Thymus2,3114,72_4,2,Mouse_Thymus2
Mouse_Thymus2,3115,80_9,2,Mouse_Thymus2
Mouse_Thymus2,3116,76_32,1,Mouse_Thymus2
Mouse_Thymus2,3117,64_33,1,Mouse_Thymus2
Mouse_Thymus2,3118,91_52,2,Mouse_Thymus2
Mouse_Thymus2,3119,93_51,2,Mouse_Thymus2
Mouse_Thymus2,3120,96_18,5,Mouse_Thymus2
Mouse_Thymus2,3121,48_22,5,Mouse_Thymus2
Mouse_Thymus2,3122,83_35,2,Mouse_Thymus2
Mouse_Thymus2,3123,98_33,1,Mouse_Thymus2
Mouse_Thymus2,3124,83_14,5,Mouse_Thymus2
Mouse_Thymus2,3125,102_32,6,Mouse_Thymus2
Mouse_Thymus2,3126,94_45,5,Mouse_Thymus2
Mouse_Thymus2,3127,67_10,2,Mouse_Thymus2
Mouse_Thymus2,3128,104_54,2,Mouse_Thymus2
Mouse_Thymus2,3129,38_29,6,Mouse_Thymus2
Mouse_Thymus2,3130,49_17,2,Mouse_Thymus2
Mouse_Thymus2,3131,100_50,5,Mouse_Thymus2
Mouse_Thymus2,3132,93_49,2,Mouse_Thymus2
Mouse_Thymus2,3133,99_12,6,Mouse_Thymus2
Mouse_Thymus2,3134,82_4,2,Mouse_Thymus2
Mouse_Thymus2,3135,41_25,2,Mouse_Thymus2
Mouse_Thymus2,3136,112_39,1,Mouse_Thymus2
Mouse_Thymus2,3137,119_39,5,Mouse_Thymus2
Mouse_Thymus2,3138,34_51,2,Mouse_Thymus2
Mouse_Thymus2,3139,37_31,5,Mouse_Thymus2
Mouse_Thymus2,3140,114_39,2,Mouse_Thymus2
Mouse_Thymus2,3141,94_25,1,Mouse_Thymus2
Mouse_Thymus2,3142,31_27,2,Mouse_Thymus2
Mouse_Thymus2,3143,89_42,2,Mouse_Thymus2
Mouse_Thymus2,3144,16_40,6,Mouse_Thymus2
Mouse_Thymus2,3145,69_27,1,Mouse_Thymus2
Mouse_Thymus2,3146,76_37,1,Mouse_Thymus2
Mouse_Thymus2,3147,106_37,1,Mouse_Thymus2
Mouse_Thymus2,3148,70_2,2,Mouse_Thymus2
Mouse_Thymus2,3149,74_39,1,Mouse_Thymus2
Mouse_Thymus2,3150,75_47,2,Mouse_Thymus2
Mouse_Thymus2,3151,50_28,1,Mouse_Thymus2
Mouse_Thymus2,3152,122_72,2,Mouse_Thymus2
Mouse_Thymus2,3153,22_47,1,Mouse_Thymus2
Mouse_Thymus2,3154,82_30,6,Mouse_Thymus2
Mouse_Thymus2,3155,78_19,1,Mouse_Thymus2
Mouse_Thymus2,3156,92_41,5,Mouse_Thymus2
Mouse_Thymus2,3157,120_66,5,Mouse_Thymus2
Mouse_Thymus2,3158,81_36,6,Mouse_Thymus2
Mouse_Thymus2,3159,71_30,2,Mouse_Thymus2
Mouse_Thymus2,3160,114_57,2,Mouse_Thymus2
Mouse_Thymus2,3161,26_48,1,Mouse_Thymus2
Mouse_Thymus2,3162,90_20,1,Mouse_Thymus2
Mouse_Thymus2,3163,91_32,2,Mouse_Thymus2
Mouse_Thymus2,3164,107_22,5,Mouse_Thymus2
Mouse_Thymus2,3165,17_51,2,Mouse_Thymus2
Mouse_Thymus2,3166,36_25,2,Mouse_Thymus2
Mouse_Thymus2,3167,14_49,2,Mouse_Thymus2
Mouse_Thymus2,3168,96_59,2,Mouse_Thymus2
Mouse_Thymus2,3169,125_63,2,Mouse_Thymus2
Mouse_Thymus2,3170,84_14,6,Mouse_Thymus2
Mouse_Thymus2,3171,92_18,1,Mouse_Thymus2
Mouse_Thymus2,3172,80_42,1,Mouse_Thymus2
Mouse_Thymus2,3173,77_13,2,Mouse_Thymus2
Mouse_Thymus2,3174,24_50,2,Mouse_Thymus2
Mouse_Thymus2,3175,72_2,2,Mouse_Thymus2
Mouse_Thymus2,3176,62_21,1,Mouse_Thymus2
Mouse_Thymus2,3177,68_17,5,Mouse_Thymus2
Mouse_Thymus2,3178,16_41,2,Mouse_Thymus2
Mouse_Thymus2,3179,90_22,1,Mouse_Thymus2
Mouse_Thymus2,3180,101_32,2,Mouse_Thymus2
Mouse_Thymus2,3181,8_46,2,Mouse_Thymus2
Mouse_Thymus2,3182,59_25,1,Mouse_Thymus2
Mouse_Thymus2,3183,72_12,5,Mouse_Thymus2
Mouse_Thymus2,3184,67_42,2,Mouse_Thymus2
Mouse_Thymus2,3185,125_58,7,Mouse_Thymus2
Mouse_Thymus2,3186,86_37,5,Mouse_Thymus2
Mouse_Thymus2,3187,33_42,1,Mouse_Thymus2
Mouse_Thymus2,3188,23_52,2,Mouse_Thymus2
Mouse_Thymus2,3189,61_30,1,Mouse_Thymus2
Mouse_Thymus2,3190,100_15,2,Mouse_Thymus2
Mouse_Thymus2,3191,54_40,6,Mouse_Thymus2
Mouse_Thymus2,3192,78_0,2,Mouse_Thymus2
Mouse_Thymus2,3193,79_12,2,Mouse_Thymus2
Mouse_Thymus2,3194,45_37,5,Mouse_Thymus2
Mouse_Thymus2,3195,23_42,2,Mouse_Thymus2
Mouse_Thymus2,3196,95_60,2,Mouse_Thymus2
Mouse_Thymus2,3197,31_53,5,Mouse_Thymus2
Mouse_Thymus2,3198,62_33,1,Mouse_Thymus2
Mouse_Thymus2,3199,65_36,5,Mouse_Thymus2
Mouse_Thymus2,3200,23_36,2,Mouse_Thymus2
Mouse_Thymus2,3201,96_10,2,Mouse_Thymus2
Mouse_Thymus2,3202,122_55,2,Mouse_Thymus2
Mouse_Thymus2,3203,106_23,2,Mouse_Thymus2
Mouse_Thymus2,3204,38_52,2,Mouse_Thymus2
Mouse_Thymus2,3205,89_11,2,Mouse_Thymus2
Mouse_Thymus2,3206,74_2,2,Mouse_Thymus2
Mouse_Thymus2,3207,83_46,2,Mouse_Thymus2
Mouse_Thymus2,3208,72_37,1,Mouse_Thymus2
Mouse_Thymus2,3209,110_45,6,Mouse_Thymus2
Mouse_Thymus2,3210,87_12,6,Mouse_Thymus2
Mouse_Thymus2,3211,91_16,1,Mouse_Thymus2
Mouse_Thymus2,3212,73_27,1,Mouse_Thymus2
Mouse_Thymus2,3213,90_41,2,Mouse_Thymus2
Mouse_Thymus2,3214,49_43,5,Mouse_Thymus2
Mouse_Thymus2,3215,47_17,2,Mouse_Thymus2
Mouse_Thymus2,3216,40_37,2,Mouse_Thymus2
Mouse_Thymus2,3217,98_19,1,Mouse_Thymus2
Mouse_Thymus2,3218,114_55,2,Mouse_Thymus2
Mouse_Thymus2,3219,96_26,1,Mouse_Thymus2
Mouse_Thymus2,3220,20_43,1,Mouse_Thymus2
Mouse_Thymus2,3221,68_15,2,Mouse_Thymus2
Mouse_Thymus2,3222,59_37,1,Mouse_Thymus2
Mouse_Thymus2,3223,107_44,2,Mouse_Thymus2
Mouse_Thymus2,3224,64_20,1,Mouse_Thymus2
Mouse_Thymus2,3225,31_55,2,Mouse_Thymus2
Mouse_Thymus2,3226,90_21,1,Mouse_Thymus2
Mouse_Thymus2,3227,32_44,1,Mouse_Thymus2
Mouse_Thymus2,3228,95_43,2,Mouse_Thymus2
Mouse_Thymus2,3229,87_39,2,Mouse_Thymus2
Mouse_Thymus2,3230,60_28,1,Mouse_Thymus2
Mouse_Thymus2,3231,35_51,2,Mouse_Thymus2
Mouse_Thymus2,3232,17_47,1,Mouse_Thymus2
Mouse_Thymus2,3233,15_49,2,Mouse_Thymus2
Mouse_Thymus2,3234,75_38,1,Mouse_Thymus2
Mouse_Thymus2,3235,56_29,1,Mouse_Thymus2
Mouse_Thymus2,3236,30_35,2,Mouse_Thymus2
Mouse_Thymus2,3237,117_54,5,Mouse_Thymus2
Mouse_Thymus2,3238,99_44,2,Mouse_Thymus2
Mouse_Thymus2,3239,27_54,2,Mouse_Thymus2
Mouse_Thymus2,3240,69_3,5,Mouse_Thymus2
Mouse_Thymus2,3241,115_53,6,Mouse_Thymus2
Mouse_Thymus2,3242,64_25,1,Mouse_Thymus2
Mouse_Thymus2,3243,64_19,5,Mouse_Thymus2
Mouse_Thymus2,3244,89_24,1,Mouse_Thymus2
Mouse_Thymus2,3245,82_21,1,Mouse_Thymus2
Mouse_Thymus2,3246,111_34,2,Mouse_Thymus2
Mouse_Thymus2,3247,35_41,1,Mouse_Thymus2
Mouse_Thymus2,3248,72_26,1,Mouse_Thymus2
Mouse_Thymus2,3249,36_34,2,Mouse_Thymus2
Mouse_Thymus2,3250,19_48,5,Mouse_Thymus2
Mouse_Thymus2,3251,94_26,1,Mouse_Thymus2
Mouse_Thymus2,3252,23_49,5,Mouse_Thymus2
Mouse_Thymus2,3253,72_45,2,Mouse_Thymus2
Mouse_Thymus2,3254,45_33,6,Mouse_Thymus2
Mouse_Thymus2,3255,100_52,2,Mouse_Thymus2
Mouse_Thymus2,3256,105_50,2,Mouse_Thymus2
Mouse_Thymus2,3257,12_51,2,Mouse_Thymus2
Mouse_Thymus2,3258,88_38,5,Mouse_Thymus2
Mouse_Thymus2,3259,41_49,2,Mouse_Thymus2
Mouse_Thymus2,3260,97_11,2,Mouse_Thymus2
Mouse_Thymus2,3261,93_27,1,Mouse_Thymus2
Mouse_Thymus2,3262,95_10,2,Mouse_Thymus2
Mouse_Thymus2,3263,47_36,6,Mouse_Thymus2
Mouse_Thymus2,3264,45_48,5,Mouse_Thymus2
Mouse_Thymus2,3265,74_22,5,Mouse_Thymus2
Mouse_Thymus2,3266,38_34,2,Mouse_Thymus2
Mouse_Thymus2,3267,37_36,2,Mouse_Thymus2
Mouse_Thymus2,3268,84_7,2,Mouse_Thymus2
Mouse_Thymus2,3269,97_56,2,Mouse_Thymus2
Mouse_Thymus2,3270,39_53,2,Mouse_Thymus2
Mouse_Thymus2,3271,102_39,1,Mouse_Thymus2
Mouse_Thymus2,3272,118_68,2,Mouse_Thymus2
Mouse_Thymus2,3273,101_45,5,Mouse_Thymus2
Mouse_Thymus2,3274,38_32,6,Mouse_Thymus2
Mouse_Thymus2,3275,125_59,2,Mouse_Thymus2
Mouse_Thymus2,3276,56_42,2,Mouse_Thymus2
Mouse_Thymus2,3277,44_24,2,Mouse_Thymus2
Mouse_Thymus2,3278,111_58,5,Mouse_Thymus2
Mouse_Thymus2,3279,103_38,1,Mouse_Thymus2
Mouse_Thymus2,3280,80_44,1,Mouse_Thymus2
Mouse_Thymus2,3281,103_27,1,Mouse_Thymus2
Mouse_Thymus2,3282,84_19,1,Mouse_Thymus2
Mouse_Thymus2,3283,98_39,6,Mouse_Thymus2
Mouse_Thymus2,3284,94_51,2,Mouse_Thymus2
Mouse_Thymus2,3285,51_40,1,Mouse_Thymus2
Mouse_Thymus2,3286,85_55,5,Mouse_Thymus2
Mouse_Thymus2,3287,56_31,6,Mouse_Thymus2
Mouse_Thymus2,3288,85_38,6,Mouse_Thymus2
Mouse_Thymus2,3289,77_31,1,Mouse_Thymus2
Mouse_Thymus2,3290,40_23,2,Mouse_Thymus2
Mouse_Thymus2,3291,101_37,6,Mouse_Thymus2
Mouse_Thymus2,3292,102_56,2,Mouse_Thymus2
Mouse_Thymus2,3293,72_17,5,Mouse_Thymus2
Mouse_Thymus2,3294,100_32,5,Mouse_Thymus2
Mouse_Thymus2,3295,73_4,2,Mouse_Thymus2
Mouse_Thymus2,3296,83_2,2,Mouse_Thymus2
Mouse_Thymus2,3297,80_12,2,Mouse_Thymus2
Mouse_Thymus2,3298,39_36,6,Mouse_Thymus2
Mouse_Thymus2,3299,99_60,2,Mouse_Thymus2
Mouse_Thymus2,3300,37_23,7,Mouse_Thymus2
Mouse_Thymus2,3301,76_41,1,Mouse_Thymus2
Mouse_Thymus2,3302,74_45,2,Mouse_Thymus2
Mouse_Thymus2,3303,71_21,1,Mouse_Thymus2
Mouse_Thymus2,3304,40_21,2,Mouse_Thymus2
Mouse_Thymus2,3305,77_33,1,Mouse_Thymus2
Mouse_Thymus2,3306,79_7,2,Mouse_Thymus2
Mouse_Thymus2,3307,48_36,6,Mouse_Thymus2
Mouse_Thymus2,3308,120_65,2,Mouse_Thymus2
Mouse_Thymus2,3309,106_21,6,Mouse_Thymus2
Mouse_Thymus2,3310,117_68,5,Mouse_Thymus2
Mouse_Thymus2,3311,86_19,1,Mouse_Thymus2
Mouse_Thymus2,3312,76_45,5,Mouse_Thymus2
Mouse_Thymus2,3313,86_48,5,Mouse_Thymus2
Mouse_Thymus2,3314,94_60,2,Mouse_Thymus2
Mouse_Thymus2,3315,46_48,2,Mouse_Thymus2
Mouse_Thymus2,3316,119_50,5,Mouse_Thymus2
Mouse_Thymus2,3317,44_40,1,Mouse_Thymus2
Mouse_Thymus2,3318,29_35,2,Mouse_Thymus2
Mouse_Thymus2,3319,44_30,1,Mouse_Thymus2
Mouse_Thymus2,3320,117_49,1,Mouse_Thymus2
Mouse_Thymus2,3321,67_20,1,Mouse_Thymus2
Mouse_Thymus2,3322,95_54,2,Mouse_Thymus2
Mouse_Thymus2,3323,80_21,1,Mouse_Thymus2
Mouse_Thymus2,3324,39_48,2,Mouse_Thymus2
Mouse_Thymus2,3325,89_55,2,Mouse_Thymus2
Mouse_Thymus2,3326,82_49,2,Mouse_Thymus2
Mouse_Thymus2,3327,77_20,1,Mouse_Thymus2
Mouse_Thymus2,3328,36_30,5,Mouse_Thymus2
Mouse_Thymus2,3329,55_31,6,Mouse_Thymus2
Mouse_Thymus2,3330,95_25,1,Mouse_Thymus2
Mouse_Thymus2,3331,48_49,7,Mouse_Thymus2
Mouse_Thymus2,3332,77_30,1,Mouse_Thymus2
Mouse_Thymus2,3333,47_47,2,Mouse_Thymus2
Mouse_Thymus2,3334,23_44,1,Mouse_Thymus2
Mouse_Thymus2,3335,85_43,2,Mouse_Thymus2
Mouse_Thymus2,3336,102_46,2,Mouse_Thymus2
Mouse_Thymus2,3337,78_30,1,Mouse_Thymus2
Mouse_Thymus2,3338,37_33,6,Mouse_Thymus2
Mouse_Thymus2,3339,65_22,6,Mouse_Thymus2
Mouse_Thymus2,3340,74_10,2,Mouse_Thymus2
Mouse_Thymus2,3341,117_47,1,Mouse_Thymus2
Mouse_Thymus2,3342,86_24,2,Mouse_Thymus2
Mouse_Thymus2,3343,91_33,5,Mouse_Thymus2
Mouse_Thymus2,3344,54_37,1,Mouse_Thymus2
Mouse_Thymus2,3345,80_0,5,Mouse_Thymus2
Mouse_Thymus2,3346,83_49,2,Mouse_Thymus2
Mouse_Thymus2,3347,92_23,1,Mouse_Thymus2
Mouse_Thymus2,3348,120_52,5,Mouse_Thymus2
Mouse_Thymus2,3349,31_51,2,Mouse_Thymus2
Mouse_Thymus2,3350,47_35,1,Mouse_Thymus2
Mouse_Thymus2,3351,122_47,2,Mouse_Thymus2
Mouse_Thymus2,3352,68_25,1,Mouse_Thymus2
Mouse_Thymus2,3353,62_38,2,Mouse_Thymus2
Mouse_Thymus2,3354,64_24,1,Mouse_Thymus2
Mouse_Thymus2,3355,22_44,1,Mouse_Thymus2
Mouse_Thymus2,3356,54_23,1,Mouse_Thymus2
Mouse_Thymus2,3357,53_35,6,Mouse_Thymus2
Mouse_Thymus2,3358,89_16,1,Mouse_Thymus2
Mouse_Thymus2,3359,108_36,1,Mouse_Thymus2
Mouse_Thymus2,3360,109_48,5,Mouse_Thymus2
Mouse_Thymus2,3361,67_35,1,Mouse_Thymus2
Mouse_Thymus2,3362,70_35,1,Mouse_Thymus2
Mouse_Thymus2,3363,82_19,1,Mouse_Thymus2
Mouse_Thymus2,3364,79_38,1,Mouse_Thymus2
Mouse_Thymus2,3365,121_49,2,Mouse_Thymus2
Mouse_Thymus2,3366,100_48,2,Mouse_Thymus2
Mouse_Thymus2,3367,115_50,6,Mouse_Thymus2
Mouse_Thymus2,3368,116_39,2,Mouse_Thymus2
Mouse_Thymus2,3369,73_30,1,Mouse_Thymus2
Mouse_Thymus2,3370,46_39,1,Mouse_Thymus2
Mouse_Thymus2,3371,85_12,5,Mouse_Thymus2
Mouse_Thymus2,3372,65_37,5,Mouse_Thymus2
Mouse_Thymus2,3373,88_35,2,Mouse_Thymus2
Mouse_Thymus2,3374,90_13,5,Mouse_Thymus2
Mouse_Thymus2,3375,120_50,2,Mouse_Thymus2
Mouse_Thymus2,3376,119_43,2,Mouse_Thymus2
Mouse_Thymus2,3377,109_28,2,Mouse_Thymus2
Mouse_Thymus2,3378,88_5,2,Mouse_Thymus2
Mouse_Thymus2,3379,35_30,6,Mouse_Thymus2
Mouse_Thymus2,3380,68_21,6,Mouse_Thymus2
Mouse_Thymus2,3381,74_33,1,Mouse_Thymus2
Mouse_Thymus2,3382,28_40,2,Mouse_Thymus2
Mouse_Thymus2,3383,35_49,2,Mouse_Thymus2
Mouse_Thymus2,3384,38_51,2,Mouse_Thymus2
Mouse_Thymus2,3385,59_17,2,Mouse_Thymus2
Mouse_Thymus2,3386,79_41,1,Mouse_Thymus2
Mouse_Thymus2,3387,69_42,2,Mouse_Thymus2
Mouse_Thymus2,3388,18_37,6,Mouse_Thymus2
Mouse_Thymus2,3389,99_22,1,Mouse_Thymus2
Mouse_Thymus2,3390,84_13,5,Mouse_Thymus2
Mouse_Thymus2,3391,31_38,2,Mouse_Thymus2
Mouse_Thymus2,3392,94_49,2,Mouse_Thymus2
Mouse_Thymus2,3393,123_50,5,Mouse_Thymus2
Mouse_Thymus2,3394,105_29,2,Mouse_Thymus2
Mouse_Thymus2,3395,33_45,1,Mouse_Thymus2
Mouse_Thymus2,3396,111_39,1,Mouse_Thymus2
Mouse_Thymus2,3397,27_42,6,Mouse_Thymus2
Mouse_Thymus2,3398,110_53,2,Mouse_Thymus2
Mouse_Thymus2,3399,75_35,1,Mouse_Thymus2
Mouse_Thymus2,3400,101_41,6,Mouse_Thymus2
Mouse_Thymus2,3401,97_50,5,Mouse_Thymus2
Mouse_Thymus2,3402,100_29,6,Mouse_Thymus2
Mouse_Thymus2,3403,24_38,2,Mouse_Thymus2
Mouse_Thymus2,3404,85_23,5,Mouse_Thymus2
Mouse_Thymus2,3405,113_61,2,Mouse_Thymus2
Mouse_Thymus2,3406,103_30,1,Mouse_Thymus2
Mouse_Thymus2,3407,90_54,2,Mouse_Thymus2
Mouse_Thymus2,3408,83_54,2,Mouse_Thymus2
Mouse_Thymus2,3409,114_58,2,Mouse_Thymus2
Mouse_Thymus2,3410,98_49,2,Mouse_Thymus2
Mouse_Thymus2,3411,7_45,5,Mouse_Thymus2
Mouse_Thymus2,3412,77_45,2,Mouse_Thymus2
Mouse_Thymus2,3413,85_56,5,Mouse_Thymus2
Mouse_Thymus2,3414,118_56,1,Mouse_Thymus2
Mouse_Thymus2,3415,57_21,5,Mouse_Thymus2
Mouse_Thymus2,3416,103_21,2,Mouse_Thymus2
Mouse_Thymus2,3417,62_26,1,Mouse_Thymus2
Mouse_Thymus2,3418,77_21,1,Mouse_Thymus2
Mouse_Thymus2,3419,34_28,2,Mouse_Thymus2
Mouse_Thymus2,3420,109_41,1,Mouse_Thymus2
Mouse_Thymus2,3421,33_38,2,Mouse_Thymus2
Mouse_Thymus2,3422,43_38,1,Mouse_Thymus2
Mouse_Thymus2,3423,120_44,2,Mouse_Thymus2
Mouse_Thymus2,3424,96_30,5,Mouse_Thymus2
Mouse_Thymus2,3425,118_70,2,Mouse_Thymus2
Mouse_Thymus2,3426,82_18,1,Mouse_Thymus2
Mouse_Thymus2,3427,62_14,2,Mouse_Thymus2
Mouse_Thymus2,3428,117_39,2,Mouse_Thymus2
Mouse_Thymus2,3429,123_52,2,Mouse_Thymus2
Mouse_Thymus2,3430,100_31,6,Mouse_Thymus2
Mouse_Thymus2,3431,24_53,2,Mouse_Thymus2
Mouse_Thymus2,3432,75_8,2,Mouse_Thymus2
Mouse_Thymus2,3433,60_27,1,Mouse_Thymus2
Mouse_Thymus2,3434,85_39,2,Mouse_Thymus2
Mouse_Thymus2,3435,121_50,2,Mouse_Thymus2
Mouse_Thymus2,3436,121_67,6,Mouse_Thymus2
Mouse_Thymus2,3437,70_19,5,Mouse_Thymus2
Mouse_Thymus2,3438,118_45,2,Mouse_Thymus2
Mouse_Thymus2,3439,67_36,1,Mouse_Thymus2
Mouse_Thymus2,3440,109_35,1,Mouse_Thymus2
Mouse_Thymus2,3441,65_13,2,Mouse_Thymus2
Mouse_Thymus2,3442,74_9,5,Mouse_Thymus2
Mouse_Thymus2,3443,41_50,2,Mouse_Thymus2
Mouse_Thymus2,3444,11_40,5,Mouse_Thymus2
Mouse_Thymus2,3445,39_26,1,Mouse_Thymus2
Mouse_Thymus2,3446,90_36,2,Mouse_Thymus2
Mouse_Thymus2,3447,30_29,2,Mouse_Thymus2
Mouse_Thymus2,3448,94_35,2,Mouse_Thymus2
Mouse_Thymus2,3449,57_31,1,Mouse_Thymus2
Mouse_Thymus2,3450,104_37,1,Mouse_Thymus2
Mouse_Thymus2,3451,21_49,2,Mouse_Thymus2
Mouse_Thymus2,3452,89_33,2,Mouse_Thymus2
Mouse_Thymus2,3453,108_45,1,Mouse_Thymus2
Mouse_Thymus2,3454,86_50,2,Mouse_Thymus2
Mouse_Thymus2,3455,94_56,2,Mouse_Thymus2
Mouse_Thymus2,3456,76_20,5,Mouse_Thymus2
Mouse_Thymus2,3457,64_32,1,Mouse_Thymus2
Mouse_Thymus2,3458,80_31,1,Mouse_Thymus2
Mouse_Thymus2,3459,89_53,2,Mouse_Thymus2
Mouse_Thymus2,3460,103_40,1,Mouse_Thymus2
Mouse_Thymus2,3461,121_72,5,Mouse_Thymus2
Mouse_Thymus2,3462,86_25,6,Mouse_Thymus2
Mouse_Thymus2,3463,113_54,2,Mouse_Thymus2
Mouse_Thymus2,3464,94_40,2,Mouse_Thymus2
Mouse_Thymus2,3465,117_58,1,Mouse_Thymus2
Mouse_Thymus2,3466,105_28,2,Mouse_Thymus2
Mouse_Thymus2,3467,99_8,5,Mouse_Thymus2
Mouse_Thymus2,3468,19_43,1,Mouse_Thymus2
Mouse_Thymus2,3469,65_40,2,Mouse_Thymus2
Mouse_Thymus2,3470,35_36,2,Mouse_Thymus2
Mouse_Thymus2,3471,54_39,2,Mouse_Thymus2
Mouse_Thymus2,3472,38_35,2,Mouse_Thymus2
Mouse_Thymus2,3473,13_41,2,Mouse_Thymus2
Mouse_Thymus2,3474,48_27,1,Mouse_Thymus2
Mouse_Thymus2,3475,79_15,5,Mouse_Thymus2
Mouse_Thymus2,3476,116_63,2,Mouse_Thymus2
Mouse_Thymus2,3477,60_19,2,Mouse_Thymus2
Mouse_Thymus2,3478,79_33,1,Mouse_Thymus2
Mouse_Thymus2,3479,18_53,5,Mouse_Thymus2
Mouse_Thymus2,3480,77_2,5,Mouse_Thymus2
Mouse_Thymus2,3481,71_22,1,Mouse_Thymus2
Mouse_Thymus2,3482,72_24,1,Mouse_Thymus2
Mouse_Thymus2,3483,79_28,1,Mouse_Thymus2
Mouse_Thymus2,3484,81_27,2,Mouse_Thymus2
Mouse_Thymus2,3485,52_21,5,Mouse_Thymus2
Mouse_Thymus2,3486,54_15,2,Mouse_Thymus2
Mouse_Thymus2,3487,49_15,5,Mouse_Thymus2
Mouse_Thymus2,3488,105_37,1,Mouse_Thymus2
Mouse_Thymus2,3489,83_10,2,Mouse_Thymus2
Mouse_Thymus2,3490,26_49,6,Mouse_Thymus2
Mouse_Thymus2,3491,50_27,6,Mouse_Thymus2
Mouse_Thymus2,3492,58_25,1,Mouse_Thymus2
Mouse_Thymus2,3493,30_53,2,Mouse_Thymus2
Mouse_Thymus2,3494,47_42,1,Mouse_Thymus2
Mouse_Thymus2,3495,84_2,2,Mouse_Thymus2
Mouse_Thymus2,3496,38_37,2,Mouse_Thymus2
Mouse_Thymus2,3497,64_16,2,Mouse_Thymus2
Mouse_Thymus2,3498,69_13,2,Mouse_Thymus2
Mouse_Thymus2,3499,76_39,1,Mouse_Thymus2
Mouse_Thymus2,3500,44_50,2,Mouse_Thymus2
Mouse_Thymus2,3501,105_53,5,Mouse_Thymus2
Mouse_Thymus2,3502,34_40,6,Mouse_Thymus2
Mouse_Thymus2,3503,42_49,2,Mouse_Thymus2
Mouse_Thymus2,3504,108_49,2,Mouse_Thymus2
Mouse_Thymus2,3505,108_44,1,Mouse_Thymus2
Mouse_Thymus2,3506,27_40,6,Mouse_Thymus2
Mouse_Thymus2,3507,46_41,1,Mouse_Thymus2
Mouse_Thymus2,3508,108_56,2,Mouse_Thymus2
Mouse_Thymus2,3509,96_56,2,Mouse_Thymus2
Mouse_Thymus2,3510,121_52,6,Mouse_Thymus2
Mouse_Thymus2,3511,50_15,7,Mouse_Thymus2
Mouse_Thymus2,3512,76_3,2,Mouse_Thymus2
Mouse_Thymus2,3513,90_28,2,Mouse_Thymus2
Mouse_Thymus2,3514,85_22,1,Mouse_Thymus2
Mouse_Thymus2,3515,62_34,1,Mouse_Thymus2
Mouse_Thymus2,3516,65_34,1,Mouse_Thymus2
Mouse_Thymus2,3517,96_5,5,Mouse_Thymus2
Mouse_Thymus2,3518,99_47,2,Mouse_Thymus2
Mouse_Thymus2,3519,123_53,2,Mouse_Thymus2
Mouse_Thymus2,3520,86_26,5,Mouse_Thymus2
Mouse_Thymus2,3521,77_24,1,Mouse_Thymus2
Mouse_Thymus2,3522,45_25,2,Mouse_Thymus2
Mouse_Thymus2,3523,107_53,2,Mouse_Thymus2
Mouse_Thymus2,3524,43_29,1,Mouse_Thymus2
Mouse_Thymus2,3525,36_36,5,Mouse_Thymus2
Mouse_Thymus2,3526,27_32,7,Mouse_Thymus2
Mouse_Thymus2,3527,49_29,1,Mouse_Thymus2
Mouse_Thymus2,3528,91_53,2,Mouse_Thymus2
Mouse_Thymus2,3529,119_41,2,Mouse_Thymus2
Mouse_Thymus2,3530,85_52,2,Mouse_Thymus2
Mouse_Thymus2,3531,72_23,1,Mouse_Thymus2
Mouse_Thymus2,3532,111_56,5,Mouse_Thymus2
Mouse_Thymus2,3533,93_52,2,Mouse_Thymus2
Mouse_Thymus2,3534,112_42,1,Mouse_Thymus2
Mouse_Thymus2,3535,113_46,1,Mouse_Thymus2
Mouse_Thymus2,3536,54_21,6,Mouse_Thymus2
Mouse_Thymus2,3537,67_30,5,Mouse_Thymus2
Mouse_Thymus2,3538,89_36,2,Mouse_Thymus2
Mouse_Thymus2,3539,58_16,2,Mouse_Thymus2
Mouse_Thymus2,3540,82_14,2,Mouse_Thymus2
Mouse_Thymus2,3541,15_39,5,Mouse_Thymus2
Mouse_Thymus2,3542,88_24,1,Mouse_Thymus2
Mouse_Thymus2,3543,91_54,5,Mouse_Thymus2
Mouse_Thymus2,3544,76_1,6,Mouse_Thymus2
Mouse_Thymus2,3545,58_38,2,Mouse_Thymus2
Mouse_Thymus2,3546,35_42,1,Mouse_Thymus2
Mouse_Thymus2,3547,99_61,6,Mouse_Thymus2
Mouse_Thymus2,3548,60_15,5,Mouse_Thymus2
Mouse_Thymus2,3549,59_26,1,Mouse_Thymus2
Mouse_Thymus2,3550,70_9,5,Mouse_Thymus2
Mouse_Thymus2,3551,100_43,2,Mouse_Thymus2
Mouse_Thymus2,3552,25_50,6,Mouse_Thymus2
Mouse_Thymus2,3553,50_23,2,Mouse_Thymus2
Mouse_Thymus2,3554,57_30,1,Mouse_Thymus2
Mouse_Thymus2,3555,51_18,5,Mouse_Thymus2
Mouse_Thymus2,3556,58_14,7,Mouse_Thymus2
Mouse_Thymus2,3557,56_23,5,Mouse_Thymus2
Mouse_Thymus2,3558,99_17,2,Mouse_Thymus2
Mouse_Thymus2,3559,86_34,5,Mouse_Thymus2
Mouse_Thymus2,3560,116_64,2,Mouse_Thymus2
Mouse_Thymus2,3561,31_43,1,Mouse_Thymus2
Mouse_Thymus2,3562,53_15,5,Mouse_Thymus2
Mouse_Thymus2,3563,113_32,5,Mouse_Thymus2
Mouse_Thymus2,3564,19_38,2,Mouse_Thymus2
Mouse_Thymus2,3565,38_24,5,Mouse_Thymus2
Mouse_Thymus2,3566,14_44,1,Mouse_Thymus2
Mouse_Thymus2,3567,102_25,1,Mouse_Thymus2
Mouse_Thymus2,3568,101_47,5,Mouse_Thymus2
Mouse_Thymus2,3569,92_16,1,Mouse_Thymus2
Mouse_Thymus2,3570,90_8,2,Mouse_Thymus2
Mouse_Thymus2,3571,16_39,2,Mouse_Thymus2
Mouse_Thymus2,3572,88_41,5,Mouse_Thymus2
Mouse_Thymus2,3573,124_65,6,Mouse_Thymus2
Mouse_Thymus2,3574,101_16,2,Mouse_Thymus2
Mouse_Thymus2,3575,103_58,2,Mouse_Thymus2
Mouse_Thymus2,3576,121_69,2,Mouse_Thymus2
Mouse_Thymus2,3577,16_43,1,Mouse_Thymus2
Mouse_Thymus2,3578,91_58,2,Mouse_Thymus2
Mouse_Thymus2,3579,37_44,1,Mouse_Thymus2
Mouse_Thymus2,3580,64_12,2,Mouse_Thymus2
Mouse_Thymus2,3581,95_20,6,Mouse_Thymus2
Mouse_Thymus2,3582,50_36,1,Mouse_Thymus2
Mouse_Thymus2,3583,68_38,6,Mouse_Thymus2
Mouse_Thymus2,3584,77_38,1,Mouse_Thymus2
Mouse_Thymus2,3585,98_54,2,Mouse_Thymus2
Mouse_Thymus2,3586,63_22,1,Mouse_Thymus2
Mouse_Thymus2,3587,99_57,2,Mouse_Thymus2
Mouse_Thymus2,3588,98_58,2,Mouse_Thymus2
Mouse_Thymus2,3589,118_52,1,Mouse_Thymus2
Mouse_Thymus2,3590,50_30,6,Mouse_Thymus2
Mouse_Thymus2,3591,32_27,2,Mouse_Thymus2
Mouse_Thymus2,3592,18_54,5,Mouse_Thymus2
Mouse_Thymus2,3593,65_15,5,Mouse_Thymus2
Mouse_Thymus2,3594,101_27,1,Mouse_Thymus2
Mouse_Thymus2,3595,75_49,2,Mouse_Thymus2
Mouse_Thymus2,3596,77_32,1,Mouse_Thymus2
Mouse_Thymus2,3597,74_30,1,Mouse_Thymus2
Mouse_Thymus2,3598,21_38,2,Mouse_Thymus2
Mouse_Thymus2,3599,87_30,2,Mouse_Thymus2
Mouse_Thymus2,3600,117_51,1,Mouse_Thymus2
Mouse_Thymus2,3601,43_49,2,Mouse_Thymus2
Mouse_Thymus2,3602,116_40,2,Mouse_Thymus2
Mouse_Thymus2,3603,92_35,6,Mouse_Thymus2
Mouse_Thymus2,3604,68_10,2,Mouse_Thymus2
Mouse_Thymus2,3605,112_56,5,Mouse_Thymus2
Mouse_Thymus2,3606,90_42,2,Mouse_Thymus2
Mouse_Thymus2,3607,59_35,1,Mouse_Thymus2
Mouse_Thymus2,3608,44_35,2,Mouse_Thymus2
Mouse_Thymus2,3609,96_50,2,Mouse_Thymus2
Mouse_Thymus2,3610,73_25,1,Mouse_Thymus2
Mouse_Thymus2,3611,111_37,1,Mouse_Thymus2
Mouse_Thymus2,3612,80_4,2,Mouse_Thymus2
Mouse_Thymus2,3613,93_48,5,Mouse_Thymus2
Mouse_Thymus2,3614,41_52,2,Mouse_Thymus2
Mouse_Thymus2,3615,17_46,1,Mouse_Thymus2
Mouse_Thymus2,3616,58_29,6,Mouse_Thymus2
Mouse_Thymus2,3617,60_33,1,Mouse_Thymus2
Mouse_Thymus2,3618,68_29,5,Mouse_Thymus2
Mouse_Thymus2,3619,51_31,6,Mouse_Thymus2
Mouse_Thymus2,3620,67_18,1,Mouse_Thymus2
Mouse_Thymus2,3621,6_44,2,Mouse_Thymus2
Mouse_Thymus2,3622,114_36,2,Mouse_Thymus2
Mouse_Thymus2,3623,38_50,2,Mouse_Thymus2
Mouse_Thymus2,3624,5_47,5,Mouse_Thymus2
Mouse_Thymus2,3625,58_41,2,Mouse_Thymus2
Mouse_Thymus2,3626,102_22,2,Mouse_Thymus2
Mouse_Thymus2,3627,80_26,6,Mouse_Thymus2
Mouse_Thymus2,3628,107_52,2,Mouse_Thymus2
Mouse_Thymus2,3629,93_45,2,Mouse_Thymus2
Mouse_Thymus2,3630,91_35,2,Mouse_Thymus2
Mouse_Thymus2,3631,68_8,2,Mouse_Thymus2
Mouse_Thymus2,3632,101_43,5,Mouse_Thymus2
Mouse_Thymus2,3633,102_55,2,Mouse_Thymus2
Mouse_Thymus2,3634,67_29,2,Mouse_Thymus2
Mouse_Thymus2,3635,62_24,6,Mouse_Thymus2
Mouse_Thymus2,3636,45_45,1,Mouse_Thymus2
Mouse_Thymus2,3637,26_45,1,Mouse_Thymus2
Mouse_Thymus2,3638,115_61,2,Mouse_Thymus2
Mouse_Thymus2,3639,96_49,2,Mouse_Thymus2
Mouse_Thymus2,3640,96_58,2,Mouse_Thymus2
Mouse_Thymus2,3641,71_39,1,Mouse_Thymus2
Mouse_Thymus2,3642,82_9,5,Mouse_Thymus2
Mouse_Thymus2,3643,126_70,7,Mouse_Thymus2
Mouse_Thymus2,3644,29_55,2,Mouse_Thymus2
Mouse_Thymus2,3645,51_34,6,Mouse_Thymus2
Mouse_Thymus2,3646,52_40,1,Mouse_Thymus2
Mouse_Thymus2,3647,38_48,6,Mouse_Thymus2
Mouse_Thymus2,3648,10_50,5,Mouse_Thymus2
Mouse_Thymus2,3649,101_33,5,Mouse_Thymus2
Mouse_Thymus2,3650,34_29,2,Mouse_Thymus2
Mouse_Thymus2,3651,117_52,6,Mouse_Thymus2
Mouse_Thymus2,3652,117_45,5,Mouse_Thymus2
Mouse_Thymus2,3653,49_44,2,Mouse_Thymus2
Mouse_Thymus2,3654,105_42,1,Mouse_Thymus2
Mouse_Thymus2,3655,45_21,2,Mouse_Thymus2
Mouse_Thymus2,3656,111_52,2,Mouse_Thymus2
Mouse_Thymus2,3657,51_38,1,Mouse_Thymus2
Mouse_Thymus2,3658,9_47,2,Mouse_Thymus2
Mouse_Thymus2,3659,120_42,5,Mouse_Thymus2
Mouse_Thymus2,3660,101_44,5,Mouse_Thymus2
Mouse_Thymus2,3661,8_43,2,Mouse_Thymus2
Mouse_Thymus2,3662,106_50,2,Mouse_Thymus2
Mouse_Thymus2,3663,57_35,1,Mouse_Thymus2
Mouse_Thymus2,3664,94_53,5,Mouse_Thymus2
Mouse_Thymus2,3665,76_16,5,Mouse_Thymus2
Mouse_Thymus2,3666,108_41,1,Mouse_Thymus2
Mouse_Thymus2,3667,31_41,6,Mouse_Thymus2
Mouse_Thymus2,3668,50_41,1,Mouse_Thymus2
Mouse_Thymus2,3669,66_35,1,Mouse_Thymus2
Mouse_Thymus2,3670,65_25,5,Mouse_Thymus2
Mouse_Thymus2,3671,50_46,6,Mouse_Thymus2
Mouse_Thymus2,3672,95_41,5,Mouse_Thymus2
Mouse_Thymus2,3673,88_44,2,Mouse_Thymus2
Mouse_Thymus2,3674,84_22,1,Mouse_Thymus2
Mouse_Thymus2,3675,116_53,2,Mouse_Thymus2
Mouse_Thymus2,3676,88_51,5,Mouse_Thymus2
Mouse_Thymus2,3677,60_29,1,Mouse_Thymus2
Mouse_Thymus2,3678,118_60,1,Mouse_Thymus2
Mouse_Thymus2,3679,108_43,6,Mouse_Thymus2
Mouse_Thymus2,3680,23_50,6,Mouse_Thymus2
Mouse_Thymus2,3681,42_18,7,Mouse_Thymus2
Mouse_Thymus2,3682,105_23,2,Mouse_Thymus2
Mouse_Thymus2,3683,82_25,5,Mouse_Thymus2
Mouse_Thymus2,3684,61_20,6,Mouse_Thymus2
Mouse_Thymus2,3685,86_12,6,Mouse_Thymus2
Mouse_Thymus2,3686,88_36,2,Mouse_Thymus2
Mouse_Thymus2,3687,100_12,2,Mouse_Thymus2
Mouse_Thymus2,3688,24_37,2,Mouse_Thymus2
Mouse_Thymus2,3689,96_41,2,Mouse_Thymus2
Mouse_Thymus2,3690,44_29,1,Mouse_Thymus2
Mouse_Thymus2,3691,78_38,6,Mouse_Thymus2
Mouse_Thymus2,3692,80_41,1,Mouse_Thymus2
Mouse_Thymus2,3693,83_43,5,Mouse_Thymus2
Mouse_Thymus2,3694,43_25,2,Mouse_Thymus2
Mouse_Thymus2,3695,20_38,2,Mouse_Thymus2
Mouse_Thymus2,3696,28_47,1,Mouse_Thymus2
Mouse_Thymus2,3697,90_23,1,Mouse_Thymus2
Mouse_Thymus2,3698,85_4,2,Mouse_Thymus2
Mouse_Thymus2,3699,78_5,2,Mouse_Thymus2
Mouse_Thymus2,3700,16_47,1,Mouse_Thymus2
Mouse_Thymus2,3701,57_26,1,Mouse_Thymus2
Mouse_Thymus2,3702,77_4,2,Mouse_Thymus2
Mouse_Thymus2,3703,33_40,6,Mouse_Thymus2
Mouse_Thymus2,3704,80_29,2,Mouse_Thymus2
Mouse_Thymus2,3705,50_16,2,Mouse_Thymus2
Mouse_Thymus2,3706,34_30,6,Mouse_Thymus2
Mouse_Thymus2,3707,73_32,6,Mouse_Thymus2
Mouse_Thymus2,3708,70_21,1,Mouse_Thymus2
Mouse_Thymus2,3709,61_38,2,Mouse_Thymus2
Mouse_Thymus2,3710,80_46,5,Mouse_Thymus2
Mouse_Thymus2,3711,26_37,6,Mouse_Thymus2
Mouse_Thymus2,3712,25_38,2,Mouse_Thymus2
Mouse_Thymus2,3713,44_42,1,Mouse_Thymus2
Mouse_Thymus2,3714,88_42,2,Mouse_Thymus2
Mouse_Thymus2,3715,92_43,5,Mouse_Thymus2
Mouse_Thymus2,3716,47_31,6,Mouse_Thymus2
Mouse_Thymus2,3717,85_28,1,Mouse_Thymus2
Mouse_Thymus2,3718,97_14,5,Mouse_Thymus2
Mouse_Thymus2,3719,28_54,2,Mouse_Thymus2
Mouse_Thymus2,3720,74_18,2,Mouse_Thymus2
Mouse_Thymus2,3721,86_13,6,Mouse_Thymus2
Mouse_Thymus2,3722,75_39,1,Mouse_Thymus2
Mouse_Thymus2,3723,103_49,2,Mouse_Thymus2
Mouse_Thymus2,3724,112_53,2,Mouse_Thymus2
Mouse_Thymus2,3725,114_37,2,Mouse_Thymus2
Mouse_Thymus2,3726,92_30,2,Mouse_Thymus2
Mouse_Thymus2,3727,75_32,1,Mouse_Thymus2
Mouse_Thymus2,3728,52_24,2,Mouse_Thymus2
Mouse_Thymus2,3729,100_35,1,Mouse_Thymus2
Mouse_Thymus2,3730,51_21,5,Mouse_Thymus2
Mouse_Thymus2,3731,113_55,5,Mouse_Thymus2
Mouse_Thymus2,3732,98_26,1,Mouse_Thymus2
Mouse_Thymus2,3733,81_13,2,Mouse_Thymus2
Mouse_Thymus2,3734,87_19,1,Mouse_Thymus2
Mouse_Thymus2,3735,83_17,1,Mouse_Thymus2
Mouse_Thymus2,3736,108_38,1,Mouse_Thymus2
Mouse_Thymus2,3737,9_41,5,Mouse_Thymus2
Mouse_Thymus2,3738,60_16,2,Mouse_Thymus2
Mouse_Thymus2,3739,91_7,5,Mouse_Thymus2
Mouse_Thymus2,3740,39_23,2,Mouse_Thymus2
Mouse_Thymus2,3741,47_25,5,Mouse_Thymus2
Mouse_Thymus2,3742,90_29,5,Mouse_Thymus2
Mouse_Thymus2,3743,37_51,2,Mouse_Thymus2
Mouse_Thymus2,3744,64_28,1,Mouse_Thymus2
Mouse_Thymus2,3745,40_48,2,Mouse_Thymus2
Mouse_Thymus2,3746,84_46,5,Mouse_Thymus2
Mouse_Thymus2,3747,18_45,1,Mouse_Thymus2
Mouse_Thymus2,3748,18_49,2,Mouse_Thymus2
Mouse_Thymus2,3749,43_46,1,Mouse_Thymus2
Mouse_Thymus2,3750,96_57,2,Mouse_Thymus2
Mouse_Thymus2,3751,72_38,1,Mouse_Thymus2
Mouse_Thymus2,3752,114_53,2,Mouse_Thymus2
Mouse_Thymus2,3753,102_51,5,Mouse_Thymus2
Mouse_Thymus2,3754,71_34,5,Mouse_Thymus2
Mouse_Thymus2,3755,121_55,6,Mouse_Thymus2
Mouse_Thymus2,3756,67_25,1,Mouse_Thymus2
Mouse_Thymus2,3757,89_37,2,Mouse_Thymus2
Mouse_Thymus2,3758,49_47,6,Mouse_Thymus2
Mouse_Thymus2,3759,87_55,2,Mouse_Thymus2
Mouse_Thymus2,3760,64_14,5,Mouse_Thymus2
Mouse_Thymus2,3761,34_25,2,Mouse_Thymus2
Mouse_Thymus2,3762,78_40,1,Mouse_Thymus2
Mouse_Thymus2,3763,88_25,5,Mouse_Thymus2
Mouse_Thymus2,3764,29_56,2,Mouse_Thymus2
Mouse_Thymus2,3765,100_21,1,Mouse_Thymus2
Mouse_Thymus2,3766,26_33,7,Mouse_Thymus2
Mouse_Thymus2,3767,31_25,5,Mouse_Thymus2
Mouse_Thymus2,3768,116_45,1,Mouse_Thymus2
Mouse_Thymus2,3769,23_48,1,Mouse_Thymus2
Mouse_Thymus2,3770,115_58,5,Mouse_Thymus2
Mouse_Thymus2,3771,64_40,2,Mouse_Thymus2
Mouse_Thymus2,3772,111_38,1,Mouse_Thymus2
Mouse_Thymus2,3773,51_33,6,Mouse_Thymus2
Mouse_Thymus2,3774,115_42,6,Mouse_Thymus2
Mouse_Thymus2,3775,37_45,1,Mouse_Thymus2
Mouse_Thymus2,3776,97_25,1,Mouse_Thymus2
Mouse_Thymus2,3777,66_36,1,Mouse_Thymus2
Mouse_Thymus2,3778,45_44,1,Mouse_Thymus2
Mouse_Thymus2,3779,49_30,1,Mouse_Thymus2
Mouse_Thymus2,3780,5_46,2,Mouse_Thymus2
Mouse_Thymus2,3781,94_42,2,Mouse_Thymus2
Mouse_Thymus2,3782,73_28,1,Mouse_Thymus2
Mouse_Thymus2,3783,88_58,2,Mouse_Thymus2
Mouse_Thymus2,3784,28_46,1,Mouse_Thymus2
Mouse_Thymus2,3785,111_40,1,Mouse_Thymus2
Mouse_Thymus2,3786,91_44,2,Mouse_Thymus2
Mouse_Thymus2,3787,112_49,6,Mouse_Thymus2
Mouse_Thymus2,3788,27_56,2,Mouse_Thymus2
Mouse_Thymus2,3789,113_47,6,Mouse_Thymus2
Mouse_Thymus2,3790,98_28,6,Mouse_Thymus2
Mouse_Thymus2,3791,29_50,2,Mouse_Thymus2
Mouse_Thymus2,3792,77_36,1,Mouse_Thymus2
Mouse_Thymus2,3793,79_3,5,Mouse_Thymus2
Mouse_Thymus2,3794,82_54,7,Mouse_Thymus2
Mouse_Thymus2,3795,41_40,1,Mouse_Thymus2
Mouse_Thymus2,3796,90_56,2,Mouse_Thymus2
Mouse_Thymus2,3797,108_48,2,Mouse_Thymus2
Mouse_Thymus2,3798,29_33,6,Mouse_Thymus2
Mouse_Thymus2,3799,95_42,5,Mouse_Thymus2
Mouse_Thymus2,3800,97_8,2,Mouse_Thymus2
Mouse_Thymus2,3801,62_40,6,Mouse_Thymus2
Mouse_Thymus2,3802,77_16,5,Mouse_Thymus2
Mouse_Thymus2,3803,46_29,1,Mouse_Thymus2
Mouse_Thymus2,3804,95_59,2,Mouse_Thymus2
Mouse_Thymus2,3805,119_55,1,Mouse_Thymus2
Mouse_Thymus2,3806,115_64,2,Mouse_Thymus2
Mouse_Thymus2,3807,105_39,1,Mouse_Thymus2
Mouse_Thymus2,3808,70_31,6,Mouse_Thymus2
Mouse_Thymus2,3809,81_9,2,Mouse_Thymus2
Mouse_Thymus2,3810,96_47,5,Mouse_Thymus2
Mouse_Thymus2,3811,55_17,5,Mouse_Thymus2
Mouse_Thymus2,3812,61_34,1,Mouse_Thymus2
Mouse_Thymus2,3813,108_52,2,Mouse_Thymus2
Mouse_Thymus2,3814,76_11,2,Mouse_Thymus2
Mouse_Thymus2,3815,14_42,5,Mouse_Thymus2
Mouse_Thymus2,3816,53_16,5,Mouse_Thymus2
Mouse_Thymus2,3817,93_36,2,Mouse_Thymus2
Mouse_Thymus2,3818,49_35,2,Mouse_Thymus2
Mouse_Thymus2,3819,49_26,1,Mouse_Thymus2
Mouse_Thymus2,3820,30_40,6,Mouse_Thymus2
Mouse_Thymus2,3821,42_32,5,Mouse_Thymus2
Mouse_Thymus2,3822,86_3,2,Mouse_Thymus2
Mouse_Thymus2,3823,15_50,2,Mouse_Thymus2
Mouse_Thymus2,3824,82_1,5,Mouse_Thymus2
Mouse_Thymus2,3825,69_2,7,Mouse_Thymus2
Mouse_Thymus2,3826,117_43,2,Mouse_Thymus2
Mouse_Thymus2,3827,9_42,2,Mouse_Thymus2
Mouse_Thymus2,3828,79_48,2,Mouse_Thymus2
Mouse_Thymus2,3829,92_31,2,Mouse_Thymus2
Mouse_Thymus2,3830,39_33,2,Mouse_Thymus2
Mouse_Thymus2,3831,85_11,2,Mouse_Thymus2
Mouse_Thymus2,3832,23_55,2,Mouse_Thymus2
Mouse_Thymus2,3833,100_23,1,Mouse_Thymus2
Mouse_Thymus2,3834,84_1,2,Mouse_Thymus2
Mouse_Thymus2,3835,41_19,7,Mouse_Thymus2
Mouse_Thymus2,3836,122_70,2,Mouse_Thymus2
Mouse_Thymus2,3837,56_38,6,Mouse_Thymus2
Mouse_Thymus2,3838,75_46,2,Mouse_Thymus2
Mouse_Thymus2,3839,74_12,2,Mouse_Thymus2
Mouse_Thymus2,3840,99_24,1,Mouse_Thymus2
Mouse_Thymus2,3841,43_21,2,Mouse_Thymus2
Mouse_Thymus2,3842,113_33,2,Mouse_Thymus2
Mouse_Thymus2,3843,42_41,1,Mouse_Thymus2
Mouse_Thymus2,3844,101_18,2,Mouse_Thymus2
Mouse_Thymus2,3845,99_39,1,Mouse_Thymus2
Mouse_Thymus2,3846,92_19,1,Mouse_Thymus2
Mouse_Thymus2,3847,115_56,2,Mouse_Thymus2
Mouse_Thymus2,3848,24_54,2,Mouse_Thymus2
Mouse_Thymus2,3849,79_31,1,Mouse_Thymus2
Mouse_Thymus2,3850,83_18,1,Mouse_Thymus2
Mouse_Thymus2,3851,51_20,5,Mouse_Thymus2
Mouse_Thymus2,3852,71_44,2,Mouse_Thymus2
Mouse_Thymus2,3853,25_55,2,Mouse_Thymus2
Mouse_Thymus2,3854,94_18,5,Mouse_Thymus2
Mouse_Thymus2,3855,108_35,1,Mouse_Thymus2
Mouse_Thymus2,3856,14_45,1,Mouse_Thymus2
Mouse_Thymus2,3857,111_33,2,Mouse_Thymus2
Mouse_Thymus2,3858,119_62,6,Mouse_Thymus2
Mouse_Thymus2,3859,76_36,1,Mouse_Thymus2
Mouse_Thymus2,3860,88_4,2,Mouse_Thymus2
Mouse_Thymus2,3861,108_24,5,Mouse_Thymus2
Mouse_Thymus2,3862,76_24,1,Mouse_Thymus2
Mouse_Thymus2,3863,13_45,1,Mouse_Thymus2
Mouse_Thymus2,3864,36_43,1,Mouse_Thymus2
Mouse_Thymus2,3865,41_44,1,Mouse_Thymus2
Mouse_Thymus2,3866,119_60,1,Mouse_Thymus2
Mouse_Thymus2,3867,68_11,6,Mouse_Thymus2
Mouse_Thymus2,3868,96_35,2,Mouse_Thymus2
Mouse_Thymus2,3869,93_10,2,Mouse_Thymus2
Mouse_Thymus2,3870,32_49,6,Mouse_Thymus2
Mouse_Thymus2,3871,63_15,1,Mouse_Thymus2
Mouse_Thymus2,3872,39_46,6,Mouse_Thymus2
Mouse_Thymus2,3873,98_44,2,Mouse_Thymus2
Mouse_Thymus2,3874,66_7,7,Mouse_Thymus2
Mouse_Thymus2,3875,78_17,2,Mouse_Thymus2
Mouse_Thymus2,3876,25_44,1,Mouse_Thymus2
Mouse_Thymus2,3877,19_55,7,Mouse_Thymus2
Mouse_Thymus2,3878,58_31,1,Mouse_Thymus2
Mouse_Thymus2,3879,84_17,1,Mouse_Thymus2
Mouse_Thymus2,3880,97_17,5,Mouse_Thymus2
Mouse_Thymus2,3881,101_34,6,Mouse_Thymus2
Mouse_Thymus2,3882,76_40,1,Mouse_Thymus2
Mouse_Thymus2,3883,122_58,2,Mouse_Thymus2
Mouse_Thymus2,3884,120_62,5,Mouse_Thymus2
Mouse_Thymus2,3885,17_50,5,Mouse_Thymus2
Mouse_Thymus2,3886,60_38,2,Mouse_Thymus2
Mouse_Thymus2,3887,121_70,2,Mouse_Thymus2
Mouse_Thymus2,3888,82_8,6,Mouse_Thymus2
Mouse_Thymus2,3889,34_50,2,Mouse_Thymus2
Mouse_Thymus2,3890,33_36,7,Mouse_Thymus2
Mouse_Thymus2,3891,95_21,6,Mouse_Thymus2
Mouse_Thymus2,3892,91_38,5,Mouse_Thymus2
Mouse_Thymus2,3893,35_39,5,Mouse_Thymus2
Mouse_Thymus2,3894,76_23,1,Mouse_Thymus2
Mouse_Thymus2,3895,58_18,2,Mouse_Thymus2
Mouse_Thymus2,3896,46_22,5,Mouse_Thymus2
Mouse_Thymus2,3897,44_22,2,Mouse_Thymus2
Mouse_Thymus2,3898,90_59,2,Mouse_Thymus2
Mouse_Thymus2,3899,67_34,1,Mouse_Thymus2
Mouse_Thymus2,3900,124_54,5,Mouse_Thymus2
Mouse_Thymus2,3901,98_59,2,Mouse_Thymus2
Mouse_Thymus2,3902,46_36,6,Mouse_Thymus2
Mouse_Thymus2,3903,57_33,1,Mouse_Thymus2
Mouse_Thymus2,3904,1_46,7,Mouse_Thymus2
Mouse_Thymus2,3905,42_48,2,Mouse_Thymus2
Mouse_Thymus2,3906,13_50,2,Mouse_Thymus2
Mouse_Thymus2,3907,34_38,2,Mouse_Thymus2
Mouse_Thymus2,3908,74_5,2,Mouse_Thymus2
Mouse_Thymus2,3909,112_58,2,Mouse_Thymus2
Mouse_Thymus2,3910,39_50,2,Mouse_Thymus2
Mouse_Thymus2,3911,26_54,2,Mouse_Thymus2
Mouse_Thymus2,3912,69_37,1,Mouse_Thymus2
Mouse_Thymus2,3913,96_28,5,Mouse_Thymus2
Mouse_Thymus2,3914,44_47,6,Mouse_Thymus2
Mouse_Thymus2,3915,50_44,2,Mouse_Thymus2
Mouse_Thymus2,3916,36_48,6,Mouse_Thymus2
Mouse_Thymus2,3917,91_10,2,Mouse_Thymus2
Mouse_Thymus2,3918,60_32,1,Mouse_Thymus2
Mouse_Thymus2,3919,22_42,2,Mouse_Thymus2
Mouse_Thymus2,3920,52_27,1,Mouse_Thymus2
Mouse_Thymus2,3921,65_9,2,Mouse_Thymus2
Mouse_Thymus2,3922,115_51,2,Mouse_Thymus2
Mouse_Thymus2,3923,49_18,2,Mouse_Thymus2
Mouse_Thymus2,3924,121_62,5,Mouse_Thymus2
Mouse_Thymus2,3925,79_36,1,Mouse_Thymus2
Mouse_Thymus2,3926,109_29,2,Mouse_Thymus2
Mouse_Thymus2,3927,17_40,2,Mouse_Thymus2
Mouse_Thymus2,3928,43_41,1,Mouse_Thymus2
Mouse_Thymus2,3929,52_23,2,Mouse_Thymus2
Mouse_Thymus2,3930,66_41,6,Mouse_Thymus2
Mouse_Thymus2,3931,30_38,2,Mouse_Thymus2
Mouse_Thymus2,3932,80_52,2,Mouse_Thymus2
Mouse_Thymus2,3933,71_12,2,Mouse_Thymus2
Mouse_Thymus2,3934,65_19,1,Mouse_Thymus2
Mouse_Thymus2,3935,103_18,2,Mouse_Thymus2
Mouse_Thymus2,3936,117_36,5,Mouse_Thymus2
Mouse_Thymus2,3937,38_38,6,Mouse_Thymus2
Mouse_Thymus2,3938,90_33,2,Mouse_Thymus2
Mouse_Thymus2,3939,77_12,6,Mouse_Thymus2
Mouse_Thymus2,3940,73_24,1,Mouse_Thymus2
Mouse_Thymus2,3941,79_4,2,Mouse_Thymus2
Mouse_Thymus2,3942,94_38,2,Mouse_Thymus2
Mouse_Thymus2,3943,71_41,2,Mouse_Thymus2
Mouse_Thymus2,3944,98_12,5,Mouse_Thymus2
Mouse_Thymus2,3945,22_43,1,Mouse_Thymus2
Mouse_Thymus2,3946,71_19,2,Mouse_Thymus2
Mouse_Thymus2,3947,99_34,1,Mouse_Thymus2
Mouse_Thymus2,3948,79_43,1,Mouse_Thymus2
Mouse_Thymus2,3949,70_12,5,Mouse_Thymus2
Mouse_Thymus2,3950,66_20,1,Mouse_Thymus2
Mouse_Thymus2,3951,5_45,2,Mouse_Thymus2
Mouse_Thymus2,3952,80_17,1,Mouse_Thymus2
Mouse_Thymus2,3953,93_29,5,Mouse_Thymus2
Mouse_Thymus2,3954,108_29,2,Mouse_Thymus2
Mouse_Thymus2,3955,103_23,2,Mouse_Thymus2
Mouse_Thymus2,3956,30_50,2,Mouse_Thymus2
Mouse_Thymus2,3957,61_17,5,Mouse_Thymus2
Mouse_Thymus2,3958,82_11,2,Mouse_Thymus2
Mouse_Thymus2,3959,87_51,2,Mouse_Thymus2
Mouse_Thymus2,3960,108_39,1,Mouse_Thymus2
Mouse_Thymus2,3961,64_17,2,Mouse_Thymus2
Mouse_Thymus2,3962,109_45,1,Mouse_Thymus2
Mouse_Thymus2,3963,8_45,1,Mouse_Thymus2
Mouse_Thymus2,3964,100_49,5,Mouse_Thymus2
Mouse_Thymus2,3965,62_30,1,Mouse_Thymus2
Mouse_Thymus2,3966,12_50,2,Mouse_Thymus2
Mouse_Thymus2,3967,124_62,2,Mouse_Thymus2
Mouse_Thymus2,3968,87_46,2,Mouse_Thymus2
Mouse_Thymus2,3969,69_16,5,Mouse_Thymus2
Mouse_Thymus2,3970,85_50,5,Mouse_Thymus2
Mouse_Thymus2,3971,97_40,2,Mouse_Thymus2
Mouse_Thymus2,3972,102_31,1,Mouse_Thymus2
Mouse_Thymus2,3973,96_36,2,Mouse_Thymus2
Mouse_Thymus2,3974,81_7,5,Mouse_Thymus2
Mouse_Thymus2,3975,119_48,2,Mouse_Thymus2
Mouse_Thymus2,3976,110_58,2,Mouse_Thymus2
Mouse_Thymus2,3977,87_50,2,Mouse_Thymus2
Mouse_Thymus2,3978,74_27,1,Mouse_Thymus2
Mouse_Thymus2,3979,119_61,1,Mouse_Thymus2
Mouse_Thymus2,3980,102_52,2,Mouse_Thymus2
Mouse_Thymus2,3981,50_25,6,Mouse_Thymus2
Mouse_Thymus2,3982,103_41,1,Mouse_Thymus2
Mouse_Thymus2,3983,108_32,2,Mouse_Thymus2
Mouse_Thymus2,3984,68_40,5,Mouse_Thymus2
Mouse_Thymus2,3985,101_50,5,Mouse_Thymus2
Mouse_Thymus2,3986,88_39,2,Mouse_Thymus2
Mouse_Thymus2,3987,67_38,5,Mouse_Thymus2
Mouse_Thymus2,3988,114_65,2,Mouse_Thymus2
Mouse_Thymus2,3989,24_47,1,Mouse_Thymus2
Mouse_Thymus2,3990,46_21,2,Mouse_Thymus2
Mouse_Thymus2,3991,48_26,1,Mouse_Thymus2
Mouse_Thymus2,3992,50_42,6,Mouse_Thymus2
Mouse_Thymus2,3993,84_40,2,Mouse_Thymus2
Mouse_Thymus2,3994,68_28,6,Mouse_Thymus2
Mouse_Thymus2,3995,100_30,5,Mouse_Thymus2
Mouse_Thymus2,3996,88_54,5,Mouse_Thymus2
Mouse_Thymus2,3997,66_37,6,Mouse_Thymus2
Mouse_Thymus2,3998,97_47,5,Mouse_Thymus2
Mouse_Thymus2,3999,78_3,5,Mouse_Thymus2
Mouse_Thymus2,4000,43_31,5,Mouse_Thymus2
Mouse_Thymus2,4001,93_59,2,Mouse_Thymus2
Mouse_Thymus2,4002,96_45,2,Mouse_Thymus2
Mouse_Thymus2,4003,102_59,5,Mouse_Thymus2
Mouse_Thymus2,4004,28_32,6,Mouse_Thymus2
Mouse_Thymus2,4005,25_51,6,Mouse_Thymus2
Mouse_Thymus2,4006,36_38,6,Mouse_Thymus2
Mouse_Thymus2,4007,124_67,6,Mouse_Thymus2
Mouse_Thymus2,4008,68_7,2,Mouse_Thymus2
Mouse_Thymus2,4009,78_50,6,Mouse_Thymus2
Mouse_Thymus2,4010,99_29,2,Mouse_Thymus2
Mouse_Thymus2,4011,102_30,1,Mouse_Thymus2
Mouse_Thymus2,4012,111_36,6,Mouse_Thymus2
Mouse_Thymus2,4013,50_18,6,Mouse_Thymus2
Mouse_Thymus2,4014,24_46,1,Mouse_Thymus2
Mouse_Thymus2,4015,96_16,2,Mouse_Thymus2
Mouse_Thymus2,4016,95_31,2,Mouse_Thymus2
Mouse_Thymus2,4017,54_19,6,Mouse_Thymus2
Mouse_Thymus2,4018,62_17,5,Mouse_Thymus2
Mouse_Thymus2,4019,112_40,1,Mouse_Thymus2
Mouse_Thymus2,4020,110_57,5,Mouse_Thymus2
Mouse_Thymus2,4021,106_39,1,Mouse_Thymus2
Mouse_Thymus2,4022,82_7,2,Mouse_Thymus2
Mouse_Thymus2,4023,83_40,2,Mouse_Thymus2
Mouse_Thymus2,4024,37_43,1,Mouse_Thymus2
Mouse_Thymus2,4025,57_18,2,Mouse_Thymus2
Mouse_Thymus2,4026,32_33,2,Mouse_Thymus2
Mouse_Thymus2,4027,58_19,5,Mouse_Thymus2
Mouse_Thymus2,4028,105_26,2,Mouse_Thymus2
Mouse_Thymus2,4029,64_22,1,Mouse_Thymus2
Mouse_Thymus2,4030,31_42,1,Mouse_Thymus2
Mouse_Thymus2,4031,120_70,5,Mouse_Thymus2
Mouse_Thymus2,4032,68_24,6,Mouse_Thymus2
Mouse_Thymus2,4033,29_38,2,Mouse_Thymus2
Mouse_Thymus2,4034,15_43,1,Mouse_Thymus2
Mouse_Thymus2,4035,32_26,2,Mouse_Thymus2
Mouse_Thymus2,4036,107_24,5,Mouse_Thymus2
Mouse_Thymus2,4037,41_46,1,Mouse_Thymus2
Mouse_Thymus2,4038,84_11,6,Mouse_Thymus2
Mouse_Thymus2,4039,64_41,7,Mouse_Thymus2
Mouse_Thymus2,4040,98_57,2,Mouse_Thymus2
Mouse_Thymus2,4041,103_51,5,Mouse_Thymus2
Mouse_Thymus2,4042,125_61,2,Mouse_Thymus2
Mouse_Thymus2,4043,28_52,2,Mouse_Thymus2
Mouse_Thymus2,4044,78_11,6,Mouse_Thymus2
Mouse_Thymus2,4045,31_56,7,Mouse_Thymus2
Mouse_Thymus2,4046,118_59,1,Mouse_Thymus2
Mouse_Thymus2,4047,75_15,2,Mouse_Thymus2
Mouse_Thymus2,4048,52_41,6,Mouse_Thymus2
Mouse_Thymus2,4049,89_10,2,Mouse_Thymus2
Mouse_Thymus2,4050,122_56,2,Mouse_Thymus2
Mouse_Thymus2,4051,81_51,2,Mouse_Thymus2
Mouse_Thymus2,4052,36_42,1,Mouse_Thymus2
Mouse_Thymus2,4053,98_11,1,Mouse_Thymus2
Mouse_Thymus2,4054,67_7,7,Mouse_Thymus2
Mouse_Thymus2,4055,105_32,1,Mouse_Thymus2
Mouse_Thymus2,4056,43_51,7,Mouse_Thymus2
Mouse_Thymus2,4057,58_24,1,Mouse_Thymus2
Mouse_Thymus2,4058,60_23,1,Mouse_Thymus2
Mouse_Thymus2,4059,49_38,1,Mouse_Thymus2
Mouse_Thymus2,4060,93_43,5,Mouse_Thymus2
Mouse_Thymus2,4061,115_40,2,Mouse_Thymus2
Mouse_Thymus2,4062,61_31,1,Mouse_Thymus2
Mouse_Thymus2,4063,102_49,5,Mouse_Thymus2
Mouse_Thymus2,4064,4_47,6,Mouse_Thymus2
Mouse_Thymus2,4065,117_41,2,Mouse_Thymus2
Mouse_Thymus2,4066,25_36,2,Mouse_Thymus2
Mouse_Thymus2,4067,116_65,2,Mouse_Thymus2
Mouse_Thymus2,4068,53_24,2,Mouse_Thymus2
Mouse_Thymus2,4069,71_16,2,Mouse_Thymus2
Mouse_Thymus2,4070,111_45,1,Mouse_Thymus2
Mouse_Thymus2,4071,35_54,2,Mouse_Thymus2
Mouse_Thymus2,4072,29_53,2,Mouse_Thymus2
Mouse_Thymus2,4073,75_18,5,Mouse_Thymus2
Mouse_Thymus2,4074,103_29,1,Mouse_Thymus2
Mouse_Thymus2,4075,116_58,6,Mouse_Thymus2
Mouse_Thymus2,4076,120_43,5,Mouse_Thymus2
Mouse_Thymus2,4077,92_21,1,Mouse_Thymus2
Mouse_Thymus2,4078,72_20,6,Mouse_Thymus2
Mouse_Thymus2,4079,113_34,2,Mouse_Thymus2
Mouse_Thymus2,4080,87_52,2,Mouse_Thymus2
Mouse_Thymus2,4081,90_11,2,Mouse_Thymus2
Mouse_Thymus2,4082,46_28,1,Mouse_Thymus2
Mouse_Thymus2,4083,103_22,2,Mouse_Thymus2
Mouse_Thymus2,4084,40_29,5,Mouse_Thymus2
Mouse_Thymus2,4085,112_61,2,Mouse_Thymus2
Mouse_Thymus2,4086,48_47,2,Mouse_Thymus2
Mouse_Thymus2,4087,48_32,6,Mouse_Thymus2
Mouse_Thymus2,4088,81_41,1,Mouse_Thymus2
Mouse_Thymus2,4089,99_43,2,Mouse_Thymus2
Mouse_Thymus2,4090,34_46,1,Mouse_Thymus2
Mouse_Thymus2,4091,36_49,6,Mouse_Thymus2
Mouse_Thymus2,4092,103_31,1,Mouse_Thymus2
Mouse_Thymus2,4093,38_47,6,Mouse_Thymus2
Mouse_Thymus2,4094,2_47,6,Mouse_Thymus2
Mouse_Thymus2,4095,60_34,1,Mouse_Thymus2
Mouse_Thymus2,4096,75_16,2,Mouse_Thymus2
Mouse_Thymus2,4097,83_30,2,Mouse_Thymus2
Mouse_Thymus2,4098,114_48,6,Mouse_Thymus2
Mouse_Thymus2,4099,40_51,2,Mouse_Thymus2
Mouse_Thymus2,4100,34_39,5,Mouse_Thymus2
Mouse_Thymus2,4101,52_30,2,Mouse_Thymus2
Mouse_Thymus2,4102,63_33,1,Mouse_Thymus2
Mouse_Thymus2,4103,119_59,1,Mouse_Thymus2
Mouse_Thymus2,4104,53_23,2,Mouse_Thymus2
Mouse_Thymus2,4105,103_19,2,Mouse_Thymus2
Mouse_Thymus2,4106,18_50,2,Mouse_Thymus2
Mouse_Thymus2,4107,117_63,2,Mouse_Thymus2
Mouse_Thymus2,4108,39_51,5,Mouse_Thymus2
Mouse_Thymus2,4109,95_27,1,Mouse_Thymus2
Mouse_Thymus2,4110,70_32,5,Mouse_Thymus2
Mouse_Thymus2,4111,94_28,1,Mouse_Thymus2
Mouse_Thymus2,4112,20_51,5,Mouse_Thymus2
Mouse_Thymus2,4113,119_46,2,Mouse_Thymus2
Mouse_Thymus2,4114,26_47,1,Mouse_Thymus2
Mouse_Thymus2,4115,59_24,1,Mouse_Thymus2
Mouse_Thymus2,4116,73_20,2,Mouse_Thymus2
Mouse_Thymus2,4117,91_25,1,Mouse_Thymus2
Mouse_Thymus2,4118,112_60,6,Mouse_Thymus2
Mouse_Thymus2,4119,103_17,7,Mouse_Thymus2
Mouse_Thymus2,4120,81_25,5,Mouse_Thymus2
Mouse_Thymus2,4121,47_34,6,Mouse_Thymus2
Mouse_Thymus2,4122,28_51,2,Mouse_Thymus2
Mouse_Thymus2,4123,41_38,1,Mouse_Thymus2
Mouse_Thymus2,4124,88_32,5,Mouse_Thymus2
Mouse_Thymus2,4125,88_19,1,Mouse_Thymus2
Mouse_Thymus2,4126,100_13,2,Mouse_Thymus2
Mouse_Thymus2,4127,82_39,5,Mouse_Thymus2
Mouse_Thymus2,4128,62_13,2,Mouse_Thymus2
Mouse_Thymus2,4129,26_46,1,Mouse_Thymus2
Mouse_Thymus2,4130,41_23,2,Mouse_Thymus2
Mouse_Thymus2,4131,83_41,6,Mouse_Thymus2
Mouse_Thymus2,4132,90_7,2,Mouse_Thymus2
Mouse_Thymus2,4133,115_59,2,Mouse_Thymus2
Mouse_Thymus2,4134,123_71,2,Mouse_Thymus2
Mouse_Thymus2,4135,104_23,2,Mouse_Thymus2
Mouse_Thymus2,4136,123_60,2,Mouse_Thymus2
Mouse_Thymus2,4137,104_25,2,Mouse_Thymus2
Mouse_Thymus2,4138,80_53,7,Mouse_Thymus2
Mouse_Thymus2,4139,100_57,2,Mouse_Thymus2
Mouse_Thymus2,4140,89_30,5,Mouse_Thymus2
Mouse_Thymus2,4141,88_13,1,Mouse_Thymus2
Mouse_Thymus2,4142,77_10,2,Mouse_Thymus2
Mouse_Thymus2,4143,106_54,5,Mouse_Thymus2
Mouse_Thymus2,4144,104_27,6,Mouse_Thymus2
Mouse_Thymus2,4145,111_48,6,Mouse_Thymus2
Mouse_Thymus2,4146,66_21,1,Mouse_Thymus2
Mouse_Thymus2,4147,67_6,7,Mouse_Thymus2
Mouse_Thymus2,4148,52_16,5,Mouse_Thymus2
Mouse_Thymus2,4149,116_54,2,Mouse_Thymus2
Mouse_Thymus2,4150,70_36,1,Mouse_Thymus2
Mouse_Thymus2,4151,80_6,2,Mouse_Thymus2
Mouse_Thymus2,4152,61_14,2,Mouse_Thymus2
Mouse_Thymus2,4153,16_48,5,Mouse_Thymus2
Mouse_Thymus2,4154,78_20,1,Mouse_Thymus2
Mouse_Thymus2,4155,23_40,2,Mouse_Thymus2
Mouse_Thymus2,4156,29_32,6,Mouse_Thymus2
Mouse_Thymus2,4157,88_23,6,Mouse_Thymus2
Mouse_Thymus2,4158,28_42,1,Mouse_Thymus2
Mouse_Thymus2,4159,57_19,5,Mouse_Thymus2
Mouse_Thymus2,4160,13_44,1,Mouse_Thymus2
Mouse_Thymus2,4161,42_21,2,Mouse_Thymus2
Mouse_Thymus2,4162,77_29,1,Mouse_Thymus2
Mouse_Thymus2,4163,108_27,2,Mouse_Thymus2
Mouse_Thymus2,4164,58_35,1,Mouse_Thymus2
Mouse_Thymus2,4165,82_16,1,Mouse_Thymus2
Mouse_Thymus2,4166,56_18,5,Mouse_Thymus2
Mouse_Thymus2,4167,113_60,2,Mouse_Thymus2
Mouse_Thymus2,4168,69_33,1,Mouse_Thymus2
Mouse_Thymus2,4169,35_28,2,Mouse_Thymus2
Mouse_Thymus2,4170,96_34,5,Mouse_Thymus2
Mouse_Thymus2,4171,17_53,5,Mouse_Thymus2
Mouse_Thymus2,4172,87_33,5,Mouse_Thymus2
Mouse_Thymus2,4173,67_28,2,Mouse_Thymus2
Mouse_Thymus2,4174,45_18,2,Mouse_Thymus2
Mouse_Thymus2,4175,120_68,2,Mouse_Thymus2
Mouse_Thymus2,4176,56_20,5,Mouse_Thymus2
Mouse_Thymus2,4177,111_43,1,Mouse_Thymus2
Mouse_Thymus2,4178,107_33,6,Mouse_Thymus2
Mouse_Thymus2,4179,117_48,1,Mouse_Thymus2
Mouse_Thymus2,4180,80_19,1,Mouse_Thymus2
Mouse_Thymus2,4181,56_14,2,Mouse_Thymus2
Mouse_Thymus2,4182,8_41,5,Mouse_Thymus2
Mouse_Thymus2,4183,105_25,2,Mouse_Thymus2
Mouse_Thymus2,4184,14_43,1,Mouse_Thymus2
Mouse_Thymus2,4185,37_24,2,Mouse_Thymus2
Mouse_Thymus2,4186,14_40,2,Mouse_Thymus2
Mouse_Thymus2,4187,53_37,1,Mouse_Thymus2
Mouse_Thymus2,4188,81_6,2,Mouse_Thymus2
Mouse_Thymus2,4189,84_28,1,Mouse_Thymus2
Mouse_Thymus2,4190,92_57,2,Mouse_Thymus2
Mouse_Thymus2,4191,48_41,1,Mouse_Thymus2
Mouse_Thymus2,4192,35_27,5,Mouse_Thymus2
Mouse_Thymus2,4193,51_23,5,Mouse_Thymus2
Mouse_Thymus2,4194,17_38,6,Mouse_Thymus2
Mouse_Thymus2,4195,69_15,2,Mouse_Thymus2
Mouse_Thymus2,4196,58_33,1,Mouse_Thymus2
Mouse_Thymus2,4197,19_45,1,Mouse_Thymus2
Mouse_Thymus2,4198,104_52,5,Mouse_Thymus2
Mouse_Thymus2,4199,34_42,1,Mouse_Thymus2
Mouse_Thymus2,4200,44_28,1,Mouse_Thymus2
Mouse_Thymus2,4201,119_47,2,Mouse_Thymus2
Mouse_Thymus2,4202,87_9,5,Mouse_Thymus2
Mouse_Thymus2,4203,91_37,5,Mouse_Thymus2
Mouse_Thymus2,4204,40_28,6,Mouse_Thymus2
Mouse_Thymus2,4205,106_47,2,Mouse_Thymus2
Mouse_Thymus2,4206,53_18,5,Mouse_Thymus2
Mouse_Thymus2,4207,32_31,6,Mouse_Thymus2
Mouse_Thymus2,4208,86_36,2,Mouse_Thymus2
Mouse_Thymus2,4209,76_10,2,Mouse_Thymus2
Mouse_Thymus2,4210,86_11,2,Mouse_Thymus2
Mouse_Thymus2,4211,63_11,2,Mouse_Thymus2
Mouse_Thymus2,4212,125_67,6,Mouse_Thymus2
Mouse_Thymus2,4213,83_39,6,Mouse_Thymus2
Mouse_Thymus2,4214,119_53,1,Mouse_Thymus2
Mouse_Thymus2,4215,104_51,2,Mouse_Thymus2
Mouse_Thymus2,4216,69_31,5,Mouse_Thymus2
Mouse_Thymus2,4217,110_35,5,Mouse_Thymus2
Mouse_Thymus2,4218,81_14,5,Mouse_Thymus2
Mouse_Thymus2,4219,94_12,2,Mouse_Thymus2
Mouse_Thymus2,4220,90_30,2,Mouse_Thymus2
Mouse_Thymus2,4221,76_17,2,Mouse_Thymus2
Mouse_Thymus2,4222,74_23,1,Mouse_Thymus2
Mouse_Thymus2,4223,66_8,2,Mouse_Thymus2
Mouse_Thymus2,4224,53_30,5,Mouse_Thymus2
Mouse_Thymus2,4225,97_6,5,Mouse_Thymus2
Mouse_Thymus2,4226,85_19,1,Mouse_Thymus2
Mouse_Thymus2,4227,37_34,2,Mouse_Thymus2
Mouse_Thymus2,4228,70_15,5,Mouse_Thymus2
Mouse_Thymus2,4229,75_6,2,Mouse_Thymus2
Mouse_Thymus2,4230,97_9,2,Mouse_Thymus2
Mouse_Thymus2,4231,102_60,6,Mouse_Thymus2
Mouse_Thymus2,4232,101_56,2,Mouse_Thymus2
Mouse_Thymus2,4233,81_0,5,Mouse_Thymus2
Mouse_Thymus2,4234,80_37,1,Mouse_Thymus2
Mouse_Thymus2,4235,28_36,2,Mouse_Thymus2
Mouse_Thymus2,4236,85_53,2,Mouse_Thymus2
Mouse_Thymus2,4237,72_3,2,Mouse_Thymus2
Mouse_Thymus2,4238,57_32,1,Mouse_Thymus2
Mouse_Thymus2,4239,93_56,2,Mouse_Thymus2
Mouse_Thymus2,4240,47_45,6,Mouse_Thymus2
Mouse_Thymus2,4241,112_62,6,Mouse_Thymus2
Mouse_Thymus2,4242,96_12,2,Mouse_Thymus2
Mouse_Thymus2,4243,70_34,1,Mouse_Thymus2
Mouse_Thymus2,4244,31_31,7,Mouse_Thymus2
Mouse_Thymus2,4245,47_41,1,Mouse_Thymus2
Mouse_Thymus2,4246,117_65,2,Mouse_Thymus2
Mouse_Thymus2,4247,52_20,5,Mouse_Thymus2
Mouse_Thymus2,4248,79_44,1,Mouse_Thymus2
Mouse_Thymus2,4249,107_29,2,Mouse_Thymus2
Mouse_Thymus2,4250,60_18,5,Mouse_Thymus2
Mouse_Thymus2,4251,86_39,2,Mouse_Thymus2
Mouse_Thymus2,4252,36_31,6,Mouse_Thymus2
