section,neighbor_same_cluster_fraction
s1,0.7278383668903803
s2,0.7354609929078014
s3,0.7437390433258202
