section,obs_name,cluster,x,y
Mouse_Thymus4,42_81,3,14386.0,15900.0
Mouse_Thymus4,48_23,4,14986.0,10100.0
Mouse_Thymus4,5_39,1,10686.0,11700.0
Mouse_Thymus4,28_72,10,12986.0,15000.0
Mouse_Thymus4,13_51,1,11486.0,12900.0
Mouse_Thymus4,24_69,3,12586.0,14700.0
Mouse_Thymus4,33_16,8,13486.0,9400.0
Mouse_Thymus4,9_46,4,11086.0,12400.0
Mouse_Thymus4,54_8,3,15586.0,8600.0
Mouse_Thymus4,17_39,3,11886.0,11700.0
Mouse_Thymus4,45_103,4,14686.0,18100.0
Mouse_Thymus4,46_79,3,14786.0,15700.0
Mouse_Thymus4,24_62,10,12586.0,14000.0
Mouse_Thymus4,64_27,1,16586.0,10500.0
Mouse_Thymus4,35_60,11,13686.0,13800.0
Mouse_Thymus4,46_113,1,14786.0,19100.0
Mouse_Thymus4,52_106,3,15386.0,18400.0
Mouse_Thymus4,52_4,4,15386.0,8200.0
Mouse_Thymus4,21_59,4,12286.0,13700.0
Mouse_Thymus4,63_29,11,16486.0,10700.0
Mouse_Thymus4,59_109,1,16086.0,18700.0
Mouse_Thymus4,49_110,9,15086.0,18800.0
Mouse_Thymus4,33_62,4,13486.0,14000.0
Mouse_Thymus4,53_31,1,15486.0,10900.0
Mouse_Thymus4,45_38,4,14686.0,11600.0
Mouse_Thymus4,35_90,10,13686.0,16800.0
Mouse_Thymus4,55_23,1,15686.0,10100.0
Mouse_Thymus4,29_46,1,13086.0,12400.0
Mouse_Thymus4,38_58,10,13986.0,13600.0
Mouse_Thymus4,17_65,3,11886.0,14300.0
Mouse_Thymus4,12_31,6,11386.0,10900.0
Mouse_Thymus4,26_21,6,12786.0,9900.0
Mouse_Thymus4,34_96,8,13586.0,17400.0
Mouse_Thymus4,26_60,3,12786.0,13800.0
Mouse_Thymus4,56_100,10,15786.0,17800.0
Mouse_Thymus4,56_103,10,15786.0,18100.0
Mouse_Thymus4,48_111,8,14986.0,18900.0
Mouse_Thymus4,30_90,1,13186.0,16800.0
Mouse_Thymus4,46_81,3,14786.0,15900.0
Mouse_Thymus4,43_26,3,14486.0,10400.0
Mouse_Thymus4,48_25,11,14986.0,10300.0
Mouse_Thymus4,12_32,6,11386.0,11000.0
Mouse_Thymus4,37_14,4,13886.0,9200.0
Mouse_Thymus4,25_32,3,12686.0,11000.0
Mouse_Thymus4,36_87,1,13786.0,16500.0
Mouse_Thymus4,37_55,10,13886.0,13300.0
Mouse_Thymus4,57_97,1,15886.0,17500.0
Mouse_Thymus4,28_43,9,12986.0,12100.0
Mouse_Thymus4,65_7,8,16686.0,8500.0
Mouse_Thymus4,24_23,6,12586.0,10100.0
Mouse_Thymus4,63_26,1,16486.0,10400.0
Mouse_Thymus4,24_35,3,12586.0,11300.0
Mouse_Thymus4,26_80,4,12786.0,15800.0
Mouse_Thymus4,37_18,4,13886.0,9600.0
Mouse_Thymus4,46_33,11,14786.0,11100.0
Mouse_Thymus4,22_30,4,12386.0,10800.0
Mouse_Thymus4,35_79,4,13686.0,15700.0
Mouse_Thymus4,30_39,4,13186.0,11700.0
Mouse_Thymus4,49_104,10,15086.0,18200.0
Mouse_Thymus4,54_87,1,15586.0,16500.0
Mouse_Thymus4,47_75,10,14886.0,15300.0
Mouse_Thymus4,42_26,3,14386.0,10400.0
Mouse_Thymus4,13_42,4,11486.0,12000.0
Mouse_Thymus4,42_39,4,14386.0,11700.0
Mouse_Thymus4,20_37,3,12186.0,11500.0
Mouse_Thymus4,43_86,10,14486.0,16400.0
Mouse_Thymus4,26_59,3,12786.0,13700.0
Mouse_Thymus4,24_80,1,12586.0,15800.0
Mouse_Thymus4,59_84,1,16086.0,16200.0
Mouse_Thymus4,42_54,3,14386.0,13200.0
Mouse_Thymus4,13_39,4,11486.0,11700.0
Mouse_Thymus4,29_58,3,13086.0,13600.0
Mouse_Thymus4,39_87,1,14086.0,16500.0
Mouse_Thymus4,58_106,1,15986.0,18400.0
Mouse_Thymus4,24_25,1,12586.0,10300.0
Mouse_Thymus4,25_72,4,12686.0,15000.0
Mouse_Thymus4,32_64,1,13386.0,14200.0
Mouse_Thymus4,37_72,10,13886.0,15000.0
Mouse_Thymus4,39_85,4,14086.0,16300.0
Mouse_Thymus4,41_83,10,14286.0,16100.0
Mouse_Thymus4,55_89,1,15686.0,16700.0
Mouse_Thymus4,62_11,4,16386.0,8900.0
Mouse_Thymus4,26_34,3,12786.0,11200.0
Mouse_Thymus4,52_116,6,15386.0,19400.0
Mouse_Thymus4,59_29,4,16086.0,10700.0
Mouse_Thymus4,49_48,8,15086.0,12600.0
Mouse_Thymus4,3_59,1,10486.0,13700.0
Mouse_Thymus4,36_60,10,13786.0,13800.0
Mouse_Thymus4,31_88,10,13286.0,16600.0
Mouse_Thymus4,22_55,11,12386.0,13300.0
Mouse_Thymus4,13_53,6,11486.0,13100.0
Mouse_Thymus4,48_4,10,14986.0,8200.0
Mouse_Thymus4,36_24,3,13786.0,10200.0
Mouse_Thymus4,39_88,4,14086.0,16600.0
Mouse_Thymus4,56_16,4,15786.0,9400.0
Mouse_Thymus4,7_56,4,10886.0,13400.0
Mouse_Thymus4,9_56,4,11086.0,13400.0
Mouse_Thymus4,24_56,3,12586.0,13400.0
Mouse_Thymus4,39_38,1,14086.0,11600.0
Mouse_Thymus4,10_63,1,11186.0,14100.0
Mouse_Thymus4,50_108,9,15186.0,18600.0
Mouse_Thymus4,48_40,7,14986.0,11800.0
Mouse_Thymus4,56_108,10,15786.0,18600.0
Mouse_Thymus4,64_23,8,16586.0,10100.0
Mouse_Thymus4,32_39,4,13386.0,11700.0
Mouse_Thymus4,10_46,4,11186.0,12400.0
Mouse_Thymus4,33_25,9,13486.0,10300.0
Mouse_Thymus4,46_111,1,14786.0,18900.0
Mouse_Thymus4,42_56,3,14386.0,13400.0
Mouse_Thymus4,27_87,1,12886.0,16500.0
Mouse_Thymus4,57_92,1,15886.0,17000.0
Mouse_Thymus4,39_59,10,14086.0,13700.0
Mouse_Thymus4,21_44,3,12286.0,12200.0
Mouse_Thymus4,29_20,6,13086.0,9800.0
Mouse_Thymus4,57_29,1,15886.0,10700.0
Mouse_Thymus4,33_71,10,13486.0,14900.0
Mouse_Thymus4,23_80,1,12486.0,15800.0
Mouse_Thymus4,36_76,10,13786.0,15400.0
Mouse_Thymus4,63_2,1,16486.0,8000.0
Mouse_Thymus4,40_26,3,14186.0,10400.0
Mouse_Thymus4,6_61,1,10786.0,13900.0
Mouse_Thymus4,12_36,1,11386.0,11400.0
Mouse_Thymus4,36_59,10,13786.0,13700.0
Mouse_Thymus4,4_58,8,10586.0,13600.0
Mouse_Thymus4,15_69,4,11686.0,14700.0
Mouse_Thymus4,22_31,4,12386.0,10900.0
Mouse_Thymus4,53_80,6,15486.0,15800.0
Mouse_Thymus4,47_10,10,14886.0,8800.0
Mouse_Thymus4,39_40,10,14086.0,11800.0
Mouse_Thymus4,1_56,1,10286.0,13400.0
Mouse_Thymus4,46_15,3,14786.0,9300.0
Mouse_Thymus4,21_61,8,12286.0,13900.0
Mouse_Thymus4,34_33,9,13586.0,11100.0
Mouse_Thymus4,42_63,4,14386.0,14100.0
Mouse_Thymus4,31_47,3,13286.0,12500.0
Mouse_Thymus4,54_80,4,15586.0,15800.0
Mouse_Thymus4,44_71,8,14586.0,14900.0
Mouse_Thymus4,53_105,3,15486.0,18300.0
Mouse_Thymus4,26_58,3,12786.0,13600.0
Mouse_Thymus4,18_43,3,11986.0,12100.0
Mouse_Thymus4,37_40,1,13886.0,11800.0
Mouse_Thymus4,51_107,3,15286.0,18500.0
Mouse_Thymus4,21_42,3,12286.0,12000.0
Mouse_Thymus4,32_38,4,13386.0,11600.0
Mouse_Thymus4,43_32,1,14486.0,11000.0
Mouse_Thymus4,45_52,3,14686.0,13000.0
Mouse_Thymus4,43_28,8,14486.0,10600.0
Mouse_Thymus4,10_57,4,11186.0,13500.0
Mouse_Thymus4,49_74,10,15086.0,15200.0
Mouse_Thymus4,29_48,10,13086.0,12600.0
Mouse_Thymus4,39_29,11,14086.0,10700.0
Mouse_Thymus4,20_83,1,12186.0,16100.0
Mouse_Thymus4,30_63,4,13186.0,14100.0
Mouse_Thymus4,34_71,10,13586.0,14900.0
Mouse_Thymus4,40_66,3,14186.0,14400.0
Mouse_Thymus4,27_36,9,12886.0,11400.0
Mouse_Thymus4,54_16,1,15586.0,9400.0
Mouse_Thymus4,39_25,3,14086.0,10300.0
Mouse_Thymus4,36_66,9,13786.0,14400.0
Mouse_Thymus4,29_45,10,13086.0,12300.0
Mouse_Thymus4,17_45,3,11886.0,12300.0
Mouse_Thymus4,47_32,6,14886.0,11000.0
Mouse_Thymus4,30_85,8,13186.0,16300.0
Mouse_Thymus4,57_102,4,15886.0,18000.0
Mouse_Thymus4,61_32,4,16286.0,11000.0
Mouse_Thymus4,47_98,10,14886.0,17600.0
Mouse_Thymus4,42_33,11,14386.0,11100.0
Mouse_Thymus4,59_14,1,16086.0,9200.0
Mouse_Thymus4,26_64,3,12786.0,14200.0
Mouse_Thymus4,22_58,8,12386.0,13600.0
Mouse_Thymus4,42_30,4,14386.0,10800.0
Mouse_Thymus4,30_57,3,13186.0,13500.0
Mouse_Thymus4,31_45,3,13286.0,12300.0
Mouse_Thymus4,28_87,4,12986.0,16500.0
Mouse_Thymus4,35_78,4,13686.0,15600.0
Mouse_Thymus4,49_3,1,15086.0,8100.0
Mouse_Thymus4,29_59,3,13086.0,13700.0
Mouse_Thymus4,51_83,3,15286.0,16100.0
Mouse_Thymus4,21_43,3,12286.0,12100.0
Mouse_Thymus4,33_56,3,13486.0,13400.0
Mouse_Thymus4,27_86,4,12886.0,16400.0
Mouse_Thymus4,59_90,1,16086.0,16800.0
Mouse_Thymus4,35_31,4,13686.0,10900.0
Mouse_Thymus4,33_80,3,13486.0,15800.0
Mouse_Thymus4,35_88,4,13686.0,16600.0
Mouse_Thymus4,46_35,1,14786.0,11300.0
Mouse_Thymus4,50_86,3,15186.0,16400.0
Mouse_Thymus4,48_93,3,14986.0,17100.0
Mouse_Thymus4,38_30,3,13986.0,10800.0
Mouse_Thymus4,35_71,10,13686.0,14900.0
Mouse_Thymus4,59_98,7,16086.0,17600.0
Mouse_Thymus4,41_66,1,14286.0,14400.0
Mouse_Thymus4,33_76,10,13486.0,15400.0
Mouse_Thymus4,64_29,1,16586.0,10700.0
Mouse_Thymus4,44_18,3,14586.0,9600.0
Mouse_Thymus4,58_88,1,15986.0,16600.0
Mouse_Thymus4,53_20,4,15486.0,9800.0
Mouse_Thymus4,21_57,4,12286.0,13500.0
Mouse_Thymus4,53_5,8,15486.0,8300.0
Mouse_Thymus4,33_37,4,13486.0,11500.0
Mouse_Thymus4,40_36,11,14186.0,11400.0
Mouse_Thymus4,62_5,10,16386.0,8300.0
Mouse_Thymus4,31_77,10,13286.0,15500.0
Mouse_Thymus4,42_15,9,14386.0,9300.0
Mouse_Thymus4,25_68,3,12686.0,14600.0
Mouse_Thymus4,18_34,4,11986.0,11200.0
Mouse_Thymus4,46_77,9,14786.0,15500.0
Mouse_Thymus4,37_54,8,13886.0,13200.0
Mouse_Thymus4,60_22,6,16186.0,10000.0
Mouse_Thymus4,36_90,10,13786.0,16800.0
Mouse_Thymus4,36_80,10,13786.0,15800.0
Mouse_Thymus4,29_49,9,13086.0,12700.0
Mouse_Thymus4,50_112,9,15186.0,19000.0
Mouse_Thymus4,57_4,1,15886.0,8200.0
Mouse_Thymus4,41_48,10,14286.0,12600.0
Mouse_Thymus4,17_72,4,11886.0,15000.0
Mouse_Thymus4,48_18,7,14986.0,9600.0
Mouse_Thymus4,14_66,1,11586.0,14400.0
Mouse_Thymus4,35_21,10,13686.0,9900.0
Mouse_Thymus4,16_32,4,11786.0,11000.0
Mouse_Thymus4,28_39,3,12986.0,11700.0
Mouse_Thymus4,53_14,4,15486.0,9200.0
Mouse_Thymus4,37_61,10,13886.0,13900.0
Mouse_Thymus4,32_42,10,13386.0,12000.0
Mouse_Thymus4,33_30,4,13486.0,10800.0
Mouse_Thymus4,22_74,3,12386.0,15200.0
Mouse_Thymus4,50_85,3,15186.0,16300.0
Mouse_Thymus4,50_43,11,15186.0,12100.0
Mouse_Thymus4,12_30,6,11386.0,10800.0
Mouse_Thymus4,49_91,3,15086.0,16900.0
Mouse_Thymus4,40_16,10,14186.0,9400.0
Mouse_Thymus4,13_48,4,11486.0,12600.0
Mouse_Thymus4,50_20,4,15186.0,9800.0
Mouse_Thymus4,34_74,7,13586.0,15200.0
Mouse_Thymus4,30_69,3,13186.0,14700.0
Mouse_Thymus4,14_63,8,11586.0,14100.0
Mouse_Thymus4,47_26,1,14886.0,10400.0
Mouse_Thymus4,40_19,3,14186.0,9700.0
Mouse_Thymus4,27_30,3,12886.0,10800.0
Mouse_Thymus4,58_17,4,15986.0,9500.0
Mouse_Thymus4,11_41,4,11286.0,11900.0
Mouse_Thymus4,22_49,3,12386.0,12700.0
Mouse_Thymus4,35_67,10,13686.0,14500.0
Mouse_Thymus4,46_85,3,14786.0,16300.0
Mouse_Thymus4,42_44,4,14386.0,12200.0
Mouse_Thymus4,47_18,3,14886.0,9600.0
Mouse_Thymus4,37_46,1,13886.0,12400.0
Mouse_Thymus4,32_17,8,13386.0,9500.0
Mouse_Thymus4,5_54,4,10686.0,13200.0
Mouse_Thymus4,7_39,1,10886.0,11700.0
Mouse_Thymus4,53_12,8,15486.0,9000.0
Mouse_Thymus4,8_44,4,10986.0,12200.0
Mouse_Thymus4,14_29,7,11586.0,10700.0
Mouse_Thymus4,23_28,1,12486.0,10600.0
Mouse_Thymus4,19_34,4,12086.0,11200.0
Mouse_Thymus4,53_79,1,15486.0,15700.0
Mouse_Thymus4,67_3,3,16886.0,8100.0
Mouse_Thymus4,19_60,4,12086.0,13800.0
Mouse_Thymus4,17_29,6,11886.0,10700.0
Mouse_Thymus4,13_67,10,11486.0,14500.0
Mouse_Thymus4,27_57,3,12886.0,13500.0
Mouse_Thymus4,42_77,3,14386.0,15500.0
Mouse_Thymus4,46_99,10,14786.0,17700.0
Mouse_Thymus4,36_86,10,13786.0,16400.0
Mouse_Thymus4,43_40,1,14486.0,11800.0
Mouse_Thymus4,20_39,3,12186.0,11700.0
Mouse_Thymus4,44_17,3,14586.0,9500.0
Mouse_Thymus4,62_98,4,16386.0,17600.0
Mouse_Thymus4,38_55,10,13986.0,13300.0
Mouse_Thymus4,54_113,10,15586.0,19100.0
Mouse_Thymus4,30_49,10,13186.0,12700.0
Mouse_Thymus4,55_82,1,15686.0,16000.0
Mouse_Thymus4,21_63,9,12286.0,14100.0
Mouse_Thymus4,37_91,8,13886.0,16900.0
Mouse_Thymus4,19_52,4,12086.0,13000.0
Mouse_Thymus4,44_51,3,14586.0,12900.0
Mouse_Thymus4,15_41,3,11686.0,11900.0
Mouse_Thymus4,12_60,4,11386.0,13800.0
Mouse_Thymus4,61_7,10,16286.0,8500.0
Mouse_Thymus4,45_32,11,14686.0,11000.0
Mouse_Thymus4,22_77,4,12386.0,15500.0
Mouse_Thymus4,63_9,10,16486.0,8700.0
Mouse_Thymus4,42_24,3,14386.0,10200.0
Mouse_Thymus4,39_98,4,14086.0,17600.0
Mouse_Thymus4,19_68,4,12086.0,14600.0
Mouse_Thymus4,54_30,4,15586.0,10800.0
Mouse_Thymus4,25_77,4,12686.0,15500.0
Mouse_Thymus4,41_101,1,14286.0,17900.0
Mouse_Thymus4,11_33,1,11286.0,11100.0
Mouse_Thymus4,54_14,4,15586.0,9200.0
Mouse_Thymus4,55_20,6,15686.0,9800.0
Mouse_Thymus4,30_46,3,13186.0,12400.0
Mouse_Thymus4,50_98,3,15186.0,17600.0
Mouse_Thymus4,13_37,4,11486.0,11500.0
Mouse_Thymus4,44_67,10,14586.0,14500.0
Mouse_Thymus4,24_41,3,12586.0,11900.0
Mouse_Thymus4,21_33,4,12286.0,11100.0
Mouse_Thymus4,35_87,10,13686.0,16500.0
Mouse_Thymus4,48_43,10,14986.0,12100.0
Mouse_Thymus4,55_87,1,15686.0,16500.0
Mouse_Thymus4,41_39,11,14286.0,11700.0
Mouse_Thymus4,11_32,8,11286.0,11000.0
Mouse_Thymus4,31_85,3,13286.0,16300.0
Mouse_Thymus4,58_93,4,15986.0,17100.0
Mouse_Thymus4,60_108,1,16186.0,18600.0
Mouse_Thymus4,42_9,10,14386.0,8700.0
Mouse_Thymus4,30_42,8,13186.0,12000.0
Mouse_Thymus4,30_22,1,13186.0,10000.0
Mouse_Thymus4,39_77,3,14086.0,15500.0
Mouse_Thymus4,27_22,1,12886.0,10000.0
Mouse_Thymus4,56_37,1,15786.0,11500.0
Mouse_Thymus4,54_35,1,15586.0,11300.0
Mouse_Thymus4,5_55,4,10686.0,13300.0
Mouse_Thymus4,49_109,8,15086.0,18700.0
Mouse_Thymus4,48_91,3,14986.0,16900.0
Mouse_Thymus4,45_78,3,14686.0,15600.0
Mouse_Thymus4,8_52,10,10986.0,13000.0
Mouse_Thymus4,44_16,3,14586.0,9400.0
Mouse_Thymus4,42_16,3,14386.0,9400.0
Mouse_Thymus4,51_77,8,15286.0,15500.0
Mouse_Thymus4,30_41,10,13186.0,11900.0
Mouse_Thymus4,39_86,10,14086.0,16400.0
Mouse_Thymus4,28_92,1,12986.0,17000.0
Mouse_Thymus4,31_92,10,13286.0,17000.0
Mouse_Thymus4,39_22,3,14086.0,10000.0
Mouse_Thymus4,55_38,1,15686.0,11600.0
Mouse_Thymus4,44_77,9,14586.0,15500.0
Mouse_Thymus4,54_99,3,15586.0,17700.0
Mouse_Thymus4,41_17,3,14286.0,9500.0
Mouse_Thymus4,49_20,4,15086.0,9800.0
Mouse_Thymus4,19_70,4,12086.0,14800.0
Mouse_Thymus4,18_48,10,11986.0,12600.0
Mouse_Thymus4,51_99,3,15286.0,17700.0
Mouse_Thymus4,32_93,10,13386.0,17100.0
Mouse_Thymus4,47_23,11,14886.0,10100.0
Mouse_Thymus4,55_42,10,15686.0,12000.0
Mouse_Thymus4,20_71,1,12186.0,14900.0
Mouse_Thymus4,45_92,9,14686.0,17000.0
Mouse_Thymus4,6_36,6,10786.0,11400.0
Mouse_Thymus4,36_96,10,13786.0,17400.0
Mouse_Thymus4,6_42,4,10786.0,12000.0
Mouse_Thymus4,59_5,3,16086.0,8300.0
Mouse_Thymus4,37_20,9,13886.0,9800.0
Mouse_Thymus4,10_54,4,11186.0,13200.0
Mouse_Thymus4,26_47,3,12786.0,12500.0
Mouse_Thymus4,54_27,1,15586.0,10500.0
Mouse_Thymus4,50_102,3,15186.0,18000.0
Mouse_Thymus4,43_36,11,14486.0,11400.0
Mouse_Thymus4,20_30,1,12186.0,10800.0
Mouse_Thymus4,12_40,4,11386.0,11800.0
Mouse_Thymus4,19_30,1,12086.0,10800.0
Mouse_Thymus4,56_101,1,15786.0,17900.0
Mouse_Thymus4,30_84,10,13186.0,16200.0
Mouse_Thymus4,6_40,4,10786.0,11800.0
Mouse_Thymus4,31_89,9,13286.0,16700.0
Mouse_Thymus4,25_34,3,12686.0,11200.0
Mouse_Thymus4,51_48,4,15286.0,12600.0
Mouse_Thymus4,29_54,3,13086.0,13200.0
Mouse_Thymus4,20_49,3,12186.0,12700.0
Mouse_Thymus4,35_93,10,13686.0,17100.0
Mouse_Thymus4,50_11,3,15186.0,8900.0
Mouse_Thymus4,20_62,4,12186.0,14000.0
Mouse_Thymus4,8_61,4,10986.0,13900.0
Mouse_Thymus4,54_102,10,15586.0,18000.0
Mouse_Thymus4,25_70,3,12686.0,14800.0
Mouse_Thymus4,7_62,1,10886.0,14000.0
Mouse_Thymus4,53_103,3,15486.0,18100.0
Mouse_Thymus4,4_49,6,10586.0,12700.0
Mouse_Thymus4,49_101,9,15086.0,17900.0
Mouse_Thymus4,31_32,4,13286.0,11000.0
Mouse_Thymus4,55_2,6,15686.0,8000.0
Mouse_Thymus4,23_53,9,12486.0,13100.0
Mouse_Thymus4,54_9,3,15586.0,8700.0
Mouse_Thymus4,17_28,6,11886.0,10600.0
Mouse_Thymus4,37_17,4,13886.0,9500.0
Mouse_Thymus4,23_41,10,12486.0,11900.0
Mouse_Thymus4,10_43,4,11186.0,12100.0
Mouse_Thymus4,7_57,4,10886.0,13500.0
Mouse_Thymus4,17_74,1,11886.0,15200.0
Mouse_Thymus4,39_63,9,14086.0,14100.0
Mouse_Thymus4,47_7,4,14886.0,8500.0
Mouse_Thymus4,34_44,9,13586.0,12200.0
Mouse_Thymus4,52_11,3,15386.0,8900.0
Mouse_Thymus4,55_35,4,15686.0,11300.0
Mouse_Thymus4,18_68,4,11986.0,14600.0
Mouse_Thymus4,45_97,10,14686.0,17500.0
Mouse_Thymus4,39_74,10,14086.0,15200.0
Mouse_Thymus4,53_114,1,15486.0,19200.0
Mouse_Thymus4,13_61,4,11486.0,13900.0
Mouse_Thymus4,25_64,3,12686.0,14200.0
Mouse_Thymus4,39_75,10,14086.0,15300.0
Mouse_Thymus4,69_7,1,17086.0,8500.0
Mouse_Thymus4,68_4,1,16986.0,8200.0
Mouse_Thymus4,21_82,1,12286.0,16000.0
Mouse_Thymus4,50_22,4,15186.0,10000.0
Mouse_Thymus4,49_31,6,15086.0,10900.0
Mouse_Thymus4,58_11,1,15986.0,8900.0
Mouse_Thymus4,46_93,3,14786.0,17100.0
Mouse_Thymus4,39_47,6,14086.0,12500.0
Mouse_Thymus4,12_61,4,11386.0,13900.0
Mouse_Thymus4,12_41,4,11386.0,11900.0
Mouse_Thymus4,49_45,4,15086.0,12300.0
Mouse_Thymus4,41_35,4,14286.0,11300.0
Mouse_Thymus4,25_76,1,12686.0,15400.0
Mouse_Thymus4,32_32,4,13386.0,11000.0
Mouse_Thymus4,36_91,10,13786.0,16900.0
Mouse_Thymus4,34_82,3,13586.0,16000.0
Mouse_Thymus4,33_26,3,13486.0,10400.0
Mouse_Thymus4,22_66,10,12386.0,14400.0
Mouse_Thymus4,17_41,3,11886.0,11900.0
Mouse_Thymus4,30_30,3,13186.0,10800.0
Mouse_Thymus4,29_68,3,13086.0,14600.0
Mouse_Thymus4,14_35,4,11586.0,11300.0
Mouse_Thymus4,40_35,11,14186.0,11300.0
Mouse_Thymus4,59_20,6,16086.0,9800.0
Mouse_Thymus4,27_47,9,12886.0,12500.0
Mouse_Thymus4,47_15,3,14886.0,9300.0
Mouse_Thymus4,56_36,4,15786.0,11400.0
Mouse_Thymus4,20_72,10,12186.0,15000.0
Mouse_Thymus4,52_113,3,15386.0,19100.0
Mouse_Thymus4,63_27,1,16486.0,10500.0
Mouse_Thymus4,40_99,4,14186.0,17700.0
Mouse_Thymus4,20_64,6,12186.0,14200.0
Mouse_Thymus4,2_51,1,10386.0,12900.0
Mouse_Thymus4,40_62,4,14186.0,14000.0
Mouse_Thymus4,40_65,3,14186.0,14300.0
Mouse_Thymus4,55_86,1,15686.0,16400.0
Mouse_Thymus4,39_79,1,14086.0,15700.0
Mouse_Thymus4,27_63,3,12886.0,14100.0
Mouse_Thymus4,34_34,8,13586.0,11200.0
Mouse_Thymus4,21_71,9,12286.0,14900.0
Mouse_Thymus4,55_12,6,15686.0,9000.0
Mouse_Thymus4,50_14,9,15186.0,9200.0
Mouse_Thymus4,16_53,3,11786.0,13100.0
Mouse_Thymus4,24_45,3,12586.0,12300.0
Mouse_Thymus4,47_43,4,14886.0,12100.0
Mouse_Thymus4,60_2,1,16186.0,8000.0
Mouse_Thymus4,55_95,8,15686.0,17300.0
Mouse_Thymus4,24_55,11,12586.0,13300.0
Mouse_Thymus4,49_89,10,15086.0,16700.0
Mouse_Thymus4,45_9,1,14686.0,8700.0
Mouse_Thymus4,39_42,1,14086.0,12000.0
Mouse_Thymus4,37_26,3,13886.0,10400.0
Mouse_Thymus4,3_49,6,10486.0,12700.0
Mouse_Thymus4,20_55,9,12186.0,13300.0
Mouse_Thymus4,12_63,4,11386.0,14100.0
Mouse_Thymus4,60_4,9,16186.0,8200.0
Mouse_Thymus4,33_60,4,13486.0,13800.0
Mouse_Thymus4,16_44,3,11786.0,12200.0
Mouse_Thymus4,51_27,6,15286.0,10500.0
Mouse_Thymus4,18_55,1,11986.0,13300.0
Mouse_Thymus4,44_9,8,14586.0,8700.0
Mouse_Thymus4,26_41,3,12786.0,11900.0
Mouse_Thymus4,39_18,3,14086.0,9600.0
Mouse_Thymus4,11_46,4,11286.0,12400.0
Mouse_Thymus4,55_36,1,15686.0,11400.0
Mouse_Thymus4,43_53,3,14486.0,13100.0
Mouse_Thymus4,53_102,3,15486.0,18000.0
Mouse_Thymus4,34_27,3,13586.0,10500.0
Mouse_Thymus4,61_0,6,16286.0,7800.0
Mouse_Thymus4,5_48,4,10686.0,12600.0
Mouse_Thymus4,39_60,4,14086.0,13800.0
Mouse_Thymus4,57_95,8,15886.0,17300.0
Mouse_Thymus4,54_11,4,15586.0,8900.0
Mouse_Thymus4,34_70,10,13586.0,14800.0
Mouse_Thymus4,26_63,10,12786.0,14100.0
Mouse_Thymus4,27_28,3,12886.0,10600.0
Mouse_Thymus4,38_88,10,13986.0,16600.0
Mouse_Thymus4,63_25,1,16486.0,10300.0
Mouse_Thymus4,38_90,1,13986.0,16800.0
Mouse_Thymus4,33_84,3,13486.0,16200.0
Mouse_Thymus4,17_34,4,11886.0,11200.0
Mouse_Thymus4,59_22,4,16086.0,10000.0
Mouse_Thymus4,1_59,1,10286.0,13700.0
Mouse_Thymus4,23_77,6,12486.0,15500.0
Mouse_Thymus4,19_66,3,12086.0,14400.0
Mouse_Thymus4,33_51,3,13486.0,12900.0
Mouse_Thymus4,25_80,4,12686.0,15800.0
Mouse_Thymus4,54_114,1,15586.0,19200.0
Mouse_Thymus4,16_50,6,11786.0,12800.0
Mouse_Thymus4,40_34,11,14186.0,11200.0
Mouse_Thymus4,45_69,8,14686.0,14700.0
Mouse_Thymus4,35_25,3,13686.0,10300.0
Mouse_Thymus4,51_29,1,15286.0,10700.0
Mouse_Thymus4,44_48,9,14586.0,12600.0
Mouse_Thymus4,23_38,3,12486.0,11600.0
Mouse_Thymus4,20_47,3,12186.0,12500.0
Mouse_Thymus4,58_113,6,15986.0,19100.0
Mouse_Thymus4,47_80,3,14886.0,15800.0
Mouse_Thymus4,13_66,4,11486.0,14400.0
Mouse_Thymus4,14_40,8,11586.0,11800.0
Mouse_Thymus4,25_71,8,12686.0,14900.0
Mouse_Thymus4,47_100,8,14886.0,17800.0
Mouse_Thymus4,26_88,8,12786.0,16600.0
Mouse_Thymus4,43_106,1,14486.0,18400.0
Mouse_Thymus4,62_12,1,16386.0,9000.0
Mouse_Thymus4,38_49,3,13986.0,12700.0
Mouse_Thymus4,52_86,9,15386.0,16400.0
Mouse_Thymus4,44_27,4,14586.0,10500.0
Mouse_Thymus4,35_77,1,13686.0,15500.0
Mouse_Thymus4,52_10,3,15386.0,8800.0
Mouse_Thymus4,37_84,10,13886.0,16200.0
Mouse_Thymus4,71_2,1,17286.0,8000.0
Mouse_Thymus4,45_29,1,14686.0,10700.0
Mouse_Thymus4,54_104,9,15586.0,18200.0
Mouse_Thymus4,55_33,4,15686.0,11100.0
Mouse_Thymus4,31_36,4,13286.0,11400.0
Mouse_Thymus4,22_46,3,12386.0,12400.0
Mouse_Thymus4,50_21,1,15186.0,9900.0
Mouse_Thymus4,15_47,8,11686.0,12500.0
Mouse_Thymus4,24_71,9,12586.0,14900.0
Mouse_Thymus4,62_29,4,16386.0,10700.0
Mouse_Thymus4,20_48,3,12186.0,12600.0
Mouse_Thymus4,35_44,4,13686.0,12200.0
Mouse_Thymus4,18_62,8,11986.0,14000.0
Mouse_Thymus4,58_39,1,15986.0,11700.0
Mouse_Thymus4,52_100,3,15386.0,17800.0
Mouse_Thymus4,42_59,1,14386.0,13700.0
Mouse_Thymus4,52_108,3,15386.0,18600.0
Mouse_Thymus4,60_98,4,16186.0,17600.0
Mouse_Thymus4,21_39,3,12286.0,11700.0
Mouse_Thymus4,41_93,1,14286.0,17100.0
Mouse_Thymus4,30_19,8,13186.0,9700.0
Mouse_Thymus4,37_21,3,13886.0,9900.0
Mouse_Thymus4,35_38,1,13686.0,11600.0
Mouse_Thymus4,56_17,4,15786.0,9500.0
Mouse_Thymus4,48_78,1,14986.0,15600.0
Mouse_Thymus4,15_58,4,11686.0,13600.0
Mouse_Thymus4,56_41,1,15786.0,11900.0
Mouse_Thymus4,22_80,1,12386.0,15800.0
Mouse_Thymus4,46_13,3,14786.0,9100.0
Mouse_Thymus4,27_55,3,12886.0,13300.0
Mouse_Thymus4,24_85,4,12586.0,16300.0
Mouse_Thymus4,38_15,4,13986.0,9300.0
Mouse_Thymus4,14_53,4,11586.0,13100.0
Mouse_Thymus4,55_104,8,15686.0,18200.0
Mouse_Thymus4,22_54,10,12386.0,13200.0
Mouse_Thymus4,49_75,1,15086.0,15300.0
Mouse_Thymus4,53_110,3,15486.0,18800.0
Mouse_Thymus4,47_27,1,14886.0,10500.0
Mouse_Thymus4,30_28,3,13186.0,10600.0
Mouse_Thymus4,22_34,4,12386.0,11200.0
Mouse_Thymus4,56_30,1,15786.0,10800.0
Mouse_Thymus4,39_89,1,14086.0,16700.0
Mouse_Thymus4,26_89,4,12786.0,16700.0
Mouse_Thymus4,35_45,4,13686.0,12300.0
Mouse_Thymus4,18_66,3,11986.0,14400.0
Mouse_Thymus4,41_10,6,14286.0,8800.0
Mouse_Thymus4,0_58,7,10186.0,13600.0
Mouse_Thymus4,22_82,4,12386.0,16000.0
Mouse_Thymus4,50_91,3,15186.0,16900.0
Mouse_Thymus4,47_13,3,14886.0,9100.0
Mouse_Thymus4,30_24,4,13186.0,10200.0
Mouse_Thymus4,51_10,3,15286.0,8800.0
Mouse_Thymus4,30_77,3,13186.0,15500.0
Mouse_Thymus4,33_44,9,13486.0,12200.0
Mouse_Thymus4,46_10,6,14786.0,8800.0
Mouse_Thymus4,23_45,3,12486.0,12300.0
Mouse_Thymus4,5_53,4,10686.0,13100.0
Mouse_Thymus4,68_5,4,16986.0,8300.0
Mouse_Thymus4,36_53,3,13786.0,13100.0
Mouse_Thymus4,39_35,4,14086.0,11300.0
Mouse_Thymus4,34_15,8,13586.0,9300.0
Mouse_Thymus4,65_1,8,16686.0,7900.0
Mouse_Thymus4,53_11,9,15486.0,8900.0
Mouse_Thymus4,63_28,11,16486.0,10600.0
Mouse_Thymus4,42_68,4,14386.0,14600.0
Mouse_Thymus4,59_106,4,16086.0,18400.0
Mouse_Thymus4,44_104,8,14586.0,18200.0
Mouse_Thymus4,44_74,1,14586.0,15200.0
Mouse_Thymus4,57_109,1,15886.0,18700.0
Mouse_Thymus4,9_49,8,11086.0,12700.0
Mouse_Thymus4,60_5,3,16186.0,8300.0
Mouse_Thymus4,55_27,4,15686.0,10500.0
Mouse_Thymus4,34_68,10,13586.0,14600.0
Mouse_Thymus4,10_60,4,11186.0,13800.0
Mouse_Thymus4,39_39,8,14086.0,11700.0
Mouse_Thymus4,40_74,10,14186.0,15200.0
Mouse_Thymus4,35_76,10,13686.0,15400.0
Mouse_Thymus4,23_58,10,12486.0,13600.0
Mouse_Thymus4,33_90,10,13486.0,16800.0
Mouse_Thymus4,27_39,3,12886.0,11700.0
Mouse_Thymus4,41_95,1,14286.0,17300.0
Mouse_Thymus4,24_49,3,12586.0,12700.0
Mouse_Thymus4,23_35,4,12486.0,11300.0
Mouse_Thymus4,38_40,4,13986.0,11800.0
Mouse_Thymus4,43_65,4,14486.0,14300.0
Mouse_Thymus4,37_50,3,13886.0,12800.0
Mouse_Thymus4,29_52,3,13086.0,13000.0
Mouse_Thymus4,16_31,4,11786.0,10900.0
Mouse_Thymus4,16_71,1,11786.0,14900.0
Mouse_Thymus4,20_67,1,12186.0,14500.0
Mouse_Thymus4,22_67,8,12386.0,14500.0
Mouse_Thymus4,46_18,3,14786.0,9600.0
Mouse_Thymus4,25_45,3,12686.0,12300.0
Mouse_Thymus4,10_52,4,11186.0,13000.0
Mouse_Thymus4,36_33,3,13786.0,11100.0
Mouse_Thymus4,51_15,10,15286.0,9300.0
Mouse_Thymus4,37_81,9,13886.0,15900.0
Mouse_Thymus4,26_66,3,12786.0,14400.0
Mouse_Thymus4,2_56,1,10386.0,13400.0
Mouse_Thymus4,26_35,3,12786.0,11300.0
Mouse_Thymus4,37_11,1,13886.0,8900.0
Mouse_Thymus4,33_66,9,13486.0,14400.0
Mouse_Thymus4,54_94,10,15586.0,17200.0
Mouse_Thymus4,43_27,9,14486.0,10500.0
Mouse_Thymus4,46_23,4,14786.0,10100.0
Mouse_Thymus4,46_43,1,14786.0,12100.0
Mouse_Thymus4,13_34,6,11486.0,11200.0
Mouse_Thymus4,20_59,10,12186.0,13700.0
Mouse_Thymus4,42_17,3,14386.0,9500.0
Mouse_Thymus4,47_105,1,14886.0,18300.0
Mouse_Thymus4,49_19,4,15086.0,9700.0
Mouse_Thymus4,32_29,9,13386.0,10700.0
Mouse_Thymus4,4_44,8,10586.0,12200.0
Mouse_Thymus4,36_29,10,13786.0,10700.0
Mouse_Thymus4,11_43,4,11286.0,12100.0
Mouse_Thymus4,61_28,1,16286.0,10600.0
Mouse_Thymus4,53_45,11,15486.0,12300.0
Mouse_Thymus4,55_18,4,15686.0,9600.0
Mouse_Thymus4,61_29,1,16286.0,10700.0
Mouse_Thymus4,23_39,3,12486.0,11700.0
Mouse_Thymus4,18_35,4,11986.0,11300.0
Mouse_Thymus4,56_6,3,15786.0,8400.0
Mouse_Thymus4,53_26,1,15486.0,10400.0
Mouse_Thymus4,25_59,3,12686.0,13700.0
Mouse_Thymus4,38_53,10,13986.0,13100.0
Mouse_Thymus4,32_60,10,13386.0,13800.0
Mouse_Thymus4,33_47,9,13486.0,12500.0
Mouse_Thymus4,14_71,7,11586.0,14900.0
Mouse_Thymus4,45_88,3,14686.0,16600.0
Mouse_Thymus4,67_1,1,16886.0,7900.0
Mouse_Thymus4,25_90,1,12686.0,16800.0
Mouse_Thymus4,41_75,9,14286.0,15300.0
Mouse_Thymus4,3_46,9,10486.0,12400.0
Mouse_Thymus4,45_12,4,14686.0,9000.0
Mouse_Thymus4,23_81,8,12486.0,15900.0
Mouse_Thymus4,23_54,9,12486.0,13200.0
Mouse_Thymus4,45_14,3,14686.0,9200.0
Mouse_Thymus4,49_85,3,15086.0,16300.0
Mouse_Thymus4,34_18,4,13586.0,9600.0
Mouse_Thymus4,38_83,1,13986.0,16100.0
Mouse_Thymus4,32_87,10,13386.0,16500.0
Mouse_Thymus4,50_115,1,15186.0,19300.0
Mouse_Thymus4,22_61,6,12386.0,13900.0
Mouse_Thymus4,12_47,4,11386.0,12500.0
Mouse_Thymus4,54_17,1,15586.0,9500.0
Mouse_Thymus4,56_8,3,15786.0,8600.0
Mouse_Thymus4,14_69,1,11586.0,14700.0
Mouse_Thymus4,55_14,4,15686.0,9200.0
Mouse_Thymus4,24_61,9,12586.0,13900.0
Mouse_Thymus4,46_45,9,14786.0,12300.0
Mouse_Thymus4,58_1,8,15986.0,7900.0
Mouse_Thymus4,32_34,11,13386.0,11200.0
Mouse_Thymus4,10_45,1,11186.0,12300.0
Mouse_Thymus4,51_89,3,15286.0,16700.0
Mouse_Thymus4,7_50,4,10886.0,12800.0
Mouse_Thymus4,67_8,1,16886.0,8600.0
Mouse_Thymus4,55_40,4,15686.0,11800.0
Mouse_Thymus4,56_112,1,15786.0,19000.0
Mouse_Thymus4,54_4,1,15586.0,8200.0
Mouse_Thymus4,19_50,10,12086.0,12800.0
Mouse_Thymus4,34_20,4,13586.0,9800.0
Mouse_Thymus4,45_112,6,14686.0,19000.0
Mouse_Thymus4,33_35,4,13486.0,11300.0
Mouse_Thymus4,39_70,9,14086.0,14800.0
Mouse_Thymus4,11_47,4,11286.0,12500.0
Mouse_Thymus4,51_106,3,15286.0,18400.0
Mouse_Thymus4,54_100,3,15586.0,17800.0
Mouse_Thymus4,57_16,1,15886.0,9400.0
Mouse_Thymus4,55_39,11,15686.0,11700.0
Mouse_Thymus4,61_1,6,16286.0,7900.0
Mouse_Thymus4,10_42,4,11186.0,12000.0
Mouse_Thymus4,31_76,9,13286.0,15400.0
Mouse_Thymus4,32_43,3,13386.0,12100.0
Mouse_Thymus4,58_10,11,15986.0,8800.0
Mouse_Thymus4,18_27,7,11986.0,10500.0
Mouse_Thymus4,36_67,9,13786.0,14500.0
Mouse_Thymus4,48_14,3,14986.0,9200.0
Mouse_Thymus4,58_8,9,15986.0,8600.0
Mouse_Thymus4,23_23,7,12486.0,10100.0
Mouse_Thymus4,56_96,1,15786.0,17400.0
Mouse_Thymus4,35_57,4,13686.0,13500.0
Mouse_Thymus4,40_63,4,14186.0,14100.0
Mouse_Thymus4,44_34,1,14586.0,11200.0
Mouse_Thymus4,40_31,11,14186.0,10900.0
Mouse_Thymus4,58_6,3,15986.0,8400.0
Mouse_Thymus4,43_54,3,14486.0,13200.0
Mouse_Thymus4,36_73,9,13786.0,15100.0
Mouse_Thymus4,61_87,7,16286.0,16500.0
Mouse_Thymus4,56_118,6,15786.0,19600.0
Mouse_Thymus4,41_37,4,14286.0,11500.0
Mouse_Thymus4,26_27,8,12786.0,10500.0
Mouse_Thymus4,48_108,4,14986.0,18600.0
Mouse_Thymus4,45_51,3,14686.0,12900.0
Mouse_Thymus4,40_84,10,14186.0,16200.0
Mouse_Thymus4,25_26,1,12686.0,10400.0
Mouse_Thymus4,37_15,4,13886.0,9300.0
Mouse_Thymus4,41_69,10,14286.0,14700.0
Mouse_Thymus4,40_64,9,14186.0,14200.0
Mouse_Thymus4,44_23,9,14586.0,10100.0
Mouse_Thymus4,40_47,4,14186.0,12500.0
Mouse_Thymus4,54_85,10,15586.0,16300.0
Mouse_Thymus4,21_40,3,12286.0,11800.0
Mouse_Thymus4,32_53,3,13386.0,13100.0
Mouse_Thymus4,42_102,8,14386.0,18000.0
Mouse_Thymus4,2_58,1,10386.0,13600.0
Mouse_Thymus4,50_6,1,15186.0,8400.0
Mouse_Thymus4,48_94,3,14986.0,17200.0
Mouse_Thymus4,21_60,4,12286.0,13800.0
Mouse_Thymus4,44_84,3,14586.0,16200.0
Mouse_Thymus4,58_21,4,15986.0,9900.0
Mouse_Thymus4,2_54,1,10386.0,13200.0
Mouse_Thymus4,36_79,10,13786.0,15700.0
Mouse_Thymus4,45_94,3,14686.0,17200.0
Mouse_Thymus4,37_28,10,13886.0,10600.0
Mouse_Thymus4,54_96,3,15586.0,17400.0
Mouse_Thymus4,18_41,3,11986.0,11900.0
Mouse_Thymus4,41_22,3,14286.0,10000.0
Mouse_Thymus4,45_31,4,14686.0,10900.0
Mouse_Thymus4,58_27,1,15986.0,10500.0
Mouse_Thymus4,60_35,1,16186.0,11300.0
Mouse_Thymus4,28_68,3,12986.0,14600.0
Mouse_Thymus4,46_16,3,14786.0,9400.0
Mouse_Thymus4,18_77,4,11986.0,15500.0
Mouse_Thymus4,40_18,3,14186.0,9600.0
Mouse_Thymus4,25_57,3,12686.0,13500.0
Mouse_Thymus4,37_53,3,13886.0,13100.0
Mouse_Thymus4,11_50,1,11286.0,12800.0
Mouse_Thymus4,52_84,3,15386.0,16200.0
Mouse_Thymus4,58_2,1,15986.0,8000.0
Mouse_Thymus4,56_113,1,15786.0,19100.0
Mouse_Thymus4,59_110,1,16086.0,18800.0
Mouse_Thymus4,36_58,10,13786.0,13600.0
Mouse_Thymus4,37_39,4,13886.0,11700.0
Mouse_Thymus4,25_87,1,12686.0,16500.0
Mouse_Thymus4,55_112,1,15686.0,19000.0
Mouse_Thymus4,47_5,8,14886.0,8300.0
Mouse_Thymus4,13_40,4,11486.0,11800.0
Mouse_Thymus4,35_26,3,13686.0,10400.0
Mouse_Thymus4,59_36,1,16086.0,11400.0
Mouse_Thymus4,26_43,3,12786.0,12100.0
Mouse_Thymus4,58_82,1,15986.0,16000.0
Mouse_Thymus4,17_75,10,11886.0,15300.0
Mouse_Thymus4,6_43,1,10786.0,12100.0
Mouse_Thymus4,44_75,1,14586.0,15300.0
Mouse_Thymus4,14_64,4,11586.0,14200.0
Mouse_Thymus4,32_20,8,13386.0,9800.0
Mouse_Thymus4,26_51,3,12786.0,12900.0
Mouse_Thymus4,65_10,1,16686.0,8800.0
Mouse_Thymus4,19_27,8,12086.0,10500.0
Mouse_Thymus4,44_110,10,14586.0,18800.0
Mouse_Thymus4,35_47,4,13686.0,12500.0
Mouse_Thymus4,7_53,4,10886.0,13100.0
Mouse_Thymus4,53_13,4,15486.0,9100.0
Mouse_Thymus4,56_7,3,15786.0,8500.0
Mouse_Thymus4,52_93,3,15386.0,17100.0
Mouse_Thymus4,46_86,3,14786.0,16400.0
Mouse_Thymus4,44_69,1,14586.0,14700.0
Mouse_Thymus4,40_49,3,14186.0,12700.0
Mouse_Thymus4,17_67,9,11886.0,14500.0
Mouse_Thymus4,43_77,3,14486.0,15500.0
Mouse_Thymus4,20_26,10,12186.0,10400.0
Mouse_Thymus4,32_46,3,13386.0,12400.0
Mouse_Thymus4,17_64,9,11886.0,14200.0
Mouse_Thymus4,46_34,11,14786.0,11200.0
Mouse_Thymus4,51_95,3,15286.0,17300.0
Mouse_Thymus4,41_41,4,14286.0,11900.0
Mouse_Thymus4,47_106,1,14886.0,18400.0
Mouse_Thymus4,23_26,1,12486.0,10400.0
Mouse_Thymus4,55_98,9,15686.0,17600.0
Mouse_Thymus4,16_49,10,11786.0,12700.0
Mouse_Thymus4,30_62,9,13186.0,14000.0
Mouse_Thymus4,60_85,7,16186.0,16300.0
Mouse_Thymus4,39_37,4,14086.0,11500.0
Mouse_Thymus4,5_43,1,10686.0,12100.0
Mouse_Thymus4,16_52,10,11786.0,13000.0
Mouse_Thymus4,8_56,1,10986.0,13400.0
Mouse_Thymus4,38_22,3,13986.0,10000.0
Mouse_Thymus4,46_78,3,14786.0,15600.0
Mouse_Thymus4,48_8,4,14986.0,8600.0
Mouse_Thymus4,48_113,8,14986.0,19100.0
Mouse_Thymus4,38_33,9,13986.0,11100.0
Mouse_Thymus4,2_49,7,10386.0,12700.0
Mouse_Thymus4,22_39,3,12386.0,11700.0
Mouse_Thymus4,50_29,6,15186.0,10700.0
Mouse_Thymus4,52_17,4,15386.0,9500.0
Mouse_Thymus4,12_45,1,11386.0,12300.0
Mouse_Thymus4,27_75,4,12886.0,15300.0
Mouse_Thymus4,44_32,11,14586.0,11000.0
Mouse_Thymus4,53_113,3,15486.0,19100.0
Mouse_Thymus4,48_30,6,14986.0,10800.0
Mouse_Thymus4,37_37,4,13886.0,11500.0
Mouse_Thymus4,16_65,8,11786.0,14300.0
Mouse_Thymus4,57_111,1,15886.0,18900.0
Mouse_Thymus4,47_107,1,14886.0,18500.0
Mouse_Thymus4,36_14,8,13786.0,9200.0
Mouse_Thymus4,41_21,3,14286.0,9900.0
Mouse_Thymus4,46_52,9,14786.0,13000.0
Mouse_Thymus4,38_96,1,13986.0,17400.0
Mouse_Thymus4,46_71,10,14786.0,14900.0
Mouse_Thymus4,29_28,3,13086.0,10600.0
Mouse_Thymus4,43_9,1,14486.0,8700.0
Mouse_Thymus4,47_82,3,14886.0,16000.0
Mouse_Thymus4,42_95,4,14386.0,17300.0
Mouse_Thymus4,23_32,10,12486.0,11000.0
Mouse_Thymus4,51_92,3,15286.0,17000.0
Mouse_Thymus4,18_52,4,11986.0,13000.0
Mouse_Thymus4,33_23,4,13486.0,10100.0
Mouse_Thymus4,52_91,3,15386.0,16900.0
Mouse_Thymus4,48_24,4,14986.0,10200.0
Mouse_Thymus4,41_20,3,14286.0,9800.0
Mouse_Thymus4,22_62,3,12386.0,14000.0
Mouse_Thymus4,24_43,3,12586.0,12100.0
Mouse_Thymus4,48_35,1,14986.0,11300.0
Mouse_Thymus4,56_82,1,15786.0,16000.0
Mouse_Thymus4,63_7,1,16486.0,8500.0
Mouse_Thymus4,51_90,8,15286.0,16800.0
Mouse_Thymus4,12_49,4,11386.0,12700.0
Mouse_Thymus4,31_84,10,13286.0,16200.0
Mouse_Thymus4,51_80,1,15286.0,15800.0
Mouse_Thymus4,43_7,7,14486.0,8500.0
Mouse_Thymus4,29_27,3,13086.0,10500.0
Mouse_Thymus4,32_36,4,13386.0,11400.0
Mouse_Thymus4,3_47,6,10486.0,12500.0
Mouse_Thymus4,31_37,4,13286.0,11500.0
Mouse_Thymus4,44_66,7,14586.0,14400.0
Mouse_Thymus4,25_53,3,12686.0,13100.0
Mouse_Thymus4,51_45,9,15286.0,12300.0
Mouse_Thymus4,43_50,3,14486.0,12800.0
Mouse_Thymus4,43_57,1,14486.0,13500.0
Mouse_Thymus4,44_93,10,14586.0,17100.0
Mouse_Thymus4,60_87,8,16186.0,16500.0
Mouse_Thymus4,37_59,8,13886.0,13700.0
Mouse_Thymus4,60_99,4,16186.0,17700.0
Mouse_Thymus4,53_77,10,15486.0,15500.0
Mouse_Thymus4,40_83,1,14186.0,16100.0
Mouse_Thymus4,45_104,10,14686.0,18200.0
Mouse_Thymus4,51_17,9,15286.0,9500.0
Mouse_Thymus4,52_45,11,15386.0,12300.0
Mouse_Thymus4,54_83,1,15586.0,16100.0
Mouse_Thymus4,40_39,1,14186.0,11700.0
Mouse_Thymus4,34_53,10,13586.0,13100.0
Mouse_Thymus4,28_28,3,12986.0,10600.0
Mouse_Thymus4,24_39,3,12586.0,11700.0
Mouse_Thymus4,34_21,4,13586.0,9900.0
Mouse_Thymus4,13_38,4,11486.0,11600.0
Mouse_Thymus4,28_66,3,12986.0,14400.0
Mouse_Thymus4,23_33,4,12486.0,11100.0
Mouse_Thymus4,25_81,1,12686.0,15900.0
Mouse_Thymus4,60_3,1,16186.0,8100.0
Mouse_Thymus4,43_20,3,14486.0,9800.0
Mouse_Thymus4,32_47,3,13386.0,12500.0
Mouse_Thymus4,47_93,3,14886.0,17100.0
Mouse_Thymus4,40_90,1,14186.0,16800.0
Mouse_Thymus4,31_65,9,13286.0,14300.0
Mouse_Thymus4,41_53,3,14286.0,13100.0
Mouse_Thymus4,53_94,3,15486.0,17200.0
Mouse_Thymus4,28_26,10,12986.0,10400.0
Mouse_Thymus4,33_28,9,13486.0,10600.0
Mouse_Thymus4,51_93,3,15286.0,17100.0
Mouse_Thymus4,62_31,1,16386.0,10900.0
Mouse_Thymus4,53_104,9,15486.0,18200.0
Mouse_Thymus4,36_69,10,13786.0,14700.0
Mouse_Thymus4,62_28,4,16386.0,10600.0
Mouse_Thymus4,49_11,3,15086.0,8900.0
Mouse_Thymus4,44_13,9,14586.0,9100.0
Mouse_Thymus4,48_83,3,14986.0,16100.0
Mouse_Thymus4,42_53,3,14386.0,13100.0
Mouse_Thymus4,39_32,9,14086.0,11000.0
Mouse_Thymus4,15_30,6,11686.0,10800.0
Mouse_Thymus4,35_43,8,13686.0,12100.0
Mouse_Thymus4,50_35,4,15186.0,11300.0
Mouse_Thymus4,49_97,3,15086.0,17500.0
Mouse_Thymus4,38_77,8,13986.0,15500.0
Mouse_Thymus4,31_18,6,13286.0,9600.0
Mouse_Thymus4,42_90,1,14386.0,16800.0
Mouse_Thymus4,35_75,10,13686.0,15300.0
Mouse_Thymus4,15_48,6,11686.0,12600.0
Mouse_Thymus4,13_55,4,11486.0,13300.0
Mouse_Thymus4,28_65,9,12986.0,14300.0
Mouse_Thymus4,33_89,3,13486.0,16700.0
Mouse_Thymus4,27_50,3,12886.0,12800.0
Mouse_Thymus4,59_27,4,16086.0,10500.0
Mouse_Thymus4,24_26,1,12586.0,10400.0
Mouse_Thymus4,23_51,3,12486.0,12900.0
Mouse_Thymus4,32_59,4,13386.0,13700.0
Mouse_Thymus4,37_87,1,13886.0,16500.0
Mouse_Thymus4,43_48,3,14486.0,12600.0
Mouse_Thymus4,61_27,1,16286.0,10500.0
Mouse_Thymus4,35_19,1,13686.0,9700.0
Mouse_Thymus4,54_119,1,15586.0,19700.0
Mouse_Thymus4,49_32,4,15086.0,11000.0
Mouse_Thymus4,32_66,9,13386.0,14400.0
Mouse_Thymus4,55_93,1,15686.0,17100.0
Mouse_Thymus4,37_83,1,13886.0,16100.0
Mouse_Thymus4,25_27,8,12686.0,10500.0
Mouse_Thymus4,34_48,10,13586.0,12600.0
Mouse_Thymus4,51_22,1,15286.0,10000.0
Mouse_Thymus4,46_102,8,14786.0,18000.0
Mouse_Thymus4,40_10,6,14186.0,8800.0
Mouse_Thymus4,39_34,11,14086.0,11200.0
Mouse_Thymus4,45_109,1,14686.0,18700.0
Mouse_Thymus4,45_19,3,14686.0,9700.0
Mouse_Thymus4,34_32,9,13586.0,11000.0
Mouse_Thymus4,39_93,1,14086.0,17100.0
Mouse_Thymus4,54_117,4,15586.0,19500.0
Mouse_Thymus4,19_46,3,12086.0,12400.0
Mouse_Thymus4,42_104,4,14386.0,18200.0
Mouse_Thymus4,57_1,7,15886.0,7900.0
Mouse_Thymus4,19_79,1,12086.0,15700.0
Mouse_Thymus4,52_22,1,15386.0,10000.0
Mouse_Thymus4,63_6,1,16486.0,8400.0
Mouse_Thymus4,18_47,3,11986.0,12500.0
Mouse_Thymus4,33_85,3,13486.0,16300.0
Mouse_Thymus4,39_69,9,14086.0,14700.0
Mouse_Thymus4,12_42,1,11386.0,12000.0
Mouse_Thymus4,18_67,3,11986.0,14500.0
Mouse_Thymus4,44_81,3,14586.0,15900.0
Mouse_Thymus4,42_78,3,14386.0,15600.0
Mouse_Thymus4,47_24,4,14886.0,10200.0
Mouse_Thymus4,9_55,4,11086.0,13300.0
Mouse_Thymus4,30_36,4,13186.0,11400.0
Mouse_Thymus4,29_34,10,13086.0,11200.0
Mouse_Thymus4,39_80,1,14086.0,15800.0
Mouse_Thymus4,21_53,9,12286.0,13100.0
Mouse_Thymus4,33_74,9,13486.0,15200.0
Mouse_Thymus4,51_102,3,15286.0,18000.0
Mouse_Thymus4,60_24,1,16186.0,10200.0
Mouse_Thymus4,53_89,10,15486.0,16700.0
Mouse_Thymus4,47_112,4,14886.0,19000.0
Mouse_Thymus4,37_79,10,13886.0,15700.0
Mouse_Thymus4,38_61,9,13986.0,13900.0
Mouse_Thymus4,24_48,3,12586.0,12600.0
Mouse_Thymus4,13_59,4,11486.0,13700.0
Mouse_Thymus4,21_52,9,12286.0,13000.0
Mouse_Thymus4,24_24,6,12586.0,10200.0
Mouse_Thymus4,44_94,4,14586.0,17200.0
Mouse_Thymus4,46_73,10,14786.0,15100.0
Mouse_Thymus4,39_14,4,14086.0,9200.0
Mouse_Thymus4,17_52,10,11886.0,13000.0
Mouse_Thymus4,11_61,6,11286.0,13900.0
Mouse_Thymus4,13_35,4,11486.0,11300.0
Mouse_Thymus4,39_49,8,14086.0,12700.0
Mouse_Thymus4,58_30,1,15986.0,10800.0
Mouse_Thymus4,31_82,3,13286.0,16000.0
Mouse_Thymus4,9_44,4,11086.0,12200.0
Mouse_Thymus4,59_2,1,16086.0,8000.0
Mouse_Thymus4,50_39,4,15186.0,11700.0
Mouse_Thymus4,54_33,4,15586.0,11100.0
Mouse_Thymus4,57_93,1,15886.0,17100.0
Mouse_Thymus4,40_52,3,14186.0,13000.0
Mouse_Thymus4,6_53,8,10786.0,13100.0
Mouse_Thymus4,54_22,4,15586.0,10000.0
Mouse_Thymus4,49_28,6,15086.0,10600.0
Mouse_Thymus4,38_75,10,13986.0,15300.0
Mouse_Thymus4,50_75,1,15186.0,15300.0
Mouse_Thymus4,12_38,4,11386.0,11600.0
Mouse_Thymus4,42_35,4,14386.0,11300.0
Mouse_Thymus4,24_74,3,12586.0,15200.0
Mouse_Thymus4,11_48,4,11286.0,12600.0
Mouse_Thymus4,23_24,8,12486.0,10200.0
Mouse_Thymus4,50_77,1,15186.0,15500.0
Mouse_Thymus4,3_44,8,10486.0,12200.0
Mouse_Thymus4,34_35,9,13586.0,11300.0
Mouse_Thymus4,21_66,1,12286.0,14400.0
Mouse_Thymus4,44_99,1,14586.0,17700.0
Mouse_Thymus4,45_102,4,14686.0,18000.0
Mouse_Thymus4,25_35,3,12686.0,11300.0
Mouse_Thymus4,56_86,1,15786.0,16400.0
Mouse_Thymus4,61_88,10,16286.0,16600.0
Mouse_Thymus4,53_25,1,15486.0,10300.0
Mouse_Thymus4,25_24,4,12686.0,10200.0
Mouse_Thymus4,45_35,4,14686.0,11300.0
Mouse_Thymus4,43_18,10,14486.0,9600.0
Mouse_Thymus4,66_2,10,16786.0,8000.0
Mouse_Thymus4,34_24,3,13586.0,10200.0
Mouse_Thymus4,49_111,9,15086.0,18900.0
Mouse_Thymus4,20_31,4,12186.0,10900.0
Mouse_Thymus4,54_81,4,15586.0,15900.0
Mouse_Thymus4,16_63,11,11786.0,14100.0
Mouse_Thymus4,45_86,3,14686.0,16400.0
Mouse_Thymus4,28_34,9,12986.0,11200.0
Mouse_Thymus4,20_46,3,12186.0,12400.0
Mouse_Thymus4,56_10,10,15786.0,8800.0
Mouse_Thymus4,34_84,3,13586.0,16200.0
Mouse_Thymus4,43_70,4,14486.0,14800.0
Mouse_Thymus4,51_32,10,15286.0,11000.0
Mouse_Thymus4,16_74,4,11786.0,15200.0
Mouse_Thymus4,40_61,4,14186.0,13900.0
Mouse_Thymus4,50_32,4,15186.0,11000.0
Mouse_Thymus4,29_31,3,13086.0,10900.0
Mouse_Thymus4,61_96,1,16286.0,17400.0
Mouse_Thymus4,62_101,7,16386.0,17900.0
Mouse_Thymus4,26_77,4,12786.0,15500.0
Mouse_Thymus4,19_80,1,12086.0,15800.0
Mouse_Thymus4,43_33,1,14486.0,11100.0
Mouse_Thymus4,56_9,8,15786.0,8700.0
Mouse_Thymus4,49_115,8,15086.0,19300.0
Mouse_Thymus4,41_33,4,14286.0,11100.0
Mouse_Thymus4,53_82,8,15486.0,16000.0
Mouse_Thymus4,43_19,3,14486.0,9700.0
Mouse_Thymus4,32_71,9,13386.0,14900.0
Mouse_Thymus4,30_68,3,13186.0,14600.0
Mouse_Thymus4,10_40,4,11186.0,11800.0
Mouse_Thymus4,22_53,9,12386.0,13100.0
Mouse_Thymus4,36_70,10,13786.0,14800.0
Mouse_Thymus4,51_8,10,15286.0,8600.0
Mouse_Thymus4,61_25,4,16286.0,10300.0
Mouse_Thymus4,24_75,10,12586.0,15300.0
Mouse_Thymus4,41_89,1,14286.0,16700.0
Mouse_Thymus4,56_22,4,15786.0,10000.0
Mouse_Thymus4,34_36,8,13586.0,11400.0
Mouse_Thymus4,27_20,1,12886.0,9800.0
Mouse_Thymus4,43_97,4,14486.0,17500.0
Mouse_Thymus4,46_82,3,14786.0,16000.0
Mouse_Thymus4,26_84,1,12786.0,16200.0
Mouse_Thymus4,26_92,1,12786.0,17000.0
Mouse_Thymus4,51_7,1,15286.0,8500.0
Mouse_Thymus4,49_49,1,15086.0,12700.0
Mouse_Thymus4,20_52,9,12186.0,13000.0
Mouse_Thymus4,35_56,10,13686.0,13400.0
Mouse_Thymus4,36_56,10,13786.0,13400.0
Mouse_Thymus4,12_43,4,11386.0,12100.0
Mouse_Thymus4,55_28,4,15686.0,10600.0
Mouse_Thymus4,20_42,3,12186.0,12000.0
Mouse_Thymus4,46_30,4,14786.0,10800.0
Mouse_Thymus4,34_89,3,13586.0,16700.0
Mouse_Thymus4,41_74,10,14286.0,15200.0
Mouse_Thymus4,42_50,3,14386.0,12800.0
Mouse_Thymus4,48_28,10,14986.0,10600.0
Mouse_Thymus4,38_56,10,13986.0,13400.0
Mouse_Thymus4,26_76,6,12786.0,15400.0
Mouse_Thymus4,10_38,1,11186.0,11600.0
Mouse_Thymus4,8_38,4,10986.0,11600.0
Mouse_Thymus4,14_33,4,11586.0,11100.0
Mouse_Thymus4,7_38,4,10886.0,11600.0
Mouse_Thymus4,40_44,4,14186.0,12200.0
Mouse_Thymus4,57_112,1,15886.0,19000.0
Mouse_Thymus4,36_62,10,13786.0,14000.0
Mouse_Thymus4,10_36,4,11186.0,11400.0
Mouse_Thymus4,68_3,8,16986.0,8100.0
Mouse_Thymus4,53_95,3,15486.0,17300.0
Mouse_Thymus4,7_60,1,10886.0,13800.0
Mouse_Thymus4,48_39,1,14986.0,11700.0
Mouse_Thymus4,52_105,3,15386.0,18300.0
Mouse_Thymus4,35_20,1,13686.0,9800.0
Mouse_Thymus4,32_51,3,13386.0,12900.0
Mouse_Thymus4,33_53,3,13486.0,13100.0
Mouse_Thymus4,44_73,1,14586.0,15100.0
Mouse_Thymus4,7_41,1,10886.0,11900.0
Mouse_Thymus4,10_48,4,11186.0,12600.0
Mouse_Thymus4,43_42,10,14486.0,12000.0
Mouse_Thymus4,28_21,10,12986.0,9900.0
Mouse_Thymus4,16_54,9,11786.0,13200.0
Mouse_Thymus4,41_47,6,14286.0,12500.0
Mouse_Thymus4,63_23,8,16486.0,10100.0
Mouse_Thymus4,45_68,7,14686.0,14600.0
Mouse_Thymus4,54_78,10,15586.0,15600.0
Mouse_Thymus4,58_3,1,15986.0,8100.0
Mouse_Thymus4,33_83,3,13486.0,16100.0
Mouse_Thymus4,66_9,4,16786.0,8700.0
Mouse_Thymus4,30_66,9,13186.0,14400.0
Mouse_Thymus4,31_96,1,13286.0,17400.0
Mouse_Thymus4,38_42,4,13986.0,12000.0
Mouse_Thymus4,54_107,3,15586.0,18500.0
Mouse_Thymus4,48_92,3,14986.0,17000.0
Mouse_Thymus4,44_102,4,14586.0,18000.0
Mouse_Thymus4,32_58,10,13386.0,13600.0
Mouse_Thymus4,18_28,6,11986.0,10600.0
Mouse_Thymus4,42_76,3,14386.0,15400.0
Mouse_Thymus4,42_27,3,14386.0,10500.0
Mouse_Thymus4,53_3,6,15486.0,8100.0
Mouse_Thymus4,13_57,4,11486.0,13500.0
Mouse_Thymus4,51_6,1,15286.0,8400.0
Mouse_Thymus4,36_19,4,13786.0,9700.0
Mouse_Thymus4,55_79,1,15686.0,15700.0
Mouse_Thymus4,36_27,3,13786.0,10500.0
Mouse_Thymus4,51_109,3,15286.0,18700.0
Mouse_Thymus4,59_16,4,16086.0,9400.0
Mouse_Thymus4,45_28,4,14686.0,10600.0
Mouse_Thymus4,32_40,4,13386.0,11800.0
Mouse_Thymus4,30_37,9,13186.0,11500.0
Mouse_Thymus4,32_90,10,13386.0,16800.0
Mouse_Thymus4,9_52,1,11086.0,13000.0
Mouse_Thymus4,43_95,4,14486.0,17300.0
Mouse_Thymus4,39_24,3,14086.0,10200.0
Mouse_Thymus4,27_31,3,12886.0,10900.0
Mouse_Thymus4,8_50,4,10986.0,12800.0
Mouse_Thymus4,55_3,1,15686.0,8100.0
Mouse_Thymus4,52_89,3,15386.0,16700.0
Mouse_Thymus4,56_24,4,15786.0,10200.0
Mouse_Thymus4,4_41,8,10586.0,11900.0
Mouse_Thymus4,44_83,3,14586.0,16100.0
Mouse_Thymus4,40_79,10,14186.0,15700.0
Mouse_Thymus4,42_52,3,14386.0,13000.0
Mouse_Thymus4,8_63,1,10986.0,14100.0
Mouse_Thymus4,10_41,1,11186.0,11900.0
Mouse_Thymus4,14_61,11,11586.0,13900.0
Mouse_Thymus4,24_65,3,12586.0,14300.0
Mouse_Thymus4,34_23,8,13586.0,10100.0
Mouse_Thymus4,17_70,8,11886.0,14800.0
Mouse_Thymus4,27_76,8,12886.0,15400.0
Mouse_Thymus4,44_49,3,14586.0,12700.0
Mouse_Thymus4,49_90,3,15086.0,16800.0
Mouse_Thymus4,24_22,10,12586.0,10000.0
Mouse_Thymus4,62_9,4,16386.0,8700.0
Mouse_Thymus4,25_84,8,12686.0,16200.0
Mouse_Thymus4,45_72,8,14686.0,15000.0
Mouse_Thymus4,52_98,3,15386.0,17600.0
Mouse_Thymus4,31_83,10,13286.0,16100.0
Mouse_Thymus4,30_73,10,13186.0,15100.0
Mouse_Thymus4,60_20,7,16186.0,9800.0
Mouse_Thymus4,19_49,3,12086.0,12700.0
Mouse_Thymus4,42_19,3,14386.0,9700.0
Mouse_Thymus4,59_33,4,16086.0,11100.0
Mouse_Thymus4,28_49,3,12986.0,12700.0
Mouse_Thymus4,25_60,3,12686.0,13800.0
Mouse_Thymus4,32_74,9,13386.0,15200.0
Mouse_Thymus4,51_5,1,15286.0,8300.0
Mouse_Thymus4,32_50,3,13386.0,12800.0
Mouse_Thymus4,47_89,10,14886.0,16700.0
Mouse_Thymus4,57_89,1,15886.0,16700.0
Mouse_Thymus4,17_32,4,11886.0,11000.0
Mouse_Thymus4,31_46,3,13286.0,12400.0
Mouse_Thymus4,51_115,4,15286.0,19300.0
Mouse_Thymus4,47_111,1,14886.0,18900.0
Mouse_Thymus4,55_91,1,15686.0,16900.0
Mouse_Thymus4,51_86,3,15286.0,16400.0
Mouse_Thymus4,28_89,8,12986.0,16700.0
Mouse_Thymus4,18_75,1,11986.0,15300.0
Mouse_Thymus4,49_41,1,15086.0,11900.0
Mouse_Thymus4,32_54,3,13386.0,13200.0
Mouse_Thymus4,41_85,1,14286.0,16300.0
Mouse_Thymus4,47_30,6,14886.0,10800.0
Mouse_Thymus4,12_59,11,11386.0,13700.0
Mouse_Thymus4,32_76,10,13386.0,15400.0
Mouse_Thymus4,51_108,3,15286.0,18600.0
Mouse_Thymus4,49_77,4,15086.0,15500.0
Mouse_Thymus4,18_33,4,11986.0,11100.0
Mouse_Thymus4,52_87,9,15386.0,16500.0
Mouse_Thymus4,22_29,4,12386.0,10700.0
Mouse_Thymus4,36_47,1,13786.0,12500.0
Mouse_Thymus4,14_39,9,11586.0,11700.0
Mouse_Thymus4,44_101,4,14586.0,17900.0
Mouse_Thymus4,43_45,4,14486.0,12300.0
Mouse_Thymus4,31_21,4,13286.0,9900.0
Mouse_Thymus4,41_65,8,14286.0,14300.0
Mouse_Thymus4,17_56,1,11886.0,13400.0
Mouse_Thymus4,8_42,4,10986.0,12000.0
Mouse_Thymus4,56_15,8,15786.0,9300.0
Mouse_Thymus4,44_38,4,14586.0,11600.0
Mouse_Thymus4,30_27,3,13186.0,10500.0
Mouse_Thymus4,52_24,6,15386.0,10200.0
Mouse_Thymus4,46_31,1,14786.0,10900.0
Mouse_Thymus4,36_46,1,13786.0,12400.0
Mouse_Thymus4,33_39,4,13486.0,11700.0
Mouse_Thymus4,52_37,4,15386.0,11500.0
Mouse_Thymus4,15_62,1,11686.0,14000.0
Mouse_Thymus4,6_41,1,10786.0,11900.0
Mouse_Thymus4,58_96,1,15986.0,17400.0
Mouse_Thymus4,35_89,9,13686.0,16700.0
Mouse_Thymus4,56_25,1,15786.0,10300.0
Mouse_Thymus4,52_46,4,15386.0,12400.0
Mouse_Thymus4,36_63,8,13786.0,14100.0
Mouse_Thymus4,16_68,4,11786.0,14600.0
Mouse_Thymus4,50_34,1,15186.0,11200.0
Mouse_Thymus4,42_89,6,14386.0,16700.0
Mouse_Thymus4,47_95,3,14886.0,17300.0
Mouse_Thymus4,21_73,1,12286.0,15100.0
Mouse_Thymus4,46_46,9,14786.0,12400.0
Mouse_Thymus4,28_20,6,12986.0,9800.0
Mouse_Thymus4,33_33,4,13486.0,11100.0
Mouse_Thymus4,55_108,10,15686.0,18600.0
Mouse_Thymus4,37_89,10,13886.0,16700.0
Mouse_Thymus4,60_86,1,16186.0,16400.0
Mouse_Thymus4,31_39,8,13286.0,11700.0
Mouse_Thymus4,62_27,4,16386.0,10500.0
Mouse_Thymus4,56_88,1,15786.0,16600.0
Mouse_Thymus4,25_61,3,12686.0,13900.0
Mouse_Thymus4,45_41,4,14686.0,11900.0
Mouse_Thymus4,47_83,3,14886.0,16100.0
Mouse_Thymus4,48_34,1,14986.0,11200.0
Mouse_Thymus4,55_24,8,15686.0,10200.0
Mouse_Thymus4,41_86,6,14286.0,16400.0
Mouse_Thymus4,43_64,1,14486.0,14200.0
Mouse_Thymus4,52_5,8,15386.0,8300.0
Mouse_Thymus4,48_19,8,14986.0,9700.0
Mouse_Thymus4,20_80,1,12186.0,15800.0
Mouse_Thymus4,50_74,4,15186.0,15200.0
Mouse_Thymus4,33_54,3,13486.0,13200.0
Mouse_Thymus4,56_34,10,15786.0,11200.0
Mouse_Thymus4,32_75,8,13386.0,15300.0
Mouse_Thymus4,53_91,3,15486.0,16900.0
Mouse_Thymus4,49_22,6,15086.0,10000.0
Mouse_Thymus4,25_63,10,12686.0,14100.0
Mouse_Thymus4,64_30,1,16586.0,10800.0
Mouse_Thymus4,51_12,9,15286.0,9000.0
Mouse_Thymus4,63_30,1,16486.0,10800.0
Mouse_Thymus4,2_57,4,10386.0,13500.0
Mouse_Thymus4,38_72,10,13986.0,15000.0
Mouse_Thymus4,52_115,8,15386.0,19300.0
Mouse_Thymus4,40_15,4,14186.0,9300.0
Mouse_Thymus4,28_74,4,12986.0,15200.0
Mouse_Thymus4,41_14,1,14286.0,9200.0
Mouse_Thymus4,22_56,4,12386.0,13400.0
Mouse_Thymus4,28_24,1,12986.0,10200.0
Mouse_Thymus4,53_8,9,15486.0,8600.0
Mouse_Thymus4,35_33,3,13686.0,11100.0
Mouse_Thymus4,27_66,3,12886.0,14400.0
Mouse_Thymus4,13_52,4,11486.0,13000.0
Mouse_Thymus4,32_56,9,13386.0,13400.0
Mouse_Thymus4,50_96,3,15186.0,17400.0
Mouse_Thymus4,48_15,3,14986.0,9300.0
Mouse_Thymus4,29_29,3,13086.0,10700.0
Mouse_Thymus4,21_37,3,12286.0,11500.0
Mouse_Thymus4,60_1,6,16186.0,7900.0
Mouse_Thymus4,46_97,3,14786.0,17500.0
Mouse_Thymus4,41_87,1,14286.0,16500.0
Mouse_Thymus4,4_55,4,10586.0,13300.0
Mouse_Thymus4,60_12,4,16186.0,9000.0
Mouse_Thymus4,42_47,3,14386.0,12500.0
Mouse_Thymus4,58_102,1,15986.0,18000.0
Mouse_Thymus4,39_97,4,14086.0,17500.0
Mouse_Thymus4,61_97,1,16286.0,17500.0
Mouse_Thymus4,49_23,4,15086.0,10100.0
Mouse_Thymus4,49_36,4,15086.0,11400.0
Mouse_Thymus4,21_36,11,12286.0,11400.0
Mouse_Thymus4,35_61,11,13686.0,13900.0
Mouse_Thymus4,54_38,4,15586.0,11600.0
Mouse_Thymus4,6_47,4,10786.0,12500.0
Mouse_Thymus4,68_2,1,16986.0,8000.0
Mouse_Thymus4,32_73,10,13386.0,15100.0
Mouse_Thymus4,50_49,4,15186.0,12700.0
Mouse_Thymus4,41_55,3,14286.0,13300.0
Mouse_Thymus4,43_43,1,14486.0,12100.0
Mouse_Thymus4,49_76,10,15086.0,15400.0
Mouse_Thymus4,57_41,7,15886.0,11900.0
Mouse_Thymus4,53_97,3,15486.0,17500.0
Mouse_Thymus4,37_35,10,13886.0,11300.0
Mouse_Thymus4,14_52,10,11586.0,13000.0
Mouse_Thymus4,30_86,10,13186.0,16400.0
Mouse_Thymus4,29_44,10,13086.0,12200.0
Mouse_Thymus4,50_45,4,15186.0,12300.0
Mouse_Thymus4,23_85,4,12486.0,16300.0
Mouse_Thymus4,33_43,9,13486.0,12100.0
Mouse_Thymus4,58_32,4,15986.0,11000.0
Mouse_Thymus4,47_19,9,14886.0,9700.0
Mouse_Thymus4,34_87,10,13586.0,16500.0
Mouse_Thymus4,29_89,4,13086.0,16700.0
Mouse_Thymus4,24_28,4,12586.0,10600.0
Mouse_Thymus4,63_24,1,16486.0,10200.0
Mouse_Thymus4,48_110,10,14986.0,18800.0
Mouse_Thymus4,47_37,1,14886.0,11500.0
Mouse_Thymus4,48_29,4,14986.0,10700.0
Mouse_Thymus4,33_87,10,13486.0,16500.0
Mouse_Thymus4,31_71,3,13286.0,14900.0
Mouse_Thymus4,27_26,4,12886.0,10400.0
Mouse_Thymus4,37_62,6,13886.0,14000.0
Mouse_Thymus4,31_40,4,13286.0,11800.0
Mouse_Thymus4,40_77,3,14186.0,15500.0
Mouse_Thymus4,62_94,1,16386.0,17200.0
Mouse_Thymus4,33_41,4,13486.0,11900.0
Mouse_Thymus4,59_38,1,16086.0,11600.0
Mouse_Thymus4,31_48,10,13286.0,12600.0
Mouse_Thymus4,58_13,8,15986.0,9100.0
Mouse_Thymus4,28_85,1,12986.0,16300.0
Mouse_Thymus4,3_51,8,10486.0,12900.0
Mouse_Thymus4,48_10,10,14986.0,8800.0
Mouse_Thymus4,61_11,8,16286.0,8900.0
Mouse_Thymus4,12_57,4,11386.0,13500.0
Mouse_Thymus4,30_31,9,13186.0,10900.0
Mouse_Thymus4,46_107,1,14786.0,18500.0
Mouse_Thymus4,52_7,4,15386.0,8500.0
Mouse_Thymus4,7_59,1,10886.0,13700.0
Mouse_Thymus4,55_101,10,15686.0,17900.0
Mouse_Thymus4,60_109,6,16186.0,18700.0
Mouse_Thymus4,34_37,4,13586.0,11500.0
Mouse_Thymus4,53_38,8,15486.0,11600.0
Mouse_Thymus4,25_30,9,12686.0,10800.0
Mouse_Thymus4,37_63,3,13886.0,14100.0
Mouse_Thymus4,33_17,6,13486.0,9500.0
Mouse_Thymus4,46_110,1,14786.0,18800.0
Mouse_Thymus4,5_41,4,10686.0,11900.0
Mouse_Thymus4,56_85,1,15786.0,16300.0
Mouse_Thymus4,49_86,3,15086.0,16400.0
Mouse_Thymus4,60_36,1,16186.0,11400.0
Mouse_Thymus4,14_34,8,11586.0,11200.0
Mouse_Thymus4,60_104,1,16186.0,18200.0
Mouse_Thymus4,29_40,10,13086.0,11800.0
Mouse_Thymus4,12_48,8,11386.0,12600.0
Mouse_Thymus4,18_70,6,11986.0,14800.0
Mouse_Thymus4,47_104,10,14886.0,18200.0
Mouse_Thymus4,55_114,10,15686.0,19200.0
Mouse_Thymus4,36_83,10,13786.0,16100.0
Mouse_Thymus4,27_38,3,12886.0,11600.0
Mouse_Thymus4,57_36,1,15886.0,11400.0
Mouse_Thymus4,49_21,1,15086.0,9900.0
Mouse_Thymus4,33_75,10,13486.0,15300.0
Mouse_Thymus4,19_29,4,12086.0,10700.0
Mouse_Thymus4,59_111,6,16086.0,18900.0
Mouse_Thymus4,35_29,4,13686.0,10700.0
Mouse_Thymus4,56_40,1,15786.0,11800.0
Mouse_Thymus4,33_20,4,13486.0,9800.0
Mouse_Thymus4,10_34,1,11186.0,11200.0
Mouse_Thymus4,15_44,10,11686.0,12200.0
Mouse_Thymus4,12_52,4,11386.0,13000.0
Mouse_Thymus4,63_1,10,16486.0,7900.0
Mouse_Thymus4,51_82,10,15286.0,16000.0
Mouse_Thymus4,54_26,4,15586.0,10400.0
Mouse_Thymus4,17_77,1,11886.0,15500.0
Mouse_Thymus4,53_119,1,15486.0,19700.0
Mouse_Thymus4,33_92,1,13486.0,17000.0
Mouse_Thymus4,54_3,8,15586.0,8100.0
Mouse_Thymus4,65_4,10,16686.0,8200.0
Mouse_Thymus4,41_80,3,14286.0,15800.0
Mouse_Thymus4,55_118,8,15686.0,19600.0
Mouse_Thymus4,63_3,4,16486.0,8100.0
Mouse_Thymus4,19_81,1,12086.0,15900.0
Mouse_Thymus4,52_18,1,15386.0,9600.0
Mouse_Thymus4,49_46,4,15086.0,12400.0
Mouse_Thymus4,47_21,3,14886.0,9900.0
Mouse_Thymus4,43_96,1,14486.0,17400.0
Mouse_Thymus4,62_6,10,16386.0,8400.0
Mouse_Thymus4,2_55,4,10386.0,13300.0
Mouse_Thymus4,36_61,8,13786.0,13900.0
Mouse_Thymus4,42_73,9,14386.0,15100.0
Mouse_Thymus4,49_13,3,15086.0,9100.0
Mouse_Thymus4,45_46,4,14686.0,12400.0
Mouse_Thymus4,15_66,1,11686.0,14400.0
Mouse_Thymus4,26_57,3,12786.0,13500.0
Mouse_Thymus4,52_77,1,15386.0,15500.0
Mouse_Thymus4,37_30,3,13886.0,10800.0
Mouse_Thymus4,28_59,3,12986.0,13700.0
Mouse_Thymus4,44_31,4,14586.0,10900.0
Mouse_Thymus4,45_83,3,14686.0,16100.0
Mouse_Thymus4,55_102,1,15686.0,18000.0
Mouse_Thymus4,46_38,4,14786.0,11600.0
Mouse_Thymus4,26_28,9,12786.0,10600.0
Mouse_Thymus4,52_83,9,15386.0,16100.0
Mouse_Thymus4,65_6,4,16686.0,8400.0
Mouse_Thymus4,28_73,1,12986.0,15100.0
Mouse_Thymus4,70_0,1,17186.0,7800.0
Mouse_Thymus4,40_12,6,14186.0,9000.0
Mouse_Thymus4,40_102,7,14186.0,18000.0
Mouse_Thymus4,56_5,4,15786.0,8300.0
Mouse_Thymus4,28_55,3,12986.0,13300.0
Mouse_Thymus4,58_5,3,15986.0,8300.0
Mouse_Thymus4,22_83,4,12386.0,16100.0
Mouse_Thymus4,47_46,10,14886.0,12400.0
Mouse_Thymus4,48_72,6,14986.0,15000.0
Mouse_Thymus4,9_45,4,11086.0,12300.0
Mouse_Thymus4,47_97,3,14886.0,17500.0
Mouse_Thymus4,43_91,1,14486.0,16900.0
Mouse_Thymus4,5_50,4,10686.0,12800.0
Mouse_Thymus4,15_56,8,11686.0,13400.0
Mouse_Thymus4,41_26,3,14286.0,10400.0
Mouse_Thymus4,52_38,4,15386.0,11600.0
Mouse_Thymus4,25_40,3,12686.0,11800.0
Mouse_Thymus4,29_21,1,13086.0,9900.0
Mouse_Thymus4,50_9,9,15186.0,8700.0
Mouse_Thymus4,29_86,10,13086.0,16400.0
Mouse_Thymus4,56_28,4,15786.0,10600.0
Mouse_Thymus4,48_21,11,14986.0,9900.0
Mouse_Thymus4,48_3,7,14986.0,8100.0
Mouse_Thymus4,10_35,1,11186.0,11300.0
Mouse_Thymus4,48_16,3,14986.0,9400.0
Mouse_Thymus4,50_83,3,15186.0,16100.0
Mouse_Thymus4,59_108,1,16086.0,18600.0
Mouse_Thymus4,14_50,10,11586.0,12800.0
Mouse_Thymus4,9_54,4,11086.0,13200.0
Mouse_Thymus4,58_26,1,15986.0,10400.0
Mouse_Thymus4,64_11,1,16586.0,8900.0
Mouse_Thymus4,55_25,1,15686.0,10300.0
Mouse_Thymus4,45_22,10,14686.0,10000.0
Mouse_Thymus4,44_87,9,14586.0,16500.0
Mouse_Thymus4,20_50,10,12186.0,12800.0
Mouse_Thymus4,44_88,4,14586.0,16600.0
Mouse_Thymus4,38_43,4,13986.0,12100.0
Mouse_Thymus4,28_67,3,12986.0,14500.0
Mouse_Thymus4,22_75,3,12386.0,15300.0
Mouse_Thymus4,51_113,10,15286.0,19100.0
Mouse_Thymus4,48_112,1,14986.0,19000.0
Mouse_Thymus4,37_48,10,13886.0,12600.0
Mouse_Thymus4,15_37,8,11686.0,11500.0
Mouse_Thymus4,59_9,3,16086.0,8700.0
Mouse_Thymus4,49_10,9,15086.0,8800.0
Mouse_Thymus4,46_42,4,14786.0,12000.0
Mouse_Thymus4,42_86,6,14386.0,16400.0
Mouse_Thymus4,5_61,1,10686.0,13900.0
Mouse_Thymus4,48_82,3,14986.0,16000.0
Mouse_Thymus4,51_94,3,15286.0,17200.0
Mouse_Thymus4,41_59,10,14286.0,13700.0
Mouse_Thymus4,21_29,4,12286.0,10700.0
Mouse_Thymus4,21_45,3,12286.0,12300.0
Mouse_Thymus4,37_93,1,13886.0,17100.0
Mouse_Thymus4,44_25,11,14586.0,10300.0
Mouse_Thymus4,45_13,9,14686.0,9100.0
Mouse_Thymus4,38_71,10,13986.0,14900.0
Mouse_Thymus4,44_20,3,14586.0,9800.0
Mouse_Thymus4,7_37,1,10886.0,11500.0
Mouse_Thymus4,30_92,1,13186.0,17000.0
Mouse_Thymus4,43_108,7,14486.0,18600.0
Mouse_Thymus4,23_27,10,12486.0,10500.0
Mouse_Thymus4,24_68,3,12586.0,14600.0
Mouse_Thymus4,33_65,10,13486.0,14300.0
Mouse_Thymus4,25_43,3,12686.0,12100.0
Mouse_Thymus4,57_98,1,15886.0,17600.0
Mouse_Thymus4,28_62,9,12986.0,14000.0
Mouse_Thymus4,51_42,11,15286.0,12000.0
Mouse_Thymus4,38_31,3,13986.0,10900.0
Mouse_Thymus4,10_62,4,11186.0,14000.0
Mouse_Thymus4,44_108,1,14586.0,18600.0
Mouse_Thymus4,50_79,1,15186.0,15700.0
Mouse_Thymus4,38_39,6,13986.0,11700.0
Mouse_Thymus4,46_17,3,14786.0,9500.0
Mouse_Thymus4,41_13,1,14286.0,9100.0
Mouse_Thymus4,53_106,3,15486.0,18400.0
Mouse_Thymus4,14_47,4,11586.0,12500.0
Mouse_Thymus4,54_92,10,15586.0,17000.0
Mouse_Thymus4,6_45,1,10786.0,12300.0
Mouse_Thymus4,33_24,9,13486.0,10200.0
Mouse_Thymus4,46_7,1,14786.0,8500.0
Mouse_Thymus4,45_24,4,14686.0,10200.0
Mouse_Thymus4,0_54,1,10186.0,13200.0
Mouse_Thymus4,63_8,1,16486.0,8600.0
Mouse_Thymus4,36_18,4,13786.0,9600.0
Mouse_Thymus4,62_99,1,16386.0,17700.0
Mouse_Thymus4,26_22,6,12786.0,10000.0
Mouse_Thymus4,28_79,10,12986.0,15700.0
Mouse_Thymus4,39_92,1,14086.0,17000.0
Mouse_Thymus4,20_82,1,12186.0,16000.0
Mouse_Thymus4,14_32,1,11586.0,11000.0
Mouse_Thymus4,19_57,8,12086.0,13500.0
Mouse_Thymus4,48_86,3,14986.0,16400.0
Mouse_Thymus4,55_34,4,15686.0,11200.0
Mouse_Thymus4,30_82,3,13186.0,16000.0
Mouse_Thymus4,52_104,3,15386.0,18200.0
Mouse_Thymus4,29_91,1,13086.0,16900.0
Mouse_Thymus4,48_79,8,14986.0,15700.0
Mouse_Thymus4,40_72,10,14186.0,15000.0
Mouse_Thymus4,30_55,3,13186.0,13300.0
Mouse_Thymus4,25_52,3,12686.0,13000.0
Mouse_Thymus4,60_37,7,16186.0,11500.0
Mouse_Thymus4,25_25,4,12686.0,10300.0
Mouse_Thymus4,58_92,1,15986.0,17000.0
Mouse_Thymus4,16_36,4,11786.0,11400.0
Mouse_Thymus4,36_55,1,13786.0,13300.0
Mouse_Thymus4,15_46,9,11686.0,12400.0
Mouse_Thymus4,18_42,3,11986.0,12000.0
Mouse_Thymus4,9_58,8,11086.0,13600.0
Mouse_Thymus4,42_13,4,14386.0,9100.0
Mouse_Thymus4,51_78,1,15286.0,15600.0
Mouse_Thymus4,5_60,1,10686.0,13800.0
Mouse_Thymus4,35_32,9,13686.0,11000.0
Mouse_Thymus4,29_30,3,13086.0,10800.0
Mouse_Thymus4,59_6,3,16086.0,8400.0
Mouse_Thymus4,47_29,1,14886.0,10700.0
Mouse_Thymus4,55_6,3,15686.0,8400.0
Mouse_Thymus4,39_68,3,14086.0,14600.0
Mouse_Thymus4,36_44,6,13786.0,12200.0
Mouse_Thymus4,4_46,8,10586.0,12400.0
Mouse_Thymus4,46_54,7,14786.0,13200.0
Mouse_Thymus4,19_76,4,12086.0,15400.0
Mouse_Thymus4,48_31,6,14986.0,10900.0
Mouse_Thymus4,33_15,7,13486.0,9300.0
Mouse_Thymus4,45_87,3,14686.0,16500.0
Mouse_Thymus4,40_58,3,14186.0,13600.0
Mouse_Thymus4,33_63,10,13486.0,14100.0
Mouse_Thymus4,44_78,3,14586.0,15600.0
Mouse_Thymus4,41_61,1,14286.0,13900.0
Mouse_Thymus4,59_89,1,16086.0,16700.0
Mouse_Thymus4,48_74,1,14986.0,15200.0
Mouse_Thymus4,29_47,10,13086.0,12500.0
Mouse_Thymus4,5_51,6,10686.0,12900.0
Mouse_Thymus4,26_26,1,12786.0,10400.0
Mouse_Thymus4,36_51,10,13786.0,12900.0
Mouse_Thymus4,57_99,8,15886.0,17700.0
Mouse_Thymus4,23_70,9,12486.0,14800.0
Mouse_Thymus4,48_52,7,14986.0,13000.0
Mouse_Thymus4,51_104,3,15286.0,18200.0
Mouse_Thymus4,25_86,8,12686.0,16400.0
Mouse_Thymus4,36_72,10,13786.0,15000.0
Mouse_Thymus4,53_98,3,15486.0,17600.0
Mouse_Thymus4,45_50,3,14686.0,12800.0
Mouse_Thymus4,17_68,1,11886.0,14600.0
Mouse_Thymus4,22_36,6,12386.0,11400.0
Mouse_Thymus4,26_79,10,12786.0,15700.0
Mouse_Thymus4,29_79,3,13086.0,15700.0
Mouse_Thymus4,32_41,9,13386.0,11900.0
Mouse_Thymus4,45_105,1,14686.0,18300.0
Mouse_Thymus4,42_64,4,14386.0,14200.0
Mouse_Thymus4,19_73,1,12086.0,15100.0
Mouse_Thymus4,39_61,9,14086.0,13900.0
Mouse_Thymus4,49_73,6,15086.0,15100.0
Mouse_Thymus4,20_76,4,12186.0,15400.0
Mouse_Thymus4,13_69,7,11486.0,14700.0
Mouse_Thymus4,42_14,1,14386.0,9200.0
Mouse_Thymus4,30_58,3,13186.0,13600.0
Mouse_Thymus4,37_95,4,13886.0,17300.0
Mouse_Thymus4,6_46,4,10786.0,12400.0
Mouse_Thymus4,9_50,1,11086.0,12800.0
Mouse_Thymus4,32_92,8,13386.0,17000.0
Mouse_Thymus4,31_29,9,13286.0,10700.0
Mouse_Thymus4,21_68,1,12286.0,14600.0
Mouse_Thymus4,37_57,10,13886.0,13500.0
Mouse_Thymus4,56_84,1,15786.0,16200.0
Mouse_Thymus4,30_48,1,13186.0,12600.0
Mouse_Thymus4,40_22,3,14186.0,10000.0
Mouse_Thymus4,41_56,3,14286.0,13400.0
Mouse_Thymus4,46_44,8,14786.0,12200.0
Mouse_Thymus4,16_73,4,11786.0,15100.0
Mouse_Thymus4,8_58,6,10986.0,13600.0
Mouse_Thymus4,51_37,4,15286.0,11500.0
Mouse_Thymus4,20_79,4,12186.0,15700.0
Mouse_Thymus4,21_75,9,12286.0,15300.0
Mouse_Thymus4,31_17,7,13286.0,9500.0
Mouse_Thymus4,1_58,1,10286.0,13600.0
Mouse_Thymus4,51_97,3,15286.0,17500.0
Mouse_Thymus4,32_24,4,13386.0,10200.0
Mouse_Thymus4,52_118,1,15386.0,19600.0
Mouse_Thymus4,4_56,4,10586.0,13400.0
Mouse_Thymus4,5_44,1,10686.0,12200.0
Mouse_Thymus4,46_26,11,14786.0,10400.0
Mouse_Thymus4,20_40,3,12186.0,11800.0
Mouse_Thymus4,6_50,4,10786.0,12800.0
Mouse_Thymus4,59_99,10,16086.0,17700.0
Mouse_Thymus4,47_99,7,14886.0,17700.0
Mouse_Thymus4,42_87,4,14386.0,16500.0
Mouse_Thymus4,42_37,8,14386.0,11500.0
Mouse_Thymus4,30_17,7,13186.0,9500.0
Mouse_Thymus4,12_39,1,11386.0,11700.0
Mouse_Thymus4,51_4,8,15286.0,8200.0
Mouse_Thymus4,8_53,4,10986.0,13100.0
Mouse_Thymus4,62_32,8,16386.0,11000.0
Mouse_Thymus4,51_88,3,15286.0,16600.0
Mouse_Thymus4,7_58,4,10886.0,13600.0
Mouse_Thymus4,45_10,8,14686.0,8800.0
Mouse_Thymus4,42_38,6,14386.0,11600.0
Mouse_Thymus4,61_91,4,16286.0,16900.0
Mouse_Thymus4,10_44,4,11186.0,12200.0
Mouse_Thymus4,51_96,3,15286.0,17400.0
Mouse_Thymus4,6_51,6,10786.0,12900.0
Mouse_Thymus4,40_56,3,14186.0,13400.0
Mouse_Thymus4,47_77,1,14886.0,15500.0
Mouse_Thymus4,12_44,4,11386.0,12200.0
Mouse_Thymus4,19_44,3,12086.0,12200.0
Mouse_Thymus4,12_64,4,11386.0,14200.0
Mouse_Thymus4,50_40,4,15186.0,11800.0
Mouse_Thymus4,53_115,4,15486.0,19300.0
Mouse_Thymus4,71_0,1,17286.0,7800.0
Mouse_Thymus4,36_84,8,13786.0,16200.0
Mouse_Thymus4,0_57,1,10186.0,13500.0
Mouse_Thymus4,29_60,3,13086.0,13800.0
Mouse_Thymus4,58_28,4,15986.0,10600.0
Mouse_Thymus4,55_16,4,15686.0,9400.0
Mouse_Thymus4,60_91,8,16186.0,16900.0
Mouse_Thymus4,51_49,4,15286.0,12700.0
Mouse_Thymus4,16_51,1,11786.0,12900.0
Mouse_Thymus4,47_11,9,14886.0,8900.0
Mouse_Thymus4,29_81,10,13086.0,15900.0
Mouse_Thymus4,41_11,1,14286.0,8900.0
Mouse_Thymus4,38_84,10,13986.0,16200.0
Mouse_Thymus4,33_95,4,13486.0,17300.0
Mouse_Thymus4,58_110,4,15986.0,18800.0
Mouse_Thymus4,6_48,1,10786.0,12600.0
Mouse_Thymus4,23_60,10,12486.0,13800.0
Mouse_Thymus4,54_34,4,15586.0,11200.0
Mouse_Thymus4,37_71,10,13886.0,14900.0
Mouse_Thymus4,33_70,10,13486.0,14800.0
Mouse_Thymus4,15_73,1,11686.0,15100.0
Mouse_Thymus4,28_64,9,12986.0,14200.0
Mouse_Thymus4,25_48,3,12686.0,12600.0
Mouse_Thymus4,41_9,6,14286.0,8700.0
Mouse_Thymus4,33_46,9,13486.0,12400.0
Mouse_Thymus4,54_88,1,15586.0,16600.0
Mouse_Thymus4,52_3,6,15386.0,8100.0
Mouse_Thymus4,29_90,4,13086.0,16800.0
Mouse_Thymus4,21_54,8,12286.0,13200.0
Mouse_Thymus4,36_28,3,13786.0,10600.0
Mouse_Thymus4,11_51,1,11286.0,12900.0
Mouse_Thymus4,47_28,4,14886.0,10600.0
Mouse_Thymus4,50_3,8,15186.0,8100.0
Mouse_Thymus4,32_48,9,13386.0,12600.0
Mouse_Thymus4,36_20,10,13786.0,9800.0
Mouse_Thymus4,52_43,11,15386.0,12100.0
Mouse_Thymus4,40_50,3,14186.0,12800.0
Mouse_Thymus4,61_105,1,16286.0,18300.0
Mouse_Thymus4,26_25,1,12786.0,10300.0
Mouse_Thymus4,72_1,7,17386.0,7900.0
Mouse_Thymus4,64_10,10,16586.0,8800.0
Mouse_Thymus4,49_79,1,15086.0,15700.0
Mouse_Thymus4,1_54,1,10286.0,13200.0
Mouse_Thymus4,4_43,6,10586.0,12100.0
Mouse_Thymus4,51_28,6,15286.0,10600.0
Mouse_Thymus4,52_28,1,15386.0,10600.0
Mouse_Thymus4,55_100,10,15686.0,17800.0
Mouse_Thymus4,46_40,8,14786.0,11800.0
Mouse_Thymus4,27_34,9,12886.0,11200.0
Mouse_Thymus4,53_36,4,15486.0,11400.0
Mouse_Thymus4,30_74,10,13186.0,15200.0
Mouse_Thymus4,26_30,3,12786.0,10800.0
Mouse_Thymus4,40_38,4,14186.0,11600.0
Mouse_Thymus4,22_71,3,12386.0,14900.0
Mouse_Thymus4,24_66,3,12586.0,14400.0
Mouse_Thymus4,51_84,10,15286.0,16200.0
Mouse_Thymus4,52_76,1,15386.0,15400.0
Mouse_Thymus4,44_95,1,14586.0,17300.0
Mouse_Thymus4,58_37,1,15986.0,11500.0
Mouse_Thymus4,21_35,11,12286.0,11300.0
Mouse_Thymus4,47_44,4,14886.0,12200.0
Mouse_Thymus4,40_45,1,14186.0,12300.0
Mouse_Thymus4,25_42,3,12686.0,12000.0
Mouse_Thymus4,39_84,10,14086.0,16200.0
Mouse_Thymus4,40_54,3,14186.0,13200.0
Mouse_Thymus4,38_57,9,13986.0,13500.0
Mouse_Thymus4,41_102,6,14286.0,18000.0
Mouse_Thymus4,24_77,4,12586.0,15500.0
Mouse_Thymus4,44_19,3,14586.0,9700.0
Mouse_Thymus4,42_40,4,14386.0,11800.0
Mouse_Thymus4,21_67,1,12286.0,14500.0
Mouse_Thymus4,60_30,1,16186.0,10800.0
Mouse_Thymus4,10_58,4,11186.0,13600.0
Mouse_Thymus4,60_21,6,16186.0,9900.0
Mouse_Thymus4,58_86,10,15986.0,16400.0
Mouse_Thymus4,43_71,8,14486.0,14900.0
Mouse_Thymus4,33_69,3,13486.0,14700.0
Mouse_Thymus4,7_33,7,10886.0,11100.0
Mouse_Thymus4,50_19,4,15186.0,9700.0
Mouse_Thymus4,20_60,9,12186.0,13800.0
Mouse_Thymus4,21_30,1,12286.0,10800.0
Mouse_Thymus4,26_50,3,12786.0,12800.0
Mouse_Thymus4,70_5,1,17186.0,8300.0
Mouse_Thymus4,43_35,4,14486.0,11300.0
Mouse_Thymus4,28_90,8,12986.0,16800.0
Mouse_Thymus4,52_90,3,15386.0,16800.0
Mouse_Thymus4,41_16,9,14286.0,9400.0
Mouse_Thymus4,53_76,7,15486.0,15400.0
Mouse_Thymus4,29_65,9,13086.0,14300.0
Mouse_Thymus4,14_51,4,11586.0,12900.0
Mouse_Thymus4,22_84,4,12386.0,16200.0
Mouse_Thymus4,52_95,3,15386.0,17300.0
Mouse_Thymus4,15_45,10,11686.0,12300.0
Mouse_Thymus4,40_32,11,14186.0,11000.0
Mouse_Thymus4,55_8,3,15686.0,8600.0
Mouse_Thymus4,47_53,7,14886.0,13100.0
Mouse_Thymus4,21_70,3,12286.0,14800.0
Mouse_Thymus4,40_98,4,14186.0,17600.0
Mouse_Thymus4,52_44,1,15386.0,12200.0
Mouse_Thymus4,17_60,10,11886.0,13800.0
Mouse_Thymus4,48_98,3,14986.0,17600.0
Mouse_Thymus4,62_23,8,16386.0,10100.0
Mouse_Thymus4,50_114,1,15186.0,19200.0
Mouse_Thymus4,30_45,3,13186.0,12300.0
Mouse_Thymus4,20_58,9,12186.0,13600.0
Mouse_Thymus4,28_83,10,12986.0,16100.0
Mouse_Thymus4,55_115,8,15686.0,19300.0
Mouse_Thymus4,62_2,8,16386.0,8000.0
Mouse_Thymus4,4_60,1,10586.0,13800.0
Mouse_Thymus4,30_94,1,13186.0,17200.0
Mouse_Thymus4,46_105,4,14786.0,18300.0
Mouse_Thymus4,45_11,10,14686.0,8900.0
Mouse_Thymus4,38_93,1,13986.0,17100.0
Mouse_Thymus4,28_25,1,12986.0,10300.0
Mouse_Thymus4,56_117,8,15786.0,19500.0
Mouse_Thymus4,31_60,10,13286.0,13800.0
Mouse_Thymus4,35_82,10,13686.0,16000.0
Mouse_Thymus4,37_38,4,13886.0,11600.0
Mouse_Thymus4,35_46,4,13686.0,12400.0
Mouse_Thymus4,50_17,10,15186.0,9500.0
Mouse_Thymus4,26_40,3,12786.0,11800.0
Mouse_Thymus4,45_53,9,14686.0,13100.0
Mouse_Thymus4,61_23,1,16286.0,10100.0
Mouse_Thymus4,26_44,10,12786.0,12200.0
Mouse_Thymus4,59_11,1,16086.0,8900.0
Mouse_Thymus4,26_53,9,12786.0,13100.0
Mouse_Thymus4,24_86,1,12586.0,16400.0
Mouse_Thymus4,40_92,1,14186.0,17000.0
Mouse_Thymus4,15_65,8,11686.0,14300.0
Mouse_Thymus4,22_78,4,12386.0,15600.0
Mouse_Thymus4,27_23,1,12886.0,10100.0
Mouse_Thymus4,34_62,4,13586.0,14000.0
Mouse_Thymus4,42_46,4,14386.0,12400.0
Mouse_Thymus4,44_41,1,14586.0,11900.0
Mouse_Thymus4,35_94,10,13686.0,17200.0
Mouse_Thymus4,39_58,3,14086.0,13600.0
Mouse_Thymus4,47_109,1,14886.0,18700.0
Mouse_Thymus4,67_2,10,16886.0,8000.0
Mouse_Thymus4,26_69,3,12786.0,14700.0
Mouse_Thymus4,32_57,3,13386.0,13500.0
Mouse_Thymus4,31_66,9,13286.0,14400.0
Mouse_Thymus4,35_35,9,13686.0,11300.0
Mouse_Thymus4,18_29,8,11986.0,10700.0
Mouse_Thymus4,57_91,1,15886.0,16900.0
Mouse_Thymus4,42_8,8,14386.0,8600.0
Mouse_Thymus4,65_8,1,16686.0,8600.0
Mouse_Thymus4,58_109,1,15986.0,18700.0
Mouse_Thymus4,60_110,6,16186.0,18800.0
Mouse_Thymus4,31_50,3,13286.0,12800.0
Mouse_Thymus4,49_114,1,15086.0,19200.0
Mouse_Thymus4,55_105,10,15686.0,18300.0
Mouse_Thymus4,58_34,4,15986.0,11200.0
Mouse_Thymus4,56_91,8,15786.0,16900.0
Mouse_Thymus4,44_33,1,14586.0,11100.0
Mouse_Thymus4,55_116,1,15686.0,19400.0
Mouse_Thymus4,27_48,3,12886.0,12600.0
Mouse_Thymus4,55_10,8,15686.0,8800.0
Mouse_Thymus4,50_111,9,15186.0,18900.0
Mouse_Thymus4,46_14,3,14786.0,9200.0
Mouse_Thymus4,44_91,6,14586.0,16900.0
Mouse_Thymus4,29_78,3,13086.0,15600.0
Mouse_Thymus4,43_37,4,14486.0,11500.0
Mouse_Thymus4,25_78,4,12686.0,15600.0
Mouse_Thymus4,14_57,8,11586.0,13500.0
Mouse_Thymus4,53_44,11,15486.0,12200.0
Mouse_Thymus4,50_48,9,15186.0,12600.0
Mouse_Thymus4,23_66,3,12486.0,14400.0
Mouse_Thymus4,13_33,9,11486.0,11100.0
Mouse_Thymus4,33_32,4,13486.0,11000.0
Mouse_Thymus4,31_87,8,13286.0,16500.0
Mouse_Thymus4,32_19,4,13386.0,9700.0
Mouse_Thymus4,35_58,4,13686.0,13600.0
Mouse_Thymus4,44_10,1,14586.0,8800.0
Mouse_Thymus4,32_89,3,13386.0,16700.0
Mouse_Thymus4,45_40,4,14686.0,11800.0
Mouse_Thymus4,25_82,1,12686.0,16000.0
Mouse_Thymus4,9_39,4,11086.0,11700.0
Mouse_Thymus4,43_16,3,14486.0,9400.0
Mouse_Thymus4,49_39,4,15086.0,11700.0
Mouse_Thymus4,38_19,3,13986.0,9700.0
Mouse_Thymus4,40_41,4,14186.0,11900.0
Mouse_Thymus4,50_100,3,15186.0,17800.0
Mouse_Thymus4,24_40,3,12586.0,11800.0
Mouse_Thymus4,39_54,3,14086.0,13200.0
Mouse_Thymus4,45_73,1,14686.0,15100.0
Mouse_Thymus4,56_32,1,15786.0,11000.0
Mouse_Thymus4,30_93,4,13186.0,17100.0
Mouse_Thymus4,58_99,1,15986.0,17700.0
Mouse_Thymus4,46_4,7,14786.0,8200.0
Mouse_Thymus4,46_88,3,14786.0,16600.0
Mouse_Thymus4,10_33,6,11186.0,11100.0
Mouse_Thymus4,59_107,8,16086.0,18500.0
Mouse_Thymus4,39_72,3,14086.0,15000.0
Mouse_Thymus4,5_58,4,10686.0,13600.0
Mouse_Thymus4,28_50,3,12986.0,12800.0
Mouse_Thymus4,35_64,9,13686.0,14200.0
Mouse_Thymus4,48_105,8,14986.0,18300.0
Mouse_Thymus4,3_53,8,10486.0,13100.0
Mouse_Thymus4,51_98,3,15286.0,17600.0
Mouse_Thymus4,30_47,10,13186.0,12500.0
Mouse_Thymus4,53_42,1,15486.0,12000.0
Mouse_Thymus4,52_15,4,15386.0,9300.0
Mouse_Thymus4,29_87,1,13086.0,16500.0
Mouse_Thymus4,2_52,8,10386.0,13000.0
Mouse_Thymus4,13_47,1,11486.0,12500.0
Mouse_Thymus4,43_23,9,14486.0,10100.0
Mouse_Thymus4,56_109,8,15786.0,18700.0
Mouse_Thymus4,27_73,4,12886.0,15100.0
Mouse_Thymus4,10_56,8,11186.0,13400.0
Mouse_Thymus4,71_4,1,17286.0,8200.0
Mouse_Thymus4,51_30,1,15286.0,10800.0
Mouse_Thymus4,27_89,1,12886.0,16700.0
Mouse_Thymus4,23_62,3,12486.0,14000.0
Mouse_Thymus4,58_94,4,15986.0,17200.0
Mouse_Thymus4,27_58,3,12886.0,13600.0
Mouse_Thymus4,60_105,1,16186.0,18300.0
Mouse_Thymus4,33_52,3,13486.0,13000.0
Mouse_Thymus4,57_85,10,15886.0,16300.0
Mouse_Thymus4,7_51,4,10886.0,12900.0
Mouse_Thymus4,23_56,9,12486.0,13400.0
Mouse_Thymus4,57_15,1,15886.0,9300.0
Mouse_Thymus4,42_65,1,14386.0,14300.0
Mouse_Thymus4,49_107,3,15086.0,18500.0
Mouse_Thymus4,15_68,4,11686.0,14600.0
Mouse_Thymus4,18_60,10,11986.0,13800.0
Mouse_Thymus4,52_109,3,15386.0,18700.0
Mouse_Thymus4,32_22,4,13386.0,10000.0
Mouse_Thymus4,45_49,3,14686.0,12700.0
Mouse_Thymus4,41_82,3,14286.0,16000.0
Mouse_Thymus4,21_56,10,12286.0,13400.0
Mouse_Thymus4,62_91,7,16386.0,16900.0
Mouse_Thymus4,63_13,7,16486.0,9100.0
Mouse_Thymus4,41_77,3,14286.0,15500.0
Mouse_Thymus4,52_19,4,15386.0,9700.0
Mouse_Thymus4,50_110,3,15186.0,18800.0
Mouse_Thymus4,62_97,1,16386.0,17500.0
Mouse_Thymus4,51_46,11,15286.0,12400.0
Mouse_Thymus4,18_57,9,11986.0,13500.0
Mouse_Thymus4,25_28,10,12686.0,10600.0
Mouse_Thymus4,40_94,4,14186.0,17200.0
Mouse_Thymus4,5_57,4,10686.0,13500.0
Mouse_Thymus4,20_41,3,12186.0,11900.0
Mouse_Thymus4,25_75,10,12686.0,15300.0
Mouse_Thymus4,55_117,1,15686.0,19500.0
Mouse_Thymus4,41_98,1,14286.0,17600.0
Mouse_Thymus4,58_89,1,15986.0,16700.0
Mouse_Thymus4,54_89,10,15586.0,16700.0
Mouse_Thymus4,62_25,1,16386.0,10300.0
Mouse_Thymus4,56_12,4,15786.0,9000.0
Mouse_Thymus4,41_78,3,14286.0,15600.0
Mouse_Thymus4,19_62,4,12086.0,14000.0
Mouse_Thymus4,43_24,9,14486.0,10200.0
Mouse_Thymus4,69_4,1,17086.0,8200.0
Mouse_Thymus4,33_72,3,13486.0,15000.0
Mouse_Thymus4,31_57,3,13286.0,13500.0
Mouse_Thymus4,59_4,6,16086.0,8200.0
Mouse_Thymus4,23_37,9,12486.0,11500.0
Mouse_Thymus4,35_37,8,13686.0,11500.0
Mouse_Thymus4,41_88,1,14286.0,16600.0
Mouse_Thymus4,60_93,1,16186.0,17100.0
Mouse_Thymus4,3_50,6,10486.0,12800.0
Mouse_Thymus4,53_21,4,15486.0,9900.0
Mouse_Thymus4,18_73,1,11986.0,15100.0
Mouse_Thymus4,52_111,3,15386.0,18900.0
Mouse_Thymus4,54_29,1,15586.0,10700.0
Mouse_Thymus4,61_13,4,16286.0,9100.0
Mouse_Thymus4,47_91,3,14886.0,16900.0
Mouse_Thymus4,61_3,1,16286.0,8100.0
Mouse_Thymus4,34_54,3,13586.0,13200.0
Mouse_Thymus4,25_22,6,12686.0,10000.0
Mouse_Thymus4,43_22,10,14486.0,10000.0
Mouse_Thymus4,28_48,3,12986.0,12600.0
Mouse_Thymus4,26_61,3,12786.0,13900.0
Mouse_Thymus4,50_109,3,15186.0,18700.0
Mouse_Thymus4,29_43,10,13086.0,12100.0
Mouse_Thymus4,3_48,8,10486.0,12600.0
Mouse_Thymus4,22_85,1,12386.0,16300.0
Mouse_Thymus4,34_58,9,13586.0,13600.0
Mouse_Thymus4,65_5,10,16686.0,8300.0
Mouse_Thymus4,42_66,10,14386.0,14400.0
Mouse_Thymus4,39_28,9,14086.0,10600.0
Mouse_Thymus4,16_38,4,11786.0,11600.0
Mouse_Thymus4,22_60,4,12386.0,13800.0
Mouse_Thymus4,17_54,4,11886.0,13200.0
Mouse_Thymus4,22_41,3,12386.0,11900.0
Mouse_Thymus4,51_9,3,15286.0,8700.0
Mouse_Thymus4,40_59,6,14186.0,13700.0
Mouse_Thymus4,24_64,3,12586.0,14200.0
Mouse_Thymus4,37_42,1,13886.0,12000.0
Mouse_Thymus4,50_90,3,15186.0,16800.0
Mouse_Thymus4,52_92,3,15386.0,17000.0
Mouse_Thymus4,35_70,1,13686.0,14800.0
Mouse_Thymus4,7_49,4,10886.0,12700.0
Mouse_Thymus4,1_52,1,10286.0,13000.0
Mouse_Thymus4,21_77,1,12286.0,15500.0
Mouse_Thymus4,46_47,3,14786.0,12500.0
Mouse_Thymus4,44_97,1,14586.0,17500.0
Mouse_Thymus4,42_18,3,14386.0,9600.0
Mouse_Thymus4,49_82,3,15086.0,16000.0
Mouse_Thymus4,48_37,4,14986.0,11500.0
Mouse_Thymus4,52_26,4,15386.0,10400.0
Mouse_Thymus4,9_43,4,11086.0,12100.0
Mouse_Thymus4,48_46,8,14986.0,12400.0
Mouse_Thymus4,61_33,4,16286.0,11100.0
Mouse_Thymus4,22_33,10,12386.0,11100.0
Mouse_Thymus4,22_51,3,12386.0,12900.0
Mouse_Thymus4,48_42,4,14986.0,12000.0
Mouse_Thymus4,8_40,1,10986.0,11800.0
Mouse_Thymus4,31_63,10,13286.0,14100.0
Mouse_Thymus4,47_40,7,14886.0,11800.0
Mouse_Thymus4,60_11,10,16186.0,8900.0
Mouse_Thymus4,30_72,3,13186.0,15000.0
Mouse_Thymus4,44_44,6,14586.0,12200.0
Mouse_Thymus4,19_31,4,12086.0,10900.0
Mouse_Thymus4,14_41,10,11586.0,11900.0
Mouse_Thymus4,52_34,1,15386.0,11200.0
Mouse_Thymus4,28_53,3,12986.0,13100.0
Mouse_Thymus4,39_31,9,14086.0,10900.0
Mouse_Thymus4,39_12,4,14086.0,9000.0
Mouse_Thymus4,35_53,3,13686.0,13100.0
Mouse_Thymus4,26_62,10,12786.0,14000.0
Mouse_Thymus4,51_41,4,15286.0,11900.0
Mouse_Thymus4,40_24,3,14186.0,10200.0
Mouse_Thymus4,24_44,3,12586.0,12200.0
Mouse_Thymus4,28_80,1,12986.0,15800.0
Mouse_Thymus4,42_70,10,14386.0,14800.0
Mouse_Thymus4,28_91,1,12986.0,16900.0
Mouse_Thymus4,29_93,10,13086.0,17100.0
Mouse_Thymus4,45_75,4,14686.0,15300.0
Mouse_Thymus4,30_95,1,13186.0,17300.0
Mouse_Thymus4,16_59,10,11786.0,13700.0
Mouse_Thymus4,31_35,4,13286.0,11300.0
Mouse_Thymus4,48_9,8,14986.0,8700.0
Mouse_Thymus4,23_72,3,12486.0,15000.0
Mouse_Thymus4,52_35,1,15386.0,11300.0
Mouse_Thymus4,26_56,3,12786.0,13400.0
Mouse_Thymus4,59_13,4,16086.0,9100.0
Mouse_Thymus4,23_34,9,12486.0,11200.0
Mouse_Thymus4,58_114,6,15986.0,19200.0
Mouse_Thymus4,52_29,1,15386.0,10700.0
Mouse_Thymus4,69_0,6,17086.0,7800.0
Mouse_Thymus4,27_67,3,12886.0,14500.0
Mouse_Thymus4,52_102,3,15386.0,18000.0
Mouse_Thymus4,28_71,9,12986.0,14900.0
Mouse_Thymus4,38_11,6,13986.0,8900.0
Mouse_Thymus4,55_81,1,15686.0,15900.0
Mouse_Thymus4,52_32,4,15386.0,11000.0
Mouse_Thymus4,31_44,3,13286.0,12200.0
Mouse_Thymus4,14_48,8,11586.0,12600.0
Mouse_Thymus4,29_37,9,13086.0,11500.0
Mouse_Thymus4,37_75,9,13886.0,15300.0
Mouse_Thymus4,27_41,3,12886.0,11900.0
Mouse_Thymus4,7_54,1,10886.0,13200.0
Mouse_Thymus4,36_15,4,13786.0,9300.0
Mouse_Thymus4,61_94,1,16286.0,17200.0
Mouse_Thymus4,60_31,10,16186.0,10900.0
Mouse_Thymus4,40_40,10,14186.0,11800.0
Mouse_Thymus4,28_58,3,12986.0,13600.0
Mouse_Thymus4,45_20,9,14686.0,9800.0
Mouse_Thymus4,39_20,3,14086.0,9800.0
Mouse_Thymus4,49_34,1,15086.0,11200.0
Mouse_Thymus4,11_36,4,11286.0,11400.0
Mouse_Thymus4,39_94,1,14086.0,17200.0
Mouse_Thymus4,52_99,3,15386.0,17700.0
Mouse_Thymus4,40_87,6,14186.0,16500.0
Mouse_Thymus4,24_52,10,12586.0,13000.0
Mouse_Thymus4,63_12,1,16486.0,9000.0
Mouse_Thymus4,36_45,1,13786.0,12300.0
Mouse_Thymus4,19_75,4,12086.0,15300.0
Mouse_Thymus4,49_33,1,15086.0,11100.0
Mouse_Thymus4,20_73,8,12186.0,15100.0
Mouse_Thymus4,15_53,4,11686.0,13100.0
Mouse_Thymus4,61_8,3,16286.0,8600.0
Mouse_Thymus4,42_72,10,14386.0,15000.0
Mouse_Thymus4,29_74,8,13086.0,15200.0
Mouse_Thymus4,40_46,1,14186.0,12400.0
Mouse_Thymus4,34_45,9,13586.0,12300.0
Mouse_Thymus4,43_82,3,14486.0,16000.0
Mouse_Thymus4,43_87,10,14486.0,16500.0
Mouse_Thymus4,51_114,1,15286.0,19200.0
Mouse_Thymus4,11_42,4,11286.0,12000.0
Mouse_Thymus4,29_94,8,13086.0,17200.0
Mouse_Thymus4,33_29,9,13486.0,10700.0
Mouse_Thymus4,57_114,6,15886.0,19200.0
Mouse_Thymus4,42_20,3,14386.0,9800.0
Mouse_Thymus4,27_37,3,12886.0,11500.0
Mouse_Thymus4,15_70,4,11686.0,14800.0
Mouse_Thymus4,45_99,1,14686.0,17700.0
Mouse_Thymus4,39_78,10,14086.0,15600.0
Mouse_Thymus4,48_48,3,14986.0,12600.0
Mouse_Thymus4,28_84,1,12986.0,16200.0
Mouse_Thymus4,47_71,9,14886.0,14900.0
Mouse_Thymus4,53_87,10,15486.0,16500.0
Mouse_Thymus4,38_45,1,13986.0,12300.0
Mouse_Thymus4,51_24,4,15286.0,10200.0
Mouse_Thymus4,45_96,10,14686.0,17400.0
Mouse_Thymus4,47_48,3,14886.0,12600.0
Mouse_Thymus4,40_25,3,14186.0,10300.0
Mouse_Thymus4,32_88,8,13386.0,16600.0
Mouse_Thymus4,34_31,4,13586.0,10900.0
Mouse_Thymus4,58_115,10,15986.0,19300.0
Mouse_Thymus4,54_82,1,15586.0,16000.0
Mouse_Thymus4,61_5,3,16286.0,8300.0
Mouse_Thymus4,9_40,4,11086.0,11800.0
Mouse_Thymus4,43_55,3,14486.0,13300.0
Mouse_Thymus4,64_5,1,16586.0,8300.0
Mouse_Thymus4,13_49,4,11486.0,12700.0
Mouse_Thymus4,71_1,1,17286.0,7900.0
Mouse_Thymus4,19_37,3,12086.0,11500.0
Mouse_Thymus4,59_31,4,16086.0,10900.0
Mouse_Thymus4,37_94,8,13886.0,17200.0
Mouse_Thymus4,11_44,4,11286.0,12200.0
Mouse_Thymus4,18_51,10,11986.0,12900.0
Mouse_Thymus4,53_28,8,15486.0,10600.0
Mouse_Thymus4,55_113,8,15686.0,19100.0
Mouse_Thymus4,17_36,4,11886.0,11400.0
Mouse_Thymus4,25_23,6,12686.0,10100.0
Mouse_Thymus4,22_25,8,12386.0,10300.0
Mouse_Thymus4,47_20,9,14886.0,9800.0
Mouse_Thymus4,52_48,7,15386.0,12600.0
Mouse_Thymus4,61_24,1,16286.0,10200.0
Mouse_Thymus4,21_76,10,12286.0,15400.0
Mouse_Thymus4,42_51,3,14386.0,12900.0
Mouse_Thymus4,17_59,6,11886.0,13700.0
Mouse_Thymus4,44_37,1,14586.0,11500.0
Mouse_Thymus4,39_95,8,14086.0,17300.0
Mouse_Thymus4,49_113,4,15086.0,19100.0
Mouse_Thymus4,14_68,1,11586.0,14600.0
Mouse_Thymus4,46_96,3,14786.0,17400.0
Mouse_Thymus4,41_42,1,14286.0,12000.0
Mouse_Thymus4,20_44,3,12186.0,12200.0
Mouse_Thymus4,34_57,10,13586.0,13500.0
Mouse_Thymus4,54_97,3,15586.0,17500.0
Mouse_Thymus4,8_37,1,10986.0,11500.0
Mouse_Thymus4,42_12,4,14386.0,9000.0
Mouse_Thymus4,57_116,8,15886.0,19400.0
Mouse_Thymus4,59_100,4,16086.0,17800.0
Mouse_Thymus4,51_36,4,15286.0,11400.0
Mouse_Thymus4,46_91,3,14786.0,16900.0
Mouse_Thymus4,57_84,1,15886.0,16200.0
Mouse_Thymus4,22_37,9,12386.0,11500.0
Mouse_Thymus4,37_74,11,13886.0,15200.0
Mouse_Thymus4,30_71,3,13186.0,14900.0
Mouse_Thymus4,35_91,10,13686.0,16900.0
Mouse_Thymus4,37_13,6,13886.0,9100.0
Mouse_Thymus4,38_44,4,13986.0,12200.0
Mouse_Thymus4,19_53,1,12086.0,13100.0
Mouse_Thymus4,25_21,7,12686.0,9900.0
Mouse_Thymus4,38_60,10,13986.0,13800.0
Mouse_Thymus4,48_38,4,14986.0,11600.0
Mouse_Thymus4,7_34,1,10886.0,11200.0
Mouse_Thymus4,40_13,4,14186.0,9100.0
Mouse_Thymus4,37_22,3,13886.0,10000.0
Mouse_Thymus4,29_85,10,13086.0,16300.0
Mouse_Thymus4,49_6,1,15086.0,8400.0
Mouse_Thymus4,37_68,9,13886.0,14600.0
Mouse_Thymus4,32_52,3,13386.0,13000.0
Mouse_Thymus4,35_84,6,13686.0,16200.0
Mouse_Thymus4,54_5,1,15586.0,8300.0
Mouse_Thymus4,3_45,4,10486.0,12300.0
Mouse_Thymus4,44_55,10,14586.0,13300.0
Mouse_Thymus4,34_88,3,13586.0,16600.0
Mouse_Thymus4,32_55,10,13386.0,13300.0
Mouse_Thymus4,37_97,7,13886.0,17500.0
Mouse_Thymus4,29_83,3,13086.0,16100.0
Mouse_Thymus4,17_35,4,11886.0,11300.0
Mouse_Thymus4,21_62,4,12286.0,14000.0
Mouse_Thymus4,50_7,8,15186.0,8500.0
Mouse_Thymus4,22_40,3,12386.0,11800.0
Mouse_Thymus4,41_60,4,14286.0,13800.0
Mouse_Thymus4,40_14,4,14186.0,9200.0
Mouse_Thymus4,19_54,4,12086.0,13200.0
Mouse_Thymus4,12_34,4,11386.0,11200.0
Mouse_Thymus4,43_30,4,14486.0,10800.0
Mouse_Thymus4,23_86,1,12486.0,16400.0
Mouse_Thymus4,33_57,10,13486.0,13500.0
Mouse_Thymus4,29_62,4,13086.0,14000.0
Mouse_Thymus4,32_28,3,13386.0,10600.0
Mouse_Thymus4,58_20,4,15986.0,9800.0
Mouse_Thymus4,48_104,1,14986.0,18200.0
Mouse_Thymus4,40_27,9,14186.0,10500.0
Mouse_Thymus4,58_103,1,15986.0,18100.0
Mouse_Thymus4,3_43,7,10486.0,12100.0
Mouse_Thymus4,7_40,8,10886.0,11800.0
Mouse_Thymus4,38_46,1,13986.0,12400.0
Mouse_Thymus4,39_44,4,14086.0,12200.0
Mouse_Thymus4,41_27,3,14286.0,10500.0
Mouse_Thymus4,35_80,8,13686.0,15800.0
Mouse_Thymus4,43_78,3,14486.0,15600.0
Mouse_Thymus4,29_36,4,13086.0,11400.0
Mouse_Thymus4,34_43,4,13586.0,12100.0
Mouse_Thymus4,37_85,10,13886.0,16300.0
Mouse_Thymus4,44_103,1,14586.0,18100.0
Mouse_Thymus4,48_20,9,14986.0,9800.0
Mouse_Thymus4,58_12,8,15986.0,9000.0
Mouse_Thymus4,9_59,4,11086.0,13700.0
Mouse_Thymus4,41_81,3,14286.0,15900.0
Mouse_Thymus4,61_98,1,16286.0,17600.0
Mouse_Thymus4,51_87,9,15286.0,16500.0
Mouse_Thymus4,47_50,3,14886.0,12800.0
Mouse_Thymus4,32_80,3,13386.0,15800.0
Mouse_Thymus4,29_22,1,13086.0,10000.0
Mouse_Thymus4,41_73,10,14286.0,15100.0
Mouse_Thymus4,19_71,1,12086.0,14900.0
Mouse_Thymus4,6_59,1,10786.0,13700.0
Mouse_Thymus4,48_84,3,14986.0,16200.0
Mouse_Thymus4,50_33,1,15186.0,11100.0
Mouse_Thymus4,19_42,3,12086.0,12000.0
Mouse_Thymus4,56_99,10,15786.0,17700.0
Mouse_Thymus4,20_54,6,12186.0,13200.0
Mouse_Thymus4,45_43,1,14686.0,12100.0
Mouse_Thymus4,28_94,7,12986.0,17200.0
Mouse_Thymus4,59_23,4,16086.0,10100.0
Mouse_Thymus4,17_69,1,11886.0,14700.0
Mouse_Thymus4,34_55,3,13586.0,13300.0
Mouse_Thymus4,34_47,9,13586.0,12500.0
Mouse_Thymus4,30_20,4,13186.0,9800.0
Mouse_Thymus4,30_80,3,13186.0,15800.0
Mouse_Thymus4,42_36,4,14386.0,11400.0
Mouse_Thymus4,38_28,9,13986.0,10600.0
Mouse_Thymus4,61_35,1,16286.0,11300.0
Mouse_Thymus4,57_13,4,15886.0,9100.0
Mouse_Thymus4,49_40,4,15086.0,11800.0
Mouse_Thymus4,12_55,4,11386.0,13300.0
Mouse_Thymus4,27_51,3,12886.0,12900.0
Mouse_Thymus4,15_42,3,11686.0,12000.0
Mouse_Thymus4,39_41,1,14086.0,11900.0
Mouse_Thymus4,48_51,4,14986.0,12900.0
Mouse_Thymus4,28_29,3,12986.0,10700.0
Mouse_Thymus4,14_55,9,11586.0,13300.0
Mouse_Thymus4,5_59,4,10686.0,13700.0
Mouse_Thymus4,27_46,10,12886.0,12400.0
Mouse_Thymus4,52_12,8,15386.0,9000.0
Mouse_Thymus4,37_80,10,13886.0,15800.0
Mouse_Thymus4,43_99,1,14486.0,17700.0
Mouse_Thymus4,28_77,4,12986.0,15500.0
Mouse_Thymus4,21_26,6,12286.0,10400.0
Mouse_Thymus4,39_99,7,14086.0,17700.0
Mouse_Thymus4,57_25,1,15886.0,10300.0
Mouse_Thymus4,11_35,4,11286.0,11300.0
Mouse_Thymus4,46_8,4,14786.0,8600.0
Mouse_Thymus4,54_18,4,15586.0,9600.0
Mouse_Thymus4,32_86,3,13386.0,16400.0
Mouse_Thymus4,11_45,1,11286.0,12300.0
Mouse_Thymus4,42_22,9,14386.0,10000.0
Mouse_Thymus4,17_62,4,11886.0,14000.0
Mouse_Thymus4,48_73,1,14986.0,15100.0
Mouse_Thymus4,54_105,9,15586.0,18300.0
Mouse_Thymus4,55_15,4,15686.0,9300.0
Mouse_Thymus4,47_6,6,14886.0,8400.0
Mouse_Thymus4,33_91,10,13486.0,16900.0
Mouse_Thymus4,54_77,7,15586.0,15500.0
Mouse_Thymus4,54_31,1,15586.0,10900.0
Mouse_Thymus4,30_32,8,13186.0,11000.0
Mouse_Thymus4,29_67,9,13086.0,14500.0
Mouse_Thymus4,34_41,11,13586.0,11900.0
Mouse_Thymus4,3_57,1,10486.0,13500.0
Mouse_Thymus4,57_12,4,15886.0,9000.0
Mouse_Thymus4,49_92,3,15086.0,17000.0
Mouse_Thymus4,40_78,10,14186.0,15600.0
Mouse_Thymus4,36_78,10,13786.0,15600.0
Mouse_Thymus4,45_42,1,14686.0,12000.0
Mouse_Thymus4,52_33,4,15386.0,11100.0
Mouse_Thymus4,36_54,10,13786.0,13200.0
Mouse_Thymus4,32_18,6,13386.0,9600.0
Mouse_Thymus4,47_39,1,14886.0,11700.0
Mouse_Thymus4,62_4,1,16386.0,8200.0
Mouse_Thymus4,40_85,1,14186.0,16300.0
Mouse_Thymus4,42_31,10,14386.0,10900.0
Mouse_Thymus4,59_93,4,16086.0,17100.0
Mouse_Thymus4,70_1,8,17186.0,7900.0
Mouse_Thymus4,55_19,4,15686.0,9700.0
Mouse_Thymus4,46_90,3,14786.0,16800.0
Mouse_Thymus4,53_40,1,15486.0,11800.0
Mouse_Thymus4,23_83,1,12486.0,16100.0
Mouse_Thymus4,55_29,4,15686.0,10700.0
Mouse_Thymus4,46_89,3,14786.0,16700.0
Mouse_Thymus4,45_107,1,14686.0,18500.0
Mouse_Thymus4,31_59,9,13286.0,13700.0
Mouse_Thymus4,16_46,3,11786.0,12400.0
Mouse_Thymus4,45_34,4,14686.0,11200.0
Mouse_Thymus4,53_19,4,15486.0,9700.0
Mouse_Thymus4,39_57,3,14086.0,13500.0
Mouse_Thymus4,59_28,1,16086.0,10600.0
Mouse_Thymus4,46_103,1,14786.0,18100.0
Mouse_Thymus4,21_84,1,12286.0,16200.0
Mouse_Thymus4,25_88,1,12686.0,16600.0
Mouse_Thymus4,56_39,1,15786.0,11700.0
Mouse_Thymus4,59_30,1,16086.0,10800.0
Mouse_Thymus4,12_58,6,11386.0,13600.0
Mouse_Thymus4,59_86,1,16086.0,16400.0
Mouse_Thymus4,28_45,8,12986.0,12300.0
Mouse_Thymus4,41_57,3,14286.0,13500.0
Mouse_Thymus4,60_92,1,16186.0,17000.0
Mouse_Thymus4,25_41,3,12686.0,11900.0
Mouse_Thymus4,10_39,4,11186.0,11700.0
Mouse_Thymus4,31_23,1,13286.0,10100.0
Mouse_Thymus4,26_39,3,12786.0,11700.0
Mouse_Thymus4,25_33,3,12686.0,11100.0
Mouse_Thymus4,24_57,3,12586.0,13500.0
Mouse_Thymus4,24_27,1,12586.0,10500.0
Mouse_Thymus4,28_56,3,12986.0,13400.0
Mouse_Thymus4,22_52,3,12386.0,13000.0
Mouse_Thymus4,51_35,4,15286.0,11300.0
Mouse_Thymus4,29_70,3,13086.0,14800.0
Mouse_Thymus4,35_66,4,13686.0,14400.0
Mouse_Thymus4,18_40,3,11986.0,11800.0
Mouse_Thymus4,59_96,1,16086.0,17400.0
Mouse_Thymus4,21_55,8,12286.0,13300.0
Mouse_Thymus4,50_80,8,15186.0,15800.0
Mouse_Thymus4,27_52,3,12886.0,13000.0
Mouse_Thymus4,10_32,8,11186.0,11000.0
Mouse_Thymus4,51_26,6,15286.0,10400.0
Mouse_Thymus4,34_22,10,13586.0,10000.0
Mouse_Thymus4,29_18,7,13086.0,9600.0
Mouse_Thymus4,28_69,3,12986.0,14700.0
Mouse_Thymus4,22_64,3,12386.0,14200.0
Mouse_Thymus4,46_20,3,14786.0,9800.0
Mouse_Thymus4,54_25,1,15586.0,10300.0
Mouse_Thymus4,65_2,10,16686.0,8000.0
Mouse_Thymus4,59_32,1,16086.0,11000.0
Mouse_Thymus4,36_23,3,13786.0,10100.0
Mouse_Thymus4,18_38,3,11986.0,11600.0
Mouse_Thymus4,38_76,10,13986.0,15400.0
Mouse_Thymus4,40_76,9,14186.0,15400.0
Mouse_Thymus4,7_44,1,10886.0,12200.0
Mouse_Thymus4,30_44,3,13186.0,12200.0
Mouse_Thymus4,47_9,10,14886.0,8700.0
Mouse_Thymus4,58_105,4,15986.0,18300.0
Mouse_Thymus4,19_47,3,12086.0,12500.0
Mouse_Thymus4,63_5,10,16486.0,8300.0
Mouse_Thymus4,10_64,1,11186.0,14200.0
Mouse_Thymus4,35_17,1,13686.0,9500.0
Mouse_Thymus4,29_39,8,13086.0,11700.0
Mouse_Thymus4,30_54,3,13186.0,13200.0
Mouse_Thymus4,38_80,1,13986.0,15800.0
Mouse_Thymus4,12_67,1,11386.0,14500.0
Mouse_Thymus4,30_52,3,13186.0,13000.0
Mouse_Thymus4,57_14,4,15886.0,9200.0
Mouse_Thymus4,59_18,1,16086.0,9600.0
Mouse_Thymus4,54_2,8,15586.0,8000.0
Mouse_Thymus4,50_26,1,15186.0,10400.0
Mouse_Thymus4,42_67,1,14386.0,14500.0
Mouse_Thymus4,53_83,10,15486.0,16100.0
Mouse_Thymus4,31_67,10,13286.0,14500.0
Mouse_Thymus4,26_36,3,12786.0,11400.0
Mouse_Thymus4,42_83,9,14386.0,16100.0
Mouse_Thymus4,26_68,3,12786.0,14600.0
Mouse_Thymus4,49_100,3,15086.0,17800.0
Mouse_Thymus4,39_65,9,14086.0,14300.0
Mouse_Thymus4,48_50,6,14986.0,12800.0
Mouse_Thymus4,30_34,9,13186.0,11200.0
Mouse_Thymus4,56_87,1,15786.0,16500.0
Mouse_Thymus4,48_89,3,14986.0,16700.0
Mouse_Thymus4,39_11,6,14086.0,8900.0
Mouse_Thymus4,56_2,6,15786.0,8000.0
Mouse_Thymus4,49_14,3,15086.0,9200.0
Mouse_Thymus4,47_16,3,14886.0,9400.0
Mouse_Thymus4,25_56,3,12686.0,13400.0
Mouse_Thymus4,25_47,3,12686.0,12500.0
Mouse_Thymus4,21_69,1,12286.0,14700.0
Mouse_Thymus4,61_100,1,16286.0,17800.0
Mouse_Thymus4,23_57,10,12486.0,13500.0
Mouse_Thymus4,33_50,3,13486.0,12800.0
Mouse_Thymus4,1_57,1,10286.0,13500.0
Mouse_Thymus4,4_50,6,10586.0,12800.0
Mouse_Thymus4,15_33,4,11686.0,11100.0
Mouse_Thymus4,55_22,4,15686.0,10000.0
Mouse_Thymus4,40_96,1,14186.0,17400.0
Mouse_Thymus4,33_19,1,13486.0,9700.0
Mouse_Thymus4,15_52,4,11686.0,13000.0
Mouse_Thymus4,49_112,1,15086.0,19000.0
Mouse_Thymus4,58_22,4,15986.0,10000.0
Mouse_Thymus4,9_38,4,11086.0,11600.0
Mouse_Thymus4,69_6,1,17086.0,8400.0
Mouse_Thymus4,17_42,3,11886.0,12000.0
Mouse_Thymus4,35_95,4,13686.0,17300.0
Mouse_Thymus4,33_78,9,13486.0,15600.0
Mouse_Thymus4,62_10,1,16386.0,8800.0
Mouse_Thymus4,31_81,3,13286.0,15900.0
Mouse_Thymus4,38_81,8,13986.0,15900.0
Mouse_Thymus4,17_33,4,11886.0,11100.0
Mouse_Thymus4,33_58,10,13486.0,13600.0
Mouse_Thymus4,21_50,3,12286.0,12800.0
Mouse_Thymus4,48_106,4,14986.0,18400.0
Mouse_Thymus4,37_73,8,13886.0,15100.0
Mouse_Thymus4,23_47,3,12486.0,12500.0
Mouse_Thymus4,42_34,4,14386.0,11200.0
Mouse_Thymus4,11_31,1,11286.0,10900.0
Mouse_Thymus4,32_83,3,13386.0,16100.0
Mouse_Thymus4,59_12,4,16086.0,9000.0
Mouse_Thymus4,51_16,4,15286.0,9400.0
Mouse_Thymus4,41_28,3,14286.0,10600.0
Mouse_Thymus4,11_37,4,11286.0,11500.0
Mouse_Thymus4,26_32,3,12786.0,11000.0
Mouse_Thymus4,50_103,3,15186.0,18100.0
Mouse_Thymus4,46_49,3,14786.0,12700.0
Mouse_Thymus4,31_74,1,13286.0,15200.0
Mouse_Thymus4,34_16,6,13586.0,9400.0
Mouse_Thymus4,17_58,10,11886.0,13600.0
Mouse_Thymus4,53_78,1,15486.0,15600.0
Mouse_Thymus4,49_99,3,15086.0,17700.0
Mouse_Thymus4,47_81,3,14886.0,15900.0
Mouse_Thymus4,19_41,3,12086.0,11900.0
Mouse_Thymus4,25_39,3,12686.0,11700.0
Mouse_Thymus4,26_67,3,12786.0,14500.0
Mouse_Thymus4,20_32,4,12186.0,11000.0
Mouse_Thymus4,54_112,9,15586.0,19000.0
Mouse_Thymus4,37_19,9,13886.0,9700.0
Mouse_Thymus4,55_94,10,15686.0,17200.0
Mouse_Thymus4,50_106,3,15186.0,18400.0
Mouse_Thymus4,36_39,11,13786.0,11700.0
Mouse_Thymus4,44_70,1,14586.0,14800.0
Mouse_Thymus4,34_81,9,13586.0,15900.0
Mouse_Thymus4,30_18,6,13186.0,9600.0
Mouse_Thymus4,45_77,10,14686.0,15500.0
Mouse_Thymus4,52_14,1,15386.0,9200.0
Mouse_Thymus4,43_56,10,14486.0,13400.0
Mouse_Thymus4,39_52,3,14086.0,13000.0
Mouse_Thymus4,58_15,8,15986.0,9300.0
Mouse_Thymus4,42_98,4,14386.0,17600.0
Mouse_Thymus4,57_86,10,15886.0,16400.0
Mouse_Thymus4,29_88,1,13086.0,16600.0
Mouse_Thymus4,11_59,6,11286.0,13700.0
Mouse_Thymus4,66_6,1,16786.0,8400.0
Mouse_Thymus4,36_50,3,13786.0,12800.0
Mouse_Thymus4,49_37,4,15086.0,11500.0
Mouse_Thymus4,43_89,10,14486.0,16700.0
Mouse_Thymus4,9_60,1,11086.0,13800.0
Mouse_Thymus4,25_62,9,12686.0,14000.0
Mouse_Thymus4,26_20,7,12786.0,9800.0
Mouse_Thymus4,56_43,7,15786.0,12100.0
Mouse_Thymus4,26_42,8,12786.0,12000.0
Mouse_Thymus4,54_36,4,15586.0,11400.0
Mouse_Thymus4,37_32,3,13886.0,11000.0
Mouse_Thymus4,33_27,9,13486.0,10500.0
Mouse_Thymus4,9_34,4,11086.0,11200.0
Mouse_Thymus4,11_62,4,11286.0,14000.0
Mouse_Thymus4,43_39,1,14486.0,11700.0
Mouse_Thymus4,22_48,3,12386.0,12600.0
Mouse_Thymus4,55_32,1,15686.0,11000.0
Mouse_Thymus4,33_73,11,13486.0,15100.0
Mouse_Thymus4,43_14,3,14486.0,9200.0
Mouse_Thymus4,34_26,3,13586.0,10400.0
Mouse_Thymus4,55_5,4,15686.0,8300.0
Mouse_Thymus4,41_43,4,14286.0,12100.0
Mouse_Thymus4,33_48,9,13486.0,12600.0
Mouse_Thymus4,40_91,1,14186.0,16900.0
Mouse_Thymus4,30_51,3,13186.0,12900.0
Mouse_Thymus4,39_55,3,14086.0,13300.0
Mouse_Thymus4,36_41,4,13786.0,11900.0
Mouse_Thymus4,39_13,4,14086.0,9100.0
Mouse_Thymus4,54_98,3,15586.0,17600.0
Mouse_Thymus4,39_27,9,14086.0,10500.0
Mouse_Thymus4,9_37,4,11086.0,11500.0
Mouse_Thymus4,57_40,1,15886.0,11800.0
Mouse_Thymus4,22_27,4,12386.0,10500.0
Mouse_Thymus4,47_22,11,14886.0,10000.0
Mouse_Thymus4,56_81,1,15786.0,15900.0
Mouse_Thymus4,49_42,4,15086.0,12000.0
Mouse_Thymus4,45_54,9,14686.0,13200.0
Mouse_Thymus4,18_36,4,11986.0,11400.0
Mouse_Thymus4,56_19,4,15786.0,9700.0
Mouse_Thymus4,18_79,1,11986.0,15700.0
Mouse_Thymus4,32_37,4,13386.0,11500.0
Mouse_Thymus4,48_17,3,14986.0,9500.0
Mouse_Thymus4,47_33,4,14886.0,11100.0
Mouse_Thymus4,51_81,10,15286.0,15900.0
Mouse_Thymus4,45_39,10,14686.0,11700.0
Mouse_Thymus4,58_36,4,15986.0,11400.0
Mouse_Thymus4,30_56,3,13186.0,13400.0
Mouse_Thymus4,38_36,4,13986.0,11400.0
Mouse_Thymus4,25_37,3,12686.0,11500.0
Mouse_Thymus4,53_41,1,15486.0,11900.0
Mouse_Thymus4,26_72,4,12786.0,15000.0
Mouse_Thymus4,43_47,3,14486.0,12500.0
Mouse_Thymus4,40_67,3,14186.0,14500.0
Mouse_Thymus4,16_35,4,11786.0,11300.0
Mouse_Thymus4,27_72,8,12886.0,15000.0
Mouse_Thymus4,31_75,10,13286.0,15300.0
Mouse_Thymus4,49_98,3,15086.0,17600.0
Mouse_Thymus4,15_51,1,11686.0,12900.0
Mouse_Thymus4,38_27,3,13986.0,10500.0
Mouse_Thymus4,62_22,4,16386.0,10000.0
Mouse_Thymus4,36_74,9,13786.0,15200.0
Mouse_Thymus4,52_31,8,15386.0,10900.0
Mouse_Thymus4,48_13,3,14986.0,9100.0
Mouse_Thymus4,8_49,4,10986.0,12700.0
Mouse_Thymus4,14_30,6,11586.0,10800.0
Mouse_Thymus4,24_51,3,12586.0,12900.0
Mouse_Thymus4,49_27,4,15086.0,10500.0
Mouse_Thymus4,42_45,1,14386.0,12300.0
Mouse_Thymus4,49_50,4,15086.0,12800.0
Mouse_Thymus4,32_35,4,13386.0,11300.0
Mouse_Thymus4,38_98,7,13986.0,17600.0
Mouse_Thymus4,13_60,1,11486.0,13800.0
Mouse_Thymus4,58_97,8,15986.0,17500.0
Mouse_Thymus4,31_93,10,13286.0,17100.0
Mouse_Thymus4,37_82,1,13886.0,16000.0
Mouse_Thymus4,42_84,10,14386.0,16200.0
Mouse_Thymus4,64_9,4,16586.0,8700.0
Mouse_Thymus4,29_84,3,13086.0,16200.0
Mouse_Thymus4,43_93,1,14486.0,17100.0
Mouse_Thymus4,7_48,1,10886.0,12600.0
Mouse_Thymus4,45_47,3,14686.0,12500.0
Mouse_Thymus4,47_87,3,14886.0,16500.0
Mouse_Thymus4,27_61,3,12886.0,13900.0
Mouse_Thymus4,19_51,8,12086.0,12900.0
Mouse_Thymus4,56_13,1,15786.0,9100.0
Mouse_Thymus4,64_4,1,16586.0,8200.0
Mouse_Thymus4,39_19,3,14086.0,9700.0
Mouse_Thymus4,46_95,3,14786.0,17300.0
Mouse_Thymus4,41_30,9,14286.0,10800.0
Mouse_Thymus4,55_90,1,15686.0,16800.0
Mouse_Thymus4,44_39,1,14586.0,11700.0
Mouse_Thymus4,22_69,3,12386.0,14700.0
Mouse_Thymus4,49_88,3,15086.0,16600.0
Mouse_Thymus4,59_19,6,16086.0,9700.0
Mouse_Thymus4,37_49,10,13886.0,12700.0
Mouse_Thymus4,11_34,1,11286.0,11200.0
Mouse_Thymus4,35_52,3,13686.0,13000.0
Mouse_Thymus4,57_105,4,15886.0,18300.0
Mouse_Thymus4,57_94,1,15886.0,17200.0
Mouse_Thymus4,20_28,1,12186.0,10600.0
Mouse_Thymus4,39_73,3,14086.0,15100.0
Mouse_Thymus4,32_30,9,13386.0,10800.0
Mouse_Thymus4,51_11,3,15286.0,8900.0
Mouse_Thymus4,57_113,8,15886.0,19100.0
Mouse_Thymus4,29_73,1,13086.0,15100.0
Mouse_Thymus4,56_83,1,15786.0,16100.0
Mouse_Thymus4,7_43,4,10886.0,12100.0
Mouse_Thymus4,35_83,10,13686.0,16100.0
Mouse_Thymus4,16_42,3,11786.0,12000.0
Mouse_Thymus4,22_73,8,12386.0,15100.0
Mouse_Thymus4,36_26,3,13786.0,10400.0
Mouse_Thymus4,63_32,8,16486.0,11000.0
Mouse_Thymus4,7_42,4,10886.0,12000.0
Mouse_Thymus4,47_85,3,14886.0,16300.0
Mouse_Thymus4,60_103,1,16186.0,18100.0
Mouse_Thymus4,14_59,4,11586.0,13700.0
Mouse_Thymus4,41_24,3,14286.0,10200.0
Mouse_Thymus4,28_35,9,12986.0,11300.0
Mouse_Thymus4,43_103,4,14486.0,18100.0
Mouse_Thymus4,61_26,8,16286.0,10400.0
Mouse_Thymus4,47_14,3,14886.0,9200.0
Mouse_Thymus4,48_33,1,14986.0,11100.0
Mouse_Thymus4,42_29,9,14386.0,10700.0
Mouse_Thymus4,25_74,4,12686.0,15200.0
Mouse_Thymus4,17_48,8,11886.0,12600.0
Mouse_Thymus4,41_100,4,14286.0,17800.0
Mouse_Thymus4,57_27,4,15886.0,10500.0
Mouse_Thymus4,54_93,9,15586.0,17100.0
Mouse_Thymus4,21_47,3,12286.0,12500.0
Mouse_Thymus4,63_10,1,16486.0,8800.0
Mouse_Thymus4,51_19,4,15286.0,9700.0
Mouse_Thymus4,60_6,10,16186.0,8400.0
Mouse_Thymus4,19_32,4,12086.0,11000.0
Mouse_Thymus4,40_43,1,14186.0,12100.0
Mouse_Thymus4,44_53,9,14586.0,13100.0
Mouse_Thymus4,20_45,3,12186.0,12300.0
Mouse_Thymus4,8_51,4,10986.0,12900.0
Mouse_Thymus4,41_54,3,14286.0,13200.0
Mouse_Thymus4,56_33,1,15786.0,11100.0
Mouse_Thymus4,52_110,3,15386.0,18800.0
Mouse_Thymus4,9_51,1,11086.0,12900.0
Mouse_Thymus4,8_33,10,10986.0,11100.0
Mouse_Thymus4,55_80,1,15686.0,15800.0
Mouse_Thymus4,41_51,3,14286.0,12900.0
Mouse_Thymus4,30_87,4,13186.0,16500.0
Mouse_Thymus4,27_64,10,12886.0,14200.0
Mouse_Thymus4,29_41,1,13086.0,11900.0
Mouse_Thymus4,43_88,4,14486.0,16600.0
Mouse_Thymus4,46_87,3,14786.0,16500.0
Mouse_Thymus4,57_39,6,15886.0,11700.0
Mouse_Thymus4,42_58,1,14386.0,13600.0
Mouse_Thymus4,53_39,8,15486.0,11700.0
Mouse_Thymus4,58_23,8,15986.0,10100.0
Mouse_Thymus4,11_38,1,11286.0,11600.0
Mouse_Thymus4,29_19,6,13086.0,9700.0
Mouse_Thymus4,23_76,3,12486.0,15400.0
Mouse_Thymus4,56_21,4,15786.0,9900.0
Mouse_Thymus4,37_27,3,13886.0,10500.0
Mouse_Thymus4,24_78,4,12586.0,15600.0
Mouse_Thymus4,26_55,3,12786.0,13300.0
Mouse_Thymus4,36_52,3,13786.0,13000.0
Mouse_Thymus4,53_111,3,15486.0,18900.0
Mouse_Thymus4,44_15,3,14586.0,9300.0
Mouse_Thymus4,16_70,4,11786.0,14800.0
Mouse_Thymus4,17_43,3,11886.0,12100.0
Mouse_Thymus4,52_81,10,15386.0,15900.0
Mouse_Thymus4,63_31,6,16486.0,10900.0
Mouse_Thymus4,53_4,1,15486.0,8200.0
Mouse_Thymus4,51_112,3,15286.0,19000.0
Mouse_Thymus4,51_39,4,15286.0,11700.0
Mouse_Thymus4,27_65,3,12886.0,14300.0
Mouse_Thymus4,44_45,11,14586.0,12300.0
Mouse_Thymus4,44_36,4,14586.0,11400.0
Mouse_Thymus4,34_49,3,13586.0,12700.0
Mouse_Thymus4,36_21,9,13786.0,9900.0
Mouse_Thymus4,57_37,4,15886.0,11500.0
Mouse_Thymus4,28_44,10,12986.0,12200.0
Mouse_Thymus4,54_28,4,15586.0,10600.0
Mouse_Thymus4,53_2,8,15486.0,8000.0
Mouse_Thymus4,47_4,10,14886.0,8200.0
Mouse_Thymus4,20_57,8,12186.0,13500.0
Mouse_Thymus4,38_13,1,13986.0,9100.0
Mouse_Thymus4,24_83,6,12586.0,16100.0
Mouse_Thymus4,60_95,10,16186.0,17300.0
Mouse_Thymus4,46_104,4,14786.0,18200.0
Mouse_Thymus4,65_3,10,16686.0,8100.0
Mouse_Thymus4,34_14,8,13586.0,9200.0
Mouse_Thymus4,45_16,3,14686.0,9400.0
Mouse_Thymus4,49_25,4,15086.0,10300.0
Mouse_Thymus4,26_38,3,12786.0,11600.0
Mouse_Thymus4,38_67,3,13986.0,14500.0
Mouse_Thymus4,9_57,4,11086.0,13500.0
Mouse_Thymus4,45_85,3,14686.0,16300.0
Mouse_Thymus4,35_18,10,13686.0,9600.0
Mouse_Thymus4,15_54,6,11686.0,13200.0
Mouse_Thymus4,29_95,1,13086.0,17300.0
Mouse_Thymus4,32_63,10,13386.0,14100.0
Mouse_Thymus4,16_69,1,11786.0,14700.0
Mouse_Thymus4,19_78,1,12086.0,15600.0
Mouse_Thymus4,21_41,3,12286.0,11900.0
Mouse_Thymus4,57_22,4,15886.0,10000.0
Mouse_Thymus4,64_0,8,16586.0,7800.0
Mouse_Thymus4,46_80,3,14786.0,15800.0
Mouse_Thymus4,14_62,1,11586.0,14000.0
Mouse_Thymus4,64_8,10,16586.0,8600.0
Mouse_Thymus4,20_69,8,12186.0,14700.0
Mouse_Thymus4,32_68,3,13386.0,14600.0
Mouse_Thymus4,53_90,3,15486.0,16800.0
Mouse_Thymus4,39_66,3,14086.0,14400.0
Mouse_Thymus4,56_94,1,15786.0,17200.0
Mouse_Thymus4,53_92,3,15486.0,17000.0
Mouse_Thymus4,53_108,3,15486.0,18600.0
Mouse_Thymus4,54_20,4,15586.0,9800.0
Mouse_Thymus4,41_34,4,14286.0,11200.0
Mouse_Thymus4,60_107,1,16186.0,18500.0
Mouse_Thymus4,41_31,4,14286.0,10900.0
Mouse_Thymus4,43_68,1,14486.0,14600.0
Mouse_Thymus4,49_24,4,15086.0,10200.0
Mouse_Thymus4,46_6,8,14786.0,8400.0
Mouse_Thymus4,31_95,4,13286.0,17300.0
Mouse_Thymus4,30_59,3,13186.0,13700.0
Mouse_Thymus4,70_3,1,17186.0,8100.0
Mouse_Thymus4,61_99,1,16286.0,17700.0
Mouse_Thymus4,28_57,3,12986.0,13500.0
Mouse_Thymus4,55_21,8,15686.0,9900.0
Mouse_Thymus4,11_54,4,11286.0,13200.0
Mouse_Thymus4,64_26,1,16586.0,10400.0
Mouse_Thymus4,41_12,4,14286.0,9000.0
Mouse_Thymus4,50_37,4,15186.0,11500.0
Mouse_Thymus4,27_33,3,12886.0,11100.0
Mouse_Thymus4,57_34,4,15886.0,11200.0
Mouse_Thymus4,53_118,4,15486.0,19600.0
Mouse_Thymus4,53_10,3,15486.0,8800.0
Mouse_Thymus4,28_86,4,12986.0,16400.0
Mouse_Thymus4,45_70,4,14686.0,14800.0
Mouse_Thymus4,13_46,4,11486.0,12400.0
Mouse_Thymus4,55_99,9,15686.0,17700.0
Mouse_Thymus4,23_84,8,12486.0,16200.0
Mouse_Thymus4,52_47,1,15386.0,12500.0
Mouse_Thymus4,28_93,4,12986.0,17100.0
Mouse_Thymus4,55_41,1,15686.0,11900.0
Mouse_Thymus4,15_32,4,11686.0,11000.0
Mouse_Thymus4,38_18,9,13986.0,9600.0
Mouse_Thymus4,27_44,10,12886.0,12200.0
Mouse_Thymus4,9_61,4,11086.0,13900.0
Mouse_Thymus4,33_34,4,13486.0,11200.0
Mouse_Thymus4,28_33,3,12986.0,11100.0
Mouse_Thymus4,23_25,6,12486.0,10300.0
Mouse_Thymus4,17_49,10,11886.0,12700.0
Mouse_Thymus4,49_105,3,15086.0,18300.0
Mouse_Thymus4,24_29,10,12586.0,10700.0
Mouse_Thymus4,34_17,1,13586.0,9500.0
Mouse_Thymus4,45_106,1,14686.0,18400.0
Mouse_Thymus4,27_49,3,12886.0,12700.0
Mouse_Thymus4,34_91,3,13586.0,16900.0
Mouse_Thymus4,39_15,8,14086.0,9300.0
Mouse_Thymus4,24_42,10,12586.0,12000.0
Mouse_Thymus4,55_109,4,15686.0,18700.0
Mouse_Thymus4,20_36,8,12186.0,11400.0
Mouse_Thymus4,56_26,4,15786.0,10400.0
Mouse_Thymus4,23_43,3,12486.0,12100.0
Mouse_Thymus4,17_44,3,11886.0,12200.0
Mouse_Thymus4,66_0,6,16786.0,7800.0
Mouse_Thymus4,23_74,3,12486.0,15200.0
Mouse_Thymus4,25_49,3,12686.0,12700.0
Mouse_Thymus4,44_96,8,14586.0,17400.0
Mouse_Thymus4,48_96,3,14986.0,17400.0
Mouse_Thymus4,51_3,6,15286.0,8100.0
Mouse_Thymus4,50_84,10,15186.0,16200.0
Mouse_Thymus4,24_21,7,12586.0,9900.0
Mouse_Thymus4,38_89,1,13986.0,16700.0
Mouse_Thymus4,9_53,1,11086.0,13100.0
Mouse_Thymus4,41_68,10,14286.0,14600.0
Mouse_Thymus4,10_47,4,11186.0,12500.0
Mouse_Thymus4,53_34,4,15486.0,11200.0
Mouse_Thymus4,31_28,3,13286.0,10600.0
Mouse_Thymus4,54_42,4,15586.0,12000.0
Mouse_Thymus4,40_70,10,14186.0,14800.0
Mouse_Thymus4,44_43,10,14586.0,12100.0
Mouse_Thymus4,53_109,3,15486.0,18700.0
Mouse_Thymus4,44_109,6,14586.0,18700.0
Mouse_Thymus4,18_59,9,11986.0,13700.0
Mouse_Thymus4,58_90,1,15986.0,16800.0
Mouse_Thymus4,55_110,10,15686.0,18800.0
Mouse_Thymus4,53_32,4,15486.0,11000.0
Mouse_Thymus4,22_35,4,12386.0,11300.0
Mouse_Thymus4,34_52,3,13586.0,13000.0
Mouse_Thymus4,29_42,8,13086.0,12000.0
Mouse_Thymus4,38_74,9,13986.0,15200.0
Mouse_Thymus4,16_28,8,11786.0,10600.0
Mouse_Thymus4,51_101,3,15286.0,17900.0
Mouse_Thymus4,38_41,4,13986.0,11900.0
Mouse_Thymus4,19_33,4,12086.0,11100.0
Mouse_Thymus4,40_100,1,14186.0,17800.0
Mouse_Thymus4,39_71,10,14086.0,14900.0
Mouse_Thymus4,53_86,1,15486.0,16400.0
Mouse_Thymus4,43_58,7,14486.0,13600.0
Mouse_Thymus4,41_94,1,14286.0,17200.0
Mouse_Thymus4,18_31,8,11986.0,10900.0
Mouse_Thymus4,19_69,4,12086.0,14700.0
Mouse_Thymus4,46_25,8,14786.0,10300.0
Mouse_Thymus4,9_36,1,11086.0,11400.0
Mouse_Thymus4,15_31,4,11686.0,10900.0
Mouse_Thymus4,45_110,1,14686.0,18800.0
Mouse_Thymus4,55_83,8,15686.0,16100.0
Mouse_Thymus4,52_9,3,15386.0,8700.0
Mouse_Thymus4,53_117,10,15486.0,19500.0
Mouse_Thymus4,36_37,6,13786.0,11500.0
Mouse_Thymus4,56_102,1,15786.0,18000.0
Mouse_Thymus4,34_56,3,13586.0,13400.0
Mouse_Thymus4,8_60,4,10986.0,13800.0
Mouse_Thymus4,24_34,9,12586.0,11200.0
Mouse_Thymus4,69_5,1,17086.0,8300.0
Mouse_Thymus4,38_85,10,13986.0,16300.0
Mouse_Thymus4,48_6,1,14986.0,8400.0
Mouse_Thymus4,14_67,6,11586.0,14500.0
Mouse_Thymus4,50_50,1,15186.0,12800.0
Mouse_Thymus4,40_95,1,14186.0,17300.0
Mouse_Thymus4,45_17,3,14686.0,9500.0
Mouse_Thymus4,31_33,11,13286.0,11100.0
Mouse_Thymus4,50_38,4,15186.0,11600.0
Mouse_Thymus4,37_41,4,13886.0,11900.0
Mouse_Thymus4,55_92,1,15686.0,17000.0
Mouse_Thymus4,32_85,3,13386.0,16300.0
Mouse_Thymus4,38_95,1,13986.0,17300.0
Mouse_Thymus4,35_65,10,13686.0,14300.0
Mouse_Thymus4,31_49,10,13286.0,12700.0
Mouse_Thymus4,29_64,4,13086.0,14200.0
Mouse_Thymus4,5_56,4,10686.0,13400.0
Mouse_Thymus4,26_71,10,12786.0,14900.0
Mouse_Thymus4,59_34,1,16086.0,11200.0
Mouse_Thymus4,8_48,4,10986.0,12600.0
Mouse_Thymus4,51_25,4,15286.0,10300.0
Mouse_Thymus4,41_92,10,14286.0,17000.0
Mouse_Thymus4,13_43,1,11486.0,12100.0
Mouse_Thymus4,21_51,9,12286.0,12900.0
Mouse_Thymus4,26_82,4,12786.0,16000.0
Mouse_Thymus4,57_8,10,15886.0,8600.0
Mouse_Thymus4,43_10,4,14486.0,8800.0
Mouse_Thymus4,5_40,4,10686.0,11800.0
Mouse_Thymus4,54_84,1,15586.0,16200.0
Mouse_Thymus4,15_61,1,11686.0,13900.0
Mouse_Thymus4,53_116,9,15486.0,19400.0
Mouse_Thymus4,39_96,4,14086.0,17400.0
Mouse_Thymus4,46_24,4,14786.0,10200.0
Mouse_Thymus4,47_88,3,14886.0,16600.0
Mouse_Thymus4,68_0,6,16986.0,7800.0
Mouse_Thymus4,29_51,3,13086.0,12900.0
Mouse_Thymus4,29_72,10,13086.0,15000.0
Mouse_Thymus4,51_116,4,15286.0,19400.0
Mouse_Thymus4,24_60,3,12586.0,13800.0
Mouse_Thymus4,60_13,4,16186.0,9100.0
Mouse_Thymus4,13_30,8,11486.0,10800.0
Mouse_Thymus4,42_28,3,14386.0,10600.0
Mouse_Thymus4,54_41,1,15586.0,11900.0
Mouse_Thymus4,32_84,3,13386.0,16200.0
Mouse_Thymus4,36_32,9,13786.0,11000.0
Mouse_Thymus4,48_80,3,14986.0,15800.0
Mouse_Thymus4,19_63,4,12086.0,14100.0
Mouse_Thymus4,55_97,9,15686.0,17500.0
Mouse_Thymus4,61_15,1,16286.0,9300.0
Mouse_Thymus4,30_26,3,13186.0,10400.0
Mouse_Thymus4,55_7,3,15686.0,8500.0
Mouse_Thymus4,37_52,3,13886.0,13000.0
Mouse_Thymus4,32_77,8,13386.0,15500.0
Mouse_Thymus4,33_64,8,13486.0,14200.0
Mouse_Thymus4,19_74,4,12086.0,15200.0
Mouse_Thymus4,53_6,4,15486.0,8400.0
Mouse_Thymus4,54_10,9,15586.0,8800.0
Mouse_Thymus4,67_9,1,16886.0,8700.0
Mouse_Thymus4,33_55,9,13486.0,13300.0
Mouse_Thymus4,8_34,6,10986.0,11200.0
Mouse_Thymus4,43_8,6,14486.0,8600.0
Mouse_Thymus4,21_34,4,12286.0,11200.0
Mouse_Thymus4,53_17,4,15486.0,9500.0
Mouse_Thymus4,45_27,4,14686.0,10500.0
Mouse_Thymus4,61_92,1,16286.0,17000.0
Mouse_Thymus4,61_4,9,16286.0,8200.0
Mouse_Thymus4,53_29,4,15486.0,10700.0
Mouse_Thymus4,45_30,1,14686.0,10800.0
Mouse_Thymus4,21_46,3,12286.0,12400.0
Mouse_Thymus4,10_37,1,11186.0,11500.0
Mouse_Thymus4,20_35,4,12186.0,11300.0
Mouse_Thymus4,54_101,3,15586.0,17900.0
Mouse_Thymus4,45_101,1,14686.0,17900.0
Mouse_Thymus4,35_14,6,13686.0,9200.0
Mouse_Thymus4,18_76,4,11986.0,15400.0
Mouse_Thymus4,19_40,3,12086.0,11800.0
Mouse_Thymus4,35_62,10,13686.0,14000.0
Mouse_Thymus4,4_52,1,10586.0,13000.0
Mouse_Thymus4,45_93,9,14686.0,17100.0
Mouse_Thymus4,8_36,1,10986.0,11400.0
Mouse_Thymus4,49_106,3,15086.0,18400.0
Mouse_Thymus4,48_85,3,14986.0,16300.0
Mouse_Thymus4,21_27,8,12286.0,10500.0
Mouse_Thymus4,36_93,1,13786.0,17100.0
Mouse_Thymus4,46_27,11,14786.0,10500.0
Mouse_Thymus4,39_45,1,14086.0,12300.0
Mouse_Thymus4,53_46,1,15486.0,12400.0
Mouse_Thymus4,27_35,3,12886.0,11300.0
Mouse_Thymus4,19_61,4,12086.0,13900.0
Mouse_Thymus4,38_25,3,13986.0,10300.0
Mouse_Thymus4,61_12,1,16286.0,9000.0
Mouse_Thymus4,27_91,1,12886.0,16900.0
Mouse_Thymus4,57_17,8,15886.0,9500.0
Mouse_Thymus4,55_43,1,15686.0,12100.0
Mouse_Thymus4,45_26,11,14686.0,10400.0
Mouse_Thymus4,33_31,4,13486.0,10900.0
Mouse_Thymus4,61_22,1,16286.0,10000.0
Mouse_Thymus4,8_35,6,10986.0,11300.0
Mouse_Thymus4,40_17,3,14186.0,9500.0
Mouse_Thymus4,41_29,3,14286.0,10700.0
Mouse_Thymus4,38_20,3,13986.0,9800.0
Mouse_Thymus4,43_75,9,14486.0,15300.0
Mouse_Thymus4,42_93,1,14386.0,17100.0
Mouse_Thymus4,22_79,4,12386.0,15700.0
Mouse_Thymus4,61_10,10,16286.0,8800.0
Mouse_Thymus4,59_21,1,16086.0,9900.0
Mouse_Thymus4,20_56,4,12186.0,13400.0
Mouse_Thymus4,16_33,4,11786.0,11100.0
Mouse_Thymus4,40_42,4,14186.0,12000.0
Mouse_Thymus4,61_2,1,16286.0,8000.0
Mouse_Thymus4,32_91,10,13386.0,16900.0
Mouse_Thymus4,18_46,3,11986.0,12400.0
Mouse_Thymus4,36_17,1,13786.0,9500.0
Mouse_Thymus4,23_46,3,12486.0,12400.0
Mouse_Thymus4,47_38,4,14886.0,11600.0
Mouse_Thymus4,27_43,9,12886.0,12100.0
Mouse_Thymus4,46_70,10,14786.0,14800.0
Mouse_Thymus4,55_26,1,15686.0,10400.0
Mouse_Thymus4,34_83,3,13586.0,16100.0
Mouse_Thymus4,15_38,4,11686.0,11600.0
Mouse_Thymus4,47_73,1,14886.0,15100.0
Mouse_Thymus4,50_92,3,15186.0,17000.0
Mouse_Thymus4,49_80,6,15086.0,15800.0
Mouse_Thymus4,35_69,10,13686.0,14700.0
Mouse_Thymus4,42_55,3,14386.0,13300.0
Mouse_Thymus4,21_74,9,12286.0,15200.0
Mouse_Thymus4,50_31,4,15186.0,10900.0
Mouse_Thymus4,31_72,3,13286.0,15000.0
Mouse_Thymus4,12_33,4,11386.0,11100.0
Mouse_Thymus4,7_47,4,10886.0,12500.0
Mouse_Thymus4,59_104,1,16086.0,18200.0
Mouse_Thymus4,56_116,1,15786.0,19400.0
Mouse_Thymus4,54_110,9,15586.0,18800.0
Mouse_Thymus4,21_65,4,12286.0,14300.0
Mouse_Thymus4,21_28,1,12286.0,10600.0
Mouse_Thymus4,67_4,10,16886.0,8200.0
Mouse_Thymus4,48_87,3,14986.0,16500.0
Mouse_Thymus4,41_32,10,14286.0,11000.0
Mouse_Thymus4,54_115,4,15586.0,19300.0
Mouse_Thymus4,46_9,10,14786.0,8700.0
Mouse_Thymus4,27_74,4,12886.0,15200.0
Mouse_Thymus4,36_64,9,13786.0,14200.0
Mouse_Thymus4,25_46,3,12686.0,12400.0
Mouse_Thymus4,44_89,9,14586.0,16700.0
Mouse_Thymus4,28_82,10,12986.0,16000.0
Mouse_Thymus4,18_78,1,11986.0,15600.0
Mouse_Thymus4,44_21,9,14586.0,9900.0
Mouse_Thymus4,48_75,10,14986.0,15300.0
Mouse_Thymus4,30_60,9,13186.0,13800.0
Mouse_Thymus4,15_60,6,11686.0,13800.0
Mouse_Thymus4,40_101,4,14186.0,17900.0
Mouse_Thymus4,18_44,3,11986.0,12200.0
Mouse_Thymus4,55_37,4,15686.0,11500.0
Mouse_Thymus4,52_94,3,15386.0,17200.0
Mouse_Thymus4,15_35,4,11686.0,11300.0
Mouse_Thymus4,43_34,4,14486.0,11200.0
Mouse_Thymus4,52_39,1,15386.0,11700.0
Mouse_Thymus4,6_49,1,10786.0,12700.0
Mouse_Thymus4,44_8,1,14586.0,8600.0
Mouse_Thymus4,43_73,10,14486.0,15100.0
Mouse_Thymus4,58_91,1,15986.0,16900.0
Mouse_Thymus4,14_46,4,11586.0,12400.0
Mouse_Thymus4,41_97,8,14286.0,17500.0
Mouse_Thymus4,45_36,4,14686.0,11400.0
Mouse_Thymus4,35_48,9,13686.0,12600.0
Mouse_Thymus4,43_85,3,14486.0,16300.0
Mouse_Thymus4,42_42,1,14386.0,12000.0
Mouse_Thymus4,48_100,10,14986.0,17800.0
Mouse_Thymus4,15_57,4,11686.0,13500.0
Mouse_Thymus4,27_71,4,12886.0,14900.0
Mouse_Thymus4,60_26,4,16186.0,10400.0
Mouse_Thymus4,58_100,1,15986.0,17800.0
Mouse_Thymus4,38_54,9,13986.0,13200.0
Mouse_Thymus4,7_46,8,10886.0,12400.0
Mouse_Thymus4,54_32,1,15586.0,11000.0
Mouse_Thymus4,51_100,3,15286.0,17800.0
Mouse_Thymus4,21_72,9,12286.0,15000.0
Mouse_Thymus4,30_33,4,13186.0,11100.0
Mouse_Thymus4,24_58,3,12586.0,13600.0
Mouse_Thymus4,40_86,10,14186.0,16400.0
Mouse_Thymus4,59_105,1,16086.0,18300.0
Mouse_Thymus4,52_36,8,15386.0,11400.0
Mouse_Thymus4,26_52,3,12786.0,13000.0
Mouse_Thymus4,26_85,1,12786.0,16300.0
Mouse_Thymus4,45_23,9,14686.0,10100.0
Mouse_Thymus4,45_71,1,14686.0,14900.0
Mouse_Thymus4,44_46,11,14586.0,12400.0
Mouse_Thymus4,19_36,4,12086.0,11400.0
Mouse_Thymus4,17_37,4,11886.0,11500.0
Mouse_Thymus4,56_90,1,15786.0,16800.0
Mouse_Thymus4,56_11,1,15786.0,8900.0
Mouse_Thymus4,32_45,3,13386.0,12300.0
Mouse_Thymus4,56_89,1,15786.0,16700.0
Mouse_Thymus4,30_79,3,13186.0,15700.0
Mouse_Thymus4,40_33,4,14186.0,11100.0
Mouse_Thymus4,19_39,3,12086.0,11700.0
Mouse_Thymus4,32_21,4,13386.0,9900.0
Mouse_Thymus4,28_41,3,12986.0,11900.0
Mouse_Thymus4,30_91,10,13186.0,16900.0
Mouse_Thymus4,56_79,7,15786.0,15700.0
Mouse_Thymus4,25_54,8,12686.0,13200.0
Mouse_Thymus4,23_30,4,12486.0,10800.0
Mouse_Thymus4,54_24,1,15586.0,10200.0
Mouse_Thymus4,31_34,11,13286.0,11200.0
Mouse_Thymus4,3_52,1,10486.0,13000.0
Mouse_Thymus4,55_13,1,15686.0,9100.0
Mouse_Thymus4,27_24,1,12886.0,10200.0
Mouse_Thymus4,47_49,3,14886.0,12700.0
Mouse_Thymus4,30_89,10,13186.0,16700.0
Mouse_Thymus4,43_15,3,14486.0,9300.0
Mouse_Thymus4,49_95,3,15086.0,17300.0
Mouse_Thymus4,57_11,8,15886.0,8900.0
Mouse_Thymus4,31_26,9,13286.0,10400.0
Mouse_Thymus4,56_111,1,15786.0,18900.0
Mouse_Thymus4,35_40,4,13686.0,11800.0
Mouse_Thymus4,50_82,3,15186.0,16000.0
Mouse_Thymus4,32_65,9,13386.0,14300.0
Mouse_Thymus4,32_70,10,13386.0,14800.0
Mouse_Thymus4,58_83,1,15986.0,16100.0
Mouse_Thymus4,60_94,1,16186.0,17200.0
Mouse_Thymus4,50_107,3,15186.0,18500.0
Mouse_Thymus4,35_16,1,13686.0,9400.0
Mouse_Thymus4,38_70,8,13986.0,14800.0
Mouse_Thymus4,11_52,4,11286.0,13000.0
Mouse_Thymus4,60_25,4,16186.0,10300.0
Mouse_Thymus4,31_61,10,13286.0,13900.0
Mouse_Thymus4,57_38,8,15886.0,11600.0
Mouse_Thymus4,47_8,4,14886.0,8600.0
Mouse_Thymus4,30_70,3,13186.0,14800.0
Mouse_Thymus4,40_69,3,14186.0,14700.0
Mouse_Thymus4,46_84,3,14786.0,16200.0
Mouse_Thymus4,45_98,1,14686.0,17600.0
Mouse_Thymus4,4_45,4,10586.0,12300.0
Mouse_Thymus4,58_101,1,15986.0,17900.0
Mouse_Thymus4,8_47,4,10986.0,12500.0
Mouse_Thymus4,29_69,3,13086.0,14700.0
Mouse_Thymus4,54_7,8,15586.0,8500.0
Mouse_Thymus4,52_42,11,15386.0,12000.0
Mouse_Thymus4,69_1,1,17086.0,7900.0
Mouse_Thymus4,36_40,10,13786.0,11800.0
Mouse_Thymus4,15_29,8,11686.0,10700.0
Mouse_Thymus4,28_38,9,12986.0,11600.0
Mouse_Thymus4,54_95,3,15586.0,17300.0
Mouse_Thymus4,45_90,3,14686.0,16800.0
Mouse_Thymus4,19_28,1,12086.0,10600.0
Mouse_Thymus4,51_105,3,15286.0,18300.0
Mouse_Thymus4,34_73,9,13586.0,15100.0
Mouse_Thymus4,30_43,9,13186.0,12100.0
Mouse_Thymus4,58_40,7,15986.0,11800.0
Mouse_Thymus4,55_85,1,15686.0,16300.0
Mouse_Thymus4,57_23,8,15886.0,10100.0
Mouse_Thymus4,28_23,4,12986.0,10100.0
Mouse_Thymus4,18_39,3,11986.0,11700.0
Mouse_Thymus4,46_112,10,14786.0,19000.0
Mouse_Thymus4,13_58,8,11486.0,13600.0
Mouse_Thymus4,29_82,10,13086.0,16000.0
Mouse_Thymus4,18_32,4,11986.0,11000.0
Mouse_Thymus4,41_36,11,14286.0,11400.0
Mouse_Thymus4,47_12,3,14886.0,9000.0
Mouse_Thymus4,43_11,4,14486.0,8900.0
Mouse_Thymus4,22_81,1,12386.0,15900.0
Mouse_Thymus4,37_77,10,13886.0,15500.0
Mouse_Thymus4,44_98,10,14586.0,17600.0
Mouse_Thymus4,38_26,3,13986.0,10400.0
Mouse_Thymus4,28_37,9,12986.0,11500.0
Mouse_Thymus4,58_87,1,15986.0,16500.0
Mouse_Thymus4,17_71,4,11886.0,14900.0
Mouse_Thymus4,14_56,8,11586.0,13400.0
Mouse_Thymus4,65_0,6,16686.0,7800.0
Mouse_Thymus4,57_80,7,15886.0,15800.0
Mouse_Thymus4,28_31,3,12986.0,10900.0
Mouse_Thymus4,42_62,1,14386.0,14000.0
Mouse_Thymus4,71_3,1,17286.0,8100.0
Mouse_Thymus4,57_107,1,15886.0,18500.0
Mouse_Thymus4,16_60,4,11786.0,13800.0
Mouse_Thymus4,42_94,1,14386.0,17200.0
Mouse_Thymus4,40_30,9,14186.0,10800.0
Mouse_Thymus4,54_90,7,15586.0,16800.0
Mouse_Thymus4,49_102,3,15086.0,18000.0
Mouse_Thymus4,57_106,1,15886.0,18400.0
Mouse_Thymus4,54_109,3,15586.0,18700.0
Mouse_Thymus4,39_17,10,14086.0,9500.0
Mouse_Thymus4,36_13,8,13786.0,9100.0
Mouse_Thymus4,20_84,1,12186.0,16200.0
Mouse_Thymus4,55_88,8,15686.0,16600.0
Mouse_Thymus4,26_24,1,12786.0,10200.0
Mouse_Thymus4,20_61,9,12186.0,13900.0
Mouse_Thymus4,6_38,1,10786.0,11600.0
Mouse_Thymus4,48_44,8,14986.0,12200.0
Mouse_Thymus4,34_65,4,13586.0,14300.0
Mouse_Thymus4,37_70,10,13886.0,14800.0
Mouse_Thymus4,23_31,9,12486.0,10900.0
Mouse_Thymus4,37_25,3,13886.0,10300.0
Mouse_Thymus4,31_24,1,13286.0,10200.0
Mouse_Thymus4,35_81,9,13686.0,15900.0
Mouse_Thymus4,56_106,1,15786.0,18400.0
Mouse_Thymus4,4_59,4,10586.0,13700.0
Mouse_Thymus4,28_27,9,12986.0,10500.0
Mouse_Thymus4,38_82,10,13986.0,16000.0
Mouse_Thymus4,27_25,8,12886.0,10300.0
Mouse_Thymus4,10_49,4,11186.0,12700.0
Mouse_Thymus4,45_100,1,14686.0,17800.0
Mouse_Thymus4,4_42,6,10586.0,12000.0
Mouse_Thymus4,47_108,1,14886.0,18600.0
Mouse_Thymus4,53_33,1,15486.0,11100.0
Mouse_Thymus4,50_8,10,15186.0,8600.0
Mouse_Thymus4,15_40,9,11686.0,11800.0
Mouse_Thymus4,2_59,1,10386.0,13700.0
Mouse_Thymus4,13_32,6,11486.0,11000.0
Mouse_Thymus4,61_102,1,16286.0,18000.0
Mouse_Thymus4,39_30,9,14086.0,10800.0
Mouse_Thymus4,42_10,4,14386.0,8800.0
Mouse_Thymus4,31_70,3,13286.0,14800.0
Mouse_Thymus4,11_64,1,11286.0,14200.0
Mouse_Thymus4,16_45,3,11786.0,12300.0
Mouse_Thymus4,18_30,1,11986.0,10800.0
Mouse_Thymus4,55_44,7,15686.0,12200.0
Mouse_Thymus4,37_76,10,13886.0,15400.0
Mouse_Thymus4,30_21,4,13186.0,9900.0
Mouse_Thymus4,31_52,3,13286.0,13000.0
Mouse_Thymus4,43_104,1,14486.0,18200.0
Mouse_Thymus4,35_50,10,13686.0,12800.0
Mouse_Thymus4,42_43,1,14386.0,12100.0
Mouse_Thymus4,31_30,9,13286.0,10800.0
Mouse_Thymus4,9_48,4,11086.0,12600.0
Mouse_Thymus4,45_111,8,14686.0,18900.0
Mouse_Thymus4,20_66,9,12186.0,14400.0
Mouse_Thymus4,13_31,6,11486.0,10900.0
Mouse_Thymus4,41_76,3,14286.0,15400.0
Mouse_Thymus4,61_89,1,16286.0,16700.0
Mouse_Thymus4,56_35,4,15786.0,11300.0
Mouse_Thymus4,38_23,3,13986.0,10100.0
Mouse_Thymus4,27_53,3,12886.0,13100.0
Mouse_Thymus4,29_25,9,13086.0,10300.0
Mouse_Thymus4,31_78,10,13286.0,15600.0
Mouse_Thymus4,46_51,3,14786.0,12900.0
Mouse_Thymus4,27_45,1,12886.0,12300.0
Mouse_Thymus4,26_29,9,12786.0,10700.0
Mouse_Thymus4,66_3,3,16786.0,8100.0
Mouse_Thymus4,23_78,4,12486.0,15600.0
Mouse_Thymus4,20_33,11,12186.0,11100.0
Mouse_Thymus4,70_4,1,17186.0,8200.0
Mouse_Thymus4,51_43,11,15286.0,12100.0
Mouse_Thymus4,55_30,4,15686.0,10800.0
Mouse_Thymus4,48_99,3,14986.0,17700.0
Mouse_Thymus4,25_31,9,12686.0,10900.0
Mouse_Thymus4,44_54,9,14586.0,13200.0
Mouse_Thymus4,33_81,3,13486.0,15900.0
Mouse_Thymus4,48_109,10,14986.0,18700.0
Mouse_Thymus4,57_20,1,15886.0,9800.0
Mouse_Thymus4,53_43,4,15486.0,12100.0
Mouse_Thymus4,5_42,1,10686.0,12000.0
Mouse_Thymus4,30_76,9,13186.0,15400.0
Mouse_Thymus4,37_47,1,13886.0,12500.0
Mouse_Thymus4,43_74,4,14486.0,15200.0
Mouse_Thymus4,39_43,4,14086.0,12100.0
Mouse_Thymus4,53_96,3,15486.0,17400.0
Mouse_Thymus4,53_100,3,15486.0,17800.0
Mouse_Thymus4,8_55,4,10986.0,13300.0
Mouse_Thymus4,49_103,10,15086.0,18100.0
Mouse_Thymus4,26_86,1,12786.0,16400.0
Mouse_Thymus4,23_82,4,12486.0,16000.0
Mouse_Thymus4,28_78,10,12986.0,15600.0
Mouse_Thymus4,60_111,7,16186.0,18900.0
Mouse_Thymus4,23_64,3,12486.0,14200.0
Mouse_Thymus4,20_65,4,12186.0,14300.0
Mouse_Thymus4,57_28,4,15886.0,10600.0
Mouse_Thymus4,50_4,8,15186.0,8200.0
Mouse_Thymus4,33_59,9,13486.0,13700.0
Mouse_Thymus4,12_65,4,11386.0,14300.0
Mouse_Thymus4,48_95,3,14986.0,17300.0
Mouse_Thymus4,42_23,9,14386.0,10100.0
Mouse_Thymus4,58_4,10,15986.0,8200.0
Mouse_Thymus4,54_43,8,15586.0,12100.0
Mouse_Thymus4,39_82,1,14086.0,16000.0
Mouse_Thymus4,48_103,1,14986.0,18100.0
Mouse_Thymus4,50_24,4,15186.0,10200.0
Mouse_Thymus4,52_114,1,15386.0,19200.0
Mouse_Thymus4,10_51,4,11186.0,12900.0
Mouse_Thymus4,20_70,4,12186.0,14800.0
Mouse_Thymus4,53_84,10,15486.0,16200.0
Mouse_Thymus4,20_74,1,12186.0,15200.0
Mouse_Thymus4,59_1,6,16086.0,7900.0
Mouse_Thymus4,6_58,4,10786.0,13600.0
Mouse_Thymus4,46_37,1,14786.0,11500.0
Mouse_Thymus4,42_25,3,14386.0,10300.0
Mouse_Thymus4,18_74,4,11986.0,15200.0
Mouse_Thymus4,52_88,10,15386.0,16600.0
Mouse_Thymus4,57_3,1,15886.0,8100.0
Mouse_Thymus4,5_52,4,10686.0,13000.0
Mouse_Thymus4,48_45,1,14986.0,12300.0
Mouse_Thymus4,22_50,3,12386.0,12800.0
Mouse_Thymus4,39_56,9,14086.0,13400.0
Mouse_Thymus4,22_38,3,12386.0,11600.0
Mouse_Thymus4,20_53,1,12186.0,13100.0
Mouse_Thymus4,54_108,3,15586.0,18600.0
Mouse_Thymus4,32_16,7,13386.0,9400.0
Mouse_Thymus4,52_13,4,15386.0,9100.0
Mouse_Thymus4,42_96,10,14386.0,17400.0
Mouse_Thymus4,6_54,1,10786.0,13200.0
Mouse_Thymus4,57_24,4,15886.0,10200.0
Mouse_Thymus4,20_75,4,12186.0,15300.0
Mouse_Thymus4,49_16,10,15086.0,9400.0
Mouse_Thymus4,38_64,3,13986.0,14200.0
Mouse_Thymus4,34_92,8,13586.0,17000.0
Mouse_Thymus4,32_62,1,13386.0,14000.0
Mouse_Thymus4,28_76,10,12986.0,15400.0
Mouse_Thymus4,66_4,3,16786.0,8200.0
Mouse_Thymus4,43_17,3,14486.0,9500.0
Mouse_Thymus4,68_6,8,16986.0,8400.0
Mouse_Thymus4,61_36,7,16286.0,11400.0
Mouse_Thymus4,35_96,9,13686.0,17400.0
Mouse_Thymus4,43_44,4,14486.0,12200.0
Mouse_Thymus4,33_96,1,13486.0,17400.0
Mouse_Thymus4,51_111,3,15286.0,18900.0
Mouse_Thymus4,44_106,4,14586.0,18400.0
Mouse_Thymus4,56_27,1,15786.0,10500.0
Mouse_Thymus4,38_79,10,13986.0,15700.0
Mouse_Thymus4,35_74,10,13686.0,15200.0
Mouse_Thymus4,24_79,1,12586.0,15700.0
Mouse_Thymus4,35_59,10,13686.0,13700.0
Mouse_Thymus4,49_51,4,15086.0,12900.0
Mouse_Thymus4,38_62,9,13986.0,14000.0
Mouse_Thymus4,35_55,10,13686.0,13300.0
Mouse_Thymus4,56_107,1,15786.0,18500.0
Mouse_Thymus4,45_95,8,14686.0,17300.0
Mouse_Thymus4,42_71,9,14386.0,14900.0
Mouse_Thymus4,44_26,10,14586.0,10400.0
Mouse_Thymus4,70_6,7,17186.0,8400.0
Mouse_Thymus4,12_46,4,11386.0,12400.0
Mouse_Thymus4,41_84,10,14286.0,16200.0
Mouse_Thymus4,37_29,10,13886.0,10700.0
Mouse_Thymus4,39_90,1,14086.0,16800.0
Mouse_Thymus4,46_32,4,14786.0,11000.0
Mouse_Thymus4,60_10,9,16186.0,8800.0
Mouse_Thymus4,14_70,4,11586.0,14800.0
Mouse_Thymus4,36_35,8,13786.0,11300.0
Mouse_Thymus4,24_72,9,12586.0,15000.0
Mouse_Thymus4,47_79,3,14886.0,15700.0
Mouse_Thymus4,18_64,3,11986.0,14200.0
Mouse_Thymus4,41_45,4,14286.0,12300.0
Mouse_Thymus4,16_29,8,11786.0,10700.0
Mouse_Thymus4,10_55,4,11186.0,13300.0
Mouse_Thymus4,28_88,1,12986.0,16600.0
Mouse_Thymus4,64_2,1,16586.0,8000.0
Mouse_Thymus4,49_96,3,15086.0,17400.0
Mouse_Thymus4,24_30,9,12586.0,10800.0
Mouse_Thymus4,39_10,8,14086.0,8800.0
Mouse_Thymus4,34_75,9,13586.0,15300.0
Mouse_Thymus4,46_19,3,14786.0,9700.0
Mouse_Thymus4,25_67,3,12686.0,14500.0
Mouse_Thymus4,6_35,1,10786.0,11300.0
Mouse_Thymus4,59_7,10,16086.0,8500.0
Mouse_Thymus4,16_58,4,11786.0,13600.0
Mouse_Thymus4,16_61,1,11786.0,13900.0
Mouse_Thymus4,48_115,1,14986.0,19300.0
Mouse_Thymus4,27_93,7,12886.0,17100.0
Mouse_Thymus4,21_48,3,12286.0,12600.0
Mouse_Thymus4,24_82,1,12586.0,16000.0
Mouse_Thymus4,59_15,4,16086.0,9300.0
Mouse_Thymus4,16_75,1,11786.0,15300.0
Mouse_Thymus4,24_36,3,12586.0,11400.0
Mouse_Thymus4,22_45,3,12386.0,12300.0
Mouse_Thymus4,53_22,4,15486.0,10000.0
Mouse_Thymus4,21_78,4,12286.0,15600.0
Mouse_Thymus4,47_72,6,14886.0,15000.0
Mouse_Thymus4,53_27,4,15486.0,10500.0
Mouse_Thymus4,52_78,1,15386.0,15600.0
Mouse_Thymus4,27_70,3,12886.0,14800.0
Mouse_Thymus4,53_101,3,15486.0,17900.0
Mouse_Thymus4,35_34,3,13686.0,11200.0
Mouse_Thymus4,37_86,8,13886.0,16400.0
Mouse_Thymus4,64_7,8,16586.0,8500.0
Mouse_Thymus4,49_7,1,15086.0,8500.0
Mouse_Thymus4,52_2,8,15386.0,8000.0
Mouse_Thymus4,36_12,6,13786.0,9000.0
Mouse_Thymus4,52_25,4,15386.0,10300.0
Mouse_Thymus4,11_49,4,11286.0,12700.0
Mouse_Thymus4,36_57,9,13786.0,13500.0
Mouse_Thymus4,41_64,10,14286.0,14200.0
Mouse_Thymus4,44_90,9,14586.0,16800.0
Mouse_Thymus4,50_101,9,15186.0,17900.0
Mouse_Thymus4,31_54,3,13286.0,13200.0
Mouse_Thymus4,32_25,9,13386.0,10300.0
Mouse_Thymus4,55_84,1,15686.0,16200.0
Mouse_Thymus4,15_64,4,11686.0,14200.0
Mouse_Thymus4,20_77,6,12186.0,15500.0
Mouse_Thymus4,51_44,11,15286.0,12200.0
Mouse_Thymus4,49_4,6,15086.0,8200.0
Mouse_Thymus4,47_78,4,14886.0,15600.0
Mouse_Thymus4,31_86,9,13286.0,16400.0
Mouse_Thymus4,46_53,9,14786.0,13100.0
Mouse_Thymus4,57_87,8,15886.0,16500.0
Mouse_Thymus4,44_14,9,14586.0,9200.0
Mouse_Thymus4,9_35,1,11086.0,11300.0
Mouse_Thymus4,25_29,10,12686.0,10700.0
Mouse_Thymus4,23_79,8,12486.0,15700.0
Mouse_Thymus4,47_84,3,14886.0,16200.0
Mouse_Thymus4,7_35,6,10886.0,11300.0
Mouse_Thymus4,38_12,6,13986.0,9000.0
Mouse_Thymus4,33_49,3,13486.0,12700.0
Mouse_Thymus4,60_14,4,16186.0,9200.0
Mouse_Thymus4,8_54,4,10986.0,13200.0
Mouse_Thymus4,29_66,9,13086.0,14400.0
Mouse_Thymus4,57_117,8,15886.0,19500.0
Mouse_Thymus4,10_59,4,11186.0,13700.0
Mouse_Thymus4,61_95,1,16286.0,17300.0
Mouse_Thymus4,27_85,1,12886.0,16300.0
Mouse_Thymus4,24_63,3,12586.0,14100.0
Mouse_Thymus4,48_22,11,14986.0,10000.0
Mouse_Thymus4,62_7,9,16386.0,8500.0
Mouse_Thymus4,26_83,8,12786.0,16100.0
Mouse_Thymus4,41_67,1,14286.0,14500.0
Mouse_Thymus4,35_63,10,13686.0,14100.0
Mouse_Thymus4,57_96,10,15886.0,17400.0
Mouse_Thymus4,38_29,9,13986.0,10700.0
Mouse_Thymus4,49_17,9,15086.0,9500.0
Mouse_Thymus4,57_2,8,15886.0,8000.0
Mouse_Thymus4,36_68,10,13786.0,14600.0
Mouse_Thymus4,51_91,3,15286.0,16900.0
Mouse_Thymus4,4_53,1,10586.0,13100.0
Mouse_Thymus4,41_25,3,14286.0,10300.0
Mouse_Thymus4,51_74,1,15286.0,15200.0
Mouse_Thymus4,34_51,3,13586.0,12900.0
Mouse_Thymus4,37_31,3,13886.0,10900.0
Mouse_Thymus4,53_107,3,15486.0,18500.0
Mouse_Thymus4,29_76,3,13086.0,15400.0
Mouse_Thymus4,52_75,1,15386.0,15300.0
Mouse_Thymus4,18_72,1,11986.0,15000.0
Mouse_Thymus4,62_93,1,16386.0,17100.0
Mouse_Thymus4,62_1,1,16386.0,7900.0
Mouse_Thymus4,31_27,3,13286.0,10500.0
Mouse_Thymus4,16_40,9,11786.0,11800.0
Mouse_Thymus4,22_57,10,12386.0,13500.0
Mouse_Thymus4,48_101,1,14986.0,17900.0
Mouse_Thymus4,51_103,3,15286.0,18100.0
Mouse_Thymus4,70_2,8,17186.0,8000.0
Mouse_Thymus4,50_28,6,15186.0,10600.0
Mouse_Thymus4,22_47,3,12386.0,12500.0
Mouse_Thymus4,50_47,4,15186.0,12500.0
Mouse_Thymus4,62_96,1,16386.0,17400.0
Mouse_Thymus4,26_48,3,12786.0,12600.0
Mouse_Thymus4,4_48,4,10586.0,12600.0
Mouse_Thymus4,26_91,6,12786.0,16900.0
Mouse_Thymus4,67_0,6,16886.0,7800.0
Mouse_Thymus4,57_115,8,15886.0,19300.0
Mouse_Thymus4,17_51,10,11886.0,12900.0
Mouse_Thymus4,36_25,3,13786.0,10300.0
Mouse_Thymus4,14_49,1,11586.0,12700.0
Mouse_Thymus4,40_60,4,14186.0,13800.0
Mouse_Thymus4,19_83,10,12086.0,16100.0
Mouse_Thymus4,43_52,3,14486.0,13000.0
Mouse_Thymus4,20_27,6,12186.0,10500.0
Mouse_Thymus4,21_32,4,12286.0,11000.0
Mouse_Thymus4,40_57,3,14186.0,13500.0
Mouse_Thymus4,24_50,3,12586.0,12800.0
Mouse_Thymus4,52_103,3,15386.0,18100.0
Mouse_Thymus4,26_70,3,12786.0,14800.0
Mouse_Thymus4,13_68,4,11486.0,14600.0
Mouse_Thymus4,72_2,7,17386.0,8000.0
Mouse_Thymus4,49_72,7,15086.0,15000.0
Mouse_Thymus4,23_71,9,12486.0,14900.0
Mouse_Thymus4,4_54,4,10586.0,13200.0
Mouse_Thymus4,47_110,1,14886.0,18800.0
Mouse_Thymus4,16_41,3,11786.0,11900.0
Mouse_Thymus4,44_52,3,14586.0,13000.0
Mouse_Thymus4,15_63,4,11686.0,14100.0
Mouse_Thymus4,59_25,1,16086.0,10300.0
Mouse_Thymus4,31_73,9,13286.0,15100.0
Mouse_Thymus4,49_93,3,15086.0,17100.0
Mouse_Thymus4,8_46,4,10986.0,12400.0
Mouse_Thymus4,56_92,10,15786.0,17000.0
Mouse_Thymus4,52_79,1,15386.0,15700.0
Mouse_Thymus4,44_76,9,14586.0,15400.0
Mouse_Thymus4,30_75,10,13186.0,15300.0
Mouse_Thymus4,46_11,9,14786.0,8900.0
Mouse_Thymus4,59_95,1,16086.0,17300.0
Mouse_Thymus4,33_42,8,13486.0,12000.0
Mouse_Thymus4,23_52,3,12486.0,13000.0
Mouse_Thymus4,54_103,9,15586.0,18100.0
Mouse_Thymus4,61_30,1,16286.0,10800.0
Mouse_Thymus4,54_40,4,15586.0,11800.0
Mouse_Thymus4,39_67,3,14086.0,14500.0
Mouse_Thymus4,16_34,4,11786.0,11200.0
Mouse_Thymus4,45_37,1,14686.0,11500.0
Mouse_Thymus4,48_7,8,14986.0,8500.0
Mouse_Thymus4,23_42,3,12486.0,12000.0
Mouse_Thymus4,31_53,3,13286.0,13100.0
Mouse_Thymus4,62_33,9,16386.0,11100.0
Mouse_Thymus4,41_104,7,14286.0,18200.0
Mouse_Thymus4,23_36,8,12486.0,11400.0
Mouse_Thymus4,30_64,1,13186.0,14200.0
Mouse_Thymus4,34_63,10,13586.0,14100.0
Mouse_Thymus4,38_52,3,13986.0,13000.0
Mouse_Thymus4,54_45,7,15586.0,12300.0
Mouse_Thymus4,26_75,1,12786.0,15300.0
Mouse_Thymus4,43_83,3,14486.0,16100.0
Mouse_Thymus4,27_81,10,12886.0,15900.0
Mouse_Thymus4,31_91,10,13286.0,16900.0
Mouse_Thymus4,45_91,3,14686.0,16900.0
Mouse_Thymus4,35_73,4,13686.0,15100.0
Mouse_Thymus4,49_43,4,15086.0,12100.0
Mouse_Thymus4,49_94,3,15086.0,17200.0
Mouse_Thymus4,45_6,6,14686.0,8400.0
Mouse_Thymus4,47_17,3,14886.0,9500.0
Mouse_Thymus4,40_37,11,14186.0,11500.0
Mouse_Thymus4,15_59,4,11686.0,13700.0
Mouse_Thymus4,17_61,1,11886.0,13900.0
Mouse_Thymus4,59_37,1,16086.0,11500.0
Mouse_Thymus4,20_43,3,12186.0,12100.0
Mouse_Thymus4,31_55,3,13286.0,13300.0
Mouse_Thymus4,33_79,9,13486.0,15700.0
Mouse_Thymus4,36_85,10,13786.0,16300.0
Mouse_Thymus4,30_88,9,13186.0,16600.0
Mouse_Thymus4,32_44,3,13386.0,12200.0
Mouse_Thymus4,4_51,8,10586.0,12900.0
Mouse_Thymus4,53_9,9,15486.0,8700.0
Mouse_Thymus4,27_69,9,12886.0,14700.0
Mouse_Thymus4,60_28,4,16186.0,10600.0
Mouse_Thymus4,36_81,8,13786.0,15900.0
Mouse_Thymus4,35_51,3,13686.0,12900.0
Mouse_Thymus4,48_102,10,14986.0,18000.0
Mouse_Thymus4,17_47,3,11886.0,12500.0
Mouse_Thymus4,27_78,10,12886.0,15600.0
Mouse_Thymus4,43_81,3,14486.0,15900.0
Mouse_Thymus4,40_88,4,14186.0,16600.0
Mouse_Thymus4,37_64,9,13886.0,14200.0
Mouse_Thymus4,15_49,8,11686.0,12700.0
Mouse_Thymus4,56_29,1,15786.0,10700.0
Mouse_Thymus4,30_35,10,13186.0,11300.0
Mouse_Thymus4,3_54,4,10486.0,13200.0
Mouse_Thymus4,47_103,1,14886.0,18100.0
Mouse_Thymus4,1_55,1,10286.0,13300.0
Mouse_Thymus4,27_54,3,12886.0,13200.0
Mouse_Thymus4,69_3,8,17086.0,8100.0
Mouse_Thymus4,64_25,1,16586.0,10300.0
Mouse_Thymus4,30_65,9,13186.0,14300.0
Mouse_Thymus4,22_26,8,12386.0,10400.0
Mouse_Thymus4,34_69,10,13586.0,14700.0
Mouse_Thymus4,41_103,1,14286.0,18100.0
Mouse_Thymus4,45_8,1,14686.0,8600.0
Mouse_Thymus4,35_41,4,13686.0,11900.0
Mouse_Thymus4,24_33,3,12586.0,11100.0
Mouse_Thymus4,36_34,3,13786.0,11200.0
Mouse_Thymus4,19_48,3,12086.0,12600.0
Mouse_Thymus4,17_66,3,11886.0,14400.0
Mouse_Thymus4,27_88,1,12886.0,16600.0
Mouse_Thymus4,23_49,3,12486.0,12700.0
Mouse_Thymus4,60_90,1,16186.0,16800.0
Mouse_Thymus4,20_63,10,12186.0,14100.0
Mouse_Thymus4,45_33,1,14686.0,11100.0
Mouse_Thymus4,6_52,4,10786.0,13000.0
Mouse_Thymus4,23_67,3,12486.0,14500.0
Mouse_Thymus4,47_92,3,14886.0,17000.0
Mouse_Thymus4,0_55,1,10186.0,13300.0
Mouse_Thymus4,61_9,3,16286.0,8700.0
Mouse_Thymus4,12_51,4,11386.0,12900.0
Mouse_Thymus4,56_114,1,15786.0,19200.0
Mouse_Thymus4,34_72,8,13586.0,15000.0
Mouse_Thymus4,47_90,3,14886.0,16800.0
Mouse_Thymus4,41_49,3,14286.0,12700.0
Mouse_Thymus4,47_36,1,14886.0,11400.0
Mouse_Thymus4,45_15,3,14686.0,9300.0
Mouse_Thymus4,38_34,9,13986.0,11200.0
Mouse_Thymus4,45_48,3,14686.0,12600.0
Mouse_Thymus4,37_36,4,13886.0,11400.0
Mouse_Thymus4,24_76,10,12586.0,15400.0
Mouse_Thymus4,39_53,10,14086.0,13100.0
Mouse_Thymus4,42_105,7,14386.0,18300.0
Mouse_Thymus4,19_72,4,12086.0,15000.0
Mouse_Thymus4,57_82,1,15886.0,16000.0
Mouse_Thymus4,55_107,10,15686.0,18500.0
Mouse_Thymus4,38_32,3,13986.0,11000.0
Mouse_Thymus4,43_12,4,14486.0,9000.0
Mouse_Thymus4,56_42,1,15786.0,12000.0
Mouse_Thymus4,44_24,11,14586.0,10200.0
Mouse_Thymus4,44_12,4,14586.0,9000.0
Mouse_Thymus4,22_76,3,12386.0,15400.0
Mouse_Thymus4,51_117,7,15286.0,19500.0
Mouse_Thymus4,52_112,3,15386.0,19000.0
Mouse_Thymus4,36_77,8,13786.0,15500.0
Mouse_Thymus4,51_40,4,15286.0,11800.0
Mouse_Thymus4,56_31,1,15786.0,10900.0
Mouse_Thymus4,67_5,1,16886.0,8300.0
Mouse_Thymus4,50_5,1,15186.0,8300.0
Mouse_Thymus4,19_35,4,12086.0,11300.0
Mouse_Thymus4,40_23,3,14186.0,10100.0
Mouse_Thymus4,42_92,1,14386.0,17000.0
Mouse_Thymus4,40_82,1,14186.0,16000.0
Mouse_Thymus4,34_78,10,13586.0,15600.0
Mouse_Thymus4,44_11,4,14586.0,8900.0
Mouse_Thymus4,59_10,3,16086.0,8800.0
Mouse_Thymus4,40_71,10,14186.0,14900.0
Mouse_Thymus4,38_14,4,13986.0,9200.0
Mouse_Thymus4,18_71,6,11986.0,14900.0
Mouse_Thymus4,47_51,9,14886.0,12900.0
Mouse_Thymus4,54_86,1,15586.0,16400.0
Mouse_Thymus4,39_36,11,14086.0,11400.0
Mouse_Thymus4,37_23,3,13886.0,10100.0
Mouse_Thymus4,27_21,6,12886.0,9900.0
Mouse_Thymus4,9_33,8,11086.0,11100.0
Mouse_Thymus4,15_72,1,11686.0,15000.0
Mouse_Thymus4,60_97,1,16186.0,17500.0
Mouse_Thymus4,10_61,4,11186.0,13900.0
Mouse_Thymus4,36_16,4,13786.0,9400.0
Mouse_Thymus4,40_21,3,14186.0,9900.0
Mouse_Thymus4,18_61,1,11986.0,13900.0
Mouse_Thymus4,48_36,4,14986.0,11400.0
Mouse_Thymus4,24_73,10,12586.0,15100.0
Mouse_Thymus4,33_88,10,13486.0,16600.0
Mouse_Thymus4,14_60,8,11586.0,13800.0
Mouse_Thymus4,21_24,7,12286.0,10200.0
Mouse_Thymus4,21_31,4,12286.0,10900.0
Mouse_Thymus4,54_118,1,15586.0,19600.0
Mouse_Thymus4,46_48,3,14786.0,12600.0
Mouse_Thymus4,31_94,4,13286.0,17200.0
Mouse_Thymus4,44_40,4,14586.0,11800.0
Mouse_Thymus4,44_30,1,14586.0,10800.0
Mouse_Thymus4,29_35,4,13086.0,11300.0
Mouse_Thymus4,57_81,1,15886.0,15900.0
Mouse_Thymus4,39_48,4,14086.0,12600.0
Mouse_Thymus4,36_30,9,13786.0,10800.0
Mouse_Thymus4,55_31,4,15686.0,10900.0
Mouse_Thymus4,49_12,3,15086.0,9000.0
Mouse_Thymus4,48_49,9,14986.0,12700.0
Mouse_Thymus4,64_3,6,16586.0,8100.0
Mouse_Thymus4,47_47,3,14886.0,12500.0
Mouse_Thymus4,23_44,3,12486.0,12200.0
Mouse_Thymus4,7_61,1,10886.0,13900.0
Mouse_Thymus4,24_84,1,12586.0,16200.0
Mouse_Thymus4,45_89,9,14686.0,16700.0
Mouse_Thymus4,45_82,3,14686.0,16000.0
Mouse_Thymus4,37_33,3,13886.0,11100.0
Mouse_Thymus4,52_107,3,15386.0,18500.0
Mouse_Thymus4,63_0,6,16486.0,7800.0
Mouse_Thymus4,51_47,4,15286.0,12500.0
Mouse_Thymus4,54_37,10,15586.0,11500.0
Mouse_Thymus4,8_59,4,10986.0,13700.0
Mouse_Thymus4,50_81,10,15186.0,15900.0
Mouse_Thymus4,9_63,1,11086.0,14100.0
Mouse_Thymus4,31_51,3,13286.0,12900.0
Mouse_Thymus4,47_35,4,14886.0,11300.0
Mouse_Thymus4,64_24,6,16586.0,10200.0
Mouse_Thymus4,32_72,3,13386.0,15000.0
Mouse_Thymus4,22_44,3,12386.0,12200.0
Mouse_Thymus4,56_115,1,15786.0,19300.0
Mouse_Thymus4,54_23,4,15586.0,10100.0
Mouse_Thymus4,53_35,4,15486.0,11300.0
Mouse_Thymus4,45_81,3,14686.0,15900.0
Mouse_Thymus4,15_71,1,11686.0,14900.0
Mouse_Thymus4,30_25,9,13186.0,10300.0
Mouse_Thymus4,50_76,1,15186.0,15400.0
Mouse_Thymus4,42_80,3,14386.0,15800.0
Mouse_Thymus4,35_86,8,13686.0,16400.0
Mouse_Thymus4,41_91,10,14286.0,16900.0
Mouse_Thymus4,22_72,3,12386.0,15000.0
Mouse_Thymus4,50_87,3,15186.0,16500.0
Mouse_Thymus4,32_69,9,13386.0,14700.0
Mouse_Thymus4,43_72,10,14486.0,15000.0
Mouse_Thymus4,27_62,3,12886.0,14000.0
Mouse_Thymus4,59_101,1,16086.0,17900.0
Mouse_Thymus4,44_80,3,14586.0,15800.0
Mouse_Thymus4,7_52,4,10886.0,13000.0
Mouse_Thymus4,27_60,3,12886.0,13800.0
Mouse_Thymus4,8_62,1,10986.0,14000.0
Mouse_Thymus4,46_39,1,14786.0,11700.0
Mouse_Thymus4,50_99,10,15186.0,17700.0
Mouse_Thymus4,34_80,8,13586.0,15800.0
Mouse_Thymus4,42_11,6,14386.0,8900.0
Mouse_Thymus4,35_30,8,13686.0,10800.0
Mouse_Thymus4,52_97,3,15386.0,17500.0
Mouse_Thymus4,42_99,1,14386.0,17700.0
Mouse_Thymus4,28_40,3,12986.0,11800.0
Mouse_Thymus4,31_80,3,13286.0,15800.0
Mouse_Thymus4,35_49,8,13686.0,12700.0
Mouse_Thymus4,38_51,3,13986.0,12900.0
Mouse_Thymus4,59_17,1,16086.0,9500.0
Mouse_Thymus4,24_87,7,12586.0,16500.0
Mouse_Thymus4,18_37,9,11986.0,11500.0
Mouse_Thymus4,27_92,7,12886.0,17000.0
Mouse_Thymus4,31_38,1,13286.0,11600.0
Mouse_Thymus4,43_100,4,14486.0,17800.0
Mouse_Thymus4,33_45,9,13486.0,12300.0
Mouse_Thymus4,27_83,1,12886.0,16100.0
Mouse_Thymus4,27_42,10,12886.0,12000.0
Mouse_Thymus4,53_88,10,15486.0,16600.0
Mouse_Thymus4,54_13,4,15586.0,9100.0
Mouse_Thymus4,20_78,1,12186.0,15600.0
Mouse_Thymus4,16_72,1,11786.0,15000.0
Mouse_Thymus4,58_95,1,15986.0,17300.0
Mouse_Thymus4,24_38,3,12586.0,11600.0
Mouse_Thymus4,34_64,4,13586.0,14200.0
Mouse_Thymus4,38_63,3,13986.0,14100.0
Mouse_Thymus4,29_57,3,13086.0,13500.0
Mouse_Thymus4,56_80,1,15786.0,15800.0
Mouse_Thymus4,41_96,1,14286.0,17400.0
Mouse_Thymus4,7_45,1,10886.0,12300.0
Mouse_Thymus4,62_92,1,16386.0,17000.0
Mouse_Thymus4,54_91,1,15586.0,16900.0
Mouse_Thymus4,3_56,1,10486.0,13400.0
Mouse_Thymus4,0_56,1,10186.0,13400.0
Mouse_Thymus4,59_103,1,16086.0,18100.0
Mouse_Thymus4,57_21,4,15886.0,9900.0
Mouse_Thymus4,12_62,1,11386.0,14000.0
Mouse_Thymus4,57_101,10,15886.0,17900.0
Mouse_Thymus4,27_68,3,12886.0,14600.0
Mouse_Thymus4,42_97,9,14386.0,17500.0
Mouse_Thymus4,43_107,1,14486.0,18500.0
Mouse_Thymus4,62_26,1,16386.0,10400.0
Mouse_Thymus4,55_96,9,15686.0,17400.0
Mouse_Thymus4,34_28,9,13586.0,10600.0
Mouse_Thymus4,26_78,1,12786.0,15600.0
Mouse_Thymus4,33_38,4,13486.0,11600.0
Mouse_Thymus4,43_38,1,14486.0,11600.0
Mouse_Thymus4,62_14,1,16386.0,9200.0
Mouse_Thymus4,23_75,3,12486.0,15300.0
Mouse_Thymus4,13_56,4,11486.0,13400.0
Mouse_Thymus4,24_53,10,12586.0,13100.0
Mouse_Thymus4,60_27,4,16186.0,10500.0
Mouse_Thymus4,33_68,9,13486.0,14600.0
Mouse_Thymus4,33_61,4,13486.0,13900.0
Mouse_Thymus4,37_88,10,13886.0,16600.0
Mouse_Thymus4,61_90,8,16286.0,16800.0
Mouse_Thymus4,44_72,1,14586.0,15000.0
Mouse_Thymus4,48_88,3,14986.0,16600.0
Mouse_Thymus4,21_85,1,12286.0,16300.0
Mouse_Thymus4,41_50,3,14286.0,12800.0
Mouse_Thymus4,11_40,4,11286.0,11800.0
Mouse_Thymus4,39_26,3,14086.0,10400.0
Mouse_Thymus4,30_29,3,13186.0,10700.0
Mouse_Thymus4,57_31,6,15886.0,10900.0
Mouse_Thymus4,35_22,9,13686.0,10000.0
Mouse_Thymus4,21_49,3,12286.0,12700.0
Mouse_Thymus4,62_95,1,16386.0,17300.0
Mouse_Thymus4,26_87,4,12786.0,16500.0
Mouse_Thymus4,16_64,4,11786.0,14200.0
Mouse_Thymus4,27_84,10,12886.0,16200.0
Mouse_Thymus4,40_55,3,14186.0,13300.0
Mouse_Thymus4,54_44,1,15586.0,12200.0
Mouse_Thymus4,12_53,4,11386.0,13100.0
Mouse_Thymus4,19_43,3,12086.0,12100.0
Mouse_Thymus4,35_36,10,13686.0,11400.0
Mouse_Thymus4,54_39,11,15586.0,11700.0
Mouse_Thymus4,27_82,10,12886.0,16000.0
Mouse_Thymus4,39_81,10,14086.0,15900.0
Mouse_Thymus4,38_35,1,13986.0,11300.0
Mouse_Thymus4,13_41,8,11486.0,11900.0
Mouse_Thymus4,48_27,1,14986.0,10500.0
Mouse_Thymus4,10_53,8,11186.0,13100.0
Mouse_Thymus4,43_92,1,14486.0,17000.0
Mouse_Thymus4,40_93,1,14186.0,17100.0
Mouse_Thymus4,29_75,9,13086.0,15300.0
Mouse_Thymus4,15_55,8,11686.0,13300.0
Mouse_Thymus4,18_53,10,11986.0,13100.0
Mouse_Thymus4,34_61,11,13586.0,13900.0
Mouse_Thymus4,37_16,1,13886.0,9400.0
Mouse_Thymus4,54_15,4,15586.0,9300.0
Mouse_Thymus4,6_60,1,10786.0,13800.0
Mouse_Thymus4,44_105,4,14586.0,18300.0
Mouse_Thymus4,49_15,10,15086.0,9300.0
Mouse_Thymus4,23_29,4,12486.0,10700.0
Mouse_Thymus4,52_21,1,15386.0,9900.0
Mouse_Thymus4,50_27,6,15186.0,10500.0
Mouse_Thymus4,21_83,1,12286.0,16100.0
Mouse_Thymus4,58_25,4,15986.0,10300.0
Mouse_Thymus4,11_55,4,11286.0,13300.0
Mouse_Thymus4,26_49,3,12786.0,12700.0
Mouse_Thymus4,47_42,9,14886.0,12000.0
Mouse_Thymus4,30_53,3,13186.0,13100.0
Mouse_Thymus4,28_19,10,12986.0,9700.0
Mouse_Thymus4,38_37,11,13986.0,11500.0
Mouse_Thymus4,44_50,3,14586.0,12800.0
Mouse_Thymus4,43_69,1,14486.0,14700.0
Mouse_Thymus4,34_40,4,13586.0,11800.0
Mouse_Thymus4,15_34,4,11686.0,11200.0
Mouse_Thymus4,42_49,3,14386.0,12700.0
Mouse_Thymus4,27_40,3,12886.0,11800.0
Mouse_Thymus4,46_41,4,14786.0,11900.0
Mouse_Thymus4,41_72,9,14286.0,15000.0
Mouse_Thymus4,37_65,3,13886.0,14300.0
Mouse_Thymus4,38_65,3,13986.0,14300.0
Mouse_Thymus4,39_64,3,14086.0,14200.0
Mouse_Thymus4,50_15,10,15186.0,9300.0
Mouse_Thymus4,58_112,1,15986.0,19000.0
Mouse_Thymus4,13_64,6,11486.0,14200.0
Mouse_Thymus4,62_34,6,16386.0,11200.0
Mouse_Thymus4,51_85,3,15286.0,16300.0
Mouse_Thymus4,50_104,3,15186.0,18200.0
Mouse_Thymus4,60_100,1,16186.0,17800.0
Mouse_Thymus4,42_69,4,14386.0,14700.0
Mouse_Thymus4,56_3,1,15786.0,8100.0
Mouse_Thymus4,45_25,4,14686.0,10300.0
Mouse_Thymus4,31_58,10,13286.0,13600.0
Mouse_Thymus4,46_92,3,14786.0,17000.0
Mouse_Thymus4,43_29,1,14486.0,10700.0
Mouse_Thymus4,27_32,3,12886.0,11000.0
Mouse_Thymus4,36_36,10,13786.0,11400.0
Mouse_Thymus4,49_29,6,15086.0,10700.0
Mouse_Thymus4,23_65,3,12486.0,14300.0
Mouse_Thymus4,43_76,3,14486.0,15400.0
Mouse_Thymus4,38_21,3,13986.0,9900.0
Mouse_Thymus4,42_101,4,14386.0,17900.0
Mouse_Thymus4,50_88,3,15186.0,16600.0
Mouse_Thymus4,28_30,3,12986.0,10800.0
Mouse_Thymus4,61_101,1,16286.0,17900.0
Mouse_Thymus4,54_21,4,15586.0,9900.0
Mouse_Thymus4,39_16,4,14086.0,9400.0
Mouse_Thymus4,49_5,4,15086.0,8300.0
Mouse_Thymus4,58_16,4,15986.0,9400.0
Mouse_Thymus4,15_39,4,11686.0,11700.0
Mouse_Thymus4,13_54,8,11486.0,13200.0
Mouse_Thymus4,61_103,1,16286.0,18100.0
Mouse_Thymus4,42_82,3,14386.0,16000.0
Mouse_Thymus4,66_1,1,16786.0,7900.0
Mouse_Thymus4,50_12,3,15186.0,9000.0
Mouse_Thymus4,58_38,1,15986.0,11600.0
Mouse_Thymus4,42_100,8,14386.0,17800.0
Mouse_Thymus4,43_84,10,14486.0,16200.0
Mouse_Thymus4,35_42,8,13686.0,12000.0
Mouse_Thymus4,28_60,3,12986.0,13800.0
Mouse_Thymus4,59_26,4,16086.0,10400.0
Mouse_Thymus4,60_15,4,16186.0,9300.0
Mouse_Thymus4,36_82,1,13786.0,16000.0
Mouse_Thymus4,18_58,10,11986.0,13600.0
Mouse_Thymus4,25_50,3,12686.0,12800.0
Mouse_Thymus4,26_90,1,12786.0,16800.0
Mouse_Thymus4,57_30,1,15886.0,10800.0
Mouse_Thymus4,50_23,4,15186.0,10100.0
Mouse_Thymus4,18_56,10,11986.0,13400.0
Mouse_Thymus4,50_105,3,15186.0,18300.0
Mouse_Thymus4,50_78,1,15186.0,15600.0
Mouse_Thymus4,46_74,10,14786.0,15200.0
Mouse_Thymus4,38_66,9,13986.0,14400.0
Mouse_Thymus4,56_4,1,15786.0,8200.0
Mouse_Thymus4,51_18,1,15286.0,9600.0
Mouse_Thymus4,58_14,4,15986.0,9200.0
Mouse_Thymus4,56_23,1,15786.0,10100.0
Mouse_Thymus4,46_12,9,14786.0,9000.0
Mouse_Thymus4,50_93,3,15186.0,17100.0
Mouse_Thymus4,38_24,3,13986.0,10200.0
Mouse_Thymus4,53_15,1,15486.0,9300.0
Mouse_Thymus4,31_43,3,13286.0,12100.0
Mouse_Thymus4,19_38,3,12086.0,11600.0
Mouse_Thymus4,44_7,8,14586.0,8500.0
Mouse_Thymus4,14_44,4,11586.0,12200.0
Mouse_Thymus4,16_39,8,11786.0,11700.0
Mouse_Thymus4,16_67,4,11786.0,14500.0
Mouse_Thymus4,25_83,4,12686.0,16100.0
Mouse_Thymus4,50_94,3,15186.0,17200.0
Mouse_Thymus4,16_43,3,11786.0,12100.0
Mouse_Thymus4,26_65,3,12786.0,14300.0
Mouse_Thymus4,40_9,7,14186.0,8700.0
Mouse_Thymus4,37_44,4,13886.0,12200.0
Mouse_Thymus4,42_91,1,14386.0,16900.0
Mouse_Thymus4,64_12,7,16586.0,9000.0
Mouse_Thymus4,22_32,9,12386.0,11000.0
Mouse_Thymus4,50_36,4,15186.0,11400.0
Mouse_Thymus4,57_103,4,15886.0,18100.0
Mouse_Thymus4,24_59,3,12586.0,13700.0
Mouse_Thymus4,63_22,8,16486.0,10000.0
Mouse_Thymus4,50_30,8,15186.0,10800.0
Mouse_Thymus4,32_27,9,13386.0,10500.0
Mouse_Thymus4,36_94,10,13786.0,17200.0
Mouse_Thymus4,1_53,1,10286.0,13100.0
Mouse_Thymus4,6_39,1,10786.0,11700.0
Mouse_Thymus4,18_54,4,11986.0,13200.0
Mouse_Thymus4,41_58,9,14286.0,13600.0
Mouse_Thymus4,56_95,8,15786.0,17300.0
Mouse_Thymus4,43_67,1,14486.0,14500.0
Mouse_Thymus4,17_55,8,11886.0,13300.0
Mouse_Thymus4,20_68,8,12186.0,14600.0
Mouse_Thymus4,41_90,8,14286.0,16800.0
Mouse_Thymus4,29_26,3,13086.0,10400.0
Mouse_Thymus4,21_38,3,12286.0,11600.0
Mouse_Thymus4,6_56,4,10786.0,13400.0
Mouse_Thymus4,43_49,3,14486.0,12700.0
Mouse_Thymus4,48_77,1,14986.0,15500.0
Mouse_Thymus4,62_100,1,16386.0,17800.0
Mouse_Thymus4,10_31,7,11186.0,10900.0
Mouse_Thymus4,37_96,4,13886.0,17400.0
Mouse_Thymus4,34_94,9,13586.0,17200.0
Mouse_Thymus4,36_75,10,13786.0,15300.0
Mouse_Thymus4,27_79,4,12886.0,15700.0
Mouse_Thymus4,59_35,8,16086.0,11300.0
Mouse_Thymus4,44_35,11,14586.0,11300.0
Mouse_Thymus4,35_15,4,13686.0,9300.0
Mouse_Thymus4,15_67,4,11686.0,14500.0
Mouse_Thymus4,33_93,4,13486.0,17100.0
Mouse_Thymus4,21_80,8,12286.0,15800.0
Mouse_Thymus4,60_33,4,16186.0,11100.0
Mouse_Thymus4,17_46,3,11886.0,12400.0
Mouse_Thymus4,58_29,1,15986.0,10700.0
Mouse_Thymus4,51_31,4,15286.0,10900.0
Mouse_Thymus4,5_47,6,10686.0,12500.0
Mouse_Thymus4,41_52,3,14286.0,13000.0
Mouse_Thymus4,38_50,3,13986.0,12800.0
Mouse_Thymus4,6_44,1,10786.0,12200.0
Mouse_Thymus4,23_59,1,12486.0,13700.0
Mouse_Thymus4,6_57,1,10786.0,13500.0
Mouse_Thymus4,12_54,8,11386.0,13200.0
Mouse_Thymus4,42_60,1,14386.0,13800.0
Mouse_Thymus4,59_94,4,16086.0,17200.0
Mouse_Thymus4,23_63,3,12486.0,14100.0
Mouse_Thymus4,38_94,1,13986.0,17200.0
Mouse_Thymus4,18_63,8,11986.0,14100.0
Mouse_Thymus4,57_110,1,15886.0,18800.0
Mouse_Thymus4,56_97,1,15786.0,17500.0
Mouse_Thymus4,38_87,1,13986.0,16500.0
Mouse_Thymus4,68_8,1,16986.0,8600.0
Mouse_Thymus4,47_76,3,14886.0,15400.0
Mouse_Thymus4,19_64,4,12086.0,14200.0
Mouse_Thymus4,62_24,1,16386.0,10200.0
Mouse_Thymus4,62_8,8,16386.0,8600.0
Mouse_Thymus4,45_45,11,14686.0,12300.0
Mouse_Thymus4,33_21,4,13486.0,9900.0
Mouse_Thymus4,29_63,4,13086.0,14100.0
Mouse_Thymus4,50_10,3,15186.0,8800.0
Mouse_Thymus4,37_12,4,13886.0,9000.0
Mouse_Thymus4,29_92,10,13086.0,17000.0
Mouse_Thymus4,46_94,3,14786.0,17200.0
Mouse_Thymus4,26_45,3,12786.0,12300.0
Mouse_Thymus4,19_58,10,12086.0,13600.0
Mouse_Thymus4,14_58,1,11586.0,13600.0
Mouse_Thymus4,45_108,1,14686.0,18600.0
Mouse_Thymus4,34_79,10,13586.0,15700.0
Mouse_Thymus4,51_34,10,15286.0,11200.0
Mouse_Thymus4,21_64,9,12286.0,14200.0
Mouse_Thymus4,59_91,1,16086.0,16900.0
Mouse_Thymus4,52_40,4,15386.0,11800.0
Mouse_Thymus4,38_48,4,13986.0,12600.0
Mouse_Thymus4,46_72,1,14786.0,15000.0
Mouse_Thymus4,10_50,4,11186.0,12800.0
Mouse_Thymus4,29_55,3,13086.0,13300.0
Mouse_Thymus4,40_11,1,14186.0,8900.0
Mouse_Thymus4,34_29,10,13586.0,10700.0
Mouse_Thymus4,48_97,3,14986.0,17500.0
Mouse_Thymus4,19_59,10,12086.0,13700.0
Mouse_Thymus4,49_44,4,15086.0,12200.0
Mouse_Thymus4,55_78,7,15686.0,15600.0
Mouse_Thymus4,0_53,7,10186.0,13100.0
Mouse_Thymus4,42_85,6,14386.0,16300.0
Mouse_Thymus4,28_61,3,12986.0,13900.0
Mouse_Thymus4,45_21,9,14686.0,9900.0
Mouse_Thymus4,32_79,3,13386.0,15700.0
Mouse_Thymus4,51_38,4,15286.0,11600.0
Mouse_Thymus4,9_47,1,11086.0,12500.0
Mouse_Thymus4,11_30,7,11286.0,10800.0
Mouse_Thymus4,54_6,4,15586.0,8400.0
Mouse_Thymus4,29_24,4,13086.0,10200.0
Mouse_Thymus4,8_43,8,10986.0,12100.0
Mouse_Thymus4,58_107,1,15986.0,18500.0
Mouse_Thymus4,57_35,4,15886.0,11300.0
Mouse_Thymus4,49_87,3,15086.0,16500.0
Mouse_Thymus4,50_41,11,15186.0,11900.0
Mouse_Thymus4,58_108,1,15986.0,18600.0
Mouse_Thymus4,31_41,8,13286.0,11900.0
Mouse_Thymus4,22_65,10,12386.0,14300.0
Mouse_Thymus4,47_114,6,14886.0,19200.0
Mouse_Thymus4,60_89,1,16186.0,16700.0
Mouse_Thymus4,50_46,11,15186.0,12400.0
Mouse_Thymus4,31_20,4,13286.0,9800.0
Mouse_Thymus4,60_96,1,16186.0,17400.0
Mouse_Thymus4,33_94,4,13486.0,17200.0
Mouse_Thymus4,13_36,4,11486.0,11400.0
Mouse_Thymus4,60_29,4,16186.0,10700.0
Mouse_Thymus4,5_49,1,10686.0,12700.0
Mouse_Thymus4,23_50,3,12486.0,12800.0
Mouse_Thymus4,6_37,1,10786.0,11500.0
Mouse_Thymus4,24_37,9,12586.0,11500.0
Mouse_Thymus4,35_13,7,13686.0,9100.0
Mouse_Thymus4,44_29,4,14586.0,10700.0
Mouse_Thymus4,27_90,8,12886.0,16800.0
Mouse_Thymus4,59_8,3,16086.0,8600.0
Mouse_Thymus4,43_25,3,14486.0,10300.0
Mouse_Thymus4,20_38,3,12186.0,11600.0
Mouse_Thymus4,47_102,1,14886.0,18000.0
Mouse_Thymus4,28_47,9,12986.0,12500.0
Mouse_Thymus4,16_47,3,11786.0,12500.0
Mouse_Thymus4,57_26,4,15886.0,10400.0
Mouse_Thymus4,33_40,8,13486.0,11800.0
Mouse_Thymus4,66_5,10,16786.0,8300.0
Mouse_Thymus4,50_16,8,15186.0,9400.0
Mouse_Thymus4,2_53,8,10386.0,13100.0
Mouse_Thymus4,34_30,4,13586.0,10800.0
Mouse_Thymus4,2_60,1,10386.0,13800.0
Mouse_Thymus4,11_65,1,11286.0,14300.0
Mouse_Thymus4,44_82,3,14586.0,16000.0
Mouse_Thymus4,26_37,3,12786.0,11500.0
Mouse_Thymus4,25_38,3,12686.0,11600.0
Mouse_Thymus4,44_42,8,14586.0,12000.0
Mouse_Thymus4,47_31,6,14886.0,10900.0
Mouse_Thymus4,41_15,9,14286.0,9300.0
Mouse_Thymus4,7_55,4,10886.0,13300.0
Mouse_Thymus4,28_54,3,12986.0,13200.0
Mouse_Thymus4,45_76,10,14686.0,15400.0
Mouse_Thymus4,37_67,3,13886.0,14500.0
Mouse_Thymus4,51_75,10,15286.0,15300.0
Mouse_Thymus4,33_67,10,13486.0,14500.0
Mouse_Thymus4,24_32,3,12586.0,11000.0
Mouse_Thymus4,44_86,3,14586.0,16400.0
Mouse_Thymus4,58_98,1,15986.0,17600.0
Mouse_Thymus4,61_6,3,16286.0,8400.0
Mouse_Thymus4,18_65,3,11986.0,14300.0
Mouse_Thymus4,40_20,3,14186.0,9800.0
Mouse_Thymus4,49_8,4,15086.0,8600.0
Mouse_Thymus4,55_119,1,15686.0,19700.0
Mouse_Thymus4,50_97,3,15186.0,17500.0
Mouse_Thymus4,57_10,3,15886.0,8800.0
Mouse_Thymus4,51_21,4,15286.0,9900.0
Mouse_Thymus4,60_106,1,16186.0,18400.0
Mouse_Thymus4,36_92,10,13786.0,17000.0
Mouse_Thymus4,9_41,4,11086.0,11900.0
Mouse_Thymus4,60_16,6,16186.0,9400.0
Mouse_Thymus4,20_34,4,12186.0,11200.0
Mouse_Thymus4,34_77,10,13586.0,15500.0
Mouse_Thymus4,39_23,3,14086.0,10100.0
Mouse_Thymus4,47_25,1,14886.0,10300.0
Mouse_Thymus4,31_62,10,13286.0,14000.0
Mouse_Thymus4,32_23,1,13386.0,10100.0
Mouse_Thymus4,37_51,3,13886.0,12900.0
Mouse_Thymus4,48_76,1,14986.0,15400.0
Mouse_Thymus4,64_28,1,16586.0,10600.0
Mouse_Thymus4,40_48,10,14186.0,12600.0
Mouse_Thymus4,58_85,1,15986.0,16300.0
Mouse_Thymus4,34_19,4,13586.0,9700.0
Mouse_Thymus4,18_45,3,11986.0,12300.0
Mouse_Thymus4,43_46,9,14486.0,12400.0
Mouse_Thymus4,18_49,10,11986.0,12700.0
Mouse_Thymus4,55_103,8,15686.0,18100.0
Mouse_Thymus4,64_6,1,16586.0,8400.0
Mouse_Thymus4,33_77,6,13486.0,15500.0
Mouse_Thymus4,36_71,10,13786.0,14900.0
Mouse_Thymus4,53_93,3,15486.0,17100.0
Mouse_Thymus4,37_69,9,13886.0,14700.0
Mouse_Thymus4,56_93,6,15786.0,17100.0
Mouse_Thymus4,49_47,1,15086.0,12500.0
Mouse_Thymus4,37_78,8,13886.0,15600.0
Mouse_Thymus4,48_5,6,14986.0,8300.0
Mouse_Thymus4,31_69,9,13286.0,14700.0
Mouse_Thymus4,34_25,3,13586.0,10300.0
Mouse_Thymus4,29_56,3,13086.0,13400.0
Mouse_Thymus4,26_33,3,12786.0,11100.0
Mouse_Thymus4,31_25,4,13286.0,10300.0
Mouse_Thymus4,44_107,8,14586.0,18500.0
Mouse_Thymus4,39_21,3,14086.0,9900.0
Mouse_Thymus4,60_101,1,16186.0,17900.0
Mouse_Thymus4,23_48,3,12486.0,12600.0
Mouse_Thymus4,57_7,3,15886.0,8500.0
Mouse_Thymus4,27_77,8,12886.0,15500.0
Mouse_Thymus4,44_79,3,14586.0,15700.0
Mouse_Thymus4,22_70,3,12386.0,14800.0
Mouse_Thymus4,51_33,4,15286.0,11100.0
Mouse_Thymus4,52_85,3,15386.0,16300.0
Mouse_Thymus4,12_35,4,11386.0,11300.0
Mouse_Thymus4,6_55,10,10786.0,13300.0
Mouse_Thymus4,37_45,1,13886.0,12300.0
Mouse_Thymus4,42_103,1,14386.0,18100.0
Mouse_Thymus4,17_63,11,11886.0,14100.0
Mouse_Thymus4,49_30,6,15086.0,10800.0
Mouse_Thymus4,27_59,3,12886.0,13700.0
Mouse_Thymus4,45_44,1,14686.0,12200.0
Mouse_Thymus4,55_106,10,15686.0,18400.0
Mouse_Thymus4,14_37,4,11586.0,11500.0
Mouse_Thymus4,5_46,4,10686.0,12400.0
Mouse_Thymus4,44_68,1,14586.0,14600.0
Mouse_Thymus4,58_7,3,15986.0,8500.0
Mouse_Thymus4,56_104,8,15786.0,18200.0
Mouse_Thymus4,28_46,10,12986.0,12400.0
Mouse_Thymus4,39_91,10,14086.0,16900.0
Mouse_Thymus4,24_67,3,12586.0,14500.0
Mouse_Thymus4,38_59,3,13986.0,13700.0
Mouse_Thymus4,47_52,8,14886.0,13000.0
Mouse_Thymus4,27_56,3,12886.0,13400.0
Mouse_Thymus4,30_61,8,13186.0,13900.0
Mouse_Thymus4,14_54,4,11586.0,13200.0
Mouse_Thymus4,29_50,3,13086.0,12800.0
Mouse_Thymus4,11_53,4,11286.0,13100.0
Mouse_Thymus4,41_40,4,14286.0,11800.0
Mouse_Thymus4,55_9,3,15686.0,8700.0
Mouse_Thymus4,14_65,1,11586.0,14300.0
Mouse_Thymus4,29_33,9,13086.0,11100.0
Mouse_Thymus4,21_25,1,12286.0,10300.0
Mouse_Thymus4,13_62,1,11486.0,14000.0
Mouse_Thymus4,34_90,3,13586.0,16800.0
Mouse_Thymus4,43_101,4,14486.0,17900.0
Mouse_Thymus4,38_17,10,13986.0,9500.0
Mouse_Thymus4,46_29,4,14786.0,10700.0
Mouse_Thymus4,26_74,10,12786.0,15200.0
Mouse_Thymus4,60_8,3,16186.0,8600.0
Mouse_Thymus4,58_84,1,15986.0,16200.0
Mouse_Thymus4,30_67,3,13186.0,14500.0
Mouse_Thymus4,44_92,10,14586.0,17000.0
Mouse_Thymus4,39_83,1,14086.0,16100.0
Mouse_Thymus4,49_78,1,15086.0,15600.0
Mouse_Thymus4,15_36,4,11686.0,11400.0
Mouse_Thymus4,50_13,9,15186.0,9100.0
Mouse_Thymus4,55_17,1,15686.0,9500.0
Mouse_Thymus4,61_34,1,16286.0,11200.0
Mouse_Thymus4,32_82,3,13386.0,16000.0
Mouse_Thymus4,14_42,4,11586.0,12000.0
Mouse_Thymus4,32_81,3,13386.0,15900.0
Mouse_Thymus4,49_108,10,15086.0,18600.0
Mouse_Thymus4,49_35,1,15086.0,11300.0
Mouse_Thymus4,56_105,6,15786.0,18300.0
Mouse_Thymus4,53_16,4,15486.0,9400.0
Mouse_Thymus4,31_64,10,13286.0,14200.0
Mouse_Thymus4,2_50,1,10386.0,12800.0
Mouse_Thymus4,22_63,3,12386.0,14100.0
Mouse_Thymus4,49_26,4,15086.0,10400.0
Mouse_Thymus4,30_40,8,13186.0,11800.0
Mouse_Thymus4,31_79,3,13286.0,15700.0
Mouse_Thymus4,35_23,3,13686.0,10100.0
Mouse_Thymus4,33_82,3,13486.0,16000.0
Mouse_Thymus4,42_32,4,14386.0,11000.0
Mouse_Thymus4,69_2,1,17086.0,8000.0
Mouse_Thymus4,15_50,1,11686.0,12800.0
Mouse_Thymus4,39_76,10,14086.0,15400.0
Mouse_Thymus4,57_5,8,15886.0,8300.0
Mouse_Thymus4,40_73,10,14186.0,15100.0
Mouse_Thymus4,9_42,8,11086.0,12000.0
Mouse_Thymus4,22_24,1,12386.0,10200.0
Mouse_Thymus4,43_63,7,14486.0,14100.0
Mouse_Thymus4,39_33,10,14086.0,11100.0
Mouse_Thymus4,41_19,3,14286.0,9700.0
Mouse_Thymus4,23_55,4,12486.0,13300.0
Mouse_Thymus4,32_95,1,13386.0,17300.0
Mouse_Thymus4,37_56,8,13886.0,13400.0
Mouse_Thymus4,57_9,3,15886.0,8700.0
Mouse_Thymus4,56_38,1,15786.0,11600.0
Mouse_Thymus4,42_79,3,14386.0,15700.0
Mouse_Thymus4,43_21,9,14486.0,9900.0
Mouse_Thymus4,58_9,3,15986.0,8700.0
Mouse_Thymus4,42_41,4,14386.0,11900.0
Mouse_Thymus4,25_65,3,12686.0,14300.0
Mouse_Thymus4,9_32,1,11086.0,11000.0
Mouse_Thymus4,34_95,10,13586.0,17300.0
Mouse_Thymus4,40_80,10,14186.0,15800.0
Mouse_Thymus4,24_54,11,12586.0,13200.0
Mouse_Thymus4,51_20,4,15286.0,9800.0
Mouse_Thymus4,34_93,10,13586.0,17100.0
Mouse_Thymus4,52_6,6,15386.0,8400.0
Mouse_Thymus4,25_55,9,12686.0,13300.0
Mouse_Thymus4,59_112,6,16086.0,19000.0
Mouse_Thymus4,35_68,10,13686.0,14600.0
Mouse_Thymus4,14_45,8,11586.0,12300.0
Mouse_Thymus4,11_63,1,11286.0,14100.0
Mouse_Thymus4,23_73,3,12486.0,15100.0
Mouse_Thymus4,37_58,10,13886.0,13600.0
Mouse_Thymus4,46_75,1,14786.0,15300.0
Mouse_Thymus4,36_43,11,13786.0,12100.0
Mouse_Thymus4,13_45,4,11486.0,12300.0
Mouse_Thymus4,38_16,1,13986.0,9400.0
Mouse_Thymus4,68_1,1,16986.0,7900.0
Mouse_Thymus4,41_44,8,14286.0,12200.0
Mouse_Thymus4,29_80,10,13086.0,15800.0
Mouse_Thymus4,43_98,1,14486.0,17600.0
Mouse_Thymus4,51_13,4,15286.0,9100.0
Mouse_Thymus4,32_49,3,13386.0,12700.0
Mouse_Thymus4,42_61,1,14386.0,13900.0
Mouse_Thymus4,39_46,4,14086.0,12400.0
Mouse_Thymus4,66_7,1,16786.0,8500.0
Mouse_Thymus4,34_60,11,13586.0,13800.0
Mouse_Thymus4,41_63,4,14286.0,14100.0
Mouse_Thymus4,46_109,1,14786.0,18700.0
Mouse_Thymus4,33_18,1,13486.0,9600.0
Mouse_Thymus4,56_110,1,15786.0,18800.0
Mouse_Thymus4,57_6,3,15886.0,8400.0
Mouse_Thymus4,56_98,10,15786.0,17600.0
Mouse_Thymus4,19_55,1,12086.0,13300.0
Mouse_Thymus4,25_44,3,12686.0,12200.0
Mouse_Thymus4,48_90,3,14986.0,16800.0
Mouse_Thymus4,58_31,4,15986.0,10900.0
Mouse_Thymus4,40_53,3,14186.0,13100.0
Mouse_Thymus4,41_18,3,14286.0,9600.0
Mouse_Thymus4,34_76,1,13586.0,15400.0
Mouse_Thymus4,61_93,4,16286.0,17100.0
Mouse_Thymus4,17_50,1,11886.0,12800.0
Mouse_Thymus4,28_63,9,12986.0,14100.0
Mouse_Thymus4,38_69,9,13986.0,14700.0
Mouse_Thymus4,34_50,3,13586.0,12800.0
Mouse_Thymus4,36_95,10,13786.0,17300.0
Mouse_Thymus4,33_36,4,13486.0,11400.0
Mouse_Thymus4,3_60,1,10486.0,13800.0
Mouse_Thymus4,35_39,4,13686.0,11700.0
Mouse_Thymus4,13_65,1,11486.0,14300.0
Mouse_Thymus4,58_18,4,15986.0,9600.0
Mouse_Thymus4,46_22,8,14786.0,10000.0
Mouse_Thymus4,44_22,6,14586.0,10000.0
Mouse_Thymus4,64_1,10,16586.0,7900.0
Mouse_Thymus4,59_102,4,16086.0,18000.0
Mouse_Thymus4,60_88,1,16186.0,16600.0
Mouse_Thymus4,59_87,1,16086.0,16500.0
Mouse_Thymus4,46_106,4,14786.0,18400.0
Mouse_Thymus4,44_100,4,14586.0,17800.0
Mouse_Thymus4,49_9,9,15086.0,8700.0
Mouse_Thymus4,46_36,4,14786.0,11400.0
Mouse_Thymus4,57_33,4,15886.0,11100.0
Mouse_Thymus4,53_99,3,15486.0,17700.0
Mouse_Thymus4,3_55,8,10486.0,13300.0
Mouse_Thymus4,42_48,3,14386.0,12600.0
Mouse_Thymus4,13_50,1,11486.0,12800.0
Mouse_Thymus4,34_38,1,13586.0,11600.0
Mouse_Thymus4,46_98,1,14786.0,17600.0
Mouse_Thymus4,51_76,1,15286.0,15400.0
Mouse_Thymus4,39_50,3,14086.0,12800.0
Mouse_Thymus4,26_54,3,12786.0,13200.0
Mouse_Thymus4,44_47,3,14586.0,12500.0
Mouse_Thymus4,50_44,11,15186.0,12200.0
Mouse_Thymus4,60_9,3,16186.0,8700.0
Mouse_Thymus4,24_31,9,12586.0,10900.0
Mouse_Thymus4,36_48,10,13786.0,12600.0
Mouse_Thymus4,22_59,4,12386.0,13700.0
Mouse_Thymus4,60_32,4,16186.0,11000.0
Mouse_Thymus4,43_105,1,14486.0,18300.0
Mouse_Thymus4,11_56,6,11286.0,13400.0
Mouse_Thymus4,28_81,10,12986.0,15900.0
Mouse_Thymus4,42_57,9,14386.0,13500.0
Mouse_Thymus4,52_27,4,15386.0,10500.0
Mouse_Thymus4,22_42,3,12386.0,12000.0
Mouse_Thymus4,65_9,4,16686.0,8700.0
Mouse_Thymus4,17_76,1,11886.0,15400.0
Mouse_Thymus4,49_18,1,15086.0,9600.0
Mouse_Thymus4,50_113,10,15186.0,19100.0
Mouse_Thymus4,44_56,7,14586.0,13400.0
Mouse_Thymus4,26_81,1,12786.0,15900.0
Mouse_Thymus4,16_37,4,11786.0,11500.0
Mouse_Thymus4,41_62,1,14286.0,14000.0
Mouse_Thymus4,17_40,3,11886.0,11800.0
Mouse_Thymus4,50_73,6,15186.0,15100.0
Mouse_Thymus4,12_56,8,11386.0,13400.0
Mouse_Thymus4,43_41,1,14486.0,11900.0
Mouse_Thymus4,52_23,6,15386.0,10100.0
Mouse_Thymus4,30_38,4,13186.0,11600.0
Mouse_Thymus4,48_11,3,14986.0,8900.0
Mouse_Thymus4,52_8,4,15386.0,8600.0
Mouse_Thymus4,25_89,1,12686.0,16700.0
Mouse_Thymus4,16_62,9,11786.0,14000.0
Mouse_Thymus4,29_71,3,13086.0,14900.0
Mouse_Thymus4,16_66,4,11786.0,14400.0
Mouse_Thymus4,49_84,3,15086.0,16200.0
Mouse_Thymus4,19_65,3,12086.0,14300.0
Mouse_Thymus4,25_85,1,12686.0,16300.0
Mouse_Thymus4,45_79,3,14686.0,15700.0
Mouse_Thymus4,47_74,1,14886.0,15200.0
Mouse_Thymus4,47_113,10,14886.0,19100.0
Mouse_Thymus4,38_38,11,13986.0,11600.0
Mouse_Thymus4,12_37,4,11386.0,11500.0
Mouse_Thymus4,22_43,3,12386.0,12100.0
Mouse_Thymus4,40_97,4,14186.0,17500.0
Mouse_Thymus4,45_84,3,14686.0,16200.0
Mouse_Thymus4,5_45,4,10686.0,12300.0
Mouse_Thymus4,31_22,1,13286.0,10000.0
Mouse_Thymus4,58_104,1,15986.0,18200.0
Mouse_Thymus4,41_99,10,14286.0,17700.0
Mouse_Thymus4,61_104,1,16286.0,18200.0
Mouse_Thymus4,29_23,1,13086.0,10100.0
Mouse_Thymus4,17_31,1,11886.0,10900.0
Mouse_Thymus4,26_73,4,12786.0,15100.0
Mouse_Thymus4,53_81,10,15486.0,15900.0
Mouse_Thymus4,30_50,9,13186.0,12800.0
Mouse_Thymus4,43_94,4,14486.0,17200.0
Mouse_Thymus4,59_3,1,16086.0,8100.0
Mouse_Thymus4,25_58,3,12686.0,13600.0
Mouse_Thymus4,16_56,4,11786.0,13400.0
Mouse_Thymus4,38_78,8,13986.0,15600.0
Mouse_Thymus4,8_45,1,10986.0,12300.0
Mouse_Thymus4,38_91,10,13986.0,16900.0
Mouse_Thymus4,59_92,8,16086.0,17000.0
Mouse_Thymus4,40_68,9,14186.0,14600.0
Mouse_Thymus4,62_30,1,16386.0,10800.0
Mouse_Thymus4,39_62,10,14086.0,14000.0
Mouse_Thymus4,12_50,10,11386.0,12800.0
Mouse_Thymus4,46_76,8,14786.0,15400.0
Mouse_Thymus4,21_58,10,12286.0,13600.0
Mouse_Thymus4,52_101,3,15386.0,17900.0
Mouse_Thymus4,59_88,10,16086.0,16600.0
Mouse_Thymus4,11_57,1,11286.0,13500.0
Mouse_Thymus4,11_58,4,11286.0,13600.0
Mouse_Thymus4,57_88,4,15886.0,16600.0
Mouse_Thymus4,54_116,10,15586.0,19400.0
Mouse_Thymus4,57_90,1,15886.0,16800.0
Mouse_Thymus4,63_4,1,16486.0,8200.0
Mouse_Thymus4,50_25,4,15186.0,10300.0
Mouse_Thymus4,34_85,9,13586.0,16300.0
Mouse_Thymus4,23_69,3,12486.0,14700.0
Mouse_Thymus4,50_42,11,15186.0,12000.0
Mouse_Thymus4,24_47,3,12586.0,12500.0
Mouse_Thymus4,52_117,4,15386.0,19500.0
Mouse_Thymus4,48_26,4,14986.0,10400.0
Mouse_Thymus4,51_110,3,15286.0,18800.0
Mouse_Thymus4,29_77,3,13086.0,15500.0
Mouse_Thymus4,46_21,3,14786.0,9900.0
Mouse_Thymus4,48_114,6,14986.0,19200.0
Mouse_Thymus4,62_3,6,16386.0,8100.0
Mouse_Thymus4,3_58,1,10486.0,13600.0
Mouse_Thymus4,43_31,4,14486.0,10900.0
Mouse_Thymus4,25_73,1,12686.0,15100.0
Mouse_Thymus4,25_69,3,12686.0,14700.0
Mouse_Thymus4,49_83,3,15086.0,16100.0
Mouse_Thymus4,25_51,3,12686.0,12900.0
Mouse_Thymus4,28_32,3,12986.0,11000.0
Mouse_Thymus4,36_38,4,13786.0,11600.0
Mouse_Thymus4,30_83,3,13186.0,16100.0
Mouse_Thymus4,68_7,1,16986.0,8500.0
Mouse_Thymus4,48_107,1,14986.0,18500.0
Mouse_Thymus4,54_111,9,15586.0,18900.0
Mouse_Thymus4,27_29,3,12886.0,10700.0
Mouse_Thymus4,50_18,9,15186.0,9600.0
Mouse_Thymus4,41_79,3,14286.0,15700.0
Mouse_Thymus4,55_4,1,15686.0,8200.0
Mouse_Thymus4,24_46,3,12586.0,12400.0
Mouse_Thymus4,30_81,3,13186.0,15900.0
Mouse_Thymus4,50_116,1,15186.0,19400.0
Mouse_Thymus4,58_111,1,15986.0,18900.0
Mouse_Thymus4,54_19,4,15586.0,9700.0
Mouse_Thymus4,28_22,4,12986.0,10000.0
Mouse_Thymus4,31_68,3,13286.0,14600.0
Mouse_Thymus4,47_94,3,14886.0,17200.0
Mouse_Thymus4,53_7,9,15486.0,8500.0
Mouse_Thymus4,64_22,8,16586.0,10000.0
Mouse_Thymus4,57_18,1,15886.0,9600.0
Mouse_Thymus4,37_43,11,13886.0,12100.0
Mouse_Thymus4,32_33,6,13386.0,11100.0
Mouse_Thymus4,58_19,4,15986.0,9700.0
Mouse_Thymus4,35_85,10,13686.0,16300.0
Mouse_Thymus4,53_112,3,15486.0,19000.0
Mouse_Thymus4,32_97,7,13386.0,17500.0
Mouse_Thymus4,31_42,8,13286.0,12000.0
Mouse_Thymus4,31_19,8,13286.0,9700.0
Mouse_Thymus4,30_78,3,13186.0,15600.0
Mouse_Thymus4,15_43,3,11686.0,12100.0
Mouse_Thymus4,29_38,10,13086.0,11600.0
Mouse_Thymus4,32_26,8,13386.0,10400.0
Mouse_Thymus4,19_67,10,12086.0,14500.0
Mouse_Thymus4,18_80,11,11986.0,15800.0
Mouse_Thymus4,41_46,4,14286.0,12400.0
Mouse_Thymus4,57_104,4,15886.0,18200.0
Mouse_Thymus4,13_63,10,11486.0,14100.0
Mouse_Thymus4,59_97,1,16086.0,17500.0
Mouse_Thymus4,28_52,3,12986.0,13000.0
Mouse_Thymus4,31_56,3,13286.0,13400.0
Mouse_Thymus4,52_41,4,15386.0,11900.0
Mouse_Thymus4,43_79,3,14486.0,15700.0
Mouse_Thymus4,16_57,4,11786.0,13500.0
Mouse_Thymus4,36_42,4,13786.0,12000.0
Mouse_Thymus4,67_7,1,16886.0,8500.0
Mouse_Thymus4,43_51,3,14486.0,12900.0
Mouse_Thymus4,32_67,3,13386.0,14500.0
Mouse_Thymus4,58_24,4,15986.0,10200.0
Mouse_Thymus4,59_85,8,16086.0,16300.0
Mouse_Thymus4,38_97,1,13986.0,17500.0
Mouse_Thymus4,49_38,6,15086.0,11600.0
Mouse_Thymus4,60_23,4,16186.0,10100.0
Mouse_Thymus4,42_74,9,14386.0,15200.0
Mouse_Thymus4,61_31,4,16286.0,10900.0
Mouse_Thymus4,4_47,4,10586.0,12500.0
Mouse_Thymus4,62_0,7,16386.0,7800.0
Mouse_Thymus4,25_36,3,12686.0,11400.0
Mouse_Thymus4,24_81,1,12586.0,15900.0
Mouse_Thymus4,28_70,3,12986.0,14800.0
Mouse_Thymus4,17_73,4,11886.0,15100.0
Mouse_Thymus4,54_79,4,15586.0,15700.0
Mouse_Thymus4,53_24,4,15486.0,10200.0
Mouse_Thymus4,32_94,1,13386.0,17200.0
Mouse_Thymus4,32_96,4,13386.0,17400.0
Mouse_Thymus4,35_54,10,13686.0,13200.0
Mouse_Thymus4,29_53,3,13086.0,13100.0
Mouse_Thymus4,50_89,3,15186.0,16700.0
Mouse_Thymus4,43_102,8,14486.0,18000.0
Mouse_Thymus4,21_81,8,12286.0,15900.0
Mouse_Thymus4,46_100,8,14786.0,17800.0
Mouse_Thymus4,47_96,3,14886.0,17400.0
Mouse_Thymus4,34_86,1,13586.0,16400.0
Mouse_Thymus4,29_61,3,13086.0,13900.0
Mouse_Thymus4,46_28,4,14786.0,10600.0
Mouse_Thymus4,40_29,9,14186.0,10700.0
Mouse_Thymus4,26_23,8,12786.0,10100.0
Mouse_Thymus4,54_12,4,15586.0,9000.0
Mouse_Thymus4,48_47,3,14986.0,12500.0
Mouse_Thymus4,35_24,3,13686.0,10200.0
Mouse_Thymus4,48_32,6,14986.0,11000.0
Mouse_Thymus4,17_30,10,11886.0,10800.0
Mouse_Thymus4,34_46,9,13586.0,12400.0
Mouse_Thymus4,36_49,8,13786.0,12700.0
Mouse_Thymus4,38_47,10,13986.0,12500.0
Mouse_Thymus4,60_34,1,16186.0,11200.0
Mouse_Thymus4,38_73,10,13986.0,15100.0
Mouse_Thymus4,57_83,1,15886.0,16100.0
Mouse_Thymus4,40_51,3,14186.0,12900.0
Mouse_Thymus4,27_27,10,12886.0,10500.0
Mouse_Thymus4,43_90,6,14486.0,16800.0
Mouse_Thymus4,38_92,10,13986.0,17000.0
Mouse_Thymus4,34_39,8,13586.0,11700.0
Mouse_Thymus4,52_30,1,15386.0,10800.0
Mouse_Thymus4,40_75,10,14186.0,15300.0
Mouse_Thymus4,17_57,4,11886.0,13500.0
Mouse_Thymus4,23_68,3,12486.0,14600.0
Mouse_Thymus4,63_33,10,16486.0,11100.0
Mouse_Thymus4,53_23,6,15486.0,10100.0
Mouse_Thymus4,18_50,10,11986.0,12800.0
Mouse_Thymus4,39_51,9,14086.0,12900.0
Mouse_Thymus4,33_86,9,13486.0,16400.0
Mouse_Thymus4,41_71,10,14286.0,14900.0
Mouse_Thymus4,20_81,4,12186.0,15900.0
Mouse_Thymus4,20_51,9,12186.0,12900.0
Mouse_Thymus4,53_85,10,15486.0,16300.0
Mouse_Thymus4,19_82,4,12086.0,16000.0
Mouse_Thymus4,59_24,1,16086.0,10200.0
Mouse_Thymus4,37_66,3,13886.0,14400.0
Mouse_Thymus4,47_86,3,14886.0,16400.0
Mouse_Thymus4,28_51,3,12986.0,12900.0
Mouse_Thymus4,28_75,4,12986.0,15300.0
Mouse_Thymus4,51_79,1,15286.0,15700.0
Mouse_Thymus4,42_75,9,14386.0,15300.0
Mouse_Thymus4,47_34,4,14886.0,11200.0
Mouse_Thymus4,41_38,4,14286.0,11600.0
Mouse_Thymus4,62_13,4,16386.0,9100.0
Mouse_Thymus4,26_46,3,12786.0,12400.0
Mouse_Thymus4,55_11,4,15686.0,8900.0
Mouse_Thymus4,41_23,3,14286.0,10100.0
Mouse_Thymus4,31_90,10,13286.0,16800.0
Mouse_Thymus4,45_74,4,14686.0,15200.0
Mouse_Thymus4,54_106,3,15586.0,18400.0
Mouse_Thymus4,22_28,8,12386.0,10600.0
Mouse_Thymus4,11_39,8,11286.0,11700.0
Mouse_Thymus4,37_92,8,13886.0,17000.0
Mouse_Thymus4,19_77,1,12086.0,15500.0
Mouse_Thymus4,22_68,8,12386.0,14600.0
Mouse_Thymus4,48_81,3,14986.0,15900.0
Mouse_Thymus4,25_66,3,12686.0,14400.0
Mouse_Thymus4,26_31,3,12786.0,10900.0
Mouse_Thymus4,33_22,4,13486.0,10000.0
Mouse_Thymus4,51_14,1,15286.0,9200.0
Mouse_Thymus4,46_50,3,14786.0,12800.0
Mouse_Thymus4,44_85,3,14586.0,16300.0
Mouse_Thymus4,32_78,10,13386.0,15600.0
Mouse_Thymus4,43_80,3,14486.0,15800.0
Mouse_Thymus4,55_111,4,15686.0,18900.0
Mouse_Thymus4,67_6,1,16886.0,8400.0
Mouse_Thymus4,52_16,4,15386.0,9400.0
Mouse_Thymus4,52_96,3,15386.0,17400.0
Mouse_Thymus4,61_14,1,16286.0,9200.0
Mouse_Thymus4,24_70,9,12586.0,14800.0
Mouse_Thymus4,16_48,10,11786.0,12600.0
Mouse_Thymus4,23_40,3,12486.0,11800.0
Mouse_Thymus4,29_32,9,13086.0,11000.0
Mouse_Thymus4,16_55,4,11786.0,13300.0
Mouse_Thymus4,28_42,4,12986.0,12000.0
Mouse_Thymus4,57_19,1,15886.0,9700.0
Mouse_Thymus4,42_21,9,14386.0,9900.0
Mouse_Thymus4,50_95,3,15186.0,17300.0
Mouse_Thymus4,34_66,4,13586.0,14400.0
Mouse_Thymus4,38_86,10,13986.0,16400.0
Mouse_Thymus4,58_35,1,15986.0,11300.0
Mouse_Thymus4,46_83,3,14786.0,16100.0
Mouse_Thymus4,13_44,1,11486.0,12200.0
Mouse_Thymus4,60_102,1,16186.0,18000.0
Mouse_Thymus4,56_18,4,15786.0,9600.0
Mouse_Thymus4,35_28,10,13686.0,10600.0
Mouse_Thymus4,34_67,10,13586.0,14500.0
Mouse_Thymus4,11_60,4,11286.0,13800.0
Mouse_Thymus4,17_53,1,11886.0,13100.0
Mouse_Thymus4,45_80,3,14686.0,15800.0
Mouse_Thymus4,14_38,4,11586.0,11600.0
Mouse_Thymus4,57_100,1,15886.0,17800.0
Mouse_Thymus4,45_18,3,14686.0,9600.0
Mouse_Thymus4,56_20,1,15786.0,9800.0
Mouse_Thymus4,46_5,6,14786.0,8300.0
Mouse_Thymus4,21_79,4,12286.0,15700.0
Mouse_Thymus4,56_14,4,15786.0,9200.0
Mouse_Thymus4,46_108,1,14786.0,18600.0
Mouse_Thymus4,8_41,10,10986.0,11900.0
Mouse_Thymus4,37_24,3,13886.0,10200.0
Mouse_Thymus4,14_43,10,11586.0,12100.0
Mouse_Thymus4,49_81,9,15086.0,15900.0
Mouse_Thymus4,9_62,4,11086.0,14000.0
Mouse_Thymus4,25_79,4,12686.0,15700.0
Mouse_Thymus4,12_66,1,11386.0,14400.0
Mouse_Thymus4,53_37,4,15486.0,11500.0
Mouse_Thymus4,18_69,4,11986.0,14700.0
Mouse_Thymus4,43_66,1,14486.0,14400.0
Mouse_Thymus4,49_116,7,15086.0,19400.0
Mouse_Thymus4,35_92,10,13686.0,17000.0
Mouse_Thymus4,52_80,1,15386.0,15800.0
Mouse_Thymus4,36_88,10,13786.0,16600.0
Mouse_Thymus4,48_41,4,14986.0,11900.0
Mouse_Thymus4,35_72,10,13686.0,15000.0
Mouse_Thymus4,37_60,10,13886.0,13800.0
Mouse_Thymus4,35_27,3,13686.0,10500.0
Mouse_Thymus4,17_38,9,11886.0,11600.0
Mouse_Thymus4,51_23,4,15286.0,10100.0
Mouse_Thymus4,27_80,1,12886.0,15800.0
Mouse_Thymus4,58_33,1,15986.0,11100.0
Mouse_Thymus4,19_45,3,12086.0,12300.0
Mouse_Thymus4,16_30,6,11786.0,10800.0
Mouse_Thymus4,37_90,10,13886.0,16800.0
Mouse_Thymus4,34_59,10,13586.0,13700.0
Mouse_Thymus4,47_101,1,14886.0,17900.0
Mouse_Thymus4,34_42,8,13586.0,12000.0
Mouse_Thymus4,44_28,4,14586.0,10600.0
Mouse_Thymus4,38_68,3,13986.0,14600.0
Mouse_Thymus4,20_29,1,12186.0,10700.0
Mouse_Thymus4,23_61,10,12486.0,13900.0
Mouse_Thymus4,4_57,4,10586.0,13500.0
Mouse_Thymus4,40_28,9,14186.0,10600.0
Mouse_Thymus4,36_65,9,13786.0,14300.0
Mouse_Thymus4,53_18,4,15486.0,9600.0
Mouse_Thymus4,32_31,4,13386.0,10900.0
Mouse_Thymus4,7_36,6,10886.0,11400.0
Mouse_Thymus4,63_11,6,16486.0,8900.0
Mouse_Thymus4,48_12,3,14986.0,9000.0
Mouse_Thymus4,60_7,10,16186.0,8500.0
Mouse_Thymus4,14_36,4,11586.0,11400.0
Mouse_Thymus4,53_30,1,15486.0,10800.0
Mouse_Thymus4,66_8,4,16786.0,8600.0
Mouse_Thymus4,57_108,1,15886.0,18600.0
Mouse_Thymus4,32_61,8,13386.0,13900.0
Mouse_Thymus4,37_34,3,13886.0,11200.0
Mouse_Thymus4,8_39,4,10986.0,11700.0
Mouse_Thymus4,19_56,9,12086.0,13400.0
Mouse_Thymus4,46_101,8,14786.0,17900.0
Mouse_Thymus4,8_57,4,10986.0,13500.0
Mouse_Thymus4,36_89,10,13786.0,16700.0
Mouse_Thymus4,40_89,4,14186.0,16700.0
Mouse_Thymus4,40_81,10,14186.0,15900.0
Mouse_Thymus4,28_36,10,12986.0,11400.0
Mouse_Thymus4,36_22,9,13786.0,10000.0
Mouse_Thymus4,41_70,10,14286.0,14800.0
Mouse_Thymus4,72_3,7,17386.0,8100.0
Mouse_Thymus4,57_32,1,15886.0,11000.0
Mouse_Thymus4,14_31,1,11586.0,10900.0
Mouse_Thymus4,47_45,10,14886.0,12300.0
Mouse_Thymus4,31_31,4,13286.0,10900.0
Mouse_Thymus4,47_41,8,14886.0,11900.0
Mouse_Thymus4,52_20,4,15386.0,9800.0
Mouse_Thymus4,45_7,6,14686.0,8500.0
Mouse_Thymus4,43_13,10,14486.0,9100.0
Mouse_Thymus4,59_113,8,16086.0,19100.0
Mouse_Thymus4,52_82,3,15386.0,16000.0
Mouse_Thymus4,30_23,4,13186.0,10100.0
Mouse_Thymus4,42_88,6,14386.0,16600.0
Mouse_Thymus4,36_31,9,13786.0,10900.0
