section,neighbor_same_cluster_fraction
s1,0.8447986577181208
s2,0.8156619385342789
s3,0.8372777360380667
