section,neighbor_same_cluster_fraction
s1,0.8447986577181208
s2,0.8157210401891253
s3,0.8372777360380667
