section,obs_name,cluster,x,y
Mouse_Thymus2,110_38,3,18838.0,16871.0
Mouse_Thymus2,71_20,4,14938.0,15071.0
Mouse_Thymus2,48_23,2,12638.0,15371.0
Mouse_Thymus2,94_54,2,17238.0,18471.0
Mouse_Thymus2,69_34,3,14738.0,16471.0
Mouse_Thymus2,9_46,4,8738.0,17671.0
Mouse_Thymus2,108_57,2,18638.0,18771.0
Mouse_Thymus2,115_65,2,19338.0,19571.0
Mouse_Thymus2,104_42,4,18238.0,17271.0
Mouse_Thymus2,94_23,3,17238.0,15371.0
Mouse_Thymus2,111_42,3,18938.0,17271.0
Mouse_Thymus2,13_51,2,9138.0,18171.0
Mouse_Thymus2,17_39,4,9538.0,16971.0
Mouse_Thymus2,63_20,4,14138.0,15071.0
Mouse_Thymus2,89_44,2,16738.0,17471.0
Mouse_Thymus2,99_40,4,17738.0,17071.0
Mouse_Thymus2,72_27,3,15038.0,15771.0
Mouse_Thymus2,82_0,4,16038.0,13071.0
Mouse_Thymus2,64_27,2,14238.0,15771.0
Mouse_Thymus2,78_46,2,15638.0,17671.0
Mouse_Thymus2,89_14,3,16738.0,14471.0
Mouse_Thymus2,78_8,2,15638.0,13871.0
Mouse_Thymus2,78_18,4,15638.0,14871.0
Mouse_Thymus2,96_24,3,17438.0,15471.0
Mouse_Thymus2,63_29,3,14138.0,15971.0
Mouse_Thymus2,97_7,2,17538.0,13771.0
Mouse_Thymus2,88_9,2,16638.0,13971.0
Mouse_Thymus2,53_31,4,13138.0,16171.0
Mouse_Thymus2,45_38,3,12338.0,16871.0
Mouse_Thymus2,88_49,4,16638.0,17971.0
Mouse_Thymus2,117_46,3,19538.0,17671.0
Mouse_Thymus2,29_46,3,10738.0,17671.0
Mouse_Thymus2,87_26,4,16538.0,15671.0
Mouse_Thymus2,55_23,4,13338.0,15371.0
Mouse_Thymus2,94_31,4,17238.0,16171.0
Mouse_Thymus2,75_26,3,15338.0,15671.0
Mouse_Thymus2,67_32,4,14538.0,16271.0
Mouse_Thymus2,78_12,2,15638.0,14271.0
Mouse_Thymus2,115_52,2,19338.0,18271.0
Mouse_Thymus2,109_39,3,18738.0,16971.0
Mouse_Thymus2,48_25,4,12638.0,15571.0
Mouse_Thymus2,43_26,4,12138.0,15671.0
Mouse_Thymus2,111_50,2,18938.0,18071.0
Mouse_Thymus2,94_52,2,17238.0,18271.0
Mouse_Thymus2,91_17,3,16938.0,14771.0
Mouse_Thymus2,112_46,3,19038.0,17671.0
Mouse_Thymus2,37_55,0,11538.0,18571.0
Mouse_Thymus2,79_19,3,15738.0,14971.0
Mouse_Thymus2,82_47,4,16038.0,17771.0
Mouse_Thymus2,83_4,2,16138.0,13471.0
Mouse_Thymus2,95_18,2,17338.0,14871.0
Mouse_Thymus2,103_32,3,18138.0,16271.0
Mouse_Thymus2,61_41,2,13938.0,17171.0
Mouse_Thymus2,28_43,3,10638.0,17371.0
Mouse_Thymus2,63_26,4,14138.0,15671.0
Mouse_Thymus2,118_46,2,19638.0,17671.0
Mouse_Thymus2,24_35,0,10238.0,16571.0
Mouse_Thymus2,46_33,4,12438.0,16371.0
Mouse_Thymus2,78_36,3,15638.0,16671.0
Mouse_Thymus2,76_46,4,15438.0,17671.0
Mouse_Thymus2,30_39,2,10838.0,16971.0
Mouse_Thymus2,88_37,4,16638.0,16771.0
Mouse_Thymus2,79_25,3,15738.0,15571.0
Mouse_Thymus2,42_26,4,12038.0,15671.0
Mouse_Thymus2,93_28,4,17138.0,15871.0
Mouse_Thymus2,42_39,3,12038.0,16971.0
Mouse_Thymus2,13_42,4,9138.0,17271.0
Mouse_Thymus2,20_37,2,9838.0,16771.0
Mouse_Thymus2,101_40,3,17938.0,17071.0
Mouse_Thymus2,108_25,4,18638.0,15571.0
Mouse_Thymus2,13_39,4,9138.0,16971.0
Mouse_Thymus2,91_9,2,16938.0,13971.0
Mouse_Thymus2,63_41,2,14138.0,17171.0
Mouse_Thymus2,107_34,3,18538.0,16471.0
Mouse_Thymus2,120_45,2,19838.0,17571.0
Mouse_Thymus2,90_10,2,16838.0,14071.0
Mouse_Thymus2,62_11,2,14038.0,14171.0
Mouse_Thymus2,26_34,4,10438.0,16471.0
Mouse_Thymus2,59_29,3,13738.0,15971.0
Mouse_Thymus2,107_43,4,18538.0,17371.0
Mouse_Thymus2,100_42,2,17838.0,17271.0
Mouse_Thymus2,94_41,4,17238.0,17171.0
Mouse_Thymus2,79_27,3,15738.0,15771.0
Mouse_Thymus2,95_33,4,17338.0,16371.0
Mouse_Thymus2,49_48,2,12738.0,17871.0
Mouse_Thymus2,81_35,2,15938.0,16571.0
Mouse_Thymus2,72_9,4,15038.0,13971.0
Mouse_Thymus2,81_11,2,15938.0,14171.0
Mouse_Thymus2,22_55,4,10038.0,18571.0
Mouse_Thymus2,88_33,2,16638.0,16371.0
Mouse_Thymus2,36_24,0,11438.0,15471.0
Mouse_Thymus2,106_22,4,18438.0,15271.0
Mouse_Thymus2,97_41,2,17538.0,17171.0
Mouse_Thymus2,86_51,2,16438.0,18171.0
Mouse_Thymus2,56_16,2,13438.0,14671.0
Mouse_Thymus2,39_38,4,11738.0,16871.0
Mouse_Thymus2,83_36,2,16138.0,16671.0
Mouse_Thymus2,99_58,2,17738.0,18871.0
Mouse_Thymus2,24_56,4,10238.0,18671.0
Mouse_Thymus2,48_40,3,12638.0,17071.0
Mouse_Thymus2,85_18,3,16338.0,14871.0
Mouse_Thymus2,82_52,2,16038.0,18271.0
Mouse_Thymus2,75_37,3,15338.0,16771.0
Mouse_Thymus2,65_29,4,14338.0,15971.0
Mouse_Thymus2,64_23,4,14238.0,15371.0
Mouse_Thymus2,93_46,2,17138.0,17671.0
Mouse_Thymus2,64_18,2,14238.0,14871.0
Mouse_Thymus2,10_46,2,8838.0,17671.0
Mouse_Thymus2,85_7,4,16338.0,13771.0
Mouse_Thymus2,33_25,2,11138.0,15571.0
Mouse_Thymus2,32_39,2,11038.0,16971.0
Mouse_Thymus2,88_45,2,16638.0,17571.0
Mouse_Thymus2,78_4,2,15638.0,13471.0
Mouse_Thymus2,120_39,0,19838.0,16971.0
Mouse_Thymus2,21_44,3,9938.0,17471.0
Mouse_Thymus2,57_29,3,13538.0,15971.0
Mouse_Thymus2,84_10,2,16238.0,14071.0
Mouse_Thymus2,121_48,2,19938.0,17871.0
Mouse_Thymus2,92_33,2,17038.0,16371.0
Mouse_Thymus2,83_7,2,16138.0,13771.0
Mouse_Thymus2,103_28,3,18138.0,15871.0
Mouse_Thymus2,105_49,2,18338.0,17971.0
Mouse_Thymus2,97_20,3,17538.0,15071.0
Mouse_Thymus2,72_32,2,15038.0,16271.0
Mouse_Thymus2,40_26,4,11838.0,15671.0
Mouse_Thymus2,91_48,2,16938.0,17871.0
Mouse_Thymus2,91_50,2,16938.0,18071.0
Mouse_Thymus2,78_47,4,15638.0,17771.0
Mouse_Thymus2,39_40,3,11738.0,17071.0
Mouse_Thymus2,79_26,3,15738.0,15671.0
Mouse_Thymus2,34_33,2,11238.0,16371.0
Mouse_Thymus2,77_5,2,15538.0,13571.0
Mouse_Thymus2,31_47,3,10938.0,17771.0
Mouse_Thymus2,67_22,3,14538.0,15271.0
Mouse_Thymus2,122_57,4,20038.0,18771.0
Mouse_Thymus2,92_20,3,17038.0,15071.0
Mouse_Thymus2,18_43,3,9638.0,17371.0
Mouse_Thymus2,37_40,3,11538.0,17071.0
Mouse_Thymus2,21_42,4,9938.0,17271.0
Mouse_Thymus2,32_38,2,11038.0,16871.0
Mouse_Thymus2,43_28,3,12138.0,15871.0
Mouse_Thymus2,43_32,4,12138.0,16271.0
Mouse_Thymus2,86_55,2,16438.0,18571.0
Mouse_Thymus2,88_31,2,16638.0,16171.0
Mouse_Thymus2,89_32,4,16738.0,16271.0
Mouse_Thymus2,29_48,3,10738.0,17871.0
Mouse_Thymus2,39_29,4,11738.0,15971.0
Mouse_Thymus2,98_15,2,17638.0,14571.0
Mouse_Thymus2,119_65,2,19738.0,19571.0
Mouse_Thymus2,115_60,2,19338.0,19071.0
Mouse_Thymus2,27_36,2,10538.0,16671.0
Mouse_Thymus2,98_46,2,17638.0,17671.0
Mouse_Thymus2,101_28,3,17938.0,15871.0
Mouse_Thymus2,66_24,3,14438.0,15471.0
Mouse_Thymus2,54_16,2,13238.0,14671.0
Mouse_Thymus2,116_61,2,19438.0,19171.0
Mouse_Thymus2,86_15,3,16438.0,14571.0
Mouse_Thymus2,39_25,2,11738.0,15571.0
Mouse_Thymus2,29_45,3,10738.0,17571.0
Mouse_Thymus2,95_49,2,17338.0,17971.0
Mouse_Thymus2,17_45,3,9538.0,17571.0
Mouse_Thymus2,108_46,3,18638.0,17671.0
Mouse_Thymus2,89_5,2,16738.0,13571.0
Mouse_Thymus2,61_32,3,13938.0,16271.0
Mouse_Thymus2,114_32,2,19238.0,16271.0
Mouse_Thymus2,106_25,2,18438.0,15571.0
Mouse_Thymus2,42_33,2,12038.0,16371.0
Mouse_Thymus2,47_32,4,12538.0,16271.0
Mouse_Thymus2,59_14,2,13738.0,14471.0
Mouse_Thymus2,68_35,3,14638.0,16571.0
Mouse_Thymus2,79_17,2,15738.0,14771.0
Mouse_Thymus2,42_30,3,12038.0,16071.0
Mouse_Thymus2,99_45,2,17738.0,17571.0
Mouse_Thymus2,79_52,2,15738.0,18271.0
Mouse_Thymus2,31_45,3,10938.0,17571.0
Mouse_Thymus2,94_46,2,17238.0,17671.0
Mouse_Thymus2,97_55,4,17538.0,18571.0
Mouse_Thymus2,85_15,3,16338.0,14571.0
Mouse_Thymus2,76_49,2,15438.0,17971.0
Mouse_Thymus2,85_30,4,16338.0,16071.0
Mouse_Thymus2,21_43,3,9938.0,17371.0
Mouse_Thymus2,67_39,2,14538.0,16971.0
Mouse_Thymus2,33_56,2,11138.0,18671.0
Mouse_Thymus2,35_31,4,11338.0,16171.0
Mouse_Thymus2,84_49,2,16238.0,17971.0
Mouse_Thymus2,46_35,2,12438.0,16571.0
Mouse_Thymus2,38_30,4,11638.0,16071.0
Mouse_Thymus2,64_29,3,14238.0,15971.0
Mouse_Thymus2,44_18,2,12238.0,14871.0
Mouse_Thymus2,116_38,2,19438.0,16871.0
Mouse_Thymus2,53_20,3,13138.0,15071.0
Mouse_Thymus2,91_27,2,16938.0,15771.0
Mouse_Thymus2,75_10,2,15338.0,14071.0
Mouse_Thymus2,40_36,4,11838.0,16671.0
Mouse_Thymus2,84_34,2,16238.0,16471.0
Mouse_Thymus2,33_37,2,11138.0,16771.0
Mouse_Thymus2,87_36,4,16538.0,16671.0
Mouse_Thymus2,116_52,4,19438.0,18271.0
Mouse_Thymus2,76_8,2,15438.0,13871.0
Mouse_Thymus2,100_22,3,17838.0,15271.0
Mouse_Thymus2,99_37,3,17738.0,16771.0
Mouse_Thymus2,98_53,2,17638.0,18371.0
Mouse_Thymus2,110_30,2,18838.0,16071.0
Mouse_Thymus2,114_33,4,19238.0,16371.0
Mouse_Thymus2,92_48,2,17038.0,17871.0
Mouse_Thymus2,92_11,2,17038.0,14171.0
Mouse_Thymus2,97_22,3,17538.0,15271.0
Mouse_Thymus2,37_54,2,11538.0,18471.0
Mouse_Thymus2,60_22,3,13838.0,15271.0
Mouse_Thymus2,118_47,4,19638.0,17771.0
Mouse_Thymus2,88_27,2,16638.0,15771.0
Mouse_Thymus2,106_49,2,18438.0,17971.0
Mouse_Thymus2,29_49,2,10738.0,17971.0
Mouse_Thymus2,123_59,2,20138.0,18971.0
Mouse_Thymus2,112_50,2,19038.0,18071.0
Mouse_Thymus2,80_23,3,15838.0,15371.0
Mouse_Thymus2,41_48,2,11938.0,17871.0
Mouse_Thymus2,48_18,2,12638.0,14871.0
Mouse_Thymus2,28_39,2,10638.0,16971.0
Mouse_Thymus2,53_14,0,13138.0,14471.0
Mouse_Thymus2,32_42,3,11038.0,17271.0
Mouse_Thymus2,106_52,2,18438.0,18271.0
Mouse_Thymus2,33_30,2,11138.0,16071.0
Mouse_Thymus2,65_16,2,14338.0,14671.0
Mouse_Thymus2,65_38,2,14338.0,16871.0
Mouse_Thymus2,68_32,4,14638.0,16271.0
Mouse_Thymus2,50_43,2,12838.0,17371.0
Mouse_Thymus2,111_31,4,18938.0,16171.0
Mouse_Thymus2,13_48,2,9138.0,17871.0
Mouse_Thymus2,50_20,2,12838.0,15071.0
Mouse_Thymus2,105_44,2,18338.0,17471.0
Mouse_Thymus2,47_26,4,12538.0,15671.0
Mouse_Thymus2,11_41,2,8938.0,17171.0
Mouse_Thymus2,58_17,2,13638.0,14771.0
Mouse_Thymus2,93_15,4,17138.0,14571.0
Mouse_Thymus2,118_54,3,19638.0,18471.0
Mouse_Thymus2,22_49,2,10038.0,17971.0
Mouse_Thymus2,98_17,4,17638.0,14771.0
Mouse_Thymus2,94_58,2,17238.0,18871.0
Mouse_Thymus2,42_44,3,12038.0,17471.0
Mouse_Thymus2,115_46,3,19338.0,17671.0
Mouse_Thymus2,37_46,3,11538.0,17671.0
Mouse_Thymus2,87_56,2,16538.0,18671.0
Mouse_Thymus2,47_18,2,12538.0,14871.0
Mouse_Thymus2,81_48,2,15938.0,17871.0
Mouse_Thymus2,8_44,2,8638.0,17471.0
Mouse_Thymus2,123_69,2,20138.0,19971.0
Mouse_Thymus2,83_29,3,16138.0,15971.0
Mouse_Thymus2,59_42,2,13738.0,17271.0
Mouse_Thymus2,110_32,2,18838.0,16271.0
Mouse_Thymus2,67_40,4,14538.0,17071.0
Mouse_Thymus2,87_2,0,16538.0,13271.0
Mouse_Thymus2,74_7,2,15238.0,13771.0
Mouse_Thymus2,92_34,2,17038.0,16471.0
Mouse_Thymus2,116_37,2,19438.0,16771.0
Mouse_Thymus2,43_40,3,12138.0,17071.0
Mouse_Thymus2,20_39,2,9838.0,16971.0
Mouse_Thymus2,102_54,2,18038.0,18471.0
Mouse_Thymus2,44_17,2,12238.0,14771.0
Mouse_Thymus2,94_37,2,17238.0,16771.0
Mouse_Thymus2,30_49,2,10838.0,17971.0
Mouse_Thymus2,98_14,2,17638.0,14471.0
Mouse_Thymus2,109_51,2,18738.0,18171.0
Mouse_Thymus2,19_52,4,9738.0,18271.0
Mouse_Thymus2,89_35,4,16738.0,16571.0
Mouse_Thymus2,100_10,2,17838.0,14071.0
Mouse_Thymus2,106_24,2,18438.0,15471.0
Mouse_Thymus2,95_13,4,17338.0,14371.0
Mouse_Thymus2,91_21,3,16938.0,15171.0
Mouse_Thymus2,111_55,2,18938.0,18571.0
Mouse_Thymus2,104_38,3,18238.0,16871.0
Mouse_Thymus2,15_41,4,9338.0,17171.0
Mouse_Thymus2,77_28,3,15538.0,15871.0
Mouse_Thymus2,83_45,2,16138.0,17571.0
Mouse_Thymus2,70_44,0,14838.0,17471.0
Mouse_Thymus2,45_32,4,12338.0,16271.0
Mouse_Thymus2,92_17,3,17038.0,14771.0
Mouse_Thymus2,63_9,2,14138.0,13971.0
Mouse_Thymus2,83_0,4,16138.0,13071.0
Mouse_Thymus2,81_40,3,15938.0,17071.0
Mouse_Thymus2,42_24,4,12038.0,15471.0
Mouse_Thymus2,120_61,3,19838.0,19171.0
Mouse_Thymus2,118_38,4,19638.0,16871.0
Mouse_Thymus2,54_30,4,13238.0,16071.0
Mouse_Thymus2,122_50,2,20038.0,18071.0
Mouse_Thymus2,82_38,2,16038.0,16871.0
Mouse_Thymus2,80_32,4,15838.0,16271.0
Mouse_Thymus2,123_61,2,20138.0,19171.0
Mouse_Thymus2,98_31,4,17638.0,16171.0
Mouse_Thymus2,91_6,2,16938.0,13671.0
Mouse_Thymus2,82_32,2,16038.0,16271.0
Mouse_Thymus2,54_14,2,13238.0,14471.0
Mouse_Thymus2,55_20,2,13338.0,15071.0
Mouse_Thymus2,71_45,0,14938.0,17571.0
Mouse_Thymus2,30_46,3,10838.0,17671.0
Mouse_Thymus2,76_29,3,15438.0,15971.0
Mouse_Thymus2,59_41,2,13738.0,17171.0
Mouse_Thymus2,24_41,2,10238.0,17171.0
Mouse_Thymus2,110_34,2,18838.0,16471.0
Mouse_Thymus2,94_24,3,17238.0,15471.0
Mouse_Thymus2,48_43,3,12638.0,17371.0
Mouse_Thymus2,108_40,3,18638.0,17071.0
Mouse_Thymus2,97_31,3,17538.0,16171.0
Mouse_Thymus2,74_46,2,15238.0,17671.0
Mouse_Thymus2,41_39,3,11938.0,16971.0
Mouse_Thymus2,88_21,3,16638.0,15171.0
Mouse_Thymus2,99_35,3,17738.0,16571.0
Mouse_Thymus2,30_42,3,10838.0,17271.0
Mouse_Thymus2,82_36,2,16038.0,16671.0
Mouse_Thymus2,56_37,4,13438.0,16771.0
Mouse_Thymus2,110_48,2,18838.0,17871.0
Mouse_Thymus2,54_35,4,13238.0,16571.0
Mouse_Thymus2,100_51,2,17838.0,18171.0
Mouse_Thymus2,94_22,3,17238.0,15271.0
Mouse_Thymus2,30_41,3,10838.0,17171.0
Mouse_Thymus2,39_22,2,11738.0,15271.0
Mouse_Thymus2,55_38,4,13338.0,16871.0
Mouse_Thymus2,96_32,4,17438.0,16271.0
Mouse_Thymus2,122_52,2,20038.0,18271.0
Mouse_Thymus2,49_20,2,12738.0,15071.0
Mouse_Thymus2,18_48,4,9638.0,17871.0
Mouse_Thymus2,107_47,2,18538.0,17771.0
Mouse_Thymus2,47_23,4,12538.0,15371.0
Mouse_Thymus2,83_20,3,16138.0,15071.0
Mouse_Thymus2,98_29,2,17638.0,15971.0
Mouse_Thymus2,55_42,2,13338.0,17271.0
Mouse_Thymus2,101_54,2,17938.0,18471.0
Mouse_Thymus2,75_13,4,15338.0,14371.0
Mouse_Thymus2,117_40,4,19538.0,17071.0
Mouse_Thymus2,72_11,2,15038.0,14171.0
Mouse_Thymus2,6_42,4,8438.0,17271.0
Mouse_Thymus2,110_50,2,18838.0,18071.0
Mouse_Thymus2,83_52,2,16138.0,18271.0
Mouse_Thymus2,54_27,3,13238.0,15771.0
Mouse_Thymus2,43_36,2,12138.0,16671.0
Mouse_Thymus2,80_27,4,15838.0,15771.0
Mouse_Thymus2,91_22,3,16938.0,15271.0
Mouse_Thymus2,92_39,2,17038.0,16971.0
Mouse_Thymus2,89_25,4,16738.0,15571.0
Mouse_Thymus2,91_13,2,16938.0,14371.0
Mouse_Thymus2,12_40,2,9038.0,17071.0
Mouse_Thymus2,65_31,3,14338.0,16171.0
Mouse_Thymus2,114_38,2,19238.0,16871.0
Mouse_Thymus2,97_18,4,17538.0,14871.0
Mouse_Thymus2,89_41,2,16738.0,17171.0
Mouse_Thymus2,25_34,2,10338.0,16471.0
Mouse_Thymus2,76_33,3,15438.0,16371.0
Mouse_Thymus2,101_35,3,17938.0,16571.0
Mouse_Thymus2,29_54,2,10738.0,18471.0
Mouse_Thymus2,79_50,2,15738.0,18071.0
Mouse_Thymus2,20_49,4,9838.0,17971.0
Mouse_Thymus2,86_38,2,16438.0,16871.0
Mouse_Thymus2,113_57,2,19138.0,18771.0
Mouse_Thymus2,31_32,2,10938.0,16271.0
Mouse_Thymus2,116_49,3,19438.0,17971.0
Mouse_Thymus2,96_54,2,17438.0,18471.0
Mouse_Thymus2,23_53,2,10138.0,18371.0
Mouse_Thymus2,79_21,3,15738.0,15171.0
Mouse_Thymus2,89_40,2,16738.0,17071.0
Mouse_Thymus2,99_50,2,17738.0,18071.0
Mouse_Thymus2,10_43,2,8838.0,17371.0
Mouse_Thymus2,23_41,2,10138.0,17171.0
Mouse_Thymus2,92_10,4,17038.0,14071.0
Mouse_Thymus2,34_44,3,11238.0,17471.0
Mouse_Thymus2,55_35,3,13338.0,16571.0
Mouse_Thymus2,98_7,4,17638.0,13771.0
Mouse_Thymus2,90_44,2,16838.0,17471.0
Mouse_Thymus2,91_46,2,16938.0,17671.0
Mouse_Thymus2,81_46,2,15938.0,17671.0
Mouse_Thymus2,57_42,4,13538.0,17271.0
Mouse_Thymus2,69_7,2,14738.0,13771.0
Mouse_Thymus2,81_33,2,15938.0,16371.0
Mouse_Thymus2,84_3,2,16238.0,13371.0
Mouse_Thymus2,49_31,4,12738.0,16171.0
Mouse_Thymus2,50_22,4,12838.0,15271.0
Mouse_Thymus2,95_56,2,17338.0,18671.0
Mouse_Thymus2,39_47,2,11738.0,17771.0
Mouse_Thymus2,65_12,4,14338.0,14271.0
Mouse_Thymus2,76_43,4,15438.0,17371.0
Mouse_Thymus2,83_25,4,16138.0,15571.0
Mouse_Thymus2,90_40,2,16838.0,17071.0
Mouse_Thymus2,112_54,4,19038.0,18471.0
Mouse_Thymus2,12_41,2,9038.0,17171.0
Mouse_Thymus2,84_50,4,16238.0,18071.0
Mouse_Thymus2,49_45,2,12738.0,17571.0
Mouse_Thymus2,117_38,2,19538.0,16871.0
Mouse_Thymus2,41_35,2,11938.0,16571.0
Mouse_Thymus2,32_32,4,11038.0,16271.0
Mouse_Thymus2,103_35,3,18138.0,16571.0
Mouse_Thymus2,33_26,2,11138.0,15671.0
Mouse_Thymus2,87_35,2,16538.0,16571.0
Mouse_Thymus2,17_41,2,9538.0,17171.0
Mouse_Thymus2,99_36,3,17738.0,16671.0
Mouse_Thymus2,30_30,4,10838.0,16071.0
Mouse_Thymus2,40_35,2,11838.0,16571.0
Mouse_Thymus2,59_20,4,13738.0,15071.0
Mouse_Thymus2,90_55,2,16838.0,18571.0
Mouse_Thymus2,119_57,4,19738.0,18771.0
Mouse_Thymus2,80_18,3,15838.0,14871.0
Mouse_Thymus2,69_26,3,14738.0,15671.0
Mouse_Thymus2,89_18,3,16738.0,14871.0
Mouse_Thymus2,95_32,4,17338.0,16271.0
Mouse_Thymus2,109_30,2,18738.0,16071.0
Mouse_Thymus2,27_47,3,10538.0,17771.0
Mouse_Thymus2,98_32,3,17638.0,16271.0
Mouse_Thymus2,97_58,2,17538.0,18871.0
Mouse_Thymus2,56_36,4,13438.0,16671.0
Mouse_Thymus2,92_36,2,17038.0,16671.0
Mouse_Thymus2,79_22,3,15738.0,15271.0
Mouse_Thymus2,63_27,4,14138.0,15771.0
Mouse_Thymus2,99_27,3,17738.0,15771.0
Mouse_Thymus2,105_30,4,18338.0,16071.0
Mouse_Thymus2,101_49,2,17938.0,17971.0
Mouse_Thymus2,34_34,2,11238.0,16471.0
Mouse_Thymus2,16_53,4,9438.0,18371.0
Mouse_Thymus2,47_43,3,12538.0,17371.0
Mouse_Thymus2,24_45,3,10238.0,17571.0
Mouse_Thymus2,113_64,2,19138.0,19471.0
Mouse_Thymus2,24_55,4,10238.0,18571.0
Mouse_Thymus2,39_42,3,11738.0,17271.0
Mouse_Thymus2,37_26,2,11538.0,15671.0
Mouse_Thymus2,74_19,4,15238.0,14971.0
Mouse_Thymus2,20_55,4,9838.0,18571.0
Mouse_Thymus2,16_44,3,9438.0,17471.0
Mouse_Thymus2,95_37,4,17338.0,16771.0
Mouse_Thymus2,122_51,2,20038.0,18171.0
Mouse_Thymus2,51_27,3,12938.0,15771.0
Mouse_Thymus2,97_48,4,17538.0,17871.0
Mouse_Thymus2,76_26,3,15438.0,15671.0
Mouse_Thymus2,73_15,2,15138.0,14571.0
Mouse_Thymus2,71_9,4,14938.0,13971.0
Mouse_Thymus2,118_43,2,19638.0,17371.0
Mouse_Thymus2,55_36,2,13338.0,16671.0
Mouse_Thymus2,11_46,4,8938.0,17671.0
Mouse_Thymus2,26_41,2,10438.0,17171.0
Mouse_Thymus2,66_23,3,14438.0,15371.0
Mouse_Thymus2,79_2,4,15738.0,13271.0
Mouse_Thymus2,111_30,2,18938.0,16071.0
Mouse_Thymus2,34_27,2,11238.0,15771.0
Mouse_Thymus2,111_32,4,18938.0,16271.0
Mouse_Thymus2,80_34,2,15838.0,16471.0
Mouse_Thymus2,5_48,0,8338.0,17871.0
Mouse_Thymus2,76_15,4,15438.0,14571.0
Mouse_Thymus2,72_6,2,15038.0,13671.0
Mouse_Thymus2,118_42,2,19638.0,17271.0
Mouse_Thymus2,94_21,3,17238.0,15171.0
Mouse_Thymus2,122_68,2,20038.0,19871.0
Mouse_Thymus2,63_25,3,14138.0,15571.0
Mouse_Thymus2,109_32,2,18738.0,16271.0
Mouse_Thymus2,91_20,3,16938.0,15071.0
Mouse_Thymus2,59_39,2,13738.0,16971.0
Mouse_Thymus2,112_36,2,19038.0,16671.0
Mouse_Thymus2,111_49,2,18938.0,17971.0
Mouse_Thymus2,59_22,4,13738.0,15271.0
Mouse_Thymus2,76_5,2,15438.0,13571.0
Mouse_Thymus2,33_51,2,11138.0,18171.0
Mouse_Thymus2,104_55,2,18238.0,18571.0
Mouse_Thymus2,82_5,2,16038.0,13571.0
Mouse_Thymus2,95_30,4,17338.0,16071.0
Mouse_Thymus2,70_27,3,14838.0,15771.0
Mouse_Thymus2,86_47,2,16438.0,17771.0
Mouse_Thymus2,91_23,3,16938.0,15371.0
Mouse_Thymus2,16_50,4,9438.0,18071.0
Mouse_Thymus2,40_34,4,11838.0,16471.0
Mouse_Thymus2,93_60,2,17138.0,19071.0
Mouse_Thymus2,69_23,3,14738.0,15371.0
Mouse_Thymus2,35_25,2,11338.0,15571.0
Mouse_Thymus2,23_38,4,10138.0,16871.0
Mouse_Thymus2,20_47,3,9838.0,17771.0
Mouse_Thymus2,124_58,4,20238.0,18871.0
Mouse_Thymus2,85_46,4,16338.0,17671.0
Mouse_Thymus2,44_48,2,12238.0,17871.0
Mouse_Thymus2,51_29,3,12938.0,15971.0
Mouse_Thymus2,68_14,2,14638.0,14471.0
Mouse_Thymus2,94_27,3,17238.0,15771.0
Mouse_Thymus2,110_40,3,18838.0,17071.0
Mouse_Thymus2,112_35,2,19038.0,16571.0
Mouse_Thymus2,62_12,2,14038.0,14271.0
Mouse_Thymus2,38_49,2,11638.0,17971.0
Mouse_Thymus2,77_18,2,15538.0,14871.0
Mouse_Thymus2,62_39,2,14038.0,16971.0
Mouse_Thymus2,44_27,3,12238.0,15771.0
Mouse_Thymus2,85_16,3,16338.0,14671.0
Mouse_Thymus2,98_9,2,17638.0,13971.0
Mouse_Thymus2,31_36,2,10938.0,16671.0
Mouse_Thymus2,45_29,3,12338.0,15971.0
Mouse_Thymus2,50_21,2,12838.0,15171.0
Mouse_Thymus2,55_33,3,13338.0,16371.0
Mouse_Thymus2,22_46,3,10038.0,17671.0
Mouse_Thymus2,71_2,2,14938.0,13271.0
Mouse_Thymus2,86_17,3,16438.0,14771.0
Mouse_Thymus2,98_27,3,17638.0,15771.0
Mouse_Thymus2,89_20,3,16738.0,15071.0
Mouse_Thymus2,62_29,3,14038.0,15971.0
Mouse_Thymus2,20_48,4,9838.0,17871.0
Mouse_Thymus2,15_47,3,9338.0,17771.0
Mouse_Thymus2,35_44,3,11338.0,17471.0
Mouse_Thymus2,119_45,2,19738.0,17571.0
Mouse_Thymus2,58_39,2,13638.0,16971.0
Mouse_Thymus2,71_23,3,14938.0,15371.0
Mouse_Thymus2,81_34,2,15938.0,16471.0
Mouse_Thymus2,113_48,4,19138.0,17871.0
Mouse_Thymus2,106_33,3,18438.0,16371.0
Mouse_Thymus2,112_48,4,19038.0,17871.0
Mouse_Thymus2,89_54,2,16738.0,18471.0
Mouse_Thymus2,72_34,4,15038.0,16471.0
Mouse_Thymus2,35_38,4,11338.0,16871.0
Mouse_Thymus2,21_39,2,9938.0,16971.0
Mouse_Thymus2,76_0,4,15438.0,13071.0
Mouse_Thymus2,56_17,4,13438.0,14771.0
Mouse_Thymus2,71_37,3,14938.0,16771.0
Mouse_Thymus2,77_0,2,15538.0,13071.0
Mouse_Thymus2,94_8,2,17238.0,13871.0
Mouse_Thymus2,75_11,4,15338.0,14171.0
Mouse_Thymus2,56_41,2,13438.0,17171.0
Mouse_Thymus2,73_7,2,15138.0,13771.0
Mouse_Thymus2,90_47,2,16838.0,17771.0
Mouse_Thymus2,103_50,2,18138.0,18071.0
Mouse_Thymus2,27_55,2,10538.0,18571.0
Mouse_Thymus2,22_54,2,10038.0,18471.0
Mouse_Thymus2,103_57,2,18138.0,18771.0
Mouse_Thymus2,72_0,2,15038.0,13071.0
Mouse_Thymus2,78_49,2,15638.0,17971.0
Mouse_Thymus2,30_28,2,10838.0,15871.0
Mouse_Thymus2,98_21,3,17638.0,15171.0
Mouse_Thymus2,74_41,4,15238.0,17171.0
Mouse_Thymus2,85_29,4,16338.0,15971.0
Mouse_Thymus2,47_27,3,12538.0,15771.0
Mouse_Thymus2,102_29,3,18038.0,15971.0
Mouse_Thymus2,56_30,3,13438.0,16071.0
Mouse_Thymus2,76_9,2,15438.0,13971.0
Mouse_Thymus2,35_45,3,11338.0,17571.0
Mouse_Thymus2,106_53,2,18438.0,18371.0
Mouse_Thymus2,104_45,4,18238.0,17571.0
Mouse_Thymus2,90_50,4,16838.0,18071.0
Mouse_Thymus2,73_8,2,15138.0,13871.0
Mouse_Thymus2,63_18,4,14138.0,14871.0
Mouse_Thymus2,23_45,3,10138.0,17571.0
Mouse_Thymus2,93_14,4,17138.0,14471.0
Mouse_Thymus2,36_53,2,11438.0,18371.0
Mouse_Thymus2,33_44,3,11138.0,17471.0
Mouse_Thymus2,105_35,3,18338.0,16571.0
Mouse_Thymus2,110_49,2,18838.0,17971.0
Mouse_Thymus2,110_44,3,18838.0,17471.0
Mouse_Thymus2,65_18,4,14338.0,14871.0
Mouse_Thymus2,96_27,4,17438.0,15771.0
Mouse_Thymus2,93_23,3,17138.0,15371.0
Mouse_Thymus2,68_5,2,14638.0,13571.0
Mouse_Thymus2,86_23,4,16438.0,15371.0
Mouse_Thymus2,115_45,3,19338.0,17571.0
Mouse_Thymus2,63_28,3,14138.0,15871.0
Mouse_Thymus2,101_53,2,17938.0,18371.0
Mouse_Thymus2,89_26,2,16738.0,15671.0
Mouse_Thymus2,39_35,4,11738.0,16571.0
Mouse_Thymus2,119_56,4,19738.0,18671.0
Mouse_Thymus2,100_39,3,17838.0,16971.0
Mouse_Thymus2,9_49,4,8738.0,17971.0
Mouse_Thymus2,85_31,2,16338.0,16171.0
Mouse_Thymus2,55_27,3,13338.0,15771.0
Mouse_Thymus2,75_29,3,15338.0,15971.0
Mouse_Thymus2,98_16,2,17638.0,14671.0
Mouse_Thymus2,81_21,3,15938.0,15171.0
Mouse_Thymus2,102_27,3,18038.0,15771.0
Mouse_Thymus2,39_39,3,11738.0,16971.0
Mouse_Thymus2,24_49,4,10238.0,17971.0
Mouse_Thymus2,27_39,2,10538.0,16971.0
Mouse_Thymus2,96_48,4,17438.0,17871.0
Mouse_Thymus2,93_22,3,17138.0,15271.0
Mouse_Thymus2,73_31,3,15138.0,16171.0
Mouse_Thymus2,87_44,2,16538.0,17471.0
Mouse_Thymus2,38_40,3,11638.0,17071.0
Mouse_Thymus2,77_34,3,15538.0,16471.0
Mouse_Thymus2,98_55,2,17638.0,18571.0
Mouse_Thymus2,37_50,4,11538.0,18071.0
Mouse_Thymus2,104_57,2,18238.0,18771.0
Mouse_Thymus2,29_52,2,10738.0,18271.0
Mouse_Thymus2,61_40,2,13938.0,17071.0
Mouse_Thymus2,78_2,2,15638.0,13271.0
Mouse_Thymus2,63_40,2,14138.0,17071.0
Mouse_Thymus2,82_48,2,16038.0,17871.0
Mouse_Thymus2,82_45,4,16038.0,17571.0
Mouse_Thymus2,112_57,2,19038.0,18771.0
Mouse_Thymus2,99_23,3,17738.0,15371.0
Mouse_Thymus2,46_18,2,12438.0,14871.0
Mouse_Thymus2,25_45,3,10338.0,17571.0
Mouse_Thymus2,51_15,2,12938.0,14571.0
Mouse_Thymus2,36_33,2,11438.0,16371.0
Mouse_Thymus2,26_35,2,10438.0,16571.0
Mouse_Thymus2,78_35,3,15638.0,16571.0
Mouse_Thymus2,85_51,4,16338.0,18171.0
Mouse_Thymus2,43_27,3,12138.0,15771.0
Mouse_Thymus2,46_23,2,12438.0,15371.0
Mouse_Thymus2,62_19,4,14038.0,14971.0
Mouse_Thymus2,46_43,3,12438.0,17371.0
Mouse_Thymus2,76_25,3,15438.0,15571.0
Mouse_Thymus2,69_32,2,14738.0,16271.0
Mouse_Thymus2,81_38,3,15938.0,16871.0
Mouse_Thymus2,115_41,2,19338.0,17171.0
Mouse_Thymus2,102_34,3,18038.0,16471.0
Mouse_Thymus2,71_29,3,14938.0,15971.0
Mouse_Thymus2,104_19,2,18238.0,14971.0
Mouse_Thymus2,49_19,2,12738.0,14971.0
Mouse_Thymus2,32_29,2,11038.0,15971.0
Mouse_Thymus2,74_29,3,15238.0,15971.0
Mouse_Thymus2,4_44,4,8238.0,17471.0
Mouse_Thymus2,114_50,2,19238.0,18071.0
Mouse_Thymus2,36_29,4,11438.0,15971.0
Mouse_Thymus2,11_43,2,8938.0,17371.0
Mouse_Thymus2,61_28,3,13938.0,15871.0
Mouse_Thymus2,78_39,3,15638.0,16971.0
Mouse_Thymus2,53_26,4,13138.0,15671.0
Mouse_Thymus2,23_39,2,10138.0,16971.0
Mouse_Thymus2,55_18,4,13338.0,14871.0
Mouse_Thymus2,75_40,3,15338.0,17071.0
Mouse_Thymus2,70_14,4,14838.0,14471.0
Mouse_Thymus2,61_29,3,13938.0,15971.0
Mouse_Thymus2,78_10,2,15638.0,14071.0
Mouse_Thymus2,38_53,2,11638.0,18371.0
Mouse_Thymus2,108_33,2,18638.0,16371.0
Mouse_Thymus2,33_47,3,11138.0,17771.0
Mouse_Thymus2,124_72,2,20238.0,20271.0
Mouse_Thymus2,3_46,4,8138.0,17671.0
Mouse_Thymus2,23_54,2,10138.0,18471.0
Mouse_Thymus2,83_1,2,16138.0,13171.0
Mouse_Thymus2,124_59,2,20238.0,18971.0
Mouse_Thymus2,81_53,4,15938.0,18371.0
Mouse_Thymus2,94_13,4,17238.0,14371.0
Mouse_Thymus2,107_56,2,18538.0,18671.0
Mouse_Thymus2,114_62,2,19238.0,19271.0
Mouse_Thymus2,12_47,2,9038.0,17771.0
Mouse_Thymus2,54_17,2,13238.0,14771.0
Mouse_Thymus2,91_42,4,16938.0,17271.0
Mouse_Thymus2,87_32,2,16538.0,16271.0
Mouse_Thymus2,118_48,3,19638.0,17871.0
Mouse_Thymus2,87_21,3,16538.0,15171.0
Mouse_Thymus2,55_14,2,13338.0,14471.0
Mouse_Thymus2,46_45,4,12438.0,17571.0
Mouse_Thymus2,32_34,2,11038.0,16471.0
Mouse_Thymus2,101_26,3,17938.0,15671.0
Mouse_Thymus2,10_45,4,8838.0,17571.0
Mouse_Thymus2,108_28,2,18638.0,15871.0
Mouse_Thymus2,88_57,4,16638.0,18771.0
Mouse_Thymus2,67_8,2,14538.0,13871.0
Mouse_Thymus2,121_58,3,19938.0,18871.0
Mouse_Thymus2,76_2,2,15438.0,13271.0
Mouse_Thymus2,55_40,2,13338.0,17071.0
Mouse_Thymus2,80_51,2,15838.0,18171.0
Mouse_Thymus2,103_46,2,18138.0,17671.0
Mouse_Thymus2,98_40,4,17638.0,17071.0
Mouse_Thymus2,74_14,4,15238.0,14471.0
Mouse_Thymus2,77_3,2,15538.0,13371.0
Mouse_Thymus2,19_50,2,9738.0,18071.0
Mouse_Thymus2,33_35,2,11138.0,16571.0
Mouse_Thymus2,106_55,4,18438.0,18571.0
Mouse_Thymus2,11_47,2,8938.0,17771.0
Mouse_Thymus2,98_48,4,17638.0,17871.0
Mouse_Thymus2,92_13,2,17038.0,14371.0
Mouse_Thymus2,69_18,4,14738.0,14871.0
Mouse_Thymus2,90_5,0,16838.0,13571.0
Mouse_Thymus2,87_20,3,16538.0,15071.0
Mouse_Thymus2,86_43,2,16438.0,17371.0
Mouse_Thymus2,76_35,3,15438.0,16571.0
Mouse_Thymus2,98_50,2,17638.0,18071.0
Mouse_Thymus2,107_27,2,18538.0,15771.0
Mouse_Thymus2,102_18,2,18038.0,14871.0
Mouse_Thymus2,57_16,4,13538.0,14671.0
Mouse_Thymus2,55_39,4,13338.0,16971.0
Mouse_Thymus2,104_20,4,18238.0,15071.0
Mouse_Thymus2,105_21,4,18338.0,15171.0
Mouse_Thymus2,65_26,3,14338.0,15671.0
Mouse_Thymus2,10_42,2,8838.0,17271.0
Mouse_Thymus2,74_34,3,15238.0,16471.0
Mouse_Thymus2,32_43,3,11038.0,17371.0
Mouse_Thymus2,82_13,2,16038.0,14371.0
Mouse_Thymus2,76_47,2,15438.0,17771.0
Mouse_Thymus2,122_65,3,20038.0,19571.0
Mouse_Thymus2,84_8,4,16238.0,13871.0
Mouse_Thymus2,118_58,3,19638.0,18871.0
Mouse_Thymus2,40_31,4,11838.0,16171.0
Mouse_Thymus2,44_34,2,12238.0,16471.0
Mouse_Thymus2,95_26,3,17338.0,15671.0
Mouse_Thymus2,83_15,4,16138.0,14571.0
Mouse_Thymus2,70_41,2,14838.0,17171.0
Mouse_Thymus2,123_72,2,20138.0,20271.0
Mouse_Thymus2,41_37,2,11938.0,16771.0
Mouse_Thymus2,75_30,3,15338.0,16071.0
Mouse_Thymus2,75_23,3,15338.0,15371.0
Mouse_Thymus2,93_30,2,17138.0,16071.0
Mouse_Thymus2,111_53,2,18938.0,18371.0
Mouse_Thymus2,68_30,4,14638.0,16071.0
Mouse_Thymus2,69_35,3,14738.0,16571.0
Mouse_Thymus2,77_9,4,15538.0,13971.0
Mouse_Thymus2,44_23,2,12238.0,15371.0
Mouse_Thymus2,95_28,4,17338.0,15871.0
Mouse_Thymus2,40_47,4,11838.0,17771.0
Mouse_Thymus2,93_26,3,17138.0,15671.0
Mouse_Thymus2,21_40,2,9938.0,17071.0
Mouse_Thymus2,32_53,2,11038.0,18371.0
Mouse_Thymus2,110_60,4,18838.0,19071.0
Mouse_Thymus2,62_41,2,14038.0,17171.0
Mouse_Thymus2,76_19,4,15438.0,14971.0
Mouse_Thymus2,121_44,2,19938.0,17471.0
Mouse_Thymus2,124_60,2,20238.0,19071.0
Mouse_Thymus2,58_21,2,13638.0,15171.0
Mouse_Thymus2,99_20,3,17738.0,15071.0
Mouse_Thymus2,72_15,2,15038.0,14571.0
Mouse_Thymus2,90_19,3,16838.0,14971.0
Mouse_Thymus2,115_48,3,19338.0,17871.0
Mouse_Thymus2,37_28,4,11538.0,15871.0
Mouse_Thymus2,73_14,2,15138.0,14471.0
Mouse_Thymus2,62_35,3,14038.0,16571.0
Mouse_Thymus2,80_8,2,15838.0,13871.0
Mouse_Thymus2,45_31,3,12338.0,16171.0
Mouse_Thymus2,18_41,4,9638.0,17171.0
Mouse_Thymus2,41_22,2,11938.0,15271.0
Mouse_Thymus2,123_65,3,20138.0,19571.0
Mouse_Thymus2,79_40,3,15738.0,17071.0
Mouse_Thymus2,60_35,3,13838.0,16571.0
Mouse_Thymus2,58_27,3,13638.0,15771.0
Mouse_Thymus2,46_16,0,12438.0,14671.0
Mouse_Thymus2,113_58,2,19138.0,18871.0
Mouse_Thymus2,114_64,2,19238.0,19471.0
Mouse_Thymus2,37_53,2,11538.0,18371.0
Mouse_Thymus2,80_35,4,15838.0,16571.0
Mouse_Thymus2,11_50,2,8938.0,18071.0
Mouse_Thymus2,93_11,2,17138.0,14171.0
Mouse_Thymus2,82_37,4,16038.0,16771.0
Mouse_Thymus2,77_50,2,15538.0,18071.0
Mouse_Thymus2,37_39,3,11538.0,16971.0
Mouse_Thymus2,100_55,2,17838.0,18571.0
Mouse_Thymus2,113_63,2,19138.0,19371.0
Mouse_Thymus2,35_26,2,11338.0,15671.0
Mouse_Thymus2,26_43,3,10438.0,17371.0
Mouse_Thymus2,59_36,3,13738.0,16671.0
Mouse_Thymus2,74_35,3,15238.0,16571.0
Mouse_Thymus2,106_44,2,18438.0,17471.0
Mouse_Thymus2,13_40,2,9138.0,17071.0
Mouse_Thymus2,119_71,0,19738.0,20171.0
Mouse_Thymus2,80_22,3,15838.0,15271.0
Mouse_Thymus2,105_48,4,18338.0,17871.0
Mouse_Thymus2,119_38,4,19738.0,16871.0
Mouse_Thymus2,6_43,4,8438.0,17371.0
Mouse_Thymus2,94_20,4,17238.0,15071.0
Mouse_Thymus2,97_46,4,17538.0,17671.0
Mouse_Thymus2,65_10,2,14338.0,14071.0
Mouse_Thymus2,26_51,2,10438.0,18171.0
Mouse_Thymus2,76_7,4,15438.0,13771.0
Mouse_Thymus2,97_23,3,17538.0,15371.0
Mouse_Thymus2,94_32,4,17238.0,16271.0
Mouse_Thymus2,94_30,2,17238.0,16071.0
Mouse_Thymus2,35_47,3,11338.0,17771.0
Mouse_Thymus2,85_25,2,16338.0,15571.0
Mouse_Thymus2,111_41,3,18938.0,17171.0
Mouse_Thymus2,66_16,2,14438.0,14671.0
Mouse_Thymus2,71_26,3,14938.0,15671.0
Mouse_Thymus2,94_10,2,17238.0,14071.0
Mouse_Thymus2,40_49,2,11838.0,17971.0
Mouse_Thymus2,93_19,4,17138.0,14971.0
Mouse_Thymus2,32_46,3,11038.0,17671.0
Mouse_Thymus2,107_25,2,18538.0,15571.0
Mouse_Thymus2,81_24,3,15938.0,15471.0
Mouse_Thymus2,46_34,4,12438.0,16471.0
Mouse_Thymus2,81_18,3,15938.0,14871.0
Mouse_Thymus2,104_43,2,18238.0,17371.0
Mouse_Thymus2,108_23,4,18638.0,15371.0
Mouse_Thymus2,41_41,3,11938.0,17171.0
Mouse_Thymus2,71_17,4,14938.0,14771.0
Mouse_Thymus2,108_50,2,18638.0,18071.0
Mouse_Thymus2,63_16,3,14138.0,14671.0
Mouse_Thymus2,73_46,2,15138.0,17671.0
Mouse_Thymus2,16_49,2,9438.0,17971.0
Mouse_Thymus2,84_30,2,16238.0,16071.0
Mouse_Thymus2,39_37,2,11738.0,16771.0
Mouse_Thymus2,5_43,4,8338.0,17371.0
Mouse_Thymus2,16_52,2,9438.0,18271.0
Mouse_Thymus2,64_21,3,14238.0,15171.0
Mouse_Thymus2,38_22,0,11638.0,15271.0
Mouse_Thymus2,101_39,3,17938.0,16971.0
Mouse_Thymus2,100_34,3,17838.0,16471.0
Mouse_Thymus2,103_48,2,18138.0,17871.0
Mouse_Thymus2,38_33,2,11638.0,16371.0
Mouse_Thymus2,93_6,2,17138.0,13671.0
Mouse_Thymus2,22_39,2,10038.0,16971.0
Mouse_Thymus2,50_29,3,12838.0,15971.0
Mouse_Thymus2,52_17,2,13038.0,14771.0
Mouse_Thymus2,12_45,4,9038.0,17571.0
Mouse_Thymus2,44_32,4,12238.0,16271.0
Mouse_Thymus2,93_7,2,17138.0,13771.0
Mouse_Thymus2,48_30,3,12638.0,16071.0
Mouse_Thymus2,37_37,4,11538.0,16771.0
Mouse_Thymus2,97_53,4,17538.0,18371.0
Mouse_Thymus2,109_57,2,18738.0,18771.0
Mouse_Thymus2,96_8,2,17438.0,13871.0
Mouse_Thymus2,122_69,4,20038.0,19971.0
Mouse_Thymus2,41_21,2,11938.0,15171.0
Mouse_Thymus2,124_66,4,20238.0,19671.0
Mouse_Thymus2,91_19,3,16938.0,14971.0
Mouse_Thymus2,95_40,4,17338.0,17071.0
Mouse_Thymus2,104_39,3,18238.0,16971.0
Mouse_Thymus2,102_36,3,18038.0,16671.0
Mouse_Thymus2,18_52,4,9638.0,18271.0
Mouse_Thymus2,107_36,3,18538.0,16671.0
Mouse_Thymus2,72_33,4,15038.0,16371.0
Mouse_Thymus2,48_24,2,12638.0,15471.0
Mouse_Thymus2,67_23,3,14538.0,15371.0
Mouse_Thymus2,69_43,2,14738.0,17371.0
Mouse_Thymus2,69_40,2,14738.0,17071.0
Mouse_Thymus2,41_20,2,11938.0,15071.0
Mouse_Thymus2,81_23,3,15938.0,15371.0
Mouse_Thymus2,24_43,3,10238.0,17371.0
Mouse_Thymus2,90_57,4,16838.0,18771.0
Mouse_Thymus2,70_38,3,14838.0,16871.0
Mouse_Thymus2,73_18,4,15138.0,14871.0
Mouse_Thymus2,48_35,4,12638.0,16571.0
Mouse_Thymus2,12_49,2,9038.0,17971.0
Mouse_Thymus2,71_32,2,14938.0,16271.0
Mouse_Thymus2,117_56,4,19538.0,18671.0
Mouse_Thymus2,91_49,2,16938.0,17971.0
Mouse_Thymus2,95_36,2,17338.0,16671.0
Mouse_Thymus2,87_42,2,16538.0,17271.0
Mouse_Thymus2,32_36,4,11038.0,16671.0
Mouse_Thymus2,3_47,4,8138.0,17771.0
Mouse_Thymus2,31_37,2,10938.0,16771.0
Mouse_Thymus2,74_26,3,15238.0,15671.0
Mouse_Thymus2,73_13,2,15138.0,14371.0
Mouse_Thymus2,80_25,3,15838.0,15571.0
Mouse_Thymus2,95_34,4,17338.0,16471.0
Mouse_Thymus2,25_53,2,10338.0,18371.0
Mouse_Thymus2,83_50,2,16138.0,18071.0
Mouse_Thymus2,51_45,2,12938.0,17571.0
Mouse_Thymus2,43_50,2,12138.0,18071.0
Mouse_Thymus2,123_58,2,20138.0,18871.0
Mouse_Thymus2,116_57,4,19438.0,18771.0
Mouse_Thymus2,82_50,2,16038.0,18071.0
Mouse_Thymus2,69_24,3,14738.0,15471.0
Mouse_Thymus2,106_45,2,18438.0,17571.0
Mouse_Thymus2,94_7,2,17238.0,13771.0
Mouse_Thymus2,81_10,2,15938.0,14071.0
Mouse_Thymus2,100_14,2,17838.0,14471.0
Mouse_Thymus2,51_17,2,12938.0,14771.0
Mouse_Thymus2,52_45,0,13038.0,17571.0
Mouse_Thymus2,106_40,3,18438.0,17071.0
Mouse_Thymus2,34_53,2,11238.0,18371.0
Mouse_Thymus2,40_39,3,11838.0,16971.0
Mouse_Thymus2,106_28,2,18438.0,15871.0
Mouse_Thymus2,73_44,2,15138.0,17471.0
Mouse_Thymus2,80_47,4,15838.0,17771.0
Mouse_Thymus2,65_24,4,14338.0,15471.0
Mouse_Thymus2,75_33,3,15338.0,16371.0
Mouse_Thymus2,88_14,3,16638.0,14471.0
Mouse_Thymus2,102_38,3,18038.0,16871.0
Mouse_Thymus2,98_6,4,17638.0,13671.0
Mouse_Thymus2,79_11,2,15738.0,14171.0
Mouse_Thymus2,73_41,4,15138.0,17171.0
Mouse_Thymus2,43_20,4,12138.0,15071.0
Mouse_Thymus2,110_28,4,18838.0,15871.0
Mouse_Thymus2,96_38,4,17438.0,16871.0
Mouse_Thymus2,32_47,3,11038.0,17771.0
Mouse_Thymus2,92_27,3,17038.0,15771.0
Mouse_Thymus2,33_28,2,11138.0,15871.0
Mouse_Thymus2,87_24,2,16538.0,15471.0
Mouse_Thymus2,73_21,4,15138.0,15171.0
Mouse_Thymus2,92_46,2,17038.0,17671.0
Mouse_Thymus2,62_31,3,14038.0,16171.0
Mouse_Thymus2,112_37,2,19038.0,16771.0
Mouse_Thymus2,62_28,3,14038.0,15871.0
Mouse_Thymus2,113_38,4,19138.0,16871.0
Mouse_Thymus2,72_36,3,15038.0,16671.0
Mouse_Thymus2,93_57,2,17138.0,18771.0
Mouse_Thymus2,102_48,2,18038.0,17871.0
Mouse_Thymus2,39_32,2,11738.0,16271.0
Mouse_Thymus2,72_19,2,15038.0,14971.0
Mouse_Thymus2,35_43,3,11338.0,17371.0
Mouse_Thymus2,79_49,2,15738.0,17971.0
Mouse_Thymus2,70_24,3,14838.0,15471.0
Mouse_Thymus2,50_35,2,12838.0,16571.0
Mouse_Thymus2,79_29,3,15738.0,15971.0
Mouse_Thymus2,99_42,2,17738.0,17271.0
Mouse_Thymus2,100_27,3,17838.0,15771.0
Mouse_Thymus2,70_40,2,14838.0,17071.0
Mouse_Thymus2,118_66,2,19638.0,19671.0
Mouse_Thymus2,94_19,4,17238.0,14971.0
Mouse_Thymus2,114_46,3,19238.0,17671.0
Mouse_Thymus2,15_48,4,9338.0,17871.0
Mouse_Thymus2,95_39,4,17338.0,16971.0
Mouse_Thymus2,95_9,2,17338.0,13971.0
Mouse_Thymus2,62_15,4,14038.0,14571.0
Mouse_Thymus2,116_62,2,19438.0,19271.0
Mouse_Thymus2,96_51,2,17438.0,18171.0
Mouse_Thymus2,83_5,2,16138.0,13571.0
Mouse_Thymus2,27_50,3,10538.0,18071.0
Mouse_Thymus2,118_44,2,19638.0,17471.0
Mouse_Thymus2,106_31,4,18438.0,16171.0
Mouse_Thymus2,59_27,3,13738.0,15771.0
Mouse_Thymus2,23_51,2,10138.0,18171.0
Mouse_Thymus2,82_15,4,16038.0,14571.0
Mouse_Thymus2,114_44,3,19238.0,17471.0
Mouse_Thymus2,119_51,4,19738.0,18171.0
Mouse_Thymus2,118_69,4,19638.0,19971.0
Mouse_Thymus2,103_26,3,18138.0,15671.0
Mouse_Thymus2,93_16,4,17138.0,14671.0
Mouse_Thymus2,43_48,2,12138.0,17871.0
Mouse_Thymus2,61_27,3,13938.0,15771.0
Mouse_Thymus2,74_38,3,15238.0,16871.0
Mouse_Thymus2,124_69,2,20238.0,19971.0
Mouse_Thymus2,85_49,2,16338.0,17971.0
Mouse_Thymus2,49_32,2,12738.0,16271.0
Mouse_Thymus2,69_38,4,14738.0,16871.0
Mouse_Thymus2,73_5,2,15138.0,13571.0
Mouse_Thymus2,58_42,2,13638.0,17271.0
Mouse_Thymus2,100_53,2,17838.0,18371.0
Mouse_Thymus2,34_48,3,11238.0,17871.0
Mouse_Thymus2,51_22,2,12938.0,15271.0
Mouse_Thymus2,97_54,2,17538.0,18471.0
Mouse_Thymus2,39_34,2,11738.0,16471.0
Mouse_Thymus2,86_18,3,16438.0,14871.0
Mouse_Thymus2,92_14,4,17038.0,14471.0
Mouse_Thymus2,45_19,4,12338.0,14971.0
Mouse_Thymus2,34_32,2,11238.0,16271.0
Mouse_Thymus2,122_61,4,20038.0,19171.0
Mouse_Thymus2,19_46,3,9738.0,17671.0
Mouse_Thymus2,18_47,3,9638.0,17771.0
Mouse_Thymus2,52_22,2,13038.0,15271.0
Mouse_Thymus2,84_24,4,16238.0,15471.0
Mouse_Thymus2,82_23,3,16038.0,15371.0
Mouse_Thymus2,12_42,2,9038.0,17271.0
Mouse_Thymus2,122_59,4,20038.0,18971.0
Mouse_Thymus2,111_46,3,18938.0,17671.0
Mouse_Thymus2,47_24,2,12538.0,15471.0
Mouse_Thymus2,30_36,4,10838.0,16671.0
Mouse_Thymus2,73_12,2,15138.0,14271.0
Mouse_Thymus2,29_34,2,10738.0,16471.0
Mouse_Thymus2,69_8,2,14738.0,13871.0
Mouse_Thymus2,96_60,2,17438.0,19071.0
Mouse_Thymus2,21_53,2,9938.0,18371.0
Mouse_Thymus2,75_34,3,15338.0,16471.0
Mouse_Thymus2,104_29,4,18238.0,15971.0
Mouse_Thymus2,70_39,2,14838.0,16971.0
Mouse_Thymus2,71_42,2,14938.0,17271.0
Mouse_Thymus2,93_24,3,17138.0,15471.0
Mouse_Thymus2,108_37,3,18638.0,16771.0
Mouse_Thymus2,60_24,3,13838.0,15471.0
Mouse_Thymus2,91_43,2,16938.0,17371.0
Mouse_Thymus2,24_48,3,10238.0,17871.0
Mouse_Thymus2,21_52,2,9938.0,18271.0
Mouse_Thymus2,96_6,2,17438.0,13671.0
Mouse_Thymus2,101_58,2,17938.0,18871.0
Mouse_Thymus2,17_52,2,9538.0,18271.0
Mouse_Thymus2,82_46,4,16038.0,17671.0
Mouse_Thymus2,124_52,4,20238.0,18271.0
Mouse_Thymus2,71_25,3,14938.0,15571.0
Mouse_Thymus2,119_66,4,19738.0,19671.0
Mouse_Thymus2,86_28,3,16438.0,15871.0
Mouse_Thymus2,58_30,3,13638.0,16071.0
Mouse_Thymus2,39_49,2,11738.0,17971.0
Mouse_Thymus2,116_47,3,19438.0,17771.0
Mouse_Thymus2,100_60,4,17838.0,19071.0
Mouse_Thymus2,85_37,4,16338.0,16771.0
Mouse_Thymus2,9_44,4,8738.0,17471.0
Mouse_Thymus2,50_39,3,12838.0,16971.0
Mouse_Thymus2,54_33,3,13238.0,16371.0
Mouse_Thymus2,72_31,4,15038.0,16171.0
Mouse_Thymus2,40_52,2,11838.0,18271.0
Mouse_Thymus2,82_24,3,16038.0,15471.0
Mouse_Thymus2,74_37,3,15238.0,16771.0
Mouse_Thymus2,76_22,3,15438.0,15271.0
Mouse_Thymus2,84_41,2,16238.0,17171.0
Mouse_Thymus2,76_34,3,15438.0,16471.0
Mouse_Thymus2,54_22,4,13238.0,15271.0
Mouse_Thymus2,77_11,2,15538.0,14171.0
Mouse_Thymus2,120_67,2,19838.0,19771.0
Mouse_Thymus2,49_28,3,12738.0,15871.0
Mouse_Thymus2,100_9,4,17838.0,13971.0
Mouse_Thymus2,114_49,3,19238.0,17971.0
Mouse_Thymus2,97_38,4,17538.0,16871.0
Mouse_Thymus2,102_57,2,18038.0,18771.0
Mouse_Thymus2,42_35,2,12038.0,16571.0
Mouse_Thymus2,11_48,2,8938.0,17871.0
Mouse_Thymus2,78_43,3,15638.0,17371.0
Mouse_Thymus2,101_17,2,17938.0,14771.0
Mouse_Thymus2,95_58,2,17338.0,18871.0
Mouse_Thymus2,34_35,2,11238.0,16571.0
Mouse_Thymus2,109_55,2,18738.0,18571.0
Mouse_Thymus2,89_8,4,16738.0,13871.0
Mouse_Thymus2,66_33,3,14438.0,16371.0
Mouse_Thymus2,90_58,2,16838.0,18871.0
Mouse_Thymus2,95_23,3,17338.0,15371.0
Mouse_Thymus2,25_35,4,10338.0,16571.0
Mouse_Thymus2,3_44,2,8138.0,17471.0
Mouse_Thymus2,85_3,2,16338.0,13371.0
Mouse_Thymus2,53_25,4,13138.0,15571.0
Mouse_Thymus2,105_47,2,18338.0,17771.0
Mouse_Thymus2,84_20,3,16238.0,15071.0
Mouse_Thymus2,45_35,2,12338.0,16571.0
Mouse_Thymus2,43_18,2,12138.0,14871.0
Mouse_Thymus2,65_39,2,14338.0,16971.0
Mouse_Thymus2,96_13,4,17438.0,14371.0
Mouse_Thymus2,63_17,2,14138.0,14771.0
Mouse_Thymus2,96_9,2,17438.0,13971.0
Mouse_Thymus2,79_47,2,15738.0,17771.0
Mouse_Thymus2,107_54,2,18538.0,18471.0
Mouse_Thymus2,95_6,2,17338.0,13671.0
Mouse_Thymus2,28_34,2,10638.0,16471.0
Mouse_Thymus2,20_46,3,9838.0,17671.0
Mouse_Thymus2,106_57,2,18438.0,18771.0
Mouse_Thymus2,120_60,3,19838.0,19071.0
Mouse_Thymus2,124_68,4,20238.0,19871.0
Mouse_Thymus2,97_35,3,17538.0,16571.0
Mouse_Thymus2,115_47,3,19338.0,17771.0
Mouse_Thymus2,65_17,2,14338.0,14771.0
Mouse_Thymus2,67_26,3,14538.0,15671.0
Mouse_Thymus2,68_34,3,14638.0,16471.0
Mouse_Thymus2,51_32,4,12938.0,16271.0
Mouse_Thymus2,88_53,2,16638.0,18371.0
Mouse_Thymus2,29_31,2,10738.0,16171.0
Mouse_Thymus2,122_71,2,20038.0,20171.0
Mouse_Thymus2,50_32,3,12838.0,16271.0
Mouse_Thymus2,81_29,4,15938.0,15971.0
Mouse_Thymus2,63_35,3,14138.0,16571.0
Mouse_Thymus2,82_22,3,16038.0,15271.0
Mouse_Thymus2,80_28,3,15838.0,15871.0
Mouse_Thymus2,90_9,2,16838.0,13971.0
Mouse_Thymus2,43_33,2,12138.0,16371.0
Mouse_Thymus2,81_2,4,15938.0,13271.0
Mouse_Thymus2,70_20,2,14838.0,15071.0
Mouse_Thymus2,123_67,4,20138.0,19771.0
Mouse_Thymus2,79_45,2,15738.0,17571.0
Mouse_Thymus2,80_48,4,15838.0,17871.0
Mouse_Thymus2,41_33,4,11938.0,16371.0
Mouse_Thymus2,43_19,2,12138.0,14971.0
Mouse_Thymus2,87_34,2,16538.0,16471.0
Mouse_Thymus2,73_10,4,15138.0,14071.0
Mouse_Thymus2,10_40,4,8838.0,17071.0
Mouse_Thymus2,22_53,4,10038.0,18371.0
Mouse_Thymus2,91_15,3,16938.0,14571.0
Mouse_Thymus2,86_27,4,16438.0,15771.0
Mouse_Thymus2,106_27,2,18438.0,15771.0
Mouse_Thymus2,61_25,3,13938.0,15571.0
Mouse_Thymus2,112_34,2,19038.0,16471.0
Mouse_Thymus2,70_29,4,14838.0,15971.0
Mouse_Thymus2,56_22,2,13438.0,15271.0
Mouse_Thymus2,74_42,4,15238.0,17271.0
Mouse_Thymus2,73_1,2,15138.0,13171.0
Mouse_Thymus2,34_36,2,11238.0,16671.0
Mouse_Thymus2,125_57,0,20338.0,18771.0
Mouse_Thymus2,86_29,2,16438.0,15971.0
Mouse_Thymus2,77_15,4,15538.0,14571.0
Mouse_Thymus2,118_37,4,19638.0,16771.0
Mouse_Thymus2,103_25,3,18138.0,15571.0
Mouse_Thymus2,20_52,2,9838.0,18271.0
Mouse_Thymus2,122_54,2,20038.0,18471.0
Mouse_Thymus2,12_43,4,9038.0,17371.0
Mouse_Thymus2,20_42,3,9838.0,17271.0
Mouse_Thymus2,55_28,3,13338.0,15871.0
Mouse_Thymus2,46_30,3,12438.0,16071.0
Mouse_Thymus2,42_50,2,12038.0,18071.0
Mouse_Thymus2,48_28,3,12638.0,15871.0
Mouse_Thymus2,94_34,2,17238.0,16471.0
Mouse_Thymus2,91_39,4,16938.0,16971.0
Mouse_Thymus2,60_41,2,13838.0,17171.0
Mouse_Thymus2,122_60,3,20038.0,19071.0
Mouse_Thymus2,40_44,3,11838.0,17471.0
Mouse_Thymus2,101_21,2,17938.0,15171.0
Mouse_Thymus2,74_17,4,15238.0,14771.0
Mouse_Thymus2,96_53,2,17438.0,18371.0
Mouse_Thymus2,88_20,3,16638.0,15071.0
Mouse_Thymus2,101_20,2,17938.0,15071.0
Mouse_Thymus2,94_15,2,17238.0,14571.0
Mouse_Thymus2,48_39,3,12638.0,16971.0
Mouse_Thymus2,10_48,2,8838.0,17871.0
Mouse_Thymus2,32_51,2,11038.0,18171.0
Mouse_Thymus2,33_53,2,11138.0,18371.0
Mouse_Thymus2,7_41,4,8538.0,17171.0
Mouse_Thymus2,113_51,4,19138.0,18171.0
Mouse_Thymus2,75_5,2,15338.0,13571.0
Mouse_Thymus2,116_66,2,19438.0,19671.0
Mouse_Thymus2,63_23,3,14138.0,15371.0
Mouse_Thymus2,75_45,2,15338.0,17571.0
Mouse_Thymus2,88_10,2,16638.0,14071.0
Mouse_Thymus2,41_47,4,11938.0,17771.0
Mouse_Thymus2,43_42,3,12138.0,17271.0
Mouse_Thymus2,97_10,4,17538.0,14071.0
Mouse_Thymus2,96_33,3,17438.0,16371.0
Mouse_Thymus2,100_19,4,17838.0,14971.0
Mouse_Thymus2,103_37,3,18138.0,16771.0
Mouse_Thymus2,66_9,2,14438.0,13971.0
Mouse_Thymus2,110_42,3,18838.0,17271.0
Mouse_Thymus2,79_42,3,15738.0,17271.0
Mouse_Thymus2,104_30,3,18238.0,16071.0
Mouse_Thymus2,82_53,2,16038.0,18371.0
Mouse_Thymus2,38_42,3,11638.0,17271.0
Mouse_Thymus2,91_24,3,16938.0,15471.0
Mouse_Thymus2,90_46,2,16838.0,17671.0
Mouse_Thymus2,42_27,3,12038.0,15771.0
Mouse_Thymus2,109_26,4,18738.0,15671.0
Mouse_Thymus2,86_22,3,16438.0,15271.0
Mouse_Thymus2,109_25,4,18738.0,15571.0
Mouse_Thymus2,94_5,2,17238.0,13571.0
Mouse_Thymus2,82_41,4,16038.0,17171.0
Mouse_Thymus2,95_14,4,17338.0,14471.0
Mouse_Thymus2,36_27,2,11438.0,15771.0
Mouse_Thymus2,117_57,3,19538.0,18771.0
Mouse_Thymus2,111_60,2,18938.0,19071.0
Mouse_Thymus2,107_26,2,18538.0,15671.0
Mouse_Thymus2,59_16,2,13738.0,14671.0
Mouse_Thymus2,45_28,3,12338.0,15871.0
Mouse_Thymus2,32_40,4,11038.0,17071.0
Mouse_Thymus2,121_68,2,19938.0,19871.0
Mouse_Thymus2,123_57,2,20138.0,18771.0
Mouse_Thymus2,105_55,4,18338.0,18571.0
Mouse_Thymus2,30_37,4,10838.0,16771.0
Mouse_Thymus2,96_44,2,17438.0,17471.0
Mouse_Thymus2,70_8,2,14838.0,13871.0
Mouse_Thymus2,75_28,3,15338.0,15871.0
Mouse_Thymus2,75_17,4,15338.0,14771.0
Mouse_Thymus2,97_34,3,17538.0,16471.0
Mouse_Thymus2,39_24,2,11738.0,15471.0
Mouse_Thymus2,71_8,4,14938.0,13871.0
Mouse_Thymus2,92_58,2,17038.0,18871.0
Mouse_Thymus2,108_26,2,18638.0,15671.0
Mouse_Thymus2,104_40,3,18238.0,17071.0
Mouse_Thymus2,124_56,2,20238.0,18671.0
Mouse_Thymus2,79_30,3,15738.0,16071.0
Mouse_Thymus2,56_24,2,13438.0,15471.0
Mouse_Thymus2,117_55,3,19538.0,18571.0
Mouse_Thymus2,71_14,4,14938.0,14471.0
Mouse_Thymus2,105_43,4,18338.0,17371.0
Mouse_Thymus2,99_56,2,17738.0,18671.0
Mouse_Thymus2,62_20,2,14038.0,15071.0
Mouse_Thymus2,42_52,0,12038.0,18271.0
Mouse_Thymus2,10_41,2,8838.0,17171.0
Mouse_Thymus2,44_49,2,12238.0,17971.0
Mouse_Thymus2,123_64,4,20138.0,19471.0
Mouse_Thymus2,93_50,2,17138.0,18071.0
Mouse_Thymus2,114_54,4,19238.0,18471.0
Mouse_Thymus2,75_36,3,15338.0,16671.0
Mouse_Thymus2,120_64,2,19838.0,19471.0
Mouse_Thymus2,79_20,3,15738.0,15071.0
Mouse_Thymus2,93_44,4,17138.0,17471.0
Mouse_Thymus2,47_33,2,12538.0,16371.0
Mouse_Thymus2,60_20,2,13838.0,15071.0
Mouse_Thymus2,19_49,2,9738.0,17971.0
Mouse_Thymus2,42_19,2,12038.0,14971.0
Mouse_Thymus2,83_6,2,16138.0,13671.0
Mouse_Thymus2,113_62,2,19138.0,19271.0
Mouse_Thymus2,117_60,3,19538.0,19071.0
Mouse_Thymus2,28_49,4,10638.0,17971.0
Mouse_Thymus2,89_52,2,16738.0,18271.0
Mouse_Thymus2,76_48,2,15438.0,17871.0
Mouse_Thymus2,121_64,2,19938.0,19471.0
Mouse_Thymus2,32_50,2,11038.0,18071.0
Mouse_Thymus2,94_29,4,17238.0,15971.0
Mouse_Thymus2,90_34,2,16838.0,16471.0
Mouse_Thymus2,95_7,2,17338.0,13771.0
Mouse_Thymus2,82_28,4,16038.0,15871.0
Mouse_Thymus2,84_32,2,16238.0,16271.0
Mouse_Thymus2,98_45,2,17638.0,17571.0
Mouse_Thymus2,86_49,2,16438.0,17971.0
Mouse_Thymus2,118_67,2,19638.0,19771.0
Mouse_Thymus2,88_50,2,16638.0,18071.0
Mouse_Thymus2,70_22,3,14838.0,15271.0
Mouse_Thymus2,31_46,3,10938.0,17671.0
Mouse_Thymus2,98_38,3,17638.0,16871.0
Mouse_Thymus2,83_12,2,16138.0,14271.0
Mouse_Thymus2,85_44,2,16338.0,17471.0
Mouse_Thymus2,49_41,3,12738.0,17171.0
Mouse_Thymus2,32_54,2,11038.0,18471.0
Mouse_Thymus2,47_30,3,12538.0,16071.0
Mouse_Thymus2,90_6,2,16838.0,13671.0
Mouse_Thymus2,115_54,2,19338.0,18471.0
Mouse_Thymus2,78_27,3,15638.0,15771.0
Mouse_Thymus2,112_47,3,19038.0,17771.0
Mouse_Thymus2,67_17,2,14538.0,14771.0
Mouse_Thymus2,91_47,2,16938.0,17771.0
Mouse_Thymus2,122_62,3,20038.0,19271.0
Mouse_Thymus2,81_5,2,15938.0,13571.0
Mouse_Thymus2,115_66,4,19338.0,19671.0
Mouse_Thymus2,110_36,3,18838.0,16671.0
Mouse_Thymus2,87_29,2,16538.0,15971.0
Mouse_Thymus2,107_28,2,18538.0,15871.0
Mouse_Thymus2,36_47,3,11438.0,17771.0
Mouse_Thymus2,14_39,4,9238.0,16971.0
Mouse_Thymus2,100_25,3,17838.0,15571.0
Mouse_Thymus2,73_0,2,15138.0,13071.0
Mouse_Thymus2,84_42,4,16238.0,17271.0
Mouse_Thymus2,104_21,2,18238.0,15171.0
Mouse_Thymus2,43_45,3,12138.0,17571.0
Mouse_Thymus2,56_15,4,13438.0,14571.0
Mouse_Thymus2,8_42,4,8638.0,17271.0
Mouse_Thymus2,68_18,4,14638.0,14871.0
Mouse_Thymus2,44_38,3,12238.0,16871.0
Mouse_Thymus2,30_27,4,10838.0,15771.0
Mouse_Thymus2,46_31,2,12438.0,16171.0
Mouse_Thymus2,36_46,3,11438.0,17671.0
Mouse_Thymus2,75_25,3,15338.0,15571.0
Mouse_Thymus2,94_43,2,17238.0,17371.0
Mouse_Thymus2,84_4,4,16238.0,13471.0
Mouse_Thymus2,33_39,4,11138.0,16971.0
Mouse_Thymus2,6_41,0,8438.0,17171.0
Mouse_Thymus2,81_44,4,15938.0,17471.0
Mouse_Thymus2,56_25,4,13438.0,15571.0
Mouse_Thymus2,70_13,4,14838.0,14371.0
Mouse_Thymus2,60_40,2,13838.0,17071.0
Mouse_Thymus2,86_41,2,16438.0,17171.0
Mouse_Thymus2,52_37,3,13038.0,16771.0
Mouse_Thymus2,115_57,4,19338.0,18771.0
Mouse_Thymus2,105_52,2,18338.0,18271.0
Mouse_Thymus2,95_16,2,17338.0,14671.0
Mouse_Thymus2,121_57,4,19938.0,18771.0
Mouse_Thymus2,77_39,3,15538.0,16971.0
Mouse_Thymus2,50_34,4,12838.0,16471.0
Mouse_Thymus2,72_28,3,15038.0,15871.0
Mouse_Thymus2,72_7,4,15038.0,13771.0
Mouse_Thymus2,96_61,2,17438.0,19171.0
Mouse_Thymus2,46_46,2,12438.0,17671.0
Mouse_Thymus2,33_33,2,11138.0,16371.0
Mouse_Thymus2,70_16,4,14838.0,14671.0
Mouse_Thymus2,105_54,4,18338.0,18471.0
Mouse_Thymus2,31_39,2,10938.0,16971.0
Mouse_Thymus2,62_27,3,14038.0,15771.0
Mouse_Thymus2,90_48,2,16838.0,17871.0
Mouse_Thymus2,45_41,3,12338.0,17171.0
Mouse_Thymus2,80_20,3,15838.0,15071.0
Mouse_Thymus2,82_6,4,16038.0,13671.0
Mouse_Thymus2,48_34,3,12638.0,16471.0
Mouse_Thymus2,105_33,3,18338.0,16371.0
Mouse_Thymus2,82_27,4,16038.0,15771.0
Mouse_Thymus2,55_24,4,13338.0,15471.0
Mouse_Thymus2,99_33,3,17738.0,16371.0
Mouse_Thymus2,48_19,2,12638.0,14971.0
Mouse_Thymus2,33_54,2,11138.0,18471.0
Mouse_Thymus2,72_41,2,15038.0,17171.0
Mouse_Thymus2,64_13,4,14238.0,14371.0
Mouse_Thymus2,56_34,3,13438.0,16471.0
Mouse_Thymus2,66_31,4,14438.0,16171.0
Mouse_Thymus2,68_36,3,14638.0,16671.0
Mouse_Thymus2,49_22,4,12738.0,15271.0
Mouse_Thymus2,83_42,4,16138.0,17271.0
Mouse_Thymus2,64_30,3,14238.0,16071.0
Mouse_Thymus2,63_30,3,14138.0,16071.0
Mouse_Thymus2,92_22,3,17038.0,15271.0
Mouse_Thymus2,119_68,2,19738.0,19871.0
Mouse_Thymus2,95_5,2,17338.0,13571.0
Mouse_Thymus2,35_33,4,11338.0,16371.0
Mouse_Thymus2,32_56,0,11038.0,18671.0
Mouse_Thymus2,21_37,2,9938.0,16771.0
Mouse_Thymus2,48_15,0,12638.0,14571.0
Mouse_Thymus2,96_39,2,17438.0,16971.0
Mouse_Thymus2,29_29,0,10738.0,15971.0
Mouse_Thymus2,112_38,4,19038.0,16871.0
Mouse_Thymus2,117_44,2,19538.0,17471.0
Mouse_Thymus2,42_47,2,12038.0,17771.0
Mouse_Thymus2,60_12,2,13838.0,14271.0
Mouse_Thymus2,91_45,2,16938.0,17571.0
Mouse_Thymus2,70_25,3,14838.0,15571.0
Mouse_Thymus2,89_43,2,16738.0,17371.0
Mouse_Thymus2,79_18,3,15738.0,14871.0
Mouse_Thymus2,49_23,2,12738.0,15371.0
Mouse_Thymus2,74_4,2,15238.0,13471.0
Mouse_Thymus2,49_36,3,12738.0,16671.0
Mouse_Thymus2,72_10,2,15038.0,14071.0
Mouse_Thymus2,54_38,3,13238.0,16871.0
Mouse_Thymus2,6_47,2,8438.0,17771.0
Mouse_Thymus2,61_16,2,13938.0,14671.0
Mouse_Thymus2,66_32,4,14438.0,16271.0
Mouse_Thymus2,43_43,3,12138.0,17371.0
Mouse_Thymus2,57_41,2,13538.0,17171.0
Mouse_Thymus2,122_66,3,20038.0,19671.0
Mouse_Thymus2,90_26,4,16838.0,15671.0
Mouse_Thymus2,89_4,0,16738.0,13471.0
Mouse_Thymus2,37_35,4,11538.0,16571.0
Mouse_Thymus2,29_44,3,10738.0,17471.0
Mouse_Thymus2,73_38,3,15138.0,16871.0
Mouse_Thymus2,33_43,3,11138.0,17371.0
Mouse_Thymus2,50_45,2,12838.0,17571.0
Mouse_Thymus2,112_30,4,19038.0,16071.0
Mouse_Thymus2,119_49,2,19738.0,17971.0
Mouse_Thymus2,84_16,3,16238.0,14671.0
Mouse_Thymus2,58_32,3,13638.0,16271.0
Mouse_Thymus2,47_19,2,12538.0,14971.0
Mouse_Thymus2,89_22,3,16738.0,15271.0
Mouse_Thymus2,112_55,2,19038.0,18571.0
Mouse_Thymus2,63_24,3,14138.0,15471.0
Mouse_Thymus2,109_56,2,18738.0,18671.0
Mouse_Thymus2,47_37,3,12538.0,16771.0
Mouse_Thymus2,48_29,3,12638.0,15971.0
Mouse_Thymus2,67_33,3,14538.0,16371.0
Mouse_Thymus2,88_56,2,16638.0,18671.0
Mouse_Thymus2,31_40,4,10938.0,17071.0
Mouse_Thymus2,125_64,2,20338.0,19471.0
Mouse_Thymus2,106_46,4,18438.0,17671.0
Mouse_Thymus2,85_14,3,16338.0,14471.0
Mouse_Thymus2,33_41,3,11138.0,17171.0
Mouse_Thymus2,83_9,2,16138.0,13971.0
Mouse_Thymus2,59_38,2,13738.0,16871.0
Mouse_Thymus2,85_8,2,16338.0,13871.0
Mouse_Thymus2,31_48,3,10938.0,17871.0
Mouse_Thymus2,58_13,2,13638.0,14371.0
Mouse_Thymus2,73_3,2,15138.0,13371.0
Mouse_Thymus2,116_41,2,19438.0,17171.0
Mouse_Thymus2,30_31,2,10838.0,16171.0
Mouse_Thymus2,89_9,4,16738.0,13971.0
Mouse_Thymus2,61_11,2,13938.0,14171.0
Mouse_Thymus2,90_16,3,16838.0,14671.0
Mouse_Thymus2,34_37,2,11238.0,16771.0
Mouse_Thymus2,114_41,3,19238.0,17171.0
Mouse_Thymus2,53_38,3,13138.0,16871.0
Mouse_Thymus2,103_52,4,18138.0,18271.0
Mouse_Thymus2,96_17,4,17438.0,14771.0
Mouse_Thymus2,86_35,4,16438.0,16571.0
Mouse_Thymus2,82_42,4,16038.0,17271.0
Mouse_Thymus2,60_36,3,13838.0,16671.0
Mouse_Thymus2,114_45,3,19238.0,17571.0
Mouse_Thymus2,89_23,3,16738.0,15371.0
Mouse_Thymus2,101_57,2,17938.0,18771.0
Mouse_Thymus2,72_25,3,15038.0,15571.0
Mouse_Thymus2,75_7,2,15338.0,13771.0
Mouse_Thymus2,65_11,2,14338.0,14171.0
Mouse_Thymus2,29_40,2,10738.0,17071.0
Mouse_Thymus2,66_15,4,14438.0,14571.0
Mouse_Thymus2,12_48,4,9038.0,17871.0
Mouse_Thymus2,76_50,0,15438.0,18071.0
Mouse_Thymus2,93_33,4,17138.0,16371.0
Mouse_Thymus2,27_38,4,10538.0,16871.0
Mouse_Thymus2,57_36,3,13538.0,16671.0
Mouse_Thymus2,49_21,4,12738.0,15171.0
Mouse_Thymus2,72_40,2,15038.0,17071.0
Mouse_Thymus2,98_47,4,17638.0,17771.0
Mouse_Thymus2,35_29,4,11338.0,15971.0
Mouse_Thymus2,90_49,4,16838.0,17971.0
Mouse_Thymus2,73_11,4,15138.0,14171.0
Mouse_Thymus2,56_40,2,13438.0,17071.0
Mouse_Thymus2,82_43,4,16038.0,17371.0
Mouse_Thymus2,125_72,2,20338.0,20271.0
Mouse_Thymus2,15_44,3,9338.0,17471.0
Mouse_Thymus2,72_18,4,15038.0,14871.0
Mouse_Thymus2,66_18,3,14438.0,14871.0
Mouse_Thymus2,81_52,4,15938.0,18271.0
Mouse_Thymus2,54_26,2,13238.0,15671.0
Mouse_Thymus2,82_35,2,16038.0,16571.0
Mouse_Thymus2,99_9,4,17738.0,13971.0
Mouse_Thymus2,81_16,4,15938.0,14671.0
Mouse_Thymus2,123_51,2,20138.0,18171.0
Mouse_Thymus2,107_39,3,18538.0,16971.0
Mouse_Thymus2,95_15,2,17338.0,14571.0
Mouse_Thymus2,124_61,2,20238.0,19171.0
Mouse_Thymus2,114_34,2,19238.0,16471.0
Mouse_Thymus2,66_14,2,14438.0,14471.0
Mouse_Thymus2,124_71,2,20238.0,20171.0
Mouse_Thymus2,49_46,2,12738.0,17671.0
Mouse_Thymus2,47_21,2,12538.0,15171.0
Mouse_Thymus2,104_44,2,18238.0,17471.0
Mouse_Thymus2,52_18,2,13038.0,14871.0
Mouse_Thymus2,100_24,3,17838.0,15471.0
Mouse_Thymus2,80_13,2,15838.0,14371.0
Mouse_Thymus2,121_71,2,19938.0,20171.0
Mouse_Thymus2,87_16,3,16538.0,14671.0
Mouse_Thymus2,45_46,3,12338.0,17671.0
Mouse_Thymus2,37_30,3,11538.0,16071.0
Mouse_Thymus2,65_20,3,14338.0,15071.0
Mouse_Thymus2,66_17,4,14438.0,14771.0
Mouse_Thymus2,44_31,3,12238.0,16171.0
Mouse_Thymus2,46_38,3,12438.0,16871.0
Mouse_Thymus2,103_24,2,18138.0,15471.0
Mouse_Thymus2,82_33,2,16038.0,16371.0
Mouse_Thymus2,66_26,3,14438.0,15671.0
Mouse_Thymus2,93_53,4,17138.0,18371.0
Mouse_Thymus2,94_44,4,17238.0,17471.0
Mouse_Thymus2,65_23,4,14338.0,15371.0
Mouse_Thymus2,28_55,2,10638.0,18571.0
Mouse_Thymus2,81_31,4,15938.0,16171.0
Mouse_Thymus2,104_35,3,18238.0,16571.0
Mouse_Thymus2,93_8,2,17138.0,13871.0
Mouse_Thymus2,47_46,2,12538.0,17671.0
Mouse_Thymus2,116_68,4,19438.0,19871.0
Mouse_Thymus2,9_45,2,8738.0,17571.0
Mouse_Thymus2,99_21,3,17738.0,15171.0
Mouse_Thymus2,124_55,4,20238.0,18571.0
Mouse_Thymus2,70_33,3,14838.0,16371.0
Mouse_Thymus2,86_8,2,16438.0,13871.0
Mouse_Thymus2,87_22,3,16538.0,15271.0
Mouse_Thymus2,85_33,4,16338.0,16371.0
Mouse_Thymus2,41_26,4,11938.0,15671.0
Mouse_Thymus2,63_36,3,14138.0,16671.0
Mouse_Thymus2,80_33,4,15838.0,16371.0
Mouse_Thymus2,52_38,3,13038.0,16871.0
Mouse_Thymus2,25_40,2,10338.0,17071.0
Mouse_Thymus2,69_41,2,14738.0,17171.0
Mouse_Thymus2,56_28,3,13438.0,15871.0
Mouse_Thymus2,48_21,2,12638.0,15171.0
Mouse_Thymus2,48_16,2,12638.0,14671.0
Mouse_Thymus2,14_50,2,9238.0,18071.0
Mouse_Thymus2,116_36,2,19438.0,16671.0
Mouse_Thymus2,58_26,3,13638.0,15671.0
Mouse_Thymus2,55_25,4,13338.0,15571.0
Mouse_Thymus2,64_11,2,14238.0,14171.0
Mouse_Thymus2,45_22,2,12338.0,15271.0
Mouse_Thymus2,66_28,4,14438.0,15871.0
Mouse_Thymus2,20_50,2,9838.0,18071.0
Mouse_Thymus2,106_30,2,18438.0,16071.0
Mouse_Thymus2,38_43,3,11638.0,17371.0
Mouse_Thymus2,73_6,4,15138.0,13671.0
Mouse_Thymus2,120_71,4,19838.0,20171.0
Mouse_Thymus2,37_48,4,11538.0,17871.0
Mouse_Thymus2,116_34,0,19438.0,16471.0
Mouse_Thymus2,76_38,3,15438.0,16871.0
Mouse_Thymus2,106_26,4,18438.0,15671.0
Mouse_Thymus2,46_42,3,12438.0,17271.0
Mouse_Thymus2,71_36,3,14938.0,16671.0
Mouse_Thymus2,112_52,2,19038.0,18271.0
Mouse_Thymus2,118_64,2,19638.0,19471.0
Mouse_Thymus2,87_4,2,16538.0,13471.0
Mouse_Thymus2,93_58,2,17138.0,18871.0
Mouse_Thymus2,84_35,4,16238.0,16571.0
Mouse_Thymus2,85_20,3,16338.0,15071.0
Mouse_Thymus2,21_45,3,9938.0,17571.0
Mouse_Thymus2,92_49,2,17038.0,17971.0
Mouse_Thymus2,44_25,2,12238.0,15571.0
Mouse_Thymus2,44_20,2,12238.0,15071.0
Mouse_Thymus2,95_35,4,17338.0,16571.0
Mouse_Thymus2,125_68,2,20338.0,19871.0
Mouse_Thymus2,65_41,4,14338.0,17171.0
Mouse_Thymus2,121_61,3,19938.0,19171.0
Mouse_Thymus2,25_43,3,10338.0,17371.0
Mouse_Thymus2,109_54,2,18738.0,18471.0
Mouse_Thymus2,51_42,4,12938.0,17271.0
Mouse_Thymus2,38_31,3,11638.0,16171.0
Mouse_Thymus2,115_55,2,19338.0,18571.0
Mouse_Thymus2,38_39,3,11638.0,16971.0
Mouse_Thymus2,73_43,2,15138.0,17371.0
Mouse_Thymus2,113_37,2,19138.0,16771.0
Mouse_Thymus2,78_25,3,15638.0,15571.0
Mouse_Thymus2,46_17,2,12438.0,14771.0
Mouse_Thymus2,14_47,4,9238.0,17771.0
Mouse_Thymus2,99_15,2,17738.0,14571.0
Mouse_Thymus2,6_45,2,8438.0,17571.0
Mouse_Thymus2,86_21,3,16438.0,15171.0
Mouse_Thymus2,86_32,2,16438.0,16271.0
Mouse_Thymus2,45_24,2,12338.0,15471.0
Mouse_Thymus2,110_31,2,18838.0,16171.0
Mouse_Thymus2,124_51,4,20238.0,18171.0
Mouse_Thymus2,62_16,4,14038.0,14671.0
Mouse_Thymus2,76_12,4,15438.0,14271.0
Mouse_Thymus2,92_8,2,17038.0,13871.0
Mouse_Thymus2,111_29,4,18938.0,15971.0
Mouse_Thymus2,55_34,3,13338.0,16471.0
Mouse_Thymus2,94_55,2,17238.0,18571.0
Mouse_Thymus2,104_48,2,18238.0,17871.0
Mouse_Thymus2,73_17,2,15138.0,14771.0
Mouse_Thymus2,98_42,2,17638.0,17271.0
Mouse_Thymus2,111_59,2,18938.0,18971.0
Mouse_Thymus2,30_55,2,10838.0,18571.0
Mouse_Thymus2,100_58,2,17838.0,18871.0
Mouse_Thymus2,71_31,2,14938.0,16171.0
Mouse_Thymus2,60_37,3,13838.0,16771.0
Mouse_Thymus2,25_52,4,10338.0,18271.0
Mouse_Thymus2,99_46,2,17738.0,17671.0
Mouse_Thymus2,87_37,4,16538.0,16771.0
Mouse_Thymus2,18_42,3,9638.0,17271.0
Mouse_Thymus2,15_46,3,9338.0,17671.0
Mouse_Thymus2,36_55,2,11438.0,18571.0
Mouse_Thymus2,73_16,4,15138.0,14671.0
Mouse_Thymus2,77_1,2,15538.0,13171.0
Mouse_Thymus2,91_8,2,16938.0,13871.0
Mouse_Thymus2,97_37,4,17538.0,16771.0
Mouse_Thymus2,96_42,4,17438.0,17271.0
Mouse_Thymus2,74_44,4,15238.0,17471.0
Mouse_Thymus2,75_27,3,15338.0,15771.0
Mouse_Thymus2,35_32,4,11338.0,16271.0
Mouse_Thymus2,29_30,2,10738.0,16071.0
Mouse_Thymus2,47_29,3,12538.0,15971.0
Mouse_Thymus2,77_42,3,15538.0,17271.0
Mouse_Thymus2,107_41,3,18538.0,17171.0
Mouse_Thymus2,59_40,4,13738.0,17071.0
Mouse_Thymus2,36_44,3,11438.0,17471.0
Mouse_Thymus2,4_46,4,8238.0,17671.0
Mouse_Thymus2,77_43,3,15538.0,17371.0
Mouse_Thymus2,91_28,2,16938.0,15871.0
Mouse_Thymus2,48_31,2,12638.0,16171.0
Mouse_Thymus2,109_27,2,18738.0,15771.0
Mouse_Thymus2,36_51,2,11438.0,18171.0
Mouse_Thymus2,78_13,2,15638.0,14371.0
Mouse_Thymus2,102_20,2,18038.0,15071.0
Mouse_Thymus2,29_47,3,10738.0,17771.0
Mouse_Thymus2,108_30,2,18638.0,16071.0
Mouse_Thymus2,116_59,4,19438.0,18971.0
Mouse_Thymus2,45_50,2,12338.0,18071.0
Mouse_Thymus2,108_55,4,18638.0,18571.0
Mouse_Thymus2,22_36,0,10038.0,16671.0
Mouse_Thymus2,91_40,4,16938.0,17071.0
Mouse_Thymus2,82_20,3,16038.0,15071.0
Mouse_Thymus2,84_53,2,16238.0,18371.0
Mouse_Thymus2,93_39,4,17138.0,16971.0
Mouse_Thymus2,102_43,2,18038.0,17371.0
Mouse_Thymus2,32_41,3,11038.0,17171.0
Mouse_Thymus2,92_55,2,17038.0,18571.0
Mouse_Thymus2,110_47,3,18838.0,17771.0
Mouse_Thymus2,83_22,3,16138.0,15271.0
Mouse_Thymus2,120_58,3,19838.0,18871.0
Mouse_Thymus2,108_34,3,18638.0,16471.0
Mouse_Thymus2,125_66,2,20338.0,19671.0
Mouse_Thymus2,125_70,2,20338.0,20071.0
Mouse_Thymus2,6_46,2,8438.0,17671.0
Mouse_Thymus2,84_18,3,16238.0,14871.0
Mouse_Thymus2,89_58,4,16738.0,18871.0
Mouse_Thymus2,96_52,2,17438.0,18271.0
Mouse_Thymus2,109_44,3,18738.0,17471.0
Mouse_Thymus2,97_59,2,17538.0,18971.0
Mouse_Thymus2,78_41,3,15638.0,17171.0
Mouse_Thymus2,82_12,4,16038.0,14271.0
Mouse_Thymus2,97_42,2,17538.0,17271.0
Mouse_Thymus2,77_22,3,15538.0,15271.0
Mouse_Thymus2,31_29,2,10938.0,15971.0
Mouse_Thymus2,30_48,3,10838.0,17871.0
Mouse_Thymus2,40_22,2,11838.0,15271.0
Mouse_Thymus2,95_57,2,17338.0,18771.0
Mouse_Thymus2,46_44,3,12438.0,17471.0
Mouse_Thymus2,99_59,2,17738.0,18971.0
Mouse_Thymus2,87_6,2,16538.0,13671.0
Mouse_Thymus2,51_37,3,12938.0,16771.0
Mouse_Thymus2,102_19,2,18038.0,14971.0
Mouse_Thymus2,82_51,2,16038.0,18171.0
Mouse_Thymus2,116_35,4,19438.0,16571.0
Mouse_Thymus2,96_31,2,17438.0,16171.0
Mouse_Thymus2,97_5,4,17538.0,13571.0
Mouse_Thymus2,97_51,2,17538.0,18171.0
Mouse_Thymus2,102_16,2,18038.0,14671.0
Mouse_Thymus2,5_44,2,8338.0,17471.0
Mouse_Thymus2,95_17,2,17338.0,14771.0
Mouse_Thymus2,46_26,4,12438.0,15671.0
Mouse_Thymus2,107_40,3,18538.0,17071.0
Mouse_Thymus2,96_43,2,17438.0,17371.0
Mouse_Thymus2,20_40,2,9838.0,17071.0
Mouse_Thymus2,73_42,4,15138.0,17271.0
Mouse_Thymus2,85_45,4,16338.0,17571.0
Mouse_Thymus2,109_58,2,18738.0,18871.0
Mouse_Thymus2,42_37,2,12038.0,16771.0
Mouse_Thymus2,89_50,4,16738.0,18071.0
Mouse_Thymus2,12_39,2,9038.0,16971.0
Mouse_Thymus2,104_47,2,18238.0,17771.0
Mouse_Thymus2,62_32,3,14038.0,16271.0
Mouse_Thymus2,78_22,3,15638.0,15271.0
Mouse_Thymus2,108_53,4,18638.0,18371.0
Mouse_Thymus2,42_38,3,12038.0,16871.0
Mouse_Thymus2,89_19,3,16738.0,14971.0
Mouse_Thymus2,10_44,4,8838.0,17471.0
Mouse_Thymus2,122_48,2,20038.0,17871.0
Mouse_Thymus2,67_12,2,14538.0,14271.0
Mouse_Thymus2,92_52,2,17038.0,18271.0
Mouse_Thymus2,104_46,2,18238.0,17671.0
Mouse_Thymus2,84_39,2,16238.0,16971.0
Mouse_Thymus2,93_32,2,17138.0,16271.0
Mouse_Thymus2,119_67,2,19738.0,19771.0
Mouse_Thymus2,50_40,3,12838.0,17071.0
Mouse_Thymus2,19_44,3,9738.0,17471.0
Mouse_Thymus2,106_56,2,18438.0,18671.0
Mouse_Thymus2,77_14,2,15538.0,14471.0
Mouse_Thymus2,12_44,4,9038.0,17471.0
Mouse_Thymus2,71_0,0,14938.0,13071.0
Mouse_Thymus2,55_16,4,13338.0,14671.0
Mouse_Thymus2,58_28,3,13638.0,15871.0
Mouse_Thymus2,109_47,4,18738.0,17771.0
Mouse_Thymus2,16_51,2,9438.0,18171.0
Mouse_Thymus2,108_47,4,18638.0,17771.0
Mouse_Thymus2,74_1,2,15238.0,13171.0
Mouse_Thymus2,107_42,4,18538.0,17271.0
Mouse_Thymus2,72_44,2,15038.0,17471.0
Mouse_Thymus2,74_16,4,15238.0,14671.0
Mouse_Thymus2,6_48,4,8438.0,17871.0
Mouse_Thymus2,89_12,2,16738.0,14271.0
Mouse_Thymus2,54_34,3,13238.0,16471.0
Mouse_Thymus2,100_54,2,17838.0,18471.0
Mouse_Thymus2,101_31,4,17938.0,16171.0
Mouse_Thymus2,121_63,4,19938.0,19371.0
Mouse_Thymus2,86_5,2,16438.0,13571.0
Mouse_Thymus2,25_48,3,10338.0,17871.0
Mouse_Thymus2,33_46,3,11138.0,17671.0
Mouse_Thymus2,72_16,2,15038.0,14671.0
Mouse_Thymus2,81_4,2,15938.0,13471.0
Mouse_Thymus2,84_25,2,16238.0,15571.0
Mouse_Thymus2,69_17,4,14738.0,14771.0
Mouse_Thymus2,21_54,2,9938.0,18471.0
Mouse_Thymus2,36_28,3,11438.0,15871.0
Mouse_Thymus2,47_28,3,12538.0,15871.0
Mouse_Thymus2,69_30,4,14738.0,16071.0
Mouse_Thymus2,97_19,2,17538.0,14971.0
Mouse_Thymus2,32_48,4,11038.0,17871.0
Mouse_Thymus2,103_39,3,18138.0,16971.0
Mouse_Thymus2,40_50,2,11838.0,18071.0
Mouse_Thymus2,52_43,4,13038.0,17371.0
Mouse_Thymus2,118_61,3,19638.0,19171.0
Mouse_Thymus2,72_1,2,15038.0,13171.0
Mouse_Thymus2,113_50,2,19138.0,18071.0
Mouse_Thymus2,119_42,2,19738.0,17271.0
Mouse_Thymus2,64_10,2,14238.0,14071.0
Mouse_Thymus2,98_18,4,17638.0,14871.0
Mouse_Thymus2,122_49,2,20038.0,17971.0
Mouse_Thymus2,51_28,3,12938.0,15871.0
Mouse_Thymus2,70_42,2,14838.0,17271.0
Mouse_Thymus2,104_49,2,18238.0,17971.0
Mouse_Thymus2,118_57,3,19638.0,18771.0
Mouse_Thymus2,4_43,0,8238.0,17371.0
Mouse_Thymus2,52_28,3,13038.0,15871.0
Mouse_Thymus2,46_40,3,12438.0,17071.0
Mouse_Thymus2,109_33,4,18738.0,16371.0
Mouse_Thymus2,86_53,2,16438.0,18371.0
Mouse_Thymus2,27_34,4,10538.0,16471.0
Mouse_Thymus2,53_36,2,13138.0,16671.0
Mouse_Thymus2,103_43,4,18138.0,17371.0
Mouse_Thymus2,40_38,4,11838.0,16871.0
Mouse_Thymus2,71_24,3,14938.0,15471.0
Mouse_Thymus2,58_37,3,13638.0,16771.0
Mouse_Thymus2,90_51,2,16838.0,18171.0
Mouse_Thymus2,94_39,2,17238.0,16971.0
Mouse_Thymus2,47_44,4,12538.0,17471.0
Mouse_Thymus2,107_48,2,18538.0,17871.0
Mouse_Thymus2,40_45,3,11838.0,17571.0
Mouse_Thymus2,81_43,3,15938.0,17371.0
Mouse_Thymus2,25_42,2,10338.0,17271.0
Mouse_Thymus2,104_34,3,18238.0,16471.0
Mouse_Thymus2,88_55,2,16638.0,18571.0
Mouse_Thymus2,44_19,2,12238.0,14971.0
Mouse_Thymus2,42_40,3,12038.0,17071.0
Mouse_Thymus2,81_8,2,15938.0,13871.0
Mouse_Thymus2,60_30,3,13838.0,16071.0
Mouse_Thymus2,60_21,3,13838.0,15171.0
Mouse_Thymus2,73_23,3,15138.0,15371.0
Mouse_Thymus2,50_19,2,12838.0,14971.0
Mouse_Thymus2,70_5,2,14838.0,13571.0
Mouse_Thymus2,84_23,3,16238.0,15371.0
Mouse_Thymus2,102_24,3,18038.0,15471.0
Mouse_Thymus2,100_47,2,17838.0,17771.0
Mouse_Thymus2,26_50,4,10438.0,18071.0
Mouse_Thymus2,43_35,2,12138.0,16571.0
Mouse_Thymus2,103_44,4,18138.0,17471.0
Mouse_Thymus2,103_56,2,18138.0,18671.0
Mouse_Thymus2,122_67,4,20038.0,19771.0
Mouse_Thymus2,114_40,4,19238.0,17071.0
Mouse_Thymus2,79_8,4,15738.0,13871.0
Mouse_Thymus2,109_31,2,18738.0,16171.0
Mouse_Thymus2,74_40,3,15238.0,17071.0
Mouse_Thymus2,89_13,2,16738.0,14371.0
Mouse_Thymus2,14_51,2,9238.0,18171.0
Mouse_Thymus2,40_32,2,11838.0,16271.0
Mouse_Thymus2,78_24,3,15638.0,15471.0
Mouse_Thymus2,15_45,3,9338.0,17571.0
Mouse_Thymus2,87_10,2,16538.0,14071.0
Mouse_Thymus2,112_59,2,19038.0,18971.0
Mouse_Thymus2,82_2,2,16038.0,13271.0
Mouse_Thymus2,86_4,2,16438.0,13471.0
Mouse_Thymus2,52_44,2,13038.0,17471.0
Mouse_Thymus2,88_22,3,16638.0,15271.0
Mouse_Thymus2,100_38,3,17838.0,16871.0
Mouse_Thymus2,64_34,3,14238.0,16471.0
Mouse_Thymus2,91_55,2,16938.0,18571.0
Mouse_Thymus2,92_44,2,17038.0,17471.0
Mouse_Thymus2,67_21,4,14538.0,15171.0
Mouse_Thymus2,67_41,2,14538.0,17171.0
Mouse_Thymus2,62_23,3,14038.0,15371.0
Mouse_Thymus2,61_39,2,13938.0,16971.0
Mouse_Thymus2,30_45,3,10838.0,17571.0
Mouse_Thymus2,94_14,4,17238.0,14471.0
Mouse_Thymus2,98_10,3,17638.0,14071.0
Mouse_Thymus2,86_10,2,16438.0,14071.0
Mouse_Thymus2,88_28,2,16638.0,15871.0
Mouse_Thymus2,106_29,2,18438.0,15971.0
Mouse_Thymus2,78_15,4,15638.0,14571.0
Mouse_Thymus2,87_53,2,16538.0,18371.0
Mouse_Thymus2,121_46,2,19938.0,17671.0
Mouse_Thymus2,66_11,2,14438.0,14171.0
Mouse_Thymus2,66_29,3,14438.0,15971.0
Mouse_Thymus2,37_38,4,11538.0,16871.0
Mouse_Thymus2,35_46,3,11338.0,17671.0
Mouse_Thymus2,50_17,4,12838.0,14771.0
Mouse_Thymus2,120_55,3,19838.0,18571.0
Mouse_Thymus2,26_53,4,10438.0,18371.0
Mouse_Thymus2,26_40,2,10438.0,17071.0
Mouse_Thymus2,26_44,3,10438.0,17471.0
Mouse_Thymus2,61_23,3,13938.0,15371.0
Mouse_Thymus2,80_5,2,15838.0,13571.0
Mouse_Thymus2,88_52,4,16638.0,18271.0
Mouse_Thymus2,96_7,4,17438.0,13771.0
Mouse_Thymus2,72_42,2,15038.0,17271.0
Mouse_Thymus2,115_67,0,19338.0,19771.0
Mouse_Thymus2,84_45,2,16238.0,17571.0
Mouse_Thymus2,117_59,3,19538.0,18971.0
Mouse_Thymus2,42_46,3,12038.0,17671.0
Mouse_Thymus2,101_36,3,17938.0,16671.0
Mouse_Thymus2,121_65,4,19938.0,19571.0
Mouse_Thymus2,80_2,4,15838.0,13271.0
Mouse_Thymus2,83_11,4,16138.0,14171.0
Mouse_Thymus2,94_59,2,17238.0,18971.0
Mouse_Thymus2,44_41,3,12238.0,17171.0
Mouse_Thymus2,100_20,4,17838.0,15071.0
Mouse_Thymus2,89_27,2,16738.0,15771.0
Mouse_Thymus2,115_62,2,19338.0,19271.0
Mouse_Thymus2,70_28,3,14838.0,15871.0
Mouse_Thymus2,102_15,2,18038.0,14571.0
Mouse_Thymus2,83_23,3,16138.0,15371.0
Mouse_Thymus2,71_10,4,14938.0,14071.0
Mouse_Thymus2,87_3,2,16538.0,13371.0
Mouse_Thymus2,68_27,3,14638.0,15771.0
Mouse_Thymus2,96_15,2,17438.0,14571.0
Mouse_Thymus2,74_15,2,15238.0,14571.0
Mouse_Thymus2,35_35,2,11338.0,16571.0
Mouse_Thymus2,76_44,4,15438.0,17471.0
Mouse_Thymus2,65_8,2,14338.0,13871.0
Mouse_Thymus2,97_32,3,17538.0,16271.0
Mouse_Thymus2,98_60,2,17638.0,19071.0
Mouse_Thymus2,31_50,2,10938.0,18071.0
Mouse_Thymus2,109_49,2,18738.0,17971.0
Mouse_Thymus2,58_34,3,13638.0,16471.0
Mouse_Thymus2,44_33,4,12238.0,16371.0
Mouse_Thymus2,102_50,4,18038.0,18071.0
Mouse_Thymus2,81_39,3,15938.0,16971.0
Mouse_Thymus2,27_48,3,10538.0,17871.0
Mouse_Thymus2,43_37,2,12138.0,16771.0
Mouse_Thymus2,100_33,2,17838.0,16371.0
Mouse_Thymus2,108_42,3,18638.0,17271.0
Mouse_Thymus2,119_63,2,19738.0,19371.0
Mouse_Thymus2,117_66,4,19538.0,19671.0
Mouse_Thymus2,53_44,4,13138.0,17471.0
Mouse_Thymus2,33_32,4,11138.0,16271.0
Mouse_Thymus2,70_11,2,14838.0,14171.0
Mouse_Thymus2,110_59,4,18838.0,18971.0
Mouse_Thymus2,110_54,2,18838.0,18471.0
Mouse_Thymus2,121_59,3,19938.0,18971.0
Mouse_Thymus2,93_37,2,17138.0,16771.0
Mouse_Thymus2,120_46,4,19838.0,17671.0
Mouse_Thymus2,102_44,4,18038.0,17471.0
Mouse_Thymus2,78_42,3,15638.0,17271.0
Mouse_Thymus2,79_1,4,15738.0,13171.0
Mouse_Thymus2,78_21,3,15638.0,15171.0
Mouse_Thymus2,114_61,2,19238.0,19171.0
Mouse_Thymus2,95_52,2,17338.0,18271.0
Mouse_Thymus2,45_40,3,12338.0,17071.0
Mouse_Thymus2,75_0,2,15338.0,13071.0
Mouse_Thymus2,89_34,4,16738.0,16471.0
Mouse_Thymus2,65_35,3,14338.0,16571.0
Mouse_Thymus2,49_39,3,12738.0,16971.0
Mouse_Thymus2,40_41,3,11838.0,17171.0
Mouse_Thymus2,72_22,3,15038.0,15271.0
Mouse_Thymus2,113_43,3,19138.0,17371.0
Mouse_Thymus2,24_40,2,10238.0,17071.0
Mouse_Thymus2,98_37,3,17638.0,16771.0
Mouse_Thymus2,89_17,3,16738.0,14771.0
Mouse_Thymus2,125_60,4,20338.0,19071.0
Mouse_Thymus2,56_32,3,13438.0,16271.0
Mouse_Thymus2,112_33,2,19038.0,16371.0
Mouse_Thymus2,92_12,2,17038.0,14271.0
Mouse_Thymus2,78_45,2,15638.0,17571.0
Mouse_Thymus2,93_41,4,17138.0,17171.0
Mouse_Thymus2,82_3,2,16038.0,13371.0
Mouse_Thymus2,28_50,2,10638.0,18071.0
Mouse_Thymus2,104_26,2,18238.0,15671.0
Mouse_Thymus2,87_13,3,16538.0,14371.0
Mouse_Thymus2,97_61,4,17538.0,19171.0
Mouse_Thymus2,89_29,2,16738.0,15971.0
Mouse_Thymus2,88_3,0,16638.0,13371.0
Mouse_Thymus2,85_24,4,16338.0,15471.0
Mouse_Thymus2,61_37,3,13938.0,16771.0
Mouse_Thymus2,75_21,4,15338.0,15171.0
Mouse_Thymus2,30_47,3,10838.0,17771.0
Mouse_Thymus2,53_42,2,13138.0,17271.0
Mouse_Thymus2,75_3,2,15338.0,13371.0
Mouse_Thymus2,52_15,4,13038.0,14571.0
Mouse_Thymus2,13_47,4,9138.0,17771.0
Mouse_Thymus2,43_23,2,12138.0,15371.0
Mouse_Thymus2,77_25,3,15538.0,15571.0
Mouse_Thymus2,79_24,3,15738.0,15471.0
Mouse_Thymus2,64_39,2,14238.0,16971.0
Mouse_Thymus2,102_23,4,18038.0,15371.0
Mouse_Thymus2,84_55,4,16238.0,18571.0
Mouse_Thymus2,71_4,4,14938.0,13471.0
Mouse_Thymus2,97_13,2,17538.0,14371.0
Mouse_Thymus2,51_30,2,12938.0,16071.0
Mouse_Thymus2,104_53,2,18238.0,18371.0
Mouse_Thymus2,114_60,4,19238.0,19071.0
Mouse_Thymus2,67_15,4,14538.0,14571.0
Mouse_Thymus2,83_31,2,16138.0,16171.0
Mouse_Thymus2,75_42,2,15338.0,17271.0
Mouse_Thymus2,91_56,2,16938.0,18671.0
Mouse_Thymus2,33_52,2,11138.0,18271.0
Mouse_Thymus2,96_21,3,17438.0,15171.0
Mouse_Thymus2,73_29,3,15138.0,15971.0
Mouse_Thymus2,91_51,4,16938.0,18171.0
Mouse_Thymus2,23_56,4,10138.0,18671.0
Mouse_Thymus2,107_37,3,18538.0,16771.0
Mouse_Thymus2,87_23,3,16538.0,15371.0
Mouse_Thymus2,57_15,2,13538.0,14571.0
Mouse_Thymus2,88_7,4,16638.0,13771.0
Mouse_Thymus2,69_39,2,14738.0,16971.0
Mouse_Thymus2,63_13,2,14138.0,14371.0
Mouse_Thymus2,94_57,2,17238.0,18771.0
Mouse_Thymus2,45_49,2,12338.0,17971.0
Mouse_Thymus2,74_6,2,15238.0,13671.0
Mouse_Thymus2,78_31,3,15638.0,16171.0
Mouse_Thymus2,52_19,2,13038.0,14971.0
Mouse_Thymus2,69_21,2,14738.0,15171.0
Mouse_Thymus2,78_9,4,15638.0,13971.0
Mouse_Thymus2,97_29,2,17538.0,15971.0
Mouse_Thymus2,20_41,2,9838.0,17171.0
Mouse_Thymus2,86_31,2,16438.0,16171.0
Mouse_Thymus2,101_55,2,17938.0,18571.0
Mouse_Thymus2,87_25,2,16538.0,15571.0
Mouse_Thymus2,62_25,4,14038.0,15571.0
Mouse_Thymus2,43_24,2,12138.0,15471.0
Mouse_Thymus2,69_4,2,14738.0,13471.0
Mouse_Thymus2,83_21,3,16138.0,15171.0
Mouse_Thymus2,120_48,4,19838.0,17871.0
Mouse_Thymus2,23_37,2,10138.0,16771.0
Mouse_Thymus2,97_44,2,17538.0,17471.0
Mouse_Thymus2,35_37,2,11338.0,16771.0
Mouse_Thymus2,75_20,4,15338.0,15071.0
Mouse_Thymus2,113_35,2,19138.0,16571.0
Mouse_Thymus2,53_21,4,13138.0,15171.0
Mouse_Thymus2,92_37,2,17038.0,16771.0
Mouse_Thymus2,92_40,2,17038.0,17071.0
Mouse_Thymus2,71_35,3,14938.0,16571.0
Mouse_Thymus2,83_51,2,16138.0,18171.0
Mouse_Thymus2,54_29,4,13238.0,15971.0
Mouse_Thymus2,61_13,2,13938.0,14371.0
Mouse_Thymus2,70_26,3,14838.0,15671.0
Mouse_Thymus2,34_54,2,11238.0,18471.0
Mouse_Thymus2,73_36,3,15138.0,16671.0
Mouse_Thymus2,80_11,4,15838.0,14171.0
Mouse_Thymus2,92_29,2,17038.0,15971.0
Mouse_Thymus2,109_37,3,18738.0,16771.0
Mouse_Thymus2,76_4,2,15438.0,13471.0
Mouse_Thymus2,94_11,2,17238.0,14171.0
Mouse_Thymus2,102_47,2,18038.0,17771.0
Mouse_Thymus2,92_6,2,17038.0,13671.0
Mouse_Thymus2,43_22,2,12138.0,15271.0
Mouse_Thymus2,73_9,4,15138.0,13971.0
Mouse_Thymus2,28_48,3,10638.0,17871.0
Mouse_Thymus2,119_64,2,19738.0,19471.0
Mouse_Thymus2,29_43,3,10738.0,17371.0
Mouse_Thymus2,121_47,2,19938.0,17771.0
Mouse_Thymus2,84_43,2,16238.0,17371.0
Mouse_Thymus2,94_61,0,17238.0,19171.0
Mouse_Thymus2,87_54,2,16538.0,18471.0
Mouse_Thymus2,76_14,2,15438.0,14471.0
Mouse_Thymus2,39_28,3,11738.0,15871.0
Mouse_Thymus2,16_38,4,9438.0,16871.0
Mouse_Thymus2,97_15,2,17538.0,14571.0
Mouse_Thymus2,17_54,4,9538.0,18471.0
Mouse_Thymus2,22_41,2,10038.0,17171.0
Mouse_Thymus2,91_18,3,16938.0,14871.0
Mouse_Thymus2,78_1,2,15638.0,13171.0
Mouse_Thymus2,84_54,2,16238.0,18471.0
Mouse_Thymus2,37_42,3,11538.0,17271.0
Mouse_Thymus2,91_41,4,16938.0,17171.0
Mouse_Thymus2,64_31,3,14238.0,16171.0
Mouse_Thymus2,77_40,3,15538.0,17071.0
Mouse_Thymus2,83_16,3,16138.0,14671.0
Mouse_Thymus2,7_49,0,8538.0,17971.0
Mouse_Thymus2,72_21,3,15038.0,15171.0
Mouse_Thymus2,96_23,3,17438.0,15371.0
Mouse_Thymus2,46_47,2,12438.0,17771.0
Mouse_Thymus2,73_39,3,15138.0,16971.0
Mouse_Thymus2,79_37,3,15738.0,16771.0
Mouse_Thymus2,118_53,3,19638.0,18371.0
Mouse_Thymus2,96_11,4,17438.0,14171.0
Mouse_Thymus2,48_37,3,12638.0,16771.0
Mouse_Thymus2,52_26,3,13038.0,15671.0
Mouse_Thymus2,80_30,3,15838.0,16071.0
Mouse_Thymus2,64_15,4,14238.0,14571.0
Mouse_Thymus2,48_46,2,12638.0,17671.0
Mouse_Thymus2,61_33,3,13938.0,16371.0
Mouse_Thymus2,9_43,2,8738.0,17371.0
Mouse_Thymus2,99_55,2,17738.0,18571.0
Mouse_Thymus2,22_51,2,10038.0,18171.0
Mouse_Thymus2,87_28,4,16538.0,15871.0
Mouse_Thymus2,48_42,3,12638.0,17271.0
Mouse_Thymus2,68_31,2,14638.0,16171.0
Mouse_Thymus2,67_16,4,14538.0,14671.0
Mouse_Thymus2,47_40,3,12538.0,17071.0
Mouse_Thymus2,60_11,0,13838.0,14171.0
Mouse_Thymus2,78_28,3,15638.0,15871.0
Mouse_Thymus2,77_23,3,15538.0,15371.0
Mouse_Thymus2,113_59,2,19138.0,18971.0
Mouse_Thymus2,35_53,2,11338.0,18371.0
Mouse_Thymus2,52_34,4,13038.0,16471.0
Mouse_Thymus2,28_53,2,10638.0,18371.0
Mouse_Thymus2,39_31,2,11738.0,16171.0
Mouse_Thymus2,51_41,3,12938.0,17171.0
Mouse_Thymus2,93_25,3,17138.0,15571.0
Mouse_Thymus2,14_41,4,9238.0,17171.0
Mouse_Thymus2,96_22,3,17438.0,15271.0
Mouse_Thymus2,40_24,2,11838.0,15471.0
Mouse_Thymus2,24_44,3,10238.0,17471.0
Mouse_Thymus2,83_28,3,16138.0,15871.0
Mouse_Thymus2,116_48,3,19438.0,17871.0
Mouse_Thymus2,91_11,4,16938.0,14171.0
Mouse_Thymus2,89_38,4,16738.0,16871.0
Mouse_Thymus2,72_35,3,15038.0,16571.0
Mouse_Thymus2,98_22,3,17638.0,15271.0
Mouse_Thymus2,79_46,2,15738.0,17671.0
Mouse_Thymus2,31_35,2,10938.0,16571.0
Mouse_Thymus2,99_53,2,17738.0,18371.0
Mouse_Thymus2,52_35,4,13038.0,16571.0
Mouse_Thymus2,26_56,2,10438.0,18671.0
Mouse_Thymus2,120_47,2,19838.0,17771.0
Mouse_Thymus2,59_13,2,13738.0,14371.0
Mouse_Thymus2,81_45,4,15938.0,17571.0
Mouse_Thymus2,72_13,4,15038.0,14371.0
Mouse_Thymus2,52_29,4,13038.0,15971.0
Mouse_Thymus2,81_37,3,15938.0,16771.0
Mouse_Thymus2,91_31,4,16938.0,16171.0
Mouse_Thymus2,87_49,4,16538.0,17971.0
Mouse_Thymus2,80_15,2,15838.0,14571.0
Mouse_Thymus2,97_21,3,17538.0,15171.0
Mouse_Thymus2,73_26,3,15138.0,15671.0
Mouse_Thymus2,31_44,3,10938.0,17471.0
Mouse_Thymus2,85_36,2,16338.0,16671.0
Mouse_Thymus2,85_2,2,16338.0,13271.0
Mouse_Thymus2,52_32,2,13038.0,16271.0
Mouse_Thymus2,14_48,2,9238.0,17871.0
Mouse_Thymus2,104_31,3,18238.0,16171.0
Mouse_Thymus2,87_43,2,16538.0,17371.0
Mouse_Thymus2,29_37,4,10738.0,16771.0
Mouse_Thymus2,74_36,3,15238.0,16671.0
Mouse_Thymus2,109_40,3,18738.0,17071.0
Mouse_Thymus2,27_41,4,10538.0,17171.0
Mouse_Thymus2,76_13,2,15438.0,14371.0
Mouse_Thymus2,112_41,3,19038.0,17171.0
Mouse_Thymus2,116_55,4,19438.0,18571.0
Mouse_Thymus2,66_30,2,14438.0,16071.0
Mouse_Thymus2,122_46,2,20038.0,17671.0
Mouse_Thymus2,84_26,4,16238.0,15671.0
Mouse_Thymus2,87_31,2,16538.0,16171.0
Mouse_Thymus2,60_31,3,13838.0,16171.0
Mouse_Thymus2,40_40,3,11838.0,17071.0
Mouse_Thymus2,45_20,2,12338.0,15071.0
Mouse_Thymus2,63_38,2,14138.0,16871.0
Mouse_Thymus2,98_8,2,17638.0,13871.0
Mouse_Thymus2,84_9,2,16238.0,13971.0
Mouse_Thymus2,80_16,4,15838.0,14671.0
Mouse_Thymus2,49_34,4,12738.0,16471.0
Mouse_Thymus2,80_14,4,15838.0,14471.0
Mouse_Thymus2,107_57,2,18538.0,18771.0
Mouse_Thymus2,89_7,2,16738.0,13771.0
Mouse_Thymus2,80_1,4,15838.0,13171.0
Mouse_Thymus2,24_52,2,10238.0,18271.0
Mouse_Thymus2,109_36,3,18738.0,16671.0
Mouse_Thymus2,100_45,2,17838.0,17571.0
Mouse_Thymus2,87_48,4,16538.0,17871.0
Mouse_Thymus2,105_34,3,18338.0,16471.0
Mouse_Thymus2,110_51,2,18838.0,18171.0
Mouse_Thymus2,63_12,2,14138.0,14271.0
Mouse_Thymus2,84_5,2,16238.0,13571.0
Mouse_Thymus2,36_45,3,11438.0,17571.0
Mouse_Thymus2,71_13,4,14938.0,14371.0
Mouse_Thymus2,49_33,3,12738.0,16371.0
Mouse_Thymus2,98_56,2,17638.0,18671.0
Mouse_Thymus2,95_19,2,17338.0,14971.0
Mouse_Thymus2,40_46,4,11838.0,17671.0
Mouse_Thymus2,34_45,3,11238.0,17571.0
Mouse_Thymus2,81_28,2,15938.0,15871.0
Mouse_Thymus2,103_59,0,18138.0,18971.0
Mouse_Thymus2,97_60,2,17538.0,19071.0
Mouse_Thymus2,84_27,3,16238.0,15771.0
Mouse_Thymus2,114_66,0,19238.0,19671.0
Mouse_Thymus2,11_42,2,8938.0,17271.0
Mouse_Thymus2,66_39,2,14438.0,16971.0
Mouse_Thymus2,81_12,2,15938.0,14271.0
Mouse_Thymus2,33_29,4,11138.0,15971.0
Mouse_Thymus2,103_45,4,18138.0,17571.0
Mouse_Thymus2,82_44,4,16038.0,17471.0
Mouse_Thymus2,83_3,4,16138.0,13371.0
Mouse_Thymus2,69_10,4,14738.0,14071.0
Mouse_Thymus2,90_37,2,16838.0,16771.0
Mouse_Thymus2,123_55,2,20138.0,18571.0
Mouse_Thymus2,42_20,2,12038.0,15071.0
Mouse_Thymus2,27_37,2,10538.0,16771.0
Mouse_Thymus2,88_40,2,16638.0,17071.0
Mouse_Thymus2,48_48,2,12638.0,17871.0
Mouse_Thymus2,117_62,4,19538.0,19271.0
Mouse_Thymus2,118_51,3,19638.0,18171.0
Mouse_Thymus2,38_45,3,11638.0,17571.0
Mouse_Thymus2,51_24,2,12938.0,15471.0
Mouse_Thymus2,47_48,2,12538.0,17871.0
Mouse_Thymus2,34_31,2,11238.0,16171.0
Mouse_Thymus2,40_25,2,11838.0,15571.0
Mouse_Thymus2,9_40,0,8738.0,17071.0
Mouse_Thymus2,75_31,3,15338.0,16171.0
Mouse_Thymus2,87_11,2,16538.0,14171.0
Mouse_Thymus2,13_49,2,9138.0,17971.0
Mouse_Thymus2,71_1,2,14938.0,13171.0
Mouse_Thymus2,19_37,4,9738.0,16771.0
Mouse_Thymus2,59_31,3,13738.0,16171.0
Mouse_Thymus2,81_20,3,15938.0,15071.0
Mouse_Thymus2,106_32,3,18438.0,16271.0
Mouse_Thymus2,115_35,2,19338.0,16571.0
Mouse_Thymus2,72_5,4,15038.0,13571.0
Mouse_Thymus2,98_43,2,17638.0,17371.0
Mouse_Thymus2,80_7,2,15838.0,13771.0
Mouse_Thymus2,11_44,2,8938.0,17471.0
Mouse_Thymus2,53_28,2,13138.0,15871.0
Mouse_Thymus2,91_34,4,16938.0,16471.0
Mouse_Thymus2,18_51,2,9638.0,18171.0
Mouse_Thymus2,79_51,2,15738.0,18171.0
Mouse_Thymus2,98_30,4,17638.0,16071.0
Mouse_Thymus2,86_46,4,16438.0,17671.0
Mouse_Thymus2,47_20,2,12538.0,15071.0
Mouse_Thymus2,61_24,3,13938.0,15471.0
Mouse_Thymus2,78_26,3,15638.0,15671.0
Mouse_Thymus2,120_49,2,19838.0,17971.0
Mouse_Thymus2,42_51,2,12038.0,18171.0
Mouse_Thymus2,63_19,2,14138.0,14971.0
Mouse_Thymus2,107_32,2,18538.0,16271.0
Mouse_Thymus2,44_37,4,12238.0,16771.0
Mouse_Thymus2,68_13,4,14638.0,14371.0
Mouse_Thymus2,0_46,2,7838.0,17671.0
Mouse_Thymus2,95_51,2,17338.0,18171.0
Mouse_Thymus2,72_39,3,15038.0,16971.0
Mouse_Thymus2,122_63,2,20038.0,19371.0
Mouse_Thymus2,105_45,2,18338.0,17571.0
Mouse_Thymus2,20_44,3,9838.0,17471.0
Mouse_Thymus2,41_42,3,11938.0,17271.0
Mouse_Thymus2,124_57,2,20238.0,18771.0
Mouse_Thymus2,109_34,2,18738.0,16471.0
Mouse_Thymus2,81_3,2,15938.0,13371.0
Mouse_Thymus2,89_21,3,16738.0,15171.0
Mouse_Thymus2,84_33,4,16238.0,16371.0
Mouse_Thymus2,104_24,2,18238.0,15471.0
Mouse_Thymus2,83_13,2,16138.0,14371.0
Mouse_Thymus2,22_37,2,10038.0,16771.0
Mouse_Thymus2,51_36,4,12938.0,16671.0
Mouse_Thymus2,107_35,3,18538.0,16571.0
Mouse_Thymus2,72_14,4,15038.0,14471.0
Mouse_Thymus2,87_14,3,16538.0,14471.0
Mouse_Thymus2,106_43,4,18438.0,17371.0
Mouse_Thymus2,38_44,3,11638.0,17471.0
Mouse_Thymus2,123_70,2,20138.0,20071.0
Mouse_Thymus2,110_52,2,18838.0,18271.0
Mouse_Thymus2,19_53,2,9738.0,18371.0
Mouse_Thymus2,48_38,3,12638.0,16871.0
Mouse_Thymus2,77_19,3,15538.0,14971.0
Mouse_Thymus2,93_20,4,17138.0,15071.0
Mouse_Thymus2,84_36,4,16238.0,16671.0
Mouse_Thymus2,92_25,3,17038.0,15571.0
Mouse_Thymus2,124_63,2,20238.0,19371.0
Mouse_Thymus2,70_30,2,14838.0,16071.0
Mouse_Thymus2,32_52,2,11038.0,18271.0
Mouse_Thymus2,89_6,2,16738.0,13671.0
Mouse_Thymus2,105_38,3,18338.0,16871.0
Mouse_Thymus2,77_44,4,15538.0,17471.0
Mouse_Thymus2,3_45,4,8138.0,17571.0
Mouse_Thymus2,32_55,2,11038.0,18571.0
Mouse_Thymus2,108_31,2,18638.0,16171.0
Mouse_Thymus2,94_17,4,17238.0,14771.0
Mouse_Thymus2,121_56,3,19938.0,18671.0
Mouse_Thymus2,89_45,2,16738.0,17571.0
Mouse_Thymus2,22_40,4,10038.0,17071.0
Mouse_Thymus2,96_29,4,17438.0,15971.0
Mouse_Thymus2,43_30,3,12138.0,16071.0
Mouse_Thymus2,19_54,4,9738.0,18471.0
Mouse_Thymus2,98_52,2,17638.0,18271.0
Mouse_Thymus2,80_10,2,15838.0,14071.0
Mouse_Thymus2,58_20,4,13638.0,15071.0
Mouse_Thymus2,32_28,2,11038.0,15871.0
Mouse_Thymus2,65_32,3,14338.0,16271.0
Mouse_Thymus2,102_37,4,18038.0,16771.0
Mouse_Thymus2,114_43,3,19238.0,17371.0
Mouse_Thymus2,40_27,2,11838.0,15771.0
Mouse_Thymus2,95_47,2,17338.0,17771.0
Mouse_Thymus2,110_29,2,18838.0,15971.0
Mouse_Thymus2,110_56,4,18838.0,18671.0
Mouse_Thymus2,84_48,4,16238.0,17871.0
Mouse_Thymus2,100_11,4,17838.0,14171.0
Mouse_Thymus2,60_39,2,13838.0,16971.0
Mouse_Thymus2,38_46,3,11638.0,17671.0
Mouse_Thymus2,39_44,3,11738.0,17471.0
Mouse_Thymus2,112_63,0,19038.0,19371.0
Mouse_Thymus2,112_51,2,19038.0,18171.0
Mouse_Thymus2,107_23,4,18538.0,15371.0
Mouse_Thymus2,75_4,2,15338.0,13471.0
Mouse_Thymus2,41_27,4,11938.0,15771.0
Mouse_Thymus2,34_43,3,11238.0,17371.0
Mouse_Thymus2,29_36,2,10738.0,16671.0
Mouse_Thymus2,97_12,2,17538.0,14271.0
Mouse_Thymus2,88_15,3,16638.0,14571.0
Mouse_Thymus2,87_41,2,16538.0,17171.0
Mouse_Thymus2,48_20,2,12638.0,15071.0
Mouse_Thymus2,58_12,2,13638.0,14271.0
Mouse_Thymus2,97_27,3,17538.0,15771.0
Mouse_Thymus2,79_10,2,15738.0,14071.0
Mouse_Thymus2,106_42,3,18438.0,17271.0
Mouse_Thymus2,69_9,4,14738.0,13971.0
Mouse_Thymus2,70_18,4,14838.0,14871.0
Mouse_Thymus2,89_31,4,16738.0,16171.0
Mouse_Thymus2,117_42,2,19538.0,17271.0
Mouse_Thymus2,73_19,2,15138.0,14971.0
Mouse_Thymus2,89_56,2,16738.0,18671.0
Mouse_Thymus2,95_22,3,17338.0,15271.0
Mouse_Thymus2,88_30,2,16638.0,16071.0
Mouse_Thymus2,79_16,4,15738.0,14671.0
Mouse_Thymus2,50_33,3,12838.0,16371.0
Mouse_Thymus2,112_32,2,19038.0,16271.0
Mouse_Thymus2,19_42,4,9738.0,17271.0
Mouse_Thymus2,20_54,4,9838.0,18471.0
Mouse_Thymus2,84_12,2,16238.0,14271.0
Mouse_Thymus2,105_46,2,18338.0,17671.0
Mouse_Thymus2,99_25,3,17738.0,15571.0
Mouse_Thymus2,59_23,3,13738.0,15371.0
Mouse_Thymus2,45_43,3,12338.0,17371.0
Mouse_Thymus2,114_35,2,19238.0,16571.0
Mouse_Thymus2,83_47,4,16138.0,17771.0
Mouse_Thymus2,123_56,2,20138.0,18671.0
Mouse_Thymus2,94_33,2,17238.0,16371.0
Mouse_Thymus2,93_18,3,17138.0,14871.0
Mouse_Thymus2,34_55,2,11238.0,18571.0
Mouse_Thymus2,102_28,3,18038.0,15871.0
Mouse_Thymus2,61_35,3,13938.0,16571.0
Mouse_Thymus2,95_8,2,17338.0,13871.0
Mouse_Thymus2,34_47,3,11238.0,17771.0
Mouse_Thymus2,38_28,4,11638.0,15871.0
Mouse_Thymus2,106_35,3,18438.0,16571.0
Mouse_Thymus2,42_36,2,12038.0,16671.0
Mouse_Thymus2,57_13,2,13538.0,14371.0
Mouse_Thymus2,49_40,3,12738.0,17071.0
Mouse_Thymus2,68_12,2,14638.0,14271.0
Mouse_Thymus2,27_51,3,10538.0,18171.0
Mouse_Thymus2,114_52,2,19238.0,18271.0
Mouse_Thymus2,15_42,4,9338.0,17271.0
Mouse_Thymus2,39_41,3,11738.0,17171.0
Mouse_Thymus2,98_34,3,17638.0,16471.0
Mouse_Thymus2,63_39,4,14138.0,16971.0
Mouse_Thymus2,105_36,3,18338.0,16671.0
Mouse_Thymus2,63_34,3,14138.0,16471.0
Mouse_Thymus2,27_46,3,10538.0,17671.0
Mouse_Thymus2,94_50,2,17238.0,18071.0
Mouse_Thymus2,61_19,2,13938.0,14971.0
Mouse_Thymus2,57_25,3,13538.0,15571.0
Mouse_Thymus2,103_53,2,18138.0,18371.0
Mouse_Thymus2,54_18,4,13238.0,14871.0
Mouse_Thymus2,100_46,2,17838.0,17671.0
Mouse_Thymus2,11_45,2,8938.0,17571.0
Mouse_Thymus2,42_22,2,12038.0,15271.0
Mouse_Thymus2,114_51,2,19238.0,18171.0
Mouse_Thymus2,84_37,2,16238.0,16771.0
Mouse_Thymus2,85_34,4,16338.0,16471.0
Mouse_Thymus2,55_15,4,13338.0,14571.0
Mouse_Thymus2,54_31,4,13238.0,16171.0
Mouse_Thymus2,30_32,2,10838.0,16271.0
Mouse_Thymus2,118_55,4,19638.0,18571.0
Mouse_Thymus2,34_41,3,11238.0,17171.0
Mouse_Thymus2,115_63,2,19338.0,19371.0
Mouse_Thymus2,92_24,3,17038.0,15471.0
Mouse_Thymus2,57_12,0,13538.0,14271.0
Mouse_Thymus2,45_42,3,12338.0,17271.0
Mouse_Thymus2,121_45,4,19938.0,17571.0
Mouse_Thymus2,52_33,2,13038.0,16371.0
Mouse_Thymus2,93_9,2,17138.0,13971.0
Mouse_Thymus2,95_12,2,17338.0,14271.0
Mouse_Thymus2,36_54,2,11438.0,18471.0
Mouse_Thymus2,47_39,3,12538.0,16971.0
Mouse_Thymus2,66_42,0,14438.0,17271.0
Mouse_Thymus2,95_44,2,17338.0,17471.0
Mouse_Thymus2,44_44,3,12238.0,17471.0
Mouse_Thymus2,91_29,4,16938.0,15971.0
Mouse_Thymus2,103_55,2,18138.0,18571.0
Mouse_Thymus2,42_31,4,12038.0,16171.0
Mouse_Thymus2,92_38,2,17038.0,16871.0
Mouse_Thymus2,55_29,3,13338.0,15971.0
Mouse_Thymus2,82_17,3,16038.0,14771.0
Mouse_Thymus2,53_40,4,13138.0,17071.0
Mouse_Thymus2,55_19,2,13338.0,14971.0
Mouse_Thymus2,70_1,0,14838.0,13171.0
Mouse_Thymus2,77_48,2,15538.0,17871.0
Mouse_Thymus2,16_46,3,9438.0,17671.0
Mouse_Thymus2,107_45,3,18538.0,17571.0
Mouse_Thymus2,45_34,4,12338.0,16471.0
Mouse_Thymus2,53_19,4,13138.0,14971.0
Mouse_Thymus2,59_28,3,13738.0,15871.0
Mouse_Thymus2,90_24,3,16838.0,15471.0
Mouse_Thymus2,83_8,2,16138.0,13871.0
Mouse_Thymus2,110_39,3,18838.0,16971.0
Mouse_Thymus2,75_22,3,15338.0,15271.0
Mouse_Thymus2,87_15,3,16538.0,14571.0
Mouse_Thymus2,59_30,3,13738.0,16071.0
Mouse_Thymus2,56_39,2,13438.0,16971.0
Mouse_Thymus2,28_45,3,10638.0,17571.0
Mouse_Thymus2,74_8,2,15238.0,13871.0
Mouse_Thymus2,25_41,2,10338.0,17171.0
Mouse_Thymus2,116_43,4,19438.0,17371.0
Mouse_Thymus2,75_41,4,15338.0,17171.0
Mouse_Thymus2,93_38,4,17138.0,16871.0
Mouse_Thymus2,60_17,4,13838.0,14771.0
Mouse_Thymus2,26_39,2,10438.0,16971.0
Mouse_Thymus2,111_61,2,18938.0,19171.0
Mouse_Thymus2,118_50,3,19638.0,18071.0
Mouse_Thymus2,86_44,4,16438.0,17471.0
Mouse_Thymus2,81_47,4,15938.0,17771.0
Mouse_Thymus2,71_18,4,14938.0,14871.0
Mouse_Thymus2,80_38,3,15838.0,16871.0
Mouse_Thymus2,28_56,2,10638.0,18671.0
Mouse_Thymus2,73_22,3,15138.0,15271.0
Mouse_Thymus2,22_52,2,10038.0,18271.0
Mouse_Thymus2,51_35,2,12938.0,16571.0
Mouse_Thymus2,83_24,3,16138.0,15471.0
Mouse_Thymus2,18_40,4,9638.0,17071.0
Mouse_Thymus2,21_55,4,9938.0,18571.0
Mouse_Thymus2,27_52,2,10538.0,18271.0
Mouse_Thymus2,51_26,3,12938.0,15671.0
Mouse_Thymus2,115_34,4,19338.0,16471.0
Mouse_Thymus2,80_36,3,15838.0,16671.0
Mouse_Thymus2,61_21,3,13938.0,15171.0
Mouse_Thymus2,54_25,4,13238.0,15571.0
Mouse_Thymus2,59_32,3,13738.0,16271.0
Mouse_Thymus2,46_20,4,12438.0,15071.0
Mouse_Thymus2,18_38,2,9638.0,16871.0
Mouse_Thymus2,92_51,2,17038.0,18171.0
Mouse_Thymus2,88_8,2,16638.0,13871.0
Mouse_Thymus2,7_44,4,8538.0,17471.0
Mouse_Thymus2,30_44,3,10838.0,17471.0
Mouse_Thymus2,73_34,4,15138.0,16471.0
Mouse_Thymus2,123_62,2,20138.0,19271.0
Mouse_Thymus2,19_47,3,9738.0,17771.0
Mouse_Thymus2,86_45,2,16438.0,17571.0
Mouse_Thymus2,99_16,2,17738.0,14671.0
Mouse_Thymus2,30_54,2,10838.0,18471.0
Mouse_Thymus2,64_36,3,14238.0,16671.0
Mouse_Thymus2,29_39,2,10738.0,16971.0
Mouse_Thymus2,85_1,0,16338.0,13171.0
Mouse_Thymus2,79_9,2,15738.0,13971.0
Mouse_Thymus2,30_52,2,10838.0,18271.0
Mouse_Thymus2,77_17,2,15538.0,14771.0
Mouse_Thymus2,57_14,2,13538.0,14471.0
Mouse_Thymus2,59_18,2,13738.0,14871.0
Mouse_Thymus2,79_13,2,15738.0,14371.0
Mouse_Thymus2,50_26,3,12838.0,15671.0
Mouse_Thymus2,75_48,2,15338.0,17871.0
Mouse_Thymus2,76_18,4,15438.0,14871.0
Mouse_Thymus2,77_46,4,15538.0,17671.0
Mouse_Thymus2,26_36,4,10438.0,16671.0
Mouse_Thymus2,102_21,2,18038.0,15171.0
Mouse_Thymus2,121_66,3,19938.0,19671.0
Mouse_Thymus2,104_36,3,18238.0,16671.0
Mouse_Thymus2,99_30,4,17738.0,16071.0
Mouse_Thymus2,30_34,2,10838.0,16471.0
Mouse_Thymus2,25_47,3,10338.0,17771.0
Mouse_Thymus2,63_14,4,14138.0,14471.0
Mouse_Thymus2,25_56,2,10338.0,18671.0
Mouse_Thymus2,47_16,2,12538.0,14671.0
Mouse_Thymus2,84_52,2,16238.0,18271.0
Mouse_Thymus2,83_26,2,16138.0,15671.0
Mouse_Thymus2,85_47,4,16338.0,17771.0
Mouse_Thymus2,33_50,2,11138.0,18071.0
Mouse_Thymus2,78_14,2,15638.0,14471.0
Mouse_Thymus2,55_22,4,13338.0,15271.0
Mouse_Thymus2,92_26,4,17038.0,15671.0
Mouse_Thymus2,88_34,2,16638.0,16471.0
Mouse_Thymus2,15_52,2,9338.0,18271.0
Mouse_Thymus2,58_22,4,13638.0,15271.0
Mouse_Thymus2,69_6,2,14738.0,13671.0
Mouse_Thymus2,17_42,4,9538.0,17271.0
Mouse_Thymus2,120_53,4,19838.0,18371.0
Mouse_Thymus2,79_6,2,15738.0,13671.0
Mouse_Thymus2,90_39,2,16838.0,16971.0
Mouse_Thymus2,101_30,4,17938.0,16071.0
Mouse_Thymus2,122_53,2,20038.0,18371.0
Mouse_Thymus2,2_46,4,8038.0,17671.0
Mouse_Thymus2,114_56,2,19238.0,18671.0
Mouse_Thymus2,21_50,2,9938.0,18071.0
Mouse_Thymus2,80_39,3,15838.0,16971.0
Mouse_Thymus2,62_10,2,14038.0,14071.0
Mouse_Thymus2,92_59,2,17038.0,18971.0
Mouse_Thymus2,72_30,3,15038.0,16071.0
Mouse_Thymus2,89_57,2,16738.0,18771.0
Mouse_Thymus2,116_42,2,19438.0,17271.0
Mouse_Thymus2,75_9,4,15338.0,13971.0
Mouse_Thymus2,23_47,3,10138.0,17771.0
Mouse_Thymus2,59_12,2,13738.0,14271.0
Mouse_Thymus2,85_21,3,16338.0,15171.0
Mouse_Thymus2,42_34,4,12038.0,16471.0
Mouse_Thymus2,88_46,2,16638.0,17671.0
Mouse_Thymus2,41_28,4,11938.0,15871.0
Mouse_Thymus2,51_16,2,12938.0,14671.0
Mouse_Thymus2,90_38,4,16838.0,16871.0
Mouse_Thymus2,81_17,4,15938.0,14771.0
Mouse_Thymus2,112_31,2,19038.0,16171.0
Mouse_Thymus2,100_61,2,17838.0,19171.0
Mouse_Thymus2,46_49,2,12438.0,17971.0
Mouse_Thymus2,85_10,2,16338.0,14071.0
Mouse_Thymus2,115_43,3,19338.0,17371.0
Mouse_Thymus2,25_39,2,10338.0,16971.0
Mouse_Thymus2,19_41,4,9738.0,17171.0
Mouse_Thymus2,76_30,3,15438.0,16071.0
Mouse_Thymus2,68_20,4,14638.0,15071.0
Mouse_Thymus2,109_42,3,18738.0,17271.0
Mouse_Thymus2,75_19,2,15338.0,14971.0
Mouse_Thymus2,79_39,3,15738.0,16971.0
Mouse_Thymus2,36_39,4,11438.0,16971.0
Mouse_Thymus2,61_18,2,13938.0,14871.0
Mouse_Thymus2,110_37,3,18838.0,16771.0
Mouse_Thymus2,52_14,2,13038.0,14471.0
Mouse_Thymus2,119_69,2,19738.0,19971.0
Mouse_Thymus2,39_52,2,11738.0,18271.0
Mouse_Thymus2,107_31,2,18538.0,16171.0
Mouse_Thymus2,101_52,2,17938.0,18271.0
Mouse_Thymus2,58_15,2,13638.0,14571.0
Mouse_Thymus2,85_6,2,16338.0,13671.0
Mouse_Thymus2,69_11,4,14738.0,14171.0
Mouse_Thymus2,68_22,3,14638.0,15271.0
Mouse_Thymus2,111_54,2,18938.0,18471.0
Mouse_Thymus2,93_40,2,17138.0,17071.0
Mouse_Thymus2,116_60,2,19438.0,19071.0
Mouse_Thymus2,83_38,4,16138.0,16871.0
Mouse_Thymus2,97_49,2,17538.0,17971.0
Mouse_Thymus2,78_34,3,15638.0,16471.0
Mouse_Thymus2,49_37,3,12738.0,16771.0
Mouse_Thymus2,36_50,2,11438.0,18071.0
Mouse_Thymus2,83_37,2,16138.0,16771.0
Mouse_Thymus2,69_22,3,14738.0,15271.0
Mouse_Thymus2,113_44,3,19138.0,17471.0
Mouse_Thymus2,96_40,4,17438.0,17071.0
Mouse_Thymus2,71_28,3,14938.0,15871.0
Mouse_Thymus2,95_38,4,17338.0,16871.0
Mouse_Thymus2,26_42,4,10438.0,17271.0
Mouse_Thymus2,56_43,0,13438.0,17371.0
Mouse_Thymus2,92_54,2,17038.0,18471.0
Mouse_Thymus2,97_57,2,17538.0,18771.0
Mouse_Thymus2,54_36,4,13238.0,16671.0
Mouse_Thymus2,37_32,4,11538.0,16271.0
Mouse_Thymus2,96_55,2,17438.0,18571.0
Mouse_Thymus2,33_27,2,11138.0,15771.0
Mouse_Thymus2,113_40,3,19138.0,17071.0
Mouse_Thymus2,43_39,3,12138.0,16971.0
Mouse_Thymus2,22_48,4,10038.0,17871.0
Mouse_Thymus2,55_32,3,13338.0,16271.0
Mouse_Thymus2,34_26,2,11238.0,15671.0
Mouse_Thymus2,100_17,2,17838.0,14771.0
Mouse_Thymus2,71_11,2,14938.0,14171.0
Mouse_Thymus2,99_31,4,17738.0,16171.0
Mouse_Thymus2,41_43,3,11938.0,17371.0
Mouse_Thymus2,33_48,4,11138.0,17871.0
Mouse_Thymus2,95_53,2,17338.0,18371.0
Mouse_Thymus2,30_51,2,10838.0,18171.0
Mouse_Thymus2,36_41,3,11438.0,17171.0
Mouse_Thymus2,125_62,2,20338.0,19271.0
Mouse_Thymus2,64_38,2,14238.0,16871.0
Mouse_Thymus2,39_27,3,11738.0,15771.0
Mouse_Thymus2,57_40,2,13538.0,17071.0
Mouse_Thymus2,47_22,2,12538.0,15271.0
Mouse_Thymus2,64_35,3,14238.0,16571.0
Mouse_Thymus2,49_42,3,12738.0,17271.0
Mouse_Thymus2,90_43,2,16838.0,17371.0
Mouse_Thymus2,101_42,4,17938.0,17271.0
Mouse_Thymus2,59_33,3,13738.0,16371.0
Mouse_Thymus2,56_19,4,13438.0,14971.0
Mouse_Thymus2,98_20,3,17638.0,15071.0
Mouse_Thymus2,32_37,4,11038.0,16771.0
Mouse_Thymus2,48_17,2,12638.0,14771.0
Mouse_Thymus2,79_5,2,15738.0,13571.0
Mouse_Thymus2,103_47,2,18138.0,17771.0
Mouse_Thymus2,30_56,2,10838.0,18671.0
Mouse_Thymus2,45_39,3,12338.0,16971.0
Mouse_Thymus2,118_41,2,19638.0,17171.0
Mouse_Thymus2,38_36,4,11638.0,16671.0
Mouse_Thymus2,71_40,2,14938.0,17071.0
Mouse_Thymus2,25_37,2,10338.0,16771.0
Mouse_Thymus2,102_33,2,18038.0,16371.0
Mouse_Thymus2,75_24,3,15338.0,15471.0
Mouse_Thymus2,43_47,4,12138.0,17771.0
Mouse_Thymus2,101_38,3,17938.0,16871.0
Mouse_Thymus2,113_56,4,19138.0,18671.0
Mouse_Thymus2,105_57,4,18338.0,18771.0
Mouse_Thymus2,93_47,2,17138.0,17771.0
Mouse_Thymus2,65_21,3,14338.0,15171.0
Mouse_Thymus2,53_41,2,13138.0,17171.0
Mouse_Thymus2,109_50,2,18738.0,18071.0
Mouse_Thymus2,87_40,2,16538.0,17071.0
Mouse_Thymus2,87_57,4,16538.0,18771.0
Mouse_Thymus2,38_27,4,11638.0,15771.0
Mouse_Thymus2,62_22,3,14038.0,15271.0
Mouse_Thymus2,85_5,2,16338.0,13571.0
Mouse_Thymus2,15_51,2,9338.0,18171.0
Mouse_Thymus2,114_42,3,19238.0,17271.0
Mouse_Thymus2,108_54,2,18638.0,18471.0
Mouse_Thymus2,86_56,4,16438.0,18671.0
Mouse_Thymus2,113_41,3,19138.0,17171.0
Mouse_Thymus2,8_49,4,8638.0,17971.0
Mouse_Thymus2,52_31,4,13038.0,16171.0
Mouse_Thymus2,24_51,4,10238.0,18171.0
Mouse_Thymus2,42_45,3,12038.0,17571.0
Mouse_Thymus2,49_27,3,12738.0,15771.0
Mouse_Thymus2,32_35,2,11038.0,16571.0
Mouse_Thymus2,90_31,4,16838.0,16171.0
Mouse_Thymus2,65_14,2,14338.0,14471.0
Mouse_Thymus2,85_9,2,16338.0,13971.0
Mouse_Thymus2,106_36,3,18438.0,16671.0
Mouse_Thymus2,64_9,2,14238.0,13971.0
Mouse_Thymus2,68_9,2,14638.0,13971.0
Mouse_Thymus2,45_47,2,12338.0,17771.0
Mouse_Thymus2,7_48,4,8538.0,17871.0
Mouse_Thymus2,110_55,2,18838.0,18571.0
Mouse_Thymus2,78_48,2,15638.0,17871.0
Mouse_Thymus2,19_51,2,9738.0,18171.0
Mouse_Thymus2,92_53,2,17038.0,18371.0
Mouse_Thymus2,103_54,2,18138.0,18471.0
Mouse_Thymus2,99_13,2,17738.0,14371.0
Mouse_Thymus2,56_13,2,13438.0,14371.0
Mouse_Thymus2,99_14,2,17738.0,14471.0
Mouse_Thymus2,91_57,4,16938.0,18771.0
Mouse_Thymus2,84_15,4,16238.0,14571.0
Mouse_Thymus2,66_12,2,14438.0,14271.0
Mouse_Thymus2,99_51,2,17738.0,18171.0
Mouse_Thymus2,76_31,3,15438.0,16171.0
Mouse_Thymus2,115_33,0,19338.0,16371.0
Mouse_Thymus2,41_30,4,11938.0,16071.0
Mouse_Thymus2,67_24,3,14538.0,15471.0
Mouse_Thymus2,44_39,3,12238.0,16971.0
Mouse_Thymus2,59_19,2,13738.0,14971.0
Mouse_Thymus2,99_48,4,17738.0,17871.0
Mouse_Thymus2,104_41,3,18238.0,17171.0
Mouse_Thymus2,35_52,2,11338.0,18271.0
Mouse_Thymus2,86_42,4,16438.0,17271.0
Mouse_Thymus2,69_12,2,14738.0,14271.0
Mouse_Thymus2,37_49,2,11538.0,17971.0
Mouse_Thymus2,119_54,3,19738.0,18471.0
Mouse_Thymus2,85_48,4,16338.0,17871.0
Mouse_Thymus2,32_30,2,11038.0,16071.0
Mouse_Thymus2,103_42,4,18138.0,17271.0
Mouse_Thymus2,77_47,2,15538.0,17771.0
Mouse_Thymus2,90_52,2,16838.0,18271.0
Mouse_Thymus2,7_43,2,8538.0,17371.0
Mouse_Thymus2,92_56,4,17038.0,18671.0
Mouse_Thymus2,36_26,4,11438.0,15671.0
Mouse_Thymus2,63_32,3,14138.0,16271.0
Mouse_Thymus2,16_42,4,9438.0,17271.0
Mouse_Thymus2,7_42,4,8538.0,17271.0
Mouse_Thymus2,82_40,4,16038.0,17071.0
Mouse_Thymus2,100_41,4,17838.0,17171.0
Mouse_Thymus2,78_32,3,15638.0,16271.0
Mouse_Thymus2,109_46,3,18738.0,17671.0
Mouse_Thymus2,28_35,4,10638.0,16571.0
Mouse_Thymus2,88_26,4,16638.0,15671.0
Mouse_Thymus2,41_24,2,11938.0,15471.0
Mouse_Thymus2,66_40,2,14438.0,17071.0
Mouse_Thymus2,74_25,3,15238.0,15571.0
Mouse_Thymus2,61_26,3,13938.0,15671.0
Mouse_Thymus2,83_48,2,16138.0,17871.0
Mouse_Thymus2,67_19,3,14538.0,14971.0
Mouse_Thymus2,98_24,3,17638.0,15471.0
Mouse_Thymus2,107_30,2,18538.0,16071.0
Mouse_Thymus2,100_40,4,17838.0,17071.0
Mouse_Thymus2,92_47,2,17038.0,17771.0
Mouse_Thymus2,42_29,3,12038.0,15971.0
Mouse_Thymus2,17_48,4,9538.0,17871.0
Mouse_Thymus2,109_43,3,18738.0,17371.0
Mouse_Thymus2,48_33,4,12638.0,16371.0
Mouse_Thymus2,84_38,2,16238.0,16871.0
Mouse_Thymus2,57_27,3,13538.0,15771.0
Mouse_Thymus2,66_10,4,14438.0,14071.0
Mouse_Thymus2,21_47,3,9938.0,17771.0
Mouse_Thymus2,63_10,2,14138.0,14071.0
Mouse_Thymus2,51_19,2,12938.0,14971.0
Mouse_Thymus2,71_5,2,14938.0,13571.0
Mouse_Thymus2,105_51,4,18338.0,18171.0
Mouse_Thymus2,40_43,3,11838.0,17371.0
Mouse_Thymus2,77_49,2,15538.0,17971.0
Mouse_Thymus2,104_32,3,18238.0,16271.0
Mouse_Thymus2,20_45,3,9838.0,17571.0
Mouse_Thymus2,90_15,3,16838.0,14571.0
Mouse_Thymus2,69_36,3,14738.0,16671.0
Mouse_Thymus2,69_20,2,14738.0,15071.0
Mouse_Thymus2,56_33,4,13438.0,16371.0
Mouse_Thymus2,41_51,2,11938.0,18171.0
Mouse_Thymus2,81_49,4,15938.0,17971.0
Mouse_Thymus2,99_41,4,17738.0,17171.0
Mouse_Thymus2,86_6,2,16438.0,13671.0
Mouse_Thymus2,84_6,2,16238.0,13671.0
Mouse_Thymus2,102_42,4,18038.0,17271.0
Mouse_Thymus2,75_12,4,15338.0,14271.0
Mouse_Thymus2,29_41,3,10738.0,17171.0
Mouse_Thymus2,74_47,2,15238.0,17771.0
Mouse_Thymus2,92_28,2,17038.0,15871.0
Mouse_Thymus2,98_36,3,17638.0,16671.0
Mouse_Thymus2,74_11,2,15238.0,14171.0
Mouse_Thymus2,57_39,2,13538.0,16971.0
Mouse_Thymus2,91_12,4,16938.0,14271.0
Mouse_Thymus2,69_29,2,14738.0,15971.0
Mouse_Thymus2,71_43,4,14938.0,17371.0
Mouse_Thymus2,53_39,4,13138.0,16971.0
Mouse_Thymus2,58_23,4,13638.0,15371.0
Mouse_Thymus2,125_69,4,20338.0,19971.0
Mouse_Thymus2,115_38,2,19338.0,16871.0
Mouse_Thymus2,86_40,4,16438.0,17071.0
Mouse_Thymus2,56_21,2,13438.0,15171.0
Mouse_Thymus2,123_63,2,20138.0,19371.0
Mouse_Thymus2,89_59,2,16738.0,18971.0
Mouse_Thymus2,37_27,2,11538.0,15771.0
Mouse_Thymus2,125_65,2,20338.0,19571.0
Mouse_Thymus2,70_43,2,14838.0,17371.0
Mouse_Thymus2,93_13,2,17138.0,14371.0
Mouse_Thymus2,26_55,2,10438.0,18571.0
Mouse_Thymus2,36_52,2,11438.0,18271.0
Mouse_Thymus2,67_13,2,14538.0,14371.0
Mouse_Thymus2,105_22,2,18338.0,15271.0
Mouse_Thymus2,101_59,2,17938.0,18971.0
Mouse_Thymus2,17_43,3,9538.0,17371.0
Mouse_Thymus2,86_33,2,16438.0,16371.0
Mouse_Thymus2,74_0,4,15238.0,13071.0
Mouse_Thymus2,63_31,3,14138.0,16171.0
Mouse_Thymus2,51_39,3,12938.0,16971.0
Mouse_Thymus2,44_36,2,12238.0,16671.0
Mouse_Thymus2,34_49,2,11238.0,17971.0
Mouse_Thymus2,116_46,3,19438.0,17671.0
Mouse_Thymus2,54_28,3,13238.0,15871.0
Mouse_Thymus2,84_31,2,16238.0,16171.0
Mouse_Thymus2,44_45,3,12238.0,17571.0
Mouse_Thymus2,28_44,3,10638.0,17471.0
Mouse_Thymus2,93_35,4,17138.0,16571.0
Mouse_Thymus2,73_35,3,15138.0,16571.0
Mouse_Thymus2,57_37,4,13538.0,16771.0
Mouse_Thymus2,118_49,3,19638.0,17971.0
Mouse_Thymus2,69_19,2,14738.0,14971.0
Mouse_Thymus2,77_41,3,15538.0,17171.0
Mouse_Thymus2,100_16,2,17838.0,14671.0
Mouse_Thymus2,95_61,4,17338.0,19171.0
Mouse_Thymus2,98_41,2,17638.0,17171.0
Mouse_Thymus2,98_25,3,17638.0,15571.0
Mouse_Thymus2,77_8,4,15538.0,13871.0
Mouse_Thymus2,26_38,2,10438.0,16871.0
Mouse_Thymus2,49_25,4,12738.0,15571.0
Mouse_Thymus2,110_27,4,18838.0,15771.0
Mouse_Thymus2,81_15,4,15938.0,14571.0
Mouse_Thymus2,95_50,2,17338.0,18071.0
Mouse_Thymus2,119_70,4,19738.0,20071.0
Mouse_Thymus2,100_37,3,17838.0,16771.0
Mouse_Thymus2,111_51,2,18938.0,18171.0
Mouse_Thymus2,21_41,2,9938.0,17171.0
Mouse_Thymus2,78_16,4,15638.0,14671.0
Mouse_Thymus2,116_50,4,19438.0,18071.0
Mouse_Thymus2,57_22,4,13538.0,15271.0
Mouse_Thymus2,79_14,2,15738.0,14471.0
Mouse_Thymus2,72_29,3,15038.0,15971.0
Mouse_Thymus2,93_34,4,17138.0,16471.0
Mouse_Thymus2,54_20,4,13238.0,15071.0
Mouse_Thymus2,95_11,4,17338.0,14171.0
Mouse_Thymus2,87_17,3,16538.0,14771.0
Mouse_Thymus2,74_31,3,15238.0,16171.0
Mouse_Thymus2,41_34,4,11938.0,16471.0
Mouse_Thymus2,67_31,4,14538.0,16171.0
Mouse_Thymus2,41_31,4,11938.0,16171.0
Mouse_Thymus2,49_24,2,12738.0,15471.0
Mouse_Thymus2,68_42,2,14638.0,17271.0
Mouse_Thymus2,70_3,2,14838.0,13371.0
Mouse_Thymus2,101_51,2,17938.0,18171.0
Mouse_Thymus2,84_44,2,16238.0,17471.0
Mouse_Thymus2,118_40,2,19638.0,17071.0
Mouse_Thymus2,120_51,2,19838.0,18171.0
Mouse_Thymus2,55_21,2,13338.0,15171.0
Mouse_Thymus2,99_52,2,17738.0,18271.0
Mouse_Thymus2,64_26,4,14238.0,15671.0
Mouse_Thymus2,86_30,2,16438.0,16071.0
Mouse_Thymus2,83_44,2,16138.0,17471.0
Mouse_Thymus2,50_37,3,12838.0,16771.0
Mouse_Thymus2,104_28,3,18238.0,15871.0
Mouse_Thymus2,27_33,4,10538.0,16371.0
Mouse_Thymus2,99_32,4,17738.0,16271.0
Mouse_Thymus2,57_34,3,13538.0,16471.0
Mouse_Thymus2,75_2,2,15338.0,13271.0
Mouse_Thymus2,13_46,3,9138.0,17671.0
Mouse_Thymus2,71_38,3,14938.0,16871.0
Mouse_Thymus2,121_53,2,19938.0,18371.0
Mouse_Thymus2,110_43,3,18838.0,17371.0
Mouse_Thymus2,55_41,2,13338.0,17171.0
Mouse_Thymus2,96_14,2,17438.0,14471.0
Mouse_Thymus2,105_31,3,18338.0,16171.0
Mouse_Thymus2,28_33,4,10638.0,16371.0
Mouse_Thymus2,27_44,3,10538.0,17471.0
Mouse_Thymus2,33_34,2,11138.0,16471.0
Mouse_Thymus2,93_21,4,17138.0,15171.0
Mouse_Thymus2,17_49,2,9538.0,17971.0
Mouse_Thymus2,117_37,2,19538.0,16771.0
Mouse_Thymus2,68_16,4,14638.0,14671.0
Mouse_Thymus2,78_37,3,15638.0,16771.0
Mouse_Thymus2,117_64,2,19538.0,19471.0
Mouse_Thymus2,82_26,2,16038.0,15671.0
Mouse_Thymus2,27_49,3,10538.0,17971.0
Mouse_Thymus2,90_25,3,16838.0,15571.0
Mouse_Thymus2,24_42,4,10238.0,17271.0
Mouse_Thymus2,118_39,2,19638.0,16971.0
Mouse_Thymus2,87_7,2,16538.0,13771.0
Mouse_Thymus2,56_26,3,13438.0,15671.0
Mouse_Thymus2,17_44,3,9538.0,17471.0
Mouse_Thymus2,92_15,3,17038.0,14571.0
Mouse_Thymus2,86_16,3,16438.0,14671.0
Mouse_Thymus2,65_28,2,14338.0,15871.0
Mouse_Thymus2,25_49,4,10338.0,17971.0
Mouse_Thymus2,102_26,3,18038.0,15671.0
Mouse_Thymus2,88_29,2,16638.0,15971.0
Mouse_Thymus2,98_23,3,17638.0,15371.0
Mouse_Thymus2,23_43,3,10138.0,17371.0
Mouse_Thymus2,97_30,4,17538.0,16071.0
Mouse_Thymus2,75_1,4,15338.0,13171.0
Mouse_Thymus2,120_69,2,19838.0,19971.0
Mouse_Thymus2,78_7,2,15638.0,13771.0
Mouse_Thymus2,110_41,3,18838.0,17171.0
Mouse_Thymus2,87_27,4,16538.0,15771.0
Mouse_Thymus2,106_48,2,18438.0,17871.0
Mouse_Thymus2,95_48,2,17338.0,17871.0
Mouse_Thymus2,114_63,2,19238.0,19371.0
Mouse_Thymus2,66_34,3,14438.0,16471.0
Mouse_Thymus2,89_15,3,16738.0,14571.0
Mouse_Thymus2,86_52,2,16438.0,18271.0
Mouse_Thymus2,117_50,3,19538.0,18071.0
Mouse_Thymus2,66_25,3,14438.0,15571.0
Mouse_Thymus2,124_50,0,20238.0,18071.0
Mouse_Thymus2,10_47,2,8838.0,17771.0
Mouse_Thymus2,31_28,2,10938.0,15871.0
Mouse_Thymus2,68_37,3,14638.0,16771.0
Mouse_Thymus2,72_43,2,15038.0,17371.0
Mouse_Thymus2,97_33,3,17538.0,16371.0
Mouse_Thymus2,86_7,2,16438.0,13771.0
Mouse_Thymus2,53_34,4,13138.0,16471.0
Mouse_Thymus2,54_42,2,13238.0,17271.0
Mouse_Thymus2,73_45,2,15138.0,17571.0
Mouse_Thymus2,92_9,4,17038.0,13971.0
Mouse_Thymus2,70_10,4,14838.0,14071.0
Mouse_Thymus2,87_45,2,16538.0,17571.0
Mouse_Thymus2,44_43,3,12238.0,17371.0
Mouse_Thymus2,95_45,4,17338.0,17571.0
Mouse_Thymus2,77_6,4,15538.0,13671.0
Mouse_Thymus2,83_27,3,16138.0,15771.0
Mouse_Thymus2,84_21,3,16238.0,15171.0
Mouse_Thymus2,107_38,3,18538.0,16871.0
Mouse_Thymus2,53_32,4,13138.0,16271.0
Mouse_Thymus2,34_52,2,11238.0,18271.0
Mouse_Thymus2,91_36,4,16938.0,16671.0
Mouse_Thymus2,89_39,4,16738.0,16971.0
Mouse_Thymus2,29_42,3,10738.0,17271.0
Mouse_Thymus2,68_23,3,14638.0,15371.0
Mouse_Thymus2,80_24,3,15838.0,15471.0
Mouse_Thymus2,96_19,4,17438.0,14971.0
Mouse_Thymus2,116_56,2,19438.0,18671.0
Mouse_Thymus2,70_37,3,14838.0,16771.0
Mouse_Thymus2,69_28,3,14738.0,15871.0
Mouse_Thymus2,38_41,3,11638.0,17171.0
Mouse_Thymus2,111_35,2,18938.0,16571.0
Mouse_Thymus2,101_15,2,17938.0,14571.0
Mouse_Thymus2,73_47,2,15138.0,17771.0
Mouse_Thymus2,62_36,3,14038.0,16671.0
Mouse_Thymus2,102_40,3,18038.0,17071.0
Mouse_Thymus2,101_19,2,17938.0,14971.0
Mouse_Thymus2,82_34,2,16038.0,16471.0
Mouse_Thymus2,67_11,2,14538.0,14171.0
Mouse_Thymus2,46_25,4,12438.0,15571.0
Mouse_Thymus2,117_67,2,19538.0,19771.0
Mouse_Thymus2,66_22,3,14438.0,15271.0
Mouse_Thymus2,119_44,2,19738.0,17471.0
Mouse_Thymus2,83_33,2,16138.0,16371.0
Mouse_Thymus2,74_24,3,15238.0,15471.0
Mouse_Thymus2,36_37,2,11438.0,16771.0
Mouse_Thymus2,105_20,4,18338.0,15071.0
Mouse_Thymus2,69_5,2,14738.0,13571.0
Mouse_Thymus2,92_32,4,17038.0,16271.0
Mouse_Thymus2,78_6,2,15638.0,13671.0
Mouse_Thymus2,45_17,2,12338.0,14771.0
Mouse_Thymus2,88_11,2,16638.0,14171.0
Mouse_Thymus2,31_33,2,10938.0,16371.0
Mouse_Thymus2,73_33,4,15138.0,16371.0
Mouse_Thymus2,50_38,3,12838.0,16871.0
Mouse_Thymus2,37_41,3,11538.0,17171.0
Mouse_Thymus2,31_49,4,10938.0,17971.0
Mouse_Thymus2,104_56,2,18238.0,18671.0
Mouse_Thymus2,92_42,4,17038.0,17271.0
Mouse_Thymus2,62_37,3,14038.0,16771.0
Mouse_Thymus2,92_45,2,17038.0,17571.0
Mouse_Thymus2,83_34,2,16138.0,16471.0
Mouse_Thymus2,100_26,3,17838.0,15671.0
Mouse_Thymus2,66_13,2,14438.0,14371.0
Mouse_Thymus2,59_34,3,13738.0,16471.0
Mouse_Thymus2,113_39,4,19138.0,16971.0
Mouse_Thymus2,8_48,2,8638.0,17871.0
Mouse_Thymus2,74_28,3,15238.0,15871.0
Mouse_Thymus2,67_14,2,14538.0,14471.0
Mouse_Thymus2,74_43,4,15238.0,17371.0
Mouse_Thymus2,51_25,4,12938.0,15571.0
Mouse_Thymus2,13_43,4,9138.0,17371.0
Mouse_Thymus2,73_37,3,15138.0,16771.0
Mouse_Thymus2,21_51,2,9938.0,18171.0
Mouse_Thymus2,71_27,3,14938.0,15771.0
Mouse_Thymus2,97_36,4,17538.0,16671.0
Mouse_Thymus2,102_17,2,18038.0,14771.0
Mouse_Thymus2,70_17,4,14838.0,14771.0
Mouse_Thymus2,91_26,3,16938.0,15671.0
Mouse_Thymus2,63_21,3,14138.0,15171.0
Mouse_Thymus2,101_22,4,17938.0,15271.0
Mouse_Thymus2,97_28,2,17538.0,15871.0
Mouse_Thymus2,118_63,2,19638.0,19371.0
Mouse_Thymus2,115_49,4,19338.0,17971.0
Mouse_Thymus2,46_24,2,12438.0,15471.0
Mouse_Thymus2,96_37,4,17438.0,16771.0
Mouse_Thymus2,29_51,2,10738.0,18171.0
Mouse_Thymus2,62_18,4,14038.0,14871.0
Mouse_Thymus2,88_43,2,16638.0,17371.0
Mouse_Thymus2,54_41,2,13238.0,17171.0
Mouse_Thymus2,60_13,2,13838.0,14371.0
Mouse_Thymus2,42_28,3,12038.0,15871.0
Mouse_Thymus2,36_32,3,11438.0,16271.0
Mouse_Thymus2,101_13,2,17938.0,14371.0
Mouse_Thymus2,98_61,2,17638.0,19171.0
Mouse_Thymus2,107_49,2,18538.0,17971.0
Mouse_Thymus2,76_6,2,15438.0,13671.0
Mouse_Thymus2,61_15,4,13938.0,14571.0
Mouse_Thymus2,30_26,4,10838.0,15671.0
Mouse_Thymus2,37_52,2,11538.0,18271.0
Mouse_Thymus2,97_39,4,17538.0,16971.0
Mouse_Thymus2,123_49,2,20138.0,17971.0
Mouse_Thymus2,96_25,3,17438.0,15571.0
Mouse_Thymus2,67_9,2,14538.0,13971.0
Mouse_Thymus2,33_55,2,11138.0,18571.0
Mouse_Thymus2,102_45,4,18038.0,17571.0
Mouse_Thymus2,68_39,2,14638.0,16971.0
Mouse_Thymus2,53_17,2,13138.0,14771.0
Mouse_Thymus2,45_27,3,12338.0,15771.0
Mouse_Thymus2,75_14,4,15338.0,14471.0
Mouse_Thymus2,53_29,2,13138.0,15971.0
Mouse_Thymus2,109_53,2,18738.0,18371.0
Mouse_Thymus2,45_30,3,12338.0,16071.0
Mouse_Thymus2,21_46,3,9938.0,17671.0
Mouse_Thymus2,104_22,2,18238.0,15271.0
Mouse_Thymus2,83_53,2,16138.0,18371.0
Mouse_Thymus2,116_44,4,19438.0,17471.0
Mouse_Thymus2,2_45,0,8038.0,17571.0
Mouse_Thymus2,79_34,3,15738.0,16471.0
Mouse_Thymus2,88_18,3,16638.0,14871.0
Mouse_Thymus2,19_40,2,9738.0,17071.0
Mouse_Thymus2,97_16,4,17538.0,14671.0
Mouse_Thymus2,69_25,3,14738.0,15571.0
Mouse_Thymus2,115_44,3,19338.0,17471.0
Mouse_Thymus2,65_33,3,14338.0,16371.0
Mouse_Thymus2,77_27,3,15538.0,15771.0
Mouse_Thymus2,121_60,3,19938.0,19071.0
Mouse_Thymus2,110_46,4,18838.0,17671.0
Mouse_Thymus2,75_43,4,15338.0,17371.0
Mouse_Thymus2,67_37,4,14538.0,16771.0
Mouse_Thymus2,105_24,2,18338.0,15471.0
Mouse_Thymus2,82_29,4,16038.0,15971.0
Mouse_Thymus2,74_21,4,15238.0,15171.0
Mouse_Thymus2,39_45,3,11738.0,17571.0
Mouse_Thymus2,46_27,3,12438.0,15771.0
Mouse_Thymus2,118_65,2,19638.0,19571.0
Mouse_Thymus2,81_19,3,15938.0,14971.0
Mouse_Thymus2,27_35,2,10538.0,16571.0
Mouse_Thymus2,124_70,2,20238.0,20071.0
Mouse_Thymus2,73_2,2,15138.0,13271.0
Mouse_Thymus2,93_55,4,17138.0,18571.0
Mouse_Thymus2,86_57,2,16438.0,18771.0
Mouse_Thymus2,95_46,4,17338.0,17671.0
Mouse_Thymus2,105_40,3,18338.0,17071.0
Mouse_Thymus2,38_25,2,11638.0,15571.0
Mouse_Thymus2,61_12,2,13938.0,14271.0
Mouse_Thymus2,57_17,2,13538.0,14771.0
Mouse_Thymus2,55_43,2,13338.0,17371.0
Mouse_Thymus2,45_26,2,12338.0,15671.0
Mouse_Thymus2,78_33,3,15638.0,16371.0
Mouse_Thymus2,33_31,2,11138.0,16171.0
Mouse_Thymus2,117_61,2,19538.0,19171.0
Mouse_Thymus2,61_22,3,13938.0,15271.0
Mouse_Thymus2,70_7,2,14838.0,13771.0
Mouse_Thymus2,99_18,2,17738.0,14871.0
Mouse_Thymus2,41_29,4,11938.0,15971.0
Mouse_Thymus2,119_40,4,19738.0,17071.0
Mouse_Thymus2,95_55,2,17338.0,18571.0
Mouse_Thymus2,59_21,4,13738.0,15171.0
Mouse_Thymus2,101_23,3,17938.0,15371.0
Mouse_Thymus2,99_49,4,17738.0,17971.0
Mouse_Thymus2,120_63,2,19838.0,19371.0
Mouse_Thymus2,40_42,3,11838.0,17271.0
Mouse_Thymus2,18_46,3,9638.0,17671.0
Mouse_Thymus2,101_29,3,17938.0,15971.0
Mouse_Thymus2,115_37,2,19338.0,16771.0
Mouse_Thymus2,77_35,3,15538.0,16571.0
Mouse_Thymus2,27_43,3,10538.0,17371.0
Mouse_Thymus2,23_46,3,10138.0,17671.0
Mouse_Thymus2,47_38,3,12538.0,16871.0
Mouse_Thymus2,55_26,4,13338.0,15671.0
Mouse_Thymus2,124_64,2,20238.0,19471.0
Mouse_Thymus2,88_48,2,16638.0,17871.0
Mouse_Thymus2,99_54,2,17738.0,18471.0
Mouse_Thymus2,113_42,3,19138.0,17271.0
Mouse_Thymus2,84_29,3,16238.0,15971.0
Mouse_Thymus2,15_38,0,9338.0,16871.0
Mouse_Thymus2,66_19,3,14438.0,14971.0
Mouse_Thymus2,50_31,4,12838.0,16171.0
Mouse_Thymus2,7_47,2,8538.0,17771.0
Mouse_Thymus2,107_50,2,18538.0,18071.0
Mouse_Thymus2,67_27,3,14538.0,15771.0
Mouse_Thymus2,88_47,2,16638.0,17771.0
Mouse_Thymus2,41_32,2,11938.0,16271.0
Mouse_Thymus2,112_45,3,19038.0,17571.0
Mouse_Thymus2,117_35,4,19538.0,16571.0
Mouse_Thymus2,25_46,3,10338.0,17671.0
Mouse_Thymus2,81_22,3,15938.0,15271.0
Mouse_Thymus2,44_21,2,12238.0,15171.0
Mouse_Thymus2,18_44,3,9638.0,17471.0
Mouse_Thymus2,55_37,2,13338.0,16771.0
Mouse_Thymus2,89_49,4,16738.0,17971.0
Mouse_Thymus2,71_6,2,14938.0,13671.0
Mouse_Thymus2,86_54,2,16438.0,18471.0
Mouse_Thymus2,97_43,2,17538.0,17371.0
Mouse_Thymus2,43_34,2,12138.0,16471.0
Mouse_Thymus2,52_39,3,13038.0,16971.0
Mouse_Thymus2,120_41,4,19838.0,17171.0
Mouse_Thymus2,74_32,3,15238.0,16271.0
Mouse_Thymus2,120_59,3,19838.0,18971.0
Mouse_Thymus2,95_24,3,17338.0,15471.0
Mouse_Thymus2,95_29,4,17338.0,15971.0
Mouse_Thymus2,90_53,2,16838.0,18371.0
Mouse_Thymus2,114_59,4,19238.0,18971.0
Mouse_Thymus2,124_53,4,20238.0,18371.0
Mouse_Thymus2,14_46,3,9238.0,17671.0
Mouse_Thymus2,91_14,4,16938.0,14471.0
Mouse_Thymus2,45_36,2,12338.0,16671.0
Mouse_Thymus2,101_14,2,17938.0,14471.0
Mouse_Thymus2,35_48,3,11338.0,17871.0
Mouse_Thymus2,110_33,2,18838.0,16371.0
Mouse_Thymus2,42_42,3,12038.0,17271.0
Mouse_Thymus2,87_18,3,16538.0,14871.0
Mouse_Thymus2,108_51,2,18638.0,18171.0
Mouse_Thymus2,94_48,2,17238.0,17871.0
Mouse_Thymus2,60_26,3,13838.0,15671.0
Mouse_Thymus2,7_46,2,8538.0,17671.0
Mouse_Thymus2,30_33,2,10838.0,16371.0
Mouse_Thymus2,77_7,2,15538.0,13771.0
Mouse_Thymus2,54_32,3,13238.0,16271.0
Mouse_Thymus2,38_54,2,11638.0,18471.0
Mouse_Thymus2,83_32,2,16138.0,16271.0
Mouse_Thymus2,123_54,2,20138.0,18471.0
Mouse_Thymus2,88_16,3,16638.0,14671.0
Mouse_Thymus2,99_11,3,17738.0,14171.0
Mouse_Thymus2,24_39,2,10238.0,16971.0
Mouse_Thymus2,26_52,2,10438.0,18271.0
Mouse_Thymus2,45_23,2,12338.0,15371.0
Mouse_Thymus2,66_38,2,14438.0,16871.0
Mouse_Thymus2,44_46,3,12238.0,17671.0
Mouse_Thymus2,52_36,2,13038.0,16671.0
Mouse_Thymus2,107_51,4,18538.0,18171.0
Mouse_Thymus2,40_33,2,11838.0,16371.0
Mouse_Thymus2,32_45,3,11038.0,17571.0
Mouse_Thymus2,19_39,2,9738.0,16971.0
Mouse_Thymus2,93_17,3,17138.0,14771.0
Mouse_Thymus2,28_41,3,10638.0,17171.0
Mouse_Thymus2,81_1,4,15938.0,13171.0
Mouse_Thymus2,81_30,4,15938.0,16071.0
Mouse_Thymus2,101_46,4,17938.0,17671.0
Mouse_Thymus2,25_54,2,10338.0,18471.0
Mouse_Thymus2,93_12,2,17138.0,14271.0
Mouse_Thymus2,86_9,2,16438.0,13971.0
Mouse_Thymus2,31_34,2,10938.0,16471.0
Mouse_Thymus2,54_24,4,13238.0,15471.0
Mouse_Thymus2,81_42,3,15938.0,17271.0
Mouse_Thymus2,101_60,2,17938.0,19071.0
Mouse_Thymus2,55_13,2,13338.0,14371.0
Mouse_Thymus2,47_49,2,12538.0,17971.0
Mouse_Thymus2,96_20,3,17438.0,15071.0
Mouse_Thymus2,112_43,3,19038.0,17371.0
Mouse_Thymus2,92_50,4,17038.0,18071.0
Mouse_Thymus2,86_14,4,16438.0,14471.0
Mouse_Thymus2,107_55,4,18538.0,18571.0
Mouse_Thymus2,68_26,3,14638.0,15671.0
Mouse_Thymus2,31_26,4,10938.0,15671.0
Mouse_Thymus2,94_16,4,17238.0,14671.0
Mouse_Thymus2,106_51,2,18438.0,18171.0
Mouse_Thymus2,101_48,4,17938.0,17871.0
Mouse_Thymus2,35_40,3,11338.0,17071.0
Mouse_Thymus2,99_28,2,17738.0,15871.0
Mouse_Thymus2,74_48,2,15238.0,17871.0
Mouse_Thymus2,116_51,4,19438.0,18171.0
Mouse_Thymus2,113_45,3,19138.0,17571.0
Mouse_Thymus2,80_50,2,15838.0,18071.0
Mouse_Thymus2,60_25,3,13838.0,15571.0
Mouse_Thymus2,57_38,4,13538.0,16871.0
Mouse_Thymus2,80_43,3,15838.0,17371.0
Mouse_Thymus2,112_44,3,19038.0,17471.0
Mouse_Thymus2,90_17,3,16838.0,14771.0
Mouse_Thymus2,94_36,2,17238.0,16671.0
Mouse_Thymus2,78_29,3,15638.0,15971.0
Mouse_Thymus2,93_42,4,17138.0,17271.0
Mouse_Thymus2,4_45,4,8238.0,17571.0
Mouse_Thymus2,8_47,2,8638.0,17771.0
Mouse_Thymus2,103_34,3,18138.0,16471.0
Mouse_Thymus2,101_24,3,17938.0,15471.0
Mouse_Thymus2,78_23,3,15638.0,15371.0
Mouse_Thymus2,36_40,3,11438.0,17071.0
Mouse_Thymus2,52_42,2,13038.0,17271.0
Mouse_Thymus2,28_38,2,10638.0,16871.0
Mouse_Thymus2,90_12,2,16838.0,14271.0
Mouse_Thymus2,80_40,3,15838.0,17071.0
Mouse_Thymus2,30_43,3,10838.0,17371.0
Mouse_Thymus2,89_48,4,16738.0,17871.0
Mouse_Thymus2,102_41,3,18038.0,17171.0
Mouse_Thymus2,89_46,2,16738.0,17671.0
Mouse_Thymus2,57_23,4,13538.0,15371.0
Mouse_Thymus2,58_40,2,13638.0,17071.0
Mouse_Thymus2,94_9,2,17238.0,13971.0
Mouse_Thymus2,18_39,2,9638.0,16971.0
Mouse_Thymus2,103_36,3,18138.0,16671.0
Mouse_Thymus2,109_52,2,18738.0,18271.0
Mouse_Thymus2,41_36,2,11938.0,16671.0
Mouse_Thymus2,58_36,3,13638.0,16671.0
Mouse_Thymus2,85_35,2,16338.0,16571.0
Mouse_Thymus2,91_59,4,16938.0,18971.0
Mouse_Thymus2,99_10,4,17738.0,14071.0
Mouse_Thymus2,28_37,2,10638.0,16771.0
Mouse_Thymus2,38_26,4,11638.0,15671.0
Mouse_Thymus2,113_36,2,19138.0,16671.0
Mouse_Thymus2,83_19,3,16138.0,14971.0
Mouse_Thymus2,84_47,4,16238.0,17771.0
Mouse_Thymus2,87_47,4,16538.0,17771.0
Mouse_Thymus2,119_52,3,19738.0,18271.0
Mouse_Thymus2,28_31,2,10638.0,16171.0
Mouse_Thymus2,85_32,2,16338.0,16271.0
Mouse_Thymus2,71_3,2,14938.0,13371.0
Mouse_Thymus2,76_28,3,15438.0,15871.0
Mouse_Thymus2,74_3,2,15238.0,13371.0
Mouse_Thymus2,40_30,3,11838.0,16071.0
Mouse_Thymus2,84_51,4,16238.0,18171.0
Mouse_Thymus2,90_27,4,16838.0,15771.0
Mouse_Thymus2,98_35,3,17638.0,16571.0
Mouse_Thymus2,85_41,2,16338.0,17171.0
Mouse_Thymus2,105_27,2,18338.0,15771.0
Mouse_Thymus2,68_19,2,14638.0,14971.0
Mouse_Thymus2,103_20,2,18138.0,15071.0
Mouse_Thymus2,79_35,3,15738.0,16571.0
Mouse_Thymus2,90_32,4,16838.0,16271.0
Mouse_Thymus2,97_24,3,17538.0,15471.0
Mouse_Thymus2,97_26,3,17538.0,15671.0
Mouse_Thymus2,48_44,2,12638.0,17471.0
Mouse_Thymus2,78_51,2,15638.0,18171.0
Mouse_Thymus2,37_25,2,11538.0,15571.0
Mouse_Thymus2,113_52,2,19138.0,18271.0
Mouse_Thymus2,80_45,4,15838.0,17571.0
Mouse_Thymus2,64_37,4,14238.0,16771.0
Mouse_Thymus2,85_26,4,16338.0,15671.0
Mouse_Thymus2,10_49,2,8838.0,17971.0
Mouse_Thymus2,91_30,4,16938.0,16071.0
Mouse_Thymus2,113_53,2,19138.0,18371.0
Mouse_Thymus2,104_58,0,18238.0,18871.0
Mouse_Thymus2,71_15,4,14938.0,14571.0
Mouse_Thymus2,76_21,3,15438.0,15171.0
Mouse_Thymus2,15_40,2,9338.0,17071.0
Mouse_Thymus2,53_33,4,13138.0,16371.0
Mouse_Thymus2,82_10,2,16038.0,14071.0
Mouse_Thymus2,39_30,3,11738.0,16071.0
Mouse_Thymus2,113_49,4,19138.0,17971.0
Mouse_Thymus2,90_45,2,16838.0,17571.0
Mouse_Thymus2,16_45,3,9438.0,17571.0
Mouse_Thymus2,93_54,2,17138.0,18471.0
Mouse_Thymus2,31_52,2,10938.0,18271.0
Mouse_Thymus2,35_50,2,11338.0,18071.0
Mouse_Thymus2,99_26,3,17738.0,15671.0
Mouse_Thymus2,42_43,3,12038.0,17371.0
Mouse_Thymus2,31_30,4,10938.0,16071.0
Mouse_Thymus2,9_48,2,8738.0,17871.0
Mouse_Thymus2,90_18,3,16838.0,14871.0
Mouse_Thymus2,56_35,3,13438.0,16571.0
Mouse_Thymus2,38_23,2,11638.0,15371.0
Mouse_Thymus2,27_53,2,10538.0,18371.0
Mouse_Thymus2,114_47,3,19238.0,17771.0
Mouse_Thymus2,107_46,3,18538.0,17671.0
Mouse_Thymus2,97_45,2,17538.0,17571.0
Mouse_Thymus2,27_45,3,10538.0,17571.0
Mouse_Thymus2,98_51,2,17638.0,18171.0
Mouse_Thymus2,76_27,3,15438.0,15771.0
Mouse_Thymus2,70_4,2,14838.0,13471.0
Mouse_Thymus2,51_43,2,12938.0,17371.0
Mouse_Thymus2,55_30,4,13338.0,16071.0
Mouse_Thymus2,120_54,3,19838.0,18471.0
Mouse_Thymus2,87_38,2,16538.0,16871.0
Mouse_Thymus2,68_33,4,14638.0,16371.0
Mouse_Thymus2,120_40,0,19838.0,17071.0
Mouse_Thymus2,123_68,2,20138.0,19871.0
Mouse_Thymus2,65_27,3,14338.0,15771.0
Mouse_Thymus2,57_20,4,13538.0,15071.0
Mouse_Thymus2,37_47,4,11538.0,17771.0
Mouse_Thymus2,39_43,3,11738.0,17371.0
Mouse_Thymus2,103_33,3,18138.0,16371.0
Mouse_Thymus2,53_43,2,13138.0,17371.0
Mouse_Thymus2,5_42,0,8338.0,17271.0
Mouse_Thymus2,126_69,2,20438.0,19971.0
Mouse_Thymus2,79_32,3,15738.0,16271.0
Mouse_Thymus2,69_14,2,14738.0,14471.0
Mouse_Thymus2,80_49,2,15838.0,17971.0
Mouse_Thymus2,86_2,4,16438.0,13271.0
Mouse_Thymus2,81_50,4,15938.0,18071.0
Mouse_Thymus2,106_41,3,18438.0,17171.0
Mouse_Thymus2,87_8,2,16538.0,13871.0
Mouse_Thymus2,121_43,4,19938.0,17371.0
Mouse_Thymus2,122_64,4,20038.0,19471.0
Mouse_Thymus2,57_28,3,13538.0,15871.0
Mouse_Thymus2,109_38,3,18738.0,16871.0
Mouse_Thymus2,104_33,3,18238.0,16371.0
Mouse_Thymus2,102_53,2,18038.0,18371.0
Mouse_Thymus2,100_28,4,17838.0,15871.0
Mouse_Thymus2,42_23,2,12038.0,15371.0
Mouse_Thymus2,106_34,3,18438.0,16471.0
Mouse_Thymus2,111_47,3,18938.0,17771.0
Mouse_Thymus2,102_35,3,18038.0,16571.0
Mouse_Thymus2,70_23,3,14838.0,15371.0
Mouse_Thymus2,54_43,2,13238.0,17371.0
Mouse_Thymus2,50_24,2,12838.0,15471.0
Mouse_Thymus2,77_26,3,15538.0,15671.0
Mouse_Thymus2,76_42,3,15438.0,17271.0
Mouse_Thymus2,78_44,4,15638.0,17471.0
Mouse_Thymus2,68_41,2,14638.0,17171.0
Mouse_Thymus2,101_61,2,17938.0,19171.0
Mouse_Thymus2,77_37,3,15538.0,16771.0
Mouse_Thymus2,22_50,2,10038.0,18071.0
Mouse_Thymus2,42_25,2,12038.0,15571.0
Mouse_Thymus2,115_36,2,19338.0,16671.0
Mouse_Thymus2,46_37,3,12438.0,16771.0
Mouse_Thymus2,90_35,4,16838.0,16571.0
Mouse_Thymus2,85_40,2,16338.0,17071.0
Mouse_Thymus2,48_45,2,12638.0,17571.0
Mouse_Thymus2,121_54,2,19938.0,18471.0
Mouse_Thymus2,117_53,4,19538.0,18371.0
Mouse_Thymus2,22_38,4,10038.0,16871.0
Mouse_Thymus2,20_53,2,9838.0,18371.0
Mouse_Thymus2,123_66,3,20138.0,19671.0
Mouse_Thymus2,85_17,3,16338.0,14771.0
Mouse_Thymus2,88_6,2,16638.0,13671.0
Mouse_Thymus2,100_56,2,17838.0,18671.0
Mouse_Thymus2,57_24,2,13538.0,15471.0
Mouse_Thymus2,79_23,3,15738.0,15371.0
Mouse_Thymus2,71_33,4,14938.0,16371.0
Mouse_Thymus2,49_16,2,12738.0,14671.0
Mouse_Thymus2,99_19,2,17738.0,14971.0
Mouse_Thymus2,75_44,4,15338.0,17471.0
Mouse_Thymus2,68_6,2,14638.0,13671.0
Mouse_Thymus2,61_36,3,13938.0,16671.0
Mouse_Thymus2,56_27,3,13438.0,15771.0
Mouse_Thymus2,43_44,3,12138.0,17471.0
Mouse_Thymus2,88_12,2,16638.0,14271.0
Mouse_Thymus2,73_40,3,15138.0,17071.0
Mouse_Thymus2,85_42,2,16338.0,17271.0
Mouse_Thymus2,35_55,2,11338.0,18571.0
Mouse_Thymus2,111_44,3,18938.0,17471.0
Mouse_Thymus2,65_30,4,14338.0,16071.0
Mouse_Thymus2,44_26,2,12238.0,15671.0
Mouse_Thymus2,70_6,2,14838.0,13671.0
Mouse_Thymus2,12_46,2,9038.0,17671.0
Mouse_Thymus2,37_29,4,11538.0,15971.0
Mouse_Thymus2,80_3,4,15838.0,13371.0
Mouse_Thymus2,46_32,2,12438.0,16271.0
Mouse_Thymus2,36_35,2,11438.0,16571.0
Mouse_Thymus2,97_52,2,17538.0,18271.0
Mouse_Thymus2,102_14,0,18038.0,14471.0
Mouse_Thymus2,94_47,2,17238.0,17771.0
Mouse_Thymus2,72_8,2,15038.0,13871.0
Mouse_Thymus2,41_45,3,11938.0,17571.0
Mouse_Thymus2,87_5,2,16538.0,13571.0
Mouse_Thymus2,89_47,2,16738.0,17771.0
Mouse_Thymus2,81_26,4,15938.0,15671.0
Mouse_Thymus2,79_0,4,15738.0,13071.0
Mouse_Thymus2,89_51,2,16738.0,18171.0
Mouse_Thymus2,100_36,3,17838.0,16671.0
Mouse_Thymus2,86_20,3,16438.0,15071.0
Mouse_Thymus2,119_58,3,19738.0,18871.0
Mouse_Thymus2,121_51,2,19938.0,18171.0
Mouse_Thymus2,100_18,2,17838.0,14871.0
Mouse_Thymus2,46_19,2,12438.0,14971.0
Mouse_Thymus2,104_50,2,18238.0,18071.0
Mouse_Thymus2,105_56,4,18338.0,18671.0
Mouse_Thymus2,102_58,2,18038.0,18871.0
Mouse_Thymus2,94_6,2,17238.0,13671.0
Mouse_Thymus2,85_13,2,16338.0,14371.0
Mouse_Thymus2,111_57,4,18938.0,18771.0
Mouse_Thymus2,88_17,3,16638.0,14771.0
Mouse_Thymus2,100_44,2,17838.0,17471.0
Mouse_Thymus2,21_48,4,9938.0,17871.0
Mouse_Thymus2,101_25,3,17938.0,15571.0
Mouse_Thymus2,59_15,2,13738.0,14571.0
Mouse_Thymus2,22_45,3,10038.0,17571.0
Mouse_Thymus2,24_36,2,10238.0,16671.0
Mouse_Thymus2,118_62,4,19638.0,19271.0
Mouse_Thymus2,99_38,3,17738.0,16871.0
Mouse_Thymus2,53_27,3,13138.0,15771.0
Mouse_Thymus2,53_22,2,13138.0,15271.0
Mouse_Thymus2,93_31,2,17138.0,16171.0
Mouse_Thymus2,35_34,2,11338.0,16471.0
Mouse_Thymus2,52_25,4,13038.0,15571.0
Mouse_Thymus2,11_49,2,8938.0,17971.0
Mouse_Thymus2,81_32,2,15938.0,16271.0
Mouse_Thymus2,117_69,0,19538.0,19971.0
Mouse_Thymus2,74_20,4,15238.0,15071.0
Mouse_Thymus2,74_13,4,15238.0,14371.0
Mouse_Thymus2,31_54,2,10938.0,18471.0
Mouse_Thymus2,32_25,4,11038.0,15571.0
Mouse_Thymus2,51_44,2,12938.0,17471.0
Mouse_Thymus2,90_14,3,16838.0,14471.0
Mouse_Thymus2,98_13,2,17638.0,14371.0
Mouse_Thymus2,71_7,2,14938.0,13771.0
Mouse_Thymus2,125_71,2,20338.0,20171.0
Mouse_Thymus2,105_41,3,18338.0,17171.0
Mouse_Thymus2,89_28,2,16738.0,15871.0
Mouse_Thymus2,100_59,2,17838.0,18971.0
Mouse_Thymus2,116_67,0,19438.0,19771.0
Mouse_Thymus2,96_46,4,17438.0,17671.0
Mouse_Thymus2,92_7,4,17038.0,13771.0
Mouse_Thymus2,115_39,2,19338.0,16971.0
Mouse_Thymus2,63_37,2,14138.0,16771.0
Mouse_Thymus2,33_49,4,11138.0,17971.0
Mouse_Thymus2,85_27,3,16338.0,15771.0
Mouse_Thymus2,60_14,4,13838.0,14471.0
Mouse_Thymus2,82_31,4,16038.0,16171.0
Mouse_Thymus2,106_38,3,18438.0,16871.0
Mouse_Thymus2,85_54,2,16338.0,18471.0
Mouse_Thymus2,66_27,4,14438.0,15771.0
Mouse_Thymus2,72_4,2,15038.0,13471.0
Mouse_Thymus2,80_9,2,15838.0,13971.0
Mouse_Thymus2,76_32,3,15438.0,16271.0
Mouse_Thymus2,64_33,3,14238.0,16371.0
Mouse_Thymus2,91_52,2,16938.0,18271.0
Mouse_Thymus2,93_51,2,17138.0,18171.0
Mouse_Thymus2,96_18,4,17438.0,14871.0
Mouse_Thymus2,48_22,4,12638.0,15271.0
Mouse_Thymus2,83_35,2,16138.0,16571.0
Mouse_Thymus2,98_33,3,17638.0,16371.0
Mouse_Thymus2,83_14,4,16138.0,14471.0
Mouse_Thymus2,102_32,4,18038.0,16271.0
Mouse_Thymus2,94_45,4,17238.0,17571.0
Mouse_Thymus2,67_10,2,14538.0,14071.0
Mouse_Thymus2,104_54,2,18238.0,18471.0
Mouse_Thymus2,38_29,3,11638.0,15971.0
Mouse_Thymus2,49_17,2,12738.0,14771.0
Mouse_Thymus2,100_50,4,17838.0,18071.0
Mouse_Thymus2,93_49,2,17138.0,17971.0
Mouse_Thymus2,99_12,4,17738.0,14271.0
Mouse_Thymus2,82_4,2,16038.0,13471.0
Mouse_Thymus2,41_25,2,11938.0,15571.0
Mouse_Thymus2,112_39,3,19038.0,16971.0
Mouse_Thymus2,119_39,4,19738.0,16971.0
Mouse_Thymus2,34_51,2,11238.0,18171.0
Mouse_Thymus2,37_31,4,11538.0,16171.0
Mouse_Thymus2,114_39,2,19238.0,16971.0
Mouse_Thymus2,94_25,3,17238.0,15571.0
Mouse_Thymus2,31_27,2,10938.0,15771.0
Mouse_Thymus2,89_42,2,16738.0,17271.0
Mouse_Thymus2,16_40,4,9438.0,17071.0
Mouse_Thymus2,69_27,3,14738.0,15771.0
Mouse_Thymus2,76_37,3,15438.0,16771.0
Mouse_Thymus2,106_37,3,18438.0,16771.0
Mouse_Thymus2,70_2,2,14838.0,13271.0
Mouse_Thymus2,74_39,3,15238.0,16971.0
Mouse_Thymus2,75_47,2,15338.0,17771.0
Mouse_Thymus2,50_28,3,12838.0,15871.0
Mouse_Thymus2,122_72,2,20038.0,20271.0
Mouse_Thymus2,22_47,3,10038.0,17771.0
Mouse_Thymus2,82_30,4,16038.0,16071.0
Mouse_Thymus2,78_19,3,15638.0,14971.0
Mouse_Thymus2,92_41,4,17038.0,17171.0
Mouse_Thymus2,120_66,4,19838.0,19671.0
Mouse_Thymus2,81_36,2,15938.0,16671.0
Mouse_Thymus2,71_30,2,14938.0,16071.0
Mouse_Thymus2,114_57,2,19238.0,18771.0
Mouse_Thymus2,26_48,3,10438.0,17871.0
Mouse_Thymus2,90_20,3,16838.0,15071.0
Mouse_Thymus2,91_32,2,16938.0,16271.0
Mouse_Thymus2,107_22,4,18538.0,15271.0
Mouse_Thymus2,17_51,2,9538.0,18171.0
Mouse_Thymus2,36_25,2,11438.0,15571.0
Mouse_Thymus2,14_49,2,9238.0,17971.0
Mouse_Thymus2,96_59,2,17438.0,18971.0
Mouse_Thymus2,125_63,2,20338.0,19371.0
Mouse_Thymus2,84_14,4,16238.0,14471.0
Mouse_Thymus2,92_18,3,17038.0,14871.0
Mouse_Thymus2,80_42,3,15838.0,17271.0
Mouse_Thymus2,77_13,2,15538.0,14371.0
Mouse_Thymus2,24_50,2,10238.0,18071.0
Mouse_Thymus2,72_2,2,15038.0,13271.0
Mouse_Thymus2,62_21,3,14038.0,15171.0
Mouse_Thymus2,68_17,4,14638.0,14771.0
Mouse_Thymus2,16_41,2,9438.0,17171.0
Mouse_Thymus2,90_22,3,16838.0,15271.0
Mouse_Thymus2,101_32,2,17938.0,16271.0
Mouse_Thymus2,8_46,2,8638.0,17671.0
Mouse_Thymus2,59_25,3,13738.0,15571.0
Mouse_Thymus2,72_12,4,15038.0,14271.0
Mouse_Thymus2,67_42,2,14538.0,17271.0
Mouse_Thymus2,125_58,0,20338.0,18871.0
Mouse_Thymus2,86_37,4,16438.0,16771.0
Mouse_Thymus2,33_42,3,11138.0,17271.0
Mouse_Thymus2,23_52,2,10138.0,18271.0
Mouse_Thymus2,61_30,3,13938.0,16071.0
Mouse_Thymus2,100_15,2,17838.0,14571.0
Mouse_Thymus2,54_40,2,13238.0,17071.0
Mouse_Thymus2,78_0,2,15638.0,13071.0
Mouse_Thymus2,79_12,2,15738.0,14271.0
Mouse_Thymus2,45_37,4,12338.0,16771.0
Mouse_Thymus2,23_42,2,10138.0,17271.0
Mouse_Thymus2,95_60,2,17338.0,19071.0
Mouse_Thymus2,31_53,4,10938.0,18371.0
Mouse_Thymus2,62_33,3,14038.0,16371.0
Mouse_Thymus2,65_36,4,14338.0,16671.0
Mouse_Thymus2,23_36,2,10138.0,16671.0
Mouse_Thymus2,96_10,2,17438.0,14071.0
Mouse_Thymus2,122_55,2,20038.0,18571.0
Mouse_Thymus2,106_23,2,18438.0,15371.0
Mouse_Thymus2,38_52,2,11638.0,18271.0
Mouse_Thymus2,89_11,2,16738.0,14171.0
Mouse_Thymus2,74_2,2,15238.0,13271.0
Mouse_Thymus2,83_46,2,16138.0,17671.0
Mouse_Thymus2,72_37,3,15038.0,16771.0
Mouse_Thymus2,110_45,4,18838.0,17571.0
Mouse_Thymus2,87_12,4,16538.0,14271.0
Mouse_Thymus2,91_16,3,16938.0,14671.0
Mouse_Thymus2,73_27,3,15138.0,15771.0
Mouse_Thymus2,90_41,2,16838.0,17171.0
Mouse_Thymus2,49_43,4,12738.0,17371.0
Mouse_Thymus2,47_17,2,12538.0,14771.0
Mouse_Thymus2,40_37,2,11838.0,16771.0
Mouse_Thymus2,98_19,3,17638.0,14971.0
Mouse_Thymus2,114_55,2,19238.0,18571.0
Mouse_Thymus2,96_26,3,17438.0,15671.0
Mouse_Thymus2,20_43,3,9838.0,17371.0
Mouse_Thymus2,68_15,2,14638.0,14571.0
Mouse_Thymus2,59_37,3,13738.0,16771.0
Mouse_Thymus2,107_44,2,18538.0,17471.0
Mouse_Thymus2,64_20,3,14238.0,15071.0
Mouse_Thymus2,31_55,2,10938.0,18571.0
Mouse_Thymus2,90_21,3,16838.0,15171.0
Mouse_Thymus2,32_44,3,11038.0,17471.0
Mouse_Thymus2,95_43,2,17338.0,17371.0
Mouse_Thymus2,87_39,2,16538.0,16971.0
Mouse_Thymus2,60_28,3,13838.0,15871.0
Mouse_Thymus2,35_51,2,11338.0,18171.0
Mouse_Thymus2,17_47,3,9538.0,17771.0
Mouse_Thymus2,15_49,2,9338.0,17971.0
Mouse_Thymus2,75_38,3,15338.0,16871.0
Mouse_Thymus2,56_29,3,13438.0,15971.0
Mouse_Thymus2,30_35,2,10838.0,16571.0
Mouse_Thymus2,117_54,4,19538.0,18471.0
Mouse_Thymus2,99_44,4,17738.0,17471.0
Mouse_Thymus2,27_54,2,10538.0,18471.0
Mouse_Thymus2,69_3,4,14738.0,13371.0
Mouse_Thymus2,115_53,2,19338.0,18371.0
Mouse_Thymus2,64_25,3,14238.0,15571.0
Mouse_Thymus2,64_19,4,14238.0,14971.0
Mouse_Thymus2,89_24,3,16738.0,15471.0
Mouse_Thymus2,82_21,3,16038.0,15171.0
Mouse_Thymus2,111_34,2,18938.0,16471.0
Mouse_Thymus2,35_41,3,11338.0,17171.0
Mouse_Thymus2,72_26,3,15038.0,15671.0
Mouse_Thymus2,36_34,2,11438.0,16471.0
Mouse_Thymus2,19_48,4,9738.0,17871.0
Mouse_Thymus2,94_26,3,17238.0,15671.0
Mouse_Thymus2,23_49,4,10138.0,17971.0
Mouse_Thymus2,72_45,2,15038.0,17571.0
Mouse_Thymus2,45_33,2,12338.0,16371.0
Mouse_Thymus2,100_52,2,17838.0,18271.0
Mouse_Thymus2,105_50,2,18338.0,18071.0
Mouse_Thymus2,12_51,2,9038.0,18171.0
Mouse_Thymus2,88_38,4,16638.0,16871.0
Mouse_Thymus2,41_49,2,11938.0,17971.0
Mouse_Thymus2,97_11,2,17538.0,14171.0
Mouse_Thymus2,93_27,3,17138.0,15771.0
Mouse_Thymus2,95_10,2,17338.0,14071.0
Mouse_Thymus2,47_36,4,12538.0,16671.0
Mouse_Thymus2,45_48,4,12338.0,17871.0
Mouse_Thymus2,74_22,4,15238.0,15271.0
Mouse_Thymus2,38_34,2,11638.0,16471.0
Mouse_Thymus2,37_36,2,11538.0,16671.0
Mouse_Thymus2,84_7,2,16238.0,13771.0
Mouse_Thymus2,97_56,2,17538.0,18671.0
Mouse_Thymus2,39_53,2,11738.0,18371.0
Mouse_Thymus2,102_39,3,18038.0,16971.0
Mouse_Thymus2,118_68,2,19638.0,19871.0
Mouse_Thymus2,101_45,4,17938.0,17571.0
Mouse_Thymus2,38_32,4,11638.0,16271.0
Mouse_Thymus2,125_59,2,20338.0,18971.0
Mouse_Thymus2,56_42,2,13438.0,17271.0
Mouse_Thymus2,44_24,2,12238.0,15471.0
Mouse_Thymus2,111_58,4,18938.0,18871.0
Mouse_Thymus2,103_38,3,18138.0,16871.0
Mouse_Thymus2,80_44,3,15838.0,17471.0
Mouse_Thymus2,103_27,3,18138.0,15771.0
Mouse_Thymus2,84_19,3,16238.0,14971.0
Mouse_Thymus2,98_39,4,17638.0,16971.0
Mouse_Thymus2,94_51,2,17238.0,18171.0
Mouse_Thymus2,51_40,3,12938.0,17071.0
Mouse_Thymus2,85_55,4,16338.0,18571.0
Mouse_Thymus2,56_31,3,13438.0,16171.0
Mouse_Thymus2,85_38,4,16338.0,16871.0
Mouse_Thymus2,77_31,3,15538.0,16171.0
Mouse_Thymus2,40_23,2,11838.0,15371.0
Mouse_Thymus2,101_37,3,17938.0,16771.0
Mouse_Thymus2,102_56,2,18038.0,18671.0
Mouse_Thymus2,72_17,4,15038.0,14771.0
Mouse_Thymus2,100_32,4,17838.0,16271.0
Mouse_Thymus2,73_4,2,15138.0,13471.0
Mouse_Thymus2,83_2,2,16138.0,13271.0
Mouse_Thymus2,80_12,2,15838.0,14271.0
Mouse_Thymus2,39_36,2,11738.0,16671.0
Mouse_Thymus2,99_60,2,17738.0,19071.0
Mouse_Thymus2,37_23,0,11538.0,15371.0
Mouse_Thymus2,76_41,3,15438.0,17171.0
Mouse_Thymus2,74_45,2,15238.0,17571.0
Mouse_Thymus2,71_21,3,14938.0,15171.0
Mouse_Thymus2,40_21,2,11838.0,15171.0
Mouse_Thymus2,77_33,3,15538.0,16371.0
Mouse_Thymus2,79_7,4,15738.0,13771.0
Mouse_Thymus2,48_36,2,12638.0,16671.0
Mouse_Thymus2,120_65,2,19838.0,19571.0
Mouse_Thymus2,106_21,4,18438.0,15171.0
Mouse_Thymus2,117_68,4,19538.0,19871.0
Mouse_Thymus2,86_19,3,16438.0,14971.0
Mouse_Thymus2,76_45,4,15438.0,17571.0
Mouse_Thymus2,86_48,4,16438.0,17871.0
Mouse_Thymus2,94_60,2,17238.0,19071.0
Mouse_Thymus2,46_48,2,12438.0,17871.0
Mouse_Thymus2,119_50,4,19738.0,18071.0
Mouse_Thymus2,44_40,3,12238.0,17071.0
Mouse_Thymus2,29_35,2,10738.0,16571.0
Mouse_Thymus2,44_30,3,12238.0,16071.0
Mouse_Thymus2,117_49,3,19538.0,17971.0
Mouse_Thymus2,67_20,3,14538.0,15071.0
Mouse_Thymus2,95_54,2,17338.0,18471.0
Mouse_Thymus2,80_21,3,15838.0,15171.0
Mouse_Thymus2,39_48,2,11738.0,17871.0
Mouse_Thymus2,89_55,2,16738.0,18571.0
Mouse_Thymus2,82_49,2,16038.0,17971.0
Mouse_Thymus2,77_20,3,15538.0,15071.0
Mouse_Thymus2,36_30,4,11438.0,16071.0
Mouse_Thymus2,55_31,2,13338.0,16171.0
Mouse_Thymus2,95_25,3,17338.0,15571.0
Mouse_Thymus2,48_49,0,12638.0,17971.0
Mouse_Thymus2,77_30,3,15538.0,16071.0
Mouse_Thymus2,47_47,2,12538.0,17771.0
Mouse_Thymus2,23_44,3,10138.0,17471.0
Mouse_Thymus2,85_43,2,16338.0,17371.0
Mouse_Thymus2,102_46,2,18038.0,17671.0
Mouse_Thymus2,78_30,3,15638.0,16071.0
Mouse_Thymus2,37_33,2,11538.0,16371.0
Mouse_Thymus2,65_22,4,14338.0,15271.0
Mouse_Thymus2,74_10,2,15238.0,14071.0
Mouse_Thymus2,117_47,3,19538.0,17771.0
Mouse_Thymus2,86_24,2,16438.0,15471.0
Mouse_Thymus2,91_33,4,16938.0,16371.0
Mouse_Thymus2,54_37,3,13238.0,16771.0
Mouse_Thymus2,80_0,4,15838.0,13071.0
Mouse_Thymus2,83_49,2,16138.0,17971.0
Mouse_Thymus2,92_23,3,17038.0,15371.0
Mouse_Thymus2,120_52,4,19838.0,18271.0
Mouse_Thymus2,31_51,2,10938.0,18171.0
Mouse_Thymus2,47_35,3,12538.0,16571.0
Mouse_Thymus2,122_47,2,20038.0,17771.0
Mouse_Thymus2,68_25,3,14638.0,15571.0
Mouse_Thymus2,62_38,2,14038.0,16871.0
Mouse_Thymus2,64_24,3,14238.0,15471.0
Mouse_Thymus2,22_44,3,10038.0,17471.0
Mouse_Thymus2,54_23,3,13238.0,15371.0
Mouse_Thymus2,53_35,3,13138.0,16571.0
Mouse_Thymus2,89_16,3,16738.0,14671.0
Mouse_Thymus2,108_36,3,18638.0,16671.0
Mouse_Thymus2,109_48,4,18738.0,17871.0
Mouse_Thymus2,67_35,3,14538.0,16571.0
Mouse_Thymus2,70_35,3,14838.0,16571.0
Mouse_Thymus2,82_19,3,16038.0,14971.0
Mouse_Thymus2,79_38,3,15738.0,16871.0
Mouse_Thymus2,121_49,2,19938.0,17971.0
Mouse_Thymus2,100_48,2,17838.0,17871.0
Mouse_Thymus2,115_50,2,19338.0,18071.0
Mouse_Thymus2,116_39,2,19438.0,16971.0
Mouse_Thymus2,73_30,3,15138.0,16071.0
Mouse_Thymus2,46_39,3,12438.0,16971.0
Mouse_Thymus2,85_12,4,16338.0,14271.0
Mouse_Thymus2,65_37,4,14338.0,16771.0
Mouse_Thymus2,88_35,2,16638.0,16571.0
Mouse_Thymus2,90_13,4,16838.0,14371.0
Mouse_Thymus2,120_50,2,19838.0,18071.0
Mouse_Thymus2,119_43,2,19738.0,17371.0
Mouse_Thymus2,109_28,2,18738.0,15871.0
Mouse_Thymus2,88_5,2,16638.0,13571.0
Mouse_Thymus2,35_30,2,11338.0,16071.0
Mouse_Thymus2,68_21,2,14638.0,15171.0
Mouse_Thymus2,74_33,3,15238.0,16371.0
Mouse_Thymus2,28_40,2,10638.0,17071.0
Mouse_Thymus2,35_49,2,11338.0,17971.0
Mouse_Thymus2,38_51,2,11638.0,18171.0
Mouse_Thymus2,59_17,2,13738.0,14771.0
Mouse_Thymus2,79_41,3,15738.0,17171.0
Mouse_Thymus2,69_42,2,14738.0,17271.0
Mouse_Thymus2,18_37,2,9638.0,16771.0
Mouse_Thymus2,99_22,3,17738.0,15271.0
Mouse_Thymus2,84_13,4,16238.0,14371.0
Mouse_Thymus2,31_38,2,10938.0,16871.0
Mouse_Thymus2,94_49,2,17238.0,17971.0
Mouse_Thymus2,123_50,4,20138.0,18071.0
Mouse_Thymus2,105_29,2,18338.0,15971.0
Mouse_Thymus2,33_45,3,11138.0,17571.0
Mouse_Thymus2,111_39,3,18938.0,16971.0
Mouse_Thymus2,27_42,3,10538.0,17271.0
Mouse_Thymus2,110_53,2,18838.0,18371.0
Mouse_Thymus2,75_35,3,15338.0,16571.0
Mouse_Thymus2,101_41,4,17938.0,17171.0
Mouse_Thymus2,97_50,4,17538.0,18071.0
Mouse_Thymus2,100_29,4,17838.0,15971.0
Mouse_Thymus2,24_38,2,10238.0,16871.0
Mouse_Thymus2,85_23,4,16338.0,15371.0
Mouse_Thymus2,113_61,2,19138.0,19171.0
Mouse_Thymus2,103_30,3,18138.0,16071.0
Mouse_Thymus2,90_54,2,16838.0,18471.0
Mouse_Thymus2,83_54,2,16138.0,18471.0
Mouse_Thymus2,114_58,2,19238.0,18871.0
Mouse_Thymus2,98_49,2,17638.0,17971.0
Mouse_Thymus2,7_45,4,8538.0,17571.0
Mouse_Thymus2,77_45,2,15538.0,17571.0
Mouse_Thymus2,85_56,4,16338.0,18671.0
Mouse_Thymus2,118_56,3,19638.0,18671.0
Mouse_Thymus2,57_21,4,13538.0,15171.0
Mouse_Thymus2,103_21,2,18138.0,15171.0
Mouse_Thymus2,62_26,3,14038.0,15671.0
Mouse_Thymus2,77_21,3,15538.0,15171.0
Mouse_Thymus2,34_28,2,11238.0,15871.0
Mouse_Thymus2,109_41,3,18738.0,17171.0
Mouse_Thymus2,33_38,2,11138.0,16871.0
Mouse_Thymus2,43_38,3,12138.0,16871.0
Mouse_Thymus2,120_44,4,19838.0,17471.0
Mouse_Thymus2,96_30,4,17438.0,16071.0
Mouse_Thymus2,118_70,2,19638.0,20071.0
Mouse_Thymus2,82_18,3,16038.0,14871.0
Mouse_Thymus2,62_14,2,14038.0,14471.0
Mouse_Thymus2,117_39,2,19538.0,16971.0
Mouse_Thymus2,123_52,2,20138.0,18271.0
Mouse_Thymus2,100_31,2,17838.0,16171.0
Mouse_Thymus2,24_53,2,10238.0,18371.0
Mouse_Thymus2,75_8,4,15338.0,13871.0
Mouse_Thymus2,60_27,3,13838.0,15771.0
Mouse_Thymus2,85_39,2,16338.0,16971.0
Mouse_Thymus2,121_50,2,19938.0,18071.0
Mouse_Thymus2,121_67,4,19938.0,19771.0
Mouse_Thymus2,70_19,4,14838.0,14971.0
Mouse_Thymus2,118_45,2,19638.0,17571.0
Mouse_Thymus2,67_36,3,14538.0,16671.0
Mouse_Thymus2,109_35,3,18738.0,16571.0
Mouse_Thymus2,65_13,2,14338.0,14371.0
Mouse_Thymus2,74_9,4,15238.0,13971.0
Mouse_Thymus2,41_50,2,11938.0,18071.0
Mouse_Thymus2,11_40,2,8938.0,17071.0
Mouse_Thymus2,39_26,3,11738.0,15671.0
Mouse_Thymus2,90_36,2,16838.0,16671.0
Mouse_Thymus2,30_29,2,10838.0,15971.0
Mouse_Thymus2,94_35,2,17238.0,16571.0
Mouse_Thymus2,57_31,3,13538.0,16171.0
Mouse_Thymus2,104_37,3,18238.0,16771.0
Mouse_Thymus2,21_49,2,9938.0,17971.0
Mouse_Thymus2,89_33,2,16738.0,16371.0
Mouse_Thymus2,108_45,3,18638.0,17571.0
Mouse_Thymus2,86_50,2,16438.0,18071.0
Mouse_Thymus2,94_56,2,17238.0,18671.0
Mouse_Thymus2,76_20,3,15438.0,15071.0
Mouse_Thymus2,64_32,3,14238.0,16271.0
Mouse_Thymus2,80_31,3,15838.0,16171.0
Mouse_Thymus2,89_53,2,16738.0,18371.0
Mouse_Thymus2,103_40,3,18138.0,17071.0
Mouse_Thymus2,121_72,4,19938.0,20271.0
Mouse_Thymus2,86_25,2,16438.0,15571.0
Mouse_Thymus2,113_54,2,19138.0,18471.0
Mouse_Thymus2,94_40,2,17238.0,17071.0
Mouse_Thymus2,117_58,3,19538.0,18871.0
Mouse_Thymus2,105_28,2,18338.0,15871.0
Mouse_Thymus2,99_8,4,17738.0,13871.0
Mouse_Thymus2,19_43,3,9738.0,17371.0
Mouse_Thymus2,65_40,2,14338.0,17071.0
Mouse_Thymus2,35_36,2,11338.0,16671.0
Mouse_Thymus2,54_39,2,13238.0,16971.0
Mouse_Thymus2,38_35,2,11638.0,16571.0
Mouse_Thymus2,13_41,2,9138.0,17171.0
Mouse_Thymus2,48_27,3,12638.0,15771.0
Mouse_Thymus2,79_15,4,15738.0,14571.0
Mouse_Thymus2,116_63,2,19438.0,19371.0
Mouse_Thymus2,60_19,2,13838.0,14971.0
Mouse_Thymus2,79_33,3,15738.0,16371.0
Mouse_Thymus2,18_53,4,9638.0,18371.0
Mouse_Thymus2,77_2,4,15538.0,13271.0
Mouse_Thymus2,71_22,3,14938.0,15271.0
Mouse_Thymus2,72_24,3,15038.0,15471.0
Mouse_Thymus2,79_28,3,15738.0,15871.0
Mouse_Thymus2,81_27,2,15938.0,15771.0
Mouse_Thymus2,52_21,4,13038.0,15171.0
Mouse_Thymus2,54_15,4,13238.0,14571.0
Mouse_Thymus2,49_15,4,12738.0,14571.0
Mouse_Thymus2,105_37,3,18338.0,16771.0
Mouse_Thymus2,83_10,2,16138.0,14071.0
Mouse_Thymus2,26_49,3,10438.0,17971.0
Mouse_Thymus2,50_27,3,12838.0,15771.0
Mouse_Thymus2,58_25,3,13638.0,15571.0
Mouse_Thymus2,30_53,2,10838.0,18371.0
Mouse_Thymus2,47_42,3,12538.0,17271.0
Mouse_Thymus2,84_2,2,16238.0,13271.0
Mouse_Thymus2,38_37,2,11638.0,16771.0
Mouse_Thymus2,64_16,2,14238.0,14671.0
Mouse_Thymus2,69_13,2,14738.0,14371.0
Mouse_Thymus2,76_39,3,15438.0,16971.0
Mouse_Thymus2,44_50,2,12238.0,18071.0
Mouse_Thymus2,105_53,4,18338.0,18371.0
Mouse_Thymus2,34_40,2,11238.0,17071.0
Mouse_Thymus2,42_49,2,12038.0,17971.0
Mouse_Thymus2,108_49,2,18638.0,17971.0
Mouse_Thymus2,108_44,3,18638.0,17471.0
Mouse_Thymus2,27_40,2,10538.0,17071.0
Mouse_Thymus2,46_41,3,12438.0,17171.0
Mouse_Thymus2,108_56,2,18638.0,18671.0
Mouse_Thymus2,96_56,2,17438.0,18671.0
Mouse_Thymus2,121_52,2,19938.0,18271.0
Mouse_Thymus2,50_15,2,12838.0,14571.0
Mouse_Thymus2,76_3,2,15438.0,13371.0
Mouse_Thymus2,90_28,2,16838.0,15871.0
Mouse_Thymus2,85_22,3,16338.0,15271.0
Mouse_Thymus2,62_34,3,14038.0,16471.0
Mouse_Thymus2,65_34,3,14338.0,16471.0
Mouse_Thymus2,96_5,4,17438.0,13571.0
Mouse_Thymus2,99_47,2,17738.0,17771.0
Mouse_Thymus2,123_53,2,20138.0,18371.0
Mouse_Thymus2,86_26,4,16438.0,15671.0
Mouse_Thymus2,77_24,3,15538.0,15471.0
Mouse_Thymus2,45_25,2,12338.0,15571.0
Mouse_Thymus2,107_53,2,18538.0,18371.0
Mouse_Thymus2,43_29,3,12138.0,15971.0
Mouse_Thymus2,36_36,4,11438.0,16671.0
Mouse_Thymus2,27_32,0,10538.0,16271.0
Mouse_Thymus2,49_29,3,12738.0,15971.0
Mouse_Thymus2,91_53,2,16938.0,18371.0
Mouse_Thymus2,119_41,2,19738.0,17171.0
Mouse_Thymus2,85_52,2,16338.0,18271.0
Mouse_Thymus2,72_23,3,15038.0,15371.0
Mouse_Thymus2,111_56,4,18938.0,18671.0
Mouse_Thymus2,93_52,2,17138.0,18271.0
Mouse_Thymus2,112_42,3,19038.0,17271.0
Mouse_Thymus2,113_46,3,19138.0,17671.0
Mouse_Thymus2,54_21,2,13238.0,15171.0
Mouse_Thymus2,67_30,4,14538.0,16071.0
Mouse_Thymus2,89_36,2,16738.0,16671.0
Mouse_Thymus2,58_16,2,13638.0,14671.0
Mouse_Thymus2,82_14,2,16038.0,14471.0
Mouse_Thymus2,15_39,4,9338.0,16971.0
Mouse_Thymus2,88_24,3,16638.0,15471.0
Mouse_Thymus2,91_54,4,16938.0,18471.0
Mouse_Thymus2,76_1,2,15438.0,13171.0
Mouse_Thymus2,58_38,2,13638.0,16871.0
Mouse_Thymus2,35_42,3,11338.0,17271.0
Mouse_Thymus2,99_61,2,17738.0,19171.0
Mouse_Thymus2,60_15,4,13838.0,14571.0
Mouse_Thymus2,59_26,3,13738.0,15671.0
Mouse_Thymus2,70_9,4,14838.0,13971.0
Mouse_Thymus2,100_43,2,17838.0,17371.0
Mouse_Thymus2,25_50,2,10338.0,18071.0
Mouse_Thymus2,50_23,4,12838.0,15371.0
Mouse_Thymus2,57_30,3,13538.0,16071.0
Mouse_Thymus2,51_18,4,12938.0,14871.0
Mouse_Thymus2,58_14,0,13638.0,14471.0
Mouse_Thymus2,56_23,4,13438.0,15371.0
Mouse_Thymus2,99_17,2,17738.0,14771.0
Mouse_Thymus2,86_34,4,16438.0,16471.0
Mouse_Thymus2,116_64,2,19438.0,19471.0
Mouse_Thymus2,31_43,3,10938.0,17371.0
Mouse_Thymus2,53_15,4,13138.0,14571.0
Mouse_Thymus2,113_32,4,19138.0,16271.0
Mouse_Thymus2,19_38,2,9738.0,16871.0
Mouse_Thymus2,38_24,2,11638.0,15471.0
Mouse_Thymus2,14_44,3,9238.0,17471.0
Mouse_Thymus2,102_25,3,18038.0,15571.0
Mouse_Thymus2,101_47,4,17938.0,17771.0
Mouse_Thymus2,92_16,3,17038.0,14671.0
Mouse_Thymus2,90_8,2,16838.0,13871.0
Mouse_Thymus2,16_39,2,9438.0,16971.0
Mouse_Thymus2,88_41,2,16638.0,17171.0
Mouse_Thymus2,124_65,4,20238.0,19571.0
Mouse_Thymus2,101_16,2,17938.0,14671.0
Mouse_Thymus2,103_58,2,18138.0,18871.0
Mouse_Thymus2,121_69,2,19938.0,19971.0
Mouse_Thymus2,16_43,3,9438.0,17371.0
Mouse_Thymus2,91_58,2,16938.0,18871.0
Mouse_Thymus2,37_44,3,11538.0,17471.0
Mouse_Thymus2,64_12,2,14238.0,14271.0
Mouse_Thymus2,95_20,4,17338.0,15071.0
Mouse_Thymus2,50_36,3,12838.0,16671.0
Mouse_Thymus2,68_38,4,14638.0,16871.0
Mouse_Thymus2,77_38,3,15538.0,16871.0
Mouse_Thymus2,98_54,2,17638.0,18471.0
Mouse_Thymus2,63_22,3,14138.0,15271.0
Mouse_Thymus2,99_57,2,17738.0,18771.0
Mouse_Thymus2,98_58,2,17638.0,18871.0
Mouse_Thymus2,118_52,3,19638.0,18271.0
Mouse_Thymus2,50_30,2,12838.0,16071.0
Mouse_Thymus2,32_27,2,11038.0,15771.0
Mouse_Thymus2,18_54,4,9638.0,18471.0
Mouse_Thymus2,65_15,4,14338.0,14571.0
Mouse_Thymus2,101_27,3,17938.0,15771.0
Mouse_Thymus2,75_49,2,15338.0,17971.0
Mouse_Thymus2,77_32,3,15538.0,16271.0
Mouse_Thymus2,74_30,3,15238.0,16071.0
Mouse_Thymus2,21_38,2,9938.0,16871.0
Mouse_Thymus2,87_30,2,16538.0,16071.0
Mouse_Thymus2,117_51,3,19538.0,18171.0
Mouse_Thymus2,43_49,2,12138.0,17971.0
Mouse_Thymus2,116_40,2,19438.0,17071.0
Mouse_Thymus2,92_35,2,17038.0,16571.0
Mouse_Thymus2,68_10,2,14638.0,14071.0
Mouse_Thymus2,112_56,4,19038.0,18671.0
Mouse_Thymus2,90_42,2,16838.0,17271.0
Mouse_Thymus2,59_35,3,13738.0,16571.0
Mouse_Thymus2,44_35,2,12238.0,16571.0
Mouse_Thymus2,96_50,2,17438.0,18071.0
Mouse_Thymus2,73_25,3,15138.0,15571.0
Mouse_Thymus2,111_37,3,18938.0,16771.0
Mouse_Thymus2,80_4,2,15838.0,13471.0
Mouse_Thymus2,93_48,4,17138.0,17871.0
Mouse_Thymus2,41_52,2,11938.0,18271.0
Mouse_Thymus2,17_46,3,9538.0,17671.0
Mouse_Thymus2,58_29,3,13638.0,15971.0
Mouse_Thymus2,60_33,3,13838.0,16371.0
Mouse_Thymus2,68_29,4,14638.0,15971.0
Mouse_Thymus2,51_31,2,12938.0,16171.0
Mouse_Thymus2,67_18,3,14538.0,14871.0
Mouse_Thymus2,6_44,2,8438.0,17471.0
Mouse_Thymus2,114_36,2,19238.0,16671.0
Mouse_Thymus2,38_50,2,11638.0,18071.0
Mouse_Thymus2,5_47,4,8338.0,17771.0
Mouse_Thymus2,58_41,2,13638.0,17171.0
Mouse_Thymus2,102_22,2,18038.0,15271.0
Mouse_Thymus2,80_26,3,15838.0,15671.0
Mouse_Thymus2,107_52,2,18538.0,18271.0
Mouse_Thymus2,93_45,2,17138.0,17571.0
Mouse_Thymus2,91_35,2,16938.0,16571.0
Mouse_Thymus2,68_8,2,14638.0,13871.0
Mouse_Thymus2,101_43,4,17938.0,17371.0
Mouse_Thymus2,102_55,2,18038.0,18571.0
Mouse_Thymus2,67_29,2,14538.0,15971.0
Mouse_Thymus2,62_24,3,14038.0,15471.0
Mouse_Thymus2,45_45,3,12338.0,17571.0
Mouse_Thymus2,26_45,3,10438.0,17571.0
Mouse_Thymus2,115_61,2,19338.0,19171.0
Mouse_Thymus2,96_49,2,17438.0,17971.0
Mouse_Thymus2,96_58,2,17438.0,18871.0
Mouse_Thymus2,71_39,3,14938.0,16971.0
Mouse_Thymus2,82_9,4,16038.0,13971.0
Mouse_Thymus2,126_70,0,20438.0,20071.0
Mouse_Thymus2,29_55,2,10738.0,18571.0
Mouse_Thymus2,51_34,3,12938.0,16471.0
Mouse_Thymus2,52_40,3,13038.0,17071.0
Mouse_Thymus2,38_48,4,11638.0,17871.0
Mouse_Thymus2,10_50,2,8838.0,18071.0
Mouse_Thymus2,101_33,4,17938.0,16371.0
Mouse_Thymus2,34_29,2,11238.0,15971.0
Mouse_Thymus2,117_52,2,19538.0,18271.0
Mouse_Thymus2,117_45,4,19538.0,17571.0
Mouse_Thymus2,49_44,2,12738.0,17471.0
Mouse_Thymus2,105_42,3,18338.0,17271.0
Mouse_Thymus2,45_21,2,12338.0,15171.0
Mouse_Thymus2,111_52,2,18938.0,18271.0
Mouse_Thymus2,51_38,3,12938.0,16871.0
Mouse_Thymus2,9_47,2,8738.0,17771.0
Mouse_Thymus2,120_42,4,19838.0,17271.0
Mouse_Thymus2,101_44,4,17938.0,17471.0
Mouse_Thymus2,8_43,2,8638.0,17371.0
Mouse_Thymus2,106_50,2,18438.0,18071.0
Mouse_Thymus2,57_35,3,13538.0,16571.0
Mouse_Thymus2,94_53,4,17238.0,18371.0
Mouse_Thymus2,76_16,4,15438.0,14671.0
Mouse_Thymus2,108_41,3,18638.0,17171.0
Mouse_Thymus2,31_41,4,10938.0,17171.0
Mouse_Thymus2,50_41,3,12838.0,17171.0
Mouse_Thymus2,66_35,3,14438.0,16571.0
Mouse_Thymus2,65_25,4,14338.0,15571.0
Mouse_Thymus2,50_46,4,12838.0,17671.0
Mouse_Thymus2,95_41,4,17338.0,17171.0
Mouse_Thymus2,88_44,2,16638.0,17471.0
Mouse_Thymus2,84_22,3,16238.0,15271.0
Mouse_Thymus2,116_53,2,19438.0,18371.0
Mouse_Thymus2,88_51,4,16638.0,18171.0
Mouse_Thymus2,60_29,3,13838.0,15971.0
Mouse_Thymus2,118_60,3,19638.0,19071.0
Mouse_Thymus2,108_43,2,18638.0,17371.0
Mouse_Thymus2,23_50,2,10138.0,18071.0
Mouse_Thymus2,42_18,0,12038.0,14871.0
Mouse_Thymus2,105_23,2,18338.0,15371.0
Mouse_Thymus2,82_25,4,16038.0,15571.0
Mouse_Thymus2,61_20,4,13938.0,15071.0
Mouse_Thymus2,86_12,2,16438.0,14271.0
Mouse_Thymus2,88_36,2,16638.0,16671.0
Mouse_Thymus2,100_12,2,17838.0,14271.0
Mouse_Thymus2,24_37,2,10238.0,16771.0
Mouse_Thymus2,96_41,2,17438.0,17171.0
Mouse_Thymus2,44_29,3,12238.0,15971.0
Mouse_Thymus2,78_38,3,15638.0,16871.0
Mouse_Thymus2,80_41,3,15838.0,17171.0
Mouse_Thymus2,83_43,4,16138.0,17371.0
Mouse_Thymus2,43_25,2,12138.0,15571.0
Mouse_Thymus2,20_38,2,9838.0,16871.0
Mouse_Thymus2,28_47,3,10638.0,17771.0
Mouse_Thymus2,90_23,3,16838.0,15371.0
Mouse_Thymus2,85_4,2,16338.0,13471.0
Mouse_Thymus2,78_5,2,15638.0,13571.0
Mouse_Thymus2,16_47,3,9438.0,17771.0
Mouse_Thymus2,57_26,3,13538.0,15671.0
Mouse_Thymus2,77_4,2,15538.0,13471.0
Mouse_Thymus2,33_40,2,11138.0,17071.0
Mouse_Thymus2,80_29,2,15838.0,15971.0
Mouse_Thymus2,50_16,2,12838.0,14671.0
Mouse_Thymus2,34_30,4,11238.0,16071.0
Mouse_Thymus2,73_32,4,15138.0,16271.0
Mouse_Thymus2,70_21,3,14838.0,15171.0
Mouse_Thymus2,61_38,2,13938.0,16871.0
Mouse_Thymus2,80_46,4,15838.0,17671.0
Mouse_Thymus2,26_37,2,10438.0,16771.0
Mouse_Thymus2,25_38,2,10338.0,16871.0
Mouse_Thymus2,44_42,3,12238.0,17271.0
Mouse_Thymus2,88_42,2,16638.0,17271.0
Mouse_Thymus2,92_43,4,17038.0,17371.0
Mouse_Thymus2,47_31,3,12538.0,16171.0
Mouse_Thymus2,85_28,3,16338.0,15871.0
Mouse_Thymus2,97_14,4,17538.0,14471.0
Mouse_Thymus2,28_54,2,10638.0,18471.0
Mouse_Thymus2,74_18,2,15238.0,14871.0
Mouse_Thymus2,86_13,2,16438.0,14371.0
Mouse_Thymus2,75_39,3,15338.0,16971.0
Mouse_Thymus2,103_49,2,18138.0,17971.0
Mouse_Thymus2,112_53,2,19038.0,18371.0
Mouse_Thymus2,114_37,2,19238.0,16771.0
Mouse_Thymus2,92_30,2,17038.0,16071.0
Mouse_Thymus2,75_32,3,15338.0,16271.0
Mouse_Thymus2,52_24,2,13038.0,15471.0
Mouse_Thymus2,100_35,3,17838.0,16571.0
Mouse_Thymus2,51_21,4,12938.0,15171.0
Mouse_Thymus2,113_55,4,19138.0,18571.0
Mouse_Thymus2,98_26,3,17638.0,15671.0
Mouse_Thymus2,81_13,2,15938.0,14371.0
Mouse_Thymus2,87_19,3,16538.0,14971.0
Mouse_Thymus2,83_17,3,16138.0,14771.0
Mouse_Thymus2,108_38,3,18638.0,16871.0
Mouse_Thymus2,9_41,4,8738.0,17171.0
Mouse_Thymus2,60_16,2,13838.0,14671.0
Mouse_Thymus2,91_7,4,16938.0,13771.0
Mouse_Thymus2,39_23,2,11738.0,15371.0
Mouse_Thymus2,47_25,4,12538.0,15571.0
Mouse_Thymus2,90_29,4,16838.0,15971.0
Mouse_Thymus2,37_51,2,11538.0,18171.0
Mouse_Thymus2,64_28,3,14238.0,15871.0
Mouse_Thymus2,40_48,2,11838.0,17871.0
Mouse_Thymus2,84_46,4,16238.0,17671.0
Mouse_Thymus2,18_45,3,9638.0,17571.0
Mouse_Thymus2,18_49,2,9638.0,17971.0
Mouse_Thymus2,43_46,3,12138.0,17671.0
Mouse_Thymus2,96_57,2,17438.0,18771.0
Mouse_Thymus2,72_38,3,15038.0,16871.0
Mouse_Thymus2,114_53,2,19238.0,18371.0
Mouse_Thymus2,102_51,4,18038.0,18171.0
Mouse_Thymus2,71_34,4,14938.0,16471.0
Mouse_Thymus2,121_55,4,19938.0,18571.0
Mouse_Thymus2,67_25,3,14538.0,15571.0
Mouse_Thymus2,89_37,2,16738.0,16771.0
Mouse_Thymus2,49_47,2,12738.0,17771.0
Mouse_Thymus2,87_55,2,16538.0,18571.0
Mouse_Thymus2,64_14,4,14238.0,14471.0
Mouse_Thymus2,34_25,2,11238.0,15571.0
Mouse_Thymus2,78_40,3,15638.0,17071.0
Mouse_Thymus2,88_25,4,16638.0,15571.0
Mouse_Thymus2,29_56,2,10738.0,18671.0
Mouse_Thymus2,100_21,3,17838.0,15171.0
Mouse_Thymus2,26_33,0,10438.0,16371.0
Mouse_Thymus2,31_25,4,10938.0,15571.0
Mouse_Thymus2,116_45,3,19438.0,17571.0
Mouse_Thymus2,23_48,3,10138.0,17871.0
Mouse_Thymus2,115_58,4,19338.0,18871.0
Mouse_Thymus2,64_40,2,14238.0,17071.0
Mouse_Thymus2,111_38,3,18938.0,16871.0
Mouse_Thymus2,51_33,4,12938.0,16371.0
Mouse_Thymus2,115_42,4,19338.0,17271.0
Mouse_Thymus2,37_45,3,11538.0,17571.0
Mouse_Thymus2,97_25,3,17538.0,15571.0
Mouse_Thymus2,66_36,3,14438.0,16671.0
Mouse_Thymus2,45_44,3,12338.0,17471.0
Mouse_Thymus2,49_30,3,12738.0,16071.0
Mouse_Thymus2,5_46,2,8338.0,17671.0
Mouse_Thymus2,94_42,2,17238.0,17271.0
Mouse_Thymus2,73_28,3,15138.0,15871.0
Mouse_Thymus2,88_58,2,16638.0,18871.0
Mouse_Thymus2,28_46,3,10638.0,17671.0
Mouse_Thymus2,111_40,3,18938.0,17071.0
Mouse_Thymus2,91_44,2,16938.0,17471.0
Mouse_Thymus2,112_49,4,19038.0,17971.0
Mouse_Thymus2,27_56,2,10538.0,18671.0
Mouse_Thymus2,113_47,4,19138.0,17771.0
Mouse_Thymus2,98_28,2,17638.0,15871.0
Mouse_Thymus2,29_50,2,10738.0,18071.0
Mouse_Thymus2,77_36,3,15538.0,16671.0
Mouse_Thymus2,79_3,2,15738.0,13371.0
Mouse_Thymus2,82_54,0,16038.0,18471.0
Mouse_Thymus2,41_40,3,11938.0,17071.0
Mouse_Thymus2,90_56,2,16838.0,18671.0
Mouse_Thymus2,108_48,2,18638.0,17871.0
Mouse_Thymus2,29_33,2,10738.0,16371.0
Mouse_Thymus2,95_42,4,17338.0,17271.0
Mouse_Thymus2,97_8,2,17538.0,13871.0
Mouse_Thymus2,62_40,2,14038.0,17071.0
Mouse_Thymus2,77_16,4,15538.0,14671.0
Mouse_Thymus2,46_29,3,12438.0,15971.0
Mouse_Thymus2,95_59,2,17338.0,18971.0
Mouse_Thymus2,119_55,3,19738.0,18571.0
Mouse_Thymus2,115_64,2,19338.0,19471.0
Mouse_Thymus2,105_39,3,18338.0,16971.0
Mouse_Thymus2,70_31,4,14838.0,16171.0
Mouse_Thymus2,81_9,2,15938.0,13971.0
Mouse_Thymus2,96_47,4,17438.0,17771.0
Mouse_Thymus2,55_17,4,13338.0,14771.0
Mouse_Thymus2,61_34,3,13938.0,16471.0
Mouse_Thymus2,108_52,2,18638.0,18271.0
Mouse_Thymus2,76_11,2,15438.0,14171.0
Mouse_Thymus2,14_42,4,9238.0,17271.0
Mouse_Thymus2,53_16,4,13138.0,14671.0
Mouse_Thymus2,93_36,2,17138.0,16671.0
Mouse_Thymus2,49_35,2,12738.0,16571.0
Mouse_Thymus2,49_26,3,12738.0,15671.0
Mouse_Thymus2,30_40,4,10838.0,17071.0
Mouse_Thymus2,42_32,4,12038.0,16271.0
Mouse_Thymus2,86_3,2,16438.0,13371.0
Mouse_Thymus2,15_50,2,9338.0,18071.0
Mouse_Thymus2,82_1,4,16038.0,13171.0
Mouse_Thymus2,69_2,2,14738.0,13271.0
Mouse_Thymus2,117_43,2,19538.0,17371.0
Mouse_Thymus2,9_42,2,8738.0,17271.0
Mouse_Thymus2,79_48,2,15738.0,17871.0
Mouse_Thymus2,92_31,2,17038.0,16171.0
Mouse_Thymus2,39_33,2,11738.0,16371.0
Mouse_Thymus2,85_11,2,16338.0,14171.0
Mouse_Thymus2,23_55,2,10138.0,18571.0
Mouse_Thymus2,100_23,3,17838.0,15371.0
Mouse_Thymus2,84_1,2,16238.0,13171.0
Mouse_Thymus2,41_19,0,11938.0,14971.0
Mouse_Thymus2,122_70,2,20038.0,20071.0
Mouse_Thymus2,56_38,4,13438.0,16871.0
Mouse_Thymus2,75_46,2,15338.0,17671.0
Mouse_Thymus2,74_12,2,15238.0,14271.0
Mouse_Thymus2,99_24,3,17738.0,15471.0
Mouse_Thymus2,43_21,2,12138.0,15171.0
Mouse_Thymus2,113_33,2,19138.0,16371.0
Mouse_Thymus2,42_41,3,12038.0,17171.0
Mouse_Thymus2,101_18,2,17938.0,14871.0
Mouse_Thymus2,99_39,3,17738.0,16971.0
Mouse_Thymus2,92_19,3,17038.0,14971.0
Mouse_Thymus2,115_56,2,19338.0,18671.0
Mouse_Thymus2,24_54,2,10238.0,18471.0
Mouse_Thymus2,79_31,3,15738.0,16171.0
Mouse_Thymus2,83_18,3,16138.0,14871.0
Mouse_Thymus2,51_20,4,12938.0,15071.0
Mouse_Thymus2,71_44,2,14938.0,17471.0
Mouse_Thymus2,25_55,2,10338.0,18571.0
Mouse_Thymus2,94_18,4,17238.0,14871.0
Mouse_Thymus2,108_35,3,18638.0,16571.0
Mouse_Thymus2,14_45,3,9238.0,17571.0
Mouse_Thymus2,111_33,2,18938.0,16371.0
Mouse_Thymus2,119_62,4,19738.0,19271.0
Mouse_Thymus2,76_36,3,15438.0,16671.0
Mouse_Thymus2,88_4,4,16638.0,13471.0
Mouse_Thymus2,108_24,4,18638.0,15471.0
Mouse_Thymus2,76_24,3,15438.0,15471.0
Mouse_Thymus2,13_45,3,9138.0,17571.0
Mouse_Thymus2,36_43,3,11438.0,17371.0
Mouse_Thymus2,41_44,3,11938.0,17471.0
Mouse_Thymus2,119_60,3,19738.0,19071.0
Mouse_Thymus2,68_11,2,14638.0,14171.0
Mouse_Thymus2,96_35,2,17438.0,16571.0
Mouse_Thymus2,93_10,2,17138.0,14071.0
Mouse_Thymus2,32_49,4,11038.0,17971.0
Mouse_Thymus2,63_15,3,14138.0,14571.0
Mouse_Thymus2,39_46,4,11738.0,17671.0
Mouse_Thymus2,98_44,2,17638.0,17471.0
Mouse_Thymus2,66_7,0,14438.0,13771.0
Mouse_Thymus2,78_17,2,15638.0,14771.0
Mouse_Thymus2,25_44,3,10338.0,17471.0
Mouse_Thymus2,19_55,0,9738.0,18571.0
Mouse_Thymus2,58_31,3,13638.0,16171.0
Mouse_Thymus2,84_17,3,16238.0,14771.0
Mouse_Thymus2,97_17,4,17538.0,14771.0
Mouse_Thymus2,101_34,4,17938.0,16471.0
Mouse_Thymus2,76_40,3,15438.0,17071.0
Mouse_Thymus2,122_58,2,20038.0,18871.0
Mouse_Thymus2,120_62,4,19838.0,19271.0
Mouse_Thymus2,17_50,4,9538.0,18071.0
Mouse_Thymus2,60_38,2,13838.0,16871.0
Mouse_Thymus2,121_70,2,19938.0,20071.0
Mouse_Thymus2,82_8,2,16038.0,13871.0
Mouse_Thymus2,34_50,2,11238.0,18071.0
Mouse_Thymus2,33_36,2,11138.0,16671.0
Mouse_Thymus2,95_21,3,17338.0,15171.0
Mouse_Thymus2,91_38,4,16938.0,16871.0
Mouse_Thymus2,35_39,4,11338.0,16971.0
Mouse_Thymus2,76_23,3,15438.0,15371.0
Mouse_Thymus2,58_18,2,13638.0,14871.0
Mouse_Thymus2,46_22,4,12438.0,15271.0
Mouse_Thymus2,44_22,2,12238.0,15271.0
Mouse_Thymus2,90_59,2,16838.0,18971.0
Mouse_Thymus2,67_34,3,14538.0,16471.0
Mouse_Thymus2,124_54,4,20238.0,18471.0
Mouse_Thymus2,98_59,2,17638.0,18971.0
Mouse_Thymus2,46_36,2,12438.0,16671.0
Mouse_Thymus2,57_33,3,13538.0,16371.0
Mouse_Thymus2,1_46,0,7938.0,17671.0
Mouse_Thymus2,42_48,2,12038.0,17871.0
Mouse_Thymus2,13_50,2,9138.0,18071.0
Mouse_Thymus2,34_38,2,11238.0,16871.0
Mouse_Thymus2,74_5,2,15238.0,13571.0
Mouse_Thymus2,112_58,2,19038.0,18871.0
Mouse_Thymus2,39_50,2,11738.0,18071.0
Mouse_Thymus2,26_54,2,10438.0,18471.0
Mouse_Thymus2,69_37,3,14738.0,16771.0
Mouse_Thymus2,96_28,4,17438.0,15871.0
Mouse_Thymus2,44_47,2,12238.0,17771.0
Mouse_Thymus2,50_44,2,12838.0,17471.0
Mouse_Thymus2,36_48,2,11438.0,17871.0
Mouse_Thymus2,91_10,2,16938.0,14071.0
Mouse_Thymus2,60_32,3,13838.0,16271.0
Mouse_Thymus2,22_42,2,10038.0,17271.0
Mouse_Thymus2,52_27,3,13038.0,15771.0
Mouse_Thymus2,65_9,2,14338.0,13971.0
Mouse_Thymus2,115_51,2,19338.0,18171.0
Mouse_Thymus2,49_18,2,12738.0,14871.0
Mouse_Thymus2,121_62,4,19938.0,19271.0
Mouse_Thymus2,79_36,3,15738.0,16671.0
Mouse_Thymus2,109_29,2,18738.0,15971.0
Mouse_Thymus2,17_40,2,9538.0,17071.0
Mouse_Thymus2,43_41,3,12138.0,17171.0
Mouse_Thymus2,52_23,2,13038.0,15371.0
Mouse_Thymus2,66_41,2,14438.0,17171.0
Mouse_Thymus2,30_38,2,10838.0,16871.0
Mouse_Thymus2,80_52,2,15838.0,18271.0
Mouse_Thymus2,71_12,2,14938.0,14271.0
Mouse_Thymus2,65_19,3,14338.0,14971.0
Mouse_Thymus2,103_18,2,18138.0,14871.0
Mouse_Thymus2,117_36,4,19538.0,16671.0
Mouse_Thymus2,38_38,4,11638.0,16871.0
Mouse_Thymus2,90_33,2,16838.0,16371.0
Mouse_Thymus2,77_12,2,15538.0,14271.0
Mouse_Thymus2,73_24,3,15138.0,15471.0
Mouse_Thymus2,79_4,2,15738.0,13471.0
Mouse_Thymus2,94_38,2,17238.0,16871.0
Mouse_Thymus2,71_41,2,14938.0,17171.0
Mouse_Thymus2,98_12,4,17638.0,14271.0
Mouse_Thymus2,22_43,3,10038.0,17371.0
Mouse_Thymus2,71_19,2,14938.0,14971.0
Mouse_Thymus2,99_34,3,17738.0,16471.0
Mouse_Thymus2,79_43,3,15738.0,17371.0
Mouse_Thymus2,70_12,4,14838.0,14271.0
Mouse_Thymus2,66_20,3,14438.0,15071.0
Mouse_Thymus2,5_45,2,8338.0,17571.0
Mouse_Thymus2,80_17,3,15838.0,14771.0
Mouse_Thymus2,93_29,4,17138.0,15971.0
Mouse_Thymus2,108_29,2,18638.0,15971.0
Mouse_Thymus2,103_23,2,18138.0,15371.0
Mouse_Thymus2,30_50,2,10838.0,18071.0
Mouse_Thymus2,61_17,4,13938.0,14771.0
Mouse_Thymus2,82_11,2,16038.0,14171.0
Mouse_Thymus2,87_51,2,16538.0,18171.0
Mouse_Thymus2,108_39,3,18638.0,16971.0
Mouse_Thymus2,64_17,2,14238.0,14771.0
Mouse_Thymus2,109_45,3,18738.0,17571.0
Mouse_Thymus2,8_45,3,8638.0,17571.0
Mouse_Thymus2,100_49,4,17838.0,17971.0
Mouse_Thymus2,62_30,3,14038.0,16071.0
Mouse_Thymus2,12_50,2,9038.0,18071.0
Mouse_Thymus2,124_62,2,20238.0,19271.0
Mouse_Thymus2,87_46,4,16538.0,17671.0
Mouse_Thymus2,69_16,4,14738.0,14671.0
Mouse_Thymus2,85_50,4,16338.0,18071.0
Mouse_Thymus2,97_40,2,17538.0,17071.0
Mouse_Thymus2,102_31,3,18038.0,16171.0
Mouse_Thymus2,96_36,2,17438.0,16671.0
Mouse_Thymus2,81_7,4,15938.0,13771.0
Mouse_Thymus2,119_48,2,19738.0,17871.0
Mouse_Thymus2,110_58,2,18838.0,18871.0
Mouse_Thymus2,87_50,2,16538.0,18071.0
Mouse_Thymus2,74_27,3,15238.0,15771.0
Mouse_Thymus2,119_61,3,19738.0,19171.0
Mouse_Thymus2,102_52,2,18038.0,18271.0
Mouse_Thymus2,50_25,4,12838.0,15571.0
Mouse_Thymus2,103_41,3,18138.0,17171.0
Mouse_Thymus2,108_32,2,18638.0,16271.0
Mouse_Thymus2,68_40,4,14638.0,17071.0
Mouse_Thymus2,101_50,4,17938.0,18071.0
Mouse_Thymus2,88_39,2,16638.0,16971.0
Mouse_Thymus2,67_38,4,14538.0,16871.0
Mouse_Thymus2,114_65,2,19238.0,19571.0
Mouse_Thymus2,24_47,3,10238.0,17771.0
Mouse_Thymus2,46_21,2,12438.0,15171.0
Mouse_Thymus2,48_26,3,12638.0,15671.0
Mouse_Thymus2,50_42,4,12838.0,17271.0
Mouse_Thymus2,84_40,2,16238.0,17071.0
Mouse_Thymus2,68_28,4,14638.0,15871.0
Mouse_Thymus2,100_30,2,17838.0,16071.0
Mouse_Thymus2,88_54,4,16638.0,18471.0
Mouse_Thymus2,66_37,3,14438.0,16771.0
Mouse_Thymus2,97_47,4,17538.0,17771.0
Mouse_Thymus2,78_3,4,15638.0,13371.0
Mouse_Thymus2,43_31,4,12138.0,16171.0
Mouse_Thymus2,93_59,2,17138.0,18971.0
Mouse_Thymus2,96_45,2,17438.0,17571.0
Mouse_Thymus2,102_59,4,18038.0,18971.0
Mouse_Thymus2,28_32,4,10638.0,16271.0
Mouse_Thymus2,25_51,2,10338.0,18171.0
Mouse_Thymus2,36_38,4,11438.0,16871.0
Mouse_Thymus2,124_67,4,20238.0,19771.0
Mouse_Thymus2,68_7,2,14638.0,13771.0
Mouse_Thymus2,78_50,2,15638.0,18071.0
Mouse_Thymus2,99_29,2,17738.0,15971.0
Mouse_Thymus2,102_30,3,18038.0,16071.0
Mouse_Thymus2,111_36,4,18938.0,16671.0
Mouse_Thymus2,50_18,2,12838.0,14871.0
Mouse_Thymus2,24_46,3,10238.0,17671.0
Mouse_Thymus2,96_16,2,17438.0,14671.0
Mouse_Thymus2,95_31,2,17338.0,16171.0
Mouse_Thymus2,54_19,4,13238.0,14971.0
Mouse_Thymus2,62_17,4,14038.0,14771.0
Mouse_Thymus2,112_40,3,19038.0,17071.0
Mouse_Thymus2,110_57,4,18838.0,18771.0
Mouse_Thymus2,106_39,3,18438.0,16971.0
Mouse_Thymus2,82_7,2,16038.0,13771.0
Mouse_Thymus2,83_40,2,16138.0,17071.0
Mouse_Thymus2,37_43,3,11538.0,17371.0
Mouse_Thymus2,57_18,4,13538.0,14871.0
Mouse_Thymus2,32_33,2,11038.0,16371.0
Mouse_Thymus2,58_19,4,13638.0,14971.0
Mouse_Thymus2,105_26,2,18338.0,15671.0
Mouse_Thymus2,64_22,3,14238.0,15271.0
Mouse_Thymus2,31_42,3,10938.0,17271.0
Mouse_Thymus2,120_70,4,19838.0,20071.0
Mouse_Thymus2,68_24,3,14638.0,15471.0
Mouse_Thymus2,29_38,2,10738.0,16871.0
Mouse_Thymus2,15_43,3,9338.0,17371.0
Mouse_Thymus2,32_26,2,11038.0,15671.0
Mouse_Thymus2,107_24,4,18538.0,15471.0
Mouse_Thymus2,41_46,3,11938.0,17671.0
Mouse_Thymus2,84_11,2,16238.0,14171.0
Mouse_Thymus2,64_41,4,14238.0,17171.0
Mouse_Thymus2,98_57,2,17638.0,18771.0
Mouse_Thymus2,103_51,4,18138.0,18171.0
Mouse_Thymus2,125_61,2,20338.0,19171.0
Mouse_Thymus2,28_52,2,10638.0,18271.0
Mouse_Thymus2,78_11,2,15638.0,14171.0
Mouse_Thymus2,31_56,0,10938.0,18671.0
Mouse_Thymus2,118_59,3,19638.0,18971.0
Mouse_Thymus2,75_15,2,15338.0,14571.0
Mouse_Thymus2,52_41,2,13038.0,17171.0
Mouse_Thymus2,89_10,2,16738.0,14071.0
Mouse_Thymus2,122_56,2,20038.0,18671.0
Mouse_Thymus2,81_51,2,15938.0,18171.0
Mouse_Thymus2,36_42,3,11438.0,17271.0
Mouse_Thymus2,98_11,3,17638.0,14171.0
Mouse_Thymus2,67_7,0,14538.0,13771.0
Mouse_Thymus2,105_32,3,18338.0,16271.0
Mouse_Thymus2,43_51,2,12138.0,18171.0
Mouse_Thymus2,58_24,3,13638.0,15471.0
Mouse_Thymus2,60_23,3,13838.0,15371.0
Mouse_Thymus2,49_38,3,12738.0,16871.0
Mouse_Thymus2,93_43,4,17138.0,17371.0
Mouse_Thymus2,115_40,2,19338.0,17071.0
Mouse_Thymus2,61_31,3,13938.0,16171.0
Mouse_Thymus2,102_49,4,18038.0,17971.0
Mouse_Thymus2,4_47,4,8238.0,17771.0
Mouse_Thymus2,117_41,2,19538.0,17171.0
Mouse_Thymus2,25_36,2,10338.0,16671.0
Mouse_Thymus2,116_65,2,19438.0,19571.0
Mouse_Thymus2,53_24,2,13138.0,15471.0
Mouse_Thymus2,71_16,2,14938.0,14671.0
Mouse_Thymus2,111_45,3,18938.0,17571.0
Mouse_Thymus2,35_54,2,11338.0,18471.0
Mouse_Thymus2,29_53,2,10738.0,18371.0
Mouse_Thymus2,75_18,4,15338.0,14871.0
Mouse_Thymus2,103_29,3,18138.0,15971.0
Mouse_Thymus2,116_58,3,19438.0,18871.0
Mouse_Thymus2,120_43,4,19838.0,17371.0
Mouse_Thymus2,92_21,3,17038.0,15171.0
Mouse_Thymus2,72_20,4,15038.0,15071.0
Mouse_Thymus2,113_34,2,19138.0,16471.0
Mouse_Thymus2,87_52,2,16538.0,18271.0
Mouse_Thymus2,90_11,2,16838.0,14171.0
Mouse_Thymus2,46_28,3,12438.0,15871.0
Mouse_Thymus2,103_22,2,18138.0,15271.0
Mouse_Thymus2,40_29,4,11838.0,15971.0
Mouse_Thymus2,112_61,2,19038.0,19171.0
Mouse_Thymus2,48_47,2,12638.0,17771.0
Mouse_Thymus2,48_32,4,12638.0,16271.0
Mouse_Thymus2,81_41,3,15938.0,17171.0
Mouse_Thymus2,99_43,2,17738.0,17371.0
Mouse_Thymus2,34_46,3,11238.0,17671.0
Mouse_Thymus2,36_49,4,11438.0,17971.0
Mouse_Thymus2,103_31,3,18138.0,16171.0
Mouse_Thymus2,38_47,3,11638.0,17771.0
Mouse_Thymus2,2_47,4,8038.0,17771.0
Mouse_Thymus2,60_34,3,13838.0,16471.0
Mouse_Thymus2,75_16,2,15338.0,14671.0
Mouse_Thymus2,83_30,2,16138.0,16071.0
Mouse_Thymus2,114_48,4,19238.0,17871.0
Mouse_Thymus2,40_51,2,11838.0,18171.0
Mouse_Thymus2,34_39,4,11238.0,16971.0
Mouse_Thymus2,52_30,2,13038.0,16071.0
Mouse_Thymus2,63_33,3,14138.0,16371.0
Mouse_Thymus2,119_59,3,19738.0,18971.0
Mouse_Thymus2,53_23,2,13138.0,15371.0
Mouse_Thymus2,103_19,2,18138.0,14971.0
Mouse_Thymus2,18_50,2,9638.0,18071.0
Mouse_Thymus2,117_63,2,19538.0,19371.0
Mouse_Thymus2,39_51,4,11738.0,18171.0
Mouse_Thymus2,95_27,4,17338.0,15771.0
Mouse_Thymus2,70_32,4,14838.0,16271.0
Mouse_Thymus2,94_28,3,17238.0,15871.0
Mouse_Thymus2,20_51,4,9838.0,18171.0
Mouse_Thymus2,119_46,2,19738.0,17671.0
Mouse_Thymus2,26_47,3,10438.0,17771.0
Mouse_Thymus2,59_24,3,13738.0,15471.0
Mouse_Thymus2,73_20,2,15138.0,15071.0
Mouse_Thymus2,91_25,3,16938.0,15571.0
Mouse_Thymus2,112_60,4,19038.0,19071.0
Mouse_Thymus2,103_17,0,18138.0,14771.0
Mouse_Thymus2,81_25,4,15938.0,15571.0
Mouse_Thymus2,47_34,4,12538.0,16471.0
Mouse_Thymus2,28_51,2,10638.0,18171.0
Mouse_Thymus2,41_38,3,11938.0,16871.0
Mouse_Thymus2,88_32,4,16638.0,16271.0
Mouse_Thymus2,88_19,3,16638.0,14971.0
Mouse_Thymus2,100_13,2,17838.0,14371.0
Mouse_Thymus2,82_39,4,16038.0,16971.0
Mouse_Thymus2,62_13,2,14038.0,14371.0
Mouse_Thymus2,26_46,3,10438.0,17671.0
Mouse_Thymus2,41_23,2,11938.0,15371.0
Mouse_Thymus2,83_41,4,16138.0,17171.0
Mouse_Thymus2,90_7,2,16838.0,13771.0
Mouse_Thymus2,115_59,2,19338.0,18971.0
Mouse_Thymus2,123_71,2,20138.0,20171.0
Mouse_Thymus2,104_23,2,18238.0,15371.0
Mouse_Thymus2,123_60,2,20138.0,19071.0
Mouse_Thymus2,104_25,2,18238.0,15571.0
Mouse_Thymus2,80_53,0,15838.0,18371.0
Mouse_Thymus2,100_57,2,17838.0,18771.0
Mouse_Thymus2,89_30,4,16738.0,16071.0
Mouse_Thymus2,88_13,3,16638.0,14371.0
Mouse_Thymus2,77_10,2,15538.0,14071.0
Mouse_Thymus2,106_54,4,18438.0,18471.0
Mouse_Thymus2,104_27,4,18238.0,15771.0
Mouse_Thymus2,111_48,2,18938.0,17871.0
Mouse_Thymus2,66_21,3,14438.0,15171.0
Mouse_Thymus2,67_6,0,14538.0,13671.0
Mouse_Thymus2,52_16,4,13038.0,14671.0
Mouse_Thymus2,116_54,2,19438.0,18471.0
Mouse_Thymus2,70_36,3,14838.0,16671.0
Mouse_Thymus2,80_6,2,15838.0,13671.0
Mouse_Thymus2,61_14,2,13938.0,14471.0
Mouse_Thymus2,16_48,4,9438.0,17871.0
Mouse_Thymus2,78_20,3,15638.0,15071.0
Mouse_Thymus2,23_40,2,10138.0,17071.0
Mouse_Thymus2,29_32,2,10738.0,16271.0
Mouse_Thymus2,88_23,4,16638.0,15371.0
Mouse_Thymus2,28_42,3,10638.0,17271.0
Mouse_Thymus2,57_19,4,13538.0,14971.0
Mouse_Thymus2,13_44,3,9138.0,17471.0
Mouse_Thymus2,42_21,2,12038.0,15171.0
Mouse_Thymus2,77_29,3,15538.0,15971.0
Mouse_Thymus2,108_27,2,18638.0,15771.0
Mouse_Thymus2,58_35,3,13638.0,16571.0
Mouse_Thymus2,82_16,3,16038.0,14671.0
Mouse_Thymus2,56_18,4,13438.0,14871.0
Mouse_Thymus2,113_60,2,19138.0,19071.0
Mouse_Thymus2,69_33,3,14738.0,16371.0
Mouse_Thymus2,35_28,2,11338.0,15871.0
Mouse_Thymus2,96_34,4,17438.0,16471.0
Mouse_Thymus2,17_53,4,9538.0,18371.0
Mouse_Thymus2,87_33,2,16538.0,16371.0
Mouse_Thymus2,67_28,2,14538.0,15871.0
Mouse_Thymus2,45_18,2,12338.0,14871.0
Mouse_Thymus2,120_68,2,19838.0,19871.0
Mouse_Thymus2,56_20,4,13438.0,15071.0
Mouse_Thymus2,111_43,3,18938.0,17371.0
Mouse_Thymus2,107_33,4,18538.0,16371.0
Mouse_Thymus2,117_48,3,19538.0,17871.0
Mouse_Thymus2,80_19,3,15838.0,14971.0
Mouse_Thymus2,56_14,2,13438.0,14471.0
Mouse_Thymus2,8_41,4,8638.0,17171.0
Mouse_Thymus2,105_25,2,18338.0,15571.0
Mouse_Thymus2,14_43,3,9238.0,17371.0
Mouse_Thymus2,37_24,2,11538.0,15471.0
Mouse_Thymus2,14_40,2,9238.0,17071.0
Mouse_Thymus2,53_37,3,13138.0,16771.0
Mouse_Thymus2,81_6,2,15938.0,13671.0
Mouse_Thymus2,84_28,3,16238.0,15871.0
Mouse_Thymus2,92_57,2,17038.0,18771.0
Mouse_Thymus2,48_41,3,12638.0,17171.0
Mouse_Thymus2,35_27,4,11338.0,15771.0
Mouse_Thymus2,51_23,4,12938.0,15371.0
Mouse_Thymus2,17_38,4,9538.0,16871.0
Mouse_Thymus2,69_15,2,14738.0,14571.0
Mouse_Thymus2,58_33,3,13638.0,16371.0
Mouse_Thymus2,19_45,3,9738.0,17571.0
Mouse_Thymus2,104_52,4,18238.0,18271.0
Mouse_Thymus2,34_42,3,11238.0,17271.0
Mouse_Thymus2,44_28,3,12238.0,15871.0
Mouse_Thymus2,119_47,2,19738.0,17771.0
Mouse_Thymus2,87_9,4,16538.0,13971.0
Mouse_Thymus2,91_37,4,16938.0,16771.0
Mouse_Thymus2,40_28,2,11838.0,15871.0
Mouse_Thymus2,106_47,2,18438.0,17771.0
Mouse_Thymus2,53_18,4,13138.0,14871.0
Mouse_Thymus2,32_31,4,11038.0,16171.0
Mouse_Thymus2,86_36,2,16438.0,16671.0
Mouse_Thymus2,76_10,2,15438.0,14071.0
Mouse_Thymus2,86_11,2,16438.0,14171.0
Mouse_Thymus2,63_11,2,14138.0,14171.0
Mouse_Thymus2,125_67,2,20338.0,19771.0
Mouse_Thymus2,83_39,2,16138.0,16971.0
Mouse_Thymus2,119_53,3,19738.0,18371.0
Mouse_Thymus2,104_51,2,18238.0,18171.0
Mouse_Thymus2,69_31,4,14738.0,16171.0
Mouse_Thymus2,110_35,4,18838.0,16571.0
Mouse_Thymus2,81_14,4,15938.0,14471.0
Mouse_Thymus2,94_12,2,17238.0,14271.0
Mouse_Thymus2,90_30,4,16838.0,16071.0
Mouse_Thymus2,76_17,2,15438.0,14771.0
Mouse_Thymus2,74_23,3,15238.0,15371.0
Mouse_Thymus2,66_8,2,14438.0,13871.0
Mouse_Thymus2,53_30,4,13138.0,16071.0
Mouse_Thymus2,97_6,4,17538.0,13671.0
Mouse_Thymus2,85_19,3,16338.0,14971.0
Mouse_Thymus2,37_34,2,11538.0,16471.0
Mouse_Thymus2,70_15,4,14838.0,14571.0
Mouse_Thymus2,75_6,2,15338.0,13671.0
Mouse_Thymus2,97_9,2,17538.0,13971.0
Mouse_Thymus2,102_60,2,18038.0,19071.0
Mouse_Thymus2,101_56,2,17938.0,18671.0
Mouse_Thymus2,81_0,4,15938.0,13071.0
Mouse_Thymus2,80_37,3,15838.0,16771.0
Mouse_Thymus2,28_36,2,10638.0,16671.0
Mouse_Thymus2,85_53,2,16338.0,18371.0
Mouse_Thymus2,72_3,2,15038.0,13371.0
Mouse_Thymus2,57_32,3,13538.0,16271.0
Mouse_Thymus2,93_56,2,17138.0,18671.0
Mouse_Thymus2,47_45,2,12538.0,17571.0
Mouse_Thymus2,112_62,4,19038.0,19271.0
Mouse_Thymus2,96_12,2,17438.0,14271.0
Mouse_Thymus2,70_34,3,14838.0,16471.0
Mouse_Thymus2,31_31,2,10938.0,16171.0
Mouse_Thymus2,47_41,3,12538.0,17171.0
Mouse_Thymus2,117_65,2,19538.0,19571.0
Mouse_Thymus2,52_20,4,13038.0,15071.0
Mouse_Thymus2,79_44,3,15738.0,17471.0
Mouse_Thymus2,107_29,2,18538.0,15971.0
Mouse_Thymus2,60_18,4,13838.0,14871.0
Mouse_Thymus2,86_39,2,16438.0,16971.0
Mouse_Thymus2,36_31,3,11438.0,16171.0
