section,obs_name,cluster,x,y
Human_Lymph_Node_D1,AACACTTGGCAAGGAA-1,2,47.0,71.0
Human_Lymph_Node_D1,AACAGGATTCATAGTT-1,1,49.0,43.0
Human_Lymph_Node_D1,AACAGGTTATTGCACC-1,1,28.0,86.0
Human_Lymph_Node_D1,AACAGGTTCACCGAAG-1,2,51.0,41.0
Human_Lymph_Node_D1,AACAGTCAGGCTCCGC-1,1,24.0,6.0
Human_Lymph_Node_D1,AACAGTCCACGCGGTG-1,2,12.0,10.0
Human_Lymph_Node_D1,AACATACTCATATGCG-1,3,50.0,6.0
Human_Lymph_Node_D1,AACATAGTCTATCTAC-1,0,58.0,26.0
Human_Lymph_Node_D1,AACATCTAATGACCGG-1,3,67.0,55.0
Human_Lymph_Node_D1,AACATCTTAAGGCTCA-1,1,16.0,8.0
Human_Lymph_Node_D1,AACATGCGCAAGTGAG-1,4,67.0,21.0
Human_Lymph_Node_D1,AACCAAGGTATCAGGC-1,2,38.0,104.0
Human_Lymph_Node_D1,AACCAATCTGGTTGGC-1,1,52.0,18.0
Human_Lymph_Node_D1,AACCACTAACATGATT-1,3,59.0,15.0
Human_Lymph_Node_D1,AACCACTGCCATAGCC-1,1,29.0,49.0
Human_Lymph_Node_D1,AACCAGAATCAGACGT-1,2,59.0,77.0
Human_Lymph_Node_D1,AACCATCGGAAGCGAC-1,4,67.0,19.0
Human_Lymph_Node_D1,AACCGCCAGACTACTT-1,2,39.0,45.0
Human_Lymph_Node_D1,AACCGTGCTTATGTTG-1,0,68.0,72.0
Human_Lymph_Node_D1,AACCTAAGATACTGAG-1,3,54.0,98.0
Human_Lymph_Node_D1,AACCTACAGAGGTAGT-1,3,30.0,108.0
Human_Lymph_Node_D1,AACCTACCTACCGGTT-1,4,10.0,2.0
Human_Lymph_Node_D1,AACCTACTGTAACTCA-1,0,35.0,17.0
Human_Lymph_Node_D1,AACCTGACAGTGCCGC-1,4,14.0,82.0
Human_Lymph_Node_D1,AACCTTAGCGTCCGGT-1,3,64.0,58.0
Human_Lymph_Node_D1,AACGAAGCGTGGAAGT-1,1,21.0,75.0
Human_Lymph_Node_D1,AACGAATTGACCGGTT-1,2,35.0,39.0
Human_Lymph_Node_D1,AACGACATTAAGATGG-1,4,7.0,39.0
Human_Lymph_Node_D1,AACGAGCCTCTTCGGC-1,1,38.0,12.0
Human_Lymph_Node_D1,AACGAGCTAATAACTA-1,0,27.0,101.0
Human_Lymph_Node_D1,AACGCACTGGTGCTCG-1,1,7.0,27.0
Human_Lymph_Node_D1,AACGGCACAGAATATT-1,2,14.0,24.0
Human_Lymph_Node_D1,AACGGTAATCGACCTG-1,3,50.0,4.0
Human_Lymph_Node_D1,AACGTCGCGACAAGGT-1,1,18.0,12.0
Human_Lymph_Node_D1,AACTAGCACTGTTCGA-1,2,24.0,58.0
Human_Lymph_Node_D1,AACTAGCATCACGTAC-1,0,56.0,26.0
Human_Lymph_Node_D1,AACTAGCCTAATAGCA-1,4,7.0,53.0
Human_Lymph_Node_D1,AACTAGCCTTGCAATA-1,2,26.0,56.0
Human_Lymph_Node_D1,AACTAGGCCTGACACC-1,2,41.0,99.0
Human_Lymph_Node_D1,AACTATCGTCATAGTC-1,4,69.0,81.0
Human_Lymph_Node_D1,AACTATCTAGCAGTAT-1,1,14.0,52.0
Human_Lymph_Node_D1,AACTATGCTGCATTCG-1,3,60.0,44.0
Human_Lymph_Node_D1,AACTATGTGCTTGTTA-1,2,49.0,91.0
Human_Lymph_Node_D1,AACTATTCTGCGGCCT-1,2,36.0,110.0
Human_Lymph_Node_D1,AACTCAACCTTGACCA-1,2,39.0,79.0
Human_Lymph_Node_D1,AACTCAACTTGACAGC-1,2,53.0,41.0
Human_Lymph_Node_D1,AACTCACCGAACTTAT-1,1,19.0,71.0
Human_Lymph_Node_D1,AACTCACCTCGGTGTT-1,2,22.0,48.0
Human_Lymph_Node_D1,AACTCACGGAGTACGT-1,3,63.0,77.0
Human_Lymph_Node_D1,AACTCAGATCCATGCC-1,1,19.0,13.0
Human_Lymph_Node_D1,AACTGCAACGTCCTGG-1,2,42.0,100.0
Human_Lymph_Node_D1,AACTGCAATACGGATT-1,4,5.0,55.0
Human_Lymph_Node_D1,AACTGCCGGAGTAACA-1,4,67.0,25.0
Human_Lymph_Node_D1,AACTGCCTCGATAGGT-1,1,37.0,61.0
Human_Lymph_Node_D1,AACTGCGAACCTTACC-1,1,12.0,60.0
Human_Lymph_Node_D1,AACTGCGGTCCGAAGC-1,1,12.0,42.0
Human_Lymph_Node_D1,AACTGCTACCTCGATA-1,2,53.0,97.0
Human_Lymph_Node_D1,AACTTATGATACGTAC-1,3,66.0,26.0
Human_Lymph_Node_D1,AACTTCAAGGATAATC-1,1,60.0,70.0
Human_Lymph_Node_D1,AACTTCACAATAACTG-1,1,15.0,13.0
Human_Lymph_Node_D1,AACTTCAGATACTACC-1,2,51.0,83.0
Human_Lymph_Node_D1,AACTTCATCTTCTGGT-1,1,34.0,8.0
Human_Lymph_Node_D1,AACTTCGCTTAGTCAG-1,2,37.0,77.0
Human_Lymph_Node_D1,AACTTGCAACTTGGAC-1,1,32.0,26.0
Human_Lymph_Node_D1,AACTTGCTCGTAACCG-1,4,5.0,47.0
Human_Lymph_Node_D1,AACTTGGTTACATAAC-1,2,45.0,3.0
Human_Lymph_Node_D1,AAGAATTCTGGCTGCA-1,2,56.0,52.0
Human_Lymph_Node_D1,AAGACAATCTCCTGCA-1,2,60.0,54.0
Human_Lymph_Node_D1,AAGACTAAGGAGATCC-1,2,51.0,27.0
Human_Lymph_Node_D1,AAGACTCAAGGCTCCA-1,2,25.0,101.0
Human_Lymph_Node_D1,AAGACTGTCATAGTGC-1,2,34.0,46.0
Human_Lymph_Node_D1,AAGAGCAGATGTGCCA-1,2,18.0,40.0
Human_Lymph_Node_D1,AAGATAGGCTTGCTTA-1,3,66.0,80.0
Human_Lymph_Node_D1,AAGATATTGGACGTCC-1,0,66.0,74.0
Human_Lymph_Node_D1,AAGATCTGTAACTTGT-1,3,48.0,110.0
Human_Lymph_Node_D1,AAGATGCACTATACTT-1,4,6.0,54.0
Human_Lymph_Node_D1,AAGATGGCCGCTAGTT-1,3,62.0,34.0
Human_Lymph_Node_D1,AAGATTAGGCTGTCTA-1,1,13.0,25.0
Human_Lymph_Node_D1,AAGATTATCTAGCATA-1,3,28.0,70.0
Human_Lymph_Node_D1,AAGATTCTGGTCGCGA-1,0,20.0,0.0
Human_Lymph_Node_D1,AAGCAAGAGCGTGATC-1,1,10.0,20.0
Human_Lymph_Node_D1,AAGCACTCAGGAATGT-1,2,24.0,0.0
Human_Lymph_Node_D1,AAGCAGCGGACACGTG-1,2,39.0,71.0
Human_Lymph_Node_D1,AAGCAGTATCAGAATC-1,1,30.0,14.0
Human_Lymph_Node_D1,AAGCAGTGAGTGCGAC-1,2,46.0,28.0
Human_Lymph_Node_D1,AAGCAGTGGCATCACT-1,2,57.0,73.0
Human_Lymph_Node_D1,AAGCAGTGGCTCATCC-1,3,48.0,4.0
Human_Lymph_Node_D1,AAGCAGTGTAGAATCT-1,1,18.0,70.0
Human_Lymph_Node_D1,AAGCATCAAGCGTGAT-1,2,57.0,31.0
Human_Lymph_Node_D1,AAGCATTGAGTGGTTG-1,1,29.0,25.0
Human_Lymph_Node_D1,AAGCCACCATTCAAGA-1,2,50.0,12.0
Human_Lymph_Node_D1,AAGCCACTATGTCTAA-1,1,28.0,100.0
Human_Lymph_Node_D1,AAGCCAGATATCAGAA-1,3,64.0,26.0
Human_Lymph_Node_D1,AAGCCAGGCCGACGTG-1,3,34.0,60.0
Human_Lymph_Node_D1,AAGCCAGGCTGCTTGA-1,3,67.0,53.0
Human_Lymph_Node_D1,AAGCCAGGTTACGAAC-1,2,49.0,15.0
Human_Lymph_Node_D1,AAGCCATCCGTGCTAT-1,1,47.0,27.0
Human_Lymph_Node_D1,AAGCCATCGCGATATG-1,2,56.0,16.0
Human_Lymph_Node_D1,AAGCCATTATCTGCCA-1,1,52.0,32.0
Human_Lymph_Node_D1,AAGCGAGGAAGTGAAC-1,0,27.0,111.0
Human_Lymph_Node_D1,AAGCGTTCGTCTGTCC-1,1,16.0,66.0
Human_Lymph_Node_D1,AAGGACCAACATGGCT-1,1,10.0,42.0
Human_Lymph_Node_D1,AAGGAGGCACTCAATT-1,1,20.0,72.0
Human_Lymph_Node_D1,AAGGAGTGGCTACCAA-1,4,69.0,35.0
Human_Lymph_Node_D1,AAGGCAGTCTGATCAC-1,2,45.0,97.0
Human_Lymph_Node_D1,AAGGCATGAACAGCTC-1,1,15.0,55.0
Human_Lymph_Node_D1,AAGGCCAATTCAATAA-1,2,60.0,98.0
Human_Lymph_Node_D1,AAGGCCAGCAATCGCC-1,1,23.0,1.0
Human_Lymph_Node_D1,AAGGCCAGTCGCAATT-1,2,34.0,16.0
Human_Lymph_Node_D1,AAGGCCGACCTACCTG-1,2,45.0,73.0
Human_Lymph_Node_D1,AAGGCCGACTATGTAA-1,1,27.0,17.0
Human_Lymph_Node_D1,AAGGCCGATTCTGAGC-1,3,48.0,88.0
Human_Lymph_Node_D1,AAGGCGAACTAGTAGA-1,2,34.0,34.0
Human_Lymph_Node_D1,AAGGCGACGGTGTCGG-1,2,59.0,51.0
Human_Lymph_Node_D1,AAGGCGAGGTTCATGT-1,1,20.0,86.0
Human_Lymph_Node_D1,AAGGCGCCGACAATCT-1,0,70.0,48.0
Human_Lymph_Node_D1,AAGGTGGATATGATCG-1,2,50.0,20.0
Human_Lymph_Node_D1,AAGGTTGCTGAGTTGA-1,1,14.0,44.0
Human_Lymph_Node_D1,AAGTACTAAGGTTACG-1,2,62.0,54.0
Human_Lymph_Node_D1,AAGTACTACAGTAGAA-1,4,20.0,102.0
Human_Lymph_Node_D1,AAGTACTGGATGCGCA-1,1,50.0,70.0
Human_Lymph_Node_D1,AAGTCGCTATCCTGTC-1,2,28.0,28.0
Human_Lymph_Node_D1,AAGTCGGACACTTCAG-1,1,28.0,24.0
Human_Lymph_Node_D1,AAGTCTACCGGTTGGA-1,4,18.0,72.0
Human_Lymph_Node_D1,AAGTCTGTCAATTCTT-1,2,25.0,45.0
Human_Lymph_Node_D1,AAGTCTTAAGTTGCCA-1,3,33.0,61.0
Human_Lymph_Node_D1,AAGTGAGCCTGTTACA-1,3,58.0,94.0
Human_Lymph_Node_D1,AAGTGGACGAATCTAC-1,4,16.0,90.0
Human_Lymph_Node_D1,AAGTGGCGAAGTTAAT-1,2,41.0,83.0
Human_Lymph_Node_D1,AAGTGGCGAGTGTACA-1,2,23.0,75.0
Human_Lymph_Node_D1,AAGTGGTTCCTCGCGT-1,2,15.0,59.0
Human_Lymph_Node_D1,AAGTTAAGCACTATAA-1,1,34.0,28.0
Human_Lymph_Node_D1,AAGTTACTATTACATC-1,2,55.0,45.0
Human_Lymph_Node_D1,AAGTTCCTATTGCTGG-1,2,28.0,50.0
Human_Lymph_Node_D1,AATAACATGTGCTATG-1,1,50.0,38.0
Human_Lymph_Node_D1,AATAACATGTTACGTC-1,1,52.0,74.0
Human_Lymph_Node_D1,AATAACGTAACTGTGA-1,1,30.0,58.0
Human_Lymph_Node_D1,AATAACGTATTGAACA-1,3,68.0,42.0
Human_Lymph_Node_D1,AATAACTCTAATACAG-1,4,5.0,51.0
Human_Lymph_Node_D1,AATAACTCTACGATGT-1,2,18.0,56.0
Human_Lymph_Node_D1,AATAACTTCATACGGA-1,3,51.0,111.0
Human_Lymph_Node_D1,AATACGAGAACACTCG-1,4,35.0,117.0
Human_Lymph_Node_D1,AATACGCATATCCAGA-1,1,13.0,13.0
Human_Lymph_Node_D1,AATACGGTACGGCCTA-1,1,15.0,57.0
Human_Lymph_Node_D1,AATACGTAGACAGTTA-1,2,56.0,80.0
Human_Lymph_Node_D1,AATACTAACCACTTAT-1,1,48.0,24.0
Human_Lymph_Node_D1,AATAGATAGCCTAACC-1,1,28.0,30.0
Human_Lymph_Node_D1,AATAGCACGGAAGCGA-1,3,65.0,39.0
Human_Lymph_Node_D1,AATAGTATAGTTGTCG-1,2,40.0,74.0
Human_Lymph_Node_D1,AATAGTCGTTATCTAG-1,2,46.0,16.0
Human_Lymph_Node_D1,AATAGTGCTCATAGAA-1,2,29.0,79.0
Human_Lymph_Node_D1,AATAGTGGAAGAGCAT-1,0,55.0,61.0
Human_Lymph_Node_D1,AATAGTTGGTGCTCAG-1,2,35.0,85.0
Human_Lymph_Node_D1,AATATTAGGCTTCTGG-1,2,25.0,51.0
Human_Lymph_Node_D1,AATCCGCCGACCTGAG-1,2,60.0,58.0
Human_Lymph_Node_D1,AATCCGCCTGGTCAAT-1,2,33.0,47.0
Human_Lymph_Node_D1,AATCCGGAGCTTGTCT-1,1,31.0,11.0
Human_Lymph_Node_D1,AATCCTCGTCACAGGC-1,1,33.0,3.0
Human_Lymph_Node_D1,AATCGAACGGACGGAG-1,3,58.0,42.0
Human_Lymph_Node_D1,AATCGACTATCGCTAG-1,3,65.0,37.0
Human_Lymph_Node_D1,AATCTATCTAACCGAG-1,1,9.0,21.0
Human_Lymph_Node_D1,AATCTGCGAGACGTTC-1,1,17.0,9.0
Human_Lymph_Node_D1,AATCTGCGTTCCTTAC-1,1,22.0,2.0
Human_Lymph_Node_D1,AATCTTAGCCTCTGTC-1,3,66.0,56.0
Human_Lymph_Node_D1,AATGAACTACGTCCAG-1,3,61.0,23.0
Human_Lymph_Node_D1,AATGAAGACGGTTCAG-1,2,37.0,65.0
Human_Lymph_Node_D1,AATGAATCGGAAGGCA-1,2,46.0,90.0
Human_Lymph_Node_D1,AATGATCTTGACAGCG-1,0,42.0,116.0
Human_Lymph_Node_D1,AATGATTACAACCTAA-1,2,43.0,89.0
Human_Lymph_Node_D1,AATGCAATCACTGTCG-1,1,19.0,61.0
Human_Lymph_Node_D1,AATGCCGACGAGCAAC-1,3,65.0,77.0
Human_Lymph_Node_D1,AATGCCGCGATTGAGC-1,4,52.0,0.0
Human_Lymph_Node_D1,AATGCGAACCTCGCGT-1,0,46.0,0.0
Human_Lymph_Node_D1,AATGGACATCCTACTC-1,2,41.0,59.0
Human_Lymph_Node_D1,AATGGAGGACCTGGTG-1,2,41.0,105.0
Human_Lymph_Node_D1,AATGGCATAGTATCAT-1,1,31.0,71.0
Human_Lymph_Node_D1,AATGGTCGATACTCGG-1,1,10.0,52.0
Human_Lymph_Node_D1,AATGGTCTCGAGCGCT-1,1,26.0,8.0
Human_Lymph_Node_D1,AATGGTGCGTCCTAAC-1,2,32.0,108.0
Human_Lymph_Node_D1,AATGGTTATTCTAGCT-1,1,20.0,20.0
Human_Lymph_Node_D1,AATGTACTTAACATCA-1,3,60.0,86.0
Human_Lymph_Node_D1,AATGTAGTCTTACGAG-1,2,44.0,24.0
Human_Lymph_Node_D1,AATGTCAGGTCATTAC-1,2,30.0,78.0
Human_Lymph_Node_D1,AATTAGCAACCGTTCC-1,2,11.0,43.0
Human_Lymph_Node_D1,AATTAGCTTAGGTGTA-1,4,13.0,69.0
Human_Lymph_Node_D1,AATTATACCTCAATGA-1,4,72.0,46.0
Human_Lymph_Node_D1,AATTCTCAGACGCAAC-1,1,17.0,55.0
Human_Lymph_Node_D1,AATTCTCGCACCAGTA-1,1,27.0,89.0
Human_Lymph_Node_D1,AATTCTTGGATACGGA-1,2,59.0,53.0
Human_Lymph_Node_D1,AATTGCATTGAAGAAT-1,1,46.0,54.0
Human_Lymph_Node_D1,AATTGCGGTGCTAATA-1,1,26.0,24.0
Human_Lymph_Node_D1,AATTGCGTCAGACACT-1,1,24.0,22.0
Human_Lymph_Node_D1,AATTGGACGGCATCGT-1,2,22.0,34.0
Human_Lymph_Node_D1,AATTGGAGACATGGAG-1,1,17.0,43.0
Human_Lymph_Node_D1,AATTGGCTTGAGTTGC-1,3,53.0,53.0
Human_Lymph_Node_D1,AATTGGTTATGATACA-1,1,48.0,70.0
Human_Lymph_Node_D1,AATTGTAGAATCCTAG-1,2,60.0,56.0
Human_Lymph_Node_D1,ACAACCTTGGTGTCAA-1,4,8.0,56.0
Human_Lymph_Node_D1,ACAACGCCGATAGTAT-1,1,29.0,21.0
Human_Lymph_Node_D1,ACAACGTGAATTCACG-1,1,15.0,5.0
Human_Lymph_Node_D1,ACAACGTGGAGCTACT-1,3,65.0,81.0
Human_Lymph_Node_D1,ACAACTAAGGTGTTAT-1,1,25.0,47.0
Human_Lymph_Node_D1,ACAACTAAGTGGCGCT-1,3,52.0,104.0
Human_Lymph_Node_D1,ACAACTGTCGTGGATA-1,2,44.0,108.0
Human_Lymph_Node_D1,ACAATACACTTCCATC-1,1,13.0,27.0
Human_Lymph_Node_D1,ACAATACAGGCGCCGT-1,2,43.0,101.0
Human_Lymph_Node_D1,ACAATACGCCTTATTC-1,0,26.0,102.0
Human_Lymph_Node_D1,ACAATTGGTCGCGTAA-1,2,49.0,93.0
Human_Lymph_Node_D1,ACAGAATAAGAACCAT-1,3,54.0,100.0
Human_Lymph_Node_D1,ACAGAATAAGATAGTG-1,2,58.0,80.0
Human_Lymph_Node_D1,ACAGAATCCGTTGCTT-1,1,41.0,93.0
Human_Lymph_Node_D1,ACAGAATCTTGATAAG-1,2,52.0,58.0
Human_Lymph_Node_D1,ACAGAATGTCTTATTG-1,2,40.0,90.0
Human_Lymph_Node_D1,ACAGAATGTTGAGTCC-1,3,62.0,36.0
Human_Lymph_Node_D1,ACAGATCTGAAGTATC-1,1,31.0,1.0
Human_Lymph_Node_D1,ACAGCCAGGCATAAGC-1,1,20.0,76.0
Human_Lymph_Node_D1,ACAGGAACTACAGAAC-1,2,36.0,54.0
Human_Lymph_Node_D1,ACAGGACTGAGCCGAT-1,4,57.0,65.0
Human_Lymph_Node_D1,ACAGGATACCGGATTC-1,1,33.0,9.0
Human_Lymph_Node_D1,ACAGGCACGCGAGGAT-1,1,33.0,7.0
Human_Lymph_Node_D1,ACAGGCATTGAACCAT-1,4,9.0,63.0
Human_Lymph_Node_D1,ACAGGTTCAGTGAACG-1,2,43.0,49.0
Human_Lymph_Node_D1,ACAGTACGCACTACCT-1,2,44.0,10.0
Human_Lymph_Node_D1,ACATAAGCAATGCGGT-1,2,18.0,86.0
Human_Lymph_Node_D1,ACATCGCCACAAGAGG-1,1,18.0,58.0
Human_Lymph_Node_D1,ACATCGGCTTACAAGG-1,2,57.0,39.0
Human_Lymph_Node_D1,ACATCGTAGACAGGTT-1,1,36.0,20.0
Human_Lymph_Node_D1,ACATCGTCGGTCTACC-1,2,59.0,79.0
Human_Lymph_Node_D1,ACATCTATCCGAACCA-1,3,66.0,40.0
Human_Lymph_Node_D1,ACATCTCGACAACCAC-1,3,59.0,89.0
Human_Lymph_Node_D1,ACATCTCGCATAGAAT-1,4,7.0,51.0
Human_Lymph_Node_D1,ACATGGATGCGTAAGC-1,3,46.0,84.0
Human_Lymph_Node_D1,ACATGTTCCAGGACGT-1,2,55.0,55.0
Human_Lymph_Node_D1,ACATGTTGCTTGATCT-1,1,49.0,19.0
Human_Lymph_Node_D1,ACATTCCTGAGTTCCG-1,3,65.0,43.0
Human_Lymph_Node_D1,ACATTGAAGGCGGTGC-1,2,23.0,23.0
Human_Lymph_Node_D1,ACATTGAATACGCATA-1,3,63.0,45.0
Human_Lymph_Node_D1,ACATTGCAGTTCGGCA-1,3,68.0,40.0
Human_Lymph_Node_D1,ACATTGGTTCACAGTG-1,2,38.0,98.0
Human_Lymph_Node_D1,ACATTGGTTCTGCCGT-1,2,48.0,8.0
Human_Lymph_Node_D1,ACATTGTACATTCTTG-1,2,49.0,55.0
Human_Lymph_Node_D1,ACCAAGCACTTGCGCA-1,1,17.0,77.0
Human_Lymph_Node_D1,ACCAAGTGATGGTGAG-1,1,23.0,49.0
Human_Lymph_Node_D1,ACCAAGTGGCTGTATG-1,1,30.0,64.0
Human_Lymph_Node_D1,ACCAATGAGCCTCATC-1,1,58.0,70.0
Human_Lymph_Node_D1,ACCACGGATCCGGATA-1,4,71.0,37.0
Human_Lymph_Node_D1,ACCACGGCCTCGCACC-1,2,40.0,108.0
Human_Lymph_Node_D1,ACCAGTATGAAGTTCC-1,2,27.0,59.0
Human_Lymph_Node_D1,ACCATAACTCCTCGTA-1,4,15.0,79.0
Human_Lymph_Node_D1,ACCATCCGTTCGAGTG-1,3,65.0,35.0
Human_Lymph_Node_D1,ACCATTAGATCGTGGC-1,2,37.0,97.0
Human_Lymph_Node_D1,ACCGAAGATGTCGGCA-1,0,55.0,105.0
Human_Lymph_Node_D1,ACCGAAGCCGAATTAA-1,2,51.0,71.0
Human_Lymph_Node_D1,ACCGAGGTGATACCGA-1,2,52.0,20.0
Human_Lymph_Node_D1,ACCGGACGCCAAGCGT-1,1,19.0,41.0
Human_Lymph_Node_D1,ACCGGCACCATACTGC-1,1,27.0,47.0
Human_Lymph_Node_D1,ACCGGCACGTACGAAC-1,3,58.0,92.0
Human_Lymph_Node_D1,ACCGGCCTCAGGAGTT-1,2,34.0,110.0
Human_Lymph_Node_D1,ACCGGCTATCGTGCGG-1,2,24.0,86.0
Human_Lymph_Node_D1,ACCGTACACGACCGTC-1,2,28.0,74.0
Human_Lymph_Node_D1,ACCGTACTATCGGAGG-1,2,53.0,87.0
Human_Lymph_Node_D1,ACCGTAGGCGGAGGTT-1,4,14.0,66.0
Human_Lymph_Node_D1,ACCTAATGTTACCAAT-1,3,59.0,97.0
Human_Lymph_Node_D1,ACCTAATTGTCGCTGA-1,1,46.0,34.0
Human_Lymph_Node_D1,ACCTATAACGAACTAC-1,2,48.0,94.0
Human_Lymph_Node_D1,ACCTATGCTACCGGAT-1,1,45.0,13.0
Human_Lymph_Node_D1,ACCTCCACAGCTACGT-1,1,8.0,26.0
Human_Lymph_Node_D1,ACCTCCTAGAGGCATG-1,1,23.0,29.0
Human_Lymph_Node_D1,ACCTGCACTAGATGGC-1,4,5.0,31.0
Human_Lymph_Node_D1,ACCTGCCACTATCAAT-1,3,29.0,107.0
Human_Lymph_Node_D1,ACCTGCTTATAGTTCG-1,2,20.0,54.0
Human_Lymph_Node_D1,ACCTGCTTCCACATTG-1,2,25.0,1.0
Human_Lymph_Node_D1,ACCTGCTTGAGCCTGG-1,1,29.0,99.0
Human_Lymph_Node_D1,ACCTGCTTGCTACGAC-1,1,56.0,72.0
Human_Lymph_Node_D1,ACCTGTGGTCACCTCG-1,2,35.0,53.0
Human_Lymph_Node_D1,ACCTTCGGTGCTACGA-1,1,30.0,2.0
Human_Lymph_Node_D1,ACGAACATAGGATCGG-1,4,10.0,76.0
Human_Lymph_Node_D1,ACGAACGCACGAGCAC-1,1,38.0,94.0
Human_Lymph_Node_D1,ACGAAGCTCATCCTCG-1,2,13.0,59.0
Human_Lymph_Node_D1,ACGACAAGCACTTCAC-1,2,57.0,41.0
Human_Lymph_Node_D1,ACGACTGAAGACTTAC-1,2,32.0,48.0
Human_Lymph_Node_D1,ACGAGGACCTGCTAGT-1,2,43.0,111.0
Human_Lymph_Node_D1,ACGAGTGCGTGCGTTC-1,3,62.0,40.0
Human_Lymph_Node_D1,ACGATGACTATTAGAT-1,1,39.0,99.0
Human_Lymph_Node_D1,ACGATGCGAAGGAGCA-1,2,54.0,94.0
Human_Lymph_Node_D1,ACGATGCTCCAATACA-1,2,37.0,35.0
Human_Lymph_Node_D1,ACGATGTCGCACAATC-1,1,57.0,75.0
Human_Lymph_Node_D1,ACGATGTCGTTGCCAA-1,2,50.0,92.0
Human_Lymph_Node_D1,ACGATGTTACCTCATT-1,2,47.0,55.0
Human_Lymph_Node_D1,ACGCAACGAAGAGTAT-1,1,18.0,52.0
Human_Lymph_Node_D1,ACGCAACGTGTAATTG-1,1,36.0,2.0
Human_Lymph_Node_D1,ACGCAAGGCATAAGTC-1,1,21.0,27.0
Human_Lymph_Node_D1,ACGCAATAGTATACGA-1,1,14.0,50.0
Human_Lymph_Node_D1,ACGCACATTGTAAGTA-1,2,50.0,14.0
Human_Lymph_Node_D1,ACGCCGGCATCACTGG-1,1,32.0,90.0
Human_Lymph_Node_D1,ACGCGGAAGAGTTCCG-1,1,47.0,25.0
Human_Lymph_Node_D1,ACGCGTAGACTCAACT-1,4,8.0,58.0
Human_Lymph_Node_D1,ACGCGTCGGTGAGGTT-1,2,44.0,50.0
Human_Lymph_Node_D1,ACGCGTTCCAGCCTTC-1,1,16.0,16.0
Human_Lymph_Node_D1,ACGCGTTCGCGATCAT-1,1,22.0,6.0
Human_Lymph_Node_D1,ACGCTCAGTGCTATTC-1,2,45.0,25.0
Human_Lymph_Node_D1,ACGCTGCGATTAACGA-1,2,42.0,42.0
Human_Lymph_Node_D1,ACGGCCGGAACGCTAG-1,1,28.0,2.0
Human_Lymph_Node_D1,ACGGCCGTCAACGTAT-1,1,56.0,74.0
Human_Lymph_Node_D1,ACGGCCGTGACATTAA-1,2,66.0,66.0
Human_Lymph_Node_D1,ACGGCCTGGCTAAGTT-1,4,6.0,36.0
Human_Lymph_Node_D1,ACGGCCTTGCCAGAAC-1,3,42.0,114.0
Human_Lymph_Node_D1,ACGGCTATGGCATACC-1,2,56.0,54.0
Human_Lymph_Node_D1,ACGGCTTAACGATAGT-1,1,16.0,60.0
Human_Lymph_Node_D1,ACGGCTTACGTATGCC-1,4,16.0,74.0
Human_Lymph_Node_D1,ACGGCTTATTGGTATG-1,2,47.0,17.0
Human_Lymph_Node_D1,ACGGCTTCAGGTACCG-1,1,19.0,25.0
Human_Lymph_Node_D1,ACGGCTTCCATCGGAA-1,1,26.0,68.0
Human_Lymph_Node_D1,ACGGCTTGTTCAATCG-1,1,23.0,73.0
Human_Lymph_Node_D1,ACGGTCGGACAGGCGA-1,3,69.0,59.0
Human_Lymph_Node_D1,ACGGTGATAATGTTAC-1,1,31.0,7.0
Human_Lymph_Node_D1,ACGGTGTACGGTGCCA-1,2,24.0,26.0
Human_Lymph_Node_D1,ACGGTTACATCCGAAG-1,2,18.0,62.0
Human_Lymph_Node_D1,ACGGTTCACCTTCCGG-1,1,21.0,41.0
Human_Lymph_Node_D1,ACGGTTCGCAAGTAAC-1,2,60.0,48.0
Human_Lymph_Node_D1,ACGGTTCGTACAGTTG-1,2,35.0,47.0
Human_Lymph_Node_D1,ACGGTTCGTCCGACCG-1,1,19.0,67.0
Human_Lymph_Node_D1,ACGTCAGATTACTTCG-1,0,23.0,107.0
Human_Lymph_Node_D1,ACGTGCAATTATTCGG-1,2,36.0,16.0
Human_Lymph_Node_D1,ACGTTAATACAATGAC-1,2,46.0,48.0
Human_Lymph_Node_D1,ACGTTCACATGATCTG-1,4,46.0,116.0
Human_Lymph_Node_D1,ACGTTCACGACTAGGT-1,2,47.0,81.0
Human_Lymph_Node_D1,ACGTTCCATTACCTCA-1,4,17.0,97.0
Human_Lymph_Node_D1,ACGTTCGTCCGCCTAT-1,3,63.0,39.0
Human_Lymph_Node_D1,ACGTTCTATGCACGAC-1,2,29.0,39.0
Human_Lymph_Node_D1,ACGTTCTGCCATAATC-1,2,54.0,82.0
Human_Lymph_Node_D1,ACTAATAGTCAACATA-1,1,14.0,36.0
Human_Lymph_Node_D1,ACTAATCGGCCACCGA-1,2,38.0,2.0
Human_Lymph_Node_D1,ACTACAATGACCGTAA-1,1,12.0,18.0
Human_Lymph_Node_D1,ACTACGTCTAATGGCC-1,0,18.0,0.0
Human_Lymph_Node_D1,ACTAGATCTGAAGCGG-1,1,22.0,54.0
Human_Lymph_Node_D1,ACTATGAGGTTCTGTC-1,4,18.0,98.0
Human_Lymph_Node_D1,ACTATTACCAGGTGCT-1,3,67.0,71.0
Human_Lymph_Node_D1,ACTATTAGACAGGCTG-1,1,25.0,83.0
Human_Lymph_Node_D1,ACTATTGCGAGCTAGA-1,4,10.0,62.0
Human_Lymph_Node_D1,ACTCAGCTCGAGTGTC-1,1,25.0,19.0
Human_Lymph_Node_D1,ACTCAGCTTCTGAGAC-1,1,30.0,10.0
Human_Lymph_Node_D1,ACTCAGGCCTGCAACT-1,2,46.0,74.0
Human_Lymph_Node_D1,ACTCAGTGAGCCTCCA-1,1,45.0,57.0
Human_Lymph_Node_D1,ACTCCAGGCCGAAGAC-1,1,24.0,88.0
Human_Lymph_Node_D1,ACTCCAGTAGCTCCAG-1,4,29.0,113.0
Human_Lymph_Node_D1,ACTCCTATGTTCCTAC-1,1,53.0,19.0
Human_Lymph_Node_D1,ACTCGAACGTTCGTTA-1,1,15.0,21.0
Human_Lymph_Node_D1,ACTCGAGTCCAAGTTG-1,0,59.0,11.0
Human_Lymph_Node_D1,ACTCGATAAGACCAGG-1,1,11.0,29.0
Human_Lymph_Node_D1,ACTCGATTGATATCCA-1,1,22.0,68.0
Human_Lymph_Node_D1,ACTCGTATTGTCAGAA-1,2,52.0,68.0
Human_Lymph_Node_D1,ACTCTAAGCTTGCGCC-1,2,34.0,90.0
Human_Lymph_Node_D1,ACTCTACTTCCGCATT-1,2,37.0,45.0
Human_Lymph_Node_D1,ACTCTTGCGGAGAACC-1,1,62.0,72.0
Human_Lymph_Node_D1,ACTGACGGCGAATAGT-1,1,46.0,36.0
Human_Lymph_Node_D1,ACTGACGTGATATTGG-1,2,49.0,95.0
Human_Lymph_Node_D1,ACTGACTCTGCTGGCC-1,1,18.0,14.0
Human_Lymph_Node_D1,ACTGACTGTCATCTAC-1,1,55.0,29.0
Human_Lymph_Node_D1,ACTGAGACCTTAGCAC-1,3,68.0,30.0
Human_Lymph_Node_D1,ACTGAGCGCAACTCAT-1,2,59.0,47.0
Human_Lymph_Node_D1,ACTGATACTCCATTAC-1,4,7.0,57.0
Human_Lymph_Node_D1,ACTGATGTCCACTCGC-1,4,5.0,45.0
Human_Lymph_Node_D1,ACTGCAAGGCTTCTCG-1,1,9.0,9.0
Human_Lymph_Node_D1,ACTGCCGTTGGTGAGC-1,0,45.0,1.0
Human_Lymph_Node_D1,ACTGGTAAGGCCTCAG-1,3,66.0,38.0
Human_Lymph_Node_D1,ACTGGTGATTCCGATC-1,2,23.0,19.0
Human_Lymph_Node_D1,ACTGGTTCTGAACGAT-1,2,25.0,27.0
Human_Lymph_Node_D1,ACTGTACAATTCTACT-1,1,19.0,31.0
Human_Lymph_Node_D1,ACTGTACATCCGATAC-1,1,38.0,8.0
Human_Lymph_Node_D1,ACTGTAGACAAGGAAT-1,2,28.0,22.0
Human_Lymph_Node_D1,ACTGTAGAGTGCCGGC-1,1,10.0,12.0
Human_Lymph_Node_D1,ACTGTAGCAGCTTCTG-1,1,13.0,37.0
Human_Lymph_Node_D1,ACTGTATTCTAGTCCA-1,4,13.0,83.0
Human_Lymph_Node_D1,ACTTAAGCCAGTAGGA-1,2,62.0,56.0
Human_Lymph_Node_D1,ACTTGAAGCGAGCGGT-1,2,45.0,75.0
Human_Lymph_Node_D1,ACTTGAATGTATTGGA-1,4,6.0,32.0
Human_Lymph_Node_D1,ACTTGAATTAACTTAG-1,1,32.0,2.0
Human_Lymph_Node_D1,ACTTGAATTAGCCGGT-1,1,17.0,5.0
Human_Lymph_Node_D1,ACTTGAGCCGTTCTTA-1,2,51.0,49.0
Human_Lymph_Node_D1,AGAACAGGAGCATGGA-1,1,27.0,81.0
Human_Lymph_Node_D1,AGAACTTCGATGCGTA-1,2,32.0,94.0
Human_Lymph_Node_D1,AGAAGCAGCCTAAGCT-1,2,38.0,72.0
Human_Lymph_Node_D1,AGAAGCTTGCCTCCGC-1,1,21.0,1.0
Human_Lymph_Node_D1,AGAAGGATGGTATGAA-1,1,23.0,87.0
Human_Lymph_Node_D1,AGAAGGCGTAGAATAG-1,1,55.0,39.0
Human_Lymph_Node_D1,AGAAGTTAACCAGAGC-1,3,21.0,95.0
Human_Lymph_Node_D1,AGAAGTTGAGCGCAAG-1,2,20.0,64.0
Human_Lymph_Node_D1,AGAATTCTGTTGACAA-1,1,16.0,32.0
Human_Lymph_Node_D1,AGACAAGACGTATCGC-1,2,28.0,96.0
Human_Lymph_Node_D1,AGACATCTTAGCACCT-1,2,56.0,78.0
Human_Lymph_Node_D1,AGACCGAACCGATGTC-1,2,42.0,4.0
Human_Lymph_Node_D1,AGACCGACCGCAGACA-1,2,41.0,71.0
Human_Lymph_Node_D1,AGACCGCCGGCCAATG-1,1,53.0,49.0
Human_Lymph_Node_D1,AGACCGGACTGTCCAT-1,4,63.0,91.0
Human_Lymph_Node_D1,AGACCGGAGCAACGCT-1,3,62.0,48.0
Human_Lymph_Node_D1,AGACCGGTATCCGTGG-1,4,63.0,95.0
Human_Lymph_Node_D1,AGACCGTCATTAGTTA-1,2,29.0,41.0
Human_Lymph_Node_D1,AGACCTATCCTTATAG-1,1,51.0,31.0
Human_Lymph_Node_D1,AGACCTCAGCGAGGTG-1,1,47.0,13.0
Human_Lymph_Node_D1,AGACCTGATAACAGTG-1,4,3.0,33.0
Human_Lymph_Node_D1,AGACCTTCGCGTGAAC-1,2,58.0,32.0
Human_Lymph_Node_D1,AGACGCGTGATGCATC-1,4,19.0,99.0
Human_Lymph_Node_D1,AGACGGCCTTACGGAG-1,2,40.0,54.0
Human_Lymph_Node_D1,AGACGTAGGCGGACCG-1,2,36.0,102.0
Human_Lymph_Node_D1,AGACGTGGCGTTGAGT-1,1,34.0,38.0
Human_Lymph_Node_D1,AGACTCAGACAGATAA-1,2,45.0,11.0
Human_Lymph_Node_D1,AGACTCATGACCTGGC-1,2,38.0,44.0
Human_Lymph_Node_D1,AGACTCATTGCGGACA-1,1,42.0,68.0
Human_Lymph_Node_D1,AGACTCCGCTTCGTAT-1,0,38.0,116.0
Human_Lymph_Node_D1,AGACTCCTGTATGGCG-1,1,47.0,63.0
Human_Lymph_Node_D1,AGACTCCTTATCATAC-1,1,12.0,16.0
Human_Lymph_Node_D1,AGACTCGACTCCTAAT-1,4,11.0,79.0
Human_Lymph_Node_D1,AGACTGGTAAGGAGGT-1,3,57.0,87.0
Human_Lymph_Node_D1,AGATAACCAATACGCC-1,3,61.0,81.0
Human_Lymph_Node_D1,AGATAAGCCACTCATA-1,1,49.0,69.0
Human_Lymph_Node_D1,AGATACAAGGATGGTG-1,4,64.0,18.0
Human_Lymph_Node_D1,AGATCAACTCGCTATG-1,3,52.0,4.0
Human_Lymph_Node_D1,AGATCAGTCGATAGAA-1,2,49.0,53.0
Human_Lymph_Node_D1,AGATCATTCACGCTGT-1,0,69.0,51.0
Human_Lymph_Node_D1,AGATCTCCGCCTTATT-1,0,45.0,31.0
Human_Lymph_Node_D1,AGATGAGGCGCCTCCA-1,4,9.0,59.0
Human_Lymph_Node_D1,AGATGCACGTAGGTGC-1,4,71.0,45.0
Human_Lymph_Node_D1,AGATGCTCCGTCATCT-1,1,30.0,88.0
Human_Lymph_Node_D1,AGATTGAGTTAGGAAC-1,1,32.0,84.0
Human_Lymph_Node_D1,AGATTGCGCCTCGCTC-1,2,30.0,38.0
Human_Lymph_Node_D1,AGCACGAGATAACGGT-1,2,33.0,111.0
Human_Lymph_Node_D1,AGCACGATACCTAAGC-1,3,11.0,49.0
Human_Lymph_Node_D1,AGCACGCTCGATCTAA-1,2,36.0,42.0
Human_Lymph_Node_D1,AGCACGGAGGCAGTCA-1,1,17.0,67.0
Human_Lymph_Node_D1,AGCACGTGCACTGTAA-1,1,32.0,4.0
Human_Lymph_Node_D1,AGCACTCATACAGAAC-1,3,62.0,38.0
Human_Lymph_Node_D1,AGCAGGTAAGTATCTG-1,1,16.0,50.0
Human_Lymph_Node_D1,AGCAGGTATGCCATTG-1,3,57.0,17.0
Human_Lymph_Node_D1,AGCAGGTGCAATGGTT-1,0,63.0,85.0
Human_Lymph_Node_D1,AGCATAATTCCAGATA-1,4,8.0,38.0
Human_Lymph_Node_D1,AGCATGAGCGAATATT-1,2,56.0,44.0
Human_Lymph_Node_D1,AGCATGCACCGCGTCA-1,2,44.0,38.0
Human_Lymph_Node_D1,AGCATTAGACGGATTG-1,4,8.0,46.0
Human_Lymph_Node_D1,AGCCAGATACTCGAAC-1,4,15.0,89.0
Human_Lymph_Node_D1,AGCCAGATCAAGATTC-1,4,4.0,48.0
Human_Lymph_Node_D1,AGCCAGCGGCAAGCGT-1,2,45.0,105.0
Human_Lymph_Node_D1,AGCCGATGTTCTACTC-1,2,55.0,93.0
Human_Lymph_Node_D1,AGCCGGCCTATTCCAG-1,2,46.0,62.0
Human_Lymph_Node_D1,AGCCGTAGTGGAGTGC-1,1,59.0,61.0
Human_Lymph_Node_D1,AGCCGTATCTTCGTCT-1,2,21.0,53.0
Human_Lymph_Node_D1,AGCCGTATTCAACCGT-1,2,47.0,105.0
Human_Lymph_Node_D1,AGCCGTTGCATCCTAG-1,1,19.0,5.0
Human_Lymph_Node_D1,AGCCTCCGAACTACCA-1,1,24.0,64.0
Human_Lymph_Node_D1,AGCCTCGCATGGTCCT-1,3,50.0,102.0
Human_Lymph_Node_D1,AGCCTCTGTTCCGATG-1,4,6.0,10.0
Human_Lymph_Node_D1,AGCGACTATGTATCTT-1,3,65.0,41.0
Human_Lymph_Node_D1,AGCGAGAACAGATTCT-1,3,33.0,59.0
Human_Lymph_Node_D1,AGCGAGGAACTGGTCC-1,2,51.0,37.0
Human_Lymph_Node_D1,AGCGCATCGTGGTCGA-1,4,69.0,79.0
Human_Lymph_Node_D1,AGCGGAATGTCGCTGT-1,2,30.0,34.0
Human_Lymph_Node_D1,AGCGGCGAATAATCTT-1,0,65.0,23.0
Human_Lymph_Node_D1,AGCGGTACGCCGAGAA-1,2,34.0,30.0
Human_Lymph_Node_D1,AGCGGTGAGTGACATG-1,1,44.0,66.0
Human_Lymph_Node_D1,AGCGGTGCAGGCATCT-1,1,42.0,28.0
Human_Lymph_Node_D1,AGCGGTTAATCGAAGT-1,4,11.0,77.0
Human_Lymph_Node_D1,AGCGGTTACAATACGC-1,3,44.0,114.0
Human_Lymph_Node_D1,AGCGGTTAGACTCGCC-1,2,52.0,36.0
Human_Lymph_Node_D1,AGCGTGCCTGTATGCC-1,1,10.0,8.0
Human_Lymph_Node_D1,AGCGTGCGCCTGATCG-1,1,24.0,74.0
Human_Lymph_Node_D1,AGCGTGCTTCGCTCAT-1,2,45.0,47.0
Human_Lymph_Node_D1,AGCGTGGCACCGACAA-1,2,45.0,79.0
Human_Lymph_Node_D1,AGCGTGTATGTACGGT-1,4,17.0,91.0
Human_Lymph_Node_D1,AGCGTTACAGTCCTGG-1,1,17.0,15.0
Human_Lymph_Node_D1,AGCGTTATACCTGTTG-1,2,44.0,48.0
Human_Lymph_Node_D1,AGCGTTGGCTCACGAT-1,2,55.0,13.0
Human_Lymph_Node_D1,AGCTACCAGCGTTACT-1,0,40.0,116.0
Human_Lymph_Node_D1,AGCTAGCGTACAGTAA-1,4,30.0,112.0
Human_Lymph_Node_D1,AGCTATAAGTCCAGCA-1,2,36.0,14.0
Human_Lymph_Node_D1,AGCTATAGAATAGTCT-1,1,51.0,17.0
Human_Lymph_Node_D1,AGCTCAACATCGTCCG-1,2,44.0,14.0
Human_Lymph_Node_D1,AGCTCGACAGGCGATA-1,2,57.0,69.0
Human_Lymph_Node_D1,AGCTGACGTAACGCTG-1,1,22.0,38.0
Human_Lymph_Node_D1,AGCTGTTCCGGTGATT-1,2,61.0,73.0
Human_Lymph_Node_D1,AGCTGTTGAAGGCCTT-1,0,72.0,50.0
Human_Lymph_Node_D1,AGCTTCGCTGCGGTCA-1,4,70.0,36.0
Human_Lymph_Node_D1,AGCTTGAGTCAGGCCG-1,2,50.0,50.0
Human_Lymph_Node_D1,AGCTTGGATGCAAGCC-1,1,17.0,17.0
Human_Lymph_Node_D1,AGGAATTACGGTGACG-1,2,61.0,69.0
Human_Lymph_Node_D1,AGGACCAGTAACCTAA-1,1,26.0,18.0
Human_Lymph_Node_D1,AGGACCAGTGCGCCAG-1,0,52.0,110.0
Human_Lymph_Node_D1,AGGACCGCAATAGTTA-1,1,37.0,17.0
Human_Lymph_Node_D1,AGGACCGTAGATGCTA-1,2,31.0,39.0
Human_Lymph_Node_D1,AGGACCTGTACCATTC-1,2,40.0,32.0
Human_Lymph_Node_D1,AGGACGAAGCCTCCTT-1,1,21.0,15.0
Human_Lymph_Node_D1,AGGACGAATGCTTCAA-1,2,41.0,103.0
Human_Lymph_Node_D1,AGGACGTATCGCCGTA-1,2,43.0,93.0
Human_Lymph_Node_D1,AGGACGTCGGCACGAA-1,2,34.0,68.0
Human_Lymph_Node_D1,AGGACTAGGACCGCAG-1,2,20.0,82.0
Human_Lymph_Node_D1,AGGACTGAAGTGCCTT-1,3,57.0,95.0
Human_Lymph_Node_D1,AGGACTGGATGAAGAC-1,0,22.0,66.0
Human_Lymph_Node_D1,AGGAGCAGCGTTAATA-1,4,7.0,67.0
Human_Lymph_Node_D1,AGGAGCATAATCCACT-1,2,48.0,90.0
Human_Lymph_Node_D1,AGGAGCATCACTCAGC-1,1,26.0,12.0
Human_Lymph_Node_D1,AGGAGCCGCTGAGTAG-1,2,64.0,66.0
Human_Lymph_Node_D1,AGGAGCCTCGAACGTT-1,3,68.0,46.0
Human_Lymph_Node_D1,AGGAGCGAATGCGTTA-1,4,7.0,9.0
Human_Lymph_Node_D1,AGGAGTACAGTGCATA-1,4,6.0,40.0
Human_Lymph_Node_D1,AGGATAACCGGTCGGA-1,2,48.0,74.0
Human_Lymph_Node_D1,AGGATACCTCCGAGCG-1,4,8.0,52.0
Human_Lymph_Node_D1,AGGATAGAGTTAATCA-1,4,4.0,44.0
Human_Lymph_Node_D1,AGGATATCGCGAATAC-1,2,52.0,86.0
Human_Lymph_Node_D1,AGGATCAACATTCGTT-1,0,24.0,106.0
Human_Lymph_Node_D1,AGGATCCGTGAGGCGG-1,2,42.0,110.0
Human_Lymph_Node_D1,AGGATTCTACGCCTAG-1,2,43.0,99.0
Human_Lymph_Node_D1,AGGCAACTAGCGTACC-1,2,51.0,59.0
Human_Lymph_Node_D1,AGGCAATGTCAGCTGG-1,2,59.0,37.0
Human_Lymph_Node_D1,AGGCATTAAGTCTGGC-1,1,31.0,53.0
Human_Lymph_Node_D1,AGGCATTACTATAGTA-1,2,34.0,78.0
Human_Lymph_Node_D1,AGGCCGCAGAATAACG-1,0,27.0,103.0
Human_Lymph_Node_D1,AGGCCTGTCTAGTGGC-1,4,16.0,92.0
Human_Lymph_Node_D1,AGGCTGCAGCTCAGGC-1,1,41.0,35.0
Human_Lymph_Node_D1,AGGCTGCGCAGCAACT-1,0,60.0,14.0
Human_Lymph_Node_D1,AGGCTTAACCGATTGT-1,2,41.0,7.0
Human_Lymph_Node_D1,AGGTACAGCTATGATA-1,1,19.0,27.0
Human_Lymph_Node_D1,AGGTACCAGACGCCAG-1,1,21.0,9.0
Human_Lymph_Node_D1,AGGTCTCACGCCAATA-1,1,37.0,13.0
Human_Lymph_Node_D1,AGGTCTTCCATCGCCG-1,2,44.0,52.0
Human_Lymph_Node_D1,AGGTGAAGTGACGACT-1,1,28.0,88.0
Human_Lymph_Node_D1,AGGTGAATCCACAACC-1,3,70.0,46.0
Human_Lymph_Node_D1,AGGTGAGCAATGTCTT-1,2,48.0,44.0
Human_Lymph_Node_D1,AGGTGATTGGCGGTAT-1,2,54.0,44.0
Human_Lymph_Node_D1,AGGTGGACTTGCCACC-1,1,19.0,1.0
Human_Lymph_Node_D1,AGGTGGCACTTGTCAG-1,0,53.0,7.0
Human_Lymph_Node_D1,AGGTGGCTGTCGCCAA-1,0,34.0,116.0
Human_Lymph_Node_D1,AGGTTACATTCCACGC-1,0,68.0,64.0
Human_Lymph_Node_D1,AGGTTAGTGGCCATAG-1,0,24.0,104.0
Human_Lymph_Node_D1,AGGTTCCACGCCGAAG-1,1,44.0,16.0
Human_Lymph_Node_D1,AGGTTGAGTAGGAGAT-1,2,44.0,32.0
Human_Lymph_Node_D1,AGTAAGCTCGGCCAAT-1,2,46.0,82.0
Human_Lymph_Node_D1,AGTACATATGTAGGAA-1,1,11.0,35.0
Human_Lymph_Node_D1,AGTACCGTTGTACGCC-1,2,26.0,70.0
Human_Lymph_Node_D1,AGTAGACAGTAAGGAG-1,2,38.0,54.0
Human_Lymph_Node_D1,AGTAGAGCATGGACGT-1,2,33.0,49.0
Human_Lymph_Node_D1,AGTATTACGGTATTCG-1,2,57.0,21.0
Human_Lymph_Node_D1,AGTATTCAGCTGAATG-1,1,48.0,80.0
Human_Lymph_Node_D1,AGTATTCGTCGGTATC-1,1,23.0,55.0
Human_Lymph_Node_D1,AGTCACTTATTCAAGG-1,2,48.0,28.0
Human_Lymph_Node_D1,AGTCCGTGATCACTAC-1,1,51.0,25.0
Human_Lymph_Node_D1,AGTCGCAGGAACGAGT-1,1,30.0,0.0
Human_Lymph_Node_D1,AGTCGCCACTCGGCGA-1,2,42.0,62.0
Human_Lymph_Node_D1,AGTCGGACCGTGCTTA-1,1,29.0,73.0
Human_Lymph_Node_D1,AGTCGGTCTAATCTGT-1,1,44.0,62.0
Human_Lymph_Node_D1,AGTCGGTTATACATAG-1,1,29.0,23.0
Human_Lymph_Node_D1,AGTCGGTTGGTTGGCG-1,1,18.0,22.0
Human_Lymph_Node_D1,AGTCGTTGCCGCCAAC-1,4,7.0,7.0
Human_Lymph_Node_D1,AGTCGTTGCCTTACCT-1,3,67.0,61.0
Human_Lymph_Node_D1,AGTCTAGGATTGTCAC-1,1,27.0,13.0
Human_Lymph_Node_D1,AGTGAGGTCTGTGCTC-1,2,60.0,22.0
Human_Lymph_Node_D1,AGTGAGTATTCTAAGT-1,1,39.0,75.0
Human_Lymph_Node_D1,AGTGCAATAACTAACA-1,2,54.0,74.0
Human_Lymph_Node_D1,AGTGCCAGATGCTCTG-1,1,36.0,80.0
Human_Lymph_Node_D1,AGTGCGCAACATGCGT-1,1,49.0,65.0
Human_Lymph_Node_D1,AGTGCTTCGCGGACGC-1,4,7.0,15.0
Human_Lymph_Node_D1,AGTGGTATGTCCAAGT-1,1,20.0,42.0
Human_Lymph_Node_D1,AGTGTACCTCTGTATG-1,0,34.0,114.0
Human_Lymph_Node_D1,AGTGTCATGGTTGTGG-1,2,60.0,78.0
Human_Lymph_Node_D1,AGTGTCGTGGCATGTT-1,4,50.0,114.0
Human_Lymph_Node_D1,AGTGTCTAGGCTAATA-1,1,22.0,80.0
Human_Lymph_Node_D1,AGTGTCTGAACTGTGG-1,2,13.0,23.0
Human_Lymph_Node_D1,AGTGTCTTAAGCTTGT-1,1,22.0,22.0
Human_Lymph_Node_D1,AGTGTTCGAGGATGAA-1,4,63.0,93.0
Human_Lymph_Node_D1,AGTTAAGACTGGCTCC-1,2,49.0,45.0
Human_Lymph_Node_D1,AGTTACCTCACCAGCA-1,2,53.0,77.0
Human_Lymph_Node_D1,AGTTAGAAGGACGAAT-1,4,12.0,78.0
Human_Lymph_Node_D1,AGTTATCCTGAACGAA-1,1,32.0,54.0
Human_Lymph_Node_D1,AGTTCGGCACATACGG-1,2,22.0,82.0
Human_Lymph_Node_D1,AGTTCGTCTAGTGCAG-1,2,49.0,27.0
Human_Lymph_Node_D1,AGTTCGTGCAGACCTT-1,1,42.0,92.0
Human_Lymph_Node_D1,AGTTCGTGCATGTCGA-1,0,37.0,115.0
Human_Lymph_Node_D1,AGTTGGCACCAGTTAC-1,2,52.0,60.0
Human_Lymph_Node_D1,AGTTGTACTTAATGGA-1,1,36.0,60.0
Human_Lymph_Node_D1,AGTTGTCCACAGACCA-1,1,29.0,45.0
Human_Lymph_Node_D1,ATAACCTAGAACCTGC-1,2,33.0,57.0
Human_Lymph_Node_D1,ATAACGAAGAGCACGC-1,3,56.0,14.0
Human_Lymph_Node_D1,ATAAGAATCATGCATC-1,1,45.0,109.0
Human_Lymph_Node_D1,ATAAGACCAATCGCGG-1,1,26.0,100.0
Human_Lymph_Node_D1,ATAAGGAATAGAACAT-1,1,35.0,101.0
Human_Lymph_Node_D1,ATAAGGCGGACAAGTT-1,1,21.0,21.0
Human_Lymph_Node_D1,ATAAGTACCACGAGTT-1,2,41.0,101.0
Human_Lymph_Node_D1,ATAATCGTAGTTATTC-1,1,28.0,12.0
Human_Lymph_Node_D1,ATAATTAGTTCTACGG-1,2,62.0,52.0
Human_Lymph_Node_D1,ATAATTATCGACCACG-1,1,20.0,4.0
Human_Lymph_Node_D1,ATACAAGGTCAGTAGA-1,2,45.0,85.0
Human_Lymph_Node_D1,ATACAATTGCGGTATT-1,2,45.0,99.0
Human_Lymph_Node_D1,ATACATCAAGGATTGC-1,2,42.0,60.0
Human_Lymph_Node_D1,ATACATCACGCCTTCT-1,2,47.0,41.0
Human_Lymph_Node_D1,ATACATCACTGTCCGG-1,4,13.0,81.0
Human_Lymph_Node_D1,ATACATCATGCACCAA-1,4,31.0,115.0
Human_Lymph_Node_D1,ATACGACATCTAGACC-1,3,65.0,75.0
Human_Lymph_Node_D1,ATACGCTGAGATCAGA-1,2,38.0,64.0
Human_Lymph_Node_D1,ATACGGCACGTTACGA-1,1,11.0,33.0
Human_Lymph_Node_D1,ATACGGCGACTGGTCT-1,2,45.0,37.0
Human_Lymph_Node_D1,ATACTAGCCACTTCGC-1,2,56.0,86.0
Human_Lymph_Node_D1,ATACTAGCCATTAGTT-1,2,23.0,51.0
Human_Lymph_Node_D1,ATACTAGTAACTGAGT-1,3,35.0,115.0
Human_Lymph_Node_D1,ATACTATCAACTTGTA-1,1,35.0,5.0
Human_Lymph_Node_D1,ATACTGACTTCGGCAC-1,3,64.0,46.0
Human_Lymph_Node_D1,ATACTGGACCACAGCC-1,4,8.0,54.0
Human_Lymph_Node_D1,ATACTGGAGGATAACG-1,2,26.0,54.0
Human_Lymph_Node_D1,ATAGAACGTTCGATCT-1,1,18.0,44.0
Human_Lymph_Node_D1,ATAGAAGGAGCAGTAG-1,1,7.0,25.0
Human_Lymph_Node_D1,ATAGAATTCTAGGCCG-1,1,20.0,26.0
Human_Lymph_Node_D1,ATAGACATGGCTATGG-1,2,36.0,46.0
Human_Lymph_Node_D1,ATAGATGCCTAAGCAC-1,2,43.0,81.0
Human_Lymph_Node_D1,ATAGATTGAGTTCGAG-1,1,29.0,43.0
Human_Lymph_Node_D1,ATAGCACCTGCTGTCT-1,2,21.0,93.0
Human_Lymph_Node_D1,ATAGCTATTCGCACTC-1,2,51.0,73.0
Human_Lymph_Node_D1,ATAGCTTCACAACCGT-1,2,38.0,28.0
Human_Lymph_Node_D1,ATAGCTTCGTGGAACG-1,2,59.0,21.0
Human_Lymph_Node_D1,ATAGGCCGATAGAAGT-1,0,56.0,102.0
Human_Lymph_Node_D1,ATAGGCCGGTAATTCT-1,4,69.0,29.0
Human_Lymph_Node_D1,ATAGTACTATGGTTCT-1,2,44.0,96.0
Human_Lymph_Node_D1,ATAGTCCGCCGTTGGC-1,2,32.0,80.0
Human_Lymph_Node_D1,ATAGTGAGTGAGGATT-1,2,29.0,95.0
Human_Lymph_Node_D1,ATAGTGTCAGATGTAG-1,4,70.0,70.0
Human_Lymph_Node_D1,ATAGTTAAGCCTGCCG-1,3,64.0,56.0
Human_Lymph_Node_D1,ATAGTTAAGGCACGAG-1,2,41.0,81.0
Human_Lymph_Node_D1,ATAGTTCATCGGATCT-1,4,10.0,60.0
Human_Lymph_Node_D1,ATAGTTCCTAGGCCGG-1,4,6.0,24.0
Human_Lymph_Node_D1,ATAGTTCGCAGCCGTG-1,1,45.0,53.0
Human_Lymph_Node_D1,ATAGTTCGGTTCCAGA-1,2,58.0,22.0
Human_Lymph_Node_D1,ATCAAGGAGCTTACAT-1,4,71.0,63.0
Human_Lymph_Node_D1,ATCAATCTGCAGGACC-1,1,9.0,39.0
Human_Lymph_Node_D1,ATCAATGGTTGTACCT-1,1,7.0,33.0
Human_Lymph_Node_D1,ATCACCAGTTCGGCGA-1,0,30.0,102.0
Human_Lymph_Node_D1,ATCACGTTCAATGATA-1,0,59.0,29.0
Human_Lymph_Node_D1,ATCAGATACCAGCTGT-1,0,54.0,62.0
Human_Lymph_Node_D1,ATCAGTAAGCTCGCCG-1,2,54.0,78.0
Human_Lymph_Node_D1,ATCATTCACCAGATTG-1,1,28.0,56.0
Human_Lymph_Node_D1,ATCATTCCAACTTCGC-1,1,13.0,43.0
Human_Lymph_Node_D1,ATCATTGTCCATGCCA-1,2,31.0,77.0
Human_Lymph_Node_D1,ATCCAACGCCACATCG-1,1,22.0,28.0
Human_Lymph_Node_D1,ATCCACATGTTGGACC-1,1,17.0,83.0
Human_Lymph_Node_D1,ATCCACTCGTACTCGG-1,0,56.0,8.0
Human_Lymph_Node_D1,ATCCGAGTACAGGAAT-1,4,16.0,82.0
Human_Lymph_Node_D1,ATCCGAGTACCACGTG-1,2,20.0,78.0
Human_Lymph_Node_D1,ATCCGAGTCACTTGTA-1,3,48.0,108.0
Human_Lymph_Node_D1,ATCCGATGACCTCGGA-1,2,53.0,81.0
Human_Lymph_Node_D1,ATCCGATGTCTGTCAC-1,1,54.0,18.0
Human_Lymph_Node_D1,ATCCGGATCGCCGTAT-1,1,60.0,60.0
Human_Lymph_Node_D1,ATCCGGATGACGTAAC-1,2,27.0,49.0
Human_Lymph_Node_D1,ATCCGGTATCACAAGT-1,2,34.0,50.0
Human_Lymph_Node_D1,ATCCGTAGCTTCAGTA-1,2,30.0,60.0
Human_Lymph_Node_D1,ATCCGTAGTGTCGCTC-1,0,30.0,110.0
Human_Lymph_Node_D1,ATCCGTGGAACTTCAA-1,0,56.0,66.0
Human_Lymph_Node_D1,ATCCTCCAGCCATTGT-1,4,57.0,107.0
Human_Lymph_Node_D1,ATCCTCGTTCCAGGCC-1,2,27.0,45.0
Human_Lymph_Node_D1,ATCGAACATGCTAAGC-1,2,66.0,78.0
Human_Lymph_Node_D1,ATCGAATCTAGCAGAC-1,4,7.0,41.0
Human_Lymph_Node_D1,ATCGACAGCGGCAACA-1,3,35.0,113.0
Human_Lymph_Node_D1,ATCGACCGGAGTATCG-1,3,61.0,33.0
Human_Lymph_Node_D1,ATCGATGTCAGATAGA-1,1,27.0,15.0
Human_Lymph_Node_D1,ATCGCAATGCACTAAC-1,1,43.0,57.0
Human_Lymph_Node_D1,ATCGCAGTAACTTATT-1,2,28.0,68.0
Human_Lymph_Node_D1,ATCGCAGTCTATGGCA-1,1,34.0,98.0
Human_Lymph_Node_D1,ATCGCATCACGCATCT-1,3,69.0,43.0
Human_Lymph_Node_D1,ATCGGCTCTATGCCTC-1,1,21.0,51.0
Human_Lymph_Node_D1,ATCGTAACTACCTCTT-1,1,31.0,41.0
Human_Lymph_Node_D1,ATCGTAATCCACATGC-1,1,23.0,27.0
Human_Lymph_Node_D1,ATCGTACAACTGGCTA-1,4,11.0,81.0
Human_Lymph_Node_D1,ATCGTACACCTATGCC-1,1,28.0,64.0
Human_Lymph_Node_D1,ATCGTAGCATGTAGAT-1,0,60.0,96.0
Human_Lymph_Node_D1,ATCGTATTACTCGGAG-1,1,28.0,38.0
Human_Lymph_Node_D1,ATCGTATTGGAATCCT-1,1,15.0,17.0
Human_Lymph_Node_D1,ATCGTCACCATGTCAC-1,1,44.0,76.0
Human_Lymph_Node_D1,ATCGTCAGTTAGTCCA-1,2,33.0,45.0
Human_Lymph_Node_D1,ATCGTCTTAACGAAGG-1,1,41.0,9.0
Human_Lymph_Node_D1,ATCTACAGGAGTGCAC-1,1,16.0,62.0
Human_Lymph_Node_D1,ATCTACCATATTCCAG-1,2,53.0,23.0
Human_Lymph_Node_D1,ATCTACGACAGCTCTT-1,1,16.0,12.0
Human_Lymph_Node_D1,ATCTACTCACATCTCC-1,2,41.0,51.0
Human_Lymph_Node_D1,ATCTCCTTGCGATACA-1,2,29.0,81.0
Human_Lymph_Node_D1,ATCTGAAGTATGCACG-1,2,65.0,65.0
Human_Lymph_Node_D1,ATCTGACCGGAGTCCT-1,3,61.0,85.0
Human_Lymph_Node_D1,ATCTGAGGAACGGTTG-1,2,47.0,57.0
Human_Lymph_Node_D1,ATCTGATACTTCATTA-1,3,69.0,57.0
Human_Lymph_Node_D1,ATCTGCCGTCTACAGC-1,2,25.0,23.0
Human_Lymph_Node_D1,ATCTGGATCCTCAGAC-1,1,42.0,38.0
Human_Lymph_Node_D1,ATCTGTACGCGTCTCC-1,2,38.0,70.0
Human_Lymph_Node_D1,ATCTTAGACGCCTACT-1,3,59.0,83.0
Human_Lymph_Node_D1,ATCTTAGATAGGTTCA-1,3,65.0,51.0
Human_Lymph_Node_D1,ATCTTAGTGGCATGGA-1,4,20.0,104.0
Human_Lymph_Node_D1,ATCTTATCAGCAATAC-1,1,7.0,21.0
Human_Lymph_Node_D1,ATCTTCGGACATACTA-1,2,51.0,95.0
Human_Lymph_Node_D1,ATCTTGGCTTCGTCCT-1,1,19.0,63.0
Human_Lymph_Node_D1,ATGAACAATCGATGCG-1,2,54.0,16.0
Human_Lymph_Node_D1,ATGAAGCTGAATCCAG-1,2,55.0,33.0
Human_Lymph_Node_D1,ATGACACTAATCGCAC-1,2,61.0,47.0
Human_Lymph_Node_D1,ATGACCAGACGGCCGG-1,2,36.0,24.0
Human_Lymph_Node_D1,ATGACCTCACGCACTG-1,4,5.0,37.0
Human_Lymph_Node_D1,ATGACCTCACTTAACC-1,1,29.0,71.0
Human_Lymph_Node_D1,ATGACGAGATCATTAA-1,3,63.0,33.0
Human_Lymph_Node_D1,ATGAGCTACATGGAAG-1,4,15.0,83.0
Human_Lymph_Node_D1,ATGAGCTATTCGAAGA-1,2,43.0,23.0
Human_Lymph_Node_D1,ATGAGTACGCTTCCTA-1,1,38.0,16.0
Human_Lymph_Node_D1,ATGATAATTCCTTGCG-1,1,37.0,11.0
Human_Lymph_Node_D1,ATGATATCTAGTCTTA-1,1,42.0,58.0
Human_Lymph_Node_D1,ATGATTGATTCCGAAT-1,1,12.0,22.0
Human_Lymph_Node_D1,ATGCATCCTGACTCAC-1,1,18.0,46.0
Human_Lymph_Node_D1,ATGCATGCCTGCGATG-1,2,54.0,68.0
Human_Lymph_Node_D1,ATGCATGGTTCCGCCT-1,2,43.0,85.0
Human_Lymph_Node_D1,ATGCATGGTTGCTGTA-1,1,21.0,11.0
Human_Lymph_Node_D1,ATGCATGTATGTGAGT-1,2,46.0,42.0
Human_Lymph_Node_D1,ATGCATGTCACTCGTG-1,1,38.0,22.0
Human_Lymph_Node_D1,ATGCCAGCTGCCATCT-1,2,53.0,15.0
Human_Lymph_Node_D1,ATGCCGTTGTGAAGCG-1,1,41.0,37.0
Human_Lymph_Node_D1,ATGCCTTCGTAAGTTA-1,2,42.0,108.0
Human_Lymph_Node_D1,ATGCTACTGAATAGTA-1,1,56.0,60.0
Human_Lymph_Node_D1,ATGCTCCAACCTGGCC-1,1,43.0,31.0
Human_Lymph_Node_D1,ATGCTCCGTTCTACTG-1,2,30.0,40.0
Human_Lymph_Node_D1,ATGCTCGCCTCCAATT-1,1,26.0,16.0
Human_Lymph_Node_D1,ATGCTGAATGCAATAG-1,2,44.0,92.0
Human_Lymph_Node_D1,ATGCTGCCTACTGCAT-1,1,10.0,18.0
Human_Lymph_Node_D1,ATGCTTACTCTAGGAA-1,3,50.0,80.0
Human_Lymph_Node_D1,ATGCTTGGACGAACTT-1,2,47.0,73.0
Human_Lymph_Node_D1,ATGGAGCGCACTCGGT-1,4,6.0,18.0
Human_Lymph_Node_D1,ATGGAGGCCACGGCTT-1,1,53.0,29.0
Human_Lymph_Node_D1,ATGGAGTAATCGGACC-1,2,32.0,74.0
Human_Lymph_Node_D1,ATGGAGTCTTCGCAGT-1,3,41.0,1.0
Human_Lymph_Node_D1,ATGGCATTATGGCTCG-1,1,26.0,92.0
Human_Lymph_Node_D1,ATGGTAACGGACCGGA-1,2,49.0,17.0
Human_Lymph_Node_D1,ATGTAAGAGCCACCTC-1,1,24.0,96.0
Human_Lymph_Node_D1,ATGTAATTGTCGTTCG-1,1,24.0,42.0
Human_Lymph_Node_D1,ATGTACAGTGCCTATG-1,1,35.0,9.0
Human_Lymph_Node_D1,ATGTACATCGTGGTTA-1,1,32.0,10.0
Human_Lymph_Node_D1,ATGTACATGAACTCCG-1,1,32.0,100.0
Human_Lymph_Node_D1,ATGTACCATTATTGTC-1,2,68.0,70.0
Human_Lymph_Node_D1,ATGTACCGATCCAGAA-1,3,64.0,74.0
Human_Lymph_Node_D1,ATGTACTACCGACTTC-1,2,26.0,60.0
Human_Lymph_Node_D1,ATGTACTCTGCAGCAC-1,1,48.0,66.0
Human_Lymph_Node_D1,ATGTAGAAGCGAATAG-1,4,61.0,97.0
Human_Lymph_Node_D1,ATGTAGCCGACCAAGG-1,2,57.0,57.0
Human_Lymph_Node_D1,ATGTAGGTAACCGTAC-1,1,25.0,43.0
Human_Lymph_Node_D1,ATGTAGGTTGGCGAGG-1,3,36.0,112.0
Human_Lymph_Node_D1,ATGTATCCAAGGTGGC-1,0,22.0,106.0
Human_Lymph_Node_D1,ATGTATCCATAAGTTG-1,1,30.0,16.0
Human_Lymph_Node_D1,ATGTATCGGAATACGG-1,2,40.0,80.0
Human_Lymph_Node_D1,ATGTATGAGTACCGGA-1,2,40.0,104.0
Human_Lymph_Node_D1,ATGTCATACTTAGACC-1,3,58.0,16.0
Human_Lymph_Node_D1,ATGTCGGACTGAAGTA-1,2,47.0,5.0
Human_Lymph_Node_D1,ATGTCGGATAAGCCGA-1,2,50.0,44.0
Human_Lymph_Node_D1,ATGTCGGCTGTCGTAA-1,2,31.0,23.0
Human_Lymph_Node_D1,ATGTCGTTACCAGACG-1,3,51.0,103.0
Human_Lymph_Node_D1,ATGTCTAACTGGCGAA-1,3,62.0,26.0
Human_Lymph_Node_D1,ATGTGAATCCATACGA-1,4,17.0,73.0
Human_Lymph_Node_D1,ATGTGAATTGCTGACC-1,1,32.0,20.0
Human_Lymph_Node_D1,ATGTGATCCGTCTAAC-1,1,40.0,6.0
Human_Lymph_Node_D1,ATGTGCGTCTGAACAG-1,2,38.0,78.0
Human_Lymph_Node_D1,ATGTGCTAACATCGAA-1,4,7.0,55.0
Human_Lymph_Node_D1,ATGTGCTTGTGCTACC-1,1,11.0,53.0
Human_Lymph_Node_D1,ATGTTAAGATTACTGA-1,1,22.0,40.0
Human_Lymph_Node_D1,ATGTTAGACTATCTCA-1,4,59.0,103.0
Human_Lymph_Node_D1,ATGTTCGCAGAAGTCT-1,3,64.0,82.0
Human_Lymph_Node_D1,ATGTTCTGCCTTATCT-1,2,50.0,18.0
Human_Lymph_Node_D1,ATTAAGAACAGCTCCG-1,2,35.0,73.0
Human_Lymph_Node_D1,ATTAAGAATAACGCTT-1,2,58.0,50.0
Human_Lymph_Node_D1,ATTAAGCGTCCTGCCG-1,2,61.0,21.0
Human_Lymph_Node_D1,ATTAAGTGGCCTAAGG-1,1,38.0,14.0
Human_Lymph_Node_D1,ATTACAAGCAAGTGTC-1,4,5.0,23.0
Human_Lymph_Node_D1,ATTACATTGAAGTATG-1,2,44.0,60.0
Human_Lymph_Node_D1,ATTACCTTCGCAGAAG-1,1,53.0,17.0
Human_Lymph_Node_D1,ATTACTCCGTGAAGCG-1,1,28.0,78.0
Human_Lymph_Node_D1,ATTACTGAGTGCCTCC-1,2,46.0,94.0
Human_Lymph_Node_D1,ATTACTGTACGCGGTG-1,2,43.0,13.0
Human_Lymph_Node_D1,ATTACTGTCGCATATT-1,2,50.0,74.0
Human_Lymph_Node_D1,ATTAGACCAAGTATAC-1,4,53.0,1.0
Human_Lymph_Node_D1,ATTAGATAAGACGGCG-1,1,29.0,59.0
Human_Lymph_Node_D1,ATTAGCAGGATGTATT-1,1,18.0,20.0
Human_Lymph_Node_D1,ATTAGCCTCACTTCTA-1,2,27.0,53.0
Human_Lymph_Node_D1,ATTAGCCTCAGTAGAT-1,0,53.0,13.0
Human_Lymph_Node_D1,ATTAGCGAGCATGCTG-1,2,46.0,110.0
Human_Lymph_Node_D1,ATTAGTCGTGTTATGC-1,4,9.0,57.0
Human_Lymph_Node_D1,ATTAGTGAGGTATCGC-1,3,55.0,101.0
Human_Lymph_Node_D1,ATTAGTGCTTGGTCAT-1,2,41.0,47.0
Human_Lymph_Node_D1,ATTAGTTCACAGACTC-1,0,61.0,67.0
Human_Lymph_Node_D1,ATTATCACAACTCGGC-1,2,20.0,66.0
Human_Lymph_Node_D1,ATTATCAGTTCGATGC-1,4,65.0,17.0
Human_Lymph_Node_D1,ATTATCCAGGTGAAGT-1,2,40.0,18.0
Human_Lymph_Node_D1,ATTATCGAGTGCAGAT-1,2,53.0,43.0
Human_Lymph_Node_D1,ATTATCTAGATTAACG-1,2,43.0,105.0
Human_Lymph_Node_D1,ATTATCTTATTGAGAC-1,1,13.0,21.0
Human_Lymph_Node_D1,ATTATGATACTGCGCA-1,0,50.0,0.0
Human_Lymph_Node_D1,ATTATGCCATCGTTAA-1,3,56.0,100.0
Human_Lymph_Node_D1,ATTATGTTAAGGTAGT-1,3,64.0,28.0
Human_Lymph_Node_D1,ATTCAAGATTAGTTGC-1,1,31.0,89.0
Human_Lymph_Node_D1,ATTCACATAGGATGAG-1,2,46.0,100.0
Human_Lymph_Node_D1,ATTCACATCTTATTCT-1,2,48.0,78.0
Human_Lymph_Node_D1,ATTCACCTGACCAGTT-1,1,26.0,80.0
Human_Lymph_Node_D1,ATTCACGCTGTTATCG-1,1,21.0,57.0
Human_Lymph_Node_D1,ATTCACGTCGCAGGCT-1,2,41.0,79.0
Human_Lymph_Node_D1,ATTCACTCACGTGCAC-1,2,29.0,97.0
Human_Lymph_Node_D1,ATTCAGCTCCTACTAA-1,1,18.0,66.0
Human_Lymph_Node_D1,ATTCAGTCACCGCCAT-1,4,9.0,3.0
Human_Lymph_Node_D1,ATTCATAGCGAAGCGT-1,2,23.0,83.0
Human_Lymph_Node_D1,ATTCCATTGTGAACGC-1,1,16.0,56.0
Human_Lymph_Node_D1,ATTCCGCAACGCCGCT-1,1,35.0,95.0
Human_Lymph_Node_D1,ATTCCGCTCCATCAGC-1,2,53.0,93.0
Human_Lymph_Node_D1,ATTCCGGACCGGTCTT-1,4,57.0,7.0
Human_Lymph_Node_D1,ATTCCGGTTACATACC-1,1,25.0,79.0
Human_Lymph_Node_D1,ATTCCGTAAGGATTCC-1,1,34.0,106.0
Human_Lymph_Node_D1,ATTCCTGCCTTAACAG-1,2,39.0,97.0
Human_Lymph_Node_D1,ATTCCTTCGAAGGTGC-1,1,11.0,15.0
Human_Lymph_Node_D1,ATTCGCTCGCGGAGGC-1,1,24.0,68.0
Human_Lymph_Node_D1,ATTCGGAAGCTATTAC-1,1,33.0,37.0
Human_Lymph_Node_D1,ATTCGTGCCGACATGT-1,2,12.0,8.0
Human_Lymph_Node_D1,ATTCGTTAGAATTCGG-1,4,56.0,6.0
Human_Lymph_Node_D1,ATTCTACGTGGCAGAT-1,1,60.0,72.0
Human_Lymph_Node_D1,ATTCTACTGGTCGTTC-1,2,39.0,85.0
Human_Lymph_Node_D1,ATTCTAGGACATCAGT-1,2,22.0,62.0
Human_Lymph_Node_D1,ATTCTAGTCCACAAGA-1,2,39.0,107.0
Human_Lymph_Node_D1,ATTCTGAGTACTGTAG-1,0,47.0,3.0
Human_Lymph_Node_D1,ATTCTTGAGGCGACGC-1,0,67.0,73.0
Human_Lymph_Node_D1,ATTCTTGGAGTGATAG-1,2,54.0,42.0
Human_Lymph_Node_D1,ATTGACGAGCAGCGAC-1,4,14.0,86.0
Human_Lymph_Node_D1,ATTGACGCATCTCAAC-1,2,26.0,26.0
Human_Lymph_Node_D1,ATTGACGCCACCTTCT-1,1,10.0,50.0
Human_Lymph_Node_D1,ATTGACGCCAGCCAAG-1,2,50.0,100.0
Human_Lymph_Node_D1,ATTGACTTATGTGGTA-1,1,21.0,7.0
Human_Lymph_Node_D1,ATTGATAACACTAAGA-1,1,50.0,10.0
Human_Lymph_Node_D1,ATTGCACGACCACTTG-1,1,50.0,36.0
Human_Lymph_Node_D1,ATTGCACGCATAACAG-1,1,18.0,8.0
Human_Lymph_Node_D1,ATTGCAGTTCTTCATT-1,1,43.0,29.0
Human_Lymph_Node_D1,ATTGCATATTGTTATC-1,1,31.0,83.0
Human_Lymph_Node_D1,ATTGCATCACTGACTG-1,1,24.0,44.0
Human_Lymph_Node_D1,ATTGCCTGATGTGCGG-1,4,70.0,76.0
Human_Lymph_Node_D1,ATTGCCTTACGCAGTT-1,4,5.0,17.0
Human_Lymph_Node_D1,ATTGCCTTGTCTAAGT-1,4,8.0,48.0
Human_Lymph_Node_D1,ATTGCGTAGTTAGGAG-1,0,71.0,51.0
Human_Lymph_Node_D1,ATTGGCCTAGGAATCG-1,0,70.0,62.0
Human_Lymph_Node_D1,ATTGGCCTTCCGTGCA-1,1,15.0,43.0
Human_Lymph_Node_D1,ATTGGCGAATTGCACT-1,0,72.0,52.0
Human_Lymph_Node_D1,ATTGGCTAACAGACAA-1,1,19.0,35.0
Human_Lymph_Node_D1,ATTGTTAAGTAGACTA-1,3,62.0,80.0
Human_Lymph_Node_D1,ATTGTTACGACTAGCG-1,3,52.0,108.0
Human_Lymph_Node_D1,ATTGTTATACTTCACG-1,2,52.0,14.0
Human_Lymph_Node_D1,CAACAGGTCAGAGGAC-1,0,29.0,105.0
Human_Lymph_Node_D1,CAACCGTACTGATCTT-1,1,17.0,37.0
Human_Lymph_Node_D1,CAACCGTATTACTGTA-1,2,32.0,46.0
Human_Lymph_Node_D1,CAACCGTTAACAGACC-1,4,68.0,78.0
Human_Lymph_Node_D1,CAACGCTTGCTCCTAC-1,2,36.0,68.0
Human_Lymph_Node_D1,CAACGGCACTCAGTCC-1,3,57.0,83.0
Human_Lymph_Node_D1,CAACTGACAAGACAAG-1,1,37.0,21.0
Human_Lymph_Node_D1,CAACTGCAGTGCAATA-1,2,39.0,89.0
Human_Lymph_Node_D1,CAACTGCATTCGACTC-1,0,38.0,114.0
Human_Lymph_Node_D1,CAACTGCTGGAGTTAT-1,1,36.0,78.0
Human_Lymph_Node_D1,CAACTTGGACATAGAT-1,2,59.0,33.0
Human_Lymph_Node_D1,CAACTTGGTACGATGT-1,3,61.0,79.0
Human_Lymph_Node_D1,CAAGACCACTATCGAA-1,2,34.0,74.0
Human_Lymph_Node_D1,CAAGATAAGTGCAATG-1,1,25.0,11.0
Human_Lymph_Node_D1,CAAGATTACCGATCAT-1,2,22.0,96.0
Human_Lymph_Node_D1,CAAGATTAGATGAGTT-1,1,16.0,18.0
Human_Lymph_Node_D1,CAAGATTCGTCAGCTG-1,3,58.0,100.0
Human_Lymph_Node_D1,CAAGCCGCCATAGAGG-1,2,30.0,48.0
Human_Lymph_Node_D1,CAAGCCTCCACTATCT-1,1,16.0,10.0
Human_Lymph_Node_D1,CAAGGCAAGCATCTCG-1,4,69.0,31.0
Human_Lymph_Node_D1,CAAGGTCTCAATACAG-1,1,41.0,25.0
Human_Lymph_Node_D1,CAAGTACTCCGCATCG-1,2,16.0,44.0
Human_Lymph_Node_D1,CAAGTACTTATTAAGC-1,0,53.0,111.0
Human_Lymph_Node_D1,CAAGTACTTCAATAGT-1,2,31.0,29.0
Human_Lymph_Node_D1,CAAGTAGCCTCGATCC-1,1,31.0,25.0
Human_Lymph_Node_D1,CAAGTATCGGCAACCA-1,3,63.0,27.0
Human_Lymph_Node_D1,CAAGTCCGCTACCGTT-1,1,33.0,27.0
Human_Lymph_Node_D1,CAAGTCGCAGTCACTC-1,1,16.0,6.0
Human_Lymph_Node_D1,CAAGTCTTGGCGATAG-1,4,8.0,44.0
Human_Lymph_Node_D1,CAAGTGAATTGGATGC-1,2,58.0,30.0
Human_Lymph_Node_D1,CAAGTGTTCGCCACGC-1,2,45.0,89.0
Human_Lymph_Node_D1,CAAGTGTTGACGGCCA-1,2,16.0,46.0
Human_Lymph_Node_D1,CAATAACTACATTAAC-1,2,38.0,38.0
Human_Lymph_Node_D1,CAATAACTCAAGGCAA-1,2,59.0,49.0
Human_Lymph_Node_D1,CAATAAGAACCGACTT-1,4,67.0,23.0
Human_Lymph_Node_D1,CAATAAGCGGCCAGAT-1,1,18.0,90.0
Human_Lymph_Node_D1,CAATAAGGTAACTCGT-1,0,53.0,11.0
Human_Lymph_Node_D1,CAATAATCGTAGGATA-1,4,15.0,69.0
Human_Lymph_Node_D1,CAATCCGAGGTGCTAG-1,4,10.0,72.0
Human_Lymph_Node_D1,CAATCGTCGGAGCATG-1,2,47.0,93.0
Human_Lymph_Node_D1,CAATCGTGAAGTGATA-1,1,12.0,12.0
Human_Lymph_Node_D1,CAATCTATGAGGTCAG-1,1,29.0,5.0
Human_Lymph_Node_D1,CAATCTGAGTCGACTC-1,4,69.0,27.0
Human_Lymph_Node_D1,CAATCTTATTAGAATG-1,4,4.0,24.0
Human_Lymph_Node_D1,CAATGCAGATCATAGA-1,4,4.0,34.0
Human_Lymph_Node_D1,CAATGCATTGACGGCA-1,2,52.0,90.0
Human_Lymph_Node_D1,CAATGCGGATGCTGGT-1,1,37.0,31.0
Human_Lymph_Node_D1,CAATGGCTGAGCGATT-1,4,58.0,6.0
Human_Lymph_Node_D1,CAATTGAACCGGCTCG-1,3,27.0,71.0
Human_Lymph_Node_D1,CAATTGTTGACGTGAG-1,1,53.0,27.0
Human_Lymph_Node_D1,CACCAGGCACGCTATC-1,4,16.0,80.0
Human_Lymph_Node_D1,CACCATAAGCTGGCTG-1,2,39.0,37.0
Human_Lymph_Node_D1,CACCATTCTTACGAGC-1,1,35.0,13.0
Human_Lymph_Node_D1,CACCGAGTCTTGGACA-1,1,18.0,50.0
Human_Lymph_Node_D1,CACCTACATGATTGAT-1,0,69.0,73.0
Human_Lymph_Node_D1,CACCTACCGCTACCTT-1,1,27.0,21.0
Human_Lymph_Node_D1,CACCTAGAATACTTCT-1,2,42.0,16.0
Human_Lymph_Node_D1,CACCTAGACGAGCCGG-1,2,44.0,88.0
Human_Lymph_Node_D1,CACCTATTACTCAGAT-1,4,68.0,80.0
Human_Lymph_Node_D1,CACCTCGAGCGATGCT-1,2,27.0,77.0
Human_Lymph_Node_D1,CACCTCGAGGACTCTA-1,1,12.0,28.0
Human_Lymph_Node_D1,CACCTTAGCTATTGTC-1,2,50.0,54.0
Human_Lymph_Node_D1,CACCTTGCGAGTTATG-1,3,68.0,34.0
Human_Lymph_Node_D1,CACGAGGCCATCCACT-1,2,53.0,59.0
Human_Lymph_Node_D1,CACGAGGTATAGGTAT-1,2,55.0,81.0
Human_Lymph_Node_D1,CACGATCATACAATTA-1,2,42.0,74.0
Human_Lymph_Node_D1,CACGCCACAATCGCAC-1,1,24.0,66.0
Human_Lymph_Node_D1,CACGCCACTCCTTCAT-1,4,71.0,57.0
Human_Lymph_Node_D1,CACGCTTATCAATCTT-1,4,64.0,94.0
Human_Lymph_Node_D1,CACGGATTCTCATCAC-1,1,49.0,37.0
Human_Lymph_Node_D1,CACGGCGATACATACG-1,0,54.0,108.0
Human_Lymph_Node_D1,CACGGCTGCGCTTGGC-1,2,57.0,37.0
Human_Lymph_Node_D1,CACGGCTTACTCCGTT-1,2,59.0,75.0
Human_Lymph_Node_D1,CACGGTCTTGGTTAAT-1,2,54.0,86.0
Human_Lymph_Node_D1,CACGTACGTAGCTCAT-1,2,59.0,63.0
Human_Lymph_Node_D1,CACGTAGGTAGGCTGA-1,1,25.0,71.0
Human_Lymph_Node_D1,CACGTCAAGTGCGATC-1,1,23.0,71.0
Human_Lymph_Node_D1,CACGTCCAATTCGACT-1,0,58.0,24.0
Human_Lymph_Node_D1,CACGTCCACGACCTAT-1,2,39.0,73.0
Human_Lymph_Node_D1,CACGTCCATCTACTGA-1,1,47.0,23.0
Human_Lymph_Node_D1,CACGTGGCGGCACTAG-1,4,45.0,117.0
Human_Lymph_Node_D1,CACGTTGCACATACCG-1,2,60.0,76.0
Human_Lymph_Node_D1,CACTACAATATTGCGG-1,2,14.0,64.0
Human_Lymph_Node_D1,CACTACCATACGCAGA-1,2,15.0,1.0
Human_Lymph_Node_D1,CACTACCTTCGCTTCA-1,3,62.0,44.0
Human_Lymph_Node_D1,CACTACTGCGGAATTG-1,2,36.0,48.0
Human_Lymph_Node_D1,CACTACTGGCTGAACC-1,2,21.0,81.0
Human_Lymph_Node_D1,CACTAGTCGACATCTA-1,2,54.0,54.0
Human_Lymph_Node_D1,CACTCAAGACCATGCA-1,3,67.0,45.0
Human_Lymph_Node_D1,CACTCAAGACGGACTA-1,0,39.0,119.0
Human_Lymph_Node_D1,CACTCAATAAGCCGAA-1,1,23.0,41.0
Human_Lymph_Node_D1,CACTCAATGGTTCGGA-1,0,65.0,85.0
Human_Lymph_Node_D1,CACTCAGTACTCCGCT-1,2,22.0,16.0
Human_Lymph_Node_D1,CACTCAGTGGTCCTTC-1,2,55.0,19.0
Human_Lymph_Node_D1,CACTCATCACGTTACG-1,2,48.0,6.0
Human_Lymph_Node_D1,CACTGGATCGATACGA-1,1,15.0,53.0
Human_Lymph_Node_D1,CACTGGCCAGCCAGAT-1,2,42.0,56.0
Human_Lymph_Node_D1,CACTGGCGGTAACACC-1,1,17.0,29.0
Human_Lymph_Node_D1,CACTGGTGAGACGCTT-1,2,51.0,61.0
Human_Lymph_Node_D1,CACTGGTGAGTTATCG-1,2,41.0,17.0
Human_Lymph_Node_D1,CACTGGTGGCGTCGTT-1,1,10.0,10.0
Human_Lymph_Node_D1,CACTTGACATTCAGAA-1,2,43.0,83.0
Human_Lymph_Node_D1,CAGAACATGATAGGAC-1,0,25.0,109.0
Human_Lymph_Node_D1,CAGAACGTATCGACTT-1,2,54.0,36.0
Human_Lymph_Node_D1,CAGAAGATTAGAATGG-1,2,12.0,6.0
Human_Lymph_Node_D1,CAGAAGTCGCGGTTAT-1,2,27.0,95.0
Human_Lymph_Node_D1,CAGAATTCTTGAACCA-1,2,41.0,29.0
Human_Lymph_Node_D1,CAGACACTTACAAGAC-1,3,53.0,105.0
Human_Lymph_Node_D1,CAGACAGTCGGATCTG-1,2,36.0,84.0
Human_Lymph_Node_D1,CAGACGAATGAGGAAC-1,2,34.0,94.0
Human_Lymph_Node_D1,CAGACGATACAGATCG-1,3,59.0,17.0
Human_Lymph_Node_D1,CAGACGCACTACTGAC-1,4,6.0,22.0
Human_Lymph_Node_D1,CAGACGCAGTAGGTCT-1,1,31.0,81.0
Human_Lymph_Node_D1,CAGAGCAATGGCTTCT-1,1,19.0,9.0
Human_Lymph_Node_D1,CAGAGGCACTTAAGTC-1,1,36.0,38.0
Human_Lymph_Node_D1,CAGAGGCGAATTGCCA-1,3,70.0,56.0
Human_Lymph_Node_D1,CAGAGTCAATCCGCTG-1,4,5.0,25.0
Human_Lymph_Node_D1,CAGAGTCATGTACAGG-1,0,66.0,82.0
Human_Lymph_Node_D1,CAGATACAGCACTCGT-1,1,13.0,41.0
Human_Lymph_Node_D1,CAGATTATCATAACGC-1,2,29.0,37.0
Human_Lymph_Node_D1,CAGATTCCGTATGCGA-1,2,42.0,76.0
Human_Lymph_Node_D1,CAGATTGCCTGTAAGT-1,1,41.0,67.0
Human_Lymph_Node_D1,CAGCACGCTAATCAGA-1,1,29.0,27.0
Human_Lymph_Node_D1,CAGCATAGACTAGGCA-1,2,60.0,20.0
Human_Lymph_Node_D1,CAGCATCCTCGCCACT-1,4,14.0,80.0
Human_Lymph_Node_D1,CAGCCAACGATAGCTT-1,1,31.0,5.0
Human_Lymph_Node_D1,CAGCCAGTCCTGTCGG-1,2,29.0,77.0
Human_Lymph_Node_D1,CAGCCATGTCTGCCGT-1,2,40.0,52.0
Human_Lymph_Node_D1,CAGCCTCGTGGCTCAC-1,1,39.0,25.0
Human_Lymph_Node_D1,CAGCCTGGTTGAACTA-1,4,14.0,88.0
Human_Lymph_Node_D1,CAGCGATAACTGAACC-1,2,65.0,69.0
Human_Lymph_Node_D1,CAGCGATAATGCGATT-1,1,11.0,61.0
Human_Lymph_Node_D1,CAGCTCCTCGGATTCT-1,1,24.0,70.0
Human_Lymph_Node_D1,CAGCTGGATGCGGCTA-1,1,26.0,34.0
Human_Lymph_Node_D1,CAGCTGGCGATAAGTG-1,1,17.0,21.0
Human_Lymph_Node_D1,CAGCTGTTGCCGGAGT-1,2,48.0,112.0
Human_Lymph_Node_D1,CAGCTTCACTACCGTG-1,3,13.0,47.0
Human_Lymph_Node_D1,CAGCTTGGTTCGGTCG-1,3,56.0,88.0
Human_Lymph_Node_D1,CAGGACAGAAGGCTGG-1,3,56.0,96.0
Human_Lymph_Node_D1,CAGGACATGGTAATGC-1,2,27.0,69.0
Human_Lymph_Node_D1,CAGGAGCGTATCGCAT-1,2,56.0,46.0
Human_Lymph_Node_D1,CAGGCCAACAGCGAGT-1,3,65.0,61.0
Human_Lymph_Node_D1,CAGGCCAACGGTCGTA-1,2,22.0,42.0
Human_Lymph_Node_D1,CAGGCCGTATCTGTTA-1,2,48.0,56.0
Human_Lymph_Node_D1,CAGGCGAGGTCTTGGA-1,2,55.0,75.0
Human_Lymph_Node_D1,CAGTAATATCACTACG-1,4,11.0,75.0
Human_Lymph_Node_D1,CAGTACAGTTGTGGAA-1,2,41.0,87.0
Human_Lymph_Node_D1,CAGTAGATTGACGGAT-1,3,60.0,34.0
Human_Lymph_Node_D1,CAGTATACTGCAGCAA-1,1,18.0,2.0
Human_Lymph_Node_D1,CAGTATCTTACACTAA-1,3,56.0,98.0
Human_Lymph_Node_D1,CAGTATGCGTGGCGCT-1,1,25.0,81.0
Human_Lymph_Node_D1,CAGTCAGCCGATCCGG-1,2,48.0,82.0
Human_Lymph_Node_D1,CAGTCTGGTAATCTAC-1,1,48.0,14.0
Human_Lymph_Node_D1,CAGTCTGTGGCGCTGC-1,1,14.0,58.0
Human_Lymph_Node_D1,CAGTGAACAGCAACGA-1,2,33.0,101.0
Human_Lymph_Node_D1,CAGTGAAGATACATAA-1,2,43.0,5.0
Human_Lymph_Node_D1,CAGTGCCTTGCGGTCT-1,2,47.0,47.0
Human_Lymph_Node_D1,CAGTTGCAACCGAGAT-1,3,67.0,59.0
Human_Lymph_Node_D1,CAGTTGCACGGACAGG-1,1,26.0,20.0
Human_Lymph_Node_D1,CAGTTGCGACTTCTCG-1,2,46.0,98.0
Human_Lymph_Node_D1,CAGTTGCTCACGTGTC-1,1,23.0,45.0
Human_Lymph_Node_D1,CATACAATGAGTAGCT-1,2,45.0,15.0
Human_Lymph_Node_D1,CATACCTCGATTGTTC-1,2,58.0,38.0
Human_Lymph_Node_D1,CATAGAACATTGAACA-1,1,23.0,65.0
Human_Lymph_Node_D1,CATAGCTTGACAACGG-1,1,9.0,25.0
Human_Lymph_Node_D1,CATATCAGACTATCCA-1,4,7.0,17.0
Human_Lymph_Node_D1,CATATCCGTTCACCTC-1,4,8.0,72.0
Human_Lymph_Node_D1,CATATGTTGACTGGCG-1,3,49.0,109.0
Human_Lymph_Node_D1,CATATTCATCCGCATT-1,0,65.0,83.0
Human_Lymph_Node_D1,CATATTCTTGTCGTAA-1,4,71.0,39.0
Human_Lymph_Node_D1,CATCAGATACTAATCG-1,2,43.0,69.0
Human_Lymph_Node_D1,CATCAGGTAGGACCGT-1,1,19.0,15.0
Human_Lymph_Node_D1,CATCAGGTGCCTGATA-1,2,20.0,80.0
Human_Lymph_Node_D1,CATCAGTAATCAGACA-1,0,66.0,84.0
Human_Lymph_Node_D1,CATCCGAAGCGTATGG-1,1,22.0,44.0
Human_Lymph_Node_D1,CATCCGCCTAAGGAAC-1,2,42.0,52.0
Human_Lymph_Node_D1,CATCCGGTACCAACGA-1,3,61.0,43.0
Human_Lymph_Node_D1,CATCCGTGCGGTCTAC-1,3,61.0,93.0
Human_Lymph_Node_D1,CATCCGTGGTCGTAAG-1,2,20.0,34.0
Human_Lymph_Node_D1,CATCCTAGTGGTATGT-1,3,49.0,111.0
Human_Lymph_Node_D1,CATCCTGGTACCTGCT-1,1,29.0,1.0
Human_Lymph_Node_D1,CATCCTTCGACTAAGT-1,4,7.0,37.0
Human_Lymph_Node_D1,CATCGCGGTCGGTGCG-1,2,42.0,90.0
Human_Lymph_Node_D1,CATCGGATCCTACCTG-1,3,69.0,55.0
Human_Lymph_Node_D1,CATCGGCATGTCGAAG-1,0,40.0,114.0
Human_Lymph_Node_D1,CATCGGCCTGCATATC-1,2,50.0,98.0
Human_Lymph_Node_D1,CATCGGTAGCGTCCGA-1,3,68.0,52.0
Human_Lymph_Node_D1,CATCTGGCCATACTAG-1,0,55.0,109.0
Human_Lymph_Node_D1,CATGATAGGCCATGAG-1,2,48.0,60.0
Human_Lymph_Node_D1,CATGATGCATGTGCTA-1,1,43.0,11.0
Human_Lymph_Node_D1,CATGATGCTAGCCATG-1,0,45.0,115.0
Human_Lymph_Node_D1,CATGCACGCCGACGGA-1,4,67.0,85.0
Human_Lymph_Node_D1,CATGCAGAAGTCAGGA-1,1,16.0,52.0
Human_Lymph_Node_D1,CATGCATATGACGTCG-1,0,42.0,0.0
Human_Lymph_Node_D1,CATGCATATTCTGCCT-1,4,13.0,73.0
Human_Lymph_Node_D1,CATGCGCTACTGGAGG-1,0,26.0,110.0
Human_Lymph_Node_D1,CATGCGGCCGGAATTC-1,3,67.0,49.0
Human_Lymph_Node_D1,CATGCTCATCTGAACG-1,2,31.0,43.0
Human_Lymph_Node_D1,CATGGCTACTGTACGT-1,3,65.0,27.0
Human_Lymph_Node_D1,CATGGTGAGGCAGCAT-1,4,70.0,66.0
Human_Lymph_Node_D1,CATGTCCACCTGCGTC-1,1,50.0,62.0
Human_Lymph_Node_D1,CATGTTACCGAAGGCG-1,2,41.0,77.0
Human_Lymph_Node_D1,CATGTTATTGATGCAG-1,1,34.0,10.0
Human_Lymph_Node_D1,CATTAACTATTGTTCC-1,2,35.0,67.0
Human_Lymph_Node_D1,CATTAGGATAGTGAAT-1,2,22.0,64.0
Human_Lymph_Node_D1,CATTAGGCAATGGTTA-1,2,36.0,96.0
Human_Lymph_Node_D1,CATTCTCCAGTCACCA-1,2,54.0,20.0
Human_Lymph_Node_D1,CATTCTGTGCATGCTC-1,4,59.0,7.0
Human_Lymph_Node_D1,CATTGCAGCGAAGACC-1,4,8.0,60.0
Human_Lymph_Node_D1,CATTGCGTGCCACCTT-1,1,27.0,35.0
Human_Lymph_Node_D1,CATTGCTATGTTAGCT-1,3,52.0,54.0
Human_Lymph_Node_D1,CATTGGCGGTTGAGTC-1,2,48.0,104.0
Human_Lymph_Node_D1,CATTGTCGGTCGCTAG-1,4,5.0,57.0
Human_Lymph_Node_D1,CCAACAGGAACACGGT-1,2,21.0,33.0
Human_Lymph_Node_D1,CCAACTTGCCACCGTA-1,1,33.0,99.0
Human_Lymph_Node_D1,CCAACTTGCGTTAACC-1,4,6.0,52.0
Human_Lymph_Node_D1,CCAAGCTGGCCATTGC-1,2,55.0,53.0
Human_Lymph_Node_D1,CCAATACCAACACGCC-1,3,20.0,92.0
Human_Lymph_Node_D1,CCAATCTAACGTGACG-1,1,19.0,45.0
Human_Lymph_Node_D1,CCAATCTTGCCTATGG-1,2,42.0,86.0
Human_Lymph_Node_D1,CCAATTATGACACTGG-1,2,57.0,35.0
Human_Lymph_Node_D1,CCACAGGAAGATGTGC-1,4,70.0,74.0
Human_Lymph_Node_D1,CCACATGGCGACGTCT-1,1,40.0,30.0
Human_Lymph_Node_D1,CCACGAACGCTGCCGC-1,1,56.0,70.0
Human_Lymph_Node_D1,CCACGATCCTAATCCG-1,1,19.0,47.0
Human_Lymph_Node_D1,CCACGGTACACCAACC-1,1,41.0,23.0
Human_Lymph_Node_D1,CCACGTCGGTCGCTTC-1,1,55.0,71.0
Human_Lymph_Node_D1,CCACGTGCCACCTCAA-1,2,34.0,44.0
Human_Lymph_Node_D1,CCACGTGGACTGCGGT-1,4,14.0,70.0
Human_Lymph_Node_D1,CCACTAATCACCGGTA-1,1,12.0,40.0
Human_Lymph_Node_D1,CCACTCCAGCACCTAC-1,4,14.0,90.0
Human_Lymph_Node_D1,CCAGAACCGTGCATCC-1,0,63.0,21.0
Human_Lymph_Node_D1,CCAGACAATATCGTTA-1,2,42.0,82.0
Human_Lymph_Node_D1,CCAGACAGAACCTAAG-1,2,25.0,89.0
Human_Lymph_Node_D1,CCAGACATCCGGTTCT-1,1,33.0,105.0
Human_Lymph_Node_D1,CCAGACATCGGCACGC-1,2,35.0,31.0
Human_Lymph_Node_D1,CCAGATAGACGAGGTG-1,2,30.0,68.0
Human_Lymph_Node_D1,CCAGATGATATGTAGG-1,2,54.0,48.0
Human_Lymph_Node_D1,CCAGATTGTAGCCTAC-1,2,46.0,30.0
Human_Lymph_Node_D1,CCAGCACTCGACTGAC-1,2,36.0,82.0
Human_Lymph_Node_D1,CCAGCGGATTCCGCTG-1,1,41.0,15.0
Human_Lymph_Node_D1,CCAGGTCCACATCCAT-1,3,56.0,12.0
Human_Lymph_Node_D1,CCAGGTTACGAGACTG-1,3,69.0,39.0
Human_Lymph_Node_D1,CCAGTGTCACAGCGCC-1,1,13.0,17.0
Human_Lymph_Node_D1,CCAGTTGTGATGCAAG-1,4,5.0,49.0
Human_Lymph_Node_D1,CCATAGTATTGTCTGC-1,1,26.0,42.0
Human_Lymph_Node_D1,CCATAGTTCGAGTAAG-1,3,51.0,109.0
Human_Lymph_Node_D1,CCATCTGTGGCATCGT-1,2,34.0,56.0
Human_Lymph_Node_D1,CCATGAACAATGCTCC-1,0,39.0,115.0
Human_Lymph_Node_D1,CCATGGTTCCAATGTC-1,4,69.0,67.0
Human_Lymph_Node_D1,CCATTATCGTTACCTT-1,1,9.0,35.0
Human_Lymph_Node_D1,CCATTCGTCTGCTCTA-1,0,30.0,104.0
Human_Lymph_Node_D1,CCATTGGCAATTCTCA-1,1,35.0,7.0
Human_Lymph_Node_D1,CCGAAGCCAGGTTCAG-1,4,72.0,66.0
Human_Lymph_Node_D1,CCGACAACGTCATCGG-1,2,33.0,79.0
Human_Lymph_Node_D1,CCGACAAGACTGTACT-1,2,32.0,92.0
Human_Lymph_Node_D1,CCGACAGACTGTGCCT-1,1,23.0,67.0
Human_Lymph_Node_D1,CCGAGGATGACTCGTC-1,1,37.0,63.0
Human_Lymph_Node_D1,CCGATAATGGAGCCTT-1,2,45.0,101.0
Human_Lymph_Node_D1,CCGATGGAACATCAGC-1,2,41.0,91.0
Human_Lymph_Node_D1,CCGATTAGCGAGTGTA-1,3,62.0,92.0
Human_Lymph_Node_D1,CCGATTCCATAAGAGT-1,0,22.0,98.0
Human_Lymph_Node_D1,CCGATTCCTCACTACA-1,1,25.0,91.0
Human_Lymph_Node_D1,CCGCAAGGAAGGAGGC-1,1,24.0,14.0
Human_Lymph_Node_D1,CCGCAAGGTACCGTTG-1,2,50.0,94.0
Human_Lymph_Node_D1,CCGCAAGTAGCGGACT-1,3,43.0,3.0
Human_Lymph_Node_D1,CCGCAATCCGTGGTTG-1,0,64.0,84.0
Human_Lymph_Node_D1,CCGCATAGTACAGGTT-1,4,9.0,69.0
Human_Lymph_Node_D1,CCGCATGTAGTTAGAC-1,2,23.0,17.0
Human_Lymph_Node_D1,CCGCCACTGCGTTGGC-1,1,25.0,9.0
Human_Lymph_Node_D1,CCGCCATACTTCACCA-1,1,34.0,32.0
Human_Lymph_Node_D1,CCGCGACCGTAGCTAT-1,1,24.0,2.0
Human_Lymph_Node_D1,CCGCGAGGTGCGATGG-1,3,64.0,36.0
Human_Lymph_Node_D1,CCGCGTATCGTTGCAG-1,2,61.0,55.0
Human_Lymph_Node_D1,CCGCGTCGTTGGTCTG-1,2,26.0,58.0
Human_Lymph_Node_D1,CCGCGTTACCTTGGCG-1,1,28.0,46.0
Human_Lymph_Node_D1,CCGCTCAATCTGGAAC-1,2,13.0,61.0
Human_Lymph_Node_D1,CCGCTCATACAAGTCA-1,2,55.0,31.0
Human_Lymph_Node_D1,CCGCTCGCTAGTCTAA-1,4,46.0,32.0
Human_Lymph_Node_D1,CCGCTCTGCTGAATTC-1,1,40.0,102.0
Human_Lymph_Node_D1,CCGCTCTGGATATCGG-1,4,70.0,38.0
Human_Lymph_Node_D1,CCGCTGTCACCTGCAA-1,1,46.0,64.0
Human_Lymph_Node_D1,CCGCTGTTGCCATACG-1,2,38.0,88.0
Human_Lymph_Node_D1,CCGGAGAAGCTAACCA-1,2,48.0,68.0
Human_Lymph_Node_D1,CCGGAGACAAGAATAA-1,3,51.0,105.0
Human_Lymph_Node_D1,CCGGATCTCCGAAGCG-1,2,61.0,63.0
Human_Lymph_Node_D1,CCGGCAATGAAGTGAA-1,1,33.0,23.0
Human_Lymph_Node_D1,CCGGCATAGGCAAGTG-1,4,14.0,78.0
Human_Lymph_Node_D1,CCGGCGAACCGTGCAC-1,1,30.0,62.0
Human_Lymph_Node_D1,CCGGCGCAGCATGCGA-1,2,51.0,67.0
Human_Lymph_Node_D1,CCGGCGCTAAGGATGA-1,1,40.0,22.0
Human_Lymph_Node_D1,CCGGCGTCCTCATTGT-1,2,15.0,45.0
Human_Lymph_Node_D1,CCGGCGTCTTAATAAG-1,2,43.0,87.0
Human_Lymph_Node_D1,CCGTATAATCTGGCCG-1,2,58.0,76.0
Human_Lymph_Node_D1,CCGTCTTATGGACGAG-1,2,55.0,83.0
Human_Lymph_Node_D1,CCGTGAAGGATAACAG-1,2,26.0,72.0
Human_Lymph_Node_D1,CCGTGCACATCTGGCA-1,0,61.0,17.0
Human_Lymph_Node_D1,CCGTGCTGGCAATATG-1,2,61.0,25.0
Human_Lymph_Node_D1,CCGTGGCGTCGGTGCT-1,4,9.0,51.0
Human_Lymph_Node_D1,CCTAACGCGATTGCAT-1,0,62.0,18.0
Human_Lymph_Node_D1,CCTAACTTATGTTGGA-1,2,19.0,57.0
Human_Lymph_Node_D1,CCTAAGCATGCCTTGT-1,1,26.0,82.0
Human_Lymph_Node_D1,CCTAATAGCGGACAGA-1,4,12.0,74.0
Human_Lymph_Node_D1,CCTAATCAGGCCATTA-1,1,10.0,30.0
Human_Lymph_Node_D1,CCTAATCCACAAGGAT-1,1,23.0,63.0
Human_Lymph_Node_D1,CCTAATCGGCAGTCAC-1,0,70.0,64.0
Human_Lymph_Node_D1,CCTAATGGCACTGTTC-1,2,36.0,104.0
Human_Lymph_Node_D1,CCTACACCGACATTAC-1,2,43.0,43.0
Human_Lymph_Node_D1,CCTACCACTCCAGTTA-1,1,31.0,79.0
Human_Lymph_Node_D1,CCTACCATCGCAGTAT-1,1,32.0,8.0
Human_Lymph_Node_D1,CCTACCATGTGATCAC-1,2,42.0,24.0
Human_Lymph_Node_D1,CCTACGAGCTGGCCGG-1,2,27.0,75.0
Human_Lymph_Node_D1,CCTAGCCTAGTACCGG-1,2,52.0,66.0
Human_Lymph_Node_D1,CCTAGCCTTCATCGGC-1,2,47.0,59.0
Human_Lymph_Node_D1,CCTAGTCAGCGAACCA-1,0,56.0,104.0
Human_Lymph_Node_D1,CCTAGTCAGTCCTTAT-1,2,27.0,27.0
Human_Lymph_Node_D1,CCTATGATGGTCAATG-1,3,67.0,51.0
Human_Lymph_Node_D1,CCTATGCCAGCAATCC-1,0,54.0,66.0
Human_Lymph_Node_D1,CCTATGCCGTCGGCAC-1,3,60.0,36.0
Human_Lymph_Node_D1,CCTATGCCTTCTTGTT-1,1,28.0,94.0
Human_Lymph_Node_D1,CCTATGTCTTACCGGC-1,2,53.0,83.0
Human_Lymph_Node_D1,CCTCACAATACAACTG-1,1,14.0,28.0
Human_Lymph_Node_D1,CCTCACATGTACCTGG-1,3,64.0,44.0
Human_Lymph_Node_D1,CCTCACATGTCTTACT-1,1,20.0,38.0
Human_Lymph_Node_D1,CCTCACCTAGTGGCAA-1,1,29.0,87.0
Human_Lymph_Node_D1,CCTCACGTTACTCGCA-1,1,17.0,89.0
Human_Lymph_Node_D1,CCTCACTTCCTTCCGA-1,1,39.0,7.0
Human_Lymph_Node_D1,CCTCATGATTATCTGA-1,2,27.0,29.0
Human_Lymph_Node_D1,CCTCCGAAGCTGTACC-1,0,69.0,47.0
Human_Lymph_Node_D1,CCTCGATAGAATAGGA-1,2,27.0,73.0
Human_Lymph_Node_D1,CCTCGGAAGGCATGCA-1,2,44.0,110.0
Human_Lymph_Node_D1,CCTCGGATCTTGCGGT-1,2,50.0,78.0
Human_Lymph_Node_D1,CCTCGGCGCCGATTGA-1,4,3.0,29.0
Human_Lymph_Node_D1,CCTCGGTATGACAGTA-1,2,46.0,102.0
Human_Lymph_Node_D1,CCTCTACCGTGATTGG-1,2,33.0,67.0
Human_Lymph_Node_D1,CCTCTATGTTGCTTAT-1,3,67.0,27.0
Human_Lymph_Node_D1,CCTCTTCGAGCGGTTG-1,4,31.0,113.0
Human_Lymph_Node_D1,CCTGAAGCAATGCACG-1,1,12.0,14.0
Human_Lymph_Node_D1,CCTGAAGCGTATAGCA-1,2,44.0,36.0
Human_Lymph_Node_D1,CCTGAAGTGCATGCAT-1,3,64.0,42.0
Human_Lymph_Node_D1,CCTGCTCGCCGTCCAG-1,2,45.0,29.0
Human_Lymph_Node_D1,CCTGGATTGCGTAACA-1,3,64.0,80.0
Human_Lymph_Node_D1,CCTGGCATACCTGTCA-1,2,9.0,19.0
Human_Lymph_Node_D1,CCTGGCTTATGGTCTG-1,1,37.0,87.0
Human_Lymph_Node_D1,CCTGTCCTCAGTTGTA-1,1,40.0,36.0
Human_Lymph_Node_D1,CCTGTCTAAGTAGGCT-1,4,30.0,114.0
Human_Lymph_Node_D1,CCTGTCTGATAGGTGA-1,2,32.0,56.0
Human_Lymph_Node_D1,CCTGTCTGCATAGGTC-1,2,45.0,77.0
Human_Lymph_Node_D1,CCTGTCTTACAATCCT-1,1,12.0,32.0
Human_Lymph_Node_D1,CCTTAGATCTGTAATA-1,1,12.0,36.0
Human_Lymph_Node_D1,CCTTAGTCTGTCACTG-1,1,40.0,14.0
Human_Lymph_Node_D1,CCTTAGTTATACCAGA-1,1,29.0,9.0
Human_Lymph_Node_D1,CCTTATGAGGCGTTCC-1,4,4.0,22.0
Human_Lymph_Node_D1,CCTTCACCGACGGACA-1,1,14.0,30.0
Human_Lymph_Node_D1,CCTTCCAACCTTCAGA-1,1,39.0,33.0
Human_Lymph_Node_D1,CCTTCCACTGCCTAAG-1,1,7.0,23.0
Human_Lymph_Node_D1,CCTTCCGCTCCGGCAT-1,2,51.0,57.0
Human_Lymph_Node_D1,CCTTGTCTACTTAGAC-1,2,33.0,107.0
Human_Lymph_Node_D1,CCTTGTCTTACGGTTC-1,1,53.0,31.0
Human_Lymph_Node_D1,CCTTGTGATGGTCTAG-1,2,44.0,80.0
Human_Lymph_Node_D1,CGAACCAGAAGTCTGG-1,1,30.0,70.0
Human_Lymph_Node_D1,CGAACGTGAAGTCCAA-1,3,66.0,30.0
Human_Lymph_Node_D1,CGAACTACAGATGTAA-1,1,41.0,33.0
Human_Lymph_Node_D1,CGAAGACCGCCAGGCG-1,1,27.0,31.0
Human_Lymph_Node_D1,CGAAGATCCGAAGGCA-1,3,65.0,29.0
Human_Lymph_Node_D1,CGAAGTCGTTGGCTCG-1,1,25.0,7.0
Human_Lymph_Node_D1,CGAATCCTGATAGGTG-1,1,8.0,16.0
Human_Lymph_Node_D1,CGAATGGACCGTCTTG-1,1,38.0,92.0
Human_Lymph_Node_D1,CGAATTACTGCTCCGG-1,3,58.0,86.0
Human_Lymph_Node_D1,CGACAAGTACTCCTTA-1,1,30.0,50.0
Human_Lymph_Node_D1,CGACAATCATACGCAC-1,1,15.0,41.0
Human_Lymph_Node_D1,CGACAATTATTCTGTC-1,1,40.0,68.0
Human_Lymph_Node_D1,CGACAATTCGTCATGT-1,4,70.0,68.0
Human_Lymph_Node_D1,CGACATTGTATGGAGG-1,1,28.0,26.0
Human_Lymph_Node_D1,CGACCAGAACTGTCAT-1,1,11.0,45.0
Human_Lymph_Node_D1,CGACCAGAAGGATCCG-1,2,32.0,68.0
Human_Lymph_Node_D1,CGACCAGATTCAGTGA-1,1,47.0,37.0
Human_Lymph_Node_D1,CGACCAGCCTTGATTA-1,1,27.0,93.0
Human_Lymph_Node_D1,CGACCTATACTGACGT-1,1,22.0,20.0
Human_Lymph_Node_D1,CGACCTGCATCTGCAT-1,1,33.0,25.0
Human_Lymph_Node_D1,CGACCTTGGCGTTCTA-1,0,55.0,9.0
Human_Lymph_Node_D1,CGACGCAACATGGCGA-1,3,62.0,90.0
Human_Lymph_Node_D1,CGACGCAGCCTTAGTC-1,2,46.0,92.0
Human_Lymph_Node_D1,CGACGCCAAGGTGCAA-1,1,36.0,22.0
Human_Lymph_Node_D1,CGACGCCGCAAGTAGC-1,3,42.0,112.0
Human_Lymph_Node_D1,CGACGCCGGAGTTGAG-1,4,72.0,48.0
Human_Lymph_Node_D1,CGACGCTCCGCACGTG-1,2,50.0,46.0
Human_Lymph_Node_D1,CGACTAATCGGCTCCT-1,1,11.0,11.0
Human_Lymph_Node_D1,CGACTAATGTTAGGCT-1,0,66.0,76.0
Human_Lymph_Node_D1,CGACTAGGAGATAAGC-1,1,47.0,39.0
Human_Lymph_Node_D1,CGACTAGGTCCTTAAC-1,2,51.0,51.0
Human_Lymph_Node_D1,CGACTGAACGAATGCT-1,0,24.0,100.0
Human_Lymph_Node_D1,CGACTTCACTCGGCAT-1,1,42.0,36.0
Human_Lymph_Node_D1,CGACTTCGCAAGCGGT-1,4,14.0,92.0
Human_Lymph_Node_D1,CGAGATGCGGTATGCG-1,2,50.0,24.0
Human_Lymph_Node_D1,CGAGCCTGCAAGGTTA-1,1,30.0,18.0
Human_Lymph_Node_D1,CGAGCGAGCCACGCTA-1,2,32.0,30.0
Human_Lymph_Node_D1,CGAGCGGCACAGTAGG-1,0,26.0,104.0
Human_Lymph_Node_D1,CGAGCGTAATGGAGTG-1,2,41.0,111.0
Human_Lymph_Node_D1,CGAGCGTATGCCAGCG-1,3,70.0,58.0
Human_Lymph_Node_D1,CGAGCGTGCATTGTGG-1,3,68.0,38.0
Human_Lymph_Node_D1,CGAGCGTGGACTGGAA-1,4,15.0,85.0
Human_Lymph_Node_D1,CGAGCTATGTCCTCGC-1,1,18.0,54.0
Human_Lymph_Node_D1,CGAGCTTAGAATACCT-1,1,37.0,99.0
Human_Lymph_Node_D1,CGAGGAAGACTTAGAT-1,2,41.0,73.0
Human_Lymph_Node_D1,CGAGGACGTAATAGGC-1,4,71.0,59.0
Human_Lymph_Node_D1,CGAGGAGCATGCTATG-1,4,70.0,24.0
Human_Lymph_Node_D1,CGAGGAGCGTTCGTTA-1,1,32.0,82.0
Human_Lymph_Node_D1,CGAGGAGTCTAAGGAT-1,1,29.0,65.0
Human_Lymph_Node_D1,CGAGGATTCGATCATA-1,2,42.0,84.0
Human_Lymph_Node_D1,CGAGGCATCCAAGTCC-1,1,11.0,47.0
Human_Lymph_Node_D1,CGAGTCACTCATAGAT-1,2,52.0,56.0
Human_Lymph_Node_D1,CGAGTCATCCGCACCA-1,2,43.0,45.0
Human_Lymph_Node_D1,CGAGTCCATGTCAACA-1,3,67.0,37.0
Human_Lymph_Node_D1,CGAGTCCGTTGGAACT-1,1,39.0,17.0
Human_Lymph_Node_D1,CGAGTCTTGTACTGCC-1,4,72.0,60.0
Human_Lymph_Node_D1,CGAGTGCGGCTCGTGG-1,1,44.0,64.0
Human_Lymph_Node_D1,CGATAAGAATTCCAGT-1,2,38.0,50.0
Human_Lymph_Node_D1,CGATAAGGATAGGCAA-1,1,39.0,27.0
Human_Lymph_Node_D1,CGATAAGGTGCCTGAC-1,2,34.0,82.0
Human_Lymph_Node_D1,CGATGACCTCATCCTC-1,3,67.0,39.0
Human_Lymph_Node_D1,CGATGAGGCCAACGTA-1,2,41.0,89.0
Human_Lymph_Node_D1,CGATGATCAGCTATAA-1,2,25.0,39.0
Human_Lymph_Node_D1,CGATGATCCTGCAGCC-1,4,65.0,15.0
Human_Lymph_Node_D1,CGATGCACCAGGCCTC-1,3,32.0,62.0
Human_Lymph_Node_D1,CGATGTCCGACTACAG-1,2,39.0,55.0
Human_Lymph_Node_D1,CGATTAACTAATCTTA-1,0,68.0,50.0
Human_Lymph_Node_D1,CGATTGGAACAGGCCA-1,1,38.0,6.0
Human_Lymph_Node_D1,CGCAACCATGCACCGA-1,1,27.0,57.0
Human_Lymph_Node_D1,CGCAATGTATCCAATG-1,1,23.0,11.0
Human_Lymph_Node_D1,CGCACGCAGGTAAGTC-1,1,26.0,32.0
Human_Lymph_Node_D1,CGCACGCATAATGGTG-1,4,8.0,8.0
Human_Lymph_Node_D1,CGCACGGCTGTCAGGT-1,1,17.0,65.0
Human_Lymph_Node_D1,CGCACGTAGCATTGTT-1,2,47.0,107.0
Human_Lymph_Node_D1,CGCACGTATGAAGGCC-1,3,62.0,86.0
Human_Lymph_Node_D1,CGCACGTGACTGTTGG-1,1,42.0,12.0
Human_Lymph_Node_D1,CGCACTAACTACCGGT-1,1,17.0,53.0
Human_Lymph_Node_D1,CGCACTCACCAGCACG-1,0,68.0,74.0
Human_Lymph_Node_D1,CGCACTGTGAGCCTGT-1,2,26.0,52.0
Human_Lymph_Node_D1,CGCACTTAAGGCATGC-1,3,57.0,97.0
Human_Lymph_Node_D1,CGCAGACACTGGCGTA-1,3,59.0,31.0
Human_Lymph_Node_D1,CGCAGAGCAGTCCGAG-1,1,21.0,23.0
Human_Lymph_Node_D1,CGCAGATAGATGTTCT-1,2,43.0,47.0
Human_Lymph_Node_D1,CGCAGATATGGACAGT-1,4,9.0,75.0
Human_Lymph_Node_D1,CGCAGATTCGACCGAA-1,2,45.0,33.0
Human_Lymph_Node_D1,CGCATCTTGACTTAGT-1,2,26.0,46.0
Human_Lymph_Node_D1,CGCATGAGGAGCGTCT-1,1,27.0,85.0
Human_Lymph_Node_D1,CGCATGGAATTCACGA-1,2,42.0,106.0
Human_Lymph_Node_D1,CGCCAACCTGGCGAAT-1,4,8.0,12.0
Human_Lymph_Node_D1,CGCCACAATAGCTCAA-1,2,16.0,30.0
Human_Lymph_Node_D1,CGCCACATGCGTCCAA-1,0,41.0,119.0
Human_Lymph_Node_D1,CGCCATGAGGCGATGA-1,2,35.0,41.0
Human_Lymph_Node_D1,CGCCGGTATCTAGCAC-1,2,53.0,25.0
Human_Lymph_Node_D1,CGCCTCGAGCCACTCG-1,1,33.0,93.0
Human_Lymph_Node_D1,CGCCTCGATAATGCGG-1,2,40.0,100.0
Human_Lymph_Node_D1,CGCCTCGGAACTGTGC-1,4,18.0,94.0
Human_Lymph_Node_D1,CGCCTCGTACGAAGGC-1,0,59.0,27.0
Human_Lymph_Node_D1,CGCCTCTAATTCGCGG-1,1,36.0,34.0
Human_Lymph_Node_D1,CGCCTCTACTCGGAAC-1,3,63.0,35.0
Human_Lymph_Node_D1,CGCCTCTGACTATTGT-1,3,67.0,29.0
Human_Lymph_Node_D1,CGCCTTACGAGTAGCG-1,1,19.0,37.0
Human_Lymph_Node_D1,CGCCTTAGGATCGGCA-1,2,55.0,37.0
Human_Lymph_Node_D1,CGCCTTATCTTGGCGA-1,1,33.0,91.0
Human_Lymph_Node_D1,CGCCTTGACGTGAATC-1,1,19.0,17.0
Human_Lymph_Node_D1,CGCCTTGTGAAGTCTA-1,2,38.0,76.0
Human_Lymph_Node_D1,CGCTACTCAGCCATAG-1,0,69.0,61.0
Human_Lymph_Node_D1,CGCTAGACTTCATCAC-1,1,16.0,42.0
Human_Lymph_Node_D1,CGCTAGCCGCATGCAT-1,2,54.0,80.0
Human_Lymph_Node_D1,CGCTATAGTCTTCATC-1,0,27.0,109.0
Human_Lymph_Node_D1,CGCTATGGTTGGTTAA-1,4,16.0,88.0
Human_Lymph_Node_D1,CGCTATTAATCTATAA-1,2,45.0,111.0
Human_Lymph_Node_D1,CGCTATTATGATACGT-1,2,24.0,52.0
Human_Lymph_Node_D1,CGCTCGCAATTGGCGA-1,1,43.0,39.0
Human_Lymph_Node_D1,CGCTCGGCCGGTTGTC-1,2,49.0,63.0
Human_Lymph_Node_D1,CGCTCGGTACTGCGAA-1,2,37.0,73.0
Human_Lymph_Node_D1,CGCTGCAATCGCTGTT-1,4,66.0,22.0
Human_Lymph_Node_D1,CGCTGCGAGTCCACAT-1,2,65.0,71.0
Human_Lymph_Node_D1,CGCTGCTATGACAGAC-1,0,32.0,112.0
Human_Lymph_Node_D1,CGCTGCTTCGCATACT-1,1,33.0,81.0
Human_Lymph_Node_D1,CGCTGTGACATAGGCA-1,2,54.0,76.0
Human_Lymph_Node_D1,CGCTTAGAATTCTTAC-1,2,57.0,33.0
Human_Lymph_Node_D1,CGCTTATGGTTAGGAT-1,2,42.0,70.0
Human_Lymph_Node_D1,CGCTTGCGTACGGCAC-1,1,26.0,10.0
Human_Lymph_Node_D1,CGCTTGGCTTGGATCT-1,1,18.0,92.0
Human_Lymph_Node_D1,CGGACTGTGAGTATAG-1,1,46.0,56.0
Human_Lymph_Node_D1,CGGAGCCGCAATAGCC-1,3,58.0,98.0
Human_Lymph_Node_D1,CGGAGCGGTAAGACGC-1,1,37.0,41.0
Human_Lymph_Node_D1,CGGAGCTCACTTGCAT-1,1,34.0,2.0
Human_Lymph_Node_D1,CGGAGGCTAGTCGGCA-1,2,12.0,56.0
Human_Lymph_Node_D1,CGGAGTAAGTGCACAT-1,1,48.0,22.0
Human_Lymph_Node_D1,CGGAGTCTTACGTGAA-1,2,44.0,22.0
Human_Lymph_Node_D1,CGGAGTGGCGACTAAG-1,2,48.0,100.0
Human_Lymph_Node_D1,CGGAGTGGTCAAGTAT-1,2,50.0,68.0
Human_Lymph_Node_D1,CGGATGTTGAACCACG-1,0,57.0,63.0
Human_Lymph_Node_D1,CGGATTCCAGACGGTT-1,1,49.0,35.0
Human_Lymph_Node_D1,CGGATTGCGTCTACCT-1,2,58.0,58.0
Human_Lymph_Node_D1,CGGCAACCACTAGCAT-1,1,22.0,72.0
Human_Lymph_Node_D1,CGGCAACCTAAGTCCA-1,2,40.0,82.0
Human_Lymph_Node_D1,CGGCAAGATGCGTCGG-1,2,28.0,34.0
Human_Lymph_Node_D1,CGGCAATCAACGTGGA-1,1,59.0,65.0
Human_Lymph_Node_D1,CGGCACTCCGGTTCGC-1,2,32.0,34.0
Human_Lymph_Node_D1,CGGCACTCTAGCGGAA-1,1,10.0,36.0
Human_Lymph_Node_D1,CGGCATGGCCGCTTGT-1,4,66.0,88.0
Human_Lymph_Node_D1,CGGCATTATCGCGTGG-1,1,18.0,68.0
Human_Lymph_Node_D1,CGGCCTAACGATAATG-1,3,56.0,84.0
Human_Lymph_Node_D1,CGGCCTGCGATCGATG-1,1,39.0,5.0
Human_Lymph_Node_D1,CGGCCTGTCTGTCTGT-1,1,13.0,31.0
Human_Lymph_Node_D1,CGGCGTAGCGCTAGGA-1,3,52.0,52.0
Human_Lymph_Node_D1,CGGCGTTGGTTGCAGC-1,2,57.0,19.0
Human_Lymph_Node_D1,CGGCTCGTGGAGTACT-1,1,51.0,9.0
Human_Lymph_Node_D1,CGGCTTACGTGCACGA-1,1,30.0,12.0
Human_Lymph_Node_D1,CGGCTTATTCGCTAAT-1,1,22.0,12.0
Human_Lymph_Node_D1,CGGCTTCTACGATATG-1,4,11.0,83.0
Human_Lymph_Node_D1,CGGCTTGTGCCGGCCT-1,2,58.0,36.0
Human_Lymph_Node_D1,CGGTAGAACGTGACTT-1,1,39.0,29.0
Human_Lymph_Node_D1,CGGTAGATTCCTATGC-1,1,39.0,31.0
Human_Lymph_Node_D1,CGGTATAGGATGAGCG-1,2,29.0,51.0
Human_Lymph_Node_D1,CGGTCAACGGCGGATT-1,1,38.0,20.0
Human_Lymph_Node_D1,CGGTCATGGAGGACTC-1,2,46.0,44.0
Human_Lymph_Node_D1,CGGTCCATGCGACTCC-1,4,8.0,74.0
Human_Lymph_Node_D1,CGGTCCATTACAACTA-1,2,40.0,44.0
Human_Lymph_Node_D1,CGGTCCGGTTCTTAGC-1,2,50.0,26.0
Human_Lymph_Node_D1,CGGTCTAGATCGAATG-1,2,62.0,58.0
Human_Lymph_Node_D1,CGGTCTGCGGACTCTG-1,4,6.0,26.0
Human_Lymph_Node_D1,CGGTCTGCGTATCTGG-1,3,63.0,83.0
Human_Lymph_Node_D1,CGGTCTGCTTGAATGA-1,1,53.0,9.0
Human_Lymph_Node_D1,CGGTCTTGCTATTCTA-1,1,33.0,21.0
Human_Lymph_Node_D1,CGGTGAACGGTTAGAT-1,2,50.0,22.0
Human_Lymph_Node_D1,CGGTGAACTCACATTG-1,1,42.0,30.0
Human_Lymph_Node_D1,CGGTTATCTGTCTTAA-1,2,31.0,61.0
Human_Lymph_Node_D1,CGGTTGATTGAGCGCC-1,1,15.0,25.0
Human_Lymph_Node_D1,CGTAACATAAGTCATC-1,4,16.0,84.0
Human_Lymph_Node_D1,CGTAACATCGTTACGG-1,1,35.0,1.0
Human_Lymph_Node_D1,CGTAACATTCGCGATA-1,2,26.0,88.0
Human_Lymph_Node_D1,CGTAACATTGGCTGAG-1,2,30.0,100.0
Human_Lymph_Node_D1,CGTAACCTGACATCGA-1,1,15.0,51.0
Human_Lymph_Node_D1,CGTAAGCCGACCGCTT-1,1,47.0,21.0
Human_Lymph_Node_D1,CGTACAGACGAGGACC-1,2,20.0,58.0
Human_Lymph_Node_D1,CGTACAGGCCGCACTG-1,4,15.0,71.0
Human_Lymph_Node_D1,CGTACAGTAAGTAATG-1,0,27.0,105.0
Human_Lymph_Node_D1,CGTACATCACTGGATG-1,1,37.0,37.0
Human_Lymph_Node_D1,CGTAGCCAAGTCCGTC-1,1,39.0,21.0
Human_Lymph_Node_D1,CGTAGCCTTGAGCAAG-1,4,13.0,71.0
Human_Lymph_Node_D1,CGTAGTACAAGGTACT-1,3,64.0,48.0
Human_Lymph_Node_D1,CGTAGTACGCATAATG-1,0,40.0,58.0
Human_Lymph_Node_D1,CGTAGTGACTCAAGGA-1,2,48.0,96.0
Human_Lymph_Node_D1,CGTAGTTCGTTGGTAG-1,1,31.0,99.0
Human_Lymph_Node_D1,CGTCAAGGCGGAATGT-1,2,40.0,66.0
Human_Lymph_Node_D1,CGTCAGAACGTTGCCG-1,2,49.0,79.0
Human_Lymph_Node_D1,CGTCCAATCTGCGTCC-1,2,54.0,46.0
Human_Lymph_Node_D1,CGTCCACCATTCGGTG-1,1,21.0,3.0
Human_Lymph_Node_D1,CGTCCATAATCCGCTT-1,0,59.0,23.0
Human_Lymph_Node_D1,CGTCCATCCTAGCATC-1,3,63.0,59.0
Human_Lymph_Node_D1,CGTCCATCGTCCAATA-1,2,46.0,52.0
Human_Lymph_Node_D1,CGTCCATGTAGCGTCT-1,3,57.0,89.0
Human_Lymph_Node_D1,CGTCGGCAGACGGTAT-1,2,39.0,53.0
Human_Lymph_Node_D1,CGTCGGCGGTAGATCA-1,1,32.0,14.0
Human_Lymph_Node_D1,CGTGAGCAATGGACAT-1,3,61.0,49.0
Human_Lymph_Node_D1,CGTGAGCTGTTATCGT-1,3,62.0,76.0
Human_Lymph_Node_D1,CGTGAGGCCTACAAGT-1,2,14.0,6.0
Human_Lymph_Node_D1,CGTGCGGATTCATGTA-1,1,23.0,37.0
Human_Lymph_Node_D1,CGTGGCTCCTTGTCTT-1,1,36.0,36.0
Human_Lymph_Node_D1,CGTGTACGATGATTGT-1,2,46.0,104.0
Human_Lymph_Node_D1,CGTGTAGTATTCTTGG-1,1,11.0,21.0
Human_Lymph_Node_D1,CGTGTTAACCTGAAGC-1,0,52.0,10.0
Human_Lymph_Node_D1,CGTGTTACCATATGTA-1,2,40.0,8.0
Human_Lymph_Node_D1,CGTGTTAGATGGTATC-1,2,33.0,31.0
Human_Lymph_Node_D1,CGTGTTGGACGTCTGG-1,1,10.0,44.0
Human_Lymph_Node_D1,CGTTAACGAGAAGGAC-1,4,4.0,28.0
Human_Lymph_Node_D1,CGTTACAGTGCACTCA-1,1,19.0,43.0
Human_Lymph_Node_D1,CGTTCCTGTCACCGTG-1,4,9.0,73.0
Human_Lymph_Node_D1,CGTTCTCGAGGTTCGC-1,0,43.0,117.0
Human_Lymph_Node_D1,CGTTGGTCGTCACTGT-1,1,44.0,42.0
Human_Lymph_Node_D1,CGTTGGTGGCGTCTGC-1,4,5.0,53.0
Human_Lymph_Node_D1,CGTTGTGAGCAAGTGG-1,2,35.0,93.0
Human_Lymph_Node_D1,CTAACAGTATACCGGC-1,1,28.0,92.0
Human_Lymph_Node_D1,CTAACCTCACCGAAGA-1,1,8.0,22.0
Human_Lymph_Node_D1,CTAACGTGAATGATGT-1,2,37.0,3.0
Human_Lymph_Node_D1,CTAACGTTAGGCAATG-1,2,42.0,6.0
Human_Lymph_Node_D1,CTAAGCGTGCCTGCAA-1,2,34.0,80.0
Human_Lymph_Node_D1,CTAAGCTCCACGATCA-1,2,57.0,71.0
Human_Lymph_Node_D1,CTAAGCTTACAGTACG-1,2,55.0,79.0
Human_Lymph_Node_D1,CTAAGTCAAGATCATG-1,2,60.0,62.0
Human_Lymph_Node_D1,CTAAGTGGCCGATTAG-1,1,34.0,36.0
Human_Lymph_Node_D1,CTAATCACTCCGAGAC-1,4,69.0,37.0
Human_Lymph_Node_D1,CTAATCTGGCCGTGTT-1,2,28.0,60.0
Human_Lymph_Node_D1,CTAATGACATCATTCT-1,1,23.0,89.0
Human_Lymph_Node_D1,CTAATGAGCGAGGCTA-1,1,23.0,79.0
Human_Lymph_Node_D1,CTAATTATGTTGCCGC-1,0,64.0,88.0
Human_Lymph_Node_D1,CTACAACCGCTGTCTA-1,1,23.0,59.0
Human_Lymph_Node_D1,CTACAGAACCAGTTGA-1,1,19.0,75.0
Human_Lymph_Node_D1,CTACAGAATTAATGAC-1,2,52.0,70.0
Human_Lymph_Node_D1,CTACAGATCGGTCGCC-1,2,34.0,48.0
Human_Lymph_Node_D1,CTACAGATGGTCATAC-1,2,30.0,36.0
Human_Lymph_Node_D1,CTACAGCGTCTACACT-1,2,46.0,70.0
Human_Lymph_Node_D1,CTACAGGTAGAATTCC-1,3,61.0,89.0
Human_Lymph_Node_D1,CTACAGGTCGCTAAGC-1,1,55.0,25.0
Human_Lymph_Node_D1,CTACATCTACTGGCTT-1,1,43.0,63.0
Human_Lymph_Node_D1,CTACCAGACCTCTTAG-1,2,40.0,46.0
Human_Lymph_Node_D1,CTACCAGGAGACATCT-1,2,57.0,47.0
Human_Lymph_Node_D1,CTACCATCGATGAGAA-1,3,68.0,32.0
Human_Lymph_Node_D1,CTACCTGTGCGATGTA-1,1,13.0,1.0
Human_Lymph_Node_D1,CTACCTTATCAACTGA-1,2,48.0,102.0
Human_Lymph_Node_D1,CTACGAATCAGCCTGG-1,1,11.0,63.0
Human_Lymph_Node_D1,CTACGAATTGGCTGGT-1,2,45.0,95.0
Human_Lymph_Node_D1,CTACGAGCCGGACGGT-1,1,32.0,18.0
Human_Lymph_Node_D1,CTACGAGCCTGGAGAC-1,1,48.0,12.0
Human_Lymph_Node_D1,CTACGATGCGTCCGGC-1,4,60.0,100.0
Human_Lymph_Node_D1,CTACGCTACATCTGTT-1,1,16.0,48.0
Human_Lymph_Node_D1,CTACGCTTAGAAGTGC-1,1,21.0,85.0
Human_Lymph_Node_D1,CTACTCGGCGTCTAAT-1,4,5.0,43.0
Human_Lymph_Node_D1,CTACTGCTCCGACAGT-1,2,44.0,94.0
Human_Lymph_Node_D1,CTACTTATGAACATAA-1,4,12.0,82.0
Human_Lymph_Node_D1,CTAGACGATTGAGCTA-1,2,50.0,96.0
Human_Lymph_Node_D1,CTAGCAACCAGTGCGG-1,3,49.0,107.0
Human_Lymph_Node_D1,CTAGCACGATCACTGT-1,3,55.0,95.0
Human_Lymph_Node_D1,CTAGCACGCCAAGCTT-1,4,8.0,66.0
Human_Lymph_Node_D1,CTAGCATAGAGCGAGC-1,3,66.0,64.0
Human_Lymph_Node_D1,CTAGCCGAAGATGGAC-1,3,12.0,50.0
Human_Lymph_Node_D1,CTAGCCGATTCAATGC-1,4,8.0,40.0
Human_Lymph_Node_D1,CTAGCGCCTAGCTTAA-1,2,14.0,62.0
Human_Lymph_Node_D1,CTAGGACGCAAGCATT-1,1,16.0,40.0
Human_Lymph_Node_D1,CTAGGCCAGGAGTACG-1,2,49.0,67.0
Human_Lymph_Node_D1,CTAGTCAGGCGACAGT-1,2,23.0,15.0
Human_Lymph_Node_D1,CTAGTTATGTCCAAGG-1,1,27.0,9.0
Human_Lymph_Node_D1,CTATAACCAGCAGTAT-1,2,41.0,5.0
Human_Lymph_Node_D1,CTATAACTACGCCTGG-1,4,59.0,9.0
Human_Lymph_Node_D1,CTATAACTCCTGGAGG-1,3,63.0,49.0
Human_Lymph_Node_D1,CTATACCGACTCGCAT-1,1,49.0,61.0
Human_Lymph_Node_D1,CTATAGATCCACAAGC-1,1,25.0,97.0
Human_Lymph_Node_D1,CTATCCATTAGCTCGA-1,2,30.0,32.0
Human_Lymph_Node_D1,CTATCCATTGAGCCAC-1,2,47.0,35.0
Human_Lymph_Node_D1,CTATCCGCTGCAATTG-1,2,24.0,24.0
Human_Lymph_Node_D1,CTATCCGTACGTTGGC-1,4,10.0,4.0
Human_Lymph_Node_D1,CTATCGAATGGTCTGT-1,4,71.0,43.0
Human_Lymph_Node_D1,CTATCGAGATGCCTAC-1,1,16.0,58.0
Human_Lymph_Node_D1,CTATCGGATATCGGAG-1,1,30.0,66.0
Human_Lymph_Node_D1,CTATCGGCTTAACTAG-1,1,14.0,20.0
Human_Lymph_Node_D1,CTATCGTATCAGCGTG-1,1,19.0,19.0
Human_Lymph_Node_D1,CTATCGTATGATAGGA-1,3,50.0,110.0
Human_Lymph_Node_D1,CTATCGTTACAACCTT-1,2,64.0,68.0
Human_Lymph_Node_D1,CTATGCCACGAGGCTG-1,1,16.0,4.0
Human_Lymph_Node_D1,CTATGCCATGCGGACA-1,0,63.0,87.0
Human_Lymph_Node_D1,CTATGCCATTGGAGAA-1,4,72.0,54.0
Human_Lymph_Node_D1,CTATGCCGTACAGCGT-1,2,44.0,74.0
Human_Lymph_Node_D1,CTATGGCCAACGCCGG-1,0,38.0,118.0
Human_Lymph_Node_D1,CTATGTAGGCCGAACG-1,2,34.0,76.0
Human_Lymph_Node_D1,CTATGTCGTTCCGCTA-1,2,28.0,0.0
Human_Lymph_Node_D1,CTATGTGCCTTCAGGT-1,2,14.0,8.0
Human_Lymph_Node_D1,CTATGTGCGGTTGACT-1,1,35.0,63.0
Human_Lymph_Node_D1,CTATTAAGCCAGCACT-1,3,60.0,42.0
Human_Lymph_Node_D1,CTATTAGCGGCTTCGT-1,2,19.0,53.0
Human_Lymph_Node_D1,CTATTAGTACTGGCTC-1,1,33.0,5.0
Human_Lymph_Node_D1,CTATTATGAGATACGA-1,2,30.0,24.0
Human_Lymph_Node_D1,CTATTATGGCACCTCG-1,1,21.0,17.0
Human_Lymph_Node_D1,CTATTCCGGCCGTCGG-1,2,51.0,75.0
Human_Lymph_Node_D1,CTATTCGTCTTACATA-1,2,55.0,87.0
Human_Lymph_Node_D1,CTATTCTGCAACGCAC-1,1,14.0,40.0
Human_Lymph_Node_D1,CTATTCTGTAGGACCT-1,1,32.0,96.0
Human_Lymph_Node_D1,CTCAACATCCAGATTG-1,0,14.0,2.0
Human_Lymph_Node_D1,CTCAAGATACAACGGA-1,4,53.0,3.0
Human_Lymph_Node_D1,CTCAATACGTTAACCG-1,2,40.0,64.0
Human_Lymph_Node_D1,CTCAATGACCATTAAG-1,1,38.0,60.0
Human_Lymph_Node_D1,CTCAATTGGCGATTCC-1,3,65.0,79.0
Human_Lymph_Node_D1,CTCACCAGGAATTGAC-1,3,65.0,31.0
Human_Lymph_Node_D1,CTCACCGAGGATCCGC-1,1,8.0,32.0
Human_Lymph_Node_D1,CTCACCGCTCTAATCA-1,1,39.0,3.0
Human_Lymph_Node_D1,CTCACCTGAGACTAAG-1,2,47.0,61.0
Human_Lymph_Node_D1,CTCACCTGCCGACTAA-1,1,42.0,96.0
Human_Lymph_Node_D1,CTCACCTGGCTTAGGT-1,3,66.0,28.0
Human_Lymph_Node_D1,CTCACCTTAATAAGAT-1,1,56.0,50.0
Human_Lymph_Node_D1,CTCACCTTATCTCCTT-1,1,9.0,41.0
Human_Lymph_Node_D1,CTCACCTTCTGAAGTA-1,1,17.0,59.0
Human_Lymph_Node_D1,CTCACGAGTAGATGAG-1,2,47.0,53.0
Human_Lymph_Node_D1,CTCACGATCTCCGGAG-1,1,35.0,19.0
Human_Lymph_Node_D1,CTCACGTATTCAAGCG-1,1,24.0,90.0
Human_Lymph_Node_D1,CTCACGTTCGGTCTGC-1,2,30.0,76.0
Human_Lymph_Node_D1,CTCAGAAGACAACTCG-1,2,50.0,60.0
Human_Lymph_Node_D1,CTCAGGATACGCGGCA-1,2,51.0,47.0
Human_Lymph_Node_D1,CTCAGGCACGTCAGAC-1,2,36.0,28.0
Human_Lymph_Node_D1,CTCAGGTCACTACAGC-1,2,40.0,50.0
Human_Lymph_Node_D1,CTCAGGTCGTGCTCGC-1,1,39.0,15.0
Human_Lymph_Node_D1,CTCATAGCCAATGTCG-1,2,44.0,90.0
Human_Lymph_Node_D1,CTCATCCTGGCAAGTC-1,2,35.0,87.0
Human_Lymph_Node_D1,CTCCACGCTAGCTAGA-1,2,39.0,41.0
Human_Lymph_Node_D1,CTCCACTGGCTAATGG-1,0,41.0,113.0
Human_Lymph_Node_D1,CTCCAGAATATTACAT-1,0,51.0,5.0
Human_Lymph_Node_D1,CTCCATGGCGACCAGT-1,2,53.0,55.0
Human_Lymph_Node_D1,CTCCGCAGCCGCCTTC-1,1,36.0,0.0
Human_Lymph_Node_D1,CTCCGGATCCTCGCTC-1,2,57.0,93.0
Human_Lymph_Node_D1,CTCCGGCCTACAGCTT-1,2,47.0,85.0
Human_Lymph_Node_D1,CTCCGGTTCAGCGGAT-1,0,62.0,22.0
Human_Lymph_Node_D1,CTCCTACATTGTATCT-1,2,40.0,62.0
Human_Lymph_Node_D1,CTCCTACCTCGTGGTA-1,2,31.0,107.0
Human_Lymph_Node_D1,CTCCTACTTGAGTAAG-1,3,58.0,96.0
Human_Lymph_Node_D1,CTCCTGTCGAAGCCAA-1,1,37.0,19.0
Human_Lymph_Node_D1,CTCCTTATCTTAAGAC-1,1,24.0,80.0
Human_Lymph_Node_D1,CTCCTTATGGAACCTT-1,1,53.0,33.0
Human_Lymph_Node_D1,CTCGACAGCACTCGGA-1,2,47.0,65.0
Human_Lymph_Node_D1,CTCGACTCCTAATGGA-1,2,35.0,69.0
Human_Lymph_Node_D1,CTCGATGCGGTGTTAA-1,2,58.0,74.0
Human_Lymph_Node_D1,CTCGATGTTGAACGGC-1,2,55.0,85.0
Human_Lymph_Node_D1,CTCGATGTTGCTATGT-1,2,29.0,31.0
Human_Lymph_Node_D1,CTCGCATACTCAACTC-1,2,49.0,21.0
Human_Lymph_Node_D1,CTCGCTAGCACCATCT-1,1,48.0,64.0
Human_Lymph_Node_D1,CTCGCTGTTCATAGAT-1,1,20.0,62.0
Human_Lymph_Node_D1,CTCGGAATTCTTGATA-1,1,46.0,26.0
Human_Lymph_Node_D1,CTCGGACTAACGTGGC-1,1,22.0,26.0
Human_Lymph_Node_D1,CTCGGAGTCTTAAGGA-1,2,36.0,26.0
Human_Lymph_Node_D1,CTCGGATCGGAATACG-1,2,45.0,87.0
Human_Lymph_Node_D1,CTCGGTCTCCAACTGC-1,1,42.0,10.0
Human_Lymph_Node_D1,CTCGTCGCGATTAATT-1,2,31.0,45.0
Human_Lymph_Node_D1,CTCGTTCTGTCACGTT-1,2,43.0,91.0
Human_Lymph_Node_D1,CTGAAGCGGTTGCCAA-1,1,20.0,10.0
Human_Lymph_Node_D1,CTGAAGCGTGGTGAAG-1,4,6.0,48.0
Human_Lymph_Node_D1,CTGAAGGAGCCTCACT-1,1,27.0,41.0
Human_Lymph_Node_D1,CTGAAGGATCTGTACG-1,2,37.0,25.0
Human_Lymph_Node_D1,CTGAAGGTGCTCGAGG-1,2,46.0,72.0
Human_Lymph_Node_D1,CTGAAGTGCTATGGCG-1,3,37.0,113.0
Human_Lymph_Node_D1,CTGAAGTGCTGAACTG-1,1,33.0,85.0
Human_Lymph_Node_D1,CTGAAGTTGCAGACAT-1,1,33.0,15.0
Human_Lymph_Node_D1,CTGAATTCGCGTAAGG-1,1,42.0,32.0
Human_Lymph_Node_D1,CTGACCGCCAATTAGG-1,3,64.0,34.0
Human_Lymph_Node_D1,CTGACGTATCCGCCAC-1,3,67.0,35.0
Human_Lymph_Node_D1,CTGACTCCGAATCTGC-1,2,53.0,71.0
Human_Lymph_Node_D1,CTGACTCGAATTCGTG-1,2,47.0,43.0
Human_Lymph_Node_D1,CTGACTGATTAGGCTG-1,3,50.0,108.0
Human_Lymph_Node_D1,CTGACTGGTATGATAA-1,4,8.0,62.0
Human_Lymph_Node_D1,CTGACTGGTCTACCTT-1,4,7.0,45.0
Human_Lymph_Node_D1,CTGACTGTGGCCGGTT-1,1,23.0,69.0
Human_Lymph_Node_D1,CTGATGCCAATGCTTC-1,4,6.0,14.0
Human_Lymph_Node_D1,CTGATTAACAGCGGCC-1,2,56.0,18.0
Human_Lymph_Node_D1,CTGATTAACGCAAGAA-1,1,9.0,43.0
Human_Lymph_Node_D1,CTGATTACAATGTCCA-1,1,12.0,44.0
Human_Lymph_Node_D1,CTGATTAGGTGCCGAA-1,0,54.0,110.0
Human_Lymph_Node_D1,CTGATTATCAATAGAC-1,3,44.0,112.0
Human_Lymph_Node_D1,CTGCATAATGGACCGC-1,0,57.0,103.0
Human_Lymph_Node_D1,CTGCATTGAGCACGGA-1,4,4.0,46.0
Human_Lymph_Node_D1,CTGCATTGAGGAGCCG-1,1,9.0,37.0
Human_Lymph_Node_D1,CTGCCGATTGCGATGT-1,1,26.0,48.0
Human_Lymph_Node_D1,CTGCCGCTTCGGCTGC-1,1,18.0,10.0
Human_Lymph_Node_D1,CTGCCGTGAAGTCGCA-1,2,45.0,69.0
Human_Lymph_Node_D1,CTGCCTCCAACACCAG-1,2,51.0,97.0
Human_Lymph_Node_D1,CTGCCTGACACGGATT-1,2,52.0,46.0
Human_Lymph_Node_D1,CTGCCTGTGAGCCAGG-1,4,10.0,80.0
Human_Lymph_Node_D1,CTGCTCATTAGAGTGC-1,2,34.0,58.0
Human_Lymph_Node_D1,CTGGAACAATAGACAG-1,2,44.0,34.0
Human_Lymph_Node_D1,CTGGAAGGCAACCGGA-1,0,69.0,75.0
Human_Lymph_Node_D1,CTGGAAGTCTAAGCTC-1,0,65.0,87.0
Human_Lymph_Node_D1,CTGGAATAGGAATTAG-1,4,66.0,24.0
Human_Lymph_Node_D1,CTGGAATAGTGCAAGT-1,1,31.0,63.0
Human_Lymph_Node_D1,CTGGAATGGATCAGCA-1,2,24.0,60.0
Human_Lymph_Node_D1,CTGGCACTTCTGCGTC-1,4,72.0,58.0
Human_Lymph_Node_D1,CTGGCCTTACCACTTA-1,3,62.0,68.0
Human_Lymph_Node_D1,CTGGCCTTGCATTCGG-1,2,53.0,45.0
Human_Lymph_Node_D1,CTGGCGCACTTACTGA-1,1,17.0,61.0
Human_Lymph_Node_D1,CTGGCGCATATCCGTG-1,0,22.0,102.0
Human_Lymph_Node_D1,CTGGCGGACAACGCAC-1,2,34.0,18.0
Human_Lymph_Node_D1,CTGGCTGGACGCTTGG-1,1,27.0,23.0
Human_Lymph_Node_D1,CTGGTACTCGAAGTGG-1,4,6.0,12.0
Human_Lymph_Node_D1,CTGGTGAGGTCTCGTC-1,0,64.0,22.0
Human_Lymph_Node_D1,CTGGTGATCCTGAAGG-1,2,57.0,49.0
Human_Lymph_Node_D1,CTGGTGATCGCCGTAG-1,1,23.0,39.0
Human_Lymph_Node_D1,CTGGTGCACCATACCA-1,1,11.0,27.0
Human_Lymph_Node_D1,CTGGTGCACGATCAAG-1,0,44.0,2.0
Human_Lymph_Node_D1,CTGGTGCGAGAAGCTT-1,3,68.0,28.0
Human_Lymph_Node_D1,CTGGTGCGTTCACGAG-1,3,29.0,67.0
Human_Lymph_Node_D1,CTGGTGCTACAGTATT-1,0,54.0,12.0
Human_Lymph_Node_D1,CTGGTGCTTATGACCA-1,1,49.0,31.0
Human_Lymph_Node_D1,CTGGTGGCCAATAAGT-1,1,30.0,80.0
Human_Lymph_Node_D1,CTGGTTGGACATCACC-1,4,17.0,69.0
Human_Lymph_Node_D1,CTGGTTGGCTTGTTAC-1,3,66.0,46.0
Human_Lymph_Node_D1,CTGTATCGGAAGCTCC-1,0,37.0,117.0
Human_Lymph_Node_D1,CTGTATCTTCGCCATA-1,3,42.0,54.0
Human_Lymph_Node_D1,CTGTATGGCTCAACAT-1,1,43.0,19.0
Human_Lymph_Node_D1,CTGTCACTCGGCCTTA-1,2,40.0,78.0
Human_Lymph_Node_D1,CTGTCAGATCGATGCG-1,1,21.0,49.0
Human_Lymph_Node_D1,CTGTCAGGCTTCCTAA-1,0,60.0,16.0
Human_Lymph_Node_D1,CTGTCTATCCACATCT-1,1,30.0,22.0
Human_Lymph_Node_D1,CTGTGCAGATGATAAT-1,1,15.0,3.0
Human_Lymph_Node_D1,CTGTGCGTGAGCCGTC-1,4,72.0,64.0
Human_Lymph_Node_D1,CTGTGGCTTGTCAGCT-1,2,32.0,110.0
Human_Lymph_Node_D1,CTGTGGTAAGCTAATA-1,2,40.0,110.0
Human_Lymph_Node_D1,CTGTTATGGCCAGCGG-1,1,8.0,30.0
Human_Lymph_Node_D1,CTGTTCCAGAAGCTGA-1,2,39.0,69.0
Human_Lymph_Node_D1,CTGTTCGTATGCACCA-1,2,57.0,53.0
Human_Lymph_Node_D1,CTGTTCTGCTCAGGAC-1,1,18.0,88.0
Human_Lymph_Node_D1,CTGTTGCTACTCACAG-1,1,17.0,87.0
Human_Lymph_Node_D1,CTTACGAACTCCGTCC-1,0,56.0,64.0
Human_Lymph_Node_D1,CTTACGCAGAGGCTCG-1,4,5.0,33.0
Human_Lymph_Node_D1,CTTACGCCATGCACAG-1,1,34.0,24.0
Human_Lymph_Node_D1,CTTACGGTAAGCCGAA-1,2,39.0,63.0
Human_Lymph_Node_D1,CTTACGTCATCCTTAT-1,2,34.0,52.0
Human_Lymph_Node_D1,CTTAGCAACTAGGACC-1,2,52.0,16.0
Human_Lymph_Node_D1,CTTAGCAAGGACAGCC-1,2,36.0,106.0
Human_Lymph_Node_D1,CTTAGCACGACAGAAC-1,1,33.0,11.0
Human_Lymph_Node_D1,CTTAGCCTAATGGTAA-1,2,38.0,108.0
Human_Lymph_Node_D1,CTTAGCGTAGCGTGCG-1,1,20.0,22.0
Human_Lymph_Node_D1,CTTAGCTACCATCTCA-1,4,72.0,62.0
Human_Lymph_Node_D1,CTTAGCTACGCAAGGT-1,2,37.0,71.0
Human_Lymph_Node_D1,CTTAGCTATCCTTGCG-1,1,24.0,12.0
Human_Lymph_Node_D1,CTTAGCTTAGTTCTCG-1,1,27.0,87.0
Human_Lymph_Node_D1,CTTAGCTTCGCTGACC-1,1,43.0,9.0
Human_Lymph_Node_D1,CTTAGTAAGCGTGGCA-1,2,38.0,24.0
Human_Lymph_Node_D1,CTTAGTCCTCATAAGT-1,1,20.0,16.0
Human_Lymph_Node_D1,CTTAGTCTATCGAGAC-1,1,36.0,64.0
Human_Lymph_Node_D1,CTTAGTCTCGACAACT-1,1,24.0,84.0
Human_Lymph_Node_D1,CTTAGTCTGTGCATCC-1,1,15.0,37.0
Human_Lymph_Node_D1,CTTAGTCTTATTCGGA-1,2,52.0,94.0
Human_Lymph_Node_D1,CTTAGTCTTCGATGTC-1,1,14.0,0.0
Human_Lymph_Node_D1,CTTAGTGCGACCTATT-1,2,58.0,48.0
Human_Lymph_Node_D1,CTTAGTGCGTTGACGC-1,4,16.0,78.0
Human_Lymph_Node_D1,CTTAGTGGCTAAGACG-1,1,12.0,54.0
Human_Lymph_Node_D1,CTTAGTGGTACACGAC-1,2,35.0,43.0
Human_Lymph_Node_D1,CTTAGTTGCTCGTTGT-1,1,27.0,99.0
Human_Lymph_Node_D1,CTTAGTTGGAGCGACC-1,3,64.0,30.0
Human_Lymph_Node_D1,CTTATTCACTAGCTGG-1,1,24.0,98.0
Human_Lymph_Node_D1,CTTCAAGTCGACCTTC-1,2,30.0,94.0
Human_Lymph_Node_D1,CTTCATGCCTAGACGG-1,4,10.0,58.0
Human_Lymph_Node_D1,CTTCATTGGATACCAC-1,1,17.0,39.0
Human_Lymph_Node_D1,CTTCCAATTGAAGATT-1,1,28.0,48.0
Human_Lymph_Node_D1,CTTCCACGATCCTGTA-1,4,7.0,71.0
Human_Lymph_Node_D1,CTTCCACGCCTTCCTG-1,1,13.0,11.0
Human_Lymph_Node_D1,CTTCCGACGCACAACC-1,2,38.0,82.0
Human_Lymph_Node_D1,CTTCCGTCGCTGCATC-1,1,26.0,66.0
Human_Lymph_Node_D1,CTTCGACCAAGCCGAG-1,3,49.0,103.0
Human_Lymph_Node_D1,CTTCGACTCCAGACTG-1,0,28.0,112.0
Human_Lymph_Node_D1,CTTCGAGTGATGGAAT-1,1,9.0,13.0
Human_Lymph_Node_D1,CTTCGATAACATTGGT-1,2,44.0,70.0
Human_Lymph_Node_D1,CTTCGATACTCCGACC-1,1,38.0,74.0
Human_Lymph_Node_D1,CTTCGATATGTAGGAG-1,1,22.0,86.0
Human_Lymph_Node_D1,CTTCGATGGACGTACC-1,4,13.0,77.0
Human_Lymph_Node_D1,CTTCGCCGCAACATTA-1,2,62.0,70.0
Human_Lymph_Node_D1,CTTCGGCTCACTACCT-1,0,21.0,97.0
Human_Lymph_Node_D1,CTTCGTATTAATACGG-1,2,55.0,51.0
Human_Lymph_Node_D1,CTTCGTCAAGACTCGT-1,2,42.0,50.0
Human_Lymph_Node_D1,CTTCTGAGCCAGGAAC-1,1,13.0,51.0
Human_Lymph_Node_D1,CTTCTGAGGTCGCATA-1,1,10.0,6.0
Human_Lymph_Node_D1,CTTCTGTACGGACATC-1,2,52.0,48.0
Human_Lymph_Node_D1,CTTGAACCGAGTTAAT-1,1,14.0,10.0
Human_Lymph_Node_D1,CTTGAACTTAGAGGAA-1,1,49.0,41.0
Human_Lymph_Node_D1,CTTGAGCCTTGTTCCA-1,2,31.0,35.0
Human_Lymph_Node_D1,CTTGAGTCCAAGGCTG-1,3,68.0,58.0
Human_Lymph_Node_D1,CTTGATGCAATCACAA-1,2,58.0,78.0
Human_Lymph_Node_D1,CTTGCCGGAAGACGCA-1,3,59.0,93.0
Human_Lymph_Node_D1,CTTGCGTAACAGCAGT-1,2,29.0,33.0
Human_Lymph_Node_D1,CTTGGACAGGTTAGAA-1,4,67.0,83.0
Human_Lymph_Node_D1,CTTGGACATTACAGGA-1,4,69.0,33.0
Human_Lymph_Node_D1,CTTGGAGGCCACCTGC-1,4,16.0,96.0
Human_Lymph_Node_D1,CTTGGTCGGAAGTAGC-1,0,48.0,2.0
Human_Lymph_Node_D1,CTTGGTTAGAGTCATC-1,2,31.0,59.0
Human_Lymph_Node_D1,CTTGTCAAGGCGTCAA-1,3,61.0,91.0
Human_Lymph_Node_D1,CTTGTCAGTTCGGTAA-1,3,66.0,54.0
Human_Lymph_Node_D1,GAACAAGGTCGAGCAA-1,2,61.0,71.0
Human_Lymph_Node_D1,GAACAGATAACCTTAA-1,2,40.0,76.0
Human_Lymph_Node_D1,GAACAGATCCGCTAGA-1,2,67.0,79.0
Human_Lymph_Node_D1,GAACATTCGACACGTA-1,1,28.0,52.0
Human_Lymph_Node_D1,GAACCGAACGAAGACT-1,2,56.0,20.0
Human_Lymph_Node_D1,GAACGCCACGGTGGTT-1,4,70.0,34.0
Human_Lymph_Node_D1,GAACGCCAGTGCATAC-1,2,55.0,47.0
Human_Lymph_Node_D1,GAACGCTAGAAGGCTA-1,2,38.0,100.0
Human_Lymph_Node_D1,GAACTAACTCTACGTG-1,1,25.0,67.0
Human_Lymph_Node_D1,GAACTACAAGTAGGAG-1,1,35.0,15.0
Human_Lymph_Node_D1,GAACTACCTTATCATA-1,2,45.0,81.0
Human_Lymph_Node_D1,GAACTATCGTCTCGTC-1,2,11.0,13.0
Human_Lymph_Node_D1,GAACTCATAGTGAGTG-1,2,54.0,58.0
Human_Lymph_Node_D1,GAACTCCTCATACATA-1,2,63.0,71.0
Human_Lymph_Node_D1,GAACTCCTGGAGGCTC-1,2,52.0,44.0
Human_Lymph_Node_D1,GAACTGTAACTCAGGC-1,2,31.0,75.0
Human_Lymph_Node_D1,GAACTTGGTGAGGATA-1,2,52.0,78.0
Human_Lymph_Node_D1,GAAGCGATTGCCGAAT-1,1,17.0,19.0
Human_Lymph_Node_D1,GAAGCGGCTGATCAGT-1,2,56.0,30.0
Human_Lymph_Node_D1,GAAGCGTCCATAGTTG-1,0,68.0,68.0
Human_Lymph_Node_D1,GAAGCTGCCTCGTGAG-1,4,6.0,30.0
Human_Lymph_Node_D1,GAAGCTGTTCTACATC-1,1,31.0,27.0
Human_Lymph_Node_D1,GAAGCTTGACGCTTAA-1,4,72.0,40.0
Human_Lymph_Node_D1,GAAGGATGGTATACGT-1,3,67.0,31.0
Human_Lymph_Node_D1,GAATAAGGAGAACTAA-1,1,43.0,61.0
Human_Lymph_Node_D1,GAATACAGACGAACTG-1,2,42.0,98.0
Human_Lymph_Node_D1,GAATACCTGCCACGGC-1,4,70.0,40.0
Human_Lymph_Node_D1,GAATACTAAGGCGAAT-1,1,30.0,28.0
Human_Lymph_Node_D1,GAATCAATTACCGACC-1,1,31.0,9.0
Human_Lymph_Node_D1,GAATCATAGTCTGAAG-1,2,44.0,30.0
Human_Lymph_Node_D1,GAATCATGAACCAGTG-1,0,55.0,63.0
Human_Lymph_Node_D1,GAATCATTATGAGCTG-1,4,6.0,42.0
Human_Lymph_Node_D1,GAATGACAACTAGTCA-1,3,62.0,28.0
Human_Lymph_Node_D1,GAATGACACGACTAGG-1,2,45.0,51.0
Human_Lymph_Node_D1,GAATGACCACAATCGA-1,2,50.0,58.0
Human_Lymph_Node_D1,GAATGAGTATAGACCA-1,2,42.0,104.0
Human_Lymph_Node_D1,GAATGGCCAAGGAGGC-1,2,56.0,38.0
Human_Lymph_Node_D1,GAATGTATTGGATCAA-1,1,22.0,30.0
Human_Lymph_Node_D1,GAATGTGCCTAGCAGA-1,1,14.0,38.0
Human_Lymph_Node_D1,GAATTAACCTTCAATT-1,2,61.0,57.0
Human_Lymph_Node_D1,GACAACATCATGCCGC-1,2,47.0,9.0
Human_Lymph_Node_D1,GACAACCTAGGAGTCT-1,3,64.0,40.0
Human_Lymph_Node_D1,GACAACGGACTCAGCT-1,2,34.0,62.0
Human_Lymph_Node_D1,GACAACGGCGATGTTA-1,2,52.0,42.0
Human_Lymph_Node_D1,GACAACTTAACCAACC-1,1,35.0,81.0
Human_Lymph_Node_D1,GACAACTTGATTGTGA-1,1,34.0,6.0
Human_Lymph_Node_D1,GACAAGCTGAATCTGG-1,2,35.0,75.0
Human_Lymph_Node_D1,GACAAGGTGGTCCGGC-1,3,16.0,0.0
Human_Lymph_Node_D1,GACAATCTATTAGATT-1,1,24.0,48.0
Human_Lymph_Node_D1,GACAATGACAAGCTTA-1,1,12.0,52.0
Human_Lymph_Node_D1,GACAATTGTATGCTTC-1,1,45.0,45.0
Human_Lymph_Node_D1,GACAGCAACTCAGAAC-1,0,54.0,10.0
Human_Lymph_Node_D1,GACAGTCACTTCGCTC-1,2,40.0,70.0
Human_Lymph_Node_D1,GACATCCTCAACCTCG-1,1,14.0,14.0
Human_Lymph_Node_D1,GACATCCTTCATTATC-1,1,10.0,38.0
Human_Lymph_Node_D1,GACATCTGCGGTCTTG-1,0,51.0,13.0
Human_Lymph_Node_D1,GACATTATCTTAATCT-1,1,16.0,34.0
Human_Lymph_Node_D1,GACCAATTGCGTCAGA-1,4,11.0,67.0
Human_Lymph_Node_D1,GACCACATTCTTGAAT-1,2,33.0,63.0
Human_Lymph_Node_D1,GACCACGGCGTACATA-1,1,47.0,11.0
Human_Lymph_Node_D1,GACCACTCCTGACGTT-1,0,21.0,101.0
Human_Lymph_Node_D1,GACCACTTAGACAGGT-1,3,55.0,97.0
Human_Lymph_Node_D1,GACCGAATCTAATACG-1,1,53.0,69.0
Human_Lymph_Node_D1,GACCGACAATAGGAAT-1,2,51.0,7.0
Human_Lymph_Node_D1,GACCGGCCATGTACCG-1,1,34.0,92.0
Human_Lymph_Node_D1,GACCGTATTAGACCGG-1,1,17.0,31.0
Human_Lymph_Node_D1,GACCTGCTGTACGAAG-1,1,42.0,18.0
Human_Lymph_Node_D1,GACCTGTCGATTGCAG-1,1,8.0,14.0
Human_Lymph_Node_D1,GACGAGCTGCACTCGT-1,1,38.0,32.0
Human_Lymph_Node_D1,GACGAGTGCTGGAGAT-1,2,9.0,17.0
Human_Lymph_Node_D1,GACGCAGCGTCAAGTT-1,2,49.0,73.0
Human_Lymph_Node_D1,GACGCCTCGTCAGAGG-1,2,46.0,20.0
Human_Lymph_Node_D1,GACGCCTCTTGATTGT-1,1,20.0,18.0
Human_Lymph_Node_D1,GACGGCTTAGGTGCGA-1,2,19.0,65.0
Human_Lymph_Node_D1,GACGGTACCTGGCCGT-1,2,40.0,20.0
Human_Lymph_Node_D1,GACGGTGGTTGATGTC-1,2,58.0,52.0
Human_Lymph_Node_D1,GACGTACAGGAACGCT-1,2,49.0,25.0
Human_Lymph_Node_D1,GACGTCTTATCTCAGC-1,0,36.0,116.0
Human_Lymph_Node_D1,GACGTGGTGCTCCAGA-1,3,62.0,84.0
Human_Lymph_Node_D1,GACTACGAGTTCCATT-1,2,31.0,69.0
Human_Lymph_Node_D1,GACTAGATTAGCTAAC-1,3,13.0,49.0
Human_Lymph_Node_D1,GACTAGTAATCTTGCT-1,2,33.0,55.0
Human_Lymph_Node_D1,GACTGACAGGAACCAG-1,4,4.0,20.0
Human_Lymph_Node_D1,GACTGCCATAGAATAC-1,1,30.0,84.0
Human_Lymph_Node_D1,GACTGCGGTCTGCGTG-1,2,23.0,85.0
Human_Lymph_Node_D1,GACTTCATACCGCTGT-1,1,41.0,31.0
Human_Lymph_Node_D1,GACTTGAACGTCCGTA-1,2,50.0,32.0
Human_Lymph_Node_D1,GACTTGAAGCCATAGC-1,4,71.0,67.0
Human_Lymph_Node_D1,GAGCCAAGCGATCGTA-1,1,51.0,29.0
Human_Lymph_Node_D1,GAGCCAGCTTACGGTA-1,2,56.0,82.0
Human_Lymph_Node_D1,GAGCCAGTATTGTCAA-1,1,19.0,3.0
Human_Lymph_Node_D1,GAGCCTCACGTATGTA-1,1,26.0,64.0
Human_Lymph_Node_D1,GAGCCTCCAGTACCGA-1,0,56.0,28.0
Human_Lymph_Node_D1,GAGCGAATCGGTAGAA-1,1,43.0,27.0
Human_Lymph_Node_D1,GAGCGATACTCCAGGC-1,1,15.0,27.0
Human_Lymph_Node_D1,GAGCGGCAATGGAATA-1,1,29.0,7.0
Human_Lymph_Node_D1,GAGCTAACCTACTTAC-1,0,28.0,110.0
Human_Lymph_Node_D1,GAGCTAAGGTTGCGTT-1,1,52.0,26.0
Human_Lymph_Node_D1,GAGCTACAAGATCAAG-1,2,45.0,35.0
Human_Lymph_Node_D1,GAGCTACAGCTCGGTA-1,2,32.0,78.0
Human_Lymph_Node_D1,GAGGAAGGCAACGGCG-1,3,66.0,36.0
Human_Lymph_Node_D1,GAGGACAGATCGCCTA-1,2,46.0,18.0
Human_Lymph_Node_D1,GAGGACGAGTCCTAGT-1,1,21.0,25.0
Human_Lymph_Node_D1,GAGGATCCAGAACTGG-1,2,29.0,69.0
Human_Lymph_Node_D1,GAGGATGATAGGAAGG-1,1,26.0,74.0
Human_Lymph_Node_D1,GAGGCCACAAGGTGCA-1,1,22.0,36.0
Human_Lymph_Node_D1,GAGGCCACTTCTAGAT-1,1,24.0,8.0
Human_Lymph_Node_D1,GAGGCCAGCAGAGGTT-1,2,26.0,44.0
Human_Lymph_Node_D1,GAGGCCATGGCTCGGA-1,4,4.0,42.0
Human_Lymph_Node_D1,GAGGCGCTCCATTCCT-1,1,21.0,45.0
Human_Lymph_Node_D1,GAGGTAACATTCGATC-1,1,21.0,89.0
Human_Lymph_Node_D1,GAGGTAACTAGACAGT-1,0,21.0,103.0
Human_Lymph_Node_D1,GAGGTAACTGCGAGAC-1,2,40.0,38.0
Human_Lymph_Node_D1,GAGGTACAACCTTCCG-1,4,56.0,4.0
Human_Lymph_Node_D1,GAGGTATTAATAGCGG-1,2,36.0,66.0
Human_Lymph_Node_D1,GAGGTCACTGTAAGCT-1,2,52.0,84.0
Human_Lymph_Node_D1,GAGGTCCAAGTAGCTA-1,0,63.0,19.0
Human_Lymph_Node_D1,GAGGTGAGATCATTGG-1,4,70.0,26.0
Human_Lymph_Node_D1,GAGGTGAGGATTCATT-1,3,65.0,25.0
Human_Lymph_Node_D1,GAGGTGCATTCGGATC-1,2,39.0,65.0
Human_Lymph_Node_D1,GAGGTGCGGCTGACCA-1,1,10.0,54.0
Human_Lymph_Node_D1,GAGGTGGCTCGAGGTT-1,3,37.0,111.0
Human_Lymph_Node_D1,GAGGTGTAGCAACTCA-1,2,28.0,40.0
Human_Lymph_Node_D1,GAGGTTAGATCGAAGA-1,4,12.0,2.0
Human_Lymph_Node_D1,GAGTAACGTGGCTTGA-1,2,59.0,67.0
Human_Lymph_Node_D1,GAGTAGACGCAGGCTC-1,2,33.0,33.0
Human_Lymph_Node_D1,GAGTAGATACGTCAAC-1,4,9.0,79.0
Human_Lymph_Node_D1,GAGTAGATTATGGTTC-1,0,25.0,103.0
Human_Lymph_Node_D1,GAGTAGGATGGTAGTC-1,2,34.0,72.0
Human_Lymph_Node_D1,GAGTCCACGCCTGAAG-1,2,55.0,91.0
Human_Lymph_Node_D1,GAGTCCACTCATAACA-1,1,41.0,85.0
Human_Lymph_Node_D1,GAGTCCTACCTCTGCA-1,2,46.0,4.0
Human_Lymph_Node_D1,GAGTCCTCTAGCGACA-1,2,54.0,34.0
Human_Lymph_Node_D1,GAGTCTCGAGATAGTC-1,2,43.0,107.0
Human_Lymph_Node_D1,GAGTCTGACTATAGAA-1,1,21.0,59.0
Human_Lymph_Node_D1,GAGTCTGGTGAATGAG-1,1,30.0,72.0
Human_Lymph_Node_D1,GAGTGCAGCGTCATCG-1,2,54.0,38.0
Human_Lymph_Node_D1,GAGTGCCGCATTAGGC-1,2,45.0,67.0
Human_Lymph_Node_D1,GAGTGCGGATACAGTC-1,3,65.0,45.0
Human_Lymph_Node_D1,GAGTGCGTACTGTAAC-1,1,10.0,26.0
Human_Lymph_Node_D1,GAGTGGAGCAAGCGCA-1,1,26.0,90.0
Human_Lymph_Node_D1,GAGTTAATCTCGTTAT-1,1,17.0,79.0
Human_Lymph_Node_D1,GAGTTAATTCCACTGG-1,1,58.0,64.0
Human_Lymph_Node_D1,GAGTTACTCAATGGAA-1,2,34.0,102.0
Human_Lymph_Node_D1,GAGTTAGCAGTAGATG-1,0,53.0,109.0
Human_Lymph_Node_D1,GAGTTCTATCGTGCCT-1,1,30.0,56.0
Human_Lymph_Node_D1,GAGTTGGTATTAATAG-1,1,11.0,51.0
Human_Lymph_Node_D1,GATAAGCACGTGCGTA-1,0,28.0,106.0
Human_Lymph_Node_D1,GATAAGTTGGCGATTA-1,3,63.0,81.0
Human_Lymph_Node_D1,GATAATCAGCTATTGT-1,1,35.0,25.0
Human_Lymph_Node_D1,GATACCTCGCGACTGC-1,4,9.0,49.0
Human_Lymph_Node_D1,GATACTTCACTCAGCA-1,2,56.0,56.0
Human_Lymph_Node_D1,GATAGAGTCTGAATCG-1,1,50.0,34.0
Human_Lymph_Node_D1,GATAGAGTGATAAGCT-1,2,54.0,22.0
Human_Lymph_Node_D1,GATAGATGTTGAAGAT-1,2,59.0,73.0
Human_Lymph_Node_D1,GATAGCTAATGGATAG-1,1,40.0,4.0
Human_Lymph_Node_D1,GATAGTGACACTCCAA-1,3,51.0,53.0
Human_Lymph_Node_D1,GATATCCATATGAGGC-1,3,57.0,13.0
Human_Lymph_Node_D1,GATATCTTGTGACACG-1,1,40.0,26.0
Human_Lymph_Node_D1,GATATGCTCACGTTAC-1,3,64.0,54.0
Human_Lymph_Node_D1,GATCCACCGCGTGCAA-1,2,42.0,80.0
Human_Lymph_Node_D1,GATCCGGACATACACC-1,2,24.0,28.0
Human_Lymph_Node_D1,GATCGGAGATACGCAG-1,2,34.0,54.0
Human_Lymph_Node_D1,GATCGTAACATTAATA-1,4,13.0,67.0
Human_Lymph_Node_D1,GATCGTAAGAGTCGCA-1,2,22.0,92.0
Human_Lymph_Node_D1,GATCGTCATGCGGAGG-1,3,63.0,37.0
Human_Lymph_Node_D1,GATCGTGGCCACAACC-1,1,20.0,48.0
Human_Lymph_Node_D1,GATCTATGAAGATGCG-1,2,52.0,50.0
Human_Lymph_Node_D1,GATCTTGTCATGATCT-1,3,63.0,51.0
Human_Lymph_Node_D1,GATGACTCTGAATCTT-1,3,64.0,50.0
Human_Lymph_Node_D1,GATGAGTGAACGGCTG-1,2,34.0,42.0
Human_Lymph_Node_D1,GATGCCAGACATAATG-1,2,14.0,46.0
Human_Lymph_Node_D1,GATGCCGACAGATATT-1,1,10.0,56.0
Human_Lymph_Node_D1,GATGCCTAGAGTCTGT-1,2,42.0,64.0
Human_Lymph_Node_D1,GATGGACCTGGACGGA-1,2,50.0,48.0
Human_Lymph_Node_D1,GATGGACGGCAGATGA-1,2,54.0,32.0
Human_Lymph_Node_D1,GATGTAGCGAGGTCCA-1,2,46.0,86.0
Human_Lymph_Node_D1,GATGTAGGAGTTGGCC-1,2,32.0,64.0
Human_Lymph_Node_D1,GATTATGTGACATGAT-1,2,42.0,8.0
Human_Lymph_Node_D1,GATTCCATACTGAACC-1,2,35.0,51.0
Human_Lymph_Node_D1,GATTCCATTGAGTTGA-1,1,44.0,86.0
Human_Lymph_Node_D1,GATTCCGCTATCGGCT-1,1,15.0,39.0
Human_Lymph_Node_D1,GATTCCGCTGCAAGAT-1,1,46.0,66.0
Human_Lymph_Node_D1,GATTCCGTGCGTATAC-1,2,35.0,103.0
Human_Lymph_Node_D1,GATTCCTGCAGATCGT-1,0,52.0,12.0
Human_Lymph_Node_D1,GATTCGCCATGTATCA-1,1,45.0,9.0
Human_Lymph_Node_D1,GATTGACTCCATGCGA-1,2,64.0,76.0
Human_Lymph_Node_D1,GATTGTCGCAACGAGG-1,1,36.0,94.0
Human_Lymph_Node_D1,GCAACAGCCTGCTCTA-1,1,15.0,19.0
Human_Lymph_Node_D1,GCAACAGCGTGGATCA-1,2,34.0,0.0
Human_Lymph_Node_D1,GCAACAGCTCCTATGA-1,0,70.0,52.0
Human_Lymph_Node_D1,GCAACAGGCCATTGAC-1,2,27.0,37.0
Human_Lymph_Node_D1,GCAACATACATCAGCA-1,1,21.0,73.0
Human_Lymph_Node_D1,GCAACATGGTTCTTCA-1,3,49.0,5.0
Human_Lymph_Node_D1,GCAAGAATGTTCCACC-1,1,35.0,21.0
Human_Lymph_Node_D1,GCAAGATAGGTTAACT-1,1,38.0,62.0
Human_Lymph_Node_D1,GCAAGCACTACCGCCA-1,2,15.0,63.0
Human_Lymph_Node_D1,GCAAGCTTATTGACGT-1,4,10.0,74.0
Human_Lymph_Node_D1,GCAATACATGAGGACA-1,1,23.0,91.0
Human_Lymph_Node_D1,GCAATCCTCGAGCGTT-1,2,45.0,21.0
Human_Lymph_Node_D1,GCAATCGTGACTCCAA-1,2,60.0,46.0
Human_Lymph_Node_D1,GCAATTAATCAACGTA-1,1,32.0,106.0
Human_Lymph_Node_D1,GCAATTCCTATCATAC-1,2,56.0,68.0
Human_Lymph_Node_D1,GCAATTCTGTGACAGA-1,1,54.0,26.0
Human_Lymph_Node_D1,GCACAGCTGTGGTTGA-1,2,51.0,79.0
Human_Lymph_Node_D1,GCACATGCCGGTCTGG-1,0,69.0,65.0
Human_Lymph_Node_D1,GCACCGAAGATGTCTA-1,2,61.0,77.0
Human_Lymph_Node_D1,GCACCTAGCCGAATCT-1,1,38.0,40.0
Human_Lymph_Node_D1,GCACCTAGTAATTATC-1,0,68.0,66.0
Human_Lymph_Node_D1,GCACCTTACTGGCTAC-1,2,41.0,75.0
Human_Lymph_Node_D1,GCACCTTAGCCTCGCA-1,1,25.0,99.0
Human_Lymph_Node_D1,GCACGAGCAGTACCGA-1,1,19.0,23.0
Human_Lymph_Node_D1,GCACGAGCTATTGTCG-1,3,69.0,41.0
Human_Lymph_Node_D1,GCACGCAACCATACCA-1,1,38.0,18.0
Human_Lymph_Node_D1,GCACGCATAGATTGCT-1,2,32.0,42.0
Human_Lymph_Node_D1,GCACGCATAGGCGATC-1,2,42.0,78.0
Human_Lymph_Node_D1,GCACGCTTCGTTGTTC-1,1,59.0,59.0
Human_Lymph_Node_D1,GCACGGAAGGATAGTA-1,1,20.0,24.0
Human_Lymph_Node_D1,GCACTACACTATTGCG-1,2,46.0,38.0
Human_Lymph_Node_D1,GCACTCCGACTGGCGT-1,4,70.0,42.0
Human_Lymph_Node_D1,GCACTCTGTTGCCATA-1,2,49.0,97.0
Human_Lymph_Node_D1,GCACTCTTGCTACCGA-1,3,66.0,34.0
Human_Lymph_Node_D1,GCACTGAATATGACAG-1,2,53.0,75.0
Human_Lymph_Node_D1,GCACTGCCTCGATGCG-1,2,29.0,19.0
Human_Lymph_Node_D1,GCACTGGACGCAGCAC-1,0,29.0,101.0
Human_Lymph_Node_D1,GCACTGTTGCGGCCTT-1,1,37.0,33.0
Human_Lymph_Node_D1,GCAGACGCCTGGTTAT-1,2,53.0,91.0
Human_Lymph_Node_D1,GCAGATACGTTGAACG-1,1,45.0,27.0
Human_Lymph_Node_D1,GCAGATAGTTGGAGAC-1,4,8.0,6.0
Human_Lymph_Node_D1,GCAGATCCTAATGTGG-1,2,39.0,83.0
Human_Lymph_Node_D1,GCAGCCGGATGCCGCA-1,4,13.0,79.0
Human_Lymph_Node_D1,GCAGCGACAGTTCGGT-1,3,61.0,27.0
Human_Lymph_Node_D1,GCAGCGATCTAACGAA-1,2,12.0,58.0
Human_Lymph_Node_D1,GCAGGCAGTGATCTAC-1,1,41.0,19.0
Human_Lymph_Node_D1,GCAGGCCATTCCTGCC-1,2,41.0,69.0
Human_Lymph_Node_D1,GCAGGCTACCGTCCTT-1,1,28.0,84.0
Human_Lymph_Node_D1,GCAGGCTGGTTCCAAG-1,2,22.0,50.0
Human_Lymph_Node_D1,GCAGGTCACTACCTCA-1,2,44.0,98.0
Human_Lymph_Node_D1,GCAGGTGCTGATGCTT-1,2,32.0,38.0
Human_Lymph_Node_D1,GCAGTAGATGTCCAAT-1,1,33.0,13.0
Human_Lymph_Node_D1,GCATAACCGAGGTGAT-1,2,51.0,45.0
Human_Lymph_Node_D1,GCATACTAGCATCGAA-1,2,48.0,54.0
Human_Lymph_Node_D1,GCATGACGGATTATCA-1,2,43.0,77.0
Human_Lymph_Node_D1,GCATGCTGAGACAGGT-1,1,40.0,42.0
Human_Lymph_Node_D1,GCATGTCGAGTGTCTT-1,3,59.0,99.0
Human_Lymph_Node_D1,GCATTACCTGTCAAGA-1,2,29.0,75.0
Human_Lymph_Node_D1,GCATTGACTACAGCGA-1,2,36.0,90.0
Human_Lymph_Node_D1,GCATTGCTGTTCCATC-1,4,7.0,47.0
Human_Lymph_Node_D1,GCATTGGTTACCAAGC-1,2,25.0,85.0
Human_Lymph_Node_D1,GCCACGAAGGAATTCC-1,2,49.0,7.0
Human_Lymph_Node_D1,GCCACGACCGTTAAGT-1,4,69.0,23.0
Human_Lymph_Node_D1,GCCACGCCTTAGTACG-1,0,55.0,11.0
Human_Lymph_Node_D1,GCCACTATAGACCATA-1,2,25.0,57.0
Human_Lymph_Node_D1,GCCACTCCGTCACCTC-1,1,28.0,10.0
Human_Lymph_Node_D1,GCCAGACAGACGCCTA-1,3,20.0,94.0
Human_Lymph_Node_D1,GCCAGACATCTATCAC-1,2,46.0,80.0
Human_Lymph_Node_D1,GCCAGTAGACGATACC-1,2,39.0,67.0
Human_Lymph_Node_D1,GCCAGTTCCTCGTGCC-1,2,50.0,82.0
Human_Lymph_Node_D1,GCCATTCTCGTGTAGA-1,4,12.0,72.0
Human_Lymph_Node_D1,GCCATTGCATGTTAAC-1,3,61.0,35.0
Human_Lymph_Node_D1,GCCATTGTAACTGATC-1,2,49.0,87.0
Human_Lymph_Node_D1,GCCATTGTAATGTCTT-1,1,20.0,30.0
Human_Lymph_Node_D1,GCCGAGTCCTCGTCCA-1,2,47.0,75.0
Human_Lymph_Node_D1,GCCGATACGGTATCAG-1,4,11.0,3.0
Human_Lymph_Node_D1,GCCGATCGAGTGAAGT-1,1,17.0,57.0
Human_Lymph_Node_D1,GCCGATCTCGTGACTC-1,4,10.0,70.0
Human_Lymph_Node_D1,GCCGCTGATTGGCCAG-1,2,34.0,70.0
Human_Lymph_Node_D1,GCCGCTTCTAAGGTGA-1,1,19.0,29.0
Human_Lymph_Node_D1,GCCGGCAATAGGCAGG-1,3,65.0,63.0
Human_Lymph_Node_D1,GCCGGCATTCCGCCGA-1,2,37.0,1.0
Human_Lymph_Node_D1,GCCGGCGAACCATTGT-1,2,26.0,40.0
Human_Lymph_Node_D1,GCCGGCGTAGGTGACG-1,1,10.0,14.0
Human_Lymph_Node_D1,GCCGGCGTGAACTTGC-1,2,43.0,53.0
Human_Lymph_Node_D1,GCCGGTATGCTCATGC-1,2,40.0,72.0
Human_Lymph_Node_D1,GCCGTACCAGATCTAG-1,1,14.0,34.0
Human_Lymph_Node_D1,GCCGTATGCCAGTCTT-1,1,31.0,105.0
Human_Lymph_Node_D1,GCCTATAGCATACCTT-1,2,30.0,30.0
Human_Lymph_Node_D1,GCCTCATGCGAGCAGG-1,4,68.0,82.0
Human_Lymph_Node_D1,GCCTCCGTCTACCTCG-1,2,46.0,8.0
Human_Lymph_Node_D1,GCCTCCTGCGGCCGTT-1,1,20.0,70.0
Human_Lymph_Node_D1,GCCTGGACCTATTGTC-1,1,12.0,34.0
Human_Lymph_Node_D1,GCCTGGAGCAAGTTAG-1,2,19.0,93.0
Human_Lymph_Node_D1,GCCTGGTACATGGTCG-1,1,29.0,57.0
Human_Lymph_Node_D1,GCCTGGTCAGGTTGCC-1,2,39.0,87.0
Human_Lymph_Node_D1,GCCTGTGAAGTCGGCG-1,3,59.0,45.0
Human_Lymph_Node_D1,GCCTGTGACACCAGAA-1,1,18.0,84.0
Human_Lymph_Node_D1,GCCTGTGATAGATTGG-1,3,66.0,58.0
Human_Lymph_Node_D1,GCCTTCGCTTATGTTC-1,1,36.0,12.0
Human_Lymph_Node_D1,GCCTTCTGATTCCGTC-1,3,57.0,99.0
Human_Lymph_Node_D1,GCCTTCTGTCACGCTC-1,1,38.0,42.0
Human_Lymph_Node_D1,GCCTTGAGATCTGAGC-1,1,26.0,96.0
Human_Lymph_Node_D1,GCCTTGCCACTTCTGA-1,2,32.0,58.0
Human_Lymph_Node_D1,GCCTTGGCGAACAATC-1,2,32.0,66.0
Human_Lymph_Node_D1,GCGAATAGTGGCTAAT-1,1,38.0,96.0
Human_Lymph_Node_D1,GCGAATCGAGAACACG-1,2,44.0,72.0
Human_Lymph_Node_D1,GCGAATGCAGTGTCAA-1,3,53.0,99.0
Human_Lymph_Node_D1,GCGAATTGGCTAGCCA-1,3,60.0,92.0
Human_Lymph_Node_D1,GCGACACTAAGCTAAG-1,1,36.0,76.0
Human_Lymph_Node_D1,GCGACAGTGCCGCACC-1,2,40.0,98.0
Human_Lymph_Node_D1,GCGACGTAGAGCGTTA-1,3,68.0,56.0
Human_Lymph_Node_D1,GCGAGCGGACCATAAC-1,1,27.0,67.0
Human_Lymph_Node_D1,GCGAGCGGTTGTCATG-1,2,33.0,109.0
Human_Lymph_Node_D1,GCGAGCTAACTCCTAG-1,4,71.0,55.0
Human_Lymph_Node_D1,GCGAGGATCGACCTTA-1,2,33.0,89.0
Human_Lymph_Node_D1,GCGATCTTGCTCACGC-1,2,32.0,40.0
Human_Lymph_Node_D1,GCGATGACCGTGTAAT-1,1,35.0,91.0
Human_Lymph_Node_D1,GCGATGTACTGCTATT-1,2,63.0,55.0
Human_Lymph_Node_D1,GCGATTCTAACAGTAA-1,0,55.0,7.0
Human_Lymph_Node_D1,GCGGAGCCTGTAACAT-1,4,72.0,44.0
Human_Lymph_Node_D1,GCGGCAAGTGTTATGT-1,2,37.0,55.0
Human_Lymph_Node_D1,GCGGTCCTGTAGTCTG-1,2,37.0,109.0
Human_Lymph_Node_D1,GCGGTCGGCGTACCTT-1,1,19.0,7.0
Human_Lymph_Node_D1,GCGGTCGTTGATCTTG-1,2,19.0,91.0
Human_Lymph_Node_D1,GCGGTGGCCGACGCAT-1,2,38.0,58.0
Human_Lymph_Node_D1,GCGGTTGCCTCGACGG-1,3,59.0,13.0
Human_Lymph_Node_D1,GCGTAACGTTACAGGT-1,3,59.0,19.0
Human_Lymph_Node_D1,GCGTACCGGAACGACA-1,1,24.0,10.0
Human_Lymph_Node_D1,GCGTACCGGATGGCTC-1,1,24.0,50.0
Human_Lymph_Node_D1,GCGTACCGTGTATCAG-1,2,32.0,76.0
Human_Lymph_Node_D1,GCGTACGAATCTAATC-1,1,36.0,32.0
Human_Lymph_Node_D1,GCGTCCAGCAATTGGC-1,1,29.0,11.0
Human_Lymph_Node_D1,GCGTCCTCTGCCGTTG-1,4,15.0,93.0
Human_Lymph_Node_D1,GCGTCGGAATGCTGCC-1,1,24.0,76.0
Human_Lymph_Node_D1,GCGTCGGTCACGCCAG-1,2,37.0,105.0
Human_Lymph_Node_D1,GCGTCTCGCAACTCAT-1,1,25.0,33.0
Human_Lymph_Node_D1,GCGTTAATAGTCAGTA-1,3,62.0,46.0
Human_Lymph_Node_D1,GCGTTCGAGGCCACAA-1,4,13.0,85.0
Human_Lymph_Node_D1,GCGTTGTATCGGAGCT-1,2,50.0,28.0
Human_Lymph_Node_D1,GCTAACCATAGGCGTT-1,2,51.0,91.0
Human_Lymph_Node_D1,GCTACCATCCTGTAGA-1,1,22.0,58.0
Human_Lymph_Node_D1,GCTACTTCTGACGCGA-1,2,51.0,69.0
Human_Lymph_Node_D1,GCTATGCGTGAACGGT-1,2,23.0,43.0
Human_Lymph_Node_D1,GCTCAACCACGGCAAC-1,1,26.0,84.0
Human_Lymph_Node_D1,GCTCATACAATTAGAC-1,1,31.0,65.0
Human_Lymph_Node_D1,GCTCCGAGACTACATA-1,2,49.0,99.0
Human_Lymph_Node_D1,GCTCCGGCAACATGAT-1,4,64.0,92.0
Human_Lymph_Node_D1,GCTCCTATGTCTTCGC-1,2,55.0,21.0
Human_Lymph_Node_D1,GCTCGATGCTCGCATG-1,1,19.0,87.0
Human_Lymph_Node_D1,GCTCGCATCGTCATTA-1,2,58.0,40.0
Human_Lymph_Node_D1,GCTCGGACCTTCAAGT-1,4,4.0,40.0
Human_Lymph_Node_D1,GCTCGGAGATGAATGT-1,2,25.0,61.0
Human_Lymph_Node_D1,GCTCGTCTGCCGCAAT-1,1,36.0,8.0
Human_Lymph_Node_D1,GCTGAATGACCGTGAG-1,1,48.0,92.0
Human_Lymph_Node_D1,GCTGACAGCCGGAGCG-1,1,29.0,85.0
Human_Lymph_Node_D1,GCTGACCGCATCGGAT-1,1,8.0,34.0
Human_Lymph_Node_D1,GCTGACTTGTCTCAAT-1,1,43.0,37.0
Human_Lymph_Node_D1,GCTGAGGACAAGAAGT-1,2,57.0,55.0
Human_Lymph_Node_D1,GCTGAGTGTTCAACCG-1,1,45.0,19.0
Human_Lymph_Node_D1,GCTGCCGCCTATGTAG-1,2,51.0,85.0
Human_Lymph_Node_D1,GCTGCGTTATGTGGAC-1,0,58.0,28.0
Human_Lymph_Node_D1,GCTGGATGACTCTACC-1,1,31.0,85.0
Human_Lymph_Node_D1,GCTGTAGTGCTGTCGC-1,2,28.0,76.0
Human_Lymph_Node_D1,GCTGTTATGGTTGCCG-1,3,57.0,9.0
Human_Lymph_Node_D1,GCTGTTCAACCGAATA-1,3,58.0,18.0
Human_Lymph_Node_D1,GCTGTTGATAGTCTTA-1,2,26.0,86.0
Human_Lymph_Node_D1,GCTTAATAGAGGCGAG-1,1,26.0,6.0
Human_Lymph_Node_D1,GCTTACATGTTGCGCT-1,0,43.0,1.0
Human_Lymph_Node_D1,GCTTAGACTACCAATG-1,0,62.0,14.0
Human_Lymph_Node_D1,GCTTATCCGCATTCTT-1,4,6.0,16.0
Human_Lymph_Node_D1,GCTTCGCTCAAGCGAT-1,1,54.0,28.0
Human_Lymph_Node_D1,GCTTCGGCATCAGAGT-1,1,53.0,65.0
Human_Lymph_Node_D1,GCTTCTAAGTCTGACG-1,2,32.0,104.0
Human_Lymph_Node_D1,GCTTCTAGCGTTCATT-1,2,33.0,73.0
Human_Lymph_Node_D1,GCTTCTCAGACCGCCT-1,0,46.0,2.0
Human_Lymph_Node_D1,GCTTCTCCAGAACCGC-1,3,50.0,104.0
Human_Lymph_Node_D1,GCTTCTGTTACGAGAA-1,2,54.0,56.0
Human_Lymph_Node_D1,GCTTCTTGAATCGGTT-1,1,14.0,16.0
Human_Lymph_Node_D1,GCTTCTTGGACGAGCG-1,1,24.0,72.0
Human_Lymph_Node_D1,GCTTGAACTCCATCCA-1,0,49.0,1.0
Human_Lymph_Node_D1,GCTTGACCTCCGCTTC-1,3,53.0,103.0
Human_Lymph_Node_D1,GCTTGAGCTCTTGACA-1,1,15.0,49.0
Human_Lymph_Node_D1,GCTTGCAATACAAGGC-1,3,58.0,14.0
Human_Lymph_Node_D1,GCTTGCCATAGTGGAT-1,2,19.0,73.0
Human_Lymph_Node_D1,GCTTGCTTACTTAACG-1,2,25.0,55.0
Human_Lymph_Node_D1,GCTTGGATCCAACCGG-1,0,26.0,106.0
Human_Lymph_Node_D1,GCTTGGATGCTCGCTT-1,2,45.0,71.0
Human_Lymph_Node_D1,GCTTGGCTGCGGTAAC-1,2,32.0,98.0
Human_Lymph_Node_D1,GCTTGGTCAACCGTGG-1,1,39.0,11.0
Human_Lymph_Node_D1,GCTTGGTGTTCGAACA-1,2,59.0,41.0
Human_Lymph_Node_D1,GGAACATCGTGGAATC-1,1,51.0,43.0
Human_Lymph_Node_D1,GGAACGATAACATTAT-1,1,18.0,6.0
Human_Lymph_Node_D1,GGAACTTCGACATGTC-1,1,28.0,44.0
Human_Lymph_Node_D1,GGAAGAATAACTAACC-1,4,14.0,74.0
Human_Lymph_Node_D1,GGAAGCAGTCATTCAG-1,0,63.0,17.0
Human_Lymph_Node_D1,GGAAGCATTAGAGGCA-1,0,57.0,101.0
Human_Lymph_Node_D1,GGAAGTCTTGTCGCAT-1,2,61.0,53.0
Human_Lymph_Node_D1,GGAATCCTTAGACTGT-1,2,41.0,61.0
Human_Lymph_Node_D1,GGAATGCACCTCAATA-1,4,5.0,35.0
Human_Lymph_Node_D1,GGAATGGCAACTTGGA-1,2,44.0,84.0
Human_Lymph_Node_D1,GGACAGTGCGGCAACA-1,1,23.0,61.0
Human_Lymph_Node_D1,GGACCACTTATCGTTC-1,0,57.0,105.0
Human_Lymph_Node_D1,GGACCATCACCGCCAA-1,1,21.0,31.0
Human_Lymph_Node_D1,GGACCGATCTGGATTA-1,1,34.0,84.0
Human_Lymph_Node_D1,GGACCGCTTCCTGGCA-1,2,43.0,59.0
Human_Lymph_Node_D1,GGACGGCTATCGACCA-1,4,8.0,68.0
Human_Lymph_Node_D1,GGACGGTATGCGGCTG-1,4,5.0,15.0
Human_Lymph_Node_D1,GGACGGTGCAGTAGGA-1,1,17.0,75.0
Human_Lymph_Node_D1,GGACGTACATACCAGA-1,3,61.0,45.0
Human_Lymph_Node_D1,GGACGTACTTCGGACA-1,4,65.0,19.0
Human_Lymph_Node_D1,GGACGTAGTGTAGAAG-1,1,14.0,54.0
Human_Lymph_Node_D1,GGACGTCGAACGGCTT-1,1,48.0,30.0
Human_Lymph_Node_D1,GGACGTCGAGGATTCA-1,3,47.0,109.0
Human_Lymph_Node_D1,GGACGTCGCACGAGAA-1,4,35.0,99.0
Human_Lymph_Node_D1,GGACGTTAGATATTAC-1,2,39.0,13.0
Human_Lymph_Node_D1,GGACGTTAGATTCAGG-1,0,67.0,77.0
Human_Lymph_Node_D1,GGACGTTGGAGGTGAT-1,1,33.0,97.0
Human_Lymph_Node_D1,GGACTCACGGTCCAAT-1,4,15.0,81.0
Human_Lymph_Node_D1,GGACTCACTAGAGCCG-1,1,9.0,31.0
Human_Lymph_Node_D1,GGAGAAGCCAAGCGCT-1,1,44.0,26.0
Human_Lymph_Node_D1,GGAGACTATTGTGACA-1,1,9.0,23.0
Human_Lymph_Node_D1,GGAGATCCGTAGGATA-1,4,59.0,101.0
Human_Lymph_Node_D1,GGAGATCCTGTACCAG-1,2,21.0,83.0
Human_Lymph_Node_D1,GGAGATGCGTGCAGTA-1,2,63.0,69.0
Human_Lymph_Node_D1,GGAGATGGCTCGAGAT-1,1,49.0,39.0
Human_Lymph_Node_D1,GGAGATGTGCCATAAC-1,4,11.0,5.0
Human_Lymph_Node_D1,GGAGCGAATTGGACGG-1,1,24.0,34.0
Human_Lymph_Node_D1,GGAGCGAGTGTAACTT-1,2,38.0,84.0
Human_Lymph_Node_D1,GGAGCGGCACCTCGTA-1,2,35.0,83.0
Human_Lymph_Node_D1,GGAGGTCGTAGGAGCT-1,1,43.0,41.0
Human_Lymph_Node_D1,GGAGTCCAGATAGCTT-1,2,49.0,85.0
Human_Lymph_Node_D1,GGAGTCTAAGGCCGCT-1,4,16.0,70.0
Human_Lymph_Node_D1,GGAGTCTAAGTGGTCC-1,2,36.0,108.0
Human_Lymph_Node_D1,GGAGTGTCCATGTATT-1,1,18.0,74.0
Human_Lymph_Node_D1,GGATAAGTCAGGATAG-1,2,52.0,22.0
Human_Lymph_Node_D1,GGATAATTATGCTGGT-1,1,40.0,10.0
Human_Lymph_Node_D1,GGATAATTCAATGCTG-1,2,21.0,65.0
Human_Lymph_Node_D1,GGATCGAGTGTCCACT-1,1,11.0,37.0
Human_Lymph_Node_D1,GGATCGCTGGCATATT-1,2,25.0,53.0
Human_Lymph_Node_D1,GGATGGATCACTCATA-1,1,47.0,45.0
Human_Lymph_Node_D1,GGATGTAACTAATCCG-1,1,25.0,5.0
Human_Lymph_Node_D1,GGATTCCGACGTGATG-1,1,54.0,24.0
Human_Lymph_Node_D1,GGCAAGACAATCAGCT-1,2,60.0,68.0
Human_Lymph_Node_D1,GGCAATGCGAACTTAA-1,4,16.0,76.0
Human_Lymph_Node_D1,GGCACGACGGACGTCG-1,4,15.0,73.0
Human_Lymph_Node_D1,GGCAGCCGGCACTTCC-1,1,24.0,36.0
Human_Lymph_Node_D1,GGCAGCGTATACGACT-1,2,46.0,76.0
Human_Lymph_Node_D1,GGCAGCTCCTGGACGG-1,3,62.0,88.0
Human_Lymph_Node_D1,GGCAGGAAGTCTTCTA-1,0,24.0,108.0
Human_Lymph_Node_D1,GGCATAATCCTATCGC-1,1,25.0,63.0
Human_Lymph_Node_D1,GGCATAATCCTTCATG-1,0,60.0,18.0
Human_Lymph_Node_D1,GGCATACATGGCTCAG-1,1,50.0,40.0
Human_Lymph_Node_D1,GGCATTCCGATGCTCG-1,2,51.0,23.0
Human_Lymph_Node_D1,GGCATTGCTAAGAATG-1,2,39.0,57.0
Human_Lymph_Node_D1,GGCCAAGATGGATGGC-1,1,17.0,51.0
Human_Lymph_Node_D1,GGCCAGTAGGTATGAG-1,1,18.0,34.0
Human_Lymph_Node_D1,GGCCATGCTCCTCGTG-1,1,12.0,26.0
Human_Lymph_Node_D1,GGCCATTAGCTAGTGG-1,1,8.0,20.0
Human_Lymph_Node_D1,GGCCGCCAACTATTGC-1,3,65.0,59.0
Human_Lymph_Node_D1,GGCCGTCCAGTAGGAC-1,2,63.0,61.0
Human_Lymph_Node_D1,GGCCTGCGTTATGCCG-1,3,54.0,52.0
Human_Lymph_Node_D1,GGCCTTCGACCAGGTA-1,2,38.0,80.0
Human_Lymph_Node_D1,GGCCTTGGATGTTGTC-1,3,61.0,39.0
Human_Lymph_Node_D1,GGCGACCATAGCGTTA-1,2,47.0,95.0
Human_Lymph_Node_D1,GGCGAGGCAGCCTACT-1,3,35.0,111.0
Human_Lymph_Node_D1,GGCGATCGGTCTGCTC-1,2,27.0,5.0
Human_Lymph_Node_D1,GGCGCCAAGGAGCGCT-1,2,29.0,17.0
Human_Lymph_Node_D1,GGCGCCACCGGAGCAA-1,2,49.0,81.0
Human_Lymph_Node_D1,GGCGCCACTGAACATC-1,1,34.0,86.0
Human_Lymph_Node_D1,GGCGCCGTCGGACATA-1,3,57.0,91.0
Human_Lymph_Node_D1,GGCGCCGTGGTTACAT-1,4,3.0,41.0
Human_Lymph_Node_D1,GGCGCTAATATGCTCC-1,2,52.0,38.0
Human_Lymph_Node_D1,GGCGGAAGTCTTGTAG-1,2,36.0,58.0
Human_Lymph_Node_D1,GGCGGAGCACTGATAA-1,2,31.0,67.0
Human_Lymph_Node_D1,GGCGGAGTTGAACTAT-1,2,23.0,33.0
Human_Lymph_Node_D1,GGCGGATACAACGCAC-1,2,62.0,74.0
Human_Lymph_Node_D1,GGCGGATATTGATTGA-1,1,31.0,17.0
Human_Lymph_Node_D1,GGCGTCGCCGTATGAT-1,2,53.0,89.0
Human_Lymph_Node_D1,GGCGTCGGTAGTGATA-1,1,61.0,59.0
Human_Lymph_Node_D1,GGCGTGGCACGGCACT-1,2,33.0,77.0
Human_Lymph_Node_D1,GGCGTGTAATTACTTA-1,1,37.0,59.0
Human_Lymph_Node_D1,GGCTCAATCAACATGA-1,1,50.0,72.0
Human_Lymph_Node_D1,GGCTGACGCCGAATCA-1,1,37.0,81.0
Human_Lymph_Node_D1,GGCTGTTCAATGTCAA-1,1,43.0,17.0
Human_Lymph_Node_D1,GGCTTGCCATAGGCTC-1,2,19.0,77.0
Human_Lymph_Node_D1,GGTAAGGCGACGATGA-1,2,41.0,65.0
Human_Lymph_Node_D1,GGTACCACCTATACCT-1,1,22.0,8.0
Human_Lymph_Node_D1,GGTACCAGGTAGTGTT-1,1,22.0,76.0
Human_Lymph_Node_D1,GGTACGATCGACTTAA-1,2,31.0,87.0
Human_Lymph_Node_D1,GGTACGCTTACCTGCG-1,2,14.0,48.0
Human_Lymph_Node_D1,GGTACGGAGCATCAGC-1,2,19.0,55.0
Human_Lymph_Node_D1,GGTACGGTATGCTCCA-1,1,58.0,66.0
Human_Lymph_Node_D1,GGTACGTGCTCGGCAA-1,1,27.0,11.0
Human_Lymph_Node_D1,GGTACTGTGATCTTCC-1,2,62.0,64.0
Human_Lymph_Node_D1,GGTAGCCAAGGTACTT-1,0,13.0,3.0
Human_Lymph_Node_D1,GGTAGCCATCAATCCG-1,1,25.0,73.0
Human_Lymph_Node_D1,GGTAGCGTACATCTGT-1,4,70.0,72.0
Human_Lymph_Node_D1,GGTAGCTTAGCCAATC-1,2,48.0,46.0
Human_Lymph_Node_D1,GGTAGGCCACATGCAA-1,4,9.0,7.0
Human_Lymph_Node_D1,GGTAGGTTGTTACGGC-1,2,27.0,1.0
Human_Lymph_Node_D1,GGTAGGTTGTTCTAAG-1,3,61.0,87.0
Human_Lymph_Node_D1,GGTAGTACAGGTTAGA-1,2,49.0,13.0
Human_Lymph_Node_D1,GGTAGTACCGCAACAG-1,1,33.0,35.0
Human_Lymph_Node_D1,GGTAGTGCATGAAGTG-1,4,5.0,27.0
Human_Lymph_Node_D1,GGTAGTTGAAGTCCAT-1,3,13.0,5.0
Human_Lymph_Node_D1,GGTATGCAACAGTGGC-1,2,57.0,51.0
Human_Lymph_Node_D1,GGTATGGTCAGGTTGG-1,3,51.0,3.0
Human_Lymph_Node_D1,GGTATGGTTGTCCTCG-1,1,23.0,3.0
Human_Lymph_Node_D1,GGTCACCGCATAACAA-1,1,28.0,32.0
Human_Lymph_Node_D1,GGTCATGCTCTGCCAA-1,4,9.0,71.0
Human_Lymph_Node_D1,GGTCCTGCGAGTAGGT-1,2,27.0,51.0
Human_Lymph_Node_D1,GGTCTGAAGGTTCGAA-1,4,19.0,101.0
Human_Lymph_Node_D1,GGTCTGAAGTATGTCA-1,1,40.0,92.0
Human_Lymph_Node_D1,GGTCTGCGAACTGTAT-1,1,39.0,93.0
Human_Lymph_Node_D1,GGTCTGGTATGTGGCC-1,1,33.0,1.0
Human_Lymph_Node_D1,GGTCTGGTTGTAGAAC-1,3,36.0,114.0
Human_Lymph_Node_D1,GGTCTTATAGGCTGGC-1,2,36.0,92.0
Human_Lymph_Node_D1,GGTCTTCCGCACATCC-1,1,33.0,41.0
Human_Lymph_Node_D1,GGTCTTCCGGCTGGAC-1,1,26.0,22.0
Human_Lymph_Node_D1,GGTCTTGAACCGGCCA-1,2,40.0,60.0
Human_Lymph_Node_D1,GGTGCAATCAGACTTC-1,2,39.0,111.0
Human_Lymph_Node_D1,GGTGCACTCCGGTTCG-1,1,16.0,28.0
Human_Lymph_Node_D1,GGTGCAGGCACCGCGT-1,2,40.0,96.0
Human_Lymph_Node_D1,GGTGCAGTGGTCTTAT-1,4,18.0,96.0
Human_Lymph_Node_D1,GGTGCAGTTCCATATG-1,0,57.0,25.0
Human_Lymph_Node_D1,GGTGCATCCAGAACGG-1,4,4.0,30.0
Human_Lymph_Node_D1,GGTGGCTTATTGCGTG-1,1,52.0,76.0
Human_Lymph_Node_D1,GGTGTCACCAGCGAAC-1,1,20.0,50.0
Human_Lymph_Node_D1,GGTTACAGCCGGCCGG-1,2,13.0,57.0
Human_Lymph_Node_D1,GGTTACCAGACAACAT-1,0,62.0,94.0
Human_Lymph_Node_D1,GGTTACGGACGATTAA-1,1,18.0,16.0
Human_Lymph_Node_D1,GGTTAGACTCACTAGC-1,1,48.0,32.0
Human_Lymph_Node_D1,GGTTAGACTCGGAGGT-1,0,24.0,102.0
Human_Lymph_Node_D1,GGTTAGATGAGTCTAA-1,4,6.0,60.0
Human_Lymph_Node_D1,GGTTAGCTTCATGAGT-1,2,55.0,17.0
Human_Lymph_Node_D1,GGTTAGTATGAGTGTC-1,2,47.0,97.0
Human_Lymph_Node_D1,GGTTCAAGGTTAAGCC-1,4,9.0,67.0
Human_Lymph_Node_D1,GGTTCACCGACTCACG-1,2,42.0,46.0
Human_Lymph_Node_D1,GGTTCATTCCGGCCTC-1,2,45.0,93.0
Human_Lymph_Node_D1,GGTTCTATACCGCTTG-1,1,21.0,29.0
Human_Lymph_Node_D1,GGTTCTCCTATCAGTT-1,1,36.0,18.0
Human_Lymph_Node_D1,GGTTCTCGTGATGTGA-1,0,23.0,101.0
Human_Lymph_Node_D1,GGTTCTGGAGTCTACC-1,1,21.0,61.0
Human_Lymph_Node_D1,GGTTGACCATTGCTGT-1,4,6.0,56.0
Human_Lymph_Node_D1,GGTTGATAAGTACCTG-1,4,3.0,35.0
Human_Lymph_Node_D1,GGTTGCGATTGAACAG-1,4,10.0,68.0
Human_Lymph_Node_D1,GGTTGCTACCGGAACA-1,1,20.0,2.0
Human_Lymph_Node_D1,GTAACACCGAGCGTTA-1,2,49.0,75.0
Human_Lymph_Node_D1,GTAACATACACCTGTT-1,2,36.0,86.0
Human_Lymph_Node_D1,GTAACATCTTATAATG-1,1,11.0,39.0
Human_Lymph_Node_D1,GTAACCACCTACAACC-1,4,7.0,59.0
Human_Lymph_Node_D1,GTAACCTAGCGTCACG-1,4,11.0,65.0
Human_Lymph_Node_D1,GTAAGTAATTACAATC-1,0,51.0,1.0
Human_Lymph_Node_D1,GTAAGTATTGCTATCG-1,1,15.0,33.0
Human_Lymph_Node_D1,GTAAGTTGCGGAGCGT-1,2,48.0,58.0
Human_Lymph_Node_D1,GTAAGTTGCTGGTGGA-1,2,26.0,30.0
Human_Lymph_Node_D1,GTAATAGTCCTAAGCC-1,4,57.0,5.0
Human_Lymph_Node_D1,GTAATCACGCACAGCT-1,1,19.0,69.0
Human_Lymph_Node_D1,GTAATCAGGCGGACGG-1,1,31.0,21.0
Human_Lymph_Node_D1,GTAATCTTGTCTAGTT-1,2,51.0,39.0
Human_Lymph_Node_D1,GTAATGACGGTCTACG-1,0,41.0,115.0
Human_Lymph_Node_D1,GTAATGATCACGTAAG-1,1,11.0,55.0
Human_Lymph_Node_D1,GTACAACTCGGCAGAA-1,1,29.0,83.0
Human_Lymph_Node_D1,GTACAGAACAGGACTC-1,1,22.0,88.0
Human_Lymph_Node_D1,GTACAGATGACATCGC-1,1,45.0,41.0
Human_Lymph_Node_D1,GTACAGCCGTTACAGA-1,2,25.0,25.0
Human_Lymph_Node_D1,GTACAGCTGAGCCGGA-1,3,63.0,25.0
Human_Lymph_Node_D1,GTACAGGAACGAATGG-1,3,61.0,29.0
Human_Lymph_Node_D1,GTACAGTATCGGAATT-1,2,49.0,59.0
Human_Lymph_Node_D1,GTACATAAGCTACGCC-1,3,53.0,107.0
Human_Lymph_Node_D1,GTACCTGAAGTGAATG-1,2,34.0,66.0
Human_Lymph_Node_D1,GTACCTTCATGTGCAA-1,1,14.0,56.0
Human_Lymph_Node_D1,GTACGAACAGACTAGG-1,4,54.0,2.0
Human_Lymph_Node_D1,GTACGAAGATTATCCG-1,2,58.0,34.0
Human_Lymph_Node_D1,GTACGAAGGATTATTG-1,1,19.0,81.0
Human_Lymph_Node_D1,GTACGAATTACATAAT-1,1,17.0,11.0
Human_Lymph_Node_D1,GTACGAATTCTACCAA-1,1,21.0,47.0
Human_Lymph_Node_D1,GTACGACAGCTCCGGA-1,4,72.0,42.0
Human_Lymph_Node_D1,GTACGAGGTAGTGCAC-1,2,28.0,16.0
Human_Lymph_Node_D1,GTACGATTAGTCTACA-1,2,47.0,89.0
Human_Lymph_Node_D1,GTACGCCTCGCTTCCA-1,2,48.0,18.0
Human_Lymph_Node_D1,GTACGCTCGCCAACAT-1,1,49.0,11.0
Human_Lymph_Node_D1,GTACGCTTGATACCAC-1,0,51.0,11.0
Human_Lymph_Node_D1,GTACGGTTAATGCAGG-1,4,6.0,38.0
Human_Lymph_Node_D1,GTACTACCGTTAGGTG-1,1,16.0,54.0
Human_Lymph_Node_D1,GTACTGCATAAGGTTA-1,1,33.0,19.0
Human_Lymph_Node_D1,GTACTTAACTTCAGCG-1,1,22.0,74.0
Human_Lymph_Node_D1,GTACTTACTTCATACC-1,2,40.0,106.0
Human_Lymph_Node_D1,GTACTTAGTTGCGAAT-1,4,4.0,26.0
Human_Lymph_Node_D1,GTACTTCTGATCCTCG-1,2,17.0,47.0
Human_Lymph_Node_D1,GTAGAAGGACATCATA-1,1,38.0,90.0
Human_Lymph_Node_D1,GTAGAAGTAAGCTGCG-1,1,34.0,26.0
Human_Lymph_Node_D1,GTAGAATCGCACATCG-1,1,15.0,7.0
Human_Lymph_Node_D1,GTAGACCTGTCAACCA-1,1,27.0,33.0
Human_Lymph_Node_D1,GTAGCAACGACCGTGG-1,2,49.0,57.0
Human_Lymph_Node_D1,GTAGCACGAGCTCAAG-1,1,36.0,4.0
Human_Lymph_Node_D1,GTAGCAGAACATGGTG-1,2,43.0,21.0
Human_Lymph_Node_D1,GTAGCAGAAGACTCTT-1,4,65.0,91.0
Human_Lymph_Node_D1,GTAGCAGAGCAATAGC-1,3,64.0,60.0
Human_Lymph_Node_D1,GTAGCATCGAAGGTCT-1,3,67.0,41.0
Human_Lymph_Node_D1,GTAGCCAGTGCGGTTG-1,0,23.0,99.0
Human_Lymph_Node_D1,GTAGCCGCACTCCATC-1,3,60.0,88.0
Human_Lymph_Node_D1,GTAGCCTAAGGTTAGT-1,3,40.0,0.0
Human_Lymph_Node_D1,GTAGCGCCTGAACTCA-1,1,13.0,55.0
Human_Lymph_Node_D1,GTAGCGCTAGATCCGT-1,4,3.0,31.0
Human_Lymph_Node_D1,GTAGCGCTCATCAGGT-1,1,38.0,36.0
Human_Lymph_Node_D1,GTAGCGTGGCACGCAG-1,1,22.0,4.0
Human_Lymph_Node_D1,GTAGGAGCAACAGGCA-1,1,46.0,10.0
Human_Lymph_Node_D1,GTAGGTGATAATTCAC-1,3,45.0,113.0
Human_Lymph_Node_D1,GTAGTCAGACCAATGT-1,3,49.0,3.0
Human_Lymph_Node_D1,GTAGTCCAGCGGACAT-1,2,56.0,92.0
Human_Lymph_Node_D1,GTAGTCCATTGTTCGT-1,1,12.0,38.0
Human_Lymph_Node_D1,GTAGTCCGTGTACTAA-1,4,58.0,8.0
Human_Lymph_Node_D1,GTATAAGGCGTCTTCA-1,4,66.0,20.0
Human_Lymph_Node_D1,GTATACATAGGTTGCC-1,4,60.0,12.0
Human_Lymph_Node_D1,GTATACATTGGCTCAG-1,2,62.0,62.0
Human_Lymph_Node_D1,GTATACGGTACACGCA-1,0,56.0,62.0
Human_Lymph_Node_D1,GTATCTACAGATCTCC-1,2,49.0,83.0
Human_Lymph_Node_D1,GTATCTAGCTACCAGC-1,2,48.0,40.0
Human_Lymph_Node_D1,GTATCTGTCAACGGTG-1,2,39.0,77.0
Human_Lymph_Node_D1,GTATCTGTGGCGTCTA-1,3,69.0,53.0
Human_Lymph_Node_D1,GTATGACATAAGACGG-1,3,20.0,96.0
Human_Lymph_Node_D1,GTATGATAGTATGGAT-1,2,19.0,59.0
Human_Lymph_Node_D1,GTATGATCACTTGACG-1,0,22.0,104.0
Human_Lymph_Node_D1,GTATGCGGTATCATGA-1,2,44.0,116.0
Human_Lymph_Node_D1,GTATGCTTGCGACTAA-1,4,16.0,72.0
Human_Lymph_Node_D1,GTATGGTGGAGCGGCC-1,3,64.0,24.0
Human_Lymph_Node_D1,GTATGTAGCAGGCATA-1,1,19.0,33.0
Human_Lymph_Node_D1,GTATGTAGCTCACCTT-1,2,52.0,72.0
Human_Lymph_Node_D1,GTATGTGCAAGCCGGA-1,2,48.0,52.0
Human_Lymph_Node_D1,GTATGTTAGTTCTACC-1,1,29.0,61.0
Human_Lymph_Node_D1,GTATGTTCTGGATCGC-1,0,67.0,75.0
Human_Lymph_Node_D1,GTATTACGAGTCAATC-1,1,18.0,24.0
Human_Lymph_Node_D1,GTATTACGGCCATTAT-1,1,17.0,27.0
Human_Lymph_Node_D1,GTATTACGGTATTGAG-1,2,52.0,34.0
Human_Lymph_Node_D1,GTATTAGGTTATCTGC-1,1,44.0,8.0
Human_Lymph_Node_D1,GTATTATGAGTTAGCG-1,1,37.0,91.0
Human_Lymph_Node_D1,GTATTCCAAGTTACCT-1,1,24.0,78.0
Human_Lymph_Node_D1,GTATTCCGCTCGGATG-1,3,67.0,57.0
Human_Lymph_Node_D1,GTATTCGTGACTTGAT-1,2,22.0,56.0
Human_Lymph_Node_D1,GTATTCTAAGTGCTGT-1,2,45.0,5.0
Human_Lymph_Node_D1,GTCAACAGACGCACGT-1,1,55.0,27.0
Human_Lymph_Node_D1,GTCAACAGCATAGATT-1,2,15.0,23.0
Human_Lymph_Node_D1,GTCAACAGCGCACCGA-1,2,55.0,43.0
Human_Lymph_Node_D1,GTCAACAGTTAAGTGA-1,2,34.0,104.0
Human_Lymph_Node_D1,GTCAACATGGTGCTAT-1,3,62.0,24.0
Human_Lymph_Node_D1,GTCAACCTGACGATAG-1,1,26.0,78.0
Human_Lymph_Node_D1,GTCACCAAGAGCGGTG-1,0,58.0,104.0
Human_Lymph_Node_D1,GTCACTAAGAGGAATA-1,2,57.0,45.0
Human_Lymph_Node_D1,GTCACTAAGCCAGCGG-1,1,40.0,94.0
Human_Lymph_Node_D1,GTCACTACTTAATGGA-1,3,57.0,85.0
Human_Lymph_Node_D1,GTCACTGAATCTCACC-1,2,45.0,103.0
Human_Lymph_Node_D1,GTCACTTACGTGTATG-1,0,44.0,0.0
Human_Lymph_Node_D1,GTCACTTATCCAAGAC-1,2,35.0,45.0
Human_Lymph_Node_D1,GTCACTTATGAATGCG-1,2,53.0,79.0
Human_Lymph_Node_D1,GTCACTTATGTCGTAT-1,2,37.0,103.0
Human_Lymph_Node_D1,GTCAGCCAACATCACG-1,2,44.0,20.0
Human_Lymph_Node_D1,GTCAGCCATTGTGCGG-1,4,12.0,70.0
Human_Lymph_Node_D1,GTCAGCCTCCGAACCT-1,1,39.0,43.0
Human_Lymph_Node_D1,GTCAGCGATGTAATTG-1,2,29.0,91.0
Human_Lymph_Node_D1,GTCAGCGATTGATTCA-1,1,48.0,38.0
Human_Lymph_Node_D1,GTCAGCTCAATCAAGG-1,3,46.0,112.0
Human_Lymph_Node_D1,GTCAGCTGGTGAGGCG-1,1,11.0,19.0
Human_Lymph_Node_D1,GTCAGGATCAACCAAC-1,3,66.0,50.0
Human_Lymph_Node_D1,GTCAGGTACGTGGCAT-1,3,60.0,90.0
Human_Lymph_Node_D1,GTCAGTAATCCAATTA-1,2,58.0,56.0
Human_Lymph_Node_D1,GTCAGTAGGTGACCGG-1,2,37.0,49.0
Human_Lymph_Node_D1,GTCAGTGAGGATCGTT-1,1,25.0,77.0
Human_Lymph_Node_D1,GTCAGTGCCAGAATAA-1,2,44.0,104.0
Human_Lymph_Node_D1,GTCAGTGCTGACAGCG-1,4,32.0,114.0
Human_Lymph_Node_D1,GTCAGTTCTGCCTGGA-1,2,32.0,50.0
Human_Lymph_Node_D1,GTCATCACGTGGTTCA-1,2,32.0,52.0
Human_Lymph_Node_D1,GTCATCACTATTGTGC-1,2,36.0,40.0
Human_Lymph_Node_D1,GTCATCAGTAGACCAG-1,2,26.0,36.0
Human_Lymph_Node_D1,GTCCATCTATACAAGG-1,2,56.0,42.0
Human_Lymph_Node_D1,GTCCGAATGCGGACAG-1,0,47.0,1.0
Human_Lymph_Node_D1,GTCCGACAGCCGCATT-1,2,30.0,96.0
Human_Lymph_Node_D1,GTCCTGCTTACGGCTG-1,1,46.0,12.0
Human_Lymph_Node_D1,GTCCTTCATCAGATCA-1,2,36.0,70.0
Human_Lymph_Node_D1,GTCCTTCATGGATTAG-1,3,67.0,47.0
Human_Lymph_Node_D1,GTCCTTCGGAACCTGC-1,1,48.0,36.0
Human_Lymph_Node_D1,GTCGAAGTCGTGTTCT-1,3,60.0,32.0
Human_Lymph_Node_D1,GTCGAGAACTAGACGA-1,4,6.0,20.0
Human_Lymph_Node_D1,GTCGAGTGCTCCTTCG-1,1,7.0,31.0
Human_Lymph_Node_D1,GTCGCAACGAGCTGAC-1,0,41.0,117.0
Human_Lymph_Node_D1,GTCGCACGCAGCCTGC-1,2,60.0,52.0
Human_Lymph_Node_D1,GTCGCAGATTACTGCA-1,2,53.0,21.0
Human_Lymph_Node_D1,GTCGCATGCGGTAGAT-1,0,46.0,114.0
Human_Lymph_Node_D1,GTCGCATTACCAGGCA-1,0,67.0,63.0
Human_Lymph_Node_D1,GTCGCTAAGTGAGGTT-1,2,38.0,110.0
Human_Lymph_Node_D1,GTCGGCCGTTGTGAAT-1,1,47.0,31.0
Human_Lymph_Node_D1,GTCGGCCTCCGGCATC-1,3,66.0,48.0
Human_Lymph_Node_D1,GTCGTAGACTGACAAG-1,1,18.0,26.0
Human_Lymph_Node_D1,GTCGTGCTAATGCCTT-1,1,32.0,0.0
Human_Lymph_Node_D1,GTCGTGTTCATGTCAG-1,1,52.0,82.0
Human_Lymph_Node_D1,GTCTAAGATCGGACTA-1,2,46.0,50.0
Human_Lymph_Node_D1,GTCTAAGCGGCACGCC-1,4,10.0,78.0
Human_Lymph_Node_D1,GTCTAATACGGCTAAG-1,1,22.0,70.0
Human_Lymph_Node_D1,GTCTAGCATGGTACGT-1,2,13.0,33.0
Human_Lymph_Node_D1,GTCTAGCGTTGTGACC-1,4,69.0,69.0
Human_Lymph_Node_D1,GTCTAGGACAGGATAA-1,1,17.0,33.0
Human_Lymph_Node_D1,GTCTAGTCTAGCGACG-1,2,45.0,91.0
Human_Lymph_Node_D1,GTCTATCAATGGATTA-1,1,55.0,49.0
Human_Lymph_Node_D1,GTCTATCAGTACTAAT-1,2,30.0,90.0
Human_Lymph_Node_D1,GTCTATCCAGGACGTC-1,2,59.0,25.0
Human_Lymph_Node_D1,GTCTATGGTGAAGAGC-1,1,16.0,24.0
Human_Lymph_Node_D1,GTCTATGTTAATAGAA-1,1,20.0,32.0
Human_Lymph_Node_D1,GTCTATTAGTGAGGCC-1,2,22.0,18.0
Human_Lymph_Node_D1,GTCTATTGCGAGTTAC-1,1,37.0,23.0
Human_Lymph_Node_D1,GTCTCATGACTAGTTG-1,2,41.0,55.0
Human_Lymph_Node_D1,GTCTCGACTGACGAGT-1,4,68.0,26.0
Human_Lymph_Node_D1,GTCTGAACAAGGTTAG-1,4,64.0,16.0
Human_Lymph_Node_D1,GTCTGATAGATTATAA-1,2,55.0,59.0
Human_Lymph_Node_D1,GTCTGATATCTGAATT-1,1,37.0,75.0
Human_Lymph_Node_D1,GTCTGCTCAACACCAA-1,2,67.0,69.0
Human_Lymph_Node_D1,GTCTGTGGATCTGACG-1,1,18.0,28.0
Human_Lymph_Node_D1,GTCTTCGATAGGTGTT-1,4,12.0,68.0
Human_Lymph_Node_D1,GTCTTCGGTAGCTACA-1,1,53.0,35.0
Human_Lymph_Node_D1,GTCTTGAACAATTACA-1,2,56.0,76.0
Human_Lymph_Node_D1,GTCTTGACAATAGCAA-1,2,27.0,63.0
Human_Lymph_Node_D1,GTCTTGACTTGCTCTG-1,4,44.0,118.0
Human_Lymph_Node_D1,GTCTTGATTGCCACCT-1,1,27.0,25.0
Human_Lymph_Node_D1,GTCTTGCGATGAATGC-1,4,19.0,95.0
Human_Lymph_Node_D1,GTCTTGCGGCGATTCA-1,1,44.0,58.0
Human_Lymph_Node_D1,GTCTTGCTGGACGATA-1,2,21.0,79.0
Human_Lymph_Node_D1,GTCTTGTATTGTAGAT-1,2,48.0,86.0
Human_Lymph_Node_D1,GTGAACATTCAACGAT-1,1,25.0,69.0
Human_Lymph_Node_D1,GTGAACGGTTCTAACG-1,1,30.0,6.0
Human_Lymph_Node_D1,GTGAACTCGTGGTATC-1,4,71.0,41.0
Human_Lymph_Node_D1,GTGAAGATGAGTGCCT-1,1,36.0,62.0
Human_Lymph_Node_D1,GTGAAGCCACAACCGG-1,4,14.0,84.0
Human_Lymph_Node_D1,GTGAAGTGATCGTGCT-1,2,39.0,95.0
Human_Lymph_Node_D1,GTGAATTAGACATTGC-1,4,11.0,71.0
Human_Lymph_Node_D1,GTGACAAGATGCTCAT-1,2,36.0,72.0
Human_Lymph_Node_D1,GTGACAATAGGTATGT-1,1,28.0,4.0
Human_Lymph_Node_D1,GTGACATACAGGTCCT-1,2,30.0,106.0
Human_Lymph_Node_D1,GTGACATATGCTAGAT-1,1,13.0,45.0
Human_Lymph_Node_D1,GTGACATGTACCACCT-1,3,58.0,90.0
Human_Lymph_Node_D1,GTGACCGGAGTCATAC-1,1,50.0,64.0
Human_Lymph_Node_D1,GTGACCGTGGATTAGC-1,2,56.0,34.0
Human_Lymph_Node_D1,GTGACTGTCCTGGTAT-1,2,40.0,84.0
Human_Lymph_Node_D1,GTGACTTCAACATCCG-1,0,49.0,113.0
Human_Lymph_Node_D1,GTGACTTCCTCACGAC-1,1,18.0,78.0
Human_Lymph_Node_D1,GTGAGCACCAGCATCC-1,4,67.0,81.0
Human_Lymph_Node_D1,GTGATCTACGAGATCC-1,2,53.0,57.0
Human_Lymph_Node_D1,GTGATGGATTAGAACA-1,0,55.0,103.0
Human_Lymph_Node_D1,GTGCAACGACGGTGTT-1,1,45.0,63.0
Human_Lymph_Node_D1,GTGCAACTACTGTACG-1,2,52.0,24.0
Human_Lymph_Node_D1,GTGCACCAATCATAAC-1,1,23.0,7.0
Human_Lymph_Node_D1,GTGCACTTGTAAGCAC-1,3,58.0,44.0
Human_Lymph_Node_D1,GTGCAGCCGGTCTGCA-1,2,44.0,6.0
Human_Lymph_Node_D1,GTGCAGGACTCCAAGG-1,3,64.0,38.0
Human_Lymph_Node_D1,GTGCAGGCACTCTAGG-1,1,32.0,88.0
Human_Lymph_Node_D1,GTGCAGGCTGGACATG-1,1,19.0,85.0
Human_Lymph_Node_D1,GTGCAGTTGTGGCGCT-1,2,42.0,14.0
Human_Lymph_Node_D1,GTGCATGGTTGAGTTC-1,0,25.0,105.0
Human_Lymph_Node_D1,GTGCATTCCTGTGGTC-1,1,20.0,40.0
Human_Lymph_Node_D1,GTGCATTGCAATGTTG-1,3,60.0,38.0
Human_Lymph_Node_D1,GTGCCGCATCCTTCCT-1,2,66.0,68.0
Human_Lymph_Node_D1,GTGCCGTCCTGTCAGC-1,2,52.0,98.0
Human_Lymph_Node_D1,GTGCCTGACACGTTGG-1,2,21.0,67.0
Human_Lymph_Node_D1,GTGCGTTCACGGATAA-1,4,12.0,76.0
Human_Lymph_Node_D1,GTGCTCAATGCAACCT-1,2,58.0,72.0
Human_Lymph_Node_D1,GTGGAACAGAAGTCGA-1,2,41.0,95.0
Human_Lymph_Node_D1,GTGGATAATCATAATC-1,1,9.0,27.0
Human_Lymph_Node_D1,GTGGCGACCTAATATT-1,4,11.0,73.0
Human_Lymph_Node_D1,GTGGCGAGGAAGGCTA-1,1,25.0,93.0
Human_Lymph_Node_D1,GTGGCGATAGGCAGAA-1,3,62.0,42.0
Human_Lymph_Node_D1,GTGGCGATCTGCGATA-1,3,60.0,84.0
Human_Lymph_Node_D1,GTGGCGCACCTGTTCC-1,2,37.0,47.0
Human_Lymph_Node_D1,GTGGCGCCAACAGCTC-1,4,6.0,58.0
Human_Lymph_Node_D1,GTGGCGCCACTACGCT-1,2,51.0,99.0
Human_Lymph_Node_D1,GTGGCGCCAGACTCGA-1,2,20.0,36.0
Human_Lymph_Node_D1,GTGGCGCCAGCTAACC-1,2,46.0,106.0
Human_Lymph_Node_D1,GTGGCTGAATGCGAGT-1,1,38.0,4.0
Human_Lymph_Node_D1,GTGGCTTCCTACCGTT-1,2,23.0,95.0
Human_Lymph_Node_D1,GTGGTACTGTTGTAGC-1,1,23.0,93.0
Human_Lymph_Node_D1,GTGGTACTTGGTTGGA-1,1,25.0,15.0
Human_Lymph_Node_D1,GTGGTAGGTCTAAGAA-1,1,21.0,37.0
Human_Lymph_Node_D1,GTGGTCGCTCTGTAGC-1,2,35.0,55.0
Human_Lymph_Node_D1,GTGGTTACCTTGCGCA-1,0,39.0,117.0
Human_Lymph_Node_D1,GTGGTTGACAAGGAGC-1,1,16.0,36.0
Human_Lymph_Node_D1,GTGGTTGCACGCGGCA-1,4,5.0,29.0
Human_Lymph_Node_D1,GTGGTTGCCGCTTCAA-1,2,43.0,67.0
Human_Lymph_Node_D1,GTTAACAACTTCGGAT-1,1,24.0,46.0
Human_Lymph_Node_D1,GTTAACTCCGACCACT-1,2,28.0,66.0
Human_Lymph_Node_D1,GTTACAGGTACATGGC-1,1,27.0,3.0
Human_Lymph_Node_D1,GTTAGACAATGGATGA-1,2,53.0,85.0
Human_Lymph_Node_D1,GTTAGAGGTGTTAAGA-1,0,56.0,106.0
Human_Lymph_Node_D1,GTTAGGAAGTATACGA-1,4,49.0,115.0
Human_Lymph_Node_D1,GTTAGGTACTAACTGG-1,1,18.0,82.0
Human_Lymph_Node_D1,GTTAGGTCCACTGGCG-1,3,57.0,11.0
Human_Lymph_Node_D1,GTTATGATACGATTAT-1,2,37.0,27.0
Human_Lymph_Node_D1,GTTATGTTGCTTAGAT-1,2,31.0,33.0
Human_Lymph_Node_D1,GTTATTCGGCCATTCG-1,0,60.0,64.0
Human_Lymph_Node_D1,GTTATTCGTAACGTCC-1,1,35.0,37.0
Human_Lymph_Node_D1,GTTATTGCTGAATCCG-1,4,33.0,115.0
Human_Lymph_Node_D1,GTTCATACCTTGGTTA-1,1,42.0,34.0
Human_Lymph_Node_D1,GTTCATCTTACATTCC-1,1,37.0,53.0
Human_Lymph_Node_D1,GTTCCAGTGCCTTACC-1,1,36.0,52.0
Human_Lymph_Node_D1,GTTCCGATGAACCGGC-1,1,25.0,3.0
Human_Lymph_Node_D1,GTTCCGTACCTCCACT-1,1,11.0,23.0
Human_Lymph_Node_D1,GTTCCGTCATACGGCT-1,3,51.0,107.0
Human_Lymph_Node_D1,GTTCCGTCTTATCTTA-1,2,63.0,73.0
Human_Lymph_Node_D1,GTTCCTGAACCTTCAA-1,2,31.0,31.0
Human_Lymph_Node_D1,GTTCCTTGAGGAACGC-1,1,38.0,26.0
Human_Lymph_Node_D1,GTTCGCTGGTATTAGA-1,0,63.0,65.0
Human_Lymph_Node_D1,GTTCGTAGGTAGTGAA-1,4,47.0,33.0
Human_Lymph_Node_D1,GTTCTACTATCATATT-1,1,13.0,29.0
Human_Lymph_Node_D1,GTTCTACTTATGGTAG-1,3,70.0,54.0
Human_Lymph_Node_D1,GTTCTTACTGAAGTAT-1,2,60.0,24.0
Human_Lymph_Node_D1,GTTCTTGATCTGTTGA-1,2,36.0,98.0
Human_Lymph_Node_D1,GTTGAAGGAAGTCGGC-1,0,20.0,98.0
Human_Lymph_Node_D1,GTTGAATAAGTCAGCA-1,1,54.0,50.0
Human_Lymph_Node_D1,GTTGAATCAACCTGGC-1,4,21.0,105.0
Human_Lymph_Node_D1,GTTGAATGGTACAGTA-1,2,50.0,88.0
Human_Lymph_Node_D1,GTTGAATGTTGCTGCC-1,1,32.0,12.0
Human_Lymph_Node_D1,GTTGACATGAACCAAC-1,2,29.0,35.0
Human_Lymph_Node_D1,GTTGACGAACCAGAAC-1,2,33.0,71.0
Human_Lymph_Node_D1,GTTGACGGATAGCCAT-1,0,29.0,103.0
Human_Lymph_Node_D1,GTTGACGTCAGATTAG-1,3,59.0,81.0
Human_Lymph_Node_D1,GTTGACTAGAGCACGT-1,2,41.0,63.0
Human_Lymph_Node_D1,GTTGACTTCTATGCTG-1,4,71.0,65.0
Human_Lymph_Node_D1,GTTGAGCTTCGTCCGG-1,1,44.0,40.0
Human_Lymph_Node_D1,GTTGCCACAAGTCATA-1,4,36.0,118.0
Human_Lymph_Node_D1,GTTGCCACGACAAGAA-1,3,63.0,57.0
Human_Lymph_Node_D1,GTTGCTACGTCTTAAT-1,2,64.0,64.0
Human_Lymph_Node_D1,GTTGCTTGCAATCACT-1,0,42.0,118.0
Human_Lymph_Node_D1,GTTGGCGTGAGCGACC-1,1,22.0,14.0
Human_Lymph_Node_D1,GTTGGTCCGCCAATCT-1,2,30.0,42.0
Human_Lymph_Node_D1,GTTGTCCTGTGATGTA-1,2,43.0,79.0
Human_Lymph_Node_D1,GTTGTCGTAATATGGA-1,4,9.0,77.0
Human_Lymph_Node_D1,TAACAGCAGGCCTTAC-1,4,20.0,100.0
Human_Lymph_Node_D1,TAACAGGAACCGACAA-1,1,25.0,49.0
Human_Lymph_Node_D1,TAACAGGTCCATACCA-1,1,40.0,48.0
Human_Lymph_Node_D1,TAACATGCGTGCGAAC-1,2,47.0,99.0
Human_Lymph_Node_D1,TAACATGGCCACCTCC-1,2,23.0,81.0
Human_Lymph_Node_D1,TAACCAAGGTGCTCTA-1,4,9.0,53.0
Human_Lymph_Node_D1,TAACCGGATGGACAGG-1,2,66.0,72.0
Human_Lymph_Node_D1,TAACCGTACCATCCTG-1,1,10.0,24.0
Human_Lymph_Node_D1,TAACCTTGAGACTTCG-1,0,26.0,108.0
Human_Lymph_Node_D1,TAACGAATCCTAGATA-1,1,31.0,91.0
Human_Lymph_Node_D1,TAACGAATGCTCCAAT-1,4,9.0,61.0
Human_Lymph_Node_D1,TAACGACCTTGCCTAT-1,3,52.0,106.0
Human_Lymph_Node_D1,TAACGAGCCGAAGGTC-1,2,38.0,52.0
Human_Lymph_Node_D1,TAACGAGCGTCTGGCC-1,4,72.0,56.0
Human_Lymph_Node_D1,TAACGAGTTGCCAACC-1,2,25.0,75.0
Human_Lymph_Node_D1,TAACGCATTGGTCCAA-1,1,25.0,41.0
Human_Lymph_Node_D1,TAACGCGTAATATGGC-1,1,31.0,51.0
Human_Lymph_Node_D1,TAACGCGTCAAGCGTT-1,1,9.0,33.0
Human_Lymph_Node_D1,TAACGCGTCCTACAAC-1,3,61.0,37.0
Human_Lymph_Node_D1,TAACGCTCATACGGCA-1,1,18.0,42.0
Human_Lymph_Node_D1,TAACGCTTATGCCATA-1,2,40.0,88.0
Human_Lymph_Node_D1,TAACGCTTCGGCACTT-1,2,44.0,12.0
Human_Lymph_Node_D1,TAACGTCACTATAATC-1,2,33.0,65.0
Human_Lymph_Node_D1,TAACGTGATTCACTAG-1,1,23.0,9.0
Human_Lymph_Node_D1,TAACGTGCCATAGTTA-1,1,46.0,24.0
Human_Lymph_Node_D1,TAACGTTGCGTCGATG-1,0,28.0,102.0
Human_Lymph_Node_D1,TAACTCCAACATGGAC-1,0,55.0,65.0
Human_Lymph_Node_D1,TAACTTGCACGGCGGA-1,2,50.0,84.0
Human_Lymph_Node_D1,TAAGAACAGGTGTAAC-1,3,67.0,43.0
Human_Lymph_Node_D1,TAAGAATATGAGATAG-1,2,39.0,103.0
Human_Lymph_Node_D1,TAAGACCGAGTGAACA-1,1,50.0,42.0
Human_Lymph_Node_D1,TAAGATTAGATATTCC-1,4,4.0,32.0
Human_Lymph_Node_D1,TAAGATTGAGATTACA-1,2,31.0,37.0
Human_Lymph_Node_D1,TAAGATTGCTCACTTC-1,1,41.0,27.0
Human_Lymph_Node_D1,TAAGCAAGTAATGTGG-1,3,62.0,78.0
Human_Lymph_Node_D1,TAAGCACGAGACCTAC-1,1,30.0,98.0
Human_Lymph_Node_D1,TAAGCAGTAGATACTC-1,1,24.0,40.0
Human_Lymph_Node_D1,TAAGCCACAATTGCCT-1,2,14.0,60.0
Human_Lymph_Node_D1,TAAGCCTGGCTTCAGT-1,1,58.0,60.0
Human_Lymph_Node_D1,TAAGCCTGTAGCGTCC-1,2,50.0,86.0
Human_Lymph_Node_D1,TAAGCTCCTTCACGCC-1,3,29.0,109.0
Human_Lymph_Node_D1,TAAGGACGCCTGGTTG-1,2,28.0,62.0
Human_Lymph_Node_D1,TAAGGATCTGAAGATA-1,2,55.0,89.0
Human_Lymph_Node_D1,TAAGGATTGGAAGTGG-1,3,39.0,1.0
Human_Lymph_Node_D1,TAAGGTATGAATGCTA-1,2,56.0,94.0
Human_Lymph_Node_D1,TAAGGTCCGTGACCGT-1,1,22.0,24.0
Human_Lymph_Node_D1,TAAGTGGCCGCTCACC-1,2,37.0,57.0
Human_Lymph_Node_D1,TAATACCATTCTAGAT-1,4,9.0,5.0
Human_Lymph_Node_D1,TAATACCGTTAATTGC-1,2,37.0,85.0
Human_Lymph_Node_D1,TAATAGCGCTGTACTC-1,2,45.0,59.0
Human_Lymph_Node_D1,TAATCGACATTGTTGG-1,1,22.0,90.0
Human_Lymph_Node_D1,TAATCGCAATGTAATA-1,1,12.0,24.0
Human_Lymph_Node_D1,TAATCTGATAAGATGT-1,0,23.0,103.0
Human_Lymph_Node_D1,TAATGACGAAGCGGCT-1,1,39.0,9.0
Human_Lymph_Node_D1,TAATGATCCGGTTATT-1,1,17.0,35.0
Human_Lymph_Node_D1,TAATGATCTACTAACC-1,1,20.0,6.0
Human_Lymph_Node_D1,TAATGTGCACGATCTG-1,1,22.0,60.0
Human_Lymph_Node_D1,TAATTAAGGAGTACTG-1,0,21.0,99.0
Human_Lymph_Node_D1,TAATTACCGGTGCGAG-1,2,41.0,43.0
Human_Lymph_Node_D1,TAATTAGCTCGATTGT-1,1,48.0,26.0
Human_Lymph_Node_D1,TAATTCCTGCAGAAGG-1,0,40.0,118.0
Human_Lymph_Node_D1,TAATTGACGTCGTTCC-1,2,51.0,15.0
Human_Lymph_Node_D1,TAATTGATTCTGTCGC-1,3,65.0,57.0
Human_Lymph_Node_D1,TACAACGGACGGCTCA-1,1,60.0,66.0
Human_Lymph_Node_D1,TACAAGCAGATCGTTG-1,1,22.0,10.0
Human_Lymph_Node_D1,TACAAGCGCCTCTACA-1,2,52.0,80.0
Human_Lymph_Node_D1,TACAAGCGGAAGTACG-1,1,21.0,69.0
Human_Lymph_Node_D1,TACAAGGTCGACAAGT-1,4,63.0,15.0
Human_Lymph_Node_D1,TACAAGTGTCTGTCCG-1,2,15.0,65.0
Human_Lymph_Node_D1,TACACCAGTGCCGACA-1,1,35.0,3.0
Human_Lymph_Node_D1,TACACCTCGTACTCCA-1,1,52.0,30.0
Human_Lymph_Node_D1,TACACCTTGCGGCAGG-1,2,40.0,112.0
Human_Lymph_Node_D1,TACACTCAGTAGAATG-1,4,9.0,45.0
Human_Lymph_Node_D1,TACACTGCAGGTTAGA-1,2,40.0,86.0
Human_Lymph_Node_D1,TACACTGCGTCCGGAC-1,1,30.0,20.0
Human_Lymph_Node_D1,TACACTGTAGTCAACG-1,3,68.0,44.0
Human_Lymph_Node_D1,TACACTGTCGAACCAA-1,2,26.0,50.0
Human_Lymph_Node_D1,TACACTTCGAGGTGAC-1,1,17.0,81.0
Human_Lymph_Node_D1,TACACTTCGCACCGAT-1,1,41.0,13.0
Human_Lymph_Node_D1,TACAGTACTTAGTGTA-1,2,54.0,14.0
Human_Lymph_Node_D1,TACAGTCTCGGCACGG-1,1,32.0,6.0
Human_Lymph_Node_D1,TACATAGCAGACCAAG-1,1,9.0,47.0
Human_Lymph_Node_D1,TACATATGCACCAGTG-1,2,19.0,49.0
Human_Lymph_Node_D1,TACATCGGACAACTGG-1,1,30.0,8.0
Human_Lymph_Node_D1,TACATCGTCAGCGGTT-1,1,21.0,77.0
Human_Lymph_Node_D1,TACATCTAACATGTCC-1,1,20.0,8.0
Human_Lymph_Node_D1,TACATTGAATACGATC-1,1,10.0,34.0
Human_Lymph_Node_D1,TACATTGAATGAACGT-1,0,52.0,112.0
Human_Lymph_Node_D1,TACATTGACTGAGTCC-1,0,71.0,49.0
Human_Lymph_Node_D1,TACCAGACAACCTCAG-1,1,20.0,88.0
Human_Lymph_Node_D1,TACCATCTCGGCCGAA-1,4,60.0,10.0
Human_Lymph_Node_D1,TACCATTGTCCGCCTT-1,1,7.0,29.0
Human_Lymph_Node_D1,TACCTCAGCGGTTGAT-1,4,6.0,34.0
Human_Lymph_Node_D1,TACCTCAGGCAACAGA-1,2,25.0,29.0
Human_Lymph_Node_D1,TACCTGCGGTTGTCCT-1,2,25.0,31.0
Human_Lymph_Node_D1,TACCTGTTAACGGCCT-1,3,65.0,33.0
Human_Lymph_Node_D1,TACGACCGAGCGCAAC-1,1,17.0,3.0
Human_Lymph_Node_D1,TACGACGCGATTCAAG-1,1,37.0,51.0
Human_Lymph_Node_D1,TACGACGTCTCATATT-1,2,49.0,29.0
Human_Lymph_Node_D1,TACGACTCTGAACACT-1,3,58.0,88.0
Human_Lymph_Node_D1,TACGACTGATAATCGC-1,4,5.0,13.0
Human_Lymph_Node_D1,TACGAGATTGGTCTGT-1,1,21.0,87.0
Human_Lymph_Node_D1,TACGCCGGAGTTCTGA-1,2,50.0,90.0
Human_Lymph_Node_D1,TACGCCTTGCCGTGTT-1,1,17.0,85.0
Human_Lymph_Node_D1,TACGCTCCGGTTGGTA-1,1,23.0,31.0
Human_Lymph_Node_D1,TACGGAACAGACGCGG-1,1,17.0,49.0
Human_Lymph_Node_D1,TACGGAATACTCGTTC-1,2,48.0,50.0
Human_Lymph_Node_D1,TACGGAATTGAACCAA-1,2,28.0,20.0
Human_Lymph_Node_D1,TACGGAGGAAGCACCT-1,1,31.0,15.0
Human_Lymph_Node_D1,TACGGATCAGCCATCC-1,1,30.0,54.0
Human_Lymph_Node_D1,TACGGATCCTTGCGAT-1,3,62.0,50.0
Human_Lymph_Node_D1,TACGGCCTTGTAGGAG-1,1,20.0,28.0
Human_Lymph_Node_D1,TACGGTAGTTGCGTGA-1,3,51.0,101.0
Human_Lymph_Node_D1,TACGGTTAATGTACTA-1,2,52.0,92.0
Human_Lymph_Node_D1,TACGTAATCTAGTAAG-1,0,50.0,2.0
Human_Lymph_Node_D1,TACGTACACCTTAAGC-1,3,57.0,15.0
Human_Lymph_Node_D1,TACGTATCGAGGTTGT-1,1,24.0,92.0
Human_Lymph_Node_D1,TACGTGGAGGCATGGC-1,3,63.0,43.0
Human_Lymph_Node_D1,TACGTGGCATCATATG-1,0,70.0,50.0
Human_Lymph_Node_D1,TACGTGTACATCCGTG-1,3,68.0,36.0
Human_Lymph_Node_D1,TACGTTACTGGTAGCG-1,4,12.0,84.0
Human_Lymph_Node_D1,TACTAGGATCAATGGC-1,1,59.0,71.0
Human_Lymph_Node_D1,TACTAGTACCGGATGG-1,1,24.0,94.0
Human_Lymph_Node_D1,TACTATGTTGAATCTT-1,1,18.0,80.0
Human_Lymph_Node_D1,TACTCACTACTCACTC-1,1,9.0,15.0
Human_Lymph_Node_D1,TACTCCGAAGTAGAAT-1,1,39.0,47.0
Human_Lymph_Node_D1,TACTCCGCCAATACAA-1,2,56.0,22.0
Human_Lymph_Node_D1,TACTCCTACATCAACT-1,1,27.0,65.0
Human_Lymph_Node_D1,TACTCCTGAAGGATTA-1,1,13.0,19.0
Human_Lymph_Node_D1,TAGAATTCAACGTGGC-1,3,61.0,41.0
Human_Lymph_Node_D1,TAGACAATACTGGAAG-1,4,4.0,38.0
Human_Lymph_Node_D1,TAGACACCGGCGTCAA-1,1,18.0,4.0
Human_Lymph_Node_D1,TAGACAGGAGATCATT-1,2,41.0,109.0
Human_Lymph_Node_D1,TAGACAGTTCAGATTA-1,1,13.0,39.0
Human_Lymph_Node_D1,TAGACATACGTCTAAT-1,1,36.0,88.0
Human_Lymph_Node_D1,TAGACATGGTTAGGTC-1,2,15.0,47.0
Human_Lymph_Node_D1,TAGACCAGGATATCGG-1,3,61.0,83.0
Human_Lymph_Node_D1,TAGACCATCGATTGAG-1,1,47.0,15.0
Human_Lymph_Node_D1,TAGACCATTGCTTAGA-1,3,59.0,39.0
Human_Lymph_Node_D1,TAGACCGAAGCAGAGC-1,2,13.0,63.0
Human_Lymph_Node_D1,TAGACCGCGGAAGGAC-1,2,37.0,43.0
Human_Lymph_Node_D1,TAGACCGGCCAGTACG-1,1,25.0,65.0
Human_Lymph_Node_D1,TAGACCTGAGGAGCTG-1,1,27.0,39.0
Human_Lymph_Node_D1,TAGAGCAGACAGTCCA-1,1,14.0,26.0
Human_Lymph_Node_D1,TAGAGGCGATTGATTC-1,1,43.0,65.0
Human_Lymph_Node_D1,TAGATGAGCCGTCATT-1,0,63.0,23.0
Human_Lymph_Node_D1,TAGATGCGTGCCAGCG-1,1,43.0,33.0
Human_Lymph_Node_D1,TAGATGGCTGTATGCC-1,1,30.0,44.0
Human_Lymph_Node_D1,TAGATGTCGAGGCCAG-1,2,64.0,72.0
Human_Lymph_Node_D1,TAGCAATACTCGAACA-1,4,5.0,19.0
Human_Lymph_Node_D1,TAGCAATTATGGACCG-1,2,66.0,70.0
Human_Lymph_Node_D1,TAGCAGTCGTCATGAA-1,1,27.0,7.0
Human_Lymph_Node_D1,TAGCAGTGATTCTGTC-1,1,42.0,20.0
Human_Lymph_Node_D1,TAGCCGCAATACCTGC-1,2,11.0,41.0
Human_Lymph_Node_D1,TAGCGTACCTTGACAT-1,2,52.0,40.0
Human_Lymph_Node_D1,TAGCGTACGGAGCGCC-1,4,7.0,73.0
Human_Lymph_Node_D1,TAGCGTATAGCGCTAA-1,2,47.0,69.0
Human_Lymph_Node_D1,TAGCGTCACGACAGGC-1,2,39.0,109.0
Human_Lymph_Node_D1,TAGCGTCTCGGTCTAT-1,4,7.0,69.0
Human_Lymph_Node_D1,TAGCGTTATGACCTCC-1,1,12.0,30.0
Human_Lymph_Node_D1,TAGCTACCATACTGCT-1,2,54.0,72.0
Human_Lymph_Node_D1,TAGCTACCTGTAGGAT-1,4,12.0,66.0
Human_Lymph_Node_D1,TAGCTAGAAGCGATCA-1,1,26.0,94.0
Human_Lymph_Node_D1,TAGCTAGAGCACGCCG-1,2,49.0,101.0
Human_Lymph_Node_D1,TAGCTAGAGGCCTGAA-1,2,52.0,62.0
Human_Lymph_Node_D1,TAGCTATGTTGAGCAC-1,1,25.0,17.0
Human_Lymph_Node_D1,TAGCTCGAATCGTCCG-1,1,49.0,77.0
Human_Lymph_Node_D1,TAGCTTAAGCTGGCGT-1,2,32.0,72.0
Human_Lymph_Node_D1,TAGGACATCAGCATGG-1,2,45.0,43.0
Human_Lymph_Node_D1,TAGGACGGCCAGCCGA-1,1,53.0,39.0
Human_Lymph_Node_D1,TAGGACTTCATGTTAT-1,3,63.0,47.0
Human_Lymph_Node_D1,TAGGAGCCAGACTCAG-1,4,3.0,45.0
Human_Lymph_Node_D1,TAGGAGGCGTATTGCC-1,4,61.0,99.0
Human_Lymph_Node_D1,TAGGATGCACCGTTCA-1,2,43.0,73.0
Human_Lymph_Node_D1,TAGGCATCGGAGCCTC-1,1,11.0,59.0
Human_Lymph_Node_D1,TAGGCATCTGCGGACC-1,1,28.0,58.0
Human_Lymph_Node_D1,TAGGCGAGCGATCGGT-1,1,21.0,55.0
Human_Lymph_Node_D1,TAGGCGCATATCTAAC-1,2,25.0,35.0
Human_Lymph_Node_D1,TAGGCTCCGGCATACA-1,1,15.0,29.0
Human_Lymph_Node_D1,TAGGCTTATCTAGCTC-1,2,64.0,70.0
Human_Lymph_Node_D1,TAGGTCTACTCGTGAA-1,2,20.0,90.0
Human_Lymph_Node_D1,TAGGTCTGCCTCTGTA-1,2,12.0,46.0
Human_Lymph_Node_D1,TAGGTCTTGGCTCGTC-1,2,36.0,74.0
Human_Lymph_Node_D1,TAGTAAGCGGTGGATA-1,3,64.0,78.0
Human_Lymph_Node_D1,TAGTATAACCTCGACA-1,4,31.0,111.0
Human_Lymph_Node_D1,TAGTATCCAATTACGT-1,1,23.0,77.0
Human_Lymph_Node_D1,TAGTATTGCCGAGTTG-1,1,28.0,6.0
Human_Lymph_Node_D1,TAGTCACTGGATAGGC-1,2,61.0,75.0
Human_Lymph_Node_D1,TAGTGAACATGCAGAT-1,1,29.0,15.0
Human_Lymph_Node_D1,TAGTGAATGTTCAGTG-1,2,37.0,39.0
Human_Lymph_Node_D1,TAGTGACCAGTTGCGG-1,4,4.0,36.0
Human_Lymph_Node_D1,TAGTGACCGTCGATTA-1,1,14.0,42.0
Human_Lymph_Node_D1,TAGTGACTCAATTGCT-1,2,35.0,77.0
Human_Lymph_Node_D1,TAGTGACTCGCTCCGC-1,2,35.0,29.0
Human_Lymph_Node_D1,TAGTGAGGACATGTTG-1,2,31.0,73.0
Human_Lymph_Node_D1,TAGTGAGGTATCGACC-1,1,18.0,32.0
Human_Lymph_Node_D1,TAGTGATGACTCCTGG-1,1,30.0,74.0
Human_Lymph_Node_D1,TAGTGCACATAGTCTG-1,1,10.0,28.0
Human_Lymph_Node_D1,TAGTGCACTATTGTCA-1,1,32.0,86.0
Human_Lymph_Node_D1,TAGTGCAGCTGGCGTC-1,4,8.0,42.0
Human_Lymph_Node_D1,TAGTGCAGTGCGGTAG-1,1,42.0,40.0
Human_Lymph_Node_D1,TAGTGCGTGGAGAAGT-1,4,6.0,46.0
Human_Lymph_Node_D1,TAGTGCTGTAGCGTTG-1,1,21.0,5.0
Human_Lymph_Node_D1,TAGTGGTTGAACCAAT-1,2,45.0,107.0
Human_Lymph_Node_D1,TAGTTACATAGAAGAT-1,1,14.0,18.0
Human_Lymph_Node_D1,TAGTTCAATCGACCTC-1,1,37.0,15.0
Human_Lymph_Node_D1,TAGTTCCGATAGAATC-1,1,41.0,39.0
Human_Lymph_Node_D1,TAGTTCGAATTAGCGG-1,2,52.0,64.0
Human_Lymph_Node_D1,TAGTTCGAGTAGGAAG-1,1,44.0,46.0
Human_Lymph_Node_D1,TAGTTCGATCCTCACG-1,3,65.0,47.0
Human_Lymph_Node_D1,TAGTTGAGCCAGCCAG-1,4,51.0,113.0
Human_Lymph_Node_D1,TAGTTGAGTTCTGCAC-1,2,63.0,63.0
Human_Lymph_Node_D1,TAGTTGGCTTAGGCCT-1,3,43.0,109.0
Human_Lymph_Node_D1,TATCAACGAATATGAG-1,1,33.0,103.0
Human_Lymph_Node_D1,TATCAAGGCCGCGTGG-1,2,41.0,97.0
Human_Lymph_Node_D1,TATCAAGGCTCGTCGG-1,0,61.0,15.0
Human_Lymph_Node_D1,TATCAATCGCCGAGTG-1,0,52.0,2.0
Human_Lymph_Node_D1,TATCAATGCCGCTCAC-1,1,25.0,95.0
Human_Lymph_Node_D1,TATCACATAGCGAACT-1,2,52.0,88.0
Human_Lymph_Node_D1,TATCACCGGCATCGTG-1,1,40.0,24.0
Human_Lymph_Node_D1,TATCACTTCGAGCCGT-1,1,39.0,91.0
Human_Lymph_Node_D1,TATCATGGATGTTGCC-1,1,23.0,35.0
Human_Lymph_Node_D1,TATCCAAGCGCCGTAG-1,2,51.0,89.0
Human_Lymph_Node_D1,TATCCAATACCGCAAT-1,3,60.0,94.0
Human_Lymph_Node_D1,TATCCACTTGCGTATC-1,2,38.0,68.0
Human_Lymph_Node_D1,TATCCGATCTTGGCGG-1,1,10.0,46.0
Human_Lymph_Node_D1,TATCCTGCGGTTGATC-1,1,20.0,60.0
Human_Lymph_Node_D1,TATCTAGTCGCATGCA-1,2,20.0,52.0
Human_Lymph_Node_D1,TATCTAGTGAATGATC-1,0,47.0,113.0
Human_Lymph_Node_D1,TATCTAGTGCCATATT-1,3,43.0,115.0
Human_Lymph_Node_D1,TATGAACTACGCGGTG-1,2,57.0,23.0
Human_Lymph_Node_D1,TATGAAGCGACCGTCC-1,2,19.0,89.0
Human_Lymph_Node_D1,TATGACAATGCTTGAA-1,2,37.0,67.0
Human_Lymph_Node_D1,TATGACAGCGAGAAGC-1,2,36.0,30.0
Human_Lymph_Node_D1,TATGACCGATGAAGTG-1,1,34.0,4.0
Human_Lymph_Node_D1,TATGACGCGTATGTCG-1,1,24.0,30.0
Human_Lymph_Node_D1,TATGACGGAGATTGGC-1,1,28.0,90.0
Human_Lymph_Node_D1,TATGACTCAATGATCG-1,1,10.0,22.0
Human_Lymph_Node_D1,TATGAGCGATCCATTA-1,1,46.0,46.0
Human_Lymph_Node_D1,TATGAGGATCTACTGG-1,1,29.0,47.0
Human_Lymph_Node_D1,TATGAGTTCCGAGTGA-1,2,38.0,106.0
Human_Lymph_Node_D1,TATGCCACAGCCGGTG-1,4,69.0,71.0
Human_Lymph_Node_D1,TATGCTCCTGGTTAGT-1,4,12.0,64.0
Human_Lymph_Node_D1,TATGGAGTTCTACGGC-1,1,10.0,32.0
Human_Lymph_Node_D1,TATGGATATGGTGCGA-1,0,68.0,76.0
Human_Lymph_Node_D1,TATGGCAGTTCGTCTA-1,2,57.0,81.0
Human_Lymph_Node_D1,TATGGCCATAATAGAC-1,1,55.0,69.0
Human_Lymph_Node_D1,TATGGCCGGCGACACT-1,2,49.0,51.0
Human_Lymph_Node_D1,TATGGCCTCACGTACA-1,2,50.0,16.0
Human_Lymph_Node_D1,TATGTAGAGCTGATCA-1,2,61.0,65.0
Human_Lymph_Node_D1,TATGTCATAAGCGTCG-1,3,58.0,84.0
Human_Lymph_Node_D1,TATGTCGAGGTTGAAG-1,1,30.0,86.0
Human_Lymph_Node_D1,TATGTTGCAGTCTAGG-1,2,59.0,55.0
Human_Lymph_Node_D1,TATGTTGGTAGGTCGT-1,2,52.0,96.0
Human_Lymph_Node_D1,TATGTTGGTCCAGTGA-1,2,49.0,49.0
Human_Lymph_Node_D1,TATTAACTTCCGCTCA-1,1,32.0,36.0
Human_Lymph_Node_D1,TATTAAGCAGCGCCGG-1,3,65.0,55.0
Human_Lymph_Node_D1,TATTAATAGAATGGCA-1,4,54.0,4.0
Human_Lymph_Node_D1,TATTAATATGTCGACT-1,3,63.0,29.0
Human_Lymph_Node_D1,TATTCCGGTTGTTAAT-1,2,59.0,35.0
Human_Lymph_Node_D1,TATTCGACAACCGTGA-1,3,49.0,105.0
Human_Lymph_Node_D1,TATTCGACATTACTAT-1,3,54.0,104.0
Human_Lymph_Node_D1,TATTCGGTGGAGATTC-1,2,58.0,68.0
Human_Lymph_Node_D1,TATTCGTGCGTTCTGG-1,1,29.0,3.0
Human_Lymph_Node_D1,TATTCGTTAACAGGCA-1,1,17.0,7.0
Human_Lymph_Node_D1,TATTCGTTAATGCTCC-1,1,15.0,35.0
Human_Lymph_Node_D1,TATTCGTTATCGCCTG-1,2,63.0,67.0
Human_Lymph_Node_D1,TATTCTAAGGCTCATC-1,2,58.0,62.0
Human_Lymph_Node_D1,TATTCTAGAATCGGAC-1,3,54.0,106.0
Human_Lymph_Node_D1,TATTCTCAGCGGCTGG-1,1,54.0,70.0
Human_Lymph_Node_D1,TATTCTCCTATGATGG-1,2,53.0,47.0
Human_Lymph_Node_D1,TATTGAATCCGACTAA-1,1,30.0,52.0
Human_Lymph_Node_D1,TATTGAATGAATGTGG-1,1,8.0,24.0
Human_Lymph_Node_D1,TATTGATCGTGATCTT-1,1,47.0,79.0
Human_Lymph_Node_D1,TATTGATCTACTTCGG-1,3,68.0,60.0
Human_Lymph_Node_D1,TCAACAATGGAGGCCT-1,3,51.0,55.0
Human_Lymph_Node_D1,TCAACACCAATCATTA-1,3,60.0,26.0
Human_Lymph_Node_D1,TCAACAGGACAGCAAC-1,1,14.0,32.0
Human_Lymph_Node_D1,TCAACAGGCCATGCCG-1,4,15.0,91.0
Human_Lymph_Node_D1,TCAACATGGATACAAC-1,3,64.0,52.0
Human_Lymph_Node_D1,TCAACCGGAGACCTCG-1,1,44.0,28.0
Human_Lymph_Node_D1,TCAAGGAACCTATTGC-1,1,24.0,18.0
Human_Lymph_Node_D1,TCAAGGACGTTAGGAG-1,2,65.0,73.0
Human_Lymph_Node_D1,TCAAGGCAACGCGGCT-1,1,31.0,97.0
Human_Lymph_Node_D1,TCAAGGCCATAGCCTG-1,4,14.0,68.0
Human_Lymph_Node_D1,TCAAGGTACACGAAGA-1,1,10.0,16.0
Human_Lymph_Node_D1,TCAAGGTATCAACTTA-1,1,46.0,60.0
Human_Lymph_Node_D1,TCAAGGTCTGAATATG-1,2,55.0,57.0
Human_Lymph_Node_D1,TCAAGTGATGGTTAAT-1,2,64.0,62.0
Human_Lymph_Node_D1,TCAATATTCCGGTTAG-1,0,58.0,102.0
Human_Lymph_Node_D1,TCAATATTCGACAAGA-1,4,4.0,18.0
Human_Lymph_Node_D1,TCAATTAATAGAACCT-1,3,52.0,100.0
Human_Lymph_Node_D1,TCACAAGATGACTCGA-1,2,48.0,98.0
Human_Lymph_Node_D1,TCACAAGCTCGAGGCA-1,2,35.0,61.0
Human_Lymph_Node_D1,TCACAAGGAGAACAAG-1,3,59.0,85.0
Human_Lymph_Node_D1,TCACAGCACCAAGGTT-1,2,21.0,35.0
Human_Lymph_Node_D1,TCACATAAGCGTTGCC-1,1,49.0,9.0
Human_Lymph_Node_D1,TCACATAGACCTCCGT-1,1,21.0,19.0
Human_Lymph_Node_D1,TCACATCCTGTCGCGG-1,1,26.0,98.0
Human_Lymph_Node_D1,TCACATCCTTCTCAGT-1,1,30.0,46.0
Human_Lymph_Node_D1,TCACATTGTCGGTGAC-1,1,24.0,54.0
Human_Lymph_Node_D1,TCACCATAGATTGTTA-1,2,43.0,35.0
Human_Lymph_Node_D1,TCACCGTTGCTAATGG-1,1,31.0,55.0
Human_Lymph_Node_D1,TCACGACATCAGAAGG-1,2,28.0,98.0
Human_Lymph_Node_D1,TCACGATACCTAGCCA-1,2,47.0,83.0
Human_Lymph_Node_D1,TCACGCTATCCACTAC-1,2,56.0,90.0
Human_Lymph_Node_D1,TCACTACGACTCTGCG-1,2,21.0,91.0
Human_Lymph_Node_D1,TCACTCCGCTCACTGG-1,3,62.0,32.0
Human_Lymph_Node_D1,TCAGAATCGATATCAT-1,1,48.0,62.0
Human_Lymph_Node_D1,TCAGAATCTAATAGTC-1,1,44.0,18.0
Human_Lymph_Node_D1,TCAGACCGGCCTGCTC-1,4,66.0,18.0
Human_Lymph_Node_D1,TCAGATTACCAGGTTA-1,1,40.0,12.0
Human_Lymph_Node_D1,TCAGCGCCTAGTCTTA-1,1,65.0,67.0
Human_Lymph_Node_D1,TCAGCGTGACCTTACC-1,1,29.0,63.0
Human_Lymph_Node_D1,TCAGCTACCAACTCCG-1,1,20.0,74.0
Human_Lymph_Node_D1,TCAGCTAGGATGTACT-1,2,35.0,49.0
Human_Lymph_Node_D1,TCAGCTATTAATCGCT-1,2,33.0,51.0
Human_Lymph_Node_D1,TCAGCTCGCCAGGATG-1,2,38.0,86.0
Human_Lymph_Node_D1,TCAGGAGCAACGGTCG-1,2,39.0,59.0
Human_Lymph_Node_D1,TCAGGATACACTACAA-1,1,22.0,78.0
Human_Lymph_Node_D1,TCAGTATGTAGGACAA-1,1,23.0,47.0
Human_Lymph_Node_D1,TCAGTCAGCGATCAGA-1,1,19.0,83.0
Human_Lymph_Node_D1,TCAGTCATTGCAAGTG-1,3,59.0,91.0
Human_Lymph_Node_D1,TCAGTCCAACGGAAGT-1,1,39.0,23.0
Human_Lymph_Node_D1,TCAGTCGAAGTATCTA-1,4,10.0,66.0
Human_Lymph_Node_D1,TCAGTCGCCAAGGTTG-1,1,44.0,56.0
Human_Lymph_Node_D1,TCAGTCGTGCCGGCAG-1,1,29.0,89.0
Human_Lymph_Node_D1,TCAGTGAAGAGTTCTA-1,0,69.0,63.0
Human_Lymph_Node_D1,TCAGTTCAGAATCTCG-1,4,15.0,67.0
Human_Lymph_Node_D1,TCAGTTCTCCGGACCG-1,2,42.0,72.0
Human_Lymph_Node_D1,TCAGTTGACAGTGCCA-1,1,40.0,28.0
Human_Lymph_Node_D1,TCAGTTGCTAAGCCTA-1,0,62.0,16.0
Human_Lymph_Node_D1,TCATAGCTTCCAGTAC-1,2,38.0,56.0
Human_Lymph_Node_D1,TCATAGGTAGTGACGA-1,2,60.0,50.0
Human_Lymph_Node_D1,TCATAGGTATTGCGTG-1,4,68.0,20.0
Human_Lymph_Node_D1,TCATAGGTGAGTCGAC-1,1,37.0,107.0
Human_Lymph_Node_D1,TCATAGTAGACTCATA-1,4,48.0,116.0
Human_Lymph_Node_D1,TCATCCACGTGGTCAC-1,1,37.0,9.0
Human_Lymph_Node_D1,TCATCCATGCCAAGCG-1,2,62.0,60.0
Human_Lymph_Node_D1,TCATCGCTGTGCAACA-1,2,56.0,32.0
Human_Lymph_Node_D1,TCATCGGCCTGTGCGG-1,2,59.0,69.0
Human_Lymph_Node_D1,TCATCGTTATGTATCT-1,1,31.0,101.0
Human_Lymph_Node_D1,TCATCTATCCACGATT-1,1,48.0,20.0
Human_Lymph_Node_D1,TCATCTCCAACCACCT-1,2,48.0,48.0
Human_Lymph_Node_D1,TCATCTCCAGCCGGTG-1,1,16.0,14.0
Human_Lymph_Node_D1,TCATCTGCCGCTATTC-1,2,54.0,90.0
Human_Lymph_Node_D1,TCATCTTCCACGTATG-1,2,25.0,37.0
Human_Lymph_Node_D1,TCATCTTCGACACCGT-1,0,61.0,19.0
Human_Lymph_Node_D1,TCATGAGGCTTGACGC-1,1,16.0,20.0
Human_Lymph_Node_D1,TCATGAGGTTGATATG-1,1,34.0,20.0
Human_Lymph_Node_D1,TCATGAGTAAGACATC-1,0,25.0,111.0
Human_Lymph_Node_D1,TCATGATTCTGATACT-1,4,17.0,71.0
Human_Lymph_Node_D1,TCATTACGGCACAGTA-1,1,8.0,36.0
Human_Lymph_Node_D1,TCATTCACGCGAGCTC-1,4,71.0,71.0
Human_Lymph_Node_D1,TCATTCACTGTAATGG-1,2,39.0,101.0
Human_Lymph_Node_D1,TCATTGATAGACTTGC-1,2,23.0,53.0
Human_Lymph_Node_D1,TCATTGATAGGTGGAA-1,1,12.0,20.0
Human_Lymph_Node_D1,TCATTGGCGACCGACG-1,1,38.0,10.0
Human_Lymph_Node_D1,TCATTGTTCAATGCGT-1,2,31.0,49.0
Human_Lymph_Node_D1,TCCAACGAAGATGCTT-1,2,55.0,73.0
Human_Lymph_Node_D1,TCCAACGTGGTTGTTC-1,2,45.0,39.0
Human_Lymph_Node_D1,TCCAACTAAGACTCCA-1,2,33.0,69.0
Human_Lymph_Node_D1,TCCAACTGAATAAGGT-1,2,38.0,48.0
Human_Lymph_Node_D1,TCCAACTGCCGCCATA-1,2,42.0,88.0
Human_Lymph_Node_D1,TCCAACTGGCTGAAGA-1,2,16.0,64.0
Human_Lymph_Node_D1,TCCAAGACCGCTTGAT-1,2,51.0,81.0
Human_Lymph_Node_D1,TCCAATAACGTGCTAG-1,0,67.0,65.0
Human_Lymph_Node_D1,TCCAATACTATCTGTT-1,1,26.0,14.0
Human_Lymph_Node_D1,TCCAATCCAGATACAT-1,1,32.0,16.0
Human_Lymph_Node_D1,TCCAATCTAACACGCA-1,1,34.0,100.0
Human_Lymph_Node_D1,TCCAATGCAAGTATCT-1,4,3.0,37.0
Human_Lymph_Node_D1,TCCAATTAGCAATCAA-1,1,17.0,45.0
Human_Lymph_Node_D1,TCCAATTGGTTACAGT-1,2,50.0,52.0
Human_Lymph_Node_D1,TCCACCAAGTGACGAA-1,3,60.0,30.0
Human_Lymph_Node_D1,TCCACGCTGAGTACTT-1,4,11.0,1.0
Human_Lymph_Node_D1,TCCAGATCTTCGCTTA-1,4,7.0,61.0
Human_Lymph_Node_D1,TCCAGTACCGAGCGCA-1,3,60.0,82.0
Human_Lymph_Node_D1,TCCAGTACGTGCTATG-1,2,26.0,62.0
Human_Lymph_Node_D1,TCCAGTCACGGTGGCT-1,4,7.0,43.0
Human_Lymph_Node_D1,TCCAGTCAGTACATTA-1,2,60.0,74.0
Human_Lymph_Node_D1,TCCAGTGATGCGTATC-1,1,30.0,4.0
Human_Lymph_Node_D1,TCCAGTGATTGGTGCT-1,2,33.0,17.0
Human_Lymph_Node_D1,TCCATCGGCTAGACGA-1,3,50.0,106.0
Human_Lymph_Node_D1,TCCATGATGTGATCAA-1,1,28.0,80.0
Human_Lymph_Node_D1,TCCATGCGTCCACCAG-1,2,19.0,79.0
Human_Lymph_Node_D1,TCCATGCGTCGGTTAC-1,1,48.0,10.0
Human_Lymph_Node_D1,TCCATGTCGGACCGAC-1,1,11.0,7.0
Human_Lymph_Node_D1,TCCGAACATAGTCTGA-1,2,37.0,101.0
Human_Lymph_Node_D1,TCCGAACCTCAACCAT-1,2,31.0,57.0
Human_Lymph_Node_D1,TCCGAATACCGAATAG-1,1,7.0,35.0
Human_Lymph_Node_D1,TCCGAATACTCGCTGG-1,1,17.0,23.0
Human_Lymph_Node_D1,TCCGAATAGAAGCACC-1,2,41.0,107.0
Human_Lymph_Node_D1,TCCGAATCATGTTGTC-1,2,42.0,44.0
Human_Lymph_Node_D1,TCCGAATCGCAGGTTC-1,2,48.0,84.0
Human_Lymph_Node_D1,TCCGAGTACGACTTAG-1,2,42.0,48.0
Human_Lymph_Node_D1,TCCGATGCGTATCCGG-1,1,24.0,38.0
Human_Lymph_Node_D1,TCCGCCAACATTGCTC-1,2,45.0,23.0
Human_Lymph_Node_D1,TCCGCCAAGGTCCGTT-1,3,51.0,77.0
Human_Lymph_Node_D1,TCCGCCAGTGATTAAT-1,2,41.0,57.0
Human_Lymph_Node_D1,TCCGCCGGTCTATTCA-1,2,49.0,23.0
Human_Lymph_Node_D1,TCCGCCTTGTTCTGAT-1,2,57.0,77.0
Human_Lymph_Node_D1,TCCGGCTATGCTCAGT-1,2,55.0,77.0
Human_Lymph_Node_D1,TCCGGCTCTATGGACA-1,2,25.0,59.0
Human_Lymph_Node_D1,TCCGGTACGTGGCCTC-1,2,56.0,36.0
Human_Lymph_Node_D1,TCCGGTTCCGTTCTAG-1,2,51.0,93.0
Human_Lymph_Node_D1,TCCGTCATAAGATGAC-1,4,8.0,10.0
Human_Lymph_Node_D1,TCCGTCCACTCGGAGC-1,0,22.0,100.0
Human_Lymph_Node_D1,TCCGTCGGTACAAGTT-1,1,51.0,19.0
Human_Lymph_Node_D1,TCCGTGTCTTACATAA-1,1,44.0,54.0
Human_Lymph_Node_D1,TCCGTGTTCTGTTCTG-1,1,20.0,46.0
Human_Lymph_Node_D1,TCCGTTGGAGCTCACT-1,1,13.0,15.0
Human_Lymph_Node_D1,TCCTAAGCGGTTCATC-1,1,8.0,28.0
Human_Lymph_Node_D1,TCCTAATTGCGGCCTG-1,1,54.0,30.0
Human_Lymph_Node_D1,TCCTAATTGCTCAACG-1,2,23.0,97.0
Human_Lymph_Node_D1,TCCTACAAGCTCGAAC-1,2,53.0,95.0
Human_Lymph_Node_D1,TCCTACCGATCGTGGC-1,3,64.0,32.0
Human_Lymph_Node_D1,TCCTACCGGTTCCTAG-1,3,42.0,2.0
Human_Lymph_Node_D1,TCCTAGGTATCTGATG-1,2,28.0,18.0
Human_Lymph_Node_D1,TCCTATCCTCGAATCA-1,4,14.0,72.0
Human_Lymph_Node_D1,TCCTATCCTGTCAATA-1,4,11.0,69.0
Human_Lymph_Node_D1,TCCTATGAGGATTGTT-1,1,42.0,26.0
Human_Lymph_Node_D1,TCCTATTGACTGTTGA-1,2,34.0,12.0
Human_Lymph_Node_D1,TCCTCAATGAGGAACG-1,2,48.0,72.0
Human_Lymph_Node_D1,TCCTCACGTGTAGACG-1,1,27.0,79.0
Human_Lymph_Node_D1,TCCTCAGTCGGATGCG-1,1,20.0,14.0
Human_Lymph_Node_D1,TCCTCATCGTGCTGGA-1,1,34.0,88.0
Human_Lymph_Node_D1,TCCTCATGGCACCGTT-1,3,58.0,10.0
Human_Lymph_Node_D1,TCCTGAAGCGTGCACT-1,2,32.0,32.0
Human_Lymph_Node_D1,TCCTGACACTTCACGG-1,4,16.0,86.0
Human_Lymph_Node_D1,TCCTGATAAGTGCCGT-1,2,25.0,87.0
Human_Lymph_Node_D1,TCCTGCCGTGTCTAAG-1,3,68.0,54.0
Human_Lymph_Node_D1,TCCTGGTGGCAATAGC-1,2,39.0,51.0
Human_Lymph_Node_D1,TCCTTACTCGCAATGA-1,0,28.0,104.0
Human_Lymph_Node_D1,TCCTTCCAACCGCAAC-1,4,13.0,75.0
Human_Lymph_Node_D1,TCCTTGAACAGGACCA-1,2,35.0,11.0
Human_Lymph_Node_D1,TCCTTGGCTCAAGAGT-1,2,32.0,22.0
Human_Lymph_Node_D1,TCGAATCTTGCGTTAC-1,2,63.0,53.0
Human_Lymph_Node_D1,TCGAATGGTTCCACGC-1,3,60.0,40.0
Human_Lymph_Node_D1,TCGAATTAGTTACTCC-1,2,43.0,25.0
Human_Lymph_Node_D1,TCGAATTGTACACTAT-1,2,31.0,19.0
Human_Lymph_Node_D1,TCGACCTGCAGCTCAG-1,4,6.0,28.0
Human_Lymph_Node_D1,TCGACGAAGAGCAAGT-1,2,30.0,92.0
Human_Lymph_Node_D1,TCGAGTGGTAGGTCAC-1,3,45.0,83.0
Human_Lymph_Node_D1,TCGATATTAGACATAC-1,2,26.0,28.0
Human_Lymph_Node_D1,TCGATCCAGTCTGTAG-1,1,45.0,61.0
Human_Lymph_Node_D1,TCGATCGCACCTAATC-1,3,50.0,112.0
Human_Lymph_Node_D1,TCGATCGTTGTCTGAA-1,4,8.0,70.0
Human_Lymph_Node_D1,TCGATCTAATGTTAGT-1,1,40.0,34.0
Human_Lymph_Node_D1,TCGATCTAGCCGATTC-1,2,53.0,37.0
Human_Lymph_Node_D1,TCGCAATAGTGACGCA-1,3,65.0,49.0
Human_Lymph_Node_D1,TCGCACCTCATGTCAG-1,4,6.0,50.0
Human_Lymph_Node_D1,TCGCACTCTTGGACAG-1,1,18.0,48.0
Human_Lymph_Node_D1,TCGCACTGCTGTGCTC-1,1,48.0,42.0
Human_Lymph_Node_D1,TCGCACTGTACGGCGA-1,2,35.0,57.0
Human_Lymph_Node_D1,TCGCACTTACTGAAGT-1,1,51.0,35.0
Human_Lymph_Node_D1,TCGCACTTGGTCCGTC-1,1,50.0,8.0
Human_Lymph_Node_D1,TCGCCGTATCATGCTT-1,3,59.0,87.0
Human_Lymph_Node_D1,TCGCCGTTCGCCACAG-1,4,55.0,3.0
Human_Lymph_Node_D1,TCGCCTAGATAATTAA-1,1,21.0,39.0
Human_Lymph_Node_D1,TCGCCTATCGACTCCT-1,1,43.0,55.0
Human_Lymph_Node_D1,TCGCCTGACGGCCACT-1,2,43.0,51.0
Human_Lymph_Node_D1,TCGCCTGCGTGCGTGG-1,1,36.0,10.0
Human_Lymph_Node_D1,TCGCCTGGTGGATTCT-1,4,17.0,95.0
Human_Lymph_Node_D1,TCGCGGAGTACAACCA-1,4,68.0,24.0
Human_Lymph_Node_D1,TCGCGGAGTTAGACTT-1,1,14.0,4.0
Human_Lymph_Node_D1,TCGCGGTAGTATGATC-1,4,10.0,64.0
Human_Lymph_Node_D1,TCGCTTACTCGCAAGT-1,4,67.0,67.0
Human_Lymph_Node_D1,TCGCTTGTTCCAGTTG-1,3,62.0,82.0
Human_Lymph_Node_D1,TCGGAACGTCTGCAAG-1,2,35.0,97.0
Human_Lymph_Node_D1,TCGGAATCAGCCTAAC-1,4,13.0,65.0
Human_Lymph_Node_D1,TCGGACATTCTATGAG-1,2,39.0,35.0
Human_Lymph_Node_D1,TCGGACCAGGATCGCC-1,0,33.0,113.0
Human_Lymph_Node_D1,TCGGACGGCCGAGGAA-1,3,63.0,79.0
Human_Lymph_Node_D1,TCGGACGTTGCCTCAG-1,4,8.0,50.0
Human_Lymph_Node_D1,TCGGACTGCCACCTCC-1,2,53.0,63.0
Human_Lymph_Node_D1,TCGGAGCGTTACCTCG-1,3,58.0,82.0
Human_Lymph_Node_D1,TCGGAGTGGTACTTGC-1,0,52.0,6.0
Human_Lymph_Node_D1,TCGGAGTTGTCTTGTT-1,1,19.0,39.0
Human_Lymph_Node_D1,TCGGCACTGGCGCCGA-1,1,48.0,34.0
Human_Lymph_Node_D1,TCGGCGACCTCGCTGA-1,4,64.0,90.0
Human_Lymph_Node_D1,TCGGCGCAGAATGTCT-1,2,44.0,78.0
Human_Lymph_Node_D1,TCGGCGCAGATAGATA-1,1,38.0,46.0
Human_Lymph_Node_D1,TCGGCGCTATCACGTG-1,4,16.0,94.0
Human_Lymph_Node_D1,TCGGTAATAGCGGTTC-1,1,9.0,29.0
Human_Lymph_Node_D1,TCGGTAATTACGTGGA-1,2,47.0,103.0
Human_Lymph_Node_D1,TCGGTAGGCATCACGC-1,2,42.0,102.0
Human_Lymph_Node_D1,TCGGTATCGTAATTGG-1,3,63.0,31.0
Human_Lymph_Node_D1,TCGGTGATCGCCGGCC-1,1,47.0,29.0
Human_Lymph_Node_D1,TCGGTGTCTAACCAAG-1,1,24.0,82.0
Human_Lymph_Node_D1,TCGTAAGGCGTTCAGG-1,1,9.0,55.0
Human_Lymph_Node_D1,TCGTATACAAGACGAG-1,3,67.0,33.0
Human_Lymph_Node_D1,TCGTATAGGAGCCTAT-1,1,8.0,18.0
Human_Lymph_Node_D1,TCGTATCAACAGCACC-1,4,12.0,80.0
Human_Lymph_Node_D1,TCGTATCACGTTATGA-1,2,27.0,61.0
Human_Lymph_Node_D1,TCGTATCCTGATGCAA-1,4,8.0,64.0
Human_Lymph_Node_D1,TCGTATCGGTCTCCTT-1,2,44.0,4.0
Human_Lymph_Node_D1,TCGTATGCCGGACGTT-1,2,54.0,92.0
Human_Lymph_Node_D1,TCGTATGTCGTGCCTA-1,1,36.0,6.0
Human_Lymph_Node_D1,TCGTATTAGATCCGGT-1,3,70.0,60.0
Human_Lymph_Node_D1,TCGTATTCTGAGTGGC-1,2,57.0,67.0
Human_Lymph_Node_D1,TCGTCAAGCCTAATCT-1,4,16.0,68.0
Human_Lymph_Node_D1,TCGTCACGATGTTCGA-1,0,57.0,29.0
Human_Lymph_Node_D1,TCGTCAGAACAGCCAG-1,1,37.0,7.0
Human_Lymph_Node_D1,TCGTCCAGCATGGCTT-1,2,42.0,66.0
Human_Lymph_Node_D1,TCGTGCCTCGGTAGTT-1,2,32.0,102.0
Human_Lymph_Node_D1,TCGTTAGCCAGGCCAG-1,1,41.0,11.0
Human_Lymph_Node_D1,TCGTTAGCTTACTCAT-1,1,7.0,19.0
Human_Lymph_Node_D1,TCTAACAAGCCAATCC-1,2,23.0,25.0
Human_Lymph_Node_D1,TCTAACCGTGCTAGCT-1,0,47.0,115.0
Human_Lymph_Node_D1,TCTAACTCTATGTTCT-1,4,15.0,77.0
Human_Lymph_Node_D1,TCTACAACTGGAACTT-1,2,35.0,109.0
Human_Lymph_Node_D1,TCTACACTAATTACTC-1,2,53.0,73.0
Human_Lymph_Node_D1,TCTACACTGAGCTTCT-1,4,15.0,75.0
Human_Lymph_Node_D1,TCTACAGCACGTCCGA-1,1,37.0,29.0
Human_Lymph_Node_D1,TCTACAGGTACGCAGT-1,2,50.0,66.0
Human_Lymph_Node_D1,TCTACATGAACTATAC-1,1,35.0,27.0
Human_Lymph_Node_D1,TCTACATGAATCTGAT-1,2,61.0,51.0
Human_Lymph_Node_D1,TCTACATGTCCGACTT-1,2,47.0,77.0
Human_Lymph_Node_D1,TCTACATTGGAGTAAT-1,0,54.0,6.0
Human_Lymph_Node_D1,TCTACTATGCTAGCTC-1,0,48.0,114.0
Human_Lymph_Node_D1,TCTACTCCGACTCGGC-1,1,49.0,71.0
Human_Lymph_Node_D1,TCTACTCGAGCAGAGG-1,4,65.0,89.0
Human_Lymph_Node_D1,TCTACTGTCTCAATGA-1,2,47.0,51.0
Human_Lymph_Node_D1,TCTACTTAGGTTCTTA-1,1,28.0,42.0
Human_Lymph_Node_D1,TCTACTTAGTATTAGT-1,0,61.0,13.0
Human_Lymph_Node_D1,TCTACTTCACCGTGGA-1,2,57.0,43.0
Human_Lymph_Node_D1,TCTAGAACTTCTTGCA-1,2,55.0,15.0
Human_Lymph_Node_D1,TCTAGAATTGCGGTTG-1,3,38.0,112.0
Human_Lymph_Node_D1,TCTAGAGTCTCCACGC-1,3,69.0,45.0
Human_Lymph_Node_D1,TCTAGATAAGGTTAGC-1,2,54.0,84.0
Human_Lymph_Node_D1,TCTAGCTTATTCGCCA-1,4,71.0,47.0
Human_Lymph_Node_D1,TCTAGGCGGAAGGCAC-1,2,35.0,59.0
Human_Lymph_Node_D1,TCTATCCGTGTTGCCA-1,1,22.0,0.0
Human_Lymph_Node_D1,TCTATGATCGGTGCCT-1,2,46.0,96.0
Human_Lymph_Node_D1,TCTATTCCTTCCGGAA-1,3,66.0,44.0
Human_Lymph_Node_D1,TCTATTCTGCATTGGC-1,2,33.0,83.0
Human_Lymph_Node_D1,TCTGAGCGTAATTGTC-1,3,66.0,32.0
Human_Lymph_Node_D1,TCTGAGTCAGATCTTG-1,2,36.0,44.0
Human_Lymph_Node_D1,TCTGATCATAATGATT-1,0,71.0,53.0
Human_Lymph_Node_D1,TCTGCAAGGACGGCAA-1,2,51.0,63.0
Human_Lymph_Node_D1,TCTGCAATTCACAAGA-1,2,41.0,53.0
Human_Lymph_Node_D1,TCTGCCTGGATGTCAG-1,1,42.0,22.0
Human_Lymph_Node_D1,TCTGCGCTTGCAGATA-1,4,7.0,49.0
Human_Lymph_Node_D1,TCTGCGTGCTATTCTA-1,2,35.0,89.0
Human_Lymph_Node_D1,TCTGCGTGCTTCAGAC-1,2,44.0,82.0
Human_Lymph_Node_D1,TCTGCGTTAGATAGGT-1,1,15.0,31.0
Human_Lymph_Node_D1,TCTGGACGCTAAGACA-1,1,11.0,31.0
Human_Lymph_Node_D1,TCTGGATATTAACCTA-1,1,24.0,56.0
Human_Lymph_Node_D1,TCTGGTATCTGTAGCC-1,0,28.0,108.0
Human_Lymph_Node_D1,TCTGGTCCTCCACTGT-1,1,25.0,21.0
Human_Lymph_Node_D1,TCTGTACCTCACTCGC-1,4,6.0,44.0
Human_Lymph_Node_D1,TCTGTACGCTGTCCTC-1,1,33.0,87.0
Human_Lymph_Node_D1,TCTGTCACCGTTAATA-1,0,34.0,112.0
Human_Lymph_Node_D1,TCTTACATTACTTCGC-1,1,54.0,40.0
Human_Lymph_Node_D1,TCTTACCGCTCGTATG-1,1,43.0,95.0
Human_Lymph_Node_D1,TCTTACGAATCAGTGC-1,2,17.0,63.0
Human_Lymph_Node_D1,TCTTACGAGGAATAAG-1,1,33.0,29.0
Human_Lymph_Node_D1,TCTTACGAGGCCGACA-1,3,12.0,48.0
Human_Lymph_Node_D1,TCTTACGGCCGCAACA-1,2,35.0,33.0
Human_Lymph_Node_D1,TCTTACTCTGTATGCG-1,2,40.0,56.0
Human_Lymph_Node_D1,TCTTACTGAGACTAGT-1,1,33.0,95.0
Human_Lymph_Node_D1,TCTTAGATGCCTCCGA-1,2,26.0,38.0
Human_Lymph_Node_D1,TCTTAGGCGACAGTCA-1,2,56.0,24.0
Human_Lymph_Node_D1,TCTTAGTCGCGGCAGA-1,1,20.0,12.0
Human_Lymph_Node_D1,TCTTAGTCGTCTCGGC-1,2,38.0,66.0
Human_Lymph_Node_D1,TCTTAGTCTGCCATCA-1,1,26.0,2.0
Human_Lymph_Node_D1,TCTTCGAACAGCGTTA-1,2,51.0,87.0
Human_Lymph_Node_D1,TCTTCGAATTGTATAC-1,2,58.0,20.0
Human_Lymph_Node_D1,TCTTCGCCATTCGAAT-1,1,37.0,79.0
Human_Lymph_Node_D1,TCTTCGTCAGACCAGG-1,2,47.0,111.0
Human_Lymph_Node_D1,TCTTGAGTCATTATAC-1,1,31.0,93.0
Human_Lymph_Node_D1,TCTTGCACCAATCTAT-1,3,63.0,41.0
Human_Lymph_Node_D1,TCTTGCACGGTGAGCC-1,0,48.0,0.0
Human_Lymph_Node_D1,TCTTGCACGTCTAATG-1,4,69.0,77.0
Human_Lymph_Node_D1,TCTTGCACTATTCAGA-1,1,29.0,53.0
Human_Lymph_Node_D1,TCTTGCACTGGTGCTC-1,3,66.0,60.0
Human_Lymph_Node_D1,TCTTGCAGACTGCGAG-1,1,17.0,13.0
Human_Lymph_Node_D1,TCTTGCCATCGTTGTA-1,1,55.0,41.0
Human_Lymph_Node_D1,TCTTGCCGGCAGTCTA-1,1,50.0,56.0
Human_Lymph_Node_D1,TCTTGCGGCCTTAGTG-1,4,3.0,39.0
Human_Lymph_Node_D1,TCTTGCTCCGTCGGCA-1,1,24.0,32.0
Human_Lymph_Node_D1,TCTTGCTGTCCTAGGC-1,0,64.0,86.0
Human_Lymph_Node_D1,TCTTGTTATTCTTGAT-1,3,54.0,102.0
Human_Lymph_Node_D1,TGAACGGACACGTATC-1,2,39.0,49.0
Human_Lymph_Node_D1,TGAACGGATCTGGTAC-1,2,34.0,40.0
Human_Lymph_Node_D1,TGAACGGATTCAAGTT-1,4,66.0,86.0
Human_Lymph_Node_D1,TGAAGATACAATCTGC-1,1,46.0,6.0
Human_Lymph_Node_D1,TGAAGCACCGTCATGA-1,1,46.0,68.0
Human_Lymph_Node_D1,TGAAGTATGATCGTGC-1,2,35.0,71.0
Human_Lymph_Node_D1,TGAATGCGGTTATGGA-1,1,31.0,13.0
Human_Lymph_Node_D1,TGAATGGTGCTTCGAT-1,1,11.0,9.0
Human_Lymph_Node_D1,TGAATGTACCTTCGTC-1,1,31.0,109.0
Human_Lymph_Node_D1,TGAATGTTGACATCGT-1,2,29.0,93.0
Human_Lymph_Node_D1,TGAATTATGCCGCAGT-1,2,29.0,29.0
Human_Lymph_Node_D1,TGAATTCGTGGTATAA-1,2,37.0,95.0
Human_Lymph_Node_D1,TGACAGTACTATTCTA-1,3,60.0,80.0
Human_Lymph_Node_D1,TGACATTACAACGCCG-1,2,27.0,43.0
Human_Lymph_Node_D1,TGACCAACAGATAGGT-1,1,17.0,41.0
Human_Lymph_Node_D1,TGACCAAGCTGCACAT-1,1,18.0,64.0
Human_Lymph_Node_D1,TGACCAAGTAAGGACC-1,2,63.0,75.0
Human_Lymph_Node_D1,TGACCAATCAGCCACG-1,1,28.0,82.0
Human_Lymph_Node_D1,TGACCAGCACTCCAGC-1,1,42.0,94.0
Human_Lymph_Node_D1,TGACCAGGCTCATGCA-1,2,10.0,40.0
Human_Lymph_Node_D1,TGACCAGGTATGACCT-1,2,20.0,84.0
Human_Lymph_Node_D1,TGACCATCCATCTGCT-1,4,71.0,69.0
Human_Lymph_Node_D1,TGACCATGTACACTCA-1,2,43.0,7.0
Human_Lymph_Node_D1,TGACCTCCTTCAGATT-1,2,58.0,54.0
Human_Lymph_Node_D1,TGACCTGTCTATCTCG-1,3,66.0,62.0
Human_Lymph_Node_D1,TGACGCTCACCAAGCC-1,2,15.0,61.0
Human_Lymph_Node_D1,TGACGCTCGCGGTAGT-1,2,32.0,24.0
Human_Lymph_Node_D1,TGACGCTGCGATAGTA-1,2,22.0,94.0
Human_Lymph_Node_D1,TGACGCTTACTAGACA-1,1,19.0,21.0
Human_Lymph_Node_D1,TGACGGAGCGCTATAC-1,2,39.0,105.0
Human_Lymph_Node_D1,TGACTCCAAGTCTACC-1,3,48.0,106.0
Human_Lymph_Node_D1,TGACTCGGCCGACCGA-1,2,47.0,7.0
Human_Lymph_Node_D1,TGACTCTGCTCGCACG-1,2,53.0,61.0
Human_Lymph_Node_D1,TGACTTAATGCGTTGG-1,0,54.0,8.0
Human_Lymph_Node_D1,TGACTTCGGCGTAACA-1,2,28.0,36.0
Human_Lymph_Node_D1,TGACTTGCACTCACGG-1,2,18.0,60.0
Human_Lymph_Node_D1,TGAGACAAGGACGACC-1,2,49.0,89.0
Human_Lymph_Node_D1,TGAGACAGAAGTGCTC-1,2,35.0,79.0
Human_Lymph_Node_D1,TGAGACTATTGAATCT-1,1,57.0,61.0
Human_Lymph_Node_D1,TGAGATGCTCTAATGA-1,1,16.0,38.0
Human_Lymph_Node_D1,TGAGCATAGTCTTATT-1,1,15.0,15.0
Human_Lymph_Node_D1,TGAGCCGCGTGATCAT-1,2,45.0,7.0
Human_Lymph_Node_D1,TGAGGAATCCATAGAA-1,1,47.0,19.0
Human_Lymph_Node_D1,TGAGGACCACTGTTAC-1,1,23.0,5.0
Human_Lymph_Node_D1,TGAGGTAGGACTACTG-1,1,34.0,64.0
Human_Lymph_Node_D1,TGAGTAAGCGCAATCC-1,2,55.0,35.0
Human_Lymph_Node_D1,TGAGTATTCTAGGACT-1,2,44.0,106.0
Human_Lymph_Node_D1,TGAGTCGCCTCCGTCG-1,2,26.0,0.0
Human_Lymph_Node_D1,TGAGTGACCTACTCGT-1,1,32.0,28.0
Human_Lymph_Node_D1,TGAGTGAGATCGCTAA-1,1,20.0,68.0
Human_Lymph_Node_D1,TGAGTGAGGCACGCCT-1,2,44.0,102.0
Human_Lymph_Node_D1,TGAGTGCAGAGGACCA-1,1,31.0,3.0
Human_Lymph_Node_D1,TGAGTTGTCCTCGCTT-1,1,11.0,17.0
Human_Lymph_Node_D1,TGATAAGCAGTAAGAA-1,2,43.0,103.0
Human_Lymph_Node_D1,TGATAGGAGCATCAAC-1,2,47.0,49.0
Human_Lymph_Node_D1,TGATCCGCACTCCTTA-1,2,39.0,19.0
Human_Lymph_Node_D1,TGATCGGACCTGGATG-1,2,50.0,76.0
Human_Lymph_Node_D1,TGATGGATGATCACGG-1,0,57.0,27.0
Human_Lymph_Node_D1,TGATGGCCGGCATCGC-1,1,45.0,55.0
Human_Lymph_Node_D1,TGATGGCGCAGGCTAG-1,4,5.0,21.0
Human_Lymph_Node_D1,TGATGGCTGCGACGAT-1,2,56.0,40.0
Human_Lymph_Node_D1,TGATTAGAATGACATA-1,1,29.0,55.0
Human_Lymph_Node_D1,TGATTCAAGATCGAGC-1,1,18.0,18.0
Human_Lymph_Node_D1,TGATTCGTCTGGATCT-1,2,56.0,48.0
Human_Lymph_Node_D1,TGCAACAGTGAAGCTC-1,1,23.0,57.0
Human_Lymph_Node_D1,TGCAACGTTACCTGGT-1,2,43.0,75.0
Human_Lymph_Node_D1,TGCACCGGTCACCTCC-1,1,17.0,25.0
Human_Lymph_Node_D1,TGCACGAATGTACTAA-1,4,7.0,13.0
Human_Lymph_Node_D1,TGCACGAGTAGAGTTA-1,4,14.0,76.0
Human_Lymph_Node_D1,TGCACGAGTGTCAGCC-1,2,47.0,91.0
Human_Lymph_Node_D1,TGCACGCTCCTATCCG-1,1,23.0,21.0
Human_Lymph_Node_D1,TGCACGGCTGAGACTT-1,1,38.0,34.0
Human_Lymph_Node_D1,TGCACGGCTGGTAAGG-1,4,71.0,73.0
Human_Lymph_Node_D1,TGCACGTAGTTCGAAG-1,2,46.0,78.0
Human_Lymph_Node_D1,TGCACTCCAGCTACTC-1,0,29.0,111.0
Human_Lymph_Node_D1,TGCAGAAGCAGTAGGC-1,1,14.0,12.0
Human_Lymph_Node_D1,TGCAGACAATACTGTT-1,1,45.0,65.0
Human_Lymph_Node_D1,TGCAGACGAACCAGAT-1,1,24.0,4.0
Human_Lymph_Node_D1,TGCAGAGGTCGTAATT-1,2,46.0,108.0
Human_Lymph_Node_D1,TGCAGATGAGATCTAG-1,4,66.0,16.0
Human_Lymph_Node_D1,TGCAGTACAACGAGTG-1,1,46.0,14.0
Human_Lymph_Node_D1,TGCAGTCGAGCACCAA-1,2,57.0,79.0
Human_Lymph_Node_D1,TGCAGTTATTCCACTC-1,3,32.0,60.0
Human_Lymph_Node_D1,TGCATTAATGGCCACC-1,1,27.0,91.0
Human_Lymph_Node_D1,TGCATTCGCCAGCGAT-1,1,24.0,16.0
Human_Lymph_Node_D1,TGCATTCGCTACAATG-1,2,56.0,58.0
Human_Lymph_Node_D1,TGCATTCTTACGGAGG-1,2,43.0,15.0
Human_Lymph_Node_D1,TGCATTGCTGTCGGCG-1,2,43.0,71.0
Human_Lymph_Node_D1,TGCCAATCCATGTCTA-1,1,24.0,62.0
Human_Lymph_Node_D1,TGCCACAATGCTACCG-1,1,24.0,20.0
Human_Lymph_Node_D1,TGCCACCTATTACATT-1,4,69.0,25.0
Human_Lymph_Node_D1,TGCCACTATCAGGCAG-1,3,66.0,42.0
Human_Lymph_Node_D1,TGCCACTCAACCGGCC-1,2,22.0,32.0
Human_Lymph_Node_D1,TGCCACTTAAGTGATG-1,3,56.0,10.0
Human_Lymph_Node_D1,TGCCAGCTATTGTAGA-1,2,44.0,100.0
Human_Lymph_Node_D1,TGCCAGGATGAGGTTC-1,1,31.0,95.0
Human_Lymph_Node_D1,TGCCAGTGATTCGTGC-1,1,41.0,49.0
Human_Lymph_Node_D1,TGCCGAATCAAGCGTC-1,1,10.0,48.0
Human_Lymph_Node_D1,TGCCGAGTTAAGAACG-1,0,54.0,64.0
Human_Lymph_Node_D1,TGCCGGAACTTAGGCA-1,1,46.0,22.0
Human_Lymph_Node_D1,TGCCGGCATTATAGAT-1,2,59.0,95.0
Human_Lymph_Node_D1,TGCCTAAGTTAATTAT-1,2,37.0,69.0
Human_Lymph_Node_D1,TGCCTATCAATGCCAT-1,2,35.0,107.0
Human_Lymph_Node_D1,TGCCTATCGGCTATGT-1,1,30.0,26.0
Human_Lymph_Node_D1,TGCCTTAGGCGTCTAT-1,4,62.0,66.0
Human_Lymph_Node_D1,TGCGAACATATCGGCT-1,2,13.0,7.0
Human_Lymph_Node_D1,TGCGAATCCGGCTTGA-1,4,5.0,39.0
Human_Lymph_Node_D1,TGCGAATTCTCCGCAC-1,1,37.0,89.0
Human_Lymph_Node_D1,TGCGACTACGTGCGAG-1,2,51.0,21.0
Human_Lymph_Node_D1,TGCGAGCCAGACGAAT-1,4,18.0,100.0
Human_Lymph_Node_D1,TGCGATACGCCTCGCA-1,4,3.0,43.0
Human_Lymph_Node_D1,TGCGATGCAGGTGCGA-1,2,38.0,0.0
Human_Lymph_Node_D1,TGCGATGTGCCTTGGC-1,2,13.0,9.0
Human_Lymph_Node_D1,TGCGATTAGCTCCGCC-1,2,35.0,105.0
Human_Lymph_Node_D1,TGCGCCAGTAATGATC-1,1,26.0,4.0
Human_Lymph_Node_D1,TGCGCCGAACGGACTC-1,2,47.0,101.0
Human_Lymph_Node_D1,TGCGCCGATCGCGAAG-1,1,19.0,51.0
Human_Lymph_Node_D1,TGCGCCTCTTCGGCGA-1,0,69.0,49.0
Human_Lymph_Node_D1,TGCGCTCATAGAACGA-1,2,46.0,88.0
Human_Lymph_Node_D1,TGCGGACTCACGTGAT-1,1,32.0,70.0
Human_Lymph_Node_D1,TGCGGACTTAACTTCC-1,2,60.0,28.0
Human_Lymph_Node_D1,TGCGGACTTCTGTCGC-1,2,57.0,59.0
Human_Lymph_Node_D1,TGCGGATCATCCTAGA-1,4,17.0,93.0
Human_Lymph_Node_D1,TGCGGATCGGATCTTA-1,1,41.0,21.0
Human_Lymph_Node_D1,TGCGTATCTTGTACCG-1,1,34.0,22.0
Human_Lymph_Node_D1,TGCGTCTGGATCGGAT-1,1,28.0,14.0
Human_Lymph_Node_D1,TGCGTGTCAGCCAGTG-1,2,59.0,57.0
Human_Lymph_Node_D1,TGCGTGTCGGCGGATA-1,1,34.0,96.0
Human_Lymph_Node_D1,TGCGTTAGCACGTACC-1,1,52.0,28.0
Human_Lymph_Node_D1,TGCGTTATGTTCCGGA-1,2,37.0,83.0
Human_Lymph_Node_D1,TGCGTTGTATTGCCTG-1,1,51.0,33.0
Human_Lymph_Node_D1,TGCTACGCTGCGTGGA-1,4,7.0,65.0
Human_Lymph_Node_D1,TGCTACTTGTGGCTGG-1,1,33.0,39.0
Human_Lymph_Node_D1,TGCTATAATGTCGCTG-1,4,62.0,96.0
Human_Lymph_Node_D1,TGCTATCCATGTAATA-1,2,33.0,75.0
Human_Lymph_Node_D1,TGCTATCCTAAGACGA-1,4,9.0,65.0
Human_Lymph_Node_D1,TGCTATGGTTGCGACA-1,4,15.0,87.0
Human_Lymph_Node_D1,TGCTATTGCGGCGTGG-1,1,29.0,13.0
Human_Lymph_Node_D1,TGCTATTGTCAAGGAG-1,3,62.0,30.0
Human_Lymph_Node_D1,TGCTCCTAACGGAAGA-1,1,52.0,8.0
Human_Lymph_Node_D1,TGCTGTCAGAACGAAG-1,2,31.0,47.0
Human_Lymph_Node_D1,TGCTGTCTTGTTAATG-1,2,54.0,88.0
Human_Lymph_Node_D1,TGCTGTGAAGTCAAGA-1,2,45.0,17.0
Human_Lymph_Node_D1,TGCTTACTCACCGGTC-1,0,23.0,105.0
Human_Lymph_Node_D1,TGCTTAGCCTGTTGGT-1,1,11.0,25.0
Human_Lymph_Node_D1,TGCTTAGCTCCTGGCT-1,2,22.0,46.0
Human_Lymph_Node_D1,TGCTTAGTTGACTTAC-1,3,66.0,52.0
Human_Lymph_Node_D1,TGCTTATGAATAAGCA-1,3,43.0,113.0
Human_Lymph_Node_D1,TGCTTATGACGCTGGC-1,2,47.0,87.0
Human_Lymph_Node_D1,TGCTTATGCGGTTCTG-1,4,13.0,87.0
Human_Lymph_Node_D1,TGGAAGACGTGAGTAG-1,1,19.0,11.0
Human_Lymph_Node_D1,TGGAAGCCATAACAGT-1,1,16.0,26.0
Human_Lymph_Node_D1,TGGAAGCTCCATCGAC-1,2,34.0,14.0
Human_Lymph_Node_D1,TGGACGCCTGCGACCG-1,1,28.0,54.0
Human_Lymph_Node_D1,TGGACTGACGTACCAC-1,1,14.0,22.0
Human_Lymph_Node_D1,TGGACTGAGTACCTAG-1,1,38.0,30.0
Human_Lymph_Node_D1,TGGAGTCGGCAAGCTC-1,4,70.0,28.0
Human_Lymph_Node_D1,TGGAGTGAACGCGGTC-1,2,27.0,19.0
Human_Lymph_Node_D1,TGGAGTGATGGCTCTT-1,1,35.0,23.0
Human_Lymph_Node_D1,TGGAGTGCTCCTGATC-1,1,31.0,103.0
Human_Lymph_Node_D1,TGGATCATTGTAACGG-1,1,41.0,41.0
Human_Lymph_Node_D1,TGGATCCAGTCACTTC-1,1,37.0,93.0
Human_Lymph_Node_D1,TGGCAAGCGACACTTA-1,1,40.0,16.0
Human_Lymph_Node_D1,TGGCATCGATCAATTG-1,2,16.0,22.0
Human_Lymph_Node_D1,TGGCATGCGTTCACGC-1,1,18.0,36.0
Human_Lymph_Node_D1,TGGCATGTTCGAACAG-1,1,25.0,13.0
Human_Lymph_Node_D1,TGGCCAACATTCTGAG-1,1,20.0,56.0
Human_Lymph_Node_D1,TGGCCAAGCTGGCACC-1,2,41.0,3.0
Human_Lymph_Node_D1,TGGCCACTCCGCGGAC-1,3,52.0,102.0
Human_Lymph_Node_D1,TGGCCACTCCTGAGTG-1,0,61.0,95.0
Human_Lymph_Node_D1,TGGCCAGAGTATCTCC-1,0,27.0,107.0
Human_Lymph_Node_D1,TGGCCAGATCCGGACA-1,2,48.0,76.0
Human_Lymph_Node_D1,TGGCCGTCTATCAGGA-1,0,53.0,5.0
Human_Lymph_Node_D1,TGGCCTGACATACTCA-1,1,39.0,61.0
Human_Lymph_Node_D1,TGGCCTGGCACTGTGG-1,2,45.0,49.0
Human_Lymph_Node_D1,TGGCGACACTGCCGGA-1,2,21.0,63.0
Human_Lymph_Node_D1,TGGCGAGCCACTAGCG-1,3,40.0,2.0
Human_Lymph_Node_D1,TGGCGAGCTCCACGTG-1,4,7.0,63.0
Human_Lymph_Node_D1,TGGCTCACTCAATCAC-1,0,12.0,4.0
Human_Lymph_Node_D1,TGGCTCCGCATCAGAT-1,2,26.0,76.0
Human_Lymph_Node_D1,TGGCTGGACCTTAGGA-1,2,16.0,2.0
Human_Lymph_Node_D1,TGGTACAAGACACTGA-1,1,61.0,61.0
Human_Lymph_Node_D1,TGGTACAAGACCAATC-1,4,65.0,21.0
Human_Lymph_Node_D1,TGGTACCAATACTTAC-1,4,55.0,5.0
Human_Lymph_Node_D1,TGGTACCAGATTGTTA-1,1,11.0,57.0
Human_Lymph_Node_D1,TGGTACGGACGTAGTT-1,1,30.0,82.0
Human_Lymph_Node_D1,TGGTACGGTCGGCGAA-1,1,20.0,44.0
Human_Lymph_Node_D1,TGGTACTGGTATCTTG-1,1,18.0,38.0
Human_Lymph_Node_D1,TGGTAGCATCAAGTCT-1,1,35.0,65.0
Human_Lymph_Node_D1,TGGTAGCCAGTTGACA-1,1,21.0,71.0
Human_Lymph_Node_D1,TGGTATGCAAGTCTAT-1,1,27.0,83.0
Human_Lymph_Node_D1,TGGTATTAGCTAGACC-1,1,55.0,23.0
Human_Lymph_Node_D1,TGGTATTCCTAGTCCA-1,2,36.0,56.0
Human_Lymph_Node_D1,TGGTATTGAGTTGTAA-1,2,53.0,51.0
Human_Lymph_Node_D1,TGGTCATCTAGGTCAT-1,4,5.0,41.0
Human_Lymph_Node_D1,TGGTCGCCGGCTTACT-1,2,44.0,68.0
Human_Lymph_Node_D1,TGGTCTGCTCAGGTTG-1,2,53.0,67.0
Human_Lymph_Node_D1,TGGTGCACGACCTTAG-1,2,33.0,43.0
Human_Lymph_Node_D1,TGGTGCAGACCGAAGT-1,2,46.0,58.0
Human_Lymph_Node_D1,TGGTGCAGTACCATGC-1,0,55.0,107.0
Human_Lymph_Node_D1,TGGTGCATTGTAATCC-1,1,37.0,5.0
Human_Lymph_Node_D1,TGGTGCCGCTGCAACA-1,1,28.0,8.0
Human_Lymph_Node_D1,TGGTGCCTAGCACGGC-1,2,43.0,97.0
Human_Lymph_Node_D1,TGGTGCGAACGTGGCG-1,1,15.0,11.0
Human_Lymph_Node_D1,TGGTGCGAATCCTGCT-1,1,9.0,11.0
Human_Lymph_Node_D1,TGGTGCGAGGTCGTAT-1,1,22.0,84.0
Human_Lymph_Node_D1,TGGTTGAACACGCCAA-1,2,33.0,53.0
Human_Lymph_Node_D1,TGGTTGCCTCCGGCTT-1,1,27.0,55.0
Human_Lymph_Node_D1,TGGTTGGTATCGGCAT-1,4,71.0,61.0
Human_Lymph_Node_D1,TGTAAGATCTTCACAT-1,2,39.0,81.0
Human_Lymph_Node_D1,TGTAAGGTGAGCGACC-1,1,47.0,67.0
Human_Lymph_Node_D1,TGTAATCATATGAGAC-1,1,40.0,40.0
Human_Lymph_Node_D1,TGTAATCGAGACTGGC-1,3,70.0,44.0
Human_Lymph_Node_D1,TGTAATGCACTACGAG-1,3,63.0,89.0
Human_Lymph_Node_D1,TGTAATGCCTAACACC-1,3,68.0,48.0
Human_Lymph_Node_D1,TGTAATTGTATCCTCG-1,4,19.0,97.0
Human_Lymph_Node_D1,TGTACCAACTACGCAT-1,0,25.0,107.0
Human_Lymph_Node_D1,TGTACCACATACTGGT-1,0,39.0,113.0
Human_Lymph_Node_D1,TGTAGGATCAGAGCGT-1,2,50.0,30.0
Human_Lymph_Node_D1,TGTAGGCACGTACCTC-1,1,15.0,9.0
Human_Lymph_Node_D1,TGTAGGTCACTACATG-1,2,38.0,102.0
Human_Lymph_Node_D1,TGTAGGTCTGAACGCA-1,2,48.0,16.0
Human_Lymph_Node_D1,TGTAGGTTCTGGCTTA-1,2,21.0,43.0
Human_Lymph_Node_D1,TGTATCGGCGGTCGCA-1,2,21.0,13.0
Human_Lymph_Node_D1,TGTATGATTGTAGGTG-1,3,65.0,53.0
Human_Lymph_Node_D1,TGTATGGTGCCAAGGT-1,1,46.0,40.0
Human_Lymph_Node_D1,TGTCAACTCATCAACG-1,2,22.0,52.0
Human_Lymph_Node_D1,TGTCAAGCGGATCGGT-1,3,53.0,101.0
Human_Lymph_Node_D1,TGTCACAGACGTATCC-1,0,68.0,62.0
Human_Lymph_Node_D1,TGTCAGAAGTTGTAAC-1,2,32.0,44.0
Human_Lymph_Node_D1,TGTCAGACGAAGCACC-1,0,62.0,20.0
Human_Lymph_Node_D1,TGTCAGATAAGGTGAC-1,2,17.0,1.0
Human_Lymph_Node_D1,TGTCAGTGGCTTCCAT-1,2,55.0,67.0
Human_Lymph_Node_D1,TGTCATGCATGAGCAC-1,2,34.0,108.0
Human_Lymph_Node_D1,TGTCATGTGACACGCT-1,4,7.0,11.0
Human_Lymph_Node_D1,TGTCCATGTATGGAAT-1,2,27.0,97.0
Human_Lymph_Node_D1,TGTCCGGATGGCAGTT-1,4,68.0,22.0
Human_Lymph_Node_D1,TGTCCTCAACGTTCTA-1,1,13.0,35.0
Human_Lymph_Node_D1,TGTCGAGTGCGTTAGC-1,1,18.0,30.0
Human_Lymph_Node_D1,TGTCGATTCACGTAGT-1,2,58.0,46.0
Human_Lymph_Node_D1,TGTCGCGGAAGAGCTA-1,3,61.0,31.0
Human_Lymph_Node_D1,TGTCGTTCATACGATA-1,3,59.0,43.0
Human_Lymph_Node_D1,TGTCTAAGCAGACGTA-1,2,12.0,62.0
Human_Lymph_Node_D1,TGTCTACTAGATTGCC-1,3,58.0,12.0
Human_Lymph_Node_D1,TGTCTGTAAGCGAACT-1,2,18.0,76.0
Human_Lymph_Node_D1,TGTCTTGCGACTAATT-1,2,36.0,50.0
Human_Lymph_Node_D1,TGTCTTGGAATTGGCA-1,2,41.0,45.0
Human_Lymph_Node_D1,TGTTAAGGAAGTCTTA-1,3,54.0,96.0
Human_Lymph_Node_D1,TGTTACCTATTGGACA-1,2,54.0,60.0
Human_Lymph_Node_D1,TGTTCACTGTCTTCCT-1,1,23.0,13.0
Human_Lymph_Node_D1,TGTTCAGAACGGTGTA-1,2,44.0,44.0
Human_Lymph_Node_D1,TGTTCAGCGAGGCAGT-1,0,64.0,20.0
Human_Lymph_Node_D1,TGTTCATAGTATGACG-1,1,49.0,33.0
Human_Lymph_Node_D1,TGTTCATTGGTCCAAG-1,3,55.0,99.0
Human_Lymph_Node_D1,TGTTCCTCACATTAAT-1,2,36.0,100.0
Human_Lymph_Node_D1,TGTTCTGCTCTGTCGT-1,2,39.0,39.0
Human_Lymph_Node_D1,TGTTGCGTCCAAGATT-1,2,51.0,65.0
Human_Lymph_Node_D1,TGTTGGAACCTTCCGC-1,1,35.0,35.0
Human_Lymph_Node_D1,TGTTGGAACGAGGTCA-1,2,28.0,72.0
Human_Lymph_Node_D1,TGTTGGATGGACTTCT-1,1,13.0,53.0
Human_Lymph_Node_D1,TGTTGGCCAGACCTAC-1,2,49.0,47.0
