section,obs_name,cluster,x,y,Y,Combined_Clusters_annotation,Combined_Clusters,RNA_Clusters,ATAC_Clusters
dataset1,CTGATGGTCATACTCC-1,7,26.0,47.0,8,Mesenchyme,8,8,13
dataset1,TAGATCTAAGAGAAGG-1,1,20.0,46.0,2,Cartilage_2,6,11,4
dataset1,CTGATGGTCGACGCGA-1,7,26.0,39.0,8,Mesenchyme,8,11,13
dataset1,TGGTCAGCTAGAATTA-1,1,14.0,16.0,11,Subpallium_1,15,2,8
dataset1,TGCGGACCTAGAGTAA-1,2,22.0,10.0,11,Subpallium_1,15,3,8
dataset1,GGTATGCTCCAGTTCC-1,4,2.0,6.0,3,Cartilage_3,7,13,4
dataset1,CTTGCGCCCTAAGAGA-1,7,37.0,20.0,8,Mesenchyme,8,11,13
dataset1,GCGTTGGATTGACTTC-1,1,28.0,18.0,7,Diencephalon_and_hindbrain,13,4,13
dataset1,GGTACTGCGCAGGTCC-1,1,36.0,11.0,1,Cartilage_1,4,13,2
dataset1,GCCATTCTGATCTTAC-1,5,34.0,24.0,8,Mesenchyme,8,11,13
dataset1,GGTATGCTAGAACGTC-1,3,2.0,13.0,3,Cartilage_3,7,13,4
dataset1,GATACGGAGCCATTCT-1,1,11.0,17.0,11,Subpallium_1,15,2,8
dataset1,CCGAGAATACTTAACC-1,3,25.0,7.0,2,Cartilage_2,6,11,4
dataset1,ACTCAATAACCGCCAA-1,3,30.0,5.0,3,Cartilage_3,7,13,4
dataset1,TGGTCAGCTTATCCGG-1,6,14.0,41.0,5,DPallm,11,5,9
dataset1,TTACCGAGGGCTGAGC-1,4,16.0,3.0,4,Cartilage_4,9,8,4
dataset1,TGCCGGCATTGACTTC-1,1,17.0,18.0,11,Subpallium_1,15,2,8
dataset1,TAGAATTAAACCTGCG-1,1,35.0,50.0,7,Diencephalon_and_hindbrain,13,4,10
dataset1,TAGAGTAAAATTAAGA-1,1,41.0,32.0,7,Diencephalon_and_hindbrain,13,4,10
dataset1,TGAGTCTGCTTGCGCC-1,1,23.0,14.0,7,Diencephalon_and_hindbrain,13,3,10
dataset1,GAAGATCGGGCTGAGC-1,4,8.0,3.0,3,Cartilage_3,7,8,4
dataset1,CCAGTTCCAATTAAGA-1,1,45.0,32.0,7,Diencephalon_and_hindbrain,13,4,10
dataset1,ACTCAATAAGAGAAGG-1,1,30.0,46.0,7,Diencephalon_and_hindbrain,13,4,10
dataset1,CAACCGCTACTCAATA-1,1,43.0,21.0,2,Cartilage_2,6,11,4
dataset1,TCGGCCTTACTATGCA-1,1,39.0,38.0,7,Diencephalon_and_hindbrain,13,4,10
dataset1,TTATTCATCCGAGAAT-1,1,18.0,26.0,11,Subpallium_1,15,2,8
dataset1,CCGAGAATGCGTTGGA-1,1,25.0,23.0,7,Diencephalon_and_hindbrain,13,3,13
dataset1,GATACGGATTATTCAT-1,6,11.0,33.0,5,DPallm,11,5,9
dataset1,ATAAGGAGACTATGCA-1,5,50.0,38.0,7,Diencephalon_and_hindbrain,13,4,12
dataset1,GCCATTCTTAGAATTA-1,7,34.0,16.0,8,Mesenchyme,8,3,13
dataset1,ACGGAGGCTCGGCCTT-1,1,21.0,12.0,11,Subpallium_1,15,2,8
dataset1,CCGATTCCGATACGGA-1,1,47.0,40.0,7,Diencephalon_and_hindbrain,13,4,13
dataset1,GCCATTCTACTTAACC-1,3,34.0,7.0,3,Cartilage_3,7,13,4
dataset1,TAGAGTAAGAAGATCG-1,1,41.0,43.0,7,Diencephalon_and_hindbrain,13,4,10
dataset1,TGGTCAGCGAAGATCG-1,4,14.0,43.0,2,Cartilage_2,6,13,4
dataset1,TGCCGGCAGGTACTGC-1,1,17.0,15.0,11,Subpallium_1,15,2,8
dataset1,CAACCGCTAACCTGCG-1,4,43.0,50.0,8,Mesenchyme,8,13,13
dataset1,ACGGAGGCAACCTGCG-1,1,21.0,50.0,2,Cartilage_2,6,13,4
dataset1,AGAGCTATAATTAAGA-1,1,32.0,32.0,7,Diencephalon_and_hindbrain,13,4,10
dataset1,TGGTCAGCCGACGCGA-1,6,14.0,39.0,5,DPallm,11,5,9
dataset1,GGTATGCTGATCTTAC-1,7,2.0,24.0,4,Cartilage_4,9,11,4
dataset1,GGTACTGCTGGTCAGC-1,1,36.0,37.0,7,Diencephalon_and_hindbrain,13,4,10
dataset1,TCCTACCAGCCGCAAC-1,1,29.0,27.0,7,Diencephalon_and_hindbrain,13,4,13
dataset1,CCAGTTCCGATACGGA-1,1,45.0,40.0,7,Diencephalon_and_hindbrain,13,4,10
dataset1,TAGAGTAACCGAGAAT-1,1,41.0,26.0,2,Cartilage_2,6,11,4
dataset1,ATCATATTCGACGCGA-1,6,15.0,39.0,5,DPallm,11,5,9
dataset1,TAGAATTAGGTACTGC-1,7,35.0,15.0,8,Mesenchyme,8,11,4
dataset1,TCCTACCATTACCGAG-1,1,29.0,35.0,7,Diencephalon_and_hindbrain,13,4,10
dataset1,AATTAAGATCTGATAC-1,6,19.0,42.0,6,DPallv,3,5,12
dataset1,TTATTCATGGTATGCT-1,7,18.0,49.0,2,Cartilage_2,6,8,4
dataset1,AGAGCTATTTATTCAT-1,1,32.0,33.0,7,Diencephalon_and_hindbrain,13,4,10
dataset1,AATTAAGAACTCAATA-1,7,19.0,21.0,11,Subpallium_1,15,2,8
dataset1,TCCGGCCTTAGAATTA-1,6,6.0,16.0,5,DPallm,11,5,9
dataset1,TCCTACCACCAGTTCC-1,7,29.0,6.0,1,Cartilage_1,4,13,2
dataset1,ACTTAACCTCCTACCA-1,1,44.0,22.0,2,Cartilage_2,6,4,4
dataset1,TCCTACCAGGTACTGC-1,1,29.0,15.0,7,Diencephalon_and_hindbrain,13,3,10
dataset1,TAGAATTAAGAACGTC-1,3,35.0,13.0,2,Cartilage_2,6,13,4
dataset1,ATCATATTAATTAAGA-1,5,15.0,32.0,6,DPallv,3,5,12
dataset1,TTATTCATAGAACGTC-1,1,18.0,13.0,11,Subpallium_1,15,2,8
dataset1,TTATTCATTGGTCAGC-1,5,18.0,37.0,6,DPallv,3,6,12
dataset1,TTATCCGGGGCTGAGC-1,4,10.0,3.0,3,Cartilage_3,7,13,4
dataset1,ACTATGCATAGAGTAA-1,7,13.0,10.0,5,DPallm,11,3,9
dataset1,TTGACTTCAACCTGCG-1,1,33.0,50.0,7,Diencephalon_and_hindbrain,13,4,10
dataset1,GCAGGTCCGCGTTGGA-1,3,40.0,23.0,3,Cartilage_3,7,12,4
dataset1,AATTAAGAGCCATTCT-1,1,19.0,17.0,11,Subpallium_1,15,2,8
dataset1,TAGAATTATTATTCAT-1,1,35.0,33.0,7,Diencephalon_and_hindbrain,13,4,13
dataset1,ACTCAATAGACCTTGA-1,4,30.0,9.0,4,Cartilage_4,9,8,4
dataset1,TAGAGTAATGCCGGCA-1,1,41.0,34.0,7,Diencephalon_and_hindbrain,13,4,10
dataset1,TGCCGGCAAGAGCTAT-1,1,17.0,19.0,11,Subpallium_1,15,2,8
dataset1,TTATTCATTAGATCTA-1,1,18.0,31.0,8,Mesenchyme,8,5,9
dataset1,CCGAGAATTGCCGGCA-1,1,25.0,34.0,13,Thalamus,10,4,1
dataset1,ATAAGGAGGCCATTCT-1,7,50.0,17.0,4,Cartilage_4,9,8,13
dataset1,TAGAGTAACTTGCGCC-1,3,41.0,14.0,2,Cartilage_2,6,8,4
dataset1,ACTCAATAAAGAAGCT-1,1,30.0,44.0,7,Diencephalon_and_hindbrain,13,3,10
dataset1,CAACCGCTTCCGGCCT-1,4,43.0,45.0,2,Cartilage_2,6,11,4
dataset1,GCGTTGGAAGAGAAGG-1,2,28.0,46.0,7,Diencephalon_and_hindbrain,13,4,10
dataset1,GCGTTGGAAATTAAGA-1,1,28.0,32.0,13,Thalamus,10,4,1
dataset1,ACTATGCATCCTACCA-1,1,13.0,22.0,11,Subpallium_1,15,2,8
dataset1,TCCGGCCTACCGCCAA-1,4,6.0,5.0,3,Cartilage_3,7,13,4
dataset1,GCAGGTCCTAGATCTA-1,1,40.0,31.0,7,Diencephalon_and_hindbrain,13,4,10
dataset1,TTATTCATCCGATTCC-1,4,18.0,4.0,4,Cartilage_4,9,8,4
dataset1,TTATCCGGCTGATGGT-1,6,10.0,25.0,6,DPallv,3,5,12
dataset1,GCAGGTCCTGCGGACC-1,1,40.0,29.0,7,Diencephalon_and_hindbrain,13,4,10
dataset1,TTATCCGGTCCTACCA-1,5,10.0,22.0,6,DPallv,3,5,12
dataset1,CGACGCGACCGATTCC-1,3,12.0,4.0,3,Cartilage_3,7,13,4
dataset1,AGAGCTATGCTAACTT-1,1,32.0,48.0,7,Diencephalon_and_hindbrain,13,4,10
dataset1,CTAAGAGAAATTAAGA-1,1,31.0,32.0,7,Diencephalon_and_hindbrain,13,4,10
dataset1,CTTGCGCCTCCGGCCT-1,1,37.0,45.0,7,Diencephalon_and_hindbrain,13,4,13
dataset1,AACCTGCGTCGGCCTT-1,3,1.0,12.0,3,Cartilage_3,7,13,4
dataset1,AGAACGTCAGAGCTAT-1,7,38.0,19.0,3,Cartilage_3,7,11,4
dataset1,AGAGCTATCTAAGAGA-1,1,32.0,20.0,8,Mesenchyme,8,11,4
dataset1,GATCTTACCCGAGAAT-1,1,27.0,26.0,7,Diencephalon_and_hindbrain,13,3,10
dataset1,GAAGATCGGCCGCAAC-1,6,8.0,27.0,5,DPallm,11,5,9
dataset1,TGAGTCTGACTCAATA-1,1,23.0,21.0,7,Diencephalon_and_hindbrain,13,3,10
dataset1,CTGATGGTCCAGTTCC-1,3,26.0,6.0,1,Cartilage_1,4,8,4
dataset1,GCCATTCTCTTGCGCC-1,4,34.0,14.0,8,Mesenchyme,8,13,4
dataset1,ACCGCCAAGCCGCAAC-1,1,46.0,27.0,7,Diencephalon_and_hindbrain,13,4,10
dataset1,TGAGTCTGGCCGCAAC-1,1,23.0,27.0,7,Diencephalon_and_hindbrain,13,3,10
dataset1,TAGATCTAGCCATTCT-1,1,20.0,17.0,11,Subpallium_1,15,2,8
dataset1,ACCGCCAATAGAATTA-1,3,46.0,16.0,2,Cartilage_2,6,13,4
dataset1,ACTCAATATAGAATTA-1,1,30.0,16.0,7,Diencephalon_and_hindbrain,13,3,10
dataset1,AAGAAGCTACTTAACC-1,4,7.0,7.0,4,Cartilage_4,9,8,4
dataset1,GGCTGAGCACGGAGGC-1,5,48.0,30.0,7,Diencephalon_and_hindbrain,13,4,10
dataset1,GGCTGAGCGCCATTCT-1,4,48.0,17.0,4,Cartilage_4,9,3,13
dataset1,CCGAGAATTCTGATAC-1,6,25.0,42.0,5,DPallm,11,5,9
dataset1,GCAGGTCCCGACGCGA-1,1,40.0,39.0,7,Diencephalon_and_hindbrain,13,4,10
dataset1,AGAGAAGGGGTACTGC-1,6,5.0,15.0,5,DPallm,11,5,9
dataset1,GGCTGAGCGAAGATCG-1,1,48.0,43.0,7,Diencephalon_and_hindbrain,13,4,13
dataset1,ATAAGGAGTGCGGACC-1,1,50.0,29.0,7,Diencephalon_and_hindbrain,13,4,10
dataset1,GAAGATCGGCAGGTCC-1,0,8.0,11.0,3,Cartilage_3,7,13,4
dataset1,GATACGGATGAGTCTG-1,6,11.0,28.0,6,DPallv,3,5,12
dataset1,TTACCGAGTGCCGGCA-1,5,16.0,34.0,6,DPallv,3,5,12
dataset1,ACGGAGGCGGTATGCT-1,3,21.0,49.0,2,Cartilage_2,6,11,4
dataset1,GGTACTGCAACCTGCG-1,1,36.0,50.0,7,Diencephalon_and_hindbrain,13,4,10
dataset1,TGCGGACCCGAACGCC-1,4,22.0,2.0,3,Cartilage_3,7,13,4
dataset1,AATTAAGAAGAGCTAT-1,1,19.0,19.0,11,Subpallium_1,15,2,8
dataset1,CCGATTCCAAGAAGCT-1,1,47.0,44.0,7,Diencephalon_and_hindbrain,13,3,13
dataset1,ACCGCCAAGGTATGCT-1,4,46.0,49.0,8,Mesenchyme,8,11,13
dataset1,TCGGCCTTACGGAGGC-1,4,39.0,30.0,7,Diencephalon_and_hindbrain,13,4,10
dataset1,CCGATTCCAGAGCTAT-1,4,47.0,19.0,4,Cartilage_4,9,11,13
dataset1,AATTAAGAGCAGGTCC-1,1,19.0,11.0,11,Subpallium_1,15,3,8
dataset1,TGCGGACCGCCATTCT-1,1,22.0,17.0,7,Diencephalon_and_hindbrain,13,4,10
dataset1,GCCATTCTGCAGGTCC-1,1,34.0,11.0,1,Cartilage_1,4,13,2
dataset1,GATCTTACACCGCCAA-1,4,27.0,5.0,1,Cartilage_1,4,8,4
dataset1,CGACGCGAACCGCCAA-1,3,12.0,5.0,3,Cartilage_3,7,13,4
dataset1,AGAGCTATTAGAATTA-1,7,32.0,16.0,8,Mesenchyme,8,11,4
dataset1,ATAAGGAGAATTAAGA-1,1,50.0,32.0,7,Diencephalon_and_hindbrain,13,4,10
dataset1,GCAGGTCCAGAACGTC-1,1,40.0,13.0,2,Cartilage_2,6,11,4
dataset1,CGACGCGAATAAGGAG-1,4,12.0,1.0,3,Cartilage_3,7,13,4
dataset1,GCCGCAACTAGAGTAA-1,1,24.0,10.0,7,Diencephalon_and_hindbrain,13,3,8
dataset1,GCGTTGGAGGTATGCT-1,4,28.0,49.0,8,Mesenchyme,8,11,13
dataset1,GAAGATCGATAAGGAG-1,4,8.0,1.0,3,Cartilage_3,7,13,4
dataset1,TTATCCGGTTGACTTC-1,1,10.0,18.0,11,Subpallium_1,15,2,8
dataset1,TTGACTTCGATACGGA-1,1,33.0,40.0,7,Diencephalon_and_hindbrain,13,4,13
dataset1,CTAAGAGATGGTCAGC-1,2,31.0,37.0,7,Diencephalon_and_hindbrain,13,4,10
dataset1,AATTAAGAGATACGGA-1,6,19.0,40.0,6,DPallv,3,6,12
dataset1,CCGAGAATGGTACTGC-1,1,25.0,15.0,7,Diencephalon_and_hindbrain,13,3,13
dataset1,CAACCGCTGCGTTGGA-1,7,43.0,23.0,4,Cartilage_4,9,11,4
dataset1,GAAGATCGAATTAAGA-1,6,8.0,32.0,5,DPallm,11,5,9
dataset1,ATAAGGAGTCCGGCCT-1,1,50.0,45.0,9,Midbrain,14,4,12
dataset1,CTTGCGCCTCGGCCTT-1,1,37.0,12.0,1,Cartilage_1,4,13,2
dataset1,GCCGCAACCCGATTCC-1,4,24.0,4.0,4,Cartilage_4,9,8,4
dataset1,GCAGGTCCTTACCGAG-1,1,40.0,35.0,7,Diencephalon_and_hindbrain,13,4,10
dataset1,CATACTCCTAGATCTA-1,7,4.0,31.0,2,Cartilage_2,6,11,4
dataset1,GGTACTGCTTATCCGG-1,1,36.0,41.0,7,Diencephalon_and_hindbrain,13,4,10
dataset1,TTATTCATGACCTTGA-1,1,18.0,9.0,11,Subpallium_1,15,3,8
dataset1,AGAACGTCGAAGATCG-1,1,38.0,43.0,7,Diencephalon_and_hindbrain,13,4,10
dataset1,CTTGCGCCGAAGATCG-1,1,37.0,43.0,7,Diencephalon_and_hindbrain,13,4,10
dataset1,TTACCGAGACTCAATA-1,1,16.0,21.0,11,Subpallium_1,15,2,8
dataset1,TGCGGACCCTAAGAGA-1,1,22.0,20.0,7,Diencephalon_and_hindbrain,13,3,10
dataset1,CATACTCCACGGAGGC-1,4,4.0,30.0,2,Cartilage_2,6,1,4
dataset1,GAAGATCGACCGCCAA-1,3,8.0,5.0,3,Cartilage_3,7,13,4
dataset1,TGAGTCTGGCAGGTCC-1,2,23.0,11.0,7,Diencephalon_and_hindbrain,13,3,10
dataset1,ACCGCCAAATCATATT-1,1,46.0,36.0,7,Diencephalon_and_hindbrain,13,4,10
dataset1,GATCTTACGCCGCAAC-1,1,27.0,27.0,7,Diencephalon_and_hindbrain,13,3,10
dataset1,GAAGATCGGGTACTGC-1,1,8.0,15.0,5,DPallm,11,5,9
dataset1,GCCGCAACAAGAAGCT-1,6,24.0,44.0,5,DPallm,11,5,9
dataset1,AGAACGTCCTGATGGT-1,4,38.0,25.0,8,Mesenchyme,8,11,13
dataset1,CCGATTCCGCTAACTT-1,1,47.0,48.0,9,Midbrain,14,3,12
dataset1,CTGATGGTTGGTCAGC-1,1,26.0,37.0,7,Diencephalon_and_hindbrain,13,4,13
dataset1,TGAGTCTGTAGAATTA-1,1,23.0,16.0,7,Diencephalon_and_hindbrain,13,3,10
dataset1,GCGTTGGATAGATCTA-1,1,28.0,31.0,7,Diencephalon_and_hindbrain,13,4,10
dataset1,TGGTCAGCTGGTCAGC-1,6,14.0,37.0,5,DPallm,11,5,9
dataset1,TGCGGACCTTATTCAT-1,1,22.0,33.0,8,Mesenchyme,8,5,12
dataset1,AATTAAGAGATCTTAC-1,1,19.0,24.0,11,Subpallium_1,15,2,8
dataset1,CTTGCGCCCTTGCGCC-1,1,37.0,14.0,1,Cartilage_1,4,13,2
dataset1,AACCTGCGCAACCGCT-1,3,1.0,8.0,3,Cartilage_3,7,13,4
dataset1,ACGGAGGCCAACCGCT-1,1,21.0,8.0,2,Cartilage_2,6,13,4
dataset1,CGAACGCCTTGACTTC-1,7,49.0,18.0,4,Cartilage_4,9,11,13
dataset1,TTATTCATTCGGCCTT-1,2,18.0,12.0,11,Subpallium_1,15,2,8
dataset1,CGAACGCCCTAAGAGA-1,7,49.0,20.0,8,Mesenchyme,8,9,4
dataset1,GAAGATCGCGACGCGA-1,3,8.0,39.0,2,Cartilage_2,6,11,4
dataset1,GCCGCAACGCGTTGGA-1,1,24.0,23.0,7,Diencephalon_and_hindbrain,13,3,13
dataset1,AGAGCTATGAAGATCG-1,1,32.0,43.0,7,Diencephalon_and_hindbrain,13,4,13
dataset1,AATTAAGATTGACTTC-1,1,19.0,18.0,11,Subpallium_1,15,2,8
dataset1,TAGATCTAAAGAAGCT-1,6,20.0,44.0,5,DPallm,11,5,9
dataset1,AAGAAGCTATCATATT-1,3,7.0,36.0,2,Cartilage_2,6,13,4
dataset1,CCAGTTCCGGTACTGC-1,7,45.0,15.0,2,Cartilage_2,6,9,4
dataset1,ATCATATTATAAGGAG-1,4,15.0,1.0,3,Cartilage_3,7,13,4
dataset1,AGAGCTATTAGAGTAA-1,7,32.0,10.0,8,Mesenchyme,8,13,4
dataset1,GGTACTGCGATCTTAC-1,1,36.0,24.0,8,Mesenchyme,8,5,13
dataset1,CCGATTCCCGACGCGA-1,1,47.0,39.0,7,Diencephalon_and_hindbrain,13,4,10
dataset1,TAGAGTAATGAGTCTG-1,1,41.0,28.0,7,Diencephalon_and_hindbrain,13,4,10
dataset1,ACCGCCAAGATCTTAC-1,4,46.0,24.0,8,Mesenchyme,8,11,4
dataset1,CCGATTCCGGTATGCT-1,1,47.0,49.0,8,Mesenchyme,8,11,12
dataset1,TGGTCAGCACCGCCAA-1,3,14.0,5.0,3,Cartilage_3,7,13,4
dataset1,ATAAGGAGTTATCCGG-1,1,50.0,41.0,7,Diencephalon_and_hindbrain,13,4,13
dataset1,GCGTTGGATCTGATAC-1,1,28.0,42.0,7,Diencephalon_and_hindbrain,13,4,10
dataset1,CTTGCGCCTGCCGGCA-1,1,37.0,34.0,7,Diencephalon_and_hindbrain,13,11,10
dataset1,AATTAAGATCCGGCCT-1,6,19.0,45.0,5,DPallm,11,5,9
dataset1,TGAGTCTGTGAGTCTG-1,1,23.0,28.0,7,Diencephalon_and_hindbrain,13,4,10
dataset1,GCTAACTTTAGAGTAA-1,4,3.0,10.0,3,Cartilage_3,7,12,4
dataset1,GATCTTACACGGAGGC-1,2,27.0,30.0,7,Diencephalon_and_hindbrain,13,4,10
dataset1,TAGAGTAAGATCTTAC-1,7,41.0,24.0,2,Cartilage_2,6,11,4
dataset1,CTAAGAGAGGTACTGC-1,7,31.0,15.0,7,Diencephalon_and_hindbrain,13,3,10
dataset1,TCCGGCCTACTATGCA-1,4,6.0,38.0,2,Cartilage_2,6,11,4
dataset1,ATAAGGAGGCCGCAAC-1,1,50.0,27.0,7,Diencephalon_and_hindbrain,13,4,10
dataset1,GCAGGTCCACTATGCA-1,1,40.0,38.0,7,Diencephalon_and_hindbrain,13,4,10
dataset1,TAGAGTAAGATACGGA-1,1,41.0,40.0,7,Diencephalon_and_hindbrain,13,4,10
dataset1,TTACCGAGGCAGGTCC-1,1,16.0,11.0,7,Diencephalon_and_hindbrain,13,3,10
dataset1,TTATTCATACTATGCA-1,5,18.0,38.0,6,DPallv,3,6,12
dataset1,CGACGCGACCAGTTCC-1,3,12.0,6.0,3,Cartilage_3,7,13,4
dataset1,AAGAAGCTTAGAATTA-1,6,7.0,16.0,5,DPallm,11,6,9
dataset1,CTGATGGTTTACCGAG-1,1,26.0,35.0,13,Thalamus,10,4,1
dataset1,CTGATGGTAGAGAAGG-1,7,26.0,46.0,8,Mesenchyme,8,8,13
dataset1,GCCGCAACCGACGCGA-1,6,24.0,39.0,5,DPallm,11,5,9
dataset1,TGAGTCTGTGCGGACC-1,1,23.0,29.0,13,Thalamus,10,4,1
dataset1,TGCCGGCATTATTCAT-1,6,17.0,33.0,8,Mesenchyme,8,5,9
dataset1,GCTAACTTCTAAGAGA-1,6,3.0,20.0,5,DPallm,11,5,9
dataset1,GCTAACTTCCGATTCC-1,4,3.0,4.0,3,Cartilage_3,7,13,4
dataset1,TTATTCATCAACCGCT-1,7,18.0,8.0,2,Cartilage_2,6,13,4
dataset1,AACCTGCGGACCTTGA-1,3,1.0,9.0,3,Cartilage_3,7,13,4
dataset1,TTATCCGGTTACCGAG-1,6,10.0,35.0,5,DPallm,11,5,9
dataset1,ATCATATTCTAAGAGA-1,1,15.0,20.0,11,Subpallium_1,15,2,8
dataset1,TAGATCTAGCAGGTCC-1,1,20.0,11.0,7,Diencephalon_and_hindbrain,13,3,8
dataset1,TGAGTCTGCCGAGAAT-1,1,23.0,26.0,7,Diencephalon_and_hindbrain,13,3,10
dataset1,CTTGCGCCAACCTGCG-1,1,37.0,50.0,7,Diencephalon_and_hindbrain,13,4,10
dataset1,ATCATATTTTGACTTC-1,1,15.0,18.0,11,Subpallium_1,15,2,8
dataset1,TTATTCATTTGACTTC-1,1,18.0,18.0,11,Subpallium_1,15,2,8
dataset1,TTGACTTCTAGAATTA-1,7,33.0,16.0,8,Mesenchyme,8,10,13
dataset1,CTGATGGTGCAGGTCC-1,1,26.0,11.0,7,Diencephalon_and_hindbrain,13,3,10
dataset1,GCCATTCTGCGTTGGA-1,5,34.0,23.0,8,Mesenchyme,8,11,12
dataset1,CTAAGAGAGGTATGCT-1,1,31.0,49.0,7,Diencephalon_and_hindbrain,13,4,10
dataset1,ACGGAGGCGATCTTAC-1,5,21.0,24.0,7,Diencephalon_and_hindbrain,13,4,10
dataset1,GCAGGTCCGGTATGCT-1,1,40.0,49.0,7,Diencephalon_and_hindbrain,13,4,10
dataset1,TGCCGGCACTAAGAGA-1,1,17.0,20.0,11,Subpallium_1,15,2,8
dataset1,ATAAGGAGCTAAGAGA-1,7,50.0,20.0,2,Cartilage_2,6,9,4
dataset1,GCTAACTTAGAACGTC-1,3,3.0,13.0,2,Cartilage_2,6,13,4
dataset1,CGACGCGACGACGCGA-1,6,12.0,39.0,5,DPallm,11,5,9
dataset1,TCCGGCCTGATCTTAC-1,6,6.0,24.0,5,DPallm,11,5,9
dataset1,TTATCCGGTAGAGTAA-1,7,10.0,10.0,7,Diencephalon_and_hindbrain,13,4,10
dataset1,AGAGCTATTCTGATAC-1,1,32.0,42.0,7,Diencephalon_and_hindbrain,13,4,13
dataset1,CTGATGGTTAGAGTAA-1,1,26.0,10.0,7,Diencephalon_and_hindbrain,13,3,10
dataset1,ATAAGGAGAACCTGCG-1,1,50.0,50.0,2,Cartilage_2,6,11,4
dataset1,GCCATTCTGCTAACTT-1,1,34.0,48.0,7,Diencephalon_and_hindbrain,13,4,10
dataset1,TAGAGTAATGGTCAGC-1,1,41.0,37.0,7,Diencephalon_and_hindbrain,13,4,10
dataset1,TGAGTCTGGAAGATCG-1,6,23.0,43.0,5,DPallm,11,5,9
dataset1,TAGAGTAATCCTACCA-1,1,41.0,22.0,1,Cartilage_1,4,11,4
dataset1,CCGAGAATGATACGGA-1,6,25.0,40.0,5,DPallm,11,5,9
dataset1,GCCGCAACAGAACGTC-1,1,24.0,13.0,7,Diencephalon_and_hindbrain,13,3,13
dataset1,GCGTTGGATGCCGGCA-1,1,28.0,34.0,7,Diencephalon_and_hindbrain,13,4,10
dataset1,AGAGCTATTTATCCGG-1,1,32.0,41.0,7,Diencephalon_and_hindbrain,13,4,13
dataset1,AATTAAGATAGATCTA-1,1,19.0,31.0,8,Mesenchyme,8,5,13
dataset1,CTAAGAGAATCATATT-1,1,31.0,36.0,7,Diencephalon_and_hindbrain,13,4,10
dataset1,AGAGCTATACGGAGGC-1,1,32.0,30.0,7,Diencephalon_and_hindbrain,13,4,10
dataset1,TCTGATACACTCAATA-1,6,9.0,21.0,6,DPallv,3,5,12
dataset1,TTATCCGGCAACCGCT-1,4,10.0,8.0,2,Cartilage_2,6,8,4
dataset1,TGGTCAGCTCTGATAC-1,6,14.0,42.0,5,DPallm,11,5,9
dataset1,AGAACGTCTAGAGTAA-1,1,38.0,10.0,2,Cartilage_2,6,13,4
dataset1,TGCGGACCTTGACTTC-1,1,22.0,18.0,7,Diencephalon_and_hindbrain,13,4,10
dataset1,CATACTCCGACCTTGA-1,4,4.0,9.0,8,Mesenchyme,8,13,4
dataset1,TGGTCAGCTGCGGACC-1,5,14.0,29.0,6,DPallv,3,6,12
dataset1,GAAGATCGTCGGCCTT-1,6,8.0,12.0,5,DPallm,11,3,9
dataset1,TAGAATTATCCTACCA-1,1,35.0,22.0,8,Mesenchyme,8,11,12
dataset1,GCGTTGGAAGAGCTAT-1,1,28.0,19.0,7,Diencephalon_and_hindbrain,13,4,13
dataset1,AATTAAGAGGTATGCT-1,1,19.0,49.0,2,Cartilage_2,6,4,4
dataset1,TCTGATACTTATTCAT-1,6,9.0,33.0,5,DPallm,11,5,9
dataset1,GCCGCAACTGCCGGCA-1,1,24.0,34.0,13,Thalamus,10,4,1
dataset1,CGACGCGATAGAATTA-1,1,12.0,16.0,11,Subpallium_1,15,2,8
dataset1,TGCCGGCAGCAGGTCC-1,1,17.0,11.0,7,Diencephalon_and_hindbrain,13,3,10
dataset1,TGCGGACCTCCTACCA-1,2,22.0,22.0,7,Diencephalon_and_hindbrain,13,3,10
dataset1,AGAGCTATTCCTACCA-1,5,32.0,22.0,8,Mesenchyme,8,11,10
dataset1,TTACCGAGTTACCGAG-1,5,16.0,35.0,6,DPallv,3,5,12
dataset1,ACTTAACCACTCAATA-1,3,44.0,21.0,2,Cartilage_2,6,13,4
dataset1,CAACCGCTAGAACGTC-1,3,43.0,13.0,3,Cartilage_3,7,8,4
dataset1,GACCTTGAACTATGCA-1,1,42.0,38.0,7,Diencephalon_and_hindbrain,13,4,10
dataset1,AAGAAGCTTGCCGGCA-1,7,7.0,34.0,3,Cartilage_3,7,13,4
dataset1,TGCCGGCACCGATTCC-1,4,17.0,4.0,4,Cartilage_4,9,8,4
dataset1,TTGACTTCACTATGCA-1,1,33.0,38.0,7,Diencephalon_and_hindbrain,13,4,10
dataset1,TGAGTCTGAATTAAGA-1,1,23.0,32.0,13,Thalamus,10,4,1
dataset1,ACTCAATACCGAGAAT-1,1,30.0,26.0,8,Mesenchyme,8,5,13
dataset1,CGACGCGAGGCTGAGC-1,4,12.0,3.0,3,Cartilage_3,7,13,4
dataset1,GATACGGATCTGATAC-1,3,11.0,42.0,2,Cartilage_2,6,11,4
dataset1,TAGAGTAAGCCGCAAC-1,5,41.0,27.0,7,Diencephalon_and_hindbrain,13,4,10
dataset1,TCCGGCCTTAGATCTA-1,6,6.0,31.0,5,DPallm,11,5,9
dataset1,TGAGTCTGTCGGCCTT-1,1,23.0,12.0,7,Diencephalon_and_hindbrain,13,3,10
dataset1,TCTGATACTGGTCAGC-1,3,9.0,37.0,3,Cartilage_3,7,13,4
dataset1,TTATTCATTCCTACCA-1,1,18.0,22.0,11,Subpallium_1,15,2,8
dataset1,CGACGCGAAGAACGTC-1,1,12.0,13.0,5,DPallm,11,3,9
dataset1,GATACGGATGCGGACC-1,6,11.0,29.0,6,DPallv,3,5,12
dataset1,TGAGTCTGCATACTCC-1,7,23.0,47.0,2,Cartilage_2,6,8,4
dataset1,TCGGCCTTTCCGGCCT-1,1,39.0,45.0,7,Diencephalon_and_hindbrain,13,4,13
dataset1,TTACCGAGCGACGCGA-1,6,16.0,39.0,5,DPallm,11,5,9
dataset1,TTATCCGGATCATATT-1,6,10.0,36.0,5,DPallm,11,5,9
dataset1,TCTGATACTGCGGACC-1,6,9.0,29.0,5,DPallm,11,5,9
dataset1,TGAGTCTGTTACCGAG-1,7,23.0,35.0,2,Cartilage_2,6,11,4
dataset1,TGAGTCTGGCTAACTT-1,7,23.0,48.0,2,Cartilage_2,6,8,4
dataset1,CATACTCCACTTAACC-1,7,4.0,7.0,3,Cartilage_3,7,13,4
dataset1,GCCGCAACCTAAGAGA-1,7,24.0,20.0,7,Diencephalon_and_hindbrain,13,3,10
dataset1,AAGAAGCTCTGATGGT-1,6,7.0,25.0,5,DPallm,11,5,9
dataset1,TAGAATTAAAGAAGCT-1,1,35.0,44.0,7,Diencephalon_and_hindbrain,13,4,10
dataset1,TGCGGACCGCTAACTT-1,7,22.0,48.0,2,Cartilage_2,6,8,4
dataset1,ACTATGCAGGTACTGC-1,1,13.0,15.0,11,Subpallium_1,15,2,8
dataset1,AAGAAGCTGATCTTAC-1,6,7.0,24.0,5,DPallm,11,5,9
dataset1,ACTTAACCTTACCGAG-1,1,44.0,35.0,7,Diencephalon_and_hindbrain,13,4,10
dataset1,CTTGCGCCTGCGGACC-1,1,37.0,29.0,8,Mesenchyme,8,11,4
dataset1,TAGAATTAGCCATTCT-1,2,35.0,17.0,8,Mesenchyme,8,11,13
dataset1,TTACCGAGTGAGTCTG-1,5,16.0,28.0,12,Subpallium_2,16,7,7
dataset1,TAGAGTAAACTATGCA-1,1,41.0,38.0,7,Diencephalon_and_hindbrain,13,4,10
dataset1,GAAGATCGAGAACGTC-1,6,8.0,13.0,5,DPallm,11,3,9
dataset1,ACTCAATATAGAGTAA-1,7,30.0,10.0,4,Cartilage_4,9,8,4
dataset1,TAGATCTATGCGGACC-1,5,20.0,29.0,8,Mesenchyme,8,6,12
dataset1,AGAGCTATTGCGGACC-1,1,32.0,29.0,7,Diencephalon_and_hindbrain,13,4,10
dataset1,CTTGCGCCGGTACTGC-1,1,37.0,15.0,1,Cartilage_1,4,13,2
dataset1,TAGAATTAACGGAGGC-1,1,35.0,30.0,7,Diencephalon_and_hindbrain,13,4,13
dataset1,GACCTTGATTACCGAG-1,1,42.0,35.0,7,Diencephalon_and_hindbrain,13,4,10
dataset1,GATACGGACAACCGCT-1,3,11.0,8.0,2,Cartilage_2,6,8,4
dataset1,GCTAACTTGCCATTCT-1,6,3.0,17.0,5,DPallm,11,5,9
dataset1,GCCATTCTTGCGGACC-1,4,34.0,29.0,7,Diencephalon_and_hindbrain,13,4,10
dataset1,TGCCGGCACGAACGCC-1,4,17.0,2.0,3,Cartilage_3,7,13,4
dataset1,ACGGAGGCTGCCGGCA-1,1,21.0,34.0,8,Mesenchyme,8,5,12
dataset1,AGAACGTCTAGATCTA-1,1,38.0,31.0,2,Cartilage_2,6,11,4
dataset1,ATAAGGAGGAAGATCG-1,1,50.0,43.0,7,Diencephalon_and_hindbrain,13,4,13
dataset1,GCGTTGGAGACCTTGA-1,4,28.0,9.0,4,Cartilage_4,9,13,13
dataset1,TCCTACCAGGTATGCT-1,1,29.0,49.0,7,Diencephalon_and_hindbrain,13,4,13
dataset1,TTATCCGGAGAGCTAT-1,1,10.0,19.0,11,Subpallium_1,15,2,8
dataset1,TGCGGACCATCATATT-1,1,22.0,36.0,8,Mesenchyme,8,5,13
dataset1,TAGAGTAACTGATGGT-1,7,41.0,25.0,2,Cartilage_2,6,11,4
dataset1,TGCGGACCACTTAACC-1,1,22.0,7.0,2,Cartilage_2,6,13,4
dataset1,ACTTAACCAACCTGCG-1,4,44.0,50.0,8,Mesenchyme,8,13,13
dataset1,TAGATCTACCAGTTCC-1,0,20.0,6.0,10,Muscle,5,13,3
dataset1,ATAAGGAGATCATATT-1,1,50.0,36.0,7,Diencephalon_and_hindbrain,13,4,10
dataset1,GCCGCAACAGAGAAGG-1,3,24.0,46.0,3,Cartilage_3,7,11,4
dataset1,GATCTTACTGGTCAGC-1,1,27.0,37.0,7,Diencephalon_and_hindbrain,13,4,10
dataset1,AATTAAGAACTATGCA-1,5,19.0,38.0,6,DPallv,3,6,12
dataset1,ACGGAGGCTAGAGTAA-1,1,21.0,10.0,7,Diencephalon_and_hindbrain,13,3,8
dataset1,TGAGTCTGACTTAACC-1,3,23.0,7.0,2,Cartilage_2,6,13,4
dataset1,TGGTCAGCGGCTGAGC-1,4,14.0,3.0,4,Cartilage_4,9,8,4
dataset1,GAAGATCGCTAAGAGA-1,6,8.0,20.0,6,DPallv,3,11,12
dataset1,CTAAGAGAAGAGCTAT-1,7,31.0,19.0,8,Mesenchyme,8,11,13
dataset1,AGAGCTATGCCATTCT-1,3,32.0,17.0,2,Cartilage_2,6,11,4
dataset1,TGGTCAGCCGAACGCC-1,4,14.0,2.0,3,Cartilage_3,7,13,4
dataset1,ACTATGCAGATACGGA-1,6,13.0,40.0,5,DPallm,11,5,9
dataset1,TTATCCGGACTATGCA-1,3,10.0,38.0,2,Cartilage_2,6,11,4
dataset1,CGAACGCCCATACTCC-1,1,49.0,47.0,9,Midbrain,14,4,12
dataset1,TAGATCTATCGGCCTT-1,1,20.0,12.0,11,Subpallium_1,15,2,8
dataset1,ATAAGGAGCTTGCGCC-1,7,50.0,14.0,4,Cartilage_4,9,8,13
dataset1,TTGACTTCAGAGCTAT-1,1,33.0,19.0,8,Mesenchyme,8,11,4
dataset1,TCCGGCCTACGGAGGC-1,6,6.0,30.0,5,DPallm,11,5,9
dataset1,CTGATGGTACCGCCAA-1,7,26.0,5.0,4,Cartilage_4,9,8,4
dataset1,GCAGGTCCGAAGATCG-1,1,40.0,43.0,7,Diencephalon_and_hindbrain,13,4,10
dataset1,CTGATGGTTCCTACCA-1,7,26.0,22.0,8,Mesenchyme,8,11,13
dataset1,CGACGCGAGCCGCAAC-1,5,12.0,27.0,6,DPallv,3,5,12
dataset1,TGAGTCTGAGAGAAGG-1,3,23.0,46.0,2,Cartilage_2,6,11,4
dataset1,CGACGCGAGCCATTCT-1,1,12.0,17.0,11,Subpallium_1,15,2,8
dataset1,GCTAACTTTTGACTTC-1,6,3.0,18.0,5,DPallm,11,5,9
dataset1,TGGTCAGCACTATGCA-1,6,14.0,38.0,5,DPallm,11,5,9
dataset1,TCCTACCATTATCCGG-1,1,29.0,41.0,7,Diencephalon_and_hindbrain,13,4,10
dataset1,GCTAACTTTAGAATTA-1,6,3.0,16.0,5,DPallm,11,11,9
dataset1,CTTGCGCCCAACCGCT-1,3,37.0,8.0,3,Cartilage_3,7,13,4
dataset1,TGAGTCTGTGGTCAGC-1,6,23.0,37.0,5,DPallm,11,5,9
dataset1,GATCTTACTTATTCAT-1,1,27.0,33.0,13,Thalamus,10,4,1
dataset1,CGAACGCCCGACGCGA-1,1,49.0,39.0,7,Diencephalon_and_hindbrain,13,4,10
dataset1,CATACTCCACCGCCAA-1,4,4.0,5.0,3,Cartilage_3,7,13,4
dataset1,GCCGCAACATAAGGAG-1,4,24.0,1.0,10,Muscle,5,13,4
dataset1,ACTTAACCGCCATTCT-1,3,44.0,17.0,2,Cartilage_2,6,11,4
dataset1,GGTATGCTTCGGCCTT-1,3,2.0,12.0,3,Cartilage_3,7,13,4
dataset1,GACCTTGAGCTAACTT-1,1,42.0,48.0,7,Diencephalon_and_hindbrain,13,4,10
dataset1,AAGAAGCTACTATGCA-1,1,7.0,38.0,2,Cartilage_2,6,4,4
dataset1,ACCGCCAACTGATGGT-1,1,46.0,25.0,7,Diencephalon_and_hindbrain,13,6,10
dataset1,CTGATGGTGCTAACTT-1,7,26.0,48.0,8,Mesenchyme,8,8,13
dataset1,TCGGCCTTGCTAACTT-1,1,39.0,48.0,7,Diencephalon_and_hindbrain,13,4,10
dataset1,AGAGAAGGTTACCGAG-1,7,5.0,35.0,8,Mesenchyme,8,5,13
dataset1,ATCATATTTAGATCTA-1,5,15.0,31.0,6,DPallv,3,6,12
dataset1,TTATTCATCTTGCGCC-1,1,18.0,14.0,11,Subpallium_1,15,2,8
dataset1,TTGACTTCTGCCGGCA-1,1,33.0,34.0,7,Diencephalon_and_hindbrain,13,4,10
dataset1,ATAAGGAGTAGATCTA-1,5,50.0,31.0,7,Diencephalon_and_hindbrain,13,4,10
dataset1,TAGAATTAGCAGGTCC-1,1,35.0,11.0,1,Cartilage_1,4,13,2
dataset1,GCTAACTTAGAGCTAT-1,6,3.0,19.0,5,DPallm,11,5,9
dataset1,CCGATTCCGGTACTGC-1,7,47.0,15.0,4,Cartilage_4,9,8,4
dataset1,GCGTTGGACCGAGAAT-1,1,28.0,26.0,7,Diencephalon_and_hindbrain,13,4,10
dataset1,TGCGGACCGATACGGA-1,6,22.0,40.0,6,DPallv,3,5,12
dataset1,GCTAACTTCTTGCGCC-1,7,3.0,14.0,2,Cartilage_2,6,11,4
dataset1,TGGTCAGCCTAAGAGA-1,1,14.0,20.0,11,Subpallium_1,15,2,8
dataset1,CCGATTCCTCCGGCCT-1,1,47.0,45.0,9,Midbrain,14,4,13
dataset1,ACTATGCATTACCGAG-1,6,13.0,35.0,5,DPallm,11,5,9
dataset1,TAGAGTAAAGAGCTAT-1,3,41.0,19.0,3,Cartilage_3,7,11,4
dataset1,ACTTAACCCTGATGGT-1,1,44.0,25.0,9,Midbrain,14,11,12
dataset1,GCTAACTTGACCTTGA-1,3,3.0,9.0,3,Cartilage_3,7,13,4
dataset1,AGAGCTATCCAGTTCC-1,3,32.0,6.0,3,Cartilage_3,7,13,4
dataset1,CATACTCCGCCATTCT-1,6,4.0,17.0,5,DPallm,11,5,9
dataset1,TAGATCTAAGAGCTAT-1,1,20.0,19.0,11,Subpallium_1,15,2,8
dataset1,AATTAAGATGCGGACC-1,5,19.0,29.0,8,Mesenchyme,8,10,12
dataset1,ACTATGCAATAAGGAG-1,4,13.0,1.0,3,Cartilage_3,7,13,4
dataset1,GATCTTACTAGAATTA-1,7,27.0,16.0,7,Diencephalon_and_hindbrain,13,3,13
dataset1,TCCGGCCTGGTACTGC-1,6,6.0,15.0,5,DPallm,11,5,9
dataset1,ACTCAATACTGATGGT-1,2,30.0,25.0,8,Mesenchyme,8,11,13
dataset1,CGACGCGATGCGGACC-1,6,12.0,29.0,6,DPallv,3,5,12
dataset1,TGCGGACCGGTACTGC-1,1,22.0,15.0,11,Subpallium_1,15,2,8
dataset1,AAGAAGCTTAGAGTAA-1,7,7.0,10.0,4,Cartilage_4,9,8,4
dataset1,TAGAGTAAGGTATGCT-1,2,41.0,49.0,7,Diencephalon_and_hindbrain,13,4,10
dataset1,AATTAAGATGCCGGCA-1,1,19.0,34.0,8,Mesenchyme,8,5,13
dataset1,AAGAAGCTATAAGGAG-1,4,7.0,1.0,3,Cartilage_3,7,13,4
dataset1,TCGGCCTTGATACGGA-1,7,39.0,40.0,7,Diencephalon_and_hindbrain,13,4,10
dataset1,ACTATGCACAACCGCT-1,3,13.0,8.0,2,Cartilage_2,6,13,4
dataset1,ACTATGCAGCGTTGGA-1,1,13.0,23.0,11,Subpallium_1,15,2,8
dataset1,TGGTCAGCGCCGCAAC-1,5,14.0,27.0,12,Subpallium_2,16,7,10
dataset1,CGAACGCCTGCCGGCA-1,1,49.0,34.0,7,Diencephalon_and_hindbrain,13,4,10
dataset1,CGACGCGATAGAGTAA-1,1,12.0,10.0,7,Diencephalon_and_hindbrain,13,3,9
dataset1,TTGACTTCGATCTTAC-1,7,33.0,24.0,8,Mesenchyme,8,11,13
dataset1,CTGATGGTATCATATT-1,1,26.0,36.0,7,Diencephalon_and_hindbrain,13,4,10
dataset1,GCCATTCTTCCTACCA-1,1,34.0,22.0,8,Mesenchyme,8,11,12
dataset1,AGAGAAGGCTGATGGT-1,6,5.0,25.0,5,DPallm,11,5,9
dataset1,TCCTACCAACTTAACC-1,3,29.0,7.0,1,Cartilage_1,4,13,2
dataset1,TGCGGACCGGTATGCT-1,8,22.0,49.0,2,Cartilage_2,6,8,4
dataset1,ACCGCCAATCCTACCA-1,3,46.0,22.0,2,Cartilage_2,6,11,4
dataset1,TAGAATTATCTGATAC-1,1,35.0,42.0,7,Diencephalon_and_hindbrain,13,4,10
dataset1,AGAGCTATATCATATT-1,1,32.0,36.0,7,Diencephalon_and_hindbrain,13,4,10
dataset1,CCAGTTCCCTGATGGT-1,5,45.0,25.0,7,Diencephalon_and_hindbrain,13,11,10
dataset1,ATCATATTGCGTTGGA-1,1,15.0,23.0,11,Subpallium_1,15,2,8
dataset1,TCTGATACTAGATCTA-1,6,9.0,31.0,5,DPallm,11,5,9
dataset1,TGCCGGCACATACTCC-1,1,17.0,47.0,8,Mesenchyme,8,4,4
dataset1,ACGGAGGCACGGAGGC-1,1,21.0,30.0,8,Mesenchyme,8,5,12
dataset1,TTACCGAGTAGAGTAA-1,1,16.0,10.0,7,Diencephalon_and_hindbrain,13,3,10
dataset1,GGTACTGCCTTGCGCC-1,1,36.0,14.0,1,Cartilage_1,4,13,2
dataset1,ACTATGCATGAGTCTG-1,5,13.0,28.0,6,DPallv,3,5,12
dataset1,CATACTCCTGCGGACC-1,7,4.0,29.0,8,Mesenchyme,8,4,4
dataset1,GCGTTGGACCGATTCC-1,4,28.0,4.0,4,Cartilage_4,9,8,4
dataset1,TCCGGCCTCAACCGCT-1,4,6.0,8.0,4,Cartilage_4,9,12,4
dataset1,TTGACTTCTTATCCGG-1,1,33.0,41.0,7,Diencephalon_and_hindbrain,13,4,13
dataset1,TCTGATACACGGAGGC-1,6,9.0,30.0,5,DPallm,11,5,9
dataset1,TTACCGAGCTGATGGT-1,1,16.0,25.0,11,Subpallium_1,15,2,8
dataset1,ACCGCCAAAGAACGTC-1,7,46.0,13.0,4,Cartilage_4,9,13,4
dataset1,GATACGGATCCTACCA-1,1,11.0,22.0,11,Subpallium_1,15,2,8
dataset1,CTTGCGCCTGAGTCTG-1,7,37.0,28.0,8,Mesenchyme,8,11,4
dataset1,TCCTACCAACTCAATA-1,1,29.0,21.0,7,Diencephalon_and_hindbrain,13,2,13
dataset1,GGCTGAGCTGCCGGCA-1,1,48.0,34.0,7,Diencephalon_and_hindbrain,13,4,10
dataset1,AGAACGTCGCGTTGGA-1,7,38.0,23.0,8,Mesenchyme,8,11,4
dataset1,ACTCAATAACTTAACC-1,3,30.0,7.0,1,Cartilage_1,4,13,2
dataset1,CTAAGAGAGCGTTGGA-1,7,31.0,23.0,4,Cartilage_4,9,10,13
dataset1,ACTCAATAAATTAAGA-1,1,30.0,32.0,7,Diencephalon_and_hindbrain,13,4,10
dataset1,GCTAACTTTAGATCTA-1,4,3.0,31.0,2,Cartilage_2,6,4,4
dataset1,TTACCGAGATAAGGAG-1,4,16.0,1.0,3,Cartilage_3,7,13,4
dataset1,CCAGTTCCGCTAACTT-1,1,45.0,48.0,8,Mesenchyme,8,11,4
dataset1,TTGACTTCTCTGATAC-1,1,33.0,42.0,7,Diencephalon_and_hindbrain,13,4,13
dataset1,TTACCGAGGGTACTGC-1,1,16.0,15.0,11,Subpallium_1,15,2,8
dataset1,TTATTCATAAGAAGCT-1,6,18.0,44.0,5,DPallm,11,5,9
dataset1,AGAGAAGGGCGTTGGA-1,6,5.0,23.0,5,DPallm,11,5,9
dataset1,AGAGCTATTTACCGAG-1,1,32.0,35.0,7,Diencephalon_and_hindbrain,13,4,10
dataset1,CATACTCCCTAAGAGA-1,6,4.0,20.0,5,DPallm,11,5,9
dataset1,ACTATGCAACTCAATA-1,1,13.0,21.0,11,Subpallium_1,15,2,8
dataset1,GGTACTGCTAGAGTAA-1,1,36.0,10.0,1,Cartilage_1,4,13,2
dataset1,AACCTGCGCTAAGAGA-1,4,1.0,20.0,2,Cartilage_2,6,13,4
dataset1,TCTGATACCGACGCGA-1,1,9.0,39.0,2,Cartilage_2,6,11,4
dataset1,TTATCCGGCTTGCGCC-1,6,10.0,14.0,5,DPallm,11,5,9
dataset1,ACGGAGGCACTATGCA-1,5,21.0,38.0,8,Mesenchyme,8,5,12
dataset1,TCCTACCACTTGCGCC-1,1,29.0,14.0,7,Diencephalon_and_hindbrain,13,3,10
dataset1,ACCGCCAATTATCCGG-1,1,46.0,41.0,7,Diencephalon_and_hindbrain,13,4,13
dataset1,CCGAGAATCTTGCGCC-1,1,25.0,14.0,7,Diencephalon_and_hindbrain,13,3,13
dataset1,CCAGTTCCTGAGTCTG-1,1,45.0,28.0,7,Diencephalon_and_hindbrain,13,4,13
dataset1,GATCTTACTGCGGACC-1,1,27.0,29.0,7,Diencephalon_and_hindbrain,13,4,10
dataset1,TTGACTTCGGTACTGC-1,4,33.0,15.0,8,Mesenchyme,8,10,13
dataset1,GAAGATCGATCATATT-1,3,8.0,36.0,2,Cartilage_2,6,13,4
dataset1,CTGATGGTGCCATTCT-1,1,26.0,17.0,7,Diencephalon_and_hindbrain,13,3,10
dataset1,GAAGATCGAGAGCTAT-1,6,8.0,19.0,6,DPallv,3,11,12
dataset1,TCGGCCTTCTGATGGT-1,7,39.0,25.0,8,Mesenchyme,8,11,13
dataset1,ACTCAATACCAGTTCC-1,7,30.0,6.0,1,Cartilage_1,4,13,2
dataset1,GACCTTGAGATCTTAC-1,7,42.0,24.0,8,Mesenchyme,8,11,13
dataset1,AGAGAAGGCTAAGAGA-1,6,5.0,20.0,5,DPallm,11,5,9
dataset1,ACTTAACCGCCGCAAC-1,1,44.0,27.0,7,Diencephalon_and_hindbrain,13,4,10
dataset1,TAGATCTATTATTCAT-1,1,20.0,33.0,8,Mesenchyme,8,5,12
dataset1,TAGATCTACGAACGCC-1,4,20.0,2.0,3,Cartilage_3,7,13,4
dataset1,CCGATTCCATCATATT-1,1,47.0,36.0,7,Diencephalon_and_hindbrain,13,4,10
dataset1,GAAGATCGCAACCGCT-1,4,8.0,8.0,4,Cartilage_4,9,8,4
dataset1,CCGAGAATATCATATT-1,1,25.0,36.0,13,Thalamus,10,4,1
dataset1,GGTACTGCTCCTACCA-1,1,36.0,22.0,8,Mesenchyme,8,4,10
dataset1,GACCTTGATCCTACCA-1,7,42.0,22.0,2,Cartilage_2,6,11,4
dataset1,ACCGCCAATTATTCAT-1,1,46.0,33.0,7,Diencephalon_and_hindbrain,13,4,10
dataset1,TAGAATTATTGACTTC-1,7,35.0,18.0,8,Mesenchyme,8,11,13
dataset1,CTTGCGCCTTATTCAT-1,1,37.0,33.0,7,Diencephalon_and_hindbrain,13,11,13
dataset1,ATCATATTGGTACTGC-1,1,15.0,15.0,11,Subpallium_1,15,2,8
dataset1,GATCTTACACTTAACC-1,7,27.0,7.0,1,Cartilage_1,4,8,2
dataset1,CTAAGAGAACTCAATA-1,7,31.0,21.0,7,Diencephalon_and_hindbrain,13,11,10
dataset1,TGAGTCTGCGACGCGA-1,6,23.0,39.0,5,DPallm,11,5,9
dataset1,CATACTCCGCGTTGGA-1,6,4.0,23.0,5,DPallm,11,5,9
dataset1,CGACGCGAACTATGCA-1,6,12.0,38.0,5,DPallm,11,5,9
dataset1,AGAACGTCTAGAATTA-1,1,38.0,16.0,1,Cartilage_1,4,13,2
dataset1,TTGACTTCCATACTCC-1,1,33.0,47.0,7,Diencephalon_and_hindbrain,13,4,10
dataset1,GGTATGCTGGTACTGC-1,3,2.0,15.0,3,Cartilage_3,7,13,4
dataset1,CGAACGCCTTATCCGG-1,1,49.0,41.0,7,Diencephalon_and_hindbrain,13,4,13
dataset1,TCCGGCCTTGCCGGCA-1,0,6.0,34.0,3,Cartilage_3,7,13,4
dataset1,GGTATGCTCTAAGAGA-1,4,2.0,20.0,2,Cartilage_2,6,11,4
dataset1,TAGAGTAAAGAACGTC-1,3,41.0,13.0,3,Cartilage_3,7,8,4
dataset1,ACTATGCACTTGCGCC-1,6,13.0,14.0,7,Diencephalon_and_hindbrain,13,3,9
dataset1,TGGTCAGCTCCGGCCT-1,4,14.0,45.0,2,Cartilage_2,6,4,4
dataset1,TTATTCATCATACTCC-1,7,18.0,47.0,8,Mesenchyme,8,11,4
dataset1,GCGTTGGATGAGTCTG-1,1,28.0,28.0,7,Diencephalon_and_hindbrain,13,4,13
dataset1,CGACGCGATTACCGAG-1,6,12.0,35.0,5,DPallm,11,5,9
dataset1,ACTCAATATTGACTTC-1,1,30.0,18.0,7,Diencephalon_and_hindbrain,13,3,13
dataset1,ACCGCCAATAGATCTA-1,1,46.0,31.0,7,Diencephalon_and_hindbrain,13,4,10
dataset1,GCAGGTCCCTAAGAGA-1,7,40.0,20.0,1,Cartilage_1,4,13,2
dataset1,TCCGGCCTCCAGTTCC-1,3,6.0,6.0,3,Cartilage_3,7,13,4
dataset1,AATTAAGACTTGCGCC-1,1,19.0,14.0,11,Subpallium_1,15,2,8
dataset1,GATACGGATTACCGAG-1,6,11.0,35.0,5,DPallm,11,5,9
dataset1,GATCTTACCTGATGGT-1,1,27.0,25.0,7,Diencephalon_and_hindbrain,13,3,10
dataset1,ACCGCCAACGACGCGA-1,1,46.0,39.0,7,Diencephalon_and_hindbrain,13,4,10
dataset1,CCGAGAATTCGGCCTT-1,1,25.0,12.0,7,Diencephalon_and_hindbrain,13,3,13
dataset1,TGCCGGCAGGCTGAGC-1,4,17.0,3.0,4,Cartilage_4,9,8,4
dataset1,ATAAGGAGTTACCGAG-1,1,50.0,35.0,7,Diencephalon_and_hindbrain,13,4,10
dataset1,GCTAACTTACTCAATA-1,6,3.0,21.0,5,DPallm,11,5,9
dataset1,ACGGAGGCACCGCCAA-1,0,21.0,5.0,10,Muscle,5,13,3
dataset1,TGCGGACCACTCAATA-1,2,22.0,21.0,7,Diencephalon_and_hindbrain,13,3,10
dataset1,CCAGTTCCCCGAGAAT-1,1,45.0,26.0,7,Diencephalon_and_hindbrain,13,4,10
dataset1,TTATCCGGGCCGCAAC-1,6,10.0,27.0,6,DPallv,3,5,12
dataset1,ATAAGGAGTCCTACCA-1,3,50.0,22.0,2,Cartilage_2,6,9,4
dataset1,CCGAGAATTCCGGCCT-1,7,25.0,45.0,8,Mesenchyme,8,11,4
dataset1,TGGTCAGCCCAGTTCC-1,3,14.0,6.0,3,Cartilage_3,7,13,4
dataset1,ATCATATTAGAACGTC-1,1,15.0,13.0,11,Subpallium_1,15,2,8
dataset1,AAGAAGCTTTGACTTC-1,6,7.0,18.0,5,DPallm,11,5,9
dataset1,CCGATTCCTAGAATTA-1,7,47.0,16.0,4,Cartilage_4,9,10,4
dataset1,AACCTGCGTCCTACCA-1,7,1.0,22.0,2,Cartilage_2,6,13,4
dataset1,GAAGATCGTTGACTTC-1,6,8.0,18.0,6,DPallv,3,2,12
dataset1,AAGAAGCTACTCAATA-1,6,7.0,21.0,5,DPallm,11,5,9
dataset1,GAAGATCGACGGAGGC-1,6,8.0,30.0,5,DPallm,11,5,9
dataset1,CCGAGAATGAAGATCG-1,6,25.0,43.0,5,DPallm,11,5,9
dataset1,TCCTACCATAGAATTA-1,1,29.0,16.0,7,Diencephalon_and_hindbrain,13,3,10
dataset1,GCGTTGGACTGATGGT-1,1,28.0,25.0,7,Diencephalon_and_hindbrain,13,3,10
dataset1,GAAGATCGCTTGCGCC-1,6,8.0,14.0,5,DPallm,11,5,9
dataset1,ACGGAGGCCTTGCGCC-1,1,21.0,14.0,11,Subpallium_1,15,2,8
dataset1,GATCTTACCAACCGCT-1,4,27.0,8.0,4,Cartilage_4,9,8,4
dataset1,AATTAAGACTGATGGT-1,1,19.0,25.0,11,Subpallium_1,15,7,8
dataset1,AGAGAAGGTAGATCTA-1,1,5.0,31.0,2,Cartilage_2,6,11,4
dataset1,AAGAAGCTTCGGCCTT-1,6,7.0,12.0,5,DPallm,11,3,9
dataset1,CTTGCGCCAGAGAAGG-1,1,37.0,46.0,7,Diencephalon_and_hindbrain,13,4,10
dataset1,TGCCGGCATTACCGAG-1,6,17.0,35.0,6,DPallv,3,5,12
dataset1,GACCTTGATGCGGACC-1,1,42.0,29.0,7,Diencephalon_and_hindbrain,13,4,10
dataset1,GCCGCAACACTATGCA-1,1,24.0,38.0,5,DPallm,11,5,9
dataset1,TCCGGCCTACTTAACC-1,7,6.0,7.0,4,Cartilage_4,9,13,4
dataset1,AAGAAGCTTCCTACCA-1,6,7.0,22.0,5,DPallm,11,5,9
dataset1,TTGACTTCATCATATT-1,1,33.0,36.0,7,Diencephalon_and_hindbrain,13,4,10
dataset1,TAGATCTACCGAGAAT-1,5,20.0,26.0,6,DPallv,3,6,12
dataset1,TTATCCGGTCTGATAC-1,7,10.0,42.0,8,Mesenchyme,8,11,13
dataset1,ATAAGGAGGGTACTGC-1,7,50.0,15.0,4,Cartilage_4,9,8,13
dataset1,AGAGAAGGCCAGTTCC-1,3,5.0,6.0,3,Cartilage_3,7,13,4
dataset1,TTATTCATAGAGCTAT-1,1,18.0,19.0,11,Subpallium_1,15,2,8
dataset1,CTAAGAGATTACCGAG-1,1,31.0,35.0,7,Diencephalon_and_hindbrain,13,4,10
dataset1,AAGAAGCTGGCTGAGC-1,4,7.0,3.0,3,Cartilage_3,7,8,4
dataset1,GCCATTCTCATACTCC-1,1,34.0,47.0,7,Diencephalon_and_hindbrain,13,4,10
dataset1,CCAGTTCCTCTGATAC-1,1,45.0,42.0,7,Diencephalon_and_hindbrain,13,4,10
dataset1,AATTAAGAGGCTGAGC-1,4,19.0,3.0,4,Cartilage_4,9,8,4
dataset1,CATACTCCCGAACGCC-1,4,4.0,2.0,3,Cartilage_3,7,13,4
dataset1,GGCTGAGCTGGTCAGC-1,1,48.0,37.0,7,Diencephalon_and_hindbrain,13,4,10
dataset1,GCGTTGGACTTGCGCC-1,1,28.0,14.0,7,Diencephalon_and_hindbrain,13,3,13
dataset1,TCGGCCTTACTCAATA-1,7,39.0,21.0,2,Cartilage_2,6,11,4
dataset1,TCTGATACTAGAGTAA-1,1,9.0,10.0,7,Diencephalon_and_hindbrain,13,13,10
dataset1,AACCTGCGCCGATTCC-1,3,1.0,4.0,3,Cartilage_3,7,13,4
dataset1,CCGATTCCAGAACGTC-1,7,47.0,13.0,4,Cartilage_4,9,8,4
dataset1,TCTGATACCCAGTTCC-1,3,9.0,6.0,3,Cartilage_3,7,13,4
dataset1,TAGAGTAAGCTAACTT-1,1,41.0,48.0,7,Diencephalon_and_hindbrain,13,4,10
dataset1,GATCTTACGACCTTGA-1,4,27.0,9.0,4,Cartilage_4,9,13,13
dataset1,CCGAGAATAACCTGCG-1,3,25.0,50.0,2,Cartilage_2,6,13,4
dataset1,AGAGAAGGGATCTTAC-1,6,5.0,24.0,5,DPallm,11,5,9
dataset1,GCCGCAACACGGAGGC-1,1,24.0,30.0,13,Thalamus,10,4,1
dataset1,ACTATGCATCTGATAC-1,7,13.0,42.0,2,Cartilage_2,6,11,4
dataset1,GCCGCAACGCAGGTCC-1,1,24.0,11.0,7,Diencephalon_and_hindbrain,13,3,10
dataset1,ACTTAACCAGAGAAGG-1,1,44.0,46.0,8,Mesenchyme,8,11,12
dataset1,GCCATTCTCGACGCGA-1,1,34.0,39.0,7,Diencephalon_and_hindbrain,13,4,10
dataset1,TGGTCAGCTAGATCTA-1,6,14.0,31.0,6,DPallv,3,5,12
dataset1,ACTCAATAGAAGATCG-1,1,30.0,43.0,7,Diencephalon_and_hindbrain,13,4,10
dataset1,CGACGCGATGCCGGCA-1,6,12.0,34.0,5,DPallm,11,5,9
dataset1,GGTATGCTTAGAGTAA-1,3,2.0,10.0,3,Cartilage_3,7,13,4
dataset1,AATTAAGATAGAATTA-1,1,19.0,16.0,11,Subpallium_1,15,2,8
dataset1,AGAGAAGGGCCGCAAC-1,6,5.0,27.0,5,DPallm,11,5,9
dataset1,CCGAGAATTTGACTTC-1,1,25.0,18.0,7,Diencephalon_and_hindbrain,13,4,10
dataset1,AGAGAAGGGCCATTCT-1,6,5.0,17.0,5,DPallm,11,5,9
dataset1,GATCTTACTAGATCTA-1,1,27.0,31.0,7,Diencephalon_and_hindbrain,13,4,10
dataset1,CCGATTCCCTAAGAGA-1,4,47.0,20.0,2,Cartilage_2,6,11,4
dataset1,TTATTCATTCCGGCCT-1,1,18.0,45.0,8,Mesenchyme,8,5,9
dataset1,GATACGGAAATTAAGA-1,6,11.0,32.0,5,DPallm,11,5,9
dataset1,TGAGTCTGGCCATTCT-1,2,23.0,17.0,7,Diencephalon_and_hindbrain,13,3,10
dataset1,GAAGATCGCCGATTCC-1,4,8.0,4.0,3,Cartilage_3,7,13,4
dataset1,TGCCGGCATCTGATAC-1,6,17.0,42.0,5,DPallm,11,5,9
dataset1,TGGTCAGCTTATTCAT-1,6,14.0,33.0,6,DPallv,3,5,12
dataset1,TGCGGACCGGCTGAGC-1,4,22.0,3.0,4,Cartilage_4,9,8,4
dataset1,GGTATGCTCCGATTCC-1,4,2.0,4.0,3,Cartilage_3,7,8,4
dataset1,GCAGGTCCGATACGGA-1,4,40.0,40.0,7,Diencephalon_and_hindbrain,13,4,10
dataset1,GCCATTCTAATTAAGA-1,1,34.0,32.0,7,Diencephalon_and_hindbrain,13,4,13
dataset1,TGGTCAGCGCGTTGGA-1,1,14.0,23.0,11,Subpallium_1,15,2,8
dataset1,GCCGCAACGGCTGAGC-1,4,24.0,3.0,4,Cartilage_4,9,8,4
dataset1,CTAAGAGACTAAGAGA-1,1,31.0,20.0,8,Mesenchyme,8,11,13
dataset1,TGCGGACCTTACCGAG-1,1,22.0,35.0,8,Mesenchyme,8,5,13
dataset1,AATTAAGATCGGCCTT-1,2,19.0,12.0,11,Subpallium_1,15,2,8
dataset1,TCCGGCCTCGAACGCC-1,4,6.0,2.0,3,Cartilage_3,7,13,4
dataset1,ACGGAGGCGATACGGA-1,6,21.0,40.0,6,DPallv,3,5,12
dataset1,CGACGCGATGGTCAGC-1,6,12.0,37.0,5,DPallm,11,5,9
dataset1,CATACTCCAGAGCTAT-1,6,4.0,19.0,5,DPallm,11,5,9
dataset1,ATCATATTCTTGCGCC-1,1,15.0,14.0,11,Subpallium_1,15,2,8
dataset1,TTATTCATGCGTTGGA-1,7,18.0,23.0,11,Subpallium_1,15,2,8
dataset1,AACCTGCGACTCAATA-1,3,1.0,21.0,2,Cartilage_2,6,13,4
dataset1,ATAAGGAGTAGAATTA-1,7,50.0,16.0,4,Cartilage_4,9,8,4
dataset1,TGCCGGCATAGAGTAA-1,1,17.0,10.0,7,Diencephalon_and_hindbrain,13,3,8
dataset1,TGGTCAGCAGAACGTC-1,6,14.0,13.0,5,DPallm,11,5,9
dataset1,GGTATGCTACTTAACC-1,3,2.0,7.0,3,Cartilage_3,7,13,4
dataset1,TTATTCATGATCTTAC-1,1,18.0,24.0,11,Subpallium_1,15,2,8
dataset1,TTATTCATTAGAGTAA-1,2,18.0,10.0,11,Subpallium_1,15,3,8
dataset1,AGAGAAGGGACCTTGA-1,4,5.0,9.0,4,Cartilage_4,9,8,13
dataset1,TTGACTTCTTACCGAG-1,1,33.0,35.0,7,Diencephalon_and_hindbrain,13,4,10
dataset1,AGAGCTATGCCGCAAC-1,1,32.0,27.0,8,Mesenchyme,8,4,13
dataset1,AGAACGTCGGTACTGC-1,1,38.0,15.0,1,Cartilage_1,4,13,2
dataset1,GACCTTGACGACGCGA-1,1,42.0,39.0,7,Diencephalon_and_hindbrain,13,4,10
dataset1,GATACGGAAGAGCTAT-1,1,11.0,19.0,11,Subpallium_1,15,2,8
dataset1,TGCCGGCATGCGGACC-1,5,17.0,29.0,6,DPallv,3,6,12
dataset1,CTAAGAGATCCGGCCT-1,1,31.0,45.0,7,Diencephalon_and_hindbrain,13,4,10
dataset1,ACTATGCAAGAGCTAT-1,1,13.0,19.0,11,Subpallium_1,15,2,8
dataset1,GGCTGAGCTTACCGAG-1,1,48.0,35.0,7,Diencephalon_and_hindbrain,13,4,13
dataset1,TCGGCCTTTGAGTCTG-1,7,39.0,28.0,2,Cartilage_2,6,11,4
dataset1,GCTAACTTCCGAGAAT-1,3,3.0,26.0,3,Cartilage_3,7,13,4
dataset1,TGCCGGCACCAGTTCC-1,3,17.0,6.0,3,Cartilage_3,7,13,4
dataset1,TGCCGGCATGAGTCTG-1,5,17.0,28.0,12,Subpallium_2,16,7,7
dataset1,GCCGCAACCCAGTTCC-1,4,24.0,6.0,4,Cartilage_4,9,13,4
dataset1,TGAGTCTGGATCTTAC-1,7,23.0,24.0,7,Diencephalon_and_hindbrain,13,3,13
dataset1,AGAGCTATAACCTGCG-1,1,32.0,50.0,7,Diencephalon_and_hindbrain,13,4,10
dataset1,CGACGCGATAGATCTA-1,6,12.0,31.0,6,DPallv,3,5,12
dataset1,CCGATTCCTTATTCAT-1,1,47.0,33.0,7,Diencephalon_and_hindbrain,13,4,10
dataset1,GGTATGCTGCCGCAAC-1,7,2.0,27.0,3,Cartilage_3,7,8,13
dataset1,CCGAGAATACGGAGGC-1,1,25.0,30.0,7,Diencephalon_and_hindbrain,13,4,1
dataset1,GCCATTCTAGAACGTC-1,7,34.0,13.0,8,Mesenchyme,8,13,4
dataset1,GATCTTACGATCTTAC-1,1,27.0,24.0,8,Mesenchyme,8,3,13
dataset1,GCCATTCTAACCTGCG-1,1,34.0,50.0,7,Diencephalon_and_hindbrain,13,4,10
dataset1,CCGAGAATTAGAGTAA-1,1,25.0,10.0,7,Diencephalon_and_hindbrain,13,3,10
dataset1,TGAGTCTGTAGATCTA-1,1,23.0,31.0,13,Thalamus,10,4,1
dataset1,TCCTACCAAAGAAGCT-1,1,29.0,44.0,7,Diencephalon_and_hindbrain,13,4,10
dataset1,ACTATGCAACGGAGGC-1,6,13.0,30.0,6,DPallv,3,5,12
dataset1,TAGATCTATCCTACCA-1,1,20.0,22.0,7,Diencephalon_and_hindbrain,13,9,10
dataset1,TTACCGAGTCTGATAC-1,6,16.0,42.0,5,DPallm,11,5,9
dataset1,CTAAGAGATCGGCCTT-1,7,31.0,12.0,8,Mesenchyme,8,11,13
dataset1,ATCATATTCGAACGCC-1,4,15.0,2.0,3,Cartilage_3,7,13,4
dataset1,TAGATCTAGGTATGCT-1,1,20.0,49.0,2,Cartilage_2,6,13,4
dataset1,TTGACTTCGCGTTGGA-1,7,33.0,23.0,2,Cartilage_2,6,11,13
dataset1,TGAGTCTGGATACGGA-1,6,23.0,40.0,5,DPallm,11,5,9
dataset1,GATACGGACCGATTCC-1,3,11.0,4.0,3,Cartilage_3,7,13,4
dataset1,TAGAATTATGCCGGCA-1,1,35.0,34.0,7,Diencephalon_and_hindbrain,13,4,10
dataset1,TTACCGAGCCGAGAAT-1,1,16.0,26.0,11,Subpallium_1,15,2,8
dataset1,CGACGCGAACTTAACC-1,3,12.0,7.0,3,Cartilage_3,7,13,4
dataset1,CTGATGGTGGTATGCT-1,3,26.0,49.0,8,Mesenchyme,8,8,13
dataset1,GGCTGAGCAATTAAGA-1,1,48.0,32.0,7,Diencephalon_and_hindbrain,13,4,10
dataset1,AATTAAGACTAAGAGA-1,1,19.0,20.0,11,Subpallium_1,15,2,8
dataset1,GCCATTCTATCATATT-1,1,34.0,36.0,7,Diencephalon_and_hindbrain,13,4,10
dataset1,ACGGAGGCCCAGTTCC-1,0,21.0,6.0,10,Muscle,5,13,3
dataset1,GGCTGAGCAAGAAGCT-1,1,48.0,44.0,7,Diencephalon_and_hindbrain,13,4,13
dataset1,TTATCCGGGATACGGA-1,3,10.0,40.0,2,Cartilage_2,6,11,4
dataset1,TCCTACCATAGATCTA-1,1,29.0,31.0,7,Diencephalon_and_hindbrain,13,4,10
dataset1,GATACGGATAGAATTA-1,1,11.0,16.0,11,Subpallium_1,15,2,8
dataset1,GAAGATCGGATACGGA-1,1,8.0,40.0,2,Cartilage_2,6,11,4
dataset1,AATTAAGAGCTAACTT-1,1,19.0,48.0,2,Cartilage_2,6,11,4
dataset1,ATCATATTTTACCGAG-1,6,15.0,35.0,6,DPallv,3,5,12
dataset1,TGGTCAGCACTCAATA-1,1,14.0,21.0,11,Subpallium_1,15,2,8
dataset1,TTACCGAGTTGACTTC-1,1,16.0,18.0,11,Subpallium_1,15,2,8
dataset1,GACCTTGATCTGATAC-1,1,42.0,42.0,7,Diencephalon_and_hindbrain,13,4,10
dataset1,TGCGGACCAATTAAGA-1,5,22.0,32.0,8,Mesenchyme,8,10,12
dataset1,GCGTTGGAACGGAGGC-1,1,28.0,30.0,7,Diencephalon_and_hindbrain,13,4,13
dataset1,TCGGCCTTGCCATTCT-1,3,39.0,17.0,1,Cartilage_1,4,13,2
dataset1,TGCGGACCCTGATGGT-1,5,22.0,25.0,7,Diencephalon_and_hindbrain,13,11,10
dataset1,AGAGCTATCAACCGCT-1,7,32.0,8.0,1,Cartilage_1,4,13,2
dataset1,GCGTTGGATGGTCAGC-1,1,28.0,37.0,7,Diencephalon_and_hindbrain,13,4,10
dataset1,GCAGGTCCAATTAAGA-1,1,40.0,32.0,7,Diencephalon_and_hindbrain,13,4,10
dataset1,ACTCAATACTTGCGCC-1,1,30.0,14.0,7,Diencephalon_and_hindbrain,13,3,10
dataset1,ATCATATTTAGAATTA-1,1,15.0,16.0,11,Subpallium_1,15,2,8
dataset1,AACCTGCGGCCATTCT-1,3,1.0,17.0,3,Cartilage_3,7,11,4
dataset1,TTATTCATACCGCCAA-1,0,18.0,5.0,1,Cartilage_1,4,13,4
dataset1,GATCTTACACTCAATA-1,7,27.0,21.0,8,Mesenchyme,8,10,13
dataset1,TCTGATACAGAGCTAT-1,6,9.0,19.0,6,DPallv,3,5,12
dataset1,GATACGGACTAAGAGA-1,1,11.0,20.0,11,Subpallium_1,15,2,8
dataset1,GCAGGTCCTCGGCCTT-1,4,40.0,12.0,2,Cartilage_2,6,13,4
dataset1,CCGATTCCTGCCGGCA-1,5,47.0,34.0,7,Diencephalon_and_hindbrain,13,4,10
dataset1,GGCTGAGCTTATTCAT-1,1,48.0,33.0,7,Diencephalon_and_hindbrain,13,4,10
dataset1,CAACCGCTTTATCCGG-1,2,43.0,41.0,7,Diencephalon_and_hindbrain,13,4,10
dataset1,TAGAATTACATACTCC-1,1,35.0,47.0,7,Diencephalon_and_hindbrain,13,4,10
dataset1,TGAGTCTGGGTACTGC-1,1,23.0,15.0,7,Diencephalon_and_hindbrain,13,3,10
dataset1,TGCGGACCTCCGGCCT-1,6,22.0,45.0,5,DPallm,11,5,9
dataset1,GCGTTGGAACTCAATA-1,1,28.0,21.0,8,Mesenchyme,8,10,13
dataset1,CGACGCGATTGACTTC-1,1,12.0,18.0,11,Subpallium_1,15,2,8
dataset1,GCCGCAACTCCTACCA-1,7,24.0,22.0,7,Diencephalon_and_hindbrain,13,3,13
dataset1,CATACTCCTGAGTCTG-1,3,4.0,28.0,2,Cartilage_2,6,11,4
dataset1,AATTAAGATGGTCAGC-1,6,19.0,37.0,6,DPallv,3,5,12
dataset1,TTGACTTCCCGAGAAT-1,7,33.0,26.0,8,Mesenchyme,8,5,13
dataset1,ATAAGGAGAAGAAGCT-1,1,50.0,44.0,8,Mesenchyme,8,4,13
dataset1,GCAGGTCCTAGAATTA-1,3,40.0,16.0,2,Cartilage_2,6,8,4
dataset1,CTGATGGTTCGGCCTT-1,1,26.0,12.0,7,Diencephalon_and_hindbrain,13,3,10
dataset1,TGCGGACCTGCGGACC-1,1,22.0,29.0,13,Thalamus,10,4,1
dataset1,GCGTTGGACGACGCGA-1,1,28.0,39.0,7,Diencephalon_and_hindbrain,13,4,13
dataset1,GGTACTGCCTGATGGT-1,1,36.0,25.0,8,Mesenchyme,8,5,13
dataset1,TAGATCTATCCGGCCT-1,6,20.0,45.0,5,DPallm,11,5,9
dataset1,GCCGCAACCATACTCC-1,7,24.0,47.0,4,Cartilage_4,9,8,4
dataset1,CCGAGAATAATTAAGA-1,1,25.0,32.0,13,Thalamus,10,4,1
dataset1,GGCTGAGCCTTGCGCC-1,7,48.0,14.0,4,Cartilage_4,9,8,4
dataset1,TGCCGGCAAGAGAAGG-1,3,17.0,46.0,8,Mesenchyme,8,11,4
dataset1,GGTATGCTGGCTGAGC-1,4,2.0,3.0,4,Cartilage_4,9,8,4
dataset1,GCGTTGGAGATCTTAC-1,1,28.0,24.0,8,Mesenchyme,8,3,13
dataset1,CTAAGAGACCAGTTCC-1,3,31.0,6.0,1,Cartilage_1,4,13,4
dataset1,TGCCGGCAAAGAAGCT-1,6,17.0,44.0,5,DPallm,11,5,9
dataset1,AAGAAGCTTAGATCTA-1,6,7.0,31.0,5,DPallm,11,5,9
dataset1,CGAACGCCAAGAAGCT-1,1,49.0,44.0,7,Diencephalon_and_hindbrain,13,4,13
dataset1,ACTCAATAGGTACTGC-1,1,30.0,15.0,7,Diencephalon_and_hindbrain,13,3,10
dataset1,TTATTCATTGCGGACC-1,5,18.0,29.0,6,DPallv,3,11,12
dataset1,TGCCGGCAGAAGATCG-1,6,17.0,43.0,5,DPallm,11,5,9
dataset1,ACTATGCATTGACTTC-1,1,13.0,18.0,11,Subpallium_1,15,2,8
dataset1,CTTGCGCCAGAGCTAT-1,7,37.0,19.0,8,Mesenchyme,8,11,4
dataset1,TAGATCTAATAAGGAG-1,4,20.0,1.0,3,Cartilage_3,7,13,4
dataset1,TCCTACCATTATTCAT-1,1,29.0,33.0,7,Diencephalon_and_hindbrain,13,4,10
dataset1,CATACTCCTCGGCCTT-1,7,4.0,12.0,2,Cartilage_2,6,13,4
dataset1,TTGACTTCGACCTTGA-1,3,33.0,9.0,1,Cartilage_1,4,13,2
dataset1,CCGAGAATCCGATTCC-1,4,25.0,4.0,4,Cartilage_4,9,8,4
dataset1,TTATCCGGCCGATTCC-1,3,10.0,4.0,3,Cartilage_3,7,13,4
dataset1,GCAGGTCCTCCGGCCT-1,1,40.0,45.0,7,Diencephalon_and_hindbrain,13,4,10
dataset1,AGAACGTCTTATTCAT-1,5,38.0,33.0,7,Diencephalon_and_hindbrain,13,5,10
dataset1,ATAAGGAGACTCAATA-1,1,50.0,21.0,2,Cartilage_2,6,9,4
dataset1,AGAACGTCAATTAAGA-1,5,38.0,32.0,2,Cartilage_2,6,11,4
dataset1,CAACCGCTTGCGGACC-1,1,43.0,29.0,7,Diencephalon_and_hindbrain,13,4,10
dataset1,GACCTTGATAGAATTA-1,3,42.0,16.0,2,Cartilage_2,6,11,4
dataset1,TGAGTCTGATCATATT-1,1,23.0,36.0,8,Mesenchyme,8,5,13
dataset1,ACCGCCAACATACTCC-1,1,46.0,47.0,9,Midbrain,14,4,12
dataset1,CTGATGGTCTAAGAGA-1,1,26.0,20.0,7,Diencephalon_and_hindbrain,13,3,13
dataset1,AGAGAAGGCTTGCGCC-1,6,5.0,14.0,5,DPallm,11,5,9
dataset1,TCGGCCTTAGAGCTAT-1,7,39.0,19.0,1,Cartilage_1,4,13,2
dataset1,AGAGCTATGATCTTAC-1,7,32.0,24.0,8,Mesenchyme,8,11,13
dataset1,TTATCCGGTGCGGACC-1,6,10.0,29.0,5,DPallm,11,5,9
dataset1,CTTGCGCCTAGAGTAA-1,1,37.0,10.0,1,Cartilage_1,4,13,2
dataset1,TGGTCAGCCCGAGAAT-1,1,14.0,26.0,11,Subpallium_1,15,2,8
dataset1,ACTATGCAAAGAAGCT-1,4,13.0,44.0,2,Cartilage_2,6,13,4
dataset1,GATCTTACGCTAACTT-1,7,27.0,48.0,8,Mesenchyme,8,11,13
dataset1,TTATTCATTGCCGGCA-1,6,18.0,34.0,5,DPallm,11,5,9
dataset1,TAGATCTAACTTAACC-1,1,20.0,7.0,3,Cartilage_3,7,13,4
dataset1,GGCTGAGCTCTGATAC-1,5,48.0,42.0,7,Diencephalon_and_hindbrain,13,4,10
dataset1,GGTATGCTCGAACGCC-1,4,2.0,2.0,4,Cartilage_4,9,8,4
dataset1,TGCCGGCAACTCAATA-1,1,17.0,21.0,11,Subpallium_1,15,2,8
dataset1,TCTGATACGCCATTCT-1,6,9.0,17.0,6,DPallv,3,6,12
dataset1,ACTTAACCGATACGGA-1,1,44.0,40.0,7,Diencephalon_and_hindbrain,13,4,10
dataset1,ACTATGCAACTATGCA-1,6,13.0,38.0,5,DPallm,11,5,9
dataset1,CTAAGAGAGCTAACTT-1,1,31.0,48.0,7,Diencephalon_and_hindbrain,13,4,10
dataset1,GATCTTACTCCTACCA-1,7,27.0,22.0,8,Mesenchyme,8,11,13
dataset1,CTTGCGCCGCAGGTCC-1,1,37.0,11.0,1,Cartilage_1,4,13,2
dataset1,TGCCGGCAGCCATTCT-1,1,17.0,17.0,11,Subpallium_1,15,2,8
dataset1,GGTACTGCAGAACGTC-1,1,36.0,13.0,1,Cartilage_1,4,13,2
dataset1,GGTACTGCTGAGTCTG-1,1,36.0,28.0,8,Mesenchyme,8,11,4
dataset1,GCGTTGGATAGAGTAA-1,1,28.0,10.0,8,Mesenchyme,8,13,4
dataset1,GATCTTACGCGTTGGA-1,1,27.0,23.0,8,Mesenchyme,8,11,13
dataset1,CTGATGGTTCCGGCCT-1,4,26.0,45.0,8,Mesenchyme,8,11,13
dataset1,GCTAACTTACGGAGGC-1,4,3.0,30.0,8,Mesenchyme,8,13,4
dataset1,GCGTTGGATTATTCAT-1,1,28.0,33.0,13,Thalamus,10,4,1
dataset1,GGTACTGCACTCAATA-1,1,36.0,21.0,8,Mesenchyme,8,11,13
dataset1,CATACTCCAATTAAGA-1,1,4.0,32.0,2,Cartilage_2,6,11,4
dataset1,TAGATCTAACTCAATA-1,1,20.0,21.0,7,Diencephalon_and_hindbrain,13,3,10
dataset1,GCCATTCTTTATCCGG-1,1,34.0,41.0,7,Diencephalon_and_hindbrain,13,4,13
dataset1,ACGGAGGCTGGTCAGC-1,6,21.0,37.0,5,DPallm,11,5,9
dataset1,CAACCGCTTGAGTCTG-1,1,43.0,28.0,7,Diencephalon_and_hindbrain,13,4,10
dataset1,ACTTAACCTTATTCAT-1,1,44.0,33.0,7,Diencephalon_and_hindbrain,13,4,10
dataset1,ATCATATTTGGTCAGC-1,6,15.0,37.0,6,DPallv,3,5,12
dataset1,GCGTTGGAGCTAACTT-1,1,28.0,48.0,7,Diencephalon_and_hindbrain,13,4,13
dataset1,CCGAGAATGCCATTCT-1,1,25.0,17.0,7,Diencephalon_and_hindbrain,13,3,10
dataset1,TCCGGCCTCTAAGAGA-1,6,6.0,20.0,5,DPallm,11,5,9
dataset1,AAGAAGCTCCGAGAAT-1,6,7.0,26.0,5,DPallm,11,5,9
dataset1,TGGTCAGCATAAGGAG-1,4,14.0,1.0,3,Cartilage_3,7,13,4
dataset1,ACTATGCAGCCGCAAC-1,5,13.0,27.0,6,DPallv,3,6,12
dataset1,CTAAGAGATCCTACCA-1,5,31.0,22.0,2,Cartilage_2,6,11,10
dataset1,CAACCGCTCTGATGGT-1,1,43.0,25.0,8,Mesenchyme,8,11,4
dataset1,TGAGTCTGAAGAAGCT-1,6,23.0,44.0,5,DPallm,11,5,9
dataset1,ACTATGCAGCAGGTCC-1,1,13.0,11.0,5,DPallm,11,3,9
dataset1,GCTAACTTCCAGTTCC-1,3,3.0,6.0,3,Cartilage_3,7,13,4
dataset1,TGGTCAGCATCATATT-1,6,14.0,36.0,5,DPallm,11,5,9
dataset1,TCTGATACCTAAGAGA-1,6,9.0,20.0,6,DPallv,3,5,12
dataset1,CGACGCGATCCTACCA-1,1,12.0,22.0,11,Subpallium_1,15,2,8
dataset1,TCCTACCACGACGCGA-1,1,29.0,39.0,7,Diencephalon_and_hindbrain,13,4,13
dataset1,CTTGCGCCAATTAAGA-1,7,37.0,32.0,2,Cartilage_2,6,11,4
dataset1,TCCTACCATCTGATAC-1,1,29.0,42.0,7,Diencephalon_and_hindbrain,13,4,10
dataset1,TGAGTCTGTTGACTTC-1,1,23.0,18.0,7,Diencephalon_and_hindbrain,13,3,10
dataset1,CGACGCGACTTGCGCC-1,6,12.0,14.0,5,DPallm,11,3,9
dataset1,CTTGCGCCCATACTCC-1,1,37.0,47.0,7,Diencephalon_and_hindbrain,13,4,10
dataset1,GGCTGAGCAGAGAAGG-1,1,48.0,46.0,9,Midbrain,14,4,12
dataset1,TCCTACCAGCAGGTCC-1,7,29.0,11.0,8,Mesenchyme,8,11,4
dataset1,GATACGGAACTTAACC-1,3,11.0,7.0,3,Cartilage_3,7,8,4
dataset1,TAGAGTAATTACCGAG-1,1,41.0,35.0,7,Diencephalon_and_hindbrain,13,4,10
dataset1,CCAGTTCCTTATTCAT-1,1,45.0,33.0,7,Diencephalon_and_hindbrain,13,4,10
dataset1,CTGATGGTACTATGCA-1,1,26.0,38.0,8,Mesenchyme,8,11,13
dataset1,TCCGGCCTGCGTTGGA-1,6,6.0,23.0,5,DPallm,11,5,9
dataset1,CGAACGCCTCCGGCCT-1,7,49.0,45.0,9,Midbrain,14,4,12
dataset1,GGTACTGCGGTATGCT-1,1,36.0,49.0,7,Diencephalon_and_hindbrain,13,4,10
dataset1,GCAGGTCCCTGATGGT-1,3,40.0,25.0,2,Cartilage_2,6,11,4
dataset1,TTATTCATGCTAACTT-1,1,18.0,48.0,8,Mesenchyme,8,11,13
dataset1,AATTAAGACCGAGAAT-1,5,19.0,26.0,12,Subpallium_2,16,7,7
dataset1,TGAGTCTGCTAAGAGA-1,1,23.0,20.0,7,Diencephalon_and_hindbrain,13,3,10
dataset1,TAGAATTACTTGCGCC-1,7,35.0,14.0,2,Cartilage_2,6,13,4
dataset1,GATACGGAGCCGCAAC-1,6,11.0,27.0,6,DPallv,3,5,12
dataset1,GCCGCAACAATTAAGA-1,1,24.0,32.0,13,Thalamus,10,4,1
dataset1,ACCGCCAAAACCTGCG-1,9,46.0,50.0,8,Mesenchyme,8,11,13
dataset1,GATACGGACCAGTTCC-1,3,11.0,6.0,3,Cartilage_3,7,13,4
dataset1,ACGGAGGCCGAACGCC-1,4,21.0,2.0,3,Cartilage_3,7,13,4
dataset1,GCAGGTCCACGGAGGC-1,1,40.0,30.0,7,Diencephalon_and_hindbrain,13,4,10
dataset1,CATACTCCGCAGGTCC-1,7,4.0,11.0,4,Cartilage_4,9,8,4
dataset1,TAGAGTAAACTCAATA-1,3,41.0,21.0,1,Cartilage_1,4,13,2
dataset1,ATCATATTTGAGTCTG-1,5,15.0,28.0,12,Subpallium_2,16,7,7
dataset1,TGCCGGCATGCCGGCA-1,6,17.0,34.0,8,Mesenchyme,8,5,9
dataset1,GAAGATCGTTACCGAG-1,3,8.0,35.0,2,Cartilage_2,6,10,4
dataset1,TTACCGAGCTAAGAGA-1,1,16.0,20.0,11,Subpallium_1,15,2,8
dataset1,CTGATGGTTGCGGACC-1,1,26.0,29.0,7,Diencephalon_and_hindbrain,13,4,10
dataset1,CCAGTTCCACTCAATA-1,3,45.0,21.0,2,Cartilage_2,6,13,4
dataset1,GACCTTGAAGAGCTAT-1,1,42.0,19.0,2,Cartilage_2,6,11,4
dataset1,TAGATCTAGAAGATCG-1,6,20.0,43.0,5,DPallm,11,5,12
dataset1,AAGAAGCTTGCGGACC-1,6,7.0,29.0,5,DPallm,11,5,9
dataset1,CTTGCGCCGCCATTCT-1,3,37.0,17.0,3,Cartilage_3,7,8,4
dataset1,GCAGGTCCTTATCCGG-1,2,40.0,41.0,7,Diencephalon_and_hindbrain,13,4,10
dataset1,AATTAAGATGAGTCTG-1,5,19.0,28.0,6,DPallv,3,6,12
dataset1,GCAGGTCCTCCTACCA-1,3,40.0,22.0,3,Cartilage_3,7,13,4
dataset1,CTAAGAGACTTGCGCC-1,1,31.0,14.0,2,Cartilage_2,6,11,4
dataset1,GATCTTACGGTACTGC-1,1,27.0,15.0,7,Diencephalon_and_hindbrain,13,3,13
dataset1,AAGAAGCTGCCGCAAC-1,6,7.0,27.0,5,DPallm,11,5,9
dataset1,ATAAGGAGGATACGGA-1,1,50.0,40.0,7,Diencephalon_and_hindbrain,13,4,13
dataset1,TCTGATACGATCTTAC-1,6,9.0,24.0,6,DPallv,3,5,12
dataset1,TCCTACCACAACCGCT-1,4,29.0,8.0,4,Cartilage_4,9,8,4
dataset1,ACCGCCAAGGTACTGC-1,4,46.0,15.0,2,Cartilage_2,6,5,4
dataset1,ACCGCCAATCTGATAC-1,1,46.0,42.0,7,Diencephalon_and_hindbrain,13,4,13
dataset1,GGTACTGCAGAGCTAT-1,7,36.0,19.0,8,Mesenchyme,8,8,13
dataset1,AGAGCTATTCGGCCTT-1,4,32.0,12.0,8,Mesenchyme,8,11,13
dataset1,GGTACTGCAATTAAGA-1,1,36.0,32.0,7,Diencephalon_and_hindbrain,13,4,10
dataset1,TAGAATTATCGGCCTT-1,1,35.0,12.0,1,Cartilage_1,4,13,2
dataset1,AAGAAGCTAGAACGTC-1,6,7.0,13.0,5,DPallm,11,3,9
dataset1,TTACCGAGGCCGCAAC-1,5,16.0,27.0,11,Subpallium_1,15,2,8
dataset1,AATTAAGAATAAGGAG-1,4,19.0,1.0,3,Cartilage_3,7,13,4
dataset1,CCGAGAATCCGAGAAT-1,2,25.0,26.0,7,Diencephalon_and_hindbrain,13,3,10
dataset1,ACGGAGGCTTATTCAT-1,1,21.0,33.0,8,Mesenchyme,8,5,12
dataset1,CTGATGGTAATTAAGA-1,1,26.0,32.0,13,Thalamus,10,4,1
dataset1,ACGGAGGCAATTAAGA-1,5,21.0,32.0,8,Mesenchyme,8,5,12
dataset1,TAGAGTAATCTGATAC-1,1,41.0,42.0,7,Diencephalon_and_hindbrain,13,4,10
dataset1,TCTGATACCAACCGCT-1,7,9.0,8.0,4,Cartilage_4,9,8,4
dataset1,ATCATATTCCGATTCC-1,4,15.0,4.0,1,Cartilage_1,4,13,4
dataset1,CTGATGGTAAGAAGCT-1,7,26.0,44.0,8,Mesenchyme,8,11,4
dataset1,AAGAAGCTCCAGTTCC-1,9,7.0,6.0,3,Cartilage_3,7,13,4
dataset1,TGAGTCTGGCGTTGGA-1,2,23.0,23.0,7,Diencephalon_and_hindbrain,13,3,13
dataset1,ACCGCCAAACTCAATA-1,3,46.0,21.0,2,Cartilage_2,6,9,4
dataset1,GACCTTGAGGTACTGC-1,3,42.0,15.0,2,Cartilage_2,6,11,4
dataset1,TCCTACCATGCGGACC-1,1,29.0,29.0,7,Diencephalon_and_hindbrain,13,4,13
dataset1,TTGACTTCGCTAACTT-1,1,33.0,48.0,7,Diencephalon_and_hindbrain,13,4,10
dataset1,TTATTCATACGGAGGC-1,6,18.0,30.0,8,Mesenchyme,8,5,12
dataset1,GCAGGTCCTGAGTCTG-1,1,40.0,28.0,7,Diencephalon_and_hindbrain,13,4,10
dataset1,GCCATTCTTGGTCAGC-1,1,34.0,37.0,7,Diencephalon_and_hindbrain,13,4,10
dataset1,CCGAGAATCTGATGGT-1,1,25.0,25.0,7,Diencephalon_and_hindbrain,13,3,10
dataset1,TAGATCTACATACTCC-1,7,20.0,47.0,2,Cartilage_2,6,11,4
dataset1,CTTGCGCCACGGAGGC-1,7,37.0,30.0,2,Cartilage_2,6,11,4
dataset1,GGTATGCTACCGCCAA-1,4,2.0,5.0,3,Cartilage_3,7,13,4
dataset1,GCCATTCTTCCGGCCT-1,1,34.0,45.0,7,Diencephalon_and_hindbrain,13,4,13
dataset1,TGCGGACCTCGGCCTT-1,1,22.0,12.0,11,Subpallium_1,15,2,8
dataset1,CGACGCGAGATCTTAC-1,1,12.0,24.0,11,Subpallium_1,15,2,8
dataset1,GCAGGTCCAACCTGCG-1,1,40.0,50.0,7,Diencephalon_and_hindbrain,13,4,10
dataset1,TCGGCCTTAGAACGTC-1,1,39.0,13.0,2,Cartilage_2,6,13,4
dataset1,CCGATTCCTGCGGACC-1,1,47.0,29.0,7,Diencephalon_and_hindbrain,13,4,10
dataset1,GCTAACTTGCAGGTCC-1,7,3.0,11.0,3,Cartilage_3,7,13,4
dataset1,TAGATCTAGACCTTGA-1,1,20.0,9.0,11,Subpallium_1,15,3,8
dataset1,ACGGAGGCTAGAATTA-1,1,21.0,16.0,11,Subpallium_1,15,2,8
dataset1,CGAACGCCGATCTTAC-1,3,49.0,24.0,2,Cartilage_2,6,11,4
dataset1,GAAGATCGTAGAGTAA-1,4,8.0,10.0,3,Cartilage_3,7,13,4
dataset1,TGCCGGCAAATTAAGA-1,1,17.0,32.0,8,Mesenchyme,8,5,13
dataset1,TGCCGGCACTGATGGT-1,1,17.0,25.0,11,Subpallium_1,15,2,8
dataset1,CTAAGAGAACCGCCAA-1,7,31.0,5.0,3,Cartilage_3,7,13,4
dataset1,TGCGGACCTAGAATTA-1,1,22.0,16.0,7,Diencephalon_and_hindbrain,13,3,10
dataset1,GATCTTACAATTAAGA-1,1,27.0,32.0,13,Thalamus,10,4,1
dataset1,ACTCAATAGCCATTCT-1,1,30.0,17.0,7,Diencephalon_and_hindbrain,13,3,10
dataset1,CGACGCGAAGAGCTAT-1,1,12.0,19.0,11,Subpallium_1,15,2,8
dataset1,GCTAACTTCAACCGCT-1,4,3.0,8.0,3,Cartilage_3,7,13,4
dataset1,TTACCGAGGATCTTAC-1,1,16.0,24.0,11,Subpallium_1,15,2,8
dataset1,CCGAGAATTGCGGACC-1,2,25.0,29.0,7,Diencephalon_and_hindbrain,13,4,10
dataset1,ATCATATTTCCGGCCT-1,1,15.0,45.0,2,Cartilage_2,6,13,4
dataset1,CCGAGAATGCCGCAAC-1,1,25.0,27.0,7,Diencephalon_and_hindbrain,13,3,10
dataset1,GAAGATCGGCGTTGGA-1,6,8.0,23.0,5,DPallm,11,5,9
dataset1,AACCTGCGAGAACGTC-1,3,1.0,13.0,3,Cartilage_3,7,13,4
dataset1,TGAGTCTGACCGCCAA-1,3,23.0,5.0,4,Cartilage_4,9,13,4
dataset1,GCTAACTTGCGTTGGA-1,4,3.0,23.0,5,DPallm,11,5,9
dataset1,ACTATGCAGACCTTGA-1,7,13.0,9.0,5,DPallm,11,13,13
dataset1,ACCGCCAAAGAGCTAT-1,4,46.0,19.0,8,Mesenchyme,8,11,4
dataset1,TGCCGGCAATCATATT-1,5,17.0,36.0,6,DPallv,3,5,12
dataset1,TGCGGACCGCAGGTCC-1,1,22.0,11.0,7,Diencephalon_and_hindbrain,13,3,10
dataset1,AACCTGCGACTTAACC-1,3,1.0,7.0,3,Cartilage_3,7,13,4
dataset1,GCCATTCTACTCAATA-1,1,34.0,21.0,8,Mesenchyme,8,11,13
dataset1,GATACGGAACCGCCAA-1,3,11.0,5.0,3,Cartilage_3,7,13,4
dataset1,CGAACGCCTTATTCAT-1,1,49.0,33.0,7,Diencephalon_and_hindbrain,13,4,10
dataset1,TTGACTTCTCGGCCTT-1,4,33.0,12.0,8,Mesenchyme,8,13,4
dataset1,GCCATTCTAGAGAAGG-1,1,34.0,46.0,7,Diencephalon_and_hindbrain,13,4,10
dataset1,ATCATATTTTATTCAT-1,6,15.0,33.0,6,DPallv,3,5,12
dataset1,CGAACGCCACTCAATA-1,3,49.0,21.0,3,Cartilage_3,7,13,4
dataset1,ACTCAATAGATCTTAC-1,5,30.0,24.0,8,Mesenchyme,8,7,13
dataset1,TGGTCAGCACGGAGGC-1,6,14.0,30.0,6,DPallv,3,6,12
dataset1,GATACGGAGAAGATCG-1,4,11.0,43.0,2,Cartilage_2,6,5,4
dataset1,CGAACGCCAACCTGCG-1,7,49.0,50.0,3,Cartilage_3,7,13,4
dataset1,TTGACTTCCAACCGCT-1,3,33.0,8.0,1,Cartilage_1,4,13,2
dataset1,TGAGTCTGACTATGCA-1,1,23.0,38.0,5,DPallm,11,5,9
dataset1,TTGACTTCCTTGCGCC-1,4,33.0,14.0,8,Mesenchyme,8,11,13
dataset1,GCCGCAACCTTGCGCC-1,1,24.0,14.0,7,Diencephalon_and_hindbrain,13,3,13
dataset1,ACGGAGGCCTAAGAGA-1,1,21.0,20.0,7,Diencephalon_and_hindbrain,13,3,10
dataset1,ACTATGCATCGGCCTT-1,7,13.0,12.0,5,DPallm,11,3,9
dataset1,AGAACGTCTTATCCGG-1,1,38.0,41.0,7,Diencephalon_and_hindbrain,13,4,10
dataset1,TTACCGAGTAGAATTA-1,1,16.0,16.0,11,Subpallium_1,15,2,8
dataset1,ATCATATTCTGATGGT-1,1,15.0,25.0,11,Subpallium_1,15,2,8
dataset1,TCCGGCCTTTGACTTC-1,6,6.0,18.0,5,DPallm,11,5,9
dataset1,CCAGTTCCGCCATTCT-1,3,45.0,17.0,2,Cartilage_2,6,8,4
dataset1,CTTGCGCCGATACGGA-1,1,37.0,40.0,7,Diencephalon_and_hindbrain,13,4,10
dataset1,TGGTCAGCAAGAAGCT-1,3,14.0,44.0,2,Cartilage_2,6,11,4
dataset1,CGAACGCCACTATGCA-1,1,49.0,38.0,7,Diencephalon_and_hindbrain,13,4,10
dataset1,CTGATGGTGGTACTGC-1,1,26.0,15.0,7,Diencephalon_and_hindbrain,13,3,13
dataset1,GCGTTGGAACTTAACC-1,7,28.0,7.0,1,Cartilage_1,4,8,2
dataset1,AGAGAAGGGGCTGAGC-1,4,5.0,3.0,4,Cartilage_4,9,8,4
dataset1,GGCTGAGCACTATGCA-1,1,48.0,38.0,7,Diencephalon_and_hindbrain,13,4,10
dataset1,GCGTTGGAGGTACTGC-1,1,28.0,15.0,7,Diencephalon_and_hindbrain,13,3,13
dataset1,GCCGCAACTGAGTCTG-1,1,24.0,28.0,7,Diencephalon_and_hindbrain,13,4,10
dataset1,TGCGGACCACTATGCA-1,1,22.0,38.0,5,DPallm,11,5,9
dataset1,AGAGAAGGACGGAGGC-1,7,5.0,30.0,2,Cartilage_2,6,13,4
dataset1,AAGAAGCTGCCATTCT-1,6,7.0,17.0,5,DPallm,11,8,9
dataset1,AGAGAAGGCCGAGAAT-1,6,5.0,26.0,5,DPallm,11,5,9
dataset1,TAGATCTATGCCGGCA-1,1,20.0,34.0,8,Mesenchyme,8,5,13
dataset1,CGAACGCCAGAGAAGG-1,1,49.0,46.0,9,Midbrain,14,4,12
dataset1,GATACGGAGGCTGAGC-1,4,11.0,3.0,3,Cartilage_3,7,13,4
dataset1,GGTACTGCTCTGATAC-1,1,36.0,42.0,7,Diencephalon_and_hindbrain,13,4,10
dataset1,GCCATTCTTTGACTTC-1,1,34.0,18.0,8,Mesenchyme,8,11,13
dataset1,TTACCGAGACGGAGGC-1,5,16.0,30.0,6,DPallv,3,6,12
dataset1,ACCGCCAATGCCGGCA-1,1,46.0,34.0,7,Diencephalon_and_hindbrain,13,4,10
dataset1,TTACCGAGTCGGCCTT-1,1,16.0,12.0,7,Diencephalon_and_hindbrain,13,3,10
dataset1,CCGAGAATAGAACGTC-1,1,25.0,13.0,7,Diencephalon_and_hindbrain,13,3,13
dataset1,CCAGTTCCGAAGATCG-1,1,45.0,43.0,7,Diencephalon_and_hindbrain,13,4,13
dataset1,TCCGGCCTCCGATTCC-1,4,6.0,4.0,4,Cartilage_4,9,13,4
dataset1,TGCCGGCAGATCTTAC-1,1,17.0,24.0,11,Subpallium_1,15,2,8
dataset1,GCAGGTCCGCAGGTCC-1,0,40.0,11.0,10,Muscle,5,13,3
dataset1,GGCTGAGCTGCGGACC-1,5,48.0,29.0,7,Diencephalon_and_hindbrain,13,4,10
dataset1,CCAGTTCCTGCGGACC-1,1,45.0,29.0,7,Diencephalon_and_hindbrain,13,4,13
dataset1,TTGACTTCAAGAAGCT-1,1,33.0,44.0,7,Diencephalon_and_hindbrain,13,4,13
dataset1,TTATTCATGGTACTGC-1,1,18.0,15.0,11,Subpallium_1,15,2,8
dataset1,CGAACGCCTTACCGAG-1,1,49.0,35.0,7,Diencephalon_and_hindbrain,13,4,13
dataset1,CTTGCGCCACTCAATA-1,7,37.0,21.0,8,Mesenchyme,8,11,4
dataset1,GGCTGAGCTAGAATTA-1,4,48.0,16.0,4,Cartilage_4,9,13,13
dataset1,TAGAATTAAGAGAAGG-1,1,35.0,46.0,7,Diencephalon_and_hindbrain,13,4,10
dataset1,TAGATCTATTATCCGG-1,6,20.0,41.0,6,DPallv,3,5,12
dataset1,TCTGATACCGAACGCC-1,4,9.0,2.0,3,Cartilage_3,7,13,4
dataset1,AGAACGTCACTATGCA-1,1,38.0,38.0,7,Diencephalon_and_hindbrain,13,4,10
dataset1,ACGGAGGCTTATCCGG-1,6,21.0,41.0,6,DPallv,3,5,12
dataset1,GGTACTGCGACCTTGA-1,1,36.0,9.0,1,Cartilage_1,4,13,2
dataset1,ACTATGCACCGATTCC-1,3,13.0,4.0,3,Cartilage_3,7,13,4
dataset1,ACGGAGGCAGAGCTAT-1,1,21.0,19.0,7,Diencephalon_and_hindbrain,13,2,10
dataset1,CCAGTTCCTGCCGGCA-1,1,45.0,34.0,7,Diencephalon_and_hindbrain,13,4,10
dataset1,GCTAACTTACTTAACC-1,3,3.0,7.0,3,Cartilage_3,7,13,4
dataset1,TGCCGGCACTTGCGCC-1,1,17.0,14.0,11,Subpallium_1,15,2,8
dataset1,AGAACGTCGCAGGTCC-1,1,38.0,11.0,2,Cartilage_2,6,13,4
dataset1,GGTATGCTTTGACTTC-1,4,2.0,18.0,8,Mesenchyme,8,13,4
dataset1,TTGACTTCTGAGTCTG-1,1,33.0,28.0,8,Mesenchyme,8,4,13
dataset1,CCGAGAATGGTATGCT-1,7,25.0,49.0,3,Cartilage_3,7,11,4
dataset1,GCGTTGGAACTATGCA-1,1,28.0,38.0,7,Diencephalon_and_hindbrain,13,4,13
dataset1,CTAAGAGAACGGAGGC-1,1,31.0,30.0,7,Diencephalon_and_hindbrain,13,4,10
dataset1,GGTACTGCTTATTCAT-1,1,36.0,33.0,7,Diencephalon_and_hindbrain,13,4,13
dataset1,AACCTGCGGGTACTGC-1,3,1.0,15.0,3,Cartilage_3,7,13,4
dataset1,GGTACTGCGATACGGA-1,1,36.0,40.0,7,Diencephalon_and_hindbrain,13,4,10
dataset1,GCTAACTTTGAGTCTG-1,4,3.0,28.0,3,Cartilage_3,7,10,4
dataset1,TAGATCTAGCCGCAAC-1,5,20.0,27.0,6,DPallv,3,6,12
dataset1,CCAGTTCCTTGACTTC-1,4,45.0,18.0,2,Cartilage_2,6,11,4
dataset1,TCCTACCACTAAGAGA-1,1,29.0,20.0,7,Diencephalon_and_hindbrain,13,4,13
dataset1,CTAAGAGACTGATGGT-1,7,31.0,25.0,8,Mesenchyme,8,11,13
dataset1,AAGAAGCTCGAACGCC-1,4,7.0,2.0,3,Cartilage_3,7,13,4
dataset1,CATACTCCCCGAGAAT-1,6,4.0,26.0,5,DPallm,11,5,9
dataset1,CCGATTCCGAAGATCG-1,1,47.0,43.0,7,Diencephalon_and_hindbrain,13,4,13
dataset1,ACGGAGGCATAAGGAG-1,4,21.0,1.0,3,Cartilage_3,7,13,4
dataset1,CCAGTTCCTCCTACCA-1,1,45.0,22.0,2,Cartilage_2,6,3,4
dataset1,CCGAGAATAGAGAAGG-1,7,25.0,46.0,8,Mesenchyme,8,11,13
dataset1,GGCTGAGCGGTATGCT-1,1,48.0,49.0,8,Mesenchyme,8,11,12
dataset1,TGAGTCTGTCTGATAC-1,6,23.0,42.0,5,DPallm,11,5,9
dataset1,AGAACGTCAGAGAAGG-1,1,38.0,46.0,7,Diencephalon_and_hindbrain,13,4,10
dataset1,GCGTTGGATCGGCCTT-1,1,28.0,12.0,7,Diencephalon_and_hindbrain,13,3,10
dataset1,GGTACTGCTCGGCCTT-1,1,36.0,12.0,1,Cartilage_1,4,13,2
dataset1,AATTAAGAAATTAAGA-1,1,19.0,32.0,8,Mesenchyme,8,4,13
dataset1,CTAAGAGATGCGGACC-1,1,31.0,29.0,7,Diencephalon_and_hindbrain,13,4,10
dataset1,TGCCGGCAGCCGCAAC-1,5,17.0,27.0,12,Subpallium_2,16,3,8
dataset1,TTATTCATCCAGTTCC-1,3,18.0,6.0,3,Cartilage_3,7,13,4
dataset1,ACTTAACCAATTAAGA-1,1,44.0,32.0,7,Diencephalon_and_hindbrain,13,4,10
dataset1,CCGAGAATCGACGCGA-1,6,25.0,39.0,5,DPallm,11,5,9
dataset1,CCGATTCCTGGTCAGC-1,1,47.0,37.0,7,Diencephalon_and_hindbrain,13,4,10
dataset1,GATACGGAACTATGCA-1,6,11.0,38.0,5,DPallm,11,5,9
dataset1,TCCTACCATCGGCCTT-1,1,29.0,12.0,7,Diencephalon_and_hindbrain,13,3,10
dataset1,GCCATTCTTAGATCTA-1,1,34.0,31.0,7,Diencephalon_and_hindbrain,13,4,13
dataset1,GATACGGAAGAACGTC-1,6,11.0,13.0,5,DPallm,11,5,9
dataset1,CTGATGGTCCGATTCC-1,4,26.0,4.0,4,Cartilage_4,9,8,4
dataset1,GCTAACTTCGAACGCC-1,4,3.0,2.0,3,Cartilage_3,7,13,4
dataset1,CGAACGCCCCGAGAAT-1,1,49.0,26.0,7,Diencephalon_and_hindbrain,13,4,10
dataset1,GATACGGAGCAGGTCC-1,1,11.0,11.0,5,DPallm,11,3,9
dataset1,GGTACTGCAAGAAGCT-1,1,36.0,44.0,7,Diencephalon_and_hindbrain,13,4,10
dataset1,GATCTTACACTATGCA-1,1,27.0,38.0,8,Mesenchyme,8,4,13
dataset1,TAGATCTACGACGCGA-1,5,20.0,39.0,6,DPallv,3,5,12
dataset1,CTAAGAGATCTGATAC-1,1,31.0,42.0,7,Diencephalon_and_hindbrain,13,4,13
dataset1,TCCGGCCTTGCGGACC-1,6,6.0,29.0,5,DPallm,11,5,9
dataset1,AGAACGTCGATCTTAC-1,7,38.0,24.0,8,Mesenchyme,8,11,4
dataset1,GCCATTCTGGTATGCT-1,1,34.0,49.0,7,Diencephalon_and_hindbrain,13,4,10
dataset1,GCCGCAACGACCTTGA-1,1,24.0,9.0,11,Subpallium_1,15,3,8
dataset1,AGAACGTCAACCTGCG-1,1,38.0,50.0,7,Diencephalon_and_hindbrain,13,4,10
dataset1,TCGGCCTTTCGGCCTT-1,1,39.0,12.0,2,Cartilage_2,6,13,4
dataset1,TAGAATTAACTATGCA-1,1,35.0,38.0,7,Diencephalon_and_hindbrain,13,4,10
dataset1,ATCATATTTGCCGGCA-1,6,15.0,34.0,6,DPallv,3,5,12
dataset1,TCTGATACAATTAAGA-1,6,9.0,32.0,5,DPallm,11,5,9
dataset1,TTGACTTCGGTATGCT-1,1,33.0,49.0,7,Diencephalon_and_hindbrain,13,4,10
dataset1,CTTGCGCCCTGATGGT-1,1,37.0,25.0,8,Mesenchyme,8,5,10
dataset1,TCCTACCATGGTCAGC-1,1,29.0,37.0,7,Diencephalon_and_hindbrain,13,4,10
dataset1,TCCGGCCTACTCAATA-1,6,6.0,21.0,5,DPallm,11,5,9
dataset1,ACTATGCATGCGGACC-1,6,13.0,29.0,6,DPallv,3,5,12
dataset1,CTGATGGTACTCAATA-1,7,26.0,21.0,4,Cartilage_4,9,8,13
dataset1,ACGGAGGCGCAGGTCC-1,1,21.0,11.0,7,Diencephalon_and_hindbrain,13,3,8
dataset1,ACGGAGGCGCGTTGGA-1,4,21.0,23.0,7,Diencephalon_and_hindbrain,13,9,10
dataset1,GGCTGAGCGATCTTAC-1,3,48.0,24.0,2,Cartilage_2,6,11,4
dataset1,TTATCCGGGCGTTGGA-1,6,10.0,23.0,6,DPallv,3,5,12
dataset1,ATCATATTACGGAGGC-1,5,15.0,30.0,6,DPallv,3,6,12
dataset1,TTACCGAGTTATCCGG-1,6,16.0,41.0,5,DPallm,11,5,9
dataset1,CCGATTCCAATTAAGA-1,5,47.0,32.0,7,Diencephalon_and_hindbrain,13,4,10
dataset1,ACCGCCAAGCCATTCT-1,1,46.0,17.0,2,Cartilage_2,6,8,4
dataset1,AGAGAAGGAATTAAGA-1,1,5.0,32.0,2,Cartilage_2,6,11,4
dataset1,GCGTTGGACATACTCC-1,1,28.0,47.0,7,Diencephalon_and_hindbrain,13,4,10
dataset1,ATAAGGAGAGAGCTAT-1,4,50.0,19.0,8,Mesenchyme,8,11,13
dataset1,CGAACGCCTAGAATTA-1,7,49.0,16.0,4,Cartilage_4,9,8,13
dataset1,GCTAACTTGATCTTAC-1,7,3.0,24.0,2,Cartilage_2,6,11,4
dataset1,TAGATCTAACGGAGGC-1,6,20.0,30.0,8,Mesenchyme,8,5,12
dataset1,TAGATCTATGGTCAGC-1,6,20.0,37.0,5,DPallm,11,5,9
dataset1,CGACGCGAACGGAGGC-1,6,12.0,30.0,6,DPallv,3,5,12
dataset1,TCGGCCTTAAGAAGCT-1,1,39.0,44.0,7,Diencephalon_and_hindbrain,13,4,10
dataset1,TTACCGAGGAAGATCG-1,6,16.0,43.0,5,DPallm,11,5,9
dataset1,GAAGATCGCCGAGAAT-1,6,8.0,26.0,5,DPallm,11,5,9
dataset1,CTAAGAGATAGAGTAA-1,7,31.0,10.0,8,Mesenchyme,8,13,4
dataset1,AGAGAAGGTAGAATTA-1,6,5.0,16.0,5,DPallm,11,5,9
dataset1,CTAAGAGATAGAATTA-1,7,31.0,16.0,7,Diencephalon_and_hindbrain,13,3,10
dataset1,GACCTTGAGAAGATCG-1,1,42.0,43.0,7,Diencephalon_and_hindbrain,13,4,10
dataset1,TGCGGACCCCGATTCC-1,4,22.0,4.0,4,Cartilage_4,9,8,4
dataset1,TTATCCGGACGGAGGC-1,6,10.0,30.0,5,DPallm,11,5,9
dataset1,ATAAGGAGGGTATGCT-1,7,50.0,49.0,9,Midbrain,14,4,12
dataset1,GATACGGACTGATGGT-1,6,11.0,25.0,6,DPallv,3,5,12
dataset1,GCAGGTCCGCCGCAAC-1,7,40.0,27.0,2,Cartilage_2,6,11,4
dataset1,CATACTCCCTGATGGT-1,6,4.0,25.0,5,DPallm,11,5,9
dataset1,ACTTAACCCTTGCGCC-1,7,44.0,14.0,3,Cartilage_3,7,13,4
dataset1,AGAGAAGGACCGCCAA-1,3,5.0,5.0,3,Cartilage_3,7,13,4
dataset1,TTATTCATGCCATTCT-1,1,18.0,17.0,11,Subpallium_1,15,2,8
dataset1,AGAGCTATTCCGGCCT-1,1,32.0,45.0,7,Diencephalon_and_hindbrain,13,4,10
dataset1,TCCGGCCTGCCGCAAC-1,6,6.0,27.0,5,DPallm,11,5,9
dataset1,TCGGCCTTGGTACTGC-1,1,39.0,15.0,1,Cartilage_1,4,13,2
dataset1,CTAAGAGACATACTCC-1,2,31.0,47.0,7,Diencephalon_and_hindbrain,13,4,10
dataset1,ACTCAATATGCCGGCA-1,1,30.0,34.0,7,Diencephalon_and_hindbrain,13,4,10
dataset1,CCGATTCCTCCTACCA-1,3,47.0,22.0,2,Cartilage_2,6,11,4
dataset1,ATCATATTACTCAATA-1,1,15.0,21.0,11,Subpallium_1,15,2,8
dataset1,GGCTGAGCGCTAACTT-1,1,48.0,48.0,9,Midbrain,14,4,12
dataset1,TAGAATTATTACCGAG-1,1,35.0,35.0,7,Diencephalon_and_hindbrain,13,4,10
dataset1,TTACCGAGCAACCGCT-1,3,16.0,8.0,2,Cartilage_2,6,11,4
dataset1,CGAACGCCGCTAACTT-1,1,49.0,48.0,9,Midbrain,14,4,12
dataset1,AACCTGCGCTTGCGCC-1,3,1.0,14.0,3,Cartilage_3,7,13,4
dataset1,TGAGTCTGTCCTACCA-1,2,23.0,22.0,7,Diencephalon_and_hindbrain,13,3,10
dataset1,AGAACGTCTGCCGGCA-1,4,38.0,34.0,7,Diencephalon_and_hindbrain,13,4,10
dataset1,TCGGCCTTAACCTGCG-1,1,39.0,50.0,7,Diencephalon_and_hindbrain,13,4,10
dataset1,TCCTACCATCCGGCCT-1,1,29.0,45.0,7,Diencephalon_and_hindbrain,13,4,10
dataset1,GCAGGTCCTTGACTTC-1,1,40.0,18.0,1,Cartilage_1,4,13,2
dataset1,TTACCGAGTCCTACCA-1,1,16.0,22.0,11,Subpallium_1,15,2,8
dataset1,TTATTCATGCAGGTCC-1,1,18.0,11.0,7,Diencephalon_and_hindbrain,13,3,8
dataset1,AGAGAAGGTTATTCAT-1,1,5.0,33.0,8,Mesenchyme,8,11,13
dataset1,TAGAGTAAATCATATT-1,1,41.0,36.0,7,Diencephalon_and_hindbrain,13,4,10
dataset1,GCCGCAACGGTACTGC-1,1,24.0,15.0,7,Diencephalon_and_hindbrain,13,3,10
dataset1,TAGAATTACAACCGCT-1,1,35.0,8.0,1,Cartilage_1,4,13,2
dataset1,GCCGCAACCGAACGCC-1,4,24.0,2.0,10,Muscle,5,13,4
dataset1,CTAAGAGAGCAGGTCC-1,7,31.0,11.0,8,Mesenchyme,8,11,13
dataset1,TAGAATTATAGATCTA-1,1,35.0,31.0,7,Diencephalon_and_hindbrain,13,4,13
dataset1,TGCCGGCAGATACGGA-1,6,17.0,40.0,6,DPallv,3,5,12
dataset1,ACTTAACCTAGAATTA-1,3,44.0,16.0,2,Cartilage_2,6,8,4
dataset1,ACGGAGGCCTGATGGT-1,5,21.0,25.0,7,Diencephalon_and_hindbrain,13,11,10
dataset1,TCTGATACGCCGCAAC-1,6,9.0,27.0,5,DPallm,11,5,9
dataset1,AATTAAGAGCGTTGGA-1,7,19.0,23.0,8,Mesenchyme,8,2,13
dataset1,TGCCGGCATAGAATTA-1,1,17.0,16.0,11,Subpallium_1,15,2,8
dataset1,CTAAGAGATAGATCTA-1,1,31.0,31.0,7,Diencephalon_and_hindbrain,13,4,10
dataset1,CTGATGGTGGCTGAGC-1,4,26.0,3.0,4,Cartilage_4,9,8,4
dataset1,ACGGAGGCTAGATCTA-1,5,21.0,31.0,8,Mesenchyme,8,5,12
dataset1,TTATCCGGAATTAAGA-1,6,10.0,32.0,5,DPallm,11,5,9
dataset1,TTGACTTCGAAGATCG-1,1,33.0,43.0,7,Diencephalon_and_hindbrain,13,4,13
dataset1,TCCTACCACCGATTCC-1,4,29.0,4.0,4,Cartilage_4,9,8,4
dataset1,AATTAAGATCCTACCA-1,1,19.0,22.0,7,Diencephalon_and_hindbrain,13,2,10
dataset1,TTACCGAGCATACTCC-1,1,16.0,47.0,8,Mesenchyme,8,4,13
dataset1,AATTAAGAACCGCCAA-1,0,19.0,5.0,10,Muscle,5,13,4
dataset1,TCTGATACGGTACTGC-1,6,9.0,15.0,5,DPallm,11,5,9
dataset1,ACGGAGGCCGACGCGA-1,5,21.0,39.0,6,DPallv,3,5,12
dataset1,GCCATTCTAAGAAGCT-1,1,34.0,44.0,7,Diencephalon_and_hindbrain,13,4,13
dataset1,GCTAACTTTCCTACCA-1,6,3.0,22.0,5,DPallm,11,5,9
dataset1,AATTAAGAGGTACTGC-1,1,19.0,15.0,11,Subpallium_1,15,2,8
dataset1,ATCATATTGGCTGAGC-1,4,15.0,3.0,4,Cartilage_4,9,8,4
dataset1,ACTCAATAACTATGCA-1,1,30.0,38.0,7,Diencephalon_and_hindbrain,13,4,13
dataset1,ATCATATTTAGAGTAA-1,1,15.0,10.0,7,Diencephalon_and_hindbrain,13,3,10
dataset1,TCCTACCACCGAGAAT-1,1,29.0,26.0,8,Mesenchyme,8,3,13
dataset1,GCGTTGGAGCAGGTCC-1,1,28.0,11.0,7,Diencephalon_and_hindbrain,13,3,10
dataset1,ATAAGGAGAGAGAAGG-1,1,50.0,46.0,9,Midbrain,14,4,12
dataset1,TCCGGCCTGGCTGAGC-1,4,6.0,3.0,4,Cartilage_4,9,8,4
dataset1,AATTAAGACAACCGCT-1,4,19.0,8.0,2,Cartilage_2,6,13,4
dataset1,GATCTTACTTGACTTC-1,7,27.0,18.0,7,Diencephalon_and_hindbrain,13,4,13
dataset1,TCCGGCCTTGAGTCTG-1,6,6.0,28.0,5,DPallm,11,5,9
dataset1,CAACCGCTCCGAGAAT-1,1,43.0,26.0,7,Diencephalon_and_hindbrain,13,4,10
dataset1,GCGTTGGAGCCGCAAC-1,1,28.0,27.0,7,Diencephalon_and_hindbrain,13,4,13
dataset1,TTACCGAGACCGCCAA-1,3,16.0,5.0,3,Cartilage_3,7,13,4
dataset1,TCGGCCTTTTGACTTC-1,7,39.0,18.0,1,Cartilage_1,4,13,2
dataset1,AGAGCTATACTTAACC-1,7,32.0,7.0,1,Cartilage_1,4,13,2
dataset1,TTACCGAGGACCTTGA-1,7,16.0,9.0,11,Subpallium_1,15,13,8
dataset1,TAGAGTAATCGGCCTT-1,4,41.0,12.0,4,Cartilage_4,9,8,4
dataset1,CAACCGCTAAGAAGCT-1,7,43.0,44.0,7,Diencephalon_and_hindbrain,13,4,10
dataset1,GACCTTGACTTGCGCC-1,3,42.0,14.0,3,Cartilage_3,7,13,4
dataset1,AGAGAAGGTCGGCCTT-1,6,5.0,12.0,5,DPallm,11,5,9
dataset1,TGAGTCTGTAGAGTAA-1,2,23.0,10.0,11,Subpallium_1,15,3,8
dataset1,TGAGTCTGCTGATGGT-1,7,23.0,25.0,7,Diencephalon_and_hindbrain,13,3,13
dataset1,TGCGGACCTAGATCTA-1,1,22.0,31.0,13,Thalamus,10,4,1
dataset1,TAGAATTAGAAGATCG-1,1,35.0,43.0,7,Diencephalon_and_hindbrain,13,4,10
dataset1,ACCGCCAAAAGAAGCT-1,1,46.0,44.0,7,Diencephalon_and_hindbrain,13,3,13
dataset1,CAACCGCTACTATGCA-1,1,43.0,38.0,7,Diencephalon_and_hindbrain,13,4,10
dataset1,AGAGAAGGACTTAACC-1,4,5.0,7.0,3,Cartilage_3,7,13,4
dataset1,TGCCGGCACCGAGAAT-1,1,17.0,26.0,11,Subpallium_1,15,2,8
dataset1,CAACCGCTTGCCGGCA-1,1,43.0,34.0,7,Diencephalon_and_hindbrain,13,4,10
dataset1,ATCATATTTCCTACCA-1,1,15.0,22.0,11,Subpallium_1,15,2,8
dataset1,GGCTGAGCTAGATCTA-1,1,48.0,31.0,7,Diencephalon_and_hindbrain,13,4,10
dataset1,GAAGATCGCGAACGCC-1,4,8.0,2.0,3,Cartilage_3,7,13,4
dataset1,GGTATGCTGCCATTCT-1,7,2.0,17.0,2,Cartilage_2,6,8,4
dataset1,CCGATTCCTTACCGAG-1,1,47.0,35.0,7,Diencephalon_and_hindbrain,13,4,10
dataset1,TCGGCCTTCGACGCGA-1,2,39.0,39.0,7,Diencephalon_and_hindbrain,13,4,10
dataset1,GGCTGAGCACTCAATA-1,7,48.0,21.0,3,Cartilage_3,7,13,4
dataset1,TGGTCAGCGACCTTGA-1,4,14.0,9.0,5,DPallm,11,3,10
dataset1,CGAACGCCTAGATCTA-1,2,49.0,31.0,7,Diencephalon_and_hindbrain,13,4,10
dataset1,TAGAGTAAAACCTGCG-1,1,41.0,50.0,7,Diencephalon_and_hindbrain,13,4,10
dataset1,TCGGCCTTGCGTTGGA-1,7,39.0,23.0,8,Mesenchyme,8,11,4
dataset1,TAGAATTACTGATGGT-1,1,35.0,25.0,8,Mesenchyme,8,5,13
dataset1,GCTAACTTGGTACTGC-1,6,3.0,15.0,5,DPallm,11,5,9
dataset1,GCCATTCTTAGAGTAA-1,1,34.0,10.0,1,Cartilage_1,4,13,2
dataset1,CCAGTTCCCTTGCGCC-1,4,45.0,14.0,2,Cartilage_2,6,11,4
dataset1,TCCGGCCTTTATTCAT-1,3,6.0,33.0,2,Cartilage_2,6,11,4
dataset1,CCAGTTCCGCCGCAAC-1,1,45.0,27.0,7,Diencephalon_and_hindbrain,13,4,10
dataset1,TCCTACCATGCCGGCA-1,1,29.0,34.0,7,Diencephalon_and_hindbrain,13,4,10
dataset1,ACTCAATAGCGTTGGA-1,1,30.0,23.0,8,Mesenchyme,8,13,13
dataset1,ACCGCCAACCGAGAAT-1,1,46.0,26.0,7,Diencephalon_and_hindbrain,13,4,10
dataset1,TTATCCGGGATCTTAC-1,6,10.0,24.0,6,DPallv,3,5,12
dataset1,GGTATGCTGCGTTGGA-1,1,2.0,23.0,3,Cartilage_3,7,13,4
dataset1,TCCGGCCTAGAGCTAT-1,6,6.0,19.0,5,DPallm,11,5,9
dataset1,TTATTCATCGAACGCC-1,4,18.0,2.0,3,Cartilage_3,7,13,4
dataset1,TCGGCCTTCCGAGAAT-1,7,39.0,26.0,8,Mesenchyme,8,11,13
dataset1,AATTAAGAGACCTTGA-1,2,19.0,9.0,11,Subpallium_1,15,3,8
dataset1,TGCGGACCCGACGCGA-1,1,22.0,39.0,8,Mesenchyme,8,5,10
dataset1,GCAGGTCCAGAGCTAT-1,7,40.0,19.0,1,Cartilage_1,4,13,2
dataset1,GATACGGATAGAGTAA-1,1,11.0,10.0,7,Diencephalon_and_hindbrain,13,3,10
dataset1,AACCTGCGAGAGCTAT-1,4,1.0,19.0,8,Mesenchyme,8,11,4
dataset1,GCGTTGGATTACCGAG-1,1,28.0,35.0,7,Diencephalon_and_hindbrain,13,4,10
dataset1,CGAACGCCTGCGGACC-1,5,49.0,29.0,7,Diencephalon_and_hindbrain,13,4,10
dataset1,ATAAGGAGTCTGATAC-1,1,50.0,42.0,7,Diencephalon_and_hindbrain,13,4,13
dataset1,CCGATTCCTTATCCGG-1,1,47.0,41.0,7,Diencephalon_and_hindbrain,13,4,10
dataset1,GCAGGTCCCATACTCC-1,1,40.0,47.0,7,Diencephalon_and_hindbrain,13,4,10
dataset1,CCGATTCCACGGAGGC-1,1,47.0,30.0,7,Diencephalon_and_hindbrain,13,4,10
dataset1,GGTACTGCATCATATT-1,1,36.0,36.0,7,Diencephalon_and_hindbrain,13,4,10
dataset1,TAGAGTAATCCGGCCT-1,1,41.0,45.0,7,Diencephalon_and_hindbrain,13,4,10
dataset1,AACCTGCGGGCTGAGC-1,3,1.0,3.0,3,Cartilage_3,7,13,4
dataset1,GGTACTGCGCCATTCT-1,7,36.0,17.0,8,Mesenchyme,8,8,13
dataset1,GATCTTACAGAGCTAT-1,1,27.0,19.0,8,Mesenchyme,8,2,13
dataset1,ATCATATTGATCTTAC-1,1,15.0,24.0,11,Subpallium_1,15,2,8
dataset1,TAGAATTAGATACGGA-1,1,35.0,40.0,7,Diencephalon_and_hindbrain,13,4,13
dataset1,TGCCGGCATCCGGCCT-1,1,17.0,45.0,8,Mesenchyme,8,9,4
dataset1,GAAGATCGTGCGGACC-1,6,8.0,29.0,5,DPallm,11,5,9
dataset1,GCGTTGGAGAAGATCG-1,1,28.0,43.0,7,Diencephalon_and_hindbrain,13,4,10
dataset1,TAGAGTAATAGATCTA-1,1,41.0,31.0,7,Diencephalon_and_hindbrain,13,4,10
dataset1,TCGGCCTTGCCGCAAC-1,7,39.0,27.0,8,Mesenchyme,8,11,13
dataset1,GATCTTACTCCGGCCT-1,1,27.0,45.0,7,Diencephalon_and_hindbrain,13,4,10
dataset1,GCTAACTTTCGGCCTT-1,7,3.0,12.0,2,Cartilage_2,6,13,4
dataset1,GGTATGCTGCAGGTCC-1,3,2.0,11.0,3,Cartilage_3,7,13,4
dataset1,ATAAGGAGTGGTCAGC-1,1,50.0,37.0,7,Diencephalon_and_hindbrain,13,4,12
dataset1,AATTAAGACGAACGCC-1,4,19.0,2.0,3,Cartilage_3,7,13,4
dataset1,AGAGCTATTAGATCTA-1,1,32.0,31.0,7,Diencephalon_and_hindbrain,13,4,10
dataset1,GACCTTGAAAGAAGCT-1,1,42.0,44.0,7,Diencephalon_and_hindbrain,13,4,10
dataset1,TAGAATTATGAGTCTG-1,5,35.0,28.0,8,Mesenchyme,8,11,13
dataset1,GGTATGCTACTCAATA-1,7,2.0,21.0,2,Cartilage_2,6,13,4
dataset1,GGTACTGCTGCGGACC-1,1,36.0,29.0,8,Mesenchyme,8,11,4
dataset1,TGCCGGCAGCGTTGGA-1,1,17.0,23.0,11,Subpallium_1,15,2,8
dataset1,TTGACTTCACTCAATA-1,7,33.0,21.0,8,Mesenchyme,8,11,4
dataset1,TAGAGTAAAGAGAAGG-1,2,41.0,46.0,7,Diencephalon_and_hindbrain,13,4,10
dataset1,TAGATCTATAGATCTA-1,1,20.0,31.0,8,Mesenchyme,8,5,12
dataset1,TCGGCCTTTAGAATTA-1,3,39.0,16.0,1,Cartilage_1,4,13,2
dataset1,CTTGCGCCAGAACGTC-1,1,37.0,13.0,1,Cartilage_1,4,13,2
dataset1,AGAGAAGGTGAGTCTG-1,6,5.0,28.0,5,DPallm,11,5,9
dataset1,TTATTCATACTTAACC-1,3,18.0,7.0,3,Cartilage_3,7,13,4
dataset1,GAAGATCGCTGATGGT-1,6,8.0,25.0,5,DPallm,11,5,9
dataset1,ACTTAACCCGACGCGA-1,1,44.0,39.0,7,Diencephalon_and_hindbrain,13,4,10
dataset1,GCCGCAACACTTAACC-1,3,24.0,7.0,2,Cartilage_2,6,13,4
dataset1,TCGGCCTTTTATTCAT-1,2,39.0,33.0,7,Diencephalon_and_hindbrain,13,4,10
dataset1,CAACCGCTTTGACTTC-1,1,43.0,18.0,2,Cartilage_2,6,2,4
dataset1,CAACCGCTGATCTTAC-1,4,43.0,24.0,8,Mesenchyme,8,11,13
dataset1,GCCGCAACTAGAATTA-1,1,24.0,16.0,7,Diencephalon_and_hindbrain,13,3,10
dataset1,ATCATATTATCATATT-1,6,15.0,36.0,6,DPallv,3,5,12
dataset1,CCGATTCCAGAGAAGG-1,1,47.0,46.0,9,Midbrain,14,4,12
dataset1,GAAGATCGACTTAACC-1,4,8.0,7.0,4,Cartilage_4,9,8,4
dataset1,GACCTTGAACTCAATA-1,7,42.0,21.0,2,Cartilage_2,6,11,4
dataset1,GATCTTACGGCTGAGC-1,4,27.0,3.0,4,Cartilage_4,9,8,4
dataset1,TAGAATTATAGAATTA-1,1,35.0,16.0,8,Mesenchyme,8,3,13
dataset1,CTAAGAGACAACCGCT-1,7,31.0,8.0,1,Cartilage_1,4,13,2
dataset1,ATAAGGAGTGCCGGCA-1,1,50.0,34.0,7,Diencephalon_and_hindbrain,13,4,13
dataset1,CAACCGCTGGTACTGC-1,3,43.0,15.0,3,Cartilage_3,7,11,4
dataset1,CCGATTCCTTGACTTC-1,7,47.0,18.0,4,Cartilage_4,9,11,4
dataset1,GCGTTGGATCCTACCA-1,1,28.0,22.0,8,Mesenchyme,8,8,13
dataset1,TCCGGCCTCCGAGAAT-1,6,6.0,26.0,5,DPallm,11,5,9
dataset1,TGCCGGCAGACCTTGA-1,2,17.0,9.0,11,Subpallium_1,15,8,8
dataset1,GGCTGAGCCCGAGAAT-1,1,48.0,26.0,7,Diencephalon_and_hindbrain,13,4,10
dataset1,AATTAAGAGCCGCAAC-1,5,19.0,27.0,6,DPallv,3,6,12
dataset1,GCCATTCTAGAGCTAT-1,7,34.0,19.0,8,Mesenchyme,8,11,13
dataset1,AACCTGCGCGAACGCC-1,3,1.0,2.0,3,Cartilage_3,7,13,4
dataset1,GCCGCAACTGGTCAGC-1,6,24.0,37.0,5,DPallm,11,5,10
dataset1,CAACCGCTTCGGCCTT-1,4,43.0,12.0,4,Cartilage_4,9,8,4
dataset1,ACTATGCACTGATGGT-1,1,13.0,25.0,11,Subpallium_1,15,2,8
dataset1,CTTGCGCCTCCTACCA-1,1,37.0,22.0,8,Mesenchyme,8,11,4
dataset1,GCGTTGGATCCGGCCT-1,1,28.0,45.0,7,Diencephalon_and_hindbrain,13,4,10
dataset1,TCGGCCTTGACCTTGA-1,3,39.0,9.0,3,Cartilage_3,7,13,4
dataset1,TAGATCTATTACCGAG-1,1,20.0,35.0,8,Mesenchyme,8,5,13
dataset1,CTAAGAGAAGAGAAGG-1,2,31.0,46.0,7,Diencephalon_and_hindbrain,13,4,10
dataset1,ATCATATTAGAGCTAT-1,1,15.0,19.0,11,Subpallium_1,15,2,8
dataset1,CAACCGCTCATACTCC-1,7,43.0,47.0,2,Cartilage_2,6,4,4
dataset1,GACCTTGACTAAGAGA-1,3,42.0,20.0,2,Cartilage_2,6,11,4
dataset1,TGGTCAGCCAACCGCT-1,3,14.0,8.0,2,Cartilage_2,6,11,4
dataset1,GATACGGAACTCAATA-1,1,11.0,21.0,11,Subpallium_1,15,2,8
dataset1,ACCGCCAACTTGCGCC-1,4,46.0,14.0,4,Cartilage_4,9,13,4
dataset1,CAACCGCTCGACGCGA-1,1,43.0,39.0,7,Diencephalon_and_hindbrain,13,4,10
dataset1,GGCTGAGCTTGACTTC-1,7,48.0,18.0,4,Cartilage_4,9,11,13
dataset1,ATCATATTGCAGGTCC-1,1,15.0,11.0,7,Diencephalon_and_hindbrain,13,3,10
dataset1,TAGATCTAGCGTTGGA-1,7,20.0,23.0,8,Mesenchyme,8,6,13
dataset1,CTGATGGTGATACGGA-1,7,26.0,40.0,8,Mesenchyme,8,11,13
dataset1,TCGGCCTTTCCTACCA-1,1,39.0,22.0,8,Mesenchyme,8,11,4
dataset1,TAGATCTAGCTAACTT-1,1,20.0,48.0,2,Cartilage_2,6,8,4
dataset1,AGAGAAGGAGAACGTC-1,6,5.0,13.0,5,DPallm,11,5,9
dataset1,ACGGAGGCACTCAATA-1,1,21.0,21.0,7,Diencephalon_and_hindbrain,13,3,10
dataset1,CCGAGAATGCTAACTT-1,1,25.0,48.0,8,Mesenchyme,8,11,13
dataset1,TGGTCAGCAATTAAGA-1,6,14.0,32.0,6,DPallv,3,5,12
dataset1,TTACCGAGGCGTTGGA-1,1,16.0,23.0,11,Subpallium_1,15,2,8
dataset1,AAGAAGCTTTATTCAT-1,1,7.0,33.0,8,Mesenchyme,8,5,9
dataset1,TAGATCTAACTATGCA-1,5,20.0,38.0,6,DPallv,3,5,12
dataset1,TTACCGAGAATTAAGA-1,6,16.0,32.0,6,DPallv,3,5,12
dataset1,CGACGCGATTATCCGG-1,1,12.0,41.0,8,Mesenchyme,8,11,4
dataset1,ATCATATTTGCGGACC-1,5,15.0,29.0,12,Subpallium_2,16,6,12
dataset1,TTATCCGGTTATCCGG-1,1,10.0,41.0,8,Mesenchyme,8,11,13
dataset1,TTATCCGGTAGATCTA-1,6,10.0,31.0,5,DPallm,11,5,9
dataset1,CCAGTTCCGCGTTGGA-1,3,45.0,23.0,2,Cartilage_2,6,11,4
dataset1,GATACGGAATAAGGAG-1,4,11.0,1.0,3,Cartilage_3,7,13,4
dataset1,ACCGCCAAACTATGCA-1,1,46.0,38.0,7,Diencephalon_and_hindbrain,13,4,10
dataset1,CTTGCGCCGCCGCAAC-1,1,37.0,27.0,8,Mesenchyme,8,11,4
dataset1,TGAGTCTGTCCGGCCT-1,6,23.0,45.0,5,DPallm,11,5,9
dataset1,AATTAAGAACTTAACC-1,3,19.0,7.0,3,Cartilage_3,7,13,4
dataset1,CGAACGCCTGGTCAGC-1,1,49.0,37.0,7,Diencephalon_and_hindbrain,13,4,13
dataset1,AGAGCTATAGAGCTAT-1,1,32.0,19.0,8,Mesenchyme,8,11,4
dataset1,AAGAAGCTTGGTCAGC-1,3,7.0,37.0,2,Cartilage_2,6,11,4
dataset1,TTGACTTCGCCGCAAC-1,7,33.0,27.0,8,Mesenchyme,8,4,13
dataset1,ATCATATTACCGCCAA-1,7,15.0,5.0,3,Cartilage_3,7,13,4
dataset1,CTAAGAGAAACCTGCG-1,1,31.0,50.0,7,Diencephalon_and_hindbrain,13,4,10
dataset1,AAGAAGCTTGAGTCTG-1,6,7.0,28.0,5,DPallm,11,5,9
dataset1,TGCCGGCATGGTCAGC-1,5,17.0,37.0,6,DPallv,3,6,12
dataset1,AGAACGTCTCCTACCA-1,7,38.0,22.0,8,Mesenchyme,8,11,4
dataset1,CATACTCCTTATTCAT-1,1,4.0,33.0,8,Mesenchyme,8,11,13
dataset1,AGAACGTCTGCGGACC-1,4,38.0,29.0,8,Mesenchyme,8,11,13
dataset1,CTTGCGCCCCGAGAAT-1,1,37.0,26.0,8,Mesenchyme,8,5,12
dataset1,TTGACTTCTGCGGACC-1,1,33.0,29.0,7,Diencephalon_and_hindbrain,13,4,10
dataset1,TGCGGACCCCAGTTCC-1,0,22.0,6.0,10,Muscle,5,13,3
dataset1,GATACGGATAGATCTA-1,6,11.0,31.0,5,DPallm,11,5,9
dataset1,TTACCGAGAGAGAAGG-1,1,16.0,46.0,8,Mesenchyme,8,11,13
dataset1,TTATTCATATCATATT-1,6,18.0,36.0,8,Mesenchyme,8,5,12
dataset1,AGAACGTCCGACGCGA-1,1,38.0,39.0,7,Diencephalon_and_hindbrain,13,4,10
dataset1,TCCTACCACTGATGGT-1,1,29.0,25.0,8,Mesenchyme,8,3,13
dataset1,AGAACGTCAGAACGTC-1,3,38.0,13.0,1,Cartilage_1,4,13,2
dataset1,TGCGGACCGCGTTGGA-1,7,22.0,23.0,7,Diencephalon_and_hindbrain,13,3,10
dataset1,CGACGCGAGCGTTGGA-1,1,12.0,23.0,11,Subpallium_1,15,2,8
dataset1,TTGACTTCGCAGGTCC-1,1,33.0,11.0,8,Mesenchyme,8,13,4
dataset1,TCCTACCAAATTAAGA-1,1,29.0,32.0,7,Diencephalon_and_hindbrain,13,4,10
dataset1,GCCATTCTTGCCGGCA-1,1,34.0,34.0,7,Diencephalon_and_hindbrain,13,4,10
dataset1,CCGATTCCACTATGCA-1,1,47.0,38.0,7,Diencephalon_and_hindbrain,13,4,10
dataset1,GCCGCAACTTACCGAG-1,1,24.0,35.0,7,Diencephalon_and_hindbrain,13,4,10
dataset1,ACCGCCAACTAAGAGA-1,4,46.0,20.0,2,Cartilage_2,6,11,4
dataset1,ACTCAATATGGTCAGC-1,1,30.0,37.0,7,Diencephalon_and_hindbrain,13,4,10
dataset1,AGAACGTCTGGTCAGC-1,1,38.0,37.0,7,Diencephalon_and_hindbrain,13,4,10
dataset1,TAGAATTACCGAGAAT-1,1,35.0,26.0,8,Mesenchyme,8,5,13
dataset1,TCCTACCATGAGTCTG-1,1,29.0,28.0,7,Diencephalon_and_hindbrain,13,4,13
dataset1,GCCGCAACCCGAGAAT-1,1,24.0,26.0,7,Diencephalon_and_hindbrain,13,3,10
dataset1,TTACCGAGCCAGTTCC-1,3,16.0,6.0,3,Cartilage_3,7,13,4
dataset1,GCCATTCTTGAGTCTG-1,4,34.0,28.0,8,Mesenchyme,8,4,13
dataset1,GACCTTGAAGAACGTC-1,3,42.0,13.0,3,Cartilage_3,7,8,4
dataset1,GCCGCAACTCTGATAC-1,6,24.0,42.0,5,DPallm,11,5,9
dataset1,ATCATATTCATACTCC-1,1,15.0,47.0,8,Mesenchyme,8,4,13
dataset1,TGCGGACCTTATCCGG-1,5,22.0,41.0,6,DPallv,3,5,12
dataset1,AGAACGTCCCGAGAAT-1,7,38.0,26.0,8,Mesenchyme,8,11,13
dataset1,ACCGCCAAGATACGGA-1,1,46.0,40.0,7,Diencephalon_and_hindbrain,13,4,13
dataset1,ACCGCCAATTGACTTC-1,4,46.0,18.0,8,Mesenchyme,8,11,4
dataset1,GCCGCAACGATACGGA-1,6,24.0,40.0,5,DPallm,11,5,9
dataset1,AACCTGCGTAGAATTA-1,3,1.0,16.0,3,Cartilage_3,7,8,4
dataset1,CCGAGAATAGAGCTAT-1,1,25.0,19.0,7,Diencephalon_and_hindbrain,13,4,13
dataset1,TGCGGACCAGAACGTC-1,1,22.0,13.0,11,Subpallium_1,15,3,8
dataset1,CGAACGCCAGAGCTAT-1,4,49.0,19.0,4,Cartilage_4,9,8,13
dataset1,GGCTGAGCAGAGCTAT-1,4,48.0,19.0,4,Cartilage_4,9,13,13
dataset1,ACGGAGGCGGCTGAGC-1,4,21.0,3.0,4,Cartilage_4,9,8,4
dataset1,ACTTAACCACGGAGGC-1,1,44.0,30.0,7,Diencephalon_and_hindbrain,13,4,13
dataset1,TAGAATTATGGTCAGC-1,1,35.0,37.0,7,Diencephalon_and_hindbrain,13,4,10
dataset1,CATACTCCAGAACGTC-1,4,4.0,13.0,8,Mesenchyme,8,3,13
dataset1,ACGGAGGCTCTGATAC-1,6,21.0,42.0,6,DPallv,3,5,12
dataset1,CCGATTCCGCCGCAAC-1,1,47.0,27.0,7,Diencephalon_and_hindbrain,13,4,10
dataset1,TGCGGACCGAAGATCG-1,6,22.0,43.0,6,DPallv,3,5,12
dataset1,CTAAGAGAGCCATTCT-1,1,31.0,17.0,7,Diencephalon_and_hindbrain,13,3,10
dataset1,TGGTCAGCGCCATTCT-1,1,14.0,17.0,11,Subpallium_1,15,2,8
dataset1,CCGAGAATACTCAATA-1,7,25.0,21.0,7,Diencephalon_and_hindbrain,13,3,10
dataset1,CGACGCGACTAAGAGA-1,1,12.0,20.0,11,Subpallium_1,15,2,8
dataset1,TTATTCATATAAGGAG-1,4,18.0,1.0,3,Cartilage_3,7,13,4
dataset1,AGAGCTATCGACGCGA-1,1,32.0,39.0,7,Diencephalon_and_hindbrain,13,4,10
dataset1,TTACCGAGCCGATTCC-1,4,16.0,4.0,3,Cartilage_3,7,13,4
dataset1,GCAGGTCCGATCTTAC-1,3,40.0,24.0,2,Cartilage_2,6,11,4
dataset1,TCTGATACACTATGCA-1,3,9.0,38.0,2,Cartilage_2,6,11,4
dataset1,CAACCGCTCTTGCGCC-1,3,43.0,14.0,3,Cartilage_3,7,13,4
dataset1,GGTACTGCCCGAGAAT-1,1,36.0,26.0,8,Mesenchyme,8,5,13
dataset1,ACCGCCAATGGTCAGC-1,1,46.0,37.0,7,Diencephalon_and_hindbrain,13,4,10
dataset1,CCGAGAATCGAACGCC-1,4,25.0,2.0,4,Cartilage_4,9,8,4
dataset1,AGAACGTCTCTGATAC-1,1,38.0,42.0,7,Diencephalon_and_hindbrain,13,4,10
dataset1,GCAGGTCCGGTACTGC-1,1,40.0,15.0,2,Cartilage_2,6,8,4
dataset1,CGACGCGACAACCGCT-1,3,12.0,8.0,2,Cartilage_2,6,13,4
dataset1,AATTAAGAATCATATT-1,6,19.0,36.0,5,DPallm,11,5,9
dataset1,CTTGCGCCTGGTCAGC-1,1,37.0,37.0,7,Diencephalon_and_hindbrain,13,4,10
dataset1,TGGTCAGCGGTACTGC-1,1,14.0,15.0,11,Subpallium_1,15,2,8
dataset1,GATACGGAGATACGGA-1,1,11.0,40.0,2,Cartilage_2,6,11,4
dataset1,AGAACGTCTCCGGCCT-1,1,38.0,45.0,7,Diencephalon_and_hindbrain,13,4,13
dataset1,TAGAATTAGCTAACTT-1,1,35.0,48.0,7,Diencephalon_and_hindbrain,13,4,10
dataset1,TCGGCCTTTGCCGGCA-1,1,39.0,34.0,7,Diencephalon_and_hindbrain,13,4,10
dataset1,TCCGGCCTATAAGGAG-1,4,6.0,1.0,3,Cartilage_3,7,13,4
dataset1,GCCGCAACCAACCGCT-1,4,24.0,8.0,2,Cartilage_2,6,11,4
dataset1,TAGAGTAAAAGAAGCT-1,1,41.0,44.0,7,Diencephalon_and_hindbrain,13,4,10
dataset1,TGGTCAGCTTACCGAG-1,6,14.0,35.0,6,DPallv,3,5,12
dataset1,GCGTTGGATGCGGACC-1,1,28.0,29.0,7,Diencephalon_and_hindbrain,13,4,13
dataset1,ATAAGGAGGATCTTAC-1,1,50.0,24.0,2,Cartilage_2,6,10,4
dataset1,TCCTACCACATACTCC-1,1,29.0,47.0,7,Diencephalon_and_hindbrain,13,4,10
dataset1,GCGTTGGAACCGCCAA-1,7,28.0,5.0,1,Cartilage_1,4,8,4
dataset1,AGAGCTATCCGAGAAT-1,7,32.0,26.0,8,Mesenchyme,8,5,13
dataset1,GCCATTCTCAACCGCT-1,1,34.0,8.0,1,Cartilage_1,4,13,2
dataset1,CCGATTCCGCCATTCT-1,7,47.0,17.0,4,Cartilage_4,9,8,13
dataset1,CCAGTTCCATCATATT-1,1,45.0,36.0,7,Diencephalon_and_hindbrain,13,4,10
dataset1,GCCATTCTCTGATGGT-1,5,34.0,25.0,8,Mesenchyme,8,11,13
dataset1,GATCTTACTTACCGAG-1,1,27.0,35.0,13,Thalamus,10,4,1
dataset1,ACTCAATAACGGAGGC-1,1,30.0,30.0,7,Diencephalon_and_hindbrain,13,4,10
dataset1,AGAACGTCTGAGTCTG-1,7,38.0,28.0,8,Mesenchyme,8,11,13
dataset1,AAGAAGCTACCGCCAA-1,3,7.0,5.0,3,Cartilage_3,7,13,4
dataset1,AGAACGTCAAGAAGCT-1,1,38.0,44.0,7,Diencephalon_and_hindbrain,13,4,10
dataset1,AGAGCTATCATACTCC-1,1,32.0,47.0,7,Diencephalon_and_hindbrain,13,4,10
dataset1,GATCTTACGAAGATCG-1,1,27.0,43.0,7,Diencephalon_and_hindbrain,13,4,10
dataset1,GCAGGTCCGCCATTCT-1,3,40.0,17.0,1,Cartilage_1,4,8,2
dataset1,GCGTTGGAATCATATT-1,1,28.0,36.0,7,Diencephalon_and_hindbrain,13,4,10
dataset1,TCCTACCAAGAGCTAT-1,1,29.0,19.0,7,Diencephalon_and_hindbrain,13,4,13
dataset1,CCAGTTCCCATACTCC-1,8,45.0,47.0,8,Mesenchyme,8,11,12
dataset1,GAAGATCGCCAGTTCC-1,3,8.0,6.0,3,Cartilage_3,7,13,4
dataset1,TCCTACCATTGACTTC-1,1,29.0,18.0,7,Diencephalon_and_hindbrain,13,4,13
dataset1,AGAACGTCGCTAACTT-1,1,38.0,48.0,7,Diencephalon_and_hindbrain,13,4,10
dataset1,CCGAGAATTGAGTCTG-1,2,25.0,28.0,7,Diencephalon_and_hindbrain,13,3,10
dataset1,GAAGATCGTGCCGGCA-1,4,8.0,34.0,8,Mesenchyme,8,11,13
dataset1,CGACGCGAGCAGGTCC-1,1,12.0,11.0,5,DPallm,11,3,9
dataset1,AGAGCTATAAGAAGCT-1,2,32.0,44.0,7,Diencephalon_and_hindbrain,13,4,10
dataset1,GACCTTGAGCCGCAAC-1,5,42.0,27.0,7,Diencephalon_and_hindbrain,13,4,10
dataset1,GACCTTGATGAGTCTG-1,5,42.0,28.0,7,Diencephalon_and_hindbrain,13,4,10
dataset1,CTAAGAGAGATACGGA-1,1,31.0,40.0,7,Diencephalon_and_hindbrain,13,4,13
dataset1,GAAGATCGTGAGTCTG-1,6,8.0,28.0,5,DPallm,11,5,9
dataset1,CTGATGGTACTTAACC-1,3,26.0,7.0,2,Cartilage_2,6,8,4
dataset1,GACCTTGAAGAGAAGG-1,1,42.0,46.0,7,Diencephalon_and_hindbrain,13,4,10
dataset1,TAGATCTATTGACTTC-1,1,20.0,18.0,11,Subpallium_1,15,2,8
dataset1,TGAGTCTGGGCTGAGC-1,4,23.0,3.0,4,Cartilage_4,9,8,4
dataset1,TTATCCGGTGGTCAGC-1,1,10.0,37.0,5,DPallm,11,5,9
dataset1,GCCGCAACGATCTTAC-1,1,24.0,24.0,7,Diencephalon_and_hindbrain,13,3,13
dataset1,CGACGCGATCGGCCTT-1,1,12.0,12.0,5,DPallm,11,3,9
dataset1,TTATCCGGTGCCGGCA-1,6,10.0,34.0,5,DPallm,11,5,9
dataset1,AAGAAGCTCAACCGCT-1,4,7.0,8.0,4,Cartilage_4,9,8,4
dataset1,ACTTAACCACTATGCA-1,1,44.0,38.0,7,Diencephalon_and_hindbrain,13,4,10
dataset1,ACTTAACCCCGAGAAT-1,1,44.0,26.0,7,Diencephalon_and_hindbrain,13,4,10
dataset1,TCGGCCTTTTATCCGG-1,2,39.0,41.0,7,Diencephalon_and_hindbrain,13,4,10
dataset1,TTGACTTCTTGACTTC-1,1,33.0,18.0,8,Mesenchyme,8,11,4
dataset1,CTAAGAGAGAAGATCG-1,1,31.0,43.0,7,Diencephalon_and_hindbrain,13,4,10
dataset1,ACTCAATATCTGATAC-1,1,30.0,42.0,7,Diencephalon_and_hindbrain,13,4,10
dataset1,GCCGCAACTTATCCGG-1,6,24.0,41.0,5,DPallm,11,5,9
dataset1,ATCATATTAAGAAGCT-1,1,15.0,44.0,2,Cartilage_2,6,11,4
dataset1,GATACGGATTGACTTC-1,1,11.0,18.0,11,Subpallium_1,15,2,8
dataset1,TGCGGACCGATCTTAC-1,4,22.0,24.0,7,Diencephalon_and_hindbrain,13,3,10
dataset1,CCGATTCCAACCTGCG-1,7,47.0,50.0,8,Mesenchyme,8,11,13
dataset1,GGTACTGCACGGAGGC-1,4,36.0,30.0,8,Mesenchyme,8,6,13
dataset1,ATCATATTTCGGCCTT-1,6,15.0,12.0,5,DPallm,11,3,9
dataset1,CTAAGAGAACTTAACC-1,7,31.0,7.0,1,Cartilage_1,4,13,2
dataset1,GGTATGCTCCGAGAAT-1,7,2.0,26.0,8,Mesenchyme,8,3,13
dataset1,ACTCAATAGCAGGTCC-1,4,30.0,11.0,4,Cartilage_4,9,8,13
dataset1,TAGAGTAATAGAATTA-1,3,41.0,16.0,2,Cartilage_2,6,8,4
dataset1,CGACGCGAAATTAAGA-1,6,12.0,32.0,5,DPallm,11,5,9
dataset1,GACCTTGAAACCTGCG-1,7,42.0,50.0,7,Diencephalon_and_hindbrain,13,4,10
dataset1,ACGGAGGCTCCTACCA-1,1,21.0,22.0,7,Diencephalon_and_hindbrain,13,4,10
dataset1,GATCTTACCTAAGAGA-1,1,27.0,20.0,8,Mesenchyme,8,3,13
dataset1,TTATCCGGACCGCCAA-1,3,10.0,5.0,3,Cartilage_3,7,13,4
dataset1,GACCTTGATTGACTTC-1,1,42.0,18.0,2,Cartilage_2,6,2,4
dataset1,GATACGGAACGGAGGC-1,6,11.0,30.0,5,DPallm,11,5,9
dataset1,AACCTGCGATAAGGAG-1,4,1.0,1.0,3,Cartilage_3,7,13,4
dataset1,GATCTTACTTATCCGG-1,7,27.0,41.0,7,Diencephalon_and_hindbrain,13,4,13
dataset1,TGGTCAGCAGAGCTAT-1,1,14.0,19.0,11,Subpallium_1,15,2,8
dataset1,CATACTCCTCCTACCA-1,6,4.0,22.0,5,DPallm,11,5,9
dataset1,GCAGGTCCTTATTCAT-1,1,40.0,33.0,7,Diencephalon_and_hindbrain,13,4,10
dataset1,CTAAGAGATGAGTCTG-1,1,31.0,28.0,7,Diencephalon_and_hindbrain,13,4,10
dataset1,TCTGATACACTTAACC-1,3,9.0,7.0,4,Cartilage_4,9,8,4
dataset1,GACCTTGATAGAGTAA-1,0,42.0,10.0,10,Muscle,5,13,3
dataset1,CGACGCGAACTCAATA-1,1,12.0,21.0,11,Subpallium_1,15,2,8
dataset1,TGCCGGCACAACCGCT-1,3,17.0,8.0,2,Cartilage_2,6,8,4
dataset1,CTTGCGCCAAGAAGCT-1,1,37.0,44.0,7,Diencephalon_and_hindbrain,13,4,10
dataset1,TCCTACCAGCGTTGGA-1,1,29.0,23.0,8,Mesenchyme,8,11,13
dataset1,TCCTACCAGCCATTCT-1,1,29.0,17.0,7,Diencephalon_and_hindbrain,13,3,10
dataset1,GGCTGAGCGCCGCAAC-1,1,48.0,27.0,7,Diencephalon_and_hindbrain,13,4,10
dataset1,CTTGCGCCTTATCCGG-1,1,37.0,41.0,7,Diencephalon_and_hindbrain,13,4,10
dataset1,TAGAATTAGCCGCAAC-1,5,35.0,27.0,8,Mesenchyme,8,11,4
dataset1,TCGGCCTTTAGAGTAA-1,1,39.0,10.0,2,Cartilage_2,6,13,4
dataset1,TCGGCCTTATCATATT-1,1,39.0,36.0,7,Diencephalon_and_hindbrain,13,4,10
dataset1,ACCGCCAATCCGGCCT-1,1,46.0,45.0,9,Midbrain,14,4,13
dataset1,ATCATATTGCCGCAAC-1,1,15.0,27.0,11,Subpallium_1,15,2,8
dataset1,TTATCCGGCCGAGAAT-1,6,10.0,26.0,6,DPallv,3,5,12
dataset1,TGAGTCTGTTATCCGG-1,6,23.0,41.0,5,DPallm,11,5,9
dataset1,ACGGAGGCTTACCGAG-1,1,21.0,35.0,8,Mesenchyme,8,5,13
dataset1,AACCTGCGGCGTTGGA-1,7,1.0,23.0,3,Cartilage_3,7,13,4
dataset1,ACTCAATAGATACGGA-1,1,30.0,40.0,7,Diencephalon_and_hindbrain,13,4,13
dataset1,CCAGTTCCCTAAGAGA-1,4,45.0,20.0,2,Cartilage_2,6,9,4
dataset1,GCCATTCTGATACGGA-1,4,34.0,40.0,7,Diencephalon_and_hindbrain,13,4,13
dataset1,GAAGATCGGATCTTAC-1,6,8.0,24.0,5,DPallm,11,5,9
dataset1,TTACCGAGGATACGGA-1,6,16.0,40.0,5,DPallm,11,5,9
dataset1,TTATCCGGATAAGGAG-1,4,10.0,1.0,3,Cartilage_3,7,13,4
dataset1,AGAACGTCGGTATGCT-1,1,38.0,49.0,7,Diencephalon_and_hindbrain,13,4,10
dataset1,AGAGAAGGTGCCGGCA-1,4,5.0,34.0,8,Mesenchyme,8,3,13
dataset1,AGAGCTATTGCCGGCA-1,1,32.0,34.0,7,Diencephalon_and_hindbrain,13,4,10
dataset1,CCGATTCCCATACTCC-1,1,47.0,47.0,9,Midbrain,14,4,12
dataset1,ACTATGCATTATCCGG-1,6,13.0,41.0,5,DPallm,11,5,9
dataset1,AACCTGCGTAGAGTAA-1,3,1.0,10.0,3,Cartilage_3,7,13,4
dataset1,TCTGATACCCGAGAAT-1,6,9.0,26.0,5,DPallm,11,5,9
dataset1,CTGATGGTTTATCCGG-1,1,26.0,41.0,8,Mesenchyme,8,10,13
dataset1,AAGAAGCTCTAAGAGA-1,6,7.0,20.0,5,DPallm,11,3,9
dataset1,CTGATGGTTCTGATAC-1,1,26.0,42.0,2,Cartilage_2,6,11,4
dataset1,CCGAGAATCATACTCC-1,7,25.0,47.0,8,Mesenchyme,8,11,13
dataset1,CCAGTTCCTTACCGAG-1,1,45.0,35.0,7,Diencephalon_and_hindbrain,13,4,10
dataset1,GATACGGAATCATATT-1,6,11.0,36.0,5,DPallm,11,5,9
dataset1,ATCATATTCAACCGCT-1,4,15.0,8.0,2,Cartilage_2,6,13,4
dataset1,ACTCAATAAACCTGCG-1,1,30.0,50.0,7,Diencephalon_and_hindbrain,13,11,4
dataset1,TGAGTCTGAACCTGCG-1,0,23.0,50.0,2,Cartilage_2,6,13,4
dataset1,TAGAGTAAGCCATTCT-1,3,41.0,17.0,2,Cartilage_2,6,8,4
dataset1,CCGATTCCCCGAGAAT-1,1,47.0,26.0,7,Diencephalon_and_hindbrain,13,4,10
dataset1,TTATTCATTAGAATTA-1,1,18.0,16.0,11,Subpallium_1,15,2,8
dataset1,TGAGTCTGGACCTTGA-1,2,23.0,9.0,11,Subpallium_1,15,3,8
dataset1,TCTGATACCCGATTCC-1,4,9.0,4.0,3,Cartilage_3,7,13,4
dataset1,CTTGCGCCACTATGCA-1,1,37.0,38.0,7,Diencephalon_and_hindbrain,13,4,10
dataset1,TTACCGAGTGCGGACC-1,5,16.0,29.0,12,Subpallium_2,16,6,12
dataset1,TAGATCTATAGAGTAA-1,1,20.0,10.0,11,Subpallium_1,15,3,8
dataset1,GGCTGAGCGATACGGA-1,5,48.0,40.0,7,Diencephalon_and_hindbrain,13,4,10
dataset1,ACTATGCATAGATCTA-1,6,13.0,31.0,6,DPallv,3,5,12
dataset1,TCCTACCATCCTACCA-1,1,29.0,22.0,8,Mesenchyme,8,3,13
dataset1,ACGGAGGCCCGAGAAT-1,5,21.0,26.0,2,Cartilage_2,6,11,4
dataset1,CCGAGAATACTATGCA-1,1,25.0,38.0,8,Mesenchyme,8,5,13
dataset1,AAGAAGCTGGTACTGC-1,6,7.0,15.0,5,DPallm,11,5,9
dataset1,GCCATTCTTTACCGAG-1,1,34.0,35.0,7,Diencephalon_and_hindbrain,13,4,10
dataset1,GATCTTACCGACGCGA-1,1,27.0,39.0,8,Mesenchyme,8,4,13
dataset1,GCGTTGGAGCCATTCT-1,1,28.0,17.0,7,Diencephalon_and_hindbrain,13,3,13
dataset1,TCCTACCAACCGCCAA-1,3,29.0,5.0,1,Cartilage_1,4,13,4
dataset1,TGCGGACCCTTGCGCC-1,1,22.0,14.0,11,Subpallium_1,15,4,8
dataset1,CCAGTTCCAGAACGTC-1,7,45.0,13.0,4,Cartilage_4,9,8,4
dataset1,TTACCGAGTTATTCAT-1,6,16.0,33.0,6,DPallv,3,5,12
dataset1,TTATTCATCTGATGGT-1,1,18.0,25.0,11,Subpallium_1,15,2,8
dataset1,CCGATTCCCTGATGGT-1,5,47.0,25.0,0,Basal_plate_of_hindbrain,1,11,10
dataset1,GCGTTGGATTATCCGG-1,1,28.0,41.0,7,Diencephalon_and_hindbrain,13,4,10
dataset1,ACTCAATATTATCCGG-1,1,30.0,41.0,7,Diencephalon_and_hindbrain,13,4,13
dataset1,AACCTGCGCCAGTTCC-1,3,1.0,6.0,3,Cartilage_3,7,13,4
dataset1,CTGATGGTCTGATGGT-1,1,26.0,25.0,7,Diencephalon_and_hindbrain,13,3,10
dataset1,GATCTTACAAGAAGCT-1,1,27.0,44.0,7,Diencephalon_and_hindbrain,13,4,10
dataset1,CTGATGGTCAACCGCT-1,4,26.0,8.0,4,Cartilage_4,9,8,4
dataset1,TAGAGTAAGGTACTGC-1,3,41.0,15.0,2,Cartilage_2,6,11,4
dataset1,TTACCGAGATCATATT-1,6,16.0,36.0,6,DPallv,3,5,12
dataset1,TAGATCTAAATTAAGA-1,1,20.0,32.0,8,Mesenchyme,8,5,12
dataset1,ACGGAGGCCCGATTCC-1,4,21.0,4.0,4,Cartilage_4,9,8,4
dataset1,GACCTTGAATCATATT-1,2,42.0,36.0,7,Diencephalon_and_hindbrain,13,4,10
dataset1,GGCTGAGCCATACTCC-1,1,48.0,47.0,9,Midbrain,14,4,12
dataset1,CAACCGCTGAAGATCG-1,1,43.0,43.0,7,Diencephalon_and_hindbrain,13,4,10
dataset1,CTTGCGCCTTGACTTC-1,7,37.0,18.0,8,Mesenchyme,8,11,4
dataset1,GGTACTGCGAAGATCG-1,1,36.0,43.0,7,Diencephalon_and_hindbrain,13,4,10
dataset1,TGCCGGCAACCGCCAA-1,4,17.0,5.0,3,Cartilage_3,7,13,4
dataset1,GATCTTACCTTGCGCC-1,1,27.0,14.0,7,Diencephalon_and_hindbrain,13,3,13
dataset1,TGGTCAGCCTGATGGT-1,1,14.0,25.0,11,Subpallium_1,15,2,8
dataset1,CAACCGCTGATACGGA-1,1,43.0,40.0,7,Diencephalon_and_hindbrain,13,4,10
dataset1,CGACGCGATTATTCAT-1,6,12.0,33.0,5,DPallm,11,5,9
dataset1,GGCTGAGCTCCGGCCT-1,1,48.0,45.0,9,Midbrain,14,4,13
dataset1,TGCGGACCCATACTCC-1,7,22.0,47.0,2,Cartilage_2,6,6,4
dataset1,CAACCGCTGCCGCAAC-1,1,43.0,27.0,7,Diencephalon_and_hindbrain,13,4,10
dataset1,TCGGCCTTAGAGAAGG-1,1,39.0,46.0,7,Diencephalon_and_hindbrain,13,4,10
dataset1,TTATTCATGAAGATCG-1,6,18.0,43.0,5,DPallm,11,5,9
dataset1,ACTATGCACTAAGAGA-1,1,13.0,20.0,11,Subpallium_1,15,2,8
dataset1,CGACGCGATCTGATAC-1,3,12.0,42.0,2,Cartilage_2,6,11,4
dataset1,TGCGGACCAGAGAAGG-1,1,22.0,46.0,2,Cartilage_2,6,11,9
dataset1,GGTACTGCTTACCGAG-1,1,36.0,35.0,7,Diencephalon_and_hindbrain,13,4,10
dataset1,GCCGCAACACTCAATA-1,1,24.0,21.0,7,Diencephalon_and_hindbrain,13,3,10
dataset1,CCGATTCCTCTGATAC-1,1,47.0,42.0,7,Diencephalon_and_hindbrain,13,4,10
dataset1,CTTGCGCCATCATATT-1,1,37.0,36.0,7,Diencephalon_and_hindbrain,13,4,10
dataset1,GCAGGTCCTAGAGTAA-1,0,40.0,10.0,10,Muscle,5,13,3
dataset1,TCTGATACTTGACTTC-1,6,9.0,18.0,6,DPallv,3,5,12
dataset1,TTGACTTCCGACGCGA-1,1,33.0,39.0,7,Diencephalon_and_hindbrain,13,4,10
dataset1,TTGACTTCTTATTCAT-1,1,33.0,33.0,7,Diencephalon_and_hindbrain,13,4,10
dataset1,ACTTAACCTCCGGCCT-1,8,44.0,45.0,8,Mesenchyme,8,11,12
dataset1,ATCATATTCCAGTTCC-1,3,15.0,6.0,3,Cartilage_3,7,13,4
dataset1,GCCGCAACACCGCCAA-1,0,24.0,5.0,4,Cartilage_4,9,8,4
dataset1,TCCTACCAACGGAGGC-1,1,29.0,30.0,7,Diencephalon_and_hindbrain,13,4,13
dataset1,TAGAATTAGACCTTGA-1,1,35.0,9.0,1,Cartilage_1,4,13,2
dataset1,TTATTCATGATACGGA-1,6,18.0,40.0,6,DPallv,3,5,12
dataset1,AGAGCTATACTCAATA-1,7,32.0,21.0,8,Mesenchyme,8,11,13
dataset1,ACTTAACCTAGATCTA-1,1,44.0,31.0,7,Diencephalon_and_hindbrain,13,4,10
dataset1,CCGATTCCTGAGTCTG-1,1,47.0,28.0,7,Diencephalon_and_hindbrain,13,4,10
dataset1,GACCTTGAGATACGGA-1,1,42.0,40.0,7,Diencephalon_and_hindbrain,13,4,10
dataset1,AGAACGTCCTTGCGCC-1,1,38.0,14.0,1,Cartilage_1,4,13,2
dataset1,AGAGAAGGATCATATT-1,7,5.0,36.0,8,Mesenchyme,8,4,4
dataset1,TGCCGGCAACTTAACC-1,3,17.0,7.0,2,Cartilage_2,6,8,4
dataset1,AAGAAGCTACGGAGGC-1,6,7.0,30.0,5,DPallm,11,5,9
dataset1,TGGTCAGCACTTAACC-1,3,14.0,7.0,2,Cartilage_2,6,11,4
dataset1,TTATCCGGTCGGCCTT-1,6,10.0,12.0,5,DPallm,11,5,9
dataset1,TAGAATTAACTTAACC-1,4,35.0,7.0,4,Cartilage_4,9,13,4
dataset1,TGCCGGCATCGGCCTT-1,1,17.0,12.0,11,Subpallium_1,15,3,8
dataset1,GGCTGAGCTCCTACCA-1,3,48.0,22.0,2,Cartilage_2,6,11,4
dataset1,ATCATATTGACCTTGA-1,1,15.0,9.0,7,Diencephalon_and_hindbrain,13,3,10
dataset1,TGAGTCTGCCGATTCC-1,4,23.0,4.0,4,Cartilage_4,9,8,4
dataset1,CCGATTCCTAGATCTA-1,1,47.0,31.0,7,Diencephalon_and_hindbrain,13,4,10
dataset1,TAGATCTAGATCTTAC-1,1,20.0,24.0,11,Subpallium_1,15,4,8
dataset1,GGTACTGCCGACGCGA-1,1,36.0,39.0,7,Diencephalon_and_hindbrain,13,4,10
dataset1,TGCGGACCACCGCCAA-1,4,22.0,5.0,4,Cartilage_4,9,13,10
dataset1,AGAGCTATCTGATGGT-1,1,32.0,25.0,8,Mesenchyme,8,11,13
dataset1,CTAAGAGAGACCTTGA-1,1,31.0,9.0,8,Mesenchyme,8,13,4
dataset1,GATCTTACAACCTGCG-1,3,27.0,50.0,8,Mesenchyme,8,13,4
dataset1,GCGTTGGAAACCTGCG-1,3,28.0,50.0,8,Mesenchyme,8,13,13
dataset1,GCCATTCTACGGAGGC-1,1,34.0,30.0,7,Diencephalon_and_hindbrain,13,4,13
dataset1,ACTTAACCTGCGGACC-1,1,44.0,29.0,7,Diencephalon_and_hindbrain,13,4,13
dataset1,CCGAGAATTCCTACCA-1,1,25.0,22.0,8,Mesenchyme,8,11,13
dataset1,TAGAATTAGGTATGCT-1,1,35.0,49.0,7,Diencephalon_and_hindbrain,13,4,10
dataset1,AGAGAAGGTGCGGACC-1,1,5.0,29.0,8,Mesenchyme,8,5,4
dataset1,TCCTACCAGACCTTGA-1,4,29.0,9.0,4,Cartilage_4,9,8,4
dataset1,TTATCCGGCTAAGAGA-1,1,10.0,20.0,11,Subpallium_1,15,2,8
dataset1,GATCTTACATCATATT-1,1,27.0,36.0,7,Diencephalon_and_hindbrain,13,4,10
dataset1,CTAAGAGATTATCCGG-1,1,31.0,41.0,7,Diencephalon_and_hindbrain,13,4,13
dataset1,TAGATCTAAACCTGCG-1,7,20.0,50.0,2,Cartilage_2,6,13,4
dataset1,CCAGTTCCAGAGCTAT-1,9,45.0,19.0,2,Cartilage_2,6,11,4
dataset1,TCTGATACCTTGCGCC-1,6,9.0,14.0,5,DPallm,11,5,9
dataset1,GATCTTACAGAGAAGG-1,1,27.0,46.0,7,Diencephalon_and_hindbrain,13,4,10
dataset1,CCGAGAATTTATTCAT-1,1,25.0,33.0,13,Thalamus,10,4,1
dataset1,AGAACGTCTTACCGAG-1,1,38.0,35.0,7,Diencephalon_and_hindbrain,13,4,10
dataset1,CGAACGCCGCCATTCT-1,7,49.0,17.0,4,Cartilage_4,9,8,13
dataset1,ACGGAGGCTCCGGCCT-1,6,21.0,45.0,5,DPallm,11,5,9
dataset1,GATACGGACGAACGCC-1,3,11.0,2.0,3,Cartilage_3,7,13,4
dataset1,CTGATGGTGCGTTGGA-1,7,26.0,23.0,8,Mesenchyme,8,11,13
dataset1,CGAACGCCGATACGGA-1,1,49.0,40.0,7,Diencephalon_and_hindbrain,13,4,13
dataset1,ACTATGCAGGCTGAGC-1,4,13.0,3.0,3,Cartilage_3,7,13,4
dataset1,CGACGCGAGGTACTGC-1,1,12.0,15.0,11,Subpallium_1,15,2,8
dataset1,TGGTCAGCGCAGGTCC-1,1,14.0,11.0,5,DPallm,11,3,9
dataset1,GCCATTCTTCTGATAC-1,1,34.0,42.0,7,Diencephalon_and_hindbrain,13,4,13
dataset1,CTTGCGCCCGACGCGA-1,1,37.0,39.0,7,Diencephalon_and_hindbrain,13,4,10
dataset1,CCGAGAATTTACCGAG-1,1,25.0,35.0,13,Thalamus,10,4,1
dataset1,ACTCAATATAGATCTA-1,1,30.0,31.0,7,Diencephalon_and_hindbrain,13,4,10
dataset1,CGAACGCCGAAGATCG-1,1,49.0,43.0,7,Diencephalon_and_hindbrain,13,4,13
dataset1,GACCTTGACCGAGAAT-1,1,42.0,26.0,7,Diencephalon_and_hindbrain,13,11,10
dataset1,TCGGCCTTCTTGCGCC-1,3,39.0,14.0,2,Cartilage_2,6,13,4
dataset1,CGAACGCCTCTGATAC-1,1,49.0,42.0,7,Diencephalon_and_hindbrain,13,4,13
dataset1,ACTTAACCTGGTCAGC-1,1,44.0,37.0,7,Diencephalon_and_hindbrain,13,4,10
dataset1,CTTGCGCCGGTATGCT-1,1,37.0,49.0,7,Diencephalon_and_hindbrain,13,4,10
dataset1,GCCATTCTGGTACTGC-1,7,34.0,15.0,8,Mesenchyme,8,13,13
dataset1,TTGACTTCCTGATGGT-1,4,33.0,25.0,8,Mesenchyme,8,11,13
dataset1,GATACGGAGGTACTGC-1,6,11.0,15.0,5,DPallm,11,2,9
dataset1,CAACCGCTAGAGAAGG-1,7,43.0,46.0,2,Cartilage_2,6,11,4
dataset1,TGCGGACCAGAGCTAT-1,1,22.0,19.0,7,Diencephalon_and_hindbrain,13,4,10
dataset1,TCCGGCCTGCAGGTCC-1,4,6.0,11.0,8,Mesenchyme,8,8,4
dataset1,TGAGTCTGCGAACGCC-1,4,23.0,2.0,3,Cartilage_3,7,13,4
dataset1,TCGGCCTTTGGTCAGC-1,1,39.0,37.0,7,Diencephalon_and_hindbrain,13,4,10
dataset1,CAACCGCTTTACCGAG-1,1,43.0,35.0,7,Diencephalon_and_hindbrain,13,4,10
dataset1,CTAAGAGAGATCTTAC-1,7,31.0,24.0,8,Mesenchyme,8,9,13
dataset1,ACTTAACCGATCTTAC-1,4,44.0,24.0,8,Mesenchyme,8,11,13
dataset1,GGCTGAGCCTAAGAGA-1,7,48.0,20.0,8,Mesenchyme,8,13,4
dataset1,TGAGTCTGATAAGGAG-1,4,23.0,1.0,8,Mesenchyme,8,13,4
dataset1,ATCATATTGAAGATCG-1,6,15.0,43.0,5,DPallm,11,5,12
dataset1,GCAGGTCCTGGTCAGC-1,1,40.0,37.0,7,Diencephalon_and_hindbrain,13,4,10
dataset1,TCTGATACGCGTTGGA-1,6,9.0,23.0,6,DPallv,3,5,12
dataset1,TCGGCCTTGCAGGTCC-1,1,39.0,11.0,2,Cartilage_2,6,13,4
dataset1,AGAGAAGGCCGATTCC-1,4,5.0,4.0,4,Cartilage_4,9,13,4
dataset1,CGACGCGACCGAGAAT-1,5,12.0,26.0,6,DPallv,3,5,12
dataset1,CTTGCGCCTAGATCTA-1,7,37.0,31.0,2,Cartilage_2,6,11,4
dataset1,CCGAGAATGCAGGTCC-1,1,25.0,11.0,7,Diencephalon_and_hindbrain,13,3,10
dataset1,CTGATGGTTAGATCTA-1,1,26.0,31.0,7,Diencephalon_and_hindbrain,13,4,10
dataset1,TAGAGTAATAGAGTAA-1,0,41.0,10.0,10,Muscle,5,13,3
dataset1,TCCTACCAGCTAACTT-1,1,29.0,48.0,7,Diencephalon_and_hindbrain,13,4,10
dataset1,GATCTTACTAGAGTAA-1,7,27.0,10.0,7,Diencephalon_and_hindbrain,13,13,13
dataset1,GAAGATCGTAGATCTA-1,6,8.0,31.0,5,DPallm,11,5,9
dataset1,ACTATGCACCAGTTCC-1,3,13.0,6.0,3,Cartilage_3,7,13,4
dataset1,ACTATGCAGCCATTCT-1,1,13.0,17.0,11,Subpallium_1,15,2,8
dataset1,TTATTCATTTATCCGG-1,6,18.0,41.0,6,DPallv,3,5,12
dataset1,GATCTTACAGAACGTC-1,1,27.0,13.0,7,Diencephalon_and_hindbrain,13,3,10
dataset1,ACGGAGGCTGCGGACC-1,1,21.0,29.0,13,Thalamus,10,4,1
dataset1,TTGACTTCAGAACGTC-1,7,33.0,13.0,8,Mesenchyme,8,13,4
dataset1,ACTCAATATTATTCAT-1,1,30.0,33.0,7,Diencephalon_and_hindbrain,13,4,10
dataset1,CCGATTCCGCGTTGGA-1,1,47.0,23.0,2,Cartilage_2,6,11,4
dataset1,GATACGGACTTGCGCC-1,6,11.0,14.0,5,DPallm,11,5,9
dataset1,TGCCGGCAATAAGGAG-1,4,17.0,1.0,3,Cartilage_3,7,13,4
dataset1,TCTGATACATCATATT-1,1,9.0,36.0,2,Cartilage_2,6,11,4
dataset1,ACTCAATACGACGCGA-1,2,30.0,39.0,7,Diencephalon_and_hindbrain,13,4,13
dataset1,TGCGGACCACGGAGGC-1,1,22.0,30.0,13,Thalamus,10,4,1
dataset1,CGACGCGAGAAGATCG-1,7,12.0,43.0,2,Cartilage_2,6,4,4
dataset1,TCCGGCCTTAGAGTAA-1,7,6.0,10.0,4,Cartilage_4,9,8,13
dataset1,GCCATTCTGACCTTGA-1,1,34.0,9.0,1,Cartilage_1,4,13,2
dataset1,CTGATGGTGAAGATCG-1,7,26.0,43.0,2,Cartilage_2,6,11,4
dataset1,GGCTGAGCATCATATT-1,1,48.0,36.0,7,Diencephalon_and_hindbrain,13,4,13
dataset1,AATTAAGAACGGAGGC-1,6,19.0,30.0,8,Mesenchyme,8,5,12
dataset1,TCTGATACGATACGGA-1,1,9.0,40.0,2,Cartilage_2,6,11,4
dataset1,AATTAAGACCAGTTCC-1,3,19.0,6.0,3,Cartilage_3,7,13,4
dataset1,TGCGGACCTCTGATAC-1,6,22.0,42.0,6,DPallv,3,5,12
dataset1,CCAGTTCCGGTATGCT-1,4,45.0,49.0,8,Mesenchyme,8,4,13
dataset1,CAACCGCTAGAGCTAT-1,3,43.0,19.0,2,Cartilage_2,6,9,4
dataset1,TCCGGCCTAATTAAGA-1,7,6.0,32.0,2,Cartilage_2,6,13,4
dataset1,ACTATGCAGAAGATCG-1,4,13.0,43.0,2,Cartilage_2,6,13,4
dataset1,ACTCAATAGGTATGCT-1,1,30.0,49.0,7,Diencephalon_and_hindbrain,13,4,10
dataset1,CATACTCCGATCTTAC-1,6,4.0,24.0,5,DPallm,11,5,9
dataset1,GCCGCAACTCCGGCCT-1,7,24.0,45.0,2,Cartilage_2,6,11,4
dataset1,GGTACTGCACTATGCA-1,1,36.0,38.0,7,Diencephalon_and_hindbrain,13,4,10
dataset1,ACTATGCATGCCGGCA-1,6,13.0,34.0,5,DPallm,11,5,9
dataset1,GCCGCAACCTGATGGT-1,1,24.0,25.0,7,Diencephalon_and_hindbrain,13,3,13
dataset1,TAGAATTAACTCAATA-1,1,35.0,21.0,8,Mesenchyme,8,11,13
dataset1,GACCTTGATGGTCAGC-1,1,42.0,37.0,7,Diencephalon_and_hindbrain,13,4,10
dataset1,TGAGTCTGCCAGTTCC-1,0,23.0,6.0,10,Muscle,5,13,4
dataset1,TCCTACCAACTATGCA-1,1,29.0,38.0,7,Diencephalon_and_hindbrain,13,4,13
dataset1,ACGGAGGCAGAACGTC-1,1,21.0,13.0,11,Subpallium_1,15,2,8
dataset1,ACTATGCACGAACGCC-1,4,13.0,2.0,3,Cartilage_3,7,13,4
dataset1,ACTCAATAAGAACGTC-1,1,30.0,13.0,7,Diencephalon_and_hindbrain,13,3,10
dataset1,CCGAGAATTGGTCAGC-1,1,25.0,37.0,8,Mesenchyme,8,11,4
dataset1,GCTAACTTATAAGGAG-1,4,3.0,1.0,4,Cartilage_4,9,13,4
dataset1,CCGATTCCACTCAATA-1,3,47.0,21.0,2,Cartilage_2,6,9,4
dataset1,TTGACTTCGCCATTCT-1,7,33.0,17.0,2,Cartilage_2,6,11,4
dataset1,CAACCGCTTAGATCTA-1,1,43.0,31.0,7,Diencephalon_and_hindbrain,13,4,10
dataset1,GACCTTGAAATTAAGA-1,1,42.0,32.0,7,Diencephalon_and_hindbrain,13,4,10
dataset1,TTATTCATTTACCGAG-1,6,18.0,35.0,5,DPallm,11,5,9
dataset1,TTATTCATAGAGAAGG-1,1,18.0,46.0,2,Cartilage_2,6,11,4
dataset1,TAGAATTATGCGGACC-1,5,35.0,29.0,7,Diencephalon_and_hindbrain,13,4,10
dataset1,GAAGATCGACTATGCA-1,3,8.0,38.0,2,Cartilage_2,6,13,4
dataset1,CTGATGGTTAGAATTA-1,1,26.0,16.0,7,Diencephalon_and_hindbrain,13,3,13
dataset1,TGCGGACCGACCTTGA-1,2,22.0,9.0,11,Subpallium_1,15,13,8
dataset1,TAGATCTAATCATATT-1,6,20.0,36.0,5,DPallm,11,5,9
dataset1,AACCTGCGTTGACTTC-1,3,1.0,18.0,3,Cartilage_3,7,11,4
dataset1,TTATCCGGACTTAACC-1,3,10.0,7.0,3,Cartilage_3,7,8,4
dataset1,GGCTGAGCTGAGTCTG-1,1,48.0,28.0,7,Diencephalon_and_hindbrain,13,4,10
dataset1,GATCTTACCCGATTCC-1,4,27.0,4.0,4,Cartilage_4,9,8,4
dataset1,TTACCGAGACTATGCA-1,6,16.0,38.0,6,DPallv,3,5,12
dataset1,TTGACTTCTGGTCAGC-1,1,33.0,37.0,7,Diencephalon_and_hindbrain,13,4,10
dataset1,GATACGGAGACCTTGA-1,4,11.0,9.0,7,Diencephalon_and_hindbrain,13,11,10
dataset1,GGTACTGCACTTAACC-1,4,36.0,7.0,4,Cartilage_4,9,13,4
dataset1,GCCATTCTACTATGCA-1,1,34.0,38.0,7,Diencephalon_and_hindbrain,13,4,10
dataset1,GATCTTACTGCCGGCA-1,1,27.0,34.0,13,Thalamus,10,4,1
dataset1,TCGGCCTTTTACCGAG-1,1,39.0,35.0,7,Diencephalon_and_hindbrain,13,4,10
dataset1,TCCGGCCTTGGTCAGC-1,1,6.0,37.0,2,Cartilage_2,6,4,4
dataset1,TAGATCTAGATACGGA-1,5,20.0,40.0,6,DPallv,3,5,12
dataset1,ACTCAATAGCCGCAAC-1,1,30.0,27.0,7,Diencephalon_and_hindbrain,13,4,13
dataset1,TCTGATACTCCTACCA-1,6,9.0,22.0,6,DPallv,3,5,12
dataset1,TTGACTTCCCAGTTCC-1,4,33.0,6.0,4,Cartilage_4,9,13,4
dataset1,CCAGTTCCACTATGCA-1,1,45.0,38.0,7,Diencephalon_and_hindbrain,13,4,10
dataset1,TTGACTTCCTAAGAGA-1,7,33.0,20.0,8,Mesenchyme,8,11,4
dataset1,AATTAAGAAGAACGTC-1,1,19.0,13.0,11,Subpallium_1,15,2,8
dataset1,CTTGCGCCGATCTTAC-1,1,37.0,24.0,8,Mesenchyme,8,5,10
dataset1,CGAACGCCTGAGTCTG-1,2,49.0,28.0,7,Diencephalon_and_hindbrain,13,4,10
dataset1,TGGTCAGCGATCTTAC-1,1,14.0,24.0,11,Subpallium_1,15,2,8
dataset1,ACTTAACCTCGGCCTT-1,0,44.0,12.0,10,Muscle,5,8,4
dataset1,AGAGCTATGACCTTGA-1,3,32.0,9.0,1,Cartilage_1,4,13,2
dataset1,GCCGCAACTGCGGACC-1,2,24.0,29.0,7,Diencephalon_and_hindbrain,13,4,10
dataset1,TGCGGACCCAACCGCT-1,1,22.0,8.0,2,Cartilage_2,6,13,4
dataset1,TGCGGACCGCCGCAAC-1,2,22.0,27.0,7,Diencephalon_and_hindbrain,13,4,10
dataset1,CAACCGCTGCTAACTT-1,7,43.0,48.0,7,Diencephalon_and_hindbrain,13,4,13
dataset1,GCCGCAACGCTAACTT-1,7,24.0,48.0,2,Cartilage_2,6,8,4
dataset1,TTATTCATCTAAGAGA-1,1,18.0,20.0,11,Subpallium_1,15,2,8
dataset1,CCGAGAATGATCTTAC-1,1,25.0,24.0,7,Diencephalon_and_hindbrain,13,3,13
dataset1,CGAACGCCGCGTTGGA-1,1,49.0,23.0,2,Cartilage_2,6,3,4
dataset1,ACTTAACCGCGTTGGA-1,7,44.0,23.0,2,Cartilage_2,6,11,4
dataset1,CTGATGGTCCGAGAAT-1,2,26.0,26.0,7,Diencephalon_and_hindbrain,13,3,10
dataset1,GCGTTGGACAACCGCT-1,4,28.0,8.0,4,Cartilage_4,9,8,4
dataset1,CTGATGGTTGAGTCTG-1,2,26.0,28.0,7,Diencephalon_and_hindbrain,13,8,10
dataset1,GCAGGTCCGCTAACTT-1,1,40.0,48.0,7,Diencephalon_and_hindbrain,13,4,10
dataset1,TGGTCAGCCCGATTCC-1,4,14.0,4.0,4,Cartilage_4,9,13,4
dataset1,TAGAATTAAATTAAGA-1,1,35.0,32.0,7,Diencephalon_and_hindbrain,13,4,13
dataset1,TTGACTTCACGGAGGC-1,1,33.0,30.0,7,Diencephalon_and_hindbrain,13,4,13
dataset1,CTAAGAGAAAGAAGCT-1,2,31.0,44.0,7,Diencephalon_and_hindbrain,13,3,10
dataset1,GACCTTGAGCCATTCT-1,3,42.0,17.0,2,Cartilage_2,6,10,4
dataset1,AGAGCTATGCGTTGGA-1,7,32.0,23.0,7,Diencephalon_and_hindbrain,13,11,13
dataset1,GCCGCAACAGAGCTAT-1,1,24.0,19.0,7,Diencephalon_and_hindbrain,13,3,10
dataset1,GACCTTGATTATTCAT-1,1,42.0,33.0,7,Diencephalon_and_hindbrain,13,4,10
dataset1,TAGATCTACTGATGGT-1,5,20.0,25.0,12,Subpallium_2,16,7,7
dataset1,TGAGTCTGTTATTCAT-1,1,23.0,33.0,13,Thalamus,10,4,1
dataset1,TCGGCCTTGGTATGCT-1,1,39.0,49.0,7,Diencephalon_and_hindbrain,13,4,10
dataset1,GCGTTGGAGATACGGA-1,7,28.0,40.0,7,Diencephalon_and_hindbrain,13,4,13
dataset1,ACGGAGGCTGAGTCTG-1,1,21.0,28.0,2,Cartilage_2,6,11,4
dataset1,TCCTACCAGATCTTAC-1,7,29.0,24.0,8,Mesenchyme,8,11,13
dataset1,AGAGAAGGCAACCGCT-1,4,5.0,8.0,4,Cartilage_4,9,13,4
dataset1,TTGACTTCTCCGGCCT-1,1,33.0,45.0,7,Diencephalon_and_hindbrain,13,4,13
dataset1,AGAGAAGGGCAGGTCC-1,7,5.0,11.0,8,Mesenchyme,8,8,4
dataset1,CCGAGAATGACCTTGA-1,1,25.0,9.0,2,Cartilage_2,6,11,4
dataset1,ACTTAACCAGAGCTAT-1,3,44.0,19.0,2,Cartilage_2,6,13,4
dataset1,CATACTCCCAACCGCT-1,4,4.0,8.0,3,Cartilage_3,7,13,4
dataset1,AATTAAGAGAAGATCG-1,6,19.0,43.0,5,DPallm,11,5,9
dataset1,GATACGGAGCGTTGGA-1,1,11.0,23.0,6,DPallv,3,2,12
dataset1,AGAACGTCTCGGCCTT-1,1,38.0,12.0,2,Cartilage_2,6,13,4
dataset1,AGAACGTCATCATATT-1,1,38.0,36.0,7,Diencephalon_and_hindbrain,13,4,10
dataset1,ATAAGGAGTTGACTTC-1,7,50.0,18.0,4,Cartilage_4,9,11,13
dataset1,CGAACGCCACGGAGGC-1,1,49.0,30.0,7,Diencephalon_and_hindbrain,13,4,10
dataset1,ACTATGCATGGTCAGC-1,6,13.0,37.0,5,DPallm,11,5,9
dataset1,ACCGCCAAAATTAAGA-1,1,46.0,32.0,7,Diencephalon_and_hindbrain,13,4,10
dataset1,TGGTCAGCTCGGCCTT-1,1,14.0,12.0,5,DPallm,11,3,9
dataset1,ACTATGCAGATCTTAC-1,1,13.0,24.0,11,Subpallium_1,15,2,8
dataset1,CGACGCGATGAGTCTG-1,6,12.0,28.0,6,DPallv,3,5,12
dataset1,ACCGCCAAGCTAACTT-1,1,46.0,48.0,8,Mesenchyme,8,6,12
dataset1,GCCATTCTGCCATTCT-1,1,34.0,17.0,8,Mesenchyme,8,11,13
dataset1,ACTATGCACGACGCGA-1,6,13.0,39.0,5,DPallm,11,5,9
dataset1,ACTTAACCGCTAACTT-1,4,44.0,48.0,7,Diencephalon_and_hindbrain,13,4,13
dataset1,CTGATGGTTTGACTTC-1,1,26.0,18.0,7,Diencephalon_and_hindbrain,13,3,10
dataset1,GAAGATCGTGGTCAGC-1,3,8.0,37.0,3,Cartilage_3,7,13,4
dataset1,GCCGCAACTAGATCTA-1,1,24.0,31.0,13,Thalamus,10,4,1
dataset1,GGCTGAGCGCGTTGGA-1,1,48.0,23.0,2,Cartilage_2,6,11,4
dataset1,TTACCGAGAAGAAGCT-1,1,16.0,44.0,8,Mesenchyme,8,11,13
dataset1,TAGAATTAATCATATT-1,1,35.0,36.0,7,Diencephalon_and_hindbrain,13,4,10
dataset1,GCCGCAACTCGGCCTT-1,7,24.0,12.0,7,Diencephalon_and_hindbrain,13,3,13
dataset1,TCGGCCTTGATCTTAC-1,7,39.0,24.0,8,Mesenchyme,8,11,4
dataset1,TTATCCGGTAGAATTA-1,6,10.0,16.0,6,DPallv,3,7,12
dataset1,AATTAAGATTATCCGG-1,6,19.0,41.0,6,DPallv,3,5,12
dataset1,AGAGCTATAGAACGTC-1,4,32.0,13.0,8,Mesenchyme,8,11,13
dataset1,CTAAGAGATTGACTTC-1,1,31.0,18.0,8,Mesenchyme,8,2,13
dataset1,GCCGCAACATCATATT-1,7,24.0,36.0,2,Cartilage_2,6,11,4
dataset1,GGCTGAGCGGTACTGC-1,9,48.0,15.0,4,Cartilage_4,9,8,4
dataset1,TTGACTTCAATTAAGA-1,1,33.0,32.0,7,Diencephalon_and_hindbrain,13,4,10
dataset1,TAGAATTATTATCCGG-1,1,35.0,41.0,7,Diencephalon_and_hindbrain,13,4,10
dataset1,TAGAGTAATTATCCGG-1,1,41.0,41.0,7,Diencephalon_and_hindbrain,13,4,10
dataset1,TCGGCCTTTGCGGACC-1,5,39.0,29.0,7,Diencephalon_and_hindbrain,13,4,10
dataset1,GATACGGATTATCCGG-1,3,11.0,41.0,2,Cartilage_2,6,11,4
dataset1,TGGTCAGCGATACGGA-1,6,14.0,40.0,5,DPallm,11,5,9
dataset1,CGAACGCCGGTATGCT-1,1,49.0,49.0,9,Midbrain,14,4,12
dataset1,TCGGCCTTTAGATCTA-1,2,39.0,31.0,7,Diencephalon_and_hindbrain,13,4,10
dataset1,ACTCAATATCCGGCCT-1,1,30.0,45.0,7,Diencephalon_and_hindbrain,13,4,10
dataset1,GCAGGTCCAGAGAAGG-1,1,40.0,46.0,7,Diencephalon_and_hindbrain,13,4,10
dataset1,CAACCGCTGGTATGCT-1,7,43.0,49.0,8,Mesenchyme,8,4,13
dataset1,AGAACGTCCATACTCC-1,1,38.0,47.0,7,Diencephalon_and_hindbrain,13,4,10
dataset1,CCAGTTCCTAGATCTA-1,1,45.0,31.0,7,Diencephalon_and_hindbrain,13,4,10
dataset1,AGAGAAGGCGAACGCC-1,4,5.0,2.0,3,Cartilage_3,7,13,4
dataset1,AGAGCTATAGAGAAGG-1,1,32.0,46.0,7,Diencephalon_and_hindbrain,13,4,10
dataset1,TTATCCGGCGAACGCC-1,4,10.0,2.0,3,Cartilage_3,7,13,4
dataset1,TGCGGACCTGAGTCTG-1,1,22.0,28.0,7,Diencephalon_and_hindbrain,13,4,10
dataset1,ATAAGGAGCTGATGGT-1,5,50.0,25.0,7,Diencephalon_and_hindbrain,13,5,10
dataset1,ACTTAACCAGAACGTC-1,1,44.0,13.0,2,Cartilage_2,6,8,4
dataset1,ACGGAGGCGCTAACTT-1,1,21.0,48.0,2,Cartilage_2,6,8,4
dataset1,CCAGTTCCAGAGAAGG-1,1,45.0,46.0,8,Mesenchyme,8,11,12
dataset1,TCCGGCCTATCATATT-1,1,6.0,36.0,2,Cartilage_2,6,13,4
dataset1,AATTAAGATAGAGTAA-1,2,19.0,10.0,11,Subpallium_1,15,3,8
dataset1,CTAAGAGAGCCGCAAC-1,1,31.0,27.0,8,Mesenchyme,8,4,13
dataset1,TAGAGTAACTAAGAGA-1,7,41.0,20.0,1,Cartilage_1,4,13,2
dataset1,CCGAGAATCAACCGCT-1,4,25.0,8.0,2,Cartilage_2,6,11,4
dataset1,TTACCGAGCTTGCGCC-1,1,16.0,14.0,11,Subpallium_1,15,2,8
dataset1,TTATCCGGGCCATTCT-1,1,10.0,17.0,11,Subpallium_1,15,2,8
dataset1,ACTTAACCTTGACTTC-1,7,44.0,18.0,2,Cartilage_2,6,11,4
dataset1,TGAGTCTGTGCCGGCA-1,1,23.0,34.0,2,Cartilage_2,6,11,4
dataset1,GACCTTGATAGATCTA-1,1,42.0,31.0,7,Diencephalon_and_hindbrain,13,4,10
dataset1,CCAGTTCCACGGAGGC-1,1,45.0,30.0,7,Diencephalon_and_hindbrain,13,4,13
dataset1,TAGATCTAGGCTGAGC-1,4,20.0,3.0,4,Cartilage_4,9,8,4
dataset1,GACCTTGATCCGGCCT-1,1,42.0,45.0,7,Diencephalon_and_hindbrain,13,4,10
dataset1,GCCATTCTTTATTCAT-1,1,34.0,33.0,7,Diencephalon_and_hindbrain,13,4,10
dataset1,ACTATGCAAGAACGTC-1,6,13.0,13.0,5,DPallm,11,3,9
dataset1,ACTATGCAATCATATT-1,6,13.0,36.0,5,DPallm,11,5,9
dataset1,ACTCAATATCGGCCTT-1,4,30.0,12.0,2,Cartilage_2,6,13,4
dataset1,TAGAGTAACGACGCGA-1,1,41.0,39.0,7,Diencephalon_and_hindbrain,13,4,10
dataset1,GATACGGATCGGCCTT-1,6,11.0,12.0,5,DPallm,11,5,9
dataset1,TGCCGGCAGCTAACTT-1,1,17.0,48.0,8,Mesenchyme,8,4,13
dataset1,TTATCCGGTTATTCAT-1,6,10.0,33.0,5,DPallm,11,5,9
dataset1,GGTACTGCGCCGCAAC-1,1,36.0,27.0,8,Mesenchyme,8,5,4
dataset1,GCCATTCTTCGGCCTT-1,4,34.0,12.0,3,Cartilage_3,7,13,4
dataset1,CTGATGGTACGGAGGC-1,1,26.0,30.0,7,Diencephalon_and_hindbrain,13,4,10
dataset1,AGAGCTATGATACGGA-1,1,32.0,40.0,7,Diencephalon_and_hindbrain,13,4,13
dataset1,ATAAGGAGCATACTCC-1,1,50.0,47.0,9,Midbrain,14,4,12
dataset1,GATACGGACCGAGAAT-1,6,11.0,26.0,6,DPallv,3,5,12
dataset1,ATCATATTCCGAGAAT-1,1,15.0,26.0,11,Subpallium_1,15,2,8
dataset1,GAAGATCGTCCTACCA-1,6,8.0,22.0,5,DPallm,11,5,9
dataset1,TCCTACCAAGAACGTC-1,1,29.0,13.0,7,Diencephalon_and_hindbrain,13,3,10
dataset1,CATACTCCCTTGCGCC-1,6,4.0,14.0,5,DPallm,11,5,9
dataset1,TTACCGAGTGGTCAGC-1,6,16.0,37.0,6,DPallv,3,5,12
dataset1,CAACCGCTTGGTCAGC-1,1,43.0,37.0,7,Diencephalon_and_hindbrain,13,4,10
dataset1,ACGGAGGCCATACTCC-1,9,21.0,47.0,2,Cartilage_2,6,11,4
dataset1,TCCTACCAAACCTGCG-1,7,29.0,50.0,8,Mesenchyme,8,11,13
dataset1,ATAAGGAGTTATTCAT-1,1,50.0,33.0,7,Diencephalon_and_hindbrain,13,4,10
dataset1,TAGATCTAAGAACGTC-1,1,20.0,13.0,11,Subpallium_1,15,2,8
dataset1,ACGGAGGCTTGACTTC-1,1,21.0,18.0,7,Diencephalon_and_hindbrain,13,2,8
dataset1,ACGGAGGCGGTACTGC-1,1,21.0,15.0,11,Subpallium_1,15,2,8
dataset1,GGCTGAGCCTGATGGT-1,5,48.0,25.0,0,Basal_plate_of_hindbrain,1,11,10
dataset1,ACGGAGGCGAAGATCG-1,6,21.0,43.0,6,DPallv,3,5,12
dataset1,TGAGTCTGAGAACGTC-1,1,23.0,13.0,7,Diencephalon_and_hindbrain,13,3,13
dataset1,TGCGGACCTGGTCAGC-1,6,22.0,37.0,5,DPallm,11,5,9
dataset1,AAGAAGCTCGACGCGA-1,7,7.0,39.0,2,Cartilage_2,6,5,4
dataset1,CAACCGCTATCATATT-1,1,43.0,36.0,7,Diencephalon_and_hindbrain,13,4,10
dataset1,TCTGATACTGAGTCTG-1,6,9.0,28.0,5,DPallm,11,5,9
dataset1,ACTTAACCGGTACTGC-1,3,44.0,15.0,2,Cartilage_2,6,8,4
dataset1,ACTCAATAAGAGCTAT-1,7,30.0,19.0,7,Diencephalon_and_hindbrain,13,4,13
dataset1,ATAAGGAGGCGTTGGA-1,1,50.0,23.0,2,Cartilage_2,6,5,4
dataset1,CTGATGGTAACCTGCG-1,3,26.0,50.0,2,Cartilage_2,6,13,4
dataset1,CTGATGGTAGAACGTC-1,1,26.0,13.0,7,Diencephalon_and_hindbrain,13,3,10
dataset1,GATACGGATGGTCAGC-1,6,11.0,37.0,5,DPallm,11,5,9
dataset1,TTATCCGGAGAACGTC-1,6,10.0,13.0,5,DPallm,11,5,9
dataset1,CTTGCGCCTAGAATTA-1,3,37.0,16.0,3,Cartilage_3,7,8,4
dataset1,TAGATCTAGGTACTGC-1,1,20.0,15.0,11,Subpallium_1,15,2,8
dataset1,TTATTCATCGACGCGA-1,6,18.0,39.0,6,DPallv,3,5,12
dataset1,AAGAAGCTAATTAAGA-1,6,7.0,32.0,5,DPallm,11,5,9
dataset1,GCCATTCTCCGAGAAT-1,7,34.0,26.0,8,Mesenchyme,8,3,13
dataset1,TTATCCGGGACCTTGA-1,5,10.0,9.0,7,Diencephalon_and_hindbrain,13,9,10
dataset1,GCGTTGGATAGAATTA-1,1,28.0,16.0,7,Diencephalon_and_hindbrain,13,3,13
dataset1,ATCATATTGATACGGA-1,6,15.0,40.0,5,DPallm,11,5,9
dataset1,GGTATGCTTAGAATTA-1,3,2.0,16.0,3,Cartilage_3,7,11,4
dataset1,GGTATGCTCTGATGGT-1,7,2.0,25.0,4,Cartilage_4,9,8,4
dataset1,GGTATGCTATAAGGAG-1,4,2.0,1.0,3,Cartilage_3,7,13,4
dataset1,GATACGGAGATCTTAC-1,5,11.0,24.0,6,DPallv,3,5,12
dataset1,ATAAGGAGACGGAGGC-1,5,50.0,30.0,7,Diencephalon_and_hindbrain,13,4,10
dataset1,AACCTGCGACCGCCAA-1,3,1.0,5.0,3,Cartilage_3,7,13,4
dataset1,TTATCCGGCGACGCGA-1,7,10.0,39.0,2,Cartilage_2,6,4,4
dataset1,GGTATGCTTCCTACCA-1,3,2.0,22.0,3,Cartilage_3,7,13,4
dataset1,TGAGTCTGAGAGCTAT-1,2,23.0,19.0,7,Diencephalon_and_hindbrain,13,3,10
dataset1,ACTTAACCAAGAAGCT-1,7,44.0,44.0,7,Diencephalon_and_hindbrain,13,11,12
dataset1,GATACGGACGACGCGA-1,1,11.0,39.0,5,DPallm,11,5,10
dataset1,CCAGTTCCTCCGGCCT-1,1,45.0,45.0,9,Midbrain,14,4,12
dataset1,TTACCGAGCGAACGCC-1,4,16.0,2.0,3,Cartilage_3,7,13,4
dataset1,CGACGCGAGATACGGA-1,6,12.0,40.0,5,DPallm,11,5,9
dataset1,TTATCCGGCCAGTTCC-1,3,10.0,6.0,3,Cartilage_3,7,13,4
dataset1,ATAAGGAGCGACGCGA-1,5,50.0,39.0,7,Diencephalon_and_hindbrain,13,4,12
dataset1,ACTCAATACATACTCC-1,1,30.0,47.0,7,Diencephalon_and_hindbrain,13,4,10
dataset1,ACTTAACCCATACTCC-1,4,44.0,47.0,2,Cartilage_2,6,11,4
dataset1,TCCTACCAAGAGAAGG-1,1,29.0,46.0,7,Diencephalon_and_hindbrain,13,4,10
dataset1,CTGATGGTCTTGCGCC-1,1,26.0,14.0,7,Diencephalon_and_hindbrain,13,3,13
dataset1,TAGAATTATAGAGTAA-1,1,35.0,10.0,1,Cartilage_1,4,13,2
dataset1,CCGAGAATTAGATCTA-1,1,25.0,31.0,13,Thalamus,10,4,1
dataset1,GCCGCAACGAAGATCG-1,6,24.0,43.0,5,DPallm,11,5,9
dataset1,AATTAAGAAGAGAAGG-1,7,19.0,46.0,2,Cartilage_2,6,11,4
dataset1,GCCGCAACTTATTCAT-1,1,24.0,33.0,13,Thalamus,10,4,1
dataset1,TGCGGACCCCGAGAAT-1,2,22.0,26.0,7,Diencephalon_and_hindbrain,13,3,10
dataset1,AGAACGTCTTGACTTC-1,3,38.0,18.0,3,Cartilage_3,7,13,4
dataset1,AGAGCTATGGTATGCT-1,1,32.0,49.0,7,Diencephalon_and_hindbrain,13,4,10
dataset1,TGAGTCTGACGGAGGC-1,1,23.0,30.0,13,Thalamus,10,4,1
dataset1,TTGACTTCTCCTACCA-1,3,33.0,22.0,2,Cartilage_2,6,11,4
dataset1,GGTACTGCCATACTCC-1,1,36.0,47.0,7,Diencephalon_and_hindbrain,13,4,10
dataset1,TCTGATACGACCTTGA-1,4,9.0,9.0,8,Mesenchyme,8,13,4
dataset1,CAACCGCTTCCTACCA-1,1,43.0,22.0,2,Cartilage_2,6,11,4
dataset1,TCCTACCATAGAGTAA-1,4,29.0,10.0,4,Cartilage_4,9,8,4
dataset1,TAGAATTAAGAGCTAT-1,7,35.0,19.0,8,Mesenchyme,8,11,13
dataset1,GCCATTCTGCCGCAAC-1,7,34.0,27.0,8,Mesenchyme,8,4,13
dataset1,GCCGCAACGCCGCAAC-1,1,24.0,27.0,7,Diencephalon_and_hindbrain,13,4,10
dataset1,AGAACGTCGCCGCAAC-1,4,38.0,27.0,8,Mesenchyme,8,11,13
dataset1,ACGGAGGCGCCGCAAC-1,1,21.0,27.0,2,Cartilage_2,6,11,4
dataset1,TGAGTCTGGGTATGCT-1,7,23.0,49.0,2,Cartilage_2,6,8,4
dataset1,TCTGATACTAGAATTA-1,6,9.0,16.0,6,DPallv,3,8,12
dataset1,TGCCGGCAACTATGCA-1,6,17.0,38.0,6,DPallv,3,5,12
dataset1,GGTATGCTCAACCGCT-1,3,2.0,8.0,3,Cartilage_3,7,13,4
dataset1,AGAACGTCGACCTTGA-1,1,38.0,9.0,2,Cartilage_2,6,13,4
dataset1,GACCTTGAGCGTTGGA-1,4,42.0,23.0,8,Mesenchyme,8,11,4
dataset1,GACCTTGATCGGCCTT-1,7,42.0,12.0,4,Cartilage_4,9,8,4
dataset1,CCGAGAATTAGAATTA-1,1,25.0,16.0,7,Diencephalon_and_hindbrain,13,3,10
dataset1,ACTTAACCTCTGATAC-1,2,44.0,42.0,7,Diencephalon_and_hindbrain,13,4,10
dataset1,AGAACGTCGATACGGA-1,1,38.0,40.0,7,Diencephalon_and_hindbrain,13,4,10
dataset1,ACTTAACCTGAGTCTG-1,1,44.0,28.0,7,Diencephalon_and_hindbrain,13,4,13
dataset1,ACTTAACCGGTATGCT-1,4,44.0,49.0,8,Mesenchyme,8,4,13
dataset1,TGGTCAGCTGCCGGCA-1,6,14.0,34.0,6,DPallv,3,5,12
dataset1,GATCTTACTCGGCCTT-1,1,27.0,12.0,7,Diencephalon_and_hindbrain,13,3,10
dataset1,TTATTCATAATTAAGA-1,1,18.0,32.0,8,Mesenchyme,8,3,13
dataset1,GACCTTGACATACTCC-1,1,42.0,47.0,7,Diencephalon_and_hindbrain,13,4,10
dataset1,ACGGAGGCATCATATT-1,1,21.0,36.0,5,DPallm,11,5,10
dataset1,GCGTTGGAAGAACGTC-1,1,28.0,13.0,7,Diencephalon_and_hindbrain,13,3,10
dataset1,TCTGATACTGCCGGCA-1,6,9.0,34.0,5,DPallm,11,5,9
dataset1,GACCTTGACTGATGGT-1,7,42.0,25.0,8,Mesenchyme,8,11,4
dataset1,GCGTTGGAGGCTGAGC-1,4,28.0,3.0,4,Cartilage_4,9,8,4
dataset1,ACGGAGGCGCCATTCT-1,1,21.0,17.0,11,Subpallium_1,15,2,8
dataset1,CTGATGGTCGAACGCC-1,4,26.0,2.0,4,Cartilage_4,9,8,4
dataset1,GAAGATCGTTATTCAT-1,6,8.0,33.0,5,DPallm,11,5,9
dataset1,ATCATATTAGAGAAGG-1,1,15.0,46.0,8,Mesenchyme,8,4,13
dataset1,CGAACGCCGCCGCAAC-1,1,49.0,27.0,7,Diencephalon_and_hindbrain,13,4,10
dataset1,TTACCGAGGCTAACTT-1,7,16.0,48.0,8,Mesenchyme,8,4,13
dataset1,ACTATGCAACCGCCAA-1,0,13.0,5.0,3,Cartilage_3,7,13,4
dataset1,CCAGTTCCTTATCCGG-1,1,45.0,41.0,7,Diencephalon_and_hindbrain,13,4,10
dataset1,ACTCAATAGCTAACTT-1,1,30.0,48.0,7,Diencephalon_and_hindbrain,13,4,10
dataset1,ACGGAGGCAGAGAAGG-1,1,21.0,46.0,2,Cartilage_2,6,11,9
dataset1,CATACTCCCCGATTCC-1,4,4.0,4.0,3,Cartilage_3,7,13,4
dataset1,AGAGCTATGCAGGTCC-1,4,32.0,11.0,8,Mesenchyme,8,13,13
dataset1,CCAGTTCCTGGTCAGC-1,1,45.0,37.0,7,Diencephalon_and_hindbrain,13,4,10
dataset1,ACCGCCAATGCGGACC-1,1,46.0,29.0,7,Diencephalon_and_hindbrain,13,4,10
dataset1,TAGATCTATGAGTCTG-1,1,20.0,28.0,8,Mesenchyme,8,6,12
dataset1,GCAGGTCCCCGAGAAT-1,7,40.0,26.0,2,Cartilage_2,6,11,4
dataset1,TCGGCCTTCATACTCC-1,1,39.0,47.0,7,Diencephalon_and_hindbrain,13,4,10
dataset1,CATACTCCCCAGTTCC-1,4,4.0,6.0,3,Cartilage_3,7,13,4
dataset1,CTAAGAGACGACGCGA-1,1,31.0,39.0,7,Diencephalon_and_hindbrain,13,4,13
dataset1,CAACCGCTTTATTCAT-1,1,43.0,33.0,7,Diencephalon_and_hindbrain,13,4,10
dataset1,TCCGGCCTAGAACGTC-1,6,6.0,13.0,5,DPallm,11,3,9
dataset1,AAGAAGCTCTTGCGCC-1,6,7.0,14.0,5,DPallm,11,2,9
dataset1,CCAGTTCCCGACGCGA-1,2,45.0,39.0,7,Diencephalon_and_hindbrain,13,4,10
dataset1,GACCTTGAGGTATGCT-1,7,42.0,49.0,7,Diencephalon_and_hindbrain,13,4,10
dataset1,CGAACGCCAATTAAGA-1,1,49.0,32.0,7,Diencephalon_and_hindbrain,13,4,10
dataset1,ACTTAACCCTAAGAGA-1,7,44.0,20.0,2,Cartilage_2,6,8,4
dataset1,AAGAAGCTGCGTTGGA-1,6,7.0,23.0,5,DPallm,11,5,9
dataset1,CATACTCCATAAGGAG-1,4,4.0,1.0,3,Cartilage_3,7,13,4
dataset1,CATACTCCGGCTGAGC-1,4,4.0,3.0,4,Cartilage_4,9,8,4
dataset1,CAACCGCTTCTGATAC-1,2,43.0,42.0,7,Diencephalon_and_hindbrain,13,4,10
dataset1,ATCATATTACTTAACC-1,3,15.0,7.0,2,Cartilage_2,6,13,4
dataset1,ACTTAACCTGCCGGCA-1,2,44.0,34.0,7,Diencephalon_and_hindbrain,13,4,10
dataset1,TAGAATTACGACGCGA-1,1,35.0,39.0,7,Diencephalon_and_hindbrain,13,4,10
dataset1,GACCTTGATGCCGGCA-1,1,42.0,34.0,7,Diencephalon_and_hindbrain,13,4,10
dataset1,GATCTTACTCTGATAC-1,1,27.0,42.0,7,Diencephalon_and_hindbrain,13,4,10
dataset1,TGCCGGCATTATCCGG-1,6,17.0,41.0,5,DPallm,11,5,9
dataset1,TTATTCATTGAGTCTG-1,5,18.0,28.0,6,DPallv,3,6,12
dataset1,TCGGCCTTGAAGATCG-1,1,39.0,43.0,7,Diencephalon_and_hindbrain,13,4,10
dataset1,ACCGCCAAGAAGATCG-1,1,46.0,43.0,7,Diencephalon_and_hindbrain,13,4,13
dataset1,CCAGTTCCTAGAATTA-1,4,45.0,16.0,2,Cartilage_2,6,13,4
dataset1,CGAACGCCCTTGCGCC-1,7,49.0,14.0,4,Cartilage_4,9,8,13
dataset1,GCTAACTTACCGCCAA-1,4,3.0,5.0,3,Cartilage_3,7,13,4
dataset1,GGTACTGCTCCGGCCT-1,1,36.0,45.0,7,Diencephalon_and_hindbrain,13,4,10
dataset1,TGCCGGCAAGAACGTC-1,1,17.0,13.0,11,Subpallium_1,15,2,8
dataset1,ACTTAACCATCATATT-1,1,44.0,36.0,7,Diencephalon_and_hindbrain,13,4,10
dataset1,ACTCAATACTAAGAGA-1,4,30.0,20.0,4,Cartilage_4,9,8,13
dataset1,GGTACTGCCAACCGCT-1,3,36.0,8.0,3,Cartilage_3,7,13,4
dataset1,TCGGCCTTTCTGATAC-1,2,39.0,42.0,7,Diencephalon_and_hindbrain,13,4,10
dataset1,AGAGAAGGTAGAGTAA-1,7,5.0,10.0,4,Cartilage_4,9,8,13
dataset1,TAGAATTATCCGGCCT-1,1,35.0,45.0,7,Diencephalon_and_hindbrain,13,4,13
dataset1,TTATCCGGGGTACTGC-1,6,10.0,15.0,5,DPallm,11,5,9
dataset1,TAGAGTAATTATTCAT-1,1,41.0,33.0,7,Diencephalon_and_hindbrain,13,4,10
dataset1,TTATCCGGACTCAATA-1,1,10.0,21.0,11,Subpallium_1,15,2,10
dataset1,AGAGAAGGATAAGGAG-1,4,5.0,1.0,3,Cartilage_3,7,13,4
dataset1,TTGACTTCACTTAACC-1,7,33.0,7.0,1,Cartilage_1,4,13,2
dataset1,AGAGAAGGTTGACTTC-1,6,5.0,18.0,5,DPallm,11,5,9
dataset1,GATCTTACGCCATTCT-1,1,27.0,17.0,7,Diencephalon_and_hindbrain,13,3,13
dataset1,TTACCGAGGCCATTCT-1,1,16.0,17.0,11,Subpallium_1,15,2,8
dataset1,ACTTAACCTTATCCGG-1,1,44.0,41.0,7,Diencephalon_and_hindbrain,13,4,10
dataset1,ACTCAATAACTCAATA-1,1,30.0,21.0,2,Cartilage_2,6,11,13
dataset1,CATACTCCTAGAATTA-1,6,4.0,16.0,5,DPallm,11,11,9
dataset1,TAGAGTAAACGGAGGC-1,1,41.0,30.0,7,Diencephalon_and_hindbrain,13,4,10
dataset1,TCGGCCTTCTAAGAGA-1,3,39.0,20.0,1,Cartilage_1,4,12,2
dataset1,GCTAACTTGCCGCAAC-1,3,3.0,27.0,3,Cartilage_3,7,13,4
dataset1,GGTACTGCTTGACTTC-1,7,36.0,18.0,8,Mesenchyme,8,8,4
dataset1,CTAAGAGAACTATGCA-1,1,31.0,38.0,7,Diencephalon_and_hindbrain,13,4,13
dataset1,GCAGGTCCGACCTTGA-1,0,40.0,9.0,10,Muscle,5,13,3
dataset1,CTGATGGTTTATTCAT-1,1,26.0,33.0,13,Thalamus,10,4,1
dataset1,TGGTCAGCTCCTACCA-1,1,14.0,22.0,11,Subpallium_1,15,2,8
dataset1,GGTATGCTAGAGCTAT-1,5,2.0,19.0,8,Mesenchyme,8,11,4
dataset1,GGTATGCTGACCTTGA-1,3,2.0,9.0,3,Cartilage_3,7,13,4
dataset1,TCCTACCAGATACGGA-1,1,29.0,40.0,7,Diencephalon_and_hindbrain,13,4,13
dataset1,CTAAGAGATGCCGGCA-1,1,31.0,34.0,7,Diencephalon_and_hindbrain,13,4,10
dataset1,TCTGATACTTATCCGG-1,7,9.0,41.0,8,Mesenchyme,8,11,13
dataset1,TAGAATTAGATCTTAC-1,1,35.0,24.0,8,Mesenchyme,8,5,13
dataset1,TCCGGCCTGCCATTCT-1,6,6.0,17.0,5,DPallm,11,5,9
dataset1,CCGAGAATCCAGTTCC-1,4,25.0,6.0,4,Cartilage_4,9,8,4
dataset1,CAACCGCTACGGAGGC-1,1,43.0,30.0,7,Diencephalon_and_hindbrain,13,4,10
dataset1,CAACCGCTGCCATTCT-1,1,43.0,17.0,2,Cartilage_2,6,11,4
dataset1,GATCTTACTGAGTCTG-1,1,27.0,28.0,7,Diencephalon_and_hindbrain,13,11,10
dataset1,TAGAATTAGCGTTGGA-1,1,35.0,23.0,8,Mesenchyme,8,5,12
dataset1,GCCATTCTCCAGTTCC-1,4,34.0,6.0,4,Cartilage_4,9,13,4
dataset1,TCTGATACACCGCCAA-1,3,9.0,5.0,3,Cartilage_3,7,13,4
dataset1,TCCGGCCTGACCTTGA-1,7,6.0,9.0,4,Cartilage_4,9,8,13
dataset1,TCTGATACGGCTGAGC-1,4,9.0,3.0,3,Cartilage_3,7,8,4
dataset1,AAGAAGCTGCAGGTCC-1,7,7.0,11.0,2,Cartilage_2,6,13,4
dataset1,GCGTTGGAGCGTTGGA-1,7,28.0,23.0,8,Mesenchyme,8,3,13
dataset1,AATTAAGATTACCGAG-1,6,19.0,35.0,5,DPallm,11,5,9
dataset1,TAGATCTACTTGCGCC-1,1,20.0,14.0,11,Subpallium_1,15,2,8
dataset1,ATAAGGAGTGAGTCTG-1,1,50.0,28.0,7,Diencephalon_and_hindbrain,13,4,10
dataset1,TTGACTTCTAGATCTA-1,1,33.0,31.0,7,Diencephalon_and_hindbrain,13,4,13
dataset1,TAGATCTACTAAGAGA-1,1,20.0,20.0,11,Subpallium_1,15,2,8
dataset1,TTATTCATACTCAATA-1,1,18.0,21.0,11,Subpallium_1,15,2,8
dataset1,GGTACTGCAGAGAAGG-1,1,36.0,46.0,7,Diencephalon_and_hindbrain,13,4,10
dataset1,AATTAAGACATACTCC-1,7,19.0,47.0,2,Cartilage_2,6,11,4
dataset1,GGTACTGCGCGTTGGA-1,6,36.0,23.0,8,Mesenchyme,8,5,12
dataset1,GCAGGTCCAAGAAGCT-1,1,40.0,44.0,7,Diencephalon_and_hindbrain,13,4,10
dataset1,GCAGGTCCTGCCGGCA-1,1,40.0,34.0,7,Diencephalon_and_hindbrain,13,4,10
dataset1,GGCTGAGCAACCTGCG-1,4,48.0,50.0,10,Muscle,5,13,4
dataset1,ACCGCCAAACGGAGGC-1,1,46.0,30.0,7,Diencephalon_and_hindbrain,13,4,10
dataset1,ACCGCCAAAGAGAAGG-1,1,46.0,46.0,9,Midbrain,14,4,12
dataset1,CATACTCCTAGAGTAA-1,7,4.0,10.0,4,Cartilage_4,9,8,4
dataset1,CTTGCGCCGCTAACTT-1,1,37.0,48.0,7,Diencephalon_and_hindbrain,13,4,10
dataset1,GCTAACTTTGCGGACC-1,4,3.0,29.0,8,Mesenchyme,8,4,4
dataset1,GGTACTGCTGCCGGCA-1,5,36.0,34.0,7,Diencephalon_and_hindbrain,13,4,10
dataset1,GACCTTGAACGGAGGC-1,1,42.0,30.0,7,Diencephalon_and_hindbrain,13,4,10
dataset1,TTACCGAGAGAACGTC-1,1,16.0,13.0,11,Subpallium_1,15,2,8
dataset1,TCTGATACAGAACGTC-1,6,9.0,13.0,5,DPallm,11,5,9
dataset1,ACTATGCAACTTAACC-1,1,13.0,7.0,2,Cartilage_2,6,13,4
dataset1,TGGTCAGCTAGAGTAA-1,7,14.0,10.0,5,DPallm,11,3,9
dataset1,ACTATGCATAGAATTA-1,1,13.0,16.0,11,Subpallium_1,15,2,8
dataset1,TCCTACCAATCATATT-1,1,29.0,36.0,7,Diencephalon_and_hindbrain,13,4,10
dataset1,TCCGGCCTCTGATGGT-1,6,6.0,25.0,5,DPallm,11,5,9
dataset1,CGAACGCCTCCTACCA-1,3,49.0,22.0,3,Cartilage_3,7,8,4
dataset1,AGAACGTCACTCAATA-1,7,38.0,21.0,8,Mesenchyme,8,11,4
dataset1,CGAACGCCCTGATGGT-1,5,49.0,25.0,7,Diencephalon_and_hindbrain,13,3,10
dataset1,GCAGGTCCCTTGCGCC-1,3,40.0,14.0,2,Cartilage_2,6,11,4
dataset1,GGTATGCTCTTGCGCC-1,1,2.0,14.0,3,Cartilage_3,7,13,4
dataset1,GGTACTGCCTAAGAGA-1,7,36.0,20.0,8,Mesenchyme,8,11,13
dataset1,GCCATTCTCTAAGAGA-1,1,34.0,20.0,8,Mesenchyme,8,11,13
dataset1,CGACGCGACTGATGGT-1,5,12.0,25.0,6,DPallv,3,5,12
dataset1,TTATTCATGCCGCAAC-1,5,18.0,27.0,12,Subpallium_2,16,7,7
dataset1,CAACCGCTAATTAAGA-1,1,43.0,32.0,7,Diencephalon_and_hindbrain,13,4,10
dataset1,ATCATATTACTATGCA-1,6,15.0,38.0,5,DPallm,11,5,9
dataset1,CGACGCGACGAACGCC-1,4,12.0,2.0,3,Cartilage_3,7,13,4
dataset1,CCGATTCCCTTGCGCC-1,7,47.0,14.0,4,Cartilage_4,9,8,4
dataset1,TAGATCTAACCGCCAA-1,0,20.0,5.0,10,Muscle,5,13,3
dataset1,CTTGCGCCTTACCGAG-1,5,37.0,35.0,7,Diencephalon_and_hindbrain,13,4,10
dataset1,CGAACGCCATCATATT-1,1,49.0,36.0,7,Diencephalon_and_hindbrain,13,4,13
dataset1,TCCTACCAGAAGATCG-1,1,29.0,43.0,7,Diencephalon_and_hindbrain,13,4,10
dataset1,CCAGTTCCAACCTGCG-1,4,45.0,50.0,8,Mesenchyme,8,8,13
dataset1,GATCTTACGGTATGCT-1,1,27.0,49.0,8,Mesenchyme,8,8,13
dataset1,CCGAGAATCTAAGAGA-1,1,25.0,20.0,7,Diencephalon_and_hindbrain,13,3,10
dataset1,CCGAGAATGGCTGAGC-1,4,25.0,3.0,4,Cartilage_4,9,8,4
dataset1,ATCATATTTTATCCGG-1,6,15.0,41.0,5,DPallm,11,5,9
dataset1,CCGAGAATACCGCCAA-1,0,25.0,5.0,4,Cartilage_4,9,8,4
dataset1,ACTATGCACCGAGAAT-1,5,13.0,26.0,11,Subpallium_1,15,2,10
dataset1,AGAGCTATTGAGTCTG-1,1,32.0,28.0,7,Diencephalon_and_hindbrain,13,4,10
dataset1,ACTCAATATGAGTCTG-1,1,30.0,28.0,7,Diencephalon_and_hindbrain,13,4,13
dataset1,TTATTCATTTATTCAT-1,1,18.0,33.0,8,Mesenchyme,8,3,10
dataset1,CCAGTTCCAAGAAGCT-1,1,45.0,44.0,7,Diencephalon_and_hindbrain,13,3,13
dataset1,CGACGCGAATCATATT-1,6,12.0,36.0,5,DPallm,11,5,9
dataset1,ACTCAATATCCTACCA-1,5,30.0,22.0,2,Cartilage_2,6,11,13
dataset1,AAGAAGCTTTACCGAG-1,3,7.0,35.0,2,Cartilage_2,6,11,4
dataset1,AGAGCTATTGGTCAGC-1,1,32.0,37.0,7,Diencephalon_and_hindbrain,13,4,10
dataset1,CATACTCCACTCAATA-1,6,4.0,21.0,5,DPallm,11,5,9
dataset1,GGTACTGCGCTAACTT-1,1,36.0,48.0,7,Diencephalon_and_hindbrain,13,4,10
dataset1,TAGAGTAATTGACTTC-1,3,41.0,18.0,3,Cartilage_3,7,2,4
dataset1,CTGATGGTAGAGCTAT-1,1,26.0,19.0,7,Diencephalon_and_hindbrain,13,2,13
dataset1,GAAGATCGGCCATTCT-1,6,8.0,17.0,6,DPallv,3,10,12
dataset1,TCCGGCCTTCGGCCTT-1,6,6.0,12.0,5,DPallm,11,5,9
dataset1,ACGGAGGCGACCTTGA-1,1,21.0,9.0,11,Subpallium_1,15,2,8
dataset1,GGTACTGCGGTACTGC-1,1,36.0,15.0,2,Cartilage_2,6,11,4
dataset1,TCTGATACTCGGCCTT-1,6,9.0,12.0,5,DPallm,11,3,9
dataset1,AGAGAAGGAGAGCTAT-1,6,5.0,19.0,5,DPallm,11,5,9
dataset1,AGAGAAGGTCCTACCA-1,6,5.0,22.0,5,DPallm,11,5,9
dataset1,TGCGGACCAACCTGCG-1,3,22.0,50.0,2,Cartilage_2,6,13,4
dataset1,ACTCAATACCGATTCC-1,4,30.0,4.0,3,Cartilage_3,7,13,4
dataset1,AGAACGTCACGGAGGC-1,4,38.0,30.0,2,Cartilage_2,6,11,4
dataset1,CCGATTCCGATCTTAC-1,7,47.0,24.0,2,Cartilage_2,6,11,4
dataset1,GAAGATCGTAGAATTA-1,6,8.0,16.0,5,DPallm,11,11,9
dataset1,GACCTTGAGCAGGTCC-1,3,42.0,11.0,10,Muscle,5,13,4
dataset1,TGCCGGCATAGATCTA-1,6,17.0,31.0,8,Mesenchyme,8,5,12
dataset1,TTACCGAGTAGATCTA-1,5,16.0,31.0,6,DPallv,3,6,12
dataset1,CATACTCCGCCGCAAC-1,7,4.0,27.0,2,Cartilage_2,6,10,4
dataset1,GCCGCAACGCCATTCT-1,2,24.0,17.0,7,Diencephalon_and_hindbrain,13,3,10
dataset1,TGCCGGCATCCTACCA-1,1,17.0,22.0,11,Subpallium_1,15,2,8
dataset1,TGGTCAGCCTTGCGCC-1,1,14.0,14.0,11,Subpallium_1,15,2,8
dataset1,GCAGGTCCTCTGATAC-1,2,40.0,42.0,7,Diencephalon_and_hindbrain,13,4,10
dataset1,TTACCGAGAGAGCTAT-1,1,16.0,19.0,11,Subpallium_1,15,2,8
dataset1,ACTATGCATTATTCAT-1,6,13.0,33.0,6,DPallv,3,5,12
dataset1,ACCGCCAAGCGTTGGA-1,1,46.0,23.0,2,Cartilage_2,6,11,4
dataset1,GCAGGTCCACTCAATA-1,3,40.0,21.0,1,Cartilage_1,4,13,2
dataset1,AGAGCTATTTGACTTC-1,1,32.0,18.0,2,Cartilage_2,6,11,4
dataset1,CCAGTTCCGATCTTAC-1,7,45.0,24.0,8,Mesenchyme,8,11,13
dataset1,GCGTTGGACCAGTTCC-1,3,28.0,6.0,1,Cartilage_1,4,8,2
dataset1,TAGATCTATCTGATAC-1,6,20.0,42.0,6,DPallv,3,5,12
dataset1,CTTGCGCCTCTGATAC-1,2,37.0,42.0,7,Diencephalon_and_hindbrain,13,4,10
dataset1,GAAGATCGGACCTTGA-1,7,8.0,9.0,4,Cartilage_4,9,8,4
dataset1,GACCTTGATTATCCGG-1,1,42.0,41.0,7,Diencephalon_and_hindbrain,13,4,10
dataset1,CTGATGGTTGCCGGCA-1,1,26.0,34.0,13,Thalamus,10,4,1
dataset1,AATTAAGATTATTCAT-1,1,19.0,33.0,8,Mesenchyme,8,3,13
dataset1,GATACGGATGCCGGCA-1,6,11.0,34.0,5,DPallm,11,5,9
dataset1,AATTAAGACCGATTCC-1,4,19.0,4.0,4,Cartilage_4,9,8,4
dataset1,GGTACTGCTAGATCTA-1,2,36.0,31.0,7,Diencephalon_and_hindbrain,13,4,10
dataset1,CGAACGCCGGTACTGC-1,7,49.0,15.0,4,Cartilage_4,9,8,4
dataset1,AGAACGTCCTAAGAGA-1,7,38.0,20.0,8,Mesenchyme,8,11,13
dataset1,TTATTCATTCTGATAC-1,6,18.0,42.0,5,DPallm,11,5,9
dataset1,TGGTCAGCTTGACTTC-1,1,14.0,18.0,11,Subpallium_1,15,2,8
dataset1,ACGGAGGCAAGAAGCT-1,6,21.0,44.0,5,DPallm,11,5,9
dataset1,AAGAAGCTCCGATTCC-1,4,7.0,4.0,3,Cartilage_3,7,13,4
dataset1,GCAGGTCCATCATATT-1,1,40.0,36.0,7,Diencephalon_and_hindbrain,13,4,10
dataset1,GAAGATCGACTCAATA-1,6,8.0,21.0,6,DPallv,3,5,12
dataset1,TGCGGACCATAAGGAG-1,4,22.0,1.0,3,Cartilage_3,7,13,4
dataset1,TGCCGGCAACGGAGGC-1,5,17.0,30.0,6,DPallv,3,6,12
dataset1,AGAGCTATACTATGCA-1,1,32.0,38.0,7,Diencephalon_and_hindbrain,13,4,10
dataset1,AGAGCTATGGTACTGC-1,7,32.0,15.0,8,Mesenchyme,8,11,4
dataset1,TAGAGTAAGCGTTGGA-1,4,41.0,23.0,2,Cartilage_2,6,11,4
dataset1,TCTGATACATAAGGAG-1,4,9.0,1.0,3,Cartilage_3,7,13,4
dataset1,CCGAGAATTTATCCGG-1,6,25.0,41.0,5,DPallm,11,5,9
dataset1,GGTACTGCTAGAATTA-1,7,36.0,16.0,8,Mesenchyme,8,8,4
dataset1,CTAAGAGACCGAGAAT-1,7,31.0,26.0,8,Mesenchyme,8,5,13
dataset1,ATAAGGAGGCTAACTT-1,1,50.0,48.0,9,Midbrain,14,4,12
dataset1,CTTGCGCCGCGTTGGA-1,1,37.0,23.0,8,Mesenchyme,8,5,10
dataset1,TAGATCTATAGAATTA-1,1,20.0,16.0,11,Subpallium_1,15,2,8
dataset1,CGACGCGAAAGAAGCT-1,1,12.0,44.0,2,Cartilage_2,6,9,4
dataset1,TGCGGACCTGCCGGCA-1,6,22.0,34.0,8,Mesenchyme,8,5,12
dataset1,TTACCGAGTCCGGCCT-1,1,16.0,45.0,8,Mesenchyme,8,12,4
dataset1,TCCGGCCTCTTGCGCC-1,6,6.0,14.0,5,DPallm,11,3,9
dataset1,ATCATATTTCTGATAC-1,6,15.0,42.0,5,DPallm,11,5,9
dataset1,GGCTGAGCTTATCCGG-1,1,48.0,41.0,7,Diencephalon_and_hindbrain,13,4,10
dataset1,CATACTCCGGTACTGC-1,6,4.0,15.0,5,DPallm,11,5,9
dataset1,CTGATGGTGATCTTAC-1,1,26.0,24.0,7,Diencephalon_and_hindbrain,13,3,13
dataset1,GCCGCAACGGTATGCT-1,7,24.0,49.0,4,Cartilage_4,9,8,4
dataset1,ACTCAATACAACCGCT-1,4,30.0,8.0,4,Cartilage_4,9,13,4
dataset1,CTGATGGTGCCGCAAC-1,1,26.0,27.0,7,Diencephalon_and_hindbrain,13,3,10
dataset1,TAGAGTAACATACTCC-1,1,41.0,47.0,7,Diencephalon_and_hindbrain,13,4,10
dataset1,ACTTAACCGAAGATCG-1,7,44.0,43.0,7,Diencephalon_and_hindbrain,13,4,4
dataset1,TCGGCCTTAATTAAGA-1,1,39.0,32.0,7,Diencephalon_and_hindbrain,13,4,10
dataset1,TCTGATACGCAGGTCC-1,4,9.0,11.0,7,Diencephalon_and_hindbrain,13,3,10
dataset1,GATCTTACGCAGGTCC-1,1,27.0,11.0,7,Diencephalon_and_hindbrain,13,3,10
dataset1,ACCGCCAATGAGTCTG-1,1,46.0,28.0,7,Diencephalon_and_hindbrain,13,4,10
dataset1,TTATCCGGGCAGGTCC-1,1,10.0,11.0,7,Diencephalon_and_hindbrain,13,3,9
dataset1,GATCTTACCATACTCC-1,7,27.0,47.0,8,Mesenchyme,8,11,13
dataset1,AACCTGCGGCAGGTCC-1,3,1.0,11.0,3,Cartilage_3,7,13,4
dataset1,TGGTCAGCTGAGTCTG-1,5,14.0,28.0,6,DPallv,3,5,12
dataset1,CCGAGAATAAGAAGCT-1,1,25.0,44.0,8,Mesenchyme,8,9,10
dataset1,GCCGCAACAACCTGCG-1,0,24.0,50.0,10,Muscle,5,13,4
dataset1,ACGGAGGCACTTAACC-1,1,21.0,7.0,2,Cartilage_2,6,13,4
dataset1,GCCGCAACTTGACTTC-1,1,24.0,18.0,7,Diencephalon_and_hindbrain,13,3,10
dataset1,TTGACTTCAGAGAAGG-1,1,33.0,46.0,7,Diencephalon_and_hindbrain,13,4,10
dataset1,TTGACTTCTAGAGTAA-1,7,33.0,10.0,1,Cartilage_1,4,13,2
dataset1,TAGAGTAATGCGGACC-1,1,41.0,29.0,7,Diencephalon_and_hindbrain,13,4,10
dataset1,GATCTTACCCAGTTCC-1,3,27.0,6.0,1,Cartilage_1,4,8,2
dataset1,TAGAGTAAGCAGGTCC-1,0,41.0,11.0,10,Muscle,5,13,3
dataset1,TTATCCGGTGAGTCTG-1,6,10.0,28.0,5,DPallm,11,5,9
dataset1,TCCGGCCTTTACCGAG-1,3,6.0,35.0,2,Cartilage_2,6,11,4
dataset1,ACTATGCAAATTAAGA-1,6,13.0,32.0,6,DPallv,3,5,12
dataset1,AGAGAAGGACTCAATA-1,6,5.0,21.0,5,DPallm,11,5,9
dataset1,TCTGATACCTGATGGT-1,6,9.0,25.0,8,Mesenchyme,8,5,13
dataset1,TGCGGACCAAGAAGCT-1,6,22.0,44.0,5,DPallm,11,5,9
dataset1,GCGTTGGAAAGAAGCT-1,1,28.0,44.0,7,Diencephalon_and_hindbrain,13,4,10
dataset1,ATAAGGAGCCGAGAAT-1,5,50.0,26.0,7,Diencephalon_and_hindbrain,13,11,10
dataset1,CATACTCCTTGACTTC-1,6,4.0,18.0,5,DPallm,11,5,9
dataset1,TGAGTCTGCAACCGCT-1,7,23.0,8.0,2,Cartilage_2,6,13,4
dataset1,CTGATGGTGACCTTGA-1,4,26.0,9.0,4,Cartilage_4,9,8,13
dataset1,TAGATCTACCGATTCC-1,0,20.0,4.0,4,Cartilage_4,9,8,4
dataset1,GCTAACTTCTGATGGT-1,7,3.0,25.0,2,Cartilage_2,6,13,4
dataset1,AGAGCTATCTTGCGCC-1,4,32.0,14.0,8,Mesenchyme,8,11,4
dataset1,TCTGATACTTACCGAG-1,6,9.0,35.0,5,DPallm,11,5,9
dataset1,CTAAGAGATTATTCAT-1,1,31.0,33.0,7,Diencephalon_and_hindbrain,13,4,10
dataset1,TGCCGGCACGACGCGA-1,6,17.0,39.0,6,DPallv,3,5,12
dataset1,CAACCGCTCTAAGAGA-1,3,43.0,20.0,2,Cartilage_2,6,11,4
dataset1,GCTAACTTGGCTGAGC-1,4,3.0,3.0,4,Cartilage_4,9,12,4
dataset1,TCCGGCCTTCCTACCA-1,6,6.0,22.0,5,DPallm,11,5,9
dataset1,ACTCAATATGCGGACC-1,1,30.0,29.0,7,Diencephalon_and_hindbrain,13,4,10
dataset1,GATCTTACGATACGGA-1,1,27.0,40.0,7,Diencephalon_and_hindbrain,13,4,13
dataset1,TAGATCTACAACCGCT-1,3,20.0,8.0,2,Cartilage_2,6,13,4
dataset1,AAGAAGCTGACCTTGA-1,7,7.0,9.0,4,Cartilage_4,9,8,4
dataset1,AATTAAGACGACGCGA-1,5,19.0,39.0,6,DPallv,3,6,12
dataset1,ATCATATTGCCATTCT-1,1,15.0,17.0,11,Subpallium_1,15,2,8
dataset1,CTTGCGCCGACCTTGA-1,1,37.0,9.0,1,Cartilage_1,4,13,2
dataset1,AGAACGTCGCCATTCT-1,3,38.0,17.0,1,Cartilage_1,4,13,2
dataset1,ACTCAATATTACCGAG-1,1,30.0,35.0,7,Diencephalon_and_hindbrain,13,4,10
dataset1,CAACCGCTTAGAATTA-1,3,43.0,16.0,2,Cartilage_2,6,11,4
dataset1,CTAAGAGAAGAACGTC-1,4,31.0,13.0,8,Mesenchyme,8,11,13
dataset1,AATTAAGAAAGAAGCT-1,6,19.0,44.0,5,DPallm,11,5,9
dataset1,TTATTCATGGCTGAGC-1,4,18.0,3.0,4,Cartilage_4,9,8,4
dataset1,TAGAATTACTAAGAGA-1,7,35.0,20.0,8,Mesenchyme,8,11,13
dataset1,TTACCGAGACTTAACC-1,1,16.0,7.0,2,Cartilage_2,6,8,4
dataset1,CGACGCGAGACCTTGA-1,5,12.0,9.0,2,Cartilage_2,6,13,10
dataset1,AAGAAGCTAGAGCTAT-1,6,7.0,19.0,5,DPallm,11,7,9
dataset1,GCGTTGGACTAAGAGA-1,1,28.0,20.0,7,Diencephalon_and_hindbrain,13,3,13
dataset1,CAACCGCTGCAGGTCC-1,0,43.0,11.0,4,Cartilage_4,9,8,4
dataset1,ACTCAATAATCATATT-1,1,30.0,36.0,7,Diencephalon_and_hindbrain,13,4,10
dataset1,GCCATTCTGAAGATCG-1,7,34.0,43.0,7,Diencephalon_and_hindbrain,13,4,13
dataset1,GGCTGAGCCGACGCGA-1,1,48.0,39.0,7,Diencephalon_and_hindbrain,13,4,10
dataset1,ACCGCCAATTACCGAG-1,1,46.0,35.0,7,Diencephalon_and_hindbrain,13,4,10
