section,neighbor_same_cluster_fraction
s1,0.7876118568232662
s2,0.7846335697399527
s3,0.8011520160280491
