cluster,s1_count,s2_count,s3_count,total_count,s1_fraction,s2_fraction,s3_fraction
0,257,396,288,941,0.2731137088204038,0.4208289054197662,0.30605738575983
1,622,623,673,1918,0.32429614181439,0.3248175182481752,0.35088633993743484
2,237,274,377,888,0.2668918918918919,0.30855855855855857,0.42454954954954954
3,250,332,300,882,0.2834467120181406,0.3764172335600907,0.3401360544217687
4,202,234,192,628,0.321656050955414,0.37261146496815284,0.3057324840764331
5,364,437,303,1104,0.32971014492753625,0.3958333333333333,0.27445652173913043
6,299,389,392,1080,0.27685185185185185,0.36018518518518516,0.362962962962963
7,153,135,137,425,0.36,0.3176470588235294,0.32235294117647056
