section,neighbor_same_cluster_fraction
s1,0.7780341163310962
s2,0.7640070921985815
s3,0.7789882294014525
