method,label,n_label_classes,k,ARI,NMI,homogeneity,completeness,v_measure,kmeans_silhouette,Cluster_ASW_scaled,label_silhouette,Label_ASW_scaled
spa_mo_model,RegionLoupe,9,5,0.7653660346214896,0.6781525545770299,0.6416449449143462,0.7190651331141878,0.67815255457703,0.16498908147584676,0.5824945407379234,0.10826945254552771,0.5541347262727638
spa_mo_model,Y,12,5,0.4216330332187871,0.4917976197973144,0.422094182688395,0.5890759532719576,0.4917976197973144,0.16498908147584676,0.5824945407379234,0.004298991586738964,0.5021494957933694
spa_mo_model,Y.l1,9,5,0.7653660346214896,0.6781525545770299,0.6416449449143462,0.7190651331141878,0.67815255457703,0.16498908147584676,0.5824945407379234,0.10826945254552771,0.5541347262727638
spa_mo_model,annotations,11,5,0.697457457599868,0.6312434188943844,0.561062063262794,0.7214924716333063,0.6312434188943844,0.16498908147584676,0.5824945407379234,0.09191500412139274,0.5459575020606964
spa_mo_model,celltype,11,5,0.6743168518806396,0.6223184840989501,0.5490954498292958,0.718075342865868,0.6223184840989501,0.16498908147584676,0.5824945407379234,0.0907631320023532,0.5453815660011766
spa_mo_model,group,3,5,0.0036492815405468454,0.0035575045574597875,0.00422307631254076,0.0030731631773348402,0.003557504557459788,0.16498908147584676,0.5824945407379234,0.0016419162426652416,0.5008209581213326
spa_mo_model,section,3,5,0.0036492815405468454,0.0035575045574597875,0.00422307631254076,0.0030731631773348402,0.003557504557459788,0.16498908147584676,0.5824945407379234,0.0016419162426652416,0.5008209581213326
