section,obs_name,cluster,x,y
Mouse_Thymus4,42_81,1,14386.0,15900.0
Mouse_Thymus4,48_23,4,14986.0,10100.0
Mouse_Thymus4,5_39,8,10686.0,11700.0
Mouse_Thymus4,28_72,2,12986.0,15000.0
Mouse_Thymus4,13_51,8,11486.0,12900.0
Mouse_Thymus4,24_69,1,12586.0,14700.0
Mouse_Thymus4,33_16,6,13486.0,9400.0
Mouse_Thymus4,9_46,4,11086.0,12400.0
Mouse_Thymus4,54_8,1,15586.0,8600.0
Mouse_Thymus4,17_39,1,11886.0,11700.0
Mouse_Thymus4,45_103,4,14686.0,18100.0
Mouse_Thymus4,46_79,1,14786.0,15700.0
Mouse_Thymus4,24_62,2,12586.0,14000.0
Mouse_Thymus4,64_27,8,16586.0,10500.0
Mouse_Thymus4,35_60,5,13686.0,13800.0
Mouse_Thymus4,46_113,8,14786.0,19100.0
Mouse_Thymus4,52_106,1,15386.0,18400.0
Mouse_Thymus4,52_4,4,15386.0,8200.0
Mouse_Thymus4,21_59,4,12286.0,13700.0
Mouse_Thymus4,63_29,5,16486.0,10700.0
Mouse_Thymus4,59_109,8,16086.0,18700.0
Mouse_Thymus4,49_110,9,15086.0,18800.0
Mouse_Thymus4,33_62,4,13486.0,14000.0
Mouse_Thymus4,53_31,8,15486.0,10900.0
Mouse_Thymus4,45_38,4,14686.0,11600.0
Mouse_Thymus4,35_90,2,13686.0,16800.0
Mouse_Thymus4,55_23,8,15686.0,10100.0
Mouse_Thymus4,29_46,8,13086.0,12400.0
Mouse_Thymus4,38_58,2,13986.0,13600.0
Mouse_Thymus4,17_65,1,11886.0,14300.0
Mouse_Thymus4,12_31,0,11386.0,10900.0
Mouse_Thymus4,26_21,0,12786.0,9900.0
Mouse_Thymus4,34_96,6,13586.0,17400.0
Mouse_Thymus4,26_60,1,12786.0,13800.0
Mouse_Thymus4,56_100,2,15786.0,17800.0
Mouse_Thymus4,56_103,8,15786.0,18100.0
Mouse_Thymus4,48_111,3,14986.0,18900.0
Mouse_Thymus4,30_90,8,13186.0,16800.0
Mouse_Thymus4,46_81,1,14786.0,15900.0
Mouse_Thymus4,43_26,1,14486.0,10400.0
Mouse_Thymus4,48_25,5,14986.0,10300.0
Mouse_Thymus4,12_32,0,11386.0,11000.0
Mouse_Thymus4,37_14,4,13886.0,9200.0
Mouse_Thymus4,25_32,1,12686.0,11000.0
Mouse_Thymus4,36_87,8,13786.0,16500.0
Mouse_Thymus4,37_55,2,13886.0,13300.0
Mouse_Thymus4,57_97,8,15886.0,17500.0
Mouse_Thymus4,28_43,9,12986.0,12100.0
Mouse_Thymus4,65_7,3,16686.0,8500.0
Mouse_Thymus4,24_23,0,12586.0,10100.0
Mouse_Thymus4,63_26,8,16486.0,10400.0
Mouse_Thymus4,24_35,9,12586.0,11300.0
Mouse_Thymus4,26_80,6,12786.0,15800.0
Mouse_Thymus4,37_18,4,13886.0,9600.0
Mouse_Thymus4,46_33,5,14786.0,11100.0
Mouse_Thymus4,22_30,4,12386.0,10800.0
Mouse_Thymus4,35_79,4,13686.0,15700.0
Mouse_Thymus4,30_39,4,13186.0,11700.0
Mouse_Thymus4,49_104,6,15086.0,18200.0
Mouse_Thymus4,54_87,8,15586.0,16500.0
Mouse_Thymus4,47_75,2,14886.0,15300.0
Mouse_Thymus4,42_26,1,14386.0,10400.0
Mouse_Thymus4,13_42,4,11486.0,12000.0
Mouse_Thymus4,42_39,4,14386.0,11700.0
Mouse_Thymus4,20_37,1,12186.0,11500.0
Mouse_Thymus4,43_86,2,14486.0,16400.0
Mouse_Thymus4,26_59,1,12786.0,13700.0
Mouse_Thymus4,24_80,6,12586.0,15800.0
Mouse_Thymus4,59_84,8,16086.0,16200.0
Mouse_Thymus4,42_54,1,14386.0,13200.0
Mouse_Thymus4,13_39,4,11486.0,11700.0
Mouse_Thymus4,29_58,1,13086.0,13600.0
Mouse_Thymus4,39_87,3,14086.0,16500.0
Mouse_Thymus4,58_106,8,15986.0,18400.0
Mouse_Thymus4,24_25,8,12586.0,10300.0
Mouse_Thymus4,25_72,4,12686.0,15000.0
Mouse_Thymus4,32_64,8,13386.0,14200.0
Mouse_Thymus4,37_72,2,13886.0,15000.0
Mouse_Thymus4,39_85,4,14086.0,16300.0
Mouse_Thymus4,41_83,8,14286.0,16100.0
Mouse_Thymus4,55_89,8,15686.0,16700.0
Mouse_Thymus4,62_11,4,16386.0,8900.0
Mouse_Thymus4,26_34,9,12786.0,11200.0
Mouse_Thymus4,52_116,0,15386.0,19400.0
Mouse_Thymus4,59_29,4,16086.0,10700.0
Mouse_Thymus4,49_48,3,15086.0,12600.0
Mouse_Thymus4,3_59,8,10486.0,13700.0
Mouse_Thymus4,36_60,6,13786.0,13800.0
Mouse_Thymus4,31_88,2,13286.0,16600.0
Mouse_Thymus4,22_55,5,12386.0,13300.0
Mouse_Thymus4,13_53,3,11486.0,13100.0
Mouse_Thymus4,48_4,2,14986.0,8200.0
Mouse_Thymus4,36_24,1,13786.0,10200.0
Mouse_Thymus4,39_88,4,14086.0,16600.0
Mouse_Thymus4,56_16,4,15786.0,9400.0
Mouse_Thymus4,7_56,4,10886.0,13400.0
Mouse_Thymus4,9_56,4,11086.0,13400.0
Mouse_Thymus4,24_56,2,12586.0,13400.0
Mouse_Thymus4,39_38,8,14086.0,11600.0
Mouse_Thymus4,10_63,8,11186.0,14100.0
Mouse_Thymus4,50_108,1,15186.0,18600.0
Mouse_Thymus4,48_40,7,14986.0,11800.0
Mouse_Thymus4,56_108,2,15786.0,18600.0
Mouse_Thymus4,64_23,3,16586.0,10100.0
Mouse_Thymus4,32_39,4,13386.0,11700.0
Mouse_Thymus4,10_46,4,11186.0,12400.0
Mouse_Thymus4,33_25,9,13486.0,10300.0
Mouse_Thymus4,46_111,6,14786.0,18900.0
Mouse_Thymus4,42_56,9,14386.0,13400.0
Mouse_Thymus4,27_87,8,12886.0,16500.0
Mouse_Thymus4,57_92,8,15886.0,17000.0
Mouse_Thymus4,39_59,6,14086.0,13700.0
Mouse_Thymus4,21_44,1,12286.0,12200.0
Mouse_Thymus4,29_20,0,13086.0,9800.0
Mouse_Thymus4,57_29,8,15886.0,10700.0
Mouse_Thymus4,33_71,2,13486.0,14900.0
Mouse_Thymus4,23_80,4,12486.0,15800.0
Mouse_Thymus4,36_76,8,13786.0,15400.0
Mouse_Thymus4,63_2,8,16486.0,8000.0
Mouse_Thymus4,40_26,9,14186.0,10400.0
Mouse_Thymus4,6_61,6,10786.0,13900.0
Mouse_Thymus4,12_36,8,11386.0,11400.0
Mouse_Thymus4,36_59,6,13786.0,13700.0
Mouse_Thymus4,4_58,6,10586.0,13600.0
Mouse_Thymus4,15_69,4,11686.0,14700.0
Mouse_Thymus4,22_31,4,12386.0,10900.0
Mouse_Thymus4,53_80,0,15486.0,15800.0
Mouse_Thymus4,47_10,2,14886.0,8800.0
Mouse_Thymus4,39_40,2,14086.0,11800.0
Mouse_Thymus4,1_56,8,10286.0,13400.0
Mouse_Thymus4,46_15,1,14786.0,9300.0
Mouse_Thymus4,21_61,6,12286.0,13900.0
Mouse_Thymus4,34_33,9,13586.0,11100.0
Mouse_Thymus4,42_63,4,14386.0,14100.0
Mouse_Thymus4,31_47,1,13286.0,12500.0
Mouse_Thymus4,54_80,4,15586.0,15800.0
Mouse_Thymus4,44_71,3,14586.0,14900.0
Mouse_Thymus4,53_105,1,15486.0,18300.0
Mouse_Thymus4,26_58,1,12786.0,13600.0
Mouse_Thymus4,18_43,1,11986.0,12100.0
Mouse_Thymus4,37_40,8,13886.0,11800.0
Mouse_Thymus4,51_107,1,15286.0,18500.0
Mouse_Thymus4,21_42,1,12286.0,12000.0
Mouse_Thymus4,32_38,4,13386.0,11600.0
Mouse_Thymus4,43_32,8,14486.0,11000.0
Mouse_Thymus4,45_52,9,14686.0,13000.0
Mouse_Thymus4,43_28,6,14486.0,10600.0
Mouse_Thymus4,10_57,4,11186.0,13500.0
Mouse_Thymus4,49_74,2,15086.0,15200.0
Mouse_Thymus4,29_48,2,13086.0,12600.0
Mouse_Thymus4,39_29,5,14086.0,10700.0
Mouse_Thymus4,20_83,8,12186.0,16100.0
Mouse_Thymus4,30_63,4,13186.0,14100.0
Mouse_Thymus4,34_71,2,13586.0,14900.0
Mouse_Thymus4,40_66,1,14186.0,14400.0
Mouse_Thymus4,27_36,2,12886.0,11400.0
Mouse_Thymus4,54_16,8,15586.0,9400.0
Mouse_Thymus4,39_25,1,14086.0,10300.0
Mouse_Thymus4,36_66,9,13786.0,14400.0
Mouse_Thymus4,29_45,2,13086.0,12300.0
Mouse_Thymus4,17_45,1,11886.0,12300.0
Mouse_Thymus4,47_32,0,14886.0,11000.0
Mouse_Thymus4,30_85,3,13186.0,16300.0
Mouse_Thymus4,57_102,4,15886.0,18000.0
Mouse_Thymus4,61_32,4,16286.0,11000.0
Mouse_Thymus4,47_98,2,14886.0,17600.0
Mouse_Thymus4,42_33,5,14386.0,11100.0
Mouse_Thymus4,59_14,8,16086.0,9200.0
Mouse_Thymus4,26_64,1,12786.0,14200.0
Mouse_Thymus4,22_58,3,12386.0,13600.0
Mouse_Thymus4,42_30,4,14386.0,10800.0
Mouse_Thymus4,30_57,9,13186.0,13500.0
Mouse_Thymus4,31_45,1,13286.0,12300.0
Mouse_Thymus4,28_87,4,12986.0,16500.0
Mouse_Thymus4,35_78,4,13686.0,15600.0
Mouse_Thymus4,49_3,8,15086.0,8100.0
Mouse_Thymus4,29_59,1,13086.0,13700.0
Mouse_Thymus4,51_83,1,15286.0,16100.0
Mouse_Thymus4,21_43,1,12286.0,12100.0
Mouse_Thymus4,33_56,2,13486.0,13400.0
Mouse_Thymus4,27_86,4,12886.0,16400.0
Mouse_Thymus4,59_90,8,16086.0,16800.0
Mouse_Thymus4,35_31,4,13686.0,10900.0
Mouse_Thymus4,33_80,9,13486.0,15800.0
Mouse_Thymus4,35_88,4,13686.0,16600.0
Mouse_Thymus4,46_35,4,14786.0,11300.0
Mouse_Thymus4,50_86,1,15186.0,16400.0
Mouse_Thymus4,48_93,1,14986.0,17100.0
Mouse_Thymus4,38_30,1,13986.0,10800.0
Mouse_Thymus4,35_71,2,13686.0,14900.0
Mouse_Thymus4,59_98,7,16086.0,17600.0
Mouse_Thymus4,41_66,6,14286.0,14400.0
Mouse_Thymus4,33_76,2,13486.0,15400.0
Mouse_Thymus4,64_29,8,16586.0,10700.0
Mouse_Thymus4,44_18,1,14586.0,9600.0
Mouse_Thymus4,58_88,8,15986.0,16600.0
Mouse_Thymus4,53_20,4,15486.0,9800.0
Mouse_Thymus4,21_57,4,12286.0,13500.0
Mouse_Thymus4,53_5,3,15486.0,8300.0
Mouse_Thymus4,33_37,4,13486.0,11500.0
Mouse_Thymus4,40_36,5,14186.0,11400.0
Mouse_Thymus4,62_5,2,16386.0,8300.0
Mouse_Thymus4,31_77,2,13286.0,15500.0
Mouse_Thymus4,42_15,9,14386.0,9300.0
Mouse_Thymus4,25_68,1,12686.0,14600.0
Mouse_Thymus4,18_34,4,11986.0,11200.0
Mouse_Thymus4,46_77,9,14786.0,15500.0
Mouse_Thymus4,37_54,6,13886.0,13200.0
Mouse_Thymus4,60_22,0,16186.0,10000.0
Mouse_Thymus4,36_90,2,13786.0,16800.0
Mouse_Thymus4,36_80,8,13786.0,15800.0
Mouse_Thymus4,29_49,9,13086.0,12700.0
Mouse_Thymus4,50_112,9,15186.0,19000.0
Mouse_Thymus4,57_4,8,15886.0,8200.0
Mouse_Thymus4,41_48,2,14286.0,12600.0
Mouse_Thymus4,17_72,4,11886.0,15000.0
Mouse_Thymus4,48_18,7,14986.0,9600.0
Mouse_Thymus4,14_66,8,11586.0,14400.0
Mouse_Thymus4,35_21,6,13686.0,9900.0
Mouse_Thymus4,16_32,4,11786.0,11000.0
Mouse_Thymus4,28_39,1,12986.0,11700.0
Mouse_Thymus4,53_14,4,15486.0,9200.0
Mouse_Thymus4,37_61,8,13886.0,13900.0
Mouse_Thymus4,32_42,2,13386.0,12000.0
Mouse_Thymus4,33_30,4,13486.0,10800.0
Mouse_Thymus4,22_74,1,12386.0,15200.0
Mouse_Thymus4,50_85,1,15186.0,16300.0
Mouse_Thymus4,50_43,5,15186.0,12100.0
Mouse_Thymus4,12_30,0,11386.0,10800.0
Mouse_Thymus4,49_91,1,15086.0,16900.0
Mouse_Thymus4,40_16,2,14186.0,9400.0
Mouse_Thymus4,13_48,4,11486.0,12600.0
Mouse_Thymus4,50_20,4,15186.0,9800.0
Mouse_Thymus4,34_74,7,13586.0,15200.0
Mouse_Thymus4,30_69,1,13186.0,14700.0
Mouse_Thymus4,14_63,2,11586.0,14100.0
Mouse_Thymus4,47_26,8,14886.0,10400.0
Mouse_Thymus4,40_19,1,14186.0,9700.0
Mouse_Thymus4,27_30,9,12886.0,10800.0
Mouse_Thymus4,58_17,4,15986.0,9500.0
Mouse_Thymus4,11_41,4,11286.0,11900.0
Mouse_Thymus4,22_49,9,12386.0,12700.0
Mouse_Thymus4,35_67,8,13686.0,14500.0
Mouse_Thymus4,46_85,1,14786.0,16300.0
Mouse_Thymus4,42_44,4,14386.0,12200.0
Mouse_Thymus4,47_18,1,14886.0,9600.0
Mouse_Thymus4,37_46,8,13886.0,12400.0
Mouse_Thymus4,32_17,6,13386.0,9500.0
Mouse_Thymus4,5_54,4,10686.0,13200.0
Mouse_Thymus4,7_39,4,10886.0,11700.0
Mouse_Thymus4,53_12,3,15486.0,9000.0
Mouse_Thymus4,8_44,6,10986.0,12200.0
Mouse_Thymus4,14_29,7,11586.0,10700.0
Mouse_Thymus4,23_28,8,12486.0,10600.0
Mouse_Thymus4,19_34,4,12086.0,11200.0
Mouse_Thymus4,53_79,8,15486.0,15700.0
Mouse_Thymus4,67_3,1,16886.0,8100.0
Mouse_Thymus4,19_60,4,12086.0,13800.0
Mouse_Thymus4,17_29,0,11886.0,10700.0
Mouse_Thymus4,13_67,6,11486.0,14500.0
Mouse_Thymus4,27_57,1,12886.0,13500.0
Mouse_Thymus4,42_77,1,14386.0,15500.0
Mouse_Thymus4,46_99,2,14786.0,17700.0
Mouse_Thymus4,36_86,2,13786.0,16400.0
Mouse_Thymus4,43_40,8,14486.0,11800.0
Mouse_Thymus4,20_39,1,12186.0,11700.0
Mouse_Thymus4,44_17,1,14586.0,9500.0
Mouse_Thymus4,62_98,4,16386.0,17600.0
Mouse_Thymus4,38_55,2,13986.0,13300.0
Mouse_Thymus4,54_113,4,15586.0,19100.0
Mouse_Thymus4,30_49,4,13186.0,12700.0
Mouse_Thymus4,55_82,8,15686.0,16000.0
Mouse_Thymus4,21_63,9,12286.0,14100.0
Mouse_Thymus4,37_91,2,13886.0,16900.0
Mouse_Thymus4,19_52,4,12086.0,13000.0
Mouse_Thymus4,44_51,1,14586.0,12900.0
Mouse_Thymus4,15_41,9,11686.0,11900.0
Mouse_Thymus4,12_60,4,11386.0,13800.0
Mouse_Thymus4,61_7,2,16286.0,8500.0
Mouse_Thymus4,45_32,5,14686.0,11000.0
Mouse_Thymus4,22_77,4,12386.0,15500.0
Mouse_Thymus4,63_9,2,16486.0,8700.0
Mouse_Thymus4,42_24,1,14386.0,10200.0
Mouse_Thymus4,39_98,4,14086.0,17600.0
Mouse_Thymus4,19_68,0,12086.0,14600.0
Mouse_Thymus4,54_30,4,15586.0,10800.0
Mouse_Thymus4,25_77,4,12686.0,15500.0
Mouse_Thymus4,41_101,4,14286.0,17900.0
Mouse_Thymus4,11_33,8,11286.0,11100.0
Mouse_Thymus4,54_14,4,15586.0,9200.0
Mouse_Thymus4,55_20,0,15686.0,9800.0
Mouse_Thymus4,30_46,1,13186.0,12400.0
Mouse_Thymus4,50_98,9,15186.0,17600.0
Mouse_Thymus4,13_37,6,11486.0,11500.0
Mouse_Thymus4,44_67,2,14586.0,14500.0
Mouse_Thymus4,24_41,9,12586.0,11900.0
Mouse_Thymus4,21_33,4,12286.0,11100.0
Mouse_Thymus4,35_87,2,13686.0,16500.0
Mouse_Thymus4,48_43,8,14986.0,12100.0
Mouse_Thymus4,55_87,8,15686.0,16500.0
Mouse_Thymus4,41_39,5,14286.0,11700.0
Mouse_Thymus4,11_32,3,11286.0,11000.0
Mouse_Thymus4,31_85,1,13286.0,16300.0
Mouse_Thymus4,58_93,4,15986.0,17100.0
Mouse_Thymus4,60_108,8,16186.0,18600.0
Mouse_Thymus4,42_9,6,14386.0,8700.0
Mouse_Thymus4,30_42,6,13186.0,12000.0
Mouse_Thymus4,30_22,6,13186.0,10000.0
Mouse_Thymus4,39_77,2,14086.0,15500.0
Mouse_Thymus4,27_22,6,12886.0,10000.0
Mouse_Thymus4,56_37,8,15786.0,11500.0
Mouse_Thymus4,54_35,6,15586.0,11300.0
Mouse_Thymus4,5_55,4,10686.0,13300.0
Mouse_Thymus4,49_109,3,15086.0,18700.0
Mouse_Thymus4,48_91,9,14986.0,16900.0
Mouse_Thymus4,45_78,1,14686.0,15600.0
Mouse_Thymus4,8_52,6,10986.0,13000.0
Mouse_Thymus4,44_16,1,14586.0,9400.0
Mouse_Thymus4,42_16,9,14386.0,9400.0
Mouse_Thymus4,51_77,3,15286.0,15500.0
Mouse_Thymus4,30_41,2,13186.0,11900.0
Mouse_Thymus4,39_86,8,14086.0,16400.0
Mouse_Thymus4,28_92,8,12986.0,17000.0
Mouse_Thymus4,31_92,6,13286.0,17000.0
Mouse_Thymus4,39_22,1,14086.0,10000.0
Mouse_Thymus4,55_38,8,15686.0,11600.0
Mouse_Thymus4,44_77,9,14586.0,15500.0
Mouse_Thymus4,54_99,1,15586.0,17700.0
Mouse_Thymus4,41_17,1,14286.0,9500.0
Mouse_Thymus4,49_20,4,15086.0,9800.0
Mouse_Thymus4,19_70,4,12086.0,14800.0
Mouse_Thymus4,18_48,2,11986.0,12600.0
Mouse_Thymus4,51_99,1,15286.0,17700.0
Mouse_Thymus4,32_93,8,13386.0,17100.0
Mouse_Thymus4,47_23,5,14886.0,10100.0
Mouse_Thymus4,55_42,2,15686.0,12000.0
Mouse_Thymus4,20_71,8,12186.0,14900.0
Mouse_Thymus4,45_92,9,14686.0,17000.0
Mouse_Thymus4,6_36,0,10786.0,11400.0
Mouse_Thymus4,36_96,6,13786.0,17400.0
Mouse_Thymus4,6_42,3,10786.0,12000.0
Mouse_Thymus4,59_5,1,16086.0,8300.0
Mouse_Thymus4,37_20,3,13886.0,9800.0
Mouse_Thymus4,10_54,4,11186.0,13200.0
Mouse_Thymus4,26_47,1,12786.0,12500.0
Mouse_Thymus4,54_27,8,15586.0,10500.0
Mouse_Thymus4,50_102,1,15186.0,18000.0
Mouse_Thymus4,43_36,5,14486.0,11400.0
Mouse_Thymus4,20_30,8,12186.0,10800.0
Mouse_Thymus4,12_40,4,11386.0,11800.0
Mouse_Thymus4,19_30,8,12086.0,10800.0
Mouse_Thymus4,56_101,8,15786.0,17900.0
Mouse_Thymus4,30_84,3,13186.0,16200.0
Mouse_Thymus4,6_40,6,10786.0,11800.0
Mouse_Thymus4,31_89,2,13286.0,16700.0
Mouse_Thymus4,25_34,1,12686.0,11200.0
Mouse_Thymus4,51_48,4,15286.0,12600.0
Mouse_Thymus4,29_54,2,13086.0,13200.0
Mouse_Thymus4,20_49,1,12186.0,12700.0
Mouse_Thymus4,35_93,2,13686.0,17100.0
Mouse_Thymus4,50_11,9,15186.0,8900.0
Mouse_Thymus4,20_62,4,12186.0,14000.0
Mouse_Thymus4,8_61,4,10986.0,13900.0
Mouse_Thymus4,54_102,2,15586.0,18000.0
Mouse_Thymus4,25_70,1,12686.0,14800.0
Mouse_Thymus4,7_62,8,10886.0,14000.0
Mouse_Thymus4,53_103,1,15486.0,18100.0
Mouse_Thymus4,4_49,0,10586.0,12700.0
Mouse_Thymus4,49_101,2,15086.0,17900.0
Mouse_Thymus4,31_32,4,13286.0,11000.0
Mouse_Thymus4,55_2,0,15686.0,8000.0
Mouse_Thymus4,23_53,9,12486.0,13100.0
Mouse_Thymus4,54_9,9,15586.0,8700.0
Mouse_Thymus4,17_28,0,11886.0,10600.0
Mouse_Thymus4,37_17,4,13886.0,9500.0
Mouse_Thymus4,23_41,2,12486.0,11900.0
Mouse_Thymus4,10_43,4,11186.0,12100.0
Mouse_Thymus4,7_57,4,10886.0,13500.0
Mouse_Thymus4,17_74,3,11886.0,15200.0
Mouse_Thymus4,39_63,9,14086.0,14100.0
Mouse_Thymus4,47_7,4,14886.0,8500.0
Mouse_Thymus4,34_44,3,13586.0,12200.0
Mouse_Thymus4,52_11,1,15386.0,8900.0
Mouse_Thymus4,55_35,4,15686.0,11300.0
Mouse_Thymus4,18_68,4,11986.0,14600.0
Mouse_Thymus4,45_97,2,14686.0,17500.0
Mouse_Thymus4,39_74,2,14086.0,15200.0
Mouse_Thymus4,53_114,8,15486.0,19200.0
Mouse_Thymus4,13_61,4,11486.0,13900.0
Mouse_Thymus4,25_64,1,12686.0,14200.0
Mouse_Thymus4,39_75,2,14086.0,15300.0
Mouse_Thymus4,69_7,8,17086.0,8500.0
Mouse_Thymus4,68_4,8,16986.0,8200.0
Mouse_Thymus4,21_82,8,12286.0,16000.0
Mouse_Thymus4,50_22,4,15186.0,10000.0
Mouse_Thymus4,49_31,0,15086.0,10900.0
Mouse_Thymus4,58_11,8,15986.0,8900.0
Mouse_Thymus4,46_93,1,14786.0,17100.0
Mouse_Thymus4,39_47,0,14086.0,12500.0
Mouse_Thymus4,12_61,6,11386.0,13900.0
Mouse_Thymus4,12_41,4,11386.0,11900.0
Mouse_Thymus4,49_45,4,15086.0,12300.0
Mouse_Thymus4,41_35,5,14286.0,11300.0
Mouse_Thymus4,25_76,8,12686.0,15400.0
Mouse_Thymus4,32_32,4,13386.0,11000.0
Mouse_Thymus4,36_91,2,13786.0,16900.0
Mouse_Thymus4,34_82,1,13586.0,16000.0
Mouse_Thymus4,33_26,9,13486.0,10400.0
Mouse_Thymus4,22_66,2,12386.0,14400.0
Mouse_Thymus4,17_41,1,11886.0,11900.0
Mouse_Thymus4,30_30,1,13186.0,10800.0
Mouse_Thymus4,29_68,1,13086.0,14600.0
Mouse_Thymus4,14_35,4,11586.0,11300.0
Mouse_Thymus4,40_35,5,14186.0,11300.0
Mouse_Thymus4,59_20,0,16086.0,9800.0
Mouse_Thymus4,27_47,9,12886.0,12500.0
Mouse_Thymus4,47_15,1,14886.0,9300.0
Mouse_Thymus4,56_36,4,15786.0,11400.0
Mouse_Thymus4,20_72,6,12186.0,15000.0
Mouse_Thymus4,52_113,1,15386.0,19100.0
Mouse_Thymus4,63_27,8,16486.0,10500.0
Mouse_Thymus4,40_99,4,14186.0,17700.0
Mouse_Thymus4,20_64,6,12186.0,14200.0
Mouse_Thymus4,2_51,6,10386.0,12900.0
Mouse_Thymus4,40_62,4,14186.0,14000.0
Mouse_Thymus4,40_65,1,14186.0,14300.0
Mouse_Thymus4,55_86,8,15686.0,16400.0
Mouse_Thymus4,39_79,8,14086.0,15700.0
Mouse_Thymus4,27_63,2,12886.0,14100.0
Mouse_Thymus4,34_34,8,13586.0,11200.0
Mouse_Thymus4,21_71,2,12286.0,14900.0
Mouse_Thymus4,55_12,0,15686.0,9000.0
Mouse_Thymus4,50_14,9,15186.0,9200.0
Mouse_Thymus4,16_53,1,11786.0,13100.0
Mouse_Thymus4,24_45,1,12586.0,12300.0
Mouse_Thymus4,47_43,4,14886.0,12100.0
Mouse_Thymus4,60_2,8,16186.0,8000.0
Mouse_Thymus4,55_95,8,15686.0,17300.0
Mouse_Thymus4,24_55,5,12586.0,13300.0
Mouse_Thymus4,49_89,2,15086.0,16700.0
Mouse_Thymus4,45_9,8,14686.0,8700.0
Mouse_Thymus4,39_42,8,14086.0,12000.0
Mouse_Thymus4,37_26,1,13886.0,10400.0
Mouse_Thymus4,3_49,0,10486.0,12700.0
Mouse_Thymus4,20_55,4,12186.0,13300.0
Mouse_Thymus4,12_63,4,11386.0,14100.0
Mouse_Thymus4,60_4,9,16186.0,8200.0
Mouse_Thymus4,33_60,4,13486.0,13800.0
Mouse_Thymus4,16_44,9,11786.0,12200.0
Mouse_Thymus4,51_27,0,15286.0,10500.0
Mouse_Thymus4,18_55,8,11986.0,13300.0
Mouse_Thymus4,44_9,3,14586.0,8700.0
Mouse_Thymus4,26_41,9,12786.0,11900.0
Mouse_Thymus4,39_18,1,14086.0,9600.0
Mouse_Thymus4,11_46,4,11286.0,12400.0
Mouse_Thymus4,55_36,8,15686.0,11400.0
Mouse_Thymus4,43_53,1,14486.0,13100.0
Mouse_Thymus4,53_102,9,15486.0,18000.0
Mouse_Thymus4,34_27,1,13586.0,10500.0
Mouse_Thymus4,61_0,0,16286.0,7800.0
Mouse_Thymus4,5_48,4,10686.0,12600.0
Mouse_Thymus4,39_60,4,14086.0,13800.0
Mouse_Thymus4,57_95,3,15886.0,17300.0
Mouse_Thymus4,54_11,4,15586.0,8900.0
Mouse_Thymus4,34_70,2,13586.0,14800.0
Mouse_Thymus4,26_63,2,12786.0,14100.0
Mouse_Thymus4,27_28,1,12886.0,10600.0
Mouse_Thymus4,38_88,4,13986.0,16600.0
Mouse_Thymus4,63_25,8,16486.0,10300.0
Mouse_Thymus4,38_90,8,13986.0,16800.0
Mouse_Thymus4,33_84,1,13486.0,16200.0
Mouse_Thymus4,17_34,4,11886.0,11200.0
Mouse_Thymus4,59_22,4,16086.0,10000.0
Mouse_Thymus4,1_59,8,10286.0,13700.0
Mouse_Thymus4,23_77,0,12486.0,15500.0
Mouse_Thymus4,19_66,1,12086.0,14400.0
Mouse_Thymus4,33_51,1,13486.0,12900.0
Mouse_Thymus4,25_80,4,12686.0,15800.0
Mouse_Thymus4,54_114,8,15586.0,19200.0
Mouse_Thymus4,16_50,0,11786.0,12800.0
Mouse_Thymus4,40_34,5,14186.0,11200.0
Mouse_Thymus4,45_69,3,14686.0,14700.0
Mouse_Thymus4,35_25,1,13686.0,10300.0
Mouse_Thymus4,51_29,6,15286.0,10700.0
Mouse_Thymus4,44_48,9,14586.0,12600.0
Mouse_Thymus4,23_38,1,12486.0,11600.0
Mouse_Thymus4,20_47,1,12186.0,12500.0
Mouse_Thymus4,58_113,0,15986.0,19100.0
Mouse_Thymus4,47_80,1,14886.0,15800.0
Mouse_Thymus4,13_66,4,11486.0,14400.0
Mouse_Thymus4,14_40,3,11586.0,11800.0
Mouse_Thymus4,25_71,4,12686.0,14900.0
Mouse_Thymus4,47_100,3,14886.0,17800.0
Mouse_Thymus4,26_88,3,12786.0,16600.0
Mouse_Thymus4,43_106,8,14486.0,18400.0
Mouse_Thymus4,62_12,8,16386.0,9000.0
Mouse_Thymus4,38_49,1,13986.0,12700.0
Mouse_Thymus4,52_86,9,15386.0,16400.0
Mouse_Thymus4,44_27,4,14586.0,10500.0
Mouse_Thymus4,35_77,6,13686.0,15500.0
Mouse_Thymus4,52_10,1,15386.0,8800.0
Mouse_Thymus4,37_84,2,13886.0,16200.0
Mouse_Thymus4,71_2,6,17286.0,8000.0
Mouse_Thymus4,45_29,8,14686.0,10700.0
Mouse_Thymus4,54_104,9,15586.0,18200.0
Mouse_Thymus4,55_33,4,15686.0,11100.0
Mouse_Thymus4,31_36,6,13286.0,11400.0
Mouse_Thymus4,22_46,1,12386.0,12400.0
Mouse_Thymus4,50_21,8,15186.0,9900.0
Mouse_Thymus4,15_47,3,11686.0,12500.0
Mouse_Thymus4,24_71,4,12586.0,14900.0
Mouse_Thymus4,62_29,4,16386.0,10700.0
Mouse_Thymus4,20_48,1,12186.0,12600.0
Mouse_Thymus4,35_44,4,13686.0,12200.0
Mouse_Thymus4,18_62,3,11986.0,14000.0
Mouse_Thymus4,58_39,8,15986.0,11700.0
Mouse_Thymus4,52_100,1,15386.0,17800.0
Mouse_Thymus4,42_59,6,14386.0,13700.0
Mouse_Thymus4,52_108,1,15386.0,18600.0
Mouse_Thymus4,60_98,4,16186.0,17600.0
Mouse_Thymus4,21_39,1,12286.0,11700.0
Mouse_Thymus4,41_93,8,14286.0,17100.0
Mouse_Thymus4,30_19,3,13186.0,9700.0
Mouse_Thymus4,37_21,1,13886.0,9900.0
Mouse_Thymus4,35_38,8,13686.0,11600.0
Mouse_Thymus4,56_17,4,15786.0,9500.0
Mouse_Thymus4,48_78,8,14986.0,15600.0
Mouse_Thymus4,15_58,4,11686.0,13600.0
Mouse_Thymus4,56_41,8,15786.0,11900.0
Mouse_Thymus4,22_80,6,12386.0,15800.0
Mouse_Thymus4,46_13,1,14786.0,9100.0
Mouse_Thymus4,27_55,1,12886.0,13300.0
Mouse_Thymus4,24_85,6,12586.0,16300.0
Mouse_Thymus4,38_15,4,13986.0,9300.0
Mouse_Thymus4,14_53,4,11586.0,13100.0
Mouse_Thymus4,55_104,4,15686.0,18200.0
Mouse_Thymus4,22_54,8,12386.0,13200.0
Mouse_Thymus4,49_75,8,15086.0,15300.0
Mouse_Thymus4,53_110,1,15486.0,18800.0
Mouse_Thymus4,47_27,8,14886.0,10500.0
Mouse_Thymus4,30_28,9,13186.0,10600.0
Mouse_Thymus4,22_34,4,12386.0,11200.0
Mouse_Thymus4,56_30,8,15786.0,10800.0
Mouse_Thymus4,39_89,8,14086.0,16700.0
Mouse_Thymus4,26_89,0,12786.0,16700.0
Mouse_Thymus4,35_45,4,13686.0,12300.0
Mouse_Thymus4,18_66,1,11986.0,14400.0
Mouse_Thymus4,41_10,7,14286.0,8800.0
Mouse_Thymus4,0_58,7,10186.0,13600.0
Mouse_Thymus4,22_82,4,12386.0,16000.0
Mouse_Thymus4,50_91,1,15186.0,16900.0
Mouse_Thymus4,47_13,1,14886.0,9100.0
Mouse_Thymus4,30_24,4,13186.0,10200.0
Mouse_Thymus4,51_10,1,15286.0,8800.0
Mouse_Thymus4,30_77,1,13186.0,15500.0
Mouse_Thymus4,33_44,9,13486.0,12200.0
Mouse_Thymus4,46_10,0,14786.0,8800.0
Mouse_Thymus4,23_45,1,12486.0,12300.0
Mouse_Thymus4,5_53,4,10686.0,13100.0
Mouse_Thymus4,68_5,4,16986.0,8300.0
Mouse_Thymus4,36_53,9,13786.0,13100.0
Mouse_Thymus4,39_35,4,14086.0,11300.0
Mouse_Thymus4,34_15,3,13586.0,9300.0
Mouse_Thymus4,65_1,3,16686.0,7900.0
Mouse_Thymus4,53_11,4,15486.0,8900.0
Mouse_Thymus4,63_28,5,16486.0,10600.0
Mouse_Thymus4,42_68,4,14386.0,14600.0
Mouse_Thymus4,59_106,4,16086.0,18400.0
Mouse_Thymus4,44_104,3,14586.0,18200.0
Mouse_Thymus4,44_74,6,14586.0,15200.0
Mouse_Thymus4,57_109,8,15886.0,18700.0
Mouse_Thymus4,9_49,3,11086.0,12700.0
Mouse_Thymus4,60_5,1,16186.0,8300.0
Mouse_Thymus4,55_27,4,15686.0,10500.0
Mouse_Thymus4,34_68,2,13586.0,14600.0
Mouse_Thymus4,10_60,4,11186.0,13800.0
Mouse_Thymus4,39_39,3,14086.0,11700.0
Mouse_Thymus4,40_74,2,14186.0,15200.0
Mouse_Thymus4,35_76,6,13686.0,15400.0
Mouse_Thymus4,23_58,6,12486.0,13600.0
Mouse_Thymus4,33_90,8,13486.0,16800.0
Mouse_Thymus4,27_39,1,12886.0,11700.0
Mouse_Thymus4,41_95,8,14286.0,17300.0
Mouse_Thymus4,24_49,1,12586.0,12700.0
Mouse_Thymus4,23_35,4,12486.0,11300.0
Mouse_Thymus4,38_40,4,13986.0,11800.0
Mouse_Thymus4,43_65,4,14486.0,14300.0
Mouse_Thymus4,37_50,1,13886.0,12800.0
Mouse_Thymus4,29_52,9,13086.0,13000.0
Mouse_Thymus4,16_31,4,11786.0,10900.0
Mouse_Thymus4,16_71,8,11786.0,14900.0
Mouse_Thymus4,20_67,8,12186.0,14500.0
Mouse_Thymus4,22_67,3,12386.0,14500.0
Mouse_Thymus4,46_18,1,14786.0,9600.0
Mouse_Thymus4,25_45,1,12686.0,12300.0
Mouse_Thymus4,10_52,4,11186.0,13000.0
Mouse_Thymus4,36_33,1,13786.0,11100.0
Mouse_Thymus4,51_15,2,15286.0,9300.0
Mouse_Thymus4,37_81,9,13886.0,15900.0
Mouse_Thymus4,26_66,1,12786.0,14400.0
Mouse_Thymus4,2_56,8,10386.0,13400.0
Mouse_Thymus4,26_35,9,12786.0,11300.0
Mouse_Thymus4,37_11,8,13886.0,8900.0
Mouse_Thymus4,33_66,9,13486.0,14400.0
Mouse_Thymus4,54_94,2,15586.0,17200.0
Mouse_Thymus4,43_27,9,14486.0,10500.0
Mouse_Thymus4,46_23,4,14786.0,10100.0
Mouse_Thymus4,46_43,8,14786.0,12100.0
Mouse_Thymus4,13_34,0,11486.0,11200.0
Mouse_Thymus4,20_59,2,12186.0,13700.0
Mouse_Thymus4,42_17,1,14386.0,9500.0
Mouse_Thymus4,47_105,6,14886.0,18300.0
Mouse_Thymus4,49_19,6,15086.0,9700.0
Mouse_Thymus4,32_29,9,13386.0,10700.0
Mouse_Thymus4,4_44,3,10586.0,12200.0
Mouse_Thymus4,36_29,6,13786.0,10700.0
Mouse_Thymus4,11_43,4,11286.0,12100.0
Mouse_Thymus4,61_28,8,16286.0,10600.0
Mouse_Thymus4,53_45,5,15486.0,12300.0
Mouse_Thymus4,55_18,4,15686.0,9600.0
Mouse_Thymus4,61_29,4,16286.0,10700.0
Mouse_Thymus4,23_39,9,12486.0,11700.0
Mouse_Thymus4,18_35,4,11986.0,11300.0
Mouse_Thymus4,56_6,9,15786.0,8400.0
Mouse_Thymus4,53_26,8,15486.0,10400.0
Mouse_Thymus4,25_59,2,12686.0,13700.0
Mouse_Thymus4,38_53,2,13986.0,13100.0
Mouse_Thymus4,32_60,4,13386.0,13800.0
Mouse_Thymus4,33_47,4,13486.0,12500.0
Mouse_Thymus4,14_71,7,11586.0,14900.0
Mouse_Thymus4,45_88,1,14686.0,16600.0
Mouse_Thymus4,67_1,8,16886.0,7900.0
Mouse_Thymus4,25_90,8,12686.0,16800.0
Mouse_Thymus4,41_75,2,14286.0,15300.0
Mouse_Thymus4,3_46,0,10486.0,12400.0
Mouse_Thymus4,45_12,4,14686.0,9000.0
Mouse_Thymus4,23_81,3,12486.0,15900.0
Mouse_Thymus4,23_54,9,12486.0,13200.0
Mouse_Thymus4,45_14,1,14686.0,9200.0
Mouse_Thymus4,49_85,1,15086.0,16300.0
Mouse_Thymus4,34_18,4,13586.0,9600.0
Mouse_Thymus4,38_83,8,13986.0,16100.0
Mouse_Thymus4,32_87,2,13386.0,16500.0
Mouse_Thymus4,50_115,8,15186.0,19300.0
Mouse_Thymus4,22_61,0,12386.0,13900.0
Mouse_Thymus4,12_47,4,11386.0,12500.0
Mouse_Thymus4,54_17,6,15586.0,9500.0
Mouse_Thymus4,56_8,1,15786.0,8600.0
Mouse_Thymus4,14_69,8,11586.0,14700.0
Mouse_Thymus4,55_14,4,15686.0,9200.0
Mouse_Thymus4,24_61,9,12586.0,13900.0
Mouse_Thymus4,46_45,2,14786.0,12300.0
Mouse_Thymus4,58_1,0,15986.0,7900.0
Mouse_Thymus4,32_34,5,13386.0,11200.0
Mouse_Thymus4,10_45,8,11186.0,12300.0
Mouse_Thymus4,51_89,1,15286.0,16700.0
Mouse_Thymus4,7_50,4,10886.0,12800.0
Mouse_Thymus4,67_8,8,16886.0,8600.0
Mouse_Thymus4,55_40,4,15686.0,11800.0
Mouse_Thymus4,56_112,8,15786.0,19000.0
Mouse_Thymus4,54_4,8,15586.0,8200.0
Mouse_Thymus4,19_50,2,12086.0,12800.0
Mouse_Thymus4,34_20,4,13586.0,9800.0
Mouse_Thymus4,45_112,0,14686.0,19000.0
Mouse_Thymus4,33_35,4,13486.0,11300.0
Mouse_Thymus4,39_70,9,14086.0,14800.0
Mouse_Thymus4,11_47,4,11286.0,12500.0
Mouse_Thymus4,51_106,1,15286.0,18400.0
Mouse_Thymus4,54_100,9,15586.0,17800.0
Mouse_Thymus4,57_16,8,15886.0,9400.0
Mouse_Thymus4,55_39,5,15686.0,11700.0
Mouse_Thymus4,61_1,0,16286.0,7900.0
Mouse_Thymus4,10_42,4,11186.0,12000.0
Mouse_Thymus4,31_76,0,13286.0,15400.0
Mouse_Thymus4,32_43,1,13386.0,12100.0
Mouse_Thymus4,58_10,5,15986.0,8800.0
Mouse_Thymus4,18_27,7,11986.0,10500.0
Mouse_Thymus4,36_67,9,13786.0,14500.0
Mouse_Thymus4,48_14,1,14986.0,9200.0
Mouse_Thymus4,58_8,9,15986.0,8600.0
Mouse_Thymus4,23_23,7,12486.0,10100.0
Mouse_Thymus4,56_96,8,15786.0,17400.0
Mouse_Thymus4,35_57,8,13686.0,13500.0
Mouse_Thymus4,40_63,4,14186.0,14100.0
Mouse_Thymus4,44_34,8,14586.0,11200.0
Mouse_Thymus4,40_31,5,14186.0,10900.0
Mouse_Thymus4,58_6,1,15986.0,8400.0
Mouse_Thymus4,43_54,1,14486.0,13200.0
Mouse_Thymus4,36_73,4,13786.0,15100.0
Mouse_Thymus4,61_87,7,16286.0,16500.0
Mouse_Thymus4,56_118,3,15786.0,19600.0
Mouse_Thymus4,41_37,4,14286.0,11500.0
Mouse_Thymus4,26_27,3,12786.0,10500.0
Mouse_Thymus4,48_108,4,14986.0,18600.0
Mouse_Thymus4,45_51,9,14686.0,12900.0
Mouse_Thymus4,40_84,2,14186.0,16200.0
Mouse_Thymus4,25_26,6,12686.0,10400.0
Mouse_Thymus4,37_15,4,13886.0,9300.0
Mouse_Thymus4,41_69,2,14286.0,14700.0
Mouse_Thymus4,40_64,9,14186.0,14200.0
Mouse_Thymus4,44_23,9,14586.0,10100.0
Mouse_Thymus4,40_47,4,14186.0,12500.0
Mouse_Thymus4,54_85,2,15586.0,16300.0
Mouse_Thymus4,21_40,1,12286.0,11800.0
Mouse_Thymus4,32_53,1,13386.0,13100.0
Mouse_Thymus4,42_102,3,14386.0,18000.0
Mouse_Thymus4,2_58,8,10386.0,13600.0
Mouse_Thymus4,50_6,8,15186.0,8400.0
Mouse_Thymus4,48_94,1,14986.0,17200.0
Mouse_Thymus4,21_60,4,12286.0,13800.0
Mouse_Thymus4,44_84,1,14586.0,16200.0
Mouse_Thymus4,58_21,4,15986.0,9900.0
Mouse_Thymus4,2_54,8,10386.0,13200.0
Mouse_Thymus4,36_79,2,13786.0,15700.0
Mouse_Thymus4,45_94,9,14686.0,17200.0
Mouse_Thymus4,37_28,2,13886.0,10600.0
Mouse_Thymus4,54_96,1,15586.0,17400.0
Mouse_Thymus4,18_41,9,11986.0,11900.0
Mouse_Thymus4,41_22,9,14286.0,10000.0
Mouse_Thymus4,45_31,4,14686.0,10900.0
Mouse_Thymus4,58_27,8,15986.0,10500.0
Mouse_Thymus4,60_35,8,16186.0,11300.0
Mouse_Thymus4,28_68,1,12986.0,14600.0
Mouse_Thymus4,46_16,1,14786.0,9400.0
Mouse_Thymus4,18_77,4,11986.0,15500.0
Mouse_Thymus4,40_18,1,14186.0,9600.0
Mouse_Thymus4,25_57,1,12686.0,13500.0
Mouse_Thymus4,37_53,1,13886.0,13100.0
Mouse_Thymus4,11_50,8,11286.0,12800.0
Mouse_Thymus4,52_84,9,15386.0,16200.0
Mouse_Thymus4,58_2,8,15986.0,8000.0
Mouse_Thymus4,56_113,8,15786.0,19100.0
Mouse_Thymus4,59_110,8,16086.0,18800.0
Mouse_Thymus4,36_58,2,13786.0,13600.0
Mouse_Thymus4,37_39,4,13886.0,11700.0
Mouse_Thymus4,25_87,8,12686.0,16500.0
Mouse_Thymus4,55_112,8,15686.0,19000.0
Mouse_Thymus4,47_5,3,14886.0,8300.0
Mouse_Thymus4,13_40,4,11486.0,11800.0
Mouse_Thymus4,35_26,1,13686.0,10400.0
Mouse_Thymus4,59_36,8,16086.0,11400.0
Mouse_Thymus4,26_43,9,12786.0,12100.0
Mouse_Thymus4,58_82,8,15986.0,16000.0
Mouse_Thymus4,17_75,2,11886.0,15300.0
Mouse_Thymus4,6_43,8,10786.0,12100.0
Mouse_Thymus4,44_75,8,14586.0,15300.0
Mouse_Thymus4,14_64,4,11586.0,14200.0
Mouse_Thymus4,32_20,7,13386.0,9800.0
Mouse_Thymus4,26_51,1,12786.0,12900.0
Mouse_Thymus4,65_10,6,16686.0,8800.0
Mouse_Thymus4,19_27,3,12086.0,10500.0
Mouse_Thymus4,44_110,2,14586.0,18800.0
Mouse_Thymus4,35_47,4,13686.0,12500.0
Mouse_Thymus4,7_53,4,10886.0,13100.0
Mouse_Thymus4,53_13,4,15486.0,9100.0
Mouse_Thymus4,56_7,1,15786.0,8500.0
Mouse_Thymus4,52_93,1,15386.0,17100.0
Mouse_Thymus4,46_86,1,14786.0,16400.0
Mouse_Thymus4,44_69,8,14586.0,14700.0
Mouse_Thymus4,40_49,9,14186.0,12700.0
Mouse_Thymus4,17_67,9,11886.0,14500.0
Mouse_Thymus4,43_77,9,14486.0,15500.0
Mouse_Thymus4,20_26,6,12186.0,10400.0
Mouse_Thymus4,32_46,1,13386.0,12400.0
Mouse_Thymus4,17_64,9,11886.0,14200.0
Mouse_Thymus4,46_34,5,14786.0,11200.0
Mouse_Thymus4,51_95,1,15286.0,17300.0
Mouse_Thymus4,41_41,4,14286.0,11900.0
Mouse_Thymus4,47_106,8,14886.0,18400.0
Mouse_Thymus4,23_26,8,12486.0,10400.0
Mouse_Thymus4,55_98,9,15686.0,17600.0
Mouse_Thymus4,16_49,8,11786.0,12700.0
Mouse_Thymus4,30_62,9,13186.0,14000.0
Mouse_Thymus4,60_85,7,16186.0,16300.0
Mouse_Thymus4,39_37,6,14086.0,11500.0
Mouse_Thymus4,5_43,8,10686.0,12100.0
Mouse_Thymus4,16_52,2,11786.0,13000.0
Mouse_Thymus4,8_56,8,10986.0,13400.0
Mouse_Thymus4,38_22,1,13986.0,10000.0
Mouse_Thymus4,46_78,1,14786.0,15600.0
Mouse_Thymus4,48_8,4,14986.0,8600.0
Mouse_Thymus4,48_113,3,14986.0,19100.0
Mouse_Thymus4,38_33,9,13986.0,11100.0
Mouse_Thymus4,2_49,7,10386.0,12700.0
Mouse_Thymus4,22_39,1,12386.0,11700.0
Mouse_Thymus4,50_29,0,15186.0,10700.0
Mouse_Thymus4,52_17,4,15386.0,9500.0
Mouse_Thymus4,12_45,8,11386.0,12300.0
Mouse_Thymus4,27_75,4,12886.0,15300.0
Mouse_Thymus4,44_32,5,14586.0,11000.0
Mouse_Thymus4,53_113,1,15486.0,19100.0
Mouse_Thymus4,48_30,0,14986.0,10800.0
Mouse_Thymus4,37_37,4,13886.0,11500.0
Mouse_Thymus4,16_65,6,11786.0,14300.0
Mouse_Thymus4,57_111,4,15886.0,18900.0
Mouse_Thymus4,47_107,8,14886.0,18500.0
Mouse_Thymus4,36_14,6,13786.0,9200.0
Mouse_Thymus4,41_21,1,14286.0,9900.0
Mouse_Thymus4,46_52,9,14786.0,13000.0
Mouse_Thymus4,38_96,8,13986.0,17400.0
Mouse_Thymus4,46_71,2,14786.0,14900.0
Mouse_Thymus4,29_28,1,13086.0,10600.0
Mouse_Thymus4,43_9,8,14486.0,8700.0
Mouse_Thymus4,47_82,1,14886.0,16000.0
Mouse_Thymus4,42_95,4,14386.0,17300.0
Mouse_Thymus4,23_32,2,12486.0,11000.0
Mouse_Thymus4,51_92,1,15286.0,17000.0
Mouse_Thymus4,18_52,4,11986.0,13000.0
Mouse_Thymus4,33_23,8,13486.0,10100.0
Mouse_Thymus4,52_91,1,15386.0,16900.0
Mouse_Thymus4,48_24,4,14986.0,10200.0
Mouse_Thymus4,41_20,9,14286.0,9800.0
Mouse_Thymus4,22_62,1,12386.0,14000.0
Mouse_Thymus4,24_43,1,12586.0,12100.0
Mouse_Thymus4,48_35,8,14986.0,11300.0
Mouse_Thymus4,56_82,6,15786.0,16000.0
Mouse_Thymus4,63_7,8,16486.0,8500.0
Mouse_Thymus4,51_90,3,15286.0,16800.0
Mouse_Thymus4,12_49,4,11386.0,12700.0
Mouse_Thymus4,31_84,2,13286.0,16200.0
Mouse_Thymus4,51_80,8,15286.0,15800.0
Mouse_Thymus4,43_7,7,14486.0,8500.0
Mouse_Thymus4,29_27,1,13086.0,10500.0
Mouse_Thymus4,32_36,4,13386.0,11400.0
Mouse_Thymus4,3_47,0,10486.0,12500.0
Mouse_Thymus4,31_37,4,13286.0,11500.0
Mouse_Thymus4,44_66,7,14586.0,14400.0
Mouse_Thymus4,25_53,1,12686.0,13100.0
Mouse_Thymus4,51_45,9,15286.0,12300.0
Mouse_Thymus4,43_50,1,14486.0,12800.0
Mouse_Thymus4,43_57,8,14486.0,13500.0
Mouse_Thymus4,44_93,2,14586.0,17100.0
Mouse_Thymus4,60_87,3,16186.0,16500.0
Mouse_Thymus4,37_59,3,13886.0,13700.0
Mouse_Thymus4,60_99,4,16186.0,17700.0
Mouse_Thymus4,53_77,6,15486.0,15500.0
Mouse_Thymus4,40_83,8,14186.0,16100.0
Mouse_Thymus4,45_104,2,14686.0,18200.0
Mouse_Thymus4,51_17,9,15286.0,9500.0
Mouse_Thymus4,52_45,5,15386.0,12300.0
Mouse_Thymus4,54_83,8,15586.0,16100.0
Mouse_Thymus4,40_39,8,14186.0,11700.0
Mouse_Thymus4,34_53,2,13586.0,13100.0
Mouse_Thymus4,28_28,1,12986.0,10600.0
Mouse_Thymus4,24_39,1,12586.0,11700.0
Mouse_Thymus4,34_21,4,13586.0,9900.0
Mouse_Thymus4,13_38,4,11486.0,11600.0
Mouse_Thymus4,28_66,1,12986.0,14400.0
Mouse_Thymus4,23_33,4,12486.0,11100.0
Mouse_Thymus4,25_81,8,12686.0,15900.0
Mouse_Thymus4,60_3,8,16186.0,8100.0
Mouse_Thymus4,43_20,9,14486.0,9800.0
Mouse_Thymus4,32_47,1,13386.0,12500.0
Mouse_Thymus4,47_93,1,14886.0,17100.0
Mouse_Thymus4,40_90,8,14186.0,16800.0
Mouse_Thymus4,31_65,9,13286.0,14300.0
Mouse_Thymus4,41_53,1,14286.0,13100.0
Mouse_Thymus4,53_94,1,15486.0,17200.0
Mouse_Thymus4,28_26,2,12986.0,10400.0
Mouse_Thymus4,33_28,9,13486.0,10600.0
Mouse_Thymus4,51_93,1,15286.0,17100.0
Mouse_Thymus4,62_31,8,16386.0,10900.0
Mouse_Thymus4,53_104,9,15486.0,18200.0
Mouse_Thymus4,36_69,2,13786.0,14700.0
Mouse_Thymus4,62_28,4,16386.0,10600.0
Mouse_Thymus4,49_11,1,15086.0,8900.0
Mouse_Thymus4,44_13,9,14586.0,9100.0
Mouse_Thymus4,48_83,1,14986.0,16100.0
Mouse_Thymus4,42_53,1,14386.0,13100.0
Mouse_Thymus4,39_32,9,14086.0,11000.0
Mouse_Thymus4,15_30,0,11686.0,10800.0
Mouse_Thymus4,35_43,6,13686.0,12100.0
Mouse_Thymus4,50_35,4,15186.0,11300.0
Mouse_Thymus4,49_97,1,15086.0,17500.0
Mouse_Thymus4,38_77,6,13986.0,15500.0
Mouse_Thymus4,31_18,0,13286.0,9600.0
Mouse_Thymus4,42_90,8,14386.0,16800.0
Mouse_Thymus4,35_75,2,13686.0,15300.0
Mouse_Thymus4,15_48,0,11686.0,12600.0
Mouse_Thymus4,13_55,4,11486.0,13300.0
Mouse_Thymus4,28_65,9,12986.0,14300.0
Mouse_Thymus4,33_89,9,13486.0,16700.0
Mouse_Thymus4,27_50,1,12886.0,12800.0
Mouse_Thymus4,59_27,6,16086.0,10500.0
Mouse_Thymus4,24_26,8,12586.0,10400.0
Mouse_Thymus4,23_51,1,12486.0,12900.0
Mouse_Thymus4,32_59,4,13386.0,13700.0
Mouse_Thymus4,37_87,8,13886.0,16500.0
Mouse_Thymus4,43_48,1,14486.0,12600.0
Mouse_Thymus4,61_27,4,16286.0,10500.0
Mouse_Thymus4,35_19,8,13686.0,9700.0
Mouse_Thymus4,54_119,8,15586.0,19700.0
Mouse_Thymus4,49_32,4,15086.0,11000.0
Mouse_Thymus4,32_66,9,13386.0,14400.0
Mouse_Thymus4,55_93,8,15686.0,17100.0
Mouse_Thymus4,37_83,8,13886.0,16100.0
Mouse_Thymus4,25_27,3,12686.0,10500.0
Mouse_Thymus4,34_48,2,13586.0,12600.0
Mouse_Thymus4,51_22,8,15286.0,10000.0
Mouse_Thymus4,46_102,3,14786.0,18000.0
Mouse_Thymus4,40_10,0,14186.0,8800.0
Mouse_Thymus4,39_34,5,14086.0,11200.0
Mouse_Thymus4,45_109,8,14686.0,18700.0
Mouse_Thymus4,45_19,9,14686.0,9700.0
Mouse_Thymus4,34_32,9,13586.0,11000.0
Mouse_Thymus4,39_93,8,14086.0,17100.0
Mouse_Thymus4,54_117,4,15586.0,19500.0
Mouse_Thymus4,19_46,1,12086.0,12400.0
Mouse_Thymus4,42_104,4,14386.0,18200.0
Mouse_Thymus4,57_1,7,15886.0,7900.0
Mouse_Thymus4,19_79,8,12086.0,15700.0
Mouse_Thymus4,52_22,8,15386.0,10000.0
Mouse_Thymus4,63_6,8,16486.0,8400.0
Mouse_Thymus4,18_47,3,11986.0,12500.0
Mouse_Thymus4,33_85,9,13486.0,16300.0
Mouse_Thymus4,39_69,6,14086.0,14700.0
Mouse_Thymus4,12_42,6,11386.0,12000.0
Mouse_Thymus4,18_67,1,11986.0,14500.0
Mouse_Thymus4,44_81,1,14586.0,15900.0
Mouse_Thymus4,42_78,1,14386.0,15600.0
Mouse_Thymus4,47_24,3,14886.0,10200.0
Mouse_Thymus4,9_55,4,11086.0,13300.0
Mouse_Thymus4,30_36,4,13186.0,11400.0
Mouse_Thymus4,29_34,2,13086.0,11200.0
Mouse_Thymus4,39_80,8,14086.0,15800.0
Mouse_Thymus4,21_53,5,12286.0,13100.0
Mouse_Thymus4,33_74,5,13486.0,15200.0
Mouse_Thymus4,51_102,1,15286.0,18000.0
Mouse_Thymus4,60_24,8,16186.0,10200.0
Mouse_Thymus4,53_89,8,15486.0,16700.0
Mouse_Thymus4,47_112,4,14886.0,19000.0
Mouse_Thymus4,37_79,2,13886.0,15700.0
Mouse_Thymus4,38_61,9,13986.0,13900.0
Mouse_Thymus4,24_48,1,12586.0,12600.0
Mouse_Thymus4,13_59,4,11486.0,13700.0
Mouse_Thymus4,21_52,9,12286.0,13000.0
Mouse_Thymus4,24_24,0,12586.0,10200.0
Mouse_Thymus4,44_94,4,14586.0,17200.0
Mouse_Thymus4,46_73,6,14786.0,15100.0
Mouse_Thymus4,39_14,6,14086.0,9200.0
Mouse_Thymus4,17_52,2,11886.0,13000.0
Mouse_Thymus4,11_61,0,11286.0,13900.0
Mouse_Thymus4,13_35,4,11486.0,11300.0
Mouse_Thymus4,39_49,6,14086.0,12700.0
Mouse_Thymus4,58_30,6,15986.0,10800.0
Mouse_Thymus4,31_82,1,13286.0,16000.0
Mouse_Thymus4,9_44,4,11086.0,12200.0
Mouse_Thymus4,59_2,8,16086.0,8000.0
Mouse_Thymus4,50_39,4,15186.0,11700.0
Mouse_Thymus4,54_33,4,15586.0,11100.0
Mouse_Thymus4,57_93,8,15886.0,17100.0
Mouse_Thymus4,40_52,1,14186.0,13000.0
Mouse_Thymus4,6_53,6,10786.0,13100.0
Mouse_Thymus4,54_22,0,15586.0,10000.0
Mouse_Thymus4,49_28,0,15086.0,10600.0
Mouse_Thymus4,38_75,2,13986.0,15300.0
Mouse_Thymus4,50_75,8,15186.0,15300.0
Mouse_Thymus4,12_38,4,11386.0,11600.0
Mouse_Thymus4,42_35,4,14386.0,11300.0
Mouse_Thymus4,24_74,1,12586.0,15200.0
Mouse_Thymus4,11_48,4,11286.0,12600.0
Mouse_Thymus4,23_24,3,12486.0,10200.0
Mouse_Thymus4,50_77,8,15186.0,15500.0
Mouse_Thymus4,3_44,2,10486.0,12200.0
Mouse_Thymus4,34_35,0,13586.0,11300.0
Mouse_Thymus4,21_66,8,12286.0,14400.0
Mouse_Thymus4,44_99,8,14586.0,17700.0
Mouse_Thymus4,45_102,4,14686.0,18000.0
Mouse_Thymus4,25_35,9,12686.0,11300.0
Mouse_Thymus4,56_86,8,15786.0,16400.0
Mouse_Thymus4,61_88,6,16286.0,16600.0
Mouse_Thymus4,53_25,8,15486.0,10300.0
Mouse_Thymus4,25_24,4,12686.0,10200.0
Mouse_Thymus4,45_35,4,14686.0,11300.0
Mouse_Thymus4,43_18,2,14486.0,9600.0
Mouse_Thymus4,66_2,3,16786.0,8000.0
Mouse_Thymus4,34_24,1,13586.0,10200.0
Mouse_Thymus4,49_111,4,15086.0,18900.0
Mouse_Thymus4,20_31,4,12186.0,10900.0
Mouse_Thymus4,54_81,4,15586.0,15900.0
Mouse_Thymus4,16_63,5,11786.0,14100.0
Mouse_Thymus4,45_86,1,14686.0,16400.0
Mouse_Thymus4,28_34,9,12986.0,11200.0
Mouse_Thymus4,20_46,1,12186.0,12400.0
Mouse_Thymus4,56_10,2,15786.0,8800.0
Mouse_Thymus4,34_84,9,13586.0,16200.0
Mouse_Thymus4,43_70,4,14486.0,14800.0
Mouse_Thymus4,51_32,2,15286.0,11000.0
Mouse_Thymus4,16_74,4,11786.0,15200.0
Mouse_Thymus4,40_61,4,14186.0,13900.0
Mouse_Thymus4,50_32,4,15186.0,11000.0
Mouse_Thymus4,29_31,1,13086.0,10900.0
Mouse_Thymus4,61_96,8,16286.0,17400.0
Mouse_Thymus4,62_101,7,16386.0,17900.0
Mouse_Thymus4,26_77,4,12786.0,15500.0
Mouse_Thymus4,19_80,8,12086.0,15800.0
Mouse_Thymus4,43_33,8,14486.0,11100.0
Mouse_Thymus4,56_9,6,15786.0,8700.0
Mouse_Thymus4,49_115,3,15086.0,19300.0
Mouse_Thymus4,41_33,5,14286.0,11100.0
Mouse_Thymus4,53_82,3,15486.0,16000.0
Mouse_Thymus4,43_19,1,14486.0,9700.0
Mouse_Thymus4,32_71,9,13386.0,14900.0
Mouse_Thymus4,30_68,1,13186.0,14600.0
Mouse_Thymus4,10_40,4,11186.0,11800.0
Mouse_Thymus4,22_53,9,12386.0,13100.0
Mouse_Thymus4,36_70,2,13786.0,14800.0
Mouse_Thymus4,51_8,2,15286.0,8600.0
Mouse_Thymus4,61_25,4,16286.0,10300.0
Mouse_Thymus4,24_75,2,12586.0,15300.0
Mouse_Thymus4,41_89,8,14286.0,16700.0
Mouse_Thymus4,56_22,4,15786.0,10000.0
Mouse_Thymus4,34_36,3,13586.0,11400.0
Mouse_Thymus4,27_20,8,12886.0,9800.0
Mouse_Thymus4,43_97,4,14486.0,17500.0
Mouse_Thymus4,46_82,2,14786.0,16000.0
Mouse_Thymus4,26_84,6,12786.0,16200.0
Mouse_Thymus4,26_92,8,12786.0,17000.0
Mouse_Thymus4,51_7,8,15286.0,8500.0
Mouse_Thymus4,49_49,8,15086.0,12700.0
Mouse_Thymus4,20_52,9,12186.0,13000.0
Mouse_Thymus4,35_56,2,13686.0,13400.0
Mouse_Thymus4,36_56,2,13786.0,13400.0
Mouse_Thymus4,12_43,3,11386.0,12100.0
Mouse_Thymus4,55_28,4,15686.0,10600.0
Mouse_Thymus4,20_42,1,12186.0,12000.0
Mouse_Thymus4,46_30,6,14786.0,10800.0
Mouse_Thymus4,34_89,1,13586.0,16700.0
Mouse_Thymus4,41_74,2,14286.0,15200.0
Mouse_Thymus4,42_50,1,14386.0,12800.0
Mouse_Thymus4,48_28,2,14986.0,10600.0
Mouse_Thymus4,38_56,4,13986.0,13400.0
Mouse_Thymus4,26_76,0,12786.0,15400.0
Mouse_Thymus4,10_38,6,11186.0,11600.0
Mouse_Thymus4,8_38,4,10986.0,11600.0
Mouse_Thymus4,14_33,4,11586.0,11100.0
Mouse_Thymus4,7_38,4,10886.0,11600.0
Mouse_Thymus4,40_44,4,14186.0,12200.0
Mouse_Thymus4,57_112,8,15886.0,19000.0
Mouse_Thymus4,36_62,6,13786.0,14000.0
Mouse_Thymus4,10_36,4,11186.0,11400.0
Mouse_Thymus4,68_3,3,16986.0,8100.0
Mouse_Thymus4,53_95,1,15486.0,17300.0
Mouse_Thymus4,7_60,8,10886.0,13800.0
Mouse_Thymus4,48_39,8,14986.0,11700.0
Mouse_Thymus4,52_105,1,15386.0,18300.0
Mouse_Thymus4,35_20,8,13686.0,9800.0
Mouse_Thymus4,32_51,1,13386.0,12900.0
Mouse_Thymus4,33_53,1,13486.0,13100.0
Mouse_Thymus4,44_73,8,14586.0,15100.0
Mouse_Thymus4,7_41,8,10886.0,11900.0
Mouse_Thymus4,10_48,6,11186.0,12600.0
Mouse_Thymus4,43_42,8,14486.0,12000.0
Mouse_Thymus4,28_21,2,12986.0,9900.0
Mouse_Thymus4,16_54,9,11786.0,13200.0
Mouse_Thymus4,41_47,0,14286.0,12500.0
Mouse_Thymus4,63_23,0,16486.0,10100.0
Mouse_Thymus4,45_68,7,14686.0,14600.0
Mouse_Thymus4,54_78,2,15586.0,15600.0
Mouse_Thymus4,58_3,8,15986.0,8100.0
Mouse_Thymus4,33_83,2,13486.0,16100.0
Mouse_Thymus4,66_9,4,16786.0,8700.0
Mouse_Thymus4,30_66,9,13186.0,14400.0
Mouse_Thymus4,31_96,8,13286.0,17400.0
Mouse_Thymus4,38_42,4,13986.0,12000.0
Mouse_Thymus4,54_107,1,15586.0,18500.0
Mouse_Thymus4,48_92,1,14986.0,17000.0
Mouse_Thymus4,44_102,4,14586.0,18000.0
Mouse_Thymus4,32_58,6,13386.0,13600.0
Mouse_Thymus4,18_28,0,11986.0,10600.0
Mouse_Thymus4,42_76,9,14386.0,15400.0
Mouse_Thymus4,42_27,1,14386.0,10500.0
Mouse_Thymus4,53_3,3,15486.0,8100.0
Mouse_Thymus4,13_57,4,11486.0,13500.0
Mouse_Thymus4,51_6,8,15286.0,8400.0
Mouse_Thymus4,36_19,4,13786.0,9700.0
Mouse_Thymus4,55_79,8,15686.0,15700.0
Mouse_Thymus4,36_27,1,13786.0,10500.0
Mouse_Thymus4,51_109,1,15286.0,18700.0
Mouse_Thymus4,59_16,6,16086.0,9400.0
Mouse_Thymus4,45_28,6,14686.0,10600.0
Mouse_Thymus4,32_40,4,13386.0,11800.0
Mouse_Thymus4,30_37,9,13186.0,11500.0
Mouse_Thymus4,32_90,8,13386.0,16800.0
Mouse_Thymus4,9_52,8,11086.0,13000.0
Mouse_Thymus4,43_95,3,14486.0,17300.0
Mouse_Thymus4,39_24,1,14086.0,10200.0
Mouse_Thymus4,27_31,9,12886.0,10900.0
Mouse_Thymus4,8_50,4,10986.0,12800.0
Mouse_Thymus4,55_3,8,15686.0,8100.0
Mouse_Thymus4,52_89,1,15386.0,16700.0
Mouse_Thymus4,56_24,4,15786.0,10200.0
Mouse_Thymus4,4_41,0,10586.0,11900.0
Mouse_Thymus4,44_83,1,14586.0,16100.0
Mouse_Thymus4,40_79,2,14186.0,15700.0
Mouse_Thymus4,42_52,1,14386.0,13000.0
Mouse_Thymus4,8_63,8,10986.0,14100.0
Mouse_Thymus4,10_41,6,11186.0,11900.0
Mouse_Thymus4,14_61,5,11586.0,13900.0
Mouse_Thymus4,24_65,1,12586.0,14300.0
Mouse_Thymus4,34_23,3,13586.0,10100.0
Mouse_Thymus4,17_70,3,11886.0,14800.0
Mouse_Thymus4,27_76,4,12886.0,15400.0
Mouse_Thymus4,44_49,1,14586.0,12700.0
Mouse_Thymus4,49_90,1,15086.0,16800.0
Mouse_Thymus4,24_22,2,12586.0,10000.0
Mouse_Thymus4,62_9,4,16386.0,8700.0
Mouse_Thymus4,25_84,6,12686.0,16200.0
Mouse_Thymus4,45_72,3,14686.0,15000.0
Mouse_Thymus4,52_98,1,15386.0,17600.0
Mouse_Thymus4,31_83,2,13286.0,16100.0
Mouse_Thymus4,30_73,2,13186.0,15100.0
Mouse_Thymus4,60_20,7,16186.0,9800.0
Mouse_Thymus4,19_49,1,12086.0,12700.0
Mouse_Thymus4,42_19,9,14386.0,9700.0
Mouse_Thymus4,59_33,3,16086.0,11100.0
Mouse_Thymus4,28_49,1,12986.0,12700.0
Mouse_Thymus4,25_60,1,12686.0,13800.0
Mouse_Thymus4,32_74,0,13386.0,15200.0
Mouse_Thymus4,51_5,8,15286.0,8300.0
Mouse_Thymus4,32_50,1,13386.0,12800.0
Mouse_Thymus4,47_89,6,14886.0,16700.0
Mouse_Thymus4,57_89,4,15886.0,16700.0
Mouse_Thymus4,17_32,4,11886.0,11000.0
Mouse_Thymus4,31_46,1,13286.0,12400.0
Mouse_Thymus4,51_115,4,15286.0,19300.0
Mouse_Thymus4,47_111,8,14886.0,18900.0
Mouse_Thymus4,55_91,8,15686.0,16900.0
Mouse_Thymus4,51_86,1,15286.0,16400.0
Mouse_Thymus4,28_89,6,12986.0,16700.0
Mouse_Thymus4,18_75,8,11986.0,15300.0
Mouse_Thymus4,49_41,8,15086.0,11900.0
Mouse_Thymus4,32_54,1,13386.0,13200.0
Mouse_Thymus4,41_85,4,14286.0,16300.0
Mouse_Thymus4,47_30,0,14886.0,10800.0
Mouse_Thymus4,12_59,5,11386.0,13700.0
Mouse_Thymus4,32_76,2,13386.0,15400.0
Mouse_Thymus4,51_108,1,15286.0,18600.0
Mouse_Thymus4,49_77,4,15086.0,15500.0
Mouse_Thymus4,18_33,6,11986.0,11100.0
Mouse_Thymus4,52_87,4,15386.0,16500.0
Mouse_Thymus4,22_29,4,12386.0,10700.0
Mouse_Thymus4,36_47,8,13786.0,12500.0
Mouse_Thymus4,14_39,9,11586.0,11700.0
Mouse_Thymus4,44_101,4,14586.0,17900.0
Mouse_Thymus4,43_45,4,14486.0,12300.0
Mouse_Thymus4,31_21,4,13286.0,9900.0
Mouse_Thymus4,41_65,3,14286.0,14300.0
Mouse_Thymus4,17_56,8,11886.0,13400.0
Mouse_Thymus4,8_42,4,10986.0,12000.0
Mouse_Thymus4,56_15,3,15786.0,9300.0
Mouse_Thymus4,44_38,6,14586.0,11600.0
Mouse_Thymus4,30_27,9,13186.0,10500.0
Mouse_Thymus4,52_24,0,15386.0,10200.0
Mouse_Thymus4,46_31,4,14786.0,10900.0
Mouse_Thymus4,36_46,8,13786.0,12400.0
Mouse_Thymus4,33_39,4,13486.0,11700.0
Mouse_Thymus4,52_37,3,15386.0,11500.0
Mouse_Thymus4,15_62,6,11686.0,14000.0
Mouse_Thymus4,6_41,8,10786.0,11900.0
Mouse_Thymus4,58_96,8,15986.0,17400.0
Mouse_Thymus4,35_89,2,13686.0,16700.0
Mouse_Thymus4,56_25,4,15786.0,10300.0
Mouse_Thymus4,52_46,4,15386.0,12400.0
Mouse_Thymus4,36_63,3,13786.0,14100.0
Mouse_Thymus4,16_68,4,11786.0,14600.0
Mouse_Thymus4,50_34,8,15186.0,11200.0
Mouse_Thymus4,42_89,0,14386.0,16700.0
Mouse_Thymus4,47_95,1,14886.0,17300.0
Mouse_Thymus4,21_73,8,12286.0,15100.0
Mouse_Thymus4,46_46,9,14786.0,12400.0
Mouse_Thymus4,28_20,0,12986.0,9800.0
Mouse_Thymus4,33_33,4,13486.0,11100.0
Mouse_Thymus4,55_108,2,15686.0,18600.0
Mouse_Thymus4,37_89,2,13886.0,16700.0
Mouse_Thymus4,60_86,8,16186.0,16400.0
Mouse_Thymus4,31_39,3,13286.0,11700.0
Mouse_Thymus4,62_27,4,16386.0,10500.0
Mouse_Thymus4,56_88,8,15786.0,16600.0
Mouse_Thymus4,25_61,9,12686.0,13900.0
Mouse_Thymus4,45_41,4,14686.0,11900.0
Mouse_Thymus4,47_83,1,14886.0,16100.0
Mouse_Thymus4,48_34,8,14986.0,11200.0
Mouse_Thymus4,55_24,3,15686.0,10200.0
Mouse_Thymus4,41_86,0,14286.0,16400.0
Mouse_Thymus4,43_64,8,14486.0,14200.0
Mouse_Thymus4,52_5,3,15386.0,8300.0
Mouse_Thymus4,48_19,1,14986.0,9700.0
Mouse_Thymus4,20_80,8,12186.0,15800.0
Mouse_Thymus4,50_74,4,15186.0,15200.0
Mouse_Thymus4,33_54,9,13486.0,13200.0
Mouse_Thymus4,56_34,2,15786.0,11200.0
Mouse_Thymus4,32_75,6,13386.0,15300.0
Mouse_Thymus4,53_91,1,15486.0,16900.0
Mouse_Thymus4,49_22,0,15086.0,10000.0
Mouse_Thymus4,25_63,2,12686.0,14100.0
Mouse_Thymus4,64_30,8,16586.0,10800.0
Mouse_Thymus4,51_12,4,15286.0,9000.0
Mouse_Thymus4,63_30,8,16486.0,10800.0
Mouse_Thymus4,2_57,4,10386.0,13500.0
Mouse_Thymus4,38_72,2,13986.0,15000.0
Mouse_Thymus4,52_115,3,15386.0,19300.0
Mouse_Thymus4,40_15,4,14186.0,9300.0
Mouse_Thymus4,28_74,4,12986.0,15200.0
Mouse_Thymus4,41_14,8,14286.0,9200.0
Mouse_Thymus4,22_56,6,12386.0,13400.0
Mouse_Thymus4,28_24,8,12986.0,10200.0
Mouse_Thymus4,53_8,9,15486.0,8600.0
Mouse_Thymus4,35_33,1,13686.0,11100.0
Mouse_Thymus4,27_66,1,12886.0,14400.0
Mouse_Thymus4,13_52,4,11486.0,13000.0
Mouse_Thymus4,32_56,2,13386.0,13400.0
Mouse_Thymus4,50_96,1,15186.0,17400.0
Mouse_Thymus4,48_15,9,14986.0,9300.0
Mouse_Thymus4,29_29,1,13086.0,10700.0
Mouse_Thymus4,21_37,1,12286.0,11500.0
Mouse_Thymus4,60_1,0,16186.0,7900.0
Mouse_Thymus4,46_97,1,14786.0,17500.0
Mouse_Thymus4,41_87,8,14286.0,16500.0
Mouse_Thymus4,4_55,4,10586.0,13300.0
Mouse_Thymus4,60_12,4,16186.0,9000.0
Mouse_Thymus4,42_47,1,14386.0,12500.0
Mouse_Thymus4,58_102,8,15986.0,18000.0
Mouse_Thymus4,39_97,4,14086.0,17500.0
Mouse_Thymus4,61_97,8,16286.0,17500.0
Mouse_Thymus4,49_23,4,15086.0,10100.0
Mouse_Thymus4,49_36,6,15086.0,11400.0
Mouse_Thymus4,21_36,5,12286.0,11400.0
Mouse_Thymus4,35_61,5,13686.0,13900.0
Mouse_Thymus4,54_38,6,15586.0,11600.0
Mouse_Thymus4,6_47,4,10786.0,12500.0
Mouse_Thymus4,68_2,8,16986.0,8000.0
Mouse_Thymus4,32_73,2,13386.0,15100.0
Mouse_Thymus4,50_49,4,15186.0,12700.0
Mouse_Thymus4,41_55,9,14286.0,13300.0
Mouse_Thymus4,43_43,8,14486.0,12100.0
Mouse_Thymus4,49_76,2,15086.0,15400.0
Mouse_Thymus4,57_41,7,15886.0,11900.0
Mouse_Thymus4,53_97,1,15486.0,17500.0
Mouse_Thymus4,37_35,2,13886.0,11300.0
Mouse_Thymus4,14_52,2,11586.0,13000.0
Mouse_Thymus4,30_86,2,13186.0,16400.0
Mouse_Thymus4,29_44,2,13086.0,12200.0
Mouse_Thymus4,50_45,4,15186.0,12300.0
Mouse_Thymus4,23_85,4,12486.0,16300.0
Mouse_Thymus4,33_43,9,13486.0,12100.0
Mouse_Thymus4,58_32,4,15986.0,11000.0
Mouse_Thymus4,47_19,9,14886.0,9700.0
Mouse_Thymus4,34_87,2,13586.0,16500.0
Mouse_Thymus4,29_89,4,13086.0,16700.0
Mouse_Thymus4,24_28,4,12586.0,10600.0
Mouse_Thymus4,63_24,8,16486.0,10200.0
Mouse_Thymus4,48_110,8,14986.0,18800.0
Mouse_Thymus4,47_37,8,14886.0,11500.0
Mouse_Thymus4,48_29,4,14986.0,10700.0
Mouse_Thymus4,33_87,2,13486.0,16500.0
Mouse_Thymus4,31_71,1,13286.0,14900.0
Mouse_Thymus4,27_26,4,12886.0,10400.0
Mouse_Thymus4,37_62,0,13886.0,14000.0
Mouse_Thymus4,31_40,4,13286.0,11800.0
Mouse_Thymus4,40_77,1,14186.0,15500.0
Mouse_Thymus4,62_94,8,16386.0,17200.0
Mouse_Thymus4,33_41,4,13486.0,11900.0
Mouse_Thymus4,59_38,8,16086.0,11600.0
Mouse_Thymus4,31_48,2,13286.0,12600.0
Mouse_Thymus4,58_13,3,15986.0,9100.0
Mouse_Thymus4,28_85,8,12986.0,16300.0
Mouse_Thymus4,3_51,3,10486.0,12900.0
Mouse_Thymus4,48_10,2,14986.0,8800.0
Mouse_Thymus4,61_11,3,16286.0,8900.0
Mouse_Thymus4,12_57,4,11386.0,13500.0
Mouse_Thymus4,30_31,9,13186.0,10900.0
Mouse_Thymus4,46_107,8,14786.0,18500.0
Mouse_Thymus4,52_7,4,15386.0,8500.0
Mouse_Thymus4,7_59,4,10886.0,13700.0
Mouse_Thymus4,55_101,2,15686.0,17900.0
Mouse_Thymus4,60_109,6,16186.0,18700.0
Mouse_Thymus4,34_37,4,13586.0,11500.0
Mouse_Thymus4,53_38,3,15486.0,11600.0
Mouse_Thymus4,25_30,2,12686.0,10800.0
Mouse_Thymus4,37_63,9,13886.0,14100.0
Mouse_Thymus4,33_17,0,13486.0,9500.0
Mouse_Thymus4,46_110,8,14786.0,18800.0
Mouse_Thymus4,5_41,4,10686.0,11900.0
Mouse_Thymus4,56_85,6,15786.0,16300.0
Mouse_Thymus4,49_86,1,15086.0,16400.0
Mouse_Thymus4,60_36,8,16186.0,11400.0
Mouse_Thymus4,14_34,3,11586.0,11200.0
Mouse_Thymus4,60_104,8,16186.0,18200.0
Mouse_Thymus4,29_40,2,13086.0,11800.0
Mouse_Thymus4,12_48,3,11386.0,12600.0
Mouse_Thymus4,18_70,0,11986.0,14800.0
Mouse_Thymus4,47_104,2,14886.0,18200.0
Mouse_Thymus4,55_114,2,15686.0,19200.0
Mouse_Thymus4,36_83,2,13786.0,16100.0
Mouse_Thymus4,27_38,1,12886.0,11600.0
Mouse_Thymus4,57_36,8,15886.0,11400.0
Mouse_Thymus4,49_21,4,15086.0,9900.0
Mouse_Thymus4,33_75,8,13486.0,15300.0
Mouse_Thymus4,19_29,4,12086.0,10700.0
Mouse_Thymus4,59_111,0,16086.0,18900.0
Mouse_Thymus4,35_29,4,13686.0,10700.0
Mouse_Thymus4,56_40,8,15786.0,11800.0
Mouse_Thymus4,33_20,4,13486.0,9800.0
Mouse_Thymus4,10_34,8,11186.0,11200.0
Mouse_Thymus4,15_44,8,11686.0,12200.0
Mouse_Thymus4,12_52,4,11386.0,13000.0
Mouse_Thymus4,63_1,2,16486.0,7900.0
Mouse_Thymus4,51_82,2,15286.0,16000.0
Mouse_Thymus4,54_26,4,15586.0,10400.0
Mouse_Thymus4,17_77,8,11886.0,15500.0
Mouse_Thymus4,53_119,8,15486.0,19700.0
Mouse_Thymus4,33_92,8,13486.0,17000.0
Mouse_Thymus4,54_3,3,15586.0,8100.0
Mouse_Thymus4,65_4,2,16686.0,8200.0
Mouse_Thymus4,41_80,1,14286.0,15800.0
Mouse_Thymus4,55_118,3,15686.0,19600.0
Mouse_Thymus4,63_3,4,16486.0,8100.0
Mouse_Thymus4,19_81,8,12086.0,15900.0
Mouse_Thymus4,52_18,8,15386.0,9600.0
Mouse_Thymus4,49_46,4,15086.0,12400.0
Mouse_Thymus4,47_21,1,14886.0,9900.0
Mouse_Thymus4,43_96,8,14486.0,17400.0
Mouse_Thymus4,62_6,8,16386.0,8400.0
Mouse_Thymus4,2_55,4,10386.0,13300.0
Mouse_Thymus4,36_61,3,13786.0,13900.0
Mouse_Thymus4,42_73,9,14386.0,15100.0
Mouse_Thymus4,49_13,1,15086.0,9100.0
Mouse_Thymus4,45_46,4,14686.0,12400.0
Mouse_Thymus4,15_66,8,11686.0,14400.0
Mouse_Thymus4,26_57,1,12786.0,13500.0
Mouse_Thymus4,52_77,6,15386.0,15500.0
Mouse_Thymus4,37_30,9,13886.0,10800.0
Mouse_Thymus4,28_59,1,12986.0,13700.0
Mouse_Thymus4,44_31,4,14586.0,10900.0
Mouse_Thymus4,45_83,1,14686.0,16100.0
Mouse_Thymus4,55_102,8,15686.0,18000.0
Mouse_Thymus4,46_38,4,14786.0,11600.0
Mouse_Thymus4,26_28,3,12786.0,10600.0
Mouse_Thymus4,52_83,9,15386.0,16100.0
Mouse_Thymus4,65_6,4,16686.0,8400.0
Mouse_Thymus4,28_73,6,12986.0,15100.0
Mouse_Thymus4,70_0,8,17186.0,7800.0
Mouse_Thymus4,40_12,0,14186.0,9000.0
Mouse_Thymus4,40_102,7,14186.0,18000.0
Mouse_Thymus4,56_5,4,15786.0,8300.0
Mouse_Thymus4,28_55,1,12986.0,13300.0
Mouse_Thymus4,58_5,9,15986.0,8300.0
Mouse_Thymus4,22_83,4,12386.0,16100.0
Mouse_Thymus4,47_46,2,14886.0,12400.0
Mouse_Thymus4,48_72,0,14986.0,15000.0
Mouse_Thymus4,9_45,4,11086.0,12300.0
Mouse_Thymus4,47_97,1,14886.0,17500.0
Mouse_Thymus4,43_91,8,14486.0,16900.0
Mouse_Thymus4,5_50,4,10686.0,12800.0
Mouse_Thymus4,15_56,4,11686.0,13400.0
Mouse_Thymus4,41_26,1,14286.0,10400.0
Mouse_Thymus4,52_38,4,15386.0,11600.0
Mouse_Thymus4,25_40,1,12686.0,11800.0
Mouse_Thymus4,29_21,8,13086.0,9900.0
Mouse_Thymus4,50_9,9,15186.0,8700.0
Mouse_Thymus4,29_86,2,13086.0,16400.0
Mouse_Thymus4,56_28,4,15786.0,10600.0
Mouse_Thymus4,48_21,5,14986.0,9900.0
Mouse_Thymus4,48_3,7,14986.0,8100.0
Mouse_Thymus4,10_35,8,11186.0,11300.0
Mouse_Thymus4,48_16,2,14986.0,9400.0
Mouse_Thymus4,50_83,1,15186.0,16100.0
Mouse_Thymus4,59_108,8,16086.0,18600.0
Mouse_Thymus4,14_50,8,11586.0,12800.0
Mouse_Thymus4,9_54,4,11086.0,13200.0
Mouse_Thymus4,58_26,6,15986.0,10400.0
Mouse_Thymus4,64_11,8,16586.0,8900.0
Mouse_Thymus4,55_25,8,15686.0,10300.0
Mouse_Thymus4,45_22,4,14686.0,10000.0
Mouse_Thymus4,44_87,9,14586.0,16500.0
Mouse_Thymus4,20_50,6,12186.0,12800.0
Mouse_Thymus4,44_88,4,14586.0,16600.0
Mouse_Thymus4,38_43,4,13986.0,12100.0
Mouse_Thymus4,28_67,1,12986.0,14500.0
Mouse_Thymus4,22_75,1,12386.0,15300.0
Mouse_Thymus4,51_113,2,15286.0,19100.0
Mouse_Thymus4,48_112,6,14986.0,19000.0
Mouse_Thymus4,37_48,6,13886.0,12600.0
Mouse_Thymus4,15_37,6,11686.0,11500.0
Mouse_Thymus4,59_9,1,16086.0,8700.0
Mouse_Thymus4,49_10,9,15086.0,8800.0
Mouse_Thymus4,46_42,4,14786.0,12000.0
Mouse_Thymus4,42_86,2,14386.0,16400.0
Mouse_Thymus4,5_61,8,10686.0,13900.0
Mouse_Thymus4,48_82,1,14986.0,16000.0
Mouse_Thymus4,51_94,1,15286.0,17200.0
Mouse_Thymus4,41_59,6,14286.0,13700.0
Mouse_Thymus4,21_29,4,12286.0,10700.0
Mouse_Thymus4,21_45,1,12286.0,12300.0
Mouse_Thymus4,37_93,8,13886.0,17100.0
Mouse_Thymus4,44_25,5,14586.0,10300.0
Mouse_Thymus4,45_13,9,14686.0,9100.0
Mouse_Thymus4,38_71,2,13986.0,14900.0
Mouse_Thymus4,44_20,1,14586.0,9800.0
Mouse_Thymus4,7_37,8,10886.0,11500.0
Mouse_Thymus4,30_92,6,13186.0,17000.0
Mouse_Thymus4,43_108,7,14486.0,18600.0
Mouse_Thymus4,23_27,8,12486.0,10500.0
Mouse_Thymus4,24_68,1,12586.0,14600.0
Mouse_Thymus4,33_65,2,13486.0,14300.0
Mouse_Thymus4,25_43,1,12686.0,12100.0
Mouse_Thymus4,57_98,8,15886.0,17600.0
Mouse_Thymus4,28_62,3,12986.0,14000.0
Mouse_Thymus4,51_42,5,15286.0,12000.0
Mouse_Thymus4,38_31,1,13986.0,10900.0
Mouse_Thymus4,10_62,4,11186.0,14000.0
Mouse_Thymus4,44_108,8,14586.0,18600.0
Mouse_Thymus4,50_79,8,15186.0,15700.0
Mouse_Thymus4,38_39,0,13986.0,11700.0
Mouse_Thymus4,46_17,1,14786.0,9500.0
Mouse_Thymus4,41_13,8,14286.0,9100.0
Mouse_Thymus4,53_106,1,15486.0,18400.0
Mouse_Thymus4,14_47,4,11586.0,12500.0
Mouse_Thymus4,54_92,2,15586.0,17000.0
Mouse_Thymus4,6_45,8,10786.0,12300.0
Mouse_Thymus4,33_24,9,13486.0,10200.0
Mouse_Thymus4,46_7,8,14786.0,8500.0
Mouse_Thymus4,45_24,4,14686.0,10200.0
Mouse_Thymus4,0_54,8,10186.0,13200.0
Mouse_Thymus4,63_8,8,16486.0,8600.0
Mouse_Thymus4,36_18,4,13786.0,9600.0
Mouse_Thymus4,62_99,8,16386.0,17700.0
Mouse_Thymus4,26_22,0,12786.0,10000.0
Mouse_Thymus4,28_79,8,12986.0,15700.0
Mouse_Thymus4,39_92,8,14086.0,17000.0
Mouse_Thymus4,20_82,8,12186.0,16000.0
Mouse_Thymus4,14_32,8,11586.0,11000.0
Mouse_Thymus4,19_57,6,12086.0,13500.0
Mouse_Thymus4,48_86,1,14986.0,16400.0
Mouse_Thymus4,55_34,4,15686.0,11200.0
Mouse_Thymus4,30_82,1,13186.0,16000.0
Mouse_Thymus4,52_104,1,15386.0,18200.0
Mouse_Thymus4,29_91,8,13086.0,16900.0
Mouse_Thymus4,48_79,3,14986.0,15700.0
Mouse_Thymus4,40_72,2,14186.0,15000.0
Mouse_Thymus4,30_55,2,13186.0,13300.0
Mouse_Thymus4,25_52,1,12686.0,13000.0
Mouse_Thymus4,60_37,7,16186.0,11500.0
Mouse_Thymus4,25_25,4,12686.0,10300.0
Mouse_Thymus4,58_92,8,15986.0,17000.0
Mouse_Thymus4,16_36,4,11786.0,11400.0
Mouse_Thymus4,36_55,8,13786.0,13300.0
Mouse_Thymus4,15_46,3,11686.0,12400.0
Mouse_Thymus4,18_42,1,11986.0,12000.0
Mouse_Thymus4,9_58,3,11086.0,13600.0
Mouse_Thymus4,42_13,4,14386.0,9100.0
Mouse_Thymus4,51_78,8,15286.0,15600.0
Mouse_Thymus4,5_60,8,10686.0,13800.0
Mouse_Thymus4,35_32,9,13686.0,11000.0
Mouse_Thymus4,29_30,1,13086.0,10800.0
Mouse_Thymus4,59_6,1,16086.0,8400.0
Mouse_Thymus4,47_29,8,14886.0,10700.0
Mouse_Thymus4,55_6,9,15686.0,8400.0
Mouse_Thymus4,39_68,9,14086.0,14600.0
Mouse_Thymus4,36_44,2,13786.0,12200.0
Mouse_Thymus4,4_46,3,10586.0,12400.0
Mouse_Thymus4,46_54,7,14786.0,13200.0
Mouse_Thymus4,19_76,4,12086.0,15400.0
Mouse_Thymus4,48_31,0,14986.0,10900.0
Mouse_Thymus4,33_15,7,13486.0,9300.0
Mouse_Thymus4,45_87,1,14686.0,16500.0
Mouse_Thymus4,40_58,1,14186.0,13600.0
Mouse_Thymus4,33_63,2,13486.0,14100.0
Mouse_Thymus4,44_78,1,14586.0,15600.0
Mouse_Thymus4,41_61,8,14286.0,13900.0
Mouse_Thymus4,59_89,8,16086.0,16700.0
Mouse_Thymus4,48_74,8,14986.0,15200.0
Mouse_Thymus4,29_47,2,13086.0,12500.0
Mouse_Thymus4,5_51,0,10686.0,12900.0
Mouse_Thymus4,26_26,8,12786.0,10400.0
Mouse_Thymus4,36_51,2,13786.0,12900.0
Mouse_Thymus4,57_99,3,15886.0,17700.0
Mouse_Thymus4,23_70,9,12486.0,14800.0
Mouse_Thymus4,48_52,7,14986.0,13000.0
Mouse_Thymus4,51_104,1,15286.0,18200.0
Mouse_Thymus4,25_86,3,12686.0,16400.0
Mouse_Thymus4,36_72,3,13786.0,15000.0
Mouse_Thymus4,53_98,1,15486.0,17600.0
Mouse_Thymus4,45_50,1,14686.0,12800.0
Mouse_Thymus4,17_68,8,11886.0,14600.0
Mouse_Thymus4,22_36,0,12386.0,11400.0
Mouse_Thymus4,26_79,2,12786.0,15700.0
Mouse_Thymus4,29_79,1,13086.0,15700.0
Mouse_Thymus4,32_41,9,13386.0,11900.0
Mouse_Thymus4,45_105,8,14686.0,18300.0
Mouse_Thymus4,42_64,6,14386.0,14200.0
Mouse_Thymus4,19_73,8,12086.0,15100.0
Mouse_Thymus4,39_61,9,14086.0,13900.0
Mouse_Thymus4,49_73,0,15086.0,15100.0
Mouse_Thymus4,20_76,4,12186.0,15400.0
Mouse_Thymus4,13_69,7,11486.0,14700.0
Mouse_Thymus4,42_14,8,14386.0,9200.0
Mouse_Thymus4,30_58,1,13186.0,13600.0
Mouse_Thymus4,37_95,4,13886.0,17300.0
Mouse_Thymus4,6_46,4,10786.0,12400.0
Mouse_Thymus4,9_50,8,11086.0,12800.0
Mouse_Thymus4,32_92,3,13386.0,17000.0
Mouse_Thymus4,31_29,9,13286.0,10700.0
Mouse_Thymus4,21_68,8,12286.0,14600.0
Mouse_Thymus4,37_57,2,13886.0,13500.0
Mouse_Thymus4,56_84,6,15786.0,16200.0
Mouse_Thymus4,30_48,8,13186.0,12600.0
Mouse_Thymus4,40_22,1,14186.0,10000.0
Mouse_Thymus4,41_56,1,14286.0,13400.0
Mouse_Thymus4,46_44,3,14786.0,12200.0
Mouse_Thymus4,16_73,3,11786.0,15100.0
Mouse_Thymus4,8_58,3,10986.0,13600.0
Mouse_Thymus4,51_37,4,15286.0,11500.0
Mouse_Thymus4,20_79,4,12186.0,15700.0
Mouse_Thymus4,21_75,3,12286.0,15300.0
Mouse_Thymus4,31_17,7,13286.0,9500.0
Mouse_Thymus4,1_58,3,10286.0,13600.0
Mouse_Thymus4,51_97,1,15286.0,17500.0
Mouse_Thymus4,32_24,4,13386.0,10200.0
Mouse_Thymus4,52_118,8,15386.0,19600.0
Mouse_Thymus4,4_56,4,10586.0,13400.0
Mouse_Thymus4,5_44,8,10686.0,12200.0
Mouse_Thymus4,46_26,5,14786.0,10400.0
Mouse_Thymus4,20_40,1,12186.0,11800.0
Mouse_Thymus4,6_50,4,10786.0,12800.0
Mouse_Thymus4,59_99,2,16086.0,17700.0
Mouse_Thymus4,47_99,7,14886.0,17700.0
Mouse_Thymus4,42_87,4,14386.0,16500.0
Mouse_Thymus4,42_37,6,14386.0,11500.0
Mouse_Thymus4,30_17,7,13186.0,9500.0
Mouse_Thymus4,12_39,8,11386.0,11700.0
Mouse_Thymus4,51_4,3,15286.0,8200.0
Mouse_Thymus4,8_53,4,10986.0,13100.0
Mouse_Thymus4,62_32,6,16386.0,11000.0
Mouse_Thymus4,51_88,1,15286.0,16600.0
Mouse_Thymus4,7_58,4,10886.0,13600.0
Mouse_Thymus4,45_10,6,14686.0,8800.0
Mouse_Thymus4,42_38,0,14386.0,11600.0
Mouse_Thymus4,61_91,4,16286.0,16900.0
Mouse_Thymus4,10_44,4,11186.0,12200.0
Mouse_Thymus4,51_96,1,15286.0,17400.0
Mouse_Thymus4,6_51,0,10786.0,12900.0
Mouse_Thymus4,40_56,1,14186.0,13400.0
Mouse_Thymus4,47_77,8,14886.0,15500.0
Mouse_Thymus4,12_44,4,11386.0,12200.0
Mouse_Thymus4,19_44,9,12086.0,12200.0
Mouse_Thymus4,12_64,4,11386.0,14200.0
Mouse_Thymus4,50_40,4,15186.0,11800.0
Mouse_Thymus4,53_115,4,15486.0,19300.0
Mouse_Thymus4,71_0,8,17286.0,7800.0
Mouse_Thymus4,36_84,6,13786.0,16200.0
Mouse_Thymus4,0_57,8,10186.0,13500.0
Mouse_Thymus4,29_60,1,13086.0,13800.0
Mouse_Thymus4,58_28,4,15986.0,10600.0
Mouse_Thymus4,55_16,4,15686.0,9400.0
Mouse_Thymus4,60_91,3,16186.0,16900.0
Mouse_Thymus4,51_49,4,15286.0,12700.0
Mouse_Thymus4,16_51,8,11786.0,12900.0
Mouse_Thymus4,47_11,9,14886.0,8900.0
Mouse_Thymus4,29_81,2,13086.0,15900.0
Mouse_Thymus4,41_11,8,14286.0,8900.0
Mouse_Thymus4,38_84,2,13986.0,16200.0
Mouse_Thymus4,33_95,4,13486.0,17300.0
Mouse_Thymus4,58_110,4,15986.0,18800.0
Mouse_Thymus4,6_48,8,10786.0,12600.0
Mouse_Thymus4,23_60,2,12486.0,13800.0
Mouse_Thymus4,54_34,4,15586.0,11200.0
Mouse_Thymus4,37_71,2,13886.0,14900.0
Mouse_Thymus4,33_70,2,13486.0,14800.0
Mouse_Thymus4,15_73,8,11686.0,15100.0
Mouse_Thymus4,28_64,5,12986.0,14200.0
Mouse_Thymus4,25_48,9,12686.0,12600.0
Mouse_Thymus4,41_9,0,14286.0,8700.0
Mouse_Thymus4,33_46,0,13486.0,12400.0
Mouse_Thymus4,54_88,8,15586.0,16600.0
Mouse_Thymus4,52_3,0,15386.0,8100.0
Mouse_Thymus4,29_90,4,13086.0,16800.0
Mouse_Thymus4,21_54,6,12286.0,13200.0
Mouse_Thymus4,36_28,2,13786.0,10600.0
Mouse_Thymus4,11_51,8,11286.0,12900.0
Mouse_Thymus4,47_28,4,14886.0,10600.0
Mouse_Thymus4,50_3,3,15186.0,8100.0
Mouse_Thymus4,32_48,9,13386.0,12600.0
Mouse_Thymus4,36_20,2,13786.0,9800.0
Mouse_Thymus4,52_43,5,15386.0,12100.0
Mouse_Thymus4,40_50,1,14186.0,12800.0
Mouse_Thymus4,61_105,8,16286.0,18300.0
Mouse_Thymus4,26_25,8,12786.0,10300.0
Mouse_Thymus4,72_1,7,17386.0,7900.0
Mouse_Thymus4,64_10,2,16586.0,8800.0
Mouse_Thymus4,49_79,8,15086.0,15700.0
Mouse_Thymus4,1_54,8,10286.0,13200.0
Mouse_Thymus4,4_43,0,10586.0,12100.0
Mouse_Thymus4,51_28,0,15286.0,10600.0
Mouse_Thymus4,52_28,4,15386.0,10600.0
Mouse_Thymus4,55_100,2,15686.0,17800.0
Mouse_Thymus4,46_40,3,14786.0,11800.0
Mouse_Thymus4,27_34,9,12886.0,11200.0
Mouse_Thymus4,53_36,4,15486.0,11400.0
Mouse_Thymus4,30_74,2,13186.0,15200.0
Mouse_Thymus4,26_30,9,12786.0,10800.0
Mouse_Thymus4,40_38,4,14186.0,11600.0
Mouse_Thymus4,22_71,2,12386.0,14900.0
Mouse_Thymus4,24_66,1,12586.0,14400.0
Mouse_Thymus4,51_84,2,15286.0,16200.0
Mouse_Thymus4,52_76,8,15386.0,15400.0
Mouse_Thymus4,44_95,8,14586.0,17300.0
Mouse_Thymus4,58_37,8,15986.0,11500.0
Mouse_Thymus4,21_35,5,12286.0,11300.0
Mouse_Thymus4,47_44,4,14886.0,12200.0
Mouse_Thymus4,40_45,8,14186.0,12300.0
Mouse_Thymus4,25_42,2,12686.0,12000.0
Mouse_Thymus4,39_84,8,14086.0,16200.0
Mouse_Thymus4,40_54,1,14186.0,13200.0
Mouse_Thymus4,38_57,9,13986.0,13500.0
Mouse_Thymus4,41_102,0,14286.0,18000.0
Mouse_Thymus4,24_77,4,12586.0,15500.0
Mouse_Thymus4,44_19,1,14586.0,9700.0
Mouse_Thymus4,42_40,4,14386.0,11800.0
Mouse_Thymus4,21_67,8,12286.0,14500.0
Mouse_Thymus4,60_30,4,16186.0,10800.0
Mouse_Thymus4,10_58,4,11186.0,13600.0
Mouse_Thymus4,60_21,0,16186.0,9900.0
Mouse_Thymus4,58_86,2,15986.0,16400.0
Mouse_Thymus4,43_71,3,14486.0,14900.0
Mouse_Thymus4,33_69,2,13486.0,14700.0
Mouse_Thymus4,7_33,7,10886.0,11100.0
Mouse_Thymus4,50_19,4,15186.0,9700.0
Mouse_Thymus4,20_60,9,12186.0,13800.0
Mouse_Thymus4,21_30,6,12286.0,10800.0
Mouse_Thymus4,26_50,2,12786.0,12800.0
Mouse_Thymus4,70_5,8,17186.0,8300.0
Mouse_Thymus4,43_35,4,14486.0,11300.0
Mouse_Thymus4,28_90,3,12986.0,16800.0
Mouse_Thymus4,52_90,1,15386.0,16800.0
Mouse_Thymus4,41_16,9,14286.0,9400.0
Mouse_Thymus4,53_76,7,15486.0,15400.0
Mouse_Thymus4,29_65,2,13086.0,14300.0
Mouse_Thymus4,14_51,4,11586.0,12900.0
Mouse_Thymus4,22_84,4,12386.0,16200.0
Mouse_Thymus4,52_95,1,15386.0,17300.0
Mouse_Thymus4,15_45,2,11686.0,12300.0
Mouse_Thymus4,40_32,5,14186.0,11000.0
Mouse_Thymus4,55_8,1,15686.0,8600.0
Mouse_Thymus4,47_53,7,14886.0,13100.0
Mouse_Thymus4,21_70,2,12286.0,14800.0
Mouse_Thymus4,40_98,4,14186.0,17600.0
Mouse_Thymus4,52_44,8,15386.0,12200.0
Mouse_Thymus4,17_60,6,11886.0,13800.0
Mouse_Thymus4,48_98,1,14986.0,17600.0
Mouse_Thymus4,62_23,6,16386.0,10100.0
Mouse_Thymus4,50_114,8,15186.0,19200.0
Mouse_Thymus4,30_45,1,13186.0,12300.0
Mouse_Thymus4,20_58,9,12186.0,13600.0
Mouse_Thymus4,28_83,8,12986.0,16100.0
Mouse_Thymus4,55_115,3,15686.0,19300.0
Mouse_Thymus4,62_2,3,16386.0,8000.0
Mouse_Thymus4,4_60,6,10586.0,13800.0
Mouse_Thymus4,30_94,8,13186.0,17200.0
Mouse_Thymus4,46_105,6,14786.0,18300.0
Mouse_Thymus4,45_11,2,14686.0,8900.0
Mouse_Thymus4,38_93,8,13986.0,17100.0
Mouse_Thymus4,28_25,8,12986.0,10300.0
Mouse_Thymus4,56_117,3,15786.0,19500.0
Mouse_Thymus4,31_60,2,13286.0,13800.0
Mouse_Thymus4,35_82,8,13686.0,16000.0
Mouse_Thymus4,37_38,6,13886.0,11600.0
Mouse_Thymus4,35_46,4,13686.0,12400.0
Mouse_Thymus4,50_17,6,15186.0,9500.0
Mouse_Thymus4,26_40,9,12786.0,11800.0
Mouse_Thymus4,45_53,9,14686.0,13100.0
Mouse_Thymus4,61_23,3,16286.0,10100.0
Mouse_Thymus4,26_44,2,12786.0,12200.0
Mouse_Thymus4,59_11,8,16086.0,8900.0
Mouse_Thymus4,26_53,9,12786.0,13100.0
Mouse_Thymus4,24_86,8,12586.0,16400.0
Mouse_Thymus4,40_92,8,14186.0,17000.0
Mouse_Thymus4,15_65,3,11686.0,14300.0
Mouse_Thymus4,22_78,4,12386.0,15600.0
Mouse_Thymus4,27_23,8,12886.0,10100.0
Mouse_Thymus4,34_62,4,13586.0,14000.0
Mouse_Thymus4,42_46,4,14386.0,12400.0
Mouse_Thymus4,44_41,4,14586.0,11900.0
Mouse_Thymus4,35_94,2,13686.0,17200.0
Mouse_Thymus4,39_58,9,14086.0,13600.0
Mouse_Thymus4,47_109,8,14886.0,18700.0
Mouse_Thymus4,67_2,2,16886.0,8000.0
Mouse_Thymus4,26_69,1,12786.0,14700.0
Mouse_Thymus4,32_57,9,13386.0,13500.0
Mouse_Thymus4,31_66,2,13286.0,14400.0
Mouse_Thymus4,35_35,9,13686.0,11300.0
Mouse_Thymus4,18_29,3,11986.0,10700.0
Mouse_Thymus4,57_91,8,15886.0,16900.0
Mouse_Thymus4,42_8,3,14386.0,8600.0
Mouse_Thymus4,65_8,8,16686.0,8600.0
Mouse_Thymus4,58_109,8,15986.0,18700.0
Mouse_Thymus4,60_110,0,16186.0,18800.0
Mouse_Thymus4,31_50,9,13286.0,12800.0
Mouse_Thymus4,49_114,8,15086.0,19200.0
Mouse_Thymus4,55_105,2,15686.0,18300.0
Mouse_Thymus4,58_34,8,15986.0,11200.0
Mouse_Thymus4,56_91,3,15786.0,16900.0
Mouse_Thymus4,44_33,8,14586.0,11100.0
Mouse_Thymus4,55_116,8,15686.0,19400.0
Mouse_Thymus4,27_48,1,12886.0,12600.0
Mouse_Thymus4,55_10,3,15686.0,8800.0
Mouse_Thymus4,50_111,9,15186.0,18900.0
Mouse_Thymus4,46_14,1,14786.0,9200.0
Mouse_Thymus4,44_91,0,14586.0,16900.0
Mouse_Thymus4,29_78,1,13086.0,15600.0
Mouse_Thymus4,43_37,4,14486.0,11500.0
Mouse_Thymus4,25_78,4,12686.0,15600.0
Mouse_Thymus4,14_57,3,11586.0,13500.0
Mouse_Thymus4,53_44,5,15486.0,12200.0
Mouse_Thymus4,50_48,9,15186.0,12600.0
Mouse_Thymus4,23_66,9,12486.0,14400.0
Mouse_Thymus4,13_33,9,11486.0,11100.0
Mouse_Thymus4,33_32,6,13486.0,11000.0
Mouse_Thymus4,31_87,6,13286.0,16500.0
Mouse_Thymus4,32_19,3,13386.0,9700.0
Mouse_Thymus4,35_58,4,13686.0,13600.0
Mouse_Thymus4,44_10,8,14586.0,8800.0
Mouse_Thymus4,32_89,1,13386.0,16700.0
Mouse_Thymus4,45_40,4,14686.0,11800.0
Mouse_Thymus4,25_82,3,12686.0,16000.0
Mouse_Thymus4,9_39,4,11086.0,11700.0
Mouse_Thymus4,43_16,1,14486.0,9400.0
Mouse_Thymus4,49_39,4,15086.0,11700.0
Mouse_Thymus4,38_19,1,13986.0,9700.0
Mouse_Thymus4,40_41,4,14186.0,11900.0
Mouse_Thymus4,50_100,1,15186.0,17800.0
Mouse_Thymus4,24_40,1,12586.0,11800.0
Mouse_Thymus4,39_54,9,14086.0,13200.0
Mouse_Thymus4,45_73,8,14686.0,15100.0
Mouse_Thymus4,56_32,8,15786.0,11000.0
Mouse_Thymus4,30_93,4,13186.0,17100.0
Mouse_Thymus4,58_99,8,15986.0,17700.0
Mouse_Thymus4,46_4,7,14786.0,8200.0
Mouse_Thymus4,46_88,1,14786.0,16600.0
Mouse_Thymus4,10_33,0,11186.0,11100.0
Mouse_Thymus4,59_107,4,16086.0,18500.0
Mouse_Thymus4,39_72,1,14086.0,15000.0
Mouse_Thymus4,5_58,4,10686.0,13600.0
Mouse_Thymus4,28_50,1,12986.0,12800.0
Mouse_Thymus4,35_64,9,13686.0,14200.0
Mouse_Thymus4,48_105,3,14986.0,18300.0
Mouse_Thymus4,3_53,6,10486.0,13100.0
Mouse_Thymus4,51_98,1,15286.0,17600.0
Mouse_Thymus4,30_47,2,13186.0,12500.0
Mouse_Thymus4,53_42,6,15486.0,12000.0
Mouse_Thymus4,52_15,4,15386.0,9300.0
Mouse_Thymus4,29_87,8,13086.0,16500.0
Mouse_Thymus4,2_52,6,10386.0,13000.0
Mouse_Thymus4,13_47,6,11486.0,12500.0
Mouse_Thymus4,43_23,9,14486.0,10100.0
Mouse_Thymus4,56_109,3,15786.0,18700.0
Mouse_Thymus4,27_73,4,12886.0,15100.0
Mouse_Thymus4,10_56,6,11186.0,13400.0
Mouse_Thymus4,71_4,8,17286.0,8200.0
Mouse_Thymus4,51_30,8,15286.0,10800.0
Mouse_Thymus4,27_89,8,12886.0,16700.0
Mouse_Thymus4,23_62,9,12486.0,14000.0
Mouse_Thymus4,58_94,4,15986.0,17200.0
Mouse_Thymus4,27_58,1,12886.0,13600.0
Mouse_Thymus4,60_105,8,16186.0,18300.0
Mouse_Thymus4,33_52,1,13486.0,13000.0
Mouse_Thymus4,57_85,8,15886.0,16300.0
Mouse_Thymus4,7_51,4,10886.0,12900.0
Mouse_Thymus4,23_56,3,12486.0,13400.0
Mouse_Thymus4,57_15,8,15886.0,9300.0
Mouse_Thymus4,42_65,8,14386.0,14300.0
Mouse_Thymus4,49_107,1,15086.0,18500.0
Mouse_Thymus4,15_68,4,11686.0,14600.0
Mouse_Thymus4,18_60,2,11986.0,13800.0
Mouse_Thymus4,52_109,1,15386.0,18700.0
Mouse_Thymus4,32_22,4,13386.0,10000.0
Mouse_Thymus4,45_49,1,14686.0,12700.0
Mouse_Thymus4,41_82,1,14286.0,16000.0
Mouse_Thymus4,21_56,2,12286.0,13400.0
Mouse_Thymus4,62_91,7,16386.0,16900.0
Mouse_Thymus4,63_13,7,16486.0,9100.0
Mouse_Thymus4,41_77,1,14286.0,15500.0
Mouse_Thymus4,52_19,4,15386.0,9700.0
Mouse_Thymus4,50_110,9,15186.0,18800.0
Mouse_Thymus4,62_97,6,16386.0,17500.0
Mouse_Thymus4,51_46,5,15286.0,12400.0
Mouse_Thymus4,18_57,4,11986.0,13500.0
Mouse_Thymus4,25_28,2,12686.0,10600.0
Mouse_Thymus4,40_94,4,14186.0,17200.0
Mouse_Thymus4,5_57,4,10686.0,13500.0
Mouse_Thymus4,20_41,1,12186.0,11900.0
Mouse_Thymus4,25_75,8,12686.0,15300.0
Mouse_Thymus4,55_117,8,15686.0,19500.0
Mouse_Thymus4,41_98,8,14286.0,17600.0
Mouse_Thymus4,58_89,6,15986.0,16700.0
Mouse_Thymus4,54_89,8,15586.0,16700.0
Mouse_Thymus4,62_25,8,16386.0,10300.0
Mouse_Thymus4,56_12,4,15786.0,9000.0
Mouse_Thymus4,41_78,1,14286.0,15600.0
Mouse_Thymus4,19_62,4,12086.0,14000.0
Mouse_Thymus4,43_24,9,14486.0,10200.0
Mouse_Thymus4,69_4,3,17086.0,8200.0
Mouse_Thymus4,33_72,1,13486.0,15000.0
Mouse_Thymus4,31_57,1,13286.0,13500.0
Mouse_Thymus4,59_4,0,16086.0,8200.0
Mouse_Thymus4,23_37,2,12486.0,11500.0
Mouse_Thymus4,35_37,6,13686.0,11500.0
Mouse_Thymus4,41_88,8,14286.0,16600.0
Mouse_Thymus4,60_93,8,16186.0,17100.0
Mouse_Thymus4,3_50,4,10486.0,12800.0
Mouse_Thymus4,53_21,4,15486.0,9900.0
Mouse_Thymus4,18_73,4,11986.0,15100.0
Mouse_Thymus4,52_111,1,15386.0,18900.0
Mouse_Thymus4,54_29,8,15586.0,10700.0
Mouse_Thymus4,61_13,4,16286.0,9100.0
Mouse_Thymus4,47_91,9,14886.0,16900.0
Mouse_Thymus4,61_3,8,16286.0,8100.0
Mouse_Thymus4,34_54,1,13586.0,13200.0
Mouse_Thymus4,25_22,0,12686.0,10000.0
Mouse_Thymus4,43_22,2,14486.0,10000.0
Mouse_Thymus4,28_48,1,12986.0,12600.0
Mouse_Thymus4,26_61,1,12786.0,13900.0
Mouse_Thymus4,50_109,1,15186.0,18700.0
Mouse_Thymus4,29_43,6,13086.0,12100.0
Mouse_Thymus4,3_48,3,10486.0,12600.0
Mouse_Thymus4,22_85,8,12386.0,16300.0
Mouse_Thymus4,34_58,0,13586.0,13600.0
Mouse_Thymus4,65_5,6,16686.0,8300.0
Mouse_Thymus4,42_66,2,14386.0,14400.0
Mouse_Thymus4,39_28,9,14086.0,10600.0
Mouse_Thymus4,16_38,4,11786.0,11600.0
Mouse_Thymus4,22_60,4,12386.0,13800.0
Mouse_Thymus4,17_54,4,11886.0,13200.0
Mouse_Thymus4,22_41,9,12386.0,11900.0
Mouse_Thymus4,51_9,1,15286.0,8700.0
Mouse_Thymus4,40_59,0,14186.0,13700.0
Mouse_Thymus4,24_64,1,12586.0,14200.0
Mouse_Thymus4,37_42,8,13886.0,12000.0
Mouse_Thymus4,50_90,1,15186.0,16800.0
Mouse_Thymus4,52_92,1,15386.0,17000.0
Mouse_Thymus4,35_70,8,13686.0,14800.0
Mouse_Thymus4,7_49,4,10886.0,12700.0
Mouse_Thymus4,1_52,8,10286.0,13000.0
Mouse_Thymus4,21_77,8,12286.0,15500.0
Mouse_Thymus4,46_47,1,14786.0,12500.0
Mouse_Thymus4,44_97,8,14586.0,17500.0
Mouse_Thymus4,42_18,1,14386.0,9600.0
Mouse_Thymus4,49_82,1,15086.0,16000.0
Mouse_Thymus4,48_37,4,14986.0,11500.0
Mouse_Thymus4,52_26,4,15386.0,10400.0
Mouse_Thymus4,9_43,4,11086.0,12100.0
Mouse_Thymus4,48_46,3,14986.0,12400.0
Mouse_Thymus4,61_33,4,16286.0,11100.0
Mouse_Thymus4,22_33,2,12386.0,11100.0
Mouse_Thymus4,22_51,1,12386.0,12900.0
Mouse_Thymus4,48_42,6,14986.0,12000.0
Mouse_Thymus4,8_40,8,10986.0,11800.0
Mouse_Thymus4,31_63,2,13286.0,14100.0
Mouse_Thymus4,47_40,7,14886.0,11800.0
Mouse_Thymus4,60_11,6,16186.0,8900.0
Mouse_Thymus4,30_72,1,13186.0,15000.0
Mouse_Thymus4,44_44,2,14586.0,12200.0
Mouse_Thymus4,19_31,4,12086.0,10900.0
Mouse_Thymus4,14_41,2,11586.0,11900.0
Mouse_Thymus4,52_34,4,15386.0,11200.0
Mouse_Thymus4,28_53,1,12986.0,13100.0
Mouse_Thymus4,39_31,9,14086.0,10900.0
Mouse_Thymus4,39_12,4,14086.0,9000.0
Mouse_Thymus4,35_53,1,13686.0,13100.0
Mouse_Thymus4,26_62,2,12786.0,14000.0
Mouse_Thymus4,51_41,4,15286.0,11900.0
Mouse_Thymus4,40_24,1,14186.0,10200.0
Mouse_Thymus4,24_44,1,12586.0,12200.0
Mouse_Thymus4,28_80,8,12986.0,15800.0
Mouse_Thymus4,42_70,2,14386.0,14800.0
Mouse_Thymus4,28_91,3,12986.0,16900.0
Mouse_Thymus4,29_93,2,13086.0,17100.0
Mouse_Thymus4,45_75,6,14686.0,15300.0
Mouse_Thymus4,30_95,8,13186.0,17300.0
Mouse_Thymus4,16_59,6,11786.0,13700.0
Mouse_Thymus4,31_35,4,13286.0,11300.0
Mouse_Thymus4,48_9,6,14986.0,8700.0
Mouse_Thymus4,23_72,9,12486.0,15000.0
Mouse_Thymus4,52_35,8,15386.0,11300.0
Mouse_Thymus4,26_56,1,12786.0,13400.0
Mouse_Thymus4,59_13,4,16086.0,9100.0
Mouse_Thymus4,23_34,9,12486.0,11200.0
Mouse_Thymus4,58_114,0,15986.0,19200.0
Mouse_Thymus4,52_29,8,15386.0,10700.0
Mouse_Thymus4,69_0,0,17086.0,7800.0
Mouse_Thymus4,27_67,1,12886.0,14500.0
Mouse_Thymus4,52_102,1,15386.0,18000.0
Mouse_Thymus4,28_71,9,12986.0,14900.0
Mouse_Thymus4,38_11,0,13986.0,8900.0
Mouse_Thymus4,55_81,8,15686.0,15900.0
Mouse_Thymus4,52_32,4,15386.0,11000.0
Mouse_Thymus4,31_44,1,13286.0,12200.0
Mouse_Thymus4,14_48,3,11586.0,12600.0
Mouse_Thymus4,29_37,4,13086.0,11500.0
Mouse_Thymus4,37_75,2,13886.0,15300.0
Mouse_Thymus4,27_41,1,12886.0,11900.0
Mouse_Thymus4,7_54,4,10886.0,13200.0
Mouse_Thymus4,36_15,3,13786.0,9300.0
Mouse_Thymus4,61_94,8,16286.0,17200.0
Mouse_Thymus4,60_31,6,16186.0,10900.0
Mouse_Thymus4,40_40,2,14186.0,11800.0
Mouse_Thymus4,28_58,1,12986.0,13600.0
Mouse_Thymus4,45_20,9,14686.0,9800.0
Mouse_Thymus4,39_20,1,14086.0,9800.0
Mouse_Thymus4,49_34,6,15086.0,11200.0
Mouse_Thymus4,11_36,4,11286.0,11400.0
Mouse_Thymus4,39_94,8,14086.0,17200.0
Mouse_Thymus4,52_99,1,15386.0,17700.0
Mouse_Thymus4,40_87,0,14186.0,16500.0
Mouse_Thymus4,24_52,2,12586.0,13000.0
Mouse_Thymus4,63_12,6,16486.0,9000.0
Mouse_Thymus4,36_45,8,13786.0,12300.0
Mouse_Thymus4,19_75,4,12086.0,15300.0
Mouse_Thymus4,49_33,8,15086.0,11100.0
Mouse_Thymus4,20_73,3,12186.0,15100.0
Mouse_Thymus4,15_53,4,11686.0,13100.0
Mouse_Thymus4,61_8,1,16286.0,8600.0
Mouse_Thymus4,42_72,2,14386.0,15000.0
Mouse_Thymus4,29_74,3,13086.0,15200.0
Mouse_Thymus4,40_46,8,14186.0,12400.0
Mouse_Thymus4,34_45,4,13586.0,12300.0
Mouse_Thymus4,43_82,1,14486.0,16000.0
Mouse_Thymus4,43_87,8,14486.0,16500.0
Mouse_Thymus4,51_114,8,15286.0,19200.0
Mouse_Thymus4,11_42,4,11286.0,12000.0
Mouse_Thymus4,29_94,3,13086.0,17200.0
Mouse_Thymus4,33_29,4,13486.0,10700.0
Mouse_Thymus4,57_114,0,15886.0,19200.0
Mouse_Thymus4,42_20,1,14386.0,9800.0
Mouse_Thymus4,27_37,9,12886.0,11500.0
Mouse_Thymus4,15_70,4,11686.0,14800.0
Mouse_Thymus4,45_99,8,14686.0,17700.0
Mouse_Thymus4,39_78,6,14086.0,15600.0
Mouse_Thymus4,48_48,9,14986.0,12600.0
Mouse_Thymus4,28_84,8,12986.0,16200.0
Mouse_Thymus4,47_71,9,14886.0,14900.0
Mouse_Thymus4,53_87,2,15486.0,16500.0
Mouse_Thymus4,38_45,8,13986.0,12300.0
Mouse_Thymus4,51_24,3,15286.0,10200.0
Mouse_Thymus4,45_96,2,14686.0,17400.0
Mouse_Thymus4,47_48,1,14886.0,12600.0
Mouse_Thymus4,40_25,9,14186.0,10300.0
Mouse_Thymus4,32_88,3,13386.0,16600.0
Mouse_Thymus4,34_31,4,13586.0,10900.0
Mouse_Thymus4,58_115,2,15986.0,19300.0
Mouse_Thymus4,54_82,8,15586.0,16000.0
Mouse_Thymus4,61_5,1,16286.0,8300.0
Mouse_Thymus4,9_40,4,11086.0,11800.0
Mouse_Thymus4,43_55,1,14486.0,13300.0
Mouse_Thymus4,64_5,8,16586.0,8300.0
Mouse_Thymus4,13_49,4,11486.0,12700.0
Mouse_Thymus4,71_1,8,17286.0,7900.0
Mouse_Thymus4,19_37,1,12086.0,11500.0
Mouse_Thymus4,59_31,4,16086.0,10900.0
Mouse_Thymus4,37_94,3,13886.0,17200.0
Mouse_Thymus4,11_44,6,11286.0,12200.0
Mouse_Thymus4,18_51,6,11986.0,12900.0
Mouse_Thymus4,53_28,3,15486.0,10600.0
Mouse_Thymus4,55_113,3,15686.0,19100.0
Mouse_Thymus4,17_36,4,11886.0,11400.0
Mouse_Thymus4,25_23,3,12686.0,10100.0
Mouse_Thymus4,22_25,3,12386.0,10300.0
Mouse_Thymus4,47_20,9,14886.0,9800.0
Mouse_Thymus4,52_48,7,15386.0,12600.0
Mouse_Thymus4,61_24,8,16286.0,10200.0
Mouse_Thymus4,21_76,6,12286.0,15400.0
Mouse_Thymus4,42_51,1,14386.0,12900.0
Mouse_Thymus4,17_59,0,11886.0,13700.0
Mouse_Thymus4,44_37,4,14586.0,11500.0
Mouse_Thymus4,39_95,6,14086.0,17300.0
Mouse_Thymus4,49_113,6,15086.0,19100.0
Mouse_Thymus4,14_68,8,11586.0,14600.0
Mouse_Thymus4,46_96,1,14786.0,17400.0
Mouse_Thymus4,41_42,6,14286.0,12000.0
Mouse_Thymus4,20_44,9,12186.0,12200.0
Mouse_Thymus4,34_57,8,13586.0,13500.0
Mouse_Thymus4,54_97,1,15586.0,17500.0
Mouse_Thymus4,8_37,8,10986.0,11500.0
Mouse_Thymus4,42_12,0,14386.0,9000.0
Mouse_Thymus4,57_116,3,15886.0,19400.0
Mouse_Thymus4,59_100,4,16086.0,17800.0
Mouse_Thymus4,51_36,4,15286.0,11400.0
Mouse_Thymus4,46_91,1,14786.0,16900.0
Mouse_Thymus4,57_84,8,15886.0,16200.0
Mouse_Thymus4,22_37,9,12386.0,11500.0
Mouse_Thymus4,37_74,5,13886.0,15200.0
Mouse_Thymus4,30_71,1,13186.0,14900.0
Mouse_Thymus4,35_91,2,13686.0,16900.0
Mouse_Thymus4,37_13,0,13886.0,9100.0
Mouse_Thymus4,38_44,4,13986.0,12200.0
Mouse_Thymus4,19_53,8,12086.0,13100.0
Mouse_Thymus4,25_21,7,12686.0,9900.0
Mouse_Thymus4,38_60,2,13986.0,13800.0
Mouse_Thymus4,48_38,4,14986.0,11600.0
Mouse_Thymus4,7_34,8,10886.0,11200.0
Mouse_Thymus4,40_13,4,14186.0,9100.0
Mouse_Thymus4,37_22,1,13886.0,10000.0
Mouse_Thymus4,29_85,2,13086.0,16300.0
Mouse_Thymus4,49_6,8,15086.0,8400.0
Mouse_Thymus4,37_68,9,13886.0,14600.0
Mouse_Thymus4,32_52,1,13386.0,13000.0
Mouse_Thymus4,35_84,0,13686.0,16200.0
Mouse_Thymus4,54_5,8,15586.0,8300.0
Mouse_Thymus4,3_45,6,10486.0,12300.0
Mouse_Thymus4,44_55,2,14586.0,13300.0
Mouse_Thymus4,34_88,9,13586.0,16600.0
Mouse_Thymus4,32_55,2,13386.0,13300.0
Mouse_Thymus4,37_97,7,13886.0,17500.0
Mouse_Thymus4,29_83,9,13086.0,16100.0
Mouse_Thymus4,17_35,4,11886.0,11300.0
Mouse_Thymus4,21_62,4,12286.0,14000.0
Mouse_Thymus4,50_7,3,15186.0,8500.0
Mouse_Thymus4,22_40,1,12386.0,11800.0
Mouse_Thymus4,41_60,4,14286.0,13800.0
Mouse_Thymus4,40_14,4,14186.0,9200.0
Mouse_Thymus4,19_54,4,12086.0,13200.0
Mouse_Thymus4,12_34,4,11386.0,11200.0
Mouse_Thymus4,43_30,4,14486.0,10800.0
Mouse_Thymus4,23_86,8,12486.0,16400.0
Mouse_Thymus4,33_57,8,13486.0,13500.0
Mouse_Thymus4,29_62,4,13086.0,14000.0
Mouse_Thymus4,32_28,9,13386.0,10600.0
Mouse_Thymus4,58_20,4,15986.0,9800.0
Mouse_Thymus4,48_104,8,14986.0,18200.0
Mouse_Thymus4,40_27,9,14186.0,10500.0
Mouse_Thymus4,58_103,8,15986.0,18100.0
Mouse_Thymus4,3_43,7,10486.0,12100.0
Mouse_Thymus4,7_40,3,10886.0,11800.0
Mouse_Thymus4,38_46,8,13986.0,12400.0
Mouse_Thymus4,39_44,4,14086.0,12200.0
Mouse_Thymus4,41_27,1,14286.0,10500.0
Mouse_Thymus4,35_80,6,13686.0,15800.0
Mouse_Thymus4,43_78,1,14486.0,15600.0
Mouse_Thymus4,29_36,4,13086.0,11400.0
Mouse_Thymus4,34_43,4,13586.0,12100.0
Mouse_Thymus4,37_85,2,13886.0,16300.0
Mouse_Thymus4,44_103,8,14586.0,18100.0
Mouse_Thymus4,48_20,9,14986.0,9800.0
Mouse_Thymus4,58_12,3,15986.0,9000.0
Mouse_Thymus4,9_59,4,11086.0,13700.0
Mouse_Thymus4,41_81,1,14286.0,15900.0
Mouse_Thymus4,61_98,8,16286.0,17600.0
Mouse_Thymus4,51_87,9,15286.0,16500.0
Mouse_Thymus4,47_50,1,14886.0,12800.0
Mouse_Thymus4,32_80,2,13386.0,15800.0
Mouse_Thymus4,29_22,8,13086.0,10000.0
Mouse_Thymus4,41_73,2,14286.0,15100.0
Mouse_Thymus4,19_71,8,12086.0,14900.0
Mouse_Thymus4,6_59,4,10786.0,13700.0
Mouse_Thymus4,48_84,9,14986.0,16200.0
Mouse_Thymus4,50_33,6,15186.0,11100.0
Mouse_Thymus4,19_42,1,12086.0,12000.0
Mouse_Thymus4,56_99,2,15786.0,17700.0
Mouse_Thymus4,20_54,0,12186.0,13200.0
Mouse_Thymus4,45_43,8,14686.0,12100.0
Mouse_Thymus4,28_94,7,12986.0,17200.0
Mouse_Thymus4,59_23,4,16086.0,10100.0
Mouse_Thymus4,17_69,8,11886.0,14700.0
Mouse_Thymus4,34_55,9,13586.0,13300.0
Mouse_Thymus4,34_47,4,13586.0,12500.0
Mouse_Thymus4,30_20,4,13186.0,9800.0
Mouse_Thymus4,30_80,1,13186.0,15800.0
Mouse_Thymus4,42_36,4,14386.0,11400.0
Mouse_Thymus4,38_28,9,13986.0,10600.0
Mouse_Thymus4,61_35,8,16286.0,11300.0
Mouse_Thymus4,57_13,4,15886.0,9100.0
Mouse_Thymus4,49_40,4,15086.0,11800.0
Mouse_Thymus4,12_55,4,11386.0,13300.0
Mouse_Thymus4,27_51,2,12886.0,12900.0
Mouse_Thymus4,15_42,1,11686.0,12000.0
Mouse_Thymus4,39_41,6,14086.0,11900.0
Mouse_Thymus4,48_51,8,14986.0,12900.0
Mouse_Thymus4,28_29,1,12986.0,10700.0
Mouse_Thymus4,14_55,9,11586.0,13300.0
Mouse_Thymus4,5_59,4,10686.0,13700.0
Mouse_Thymus4,27_46,2,12886.0,12400.0
Mouse_Thymus4,52_12,3,15386.0,9000.0
Mouse_Thymus4,37_80,2,13886.0,15800.0
Mouse_Thymus4,43_99,3,14486.0,17700.0
Mouse_Thymus4,28_77,4,12986.0,15500.0
Mouse_Thymus4,21_26,6,12286.0,10400.0
Mouse_Thymus4,39_99,7,14086.0,17700.0
Mouse_Thymus4,57_25,4,15886.0,10300.0
Mouse_Thymus4,11_35,4,11286.0,11300.0
Mouse_Thymus4,46_8,4,14786.0,8600.0
Mouse_Thymus4,54_18,4,15586.0,9600.0
Mouse_Thymus4,32_86,1,13386.0,16400.0
Mouse_Thymus4,11_45,8,11286.0,12300.0
Mouse_Thymus4,42_22,9,14386.0,10000.0
Mouse_Thymus4,17_62,4,11886.0,14000.0
Mouse_Thymus4,48_73,8,14986.0,15100.0
Mouse_Thymus4,54_105,9,15586.0,18300.0
Mouse_Thymus4,55_15,4,15686.0,9300.0
Mouse_Thymus4,47_6,0,14886.0,8400.0
Mouse_Thymus4,33_91,2,13486.0,16900.0
Mouse_Thymus4,54_77,7,15586.0,15500.0
Mouse_Thymus4,54_31,8,15586.0,10900.0
Mouse_Thymus4,30_32,3,13186.0,11000.0
Mouse_Thymus4,29_67,9,13086.0,14500.0
Mouse_Thymus4,34_41,5,13586.0,11900.0
Mouse_Thymus4,3_57,8,10486.0,13500.0
Mouse_Thymus4,57_12,4,15886.0,9000.0
Mouse_Thymus4,49_92,1,15086.0,17000.0
Mouse_Thymus4,40_78,2,14186.0,15600.0
Mouse_Thymus4,36_78,2,13786.0,15600.0
Mouse_Thymus4,45_42,8,14686.0,12000.0
Mouse_Thymus4,52_33,4,15386.0,11100.0
Mouse_Thymus4,36_54,8,13786.0,13200.0
Mouse_Thymus4,32_18,0,13386.0,9600.0
Mouse_Thymus4,47_39,8,14886.0,11700.0
Mouse_Thymus4,62_4,8,16386.0,8200.0
Mouse_Thymus4,40_85,8,14186.0,16300.0
Mouse_Thymus4,42_31,6,14386.0,10900.0
Mouse_Thymus4,59_93,4,16086.0,17100.0
Mouse_Thymus4,70_1,6,17186.0,7900.0
Mouse_Thymus4,55_19,4,15686.0,9700.0
Mouse_Thymus4,46_90,1,14786.0,16800.0
Mouse_Thymus4,53_40,4,15486.0,11800.0
Mouse_Thymus4,23_83,8,12486.0,16100.0
Mouse_Thymus4,55_29,4,15686.0,10700.0
Mouse_Thymus4,46_89,1,14786.0,16700.0
Mouse_Thymus4,45_107,8,14686.0,18500.0
Mouse_Thymus4,31_59,9,13286.0,13700.0
Mouse_Thymus4,16_46,1,11786.0,12400.0
Mouse_Thymus4,45_34,4,14686.0,11200.0
Mouse_Thymus4,53_19,4,15486.0,9700.0
Mouse_Thymus4,39_57,9,14086.0,13500.0
Mouse_Thymus4,59_28,8,16086.0,10600.0
Mouse_Thymus4,46_103,8,14786.0,18100.0
Mouse_Thymus4,21_84,8,12286.0,16200.0
Mouse_Thymus4,25_88,8,12686.0,16600.0
Mouse_Thymus4,56_39,6,15786.0,11700.0
Mouse_Thymus4,59_30,4,16086.0,10800.0
Mouse_Thymus4,12_58,0,11386.0,13600.0
Mouse_Thymus4,59_86,8,16086.0,16400.0
Mouse_Thymus4,28_45,6,12986.0,12300.0
Mouse_Thymus4,41_57,1,14286.0,13500.0
Mouse_Thymus4,60_92,8,16186.0,17000.0
Mouse_Thymus4,25_41,1,12686.0,11900.0
Mouse_Thymus4,10_39,4,11186.0,11700.0
Mouse_Thymus4,31_23,6,13286.0,10100.0
Mouse_Thymus4,26_39,1,12786.0,11700.0
Mouse_Thymus4,25_33,1,12686.0,11100.0
Mouse_Thymus4,24_57,1,12586.0,13500.0
Mouse_Thymus4,24_27,4,12586.0,10500.0
Mouse_Thymus4,28_56,9,12986.0,13400.0
Mouse_Thymus4,22_52,1,12386.0,13000.0
Mouse_Thymus4,51_35,4,15286.0,11300.0
Mouse_Thymus4,29_70,9,13086.0,14800.0
Mouse_Thymus4,35_66,4,13686.0,14400.0
Mouse_Thymus4,18_40,1,11986.0,11800.0
Mouse_Thymus4,59_96,8,16086.0,17400.0
Mouse_Thymus4,21_55,6,12286.0,13300.0
Mouse_Thymus4,50_80,3,15186.0,15800.0
Mouse_Thymus4,27_52,1,12886.0,13000.0
Mouse_Thymus4,10_32,3,11186.0,11000.0
Mouse_Thymus4,51_26,4,15286.0,10400.0
Mouse_Thymus4,34_22,6,13586.0,10000.0
Mouse_Thymus4,29_18,7,13086.0,9600.0
Mouse_Thymus4,28_69,1,12986.0,14700.0
Mouse_Thymus4,22_64,1,12386.0,14200.0
Mouse_Thymus4,46_20,1,14786.0,9800.0
Mouse_Thymus4,54_25,8,15586.0,10300.0
Mouse_Thymus4,65_2,2,16686.0,8000.0
Mouse_Thymus4,59_32,8,16086.0,11000.0
Mouse_Thymus4,36_23,1,13786.0,10100.0
Mouse_Thymus4,18_38,1,11986.0,11600.0
Mouse_Thymus4,38_76,2,13986.0,15400.0
Mouse_Thymus4,40_76,6,14186.0,15400.0
Mouse_Thymus4,7_44,8,10886.0,12200.0
Mouse_Thymus4,30_44,9,13186.0,12200.0
Mouse_Thymus4,47_9,8,14886.0,8700.0
Mouse_Thymus4,58_105,4,15986.0,18300.0
Mouse_Thymus4,19_47,1,12086.0,12500.0
Mouse_Thymus4,63_5,2,16486.0,8300.0
Mouse_Thymus4,10_64,8,11186.0,14200.0
Mouse_Thymus4,35_17,8,13686.0,9500.0
Mouse_Thymus4,29_39,6,13086.0,11700.0
Mouse_Thymus4,30_54,9,13186.0,13200.0
Mouse_Thymus4,38_80,8,13986.0,15800.0
Mouse_Thymus4,12_67,8,11386.0,14500.0
Mouse_Thymus4,30_52,1,13186.0,13000.0
Mouse_Thymus4,57_14,4,15886.0,9200.0
Mouse_Thymus4,59_18,8,16086.0,9600.0
Mouse_Thymus4,54_2,3,15586.0,8000.0
Mouse_Thymus4,50_26,4,15186.0,10400.0
Mouse_Thymus4,42_67,8,14386.0,14500.0
Mouse_Thymus4,53_83,2,15486.0,16100.0
Mouse_Thymus4,31_67,2,13286.0,14500.0
Mouse_Thymus4,26_36,9,12786.0,11400.0
Mouse_Thymus4,42_83,9,14386.0,16100.0
Mouse_Thymus4,26_68,1,12786.0,14600.0
Mouse_Thymus4,49_100,1,15086.0,17800.0
Mouse_Thymus4,39_65,9,14086.0,14300.0
Mouse_Thymus4,48_50,7,14986.0,12800.0
Mouse_Thymus4,30_34,4,13186.0,11200.0
Mouse_Thymus4,56_87,8,15786.0,16500.0
Mouse_Thymus4,48_89,1,14986.0,16700.0
Mouse_Thymus4,39_11,0,14086.0,8900.0
Mouse_Thymus4,56_2,0,15786.0,8000.0
Mouse_Thymus4,49_14,1,15086.0,9200.0
Mouse_Thymus4,47_16,1,14886.0,9400.0
Mouse_Thymus4,25_56,1,12686.0,13400.0
Mouse_Thymus4,25_47,1,12686.0,12500.0
Mouse_Thymus4,21_69,8,12286.0,14700.0
Mouse_Thymus4,61_100,8,16286.0,17800.0
Mouse_Thymus4,23_57,2,12486.0,13500.0
Mouse_Thymus4,33_50,1,13486.0,12800.0
Mouse_Thymus4,1_57,8,10286.0,13500.0
Mouse_Thymus4,4_50,0,10586.0,12800.0
Mouse_Thymus4,15_33,4,11686.0,11100.0
Mouse_Thymus4,55_22,6,15686.0,10000.0
Mouse_Thymus4,40_96,8,14186.0,17400.0
Mouse_Thymus4,33_19,6,13486.0,9700.0
Mouse_Thymus4,15_52,4,11686.0,13000.0
Mouse_Thymus4,49_112,8,15086.0,19000.0
Mouse_Thymus4,58_22,4,15986.0,10000.0
Mouse_Thymus4,9_38,4,11086.0,11600.0
Mouse_Thymus4,69_6,8,17086.0,8400.0
Mouse_Thymus4,17_42,2,11886.0,12000.0
Mouse_Thymus4,35_95,4,13686.0,17300.0
Mouse_Thymus4,33_78,9,13486.0,15600.0
Mouse_Thymus4,62_10,8,16386.0,8800.0
Mouse_Thymus4,31_81,1,13286.0,15900.0
Mouse_Thymus4,38_81,3,13986.0,15900.0
Mouse_Thymus4,17_33,6,11886.0,11100.0
Mouse_Thymus4,33_58,2,13486.0,13600.0
Mouse_Thymus4,21_50,1,12286.0,12800.0
Mouse_Thymus4,48_106,4,14986.0,18400.0
Mouse_Thymus4,37_73,3,13886.0,15100.0
Mouse_Thymus4,23_47,9,12486.0,12500.0
Mouse_Thymus4,42_34,6,14386.0,11200.0
Mouse_Thymus4,11_31,8,11286.0,10900.0
Mouse_Thymus4,32_83,1,13386.0,16100.0
Mouse_Thymus4,59_12,4,16086.0,9000.0
Mouse_Thymus4,51_16,4,15286.0,9400.0
Mouse_Thymus4,41_28,9,14286.0,10600.0
Mouse_Thymus4,11_37,4,11286.0,11500.0
Mouse_Thymus4,26_32,9,12786.0,11000.0
Mouse_Thymus4,50_103,2,15186.0,18100.0
Mouse_Thymus4,46_49,1,14786.0,12700.0
Mouse_Thymus4,31_74,8,13286.0,15200.0
Mouse_Thymus4,34_16,0,13586.0,9400.0
Mouse_Thymus4,17_58,2,11886.0,13600.0
Mouse_Thymus4,53_78,8,15486.0,15600.0
Mouse_Thymus4,49_99,1,15086.0,17700.0
Mouse_Thymus4,47_81,1,14886.0,15900.0
Mouse_Thymus4,19_41,1,12086.0,11900.0
Mouse_Thymus4,25_39,1,12686.0,11700.0
Mouse_Thymus4,26_67,1,12786.0,14500.0
Mouse_Thymus4,20_32,5,12186.0,11000.0
Mouse_Thymus4,54_112,9,15586.0,19000.0
Mouse_Thymus4,37_19,9,13886.0,9700.0
Mouse_Thymus4,55_94,2,15686.0,17200.0
Mouse_Thymus4,50_106,1,15186.0,18400.0
Mouse_Thymus4,36_39,5,13786.0,11700.0
Mouse_Thymus4,44_70,8,14586.0,14800.0
Mouse_Thymus4,34_81,9,13586.0,15900.0
Mouse_Thymus4,30_18,3,13186.0,9600.0
Mouse_Thymus4,45_77,4,14686.0,15500.0
Mouse_Thymus4,52_14,4,15386.0,9200.0
Mouse_Thymus4,43_56,2,14486.0,13400.0
Mouse_Thymus4,39_52,1,14086.0,13000.0
Mouse_Thymus4,58_15,6,15986.0,9300.0
Mouse_Thymus4,42_98,4,14386.0,17600.0
Mouse_Thymus4,57_86,2,15886.0,16400.0
Mouse_Thymus4,29_88,8,13086.0,16600.0
Mouse_Thymus4,11_59,0,11286.0,13700.0
Mouse_Thymus4,66_6,8,16786.0,8400.0
Mouse_Thymus4,36_50,1,13786.0,12800.0
Mouse_Thymus4,49_37,4,15086.0,11500.0
Mouse_Thymus4,43_89,2,14486.0,16700.0
Mouse_Thymus4,9_60,8,11086.0,13800.0
Mouse_Thymus4,25_62,2,12686.0,14000.0
Mouse_Thymus4,26_20,7,12786.0,9800.0
Mouse_Thymus4,56_43,7,15786.0,12100.0
Mouse_Thymus4,26_42,3,12786.0,12000.0
Mouse_Thymus4,54_36,4,15586.0,11400.0
Mouse_Thymus4,37_32,9,13886.0,11000.0
Mouse_Thymus4,33_27,9,13486.0,10500.0
Mouse_Thymus4,9_34,4,11086.0,11200.0
Mouse_Thymus4,11_62,4,11286.0,14000.0
Mouse_Thymus4,43_39,8,14486.0,11700.0
Mouse_Thymus4,22_48,9,12386.0,12600.0
Mouse_Thymus4,55_32,8,15686.0,11000.0
Mouse_Thymus4,33_73,5,13486.0,15100.0
Mouse_Thymus4,43_14,1,14486.0,9200.0
Mouse_Thymus4,34_26,1,13586.0,10400.0
Mouse_Thymus4,55_5,4,15686.0,8300.0
Mouse_Thymus4,41_43,4,14286.0,12100.0
Mouse_Thymus4,33_48,9,13486.0,12600.0
Mouse_Thymus4,40_91,8,14186.0,16900.0
Mouse_Thymus4,30_51,1,13186.0,12900.0
Mouse_Thymus4,39_55,9,14086.0,13300.0
Mouse_Thymus4,36_41,4,13786.0,11900.0
Mouse_Thymus4,39_13,4,14086.0,9100.0
Mouse_Thymus4,54_98,1,15586.0,17600.0
Mouse_Thymus4,39_27,9,14086.0,10500.0
Mouse_Thymus4,9_37,6,11086.0,11500.0
Mouse_Thymus4,57_40,8,15886.0,11800.0
Mouse_Thymus4,22_27,4,12386.0,10500.0
Mouse_Thymus4,47_22,5,14886.0,10000.0
Mouse_Thymus4,56_81,8,15786.0,15900.0
Mouse_Thymus4,49_42,4,15086.0,12000.0
Mouse_Thymus4,45_54,9,14686.0,13200.0
Mouse_Thymus4,18_36,4,11986.0,11400.0
Mouse_Thymus4,56_19,6,15786.0,9700.0
Mouse_Thymus4,18_79,8,11986.0,15700.0
Mouse_Thymus4,32_37,4,13386.0,11500.0
Mouse_Thymus4,48_17,1,14986.0,9500.0
Mouse_Thymus4,47_33,5,14886.0,11100.0
Mouse_Thymus4,51_81,8,15286.0,15900.0
Mouse_Thymus4,45_39,2,14686.0,11700.0
Mouse_Thymus4,58_36,4,15986.0,11400.0
Mouse_Thymus4,30_56,9,13186.0,13400.0
Mouse_Thymus4,38_36,4,13986.0,11400.0
Mouse_Thymus4,25_37,1,12686.0,11500.0
Mouse_Thymus4,53_41,8,15486.0,11900.0
Mouse_Thymus4,26_72,4,12786.0,15000.0
Mouse_Thymus4,43_47,9,14486.0,12500.0
Mouse_Thymus4,40_67,9,14186.0,14500.0
Mouse_Thymus4,16_35,4,11786.0,11300.0
Mouse_Thymus4,27_72,2,12886.0,15000.0
Mouse_Thymus4,31_75,2,13286.0,15300.0
Mouse_Thymus4,49_98,1,15086.0,17600.0
Mouse_Thymus4,15_51,4,11686.0,12900.0
Mouse_Thymus4,38_27,1,13986.0,10500.0
Mouse_Thymus4,62_22,4,16386.0,10000.0
Mouse_Thymus4,36_74,9,13786.0,15200.0
Mouse_Thymus4,52_31,3,15386.0,10900.0
Mouse_Thymus4,48_13,1,14986.0,9100.0
Mouse_Thymus4,8_49,6,10986.0,12700.0
Mouse_Thymus4,14_30,0,11586.0,10800.0
Mouse_Thymus4,24_51,1,12586.0,12900.0
Mouse_Thymus4,49_27,4,15086.0,10500.0
Mouse_Thymus4,42_45,8,14386.0,12300.0
Mouse_Thymus4,49_50,4,15086.0,12800.0
Mouse_Thymus4,32_35,4,13386.0,11300.0
Mouse_Thymus4,38_98,7,13986.0,17600.0
Mouse_Thymus4,13_60,6,11486.0,13800.0
Mouse_Thymus4,58_97,3,15986.0,17500.0
Mouse_Thymus4,31_93,6,13286.0,17100.0
Mouse_Thymus4,37_82,8,13886.0,16000.0
Mouse_Thymus4,42_84,3,14386.0,16200.0
Mouse_Thymus4,64_9,4,16586.0,8700.0
Mouse_Thymus4,29_84,1,13086.0,16200.0
Mouse_Thymus4,43_93,8,14486.0,17100.0
Mouse_Thymus4,7_48,8,10886.0,12600.0
Mouse_Thymus4,45_47,1,14686.0,12500.0
Mouse_Thymus4,47_87,1,14886.0,16500.0
Mouse_Thymus4,27_61,1,12886.0,13900.0
Mouse_Thymus4,19_51,2,12086.0,12900.0
Mouse_Thymus4,56_13,8,15786.0,9100.0
Mouse_Thymus4,64_4,8,16586.0,8200.0
Mouse_Thymus4,39_19,1,14086.0,9700.0
Mouse_Thymus4,46_95,1,14786.0,17300.0
Mouse_Thymus4,41_30,9,14286.0,10800.0
Mouse_Thymus4,55_90,8,15686.0,16800.0
Mouse_Thymus4,44_39,8,14586.0,11700.0
Mouse_Thymus4,22_69,1,12386.0,14700.0
Mouse_Thymus4,49_88,1,15086.0,16600.0
Mouse_Thymus4,59_19,4,16086.0,9700.0
Mouse_Thymus4,37_49,2,13886.0,12700.0
Mouse_Thymus4,11_34,8,11286.0,11200.0
Mouse_Thymus4,35_52,1,13686.0,13000.0
Mouse_Thymus4,57_105,4,15886.0,18300.0
Mouse_Thymus4,57_94,8,15886.0,17200.0
Mouse_Thymus4,20_28,3,12186.0,10600.0
Mouse_Thymus4,39_73,1,14086.0,15100.0
Mouse_Thymus4,32_30,3,13386.0,10800.0
Mouse_Thymus4,51_11,1,15286.0,8900.0
Mouse_Thymus4,57_113,6,15886.0,19100.0
Mouse_Thymus4,29_73,8,13086.0,15100.0
Mouse_Thymus4,56_83,8,15786.0,16100.0
Mouse_Thymus4,7_43,4,10886.0,12100.0
Mouse_Thymus4,35_83,2,13686.0,16100.0
Mouse_Thymus4,16_42,1,11786.0,12000.0
Mouse_Thymus4,22_73,3,12386.0,15100.0
Mouse_Thymus4,36_26,1,13786.0,10400.0
Mouse_Thymus4,63_32,3,16486.0,11000.0
Mouse_Thymus4,7_42,4,10886.0,12000.0
Mouse_Thymus4,47_85,1,14886.0,16300.0
Mouse_Thymus4,60_103,8,16186.0,18100.0
Mouse_Thymus4,14_59,4,11586.0,13700.0
Mouse_Thymus4,41_24,9,14286.0,10200.0
Mouse_Thymus4,28_35,9,12986.0,11300.0
Mouse_Thymus4,43_103,4,14486.0,18100.0
Mouse_Thymus4,61_26,6,16286.0,10400.0
Mouse_Thymus4,47_14,1,14886.0,9200.0
Mouse_Thymus4,48_33,8,14986.0,11100.0
Mouse_Thymus4,42_29,9,14386.0,10700.0
Mouse_Thymus4,25_74,4,12686.0,15200.0
Mouse_Thymus4,17_48,3,11886.0,12600.0
Mouse_Thymus4,41_100,4,14286.0,17800.0
Mouse_Thymus4,57_27,4,15886.0,10500.0
Mouse_Thymus4,54_93,9,15586.0,17100.0
Mouse_Thymus4,21_47,1,12286.0,12500.0
Mouse_Thymus4,63_10,8,16486.0,8800.0
Mouse_Thymus4,51_19,4,15286.0,9700.0
Mouse_Thymus4,60_6,2,16186.0,8400.0
Mouse_Thymus4,19_32,4,12086.0,11000.0
Mouse_Thymus4,40_43,8,14186.0,12100.0
Mouse_Thymus4,44_53,9,14586.0,13100.0
Mouse_Thymus4,20_45,1,12186.0,12300.0
Mouse_Thymus4,8_51,4,10986.0,12900.0
Mouse_Thymus4,41_54,1,14286.0,13200.0
Mouse_Thymus4,56_33,8,15786.0,11100.0
Mouse_Thymus4,52_110,1,15386.0,18800.0
Mouse_Thymus4,9_51,6,11086.0,12900.0
Mouse_Thymus4,8_33,2,10986.0,11100.0
Mouse_Thymus4,55_80,8,15686.0,15800.0
Mouse_Thymus4,41_51,9,14286.0,12900.0
Mouse_Thymus4,30_87,4,13186.0,16500.0
Mouse_Thymus4,27_64,6,12886.0,14200.0
Mouse_Thymus4,29_41,8,13086.0,11900.0
Mouse_Thymus4,43_88,4,14486.0,16600.0
Mouse_Thymus4,46_87,1,14786.0,16500.0
Mouse_Thymus4,57_39,0,15886.0,11700.0
Mouse_Thymus4,42_58,8,14386.0,13600.0
Mouse_Thymus4,53_39,3,15486.0,11700.0
Mouse_Thymus4,58_23,4,15986.0,10100.0
Mouse_Thymus4,11_38,8,11286.0,11600.0
Mouse_Thymus4,29_19,0,13086.0,9700.0
Mouse_Thymus4,23_76,1,12486.0,15400.0
Mouse_Thymus4,56_21,4,15786.0,9900.0
Mouse_Thymus4,37_27,1,13886.0,10500.0
Mouse_Thymus4,24_78,4,12586.0,15600.0
Mouse_Thymus4,26_55,9,12786.0,13300.0
Mouse_Thymus4,36_52,1,13786.0,13000.0
Mouse_Thymus4,53_111,1,15486.0,18900.0
Mouse_Thymus4,44_15,1,14586.0,9300.0
Mouse_Thymus4,16_70,4,11786.0,14800.0
Mouse_Thymus4,17_43,1,11886.0,12100.0
Mouse_Thymus4,52_81,8,15386.0,15900.0
Mouse_Thymus4,63_31,0,16486.0,10900.0
Mouse_Thymus4,53_4,4,15486.0,8200.0
Mouse_Thymus4,51_112,1,15286.0,19000.0
Mouse_Thymus4,51_39,4,15286.0,11700.0
Mouse_Thymus4,27_65,1,12886.0,14300.0
Mouse_Thymus4,44_45,5,14586.0,12300.0
Mouse_Thymus4,44_36,4,14586.0,11400.0
Mouse_Thymus4,34_49,9,13586.0,12700.0
Mouse_Thymus4,36_21,9,13786.0,9900.0
Mouse_Thymus4,57_37,4,15886.0,11500.0
Mouse_Thymus4,28_44,4,12986.0,12200.0
Mouse_Thymus4,54_28,8,15586.0,10600.0
Mouse_Thymus4,53_2,3,15486.0,8000.0
Mouse_Thymus4,47_4,2,14886.0,8200.0
Mouse_Thymus4,20_57,3,12186.0,13500.0
Mouse_Thymus4,38_13,8,13986.0,9100.0
Mouse_Thymus4,24_83,6,12586.0,16100.0
Mouse_Thymus4,60_95,6,16186.0,17300.0
Mouse_Thymus4,46_104,6,14786.0,18200.0
Mouse_Thymus4,65_3,2,16686.0,8100.0
Mouse_Thymus4,34_14,3,13586.0,9200.0
Mouse_Thymus4,45_16,1,14686.0,9400.0
Mouse_Thymus4,49_25,4,15086.0,10300.0
Mouse_Thymus4,26_38,1,12786.0,11600.0
Mouse_Thymus4,38_67,9,13986.0,14500.0
Mouse_Thymus4,9_57,4,11086.0,13500.0
Mouse_Thymus4,45_85,9,14686.0,16300.0
Mouse_Thymus4,35_18,6,13686.0,9600.0
Mouse_Thymus4,15_54,0,11686.0,13200.0
Mouse_Thymus4,29_95,8,13086.0,17300.0
Mouse_Thymus4,32_63,6,13386.0,14100.0
Mouse_Thymus4,16_69,8,11786.0,14700.0
Mouse_Thymus4,19_78,6,12086.0,15600.0
Mouse_Thymus4,21_41,1,12286.0,11900.0
Mouse_Thymus4,57_22,3,15886.0,10000.0
Mouse_Thymus4,64_0,0,16586.0,7800.0
Mouse_Thymus4,46_80,2,14786.0,15800.0
Mouse_Thymus4,14_62,8,11586.0,14000.0
Mouse_Thymus4,64_8,8,16586.0,8600.0
Mouse_Thymus4,20_69,0,12186.0,14700.0
Mouse_Thymus4,32_68,1,13386.0,14600.0
Mouse_Thymus4,53_90,1,15486.0,16800.0
Mouse_Thymus4,39_66,1,14086.0,14400.0
Mouse_Thymus4,56_94,8,15786.0,17200.0
Mouse_Thymus4,53_92,1,15486.0,17000.0
Mouse_Thymus4,53_108,1,15486.0,18600.0
Mouse_Thymus4,54_20,4,15586.0,9800.0
Mouse_Thymus4,41_34,4,14286.0,11200.0
Mouse_Thymus4,60_107,8,16186.0,18500.0
Mouse_Thymus4,41_31,4,14286.0,10900.0
Mouse_Thymus4,43_68,8,14486.0,14600.0
Mouse_Thymus4,49_24,4,15086.0,10200.0
Mouse_Thymus4,46_6,3,14786.0,8400.0
Mouse_Thymus4,31_95,4,13286.0,17300.0
Mouse_Thymus4,30_59,1,13186.0,13700.0
Mouse_Thymus4,70_3,8,17186.0,8100.0
Mouse_Thymus4,61_99,8,16286.0,17700.0
Mouse_Thymus4,28_57,1,12986.0,13500.0
Mouse_Thymus4,55_21,3,15686.0,9900.0
Mouse_Thymus4,11_54,4,11286.0,13200.0
Mouse_Thymus4,64_26,8,16586.0,10400.0
Mouse_Thymus4,41_12,4,14286.0,9000.0
Mouse_Thymus4,50_37,4,15186.0,11500.0
Mouse_Thymus4,27_33,9,12886.0,11100.0
Mouse_Thymus4,57_34,4,15886.0,11200.0
Mouse_Thymus4,53_118,4,15486.0,19600.0
Mouse_Thymus4,53_10,1,15486.0,8800.0
Mouse_Thymus4,28_86,4,12986.0,16400.0
Mouse_Thymus4,45_70,4,14686.0,14800.0
Mouse_Thymus4,13_46,4,11486.0,12400.0
Mouse_Thymus4,55_99,9,15686.0,17700.0
Mouse_Thymus4,23_84,3,12486.0,16200.0
Mouse_Thymus4,52_47,8,15386.0,12500.0
Mouse_Thymus4,28_93,4,12986.0,17100.0
Mouse_Thymus4,55_41,8,15686.0,11900.0
Mouse_Thymus4,15_32,6,11686.0,11000.0
Mouse_Thymus4,38_18,9,13986.0,9600.0
Mouse_Thymus4,27_44,2,12886.0,12200.0
Mouse_Thymus4,9_61,4,11086.0,13900.0
Mouse_Thymus4,33_34,4,13486.0,11200.0
Mouse_Thymus4,28_33,9,12986.0,11100.0
Mouse_Thymus4,23_25,0,12486.0,10300.0
Mouse_Thymus4,17_49,2,11886.0,12700.0
Mouse_Thymus4,49_105,1,15086.0,18300.0
Mouse_Thymus4,24_29,2,12586.0,10700.0
Mouse_Thymus4,34_17,8,13586.0,9500.0
Mouse_Thymus4,45_106,4,14686.0,18400.0
Mouse_Thymus4,27_49,1,12886.0,12700.0
Mouse_Thymus4,34_91,1,13586.0,16900.0
Mouse_Thymus4,39_15,3,14086.0,9300.0
Mouse_Thymus4,24_42,2,12586.0,12000.0
Mouse_Thymus4,55_109,6,15686.0,18700.0
Mouse_Thymus4,20_36,3,12186.0,11400.0
Mouse_Thymus4,56_26,4,15786.0,10400.0
Mouse_Thymus4,23_43,1,12486.0,12100.0
Mouse_Thymus4,17_44,1,11886.0,12200.0
Mouse_Thymus4,66_0,0,16786.0,7800.0
Mouse_Thymus4,23_74,1,12486.0,15200.0
Mouse_Thymus4,25_49,1,12686.0,12700.0
Mouse_Thymus4,44_96,3,14586.0,17400.0
Mouse_Thymus4,48_96,1,14986.0,17400.0
Mouse_Thymus4,51_3,3,15286.0,8100.0
Mouse_Thymus4,50_84,2,15186.0,16200.0
Mouse_Thymus4,24_21,7,12586.0,9900.0
Mouse_Thymus4,38_89,8,13986.0,16700.0
Mouse_Thymus4,9_53,4,11086.0,13100.0
Mouse_Thymus4,41_68,4,14286.0,14600.0
Mouse_Thymus4,10_47,4,11186.0,12500.0
Mouse_Thymus4,53_34,4,15486.0,11200.0
Mouse_Thymus4,31_28,9,13286.0,10600.0
Mouse_Thymus4,54_42,4,15586.0,12000.0
Mouse_Thymus4,40_70,2,14186.0,14800.0
Mouse_Thymus4,44_43,3,14586.0,12100.0
Mouse_Thymus4,53_109,1,15486.0,18700.0
Mouse_Thymus4,44_109,0,14586.0,18700.0
Mouse_Thymus4,18_59,9,11986.0,13700.0
Mouse_Thymus4,58_90,8,15986.0,16800.0
Mouse_Thymus4,55_110,2,15686.0,18800.0
Mouse_Thymus4,53_32,4,15486.0,11000.0
Mouse_Thymus4,22_35,4,12386.0,11300.0
Mouse_Thymus4,34_52,1,13586.0,13000.0
Mouse_Thymus4,29_42,3,13086.0,12000.0
Mouse_Thymus4,38_74,2,13986.0,15200.0
Mouse_Thymus4,16_28,3,11786.0,10600.0
Mouse_Thymus4,51_101,1,15286.0,17900.0
Mouse_Thymus4,38_41,4,13986.0,11900.0
Mouse_Thymus4,19_33,4,12086.0,11100.0
Mouse_Thymus4,40_100,8,14186.0,17800.0
Mouse_Thymus4,39_71,8,14086.0,14900.0
Mouse_Thymus4,53_86,8,15486.0,16400.0
Mouse_Thymus4,43_58,7,14486.0,13600.0
Mouse_Thymus4,41_94,8,14286.0,17200.0
Mouse_Thymus4,18_31,3,11986.0,10900.0
Mouse_Thymus4,19_69,4,12086.0,14700.0
Mouse_Thymus4,46_25,3,14786.0,10300.0
Mouse_Thymus4,9_36,8,11086.0,11400.0
Mouse_Thymus4,15_31,4,11686.0,10900.0
Mouse_Thymus4,45_110,8,14686.0,18800.0
Mouse_Thymus4,55_83,3,15686.0,16100.0
Mouse_Thymus4,52_9,1,15386.0,8700.0
Mouse_Thymus4,53_117,2,15486.0,19500.0
Mouse_Thymus4,36_37,0,13786.0,11500.0
Mouse_Thymus4,56_102,8,15786.0,18000.0
Mouse_Thymus4,34_56,1,13586.0,13400.0
Mouse_Thymus4,8_60,4,10986.0,13800.0
Mouse_Thymus4,24_34,9,12586.0,11200.0
Mouse_Thymus4,69_5,8,17086.0,8300.0
Mouse_Thymus4,38_85,2,13986.0,16300.0
Mouse_Thymus4,48_6,8,14986.0,8400.0
Mouse_Thymus4,14_67,0,11586.0,14500.0
Mouse_Thymus4,50_50,8,15186.0,12800.0
Mouse_Thymus4,40_95,8,14186.0,17300.0
Mouse_Thymus4,45_17,1,14686.0,9500.0
Mouse_Thymus4,31_33,5,13286.0,11100.0
Mouse_Thymus4,50_38,4,15186.0,11600.0
Mouse_Thymus4,37_41,4,13886.0,11900.0
Mouse_Thymus4,55_92,8,15686.0,17000.0
Mouse_Thymus4,32_85,1,13386.0,16300.0
Mouse_Thymus4,38_95,8,13986.0,17300.0
Mouse_Thymus4,35_65,8,13686.0,14300.0
Mouse_Thymus4,31_49,2,13286.0,12700.0
Mouse_Thymus4,29_64,4,13086.0,14200.0
Mouse_Thymus4,5_56,4,10686.0,13400.0
Mouse_Thymus4,26_71,2,12786.0,14900.0
Mouse_Thymus4,59_34,8,16086.0,11200.0
Mouse_Thymus4,8_48,4,10986.0,12600.0
Mouse_Thymus4,51_25,4,15286.0,10300.0
Mouse_Thymus4,41_92,2,14286.0,17000.0
Mouse_Thymus4,13_43,8,11486.0,12100.0
Mouse_Thymus4,21_51,9,12286.0,12900.0
Mouse_Thymus4,26_82,4,12786.0,16000.0
Mouse_Thymus4,57_8,6,15886.0,8600.0
Mouse_Thymus4,43_10,4,14486.0,8800.0
Mouse_Thymus4,5_40,4,10686.0,11800.0
Mouse_Thymus4,54_84,8,15586.0,16200.0
Mouse_Thymus4,15_61,8,11686.0,13900.0
Mouse_Thymus4,53_116,2,15486.0,19400.0
Mouse_Thymus4,39_96,4,14086.0,17400.0
Mouse_Thymus4,46_24,4,14786.0,10200.0
Mouse_Thymus4,47_88,1,14886.0,16600.0
Mouse_Thymus4,68_0,0,16986.0,7800.0
Mouse_Thymus4,29_51,9,13086.0,12900.0
Mouse_Thymus4,29_72,2,13086.0,15000.0
Mouse_Thymus4,51_116,4,15286.0,19400.0
Mouse_Thymus4,24_60,1,12586.0,13800.0
Mouse_Thymus4,60_13,4,16186.0,9100.0
Mouse_Thymus4,13_30,3,11486.0,10800.0
Mouse_Thymus4,42_28,1,14386.0,10600.0
Mouse_Thymus4,54_41,4,15586.0,11900.0
Mouse_Thymus4,32_84,1,13386.0,16200.0
Mouse_Thymus4,36_32,9,13786.0,11000.0
Mouse_Thymus4,48_80,9,14986.0,15800.0
Mouse_Thymus4,19_63,4,12086.0,14100.0
Mouse_Thymus4,55_97,9,15686.0,17500.0
Mouse_Thymus4,61_15,8,16286.0,9300.0
Mouse_Thymus4,30_26,9,13186.0,10400.0
Mouse_Thymus4,55_7,9,15686.0,8500.0
Mouse_Thymus4,37_52,9,13886.0,13000.0
Mouse_Thymus4,32_77,3,13386.0,15500.0
Mouse_Thymus4,33_64,6,13486.0,14200.0
Mouse_Thymus4,19_74,4,12086.0,15200.0
Mouse_Thymus4,53_6,4,15486.0,8400.0
Mouse_Thymus4,54_10,9,15586.0,8800.0
Mouse_Thymus4,67_9,8,16886.0,8700.0
Mouse_Thymus4,33_55,2,13486.0,13300.0
Mouse_Thymus4,8_34,0,10986.0,11200.0
Mouse_Thymus4,43_8,0,14486.0,8600.0
Mouse_Thymus4,21_34,4,12286.0,11200.0
Mouse_Thymus4,53_17,4,15486.0,9500.0
Mouse_Thymus4,45_27,6,14686.0,10500.0
Mouse_Thymus4,61_92,8,16286.0,17000.0
Mouse_Thymus4,61_4,9,16286.0,8200.0
Mouse_Thymus4,53_29,4,15486.0,10700.0
Mouse_Thymus4,45_30,4,14686.0,10800.0
Mouse_Thymus4,21_46,1,12286.0,12400.0
Mouse_Thymus4,10_37,8,11186.0,11500.0
Mouse_Thymus4,20_35,4,12186.0,11300.0
Mouse_Thymus4,54_101,9,15586.0,17900.0
Mouse_Thymus4,45_101,8,14686.0,17900.0
Mouse_Thymus4,35_14,0,13686.0,9200.0
Mouse_Thymus4,18_76,4,11986.0,15400.0
Mouse_Thymus4,19_40,1,12086.0,11800.0
Mouse_Thymus4,35_62,2,13686.0,14000.0
Mouse_Thymus4,4_52,8,10586.0,13000.0
Mouse_Thymus4,45_93,9,14686.0,17100.0
Mouse_Thymus4,8_36,6,10986.0,11400.0
Mouse_Thymus4,49_106,1,15086.0,18400.0
Mouse_Thymus4,48_85,1,14986.0,16300.0
Mouse_Thymus4,21_27,6,12286.0,10500.0
Mouse_Thymus4,36_93,8,13786.0,17100.0
Mouse_Thymus4,46_27,5,14786.0,10500.0
Mouse_Thymus4,39_45,8,14086.0,12300.0
Mouse_Thymus4,53_46,8,15486.0,12400.0
Mouse_Thymus4,27_35,9,12886.0,11300.0
Mouse_Thymus4,19_61,4,12086.0,13900.0
Mouse_Thymus4,38_25,1,13986.0,10300.0
Mouse_Thymus4,61_12,8,16286.0,9000.0
Mouse_Thymus4,27_91,8,12886.0,16900.0
Mouse_Thymus4,57_17,3,15886.0,9500.0
Mouse_Thymus4,55_43,8,15686.0,12100.0
Mouse_Thymus4,45_26,5,14686.0,10400.0
Mouse_Thymus4,33_31,4,13486.0,10900.0
Mouse_Thymus4,61_22,8,16286.0,10000.0
Mouse_Thymus4,8_35,0,10986.0,11300.0
Mouse_Thymus4,40_17,1,14186.0,9500.0
Mouse_Thymus4,41_29,9,14286.0,10700.0
Mouse_Thymus4,38_20,1,13986.0,9800.0
Mouse_Thymus4,43_75,1,14486.0,15300.0
Mouse_Thymus4,42_93,8,14386.0,17100.0
Mouse_Thymus4,22_79,4,12386.0,15700.0
Mouse_Thymus4,61_10,2,16286.0,8800.0
Mouse_Thymus4,59_21,6,16086.0,9900.0
Mouse_Thymus4,20_56,4,12186.0,13400.0
Mouse_Thymus4,16_33,4,11786.0,11100.0
Mouse_Thymus4,40_42,4,14186.0,12000.0
Mouse_Thymus4,61_2,8,16286.0,8000.0
Mouse_Thymus4,32_91,2,13386.0,16900.0
Mouse_Thymus4,18_46,1,11986.0,12400.0
Mouse_Thymus4,36_17,8,13786.0,9500.0
Mouse_Thymus4,23_46,1,12486.0,12400.0
Mouse_Thymus4,47_38,4,14886.0,11600.0
Mouse_Thymus4,27_43,9,12886.0,12100.0
Mouse_Thymus4,46_70,2,14786.0,14800.0
Mouse_Thymus4,55_26,8,15686.0,10400.0
Mouse_Thymus4,34_83,1,13586.0,16100.0
Mouse_Thymus4,15_38,4,11686.0,11600.0
Mouse_Thymus4,47_73,8,14886.0,15100.0
Mouse_Thymus4,50_92,1,15186.0,17000.0
Mouse_Thymus4,49_80,6,15086.0,15800.0
Mouse_Thymus4,35_69,2,13686.0,14700.0
Mouse_Thymus4,42_55,1,14386.0,13300.0
Mouse_Thymus4,21_74,9,12286.0,15200.0
Mouse_Thymus4,50_31,4,15186.0,10900.0
Mouse_Thymus4,31_72,1,13286.0,15000.0
Mouse_Thymus4,12_33,4,11386.0,11100.0
Mouse_Thymus4,7_47,4,10886.0,12500.0
Mouse_Thymus4,59_104,4,16086.0,18200.0
Mouse_Thymus4,56_116,8,15786.0,19400.0
Mouse_Thymus4,54_110,9,15586.0,18800.0
Mouse_Thymus4,21_65,6,12286.0,14300.0
Mouse_Thymus4,21_28,8,12286.0,10600.0
Mouse_Thymus4,67_4,2,16886.0,8200.0
Mouse_Thymus4,48_87,2,14986.0,16500.0
Mouse_Thymus4,41_32,2,14286.0,11000.0
Mouse_Thymus4,54_115,4,15586.0,19300.0
Mouse_Thymus4,46_9,2,14786.0,8700.0
Mouse_Thymus4,27_74,4,12886.0,15200.0
Mouse_Thymus4,36_64,9,13786.0,14200.0
Mouse_Thymus4,25_46,9,12686.0,12400.0
Mouse_Thymus4,44_89,9,14586.0,16700.0
Mouse_Thymus4,28_82,8,12986.0,16000.0
Mouse_Thymus4,18_78,8,11986.0,15600.0
Mouse_Thymus4,44_21,4,14586.0,9900.0
Mouse_Thymus4,48_75,6,14986.0,15300.0
Mouse_Thymus4,30_60,9,13186.0,13800.0
Mouse_Thymus4,15_60,0,11686.0,13800.0
Mouse_Thymus4,40_101,4,14186.0,17900.0
Mouse_Thymus4,18_44,9,11986.0,12200.0
Mouse_Thymus4,55_37,4,15686.0,11500.0
Mouse_Thymus4,52_94,1,15386.0,17200.0
Mouse_Thymus4,15_35,4,11686.0,11300.0
Mouse_Thymus4,43_34,4,14486.0,11200.0
Mouse_Thymus4,52_39,4,15386.0,11700.0
Mouse_Thymus4,6_49,8,10786.0,12700.0
Mouse_Thymus4,44_8,8,14586.0,8600.0
Mouse_Thymus4,43_73,2,14486.0,15100.0
Mouse_Thymus4,58_91,8,15986.0,16900.0
Mouse_Thymus4,14_46,4,11586.0,12400.0
Mouse_Thymus4,41_97,3,14286.0,17500.0
Mouse_Thymus4,45_36,6,14686.0,11400.0
Mouse_Thymus4,35_48,9,13686.0,12600.0
Mouse_Thymus4,43_85,1,14486.0,16300.0
Mouse_Thymus4,42_42,8,14386.0,12000.0
Mouse_Thymus4,48_100,6,14986.0,17800.0
Mouse_Thymus4,15_57,4,11686.0,13500.0
Mouse_Thymus4,27_71,4,12886.0,14900.0
Mouse_Thymus4,60_26,4,16186.0,10400.0
Mouse_Thymus4,58_100,8,15986.0,17800.0
Mouse_Thymus4,38_54,9,13986.0,13200.0
Mouse_Thymus4,7_46,3,10886.0,12400.0
Mouse_Thymus4,54_32,8,15586.0,11000.0
Mouse_Thymus4,51_100,1,15286.0,17800.0
Mouse_Thymus4,21_72,2,12286.0,15000.0
Mouse_Thymus4,30_33,4,13186.0,11100.0
Mouse_Thymus4,24_58,1,12586.0,13600.0
Mouse_Thymus4,40_86,8,14186.0,16400.0
Mouse_Thymus4,59_105,6,16086.0,18300.0
Mouse_Thymus4,52_36,3,15386.0,11400.0
Mouse_Thymus4,26_52,9,12786.0,13000.0
Mouse_Thymus4,26_85,8,12786.0,16300.0
Mouse_Thymus4,45_23,9,14686.0,10100.0
Mouse_Thymus4,45_71,8,14686.0,14900.0
Mouse_Thymus4,44_46,5,14586.0,12400.0
Mouse_Thymus4,19_36,4,12086.0,11400.0
Mouse_Thymus4,17_37,6,11886.0,11500.0
Mouse_Thymus4,56_90,8,15786.0,16800.0
Mouse_Thymus4,56_11,8,15786.0,8900.0
Mouse_Thymus4,32_45,1,13386.0,12300.0
Mouse_Thymus4,56_89,8,15786.0,16700.0
Mouse_Thymus4,30_79,1,13186.0,15700.0
Mouse_Thymus4,40_33,4,14186.0,11100.0
Mouse_Thymus4,19_39,1,12086.0,11700.0
Mouse_Thymus4,32_21,4,13386.0,9900.0
Mouse_Thymus4,28_41,2,12986.0,11900.0
Mouse_Thymus4,30_91,6,13186.0,16900.0
Mouse_Thymus4,56_79,7,15786.0,15700.0
Mouse_Thymus4,25_54,6,12686.0,13200.0
Mouse_Thymus4,23_30,4,12486.0,10800.0
Mouse_Thymus4,54_24,4,15586.0,10200.0
Mouse_Thymus4,31_34,5,13286.0,11200.0
Mouse_Thymus4,3_52,8,10486.0,13000.0
Mouse_Thymus4,55_13,6,15686.0,9100.0
Mouse_Thymus4,27_24,6,12886.0,10200.0
Mouse_Thymus4,47_49,1,14886.0,12700.0
Mouse_Thymus4,30_89,2,13186.0,16700.0
Mouse_Thymus4,43_15,9,14486.0,9300.0
Mouse_Thymus4,49_95,1,15086.0,17300.0
Mouse_Thymus4,57_11,3,15886.0,8900.0
Mouse_Thymus4,31_26,9,13286.0,10400.0
Mouse_Thymus4,56_111,8,15786.0,18900.0
Mouse_Thymus4,35_40,4,13686.0,11800.0
Mouse_Thymus4,50_82,1,15186.0,16000.0
Mouse_Thymus4,32_65,9,13386.0,14300.0
Mouse_Thymus4,32_70,2,13386.0,14800.0
Mouse_Thymus4,58_83,8,15986.0,16100.0
Mouse_Thymus4,60_94,8,16186.0,17200.0
Mouse_Thymus4,50_107,1,15186.0,18500.0
Mouse_Thymus4,35_16,6,13686.0,9400.0
Mouse_Thymus4,38_70,3,13986.0,14800.0
Mouse_Thymus4,11_52,4,11286.0,13000.0
Mouse_Thymus4,60_25,4,16186.0,10300.0
Mouse_Thymus4,31_61,2,13286.0,13900.0
Mouse_Thymus4,57_38,6,15886.0,11600.0
Mouse_Thymus4,47_8,4,14886.0,8600.0
Mouse_Thymus4,30_70,9,13186.0,14800.0
Mouse_Thymus4,40_69,1,14186.0,14700.0
Mouse_Thymus4,46_84,1,14786.0,16200.0
Mouse_Thymus4,45_98,8,14686.0,17600.0
Mouse_Thymus4,4_45,4,10586.0,12300.0
Mouse_Thymus4,58_101,8,15986.0,17900.0
Mouse_Thymus4,8_47,4,10986.0,12500.0
Mouse_Thymus4,29_69,1,13086.0,14700.0
Mouse_Thymus4,54_7,3,15586.0,8500.0
Mouse_Thymus4,52_42,5,15386.0,12000.0
Mouse_Thymus4,69_1,8,17086.0,7900.0
Mouse_Thymus4,36_40,2,13786.0,11800.0
Mouse_Thymus4,15_29,3,11686.0,10700.0
Mouse_Thymus4,28_38,9,12986.0,11600.0
Mouse_Thymus4,54_95,1,15586.0,17300.0
Mouse_Thymus4,45_90,1,14686.0,16800.0
Mouse_Thymus4,19_28,8,12086.0,10600.0
Mouse_Thymus4,51_105,1,15286.0,18300.0
Mouse_Thymus4,34_73,9,13586.0,15100.0
Mouse_Thymus4,30_43,9,13186.0,12100.0
Mouse_Thymus4,58_40,7,15986.0,11800.0
Mouse_Thymus4,55_85,6,15686.0,16300.0
Mouse_Thymus4,57_23,3,15886.0,10100.0
Mouse_Thymus4,28_23,4,12986.0,10100.0
Mouse_Thymus4,18_39,1,11986.0,11700.0
Mouse_Thymus4,46_112,8,14786.0,19000.0
Mouse_Thymus4,13_58,3,11486.0,13600.0
Mouse_Thymus4,29_82,2,13086.0,16000.0
Mouse_Thymus4,18_32,4,11986.0,11000.0
Mouse_Thymus4,41_36,5,14286.0,11400.0
Mouse_Thymus4,47_12,9,14886.0,9000.0
Mouse_Thymus4,43_11,4,14486.0,8900.0
Mouse_Thymus4,22_81,4,12386.0,15900.0
Mouse_Thymus4,37_77,8,13886.0,15500.0
Mouse_Thymus4,44_98,2,14586.0,17600.0
Mouse_Thymus4,38_26,1,13986.0,10400.0
Mouse_Thymus4,28_37,9,12986.0,11500.0
Mouse_Thymus4,58_87,8,15986.0,16500.0
Mouse_Thymus4,17_71,4,11886.0,14900.0
Mouse_Thymus4,14_56,3,11586.0,13400.0
Mouse_Thymus4,65_0,0,16686.0,7800.0
Mouse_Thymus4,57_80,7,15886.0,15800.0
Mouse_Thymus4,28_31,9,12986.0,10900.0
Mouse_Thymus4,42_62,8,14386.0,14000.0
Mouse_Thymus4,71_3,8,17286.0,8100.0
Mouse_Thymus4,57_107,8,15886.0,18500.0
Mouse_Thymus4,16_60,4,11786.0,13800.0
Mouse_Thymus4,42_94,6,14386.0,17200.0
Mouse_Thymus4,40_30,3,14186.0,10800.0
Mouse_Thymus4,54_90,7,15586.0,16800.0
Mouse_Thymus4,49_102,1,15086.0,18000.0
Mouse_Thymus4,57_106,8,15886.0,18400.0
Mouse_Thymus4,54_109,9,15586.0,18700.0
Mouse_Thymus4,39_17,3,14086.0,9500.0
Mouse_Thymus4,36_13,6,13786.0,9100.0
Mouse_Thymus4,20_84,8,12186.0,16200.0
Mouse_Thymus4,55_88,3,15686.0,16600.0
Mouse_Thymus4,26_24,8,12786.0,10200.0
Mouse_Thymus4,20_61,9,12186.0,13900.0
Mouse_Thymus4,6_38,6,10786.0,11600.0
Mouse_Thymus4,48_44,3,14986.0,12200.0
Mouse_Thymus4,34_65,4,13586.0,14300.0
Mouse_Thymus4,37_70,2,13886.0,14800.0
Mouse_Thymus4,23_31,4,12486.0,10900.0
Mouse_Thymus4,37_25,1,13886.0,10300.0
Mouse_Thymus4,31_24,8,13286.0,10200.0
Mouse_Thymus4,35_81,0,13686.0,15900.0
Mouse_Thymus4,56_106,8,15786.0,18400.0
Mouse_Thymus4,4_59,4,10586.0,13700.0
Mouse_Thymus4,28_27,9,12986.0,10500.0
Mouse_Thymus4,38_82,2,13986.0,16000.0
Mouse_Thymus4,27_25,3,12886.0,10300.0
Mouse_Thymus4,10_49,4,11186.0,12700.0
Mouse_Thymus4,45_100,8,14686.0,17800.0
Mouse_Thymus4,4_42,0,10586.0,12000.0
Mouse_Thymus4,47_108,8,14886.0,18600.0
Mouse_Thymus4,53_33,6,15486.0,11100.0
Mouse_Thymus4,50_8,2,15186.0,8600.0
Mouse_Thymus4,15_40,9,11686.0,11800.0
Mouse_Thymus4,2_59,8,10386.0,13700.0
Mouse_Thymus4,13_32,0,11486.0,11000.0
Mouse_Thymus4,61_102,4,16286.0,18000.0
Mouse_Thymus4,39_30,9,14086.0,10800.0
Mouse_Thymus4,42_10,6,14386.0,8800.0
Mouse_Thymus4,31_70,2,13286.0,14800.0
Mouse_Thymus4,11_64,8,11286.0,14200.0
Mouse_Thymus4,16_45,1,11786.0,12300.0
Mouse_Thymus4,18_30,8,11986.0,10800.0
Mouse_Thymus4,55_44,7,15686.0,12200.0
Mouse_Thymus4,37_76,2,13886.0,15400.0
Mouse_Thymus4,30_21,6,13186.0,9900.0
Mouse_Thymus4,31_52,1,13286.0,13000.0
Mouse_Thymus4,43_104,8,14486.0,18200.0
Mouse_Thymus4,35_50,2,13686.0,12800.0
Mouse_Thymus4,42_43,8,14386.0,12100.0
Mouse_Thymus4,31_30,9,13286.0,10800.0
Mouse_Thymus4,9_48,4,11086.0,12600.0
Mouse_Thymus4,45_111,3,14686.0,18900.0
Mouse_Thymus4,20_66,2,12186.0,14400.0
Mouse_Thymus4,13_31,0,11486.0,10900.0
Mouse_Thymus4,41_76,1,14286.0,15400.0
Mouse_Thymus4,61_89,8,16286.0,16700.0
Mouse_Thymus4,56_35,4,15786.0,11300.0
Mouse_Thymus4,38_23,1,13986.0,10100.0
Mouse_Thymus4,27_53,1,12886.0,13100.0
Mouse_Thymus4,29_25,9,13086.0,10300.0
Mouse_Thymus4,31_78,6,13286.0,15600.0
Mouse_Thymus4,46_51,1,14786.0,12900.0
Mouse_Thymus4,27_45,8,12886.0,12300.0
Mouse_Thymus4,26_29,9,12786.0,10700.0
Mouse_Thymus4,66_3,1,16786.0,8100.0
Mouse_Thymus4,23_78,4,12486.0,15600.0
Mouse_Thymus4,20_33,5,12186.0,11100.0
Mouse_Thymus4,70_4,8,17186.0,8200.0
Mouse_Thymus4,51_43,5,15286.0,12100.0
Mouse_Thymus4,55_30,6,15686.0,10800.0
Mouse_Thymus4,48_99,1,14986.0,17700.0
Mouse_Thymus4,25_31,9,12686.0,10900.0
Mouse_Thymus4,44_54,9,14586.0,13200.0
Mouse_Thymus4,33_81,1,13486.0,15900.0
Mouse_Thymus4,48_109,6,14986.0,18700.0
Mouse_Thymus4,57_20,8,15886.0,9800.0
Mouse_Thymus4,53_43,5,15486.0,12100.0
Mouse_Thymus4,5_42,8,10686.0,12000.0
Mouse_Thymus4,30_76,9,13186.0,15400.0
Mouse_Thymus4,37_47,8,13886.0,12500.0
Mouse_Thymus4,43_74,4,14486.0,15200.0
Mouse_Thymus4,39_43,4,14086.0,12100.0
Mouse_Thymus4,53_96,1,15486.0,17400.0
Mouse_Thymus4,53_100,1,15486.0,17800.0
Mouse_Thymus4,8_55,4,10986.0,13300.0
Mouse_Thymus4,49_103,2,15086.0,18100.0
Mouse_Thymus4,26_86,8,12786.0,16400.0
Mouse_Thymus4,23_82,4,12486.0,16000.0
Mouse_Thymus4,28_78,2,12986.0,15600.0
Mouse_Thymus4,60_111,7,16186.0,18900.0
Mouse_Thymus4,23_64,1,12486.0,14200.0
Mouse_Thymus4,20_65,4,12186.0,14300.0
Mouse_Thymus4,57_28,4,15886.0,10600.0
Mouse_Thymus4,50_4,3,15186.0,8200.0
Mouse_Thymus4,33_59,9,13486.0,13700.0
Mouse_Thymus4,12_65,4,11386.0,14300.0
Mouse_Thymus4,48_95,1,14986.0,17300.0
Mouse_Thymus4,42_23,9,14386.0,10100.0
Mouse_Thymus4,58_4,6,15986.0,8200.0
Mouse_Thymus4,54_43,6,15586.0,12100.0
Mouse_Thymus4,39_82,8,14086.0,16000.0
Mouse_Thymus4,48_103,8,14986.0,18100.0
Mouse_Thymus4,50_24,4,15186.0,10200.0
Mouse_Thymus4,52_114,8,15386.0,19200.0
Mouse_Thymus4,10_51,4,11186.0,12900.0
Mouse_Thymus4,20_70,4,12186.0,14800.0
Mouse_Thymus4,53_84,8,15486.0,16200.0
Mouse_Thymus4,20_74,8,12186.0,15200.0
Mouse_Thymus4,59_1,0,16086.0,7900.0
Mouse_Thymus4,6_58,4,10786.0,13600.0
Mouse_Thymus4,46_37,8,14786.0,11500.0
Mouse_Thymus4,42_25,1,14386.0,10300.0
Mouse_Thymus4,18_74,4,11986.0,15200.0
Mouse_Thymus4,52_88,6,15386.0,16600.0
Mouse_Thymus4,57_3,8,15886.0,8100.0
Mouse_Thymus4,5_52,4,10686.0,13000.0
Mouse_Thymus4,48_45,8,14986.0,12300.0
Mouse_Thymus4,22_50,1,12386.0,12800.0
Mouse_Thymus4,39_56,9,14086.0,13400.0
Mouse_Thymus4,22_38,9,12386.0,11600.0
Mouse_Thymus4,20_53,8,12186.0,13100.0
Mouse_Thymus4,54_108,2,15586.0,18600.0
Mouse_Thymus4,32_16,7,13386.0,9400.0
Mouse_Thymus4,52_13,3,15386.0,9100.0
Mouse_Thymus4,42_96,8,14386.0,17400.0
Mouse_Thymus4,6_54,0,10786.0,13200.0
Mouse_Thymus4,57_24,3,15886.0,10200.0
Mouse_Thymus4,20_75,4,12186.0,15300.0
Mouse_Thymus4,49_16,6,15086.0,9400.0
Mouse_Thymus4,38_64,1,13986.0,14200.0
Mouse_Thymus4,34_92,3,13586.0,17000.0
Mouse_Thymus4,32_62,8,13386.0,14000.0
Mouse_Thymus4,28_76,2,12986.0,15400.0
Mouse_Thymus4,66_4,1,16786.0,8200.0
Mouse_Thymus4,43_17,1,14486.0,9500.0
Mouse_Thymus4,68_6,3,16986.0,8400.0
Mouse_Thymus4,61_36,7,16286.0,11400.0
Mouse_Thymus4,35_96,3,13686.0,17400.0
Mouse_Thymus4,43_44,4,14486.0,12200.0
Mouse_Thymus4,33_96,8,13486.0,17400.0
Mouse_Thymus4,51_111,1,15286.0,18900.0
Mouse_Thymus4,44_106,4,14586.0,18400.0
Mouse_Thymus4,56_27,8,15786.0,10500.0
Mouse_Thymus4,38_79,2,13986.0,15700.0
Mouse_Thymus4,35_74,2,13686.0,15200.0
Mouse_Thymus4,24_79,8,12586.0,15700.0
Mouse_Thymus4,35_59,2,13686.0,13700.0
Mouse_Thymus4,49_51,4,15086.0,12900.0
Mouse_Thymus4,38_62,9,13986.0,14000.0
Mouse_Thymus4,35_55,2,13686.0,13300.0
Mouse_Thymus4,56_107,8,15786.0,18500.0
Mouse_Thymus4,45_95,6,14686.0,17300.0
Mouse_Thymus4,42_71,2,14386.0,14900.0
Mouse_Thymus4,44_26,6,14586.0,10400.0
Mouse_Thymus4,70_6,7,17186.0,8400.0
Mouse_Thymus4,12_46,4,11386.0,12400.0
Mouse_Thymus4,41_84,8,14286.0,16200.0
Mouse_Thymus4,37_29,2,13886.0,10700.0
Mouse_Thymus4,39_90,6,14086.0,16800.0
Mouse_Thymus4,46_32,4,14786.0,11000.0
Mouse_Thymus4,60_10,2,16186.0,8800.0
Mouse_Thymus4,14_70,4,11586.0,14800.0
Mouse_Thymus4,36_35,3,13786.0,11300.0
Mouse_Thymus4,24_72,3,12586.0,15000.0
Mouse_Thymus4,47_79,1,14886.0,15700.0
Mouse_Thymus4,18_64,1,11986.0,14200.0
Mouse_Thymus4,41_45,4,14286.0,12300.0
Mouse_Thymus4,16_29,3,11786.0,10700.0
Mouse_Thymus4,10_55,4,11186.0,13300.0
Mouse_Thymus4,28_88,8,12986.0,16600.0
Mouse_Thymus4,64_2,8,16586.0,8000.0
Mouse_Thymus4,49_96,1,15086.0,17400.0
Mouse_Thymus4,24_30,9,12586.0,10800.0
Mouse_Thymus4,39_10,3,14086.0,8800.0
Mouse_Thymus4,34_75,1,13586.0,15300.0
Mouse_Thymus4,46_19,1,14786.0,9700.0
Mouse_Thymus4,25_67,1,12686.0,14500.0
Mouse_Thymus4,6_35,8,10786.0,11300.0
Mouse_Thymus4,59_7,2,16086.0,8500.0
Mouse_Thymus4,16_58,4,11786.0,13600.0
Mouse_Thymus4,16_61,8,11786.0,13900.0
Mouse_Thymus4,48_115,8,14986.0,19300.0
Mouse_Thymus4,27_93,7,12886.0,17100.0
Mouse_Thymus4,21_48,1,12286.0,12600.0
Mouse_Thymus4,24_82,8,12586.0,16000.0
Mouse_Thymus4,59_15,4,16086.0,9300.0
Mouse_Thymus4,16_75,8,11786.0,15300.0
Mouse_Thymus4,24_36,9,12586.0,11400.0
Mouse_Thymus4,22_45,1,12386.0,12300.0
Mouse_Thymus4,53_22,4,15486.0,10000.0
Mouse_Thymus4,21_78,4,12286.0,15600.0
Mouse_Thymus4,47_72,0,14886.0,15000.0
Mouse_Thymus4,53_27,4,15486.0,10500.0
Mouse_Thymus4,52_78,8,15386.0,15600.0
Mouse_Thymus4,27_70,1,12886.0,14800.0
Mouse_Thymus4,53_101,1,15486.0,17900.0
Mouse_Thymus4,35_34,1,13686.0,11200.0
Mouse_Thymus4,37_86,3,13886.0,16400.0
Mouse_Thymus4,64_7,3,16586.0,8500.0
Mouse_Thymus4,49_7,8,15086.0,8500.0
Mouse_Thymus4,52_2,6,15386.0,8000.0
Mouse_Thymus4,36_12,0,13786.0,9000.0
Mouse_Thymus4,52_25,4,15386.0,10300.0
Mouse_Thymus4,11_49,4,11286.0,12700.0
Mouse_Thymus4,36_57,2,13786.0,13500.0
Mouse_Thymus4,41_64,8,14286.0,14200.0
Mouse_Thymus4,44_90,9,14586.0,16800.0
Mouse_Thymus4,50_101,9,15186.0,17900.0
Mouse_Thymus4,31_54,1,13286.0,13200.0
Mouse_Thymus4,32_25,4,13386.0,10300.0
Mouse_Thymus4,55_84,8,15686.0,16200.0
Mouse_Thymus4,15_64,0,11686.0,14200.0
Mouse_Thymus4,20_77,0,12186.0,15500.0
Mouse_Thymus4,51_44,5,15286.0,12200.0
Mouse_Thymus4,49_4,0,15086.0,8200.0
Mouse_Thymus4,47_78,4,14886.0,15600.0
Mouse_Thymus4,31_86,9,13286.0,16400.0
Mouse_Thymus4,46_53,9,14786.0,13100.0
Mouse_Thymus4,57_87,6,15886.0,16500.0
Mouse_Thymus4,44_14,9,14586.0,9200.0
Mouse_Thymus4,9_35,8,11086.0,11300.0
Mouse_Thymus4,25_29,2,12686.0,10700.0
Mouse_Thymus4,23_79,3,12486.0,15700.0
Mouse_Thymus4,47_84,9,14886.0,16200.0
Mouse_Thymus4,7_35,0,10886.0,11300.0
Mouse_Thymus4,38_12,0,13986.0,9000.0
Mouse_Thymus4,33_49,9,13486.0,12700.0
Mouse_Thymus4,60_14,4,16186.0,9200.0
Mouse_Thymus4,8_54,8,10986.0,13200.0
Mouse_Thymus4,29_66,2,13086.0,14400.0
Mouse_Thymus4,57_117,3,15886.0,19500.0
Mouse_Thymus4,10_59,4,11186.0,13700.0
Mouse_Thymus4,61_95,8,16286.0,17300.0
Mouse_Thymus4,27_85,8,12886.0,16300.0
Mouse_Thymus4,24_63,1,12586.0,14100.0
Mouse_Thymus4,48_22,5,14986.0,10000.0
Mouse_Thymus4,62_7,9,16386.0,8500.0
Mouse_Thymus4,26_83,2,12786.0,16100.0
Mouse_Thymus4,41_67,8,14286.0,14500.0
Mouse_Thymus4,35_63,6,13686.0,14100.0
Mouse_Thymus4,57_96,2,15886.0,17400.0
Mouse_Thymus4,38_29,9,13986.0,10700.0
Mouse_Thymus4,49_17,2,15086.0,9500.0
Mouse_Thymus4,57_2,3,15886.0,8000.0
Mouse_Thymus4,36_68,2,13786.0,14600.0
Mouse_Thymus4,51_91,1,15286.0,16900.0
Mouse_Thymus4,4_53,4,10586.0,13100.0
Mouse_Thymus4,41_25,1,14286.0,10300.0
Mouse_Thymus4,51_74,8,15286.0,15200.0
Mouse_Thymus4,34_51,1,13586.0,12900.0
Mouse_Thymus4,37_31,1,13886.0,10900.0
Mouse_Thymus4,53_107,1,15486.0,18500.0
Mouse_Thymus4,29_76,1,13086.0,15400.0
Mouse_Thymus4,52_75,8,15386.0,15300.0
Mouse_Thymus4,18_72,8,11986.0,15000.0
Mouse_Thymus4,62_93,8,16386.0,17100.0
Mouse_Thymus4,62_1,8,16386.0,7900.0
Mouse_Thymus4,31_27,1,13286.0,10500.0
Mouse_Thymus4,16_40,9,11786.0,11800.0
Mouse_Thymus4,22_57,2,12386.0,13500.0
Mouse_Thymus4,48_101,8,14986.0,17900.0
Mouse_Thymus4,51_103,9,15286.0,18100.0
Mouse_Thymus4,70_2,3,17186.0,8000.0
Mouse_Thymus4,50_28,0,15186.0,10600.0
Mouse_Thymus4,22_47,1,12386.0,12500.0
Mouse_Thymus4,50_47,4,15186.0,12500.0
Mouse_Thymus4,62_96,6,16386.0,17400.0
Mouse_Thymus4,26_48,1,12786.0,12600.0
Mouse_Thymus4,4_48,4,10586.0,12600.0
Mouse_Thymus4,26_91,6,12786.0,16900.0
Mouse_Thymus4,67_0,0,16886.0,7800.0
Mouse_Thymus4,57_115,3,15886.0,19300.0
Mouse_Thymus4,17_51,2,11886.0,12900.0
Mouse_Thymus4,36_25,1,13786.0,10300.0
Mouse_Thymus4,14_49,8,11586.0,12700.0
Mouse_Thymus4,40_60,4,14186.0,13800.0
Mouse_Thymus4,19_83,2,12086.0,16100.0
Mouse_Thymus4,43_52,1,14486.0,13000.0
Mouse_Thymus4,20_27,0,12186.0,10500.0
Mouse_Thymus4,21_32,4,12286.0,11000.0
Mouse_Thymus4,40_57,1,14186.0,13500.0
Mouse_Thymus4,24_50,1,12586.0,12800.0
Mouse_Thymus4,52_103,1,15386.0,18100.0
Mouse_Thymus4,26_70,1,12786.0,14800.0
Mouse_Thymus4,13_68,4,11486.0,14600.0
Mouse_Thymus4,72_2,7,17386.0,8000.0
Mouse_Thymus4,49_72,7,15086.0,15000.0
Mouse_Thymus4,23_71,3,12486.0,14900.0
Mouse_Thymus4,4_54,4,10586.0,13200.0
Mouse_Thymus4,47_110,8,14886.0,18800.0
Mouse_Thymus4,16_41,1,11786.0,11900.0
Mouse_Thymus4,44_52,1,14586.0,13000.0
Mouse_Thymus4,15_63,4,11686.0,14100.0
Mouse_Thymus4,59_25,8,16086.0,10300.0
Mouse_Thymus4,31_73,0,13286.0,15100.0
Mouse_Thymus4,49_93,1,15086.0,17100.0
Mouse_Thymus4,8_46,4,10986.0,12400.0
Mouse_Thymus4,56_92,8,15786.0,17000.0
Mouse_Thymus4,52_79,8,15386.0,15700.0
Mouse_Thymus4,44_76,9,14586.0,15400.0
Mouse_Thymus4,30_75,6,13186.0,15300.0
Mouse_Thymus4,46_11,9,14786.0,8900.0
Mouse_Thymus4,59_95,6,16086.0,17300.0
Mouse_Thymus4,33_42,3,13486.0,12000.0
Mouse_Thymus4,23_52,1,12486.0,13000.0
Mouse_Thymus4,54_103,9,15586.0,18100.0
Mouse_Thymus4,61_30,8,16286.0,10800.0
Mouse_Thymus4,54_40,4,15586.0,11800.0
Mouse_Thymus4,39_67,1,14086.0,14500.0
Mouse_Thymus4,16_34,4,11786.0,11200.0
Mouse_Thymus4,45_37,8,14686.0,11500.0
Mouse_Thymus4,48_7,3,14986.0,8500.0
Mouse_Thymus4,23_42,1,12486.0,12000.0
Mouse_Thymus4,31_53,1,13286.0,13100.0
Mouse_Thymus4,62_33,9,16386.0,11100.0
Mouse_Thymus4,41_104,7,14286.0,18200.0
Mouse_Thymus4,23_36,3,12486.0,11400.0
Mouse_Thymus4,30_64,8,13186.0,14200.0
Mouse_Thymus4,34_63,4,13586.0,14100.0
Mouse_Thymus4,38_52,1,13986.0,13000.0
Mouse_Thymus4,54_45,7,15586.0,12300.0
Mouse_Thymus4,26_75,8,12786.0,15300.0
Mouse_Thymus4,43_83,9,14486.0,16100.0
Mouse_Thymus4,27_81,2,12886.0,15900.0
Mouse_Thymus4,31_91,2,13286.0,16900.0
Mouse_Thymus4,45_91,1,14686.0,16900.0
Mouse_Thymus4,35_73,4,13686.0,15100.0
Mouse_Thymus4,49_43,4,15086.0,12100.0
Mouse_Thymus4,49_94,1,15086.0,17200.0
Mouse_Thymus4,45_6,0,14686.0,8400.0
Mouse_Thymus4,47_17,1,14886.0,9500.0
Mouse_Thymus4,40_37,5,14186.0,11500.0
Mouse_Thymus4,15_59,4,11686.0,13700.0
Mouse_Thymus4,17_61,8,11886.0,13900.0
Mouse_Thymus4,59_37,8,16086.0,11500.0
Mouse_Thymus4,20_43,9,12186.0,12100.0
Mouse_Thymus4,31_55,1,13286.0,13300.0
Mouse_Thymus4,33_79,9,13486.0,15700.0
Mouse_Thymus4,36_85,2,13786.0,16300.0
Mouse_Thymus4,30_88,9,13186.0,16600.0
Mouse_Thymus4,32_44,9,13386.0,12200.0
Mouse_Thymus4,4_51,3,10586.0,12900.0
Mouse_Thymus4,53_9,9,15486.0,8700.0
Mouse_Thymus4,27_69,9,12886.0,14700.0
Mouse_Thymus4,60_28,4,16186.0,10600.0
Mouse_Thymus4,36_81,6,13786.0,15900.0
Mouse_Thymus4,35_51,1,13686.0,12900.0
Mouse_Thymus4,48_102,2,14986.0,18000.0
Mouse_Thymus4,17_47,1,11886.0,12500.0
Mouse_Thymus4,27_78,2,12886.0,15600.0
Mouse_Thymus4,43_81,1,14486.0,15900.0
Mouse_Thymus4,40_88,4,14186.0,16600.0
Mouse_Thymus4,37_64,9,13886.0,14200.0
Mouse_Thymus4,15_49,3,11686.0,12700.0
Mouse_Thymus4,56_29,8,15786.0,10700.0
Mouse_Thymus4,30_35,2,13186.0,11300.0
Mouse_Thymus4,3_54,4,10486.0,13200.0
Mouse_Thymus4,47_103,8,14886.0,18100.0
Mouse_Thymus4,1_55,8,10286.0,13300.0
Mouse_Thymus4,27_54,1,12886.0,13200.0
Mouse_Thymus4,69_3,8,17086.0,8100.0
Mouse_Thymus4,64_25,8,16586.0,10300.0
Mouse_Thymus4,30_65,2,13186.0,14300.0
Mouse_Thymus4,22_26,4,12386.0,10400.0
Mouse_Thymus4,34_69,2,13586.0,14700.0
Mouse_Thymus4,41_103,8,14286.0,18100.0
Mouse_Thymus4,45_8,8,14686.0,8600.0
Mouse_Thymus4,35_41,4,13686.0,11900.0
Mouse_Thymus4,24_33,9,12586.0,11100.0
Mouse_Thymus4,36_34,1,13786.0,11200.0
Mouse_Thymus4,19_48,1,12086.0,12600.0
Mouse_Thymus4,17_66,1,11886.0,14400.0
Mouse_Thymus4,27_88,8,12886.0,16600.0
Mouse_Thymus4,23_49,1,12486.0,12700.0
Mouse_Thymus4,60_90,8,16186.0,16800.0
Mouse_Thymus4,20_63,2,12186.0,14100.0
Mouse_Thymus4,45_33,8,14686.0,11100.0
Mouse_Thymus4,6_52,4,10786.0,13000.0
Mouse_Thymus4,23_67,1,12486.0,14500.0
Mouse_Thymus4,47_92,1,14886.0,17000.0
Mouse_Thymus4,0_55,8,10186.0,13300.0
Mouse_Thymus4,61_9,1,16286.0,8700.0
Mouse_Thymus4,12_51,4,11386.0,12900.0
Mouse_Thymus4,56_114,8,15786.0,19200.0
Mouse_Thymus4,34_72,3,13586.0,15000.0
Mouse_Thymus4,47_90,1,14886.0,16800.0
Mouse_Thymus4,41_49,1,14286.0,12700.0
Mouse_Thymus4,47_36,8,14886.0,11400.0
Mouse_Thymus4,45_15,1,14686.0,9300.0
Mouse_Thymus4,38_34,9,13986.0,11200.0
Mouse_Thymus4,45_48,1,14686.0,12600.0
Mouse_Thymus4,37_36,4,13886.0,11400.0
Mouse_Thymus4,24_76,8,12586.0,15400.0
Mouse_Thymus4,39_53,7,14086.0,13100.0
Mouse_Thymus4,42_105,7,14386.0,18300.0
Mouse_Thymus4,19_72,4,12086.0,15000.0
Mouse_Thymus4,57_82,8,15886.0,16000.0
Mouse_Thymus4,55_107,2,15686.0,18500.0
Mouse_Thymus4,38_32,9,13986.0,11000.0
Mouse_Thymus4,43_12,4,14486.0,9000.0
Mouse_Thymus4,56_42,8,15786.0,12000.0
Mouse_Thymus4,44_24,5,14586.0,10200.0
Mouse_Thymus4,44_12,4,14586.0,9000.0
Mouse_Thymus4,22_76,9,12386.0,15400.0
Mouse_Thymus4,51_117,7,15286.0,19500.0
Mouse_Thymus4,52_112,1,15386.0,19000.0
Mouse_Thymus4,36_77,3,13786.0,15500.0
Mouse_Thymus4,51_40,4,15286.0,11800.0
Mouse_Thymus4,56_31,8,15786.0,10900.0
Mouse_Thymus4,67_5,8,16886.0,8300.0
Mouse_Thymus4,50_5,8,15186.0,8300.0
Mouse_Thymus4,19_35,4,12086.0,11300.0
Mouse_Thymus4,40_23,1,14186.0,10100.0
Mouse_Thymus4,42_92,8,14386.0,17000.0
Mouse_Thymus4,40_82,6,14186.0,16000.0
Mouse_Thymus4,34_78,6,13586.0,15600.0
Mouse_Thymus4,44_11,4,14586.0,8900.0
Mouse_Thymus4,59_10,1,16086.0,8800.0
Mouse_Thymus4,40_71,2,14186.0,14900.0
Mouse_Thymus4,38_14,4,13986.0,9200.0
Mouse_Thymus4,18_71,0,11986.0,14900.0
Mouse_Thymus4,47_51,9,14886.0,12900.0
Mouse_Thymus4,54_86,8,15586.0,16400.0
Mouse_Thymus4,39_36,5,14086.0,11400.0
Mouse_Thymus4,37_23,1,13886.0,10100.0
Mouse_Thymus4,27_21,6,12886.0,9900.0
Mouse_Thymus4,9_33,3,11086.0,11100.0
Mouse_Thymus4,15_72,8,11686.0,15000.0
Mouse_Thymus4,60_97,8,16186.0,17500.0
Mouse_Thymus4,10_61,4,11186.0,13900.0
Mouse_Thymus4,36_16,4,13786.0,9400.0
Mouse_Thymus4,40_21,1,14186.0,9900.0
Mouse_Thymus4,18_61,8,11986.0,13900.0
Mouse_Thymus4,48_36,4,14986.0,11400.0
Mouse_Thymus4,24_73,6,12586.0,15100.0
Mouse_Thymus4,33_88,2,13486.0,16600.0
Mouse_Thymus4,14_60,3,11586.0,13800.0
Mouse_Thymus4,21_24,7,12286.0,10200.0
Mouse_Thymus4,21_31,4,12286.0,10900.0
Mouse_Thymus4,54_118,8,15586.0,19600.0
Mouse_Thymus4,46_48,1,14786.0,12600.0
Mouse_Thymus4,31_94,4,13286.0,17200.0
Mouse_Thymus4,44_40,4,14586.0,11800.0
Mouse_Thymus4,44_30,8,14586.0,10800.0
Mouse_Thymus4,29_35,4,13086.0,11300.0
Mouse_Thymus4,57_81,8,15886.0,15900.0
Mouse_Thymus4,39_48,4,14086.0,12600.0
Mouse_Thymus4,36_30,9,13786.0,10800.0
Mouse_Thymus4,55_31,4,15686.0,10900.0
Mouse_Thymus4,49_12,1,15086.0,9000.0
Mouse_Thymus4,48_49,9,14986.0,12700.0
Mouse_Thymus4,64_3,2,16586.0,8100.0
Mouse_Thymus4,47_47,1,14886.0,12500.0
Mouse_Thymus4,23_44,1,12486.0,12200.0
Mouse_Thymus4,7_61,8,10886.0,13900.0
Mouse_Thymus4,24_84,8,12586.0,16200.0
Mouse_Thymus4,45_89,9,14686.0,16700.0
Mouse_Thymus4,45_82,1,14686.0,16000.0
Mouse_Thymus4,37_33,1,13886.0,11100.0
Mouse_Thymus4,52_107,1,15386.0,18500.0
Mouse_Thymus4,63_0,0,16486.0,7800.0
Mouse_Thymus4,51_47,4,15286.0,12500.0
Mouse_Thymus4,54_37,4,15586.0,11500.0
Mouse_Thymus4,8_59,4,10986.0,13700.0
Mouse_Thymus4,50_81,6,15186.0,15900.0
Mouse_Thymus4,9_63,4,11086.0,14100.0
Mouse_Thymus4,31_51,1,13286.0,12900.0
Mouse_Thymus4,47_35,4,14886.0,11300.0
Mouse_Thymus4,64_24,8,16586.0,10200.0
Mouse_Thymus4,32_72,1,13386.0,15000.0
Mouse_Thymus4,22_44,1,12386.0,12200.0
Mouse_Thymus4,56_115,8,15786.0,19300.0
Mouse_Thymus4,54_23,4,15586.0,10100.0
Mouse_Thymus4,53_35,4,15486.0,11300.0
Mouse_Thymus4,45_81,1,14686.0,15900.0
Mouse_Thymus4,15_71,6,11686.0,14900.0
Mouse_Thymus4,30_25,9,13186.0,10300.0
Mouse_Thymus4,50_76,8,15186.0,15400.0
Mouse_Thymus4,42_80,1,14386.0,15800.0
Mouse_Thymus4,35_86,6,13686.0,16400.0
Mouse_Thymus4,41_91,2,14286.0,16900.0
Mouse_Thymus4,22_72,1,12386.0,15000.0
Mouse_Thymus4,50_87,1,15186.0,16500.0
Mouse_Thymus4,32_69,9,13386.0,14700.0
Mouse_Thymus4,43_72,2,14486.0,15000.0
Mouse_Thymus4,27_62,1,12886.0,14000.0
Mouse_Thymus4,59_101,8,16086.0,17900.0
Mouse_Thymus4,44_80,1,14586.0,15800.0
Mouse_Thymus4,7_52,4,10886.0,13000.0
Mouse_Thymus4,27_60,1,12886.0,13800.0
Mouse_Thymus4,8_62,8,10986.0,14000.0
Mouse_Thymus4,46_39,8,14786.0,11700.0
Mouse_Thymus4,50_99,3,15186.0,17700.0
Mouse_Thymus4,34_80,4,13586.0,15800.0
Mouse_Thymus4,42_11,0,14386.0,8900.0
Mouse_Thymus4,35_30,6,13686.0,10800.0
Mouse_Thymus4,52_97,1,15386.0,17500.0
Mouse_Thymus4,42_99,8,14386.0,17700.0
Mouse_Thymus4,28_40,9,12986.0,11800.0
Mouse_Thymus4,31_80,1,13286.0,15800.0
Mouse_Thymus4,35_49,3,13686.0,12700.0
Mouse_Thymus4,38_51,1,13986.0,12900.0
Mouse_Thymus4,59_17,8,16086.0,9500.0
Mouse_Thymus4,24_87,7,12586.0,16500.0
Mouse_Thymus4,18_37,9,11986.0,11500.0
Mouse_Thymus4,27_92,7,12886.0,17000.0
Mouse_Thymus4,31_38,8,13286.0,11600.0
Mouse_Thymus4,43_100,4,14486.0,17800.0
Mouse_Thymus4,33_45,9,13486.0,12300.0
Mouse_Thymus4,27_83,6,12886.0,16100.0
Mouse_Thymus4,27_42,4,12886.0,12000.0
Mouse_Thymus4,53_88,6,15486.0,16600.0
Mouse_Thymus4,54_13,4,15586.0,9100.0
Mouse_Thymus4,20_78,8,12186.0,15600.0
Mouse_Thymus4,16_72,6,11786.0,15000.0
Mouse_Thymus4,58_95,8,15986.0,17300.0
Mouse_Thymus4,24_38,1,12586.0,11600.0
Mouse_Thymus4,34_64,4,13586.0,14200.0
Mouse_Thymus4,38_63,9,13986.0,14100.0
Mouse_Thymus4,29_57,1,13086.0,13500.0
Mouse_Thymus4,56_80,8,15786.0,15800.0
Mouse_Thymus4,41_96,8,14286.0,17400.0
Mouse_Thymus4,7_45,8,10886.0,12300.0
Mouse_Thymus4,62_92,8,16386.0,17000.0
Mouse_Thymus4,54_91,8,15586.0,16900.0
Mouse_Thymus4,3_56,8,10486.0,13400.0
Mouse_Thymus4,0_56,8,10186.0,13400.0
Mouse_Thymus4,59_103,8,16086.0,18100.0
Mouse_Thymus4,57_21,4,15886.0,9900.0
Mouse_Thymus4,12_62,8,11386.0,14000.0
Mouse_Thymus4,57_101,2,15886.0,17900.0
Mouse_Thymus4,27_68,1,12886.0,14600.0
Mouse_Thymus4,42_97,9,14386.0,17500.0
Mouse_Thymus4,43_107,8,14486.0,18500.0
Mouse_Thymus4,62_26,8,16386.0,10400.0
Mouse_Thymus4,55_96,9,15686.0,17400.0
Mouse_Thymus4,34_28,9,13586.0,10600.0
Mouse_Thymus4,26_78,8,12786.0,15600.0
Mouse_Thymus4,33_38,6,13486.0,11600.0
Mouse_Thymus4,43_38,8,14486.0,11600.0
Mouse_Thymus4,62_14,8,16386.0,9200.0
Mouse_Thymus4,23_75,1,12486.0,15300.0
Mouse_Thymus4,13_56,4,11486.0,13400.0
Mouse_Thymus4,24_53,2,12586.0,13100.0
Mouse_Thymus4,60_27,4,16186.0,10500.0
Mouse_Thymus4,33_68,9,13486.0,14600.0
Mouse_Thymus4,33_61,4,13486.0,13900.0
Mouse_Thymus4,37_88,2,13886.0,16600.0
Mouse_Thymus4,61_90,3,16286.0,16800.0
Mouse_Thymus4,44_72,8,14586.0,15000.0
Mouse_Thymus4,48_88,2,14986.0,16600.0
Mouse_Thymus4,21_85,8,12286.0,16300.0
Mouse_Thymus4,41_50,1,14286.0,12800.0
Mouse_Thymus4,11_40,4,11286.0,11800.0
Mouse_Thymus4,39_26,9,14086.0,10400.0
Mouse_Thymus4,30_29,1,13186.0,10700.0
Mouse_Thymus4,57_31,0,15886.0,10900.0
Mouse_Thymus4,35_22,9,13686.0,10000.0
Mouse_Thymus4,21_49,1,12286.0,12700.0
Mouse_Thymus4,62_95,8,16386.0,17300.0
Mouse_Thymus4,26_87,3,12786.0,16500.0
Mouse_Thymus4,16_64,4,11786.0,14200.0
Mouse_Thymus4,27_84,2,12886.0,16200.0
Mouse_Thymus4,40_55,1,14186.0,13300.0
Mouse_Thymus4,54_44,8,15586.0,12200.0
Mouse_Thymus4,12_53,4,11386.0,13100.0
Mouse_Thymus4,19_43,1,12086.0,12100.0
Mouse_Thymus4,35_36,2,13686.0,11400.0
Mouse_Thymus4,54_39,5,15586.0,11700.0
Mouse_Thymus4,27_82,6,12886.0,16000.0
Mouse_Thymus4,39_81,2,14086.0,15900.0
Mouse_Thymus4,38_35,8,13986.0,11300.0
Mouse_Thymus4,13_41,3,11486.0,11900.0
Mouse_Thymus4,48_27,8,14986.0,10500.0
Mouse_Thymus4,10_53,3,11186.0,13100.0
Mouse_Thymus4,43_92,8,14486.0,17000.0
Mouse_Thymus4,40_93,8,14186.0,17100.0
Mouse_Thymus4,29_75,9,13086.0,15300.0
Mouse_Thymus4,15_55,3,11686.0,13300.0
Mouse_Thymus4,18_53,2,11986.0,13100.0
Mouse_Thymus4,34_61,5,13586.0,13900.0
Mouse_Thymus4,37_16,8,13886.0,9400.0
Mouse_Thymus4,54_15,4,15586.0,9300.0
Mouse_Thymus4,6_60,8,10786.0,13800.0
Mouse_Thymus4,44_105,4,14586.0,18300.0
Mouse_Thymus4,49_15,2,15086.0,9300.0
Mouse_Thymus4,23_29,6,12486.0,10700.0
Mouse_Thymus4,52_21,8,15386.0,9900.0
Mouse_Thymus4,50_27,0,15186.0,10500.0
Mouse_Thymus4,21_83,8,12286.0,16100.0
Mouse_Thymus4,58_25,4,15986.0,10300.0
Mouse_Thymus4,11_55,3,11286.0,13300.0
Mouse_Thymus4,26_49,1,12786.0,12700.0
Mouse_Thymus4,47_42,9,14886.0,12000.0
Mouse_Thymus4,30_53,1,13186.0,13100.0
Mouse_Thymus4,28_19,2,12986.0,9700.0
Mouse_Thymus4,38_37,5,13986.0,11500.0
Mouse_Thymus4,44_50,9,14586.0,12800.0
Mouse_Thymus4,43_69,4,14486.0,14700.0
Mouse_Thymus4,34_40,4,13586.0,11800.0
Mouse_Thymus4,15_34,4,11686.0,11200.0
Mouse_Thymus4,42_49,2,14386.0,12700.0
Mouse_Thymus4,27_40,1,12886.0,11800.0
Mouse_Thymus4,46_41,4,14786.0,11900.0
Mouse_Thymus4,41_72,2,14286.0,15000.0
Mouse_Thymus4,37_65,9,13886.0,14300.0
Mouse_Thymus4,38_65,9,13986.0,14300.0
Mouse_Thymus4,39_64,1,14086.0,14200.0
Mouse_Thymus4,50_15,2,15186.0,9300.0
Mouse_Thymus4,58_112,8,15986.0,19000.0
Mouse_Thymus4,13_64,0,11486.0,14200.0
Mouse_Thymus4,62_34,0,16386.0,11200.0
Mouse_Thymus4,51_85,1,15286.0,16300.0
Mouse_Thymus4,50_104,1,15186.0,18200.0
Mouse_Thymus4,60_100,8,16186.0,17800.0
Mouse_Thymus4,42_69,4,14386.0,14700.0
Mouse_Thymus4,56_3,8,15786.0,8100.0
Mouse_Thymus4,45_25,4,14686.0,10300.0
Mouse_Thymus4,31_58,2,13286.0,13600.0
Mouse_Thymus4,46_92,1,14786.0,17000.0
Mouse_Thymus4,43_29,8,14486.0,10700.0
Mouse_Thymus4,27_32,9,12886.0,11000.0
Mouse_Thymus4,36_36,2,13786.0,11400.0
Mouse_Thymus4,49_29,0,15086.0,10700.0
Mouse_Thymus4,23_65,1,12486.0,14300.0
Mouse_Thymus4,43_76,9,14486.0,15400.0
Mouse_Thymus4,38_21,1,13986.0,9900.0
Mouse_Thymus4,42_101,4,14386.0,17900.0
Mouse_Thymus4,50_88,1,15186.0,16600.0
Mouse_Thymus4,28_30,9,12986.0,10800.0
Mouse_Thymus4,61_101,8,16286.0,17900.0
Mouse_Thymus4,54_21,0,15586.0,9900.0
Mouse_Thymus4,39_16,4,14086.0,9400.0
Mouse_Thymus4,49_5,4,15086.0,8300.0
Mouse_Thymus4,58_16,4,15986.0,9400.0
Mouse_Thymus4,15_39,4,11686.0,11700.0
Mouse_Thymus4,13_54,6,11486.0,13200.0
Mouse_Thymus4,61_103,6,16286.0,18100.0
Mouse_Thymus4,42_82,9,14386.0,16000.0
Mouse_Thymus4,66_1,8,16786.0,7900.0
Mouse_Thymus4,50_12,9,15186.0,9000.0
Mouse_Thymus4,58_38,8,15986.0,11600.0
Mouse_Thymus4,42_100,3,14386.0,17800.0
Mouse_Thymus4,43_84,6,14486.0,16200.0
Mouse_Thymus4,35_42,3,13686.0,12000.0
Mouse_Thymus4,28_60,1,12986.0,13800.0
Mouse_Thymus4,59_26,4,16086.0,10400.0
Mouse_Thymus4,60_15,4,16186.0,9300.0
Mouse_Thymus4,36_82,8,13786.0,16000.0
Mouse_Thymus4,18_58,2,11986.0,13600.0
Mouse_Thymus4,25_50,1,12686.0,12800.0
Mouse_Thymus4,26_90,8,12786.0,16800.0
Mouse_Thymus4,57_30,8,15886.0,10800.0
Mouse_Thymus4,50_23,4,15186.0,10100.0
Mouse_Thymus4,18_56,2,11986.0,13400.0
Mouse_Thymus4,50_105,1,15186.0,18300.0
Mouse_Thymus4,50_78,8,15186.0,15600.0
Mouse_Thymus4,46_74,6,14786.0,15200.0
Mouse_Thymus4,38_66,9,13986.0,14400.0
Mouse_Thymus4,56_4,8,15786.0,8200.0
Mouse_Thymus4,51_18,8,15286.0,9600.0
Mouse_Thymus4,58_14,4,15986.0,9200.0
Mouse_Thymus4,56_23,8,15786.0,10100.0
Mouse_Thymus4,46_12,9,14786.0,9000.0
Mouse_Thymus4,50_93,1,15186.0,17100.0
Mouse_Thymus4,38_24,9,13986.0,10200.0
Mouse_Thymus4,53_15,8,15486.0,9300.0
Mouse_Thymus4,31_43,1,13286.0,12100.0
Mouse_Thymus4,19_38,1,12086.0,11600.0
Mouse_Thymus4,44_7,3,14586.0,8500.0
Mouse_Thymus4,14_44,4,11586.0,12200.0
Mouse_Thymus4,16_39,4,11786.0,11700.0
Mouse_Thymus4,16_67,4,11786.0,14500.0
Mouse_Thymus4,25_83,4,12686.0,16100.0
Mouse_Thymus4,50_94,1,15186.0,17200.0
Mouse_Thymus4,16_43,1,11786.0,12100.0
Mouse_Thymus4,26_65,1,12786.0,14300.0
Mouse_Thymus4,40_9,7,14186.0,8700.0
Mouse_Thymus4,37_44,4,13886.0,12200.0
Mouse_Thymus4,42_91,8,14386.0,16900.0
Mouse_Thymus4,64_12,7,16586.0,9000.0
Mouse_Thymus4,22_32,9,12386.0,11000.0
Mouse_Thymus4,50_36,4,15186.0,11400.0
Mouse_Thymus4,57_103,6,15886.0,18100.0
Mouse_Thymus4,24_59,9,12586.0,13700.0
Mouse_Thymus4,63_22,3,16486.0,10000.0
Mouse_Thymus4,50_30,3,15186.0,10800.0
Mouse_Thymus4,32_27,9,13386.0,10500.0
Mouse_Thymus4,36_94,2,13786.0,17200.0
Mouse_Thymus4,1_53,8,10286.0,13100.0
Mouse_Thymus4,6_39,0,10786.0,11700.0
Mouse_Thymus4,18_54,4,11986.0,13200.0
Mouse_Thymus4,41_58,9,14286.0,13600.0
Mouse_Thymus4,56_95,3,15786.0,17300.0
Mouse_Thymus4,43_67,8,14486.0,14500.0
Mouse_Thymus4,17_55,6,11886.0,13300.0
Mouse_Thymus4,20_68,3,12186.0,14600.0
Mouse_Thymus4,41_90,3,14286.0,16800.0
Mouse_Thymus4,29_26,1,13086.0,10400.0
Mouse_Thymus4,21_38,9,12286.0,11600.0
Mouse_Thymus4,6_56,4,10786.0,13400.0
Mouse_Thymus4,43_49,1,14486.0,12700.0
Mouse_Thymus4,48_77,8,14986.0,15500.0
Mouse_Thymus4,62_100,6,16386.0,17800.0
Mouse_Thymus4,10_31,7,11186.0,10900.0
Mouse_Thymus4,37_96,4,13886.0,17400.0
Mouse_Thymus4,34_94,9,13586.0,17200.0
Mouse_Thymus4,36_75,2,13786.0,15300.0
Mouse_Thymus4,27_79,4,12886.0,15700.0
Mouse_Thymus4,59_35,6,16086.0,11300.0
Mouse_Thymus4,44_35,5,14586.0,11300.0
Mouse_Thymus4,35_15,4,13686.0,9300.0
Mouse_Thymus4,15_67,6,11686.0,14500.0
Mouse_Thymus4,33_93,4,13486.0,17100.0
Mouse_Thymus4,21_80,6,12286.0,15800.0
Mouse_Thymus4,60_33,4,16186.0,11100.0
Mouse_Thymus4,17_46,1,11886.0,12400.0
Mouse_Thymus4,58_29,8,15986.0,10700.0
Mouse_Thymus4,51_31,4,15286.0,10900.0
Mouse_Thymus4,5_47,0,10686.0,12500.0
Mouse_Thymus4,41_52,1,14286.0,13000.0
Mouse_Thymus4,38_50,1,13986.0,12800.0
Mouse_Thymus4,6_44,8,10786.0,12200.0
Mouse_Thymus4,23_59,8,12486.0,13700.0
Mouse_Thymus4,6_57,6,10786.0,13500.0
Mouse_Thymus4,12_54,3,11386.0,13200.0
Mouse_Thymus4,42_60,8,14386.0,13800.0
Mouse_Thymus4,59_94,4,16086.0,17200.0
Mouse_Thymus4,23_63,1,12486.0,14100.0
Mouse_Thymus4,38_94,8,13986.0,17200.0
Mouse_Thymus4,18_63,6,11986.0,14100.0
Mouse_Thymus4,57_110,8,15886.0,18800.0
Mouse_Thymus4,56_97,8,15786.0,17500.0
Mouse_Thymus4,38_87,8,13986.0,16500.0
Mouse_Thymus4,68_8,8,16986.0,8600.0
Mouse_Thymus4,47_76,1,14886.0,15400.0
Mouse_Thymus4,19_64,4,12086.0,14200.0
Mouse_Thymus4,62_24,8,16386.0,10200.0
Mouse_Thymus4,62_8,3,16386.0,8600.0
Mouse_Thymus4,45_45,5,14686.0,12300.0
Mouse_Thymus4,33_21,4,13486.0,9900.0
Mouse_Thymus4,29_63,4,13086.0,14100.0
Mouse_Thymus4,50_10,9,15186.0,8800.0
Mouse_Thymus4,37_12,4,13886.0,9000.0
Mouse_Thymus4,29_92,6,13086.0,17000.0
Mouse_Thymus4,46_94,1,14786.0,17200.0
Mouse_Thymus4,26_45,9,12786.0,12300.0
Mouse_Thymus4,19_58,2,12086.0,13600.0
Mouse_Thymus4,14_58,8,11586.0,13600.0
Mouse_Thymus4,45_108,8,14686.0,18600.0
Mouse_Thymus4,34_79,2,13586.0,15700.0
Mouse_Thymus4,51_34,2,15286.0,11200.0
Mouse_Thymus4,21_64,9,12286.0,14200.0
Mouse_Thymus4,59_91,8,16086.0,16900.0
Mouse_Thymus4,52_40,4,15386.0,11800.0
Mouse_Thymus4,38_48,4,13986.0,12600.0
Mouse_Thymus4,46_72,8,14786.0,15000.0
Mouse_Thymus4,10_50,4,11186.0,12800.0
Mouse_Thymus4,29_55,1,13086.0,13300.0
Mouse_Thymus4,40_11,8,14186.0,8900.0
Mouse_Thymus4,34_29,6,13586.0,10700.0
Mouse_Thymus4,48_97,1,14986.0,17500.0
Mouse_Thymus4,19_59,4,12086.0,13700.0
Mouse_Thymus4,49_44,4,15086.0,12200.0
Mouse_Thymus4,55_78,7,15686.0,15600.0
Mouse_Thymus4,0_53,7,10186.0,13100.0
Mouse_Thymus4,42_85,0,14386.0,16300.0
Mouse_Thymus4,28_61,1,12986.0,13900.0
Mouse_Thymus4,45_21,9,14686.0,9900.0
Mouse_Thymus4,32_79,2,13386.0,15700.0
Mouse_Thymus4,51_38,4,15286.0,11600.0
Mouse_Thymus4,9_47,8,11086.0,12500.0
Mouse_Thymus4,11_30,7,11286.0,10800.0
Mouse_Thymus4,54_6,4,15586.0,8400.0
Mouse_Thymus4,29_24,6,13086.0,10200.0
Mouse_Thymus4,8_43,3,10986.0,12100.0
Mouse_Thymus4,58_107,8,15986.0,18500.0
Mouse_Thymus4,57_35,6,15886.0,11300.0
Mouse_Thymus4,49_87,1,15086.0,16500.0
Mouse_Thymus4,50_41,5,15186.0,11900.0
Mouse_Thymus4,58_108,8,15986.0,18600.0
Mouse_Thymus4,31_41,6,13286.0,11900.0
Mouse_Thymus4,22_65,2,12386.0,14300.0
Mouse_Thymus4,47_114,7,14886.0,19200.0
Mouse_Thymus4,60_89,8,16186.0,16700.0
Mouse_Thymus4,50_46,5,15186.0,12400.0
Mouse_Thymus4,31_20,4,13286.0,9800.0
Mouse_Thymus4,60_96,8,16186.0,17400.0
Mouse_Thymus4,33_94,4,13486.0,17200.0
Mouse_Thymus4,13_36,4,11486.0,11400.0
Mouse_Thymus4,60_29,4,16186.0,10700.0
Mouse_Thymus4,5_49,8,10686.0,12700.0
Mouse_Thymus4,23_50,1,12486.0,12800.0
Mouse_Thymus4,6_37,8,10786.0,11500.0
Mouse_Thymus4,24_37,9,12586.0,11500.0
Mouse_Thymus4,35_13,7,13686.0,9100.0
Mouse_Thymus4,44_29,4,14586.0,10700.0
Mouse_Thymus4,27_90,6,12886.0,16800.0
Mouse_Thymus4,59_8,1,16086.0,8600.0
Mouse_Thymus4,43_25,9,14486.0,10300.0
Mouse_Thymus4,20_38,1,12186.0,11600.0
Mouse_Thymus4,47_102,8,14886.0,18000.0
Mouse_Thymus4,28_47,2,12986.0,12500.0
Mouse_Thymus4,16_47,1,11786.0,12500.0
Mouse_Thymus4,57_26,4,15886.0,10400.0
Mouse_Thymus4,33_40,3,13486.0,11800.0
Mouse_Thymus4,66_5,6,16786.0,8300.0
Mouse_Thymus4,50_16,3,15186.0,9400.0
Mouse_Thymus4,2_53,3,10386.0,13100.0
Mouse_Thymus4,34_30,4,13586.0,10800.0
Mouse_Thymus4,2_60,8,10386.0,13800.0
Mouse_Thymus4,11_65,8,11286.0,14300.0
Mouse_Thymus4,44_82,1,14586.0,16000.0
Mouse_Thymus4,26_37,1,12786.0,11500.0
Mouse_Thymus4,25_38,9,12686.0,11600.0
Mouse_Thymus4,44_42,6,14586.0,12000.0
Mouse_Thymus4,47_31,0,14886.0,10900.0
Mouse_Thymus4,41_15,9,14286.0,9300.0
Mouse_Thymus4,7_55,8,10886.0,13300.0
Mouse_Thymus4,28_54,1,12986.0,13200.0
Mouse_Thymus4,45_76,6,14686.0,15400.0
Mouse_Thymus4,37_67,9,13886.0,14500.0
Mouse_Thymus4,51_75,2,15286.0,15300.0
Mouse_Thymus4,33_67,2,13486.0,14500.0
Mouse_Thymus4,24_32,9,12586.0,11000.0
Mouse_Thymus4,44_86,1,14586.0,16400.0
Mouse_Thymus4,58_98,8,15986.0,17600.0
Mouse_Thymus4,61_6,1,16286.0,8400.0
Mouse_Thymus4,18_65,1,11986.0,14300.0
Mouse_Thymus4,40_20,1,14186.0,9800.0
Mouse_Thymus4,49_8,6,15086.0,8600.0
Mouse_Thymus4,55_119,6,15686.0,19700.0
Mouse_Thymus4,50_97,1,15186.0,17500.0
Mouse_Thymus4,57_10,1,15886.0,8800.0
Mouse_Thymus4,51_21,4,15286.0,9900.0
Mouse_Thymus4,60_106,8,16186.0,18400.0
Mouse_Thymus4,36_92,2,13786.0,17000.0
Mouse_Thymus4,9_41,4,11086.0,11900.0
Mouse_Thymus4,60_16,0,16186.0,9400.0
Mouse_Thymus4,20_34,4,12186.0,11200.0
Mouse_Thymus4,34_77,2,13586.0,15500.0
Mouse_Thymus4,39_23,1,14086.0,10100.0
Mouse_Thymus4,47_25,8,14886.0,10300.0
Mouse_Thymus4,31_62,4,13286.0,14000.0
Mouse_Thymus4,32_23,6,13386.0,10100.0
Mouse_Thymus4,37_51,1,13886.0,12900.0
Mouse_Thymus4,48_76,6,14986.0,15400.0
Mouse_Thymus4,64_28,8,16586.0,10600.0
Mouse_Thymus4,40_48,2,14186.0,12600.0
Mouse_Thymus4,58_85,8,15986.0,16300.0
Mouse_Thymus4,34_19,4,13586.0,9700.0
Mouse_Thymus4,18_45,1,11986.0,12300.0
Mouse_Thymus4,43_46,9,14486.0,12400.0
Mouse_Thymus4,18_49,2,11986.0,12700.0
Mouse_Thymus4,55_103,3,15686.0,18100.0
Mouse_Thymus4,64_6,8,16586.0,8400.0
Mouse_Thymus4,33_77,0,13486.0,15500.0
Mouse_Thymus4,36_71,8,13786.0,14900.0
Mouse_Thymus4,53_93,1,15486.0,17100.0
Mouse_Thymus4,37_69,2,13886.0,14700.0
Mouse_Thymus4,56_93,0,15786.0,17100.0
Mouse_Thymus4,49_47,8,15086.0,12500.0
Mouse_Thymus4,37_78,4,13886.0,15600.0
Mouse_Thymus4,48_5,0,14986.0,8300.0
Mouse_Thymus4,31_69,9,13286.0,14700.0
Mouse_Thymus4,34_25,1,13586.0,10300.0
Mouse_Thymus4,29_56,1,13086.0,13400.0
Mouse_Thymus4,26_33,1,12786.0,11100.0
Mouse_Thymus4,31_25,4,13286.0,10300.0
Mouse_Thymus4,44_107,3,14586.0,18500.0
Mouse_Thymus4,39_21,1,14086.0,9900.0
Mouse_Thymus4,60_101,8,16186.0,17900.0
Mouse_Thymus4,23_48,1,12486.0,12600.0
Mouse_Thymus4,57_7,1,15886.0,8500.0
Mouse_Thymus4,27_77,3,12886.0,15500.0
Mouse_Thymus4,44_79,9,14586.0,15700.0
Mouse_Thymus4,22_70,1,12386.0,14800.0
Mouse_Thymus4,51_33,4,15286.0,11100.0
Mouse_Thymus4,52_85,1,15386.0,16300.0
Mouse_Thymus4,12_35,4,11386.0,11300.0
Mouse_Thymus4,6_55,6,10786.0,13300.0
Mouse_Thymus4,37_45,8,13886.0,12300.0
Mouse_Thymus4,42_103,4,14386.0,18100.0
Mouse_Thymus4,17_63,5,11886.0,14100.0
Mouse_Thymus4,49_30,0,15086.0,10800.0
Mouse_Thymus4,27_59,1,12886.0,13700.0
Mouse_Thymus4,45_44,8,14686.0,12200.0
Mouse_Thymus4,55_106,2,15686.0,18400.0
Mouse_Thymus4,14_37,4,11586.0,11500.0
Mouse_Thymus4,5_46,4,10686.0,12400.0
Mouse_Thymus4,44_68,8,14586.0,14600.0
Mouse_Thymus4,58_7,1,15986.0,8500.0
Mouse_Thymus4,56_104,3,15786.0,18200.0
Mouse_Thymus4,28_46,2,12986.0,12400.0
Mouse_Thymus4,39_91,2,14086.0,16900.0
Mouse_Thymus4,24_67,1,12586.0,14500.0
Mouse_Thymus4,38_59,1,13986.0,13700.0
Mouse_Thymus4,47_52,6,14886.0,13000.0
Mouse_Thymus4,27_56,1,12886.0,13400.0
Mouse_Thymus4,30_61,3,13186.0,13900.0
Mouse_Thymus4,14_54,4,11586.0,13200.0
Mouse_Thymus4,29_50,1,13086.0,12800.0
Mouse_Thymus4,11_53,4,11286.0,13100.0
Mouse_Thymus4,41_40,3,14286.0,11800.0
Mouse_Thymus4,55_9,1,15686.0,8700.0
Mouse_Thymus4,14_65,8,11586.0,14300.0
Mouse_Thymus4,29_33,9,13086.0,11100.0
Mouse_Thymus4,21_25,6,12286.0,10300.0
Mouse_Thymus4,13_62,6,11486.0,14000.0
Mouse_Thymus4,34_90,1,13586.0,16800.0
Mouse_Thymus4,43_101,4,14486.0,17900.0
Mouse_Thymus4,38_17,2,13986.0,9500.0
Mouse_Thymus4,46_29,6,14786.0,10700.0
Mouse_Thymus4,26_74,2,12786.0,15200.0
Mouse_Thymus4,60_8,1,16186.0,8600.0
Mouse_Thymus4,58_84,8,15986.0,16200.0
Mouse_Thymus4,30_67,2,13186.0,14500.0
Mouse_Thymus4,44_92,6,14586.0,17000.0
Mouse_Thymus4,39_83,8,14086.0,16100.0
Mouse_Thymus4,49_78,8,15086.0,15600.0
Mouse_Thymus4,15_36,4,11686.0,11400.0
Mouse_Thymus4,50_13,9,15186.0,9100.0
Mouse_Thymus4,55_17,8,15686.0,9500.0
Mouse_Thymus4,61_34,8,16286.0,11200.0
Mouse_Thymus4,32_82,1,13386.0,16000.0
Mouse_Thymus4,14_42,4,11586.0,12000.0
Mouse_Thymus4,32_81,1,13386.0,15900.0
Mouse_Thymus4,49_108,6,15086.0,18600.0
Mouse_Thymus4,49_35,8,15086.0,11300.0
Mouse_Thymus4,56_105,0,15786.0,18300.0
Mouse_Thymus4,53_16,4,15486.0,9400.0
Mouse_Thymus4,31_64,8,13286.0,14200.0
Mouse_Thymus4,2_50,8,10386.0,12800.0
Mouse_Thymus4,22_63,1,12386.0,14100.0
Mouse_Thymus4,49_26,4,15086.0,10400.0
Mouse_Thymus4,30_40,4,13186.0,11800.0
Mouse_Thymus4,31_79,1,13286.0,15700.0
Mouse_Thymus4,35_23,1,13686.0,10100.0
Mouse_Thymus4,33_82,1,13486.0,16000.0
Mouse_Thymus4,42_32,4,14386.0,11000.0
Mouse_Thymus4,69_2,8,17086.0,8000.0
Mouse_Thymus4,15_50,8,11686.0,12800.0
Mouse_Thymus4,39_76,2,14086.0,15400.0
Mouse_Thymus4,57_5,3,15886.0,8300.0
Mouse_Thymus4,40_73,2,14186.0,15100.0
Mouse_Thymus4,9_42,6,11086.0,12000.0
Mouse_Thymus4,22_24,8,12386.0,10200.0
Mouse_Thymus4,43_63,7,14486.0,14100.0
Mouse_Thymus4,39_33,2,14086.0,11100.0
Mouse_Thymus4,41_19,1,14286.0,9700.0
Mouse_Thymus4,23_55,4,12486.0,13300.0
Mouse_Thymus4,32_95,8,13386.0,17300.0
Mouse_Thymus4,37_56,3,13886.0,13400.0
Mouse_Thymus4,57_9,1,15886.0,8700.0
Mouse_Thymus4,56_38,6,15786.0,11600.0
Mouse_Thymus4,42_79,9,14386.0,15700.0
Mouse_Thymus4,43_21,9,14486.0,9900.0
Mouse_Thymus4,58_9,1,15986.0,8700.0
Mouse_Thymus4,42_41,4,14386.0,11900.0
Mouse_Thymus4,25_65,1,12686.0,14300.0
Mouse_Thymus4,9_32,8,11086.0,11000.0
Mouse_Thymus4,34_95,2,13586.0,17300.0
Mouse_Thymus4,40_80,2,14186.0,15800.0
Mouse_Thymus4,24_54,5,12586.0,13200.0
Mouse_Thymus4,51_20,4,15286.0,9800.0
Mouse_Thymus4,34_93,2,13586.0,17100.0
Mouse_Thymus4,52_6,0,15386.0,8400.0
Mouse_Thymus4,25_55,9,12686.0,13300.0
Mouse_Thymus4,59_112,0,16086.0,19000.0
Mouse_Thymus4,35_68,8,13686.0,14600.0
Mouse_Thymus4,14_45,6,11586.0,12300.0
Mouse_Thymus4,11_63,4,11286.0,14100.0
Mouse_Thymus4,23_73,1,12486.0,15100.0
Mouse_Thymus4,37_58,4,13886.0,13600.0
Mouse_Thymus4,46_75,8,14786.0,15300.0
Mouse_Thymus4,36_43,5,13786.0,12100.0
Mouse_Thymus4,13_45,4,11486.0,12300.0
Mouse_Thymus4,38_16,8,13986.0,9400.0
Mouse_Thymus4,68_1,8,16986.0,7900.0
Mouse_Thymus4,41_44,6,14286.0,12200.0
Mouse_Thymus4,29_80,2,13086.0,15800.0
Mouse_Thymus4,43_98,8,14486.0,17600.0
Mouse_Thymus4,51_13,4,15286.0,9100.0
Mouse_Thymus4,32_49,1,13386.0,12700.0
Mouse_Thymus4,42_61,8,14386.0,13900.0
Mouse_Thymus4,39_46,4,14086.0,12400.0
Mouse_Thymus4,66_7,8,16786.0,8500.0
Mouse_Thymus4,34_60,5,13586.0,13800.0
Mouse_Thymus4,41_63,4,14286.0,14100.0
Mouse_Thymus4,46_109,8,14786.0,18700.0
Mouse_Thymus4,33_18,4,13486.0,9600.0
Mouse_Thymus4,56_110,8,15786.0,18800.0
Mouse_Thymus4,57_6,1,15886.0,8400.0
Mouse_Thymus4,56_98,2,15786.0,17600.0
Mouse_Thymus4,19_55,8,12086.0,13300.0
Mouse_Thymus4,25_44,1,12686.0,12200.0
Mouse_Thymus4,48_90,1,14986.0,16800.0
Mouse_Thymus4,58_31,8,15986.0,10900.0
Mouse_Thymus4,40_53,1,14186.0,13100.0
Mouse_Thymus4,41_18,1,14286.0,9600.0
Mouse_Thymus4,34_76,8,13586.0,15400.0
Mouse_Thymus4,61_93,4,16286.0,17100.0
Mouse_Thymus4,17_50,8,11886.0,12800.0
Mouse_Thymus4,28_63,9,12986.0,14100.0
Mouse_Thymus4,38_69,9,13986.0,14700.0
Mouse_Thymus4,34_50,1,13586.0,12800.0
Mouse_Thymus4,36_95,6,13786.0,17300.0
Mouse_Thymus4,33_36,6,13486.0,11400.0
Mouse_Thymus4,3_60,8,10486.0,13800.0
Mouse_Thymus4,35_39,3,13686.0,11700.0
Mouse_Thymus4,13_65,8,11486.0,14300.0
Mouse_Thymus4,58_18,4,15986.0,9600.0
Mouse_Thymus4,46_22,6,14786.0,10000.0
Mouse_Thymus4,44_22,0,14586.0,10000.0
Mouse_Thymus4,64_1,4,16586.0,7900.0
Mouse_Thymus4,59_102,4,16086.0,18000.0
Mouse_Thymus4,60_88,8,16186.0,16600.0
Mouse_Thymus4,59_87,8,16086.0,16500.0
Mouse_Thymus4,46_106,4,14786.0,18400.0
Mouse_Thymus4,44_100,3,14586.0,17800.0
Mouse_Thymus4,49_9,9,15086.0,8700.0
Mouse_Thymus4,46_36,4,14786.0,11400.0
Mouse_Thymus4,57_33,4,15886.0,11100.0
Mouse_Thymus4,53_99,1,15486.0,17700.0
Mouse_Thymus4,3_55,3,10486.0,13300.0
Mouse_Thymus4,42_48,1,14386.0,12600.0
Mouse_Thymus4,13_50,8,11486.0,12800.0
Mouse_Thymus4,34_38,8,13586.0,11600.0
Mouse_Thymus4,46_98,6,14786.0,17600.0
Mouse_Thymus4,51_76,8,15286.0,15400.0
Mouse_Thymus4,39_50,1,14086.0,12800.0
Mouse_Thymus4,26_54,9,12786.0,13200.0
Mouse_Thymus4,44_47,1,14586.0,12500.0
Mouse_Thymus4,50_44,5,15186.0,12200.0
Mouse_Thymus4,60_9,1,16186.0,8700.0
Mouse_Thymus4,24_31,9,12586.0,10900.0
Mouse_Thymus4,36_48,2,13786.0,12600.0
Mouse_Thymus4,22_59,4,12386.0,13700.0
Mouse_Thymus4,60_32,4,16186.0,11000.0
Mouse_Thymus4,43_105,8,14486.0,18300.0
Mouse_Thymus4,11_56,0,11286.0,13400.0
Mouse_Thymus4,28_81,6,12986.0,15900.0
Mouse_Thymus4,42_57,9,14386.0,13500.0
Mouse_Thymus4,52_27,4,15386.0,10500.0
Mouse_Thymus4,22_42,9,12386.0,12000.0
Mouse_Thymus4,65_9,4,16686.0,8700.0
Mouse_Thymus4,17_76,8,11886.0,15400.0
Mouse_Thymus4,49_18,0,15086.0,9600.0
Mouse_Thymus4,50_113,6,15186.0,19100.0
Mouse_Thymus4,44_56,7,14586.0,13400.0
Mouse_Thymus4,26_81,8,12786.0,15900.0
Mouse_Thymus4,16_37,4,11786.0,11500.0
Mouse_Thymus4,41_62,8,14286.0,14000.0
Mouse_Thymus4,17_40,9,11886.0,11800.0
Mouse_Thymus4,50_73,7,15186.0,15100.0
Mouse_Thymus4,12_56,3,11386.0,13400.0
Mouse_Thymus4,43_41,8,14486.0,11900.0
Mouse_Thymus4,52_23,0,15386.0,10100.0
Mouse_Thymus4,30_38,4,13186.0,11600.0
Mouse_Thymus4,48_11,9,14986.0,8900.0
Mouse_Thymus4,52_8,4,15386.0,8600.0
Mouse_Thymus4,25_89,8,12686.0,16700.0
Mouse_Thymus4,16_62,3,11786.0,14000.0
Mouse_Thymus4,29_71,3,13086.0,14900.0
Mouse_Thymus4,16_66,6,11786.0,14400.0
Mouse_Thymus4,49_84,1,15086.0,16200.0
Mouse_Thymus4,19_65,1,12086.0,14300.0
Mouse_Thymus4,25_85,8,12686.0,16300.0
Mouse_Thymus4,45_79,1,14686.0,15700.0
Mouse_Thymus4,47_74,8,14886.0,15200.0
Mouse_Thymus4,47_113,2,14886.0,19100.0
Mouse_Thymus4,38_38,5,13986.0,11600.0
Mouse_Thymus4,12_37,4,11386.0,11500.0
Mouse_Thymus4,22_43,1,12386.0,12100.0
Mouse_Thymus4,40_97,4,14186.0,17500.0
Mouse_Thymus4,45_84,1,14686.0,16200.0
Mouse_Thymus4,5_45,4,10686.0,12300.0
Mouse_Thymus4,31_22,8,13286.0,10000.0
Mouse_Thymus4,58_104,8,15986.0,18200.0
Mouse_Thymus4,41_99,2,14286.0,17700.0
Mouse_Thymus4,61_104,8,16286.0,18200.0
Mouse_Thymus4,29_23,4,13086.0,10100.0
Mouse_Thymus4,17_31,8,11886.0,10900.0
Mouse_Thymus4,26_73,4,12786.0,15100.0
Mouse_Thymus4,53_81,2,15486.0,15900.0
Mouse_Thymus4,30_50,9,13186.0,12800.0
Mouse_Thymus4,43_94,4,14486.0,17200.0
Mouse_Thymus4,59_3,8,16086.0,8100.0
Mouse_Thymus4,25_58,1,12686.0,13600.0
Mouse_Thymus4,16_56,4,11786.0,13400.0
Mouse_Thymus4,38_78,3,13986.0,15600.0
Mouse_Thymus4,8_45,8,10986.0,12300.0
Mouse_Thymus4,38_91,2,13986.0,16900.0
Mouse_Thymus4,59_92,3,16086.0,17000.0
Mouse_Thymus4,40_68,9,14186.0,14600.0
Mouse_Thymus4,62_30,8,16386.0,10800.0
Mouse_Thymus4,39_62,6,14086.0,14000.0
Mouse_Thymus4,12_50,4,11386.0,12800.0
Mouse_Thymus4,46_76,3,14786.0,15400.0
Mouse_Thymus4,21_58,2,12286.0,13600.0
Mouse_Thymus4,52_101,1,15386.0,17900.0
Mouse_Thymus4,59_88,2,16086.0,16600.0
Mouse_Thymus4,11_57,8,11286.0,13500.0
Mouse_Thymus4,11_58,6,11286.0,13600.0
Mouse_Thymus4,57_88,4,15886.0,16600.0
Mouse_Thymus4,54_116,6,15586.0,19400.0
Mouse_Thymus4,57_90,8,15886.0,16800.0
Mouse_Thymus4,63_4,8,16486.0,8200.0
Mouse_Thymus4,50_25,4,15186.0,10300.0
Mouse_Thymus4,34_85,9,13586.0,16300.0
Mouse_Thymus4,23_69,9,12486.0,14700.0
Mouse_Thymus4,50_42,5,15186.0,12000.0
Mouse_Thymus4,24_47,1,12586.0,12500.0
Mouse_Thymus4,52_117,4,15386.0,19500.0
Mouse_Thymus4,48_26,4,14986.0,10400.0
Mouse_Thymus4,51_110,2,15286.0,18800.0
Mouse_Thymus4,29_77,1,13086.0,15500.0
Mouse_Thymus4,46_21,1,14786.0,9900.0
Mouse_Thymus4,48_114,0,14986.0,19200.0
Mouse_Thymus4,62_3,0,16386.0,8100.0
Mouse_Thymus4,3_58,8,10486.0,13600.0
Mouse_Thymus4,43_31,4,14486.0,10900.0
Mouse_Thymus4,25_73,8,12686.0,15100.0
Mouse_Thymus4,25_69,9,12686.0,14700.0
Mouse_Thymus4,49_83,9,15086.0,16100.0
Mouse_Thymus4,25_51,1,12686.0,12900.0
Mouse_Thymus4,28_32,9,12986.0,11000.0
Mouse_Thymus4,36_38,8,13786.0,11600.0
Mouse_Thymus4,30_83,9,13186.0,16100.0
Mouse_Thymus4,68_7,8,16986.0,8500.0
Mouse_Thymus4,48_107,6,14986.0,18500.0
Mouse_Thymus4,54_111,9,15586.0,18900.0
Mouse_Thymus4,27_29,1,12886.0,10700.0
Mouse_Thymus4,50_18,9,15186.0,9600.0
Mouse_Thymus4,41_79,1,14286.0,15700.0
Mouse_Thymus4,55_4,8,15686.0,8200.0
Mouse_Thymus4,24_46,1,12586.0,12400.0
Mouse_Thymus4,30_81,1,13186.0,15900.0
Mouse_Thymus4,50_116,8,15186.0,19400.0
Mouse_Thymus4,58_111,8,15986.0,18900.0
Mouse_Thymus4,54_19,4,15586.0,9700.0
Mouse_Thymus4,28_22,4,12986.0,10000.0
Mouse_Thymus4,31_68,1,13286.0,14600.0
Mouse_Thymus4,47_94,1,14886.0,17200.0
Mouse_Thymus4,53_7,3,15486.0,8500.0
Mouse_Thymus4,64_22,3,16586.0,10000.0
Mouse_Thymus4,57_18,8,15886.0,9600.0
Mouse_Thymus4,37_43,5,13886.0,12100.0
Mouse_Thymus4,32_33,0,13386.0,11100.0
Mouse_Thymus4,58_19,4,15986.0,9700.0
Mouse_Thymus4,35_85,6,13686.0,16300.0
Mouse_Thymus4,53_112,1,15486.0,19000.0
Mouse_Thymus4,32_97,7,13386.0,17500.0
Mouse_Thymus4,31_42,3,13286.0,12000.0
Mouse_Thymus4,31_19,6,13286.0,9700.0
Mouse_Thymus4,30_78,1,13186.0,15600.0
Mouse_Thymus4,15_43,1,11686.0,12100.0
Mouse_Thymus4,29_38,8,13086.0,11600.0
Mouse_Thymus4,32_26,3,13386.0,10400.0
Mouse_Thymus4,19_67,6,12086.0,14500.0
Mouse_Thymus4,18_80,5,11986.0,15800.0
Mouse_Thymus4,41_46,4,14286.0,12400.0
Mouse_Thymus4,57_104,6,15886.0,18200.0
Mouse_Thymus4,13_63,8,11486.0,14100.0
Mouse_Thymus4,59_97,8,16086.0,17500.0
Mouse_Thymus4,28_52,2,12986.0,13000.0
Mouse_Thymus4,31_56,9,13286.0,13400.0
Mouse_Thymus4,52_41,4,15386.0,11900.0
Mouse_Thymus4,43_79,1,14486.0,15700.0
Mouse_Thymus4,16_57,6,11786.0,13500.0
Mouse_Thymus4,36_42,4,13786.0,12000.0
Mouse_Thymus4,67_7,8,16886.0,8500.0
Mouse_Thymus4,43_51,1,14486.0,12900.0
Mouse_Thymus4,32_67,1,13386.0,14500.0
Mouse_Thymus4,58_24,4,15986.0,10200.0
Mouse_Thymus4,59_85,3,16086.0,16300.0
Mouse_Thymus4,38_97,8,13986.0,17500.0
Mouse_Thymus4,49_38,0,15086.0,11600.0
Mouse_Thymus4,60_23,4,16186.0,10100.0
Mouse_Thymus4,42_74,9,14386.0,15200.0
Mouse_Thymus4,61_31,4,16286.0,10900.0
Mouse_Thymus4,4_47,4,10586.0,12500.0
Mouse_Thymus4,62_0,7,16386.0,7800.0
Mouse_Thymus4,25_36,1,12686.0,11400.0
Mouse_Thymus4,24_81,8,12586.0,15900.0
Mouse_Thymus4,28_70,1,12986.0,14800.0
Mouse_Thymus4,17_73,4,11886.0,15100.0
Mouse_Thymus4,54_79,4,15586.0,15700.0
Mouse_Thymus4,53_24,4,15486.0,10200.0
Mouse_Thymus4,32_94,8,13386.0,17200.0
Mouse_Thymus4,32_96,4,13386.0,17400.0
Mouse_Thymus4,35_54,2,13686.0,13200.0
Mouse_Thymus4,29_53,1,13086.0,13100.0
Mouse_Thymus4,50_89,1,15186.0,16700.0
Mouse_Thymus4,43_102,3,14486.0,18000.0
Mouse_Thymus4,21_81,6,12286.0,15900.0
Mouse_Thymus4,46_100,3,14786.0,17800.0
Mouse_Thymus4,47_96,1,14886.0,17400.0
Mouse_Thymus4,34_86,8,13586.0,16400.0
Mouse_Thymus4,29_61,9,13086.0,13900.0
Mouse_Thymus4,46_28,4,14786.0,10600.0
Mouse_Thymus4,40_29,4,14186.0,10700.0
Mouse_Thymus4,26_23,6,12786.0,10100.0
Mouse_Thymus4,54_12,4,15586.0,9000.0
Mouse_Thymus4,48_47,9,14986.0,12500.0
Mouse_Thymus4,35_24,1,13686.0,10200.0
Mouse_Thymus4,48_32,0,14986.0,11000.0
Mouse_Thymus4,17_30,4,11886.0,10800.0
Mouse_Thymus4,34_46,9,13586.0,12400.0
Mouse_Thymus4,36_49,3,13786.0,12700.0
Mouse_Thymus4,38_47,3,13986.0,12500.0
Mouse_Thymus4,60_34,8,16186.0,11200.0
Mouse_Thymus4,38_73,2,13986.0,15100.0
Mouse_Thymus4,57_83,8,15886.0,16100.0
Mouse_Thymus4,40_51,1,14186.0,12900.0
Mouse_Thymus4,27_27,6,12886.0,10500.0
Mouse_Thymus4,43_90,3,14486.0,16800.0
Mouse_Thymus4,38_92,2,13986.0,17000.0
Mouse_Thymus4,34_39,3,13586.0,11700.0
Mouse_Thymus4,52_30,8,15386.0,10800.0
Mouse_Thymus4,40_75,6,14186.0,15300.0
Mouse_Thymus4,17_57,4,11886.0,13500.0
Mouse_Thymus4,23_68,1,12486.0,14600.0
Mouse_Thymus4,63_33,2,16486.0,11100.0
Mouse_Thymus4,53_23,0,15486.0,10100.0
Mouse_Thymus4,18_50,8,11986.0,12800.0
Mouse_Thymus4,39_51,2,14086.0,12900.0
Mouse_Thymus4,33_86,9,13486.0,16400.0
Mouse_Thymus4,41_71,2,14286.0,14900.0
Mouse_Thymus4,20_81,4,12186.0,15900.0
Mouse_Thymus4,20_51,9,12186.0,12900.0
Mouse_Thymus4,53_85,2,15486.0,16300.0
Mouse_Thymus4,19_82,4,12086.0,16000.0
Mouse_Thymus4,59_24,8,16086.0,10200.0
Mouse_Thymus4,37_66,9,13886.0,14400.0
Mouse_Thymus4,47_86,1,14886.0,16400.0
Mouse_Thymus4,28_51,1,12986.0,12900.0
Mouse_Thymus4,28_75,4,12986.0,15300.0
Mouse_Thymus4,51_79,8,15286.0,15700.0
Mouse_Thymus4,42_75,9,14386.0,15300.0
Mouse_Thymus4,47_34,4,14886.0,11200.0
Mouse_Thymus4,41_38,4,14286.0,11600.0
Mouse_Thymus4,62_13,4,16386.0,9100.0
Mouse_Thymus4,26_46,1,12786.0,12400.0
Mouse_Thymus4,55_11,4,15686.0,8900.0
Mouse_Thymus4,41_23,9,14286.0,10100.0
Mouse_Thymus4,31_90,2,13286.0,16800.0
Mouse_Thymus4,45_74,4,14686.0,15200.0
Mouse_Thymus4,54_106,1,15586.0,18400.0
Mouse_Thymus4,22_28,3,12386.0,10600.0
Mouse_Thymus4,11_39,3,11286.0,11700.0
Mouse_Thymus4,37_92,6,13886.0,17000.0
Mouse_Thymus4,19_77,4,12086.0,15500.0
Mouse_Thymus4,22_68,3,12386.0,14600.0
Mouse_Thymus4,48_81,1,14986.0,15900.0
Mouse_Thymus4,25_66,9,12686.0,14400.0
Mouse_Thymus4,26_31,1,12786.0,10900.0
Mouse_Thymus4,33_22,4,13486.0,10000.0
Mouse_Thymus4,51_14,8,15286.0,9200.0
Mouse_Thymus4,46_50,1,14786.0,12800.0
Mouse_Thymus4,44_85,1,14586.0,16300.0
Mouse_Thymus4,32_78,2,13386.0,15600.0
Mouse_Thymus4,43_80,1,14486.0,15800.0
Mouse_Thymus4,55_111,4,15686.0,18900.0
Mouse_Thymus4,67_6,8,16886.0,8400.0
Mouse_Thymus4,52_16,4,15386.0,9400.0
Mouse_Thymus4,52_96,1,15386.0,17400.0
Mouse_Thymus4,61_14,8,16286.0,9200.0
Mouse_Thymus4,24_70,9,12586.0,14800.0
Mouse_Thymus4,16_48,2,11786.0,12600.0
Mouse_Thymus4,23_40,1,12486.0,11800.0
Mouse_Thymus4,29_32,9,13086.0,11000.0
Mouse_Thymus4,16_55,4,11786.0,13300.0
Mouse_Thymus4,28_42,4,12986.0,12000.0
Mouse_Thymus4,57_19,8,15886.0,9700.0
Mouse_Thymus4,42_21,9,14386.0,9900.0
Mouse_Thymus4,50_95,1,15186.0,17300.0
Mouse_Thymus4,34_66,4,13586.0,14400.0
Mouse_Thymus4,38_86,2,13986.0,16400.0
Mouse_Thymus4,58_35,8,15986.0,11300.0
Mouse_Thymus4,46_83,1,14786.0,16100.0
Mouse_Thymus4,13_44,8,11486.0,12200.0
Mouse_Thymus4,60_102,8,16186.0,18000.0
Mouse_Thymus4,56_18,6,15786.0,9600.0
Mouse_Thymus4,35_28,2,13686.0,10600.0
Mouse_Thymus4,34_67,2,13586.0,14500.0
Mouse_Thymus4,11_60,4,11286.0,13800.0
Mouse_Thymus4,17_53,8,11886.0,13100.0
Mouse_Thymus4,45_80,1,14686.0,15800.0
Mouse_Thymus4,14_38,4,11586.0,11600.0
Mouse_Thymus4,57_100,8,15886.0,17800.0
Mouse_Thymus4,45_18,1,14686.0,9600.0
Mouse_Thymus4,56_20,4,15786.0,9800.0
Mouse_Thymus4,46_5,7,14786.0,8300.0
Mouse_Thymus4,21_79,4,12286.0,15700.0
Mouse_Thymus4,56_14,4,15786.0,9200.0
Mouse_Thymus4,46_108,8,14786.0,18600.0
Mouse_Thymus4,8_41,2,10986.0,11900.0
Mouse_Thymus4,37_24,1,13886.0,10200.0
Mouse_Thymus4,14_43,2,11586.0,12100.0
Mouse_Thymus4,49_81,2,15086.0,15900.0
Mouse_Thymus4,9_62,4,11086.0,14000.0
Mouse_Thymus4,25_79,4,12686.0,15700.0
Mouse_Thymus4,12_66,8,11386.0,14400.0
Mouse_Thymus4,53_37,4,15486.0,11500.0
Mouse_Thymus4,18_69,4,11986.0,14700.0
Mouse_Thymus4,43_66,8,14486.0,14400.0
Mouse_Thymus4,49_116,7,15086.0,19400.0
Mouse_Thymus4,35_92,2,13686.0,17000.0
Mouse_Thymus4,52_80,8,15386.0,15800.0
Mouse_Thymus4,36_88,6,13786.0,16600.0
Mouse_Thymus4,48_41,4,14986.0,11900.0
Mouse_Thymus4,35_72,2,13686.0,15000.0
Mouse_Thymus4,37_60,2,13886.0,13800.0
Mouse_Thymus4,35_27,9,13686.0,10500.0
Mouse_Thymus4,17_38,9,11886.0,11600.0
Mouse_Thymus4,51_23,4,15286.0,10100.0
Mouse_Thymus4,27_80,8,12886.0,15800.0
Mouse_Thymus4,58_33,8,15986.0,11100.0
Mouse_Thymus4,19_45,1,12086.0,12300.0
Mouse_Thymus4,16_30,0,11786.0,10800.0
Mouse_Thymus4,37_90,2,13886.0,16800.0
Mouse_Thymus4,34_59,6,13586.0,13700.0
Mouse_Thymus4,47_101,8,14886.0,17900.0
Mouse_Thymus4,34_42,6,13586.0,12000.0
Mouse_Thymus4,44_28,4,14586.0,10600.0
Mouse_Thymus4,38_68,9,13986.0,14600.0
Mouse_Thymus4,20_29,8,12186.0,10700.0
Mouse_Thymus4,23_61,2,12486.0,13900.0
Mouse_Thymus4,4_57,4,10586.0,13500.0
Mouse_Thymus4,40_28,9,14186.0,10600.0
Mouse_Thymus4,36_65,9,13786.0,14300.0
Mouse_Thymus4,53_18,4,15486.0,9600.0
Mouse_Thymus4,32_31,4,13386.0,10900.0
Mouse_Thymus4,7_36,0,10886.0,11400.0
Mouse_Thymus4,63_11,0,16486.0,8900.0
Mouse_Thymus4,48_12,1,14986.0,9000.0
Mouse_Thymus4,60_7,2,16186.0,8500.0
Mouse_Thymus4,14_36,4,11586.0,11400.0
Mouse_Thymus4,53_30,8,15486.0,10800.0
Mouse_Thymus4,66_8,4,16786.0,8600.0
Mouse_Thymus4,57_108,8,15886.0,18600.0
Mouse_Thymus4,32_61,3,13386.0,13900.0
Mouse_Thymus4,37_34,9,13886.0,11200.0
Mouse_Thymus4,8_39,4,10986.0,11700.0
Mouse_Thymus4,19_56,4,12086.0,13400.0
Mouse_Thymus4,46_101,6,14786.0,17900.0
Mouse_Thymus4,8_57,4,10986.0,13500.0
Mouse_Thymus4,36_89,2,13786.0,16700.0
Mouse_Thymus4,40_89,4,14186.0,16700.0
Mouse_Thymus4,40_81,2,14186.0,15900.0
Mouse_Thymus4,28_36,2,12986.0,11400.0
Mouse_Thymus4,36_22,9,13786.0,10000.0
Mouse_Thymus4,41_70,2,14286.0,14800.0
Mouse_Thymus4,72_3,7,17386.0,8100.0
Mouse_Thymus4,57_32,8,15886.0,11000.0
Mouse_Thymus4,14_31,8,11586.0,10900.0
Mouse_Thymus4,47_45,2,14886.0,12300.0
Mouse_Thymus4,31_31,4,13286.0,10900.0
Mouse_Thymus4,47_41,3,14886.0,11900.0
Mouse_Thymus4,52_20,4,15386.0,9800.0
Mouse_Thymus4,45_7,0,14686.0,8500.0
Mouse_Thymus4,43_13,2,14486.0,9100.0
Mouse_Thymus4,59_113,6,16086.0,19100.0
Mouse_Thymus4,52_82,1,15386.0,16000.0
Mouse_Thymus4,30_23,6,13186.0,10100.0
Mouse_Thymus4,42_88,0,14386.0,16600.0
Mouse_Thymus4,36_31,9,13786.0,10900.0
