section,obs_name,cluster,x,y
Mouse_Thymus2,110_38,1,18838.0,16871.0
Mouse_Thymus2,71_20,0,14938.0,15071.0
Mouse_Thymus2,48_23,4,12638.0,15371.0
Mouse_Thymus2,94_54,6,17238.0,18471.0
Mouse_Thymus2,69_34,1,14738.0,16471.0
Mouse_Thymus2,9_46,9,8738.0,17671.0
Mouse_Thymus2,108_57,7,18638.0,18771.0
Mouse_Thymus2,115_65,0,19338.0,19571.0
Mouse_Thymus2,104_42,5,18238.0,17271.0
Mouse_Thymus2,94_23,1,17238.0,15371.0
Mouse_Thymus2,111_42,1,18938.0,17271.0
Mouse_Thymus2,13_51,3,9138.0,18171.0
Mouse_Thymus2,17_39,4,9538.0,16971.0
Mouse_Thymus2,63_20,5,14138.0,15071.0
Mouse_Thymus2,89_44,4,16738.0,17471.0
Mouse_Thymus2,99_40,9,17738.0,17071.0
Mouse_Thymus2,72_27,1,15038.0,15771.0
Mouse_Thymus2,82_0,9,16038.0,13071.0
Mouse_Thymus2,64_27,0,14238.0,15771.0
Mouse_Thymus2,78_46,0,15638.0,17671.0
Mouse_Thymus2,89_14,1,16738.0,14471.0
Mouse_Thymus2,78_8,0,15638.0,13871.0
Mouse_Thymus2,78_18,4,15638.0,14871.0
Mouse_Thymus2,96_24,1,17438.0,15471.0
Mouse_Thymus2,63_29,1,14138.0,15971.0
Mouse_Thymus2,97_7,3,17538.0,13771.0
Mouse_Thymus2,88_9,3,16638.0,13971.0
Mouse_Thymus2,53_31,9,13138.0,16171.0
Mouse_Thymus2,45_38,1,12338.0,16871.0
Mouse_Thymus2,88_49,6,16638.0,17971.0
Mouse_Thymus2,117_46,5,19538.0,17671.0
Mouse_Thymus2,29_46,1,10738.0,17671.0
Mouse_Thymus2,87_26,5,16538.0,15671.0
Mouse_Thymus2,55_23,0,13338.0,15371.0
Mouse_Thymus2,94_31,0,17238.0,16171.0
Mouse_Thymus2,75_26,1,15338.0,15671.0
Mouse_Thymus2,67_32,9,14538.0,16271.0
Mouse_Thymus2,78_12,3,15638.0,14271.0
Mouse_Thymus2,115_52,4,19338.0,18271.0
Mouse_Thymus2,109_39,1,18738.0,16971.0
Mouse_Thymus2,48_25,7,12638.0,15571.0
Mouse_Thymus2,43_26,4,12138.0,15671.0
Mouse_Thymus2,111_50,3,18938.0,18071.0
Mouse_Thymus2,94_52,0,17238.0,18271.0
Mouse_Thymus2,91_17,1,16938.0,14771.0
Mouse_Thymus2,112_46,5,19038.0,17671.0
Mouse_Thymus2,37_55,6,11538.0,18571.0
Mouse_Thymus2,79_19,1,15738.0,14971.0
Mouse_Thymus2,82_47,4,16038.0,17771.0
Mouse_Thymus2,83_4,0,16138.0,13471.0
Mouse_Thymus2,95_18,7,17338.0,14871.0
Mouse_Thymus2,103_32,1,18138.0,16271.0
Mouse_Thymus2,61_41,3,13938.0,17171.0
Mouse_Thymus2,28_43,1,10638.0,17371.0
Mouse_Thymus2,63_26,8,14138.0,15671.0
Mouse_Thymus2,118_46,3,19638.0,17671.0
Mouse_Thymus2,24_35,2,10238.0,16571.0
Mouse_Thymus2,46_33,9,12438.0,16371.0
Mouse_Thymus2,78_36,1,15638.0,16671.0
Mouse_Thymus2,76_46,4,15438.0,17671.0
Mouse_Thymus2,30_39,3,10838.0,16971.0
Mouse_Thymus2,88_37,9,16638.0,16771.0
Mouse_Thymus2,79_25,5,15738.0,15571.0
Mouse_Thymus2,42_26,7,12038.0,15671.0
Mouse_Thymus2,93_28,2,17138.0,15871.0
Mouse_Thymus2,42_39,1,12038.0,16971.0
Mouse_Thymus2,13_42,9,9138.0,17271.0
Mouse_Thymus2,20_37,3,9838.0,16771.0
Mouse_Thymus2,101_40,1,17938.0,17071.0
Mouse_Thymus2,108_25,2,18638.0,15571.0
Mouse_Thymus2,13_39,9,9138.0,16971.0
Mouse_Thymus2,91_9,0,16938.0,13971.0
Mouse_Thymus2,63_41,0,14138.0,17171.0
Mouse_Thymus2,107_34,5,18538.0,16471.0
Mouse_Thymus2,120_45,3,19838.0,17571.0
Mouse_Thymus2,90_10,3,16838.0,14071.0
Mouse_Thymus2,62_11,3,14038.0,14171.0
Mouse_Thymus2,26_34,4,10438.0,16471.0
Mouse_Thymus2,59_29,5,13738.0,15971.0
Mouse_Thymus2,107_43,3,18538.0,17371.0
Mouse_Thymus2,100_42,3,17838.0,17271.0
Mouse_Thymus2,94_41,8,17238.0,17171.0
Mouse_Thymus2,79_27,5,15738.0,15771.0
Mouse_Thymus2,95_33,5,17338.0,16371.0
Mouse_Thymus2,49_48,3,12738.0,17871.0
Mouse_Thymus2,81_35,7,15938.0,16571.0
Mouse_Thymus2,72_9,0,15038.0,13971.0
Mouse_Thymus2,81_11,0,15938.0,14171.0
Mouse_Thymus2,22_55,9,10038.0,18571.0
Mouse_Thymus2,88_33,3,16638.0,16371.0
Mouse_Thymus2,36_24,6,11438.0,15471.0
Mouse_Thymus2,106_22,9,18438.0,15271.0
Mouse_Thymus2,97_41,0,17538.0,17171.0
Mouse_Thymus2,86_51,0,16438.0,18171.0
Mouse_Thymus2,56_16,0,13438.0,14671.0
Mouse_Thymus2,39_38,0,11738.0,16871.0
Mouse_Thymus2,83_36,4,16138.0,16671.0
Mouse_Thymus2,99_58,4,17738.0,18871.0
Mouse_Thymus2,24_56,4,10238.0,18671.0
Mouse_Thymus2,48_40,5,12638.0,17071.0
Mouse_Thymus2,85_18,1,16338.0,14871.0
Mouse_Thymus2,82_52,0,16038.0,18271.0
Mouse_Thymus2,75_37,1,15338.0,16771.0
Mouse_Thymus2,65_29,0,14338.0,15971.0
Mouse_Thymus2,64_23,8,14238.0,15371.0
Mouse_Thymus2,93_46,4,17138.0,17671.0
Mouse_Thymus2,64_18,3,14238.0,14871.0
Mouse_Thymus2,10_46,0,8838.0,17671.0
Mouse_Thymus2,85_7,4,16338.0,13771.0
Mouse_Thymus2,33_25,7,11138.0,15571.0
Mouse_Thymus2,32_39,3,11038.0,16971.0
Mouse_Thymus2,88_45,7,16638.0,17571.0
Mouse_Thymus2,78_4,0,15638.0,13471.0
Mouse_Thymus2,120_39,6,19838.0,16971.0
Mouse_Thymus2,21_44,1,9938.0,17471.0
Mouse_Thymus2,57_29,1,13538.0,15971.0
Mouse_Thymus2,84_10,3,16238.0,14071.0
Mouse_Thymus2,121_48,0,19938.0,17871.0
Mouse_Thymus2,92_33,0,17038.0,16371.0
Mouse_Thymus2,83_7,0,16138.0,13771.0
Mouse_Thymus2,103_28,1,18138.0,15871.0
Mouse_Thymus2,105_49,3,18338.0,17971.0
Mouse_Thymus2,97_20,5,17538.0,15071.0
Mouse_Thymus2,72_32,3,15038.0,16271.0
Mouse_Thymus2,40_26,7,11838.0,15671.0
Mouse_Thymus2,91_48,0,16938.0,17871.0
Mouse_Thymus2,91_50,0,16938.0,18071.0
Mouse_Thymus2,78_47,0,15638.0,17771.0
Mouse_Thymus2,39_40,5,11738.0,17071.0
Mouse_Thymus2,79_26,5,15738.0,15671.0
Mouse_Thymus2,34_33,0,11238.0,16371.0
Mouse_Thymus2,77_5,0,15538.0,13571.0
Mouse_Thymus2,31_47,5,10938.0,17771.0
Mouse_Thymus2,67_22,5,14538.0,15271.0
Mouse_Thymus2,122_57,0,20038.0,18771.0
Mouse_Thymus2,92_20,2,17038.0,15071.0
Mouse_Thymus2,18_43,1,9638.0,17371.0
Mouse_Thymus2,37_40,5,11538.0,17071.0
Mouse_Thymus2,21_42,4,9938.0,17271.0
Mouse_Thymus2,32_38,8,11038.0,16871.0
Mouse_Thymus2,43_28,1,12138.0,15871.0
Mouse_Thymus2,43_32,9,12138.0,16271.0
Mouse_Thymus2,86_55,0,16438.0,18571.0
Mouse_Thymus2,88_31,0,16638.0,16171.0
Mouse_Thymus2,89_32,8,16738.0,16271.0
Mouse_Thymus2,29_48,5,10738.0,17871.0
Mouse_Thymus2,39_29,5,11738.0,15971.0
Mouse_Thymus2,98_15,7,17638.0,14571.0
Mouse_Thymus2,119_65,3,19738.0,19571.0
Mouse_Thymus2,115_60,3,19338.0,19071.0
Mouse_Thymus2,27_36,3,10538.0,16671.0
Mouse_Thymus2,98_46,0,17638.0,17671.0
Mouse_Thymus2,101_28,1,17938.0,15871.0
Mouse_Thymus2,66_24,5,14438.0,15471.0
Mouse_Thymus2,54_16,7,13238.0,14671.0
Mouse_Thymus2,116_61,3,19438.0,19171.0
Mouse_Thymus2,86_15,5,16438.0,14571.0
Mouse_Thymus2,39_25,3,11738.0,15571.0
Mouse_Thymus2,29_45,1,10738.0,17571.0
Mouse_Thymus2,95_49,3,17338.0,17971.0
Mouse_Thymus2,17_45,1,9538.0,17571.0
Mouse_Thymus2,108_46,1,18638.0,17671.0
Mouse_Thymus2,89_5,0,16738.0,13571.0
Mouse_Thymus2,61_32,5,13938.0,16271.0
Mouse_Thymus2,114_32,6,19238.0,16271.0
Mouse_Thymus2,106_25,7,18438.0,15571.0
Mouse_Thymus2,42_33,3,12038.0,16371.0
Mouse_Thymus2,47_32,6,12538.0,16271.0
Mouse_Thymus2,59_14,4,13738.0,14471.0
Mouse_Thymus2,68_35,1,14638.0,16571.0
Mouse_Thymus2,79_17,0,15738.0,14771.0
Mouse_Thymus2,42_30,5,12038.0,16071.0
Mouse_Thymus2,99_45,3,17738.0,17571.0
Mouse_Thymus2,79_52,7,15738.0,18271.0
Mouse_Thymus2,31_45,1,10938.0,17571.0
Mouse_Thymus2,94_46,0,17238.0,17671.0
Mouse_Thymus2,97_55,7,17538.0,18571.0
Mouse_Thymus2,85_15,5,16338.0,14571.0
Mouse_Thymus2,76_49,7,15438.0,17971.0
Mouse_Thymus2,85_30,0,16338.0,16071.0
Mouse_Thymus2,21_43,1,9938.0,17371.0
Mouse_Thymus2,67_39,3,14538.0,16971.0
Mouse_Thymus2,33_56,7,11138.0,18671.0
Mouse_Thymus2,35_31,4,11338.0,16171.0
Mouse_Thymus2,84_49,0,16238.0,17971.0
Mouse_Thymus2,46_35,3,12438.0,16571.0
Mouse_Thymus2,38_30,5,11638.0,16071.0
Mouse_Thymus2,64_29,1,14238.0,15971.0
Mouse_Thymus2,44_18,3,12238.0,14871.0
Mouse_Thymus2,116_38,3,19438.0,16871.0
Mouse_Thymus2,53_20,5,13138.0,15071.0
Mouse_Thymus2,91_27,7,16938.0,15771.0
Mouse_Thymus2,75_10,4,15338.0,14071.0
Mouse_Thymus2,40_36,4,11838.0,16671.0
Mouse_Thymus2,84_34,7,16238.0,16471.0
Mouse_Thymus2,33_37,3,11138.0,16771.0
Mouse_Thymus2,87_36,9,16538.0,16671.0
Mouse_Thymus2,116_52,2,19438.0,18271.0
Mouse_Thymus2,76_8,3,15438.0,13871.0
Mouse_Thymus2,100_22,5,17838.0,15271.0
Mouse_Thymus2,99_37,1,17738.0,16771.0
Mouse_Thymus2,98_53,0,17638.0,18371.0
Mouse_Thymus2,110_30,0,18838.0,16071.0
Mouse_Thymus2,114_33,4,19238.0,16371.0
Mouse_Thymus2,92_48,4,17038.0,17871.0
Mouse_Thymus2,92_11,0,17038.0,14171.0
Mouse_Thymus2,97_22,1,17538.0,15271.0
Mouse_Thymus2,37_54,0,11538.0,18471.0
Mouse_Thymus2,60_22,1,13838.0,15271.0
Mouse_Thymus2,118_47,5,19638.0,17771.0
Mouse_Thymus2,88_27,0,16638.0,15771.0
Mouse_Thymus2,106_49,3,18438.0,17971.0
Mouse_Thymus2,29_49,3,10738.0,17971.0
Mouse_Thymus2,123_59,3,20138.0,18971.0
Mouse_Thymus2,112_50,3,19038.0,18071.0
Mouse_Thymus2,80_23,1,15838.0,15371.0
Mouse_Thymus2,41_48,3,11938.0,17871.0
Mouse_Thymus2,48_18,0,12638.0,14871.0
Mouse_Thymus2,28_39,3,10638.0,16971.0
Mouse_Thymus2,53_14,6,13138.0,14471.0
Mouse_Thymus2,32_42,5,11038.0,17271.0
Mouse_Thymus2,106_52,3,18438.0,18271.0
Mouse_Thymus2,33_30,3,11138.0,16071.0
Mouse_Thymus2,65_16,3,14338.0,14671.0
Mouse_Thymus2,65_38,0,14338.0,16871.0
Mouse_Thymus2,68_32,3,14638.0,16271.0
Mouse_Thymus2,50_43,3,12838.0,17371.0
Mouse_Thymus2,111_31,7,18938.0,16171.0
Mouse_Thymus2,13_48,3,9138.0,17871.0
Mouse_Thymus2,50_20,3,12838.0,15071.0
Mouse_Thymus2,105_44,3,18338.0,17471.0
Mouse_Thymus2,47_26,9,12538.0,15671.0
Mouse_Thymus2,11_41,3,8938.0,17171.0
Mouse_Thymus2,58_17,0,13638.0,14771.0
Mouse_Thymus2,93_15,5,17138.0,14571.0
Mouse_Thymus2,118_54,1,19638.0,18471.0
Mouse_Thymus2,22_49,0,10038.0,17971.0
Mouse_Thymus2,98_17,8,17638.0,14771.0
Mouse_Thymus2,94_58,0,17238.0,18871.0
Mouse_Thymus2,42_44,5,12038.0,17471.0
Mouse_Thymus2,115_46,1,19338.0,17671.0
Mouse_Thymus2,37_46,5,11538.0,17671.0
Mouse_Thymus2,87_56,0,16538.0,18671.0
Mouse_Thymus2,47_18,0,12538.0,14871.0
Mouse_Thymus2,81_48,3,15938.0,17871.0
Mouse_Thymus2,8_44,3,8638.0,17471.0
Mouse_Thymus2,123_69,3,20138.0,19971.0
Mouse_Thymus2,83_29,5,16138.0,15971.0
Mouse_Thymus2,59_42,3,13738.0,17271.0
Mouse_Thymus2,110_32,7,18838.0,16271.0
Mouse_Thymus2,67_40,9,14538.0,17071.0
Mouse_Thymus2,87_2,6,16538.0,13271.0
Mouse_Thymus2,74_7,0,15238.0,13771.0
Mouse_Thymus2,92_34,0,17038.0,16471.0
Mouse_Thymus2,116_37,4,19438.0,16771.0
Mouse_Thymus2,43_40,1,12138.0,17071.0
Mouse_Thymus2,20_39,0,9838.0,16971.0
Mouse_Thymus2,102_54,0,18038.0,18471.0
Mouse_Thymus2,44_17,3,12238.0,14771.0
Mouse_Thymus2,94_37,0,17238.0,16771.0
Mouse_Thymus2,30_49,3,10838.0,17971.0
Mouse_Thymus2,98_14,0,17638.0,14471.0
Mouse_Thymus2,109_51,3,18738.0,18171.0
Mouse_Thymus2,19_52,4,9738.0,18271.0
Mouse_Thymus2,89_35,4,16738.0,16571.0
Mouse_Thymus2,100_10,3,17838.0,14071.0
Mouse_Thymus2,106_24,7,18438.0,15471.0
Mouse_Thymus2,95_13,0,17338.0,14371.0
Mouse_Thymus2,91_21,1,16938.0,15171.0
Mouse_Thymus2,111_55,3,18938.0,18571.0
Mouse_Thymus2,104_38,1,18238.0,16871.0
Mouse_Thymus2,15_41,0,9338.0,17171.0
Mouse_Thymus2,77_28,5,15538.0,15871.0
Mouse_Thymus2,83_45,0,16138.0,17571.0
Mouse_Thymus2,70_44,6,14838.0,17471.0
Mouse_Thymus2,45_32,9,12338.0,16271.0
Mouse_Thymus2,92_17,5,17038.0,14771.0
Mouse_Thymus2,63_9,6,14138.0,13971.0
Mouse_Thymus2,83_0,4,16138.0,13071.0
Mouse_Thymus2,81_40,1,15938.0,17071.0
Mouse_Thymus2,42_24,4,12038.0,15471.0
Mouse_Thymus2,120_61,5,19838.0,19171.0
Mouse_Thymus2,118_38,4,19638.0,16871.0
Mouse_Thymus2,54_30,9,13238.0,16071.0
Mouse_Thymus2,122_50,3,20038.0,18071.0
Mouse_Thymus2,82_38,3,16038.0,16871.0
Mouse_Thymus2,80_32,2,15838.0,16271.0
Mouse_Thymus2,123_61,7,20138.0,19171.0
Mouse_Thymus2,98_31,5,17638.0,16171.0
Mouse_Thymus2,91_6,3,16938.0,13671.0
Mouse_Thymus2,82_32,0,16038.0,16271.0
Mouse_Thymus2,54_14,4,13238.0,14471.0
Mouse_Thymus2,55_20,7,13338.0,15071.0
Mouse_Thymus2,71_45,6,14938.0,17571.0
Mouse_Thymus2,30_46,5,10838.0,17671.0
Mouse_Thymus2,76_29,5,15438.0,15971.0
Mouse_Thymus2,59_41,0,13738.0,17171.0
Mouse_Thymus2,24_41,4,10238.0,17171.0
Mouse_Thymus2,110_34,7,18838.0,16471.0
Mouse_Thymus2,94_24,1,17238.0,15471.0
Mouse_Thymus2,48_43,5,12638.0,17371.0
Mouse_Thymus2,108_40,1,18638.0,17071.0
Mouse_Thymus2,97_31,5,17538.0,16171.0
Mouse_Thymus2,74_46,0,15238.0,17671.0
Mouse_Thymus2,41_39,1,11938.0,16971.0
Mouse_Thymus2,88_21,1,16638.0,15171.0
Mouse_Thymus2,99_35,1,17738.0,16571.0
Mouse_Thymus2,30_42,1,10838.0,17271.0
Mouse_Thymus2,82_36,3,16038.0,16671.0
Mouse_Thymus2,56_37,5,13438.0,16771.0
Mouse_Thymus2,110_48,3,18838.0,17871.0
Mouse_Thymus2,54_35,3,13238.0,16571.0
Mouse_Thymus2,100_51,0,17838.0,18171.0
Mouse_Thymus2,94_22,1,17238.0,15271.0
Mouse_Thymus2,30_41,5,10838.0,17171.0
Mouse_Thymus2,39_22,3,11738.0,15271.0
Mouse_Thymus2,55_38,3,13338.0,16871.0
Mouse_Thymus2,96_32,4,17438.0,16271.0
Mouse_Thymus2,122_52,7,20038.0,18271.0
Mouse_Thymus2,49_20,4,12738.0,15071.0
Mouse_Thymus2,18_48,0,9638.0,17871.0
Mouse_Thymus2,107_47,3,18538.0,17771.0
Mouse_Thymus2,47_23,9,12538.0,15371.0
Mouse_Thymus2,83_20,1,16138.0,15071.0
Mouse_Thymus2,98_29,7,17638.0,15971.0
Mouse_Thymus2,55_42,3,13338.0,17271.0
Mouse_Thymus2,101_54,4,17938.0,18471.0
Mouse_Thymus2,75_13,4,15338.0,14371.0
Mouse_Thymus2,117_40,4,19538.0,17071.0
Mouse_Thymus2,72_11,7,15038.0,14171.0
Mouse_Thymus2,6_42,2,8438.0,17271.0
Mouse_Thymus2,110_50,0,18838.0,18071.0
Mouse_Thymus2,83_52,0,16138.0,18271.0
Mouse_Thymus2,54_27,5,13238.0,15771.0
Mouse_Thymus2,43_36,3,12138.0,16671.0
Mouse_Thymus2,80_27,4,15838.0,15771.0
Mouse_Thymus2,91_22,1,16938.0,15271.0
Mouse_Thymus2,92_39,7,17038.0,16971.0
Mouse_Thymus2,89_25,5,16738.0,15571.0
Mouse_Thymus2,91_13,0,16938.0,14371.0
Mouse_Thymus2,12_40,0,9038.0,17071.0
Mouse_Thymus2,65_31,5,14338.0,16171.0
Mouse_Thymus2,114_38,0,19238.0,16871.0
Mouse_Thymus2,97_18,8,17538.0,14871.0
Mouse_Thymus2,89_41,3,16738.0,17171.0
Mouse_Thymus2,25_34,3,10338.0,16471.0
Mouse_Thymus2,76_33,1,15438.0,16371.0
Mouse_Thymus2,101_35,5,17938.0,16571.0
Mouse_Thymus2,29_54,4,10738.0,18471.0
Mouse_Thymus2,79_50,3,15738.0,18071.0
Mouse_Thymus2,20_49,4,9838.0,17971.0
Mouse_Thymus2,86_38,0,16438.0,16871.0
Mouse_Thymus2,113_57,0,19138.0,18771.0
Mouse_Thymus2,31_32,3,10938.0,16271.0
Mouse_Thymus2,116_49,5,19438.0,17971.0
Mouse_Thymus2,96_54,0,17438.0,18471.0
Mouse_Thymus2,23_53,3,10138.0,18371.0
Mouse_Thymus2,79_21,1,15738.0,15171.0
Mouse_Thymus2,89_40,0,16738.0,17071.0
Mouse_Thymus2,99_50,7,17738.0,18071.0
Mouse_Thymus2,10_43,3,8838.0,17371.0
Mouse_Thymus2,23_41,0,10138.0,17171.0
Mouse_Thymus2,92_10,0,17038.0,14071.0
Mouse_Thymus2,34_44,1,11238.0,17471.0
Mouse_Thymus2,55_35,5,13338.0,16571.0
Mouse_Thymus2,98_7,9,17638.0,13771.0
Mouse_Thymus2,90_44,0,16838.0,17471.0
Mouse_Thymus2,91_46,2,16938.0,17671.0
Mouse_Thymus2,81_46,0,15938.0,17671.0
Mouse_Thymus2,57_42,9,13538.0,17271.0
Mouse_Thymus2,69_7,0,14738.0,13771.0
Mouse_Thymus2,81_33,0,15938.0,16371.0
Mouse_Thymus2,84_3,0,16238.0,13371.0
Mouse_Thymus2,49_31,5,12738.0,16171.0
Mouse_Thymus2,50_22,0,12838.0,15271.0
Mouse_Thymus2,95_56,0,17338.0,18671.0
Mouse_Thymus2,39_47,3,11738.0,17771.0
Mouse_Thymus2,65_12,8,14338.0,14271.0
Mouse_Thymus2,76_43,9,15438.0,17371.0
Mouse_Thymus2,83_25,4,16138.0,15571.0
Mouse_Thymus2,90_40,7,16838.0,17071.0
Mouse_Thymus2,112_54,9,19038.0,18471.0
Mouse_Thymus2,12_41,3,9038.0,17171.0
Mouse_Thymus2,84_50,8,16238.0,18071.0
Mouse_Thymus2,49_45,3,12738.0,17571.0
Mouse_Thymus2,117_38,3,19538.0,16871.0
Mouse_Thymus2,41_35,3,11938.0,16571.0
Mouse_Thymus2,32_32,4,11038.0,16271.0
Mouse_Thymus2,103_35,1,18138.0,16571.0
Mouse_Thymus2,33_26,3,11138.0,15671.0
Mouse_Thymus2,87_35,3,16538.0,16571.0
Mouse_Thymus2,17_41,9,9538.0,17171.0
Mouse_Thymus2,99_36,1,17738.0,16671.0
Mouse_Thymus2,30_30,4,10838.0,16071.0
Mouse_Thymus2,40_35,7,11838.0,16571.0
Mouse_Thymus2,59_20,0,13738.0,15071.0
Mouse_Thymus2,90_55,0,16838.0,18571.0
Mouse_Thymus2,119_57,4,19738.0,18771.0
Mouse_Thymus2,80_18,1,15838.0,14871.0
Mouse_Thymus2,69_26,5,14738.0,15671.0
Mouse_Thymus2,89_18,1,16738.0,14871.0
Mouse_Thymus2,95_32,4,17338.0,16271.0
Mouse_Thymus2,109_30,4,18738.0,16071.0
Mouse_Thymus2,27_47,1,10538.0,17771.0
Mouse_Thymus2,98_32,1,17638.0,16271.0
Mouse_Thymus2,97_58,3,17538.0,18871.0
Mouse_Thymus2,56_36,5,13438.0,16671.0
Mouse_Thymus2,92_36,0,17038.0,16671.0
Mouse_Thymus2,79_22,1,15738.0,15271.0
Mouse_Thymus2,63_27,5,14138.0,15771.0
Mouse_Thymus2,99_27,5,17738.0,15771.0
Mouse_Thymus2,105_30,9,18338.0,16071.0
Mouse_Thymus2,101_49,0,17938.0,17971.0
Mouse_Thymus2,34_34,7,11238.0,16471.0
Mouse_Thymus2,16_53,9,9438.0,18371.0
Mouse_Thymus2,47_43,1,12538.0,17371.0
Mouse_Thymus2,24_45,1,10238.0,17571.0
Mouse_Thymus2,113_64,3,19138.0,19471.0
Mouse_Thymus2,24_55,9,10238.0,18571.0
Mouse_Thymus2,39_42,5,11738.0,17271.0
Mouse_Thymus2,37_26,0,11538.0,15671.0
Mouse_Thymus2,74_19,8,15238.0,14971.0
Mouse_Thymus2,20_55,9,9838.0,18571.0
Mouse_Thymus2,16_44,1,9438.0,17471.0
Mouse_Thymus2,95_37,0,17338.0,16771.0
Mouse_Thymus2,122_51,0,20038.0,18171.0
Mouse_Thymus2,51_27,1,12938.0,15771.0
Mouse_Thymus2,97_48,8,17538.0,17871.0
Mouse_Thymus2,76_26,5,15438.0,15671.0
Mouse_Thymus2,73_15,3,15138.0,14571.0
Mouse_Thymus2,71_9,9,14938.0,13971.0
Mouse_Thymus2,118_43,7,19638.0,17371.0
Mouse_Thymus2,55_36,3,13338.0,16671.0
Mouse_Thymus2,11_46,9,8938.0,17671.0
Mouse_Thymus2,26_41,3,10438.0,17171.0
Mouse_Thymus2,66_23,5,14438.0,15371.0
Mouse_Thymus2,79_2,7,15738.0,13271.0
Mouse_Thymus2,111_30,0,18938.0,16071.0
Mouse_Thymus2,34_27,0,11238.0,15771.0
Mouse_Thymus2,111_32,2,18938.0,16271.0
Mouse_Thymus2,80_34,7,15838.0,16471.0
Mouse_Thymus2,5_48,6,8338.0,17871.0
Mouse_Thymus2,76_15,5,15438.0,14571.0
Mouse_Thymus2,72_6,0,15038.0,13671.0
Mouse_Thymus2,118_42,3,19638.0,17271.0
Mouse_Thymus2,94_21,5,17238.0,15171.0
Mouse_Thymus2,122_68,3,20038.0,19871.0
Mouse_Thymus2,63_25,5,14138.0,15571.0
Mouse_Thymus2,109_32,0,18738.0,16271.0
Mouse_Thymus2,91_20,1,16938.0,15071.0
Mouse_Thymus2,59_39,7,13738.0,16971.0
Mouse_Thymus2,112_36,7,19038.0,16671.0
Mouse_Thymus2,111_49,4,18938.0,17971.0
Mouse_Thymus2,59_22,5,13738.0,15271.0
Mouse_Thymus2,76_5,0,15438.0,13571.0
Mouse_Thymus2,33_51,3,11138.0,18171.0
Mouse_Thymus2,104_55,0,18238.0,18571.0
Mouse_Thymus2,82_5,0,16038.0,13571.0
Mouse_Thymus2,95_30,9,17338.0,16071.0
Mouse_Thymus2,70_27,1,14838.0,15771.0
Mouse_Thymus2,86_47,7,16438.0,17771.0
Mouse_Thymus2,91_23,5,16938.0,15371.0
Mouse_Thymus2,16_50,4,9438.0,18071.0
Mouse_Thymus2,40_34,6,11838.0,16471.0
Mouse_Thymus2,93_60,3,17138.0,19071.0
Mouse_Thymus2,69_23,1,14738.0,15371.0
Mouse_Thymus2,35_25,0,11338.0,15571.0
Mouse_Thymus2,23_38,7,10138.0,16871.0
Mouse_Thymus2,20_47,5,9838.0,17771.0
Mouse_Thymus2,124_58,7,20238.0,18871.0
Mouse_Thymus2,85_46,6,16338.0,17671.0
Mouse_Thymus2,44_48,7,12238.0,17871.0
Mouse_Thymus2,51_29,5,12938.0,15971.0
Mouse_Thymus2,68_14,7,14638.0,14471.0
Mouse_Thymus2,94_27,5,17238.0,15771.0
Mouse_Thymus2,110_40,1,18838.0,17071.0
Mouse_Thymus2,112_35,3,19038.0,16571.0
Mouse_Thymus2,62_12,7,14038.0,14271.0
Mouse_Thymus2,38_49,7,11638.0,17971.0
Mouse_Thymus2,77_18,3,15538.0,14871.0
Mouse_Thymus2,62_39,3,14038.0,16971.0
Mouse_Thymus2,44_27,1,12238.0,15771.0
Mouse_Thymus2,85_16,1,16338.0,14671.0
Mouse_Thymus2,98_9,3,17638.0,13971.0
Mouse_Thymus2,31_36,7,10938.0,16671.0
Mouse_Thymus2,45_29,1,12338.0,15971.0
Mouse_Thymus2,50_21,0,12838.0,15171.0
Mouse_Thymus2,55_33,5,13338.0,16371.0
Mouse_Thymus2,22_46,1,10038.0,17671.0
Mouse_Thymus2,71_2,7,14938.0,13271.0
Mouse_Thymus2,86_17,5,16438.0,14771.0
Mouse_Thymus2,98_27,5,17638.0,15771.0
Mouse_Thymus2,89_20,2,16738.0,15071.0
Mouse_Thymus2,62_29,1,14038.0,15971.0
Mouse_Thymus2,20_48,9,9838.0,17871.0
Mouse_Thymus2,15_47,5,9338.0,17771.0
Mouse_Thymus2,35_44,1,11338.0,17471.0
Mouse_Thymus2,119_45,0,19738.0,17571.0
Mouse_Thymus2,58_39,3,13638.0,16971.0
Mouse_Thymus2,71_23,1,14938.0,15371.0
Mouse_Thymus2,81_34,4,15938.0,16471.0
Mouse_Thymus2,113_48,5,19138.0,17871.0
Mouse_Thymus2,106_33,5,18438.0,16371.0
Mouse_Thymus2,112_48,3,19038.0,17871.0
Mouse_Thymus2,89_54,3,16738.0,18471.0
Mouse_Thymus2,72_34,8,15038.0,16471.0
Mouse_Thymus2,35_38,4,11338.0,16871.0
Mouse_Thymus2,21_39,3,9938.0,16971.0
Mouse_Thymus2,76_0,2,15438.0,13071.0
Mouse_Thymus2,56_17,4,13438.0,14771.0
Mouse_Thymus2,71_37,1,14938.0,16771.0
Mouse_Thymus2,77_0,3,15538.0,13071.0
Mouse_Thymus2,94_8,3,17238.0,13871.0
Mouse_Thymus2,75_11,0,15338.0,14171.0
Mouse_Thymus2,56_41,8,13438.0,17171.0
Mouse_Thymus2,73_7,0,15138.0,13771.0
Mouse_Thymus2,90_47,0,16838.0,17771.0
Mouse_Thymus2,103_50,0,18138.0,18071.0
Mouse_Thymus2,27_55,3,10538.0,18571.0
Mouse_Thymus2,22_54,4,10038.0,18471.0
Mouse_Thymus2,103_57,7,18138.0,18771.0
Mouse_Thymus2,72_0,3,15038.0,13071.0
Mouse_Thymus2,78_49,0,15638.0,17971.0
Mouse_Thymus2,30_28,4,10838.0,15871.0
Mouse_Thymus2,98_21,1,17638.0,15171.0
Mouse_Thymus2,74_41,4,15238.0,17171.0
Mouse_Thymus2,85_29,5,16338.0,15971.0
Mouse_Thymus2,47_27,5,12538.0,15771.0
Mouse_Thymus2,102_29,1,18038.0,15971.0
Mouse_Thymus2,56_30,5,13438.0,16071.0
Mouse_Thymus2,76_9,0,15438.0,13971.0
Mouse_Thymus2,35_45,1,11338.0,17571.0
Mouse_Thymus2,106_53,7,18438.0,18371.0
Mouse_Thymus2,104_45,8,18238.0,17571.0
Mouse_Thymus2,90_50,0,16838.0,18071.0
Mouse_Thymus2,73_8,0,15138.0,13871.0
Mouse_Thymus2,63_18,9,14138.0,14871.0
Mouse_Thymus2,23_45,1,10138.0,17571.0
Mouse_Thymus2,93_14,4,17138.0,14471.0
Mouse_Thymus2,36_53,0,11438.0,18371.0
Mouse_Thymus2,33_44,1,11138.0,17471.0
Mouse_Thymus2,105_35,5,18338.0,16571.0
Mouse_Thymus2,110_49,4,18838.0,17971.0
Mouse_Thymus2,110_44,1,18838.0,17471.0
Mouse_Thymus2,65_18,5,14338.0,14871.0
Mouse_Thymus2,96_27,4,17438.0,15771.0
Mouse_Thymus2,93_23,1,17138.0,15371.0
Mouse_Thymus2,68_5,6,14638.0,13571.0
Mouse_Thymus2,86_23,8,16438.0,15371.0
Mouse_Thymus2,115_45,5,19338.0,17571.0
Mouse_Thymus2,63_28,1,14138.0,15871.0
Mouse_Thymus2,101_53,0,17938.0,18371.0
Mouse_Thymus2,89_26,3,16738.0,15671.0
Mouse_Thymus2,39_35,7,11738.0,16571.0
Mouse_Thymus2,119_56,5,19738.0,18671.0
Mouse_Thymus2,100_39,1,17838.0,16971.0
Mouse_Thymus2,9_49,9,8738.0,17971.0
Mouse_Thymus2,85_31,3,16338.0,16171.0
Mouse_Thymus2,55_27,1,13338.0,15771.0
Mouse_Thymus2,75_29,1,15338.0,15971.0
Mouse_Thymus2,98_16,0,17638.0,14671.0
Mouse_Thymus2,81_21,1,15938.0,15171.0
Mouse_Thymus2,102_27,1,18038.0,15771.0
Mouse_Thymus2,39_39,5,11738.0,16971.0
Mouse_Thymus2,24_49,5,10238.0,17971.0
Mouse_Thymus2,27_39,3,10538.0,16971.0
Mouse_Thymus2,96_48,9,17438.0,17871.0
Mouse_Thymus2,93_22,5,17138.0,15271.0
Mouse_Thymus2,73_31,5,15138.0,16171.0
Mouse_Thymus2,87_44,0,16538.0,17471.0
Mouse_Thymus2,38_40,1,11638.0,17071.0
Mouse_Thymus2,77_34,1,15538.0,16471.0
Mouse_Thymus2,98_55,0,17638.0,18571.0
Mouse_Thymus2,37_50,0,11538.0,18071.0
Mouse_Thymus2,104_57,0,18238.0,18771.0
Mouse_Thymus2,29_52,0,10738.0,18271.0
Mouse_Thymus2,61_40,0,13938.0,17071.0
Mouse_Thymus2,78_2,4,15638.0,13271.0
Mouse_Thymus2,63_40,0,14138.0,17071.0
Mouse_Thymus2,82_48,4,16038.0,17871.0
Mouse_Thymus2,82_45,4,16038.0,17571.0
Mouse_Thymus2,112_57,8,19038.0,18771.0
Mouse_Thymus2,99_23,1,17738.0,15371.0
Mouse_Thymus2,46_18,0,12438.0,14871.0
Mouse_Thymus2,25_45,5,10338.0,17571.0
Mouse_Thymus2,51_15,3,12938.0,14571.0
Mouse_Thymus2,36_33,3,11438.0,16371.0
Mouse_Thymus2,26_35,0,10438.0,16571.0
Mouse_Thymus2,78_35,1,15638.0,16571.0
Mouse_Thymus2,85_51,4,16338.0,18171.0
Mouse_Thymus2,43_27,5,12138.0,15771.0
Mouse_Thymus2,46_23,0,12438.0,15371.0
Mouse_Thymus2,62_19,4,14038.0,14971.0
Mouse_Thymus2,46_43,1,12438.0,17371.0
Mouse_Thymus2,76_25,5,15438.0,15571.0
Mouse_Thymus2,69_32,3,14738.0,16271.0
Mouse_Thymus2,81_38,5,15938.0,16871.0
Mouse_Thymus2,115_41,4,19338.0,17171.0
Mouse_Thymus2,102_34,5,18038.0,16471.0
Mouse_Thymus2,71_29,5,14938.0,15971.0
Mouse_Thymus2,104_19,7,18238.0,14971.0
Mouse_Thymus2,49_19,0,12738.0,14971.0
Mouse_Thymus2,32_29,3,11038.0,15971.0
Mouse_Thymus2,74_29,5,15238.0,15971.0
Mouse_Thymus2,4_44,9,8238.0,17471.0
Mouse_Thymus2,114_50,0,19238.0,18071.0
Mouse_Thymus2,36_29,5,11438.0,15971.0
Mouse_Thymus2,11_43,3,8938.0,17371.0
Mouse_Thymus2,61_28,1,13938.0,15871.0
Mouse_Thymus2,78_39,1,15638.0,16971.0
Mouse_Thymus2,53_26,5,13138.0,15671.0
Mouse_Thymus2,23_39,0,10138.0,16971.0
Mouse_Thymus2,55_18,0,13338.0,14871.0
Mouse_Thymus2,75_40,1,15338.0,17071.0
Mouse_Thymus2,70_14,7,14838.0,14471.0
Mouse_Thymus2,61_29,1,13938.0,15971.0
Mouse_Thymus2,78_10,3,15638.0,14071.0
Mouse_Thymus2,38_53,0,11638.0,18371.0
Mouse_Thymus2,108_33,3,18638.0,16371.0
Mouse_Thymus2,33_47,5,11138.0,17771.0
Mouse_Thymus2,124_72,3,20238.0,20271.0
Mouse_Thymus2,3_46,9,8138.0,17671.0
Mouse_Thymus2,23_54,3,10138.0,18471.0
Mouse_Thymus2,83_1,3,16138.0,13171.0
Mouse_Thymus2,124_59,4,20238.0,18971.0
Mouse_Thymus2,81_53,8,15938.0,18371.0
Mouse_Thymus2,94_13,7,17238.0,14371.0
Mouse_Thymus2,107_56,7,18538.0,18671.0
Mouse_Thymus2,114_62,3,19238.0,19271.0
Mouse_Thymus2,12_47,3,9038.0,17771.0
Mouse_Thymus2,54_17,0,13238.0,14771.0
Mouse_Thymus2,91_42,9,16938.0,17271.0
Mouse_Thymus2,87_32,0,16538.0,16271.0
Mouse_Thymus2,118_48,5,19638.0,17871.0
Mouse_Thymus2,87_21,1,16538.0,15171.0
Mouse_Thymus2,55_14,0,13338.0,14471.0
Mouse_Thymus2,46_45,8,12438.0,17571.0
Mouse_Thymus2,32_34,3,11038.0,16471.0
Mouse_Thymus2,101_26,1,17938.0,15671.0
Mouse_Thymus2,10_45,0,8838.0,17571.0
Mouse_Thymus2,108_28,3,18638.0,15871.0
Mouse_Thymus2,88_57,9,16638.0,18771.0
Mouse_Thymus2,67_8,4,14538.0,13871.0
Mouse_Thymus2,121_58,1,19938.0,18871.0
Mouse_Thymus2,76_2,7,15438.0,13271.0
Mouse_Thymus2,55_40,4,13338.0,17071.0
Mouse_Thymus2,80_51,3,15838.0,18171.0
Mouse_Thymus2,103_46,0,18138.0,17671.0
Mouse_Thymus2,98_40,9,17638.0,17071.0
Mouse_Thymus2,74_14,4,15238.0,14471.0
Mouse_Thymus2,77_3,0,15538.0,13371.0
Mouse_Thymus2,19_50,0,9738.0,18071.0
Mouse_Thymus2,33_35,3,11138.0,16571.0
Mouse_Thymus2,106_55,9,18438.0,18571.0
Mouse_Thymus2,11_47,0,8938.0,17771.0
Mouse_Thymus2,98_48,8,17638.0,17871.0
Mouse_Thymus2,92_13,3,17038.0,14371.0
Mouse_Thymus2,69_18,0,14738.0,14871.0
Mouse_Thymus2,90_5,6,16838.0,13571.0
Mouse_Thymus2,87_20,1,16538.0,15071.0
Mouse_Thymus2,86_43,0,16438.0,17371.0
Mouse_Thymus2,76_35,5,15438.0,16571.0
Mouse_Thymus2,98_50,7,17638.0,18071.0
Mouse_Thymus2,107_27,3,18538.0,15771.0
Mouse_Thymus2,102_18,7,18038.0,14871.0
Mouse_Thymus2,57_16,4,13538.0,14671.0
Mouse_Thymus2,55_39,4,13338.0,16971.0
Mouse_Thymus2,104_20,4,18238.0,15071.0
Mouse_Thymus2,105_21,6,18338.0,15171.0
Mouse_Thymus2,65_26,5,14338.0,15671.0
Mouse_Thymus2,10_42,3,8838.0,17271.0
Mouse_Thymus2,74_34,5,15238.0,16471.0
Mouse_Thymus2,32_43,5,11038.0,17371.0
Mouse_Thymus2,82_13,3,16038.0,14371.0
Mouse_Thymus2,76_47,3,15438.0,17771.0
Mouse_Thymus2,122_65,1,20038.0,19571.0
Mouse_Thymus2,84_8,0,16238.0,13871.0
Mouse_Thymus2,118_58,1,19638.0,18871.0
Mouse_Thymus2,40_31,4,11838.0,16171.0
Mouse_Thymus2,44_34,3,12238.0,16471.0
Mouse_Thymus2,95_26,5,17338.0,15671.0
Mouse_Thymus2,83_15,5,16138.0,14571.0
Mouse_Thymus2,70_41,3,14838.0,17171.0
Mouse_Thymus2,123_72,3,20138.0,20271.0
Mouse_Thymus2,41_37,3,11938.0,16771.0
Mouse_Thymus2,75_30,1,15338.0,16071.0
Mouse_Thymus2,75_23,5,15338.0,15371.0
Mouse_Thymus2,93_30,7,17138.0,16071.0
Mouse_Thymus2,111_53,0,18938.0,18371.0
Mouse_Thymus2,68_30,7,14638.0,16071.0
Mouse_Thymus2,69_35,1,14738.0,16571.0
Mouse_Thymus2,77_9,4,15538.0,13971.0
Mouse_Thymus2,44_23,3,12238.0,15371.0
Mouse_Thymus2,95_28,9,17338.0,15871.0
Mouse_Thymus2,40_47,0,11838.0,17771.0
Mouse_Thymus2,93_26,1,17138.0,15671.0
Mouse_Thymus2,21_40,0,9938.0,17071.0
Mouse_Thymus2,32_53,0,11038.0,18371.0
Mouse_Thymus2,110_60,9,18838.0,19071.0
Mouse_Thymus2,62_41,3,14038.0,17171.0
Mouse_Thymus2,76_19,0,15438.0,14971.0
Mouse_Thymus2,121_44,7,19938.0,17471.0
Mouse_Thymus2,124_60,7,20238.0,19071.0
Mouse_Thymus2,58_21,0,13638.0,15171.0
Mouse_Thymus2,99_20,5,17738.0,15071.0
Mouse_Thymus2,72_15,3,15038.0,14571.0
Mouse_Thymus2,90_19,5,16838.0,14971.0
Mouse_Thymus2,115_48,5,19338.0,17871.0
Mouse_Thymus2,37_28,8,11538.0,15871.0
Mouse_Thymus2,73_14,0,15138.0,14471.0
Mouse_Thymus2,62_35,5,14038.0,16571.0
Mouse_Thymus2,80_8,0,15838.0,13871.0
Mouse_Thymus2,45_31,5,12338.0,16171.0
Mouse_Thymus2,18_41,4,9638.0,17171.0
Mouse_Thymus2,41_22,3,11938.0,15271.0
Mouse_Thymus2,123_65,1,20138.0,19571.0
Mouse_Thymus2,79_40,1,15738.0,17071.0
Mouse_Thymus2,60_35,1,13838.0,16571.0
Mouse_Thymus2,58_27,1,13638.0,15771.0
Mouse_Thymus2,46_16,6,12438.0,14671.0
Mouse_Thymus2,113_58,4,19138.0,18871.0
Mouse_Thymus2,114_64,3,19238.0,19471.0
Mouse_Thymus2,37_53,3,11538.0,18371.0
Mouse_Thymus2,80_35,9,15838.0,16571.0
Mouse_Thymus2,11_50,4,8938.0,18071.0
Mouse_Thymus2,93_11,3,17138.0,14171.0
Mouse_Thymus2,82_37,4,16038.0,16771.0
Mouse_Thymus2,77_50,3,15538.0,18071.0
Mouse_Thymus2,37_39,5,11538.0,16971.0
Mouse_Thymus2,100_55,3,17838.0,18571.0
Mouse_Thymus2,113_63,0,19138.0,19371.0
Mouse_Thymus2,35_26,0,11338.0,15671.0
Mouse_Thymus2,26_43,5,10438.0,17371.0
Mouse_Thymus2,59_36,1,13738.0,16671.0
Mouse_Thymus2,74_35,5,15238.0,16571.0
Mouse_Thymus2,106_44,0,18438.0,17471.0
Mouse_Thymus2,13_40,3,9138.0,17071.0
Mouse_Thymus2,119_71,6,19738.0,20171.0
Mouse_Thymus2,80_22,1,15838.0,15271.0
Mouse_Thymus2,105_48,0,18338.0,17871.0
Mouse_Thymus2,119_38,4,19738.0,16871.0
Mouse_Thymus2,6_43,4,8438.0,17371.0
Mouse_Thymus2,94_20,8,17238.0,15071.0
Mouse_Thymus2,97_46,8,17538.0,17671.0
Mouse_Thymus2,65_10,7,14338.0,14071.0
Mouse_Thymus2,26_51,6,10438.0,18171.0
Mouse_Thymus2,76_7,7,15438.0,13771.0
Mouse_Thymus2,97_23,1,17538.0,15371.0
Mouse_Thymus2,94_32,9,17238.0,16271.0
Mouse_Thymus2,94_30,0,17238.0,16071.0
Mouse_Thymus2,35_47,1,11338.0,17771.0
Mouse_Thymus2,85_25,0,16338.0,15571.0
Mouse_Thymus2,111_41,5,18938.0,17171.0
Mouse_Thymus2,66_16,7,14438.0,14671.0
Mouse_Thymus2,71_26,1,14938.0,15671.0
Mouse_Thymus2,94_10,0,17238.0,14071.0
Mouse_Thymus2,40_49,0,11838.0,17971.0
Mouse_Thymus2,93_19,3,17138.0,14971.0
Mouse_Thymus2,32_46,5,11038.0,17671.0
Mouse_Thymus2,107_25,3,18538.0,15571.0
Mouse_Thymus2,81_24,1,15938.0,15471.0
Mouse_Thymus2,46_34,5,12438.0,16471.0
Mouse_Thymus2,81_18,1,15938.0,14871.0
Mouse_Thymus2,104_43,0,18238.0,17371.0
Mouse_Thymus2,108_23,4,18638.0,15371.0
Mouse_Thymus2,41_41,5,11938.0,17171.0
Mouse_Thymus2,71_17,4,14938.0,14771.0
Mouse_Thymus2,108_50,3,18638.0,18071.0
Mouse_Thymus2,63_16,1,14138.0,14671.0
Mouse_Thymus2,73_46,4,15138.0,17671.0
Mouse_Thymus2,16_49,3,9438.0,17971.0
Mouse_Thymus2,84_30,3,16238.0,16071.0
Mouse_Thymus2,39_37,4,11738.0,16771.0
Mouse_Thymus2,5_43,9,8338.0,17371.0
Mouse_Thymus2,16_52,3,9438.0,18271.0
Mouse_Thymus2,64_21,5,14238.0,15171.0
Mouse_Thymus2,38_22,6,11638.0,15271.0
Mouse_Thymus2,101_39,5,17938.0,16971.0
Mouse_Thymus2,100_34,1,17838.0,16471.0
Mouse_Thymus2,103_48,0,18138.0,17871.0
Mouse_Thymus2,38_33,3,11638.0,16371.0
Mouse_Thymus2,93_6,0,17138.0,13671.0
Mouse_Thymus2,22_39,8,10038.0,16971.0
Mouse_Thymus2,50_29,5,12838.0,15971.0
Mouse_Thymus2,52_17,7,13038.0,14771.0
Mouse_Thymus2,12_45,9,9038.0,17571.0
Mouse_Thymus2,44_32,0,12238.0,16271.0
Mouse_Thymus2,93_7,0,17138.0,13771.0
Mouse_Thymus2,48_30,5,12638.0,16071.0
Mouse_Thymus2,37_37,4,11538.0,16771.0
Mouse_Thymus2,97_53,4,17538.0,18371.0
Mouse_Thymus2,109_57,0,18738.0,18771.0
Mouse_Thymus2,96_8,0,17438.0,13871.0
Mouse_Thymus2,122_69,6,20038.0,19971.0
Mouse_Thymus2,41_21,0,11938.0,15171.0
Mouse_Thymus2,124_66,7,20238.0,19671.0
Mouse_Thymus2,91_19,5,16938.0,14971.0
Mouse_Thymus2,95_40,8,17338.0,17071.0
Mouse_Thymus2,104_39,1,18238.0,16971.0
Mouse_Thymus2,102_36,5,18038.0,16671.0
Mouse_Thymus2,18_52,7,9638.0,18271.0
Mouse_Thymus2,107_36,1,18538.0,16671.0
Mouse_Thymus2,72_33,7,15038.0,16371.0
Mouse_Thymus2,48_24,7,12638.0,15471.0
Mouse_Thymus2,67_23,1,14538.0,15371.0
Mouse_Thymus2,69_43,3,14738.0,17371.0
Mouse_Thymus2,69_40,3,14738.0,17071.0
Mouse_Thymus2,41_20,0,11938.0,15071.0
Mouse_Thymus2,81_23,1,15938.0,15371.0
Mouse_Thymus2,24_43,5,10238.0,17371.0
Mouse_Thymus2,90_57,2,16838.0,18771.0
Mouse_Thymus2,70_38,1,14838.0,16871.0
Mouse_Thymus2,73_18,4,15138.0,14871.0
Mouse_Thymus2,48_35,4,12638.0,16571.0
Mouse_Thymus2,12_49,3,9038.0,17971.0
Mouse_Thymus2,71_32,0,14938.0,16271.0
Mouse_Thymus2,117_56,5,19538.0,18671.0
Mouse_Thymus2,91_49,4,16938.0,17971.0
Mouse_Thymus2,95_36,3,17338.0,16671.0
Mouse_Thymus2,87_42,0,16538.0,17271.0
Mouse_Thymus2,32_36,9,11038.0,16671.0
Mouse_Thymus2,3_47,4,8138.0,17771.0
Mouse_Thymus2,31_37,0,10938.0,16771.0
Mouse_Thymus2,74_26,1,15238.0,15671.0
Mouse_Thymus2,73_13,0,15138.0,14371.0
Mouse_Thymus2,80_25,5,15838.0,15571.0
Mouse_Thymus2,95_34,5,17338.0,16471.0
Mouse_Thymus2,25_53,3,10338.0,18371.0
Mouse_Thymus2,83_50,0,16138.0,18071.0
Mouse_Thymus2,51_45,3,12938.0,17571.0
Mouse_Thymus2,43_50,3,12138.0,18071.0
Mouse_Thymus2,123_58,0,20138.0,18871.0
Mouse_Thymus2,116_57,6,19438.0,18771.0
Mouse_Thymus2,82_50,0,16038.0,18071.0
Mouse_Thymus2,69_24,5,14738.0,15471.0
Mouse_Thymus2,106_45,0,18438.0,17571.0
Mouse_Thymus2,94_7,3,17238.0,13771.0
Mouse_Thymus2,81_10,0,15938.0,14071.0
Mouse_Thymus2,100_14,3,17838.0,14471.0
Mouse_Thymus2,51_17,0,12938.0,14771.0
Mouse_Thymus2,52_45,6,13038.0,17571.0
Mouse_Thymus2,106_40,5,18438.0,17071.0
Mouse_Thymus2,34_53,0,11238.0,18371.0
Mouse_Thymus2,40_39,1,11838.0,16971.0
Mouse_Thymus2,106_28,7,18438.0,15871.0
Mouse_Thymus2,73_44,0,15138.0,17471.0
Mouse_Thymus2,80_47,0,15838.0,17771.0
Mouse_Thymus2,65_24,5,14338.0,15471.0
Mouse_Thymus2,75_33,1,15338.0,16371.0
Mouse_Thymus2,88_14,5,16638.0,14471.0
Mouse_Thymus2,102_38,5,18038.0,16871.0
Mouse_Thymus2,98_6,3,17638.0,13671.0
Mouse_Thymus2,79_11,3,15738.0,14171.0
Mouse_Thymus2,73_41,5,15138.0,17171.0
Mouse_Thymus2,43_20,0,12138.0,15071.0
Mouse_Thymus2,110_28,9,18838.0,15871.0
Mouse_Thymus2,96_38,8,17438.0,16871.0
Mouse_Thymus2,32_47,5,11038.0,17771.0
Mouse_Thymus2,92_27,5,17038.0,15771.0
Mouse_Thymus2,33_28,7,11138.0,15871.0
Mouse_Thymus2,87_24,3,16538.0,15471.0
Mouse_Thymus2,73_21,5,15138.0,15171.0
Mouse_Thymus2,92_46,0,17038.0,17671.0
Mouse_Thymus2,62_31,1,14038.0,16171.0
Mouse_Thymus2,112_37,3,19038.0,16771.0
Mouse_Thymus2,62_28,5,14038.0,15871.0
Mouse_Thymus2,113_38,0,19138.0,16871.0
Mouse_Thymus2,72_36,1,15038.0,16671.0
Mouse_Thymus2,93_57,0,17138.0,18771.0
Mouse_Thymus2,102_48,7,18038.0,17871.0
Mouse_Thymus2,39_32,3,11738.0,16271.0
Mouse_Thymus2,72_19,4,15038.0,14971.0
Mouse_Thymus2,35_43,1,11338.0,17371.0
Mouse_Thymus2,79_49,0,15738.0,17971.0
Mouse_Thymus2,70_24,1,14838.0,15471.0
Mouse_Thymus2,50_35,3,12838.0,16571.0
Mouse_Thymus2,79_29,1,15738.0,15971.0
Mouse_Thymus2,99_42,3,17738.0,17271.0
Mouse_Thymus2,100_27,5,17838.0,15771.0
Mouse_Thymus2,70_40,3,14838.0,17071.0
Mouse_Thymus2,118_66,3,19638.0,19671.0
Mouse_Thymus2,94_19,0,17238.0,14971.0
Mouse_Thymus2,114_46,1,19238.0,17671.0
Mouse_Thymus2,15_48,9,9338.0,17871.0
Mouse_Thymus2,95_39,8,17338.0,16971.0
Mouse_Thymus2,95_9,0,17338.0,13971.0
Mouse_Thymus2,62_15,4,14038.0,14571.0
Mouse_Thymus2,116_62,0,19438.0,19271.0
Mouse_Thymus2,96_51,7,17438.0,18171.0
Mouse_Thymus2,83_5,4,16138.0,13571.0
Mouse_Thymus2,27_50,1,10538.0,18071.0
Mouse_Thymus2,118_44,0,19638.0,17471.0
Mouse_Thymus2,106_31,7,18438.0,16171.0
Mouse_Thymus2,59_27,1,13738.0,15771.0
Mouse_Thymus2,23_51,3,10138.0,18171.0
Mouse_Thymus2,82_15,0,16038.0,14571.0
Mouse_Thymus2,114_44,1,19238.0,17471.0
Mouse_Thymus2,119_51,0,19738.0,18171.0
Mouse_Thymus2,118_69,9,19638.0,19971.0
Mouse_Thymus2,103_26,5,18138.0,15671.0
Mouse_Thymus2,93_16,4,17138.0,14671.0
Mouse_Thymus2,43_48,3,12138.0,17871.0
Mouse_Thymus2,61_27,5,13938.0,15771.0
Mouse_Thymus2,74_38,1,15238.0,16871.0
Mouse_Thymus2,124_69,3,20238.0,19971.0
Mouse_Thymus2,85_49,0,16338.0,17971.0
Mouse_Thymus2,49_32,0,12738.0,16271.0
Mouse_Thymus2,69_38,5,14738.0,16871.0
Mouse_Thymus2,73_5,0,15138.0,13571.0
Mouse_Thymus2,58_42,3,13638.0,17271.0
Mouse_Thymus2,100_53,0,17838.0,18371.0
Mouse_Thymus2,34_48,5,11238.0,17871.0
Mouse_Thymus2,51_22,0,12938.0,15271.0
Mouse_Thymus2,97_54,0,17538.0,18471.0
Mouse_Thymus2,39_34,3,11738.0,16471.0
Mouse_Thymus2,86_18,1,16438.0,14871.0
Mouse_Thymus2,92_14,5,17038.0,14471.0
Mouse_Thymus2,45_19,8,12338.0,14971.0
Mouse_Thymus2,34_32,0,11238.0,16271.0
Mouse_Thymus2,122_61,3,20038.0,19171.0
Mouse_Thymus2,19_46,5,9738.0,17671.0
Mouse_Thymus2,18_47,1,9638.0,17771.0
Mouse_Thymus2,52_22,7,13038.0,15271.0
Mouse_Thymus2,84_24,7,16238.0,15471.0
Mouse_Thymus2,82_23,1,16038.0,15371.0
Mouse_Thymus2,12_42,7,9038.0,17271.0
Mouse_Thymus2,122_59,0,20038.0,18971.0
Mouse_Thymus2,111_46,5,18938.0,17671.0
Mouse_Thymus2,47_24,7,12538.0,15471.0
Mouse_Thymus2,30_36,9,10838.0,16671.0
Mouse_Thymus2,73_12,0,15138.0,14271.0
Mouse_Thymus2,29_34,0,10738.0,16471.0
Mouse_Thymus2,69_8,3,14738.0,13871.0
Mouse_Thymus2,96_60,3,17438.0,19071.0
Mouse_Thymus2,21_53,3,9938.0,18371.0
Mouse_Thymus2,75_34,1,15338.0,16471.0
Mouse_Thymus2,104_29,9,18238.0,15971.0
Mouse_Thymus2,70_39,3,14838.0,16971.0
Mouse_Thymus2,71_42,3,14938.0,17271.0
Mouse_Thymus2,93_24,1,17138.0,15471.0
Mouse_Thymus2,108_37,1,18638.0,16771.0
Mouse_Thymus2,60_24,1,13838.0,15471.0
Mouse_Thymus2,91_43,0,16938.0,17371.0
Mouse_Thymus2,24_48,5,10238.0,17871.0
Mouse_Thymus2,21_52,0,9938.0,18271.0
Mouse_Thymus2,96_6,3,17438.0,13671.0
Mouse_Thymus2,101_58,0,17938.0,18871.0
Mouse_Thymus2,17_52,3,9538.0,18271.0
Mouse_Thymus2,82_46,0,16038.0,17671.0
Mouse_Thymus2,124_52,4,20238.0,18271.0
Mouse_Thymus2,71_25,1,14938.0,15571.0
Mouse_Thymus2,119_66,4,19738.0,19671.0
Mouse_Thymus2,86_28,5,16438.0,15871.0
Mouse_Thymus2,58_30,5,13638.0,16071.0
Mouse_Thymus2,39_49,3,11738.0,17971.0
Mouse_Thymus2,116_47,1,19438.0,17771.0
Mouse_Thymus2,100_60,4,17838.0,19071.0
Mouse_Thymus2,85_37,8,16338.0,16771.0
Mouse_Thymus2,9_44,0,8738.0,17471.0
Mouse_Thymus2,50_39,1,12838.0,16971.0
Mouse_Thymus2,54_33,5,13238.0,16371.0
Mouse_Thymus2,72_31,9,15038.0,16171.0
Mouse_Thymus2,40_52,3,11838.0,18271.0
Mouse_Thymus2,82_24,4,16038.0,15471.0
Mouse_Thymus2,74_37,1,15238.0,16771.0
Mouse_Thymus2,76_22,1,15438.0,15271.0
Mouse_Thymus2,84_41,0,16238.0,17171.0
Mouse_Thymus2,76_34,1,15438.0,16471.0
Mouse_Thymus2,54_22,4,13238.0,15271.0
Mouse_Thymus2,77_11,7,15538.0,14171.0
Mouse_Thymus2,120_67,3,19838.0,19771.0
Mouse_Thymus2,49_28,5,12738.0,15871.0
Mouse_Thymus2,100_9,6,17838.0,13971.0
Mouse_Thymus2,114_49,2,19238.0,17971.0
Mouse_Thymus2,97_38,8,17538.0,16871.0
Mouse_Thymus2,102_57,0,18038.0,18771.0
Mouse_Thymus2,42_35,3,12038.0,16571.0
Mouse_Thymus2,11_48,0,8938.0,17871.0
Mouse_Thymus2,78_43,1,15638.0,17371.0
Mouse_Thymus2,101_17,7,17938.0,14771.0
Mouse_Thymus2,95_58,0,17338.0,18871.0
Mouse_Thymus2,34_35,7,11238.0,16571.0
Mouse_Thymus2,109_55,0,18738.0,18571.0
Mouse_Thymus2,89_8,7,16738.0,13871.0
Mouse_Thymus2,66_33,5,14438.0,16371.0
Mouse_Thymus2,90_58,0,16838.0,18871.0
Mouse_Thymus2,95_23,5,17338.0,15371.0
Mouse_Thymus2,25_35,9,10338.0,16571.0
Mouse_Thymus2,3_44,3,8138.0,17471.0
Mouse_Thymus2,85_3,7,16338.0,13371.0
Mouse_Thymus2,53_25,4,13138.0,15571.0
Mouse_Thymus2,105_47,0,18338.0,17771.0
Mouse_Thymus2,84_20,1,16238.0,15071.0
Mouse_Thymus2,45_35,3,12338.0,16571.0
Mouse_Thymus2,43_18,3,12138.0,14871.0
Mouse_Thymus2,65_39,3,14338.0,16971.0
Mouse_Thymus2,96_13,7,17438.0,14371.0
Mouse_Thymus2,63_17,3,14138.0,14771.0
Mouse_Thymus2,96_9,3,17438.0,13971.0
Mouse_Thymus2,79_47,0,15738.0,17771.0
Mouse_Thymus2,107_54,3,18538.0,18471.0
Mouse_Thymus2,95_6,0,17338.0,13671.0
Mouse_Thymus2,28_34,7,10638.0,16471.0
Mouse_Thymus2,20_46,1,9838.0,17671.0
Mouse_Thymus2,106_57,0,18438.0,18771.0
Mouse_Thymus2,120_60,1,19838.0,19071.0
Mouse_Thymus2,124_68,6,20238.0,19871.0
Mouse_Thymus2,97_35,5,17538.0,16571.0
Mouse_Thymus2,115_47,1,19338.0,17771.0
Mouse_Thymus2,65_17,0,14338.0,14771.0
Mouse_Thymus2,67_26,5,14538.0,15671.0
Mouse_Thymus2,68_34,5,14638.0,16471.0
Mouse_Thymus2,51_32,6,12938.0,16271.0
Mouse_Thymus2,88_53,3,16638.0,18371.0
Mouse_Thymus2,29_31,3,10738.0,16171.0
Mouse_Thymus2,122_71,4,20038.0,20171.0
Mouse_Thymus2,50_32,5,12838.0,16271.0
Mouse_Thymus2,81_29,4,15938.0,15971.0
Mouse_Thymus2,63_35,1,14138.0,16571.0
Mouse_Thymus2,82_22,1,16038.0,15271.0
Mouse_Thymus2,80_28,5,15838.0,15871.0
Mouse_Thymus2,90_9,0,16838.0,13971.0
Mouse_Thymus2,43_33,3,12138.0,16371.0
Mouse_Thymus2,81_2,9,15938.0,13271.0
Mouse_Thymus2,70_20,3,14838.0,15071.0
Mouse_Thymus2,123_67,5,20138.0,19771.0
Mouse_Thymus2,79_45,0,15738.0,17571.0
Mouse_Thymus2,80_48,8,15838.0,17871.0
Mouse_Thymus2,41_33,5,11938.0,16371.0
Mouse_Thymus2,43_19,0,12138.0,14971.0
Mouse_Thymus2,87_34,3,16538.0,16471.0
Mouse_Thymus2,73_10,9,15138.0,14071.0
Mouse_Thymus2,10_40,4,8838.0,17071.0
Mouse_Thymus2,22_53,4,10038.0,18371.0
Mouse_Thymus2,91_15,5,16938.0,14571.0
Mouse_Thymus2,86_27,4,16438.0,15771.0
Mouse_Thymus2,106_27,4,18438.0,15771.0
Mouse_Thymus2,61_25,5,13938.0,15571.0
Mouse_Thymus2,112_34,3,19038.0,16471.0
Mouse_Thymus2,70_29,5,14838.0,15971.0
Mouse_Thymus2,56_22,0,13438.0,15271.0
Mouse_Thymus2,74_42,0,15238.0,17271.0
Mouse_Thymus2,73_1,0,15138.0,13171.0
Mouse_Thymus2,34_36,3,11238.0,16671.0
Mouse_Thymus2,125_57,6,20338.0,18771.0
Mouse_Thymus2,86_29,0,16438.0,15971.0
Mouse_Thymus2,77_15,0,15538.0,14571.0
Mouse_Thymus2,118_37,4,19638.0,16771.0
Mouse_Thymus2,103_25,5,18138.0,15571.0
Mouse_Thymus2,20_52,0,9838.0,18271.0
Mouse_Thymus2,122_54,3,20038.0,18471.0
Mouse_Thymus2,12_43,4,9038.0,17371.0
Mouse_Thymus2,20_42,5,9838.0,17271.0
Mouse_Thymus2,55_28,5,13338.0,15871.0
Mouse_Thymus2,46_30,5,12438.0,16071.0
Mouse_Thymus2,42_50,0,12038.0,18071.0
Mouse_Thymus2,48_28,1,12638.0,15871.0
Mouse_Thymus2,94_34,0,17238.0,16471.0
Mouse_Thymus2,91_39,8,16938.0,16971.0
Mouse_Thymus2,60_41,0,13838.0,17171.0
Mouse_Thymus2,122_60,1,20038.0,19071.0
Mouse_Thymus2,40_44,1,11838.0,17471.0
Mouse_Thymus2,101_21,3,17938.0,15171.0
Mouse_Thymus2,74_17,4,15238.0,14771.0
Mouse_Thymus2,96_53,0,17438.0,18371.0
Mouse_Thymus2,88_20,1,16638.0,15071.0
Mouse_Thymus2,101_20,0,17938.0,15071.0
Mouse_Thymus2,94_15,0,17238.0,14571.0
Mouse_Thymus2,48_39,5,12638.0,16971.0
Mouse_Thymus2,10_48,0,8838.0,17871.0
Mouse_Thymus2,32_51,3,11038.0,18171.0
Mouse_Thymus2,33_53,3,11138.0,18371.0
Mouse_Thymus2,7_41,9,8538.0,17171.0
Mouse_Thymus2,113_51,8,19138.0,18171.0
Mouse_Thymus2,75_5,0,15338.0,13571.0
Mouse_Thymus2,116_66,3,19438.0,19671.0
Mouse_Thymus2,63_23,5,14138.0,15371.0
Mouse_Thymus2,75_45,0,15338.0,17571.0
Mouse_Thymus2,88_10,0,16638.0,14071.0
Mouse_Thymus2,41_47,4,11938.0,17771.0
Mouse_Thymus2,43_42,1,12138.0,17271.0
Mouse_Thymus2,97_10,0,17538.0,14071.0
Mouse_Thymus2,96_33,5,17438.0,16371.0
Mouse_Thymus2,100_19,7,17838.0,14971.0
Mouse_Thymus2,103_37,5,18138.0,16771.0
Mouse_Thymus2,66_9,0,14438.0,13971.0
Mouse_Thymus2,110_42,5,18838.0,17271.0
Mouse_Thymus2,79_42,1,15738.0,17271.0
Mouse_Thymus2,104_30,5,18238.0,16071.0
Mouse_Thymus2,82_53,0,16038.0,18371.0
Mouse_Thymus2,38_42,5,11638.0,17271.0
Mouse_Thymus2,91_24,1,16938.0,15471.0
Mouse_Thymus2,90_46,3,16838.0,17671.0
Mouse_Thymus2,42_27,1,12038.0,15771.0
Mouse_Thymus2,109_26,2,18738.0,15671.0
Mouse_Thymus2,86_22,1,16438.0,15271.0
Mouse_Thymus2,109_25,4,18738.0,15571.0
Mouse_Thymus2,94_5,3,17238.0,13571.0
Mouse_Thymus2,82_41,5,16038.0,17171.0
Mouse_Thymus2,95_14,6,17338.0,14471.0
Mouse_Thymus2,36_27,3,11438.0,15771.0
Mouse_Thymus2,117_57,1,19538.0,18771.0
Mouse_Thymus2,111_60,0,18938.0,19071.0
Mouse_Thymus2,107_26,3,18538.0,15671.0
Mouse_Thymus2,59_16,0,13738.0,14671.0
Mouse_Thymus2,45_28,1,12338.0,15871.0
Mouse_Thymus2,32_40,3,11038.0,17071.0
Mouse_Thymus2,121_68,3,19938.0,19871.0
Mouse_Thymus2,123_57,3,20138.0,18771.0
Mouse_Thymus2,105_55,9,18338.0,18571.0
Mouse_Thymus2,30_37,0,10838.0,16771.0
Mouse_Thymus2,96_44,7,17438.0,17471.0
Mouse_Thymus2,70_8,0,14838.0,13871.0
Mouse_Thymus2,75_28,5,15338.0,15871.0
Mouse_Thymus2,75_17,9,15338.0,14771.0
Mouse_Thymus2,97_34,5,17538.0,16471.0
Mouse_Thymus2,39_24,3,11738.0,15471.0
Mouse_Thymus2,71_8,7,14938.0,13871.0
Mouse_Thymus2,92_58,3,17038.0,18871.0
Mouse_Thymus2,108_26,0,18638.0,15671.0
Mouse_Thymus2,104_40,1,18238.0,17071.0
Mouse_Thymus2,124_56,3,20238.0,18671.0
Mouse_Thymus2,79_30,1,15738.0,16071.0
Mouse_Thymus2,56_24,0,13438.0,15471.0
Mouse_Thymus2,117_55,5,19538.0,18571.0
Mouse_Thymus2,71_14,0,14938.0,14471.0
Mouse_Thymus2,105_43,4,18338.0,17371.0
Mouse_Thymus2,99_56,4,17738.0,18671.0
Mouse_Thymus2,62_20,0,14038.0,15071.0
Mouse_Thymus2,42_52,6,12038.0,18271.0
Mouse_Thymus2,10_41,7,8838.0,17171.0
Mouse_Thymus2,44_49,0,12238.0,17971.0
Mouse_Thymus2,123_64,3,20138.0,19471.0
Mouse_Thymus2,93_50,0,17138.0,18071.0
Mouse_Thymus2,114_54,7,19238.0,18471.0
Mouse_Thymus2,75_36,5,15338.0,16671.0
Mouse_Thymus2,120_64,7,19838.0,19471.0
Mouse_Thymus2,79_20,1,15738.0,15071.0
Mouse_Thymus2,93_44,8,17138.0,17471.0
Mouse_Thymus2,47_33,3,12538.0,16371.0
Mouse_Thymus2,60_20,3,13838.0,15071.0
Mouse_Thymus2,19_49,0,9738.0,17971.0
Mouse_Thymus2,42_19,3,12038.0,14971.0
Mouse_Thymus2,83_6,0,16138.0,13671.0
Mouse_Thymus2,113_62,8,19138.0,19271.0
Mouse_Thymus2,117_60,5,19538.0,19071.0
Mouse_Thymus2,28_49,5,10638.0,17971.0
Mouse_Thymus2,89_52,0,16738.0,18271.0
Mouse_Thymus2,76_48,3,15438.0,17871.0
Mouse_Thymus2,121_64,3,19938.0,19471.0
Mouse_Thymus2,32_50,0,11038.0,18071.0
Mouse_Thymus2,94_29,0,17238.0,15971.0
Mouse_Thymus2,90_34,0,16838.0,16471.0
Mouse_Thymus2,95_7,7,17338.0,13771.0
Mouse_Thymus2,82_28,4,16038.0,15871.0
Mouse_Thymus2,84_32,0,16238.0,16271.0
Mouse_Thymus2,98_45,3,17638.0,17571.0
Mouse_Thymus2,86_49,0,16438.0,17971.0
Mouse_Thymus2,118_67,0,19638.0,19771.0
Mouse_Thymus2,88_50,0,16638.0,18071.0
Mouse_Thymus2,70_22,1,14838.0,15271.0
Mouse_Thymus2,31_46,1,10938.0,17671.0
Mouse_Thymus2,98_38,1,17638.0,16871.0
Mouse_Thymus2,83_12,0,16138.0,14271.0
Mouse_Thymus2,85_44,3,16338.0,17471.0
Mouse_Thymus2,49_41,1,12738.0,17171.0
Mouse_Thymus2,32_54,3,11038.0,18471.0
Mouse_Thymus2,47_30,5,12538.0,16071.0
Mouse_Thymus2,90_6,7,16838.0,13671.0
Mouse_Thymus2,115_54,3,19338.0,18471.0
Mouse_Thymus2,78_27,5,15638.0,15771.0
Mouse_Thymus2,112_47,1,19038.0,17771.0
Mouse_Thymus2,67_17,0,14538.0,14771.0
Mouse_Thymus2,91_47,0,16938.0,17771.0
Mouse_Thymus2,122_62,5,20038.0,19271.0
Mouse_Thymus2,81_5,0,15938.0,13571.0
Mouse_Thymus2,115_66,9,19338.0,19671.0
Mouse_Thymus2,110_36,5,18838.0,16671.0
Mouse_Thymus2,87_29,0,16538.0,15971.0
Mouse_Thymus2,107_28,3,18538.0,15871.0
Mouse_Thymus2,36_47,5,11438.0,17771.0
Mouse_Thymus2,14_39,0,9238.0,16971.0
Mouse_Thymus2,100_25,1,17838.0,15571.0
Mouse_Thymus2,73_0,3,15138.0,13071.0
Mouse_Thymus2,84_42,9,16238.0,17271.0
Mouse_Thymus2,104_21,3,18238.0,15171.0
Mouse_Thymus2,43_45,1,12138.0,17571.0
Mouse_Thymus2,56_15,0,13438.0,14571.0
Mouse_Thymus2,8_42,9,8638.0,17271.0
Mouse_Thymus2,68_18,9,14638.0,14871.0
Mouse_Thymus2,44_38,5,12238.0,16871.0
Mouse_Thymus2,30_27,7,10838.0,15771.0
Mouse_Thymus2,46_31,3,12438.0,16171.0
Mouse_Thymus2,36_46,1,11438.0,17671.0
Mouse_Thymus2,75_25,5,15338.0,15571.0
Mouse_Thymus2,94_43,0,17238.0,17371.0
Mouse_Thymus2,84_4,4,16238.0,13471.0
Mouse_Thymus2,33_39,5,11138.0,16971.0
Mouse_Thymus2,6_41,6,8438.0,17171.0
Mouse_Thymus2,81_44,5,15938.0,17471.0
Mouse_Thymus2,56_25,6,13438.0,15571.0
Mouse_Thymus2,70_13,0,14838.0,14371.0
Mouse_Thymus2,60_40,0,13838.0,17071.0
Mouse_Thymus2,86_41,0,16438.0,17171.0
Mouse_Thymus2,52_37,5,13038.0,16771.0
Mouse_Thymus2,115_57,7,19338.0,18771.0
Mouse_Thymus2,105_52,3,18338.0,18271.0
Mouse_Thymus2,95_16,0,17338.0,14671.0
Mouse_Thymus2,121_57,5,19938.0,18771.0
Mouse_Thymus2,77_39,1,15538.0,16971.0
Mouse_Thymus2,50_34,5,12838.0,16471.0
Mouse_Thymus2,72_28,5,15038.0,15871.0
Mouse_Thymus2,72_7,4,15038.0,13771.0
Mouse_Thymus2,96_61,3,17438.0,19171.0
Mouse_Thymus2,46_46,7,12438.0,17671.0
Mouse_Thymus2,33_33,0,11138.0,16371.0
Mouse_Thymus2,70_16,9,14838.0,14671.0
Mouse_Thymus2,105_54,9,18338.0,18471.0
Mouse_Thymus2,31_39,3,10938.0,16971.0
Mouse_Thymus2,62_27,5,14038.0,15771.0
Mouse_Thymus2,90_48,0,16838.0,17871.0
Mouse_Thymus2,45_41,1,12338.0,17171.0
Mouse_Thymus2,80_20,1,15838.0,15071.0
Mouse_Thymus2,82_6,7,16038.0,13671.0
Mouse_Thymus2,48_34,9,12638.0,16471.0
Mouse_Thymus2,105_33,1,18338.0,16371.0
Mouse_Thymus2,82_27,8,16038.0,15771.0
Mouse_Thymus2,55_24,9,13338.0,15471.0
Mouse_Thymus2,99_33,5,17738.0,16371.0
Mouse_Thymus2,48_19,0,12638.0,14971.0
Mouse_Thymus2,33_54,3,11138.0,18471.0
Mouse_Thymus2,72_41,3,15038.0,17171.0
Mouse_Thymus2,64_13,7,14238.0,14371.0
Mouse_Thymus2,56_34,1,13438.0,16471.0
Mouse_Thymus2,66_31,5,14438.0,16171.0
Mouse_Thymus2,68_36,1,14638.0,16671.0
Mouse_Thymus2,49_22,0,12738.0,15271.0
Mouse_Thymus2,83_42,0,16138.0,17271.0
Mouse_Thymus2,64_30,1,14238.0,16071.0
Mouse_Thymus2,63_30,1,14138.0,16071.0
Mouse_Thymus2,92_22,5,17038.0,15271.0
Mouse_Thymus2,119_68,0,19738.0,19871.0
Mouse_Thymus2,95_5,3,17338.0,13571.0
Mouse_Thymus2,35_33,2,11338.0,16371.0
Mouse_Thymus2,32_56,6,11038.0,18671.0
Mouse_Thymus2,21_37,0,9938.0,16771.0
Mouse_Thymus2,48_15,6,12638.0,14571.0
Mouse_Thymus2,96_39,3,17438.0,16971.0
Mouse_Thymus2,29_29,6,10738.0,15971.0
Mouse_Thymus2,112_38,4,19038.0,16871.0
Mouse_Thymus2,117_44,0,19538.0,17471.0
Mouse_Thymus2,42_47,3,12038.0,17771.0
Mouse_Thymus2,60_12,3,13838.0,14271.0
Mouse_Thymus2,91_45,7,16938.0,17571.0
Mouse_Thymus2,70_25,1,14838.0,15571.0
Mouse_Thymus2,89_43,0,16738.0,17371.0
Mouse_Thymus2,79_18,5,15738.0,14871.0
Mouse_Thymus2,49_23,0,12738.0,15371.0
Mouse_Thymus2,74_4,0,15238.0,13471.0
Mouse_Thymus2,49_36,1,12738.0,16671.0
Mouse_Thymus2,72_10,0,15038.0,14071.0
Mouse_Thymus2,54_38,5,13238.0,16871.0
Mouse_Thymus2,6_47,3,8438.0,17771.0
Mouse_Thymus2,61_16,0,13938.0,14671.0
Mouse_Thymus2,66_32,5,14438.0,16271.0
Mouse_Thymus2,43_43,1,12138.0,17371.0
Mouse_Thymus2,57_41,3,13538.0,17171.0
Mouse_Thymus2,122_66,1,20038.0,19671.0
Mouse_Thymus2,90_26,5,16838.0,15671.0
Mouse_Thymus2,89_4,6,16738.0,13471.0
Mouse_Thymus2,37_35,4,11538.0,16571.0
Mouse_Thymus2,29_44,1,10738.0,17471.0
Mouse_Thymus2,73_38,1,15138.0,16871.0
Mouse_Thymus2,33_43,1,11138.0,17371.0
Mouse_Thymus2,50_45,3,12838.0,17571.0
Mouse_Thymus2,112_30,7,19038.0,16071.0
Mouse_Thymus2,119_49,3,19738.0,17971.0
Mouse_Thymus2,84_16,5,16238.0,14671.0
Mouse_Thymus2,58_32,5,13638.0,16271.0
Mouse_Thymus2,47_19,0,12538.0,14971.0
Mouse_Thymus2,89_22,1,16738.0,15271.0
Mouse_Thymus2,112_55,0,19038.0,18571.0
Mouse_Thymus2,63_24,5,14138.0,15471.0
Mouse_Thymus2,109_56,0,18738.0,18671.0
Mouse_Thymus2,47_37,5,12538.0,16771.0
Mouse_Thymus2,48_29,1,12638.0,15971.0
Mouse_Thymus2,67_33,5,14538.0,16371.0
Mouse_Thymus2,88_56,0,16638.0,18671.0
Mouse_Thymus2,31_40,5,10938.0,17071.0
Mouse_Thymus2,125_64,4,20338.0,19471.0
Mouse_Thymus2,106_46,0,18438.0,17671.0
Mouse_Thymus2,85_14,5,16338.0,14471.0
Mouse_Thymus2,33_41,5,11138.0,17171.0
Mouse_Thymus2,83_9,0,16138.0,13971.0
Mouse_Thymus2,59_38,0,13738.0,16871.0
Mouse_Thymus2,85_8,0,16338.0,13871.0
Mouse_Thymus2,31_48,1,10938.0,17871.0
Mouse_Thymus2,58_13,3,13638.0,14371.0
Mouse_Thymus2,73_3,0,15138.0,13371.0
Mouse_Thymus2,116_41,3,19438.0,17171.0
Mouse_Thymus2,30_31,3,10838.0,16171.0
Mouse_Thymus2,89_9,7,16738.0,13971.0
Mouse_Thymus2,61_11,0,13938.0,14171.0
Mouse_Thymus2,90_16,1,16838.0,14671.0
Mouse_Thymus2,34_37,4,11238.0,16771.0
Mouse_Thymus2,114_41,5,19238.0,17171.0
Mouse_Thymus2,53_38,5,13138.0,16871.0
Mouse_Thymus2,103_52,8,18138.0,18271.0
Mouse_Thymus2,96_17,8,17438.0,14771.0
Mouse_Thymus2,86_35,9,16438.0,16571.0
Mouse_Thymus2,82_42,7,16038.0,17271.0
Mouse_Thymus2,60_36,1,13838.0,16671.0
Mouse_Thymus2,114_45,1,19238.0,17571.0
Mouse_Thymus2,89_23,1,16738.0,15371.0
Mouse_Thymus2,101_57,0,17938.0,18771.0
Mouse_Thymus2,72_25,5,15038.0,15571.0
Mouse_Thymus2,75_7,3,15338.0,13771.0
Mouse_Thymus2,65_11,0,14338.0,14171.0
Mouse_Thymus2,29_40,3,10738.0,17071.0
Mouse_Thymus2,66_15,7,14438.0,14571.0
Mouse_Thymus2,12_48,9,9038.0,17871.0
Mouse_Thymus2,76_50,6,15438.0,18071.0
Mouse_Thymus2,93_33,9,17138.0,16371.0
Mouse_Thymus2,27_38,0,10538.0,16871.0
Mouse_Thymus2,57_36,5,13538.0,16671.0
Mouse_Thymus2,49_21,6,12738.0,15171.0
Mouse_Thymus2,72_40,7,15038.0,17071.0
Mouse_Thymus2,98_47,8,17638.0,17771.0
Mouse_Thymus2,35_29,0,11338.0,15971.0
Mouse_Thymus2,90_49,0,16838.0,17971.0
Mouse_Thymus2,73_11,0,15138.0,14171.0
Mouse_Thymus2,56_40,3,13438.0,17071.0
Mouse_Thymus2,82_43,5,16038.0,17371.0
Mouse_Thymus2,125_72,3,20338.0,20271.0
Mouse_Thymus2,15_44,1,9338.0,17471.0
Mouse_Thymus2,72_18,0,15038.0,14871.0
Mouse_Thymus2,66_18,1,14438.0,14871.0
Mouse_Thymus2,81_52,0,15938.0,18271.0
Mouse_Thymus2,54_26,3,13238.0,15671.0
Mouse_Thymus2,82_35,0,16038.0,16571.0
Mouse_Thymus2,99_9,9,17738.0,13971.0
Mouse_Thymus2,81_16,8,15938.0,14671.0
Mouse_Thymus2,123_51,3,20138.0,18171.0
Mouse_Thymus2,107_39,1,18538.0,16971.0
Mouse_Thymus2,95_15,3,17338.0,14571.0
Mouse_Thymus2,124_61,3,20238.0,19171.0
Mouse_Thymus2,114_34,3,19238.0,16471.0
Mouse_Thymus2,66_14,0,14438.0,14471.0
Mouse_Thymus2,124_71,0,20238.0,20171.0
Mouse_Thymus2,49_46,3,12738.0,17671.0
Mouse_Thymus2,47_21,0,12538.0,15171.0
Mouse_Thymus2,104_44,0,18238.0,17471.0
Mouse_Thymus2,52_18,7,13038.0,14871.0
Mouse_Thymus2,100_24,5,17838.0,15471.0
Mouse_Thymus2,80_13,0,15838.0,14371.0
Mouse_Thymus2,121_71,7,19938.0,20171.0
Mouse_Thymus2,87_16,5,16538.0,14671.0
Mouse_Thymus2,45_46,5,12338.0,17671.0
Mouse_Thymus2,37_30,5,11538.0,16071.0
Mouse_Thymus2,65_20,1,14338.0,15071.0
Mouse_Thymus2,66_17,4,14438.0,14771.0
Mouse_Thymus2,44_31,5,12238.0,16171.0
Mouse_Thymus2,46_38,1,12438.0,16871.0
Mouse_Thymus2,103_24,0,18138.0,15471.0
Mouse_Thymus2,82_33,0,16038.0,16371.0
Mouse_Thymus2,66_26,1,14438.0,15671.0
Mouse_Thymus2,93_53,6,17138.0,18371.0
Mouse_Thymus2,94_44,8,17238.0,17471.0
Mouse_Thymus2,65_23,6,14338.0,15371.0
Mouse_Thymus2,28_55,3,10638.0,18571.0
Mouse_Thymus2,81_31,5,15938.0,16171.0
Mouse_Thymus2,104_35,5,18238.0,16571.0
Mouse_Thymus2,93_8,0,17138.0,13871.0
Mouse_Thymus2,47_46,7,12538.0,17671.0
Mouse_Thymus2,116_68,6,19438.0,19871.0
Mouse_Thymus2,9_45,0,8738.0,17571.0
Mouse_Thymus2,99_21,5,17738.0,15171.0
Mouse_Thymus2,124_55,4,20238.0,18571.0
Mouse_Thymus2,70_33,5,14838.0,16371.0
Mouse_Thymus2,86_8,0,16438.0,13871.0
Mouse_Thymus2,87_22,5,16538.0,15271.0
Mouse_Thymus2,85_33,8,16338.0,16371.0
Mouse_Thymus2,41_26,4,11938.0,15671.0
Mouse_Thymus2,63_36,5,14138.0,16671.0
Mouse_Thymus2,80_33,4,15838.0,16371.0
Mouse_Thymus2,52_38,5,13038.0,16871.0
Mouse_Thymus2,25_40,3,10338.0,17071.0
Mouse_Thymus2,69_41,7,14738.0,17171.0
Mouse_Thymus2,56_28,1,13438.0,15871.0
Mouse_Thymus2,48_21,0,12638.0,15171.0
Mouse_Thymus2,48_16,3,12638.0,14671.0
Mouse_Thymus2,14_50,3,9238.0,18071.0
Mouse_Thymus2,116_36,0,19438.0,16671.0
Mouse_Thymus2,58_26,1,13638.0,15671.0
Mouse_Thymus2,55_25,4,13338.0,15571.0
Mouse_Thymus2,64_11,3,14238.0,14171.0
Mouse_Thymus2,45_22,0,12338.0,15271.0
Mouse_Thymus2,66_28,9,14438.0,15871.0
Mouse_Thymus2,20_50,0,9838.0,18071.0
Mouse_Thymus2,106_30,0,18438.0,16071.0
Mouse_Thymus2,38_43,5,11638.0,17371.0
Mouse_Thymus2,73_6,8,15138.0,13671.0
Mouse_Thymus2,120_71,4,19838.0,20171.0
Mouse_Thymus2,37_48,6,11538.0,17871.0
Mouse_Thymus2,116_34,6,19438.0,16471.0
Mouse_Thymus2,76_38,5,15438.0,16871.0
Mouse_Thymus2,106_26,2,18438.0,15671.0
Mouse_Thymus2,46_42,1,12438.0,17271.0
Mouse_Thymus2,71_36,1,14938.0,16671.0
Mouse_Thymus2,112_52,0,19038.0,18271.0
Mouse_Thymus2,118_64,0,19638.0,19471.0
Mouse_Thymus2,87_4,7,16538.0,13471.0
Mouse_Thymus2,93_58,0,17138.0,18871.0
Mouse_Thymus2,84_35,4,16238.0,16571.0
Mouse_Thymus2,85_20,1,16338.0,15071.0
Mouse_Thymus2,21_45,5,9938.0,17571.0
Mouse_Thymus2,92_49,0,17038.0,17971.0
Mouse_Thymus2,44_25,3,12238.0,15571.0
Mouse_Thymus2,44_20,7,12238.0,15071.0
Mouse_Thymus2,95_35,9,17338.0,16571.0
Mouse_Thymus2,125_68,4,20338.0,19871.0
Mouse_Thymus2,65_41,9,14338.0,17171.0
Mouse_Thymus2,121_61,1,19938.0,19171.0
Mouse_Thymus2,25_43,5,10338.0,17371.0
Mouse_Thymus2,109_54,0,18738.0,18471.0
Mouse_Thymus2,51_42,7,12938.0,17271.0
Mouse_Thymus2,38_31,5,11638.0,16171.0
Mouse_Thymus2,115_55,3,19338.0,18571.0
Mouse_Thymus2,38_39,2,11638.0,16971.0
Mouse_Thymus2,73_43,0,15138.0,17371.0
Mouse_Thymus2,113_37,3,19138.0,16771.0
Mouse_Thymus2,78_25,5,15638.0,15571.0
Mouse_Thymus2,46_17,7,12438.0,14771.0
Mouse_Thymus2,14_47,5,9238.0,17771.0
Mouse_Thymus2,99_15,0,17738.0,14571.0
Mouse_Thymus2,6_45,0,8438.0,17571.0
Mouse_Thymus2,86_21,1,16438.0,15171.0
Mouse_Thymus2,86_32,0,16438.0,16271.0
Mouse_Thymus2,45_24,3,12338.0,15471.0
Mouse_Thymus2,110_31,0,18838.0,16171.0
Mouse_Thymus2,124_51,0,20238.0,18171.0
Mouse_Thymus2,62_16,2,14038.0,14671.0
Mouse_Thymus2,76_12,7,15438.0,14271.0
Mouse_Thymus2,92_8,0,17038.0,13871.0
Mouse_Thymus2,111_29,9,18938.0,15971.0
Mouse_Thymus2,55_34,5,13338.0,16471.0
Mouse_Thymus2,94_55,0,17238.0,18571.0
Mouse_Thymus2,104_48,0,18238.0,17871.0
Mouse_Thymus2,73_17,3,15138.0,14771.0
Mouse_Thymus2,98_42,0,17638.0,17271.0
Mouse_Thymus2,111_59,0,18938.0,18971.0
Mouse_Thymus2,30_55,3,10838.0,18571.0
Mouse_Thymus2,100_58,8,17838.0,18871.0
Mouse_Thymus2,71_31,7,14938.0,16171.0
Mouse_Thymus2,60_37,5,13838.0,16771.0
Mouse_Thymus2,25_52,4,10338.0,18271.0
Mouse_Thymus2,99_46,3,17738.0,17671.0
Mouse_Thymus2,87_37,9,16538.0,16771.0
Mouse_Thymus2,18_42,1,9638.0,17271.0
Mouse_Thymus2,15_46,1,9338.0,17671.0
Mouse_Thymus2,36_55,4,11438.0,18571.0
Mouse_Thymus2,73_16,7,15138.0,14671.0
Mouse_Thymus2,77_1,0,15538.0,13171.0
Mouse_Thymus2,91_8,0,16938.0,13871.0
Mouse_Thymus2,97_37,8,17538.0,16771.0
Mouse_Thymus2,96_42,8,17438.0,17271.0
Mouse_Thymus2,74_44,9,15238.0,17471.0
Mouse_Thymus2,75_27,1,15338.0,15771.0
Mouse_Thymus2,35_32,5,11338.0,16271.0
Mouse_Thymus2,29_30,3,10738.0,16071.0
Mouse_Thymus2,47_29,1,12538.0,15971.0
Mouse_Thymus2,77_42,1,15538.0,17271.0
Mouse_Thymus2,107_41,5,18538.0,17171.0
Mouse_Thymus2,59_40,9,13738.0,17071.0
Mouse_Thymus2,36_44,1,11438.0,17471.0
Mouse_Thymus2,4_46,4,8238.0,17671.0
Mouse_Thymus2,77_43,5,15538.0,17371.0
Mouse_Thymus2,91_28,3,16938.0,15871.0
Mouse_Thymus2,48_31,3,12638.0,16171.0
Mouse_Thymus2,109_27,3,18738.0,15771.0
Mouse_Thymus2,36_51,0,11438.0,18171.0
Mouse_Thymus2,78_13,7,15638.0,14371.0
Mouse_Thymus2,102_20,0,18038.0,15071.0
Mouse_Thymus2,29_47,1,10738.0,17771.0
Mouse_Thymus2,108_30,0,18638.0,16071.0
Mouse_Thymus2,116_59,7,19438.0,18971.0
Mouse_Thymus2,45_50,3,12338.0,18071.0
Mouse_Thymus2,108_55,9,18638.0,18571.0
Mouse_Thymus2,22_36,6,10038.0,16671.0
Mouse_Thymus2,91_40,4,16938.0,17071.0
Mouse_Thymus2,82_20,1,16038.0,15071.0
Mouse_Thymus2,84_53,0,16238.0,18371.0
Mouse_Thymus2,93_39,6,17138.0,16971.0
Mouse_Thymus2,102_43,0,18038.0,17371.0
Mouse_Thymus2,32_41,5,11038.0,17171.0
Mouse_Thymus2,92_55,3,17038.0,18571.0
Mouse_Thymus2,110_47,5,18838.0,17771.0
Mouse_Thymus2,83_22,5,16138.0,15271.0
Mouse_Thymus2,120_58,5,19838.0,18871.0
Mouse_Thymus2,108_34,5,18638.0,16471.0
Mouse_Thymus2,125_66,7,20338.0,19671.0
Mouse_Thymus2,125_70,0,20338.0,20071.0
Mouse_Thymus2,6_46,3,8438.0,17671.0
Mouse_Thymus2,84_18,1,16238.0,14871.0
Mouse_Thymus2,89_58,2,16738.0,18871.0
Mouse_Thymus2,96_52,0,17438.0,18271.0
Mouse_Thymus2,109_44,1,18738.0,17471.0
Mouse_Thymus2,97_59,0,17538.0,18971.0
Mouse_Thymus2,78_41,1,15638.0,17171.0
Mouse_Thymus2,82_12,4,16038.0,14271.0
Mouse_Thymus2,97_42,7,17538.0,17271.0
Mouse_Thymus2,77_22,1,15538.0,15271.0
Mouse_Thymus2,31_29,7,10938.0,15971.0
Mouse_Thymus2,30_48,1,10838.0,17871.0
Mouse_Thymus2,40_22,3,11838.0,15271.0
Mouse_Thymus2,95_57,2,17338.0,18771.0
Mouse_Thymus2,46_44,5,12438.0,17471.0
Mouse_Thymus2,99_59,0,17738.0,18971.0
Mouse_Thymus2,87_6,3,16538.0,13671.0
Mouse_Thymus2,51_37,5,12938.0,16771.0
Mouse_Thymus2,102_19,0,18038.0,14971.0
Mouse_Thymus2,82_51,0,16038.0,18171.0
Mouse_Thymus2,116_35,9,19438.0,16571.0
Mouse_Thymus2,96_31,7,17438.0,16171.0
Mouse_Thymus2,97_5,9,17538.0,13571.0
Mouse_Thymus2,97_51,7,17538.0,18171.0
Mouse_Thymus2,102_16,3,18038.0,14671.0
Mouse_Thymus2,5_44,0,8338.0,17471.0
Mouse_Thymus2,95_17,7,17338.0,14771.0
Mouse_Thymus2,46_26,9,12438.0,15671.0
Mouse_Thymus2,107_40,1,18538.0,17071.0
Mouse_Thymus2,96_43,0,17438.0,17371.0
Mouse_Thymus2,20_40,3,9838.0,17071.0
Mouse_Thymus2,73_42,0,15138.0,17271.0
Mouse_Thymus2,85_45,4,16338.0,17571.0
Mouse_Thymus2,109_58,3,18738.0,18871.0
Mouse_Thymus2,42_37,3,12038.0,16771.0
Mouse_Thymus2,89_50,9,16738.0,18071.0
Mouse_Thymus2,12_39,7,9038.0,16971.0
Mouse_Thymus2,104_47,0,18238.0,17771.0
Mouse_Thymus2,62_32,5,14038.0,16271.0
Mouse_Thymus2,78_22,5,15638.0,15271.0
Mouse_Thymus2,108_53,0,18638.0,18371.0
Mouse_Thymus2,42_38,5,12038.0,16871.0
Mouse_Thymus2,89_19,1,16738.0,14971.0
Mouse_Thymus2,10_44,7,8838.0,17471.0
Mouse_Thymus2,122_48,3,20038.0,17871.0
Mouse_Thymus2,67_12,3,14538.0,14271.0
Mouse_Thymus2,92_52,0,17038.0,18271.0
Mouse_Thymus2,104_46,8,18238.0,17671.0
Mouse_Thymus2,84_39,0,16238.0,16971.0
Mouse_Thymus2,93_32,0,17138.0,16271.0
Mouse_Thymus2,119_67,0,19738.0,19771.0
Mouse_Thymus2,50_40,1,12838.0,17071.0
Mouse_Thymus2,19_44,5,9738.0,17471.0
Mouse_Thymus2,106_56,3,18438.0,18671.0
Mouse_Thymus2,77_14,3,15538.0,14471.0
Mouse_Thymus2,12_44,3,9038.0,17471.0
Mouse_Thymus2,71_0,6,14938.0,13071.0
Mouse_Thymus2,55_16,0,13338.0,14671.0
Mouse_Thymus2,58_28,5,13638.0,15871.0
Mouse_Thymus2,109_47,4,18738.0,17771.0
Mouse_Thymus2,16_51,3,9438.0,18171.0
Mouse_Thymus2,108_47,5,18638.0,17771.0
Mouse_Thymus2,74_1,3,15238.0,13171.0
Mouse_Thymus2,107_42,4,18538.0,17271.0
Mouse_Thymus2,72_44,4,15038.0,17471.0
Mouse_Thymus2,74_16,4,15238.0,14671.0
Mouse_Thymus2,6_48,9,8438.0,17871.0
Mouse_Thymus2,89_12,3,16738.0,14271.0
Mouse_Thymus2,54_34,5,13238.0,16471.0
Mouse_Thymus2,100_54,0,17838.0,18471.0
Mouse_Thymus2,101_31,0,17938.0,16171.0
Mouse_Thymus2,121_63,7,19938.0,19371.0
Mouse_Thymus2,86_5,0,16438.0,13571.0
Mouse_Thymus2,25_48,1,10338.0,17871.0
Mouse_Thymus2,33_46,1,11138.0,17671.0
Mouse_Thymus2,72_16,0,15038.0,14671.0
Mouse_Thymus2,81_4,0,15938.0,13471.0
Mouse_Thymus2,84_25,0,16238.0,15571.0
Mouse_Thymus2,69_17,0,14738.0,14771.0
Mouse_Thymus2,21_54,3,9938.0,18471.0
Mouse_Thymus2,36_28,5,11438.0,15871.0
Mouse_Thymus2,47_28,1,12538.0,15871.0
Mouse_Thymus2,69_30,0,14738.0,16071.0
Mouse_Thymus2,97_19,3,17538.0,14971.0
Mouse_Thymus2,32_48,5,11038.0,17871.0
Mouse_Thymus2,103_39,1,18138.0,16971.0
Mouse_Thymus2,40_50,3,11838.0,18071.0
Mouse_Thymus2,52_43,7,13038.0,17371.0
Mouse_Thymus2,118_61,1,19638.0,19171.0
Mouse_Thymus2,72_1,3,15038.0,13171.0
Mouse_Thymus2,113_50,0,19138.0,18071.0
Mouse_Thymus2,119_42,3,19738.0,17271.0
Mouse_Thymus2,64_10,0,14238.0,14071.0
Mouse_Thymus2,98_18,8,17638.0,14871.0
Mouse_Thymus2,122_49,7,20038.0,17971.0
Mouse_Thymus2,51_28,1,12938.0,15871.0
Mouse_Thymus2,70_42,3,14838.0,17271.0
Mouse_Thymus2,104_49,9,18238.0,17971.0
Mouse_Thymus2,118_57,1,19638.0,18771.0
Mouse_Thymus2,4_43,6,8238.0,17371.0
Mouse_Thymus2,52_28,1,13038.0,15871.0
Mouse_Thymus2,46_40,5,12438.0,17071.0
Mouse_Thymus2,109_33,4,18738.0,16371.0
Mouse_Thymus2,86_53,3,16438.0,18371.0
Mouse_Thymus2,27_34,4,10538.0,16471.0
Mouse_Thymus2,53_36,3,13138.0,16671.0
Mouse_Thymus2,103_43,8,18138.0,17371.0
Mouse_Thymus2,40_38,7,11838.0,16871.0
Mouse_Thymus2,71_24,1,14938.0,15471.0
Mouse_Thymus2,58_37,1,13638.0,16771.0
Mouse_Thymus2,90_51,0,16838.0,18171.0
Mouse_Thymus2,94_39,8,17238.0,16971.0
Mouse_Thymus2,47_44,4,12538.0,17471.0
Mouse_Thymus2,107_48,4,18538.0,17871.0
Mouse_Thymus2,40_45,1,11838.0,17571.0
Mouse_Thymus2,81_43,5,15938.0,17371.0
Mouse_Thymus2,25_42,0,10338.0,17271.0
Mouse_Thymus2,104_34,1,18238.0,16471.0
Mouse_Thymus2,88_55,0,16638.0,18571.0
Mouse_Thymus2,44_19,0,12238.0,14971.0
Mouse_Thymus2,42_40,1,12038.0,17071.0
Mouse_Thymus2,81_8,0,15938.0,13871.0
Mouse_Thymus2,60_30,1,13838.0,16071.0
Mouse_Thymus2,60_21,5,13838.0,15171.0
Mouse_Thymus2,73_23,5,15138.0,15371.0
Mouse_Thymus2,50_19,7,12838.0,14971.0
Mouse_Thymus2,70_5,3,14838.0,13571.0
Mouse_Thymus2,84_23,5,16238.0,15371.0
Mouse_Thymus2,102_24,5,18038.0,15471.0
Mouse_Thymus2,100_47,0,17838.0,17771.0
Mouse_Thymus2,26_50,0,10438.0,18071.0
Mouse_Thymus2,43_35,4,12138.0,16571.0
Mouse_Thymus2,103_44,4,18138.0,17471.0
Mouse_Thymus2,103_56,0,18138.0,18671.0
Mouse_Thymus2,122_67,5,20038.0,19771.0
Mouse_Thymus2,114_40,0,19238.0,17071.0
Mouse_Thymus2,79_8,7,15738.0,13871.0
Mouse_Thymus2,109_31,0,18738.0,16171.0
Mouse_Thymus2,74_40,5,15238.0,17071.0
Mouse_Thymus2,89_13,3,16738.0,14371.0
Mouse_Thymus2,14_51,3,9238.0,18171.0
Mouse_Thymus2,40_32,3,11838.0,16271.0
Mouse_Thymus2,78_24,5,15638.0,15471.0
Mouse_Thymus2,15_45,1,9338.0,17571.0
Mouse_Thymus2,87_10,0,16538.0,14071.0
Mouse_Thymus2,112_59,0,19038.0,18971.0
Mouse_Thymus2,82_2,0,16038.0,13271.0
Mouse_Thymus2,86_4,0,16438.0,13471.0
Mouse_Thymus2,52_44,3,13038.0,17471.0
Mouse_Thymus2,88_22,1,16638.0,15271.0
Mouse_Thymus2,100_38,1,17838.0,16871.0
Mouse_Thymus2,64_34,5,14238.0,16471.0
Mouse_Thymus2,91_55,0,16938.0,18571.0
Mouse_Thymus2,92_44,0,17038.0,17471.0
Mouse_Thymus2,67_21,5,14538.0,15171.0
Mouse_Thymus2,67_41,0,14538.0,17171.0
Mouse_Thymus2,62_23,5,14038.0,15371.0
Mouse_Thymus2,61_39,7,13938.0,16971.0
Mouse_Thymus2,30_45,1,10838.0,17571.0
Mouse_Thymus2,94_14,7,17238.0,14471.0
Mouse_Thymus2,98_10,5,17638.0,14071.0
Mouse_Thymus2,86_10,7,16438.0,14071.0
Mouse_Thymus2,88_28,3,16638.0,15871.0
Mouse_Thymus2,106_29,7,18438.0,15971.0
Mouse_Thymus2,78_15,4,15638.0,14571.0
Mouse_Thymus2,87_53,0,16538.0,18371.0
Mouse_Thymus2,121_46,3,19938.0,17671.0
Mouse_Thymus2,66_11,0,14438.0,14171.0
Mouse_Thymus2,66_29,5,14438.0,15971.0
Mouse_Thymus2,37_38,4,11538.0,16871.0
Mouse_Thymus2,35_46,1,11338.0,17671.0
Mouse_Thymus2,50_17,4,12838.0,14771.0
Mouse_Thymus2,120_55,1,19838.0,18571.0
Mouse_Thymus2,26_53,4,10438.0,18371.0
Mouse_Thymus2,26_40,3,10438.0,17071.0
Mouse_Thymus2,26_44,1,10438.0,17471.0
Mouse_Thymus2,61_23,1,13938.0,15371.0
Mouse_Thymus2,80_5,0,15838.0,13571.0
Mouse_Thymus2,88_52,8,16638.0,18271.0
Mouse_Thymus2,96_7,4,17438.0,13771.0
Mouse_Thymus2,72_42,0,15038.0,17271.0
Mouse_Thymus2,115_67,6,19338.0,19771.0
Mouse_Thymus2,84_45,3,16238.0,17571.0
Mouse_Thymus2,117_59,5,19538.0,18971.0
Mouse_Thymus2,42_46,4,12038.0,17671.0
Mouse_Thymus2,101_36,5,17938.0,16671.0
Mouse_Thymus2,121_65,4,19938.0,19571.0
Mouse_Thymus2,80_2,9,15838.0,13271.0
Mouse_Thymus2,83_11,4,16138.0,14171.0
Mouse_Thymus2,94_59,3,17238.0,18971.0
Mouse_Thymus2,44_41,5,12238.0,17171.0
Mouse_Thymus2,100_20,0,17838.0,15071.0
Mouse_Thymus2,89_27,3,16738.0,15771.0
Mouse_Thymus2,115_62,3,19338.0,19271.0
Mouse_Thymus2,70_28,5,14838.0,15871.0
Mouse_Thymus2,102_15,3,18038.0,14571.0
Mouse_Thymus2,83_23,1,16138.0,15371.0
Mouse_Thymus2,71_10,9,14938.0,14071.0
Mouse_Thymus2,87_3,3,16538.0,13371.0
Mouse_Thymus2,68_27,5,14638.0,15771.0
Mouse_Thymus2,96_15,0,17438.0,14571.0
Mouse_Thymus2,74_15,3,15238.0,14571.0
Mouse_Thymus2,35_35,0,11338.0,16571.0
Mouse_Thymus2,76_44,0,15438.0,17471.0
Mouse_Thymus2,65_8,4,14338.0,13871.0
Mouse_Thymus2,97_32,1,17538.0,16271.0
Mouse_Thymus2,98_60,4,17638.0,19071.0
Mouse_Thymus2,31_50,3,10938.0,18071.0
Mouse_Thymus2,109_49,0,18738.0,17971.0
Mouse_Thymus2,58_34,5,13638.0,16471.0
Mouse_Thymus2,44_33,5,12238.0,16371.0
Mouse_Thymus2,102_50,8,18038.0,18071.0
Mouse_Thymus2,81_39,1,15938.0,16971.0
Mouse_Thymus2,27_48,5,10538.0,17871.0
Mouse_Thymus2,43_37,3,12138.0,16771.0
Mouse_Thymus2,100_33,3,17838.0,16371.0
Mouse_Thymus2,108_42,5,18638.0,17271.0
Mouse_Thymus2,119_63,0,19738.0,19371.0
Mouse_Thymus2,117_66,4,19538.0,19671.0
Mouse_Thymus2,53_44,4,13138.0,17471.0
Mouse_Thymus2,33_32,9,11138.0,16271.0
Mouse_Thymus2,70_11,0,14838.0,14171.0
Mouse_Thymus2,110_59,9,18838.0,18971.0
Mouse_Thymus2,110_54,0,18838.0,18471.0
Mouse_Thymus2,121_59,1,19938.0,18971.0
Mouse_Thymus2,93_37,7,17138.0,16771.0
Mouse_Thymus2,120_46,0,19838.0,17671.0
Mouse_Thymus2,102_44,8,18038.0,17471.0
Mouse_Thymus2,78_42,1,15638.0,17271.0
Mouse_Thymus2,79_1,4,15738.0,13171.0
Mouse_Thymus2,78_21,1,15638.0,15171.0
Mouse_Thymus2,114_61,0,19238.0,19171.0
Mouse_Thymus2,95_52,3,17338.0,18271.0
Mouse_Thymus2,45_40,1,12338.0,17071.0
Mouse_Thymus2,75_0,3,15338.0,13071.0
Mouse_Thymus2,89_34,0,16738.0,16471.0
Mouse_Thymus2,65_35,5,14338.0,16571.0
Mouse_Thymus2,49_39,1,12738.0,16971.0
Mouse_Thymus2,40_41,1,11838.0,17171.0
Mouse_Thymus2,72_22,1,15038.0,15271.0
Mouse_Thymus2,113_43,1,19138.0,17371.0
Mouse_Thymus2,24_40,0,10238.0,17071.0
Mouse_Thymus2,98_37,1,17638.0,16771.0
Mouse_Thymus2,89_17,1,16738.0,14771.0
Mouse_Thymus2,125_60,8,20338.0,19071.0
Mouse_Thymus2,56_32,5,13438.0,16271.0
Mouse_Thymus2,112_33,3,19038.0,16371.0
Mouse_Thymus2,92_12,3,17038.0,14271.0
Mouse_Thymus2,78_45,0,15638.0,17571.0
Mouse_Thymus2,93_41,8,17138.0,17171.0
Mouse_Thymus2,82_3,0,16038.0,13371.0
Mouse_Thymus2,28_50,4,10638.0,18071.0
Mouse_Thymus2,104_26,3,18238.0,15671.0
Mouse_Thymus2,87_13,5,16538.0,14371.0
Mouse_Thymus2,97_61,8,17538.0,19171.0
Mouse_Thymus2,89_29,0,16738.0,15971.0
Mouse_Thymus2,88_3,6,16638.0,13371.0
Mouse_Thymus2,85_24,5,16338.0,15471.0
Mouse_Thymus2,61_37,5,13938.0,16771.0
Mouse_Thymus2,75_21,8,15338.0,15171.0
Mouse_Thymus2,30_47,5,10838.0,17771.0
Mouse_Thymus2,53_42,3,13138.0,17271.0
Mouse_Thymus2,75_3,9,15338.0,13371.0
Mouse_Thymus2,52_15,9,13038.0,14571.0
Mouse_Thymus2,13_47,9,9138.0,17771.0
Mouse_Thymus2,43_23,0,12138.0,15371.0
Mouse_Thymus2,77_25,5,15538.0,15571.0
Mouse_Thymus2,79_24,5,15738.0,15471.0
Mouse_Thymus2,64_39,3,14238.0,16971.0
Mouse_Thymus2,102_23,3,18038.0,15371.0
Mouse_Thymus2,84_55,9,16238.0,18571.0
Mouse_Thymus2,71_4,4,14938.0,13471.0
Mouse_Thymus2,97_13,9,17538.0,14371.0
Mouse_Thymus2,51_30,3,12938.0,16071.0
Mouse_Thymus2,104_53,0,18238.0,18371.0
Mouse_Thymus2,114_60,8,19238.0,19071.0
Mouse_Thymus2,67_15,4,14538.0,14571.0
Mouse_Thymus2,83_31,0,16138.0,16171.0
Mouse_Thymus2,75_42,0,15338.0,17271.0
Mouse_Thymus2,91_56,3,16938.0,18671.0
Mouse_Thymus2,33_52,0,11138.0,18271.0
Mouse_Thymus2,96_21,1,17438.0,15171.0
Mouse_Thymus2,73_29,5,15138.0,15971.0
Mouse_Thymus2,91_51,4,16938.0,18171.0
Mouse_Thymus2,23_56,6,10138.0,18671.0
Mouse_Thymus2,107_37,1,18538.0,16771.0
Mouse_Thymus2,87_23,5,16538.0,15371.0
Mouse_Thymus2,57_15,0,13538.0,14571.0
Mouse_Thymus2,88_7,4,16638.0,13771.0
Mouse_Thymus2,69_39,3,14738.0,16971.0
Mouse_Thymus2,63_13,0,14138.0,14371.0
Mouse_Thymus2,94_57,0,17238.0,18771.0
Mouse_Thymus2,45_49,7,12338.0,17971.0
Mouse_Thymus2,74_6,0,15238.0,13671.0
Mouse_Thymus2,78_31,1,15638.0,16171.0
Mouse_Thymus2,52_19,0,13038.0,14971.0
Mouse_Thymus2,69_21,3,14738.0,15171.0
Mouse_Thymus2,78_9,9,15638.0,13971.0
Mouse_Thymus2,97_29,3,17538.0,15971.0
Mouse_Thymus2,20_41,7,9838.0,17171.0
Mouse_Thymus2,86_31,0,16438.0,16171.0
Mouse_Thymus2,101_55,0,17938.0,18571.0
Mouse_Thymus2,87_25,0,16538.0,15571.0
Mouse_Thymus2,62_25,4,14038.0,15571.0
Mouse_Thymus2,43_24,3,12138.0,15471.0
Mouse_Thymus2,69_4,3,14738.0,13471.0
Mouse_Thymus2,83_21,1,16138.0,15171.0
Mouse_Thymus2,120_48,0,19838.0,17871.0
Mouse_Thymus2,23_37,0,10138.0,16771.0
Mouse_Thymus2,97_44,0,17538.0,17471.0
Mouse_Thymus2,35_37,3,11338.0,16771.0
Mouse_Thymus2,75_20,8,15338.0,15071.0
Mouse_Thymus2,113_35,0,19138.0,16571.0
Mouse_Thymus2,53_21,9,13138.0,15171.0
Mouse_Thymus2,92_37,3,17038.0,16771.0
Mouse_Thymus2,92_40,0,17038.0,17071.0
Mouse_Thymus2,71_35,1,14938.0,16571.0
Mouse_Thymus2,83_51,0,16138.0,18171.0
Mouse_Thymus2,54_29,6,13238.0,15971.0
Mouse_Thymus2,61_13,0,13938.0,14371.0
Mouse_Thymus2,70_26,1,14838.0,15671.0
Mouse_Thymus2,34_54,3,11238.0,18471.0
Mouse_Thymus2,73_36,1,15138.0,16671.0
Mouse_Thymus2,80_11,0,15838.0,14171.0
Mouse_Thymus2,92_29,7,17038.0,15971.0
Mouse_Thymus2,109_37,1,18738.0,16771.0
Mouse_Thymus2,76_4,0,15438.0,13471.0
Mouse_Thymus2,94_11,0,17238.0,14171.0
Mouse_Thymus2,102_47,0,18038.0,17771.0
Mouse_Thymus2,92_6,3,17038.0,13671.0
Mouse_Thymus2,43_22,0,12138.0,15271.0
Mouse_Thymus2,73_9,0,15138.0,13971.0
Mouse_Thymus2,28_48,1,10638.0,17871.0
Mouse_Thymus2,119_64,0,19738.0,19471.0
Mouse_Thymus2,29_43,1,10738.0,17371.0
Mouse_Thymus2,121_47,3,19938.0,17771.0
Mouse_Thymus2,84_43,0,16238.0,17371.0
Mouse_Thymus2,94_61,6,17238.0,19171.0
Mouse_Thymus2,87_54,3,16538.0,18471.0
Mouse_Thymus2,76_14,3,15438.0,14471.0
Mouse_Thymus2,39_28,5,11738.0,15871.0
Mouse_Thymus2,16_38,4,9438.0,16871.0
Mouse_Thymus2,97_15,0,17538.0,14571.0
Mouse_Thymus2,17_54,9,9538.0,18471.0
Mouse_Thymus2,22_41,3,10038.0,17171.0
Mouse_Thymus2,91_18,5,16938.0,14871.0
Mouse_Thymus2,78_1,3,15638.0,13171.0
Mouse_Thymus2,84_54,7,16238.0,18471.0
Mouse_Thymus2,37_42,5,11538.0,17271.0
Mouse_Thymus2,91_41,9,16938.0,17171.0
Mouse_Thymus2,64_31,5,14238.0,16171.0
Mouse_Thymus2,77_40,1,15538.0,17071.0
Mouse_Thymus2,83_16,5,16138.0,14671.0
Mouse_Thymus2,7_49,6,8538.0,17971.0
Mouse_Thymus2,72_21,1,15038.0,15171.0
Mouse_Thymus2,96_23,1,17438.0,15371.0
Mouse_Thymus2,46_47,3,12438.0,17771.0
Mouse_Thymus2,73_39,1,15138.0,16971.0
Mouse_Thymus2,79_37,5,15738.0,16771.0
Mouse_Thymus2,118_53,1,19638.0,18371.0
Mouse_Thymus2,96_11,0,17438.0,14171.0
Mouse_Thymus2,48_37,5,12638.0,16771.0
Mouse_Thymus2,52_26,1,13038.0,15671.0
Mouse_Thymus2,80_30,5,15838.0,16071.0
Mouse_Thymus2,64_15,9,14238.0,14571.0
Mouse_Thymus2,48_46,3,12638.0,17671.0
Mouse_Thymus2,61_33,5,13938.0,16371.0
Mouse_Thymus2,9_43,0,8738.0,17371.0
Mouse_Thymus2,99_55,3,17738.0,18571.0
Mouse_Thymus2,22_51,3,10038.0,18171.0
Mouse_Thymus2,87_28,7,16538.0,15871.0
Mouse_Thymus2,48_42,1,12638.0,17271.0
Mouse_Thymus2,68_31,3,14638.0,16171.0
Mouse_Thymus2,67_16,0,14538.0,14671.0
Mouse_Thymus2,47_40,1,12538.0,17071.0
Mouse_Thymus2,60_11,6,13838.0,14171.0
Mouse_Thymus2,78_28,1,15638.0,15871.0
Mouse_Thymus2,77_23,1,15538.0,15371.0
Mouse_Thymus2,113_59,3,19138.0,18971.0
Mouse_Thymus2,35_53,3,11338.0,18371.0
Mouse_Thymus2,52_34,3,13038.0,16471.0
Mouse_Thymus2,28_53,3,10638.0,18371.0
Mouse_Thymus2,39_31,3,11738.0,16171.0
Mouse_Thymus2,51_41,5,12938.0,17171.0
Mouse_Thymus2,93_25,1,17138.0,15571.0
Mouse_Thymus2,14_41,7,9238.0,17171.0
Mouse_Thymus2,96_22,1,17438.0,15271.0
Mouse_Thymus2,40_24,7,11838.0,15471.0
Mouse_Thymus2,24_44,1,10238.0,17471.0
Mouse_Thymus2,83_28,1,16138.0,15871.0
Mouse_Thymus2,116_48,1,19438.0,17871.0
Mouse_Thymus2,91_11,4,16938.0,14171.0
Mouse_Thymus2,89_38,0,16738.0,16871.0
Mouse_Thymus2,72_35,5,15038.0,16571.0
Mouse_Thymus2,98_22,1,17638.0,15271.0
Mouse_Thymus2,79_46,0,15738.0,17671.0
Mouse_Thymus2,31_35,0,10938.0,16571.0
Mouse_Thymus2,99_53,0,17738.0,18371.0
Mouse_Thymus2,52_35,3,13038.0,16571.0
Mouse_Thymus2,26_56,3,10438.0,18671.0
Mouse_Thymus2,120_47,0,19838.0,17771.0
Mouse_Thymus2,59_13,0,13738.0,14371.0
Mouse_Thymus2,81_45,8,15938.0,17571.0
Mouse_Thymus2,72_13,0,15038.0,14371.0
Mouse_Thymus2,52_29,2,13038.0,15971.0
Mouse_Thymus2,81_37,5,15938.0,16771.0
Mouse_Thymus2,91_31,4,16938.0,16171.0
Mouse_Thymus2,87_49,0,16538.0,17971.0
Mouse_Thymus2,80_15,3,15838.0,14571.0
Mouse_Thymus2,97_21,1,17538.0,15171.0
Mouse_Thymus2,73_26,1,15138.0,15671.0
Mouse_Thymus2,31_44,5,10938.0,17471.0
Mouse_Thymus2,85_36,3,16338.0,16671.0
Mouse_Thymus2,85_2,0,16338.0,13271.0
Mouse_Thymus2,52_32,3,13038.0,16271.0
Mouse_Thymus2,14_48,0,9238.0,17871.0
Mouse_Thymus2,104_31,1,18238.0,16171.0
Mouse_Thymus2,87_43,3,16538.0,17371.0
Mouse_Thymus2,29_37,7,10738.0,16771.0
Mouse_Thymus2,74_36,5,15238.0,16671.0
Mouse_Thymus2,109_40,5,18738.0,17071.0
Mouse_Thymus2,27_41,7,10538.0,17171.0
Mouse_Thymus2,76_13,0,15438.0,14371.0
Mouse_Thymus2,112_41,1,19038.0,17171.0
Mouse_Thymus2,116_55,8,19438.0,18571.0
Mouse_Thymus2,66_30,7,14438.0,16071.0
Mouse_Thymus2,122_46,3,20038.0,17671.0
Mouse_Thymus2,84_26,7,16238.0,15671.0
Mouse_Thymus2,87_31,3,16538.0,16171.0
Mouse_Thymus2,60_31,5,13838.0,16171.0
Mouse_Thymus2,40_40,5,11838.0,17071.0
Mouse_Thymus2,45_20,3,12338.0,15071.0
Mouse_Thymus2,63_38,4,14138.0,16871.0
Mouse_Thymus2,98_8,7,17638.0,13871.0
Mouse_Thymus2,84_9,3,16238.0,13971.0
Mouse_Thymus2,80_16,0,15838.0,14671.0
Mouse_Thymus2,49_34,5,12738.0,16471.0
Mouse_Thymus2,80_14,0,15838.0,14471.0
Mouse_Thymus2,107_57,3,18538.0,18771.0
Mouse_Thymus2,89_7,0,16738.0,13771.0
Mouse_Thymus2,80_1,9,15838.0,13171.0
Mouse_Thymus2,24_52,7,10238.0,18271.0
Mouse_Thymus2,109_36,1,18738.0,16671.0
Mouse_Thymus2,100_45,0,17838.0,17571.0
Mouse_Thymus2,87_48,0,16538.0,17871.0
Mouse_Thymus2,105_34,1,18338.0,16471.0
Mouse_Thymus2,110_51,0,18838.0,18171.0
Mouse_Thymus2,63_12,0,14138.0,14271.0
Mouse_Thymus2,84_5,0,16238.0,13571.0
Mouse_Thymus2,36_45,1,11438.0,17571.0
Mouse_Thymus2,71_13,4,14938.0,14371.0
Mouse_Thymus2,49_33,5,12738.0,16371.0
Mouse_Thymus2,98_56,3,17638.0,18671.0
Mouse_Thymus2,95_19,3,17338.0,14971.0
Mouse_Thymus2,40_46,5,11838.0,17671.0
Mouse_Thymus2,34_45,1,11238.0,17571.0
Mouse_Thymus2,81_28,3,15938.0,15871.0
Mouse_Thymus2,103_59,6,18138.0,18971.0
Mouse_Thymus2,97_60,3,17538.0,19071.0
Mouse_Thymus2,84_27,1,16238.0,15771.0
Mouse_Thymus2,114_66,6,19238.0,19671.0
Mouse_Thymus2,11_42,0,8938.0,17271.0
Mouse_Thymus2,66_39,0,14438.0,16971.0
Mouse_Thymus2,81_12,3,15938.0,14271.0
Mouse_Thymus2,33_29,7,11138.0,15971.0
Mouse_Thymus2,103_45,8,18138.0,17571.0
Mouse_Thymus2,82_44,7,16038.0,17471.0
Mouse_Thymus2,83_3,4,16138.0,13371.0
Mouse_Thymus2,69_10,2,14738.0,14071.0
Mouse_Thymus2,90_37,0,16838.0,16771.0
Mouse_Thymus2,123_55,8,20138.0,18571.0
Mouse_Thymus2,42_20,0,12038.0,15071.0
Mouse_Thymus2,27_37,0,10538.0,16771.0
Mouse_Thymus2,88_40,3,16638.0,17071.0
Mouse_Thymus2,48_48,3,12638.0,17871.0
Mouse_Thymus2,117_62,0,19538.0,19271.0
Mouse_Thymus2,118_51,1,19638.0,18171.0
Mouse_Thymus2,38_45,5,11638.0,17571.0
Mouse_Thymus2,51_24,7,12938.0,15471.0
Mouse_Thymus2,47_48,4,12538.0,17871.0
Mouse_Thymus2,34_31,3,11238.0,16171.0
Mouse_Thymus2,40_25,3,11838.0,15571.0
Mouse_Thymus2,9_40,6,8738.0,17071.0
Mouse_Thymus2,75_31,1,15338.0,16171.0
Mouse_Thymus2,87_11,0,16538.0,14171.0
Mouse_Thymus2,13_49,0,9138.0,17971.0
Mouse_Thymus2,71_1,3,14938.0,13171.0
Mouse_Thymus2,19_37,6,9738.0,16771.0
Mouse_Thymus2,59_31,1,13738.0,16171.0
Mouse_Thymus2,81_20,1,15938.0,15071.0
Mouse_Thymus2,106_32,5,18438.0,16271.0
Mouse_Thymus2,115_35,7,19338.0,16571.0
Mouse_Thymus2,72_5,0,15038.0,13571.0
Mouse_Thymus2,98_43,4,17638.0,17371.0
Mouse_Thymus2,80_7,7,15838.0,13771.0
Mouse_Thymus2,11_44,0,8938.0,17471.0
Mouse_Thymus2,53_28,4,13138.0,15871.0
Mouse_Thymus2,91_34,9,16938.0,16471.0
Mouse_Thymus2,18_51,0,9638.0,18171.0
Mouse_Thymus2,79_51,4,15738.0,18171.0
Mouse_Thymus2,98_30,0,17638.0,16071.0
Mouse_Thymus2,86_46,0,16438.0,17671.0
Mouse_Thymus2,47_20,3,12538.0,15071.0
Mouse_Thymus2,61_24,1,13938.0,15471.0
Mouse_Thymus2,78_26,5,15638.0,15671.0
Mouse_Thymus2,120_49,7,19838.0,17971.0
Mouse_Thymus2,42_51,3,12038.0,18171.0
Mouse_Thymus2,63_19,3,14138.0,14971.0
Mouse_Thymus2,107_32,3,18538.0,16271.0
Mouse_Thymus2,44_37,3,12238.0,16771.0
Mouse_Thymus2,68_13,4,14638.0,14371.0
Mouse_Thymus2,0_46,6,7838.0,17671.0
Mouse_Thymus2,95_51,0,17338.0,18171.0
Mouse_Thymus2,72_39,1,15038.0,16971.0
Mouse_Thymus2,122_63,0,20038.0,19371.0
Mouse_Thymus2,105_45,0,18338.0,17571.0
Mouse_Thymus2,20_44,1,9838.0,17471.0
Mouse_Thymus2,41_42,1,11938.0,17271.0
Mouse_Thymus2,124_57,4,20238.0,18771.0
Mouse_Thymus2,109_34,4,18738.0,16471.0
Mouse_Thymus2,81_3,3,15938.0,13371.0
Mouse_Thymus2,89_21,1,16738.0,15171.0
Mouse_Thymus2,84_33,4,16238.0,16371.0
Mouse_Thymus2,104_24,3,18238.0,15471.0
Mouse_Thymus2,83_13,3,16138.0,14371.0
Mouse_Thymus2,22_37,0,10038.0,16771.0
Mouse_Thymus2,51_36,5,12938.0,16671.0
Mouse_Thymus2,107_35,1,18538.0,16571.0
Mouse_Thymus2,72_14,4,15038.0,14471.0
Mouse_Thymus2,87_14,5,16538.0,14471.0
Mouse_Thymus2,106_43,8,18438.0,17371.0
Mouse_Thymus2,38_44,5,11638.0,17471.0
Mouse_Thymus2,123_70,0,20138.0,20071.0
Mouse_Thymus2,110_52,0,18838.0,18271.0
Mouse_Thymus2,19_53,0,9738.0,18371.0
Mouse_Thymus2,48_38,5,12638.0,16871.0
Mouse_Thymus2,77_19,5,15538.0,14971.0
Mouse_Thymus2,93_20,5,17138.0,15071.0
Mouse_Thymus2,84_36,5,16238.0,16671.0
Mouse_Thymus2,92_25,1,17038.0,15571.0
Mouse_Thymus2,124_63,0,20238.0,19371.0
Mouse_Thymus2,70_30,3,14838.0,16071.0
Mouse_Thymus2,32_52,3,11038.0,18271.0
Mouse_Thymus2,89_6,3,16738.0,13671.0
Mouse_Thymus2,105_38,1,18338.0,16871.0
Mouse_Thymus2,77_44,5,15538.0,17471.0
Mouse_Thymus2,3_45,9,8138.0,17571.0
Mouse_Thymus2,32_55,3,11038.0,18571.0
Mouse_Thymus2,108_31,0,18638.0,16171.0
Mouse_Thymus2,94_17,9,17238.0,14771.0
Mouse_Thymus2,121_56,5,19938.0,18671.0
Mouse_Thymus2,89_45,3,16738.0,17571.0
Mouse_Thymus2,22_40,0,10038.0,17071.0
Mouse_Thymus2,96_29,8,17438.0,15971.0
Mouse_Thymus2,43_30,5,12138.0,16071.0
Mouse_Thymus2,19_54,9,9738.0,18471.0
Mouse_Thymus2,98_52,0,17638.0,18271.0
Mouse_Thymus2,80_10,0,15838.0,14071.0
Mouse_Thymus2,58_20,9,13638.0,15071.0
Mouse_Thymus2,32_28,3,11038.0,15871.0
Mouse_Thymus2,65_32,5,14338.0,16271.0
Mouse_Thymus2,102_37,5,18038.0,16771.0
Mouse_Thymus2,114_43,1,19238.0,17371.0
Mouse_Thymus2,40_27,7,11838.0,15771.0
Mouse_Thymus2,95_47,0,17338.0,17771.0
Mouse_Thymus2,110_29,7,18838.0,15971.0
Mouse_Thymus2,110_56,9,18838.0,18671.0
Mouse_Thymus2,84_48,8,16238.0,17871.0
Mouse_Thymus2,100_11,4,17838.0,14171.0
Mouse_Thymus2,60_39,0,13838.0,16971.0
Mouse_Thymus2,38_46,5,11638.0,17671.0
Mouse_Thymus2,39_44,1,11738.0,17471.0
Mouse_Thymus2,112_63,6,19038.0,19371.0
Mouse_Thymus2,112_51,0,19038.0,18171.0
Mouse_Thymus2,107_23,9,18538.0,15371.0
Mouse_Thymus2,75_4,3,15338.0,13471.0
Mouse_Thymus2,41_27,0,11938.0,15771.0
Mouse_Thymus2,34_43,5,11238.0,17371.0
Mouse_Thymus2,29_36,0,10738.0,16671.0
Mouse_Thymus2,97_12,0,17538.0,14271.0
Mouse_Thymus2,88_15,1,16638.0,14571.0
Mouse_Thymus2,87_41,0,16538.0,17171.0
Mouse_Thymus2,48_20,0,12638.0,15071.0
Mouse_Thymus2,58_12,3,13638.0,14271.0
Mouse_Thymus2,97_27,5,17538.0,15771.0
Mouse_Thymus2,79_10,3,15738.0,14071.0
Mouse_Thymus2,106_42,1,18438.0,17271.0
Mouse_Thymus2,69_9,6,14738.0,13971.0
Mouse_Thymus2,70_18,0,14838.0,14871.0
Mouse_Thymus2,89_31,9,16738.0,16171.0
Mouse_Thymus2,117_42,3,19538.0,17271.0
Mouse_Thymus2,73_19,3,15138.0,14971.0
Mouse_Thymus2,89_56,3,16738.0,18671.0
Mouse_Thymus2,95_22,5,17338.0,15271.0
Mouse_Thymus2,88_30,0,16638.0,16071.0
Mouse_Thymus2,79_16,4,15738.0,14671.0
Mouse_Thymus2,50_33,5,12838.0,16371.0
Mouse_Thymus2,112_32,3,19038.0,16271.0
Mouse_Thymus2,19_42,5,9738.0,17271.0
Mouse_Thymus2,20_54,9,9838.0,18471.0
Mouse_Thymus2,84_12,0,16238.0,14271.0
Mouse_Thymus2,105_46,3,18338.0,17671.0
Mouse_Thymus2,99_25,5,17738.0,15571.0
Mouse_Thymus2,59_23,1,13738.0,15371.0
Mouse_Thymus2,45_43,1,12338.0,17371.0
Mouse_Thymus2,114_35,0,19238.0,16571.0
Mouse_Thymus2,83_47,8,16138.0,17771.0
Mouse_Thymus2,123_56,3,20138.0,18671.0
Mouse_Thymus2,94_33,7,17238.0,16371.0
Mouse_Thymus2,93_18,5,17138.0,14871.0
Mouse_Thymus2,34_55,3,11238.0,18571.0
Mouse_Thymus2,102_28,1,18038.0,15871.0
Mouse_Thymus2,61_35,1,13938.0,16571.0
Mouse_Thymus2,95_8,0,17338.0,13871.0
Mouse_Thymus2,34_47,5,11238.0,17771.0
Mouse_Thymus2,38_28,9,11638.0,15871.0
Mouse_Thymus2,106_35,1,18438.0,16571.0
Mouse_Thymus2,42_36,4,12038.0,16671.0
Mouse_Thymus2,57_13,3,13538.0,14371.0
Mouse_Thymus2,49_40,5,12738.0,17071.0
Mouse_Thymus2,68_12,3,14638.0,14271.0
Mouse_Thymus2,27_51,5,10538.0,18171.0
Mouse_Thymus2,114_52,3,19238.0,18271.0
Mouse_Thymus2,15_42,5,9338.0,17271.0
Mouse_Thymus2,39_41,5,11738.0,17171.0
Mouse_Thymus2,98_34,5,17638.0,16471.0
Mouse_Thymus2,63_39,4,14138.0,16971.0
Mouse_Thymus2,105_36,1,18338.0,16671.0
Mouse_Thymus2,63_34,5,14138.0,16471.0
Mouse_Thymus2,27_46,5,10538.0,17671.0
Mouse_Thymus2,94_50,0,17238.0,18071.0
Mouse_Thymus2,61_19,0,13938.0,14971.0
Mouse_Thymus2,57_25,5,13538.0,15571.0
Mouse_Thymus2,103_53,0,18138.0,18371.0
Mouse_Thymus2,54_18,0,13238.0,14871.0
Mouse_Thymus2,100_46,0,17838.0,17671.0
Mouse_Thymus2,11_45,0,8938.0,17571.0
Mouse_Thymus2,42_22,0,12038.0,15271.0
Mouse_Thymus2,114_51,0,19238.0,18171.0
Mouse_Thymus2,84_37,0,16238.0,16771.0
Mouse_Thymus2,85_34,0,16338.0,16471.0
Mouse_Thymus2,55_15,2,13338.0,14571.0
Mouse_Thymus2,54_31,0,13238.0,16171.0
Mouse_Thymus2,30_32,3,10838.0,16271.0
Mouse_Thymus2,118_55,6,19638.0,18571.0
Mouse_Thymus2,34_41,5,11238.0,17171.0
Mouse_Thymus2,115_63,3,19338.0,19371.0
Mouse_Thymus2,92_24,1,17038.0,15471.0
Mouse_Thymus2,57_12,6,13538.0,14271.0
Mouse_Thymus2,45_42,5,12338.0,17271.0
Mouse_Thymus2,121_45,9,19938.0,17571.0
Mouse_Thymus2,52_33,3,13038.0,16371.0
Mouse_Thymus2,93_9,0,17138.0,13971.0
Mouse_Thymus2,95_12,0,17338.0,14271.0
Mouse_Thymus2,36_54,3,11438.0,18471.0
Mouse_Thymus2,47_39,5,12538.0,16971.0
Mouse_Thymus2,66_42,6,14438.0,17271.0
Mouse_Thymus2,95_44,0,17338.0,17471.0
Mouse_Thymus2,44_44,5,12238.0,17471.0
Mouse_Thymus2,91_29,9,16938.0,15971.0
Mouse_Thymus2,103_55,0,18138.0,18571.0
Mouse_Thymus2,42_31,5,12038.0,16171.0
Mouse_Thymus2,92_38,3,17038.0,16871.0
Mouse_Thymus2,55_29,5,13338.0,15971.0
Mouse_Thymus2,82_17,1,16038.0,14771.0
Mouse_Thymus2,53_40,0,13138.0,17071.0
Mouse_Thymus2,55_19,0,13338.0,14971.0
Mouse_Thymus2,70_1,6,14838.0,13171.0
Mouse_Thymus2,77_48,0,15538.0,17871.0
Mouse_Thymus2,16_46,1,9438.0,17671.0
Mouse_Thymus2,107_45,1,18538.0,17571.0
Mouse_Thymus2,45_34,8,12338.0,16471.0
Mouse_Thymus2,53_19,2,13138.0,14971.0
Mouse_Thymus2,59_28,1,13738.0,15871.0
Mouse_Thymus2,90_24,5,16838.0,15471.0
Mouse_Thymus2,83_8,0,16138.0,13871.0
Mouse_Thymus2,110_39,1,18838.0,16971.0
Mouse_Thymus2,75_22,8,15338.0,15271.0
Mouse_Thymus2,87_15,1,16538.0,14571.0
Mouse_Thymus2,59_30,5,13738.0,16071.0
Mouse_Thymus2,56_39,3,13438.0,16971.0
Mouse_Thymus2,28_45,1,10638.0,17571.0
Mouse_Thymus2,74_8,0,15238.0,13871.0
Mouse_Thymus2,25_41,3,10338.0,17171.0
Mouse_Thymus2,116_43,9,19438.0,17371.0
Mouse_Thymus2,75_41,5,15338.0,17171.0
Mouse_Thymus2,93_38,8,17138.0,16871.0
Mouse_Thymus2,60_17,9,13838.0,14771.0
Mouse_Thymus2,26_39,4,10438.0,16971.0
Mouse_Thymus2,111_61,3,18938.0,19171.0
Mouse_Thymus2,118_50,1,19638.0,18071.0
Mouse_Thymus2,86_44,8,16438.0,17471.0
Mouse_Thymus2,81_47,8,15938.0,17771.0
Mouse_Thymus2,71_18,7,14938.0,14871.0
Mouse_Thymus2,80_38,1,15838.0,16871.0
Mouse_Thymus2,28_56,3,10638.0,18671.0
Mouse_Thymus2,73_22,5,15138.0,15271.0
Mouse_Thymus2,22_52,3,10038.0,18271.0
Mouse_Thymus2,51_35,3,12938.0,16571.0
Mouse_Thymus2,83_24,5,16138.0,15471.0
Mouse_Thymus2,18_40,4,9638.0,17071.0
Mouse_Thymus2,21_55,9,9938.0,18571.0
Mouse_Thymus2,27_52,3,10538.0,18271.0
Mouse_Thymus2,51_26,5,12938.0,15671.0
Mouse_Thymus2,115_34,9,19338.0,16471.0
Mouse_Thymus2,80_36,1,15838.0,16671.0
Mouse_Thymus2,61_21,1,13938.0,15171.0
Mouse_Thymus2,54_25,7,13238.0,15571.0
Mouse_Thymus2,59_32,5,13738.0,16271.0
Mouse_Thymus2,46_20,0,12438.0,15071.0
Mouse_Thymus2,18_38,4,9638.0,16871.0
Mouse_Thymus2,92_51,0,17038.0,18171.0
Mouse_Thymus2,88_8,3,16638.0,13871.0
Mouse_Thymus2,7_44,9,8538.0,17471.0
Mouse_Thymus2,30_44,1,10838.0,17471.0
Mouse_Thymus2,73_34,5,15138.0,16471.0
Mouse_Thymus2,123_62,3,20138.0,19271.0
Mouse_Thymus2,19_47,1,9738.0,17771.0
Mouse_Thymus2,86_45,0,16438.0,17571.0
Mouse_Thymus2,99_16,0,17738.0,14671.0
Mouse_Thymus2,30_54,4,10838.0,18471.0
Mouse_Thymus2,64_36,5,14238.0,16671.0
Mouse_Thymus2,29_39,3,10738.0,16971.0
Mouse_Thymus2,85_1,6,16338.0,13171.0
Mouse_Thymus2,79_9,0,15738.0,13971.0
Mouse_Thymus2,30_52,3,10838.0,18271.0
Mouse_Thymus2,77_17,3,15538.0,14771.0
Mouse_Thymus2,57_14,0,13538.0,14471.0
Mouse_Thymus2,59_18,0,13738.0,14871.0
Mouse_Thymus2,79_13,0,15738.0,14371.0
Mouse_Thymus2,50_26,5,12838.0,15671.0
Mouse_Thymus2,75_48,3,15338.0,17871.0
Mouse_Thymus2,76_18,0,15438.0,14871.0
Mouse_Thymus2,77_46,0,15538.0,17671.0
Mouse_Thymus2,26_36,0,10438.0,16671.0
Mouse_Thymus2,102_21,3,18038.0,15171.0
Mouse_Thymus2,121_66,4,19938.0,19671.0
Mouse_Thymus2,104_36,1,18238.0,16671.0
Mouse_Thymus2,99_30,0,17738.0,16071.0
Mouse_Thymus2,30_34,4,10838.0,16471.0
Mouse_Thymus2,25_47,1,10338.0,17771.0
Mouse_Thymus2,63_14,8,14138.0,14471.0
Mouse_Thymus2,25_56,0,10338.0,18671.0
Mouse_Thymus2,47_16,3,12538.0,14671.0
Mouse_Thymus2,84_52,3,16238.0,18271.0
Mouse_Thymus2,83_26,3,16138.0,15671.0
Mouse_Thymus2,85_47,5,16338.0,17771.0
Mouse_Thymus2,33_50,4,11138.0,18071.0
Mouse_Thymus2,78_14,3,15638.0,14471.0
Mouse_Thymus2,55_22,9,13338.0,15271.0
Mouse_Thymus2,92_26,4,17038.0,15671.0
Mouse_Thymus2,88_34,0,16638.0,16471.0
Mouse_Thymus2,15_52,3,9338.0,18271.0
Mouse_Thymus2,58_22,9,13638.0,15271.0
Mouse_Thymus2,69_6,3,14738.0,13671.0
Mouse_Thymus2,17_42,0,9538.0,17271.0
Mouse_Thymus2,120_53,6,19838.0,18371.0
Mouse_Thymus2,79_6,0,15738.0,13671.0
Mouse_Thymus2,90_39,0,16838.0,16971.0
Mouse_Thymus2,101_30,4,17938.0,16071.0
Mouse_Thymus2,122_53,3,20038.0,18371.0
Mouse_Thymus2,2_46,9,8038.0,17671.0
Mouse_Thymus2,114_56,3,19238.0,18671.0
Mouse_Thymus2,21_50,3,9938.0,18071.0
Mouse_Thymus2,80_39,1,15838.0,16971.0
Mouse_Thymus2,62_10,3,14038.0,14071.0
Mouse_Thymus2,92_59,7,17038.0,18971.0
Mouse_Thymus2,72_30,5,15038.0,16071.0
Mouse_Thymus2,89_57,7,16738.0,18771.0
Mouse_Thymus2,116_42,4,19438.0,17271.0
Mouse_Thymus2,75_9,9,15338.0,13971.0
Mouse_Thymus2,23_47,5,10138.0,17771.0
Mouse_Thymus2,59_12,7,13738.0,14271.0
Mouse_Thymus2,85_21,1,16338.0,15171.0
Mouse_Thymus2,42_34,5,12038.0,16471.0
Mouse_Thymus2,88_46,0,16638.0,17671.0
Mouse_Thymus2,41_28,2,11938.0,15871.0
Mouse_Thymus2,51_16,0,12938.0,14671.0
Mouse_Thymus2,90_38,0,16838.0,16871.0
Mouse_Thymus2,81_17,5,15938.0,14771.0
Mouse_Thymus2,112_31,0,19038.0,16171.0
Mouse_Thymus2,100_61,3,17838.0,19171.0
Mouse_Thymus2,46_49,3,12438.0,17971.0
Mouse_Thymus2,85_10,0,16338.0,14071.0
Mouse_Thymus2,115_43,5,19338.0,17371.0
Mouse_Thymus2,25_39,3,10338.0,16971.0
Mouse_Thymus2,19_41,0,9738.0,17171.0
Mouse_Thymus2,76_30,5,15438.0,16071.0
Mouse_Thymus2,68_20,0,14638.0,15071.0
Mouse_Thymus2,109_42,1,18738.0,17271.0
Mouse_Thymus2,75_19,0,15338.0,14971.0
Mouse_Thymus2,79_39,1,15738.0,16971.0
Mouse_Thymus2,36_39,9,11438.0,16971.0
Mouse_Thymus2,61_18,0,13938.0,14871.0
Mouse_Thymus2,110_37,1,18838.0,16771.0
Mouse_Thymus2,52_14,3,13038.0,14471.0
Mouse_Thymus2,119_69,7,19738.0,19971.0
Mouse_Thymus2,39_52,7,11738.0,18271.0
Mouse_Thymus2,107_31,0,18538.0,16171.0
Mouse_Thymus2,101_52,0,17938.0,18271.0
Mouse_Thymus2,58_15,7,13638.0,14571.0
Mouse_Thymus2,85_6,9,16338.0,13671.0
Mouse_Thymus2,69_11,5,14738.0,14171.0
Mouse_Thymus2,68_22,1,14638.0,15271.0
Mouse_Thymus2,111_54,0,18938.0,18471.0
Mouse_Thymus2,93_40,0,17138.0,17071.0
Mouse_Thymus2,116_60,3,19438.0,19071.0
Mouse_Thymus2,83_38,4,16138.0,16871.0
Mouse_Thymus2,97_49,0,17538.0,17971.0
Mouse_Thymus2,78_34,1,15638.0,16471.0
Mouse_Thymus2,49_37,5,12738.0,16771.0
Mouse_Thymus2,36_50,4,11438.0,18071.0
Mouse_Thymus2,83_37,7,16138.0,16771.0
Mouse_Thymus2,69_22,1,14738.0,15271.0
Mouse_Thymus2,113_44,1,19138.0,17471.0
Mouse_Thymus2,96_40,8,17438.0,17071.0
Mouse_Thymus2,71_28,5,14938.0,15871.0
Mouse_Thymus2,95_38,8,17338.0,16871.0
Mouse_Thymus2,26_42,3,10438.0,17271.0
Mouse_Thymus2,56_43,6,13438.0,17371.0
Mouse_Thymus2,92_54,0,17038.0,18471.0
Mouse_Thymus2,97_57,3,17538.0,18771.0
Mouse_Thymus2,54_36,3,13238.0,16671.0
Mouse_Thymus2,37_32,5,11538.0,16271.0
Mouse_Thymus2,96_55,0,17438.0,18571.0
Mouse_Thymus2,33_27,0,11138.0,15771.0
Mouse_Thymus2,113_40,5,19138.0,17071.0
Mouse_Thymus2,43_39,1,12138.0,16971.0
Mouse_Thymus2,22_48,5,10038.0,17871.0
Mouse_Thymus2,55_32,5,13338.0,16271.0
Mouse_Thymus2,34_26,0,11238.0,15671.0
Mouse_Thymus2,100_17,0,17838.0,14771.0
Mouse_Thymus2,71_11,3,14938.0,14171.0
Mouse_Thymus2,99_31,2,17738.0,16171.0
Mouse_Thymus2,41_43,5,11938.0,17371.0
Mouse_Thymus2,33_48,7,11138.0,17871.0
Mouse_Thymus2,95_53,0,17338.0,18371.0
Mouse_Thymus2,30_51,0,10838.0,18171.0
Mouse_Thymus2,36_41,1,11438.0,17171.0
Mouse_Thymus2,125_62,3,20338.0,19271.0
Mouse_Thymus2,64_38,0,14238.0,16871.0
Mouse_Thymus2,39_27,5,11738.0,15771.0
Mouse_Thymus2,57_40,7,13538.0,17071.0
Mouse_Thymus2,47_22,0,12538.0,15271.0
Mouse_Thymus2,64_35,5,14238.0,16571.0
Mouse_Thymus2,49_42,5,12738.0,17271.0
Mouse_Thymus2,90_43,0,16838.0,17371.0
Mouse_Thymus2,101_42,0,17938.0,17271.0
Mouse_Thymus2,59_33,5,13738.0,16371.0
Mouse_Thymus2,56_19,0,13438.0,14971.0
Mouse_Thymus2,98_20,5,17638.0,15071.0
Mouse_Thymus2,32_37,0,11038.0,16771.0
Mouse_Thymus2,48_17,3,12638.0,14771.0
Mouse_Thymus2,79_5,0,15738.0,13571.0
Mouse_Thymus2,103_47,7,18138.0,17771.0
Mouse_Thymus2,30_56,6,10838.0,18671.0
Mouse_Thymus2,45_39,1,12338.0,16971.0
Mouse_Thymus2,118_41,4,19638.0,17171.0
Mouse_Thymus2,38_36,4,11638.0,16671.0
Mouse_Thymus2,71_40,3,14938.0,17071.0
Mouse_Thymus2,25_37,0,10338.0,16771.0
Mouse_Thymus2,102_33,3,18038.0,16371.0
Mouse_Thymus2,75_24,1,15338.0,15471.0
Mouse_Thymus2,43_47,0,12138.0,17771.0
Mouse_Thymus2,101_38,1,17938.0,16871.0
Mouse_Thymus2,113_56,0,19138.0,18671.0
Mouse_Thymus2,105_57,9,18338.0,18771.0
Mouse_Thymus2,93_47,0,17138.0,17771.0
Mouse_Thymus2,65_21,1,14338.0,15171.0
Mouse_Thymus2,53_41,7,13138.0,17171.0
Mouse_Thymus2,109_50,0,18738.0,18071.0
Mouse_Thymus2,87_40,0,16538.0,17071.0
Mouse_Thymus2,87_57,9,16538.0,18771.0
Mouse_Thymus2,38_27,5,11638.0,15771.0
Mouse_Thymus2,62_22,1,14038.0,15271.0
Mouse_Thymus2,85_5,0,16338.0,13571.0
Mouse_Thymus2,15_51,3,9338.0,18171.0
Mouse_Thymus2,114_42,1,19238.0,17271.0
Mouse_Thymus2,108_54,0,18638.0,18471.0
Mouse_Thymus2,86_56,9,16438.0,18671.0
Mouse_Thymus2,113_41,1,19138.0,17171.0
Mouse_Thymus2,8_49,2,8638.0,17971.0
Mouse_Thymus2,52_31,0,13038.0,16171.0
Mouse_Thymus2,24_51,6,10238.0,18171.0
Mouse_Thymus2,42_45,1,12038.0,17571.0
Mouse_Thymus2,49_27,5,12738.0,15771.0
Mouse_Thymus2,32_35,0,11038.0,16571.0
Mouse_Thymus2,90_31,8,16838.0,16171.0
Mouse_Thymus2,65_14,0,14338.0,14471.0
Mouse_Thymus2,85_9,0,16338.0,13971.0
Mouse_Thymus2,106_36,1,18438.0,16671.0
Mouse_Thymus2,64_9,3,14238.0,13971.0
Mouse_Thymus2,68_9,7,14638.0,13971.0
Mouse_Thymus2,45_47,3,12338.0,17771.0
Mouse_Thymus2,7_48,2,8538.0,17871.0
Mouse_Thymus2,110_55,0,18838.0,18571.0
Mouse_Thymus2,78_48,0,15638.0,17871.0
Mouse_Thymus2,19_51,4,9738.0,18171.0
Mouse_Thymus2,92_53,4,17038.0,18371.0
Mouse_Thymus2,103_54,7,18138.0,18471.0
Mouse_Thymus2,99_13,0,17738.0,14371.0
Mouse_Thymus2,56_13,3,13438.0,14371.0
Mouse_Thymus2,99_14,3,17738.0,14471.0
Mouse_Thymus2,91_57,2,16938.0,18771.0
Mouse_Thymus2,84_15,0,16238.0,14571.0
Mouse_Thymus2,66_12,0,14438.0,14271.0
Mouse_Thymus2,99_51,0,17738.0,18171.0
Mouse_Thymus2,76_31,1,15438.0,16171.0
Mouse_Thymus2,115_33,6,19338.0,16371.0
Mouse_Thymus2,41_30,5,11938.0,16071.0
Mouse_Thymus2,67_24,1,14538.0,15471.0
Mouse_Thymus2,44_39,1,12238.0,16971.0
Mouse_Thymus2,59_19,3,13738.0,14971.0
Mouse_Thymus2,99_48,8,17738.0,17871.0
Mouse_Thymus2,104_41,1,18238.0,17171.0
Mouse_Thymus2,35_52,0,11338.0,18271.0
Mouse_Thymus2,86_42,4,16438.0,17271.0
Mouse_Thymus2,69_12,0,14738.0,14271.0
Mouse_Thymus2,37_49,3,11538.0,17971.0
Mouse_Thymus2,119_54,5,19738.0,18471.0
Mouse_Thymus2,85_48,8,16338.0,17871.0
Mouse_Thymus2,32_30,3,11038.0,16071.0
Mouse_Thymus2,103_42,8,18138.0,17271.0
Mouse_Thymus2,77_47,0,15538.0,17771.0
Mouse_Thymus2,90_52,3,16838.0,18271.0
Mouse_Thymus2,7_43,3,8538.0,17371.0
Mouse_Thymus2,92_56,7,17038.0,18671.0
Mouse_Thymus2,36_26,4,11438.0,15671.0
Mouse_Thymus2,63_32,1,14138.0,16271.0
Mouse_Thymus2,16_42,8,9438.0,17271.0
Mouse_Thymus2,7_42,9,8538.0,17271.0
Mouse_Thymus2,82_40,5,16038.0,17071.0
Mouse_Thymus2,100_41,4,17838.0,17171.0
Mouse_Thymus2,78_32,1,15638.0,16271.0
Mouse_Thymus2,109_46,5,18738.0,17671.0
Mouse_Thymus2,28_35,0,10638.0,16571.0
Mouse_Thymus2,88_26,5,16638.0,15671.0
Mouse_Thymus2,41_24,3,11938.0,15471.0
Mouse_Thymus2,66_40,9,14438.0,17071.0
Mouse_Thymus2,74_25,1,15238.0,15571.0
Mouse_Thymus2,61_26,5,13938.0,15671.0
Mouse_Thymus2,83_48,0,16138.0,17871.0
Mouse_Thymus2,67_19,1,14538.0,14971.0
Mouse_Thymus2,98_24,5,17638.0,15471.0
Mouse_Thymus2,107_30,0,18538.0,16071.0
Mouse_Thymus2,100_40,5,17838.0,17071.0
Mouse_Thymus2,92_47,0,17038.0,17771.0
Mouse_Thymus2,42_29,1,12038.0,15971.0
Mouse_Thymus2,17_48,8,9538.0,17871.0
Mouse_Thymus2,109_43,5,18738.0,17371.0
Mouse_Thymus2,48_33,4,12638.0,16371.0
Mouse_Thymus2,84_38,0,16238.0,16871.0
Mouse_Thymus2,57_27,5,13538.0,15771.0
Mouse_Thymus2,66_10,8,14438.0,14071.0
Mouse_Thymus2,21_47,1,9938.0,17771.0
Mouse_Thymus2,63_10,7,14138.0,14071.0
Mouse_Thymus2,51_19,0,12938.0,14971.0
Mouse_Thymus2,71_5,4,14938.0,13571.0
Mouse_Thymus2,105_51,9,18338.0,18171.0
Mouse_Thymus2,40_43,1,11838.0,17371.0
Mouse_Thymus2,77_49,0,15538.0,17971.0
Mouse_Thymus2,104_32,1,18238.0,16271.0
Mouse_Thymus2,20_45,5,9838.0,17571.0
Mouse_Thymus2,90_15,1,16838.0,14571.0
Mouse_Thymus2,69_36,1,14738.0,16671.0
Mouse_Thymus2,69_20,3,14738.0,15071.0
Mouse_Thymus2,56_33,4,13438.0,16371.0
Mouse_Thymus2,41_51,6,11938.0,18171.0
Mouse_Thymus2,81_49,8,15938.0,17971.0
Mouse_Thymus2,99_41,5,17738.0,17171.0
Mouse_Thymus2,86_6,3,16438.0,13671.0
Mouse_Thymus2,84_6,3,16238.0,13671.0
Mouse_Thymus2,102_42,4,18038.0,17271.0
Mouse_Thymus2,75_12,0,15338.0,14271.0
Mouse_Thymus2,29_41,5,10738.0,17171.0
Mouse_Thymus2,74_47,4,15238.0,17771.0
Mouse_Thymus2,92_28,0,17038.0,15871.0
Mouse_Thymus2,98_36,1,17638.0,16671.0
Mouse_Thymus2,74_11,7,15238.0,14171.0
Mouse_Thymus2,57_39,3,13538.0,16971.0
Mouse_Thymus2,91_12,4,16938.0,14271.0
Mouse_Thymus2,69_29,3,14738.0,15971.0
Mouse_Thymus2,71_43,0,14938.0,17371.0
Mouse_Thymus2,53_39,4,13138.0,16971.0
Mouse_Thymus2,58_23,0,13638.0,15371.0
Mouse_Thymus2,125_69,4,20338.0,19971.0
Mouse_Thymus2,115_38,3,19338.0,16871.0
Mouse_Thymus2,86_40,8,16438.0,17071.0
Mouse_Thymus2,56_21,0,13438.0,15171.0
Mouse_Thymus2,123_63,3,20138.0,19371.0
Mouse_Thymus2,89_59,6,16738.0,18971.0
Mouse_Thymus2,37_27,3,11538.0,15771.0
Mouse_Thymus2,125_65,7,20338.0,19571.0
Mouse_Thymus2,70_43,3,14838.0,17371.0
Mouse_Thymus2,93_13,3,17138.0,14371.0
Mouse_Thymus2,26_55,3,10438.0,18571.0
Mouse_Thymus2,36_52,0,11438.0,18271.0
Mouse_Thymus2,67_13,0,14538.0,14371.0
Mouse_Thymus2,105_22,3,18338.0,15271.0
Mouse_Thymus2,101_59,0,17938.0,18971.0
Mouse_Thymus2,17_43,1,9538.0,17371.0
Mouse_Thymus2,86_33,0,16438.0,16371.0
Mouse_Thymus2,74_0,9,15238.0,13071.0
Mouse_Thymus2,63_31,1,14138.0,16171.0
Mouse_Thymus2,51_39,1,12938.0,16971.0
Mouse_Thymus2,44_36,3,12238.0,16671.0
Mouse_Thymus2,34_49,0,11238.0,17971.0
Mouse_Thymus2,116_46,1,19438.0,17671.0
Mouse_Thymus2,54_28,1,13238.0,15871.0
Mouse_Thymus2,84_31,0,16238.0,16171.0
Mouse_Thymus2,44_45,1,12238.0,17571.0
Mouse_Thymus2,28_44,1,10638.0,17471.0
Mouse_Thymus2,93_35,8,17138.0,16571.0
Mouse_Thymus2,73_35,5,15138.0,16571.0
Mouse_Thymus2,57_37,7,13538.0,16771.0
Mouse_Thymus2,118_49,5,19638.0,17971.0
Mouse_Thymus2,69_19,0,14738.0,14971.0
Mouse_Thymus2,77_41,1,15538.0,17171.0
Mouse_Thymus2,100_16,0,17838.0,14671.0
Mouse_Thymus2,95_61,2,17338.0,19171.0
Mouse_Thymus2,98_41,0,17638.0,17171.0
Mouse_Thymus2,98_25,1,17638.0,15571.0
Mouse_Thymus2,77_8,9,15538.0,13871.0
Mouse_Thymus2,26_38,0,10438.0,16871.0
Mouse_Thymus2,49_25,7,12738.0,15571.0
Mouse_Thymus2,110_27,0,18838.0,15771.0
Mouse_Thymus2,81_15,5,15938.0,14571.0
Mouse_Thymus2,95_50,4,17338.0,18071.0
Mouse_Thymus2,119_70,9,19738.0,20071.0
Mouse_Thymus2,100_37,1,17838.0,16771.0
Mouse_Thymus2,111_51,4,18938.0,18171.0
Mouse_Thymus2,21_41,3,9938.0,17171.0
Mouse_Thymus2,78_16,9,15638.0,14671.0
Mouse_Thymus2,116_50,5,19438.0,18071.0
Mouse_Thymus2,57_22,9,13538.0,15271.0
Mouse_Thymus2,79_14,0,15738.0,14471.0
Mouse_Thymus2,72_29,5,15038.0,15971.0
Mouse_Thymus2,93_34,4,17138.0,16471.0
Mouse_Thymus2,54_20,5,13238.0,15071.0
Mouse_Thymus2,95_11,7,17338.0,14171.0
Mouse_Thymus2,87_17,1,16538.0,14771.0
Mouse_Thymus2,74_31,5,15238.0,16171.0
Mouse_Thymus2,41_34,4,11938.0,16471.0
Mouse_Thymus2,67_31,0,14538.0,16171.0
Mouse_Thymus2,41_31,3,11938.0,16171.0
Mouse_Thymus2,49_24,0,12738.0,15471.0
Mouse_Thymus2,68_42,3,14638.0,17271.0
Mouse_Thymus2,70_3,3,14838.0,13371.0
Mouse_Thymus2,101_51,0,17938.0,18171.0
Mouse_Thymus2,84_44,3,16238.0,17471.0
Mouse_Thymus2,118_40,3,19638.0,17071.0
Mouse_Thymus2,120_51,0,19838.0,18171.0
Mouse_Thymus2,55_21,3,13338.0,15171.0
Mouse_Thymus2,99_52,3,17738.0,18271.0
Mouse_Thymus2,64_26,5,14238.0,15671.0
Mouse_Thymus2,86_30,3,16438.0,16071.0
Mouse_Thymus2,83_44,0,16138.0,17471.0
Mouse_Thymus2,50_37,5,12838.0,16771.0
Mouse_Thymus2,104_28,5,18238.0,15871.0
Mouse_Thymus2,27_33,4,10538.0,16371.0
Mouse_Thymus2,99_32,9,17738.0,16271.0
Mouse_Thymus2,57_34,1,13538.0,16471.0
Mouse_Thymus2,75_2,0,15338.0,13271.0
Mouse_Thymus2,13_46,1,9138.0,17671.0
Mouse_Thymus2,71_38,1,14938.0,16871.0
Mouse_Thymus2,121_53,3,19938.0,18371.0
Mouse_Thymus2,110_43,5,18838.0,17371.0
Mouse_Thymus2,55_41,3,13338.0,17171.0
Mouse_Thymus2,96_14,4,17438.0,14471.0
Mouse_Thymus2,105_31,1,18338.0,16171.0
Mouse_Thymus2,28_33,7,10638.0,16371.0
Mouse_Thymus2,27_44,1,10538.0,17471.0
Mouse_Thymus2,33_34,3,11138.0,16471.0
Mouse_Thymus2,93_21,0,17138.0,15171.0
Mouse_Thymus2,17_49,3,9538.0,17971.0
Mouse_Thymus2,117_37,9,19538.0,16771.0
Mouse_Thymus2,68_16,3,14638.0,14671.0
Mouse_Thymus2,78_37,1,15638.0,16771.0
Mouse_Thymus2,117_64,3,19538.0,19471.0
Mouse_Thymus2,82_26,3,16038.0,15671.0
Mouse_Thymus2,27_49,5,10538.0,17971.0
Mouse_Thymus2,90_25,1,16838.0,15571.0
Mouse_Thymus2,24_42,7,10238.0,17271.0
Mouse_Thymus2,118_39,3,19638.0,16971.0
Mouse_Thymus2,87_7,0,16538.0,13771.0
Mouse_Thymus2,56_26,5,13438.0,15671.0
Mouse_Thymus2,17_44,1,9538.0,17471.0
Mouse_Thymus2,92_15,5,17038.0,14571.0
Mouse_Thymus2,86_16,1,16438.0,14671.0
Mouse_Thymus2,65_28,3,14338.0,15871.0
Mouse_Thymus2,25_49,5,10338.0,17971.0
Mouse_Thymus2,102_26,1,18038.0,15671.0
Mouse_Thymus2,88_29,0,16638.0,15971.0
Mouse_Thymus2,98_23,5,17638.0,15371.0
Mouse_Thymus2,23_43,5,10138.0,17371.0
Mouse_Thymus2,97_30,7,17538.0,16071.0
Mouse_Thymus2,75_1,7,15338.0,13171.0
Mouse_Thymus2,120_69,0,19838.0,19971.0
Mouse_Thymus2,78_7,0,15638.0,13771.0
Mouse_Thymus2,110_41,5,18838.0,17171.0
Mouse_Thymus2,87_27,9,16538.0,15771.0
Mouse_Thymus2,106_48,0,18438.0,17871.0
Mouse_Thymus2,95_48,3,17338.0,17871.0
Mouse_Thymus2,114_63,7,19238.0,19371.0
Mouse_Thymus2,66_34,5,14438.0,16471.0
Mouse_Thymus2,89_15,1,16738.0,14571.0
Mouse_Thymus2,86_52,0,16438.0,18271.0
Mouse_Thymus2,117_50,5,19538.0,18071.0
Mouse_Thymus2,66_25,1,14438.0,15571.0
Mouse_Thymus2,124_50,6,20238.0,18071.0
Mouse_Thymus2,10_47,0,8838.0,17771.0
Mouse_Thymus2,31_28,3,10938.0,15871.0
Mouse_Thymus2,68_37,1,14638.0,16771.0
Mouse_Thymus2,72_43,3,15038.0,17371.0
Mouse_Thymus2,97_33,5,17538.0,16371.0
Mouse_Thymus2,86_7,0,16438.0,13771.0
Mouse_Thymus2,53_34,5,13138.0,16471.0
Mouse_Thymus2,54_42,3,13238.0,17271.0
Mouse_Thymus2,73_45,0,15138.0,17571.0
Mouse_Thymus2,92_9,4,17038.0,13971.0
Mouse_Thymus2,70_10,8,14838.0,14071.0
Mouse_Thymus2,87_45,0,16538.0,17571.0
Mouse_Thymus2,44_43,1,12238.0,17371.0
Mouse_Thymus2,95_45,8,17338.0,17571.0
Mouse_Thymus2,77_6,9,15538.0,13671.0
Mouse_Thymus2,83_27,5,16138.0,15771.0
Mouse_Thymus2,84_21,1,16238.0,15171.0
Mouse_Thymus2,107_38,1,18538.0,16871.0
Mouse_Thymus2,53_32,7,13138.0,16271.0
Mouse_Thymus2,34_52,0,11238.0,18271.0
Mouse_Thymus2,91_36,0,16938.0,16671.0
Mouse_Thymus2,89_39,9,16738.0,16971.0
Mouse_Thymus2,29_42,5,10738.0,17271.0
Mouse_Thymus2,68_23,1,14638.0,15371.0
Mouse_Thymus2,80_24,1,15838.0,15471.0
Mouse_Thymus2,96_19,0,17438.0,14971.0
Mouse_Thymus2,116_56,3,19438.0,18671.0
Mouse_Thymus2,70_37,1,14838.0,16771.0
Mouse_Thymus2,69_28,7,14738.0,15871.0
Mouse_Thymus2,38_41,1,11638.0,17171.0
Mouse_Thymus2,111_35,3,18938.0,16571.0
Mouse_Thymus2,101_15,0,17938.0,14571.0
Mouse_Thymus2,73_47,0,15138.0,17771.0
Mouse_Thymus2,62_36,1,14038.0,16671.0
Mouse_Thymus2,102_40,1,18038.0,17071.0
Mouse_Thymus2,101_19,0,17938.0,14971.0
Mouse_Thymus2,82_34,3,16038.0,16471.0
Mouse_Thymus2,67_11,3,14538.0,14171.0
Mouse_Thymus2,46_25,7,12438.0,15571.0
Mouse_Thymus2,117_67,0,19538.0,19771.0
Mouse_Thymus2,66_22,5,14438.0,15271.0
Mouse_Thymus2,119_44,3,19738.0,17471.0
Mouse_Thymus2,83_33,4,16138.0,16371.0
Mouse_Thymus2,74_24,1,15238.0,15471.0
Mouse_Thymus2,36_37,3,11438.0,16771.0
Mouse_Thymus2,105_20,4,18338.0,15071.0
Mouse_Thymus2,69_5,3,14738.0,13571.0
Mouse_Thymus2,92_32,8,17038.0,16271.0
Mouse_Thymus2,78_6,0,15638.0,13671.0
Mouse_Thymus2,45_17,7,12338.0,14771.0
Mouse_Thymus2,88_11,4,16638.0,14171.0
Mouse_Thymus2,31_33,3,10938.0,16371.0
Mouse_Thymus2,73_33,7,15138.0,16371.0
Mouse_Thymus2,50_38,5,12838.0,16871.0
Mouse_Thymus2,37_41,1,11538.0,17171.0
Mouse_Thymus2,31_49,8,10938.0,17971.0
Mouse_Thymus2,104_56,0,18238.0,18671.0
Mouse_Thymus2,92_42,8,17038.0,17271.0
Mouse_Thymus2,62_37,5,14038.0,16771.0
Mouse_Thymus2,92_45,3,17038.0,17571.0
Mouse_Thymus2,83_34,3,16138.0,16471.0
Mouse_Thymus2,100_26,5,17838.0,15671.0
Mouse_Thymus2,66_13,0,14438.0,14371.0
Mouse_Thymus2,59_34,1,13738.0,16471.0
Mouse_Thymus2,113_39,5,19138.0,16971.0
Mouse_Thymus2,8_48,6,8638.0,17871.0
Mouse_Thymus2,74_28,5,15238.0,15871.0
Mouse_Thymus2,67_14,7,14538.0,14471.0
Mouse_Thymus2,74_43,7,15238.0,17371.0
Mouse_Thymus2,51_25,2,12938.0,15571.0
Mouse_Thymus2,13_43,8,9138.0,17371.0
Mouse_Thymus2,73_37,1,15138.0,16771.0
Mouse_Thymus2,21_51,0,9938.0,18171.0
Mouse_Thymus2,71_27,5,14938.0,15771.0
Mouse_Thymus2,97_36,4,17538.0,16671.0
Mouse_Thymus2,102_17,3,18038.0,14771.0
Mouse_Thymus2,70_17,7,14838.0,14771.0
Mouse_Thymus2,91_26,5,16938.0,15671.0
Mouse_Thymus2,63_21,5,14138.0,15171.0
Mouse_Thymus2,101_22,5,17938.0,15271.0
Mouse_Thymus2,97_28,3,17538.0,15871.0
Mouse_Thymus2,118_63,4,19638.0,19371.0
Mouse_Thymus2,115_49,7,19338.0,17971.0
Mouse_Thymus2,46_24,3,12438.0,15471.0
Mouse_Thymus2,96_37,8,17438.0,16771.0
Mouse_Thymus2,29_51,3,10738.0,18171.0
Mouse_Thymus2,62_18,9,14038.0,14871.0
Mouse_Thymus2,88_43,3,16638.0,17371.0
Mouse_Thymus2,54_41,3,13238.0,17171.0
Mouse_Thymus2,60_13,3,13838.0,14371.0
Mouse_Thymus2,42_28,1,12038.0,15871.0
Mouse_Thymus2,36_32,5,11438.0,16271.0
Mouse_Thymus2,101_13,3,17938.0,14371.0
Mouse_Thymus2,98_61,8,17638.0,19171.0
Mouse_Thymus2,107_49,0,18538.0,17971.0
Mouse_Thymus2,76_6,3,15438.0,13671.0
Mouse_Thymus2,61_15,0,13938.0,14571.0
Mouse_Thymus2,30_26,2,10838.0,15671.0
Mouse_Thymus2,37_52,8,11538.0,18271.0
Mouse_Thymus2,97_39,4,17538.0,16971.0
Mouse_Thymus2,123_49,0,20138.0,17971.0
Mouse_Thymus2,96_25,1,17438.0,15571.0
Mouse_Thymus2,67_9,3,14538.0,13971.0
Mouse_Thymus2,33_55,4,11138.0,18571.0
Mouse_Thymus2,102_45,8,18038.0,17571.0
Mouse_Thymus2,68_39,7,14638.0,16971.0
Mouse_Thymus2,53_17,3,13138.0,14771.0
Mouse_Thymus2,45_27,1,12338.0,15771.0
Mouse_Thymus2,75_14,4,15338.0,14471.0
Mouse_Thymus2,53_29,4,13138.0,15971.0
Mouse_Thymus2,109_53,0,18738.0,18371.0
Mouse_Thymus2,45_30,1,12338.0,16071.0
Mouse_Thymus2,21_46,1,9938.0,17671.0
Mouse_Thymus2,104_22,0,18238.0,15271.0
Mouse_Thymus2,83_53,7,16138.0,18371.0
Mouse_Thymus2,116_44,5,19438.0,17471.0
Mouse_Thymus2,2_45,6,8038.0,17571.0
Mouse_Thymus2,79_34,5,15738.0,16471.0
Mouse_Thymus2,88_18,1,16638.0,14871.0
Mouse_Thymus2,19_40,0,9738.0,17071.0
Mouse_Thymus2,97_16,9,17538.0,14671.0
Mouse_Thymus2,69_25,1,14738.0,15571.0
Mouse_Thymus2,115_44,5,19338.0,17471.0
Mouse_Thymus2,65_33,5,14338.0,16371.0
Mouse_Thymus2,77_27,1,15538.0,15771.0
Mouse_Thymus2,121_60,1,19938.0,19071.0
Mouse_Thymus2,110_46,7,18838.0,17671.0
Mouse_Thymus2,75_43,0,15338.0,17371.0
Mouse_Thymus2,67_37,9,14538.0,16771.0
Mouse_Thymus2,105_24,3,18338.0,15471.0
Mouse_Thymus2,82_29,4,16038.0,15971.0
Mouse_Thymus2,74_21,8,15238.0,15171.0
Mouse_Thymus2,39_45,5,11738.0,17571.0
Mouse_Thymus2,46_27,5,12438.0,15771.0
Mouse_Thymus2,118_65,7,19638.0,19571.0
Mouse_Thymus2,81_19,1,15938.0,14971.0
Mouse_Thymus2,27_35,0,10538.0,16571.0
Mouse_Thymus2,124_70,3,20238.0,20071.0
Mouse_Thymus2,73_2,3,15138.0,13271.0
Mouse_Thymus2,93_55,4,17138.0,18571.0
Mouse_Thymus2,86_57,7,16438.0,18771.0
Mouse_Thymus2,95_46,8,17338.0,17671.0
Mouse_Thymus2,105_40,1,18338.0,17071.0
Mouse_Thymus2,38_25,3,11638.0,15571.0
Mouse_Thymus2,61_12,0,13938.0,14271.0
Mouse_Thymus2,57_17,3,13538.0,14771.0
Mouse_Thymus2,55_43,3,13338.0,17371.0
Mouse_Thymus2,45_26,3,12338.0,15671.0
Mouse_Thymus2,78_33,1,15638.0,16371.0
Mouse_Thymus2,33_31,3,11138.0,16171.0
Mouse_Thymus2,117_61,3,19538.0,19171.0
Mouse_Thymus2,61_22,1,13938.0,15271.0
Mouse_Thymus2,70_7,0,14838.0,13771.0
Mouse_Thymus2,99_18,0,17738.0,14871.0
Mouse_Thymus2,41_29,0,11938.0,15971.0
Mouse_Thymus2,119_40,2,19738.0,17071.0
Mouse_Thymus2,95_55,0,17338.0,18571.0
Mouse_Thymus2,59_21,7,13738.0,15171.0
Mouse_Thymus2,101_23,5,17938.0,15371.0
Mouse_Thymus2,99_49,8,17738.0,17971.0
Mouse_Thymus2,120_63,4,19838.0,19371.0
Mouse_Thymus2,40_42,1,11838.0,17271.0
Mouse_Thymus2,18_46,1,9638.0,17671.0
Mouse_Thymus2,101_29,5,17938.0,15971.0
Mouse_Thymus2,115_37,0,19338.0,16771.0
Mouse_Thymus2,77_35,1,15538.0,16571.0
Mouse_Thymus2,27_43,1,10538.0,17371.0
Mouse_Thymus2,23_46,1,10138.0,17671.0
Mouse_Thymus2,47_38,1,12538.0,16871.0
Mouse_Thymus2,55_26,4,13338.0,15671.0
Mouse_Thymus2,124_64,3,20238.0,19471.0
Mouse_Thymus2,88_48,0,16638.0,17871.0
Mouse_Thymus2,99_54,7,17738.0,18471.0
Mouse_Thymus2,113_42,1,19138.0,17271.0
Mouse_Thymus2,84_29,5,16238.0,15971.0
Mouse_Thymus2,15_38,6,9338.0,16871.0
Mouse_Thymus2,66_19,5,14438.0,14971.0
Mouse_Thymus2,50_31,4,12838.0,16171.0
Mouse_Thymus2,7_47,3,8538.0,17771.0
Mouse_Thymus2,107_50,3,18538.0,18071.0
Mouse_Thymus2,67_27,5,14538.0,15771.0
Mouse_Thymus2,88_47,7,16638.0,17771.0
Mouse_Thymus2,41_32,3,11938.0,16271.0
Mouse_Thymus2,112_45,1,19038.0,17571.0
Mouse_Thymus2,117_35,6,19538.0,16571.0
Mouse_Thymus2,25_46,5,10338.0,17671.0
Mouse_Thymus2,81_22,5,15938.0,15271.0
Mouse_Thymus2,44_21,0,12238.0,15171.0
Mouse_Thymus2,18_44,5,9638.0,17471.0
Mouse_Thymus2,55_37,3,13338.0,16771.0
Mouse_Thymus2,89_49,0,16738.0,17971.0
Mouse_Thymus2,71_6,0,14938.0,13671.0
Mouse_Thymus2,86_54,0,16438.0,18471.0
Mouse_Thymus2,97_43,0,17538.0,17371.0
Mouse_Thymus2,43_34,3,12138.0,16471.0
Mouse_Thymus2,52_39,1,13038.0,16971.0
Mouse_Thymus2,120_41,9,19838.0,17171.0
Mouse_Thymus2,74_32,5,15238.0,16271.0
Mouse_Thymus2,120_59,5,19838.0,18971.0
Mouse_Thymus2,95_24,1,17338.0,15471.0
Mouse_Thymus2,95_29,9,17338.0,15971.0
Mouse_Thymus2,90_53,0,16838.0,18371.0
Mouse_Thymus2,114_59,0,19238.0,18971.0
Mouse_Thymus2,124_53,2,20238.0,18371.0
Mouse_Thymus2,14_46,1,9238.0,17671.0
Mouse_Thymus2,91_14,0,16938.0,14471.0
Mouse_Thymus2,45_36,3,12338.0,16671.0
Mouse_Thymus2,101_14,3,17938.0,14471.0
Mouse_Thymus2,35_48,5,11338.0,17871.0
Mouse_Thymus2,110_33,3,18838.0,16371.0
Mouse_Thymus2,42_42,5,12038.0,17271.0
Mouse_Thymus2,87_18,1,16538.0,14871.0
Mouse_Thymus2,108_51,4,18638.0,18171.0
Mouse_Thymus2,94_48,0,17238.0,17871.0
Mouse_Thymus2,60_26,1,13838.0,15671.0
Mouse_Thymus2,7_46,0,8538.0,17671.0
Mouse_Thymus2,30_33,2,10838.0,16371.0
Mouse_Thymus2,77_7,3,15538.0,13771.0
Mouse_Thymus2,54_32,5,13238.0,16271.0
Mouse_Thymus2,38_54,7,11638.0,18471.0
Mouse_Thymus2,83_32,3,16138.0,16271.0
Mouse_Thymus2,123_54,4,20138.0,18471.0
Mouse_Thymus2,88_16,1,16638.0,14671.0
Mouse_Thymus2,99_11,5,17738.0,14171.0
Mouse_Thymus2,24_39,0,10238.0,16971.0
Mouse_Thymus2,26_52,0,10438.0,18271.0
Mouse_Thymus2,45_23,3,12338.0,15371.0
Mouse_Thymus2,66_38,0,14438.0,16871.0
Mouse_Thymus2,44_46,1,12238.0,17671.0
Mouse_Thymus2,52_36,3,13038.0,16671.0
Mouse_Thymus2,107_51,4,18538.0,18171.0
Mouse_Thymus2,40_33,3,11838.0,16371.0
Mouse_Thymus2,32_45,1,11038.0,17571.0
Mouse_Thymus2,19_39,3,9738.0,16971.0
Mouse_Thymus2,93_17,5,17138.0,14771.0
Mouse_Thymus2,28_41,5,10638.0,17171.0
Mouse_Thymus2,81_1,3,15938.0,13171.0
Mouse_Thymus2,81_30,0,15938.0,16071.0
Mouse_Thymus2,101_46,8,17938.0,17671.0
Mouse_Thymus2,25_54,0,10338.0,18471.0
Mouse_Thymus2,93_12,3,17138.0,14271.0
Mouse_Thymus2,86_9,3,16438.0,13971.0
Mouse_Thymus2,31_34,7,10938.0,16471.0
Mouse_Thymus2,54_24,0,13238.0,15471.0
Mouse_Thymus2,81_42,1,15938.0,17271.0
Mouse_Thymus2,101_60,3,17938.0,19071.0
Mouse_Thymus2,55_13,3,13338.0,14371.0
Mouse_Thymus2,47_49,3,12538.0,17971.0
Mouse_Thymus2,96_20,5,17438.0,15071.0
Mouse_Thymus2,112_43,5,19038.0,17371.0
Mouse_Thymus2,92_50,9,17038.0,18071.0
Mouse_Thymus2,86_14,7,16438.0,14471.0
Mouse_Thymus2,107_55,9,18538.0,18571.0
Mouse_Thymus2,68_26,5,14638.0,15671.0
Mouse_Thymus2,31_26,9,10938.0,15671.0
Mouse_Thymus2,94_16,0,17238.0,14671.0
Mouse_Thymus2,106_51,3,18438.0,18171.0
Mouse_Thymus2,101_48,4,17938.0,17871.0
Mouse_Thymus2,35_40,5,11338.0,17071.0
Mouse_Thymus2,99_28,4,17738.0,15871.0
Mouse_Thymus2,74_48,3,15238.0,17871.0
Mouse_Thymus2,116_51,5,19438.0,18171.0
Mouse_Thymus2,113_45,1,19138.0,17571.0
Mouse_Thymus2,80_50,0,15838.0,18071.0
Mouse_Thymus2,60_25,1,13838.0,15571.0
Mouse_Thymus2,57_38,4,13538.0,16871.0
Mouse_Thymus2,80_43,1,15838.0,17371.0
Mouse_Thymus2,112_44,1,19038.0,17471.0
Mouse_Thymus2,90_17,1,16838.0,14771.0
Mouse_Thymus2,94_36,0,17238.0,16671.0
Mouse_Thymus2,78_29,1,15638.0,15971.0
Mouse_Thymus2,93_42,8,17138.0,17271.0
Mouse_Thymus2,4_45,4,8238.0,17571.0
Mouse_Thymus2,8_47,7,8638.0,17771.0
Mouse_Thymus2,103_34,5,18138.0,16471.0
Mouse_Thymus2,101_24,1,17938.0,15471.0
Mouse_Thymus2,78_23,1,15638.0,15371.0
Mouse_Thymus2,36_40,5,11438.0,17071.0
Mouse_Thymus2,52_42,0,13038.0,17271.0
Mouse_Thymus2,28_38,3,10638.0,16871.0
Mouse_Thymus2,90_12,3,16838.0,14271.0
Mouse_Thymus2,80_40,1,15838.0,17071.0
Mouse_Thymus2,30_43,1,10838.0,17371.0
Mouse_Thymus2,89_48,0,16738.0,17871.0
Mouse_Thymus2,102_41,1,18038.0,17171.0
Mouse_Thymus2,89_46,0,16738.0,17671.0
Mouse_Thymus2,57_23,0,13538.0,15371.0
Mouse_Thymus2,58_40,0,13638.0,17071.0
Mouse_Thymus2,94_9,0,17238.0,13971.0
Mouse_Thymus2,18_39,0,9638.0,16971.0
Mouse_Thymus2,103_36,5,18138.0,16671.0
Mouse_Thymus2,109_52,0,18738.0,18271.0
Mouse_Thymus2,41_36,3,11938.0,16671.0
Mouse_Thymus2,58_36,5,13638.0,16671.0
Mouse_Thymus2,85_35,3,16338.0,16571.0
Mouse_Thymus2,91_59,9,16938.0,18971.0
Mouse_Thymus2,99_10,5,17738.0,14071.0
Mouse_Thymus2,28_37,0,10638.0,16771.0
Mouse_Thymus2,38_26,0,11638.0,15671.0
Mouse_Thymus2,113_36,7,19138.0,16671.0
Mouse_Thymus2,83_19,1,16138.0,14971.0
Mouse_Thymus2,84_47,7,16238.0,17771.0
Mouse_Thymus2,87_47,8,16538.0,17771.0
Mouse_Thymus2,119_52,1,19738.0,18271.0
Mouse_Thymus2,28_31,6,10638.0,16171.0
Mouse_Thymus2,85_32,3,16338.0,16271.0
Mouse_Thymus2,71_3,3,14938.0,13371.0
Mouse_Thymus2,76_28,1,15438.0,15871.0
Mouse_Thymus2,74_3,0,15238.0,13371.0
Mouse_Thymus2,40_30,5,11838.0,16071.0
Mouse_Thymus2,84_51,8,16238.0,18171.0
Mouse_Thymus2,90_27,0,16838.0,15771.0
Mouse_Thymus2,98_35,1,17638.0,16571.0
Mouse_Thymus2,85_41,3,16338.0,17171.0
Mouse_Thymus2,105_27,0,18338.0,15771.0
Mouse_Thymus2,68_19,3,14638.0,14971.0
Mouse_Thymus2,103_20,0,18138.0,15071.0
Mouse_Thymus2,79_35,1,15738.0,16571.0
Mouse_Thymus2,90_32,0,16838.0,16271.0
Mouse_Thymus2,97_24,5,17538.0,15471.0
Mouse_Thymus2,97_26,5,17538.0,15671.0
Mouse_Thymus2,48_44,3,12638.0,17471.0
Mouse_Thymus2,78_51,3,15638.0,18171.0
Mouse_Thymus2,37_25,3,11538.0,15571.0
Mouse_Thymus2,113_52,0,19138.0,18271.0
Mouse_Thymus2,80_45,0,15838.0,17571.0
Mouse_Thymus2,64_37,5,14238.0,16771.0
Mouse_Thymus2,85_26,8,16338.0,15671.0
Mouse_Thymus2,10_49,7,8838.0,17971.0
Mouse_Thymus2,91_30,7,16938.0,16071.0
Mouse_Thymus2,113_53,0,19138.0,18371.0
Mouse_Thymus2,104_58,6,18238.0,18871.0
Mouse_Thymus2,71_15,0,14938.0,14571.0
Mouse_Thymus2,76_21,1,15438.0,15171.0
Mouse_Thymus2,15_40,3,9338.0,17071.0
Mouse_Thymus2,53_33,3,13138.0,16371.0
Mouse_Thymus2,82_10,3,16038.0,14071.0
Mouse_Thymus2,39_30,5,11738.0,16071.0
Mouse_Thymus2,113_49,5,19138.0,17971.0
Mouse_Thymus2,90_45,0,16838.0,17571.0
Mouse_Thymus2,16_45,5,9438.0,17571.0
Mouse_Thymus2,93_54,3,17138.0,18471.0
Mouse_Thymus2,31_52,3,10938.0,18271.0
Mouse_Thymus2,35_50,3,11338.0,18071.0
Mouse_Thymus2,99_26,5,17738.0,15671.0
Mouse_Thymus2,42_43,1,12038.0,17371.0
Mouse_Thymus2,31_30,4,10938.0,16071.0
Mouse_Thymus2,9_48,3,8738.0,17871.0
Mouse_Thymus2,90_18,1,16838.0,14871.0
Mouse_Thymus2,56_35,5,13438.0,16571.0
Mouse_Thymus2,38_23,3,11638.0,15371.0
Mouse_Thymus2,27_53,3,10538.0,18371.0
Mouse_Thymus2,114_47,2,19238.0,17771.0
Mouse_Thymus2,107_46,5,18538.0,17671.0
Mouse_Thymus2,97_45,0,17538.0,17571.0
Mouse_Thymus2,27_45,5,10538.0,17571.0
Mouse_Thymus2,98_51,3,17638.0,18171.0
Mouse_Thymus2,76_27,5,15438.0,15771.0
Mouse_Thymus2,70_4,3,14838.0,13471.0
Mouse_Thymus2,51_43,0,12938.0,17371.0
Mouse_Thymus2,55_30,4,13338.0,16071.0
Mouse_Thymus2,120_54,5,19838.0,18471.0
Mouse_Thymus2,87_38,0,16538.0,16871.0
Mouse_Thymus2,68_33,6,14638.0,16371.0
Mouse_Thymus2,120_40,6,19838.0,17071.0
Mouse_Thymus2,123_68,3,20138.0,19871.0
Mouse_Thymus2,65_27,5,14338.0,15771.0
Mouse_Thymus2,57_20,9,13538.0,15071.0
Mouse_Thymus2,37_47,5,11538.0,17771.0
Mouse_Thymus2,39_43,5,11738.0,17371.0
Mouse_Thymus2,103_33,5,18138.0,16371.0
Mouse_Thymus2,53_43,7,13138.0,17371.0
Mouse_Thymus2,5_42,6,8338.0,17271.0
Mouse_Thymus2,126_69,3,20438.0,19971.0
Mouse_Thymus2,79_32,1,15738.0,16271.0
Mouse_Thymus2,69_14,0,14738.0,14471.0
Mouse_Thymus2,80_49,3,15838.0,17971.0
Mouse_Thymus2,86_2,4,16438.0,13271.0
Mouse_Thymus2,81_50,6,15938.0,18071.0
Mouse_Thymus2,106_41,5,18438.0,17171.0
Mouse_Thymus2,87_8,3,16538.0,13871.0
Mouse_Thymus2,121_43,2,19938.0,17371.0
Mouse_Thymus2,122_64,4,20038.0,19471.0
Mouse_Thymus2,57_28,5,13538.0,15871.0
Mouse_Thymus2,109_38,1,18738.0,16871.0
Mouse_Thymus2,104_33,1,18238.0,16371.0
Mouse_Thymus2,102_53,7,18038.0,18371.0
Mouse_Thymus2,100_28,5,17838.0,15871.0
Mouse_Thymus2,42_23,0,12038.0,15371.0
Mouse_Thymus2,106_34,1,18438.0,16471.0
Mouse_Thymus2,111_47,1,18938.0,17771.0
Mouse_Thymus2,102_35,5,18038.0,16571.0
Mouse_Thymus2,70_23,1,14838.0,15371.0
Mouse_Thymus2,54_43,3,13238.0,17371.0
Mouse_Thymus2,50_24,3,12838.0,15471.0
Mouse_Thymus2,77_26,1,15538.0,15671.0
Mouse_Thymus2,76_42,5,15438.0,17271.0
Mouse_Thymus2,78_44,9,15638.0,17471.0
Mouse_Thymus2,68_41,3,14638.0,17171.0
Mouse_Thymus2,101_61,3,17938.0,19171.0
Mouse_Thymus2,77_37,5,15538.0,16771.0
Mouse_Thymus2,22_50,3,10038.0,18071.0
Mouse_Thymus2,42_25,0,12038.0,15571.0
Mouse_Thymus2,115_36,7,19338.0,16671.0
Mouse_Thymus2,46_37,1,12438.0,16771.0
Mouse_Thymus2,90_35,8,16838.0,16571.0
Mouse_Thymus2,85_40,7,16338.0,17071.0
Mouse_Thymus2,48_45,3,12638.0,17571.0
Mouse_Thymus2,121_54,3,19938.0,18471.0
Mouse_Thymus2,117_53,5,19538.0,18371.0
Mouse_Thymus2,22_38,4,10038.0,16871.0
Mouse_Thymus2,20_53,3,9838.0,18371.0
Mouse_Thymus2,123_66,5,20138.0,19671.0
Mouse_Thymus2,85_17,1,16338.0,14771.0
Mouse_Thymus2,88_6,0,16638.0,13671.0
Mouse_Thymus2,100_56,0,17838.0,18671.0
Mouse_Thymus2,57_24,4,13538.0,15471.0
Mouse_Thymus2,79_23,1,15738.0,15371.0
Mouse_Thymus2,71_33,7,14938.0,16371.0
Mouse_Thymus2,49_16,7,12738.0,14671.0
Mouse_Thymus2,99_19,7,17738.0,14971.0
Mouse_Thymus2,75_44,4,15338.0,17471.0
Mouse_Thymus2,68_6,3,14638.0,13671.0
Mouse_Thymus2,61_36,1,13938.0,16671.0
Mouse_Thymus2,56_27,1,13438.0,15771.0
Mouse_Thymus2,43_44,5,12138.0,17471.0
Mouse_Thymus2,88_12,8,16638.0,14271.0
Mouse_Thymus2,73_40,5,15138.0,17071.0
Mouse_Thymus2,85_42,3,16338.0,17271.0
Mouse_Thymus2,35_55,7,11338.0,18571.0
Mouse_Thymus2,111_44,5,18938.0,17471.0
Mouse_Thymus2,65_30,5,14338.0,16071.0
Mouse_Thymus2,44_26,3,12238.0,15671.0
Mouse_Thymus2,70_6,3,14838.0,13671.0
Mouse_Thymus2,12_46,3,9038.0,17671.0
Mouse_Thymus2,37_29,4,11538.0,15971.0
Mouse_Thymus2,80_3,9,15838.0,13371.0
Mouse_Thymus2,46_32,7,12438.0,16271.0
Mouse_Thymus2,36_35,3,11438.0,16571.0
Mouse_Thymus2,97_52,3,17538.0,18271.0
Mouse_Thymus2,102_14,6,18038.0,14471.0
Mouse_Thymus2,94_47,0,17238.0,17771.0
Mouse_Thymus2,72_8,7,15038.0,13871.0
Mouse_Thymus2,41_45,1,11938.0,17571.0
Mouse_Thymus2,87_5,7,16538.0,13571.0
Mouse_Thymus2,89_47,0,16738.0,17771.0
Mouse_Thymus2,81_26,0,15938.0,15671.0
Mouse_Thymus2,79_0,9,15738.0,13071.0
Mouse_Thymus2,89_51,0,16738.0,18171.0
Mouse_Thymus2,100_36,1,17838.0,16671.0
Mouse_Thymus2,86_20,1,16438.0,15071.0
Mouse_Thymus2,119_58,5,19738.0,18871.0
Mouse_Thymus2,121_51,3,19938.0,18171.0
Mouse_Thymus2,100_18,3,17838.0,14871.0
Mouse_Thymus2,46_19,0,12438.0,14971.0
Mouse_Thymus2,104_50,7,18238.0,18071.0
Mouse_Thymus2,105_56,9,18338.0,18671.0
Mouse_Thymus2,102_58,0,18038.0,18871.0
Mouse_Thymus2,94_6,4,17238.0,13671.0
Mouse_Thymus2,85_13,3,16338.0,14371.0
Mouse_Thymus2,111_57,0,18938.0,18771.0
Mouse_Thymus2,88_17,1,16638.0,14771.0
Mouse_Thymus2,100_44,0,17838.0,17471.0
Mouse_Thymus2,21_48,6,9938.0,17871.0
Mouse_Thymus2,101_25,1,17938.0,15571.0
Mouse_Thymus2,59_15,0,13738.0,14571.0
Mouse_Thymus2,22_45,1,10038.0,17571.0
Mouse_Thymus2,24_36,4,10238.0,16671.0
Mouse_Thymus2,118_62,8,19638.0,19271.0
Mouse_Thymus2,99_38,1,17738.0,16871.0
Mouse_Thymus2,53_27,5,13138.0,15771.0
Mouse_Thymus2,53_22,3,13138.0,15271.0
Mouse_Thymus2,93_31,0,17138.0,16171.0
Mouse_Thymus2,35_34,3,11338.0,16471.0
Mouse_Thymus2,52_25,5,13038.0,15571.0
Mouse_Thymus2,11_49,3,8938.0,17971.0
Mouse_Thymus2,81_32,0,15938.0,16271.0
Mouse_Thymus2,117_69,6,19538.0,19971.0
Mouse_Thymus2,74_20,8,15238.0,15071.0
Mouse_Thymus2,74_13,9,15238.0,14371.0
Mouse_Thymus2,31_54,0,10938.0,18471.0
Mouse_Thymus2,32_25,4,11038.0,15571.0
Mouse_Thymus2,51_44,7,12938.0,17471.0
Mouse_Thymus2,90_14,5,16838.0,14471.0
Mouse_Thymus2,98_13,0,17638.0,14371.0
Mouse_Thymus2,71_7,0,14938.0,13771.0
Mouse_Thymus2,125_71,3,20338.0,20171.0
Mouse_Thymus2,105_41,1,18338.0,17171.0
Mouse_Thymus2,89_28,3,16738.0,15871.0
Mouse_Thymus2,100_59,0,17838.0,18971.0
Mouse_Thymus2,116_67,6,19438.0,19771.0
Mouse_Thymus2,96_46,8,17438.0,17671.0
Mouse_Thymus2,92_7,9,17038.0,13771.0
Mouse_Thymus2,115_39,0,19338.0,16971.0
Mouse_Thymus2,63_37,3,14138.0,16771.0
Mouse_Thymus2,33_49,9,11138.0,17971.0
Mouse_Thymus2,85_27,5,16338.0,15771.0
Mouse_Thymus2,60_14,9,13838.0,14471.0
Mouse_Thymus2,82_31,0,16038.0,16171.0
Mouse_Thymus2,106_38,1,18438.0,16871.0
Mouse_Thymus2,85_54,6,16338.0,18471.0
Mouse_Thymus2,66_27,4,14438.0,15771.0
Mouse_Thymus2,72_4,3,15038.0,13471.0
Mouse_Thymus2,80_9,0,15838.0,13971.0
Mouse_Thymus2,76_32,1,15438.0,16271.0
Mouse_Thymus2,64_33,5,14238.0,16371.0
Mouse_Thymus2,91_52,3,16938.0,18271.0
Mouse_Thymus2,93_51,0,17138.0,18171.0
Mouse_Thymus2,96_18,6,17438.0,14871.0
Mouse_Thymus2,48_22,8,12638.0,15271.0
Mouse_Thymus2,83_35,3,16138.0,16571.0
Mouse_Thymus2,98_33,5,17638.0,16371.0
Mouse_Thymus2,83_14,9,16138.0,14471.0
Mouse_Thymus2,102_32,3,18038.0,16271.0
Mouse_Thymus2,94_45,8,17238.0,17571.0
Mouse_Thymus2,67_10,0,14538.0,14071.0
Mouse_Thymus2,104_54,0,18238.0,18471.0
Mouse_Thymus2,38_29,7,11638.0,15971.0
Mouse_Thymus2,49_17,0,12738.0,14771.0
Mouse_Thymus2,100_50,0,17838.0,18071.0
Mouse_Thymus2,93_49,0,17138.0,17971.0
Mouse_Thymus2,99_12,4,17738.0,14271.0
Mouse_Thymus2,82_4,0,16038.0,13471.0
Mouse_Thymus2,41_25,4,11938.0,15571.0
Mouse_Thymus2,112_39,1,19038.0,16971.0
Mouse_Thymus2,119_39,9,19738.0,16971.0
Mouse_Thymus2,34_51,7,11238.0,18171.0
Mouse_Thymus2,37_31,8,11538.0,16171.0
Mouse_Thymus2,114_39,0,19238.0,16971.0
Mouse_Thymus2,94_25,1,17238.0,15571.0
Mouse_Thymus2,31_27,0,10938.0,15771.0
Mouse_Thymus2,89_42,0,16738.0,17271.0
Mouse_Thymus2,16_40,7,9438.0,17071.0
Mouse_Thymus2,69_27,5,14738.0,15771.0
Mouse_Thymus2,76_37,1,15438.0,16771.0
Mouse_Thymus2,106_37,1,18438.0,16771.0
Mouse_Thymus2,70_2,0,14838.0,13271.0
Mouse_Thymus2,74_39,1,15238.0,16971.0
Mouse_Thymus2,75_47,0,15338.0,17771.0
Mouse_Thymus2,50_28,5,12838.0,15871.0
Mouse_Thymus2,122_72,3,20038.0,20271.0
Mouse_Thymus2,22_47,5,10038.0,17771.0
Mouse_Thymus2,82_30,7,16038.0,16071.0
Mouse_Thymus2,78_19,5,15638.0,14971.0
Mouse_Thymus2,92_41,0,17038.0,17171.0
Mouse_Thymus2,120_66,4,19838.0,19671.0
Mouse_Thymus2,81_36,3,15938.0,16671.0
Mouse_Thymus2,71_30,0,14938.0,16071.0
Mouse_Thymus2,114_57,0,19238.0,18771.0
Mouse_Thymus2,26_48,1,10438.0,17871.0
Mouse_Thymus2,90_20,1,16838.0,15071.0
Mouse_Thymus2,91_32,0,16938.0,16271.0
Mouse_Thymus2,107_22,9,18538.0,15271.0
Mouse_Thymus2,17_51,0,9538.0,18171.0
Mouse_Thymus2,36_25,3,11438.0,15571.0
Mouse_Thymus2,14_49,3,9238.0,17971.0
Mouse_Thymus2,96_59,0,17438.0,18971.0
Mouse_Thymus2,125_63,4,20338.0,19371.0
Mouse_Thymus2,84_14,5,16238.0,14471.0
Mouse_Thymus2,92_18,5,17038.0,14871.0
Mouse_Thymus2,80_42,1,15838.0,17271.0
Mouse_Thymus2,77_13,3,15538.0,14371.0
Mouse_Thymus2,24_50,3,10238.0,18071.0
Mouse_Thymus2,72_2,0,15038.0,13271.0
Mouse_Thymus2,62_21,1,14038.0,15171.0
Mouse_Thymus2,68_17,4,14638.0,14771.0
Mouse_Thymus2,16_41,3,9438.0,17171.0
Mouse_Thymus2,90_22,1,16838.0,15271.0
Mouse_Thymus2,101_32,0,17938.0,16271.0
Mouse_Thymus2,8_46,3,8638.0,17671.0
Mouse_Thymus2,59_25,1,13738.0,15571.0
Mouse_Thymus2,72_12,4,15038.0,14271.0
Mouse_Thymus2,67_42,3,14538.0,17271.0
Mouse_Thymus2,125_58,6,20338.0,18871.0
Mouse_Thymus2,86_37,0,16438.0,16771.0
Mouse_Thymus2,33_42,5,11138.0,17271.0
Mouse_Thymus2,23_52,7,10138.0,18271.0
Mouse_Thymus2,61_30,5,13938.0,16071.0
Mouse_Thymus2,100_15,3,17838.0,14571.0
Mouse_Thymus2,54_40,4,13238.0,17071.0
Mouse_Thymus2,78_0,3,15638.0,13071.0
Mouse_Thymus2,79_12,3,15738.0,14271.0
Mouse_Thymus2,45_37,7,12338.0,16771.0
Mouse_Thymus2,23_42,3,10138.0,17271.0
Mouse_Thymus2,95_60,3,17338.0,19071.0
Mouse_Thymus2,31_53,4,10938.0,18371.0
Mouse_Thymus2,62_33,5,14038.0,16371.0
Mouse_Thymus2,65_36,9,14338.0,16671.0
Mouse_Thymus2,23_36,3,10138.0,16671.0
Mouse_Thymus2,96_10,0,17438.0,14071.0
Mouse_Thymus2,122_55,3,20038.0,18571.0
Mouse_Thymus2,106_23,3,18438.0,15371.0
Mouse_Thymus2,38_52,3,11638.0,18271.0
Mouse_Thymus2,89_11,3,16738.0,14171.0
Mouse_Thymus2,74_2,7,15238.0,13271.0
Mouse_Thymus2,83_46,0,16138.0,17671.0
Mouse_Thymus2,72_37,1,15038.0,16771.0
Mouse_Thymus2,110_45,5,18838.0,17571.0
Mouse_Thymus2,87_12,5,16538.0,14271.0
Mouse_Thymus2,91_16,1,16938.0,14671.0
Mouse_Thymus2,73_27,1,15138.0,15771.0
Mouse_Thymus2,90_41,0,16838.0,17171.0
Mouse_Thymus2,49_43,9,12738.0,17371.0
Mouse_Thymus2,47_17,7,12538.0,14771.0
Mouse_Thymus2,40_37,0,11838.0,16771.0
Mouse_Thymus2,98_19,5,17638.0,14971.0
Mouse_Thymus2,114_55,3,19238.0,18571.0
Mouse_Thymus2,96_26,5,17438.0,15671.0
Mouse_Thymus2,20_43,1,9838.0,17371.0
Mouse_Thymus2,68_15,3,14638.0,14571.0
Mouse_Thymus2,59_37,5,13738.0,16771.0
Mouse_Thymus2,107_44,7,18538.0,17471.0
Mouse_Thymus2,64_20,5,14238.0,15071.0
Mouse_Thymus2,31_55,3,10938.0,18571.0
Mouse_Thymus2,90_21,5,16838.0,15171.0
Mouse_Thymus2,32_44,1,11038.0,17471.0
Mouse_Thymus2,95_43,0,17338.0,17371.0
Mouse_Thymus2,87_39,0,16538.0,16971.0
Mouse_Thymus2,60_28,1,13838.0,15871.0
Mouse_Thymus2,35_51,0,11338.0,18171.0
Mouse_Thymus2,17_47,5,9538.0,17771.0
Mouse_Thymus2,15_49,3,9338.0,17971.0
Mouse_Thymus2,75_38,1,15338.0,16871.0
Mouse_Thymus2,56_29,1,13438.0,15971.0
Mouse_Thymus2,30_35,3,10838.0,16571.0
Mouse_Thymus2,117_54,7,19538.0,18471.0
Mouse_Thymus2,99_44,6,17738.0,17471.0
Mouse_Thymus2,27_54,3,10538.0,18471.0
Mouse_Thymus2,69_3,8,14738.0,13371.0
Mouse_Thymus2,115_53,3,19338.0,18371.0
Mouse_Thymus2,64_25,5,14238.0,15571.0
Mouse_Thymus2,64_19,5,14238.0,14971.0
Mouse_Thymus2,89_24,5,16738.0,15471.0
Mouse_Thymus2,82_21,1,16038.0,15171.0
Mouse_Thymus2,111_34,0,18938.0,16471.0
Mouse_Thymus2,35_41,5,11338.0,17171.0
Mouse_Thymus2,72_26,5,15038.0,15671.0
Mouse_Thymus2,36_34,3,11438.0,16471.0
Mouse_Thymus2,19_48,9,9738.0,17871.0
Mouse_Thymus2,94_26,5,17238.0,15671.0
Mouse_Thymus2,23_49,0,10138.0,17971.0
Mouse_Thymus2,72_45,3,15038.0,17571.0
Mouse_Thymus2,45_33,3,12338.0,16371.0
Mouse_Thymus2,100_52,0,17838.0,18271.0
Mouse_Thymus2,105_50,3,18338.0,18071.0
Mouse_Thymus2,12_51,3,9038.0,18171.0
Mouse_Thymus2,88_38,9,16638.0,16871.0
Mouse_Thymus2,41_49,3,11938.0,17971.0
Mouse_Thymus2,97_11,0,17538.0,14171.0
Mouse_Thymus2,93_27,5,17138.0,15771.0
Mouse_Thymus2,95_10,3,17338.0,14071.0
Mouse_Thymus2,47_36,5,12538.0,16671.0
Mouse_Thymus2,45_48,0,12338.0,17871.0
Mouse_Thymus2,74_22,8,15238.0,15271.0
Mouse_Thymus2,38_34,3,11638.0,16471.0
Mouse_Thymus2,37_36,0,11538.0,16671.0
Mouse_Thymus2,84_7,3,16238.0,13771.0
Mouse_Thymus2,97_56,7,17538.0,18671.0
Mouse_Thymus2,39_53,7,11738.0,18371.0
Mouse_Thymus2,102_39,1,18038.0,16971.0
Mouse_Thymus2,118_68,3,19638.0,19871.0
Mouse_Thymus2,101_45,8,17938.0,17571.0
Mouse_Thymus2,38_32,5,11638.0,16271.0
Mouse_Thymus2,125_59,3,20338.0,18971.0
Mouse_Thymus2,56_42,3,13438.0,17271.0
Mouse_Thymus2,44_24,3,12238.0,15471.0
Mouse_Thymus2,111_58,9,18938.0,18871.0
Mouse_Thymus2,103_38,1,18138.0,16871.0
Mouse_Thymus2,80_44,1,15838.0,17471.0
Mouse_Thymus2,103_27,1,18138.0,15771.0
Mouse_Thymus2,84_19,1,16238.0,14971.0
Mouse_Thymus2,98_39,0,17638.0,16971.0
Mouse_Thymus2,94_51,0,17238.0,18171.0
Mouse_Thymus2,51_40,5,12938.0,17071.0
Mouse_Thymus2,85_55,9,16338.0,18571.0
Mouse_Thymus2,56_31,5,13438.0,16171.0
Mouse_Thymus2,85_38,0,16338.0,16871.0
Mouse_Thymus2,77_31,1,15538.0,16171.0
Mouse_Thymus2,40_23,3,11838.0,15371.0
Mouse_Thymus2,101_37,5,17938.0,16771.0
Mouse_Thymus2,102_56,0,18038.0,18671.0
Mouse_Thymus2,72_17,9,15038.0,14771.0
Mouse_Thymus2,100_32,7,17838.0,16271.0
Mouse_Thymus2,73_4,0,15138.0,13471.0
Mouse_Thymus2,83_2,3,16138.0,13271.0
Mouse_Thymus2,80_12,3,15838.0,14271.0
Mouse_Thymus2,39_36,3,11738.0,16671.0
Mouse_Thymus2,99_60,4,17738.0,19071.0
Mouse_Thymus2,37_23,6,11538.0,15371.0
Mouse_Thymus2,76_41,5,15438.0,17171.0
Mouse_Thymus2,74_45,0,15238.0,17571.0
Mouse_Thymus2,71_21,1,14938.0,15171.0
Mouse_Thymus2,40_21,0,11838.0,15171.0
Mouse_Thymus2,77_33,1,15538.0,16371.0
Mouse_Thymus2,79_7,7,15738.0,13771.0
Mouse_Thymus2,48_36,3,12638.0,16671.0
Mouse_Thymus2,120_65,0,19838.0,19571.0
Mouse_Thymus2,106_21,4,18438.0,15171.0
Mouse_Thymus2,117_68,6,19538.0,19871.0
Mouse_Thymus2,86_19,1,16438.0,14971.0
Mouse_Thymus2,76_45,9,15438.0,17571.0
Mouse_Thymus2,86_48,2,16438.0,17871.0
Mouse_Thymus2,94_60,3,17238.0,19071.0
Mouse_Thymus2,46_48,0,12438.0,17871.0
Mouse_Thymus2,119_50,9,19738.0,18071.0
Mouse_Thymus2,44_40,1,12238.0,17071.0
Mouse_Thymus2,29_35,7,10738.0,16571.0
Mouse_Thymus2,44_30,1,12238.0,16071.0
Mouse_Thymus2,117_49,1,19538.0,17971.0
Mouse_Thymus2,67_20,5,14538.0,15071.0
Mouse_Thymus2,95_54,3,17338.0,18471.0
Mouse_Thymus2,80_21,1,15838.0,15171.0
Mouse_Thymus2,39_48,7,11738.0,17871.0
Mouse_Thymus2,89_55,4,16738.0,18571.0
Mouse_Thymus2,82_49,0,16038.0,17971.0
Mouse_Thymus2,77_20,1,15538.0,15071.0
Mouse_Thymus2,36_30,8,11438.0,16071.0
Mouse_Thymus2,55_31,3,13338.0,16171.0
Mouse_Thymus2,95_25,5,17338.0,15571.0
Mouse_Thymus2,48_49,6,12638.0,17971.0
Mouse_Thymus2,77_30,5,15538.0,16071.0
Mouse_Thymus2,47_47,0,12538.0,17771.0
Mouse_Thymus2,23_44,1,10138.0,17471.0
Mouse_Thymus2,85_43,0,16338.0,17371.0
Mouse_Thymus2,102_46,8,18038.0,17671.0
Mouse_Thymus2,78_30,5,15638.0,16071.0
Mouse_Thymus2,37_33,3,11538.0,16371.0
Mouse_Thymus2,65_22,5,14338.0,15271.0
Mouse_Thymus2,74_10,0,15238.0,14071.0
Mouse_Thymus2,117_47,1,19538.0,17771.0
Mouse_Thymus2,86_24,0,16438.0,15471.0
Mouse_Thymus2,91_33,0,16938.0,16371.0
Mouse_Thymus2,54_37,5,13238.0,16771.0
Mouse_Thymus2,80_0,9,15838.0,13071.0
Mouse_Thymus2,83_49,4,16138.0,17971.0
Mouse_Thymus2,92_23,1,17038.0,15371.0
Mouse_Thymus2,120_52,0,19838.0,18271.0
Mouse_Thymus2,31_51,0,10938.0,18171.0
Mouse_Thymus2,47_35,5,12538.0,16571.0
Mouse_Thymus2,122_47,3,20038.0,17771.0
Mouse_Thymus2,68_25,5,14638.0,15571.0
Mouse_Thymus2,62_38,0,14038.0,16871.0
Mouse_Thymus2,64_24,1,14238.0,15471.0
Mouse_Thymus2,22_44,1,10038.0,17471.0
Mouse_Thymus2,54_23,5,13238.0,15371.0
Mouse_Thymus2,53_35,5,13138.0,16571.0
Mouse_Thymus2,89_16,5,16738.0,14671.0
Mouse_Thymus2,108_36,1,18638.0,16671.0
Mouse_Thymus2,109_48,0,18738.0,17871.0
Mouse_Thymus2,67_35,1,14538.0,16571.0
Mouse_Thymus2,70_35,1,14838.0,16571.0
Mouse_Thymus2,82_19,1,16038.0,14971.0
Mouse_Thymus2,79_38,1,15738.0,16871.0
Mouse_Thymus2,121_49,3,19938.0,17971.0
Mouse_Thymus2,100_48,0,17838.0,17871.0
Mouse_Thymus2,115_50,3,19338.0,18071.0
Mouse_Thymus2,116_39,3,19438.0,16971.0
Mouse_Thymus2,73_30,1,15138.0,16071.0
Mouse_Thymus2,46_39,5,12438.0,16971.0
Mouse_Thymus2,85_12,5,16338.0,14271.0
Mouse_Thymus2,65_37,5,14338.0,16771.0
Mouse_Thymus2,88_35,3,16638.0,16571.0
Mouse_Thymus2,90_13,4,16838.0,14371.0
Mouse_Thymus2,120_50,0,19838.0,18071.0
Mouse_Thymus2,119_43,4,19738.0,17371.0
Mouse_Thymus2,109_28,3,18738.0,15871.0
Mouse_Thymus2,88_5,0,16638.0,13571.0
Mouse_Thymus2,35_30,3,11338.0,16071.0
Mouse_Thymus2,68_21,3,14638.0,15171.0
Mouse_Thymus2,74_33,5,15238.0,16371.0
Mouse_Thymus2,28_40,3,10638.0,17071.0
Mouse_Thymus2,35_49,3,11338.0,17971.0
Mouse_Thymus2,38_51,3,11638.0,18171.0
Mouse_Thymus2,59_17,0,13738.0,14771.0
Mouse_Thymus2,79_41,1,15738.0,17171.0
Mouse_Thymus2,69_42,3,14738.0,17271.0
Mouse_Thymus2,18_37,7,9638.0,16771.0
Mouse_Thymus2,99_22,1,17738.0,15271.0
Mouse_Thymus2,84_13,4,16238.0,14371.0
Mouse_Thymus2,31_38,7,10938.0,16871.0
Mouse_Thymus2,94_49,2,17238.0,17971.0
Mouse_Thymus2,123_50,9,20138.0,18071.0
Mouse_Thymus2,105_29,0,18338.0,15971.0
Mouse_Thymus2,33_45,5,11138.0,17571.0
Mouse_Thymus2,111_39,1,18938.0,16971.0
Mouse_Thymus2,27_42,5,10538.0,17271.0
Mouse_Thymus2,110_53,0,18838.0,18371.0
Mouse_Thymus2,75_35,1,15338.0,16571.0
Mouse_Thymus2,101_41,5,17938.0,17171.0
Mouse_Thymus2,97_50,4,17538.0,18071.0
Mouse_Thymus2,100_29,7,17838.0,15971.0
Mouse_Thymus2,24_38,0,10238.0,16871.0
Mouse_Thymus2,85_23,9,16338.0,15371.0
Mouse_Thymus2,113_61,3,19138.0,19171.0
Mouse_Thymus2,103_30,1,18138.0,16071.0
Mouse_Thymus2,90_54,0,16838.0,18471.0
Mouse_Thymus2,83_54,3,16138.0,18471.0
Mouse_Thymus2,114_58,0,19238.0,18871.0
Mouse_Thymus2,98_49,0,17638.0,17971.0
Mouse_Thymus2,7_45,5,8538.0,17571.0
Mouse_Thymus2,77_45,0,15538.0,17571.0
Mouse_Thymus2,85_56,9,16338.0,18671.0
Mouse_Thymus2,118_56,5,19638.0,18671.0
Mouse_Thymus2,57_21,6,13538.0,15171.0
Mouse_Thymus2,103_21,0,18138.0,15171.0
Mouse_Thymus2,62_26,5,14038.0,15671.0
Mouse_Thymus2,77_21,1,15538.0,15171.0
Mouse_Thymus2,34_28,0,11238.0,15871.0
Mouse_Thymus2,109_41,5,18738.0,17171.0
Mouse_Thymus2,33_38,3,11138.0,16871.0
Mouse_Thymus2,43_38,5,12138.0,16871.0
Mouse_Thymus2,120_44,4,19838.0,17471.0
Mouse_Thymus2,96_30,8,17438.0,16071.0
Mouse_Thymus2,118_70,0,19638.0,20071.0
Mouse_Thymus2,82_18,1,16038.0,14871.0
Mouse_Thymus2,62_14,0,14038.0,14471.0
Mouse_Thymus2,117_39,0,19538.0,16971.0
Mouse_Thymus2,123_52,0,20138.0,18271.0
Mouse_Thymus2,100_31,3,17838.0,16171.0
Mouse_Thymus2,24_53,0,10238.0,18371.0
Mouse_Thymus2,75_8,0,15338.0,13871.0
Mouse_Thymus2,60_27,1,13838.0,15771.0
Mouse_Thymus2,85_39,7,16338.0,16971.0
Mouse_Thymus2,121_50,0,19938.0,18071.0
Mouse_Thymus2,121_67,6,19938.0,19771.0
Mouse_Thymus2,70_19,0,14838.0,14971.0
Mouse_Thymus2,118_45,4,19638.0,17571.0
Mouse_Thymus2,67_36,5,14538.0,16671.0
Mouse_Thymus2,109_35,5,18738.0,16571.0
Mouse_Thymus2,65_13,0,14338.0,14371.0
Mouse_Thymus2,74_9,0,15238.0,13971.0
Mouse_Thymus2,41_50,0,11938.0,18071.0
Mouse_Thymus2,11_40,9,8938.0,17071.0
Mouse_Thymus2,39_26,1,11738.0,15671.0
Mouse_Thymus2,90_36,0,16838.0,16671.0
Mouse_Thymus2,30_29,3,10838.0,15971.0
Mouse_Thymus2,94_35,0,17238.0,16571.0
Mouse_Thymus2,57_31,5,13538.0,16171.0
Mouse_Thymus2,104_37,1,18238.0,16771.0
Mouse_Thymus2,21_49,3,9938.0,17971.0
Mouse_Thymus2,89_33,3,16738.0,16371.0
Mouse_Thymus2,108_45,1,18638.0,17571.0
Mouse_Thymus2,86_50,0,16438.0,18071.0
Mouse_Thymus2,94_56,3,17238.0,18671.0
Mouse_Thymus2,76_20,8,15438.0,15071.0
Mouse_Thymus2,64_32,5,14238.0,16271.0
Mouse_Thymus2,80_31,5,15838.0,16171.0
Mouse_Thymus2,89_53,7,16738.0,18371.0
Mouse_Thymus2,103_40,1,18138.0,17071.0
Mouse_Thymus2,121_72,9,19938.0,20271.0
Mouse_Thymus2,86_25,3,16438.0,15571.0
Mouse_Thymus2,113_54,0,19138.0,18471.0
Mouse_Thymus2,94_40,0,17238.0,17071.0
Mouse_Thymus2,117_58,5,19538.0,18871.0
Mouse_Thymus2,105_28,0,18338.0,15871.0
Mouse_Thymus2,99_8,9,17738.0,13871.0
Mouse_Thymus2,19_43,1,9738.0,17371.0
Mouse_Thymus2,65_40,0,14338.0,17071.0
Mouse_Thymus2,35_36,3,11338.0,16671.0
Mouse_Thymus2,54_39,7,13238.0,16971.0
Mouse_Thymus2,38_35,0,11638.0,16571.0
Mouse_Thymus2,13_41,3,9138.0,17171.0
Mouse_Thymus2,48_27,1,12638.0,15771.0
Mouse_Thymus2,79_15,0,15738.0,14571.0
Mouse_Thymus2,116_63,3,19438.0,19371.0
Mouse_Thymus2,60_19,3,13838.0,14971.0
Mouse_Thymus2,79_33,5,15738.0,16371.0
Mouse_Thymus2,18_53,4,9638.0,18371.0
Mouse_Thymus2,77_2,4,15538.0,13271.0
Mouse_Thymus2,71_22,1,14938.0,15271.0
Mouse_Thymus2,72_24,1,15038.0,15471.0
Mouse_Thymus2,79_28,1,15738.0,15871.0
Mouse_Thymus2,81_27,0,15938.0,15771.0
Mouse_Thymus2,52_21,4,13038.0,15171.0
Mouse_Thymus2,54_15,0,13238.0,14571.0
Mouse_Thymus2,49_15,9,12738.0,14571.0
Mouse_Thymus2,105_37,1,18338.0,16771.0
Mouse_Thymus2,83_10,0,16138.0,14071.0
Mouse_Thymus2,26_49,5,10438.0,17971.0
Mouse_Thymus2,50_27,5,12838.0,15771.0
Mouse_Thymus2,58_25,5,13638.0,15571.0
Mouse_Thymus2,30_53,3,10838.0,18371.0
Mouse_Thymus2,47_42,5,12538.0,17271.0
Mouse_Thymus2,84_2,3,16238.0,13271.0
Mouse_Thymus2,38_37,0,11638.0,16771.0
Mouse_Thymus2,64_16,3,14238.0,14671.0
Mouse_Thymus2,69_13,0,14738.0,14371.0
Mouse_Thymus2,76_39,1,15438.0,16971.0
Mouse_Thymus2,44_50,4,12238.0,18071.0
Mouse_Thymus2,105_53,4,18338.0,18371.0
Mouse_Thymus2,34_40,3,11238.0,17071.0
Mouse_Thymus2,42_49,0,12038.0,17971.0
Mouse_Thymus2,108_49,0,18638.0,17971.0
Mouse_Thymus2,108_44,1,18638.0,17471.0
Mouse_Thymus2,27_40,3,10538.0,17071.0
Mouse_Thymus2,46_41,5,12438.0,17171.0
Mouse_Thymus2,108_56,0,18638.0,18671.0
Mouse_Thymus2,96_56,3,17438.0,18671.0
Mouse_Thymus2,121_52,4,19938.0,18271.0
Mouse_Thymus2,50_15,7,12838.0,14571.0
Mouse_Thymus2,76_3,4,15438.0,13371.0
Mouse_Thymus2,90_28,7,16838.0,15871.0
Mouse_Thymus2,85_22,1,16338.0,15271.0
Mouse_Thymus2,62_34,5,14038.0,16471.0
Mouse_Thymus2,65_34,5,14338.0,16471.0
Mouse_Thymus2,96_5,4,17438.0,13571.0
Mouse_Thymus2,99_47,0,17738.0,17771.0
Mouse_Thymus2,123_53,0,20138.0,18371.0
Mouse_Thymus2,86_26,0,16438.0,15671.0
Mouse_Thymus2,77_24,5,15538.0,15471.0
Mouse_Thymus2,45_25,3,12338.0,15571.0
Mouse_Thymus2,107_53,0,18538.0,18371.0
Mouse_Thymus2,43_29,1,12138.0,15971.0
Mouse_Thymus2,36_36,0,11438.0,16671.0
Mouse_Thymus2,27_32,6,10538.0,16271.0
Mouse_Thymus2,49_29,1,12738.0,15971.0
Mouse_Thymus2,91_53,3,16938.0,18371.0
Mouse_Thymus2,119_41,7,19738.0,17171.0
Mouse_Thymus2,85_52,0,16338.0,18271.0
Mouse_Thymus2,72_23,1,15038.0,15371.0
Mouse_Thymus2,111_56,9,18938.0,18671.0
Mouse_Thymus2,93_52,3,17138.0,18271.0
Mouse_Thymus2,112_42,1,19038.0,17271.0
Mouse_Thymus2,113_46,5,19138.0,17671.0
Mouse_Thymus2,54_21,3,13238.0,15171.0
Mouse_Thymus2,67_30,4,14538.0,16071.0
Mouse_Thymus2,89_36,0,16738.0,16671.0
Mouse_Thymus2,58_16,0,13638.0,14671.0
Mouse_Thymus2,82_14,0,16038.0,14471.0
Mouse_Thymus2,15_39,0,9338.0,16971.0
Mouse_Thymus2,88_24,5,16638.0,15471.0
Mouse_Thymus2,91_54,0,16938.0,18471.0
Mouse_Thymus2,76_1,3,15438.0,13171.0
Mouse_Thymus2,58_38,3,13638.0,16871.0
Mouse_Thymus2,35_42,5,11338.0,17271.0
Mouse_Thymus2,99_61,4,17738.0,19171.0
Mouse_Thymus2,60_15,9,13838.0,14571.0
Mouse_Thymus2,59_26,1,13738.0,15671.0
Mouse_Thymus2,70_9,8,14838.0,13971.0
Mouse_Thymus2,100_43,0,17838.0,17371.0
Mouse_Thymus2,25_50,3,10338.0,18071.0
Mouse_Thymus2,50_23,7,12838.0,15371.0
Mouse_Thymus2,57_30,5,13538.0,16071.0
Mouse_Thymus2,51_18,0,12938.0,14871.0
Mouse_Thymus2,58_14,6,13638.0,14471.0
Mouse_Thymus2,56_23,9,13438.0,15371.0
Mouse_Thymus2,99_17,7,17738.0,14771.0
Mouse_Thymus2,86_34,9,16438.0,16471.0
Mouse_Thymus2,116_64,3,19438.0,19471.0
Mouse_Thymus2,31_43,5,10938.0,17371.0
Mouse_Thymus2,53_15,9,13138.0,14571.0
Mouse_Thymus2,113_32,9,19138.0,16271.0
Mouse_Thymus2,19_38,3,9738.0,16871.0
Mouse_Thymus2,38_24,0,11638.0,15471.0
Mouse_Thymus2,14_44,1,9238.0,17471.0
Mouse_Thymus2,102_25,5,18038.0,15571.0
Mouse_Thymus2,101_47,8,17938.0,17771.0
Mouse_Thymus2,92_16,1,17038.0,14671.0
Mouse_Thymus2,90_8,0,16838.0,13871.0
Mouse_Thymus2,16_39,3,9438.0,16971.0
Mouse_Thymus2,88_41,0,16638.0,17171.0
Mouse_Thymus2,124_65,7,20238.0,19571.0
Mouse_Thymus2,101_16,0,17938.0,14671.0
Mouse_Thymus2,103_58,3,18138.0,18871.0
Mouse_Thymus2,121_69,3,19938.0,19971.0
Mouse_Thymus2,16_43,1,9438.0,17371.0
Mouse_Thymus2,91_58,3,16938.0,18871.0
Mouse_Thymus2,37_44,1,11538.0,17471.0
Mouse_Thymus2,64_12,0,14238.0,14271.0
Mouse_Thymus2,95_20,7,17338.0,15071.0
Mouse_Thymus2,50_36,5,12838.0,16671.0
Mouse_Thymus2,68_38,5,14638.0,16871.0
Mouse_Thymus2,77_38,1,15538.0,16871.0
Mouse_Thymus2,98_54,3,17638.0,18471.0
Mouse_Thymus2,63_22,5,14138.0,15271.0
Mouse_Thymus2,99_57,4,17738.0,18771.0
Mouse_Thymus2,98_58,0,17638.0,18871.0
Mouse_Thymus2,118_52,1,19638.0,18271.0
Mouse_Thymus2,50_30,3,12838.0,16071.0
Mouse_Thymus2,32_27,3,11038.0,15771.0
Mouse_Thymus2,18_54,9,9638.0,18471.0
Mouse_Thymus2,65_15,8,14338.0,14571.0
Mouse_Thymus2,101_27,5,17938.0,15771.0
Mouse_Thymus2,75_49,3,15338.0,17971.0
Mouse_Thymus2,77_32,1,15538.0,16271.0
Mouse_Thymus2,74_30,1,15238.0,16071.0
Mouse_Thymus2,21_38,7,9938.0,16871.0
Mouse_Thymus2,87_30,3,16538.0,16071.0
Mouse_Thymus2,117_51,1,19538.0,18171.0
Mouse_Thymus2,43_49,3,12138.0,17971.0
Mouse_Thymus2,116_40,3,19438.0,17071.0
Mouse_Thymus2,92_35,7,17038.0,16571.0
Mouse_Thymus2,68_10,4,14638.0,14071.0
Mouse_Thymus2,112_56,9,19038.0,18671.0
Mouse_Thymus2,90_42,2,16838.0,17271.0
Mouse_Thymus2,59_35,5,13738.0,16571.0
Mouse_Thymus2,44_35,3,12238.0,16571.0
Mouse_Thymus2,96_50,0,17438.0,18071.0
Mouse_Thymus2,73_25,1,15138.0,15571.0
Mouse_Thymus2,111_37,5,18938.0,16771.0
Mouse_Thymus2,80_4,0,15838.0,13471.0
Mouse_Thymus2,93_48,7,17138.0,17871.0
Mouse_Thymus2,41_52,3,11938.0,18271.0
Mouse_Thymus2,17_46,1,9538.0,17671.0
Mouse_Thymus2,58_29,5,13638.0,15971.0
Mouse_Thymus2,60_33,5,13838.0,16371.0
Mouse_Thymus2,68_29,9,14638.0,15971.0
Mouse_Thymus2,51_31,3,12938.0,16171.0
Mouse_Thymus2,67_18,5,14538.0,14871.0
Mouse_Thymus2,6_44,3,8438.0,17471.0
Mouse_Thymus2,114_36,3,19238.0,16671.0
Mouse_Thymus2,38_50,3,11638.0,18071.0
Mouse_Thymus2,5_47,9,8338.0,17771.0
Mouse_Thymus2,58_41,3,13638.0,17171.0
Mouse_Thymus2,102_22,4,18038.0,15271.0
Mouse_Thymus2,80_26,5,15838.0,15671.0
Mouse_Thymus2,107_52,0,18538.0,18271.0
Mouse_Thymus2,93_45,0,17138.0,17571.0
Mouse_Thymus2,91_35,0,16938.0,16571.0
Mouse_Thymus2,68_8,0,14638.0,13871.0
Mouse_Thymus2,101_43,0,17938.0,17371.0
Mouse_Thymus2,102_55,0,18038.0,18571.0
Mouse_Thymus2,67_29,0,14538.0,15971.0
Mouse_Thymus2,62_24,5,14038.0,15471.0
Mouse_Thymus2,45_45,5,12338.0,17571.0
Mouse_Thymus2,26_45,5,10438.0,17571.0
Mouse_Thymus2,115_61,0,19338.0,19171.0
Mouse_Thymus2,96_49,0,17438.0,17971.0
Mouse_Thymus2,96_58,7,17438.0,18871.0
Mouse_Thymus2,71_39,5,14938.0,16971.0
Mouse_Thymus2,82_9,6,16038.0,13971.0
Mouse_Thymus2,126_70,6,20438.0,20071.0
Mouse_Thymus2,29_55,0,10738.0,18571.0
Mouse_Thymus2,51_34,5,12938.0,16471.0
Mouse_Thymus2,52_40,5,13038.0,17071.0
Mouse_Thymus2,38_48,0,11638.0,17871.0
Mouse_Thymus2,10_50,9,8838.0,18071.0
Mouse_Thymus2,101_33,0,17938.0,16371.0
Mouse_Thymus2,34_29,0,11238.0,15971.0
Mouse_Thymus2,117_52,3,19538.0,18271.0
Mouse_Thymus2,117_45,9,19538.0,17571.0
Mouse_Thymus2,49_44,3,12738.0,17471.0
Mouse_Thymus2,105_42,1,18338.0,17271.0
Mouse_Thymus2,45_21,3,12338.0,15171.0
Mouse_Thymus2,111_52,0,18938.0,18271.0
Mouse_Thymus2,51_38,5,12938.0,16871.0
Mouse_Thymus2,9_47,3,8738.0,17771.0
Mouse_Thymus2,120_42,4,19838.0,17271.0
Mouse_Thymus2,101_44,8,17938.0,17471.0
Mouse_Thymus2,8_43,3,8638.0,17371.0
Mouse_Thymus2,106_50,3,18438.0,18071.0
Mouse_Thymus2,57_35,5,13538.0,16571.0
Mouse_Thymus2,94_53,4,17238.0,18371.0
Mouse_Thymus2,76_16,9,15438.0,14671.0
Mouse_Thymus2,108_41,1,18638.0,17171.0
Mouse_Thymus2,31_41,5,10938.0,17171.0
Mouse_Thymus2,50_41,1,12838.0,17171.0
Mouse_Thymus2,66_35,1,14438.0,16571.0
Mouse_Thymus2,65_25,7,14338.0,15571.0
Mouse_Thymus2,50_46,7,12838.0,17671.0
Mouse_Thymus2,95_41,8,17338.0,17171.0
Mouse_Thymus2,88_44,0,16638.0,17471.0
Mouse_Thymus2,84_22,5,16238.0,15271.0
Mouse_Thymus2,116_53,3,19438.0,18371.0
Mouse_Thymus2,88_51,9,16638.0,18171.0
Mouse_Thymus2,60_29,1,13838.0,15971.0
Mouse_Thymus2,118_60,1,19638.0,19071.0
Mouse_Thymus2,108_43,3,18638.0,17371.0
Mouse_Thymus2,23_50,3,10138.0,18071.0
Mouse_Thymus2,42_18,6,12038.0,14871.0
Mouse_Thymus2,105_23,0,18338.0,15371.0
Mouse_Thymus2,82_25,9,16038.0,15571.0
Mouse_Thymus2,61_20,5,13938.0,15071.0
Mouse_Thymus2,86_12,3,16438.0,14271.0
Mouse_Thymus2,88_36,7,16638.0,16671.0
Mouse_Thymus2,100_12,0,17838.0,14271.0
Mouse_Thymus2,24_37,7,10238.0,16771.0
Mouse_Thymus2,96_41,0,17438.0,17171.0
Mouse_Thymus2,44_29,5,12238.0,15971.0
Mouse_Thymus2,78_38,5,15638.0,16871.0
Mouse_Thymus2,80_41,1,15838.0,17171.0
Mouse_Thymus2,83_43,0,16138.0,17371.0
Mouse_Thymus2,43_25,3,12138.0,15571.0
Mouse_Thymus2,20_38,3,9838.0,16871.0
Mouse_Thymus2,28_47,1,10638.0,17771.0
Mouse_Thymus2,90_23,1,16838.0,15371.0
Mouse_Thymus2,85_4,0,16338.0,13471.0
Mouse_Thymus2,78_5,0,15638.0,13571.0
Mouse_Thymus2,16_47,1,9438.0,17771.0
Mouse_Thymus2,57_26,1,13538.0,15671.0
Mouse_Thymus2,77_4,0,15538.0,13471.0
Mouse_Thymus2,33_40,3,11138.0,17071.0
Mouse_Thymus2,80_29,3,15838.0,15971.0
Mouse_Thymus2,50_16,0,12838.0,14671.0
Mouse_Thymus2,34_30,3,11238.0,16071.0
Mouse_Thymus2,73_32,7,15138.0,16271.0
Mouse_Thymus2,70_21,1,14838.0,15171.0
Mouse_Thymus2,61_38,0,13938.0,16871.0
Mouse_Thymus2,80_46,0,15838.0,17671.0
Mouse_Thymus2,26_37,3,10438.0,16771.0
Mouse_Thymus2,25_38,7,10338.0,16871.0
Mouse_Thymus2,44_42,1,12238.0,17271.0
Mouse_Thymus2,88_42,0,16638.0,17271.0
Mouse_Thymus2,92_43,8,17038.0,17371.0
Mouse_Thymus2,47_31,5,12538.0,16171.0
Mouse_Thymus2,85_28,1,16338.0,15871.0
Mouse_Thymus2,97_14,0,17538.0,14471.0
Mouse_Thymus2,28_54,3,10638.0,18471.0
Mouse_Thymus2,74_18,0,15238.0,14871.0
Mouse_Thymus2,86_13,3,16438.0,14371.0
Mouse_Thymus2,75_39,1,15338.0,16971.0
Mouse_Thymus2,103_49,3,18138.0,17971.0
Mouse_Thymus2,112_53,0,19038.0,18371.0
Mouse_Thymus2,114_37,3,19238.0,16771.0
Mouse_Thymus2,92_30,3,17038.0,16071.0
Mouse_Thymus2,75_32,1,15338.0,16271.0
Mouse_Thymus2,52_24,7,13038.0,15471.0
Mouse_Thymus2,100_35,1,17838.0,16571.0
Mouse_Thymus2,51_21,4,12938.0,15171.0
Mouse_Thymus2,113_55,7,19138.0,18571.0
Mouse_Thymus2,98_26,5,17638.0,15671.0
Mouse_Thymus2,81_13,3,15938.0,14371.0
Mouse_Thymus2,87_19,1,16538.0,14971.0
Mouse_Thymus2,83_17,5,16138.0,14771.0
Mouse_Thymus2,108_38,1,18638.0,16871.0
Mouse_Thymus2,9_41,2,8738.0,17171.0
Mouse_Thymus2,60_16,0,13838.0,14671.0
Mouse_Thymus2,91_7,6,16938.0,13771.0
Mouse_Thymus2,39_23,3,11738.0,15371.0
Mouse_Thymus2,47_25,9,12538.0,15571.0
Mouse_Thymus2,90_29,9,16838.0,15971.0
Mouse_Thymus2,37_51,3,11538.0,18171.0
Mouse_Thymus2,64_28,5,14238.0,15871.0
Mouse_Thymus2,40_48,3,11838.0,17871.0
Mouse_Thymus2,84_46,7,16238.0,17671.0
Mouse_Thymus2,18_45,2,9638.0,17571.0
Mouse_Thymus2,18_49,0,9638.0,17971.0
Mouse_Thymus2,43_46,1,12138.0,17671.0
Mouse_Thymus2,96_57,0,17438.0,18771.0
Mouse_Thymus2,72_38,1,15038.0,16871.0
Mouse_Thymus2,114_53,0,19238.0,18371.0
Mouse_Thymus2,102_51,8,18038.0,18171.0
Mouse_Thymus2,71_34,9,14938.0,16471.0
Mouse_Thymus2,121_55,0,19938.0,18571.0
Mouse_Thymus2,67_25,1,14538.0,15571.0
Mouse_Thymus2,89_37,0,16738.0,16771.0
Mouse_Thymus2,49_47,4,12738.0,17771.0
Mouse_Thymus2,87_55,7,16538.0,18571.0
Mouse_Thymus2,64_14,9,14238.0,14471.0
Mouse_Thymus2,34_25,7,11238.0,15571.0
Mouse_Thymus2,78_40,1,15638.0,17071.0
Mouse_Thymus2,88_25,4,16638.0,15571.0
Mouse_Thymus2,29_56,3,10738.0,18671.0
Mouse_Thymus2,100_21,5,17838.0,15171.0
Mouse_Thymus2,26_33,6,10438.0,16371.0
Mouse_Thymus2,31_25,4,10938.0,15571.0
Mouse_Thymus2,116_45,5,19438.0,17571.0
Mouse_Thymus2,23_48,5,10138.0,17871.0
Mouse_Thymus2,115_58,8,19338.0,18871.0
Mouse_Thymus2,64_40,3,14238.0,17071.0
Mouse_Thymus2,111_38,5,18938.0,16871.0
Mouse_Thymus2,51_33,5,12938.0,16371.0
Mouse_Thymus2,115_42,5,19338.0,17271.0
Mouse_Thymus2,37_45,1,11538.0,17571.0
Mouse_Thymus2,97_25,1,17538.0,15571.0
Mouse_Thymus2,66_36,1,14438.0,16671.0
Mouse_Thymus2,45_44,5,12338.0,17471.0
Mouse_Thymus2,49_30,1,12738.0,16071.0
Mouse_Thymus2,5_46,3,8338.0,17671.0
Mouse_Thymus2,94_42,3,17238.0,17271.0
Mouse_Thymus2,73_28,5,15138.0,15871.0
Mouse_Thymus2,88_58,0,16638.0,18871.0
Mouse_Thymus2,28_46,1,10638.0,17671.0
Mouse_Thymus2,111_40,5,18938.0,17071.0
Mouse_Thymus2,91_44,4,16938.0,17471.0
Mouse_Thymus2,112_49,4,19038.0,17971.0
Mouse_Thymus2,27_56,3,10538.0,18671.0
Mouse_Thymus2,113_47,2,19138.0,17771.0
Mouse_Thymus2,98_28,3,17638.0,15871.0
Mouse_Thymus2,29_50,3,10738.0,18071.0
Mouse_Thymus2,77_36,1,15538.0,16671.0
Mouse_Thymus2,79_3,9,15738.0,13371.0
Mouse_Thymus2,82_54,6,16038.0,18471.0
Mouse_Thymus2,41_40,1,11938.0,17071.0
Mouse_Thymus2,90_56,3,16838.0,18671.0
Mouse_Thymus2,108_48,0,18638.0,17871.0
Mouse_Thymus2,29_33,3,10738.0,16371.0
Mouse_Thymus2,95_42,8,17338.0,17271.0
Mouse_Thymus2,97_8,3,17538.0,13871.0
Mouse_Thymus2,62_40,3,14038.0,17071.0
Mouse_Thymus2,77_16,0,15538.0,14671.0
Mouse_Thymus2,46_29,1,12438.0,15971.0
Mouse_Thymus2,95_59,0,17338.0,18971.0
Mouse_Thymus2,119_55,5,19738.0,18571.0
Mouse_Thymus2,115_64,0,19338.0,19471.0
Mouse_Thymus2,105_39,1,18338.0,16971.0
Mouse_Thymus2,70_31,4,14838.0,16171.0
Mouse_Thymus2,81_9,0,15938.0,13971.0
Mouse_Thymus2,96_47,8,17438.0,17771.0
Mouse_Thymus2,55_17,0,13338.0,14771.0
Mouse_Thymus2,61_34,1,13938.0,16471.0
Mouse_Thymus2,108_52,0,18638.0,18271.0
Mouse_Thymus2,76_11,7,15438.0,14171.0
Mouse_Thymus2,14_42,9,9238.0,17271.0
Mouse_Thymus2,53_16,4,13138.0,14671.0
Mouse_Thymus2,93_36,3,17138.0,16671.0
Mouse_Thymus2,49_35,3,12738.0,16571.0
Mouse_Thymus2,49_26,5,12738.0,15671.0
Mouse_Thymus2,30_40,5,10838.0,17071.0
Mouse_Thymus2,42_32,5,12038.0,16271.0
Mouse_Thymus2,86_3,3,16438.0,13371.0
Mouse_Thymus2,15_50,7,9338.0,18071.0
Mouse_Thymus2,82_1,7,16038.0,13171.0
Mouse_Thymus2,69_2,6,14738.0,13271.0
Mouse_Thymus2,117_43,0,19538.0,17371.0
Mouse_Thymus2,9_42,0,8738.0,17271.0
Mouse_Thymus2,79_48,0,15738.0,17871.0
Mouse_Thymus2,92_31,3,17038.0,16171.0
Mouse_Thymus2,39_33,3,11738.0,16371.0
Mouse_Thymus2,85_11,3,16338.0,14171.0
Mouse_Thymus2,23_55,9,10138.0,18571.0
Mouse_Thymus2,100_23,1,17838.0,15371.0
Mouse_Thymus2,84_1,3,16238.0,13171.0
Mouse_Thymus2,41_19,6,11938.0,14971.0
Mouse_Thymus2,122_70,0,20038.0,20071.0
Mouse_Thymus2,56_38,5,13438.0,16871.0
Mouse_Thymus2,75_46,0,15338.0,17671.0
Mouse_Thymus2,74_12,0,15238.0,14271.0
Mouse_Thymus2,99_24,5,17738.0,15471.0
Mouse_Thymus2,43_21,3,12138.0,15171.0
Mouse_Thymus2,113_33,4,19138.0,16371.0
Mouse_Thymus2,42_41,5,12038.0,17171.0
Mouse_Thymus2,101_18,0,17938.0,14871.0
Mouse_Thymus2,99_39,5,17738.0,16971.0
Mouse_Thymus2,92_19,5,17038.0,14971.0
Mouse_Thymus2,115_56,0,19338.0,18671.0
Mouse_Thymus2,24_54,7,10238.0,18471.0
Mouse_Thymus2,79_31,1,15738.0,16171.0
Mouse_Thymus2,83_18,1,16138.0,14871.0
Mouse_Thymus2,51_20,9,12938.0,15071.0
Mouse_Thymus2,71_44,0,14938.0,17471.0
Mouse_Thymus2,25_55,3,10338.0,18571.0
Mouse_Thymus2,94_18,8,17238.0,14871.0
Mouse_Thymus2,108_35,1,18638.0,16571.0
Mouse_Thymus2,14_45,1,9238.0,17571.0
Mouse_Thymus2,111_33,3,18938.0,16371.0
Mouse_Thymus2,119_62,0,19738.0,19271.0
Mouse_Thymus2,76_36,1,15438.0,16671.0
Mouse_Thymus2,88_4,7,16638.0,13471.0
Mouse_Thymus2,108_24,6,18638.0,15471.0
Mouse_Thymus2,76_24,5,15438.0,15471.0
Mouse_Thymus2,13_45,1,9138.0,17571.0
Mouse_Thymus2,36_43,1,11438.0,17371.0
Mouse_Thymus2,41_44,1,11938.0,17471.0
Mouse_Thymus2,119_60,1,19738.0,19071.0
Mouse_Thymus2,68_11,3,14638.0,14171.0
Mouse_Thymus2,96_35,3,17438.0,16571.0
Mouse_Thymus2,93_10,3,17138.0,14071.0
Mouse_Thymus2,32_49,4,11038.0,17971.0
Mouse_Thymus2,63_15,1,14138.0,14571.0
Mouse_Thymus2,39_46,7,11738.0,17671.0
Mouse_Thymus2,98_44,3,17638.0,17471.0
Mouse_Thymus2,66_7,6,14438.0,13771.0
Mouse_Thymus2,78_17,0,15638.0,14771.0
Mouse_Thymus2,25_44,5,10338.0,17471.0
Mouse_Thymus2,19_55,6,9738.0,18571.0
Mouse_Thymus2,58_31,5,13638.0,16171.0
Mouse_Thymus2,84_17,1,16238.0,14771.0
Mouse_Thymus2,97_17,8,17538.0,14771.0
Mouse_Thymus2,101_34,5,17938.0,16471.0
Mouse_Thymus2,76_40,1,15438.0,17071.0
Mouse_Thymus2,122_58,0,20038.0,18871.0
Mouse_Thymus2,120_62,5,19838.0,19271.0
Mouse_Thymus2,17_50,4,9538.0,18071.0
Mouse_Thymus2,60_38,3,13838.0,16871.0
Mouse_Thymus2,121_70,3,19938.0,20071.0
Mouse_Thymus2,82_8,4,16038.0,13871.0
Mouse_Thymus2,34_50,0,11238.0,18071.0
Mouse_Thymus2,33_36,6,11138.0,16671.0
Mouse_Thymus2,95_21,5,17338.0,15171.0
Mouse_Thymus2,91_38,8,16938.0,16871.0
Mouse_Thymus2,35_39,0,11338.0,16971.0
Mouse_Thymus2,76_23,5,15438.0,15371.0
Mouse_Thymus2,58_18,7,13638.0,14871.0
Mouse_Thymus2,46_22,4,12438.0,15271.0
Mouse_Thymus2,44_22,0,12238.0,15271.0
Mouse_Thymus2,90_59,6,16838.0,18971.0
Mouse_Thymus2,67_34,5,14538.0,16471.0
Mouse_Thymus2,124_54,9,20238.0,18471.0
Mouse_Thymus2,98_59,4,17638.0,18971.0
Mouse_Thymus2,46_36,3,12438.0,16671.0
Mouse_Thymus2,57_33,1,13538.0,16371.0
Mouse_Thymus2,1_46,6,7938.0,17671.0
Mouse_Thymus2,42_48,3,12038.0,17871.0
Mouse_Thymus2,13_50,3,9138.0,18071.0
Mouse_Thymus2,34_38,3,11238.0,16871.0
Mouse_Thymus2,74_5,0,15238.0,13571.0
Mouse_Thymus2,112_58,3,19038.0,18871.0
Mouse_Thymus2,39_50,0,11738.0,18071.0
Mouse_Thymus2,26_54,0,10438.0,18471.0
Mouse_Thymus2,69_37,5,14738.0,16771.0
Mouse_Thymus2,96_28,4,17438.0,15871.0
Mouse_Thymus2,44_47,3,12238.0,17771.0
Mouse_Thymus2,50_44,3,12838.0,17471.0
Mouse_Thymus2,36_48,3,11438.0,17871.0
Mouse_Thymus2,91_10,0,16938.0,14071.0
Mouse_Thymus2,60_32,5,13838.0,16271.0
Mouse_Thymus2,22_42,3,10038.0,17271.0
Mouse_Thymus2,52_27,1,13038.0,15771.0
Mouse_Thymus2,65_9,3,14338.0,13971.0
Mouse_Thymus2,115_51,3,19338.0,18171.0
Mouse_Thymus2,49_18,0,12738.0,14871.0
Mouse_Thymus2,121_62,8,19938.0,19271.0
Mouse_Thymus2,79_36,1,15738.0,16671.0
Mouse_Thymus2,109_29,0,18738.0,15971.0
Mouse_Thymus2,17_40,3,9538.0,17071.0
Mouse_Thymus2,43_41,1,12138.0,17171.0
Mouse_Thymus2,52_23,0,13038.0,15371.0
Mouse_Thymus2,66_41,0,14438.0,17171.0
Mouse_Thymus2,30_38,3,10838.0,16871.0
Mouse_Thymus2,80_52,3,15838.0,18271.0
Mouse_Thymus2,71_12,3,14938.0,14271.0
Mouse_Thymus2,65_19,1,14338.0,14971.0
Mouse_Thymus2,103_18,3,18138.0,14871.0
Mouse_Thymus2,117_36,9,19538.0,16671.0
Mouse_Thymus2,38_38,0,11638.0,16871.0
Mouse_Thymus2,90_33,0,16838.0,16371.0
Mouse_Thymus2,77_12,3,15538.0,14271.0
Mouse_Thymus2,73_24,5,15138.0,15471.0
Mouse_Thymus2,79_4,3,15738.0,13471.0
Mouse_Thymus2,94_38,0,17238.0,16871.0
Mouse_Thymus2,71_41,3,14938.0,17171.0
Mouse_Thymus2,98_12,8,17638.0,14271.0
Mouse_Thymus2,22_43,5,10038.0,17371.0
Mouse_Thymus2,71_19,0,14938.0,14971.0
Mouse_Thymus2,99_34,1,17738.0,16471.0
Mouse_Thymus2,79_43,1,15738.0,17371.0
Mouse_Thymus2,70_12,9,14838.0,14271.0
Mouse_Thymus2,66_20,1,14438.0,15071.0
Mouse_Thymus2,5_45,3,8338.0,17571.0
Mouse_Thymus2,80_17,5,15838.0,14771.0
Mouse_Thymus2,93_29,8,17138.0,15971.0
Mouse_Thymus2,108_29,3,18638.0,15971.0
Mouse_Thymus2,103_23,4,18138.0,15371.0
Mouse_Thymus2,30_50,3,10838.0,18071.0
Mouse_Thymus2,61_17,7,13938.0,14771.0
Mouse_Thymus2,82_11,0,16038.0,14171.0
Mouse_Thymus2,87_51,0,16538.0,18171.0
Mouse_Thymus2,108_39,5,18638.0,16971.0
Mouse_Thymus2,64_17,0,14238.0,14771.0
Mouse_Thymus2,109_45,1,18738.0,17571.0
Mouse_Thymus2,8_45,1,8638.0,17571.0
Mouse_Thymus2,100_49,9,17838.0,17971.0
Mouse_Thymus2,62_30,5,14038.0,16071.0
Mouse_Thymus2,12_50,3,9038.0,18071.0
Mouse_Thymus2,124_62,0,20238.0,19271.0
Mouse_Thymus2,87_46,0,16538.0,17671.0
Mouse_Thymus2,69_16,9,14738.0,14671.0
Mouse_Thymus2,85_50,8,16338.0,18071.0
Mouse_Thymus2,97_40,0,17538.0,17071.0
Mouse_Thymus2,102_31,5,18038.0,16171.0
Mouse_Thymus2,96_36,3,17438.0,16671.0
Mouse_Thymus2,81_7,9,15938.0,13771.0
Mouse_Thymus2,119_48,4,19738.0,17871.0
Mouse_Thymus2,110_58,7,18838.0,18871.0
Mouse_Thymus2,87_50,0,16538.0,18071.0
Mouse_Thymus2,74_27,1,15238.0,15771.0
Mouse_Thymus2,119_61,5,19738.0,19171.0
Mouse_Thymus2,102_52,3,18038.0,18271.0
Mouse_Thymus2,50_25,2,12838.0,15571.0
Mouse_Thymus2,103_41,9,18138.0,17171.0
Mouse_Thymus2,108_32,3,18638.0,16271.0
Mouse_Thymus2,68_40,9,14638.0,17071.0
Mouse_Thymus2,101_50,0,17938.0,18071.0
Mouse_Thymus2,88_39,0,16638.0,16971.0
Mouse_Thymus2,67_38,4,14538.0,16871.0
Mouse_Thymus2,114_65,4,19238.0,19571.0
Mouse_Thymus2,24_47,1,10238.0,17771.0
Mouse_Thymus2,46_21,0,12438.0,15171.0
Mouse_Thymus2,48_26,5,12638.0,15671.0
Mouse_Thymus2,50_42,4,12838.0,17271.0
Mouse_Thymus2,84_40,3,16238.0,17071.0
Mouse_Thymus2,68_28,5,14638.0,15871.0
Mouse_Thymus2,100_30,0,17838.0,16071.0
Mouse_Thymus2,88_54,9,16638.0,18471.0
Mouse_Thymus2,66_37,5,14438.0,16771.0
Mouse_Thymus2,97_47,8,17538.0,17771.0
Mouse_Thymus2,78_3,9,15638.0,13371.0
Mouse_Thymus2,43_31,8,12138.0,16171.0
Mouse_Thymus2,93_59,0,17138.0,18971.0
Mouse_Thymus2,96_45,0,17438.0,17571.0
Mouse_Thymus2,102_59,8,18038.0,18971.0
Mouse_Thymus2,28_32,4,10638.0,16271.0
Mouse_Thymus2,25_51,3,10338.0,18171.0
Mouse_Thymus2,36_38,7,11438.0,16871.0
Mouse_Thymus2,124_67,4,20238.0,19771.0
Mouse_Thymus2,68_7,0,14638.0,13771.0
Mouse_Thymus2,78_50,7,15638.0,18071.0
Mouse_Thymus2,99_29,0,17738.0,15971.0
Mouse_Thymus2,102_30,1,18038.0,16071.0
Mouse_Thymus2,111_36,5,18938.0,16671.0
Mouse_Thymus2,50_18,4,12838.0,14871.0
Mouse_Thymus2,24_46,1,10238.0,17671.0
Mouse_Thymus2,96_16,0,17438.0,14671.0
Mouse_Thymus2,95_31,7,17338.0,16171.0
Mouse_Thymus2,54_19,4,13238.0,14971.0
Mouse_Thymus2,62_17,9,14038.0,14771.0
Mouse_Thymus2,112_40,1,19038.0,17071.0
Mouse_Thymus2,110_57,4,18838.0,18771.0
Mouse_Thymus2,106_39,1,18438.0,16971.0
Mouse_Thymus2,82_7,0,16038.0,13771.0
Mouse_Thymus2,83_40,0,16138.0,17071.0
Mouse_Thymus2,37_43,1,11538.0,17371.0
Mouse_Thymus2,57_18,7,13538.0,14871.0
Mouse_Thymus2,32_33,3,11038.0,16371.0
Mouse_Thymus2,58_19,9,13638.0,14971.0
Mouse_Thymus2,105_26,0,18338.0,15671.0
Mouse_Thymus2,64_22,5,14238.0,15271.0
Mouse_Thymus2,31_42,1,10938.0,17271.0
Mouse_Thymus2,120_70,9,19838.0,20071.0
Mouse_Thymus2,68_24,1,14638.0,15471.0
Mouse_Thymus2,29_38,7,10738.0,16871.0
Mouse_Thymus2,15_43,5,9338.0,17371.0
Mouse_Thymus2,32_26,3,11038.0,15671.0
Mouse_Thymus2,107_24,4,18538.0,15471.0
Mouse_Thymus2,41_46,5,11938.0,17671.0
Mouse_Thymus2,84_11,3,16238.0,14171.0
Mouse_Thymus2,64_41,6,14238.0,17171.0
Mouse_Thymus2,98_57,0,17638.0,18771.0
Mouse_Thymus2,103_51,8,18138.0,18171.0
Mouse_Thymus2,125_61,7,20338.0,19171.0
Mouse_Thymus2,28_52,4,10638.0,18271.0
Mouse_Thymus2,78_11,4,15638.0,14171.0
Mouse_Thymus2,31_56,6,10938.0,18671.0
Mouse_Thymus2,118_59,1,19638.0,18971.0
Mouse_Thymus2,75_15,0,15338.0,14571.0
Mouse_Thymus2,52_41,3,13038.0,17171.0
Mouse_Thymus2,89_10,0,16738.0,14071.0
Mouse_Thymus2,122_56,7,20038.0,18671.0
Mouse_Thymus2,81_51,0,15938.0,18171.0
Mouse_Thymus2,36_42,1,11438.0,17271.0
Mouse_Thymus2,98_11,5,17638.0,14171.0
Mouse_Thymus2,67_7,6,14538.0,13771.0
Mouse_Thymus2,105_32,1,18338.0,16271.0
Mouse_Thymus2,43_51,3,12138.0,18171.0
Mouse_Thymus2,58_24,5,13638.0,15471.0
Mouse_Thymus2,60_23,1,13838.0,15371.0
Mouse_Thymus2,49_38,5,12738.0,16871.0
Mouse_Thymus2,93_43,8,17138.0,17371.0
Mouse_Thymus2,115_40,3,19338.0,17071.0
Mouse_Thymus2,61_31,1,13938.0,16171.0
Mouse_Thymus2,102_49,8,18038.0,17971.0
Mouse_Thymus2,4_47,7,8238.0,17771.0
Mouse_Thymus2,117_41,3,19538.0,17171.0
Mouse_Thymus2,25_36,0,10338.0,16671.0
Mouse_Thymus2,116_65,3,19438.0,19571.0
Mouse_Thymus2,53_24,7,13138.0,15471.0
Mouse_Thymus2,71_16,3,14938.0,14671.0
Mouse_Thymus2,111_45,5,18938.0,17571.0
Mouse_Thymus2,35_54,3,11338.0,18471.0
Mouse_Thymus2,29_53,0,10738.0,18371.0
Mouse_Thymus2,75_18,4,15338.0,14871.0
Mouse_Thymus2,103_29,1,18138.0,15971.0
Mouse_Thymus2,116_58,5,19438.0,18871.0
Mouse_Thymus2,120_43,7,19838.0,17371.0
Mouse_Thymus2,92_21,5,17038.0,15171.0
Mouse_Thymus2,72_20,7,15038.0,15071.0
Mouse_Thymus2,113_34,3,19138.0,16471.0
Mouse_Thymus2,87_52,3,16538.0,18271.0
Mouse_Thymus2,90_11,3,16838.0,14171.0
Mouse_Thymus2,46_28,1,12438.0,15871.0
Mouse_Thymus2,103_22,0,18138.0,15271.0
Mouse_Thymus2,40_29,8,11838.0,15971.0
Mouse_Thymus2,112_61,7,19038.0,19171.0
Mouse_Thymus2,48_47,4,12638.0,17771.0
Mouse_Thymus2,48_32,4,12638.0,16271.0
Mouse_Thymus2,81_41,5,15938.0,17171.0
Mouse_Thymus2,99_43,0,17738.0,17371.0
Mouse_Thymus2,34_46,1,11238.0,17671.0
Mouse_Thymus2,36_49,0,11438.0,17971.0
Mouse_Thymus2,103_31,1,18138.0,16171.0
Mouse_Thymus2,38_47,5,11638.0,17771.0
Mouse_Thymus2,2_47,4,8038.0,17771.0
Mouse_Thymus2,60_34,5,13838.0,16471.0
Mouse_Thymus2,75_16,7,15338.0,14671.0
Mouse_Thymus2,83_30,0,16138.0,16071.0
Mouse_Thymus2,114_48,3,19238.0,17871.0
Mouse_Thymus2,40_51,3,11838.0,18171.0
Mouse_Thymus2,34_39,4,11238.0,16971.0
Mouse_Thymus2,52_30,3,13038.0,16071.0
Mouse_Thymus2,63_33,5,14138.0,16371.0
Mouse_Thymus2,119_59,1,19738.0,18971.0
Mouse_Thymus2,53_23,0,13138.0,15371.0
Mouse_Thymus2,103_19,3,18138.0,14971.0
Mouse_Thymus2,18_50,4,9638.0,18071.0
Mouse_Thymus2,117_63,3,19538.0,19371.0
Mouse_Thymus2,39_51,4,11738.0,18171.0
Mouse_Thymus2,95_27,5,17338.0,15771.0
Mouse_Thymus2,70_32,9,14838.0,16271.0
Mouse_Thymus2,94_28,1,17238.0,15871.0
Mouse_Thymus2,20_51,0,9838.0,18171.0
Mouse_Thymus2,119_46,3,19738.0,17671.0
Mouse_Thymus2,26_47,1,10438.0,17771.0
Mouse_Thymus2,59_24,1,13738.0,15471.0
Mouse_Thymus2,73_20,0,15138.0,15071.0
Mouse_Thymus2,91_25,1,16938.0,15571.0
Mouse_Thymus2,112_60,4,19038.0,19071.0
Mouse_Thymus2,103_17,6,18138.0,14771.0
Mouse_Thymus2,81_25,5,15938.0,15571.0
Mouse_Thymus2,47_34,7,12538.0,16471.0
Mouse_Thymus2,28_51,3,10638.0,18171.0
Mouse_Thymus2,41_38,5,11938.0,16871.0
Mouse_Thymus2,88_32,8,16638.0,16271.0
Mouse_Thymus2,88_19,1,16638.0,14971.0
Mouse_Thymus2,100_13,0,17838.0,14371.0
Mouse_Thymus2,82_39,4,16038.0,16971.0
Mouse_Thymus2,62_13,0,14038.0,14371.0
Mouse_Thymus2,26_46,5,10438.0,17671.0
Mouse_Thymus2,41_23,3,11938.0,15371.0
Mouse_Thymus2,83_41,4,16138.0,17171.0
Mouse_Thymus2,90_7,0,16838.0,13771.0
Mouse_Thymus2,115_59,0,19338.0,18971.0
Mouse_Thymus2,123_71,3,20138.0,20171.0
Mouse_Thymus2,104_23,0,18238.0,15371.0
Mouse_Thymus2,123_60,3,20138.0,19071.0
Mouse_Thymus2,104_25,4,18238.0,15571.0
Mouse_Thymus2,80_53,6,15838.0,18371.0
Mouse_Thymus2,100_57,0,17838.0,18771.0
Mouse_Thymus2,89_30,9,16738.0,16071.0
Mouse_Thymus2,88_13,5,16638.0,14371.0
Mouse_Thymus2,77_10,0,15538.0,14071.0
Mouse_Thymus2,106_54,9,18438.0,18471.0
Mouse_Thymus2,104_27,4,18238.0,15771.0
Mouse_Thymus2,111_48,3,18938.0,17871.0
Mouse_Thymus2,66_21,1,14438.0,15171.0
Mouse_Thymus2,67_6,6,14538.0,13671.0
Mouse_Thymus2,52_16,4,13038.0,14671.0
Mouse_Thymus2,116_54,0,19438.0,18471.0
Mouse_Thymus2,70_36,1,14838.0,16671.0
Mouse_Thymus2,80_6,0,15838.0,13671.0
Mouse_Thymus2,61_14,0,13938.0,14471.0
Mouse_Thymus2,16_48,9,9438.0,17871.0
Mouse_Thymus2,78_20,5,15638.0,15071.0
Mouse_Thymus2,23_40,3,10138.0,17071.0
Mouse_Thymus2,29_32,3,10738.0,16271.0
Mouse_Thymus2,88_23,5,16638.0,15371.0
Mouse_Thymus2,28_42,1,10638.0,17271.0
Mouse_Thymus2,57_19,0,13538.0,14971.0
Mouse_Thymus2,13_44,1,9138.0,17471.0
Mouse_Thymus2,42_21,3,12038.0,15171.0
Mouse_Thymus2,77_29,5,15538.0,15971.0
Mouse_Thymus2,108_27,7,18638.0,15771.0
Mouse_Thymus2,58_35,5,13638.0,16571.0
Mouse_Thymus2,82_16,5,16038.0,14671.0
Mouse_Thymus2,56_18,4,13438.0,14871.0
Mouse_Thymus2,113_60,3,19138.0,19071.0
Mouse_Thymus2,69_33,5,14738.0,16371.0
Mouse_Thymus2,35_28,7,11338.0,15871.0
Mouse_Thymus2,96_34,9,17438.0,16471.0
Mouse_Thymus2,17_53,9,9538.0,18371.0
Mouse_Thymus2,87_33,8,16538.0,16371.0
Mouse_Thymus2,67_28,0,14538.0,15871.0
Mouse_Thymus2,45_18,0,12338.0,14871.0
Mouse_Thymus2,120_68,8,19838.0,19871.0
Mouse_Thymus2,56_20,9,13438.0,15071.0
Mouse_Thymus2,111_43,5,18938.0,17371.0
Mouse_Thymus2,107_33,5,18538.0,16371.0
Mouse_Thymus2,117_48,1,19538.0,17871.0
Mouse_Thymus2,80_19,1,15838.0,14971.0
Mouse_Thymus2,56_14,3,13438.0,14471.0
Mouse_Thymus2,8_41,9,8638.0,17171.0
Mouse_Thymus2,105_25,0,18338.0,15571.0
Mouse_Thymus2,14_43,5,9238.0,17371.0
Mouse_Thymus2,37_24,3,11538.0,15471.0
Mouse_Thymus2,14_40,0,9238.0,17071.0
Mouse_Thymus2,53_37,5,13138.0,16771.0
Mouse_Thymus2,81_6,0,15938.0,13671.0
Mouse_Thymus2,84_28,1,16238.0,15871.0
Mouse_Thymus2,92_57,0,17038.0,18771.0
Mouse_Thymus2,48_41,5,12638.0,17171.0
Mouse_Thymus2,35_27,9,11338.0,15771.0
Mouse_Thymus2,51_23,0,12938.0,15371.0
Mouse_Thymus2,17_38,7,9538.0,16871.0
Mouse_Thymus2,69_15,0,14738.0,14571.0
Mouse_Thymus2,58_33,5,13638.0,16371.0
Mouse_Thymus2,19_45,1,9738.0,17571.0
Mouse_Thymus2,104_52,9,18238.0,18271.0
Mouse_Thymus2,34_42,5,11238.0,17271.0
Mouse_Thymus2,44_28,1,12238.0,15871.0
Mouse_Thymus2,119_47,3,19738.0,17771.0
Mouse_Thymus2,87_9,4,16538.0,13971.0
Mouse_Thymus2,91_37,0,16938.0,16771.0
Mouse_Thymus2,40_28,4,11838.0,15871.0
Mouse_Thymus2,106_47,0,18438.0,17771.0
Mouse_Thymus2,53_18,5,13138.0,14871.0
Mouse_Thymus2,32_31,2,11038.0,16171.0
Mouse_Thymus2,86_36,0,16438.0,16671.0
Mouse_Thymus2,76_10,0,15438.0,14071.0
Mouse_Thymus2,86_11,3,16438.0,14171.0
Mouse_Thymus2,63_11,0,14138.0,14171.0
Mouse_Thymus2,125_67,3,20338.0,19771.0
Mouse_Thymus2,83_39,3,16138.0,16971.0
Mouse_Thymus2,119_53,1,19738.0,18371.0
Mouse_Thymus2,104_51,3,18238.0,18171.0
Mouse_Thymus2,69_31,9,14738.0,16171.0
Mouse_Thymus2,110_35,9,18838.0,16571.0
Mouse_Thymus2,81_14,9,15938.0,14471.0
Mouse_Thymus2,94_12,0,17238.0,14271.0
Mouse_Thymus2,90_30,0,16838.0,16071.0
Mouse_Thymus2,76_17,3,15438.0,14771.0
Mouse_Thymus2,74_23,1,15238.0,15371.0
Mouse_Thymus2,66_8,3,14438.0,13871.0
Mouse_Thymus2,53_30,9,13138.0,16071.0
Mouse_Thymus2,97_6,9,17538.0,13671.0
Mouse_Thymus2,85_19,1,16338.0,14971.0
Mouse_Thymus2,37_34,3,11538.0,16471.0
Mouse_Thymus2,70_15,9,14838.0,14571.0
Mouse_Thymus2,75_6,7,15338.0,13671.0
Mouse_Thymus2,97_9,3,17538.0,13971.0
Mouse_Thymus2,102_60,4,18038.0,19071.0
Mouse_Thymus2,101_56,0,17938.0,18671.0
Mouse_Thymus2,81_0,9,15938.0,13071.0
Mouse_Thymus2,80_37,1,15838.0,16771.0
Mouse_Thymus2,28_36,7,10638.0,16671.0
Mouse_Thymus2,85_53,3,16338.0,18371.0
Mouse_Thymus2,72_3,0,15038.0,13371.0
Mouse_Thymus2,57_32,5,13538.0,16271.0
Mouse_Thymus2,93_56,0,17138.0,18671.0
Mouse_Thymus2,47_45,3,12538.0,17571.0
Mouse_Thymus2,112_62,4,19038.0,19271.0
Mouse_Thymus2,96_12,0,17438.0,14271.0
Mouse_Thymus2,70_34,1,14838.0,16471.0
Mouse_Thymus2,31_31,6,10938.0,16171.0
Mouse_Thymus2,47_41,1,12538.0,17171.0
Mouse_Thymus2,117_65,3,19538.0,19571.0
Mouse_Thymus2,52_20,9,13038.0,15071.0
Mouse_Thymus2,79_44,1,15738.0,17471.0
Mouse_Thymus2,107_29,3,18538.0,15971.0
Mouse_Thymus2,60_18,0,13838.0,14871.0
Mouse_Thymus2,86_39,0,16438.0,16971.0
Mouse_Thymus2,36_31,5,11438.0,16171.0
