section,obs_name,cluster,x,y
Mouse_Thymus2,110_38,5,18838.0,16871.0
Mouse_Thymus2,71_20,1,14938.0,15071.0
Mouse_Thymus2,48_23,7,12638.0,15371.0
Mouse_Thymus2,94_54,2,17238.0,18471.0
Mouse_Thymus2,69_34,5,14738.0,16471.0
Mouse_Thymus2,9_46,8,8738.0,17671.0
Mouse_Thymus2,108_57,1,18638.0,18771.0
Mouse_Thymus2,115_65,6,19338.0,19571.0
Mouse_Thymus2,104_42,1,18238.0,17271.0
Mouse_Thymus2,94_23,5,17238.0,15371.0
Mouse_Thymus2,111_42,5,18938.0,17271.0
Mouse_Thymus2,13_51,2,9138.0,18171.0
Mouse_Thymus2,17_39,7,9538.0,16971.0
Mouse_Thymus2,63_20,1,14138.0,15071.0
Mouse_Thymus2,89_44,7,16738.0,17471.0
Mouse_Thymus2,99_40,8,17738.0,17071.0
Mouse_Thymus2,72_27,5,15038.0,15771.0
Mouse_Thymus2,82_0,8,16038.0,13071.0
Mouse_Thymus2,64_27,6,14238.0,15771.0
Mouse_Thymus2,78_46,6,15638.0,17671.0
Mouse_Thymus2,89_14,5,16738.0,14471.0
Mouse_Thymus2,78_8,6,15638.0,13871.0
Mouse_Thymus2,78_18,1,15638.0,14871.0
Mouse_Thymus2,96_24,5,17438.0,15471.0
Mouse_Thymus2,63_29,5,14138.0,15971.0
Mouse_Thymus2,97_7,2,17538.0,13771.0
Mouse_Thymus2,88_9,1,16638.0,13971.0
Mouse_Thymus2,53_31,8,13138.0,16171.0
Mouse_Thymus2,45_38,5,12338.0,16871.0
Mouse_Thymus2,88_49,7,16638.0,17971.0
Mouse_Thymus2,117_46,5,19538.0,17671.0
Mouse_Thymus2,29_46,5,10738.0,17671.0
Mouse_Thymus2,87_26,1,16538.0,15671.0
Mouse_Thymus2,55_23,6,13338.0,15371.0
Mouse_Thymus2,94_31,6,17238.0,16171.0
Mouse_Thymus2,75_26,5,15338.0,15671.0
Mouse_Thymus2,67_32,8,14538.0,16271.0
Mouse_Thymus2,78_12,2,15638.0,14271.0
Mouse_Thymus2,115_52,7,19338.0,18271.0
Mouse_Thymus2,109_39,5,18738.0,16971.0
Mouse_Thymus2,48_25,7,12638.0,15571.0
Mouse_Thymus2,43_26,7,12138.0,15671.0
Mouse_Thymus2,111_50,2,18938.0,18071.0
Mouse_Thymus2,94_52,6,17238.0,18271.0
Mouse_Thymus2,91_17,5,16938.0,14771.0
Mouse_Thymus2,112_46,5,19038.0,17671.0
Mouse_Thymus2,37_55,9,11538.0,18571.0
Mouse_Thymus2,79_19,5,15738.0,14971.0
Mouse_Thymus2,82_47,7,16038.0,17771.0
Mouse_Thymus2,83_4,6,16138.0,13471.0
Mouse_Thymus2,95_18,6,17338.0,14871.0
Mouse_Thymus2,103_32,5,18138.0,16271.0
Mouse_Thymus2,61_41,2,13938.0,17171.0
Mouse_Thymus2,28_43,5,10638.0,17371.0
Mouse_Thymus2,63_26,1,14138.0,15671.0
Mouse_Thymus2,118_46,2,19638.0,17671.0
Mouse_Thymus2,24_35,9,10238.0,16571.0
Mouse_Thymus2,46_33,8,12438.0,16371.0
Mouse_Thymus2,78_36,5,15638.0,16671.0
Mouse_Thymus2,76_46,6,15438.0,17671.0
Mouse_Thymus2,30_39,2,10838.0,16971.0
Mouse_Thymus2,88_37,8,16638.0,16771.0
Mouse_Thymus2,79_25,5,15738.0,15571.0
Mouse_Thymus2,42_26,8,12038.0,15671.0
Mouse_Thymus2,93_28,7,17138.0,15871.0
Mouse_Thymus2,42_39,5,12038.0,16971.0
Mouse_Thymus2,13_42,7,9138.0,17271.0
Mouse_Thymus2,20_37,2,9838.0,16771.0
Mouse_Thymus2,101_40,5,17938.0,17071.0
Mouse_Thymus2,108_25,7,18638.0,15571.0
Mouse_Thymus2,13_39,8,9138.0,16971.0
Mouse_Thymus2,91_9,6,16938.0,13971.0
Mouse_Thymus2,63_41,6,14138.0,17171.0
Mouse_Thymus2,107_34,5,18538.0,16471.0
Mouse_Thymus2,120_45,2,19838.0,17571.0
Mouse_Thymus2,90_10,2,16838.0,14071.0
Mouse_Thymus2,62_11,2,14038.0,14171.0
Mouse_Thymus2,26_34,7,10438.0,16471.0
Mouse_Thymus2,59_29,5,13738.0,15971.0
Mouse_Thymus2,107_43,1,18538.0,17371.0
Mouse_Thymus2,100_42,2,17838.0,17271.0
Mouse_Thymus2,94_41,8,17238.0,17171.0
Mouse_Thymus2,79_27,5,15738.0,15771.0
Mouse_Thymus2,95_33,1,17338.0,16371.0
Mouse_Thymus2,49_48,2,12738.0,17871.0
Mouse_Thymus2,81_35,6,15938.0,16571.0
Mouse_Thymus2,72_9,6,15038.0,13971.0
Mouse_Thymus2,81_11,6,15938.0,14171.0
Mouse_Thymus2,22_55,8,10038.0,18571.0
Mouse_Thymus2,88_33,2,16638.0,16371.0
Mouse_Thymus2,36_24,9,11438.0,15471.0
Mouse_Thymus2,106_22,8,18438.0,15271.0
Mouse_Thymus2,97_41,6,17538.0,17171.0
Mouse_Thymus2,86_51,6,16438.0,18171.0
Mouse_Thymus2,56_16,6,13438.0,14671.0
Mouse_Thymus2,39_38,1,11738.0,16871.0
Mouse_Thymus2,83_36,7,16138.0,16671.0
Mouse_Thymus2,99_58,7,17738.0,18871.0
Mouse_Thymus2,24_56,7,10238.0,18671.0
Mouse_Thymus2,48_40,5,12638.0,17071.0
Mouse_Thymus2,85_18,5,16338.0,14871.0
Mouse_Thymus2,82_52,6,16038.0,18271.0
Mouse_Thymus2,75_37,5,15338.0,16771.0
Mouse_Thymus2,65_29,1,14338.0,15971.0
Mouse_Thymus2,64_23,8,14238.0,15371.0
Mouse_Thymus2,93_46,7,17138.0,17671.0
Mouse_Thymus2,64_18,2,14238.0,14871.0
Mouse_Thymus2,10_46,6,8838.0,17671.0
Mouse_Thymus2,85_7,7,16338.0,13771.0
Mouse_Thymus2,33_25,7,11138.0,15571.0
Mouse_Thymus2,32_39,2,11038.0,16971.0
Mouse_Thymus2,88_45,2,16638.0,17571.0
Mouse_Thymus2,78_4,6,15638.0,13471.0
Mouse_Thymus2,120_39,9,19838.0,16971.0
Mouse_Thymus2,21_44,5,9938.0,17471.0
Mouse_Thymus2,57_29,5,13538.0,15971.0
Mouse_Thymus2,84_10,2,16238.0,14071.0
Mouse_Thymus2,121_48,6,19938.0,17871.0
Mouse_Thymus2,92_33,6,17038.0,16371.0
Mouse_Thymus2,83_7,6,16138.0,13771.0
Mouse_Thymus2,103_28,5,18138.0,15871.0
Mouse_Thymus2,105_49,2,18338.0,17971.0
Mouse_Thymus2,97_20,5,17538.0,15071.0
Mouse_Thymus2,72_32,2,15038.0,16271.0
Mouse_Thymus2,40_26,1,11838.0,15671.0
Mouse_Thymus2,91_48,6,16938.0,17871.0
Mouse_Thymus2,91_50,6,16938.0,18071.0
Mouse_Thymus2,78_47,6,15638.0,17771.0
Mouse_Thymus2,39_40,5,11738.0,17071.0
Mouse_Thymus2,79_26,5,15738.0,15671.0
Mouse_Thymus2,34_33,6,11238.0,16371.0
Mouse_Thymus2,77_5,6,15538.0,13571.0
Mouse_Thymus2,31_47,5,10938.0,17771.0
Mouse_Thymus2,67_22,5,14538.0,15271.0
Mouse_Thymus2,122_57,6,20038.0,18771.0
Mouse_Thymus2,92_20,1,17038.0,15071.0
Mouse_Thymus2,18_43,5,9638.0,17371.0
Mouse_Thymus2,37_40,5,11538.0,17071.0
Mouse_Thymus2,21_42,7,9938.0,17271.0
Mouse_Thymus2,32_38,6,11038.0,16871.0
Mouse_Thymus2,43_28,5,12138.0,15871.0
Mouse_Thymus2,43_32,8,12138.0,16271.0
Mouse_Thymus2,86_55,6,16438.0,18571.0
Mouse_Thymus2,88_31,6,16638.0,16171.0
Mouse_Thymus2,89_32,8,16738.0,16271.0
Mouse_Thymus2,29_48,1,10738.0,17871.0
Mouse_Thymus2,39_29,1,11738.0,15971.0
Mouse_Thymus2,98_15,2,17638.0,14571.0
Mouse_Thymus2,119_65,2,19738.0,19571.0
Mouse_Thymus2,115_60,2,19338.0,19071.0
Mouse_Thymus2,27_36,2,10538.0,16671.0
Mouse_Thymus2,98_46,6,17638.0,17671.0
Mouse_Thymus2,101_28,5,17938.0,15871.0
Mouse_Thymus2,66_24,5,14438.0,15471.0
Mouse_Thymus2,54_16,6,13238.0,14671.0
Mouse_Thymus2,116_61,2,19438.0,19171.0
Mouse_Thymus2,86_15,1,16438.0,14571.0
Mouse_Thymus2,39_25,2,11738.0,15571.0
Mouse_Thymus2,29_45,5,10738.0,17571.0
Mouse_Thymus2,95_49,2,17338.0,17971.0
Mouse_Thymus2,17_45,5,9538.0,17571.0
Mouse_Thymus2,108_46,5,18638.0,17671.0
Mouse_Thymus2,89_5,6,16738.0,13571.0
Mouse_Thymus2,61_32,5,13938.0,16271.0
Mouse_Thymus2,114_32,2,19238.0,16271.0
Mouse_Thymus2,106_25,7,18438.0,15571.0
Mouse_Thymus2,42_33,2,12038.0,16371.0
Mouse_Thymus2,47_32,7,12538.0,16271.0
Mouse_Thymus2,59_14,7,13738.0,14471.0
Mouse_Thymus2,68_35,5,14638.0,16571.0
Mouse_Thymus2,79_17,6,15738.0,14771.0
Mouse_Thymus2,42_30,5,12038.0,16071.0
Mouse_Thymus2,99_45,2,17738.0,17571.0
Mouse_Thymus2,79_52,2,15738.0,18271.0
Mouse_Thymus2,31_45,5,10938.0,17571.0
Mouse_Thymus2,94_46,6,17238.0,17671.0
Mouse_Thymus2,97_55,7,17538.0,18571.0
Mouse_Thymus2,85_15,5,16338.0,14571.0
Mouse_Thymus2,76_49,2,15438.0,17971.0
Mouse_Thymus2,85_30,6,16338.0,16071.0
Mouse_Thymus2,21_43,5,9938.0,17371.0
Mouse_Thymus2,67_39,2,14538.0,16971.0
Mouse_Thymus2,33_56,9,11138.0,18671.0
Mouse_Thymus2,35_31,7,11338.0,16171.0
Mouse_Thymus2,84_49,6,16238.0,17971.0
Mouse_Thymus2,46_35,2,12438.0,16571.0
Mouse_Thymus2,38_30,1,11638.0,16071.0
Mouse_Thymus2,64_29,5,14238.0,15971.0
Mouse_Thymus2,44_18,2,12238.0,14871.0
Mouse_Thymus2,116_38,2,19438.0,16871.0
Mouse_Thymus2,53_20,5,13138.0,15071.0
Mouse_Thymus2,91_27,2,16938.0,15771.0
Mouse_Thymus2,75_10,2,15338.0,14071.0
Mouse_Thymus2,40_36,7,11838.0,16671.0
Mouse_Thymus2,84_34,2,16238.0,16471.0
Mouse_Thymus2,33_37,2,11138.0,16771.0
Mouse_Thymus2,87_36,8,16538.0,16671.0
Mouse_Thymus2,116_52,7,19438.0,18271.0
Mouse_Thymus2,76_8,2,15438.0,13871.0
Mouse_Thymus2,100_22,5,17838.0,15271.0
Mouse_Thymus2,99_37,5,17738.0,16771.0
Mouse_Thymus2,98_53,6,17638.0,18371.0
Mouse_Thymus2,110_30,6,18838.0,16071.0
Mouse_Thymus2,114_33,7,19238.0,16371.0
Mouse_Thymus2,92_48,6,17038.0,17871.0
Mouse_Thymus2,92_11,6,17038.0,14171.0
Mouse_Thymus2,97_22,5,17538.0,15271.0
Mouse_Thymus2,37_54,6,11538.0,18471.0
Mouse_Thymus2,60_22,5,13838.0,15271.0
Mouse_Thymus2,118_47,1,19638.0,17771.0
Mouse_Thymus2,88_27,6,16638.0,15771.0
Mouse_Thymus2,106_49,2,18438.0,17971.0
Mouse_Thymus2,29_49,6,10738.0,17971.0
Mouse_Thymus2,123_59,7,20138.0,18971.0
Mouse_Thymus2,112_50,2,19038.0,18071.0
Mouse_Thymus2,80_23,5,15838.0,15371.0
Mouse_Thymus2,41_48,2,11938.0,17871.0
Mouse_Thymus2,48_18,6,12638.0,14871.0
Mouse_Thymus2,28_39,2,10638.0,16971.0
Mouse_Thymus2,53_14,9,13138.0,14471.0
Mouse_Thymus2,32_42,5,11038.0,17271.0
Mouse_Thymus2,106_52,2,18438.0,18271.0
Mouse_Thymus2,33_30,2,11138.0,16071.0
Mouse_Thymus2,65_16,2,14338.0,14671.0
Mouse_Thymus2,65_38,6,14338.0,16871.0
Mouse_Thymus2,68_32,1,14638.0,16271.0
Mouse_Thymus2,50_43,2,12838.0,17371.0
Mouse_Thymus2,111_31,7,18938.0,16171.0
Mouse_Thymus2,13_48,1,9138.0,17871.0
Mouse_Thymus2,50_20,2,12838.0,15071.0
Mouse_Thymus2,105_44,2,18338.0,17471.0
Mouse_Thymus2,47_26,8,12538.0,15671.0
Mouse_Thymus2,11_41,2,8938.0,17171.0
Mouse_Thymus2,58_17,2,13638.0,14771.0
Mouse_Thymus2,93_15,1,17138.0,14571.0
Mouse_Thymus2,118_54,5,19638.0,18471.0
Mouse_Thymus2,22_49,1,10038.0,17971.0
Mouse_Thymus2,98_17,8,17638.0,14771.0
Mouse_Thymus2,94_58,6,17238.0,18871.0
Mouse_Thymus2,42_44,5,12038.0,17471.0
Mouse_Thymus2,115_46,5,19338.0,17671.0
Mouse_Thymus2,37_46,5,11538.0,17671.0
Mouse_Thymus2,87_56,6,16538.0,18671.0
Mouse_Thymus2,47_18,6,12538.0,14871.0
Mouse_Thymus2,81_48,2,15938.0,17871.0
Mouse_Thymus2,8_44,2,8638.0,17471.0
Mouse_Thymus2,123_69,2,20138.0,19971.0
Mouse_Thymus2,83_29,1,16138.0,15971.0
Mouse_Thymus2,59_42,2,13738.0,17271.0
Mouse_Thymus2,110_32,6,18838.0,16271.0
Mouse_Thymus2,67_40,8,14538.0,17071.0
Mouse_Thymus2,87_2,9,16538.0,13271.0
Mouse_Thymus2,74_7,6,15238.0,13771.0
Mouse_Thymus2,92_34,6,17038.0,16471.0
Mouse_Thymus2,116_37,6,19438.0,16771.0
Mouse_Thymus2,43_40,5,12138.0,17071.0
Mouse_Thymus2,20_39,6,9838.0,16971.0
Mouse_Thymus2,102_54,6,18038.0,18471.0
Mouse_Thymus2,44_17,2,12238.0,14771.0
Mouse_Thymus2,94_37,6,17238.0,16771.0
Mouse_Thymus2,30_49,2,10838.0,17971.0
Mouse_Thymus2,98_14,6,17638.0,14471.0
Mouse_Thymus2,109_51,2,18738.0,18171.0
Mouse_Thymus2,19_52,7,9738.0,18271.0
Mouse_Thymus2,89_35,7,16738.0,16571.0
Mouse_Thymus2,100_10,2,17838.0,14071.0
Mouse_Thymus2,106_24,6,18438.0,15471.0
Mouse_Thymus2,95_13,8,17338.0,14371.0
Mouse_Thymus2,91_21,5,16938.0,15171.0
Mouse_Thymus2,111_55,2,18938.0,18571.0
Mouse_Thymus2,104_38,5,18238.0,16871.0
Mouse_Thymus2,15_41,6,9338.0,17171.0
Mouse_Thymus2,77_28,5,15538.0,15871.0
Mouse_Thymus2,83_45,6,16138.0,17571.0
Mouse_Thymus2,70_44,9,14838.0,17471.0
Mouse_Thymus2,45_32,8,12338.0,16271.0
Mouse_Thymus2,92_17,5,17038.0,14771.0
Mouse_Thymus2,63_9,9,14138.0,13971.0
Mouse_Thymus2,83_0,7,16138.0,13071.0
Mouse_Thymus2,81_40,5,15938.0,17071.0
Mouse_Thymus2,42_24,7,12038.0,15471.0
Mouse_Thymus2,120_61,5,19838.0,19171.0
Mouse_Thymus2,118_38,7,19638.0,16871.0
Mouse_Thymus2,54_30,8,13238.0,16071.0
Mouse_Thymus2,122_50,2,20038.0,18071.0
Mouse_Thymus2,82_38,1,16038.0,16871.0
Mouse_Thymus2,80_32,7,15838.0,16271.0
Mouse_Thymus2,123_61,6,20138.0,19171.0
Mouse_Thymus2,98_31,1,17638.0,16171.0
Mouse_Thymus2,91_6,2,16938.0,13671.0
Mouse_Thymus2,82_32,6,16038.0,16271.0
Mouse_Thymus2,54_14,7,13238.0,14471.0
Mouse_Thymus2,55_20,2,13338.0,15071.0
Mouse_Thymus2,71_45,9,14938.0,17571.0
Mouse_Thymus2,30_46,5,10838.0,17671.0
Mouse_Thymus2,76_29,5,15438.0,15971.0
Mouse_Thymus2,59_41,6,13738.0,17171.0
Mouse_Thymus2,24_41,7,10238.0,17171.0
Mouse_Thymus2,110_34,7,18838.0,16471.0
Mouse_Thymus2,94_24,5,17238.0,15471.0
Mouse_Thymus2,48_43,5,12638.0,17371.0
Mouse_Thymus2,108_40,5,18638.0,17071.0
Mouse_Thymus2,97_31,5,17538.0,16171.0
Mouse_Thymus2,74_46,6,15238.0,17671.0
Mouse_Thymus2,41_39,5,11938.0,16971.0
Mouse_Thymus2,88_21,5,16638.0,15171.0
Mouse_Thymus2,99_35,5,17738.0,16571.0
Mouse_Thymus2,30_42,5,10838.0,17271.0
Mouse_Thymus2,82_36,2,16038.0,16671.0
Mouse_Thymus2,56_37,1,13438.0,16771.0
Mouse_Thymus2,110_48,2,18838.0,17871.0
Mouse_Thymus2,54_35,1,13238.0,16571.0
Mouse_Thymus2,100_51,6,17838.0,18171.0
Mouse_Thymus2,94_22,5,17238.0,15271.0
Mouse_Thymus2,30_41,8,10838.0,17171.0
Mouse_Thymus2,39_22,2,11738.0,15271.0
Mouse_Thymus2,55_38,7,13338.0,16871.0
Mouse_Thymus2,96_32,7,17438.0,16271.0
Mouse_Thymus2,122_52,6,20038.0,18271.0
Mouse_Thymus2,49_20,6,12738.0,15071.0
Mouse_Thymus2,18_48,6,9638.0,17871.0
Mouse_Thymus2,107_47,2,18538.0,17771.0
Mouse_Thymus2,47_23,8,12538.0,15371.0
Mouse_Thymus2,83_20,5,16138.0,15071.0
Mouse_Thymus2,98_29,6,17638.0,15971.0
Mouse_Thymus2,55_42,2,13338.0,17271.0
Mouse_Thymus2,101_54,6,17938.0,18471.0
Mouse_Thymus2,75_13,8,15338.0,14371.0
Mouse_Thymus2,117_40,7,19538.0,17071.0
Mouse_Thymus2,72_11,6,15038.0,14171.0
Mouse_Thymus2,6_42,7,8438.0,17271.0
Mouse_Thymus2,110_50,6,18838.0,18071.0
Mouse_Thymus2,83_52,2,16138.0,18271.0
Mouse_Thymus2,54_27,5,13238.0,15771.0
Mouse_Thymus2,43_36,2,12138.0,16671.0
Mouse_Thymus2,80_27,1,15838.0,15771.0
Mouse_Thymus2,91_22,5,16938.0,15271.0
Mouse_Thymus2,92_39,6,17038.0,16971.0
Mouse_Thymus2,89_25,1,16738.0,15571.0
Mouse_Thymus2,91_13,6,16938.0,14371.0
Mouse_Thymus2,12_40,6,9038.0,17071.0
Mouse_Thymus2,65_31,5,14338.0,16171.0
Mouse_Thymus2,114_38,6,19238.0,16871.0
Mouse_Thymus2,97_18,8,17538.0,14871.0
Mouse_Thymus2,89_41,2,16738.0,17171.0
Mouse_Thymus2,25_34,2,10338.0,16471.0
Mouse_Thymus2,76_33,5,15438.0,16371.0
Mouse_Thymus2,101_35,5,17938.0,16571.0
Mouse_Thymus2,29_54,1,10738.0,18471.0
Mouse_Thymus2,79_50,2,15738.0,18071.0
Mouse_Thymus2,20_49,6,9838.0,17971.0
Mouse_Thymus2,86_38,6,16438.0,16871.0
Mouse_Thymus2,113_57,6,19138.0,18771.0
Mouse_Thymus2,31_32,2,10938.0,16271.0
Mouse_Thymus2,116_49,5,19438.0,17971.0
Mouse_Thymus2,96_54,6,17438.0,18471.0
Mouse_Thymus2,23_53,2,10138.0,18371.0
Mouse_Thymus2,79_21,5,15738.0,15171.0
Mouse_Thymus2,89_40,6,16738.0,17071.0
Mouse_Thymus2,99_50,6,17738.0,18071.0
Mouse_Thymus2,10_43,2,8838.0,17371.0
Mouse_Thymus2,23_41,6,10138.0,17171.0
Mouse_Thymus2,92_10,6,17038.0,14071.0
Mouse_Thymus2,34_44,5,11238.0,17471.0
Mouse_Thymus2,55_35,1,13338.0,16571.0
Mouse_Thymus2,98_7,8,17638.0,13771.0
Mouse_Thymus2,90_44,6,16838.0,17471.0
Mouse_Thymus2,91_46,7,16938.0,17671.0
Mouse_Thymus2,81_46,6,15938.0,17671.0
Mouse_Thymus2,57_42,6,13538.0,17271.0
Mouse_Thymus2,69_7,6,14738.0,13771.0
Mouse_Thymus2,81_33,6,15938.0,16371.0
Mouse_Thymus2,84_3,6,16238.0,13371.0
Mouse_Thymus2,49_31,1,12738.0,16171.0
Mouse_Thymus2,50_22,6,12838.0,15271.0
Mouse_Thymus2,95_56,6,17338.0,18671.0
Mouse_Thymus2,39_47,2,11738.0,17771.0
Mouse_Thymus2,65_12,8,14338.0,14271.0
Mouse_Thymus2,76_43,8,15438.0,17371.0
Mouse_Thymus2,83_25,8,16138.0,15571.0
Mouse_Thymus2,90_40,7,16838.0,17071.0
Mouse_Thymus2,112_54,6,19038.0,18471.0
Mouse_Thymus2,12_41,2,9038.0,17171.0
Mouse_Thymus2,84_50,8,16238.0,18071.0
Mouse_Thymus2,49_45,2,12738.0,17571.0
Mouse_Thymus2,117_38,2,19538.0,16871.0
Mouse_Thymus2,41_35,2,11938.0,16571.0
Mouse_Thymus2,32_32,1,11038.0,16271.0
Mouse_Thymus2,103_35,5,18138.0,16571.0
Mouse_Thymus2,33_26,2,11138.0,15671.0
Mouse_Thymus2,87_35,2,16538.0,16571.0
Mouse_Thymus2,17_41,6,9538.0,17171.0
Mouse_Thymus2,99_36,5,17738.0,16671.0
Mouse_Thymus2,30_30,7,10838.0,16071.0
Mouse_Thymus2,40_35,7,11838.0,16571.0
Mouse_Thymus2,59_20,8,13738.0,15071.0
Mouse_Thymus2,90_55,6,16838.0,18571.0
Mouse_Thymus2,119_57,7,19738.0,18771.0
Mouse_Thymus2,80_18,5,15838.0,14871.0
Mouse_Thymus2,69_26,5,14738.0,15671.0
Mouse_Thymus2,89_18,5,16738.0,14871.0
Mouse_Thymus2,95_32,8,17338.0,16271.0
Mouse_Thymus2,109_30,7,18738.0,16071.0
Mouse_Thymus2,27_47,5,10538.0,17771.0
Mouse_Thymus2,98_32,5,17638.0,16271.0
Mouse_Thymus2,97_58,2,17538.0,18871.0
Mouse_Thymus2,56_36,1,13438.0,16671.0
Mouse_Thymus2,92_36,6,17038.0,16671.0
Mouse_Thymus2,79_22,5,15738.0,15271.0
Mouse_Thymus2,63_27,1,14138.0,15771.0
Mouse_Thymus2,99_27,5,17738.0,15771.0
Mouse_Thymus2,105_30,8,18338.0,16071.0
Mouse_Thymus2,101_49,6,17938.0,17971.0
Mouse_Thymus2,34_34,7,11238.0,16471.0
Mouse_Thymus2,16_53,8,9438.0,18371.0
Mouse_Thymus2,47_43,5,12538.0,17371.0
Mouse_Thymus2,24_45,5,10238.0,17571.0
Mouse_Thymus2,113_64,2,19138.0,19471.0
Mouse_Thymus2,24_55,8,10238.0,18571.0
Mouse_Thymus2,39_42,5,11738.0,17271.0
Mouse_Thymus2,37_26,6,11538.0,15671.0
Mouse_Thymus2,74_19,8,15238.0,14971.0
Mouse_Thymus2,20_55,8,9838.0,18571.0
Mouse_Thymus2,16_44,5,9438.0,17471.0
Mouse_Thymus2,95_37,6,17338.0,16771.0
Mouse_Thymus2,122_51,6,20038.0,18171.0
Mouse_Thymus2,51_27,5,12938.0,15771.0
Mouse_Thymus2,97_48,8,17538.0,17871.0
Mouse_Thymus2,76_26,5,15438.0,15671.0
Mouse_Thymus2,73_15,2,15138.0,14571.0
Mouse_Thymus2,71_9,8,14938.0,13971.0
Mouse_Thymus2,118_43,2,19638.0,17371.0
Mouse_Thymus2,55_36,1,13338.0,16671.0
Mouse_Thymus2,11_46,8,8938.0,17671.0
Mouse_Thymus2,26_41,2,10438.0,17171.0
Mouse_Thymus2,66_23,1,14438.0,15371.0
Mouse_Thymus2,79_2,7,15738.0,13271.0
Mouse_Thymus2,111_30,6,18938.0,16071.0
Mouse_Thymus2,34_27,6,11238.0,15771.0
Mouse_Thymus2,111_32,7,18938.0,16271.0
Mouse_Thymus2,80_34,6,15838.0,16471.0
Mouse_Thymus2,5_48,9,8338.0,17871.0
Mouse_Thymus2,76_15,1,15438.0,14571.0
Mouse_Thymus2,72_6,6,15038.0,13671.0
Mouse_Thymus2,118_42,2,19638.0,17271.0
Mouse_Thymus2,94_21,1,17238.0,15171.0
Mouse_Thymus2,122_68,2,20038.0,19871.0
Mouse_Thymus2,63_25,5,14138.0,15571.0
Mouse_Thymus2,109_32,6,18738.0,16271.0
Mouse_Thymus2,91_20,5,16938.0,15071.0
Mouse_Thymus2,59_39,2,13738.0,16971.0
Mouse_Thymus2,112_36,6,19038.0,16671.0
Mouse_Thymus2,111_49,6,18938.0,17971.0
Mouse_Thymus2,59_22,1,13738.0,15271.0
Mouse_Thymus2,76_5,6,15438.0,13571.0
Mouse_Thymus2,33_51,2,11138.0,18171.0
Mouse_Thymus2,104_55,6,18238.0,18571.0
Mouse_Thymus2,82_5,6,16038.0,13571.0
Mouse_Thymus2,95_30,8,17338.0,16071.0
Mouse_Thymus2,70_27,5,14838.0,15771.0
Mouse_Thymus2,86_47,6,16438.0,17771.0
Mouse_Thymus2,91_23,5,16938.0,15371.0
Mouse_Thymus2,16_50,6,9438.0,18071.0
Mouse_Thymus2,40_34,7,11838.0,16471.0
Mouse_Thymus2,93_60,2,17138.0,19071.0
Mouse_Thymus2,69_23,5,14738.0,15371.0
Mouse_Thymus2,35_25,6,11338.0,15571.0
Mouse_Thymus2,23_38,1,10138.0,16871.0
Mouse_Thymus2,20_47,5,9838.0,17771.0
Mouse_Thymus2,124_58,7,20238.0,18871.0
Mouse_Thymus2,85_46,7,16338.0,17671.0
Mouse_Thymus2,44_48,6,12238.0,17871.0
Mouse_Thymus2,51_29,5,12938.0,15971.0
Mouse_Thymus2,68_14,2,14638.0,14471.0
Mouse_Thymus2,94_27,5,17238.0,15771.0
Mouse_Thymus2,110_40,5,18838.0,17071.0
Mouse_Thymus2,112_35,6,19038.0,16571.0
Mouse_Thymus2,62_12,2,14038.0,14271.0
Mouse_Thymus2,38_49,2,11638.0,17971.0
Mouse_Thymus2,77_18,2,15538.0,14871.0
Mouse_Thymus2,62_39,2,14038.0,16971.0
Mouse_Thymus2,44_27,5,12238.0,15771.0
Mouse_Thymus2,85_16,5,16338.0,14671.0
Mouse_Thymus2,98_9,2,17638.0,13971.0
Mouse_Thymus2,31_36,7,10938.0,16671.0
Mouse_Thymus2,45_29,5,12338.0,15971.0
Mouse_Thymus2,50_21,6,12838.0,15171.0
Mouse_Thymus2,55_33,5,13338.0,16371.0
Mouse_Thymus2,22_46,5,10038.0,17671.0
Mouse_Thymus2,71_2,2,14938.0,13271.0
Mouse_Thymus2,86_17,5,16438.0,14771.0
Mouse_Thymus2,98_27,1,17638.0,15771.0
Mouse_Thymus2,89_20,5,16738.0,15071.0
Mouse_Thymus2,62_29,5,14038.0,15971.0
Mouse_Thymus2,20_48,8,9838.0,17871.0
Mouse_Thymus2,15_47,5,9338.0,17771.0
Mouse_Thymus2,35_44,5,11338.0,17471.0
Mouse_Thymus2,119_45,6,19738.0,17571.0
Mouse_Thymus2,58_39,2,13638.0,16971.0
Mouse_Thymus2,71_23,5,14938.0,15371.0
Mouse_Thymus2,81_34,7,15938.0,16471.0
Mouse_Thymus2,113_48,1,19138.0,17871.0
Mouse_Thymus2,106_33,5,18438.0,16371.0
Mouse_Thymus2,112_48,1,19038.0,17871.0
Mouse_Thymus2,89_54,2,16738.0,18471.0
Mouse_Thymus2,72_34,8,15038.0,16471.0
Mouse_Thymus2,35_38,7,11338.0,16871.0
Mouse_Thymus2,21_39,2,9938.0,16971.0
Mouse_Thymus2,76_0,7,15438.0,13071.0
Mouse_Thymus2,56_17,7,13438.0,14771.0
Mouse_Thymus2,71_37,5,14938.0,16771.0
Mouse_Thymus2,77_0,2,15538.0,13071.0
Mouse_Thymus2,94_8,1,17238.0,13871.0
Mouse_Thymus2,75_11,6,15338.0,14171.0
Mouse_Thymus2,56_41,6,13438.0,17171.0
Mouse_Thymus2,73_7,6,15138.0,13771.0
Mouse_Thymus2,90_47,6,16838.0,17771.0
Mouse_Thymus2,103_50,6,18138.0,18071.0
Mouse_Thymus2,27_55,2,10538.0,18571.0
Mouse_Thymus2,22_54,2,10038.0,18471.0
Mouse_Thymus2,103_57,2,18138.0,18771.0
Mouse_Thymus2,72_0,2,15038.0,13071.0
Mouse_Thymus2,78_49,6,15638.0,17971.0
Mouse_Thymus2,30_28,7,10838.0,15871.0
Mouse_Thymus2,98_21,5,17638.0,15171.0
Mouse_Thymus2,74_41,7,15238.0,17171.0
Mouse_Thymus2,85_29,1,16338.0,15971.0
Mouse_Thymus2,47_27,5,12538.0,15771.0
Mouse_Thymus2,102_29,5,18038.0,15971.0
Mouse_Thymus2,56_30,1,13438.0,16071.0
Mouse_Thymus2,76_9,6,15438.0,13971.0
Mouse_Thymus2,35_45,5,11338.0,17571.0
Mouse_Thymus2,106_53,6,18438.0,18371.0
Mouse_Thymus2,104_45,8,18238.0,17571.0
Mouse_Thymus2,90_50,6,16838.0,18071.0
Mouse_Thymus2,73_8,6,15138.0,13871.0
Mouse_Thymus2,63_18,8,14138.0,14871.0
Mouse_Thymus2,23_45,5,10138.0,17571.0
Mouse_Thymus2,93_14,1,17138.0,14471.0
Mouse_Thymus2,36_53,2,11438.0,18371.0
Mouse_Thymus2,33_44,5,11138.0,17471.0
Mouse_Thymus2,105_35,5,18338.0,16571.0
Mouse_Thymus2,110_49,7,18838.0,17971.0
Mouse_Thymus2,110_44,5,18838.0,17471.0
Mouse_Thymus2,65_18,1,14338.0,14871.0
Mouse_Thymus2,96_27,1,17438.0,15771.0
Mouse_Thymus2,93_23,5,17138.0,15371.0
Mouse_Thymus2,68_5,9,14638.0,13571.0
Mouse_Thymus2,86_23,7,16438.0,15371.0
Mouse_Thymus2,115_45,5,19338.0,17571.0
Mouse_Thymus2,63_28,5,14138.0,15871.0
Mouse_Thymus2,101_53,6,17938.0,18371.0
Mouse_Thymus2,89_26,2,16738.0,15671.0
Mouse_Thymus2,39_35,7,11738.0,16571.0
Mouse_Thymus2,119_56,1,19738.0,18671.0
Mouse_Thymus2,100_39,5,17838.0,16971.0
Mouse_Thymus2,9_49,8,8738.0,17971.0
Mouse_Thymus2,85_31,2,16338.0,16171.0
Mouse_Thymus2,55_27,5,13338.0,15771.0
Mouse_Thymus2,75_29,5,15338.0,15971.0
Mouse_Thymus2,98_16,6,17638.0,14671.0
Mouse_Thymus2,81_21,5,15938.0,15171.0
Mouse_Thymus2,102_27,5,18038.0,15771.0
Mouse_Thymus2,39_39,1,11738.0,16971.0
Mouse_Thymus2,24_49,1,10238.0,17971.0
Mouse_Thymus2,27_39,2,10538.0,16971.0
Mouse_Thymus2,96_48,6,17438.0,17871.0
Mouse_Thymus2,93_22,5,17138.0,15271.0
Mouse_Thymus2,73_31,5,15138.0,16171.0
Mouse_Thymus2,87_44,6,16538.0,17471.0
Mouse_Thymus2,38_40,5,11638.0,17071.0
Mouse_Thymus2,77_34,5,15538.0,16471.0
Mouse_Thymus2,98_55,6,17638.0,18571.0
Mouse_Thymus2,37_50,6,11538.0,18071.0
Mouse_Thymus2,104_57,6,18238.0,18771.0
Mouse_Thymus2,29_52,6,10738.0,18271.0
Mouse_Thymus2,61_40,6,13938.0,17071.0
Mouse_Thymus2,78_2,7,15638.0,13271.0
Mouse_Thymus2,63_40,6,14138.0,17071.0
Mouse_Thymus2,82_48,7,16038.0,17871.0
Mouse_Thymus2,82_45,7,16038.0,17571.0
Mouse_Thymus2,112_57,6,19038.0,18771.0
Mouse_Thymus2,99_23,5,17738.0,15371.0
Mouse_Thymus2,46_18,6,12438.0,14871.0
Mouse_Thymus2,25_45,5,10338.0,17571.0
Mouse_Thymus2,51_15,2,12938.0,14571.0
Mouse_Thymus2,36_33,6,11438.0,16371.0
Mouse_Thymus2,26_35,6,10438.0,16571.0
Mouse_Thymus2,78_35,5,15638.0,16571.0
Mouse_Thymus2,85_51,8,16338.0,18171.0
Mouse_Thymus2,43_27,5,12138.0,15771.0
Mouse_Thymus2,46_23,2,12438.0,15371.0
Mouse_Thymus2,62_19,1,14038.0,14971.0
Mouse_Thymus2,46_43,5,12438.0,17371.0
Mouse_Thymus2,76_25,5,15438.0,15571.0
Mouse_Thymus2,69_32,2,14738.0,16271.0
Mouse_Thymus2,81_38,5,15938.0,16871.0
Mouse_Thymus2,115_41,7,19338.0,17171.0
Mouse_Thymus2,102_34,1,18038.0,16471.0
Mouse_Thymus2,71_29,5,14938.0,15971.0
Mouse_Thymus2,104_19,6,18238.0,14971.0
Mouse_Thymus2,49_19,6,12738.0,14971.0
Mouse_Thymus2,32_29,2,11038.0,15971.0
Mouse_Thymus2,74_29,1,15238.0,15971.0
Mouse_Thymus2,4_44,7,8238.0,17471.0
Mouse_Thymus2,114_50,6,19238.0,18071.0
Mouse_Thymus2,36_29,1,11438.0,15971.0
Mouse_Thymus2,11_43,2,8938.0,17371.0
Mouse_Thymus2,61_28,5,13938.0,15871.0
Mouse_Thymus2,78_39,5,15638.0,16971.0
Mouse_Thymus2,53_26,1,13138.0,15671.0
Mouse_Thymus2,23_39,6,10138.0,16971.0
Mouse_Thymus2,55_18,8,13338.0,14871.0
Mouse_Thymus2,75_40,5,15338.0,17071.0
Mouse_Thymus2,70_14,7,14838.0,14471.0
Mouse_Thymus2,61_29,5,13938.0,15971.0
Mouse_Thymus2,78_10,1,15638.0,14071.0
Mouse_Thymus2,38_53,2,11638.0,18371.0
Mouse_Thymus2,108_33,2,18638.0,16371.0
Mouse_Thymus2,33_47,5,11138.0,17771.0
Mouse_Thymus2,124_72,2,20238.0,20271.0
Mouse_Thymus2,3_46,7,8138.0,17671.0
Mouse_Thymus2,23_54,2,10138.0,18471.0
Mouse_Thymus2,83_1,2,16138.0,13171.0
Mouse_Thymus2,124_59,2,20238.0,18971.0
Mouse_Thymus2,81_53,8,15938.0,18371.0
Mouse_Thymus2,94_13,7,17238.0,14371.0
Mouse_Thymus2,107_56,2,18538.0,18671.0
Mouse_Thymus2,114_62,2,19238.0,19271.0
Mouse_Thymus2,12_47,1,9038.0,17771.0
Mouse_Thymus2,54_17,6,13238.0,14771.0
Mouse_Thymus2,91_42,6,16938.0,17271.0
Mouse_Thymus2,87_32,6,16538.0,16271.0
Mouse_Thymus2,118_48,5,19638.0,17871.0
Mouse_Thymus2,87_21,5,16538.0,15171.0
Mouse_Thymus2,55_14,6,13338.0,14471.0
Mouse_Thymus2,46_45,7,12438.0,17571.0
Mouse_Thymus2,32_34,2,11038.0,16471.0
Mouse_Thymus2,101_26,5,17938.0,15671.0
Mouse_Thymus2,10_45,7,8838.0,17571.0
Mouse_Thymus2,108_28,2,18638.0,15871.0
Mouse_Thymus2,88_57,8,16638.0,18771.0
Mouse_Thymus2,67_8,7,14538.0,13871.0
Mouse_Thymus2,121_58,5,19938.0,18871.0
Mouse_Thymus2,76_2,6,15438.0,13271.0
Mouse_Thymus2,55_40,7,13338.0,17071.0
Mouse_Thymus2,80_51,2,15838.0,18171.0
Mouse_Thymus2,103_46,6,18138.0,17671.0
Mouse_Thymus2,98_40,8,17638.0,17071.0
Mouse_Thymus2,74_14,6,15238.0,14471.0
Mouse_Thymus2,77_3,6,15538.0,13371.0
Mouse_Thymus2,19_50,6,9738.0,18071.0
Mouse_Thymus2,33_35,2,11138.0,16571.0
Mouse_Thymus2,106_55,8,18438.0,18571.0
Mouse_Thymus2,11_47,6,8938.0,17771.0
Mouse_Thymus2,98_48,8,17638.0,17871.0
Mouse_Thymus2,92_13,2,17038.0,14371.0
Mouse_Thymus2,69_18,6,14738.0,14871.0
Mouse_Thymus2,90_5,9,16838.0,13571.0
Mouse_Thymus2,87_20,5,16538.0,15071.0
Mouse_Thymus2,86_43,6,16438.0,17371.0
Mouse_Thymus2,76_35,5,15438.0,16571.0
Mouse_Thymus2,98_50,2,17638.0,18071.0
Mouse_Thymus2,107_27,2,18538.0,15771.0
Mouse_Thymus2,102_18,6,18038.0,14871.0
Mouse_Thymus2,57_16,7,13538.0,14671.0
Mouse_Thymus2,55_39,7,13338.0,16971.0
Mouse_Thymus2,104_20,7,18238.0,15071.0
Mouse_Thymus2,105_21,8,18338.0,15171.0
Mouse_Thymus2,65_26,1,14338.0,15671.0
Mouse_Thymus2,10_42,2,8838.0,17271.0
Mouse_Thymus2,74_34,5,15238.0,16471.0
Mouse_Thymus2,32_43,5,11038.0,17371.0
Mouse_Thymus2,82_13,2,16038.0,14371.0
Mouse_Thymus2,76_47,2,15438.0,17771.0
Mouse_Thymus2,122_65,5,20038.0,19571.0
Mouse_Thymus2,84_8,6,16238.0,13871.0
Mouse_Thymus2,118_58,5,19638.0,18871.0
Mouse_Thymus2,40_31,7,11838.0,16171.0
Mouse_Thymus2,44_34,2,12238.0,16471.0
Mouse_Thymus2,95_26,5,17338.0,15671.0
Mouse_Thymus2,83_15,1,16138.0,14571.0
Mouse_Thymus2,70_41,2,14838.0,17171.0
Mouse_Thymus2,123_72,2,20138.0,20271.0
Mouse_Thymus2,41_37,2,11938.0,16771.0
Mouse_Thymus2,75_30,5,15338.0,16071.0
Mouse_Thymus2,75_23,1,15338.0,15371.0
Mouse_Thymus2,93_30,2,17138.0,16071.0
Mouse_Thymus2,111_53,6,18938.0,18371.0
Mouse_Thymus2,68_30,7,14638.0,16071.0
Mouse_Thymus2,69_35,5,14738.0,16571.0
Mouse_Thymus2,77_9,7,15538.0,13971.0
Mouse_Thymus2,44_23,2,12238.0,15371.0
Mouse_Thymus2,95_28,8,17338.0,15871.0
Mouse_Thymus2,40_47,6,11838.0,17771.0
Mouse_Thymus2,93_26,5,17138.0,15671.0
Mouse_Thymus2,21_40,2,9938.0,17071.0
Mouse_Thymus2,32_53,2,11038.0,18371.0
Mouse_Thymus2,110_60,6,18838.0,19071.0
Mouse_Thymus2,62_41,2,14038.0,17171.0
Mouse_Thymus2,76_19,1,15438.0,14971.0
Mouse_Thymus2,121_44,2,19938.0,17471.0
Mouse_Thymus2,124_60,6,20238.0,19071.0
Mouse_Thymus2,58_21,6,13638.0,15171.0
Mouse_Thymus2,99_20,5,17738.0,15071.0
Mouse_Thymus2,72_15,2,15038.0,14571.0
Mouse_Thymus2,90_19,5,16838.0,14971.0
Mouse_Thymus2,115_48,1,19338.0,17871.0
Mouse_Thymus2,37_28,7,11538.0,15871.0
Mouse_Thymus2,73_14,6,15138.0,14471.0
Mouse_Thymus2,62_35,5,14038.0,16571.0
Mouse_Thymus2,80_8,6,15838.0,13871.0
Mouse_Thymus2,45_31,1,12338.0,16171.0
Mouse_Thymus2,18_41,8,9638.0,17171.0
Mouse_Thymus2,41_22,2,11938.0,15271.0
Mouse_Thymus2,123_65,5,20138.0,19571.0
Mouse_Thymus2,79_40,5,15738.0,17071.0
Mouse_Thymus2,60_35,5,13838.0,16571.0
Mouse_Thymus2,58_27,5,13638.0,15771.0
Mouse_Thymus2,46_16,9,12438.0,14671.0
Mouse_Thymus2,113_58,7,19138.0,18871.0
Mouse_Thymus2,114_64,2,19238.0,19471.0
Mouse_Thymus2,37_53,2,11538.0,18371.0
Mouse_Thymus2,80_35,8,15838.0,16571.0
Mouse_Thymus2,11_50,2,8938.0,18071.0
Mouse_Thymus2,93_11,2,17138.0,14171.0
Mouse_Thymus2,82_37,8,16038.0,16771.0
Mouse_Thymus2,77_50,2,15538.0,18071.0
Mouse_Thymus2,37_39,5,11538.0,16971.0
Mouse_Thymus2,100_55,2,17838.0,18571.0
Mouse_Thymus2,113_63,6,19138.0,19371.0
Mouse_Thymus2,35_26,6,11338.0,15671.0
Mouse_Thymus2,26_43,5,10438.0,17371.0
Mouse_Thymus2,59_36,5,13738.0,16671.0
Mouse_Thymus2,74_35,5,15238.0,16571.0
Mouse_Thymus2,106_44,6,18438.0,17471.0
Mouse_Thymus2,13_40,2,9138.0,17071.0
Mouse_Thymus2,119_71,9,19738.0,20171.0
Mouse_Thymus2,80_22,5,15838.0,15271.0
Mouse_Thymus2,105_48,6,18338.0,17871.0
Mouse_Thymus2,119_38,7,19738.0,16871.0
Mouse_Thymus2,6_43,7,8438.0,17371.0
Mouse_Thymus2,94_20,8,17238.0,15071.0
Mouse_Thymus2,97_46,8,17538.0,17671.0
Mouse_Thymus2,65_10,2,14338.0,14071.0
Mouse_Thymus2,26_51,7,10438.0,18171.0
Mouse_Thymus2,76_7,1,15438.0,13771.0
Mouse_Thymus2,97_23,5,17538.0,15371.0
Mouse_Thymus2,94_32,8,17238.0,16271.0
Mouse_Thymus2,94_30,6,17238.0,16071.0
Mouse_Thymus2,35_47,5,11338.0,17771.0
Mouse_Thymus2,85_25,6,16338.0,15571.0
Mouse_Thymus2,111_41,5,18938.0,17171.0
Mouse_Thymus2,66_16,7,14438.0,14671.0
Mouse_Thymus2,71_26,5,14938.0,15671.0
Mouse_Thymus2,94_10,6,17238.0,14071.0
Mouse_Thymus2,40_49,6,11838.0,17971.0
Mouse_Thymus2,93_19,1,17138.0,14971.0
Mouse_Thymus2,32_46,5,11038.0,17671.0
Mouse_Thymus2,107_25,2,18538.0,15571.0
Mouse_Thymus2,81_24,5,15938.0,15471.0
Mouse_Thymus2,46_34,1,12438.0,16471.0
Mouse_Thymus2,81_18,5,15938.0,14871.0
Mouse_Thymus2,104_43,6,18238.0,17371.0
Mouse_Thymus2,108_23,1,18638.0,15371.0
Mouse_Thymus2,41_41,5,11938.0,17171.0
Mouse_Thymus2,71_17,7,14938.0,14771.0
Mouse_Thymus2,108_50,2,18638.0,18071.0
Mouse_Thymus2,63_16,5,14138.0,14671.0
Mouse_Thymus2,73_46,6,15138.0,17671.0
Mouse_Thymus2,16_49,6,9438.0,17971.0
Mouse_Thymus2,84_30,2,16238.0,16071.0
Mouse_Thymus2,39_37,6,11738.0,16771.0
Mouse_Thymus2,5_43,8,8338.0,17371.0
Mouse_Thymus2,16_52,2,9438.0,18271.0
Mouse_Thymus2,64_21,5,14238.0,15171.0
Mouse_Thymus2,38_22,9,11638.0,15271.0
Mouse_Thymus2,101_39,5,17938.0,16971.0
Mouse_Thymus2,100_34,5,17838.0,16471.0
Mouse_Thymus2,103_48,6,18138.0,17871.0
Mouse_Thymus2,38_33,1,11638.0,16371.0
Mouse_Thymus2,93_6,6,17138.0,13671.0
Mouse_Thymus2,22_39,7,10038.0,16971.0
Mouse_Thymus2,50_29,5,12838.0,15971.0
Mouse_Thymus2,52_17,2,13038.0,14771.0
Mouse_Thymus2,12_45,8,9038.0,17571.0
Mouse_Thymus2,44_32,1,12238.0,16271.0
Mouse_Thymus2,93_7,6,17138.0,13771.0
Mouse_Thymus2,48_30,1,12638.0,16071.0
Mouse_Thymus2,37_37,7,11538.0,16771.0
Mouse_Thymus2,97_53,7,17538.0,18371.0
Mouse_Thymus2,109_57,6,18738.0,18771.0
Mouse_Thymus2,96_8,6,17438.0,13871.0
Mouse_Thymus2,122_69,7,20038.0,19971.0
Mouse_Thymus2,41_21,6,11938.0,15171.0
Mouse_Thymus2,124_66,7,20238.0,19671.0
Mouse_Thymus2,91_19,5,16938.0,14971.0
Mouse_Thymus2,95_40,8,17338.0,17071.0
Mouse_Thymus2,104_39,5,18238.0,16971.0
Mouse_Thymus2,102_36,5,18038.0,16671.0
Mouse_Thymus2,18_52,7,9638.0,18271.0
Mouse_Thymus2,107_36,5,18538.0,16671.0
Mouse_Thymus2,72_33,7,15038.0,16371.0
Mouse_Thymus2,48_24,6,12638.0,15471.0
Mouse_Thymus2,67_23,5,14538.0,15371.0
Mouse_Thymus2,69_43,2,14738.0,17371.0
Mouse_Thymus2,69_40,2,14738.0,17071.0
Mouse_Thymus2,41_20,6,11938.0,15071.0
Mouse_Thymus2,81_23,5,15938.0,15371.0
Mouse_Thymus2,24_43,5,10238.0,17371.0
Mouse_Thymus2,90_57,7,16838.0,18771.0
Mouse_Thymus2,70_38,5,14838.0,16871.0
Mouse_Thymus2,73_18,7,15138.0,14871.0
Mouse_Thymus2,48_35,1,12638.0,16571.0
Mouse_Thymus2,12_49,2,9038.0,17971.0
Mouse_Thymus2,71_32,6,14938.0,16271.0
Mouse_Thymus2,117_56,1,19538.0,18671.0
Mouse_Thymus2,91_49,7,16938.0,17971.0
Mouse_Thymus2,95_36,2,17338.0,16671.0
Mouse_Thymus2,87_42,2,16538.0,17271.0
Mouse_Thymus2,32_36,7,11038.0,16671.0
Mouse_Thymus2,3_47,7,8138.0,17771.0
Mouse_Thymus2,31_37,6,10938.0,16771.0
Mouse_Thymus2,74_26,5,15238.0,15671.0
Mouse_Thymus2,73_13,6,15138.0,14371.0
Mouse_Thymus2,80_25,5,15838.0,15571.0
Mouse_Thymus2,95_34,1,17338.0,16471.0
Mouse_Thymus2,25_53,2,10338.0,18371.0
Mouse_Thymus2,83_50,6,16138.0,18071.0
Mouse_Thymus2,51_45,2,12938.0,17571.0
Mouse_Thymus2,43_50,2,12138.0,18071.0
Mouse_Thymus2,123_58,6,20138.0,18871.0
Mouse_Thymus2,116_57,7,19438.0,18771.0
Mouse_Thymus2,82_50,6,16038.0,18071.0
Mouse_Thymus2,69_24,5,14738.0,15471.0
Mouse_Thymus2,106_45,6,18438.0,17571.0
Mouse_Thymus2,94_7,2,17238.0,13771.0
Mouse_Thymus2,81_10,6,15938.0,14071.0
Mouse_Thymus2,100_14,2,17838.0,14471.0
Mouse_Thymus2,51_17,6,12938.0,14771.0
Mouse_Thymus2,52_45,9,13038.0,17571.0
Mouse_Thymus2,106_40,5,18438.0,17071.0
Mouse_Thymus2,34_53,2,11238.0,18371.0
Mouse_Thymus2,40_39,5,11838.0,16971.0
Mouse_Thymus2,106_28,6,18438.0,15871.0
Mouse_Thymus2,73_44,6,15138.0,17471.0
Mouse_Thymus2,80_47,6,15838.0,17771.0
Mouse_Thymus2,65_24,1,14338.0,15471.0
Mouse_Thymus2,75_33,5,15338.0,16371.0
Mouse_Thymus2,88_14,5,16638.0,14471.0
Mouse_Thymus2,102_38,5,18038.0,16871.0
Mouse_Thymus2,98_6,1,17638.0,13671.0
Mouse_Thymus2,79_11,2,15738.0,14171.0
Mouse_Thymus2,73_41,1,15138.0,17171.0
Mouse_Thymus2,43_20,6,12138.0,15071.0
Mouse_Thymus2,110_28,8,18838.0,15871.0
Mouse_Thymus2,96_38,8,17438.0,16871.0
Mouse_Thymus2,32_47,5,11038.0,17771.0
Mouse_Thymus2,92_27,5,17038.0,15771.0
Mouse_Thymus2,33_28,2,11138.0,15871.0
Mouse_Thymus2,87_24,2,16538.0,15471.0
Mouse_Thymus2,73_21,1,15138.0,15171.0
Mouse_Thymus2,92_46,6,17038.0,17671.0
Mouse_Thymus2,62_31,5,14038.0,16171.0
Mouse_Thymus2,112_37,1,19038.0,16771.0
Mouse_Thymus2,62_28,1,14038.0,15871.0
Mouse_Thymus2,113_38,6,19138.0,16871.0
Mouse_Thymus2,72_36,5,15038.0,16671.0
Mouse_Thymus2,93_57,6,17138.0,18771.0
Mouse_Thymus2,102_48,1,18038.0,17871.0
Mouse_Thymus2,39_32,2,11738.0,16271.0
Mouse_Thymus2,72_19,6,15038.0,14971.0
Mouse_Thymus2,35_43,5,11338.0,17371.0
Mouse_Thymus2,79_49,6,15738.0,17971.0
Mouse_Thymus2,70_24,5,14838.0,15471.0
Mouse_Thymus2,50_35,1,12838.0,16571.0
Mouse_Thymus2,79_29,5,15738.0,15971.0
Mouse_Thymus2,99_42,2,17738.0,17271.0
Mouse_Thymus2,100_27,5,17838.0,15771.0
Mouse_Thymus2,70_40,1,14838.0,17071.0
Mouse_Thymus2,118_66,2,19638.0,19671.0
Mouse_Thymus2,94_19,8,17238.0,14971.0
Mouse_Thymus2,114_46,5,19238.0,17671.0
Mouse_Thymus2,15_48,8,9338.0,17871.0
Mouse_Thymus2,95_39,8,17338.0,16971.0
Mouse_Thymus2,95_9,6,17338.0,13971.0
Mouse_Thymus2,62_15,7,14038.0,14571.0
Mouse_Thymus2,116_62,6,19438.0,19271.0
Mouse_Thymus2,96_51,6,17438.0,18171.0
Mouse_Thymus2,83_5,7,16138.0,13571.0
Mouse_Thymus2,27_50,5,10538.0,18071.0
Mouse_Thymus2,118_44,6,19638.0,17471.0
Mouse_Thymus2,106_31,7,18438.0,16171.0
Mouse_Thymus2,59_27,5,13738.0,15771.0
Mouse_Thymus2,23_51,2,10138.0,18171.0
Mouse_Thymus2,82_15,1,16038.0,14571.0
Mouse_Thymus2,114_44,5,19238.0,17471.0
Mouse_Thymus2,119_51,1,19738.0,18171.0
Mouse_Thymus2,118_69,8,19638.0,19971.0
Mouse_Thymus2,103_26,5,18138.0,15671.0
Mouse_Thymus2,93_16,7,17138.0,14671.0
Mouse_Thymus2,43_48,2,12138.0,17871.0
Mouse_Thymus2,61_27,5,13938.0,15771.0
Mouse_Thymus2,74_38,5,15238.0,16871.0
Mouse_Thymus2,124_69,2,20238.0,19971.0
Mouse_Thymus2,85_49,6,16338.0,17971.0
Mouse_Thymus2,49_32,6,12738.0,16271.0
Mouse_Thymus2,69_38,1,14738.0,16871.0
Mouse_Thymus2,73_5,6,15138.0,13571.0
Mouse_Thymus2,58_42,2,13638.0,17271.0
Mouse_Thymus2,100_53,6,17838.0,18371.0
Mouse_Thymus2,34_48,5,11238.0,17871.0
Mouse_Thymus2,51_22,6,12938.0,15271.0
Mouse_Thymus2,97_54,6,17538.0,18471.0
Mouse_Thymus2,39_34,2,11738.0,16471.0
Mouse_Thymus2,86_18,5,16438.0,14871.0
Mouse_Thymus2,92_14,1,17038.0,14471.0
Mouse_Thymus2,45_19,8,12338.0,14971.0
Mouse_Thymus2,34_32,1,11238.0,16271.0
Mouse_Thymus2,122_61,1,20038.0,19171.0
Mouse_Thymus2,19_46,5,9738.0,17671.0
Mouse_Thymus2,18_47,5,9638.0,17771.0
Mouse_Thymus2,52_22,2,13038.0,15271.0
Mouse_Thymus2,84_24,1,16238.0,15471.0
Mouse_Thymus2,82_23,5,16038.0,15371.0
Mouse_Thymus2,12_42,7,9038.0,17271.0
Mouse_Thymus2,122_59,6,20038.0,18971.0
Mouse_Thymus2,111_46,5,18938.0,17671.0
Mouse_Thymus2,47_24,7,12538.0,15471.0
Mouse_Thymus2,30_36,8,10838.0,16671.0
Mouse_Thymus2,73_12,7,15138.0,14271.0
Mouse_Thymus2,29_34,6,10738.0,16471.0
Mouse_Thymus2,69_8,2,14738.0,13871.0
Mouse_Thymus2,96_60,2,17438.0,19071.0
Mouse_Thymus2,21_53,2,9938.0,18371.0
Mouse_Thymus2,75_34,5,15338.0,16471.0
Mouse_Thymus2,104_29,8,18238.0,15971.0
Mouse_Thymus2,70_39,1,14838.0,16971.0
Mouse_Thymus2,71_42,2,14938.0,17271.0
Mouse_Thymus2,93_24,5,17138.0,15471.0
Mouse_Thymus2,108_37,5,18638.0,16771.0
Mouse_Thymus2,60_24,5,13838.0,15471.0
Mouse_Thymus2,91_43,6,16938.0,17371.0
Mouse_Thymus2,24_48,5,10238.0,17871.0
Mouse_Thymus2,21_52,6,9938.0,18271.0
Mouse_Thymus2,96_6,2,17438.0,13671.0
Mouse_Thymus2,101_58,6,17938.0,18871.0
Mouse_Thymus2,17_52,2,9538.0,18271.0
Mouse_Thymus2,82_46,6,16038.0,17671.0
Mouse_Thymus2,124_52,7,20238.0,18271.0
Mouse_Thymus2,71_25,5,14938.0,15571.0
Mouse_Thymus2,119_66,6,19738.0,19671.0
Mouse_Thymus2,86_28,5,16438.0,15871.0
Mouse_Thymus2,58_30,5,13638.0,16071.0
Mouse_Thymus2,39_49,2,11738.0,17971.0
Mouse_Thymus2,116_47,5,19438.0,17771.0
Mouse_Thymus2,100_60,7,17838.0,19071.0
Mouse_Thymus2,85_37,8,16338.0,16771.0
Mouse_Thymus2,9_44,6,8738.0,17471.0
Mouse_Thymus2,50_39,5,12838.0,16971.0
Mouse_Thymus2,54_33,1,13238.0,16371.0
Mouse_Thymus2,72_31,8,15038.0,16171.0
Mouse_Thymus2,40_52,1,11838.0,18271.0
Mouse_Thymus2,82_24,5,16038.0,15471.0
Mouse_Thymus2,74_37,5,15238.0,16771.0
Mouse_Thymus2,76_22,5,15438.0,15271.0
Mouse_Thymus2,84_41,6,16238.0,17171.0
Mouse_Thymus2,76_34,5,15438.0,16471.0
Mouse_Thymus2,54_22,7,13238.0,15271.0
Mouse_Thymus2,77_11,2,15538.0,14171.0
Mouse_Thymus2,120_67,2,19838.0,19771.0
Mouse_Thymus2,49_28,5,12738.0,15871.0
Mouse_Thymus2,100_9,9,17838.0,13971.0
Mouse_Thymus2,114_49,7,19238.0,17971.0
Mouse_Thymus2,97_38,8,17538.0,16871.0
Mouse_Thymus2,102_57,6,18038.0,18771.0
Mouse_Thymus2,42_35,2,12038.0,16571.0
Mouse_Thymus2,11_48,6,8938.0,17871.0
Mouse_Thymus2,78_43,5,15638.0,17371.0
Mouse_Thymus2,101_17,7,17938.0,14771.0
Mouse_Thymus2,95_58,6,17338.0,18871.0
Mouse_Thymus2,34_35,6,11238.0,16571.0
Mouse_Thymus2,109_55,6,18738.0,18571.0
Mouse_Thymus2,89_8,7,16738.0,13871.0
Mouse_Thymus2,66_33,5,14438.0,16371.0
Mouse_Thymus2,90_58,6,16838.0,18871.0
Mouse_Thymus2,95_23,5,17338.0,15371.0
Mouse_Thymus2,25_35,7,10338.0,16571.0
Mouse_Thymus2,3_44,2,8138.0,17471.0
Mouse_Thymus2,85_3,6,16338.0,13371.0
Mouse_Thymus2,53_25,7,13138.0,15571.0
Mouse_Thymus2,105_47,6,18338.0,17771.0
Mouse_Thymus2,84_20,5,16238.0,15071.0
Mouse_Thymus2,45_35,2,12338.0,16571.0
Mouse_Thymus2,43_18,2,12138.0,14871.0
Mouse_Thymus2,65_39,2,14338.0,16971.0
Mouse_Thymus2,96_13,6,17438.0,14371.0
Mouse_Thymus2,63_17,2,14138.0,14771.0
Mouse_Thymus2,96_9,2,17438.0,13971.0
Mouse_Thymus2,79_47,6,15738.0,17771.0
Mouse_Thymus2,107_54,2,18538.0,18471.0
Mouse_Thymus2,95_6,6,17338.0,13671.0
Mouse_Thymus2,28_34,2,10638.0,16471.0
Mouse_Thymus2,20_46,5,9838.0,17671.0
Mouse_Thymus2,106_57,2,18438.0,18771.0
Mouse_Thymus2,120_60,5,19838.0,19071.0
Mouse_Thymus2,124_68,7,20238.0,19871.0
Mouse_Thymus2,97_35,1,17538.0,16571.0
Mouse_Thymus2,115_47,5,19338.0,17771.0
Mouse_Thymus2,65_17,6,14338.0,14771.0
Mouse_Thymus2,67_26,5,14538.0,15671.0
Mouse_Thymus2,68_34,5,14638.0,16471.0
Mouse_Thymus2,51_32,1,12938.0,16271.0
Mouse_Thymus2,88_53,2,16638.0,18371.0
Mouse_Thymus2,29_31,2,10738.0,16171.0
Mouse_Thymus2,122_71,7,20038.0,20171.0
Mouse_Thymus2,50_32,5,12838.0,16271.0
Mouse_Thymus2,81_29,1,15938.0,15971.0
Mouse_Thymus2,63_35,5,14138.0,16571.0
Mouse_Thymus2,82_22,5,16038.0,15271.0
Mouse_Thymus2,80_28,5,15838.0,15871.0
Mouse_Thymus2,90_9,2,16838.0,13971.0
Mouse_Thymus2,43_33,2,12138.0,16371.0
Mouse_Thymus2,81_2,6,15938.0,13271.0
Mouse_Thymus2,70_20,1,14838.0,15071.0
Mouse_Thymus2,123_67,1,20138.0,19771.0
Mouse_Thymus2,79_45,1,15738.0,17571.0
Mouse_Thymus2,80_48,8,15838.0,17871.0
Mouse_Thymus2,41_33,1,11938.0,16371.0
Mouse_Thymus2,43_19,6,12138.0,14971.0
Mouse_Thymus2,87_34,2,16538.0,16471.0
Mouse_Thymus2,73_10,8,15138.0,14071.0
Mouse_Thymus2,10_40,8,8838.0,17071.0
Mouse_Thymus2,22_53,7,10038.0,18371.0
Mouse_Thymus2,91_15,5,16938.0,14571.0
Mouse_Thymus2,86_27,7,16438.0,15771.0
Mouse_Thymus2,106_27,6,18438.0,15771.0
Mouse_Thymus2,61_25,5,13938.0,15571.0
Mouse_Thymus2,112_34,2,19038.0,16471.0
Mouse_Thymus2,70_29,1,14838.0,15971.0
Mouse_Thymus2,56_22,6,13438.0,15271.0
Mouse_Thymus2,74_42,6,15238.0,17271.0
Mouse_Thymus2,73_1,6,15138.0,13171.0
Mouse_Thymus2,34_36,6,11238.0,16671.0
Mouse_Thymus2,125_57,9,20338.0,18771.0
Mouse_Thymus2,86_29,6,16438.0,15971.0
Mouse_Thymus2,77_15,6,15538.0,14571.0
Mouse_Thymus2,118_37,1,19638.0,16771.0
Mouse_Thymus2,103_25,5,18138.0,15571.0
Mouse_Thymus2,20_52,6,9838.0,18271.0
Mouse_Thymus2,122_54,2,20038.0,18471.0
Mouse_Thymus2,12_43,6,9038.0,17371.0
Mouse_Thymus2,20_42,5,9838.0,17271.0
Mouse_Thymus2,55_28,5,13338.0,15871.0
Mouse_Thymus2,46_30,1,12438.0,16071.0
Mouse_Thymus2,42_50,6,12038.0,18071.0
Mouse_Thymus2,48_28,5,12638.0,15871.0
Mouse_Thymus2,94_34,6,17238.0,16471.0
Mouse_Thymus2,91_39,8,16938.0,16971.0
Mouse_Thymus2,60_41,6,13838.0,17171.0
Mouse_Thymus2,122_60,5,20038.0,19071.0
Mouse_Thymus2,40_44,5,11838.0,17471.0
Mouse_Thymus2,101_21,1,17938.0,15171.0
Mouse_Thymus2,74_17,6,15238.0,14771.0
Mouse_Thymus2,96_53,6,17438.0,18371.0
Mouse_Thymus2,88_20,5,16638.0,15071.0
Mouse_Thymus2,101_20,6,17938.0,15071.0
Mouse_Thymus2,94_15,6,17238.0,14571.0
Mouse_Thymus2,48_39,5,12638.0,16971.0
Mouse_Thymus2,10_48,6,8838.0,17871.0
Mouse_Thymus2,32_51,2,11038.0,18171.0
Mouse_Thymus2,33_53,2,11138.0,18371.0
Mouse_Thymus2,7_41,1,8538.0,17171.0
Mouse_Thymus2,113_51,7,19138.0,18171.0
Mouse_Thymus2,75_5,2,15338.0,13571.0
Mouse_Thymus2,116_66,2,19438.0,19671.0
Mouse_Thymus2,63_23,5,14138.0,15371.0
Mouse_Thymus2,75_45,6,15338.0,17571.0
Mouse_Thymus2,88_10,6,16638.0,14071.0
Mouse_Thymus2,41_47,1,11938.0,17771.0
Mouse_Thymus2,43_42,5,12138.0,17271.0
Mouse_Thymus2,97_10,6,17538.0,14071.0
Mouse_Thymus2,96_33,1,17438.0,16371.0
Mouse_Thymus2,100_19,1,17838.0,14971.0
Mouse_Thymus2,103_37,5,18138.0,16771.0
Mouse_Thymus2,66_9,6,14438.0,13971.0
Mouse_Thymus2,110_42,5,18838.0,17271.0
Mouse_Thymus2,79_42,5,15738.0,17271.0
Mouse_Thymus2,104_30,5,18238.0,16071.0
Mouse_Thymus2,82_53,6,16038.0,18371.0
Mouse_Thymus2,38_42,5,11638.0,17271.0
Mouse_Thymus2,91_24,5,16938.0,15471.0
Mouse_Thymus2,90_46,2,16838.0,17671.0
Mouse_Thymus2,42_27,5,12038.0,15771.0
Mouse_Thymus2,109_26,7,18738.0,15671.0
Mouse_Thymus2,86_22,5,16438.0,15271.0
Mouse_Thymus2,109_25,7,18738.0,15571.0
Mouse_Thymus2,94_5,2,17238.0,13571.0
Mouse_Thymus2,82_41,1,16038.0,17171.0
Mouse_Thymus2,95_14,7,17338.0,14471.0
Mouse_Thymus2,36_27,1,11438.0,15771.0
Mouse_Thymus2,117_57,5,19538.0,18771.0
Mouse_Thymus2,111_60,6,18938.0,19071.0
Mouse_Thymus2,107_26,2,18538.0,15671.0
Mouse_Thymus2,59_16,6,13738.0,14671.0
Mouse_Thymus2,45_28,5,12338.0,15871.0
Mouse_Thymus2,32_40,1,11038.0,17071.0
Mouse_Thymus2,121_68,2,19938.0,19871.0
Mouse_Thymus2,123_57,2,20138.0,18771.0
Mouse_Thymus2,105_55,8,18338.0,18571.0
Mouse_Thymus2,30_37,1,10838.0,16771.0
Mouse_Thymus2,96_44,1,17438.0,17471.0
Mouse_Thymus2,70_8,6,14838.0,13871.0
Mouse_Thymus2,75_28,1,15338.0,15871.0
Mouse_Thymus2,75_17,8,15338.0,14771.0
Mouse_Thymus2,97_34,5,17538.0,16471.0
Mouse_Thymus2,39_24,1,11738.0,15471.0
Mouse_Thymus2,71_8,6,14938.0,13871.0
Mouse_Thymus2,92_58,2,17038.0,18871.0
Mouse_Thymus2,108_26,6,18638.0,15671.0
Mouse_Thymus2,104_40,5,18238.0,17071.0
Mouse_Thymus2,124_56,2,20238.0,18671.0
Mouse_Thymus2,79_30,5,15738.0,16071.0
Mouse_Thymus2,56_24,6,13438.0,15471.0
Mouse_Thymus2,117_55,1,19538.0,18571.0
Mouse_Thymus2,71_14,6,14938.0,14471.0
Mouse_Thymus2,105_43,6,18338.0,17371.0
Mouse_Thymus2,99_56,2,17738.0,18671.0
Mouse_Thymus2,62_20,6,14038.0,15071.0
Mouse_Thymus2,42_52,9,12038.0,18271.0
Mouse_Thymus2,10_41,2,8838.0,17171.0
Mouse_Thymus2,44_49,6,12238.0,17971.0
Mouse_Thymus2,123_64,1,20138.0,19471.0
Mouse_Thymus2,93_50,6,17138.0,18071.0
Mouse_Thymus2,114_54,7,19238.0,18471.0
Mouse_Thymus2,75_36,5,15338.0,16671.0
Mouse_Thymus2,120_64,6,19838.0,19471.0
Mouse_Thymus2,79_20,5,15738.0,15071.0
Mouse_Thymus2,93_44,8,17138.0,17471.0
Mouse_Thymus2,47_33,1,12538.0,16371.0
Mouse_Thymus2,60_20,2,13838.0,15071.0
Mouse_Thymus2,19_49,6,9738.0,17971.0
Mouse_Thymus2,42_19,2,12038.0,14971.0
Mouse_Thymus2,83_6,6,16138.0,13671.0
Mouse_Thymus2,113_62,7,19138.0,19271.0
Mouse_Thymus2,117_60,5,19538.0,19071.0
Mouse_Thymus2,28_49,1,10638.0,17971.0
Mouse_Thymus2,89_52,6,16738.0,18271.0
Mouse_Thymus2,76_48,2,15438.0,17871.0
Mouse_Thymus2,121_64,2,19938.0,19471.0
Mouse_Thymus2,32_50,6,11038.0,18071.0
Mouse_Thymus2,94_29,6,17238.0,15971.0
Mouse_Thymus2,90_34,6,16838.0,16471.0
Mouse_Thymus2,95_7,7,17338.0,13771.0
Mouse_Thymus2,82_28,7,16038.0,15871.0
Mouse_Thymus2,84_32,6,16238.0,16271.0
Mouse_Thymus2,98_45,2,17638.0,17571.0
Mouse_Thymus2,86_49,6,16438.0,17971.0
Mouse_Thymus2,118_67,6,19638.0,19771.0
Mouse_Thymus2,88_50,6,16638.0,18071.0
Mouse_Thymus2,70_22,5,14838.0,15271.0
Mouse_Thymus2,31_46,5,10938.0,17671.0
Mouse_Thymus2,98_38,5,17638.0,16871.0
Mouse_Thymus2,83_12,6,16138.0,14271.0
Mouse_Thymus2,85_44,1,16338.0,17471.0
Mouse_Thymus2,49_41,5,12738.0,17171.0
Mouse_Thymus2,32_54,2,11038.0,18471.0
Mouse_Thymus2,47_30,1,12538.0,16071.0
Mouse_Thymus2,90_6,2,16838.0,13671.0
Mouse_Thymus2,115_54,2,19338.0,18471.0
Mouse_Thymus2,78_27,5,15638.0,15771.0
Mouse_Thymus2,112_47,5,19038.0,17771.0
Mouse_Thymus2,67_17,6,14538.0,14771.0
Mouse_Thymus2,91_47,6,16938.0,17771.0
Mouse_Thymus2,122_62,5,20038.0,19271.0
Mouse_Thymus2,81_5,6,15938.0,13571.0
Mouse_Thymus2,115_66,8,19338.0,19671.0
Mouse_Thymus2,110_36,5,18838.0,16671.0
Mouse_Thymus2,87_29,6,16538.0,15971.0
Mouse_Thymus2,107_28,2,18538.0,15871.0
Mouse_Thymus2,36_47,5,11438.0,17771.0
Mouse_Thymus2,14_39,1,9238.0,16971.0
Mouse_Thymus2,100_25,5,17838.0,15571.0
Mouse_Thymus2,73_0,2,15138.0,13071.0
Mouse_Thymus2,84_42,6,16238.0,17271.0
Mouse_Thymus2,104_21,2,18238.0,15171.0
Mouse_Thymus2,43_45,5,12138.0,17571.0
Mouse_Thymus2,56_15,6,13438.0,14571.0
Mouse_Thymus2,8_42,8,8638.0,17271.0
Mouse_Thymus2,68_18,8,14638.0,14871.0
Mouse_Thymus2,44_38,5,12238.0,16871.0
Mouse_Thymus2,30_27,7,10838.0,15771.0
Mouse_Thymus2,46_31,1,12438.0,16171.0
Mouse_Thymus2,36_46,5,11438.0,17671.0
Mouse_Thymus2,75_25,5,15338.0,15571.0
Mouse_Thymus2,94_43,6,17238.0,17371.0
Mouse_Thymus2,84_4,6,16238.0,13471.0
Mouse_Thymus2,33_39,8,11138.0,16971.0
Mouse_Thymus2,6_41,9,8438.0,17171.0
Mouse_Thymus2,81_44,8,15938.0,17471.0
Mouse_Thymus2,56_25,7,13438.0,15571.0
Mouse_Thymus2,70_13,6,14838.0,14371.0
Mouse_Thymus2,60_40,6,13838.0,17071.0
Mouse_Thymus2,86_41,6,16438.0,17171.0
Mouse_Thymus2,52_37,5,13038.0,16771.0
Mouse_Thymus2,115_57,7,19338.0,18771.0
Mouse_Thymus2,105_52,2,18338.0,18271.0
Mouse_Thymus2,95_16,6,17338.0,14671.0
Mouse_Thymus2,121_57,1,19938.0,18771.0
Mouse_Thymus2,77_39,5,15538.0,16971.0
Mouse_Thymus2,50_34,1,12838.0,16471.0
Mouse_Thymus2,72_28,5,15038.0,15871.0
Mouse_Thymus2,72_7,8,15038.0,13771.0
Mouse_Thymus2,96_61,2,17438.0,19171.0
Mouse_Thymus2,46_46,6,12438.0,17671.0
Mouse_Thymus2,33_33,7,11138.0,16371.0
Mouse_Thymus2,70_16,8,14838.0,14671.0
Mouse_Thymus2,105_54,8,18338.0,18471.0
Mouse_Thymus2,31_39,2,10938.0,16971.0
Mouse_Thymus2,62_27,5,14038.0,15771.0
Mouse_Thymus2,90_48,6,16838.0,17871.0
Mouse_Thymus2,45_41,5,12338.0,17171.0
Mouse_Thymus2,80_20,5,15838.0,15071.0
Mouse_Thymus2,82_6,7,16038.0,13671.0
Mouse_Thymus2,48_34,8,12638.0,16471.0
Mouse_Thymus2,105_33,5,18338.0,16371.0
Mouse_Thymus2,82_27,7,16038.0,15771.0
Mouse_Thymus2,55_24,8,13338.0,15471.0
Mouse_Thymus2,99_33,5,17738.0,16371.0
Mouse_Thymus2,48_19,6,12638.0,14971.0
Mouse_Thymus2,33_54,2,11138.0,18471.0
Mouse_Thymus2,72_41,2,15038.0,17171.0
Mouse_Thymus2,64_13,6,14238.0,14371.0
Mouse_Thymus2,56_34,5,13438.0,16471.0
Mouse_Thymus2,66_31,1,14438.0,16171.0
Mouse_Thymus2,68_36,5,14638.0,16671.0
Mouse_Thymus2,49_22,6,12738.0,15271.0
Mouse_Thymus2,83_42,1,16138.0,17271.0
Mouse_Thymus2,64_30,5,14238.0,16071.0
Mouse_Thymus2,63_30,5,14138.0,16071.0
Mouse_Thymus2,92_22,5,17038.0,15271.0
Mouse_Thymus2,119_68,6,19738.0,19871.0
Mouse_Thymus2,95_5,2,17338.0,13571.0
Mouse_Thymus2,35_33,7,11338.0,16371.0
Mouse_Thymus2,32_56,9,11038.0,18671.0
Mouse_Thymus2,21_37,6,9938.0,16771.0
Mouse_Thymus2,48_15,9,12638.0,14571.0
Mouse_Thymus2,96_39,2,17438.0,16971.0
Mouse_Thymus2,29_29,9,10738.0,15971.0
Mouse_Thymus2,112_38,1,19038.0,16871.0
Mouse_Thymus2,117_44,6,19538.0,17471.0
Mouse_Thymus2,42_47,2,12038.0,17771.0
Mouse_Thymus2,60_12,2,13838.0,14271.0
Mouse_Thymus2,91_45,6,16938.0,17571.0
Mouse_Thymus2,70_25,5,14838.0,15571.0
Mouse_Thymus2,89_43,6,16738.0,17371.0
Mouse_Thymus2,79_18,5,15738.0,14871.0
Mouse_Thymus2,49_23,6,12738.0,15371.0
Mouse_Thymus2,74_4,6,15238.0,13471.0
Mouse_Thymus2,49_36,5,12738.0,16671.0
Mouse_Thymus2,72_10,6,15038.0,14071.0
Mouse_Thymus2,54_38,5,13238.0,16871.0
Mouse_Thymus2,6_47,2,8438.0,17771.0
Mouse_Thymus2,61_16,6,13938.0,14671.0
Mouse_Thymus2,66_32,1,14438.0,16271.0
Mouse_Thymus2,43_43,5,12138.0,17371.0
Mouse_Thymus2,57_41,2,13538.0,17171.0
Mouse_Thymus2,122_66,5,20038.0,19671.0
Mouse_Thymus2,90_26,1,16838.0,15671.0
Mouse_Thymus2,89_4,9,16738.0,13471.0
Mouse_Thymus2,37_35,1,11538.0,16571.0
Mouse_Thymus2,29_44,5,10738.0,17471.0
Mouse_Thymus2,73_38,5,15138.0,16871.0
Mouse_Thymus2,33_43,5,11138.0,17371.0
Mouse_Thymus2,50_45,2,12838.0,17571.0
Mouse_Thymus2,112_30,7,19038.0,16071.0
Mouse_Thymus2,119_49,2,19738.0,17971.0
Mouse_Thymus2,84_16,5,16238.0,14671.0
Mouse_Thymus2,58_32,5,13638.0,16271.0
Mouse_Thymus2,47_19,6,12538.0,14971.0
Mouse_Thymus2,89_22,5,16738.0,15271.0
Mouse_Thymus2,112_55,6,19038.0,18571.0
Mouse_Thymus2,63_24,5,14138.0,15471.0
Mouse_Thymus2,109_56,6,18738.0,18671.0
Mouse_Thymus2,47_37,5,12538.0,16771.0
Mouse_Thymus2,48_29,5,12638.0,15971.0
Mouse_Thymus2,67_33,5,14538.0,16371.0
Mouse_Thymus2,88_56,6,16638.0,18671.0
Mouse_Thymus2,31_40,1,10938.0,17071.0
Mouse_Thymus2,125_64,2,20338.0,19471.0
Mouse_Thymus2,106_46,6,18438.0,17671.0
Mouse_Thymus2,85_14,1,16338.0,14471.0
Mouse_Thymus2,33_41,5,11138.0,17171.0
Mouse_Thymus2,83_9,6,16138.0,13971.0
Mouse_Thymus2,59_38,6,13738.0,16871.0
Mouse_Thymus2,85_8,6,16338.0,13871.0
Mouse_Thymus2,31_48,5,10938.0,17871.0
Mouse_Thymus2,58_13,2,13638.0,14371.0
Mouse_Thymus2,73_3,6,15138.0,13371.0
Mouse_Thymus2,116_41,2,19438.0,17171.0
Mouse_Thymus2,30_31,2,10838.0,16171.0
Mouse_Thymus2,89_9,7,16738.0,13971.0
Mouse_Thymus2,61_11,6,13938.0,14171.0
Mouse_Thymus2,90_16,5,16838.0,14671.0
Mouse_Thymus2,34_37,6,11238.0,16771.0
Mouse_Thymus2,114_41,5,19238.0,17171.0
Mouse_Thymus2,53_38,5,13138.0,16871.0
Mouse_Thymus2,103_52,8,18138.0,18271.0
Mouse_Thymus2,96_17,8,17438.0,14771.0
Mouse_Thymus2,86_35,8,16438.0,16571.0
Mouse_Thymus2,82_42,1,16038.0,17271.0
Mouse_Thymus2,60_36,5,13838.0,16671.0
Mouse_Thymus2,114_45,5,19238.0,17571.0
Mouse_Thymus2,89_23,5,16738.0,15371.0
Mouse_Thymus2,101_57,6,17938.0,18771.0
Mouse_Thymus2,72_25,5,15038.0,15571.0
Mouse_Thymus2,75_7,2,15338.0,13771.0
Mouse_Thymus2,65_11,6,14338.0,14171.0
Mouse_Thymus2,29_40,2,10738.0,17071.0
Mouse_Thymus2,66_15,7,14438.0,14571.0
Mouse_Thymus2,12_48,8,9038.0,17871.0
Mouse_Thymus2,76_50,9,15438.0,18071.0
Mouse_Thymus2,93_33,6,17138.0,16371.0
Mouse_Thymus2,27_38,6,10538.0,16871.0
Mouse_Thymus2,57_36,5,13538.0,16671.0
Mouse_Thymus2,49_21,8,12738.0,15171.0
Mouse_Thymus2,72_40,1,15038.0,17071.0
Mouse_Thymus2,98_47,8,17638.0,17771.0
Mouse_Thymus2,35_29,1,11338.0,15971.0
Mouse_Thymus2,90_49,6,16838.0,17971.0
Mouse_Thymus2,73_11,6,15138.0,14171.0
Mouse_Thymus2,56_40,2,13438.0,17071.0
Mouse_Thymus2,82_43,1,16038.0,17371.0
Mouse_Thymus2,125_72,2,20338.0,20271.0
Mouse_Thymus2,15_44,5,9338.0,17471.0
Mouse_Thymus2,72_18,8,15038.0,14871.0
Mouse_Thymus2,66_18,5,14438.0,14871.0
Mouse_Thymus2,81_52,6,15938.0,18271.0
Mouse_Thymus2,54_26,1,13238.0,15671.0
Mouse_Thymus2,82_35,6,16038.0,16571.0
Mouse_Thymus2,99_9,8,17738.0,13971.0
Mouse_Thymus2,81_16,8,15938.0,14671.0
Mouse_Thymus2,123_51,2,20138.0,18171.0
Mouse_Thymus2,107_39,5,18538.0,16971.0
Mouse_Thymus2,95_15,6,17338.0,14571.0
Mouse_Thymus2,124_61,2,20238.0,19171.0
Mouse_Thymus2,114_34,2,19238.0,16471.0
Mouse_Thymus2,66_14,6,14438.0,14471.0
Mouse_Thymus2,124_71,2,20238.0,20171.0
Mouse_Thymus2,49_46,2,12738.0,17671.0
Mouse_Thymus2,47_21,6,12538.0,15171.0
Mouse_Thymus2,104_44,6,18238.0,17471.0
Mouse_Thymus2,52_18,2,13038.0,14871.0
Mouse_Thymus2,100_24,5,17838.0,15471.0
Mouse_Thymus2,80_13,6,15838.0,14371.0
Mouse_Thymus2,121_71,7,19938.0,20171.0
Mouse_Thymus2,87_16,5,16538.0,14671.0
Mouse_Thymus2,45_46,5,12338.0,17671.0
Mouse_Thymus2,37_30,5,11538.0,16071.0
Mouse_Thymus2,65_20,5,14338.0,15071.0
Mouse_Thymus2,66_17,8,14438.0,14771.0
Mouse_Thymus2,44_31,5,12238.0,16171.0
Mouse_Thymus2,46_38,5,12438.0,16871.0
Mouse_Thymus2,103_24,6,18138.0,15471.0
Mouse_Thymus2,82_33,6,16038.0,16371.0
Mouse_Thymus2,66_26,5,14438.0,15671.0
Mouse_Thymus2,93_53,7,17138.0,18371.0
Mouse_Thymus2,94_44,8,17238.0,17471.0
Mouse_Thymus2,65_23,7,14338.0,15371.0
Mouse_Thymus2,28_55,2,10638.0,18571.0
Mouse_Thymus2,81_31,1,15938.0,16171.0
Mouse_Thymus2,104_35,5,18238.0,16571.0
Mouse_Thymus2,93_8,6,17138.0,13871.0
Mouse_Thymus2,47_46,2,12538.0,17671.0
Mouse_Thymus2,116_68,7,19438.0,19871.0
Mouse_Thymus2,9_45,6,8738.0,17571.0
Mouse_Thymus2,99_21,5,17738.0,15171.0
Mouse_Thymus2,124_55,8,20238.0,18571.0
Mouse_Thymus2,70_33,1,14838.0,16371.0
Mouse_Thymus2,86_8,6,16438.0,13871.0
Mouse_Thymus2,87_22,5,16538.0,15271.0
Mouse_Thymus2,85_33,8,16338.0,16371.0
Mouse_Thymus2,41_26,7,11938.0,15671.0
Mouse_Thymus2,63_36,5,14138.0,16671.0
Mouse_Thymus2,80_33,7,15838.0,16371.0
Mouse_Thymus2,52_38,5,13038.0,16871.0
Mouse_Thymus2,25_40,2,10338.0,17071.0
Mouse_Thymus2,69_41,2,14738.0,17171.0
Mouse_Thymus2,56_28,5,13438.0,15871.0
Mouse_Thymus2,48_21,6,12638.0,15171.0
Mouse_Thymus2,48_16,2,12638.0,14671.0
Mouse_Thymus2,14_50,2,9238.0,18071.0
Mouse_Thymus2,116_36,6,19438.0,16671.0
Mouse_Thymus2,58_26,5,13638.0,15671.0
Mouse_Thymus2,55_25,8,13338.0,15571.0
Mouse_Thymus2,64_11,2,14238.0,14171.0
Mouse_Thymus2,45_22,6,12338.0,15271.0
Mouse_Thymus2,66_28,8,14438.0,15871.0
Mouse_Thymus2,20_50,6,9838.0,18071.0
Mouse_Thymus2,106_30,6,18438.0,16071.0
Mouse_Thymus2,38_43,5,11638.0,17371.0
Mouse_Thymus2,73_6,7,15138.0,13671.0
Mouse_Thymus2,120_71,7,19838.0,20171.0
Mouse_Thymus2,37_48,9,11538.0,17871.0
Mouse_Thymus2,116_34,9,19438.0,16471.0
Mouse_Thymus2,76_38,5,15438.0,16871.0
Mouse_Thymus2,106_26,7,18438.0,15671.0
Mouse_Thymus2,46_42,5,12438.0,17271.0
Mouse_Thymus2,71_36,5,14938.0,16671.0
Mouse_Thymus2,112_52,6,19038.0,18271.0
Mouse_Thymus2,118_64,6,19638.0,19471.0
Mouse_Thymus2,87_4,2,16538.0,13471.0
Mouse_Thymus2,93_58,6,17138.0,18871.0
Mouse_Thymus2,84_35,7,16238.0,16571.0
Mouse_Thymus2,85_20,5,16338.0,15071.0
Mouse_Thymus2,21_45,5,9938.0,17571.0
Mouse_Thymus2,92_49,2,17038.0,17971.0
Mouse_Thymus2,44_25,2,12238.0,15571.0
Mouse_Thymus2,44_20,6,12238.0,15071.0
Mouse_Thymus2,95_35,8,17338.0,16571.0
Mouse_Thymus2,125_68,2,20338.0,19871.0
Mouse_Thymus2,65_41,8,14338.0,17171.0
Mouse_Thymus2,121_61,5,19938.0,19171.0
Mouse_Thymus2,25_43,5,10338.0,17371.0
Mouse_Thymus2,109_54,6,18738.0,18471.0
Mouse_Thymus2,51_42,1,12938.0,17271.0
Mouse_Thymus2,38_31,1,11638.0,16171.0
Mouse_Thymus2,115_55,2,19338.0,18571.0
Mouse_Thymus2,38_39,7,11638.0,16971.0
Mouse_Thymus2,73_43,6,15138.0,17371.0
Mouse_Thymus2,113_37,2,19138.0,16771.0
Mouse_Thymus2,78_25,5,15638.0,15571.0
Mouse_Thymus2,46_17,2,12438.0,14771.0
Mouse_Thymus2,14_47,7,9238.0,17771.0
Mouse_Thymus2,99_15,6,17738.0,14571.0
Mouse_Thymus2,6_45,6,8438.0,17571.0
Mouse_Thymus2,86_21,5,16438.0,15171.0
Mouse_Thymus2,86_32,6,16438.0,16271.0
Mouse_Thymus2,45_24,2,12338.0,15471.0
Mouse_Thymus2,110_31,6,18838.0,16171.0
Mouse_Thymus2,124_51,1,20238.0,18171.0
Mouse_Thymus2,62_16,7,14038.0,14671.0
Mouse_Thymus2,76_12,7,15438.0,14271.0
Mouse_Thymus2,92_8,6,17038.0,13871.0
Mouse_Thymus2,111_29,8,18938.0,15971.0
Mouse_Thymus2,55_34,5,13338.0,16471.0
Mouse_Thymus2,94_55,6,17238.0,18571.0
Mouse_Thymus2,104_48,6,18238.0,17871.0
Mouse_Thymus2,73_17,2,15138.0,14771.0
Mouse_Thymus2,98_42,6,17638.0,17271.0
Mouse_Thymus2,111_59,2,18938.0,18971.0
Mouse_Thymus2,30_55,2,10838.0,18571.0
Mouse_Thymus2,100_58,6,17838.0,18871.0
Mouse_Thymus2,71_31,1,14938.0,16171.0
Mouse_Thymus2,60_37,5,13838.0,16771.0
Mouse_Thymus2,25_52,1,10338.0,18271.0
Mouse_Thymus2,99_46,2,17738.0,17671.0
Mouse_Thymus2,87_37,1,16538.0,16771.0
Mouse_Thymus2,18_42,5,9638.0,17271.0
Mouse_Thymus2,15_46,5,9338.0,17671.0
Mouse_Thymus2,36_55,7,11438.0,18571.0
Mouse_Thymus2,73_16,7,15138.0,14671.0
Mouse_Thymus2,77_1,6,15538.0,13171.0
Mouse_Thymus2,91_8,2,16938.0,13871.0
Mouse_Thymus2,97_37,7,17538.0,16771.0
Mouse_Thymus2,96_42,8,17438.0,17271.0
Mouse_Thymus2,74_44,8,15238.0,17471.0
Mouse_Thymus2,75_27,5,15338.0,15771.0
Mouse_Thymus2,35_32,1,11338.0,16271.0
Mouse_Thymus2,29_30,2,10738.0,16071.0
Mouse_Thymus2,47_29,5,12538.0,15971.0
Mouse_Thymus2,77_42,5,15538.0,17271.0
Mouse_Thymus2,107_41,5,18538.0,17171.0
Mouse_Thymus2,59_40,8,13738.0,17071.0
Mouse_Thymus2,36_44,5,11438.0,17471.0
Mouse_Thymus2,4_46,7,8238.0,17671.0
Mouse_Thymus2,77_43,5,15538.0,17371.0
Mouse_Thymus2,91_28,2,16938.0,15871.0
Mouse_Thymus2,48_31,2,12638.0,16171.0
Mouse_Thymus2,109_27,2,18738.0,15771.0
Mouse_Thymus2,36_51,6,11438.0,18171.0
Mouse_Thymus2,78_13,7,15638.0,14371.0
Mouse_Thymus2,102_20,6,18038.0,15071.0
Mouse_Thymus2,29_47,5,10738.0,17771.0
Mouse_Thymus2,108_30,6,18638.0,16071.0
Mouse_Thymus2,116_59,7,19438.0,18971.0
Mouse_Thymus2,45_50,2,12338.0,18071.0
Mouse_Thymus2,108_55,8,18638.0,18571.0
Mouse_Thymus2,22_36,9,10038.0,16671.0
Mouse_Thymus2,91_40,7,16938.0,17071.0
Mouse_Thymus2,82_20,5,16038.0,15071.0
Mouse_Thymus2,84_53,6,16238.0,18371.0
Mouse_Thymus2,93_39,7,17138.0,16971.0
Mouse_Thymus2,102_43,6,18038.0,17371.0
Mouse_Thymus2,32_41,5,11038.0,17171.0
Mouse_Thymus2,92_55,6,17038.0,18571.0
Mouse_Thymus2,110_47,1,18838.0,17771.0
Mouse_Thymus2,83_22,5,16138.0,15271.0
Mouse_Thymus2,120_58,1,19838.0,18871.0
Mouse_Thymus2,108_34,5,18638.0,16471.0
Mouse_Thymus2,125_66,2,20338.0,19671.0
Mouse_Thymus2,125_70,6,20338.0,20071.0
Mouse_Thymus2,6_46,2,8438.0,17671.0
Mouse_Thymus2,84_18,5,16238.0,14871.0
Mouse_Thymus2,89_58,7,16738.0,18871.0
Mouse_Thymus2,96_52,6,17438.0,18271.0
Mouse_Thymus2,109_44,5,18738.0,17471.0
Mouse_Thymus2,97_59,6,17538.0,18971.0
Mouse_Thymus2,78_41,5,15638.0,17171.0
Mouse_Thymus2,82_12,8,16038.0,14271.0
Mouse_Thymus2,97_42,2,17538.0,17271.0
Mouse_Thymus2,77_22,5,15538.0,15271.0
Mouse_Thymus2,31_29,1,10938.0,15971.0
Mouse_Thymus2,30_48,5,10838.0,17871.0
Mouse_Thymus2,40_22,2,11838.0,15271.0
Mouse_Thymus2,95_57,7,17338.0,18771.0
Mouse_Thymus2,46_44,1,12438.0,17471.0
Mouse_Thymus2,99_59,6,17738.0,18971.0
Mouse_Thymus2,87_6,2,16538.0,13671.0
Mouse_Thymus2,51_37,5,12938.0,16771.0
Mouse_Thymus2,102_19,6,18038.0,14971.0
Mouse_Thymus2,82_51,6,16038.0,18171.0
Mouse_Thymus2,116_35,8,19438.0,16571.0
Mouse_Thymus2,96_31,6,17438.0,16171.0
Mouse_Thymus2,97_5,8,17538.0,13571.0
Mouse_Thymus2,97_51,2,17538.0,18171.0
Mouse_Thymus2,102_16,2,18038.0,14671.0
Mouse_Thymus2,5_44,7,8338.0,17471.0
Mouse_Thymus2,95_17,6,17338.0,14771.0
Mouse_Thymus2,46_26,8,12438.0,15671.0
Mouse_Thymus2,107_40,5,18538.0,17071.0
Mouse_Thymus2,96_43,6,17438.0,17371.0
Mouse_Thymus2,20_40,2,9838.0,17071.0
Mouse_Thymus2,73_42,6,15138.0,17271.0
Mouse_Thymus2,85_45,1,16338.0,17571.0
Mouse_Thymus2,109_58,2,18738.0,18871.0
Mouse_Thymus2,42_37,2,12038.0,16771.0
Mouse_Thymus2,89_50,8,16738.0,18071.0
Mouse_Thymus2,12_39,9,9038.0,16971.0
Mouse_Thymus2,104_47,6,18238.0,17771.0
Mouse_Thymus2,62_32,5,14038.0,16271.0
Mouse_Thymus2,78_22,5,15638.0,15271.0
Mouse_Thymus2,108_53,6,18638.0,18371.0
Mouse_Thymus2,42_38,1,12038.0,16871.0
Mouse_Thymus2,89_19,5,16738.0,14971.0
Mouse_Thymus2,10_44,6,8838.0,17471.0
Mouse_Thymus2,122_48,2,20038.0,17871.0
Mouse_Thymus2,67_12,6,14538.0,14271.0
Mouse_Thymus2,92_52,6,17038.0,18271.0
Mouse_Thymus2,104_46,6,18238.0,17671.0
Mouse_Thymus2,84_39,6,16238.0,16971.0
Mouse_Thymus2,93_32,6,17138.0,16271.0
Mouse_Thymus2,119_67,2,19738.0,19771.0
Mouse_Thymus2,50_40,5,12838.0,17071.0
Mouse_Thymus2,19_44,5,9738.0,17471.0
Mouse_Thymus2,106_56,2,18438.0,18671.0
Mouse_Thymus2,77_14,2,15538.0,14471.0
Mouse_Thymus2,12_44,1,9038.0,17471.0
Mouse_Thymus2,71_0,9,14938.0,13071.0
Mouse_Thymus2,55_16,6,13338.0,14671.0
Mouse_Thymus2,58_28,5,13638.0,15871.0
Mouse_Thymus2,109_47,1,18738.0,17771.0
Mouse_Thymus2,16_51,2,9438.0,18171.0
Mouse_Thymus2,108_47,1,18638.0,17771.0
Mouse_Thymus2,74_1,2,15238.0,13171.0
Mouse_Thymus2,107_42,7,18538.0,17271.0
Mouse_Thymus2,72_44,2,15038.0,17471.0
Mouse_Thymus2,74_16,7,15238.0,14671.0
Mouse_Thymus2,6_48,7,8438.0,17871.0
Mouse_Thymus2,89_12,2,16738.0,14271.0
Mouse_Thymus2,54_34,5,13238.0,16471.0
Mouse_Thymus2,100_54,6,17838.0,18471.0
Mouse_Thymus2,101_31,6,17938.0,16171.0
Mouse_Thymus2,121_63,7,19938.0,19371.0
Mouse_Thymus2,86_5,6,16438.0,13571.0
Mouse_Thymus2,25_48,5,10338.0,17871.0
Mouse_Thymus2,33_46,5,11138.0,17671.0
Mouse_Thymus2,72_16,6,15038.0,14671.0
Mouse_Thymus2,81_4,6,15938.0,13471.0
Mouse_Thymus2,84_25,6,16238.0,15571.0
Mouse_Thymus2,69_17,6,14738.0,14771.0
Mouse_Thymus2,21_54,2,9938.0,18471.0
Mouse_Thymus2,36_28,1,11438.0,15871.0
Mouse_Thymus2,47_28,5,12538.0,15871.0
Mouse_Thymus2,69_30,1,14738.0,16071.0
Mouse_Thymus2,97_19,1,17538.0,14971.0
Mouse_Thymus2,32_48,1,11038.0,17871.0
Mouse_Thymus2,103_39,5,18138.0,16971.0
Mouse_Thymus2,40_50,2,11838.0,18071.0
Mouse_Thymus2,52_43,7,13038.0,17371.0
Mouse_Thymus2,118_61,5,19638.0,19171.0
Mouse_Thymus2,72_1,2,15038.0,13171.0
Mouse_Thymus2,113_50,6,19138.0,18071.0
Mouse_Thymus2,119_42,2,19738.0,17271.0
Mouse_Thymus2,64_10,6,14238.0,14071.0
Mouse_Thymus2,98_18,8,17638.0,14871.0
Mouse_Thymus2,122_49,2,20038.0,17971.0
Mouse_Thymus2,51_28,5,12938.0,15871.0
Mouse_Thymus2,70_42,2,14838.0,17271.0
Mouse_Thymus2,104_49,6,18238.0,17971.0
Mouse_Thymus2,118_57,5,19638.0,18771.0
Mouse_Thymus2,4_43,9,8238.0,17371.0
Mouse_Thymus2,52_28,5,13038.0,15871.0
Mouse_Thymus2,46_40,5,12438.0,17071.0
Mouse_Thymus2,109_33,1,18738.0,16371.0
Mouse_Thymus2,86_53,2,16438.0,18371.0
Mouse_Thymus2,27_34,7,10538.0,16471.0
Mouse_Thymus2,53_36,1,13138.0,16671.0
Mouse_Thymus2,103_43,8,18138.0,17371.0
Mouse_Thymus2,40_38,1,11838.0,16871.0
Mouse_Thymus2,71_24,5,14938.0,15471.0
Mouse_Thymus2,58_37,5,13638.0,16771.0
Mouse_Thymus2,90_51,6,16838.0,18171.0
Mouse_Thymus2,94_39,6,17238.0,16971.0
Mouse_Thymus2,47_44,1,12538.0,17471.0
Mouse_Thymus2,107_48,7,18538.0,17871.0
Mouse_Thymus2,40_45,5,11838.0,17571.0
Mouse_Thymus2,81_43,5,15938.0,17371.0
Mouse_Thymus2,25_42,6,10338.0,17271.0
Mouse_Thymus2,104_34,5,18238.0,16471.0
Mouse_Thymus2,88_55,6,16638.0,18571.0
Mouse_Thymus2,44_19,6,12238.0,14971.0
Mouse_Thymus2,42_40,5,12038.0,17071.0
Mouse_Thymus2,81_8,2,15938.0,13871.0
Mouse_Thymus2,60_30,5,13838.0,16071.0
Mouse_Thymus2,60_21,5,13838.0,15171.0
Mouse_Thymus2,73_23,5,15138.0,15371.0
Mouse_Thymus2,50_19,6,12838.0,14971.0
Mouse_Thymus2,70_5,2,14838.0,13571.0
Mouse_Thymus2,84_23,5,16238.0,15371.0
Mouse_Thymus2,102_24,5,18038.0,15471.0
Mouse_Thymus2,100_47,6,17838.0,17771.0
Mouse_Thymus2,26_50,1,10438.0,18071.0
Mouse_Thymus2,43_35,7,12138.0,16571.0
Mouse_Thymus2,103_44,6,18138.0,17471.0
Mouse_Thymus2,103_56,6,18138.0,18671.0
Mouse_Thymus2,122_67,1,20038.0,19771.0
Mouse_Thymus2,114_40,6,19238.0,17071.0
Mouse_Thymus2,79_8,7,15738.0,13871.0
Mouse_Thymus2,109_31,6,18738.0,16171.0
Mouse_Thymus2,74_40,5,15238.0,17071.0
Mouse_Thymus2,89_13,1,16738.0,14371.0
Mouse_Thymus2,14_51,2,9238.0,18171.0
Mouse_Thymus2,40_32,1,11838.0,16271.0
Mouse_Thymus2,78_24,5,15638.0,15471.0
Mouse_Thymus2,15_45,5,9338.0,17571.0
Mouse_Thymus2,87_10,6,16538.0,14071.0
Mouse_Thymus2,112_59,6,19038.0,18971.0
Mouse_Thymus2,82_2,6,16038.0,13271.0
Mouse_Thymus2,86_4,6,16438.0,13471.0
Mouse_Thymus2,52_44,2,13038.0,17471.0
Mouse_Thymus2,88_22,5,16638.0,15271.0
Mouse_Thymus2,100_38,5,17838.0,16871.0
Mouse_Thymus2,64_34,5,14238.0,16471.0
Mouse_Thymus2,91_55,6,16938.0,18571.0
Mouse_Thymus2,92_44,6,17038.0,17471.0
Mouse_Thymus2,67_21,1,14538.0,15171.0
Mouse_Thymus2,67_41,6,14538.0,17171.0
Mouse_Thymus2,62_23,5,14038.0,15371.0
Mouse_Thymus2,61_39,6,13938.0,16971.0
Mouse_Thymus2,30_45,5,10838.0,17571.0
Mouse_Thymus2,94_14,1,17238.0,14471.0
Mouse_Thymus2,98_10,5,17638.0,14071.0
Mouse_Thymus2,86_10,6,16438.0,14071.0
Mouse_Thymus2,88_28,2,16638.0,15871.0
Mouse_Thymus2,106_29,2,18438.0,15971.0
Mouse_Thymus2,78_15,7,15638.0,14571.0
Mouse_Thymus2,87_53,6,16538.0,18371.0
Mouse_Thymus2,121_46,2,19938.0,17671.0
Mouse_Thymus2,66_11,6,14438.0,14171.0
Mouse_Thymus2,66_29,1,14438.0,15971.0
Mouse_Thymus2,37_38,7,11538.0,16871.0
Mouse_Thymus2,35_46,5,11338.0,17671.0
Mouse_Thymus2,50_17,7,12838.0,14771.0
Mouse_Thymus2,120_55,5,19838.0,18571.0
Mouse_Thymus2,26_53,7,10438.0,18371.0
Mouse_Thymus2,26_40,2,10438.0,17071.0
Mouse_Thymus2,26_44,5,10438.0,17471.0
Mouse_Thymus2,61_23,5,13938.0,15371.0
Mouse_Thymus2,80_5,6,15838.0,13571.0
Mouse_Thymus2,88_52,8,16638.0,18271.0
Mouse_Thymus2,96_7,8,17438.0,13771.0
Mouse_Thymus2,72_42,6,15038.0,17271.0
Mouse_Thymus2,115_67,9,19338.0,19771.0
Mouse_Thymus2,84_45,1,16238.0,17571.0
Mouse_Thymus2,117_59,5,19538.0,18971.0
Mouse_Thymus2,42_46,7,12038.0,17671.0
Mouse_Thymus2,101_36,5,17938.0,16671.0
Mouse_Thymus2,121_65,7,19938.0,19571.0
Mouse_Thymus2,80_2,8,15838.0,13271.0
Mouse_Thymus2,83_11,6,16138.0,14171.0
Mouse_Thymus2,94_59,2,17238.0,18971.0
Mouse_Thymus2,44_41,5,12238.0,17171.0
Mouse_Thymus2,100_20,1,17838.0,15071.0
Mouse_Thymus2,89_27,2,16738.0,15771.0
Mouse_Thymus2,115_62,2,19338.0,19271.0
Mouse_Thymus2,70_28,1,14838.0,15871.0
Mouse_Thymus2,102_15,2,18038.0,14571.0
Mouse_Thymus2,83_23,5,16138.0,15371.0
Mouse_Thymus2,71_10,7,14938.0,14071.0
Mouse_Thymus2,87_3,2,16538.0,13371.0
Mouse_Thymus2,68_27,5,14638.0,15771.0
Mouse_Thymus2,96_15,6,17438.0,14571.0
Mouse_Thymus2,74_15,2,15238.0,14571.0
Mouse_Thymus2,35_35,6,11338.0,16571.0
Mouse_Thymus2,76_44,6,15438.0,17471.0
Mouse_Thymus2,65_8,7,14338.0,13871.0
Mouse_Thymus2,97_32,5,17538.0,16271.0
Mouse_Thymus2,98_60,6,17638.0,19071.0
Mouse_Thymus2,31_50,2,10938.0,18071.0
Mouse_Thymus2,109_49,6,18738.0,17971.0
Mouse_Thymus2,58_34,5,13638.0,16471.0
Mouse_Thymus2,44_33,1,12238.0,16371.0
Mouse_Thymus2,102_50,6,18038.0,18071.0
Mouse_Thymus2,81_39,5,15938.0,16971.0
Mouse_Thymus2,27_48,5,10538.0,17871.0
Mouse_Thymus2,43_37,2,12138.0,16771.0
Mouse_Thymus2,100_33,2,17838.0,16371.0
Mouse_Thymus2,108_42,5,18638.0,17271.0
Mouse_Thymus2,119_63,6,19738.0,19371.0
Mouse_Thymus2,117_66,8,19538.0,19671.0
Mouse_Thymus2,53_44,6,13138.0,17471.0
Mouse_Thymus2,33_32,8,11138.0,16271.0
Mouse_Thymus2,70_11,6,14838.0,14171.0
Mouse_Thymus2,110_59,8,18838.0,18971.0
Mouse_Thymus2,110_54,6,18838.0,18471.0
Mouse_Thymus2,121_59,5,19938.0,18971.0
Mouse_Thymus2,93_37,7,17138.0,16771.0
Mouse_Thymus2,120_46,1,19838.0,17671.0
Mouse_Thymus2,102_44,8,18038.0,17471.0
Mouse_Thymus2,78_42,5,15638.0,17271.0
Mouse_Thymus2,79_1,7,15738.0,13171.0
Mouse_Thymus2,78_21,5,15638.0,15171.0
Mouse_Thymus2,114_61,6,19238.0,19171.0
Mouse_Thymus2,95_52,2,17338.0,18271.0
Mouse_Thymus2,45_40,5,12338.0,17071.0
Mouse_Thymus2,75_0,2,15338.0,13071.0
Mouse_Thymus2,89_34,6,16738.0,16471.0
Mouse_Thymus2,65_35,5,14338.0,16571.0
Mouse_Thymus2,49_39,5,12738.0,16971.0
Mouse_Thymus2,40_41,5,11838.0,17171.0
Mouse_Thymus2,72_22,5,15038.0,15271.0
Mouse_Thymus2,113_43,5,19138.0,17371.0
Mouse_Thymus2,24_40,6,10238.0,17071.0
Mouse_Thymus2,98_37,5,17638.0,16771.0
Mouse_Thymus2,89_17,5,16738.0,14771.0
Mouse_Thymus2,125_60,7,20338.0,19071.0
Mouse_Thymus2,56_32,5,13438.0,16271.0
Mouse_Thymus2,112_33,2,19038.0,16371.0
Mouse_Thymus2,92_12,2,17038.0,14271.0
Mouse_Thymus2,78_45,6,15638.0,17571.0
Mouse_Thymus2,93_41,8,17138.0,17171.0
Mouse_Thymus2,82_3,6,16038.0,13371.0
Mouse_Thymus2,28_50,7,10638.0,18071.0
Mouse_Thymus2,104_26,2,18238.0,15671.0
Mouse_Thymus2,87_13,1,16538.0,14371.0
Mouse_Thymus2,97_61,8,17538.0,19171.0
Mouse_Thymus2,89_29,6,16738.0,15971.0
Mouse_Thymus2,88_3,9,16638.0,13371.0
Mouse_Thymus2,85_24,1,16338.0,15471.0
Mouse_Thymus2,61_37,5,13938.0,16771.0
Mouse_Thymus2,75_21,8,15338.0,15171.0
Mouse_Thymus2,30_47,5,10838.0,17771.0
Mouse_Thymus2,53_42,2,13138.0,17271.0
Mouse_Thymus2,75_3,6,15338.0,13371.0
Mouse_Thymus2,52_15,8,13038.0,14571.0
Mouse_Thymus2,13_47,8,9138.0,17771.0
Mouse_Thymus2,43_23,6,12138.0,15371.0
Mouse_Thymus2,77_25,5,15538.0,15571.0
Mouse_Thymus2,79_24,5,15738.0,15471.0
Mouse_Thymus2,64_39,2,14238.0,16971.0
Mouse_Thymus2,102_23,1,18038.0,15371.0
Mouse_Thymus2,84_55,8,16238.0,18571.0
Mouse_Thymus2,71_4,7,14938.0,13471.0
Mouse_Thymus2,97_13,6,17538.0,14371.0
Mouse_Thymus2,51_30,2,12938.0,16071.0
Mouse_Thymus2,104_53,6,18238.0,18371.0
Mouse_Thymus2,114_60,8,19238.0,19071.0
Mouse_Thymus2,67_15,8,14538.0,14571.0
Mouse_Thymus2,83_31,6,16138.0,16171.0
Mouse_Thymus2,75_42,6,15338.0,17271.0
Mouse_Thymus2,91_56,2,16938.0,18671.0
Mouse_Thymus2,33_52,6,11138.0,18271.0
Mouse_Thymus2,96_21,5,17438.0,15171.0
Mouse_Thymus2,73_29,1,15138.0,15971.0
Mouse_Thymus2,91_51,7,16938.0,18171.0
Mouse_Thymus2,23_56,7,10138.0,18671.0
Mouse_Thymus2,107_37,5,18538.0,16771.0
Mouse_Thymus2,87_23,1,16538.0,15371.0
Mouse_Thymus2,57_15,7,13538.0,14571.0
Mouse_Thymus2,88_7,7,16638.0,13771.0
Mouse_Thymus2,69_39,1,14738.0,16971.0
Mouse_Thymus2,63_13,6,14138.0,14371.0
Mouse_Thymus2,94_57,6,17238.0,18771.0
Mouse_Thymus2,45_49,6,12338.0,17971.0
Mouse_Thymus2,74_6,6,15238.0,13671.0
Mouse_Thymus2,78_31,5,15638.0,16171.0
Mouse_Thymus2,52_19,2,13038.0,14971.0
Mouse_Thymus2,69_21,1,14738.0,15171.0
Mouse_Thymus2,78_9,8,15638.0,13971.0
Mouse_Thymus2,97_29,2,17538.0,15971.0
Mouse_Thymus2,20_41,2,9838.0,17171.0
Mouse_Thymus2,86_31,6,16438.0,16171.0
Mouse_Thymus2,101_55,6,17938.0,18571.0
Mouse_Thymus2,87_25,6,16538.0,15571.0
Mouse_Thymus2,62_25,7,14038.0,15571.0
Mouse_Thymus2,43_24,2,12138.0,15471.0
Mouse_Thymus2,69_4,2,14738.0,13471.0
Mouse_Thymus2,83_21,5,16138.0,15171.0
Mouse_Thymus2,120_48,6,19838.0,17871.0
Mouse_Thymus2,23_37,6,10138.0,16771.0
Mouse_Thymus2,97_44,6,17538.0,17471.0
Mouse_Thymus2,35_37,2,11338.0,16771.0
Mouse_Thymus2,75_20,8,15338.0,15071.0
Mouse_Thymus2,113_35,6,19138.0,16571.0
Mouse_Thymus2,53_21,8,13138.0,15171.0
Mouse_Thymus2,92_37,2,17038.0,16771.0
Mouse_Thymus2,92_40,6,17038.0,17071.0
Mouse_Thymus2,71_35,5,14938.0,16571.0
Mouse_Thymus2,83_51,6,16138.0,18171.0
Mouse_Thymus2,54_29,7,13238.0,15971.0
Mouse_Thymus2,61_13,6,13938.0,14371.0
Mouse_Thymus2,70_26,5,14838.0,15671.0
Mouse_Thymus2,34_54,2,11238.0,18471.0
Mouse_Thymus2,73_36,5,15138.0,16671.0
Mouse_Thymus2,80_11,6,15838.0,14171.0
Mouse_Thymus2,92_29,6,17038.0,15971.0
Mouse_Thymus2,109_37,5,18738.0,16771.0
Mouse_Thymus2,76_4,6,15438.0,13471.0
Mouse_Thymus2,94_11,6,17238.0,14171.0
Mouse_Thymus2,102_47,6,18038.0,17771.0
Mouse_Thymus2,92_6,2,17038.0,13671.0
Mouse_Thymus2,43_22,6,12138.0,15271.0
Mouse_Thymus2,73_9,6,15138.0,13971.0
Mouse_Thymus2,28_48,5,10638.0,17871.0
Mouse_Thymus2,119_64,6,19738.0,19471.0
Mouse_Thymus2,29_43,5,10738.0,17371.0
Mouse_Thymus2,121_47,2,19938.0,17771.0
Mouse_Thymus2,84_43,6,16238.0,17371.0
Mouse_Thymus2,94_61,9,17238.0,19171.0
Mouse_Thymus2,87_54,2,16538.0,18471.0
Mouse_Thymus2,76_14,2,15438.0,14471.0
Mouse_Thymus2,39_28,5,11738.0,15871.0
Mouse_Thymus2,16_38,7,9438.0,16871.0
Mouse_Thymus2,97_15,6,17538.0,14571.0
Mouse_Thymus2,17_54,7,9538.0,18471.0
Mouse_Thymus2,22_41,2,10038.0,17171.0
Mouse_Thymus2,91_18,5,16938.0,14871.0
Mouse_Thymus2,78_1,2,15638.0,13171.0
Mouse_Thymus2,84_54,6,16238.0,18471.0
Mouse_Thymus2,37_42,5,11538.0,17271.0
Mouse_Thymus2,91_41,8,16938.0,17171.0
Mouse_Thymus2,64_31,5,14238.0,16171.0
Mouse_Thymus2,77_40,5,15538.0,17071.0
Mouse_Thymus2,83_16,5,16138.0,14671.0
Mouse_Thymus2,7_49,9,8538.0,17971.0
Mouse_Thymus2,72_21,5,15038.0,15171.0
Mouse_Thymus2,96_23,5,17438.0,15371.0
Mouse_Thymus2,46_47,2,12438.0,17771.0
Mouse_Thymus2,73_39,5,15138.0,16971.0
Mouse_Thymus2,79_37,5,15738.0,16771.0
Mouse_Thymus2,118_53,5,19638.0,18371.0
Mouse_Thymus2,96_11,6,17438.0,14171.0
Mouse_Thymus2,48_37,5,12638.0,16771.0
Mouse_Thymus2,52_26,5,13038.0,15671.0
Mouse_Thymus2,80_30,5,15838.0,16071.0
Mouse_Thymus2,64_15,8,14238.0,14571.0
Mouse_Thymus2,48_46,2,12638.0,17671.0
Mouse_Thymus2,61_33,5,13938.0,16371.0
Mouse_Thymus2,9_43,6,8738.0,17371.0
Mouse_Thymus2,99_55,2,17738.0,18571.0
Mouse_Thymus2,22_51,2,10038.0,18171.0
Mouse_Thymus2,87_28,6,16538.0,15871.0
Mouse_Thymus2,48_42,5,12638.0,17271.0
Mouse_Thymus2,68_31,1,14638.0,16171.0
Mouse_Thymus2,67_16,6,14538.0,14671.0
Mouse_Thymus2,47_40,5,12538.0,17071.0
Mouse_Thymus2,60_11,9,13838.0,14171.0
Mouse_Thymus2,78_28,5,15638.0,15871.0
Mouse_Thymus2,77_23,5,15538.0,15371.0
Mouse_Thymus2,113_59,2,19138.0,18971.0
Mouse_Thymus2,35_53,2,11338.0,18371.0
Mouse_Thymus2,52_34,1,13038.0,16471.0
Mouse_Thymus2,28_53,2,10638.0,18371.0
Mouse_Thymus2,39_31,1,11738.0,16171.0
Mouse_Thymus2,51_41,5,12938.0,17171.0
Mouse_Thymus2,93_25,5,17138.0,15571.0
Mouse_Thymus2,14_41,7,9238.0,17171.0
Mouse_Thymus2,96_22,5,17438.0,15271.0
Mouse_Thymus2,40_24,7,11838.0,15471.0
Mouse_Thymus2,24_44,5,10238.0,17471.0
Mouse_Thymus2,83_28,5,16138.0,15871.0
Mouse_Thymus2,116_48,5,19438.0,17871.0
Mouse_Thymus2,91_11,7,16938.0,14171.0
Mouse_Thymus2,89_38,6,16738.0,16871.0
Mouse_Thymus2,72_35,5,15038.0,16571.0
Mouse_Thymus2,98_22,5,17638.0,15271.0
Mouse_Thymus2,79_46,6,15738.0,17671.0
Mouse_Thymus2,31_35,6,10938.0,16571.0
Mouse_Thymus2,99_53,2,17738.0,18371.0
Mouse_Thymus2,52_35,1,13038.0,16571.0
Mouse_Thymus2,26_56,2,10438.0,18671.0
Mouse_Thymus2,120_47,6,19838.0,17771.0
Mouse_Thymus2,59_13,6,13738.0,14371.0
Mouse_Thymus2,81_45,8,15938.0,17571.0
Mouse_Thymus2,72_13,8,15038.0,14371.0
Mouse_Thymus2,52_29,7,13038.0,15971.0
Mouse_Thymus2,81_37,1,15938.0,16771.0
Mouse_Thymus2,91_31,7,16938.0,16171.0
Mouse_Thymus2,87_49,6,16538.0,17971.0
Mouse_Thymus2,80_15,2,15838.0,14571.0
Mouse_Thymus2,97_21,5,17538.0,15171.0
Mouse_Thymus2,73_26,5,15138.0,15671.0
Mouse_Thymus2,31_44,5,10938.0,17471.0
Mouse_Thymus2,85_36,2,16338.0,16671.0
Mouse_Thymus2,85_2,6,16338.0,13271.0
Mouse_Thymus2,52_32,1,13038.0,16271.0
Mouse_Thymus2,14_48,6,9238.0,17871.0
Mouse_Thymus2,104_31,5,18238.0,16171.0
Mouse_Thymus2,87_43,2,16538.0,17371.0
Mouse_Thymus2,29_37,6,10738.0,16771.0
Mouse_Thymus2,74_36,5,15238.0,16671.0
Mouse_Thymus2,109_40,5,18738.0,17071.0
Mouse_Thymus2,27_41,7,10538.0,17171.0
Mouse_Thymus2,76_13,6,15438.0,14371.0
Mouse_Thymus2,112_41,5,19038.0,17171.0
Mouse_Thymus2,116_55,8,19438.0,18571.0
Mouse_Thymus2,66_30,6,14438.0,16071.0
Mouse_Thymus2,122_46,2,20038.0,17671.0
Mouse_Thymus2,84_26,1,16238.0,15671.0
Mouse_Thymus2,87_31,2,16538.0,16171.0
Mouse_Thymus2,60_31,5,13838.0,16171.0
Mouse_Thymus2,40_40,5,11838.0,17071.0
Mouse_Thymus2,45_20,2,12338.0,15071.0
Mouse_Thymus2,63_38,2,14138.0,16871.0
Mouse_Thymus2,98_8,2,17638.0,13871.0
Mouse_Thymus2,84_9,2,16238.0,13971.0
Mouse_Thymus2,80_16,6,15838.0,14671.0
Mouse_Thymus2,49_34,1,12738.0,16471.0
Mouse_Thymus2,80_14,6,15838.0,14471.0
Mouse_Thymus2,107_57,2,18538.0,18771.0
Mouse_Thymus2,89_7,6,16738.0,13771.0
Mouse_Thymus2,80_1,8,15838.0,13171.0
Mouse_Thymus2,24_52,2,10238.0,18271.0
Mouse_Thymus2,109_36,5,18738.0,16671.0
Mouse_Thymus2,100_45,6,17838.0,17571.0
Mouse_Thymus2,87_48,6,16538.0,17871.0
Mouse_Thymus2,105_34,5,18338.0,16471.0
Mouse_Thymus2,110_51,2,18838.0,18171.0
Mouse_Thymus2,63_12,6,14138.0,14271.0
Mouse_Thymus2,84_5,6,16238.0,13571.0
Mouse_Thymus2,36_45,5,11438.0,17571.0
Mouse_Thymus2,71_13,7,14938.0,14371.0
Mouse_Thymus2,49_33,1,12738.0,16371.0
Mouse_Thymus2,98_56,2,17638.0,18671.0
Mouse_Thymus2,95_19,1,17338.0,14971.0
Mouse_Thymus2,40_46,1,11838.0,17671.0
Mouse_Thymus2,34_45,5,11238.0,17571.0
Mouse_Thymus2,81_28,1,15938.0,15871.0
Mouse_Thymus2,103_59,9,18138.0,18971.0
Mouse_Thymus2,97_60,2,17538.0,19071.0
Mouse_Thymus2,84_27,5,16238.0,15771.0
Mouse_Thymus2,114_66,9,19238.0,19671.0
Mouse_Thymus2,11_42,6,8938.0,17271.0
Mouse_Thymus2,66_39,6,14438.0,16971.0
Mouse_Thymus2,81_12,2,15938.0,14271.0
Mouse_Thymus2,33_29,1,11138.0,15971.0
Mouse_Thymus2,103_45,8,18138.0,17571.0
Mouse_Thymus2,82_44,1,16038.0,17471.0
Mouse_Thymus2,83_3,7,16138.0,13371.0
Mouse_Thymus2,69_10,7,14738.0,14071.0
Mouse_Thymus2,90_37,6,16838.0,16771.0
Mouse_Thymus2,123_55,7,20138.0,18571.0
Mouse_Thymus2,42_20,6,12038.0,15071.0
Mouse_Thymus2,27_37,6,10538.0,16771.0
Mouse_Thymus2,88_40,2,16638.0,17071.0
Mouse_Thymus2,48_48,2,12638.0,17871.0
Mouse_Thymus2,117_62,6,19538.0,19271.0
Mouse_Thymus2,118_51,5,19638.0,18171.0
Mouse_Thymus2,38_45,5,11638.0,17571.0
Mouse_Thymus2,51_24,6,12938.0,15471.0
Mouse_Thymus2,47_48,7,12538.0,17871.0
Mouse_Thymus2,34_31,2,11238.0,16171.0
Mouse_Thymus2,40_25,2,11838.0,15571.0
Mouse_Thymus2,9_40,9,8738.0,17071.0
Mouse_Thymus2,75_31,5,15338.0,16171.0
Mouse_Thymus2,87_11,6,16538.0,14171.0
Mouse_Thymus2,13_49,6,9138.0,17971.0
Mouse_Thymus2,71_1,2,14938.0,13171.0
Mouse_Thymus2,19_37,7,9738.0,16771.0
Mouse_Thymus2,59_31,5,13738.0,16171.0
Mouse_Thymus2,81_20,5,15938.0,15071.0
Mouse_Thymus2,106_32,5,18438.0,16271.0
Mouse_Thymus2,115_35,2,19338.0,16571.0
Mouse_Thymus2,72_5,6,15038.0,13571.0
Mouse_Thymus2,98_43,6,17638.0,17371.0
Mouse_Thymus2,80_7,7,15838.0,13771.0
Mouse_Thymus2,11_44,6,8938.0,17471.0
Mouse_Thymus2,53_28,7,13138.0,15871.0
Mouse_Thymus2,91_34,8,16938.0,16471.0
Mouse_Thymus2,18_51,6,9638.0,18171.0
Mouse_Thymus2,79_51,6,15738.0,18171.0
Mouse_Thymus2,98_30,6,17638.0,16071.0
Mouse_Thymus2,86_46,6,16438.0,17671.0
Mouse_Thymus2,47_20,2,12538.0,15071.0
Mouse_Thymus2,61_24,5,13938.0,15471.0
Mouse_Thymus2,78_26,1,15638.0,15671.0
Mouse_Thymus2,120_49,2,19838.0,17971.0
Mouse_Thymus2,42_51,2,12038.0,18171.0
Mouse_Thymus2,63_19,2,14138.0,14971.0
Mouse_Thymus2,107_32,2,18538.0,16271.0
Mouse_Thymus2,44_37,1,12238.0,16771.0
Mouse_Thymus2,68_13,7,14638.0,14371.0
Mouse_Thymus2,0_46,9,7838.0,17671.0
Mouse_Thymus2,95_51,7,17338.0,18171.0
Mouse_Thymus2,72_39,5,15038.0,16971.0
Mouse_Thymus2,122_63,2,20038.0,19371.0
Mouse_Thymus2,105_45,6,18338.0,17571.0
Mouse_Thymus2,20_44,5,9838.0,17471.0
Mouse_Thymus2,41_42,5,11938.0,17271.0
Mouse_Thymus2,124_57,7,20238.0,18771.0
Mouse_Thymus2,109_34,2,18738.0,16471.0
Mouse_Thymus2,81_3,2,15938.0,13371.0
Mouse_Thymus2,89_21,5,16738.0,15171.0
Mouse_Thymus2,84_33,8,16238.0,16371.0
Mouse_Thymus2,104_24,2,18238.0,15471.0
Mouse_Thymus2,83_13,2,16138.0,14371.0
Mouse_Thymus2,22_37,6,10038.0,16771.0
Mouse_Thymus2,51_36,1,12938.0,16671.0
Mouse_Thymus2,107_35,5,18538.0,16571.0
Mouse_Thymus2,72_14,7,15038.0,14471.0
Mouse_Thymus2,87_14,1,16538.0,14471.0
Mouse_Thymus2,106_43,8,18438.0,17371.0
Mouse_Thymus2,38_44,5,11638.0,17471.0
Mouse_Thymus2,123_70,6,20138.0,20071.0
Mouse_Thymus2,110_52,6,18838.0,18271.0
Mouse_Thymus2,19_53,6,9738.0,18371.0
Mouse_Thymus2,48_38,5,12638.0,16871.0
Mouse_Thymus2,77_19,5,15538.0,14971.0
Mouse_Thymus2,93_20,1,17138.0,15071.0
Mouse_Thymus2,84_36,1,16238.0,16671.0
Mouse_Thymus2,92_25,5,17038.0,15571.0
Mouse_Thymus2,124_63,6,20238.0,19371.0
Mouse_Thymus2,70_30,2,14838.0,16071.0
Mouse_Thymus2,32_52,2,11038.0,18271.0
Mouse_Thymus2,89_6,2,16738.0,13671.0
Mouse_Thymus2,105_38,5,18338.0,16871.0
Mouse_Thymus2,77_44,8,15538.0,17471.0
Mouse_Thymus2,3_45,8,8138.0,17571.0
Mouse_Thymus2,32_55,2,11038.0,18571.0
Mouse_Thymus2,108_31,6,18638.0,16171.0
Mouse_Thymus2,94_17,7,17238.0,14771.0
Mouse_Thymus2,121_56,1,19938.0,18671.0
Mouse_Thymus2,89_45,2,16738.0,17571.0
Mouse_Thymus2,22_40,6,10038.0,17071.0
Mouse_Thymus2,96_29,8,17438.0,15971.0
Mouse_Thymus2,43_30,5,12138.0,16071.0
Mouse_Thymus2,19_54,8,9738.0,18471.0
Mouse_Thymus2,98_52,6,17638.0,18271.0
Mouse_Thymus2,80_10,6,15838.0,14071.0
Mouse_Thymus2,58_20,8,13638.0,15071.0
Mouse_Thymus2,32_28,2,11038.0,15871.0
Mouse_Thymus2,65_32,5,14338.0,16271.0
Mouse_Thymus2,102_37,1,18038.0,16771.0
Mouse_Thymus2,114_43,5,19238.0,17371.0
Mouse_Thymus2,40_27,6,11838.0,15771.0
Mouse_Thymus2,95_47,6,17338.0,17771.0
Mouse_Thymus2,110_29,6,18838.0,15971.0
Mouse_Thymus2,110_56,8,18838.0,18671.0
Mouse_Thymus2,84_48,8,16238.0,17871.0
Mouse_Thymus2,100_11,6,17838.0,14171.0
Mouse_Thymus2,60_39,6,13838.0,16971.0
Mouse_Thymus2,38_46,5,11638.0,17671.0
Mouse_Thymus2,39_44,5,11738.0,17471.0
Mouse_Thymus2,112_63,9,19038.0,19371.0
Mouse_Thymus2,112_51,6,19038.0,18171.0
Mouse_Thymus2,107_23,8,18538.0,15371.0
Mouse_Thymus2,75_4,2,15338.0,13471.0
Mouse_Thymus2,41_27,1,11938.0,15771.0
Mouse_Thymus2,34_43,5,11238.0,17371.0
Mouse_Thymus2,29_36,6,10738.0,16671.0
Mouse_Thymus2,97_12,6,17538.0,14271.0
Mouse_Thymus2,88_15,5,16638.0,14571.0
Mouse_Thymus2,87_41,6,16538.0,17171.0
Mouse_Thymus2,48_20,6,12638.0,15071.0
Mouse_Thymus2,58_12,2,13638.0,14271.0
Mouse_Thymus2,97_27,5,17538.0,15771.0
Mouse_Thymus2,79_10,2,15738.0,14071.0
Mouse_Thymus2,106_42,5,18438.0,17271.0
Mouse_Thymus2,69_9,7,14738.0,13971.0
Mouse_Thymus2,70_18,6,14838.0,14871.0
Mouse_Thymus2,89_31,8,16738.0,16171.0
Mouse_Thymus2,117_42,2,19538.0,17271.0
Mouse_Thymus2,73_19,2,15138.0,14971.0
Mouse_Thymus2,89_56,2,16738.0,18671.0
Mouse_Thymus2,95_22,5,17338.0,15271.0
Mouse_Thymus2,88_30,6,16638.0,16071.0
Mouse_Thymus2,79_16,7,15738.0,14671.0
Mouse_Thymus2,50_33,1,12838.0,16371.0
Mouse_Thymus2,112_32,2,19038.0,16271.0
Mouse_Thymus2,19_42,8,9738.0,17271.0
Mouse_Thymus2,20_54,8,9838.0,18471.0
Mouse_Thymus2,84_12,6,16238.0,14271.0
Mouse_Thymus2,105_46,2,18338.0,17671.0
Mouse_Thymus2,99_25,5,17738.0,15571.0
Mouse_Thymus2,59_23,5,13738.0,15371.0
Mouse_Thymus2,45_43,5,12338.0,17371.0
Mouse_Thymus2,114_35,6,19238.0,16571.0
Mouse_Thymus2,83_47,8,16138.0,17771.0
Mouse_Thymus2,123_56,2,20138.0,18671.0
Mouse_Thymus2,94_33,6,17238.0,16371.0
Mouse_Thymus2,93_18,1,17138.0,14871.0
Mouse_Thymus2,34_55,2,11238.0,18571.0
Mouse_Thymus2,102_28,5,18038.0,15871.0
Mouse_Thymus2,61_35,5,13938.0,16571.0
Mouse_Thymus2,95_8,6,17338.0,13871.0
Mouse_Thymus2,34_47,5,11238.0,17771.0
Mouse_Thymus2,38_28,8,11638.0,15871.0
Mouse_Thymus2,106_35,5,18438.0,16571.0
Mouse_Thymus2,42_36,7,12038.0,16671.0
Mouse_Thymus2,57_13,2,13538.0,14371.0
Mouse_Thymus2,49_40,5,12738.0,17071.0
Mouse_Thymus2,68_12,2,14638.0,14271.0
Mouse_Thymus2,27_51,5,10538.0,18171.0
Mouse_Thymus2,114_52,2,19238.0,18271.0
Mouse_Thymus2,15_42,8,9338.0,17271.0
Mouse_Thymus2,39_41,5,11738.0,17171.0
Mouse_Thymus2,98_34,5,17638.0,16471.0
Mouse_Thymus2,63_39,7,14138.0,16971.0
Mouse_Thymus2,105_36,5,18338.0,16671.0
Mouse_Thymus2,63_34,5,14138.0,16471.0
Mouse_Thymus2,27_46,5,10538.0,17671.0
Mouse_Thymus2,94_50,6,17238.0,18071.0
Mouse_Thymus2,61_19,6,13938.0,14971.0
Mouse_Thymus2,57_25,5,13538.0,15571.0
Mouse_Thymus2,103_53,6,18138.0,18371.0
Mouse_Thymus2,54_18,6,13238.0,14871.0
Mouse_Thymus2,100_46,6,17838.0,17671.0
Mouse_Thymus2,11_45,2,8938.0,17571.0
Mouse_Thymus2,42_22,6,12038.0,15271.0
Mouse_Thymus2,114_51,6,19238.0,18171.0
Mouse_Thymus2,84_37,6,16238.0,16771.0
Mouse_Thymus2,85_34,6,16338.0,16471.0
Mouse_Thymus2,55_15,7,13338.0,14571.0
Mouse_Thymus2,54_31,6,13238.0,16171.0
Mouse_Thymus2,30_32,2,10838.0,16271.0
Mouse_Thymus2,118_55,1,19638.0,18571.0
Mouse_Thymus2,34_41,5,11238.0,17171.0
Mouse_Thymus2,115_63,2,19338.0,19371.0
Mouse_Thymus2,92_24,5,17038.0,15471.0
Mouse_Thymus2,57_12,9,13538.0,14271.0
Mouse_Thymus2,45_42,5,12338.0,17271.0
Mouse_Thymus2,121_45,8,19938.0,17571.0
Mouse_Thymus2,52_33,2,13038.0,16371.0
Mouse_Thymus2,93_9,6,17138.0,13971.0
Mouse_Thymus2,95_12,6,17338.0,14271.0
Mouse_Thymus2,36_54,2,11438.0,18471.0
Mouse_Thymus2,47_39,5,12538.0,16971.0
Mouse_Thymus2,66_42,9,14438.0,17271.0
Mouse_Thymus2,95_44,6,17338.0,17471.0
Mouse_Thymus2,44_44,1,12238.0,17471.0
Mouse_Thymus2,91_29,8,16938.0,15971.0
Mouse_Thymus2,103_55,6,18138.0,18571.0
Mouse_Thymus2,42_31,1,12038.0,16171.0
Mouse_Thymus2,92_38,2,17038.0,16871.0
Mouse_Thymus2,55_29,5,13338.0,15971.0
Mouse_Thymus2,82_17,5,16038.0,14771.0
Mouse_Thymus2,53_40,6,13138.0,17071.0
Mouse_Thymus2,55_19,6,13338.0,14971.0
Mouse_Thymus2,70_1,9,14838.0,13171.0
Mouse_Thymus2,77_48,6,15538.0,17871.0
Mouse_Thymus2,16_46,5,9438.0,17671.0
Mouse_Thymus2,107_45,5,18538.0,17571.0
Mouse_Thymus2,45_34,1,12338.0,16471.0
Mouse_Thymus2,53_19,7,13138.0,14971.0
Mouse_Thymus2,59_28,5,13738.0,15871.0
Mouse_Thymus2,90_24,5,16838.0,15471.0
Mouse_Thymus2,83_8,6,16138.0,13871.0
Mouse_Thymus2,110_39,5,18838.0,16971.0
Mouse_Thymus2,75_22,5,15338.0,15271.0
Mouse_Thymus2,87_15,5,16538.0,14571.0
Mouse_Thymus2,59_30,5,13738.0,16071.0
Mouse_Thymus2,56_39,2,13438.0,16971.0
Mouse_Thymus2,28_45,5,10638.0,17571.0
Mouse_Thymus2,74_8,6,15238.0,13871.0
Mouse_Thymus2,25_41,2,10338.0,17171.0
Mouse_Thymus2,116_43,8,19438.0,17371.0
Mouse_Thymus2,75_41,8,15338.0,17171.0
Mouse_Thymus2,93_38,8,17138.0,16871.0
Mouse_Thymus2,60_17,6,13838.0,14771.0
Mouse_Thymus2,26_39,2,10438.0,16971.0
Mouse_Thymus2,111_61,2,18938.0,19171.0
Mouse_Thymus2,118_50,5,19638.0,18071.0
Mouse_Thymus2,86_44,6,16438.0,17471.0
Mouse_Thymus2,81_47,8,15938.0,17771.0
Mouse_Thymus2,71_18,6,14938.0,14871.0
Mouse_Thymus2,80_38,5,15838.0,16871.0
Mouse_Thymus2,28_56,2,10638.0,18671.0
Mouse_Thymus2,73_22,5,15138.0,15271.0
Mouse_Thymus2,22_52,2,10038.0,18271.0
Mouse_Thymus2,51_35,1,12938.0,16571.0
Mouse_Thymus2,83_24,5,16138.0,15471.0
Mouse_Thymus2,18_40,8,9638.0,17071.0
Mouse_Thymus2,21_55,8,9938.0,18571.0
Mouse_Thymus2,27_52,2,10538.0,18271.0
Mouse_Thymus2,51_26,1,12938.0,15671.0
Mouse_Thymus2,115_34,7,19338.0,16471.0
Mouse_Thymus2,80_36,5,15838.0,16671.0
Mouse_Thymus2,61_21,5,13938.0,15171.0
Mouse_Thymus2,54_25,6,13238.0,15571.0
Mouse_Thymus2,59_32,5,13738.0,16271.0
Mouse_Thymus2,46_20,6,12438.0,15071.0
Mouse_Thymus2,18_38,7,9638.0,16871.0
Mouse_Thymus2,92_51,2,17038.0,18171.0
Mouse_Thymus2,88_8,2,16638.0,13871.0
Mouse_Thymus2,7_44,8,8538.0,17471.0
Mouse_Thymus2,30_44,5,10838.0,17471.0
Mouse_Thymus2,73_34,1,15138.0,16471.0
Mouse_Thymus2,123_62,2,20138.0,19271.0
Mouse_Thymus2,19_47,5,9738.0,17771.0
Mouse_Thymus2,86_45,6,16438.0,17571.0
Mouse_Thymus2,99_16,6,17738.0,14671.0
Mouse_Thymus2,30_54,2,10838.0,18471.0
Mouse_Thymus2,64_36,5,14238.0,16671.0
Mouse_Thymus2,29_39,2,10738.0,16971.0
Mouse_Thymus2,85_1,9,16338.0,13171.0
Mouse_Thymus2,79_9,6,15738.0,13971.0
Mouse_Thymus2,30_52,2,10838.0,18271.0
Mouse_Thymus2,77_17,1,15538.0,14771.0
Mouse_Thymus2,57_14,6,13538.0,14471.0
Mouse_Thymus2,59_18,6,13738.0,14871.0
Mouse_Thymus2,79_13,6,15738.0,14371.0
Mouse_Thymus2,50_26,1,12838.0,15671.0
Mouse_Thymus2,75_48,2,15338.0,17871.0
Mouse_Thymus2,76_18,1,15438.0,14871.0
Mouse_Thymus2,77_46,6,15538.0,17671.0
Mouse_Thymus2,26_36,6,10438.0,16671.0
Mouse_Thymus2,102_21,2,18038.0,15171.0
Mouse_Thymus2,121_66,5,19938.0,19671.0
Mouse_Thymus2,104_36,5,18238.0,16671.0
Mouse_Thymus2,99_30,6,17738.0,16071.0
Mouse_Thymus2,30_34,2,10838.0,16471.0
Mouse_Thymus2,25_47,5,10338.0,17771.0
Mouse_Thymus2,63_14,8,14138.0,14471.0
Mouse_Thymus2,25_56,6,10338.0,18671.0
Mouse_Thymus2,47_16,2,12538.0,14671.0
Mouse_Thymus2,84_52,2,16238.0,18271.0
Mouse_Thymus2,83_26,2,16138.0,15671.0
Mouse_Thymus2,85_47,1,16338.0,17771.0
Mouse_Thymus2,33_50,2,11138.0,18071.0
Mouse_Thymus2,78_14,2,15638.0,14471.0
Mouse_Thymus2,55_22,8,13338.0,15271.0
Mouse_Thymus2,92_26,1,17038.0,15671.0
Mouse_Thymus2,88_34,7,16638.0,16471.0
Mouse_Thymus2,15_52,2,9338.0,18271.0
Mouse_Thymus2,58_22,8,13638.0,15271.0
Mouse_Thymus2,69_6,2,14738.0,13671.0
Mouse_Thymus2,17_42,1,9538.0,17271.0
Mouse_Thymus2,120_53,1,19838.0,18371.0
Mouse_Thymus2,79_6,6,15738.0,13671.0
Mouse_Thymus2,90_39,6,16838.0,16971.0
Mouse_Thymus2,101_30,1,17938.0,16071.0
Mouse_Thymus2,122_53,2,20038.0,18371.0
Mouse_Thymus2,2_46,7,8038.0,17671.0
Mouse_Thymus2,114_56,2,19238.0,18671.0
Mouse_Thymus2,21_50,2,9938.0,18071.0
Mouse_Thymus2,80_39,5,15838.0,16971.0
Mouse_Thymus2,62_10,2,14038.0,14071.0
Mouse_Thymus2,92_59,6,17038.0,18971.0
Mouse_Thymus2,72_30,5,15038.0,16071.0
Mouse_Thymus2,89_57,7,16738.0,18771.0
Mouse_Thymus2,116_42,7,19438.0,17271.0
Mouse_Thymus2,75_9,8,15338.0,13971.0
Mouse_Thymus2,23_47,5,10138.0,17771.0
Mouse_Thymus2,59_12,7,13738.0,14271.0
Mouse_Thymus2,85_21,5,16338.0,15171.0
Mouse_Thymus2,42_34,1,12038.0,16471.0
Mouse_Thymus2,88_46,6,16638.0,17671.0
Mouse_Thymus2,41_28,7,11938.0,15871.0
Mouse_Thymus2,51_16,6,12938.0,14671.0
Mouse_Thymus2,90_38,6,16838.0,16871.0
Mouse_Thymus2,81_17,1,15938.0,14771.0
Mouse_Thymus2,112_31,6,19038.0,16171.0
Mouse_Thymus2,100_61,2,17838.0,19171.0
Mouse_Thymus2,46_49,2,12438.0,17971.0
Mouse_Thymus2,85_10,6,16338.0,14071.0
Mouse_Thymus2,115_43,5,19338.0,17371.0
Mouse_Thymus2,25_39,2,10338.0,16971.0
Mouse_Thymus2,19_41,6,9738.0,17171.0
Mouse_Thymus2,76_30,5,15438.0,16071.0
Mouse_Thymus2,68_20,6,14638.0,15071.0
Mouse_Thymus2,109_42,5,18738.0,17271.0
Mouse_Thymus2,75_19,6,15338.0,14971.0
Mouse_Thymus2,79_39,5,15738.0,16971.0
Mouse_Thymus2,36_39,8,11438.0,16971.0
Mouse_Thymus2,61_18,6,13938.0,14871.0
Mouse_Thymus2,110_37,5,18838.0,16771.0
Mouse_Thymus2,52_14,2,13038.0,14471.0
Mouse_Thymus2,119_69,7,19738.0,19971.0
Mouse_Thymus2,39_52,2,11738.0,18271.0
Mouse_Thymus2,107_31,6,18538.0,16171.0
Mouse_Thymus2,101_52,6,17938.0,18271.0
Mouse_Thymus2,58_15,7,13638.0,14571.0
Mouse_Thymus2,85_6,6,16338.0,13671.0
Mouse_Thymus2,69_11,1,14738.0,14171.0
Mouse_Thymus2,68_22,5,14638.0,15271.0
Mouse_Thymus2,111_54,6,18938.0,18471.0
Mouse_Thymus2,93_40,6,17138.0,17071.0
Mouse_Thymus2,116_60,2,19438.0,19071.0
Mouse_Thymus2,83_38,7,16138.0,16871.0
Mouse_Thymus2,97_49,6,17538.0,17971.0
Mouse_Thymus2,78_34,5,15638.0,16471.0
Mouse_Thymus2,49_37,5,12738.0,16771.0
Mouse_Thymus2,36_50,1,11438.0,18071.0
Mouse_Thymus2,83_37,6,16138.0,16771.0
Mouse_Thymus2,69_22,5,14738.0,15271.0
Mouse_Thymus2,113_44,5,19138.0,17471.0
Mouse_Thymus2,96_40,8,17438.0,17071.0
Mouse_Thymus2,71_28,1,14938.0,15871.0
Mouse_Thymus2,95_38,8,17338.0,16871.0
Mouse_Thymus2,26_42,1,10438.0,17271.0
Mouse_Thymus2,56_43,9,13438.0,17371.0
Mouse_Thymus2,92_54,1,17038.0,18471.0
Mouse_Thymus2,97_57,2,17538.0,18771.0
Mouse_Thymus2,54_36,1,13238.0,16671.0
Mouse_Thymus2,37_32,1,11538.0,16271.0
Mouse_Thymus2,96_55,6,17438.0,18571.0
Mouse_Thymus2,33_27,6,11138.0,15771.0
Mouse_Thymus2,113_40,5,19138.0,17071.0
Mouse_Thymus2,43_39,5,12138.0,16971.0
Mouse_Thymus2,22_48,1,10038.0,17871.0
Mouse_Thymus2,55_32,5,13338.0,16271.0
Mouse_Thymus2,34_26,6,11238.0,15671.0
Mouse_Thymus2,100_17,6,17838.0,14771.0
Mouse_Thymus2,71_11,2,14938.0,14171.0
Mouse_Thymus2,99_31,7,17738.0,16171.0
Mouse_Thymus2,41_43,5,11938.0,17371.0
Mouse_Thymus2,33_48,7,11138.0,17871.0
Mouse_Thymus2,95_53,6,17338.0,18371.0
Mouse_Thymus2,30_51,2,10838.0,18171.0
Mouse_Thymus2,36_41,5,11438.0,17171.0
Mouse_Thymus2,125_62,2,20338.0,19271.0
Mouse_Thymus2,64_38,6,14238.0,16871.0
Mouse_Thymus2,39_27,1,11738.0,15771.0
Mouse_Thymus2,57_40,6,13538.0,17071.0
Mouse_Thymus2,47_22,6,12538.0,15271.0
Mouse_Thymus2,64_35,5,14238.0,16571.0
Mouse_Thymus2,49_42,5,12738.0,17271.0
Mouse_Thymus2,90_43,2,16838.0,17371.0
Mouse_Thymus2,101_42,6,17938.0,17271.0
Mouse_Thymus2,59_33,1,13738.0,16371.0
Mouse_Thymus2,56_19,6,13438.0,14971.0
Mouse_Thymus2,98_20,5,17638.0,15071.0
Mouse_Thymus2,32_37,8,11038.0,16771.0
Mouse_Thymus2,48_17,2,12638.0,14771.0
Mouse_Thymus2,79_5,6,15738.0,13571.0
Mouse_Thymus2,103_47,2,18138.0,17771.0
Mouse_Thymus2,30_56,9,10838.0,18671.0
Mouse_Thymus2,45_39,5,12338.0,16971.0
Mouse_Thymus2,118_41,7,19638.0,17171.0
Mouse_Thymus2,38_36,7,11638.0,16671.0
Mouse_Thymus2,71_40,2,14938.0,17071.0
Mouse_Thymus2,25_37,6,10338.0,16771.0
Mouse_Thymus2,102_33,2,18038.0,16371.0
Mouse_Thymus2,75_24,5,15338.0,15471.0
Mouse_Thymus2,43_47,8,12138.0,17771.0
Mouse_Thymus2,101_38,5,17938.0,16871.0
Mouse_Thymus2,113_56,6,19138.0,18671.0
Mouse_Thymus2,105_57,8,18338.0,18771.0
Mouse_Thymus2,93_47,6,17138.0,17771.0
Mouse_Thymus2,65_21,5,14338.0,15171.0
Mouse_Thymus2,53_41,2,13138.0,17171.0
Mouse_Thymus2,109_50,6,18738.0,18071.0
Mouse_Thymus2,87_40,6,16538.0,17071.0
Mouse_Thymus2,87_57,8,16538.0,18771.0
Mouse_Thymus2,38_27,8,11638.0,15771.0
Mouse_Thymus2,62_22,5,14038.0,15271.0
Mouse_Thymus2,85_5,6,16338.0,13571.0
Mouse_Thymus2,15_51,2,9338.0,18171.0
Mouse_Thymus2,114_42,5,19238.0,17271.0
Mouse_Thymus2,108_54,6,18638.0,18471.0
Mouse_Thymus2,86_56,8,16438.0,18671.0
Mouse_Thymus2,113_41,5,19138.0,17171.0
Mouse_Thymus2,8_49,7,8638.0,17971.0
Mouse_Thymus2,52_31,1,13038.0,16171.0
Mouse_Thymus2,24_51,8,10238.0,18171.0
Mouse_Thymus2,42_45,5,12038.0,17571.0
Mouse_Thymus2,49_27,1,12738.0,15771.0
Mouse_Thymus2,32_35,6,11038.0,16571.0
Mouse_Thymus2,90_31,8,16838.0,16171.0
Mouse_Thymus2,65_14,6,14338.0,14471.0
Mouse_Thymus2,85_9,6,16338.0,13971.0
Mouse_Thymus2,106_36,5,18438.0,16671.0
Mouse_Thymus2,64_9,2,14238.0,13971.0
Mouse_Thymus2,68_9,7,14638.0,13971.0
Mouse_Thymus2,45_47,2,12338.0,17771.0
Mouse_Thymus2,7_48,7,8538.0,17871.0
Mouse_Thymus2,110_55,6,18838.0,18571.0
Mouse_Thymus2,78_48,6,15638.0,17871.0
Mouse_Thymus2,19_51,2,9738.0,18171.0
Mouse_Thymus2,92_53,7,17038.0,18371.0
Mouse_Thymus2,103_54,2,18138.0,18471.0
Mouse_Thymus2,99_13,6,17738.0,14371.0
Mouse_Thymus2,56_13,2,13438.0,14371.0
Mouse_Thymus2,99_14,2,17738.0,14471.0
Mouse_Thymus2,91_57,7,16938.0,18771.0
Mouse_Thymus2,84_15,1,16238.0,14571.0
Mouse_Thymus2,66_12,6,14438.0,14271.0
Mouse_Thymus2,99_51,6,17738.0,18171.0
Mouse_Thymus2,76_31,5,15438.0,16171.0
Mouse_Thymus2,115_33,9,19338.0,16371.0
Mouse_Thymus2,41_30,1,11938.0,16071.0
Mouse_Thymus2,67_24,5,14538.0,15471.0
Mouse_Thymus2,44_39,5,12238.0,16971.0
Mouse_Thymus2,59_19,2,13738.0,14971.0
Mouse_Thymus2,99_48,8,17738.0,17871.0
Mouse_Thymus2,104_41,5,18238.0,17171.0
Mouse_Thymus2,35_52,6,11338.0,18271.0
Mouse_Thymus2,86_42,7,16438.0,17271.0
Mouse_Thymus2,69_12,6,14738.0,14271.0
Mouse_Thymus2,37_49,2,11538.0,17971.0
Mouse_Thymus2,119_54,5,19738.0,18471.0
Mouse_Thymus2,85_48,8,16338.0,17871.0
Mouse_Thymus2,32_30,2,11038.0,16071.0
Mouse_Thymus2,103_42,6,18138.0,17271.0
Mouse_Thymus2,77_47,2,15538.0,17771.0
Mouse_Thymus2,90_52,2,16838.0,18271.0
Mouse_Thymus2,7_43,2,8538.0,17371.0
Mouse_Thymus2,92_56,7,17038.0,18671.0
Mouse_Thymus2,36_26,7,11438.0,15671.0
Mouse_Thymus2,63_32,5,14138.0,16271.0
Mouse_Thymus2,16_42,8,9438.0,17271.0
Mouse_Thymus2,7_42,7,8538.0,17271.0
Mouse_Thymus2,82_40,1,16038.0,17071.0
Mouse_Thymus2,100_41,1,17838.0,17171.0
Mouse_Thymus2,78_32,5,15638.0,16271.0
Mouse_Thymus2,109_46,5,18738.0,17671.0
Mouse_Thymus2,28_35,6,10638.0,16571.0
Mouse_Thymus2,88_26,1,16638.0,15671.0
Mouse_Thymus2,41_24,2,11938.0,15471.0
Mouse_Thymus2,66_40,2,14438.0,17071.0
Mouse_Thymus2,74_25,5,15238.0,15571.0
Mouse_Thymus2,61_26,5,13938.0,15671.0
Mouse_Thymus2,83_48,6,16138.0,17871.0
Mouse_Thymus2,67_19,5,14538.0,14971.0
Mouse_Thymus2,98_24,5,17638.0,15471.0
Mouse_Thymus2,107_30,6,18538.0,16071.0
Mouse_Thymus2,100_40,8,17838.0,17071.0
Mouse_Thymus2,92_47,6,17038.0,17771.0
Mouse_Thymus2,42_29,5,12038.0,15971.0
Mouse_Thymus2,17_48,8,9538.0,17871.0
Mouse_Thymus2,109_43,5,18738.0,17371.0
Mouse_Thymus2,48_33,1,12638.0,16371.0
Mouse_Thymus2,84_38,6,16238.0,16871.0
Mouse_Thymus2,57_27,5,13538.0,15771.0
Mouse_Thymus2,66_10,8,14438.0,14071.0
Mouse_Thymus2,21_47,5,9938.0,17771.0
Mouse_Thymus2,63_10,1,14138.0,14071.0
Mouse_Thymus2,51_19,6,12938.0,14971.0
Mouse_Thymus2,71_5,7,14938.0,13571.0
Mouse_Thymus2,105_51,6,18338.0,18171.0
Mouse_Thymus2,40_43,5,11838.0,17371.0
Mouse_Thymus2,77_49,6,15538.0,17971.0
Mouse_Thymus2,104_32,5,18238.0,16271.0
Mouse_Thymus2,20_45,5,9838.0,17571.0
Mouse_Thymus2,90_15,5,16838.0,14571.0
Mouse_Thymus2,69_36,5,14738.0,16671.0
Mouse_Thymus2,69_20,1,14738.0,15071.0
Mouse_Thymus2,56_33,7,13438.0,16371.0
Mouse_Thymus2,41_51,7,11938.0,18171.0
Mouse_Thymus2,81_49,8,15938.0,17971.0
Mouse_Thymus2,99_41,1,17738.0,17171.0
Mouse_Thymus2,86_6,2,16438.0,13671.0
Mouse_Thymus2,84_6,2,16238.0,13671.0
Mouse_Thymus2,102_42,7,18038.0,17271.0
Mouse_Thymus2,75_12,6,15338.0,14271.0
Mouse_Thymus2,29_41,1,10738.0,17171.0
Mouse_Thymus2,74_47,6,15238.0,17771.0
Mouse_Thymus2,92_28,1,17038.0,15871.0
Mouse_Thymus2,98_36,5,17638.0,16671.0
Mouse_Thymus2,74_11,7,15238.0,14171.0
Mouse_Thymus2,57_39,2,13538.0,16971.0
Mouse_Thymus2,91_12,1,16938.0,14271.0
Mouse_Thymus2,69_29,1,14738.0,15971.0
Mouse_Thymus2,71_43,1,14938.0,17371.0
Mouse_Thymus2,53_39,1,13138.0,16971.0
Mouse_Thymus2,58_23,6,13638.0,15371.0
Mouse_Thymus2,125_69,7,20338.0,19971.0
Mouse_Thymus2,115_38,2,19338.0,16871.0
Mouse_Thymus2,86_40,8,16438.0,17071.0
Mouse_Thymus2,56_21,6,13438.0,15171.0
Mouse_Thymus2,123_63,2,20138.0,19371.0
Mouse_Thymus2,89_59,9,16738.0,18971.0
Mouse_Thymus2,37_27,2,11538.0,15771.0
Mouse_Thymus2,125_65,7,20338.0,19571.0
Mouse_Thymus2,70_43,2,14838.0,17371.0
Mouse_Thymus2,93_13,2,17138.0,14371.0
Mouse_Thymus2,26_55,2,10438.0,18571.0
Mouse_Thymus2,36_52,6,11438.0,18271.0
Mouse_Thymus2,67_13,6,14538.0,14371.0
Mouse_Thymus2,105_22,2,18338.0,15271.0
Mouse_Thymus2,101_59,6,17938.0,18971.0
Mouse_Thymus2,17_43,5,9538.0,17371.0
Mouse_Thymus2,86_33,6,16438.0,16371.0
Mouse_Thymus2,74_0,7,15238.0,13071.0
Mouse_Thymus2,63_31,5,14138.0,16171.0
Mouse_Thymus2,51_39,5,12938.0,16971.0
Mouse_Thymus2,44_36,2,12238.0,16671.0
Mouse_Thymus2,34_49,6,11238.0,17971.0
Mouse_Thymus2,116_46,5,19438.0,17671.0
Mouse_Thymus2,54_28,1,13238.0,15871.0
Mouse_Thymus2,84_31,6,16238.0,16171.0
Mouse_Thymus2,44_45,5,12238.0,17571.0
Mouse_Thymus2,28_44,5,10638.0,17471.0
Mouse_Thymus2,93_35,8,17138.0,16571.0
Mouse_Thymus2,73_35,5,15138.0,16571.0
Mouse_Thymus2,57_37,1,13538.0,16771.0
Mouse_Thymus2,118_49,5,19638.0,17971.0
Mouse_Thymus2,69_19,6,14738.0,14971.0
Mouse_Thymus2,77_41,5,15538.0,17171.0
Mouse_Thymus2,100_16,6,17838.0,14671.0
Mouse_Thymus2,95_61,7,17338.0,19171.0
Mouse_Thymus2,98_41,7,17638.0,17171.0
Mouse_Thymus2,98_25,5,17638.0,15571.0
Mouse_Thymus2,77_8,8,15538.0,13871.0
Mouse_Thymus2,26_38,6,10438.0,16871.0
Mouse_Thymus2,49_25,7,12738.0,15571.0
Mouse_Thymus2,110_27,7,18838.0,15771.0
Mouse_Thymus2,81_15,1,15938.0,14571.0
Mouse_Thymus2,95_50,7,17338.0,18071.0
Mouse_Thymus2,119_70,8,19738.0,20071.0
Mouse_Thymus2,100_37,5,17838.0,16771.0
Mouse_Thymus2,111_51,6,18938.0,18171.0
Mouse_Thymus2,21_41,2,9938.0,17171.0
Mouse_Thymus2,78_16,8,15638.0,14671.0
Mouse_Thymus2,116_50,1,19438.0,18071.0
Mouse_Thymus2,57_22,7,13538.0,15271.0
Mouse_Thymus2,79_14,6,15738.0,14471.0
Mouse_Thymus2,72_29,5,15038.0,15971.0
Mouse_Thymus2,93_34,6,17138.0,16471.0
Mouse_Thymus2,54_20,1,13238.0,15071.0
Mouse_Thymus2,95_11,7,17338.0,14171.0
Mouse_Thymus2,87_17,5,16538.0,14771.0
Mouse_Thymus2,74_31,5,15238.0,16171.0
Mouse_Thymus2,41_34,1,11938.0,16471.0
Mouse_Thymus2,67_31,1,14538.0,16171.0
Mouse_Thymus2,41_31,1,11938.0,16171.0
Mouse_Thymus2,49_24,6,12738.0,15471.0
Mouse_Thymus2,68_42,2,14638.0,17271.0
Mouse_Thymus2,70_3,2,14838.0,13371.0
Mouse_Thymus2,101_51,6,17938.0,18171.0
Mouse_Thymus2,84_44,2,16238.0,17471.0
Mouse_Thymus2,118_40,2,19638.0,17071.0
Mouse_Thymus2,120_51,6,19838.0,18171.0
Mouse_Thymus2,55_21,2,13338.0,15171.0
Mouse_Thymus2,99_52,2,17738.0,18271.0
Mouse_Thymus2,64_26,1,14238.0,15671.0
Mouse_Thymus2,86_30,2,16438.0,16071.0
Mouse_Thymus2,83_44,6,16138.0,17471.0
Mouse_Thymus2,50_37,5,12838.0,16771.0
Mouse_Thymus2,104_28,5,18238.0,15871.0
Mouse_Thymus2,27_33,7,10538.0,16371.0
Mouse_Thymus2,99_32,8,17738.0,16271.0
Mouse_Thymus2,57_34,5,13538.0,16471.0
Mouse_Thymus2,75_2,6,15338.0,13271.0
Mouse_Thymus2,13_46,5,9138.0,17671.0
Mouse_Thymus2,71_38,5,14938.0,16871.0
Mouse_Thymus2,121_53,2,19938.0,18371.0
Mouse_Thymus2,110_43,5,18838.0,17371.0
Mouse_Thymus2,55_41,2,13338.0,17171.0
Mouse_Thymus2,96_14,7,17438.0,14471.0
Mouse_Thymus2,105_31,5,18338.0,16171.0
Mouse_Thymus2,28_33,1,10638.0,16371.0
Mouse_Thymus2,27_44,5,10538.0,17471.0
Mouse_Thymus2,33_34,2,11138.0,16471.0
Mouse_Thymus2,93_21,1,17138.0,15171.0
Mouse_Thymus2,17_49,2,9538.0,17971.0
Mouse_Thymus2,117_37,6,19538.0,16771.0
Mouse_Thymus2,68_16,1,14638.0,14671.0
Mouse_Thymus2,78_37,5,15638.0,16771.0
Mouse_Thymus2,117_64,2,19538.0,19471.0
Mouse_Thymus2,82_26,2,16038.0,15671.0
Mouse_Thymus2,27_49,5,10538.0,17971.0
Mouse_Thymus2,90_25,5,16838.0,15571.0
Mouse_Thymus2,24_42,7,10238.0,17271.0
Mouse_Thymus2,118_39,2,19638.0,16971.0
Mouse_Thymus2,87_7,6,16538.0,13771.0
Mouse_Thymus2,56_26,5,13438.0,15671.0
Mouse_Thymus2,17_44,5,9538.0,17471.0
Mouse_Thymus2,92_15,5,17038.0,14571.0
Mouse_Thymus2,86_16,5,16438.0,14671.0
Mouse_Thymus2,65_28,2,14338.0,15871.0
Mouse_Thymus2,25_49,1,10338.0,17971.0
Mouse_Thymus2,102_26,5,18038.0,15671.0
Mouse_Thymus2,88_29,6,16638.0,15971.0
Mouse_Thymus2,98_23,5,17638.0,15371.0
Mouse_Thymus2,23_43,5,10138.0,17371.0
Mouse_Thymus2,97_30,6,17538.0,16071.0
Mouse_Thymus2,75_1,7,15338.0,13171.0
Mouse_Thymus2,120_69,6,19838.0,19971.0
Mouse_Thymus2,78_7,6,15638.0,13771.0
Mouse_Thymus2,110_41,5,18838.0,17171.0
Mouse_Thymus2,87_27,8,16538.0,15771.0
Mouse_Thymus2,106_48,6,18438.0,17871.0
Mouse_Thymus2,95_48,2,17338.0,17871.0
Mouse_Thymus2,114_63,2,19238.0,19371.0
Mouse_Thymus2,66_34,5,14438.0,16471.0
Mouse_Thymus2,89_15,5,16738.0,14571.0
Mouse_Thymus2,86_52,6,16438.0,18271.0
Mouse_Thymus2,117_50,5,19538.0,18071.0
Mouse_Thymus2,66_25,5,14438.0,15571.0
Mouse_Thymus2,124_50,9,20238.0,18071.0
Mouse_Thymus2,10_47,6,8838.0,17771.0
Mouse_Thymus2,31_28,2,10938.0,15871.0
Mouse_Thymus2,68_37,5,14638.0,16771.0
Mouse_Thymus2,72_43,2,15038.0,17371.0
Mouse_Thymus2,97_33,5,17538.0,16371.0
Mouse_Thymus2,86_7,6,16438.0,13771.0
Mouse_Thymus2,53_34,1,13138.0,16471.0
Mouse_Thymus2,54_42,2,13238.0,17271.0
Mouse_Thymus2,73_45,6,15138.0,17571.0
Mouse_Thymus2,92_9,7,17038.0,13971.0
Mouse_Thymus2,70_10,8,14838.0,14071.0
Mouse_Thymus2,87_45,6,16538.0,17571.0
Mouse_Thymus2,44_43,5,12238.0,17371.0
Mouse_Thymus2,95_45,8,17338.0,17571.0
Mouse_Thymus2,77_6,8,15538.0,13671.0
Mouse_Thymus2,83_27,5,16138.0,15771.0
Mouse_Thymus2,84_21,5,16238.0,15171.0
Mouse_Thymus2,107_38,5,18538.0,16871.0
Mouse_Thymus2,53_32,7,13138.0,16271.0
Mouse_Thymus2,34_52,2,11238.0,18271.0
Mouse_Thymus2,91_36,6,16938.0,16671.0
Mouse_Thymus2,89_39,8,16738.0,16971.0
Mouse_Thymus2,29_42,5,10738.0,17271.0
Mouse_Thymus2,68_23,5,14638.0,15371.0
Mouse_Thymus2,80_24,5,15838.0,15471.0
Mouse_Thymus2,96_19,6,17438.0,14971.0
Mouse_Thymus2,116_56,2,19438.0,18671.0
Mouse_Thymus2,70_37,5,14838.0,16771.0
Mouse_Thymus2,69_28,1,14738.0,15871.0
Mouse_Thymus2,38_41,5,11638.0,17171.0
Mouse_Thymus2,111_35,2,18938.0,16571.0
Mouse_Thymus2,101_15,6,17938.0,14571.0
Mouse_Thymus2,73_47,6,15138.0,17771.0
Mouse_Thymus2,62_36,5,14038.0,16671.0
Mouse_Thymus2,102_40,5,18038.0,17071.0
Mouse_Thymus2,101_19,2,17938.0,14971.0
Mouse_Thymus2,82_34,2,16038.0,16471.0
Mouse_Thymus2,67_11,2,14538.0,14171.0
Mouse_Thymus2,46_25,6,12438.0,15571.0
Mouse_Thymus2,117_67,6,19538.0,19771.0
Mouse_Thymus2,66_22,1,14438.0,15271.0
Mouse_Thymus2,119_44,2,19738.0,17471.0
Mouse_Thymus2,83_33,7,16138.0,16371.0
Mouse_Thymus2,74_24,5,15238.0,15471.0
Mouse_Thymus2,36_37,2,11438.0,16771.0
Mouse_Thymus2,105_20,7,18338.0,15071.0
Mouse_Thymus2,69_5,2,14738.0,13571.0
Mouse_Thymus2,92_32,8,17038.0,16271.0
Mouse_Thymus2,78_6,6,15638.0,13671.0
Mouse_Thymus2,45_17,2,12338.0,14771.0
Mouse_Thymus2,88_11,7,16638.0,14171.0
Mouse_Thymus2,31_33,2,10938.0,16371.0
Mouse_Thymus2,73_33,1,15138.0,16371.0
Mouse_Thymus2,50_38,5,12838.0,16871.0
Mouse_Thymus2,37_41,5,11538.0,17171.0
Mouse_Thymus2,31_49,7,10938.0,17971.0
Mouse_Thymus2,104_56,6,18238.0,18671.0
Mouse_Thymus2,92_42,8,17038.0,17271.0
Mouse_Thymus2,62_37,5,14038.0,16771.0
Mouse_Thymus2,92_45,2,17038.0,17571.0
Mouse_Thymus2,83_34,2,16138.0,16471.0
Mouse_Thymus2,100_26,5,17838.0,15671.0
Mouse_Thymus2,66_13,6,14438.0,14371.0
Mouse_Thymus2,59_34,5,13738.0,16471.0
Mouse_Thymus2,113_39,1,19138.0,16971.0
Mouse_Thymus2,8_48,7,8638.0,17871.0
Mouse_Thymus2,74_28,1,15238.0,15871.0
Mouse_Thymus2,67_14,6,14538.0,14471.0
Mouse_Thymus2,74_43,6,15238.0,17371.0
Mouse_Thymus2,51_25,7,12938.0,15571.0
Mouse_Thymus2,13_43,7,9138.0,17371.0
Mouse_Thymus2,73_37,5,15138.0,16771.0
Mouse_Thymus2,21_51,6,9938.0,18171.0
Mouse_Thymus2,71_27,1,14938.0,15771.0
Mouse_Thymus2,97_36,1,17538.0,16671.0
Mouse_Thymus2,102_17,2,18038.0,14771.0
Mouse_Thymus2,70_17,7,14838.0,14771.0
Mouse_Thymus2,91_26,5,16938.0,15671.0
Mouse_Thymus2,63_21,5,14138.0,15171.0
Mouse_Thymus2,101_22,1,17938.0,15271.0
Mouse_Thymus2,97_28,2,17538.0,15871.0
Mouse_Thymus2,118_63,2,19638.0,19371.0
Mouse_Thymus2,115_49,1,19338.0,17971.0
Mouse_Thymus2,46_24,2,12438.0,15471.0
Mouse_Thymus2,96_37,8,17438.0,16771.0
Mouse_Thymus2,29_51,2,10738.0,18171.0
Mouse_Thymus2,62_18,8,14038.0,14871.0
Mouse_Thymus2,88_43,2,16638.0,17371.0
Mouse_Thymus2,54_41,1,13238.0,17171.0
Mouse_Thymus2,60_13,2,13838.0,14371.0
Mouse_Thymus2,42_28,5,12038.0,15871.0
Mouse_Thymus2,36_32,1,11438.0,16271.0
Mouse_Thymus2,101_13,2,17938.0,14371.0
Mouse_Thymus2,98_61,2,17638.0,19171.0
Mouse_Thymus2,107_49,6,18538.0,17971.0
Mouse_Thymus2,76_6,2,15438.0,13671.0
Mouse_Thymus2,61_15,7,13938.0,14571.0
Mouse_Thymus2,30_26,7,10838.0,15671.0
Mouse_Thymus2,37_52,7,11538.0,18271.0
Mouse_Thymus2,97_39,7,17538.0,16971.0
Mouse_Thymus2,123_49,6,20138.0,17971.0
Mouse_Thymus2,96_25,5,17438.0,15571.0
Mouse_Thymus2,67_9,2,14538.0,13971.0
Mouse_Thymus2,33_55,2,11138.0,18571.0
Mouse_Thymus2,102_45,8,18038.0,17571.0
Mouse_Thymus2,68_39,2,14638.0,16971.0
Mouse_Thymus2,53_17,2,13138.0,14771.0
Mouse_Thymus2,45_27,5,12338.0,15771.0
Mouse_Thymus2,75_14,8,15338.0,14471.0
Mouse_Thymus2,53_29,7,13138.0,15971.0
Mouse_Thymus2,109_53,6,18738.0,18371.0
Mouse_Thymus2,45_30,5,12338.0,16071.0
Mouse_Thymus2,21_46,5,9938.0,17671.0
Mouse_Thymus2,104_22,6,18238.0,15271.0
Mouse_Thymus2,83_53,7,16138.0,18371.0
Mouse_Thymus2,116_44,8,19438.0,17471.0
Mouse_Thymus2,2_45,9,8038.0,17571.0
Mouse_Thymus2,79_34,5,15738.0,16471.0
Mouse_Thymus2,88_18,5,16638.0,14871.0
Mouse_Thymus2,19_40,6,9738.0,17071.0
Mouse_Thymus2,97_16,8,17538.0,14671.0
Mouse_Thymus2,69_25,5,14738.0,15571.0
Mouse_Thymus2,115_44,5,19338.0,17471.0
Mouse_Thymus2,65_33,5,14338.0,16371.0
Mouse_Thymus2,77_27,5,15538.0,15771.0
Mouse_Thymus2,121_60,5,19938.0,19071.0
Mouse_Thymus2,110_46,1,18838.0,17671.0
Mouse_Thymus2,75_43,6,15338.0,17371.0
Mouse_Thymus2,67_37,8,14538.0,16771.0
Mouse_Thymus2,105_24,2,18338.0,15471.0
Mouse_Thymus2,82_29,1,16038.0,15971.0
Mouse_Thymus2,74_21,8,15238.0,15171.0
Mouse_Thymus2,39_45,5,11738.0,17571.0
Mouse_Thymus2,46_27,1,12438.0,15771.0
Mouse_Thymus2,118_65,6,19638.0,19571.0
Mouse_Thymus2,81_19,5,15938.0,14971.0
Mouse_Thymus2,27_35,6,10538.0,16571.0
Mouse_Thymus2,124_70,2,20238.0,20071.0
Mouse_Thymus2,73_2,2,15138.0,13271.0
Mouse_Thymus2,93_55,8,17138.0,18571.0
Mouse_Thymus2,86_57,6,16438.0,18771.0
Mouse_Thymus2,95_46,8,17338.0,17671.0
Mouse_Thymus2,105_40,5,18338.0,17071.0
Mouse_Thymus2,38_25,2,11638.0,15571.0
Mouse_Thymus2,61_12,6,13938.0,14271.0
Mouse_Thymus2,57_17,2,13538.0,14771.0
Mouse_Thymus2,55_43,2,13338.0,17371.0
Mouse_Thymus2,45_26,2,12338.0,15671.0
Mouse_Thymus2,78_33,5,15638.0,16371.0
Mouse_Thymus2,33_31,6,11138.0,16171.0
Mouse_Thymus2,117_61,1,19538.0,19171.0
Mouse_Thymus2,61_22,5,13938.0,15271.0
Mouse_Thymus2,70_7,6,14838.0,13771.0
Mouse_Thymus2,99_18,6,17738.0,14871.0
Mouse_Thymus2,41_29,1,11938.0,15971.0
Mouse_Thymus2,119_40,7,19738.0,17071.0
Mouse_Thymus2,95_55,6,17338.0,18571.0
Mouse_Thymus2,59_21,6,13738.0,15171.0
Mouse_Thymus2,101_23,5,17938.0,15371.0
Mouse_Thymus2,99_49,8,17738.0,17971.0
Mouse_Thymus2,120_63,6,19838.0,19371.0
Mouse_Thymus2,40_42,5,11838.0,17271.0
Mouse_Thymus2,18_46,5,9638.0,17671.0
Mouse_Thymus2,101_29,5,17938.0,15971.0
Mouse_Thymus2,115_37,6,19338.0,16771.0
Mouse_Thymus2,77_35,5,15538.0,16571.0
Mouse_Thymus2,27_43,5,10538.0,17371.0
Mouse_Thymus2,23_46,5,10138.0,17671.0
Mouse_Thymus2,47_38,5,12538.0,16871.0
Mouse_Thymus2,55_26,1,13338.0,15671.0
Mouse_Thymus2,124_64,2,20238.0,19471.0
Mouse_Thymus2,88_48,6,16638.0,17871.0
Mouse_Thymus2,99_54,2,17738.0,18471.0
Mouse_Thymus2,113_42,5,19138.0,17271.0
Mouse_Thymus2,84_29,5,16238.0,15971.0
Mouse_Thymus2,15_38,9,9338.0,16871.0
Mouse_Thymus2,66_19,5,14438.0,14971.0
Mouse_Thymus2,50_31,7,12838.0,16171.0
Mouse_Thymus2,7_47,2,8538.0,17771.0
Mouse_Thymus2,107_50,6,18538.0,18071.0
Mouse_Thymus2,67_27,5,14538.0,15771.0
Mouse_Thymus2,88_47,6,16638.0,17771.0
Mouse_Thymus2,41_32,2,11938.0,16271.0
Mouse_Thymus2,112_45,5,19038.0,17571.0
Mouse_Thymus2,117_35,9,19538.0,16571.0
Mouse_Thymus2,25_46,1,10338.0,17671.0
Mouse_Thymus2,81_22,5,15938.0,15271.0
Mouse_Thymus2,44_21,6,12238.0,15171.0
Mouse_Thymus2,18_44,5,9638.0,17471.0
Mouse_Thymus2,55_37,1,13338.0,16771.0
Mouse_Thymus2,89_49,7,16738.0,17971.0
Mouse_Thymus2,71_6,6,14938.0,13671.0
Mouse_Thymus2,86_54,6,16438.0,18471.0
Mouse_Thymus2,97_43,6,17538.0,17371.0
Mouse_Thymus2,43_34,2,12138.0,16471.0
Mouse_Thymus2,52_39,5,13038.0,16971.0
Mouse_Thymus2,120_41,7,19838.0,17171.0
Mouse_Thymus2,74_32,5,15238.0,16271.0
Mouse_Thymus2,120_59,1,19838.0,18971.0
Mouse_Thymus2,95_24,5,17338.0,15471.0
Mouse_Thymus2,95_29,8,17338.0,15971.0
Mouse_Thymus2,90_53,6,16838.0,18371.0
Mouse_Thymus2,114_59,6,19238.0,18971.0
Mouse_Thymus2,124_53,7,20238.0,18371.0
Mouse_Thymus2,14_46,5,9238.0,17671.0
Mouse_Thymus2,91_14,1,16938.0,14471.0
Mouse_Thymus2,45_36,1,12338.0,16671.0
Mouse_Thymus2,101_14,2,17938.0,14471.0
Mouse_Thymus2,35_48,8,11338.0,17871.0
Mouse_Thymus2,110_33,2,18838.0,16371.0
Mouse_Thymus2,42_42,5,12038.0,17271.0
Mouse_Thymus2,87_18,5,16538.0,14871.0
Mouse_Thymus2,108_51,7,18638.0,18171.0
Mouse_Thymus2,94_48,6,17238.0,17871.0
Mouse_Thymus2,60_26,5,13838.0,15671.0
Mouse_Thymus2,7_46,6,8538.0,17671.0
Mouse_Thymus2,30_33,7,10838.0,16371.0
Mouse_Thymus2,77_7,2,15538.0,13771.0
Mouse_Thymus2,54_32,1,13238.0,16271.0
Mouse_Thymus2,38_54,2,11638.0,18471.0
Mouse_Thymus2,83_32,2,16138.0,16271.0
Mouse_Thymus2,123_54,6,20138.0,18471.0
Mouse_Thymus2,88_16,5,16638.0,14671.0
Mouse_Thymus2,99_11,1,17738.0,14171.0
Mouse_Thymus2,24_39,6,10238.0,16971.0
Mouse_Thymus2,26_52,6,10438.0,18271.0
Mouse_Thymus2,45_23,2,12338.0,15371.0
Mouse_Thymus2,66_38,6,14438.0,16871.0
Mouse_Thymus2,44_46,5,12238.0,17671.0
Mouse_Thymus2,52_36,1,13038.0,16671.0
Mouse_Thymus2,107_51,7,18538.0,18171.0
Mouse_Thymus2,40_33,1,11838.0,16371.0
Mouse_Thymus2,32_45,5,11038.0,17571.0
Mouse_Thymus2,19_39,2,9738.0,16971.0
Mouse_Thymus2,93_17,5,17138.0,14771.0
Mouse_Thymus2,28_41,5,10638.0,17171.0
Mouse_Thymus2,81_1,7,15938.0,13171.0
Mouse_Thymus2,81_30,1,15938.0,16071.0
Mouse_Thymus2,101_46,8,17938.0,17671.0
Mouse_Thymus2,25_54,2,10338.0,18471.0
Mouse_Thymus2,93_12,2,17138.0,14271.0
Mouse_Thymus2,86_9,2,16438.0,13971.0
Mouse_Thymus2,31_34,2,10938.0,16471.0
Mouse_Thymus2,54_24,7,13238.0,15471.0
Mouse_Thymus2,81_42,5,15938.0,17271.0
Mouse_Thymus2,101_60,2,17938.0,19071.0
Mouse_Thymus2,55_13,2,13338.0,14371.0
Mouse_Thymus2,47_49,2,12538.0,17971.0
Mouse_Thymus2,96_20,5,17438.0,15071.0
Mouse_Thymus2,112_43,5,19038.0,17371.0
Mouse_Thymus2,92_50,6,17038.0,18071.0
Mouse_Thymus2,86_14,7,16438.0,14471.0
Mouse_Thymus2,107_55,8,18538.0,18571.0
Mouse_Thymus2,68_26,1,14638.0,15671.0
Mouse_Thymus2,31_26,7,10938.0,15671.0
Mouse_Thymus2,94_16,6,17238.0,14671.0
Mouse_Thymus2,106_51,2,18438.0,18171.0
Mouse_Thymus2,101_48,1,17938.0,17871.0
Mouse_Thymus2,35_40,5,11338.0,17071.0
Mouse_Thymus2,99_28,6,17738.0,15871.0
Mouse_Thymus2,74_48,2,15238.0,17871.0
Mouse_Thymus2,116_51,1,19438.0,18171.0
Mouse_Thymus2,113_45,5,19138.0,17571.0
Mouse_Thymus2,80_50,6,15838.0,18071.0
Mouse_Thymus2,60_25,5,13838.0,15571.0
Mouse_Thymus2,57_38,7,13538.0,16871.0
Mouse_Thymus2,80_43,5,15838.0,17371.0
Mouse_Thymus2,112_44,5,19038.0,17471.0
Mouse_Thymus2,90_17,5,16838.0,14771.0
Mouse_Thymus2,94_36,6,17238.0,16671.0
Mouse_Thymus2,78_29,5,15638.0,15971.0
Mouse_Thymus2,93_42,8,17138.0,17271.0
Mouse_Thymus2,4_45,7,8238.0,17571.0
Mouse_Thymus2,8_47,6,8638.0,17771.0
Mouse_Thymus2,103_34,5,18138.0,16471.0
Mouse_Thymus2,101_24,5,17938.0,15471.0
Mouse_Thymus2,78_23,5,15638.0,15371.0
Mouse_Thymus2,36_40,5,11438.0,17071.0
Mouse_Thymus2,52_42,6,13038.0,17271.0
Mouse_Thymus2,28_38,2,10638.0,16871.0
Mouse_Thymus2,90_12,2,16838.0,14271.0
Mouse_Thymus2,80_40,5,15838.0,17071.0
Mouse_Thymus2,30_43,5,10838.0,17371.0
Mouse_Thymus2,89_48,6,16738.0,17871.0
Mouse_Thymus2,102_41,5,18038.0,17171.0
Mouse_Thymus2,89_46,6,16738.0,17671.0
Mouse_Thymus2,57_23,1,13538.0,15371.0
Mouse_Thymus2,58_40,6,13638.0,17071.0
Mouse_Thymus2,94_9,6,17238.0,13971.0
Mouse_Thymus2,18_39,6,9638.0,16971.0
Mouse_Thymus2,103_36,5,18138.0,16671.0
Mouse_Thymus2,109_52,6,18738.0,18271.0
Mouse_Thymus2,41_36,2,11938.0,16671.0
Mouse_Thymus2,58_36,5,13638.0,16671.0
Mouse_Thymus2,85_35,2,16338.0,16571.0
Mouse_Thymus2,91_59,8,16938.0,18971.0
Mouse_Thymus2,99_10,1,17738.0,14071.0
Mouse_Thymus2,28_37,6,10638.0,16771.0
Mouse_Thymus2,38_26,6,11638.0,15671.0
Mouse_Thymus2,113_36,6,19138.0,16671.0
Mouse_Thymus2,83_19,5,16138.0,14971.0
Mouse_Thymus2,84_47,7,16238.0,17771.0
Mouse_Thymus2,87_47,8,16538.0,17771.0
Mouse_Thymus2,119_52,5,19738.0,18271.0
Mouse_Thymus2,28_31,9,10638.0,16171.0
Mouse_Thymus2,85_32,2,16338.0,16271.0
Mouse_Thymus2,71_3,2,14938.0,13371.0
Mouse_Thymus2,76_28,5,15438.0,15871.0
Mouse_Thymus2,74_3,6,15238.0,13371.0
Mouse_Thymus2,40_30,1,11838.0,16071.0
Mouse_Thymus2,84_51,7,16238.0,18171.0
Mouse_Thymus2,90_27,8,16838.0,15771.0
Mouse_Thymus2,98_35,5,17638.0,16571.0
Mouse_Thymus2,85_41,2,16338.0,17171.0
Mouse_Thymus2,105_27,6,18338.0,15771.0
Mouse_Thymus2,68_19,1,14638.0,14971.0
Mouse_Thymus2,103_20,6,18138.0,15071.0
Mouse_Thymus2,79_35,5,15738.0,16571.0
Mouse_Thymus2,90_32,8,16838.0,16271.0
Mouse_Thymus2,97_24,5,17538.0,15471.0
Mouse_Thymus2,97_26,5,17538.0,15671.0
Mouse_Thymus2,48_44,2,12638.0,17471.0
Mouse_Thymus2,78_51,2,15638.0,18171.0
Mouse_Thymus2,37_25,2,11538.0,15571.0
Mouse_Thymus2,113_52,6,19138.0,18271.0
Mouse_Thymus2,80_45,6,15838.0,17571.0
Mouse_Thymus2,64_37,1,14238.0,16771.0
Mouse_Thymus2,85_26,7,16338.0,15671.0
Mouse_Thymus2,10_49,2,8838.0,17971.0
Mouse_Thymus2,91_30,6,16938.0,16071.0
Mouse_Thymus2,113_53,6,19138.0,18371.0
Mouse_Thymus2,104_58,9,18238.0,18871.0
Mouse_Thymus2,71_15,6,14938.0,14571.0
Mouse_Thymus2,76_21,5,15438.0,15171.0
Mouse_Thymus2,15_40,2,9338.0,17071.0
Mouse_Thymus2,53_33,1,13138.0,16371.0
Mouse_Thymus2,82_10,2,16038.0,14071.0
Mouse_Thymus2,39_30,1,11738.0,16071.0
Mouse_Thymus2,113_49,1,19138.0,17971.0
Mouse_Thymus2,90_45,6,16838.0,17571.0
Mouse_Thymus2,16_45,5,9438.0,17571.0
Mouse_Thymus2,93_54,2,17138.0,18471.0
Mouse_Thymus2,31_52,2,10938.0,18271.0
Mouse_Thymus2,35_50,2,11338.0,18071.0
Mouse_Thymus2,99_26,5,17738.0,15671.0
Mouse_Thymus2,42_43,5,12038.0,17371.0
Mouse_Thymus2,31_30,1,10938.0,16071.0
Mouse_Thymus2,9_48,2,8738.0,17871.0
Mouse_Thymus2,90_18,5,16838.0,14871.0
Mouse_Thymus2,56_35,5,13438.0,16571.0
Mouse_Thymus2,38_23,2,11638.0,15371.0
Mouse_Thymus2,27_53,2,10538.0,18371.0
Mouse_Thymus2,114_47,7,19238.0,17771.0
Mouse_Thymus2,107_46,5,18538.0,17671.0
Mouse_Thymus2,97_45,6,17538.0,17571.0
Mouse_Thymus2,27_45,5,10538.0,17571.0
Mouse_Thymus2,98_51,2,17638.0,18171.0
Mouse_Thymus2,76_27,5,15438.0,15771.0
Mouse_Thymus2,70_4,2,14838.0,13471.0
Mouse_Thymus2,51_43,6,12938.0,17371.0
Mouse_Thymus2,55_30,1,13338.0,16071.0
Mouse_Thymus2,120_54,5,19838.0,18471.0
Mouse_Thymus2,87_38,6,16538.0,16871.0
Mouse_Thymus2,68_33,1,14638.0,16371.0
Mouse_Thymus2,120_40,9,19838.0,17071.0
Mouse_Thymus2,123_68,2,20138.0,19871.0
Mouse_Thymus2,65_27,5,14338.0,15771.0
Mouse_Thymus2,57_20,8,13538.0,15071.0
Mouse_Thymus2,37_47,1,11538.0,17771.0
Mouse_Thymus2,39_43,5,11738.0,17371.0
Mouse_Thymus2,103_33,5,18138.0,16371.0
Mouse_Thymus2,53_43,6,13138.0,17371.0
Mouse_Thymus2,5_42,9,8338.0,17271.0
Mouse_Thymus2,126_69,2,20438.0,19971.0
Mouse_Thymus2,79_32,5,15738.0,16271.0
Mouse_Thymus2,69_14,6,14738.0,14471.0
Mouse_Thymus2,80_49,2,15838.0,17971.0
Mouse_Thymus2,86_2,7,16438.0,13271.0
Mouse_Thymus2,81_50,7,15938.0,18071.0
Mouse_Thymus2,106_41,5,18438.0,17171.0
Mouse_Thymus2,87_8,2,16538.0,13871.0
Mouse_Thymus2,121_43,7,19938.0,17371.0
Mouse_Thymus2,122_64,7,20038.0,19471.0
Mouse_Thymus2,57_28,5,13538.0,15871.0
Mouse_Thymus2,109_38,5,18738.0,16871.0
Mouse_Thymus2,104_33,5,18238.0,16371.0
Mouse_Thymus2,102_53,6,18038.0,18371.0
Mouse_Thymus2,100_28,1,17838.0,15871.0
Mouse_Thymus2,42_23,6,12038.0,15371.0
Mouse_Thymus2,106_34,5,18438.0,16471.0
Mouse_Thymus2,111_47,5,18938.0,17771.0
Mouse_Thymus2,102_35,5,18038.0,16571.0
Mouse_Thymus2,70_23,5,14838.0,15371.0
Mouse_Thymus2,54_43,2,13238.0,17371.0
Mouse_Thymus2,50_24,2,12838.0,15471.0
Mouse_Thymus2,77_26,5,15538.0,15671.0
Mouse_Thymus2,76_42,1,15438.0,17271.0
Mouse_Thymus2,78_44,8,15638.0,17471.0
Mouse_Thymus2,68_41,2,14638.0,17171.0
Mouse_Thymus2,101_61,2,17938.0,19171.0
Mouse_Thymus2,77_37,5,15538.0,16771.0
Mouse_Thymus2,22_50,2,10038.0,18071.0
Mouse_Thymus2,42_25,6,12038.0,15571.0
Mouse_Thymus2,115_36,2,19338.0,16671.0
Mouse_Thymus2,46_37,5,12438.0,16771.0
Mouse_Thymus2,90_35,8,16838.0,16571.0
Mouse_Thymus2,85_40,6,16338.0,17071.0
Mouse_Thymus2,48_45,2,12638.0,17571.0
Mouse_Thymus2,121_54,1,19938.0,18471.0
Mouse_Thymus2,117_53,1,19538.0,18371.0
Mouse_Thymus2,22_38,7,10038.0,16871.0
Mouse_Thymus2,20_53,2,9838.0,18371.0
Mouse_Thymus2,123_66,1,20138.0,19671.0
Mouse_Thymus2,85_17,5,16338.0,14771.0
Mouse_Thymus2,88_6,7,16638.0,13671.0
Mouse_Thymus2,100_56,6,17838.0,18671.0
Mouse_Thymus2,57_24,1,13538.0,15471.0
Mouse_Thymus2,79_23,5,15738.0,15371.0
Mouse_Thymus2,71_33,1,14938.0,16371.0
Mouse_Thymus2,49_16,2,12738.0,14671.0
Mouse_Thymus2,99_19,6,17738.0,14971.0
Mouse_Thymus2,75_44,7,15338.0,17471.0
Mouse_Thymus2,68_6,2,14638.0,13671.0
Mouse_Thymus2,61_36,5,13938.0,16671.0
Mouse_Thymus2,56_27,5,13438.0,15771.0
Mouse_Thymus2,43_44,5,12138.0,17471.0
Mouse_Thymus2,88_12,2,16638.0,14271.0
Mouse_Thymus2,73_40,5,15138.0,17071.0
Mouse_Thymus2,85_42,2,16338.0,17271.0
Mouse_Thymus2,35_55,2,11338.0,18571.0
Mouse_Thymus2,111_44,5,18938.0,17471.0
Mouse_Thymus2,65_30,1,14338.0,16071.0
Mouse_Thymus2,44_26,1,12238.0,15671.0
Mouse_Thymus2,70_6,2,14838.0,13671.0
Mouse_Thymus2,12_46,2,9038.0,17671.0
Mouse_Thymus2,37_29,7,11538.0,15971.0
Mouse_Thymus2,80_3,6,15838.0,13371.0
Mouse_Thymus2,46_32,7,12438.0,16271.0
Mouse_Thymus2,36_35,2,11438.0,16571.0
Mouse_Thymus2,97_52,2,17538.0,18271.0
Mouse_Thymus2,102_14,9,18038.0,14471.0
Mouse_Thymus2,94_47,6,17238.0,17771.0
Mouse_Thymus2,72_8,6,15038.0,13871.0
Mouse_Thymus2,41_45,5,11938.0,17571.0
Mouse_Thymus2,87_5,7,16538.0,13571.0
Mouse_Thymus2,89_47,6,16738.0,17771.0
Mouse_Thymus2,81_26,6,15938.0,15671.0
Mouse_Thymus2,79_0,8,15738.0,13071.0
Mouse_Thymus2,89_51,6,16738.0,18171.0
Mouse_Thymus2,100_36,5,17838.0,16671.0
Mouse_Thymus2,86_20,5,16438.0,15071.0
Mouse_Thymus2,119_58,1,19738.0,18871.0
Mouse_Thymus2,121_51,2,19938.0,18171.0
Mouse_Thymus2,100_18,2,17838.0,14871.0
Mouse_Thymus2,46_19,6,12438.0,14971.0
Mouse_Thymus2,104_50,6,18238.0,18071.0
Mouse_Thymus2,105_56,8,18338.0,18671.0
Mouse_Thymus2,102_58,6,18038.0,18871.0
Mouse_Thymus2,94_6,7,17238.0,13671.0
Mouse_Thymus2,85_13,1,16338.0,14371.0
Mouse_Thymus2,111_57,6,18938.0,18771.0
Mouse_Thymus2,88_17,5,16638.0,14771.0
Mouse_Thymus2,100_44,6,17838.0,17471.0
Mouse_Thymus2,21_48,8,9938.0,17871.0
Mouse_Thymus2,101_25,5,17938.0,15571.0
Mouse_Thymus2,59_15,6,13738.0,14571.0
Mouse_Thymus2,22_45,5,10038.0,17571.0
Mouse_Thymus2,24_36,7,10238.0,16671.0
Mouse_Thymus2,118_62,1,19638.0,19271.0
Mouse_Thymus2,99_38,5,17738.0,16871.0
Mouse_Thymus2,53_27,5,13138.0,15771.0
Mouse_Thymus2,53_22,2,13138.0,15271.0
Mouse_Thymus2,93_31,6,17138.0,16171.0
Mouse_Thymus2,35_34,2,11338.0,16471.0
Mouse_Thymus2,52_25,1,13038.0,15571.0
Mouse_Thymus2,11_49,2,8938.0,17971.0
Mouse_Thymus2,81_32,6,15938.0,16271.0
Mouse_Thymus2,117_69,9,19538.0,19971.0
Mouse_Thymus2,74_20,6,15238.0,15071.0
Mouse_Thymus2,74_13,8,15238.0,14371.0
Mouse_Thymus2,31_54,6,10938.0,18471.0
Mouse_Thymus2,32_25,7,11038.0,15571.0
Mouse_Thymus2,51_44,2,12938.0,17471.0
Mouse_Thymus2,90_14,1,16838.0,14471.0
Mouse_Thymus2,98_13,6,17638.0,14371.0
Mouse_Thymus2,71_7,6,14938.0,13771.0
Mouse_Thymus2,125_71,2,20338.0,20171.0
Mouse_Thymus2,105_41,5,18338.0,17171.0
Mouse_Thymus2,89_28,1,16738.0,15871.0
Mouse_Thymus2,100_59,6,17838.0,18971.0
Mouse_Thymus2,116_67,9,19438.0,19771.0
Mouse_Thymus2,96_46,8,17438.0,17671.0
Mouse_Thymus2,92_7,6,17038.0,13771.0
Mouse_Thymus2,115_39,6,19338.0,16971.0
Mouse_Thymus2,63_37,1,14138.0,16771.0
Mouse_Thymus2,33_49,8,11138.0,17971.0
Mouse_Thymus2,85_27,1,16338.0,15771.0
Mouse_Thymus2,60_14,7,13838.0,14471.0
Mouse_Thymus2,82_31,6,16038.0,16171.0
Mouse_Thymus2,106_38,5,18438.0,16871.0
Mouse_Thymus2,85_54,7,16338.0,18471.0
Mouse_Thymus2,66_27,1,14438.0,15771.0
Mouse_Thymus2,72_4,2,15038.0,13471.0
Mouse_Thymus2,80_9,6,15838.0,13971.0
Mouse_Thymus2,76_32,5,15438.0,16271.0
Mouse_Thymus2,64_33,5,14238.0,16371.0
Mouse_Thymus2,91_52,2,16938.0,18271.0
Mouse_Thymus2,93_51,6,17138.0,18171.0
Mouse_Thymus2,96_18,7,17438.0,14871.0
Mouse_Thymus2,48_22,6,12638.0,15271.0
Mouse_Thymus2,83_35,6,16138.0,16571.0
Mouse_Thymus2,98_33,5,17638.0,16371.0
Mouse_Thymus2,83_14,7,16138.0,14471.0
Mouse_Thymus2,102_32,1,18038.0,16271.0
Mouse_Thymus2,94_45,8,17238.0,17571.0
Mouse_Thymus2,67_10,6,14538.0,14071.0
Mouse_Thymus2,104_54,6,18238.0,18471.0
Mouse_Thymus2,38_29,1,11638.0,15971.0
Mouse_Thymus2,49_17,6,12738.0,14771.0
Mouse_Thymus2,100_50,6,17838.0,18071.0
Mouse_Thymus2,93_49,6,17138.0,17971.0
Mouse_Thymus2,99_12,1,17738.0,14271.0
Mouse_Thymus2,82_4,6,16038.0,13471.0
Mouse_Thymus2,41_25,7,11938.0,15571.0
Mouse_Thymus2,112_39,5,19038.0,16971.0
Mouse_Thymus2,119_39,7,19738.0,16971.0
Mouse_Thymus2,34_51,2,11238.0,18171.0
Mouse_Thymus2,37_31,7,11538.0,16171.0
Mouse_Thymus2,114_39,6,19238.0,16971.0
Mouse_Thymus2,94_25,5,17238.0,15571.0
Mouse_Thymus2,31_27,6,10938.0,15771.0
Mouse_Thymus2,89_42,6,16738.0,17271.0
Mouse_Thymus2,16_40,1,9438.0,17071.0
Mouse_Thymus2,69_27,5,14738.0,15771.0
Mouse_Thymus2,76_37,5,15438.0,16771.0
Mouse_Thymus2,106_37,5,18438.0,16771.0
Mouse_Thymus2,70_2,2,14838.0,13271.0
Mouse_Thymus2,74_39,5,15238.0,16971.0
Mouse_Thymus2,75_47,6,15338.0,17771.0
Mouse_Thymus2,50_28,5,12838.0,15871.0
Mouse_Thymus2,122_72,2,20038.0,20271.0
Mouse_Thymus2,22_47,5,10038.0,17771.0
Mouse_Thymus2,82_30,7,16038.0,16071.0
Mouse_Thymus2,78_19,5,15638.0,14971.0
Mouse_Thymus2,92_41,6,17038.0,17171.0
Mouse_Thymus2,120_66,8,19838.0,19671.0
Mouse_Thymus2,81_36,1,15938.0,16671.0
Mouse_Thymus2,71_30,6,14938.0,16071.0
Mouse_Thymus2,114_57,6,19238.0,18771.0
Mouse_Thymus2,26_48,5,10438.0,17871.0
Mouse_Thymus2,90_20,5,16838.0,15071.0
Mouse_Thymus2,91_32,6,16938.0,16271.0
Mouse_Thymus2,107_22,8,18538.0,15271.0
Mouse_Thymus2,17_51,6,9538.0,18171.0
Mouse_Thymus2,36_25,2,11438.0,15571.0
Mouse_Thymus2,14_49,2,9238.0,17971.0
Mouse_Thymus2,96_59,6,17438.0,18971.0
Mouse_Thymus2,125_63,6,20338.0,19371.0
Mouse_Thymus2,84_14,1,16238.0,14471.0
Mouse_Thymus2,92_18,1,17038.0,14871.0
Mouse_Thymus2,80_42,5,15838.0,17271.0
Mouse_Thymus2,77_13,6,15538.0,14371.0
Mouse_Thymus2,24_50,2,10238.0,18071.0
Mouse_Thymus2,72_2,2,15038.0,13271.0
Mouse_Thymus2,62_21,5,14038.0,15171.0
Mouse_Thymus2,68_17,7,14638.0,14771.0
Mouse_Thymus2,16_41,2,9438.0,17171.0
Mouse_Thymus2,90_22,5,16838.0,15271.0
Mouse_Thymus2,101_32,6,17938.0,16271.0
Mouse_Thymus2,8_46,2,8638.0,17671.0
Mouse_Thymus2,59_25,5,13738.0,15571.0
Mouse_Thymus2,72_12,7,15038.0,14271.0
Mouse_Thymus2,67_42,2,14538.0,17271.0
Mouse_Thymus2,125_58,9,20338.0,18871.0
Mouse_Thymus2,86_37,6,16438.0,16771.0
Mouse_Thymus2,33_42,5,11138.0,17271.0
Mouse_Thymus2,23_52,6,10138.0,18271.0
Mouse_Thymus2,61_30,5,13938.0,16071.0
Mouse_Thymus2,100_15,2,17838.0,14571.0
Mouse_Thymus2,54_40,1,13238.0,17071.0
Mouse_Thymus2,78_0,2,15638.0,13071.0
Mouse_Thymus2,79_12,2,15738.0,14271.0
Mouse_Thymus2,45_37,7,12338.0,16771.0
Mouse_Thymus2,23_42,2,10138.0,17271.0
Mouse_Thymus2,95_60,2,17338.0,19071.0
Mouse_Thymus2,31_53,7,10938.0,18371.0
Mouse_Thymus2,62_33,5,14038.0,16371.0
Mouse_Thymus2,65_36,8,14338.0,16671.0
Mouse_Thymus2,23_36,2,10138.0,16671.0
Mouse_Thymus2,96_10,6,17438.0,14071.0
Mouse_Thymus2,122_55,2,20038.0,18571.0
Mouse_Thymus2,106_23,2,18438.0,15371.0
Mouse_Thymus2,38_52,2,11638.0,18271.0
Mouse_Thymus2,89_11,2,16738.0,14171.0
Mouse_Thymus2,74_2,2,15238.0,13271.0
Mouse_Thymus2,83_46,6,16138.0,17671.0
Mouse_Thymus2,72_37,5,15038.0,16771.0
Mouse_Thymus2,110_45,1,18838.0,17571.0
Mouse_Thymus2,87_12,1,16538.0,14271.0
Mouse_Thymus2,91_16,5,16938.0,14671.0
Mouse_Thymus2,73_27,5,15138.0,15771.0
Mouse_Thymus2,90_41,6,16838.0,17171.0
Mouse_Thymus2,49_43,8,12738.0,17371.0
Mouse_Thymus2,47_17,7,12538.0,14771.0
Mouse_Thymus2,40_37,6,11838.0,16771.0
Mouse_Thymus2,98_19,5,17638.0,14971.0
Mouse_Thymus2,114_55,2,19238.0,18571.0
Mouse_Thymus2,96_26,5,17438.0,15671.0
Mouse_Thymus2,20_43,5,9838.0,17371.0
Mouse_Thymus2,68_15,2,14638.0,14571.0
Mouse_Thymus2,59_37,1,13738.0,16771.0
Mouse_Thymus2,107_44,2,18538.0,17471.0
Mouse_Thymus2,64_20,5,14238.0,15071.0
Mouse_Thymus2,31_55,2,10938.0,18571.0
Mouse_Thymus2,90_21,5,16838.0,15171.0
Mouse_Thymus2,32_44,5,11038.0,17471.0
Mouse_Thymus2,95_43,2,17338.0,17371.0
Mouse_Thymus2,87_39,6,16538.0,16971.0
Mouse_Thymus2,60_28,5,13838.0,15871.0
Mouse_Thymus2,35_51,6,11338.0,18171.0
Mouse_Thymus2,17_47,5,9538.0,17771.0
Mouse_Thymus2,15_49,2,9338.0,17971.0
Mouse_Thymus2,75_38,5,15338.0,16871.0
Mouse_Thymus2,56_29,5,13438.0,15971.0
Mouse_Thymus2,30_35,6,10838.0,16571.0
Mouse_Thymus2,117_54,7,19538.0,18471.0
Mouse_Thymus2,99_44,7,17738.0,17471.0
Mouse_Thymus2,27_54,2,10538.0,18471.0
Mouse_Thymus2,69_3,8,14738.0,13371.0
Mouse_Thymus2,115_53,2,19338.0,18371.0
Mouse_Thymus2,64_25,5,14238.0,15571.0
Mouse_Thymus2,64_19,1,14238.0,14971.0
Mouse_Thymus2,89_24,5,16738.0,15471.0
Mouse_Thymus2,82_21,5,16038.0,15171.0
Mouse_Thymus2,111_34,2,18938.0,16471.0
Mouse_Thymus2,35_41,5,11338.0,17171.0
Mouse_Thymus2,72_26,5,15038.0,15671.0
Mouse_Thymus2,36_34,2,11438.0,16471.0
Mouse_Thymus2,19_48,8,9738.0,17871.0
Mouse_Thymus2,94_26,5,17238.0,15671.0
Mouse_Thymus2,23_49,6,10138.0,17971.0
Mouse_Thymus2,72_45,2,15038.0,17571.0
Mouse_Thymus2,45_33,1,12338.0,16371.0
Mouse_Thymus2,100_52,6,17838.0,18271.0
Mouse_Thymus2,105_50,2,18338.0,18071.0
Mouse_Thymus2,12_51,2,9038.0,18171.0
Mouse_Thymus2,88_38,8,16638.0,16871.0
Mouse_Thymus2,41_49,2,11938.0,17971.0
Mouse_Thymus2,97_11,6,17538.0,14171.0
Mouse_Thymus2,93_27,5,17138.0,15771.0
Mouse_Thymus2,95_10,6,17338.0,14071.0
Mouse_Thymus2,47_36,1,12538.0,16671.0
Mouse_Thymus2,45_48,6,12338.0,17871.0
Mouse_Thymus2,74_22,8,15238.0,15271.0
Mouse_Thymus2,38_34,2,11638.0,16471.0
Mouse_Thymus2,37_36,6,11538.0,16671.0
Mouse_Thymus2,84_7,2,16238.0,13771.0
Mouse_Thymus2,97_56,2,17538.0,18671.0
Mouse_Thymus2,39_53,2,11738.0,18371.0
Mouse_Thymus2,102_39,5,18038.0,16971.0
Mouse_Thymus2,118_68,2,19638.0,19871.0
Mouse_Thymus2,101_45,8,17938.0,17571.0
Mouse_Thymus2,38_32,1,11638.0,16271.0
Mouse_Thymus2,125_59,2,20338.0,18971.0
Mouse_Thymus2,56_42,2,13438.0,17271.0
Mouse_Thymus2,44_24,2,12238.0,15471.0
Mouse_Thymus2,111_58,8,18938.0,18871.0
Mouse_Thymus2,103_38,5,18138.0,16871.0
Mouse_Thymus2,80_44,5,15838.0,17471.0
Mouse_Thymus2,103_27,5,18138.0,15771.0
Mouse_Thymus2,84_19,5,16238.0,14971.0
Mouse_Thymus2,98_39,1,17638.0,16971.0
Mouse_Thymus2,94_51,6,17238.0,18171.0
Mouse_Thymus2,51_40,5,12938.0,17071.0
Mouse_Thymus2,85_55,8,16338.0,18571.0
Mouse_Thymus2,56_31,1,13438.0,16171.0
Mouse_Thymus2,85_38,6,16338.0,16871.0
Mouse_Thymus2,77_31,5,15538.0,16171.0
Mouse_Thymus2,40_23,2,11838.0,15371.0
Mouse_Thymus2,101_37,1,17938.0,16771.0
Mouse_Thymus2,102_56,6,18038.0,18671.0
Mouse_Thymus2,72_17,7,15038.0,14771.0
Mouse_Thymus2,100_32,6,17838.0,16271.0
Mouse_Thymus2,73_4,6,15138.0,13471.0
Mouse_Thymus2,83_2,6,16138.0,13271.0
Mouse_Thymus2,80_12,2,15838.0,14271.0
Mouse_Thymus2,39_36,2,11738.0,16671.0
Mouse_Thymus2,99_60,7,17738.0,19071.0
Mouse_Thymus2,37_23,9,11538.0,15371.0
Mouse_Thymus2,76_41,5,15438.0,17171.0
Mouse_Thymus2,74_45,6,15238.0,17571.0
Mouse_Thymus2,71_21,5,14938.0,15171.0
Mouse_Thymus2,40_21,6,11838.0,15171.0
Mouse_Thymus2,77_33,5,15538.0,16371.0
Mouse_Thymus2,79_7,7,15738.0,13771.0
Mouse_Thymus2,48_36,1,12638.0,16671.0
Mouse_Thymus2,120_65,6,19838.0,19571.0
Mouse_Thymus2,106_21,7,18438.0,15171.0
Mouse_Thymus2,117_68,7,19538.0,19871.0
Mouse_Thymus2,86_19,5,16438.0,14971.0
Mouse_Thymus2,76_45,8,15438.0,17571.0
Mouse_Thymus2,86_48,7,16438.0,17871.0
Mouse_Thymus2,94_60,2,17238.0,19071.0
Mouse_Thymus2,46_48,6,12438.0,17871.0
Mouse_Thymus2,119_50,8,19738.0,18071.0
Mouse_Thymus2,44_40,5,12238.0,17071.0
Mouse_Thymus2,29_35,7,10738.0,16571.0
Mouse_Thymus2,44_30,5,12238.0,16071.0
Mouse_Thymus2,117_49,5,19538.0,17971.0
Mouse_Thymus2,67_20,5,14538.0,15071.0
Mouse_Thymus2,95_54,2,17338.0,18471.0
Mouse_Thymus2,80_21,5,15838.0,15171.0
Mouse_Thymus2,39_48,2,11738.0,17871.0
Mouse_Thymus2,89_55,2,16738.0,18571.0
Mouse_Thymus2,82_49,6,16038.0,17971.0
Mouse_Thymus2,77_20,5,15538.0,15071.0
Mouse_Thymus2,36_30,7,11438.0,16071.0
Mouse_Thymus2,55_31,1,13338.0,16171.0
Mouse_Thymus2,95_25,5,17338.0,15571.0
Mouse_Thymus2,48_49,9,12638.0,17971.0
Mouse_Thymus2,77_30,5,15538.0,16071.0
Mouse_Thymus2,47_47,6,12538.0,17771.0
Mouse_Thymus2,23_44,5,10138.0,17471.0
Mouse_Thymus2,85_43,6,16338.0,17371.0
Mouse_Thymus2,102_46,6,18038.0,17671.0
Mouse_Thymus2,78_30,5,15638.0,16071.0
Mouse_Thymus2,37_33,2,11538.0,16371.0
Mouse_Thymus2,65_22,1,14338.0,15271.0
Mouse_Thymus2,74_10,6,15238.0,14071.0
Mouse_Thymus2,117_47,5,19538.0,17771.0
Mouse_Thymus2,86_24,6,16438.0,15471.0
Mouse_Thymus2,91_33,6,16938.0,16371.0
Mouse_Thymus2,54_37,5,13238.0,16771.0
Mouse_Thymus2,80_0,8,15838.0,13071.0
Mouse_Thymus2,83_49,7,16138.0,17971.0
Mouse_Thymus2,92_23,5,17038.0,15371.0
Mouse_Thymus2,120_52,6,19838.0,18271.0
Mouse_Thymus2,31_51,6,10938.0,18171.0
Mouse_Thymus2,47_35,1,12538.0,16571.0
Mouse_Thymus2,122_47,2,20038.0,17771.0
Mouse_Thymus2,68_25,5,14638.0,15571.0
Mouse_Thymus2,62_38,6,14038.0,16871.0
Mouse_Thymus2,64_24,5,14238.0,15471.0
Mouse_Thymus2,22_44,5,10038.0,17471.0
Mouse_Thymus2,54_23,5,13238.0,15371.0
Mouse_Thymus2,53_35,1,13138.0,16571.0
Mouse_Thymus2,89_16,5,16738.0,14671.0
Mouse_Thymus2,108_36,5,18638.0,16671.0
Mouse_Thymus2,109_48,6,18738.0,17871.0
Mouse_Thymus2,67_35,5,14538.0,16571.0
Mouse_Thymus2,70_35,5,14838.0,16571.0
Mouse_Thymus2,82_19,5,16038.0,14971.0
Mouse_Thymus2,79_38,5,15738.0,16871.0
Mouse_Thymus2,121_49,2,19938.0,17971.0
Mouse_Thymus2,100_48,6,17838.0,17871.0
Mouse_Thymus2,115_50,2,19338.0,18071.0
Mouse_Thymus2,116_39,2,19438.0,16971.0
Mouse_Thymus2,73_30,5,15138.0,16071.0
Mouse_Thymus2,46_39,5,12438.0,16971.0
Mouse_Thymus2,85_12,5,16338.0,14271.0
Mouse_Thymus2,65_37,1,14338.0,16771.0
Mouse_Thymus2,88_35,2,16638.0,16571.0
Mouse_Thymus2,90_13,7,16838.0,14371.0
Mouse_Thymus2,120_50,6,19838.0,18071.0
Mouse_Thymus2,119_43,2,19738.0,17371.0
Mouse_Thymus2,109_28,2,18738.0,15871.0
Mouse_Thymus2,88_5,6,16638.0,13571.0
Mouse_Thymus2,35_30,1,11338.0,16071.0
Mouse_Thymus2,68_21,1,14638.0,15171.0
Mouse_Thymus2,74_33,5,15238.0,16371.0
Mouse_Thymus2,28_40,2,10638.0,17071.0
Mouse_Thymus2,35_49,2,11338.0,17971.0
Mouse_Thymus2,38_51,2,11638.0,18171.0
Mouse_Thymus2,59_17,6,13738.0,14771.0
Mouse_Thymus2,79_41,5,15738.0,17171.0
Mouse_Thymus2,69_42,2,14738.0,17271.0
Mouse_Thymus2,18_37,7,9638.0,16771.0
Mouse_Thymus2,99_22,5,17738.0,15271.0
Mouse_Thymus2,84_13,7,16238.0,14371.0
Mouse_Thymus2,31_38,6,10938.0,16871.0
Mouse_Thymus2,94_49,7,17238.0,17971.0
Mouse_Thymus2,123_50,7,20138.0,18071.0
Mouse_Thymus2,105_29,6,18338.0,15971.0
Mouse_Thymus2,33_45,5,11138.0,17571.0
Mouse_Thymus2,111_39,5,18938.0,16971.0
Mouse_Thymus2,27_42,1,10538.0,17271.0
Mouse_Thymus2,110_53,6,18838.0,18371.0
Mouse_Thymus2,75_35,5,15338.0,16571.0
Mouse_Thymus2,101_41,1,17938.0,17171.0
Mouse_Thymus2,97_50,7,17538.0,18071.0
Mouse_Thymus2,100_29,7,17838.0,15971.0
Mouse_Thymus2,24_38,6,10238.0,16871.0
Mouse_Thymus2,85_23,8,16338.0,15371.0
Mouse_Thymus2,113_61,2,19138.0,19171.0
Mouse_Thymus2,103_30,5,18138.0,16071.0
Mouse_Thymus2,90_54,6,16838.0,18471.0
Mouse_Thymus2,83_54,2,16138.0,18471.0
Mouse_Thymus2,114_58,6,19238.0,18871.0
Mouse_Thymus2,98_49,6,17638.0,17971.0
Mouse_Thymus2,7_45,8,8538.0,17571.0
Mouse_Thymus2,77_45,6,15538.0,17571.0
Mouse_Thymus2,85_56,8,16338.0,18671.0
Mouse_Thymus2,118_56,5,19638.0,18671.0
Mouse_Thymus2,57_21,7,13538.0,15171.0
Mouse_Thymus2,103_21,2,18138.0,15171.0
Mouse_Thymus2,62_26,5,14038.0,15671.0
Mouse_Thymus2,77_21,5,15538.0,15171.0
Mouse_Thymus2,34_28,6,11238.0,15871.0
Mouse_Thymus2,109_41,5,18738.0,17171.0
Mouse_Thymus2,33_38,2,11138.0,16871.0
Mouse_Thymus2,43_38,5,12138.0,16871.0
Mouse_Thymus2,120_44,6,19838.0,17471.0
Mouse_Thymus2,96_30,8,17438.0,16071.0
Mouse_Thymus2,118_70,2,19638.0,20071.0
Mouse_Thymus2,82_18,5,16038.0,14871.0
Mouse_Thymus2,62_14,6,14038.0,14471.0
Mouse_Thymus2,117_39,2,19538.0,16971.0
Mouse_Thymus2,123_52,6,20138.0,18271.0
Mouse_Thymus2,100_31,6,17838.0,16171.0
Mouse_Thymus2,24_53,6,10238.0,18371.0
Mouse_Thymus2,75_8,6,15338.0,13871.0
Mouse_Thymus2,60_27,5,13838.0,15771.0
Mouse_Thymus2,85_39,2,16338.0,16971.0
Mouse_Thymus2,121_50,6,19938.0,18071.0
Mouse_Thymus2,121_67,1,19938.0,19771.0
Mouse_Thymus2,70_19,8,14838.0,14971.0
Mouse_Thymus2,118_45,6,19638.0,17571.0
Mouse_Thymus2,67_36,5,14538.0,16671.0
Mouse_Thymus2,109_35,1,18738.0,16571.0
Mouse_Thymus2,65_13,6,14338.0,14371.0
Mouse_Thymus2,74_9,6,15238.0,13971.0
Mouse_Thymus2,41_50,6,11938.0,18071.0
Mouse_Thymus2,11_40,6,8938.0,17071.0
Mouse_Thymus2,39_26,5,11738.0,15671.0
Mouse_Thymus2,90_36,6,16838.0,16671.0
Mouse_Thymus2,30_29,2,10838.0,15971.0
Mouse_Thymus2,94_35,6,17238.0,16571.0
Mouse_Thymus2,57_31,1,13538.0,16171.0
Mouse_Thymus2,104_37,5,18238.0,16771.0
Mouse_Thymus2,21_49,2,9938.0,17971.0
Mouse_Thymus2,89_33,2,16738.0,16371.0
Mouse_Thymus2,108_45,5,18638.0,17571.0
Mouse_Thymus2,86_50,6,16438.0,18071.0
Mouse_Thymus2,94_56,2,17238.0,18671.0
Mouse_Thymus2,76_20,8,15438.0,15071.0
Mouse_Thymus2,64_32,5,14238.0,16271.0
Mouse_Thymus2,80_31,1,15838.0,16171.0
Mouse_Thymus2,89_53,6,16738.0,18371.0
Mouse_Thymus2,103_40,5,18138.0,17071.0
Mouse_Thymus2,121_72,8,19938.0,20271.0
Mouse_Thymus2,86_25,1,16438.0,15571.0
Mouse_Thymus2,113_54,6,19138.0,18471.0
Mouse_Thymus2,94_40,6,17238.0,17071.0
Mouse_Thymus2,117_58,5,19538.0,18871.0
Mouse_Thymus2,105_28,6,18338.0,15871.0
Mouse_Thymus2,99_8,8,17738.0,13871.0
Mouse_Thymus2,19_43,5,9738.0,17371.0
Mouse_Thymus2,65_40,6,14338.0,17071.0
Mouse_Thymus2,35_36,2,11338.0,16671.0
Mouse_Thymus2,54_39,2,13238.0,16971.0
Mouse_Thymus2,38_35,6,11638.0,16571.0
Mouse_Thymus2,13_41,2,9138.0,17171.0
Mouse_Thymus2,48_27,5,12638.0,15771.0
Mouse_Thymus2,79_15,6,15738.0,14571.0
Mouse_Thymus2,116_63,2,19438.0,19371.0
Mouse_Thymus2,60_19,2,13838.0,14971.0
Mouse_Thymus2,79_33,5,15738.0,16371.0
Mouse_Thymus2,18_53,7,9638.0,18371.0
Mouse_Thymus2,77_2,7,15538.0,13271.0
Mouse_Thymus2,71_22,5,14938.0,15271.0
Mouse_Thymus2,72_24,5,15038.0,15471.0
Mouse_Thymus2,79_28,5,15738.0,15871.0
Mouse_Thymus2,81_27,6,15938.0,15771.0
Mouse_Thymus2,52_21,7,13038.0,15171.0
Mouse_Thymus2,54_15,6,13238.0,14571.0
Mouse_Thymus2,49_15,8,12738.0,14571.0
Mouse_Thymus2,105_37,5,18338.0,16771.0
Mouse_Thymus2,83_10,6,16138.0,14071.0
Mouse_Thymus2,26_49,1,10438.0,17971.0
Mouse_Thymus2,50_27,1,12838.0,15771.0
Mouse_Thymus2,58_25,5,13638.0,15571.0
Mouse_Thymus2,30_53,2,10838.0,18371.0
Mouse_Thymus2,47_42,5,12538.0,17271.0
Mouse_Thymus2,84_2,2,16238.0,13271.0
Mouse_Thymus2,38_37,6,11638.0,16771.0
Mouse_Thymus2,64_16,2,14238.0,14671.0
Mouse_Thymus2,69_13,6,14738.0,14371.0
Mouse_Thymus2,76_39,5,15438.0,16971.0
Mouse_Thymus2,44_50,7,12238.0,18071.0
Mouse_Thymus2,105_53,8,18338.0,18371.0
Mouse_Thymus2,34_40,2,11238.0,17071.0
Mouse_Thymus2,42_49,6,12038.0,17971.0
Mouse_Thymus2,108_49,6,18638.0,17971.0
Mouse_Thymus2,108_44,5,18638.0,17471.0
Mouse_Thymus2,27_40,2,10538.0,17071.0
Mouse_Thymus2,46_41,5,12438.0,17171.0
Mouse_Thymus2,108_56,6,18638.0,18671.0
Mouse_Thymus2,96_56,2,17438.0,18671.0
Mouse_Thymus2,121_52,1,19938.0,18271.0
Mouse_Thymus2,50_15,7,12838.0,14571.0
Mouse_Thymus2,76_3,2,15438.0,13371.0
Mouse_Thymus2,90_28,6,16838.0,15871.0
Mouse_Thymus2,85_22,5,16338.0,15271.0
Mouse_Thymus2,62_34,5,14038.0,16471.0
Mouse_Thymus2,65_34,5,14338.0,16471.0
Mouse_Thymus2,96_5,7,17438.0,13571.0
Mouse_Thymus2,99_47,6,17738.0,17771.0
Mouse_Thymus2,123_53,6,20138.0,18371.0
Mouse_Thymus2,86_26,6,16438.0,15671.0
Mouse_Thymus2,77_24,5,15538.0,15471.0
Mouse_Thymus2,45_25,2,12338.0,15571.0
Mouse_Thymus2,107_53,6,18538.0,18371.0
Mouse_Thymus2,43_29,5,12138.0,15971.0
Mouse_Thymus2,36_36,6,11438.0,16671.0
Mouse_Thymus2,27_32,9,10538.0,16271.0
Mouse_Thymus2,49_29,5,12738.0,15971.0
Mouse_Thymus2,91_53,2,16938.0,18371.0
Mouse_Thymus2,119_41,6,19738.0,17171.0
Mouse_Thymus2,85_52,6,16338.0,18271.0
Mouse_Thymus2,72_23,5,15038.0,15371.0
Mouse_Thymus2,111_56,8,18938.0,18671.0
Mouse_Thymus2,93_52,2,17138.0,18271.0
Mouse_Thymus2,112_42,5,19038.0,17271.0
Mouse_Thymus2,113_46,5,19138.0,17671.0
Mouse_Thymus2,54_21,1,13238.0,15171.0
Mouse_Thymus2,67_30,8,14538.0,16071.0
Mouse_Thymus2,89_36,6,16738.0,16671.0
Mouse_Thymus2,58_16,6,13638.0,14671.0
Mouse_Thymus2,82_14,6,16038.0,14471.0
Mouse_Thymus2,15_39,6,9338.0,16971.0
Mouse_Thymus2,88_24,1,16638.0,15471.0
Mouse_Thymus2,91_54,6,16938.0,18471.0
Mouse_Thymus2,76_1,2,15438.0,13171.0
Mouse_Thymus2,58_38,2,13638.0,16871.0
Mouse_Thymus2,35_42,5,11338.0,17271.0
Mouse_Thymus2,99_61,7,17738.0,19171.0
Mouse_Thymus2,60_15,8,13838.0,14571.0
Mouse_Thymus2,59_26,5,13738.0,15671.0
Mouse_Thymus2,70_9,8,14838.0,13971.0
Mouse_Thymus2,100_43,6,17838.0,17371.0
Mouse_Thymus2,25_50,2,10338.0,18071.0
Mouse_Thymus2,50_23,7,12838.0,15371.0
Mouse_Thymus2,57_30,5,13538.0,16071.0
Mouse_Thymus2,51_18,6,12938.0,14871.0
Mouse_Thymus2,58_14,9,13638.0,14471.0
Mouse_Thymus2,56_23,7,13438.0,15371.0
Mouse_Thymus2,99_17,2,17738.0,14771.0
Mouse_Thymus2,86_34,8,16438.0,16471.0
Mouse_Thymus2,116_64,2,19438.0,19471.0
Mouse_Thymus2,31_43,5,10938.0,17371.0
Mouse_Thymus2,53_15,8,13138.0,14571.0
Mouse_Thymus2,113_32,7,19138.0,16271.0
Mouse_Thymus2,19_38,2,9738.0,16871.0
Mouse_Thymus2,38_24,6,11638.0,15471.0
Mouse_Thymus2,14_44,5,9238.0,17471.0
Mouse_Thymus2,102_25,5,18038.0,15571.0
Mouse_Thymus2,101_47,8,17938.0,17771.0
Mouse_Thymus2,92_16,5,17038.0,14671.0
Mouse_Thymus2,90_8,6,16838.0,13871.0
Mouse_Thymus2,16_39,2,9438.0,16971.0
Mouse_Thymus2,88_41,6,16638.0,17171.0
Mouse_Thymus2,124_65,1,20238.0,19571.0
Mouse_Thymus2,101_16,6,17938.0,14671.0
Mouse_Thymus2,103_58,2,18138.0,18871.0
Mouse_Thymus2,121_69,2,19938.0,19971.0
Mouse_Thymus2,16_43,5,9438.0,17371.0
Mouse_Thymus2,91_58,2,16938.0,18871.0
Mouse_Thymus2,37_44,5,11538.0,17471.0
Mouse_Thymus2,64_12,6,14238.0,14271.0
Mouse_Thymus2,95_20,7,17338.0,15071.0
Mouse_Thymus2,50_36,1,12838.0,16671.0
Mouse_Thymus2,68_38,1,14638.0,16871.0
Mouse_Thymus2,77_38,5,15538.0,16871.0
Mouse_Thymus2,98_54,2,17638.0,18471.0
Mouse_Thymus2,63_22,5,14138.0,15271.0
Mouse_Thymus2,99_57,7,17738.0,18771.0
Mouse_Thymus2,98_58,6,17638.0,18871.0
Mouse_Thymus2,118_52,5,19638.0,18271.0
Mouse_Thymus2,50_30,1,12838.0,16071.0
Mouse_Thymus2,32_27,2,11038.0,15771.0
Mouse_Thymus2,18_54,7,9638.0,18471.0
Mouse_Thymus2,65_15,6,14338.0,14571.0
Mouse_Thymus2,101_27,5,17938.0,15771.0
Mouse_Thymus2,75_49,2,15338.0,17971.0
Mouse_Thymus2,77_32,5,15538.0,16271.0
Mouse_Thymus2,74_30,5,15238.0,16071.0
Mouse_Thymus2,21_38,6,9938.0,16871.0
Mouse_Thymus2,87_30,2,16538.0,16071.0
Mouse_Thymus2,117_51,5,19538.0,18171.0
Mouse_Thymus2,43_49,2,12138.0,17971.0
Mouse_Thymus2,116_40,2,19438.0,17071.0
Mouse_Thymus2,92_35,6,17038.0,16571.0
Mouse_Thymus2,68_10,7,14638.0,14071.0
Mouse_Thymus2,112_56,8,19038.0,18671.0
Mouse_Thymus2,90_42,7,16838.0,17271.0
Mouse_Thymus2,59_35,5,13738.0,16571.0
Mouse_Thymus2,44_35,2,12238.0,16571.0
Mouse_Thymus2,96_50,6,17438.0,18071.0
Mouse_Thymus2,73_25,5,15138.0,15571.0
Mouse_Thymus2,111_37,5,18938.0,16771.0
Mouse_Thymus2,80_4,6,15838.0,13471.0
Mouse_Thymus2,93_48,6,17138.0,17871.0
Mouse_Thymus2,41_52,2,11938.0,18271.0
Mouse_Thymus2,17_46,5,9538.0,17671.0
Mouse_Thymus2,58_29,1,13638.0,15971.0
Mouse_Thymus2,60_33,5,13838.0,16371.0
Mouse_Thymus2,68_29,8,14638.0,15971.0
Mouse_Thymus2,51_31,1,12938.0,16171.0
Mouse_Thymus2,67_18,1,14538.0,14871.0
Mouse_Thymus2,6_44,2,8438.0,17471.0
Mouse_Thymus2,114_36,2,19238.0,16671.0
Mouse_Thymus2,38_50,2,11638.0,18071.0
Mouse_Thymus2,5_47,8,8338.0,17771.0
Mouse_Thymus2,58_41,2,13638.0,17171.0
Mouse_Thymus2,102_22,7,18038.0,15271.0
Mouse_Thymus2,80_26,1,15838.0,15671.0
Mouse_Thymus2,107_52,6,18538.0,18271.0
Mouse_Thymus2,93_45,6,17138.0,17571.0
Mouse_Thymus2,91_35,6,16938.0,16571.0
Mouse_Thymus2,68_8,6,14638.0,13871.0
Mouse_Thymus2,101_43,6,17938.0,17371.0
Mouse_Thymus2,102_55,6,18038.0,18571.0
Mouse_Thymus2,67_29,6,14538.0,15971.0
Mouse_Thymus2,62_24,1,14038.0,15471.0
Mouse_Thymus2,45_45,5,12338.0,17571.0
Mouse_Thymus2,26_45,5,10438.0,17571.0
Mouse_Thymus2,115_61,6,19338.0,19171.0
Mouse_Thymus2,96_49,6,17438.0,17971.0
Mouse_Thymus2,96_58,2,17438.0,18871.0
Mouse_Thymus2,71_39,1,14938.0,16971.0
Mouse_Thymus2,82_9,7,16038.0,13971.0
Mouse_Thymus2,126_70,9,20438.0,20071.0
Mouse_Thymus2,29_55,6,10738.0,18571.0
Mouse_Thymus2,51_34,1,12938.0,16471.0
Mouse_Thymus2,52_40,1,13038.0,17071.0
Mouse_Thymus2,38_48,1,11638.0,17871.0
Mouse_Thymus2,10_50,6,8838.0,18071.0
Mouse_Thymus2,101_33,1,17938.0,16371.0
Mouse_Thymus2,34_29,6,11238.0,15971.0
Mouse_Thymus2,117_52,1,19538.0,18271.0
Mouse_Thymus2,117_45,8,19538.0,17571.0
Mouse_Thymus2,49_44,2,12738.0,17471.0
Mouse_Thymus2,105_42,5,18338.0,17271.0
Mouse_Thymus2,45_21,2,12338.0,15171.0
Mouse_Thymus2,111_52,6,18938.0,18271.0
Mouse_Thymus2,51_38,5,12938.0,16871.0
Mouse_Thymus2,9_47,2,8738.0,17771.0
Mouse_Thymus2,120_42,8,19838.0,17271.0
Mouse_Thymus2,101_44,8,17938.0,17471.0
Mouse_Thymus2,8_43,2,8638.0,17371.0
Mouse_Thymus2,106_50,2,18438.0,18071.0
Mouse_Thymus2,57_35,5,13538.0,16571.0
Mouse_Thymus2,94_53,1,17238.0,18371.0
Mouse_Thymus2,76_16,8,15438.0,14671.0
Mouse_Thymus2,108_41,5,18638.0,17171.0
Mouse_Thymus2,31_41,1,10938.0,17171.0
Mouse_Thymus2,50_41,5,12838.0,17171.0
Mouse_Thymus2,66_35,5,14438.0,16571.0
Mouse_Thymus2,65_25,7,14338.0,15571.0
Mouse_Thymus2,50_46,7,12838.0,17671.0
Mouse_Thymus2,95_41,8,17338.0,17171.0
Mouse_Thymus2,88_44,6,16638.0,17471.0
Mouse_Thymus2,84_22,5,16238.0,15271.0
Mouse_Thymus2,116_53,2,19438.0,18371.0
Mouse_Thymus2,88_51,8,16638.0,18171.0
Mouse_Thymus2,60_29,5,13838.0,15971.0
Mouse_Thymus2,118_60,5,19638.0,19071.0
Mouse_Thymus2,108_43,2,18638.0,17371.0
Mouse_Thymus2,23_50,1,10138.0,18071.0
Mouse_Thymus2,42_18,9,12038.0,14871.0
Mouse_Thymus2,105_23,2,18338.0,15371.0
Mouse_Thymus2,82_25,8,16038.0,15571.0
Mouse_Thymus2,61_20,1,13938.0,15071.0
Mouse_Thymus2,86_12,1,16438.0,14271.0
Mouse_Thymus2,88_36,6,16638.0,16671.0
Mouse_Thymus2,100_12,6,17838.0,14271.0
Mouse_Thymus2,24_37,2,10238.0,16771.0
Mouse_Thymus2,96_41,6,17438.0,17171.0
Mouse_Thymus2,44_29,5,12238.0,15971.0
Mouse_Thymus2,78_38,1,15638.0,16871.0
Mouse_Thymus2,80_41,5,15838.0,17171.0
Mouse_Thymus2,83_43,6,16138.0,17371.0
Mouse_Thymus2,43_25,2,12138.0,15571.0
Mouse_Thymus2,20_38,2,9838.0,16871.0
Mouse_Thymus2,28_47,5,10638.0,17771.0
Mouse_Thymus2,90_23,5,16838.0,15371.0
Mouse_Thymus2,85_4,6,16338.0,13471.0
Mouse_Thymus2,78_5,6,15638.0,13571.0
Mouse_Thymus2,16_47,5,9438.0,17771.0
Mouse_Thymus2,57_26,5,13538.0,15671.0
Mouse_Thymus2,77_4,6,15538.0,13471.0
Mouse_Thymus2,33_40,1,11138.0,17071.0
Mouse_Thymus2,80_29,2,15838.0,15971.0
Mouse_Thymus2,50_16,6,12838.0,14671.0
Mouse_Thymus2,34_30,1,11238.0,16071.0
Mouse_Thymus2,73_32,1,15138.0,16271.0
Mouse_Thymus2,70_21,5,14838.0,15171.0
Mouse_Thymus2,61_38,6,13938.0,16871.0
Mouse_Thymus2,80_46,8,15838.0,17671.0
Mouse_Thymus2,26_37,2,10438.0,16771.0
Mouse_Thymus2,25_38,6,10338.0,16871.0
Mouse_Thymus2,44_42,5,12238.0,17271.0
Mouse_Thymus2,88_42,6,16638.0,17271.0
Mouse_Thymus2,92_43,8,17038.0,17371.0
Mouse_Thymus2,47_31,1,12538.0,16171.0
Mouse_Thymus2,85_28,5,16338.0,15871.0
Mouse_Thymus2,97_14,6,17538.0,14471.0
Mouse_Thymus2,28_54,2,10638.0,18471.0
Mouse_Thymus2,74_18,6,15238.0,14871.0
Mouse_Thymus2,86_13,1,16438.0,14371.0
Mouse_Thymus2,75_39,5,15338.0,16971.0
Mouse_Thymus2,103_49,2,18138.0,17971.0
Mouse_Thymus2,112_53,6,19038.0,18371.0
Mouse_Thymus2,114_37,2,19238.0,16771.0
Mouse_Thymus2,92_30,2,17038.0,16071.0
Mouse_Thymus2,75_32,5,15338.0,16271.0
Mouse_Thymus2,52_24,2,13038.0,15471.0
Mouse_Thymus2,100_35,5,17838.0,16571.0
Mouse_Thymus2,51_21,7,12938.0,15171.0
Mouse_Thymus2,113_55,6,19138.0,18571.0
Mouse_Thymus2,98_26,5,17638.0,15671.0
Mouse_Thymus2,81_13,2,15938.0,14371.0
Mouse_Thymus2,87_19,5,16538.0,14971.0
Mouse_Thymus2,83_17,5,16138.0,14771.0
Mouse_Thymus2,108_38,5,18638.0,16871.0
Mouse_Thymus2,9_41,7,8738.0,17171.0
Mouse_Thymus2,60_16,6,13838.0,14671.0
Mouse_Thymus2,91_7,7,16938.0,13771.0
Mouse_Thymus2,39_23,2,11738.0,15371.0
Mouse_Thymus2,47_25,8,12538.0,15571.0
Mouse_Thymus2,90_29,8,16838.0,15971.0
Mouse_Thymus2,37_51,2,11538.0,18171.0
Mouse_Thymus2,64_28,5,14238.0,15871.0
Mouse_Thymus2,40_48,2,11838.0,17871.0
Mouse_Thymus2,84_46,6,16238.0,17671.0
Mouse_Thymus2,18_45,5,9638.0,17571.0
Mouse_Thymus2,18_49,6,9638.0,17971.0
Mouse_Thymus2,43_46,5,12138.0,17671.0
Mouse_Thymus2,96_57,2,17438.0,18771.0
Mouse_Thymus2,72_38,5,15038.0,16871.0
Mouse_Thymus2,114_53,6,19238.0,18371.0
Mouse_Thymus2,102_51,8,18038.0,18171.0
Mouse_Thymus2,71_34,8,14938.0,16471.0
Mouse_Thymus2,121_55,1,19938.0,18571.0
Mouse_Thymus2,67_25,5,14538.0,15571.0
Mouse_Thymus2,89_37,6,16738.0,16771.0
Mouse_Thymus2,49_47,2,12738.0,17771.0
Mouse_Thymus2,87_55,2,16538.0,18571.0
Mouse_Thymus2,64_14,7,14238.0,14471.0
Mouse_Thymus2,34_25,2,11238.0,15571.0
Mouse_Thymus2,78_40,5,15638.0,17071.0
Mouse_Thymus2,88_25,1,16638.0,15571.0
Mouse_Thymus2,29_56,2,10738.0,18671.0
Mouse_Thymus2,100_21,5,17838.0,15171.0
Mouse_Thymus2,26_33,9,10438.0,16371.0
Mouse_Thymus2,31_25,7,10938.0,15571.0
Mouse_Thymus2,116_45,5,19438.0,17571.0
Mouse_Thymus2,23_48,5,10138.0,17871.0
Mouse_Thymus2,115_58,8,19338.0,18871.0
Mouse_Thymus2,64_40,2,14238.0,17071.0
Mouse_Thymus2,111_38,5,18938.0,16871.0
Mouse_Thymus2,51_33,1,12938.0,16371.0
Mouse_Thymus2,115_42,1,19338.0,17271.0
Mouse_Thymus2,37_45,5,11538.0,17571.0
Mouse_Thymus2,97_25,5,17538.0,15571.0
Mouse_Thymus2,66_36,5,14438.0,16671.0
Mouse_Thymus2,45_44,1,12338.0,17471.0
Mouse_Thymus2,49_30,5,12738.0,16071.0
Mouse_Thymus2,5_46,2,8338.0,17671.0
Mouse_Thymus2,94_42,2,17238.0,17271.0
Mouse_Thymus2,73_28,5,15138.0,15871.0
Mouse_Thymus2,88_58,6,16638.0,18871.0
Mouse_Thymus2,28_46,5,10638.0,17671.0
Mouse_Thymus2,111_40,5,18938.0,17071.0
Mouse_Thymus2,91_44,7,16938.0,17471.0
Mouse_Thymus2,112_49,7,19038.0,17971.0
Mouse_Thymus2,27_56,2,10538.0,18671.0
Mouse_Thymus2,113_47,7,19138.0,17771.0
Mouse_Thymus2,98_28,2,17638.0,15871.0
Mouse_Thymus2,29_50,2,10738.0,18071.0
Mouse_Thymus2,77_36,5,15538.0,16671.0
Mouse_Thymus2,79_3,6,15738.0,13371.0
Mouse_Thymus2,82_54,9,16038.0,18471.0
Mouse_Thymus2,41_40,5,11938.0,17071.0
Mouse_Thymus2,90_56,2,16838.0,18671.0
Mouse_Thymus2,108_48,6,18638.0,17871.0
Mouse_Thymus2,29_33,2,10738.0,16371.0
Mouse_Thymus2,95_42,8,17338.0,17271.0
Mouse_Thymus2,97_8,2,17538.0,13871.0
Mouse_Thymus2,62_40,1,14038.0,17071.0
Mouse_Thymus2,77_16,6,15538.0,14671.0
Mouse_Thymus2,46_29,5,12438.0,15971.0
Mouse_Thymus2,95_59,6,17338.0,18971.0
Mouse_Thymus2,119_55,5,19738.0,18571.0
Mouse_Thymus2,115_64,6,19338.0,19471.0
Mouse_Thymus2,105_39,5,18338.0,16971.0
Mouse_Thymus2,70_31,7,14838.0,16171.0
Mouse_Thymus2,81_9,6,15938.0,13971.0
Mouse_Thymus2,96_47,8,17438.0,17771.0
Mouse_Thymus2,55_17,6,13338.0,14771.0
Mouse_Thymus2,61_34,5,13938.0,16471.0
Mouse_Thymus2,108_52,6,18638.0,18271.0
Mouse_Thymus2,76_11,6,15438.0,14171.0
Mouse_Thymus2,14_42,8,9238.0,17271.0
Mouse_Thymus2,53_16,6,13138.0,14671.0
Mouse_Thymus2,93_36,2,17138.0,16671.0
Mouse_Thymus2,49_35,2,12738.0,16571.0
Mouse_Thymus2,49_26,5,12738.0,15671.0
Mouse_Thymus2,30_40,1,10838.0,17071.0
Mouse_Thymus2,42_32,8,12038.0,16271.0
Mouse_Thymus2,86_3,2,16438.0,13371.0
Mouse_Thymus2,15_50,7,9338.0,18071.0
Mouse_Thymus2,82_1,7,16038.0,13171.0
Mouse_Thymus2,69_2,9,14738.0,13271.0
Mouse_Thymus2,117_43,6,19538.0,17371.0
Mouse_Thymus2,9_42,6,8738.0,17271.0
Mouse_Thymus2,79_48,6,15738.0,17871.0
Mouse_Thymus2,92_31,2,17038.0,16171.0
Mouse_Thymus2,39_33,2,11738.0,16371.0
Mouse_Thymus2,85_11,2,16338.0,14171.0
Mouse_Thymus2,23_55,6,10138.0,18571.0
Mouse_Thymus2,100_23,5,17838.0,15371.0
Mouse_Thymus2,84_1,2,16238.0,13171.0
Mouse_Thymus2,41_19,9,11938.0,14971.0
Mouse_Thymus2,122_70,6,20038.0,20071.0
Mouse_Thymus2,56_38,1,13438.0,16871.0
Mouse_Thymus2,75_46,2,15338.0,17671.0
Mouse_Thymus2,74_12,6,15238.0,14271.0
Mouse_Thymus2,99_24,5,17738.0,15471.0
Mouse_Thymus2,43_21,2,12138.0,15171.0
Mouse_Thymus2,113_33,6,19138.0,16371.0
Mouse_Thymus2,42_41,5,12038.0,17171.0
Mouse_Thymus2,101_18,6,17938.0,14871.0
Mouse_Thymus2,99_39,5,17738.0,16971.0
Mouse_Thymus2,92_19,5,17038.0,14971.0
Mouse_Thymus2,115_56,6,19338.0,18671.0
Mouse_Thymus2,24_54,2,10238.0,18471.0
Mouse_Thymus2,79_31,5,15738.0,16171.0
Mouse_Thymus2,83_18,5,16138.0,14871.0
Mouse_Thymus2,51_20,8,12938.0,15071.0
Mouse_Thymus2,71_44,6,14938.0,17471.0
Mouse_Thymus2,25_55,2,10338.0,18571.0
Mouse_Thymus2,94_18,8,17238.0,14871.0
Mouse_Thymus2,108_35,5,18638.0,16571.0
Mouse_Thymus2,14_45,5,9238.0,17571.0
Mouse_Thymus2,111_33,2,18938.0,16371.0
Mouse_Thymus2,119_62,1,19738.0,19271.0
Mouse_Thymus2,76_36,5,15438.0,16671.0
Mouse_Thymus2,88_4,7,16638.0,13471.0
Mouse_Thymus2,108_24,8,18638.0,15471.0
Mouse_Thymus2,76_24,5,15438.0,15471.0
Mouse_Thymus2,13_45,5,9138.0,17571.0
Mouse_Thymus2,36_43,5,11438.0,17371.0
Mouse_Thymus2,41_44,5,11938.0,17471.0
Mouse_Thymus2,119_60,5,19738.0,19071.0
Mouse_Thymus2,68_11,2,14638.0,14171.0
Mouse_Thymus2,96_35,2,17438.0,16571.0
Mouse_Thymus2,93_10,2,17138.0,14071.0
Mouse_Thymus2,32_49,1,11038.0,17971.0
Mouse_Thymus2,63_15,5,14138.0,14571.0
Mouse_Thymus2,39_46,1,11738.0,17671.0
Mouse_Thymus2,98_44,2,17638.0,17471.0
Mouse_Thymus2,66_7,9,14438.0,13771.0
Mouse_Thymus2,78_17,6,15638.0,14771.0
Mouse_Thymus2,25_44,5,10338.0,17471.0
Mouse_Thymus2,19_55,9,9738.0,18571.0
Mouse_Thymus2,58_31,5,13638.0,16171.0
Mouse_Thymus2,84_17,5,16238.0,14771.0
Mouse_Thymus2,97_17,8,17538.0,14771.0
Mouse_Thymus2,101_34,1,17938.0,16471.0
Mouse_Thymus2,76_40,5,15438.0,17071.0
Mouse_Thymus2,122_58,6,20038.0,18871.0
Mouse_Thymus2,120_62,1,19838.0,19271.0
Mouse_Thymus2,17_50,8,9538.0,18071.0
Mouse_Thymus2,60_38,2,13838.0,16871.0
Mouse_Thymus2,121_70,2,19938.0,20071.0
Mouse_Thymus2,82_8,1,16038.0,13871.0
Mouse_Thymus2,34_50,6,11238.0,18071.0
Mouse_Thymus2,33_36,9,11138.0,16671.0
Mouse_Thymus2,95_21,1,17338.0,15171.0
Mouse_Thymus2,91_38,8,16938.0,16871.0
Mouse_Thymus2,35_39,6,11338.0,16971.0
Mouse_Thymus2,76_23,5,15438.0,15371.0
Mouse_Thymus2,58_18,2,13638.0,14871.0
Mouse_Thymus2,46_22,7,12438.0,15271.0
Mouse_Thymus2,44_22,6,12238.0,15271.0
Mouse_Thymus2,90_59,7,16838.0,18971.0
Mouse_Thymus2,67_34,5,14538.0,16471.0
Mouse_Thymus2,124_54,6,20238.0,18471.0
Mouse_Thymus2,98_59,6,17638.0,18971.0
Mouse_Thymus2,46_36,1,12438.0,16671.0
Mouse_Thymus2,57_33,5,13538.0,16371.0
Mouse_Thymus2,1_46,9,7938.0,17671.0
Mouse_Thymus2,42_48,2,12038.0,17871.0
Mouse_Thymus2,13_50,2,9138.0,18071.0
Mouse_Thymus2,34_38,2,11238.0,16871.0
Mouse_Thymus2,74_5,6,15238.0,13571.0
Mouse_Thymus2,112_58,2,19038.0,18871.0
Mouse_Thymus2,39_50,6,11738.0,18071.0
Mouse_Thymus2,26_54,6,10438.0,18471.0
Mouse_Thymus2,69_37,5,14738.0,16771.0
Mouse_Thymus2,96_28,7,17438.0,15871.0
Mouse_Thymus2,44_47,2,12238.0,17771.0
Mouse_Thymus2,50_44,2,12838.0,17471.0
Mouse_Thymus2,36_48,1,11438.0,17871.0
Mouse_Thymus2,91_10,6,16938.0,14071.0
Mouse_Thymus2,60_32,5,13838.0,16271.0
Mouse_Thymus2,22_42,2,10038.0,17271.0
Mouse_Thymus2,52_27,5,13038.0,15771.0
Mouse_Thymus2,65_9,2,14338.0,13971.0
Mouse_Thymus2,115_51,2,19338.0,18171.0
Mouse_Thymus2,49_18,6,12738.0,14871.0
Mouse_Thymus2,121_62,7,19938.0,19271.0
Mouse_Thymus2,79_36,5,15738.0,16671.0
Mouse_Thymus2,109_29,6,18738.0,15971.0
Mouse_Thymus2,17_40,2,9538.0,17071.0
Mouse_Thymus2,43_41,5,12138.0,17171.0
Mouse_Thymus2,52_23,6,13038.0,15371.0
Mouse_Thymus2,66_41,6,14438.0,17171.0
Mouse_Thymus2,30_38,2,10838.0,16871.0
Mouse_Thymus2,80_52,2,15838.0,18271.0
Mouse_Thymus2,71_12,2,14938.0,14271.0
Mouse_Thymus2,65_19,5,14338.0,14971.0
Mouse_Thymus2,103_18,2,18138.0,14871.0
Mouse_Thymus2,117_36,7,19538.0,16671.0
Mouse_Thymus2,38_38,6,11638.0,16871.0
Mouse_Thymus2,90_33,6,16838.0,16371.0
Mouse_Thymus2,77_12,1,15538.0,14271.0
Mouse_Thymus2,73_24,5,15138.0,15471.0
Mouse_Thymus2,79_4,2,15738.0,13471.0
Mouse_Thymus2,94_38,6,17238.0,16871.0
Mouse_Thymus2,71_41,2,14938.0,17171.0
Mouse_Thymus2,98_12,7,17638.0,14271.0
Mouse_Thymus2,22_43,5,10038.0,17371.0
Mouse_Thymus2,71_19,6,14938.0,14971.0
Mouse_Thymus2,99_34,5,17738.0,16471.0
Mouse_Thymus2,79_43,5,15738.0,17371.0
Mouse_Thymus2,70_12,8,14838.0,14271.0
Mouse_Thymus2,66_20,5,14438.0,15071.0
Mouse_Thymus2,5_45,2,8338.0,17571.0
Mouse_Thymus2,80_17,5,15838.0,14771.0
Mouse_Thymus2,93_29,6,17138.0,15971.0
Mouse_Thymus2,108_29,6,18638.0,15971.0
Mouse_Thymus2,103_23,6,18138.0,15371.0
Mouse_Thymus2,30_50,2,10838.0,18071.0
Mouse_Thymus2,61_17,7,13938.0,14771.0
Mouse_Thymus2,82_11,6,16038.0,14171.0
Mouse_Thymus2,87_51,6,16538.0,18171.0
Mouse_Thymus2,108_39,5,18638.0,16971.0
Mouse_Thymus2,64_17,6,14238.0,14771.0
Mouse_Thymus2,109_45,5,18738.0,17571.0
Mouse_Thymus2,8_45,5,8638.0,17571.0
Mouse_Thymus2,100_49,8,17838.0,17971.0
Mouse_Thymus2,62_30,5,14038.0,16071.0
Mouse_Thymus2,12_50,2,9038.0,18071.0
Mouse_Thymus2,124_62,6,20238.0,19271.0
Mouse_Thymus2,87_46,6,16538.0,17671.0
Mouse_Thymus2,69_16,6,14738.0,14671.0
Mouse_Thymus2,85_50,8,16338.0,18071.0
Mouse_Thymus2,97_40,6,17538.0,17071.0
Mouse_Thymus2,102_31,5,18038.0,16171.0
Mouse_Thymus2,96_36,2,17438.0,16671.0
Mouse_Thymus2,81_7,7,15938.0,13771.0
Mouse_Thymus2,119_48,6,19738.0,17871.0
Mouse_Thymus2,110_58,2,18838.0,18871.0
Mouse_Thymus2,87_50,6,16538.0,18071.0
Mouse_Thymus2,74_27,5,15238.0,15771.0
Mouse_Thymus2,119_61,5,19738.0,19171.0
Mouse_Thymus2,102_52,2,18038.0,18271.0
Mouse_Thymus2,50_25,7,12838.0,15571.0
Mouse_Thymus2,103_41,5,18138.0,17171.0
Mouse_Thymus2,108_32,2,18638.0,16271.0
Mouse_Thymus2,68_40,8,14638.0,17071.0
Mouse_Thymus2,101_50,6,17938.0,18071.0
Mouse_Thymus2,88_39,6,16638.0,16971.0
Mouse_Thymus2,67_38,7,14538.0,16871.0
Mouse_Thymus2,114_65,6,19238.0,19571.0
Mouse_Thymus2,24_47,5,10238.0,17771.0
Mouse_Thymus2,46_21,6,12438.0,15171.0
Mouse_Thymus2,48_26,5,12638.0,15671.0
Mouse_Thymus2,50_42,1,12838.0,17271.0
Mouse_Thymus2,84_40,2,16238.0,17071.0
Mouse_Thymus2,68_28,1,14638.0,15871.0
Mouse_Thymus2,100_30,6,17838.0,16071.0
Mouse_Thymus2,88_54,8,16638.0,18471.0
Mouse_Thymus2,66_37,1,14438.0,16771.0
Mouse_Thymus2,97_47,8,17538.0,17771.0
Mouse_Thymus2,78_3,8,15638.0,13371.0
Mouse_Thymus2,43_31,7,12138.0,16171.0
Mouse_Thymus2,93_59,6,17138.0,18971.0
Mouse_Thymus2,96_45,6,17438.0,17571.0
Mouse_Thymus2,102_59,8,18038.0,18971.0
Mouse_Thymus2,28_32,7,10638.0,16271.0
Mouse_Thymus2,25_51,2,10338.0,18171.0
Mouse_Thymus2,36_38,1,11438.0,16871.0
Mouse_Thymus2,124_67,7,20238.0,19771.0
Mouse_Thymus2,68_7,6,14638.0,13771.0
Mouse_Thymus2,78_50,1,15638.0,18071.0
Mouse_Thymus2,99_29,6,17738.0,15971.0
Mouse_Thymus2,102_30,5,18038.0,16071.0
Mouse_Thymus2,111_36,1,18938.0,16671.0
Mouse_Thymus2,50_18,7,12838.0,14871.0
Mouse_Thymus2,24_46,5,10238.0,17671.0
Mouse_Thymus2,96_16,6,17438.0,14671.0
Mouse_Thymus2,95_31,2,17338.0,16171.0
Mouse_Thymus2,54_19,7,13238.0,14971.0
Mouse_Thymus2,62_17,8,14038.0,14771.0
Mouse_Thymus2,112_40,5,19038.0,17071.0
Mouse_Thymus2,110_57,7,18838.0,18771.0
Mouse_Thymus2,106_39,5,18438.0,16971.0
Mouse_Thymus2,82_7,6,16038.0,13771.0
Mouse_Thymus2,83_40,2,16138.0,17071.0
Mouse_Thymus2,37_43,5,11538.0,17371.0
Mouse_Thymus2,57_18,7,13538.0,14871.0
Mouse_Thymus2,32_33,2,11038.0,16371.0
Mouse_Thymus2,58_19,8,13638.0,14971.0
Mouse_Thymus2,105_26,6,18338.0,15671.0
Mouse_Thymus2,64_22,1,14238.0,15271.0
Mouse_Thymus2,31_42,5,10938.0,17271.0
Mouse_Thymus2,120_70,8,19838.0,20071.0
Mouse_Thymus2,68_24,1,14638.0,15471.0
Mouse_Thymus2,29_38,2,10738.0,16871.0
Mouse_Thymus2,15_43,5,9338.0,17371.0
Mouse_Thymus2,32_26,2,11038.0,15671.0
Mouse_Thymus2,107_24,8,18538.0,15471.0
Mouse_Thymus2,41_46,5,11938.0,17671.0
Mouse_Thymus2,84_11,2,16238.0,14171.0
Mouse_Thymus2,64_41,9,14238.0,17171.0
Mouse_Thymus2,98_57,2,17638.0,18771.0
Mouse_Thymus2,103_51,8,18138.0,18171.0
Mouse_Thymus2,125_61,7,20338.0,19171.0
Mouse_Thymus2,28_52,2,10638.0,18271.0
Mouse_Thymus2,78_11,7,15638.0,14171.0
Mouse_Thymus2,31_56,9,10938.0,18671.0
Mouse_Thymus2,118_59,5,19638.0,18971.0
Mouse_Thymus2,75_15,6,15338.0,14571.0
Mouse_Thymus2,52_41,1,13038.0,17171.0
Mouse_Thymus2,89_10,6,16738.0,14071.0
Mouse_Thymus2,122_56,6,20038.0,18671.0
Mouse_Thymus2,81_51,6,15938.0,18171.0
Mouse_Thymus2,36_42,5,11438.0,17271.0
Mouse_Thymus2,98_11,5,17638.0,14171.0
Mouse_Thymus2,67_7,9,14538.0,13771.0
Mouse_Thymus2,105_32,5,18338.0,16271.0
Mouse_Thymus2,43_51,2,12138.0,18171.0
Mouse_Thymus2,58_24,5,13638.0,15471.0
Mouse_Thymus2,60_23,5,13838.0,15371.0
Mouse_Thymus2,49_38,5,12738.0,16871.0
Mouse_Thymus2,93_43,8,17138.0,17371.0
Mouse_Thymus2,115_40,2,19338.0,17071.0
Mouse_Thymus2,61_31,5,13938.0,16171.0
Mouse_Thymus2,102_49,8,18038.0,17971.0
Mouse_Thymus2,4_47,1,8238.0,17771.0
Mouse_Thymus2,117_41,2,19538.0,17171.0
Mouse_Thymus2,25_36,6,10338.0,16671.0
Mouse_Thymus2,116_65,2,19438.0,19571.0
Mouse_Thymus2,53_24,6,13138.0,15471.0
Mouse_Thymus2,71_16,2,14938.0,14671.0
Mouse_Thymus2,111_45,5,18938.0,17571.0
Mouse_Thymus2,35_54,2,11338.0,18471.0
Mouse_Thymus2,29_53,6,10738.0,18371.0
Mouse_Thymus2,75_18,7,15338.0,14871.0
Mouse_Thymus2,103_29,5,18138.0,15971.0
Mouse_Thymus2,116_58,1,19438.0,18871.0
Mouse_Thymus2,120_43,7,19838.0,17371.0
Mouse_Thymus2,92_21,5,17038.0,15171.0
Mouse_Thymus2,72_20,1,15038.0,15071.0
Mouse_Thymus2,113_34,2,19138.0,16471.0
Mouse_Thymus2,87_52,2,16538.0,18271.0
Mouse_Thymus2,90_11,2,16838.0,14171.0
Mouse_Thymus2,46_28,5,12438.0,15871.0
Mouse_Thymus2,103_22,6,18138.0,15271.0
Mouse_Thymus2,40_29,8,11838.0,15971.0
Mouse_Thymus2,112_61,2,19038.0,19171.0
Mouse_Thymus2,48_47,7,12638.0,17771.0
Mouse_Thymus2,48_32,7,12638.0,16271.0
Mouse_Thymus2,81_41,5,15938.0,17171.0
Mouse_Thymus2,99_43,6,17738.0,17371.0
Mouse_Thymus2,34_46,5,11238.0,17671.0
Mouse_Thymus2,36_49,1,11438.0,17971.0
Mouse_Thymus2,103_31,5,18138.0,16171.0
Mouse_Thymus2,38_47,1,11638.0,17771.0
Mouse_Thymus2,2_47,7,8038.0,17771.0
Mouse_Thymus2,60_34,5,13838.0,16471.0
Mouse_Thymus2,75_16,6,15338.0,14671.0
Mouse_Thymus2,83_30,6,16138.0,16071.0
Mouse_Thymus2,114_48,1,19238.0,17871.0
Mouse_Thymus2,40_51,2,11838.0,18171.0
Mouse_Thymus2,34_39,8,11238.0,16971.0
Mouse_Thymus2,52_30,2,13038.0,16071.0
Mouse_Thymus2,63_33,5,14138.0,16371.0
Mouse_Thymus2,119_59,5,19738.0,18971.0
Mouse_Thymus2,53_23,7,13138.0,15371.0
Mouse_Thymus2,103_19,2,18138.0,14971.0
Mouse_Thymus2,18_50,7,9638.0,18071.0
Mouse_Thymus2,117_63,2,19538.0,19371.0
Mouse_Thymus2,39_51,8,11738.0,18171.0
Mouse_Thymus2,95_27,1,17338.0,15771.0
Mouse_Thymus2,70_32,8,14838.0,16271.0
Mouse_Thymus2,94_28,5,17238.0,15871.0
Mouse_Thymus2,20_51,6,9838.0,18171.0
Mouse_Thymus2,119_46,2,19738.0,17671.0
Mouse_Thymus2,26_47,5,10438.0,17771.0
Mouse_Thymus2,59_24,5,13738.0,15471.0
Mouse_Thymus2,73_20,6,15138.0,15071.0
Mouse_Thymus2,91_25,5,16938.0,15571.0
Mouse_Thymus2,112_60,7,19038.0,19071.0
Mouse_Thymus2,103_17,9,18138.0,14771.0
Mouse_Thymus2,81_25,8,15938.0,15571.0
Mouse_Thymus2,47_34,7,12538.0,16471.0
Mouse_Thymus2,28_51,2,10638.0,18171.0
Mouse_Thymus2,41_38,5,11938.0,16871.0
Mouse_Thymus2,88_32,8,16638.0,16271.0
Mouse_Thymus2,88_19,5,16638.0,14971.0
Mouse_Thymus2,100_13,6,17838.0,14371.0
Mouse_Thymus2,82_39,7,16038.0,16971.0
Mouse_Thymus2,62_13,6,14038.0,14371.0
Mouse_Thymus2,26_46,5,10438.0,17671.0
Mouse_Thymus2,41_23,2,11938.0,15371.0
Mouse_Thymus2,83_41,1,16138.0,17171.0
Mouse_Thymus2,90_7,6,16838.0,13771.0
Mouse_Thymus2,115_59,6,19338.0,18971.0
Mouse_Thymus2,123_71,2,20138.0,20171.0
Mouse_Thymus2,104_23,6,18238.0,15371.0
Mouse_Thymus2,123_60,2,20138.0,19071.0
Mouse_Thymus2,104_25,6,18238.0,15571.0
Mouse_Thymus2,80_53,9,15838.0,18371.0
Mouse_Thymus2,100_57,6,17838.0,18771.0
Mouse_Thymus2,89_30,7,16738.0,16071.0
Mouse_Thymus2,88_13,1,16638.0,14371.0
Mouse_Thymus2,77_10,6,15538.0,14071.0
Mouse_Thymus2,106_54,8,18438.0,18471.0
Mouse_Thymus2,104_27,7,18238.0,15771.0
Mouse_Thymus2,111_48,1,18938.0,17871.0
Mouse_Thymus2,66_21,5,14438.0,15171.0
Mouse_Thymus2,67_6,9,14538.0,13671.0
Mouse_Thymus2,52_16,6,13038.0,14671.0
Mouse_Thymus2,116_54,6,19438.0,18471.0
Mouse_Thymus2,70_36,5,14838.0,16671.0
Mouse_Thymus2,80_6,6,15838.0,13671.0
Mouse_Thymus2,61_14,6,13938.0,14471.0
Mouse_Thymus2,16_48,8,9438.0,17871.0
Mouse_Thymus2,78_20,5,15638.0,15071.0
Mouse_Thymus2,23_40,2,10138.0,17071.0
Mouse_Thymus2,29_32,2,10738.0,16271.0
Mouse_Thymus2,88_23,1,16638.0,15371.0
Mouse_Thymus2,28_42,5,10638.0,17271.0
Mouse_Thymus2,57_19,6,13538.0,14971.0
Mouse_Thymus2,13_44,5,9138.0,17471.0
Mouse_Thymus2,42_21,2,12038.0,15171.0
Mouse_Thymus2,77_29,5,15538.0,15971.0
Mouse_Thymus2,108_27,2,18638.0,15771.0
Mouse_Thymus2,58_35,5,13638.0,16571.0
Mouse_Thymus2,82_16,5,16038.0,14671.0
Mouse_Thymus2,56_18,7,13438.0,14871.0
Mouse_Thymus2,113_60,2,19138.0,19071.0
Mouse_Thymus2,69_33,1,14738.0,16371.0
Mouse_Thymus2,35_28,6,11338.0,15871.0
Mouse_Thymus2,96_34,8,17438.0,16471.0
Mouse_Thymus2,17_53,8,9538.0,18371.0
Mouse_Thymus2,87_33,6,16538.0,16371.0
Mouse_Thymus2,67_28,6,14538.0,15871.0
Mouse_Thymus2,45_18,2,12338.0,14871.0
Mouse_Thymus2,120_68,7,19838.0,19871.0
Mouse_Thymus2,56_20,8,13438.0,15071.0
Mouse_Thymus2,111_43,1,18938.0,17371.0
Mouse_Thymus2,107_33,1,18538.0,16371.0
Mouse_Thymus2,117_48,5,19538.0,17871.0
Mouse_Thymus2,80_19,5,15838.0,14971.0
Mouse_Thymus2,56_14,2,13438.0,14471.0
Mouse_Thymus2,8_41,7,8638.0,17171.0
Mouse_Thymus2,105_25,6,18338.0,15571.0
Mouse_Thymus2,14_43,5,9238.0,17371.0
Mouse_Thymus2,37_24,2,11538.0,15471.0
Mouse_Thymus2,14_40,2,9238.0,17071.0
Mouse_Thymus2,53_37,5,13138.0,16771.0
Mouse_Thymus2,81_6,6,15938.0,13671.0
Mouse_Thymus2,84_28,5,16238.0,15871.0
Mouse_Thymus2,92_57,2,17038.0,18771.0
Mouse_Thymus2,48_41,5,12638.0,17171.0
Mouse_Thymus2,35_27,8,11338.0,15771.0
Mouse_Thymus2,51_23,6,12938.0,15371.0
Mouse_Thymus2,17_38,1,9538.0,16871.0
Mouse_Thymus2,69_15,6,14738.0,14571.0
Mouse_Thymus2,58_33,5,13638.0,16371.0
Mouse_Thymus2,19_45,5,9738.0,17571.0
Mouse_Thymus2,104_52,6,18238.0,18271.0
Mouse_Thymus2,34_42,5,11238.0,17271.0
Mouse_Thymus2,44_28,5,12238.0,15871.0
Mouse_Thymus2,119_47,2,19738.0,17771.0
Mouse_Thymus2,87_9,7,16538.0,13971.0
Mouse_Thymus2,91_37,6,16938.0,16771.0
Mouse_Thymus2,40_28,1,11838.0,15871.0
Mouse_Thymus2,106_47,6,18438.0,17771.0
Mouse_Thymus2,53_18,8,13138.0,14871.0
Mouse_Thymus2,32_31,7,11038.0,16171.0
Mouse_Thymus2,86_36,6,16438.0,16671.0
Mouse_Thymus2,76_10,6,15438.0,14071.0
Mouse_Thymus2,86_11,2,16438.0,14171.0
Mouse_Thymus2,63_11,6,14138.0,14171.0
Mouse_Thymus2,125_67,2,20338.0,19771.0
Mouse_Thymus2,83_39,2,16138.0,16971.0
Mouse_Thymus2,119_53,5,19738.0,18371.0
Mouse_Thymus2,104_51,2,18238.0,18171.0
Mouse_Thymus2,69_31,8,14738.0,16171.0
Mouse_Thymus2,110_35,8,18838.0,16571.0
Mouse_Thymus2,81_14,8,15938.0,14471.0
Mouse_Thymus2,94_12,6,17238.0,14271.0
Mouse_Thymus2,90_30,6,16838.0,16071.0
Mouse_Thymus2,76_17,2,15438.0,14771.0
Mouse_Thymus2,74_23,5,15238.0,15371.0
Mouse_Thymus2,66_8,2,14438.0,13871.0
Mouse_Thymus2,53_30,8,13138.0,16071.0
Mouse_Thymus2,97_6,8,17538.0,13671.0
Mouse_Thymus2,85_19,5,16338.0,14971.0
Mouse_Thymus2,37_34,2,11538.0,16471.0
Mouse_Thymus2,70_15,8,14838.0,14571.0
Mouse_Thymus2,75_6,2,15338.0,13671.0
Mouse_Thymus2,97_9,2,17538.0,13971.0
Mouse_Thymus2,102_60,7,18038.0,19071.0
Mouse_Thymus2,101_56,6,17938.0,18671.0
Mouse_Thymus2,81_0,8,15938.0,13071.0
Mouse_Thymus2,80_37,5,15838.0,16771.0
Mouse_Thymus2,28_36,6,10638.0,16671.0
Mouse_Thymus2,85_53,2,16338.0,18371.0
Mouse_Thymus2,72_3,6,15038.0,13371.0
Mouse_Thymus2,57_32,1,13538.0,16271.0
Mouse_Thymus2,93_56,6,17138.0,18671.0
Mouse_Thymus2,47_45,1,12538.0,17571.0
Mouse_Thymus2,112_62,7,19038.0,19271.0
Mouse_Thymus2,96_12,6,17438.0,14271.0
Mouse_Thymus2,70_34,5,14838.0,16471.0
Mouse_Thymus2,31_31,9,10938.0,16171.0
Mouse_Thymus2,47_41,5,12538.0,17171.0
Mouse_Thymus2,117_65,2,19538.0,19571.0
Mouse_Thymus2,52_20,6,13038.0,15071.0
Mouse_Thymus2,79_44,5,15738.0,17471.0
Mouse_Thymus2,107_29,2,18538.0,15971.0
Mouse_Thymus2,60_18,7,13838.0,14871.0
Mouse_Thymus2,86_39,6,16438.0,16971.0
Mouse_Thymus2,36_31,1,11438.0,16171.0
