section,obs_name,cluster,x,y
Mouse_Thymus4,42_81,5,14386.0,15900.0
Mouse_Thymus4,48_23,6,14986.0,10100.0
Mouse_Thymus4,5_39,2,10686.0,11700.0
Mouse_Thymus4,28_72,2,12986.0,15000.0
Mouse_Thymus4,13_51,2,11486.0,12900.0
Mouse_Thymus4,24_69,5,12586.0,14700.0
Mouse_Thymus4,33_16,7,13486.0,9400.0
Mouse_Thymus4,9_46,6,11086.0,12400.0
Mouse_Thymus4,54_8,5,15586.0,8600.0
Mouse_Thymus4,17_39,5,11886.0,11700.0
Mouse_Thymus4,45_103,6,14686.0,18100.0
Mouse_Thymus4,46_79,5,14786.0,15700.0
Mouse_Thymus4,24_62,1,12586.0,14000.0
Mouse_Thymus4,64_27,2,16586.0,10500.0
Mouse_Thymus4,35_60,8,13686.0,13800.0
Mouse_Thymus4,46_113,2,14786.0,19100.0
Mouse_Thymus4,52_106,5,15386.0,18400.0
Mouse_Thymus4,52_4,6,15386.0,8200.0
Mouse_Thymus4,21_59,7,12286.0,13700.0
Mouse_Thymus4,63_29,8,16486.0,10700.0
Mouse_Thymus4,59_109,2,16086.0,18700.0
Mouse_Thymus4,49_110,8,15086.0,18800.0
Mouse_Thymus4,33_62,8,13486.0,14000.0
Mouse_Thymus4,53_31,6,15486.0,10900.0
Mouse_Thymus4,45_38,6,14686.0,11600.0
Mouse_Thymus4,35_90,1,13686.0,16800.0
Mouse_Thymus4,55_23,2,15686.0,10100.0
Mouse_Thymus4,29_46,2,13086.0,12400.0
Mouse_Thymus4,38_58,1,13986.0,13600.0
Mouse_Thymus4,17_65,5,11886.0,14300.0
Mouse_Thymus4,12_31,8,11386.0,10900.0
Mouse_Thymus4,26_21,8,12786.0,9900.0
Mouse_Thymus4,34_96,7,13586.0,17400.0
Mouse_Thymus4,26_60,5,12786.0,13800.0
Mouse_Thymus4,56_100,1,15786.0,17800.0
Mouse_Thymus4,56_103,2,15786.0,18100.0
Mouse_Thymus4,48_111,7,14986.0,18900.0
Mouse_Thymus4,30_90,2,13186.0,16800.0
Mouse_Thymus4,46_81,5,14786.0,15900.0
Mouse_Thymus4,43_26,5,14486.0,10400.0
Mouse_Thymus4,48_25,8,14986.0,10300.0
Mouse_Thymus4,12_32,8,11386.0,11000.0
Mouse_Thymus4,37_14,6,13886.0,9200.0
Mouse_Thymus4,25_32,5,12686.0,11000.0
Mouse_Thymus4,36_87,2,13786.0,16500.0
Mouse_Thymus4,37_55,2,13886.0,13300.0
Mouse_Thymus4,57_97,2,15886.0,17500.0
Mouse_Thymus4,28_43,1,12986.0,12100.0
Mouse_Thymus4,65_7,7,16686.0,8500.0
Mouse_Thymus4,24_23,7,12586.0,10100.0
Mouse_Thymus4,63_26,2,16486.0,10400.0
Mouse_Thymus4,24_35,5,12586.0,11300.0
Mouse_Thymus4,26_80,6,12786.0,15800.0
Mouse_Thymus4,37_18,6,13886.0,9600.0
Mouse_Thymus4,46_33,8,14786.0,11100.0
Mouse_Thymus4,22_30,6,12386.0,10800.0
Mouse_Thymus4,35_79,6,13686.0,15700.0
Mouse_Thymus4,30_39,6,13186.0,11700.0
Mouse_Thymus4,49_104,1,15086.0,18200.0
Mouse_Thymus4,54_87,2,15586.0,16500.0
Mouse_Thymus4,47_75,1,14886.0,15300.0
Mouse_Thymus4,42_26,5,14386.0,10400.0
Mouse_Thymus4,13_42,6,11486.0,12000.0
Mouse_Thymus4,42_39,6,14386.0,11700.0
Mouse_Thymus4,20_37,5,12186.0,11500.0
Mouse_Thymus4,43_86,1,14486.0,16400.0
Mouse_Thymus4,26_59,5,12786.0,13700.0
Mouse_Thymus4,24_80,2,12586.0,15800.0
Mouse_Thymus4,59_84,2,16086.0,16200.0
Mouse_Thymus4,42_54,5,14386.0,13200.0
Mouse_Thymus4,13_39,6,11486.0,11700.0
Mouse_Thymus4,29_58,5,13086.0,13600.0
Mouse_Thymus4,39_87,2,14086.0,16500.0
Mouse_Thymus4,58_106,2,15986.0,18400.0
Mouse_Thymus4,24_25,2,12586.0,10300.0
Mouse_Thymus4,25_72,6,12686.0,15000.0
Mouse_Thymus4,32_64,2,13386.0,14200.0
Mouse_Thymus4,37_72,1,13886.0,15000.0
Mouse_Thymus4,39_85,6,14086.0,16300.0
Mouse_Thymus4,41_83,2,14286.0,16100.0
Mouse_Thymus4,55_89,2,15686.0,16700.0
Mouse_Thymus4,62_11,6,16386.0,8900.0
Mouse_Thymus4,26_34,5,12786.0,11200.0
Mouse_Thymus4,52_116,6,15386.0,19400.0
Mouse_Thymus4,59_29,6,16086.0,10700.0
Mouse_Thymus4,49_48,7,15086.0,12600.0
Mouse_Thymus4,3_59,2,10486.0,13700.0
Mouse_Thymus4,36_60,1,13786.0,13800.0
Mouse_Thymus4,31_88,1,13286.0,16600.0
Mouse_Thymus4,22_55,8,12386.0,13300.0
Mouse_Thymus4,13_53,8,11486.0,13100.0
Mouse_Thymus4,48_4,1,14986.0,8200.0
Mouse_Thymus4,36_24,5,13786.0,10200.0
Mouse_Thymus4,39_88,6,14086.0,16600.0
Mouse_Thymus4,56_16,6,15786.0,9400.0
Mouse_Thymus4,7_56,6,10886.0,13400.0
Mouse_Thymus4,9_56,6,11086.0,13400.0
Mouse_Thymus4,24_56,5,12586.0,13400.0
Mouse_Thymus4,39_38,2,14086.0,11600.0
Mouse_Thymus4,10_63,2,11186.0,14100.0
Mouse_Thymus4,50_108,5,15186.0,18600.0
Mouse_Thymus4,48_40,9,14986.0,11800.0
Mouse_Thymus4,56_108,1,15786.0,18600.0
Mouse_Thymus4,64_23,7,16586.0,10100.0
Mouse_Thymus4,32_39,6,13386.0,11700.0
Mouse_Thymus4,10_46,6,11186.0,12400.0
Mouse_Thymus4,33_25,1,13486.0,10300.0
Mouse_Thymus4,46_111,6,14786.0,18900.0
Mouse_Thymus4,42_56,5,14386.0,13400.0
Mouse_Thymus4,27_87,2,12886.0,16500.0
Mouse_Thymus4,57_92,6,15886.0,17000.0
Mouse_Thymus4,39_59,1,14086.0,13700.0
Mouse_Thymus4,21_44,5,12286.0,12200.0
Mouse_Thymus4,29_20,8,13086.0,9800.0
Mouse_Thymus4,57_29,2,15886.0,10700.0
Mouse_Thymus4,33_71,1,13486.0,14900.0
Mouse_Thymus4,23_80,6,12486.0,15800.0
Mouse_Thymus4,36_76,2,13786.0,15400.0
Mouse_Thymus4,63_2,2,16486.0,8000.0
Mouse_Thymus4,40_26,5,14186.0,10400.0
Mouse_Thymus4,6_61,2,10786.0,13900.0
Mouse_Thymus4,12_36,2,11386.0,11400.0
Mouse_Thymus4,36_59,2,13786.0,13700.0
Mouse_Thymus4,4_58,7,10586.0,13600.0
Mouse_Thymus4,15_69,6,11686.0,14700.0
Mouse_Thymus4,22_31,6,12386.0,10900.0
Mouse_Thymus4,53_80,8,15486.0,15800.0
Mouse_Thymus4,47_10,1,14886.0,8800.0
Mouse_Thymus4,39_40,1,14086.0,11800.0
Mouse_Thymus4,1_56,2,10286.0,13400.0
Mouse_Thymus4,46_15,5,14786.0,9300.0
Mouse_Thymus4,21_61,7,12286.0,13900.0
Mouse_Thymus4,34_33,5,13586.0,11100.0
Mouse_Thymus4,42_63,6,14386.0,14100.0
Mouse_Thymus4,31_47,5,13286.0,12500.0
Mouse_Thymus4,54_80,6,15586.0,15800.0
Mouse_Thymus4,44_71,7,14586.0,14900.0
Mouse_Thymus4,53_105,5,15486.0,18300.0
Mouse_Thymus4,26_58,5,12786.0,13600.0
Mouse_Thymus4,18_43,5,11986.0,12100.0
Mouse_Thymus4,37_40,2,13886.0,11800.0
Mouse_Thymus4,51_107,5,15286.0,18500.0
Mouse_Thymus4,21_42,5,12286.0,12000.0
Mouse_Thymus4,32_38,6,13386.0,11600.0
Mouse_Thymus4,43_32,2,14486.0,11000.0
Mouse_Thymus4,45_52,5,14686.0,13000.0
Mouse_Thymus4,43_28,7,14486.0,10600.0
Mouse_Thymus4,10_57,6,11186.0,13500.0
Mouse_Thymus4,49_74,1,15086.0,15200.0
Mouse_Thymus4,29_48,1,13086.0,12600.0
Mouse_Thymus4,39_29,8,14086.0,10700.0
Mouse_Thymus4,20_83,2,12186.0,16100.0
Mouse_Thymus4,30_63,6,13186.0,14100.0
Mouse_Thymus4,34_71,1,13586.0,14900.0
Mouse_Thymus4,40_66,5,14186.0,14400.0
Mouse_Thymus4,27_36,1,12886.0,11400.0
Mouse_Thymus4,54_16,6,15586.0,9400.0
Mouse_Thymus4,39_25,5,14086.0,10300.0
Mouse_Thymus4,36_66,5,13786.0,14400.0
Mouse_Thymus4,29_45,1,13086.0,12300.0
Mouse_Thymus4,17_45,5,11886.0,12300.0
Mouse_Thymus4,47_32,8,14886.0,11000.0
Mouse_Thymus4,30_85,7,13186.0,16300.0
Mouse_Thymus4,57_102,6,15886.0,18000.0
Mouse_Thymus4,61_32,6,16286.0,11000.0
Mouse_Thymus4,47_98,1,14886.0,17600.0
Mouse_Thymus4,42_33,8,14386.0,11100.0
Mouse_Thymus4,59_14,2,16086.0,9200.0
Mouse_Thymus4,26_64,5,12786.0,14200.0
Mouse_Thymus4,22_58,7,12386.0,13600.0
Mouse_Thymus4,42_30,6,14386.0,10800.0
Mouse_Thymus4,30_57,5,13186.0,13500.0
Mouse_Thymus4,31_45,5,13286.0,12300.0
Mouse_Thymus4,28_87,6,12986.0,16500.0
Mouse_Thymus4,35_78,6,13686.0,15600.0
Mouse_Thymus4,49_3,2,15086.0,8100.0
Mouse_Thymus4,29_59,5,13086.0,13700.0
Mouse_Thymus4,51_83,5,15286.0,16100.0
Mouse_Thymus4,21_43,5,12286.0,12100.0
Mouse_Thymus4,33_56,1,13486.0,13400.0
Mouse_Thymus4,27_86,6,12886.0,16400.0
Mouse_Thymus4,59_90,2,16086.0,16800.0
Mouse_Thymus4,35_31,6,13686.0,10900.0
Mouse_Thymus4,33_80,5,13486.0,15800.0
Mouse_Thymus4,35_88,6,13686.0,16600.0
Mouse_Thymus4,46_35,6,14786.0,11300.0
Mouse_Thymus4,50_86,5,15186.0,16400.0
Mouse_Thymus4,48_93,5,14986.0,17100.0
Mouse_Thymus4,38_30,5,13986.0,10800.0
Mouse_Thymus4,35_71,2,13686.0,14900.0
Mouse_Thymus4,59_98,9,16086.0,17600.0
Mouse_Thymus4,41_66,2,14286.0,14400.0
Mouse_Thymus4,33_76,2,13486.0,15400.0
Mouse_Thymus4,64_29,2,16586.0,10700.0
Mouse_Thymus4,44_18,5,14586.0,9600.0
Mouse_Thymus4,58_88,2,15986.0,16600.0
Mouse_Thymus4,53_20,6,15486.0,9800.0
Mouse_Thymus4,21_57,8,12286.0,13500.0
Mouse_Thymus4,53_5,7,15486.0,8300.0
Mouse_Thymus4,33_37,6,13486.0,11500.0
Mouse_Thymus4,40_36,8,14186.0,11400.0
Mouse_Thymus4,62_5,1,16386.0,8300.0
Mouse_Thymus4,31_77,1,13286.0,15500.0
Mouse_Thymus4,42_15,5,14386.0,9300.0
Mouse_Thymus4,25_68,5,12686.0,14600.0
Mouse_Thymus4,18_34,6,11986.0,11200.0
Mouse_Thymus4,46_77,7,14786.0,15500.0
Mouse_Thymus4,37_54,7,13886.0,13200.0
Mouse_Thymus4,60_22,8,16186.0,10000.0
Mouse_Thymus4,36_90,1,13786.0,16800.0
Mouse_Thymus4,36_80,2,13786.0,15800.0
Mouse_Thymus4,29_49,5,13086.0,12700.0
Mouse_Thymus4,50_112,8,15186.0,19000.0
Mouse_Thymus4,57_4,2,15886.0,8200.0
Mouse_Thymus4,41_48,1,14286.0,12600.0
Mouse_Thymus4,17_72,6,11886.0,15000.0
Mouse_Thymus4,48_18,9,14986.0,9600.0
Mouse_Thymus4,14_66,2,11586.0,14400.0
Mouse_Thymus4,35_21,1,13686.0,9900.0
Mouse_Thymus4,16_32,6,11786.0,11000.0
Mouse_Thymus4,28_39,5,12986.0,11700.0
Mouse_Thymus4,53_14,6,15486.0,9200.0
Mouse_Thymus4,37_61,2,13886.0,13900.0
Mouse_Thymus4,32_42,1,13386.0,12000.0
Mouse_Thymus4,33_30,6,13486.0,10800.0
Mouse_Thymus4,22_74,5,12386.0,15200.0
Mouse_Thymus4,50_85,5,15186.0,16300.0
Mouse_Thymus4,50_43,8,15186.0,12100.0
Mouse_Thymus4,12_30,7,11386.0,10800.0
Mouse_Thymus4,49_91,5,15086.0,16900.0
Mouse_Thymus4,40_16,1,14186.0,9400.0
Mouse_Thymus4,13_48,6,11486.0,12600.0
Mouse_Thymus4,50_20,6,15186.0,9800.0
Mouse_Thymus4,34_74,9,13586.0,15200.0
Mouse_Thymus4,30_69,5,13186.0,14700.0
Mouse_Thymus4,14_63,7,11586.0,14100.0
Mouse_Thymus4,47_26,2,14886.0,10400.0
Mouse_Thymus4,40_19,5,14186.0,9700.0
Mouse_Thymus4,27_30,5,12886.0,10800.0
Mouse_Thymus4,58_17,6,15986.0,9500.0
Mouse_Thymus4,11_41,6,11286.0,11900.0
Mouse_Thymus4,22_49,5,12386.0,12700.0
Mouse_Thymus4,35_67,6,13686.0,14500.0
Mouse_Thymus4,46_85,5,14786.0,16300.0
Mouse_Thymus4,42_44,6,14386.0,12200.0
Mouse_Thymus4,47_18,5,14886.0,9600.0
Mouse_Thymus4,37_46,2,13886.0,12400.0
Mouse_Thymus4,32_17,7,13386.0,9500.0
Mouse_Thymus4,5_54,6,10686.0,13200.0
Mouse_Thymus4,7_39,6,10886.0,11700.0
Mouse_Thymus4,53_12,7,15486.0,9000.0
Mouse_Thymus4,8_44,6,10986.0,12200.0
Mouse_Thymus4,14_29,9,11586.0,10700.0
Mouse_Thymus4,23_28,2,12486.0,10600.0
Mouse_Thymus4,19_34,6,12086.0,11200.0
Mouse_Thymus4,53_79,2,15486.0,15700.0
Mouse_Thymus4,67_3,5,16886.0,8100.0
Mouse_Thymus4,19_60,6,12086.0,13800.0
Mouse_Thymus4,17_29,7,11886.0,10700.0
Mouse_Thymus4,13_67,7,11486.0,14500.0
Mouse_Thymus4,27_57,5,12886.0,13500.0
Mouse_Thymus4,42_77,5,14386.0,15500.0
Mouse_Thymus4,46_99,2,14786.0,17700.0
Mouse_Thymus4,36_86,1,13786.0,16400.0
Mouse_Thymus4,43_40,2,14486.0,11800.0
Mouse_Thymus4,20_39,5,12186.0,11700.0
Mouse_Thymus4,44_17,5,14586.0,9500.0
Mouse_Thymus4,62_98,6,16386.0,17600.0
Mouse_Thymus4,38_55,1,13986.0,13300.0
Mouse_Thymus4,54_113,1,15586.0,19100.0
Mouse_Thymus4,30_49,1,13186.0,12700.0
Mouse_Thymus4,55_82,2,15686.0,16000.0
Mouse_Thymus4,21_63,5,12286.0,14100.0
Mouse_Thymus4,37_91,7,13886.0,16900.0
Mouse_Thymus4,19_52,6,12086.0,13000.0
Mouse_Thymus4,44_51,5,14586.0,12900.0
Mouse_Thymus4,15_41,5,11686.0,11900.0
Mouse_Thymus4,12_60,6,11386.0,13800.0
Mouse_Thymus4,61_7,1,16286.0,8500.0
Mouse_Thymus4,45_32,8,14686.0,11000.0
Mouse_Thymus4,22_77,6,12386.0,15500.0
Mouse_Thymus4,63_9,1,16486.0,8700.0
Mouse_Thymus4,42_24,5,14386.0,10200.0
Mouse_Thymus4,39_98,6,14086.0,17600.0
Mouse_Thymus4,19_68,6,12086.0,14600.0
Mouse_Thymus4,54_30,6,15586.0,10800.0
Mouse_Thymus4,25_77,6,12686.0,15500.0
Mouse_Thymus4,41_101,6,14286.0,17900.0
Mouse_Thymus4,11_33,2,11286.0,11100.0
Mouse_Thymus4,54_14,6,15586.0,9200.0
Mouse_Thymus4,55_20,8,15686.0,9800.0
Mouse_Thymus4,30_46,5,13186.0,12400.0
Mouse_Thymus4,50_98,5,15186.0,17600.0
Mouse_Thymus4,13_37,6,11486.0,11500.0
Mouse_Thymus4,44_67,1,14586.0,14500.0
Mouse_Thymus4,24_41,5,12586.0,11900.0
Mouse_Thymus4,21_33,6,12286.0,11100.0
Mouse_Thymus4,35_87,1,13686.0,16500.0
Mouse_Thymus4,48_43,2,14986.0,12100.0
Mouse_Thymus4,55_87,2,15686.0,16500.0
Mouse_Thymus4,41_39,8,14286.0,11700.0
Mouse_Thymus4,11_32,7,11286.0,11000.0
Mouse_Thymus4,31_85,5,13286.0,16300.0
Mouse_Thymus4,58_93,6,15986.0,17100.0
Mouse_Thymus4,60_108,2,16186.0,18600.0
Mouse_Thymus4,42_9,2,14386.0,8700.0
Mouse_Thymus4,30_42,7,13186.0,12000.0
Mouse_Thymus4,30_22,6,13186.0,10000.0
Mouse_Thymus4,39_77,1,14086.0,15500.0
Mouse_Thymus4,27_22,2,12886.0,10000.0
Mouse_Thymus4,56_37,2,15786.0,11500.0
Mouse_Thymus4,54_35,6,15586.0,11300.0
Mouse_Thymus4,5_55,6,10686.0,13300.0
Mouse_Thymus4,49_109,7,15086.0,18700.0
Mouse_Thymus4,48_91,5,14986.0,16900.0
Mouse_Thymus4,45_78,5,14686.0,15600.0
Mouse_Thymus4,8_52,2,10986.0,13000.0
Mouse_Thymus4,44_16,5,14586.0,9400.0
Mouse_Thymus4,42_16,5,14386.0,9400.0
Mouse_Thymus4,51_77,7,15286.0,15500.0
Mouse_Thymus4,30_41,1,13186.0,11900.0
Mouse_Thymus4,39_86,2,14086.0,16400.0
Mouse_Thymus4,28_92,2,12986.0,17000.0
Mouse_Thymus4,31_92,7,13286.0,17000.0
Mouse_Thymus4,39_22,5,14086.0,10000.0
Mouse_Thymus4,55_38,2,15686.0,11600.0
Mouse_Thymus4,44_77,5,14586.0,15500.0
Mouse_Thymus4,54_99,5,15586.0,17700.0
Mouse_Thymus4,41_17,5,14286.0,9500.0
Mouse_Thymus4,49_20,1,15086.0,9800.0
Mouse_Thymus4,19_70,6,12086.0,14800.0
Mouse_Thymus4,18_48,1,11986.0,12600.0
Mouse_Thymus4,51_99,5,15286.0,17700.0
Mouse_Thymus4,32_93,2,13386.0,17100.0
Mouse_Thymus4,47_23,8,14886.0,10100.0
Mouse_Thymus4,55_42,1,15686.0,12000.0
Mouse_Thymus4,20_71,2,12186.0,14900.0
Mouse_Thymus4,45_92,1,14686.0,17000.0
Mouse_Thymus4,6_36,8,10786.0,11400.0
Mouse_Thymus4,36_96,7,13786.0,17400.0
Mouse_Thymus4,6_42,6,10786.0,12000.0
Mouse_Thymus4,59_5,5,16086.0,8300.0
Mouse_Thymus4,37_20,1,13886.0,9800.0
Mouse_Thymus4,10_54,6,11186.0,13200.0
Mouse_Thymus4,26_47,5,12786.0,12500.0
Mouse_Thymus4,54_27,2,15586.0,10500.0
Mouse_Thymus4,50_102,5,15186.0,18000.0
Mouse_Thymus4,43_36,8,14486.0,11400.0
Mouse_Thymus4,20_30,2,12186.0,10800.0
Mouse_Thymus4,12_40,6,11386.0,11800.0
Mouse_Thymus4,19_30,2,12086.0,10800.0
Mouse_Thymus4,56_101,2,15786.0,17900.0
Mouse_Thymus4,30_84,1,13186.0,16200.0
Mouse_Thymus4,6_40,6,10786.0,11800.0
Mouse_Thymus4,31_89,1,13286.0,16700.0
Mouse_Thymus4,25_34,5,12686.0,11200.0
Mouse_Thymus4,51_48,6,15286.0,12600.0
Mouse_Thymus4,29_54,1,13086.0,13200.0
Mouse_Thymus4,20_49,5,12186.0,12700.0
Mouse_Thymus4,35_93,1,13686.0,17100.0
Mouse_Thymus4,50_11,5,15186.0,8900.0
Mouse_Thymus4,20_62,6,12186.0,14000.0
Mouse_Thymus4,8_61,6,10986.0,13900.0
Mouse_Thymus4,54_102,1,15586.0,18000.0
Mouse_Thymus4,25_70,5,12686.0,14800.0
Mouse_Thymus4,7_62,2,10886.0,14000.0
Mouse_Thymus4,53_103,5,15486.0,18100.0
Mouse_Thymus4,4_49,6,10586.0,12700.0
Mouse_Thymus4,49_101,1,15086.0,17900.0
Mouse_Thymus4,31_32,6,13286.0,11000.0
Mouse_Thymus4,55_2,8,15686.0,8000.0
Mouse_Thymus4,23_53,1,12486.0,13100.0
Mouse_Thymus4,54_9,5,15586.0,8700.0
Mouse_Thymus4,17_28,8,11886.0,10600.0
Mouse_Thymus4,37_17,6,13886.0,9500.0
Mouse_Thymus4,23_41,1,12486.0,11900.0
Mouse_Thymus4,10_43,6,11186.0,12100.0
Mouse_Thymus4,7_57,6,10886.0,13500.0
Mouse_Thymus4,17_74,2,11886.0,15200.0
Mouse_Thymus4,39_63,5,14086.0,14100.0
Mouse_Thymus4,47_7,6,14886.0,8500.0
Mouse_Thymus4,34_44,1,13586.0,12200.0
Mouse_Thymus4,52_11,5,15386.0,8900.0
Mouse_Thymus4,55_35,6,15686.0,11300.0
Mouse_Thymus4,18_68,6,11986.0,14600.0
Mouse_Thymus4,45_97,1,14686.0,17500.0
Mouse_Thymus4,39_74,1,14086.0,15200.0
Mouse_Thymus4,53_114,2,15486.0,19200.0
Mouse_Thymus4,13_61,6,11486.0,13900.0
Mouse_Thymus4,25_64,5,12686.0,14200.0
Mouse_Thymus4,39_75,2,14086.0,15300.0
Mouse_Thymus4,69_7,2,17086.0,8500.0
Mouse_Thymus4,68_4,2,16986.0,8200.0
Mouse_Thymus4,21_82,2,12286.0,16000.0
Mouse_Thymus4,50_22,6,15186.0,10000.0
Mouse_Thymus4,49_31,8,15086.0,10900.0
Mouse_Thymus4,58_11,2,15986.0,8900.0
Mouse_Thymus4,46_93,5,14786.0,17100.0
Mouse_Thymus4,39_47,6,14086.0,12500.0
Mouse_Thymus4,12_61,6,11386.0,13900.0
Mouse_Thymus4,12_41,6,11386.0,11900.0
Mouse_Thymus4,49_45,6,15086.0,12300.0
Mouse_Thymus4,41_35,8,14286.0,11300.0
Mouse_Thymus4,25_76,2,12686.0,15400.0
Mouse_Thymus4,32_32,6,13386.0,11000.0
Mouse_Thymus4,36_91,1,13786.0,16900.0
Mouse_Thymus4,34_82,5,13586.0,16000.0
Mouse_Thymus4,33_26,5,13486.0,10400.0
Mouse_Thymus4,22_66,1,12386.0,14400.0
Mouse_Thymus4,17_41,5,11886.0,11900.0
Mouse_Thymus4,30_30,5,13186.0,10800.0
Mouse_Thymus4,29_68,5,13086.0,14600.0
Mouse_Thymus4,14_35,6,11586.0,11300.0
Mouse_Thymus4,40_35,8,14186.0,11300.0
Mouse_Thymus4,59_20,8,16086.0,9800.0
Mouse_Thymus4,27_47,5,12886.0,12500.0
Mouse_Thymus4,47_15,5,14886.0,9300.0
Mouse_Thymus4,56_36,6,15786.0,11400.0
Mouse_Thymus4,20_72,1,12186.0,15000.0
Mouse_Thymus4,52_113,5,15386.0,19100.0
Mouse_Thymus4,63_27,2,16486.0,10500.0
Mouse_Thymus4,40_99,6,14186.0,17700.0
Mouse_Thymus4,20_64,8,12186.0,14200.0
Mouse_Thymus4,2_51,7,10386.0,12900.0
Mouse_Thymus4,40_62,6,14186.0,14000.0
Mouse_Thymus4,40_65,5,14186.0,14300.0
Mouse_Thymus4,55_86,2,15686.0,16400.0
Mouse_Thymus4,39_79,2,14086.0,15700.0
Mouse_Thymus4,27_63,5,12886.0,14100.0
Mouse_Thymus4,34_34,7,13586.0,11200.0
Mouse_Thymus4,21_71,1,12286.0,14900.0
Mouse_Thymus4,55_12,8,15686.0,9000.0
Mouse_Thymus4,50_14,5,15186.0,9200.0
Mouse_Thymus4,16_53,5,11786.0,13100.0
Mouse_Thymus4,24_45,5,12586.0,12300.0
Mouse_Thymus4,47_43,8,14886.0,12100.0
Mouse_Thymus4,60_2,2,16186.0,8000.0
Mouse_Thymus4,55_95,7,15686.0,17300.0
Mouse_Thymus4,24_55,8,12586.0,13300.0
Mouse_Thymus4,49_89,1,15086.0,16700.0
Mouse_Thymus4,45_9,6,14686.0,8700.0
Mouse_Thymus4,39_42,2,14086.0,12000.0
Mouse_Thymus4,37_26,5,13886.0,10400.0
Mouse_Thymus4,3_49,8,10486.0,12700.0
Mouse_Thymus4,20_55,8,12186.0,13300.0
Mouse_Thymus4,12_63,6,11386.0,14100.0
Mouse_Thymus4,60_4,5,16186.0,8200.0
Mouse_Thymus4,33_60,6,13486.0,13800.0
Mouse_Thymus4,16_44,5,11786.0,12200.0
Mouse_Thymus4,51_27,8,15286.0,10500.0
Mouse_Thymus4,18_55,2,11986.0,13300.0
Mouse_Thymus4,44_9,7,14586.0,8700.0
Mouse_Thymus4,26_41,5,12786.0,11900.0
Mouse_Thymus4,39_18,5,14086.0,9600.0
Mouse_Thymus4,11_46,6,11286.0,12400.0
Mouse_Thymus4,55_36,2,15686.0,11400.0
Mouse_Thymus4,43_53,5,14486.0,13100.0
Mouse_Thymus4,53_102,5,15486.0,18000.0
Mouse_Thymus4,34_27,5,13586.0,10500.0
Mouse_Thymus4,61_0,6,16286.0,7800.0
Mouse_Thymus4,5_48,6,10686.0,12600.0
Mouse_Thymus4,39_60,6,14086.0,13800.0
Mouse_Thymus4,57_95,7,15886.0,17300.0
Mouse_Thymus4,54_11,6,15586.0,8900.0
Mouse_Thymus4,34_70,1,13586.0,14800.0
Mouse_Thymus4,26_63,1,12786.0,14100.0
Mouse_Thymus4,27_28,5,12886.0,10600.0
Mouse_Thymus4,38_88,6,13986.0,16600.0
Mouse_Thymus4,63_25,2,16486.0,10300.0
Mouse_Thymus4,38_90,2,13986.0,16800.0
Mouse_Thymus4,33_84,5,13486.0,16200.0
Mouse_Thymus4,17_34,6,11886.0,11200.0
Mouse_Thymus4,59_22,6,16086.0,10000.0
Mouse_Thymus4,1_59,2,10286.0,13700.0
Mouse_Thymus4,23_77,8,12486.0,15500.0
Mouse_Thymus4,19_66,5,12086.0,14400.0
Mouse_Thymus4,33_51,5,13486.0,12900.0
Mouse_Thymus4,25_80,6,12686.0,15800.0
Mouse_Thymus4,54_114,2,15586.0,19200.0
Mouse_Thymus4,16_50,8,11786.0,12800.0
Mouse_Thymus4,40_34,8,14186.0,11200.0
Mouse_Thymus4,45_69,7,14686.0,14700.0
Mouse_Thymus4,35_25,5,13686.0,10300.0
Mouse_Thymus4,51_29,2,15286.0,10700.0
Mouse_Thymus4,44_48,5,14586.0,12600.0
Mouse_Thymus4,23_38,5,12486.0,11600.0
Mouse_Thymus4,20_47,5,12186.0,12500.0
Mouse_Thymus4,58_113,8,15986.0,19100.0
Mouse_Thymus4,47_80,5,14886.0,15800.0
Mouse_Thymus4,13_66,6,11486.0,14400.0
Mouse_Thymus4,14_40,7,11586.0,11800.0
Mouse_Thymus4,25_71,7,12686.0,14900.0
Mouse_Thymus4,47_100,7,14886.0,17800.0
Mouse_Thymus4,26_88,7,12786.0,16600.0
Mouse_Thymus4,43_106,2,14486.0,18400.0
Mouse_Thymus4,62_12,2,16386.0,9000.0
Mouse_Thymus4,38_49,5,13986.0,12700.0
Mouse_Thymus4,52_86,5,15386.0,16400.0
Mouse_Thymus4,44_27,6,14586.0,10500.0
Mouse_Thymus4,35_77,2,13686.0,15500.0
Mouse_Thymus4,52_10,5,15386.0,8800.0
Mouse_Thymus4,37_84,1,13886.0,16200.0
Mouse_Thymus4,71_2,2,17286.0,8000.0
Mouse_Thymus4,45_29,2,14686.0,10700.0
Mouse_Thymus4,54_104,5,15586.0,18200.0
Mouse_Thymus4,55_33,6,15686.0,11100.0
Mouse_Thymus4,31_36,6,13286.0,11400.0
Mouse_Thymus4,22_46,5,12386.0,12400.0
Mouse_Thymus4,50_21,2,15186.0,9900.0
Mouse_Thymus4,15_47,1,11686.0,12500.0
Mouse_Thymus4,24_71,8,12586.0,14900.0
Mouse_Thymus4,62_29,6,16386.0,10700.0
Mouse_Thymus4,20_48,5,12186.0,12600.0
Mouse_Thymus4,35_44,6,13686.0,12200.0
Mouse_Thymus4,18_62,7,11986.0,14000.0
Mouse_Thymus4,58_39,2,15986.0,11700.0
Mouse_Thymus4,52_100,5,15386.0,17800.0
Mouse_Thymus4,42_59,2,14386.0,13700.0
Mouse_Thymus4,52_108,5,15386.0,18600.0
Mouse_Thymus4,60_98,6,16186.0,17600.0
Mouse_Thymus4,21_39,5,12286.0,11700.0
Mouse_Thymus4,41_93,2,14286.0,17100.0
Mouse_Thymus4,30_19,7,13186.0,9700.0
Mouse_Thymus4,37_21,5,13886.0,9900.0
Mouse_Thymus4,35_38,2,13686.0,11600.0
Mouse_Thymus4,56_17,6,15786.0,9500.0
Mouse_Thymus4,48_78,2,14986.0,15600.0
Mouse_Thymus4,15_58,6,11686.0,13600.0
Mouse_Thymus4,56_41,2,15786.0,11900.0
Mouse_Thymus4,22_80,2,12386.0,15800.0
Mouse_Thymus4,46_13,5,14786.0,9100.0
Mouse_Thymus4,27_55,5,12886.0,13300.0
Mouse_Thymus4,24_85,6,12586.0,16300.0
Mouse_Thymus4,38_15,6,13986.0,9300.0
Mouse_Thymus4,14_53,6,11586.0,13100.0
Mouse_Thymus4,55_104,8,15686.0,18200.0
Mouse_Thymus4,22_54,2,12386.0,13200.0
Mouse_Thymus4,49_75,2,15086.0,15300.0
Mouse_Thymus4,53_110,5,15486.0,18800.0
Mouse_Thymus4,47_27,2,14886.0,10500.0
Mouse_Thymus4,30_28,5,13186.0,10600.0
Mouse_Thymus4,22_34,6,12386.0,11200.0
Mouse_Thymus4,56_30,2,15786.0,10800.0
Mouse_Thymus4,39_89,6,14086.0,16700.0
Mouse_Thymus4,26_89,6,12786.0,16700.0
Mouse_Thymus4,35_45,6,13686.0,12300.0
Mouse_Thymus4,18_66,5,11986.0,14400.0
Mouse_Thymus4,41_10,8,14286.0,8800.0
Mouse_Thymus4,0_58,9,10186.0,13600.0
Mouse_Thymus4,22_82,6,12386.0,16000.0
Mouse_Thymus4,50_91,5,15186.0,16900.0
Mouse_Thymus4,47_13,5,14886.0,9100.0
Mouse_Thymus4,30_24,6,13186.0,10200.0
Mouse_Thymus4,51_10,5,15286.0,8800.0
Mouse_Thymus4,30_77,5,13186.0,15500.0
Mouse_Thymus4,33_44,5,13486.0,12200.0
Mouse_Thymus4,46_10,8,14786.0,8800.0
Mouse_Thymus4,23_45,5,12486.0,12300.0
Mouse_Thymus4,5_53,6,10686.0,13100.0
Mouse_Thymus4,68_5,6,16986.0,8300.0
Mouse_Thymus4,36_53,5,13786.0,13100.0
Mouse_Thymus4,39_35,6,14086.0,11300.0
Mouse_Thymus4,34_15,7,13586.0,9300.0
Mouse_Thymus4,65_1,7,16686.0,7900.0
Mouse_Thymus4,53_11,8,15486.0,8900.0
Mouse_Thymus4,63_28,8,16486.0,10600.0
Mouse_Thymus4,42_68,6,14386.0,14600.0
Mouse_Thymus4,59_106,6,16086.0,18400.0
Mouse_Thymus4,44_104,7,14586.0,18200.0
Mouse_Thymus4,44_74,2,14586.0,15200.0
Mouse_Thymus4,57_109,2,15886.0,18700.0
Mouse_Thymus4,9_49,7,11086.0,12700.0
Mouse_Thymus4,60_5,5,16186.0,8300.0
Mouse_Thymus4,55_27,6,15686.0,10500.0
Mouse_Thymus4,34_68,1,13586.0,14600.0
Mouse_Thymus4,10_60,6,11186.0,13800.0
Mouse_Thymus4,39_39,7,14086.0,11700.0
Mouse_Thymus4,40_74,1,14186.0,15200.0
Mouse_Thymus4,35_76,1,13686.0,15400.0
Mouse_Thymus4,23_58,2,12486.0,13600.0
Mouse_Thymus4,33_90,2,13486.0,16800.0
Mouse_Thymus4,27_39,5,12886.0,11700.0
Mouse_Thymus4,41_95,2,14286.0,17300.0
Mouse_Thymus4,24_49,5,12586.0,12700.0
Mouse_Thymus4,23_35,6,12486.0,11300.0
Mouse_Thymus4,38_40,6,13986.0,11800.0
Mouse_Thymus4,43_65,6,14486.0,14300.0
Mouse_Thymus4,37_50,5,13886.0,12800.0
Mouse_Thymus4,29_52,5,13086.0,13000.0
Mouse_Thymus4,16_31,6,11786.0,10900.0
Mouse_Thymus4,16_71,2,11786.0,14900.0
Mouse_Thymus4,20_67,2,12186.0,14500.0
Mouse_Thymus4,22_67,7,12386.0,14500.0
Mouse_Thymus4,46_18,5,14786.0,9600.0
Mouse_Thymus4,25_45,5,12686.0,12300.0
Mouse_Thymus4,10_52,6,11186.0,13000.0
Mouse_Thymus4,36_33,5,13786.0,11100.0
Mouse_Thymus4,51_15,2,15286.0,9300.0
Mouse_Thymus4,37_81,8,13886.0,15900.0
Mouse_Thymus4,26_66,5,12786.0,14400.0
Mouse_Thymus4,2_56,2,10386.0,13400.0
Mouse_Thymus4,26_35,5,12786.0,11300.0
Mouse_Thymus4,37_11,2,13886.0,8900.0
Mouse_Thymus4,33_66,1,13486.0,14400.0
Mouse_Thymus4,54_94,1,15586.0,17200.0
Mouse_Thymus4,43_27,5,14486.0,10500.0
Mouse_Thymus4,46_23,6,14786.0,10100.0
Mouse_Thymus4,46_43,2,14786.0,12100.0
Mouse_Thymus4,13_34,8,11486.0,11200.0
Mouse_Thymus4,20_59,1,12186.0,13700.0
Mouse_Thymus4,42_17,5,14386.0,9500.0
Mouse_Thymus4,47_105,2,14886.0,18300.0
Mouse_Thymus4,49_19,6,15086.0,9700.0
Mouse_Thymus4,32_29,5,13386.0,10700.0
Mouse_Thymus4,4_44,7,10586.0,12200.0
Mouse_Thymus4,36_29,1,13786.0,10700.0
Mouse_Thymus4,11_43,6,11286.0,12100.0
Mouse_Thymus4,61_28,6,16286.0,10600.0
Mouse_Thymus4,53_45,8,15486.0,12300.0
Mouse_Thymus4,55_18,6,15686.0,9600.0
Mouse_Thymus4,61_29,6,16286.0,10700.0
Mouse_Thymus4,23_39,5,12486.0,11700.0
Mouse_Thymus4,18_35,6,11986.0,11300.0
Mouse_Thymus4,56_6,5,15786.0,8400.0
Mouse_Thymus4,53_26,2,15486.0,10400.0
Mouse_Thymus4,25_59,5,12686.0,13700.0
Mouse_Thymus4,38_53,1,13986.0,13100.0
Mouse_Thymus4,32_60,1,13386.0,13800.0
Mouse_Thymus4,33_47,1,13486.0,12500.0
Mouse_Thymus4,14_71,9,11586.0,14900.0
Mouse_Thymus4,45_88,5,14686.0,16600.0
Mouse_Thymus4,67_1,2,16886.0,7900.0
Mouse_Thymus4,25_90,2,12686.0,16800.0
Mouse_Thymus4,41_75,1,14286.0,15300.0
Mouse_Thymus4,3_46,8,10486.0,12400.0
Mouse_Thymus4,45_12,6,14686.0,9000.0
Mouse_Thymus4,23_81,7,12486.0,15900.0
Mouse_Thymus4,23_54,5,12486.0,13200.0
Mouse_Thymus4,45_14,5,14686.0,9200.0
Mouse_Thymus4,49_85,5,15086.0,16300.0
Mouse_Thymus4,34_18,6,13586.0,9600.0
Mouse_Thymus4,38_83,2,13986.0,16100.0
Mouse_Thymus4,32_87,1,13386.0,16500.0
Mouse_Thymus4,50_115,2,15186.0,19300.0
Mouse_Thymus4,22_61,8,12386.0,13900.0
Mouse_Thymus4,12_47,6,11386.0,12500.0
Mouse_Thymus4,54_17,6,15586.0,9500.0
Mouse_Thymus4,56_8,5,15786.0,8600.0
Mouse_Thymus4,14_69,2,11586.0,14700.0
Mouse_Thymus4,55_14,6,15686.0,9200.0
Mouse_Thymus4,24_61,1,12586.0,13900.0
Mouse_Thymus4,46_45,1,14786.0,12300.0
Mouse_Thymus4,58_1,7,15986.0,7900.0
Mouse_Thymus4,32_34,8,13386.0,11200.0
Mouse_Thymus4,10_45,2,11186.0,12300.0
Mouse_Thymus4,51_89,5,15286.0,16700.0
Mouse_Thymus4,7_50,6,10886.0,12800.0
Mouse_Thymus4,67_8,2,16886.0,8600.0
Mouse_Thymus4,55_40,6,15686.0,11800.0
Mouse_Thymus4,56_112,2,15786.0,19000.0
Mouse_Thymus4,54_4,2,15586.0,8200.0
Mouse_Thymus4,19_50,1,12086.0,12800.0
Mouse_Thymus4,34_20,6,13586.0,9800.0
Mouse_Thymus4,45_112,8,14686.0,19000.0
Mouse_Thymus4,33_35,6,13486.0,11300.0
Mouse_Thymus4,39_70,8,14086.0,14800.0
Mouse_Thymus4,11_47,6,11286.0,12500.0
Mouse_Thymus4,51_106,5,15286.0,18400.0
Mouse_Thymus4,54_100,5,15586.0,17800.0
Mouse_Thymus4,57_16,6,15886.0,9400.0
Mouse_Thymus4,55_39,8,15686.0,11700.0
Mouse_Thymus4,61_1,8,16286.0,7900.0
Mouse_Thymus4,10_42,6,11186.0,12000.0
Mouse_Thymus4,31_76,8,13286.0,15400.0
Mouse_Thymus4,32_43,5,13386.0,12100.0
Mouse_Thymus4,58_10,8,15986.0,8800.0
Mouse_Thymus4,18_27,9,11986.0,10500.0
Mouse_Thymus4,36_67,8,13786.0,14500.0
Mouse_Thymus4,48_14,5,14986.0,9200.0
Mouse_Thymus4,58_8,5,15986.0,8600.0
Mouse_Thymus4,23_23,9,12486.0,10100.0
Mouse_Thymus4,56_96,2,15786.0,17400.0
Mouse_Thymus4,35_57,6,13686.0,13500.0
Mouse_Thymus4,40_63,6,14186.0,14100.0
Mouse_Thymus4,44_34,2,14586.0,11200.0
Mouse_Thymus4,40_31,8,14186.0,10900.0
Mouse_Thymus4,58_6,5,15986.0,8400.0
Mouse_Thymus4,43_54,5,14486.0,13200.0
Mouse_Thymus4,36_73,8,13786.0,15100.0
Mouse_Thymus4,61_87,9,16286.0,16500.0
Mouse_Thymus4,56_118,7,15786.0,19600.0
Mouse_Thymus4,41_37,6,14286.0,11500.0
Mouse_Thymus4,26_27,7,12786.0,10500.0
Mouse_Thymus4,48_108,6,14986.0,18600.0
Mouse_Thymus4,45_51,5,14686.0,12900.0
Mouse_Thymus4,40_84,2,14186.0,16200.0
Mouse_Thymus4,25_26,2,12686.0,10400.0
Mouse_Thymus4,37_15,6,13886.0,9300.0
Mouse_Thymus4,41_69,1,14286.0,14700.0
Mouse_Thymus4,40_64,5,14186.0,14200.0
Mouse_Thymus4,44_23,8,14586.0,10100.0
Mouse_Thymus4,40_47,6,14186.0,12500.0
Mouse_Thymus4,54_85,2,15586.0,16300.0
Mouse_Thymus4,21_40,5,12286.0,11800.0
Mouse_Thymus4,32_53,5,13386.0,13100.0
Mouse_Thymus4,42_102,7,14386.0,18000.0
Mouse_Thymus4,2_58,2,10386.0,13600.0
Mouse_Thymus4,50_6,2,15186.0,8400.0
Mouse_Thymus4,48_94,5,14986.0,17200.0
Mouse_Thymus4,21_60,6,12286.0,13800.0
Mouse_Thymus4,44_84,5,14586.0,16200.0
Mouse_Thymus4,58_21,6,15986.0,9900.0
Mouse_Thymus4,2_54,2,10386.0,13200.0
Mouse_Thymus4,36_79,1,13786.0,15700.0
Mouse_Thymus4,45_94,5,14686.0,17200.0
Mouse_Thymus4,37_28,1,13886.0,10600.0
Mouse_Thymus4,54_96,5,15586.0,17400.0
Mouse_Thymus4,18_41,5,11986.0,11900.0
Mouse_Thymus4,41_22,5,14286.0,10000.0
Mouse_Thymus4,45_31,6,14686.0,10900.0
Mouse_Thymus4,58_27,2,15986.0,10500.0
Mouse_Thymus4,60_35,2,16186.0,11300.0
Mouse_Thymus4,28_68,5,12986.0,14600.0
Mouse_Thymus4,46_16,5,14786.0,9400.0
Mouse_Thymus4,18_77,6,11986.0,15500.0
Mouse_Thymus4,40_18,5,14186.0,9600.0
Mouse_Thymus4,25_57,5,12686.0,13500.0
Mouse_Thymus4,37_53,5,13886.0,13100.0
Mouse_Thymus4,11_50,2,11286.0,12800.0
Mouse_Thymus4,52_84,5,15386.0,16200.0
Mouse_Thymus4,58_2,6,15986.0,8000.0
Mouse_Thymus4,56_113,2,15786.0,19100.0
Mouse_Thymus4,59_110,2,16086.0,18800.0
Mouse_Thymus4,36_58,1,13786.0,13600.0
Mouse_Thymus4,37_39,8,13886.0,11700.0
Mouse_Thymus4,25_87,2,12686.0,16500.0
Mouse_Thymus4,55_112,2,15686.0,19000.0
Mouse_Thymus4,47_5,7,14886.0,8300.0
Mouse_Thymus4,13_40,6,11486.0,11800.0
Mouse_Thymus4,35_26,5,13686.0,10400.0
Mouse_Thymus4,59_36,6,16086.0,11400.0
Mouse_Thymus4,26_43,5,12786.0,12100.0
Mouse_Thymus4,58_82,2,15986.0,16000.0
Mouse_Thymus4,17_75,1,11886.0,15300.0
Mouse_Thymus4,6_43,2,10786.0,12100.0
Mouse_Thymus4,44_75,2,14586.0,15300.0
Mouse_Thymus4,14_64,6,11586.0,14200.0
Mouse_Thymus4,32_20,7,13386.0,9800.0
Mouse_Thymus4,26_51,5,12786.0,12900.0
Mouse_Thymus4,65_10,2,16686.0,8800.0
Mouse_Thymus4,19_27,7,12086.0,10500.0
Mouse_Thymus4,44_110,1,14586.0,18800.0
Mouse_Thymus4,35_47,6,13686.0,12500.0
Mouse_Thymus4,7_53,6,10886.0,13100.0
Mouse_Thymus4,53_13,6,15486.0,9100.0
Mouse_Thymus4,56_7,5,15786.0,8500.0
Mouse_Thymus4,52_93,5,15386.0,17100.0
Mouse_Thymus4,46_86,5,14786.0,16400.0
Mouse_Thymus4,44_69,2,14586.0,14700.0
Mouse_Thymus4,40_49,5,14186.0,12700.0
Mouse_Thymus4,17_67,1,11886.0,14500.0
Mouse_Thymus4,43_77,5,14486.0,15500.0
Mouse_Thymus4,20_26,1,12186.0,10400.0
Mouse_Thymus4,32_46,5,13386.0,12400.0
Mouse_Thymus4,17_64,5,11886.0,14200.0
Mouse_Thymus4,46_34,8,14786.0,11200.0
Mouse_Thymus4,51_95,5,15286.0,17300.0
Mouse_Thymus4,41_41,6,14286.0,11900.0
Mouse_Thymus4,47_106,2,14886.0,18400.0
Mouse_Thymus4,23_26,2,12486.0,10400.0
Mouse_Thymus4,55_98,1,15686.0,17600.0
Mouse_Thymus4,16_49,2,11786.0,12700.0
Mouse_Thymus4,30_62,5,13186.0,14000.0
Mouse_Thymus4,60_85,9,16186.0,16300.0
Mouse_Thymus4,39_37,1,14086.0,11500.0
Mouse_Thymus4,5_43,2,10686.0,12100.0
Mouse_Thymus4,16_52,1,11786.0,13000.0
Mouse_Thymus4,8_56,6,10986.0,13400.0
Mouse_Thymus4,38_22,5,13986.0,10000.0
Mouse_Thymus4,46_78,5,14786.0,15600.0
Mouse_Thymus4,48_8,6,14986.0,8600.0
Mouse_Thymus4,48_113,7,14986.0,19100.0
Mouse_Thymus4,38_33,5,13986.0,11100.0
Mouse_Thymus4,2_49,9,10386.0,12700.0
Mouse_Thymus4,22_39,5,12386.0,11700.0
Mouse_Thymus4,50_29,8,15186.0,10700.0
Mouse_Thymus4,52_17,6,15386.0,9500.0
Mouse_Thymus4,12_45,2,11386.0,12300.0
Mouse_Thymus4,27_75,6,12886.0,15300.0
Mouse_Thymus4,44_32,8,14586.0,11000.0
Mouse_Thymus4,53_113,5,15486.0,19100.0
Mouse_Thymus4,48_30,8,14986.0,10800.0
Mouse_Thymus4,37_37,6,13886.0,11500.0
Mouse_Thymus4,16_65,7,11786.0,14300.0
Mouse_Thymus4,57_111,6,15886.0,18900.0
Mouse_Thymus4,47_107,2,14886.0,18500.0
Mouse_Thymus4,36_14,7,13786.0,9200.0
Mouse_Thymus4,41_21,5,14286.0,9900.0
Mouse_Thymus4,46_52,8,14786.0,13000.0
Mouse_Thymus4,38_96,2,13986.0,17400.0
Mouse_Thymus4,46_71,1,14786.0,14900.0
Mouse_Thymus4,29_28,5,13086.0,10600.0
Mouse_Thymus4,43_9,2,14486.0,8700.0
Mouse_Thymus4,47_82,5,14886.0,16000.0
Mouse_Thymus4,42_95,6,14386.0,17300.0
Mouse_Thymus4,23_32,1,12486.0,11000.0
Mouse_Thymus4,51_92,5,15286.0,17000.0
Mouse_Thymus4,18_52,6,11986.0,13000.0
Mouse_Thymus4,33_23,6,13486.0,10100.0
Mouse_Thymus4,52_91,5,15386.0,16900.0
Mouse_Thymus4,48_24,6,14986.0,10200.0
Mouse_Thymus4,41_20,5,14286.0,9800.0
Mouse_Thymus4,22_62,5,12386.0,14000.0
Mouse_Thymus4,24_43,5,12586.0,12100.0
Mouse_Thymus4,48_35,2,14986.0,11300.0
Mouse_Thymus4,56_82,2,15786.0,16000.0
Mouse_Thymus4,63_7,2,16486.0,8500.0
Mouse_Thymus4,51_90,1,15286.0,16800.0
Mouse_Thymus4,12_49,6,11386.0,12700.0
Mouse_Thymus4,31_84,1,13286.0,16200.0
Mouse_Thymus4,51_80,2,15286.0,15800.0
Mouse_Thymus4,43_7,9,14486.0,8500.0
Mouse_Thymus4,29_27,5,13086.0,10500.0
Mouse_Thymus4,32_36,6,13386.0,11400.0
Mouse_Thymus4,3_47,8,10486.0,12500.0
Mouse_Thymus4,31_37,6,13286.0,11500.0
Mouse_Thymus4,44_66,9,14586.0,14400.0
Mouse_Thymus4,25_53,5,12686.0,13100.0
Mouse_Thymus4,51_45,8,15286.0,12300.0
Mouse_Thymus4,43_50,5,14486.0,12800.0
Mouse_Thymus4,43_57,2,14486.0,13500.0
Mouse_Thymus4,44_93,1,14586.0,17100.0
Mouse_Thymus4,60_87,7,16186.0,16500.0
Mouse_Thymus4,37_59,7,13886.0,13700.0
Mouse_Thymus4,60_99,6,16186.0,17700.0
Mouse_Thymus4,53_77,7,15486.0,15500.0
Mouse_Thymus4,40_83,2,14186.0,16100.0
Mouse_Thymus4,45_104,6,14686.0,18200.0
Mouse_Thymus4,51_17,1,15286.0,9500.0
Mouse_Thymus4,52_45,8,15386.0,12300.0
Mouse_Thymus4,54_83,2,15586.0,16100.0
Mouse_Thymus4,40_39,2,14186.0,11700.0
Mouse_Thymus4,34_53,1,13586.0,13100.0
Mouse_Thymus4,28_28,5,12986.0,10600.0
Mouse_Thymus4,24_39,5,12586.0,11700.0
Mouse_Thymus4,34_21,6,13586.0,9900.0
Mouse_Thymus4,13_38,6,11486.0,11600.0
Mouse_Thymus4,28_66,5,12986.0,14400.0
Mouse_Thymus4,23_33,6,12486.0,11100.0
Mouse_Thymus4,25_81,2,12686.0,15900.0
Mouse_Thymus4,60_3,2,16186.0,8100.0
Mouse_Thymus4,43_20,5,14486.0,9800.0
Mouse_Thymus4,32_47,5,13386.0,12500.0
Mouse_Thymus4,47_93,5,14886.0,17100.0
Mouse_Thymus4,40_90,2,14186.0,16800.0
Mouse_Thymus4,31_65,1,13286.0,14300.0
Mouse_Thymus4,41_53,5,14286.0,13100.0
Mouse_Thymus4,53_94,5,15486.0,17200.0
Mouse_Thymus4,28_26,1,12986.0,10400.0
Mouse_Thymus4,33_28,5,13486.0,10600.0
Mouse_Thymus4,51_93,5,15286.0,17100.0
Mouse_Thymus4,62_31,2,16386.0,10900.0
Mouse_Thymus4,53_104,5,15486.0,18200.0
Mouse_Thymus4,36_69,1,13786.0,14700.0
Mouse_Thymus4,62_28,6,16386.0,10600.0
Mouse_Thymus4,49_11,5,15086.0,8900.0
Mouse_Thymus4,44_13,1,14586.0,9100.0
Mouse_Thymus4,48_83,5,14986.0,16100.0
Mouse_Thymus4,42_53,5,14386.0,13100.0
Mouse_Thymus4,39_32,8,14086.0,11000.0
Mouse_Thymus4,15_30,8,11686.0,10800.0
Mouse_Thymus4,35_43,7,13686.0,12100.0
Mouse_Thymus4,50_35,6,15186.0,11300.0
Mouse_Thymus4,49_97,5,15086.0,17500.0
Mouse_Thymus4,38_77,7,13986.0,15500.0
Mouse_Thymus4,31_18,8,13286.0,9600.0
Mouse_Thymus4,42_90,2,14386.0,16800.0
Mouse_Thymus4,35_75,1,13686.0,15300.0
Mouse_Thymus4,15_48,8,11686.0,12600.0
Mouse_Thymus4,13_55,1,11486.0,13300.0
Mouse_Thymus4,28_65,5,12986.0,14300.0
Mouse_Thymus4,33_89,5,13486.0,16700.0
Mouse_Thymus4,27_50,5,12886.0,12800.0
Mouse_Thymus4,59_27,6,16086.0,10500.0
Mouse_Thymus4,24_26,2,12586.0,10400.0
Mouse_Thymus4,23_51,5,12486.0,12900.0
Mouse_Thymus4,32_59,6,13386.0,13700.0
Mouse_Thymus4,37_87,2,13886.0,16500.0
Mouse_Thymus4,43_48,5,14486.0,12600.0
Mouse_Thymus4,61_27,6,16286.0,10500.0
Mouse_Thymus4,35_19,2,13686.0,9700.0
Mouse_Thymus4,54_119,2,15586.0,19700.0
Mouse_Thymus4,49_32,6,15086.0,11000.0
Mouse_Thymus4,32_66,5,13386.0,14400.0
Mouse_Thymus4,55_93,6,15686.0,17100.0
Mouse_Thymus4,37_83,2,13886.0,16100.0
Mouse_Thymus4,25_27,7,12686.0,10500.0
Mouse_Thymus4,34_48,1,13586.0,12600.0
Mouse_Thymus4,51_22,2,15286.0,10000.0
Mouse_Thymus4,46_102,7,14786.0,18000.0
Mouse_Thymus4,40_10,8,14186.0,8800.0
Mouse_Thymus4,39_34,8,14086.0,11200.0
Mouse_Thymus4,45_109,2,14686.0,18700.0
Mouse_Thymus4,45_19,5,14686.0,9700.0
Mouse_Thymus4,34_32,8,13586.0,11000.0
Mouse_Thymus4,39_93,2,14086.0,17100.0
Mouse_Thymus4,54_117,6,15586.0,19500.0
Mouse_Thymus4,19_46,5,12086.0,12400.0
Mouse_Thymus4,42_104,6,14386.0,18200.0
Mouse_Thymus4,57_1,9,15886.0,7900.0
Mouse_Thymus4,19_79,2,12086.0,15700.0
Mouse_Thymus4,52_22,2,15386.0,10000.0
Mouse_Thymus4,63_6,2,16486.0,8400.0
Mouse_Thymus4,18_47,1,11986.0,12500.0
Mouse_Thymus4,33_85,5,13486.0,16300.0
Mouse_Thymus4,39_69,7,14086.0,14700.0
Mouse_Thymus4,12_42,6,11386.0,12000.0
Mouse_Thymus4,18_67,5,11986.0,14500.0
Mouse_Thymus4,44_81,5,14586.0,15900.0
Mouse_Thymus4,42_78,5,14386.0,15600.0
Mouse_Thymus4,47_24,6,14886.0,10200.0
Mouse_Thymus4,9_55,6,11086.0,13300.0
Mouse_Thymus4,30_36,6,13186.0,11400.0
Mouse_Thymus4,29_34,1,13086.0,11200.0
Mouse_Thymus4,39_80,2,14086.0,15800.0
Mouse_Thymus4,21_53,8,12286.0,13100.0
Mouse_Thymus4,33_74,8,13486.0,15200.0
Mouse_Thymus4,51_102,5,15286.0,18000.0
Mouse_Thymus4,60_24,2,16186.0,10200.0
Mouse_Thymus4,53_89,2,15486.0,16700.0
Mouse_Thymus4,47_112,6,14886.0,19000.0
Mouse_Thymus4,37_79,1,13886.0,15700.0
Mouse_Thymus4,38_61,5,13986.0,13900.0
Mouse_Thymus4,24_48,5,12586.0,12600.0
Mouse_Thymus4,13_59,6,11486.0,13700.0
Mouse_Thymus4,21_52,5,12286.0,13000.0
Mouse_Thymus4,24_24,8,12586.0,10200.0
Mouse_Thymus4,44_94,6,14586.0,17200.0
Mouse_Thymus4,46_73,1,14786.0,15100.0
Mouse_Thymus4,39_14,6,14086.0,9200.0
Mouse_Thymus4,17_52,1,11886.0,13000.0
Mouse_Thymus4,11_61,8,11286.0,13900.0
Mouse_Thymus4,13_35,6,11486.0,11300.0
Mouse_Thymus4,39_49,1,14086.0,12700.0
Mouse_Thymus4,58_30,2,15986.0,10800.0
Mouse_Thymus4,31_82,5,13286.0,16000.0
Mouse_Thymus4,9_44,6,11086.0,12200.0
Mouse_Thymus4,59_2,2,16086.0,8000.0
Mouse_Thymus4,50_39,6,15186.0,11700.0
Mouse_Thymus4,54_33,6,15586.0,11100.0
Mouse_Thymus4,57_93,2,15886.0,17100.0
Mouse_Thymus4,40_52,5,14186.0,13000.0
Mouse_Thymus4,6_53,7,10786.0,13100.0
Mouse_Thymus4,54_22,8,15586.0,10000.0
Mouse_Thymus4,49_28,8,15086.0,10600.0
Mouse_Thymus4,38_75,1,13986.0,15300.0
Mouse_Thymus4,50_75,2,15186.0,15300.0
Mouse_Thymus4,12_38,6,11386.0,11600.0
Mouse_Thymus4,42_35,6,14386.0,11300.0
Mouse_Thymus4,24_74,5,12586.0,15200.0
Mouse_Thymus4,11_48,6,11286.0,12600.0
Mouse_Thymus4,23_24,7,12486.0,10200.0
Mouse_Thymus4,50_77,2,15186.0,15500.0
Mouse_Thymus4,3_44,7,10486.0,12200.0
Mouse_Thymus4,34_35,8,13586.0,11300.0
Mouse_Thymus4,21_66,2,12286.0,14400.0
Mouse_Thymus4,44_99,2,14586.0,17700.0
Mouse_Thymus4,45_102,6,14686.0,18000.0
Mouse_Thymus4,25_35,5,12686.0,11300.0
Mouse_Thymus4,56_86,2,15786.0,16400.0
Mouse_Thymus4,61_88,2,16286.0,16600.0
Mouse_Thymus4,53_25,2,15486.0,10300.0
Mouse_Thymus4,25_24,6,12686.0,10200.0
Mouse_Thymus4,45_35,6,14686.0,11300.0
Mouse_Thymus4,43_18,1,14486.0,9600.0
Mouse_Thymus4,66_2,1,16786.0,8000.0
Mouse_Thymus4,34_24,5,13586.0,10200.0
Mouse_Thymus4,49_111,1,15086.0,18900.0
Mouse_Thymus4,20_31,6,12186.0,10900.0
Mouse_Thymus4,54_81,6,15586.0,15900.0
Mouse_Thymus4,16_63,8,11786.0,14100.0
Mouse_Thymus4,45_86,5,14686.0,16400.0
Mouse_Thymus4,28_34,5,12986.0,11200.0
Mouse_Thymus4,20_46,5,12186.0,12400.0
Mouse_Thymus4,56_10,2,15786.0,8800.0
Mouse_Thymus4,34_84,5,13586.0,16200.0
Mouse_Thymus4,43_70,6,14486.0,14800.0
Mouse_Thymus4,51_32,1,15286.0,11000.0
Mouse_Thymus4,16_74,6,11786.0,15200.0
Mouse_Thymus4,40_61,6,14186.0,13900.0
Mouse_Thymus4,50_32,6,15186.0,11000.0
Mouse_Thymus4,29_31,5,13086.0,10900.0
Mouse_Thymus4,61_96,2,16286.0,17400.0
Mouse_Thymus4,62_101,9,16386.0,17900.0
Mouse_Thymus4,26_77,6,12786.0,15500.0
Mouse_Thymus4,19_80,6,12086.0,15800.0
Mouse_Thymus4,43_33,6,14486.0,11100.0
Mouse_Thymus4,56_9,1,15786.0,8700.0
Mouse_Thymus4,49_115,7,15086.0,19300.0
Mouse_Thymus4,41_33,6,14286.0,11100.0
Mouse_Thymus4,53_82,7,15486.0,16000.0
Mouse_Thymus4,43_19,5,14486.0,9700.0
Mouse_Thymus4,32_71,5,13386.0,14900.0
Mouse_Thymus4,30_68,5,13186.0,14600.0
Mouse_Thymus4,10_40,6,11186.0,11800.0
Mouse_Thymus4,22_53,1,12386.0,13100.0
Mouse_Thymus4,36_70,1,13786.0,14800.0
Mouse_Thymus4,51_8,1,15286.0,8600.0
Mouse_Thymus4,61_25,6,16286.0,10300.0
Mouse_Thymus4,24_75,1,12586.0,15300.0
Mouse_Thymus4,41_89,2,14286.0,16700.0
Mouse_Thymus4,56_22,6,15786.0,10000.0
Mouse_Thymus4,34_36,7,13586.0,11400.0
Mouse_Thymus4,27_20,2,12886.0,9800.0
Mouse_Thymus4,43_97,6,14486.0,17500.0
Mouse_Thymus4,46_82,5,14786.0,16000.0
Mouse_Thymus4,26_84,6,12786.0,16200.0
Mouse_Thymus4,26_92,2,12786.0,17000.0
Mouse_Thymus4,51_7,2,15286.0,8500.0
Mouse_Thymus4,49_49,2,15086.0,12700.0
Mouse_Thymus4,20_52,1,12186.0,13000.0
Mouse_Thymus4,35_56,1,13686.0,13400.0
Mouse_Thymus4,36_56,1,13786.0,13400.0
Mouse_Thymus4,12_43,6,11386.0,12100.0
Mouse_Thymus4,55_28,6,15686.0,10600.0
Mouse_Thymus4,20_42,5,12186.0,12000.0
Mouse_Thymus4,46_30,6,14786.0,10800.0
Mouse_Thymus4,34_89,5,13586.0,16700.0
Mouse_Thymus4,41_74,1,14286.0,15200.0
Mouse_Thymus4,42_50,5,14386.0,12800.0
Mouse_Thymus4,48_28,1,14986.0,10600.0
Mouse_Thymus4,38_56,1,13986.0,13400.0
Mouse_Thymus4,26_76,8,12786.0,15400.0
Mouse_Thymus4,10_38,6,11186.0,11600.0
Mouse_Thymus4,8_38,6,10986.0,11600.0
Mouse_Thymus4,14_33,6,11586.0,11100.0
Mouse_Thymus4,7_38,6,10886.0,11600.0
Mouse_Thymus4,40_44,6,14186.0,12200.0
Mouse_Thymus4,57_112,2,15886.0,19000.0
Mouse_Thymus4,36_62,1,13786.0,14000.0
Mouse_Thymus4,10_36,6,11186.0,11400.0
Mouse_Thymus4,68_3,7,16986.0,8100.0
Mouse_Thymus4,53_95,5,15486.0,17300.0
Mouse_Thymus4,7_60,2,10886.0,13800.0
Mouse_Thymus4,48_39,6,14986.0,11700.0
Mouse_Thymus4,52_105,5,15386.0,18300.0
Mouse_Thymus4,35_20,2,13686.0,9800.0
Mouse_Thymus4,32_51,5,13386.0,12900.0
Mouse_Thymus4,33_53,5,13486.0,13100.0
Mouse_Thymus4,44_73,2,14586.0,15100.0
Mouse_Thymus4,7_41,2,10886.0,11900.0
Mouse_Thymus4,10_48,6,11186.0,12600.0
Mouse_Thymus4,43_42,2,14486.0,12000.0
Mouse_Thymus4,28_21,1,12986.0,9900.0
Mouse_Thymus4,16_54,7,11786.0,13200.0
Mouse_Thymus4,41_47,8,14286.0,12500.0
Mouse_Thymus4,63_23,7,16486.0,10100.0
Mouse_Thymus4,45_68,9,14686.0,14600.0
Mouse_Thymus4,54_78,1,15586.0,15600.0
Mouse_Thymus4,58_3,2,15986.0,8100.0
Mouse_Thymus4,33_83,5,13486.0,16100.0
Mouse_Thymus4,66_9,6,16786.0,8700.0
Mouse_Thymus4,30_66,8,13186.0,14400.0
Mouse_Thymus4,31_96,2,13286.0,17400.0
Mouse_Thymus4,38_42,6,13986.0,12000.0
Mouse_Thymus4,54_107,5,15586.0,18500.0
Mouse_Thymus4,48_92,5,14986.0,17000.0
Mouse_Thymus4,44_102,6,14586.0,18000.0
Mouse_Thymus4,32_58,1,13386.0,13600.0
Mouse_Thymus4,18_28,8,11986.0,10600.0
Mouse_Thymus4,42_76,5,14386.0,15400.0
Mouse_Thymus4,42_27,5,14386.0,10500.0
Mouse_Thymus4,53_3,8,15486.0,8100.0
Mouse_Thymus4,13_57,6,11486.0,13500.0
Mouse_Thymus4,51_6,2,15286.0,8400.0
Mouse_Thymus4,36_19,6,13786.0,9700.0
Mouse_Thymus4,55_79,2,15686.0,15700.0
Mouse_Thymus4,36_27,5,13786.0,10500.0
Mouse_Thymus4,51_109,5,15286.0,18700.0
Mouse_Thymus4,59_16,6,16086.0,9400.0
Mouse_Thymus4,45_28,6,14686.0,10600.0
Mouse_Thymus4,32_40,6,13386.0,11800.0
Mouse_Thymus4,30_37,8,13186.0,11500.0
Mouse_Thymus4,32_90,2,13386.0,16800.0
Mouse_Thymus4,9_52,2,11086.0,13000.0
Mouse_Thymus4,43_95,6,14486.0,17300.0
Mouse_Thymus4,39_24,5,14086.0,10200.0
Mouse_Thymus4,27_31,5,12886.0,10900.0
Mouse_Thymus4,8_50,6,10986.0,12800.0
Mouse_Thymus4,55_3,2,15686.0,8100.0
Mouse_Thymus4,52_89,5,15386.0,16700.0
Mouse_Thymus4,56_24,6,15786.0,10200.0
Mouse_Thymus4,4_41,7,10586.0,11900.0
Mouse_Thymus4,44_83,5,14586.0,16100.0
Mouse_Thymus4,40_79,1,14186.0,15700.0
Mouse_Thymus4,42_52,5,14386.0,13000.0
Mouse_Thymus4,8_63,2,10986.0,14100.0
Mouse_Thymus4,10_41,2,11186.0,11900.0
Mouse_Thymus4,14_61,8,11586.0,13900.0
Mouse_Thymus4,24_65,5,12586.0,14300.0
Mouse_Thymus4,34_23,1,13586.0,10100.0
Mouse_Thymus4,17_70,7,11886.0,14800.0
Mouse_Thymus4,27_76,7,12886.0,15400.0
Mouse_Thymus4,44_49,5,14586.0,12700.0
Mouse_Thymus4,49_90,5,15086.0,16800.0
Mouse_Thymus4,24_22,2,12586.0,10000.0
Mouse_Thymus4,62_9,6,16386.0,8700.0
Mouse_Thymus4,25_84,7,12686.0,16200.0
Mouse_Thymus4,45_72,7,14686.0,15000.0
Mouse_Thymus4,52_98,5,15386.0,17600.0
Mouse_Thymus4,31_83,1,13286.0,16100.0
Mouse_Thymus4,30_73,1,13186.0,15100.0
Mouse_Thymus4,60_20,9,16186.0,9800.0
Mouse_Thymus4,19_49,5,12086.0,12700.0
Mouse_Thymus4,42_19,5,14386.0,9700.0
Mouse_Thymus4,59_33,6,16086.0,11100.0
Mouse_Thymus4,28_49,5,12986.0,12700.0
Mouse_Thymus4,25_60,5,12686.0,13800.0
Mouse_Thymus4,32_74,8,13386.0,15200.0
Mouse_Thymus4,51_5,2,15286.0,8300.0
Mouse_Thymus4,32_50,5,13386.0,12800.0
Mouse_Thymus4,47_89,1,14886.0,16700.0
Mouse_Thymus4,57_89,6,15886.0,16700.0
Mouse_Thymus4,17_32,6,11886.0,11000.0
Mouse_Thymus4,31_46,5,13286.0,12400.0
Mouse_Thymus4,51_115,6,15286.0,19300.0
Mouse_Thymus4,47_111,2,14886.0,18900.0
Mouse_Thymus4,55_91,2,15686.0,16900.0
Mouse_Thymus4,51_86,5,15286.0,16400.0
Mouse_Thymus4,28_89,7,12986.0,16700.0
Mouse_Thymus4,18_75,2,11986.0,15300.0
Mouse_Thymus4,49_41,2,15086.0,11900.0
Mouse_Thymus4,32_54,5,13386.0,13200.0
Mouse_Thymus4,41_85,6,14286.0,16300.0
Mouse_Thymus4,47_30,8,14886.0,10800.0
Mouse_Thymus4,12_59,8,11386.0,13700.0
Mouse_Thymus4,32_76,1,13386.0,15400.0
Mouse_Thymus4,51_108,5,15286.0,18600.0
Mouse_Thymus4,49_77,6,15086.0,15500.0
Mouse_Thymus4,18_33,6,11986.0,11100.0
Mouse_Thymus4,52_87,1,15386.0,16500.0
Mouse_Thymus4,22_29,6,12386.0,10700.0
Mouse_Thymus4,36_47,2,13786.0,12500.0
Mouse_Thymus4,14_39,8,11586.0,11700.0
Mouse_Thymus4,44_101,6,14586.0,17900.0
Mouse_Thymus4,43_45,6,14486.0,12300.0
Mouse_Thymus4,31_21,6,13286.0,9900.0
Mouse_Thymus4,41_65,1,14286.0,14300.0
Mouse_Thymus4,17_56,2,11886.0,13400.0
Mouse_Thymus4,8_42,6,10986.0,12000.0
Mouse_Thymus4,56_15,7,15786.0,9300.0
Mouse_Thymus4,44_38,6,14586.0,11600.0
Mouse_Thymus4,30_27,5,13186.0,10500.0
Mouse_Thymus4,52_24,8,15386.0,10200.0
Mouse_Thymus4,46_31,6,14786.0,10900.0
Mouse_Thymus4,36_46,2,13786.0,12400.0
Mouse_Thymus4,33_39,6,13486.0,11700.0
Mouse_Thymus4,52_37,6,15386.0,11500.0
Mouse_Thymus4,15_62,2,11686.0,14000.0
Mouse_Thymus4,6_41,2,10786.0,11900.0
Mouse_Thymus4,58_96,2,15986.0,17400.0
Mouse_Thymus4,35_89,1,13686.0,16700.0
Mouse_Thymus4,56_25,6,15786.0,10300.0
Mouse_Thymus4,52_46,6,15386.0,12400.0
Mouse_Thymus4,36_63,7,13786.0,14100.0
Mouse_Thymus4,16_68,6,11786.0,14600.0
Mouse_Thymus4,50_34,6,15186.0,11200.0
Mouse_Thymus4,42_89,8,14386.0,16700.0
Mouse_Thymus4,47_95,5,14886.0,17300.0
Mouse_Thymus4,21_73,2,12286.0,15100.0
Mouse_Thymus4,46_46,1,14786.0,12400.0
Mouse_Thymus4,28_20,8,12986.0,9800.0
Mouse_Thymus4,33_33,6,13486.0,11100.0
Mouse_Thymus4,55_108,1,15686.0,18600.0
Mouse_Thymus4,37_89,2,13886.0,16700.0
Mouse_Thymus4,60_86,2,16186.0,16400.0
Mouse_Thymus4,31_39,7,13286.0,11700.0
Mouse_Thymus4,62_27,6,16386.0,10500.0
Mouse_Thymus4,56_88,2,15786.0,16600.0
Mouse_Thymus4,25_61,5,12686.0,13900.0
Mouse_Thymus4,45_41,6,14686.0,11900.0
Mouse_Thymus4,47_83,5,14886.0,16100.0
Mouse_Thymus4,48_34,6,14986.0,11200.0
Mouse_Thymus4,55_24,7,15686.0,10200.0
Mouse_Thymus4,41_86,8,14286.0,16400.0
Mouse_Thymus4,43_64,2,14486.0,14200.0
Mouse_Thymus4,52_5,7,15386.0,8300.0
Mouse_Thymus4,48_19,1,14986.0,9700.0
Mouse_Thymus4,20_80,2,12186.0,15800.0
Mouse_Thymus4,50_74,6,15186.0,15200.0
Mouse_Thymus4,33_54,5,13486.0,13200.0
Mouse_Thymus4,56_34,2,15786.0,11200.0
Mouse_Thymus4,32_75,7,13386.0,15300.0
Mouse_Thymus4,53_91,5,15486.0,16900.0
Mouse_Thymus4,49_22,8,15086.0,10000.0
Mouse_Thymus4,25_63,1,12686.0,14100.0
Mouse_Thymus4,64_30,2,16586.0,10800.0
Mouse_Thymus4,51_12,1,15286.0,9000.0
Mouse_Thymus4,63_30,2,16486.0,10800.0
Mouse_Thymus4,2_57,6,10386.0,13500.0
Mouse_Thymus4,38_72,1,13986.0,15000.0
Mouse_Thymus4,52_115,7,15386.0,19300.0
Mouse_Thymus4,40_15,6,14186.0,9300.0
Mouse_Thymus4,28_74,1,12986.0,15200.0
Mouse_Thymus4,41_14,2,14286.0,9200.0
Mouse_Thymus4,22_56,6,12386.0,13400.0
Mouse_Thymus4,28_24,6,12986.0,10200.0
Mouse_Thymus4,53_8,5,15486.0,8600.0
Mouse_Thymus4,35_33,5,13686.0,11100.0
Mouse_Thymus4,27_66,5,12886.0,14400.0
Mouse_Thymus4,13_52,6,11486.0,13000.0
Mouse_Thymus4,32_56,1,13386.0,13400.0
Mouse_Thymus4,50_96,5,15186.0,17400.0
Mouse_Thymus4,48_15,5,14986.0,9300.0
Mouse_Thymus4,29_29,5,13086.0,10700.0
Mouse_Thymus4,21_37,5,12286.0,11500.0
Mouse_Thymus4,60_1,8,16186.0,7900.0
Mouse_Thymus4,46_97,5,14786.0,17500.0
Mouse_Thymus4,41_87,2,14286.0,16500.0
Mouse_Thymus4,4_55,6,10586.0,13300.0
Mouse_Thymus4,60_12,6,16186.0,9000.0
Mouse_Thymus4,42_47,5,14386.0,12500.0
Mouse_Thymus4,58_102,6,15986.0,18000.0
Mouse_Thymus4,39_97,6,14086.0,17500.0
Mouse_Thymus4,61_97,2,16286.0,17500.0
Mouse_Thymus4,49_23,6,15086.0,10100.0
Mouse_Thymus4,49_36,6,15086.0,11400.0
Mouse_Thymus4,21_36,8,12286.0,11400.0
Mouse_Thymus4,35_61,8,13686.0,13900.0
Mouse_Thymus4,54_38,6,15586.0,11600.0
Mouse_Thymus4,6_47,6,10786.0,12500.0
Mouse_Thymus4,68_2,2,16986.0,8000.0
Mouse_Thymus4,32_73,1,13386.0,15100.0
Mouse_Thymus4,50_49,6,15186.0,12700.0
Mouse_Thymus4,41_55,5,14286.0,13300.0
Mouse_Thymus4,43_43,2,14486.0,12100.0
Mouse_Thymus4,49_76,1,15086.0,15400.0
Mouse_Thymus4,57_41,9,15886.0,11900.0
Mouse_Thymus4,53_97,5,15486.0,17500.0
Mouse_Thymus4,37_35,1,13886.0,11300.0
Mouse_Thymus4,14_52,1,11586.0,13000.0
Mouse_Thymus4,30_86,1,13186.0,16400.0
Mouse_Thymus4,29_44,1,13086.0,12200.0
Mouse_Thymus4,50_45,6,15186.0,12300.0
Mouse_Thymus4,23_85,6,12486.0,16300.0
Mouse_Thymus4,33_43,8,13486.0,12100.0
Mouse_Thymus4,58_32,6,15986.0,11000.0
Mouse_Thymus4,47_19,5,14886.0,9700.0
Mouse_Thymus4,34_87,1,13586.0,16500.0
Mouse_Thymus4,29_89,6,13086.0,16700.0
Mouse_Thymus4,24_28,6,12586.0,10600.0
Mouse_Thymus4,63_24,2,16486.0,10200.0
Mouse_Thymus4,48_110,2,14986.0,18800.0
Mouse_Thymus4,47_37,2,14886.0,11500.0
Mouse_Thymus4,48_29,6,14986.0,10700.0
Mouse_Thymus4,33_87,1,13486.0,16500.0
Mouse_Thymus4,31_71,5,13286.0,14900.0
Mouse_Thymus4,27_26,6,12886.0,10400.0
Mouse_Thymus4,37_62,8,13886.0,14000.0
Mouse_Thymus4,31_40,6,13286.0,11800.0
Mouse_Thymus4,40_77,5,14186.0,15500.0
Mouse_Thymus4,62_94,2,16386.0,17200.0
Mouse_Thymus4,33_41,8,13486.0,11900.0
Mouse_Thymus4,59_38,2,16086.0,11600.0
Mouse_Thymus4,31_48,1,13286.0,12600.0
Mouse_Thymus4,58_13,7,15986.0,9100.0
Mouse_Thymus4,28_85,2,12986.0,16300.0
Mouse_Thymus4,3_51,7,10486.0,12900.0
Mouse_Thymus4,48_10,1,14986.0,8800.0
Mouse_Thymus4,61_11,7,16286.0,8900.0
Mouse_Thymus4,12_57,6,11386.0,13500.0
Mouse_Thymus4,30_31,8,13186.0,10900.0
Mouse_Thymus4,46_107,6,14786.0,18500.0
Mouse_Thymus4,52_7,6,15386.0,8500.0
Mouse_Thymus4,7_59,2,10886.0,13700.0
Mouse_Thymus4,55_101,2,15686.0,17900.0
Mouse_Thymus4,60_109,7,16186.0,18700.0
Mouse_Thymus4,34_37,6,13586.0,11500.0
Mouse_Thymus4,53_38,7,15486.0,11600.0
Mouse_Thymus4,25_30,1,12686.0,10800.0
Mouse_Thymus4,37_63,5,13886.0,14100.0
Mouse_Thymus4,33_17,8,13486.0,9500.0
Mouse_Thymus4,46_110,2,14786.0,18800.0
Mouse_Thymus4,5_41,6,10686.0,11900.0
Mouse_Thymus4,56_85,2,15786.0,16300.0
Mouse_Thymus4,49_86,5,15086.0,16400.0
Mouse_Thymus4,60_36,2,16186.0,11400.0
Mouse_Thymus4,14_34,7,11586.0,11200.0
Mouse_Thymus4,60_104,2,16186.0,18200.0
Mouse_Thymus4,29_40,1,13086.0,11800.0
Mouse_Thymus4,12_48,8,11386.0,12600.0
Mouse_Thymus4,18_70,8,11986.0,14800.0
Mouse_Thymus4,47_104,1,14886.0,18200.0
Mouse_Thymus4,55_114,1,15686.0,19200.0
Mouse_Thymus4,36_83,1,13786.0,16100.0
Mouse_Thymus4,27_38,5,12886.0,11600.0
Mouse_Thymus4,57_36,6,15886.0,11400.0
Mouse_Thymus4,49_21,6,15086.0,9900.0
Mouse_Thymus4,33_75,2,13486.0,15300.0
Mouse_Thymus4,19_29,8,12086.0,10700.0
Mouse_Thymus4,59_111,7,16086.0,18900.0
Mouse_Thymus4,35_29,6,13686.0,10700.0
Mouse_Thymus4,56_40,2,15786.0,11800.0
Mouse_Thymus4,33_20,6,13486.0,9800.0
Mouse_Thymus4,10_34,2,11186.0,11200.0
Mouse_Thymus4,15_44,2,11686.0,12200.0
Mouse_Thymus4,12_52,8,11386.0,13000.0
Mouse_Thymus4,63_1,1,16486.0,7900.0
Mouse_Thymus4,51_82,1,15286.0,16000.0
Mouse_Thymus4,54_26,6,15586.0,10400.0
Mouse_Thymus4,17_77,2,11886.0,15500.0
Mouse_Thymus4,53_119,2,15486.0,19700.0
Mouse_Thymus4,33_92,6,13486.0,17000.0
Mouse_Thymus4,54_3,7,15586.0,8100.0
Mouse_Thymus4,65_4,1,16686.0,8200.0
Mouse_Thymus4,41_80,5,14286.0,15800.0
Mouse_Thymus4,55_118,7,15686.0,19600.0
Mouse_Thymus4,63_3,6,16486.0,8100.0
Mouse_Thymus4,19_81,2,12086.0,15900.0
Mouse_Thymus4,52_18,2,15386.0,9600.0
Mouse_Thymus4,49_46,6,15086.0,12400.0
Mouse_Thymus4,47_21,5,14886.0,9900.0
Mouse_Thymus4,43_96,2,14486.0,17400.0
Mouse_Thymus4,62_6,2,16386.0,8400.0
Mouse_Thymus4,2_55,6,10386.0,13300.0
Mouse_Thymus4,36_61,1,13786.0,13900.0
Mouse_Thymus4,42_73,5,14386.0,15100.0
Mouse_Thymus4,49_13,5,15086.0,9100.0
Mouse_Thymus4,45_46,6,14686.0,12400.0
Mouse_Thymus4,15_66,6,11686.0,14400.0
Mouse_Thymus4,26_57,5,12786.0,13500.0
Mouse_Thymus4,52_77,2,15386.0,15500.0
Mouse_Thymus4,37_30,5,13886.0,10800.0
Mouse_Thymus4,28_59,5,12986.0,13700.0
Mouse_Thymus4,44_31,6,14586.0,10900.0
Mouse_Thymus4,45_83,5,14686.0,16100.0
Mouse_Thymus4,55_102,2,15686.0,18000.0
Mouse_Thymus4,46_38,6,14786.0,11600.0
Mouse_Thymus4,26_28,7,12786.0,10600.0
Mouse_Thymus4,52_83,5,15386.0,16100.0
Mouse_Thymus4,65_6,6,16686.0,8400.0
Mouse_Thymus4,28_73,2,12986.0,15100.0
Mouse_Thymus4,70_0,2,17186.0,7800.0
Mouse_Thymus4,40_12,7,14186.0,9000.0
Mouse_Thymus4,40_102,9,14186.0,18000.0
Mouse_Thymus4,56_5,6,15786.0,8300.0
Mouse_Thymus4,28_55,5,12986.0,13300.0
Mouse_Thymus4,58_5,5,15986.0,8300.0
Mouse_Thymus4,22_83,6,12386.0,16100.0
Mouse_Thymus4,47_46,1,14886.0,12400.0
Mouse_Thymus4,48_72,8,14986.0,15000.0
Mouse_Thymus4,9_45,6,11086.0,12300.0
Mouse_Thymus4,47_97,5,14886.0,17500.0
Mouse_Thymus4,43_91,2,14486.0,16900.0
Mouse_Thymus4,5_50,6,10686.0,12800.0
Mouse_Thymus4,15_56,7,11686.0,13400.0
Mouse_Thymus4,41_26,5,14286.0,10400.0
Mouse_Thymus4,52_38,6,15386.0,11600.0
Mouse_Thymus4,25_40,5,12686.0,11800.0
Mouse_Thymus4,29_21,2,13086.0,9900.0
Mouse_Thymus4,50_9,5,15186.0,8700.0
Mouse_Thymus4,29_86,2,13086.0,16400.0
Mouse_Thymus4,56_28,6,15786.0,10600.0
Mouse_Thymus4,48_21,8,14986.0,9900.0
Mouse_Thymus4,48_3,9,14986.0,8100.0
Mouse_Thymus4,10_35,6,11186.0,11300.0
Mouse_Thymus4,48_16,1,14986.0,9400.0
Mouse_Thymus4,50_83,5,15186.0,16100.0
Mouse_Thymus4,59_108,2,16086.0,18600.0
Mouse_Thymus4,14_50,2,11586.0,12800.0
Mouse_Thymus4,9_54,6,11086.0,13200.0
Mouse_Thymus4,58_26,2,15986.0,10400.0
Mouse_Thymus4,64_11,2,16586.0,8900.0
Mouse_Thymus4,55_25,6,15686.0,10300.0
Mouse_Thymus4,45_22,1,14686.0,10000.0
Mouse_Thymus4,44_87,5,14586.0,16500.0
Mouse_Thymus4,20_50,1,12186.0,12800.0
Mouse_Thymus4,44_88,1,14586.0,16600.0
Mouse_Thymus4,38_43,6,13986.0,12100.0
Mouse_Thymus4,28_67,5,12986.0,14500.0
Mouse_Thymus4,22_75,5,12386.0,15300.0
Mouse_Thymus4,51_113,1,15286.0,19100.0
Mouse_Thymus4,48_112,2,14986.0,19000.0
Mouse_Thymus4,37_48,2,13886.0,12600.0
Mouse_Thymus4,15_37,7,11686.0,11500.0
Mouse_Thymus4,59_9,5,16086.0,8700.0
Mouse_Thymus4,49_10,5,15086.0,8800.0
Mouse_Thymus4,46_42,8,14786.0,12000.0
Mouse_Thymus4,42_86,1,14386.0,16400.0
Mouse_Thymus4,5_61,2,10686.0,13900.0
Mouse_Thymus4,48_82,5,14986.0,16000.0
Mouse_Thymus4,51_94,5,15286.0,17200.0
Mouse_Thymus4,41_59,1,14286.0,13700.0
Mouse_Thymus4,21_29,6,12286.0,10700.0
Mouse_Thymus4,21_45,5,12286.0,12300.0
Mouse_Thymus4,37_93,2,13886.0,17100.0
Mouse_Thymus4,44_25,8,14586.0,10300.0
Mouse_Thymus4,45_13,5,14686.0,9100.0
Mouse_Thymus4,38_71,1,13986.0,14900.0
Mouse_Thymus4,44_20,5,14586.0,9800.0
Mouse_Thymus4,7_37,2,10886.0,11500.0
Mouse_Thymus4,30_92,2,13186.0,17000.0
Mouse_Thymus4,43_108,9,14486.0,18600.0
Mouse_Thymus4,23_27,2,12486.0,10500.0
Mouse_Thymus4,24_68,5,12586.0,14600.0
Mouse_Thymus4,33_65,1,13486.0,14300.0
Mouse_Thymus4,25_43,5,12686.0,12100.0
Mouse_Thymus4,57_98,2,15886.0,17600.0
Mouse_Thymus4,28_62,5,12986.0,14000.0
Mouse_Thymus4,51_42,8,15286.0,12000.0
Mouse_Thymus4,38_31,5,13986.0,10900.0
Mouse_Thymus4,10_62,6,11186.0,14000.0
Mouse_Thymus4,44_108,2,14586.0,18600.0
Mouse_Thymus4,50_79,2,15186.0,15700.0
Mouse_Thymus4,38_39,8,13986.0,11700.0
Mouse_Thymus4,46_17,5,14786.0,9500.0
Mouse_Thymus4,41_13,2,14286.0,9100.0
Mouse_Thymus4,53_106,5,15486.0,18400.0
Mouse_Thymus4,14_47,6,11586.0,12500.0
Mouse_Thymus4,54_92,1,15586.0,17000.0
Mouse_Thymus4,6_45,2,10786.0,12300.0
Mouse_Thymus4,33_24,8,13486.0,10200.0
Mouse_Thymus4,46_7,2,14786.0,8500.0
Mouse_Thymus4,45_24,6,14686.0,10200.0
Mouse_Thymus4,0_54,2,10186.0,13200.0
Mouse_Thymus4,63_8,2,16486.0,8600.0
Mouse_Thymus4,36_18,6,13786.0,9600.0
Mouse_Thymus4,62_99,2,16386.0,17700.0
Mouse_Thymus4,26_22,8,12786.0,10000.0
Mouse_Thymus4,28_79,2,12986.0,15700.0
Mouse_Thymus4,39_92,2,14086.0,17000.0
Mouse_Thymus4,20_82,2,12186.0,16000.0
Mouse_Thymus4,14_32,2,11586.0,11000.0
Mouse_Thymus4,19_57,7,12086.0,13500.0
Mouse_Thymus4,48_86,5,14986.0,16400.0
Mouse_Thymus4,55_34,6,15686.0,11200.0
Mouse_Thymus4,30_82,5,13186.0,16000.0
Mouse_Thymus4,52_104,5,15386.0,18200.0
Mouse_Thymus4,29_91,2,13086.0,16900.0
Mouse_Thymus4,48_79,7,14986.0,15700.0
Mouse_Thymus4,40_72,1,14186.0,15000.0
Mouse_Thymus4,30_55,5,13186.0,13300.0
Mouse_Thymus4,25_52,5,12686.0,13000.0
Mouse_Thymus4,60_37,9,16186.0,11500.0
Mouse_Thymus4,25_25,6,12686.0,10300.0
Mouse_Thymus4,58_92,2,15986.0,17000.0
Mouse_Thymus4,16_36,6,11786.0,11400.0
Mouse_Thymus4,36_55,2,13786.0,13300.0
Mouse_Thymus4,15_46,1,11686.0,12400.0
Mouse_Thymus4,18_42,5,11986.0,12000.0
Mouse_Thymus4,9_58,7,11086.0,13600.0
Mouse_Thymus4,42_13,6,14386.0,9100.0
Mouse_Thymus4,51_78,2,15286.0,15600.0
Mouse_Thymus4,5_60,2,10686.0,13800.0
Mouse_Thymus4,35_32,5,13686.0,11000.0
Mouse_Thymus4,29_30,5,13086.0,10800.0
Mouse_Thymus4,59_6,5,16086.0,8400.0
Mouse_Thymus4,47_29,6,14886.0,10700.0
Mouse_Thymus4,55_6,5,15686.0,8400.0
Mouse_Thymus4,39_68,5,14086.0,14600.0
Mouse_Thymus4,36_44,8,13786.0,12200.0
Mouse_Thymus4,4_46,7,10586.0,12400.0
Mouse_Thymus4,46_54,9,14786.0,13200.0
Mouse_Thymus4,19_76,6,12086.0,15400.0
Mouse_Thymus4,48_31,8,14986.0,10900.0
Mouse_Thymus4,33_15,9,13486.0,9300.0
Mouse_Thymus4,45_87,5,14686.0,16500.0
Mouse_Thymus4,40_58,5,14186.0,13600.0
Mouse_Thymus4,33_63,1,13486.0,14100.0
Mouse_Thymus4,44_78,5,14586.0,15600.0
Mouse_Thymus4,41_61,2,14286.0,13900.0
Mouse_Thymus4,59_89,2,16086.0,16700.0
Mouse_Thymus4,48_74,2,14986.0,15200.0
Mouse_Thymus4,29_47,1,13086.0,12500.0
Mouse_Thymus4,5_51,8,10686.0,12900.0
Mouse_Thymus4,26_26,6,12786.0,10400.0
Mouse_Thymus4,36_51,1,13786.0,12900.0
Mouse_Thymus4,57_99,7,15886.0,17700.0
Mouse_Thymus4,23_70,5,12486.0,14800.0
Mouse_Thymus4,48_52,9,14986.0,13000.0
Mouse_Thymus4,51_104,5,15286.0,18200.0
Mouse_Thymus4,25_86,7,12686.0,16400.0
Mouse_Thymus4,36_72,1,13786.0,15000.0
Mouse_Thymus4,53_98,5,15486.0,17600.0
Mouse_Thymus4,45_50,5,14686.0,12800.0
Mouse_Thymus4,17_68,2,11886.0,14600.0
Mouse_Thymus4,22_36,8,12386.0,11400.0
Mouse_Thymus4,26_79,1,12786.0,15700.0
Mouse_Thymus4,29_79,5,13086.0,15700.0
Mouse_Thymus4,32_41,5,13386.0,11900.0
Mouse_Thymus4,45_105,2,14686.0,18300.0
Mouse_Thymus4,42_64,6,14386.0,14200.0
Mouse_Thymus4,19_73,2,12086.0,15100.0
Mouse_Thymus4,39_61,1,14086.0,13900.0
Mouse_Thymus4,49_73,8,15086.0,15100.0
Mouse_Thymus4,20_76,6,12186.0,15400.0
Mouse_Thymus4,13_69,9,11486.0,14700.0
Mouse_Thymus4,42_14,2,14386.0,9200.0
Mouse_Thymus4,30_58,5,13186.0,13600.0
Mouse_Thymus4,37_95,6,13886.0,17300.0
Mouse_Thymus4,6_46,6,10786.0,12400.0
Mouse_Thymus4,9_50,2,11086.0,12800.0
Mouse_Thymus4,32_92,7,13386.0,17000.0
Mouse_Thymus4,31_29,5,13286.0,10700.0
Mouse_Thymus4,21_68,2,12286.0,14600.0
Mouse_Thymus4,37_57,2,13886.0,13500.0
Mouse_Thymus4,56_84,2,15786.0,16200.0
Mouse_Thymus4,30_48,2,13186.0,12600.0
Mouse_Thymus4,40_22,5,14186.0,10000.0
Mouse_Thymus4,41_56,5,14286.0,13400.0
Mouse_Thymus4,46_44,7,14786.0,12200.0
Mouse_Thymus4,16_73,6,11786.0,15100.0
Mouse_Thymus4,8_58,8,10986.0,13600.0
Mouse_Thymus4,51_37,6,15286.0,11500.0
Mouse_Thymus4,20_79,6,12186.0,15700.0
Mouse_Thymus4,21_75,5,12286.0,15300.0
Mouse_Thymus4,31_17,9,13286.0,9500.0
Mouse_Thymus4,1_58,2,10286.0,13600.0
Mouse_Thymus4,51_97,5,15286.0,17500.0
Mouse_Thymus4,32_24,6,13386.0,10200.0
Mouse_Thymus4,52_118,2,15386.0,19600.0
Mouse_Thymus4,4_56,6,10586.0,13400.0
Mouse_Thymus4,5_44,2,10686.0,12200.0
Mouse_Thymus4,46_26,8,14786.0,10400.0
Mouse_Thymus4,20_40,5,12186.0,11800.0
Mouse_Thymus4,6_50,6,10786.0,12800.0
Mouse_Thymus4,59_99,1,16086.0,17700.0
Mouse_Thymus4,47_99,9,14886.0,17700.0
Mouse_Thymus4,42_87,6,14386.0,16500.0
Mouse_Thymus4,42_37,7,14386.0,11500.0
Mouse_Thymus4,30_17,9,13186.0,9500.0
Mouse_Thymus4,12_39,2,11386.0,11700.0
Mouse_Thymus4,51_4,7,15286.0,8200.0
Mouse_Thymus4,8_53,6,10986.0,13100.0
Mouse_Thymus4,62_32,7,16386.0,11000.0
Mouse_Thymus4,51_88,5,15286.0,16600.0
Mouse_Thymus4,7_58,6,10886.0,13600.0
Mouse_Thymus4,45_10,7,14686.0,8800.0
Mouse_Thymus4,42_38,8,14386.0,11600.0
Mouse_Thymus4,61_91,6,16286.0,16900.0
Mouse_Thymus4,10_44,6,11186.0,12200.0
Mouse_Thymus4,51_96,5,15286.0,17400.0
Mouse_Thymus4,6_51,8,10786.0,12900.0
Mouse_Thymus4,40_56,5,14186.0,13400.0
Mouse_Thymus4,47_77,2,14886.0,15500.0
Mouse_Thymus4,12_44,6,11386.0,12200.0
Mouse_Thymus4,19_44,5,12086.0,12200.0
Mouse_Thymus4,12_64,6,11386.0,14200.0
Mouse_Thymus4,50_40,6,15186.0,11800.0
Mouse_Thymus4,53_115,6,15486.0,19300.0
Mouse_Thymus4,71_0,2,17286.0,7800.0
Mouse_Thymus4,36_84,7,13786.0,16200.0
Mouse_Thymus4,0_57,2,10186.0,13500.0
Mouse_Thymus4,29_60,5,13086.0,13800.0
Mouse_Thymus4,58_28,6,15986.0,10600.0
Mouse_Thymus4,55_16,6,15686.0,9400.0
Mouse_Thymus4,60_91,7,16186.0,16900.0
Mouse_Thymus4,51_49,6,15286.0,12700.0
Mouse_Thymus4,16_51,2,11786.0,12900.0
Mouse_Thymus4,47_11,5,14886.0,8900.0
Mouse_Thymus4,29_81,1,13086.0,15900.0
Mouse_Thymus4,41_11,2,14286.0,8900.0
Mouse_Thymus4,38_84,1,13986.0,16200.0
Mouse_Thymus4,33_95,6,13486.0,17300.0
Mouse_Thymus4,58_110,6,15986.0,18800.0
Mouse_Thymus4,6_48,2,10786.0,12600.0
Mouse_Thymus4,23_60,1,12486.0,13800.0
Mouse_Thymus4,54_34,6,15586.0,11200.0
Mouse_Thymus4,37_71,1,13886.0,14900.0
Mouse_Thymus4,33_70,2,13486.0,14800.0
Mouse_Thymus4,15_73,2,11686.0,15100.0
Mouse_Thymus4,28_64,8,12986.0,14200.0
Mouse_Thymus4,25_48,5,12686.0,12600.0
Mouse_Thymus4,41_9,8,14286.0,8700.0
Mouse_Thymus4,33_46,8,13486.0,12400.0
Mouse_Thymus4,54_88,2,15586.0,16600.0
Mouse_Thymus4,52_3,8,15386.0,8100.0
Mouse_Thymus4,29_90,6,13086.0,16800.0
Mouse_Thymus4,21_54,7,12286.0,13200.0
Mouse_Thymus4,36_28,1,13786.0,10600.0
Mouse_Thymus4,11_51,2,11286.0,12900.0
Mouse_Thymus4,47_28,6,14886.0,10600.0
Mouse_Thymus4,50_3,7,15186.0,8100.0
Mouse_Thymus4,32_48,5,13386.0,12600.0
Mouse_Thymus4,36_20,1,13786.0,9800.0
Mouse_Thymus4,52_43,8,15386.0,12100.0
Mouse_Thymus4,40_50,5,14186.0,12800.0
Mouse_Thymus4,61_105,2,16286.0,18300.0
Mouse_Thymus4,26_25,2,12786.0,10300.0
Mouse_Thymus4,72_1,9,17386.0,7900.0
Mouse_Thymus4,64_10,1,16586.0,8800.0
Mouse_Thymus4,49_79,2,15086.0,15700.0
Mouse_Thymus4,1_54,2,10286.0,13200.0
Mouse_Thymus4,4_43,8,10586.0,12100.0
Mouse_Thymus4,51_28,8,15286.0,10600.0
Mouse_Thymus4,52_28,6,15386.0,10600.0
Mouse_Thymus4,55_100,1,15686.0,17800.0
Mouse_Thymus4,46_40,7,14786.0,11800.0
Mouse_Thymus4,27_34,5,12886.0,11200.0
Mouse_Thymus4,53_36,6,15486.0,11400.0
Mouse_Thymus4,30_74,1,13186.0,15200.0
Mouse_Thymus4,26_30,5,12786.0,10800.0
Mouse_Thymus4,40_38,6,14186.0,11600.0
Mouse_Thymus4,22_71,5,12386.0,14900.0
Mouse_Thymus4,24_66,5,12586.0,14400.0
Mouse_Thymus4,51_84,1,15286.0,16200.0
Mouse_Thymus4,52_76,2,15386.0,15400.0
Mouse_Thymus4,44_95,2,14586.0,17300.0
Mouse_Thymus4,58_37,2,15986.0,11500.0
Mouse_Thymus4,21_35,8,12286.0,11300.0
Mouse_Thymus4,47_44,6,14886.0,12200.0
Mouse_Thymus4,40_45,6,14186.0,12300.0
Mouse_Thymus4,25_42,1,12686.0,12000.0
Mouse_Thymus4,39_84,2,14086.0,16200.0
Mouse_Thymus4,40_54,5,14186.0,13200.0
Mouse_Thymus4,38_57,8,13986.0,13500.0
Mouse_Thymus4,41_102,8,14286.0,18000.0
Mouse_Thymus4,24_77,6,12586.0,15500.0
Mouse_Thymus4,44_19,5,14586.0,9700.0
Mouse_Thymus4,42_40,6,14386.0,11800.0
Mouse_Thymus4,21_67,2,12286.0,14500.0
Mouse_Thymus4,60_30,6,16186.0,10800.0
Mouse_Thymus4,10_58,6,11186.0,13600.0
Mouse_Thymus4,60_21,8,16186.0,9900.0
Mouse_Thymus4,58_86,2,15986.0,16400.0
Mouse_Thymus4,43_71,7,14486.0,14900.0
Mouse_Thymus4,33_69,5,13486.0,14700.0
Mouse_Thymus4,7_33,9,10886.0,11100.0
Mouse_Thymus4,50_19,6,15186.0,9700.0
Mouse_Thymus4,20_60,1,12186.0,13800.0
Mouse_Thymus4,21_30,6,12286.0,10800.0
Mouse_Thymus4,26_50,1,12786.0,12800.0
Mouse_Thymus4,70_5,2,17186.0,8300.0
Mouse_Thymus4,43_35,6,14486.0,11300.0
Mouse_Thymus4,28_90,7,12986.0,16800.0
Mouse_Thymus4,52_90,5,15386.0,16800.0
Mouse_Thymus4,41_16,5,14286.0,9400.0
Mouse_Thymus4,53_76,9,15486.0,15400.0
Mouse_Thymus4,29_65,1,13086.0,14300.0
Mouse_Thymus4,14_51,6,11586.0,12900.0
Mouse_Thymus4,22_84,6,12386.0,16200.0
Mouse_Thymus4,52_95,5,15386.0,17300.0
Mouse_Thymus4,15_45,1,11686.0,12300.0
Mouse_Thymus4,40_32,8,14186.0,11000.0
Mouse_Thymus4,55_8,5,15686.0,8600.0
Mouse_Thymus4,47_53,9,14886.0,13100.0
Mouse_Thymus4,21_70,1,12286.0,14800.0
Mouse_Thymus4,40_98,6,14186.0,17600.0
Mouse_Thymus4,52_44,2,15386.0,12200.0
Mouse_Thymus4,17_60,1,11886.0,13800.0
Mouse_Thymus4,48_98,5,14986.0,17600.0
Mouse_Thymus4,62_23,7,16386.0,10100.0
Mouse_Thymus4,50_114,2,15186.0,19200.0
Mouse_Thymus4,30_45,5,13186.0,12300.0
Mouse_Thymus4,20_58,8,12186.0,13600.0
Mouse_Thymus4,28_83,2,12986.0,16100.0
Mouse_Thymus4,55_115,7,15686.0,19300.0
Mouse_Thymus4,62_2,7,16386.0,8000.0
Mouse_Thymus4,4_60,2,10586.0,13800.0
Mouse_Thymus4,30_94,2,13186.0,17200.0
Mouse_Thymus4,46_105,6,14786.0,18300.0
Mouse_Thymus4,45_11,2,14686.0,8900.0
Mouse_Thymus4,38_93,2,13986.0,17100.0
Mouse_Thymus4,28_25,2,12986.0,10300.0
Mouse_Thymus4,56_117,7,15786.0,19500.0
Mouse_Thymus4,31_60,1,13286.0,13800.0
Mouse_Thymus4,35_82,2,13686.0,16000.0
Mouse_Thymus4,37_38,6,13886.0,11600.0
Mouse_Thymus4,35_46,6,13686.0,12400.0
Mouse_Thymus4,50_17,7,15186.0,9500.0
Mouse_Thymus4,26_40,5,12786.0,11800.0
Mouse_Thymus4,45_53,5,14686.0,13100.0
Mouse_Thymus4,61_23,2,16286.0,10100.0
Mouse_Thymus4,26_44,1,12786.0,12200.0
Mouse_Thymus4,59_11,2,16086.0,8900.0
Mouse_Thymus4,26_53,5,12786.0,13100.0
Mouse_Thymus4,24_86,2,12586.0,16400.0
Mouse_Thymus4,40_92,2,14186.0,17000.0
Mouse_Thymus4,15_65,7,11686.0,14300.0
Mouse_Thymus4,22_78,6,12386.0,15600.0
Mouse_Thymus4,27_23,2,12886.0,10100.0
Mouse_Thymus4,34_62,6,13586.0,14000.0
Mouse_Thymus4,42_46,6,14386.0,12400.0
Mouse_Thymus4,44_41,6,14586.0,11900.0
Mouse_Thymus4,35_94,1,13686.0,17200.0
Mouse_Thymus4,39_58,5,14086.0,13600.0
Mouse_Thymus4,47_109,2,14886.0,18700.0
Mouse_Thymus4,67_2,2,16886.0,8000.0
Mouse_Thymus4,26_69,5,12786.0,14700.0
Mouse_Thymus4,32_57,5,13386.0,13500.0
Mouse_Thymus4,31_66,1,13286.0,14400.0
Mouse_Thymus4,35_35,5,13686.0,11300.0
Mouse_Thymus4,18_29,7,11986.0,10700.0
Mouse_Thymus4,57_91,2,15886.0,16900.0
Mouse_Thymus4,42_8,7,14386.0,8600.0
Mouse_Thymus4,65_8,2,16686.0,8600.0
Mouse_Thymus4,58_109,2,15986.0,18700.0
Mouse_Thymus4,60_110,8,16186.0,18800.0
Mouse_Thymus4,31_50,5,13286.0,12800.0
Mouse_Thymus4,49_114,2,15086.0,19200.0
Mouse_Thymus4,55_105,6,15686.0,18300.0
Mouse_Thymus4,58_34,6,15986.0,11200.0
Mouse_Thymus4,56_91,7,15786.0,16900.0
Mouse_Thymus4,44_33,2,14586.0,11100.0
Mouse_Thymus4,55_116,2,15686.0,19400.0
Mouse_Thymus4,27_48,5,12886.0,12600.0
Mouse_Thymus4,55_10,7,15686.0,8800.0
Mouse_Thymus4,50_111,5,15186.0,18900.0
Mouse_Thymus4,46_14,5,14786.0,9200.0
Mouse_Thymus4,44_91,8,14586.0,16900.0
Mouse_Thymus4,29_78,5,13086.0,15600.0
Mouse_Thymus4,43_37,8,14486.0,11500.0
Mouse_Thymus4,25_78,6,12686.0,15600.0
Mouse_Thymus4,14_57,7,11586.0,13500.0
Mouse_Thymus4,53_44,8,15486.0,12200.0
Mouse_Thymus4,50_48,8,15186.0,12600.0
Mouse_Thymus4,23_66,5,12486.0,14400.0
Mouse_Thymus4,13_33,1,11486.0,11100.0
Mouse_Thymus4,33_32,6,13486.0,11000.0
Mouse_Thymus4,31_87,7,13286.0,16500.0
Mouse_Thymus4,32_19,6,13386.0,9700.0
Mouse_Thymus4,35_58,6,13686.0,13600.0
Mouse_Thymus4,44_10,2,14586.0,8800.0
Mouse_Thymus4,32_89,5,13386.0,16700.0
Mouse_Thymus4,45_40,6,14686.0,11800.0
Mouse_Thymus4,25_82,7,12686.0,16000.0
Mouse_Thymus4,9_39,6,11086.0,11700.0
Mouse_Thymus4,43_16,5,14486.0,9400.0
Mouse_Thymus4,49_39,6,15086.0,11700.0
Mouse_Thymus4,38_19,5,13986.0,9700.0
Mouse_Thymus4,40_41,6,14186.0,11900.0
Mouse_Thymus4,50_100,5,15186.0,17800.0
Mouse_Thymus4,24_40,5,12586.0,11800.0
Mouse_Thymus4,39_54,5,14086.0,13200.0
Mouse_Thymus4,45_73,2,14686.0,15100.0
Mouse_Thymus4,56_32,2,15786.0,11000.0
Mouse_Thymus4,30_93,6,13186.0,17100.0
Mouse_Thymus4,58_99,2,15986.0,17700.0
Mouse_Thymus4,46_4,9,14786.0,8200.0
Mouse_Thymus4,46_88,5,14786.0,16600.0
Mouse_Thymus4,10_33,8,11186.0,11100.0
Mouse_Thymus4,59_107,7,16086.0,18500.0
Mouse_Thymus4,39_72,5,14086.0,15000.0
Mouse_Thymus4,5_58,6,10686.0,13600.0
Mouse_Thymus4,28_50,5,12986.0,12800.0
Mouse_Thymus4,35_64,1,13686.0,14200.0
Mouse_Thymus4,48_105,7,14986.0,18300.0
Mouse_Thymus4,3_53,7,10486.0,13100.0
Mouse_Thymus4,51_98,5,15286.0,17600.0
Mouse_Thymus4,30_47,1,13186.0,12500.0
Mouse_Thymus4,53_42,2,15486.0,12000.0
Mouse_Thymus4,52_15,6,15386.0,9300.0
Mouse_Thymus4,29_87,2,13086.0,16500.0
Mouse_Thymus4,2_52,7,10386.0,13000.0
Mouse_Thymus4,13_47,2,11486.0,12500.0
Mouse_Thymus4,43_23,5,14486.0,10100.0
Mouse_Thymus4,56_109,7,15786.0,18700.0
Mouse_Thymus4,27_73,6,12886.0,15100.0
Mouse_Thymus4,10_56,7,11186.0,13400.0
Mouse_Thymus4,71_4,2,17286.0,8200.0
Mouse_Thymus4,51_30,2,15286.0,10800.0
Mouse_Thymus4,27_89,2,12886.0,16700.0
Mouse_Thymus4,23_62,5,12486.0,14000.0
Mouse_Thymus4,58_94,6,15986.0,17200.0
Mouse_Thymus4,27_58,5,12886.0,13600.0
Mouse_Thymus4,60_105,2,16186.0,18300.0
Mouse_Thymus4,33_52,5,13486.0,13000.0
Mouse_Thymus4,57_85,1,15886.0,16300.0
Mouse_Thymus4,7_51,6,10886.0,12900.0
Mouse_Thymus4,23_56,1,12486.0,13400.0
Mouse_Thymus4,57_15,2,15886.0,9300.0
Mouse_Thymus4,42_65,6,14386.0,14300.0
Mouse_Thymus4,49_107,5,15086.0,18500.0
Mouse_Thymus4,15_68,6,11686.0,14600.0
Mouse_Thymus4,18_60,1,11986.0,13800.0
Mouse_Thymus4,52_109,5,15386.0,18700.0
Mouse_Thymus4,32_22,6,13386.0,10000.0
Mouse_Thymus4,45_49,5,14686.0,12700.0
Mouse_Thymus4,41_82,5,14286.0,16000.0
Mouse_Thymus4,21_56,1,12286.0,13400.0
Mouse_Thymus4,62_91,9,16386.0,16900.0
Mouse_Thymus4,63_13,9,16486.0,9100.0
Mouse_Thymus4,41_77,5,14286.0,15500.0
Mouse_Thymus4,52_19,6,15386.0,9700.0
Mouse_Thymus4,50_110,5,15186.0,18800.0
Mouse_Thymus4,62_97,2,16386.0,17500.0
Mouse_Thymus4,51_46,8,15286.0,12400.0
Mouse_Thymus4,18_57,1,11986.0,13500.0
Mouse_Thymus4,25_28,1,12686.0,10600.0
Mouse_Thymus4,40_94,6,14186.0,17200.0
Mouse_Thymus4,5_57,6,10686.0,13500.0
Mouse_Thymus4,20_41,5,12186.0,11900.0
Mouse_Thymus4,25_75,2,12686.0,15300.0
Mouse_Thymus4,55_117,2,15686.0,19500.0
Mouse_Thymus4,41_98,2,14286.0,17600.0
Mouse_Thymus4,58_89,2,15986.0,16700.0
Mouse_Thymus4,54_89,2,15586.0,16700.0
Mouse_Thymus4,62_25,6,16386.0,10300.0
Mouse_Thymus4,56_12,6,15786.0,9000.0
Mouse_Thymus4,41_78,5,14286.0,15600.0
Mouse_Thymus4,19_62,6,12086.0,14000.0
Mouse_Thymus4,43_24,5,14486.0,10200.0
Mouse_Thymus4,69_4,7,17086.0,8200.0
Mouse_Thymus4,33_72,5,13486.0,15000.0
Mouse_Thymus4,31_57,5,13286.0,13500.0
Mouse_Thymus4,59_4,8,16086.0,8200.0
Mouse_Thymus4,23_37,1,12486.0,11500.0
Mouse_Thymus4,35_37,7,13686.0,11500.0
Mouse_Thymus4,41_88,2,14286.0,16600.0
Mouse_Thymus4,60_93,2,16186.0,17100.0
Mouse_Thymus4,3_50,8,10486.0,12800.0
Mouse_Thymus4,53_21,6,15486.0,9900.0
Mouse_Thymus4,18_73,6,11986.0,15100.0
Mouse_Thymus4,52_111,5,15386.0,18900.0
Mouse_Thymus4,54_29,2,15586.0,10700.0
Mouse_Thymus4,61_13,6,16286.0,9100.0
Mouse_Thymus4,47_91,5,14886.0,16900.0
Mouse_Thymus4,61_3,2,16286.0,8100.0
Mouse_Thymus4,34_54,5,13586.0,13200.0
Mouse_Thymus4,25_22,8,12686.0,10000.0
Mouse_Thymus4,43_22,1,14486.0,10000.0
Mouse_Thymus4,28_48,5,12986.0,12600.0
Mouse_Thymus4,26_61,5,12786.0,13900.0
Mouse_Thymus4,50_109,5,15186.0,18700.0
Mouse_Thymus4,29_43,1,13086.0,12100.0
Mouse_Thymus4,3_48,7,10486.0,12600.0
Mouse_Thymus4,22_85,2,12386.0,16300.0
Mouse_Thymus4,34_58,8,13586.0,13600.0
Mouse_Thymus4,65_5,2,16686.0,8300.0
Mouse_Thymus4,42_66,1,14386.0,14400.0
Mouse_Thymus4,39_28,8,14086.0,10600.0
Mouse_Thymus4,16_38,6,11786.0,11600.0
Mouse_Thymus4,22_60,6,12386.0,13800.0
Mouse_Thymus4,17_54,6,11886.0,13200.0
Mouse_Thymus4,22_41,5,12386.0,11900.0
Mouse_Thymus4,51_9,5,15286.0,8700.0
Mouse_Thymus4,40_59,8,14186.0,13700.0
Mouse_Thymus4,24_64,5,12586.0,14200.0
Mouse_Thymus4,37_42,2,13886.0,12000.0
Mouse_Thymus4,50_90,5,15186.0,16800.0
Mouse_Thymus4,52_92,5,15386.0,17000.0
Mouse_Thymus4,35_70,2,13686.0,14800.0
Mouse_Thymus4,7_49,6,10886.0,12700.0
Mouse_Thymus4,1_52,2,10286.0,13000.0
Mouse_Thymus4,21_77,2,12286.0,15500.0
Mouse_Thymus4,46_47,5,14786.0,12500.0
Mouse_Thymus4,44_97,2,14586.0,17500.0
Mouse_Thymus4,42_18,5,14386.0,9600.0
Mouse_Thymus4,49_82,5,15086.0,16000.0
Mouse_Thymus4,48_37,6,14986.0,11500.0
Mouse_Thymus4,52_26,6,15386.0,10400.0
Mouse_Thymus4,9_43,6,11086.0,12100.0
Mouse_Thymus4,48_46,7,14986.0,12400.0
Mouse_Thymus4,61_33,6,16286.0,11100.0
Mouse_Thymus4,22_33,1,12386.0,11100.0
Mouse_Thymus4,22_51,5,12386.0,12900.0
Mouse_Thymus4,48_42,6,14986.0,12000.0
Mouse_Thymus4,8_40,2,10986.0,11800.0
Mouse_Thymus4,31_63,2,13286.0,14100.0
Mouse_Thymus4,47_40,9,14886.0,11800.0
Mouse_Thymus4,60_11,7,16186.0,8900.0
Mouse_Thymus4,30_72,5,13186.0,15000.0
Mouse_Thymus4,44_44,6,14586.0,12200.0
Mouse_Thymus4,19_31,6,12086.0,10900.0
Mouse_Thymus4,14_41,1,11586.0,11900.0
Mouse_Thymus4,52_34,6,15386.0,11200.0
Mouse_Thymus4,28_53,5,12986.0,13100.0
Mouse_Thymus4,39_31,5,14086.0,10900.0
Mouse_Thymus4,39_12,6,14086.0,9000.0
Mouse_Thymus4,35_53,5,13686.0,13100.0
Mouse_Thymus4,26_62,1,12786.0,14000.0
Mouse_Thymus4,51_41,6,15286.0,11900.0
Mouse_Thymus4,40_24,5,14186.0,10200.0
Mouse_Thymus4,24_44,5,12586.0,12200.0
Mouse_Thymus4,28_80,2,12986.0,15800.0
Mouse_Thymus4,42_70,1,14386.0,14800.0
Mouse_Thymus4,28_91,2,12986.0,16900.0
Mouse_Thymus4,29_93,1,13086.0,17100.0
Mouse_Thymus4,45_75,6,14686.0,15300.0
Mouse_Thymus4,30_95,6,13186.0,17300.0
Mouse_Thymus4,16_59,1,11786.0,13700.0
Mouse_Thymus4,31_35,6,13286.0,11300.0
Mouse_Thymus4,48_9,7,14986.0,8700.0
Mouse_Thymus4,23_72,5,12486.0,15000.0
Mouse_Thymus4,52_35,2,15386.0,11300.0
Mouse_Thymus4,26_56,5,12786.0,13400.0
Mouse_Thymus4,59_13,6,16086.0,9100.0
Mouse_Thymus4,23_34,1,12486.0,11200.0
Mouse_Thymus4,58_114,8,15986.0,19200.0
Mouse_Thymus4,52_29,6,15386.0,10700.0
Mouse_Thymus4,69_0,7,17086.0,7800.0
Mouse_Thymus4,27_67,5,12886.0,14500.0
Mouse_Thymus4,52_102,5,15386.0,18000.0
Mouse_Thymus4,28_71,5,12986.0,14900.0
Mouse_Thymus4,38_11,7,13986.0,8900.0
Mouse_Thymus4,55_81,6,15686.0,15900.0
Mouse_Thymus4,52_32,6,15386.0,11000.0
Mouse_Thymus4,31_44,5,13286.0,12200.0
Mouse_Thymus4,14_48,7,11586.0,12600.0
Mouse_Thymus4,29_37,8,13086.0,11500.0
Mouse_Thymus4,37_75,1,13886.0,15300.0
Mouse_Thymus4,27_41,5,12886.0,11900.0
Mouse_Thymus4,7_54,6,10886.0,13200.0
Mouse_Thymus4,36_15,6,13786.0,9300.0
Mouse_Thymus4,61_94,2,16286.0,17200.0
Mouse_Thymus4,60_31,2,16186.0,10900.0
Mouse_Thymus4,40_40,1,14186.0,11800.0
Mouse_Thymus4,28_58,5,12986.0,13600.0
Mouse_Thymus4,45_20,1,14686.0,9800.0
Mouse_Thymus4,39_20,5,14086.0,9800.0
Mouse_Thymus4,49_34,2,15086.0,11200.0
Mouse_Thymus4,11_36,6,11286.0,11400.0
Mouse_Thymus4,39_94,2,14086.0,17200.0
Mouse_Thymus4,52_99,5,15386.0,17700.0
Mouse_Thymus4,40_87,8,14186.0,16500.0
Mouse_Thymus4,24_52,1,12586.0,13000.0
Mouse_Thymus4,63_12,2,16486.0,9000.0
Mouse_Thymus4,36_45,2,13786.0,12300.0
Mouse_Thymus4,19_75,8,12086.0,15300.0
Mouse_Thymus4,49_33,2,15086.0,11100.0
Mouse_Thymus4,20_73,7,12186.0,15100.0
Mouse_Thymus4,15_53,6,11686.0,13100.0
Mouse_Thymus4,61_8,5,16286.0,8600.0
Mouse_Thymus4,42_72,1,14386.0,15000.0
Mouse_Thymus4,29_74,7,13086.0,15200.0
Mouse_Thymus4,40_46,6,14186.0,12400.0
Mouse_Thymus4,34_45,8,13586.0,12300.0
Mouse_Thymus4,43_82,5,14486.0,16000.0
Mouse_Thymus4,43_87,2,14486.0,16500.0
Mouse_Thymus4,51_114,2,15286.0,19200.0
Mouse_Thymus4,11_42,6,11286.0,12000.0
Mouse_Thymus4,29_94,7,13086.0,17200.0
Mouse_Thymus4,33_29,1,13486.0,10700.0
Mouse_Thymus4,57_114,8,15886.0,19200.0
Mouse_Thymus4,42_20,5,14386.0,9800.0
Mouse_Thymus4,27_37,5,12886.0,11500.0
Mouse_Thymus4,15_70,6,11686.0,14800.0
Mouse_Thymus4,45_99,2,14686.0,17700.0
Mouse_Thymus4,39_78,1,14086.0,15600.0
Mouse_Thymus4,48_48,5,14986.0,12600.0
Mouse_Thymus4,28_84,2,12986.0,16200.0
Mouse_Thymus4,47_71,1,14886.0,14900.0
Mouse_Thymus4,53_87,2,15486.0,16500.0
Mouse_Thymus4,38_45,2,13986.0,12300.0
Mouse_Thymus4,51_24,6,15286.0,10200.0
Mouse_Thymus4,45_96,1,14686.0,17400.0
Mouse_Thymus4,47_48,5,14886.0,12600.0
Mouse_Thymus4,40_25,5,14186.0,10300.0
Mouse_Thymus4,32_88,7,13386.0,16600.0
Mouse_Thymus4,34_31,6,13586.0,10900.0
Mouse_Thymus4,58_115,1,15986.0,19300.0
Mouse_Thymus4,54_82,2,15586.0,16000.0
Mouse_Thymus4,61_5,5,16286.0,8300.0
Mouse_Thymus4,9_40,6,11086.0,11800.0
Mouse_Thymus4,43_55,5,14486.0,13300.0
Mouse_Thymus4,64_5,2,16586.0,8300.0
Mouse_Thymus4,13_49,6,11486.0,12700.0
Mouse_Thymus4,71_1,2,17286.0,7900.0
Mouse_Thymus4,19_37,5,12086.0,11500.0
Mouse_Thymus4,59_31,6,16086.0,10900.0
Mouse_Thymus4,37_94,7,13886.0,17200.0
Mouse_Thymus4,11_44,6,11286.0,12200.0
Mouse_Thymus4,18_51,6,11986.0,12900.0
Mouse_Thymus4,53_28,7,15486.0,10600.0
Mouse_Thymus4,55_113,7,15686.0,19100.0
Mouse_Thymus4,17_36,6,11886.0,11400.0
Mouse_Thymus4,25_23,7,12686.0,10100.0
Mouse_Thymus4,22_25,7,12386.0,10300.0
Mouse_Thymus4,47_20,5,14886.0,9800.0
Mouse_Thymus4,52_48,9,15386.0,12600.0
Mouse_Thymus4,61_24,6,16286.0,10200.0
Mouse_Thymus4,21_76,1,12286.0,15400.0
Mouse_Thymus4,42_51,5,14386.0,12900.0
Mouse_Thymus4,17_59,8,11886.0,13700.0
Mouse_Thymus4,44_37,6,14586.0,11500.0
Mouse_Thymus4,39_95,7,14086.0,17300.0
Mouse_Thymus4,49_113,6,15086.0,19100.0
Mouse_Thymus4,14_68,6,11586.0,14600.0
Mouse_Thymus4,46_96,5,14786.0,17400.0
Mouse_Thymus4,41_42,2,14286.0,12000.0
Mouse_Thymus4,20_44,5,12186.0,12200.0
Mouse_Thymus4,34_57,2,13586.0,13500.0
Mouse_Thymus4,54_97,5,15586.0,17500.0
Mouse_Thymus4,8_37,2,10986.0,11500.0
Mouse_Thymus4,42_12,6,14386.0,9000.0
Mouse_Thymus4,57_116,7,15886.0,19400.0
Mouse_Thymus4,59_100,6,16086.0,17800.0
Mouse_Thymus4,51_36,6,15286.0,11400.0
Mouse_Thymus4,46_91,5,14786.0,16900.0
Mouse_Thymus4,57_84,2,15886.0,16200.0
Mouse_Thymus4,22_37,5,12386.0,11500.0
Mouse_Thymus4,37_74,8,13886.0,15200.0
Mouse_Thymus4,30_71,5,13186.0,14900.0
Mouse_Thymus4,35_91,1,13686.0,16900.0
Mouse_Thymus4,37_13,8,13886.0,9100.0
Mouse_Thymus4,38_44,6,13986.0,12200.0
Mouse_Thymus4,19_53,6,12086.0,13100.0
Mouse_Thymus4,25_21,9,12686.0,9900.0
Mouse_Thymus4,38_60,1,13986.0,13800.0
Mouse_Thymus4,48_38,6,14986.0,11600.0
Mouse_Thymus4,7_34,2,10886.0,11200.0
Mouse_Thymus4,40_13,6,14186.0,9100.0
Mouse_Thymus4,37_22,5,13886.0,10000.0
Mouse_Thymus4,29_85,1,13086.0,16300.0
Mouse_Thymus4,49_6,2,15086.0,8400.0
Mouse_Thymus4,37_68,5,13886.0,14600.0
Mouse_Thymus4,32_52,5,13386.0,13000.0
Mouse_Thymus4,35_84,8,13686.0,16200.0
Mouse_Thymus4,54_5,2,15586.0,8300.0
Mouse_Thymus4,3_45,1,10486.0,12300.0
Mouse_Thymus4,44_55,1,14586.0,13300.0
Mouse_Thymus4,34_88,5,13586.0,16600.0
Mouse_Thymus4,32_55,1,13386.0,13300.0
Mouse_Thymus4,37_97,9,13886.0,17500.0
Mouse_Thymus4,29_83,5,13086.0,16100.0
Mouse_Thymus4,17_35,6,11886.0,11300.0
Mouse_Thymus4,21_62,6,12286.0,14000.0
Mouse_Thymus4,50_7,7,15186.0,8500.0
Mouse_Thymus4,22_40,5,12386.0,11800.0
Mouse_Thymus4,41_60,6,14286.0,13800.0
Mouse_Thymus4,40_14,6,14186.0,9200.0
Mouse_Thymus4,19_54,6,12086.0,13200.0
Mouse_Thymus4,12_34,6,11386.0,11200.0
Mouse_Thymus4,43_30,6,14486.0,10800.0
Mouse_Thymus4,23_86,2,12486.0,16400.0
Mouse_Thymus4,33_57,2,13486.0,13500.0
Mouse_Thymus4,29_62,8,13086.0,14000.0
Mouse_Thymus4,32_28,5,13386.0,10600.0
Mouse_Thymus4,58_20,6,15986.0,9800.0
Mouse_Thymus4,48_104,2,14986.0,18200.0
Mouse_Thymus4,40_27,5,14186.0,10500.0
Mouse_Thymus4,58_103,2,15986.0,18100.0
Mouse_Thymus4,3_43,9,10486.0,12100.0
Mouse_Thymus4,7_40,7,10886.0,11800.0
Mouse_Thymus4,38_46,2,13986.0,12400.0
Mouse_Thymus4,39_44,6,14086.0,12200.0
Mouse_Thymus4,41_27,5,14286.0,10500.0
Mouse_Thymus4,35_80,7,13686.0,15800.0
Mouse_Thymus4,43_78,5,14486.0,15600.0
Mouse_Thymus4,29_36,6,13086.0,11400.0
Mouse_Thymus4,34_43,8,13586.0,12100.0
Mouse_Thymus4,37_85,1,13886.0,16300.0
Mouse_Thymus4,44_103,2,14586.0,18100.0
Mouse_Thymus4,48_20,8,14986.0,9800.0
Mouse_Thymus4,58_12,7,15986.0,9000.0
Mouse_Thymus4,9_59,6,11086.0,13700.0
Mouse_Thymus4,41_81,5,14286.0,15900.0
Mouse_Thymus4,61_98,6,16286.0,17600.0
Mouse_Thymus4,51_87,1,15286.0,16500.0
Mouse_Thymus4,47_50,5,14886.0,12800.0
Mouse_Thymus4,32_80,5,13386.0,15800.0
Mouse_Thymus4,29_22,6,13086.0,10000.0
Mouse_Thymus4,41_73,1,14286.0,15100.0
Mouse_Thymus4,19_71,6,12086.0,14900.0
Mouse_Thymus4,6_59,6,10786.0,13700.0
Mouse_Thymus4,48_84,5,14986.0,16200.0
Mouse_Thymus4,50_33,2,15186.0,11100.0
Mouse_Thymus4,19_42,5,12086.0,12000.0
Mouse_Thymus4,56_99,1,15786.0,17700.0
Mouse_Thymus4,20_54,8,12186.0,13200.0
Mouse_Thymus4,45_43,2,14686.0,12100.0
Mouse_Thymus4,28_94,9,12986.0,17200.0
Mouse_Thymus4,59_23,6,16086.0,10100.0
Mouse_Thymus4,17_69,6,11886.0,14700.0
Mouse_Thymus4,34_55,5,13586.0,13300.0
Mouse_Thymus4,34_47,1,13586.0,12500.0
Mouse_Thymus4,30_20,6,13186.0,9800.0
Mouse_Thymus4,30_80,5,13186.0,15800.0
Mouse_Thymus4,42_36,6,14386.0,11400.0
Mouse_Thymus4,38_28,5,13986.0,10600.0
Mouse_Thymus4,61_35,2,16286.0,11300.0
Mouse_Thymus4,57_13,6,15886.0,9100.0
Mouse_Thymus4,49_40,8,15086.0,11800.0
Mouse_Thymus4,12_55,8,11386.0,13300.0
Mouse_Thymus4,27_51,1,12886.0,12900.0
Mouse_Thymus4,15_42,5,11686.0,12000.0
Mouse_Thymus4,39_41,2,14086.0,11900.0
Mouse_Thymus4,48_51,6,14986.0,12900.0
Mouse_Thymus4,28_29,5,12986.0,10700.0
Mouse_Thymus4,14_55,1,11586.0,13300.0
Mouse_Thymus4,5_59,6,10686.0,13700.0
Mouse_Thymus4,27_46,1,12886.0,12400.0
Mouse_Thymus4,52_12,7,15386.0,9000.0
Mouse_Thymus4,37_80,1,13886.0,15800.0
Mouse_Thymus4,43_99,6,14486.0,17700.0
Mouse_Thymus4,28_77,6,12986.0,15500.0
Mouse_Thymus4,21_26,7,12286.0,10400.0
Mouse_Thymus4,39_99,9,14086.0,17700.0
Mouse_Thymus4,57_25,6,15886.0,10300.0
Mouse_Thymus4,11_35,6,11286.0,11300.0
Mouse_Thymus4,46_8,6,14786.0,8600.0
Mouse_Thymus4,54_18,6,15586.0,9600.0
Mouse_Thymus4,32_86,5,13386.0,16400.0
Mouse_Thymus4,11_45,2,11286.0,12300.0
Mouse_Thymus4,42_22,5,14386.0,10000.0
Mouse_Thymus4,17_62,6,11886.0,14000.0
Mouse_Thymus4,48_73,2,14986.0,15100.0
Mouse_Thymus4,54_105,5,15586.0,18300.0
Mouse_Thymus4,55_15,6,15686.0,9300.0
Mouse_Thymus4,47_6,8,14886.0,8400.0
Mouse_Thymus4,33_91,1,13486.0,16900.0
Mouse_Thymus4,54_77,9,15586.0,15500.0
Mouse_Thymus4,54_31,2,15586.0,10900.0
Mouse_Thymus4,30_32,7,13186.0,11000.0
Mouse_Thymus4,29_67,5,13086.0,14500.0
Mouse_Thymus4,34_41,8,13586.0,11900.0
Mouse_Thymus4,3_57,2,10486.0,13500.0
Mouse_Thymus4,57_12,6,15886.0,9000.0
Mouse_Thymus4,49_92,5,15086.0,17000.0
Mouse_Thymus4,40_78,1,14186.0,15600.0
Mouse_Thymus4,36_78,1,13786.0,15600.0
Mouse_Thymus4,45_42,2,14686.0,12000.0
Mouse_Thymus4,52_33,6,15386.0,11100.0
Mouse_Thymus4,36_54,2,13786.0,13200.0
Mouse_Thymus4,32_18,8,13386.0,9600.0
Mouse_Thymus4,47_39,2,14886.0,11700.0
Mouse_Thymus4,62_4,2,16386.0,8200.0
Mouse_Thymus4,40_85,2,14186.0,16300.0
Mouse_Thymus4,42_31,2,14386.0,10900.0
Mouse_Thymus4,59_93,6,16086.0,17100.0
Mouse_Thymus4,70_1,7,17186.0,7900.0
Mouse_Thymus4,55_19,6,15686.0,9700.0
Mouse_Thymus4,46_90,5,14786.0,16800.0
Mouse_Thymus4,53_40,6,15486.0,11800.0
Mouse_Thymus4,23_83,2,12486.0,16100.0
Mouse_Thymus4,55_29,6,15686.0,10700.0
Mouse_Thymus4,46_89,5,14786.0,16700.0
Mouse_Thymus4,45_107,6,14686.0,18500.0
Mouse_Thymus4,31_59,5,13286.0,13700.0
Mouse_Thymus4,16_46,5,11786.0,12400.0
Mouse_Thymus4,45_34,6,14686.0,11200.0
Mouse_Thymus4,53_19,6,15486.0,9700.0
Mouse_Thymus4,39_57,5,14086.0,13500.0
Mouse_Thymus4,59_28,2,16086.0,10600.0
Mouse_Thymus4,46_103,2,14786.0,18100.0
Mouse_Thymus4,21_84,2,12286.0,16200.0
Mouse_Thymus4,25_88,2,12686.0,16600.0
Mouse_Thymus4,56_39,7,15786.0,11700.0
Mouse_Thymus4,59_30,6,16086.0,10800.0
Mouse_Thymus4,12_58,8,11386.0,13600.0
Mouse_Thymus4,59_86,2,16086.0,16400.0
Mouse_Thymus4,28_45,7,12986.0,12300.0
Mouse_Thymus4,41_57,5,14286.0,13500.0
Mouse_Thymus4,60_92,2,16186.0,17000.0
Mouse_Thymus4,25_41,5,12686.0,11900.0
Mouse_Thymus4,10_39,6,11186.0,11700.0
Mouse_Thymus4,31_23,2,13286.0,10100.0
Mouse_Thymus4,26_39,5,12786.0,11700.0
Mouse_Thymus4,25_33,5,12686.0,11100.0
Mouse_Thymus4,24_57,5,12586.0,13500.0
Mouse_Thymus4,24_27,6,12586.0,10500.0
Mouse_Thymus4,28_56,5,12986.0,13400.0
Mouse_Thymus4,22_52,5,12386.0,13000.0
Mouse_Thymus4,51_35,6,15286.0,11300.0
Mouse_Thymus4,29_70,5,13086.0,14800.0
Mouse_Thymus4,35_66,6,13686.0,14400.0
Mouse_Thymus4,18_40,5,11986.0,11800.0
Mouse_Thymus4,59_96,2,16086.0,17400.0
Mouse_Thymus4,21_55,7,12286.0,13300.0
Mouse_Thymus4,50_80,7,15186.0,15800.0
Mouse_Thymus4,27_52,5,12886.0,13000.0
Mouse_Thymus4,10_32,7,11186.0,11000.0
Mouse_Thymus4,51_26,8,15286.0,10400.0
Mouse_Thymus4,34_22,7,13586.0,10000.0
Mouse_Thymus4,29_18,9,13086.0,9600.0
Mouse_Thymus4,28_69,5,12986.0,14700.0
Mouse_Thymus4,22_64,5,12386.0,14200.0
Mouse_Thymus4,46_20,5,14786.0,9800.0
Mouse_Thymus4,54_25,2,15586.0,10300.0
Mouse_Thymus4,65_2,1,16686.0,8000.0
Mouse_Thymus4,59_32,2,16086.0,11000.0
Mouse_Thymus4,36_23,5,13786.0,10100.0
Mouse_Thymus4,18_38,5,11986.0,11600.0
Mouse_Thymus4,38_76,1,13986.0,15400.0
Mouse_Thymus4,40_76,1,14186.0,15400.0
Mouse_Thymus4,7_44,6,10886.0,12200.0
Mouse_Thymus4,30_44,5,13186.0,12200.0
Mouse_Thymus4,47_9,2,14886.0,8700.0
Mouse_Thymus4,58_105,6,15986.0,18300.0
Mouse_Thymus4,19_47,5,12086.0,12500.0
Mouse_Thymus4,63_5,1,16486.0,8300.0
Mouse_Thymus4,10_64,2,11186.0,14200.0
Mouse_Thymus4,35_17,6,13686.0,9500.0
Mouse_Thymus4,29_39,7,13086.0,11700.0
Mouse_Thymus4,30_54,5,13186.0,13200.0
Mouse_Thymus4,38_80,2,13986.0,15800.0
Mouse_Thymus4,12_67,2,11386.0,14500.0
Mouse_Thymus4,30_52,5,13186.0,13000.0
Mouse_Thymus4,57_14,6,15886.0,9200.0
Mouse_Thymus4,59_18,2,16086.0,9600.0
Mouse_Thymus4,54_2,1,15586.0,8000.0
Mouse_Thymus4,50_26,6,15186.0,10400.0
Mouse_Thymus4,42_67,2,14386.0,14500.0
Mouse_Thymus4,53_83,1,15486.0,16100.0
Mouse_Thymus4,31_67,1,13286.0,14500.0
Mouse_Thymus4,26_36,5,12786.0,11400.0
Mouse_Thymus4,42_83,1,14386.0,16100.0
Mouse_Thymus4,26_68,5,12786.0,14600.0
Mouse_Thymus4,49_100,5,15086.0,17800.0
Mouse_Thymus4,39_65,5,14086.0,14300.0
Mouse_Thymus4,48_50,8,14986.0,12800.0
Mouse_Thymus4,30_34,1,13186.0,11200.0
Mouse_Thymus4,56_87,2,15786.0,16500.0
Mouse_Thymus4,48_89,5,14986.0,16700.0
Mouse_Thymus4,39_11,8,14086.0,8900.0
Mouse_Thymus4,56_2,8,15786.0,8000.0
Mouse_Thymus4,49_14,5,15086.0,9200.0
Mouse_Thymus4,47_16,5,14886.0,9400.0
Mouse_Thymus4,25_56,5,12686.0,13400.0
Mouse_Thymus4,25_47,5,12686.0,12500.0
Mouse_Thymus4,21_69,2,12286.0,14700.0
Mouse_Thymus4,61_100,2,16286.0,17800.0
Mouse_Thymus4,23_57,1,12486.0,13500.0
Mouse_Thymus4,33_50,5,13486.0,12800.0
Mouse_Thymus4,1_57,2,10286.0,13500.0
Mouse_Thymus4,4_50,8,10586.0,12800.0
Mouse_Thymus4,15_33,6,11686.0,11100.0
Mouse_Thymus4,55_22,6,15686.0,10000.0
Mouse_Thymus4,40_96,2,14186.0,17400.0
Mouse_Thymus4,33_19,2,13486.0,9700.0
Mouse_Thymus4,15_52,6,11686.0,13000.0
Mouse_Thymus4,49_112,2,15086.0,19000.0
Mouse_Thymus4,58_22,6,15986.0,10000.0
Mouse_Thymus4,9_38,6,11086.0,11600.0
Mouse_Thymus4,69_6,2,17086.0,8400.0
Mouse_Thymus4,17_42,5,11886.0,12000.0
Mouse_Thymus4,35_95,6,13686.0,17300.0
Mouse_Thymus4,33_78,8,13486.0,15600.0
Mouse_Thymus4,62_10,2,16386.0,8800.0
Mouse_Thymus4,31_81,5,13286.0,15900.0
Mouse_Thymus4,38_81,7,13986.0,15900.0
Mouse_Thymus4,17_33,6,11886.0,11100.0
Mouse_Thymus4,33_58,1,13486.0,13600.0
Mouse_Thymus4,21_50,5,12286.0,12800.0
Mouse_Thymus4,48_106,6,14986.0,18400.0
Mouse_Thymus4,37_73,7,13886.0,15100.0
Mouse_Thymus4,23_47,5,12486.0,12500.0
Mouse_Thymus4,42_34,6,14386.0,11200.0
Mouse_Thymus4,11_31,2,11286.0,10900.0
Mouse_Thymus4,32_83,5,13386.0,16100.0
Mouse_Thymus4,59_12,6,16086.0,9000.0
Mouse_Thymus4,51_16,6,15286.0,9400.0
Mouse_Thymus4,41_28,5,14286.0,10600.0
Mouse_Thymus4,11_37,6,11286.0,11500.0
Mouse_Thymus4,26_32,5,12786.0,11000.0
Mouse_Thymus4,50_103,5,15186.0,18100.0
Mouse_Thymus4,46_49,5,14786.0,12700.0
Mouse_Thymus4,31_74,2,13286.0,15200.0
Mouse_Thymus4,34_16,8,13586.0,9400.0
Mouse_Thymus4,17_58,1,11886.0,13600.0
Mouse_Thymus4,53_78,2,15486.0,15600.0
Mouse_Thymus4,49_99,5,15086.0,17700.0
Mouse_Thymus4,47_81,5,14886.0,15900.0
Mouse_Thymus4,19_41,5,12086.0,11900.0
Mouse_Thymus4,25_39,5,12686.0,11700.0
Mouse_Thymus4,26_67,5,12786.0,14500.0
Mouse_Thymus4,20_32,8,12186.0,11000.0
Mouse_Thymus4,54_112,5,15586.0,19000.0
Mouse_Thymus4,37_19,1,13886.0,9700.0
Mouse_Thymus4,55_94,1,15686.0,17200.0
Mouse_Thymus4,50_106,5,15186.0,18400.0
Mouse_Thymus4,36_39,8,13786.0,11700.0
Mouse_Thymus4,44_70,2,14586.0,14800.0
Mouse_Thymus4,34_81,1,13586.0,15900.0
Mouse_Thymus4,30_18,7,13186.0,9600.0
Mouse_Thymus4,45_77,6,14686.0,15500.0
Mouse_Thymus4,52_14,6,15386.0,9200.0
Mouse_Thymus4,43_56,1,14486.0,13400.0
Mouse_Thymus4,39_52,5,14086.0,13000.0
Mouse_Thymus4,58_15,7,15986.0,9300.0
Mouse_Thymus4,42_98,6,14386.0,17600.0
Mouse_Thymus4,57_86,1,15886.0,16400.0
Mouse_Thymus4,29_88,2,13086.0,16600.0
Mouse_Thymus4,11_59,8,11286.0,13700.0
Mouse_Thymus4,66_6,2,16786.0,8400.0
Mouse_Thymus4,36_50,5,13786.0,12800.0
Mouse_Thymus4,49_37,6,15086.0,11500.0
Mouse_Thymus4,43_89,1,14486.0,16700.0
Mouse_Thymus4,9_60,6,11086.0,13800.0
Mouse_Thymus4,25_62,1,12686.0,14000.0
Mouse_Thymus4,26_20,9,12786.0,9800.0
Mouse_Thymus4,56_43,2,15786.0,12100.0
Mouse_Thymus4,26_42,7,12786.0,12000.0
Mouse_Thymus4,54_36,6,15586.0,11400.0
Mouse_Thymus4,37_32,5,13886.0,11000.0
Mouse_Thymus4,33_27,5,13486.0,10500.0
Mouse_Thymus4,9_34,6,11086.0,11200.0
Mouse_Thymus4,11_62,8,11286.0,14000.0
Mouse_Thymus4,43_39,2,14486.0,11700.0
Mouse_Thymus4,22_48,5,12386.0,12600.0
Mouse_Thymus4,55_32,2,15686.0,11000.0
Mouse_Thymus4,33_73,8,13486.0,15100.0
Mouse_Thymus4,43_14,5,14486.0,9200.0
Mouse_Thymus4,34_26,5,13586.0,10400.0
Mouse_Thymus4,55_5,6,15686.0,8300.0
Mouse_Thymus4,41_43,6,14286.0,12100.0
Mouse_Thymus4,33_48,8,13486.0,12600.0
Mouse_Thymus4,40_91,2,14186.0,16900.0
Mouse_Thymus4,30_51,5,13186.0,12900.0
Mouse_Thymus4,39_55,5,14086.0,13300.0
Mouse_Thymus4,36_41,6,13786.0,11900.0
Mouse_Thymus4,39_13,6,14086.0,9100.0
Mouse_Thymus4,54_98,5,15586.0,17600.0
Mouse_Thymus4,39_27,5,14086.0,10500.0
Mouse_Thymus4,9_37,6,11086.0,11500.0
Mouse_Thymus4,57_40,2,15886.0,11800.0
Mouse_Thymus4,22_27,6,12386.0,10500.0
Mouse_Thymus4,47_22,8,14886.0,10000.0
Mouse_Thymus4,56_81,2,15786.0,15900.0
Mouse_Thymus4,49_42,6,15086.0,12000.0
Mouse_Thymus4,45_54,5,14686.0,13200.0
Mouse_Thymus4,18_36,6,11986.0,11400.0
Mouse_Thymus4,56_19,6,15786.0,9700.0
Mouse_Thymus4,18_79,2,11986.0,15700.0
Mouse_Thymus4,32_37,6,13386.0,11500.0
Mouse_Thymus4,48_17,5,14986.0,9500.0
Mouse_Thymus4,47_33,8,14886.0,11100.0
Mouse_Thymus4,51_81,2,15286.0,15900.0
Mouse_Thymus4,45_39,1,14686.0,11700.0
Mouse_Thymus4,58_36,6,15986.0,11400.0
Mouse_Thymus4,30_56,5,13186.0,13400.0
Mouse_Thymus4,38_36,6,13986.0,11400.0
Mouse_Thymus4,25_37,5,12686.0,11500.0
Mouse_Thymus4,53_41,2,15486.0,11900.0
Mouse_Thymus4,26_72,6,12786.0,15000.0
Mouse_Thymus4,43_47,5,14486.0,12500.0
Mouse_Thymus4,40_67,5,14186.0,14500.0
Mouse_Thymus4,16_35,6,11786.0,11300.0
Mouse_Thymus4,27_72,7,12886.0,15000.0
Mouse_Thymus4,31_75,1,13286.0,15300.0
Mouse_Thymus4,49_98,5,15086.0,17600.0
Mouse_Thymus4,15_51,6,11686.0,12900.0
Mouse_Thymus4,38_27,5,13986.0,10500.0
Mouse_Thymus4,62_22,6,16386.0,10000.0
Mouse_Thymus4,36_74,5,13786.0,15200.0
Mouse_Thymus4,52_31,7,15386.0,10900.0
Mouse_Thymus4,48_13,5,14986.0,9100.0
Mouse_Thymus4,8_49,6,10986.0,12700.0
Mouse_Thymus4,14_30,8,11586.0,10800.0
Mouse_Thymus4,24_51,5,12586.0,12900.0
Mouse_Thymus4,49_27,6,15086.0,10500.0
Mouse_Thymus4,42_45,2,14386.0,12300.0
Mouse_Thymus4,49_50,6,15086.0,12800.0
Mouse_Thymus4,32_35,6,13386.0,11300.0
Mouse_Thymus4,38_98,9,13986.0,17600.0
Mouse_Thymus4,13_60,2,11486.0,13800.0
Mouse_Thymus4,58_97,1,15986.0,17500.0
Mouse_Thymus4,31_93,2,13286.0,17100.0
Mouse_Thymus4,37_82,2,13886.0,16000.0
Mouse_Thymus4,42_84,1,14386.0,16200.0
Mouse_Thymus4,64_9,6,16586.0,8700.0
Mouse_Thymus4,29_84,5,13086.0,16200.0
Mouse_Thymus4,43_93,2,14486.0,17100.0
Mouse_Thymus4,7_48,2,10886.0,12600.0
Mouse_Thymus4,45_47,5,14686.0,12500.0
Mouse_Thymus4,47_87,5,14886.0,16500.0
Mouse_Thymus4,27_61,5,12886.0,13900.0
Mouse_Thymus4,19_51,7,12086.0,12900.0
Mouse_Thymus4,56_13,6,15786.0,9100.0
Mouse_Thymus4,64_4,2,16586.0,8200.0
Mouse_Thymus4,39_19,5,14086.0,9700.0
Mouse_Thymus4,46_95,5,14786.0,17300.0
Mouse_Thymus4,41_30,8,14286.0,10800.0
Mouse_Thymus4,55_90,2,15686.0,16800.0
Mouse_Thymus4,44_39,2,14586.0,11700.0
Mouse_Thymus4,22_69,5,12386.0,14700.0
Mouse_Thymus4,49_88,5,15086.0,16600.0
Mouse_Thymus4,59_19,8,16086.0,9700.0
Mouse_Thymus4,37_49,1,13886.0,12700.0
Mouse_Thymus4,11_34,2,11286.0,11200.0
Mouse_Thymus4,35_52,5,13686.0,13000.0
Mouse_Thymus4,57_105,6,15886.0,18300.0
Mouse_Thymus4,57_94,2,15886.0,17200.0
Mouse_Thymus4,20_28,2,12186.0,10600.0
Mouse_Thymus4,39_73,5,14086.0,15100.0
Mouse_Thymus4,32_30,7,13386.0,10800.0
Mouse_Thymus4,51_11,5,15286.0,8900.0
Mouse_Thymus4,57_113,7,15886.0,19100.0
Mouse_Thymus4,29_73,2,13086.0,15100.0
Mouse_Thymus4,56_83,2,15786.0,16100.0
Mouse_Thymus4,7_43,6,10886.0,12100.0
Mouse_Thymus4,35_83,1,13686.0,16100.0
Mouse_Thymus4,16_42,5,11786.0,12000.0
Mouse_Thymus4,22_73,7,12386.0,15100.0
Mouse_Thymus4,36_26,5,13786.0,10400.0
Mouse_Thymus4,63_32,7,16486.0,11000.0
Mouse_Thymus4,7_42,6,10886.0,12000.0
Mouse_Thymus4,47_85,5,14886.0,16300.0
Mouse_Thymus4,60_103,2,16186.0,18100.0
Mouse_Thymus4,14_59,6,11586.0,13700.0
Mouse_Thymus4,41_24,5,14286.0,10200.0
Mouse_Thymus4,28_35,1,12986.0,11300.0
Mouse_Thymus4,43_103,6,14486.0,18100.0
Mouse_Thymus4,61_26,7,16286.0,10400.0
Mouse_Thymus4,47_14,5,14886.0,9200.0
Mouse_Thymus4,48_33,2,14986.0,11100.0
Mouse_Thymus4,42_29,5,14386.0,10700.0
Mouse_Thymus4,25_74,6,12686.0,15200.0
Mouse_Thymus4,17_48,7,11886.0,12600.0
Mouse_Thymus4,41_100,6,14286.0,17800.0
Mouse_Thymus4,57_27,6,15886.0,10500.0
Mouse_Thymus4,54_93,1,15586.0,17100.0
Mouse_Thymus4,21_47,5,12286.0,12500.0
Mouse_Thymus4,63_10,6,16486.0,8800.0
Mouse_Thymus4,51_19,6,15286.0,9700.0
Mouse_Thymus4,60_6,1,16186.0,8400.0
Mouse_Thymus4,19_32,6,12086.0,11000.0
Mouse_Thymus4,40_43,2,14186.0,12100.0
Mouse_Thymus4,44_53,5,14586.0,13100.0
Mouse_Thymus4,20_45,5,12186.0,12300.0
Mouse_Thymus4,8_51,6,10986.0,12900.0
Mouse_Thymus4,41_54,5,14286.0,13200.0
Mouse_Thymus4,56_33,2,15786.0,11100.0
Mouse_Thymus4,52_110,5,15386.0,18800.0
Mouse_Thymus4,9_51,6,11086.0,12900.0
Mouse_Thymus4,8_33,1,10986.0,11100.0
Mouse_Thymus4,55_80,2,15686.0,15800.0
Mouse_Thymus4,41_51,5,14286.0,12900.0
Mouse_Thymus4,30_87,6,13186.0,16500.0
Mouse_Thymus4,27_64,1,12886.0,14200.0
Mouse_Thymus4,29_41,2,13086.0,11900.0
Mouse_Thymus4,43_88,8,14486.0,16600.0
Mouse_Thymus4,46_87,5,14786.0,16500.0
Mouse_Thymus4,57_39,8,15886.0,11700.0
Mouse_Thymus4,42_58,6,14386.0,13600.0
Mouse_Thymus4,53_39,7,15486.0,11700.0
Mouse_Thymus4,58_23,6,15986.0,10100.0
Mouse_Thymus4,11_38,2,11286.0,11600.0
Mouse_Thymus4,29_19,8,13086.0,9700.0
Mouse_Thymus4,23_76,5,12486.0,15400.0
Mouse_Thymus4,56_21,6,15786.0,9900.0
Mouse_Thymus4,37_27,5,13886.0,10500.0
Mouse_Thymus4,24_78,6,12586.0,15600.0
Mouse_Thymus4,26_55,5,12786.0,13300.0
Mouse_Thymus4,36_52,5,13786.0,13000.0
Mouse_Thymus4,53_111,5,15486.0,18900.0
Mouse_Thymus4,44_15,5,14586.0,9300.0
Mouse_Thymus4,16_70,6,11786.0,14800.0
Mouse_Thymus4,17_43,5,11886.0,12100.0
Mouse_Thymus4,52_81,2,15386.0,15900.0
Mouse_Thymus4,63_31,8,16486.0,10900.0
Mouse_Thymus4,53_4,6,15486.0,8200.0
Mouse_Thymus4,51_112,5,15286.0,19000.0
Mouse_Thymus4,51_39,6,15286.0,11700.0
Mouse_Thymus4,27_65,5,12886.0,14300.0
Mouse_Thymus4,44_45,8,14586.0,12300.0
Mouse_Thymus4,44_36,6,14586.0,11400.0
Mouse_Thymus4,34_49,5,13586.0,12700.0
Mouse_Thymus4,36_21,5,13786.0,9900.0
Mouse_Thymus4,57_37,6,15886.0,11500.0
Mouse_Thymus4,28_44,6,12986.0,12200.0
Mouse_Thymus4,54_28,6,15586.0,10600.0
Mouse_Thymus4,53_2,7,15486.0,8000.0
Mouse_Thymus4,47_4,2,14886.0,8200.0
Mouse_Thymus4,20_57,1,12186.0,13500.0
Mouse_Thymus4,38_13,2,13986.0,9100.0
Mouse_Thymus4,24_83,7,12586.0,16100.0
Mouse_Thymus4,60_95,7,16186.0,17300.0
Mouse_Thymus4,46_104,6,14786.0,18200.0
Mouse_Thymus4,65_3,1,16686.0,8100.0
Mouse_Thymus4,34_14,7,13586.0,9200.0
Mouse_Thymus4,45_16,5,14686.0,9400.0
Mouse_Thymus4,49_25,6,15086.0,10300.0
Mouse_Thymus4,26_38,5,12786.0,11600.0
Mouse_Thymus4,38_67,5,13986.0,14500.0
Mouse_Thymus4,9_57,6,11086.0,13500.0
Mouse_Thymus4,45_85,5,14686.0,16300.0
Mouse_Thymus4,35_18,2,13686.0,9600.0
Mouse_Thymus4,15_54,8,11686.0,13200.0
Mouse_Thymus4,29_95,2,13086.0,17300.0
Mouse_Thymus4,32_63,1,13386.0,14100.0
Mouse_Thymus4,16_69,2,11786.0,14700.0
Mouse_Thymus4,19_78,2,12086.0,15600.0
Mouse_Thymus4,21_41,5,12286.0,11900.0
Mouse_Thymus4,57_22,6,15886.0,10000.0
Mouse_Thymus4,64_0,7,16586.0,7800.0
Mouse_Thymus4,46_80,5,14786.0,15800.0
Mouse_Thymus4,14_62,2,11586.0,14000.0
Mouse_Thymus4,64_8,6,16586.0,8600.0
Mouse_Thymus4,20_69,7,12186.0,14700.0
Mouse_Thymus4,32_68,5,13386.0,14600.0
Mouse_Thymus4,53_90,5,15486.0,16800.0
Mouse_Thymus4,39_66,5,14086.0,14400.0
Mouse_Thymus4,56_94,2,15786.0,17200.0
Mouse_Thymus4,53_92,5,15486.0,17000.0
Mouse_Thymus4,53_108,5,15486.0,18600.0
Mouse_Thymus4,54_20,6,15586.0,9800.0
Mouse_Thymus4,41_34,6,14286.0,11200.0
Mouse_Thymus4,60_107,2,16186.0,18500.0
Mouse_Thymus4,41_31,6,14286.0,10900.0
Mouse_Thymus4,43_68,2,14486.0,14600.0
Mouse_Thymus4,49_24,6,15086.0,10200.0
Mouse_Thymus4,46_6,7,14786.0,8400.0
Mouse_Thymus4,31_95,6,13286.0,17300.0
Mouse_Thymus4,30_59,5,13186.0,13700.0
Mouse_Thymus4,70_3,2,17186.0,8100.0
Mouse_Thymus4,61_99,2,16286.0,17700.0
Mouse_Thymus4,28_57,5,12986.0,13500.0
Mouse_Thymus4,55_21,7,15686.0,9900.0
Mouse_Thymus4,11_54,6,11286.0,13200.0
Mouse_Thymus4,64_26,2,16586.0,10400.0
Mouse_Thymus4,41_12,6,14286.0,9000.0
Mouse_Thymus4,50_37,6,15186.0,11500.0
Mouse_Thymus4,27_33,5,12886.0,11100.0
Mouse_Thymus4,57_34,6,15886.0,11200.0
Mouse_Thymus4,53_118,6,15486.0,19600.0
Mouse_Thymus4,53_10,5,15486.0,8800.0
Mouse_Thymus4,28_86,6,12986.0,16400.0
Mouse_Thymus4,45_70,6,14686.0,14800.0
Mouse_Thymus4,13_46,6,11486.0,12400.0
Mouse_Thymus4,55_99,5,15686.0,17700.0
Mouse_Thymus4,23_84,7,12486.0,16200.0
Mouse_Thymus4,52_47,2,15386.0,12500.0
Mouse_Thymus4,28_93,6,12986.0,17100.0
Mouse_Thymus4,55_41,2,15686.0,11900.0
Mouse_Thymus4,15_32,6,11686.0,11000.0
Mouse_Thymus4,38_18,1,13986.0,9600.0
Mouse_Thymus4,27_44,1,12886.0,12200.0
Mouse_Thymus4,9_61,6,11086.0,13900.0
Mouse_Thymus4,33_34,6,13486.0,11200.0
Mouse_Thymus4,28_33,5,12986.0,11100.0
Mouse_Thymus4,23_25,8,12486.0,10300.0
Mouse_Thymus4,17_49,1,11886.0,12700.0
Mouse_Thymus4,49_105,5,15086.0,18300.0
Mouse_Thymus4,24_29,1,12586.0,10700.0
Mouse_Thymus4,34_17,2,13586.0,9500.0
Mouse_Thymus4,45_106,6,14686.0,18400.0
Mouse_Thymus4,27_49,5,12886.0,12700.0
Mouse_Thymus4,34_91,5,13586.0,16900.0
Mouse_Thymus4,39_15,7,14086.0,9300.0
Mouse_Thymus4,24_42,1,12586.0,12000.0
Mouse_Thymus4,55_109,6,15686.0,18700.0
Mouse_Thymus4,20_36,7,12186.0,11400.0
Mouse_Thymus4,56_26,6,15786.0,10400.0
Mouse_Thymus4,23_43,5,12486.0,12100.0
Mouse_Thymus4,17_44,5,11886.0,12200.0
Mouse_Thymus4,66_0,8,16786.0,7800.0
Mouse_Thymus4,23_74,5,12486.0,15200.0
Mouse_Thymus4,25_49,5,12686.0,12700.0
Mouse_Thymus4,44_96,7,14586.0,17400.0
Mouse_Thymus4,48_96,5,14986.0,17400.0
Mouse_Thymus4,51_3,7,15286.0,8100.0
Mouse_Thymus4,50_84,1,15186.0,16200.0
Mouse_Thymus4,24_21,9,12586.0,9900.0
Mouse_Thymus4,38_89,2,13986.0,16700.0
Mouse_Thymus4,9_53,6,11086.0,13100.0
Mouse_Thymus4,41_68,6,14286.0,14600.0
Mouse_Thymus4,10_47,6,11186.0,12500.0
Mouse_Thymus4,53_34,6,15486.0,11200.0
Mouse_Thymus4,31_28,5,13286.0,10600.0
Mouse_Thymus4,54_42,6,15586.0,12000.0
Mouse_Thymus4,40_70,1,14186.0,14800.0
Mouse_Thymus4,44_43,7,14586.0,12100.0
Mouse_Thymus4,53_109,5,15486.0,18700.0
Mouse_Thymus4,44_109,8,14586.0,18700.0
Mouse_Thymus4,18_59,8,11986.0,13700.0
Mouse_Thymus4,58_90,2,15986.0,16800.0
Mouse_Thymus4,55_110,1,15686.0,18800.0
Mouse_Thymus4,53_32,6,15486.0,11000.0
Mouse_Thymus4,22_35,6,12386.0,11300.0
Mouse_Thymus4,34_52,5,13586.0,13000.0
Mouse_Thymus4,29_42,7,13086.0,12000.0
Mouse_Thymus4,38_74,1,13986.0,15200.0
Mouse_Thymus4,16_28,7,11786.0,10600.0
Mouse_Thymus4,51_101,5,15286.0,17900.0
Mouse_Thymus4,38_41,6,13986.0,11900.0
Mouse_Thymus4,19_33,8,12086.0,11100.0
Mouse_Thymus4,40_100,2,14186.0,17800.0
Mouse_Thymus4,39_71,2,14086.0,14900.0
Mouse_Thymus4,53_86,2,15486.0,16400.0
Mouse_Thymus4,43_58,9,14486.0,13600.0
Mouse_Thymus4,41_94,2,14286.0,17200.0
Mouse_Thymus4,18_31,7,11986.0,10900.0
Mouse_Thymus4,19_69,6,12086.0,14700.0
Mouse_Thymus4,46_25,7,14786.0,10300.0
Mouse_Thymus4,9_36,2,11086.0,11400.0
Mouse_Thymus4,15_31,6,11686.0,10900.0
Mouse_Thymus4,45_110,2,14686.0,18800.0
Mouse_Thymus4,55_83,7,15686.0,16100.0
Mouse_Thymus4,52_9,5,15386.0,8700.0
Mouse_Thymus4,53_117,1,15486.0,19500.0
Mouse_Thymus4,36_37,8,13786.0,11500.0
Mouse_Thymus4,56_102,2,15786.0,18000.0
Mouse_Thymus4,34_56,5,13586.0,13400.0
Mouse_Thymus4,8_60,6,10986.0,13800.0
Mouse_Thymus4,24_34,5,12586.0,11200.0
Mouse_Thymus4,69_5,2,17086.0,8300.0
Mouse_Thymus4,38_85,2,13986.0,16300.0
Mouse_Thymus4,48_6,2,14986.0,8400.0
Mouse_Thymus4,14_67,8,11586.0,14500.0
Mouse_Thymus4,50_50,2,15186.0,12800.0
Mouse_Thymus4,40_95,2,14186.0,17300.0
Mouse_Thymus4,45_17,5,14686.0,9500.0
Mouse_Thymus4,31_33,8,13286.0,11100.0
Mouse_Thymus4,50_38,6,15186.0,11600.0
Mouse_Thymus4,37_41,6,13886.0,11900.0
Mouse_Thymus4,55_92,2,15686.0,17000.0
Mouse_Thymus4,32_85,5,13386.0,16300.0
Mouse_Thymus4,38_95,2,13986.0,17300.0
Mouse_Thymus4,35_65,2,13686.0,14300.0
Mouse_Thymus4,31_49,1,13286.0,12700.0
Mouse_Thymus4,29_64,1,13086.0,14200.0
Mouse_Thymus4,5_56,6,10686.0,13400.0
Mouse_Thymus4,26_71,1,12786.0,14900.0
Mouse_Thymus4,59_34,2,16086.0,11200.0
Mouse_Thymus4,8_48,6,10986.0,12600.0
Mouse_Thymus4,51_25,6,15286.0,10300.0
Mouse_Thymus4,41_92,7,14286.0,17000.0
Mouse_Thymus4,13_43,2,11486.0,12100.0
Mouse_Thymus4,21_51,5,12286.0,12900.0
Mouse_Thymus4,26_82,6,12786.0,16000.0
Mouse_Thymus4,57_8,1,15886.0,8600.0
Mouse_Thymus4,43_10,6,14486.0,8800.0
Mouse_Thymus4,5_40,6,10686.0,11800.0
Mouse_Thymus4,54_84,2,15586.0,16200.0
Mouse_Thymus4,15_61,2,11686.0,13900.0
Mouse_Thymus4,53_116,1,15486.0,19400.0
Mouse_Thymus4,39_96,6,14086.0,17400.0
Mouse_Thymus4,46_24,6,14786.0,10200.0
Mouse_Thymus4,47_88,5,14886.0,16600.0
Mouse_Thymus4,68_0,8,16986.0,7800.0
Mouse_Thymus4,29_51,5,13086.0,12900.0
Mouse_Thymus4,29_72,1,13086.0,15000.0
Mouse_Thymus4,51_116,6,15286.0,19400.0
Mouse_Thymus4,24_60,5,12586.0,13800.0
Mouse_Thymus4,60_13,6,16186.0,9100.0
Mouse_Thymus4,13_30,7,11486.0,10800.0
Mouse_Thymus4,42_28,5,14386.0,10600.0
Mouse_Thymus4,54_41,6,15586.0,11900.0
Mouse_Thymus4,32_84,5,13386.0,16200.0
Mouse_Thymus4,36_32,5,13786.0,11000.0
Mouse_Thymus4,48_80,5,14986.0,15800.0
Mouse_Thymus4,19_63,6,12086.0,14100.0
Mouse_Thymus4,55_97,5,15686.0,17500.0
Mouse_Thymus4,61_15,2,16286.0,9300.0
Mouse_Thymus4,30_26,5,13186.0,10400.0
Mouse_Thymus4,55_7,5,15686.0,8500.0
Mouse_Thymus4,37_52,5,13886.0,13000.0
Mouse_Thymus4,32_77,7,13386.0,15500.0
Mouse_Thymus4,33_64,7,13486.0,14200.0
Mouse_Thymus4,19_74,6,12086.0,15200.0
Mouse_Thymus4,53_6,6,15486.0,8400.0
Mouse_Thymus4,54_10,1,15586.0,8800.0
Mouse_Thymus4,67_9,2,16886.0,8700.0
Mouse_Thymus4,33_55,1,13486.0,13300.0
Mouse_Thymus4,8_34,8,10986.0,11200.0
Mouse_Thymus4,43_8,6,14486.0,8600.0
Mouse_Thymus4,21_34,6,12286.0,11200.0
Mouse_Thymus4,53_17,6,15486.0,9500.0
Mouse_Thymus4,45_27,6,14686.0,10500.0
Mouse_Thymus4,61_92,2,16286.0,17000.0
Mouse_Thymus4,61_4,5,16286.0,8200.0
Mouse_Thymus4,53_29,6,15486.0,10700.0
Mouse_Thymus4,45_30,6,14686.0,10800.0
Mouse_Thymus4,21_46,5,12286.0,12400.0
Mouse_Thymus4,10_37,2,11186.0,11500.0
Mouse_Thymus4,20_35,6,12186.0,11300.0
Mouse_Thymus4,54_101,5,15586.0,17900.0
Mouse_Thymus4,45_101,2,14686.0,17900.0
Mouse_Thymus4,35_14,7,13686.0,9200.0
Mouse_Thymus4,18_76,6,11986.0,15400.0
Mouse_Thymus4,19_40,5,12086.0,11800.0
Mouse_Thymus4,35_62,1,13686.0,14000.0
Mouse_Thymus4,4_52,2,10586.0,13000.0
Mouse_Thymus4,45_93,1,14686.0,17100.0
Mouse_Thymus4,8_36,2,10986.0,11400.0
Mouse_Thymus4,49_106,5,15086.0,18400.0
Mouse_Thymus4,48_85,5,14986.0,16300.0
Mouse_Thymus4,21_27,7,12286.0,10500.0
Mouse_Thymus4,36_93,2,13786.0,17100.0
Mouse_Thymus4,46_27,8,14786.0,10500.0
Mouse_Thymus4,39_45,2,14086.0,12300.0
Mouse_Thymus4,53_46,2,15486.0,12400.0
Mouse_Thymus4,27_35,5,12886.0,11300.0
Mouse_Thymus4,19_61,8,12086.0,13900.0
Mouse_Thymus4,38_25,5,13986.0,10300.0
Mouse_Thymus4,61_12,2,16286.0,9000.0
Mouse_Thymus4,27_91,2,12886.0,16900.0
Mouse_Thymus4,57_17,7,15886.0,9500.0
Mouse_Thymus4,55_43,2,15686.0,12100.0
Mouse_Thymus4,45_26,8,14686.0,10400.0
Mouse_Thymus4,33_31,6,13486.0,10900.0
Mouse_Thymus4,61_22,2,16286.0,10000.0
Mouse_Thymus4,8_35,8,10986.0,11300.0
Mouse_Thymus4,40_17,5,14186.0,9500.0
Mouse_Thymus4,41_29,5,14286.0,10700.0
Mouse_Thymus4,38_20,5,13986.0,9800.0
Mouse_Thymus4,43_75,1,14486.0,15300.0
Mouse_Thymus4,42_93,2,14386.0,17100.0
Mouse_Thymus4,22_79,6,12386.0,15700.0
Mouse_Thymus4,61_10,1,16286.0,8800.0
Mouse_Thymus4,59_21,6,16086.0,9900.0
Mouse_Thymus4,20_56,6,12186.0,13400.0
Mouse_Thymus4,16_33,6,11786.0,11100.0
Mouse_Thymus4,40_42,6,14186.0,12000.0
Mouse_Thymus4,61_2,2,16286.0,8000.0
Mouse_Thymus4,32_91,1,13386.0,16900.0
Mouse_Thymus4,18_46,5,11986.0,12400.0
Mouse_Thymus4,36_17,2,13786.0,9500.0
Mouse_Thymus4,23_46,5,12486.0,12400.0
Mouse_Thymus4,47_38,6,14886.0,11600.0
Mouse_Thymus4,27_43,8,12886.0,12100.0
Mouse_Thymus4,46_70,1,14786.0,14800.0
Mouse_Thymus4,55_26,2,15686.0,10400.0
Mouse_Thymus4,34_83,5,13586.0,16100.0
Mouse_Thymus4,15_38,6,11686.0,11600.0
Mouse_Thymus4,47_73,2,14886.0,15100.0
Mouse_Thymus4,50_92,5,15186.0,17000.0
Mouse_Thymus4,49_80,7,15086.0,15800.0
Mouse_Thymus4,35_69,1,13686.0,14700.0
Mouse_Thymus4,42_55,5,14386.0,13300.0
Mouse_Thymus4,21_74,5,12286.0,15200.0
Mouse_Thymus4,50_31,6,15186.0,10900.0
Mouse_Thymus4,31_72,5,13286.0,15000.0
Mouse_Thymus4,12_33,6,11386.0,11100.0
Mouse_Thymus4,7_47,6,10886.0,12500.0
Mouse_Thymus4,59_104,6,16086.0,18200.0
Mouse_Thymus4,56_116,2,15786.0,19400.0
Mouse_Thymus4,54_110,5,15586.0,18800.0
Mouse_Thymus4,21_65,6,12286.0,14300.0
Mouse_Thymus4,21_28,6,12286.0,10600.0
Mouse_Thymus4,67_4,1,16886.0,8200.0
Mouse_Thymus4,48_87,1,14986.0,16500.0
Mouse_Thymus4,41_32,1,14286.0,11000.0
Mouse_Thymus4,54_115,6,15586.0,19300.0
Mouse_Thymus4,46_9,1,14786.0,8700.0
Mouse_Thymus4,27_74,6,12886.0,15200.0
Mouse_Thymus4,36_64,5,13786.0,14200.0
Mouse_Thymus4,25_46,5,12686.0,12400.0
Mouse_Thymus4,44_89,5,14586.0,16700.0
Mouse_Thymus4,28_82,2,12986.0,16000.0
Mouse_Thymus4,18_78,2,11986.0,15600.0
Mouse_Thymus4,44_21,1,14586.0,9900.0
Mouse_Thymus4,48_75,2,14986.0,15300.0
Mouse_Thymus4,30_60,5,13186.0,13800.0
Mouse_Thymus4,15_60,8,11686.0,13800.0
Mouse_Thymus4,40_101,6,14186.0,17900.0
Mouse_Thymus4,18_44,5,11986.0,12200.0
Mouse_Thymus4,55_37,6,15686.0,11500.0
Mouse_Thymus4,52_94,5,15386.0,17200.0
Mouse_Thymus4,15_35,6,11686.0,11300.0
Mouse_Thymus4,43_34,6,14486.0,11200.0
Mouse_Thymus4,52_39,6,15386.0,11700.0
Mouse_Thymus4,6_49,2,10786.0,12700.0
Mouse_Thymus4,44_8,2,14586.0,8600.0
Mouse_Thymus4,43_73,1,14486.0,15100.0
Mouse_Thymus4,58_91,2,15986.0,16900.0
Mouse_Thymus4,14_46,6,11586.0,12400.0
Mouse_Thymus4,41_97,7,14286.0,17500.0
Mouse_Thymus4,45_36,6,14686.0,11400.0
Mouse_Thymus4,35_48,8,13686.0,12600.0
Mouse_Thymus4,43_85,5,14486.0,16300.0
Mouse_Thymus4,42_42,2,14386.0,12000.0
Mouse_Thymus4,48_100,1,14986.0,17800.0
Mouse_Thymus4,15_57,6,11686.0,13500.0
Mouse_Thymus4,27_71,6,12886.0,14900.0
Mouse_Thymus4,60_26,6,16186.0,10400.0
Mouse_Thymus4,58_100,6,15986.0,17800.0
Mouse_Thymus4,38_54,5,13986.0,13200.0
Mouse_Thymus4,7_46,6,10886.0,12400.0
Mouse_Thymus4,54_32,2,15586.0,11000.0
Mouse_Thymus4,51_100,5,15286.0,17800.0
Mouse_Thymus4,21_72,1,12286.0,15000.0
Mouse_Thymus4,30_33,6,13186.0,11100.0
Mouse_Thymus4,24_58,5,12586.0,13600.0
Mouse_Thymus4,40_86,6,14186.0,16400.0
Mouse_Thymus4,59_105,6,16086.0,18300.0
Mouse_Thymus4,52_36,7,15386.0,11400.0
Mouse_Thymus4,26_52,5,12786.0,13000.0
Mouse_Thymus4,26_85,2,12786.0,16300.0
Mouse_Thymus4,45_23,1,14686.0,10100.0
Mouse_Thymus4,45_71,2,14686.0,14900.0
Mouse_Thymus4,44_46,8,14586.0,12400.0
Mouse_Thymus4,19_36,6,12086.0,11400.0
Mouse_Thymus4,17_37,6,11886.0,11500.0
Mouse_Thymus4,56_90,2,15786.0,16800.0
Mouse_Thymus4,56_11,2,15786.0,8900.0
Mouse_Thymus4,32_45,5,13386.0,12300.0
Mouse_Thymus4,56_89,2,15786.0,16700.0
Mouse_Thymus4,30_79,5,13186.0,15700.0
Mouse_Thymus4,40_33,6,14186.0,11100.0
Mouse_Thymus4,19_39,5,12086.0,11700.0
Mouse_Thymus4,32_21,6,13386.0,9900.0
Mouse_Thymus4,28_41,1,12986.0,11900.0
Mouse_Thymus4,30_91,1,13186.0,16900.0
Mouse_Thymus4,56_79,9,15786.0,15700.0
Mouse_Thymus4,25_54,7,12686.0,13200.0
Mouse_Thymus4,23_30,6,12486.0,10800.0
Mouse_Thymus4,54_24,6,15586.0,10200.0
Mouse_Thymus4,31_34,8,13286.0,11200.0
Mouse_Thymus4,3_52,2,10486.0,13000.0
Mouse_Thymus4,55_13,2,15686.0,9100.0
Mouse_Thymus4,27_24,2,12886.0,10200.0
Mouse_Thymus4,47_49,5,14886.0,12700.0
Mouse_Thymus4,30_89,1,13186.0,16700.0
Mouse_Thymus4,43_15,5,14486.0,9300.0
Mouse_Thymus4,49_95,5,15086.0,17300.0
Mouse_Thymus4,57_11,7,15886.0,8900.0
Mouse_Thymus4,31_26,1,13286.0,10400.0
Mouse_Thymus4,56_111,2,15786.0,18900.0
Mouse_Thymus4,35_40,6,13686.0,11800.0
Mouse_Thymus4,50_82,5,15186.0,16000.0
Mouse_Thymus4,32_65,1,13386.0,14300.0
Mouse_Thymus4,32_70,1,13386.0,14800.0
Mouse_Thymus4,58_83,2,15986.0,16100.0
Mouse_Thymus4,60_94,2,16186.0,17200.0
Mouse_Thymus4,50_107,5,15186.0,18500.0
Mouse_Thymus4,35_16,2,13686.0,9400.0
Mouse_Thymus4,38_70,7,13986.0,14800.0
Mouse_Thymus4,11_52,6,11286.0,13000.0
Mouse_Thymus4,60_25,6,16186.0,10300.0
Mouse_Thymus4,31_61,1,13286.0,13900.0
Mouse_Thymus4,57_38,7,15886.0,11600.0
Mouse_Thymus4,47_8,6,14886.0,8600.0
Mouse_Thymus4,30_70,5,13186.0,14800.0
Mouse_Thymus4,40_69,5,14186.0,14700.0
Mouse_Thymus4,46_84,5,14786.0,16200.0
Mouse_Thymus4,45_98,2,14686.0,17600.0
Mouse_Thymus4,4_45,6,10586.0,12300.0
Mouse_Thymus4,58_101,2,15986.0,17900.0
Mouse_Thymus4,8_47,6,10986.0,12500.0
Mouse_Thymus4,29_69,5,13086.0,14700.0
Mouse_Thymus4,54_7,7,15586.0,8500.0
Mouse_Thymus4,52_42,8,15386.0,12000.0
Mouse_Thymus4,69_1,2,17086.0,7900.0
Mouse_Thymus4,36_40,2,13786.0,11800.0
Mouse_Thymus4,15_29,7,11686.0,10700.0
Mouse_Thymus4,28_38,5,12986.0,11600.0
Mouse_Thymus4,54_95,5,15586.0,17300.0
Mouse_Thymus4,45_90,5,14686.0,16800.0
Mouse_Thymus4,19_28,2,12086.0,10600.0
Mouse_Thymus4,51_105,5,15286.0,18300.0
Mouse_Thymus4,34_73,8,13586.0,15100.0
Mouse_Thymus4,30_43,1,13186.0,12100.0
Mouse_Thymus4,58_40,9,15986.0,11800.0
Mouse_Thymus4,55_85,2,15686.0,16300.0
Mouse_Thymus4,57_23,7,15886.0,10100.0
Mouse_Thymus4,28_23,6,12986.0,10100.0
Mouse_Thymus4,18_39,5,11986.0,11700.0
Mouse_Thymus4,46_112,2,14786.0,19000.0
Mouse_Thymus4,13_58,7,11486.0,13600.0
Mouse_Thymus4,29_82,1,13086.0,16000.0
Mouse_Thymus4,18_32,6,11986.0,11000.0
Mouse_Thymus4,41_36,8,14286.0,11400.0
Mouse_Thymus4,47_12,5,14886.0,9000.0
Mouse_Thymus4,43_11,6,14486.0,8900.0
Mouse_Thymus4,22_81,6,12386.0,15900.0
Mouse_Thymus4,37_77,2,13886.0,15500.0
Mouse_Thymus4,44_98,1,14586.0,17600.0
Mouse_Thymus4,38_26,5,13986.0,10400.0
Mouse_Thymus4,28_37,5,12986.0,11500.0
Mouse_Thymus4,58_87,2,15986.0,16500.0
Mouse_Thymus4,17_71,6,11886.0,14900.0
Mouse_Thymus4,14_56,7,11586.0,13400.0
Mouse_Thymus4,65_0,8,16686.0,7800.0
Mouse_Thymus4,57_80,9,15886.0,15800.0
Mouse_Thymus4,28_31,5,12986.0,10900.0
Mouse_Thymus4,42_62,2,14386.0,14000.0
Mouse_Thymus4,71_3,6,17286.0,8100.0
Mouse_Thymus4,57_107,2,15886.0,18500.0
Mouse_Thymus4,16_60,6,11786.0,13800.0
Mouse_Thymus4,42_94,2,14386.0,17200.0
Mouse_Thymus4,40_30,1,14186.0,10800.0
Mouse_Thymus4,54_90,9,15586.0,16800.0
Mouse_Thymus4,49_102,5,15086.0,18000.0
Mouse_Thymus4,57_106,6,15886.0,18400.0
Mouse_Thymus4,54_109,5,15586.0,18700.0
Mouse_Thymus4,39_17,1,14086.0,9500.0
Mouse_Thymus4,36_13,7,13786.0,9100.0
Mouse_Thymus4,20_84,2,12186.0,16200.0
Mouse_Thymus4,55_88,7,15686.0,16600.0
Mouse_Thymus4,26_24,2,12786.0,10200.0
Mouse_Thymus4,20_61,8,12186.0,13900.0
Mouse_Thymus4,6_38,2,10786.0,11600.0
Mouse_Thymus4,48_44,7,14986.0,12200.0
Mouse_Thymus4,34_65,6,13586.0,14300.0
Mouse_Thymus4,37_70,1,13886.0,14800.0
Mouse_Thymus4,23_31,8,12486.0,10900.0
Mouse_Thymus4,37_25,5,13886.0,10300.0
Mouse_Thymus4,31_24,2,13286.0,10200.0
Mouse_Thymus4,35_81,8,13686.0,15900.0
Mouse_Thymus4,56_106,2,15786.0,18400.0
Mouse_Thymus4,4_59,6,10586.0,13700.0
Mouse_Thymus4,28_27,5,12986.0,10500.0
Mouse_Thymus4,38_82,2,13986.0,16000.0
Mouse_Thymus4,27_25,7,12886.0,10300.0
Mouse_Thymus4,10_49,6,11186.0,12700.0
Mouse_Thymus4,45_100,2,14686.0,17800.0
Mouse_Thymus4,4_42,8,10586.0,12000.0
Mouse_Thymus4,47_108,2,14886.0,18600.0
Mouse_Thymus4,53_33,2,15486.0,11100.0
Mouse_Thymus4,50_8,1,15186.0,8600.0
Mouse_Thymus4,15_40,1,11686.0,11800.0
Mouse_Thymus4,2_59,2,10386.0,13700.0
Mouse_Thymus4,13_32,8,11486.0,11000.0
Mouse_Thymus4,61_102,6,16286.0,18000.0
Mouse_Thymus4,39_30,5,14086.0,10800.0
Mouse_Thymus4,42_10,7,14386.0,8800.0
Mouse_Thymus4,31_70,5,13286.0,14800.0
Mouse_Thymus4,11_64,2,11286.0,14200.0
Mouse_Thymus4,16_45,5,11786.0,12300.0
Mouse_Thymus4,18_30,2,11986.0,10800.0
Mouse_Thymus4,55_44,9,15686.0,12200.0
Mouse_Thymus4,37_76,1,13886.0,15400.0
Mouse_Thymus4,30_21,6,13186.0,9900.0
Mouse_Thymus4,31_52,5,13286.0,13000.0
Mouse_Thymus4,43_104,2,14486.0,18200.0
Mouse_Thymus4,35_50,1,13686.0,12800.0
Mouse_Thymus4,42_43,6,14386.0,12100.0
Mouse_Thymus4,31_30,5,13286.0,10800.0
Mouse_Thymus4,9_48,6,11086.0,12600.0
Mouse_Thymus4,45_111,7,14686.0,18900.0
Mouse_Thymus4,20_66,1,12186.0,14400.0
Mouse_Thymus4,13_31,8,11486.0,10900.0
Mouse_Thymus4,41_76,5,14286.0,15400.0
Mouse_Thymus4,61_89,2,16286.0,16700.0
Mouse_Thymus4,56_35,6,15786.0,11300.0
Mouse_Thymus4,38_23,5,13986.0,10100.0
Mouse_Thymus4,27_53,5,12886.0,13100.0
Mouse_Thymus4,29_25,8,13086.0,10300.0
Mouse_Thymus4,31_78,1,13286.0,15600.0
Mouse_Thymus4,46_51,5,14786.0,12900.0
Mouse_Thymus4,27_45,2,12886.0,12300.0
Mouse_Thymus4,26_29,5,12786.0,10700.0
Mouse_Thymus4,66_3,5,16786.0,8100.0
Mouse_Thymus4,23_78,6,12486.0,15600.0
Mouse_Thymus4,20_33,8,12186.0,11100.0
Mouse_Thymus4,70_4,2,17186.0,8200.0
Mouse_Thymus4,51_43,8,15286.0,12100.0
Mouse_Thymus4,55_30,6,15686.0,10800.0
Mouse_Thymus4,48_99,5,14986.0,17700.0
Mouse_Thymus4,25_31,5,12686.0,10900.0
Mouse_Thymus4,44_54,5,14586.0,13200.0
Mouse_Thymus4,33_81,5,13486.0,15900.0
Mouse_Thymus4,48_109,1,14986.0,18700.0
Mouse_Thymus4,57_20,2,15886.0,9800.0
Mouse_Thymus4,53_43,6,15486.0,12100.0
Mouse_Thymus4,5_42,2,10686.0,12000.0
Mouse_Thymus4,30_76,5,13186.0,15400.0
Mouse_Thymus4,37_47,2,13886.0,12500.0
Mouse_Thymus4,43_74,6,14486.0,15200.0
Mouse_Thymus4,39_43,6,14086.0,12100.0
Mouse_Thymus4,53_96,5,15486.0,17400.0
Mouse_Thymus4,53_100,5,15486.0,17800.0
Mouse_Thymus4,8_55,6,10986.0,13300.0
Mouse_Thymus4,49_103,1,15086.0,18100.0
Mouse_Thymus4,26_86,6,12786.0,16400.0
Mouse_Thymus4,23_82,6,12486.0,16000.0
Mouse_Thymus4,28_78,1,12986.0,15600.0
Mouse_Thymus4,60_111,9,16186.0,18900.0
Mouse_Thymus4,23_64,5,12486.0,14200.0
Mouse_Thymus4,20_65,8,12186.0,14300.0
Mouse_Thymus4,57_28,6,15886.0,10600.0
Mouse_Thymus4,50_4,7,15186.0,8200.0
Mouse_Thymus4,33_59,5,13486.0,13700.0
Mouse_Thymus4,12_65,6,11386.0,14300.0
Mouse_Thymus4,48_95,5,14986.0,17300.0
Mouse_Thymus4,42_23,5,14386.0,10100.0
Mouse_Thymus4,58_4,2,15986.0,8200.0
Mouse_Thymus4,54_43,7,15586.0,12100.0
Mouse_Thymus4,39_82,2,14086.0,16000.0
Mouse_Thymus4,48_103,2,14986.0,18100.0
Mouse_Thymus4,50_24,6,15186.0,10200.0
Mouse_Thymus4,52_114,2,15386.0,19200.0
Mouse_Thymus4,10_51,6,11186.0,12900.0
Mouse_Thymus4,20_70,6,12186.0,14800.0
Mouse_Thymus4,53_84,2,15486.0,16200.0
Mouse_Thymus4,20_74,2,12186.0,15200.0
Mouse_Thymus4,59_1,8,16086.0,7900.0
Mouse_Thymus4,6_58,6,10786.0,13600.0
Mouse_Thymus4,46_37,6,14786.0,11500.0
Mouse_Thymus4,42_25,5,14386.0,10300.0
Mouse_Thymus4,18_74,6,11986.0,15200.0
Mouse_Thymus4,52_88,1,15386.0,16600.0
Mouse_Thymus4,57_3,2,15886.0,8100.0
Mouse_Thymus4,5_52,6,10686.0,13000.0
Mouse_Thymus4,48_45,6,14986.0,12300.0
Mouse_Thymus4,22_50,5,12386.0,12800.0
Mouse_Thymus4,39_56,5,14086.0,13400.0
Mouse_Thymus4,22_38,5,12386.0,11600.0
Mouse_Thymus4,20_53,2,12186.0,13100.0
Mouse_Thymus4,54_108,5,15586.0,18600.0
Mouse_Thymus4,32_16,9,13386.0,9400.0
Mouse_Thymus4,52_13,6,15386.0,9100.0
Mouse_Thymus4,42_96,2,14386.0,17400.0
Mouse_Thymus4,6_54,6,10786.0,13200.0
Mouse_Thymus4,57_24,6,15886.0,10200.0
Mouse_Thymus4,20_75,6,12186.0,15300.0
Mouse_Thymus4,49_16,1,15086.0,9400.0
Mouse_Thymus4,38_64,5,13986.0,14200.0
Mouse_Thymus4,34_92,7,13586.0,17000.0
Mouse_Thymus4,32_62,2,13386.0,14000.0
Mouse_Thymus4,28_76,1,12986.0,15400.0
Mouse_Thymus4,66_4,5,16786.0,8200.0
Mouse_Thymus4,43_17,5,14486.0,9500.0
Mouse_Thymus4,68_6,7,16986.0,8400.0
Mouse_Thymus4,61_36,9,16286.0,11400.0
Mouse_Thymus4,35_96,7,13686.0,17400.0
Mouse_Thymus4,43_44,6,14486.0,12200.0
Mouse_Thymus4,33_96,2,13486.0,17400.0
Mouse_Thymus4,51_111,5,15286.0,18900.0
Mouse_Thymus4,44_106,6,14586.0,18400.0
Mouse_Thymus4,56_27,6,15786.0,10500.0
Mouse_Thymus4,38_79,2,13986.0,15700.0
Mouse_Thymus4,35_74,1,13686.0,15200.0
Mouse_Thymus4,24_79,2,12586.0,15700.0
Mouse_Thymus4,35_59,1,13686.0,13700.0
Mouse_Thymus4,49_51,6,15086.0,12900.0
Mouse_Thymus4,38_62,5,13986.0,14000.0
Mouse_Thymus4,35_55,1,13686.0,13300.0
Mouse_Thymus4,56_107,2,15786.0,18500.0
Mouse_Thymus4,45_95,7,14686.0,17300.0
Mouse_Thymus4,42_71,1,14386.0,14900.0
Mouse_Thymus4,44_26,1,14586.0,10400.0
Mouse_Thymus4,70_6,9,17186.0,8400.0
Mouse_Thymus4,12_46,6,11386.0,12400.0
Mouse_Thymus4,41_84,2,14286.0,16200.0
Mouse_Thymus4,37_29,1,13886.0,10700.0
Mouse_Thymus4,39_90,2,14086.0,16800.0
Mouse_Thymus4,46_32,6,14786.0,11000.0
Mouse_Thymus4,60_10,1,16186.0,8800.0
Mouse_Thymus4,14_70,6,11586.0,14800.0
Mouse_Thymus4,36_35,7,13786.0,11300.0
Mouse_Thymus4,24_72,7,12586.0,15000.0
Mouse_Thymus4,47_79,5,14886.0,15700.0
Mouse_Thymus4,18_64,5,11986.0,14200.0
Mouse_Thymus4,41_45,6,14286.0,12300.0
Mouse_Thymus4,16_29,7,11786.0,10700.0
Mouse_Thymus4,10_55,6,11186.0,13300.0
Mouse_Thymus4,28_88,2,12986.0,16600.0
Mouse_Thymus4,64_2,2,16586.0,8000.0
Mouse_Thymus4,49_96,5,15086.0,17400.0
Mouse_Thymus4,24_30,8,12586.0,10800.0
Mouse_Thymus4,39_10,7,14086.0,8800.0
Mouse_Thymus4,34_75,5,13586.0,15300.0
Mouse_Thymus4,46_19,5,14786.0,9700.0
Mouse_Thymus4,25_67,5,12686.0,14500.0
Mouse_Thymus4,6_35,2,10786.0,11300.0
Mouse_Thymus4,59_7,1,16086.0,8500.0
Mouse_Thymus4,16_58,6,11786.0,13600.0
Mouse_Thymus4,16_61,2,11786.0,13900.0
Mouse_Thymus4,48_115,2,14986.0,19300.0
Mouse_Thymus4,27_93,9,12886.0,17100.0
Mouse_Thymus4,21_48,5,12286.0,12600.0
Mouse_Thymus4,24_82,2,12586.0,16000.0
Mouse_Thymus4,59_15,8,16086.0,9300.0
Mouse_Thymus4,16_75,2,11786.0,15300.0
Mouse_Thymus4,24_36,5,12586.0,11400.0
Mouse_Thymus4,22_45,5,12386.0,12300.0
Mouse_Thymus4,53_22,6,15486.0,10000.0
Mouse_Thymus4,21_78,6,12286.0,15600.0
Mouse_Thymus4,47_72,8,14886.0,15000.0
Mouse_Thymus4,53_27,6,15486.0,10500.0
Mouse_Thymus4,52_78,2,15386.0,15600.0
Mouse_Thymus4,27_70,5,12886.0,14800.0
Mouse_Thymus4,53_101,5,15486.0,17900.0
Mouse_Thymus4,35_34,5,13686.0,11200.0
Mouse_Thymus4,37_86,7,13886.0,16400.0
Mouse_Thymus4,64_7,7,16586.0,8500.0
Mouse_Thymus4,49_7,2,15086.0,8500.0
Mouse_Thymus4,52_2,7,15386.0,8000.0
Mouse_Thymus4,36_12,9,13786.0,9000.0
Mouse_Thymus4,52_25,6,15386.0,10300.0
Mouse_Thymus4,11_49,6,11286.0,12700.0
Mouse_Thymus4,36_57,1,13786.0,13500.0
Mouse_Thymus4,41_64,2,14286.0,14200.0
Mouse_Thymus4,44_90,5,14586.0,16800.0
Mouse_Thymus4,50_101,5,15186.0,17900.0
Mouse_Thymus4,31_54,5,13286.0,13200.0
Mouse_Thymus4,32_25,1,13386.0,10300.0
Mouse_Thymus4,55_84,2,15686.0,16200.0
Mouse_Thymus4,15_64,7,11686.0,14200.0
Mouse_Thymus4,20_77,8,12186.0,15500.0
Mouse_Thymus4,51_44,8,15286.0,12200.0
Mouse_Thymus4,49_4,8,15086.0,8200.0
Mouse_Thymus4,47_78,6,14886.0,15600.0
Mouse_Thymus4,31_86,5,13286.0,16400.0
Mouse_Thymus4,46_53,8,14786.0,13100.0
Mouse_Thymus4,57_87,7,15886.0,16500.0
Mouse_Thymus4,44_14,1,14586.0,9200.0
Mouse_Thymus4,9_35,2,11086.0,11300.0
Mouse_Thymus4,25_29,1,12686.0,10700.0
Mouse_Thymus4,23_79,7,12486.0,15700.0
Mouse_Thymus4,47_84,5,14886.0,16200.0
Mouse_Thymus4,7_35,8,10886.0,11300.0
Mouse_Thymus4,38_12,8,13986.0,9000.0
Mouse_Thymus4,33_49,5,13486.0,12700.0
Mouse_Thymus4,60_14,6,16186.0,9200.0
Mouse_Thymus4,8_54,6,10986.0,13200.0
Mouse_Thymus4,29_66,1,13086.0,14400.0
Mouse_Thymus4,57_117,7,15886.0,19500.0
Mouse_Thymus4,10_59,6,11186.0,13700.0
Mouse_Thymus4,61_95,2,16286.0,17300.0
Mouse_Thymus4,27_85,2,12886.0,16300.0
Mouse_Thymus4,24_63,5,12586.0,14100.0
Mouse_Thymus4,48_22,8,14986.0,10000.0
Mouse_Thymus4,62_7,5,16386.0,8500.0
Mouse_Thymus4,26_83,7,12786.0,16100.0
Mouse_Thymus4,41_67,2,14286.0,14500.0
Mouse_Thymus4,35_63,1,13686.0,14100.0
Mouse_Thymus4,57_96,2,15886.0,17400.0
Mouse_Thymus4,38_29,5,13986.0,10700.0
Mouse_Thymus4,49_17,1,15086.0,9500.0
Mouse_Thymus4,57_2,7,15886.0,8000.0
Mouse_Thymus4,36_68,1,13786.0,14600.0
Mouse_Thymus4,51_91,5,15286.0,16900.0
Mouse_Thymus4,4_53,6,10586.0,13100.0
Mouse_Thymus4,41_25,5,14286.0,10300.0
Mouse_Thymus4,51_74,2,15286.0,15200.0
Mouse_Thymus4,34_51,5,13586.0,12900.0
Mouse_Thymus4,37_31,5,13886.0,10900.0
Mouse_Thymus4,53_107,5,15486.0,18500.0
Mouse_Thymus4,29_76,5,13086.0,15400.0
Mouse_Thymus4,52_75,2,15386.0,15300.0
Mouse_Thymus4,18_72,2,11986.0,15000.0
Mouse_Thymus4,62_93,2,16386.0,17100.0
Mouse_Thymus4,62_1,2,16386.0,7900.0
Mouse_Thymus4,31_27,5,13286.0,10500.0
Mouse_Thymus4,16_40,5,11786.0,11800.0
Mouse_Thymus4,22_57,1,12386.0,13500.0
Mouse_Thymus4,48_101,2,14986.0,17900.0
Mouse_Thymus4,51_103,5,15286.0,18100.0
Mouse_Thymus4,70_2,7,17186.0,8000.0
Mouse_Thymus4,50_28,8,15186.0,10600.0
Mouse_Thymus4,22_47,5,12386.0,12500.0
Mouse_Thymus4,50_47,8,15186.0,12500.0
Mouse_Thymus4,62_96,2,16386.0,17400.0
Mouse_Thymus4,26_48,5,12786.0,12600.0
Mouse_Thymus4,4_48,6,10586.0,12600.0
Mouse_Thymus4,26_91,7,12786.0,16900.0
Mouse_Thymus4,67_0,8,16886.0,7800.0
Mouse_Thymus4,57_115,7,15886.0,19300.0
Mouse_Thymus4,17_51,1,11886.0,12900.0
Mouse_Thymus4,36_25,5,13786.0,10300.0
Mouse_Thymus4,14_49,2,11586.0,12700.0
Mouse_Thymus4,40_60,6,14186.0,13800.0
Mouse_Thymus4,19_83,2,12086.0,16100.0
Mouse_Thymus4,43_52,5,14486.0,13000.0
Mouse_Thymus4,20_27,8,12186.0,10500.0
Mouse_Thymus4,21_32,6,12286.0,11000.0
Mouse_Thymus4,40_57,5,14186.0,13500.0
Mouse_Thymus4,24_50,5,12586.0,12800.0
Mouse_Thymus4,52_103,5,15386.0,18100.0
Mouse_Thymus4,26_70,5,12786.0,14800.0
Mouse_Thymus4,13_68,6,11486.0,14600.0
Mouse_Thymus4,72_2,9,17386.0,8000.0
Mouse_Thymus4,49_72,9,15086.0,15000.0
Mouse_Thymus4,23_71,1,12486.0,14900.0
Mouse_Thymus4,4_54,6,10586.0,13200.0
Mouse_Thymus4,47_110,2,14886.0,18800.0
Mouse_Thymus4,16_41,5,11786.0,11900.0
Mouse_Thymus4,44_52,5,14586.0,13000.0
Mouse_Thymus4,15_63,6,11686.0,14100.0
Mouse_Thymus4,59_25,2,16086.0,10300.0
Mouse_Thymus4,31_73,8,13286.0,15100.0
Mouse_Thymus4,49_93,5,15086.0,17100.0
Mouse_Thymus4,8_46,6,10986.0,12400.0
Mouse_Thymus4,56_92,2,15786.0,17000.0
Mouse_Thymus4,52_79,2,15386.0,15700.0
Mouse_Thymus4,44_76,1,14586.0,15400.0
Mouse_Thymus4,30_75,1,13186.0,15300.0
Mouse_Thymus4,46_11,8,14786.0,8900.0
Mouse_Thymus4,59_95,2,16086.0,17300.0
Mouse_Thymus4,33_42,7,13486.0,12000.0
Mouse_Thymus4,23_52,5,12486.0,13000.0
Mouse_Thymus4,54_103,5,15586.0,18100.0
Mouse_Thymus4,61_30,2,16286.0,10800.0
Mouse_Thymus4,54_40,6,15586.0,11800.0
Mouse_Thymus4,39_67,5,14086.0,14500.0
Mouse_Thymus4,16_34,6,11786.0,11200.0
Mouse_Thymus4,45_37,2,14686.0,11500.0
Mouse_Thymus4,48_7,7,14986.0,8500.0
Mouse_Thymus4,23_42,5,12486.0,12000.0
Mouse_Thymus4,31_53,5,13286.0,13100.0
Mouse_Thymus4,62_33,8,16386.0,11100.0
Mouse_Thymus4,41_104,9,14286.0,18200.0
Mouse_Thymus4,23_36,7,12486.0,11400.0
Mouse_Thymus4,30_64,2,13186.0,14200.0
Mouse_Thymus4,34_63,1,13586.0,14100.0
Mouse_Thymus4,38_52,5,13986.0,13000.0
Mouse_Thymus4,54_45,9,15586.0,12300.0
Mouse_Thymus4,26_75,2,12786.0,15300.0
Mouse_Thymus4,43_83,5,14486.0,16100.0
Mouse_Thymus4,27_81,1,12886.0,15900.0
Mouse_Thymus4,31_91,1,13286.0,16900.0
Mouse_Thymus4,45_91,5,14686.0,16900.0
Mouse_Thymus4,35_73,6,13686.0,15100.0
Mouse_Thymus4,49_43,6,15086.0,12100.0
Mouse_Thymus4,49_94,5,15086.0,17200.0
Mouse_Thymus4,45_6,8,14686.0,8400.0
Mouse_Thymus4,47_17,5,14886.0,9500.0
Mouse_Thymus4,40_37,8,14186.0,11500.0
Mouse_Thymus4,15_59,6,11686.0,13700.0
Mouse_Thymus4,17_61,2,11886.0,13900.0
Mouse_Thymus4,59_37,2,16086.0,11500.0
Mouse_Thymus4,20_43,5,12186.0,12100.0
Mouse_Thymus4,31_55,5,13286.0,13300.0
Mouse_Thymus4,33_79,1,13486.0,15700.0
Mouse_Thymus4,36_85,1,13786.0,16300.0
Mouse_Thymus4,30_88,5,13186.0,16600.0
Mouse_Thymus4,32_44,5,13386.0,12200.0
Mouse_Thymus4,4_51,7,10586.0,12900.0
Mouse_Thymus4,53_9,5,15486.0,8700.0
Mouse_Thymus4,27_69,5,12886.0,14700.0
Mouse_Thymus4,60_28,6,16186.0,10600.0
Mouse_Thymus4,36_81,7,13786.0,15900.0
Mouse_Thymus4,35_51,5,13686.0,12900.0
Mouse_Thymus4,48_102,1,14986.0,18000.0
Mouse_Thymus4,17_47,5,11886.0,12500.0
Mouse_Thymus4,27_78,1,12886.0,15600.0
Mouse_Thymus4,43_81,5,14486.0,15900.0
Mouse_Thymus4,40_88,6,14186.0,16600.0
Mouse_Thymus4,37_64,5,13886.0,14200.0
Mouse_Thymus4,15_49,7,11686.0,12700.0
Mouse_Thymus4,56_29,2,15786.0,10700.0
Mouse_Thymus4,30_35,1,13186.0,11300.0
Mouse_Thymus4,3_54,6,10486.0,13200.0
Mouse_Thymus4,47_103,2,14886.0,18100.0
Mouse_Thymus4,1_55,2,10286.0,13300.0
Mouse_Thymus4,27_54,5,12886.0,13200.0
Mouse_Thymus4,69_3,7,17086.0,8100.0
Mouse_Thymus4,64_25,2,16586.0,10300.0
Mouse_Thymus4,30_65,1,13186.0,14300.0
Mouse_Thymus4,22_26,7,12386.0,10400.0
Mouse_Thymus4,34_69,1,13586.0,14700.0
Mouse_Thymus4,41_103,2,14286.0,18100.0
Mouse_Thymus4,45_8,2,14686.0,8600.0
Mouse_Thymus4,35_41,6,13686.0,11900.0
Mouse_Thymus4,24_33,5,12586.0,11100.0
Mouse_Thymus4,36_34,5,13786.0,11200.0
Mouse_Thymus4,19_48,5,12086.0,12600.0
Mouse_Thymus4,17_66,5,11886.0,14400.0
Mouse_Thymus4,27_88,2,12886.0,16600.0
Mouse_Thymus4,23_49,5,12486.0,12700.0
Mouse_Thymus4,60_90,2,16186.0,16800.0
Mouse_Thymus4,20_63,1,12186.0,14100.0
Mouse_Thymus4,45_33,6,14686.0,11100.0
Mouse_Thymus4,6_52,6,10786.0,13000.0
Mouse_Thymus4,23_67,5,12486.0,14500.0
Mouse_Thymus4,47_92,5,14886.0,17000.0
Mouse_Thymus4,0_55,2,10186.0,13300.0
Mouse_Thymus4,61_9,5,16286.0,8700.0
Mouse_Thymus4,12_51,6,11386.0,12900.0
Mouse_Thymus4,56_114,2,15786.0,19200.0
Mouse_Thymus4,34_72,7,13586.0,15000.0
Mouse_Thymus4,47_90,5,14886.0,16800.0
Mouse_Thymus4,41_49,5,14286.0,12700.0
Mouse_Thymus4,47_36,2,14886.0,11400.0
Mouse_Thymus4,45_15,5,14686.0,9300.0
Mouse_Thymus4,38_34,8,13986.0,11200.0
Mouse_Thymus4,45_48,5,14686.0,12600.0
Mouse_Thymus4,37_36,6,13886.0,11400.0
Mouse_Thymus4,24_76,2,12586.0,15400.0
Mouse_Thymus4,39_53,1,14086.0,13100.0
Mouse_Thymus4,42_105,9,14386.0,18300.0
Mouse_Thymus4,19_72,6,12086.0,15000.0
Mouse_Thymus4,57_82,2,15886.0,16000.0
Mouse_Thymus4,55_107,1,15686.0,18500.0
Mouse_Thymus4,38_32,5,13986.0,11000.0
Mouse_Thymus4,43_12,6,14486.0,9000.0
Mouse_Thymus4,56_42,2,15786.0,12000.0
Mouse_Thymus4,44_24,8,14586.0,10200.0
Mouse_Thymus4,44_12,6,14586.0,9000.0
Mouse_Thymus4,22_76,5,12386.0,15400.0
Mouse_Thymus4,51_117,9,15286.0,19500.0
Mouse_Thymus4,52_112,5,15386.0,19000.0
Mouse_Thymus4,36_77,7,13786.0,15500.0
Mouse_Thymus4,51_40,6,15286.0,11800.0
Mouse_Thymus4,56_31,2,15786.0,10900.0
Mouse_Thymus4,67_5,2,16886.0,8300.0
Mouse_Thymus4,50_5,2,15186.0,8300.0
Mouse_Thymus4,19_35,6,12086.0,11300.0
Mouse_Thymus4,40_23,5,14186.0,10100.0
Mouse_Thymus4,42_92,2,14386.0,17000.0
Mouse_Thymus4,40_82,2,14186.0,16000.0
Mouse_Thymus4,34_78,7,13586.0,15600.0
Mouse_Thymus4,44_11,6,14586.0,8900.0
Mouse_Thymus4,59_10,5,16086.0,8800.0
Mouse_Thymus4,40_71,1,14186.0,14900.0
Mouse_Thymus4,38_14,6,13986.0,9200.0
Mouse_Thymus4,18_71,6,11986.0,14900.0
Mouse_Thymus4,47_51,1,14886.0,12900.0
Mouse_Thymus4,54_86,2,15586.0,16400.0
Mouse_Thymus4,39_36,8,14086.0,11400.0
Mouse_Thymus4,37_23,5,13886.0,10100.0
Mouse_Thymus4,27_21,7,12886.0,9900.0
Mouse_Thymus4,9_33,7,11086.0,11100.0
Mouse_Thymus4,15_72,2,11686.0,15000.0
Mouse_Thymus4,60_97,2,16186.0,17500.0
Mouse_Thymus4,10_61,6,11186.0,13900.0
Mouse_Thymus4,36_16,6,13786.0,9400.0
Mouse_Thymus4,40_21,5,14186.0,9900.0
Mouse_Thymus4,18_61,2,11986.0,13900.0
Mouse_Thymus4,48_36,6,14986.0,11400.0
Mouse_Thymus4,24_73,1,12586.0,15100.0
Mouse_Thymus4,33_88,1,13486.0,16600.0
Mouse_Thymus4,14_60,7,11586.0,13800.0
Mouse_Thymus4,21_24,9,12286.0,10200.0
Mouse_Thymus4,21_31,6,12286.0,10900.0
Mouse_Thymus4,54_118,2,15586.0,19600.0
Mouse_Thymus4,46_48,5,14786.0,12600.0
Mouse_Thymus4,31_94,6,13286.0,17200.0
Mouse_Thymus4,44_40,6,14586.0,11800.0
Mouse_Thymus4,44_30,2,14586.0,10800.0
Mouse_Thymus4,29_35,6,13086.0,11300.0
Mouse_Thymus4,57_81,2,15886.0,15900.0
Mouse_Thymus4,39_48,6,14086.0,12600.0
Mouse_Thymus4,36_30,8,13786.0,10800.0
Mouse_Thymus4,55_31,6,15686.0,10900.0
Mouse_Thymus4,49_12,5,15086.0,9000.0
Mouse_Thymus4,48_49,5,14986.0,12700.0
Mouse_Thymus4,64_3,1,16586.0,8100.0
Mouse_Thymus4,47_47,5,14886.0,12500.0
Mouse_Thymus4,23_44,5,12486.0,12200.0
Mouse_Thymus4,7_61,2,10886.0,13900.0
Mouse_Thymus4,24_84,6,12586.0,16200.0
Mouse_Thymus4,45_89,5,14686.0,16700.0
Mouse_Thymus4,45_82,5,14686.0,16000.0
Mouse_Thymus4,37_33,5,13886.0,11100.0
Mouse_Thymus4,52_107,5,15386.0,18500.0
Mouse_Thymus4,63_0,8,16486.0,7800.0
Mouse_Thymus4,51_47,6,15286.0,12500.0
Mouse_Thymus4,54_37,1,15586.0,11500.0
Mouse_Thymus4,8_59,6,10986.0,13700.0
Mouse_Thymus4,50_81,1,15186.0,15900.0
Mouse_Thymus4,9_63,6,11086.0,14100.0
Mouse_Thymus4,31_51,5,13286.0,12900.0
Mouse_Thymus4,47_35,6,14886.0,11300.0
Mouse_Thymus4,64_24,2,16586.0,10200.0
Mouse_Thymus4,32_72,5,13386.0,15000.0
Mouse_Thymus4,22_44,5,12386.0,12200.0
Mouse_Thymus4,56_115,2,15786.0,19300.0
Mouse_Thymus4,54_23,6,15586.0,10100.0
Mouse_Thymus4,53_35,6,15486.0,11300.0
Mouse_Thymus4,45_81,5,14686.0,15900.0
Mouse_Thymus4,15_71,2,11686.0,14900.0
Mouse_Thymus4,30_25,1,13186.0,10300.0
Mouse_Thymus4,50_76,2,15186.0,15400.0
Mouse_Thymus4,42_80,5,14386.0,15800.0
Mouse_Thymus4,35_86,7,13686.0,16400.0
Mouse_Thymus4,41_91,1,14286.0,16900.0
Mouse_Thymus4,22_72,5,12386.0,15000.0
Mouse_Thymus4,50_87,5,15186.0,16500.0
Mouse_Thymus4,32_69,5,13386.0,14700.0
Mouse_Thymus4,43_72,1,14486.0,15000.0
Mouse_Thymus4,27_62,5,12886.0,14000.0
Mouse_Thymus4,59_101,2,16086.0,17900.0
Mouse_Thymus4,44_80,5,14586.0,15800.0
Mouse_Thymus4,7_52,6,10886.0,13000.0
Mouse_Thymus4,27_60,5,12886.0,13800.0
Mouse_Thymus4,8_62,2,10986.0,14000.0
Mouse_Thymus4,46_39,2,14786.0,11700.0
Mouse_Thymus4,50_99,1,15186.0,17700.0
Mouse_Thymus4,34_80,7,13586.0,15800.0
Mouse_Thymus4,42_11,8,14386.0,8900.0
Mouse_Thymus4,35_30,7,13686.0,10800.0
Mouse_Thymus4,52_97,5,15386.0,17500.0
Mouse_Thymus4,42_99,2,14386.0,17700.0
Mouse_Thymus4,28_40,5,12986.0,11800.0
Mouse_Thymus4,31_80,5,13286.0,15800.0
Mouse_Thymus4,35_49,7,13686.0,12700.0
Mouse_Thymus4,38_51,5,13986.0,12900.0
Mouse_Thymus4,59_17,2,16086.0,9500.0
Mouse_Thymus4,24_87,9,12586.0,16500.0
Mouse_Thymus4,18_37,5,11986.0,11500.0
Mouse_Thymus4,27_92,9,12886.0,17000.0
Mouse_Thymus4,31_38,2,13286.0,11600.0
Mouse_Thymus4,43_100,6,14486.0,17800.0
Mouse_Thymus4,33_45,1,13486.0,12300.0
Mouse_Thymus4,27_83,6,12886.0,16100.0
Mouse_Thymus4,27_42,1,12886.0,12000.0
Mouse_Thymus4,53_88,1,15486.0,16600.0
Mouse_Thymus4,54_13,6,15586.0,9100.0
Mouse_Thymus4,20_78,2,12186.0,15600.0
Mouse_Thymus4,16_72,2,11786.0,15000.0
Mouse_Thymus4,58_95,2,15986.0,17300.0
Mouse_Thymus4,24_38,5,12586.0,11600.0
Mouse_Thymus4,34_64,6,13586.0,14200.0
Mouse_Thymus4,38_63,5,13986.0,14100.0
Mouse_Thymus4,29_57,5,13086.0,13500.0
Mouse_Thymus4,56_80,2,15786.0,15800.0
Mouse_Thymus4,41_96,2,14286.0,17400.0
Mouse_Thymus4,7_45,2,10886.0,12300.0
Mouse_Thymus4,62_92,2,16386.0,17000.0
Mouse_Thymus4,54_91,2,15586.0,16900.0
Mouse_Thymus4,3_56,6,10486.0,13400.0
Mouse_Thymus4,0_56,2,10186.0,13400.0
Mouse_Thymus4,59_103,2,16086.0,18100.0
Mouse_Thymus4,57_21,6,15886.0,9900.0
Mouse_Thymus4,12_62,6,11386.0,14000.0
Mouse_Thymus4,57_101,1,15886.0,17900.0
Mouse_Thymus4,27_68,5,12886.0,14600.0
Mouse_Thymus4,42_97,1,14386.0,17500.0
Mouse_Thymus4,43_107,2,14486.0,18500.0
Mouse_Thymus4,62_26,2,16386.0,10400.0
Mouse_Thymus4,55_96,1,15686.0,17400.0
Mouse_Thymus4,34_28,1,13586.0,10600.0
Mouse_Thymus4,26_78,6,12786.0,15600.0
Mouse_Thymus4,33_38,6,13486.0,11600.0
Mouse_Thymus4,43_38,2,14486.0,11600.0
Mouse_Thymus4,62_14,2,16386.0,9200.0
Mouse_Thymus4,23_75,5,12486.0,15300.0
Mouse_Thymus4,13_56,6,11486.0,13400.0
Mouse_Thymus4,24_53,1,12586.0,13100.0
Mouse_Thymus4,60_27,6,16186.0,10500.0
Mouse_Thymus4,33_68,1,13486.0,14600.0
Mouse_Thymus4,33_61,8,13486.0,13900.0
Mouse_Thymus4,37_88,2,13886.0,16600.0
Mouse_Thymus4,61_90,7,16286.0,16800.0
Mouse_Thymus4,44_72,2,14586.0,15000.0
Mouse_Thymus4,48_88,5,14986.0,16600.0
Mouse_Thymus4,21_85,2,12286.0,16300.0
Mouse_Thymus4,41_50,5,14286.0,12800.0
Mouse_Thymus4,11_40,6,11286.0,11800.0
Mouse_Thymus4,39_26,5,14086.0,10400.0
Mouse_Thymus4,30_29,5,13186.0,10700.0
Mouse_Thymus4,57_31,8,15886.0,10900.0
Mouse_Thymus4,35_22,1,13686.0,10000.0
Mouse_Thymus4,21_49,5,12286.0,12700.0
Mouse_Thymus4,62_95,2,16386.0,17300.0
Mouse_Thymus4,26_87,6,12786.0,16500.0
Mouse_Thymus4,16_64,8,11786.0,14200.0
Mouse_Thymus4,27_84,1,12886.0,16200.0
Mouse_Thymus4,40_55,5,14186.0,13300.0
Mouse_Thymus4,54_44,2,15586.0,12200.0
Mouse_Thymus4,12_53,6,11386.0,13100.0
Mouse_Thymus4,19_43,5,12086.0,12100.0
Mouse_Thymus4,35_36,1,13686.0,11400.0
Mouse_Thymus4,54_39,8,15586.0,11700.0
Mouse_Thymus4,27_82,2,12886.0,16000.0
Mouse_Thymus4,39_81,1,14086.0,15900.0
Mouse_Thymus4,38_35,2,13986.0,11300.0
Mouse_Thymus4,13_41,7,11486.0,11900.0
Mouse_Thymus4,48_27,2,14986.0,10500.0
Mouse_Thymus4,10_53,7,11186.0,13100.0
Mouse_Thymus4,43_92,6,14486.0,17000.0
Mouse_Thymus4,40_93,2,14186.0,17100.0
Mouse_Thymus4,29_75,5,13086.0,15300.0
Mouse_Thymus4,15_55,7,11686.0,13300.0
Mouse_Thymus4,18_53,1,11986.0,13100.0
Mouse_Thymus4,34_61,8,13586.0,13900.0
Mouse_Thymus4,37_16,2,13886.0,9400.0
Mouse_Thymus4,54_15,6,15586.0,9300.0
Mouse_Thymus4,6_60,2,10786.0,13800.0
Mouse_Thymus4,44_105,6,14586.0,18300.0
Mouse_Thymus4,49_15,1,15086.0,9300.0
Mouse_Thymus4,23_29,6,12486.0,10700.0
Mouse_Thymus4,52_21,6,15386.0,9900.0
Mouse_Thymus4,50_27,8,15186.0,10500.0
Mouse_Thymus4,21_83,2,12286.0,16100.0
Mouse_Thymus4,58_25,6,15986.0,10300.0
Mouse_Thymus4,11_55,7,11286.0,13300.0
Mouse_Thymus4,26_49,5,12786.0,12700.0
Mouse_Thymus4,47_42,1,14886.0,12000.0
Mouse_Thymus4,30_53,5,13186.0,13100.0
Mouse_Thymus4,28_19,1,12986.0,9700.0
Mouse_Thymus4,38_37,8,13986.0,11500.0
Mouse_Thymus4,44_50,5,14586.0,12800.0
Mouse_Thymus4,43_69,6,14486.0,14700.0
Mouse_Thymus4,34_40,6,13586.0,11800.0
Mouse_Thymus4,15_34,6,11686.0,11200.0
Mouse_Thymus4,42_49,1,14386.0,12700.0
Mouse_Thymus4,27_40,5,12886.0,11800.0
Mouse_Thymus4,46_41,6,14786.0,11900.0
Mouse_Thymus4,41_72,1,14286.0,15000.0
Mouse_Thymus4,37_65,5,13886.0,14300.0
Mouse_Thymus4,38_65,5,13986.0,14300.0
Mouse_Thymus4,39_64,5,14086.0,14200.0
Mouse_Thymus4,50_15,2,15186.0,9300.0
Mouse_Thymus4,58_112,2,15986.0,19000.0
Mouse_Thymus4,13_64,8,11486.0,14200.0
Mouse_Thymus4,62_34,8,16386.0,11200.0
Mouse_Thymus4,51_85,5,15286.0,16300.0
Mouse_Thymus4,50_104,5,15186.0,18200.0
Mouse_Thymus4,60_100,2,16186.0,17800.0
Mouse_Thymus4,42_69,6,14386.0,14700.0
Mouse_Thymus4,56_3,2,15786.0,8100.0
Mouse_Thymus4,45_25,6,14686.0,10300.0
Mouse_Thymus4,31_58,1,13286.0,13600.0
Mouse_Thymus4,46_92,5,14786.0,17000.0
Mouse_Thymus4,43_29,6,14486.0,10700.0
Mouse_Thymus4,27_32,5,12886.0,11000.0
Mouse_Thymus4,36_36,1,13786.0,11400.0
Mouse_Thymus4,49_29,8,15086.0,10700.0
Mouse_Thymus4,23_65,5,12486.0,14300.0
Mouse_Thymus4,43_76,5,14486.0,15400.0
Mouse_Thymus4,38_21,5,13986.0,9900.0
Mouse_Thymus4,42_101,6,14386.0,17900.0
Mouse_Thymus4,50_88,5,15186.0,16600.0
Mouse_Thymus4,28_30,5,12986.0,10800.0
Mouse_Thymus4,61_101,2,16286.0,17900.0
Mouse_Thymus4,54_21,6,15586.0,9900.0
Mouse_Thymus4,39_16,6,14086.0,9400.0
Mouse_Thymus4,49_5,6,15086.0,8300.0
Mouse_Thymus4,58_16,6,15986.0,9400.0
Mouse_Thymus4,15_39,6,11686.0,11700.0
Mouse_Thymus4,13_54,7,11486.0,13200.0
Mouse_Thymus4,61_103,2,16286.0,18100.0
Mouse_Thymus4,42_82,5,14386.0,16000.0
Mouse_Thymus4,66_1,2,16786.0,7900.0
Mouse_Thymus4,50_12,5,15186.0,9000.0
Mouse_Thymus4,58_38,2,15986.0,11600.0
Mouse_Thymus4,42_100,7,14386.0,17800.0
Mouse_Thymus4,43_84,1,14486.0,16200.0
Mouse_Thymus4,35_42,7,13686.0,12000.0
Mouse_Thymus4,28_60,5,12986.0,13800.0
Mouse_Thymus4,59_26,6,16086.0,10400.0
Mouse_Thymus4,60_15,6,16186.0,9300.0
Mouse_Thymus4,36_82,2,13786.0,16000.0
Mouse_Thymus4,18_58,1,11986.0,13600.0
Mouse_Thymus4,25_50,5,12686.0,12800.0
Mouse_Thymus4,26_90,2,12786.0,16800.0
Mouse_Thymus4,57_30,6,15886.0,10800.0
Mouse_Thymus4,50_23,6,15186.0,10100.0
Mouse_Thymus4,18_56,2,11986.0,13400.0
Mouse_Thymus4,50_105,5,15186.0,18300.0
Mouse_Thymus4,50_78,2,15186.0,15600.0
Mouse_Thymus4,46_74,6,14786.0,15200.0
Mouse_Thymus4,38_66,5,13986.0,14400.0
Mouse_Thymus4,56_4,2,15786.0,8200.0
Mouse_Thymus4,51_18,6,15286.0,9600.0
Mouse_Thymus4,58_14,6,15986.0,9200.0
Mouse_Thymus4,56_23,2,15786.0,10100.0
Mouse_Thymus4,46_12,5,14786.0,9000.0
Mouse_Thymus4,50_93,5,15186.0,17100.0
Mouse_Thymus4,38_24,5,13986.0,10200.0
Mouse_Thymus4,53_15,2,15486.0,9300.0
Mouse_Thymus4,31_43,5,13286.0,12100.0
Mouse_Thymus4,19_38,5,12086.0,11600.0
Mouse_Thymus4,44_7,7,14586.0,8500.0
Mouse_Thymus4,14_44,6,11586.0,12200.0
Mouse_Thymus4,16_39,7,11786.0,11700.0
Mouse_Thymus4,16_67,8,11786.0,14500.0
Mouse_Thymus4,25_83,6,12686.0,16100.0
Mouse_Thymus4,50_94,5,15186.0,17200.0
Mouse_Thymus4,16_43,5,11786.0,12100.0
Mouse_Thymus4,26_65,5,12786.0,14300.0
Mouse_Thymus4,40_9,9,14186.0,8700.0
Mouse_Thymus4,37_44,6,13886.0,12200.0
Mouse_Thymus4,42_91,2,14386.0,16900.0
Mouse_Thymus4,64_12,9,16586.0,9000.0
Mouse_Thymus4,22_32,8,12386.0,11000.0
Mouse_Thymus4,50_36,6,15186.0,11400.0
Mouse_Thymus4,57_103,6,15886.0,18100.0
Mouse_Thymus4,24_59,5,12586.0,13700.0
Mouse_Thymus4,63_22,7,16486.0,10000.0
Mouse_Thymus4,50_30,7,15186.0,10800.0
Mouse_Thymus4,32_27,5,13386.0,10500.0
Mouse_Thymus4,36_94,1,13786.0,17200.0
Mouse_Thymus4,1_53,2,10286.0,13100.0
Mouse_Thymus4,6_39,6,10786.0,11700.0
Mouse_Thymus4,18_54,6,11986.0,13200.0
Mouse_Thymus4,41_58,5,14286.0,13600.0
Mouse_Thymus4,56_95,7,15786.0,17300.0
Mouse_Thymus4,43_67,2,14486.0,14500.0
Mouse_Thymus4,17_55,7,11886.0,13300.0
Mouse_Thymus4,20_68,7,12186.0,14600.0
Mouse_Thymus4,41_90,7,14286.0,16800.0
Mouse_Thymus4,29_26,5,13086.0,10400.0
Mouse_Thymus4,21_38,5,12286.0,11600.0
Mouse_Thymus4,6_56,6,10786.0,13400.0
Mouse_Thymus4,43_49,5,14486.0,12700.0
Mouse_Thymus4,48_77,2,14986.0,15500.0
Mouse_Thymus4,62_100,7,16386.0,17800.0
Mouse_Thymus4,10_31,9,11186.0,10900.0
Mouse_Thymus4,37_96,6,13886.0,17400.0
Mouse_Thymus4,34_94,1,13586.0,17200.0
Mouse_Thymus4,36_75,1,13786.0,15300.0
Mouse_Thymus4,27_79,6,12886.0,15700.0
Mouse_Thymus4,59_35,7,16086.0,11300.0
Mouse_Thymus4,44_35,8,14586.0,11300.0
Mouse_Thymus4,35_15,6,13686.0,9300.0
Mouse_Thymus4,15_67,6,11686.0,14500.0
Mouse_Thymus4,33_93,6,13486.0,17100.0
Mouse_Thymus4,21_80,7,12286.0,15800.0
Mouse_Thymus4,60_33,6,16186.0,11100.0
Mouse_Thymus4,17_46,5,11886.0,12400.0
Mouse_Thymus4,58_29,2,15986.0,10700.0
Mouse_Thymus4,51_31,6,15286.0,10900.0
Mouse_Thymus4,5_47,8,10686.0,12500.0
Mouse_Thymus4,41_52,5,14286.0,13000.0
Mouse_Thymus4,38_50,5,13986.0,12800.0
Mouse_Thymus4,6_44,2,10786.0,12200.0
Mouse_Thymus4,23_59,2,12486.0,13700.0
Mouse_Thymus4,6_57,2,10786.0,13500.0
Mouse_Thymus4,12_54,7,11386.0,13200.0
Mouse_Thymus4,42_60,2,14386.0,13800.0
Mouse_Thymus4,59_94,6,16086.0,17200.0
Mouse_Thymus4,23_63,5,12486.0,14100.0
Mouse_Thymus4,38_94,2,13986.0,17200.0
Mouse_Thymus4,18_63,7,11986.0,14100.0
Mouse_Thymus4,57_110,2,15886.0,18800.0
Mouse_Thymus4,56_97,2,15786.0,17500.0
Mouse_Thymus4,38_87,2,13986.0,16500.0
Mouse_Thymus4,68_8,2,16986.0,8600.0
Mouse_Thymus4,47_76,5,14886.0,15400.0
Mouse_Thymus4,19_64,6,12086.0,14200.0
Mouse_Thymus4,62_24,2,16386.0,10200.0
Mouse_Thymus4,62_8,7,16386.0,8600.0
Mouse_Thymus4,45_45,8,14686.0,12300.0
Mouse_Thymus4,33_21,6,13486.0,9900.0
Mouse_Thymus4,29_63,6,13086.0,14100.0
Mouse_Thymus4,50_10,5,15186.0,8800.0
Mouse_Thymus4,37_12,6,13886.0,9000.0
Mouse_Thymus4,29_92,6,13086.0,17000.0
Mouse_Thymus4,46_94,5,14786.0,17200.0
Mouse_Thymus4,26_45,5,12786.0,12300.0
Mouse_Thymus4,19_58,1,12086.0,13600.0
Mouse_Thymus4,14_58,2,11586.0,13600.0
Mouse_Thymus4,45_108,2,14686.0,18600.0
Mouse_Thymus4,34_79,1,13586.0,15700.0
Mouse_Thymus4,51_34,1,15286.0,11200.0
Mouse_Thymus4,21_64,1,12286.0,14200.0
Mouse_Thymus4,59_91,2,16086.0,16900.0
Mouse_Thymus4,52_40,6,15386.0,11800.0
Mouse_Thymus4,38_48,6,13986.0,12600.0
Mouse_Thymus4,46_72,2,14786.0,15000.0
Mouse_Thymus4,10_50,6,11186.0,12800.0
Mouse_Thymus4,29_55,5,13086.0,13300.0
Mouse_Thymus4,40_11,2,14186.0,8900.0
Mouse_Thymus4,34_29,1,13586.0,10700.0
Mouse_Thymus4,48_97,5,14986.0,17500.0
Mouse_Thymus4,19_59,1,12086.0,13700.0
Mouse_Thymus4,49_44,6,15086.0,12200.0
Mouse_Thymus4,55_78,9,15686.0,15600.0
Mouse_Thymus4,0_53,9,10186.0,13100.0
Mouse_Thymus4,42_85,8,14386.0,16300.0
Mouse_Thymus4,28_61,5,12986.0,13900.0
Mouse_Thymus4,45_21,8,14686.0,9900.0
Mouse_Thymus4,32_79,1,13386.0,15700.0
Mouse_Thymus4,51_38,6,15286.0,11600.0
Mouse_Thymus4,9_47,6,11086.0,12500.0
Mouse_Thymus4,11_30,9,11286.0,10800.0
Mouse_Thymus4,54_6,6,15586.0,8400.0
Mouse_Thymus4,29_24,6,13086.0,10200.0
Mouse_Thymus4,8_43,7,10986.0,12100.0
Mouse_Thymus4,58_107,6,15986.0,18500.0
Mouse_Thymus4,57_35,6,15886.0,11300.0
Mouse_Thymus4,49_87,5,15086.0,16500.0
Mouse_Thymus4,50_41,8,15186.0,11900.0
Mouse_Thymus4,58_108,2,15986.0,18600.0
Mouse_Thymus4,31_41,1,13286.0,11900.0
Mouse_Thymus4,22_65,1,12386.0,14300.0
Mouse_Thymus4,47_114,8,14886.0,19200.0
Mouse_Thymus4,60_89,2,16186.0,16700.0
Mouse_Thymus4,50_46,8,15186.0,12400.0
Mouse_Thymus4,31_20,6,13286.0,9800.0
Mouse_Thymus4,60_96,2,16186.0,17400.0
Mouse_Thymus4,33_94,6,13486.0,17200.0
Mouse_Thymus4,13_36,6,11486.0,11400.0
Mouse_Thymus4,60_29,6,16186.0,10700.0
Mouse_Thymus4,5_49,2,10686.0,12700.0
Mouse_Thymus4,23_50,5,12486.0,12800.0
Mouse_Thymus4,6_37,2,10786.0,11500.0
Mouse_Thymus4,24_37,5,12586.0,11500.0
Mouse_Thymus4,35_13,9,13686.0,9100.0
Mouse_Thymus4,44_29,6,14586.0,10700.0
Mouse_Thymus4,27_90,7,12886.0,16800.0
Mouse_Thymus4,59_8,5,16086.0,8600.0
Mouse_Thymus4,43_25,5,14486.0,10300.0
Mouse_Thymus4,20_38,5,12186.0,11600.0
Mouse_Thymus4,47_102,2,14886.0,18000.0
Mouse_Thymus4,28_47,1,12986.0,12500.0
Mouse_Thymus4,16_47,5,11786.0,12500.0
Mouse_Thymus4,57_26,6,15886.0,10400.0
Mouse_Thymus4,33_40,8,13486.0,11800.0
Mouse_Thymus4,66_5,1,16786.0,8300.0
Mouse_Thymus4,50_16,1,15186.0,9400.0
Mouse_Thymus4,2_53,7,10386.0,13100.0
Mouse_Thymus4,34_30,6,13586.0,10800.0
Mouse_Thymus4,2_60,2,10386.0,13800.0
Mouse_Thymus4,11_65,2,11286.0,14300.0
Mouse_Thymus4,44_82,5,14586.0,16000.0
Mouse_Thymus4,26_37,5,12786.0,11500.0
Mouse_Thymus4,25_38,5,12686.0,11600.0
Mouse_Thymus4,44_42,7,14586.0,12000.0
Mouse_Thymus4,47_31,8,14886.0,10900.0
Mouse_Thymus4,41_15,1,14286.0,9300.0
Mouse_Thymus4,7_55,6,10886.0,13300.0
Mouse_Thymus4,28_54,5,12986.0,13200.0
Mouse_Thymus4,45_76,2,14686.0,15400.0
Mouse_Thymus4,37_67,5,13886.0,14500.0
Mouse_Thymus4,51_75,2,15286.0,15300.0
Mouse_Thymus4,33_67,1,13486.0,14500.0
Mouse_Thymus4,24_32,5,12586.0,11000.0
Mouse_Thymus4,44_86,5,14586.0,16400.0
Mouse_Thymus4,58_98,2,15986.0,17600.0
Mouse_Thymus4,61_6,5,16286.0,8400.0
Mouse_Thymus4,18_65,5,11986.0,14300.0
Mouse_Thymus4,40_20,5,14186.0,9800.0
Mouse_Thymus4,49_8,6,15086.0,8600.0
Mouse_Thymus4,55_119,2,15686.0,19700.0
Mouse_Thymus4,50_97,5,15186.0,17500.0
Mouse_Thymus4,57_10,5,15886.0,8800.0
Mouse_Thymus4,51_21,6,15286.0,9900.0
Mouse_Thymus4,60_106,2,16186.0,18400.0
Mouse_Thymus4,36_92,1,13786.0,17000.0
Mouse_Thymus4,9_41,6,11086.0,11900.0
Mouse_Thymus4,60_16,8,16186.0,9400.0
Mouse_Thymus4,20_34,8,12186.0,11200.0
Mouse_Thymus4,34_77,1,13586.0,15500.0
Mouse_Thymus4,39_23,5,14086.0,10100.0
Mouse_Thymus4,47_25,6,14886.0,10300.0
Mouse_Thymus4,31_62,1,13286.0,14000.0
Mouse_Thymus4,32_23,2,13386.0,10100.0
Mouse_Thymus4,37_51,5,13886.0,12900.0
Mouse_Thymus4,48_76,2,14986.0,15400.0
Mouse_Thymus4,64_28,2,16586.0,10600.0
Mouse_Thymus4,40_48,1,14186.0,12600.0
Mouse_Thymus4,58_85,2,15986.0,16300.0
Mouse_Thymus4,34_19,6,13586.0,9700.0
Mouse_Thymus4,18_45,5,11986.0,12300.0
Mouse_Thymus4,43_46,1,14486.0,12400.0
Mouse_Thymus4,18_49,1,11986.0,12700.0
Mouse_Thymus4,55_103,7,15686.0,18100.0
Mouse_Thymus4,64_6,2,16586.0,8400.0
Mouse_Thymus4,33_77,8,13486.0,15500.0
Mouse_Thymus4,36_71,2,13786.0,14900.0
Mouse_Thymus4,53_93,5,15486.0,17100.0
Mouse_Thymus4,37_69,1,13886.0,14700.0
Mouse_Thymus4,56_93,7,15786.0,17100.0
Mouse_Thymus4,49_47,2,15086.0,12500.0
Mouse_Thymus4,37_78,7,13886.0,15600.0
Mouse_Thymus4,48_5,8,14986.0,8300.0
Mouse_Thymus4,31_69,5,13286.0,14700.0
Mouse_Thymus4,34_25,5,13586.0,10300.0
Mouse_Thymus4,29_56,5,13086.0,13400.0
Mouse_Thymus4,26_33,5,12786.0,11100.0
Mouse_Thymus4,31_25,6,13286.0,10300.0
Mouse_Thymus4,44_107,7,14586.0,18500.0
Mouse_Thymus4,39_21,5,14086.0,9900.0
Mouse_Thymus4,60_101,2,16186.0,17900.0
Mouse_Thymus4,23_48,5,12486.0,12600.0
Mouse_Thymus4,57_7,5,15886.0,8500.0
Mouse_Thymus4,27_77,7,12886.0,15500.0
Mouse_Thymus4,44_79,5,14586.0,15700.0
Mouse_Thymus4,22_70,5,12386.0,14800.0
Mouse_Thymus4,51_33,6,15286.0,11100.0
Mouse_Thymus4,52_85,5,15386.0,16300.0
Mouse_Thymus4,12_35,6,11386.0,11300.0
Mouse_Thymus4,6_55,7,10786.0,13300.0
Mouse_Thymus4,37_45,2,13886.0,12300.0
Mouse_Thymus4,42_103,6,14386.0,18100.0
Mouse_Thymus4,17_63,8,11886.0,14100.0
Mouse_Thymus4,49_30,8,15086.0,10800.0
Mouse_Thymus4,27_59,5,12886.0,13700.0
Mouse_Thymus4,45_44,6,14686.0,12200.0
Mouse_Thymus4,55_106,1,15686.0,18400.0
Mouse_Thymus4,14_37,6,11586.0,11500.0
Mouse_Thymus4,5_46,6,10686.0,12400.0
Mouse_Thymus4,44_68,2,14586.0,14600.0
Mouse_Thymus4,58_7,5,15986.0,8500.0
Mouse_Thymus4,56_104,7,15786.0,18200.0
Mouse_Thymus4,28_46,1,12986.0,12400.0
Mouse_Thymus4,39_91,1,14086.0,16900.0
Mouse_Thymus4,24_67,5,12586.0,14500.0
Mouse_Thymus4,38_59,5,13986.0,13700.0
Mouse_Thymus4,47_52,7,14886.0,13000.0
Mouse_Thymus4,27_56,5,12886.0,13400.0
Mouse_Thymus4,30_61,1,13186.0,13900.0
Mouse_Thymus4,14_54,6,11586.0,13200.0
Mouse_Thymus4,29_50,5,13086.0,12800.0
Mouse_Thymus4,11_53,6,11286.0,13100.0
Mouse_Thymus4,41_40,6,14286.0,11800.0
Mouse_Thymus4,55_9,5,15686.0,8700.0
Mouse_Thymus4,14_65,2,11586.0,14300.0
Mouse_Thymus4,29_33,1,13086.0,11100.0
Mouse_Thymus4,21_25,7,12286.0,10300.0
Mouse_Thymus4,13_62,2,11486.0,14000.0
Mouse_Thymus4,34_90,5,13586.0,16800.0
Mouse_Thymus4,43_101,6,14486.0,17900.0
Mouse_Thymus4,38_17,1,13986.0,9500.0
Mouse_Thymus4,46_29,6,14786.0,10700.0
Mouse_Thymus4,26_74,6,12786.0,15200.0
Mouse_Thymus4,60_8,5,16186.0,8600.0
Mouse_Thymus4,58_84,2,15986.0,16200.0
Mouse_Thymus4,30_67,1,13186.0,14500.0
Mouse_Thymus4,44_92,1,14586.0,17000.0
Mouse_Thymus4,39_83,2,14086.0,16100.0
Mouse_Thymus4,49_78,2,15086.0,15600.0
Mouse_Thymus4,15_36,6,11686.0,11400.0
Mouse_Thymus4,50_13,1,15186.0,9100.0
Mouse_Thymus4,55_17,2,15686.0,9500.0
Mouse_Thymus4,61_34,2,16286.0,11200.0
Mouse_Thymus4,32_82,5,13386.0,16000.0
Mouse_Thymus4,14_42,6,11586.0,12000.0
Mouse_Thymus4,32_81,5,13386.0,15900.0
Mouse_Thymus4,49_108,1,15086.0,18600.0
Mouse_Thymus4,49_35,2,15086.0,11300.0
Mouse_Thymus4,56_105,8,15786.0,18300.0
Mouse_Thymus4,53_16,6,15486.0,9400.0
Mouse_Thymus4,31_64,2,13286.0,14200.0
Mouse_Thymus4,2_50,2,10386.0,12800.0
Mouse_Thymus4,22_63,5,12386.0,14100.0
Mouse_Thymus4,49_26,6,15086.0,10400.0
Mouse_Thymus4,30_40,7,13186.0,11800.0
Mouse_Thymus4,31_79,5,13286.0,15700.0
Mouse_Thymus4,35_23,5,13686.0,10100.0
Mouse_Thymus4,33_82,5,13486.0,16000.0
Mouse_Thymus4,42_32,6,14386.0,11000.0
Mouse_Thymus4,69_2,2,17086.0,8000.0
Mouse_Thymus4,15_50,6,11686.0,12800.0
Mouse_Thymus4,39_76,1,14086.0,15400.0
Mouse_Thymus4,57_5,7,15886.0,8300.0
Mouse_Thymus4,40_73,1,14186.0,15100.0
Mouse_Thymus4,9_42,7,11086.0,12000.0
Mouse_Thymus4,22_24,2,12386.0,10200.0
Mouse_Thymus4,43_63,9,14486.0,14100.0
Mouse_Thymus4,39_33,1,14086.0,11100.0
Mouse_Thymus4,41_19,5,14286.0,9700.0
Mouse_Thymus4,23_55,6,12486.0,13300.0
Mouse_Thymus4,32_95,2,13386.0,17300.0
Mouse_Thymus4,37_56,7,13886.0,13400.0
Mouse_Thymus4,57_9,5,15886.0,8700.0
Mouse_Thymus4,56_38,6,15786.0,11600.0
Mouse_Thymus4,42_79,5,14386.0,15700.0
Mouse_Thymus4,43_21,8,14486.0,9900.0
Mouse_Thymus4,58_9,5,15986.0,8700.0
Mouse_Thymus4,42_41,6,14386.0,11900.0
Mouse_Thymus4,25_65,5,12686.0,14300.0
Mouse_Thymus4,9_32,2,11086.0,11000.0
Mouse_Thymus4,34_95,1,13586.0,17300.0
Mouse_Thymus4,40_80,1,14186.0,15800.0
Mouse_Thymus4,24_54,8,12586.0,13200.0
Mouse_Thymus4,51_20,6,15286.0,9800.0
Mouse_Thymus4,34_93,1,13586.0,17100.0
Mouse_Thymus4,52_6,6,15386.0,8400.0
Mouse_Thymus4,25_55,5,12686.0,13300.0
Mouse_Thymus4,59_112,8,16086.0,19000.0
Mouse_Thymus4,35_68,2,13686.0,14600.0
Mouse_Thymus4,14_45,7,11586.0,12300.0
Mouse_Thymus4,11_63,6,11286.0,14100.0
Mouse_Thymus4,23_73,5,12486.0,15100.0
Mouse_Thymus4,37_58,1,13886.0,13600.0
Mouse_Thymus4,46_75,2,14786.0,15300.0
Mouse_Thymus4,36_43,8,13786.0,12100.0
Mouse_Thymus4,13_45,6,11486.0,12300.0
Mouse_Thymus4,38_16,2,13986.0,9400.0
Mouse_Thymus4,68_1,2,16986.0,7900.0
Mouse_Thymus4,41_44,7,14286.0,12200.0
Mouse_Thymus4,29_80,1,13086.0,15800.0
Mouse_Thymus4,43_98,2,14486.0,17600.0
Mouse_Thymus4,51_13,6,15286.0,9100.0
Mouse_Thymus4,32_49,5,13386.0,12700.0
Mouse_Thymus4,42_61,2,14386.0,13900.0
Mouse_Thymus4,39_46,6,14086.0,12400.0
Mouse_Thymus4,66_7,2,16786.0,8500.0
Mouse_Thymus4,34_60,8,13586.0,13800.0
Mouse_Thymus4,41_63,6,14286.0,14100.0
Mouse_Thymus4,46_109,6,14786.0,18700.0
Mouse_Thymus4,33_18,6,13486.0,9600.0
Mouse_Thymus4,56_110,2,15786.0,18800.0
Mouse_Thymus4,57_6,5,15886.0,8400.0
Mouse_Thymus4,56_98,1,15786.0,17600.0
Mouse_Thymus4,19_55,2,12086.0,13300.0
Mouse_Thymus4,25_44,5,12686.0,12200.0
Mouse_Thymus4,48_90,5,14986.0,16800.0
Mouse_Thymus4,58_31,6,15986.0,10900.0
Mouse_Thymus4,40_53,5,14186.0,13100.0
Mouse_Thymus4,41_18,5,14286.0,9600.0
Mouse_Thymus4,34_76,2,13586.0,15400.0
Mouse_Thymus4,61_93,6,16286.0,17100.0
Mouse_Thymus4,17_50,2,11886.0,12800.0
Mouse_Thymus4,28_63,5,12986.0,14100.0
Mouse_Thymus4,38_69,5,13986.0,14700.0
Mouse_Thymus4,34_50,5,13586.0,12800.0
Mouse_Thymus4,36_95,1,13786.0,17300.0
Mouse_Thymus4,33_36,6,13486.0,11400.0
Mouse_Thymus4,3_60,2,10486.0,13800.0
Mouse_Thymus4,35_39,7,13686.0,11700.0
Mouse_Thymus4,13_65,2,11486.0,14300.0
Mouse_Thymus4,58_18,6,15986.0,9600.0
Mouse_Thymus4,46_22,7,14786.0,10000.0
Mouse_Thymus4,44_22,8,14586.0,10000.0
Mouse_Thymus4,64_1,1,16586.0,7900.0
Mouse_Thymus4,59_102,6,16086.0,18000.0
Mouse_Thymus4,60_88,2,16186.0,16600.0
Mouse_Thymus4,59_87,2,16086.0,16500.0
Mouse_Thymus4,46_106,6,14786.0,18400.0
Mouse_Thymus4,44_100,6,14586.0,17800.0
Mouse_Thymus4,49_9,8,15086.0,8700.0
Mouse_Thymus4,46_36,6,14786.0,11400.0
Mouse_Thymus4,57_33,6,15886.0,11100.0
Mouse_Thymus4,53_99,5,15486.0,17700.0
Mouse_Thymus4,3_55,7,10486.0,13300.0
Mouse_Thymus4,42_48,5,14386.0,12600.0
Mouse_Thymus4,13_50,2,11486.0,12800.0
Mouse_Thymus4,34_38,2,13586.0,11600.0
Mouse_Thymus4,46_98,2,14786.0,17600.0
Mouse_Thymus4,51_76,2,15286.0,15400.0
Mouse_Thymus4,39_50,5,14086.0,12800.0
Mouse_Thymus4,26_54,5,12786.0,13200.0
Mouse_Thymus4,44_47,5,14586.0,12500.0
Mouse_Thymus4,50_44,8,15186.0,12200.0
Mouse_Thymus4,60_9,5,16186.0,8700.0
Mouse_Thymus4,24_31,5,12586.0,10900.0
Mouse_Thymus4,36_48,2,13786.0,12600.0
Mouse_Thymus4,22_59,6,12386.0,13700.0
Mouse_Thymus4,60_32,6,16186.0,11000.0
Mouse_Thymus4,43_105,2,14486.0,18300.0
Mouse_Thymus4,11_56,7,11286.0,13400.0
Mouse_Thymus4,28_81,1,12986.0,15900.0
Mouse_Thymus4,42_57,1,14386.0,13500.0
Mouse_Thymus4,52_27,6,15386.0,10500.0
Mouse_Thymus4,22_42,5,12386.0,12000.0
Mouse_Thymus4,65_9,6,16686.0,8700.0
Mouse_Thymus4,17_76,2,11886.0,15400.0
Mouse_Thymus4,49_18,2,15086.0,9600.0
Mouse_Thymus4,50_113,1,15186.0,19100.0
Mouse_Thymus4,44_56,9,14586.0,13400.0
Mouse_Thymus4,26_81,2,12786.0,15900.0
Mouse_Thymus4,16_37,6,11786.0,11500.0
Mouse_Thymus4,41_62,2,14286.0,14000.0
Mouse_Thymus4,17_40,5,11886.0,11800.0
Mouse_Thymus4,50_73,9,15186.0,15100.0
Mouse_Thymus4,12_56,7,11386.0,13400.0
Mouse_Thymus4,43_41,2,14486.0,11900.0
Mouse_Thymus4,52_23,6,15386.0,10100.0
Mouse_Thymus4,30_38,6,13186.0,11600.0
Mouse_Thymus4,48_11,5,14986.0,8900.0
Mouse_Thymus4,52_8,6,15386.0,8600.0
Mouse_Thymus4,25_89,2,12686.0,16700.0
Mouse_Thymus4,16_62,7,11786.0,14000.0
Mouse_Thymus4,29_71,5,13086.0,14900.0
Mouse_Thymus4,16_66,6,11786.0,14400.0
Mouse_Thymus4,49_84,5,15086.0,16200.0
Mouse_Thymus4,19_65,5,12086.0,14300.0
Mouse_Thymus4,25_85,6,12686.0,16300.0
Mouse_Thymus4,45_79,5,14686.0,15700.0
Mouse_Thymus4,47_74,2,14886.0,15200.0
Mouse_Thymus4,47_113,1,14886.0,19100.0
Mouse_Thymus4,38_38,8,13986.0,11600.0
Mouse_Thymus4,12_37,6,11386.0,11500.0
Mouse_Thymus4,22_43,5,12386.0,12100.0
Mouse_Thymus4,40_97,6,14186.0,17500.0
Mouse_Thymus4,45_84,5,14686.0,16200.0
Mouse_Thymus4,5_45,6,10686.0,12300.0
Mouse_Thymus4,31_22,2,13286.0,10000.0
Mouse_Thymus4,58_104,2,15986.0,18200.0
Mouse_Thymus4,41_99,1,14286.0,17700.0
Mouse_Thymus4,61_104,2,16286.0,18200.0
Mouse_Thymus4,29_23,6,13086.0,10100.0
Mouse_Thymus4,17_31,6,11886.0,10900.0
Mouse_Thymus4,26_73,8,12786.0,15100.0
Mouse_Thymus4,53_81,1,15486.0,15900.0
Mouse_Thymus4,30_50,5,13186.0,12800.0
Mouse_Thymus4,43_94,6,14486.0,17200.0
Mouse_Thymus4,59_3,2,16086.0,8100.0
Mouse_Thymus4,25_58,5,12686.0,13600.0
Mouse_Thymus4,16_56,6,11786.0,13400.0
Mouse_Thymus4,38_78,7,13986.0,15600.0
Mouse_Thymus4,8_45,2,10986.0,12300.0
Mouse_Thymus4,38_91,1,13986.0,16900.0
Mouse_Thymus4,59_92,7,16086.0,17000.0
Mouse_Thymus4,40_68,5,14186.0,14600.0
Mouse_Thymus4,62_30,2,16386.0,10800.0
Mouse_Thymus4,39_62,1,14086.0,14000.0
Mouse_Thymus4,12_50,1,11386.0,12800.0
Mouse_Thymus4,46_76,7,14786.0,15400.0
Mouse_Thymus4,21_58,2,12286.0,13600.0
Mouse_Thymus4,52_101,5,15386.0,17900.0
Mouse_Thymus4,59_88,1,16086.0,16600.0
Mouse_Thymus4,11_57,2,11286.0,13500.0
Mouse_Thymus4,11_58,6,11286.0,13600.0
Mouse_Thymus4,57_88,6,15886.0,16600.0
Mouse_Thymus4,54_116,1,15586.0,19400.0
Mouse_Thymus4,57_90,2,15886.0,16800.0
Mouse_Thymus4,63_4,2,16486.0,8200.0
Mouse_Thymus4,50_25,6,15186.0,10300.0
Mouse_Thymus4,34_85,5,13586.0,16300.0
Mouse_Thymus4,23_69,5,12486.0,14700.0
Mouse_Thymus4,50_42,8,15186.0,12000.0
Mouse_Thymus4,24_47,5,12586.0,12500.0
Mouse_Thymus4,52_117,6,15386.0,19500.0
Mouse_Thymus4,48_26,6,14986.0,10400.0
Mouse_Thymus4,51_110,5,15286.0,18800.0
Mouse_Thymus4,29_77,5,13086.0,15500.0
Mouse_Thymus4,46_21,5,14786.0,9900.0
Mouse_Thymus4,48_114,8,14986.0,19200.0
Mouse_Thymus4,62_3,8,16386.0,8100.0
Mouse_Thymus4,3_58,2,10486.0,13600.0
Mouse_Thymus4,43_31,6,14486.0,10900.0
Mouse_Thymus4,25_73,2,12686.0,15100.0
Mouse_Thymus4,25_69,5,12686.0,14700.0
Mouse_Thymus4,49_83,5,15086.0,16100.0
Mouse_Thymus4,25_51,5,12686.0,12900.0
Mouse_Thymus4,28_32,5,12986.0,11000.0
Mouse_Thymus4,36_38,6,13786.0,11600.0
Mouse_Thymus4,30_83,5,13186.0,16100.0
Mouse_Thymus4,68_7,2,16986.0,8500.0
Mouse_Thymus4,48_107,2,14986.0,18500.0
Mouse_Thymus4,54_111,5,15586.0,18900.0
Mouse_Thymus4,27_29,5,12886.0,10700.0
Mouse_Thymus4,50_18,8,15186.0,9600.0
Mouse_Thymus4,41_79,5,14286.0,15700.0
Mouse_Thymus4,55_4,2,15686.0,8200.0
Mouse_Thymus4,24_46,5,12586.0,12400.0
Mouse_Thymus4,30_81,5,13186.0,15900.0
Mouse_Thymus4,50_116,2,15186.0,19400.0
Mouse_Thymus4,58_111,2,15986.0,18900.0
Mouse_Thymus4,54_19,6,15586.0,9700.0
Mouse_Thymus4,28_22,6,12986.0,10000.0
Mouse_Thymus4,31_68,5,13286.0,14600.0
Mouse_Thymus4,47_94,5,14886.0,17200.0
Mouse_Thymus4,53_7,7,15486.0,8500.0
Mouse_Thymus4,64_22,7,16586.0,10000.0
Mouse_Thymus4,57_18,2,15886.0,9600.0
Mouse_Thymus4,37_43,8,13886.0,12100.0
Mouse_Thymus4,32_33,7,13386.0,11100.0
Mouse_Thymus4,58_19,6,15986.0,9700.0
Mouse_Thymus4,35_85,1,13686.0,16300.0
Mouse_Thymus4,53_112,5,15486.0,19000.0
Mouse_Thymus4,32_97,9,13386.0,17500.0
Mouse_Thymus4,31_42,1,13286.0,12000.0
Mouse_Thymus4,31_19,7,13286.0,9700.0
Mouse_Thymus4,30_78,5,13186.0,15600.0
Mouse_Thymus4,15_43,5,11686.0,12100.0
Mouse_Thymus4,29_38,2,13086.0,11600.0
Mouse_Thymus4,32_26,7,13386.0,10400.0
Mouse_Thymus4,19_67,1,12086.0,14500.0
Mouse_Thymus4,18_80,8,11986.0,15800.0
Mouse_Thymus4,41_46,6,14286.0,12400.0
Mouse_Thymus4,57_104,6,15886.0,18200.0
Mouse_Thymus4,13_63,2,11486.0,14100.0
Mouse_Thymus4,59_97,2,16086.0,17500.0
Mouse_Thymus4,28_52,5,12986.0,13000.0
Mouse_Thymus4,31_56,5,13286.0,13400.0
Mouse_Thymus4,52_41,6,15386.0,11900.0
Mouse_Thymus4,43_79,5,14486.0,15700.0
Mouse_Thymus4,16_57,6,11786.0,13500.0
Mouse_Thymus4,36_42,6,13786.0,12000.0
Mouse_Thymus4,67_7,2,16886.0,8500.0
Mouse_Thymus4,43_51,5,14486.0,12900.0
Mouse_Thymus4,32_67,5,13386.0,14500.0
Mouse_Thymus4,58_24,6,15986.0,10200.0
Mouse_Thymus4,59_85,7,16086.0,16300.0
Mouse_Thymus4,38_97,2,13986.0,17500.0
Mouse_Thymus4,49_38,8,15086.0,11600.0
Mouse_Thymus4,60_23,6,16186.0,10100.0
Mouse_Thymus4,42_74,5,14386.0,15200.0
Mouse_Thymus4,61_31,6,16286.0,10900.0
Mouse_Thymus4,4_47,6,10586.0,12500.0
Mouse_Thymus4,62_0,9,16386.0,7800.0
Mouse_Thymus4,25_36,5,12686.0,11400.0
Mouse_Thymus4,24_81,6,12586.0,15900.0
Mouse_Thymus4,28_70,5,12986.0,14800.0
Mouse_Thymus4,17_73,6,11886.0,15100.0
Mouse_Thymus4,54_79,6,15586.0,15700.0
Mouse_Thymus4,53_24,6,15486.0,10200.0
Mouse_Thymus4,32_94,2,13386.0,17200.0
Mouse_Thymus4,32_96,6,13386.0,17400.0
Mouse_Thymus4,35_54,1,13686.0,13200.0
Mouse_Thymus4,29_53,5,13086.0,13100.0
Mouse_Thymus4,50_89,5,15186.0,16700.0
Mouse_Thymus4,43_102,7,14486.0,18000.0
Mouse_Thymus4,21_81,7,12286.0,15900.0
Mouse_Thymus4,46_100,7,14786.0,17800.0
Mouse_Thymus4,47_96,5,14886.0,17400.0
Mouse_Thymus4,34_86,2,13586.0,16400.0
Mouse_Thymus4,29_61,5,13086.0,13900.0
Mouse_Thymus4,46_28,6,14786.0,10600.0
Mouse_Thymus4,40_29,1,14186.0,10700.0
Mouse_Thymus4,26_23,7,12786.0,10100.0
Mouse_Thymus4,54_12,6,15586.0,9000.0
Mouse_Thymus4,48_47,5,14986.0,12500.0
Mouse_Thymus4,35_24,5,13686.0,10200.0
Mouse_Thymus4,48_32,8,14986.0,11000.0
Mouse_Thymus4,17_30,1,11886.0,10800.0
Mouse_Thymus4,34_46,8,13586.0,12400.0
Mouse_Thymus4,36_49,1,13786.0,12700.0
Mouse_Thymus4,38_47,1,13986.0,12500.0
Mouse_Thymus4,60_34,2,16186.0,11200.0
Mouse_Thymus4,38_73,1,13986.0,15100.0
Mouse_Thymus4,57_83,2,15886.0,16100.0
Mouse_Thymus4,40_51,5,14186.0,12900.0
Mouse_Thymus4,27_27,1,12886.0,10500.0
Mouse_Thymus4,43_90,7,14486.0,16800.0
Mouse_Thymus4,38_92,1,13986.0,17000.0
Mouse_Thymus4,34_39,7,13586.0,11700.0
Mouse_Thymus4,52_30,2,15386.0,10800.0
Mouse_Thymus4,40_75,2,14186.0,15300.0
Mouse_Thymus4,17_57,6,11886.0,13500.0
Mouse_Thymus4,23_68,5,12486.0,14600.0
Mouse_Thymus4,63_33,2,16486.0,11100.0
Mouse_Thymus4,53_23,8,15486.0,10100.0
Mouse_Thymus4,18_50,2,11986.0,12800.0
Mouse_Thymus4,39_51,1,14086.0,12900.0
Mouse_Thymus4,33_86,5,13486.0,16400.0
Mouse_Thymus4,41_71,1,14286.0,14900.0
Mouse_Thymus4,20_81,6,12186.0,15900.0
Mouse_Thymus4,20_51,1,12186.0,12900.0
Mouse_Thymus4,53_85,1,15486.0,16300.0
Mouse_Thymus4,19_82,6,12086.0,16000.0
Mouse_Thymus4,59_24,6,16086.0,10200.0
Mouse_Thymus4,37_66,5,13886.0,14400.0
Mouse_Thymus4,47_86,5,14886.0,16400.0
Mouse_Thymus4,28_51,5,12986.0,12900.0
Mouse_Thymus4,28_75,7,12986.0,15300.0
Mouse_Thymus4,51_79,2,15286.0,15700.0
Mouse_Thymus4,42_75,5,14386.0,15300.0
Mouse_Thymus4,47_34,6,14886.0,11200.0
Mouse_Thymus4,41_38,6,14286.0,11600.0
Mouse_Thymus4,62_13,6,16386.0,9100.0
Mouse_Thymus4,26_46,5,12786.0,12400.0
Mouse_Thymus4,55_11,6,15686.0,8900.0
Mouse_Thymus4,41_23,5,14286.0,10100.0
Mouse_Thymus4,31_90,1,13286.0,16800.0
Mouse_Thymus4,45_74,6,14686.0,15200.0
Mouse_Thymus4,54_106,5,15586.0,18400.0
Mouse_Thymus4,22_28,7,12386.0,10600.0
Mouse_Thymus4,11_39,7,11286.0,11700.0
Mouse_Thymus4,37_92,7,13886.0,17000.0
Mouse_Thymus4,19_77,6,12086.0,15500.0
Mouse_Thymus4,22_68,1,12386.0,14600.0
Mouse_Thymus4,48_81,5,14986.0,15900.0
Mouse_Thymus4,25_66,5,12686.0,14400.0
Mouse_Thymus4,26_31,5,12786.0,10900.0
Mouse_Thymus4,33_22,6,13486.0,10000.0
Mouse_Thymus4,51_14,2,15286.0,9200.0
Mouse_Thymus4,46_50,5,14786.0,12800.0
Mouse_Thymus4,44_85,5,14586.0,16300.0
Mouse_Thymus4,32_78,1,13386.0,15600.0
Mouse_Thymus4,43_80,5,14486.0,15800.0
Mouse_Thymus4,55_111,6,15686.0,18900.0
Mouse_Thymus4,67_6,2,16886.0,8400.0
Mouse_Thymus4,52_16,6,15386.0,9400.0
Mouse_Thymus4,52_96,5,15386.0,17400.0
Mouse_Thymus4,61_14,6,16286.0,9200.0
Mouse_Thymus4,24_70,5,12586.0,14800.0
Mouse_Thymus4,16_48,1,11786.0,12600.0
Mouse_Thymus4,23_40,5,12486.0,11800.0
Mouse_Thymus4,29_32,5,13086.0,11000.0
Mouse_Thymus4,16_55,6,11786.0,13300.0
Mouse_Thymus4,28_42,6,12986.0,12000.0
Mouse_Thymus4,57_19,6,15886.0,9700.0
Mouse_Thymus4,42_21,5,14386.0,9900.0
Mouse_Thymus4,50_95,5,15186.0,17300.0
Mouse_Thymus4,34_66,6,13586.0,14400.0
Mouse_Thymus4,38_86,1,13986.0,16400.0
Mouse_Thymus4,58_35,2,15986.0,11300.0
Mouse_Thymus4,46_83,5,14786.0,16100.0
Mouse_Thymus4,13_44,2,11486.0,12200.0
Mouse_Thymus4,60_102,2,16186.0,18000.0
Mouse_Thymus4,56_18,6,15786.0,9600.0
Mouse_Thymus4,35_28,1,13686.0,10600.0
Mouse_Thymus4,34_67,1,13586.0,14500.0
Mouse_Thymus4,11_60,6,11286.0,13800.0
Mouse_Thymus4,17_53,2,11886.0,13100.0
Mouse_Thymus4,45_80,5,14686.0,15800.0
Mouse_Thymus4,14_38,6,11586.0,11600.0
Mouse_Thymus4,57_100,2,15886.0,17800.0
Mouse_Thymus4,45_18,5,14686.0,9600.0
Mouse_Thymus4,56_20,6,15786.0,9800.0
Mouse_Thymus4,46_5,9,14786.0,8300.0
Mouse_Thymus4,21_79,6,12286.0,15700.0
Mouse_Thymus4,56_14,6,15786.0,9200.0
Mouse_Thymus4,46_108,2,14786.0,18600.0
Mouse_Thymus4,8_41,1,10986.0,11900.0
Mouse_Thymus4,37_24,5,13886.0,10200.0
Mouse_Thymus4,14_43,1,11586.0,12100.0
Mouse_Thymus4,49_81,1,15086.0,15900.0
Mouse_Thymus4,9_62,6,11086.0,14000.0
Mouse_Thymus4,25_79,6,12686.0,15700.0
Mouse_Thymus4,12_66,2,11386.0,14400.0
Mouse_Thymus4,53_37,6,15486.0,11500.0
Mouse_Thymus4,18_69,6,11986.0,14700.0
Mouse_Thymus4,43_66,2,14486.0,14400.0
Mouse_Thymus4,49_116,9,15086.0,19400.0
Mouse_Thymus4,35_92,1,13686.0,17000.0
Mouse_Thymus4,52_80,2,15386.0,15800.0
Mouse_Thymus4,36_88,1,13786.0,16600.0
Mouse_Thymus4,48_41,6,14986.0,11900.0
Mouse_Thymus4,35_72,1,13686.0,15000.0
Mouse_Thymus4,37_60,2,13886.0,13800.0
Mouse_Thymus4,35_27,5,13686.0,10500.0
Mouse_Thymus4,17_38,5,11886.0,11600.0
Mouse_Thymus4,51_23,6,15286.0,10100.0
Mouse_Thymus4,27_80,2,12886.0,15800.0
Mouse_Thymus4,58_33,2,15986.0,11100.0
Mouse_Thymus4,19_45,5,12086.0,12300.0
Mouse_Thymus4,16_30,7,11786.0,10800.0
Mouse_Thymus4,37_90,1,13886.0,16800.0
Mouse_Thymus4,34_59,1,13586.0,13700.0
Mouse_Thymus4,47_101,2,14886.0,17900.0
Mouse_Thymus4,34_42,7,13586.0,12000.0
Mouse_Thymus4,44_28,6,14586.0,10600.0
Mouse_Thymus4,38_68,5,13986.0,14600.0
Mouse_Thymus4,20_29,6,12186.0,10700.0
Mouse_Thymus4,23_61,1,12486.0,13900.0
Mouse_Thymus4,4_57,6,10586.0,13500.0
Mouse_Thymus4,40_28,5,14186.0,10600.0
Mouse_Thymus4,36_65,5,13786.0,14300.0
Mouse_Thymus4,53_18,6,15486.0,9600.0
Mouse_Thymus4,32_31,6,13386.0,10900.0
Mouse_Thymus4,7_36,6,10886.0,11400.0
Mouse_Thymus4,63_11,8,16486.0,8900.0
Mouse_Thymus4,48_12,5,14986.0,9000.0
Mouse_Thymus4,60_7,1,16186.0,8500.0
Mouse_Thymus4,14_36,6,11586.0,11400.0
Mouse_Thymus4,53_30,2,15486.0,10800.0
Mouse_Thymus4,66_8,6,16786.0,8600.0
Mouse_Thymus4,57_108,2,15886.0,18600.0
Mouse_Thymus4,32_61,7,13386.0,13900.0
Mouse_Thymus4,37_34,5,13886.0,11200.0
Mouse_Thymus4,8_39,6,10986.0,11700.0
Mouse_Thymus4,19_56,8,12086.0,13400.0
Mouse_Thymus4,46_101,7,14786.0,17900.0
Mouse_Thymus4,8_57,6,10986.0,13500.0
Mouse_Thymus4,36_89,1,13786.0,16700.0
Mouse_Thymus4,40_89,6,14186.0,16700.0
Mouse_Thymus4,40_81,1,14186.0,15900.0
Mouse_Thymus4,28_36,1,12986.0,11400.0
Mouse_Thymus4,36_22,5,13786.0,10000.0
Mouse_Thymus4,41_70,1,14286.0,14800.0
Mouse_Thymus4,72_3,9,17386.0,8100.0
Mouse_Thymus4,57_32,2,15886.0,11000.0
Mouse_Thymus4,14_31,2,11586.0,10900.0
Mouse_Thymus4,47_45,1,14886.0,12300.0
Mouse_Thymus4,31_31,6,13286.0,10900.0
Mouse_Thymus4,47_41,7,14886.0,11900.0
Mouse_Thymus4,52_20,6,15386.0,9800.0
Mouse_Thymus4,45_7,7,14686.0,8500.0
Mouse_Thymus4,43_13,1,14486.0,9100.0
Mouse_Thymus4,59_113,7,16086.0,19100.0
Mouse_Thymus4,52_82,5,15386.0,16000.0
Mouse_Thymus4,30_23,6,13186.0,10100.0
Mouse_Thymus4,42_88,8,14386.0,16600.0
Mouse_Thymus4,36_31,5,13786.0,10900.0
