section,obs_name,cluster,x,y
Mouse_Thymus2,110_38,3,18838.0,16871.0
Mouse_Thymus2,71_20,10,14938.0,15071.0
Mouse_Thymus2,48_23,8,12638.0,15371.0
Mouse_Thymus2,94_54,1,17238.0,18471.0
Mouse_Thymus2,69_34,3,14738.0,16471.0
Mouse_Thymus2,9_46,6,8738.0,17671.0
Mouse_Thymus2,108_57,5,18638.0,18771.0
Mouse_Thymus2,115_65,10,19338.0,19571.0
Mouse_Thymus2,104_42,9,18238.0,17271.0
Mouse_Thymus2,94_23,3,17238.0,15371.0
Mouse_Thymus2,111_42,3,18938.0,17271.0
Mouse_Thymus2,13_51,1,9138.0,18171.0
Mouse_Thymus2,17_39,8,9538.0,16971.0
Mouse_Thymus2,63_20,5,14138.0,15071.0
Mouse_Thymus2,89_44,8,16738.0,17471.0
Mouse_Thymus2,99_40,9,17738.0,17071.0
Mouse_Thymus2,72_27,3,15038.0,15771.0
Mouse_Thymus2,82_0,6,16038.0,13071.0
Mouse_Thymus2,64_27,10,14238.0,15771.0
Mouse_Thymus2,78_46,10,15638.0,17671.0
Mouse_Thymus2,89_14,3,16738.0,14471.0
Mouse_Thymus2,78_8,10,15638.0,13871.0
Mouse_Thymus2,78_18,8,15638.0,14871.0
Mouse_Thymus2,96_24,3,17438.0,15471.0
Mouse_Thymus2,63_29,3,14138.0,15971.0
Mouse_Thymus2,97_7,1,17538.0,13771.0
Mouse_Thymus2,88_9,5,16638.0,13971.0
Mouse_Thymus2,53_31,9,13138.0,16171.0
Mouse_Thymus2,45_38,3,12338.0,16871.0
Mouse_Thymus2,88_49,8,16638.0,17971.0
Mouse_Thymus2,117_46,9,19538.0,17671.0
Mouse_Thymus2,29_46,3,10738.0,17671.0
Mouse_Thymus2,87_26,9,16538.0,15671.0
Mouse_Thymus2,55_23,10,13338.0,15371.0
Mouse_Thymus2,94_31,10,17238.0,16171.0
Mouse_Thymus2,75_26,3,15338.0,15671.0
Mouse_Thymus2,67_32,9,14538.0,16271.0
Mouse_Thymus2,78_12,1,15638.0,14271.0
Mouse_Thymus2,115_52,8,19338.0,18271.0
Mouse_Thymus2,109_39,3,18738.0,16971.0
Mouse_Thymus2,48_25,8,12638.0,15571.0
Mouse_Thymus2,43_26,8,12138.0,15671.0
Mouse_Thymus2,111_50,1,18938.0,18071.0
Mouse_Thymus2,94_52,1,17238.0,18271.0
Mouse_Thymus2,91_17,3,16938.0,14771.0
Mouse_Thymus2,112_46,9,19038.0,17671.0
Mouse_Thymus2,37_55,7,11538.0,18571.0
Mouse_Thymus2,79_19,3,15738.0,14971.0
Mouse_Thymus2,82_47,8,16038.0,17771.0
Mouse_Thymus2,83_4,10,16138.0,13471.0
Mouse_Thymus2,95_18,10,17338.0,14871.0
Mouse_Thymus2,103_32,3,18138.0,16271.0
Mouse_Thymus2,61_41,1,13938.0,17171.0
Mouse_Thymus2,28_43,3,10638.0,17371.0
Mouse_Thymus2,63_26,5,14138.0,15671.0
Mouse_Thymus2,118_46,1,19638.0,17671.0
Mouse_Thymus2,24_35,7,10238.0,16571.0
Mouse_Thymus2,46_33,9,12438.0,16371.0
Mouse_Thymus2,78_36,3,15638.0,16671.0
Mouse_Thymus2,76_46,10,15438.0,17671.0
Mouse_Thymus2,30_39,1,10838.0,16971.0
Mouse_Thymus2,88_37,6,16638.0,16771.0
Mouse_Thymus2,79_25,9,15738.0,15571.0
Mouse_Thymus2,42_26,9,12038.0,15671.0
Mouse_Thymus2,93_28,8,17138.0,15871.0
Mouse_Thymus2,42_39,3,12038.0,16971.0
Mouse_Thymus2,13_42,1,9138.0,17271.0
Mouse_Thymus2,20_37,1,9838.0,16771.0
Mouse_Thymus2,101_40,3,17938.0,17071.0
Mouse_Thymus2,108_25,6,18638.0,15571.0
Mouse_Thymus2,13_39,6,9138.0,16971.0
Mouse_Thymus2,91_9,10,16938.0,13971.0
Mouse_Thymus2,63_41,10,14138.0,17171.0
Mouse_Thymus2,107_34,9,18538.0,16471.0
Mouse_Thymus2,120_45,1,19838.0,17571.0
Mouse_Thymus2,90_10,1,16838.0,14071.0
Mouse_Thymus2,62_11,1,14038.0,14171.0
Mouse_Thymus2,26_34,8,10438.0,16471.0
Mouse_Thymus2,59_29,3,13738.0,15971.0
Mouse_Thymus2,107_43,5,18538.0,17371.0
Mouse_Thymus2,100_42,1,17838.0,17271.0
Mouse_Thymus2,94_41,11,17238.0,17171.0
Mouse_Thymus2,79_27,9,15738.0,15771.0
Mouse_Thymus2,95_33,9,17338.0,16371.0
Mouse_Thymus2,49_48,1,12738.0,17871.0
Mouse_Thymus2,81_35,10,15938.0,16571.0
Mouse_Thymus2,72_9,10,15038.0,13971.0
Mouse_Thymus2,81_11,10,15938.0,14171.0
Mouse_Thymus2,22_55,6,10038.0,18571.0
Mouse_Thymus2,88_33,1,16638.0,16371.0
Mouse_Thymus2,36_24,7,11438.0,15471.0
Mouse_Thymus2,106_22,6,18438.0,15271.0
Mouse_Thymus2,97_41,10,17538.0,17171.0
Mouse_Thymus2,86_51,1,16438.0,18171.0
Mouse_Thymus2,56_16,10,13438.0,14671.0
Mouse_Thymus2,39_38,10,11738.0,16871.0
Mouse_Thymus2,83_36,8,16138.0,16671.0
Mouse_Thymus2,99_58,8,17738.0,18871.0
Mouse_Thymus2,24_56,8,10238.0,18671.0
Mouse_Thymus2,48_40,3,12638.0,17071.0
Mouse_Thymus2,85_18,3,16338.0,14871.0
Mouse_Thymus2,82_52,10,16038.0,18271.0
Mouse_Thymus2,75_37,3,15338.0,16771.0
Mouse_Thymus2,65_29,5,14338.0,15971.0
Mouse_Thymus2,64_23,10,14238.0,15371.0
Mouse_Thymus2,93_46,8,17138.0,17671.0
Mouse_Thymus2,64_18,5,14238.0,14871.0
Mouse_Thymus2,10_46,10,8838.0,17671.0
Mouse_Thymus2,85_7,10,16338.0,13771.0
Mouse_Thymus2,33_25,8,11138.0,15571.0
Mouse_Thymus2,32_39,5,11038.0,16971.0
Mouse_Thymus2,88_45,1,16638.0,17571.0
Mouse_Thymus2,78_4,10,15638.0,13471.0
Mouse_Thymus2,120_39,7,19838.0,16971.0
Mouse_Thymus2,21_44,3,9938.0,17471.0
Mouse_Thymus2,57_29,3,13538.0,15971.0
Mouse_Thymus2,84_10,1,16238.0,14071.0
Mouse_Thymus2,121_48,10,19938.0,17871.0
Mouse_Thymus2,92_33,10,17038.0,16371.0
Mouse_Thymus2,83_7,10,16138.0,13771.0
Mouse_Thymus2,103_28,3,18138.0,15871.0
Mouse_Thymus2,105_49,1,18338.0,17971.0
Mouse_Thymus2,97_20,9,17538.0,15071.0
Mouse_Thymus2,72_32,5,15038.0,16271.0
Mouse_Thymus2,40_26,5,11838.0,15671.0
Mouse_Thymus2,91_48,5,16938.0,17871.0
Mouse_Thymus2,91_50,10,16938.0,18071.0
Mouse_Thymus2,78_47,10,15638.0,17771.0
Mouse_Thymus2,39_40,3,11738.0,17071.0
Mouse_Thymus2,79_26,9,15738.0,15671.0
Mouse_Thymus2,34_33,10,11238.0,16371.0
Mouse_Thymus2,77_5,10,15538.0,13571.0
Mouse_Thymus2,31_47,9,10938.0,17771.0
Mouse_Thymus2,67_22,9,14538.0,15271.0
Mouse_Thymus2,122_57,10,20038.0,18771.0
Mouse_Thymus2,92_20,3,17038.0,15071.0
Mouse_Thymus2,18_43,3,9638.0,17371.0
Mouse_Thymus2,37_40,9,11538.0,17071.0
Mouse_Thymus2,21_42,8,9938.0,17271.0
Mouse_Thymus2,32_38,10,11038.0,16871.0
Mouse_Thymus2,43_28,3,12138.0,15871.0
Mouse_Thymus2,43_32,9,12138.0,16271.0
Mouse_Thymus2,86_55,10,16438.0,18571.0
Mouse_Thymus2,88_31,10,16638.0,16171.0
Mouse_Thymus2,89_32,11,16738.0,16271.0
Mouse_Thymus2,29_48,5,10738.0,17871.0
Mouse_Thymus2,39_29,5,11738.0,15971.0
Mouse_Thymus2,98_15,1,17638.0,14571.0
Mouse_Thymus2,119_65,1,19738.0,19571.0
Mouse_Thymus2,115_60,5,19338.0,19071.0
Mouse_Thymus2,27_36,1,10538.0,16671.0
Mouse_Thymus2,98_46,10,17638.0,17671.0
Mouse_Thymus2,101_28,3,17938.0,15871.0
Mouse_Thymus2,66_24,3,14438.0,15471.0
Mouse_Thymus2,54_16,10,13238.0,14671.0
Mouse_Thymus2,116_61,1,19438.0,19171.0
Mouse_Thymus2,86_15,5,16438.0,14571.0
Mouse_Thymus2,39_25,1,11738.0,15571.0
Mouse_Thymus2,29_45,3,10738.0,17571.0
Mouse_Thymus2,95_49,1,17338.0,17971.0
Mouse_Thymus2,17_45,3,9538.0,17571.0
Mouse_Thymus2,108_46,3,18638.0,17671.0
Mouse_Thymus2,89_5,10,16738.0,13571.0
Mouse_Thymus2,61_32,9,13938.0,16271.0
Mouse_Thymus2,114_32,1,19238.0,16271.0
Mouse_Thymus2,106_25,8,18438.0,15571.0
Mouse_Thymus2,42_33,1,12038.0,16371.0
Mouse_Thymus2,47_32,8,12538.0,16271.0
Mouse_Thymus2,59_14,6,13738.0,14471.0
Mouse_Thymus2,68_35,3,14638.0,16571.0
Mouse_Thymus2,79_17,10,15738.0,14771.0
Mouse_Thymus2,42_30,9,12038.0,16071.0
Mouse_Thymus2,99_45,1,17738.0,17571.0
Mouse_Thymus2,79_52,1,15738.0,18271.0
Mouse_Thymus2,31_45,3,10938.0,17571.0
Mouse_Thymus2,94_46,10,17238.0,17671.0
Mouse_Thymus2,97_55,8,17538.0,18571.0
Mouse_Thymus2,85_15,3,16338.0,14571.0
Mouse_Thymus2,76_49,1,15438.0,17971.0
Mouse_Thymus2,85_30,10,16338.0,16071.0
Mouse_Thymus2,21_43,3,9938.0,17371.0
Mouse_Thymus2,67_39,1,14538.0,16971.0
Mouse_Thymus2,33_56,7,11138.0,18671.0
Mouse_Thymus2,35_31,8,11338.0,16171.0
Mouse_Thymus2,84_49,10,16238.0,17971.0
Mouse_Thymus2,46_35,5,12438.0,16571.0
Mouse_Thymus2,38_30,9,11638.0,16071.0
Mouse_Thymus2,64_29,3,14238.0,15971.0
Mouse_Thymus2,44_18,1,12238.0,14871.0
Mouse_Thymus2,116_38,1,19438.0,16871.0
Mouse_Thymus2,53_20,9,13138.0,15071.0
Mouse_Thymus2,91_27,1,16938.0,15771.0
Mouse_Thymus2,75_10,8,15338.0,14071.0
Mouse_Thymus2,40_36,8,11838.0,16671.0
Mouse_Thymus2,84_34,1,16238.0,16471.0
Mouse_Thymus2,33_37,5,11138.0,16771.0
Mouse_Thymus2,87_36,6,16538.0,16671.0
Mouse_Thymus2,116_52,8,19438.0,18271.0
Mouse_Thymus2,76_8,1,15438.0,13871.0
Mouse_Thymus2,100_22,3,17838.0,15271.0
Mouse_Thymus2,99_37,3,17738.0,16771.0
Mouse_Thymus2,98_53,8,17638.0,18371.0
Mouse_Thymus2,110_30,1,18838.0,16071.0
Mouse_Thymus2,114_33,6,19238.0,16371.0
Mouse_Thymus2,92_48,8,17038.0,17871.0
Mouse_Thymus2,92_11,10,17038.0,14171.0
Mouse_Thymus2,97_22,3,17538.0,15271.0
Mouse_Thymus2,37_54,10,11538.0,18471.0
Mouse_Thymus2,60_22,3,13838.0,15271.0
Mouse_Thymus2,118_47,5,19638.0,17771.0
Mouse_Thymus2,88_27,10,16638.0,15771.0
Mouse_Thymus2,106_49,1,18438.0,17971.0
Mouse_Thymus2,29_49,1,10738.0,17971.0
Mouse_Thymus2,123_59,1,20138.0,18971.0
Mouse_Thymus2,112_50,1,19038.0,18071.0
Mouse_Thymus2,80_23,3,15838.0,15371.0
Mouse_Thymus2,41_48,1,11938.0,17871.0
Mouse_Thymus2,48_18,10,12638.0,14871.0
Mouse_Thymus2,28_39,1,10638.0,16971.0
Mouse_Thymus2,53_14,7,13138.0,14471.0
Mouse_Thymus2,32_42,3,11038.0,17271.0
Mouse_Thymus2,106_52,1,18438.0,18271.0
Mouse_Thymus2,33_30,1,11138.0,16071.0
Mouse_Thymus2,65_16,1,14338.0,14671.0
Mouse_Thymus2,65_38,1,14338.0,16871.0
Mouse_Thymus2,68_32,5,14638.0,16271.0
Mouse_Thymus2,50_43,1,12838.0,17371.0
Mouse_Thymus2,111_31,8,18938.0,16171.0
Mouse_Thymus2,13_48,5,9138.0,17871.0
Mouse_Thymus2,50_20,1,12838.0,15071.0
Mouse_Thymus2,105_44,1,18338.0,17471.0
Mouse_Thymus2,47_26,6,12538.0,15671.0
Mouse_Thymus2,11_41,1,8938.0,17171.0
Mouse_Thymus2,58_17,1,13638.0,14771.0
Mouse_Thymus2,93_15,5,17138.0,14571.0
Mouse_Thymus2,118_54,3,19638.0,18471.0
Mouse_Thymus2,22_49,5,10038.0,17971.0
Mouse_Thymus2,98_17,10,17638.0,14771.0
Mouse_Thymus2,94_58,10,17238.0,18871.0
Mouse_Thymus2,42_44,3,12038.0,17471.0
Mouse_Thymus2,115_46,3,19338.0,17671.0
Mouse_Thymus2,37_46,9,11538.0,17671.0
Mouse_Thymus2,87_56,10,16538.0,18671.0
Mouse_Thymus2,47_18,10,12538.0,14871.0
Mouse_Thymus2,81_48,1,15938.0,17871.0
Mouse_Thymus2,8_44,1,8638.0,17471.0
Mouse_Thymus2,123_69,1,20138.0,19971.0
Mouse_Thymus2,83_29,9,16138.0,15971.0
Mouse_Thymus2,59_42,1,13738.0,17271.0
Mouse_Thymus2,110_32,10,18838.0,16271.0
Mouse_Thymus2,67_40,6,14538.0,17071.0
Mouse_Thymus2,87_2,7,16538.0,13271.0
Mouse_Thymus2,74_7,10,15238.0,13771.0
Mouse_Thymus2,92_34,10,17038.0,16471.0
Mouse_Thymus2,116_37,8,19438.0,16771.0
Mouse_Thymus2,43_40,3,12138.0,17071.0
Mouse_Thymus2,20_39,10,9838.0,16971.0
Mouse_Thymus2,102_54,10,18038.0,18471.0
Mouse_Thymus2,44_17,1,12238.0,14771.0
Mouse_Thymus2,94_37,10,17238.0,16771.0
Mouse_Thymus2,30_49,1,10838.0,17971.0
Mouse_Thymus2,98_14,10,17638.0,14471.0
Mouse_Thymus2,109_51,1,18738.0,18171.0
Mouse_Thymus2,19_52,8,9738.0,18271.0
Mouse_Thymus2,89_35,8,16738.0,16571.0
Mouse_Thymus2,100_10,1,17838.0,14071.0
Mouse_Thymus2,106_24,8,18438.0,15471.0
Mouse_Thymus2,95_13,10,17338.0,14371.0
Mouse_Thymus2,91_21,3,16938.0,15171.0
Mouse_Thymus2,111_55,1,18938.0,18571.0
Mouse_Thymus2,104_38,3,18238.0,16871.0
Mouse_Thymus2,15_41,10,9338.0,17171.0
Mouse_Thymus2,77_28,3,15538.0,15871.0
Mouse_Thymus2,83_45,10,16138.0,17571.0
Mouse_Thymus2,70_44,7,14838.0,17471.0
Mouse_Thymus2,45_32,6,12338.0,16271.0
Mouse_Thymus2,92_17,9,17038.0,14771.0
Mouse_Thymus2,63_9,7,14138.0,13971.0
Mouse_Thymus2,83_0,8,16138.0,13071.0
Mouse_Thymus2,81_40,3,15938.0,17071.0
Mouse_Thymus2,42_24,8,12038.0,15471.0
Mouse_Thymus2,120_61,9,19838.0,19171.0
Mouse_Thymus2,118_38,6,19638.0,16871.0
Mouse_Thymus2,54_30,6,13238.0,16071.0
Mouse_Thymus2,122_50,1,20038.0,18071.0
Mouse_Thymus2,82_38,5,16038.0,16871.0
Mouse_Thymus2,80_32,8,15838.0,16271.0
Mouse_Thymus2,123_61,10,20138.0,19171.0
Mouse_Thymus2,98_31,9,17638.0,16171.0
Mouse_Thymus2,91_6,1,16938.0,13671.0
Mouse_Thymus2,82_32,10,16038.0,16271.0
Mouse_Thymus2,54_14,8,13238.0,14471.0
Mouse_Thymus2,55_20,1,13338.0,15071.0
Mouse_Thymus2,71_45,7,14938.0,17571.0
Mouse_Thymus2,30_46,9,10838.0,17671.0
Mouse_Thymus2,76_29,3,15438.0,15971.0
Mouse_Thymus2,59_41,1,13738.0,17171.0
Mouse_Thymus2,24_41,8,10238.0,17171.0
Mouse_Thymus2,110_34,8,18838.0,16471.0
Mouse_Thymus2,94_24,3,17238.0,15471.0
Mouse_Thymus2,48_43,9,12638.0,17371.0
Mouse_Thymus2,108_40,3,18638.0,17071.0
Mouse_Thymus2,97_31,9,17538.0,16171.0
Mouse_Thymus2,74_46,10,15238.0,17671.0
Mouse_Thymus2,41_39,3,11938.0,16971.0
Mouse_Thymus2,88_21,3,16638.0,15171.0
Mouse_Thymus2,99_35,3,17738.0,16571.0
Mouse_Thymus2,30_42,3,10838.0,17271.0
Mouse_Thymus2,82_36,1,16038.0,16671.0
Mouse_Thymus2,56_37,9,13438.0,16771.0
Mouse_Thymus2,110_48,1,18838.0,17871.0
Mouse_Thymus2,54_35,5,13238.0,16571.0
Mouse_Thymus2,100_51,10,17838.0,18171.0
Mouse_Thymus2,94_22,3,17238.0,15271.0
Mouse_Thymus2,30_41,9,10838.0,17171.0
Mouse_Thymus2,39_22,1,11738.0,15271.0
Mouse_Thymus2,55_38,5,13338.0,16871.0
Mouse_Thymus2,96_32,8,17438.0,16271.0
Mouse_Thymus2,122_52,10,20038.0,18271.0
Mouse_Thymus2,49_20,10,12738.0,15071.0
Mouse_Thymus2,18_48,10,9638.0,17871.0
Mouse_Thymus2,107_47,1,18538.0,17771.0
Mouse_Thymus2,47_23,6,12538.0,15371.0
Mouse_Thymus2,83_20,3,16138.0,15071.0
Mouse_Thymus2,98_29,10,17638.0,15971.0
Mouse_Thymus2,55_42,5,13338.0,17271.0
Mouse_Thymus2,101_54,10,17938.0,18471.0
Mouse_Thymus2,75_13,6,15338.0,14371.0
Mouse_Thymus2,117_40,8,19538.0,17071.0
Mouse_Thymus2,72_11,10,15038.0,14171.0
Mouse_Thymus2,6_42,8,8438.0,17271.0
Mouse_Thymus2,110_50,5,18838.0,18071.0
Mouse_Thymus2,83_52,10,16138.0,18271.0
Mouse_Thymus2,54_27,9,13238.0,15771.0
Mouse_Thymus2,43_36,5,12138.0,16671.0
Mouse_Thymus2,80_27,8,15838.0,15771.0
Mouse_Thymus2,91_22,3,16938.0,15271.0
Mouse_Thymus2,92_39,10,17038.0,16971.0
Mouse_Thymus2,89_25,8,16738.0,15571.0
Mouse_Thymus2,91_13,10,16938.0,14371.0
Mouse_Thymus2,12_40,1,9038.0,17071.0
Mouse_Thymus2,65_31,9,14338.0,16171.0
Mouse_Thymus2,114_38,10,19238.0,16871.0
Mouse_Thymus2,97_18,10,17538.0,14871.0
Mouse_Thymus2,89_41,1,16738.0,17171.0
Mouse_Thymus2,25_34,1,10338.0,16471.0
Mouse_Thymus2,76_33,3,15438.0,16371.0
Mouse_Thymus2,101_35,3,17938.0,16571.0
Mouse_Thymus2,29_54,5,10738.0,18471.0
Mouse_Thymus2,79_50,1,15738.0,18071.0
Mouse_Thymus2,20_49,5,9838.0,17971.0
Mouse_Thymus2,86_38,10,16438.0,16871.0
Mouse_Thymus2,113_57,10,19138.0,18771.0
Mouse_Thymus2,31_32,5,10938.0,16271.0
Mouse_Thymus2,116_49,3,19438.0,17971.0
Mouse_Thymus2,96_54,1,17438.0,18471.0
Mouse_Thymus2,23_53,1,10138.0,18371.0
Mouse_Thymus2,79_21,3,15738.0,15171.0
Mouse_Thymus2,89_40,10,16738.0,17071.0
Mouse_Thymus2,99_50,10,17738.0,18071.0
Mouse_Thymus2,10_43,1,8838.0,17371.0
Mouse_Thymus2,23_41,10,10138.0,17171.0
Mouse_Thymus2,92_10,10,17038.0,14071.0
Mouse_Thymus2,34_44,3,11238.0,17471.0
Mouse_Thymus2,55_35,5,13338.0,16571.0
Mouse_Thymus2,98_7,6,17638.0,13771.0
Mouse_Thymus2,90_44,10,16838.0,17471.0
Mouse_Thymus2,91_46,8,16938.0,17671.0
Mouse_Thymus2,81_46,10,15938.0,17671.0
Mouse_Thymus2,57_42,10,13538.0,17271.0
Mouse_Thymus2,69_7,10,14738.0,13771.0
Mouse_Thymus2,81_33,10,15938.0,16371.0
Mouse_Thymus2,84_3,10,16238.0,13371.0
Mouse_Thymus2,49_31,5,12738.0,16171.0
Mouse_Thymus2,50_22,10,12838.0,15271.0
Mouse_Thymus2,95_56,10,17338.0,18671.0
Mouse_Thymus2,39_47,5,11738.0,17771.0
Mouse_Thymus2,65_12,11,14338.0,14271.0
Mouse_Thymus2,76_43,6,15438.0,17371.0
Mouse_Thymus2,83_25,6,16138.0,15571.0
Mouse_Thymus2,90_40,8,16838.0,17071.0
Mouse_Thymus2,112_54,6,19038.0,18471.0
Mouse_Thymus2,12_41,1,9038.0,17171.0
Mouse_Thymus2,84_50,11,16238.0,18071.0
Mouse_Thymus2,49_45,1,12738.0,17571.0
Mouse_Thymus2,117_38,1,19538.0,16871.0
Mouse_Thymus2,41_35,1,11938.0,16571.0
Mouse_Thymus2,32_32,5,11038.0,16271.0
Mouse_Thymus2,103_35,3,18138.0,16571.0
Mouse_Thymus2,33_26,1,11138.0,15671.0
Mouse_Thymus2,87_35,1,16538.0,16571.0
Mouse_Thymus2,17_41,10,9538.0,17171.0
Mouse_Thymus2,99_36,3,17738.0,16671.0
Mouse_Thymus2,30_30,8,10838.0,16071.0
Mouse_Thymus2,40_35,8,11838.0,16571.0
Mouse_Thymus2,59_20,10,13738.0,15071.0
Mouse_Thymus2,90_55,10,16838.0,18571.0
Mouse_Thymus2,119_57,8,19738.0,18771.0
Mouse_Thymus2,80_18,3,15838.0,14871.0
Mouse_Thymus2,69_26,3,14738.0,15671.0
Mouse_Thymus2,89_18,3,16738.0,14871.0
Mouse_Thymus2,95_32,6,17338.0,16271.0
Mouse_Thymus2,109_30,8,18738.0,16071.0
Mouse_Thymus2,27_47,3,10538.0,17771.0
Mouse_Thymus2,98_32,9,17638.0,16271.0
Mouse_Thymus2,97_58,1,17538.0,18871.0
Mouse_Thymus2,56_36,5,13438.0,16671.0
Mouse_Thymus2,92_36,10,17038.0,16671.0
Mouse_Thymus2,79_22,3,15738.0,15271.0
Mouse_Thymus2,63_27,5,14138.0,15771.0
Mouse_Thymus2,99_27,9,17738.0,15771.0
Mouse_Thymus2,105_30,6,18338.0,16071.0
Mouse_Thymus2,101_49,10,17938.0,17971.0
Mouse_Thymus2,34_34,8,11238.0,16471.0
Mouse_Thymus2,16_53,6,9438.0,18371.0
Mouse_Thymus2,47_43,3,12538.0,17371.0
Mouse_Thymus2,24_45,3,10238.0,17571.0
Mouse_Thymus2,113_64,1,19138.0,19471.0
Mouse_Thymus2,24_55,6,10238.0,18571.0
Mouse_Thymus2,39_42,9,11738.0,17271.0
Mouse_Thymus2,37_26,10,11538.0,15671.0
Mouse_Thymus2,74_19,11,15238.0,14971.0
Mouse_Thymus2,20_55,6,9838.0,18571.0
Mouse_Thymus2,16_44,3,9438.0,17471.0
Mouse_Thymus2,95_37,10,17338.0,16771.0
Mouse_Thymus2,122_51,10,20038.0,18171.0
Mouse_Thymus2,51_27,3,12938.0,15771.0
Mouse_Thymus2,97_48,6,17538.0,17871.0
Mouse_Thymus2,76_26,9,15438.0,15671.0
Mouse_Thymus2,73_15,1,15138.0,14571.0
Mouse_Thymus2,71_9,6,14938.0,13971.0
Mouse_Thymus2,118_43,1,19638.0,17371.0
Mouse_Thymus2,55_36,5,13338.0,16671.0
Mouse_Thymus2,11_46,10,8938.0,17671.0
Mouse_Thymus2,26_41,1,10438.0,17171.0
Mouse_Thymus2,66_23,9,14438.0,15371.0
Mouse_Thymus2,79_2,8,15738.0,13271.0
Mouse_Thymus2,111_30,10,18938.0,16071.0
Mouse_Thymus2,34_27,10,11238.0,15771.0
Mouse_Thymus2,111_32,8,18938.0,16271.0
Mouse_Thymus2,80_34,8,15838.0,16471.0
Mouse_Thymus2,5_48,6,8338.0,17871.0
Mouse_Thymus2,76_15,5,15438.0,14571.0
Mouse_Thymus2,72_6,10,15038.0,13671.0
Mouse_Thymus2,118_42,1,19638.0,17271.0
Mouse_Thymus2,94_21,5,17238.0,15171.0
Mouse_Thymus2,122_68,1,20038.0,19871.0
Mouse_Thymus2,63_25,3,14138.0,15571.0
Mouse_Thymus2,109_32,10,18738.0,16271.0
Mouse_Thymus2,91_20,3,16938.0,15071.0
Mouse_Thymus2,59_39,1,13738.0,16971.0
Mouse_Thymus2,112_36,10,19038.0,16671.0
Mouse_Thymus2,111_49,10,18938.0,17971.0
Mouse_Thymus2,59_22,5,13738.0,15271.0
Mouse_Thymus2,76_5,10,15438.0,13571.0
Mouse_Thymus2,33_51,1,11138.0,18171.0
Mouse_Thymus2,104_55,10,18238.0,18571.0
Mouse_Thymus2,82_5,10,16038.0,13571.0
Mouse_Thymus2,95_30,11,17338.0,16071.0
Mouse_Thymus2,70_27,3,14838.0,15771.0
Mouse_Thymus2,86_47,10,16438.0,17771.0
Mouse_Thymus2,91_23,3,16938.0,15371.0
Mouse_Thymus2,16_50,10,9438.0,18071.0
Mouse_Thymus2,40_34,8,11838.0,16471.0
Mouse_Thymus2,93_60,1,17138.0,19071.0
Mouse_Thymus2,69_23,3,14738.0,15371.0
Mouse_Thymus2,35_25,10,11338.0,15571.0
Mouse_Thymus2,23_38,8,10138.0,16871.0
Mouse_Thymus2,20_47,3,9838.0,17771.0
Mouse_Thymus2,124_58,8,20238.0,18871.0
Mouse_Thymus2,85_46,8,16338.0,17671.0
Mouse_Thymus2,44_48,10,12238.0,17871.0
Mouse_Thymus2,51_29,9,12938.0,15971.0
Mouse_Thymus2,68_14,8,14638.0,14471.0
Mouse_Thymus2,94_27,9,17238.0,15771.0
Mouse_Thymus2,110_40,3,18838.0,17071.0
Mouse_Thymus2,112_35,1,19038.0,16571.0
Mouse_Thymus2,62_12,1,14038.0,14271.0
Mouse_Thymus2,38_49,8,11638.0,17971.0
Mouse_Thymus2,77_18,1,15538.0,14871.0
Mouse_Thymus2,62_39,1,14038.0,16971.0
Mouse_Thymus2,44_27,3,12238.0,15771.0
Mouse_Thymus2,85_16,3,16338.0,14671.0
Mouse_Thymus2,98_9,1,17638.0,13971.0
Mouse_Thymus2,31_36,8,10938.0,16671.0
Mouse_Thymus2,45_29,3,12338.0,15971.0
Mouse_Thymus2,50_21,10,12838.0,15171.0
Mouse_Thymus2,55_33,3,13338.0,16371.0
Mouse_Thymus2,22_46,3,10038.0,17671.0
Mouse_Thymus2,71_2,10,14938.0,13271.0
Mouse_Thymus2,86_17,3,16438.0,14771.0
Mouse_Thymus2,98_27,5,17638.0,15771.0
Mouse_Thymus2,89_20,3,16738.0,15071.0
Mouse_Thymus2,62_29,3,14038.0,15971.0
Mouse_Thymus2,20_48,9,9838.0,17871.0
Mouse_Thymus2,15_47,9,9338.0,17771.0
Mouse_Thymus2,35_44,9,11338.0,17471.0
Mouse_Thymus2,119_45,10,19738.0,17571.0
Mouse_Thymus2,58_39,1,13638.0,16971.0
Mouse_Thymus2,71_23,3,14938.0,15371.0
Mouse_Thymus2,81_34,8,15938.0,16471.0
Mouse_Thymus2,113_48,5,19138.0,17871.0
Mouse_Thymus2,106_33,9,18438.0,16371.0
Mouse_Thymus2,112_48,5,19038.0,17871.0
Mouse_Thymus2,89_54,1,16738.0,18471.0
Mouse_Thymus2,72_34,10,15038.0,16471.0
Mouse_Thymus2,35_38,8,11338.0,16871.0
Mouse_Thymus2,21_39,1,9938.0,16971.0
Mouse_Thymus2,76_0,8,15438.0,13071.0
Mouse_Thymus2,56_17,8,13438.0,14771.0
Mouse_Thymus2,71_37,3,14938.0,16771.0
Mouse_Thymus2,77_0,1,15538.0,13071.0
Mouse_Thymus2,94_8,5,17238.0,13871.0
Mouse_Thymus2,75_11,10,15338.0,14171.0
Mouse_Thymus2,56_41,10,13438.0,17171.0
Mouse_Thymus2,73_7,10,15138.0,13771.0
Mouse_Thymus2,90_47,1,16838.0,17771.0
Mouse_Thymus2,103_50,10,18138.0,18071.0
Mouse_Thymus2,27_55,1,10538.0,18571.0
Mouse_Thymus2,22_54,1,10038.0,18471.0
Mouse_Thymus2,103_57,1,18138.0,18771.0
Mouse_Thymus2,72_0,1,15038.0,13071.0
Mouse_Thymus2,78_49,10,15638.0,17971.0
Mouse_Thymus2,30_28,6,10838.0,15871.0
Mouse_Thymus2,98_21,3,17638.0,15171.0
Mouse_Thymus2,74_41,8,15238.0,17171.0
Mouse_Thymus2,85_29,9,16338.0,15971.0
Mouse_Thymus2,47_27,3,12538.0,15771.0
Mouse_Thymus2,102_29,3,18038.0,15971.0
Mouse_Thymus2,56_30,5,13438.0,16071.0
Mouse_Thymus2,76_9,10,15438.0,13971.0
Mouse_Thymus2,35_45,3,11338.0,17571.0
Mouse_Thymus2,106_53,10,18438.0,18371.0
Mouse_Thymus2,104_45,11,18238.0,17571.0
Mouse_Thymus2,90_50,10,16838.0,18071.0
Mouse_Thymus2,73_8,10,15138.0,13871.0
Mouse_Thymus2,63_18,9,14138.0,14871.0
Mouse_Thymus2,23_45,3,10138.0,17571.0
Mouse_Thymus2,93_14,9,17138.0,14471.0
Mouse_Thymus2,36_53,1,11438.0,18371.0
Mouse_Thymus2,33_44,3,11138.0,17471.0
Mouse_Thymus2,105_35,3,18338.0,16571.0
Mouse_Thymus2,110_49,8,18838.0,17971.0
Mouse_Thymus2,110_44,3,18838.0,17471.0
Mouse_Thymus2,65_18,8,14338.0,14871.0
Mouse_Thymus2,96_27,9,17438.0,15771.0
Mouse_Thymus2,93_23,3,17138.0,15371.0
Mouse_Thymus2,68_5,7,14638.0,13571.0
Mouse_Thymus2,86_23,8,16438.0,15371.0
Mouse_Thymus2,115_45,9,19338.0,17571.0
Mouse_Thymus2,63_28,9,14138.0,15871.0
Mouse_Thymus2,101_53,10,17938.0,18371.0
Mouse_Thymus2,89_26,5,16738.0,15671.0
Mouse_Thymus2,39_35,8,11738.0,16571.0
Mouse_Thymus2,119_56,8,19738.0,18671.0
Mouse_Thymus2,100_39,3,17838.0,16971.0
Mouse_Thymus2,9_49,6,8738.0,17971.0
Mouse_Thymus2,85_31,1,16338.0,16171.0
Mouse_Thymus2,55_27,3,13338.0,15771.0
Mouse_Thymus2,75_29,3,15338.0,15971.0
Mouse_Thymus2,98_16,10,17638.0,14671.0
Mouse_Thymus2,81_21,3,15938.0,15171.0
Mouse_Thymus2,102_27,3,18038.0,15771.0
Mouse_Thymus2,39_39,5,11738.0,16971.0
Mouse_Thymus2,24_49,5,10238.0,17971.0
Mouse_Thymus2,27_39,1,10538.0,16971.0
Mouse_Thymus2,96_48,10,17438.0,17871.0
Mouse_Thymus2,93_22,9,17138.0,15271.0
Mouse_Thymus2,73_31,3,15138.0,16171.0
Mouse_Thymus2,87_44,10,16538.0,17471.0
Mouse_Thymus2,38_40,3,11638.0,17071.0
Mouse_Thymus2,77_34,3,15538.0,16471.0
Mouse_Thymus2,98_55,10,17638.0,18571.0
Mouse_Thymus2,37_50,10,11538.0,18071.0
Mouse_Thymus2,104_57,10,18238.0,18771.0
Mouse_Thymus2,29_52,10,10738.0,18271.0
Mouse_Thymus2,61_40,10,13938.0,17071.0
Mouse_Thymus2,78_2,8,15638.0,13271.0
Mouse_Thymus2,63_40,1,14138.0,17071.0
Mouse_Thymus2,82_48,8,16038.0,17871.0
Mouse_Thymus2,82_45,8,16038.0,17571.0
Mouse_Thymus2,112_57,10,19038.0,18771.0
Mouse_Thymus2,99_23,3,17738.0,15371.0
Mouse_Thymus2,46_18,10,12438.0,14871.0
Mouse_Thymus2,25_45,3,10338.0,17571.0
Mouse_Thymus2,51_15,1,12938.0,14571.0
Mouse_Thymus2,36_33,5,11438.0,16371.0
Mouse_Thymus2,26_35,10,10438.0,16571.0
Mouse_Thymus2,78_35,3,15638.0,16571.0
Mouse_Thymus2,85_51,9,16338.0,18171.0
Mouse_Thymus2,43_27,3,12138.0,15771.0
Mouse_Thymus2,46_23,10,12438.0,15371.0
Mouse_Thymus2,62_19,5,14038.0,14971.0
Mouse_Thymus2,46_43,3,12438.0,17371.0
Mouse_Thymus2,76_25,9,15438.0,15571.0
Mouse_Thymus2,69_32,1,14738.0,16271.0
Mouse_Thymus2,81_38,9,15938.0,16871.0
Mouse_Thymus2,115_41,8,19338.0,17171.0
Mouse_Thymus2,102_34,9,18038.0,16471.0
Mouse_Thymus2,71_29,9,14938.0,15971.0
Mouse_Thymus2,104_19,10,18238.0,14971.0
Mouse_Thymus2,49_19,10,12738.0,14971.0
Mouse_Thymus2,32_29,1,11038.0,15971.0
Mouse_Thymus2,74_29,5,15238.0,15971.0
Mouse_Thymus2,4_44,6,8238.0,17471.0
Mouse_Thymus2,114_50,10,19238.0,18071.0
Mouse_Thymus2,36_29,5,11438.0,15971.0
Mouse_Thymus2,11_43,1,8938.0,17371.0
Mouse_Thymus2,61_28,3,13938.0,15871.0
Mouse_Thymus2,78_39,3,15638.0,16971.0
Mouse_Thymus2,53_26,9,13138.0,15671.0
Mouse_Thymus2,23_39,10,10138.0,16971.0
Mouse_Thymus2,55_18,10,13338.0,14871.0
Mouse_Thymus2,75_40,3,15338.0,17071.0
Mouse_Thymus2,70_14,6,14838.0,14471.0
Mouse_Thymus2,61_29,3,13938.0,15971.0
Mouse_Thymus2,78_10,5,15638.0,14071.0
Mouse_Thymus2,38_53,1,11638.0,18371.0
Mouse_Thymus2,108_33,1,18638.0,16371.0
Mouse_Thymus2,33_47,9,11138.0,17771.0
Mouse_Thymus2,124_72,1,20238.0,20271.0
Mouse_Thymus2,3_46,6,8138.0,17671.0
Mouse_Thymus2,23_54,1,10138.0,18471.0
Mouse_Thymus2,83_1,1,16138.0,13171.0
Mouse_Thymus2,124_59,1,20238.0,18971.0
Mouse_Thymus2,81_53,11,15938.0,18371.0
Mouse_Thymus2,94_13,8,17238.0,14371.0
Mouse_Thymus2,107_56,10,18538.0,18671.0
Mouse_Thymus2,114_62,1,19238.0,19271.0
Mouse_Thymus2,12_47,5,9038.0,17771.0
Mouse_Thymus2,54_17,10,13238.0,14771.0
Mouse_Thymus2,91_42,6,16938.0,17271.0
Mouse_Thymus2,87_32,10,16538.0,16271.0
Mouse_Thymus2,118_48,9,19638.0,17871.0
Mouse_Thymus2,87_21,3,16538.0,15171.0
Mouse_Thymus2,55_14,10,13338.0,14471.0
Mouse_Thymus2,46_45,8,12438.0,17571.0
Mouse_Thymus2,32_34,1,11038.0,16471.0
Mouse_Thymus2,101_26,3,17938.0,15671.0
Mouse_Thymus2,10_45,8,8838.0,17571.0
Mouse_Thymus2,108_28,1,18638.0,15871.0
Mouse_Thymus2,88_57,6,16638.0,18771.0
Mouse_Thymus2,67_8,8,14538.0,13871.0
Mouse_Thymus2,121_58,3,19938.0,18871.0
Mouse_Thymus2,76_2,6,15438.0,13271.0
Mouse_Thymus2,55_40,8,13338.0,17071.0
Mouse_Thymus2,80_51,1,15838.0,18171.0
Mouse_Thymus2,103_46,10,18138.0,17671.0
Mouse_Thymus2,98_40,10,17638.0,17071.0
Mouse_Thymus2,74_14,10,15238.0,14471.0
Mouse_Thymus2,77_3,1,15538.0,13371.0
Mouse_Thymus2,19_50,10,9738.0,18071.0
Mouse_Thymus2,33_35,1,11138.0,16571.0
Mouse_Thymus2,106_55,6,18438.0,18571.0
Mouse_Thymus2,11_47,10,8938.0,17771.0
Mouse_Thymus2,98_48,6,17638.0,17871.0
Mouse_Thymus2,92_13,1,17038.0,14371.0
Mouse_Thymus2,69_18,10,14738.0,14871.0
Mouse_Thymus2,90_5,7,16838.0,13571.0
Mouse_Thymus2,87_20,3,16538.0,15071.0
Mouse_Thymus2,86_43,10,16438.0,17371.0
Mouse_Thymus2,76_35,3,15438.0,16571.0
Mouse_Thymus2,98_50,10,17638.0,18071.0
Mouse_Thymus2,107_27,1,18538.0,15771.0
Mouse_Thymus2,102_18,10,18038.0,14871.0
Mouse_Thymus2,57_16,8,13538.0,14671.0
Mouse_Thymus2,55_39,8,13338.0,16971.0
Mouse_Thymus2,104_20,6,18238.0,15071.0
Mouse_Thymus2,105_21,6,18338.0,15171.0
Mouse_Thymus2,65_26,9,14338.0,15671.0
Mouse_Thymus2,10_42,1,8838.0,17271.0
Mouse_Thymus2,74_34,3,15238.0,16471.0
Mouse_Thymus2,32_43,3,11038.0,17371.0
Mouse_Thymus2,82_13,1,16038.0,14371.0
Mouse_Thymus2,76_47,1,15438.0,17771.0
Mouse_Thymus2,122_65,3,20038.0,19571.0
Mouse_Thymus2,84_8,10,16238.0,13871.0
Mouse_Thymus2,118_58,3,19638.0,18871.0
Mouse_Thymus2,40_31,8,11838.0,16171.0
Mouse_Thymus2,44_34,1,12238.0,16471.0
Mouse_Thymus2,95_26,9,17338.0,15671.0
Mouse_Thymus2,83_15,5,16138.0,14571.0
Mouse_Thymus2,70_41,1,14838.0,17171.0
Mouse_Thymus2,123_72,1,20138.0,20271.0
Mouse_Thymus2,41_37,1,11938.0,16771.0
Mouse_Thymus2,75_30,3,15338.0,16071.0
Mouse_Thymus2,75_23,5,15338.0,15371.0
Mouse_Thymus2,93_30,1,17138.0,16071.0
Mouse_Thymus2,111_53,10,18938.0,18371.0
Mouse_Thymus2,68_30,8,14638.0,16071.0
Mouse_Thymus2,69_35,3,14738.0,16571.0
Mouse_Thymus2,77_9,6,15538.0,13971.0
Mouse_Thymus2,44_23,1,12238.0,15371.0
Mouse_Thymus2,95_28,9,17338.0,15871.0
Mouse_Thymus2,40_47,10,11838.0,17771.0
Mouse_Thymus2,93_26,3,17138.0,15671.0
Mouse_Thymus2,21_40,10,9938.0,17071.0
Mouse_Thymus2,32_53,10,11038.0,18371.0
Mouse_Thymus2,110_60,6,18838.0,19071.0
Mouse_Thymus2,62_41,1,14038.0,17171.0
Mouse_Thymus2,76_19,10,15438.0,14971.0
Mouse_Thymus2,121_44,1,19938.0,17471.0
Mouse_Thymus2,124_60,10,20238.0,19071.0
Mouse_Thymus2,58_21,10,13638.0,15171.0
Mouse_Thymus2,99_20,9,17738.0,15071.0
Mouse_Thymus2,72_15,1,15038.0,14571.0
Mouse_Thymus2,90_19,3,16838.0,14971.0
Mouse_Thymus2,115_48,3,19338.0,17871.0
Mouse_Thymus2,37_28,8,11538.0,15871.0
Mouse_Thymus2,73_14,10,15138.0,14471.0
Mouse_Thymus2,62_35,3,14038.0,16571.0
Mouse_Thymus2,80_8,10,15838.0,13871.0
Mouse_Thymus2,45_31,9,12338.0,16171.0
Mouse_Thymus2,18_41,6,9638.0,17171.0
Mouse_Thymus2,41_22,1,11938.0,15271.0
Mouse_Thymus2,123_65,3,20138.0,19571.0
Mouse_Thymus2,79_40,3,15738.0,17071.0
Mouse_Thymus2,60_35,3,13838.0,16571.0
Mouse_Thymus2,58_27,3,13638.0,15771.0
Mouse_Thymus2,46_16,7,12438.0,14671.0
Mouse_Thymus2,113_58,8,19138.0,18871.0
Mouse_Thymus2,114_64,1,19238.0,19471.0
Mouse_Thymus2,37_53,1,11538.0,18371.0
Mouse_Thymus2,80_35,6,15838.0,16571.0
Mouse_Thymus2,11_50,1,8938.0,18071.0
Mouse_Thymus2,93_11,1,17138.0,14171.0
Mouse_Thymus2,82_37,6,16038.0,16771.0
Mouse_Thymus2,77_50,1,15538.0,18071.0
Mouse_Thymus2,37_39,9,11538.0,16971.0
Mouse_Thymus2,100_55,1,17838.0,18571.0
Mouse_Thymus2,113_63,10,19138.0,19371.0
Mouse_Thymus2,35_26,10,11338.0,15671.0
Mouse_Thymus2,26_43,3,10438.0,17371.0
Mouse_Thymus2,59_36,3,13738.0,16671.0
Mouse_Thymus2,74_35,9,15238.0,16571.0
Mouse_Thymus2,106_44,10,18438.0,17471.0
Mouse_Thymus2,13_40,1,9138.0,17071.0
Mouse_Thymus2,119_71,7,19738.0,20171.0
Mouse_Thymus2,80_22,3,15838.0,15271.0
Mouse_Thymus2,105_48,10,18338.0,17871.0
Mouse_Thymus2,119_38,8,19738.0,16871.0
Mouse_Thymus2,6_43,8,8438.0,17371.0
Mouse_Thymus2,94_20,11,17238.0,15071.0
Mouse_Thymus2,97_46,6,17538.0,17671.0
Mouse_Thymus2,65_10,1,14338.0,14071.0
Mouse_Thymus2,26_51,8,10438.0,18171.0
Mouse_Thymus2,76_7,5,15438.0,13771.0
Mouse_Thymus2,97_23,3,17538.0,15371.0
Mouse_Thymus2,94_32,6,17238.0,16271.0
Mouse_Thymus2,94_30,10,17238.0,16071.0
Mouse_Thymus2,35_47,3,11338.0,17771.0
Mouse_Thymus2,85_25,1,16338.0,15571.0
Mouse_Thymus2,111_41,3,18938.0,17171.0
Mouse_Thymus2,66_16,8,14438.0,14671.0
Mouse_Thymus2,71_26,3,14938.0,15671.0
Mouse_Thymus2,94_10,10,17238.0,14071.0
Mouse_Thymus2,40_49,1,11838.0,17971.0
Mouse_Thymus2,93_19,5,17138.0,14971.0
Mouse_Thymus2,32_46,3,11038.0,17671.0
Mouse_Thymus2,107_25,1,18538.0,15571.0
Mouse_Thymus2,81_24,3,15938.0,15471.0
Mouse_Thymus2,46_34,5,12438.0,16471.0
Mouse_Thymus2,81_18,3,15938.0,14871.0
Mouse_Thymus2,104_43,10,18238.0,17371.0
Mouse_Thymus2,108_23,8,18638.0,15371.0
Mouse_Thymus2,41_41,9,11938.0,17171.0
Mouse_Thymus2,71_17,8,14938.0,14771.0
Mouse_Thymus2,108_50,1,18638.0,18071.0
Mouse_Thymus2,63_16,3,14138.0,14671.0
Mouse_Thymus2,73_46,1,15138.0,17671.0
Mouse_Thymus2,16_49,1,9438.0,17971.0
Mouse_Thymus2,84_30,1,16238.0,16071.0
Mouse_Thymus2,39_37,8,11738.0,16771.0
Mouse_Thymus2,5_43,6,8338.0,17371.0
Mouse_Thymus2,16_52,1,9438.0,18271.0
Mouse_Thymus2,64_21,3,14238.0,15171.0
Mouse_Thymus2,38_22,7,11638.0,15271.0
Mouse_Thymus2,101_39,9,17938.0,16971.0
Mouse_Thymus2,100_34,3,17838.0,16471.0
Mouse_Thymus2,103_48,10,18138.0,17871.0
Mouse_Thymus2,38_33,5,11638.0,16371.0
Mouse_Thymus2,93_6,1,17138.0,13671.0
Mouse_Thymus2,22_39,8,10038.0,16971.0
Mouse_Thymus2,50_29,3,12838.0,15971.0
Mouse_Thymus2,52_17,1,13038.0,14771.0
Mouse_Thymus2,12_45,6,9038.0,17571.0
Mouse_Thymus2,44_32,5,12238.0,16271.0
Mouse_Thymus2,93_7,10,17138.0,13771.0
Mouse_Thymus2,48_30,5,12638.0,16071.0
Mouse_Thymus2,37_37,8,11538.0,16771.0
Mouse_Thymus2,97_53,8,17538.0,18371.0
Mouse_Thymus2,109_57,10,18738.0,18771.0
Mouse_Thymus2,96_8,1,17438.0,13871.0
Mouse_Thymus2,122_69,8,20038.0,19971.0
Mouse_Thymus2,41_21,10,11938.0,15171.0
Mouse_Thymus2,124_66,8,20238.0,19671.0
Mouse_Thymus2,91_19,3,16938.0,14971.0
Mouse_Thymus2,95_40,11,17338.0,17071.0
Mouse_Thymus2,104_39,3,18238.0,16971.0
Mouse_Thymus2,102_36,9,18038.0,16671.0
Mouse_Thymus2,18_52,8,9638.0,18271.0
Mouse_Thymus2,107_36,3,18538.0,16671.0
Mouse_Thymus2,72_33,8,15038.0,16371.0
Mouse_Thymus2,48_24,10,12638.0,15471.0
Mouse_Thymus2,67_23,3,14538.0,15371.0
Mouse_Thymus2,69_43,1,14738.0,17371.0
Mouse_Thymus2,69_40,1,14738.0,17071.0
Mouse_Thymus2,41_20,10,11938.0,15071.0
Mouse_Thymus2,81_23,3,15938.0,15371.0
Mouse_Thymus2,24_43,9,10238.0,17371.0
Mouse_Thymus2,90_57,8,16838.0,18771.0
Mouse_Thymus2,70_38,3,14838.0,16871.0
Mouse_Thymus2,73_18,8,15138.0,14871.0
Mouse_Thymus2,48_35,5,12638.0,16571.0
Mouse_Thymus2,12_49,1,9038.0,17971.0
Mouse_Thymus2,71_32,1,14938.0,16271.0
Mouse_Thymus2,117_56,9,19538.0,18671.0
Mouse_Thymus2,91_49,8,16938.0,17971.0
Mouse_Thymus2,95_36,1,17338.0,16671.0
Mouse_Thymus2,87_42,1,16538.0,17271.0
Mouse_Thymus2,32_36,6,11038.0,16671.0
Mouse_Thymus2,3_47,8,8138.0,17771.0
Mouse_Thymus2,31_37,10,10938.0,16771.0
Mouse_Thymus2,74_26,3,15238.0,15671.0
Mouse_Thymus2,73_13,10,15138.0,14371.0
Mouse_Thymus2,80_25,9,15838.0,15571.0
Mouse_Thymus2,95_34,5,17338.0,16471.0
Mouse_Thymus2,25_53,1,10338.0,18371.0
Mouse_Thymus2,83_50,10,16138.0,18071.0
Mouse_Thymus2,51_45,1,12938.0,17571.0
Mouse_Thymus2,43_50,1,12138.0,18071.0
Mouse_Thymus2,123_58,10,20138.0,18871.0
Mouse_Thymus2,116_57,8,19438.0,18771.0
Mouse_Thymus2,82_50,10,16038.0,18071.0
Mouse_Thymus2,69_24,3,14738.0,15471.0
Mouse_Thymus2,106_45,10,18438.0,17571.0
Mouse_Thymus2,94_7,1,17238.0,13771.0
Mouse_Thymus2,81_10,10,15938.0,14071.0
Mouse_Thymus2,100_14,1,17838.0,14471.0
Mouse_Thymus2,51_17,10,12938.0,14771.0
Mouse_Thymus2,52_45,7,13038.0,17571.0
Mouse_Thymus2,106_40,9,18438.0,17071.0
Mouse_Thymus2,34_53,1,11238.0,18371.0
Mouse_Thymus2,40_39,3,11838.0,16971.0
Mouse_Thymus2,106_28,8,18438.0,15871.0
Mouse_Thymus2,73_44,10,15138.0,17471.0
Mouse_Thymus2,80_47,10,15838.0,17771.0
Mouse_Thymus2,65_24,5,14338.0,15471.0
Mouse_Thymus2,75_33,3,15338.0,16371.0
Mouse_Thymus2,88_14,3,16638.0,14471.0
Mouse_Thymus2,102_38,9,18038.0,16871.0
Mouse_Thymus2,98_6,5,17638.0,13671.0
Mouse_Thymus2,79_11,1,15738.0,14171.0
Mouse_Thymus2,73_41,9,15138.0,17171.0
Mouse_Thymus2,43_20,10,12138.0,15071.0
Mouse_Thymus2,110_28,6,18838.0,15871.0
Mouse_Thymus2,96_38,10,17438.0,16871.0
Mouse_Thymus2,32_47,3,11038.0,17771.0
Mouse_Thymus2,92_27,9,17038.0,15771.0
Mouse_Thymus2,33_28,1,11138.0,15871.0
Mouse_Thymus2,87_24,5,16538.0,15471.0
Mouse_Thymus2,73_21,5,15138.0,15171.0
Mouse_Thymus2,92_46,10,17038.0,17671.0
Mouse_Thymus2,62_31,3,14038.0,16171.0
Mouse_Thymus2,112_37,5,19038.0,16771.0
Mouse_Thymus2,62_28,9,14038.0,15871.0
Mouse_Thymus2,113_38,10,19138.0,16871.0
Mouse_Thymus2,72_36,3,15038.0,16671.0
Mouse_Thymus2,93_57,10,17138.0,18771.0
Mouse_Thymus2,102_48,5,18038.0,17871.0
Mouse_Thymus2,39_32,1,11738.0,16271.0
Mouse_Thymus2,72_19,8,15038.0,14971.0
Mouse_Thymus2,35_43,3,11338.0,17371.0
Mouse_Thymus2,79_49,10,15738.0,17971.0
Mouse_Thymus2,70_24,3,14838.0,15471.0
Mouse_Thymus2,50_35,5,12838.0,16571.0
Mouse_Thymus2,79_29,3,15738.0,15971.0
Mouse_Thymus2,99_42,1,17738.0,17271.0
Mouse_Thymus2,100_27,9,17838.0,15771.0
Mouse_Thymus2,70_40,5,14838.0,17071.0
Mouse_Thymus2,118_66,1,19638.0,19671.0
Mouse_Thymus2,94_19,10,17238.0,14971.0
Mouse_Thymus2,114_46,3,19238.0,17671.0
Mouse_Thymus2,15_48,6,9338.0,17871.0
Mouse_Thymus2,95_39,11,17338.0,16971.0
Mouse_Thymus2,95_9,10,17338.0,13971.0
Mouse_Thymus2,62_15,8,14038.0,14571.0
Mouse_Thymus2,116_62,10,19438.0,19271.0
Mouse_Thymus2,96_51,1,17438.0,18171.0
Mouse_Thymus2,83_5,8,16138.0,13571.0
Mouse_Thymus2,27_50,3,10538.0,18071.0
Mouse_Thymus2,118_44,10,19638.0,17471.0
Mouse_Thymus2,106_31,8,18438.0,16171.0
Mouse_Thymus2,59_27,3,13738.0,15771.0
Mouse_Thymus2,23_51,1,10138.0,18171.0
Mouse_Thymus2,82_15,5,16038.0,14571.0
Mouse_Thymus2,114_44,3,19238.0,17471.0
Mouse_Thymus2,119_51,10,19738.0,18171.0
Mouse_Thymus2,118_69,6,19638.0,19971.0
Mouse_Thymus2,103_26,9,18138.0,15671.0
Mouse_Thymus2,93_16,8,17138.0,14671.0
Mouse_Thymus2,43_48,1,12138.0,17871.0
Mouse_Thymus2,61_27,9,13938.0,15771.0
Mouse_Thymus2,74_38,3,15238.0,16871.0
Mouse_Thymus2,124_69,1,20238.0,19971.0
Mouse_Thymus2,85_49,10,16338.0,17971.0
Mouse_Thymus2,49_32,10,12738.0,16271.0
Mouse_Thymus2,69_38,9,14738.0,16871.0
Mouse_Thymus2,73_5,10,15138.0,13571.0
Mouse_Thymus2,58_42,1,13638.0,17271.0
Mouse_Thymus2,100_53,10,17838.0,18371.0
Mouse_Thymus2,34_48,9,11238.0,17871.0
Mouse_Thymus2,51_22,10,12938.0,15271.0
Mouse_Thymus2,97_54,10,17538.0,18471.0
Mouse_Thymus2,39_34,1,11738.0,16471.0
Mouse_Thymus2,86_18,3,16438.0,14871.0
Mouse_Thymus2,92_14,9,17038.0,14471.0
Mouse_Thymus2,45_19,11,12338.0,14971.0
Mouse_Thymus2,34_32,5,11238.0,16271.0
Mouse_Thymus2,122_61,5,20038.0,19171.0
Mouse_Thymus2,19_46,3,9738.0,17671.0
Mouse_Thymus2,18_47,3,9638.0,17771.0
Mouse_Thymus2,52_22,1,13038.0,15271.0
Mouse_Thymus2,84_24,8,16238.0,15471.0
Mouse_Thymus2,82_23,3,16038.0,15371.0
Mouse_Thymus2,12_42,10,9038.0,17271.0
Mouse_Thymus2,122_59,10,20038.0,18971.0
Mouse_Thymus2,111_46,3,18938.0,17671.0
Mouse_Thymus2,47_24,8,12538.0,15471.0
Mouse_Thymus2,30_36,6,10838.0,16671.0
Mouse_Thymus2,73_12,8,15138.0,14271.0
Mouse_Thymus2,29_34,10,10738.0,16471.0
Mouse_Thymus2,69_8,1,14738.0,13871.0
Mouse_Thymus2,96_60,1,17438.0,19071.0
Mouse_Thymus2,21_53,1,9938.0,18371.0
Mouse_Thymus2,75_34,3,15338.0,16471.0
Mouse_Thymus2,104_29,9,18238.0,15971.0
Mouse_Thymus2,70_39,5,14838.0,16971.0
Mouse_Thymus2,71_42,1,14938.0,17271.0
Mouse_Thymus2,93_24,3,17138.0,15471.0
Mouse_Thymus2,108_37,3,18638.0,16771.0
Mouse_Thymus2,60_24,3,13838.0,15471.0
Mouse_Thymus2,91_43,10,16938.0,17371.0
Mouse_Thymus2,24_48,3,10238.0,17871.0
Mouse_Thymus2,21_52,1,9938.0,18271.0
Mouse_Thymus2,96_6,1,17438.0,13671.0
Mouse_Thymus2,101_58,10,17938.0,18871.0
Mouse_Thymus2,17_52,1,9538.0,18271.0
Mouse_Thymus2,82_46,10,16038.0,17671.0
Mouse_Thymus2,124_52,8,20238.0,18271.0
Mouse_Thymus2,71_25,3,14938.0,15571.0
Mouse_Thymus2,119_66,8,19738.0,19671.0
Mouse_Thymus2,86_28,9,16438.0,15871.0
Mouse_Thymus2,58_30,3,13638.0,16071.0
Mouse_Thymus2,39_49,1,11738.0,17971.0
Mouse_Thymus2,116_47,3,19438.0,17771.0
Mouse_Thymus2,100_60,8,17838.0,19071.0
Mouse_Thymus2,85_37,10,16338.0,16771.0
Mouse_Thymus2,9_44,10,8738.0,17471.0
Mouse_Thymus2,50_39,3,12838.0,16971.0
Mouse_Thymus2,54_33,5,13238.0,16371.0
Mouse_Thymus2,72_31,6,15038.0,16171.0
Mouse_Thymus2,40_52,5,11838.0,18271.0
Mouse_Thymus2,82_24,8,16038.0,15471.0
Mouse_Thymus2,74_37,3,15238.0,16771.0
Mouse_Thymus2,76_22,3,15438.0,15271.0
Mouse_Thymus2,84_41,10,16238.0,17171.0
Mouse_Thymus2,76_34,3,15438.0,16471.0
Mouse_Thymus2,54_22,8,13238.0,15271.0
Mouse_Thymus2,77_11,1,15538.0,14171.0
Mouse_Thymus2,120_67,1,19838.0,19771.0
Mouse_Thymus2,49_28,3,12738.0,15871.0
Mouse_Thymus2,100_9,6,17838.0,13971.0
Mouse_Thymus2,114_49,8,19238.0,17971.0
Mouse_Thymus2,97_38,11,17538.0,16871.0
Mouse_Thymus2,102_57,10,18038.0,18771.0
Mouse_Thymus2,42_35,1,12038.0,16571.0
Mouse_Thymus2,11_48,10,8938.0,17871.0
Mouse_Thymus2,78_43,3,15638.0,17371.0
Mouse_Thymus2,101_17,8,17938.0,14771.0
Mouse_Thymus2,95_58,1,17338.0,18871.0
Mouse_Thymus2,34_35,1,11238.0,16571.0
Mouse_Thymus2,109_55,10,18738.0,18571.0
Mouse_Thymus2,89_8,6,16738.0,13871.0
Mouse_Thymus2,66_33,9,14438.0,16371.0
Mouse_Thymus2,90_58,10,16838.0,18871.0
Mouse_Thymus2,95_23,3,17338.0,15371.0
Mouse_Thymus2,25_35,6,10338.0,16571.0
Mouse_Thymus2,3_44,6,8138.0,17471.0
Mouse_Thymus2,85_3,10,16338.0,13371.0
Mouse_Thymus2,53_25,6,13138.0,15571.0
Mouse_Thymus2,105_47,10,18338.0,17771.0
Mouse_Thymus2,84_20,3,16238.0,15071.0
Mouse_Thymus2,45_35,1,12338.0,16571.0
Mouse_Thymus2,43_18,1,12138.0,14871.0
Mouse_Thymus2,65_39,1,14338.0,16971.0
Mouse_Thymus2,96_13,8,17438.0,14371.0
Mouse_Thymus2,63_17,5,14138.0,14771.0
Mouse_Thymus2,96_9,5,17438.0,13971.0
Mouse_Thymus2,79_47,10,15738.0,17771.0
Mouse_Thymus2,107_54,1,18538.0,18471.0
Mouse_Thymus2,95_6,10,17338.0,13671.0
Mouse_Thymus2,28_34,1,10638.0,16471.0
Mouse_Thymus2,20_46,3,9838.0,17671.0
Mouse_Thymus2,106_57,1,18438.0,18771.0
Mouse_Thymus2,120_60,3,19838.0,19071.0
Mouse_Thymus2,124_68,8,20238.0,19871.0
Mouse_Thymus2,97_35,5,17538.0,16571.0
Mouse_Thymus2,115_47,3,19338.0,17771.0
Mouse_Thymus2,65_17,10,14338.0,14771.0
Mouse_Thymus2,67_26,9,14538.0,15671.0
Mouse_Thymus2,68_34,9,14638.0,16471.0
Mouse_Thymus2,51_32,8,12938.0,16271.0
Mouse_Thymus2,88_53,1,16638.0,18371.0
Mouse_Thymus2,29_31,1,10738.0,16171.0
Mouse_Thymus2,122_71,8,20038.0,20171.0
Mouse_Thymus2,50_32,9,12838.0,16271.0
Mouse_Thymus2,81_29,9,15938.0,15971.0
Mouse_Thymus2,63_35,3,14138.0,16571.0
Mouse_Thymus2,82_22,3,16038.0,15271.0
Mouse_Thymus2,80_28,9,15838.0,15871.0
Mouse_Thymus2,90_9,10,16838.0,13971.0
Mouse_Thymus2,43_33,1,12138.0,16371.0
Mouse_Thymus2,81_2,6,15938.0,13271.0
Mouse_Thymus2,70_20,5,14838.0,15071.0
Mouse_Thymus2,123_67,5,20138.0,19771.0
Mouse_Thymus2,79_45,5,15738.0,17571.0
Mouse_Thymus2,80_48,10,15838.0,17871.0
Mouse_Thymus2,41_33,5,11938.0,16371.0
Mouse_Thymus2,43_19,10,12138.0,14971.0
Mouse_Thymus2,87_34,1,16538.0,16471.0
Mouse_Thymus2,73_10,10,15138.0,14071.0
Mouse_Thymus2,10_40,6,8838.0,17071.0
Mouse_Thymus2,22_53,8,10038.0,18371.0
Mouse_Thymus2,91_15,3,16938.0,14571.0
Mouse_Thymus2,86_27,8,16438.0,15771.0
Mouse_Thymus2,106_27,10,18438.0,15771.0
Mouse_Thymus2,61_25,3,13938.0,15571.0
Mouse_Thymus2,112_34,1,19038.0,16471.0
Mouse_Thymus2,70_29,9,14838.0,15971.0
Mouse_Thymus2,56_22,10,13438.0,15271.0
Mouse_Thymus2,74_42,10,15238.0,17271.0
Mouse_Thymus2,73_1,10,15138.0,13171.0
Mouse_Thymus2,34_36,1,11238.0,16671.0
Mouse_Thymus2,125_57,7,20338.0,18771.0
Mouse_Thymus2,86_29,10,16438.0,15971.0
Mouse_Thymus2,77_15,10,15538.0,14571.0
Mouse_Thymus2,118_37,8,19638.0,16771.0
Mouse_Thymus2,103_25,9,18138.0,15571.0
Mouse_Thymus2,20_52,1,9838.0,18271.0
Mouse_Thymus2,122_54,1,20038.0,18471.0
Mouse_Thymus2,12_43,1,9038.0,17371.0
Mouse_Thymus2,20_42,9,9838.0,17271.0
Mouse_Thymus2,55_28,9,13338.0,15871.0
Mouse_Thymus2,46_30,5,12438.0,16071.0
Mouse_Thymus2,42_50,10,12038.0,18071.0
Mouse_Thymus2,48_28,3,12638.0,15871.0
Mouse_Thymus2,94_34,1,17238.0,16471.0
Mouse_Thymus2,91_39,11,16938.0,16971.0
Mouse_Thymus2,60_41,10,13838.0,17171.0
Mouse_Thymus2,122_60,3,20038.0,19071.0
Mouse_Thymus2,40_44,3,11838.0,17471.0
Mouse_Thymus2,101_21,5,17938.0,15171.0
Mouse_Thymus2,74_17,10,15238.0,14771.0
Mouse_Thymus2,96_53,10,17438.0,18371.0
Mouse_Thymus2,88_20,3,16638.0,15071.0
Mouse_Thymus2,101_20,10,17938.0,15071.0
Mouse_Thymus2,94_15,10,17238.0,14571.0
Mouse_Thymus2,48_39,3,12638.0,16971.0
Mouse_Thymus2,10_48,1,8838.0,17871.0
Mouse_Thymus2,32_51,1,11038.0,18171.0
Mouse_Thymus2,33_53,1,11138.0,18371.0
Mouse_Thymus2,7_41,6,8538.0,17171.0
Mouse_Thymus2,113_51,8,19138.0,18171.0
Mouse_Thymus2,75_5,1,15338.0,13571.0
Mouse_Thymus2,116_66,1,19438.0,19671.0
Mouse_Thymus2,63_23,9,14138.0,15371.0
Mouse_Thymus2,75_45,1,15338.0,17571.0
Mouse_Thymus2,88_10,10,16638.0,14071.0
Mouse_Thymus2,41_47,5,11938.0,17771.0
Mouse_Thymus2,43_42,3,12138.0,17271.0
Mouse_Thymus2,97_10,10,17538.0,14071.0
Mouse_Thymus2,96_33,9,17438.0,16371.0
Mouse_Thymus2,100_19,8,17838.0,14971.0
Mouse_Thymus2,103_37,9,18138.0,16771.0
Mouse_Thymus2,66_9,10,14438.0,13971.0
Mouse_Thymus2,110_42,3,18838.0,17271.0
Mouse_Thymus2,79_42,3,15738.0,17271.0
Mouse_Thymus2,104_30,9,18238.0,16071.0
Mouse_Thymus2,82_53,10,16038.0,18371.0
Mouse_Thymus2,38_42,3,11638.0,17271.0
Mouse_Thymus2,91_24,3,16938.0,15471.0
Mouse_Thymus2,90_46,1,16838.0,17671.0
Mouse_Thymus2,42_27,3,12038.0,15771.0
Mouse_Thymus2,109_26,8,18738.0,15671.0
Mouse_Thymus2,86_22,3,16438.0,15271.0
Mouse_Thymus2,109_25,8,18738.0,15571.0
Mouse_Thymus2,94_5,1,17238.0,13571.0
Mouse_Thymus2,82_41,5,16038.0,17171.0
Mouse_Thymus2,95_14,8,17338.0,14471.0
Mouse_Thymus2,36_27,5,11438.0,15771.0
Mouse_Thymus2,117_57,3,19538.0,18771.0
Mouse_Thymus2,111_60,10,18938.0,19071.0
Mouse_Thymus2,107_26,1,18538.0,15671.0
Mouse_Thymus2,59_16,10,13738.0,14671.0
Mouse_Thymus2,45_28,3,12338.0,15871.0
Mouse_Thymus2,32_40,5,11038.0,17071.0
Mouse_Thymus2,121_68,1,19938.0,19871.0
Mouse_Thymus2,123_57,1,20138.0,18771.0
Mouse_Thymus2,105_55,6,18338.0,18571.0
Mouse_Thymus2,30_37,10,10838.0,16771.0
Mouse_Thymus2,96_44,5,17438.0,17471.0
Mouse_Thymus2,70_8,10,14838.0,13871.0
Mouse_Thymus2,75_28,5,15338.0,15871.0
Mouse_Thymus2,75_17,6,15338.0,14771.0
Mouse_Thymus2,97_34,9,17538.0,16471.0
Mouse_Thymus2,39_24,5,11738.0,15471.0
Mouse_Thymus2,71_8,10,14938.0,13871.0
Mouse_Thymus2,92_58,1,17038.0,18871.0
Mouse_Thymus2,108_26,10,18638.0,15671.0
Mouse_Thymus2,104_40,3,18238.0,17071.0
Mouse_Thymus2,124_56,1,20238.0,18671.0
Mouse_Thymus2,79_30,3,15738.0,16071.0
Mouse_Thymus2,56_24,10,13438.0,15471.0
Mouse_Thymus2,117_55,9,19538.0,18571.0
Mouse_Thymus2,71_14,10,14938.0,14471.0
Mouse_Thymus2,105_43,8,18338.0,17371.0
Mouse_Thymus2,99_56,1,17738.0,18671.0
Mouse_Thymus2,62_20,10,14038.0,15071.0
Mouse_Thymus2,42_52,7,12038.0,18271.0
Mouse_Thymus2,10_41,1,8838.0,17171.0
Mouse_Thymus2,44_49,10,12238.0,17971.0
Mouse_Thymus2,123_64,5,20138.0,19471.0
Mouse_Thymus2,93_50,10,17138.0,18071.0
Mouse_Thymus2,114_54,8,19238.0,18471.0
Mouse_Thymus2,75_36,9,15338.0,16671.0
Mouse_Thymus2,120_64,10,19838.0,19471.0
Mouse_Thymus2,79_20,3,15738.0,15071.0
Mouse_Thymus2,93_44,11,17138.0,17471.0
Mouse_Thymus2,47_33,5,12538.0,16371.0
Mouse_Thymus2,60_20,1,13838.0,15071.0
Mouse_Thymus2,19_49,10,9738.0,17971.0
Mouse_Thymus2,42_19,1,12038.0,14971.0
Mouse_Thymus2,83_6,1,16138.0,13671.0
Mouse_Thymus2,113_62,8,19138.0,19271.0
Mouse_Thymus2,117_60,9,19538.0,19071.0
Mouse_Thymus2,28_49,5,10638.0,17971.0
Mouse_Thymus2,89_52,1,16738.0,18271.0
Mouse_Thymus2,76_48,1,15438.0,17871.0
Mouse_Thymus2,121_64,1,19938.0,19471.0
Mouse_Thymus2,32_50,10,11038.0,18071.0
Mouse_Thymus2,94_29,10,17238.0,15971.0
Mouse_Thymus2,90_34,10,16838.0,16471.0
Mouse_Thymus2,95_7,8,17338.0,13771.0
Mouse_Thymus2,82_28,8,16038.0,15871.0
Mouse_Thymus2,84_32,10,16238.0,16271.0
Mouse_Thymus2,98_45,1,17638.0,17571.0
Mouse_Thymus2,86_49,10,16438.0,17971.0
Mouse_Thymus2,118_67,10,19638.0,19771.0
Mouse_Thymus2,88_50,10,16638.0,18071.0
Mouse_Thymus2,70_22,3,14838.0,15271.0
Mouse_Thymus2,31_46,3,10938.0,17671.0
Mouse_Thymus2,98_38,3,17638.0,16871.0
Mouse_Thymus2,83_12,10,16138.0,14271.0
Mouse_Thymus2,85_44,5,16338.0,17471.0
Mouse_Thymus2,49_41,3,12738.0,17171.0
Mouse_Thymus2,32_54,1,11038.0,18471.0
Mouse_Thymus2,47_30,9,12538.0,16071.0
Mouse_Thymus2,90_6,1,16838.0,13671.0
Mouse_Thymus2,115_54,1,19338.0,18471.0
Mouse_Thymus2,78_27,9,15638.0,15771.0
Mouse_Thymus2,112_47,3,19038.0,17771.0
Mouse_Thymus2,67_17,10,14538.0,14771.0
Mouse_Thymus2,91_47,10,16938.0,17771.0
Mouse_Thymus2,122_62,3,20038.0,19271.0
Mouse_Thymus2,81_5,10,15938.0,13571.0
Mouse_Thymus2,115_66,6,19338.0,19671.0
Mouse_Thymus2,110_36,9,18838.0,16671.0
Mouse_Thymus2,87_29,10,16538.0,15971.0
Mouse_Thymus2,107_28,5,18538.0,15871.0
Mouse_Thymus2,36_47,9,11438.0,17771.0
Mouse_Thymus2,14_39,5,9238.0,16971.0
Mouse_Thymus2,100_25,3,17838.0,15571.0
Mouse_Thymus2,73_0,1,15138.0,13071.0
Mouse_Thymus2,84_42,10,16238.0,17271.0
Mouse_Thymus2,104_21,1,18238.0,15171.0
Mouse_Thymus2,43_45,3,12138.0,17571.0
Mouse_Thymus2,56_15,10,13438.0,14571.0
Mouse_Thymus2,8_42,6,8638.0,17271.0
Mouse_Thymus2,68_18,10,14638.0,14871.0
Mouse_Thymus2,44_38,9,12238.0,16871.0
Mouse_Thymus2,30_27,8,10838.0,15771.0
Mouse_Thymus2,46_31,5,12438.0,16171.0
Mouse_Thymus2,36_46,3,11438.0,17671.0
Mouse_Thymus2,75_25,3,15338.0,15571.0
Mouse_Thymus2,94_43,10,17238.0,17371.0
Mouse_Thymus2,84_4,10,16238.0,13471.0
Mouse_Thymus2,33_39,9,11138.0,16971.0
Mouse_Thymus2,6_41,7,8438.0,17171.0
Mouse_Thymus2,81_44,9,15938.0,17471.0
Mouse_Thymus2,56_25,8,13438.0,15571.0
Mouse_Thymus2,70_13,10,14838.0,14371.0
Mouse_Thymus2,60_40,10,13838.0,17071.0
Mouse_Thymus2,86_41,10,16438.0,17171.0
Mouse_Thymus2,52_37,3,13038.0,16771.0
Mouse_Thymus2,115_57,8,19338.0,18771.0
Mouse_Thymus2,105_52,1,18338.0,18271.0
Mouse_Thymus2,95_16,10,17338.0,14671.0
Mouse_Thymus2,121_57,5,19938.0,18771.0
Mouse_Thymus2,77_39,3,15538.0,16971.0
Mouse_Thymus2,50_34,5,12838.0,16471.0
Mouse_Thymus2,72_28,3,15038.0,15871.0
Mouse_Thymus2,72_7,6,15038.0,13771.0
Mouse_Thymus2,96_61,1,17438.0,19171.0
Mouse_Thymus2,46_46,10,12438.0,17671.0
Mouse_Thymus2,33_33,10,11138.0,16371.0
Mouse_Thymus2,70_16,6,14838.0,14671.0
Mouse_Thymus2,105_54,6,18338.0,18471.0
Mouse_Thymus2,31_39,1,10938.0,16971.0
Mouse_Thymus2,62_27,9,14038.0,15771.0
Mouse_Thymus2,90_48,10,16838.0,17871.0
Mouse_Thymus2,45_41,3,12338.0,17171.0
Mouse_Thymus2,80_20,3,15838.0,15071.0
Mouse_Thymus2,82_6,8,16038.0,13671.0
Mouse_Thymus2,48_34,9,12638.0,16471.0
Mouse_Thymus2,105_33,3,18338.0,16371.0
Mouse_Thymus2,82_27,8,16038.0,15771.0
Mouse_Thymus2,55_24,6,13338.0,15471.0
Mouse_Thymus2,99_33,9,17738.0,16371.0
Mouse_Thymus2,48_19,10,12638.0,14971.0
Mouse_Thymus2,33_54,1,11138.0,18471.0
Mouse_Thymus2,72_41,1,15038.0,17171.0
Mouse_Thymus2,64_13,10,14238.0,14371.0
Mouse_Thymus2,56_34,3,13438.0,16471.0
Mouse_Thymus2,66_31,5,14438.0,16171.0
Mouse_Thymus2,68_36,3,14638.0,16671.0
Mouse_Thymus2,49_22,10,12738.0,15271.0
Mouse_Thymus2,83_42,5,16138.0,17271.0
Mouse_Thymus2,64_30,9,14238.0,16071.0
Mouse_Thymus2,63_30,3,14138.0,16071.0
Mouse_Thymus2,92_22,9,17038.0,15271.0
Mouse_Thymus2,119_68,10,19738.0,19871.0
Mouse_Thymus2,95_5,1,17338.0,13571.0
Mouse_Thymus2,35_33,8,11338.0,16371.0
Mouse_Thymus2,32_56,7,11038.0,18671.0
Mouse_Thymus2,21_37,10,9938.0,16771.0
Mouse_Thymus2,48_15,7,12638.0,14571.0
Mouse_Thymus2,96_39,1,17438.0,16971.0
Mouse_Thymus2,29_29,7,10738.0,15971.0
Mouse_Thymus2,112_38,5,19038.0,16871.0
Mouse_Thymus2,117_44,10,19538.0,17471.0
Mouse_Thymus2,42_47,1,12038.0,17771.0
Mouse_Thymus2,60_12,1,13838.0,14271.0
Mouse_Thymus2,91_45,10,16938.0,17571.0
Mouse_Thymus2,70_25,3,14838.0,15571.0
Mouse_Thymus2,89_43,10,16738.0,17371.0
Mouse_Thymus2,79_18,9,15738.0,14871.0
Mouse_Thymus2,49_23,10,12738.0,15371.0
Mouse_Thymus2,74_4,1,15238.0,13471.0
Mouse_Thymus2,49_36,3,12738.0,16671.0
Mouse_Thymus2,72_10,10,15038.0,14071.0
Mouse_Thymus2,54_38,9,13238.0,16871.0
Mouse_Thymus2,6_47,1,8438.0,17771.0
Mouse_Thymus2,61_16,10,13938.0,14671.0
Mouse_Thymus2,66_32,9,14438.0,16271.0
Mouse_Thymus2,43_43,3,12138.0,17371.0
Mouse_Thymus2,57_41,1,13538.0,17171.0
Mouse_Thymus2,122_66,3,20038.0,19671.0
Mouse_Thymus2,90_26,5,16838.0,15671.0
Mouse_Thymus2,89_4,7,16738.0,13471.0
Mouse_Thymus2,37_35,5,11538.0,16571.0
Mouse_Thymus2,29_44,3,10738.0,17471.0
Mouse_Thymus2,73_38,3,15138.0,16871.0
Mouse_Thymus2,33_43,3,11138.0,17371.0
Mouse_Thymus2,50_45,1,12838.0,17571.0
Mouse_Thymus2,112_30,8,19038.0,16071.0
Mouse_Thymus2,119_49,1,19738.0,17971.0
Mouse_Thymus2,84_16,3,16238.0,14671.0
Mouse_Thymus2,58_32,9,13638.0,16271.0
Mouse_Thymus2,47_19,10,12538.0,14971.0
Mouse_Thymus2,89_22,3,16738.0,15271.0
Mouse_Thymus2,112_55,10,19038.0,18571.0
Mouse_Thymus2,63_24,3,14138.0,15471.0
Mouse_Thymus2,109_56,10,18738.0,18671.0
Mouse_Thymus2,47_37,3,12538.0,16771.0
Mouse_Thymus2,48_29,3,12638.0,15971.0
Mouse_Thymus2,67_33,3,14538.0,16371.0
Mouse_Thymus2,88_56,10,16638.0,18671.0
Mouse_Thymus2,31_40,5,10938.0,17071.0
Mouse_Thymus2,125_64,1,20338.0,19471.0
Mouse_Thymus2,106_46,10,18438.0,17671.0
Mouse_Thymus2,85_14,5,16338.0,14471.0
Mouse_Thymus2,33_41,9,11138.0,17171.0
Mouse_Thymus2,83_9,10,16138.0,13971.0
Mouse_Thymus2,59_38,10,13738.0,16871.0
Mouse_Thymus2,85_8,10,16338.0,13871.0
Mouse_Thymus2,31_48,3,10938.0,17871.0
Mouse_Thymus2,58_13,1,13638.0,14371.0
Mouse_Thymus2,73_3,10,15138.0,13371.0
Mouse_Thymus2,116_41,1,19438.0,17171.0
Mouse_Thymus2,30_31,1,10838.0,16171.0
Mouse_Thymus2,89_9,8,16738.0,13971.0
Mouse_Thymus2,61_11,10,13938.0,14171.0
Mouse_Thymus2,90_16,3,16838.0,14671.0
Mouse_Thymus2,34_37,8,11238.0,16771.0
Mouse_Thymus2,114_41,9,19238.0,17171.0
Mouse_Thymus2,53_38,9,13138.0,16871.0
Mouse_Thymus2,103_52,11,18138.0,18271.0
Mouse_Thymus2,96_17,11,17438.0,14771.0
Mouse_Thymus2,86_35,6,16438.0,16571.0
Mouse_Thymus2,82_42,5,16038.0,17271.0
Mouse_Thymus2,60_36,3,13838.0,16671.0
Mouse_Thymus2,114_45,3,19238.0,17571.0
Mouse_Thymus2,89_23,3,16738.0,15371.0
Mouse_Thymus2,101_57,10,17938.0,18771.0
Mouse_Thymus2,72_25,3,15038.0,15571.0
Mouse_Thymus2,75_7,1,15338.0,13771.0
Mouse_Thymus2,65_11,10,14338.0,14171.0
Mouse_Thymus2,29_40,5,10738.0,17071.0
Mouse_Thymus2,66_15,8,14438.0,14571.0
Mouse_Thymus2,12_48,9,9038.0,17871.0
Mouse_Thymus2,76_50,7,15438.0,18071.0
Mouse_Thymus2,93_33,6,17138.0,16371.0
Mouse_Thymus2,27_38,10,10538.0,16871.0
Mouse_Thymus2,57_36,9,13538.0,16671.0
Mouse_Thymus2,49_21,7,12738.0,15171.0
Mouse_Thymus2,72_40,5,15038.0,17071.0
Mouse_Thymus2,98_47,6,17638.0,17771.0
Mouse_Thymus2,35_29,10,11338.0,15971.0
Mouse_Thymus2,90_49,10,16838.0,17971.0
Mouse_Thymus2,73_11,10,15138.0,14171.0
Mouse_Thymus2,56_40,1,13438.0,17071.0
Mouse_Thymus2,82_43,5,16038.0,17371.0
Mouse_Thymus2,125_72,7,20338.0,20271.0
Mouse_Thymus2,15_44,3,9338.0,17471.0
Mouse_Thymus2,72_18,10,15038.0,14871.0
Mouse_Thymus2,66_18,9,14438.0,14871.0
Mouse_Thymus2,81_52,10,15938.0,18271.0
Mouse_Thymus2,54_26,5,13238.0,15671.0
Mouse_Thymus2,82_35,10,16038.0,16571.0
Mouse_Thymus2,99_9,6,17738.0,13971.0
Mouse_Thymus2,81_16,11,15938.0,14671.0
Mouse_Thymus2,123_51,1,20138.0,18171.0
Mouse_Thymus2,107_39,3,18538.0,16971.0
Mouse_Thymus2,95_15,1,17338.0,14571.0
Mouse_Thymus2,124_61,1,20238.0,19171.0
Mouse_Thymus2,114_34,1,19238.0,16471.0
Mouse_Thymus2,66_14,10,14438.0,14471.0
Mouse_Thymus2,124_71,1,20238.0,20171.0
Mouse_Thymus2,49_46,1,12738.0,17671.0
Mouse_Thymus2,47_21,10,12538.0,15171.0
Mouse_Thymus2,104_44,10,18238.0,17471.0
Mouse_Thymus2,52_18,1,13038.0,14871.0
Mouse_Thymus2,100_24,3,17838.0,15471.0
Mouse_Thymus2,80_13,10,15838.0,14371.0
Mouse_Thymus2,121_71,8,19938.0,20171.0
Mouse_Thymus2,87_16,9,16538.0,14671.0
Mouse_Thymus2,45_46,9,12338.0,17671.0
Mouse_Thymus2,37_30,9,11538.0,16071.0
Mouse_Thymus2,65_20,3,14338.0,15071.0
Mouse_Thymus2,66_17,6,14438.0,14771.0
Mouse_Thymus2,44_31,9,12238.0,16171.0
Mouse_Thymus2,46_38,3,12438.0,16871.0
Mouse_Thymus2,103_24,10,18138.0,15471.0
Mouse_Thymus2,82_33,10,16038.0,16371.0
Mouse_Thymus2,66_26,3,14438.0,15671.0
Mouse_Thymus2,93_53,8,17138.0,18371.0
Mouse_Thymus2,94_44,11,17238.0,17471.0
Mouse_Thymus2,65_23,8,14338.0,15371.0
Mouse_Thymus2,28_55,1,10638.0,18571.0
Mouse_Thymus2,81_31,5,15938.0,16171.0
Mouse_Thymus2,104_35,9,18238.0,16571.0
Mouse_Thymus2,93_8,10,17138.0,13871.0
Mouse_Thymus2,47_46,1,12538.0,17671.0
Mouse_Thymus2,116_68,8,19438.0,19871.0
Mouse_Thymus2,9_45,1,8738.0,17571.0
Mouse_Thymus2,99_21,9,17738.0,15171.0
Mouse_Thymus2,124_55,6,20238.0,18571.0
Mouse_Thymus2,70_33,5,14838.0,16371.0
Mouse_Thymus2,86_8,10,16438.0,13871.0
Mouse_Thymus2,87_22,9,16538.0,15271.0
Mouse_Thymus2,85_33,11,16338.0,16371.0
Mouse_Thymus2,41_26,8,11938.0,15671.0
Mouse_Thymus2,63_36,3,14138.0,16671.0
Mouse_Thymus2,80_33,8,15838.0,16371.0
Mouse_Thymus2,52_38,9,13038.0,16871.0
Mouse_Thymus2,25_40,1,10338.0,17071.0
Mouse_Thymus2,69_41,1,14738.0,17171.0
Mouse_Thymus2,56_28,3,13438.0,15871.0
Mouse_Thymus2,48_21,10,12638.0,15171.0
Mouse_Thymus2,48_16,1,12638.0,14671.0
Mouse_Thymus2,14_50,1,9238.0,18071.0
Mouse_Thymus2,116_36,10,19438.0,16671.0
Mouse_Thymus2,58_26,3,13638.0,15671.0
Mouse_Thymus2,55_25,6,13338.0,15571.0
Mouse_Thymus2,64_11,1,14238.0,14171.0
Mouse_Thymus2,45_22,10,12338.0,15271.0
Mouse_Thymus2,66_28,6,14438.0,15871.0
Mouse_Thymus2,20_50,10,9838.0,18071.0
Mouse_Thymus2,106_30,10,18438.0,16071.0
Mouse_Thymus2,38_43,3,11638.0,17371.0
Mouse_Thymus2,73_6,8,15138.0,13671.0
Mouse_Thymus2,120_71,8,19838.0,20171.0
Mouse_Thymus2,37_48,7,11538.0,17871.0
Mouse_Thymus2,116_34,6,19438.0,16471.0
Mouse_Thymus2,76_38,9,15438.0,16871.0
Mouse_Thymus2,106_26,8,18438.0,15671.0
Mouse_Thymus2,46_42,3,12438.0,17271.0
Mouse_Thymus2,71_36,3,14938.0,16671.0
Mouse_Thymus2,112_52,10,19038.0,18271.0
Mouse_Thymus2,118_64,10,19638.0,19471.0
Mouse_Thymus2,87_4,1,16538.0,13471.0
Mouse_Thymus2,93_58,10,17138.0,18871.0
Mouse_Thymus2,84_35,8,16238.0,16571.0
Mouse_Thymus2,85_20,3,16338.0,15071.0
Mouse_Thymus2,21_45,3,9938.0,17571.0
Mouse_Thymus2,92_49,1,17038.0,17971.0
Mouse_Thymus2,44_25,5,12238.0,15571.0
Mouse_Thymus2,44_20,10,12238.0,15071.0
Mouse_Thymus2,95_35,6,17338.0,16571.0
Mouse_Thymus2,125_68,1,20338.0,19871.0
Mouse_Thymus2,65_41,5,14338.0,17171.0
Mouse_Thymus2,121_61,3,19938.0,19171.0
Mouse_Thymus2,25_43,9,10338.0,17371.0
Mouse_Thymus2,109_54,10,18738.0,18471.0
Mouse_Thymus2,51_42,8,12938.0,17271.0
Mouse_Thymus2,38_31,5,11638.0,16171.0
Mouse_Thymus2,115_55,5,19338.0,18571.0
Mouse_Thymus2,38_39,8,11638.0,16971.0
Mouse_Thymus2,73_43,10,15138.0,17371.0
Mouse_Thymus2,113_37,1,19138.0,16771.0
Mouse_Thymus2,78_25,9,15638.0,15571.0
Mouse_Thymus2,46_17,1,12438.0,14771.0
Mouse_Thymus2,14_47,8,9238.0,17771.0
Mouse_Thymus2,99_15,10,17738.0,14571.0
Mouse_Thymus2,6_45,10,8438.0,17571.0
Mouse_Thymus2,86_21,3,16438.0,15171.0
Mouse_Thymus2,86_32,10,16438.0,16271.0
Mouse_Thymus2,45_24,1,12338.0,15471.0
Mouse_Thymus2,110_31,10,18838.0,16171.0
Mouse_Thymus2,124_51,5,20238.0,18171.0
Mouse_Thymus2,62_16,8,14038.0,14671.0
Mouse_Thymus2,76_12,10,15438.0,14271.0
Mouse_Thymus2,92_8,10,17038.0,13871.0
Mouse_Thymus2,111_29,6,18938.0,15971.0
Mouse_Thymus2,55_34,3,13338.0,16471.0
Mouse_Thymus2,94_55,10,17238.0,18571.0
Mouse_Thymus2,104_48,1,18238.0,17871.0
Mouse_Thymus2,73_17,1,15138.0,14771.0
Mouse_Thymus2,98_42,1,17638.0,17271.0
Mouse_Thymus2,111_59,1,18938.0,18971.0
Mouse_Thymus2,30_55,1,10838.0,18571.0
Mouse_Thymus2,100_58,8,17838.0,18871.0
Mouse_Thymus2,71_31,5,14938.0,16171.0
Mouse_Thymus2,60_37,3,13838.0,16771.0
Mouse_Thymus2,25_52,5,10338.0,18271.0
Mouse_Thymus2,99_46,1,17738.0,17671.0
Mouse_Thymus2,87_37,5,16538.0,16771.0
Mouse_Thymus2,18_42,3,9638.0,17271.0
Mouse_Thymus2,15_46,9,9338.0,17671.0
Mouse_Thymus2,36_55,8,11438.0,18571.0
Mouse_Thymus2,73_16,8,15138.0,14671.0
Mouse_Thymus2,77_1,10,15538.0,13171.0
Mouse_Thymus2,91_8,1,16938.0,13871.0
Mouse_Thymus2,97_37,8,17538.0,16771.0
Mouse_Thymus2,96_42,11,17438.0,17271.0
Mouse_Thymus2,74_44,6,15238.0,17471.0
Mouse_Thymus2,75_27,3,15338.0,15771.0
Mouse_Thymus2,35_32,5,11338.0,16271.0
Mouse_Thymus2,29_30,1,10738.0,16071.0
Mouse_Thymus2,47_29,3,12538.0,15971.0
Mouse_Thymus2,77_42,3,15538.0,17271.0
Mouse_Thymus2,107_41,9,18538.0,17171.0
Mouse_Thymus2,59_40,6,13738.0,17071.0
Mouse_Thymus2,36_44,3,11438.0,17471.0
Mouse_Thymus2,4_46,8,8238.0,17671.0
Mouse_Thymus2,77_43,9,15538.0,17371.0
Mouse_Thymus2,91_28,1,16938.0,15871.0
Mouse_Thymus2,48_31,1,12638.0,16171.0
Mouse_Thymus2,109_27,1,18738.0,15771.0
Mouse_Thymus2,36_51,10,11438.0,18171.0
Mouse_Thymus2,78_13,8,15638.0,14371.0
Mouse_Thymus2,102_20,10,18038.0,15071.0
Mouse_Thymus2,29_47,3,10738.0,17771.0
Mouse_Thymus2,108_30,10,18638.0,16071.0
Mouse_Thymus2,116_59,8,19438.0,18971.0
Mouse_Thymus2,45_50,1,12338.0,18071.0
Mouse_Thymus2,108_55,6,18638.0,18571.0
Mouse_Thymus2,22_36,7,10038.0,16671.0
Mouse_Thymus2,91_40,8,16938.0,17071.0
Mouse_Thymus2,82_20,3,16038.0,15071.0
Mouse_Thymus2,84_53,1,16238.0,18371.0
Mouse_Thymus2,93_39,8,17138.0,16971.0
Mouse_Thymus2,102_43,10,18038.0,17371.0
Mouse_Thymus2,32_41,3,11038.0,17171.0
Mouse_Thymus2,92_55,1,17038.0,18571.0
Mouse_Thymus2,110_47,5,18838.0,17771.0
Mouse_Thymus2,83_22,9,16138.0,15271.0
Mouse_Thymus2,120_58,5,19838.0,18871.0
Mouse_Thymus2,108_34,9,18638.0,16471.0
Mouse_Thymus2,125_66,1,20338.0,19671.0
Mouse_Thymus2,125_70,1,20338.0,20071.0
Mouse_Thymus2,6_46,1,8438.0,17671.0
Mouse_Thymus2,84_18,3,16238.0,14871.0
Mouse_Thymus2,89_58,8,16738.0,18871.0
Mouse_Thymus2,96_52,10,17438.0,18271.0
Mouse_Thymus2,109_44,3,18738.0,17471.0
Mouse_Thymus2,97_59,10,17538.0,18971.0
Mouse_Thymus2,78_41,3,15638.0,17171.0
Mouse_Thymus2,82_12,6,16038.0,14271.0
Mouse_Thymus2,97_42,1,17538.0,17271.0
Mouse_Thymus2,77_22,3,15538.0,15271.0
Mouse_Thymus2,31_29,5,10938.0,15971.0
Mouse_Thymus2,30_48,3,10838.0,17871.0
Mouse_Thymus2,40_22,1,11838.0,15271.0
Mouse_Thymus2,95_57,8,17338.0,18771.0
Mouse_Thymus2,46_44,9,12438.0,17471.0
Mouse_Thymus2,99_59,10,17738.0,18971.0
Mouse_Thymus2,87_6,1,16538.0,13671.0
Mouse_Thymus2,51_37,3,12938.0,16771.0
Mouse_Thymus2,102_19,10,18038.0,14971.0
Mouse_Thymus2,82_51,10,16038.0,18171.0
Mouse_Thymus2,116_35,6,19438.0,16571.0
Mouse_Thymus2,96_31,10,17438.0,16171.0
Mouse_Thymus2,97_5,6,17538.0,13571.0
Mouse_Thymus2,97_51,1,17538.0,18171.0
Mouse_Thymus2,102_16,1,18038.0,14671.0
Mouse_Thymus2,5_44,10,8338.0,17471.0
Mouse_Thymus2,95_17,10,17338.0,14771.0
Mouse_Thymus2,46_26,6,12438.0,15671.0
Mouse_Thymus2,107_40,9,18538.0,17071.0
Mouse_Thymus2,96_43,10,17438.0,17371.0
Mouse_Thymus2,20_40,1,9838.0,17071.0
Mouse_Thymus2,73_42,10,15138.0,17271.0
Mouse_Thymus2,85_45,5,16338.0,17571.0
Mouse_Thymus2,109_58,1,18738.0,18871.0
Mouse_Thymus2,42_37,1,12038.0,16771.0
Mouse_Thymus2,89_50,6,16738.0,18071.0
Mouse_Thymus2,12_39,7,9038.0,16971.0
Mouse_Thymus2,104_47,10,18238.0,17771.0
Mouse_Thymus2,62_32,9,14038.0,16271.0
Mouse_Thymus2,78_22,3,15638.0,15271.0
Mouse_Thymus2,108_53,10,18638.0,18371.0
Mouse_Thymus2,42_38,5,12038.0,16871.0
Mouse_Thymus2,89_19,3,16738.0,14971.0
Mouse_Thymus2,10_44,10,8838.0,17471.0
Mouse_Thymus2,122_48,1,20038.0,17871.0
Mouse_Thymus2,67_12,5,14538.0,14271.0
Mouse_Thymus2,92_52,10,17038.0,18271.0
Mouse_Thymus2,104_46,8,18238.0,17671.0
Mouse_Thymus2,84_39,10,16238.0,16971.0
Mouse_Thymus2,93_32,10,17138.0,16271.0
Mouse_Thymus2,119_67,10,19738.0,19771.0
Mouse_Thymus2,50_40,3,12838.0,17071.0
Mouse_Thymus2,19_44,9,9738.0,17471.0
Mouse_Thymus2,106_56,1,18438.0,18671.0
Mouse_Thymus2,77_14,5,15538.0,14471.0
Mouse_Thymus2,12_44,5,9038.0,17471.0
Mouse_Thymus2,71_0,7,14938.0,13071.0
Mouse_Thymus2,55_16,10,13338.0,14671.0
Mouse_Thymus2,58_28,3,13638.0,15871.0
Mouse_Thymus2,109_47,5,18738.0,17771.0
Mouse_Thymus2,16_51,1,9438.0,18171.0
Mouse_Thymus2,108_47,5,18638.0,17771.0
Mouse_Thymus2,74_1,1,15238.0,13171.0
Mouse_Thymus2,107_42,9,18538.0,17271.0
Mouse_Thymus2,72_44,8,15038.0,17471.0
Mouse_Thymus2,74_16,8,15238.0,14671.0
Mouse_Thymus2,6_48,6,8438.0,17871.0
Mouse_Thymus2,89_12,1,16738.0,14271.0
Mouse_Thymus2,54_34,3,13238.0,16471.0
Mouse_Thymus2,100_54,10,17838.0,18471.0
Mouse_Thymus2,101_31,10,17938.0,16171.0
Mouse_Thymus2,121_63,8,19938.0,19371.0
Mouse_Thymus2,86_5,10,16438.0,13571.0
Mouse_Thymus2,25_48,3,10338.0,17871.0
Mouse_Thymus2,33_46,3,11138.0,17671.0
Mouse_Thymus2,72_16,10,15038.0,14671.0
Mouse_Thymus2,81_4,10,15938.0,13471.0
Mouse_Thymus2,84_25,10,16238.0,15571.0
Mouse_Thymus2,69_17,10,14738.0,14771.0
Mouse_Thymus2,21_54,1,9938.0,18471.0
Mouse_Thymus2,36_28,5,11438.0,15871.0
Mouse_Thymus2,47_28,3,12538.0,15871.0
Mouse_Thymus2,69_30,5,14738.0,16071.0
Mouse_Thymus2,97_19,5,17538.0,14971.0
Mouse_Thymus2,32_48,5,11038.0,17871.0
Mouse_Thymus2,103_39,3,18138.0,16971.0
Mouse_Thymus2,40_50,1,11838.0,18071.0
Mouse_Thymus2,52_43,8,13038.0,17371.0
Mouse_Thymus2,118_61,3,19638.0,19171.0
Mouse_Thymus2,72_1,1,15038.0,13171.0
Mouse_Thymus2,113_50,1,19138.0,18071.0
Mouse_Thymus2,119_42,1,19738.0,17271.0
Mouse_Thymus2,64_10,10,14238.0,14071.0
Mouse_Thymus2,98_18,11,17638.0,14871.0
Mouse_Thymus2,122_49,1,20038.0,17971.0
Mouse_Thymus2,51_28,3,12938.0,15871.0
Mouse_Thymus2,70_42,1,14838.0,17271.0
Mouse_Thymus2,104_49,6,18238.0,17971.0
Mouse_Thymus2,118_57,3,19638.0,18771.0
Mouse_Thymus2,4_43,7,8238.0,17371.0
Mouse_Thymus2,52_28,3,13038.0,15871.0
Mouse_Thymus2,46_40,3,12438.0,17071.0
Mouse_Thymus2,109_33,5,18738.0,16371.0
Mouse_Thymus2,86_53,1,16438.0,18371.0
Mouse_Thymus2,27_34,6,10538.0,16471.0
Mouse_Thymus2,53_36,5,13138.0,16671.0
Mouse_Thymus2,103_43,11,18138.0,17371.0
Mouse_Thymus2,40_38,5,11838.0,16871.0
Mouse_Thymus2,71_24,3,14938.0,15471.0
Mouse_Thymus2,58_37,3,13638.0,16771.0
Mouse_Thymus2,90_51,10,16838.0,18171.0
Mouse_Thymus2,94_39,10,17238.0,16971.0
Mouse_Thymus2,47_44,5,12538.0,17471.0
Mouse_Thymus2,107_48,8,18538.0,17871.0
Mouse_Thymus2,40_45,3,11838.0,17571.0
Mouse_Thymus2,81_43,3,15938.0,17371.0
Mouse_Thymus2,25_42,10,10338.0,17271.0
Mouse_Thymus2,104_34,3,18238.0,16471.0
Mouse_Thymus2,88_55,10,16638.0,18571.0
Mouse_Thymus2,44_19,10,12238.0,14971.0
Mouse_Thymus2,42_40,3,12038.0,17071.0
Mouse_Thymus2,81_8,1,15938.0,13871.0
Mouse_Thymus2,60_30,3,13838.0,16071.0
Mouse_Thymus2,60_21,9,13838.0,15171.0
Mouse_Thymus2,73_23,3,15138.0,15371.0
Mouse_Thymus2,50_19,10,12838.0,14971.0
Mouse_Thymus2,70_5,1,14838.0,13571.0
Mouse_Thymus2,84_23,9,16238.0,15371.0
Mouse_Thymus2,102_24,9,18038.0,15471.0
Mouse_Thymus2,100_47,10,17838.0,17771.0
Mouse_Thymus2,26_50,5,10438.0,18071.0
Mouse_Thymus2,43_35,8,12138.0,16571.0
Mouse_Thymus2,103_44,10,18138.0,17471.0
Mouse_Thymus2,103_56,10,18138.0,18671.0
Mouse_Thymus2,122_67,5,20038.0,19771.0
Mouse_Thymus2,114_40,10,19238.0,17071.0
Mouse_Thymus2,79_8,8,15738.0,13871.0
Mouse_Thymus2,109_31,1,18738.0,16171.0
Mouse_Thymus2,74_40,9,15238.0,17071.0
Mouse_Thymus2,89_13,5,16738.0,14371.0
Mouse_Thymus2,14_51,1,9238.0,18171.0
Mouse_Thymus2,40_32,5,11838.0,16271.0
Mouse_Thymus2,78_24,9,15638.0,15471.0
Mouse_Thymus2,15_45,3,9338.0,17571.0
Mouse_Thymus2,87_10,10,16538.0,14071.0
Mouse_Thymus2,112_59,10,19038.0,18971.0
Mouse_Thymus2,82_2,10,16038.0,13271.0
Mouse_Thymus2,86_4,1,16438.0,13471.0
Mouse_Thymus2,52_44,5,13038.0,17471.0
Mouse_Thymus2,88_22,3,16638.0,15271.0
Mouse_Thymus2,100_38,3,17838.0,16871.0
Mouse_Thymus2,64_34,9,14238.0,16471.0
Mouse_Thymus2,91_55,1,16938.0,18571.0
Mouse_Thymus2,92_44,10,17038.0,17471.0
Mouse_Thymus2,67_21,5,14538.0,15171.0
Mouse_Thymus2,67_41,1,14538.0,17171.0
Mouse_Thymus2,62_23,3,14038.0,15371.0
Mouse_Thymus2,61_39,8,13938.0,16971.0
Mouse_Thymus2,30_45,3,10838.0,17571.0
Mouse_Thymus2,94_14,5,17238.0,14471.0
Mouse_Thymus2,98_10,9,17638.0,14071.0
Mouse_Thymus2,86_10,10,16438.0,14071.0
Mouse_Thymus2,88_28,5,16638.0,15871.0
Mouse_Thymus2,106_29,1,18438.0,15971.0
Mouse_Thymus2,78_15,6,15638.0,14571.0
Mouse_Thymus2,87_53,10,16538.0,18371.0
Mouse_Thymus2,121_46,1,19938.0,17671.0
Mouse_Thymus2,66_11,10,14438.0,14171.0
Mouse_Thymus2,66_29,9,14438.0,15971.0
Mouse_Thymus2,37_38,8,11538.0,16871.0
Mouse_Thymus2,35_46,3,11338.0,17671.0
Mouse_Thymus2,50_17,8,12838.0,14771.0
Mouse_Thymus2,120_55,3,19838.0,18571.0
Mouse_Thymus2,26_53,8,10438.0,18371.0
Mouse_Thymus2,26_40,1,10438.0,17071.0
Mouse_Thymus2,26_44,3,10438.0,17471.0
Mouse_Thymus2,61_23,3,13938.0,15371.0
Mouse_Thymus2,80_5,10,15838.0,13571.0
Mouse_Thymus2,88_52,11,16638.0,18271.0
Mouse_Thymus2,96_7,6,17438.0,13771.0
Mouse_Thymus2,72_42,10,15038.0,17271.0
Mouse_Thymus2,115_67,7,19338.0,19771.0
Mouse_Thymus2,84_45,5,16238.0,17571.0
Mouse_Thymus2,117_59,9,19538.0,18971.0
Mouse_Thymus2,42_46,8,12038.0,17671.0
Mouse_Thymus2,101_36,3,17938.0,16671.0
Mouse_Thymus2,121_65,8,19938.0,19571.0
Mouse_Thymus2,80_2,6,15838.0,13271.0
Mouse_Thymus2,83_11,8,16138.0,14171.0
Mouse_Thymus2,94_59,1,17238.0,18971.0
Mouse_Thymus2,44_41,3,12238.0,17171.0
Mouse_Thymus2,100_20,5,17838.0,15071.0
Mouse_Thymus2,89_27,1,16738.0,15771.0
Mouse_Thymus2,115_62,1,19338.0,19271.0
Mouse_Thymus2,70_28,5,14838.0,15871.0
Mouse_Thymus2,102_15,1,18038.0,14571.0
Mouse_Thymus2,83_23,3,16138.0,15371.0
Mouse_Thymus2,71_10,8,14938.0,14071.0
Mouse_Thymus2,87_3,1,16538.0,13371.0
Mouse_Thymus2,68_27,5,14638.0,15771.0
Mouse_Thymus2,96_15,10,17438.0,14571.0
Mouse_Thymus2,74_15,1,15238.0,14571.0
Mouse_Thymus2,35_35,10,11338.0,16571.0
Mouse_Thymus2,76_44,10,15438.0,17471.0
Mouse_Thymus2,65_8,8,14338.0,13871.0
Mouse_Thymus2,97_32,3,17538.0,16271.0
Mouse_Thymus2,98_60,6,17638.0,19071.0
Mouse_Thymus2,31_50,1,10938.0,18071.0
Mouse_Thymus2,109_49,10,18738.0,17971.0
Mouse_Thymus2,58_34,9,13638.0,16471.0
Mouse_Thymus2,44_33,9,12238.0,16371.0
Mouse_Thymus2,102_50,8,18038.0,18071.0
Mouse_Thymus2,81_39,3,15938.0,16971.0
Mouse_Thymus2,27_48,9,10538.0,17871.0
Mouse_Thymus2,43_37,1,12138.0,16771.0
Mouse_Thymus2,100_33,5,17838.0,16371.0
Mouse_Thymus2,108_42,9,18638.0,17271.0
Mouse_Thymus2,119_63,10,19738.0,19371.0
Mouse_Thymus2,117_66,6,19538.0,19671.0
Mouse_Thymus2,53_44,10,13138.0,17471.0
Mouse_Thymus2,33_32,10,11138.0,16271.0
Mouse_Thymus2,70_11,10,14838.0,14171.0
Mouse_Thymus2,110_59,6,18838.0,18971.0
Mouse_Thymus2,110_54,10,18838.0,18471.0
Mouse_Thymus2,121_59,3,19938.0,18971.0
Mouse_Thymus2,93_37,8,17138.0,16771.0
Mouse_Thymus2,120_46,5,19838.0,17671.0
Mouse_Thymus2,102_44,11,18038.0,17471.0
Mouse_Thymus2,78_42,3,15638.0,17271.0
Mouse_Thymus2,79_1,8,15738.0,13171.0
Mouse_Thymus2,78_21,3,15638.0,15171.0
Mouse_Thymus2,114_61,1,19238.0,19171.0
Mouse_Thymus2,95_52,1,17338.0,18271.0
Mouse_Thymus2,45_40,3,12338.0,17071.0
Mouse_Thymus2,75_0,1,15338.0,13071.0
Mouse_Thymus2,89_34,10,16738.0,16471.0
Mouse_Thymus2,65_35,9,14338.0,16571.0
Mouse_Thymus2,49_39,3,12738.0,16971.0
Mouse_Thymus2,40_41,3,11838.0,17171.0
Mouse_Thymus2,72_22,3,15038.0,15271.0
Mouse_Thymus2,113_43,3,19138.0,17371.0
Mouse_Thymus2,24_40,10,10238.0,17071.0
Mouse_Thymus2,98_37,3,17638.0,16771.0
Mouse_Thymus2,89_17,3,16738.0,14771.0
Mouse_Thymus2,125_60,8,20338.0,19071.0
Mouse_Thymus2,56_32,3,13438.0,16271.0
Mouse_Thymus2,112_33,1,19038.0,16371.0
Mouse_Thymus2,92_12,1,17038.0,14271.0
Mouse_Thymus2,78_45,10,15638.0,17571.0
Mouse_Thymus2,93_41,10,17138.0,17171.0
Mouse_Thymus2,82_3,1,16038.0,13371.0
Mouse_Thymus2,28_50,8,10638.0,18071.0
Mouse_Thymus2,104_26,1,18238.0,15671.0
Mouse_Thymus2,87_13,9,16538.0,14371.0
Mouse_Thymus2,97_61,11,17538.0,19171.0
Mouse_Thymus2,89_29,10,16738.0,15971.0
Mouse_Thymus2,88_3,7,16638.0,13371.0
Mouse_Thymus2,85_24,5,16338.0,15471.0
Mouse_Thymus2,61_37,9,13938.0,16771.0
Mouse_Thymus2,75_21,11,15338.0,15171.0
Mouse_Thymus2,30_47,3,10838.0,17771.0
Mouse_Thymus2,53_42,1,13138.0,17271.0
Mouse_Thymus2,75_3,6,15338.0,13371.0
Mouse_Thymus2,52_15,6,13038.0,14571.0
Mouse_Thymus2,13_47,9,9138.0,17771.0
Mouse_Thymus2,43_23,10,12138.0,15371.0
Mouse_Thymus2,77_25,9,15538.0,15571.0
Mouse_Thymus2,79_24,3,15738.0,15471.0
Mouse_Thymus2,64_39,1,14238.0,16971.0
Mouse_Thymus2,102_23,5,18038.0,15371.0
Mouse_Thymus2,84_55,6,16238.0,18571.0
Mouse_Thymus2,71_4,6,14938.0,13471.0
Mouse_Thymus2,97_13,10,17538.0,14371.0
Mouse_Thymus2,51_30,1,12938.0,16071.0
Mouse_Thymus2,104_53,10,18238.0,18371.0
Mouse_Thymus2,114_60,11,19238.0,19071.0
Mouse_Thymus2,67_15,10,14538.0,14571.0
Mouse_Thymus2,83_31,10,16138.0,16171.0
Mouse_Thymus2,75_42,10,15338.0,17271.0
Mouse_Thymus2,91_56,1,16938.0,18671.0
Mouse_Thymus2,33_52,10,11138.0,18271.0
Mouse_Thymus2,96_21,3,17438.0,15171.0
Mouse_Thymus2,73_29,5,15138.0,15971.0
Mouse_Thymus2,91_51,8,16938.0,18171.0
Mouse_Thymus2,23_56,6,10138.0,18671.0
Mouse_Thymus2,107_37,3,18538.0,16771.0
Mouse_Thymus2,87_23,9,16538.0,15371.0
Mouse_Thymus2,57_15,8,13538.0,14571.0
Mouse_Thymus2,88_7,6,16638.0,13771.0
Mouse_Thymus2,69_39,5,14738.0,16971.0
Mouse_Thymus2,63_13,10,14138.0,14371.0
Mouse_Thymus2,94_57,10,17238.0,18771.0
Mouse_Thymus2,45_49,10,12338.0,17971.0
Mouse_Thymus2,74_6,10,15238.0,13671.0
Mouse_Thymus2,78_31,3,15638.0,16171.0
Mouse_Thymus2,52_19,1,13038.0,14971.0
Mouse_Thymus2,69_21,5,14738.0,15171.0
Mouse_Thymus2,78_9,6,15638.0,13971.0
Mouse_Thymus2,97_29,1,17538.0,15971.0
Mouse_Thymus2,20_41,1,9838.0,17171.0
Mouse_Thymus2,86_31,10,16438.0,16171.0
Mouse_Thymus2,101_55,10,17938.0,18571.0
Mouse_Thymus2,87_25,10,16538.0,15571.0
Mouse_Thymus2,62_25,8,14038.0,15571.0
Mouse_Thymus2,43_24,1,12138.0,15471.0
Mouse_Thymus2,69_4,1,14738.0,13471.0
Mouse_Thymus2,83_21,3,16138.0,15171.0
Mouse_Thymus2,120_48,10,19838.0,17871.0
Mouse_Thymus2,23_37,10,10138.0,16771.0
Mouse_Thymus2,97_44,10,17538.0,17471.0
Mouse_Thymus2,35_37,1,11338.0,16771.0
Mouse_Thymus2,75_20,11,15338.0,15071.0
Mouse_Thymus2,113_35,10,19138.0,16571.0
Mouse_Thymus2,53_21,9,13138.0,15171.0
Mouse_Thymus2,92_37,1,17038.0,16771.0
Mouse_Thymus2,92_40,10,17038.0,17071.0
Mouse_Thymus2,71_35,3,14938.0,16571.0
Mouse_Thymus2,83_51,10,16138.0,18171.0
Mouse_Thymus2,54_29,8,13238.0,15971.0
Mouse_Thymus2,61_13,10,13938.0,14371.0
Mouse_Thymus2,70_26,3,14838.0,15671.0
Mouse_Thymus2,34_54,1,11238.0,18471.0
Mouse_Thymus2,73_36,3,15138.0,16671.0
Mouse_Thymus2,80_11,10,15838.0,14171.0
Mouse_Thymus2,92_29,10,17038.0,15971.0
Mouse_Thymus2,109_37,3,18738.0,16771.0
Mouse_Thymus2,76_4,10,15438.0,13471.0
Mouse_Thymus2,94_11,10,17238.0,14171.0
Mouse_Thymus2,102_47,10,18038.0,17771.0
Mouse_Thymus2,92_6,1,17038.0,13671.0
Mouse_Thymus2,43_22,10,12138.0,15271.0
Mouse_Thymus2,73_9,10,15138.0,13971.0
Mouse_Thymus2,28_48,3,10638.0,17871.0
Mouse_Thymus2,119_64,10,19738.0,19471.0
Mouse_Thymus2,29_43,3,10738.0,17371.0
Mouse_Thymus2,121_47,1,19938.0,17771.0
Mouse_Thymus2,84_43,10,16238.0,17371.0
Mouse_Thymus2,94_61,7,17238.0,19171.0
Mouse_Thymus2,87_54,1,16538.0,18471.0
Mouse_Thymus2,76_14,1,15438.0,14471.0
Mouse_Thymus2,39_28,9,11738.0,15871.0
Mouse_Thymus2,16_38,5,9438.0,16871.0
Mouse_Thymus2,97_15,1,17538.0,14571.0
Mouse_Thymus2,17_54,6,9538.0,18471.0
Mouse_Thymus2,22_41,1,10038.0,17171.0
Mouse_Thymus2,91_18,9,16938.0,14871.0
Mouse_Thymus2,78_1,1,15638.0,13171.0
Mouse_Thymus2,84_54,10,16238.0,18471.0
Mouse_Thymus2,37_42,3,11538.0,17271.0
Mouse_Thymus2,91_41,10,16938.0,17171.0
Mouse_Thymus2,64_31,3,14238.0,16171.0
Mouse_Thymus2,77_40,3,15538.0,17071.0
Mouse_Thymus2,83_16,9,16138.0,14671.0
Mouse_Thymus2,7_49,7,8538.0,17971.0
Mouse_Thymus2,72_21,3,15038.0,15171.0
Mouse_Thymus2,96_23,3,17438.0,15371.0
Mouse_Thymus2,46_47,1,12438.0,17771.0
Mouse_Thymus2,73_39,3,15138.0,16971.0
Mouse_Thymus2,79_37,3,15738.0,16771.0
Mouse_Thymus2,118_53,3,19638.0,18371.0
Mouse_Thymus2,96_11,10,17438.0,14171.0
Mouse_Thymus2,48_37,3,12638.0,16771.0
Mouse_Thymus2,52_26,3,13038.0,15671.0
Mouse_Thymus2,80_30,9,15838.0,16071.0
Mouse_Thymus2,64_15,10,14238.0,14571.0
Mouse_Thymus2,48_46,1,12638.0,17671.0
Mouse_Thymus2,61_33,9,13938.0,16371.0
Mouse_Thymus2,9_43,10,8738.0,17371.0
Mouse_Thymus2,99_55,1,17738.0,18571.0
Mouse_Thymus2,22_51,1,10038.0,18171.0
Mouse_Thymus2,87_28,8,16538.0,15871.0
Mouse_Thymus2,48_42,3,12638.0,17271.0
Mouse_Thymus2,68_31,5,14638.0,16171.0
Mouse_Thymus2,67_16,10,14538.0,14671.0
Mouse_Thymus2,47_40,3,12538.0,17071.0
Mouse_Thymus2,60_11,7,13838.0,14171.0
Mouse_Thymus2,78_28,3,15638.0,15871.0
Mouse_Thymus2,77_23,3,15538.0,15371.0
Mouse_Thymus2,113_59,1,19138.0,18971.0
Mouse_Thymus2,35_53,1,11338.0,18371.0
Mouse_Thymus2,52_34,5,13038.0,16471.0
Mouse_Thymus2,28_53,1,10638.0,18371.0
Mouse_Thymus2,39_31,5,11738.0,16171.0
Mouse_Thymus2,51_41,9,12938.0,17171.0
Mouse_Thymus2,93_25,3,17138.0,15571.0
Mouse_Thymus2,14_41,8,9238.0,17171.0
Mouse_Thymus2,96_22,3,17438.0,15271.0
Mouse_Thymus2,40_24,8,11838.0,15471.0
Mouse_Thymus2,24_44,3,10238.0,17471.0
Mouse_Thymus2,83_28,3,16138.0,15871.0
Mouse_Thymus2,116_48,3,19438.0,17871.0
Mouse_Thymus2,91_11,8,16938.0,14171.0
Mouse_Thymus2,89_38,10,16738.0,16871.0
Mouse_Thymus2,72_35,9,15038.0,16571.0
Mouse_Thymus2,98_22,3,17638.0,15271.0
Mouse_Thymus2,79_46,10,15738.0,17671.0
Mouse_Thymus2,31_35,10,10938.0,16571.0
Mouse_Thymus2,99_53,1,17738.0,18371.0
Mouse_Thymus2,52_35,5,13038.0,16571.0
Mouse_Thymus2,26_56,1,10438.0,18671.0
Mouse_Thymus2,120_47,10,19838.0,17771.0
Mouse_Thymus2,59_13,10,13738.0,14371.0
Mouse_Thymus2,81_45,10,15938.0,17571.0
Mouse_Thymus2,72_13,10,15038.0,14371.0
Mouse_Thymus2,52_29,8,13038.0,15971.0
Mouse_Thymus2,81_37,5,15938.0,16771.0
Mouse_Thymus2,91_31,8,16938.0,16171.0
Mouse_Thymus2,87_49,10,16538.0,17971.0
Mouse_Thymus2,80_15,5,15838.0,14571.0
Mouse_Thymus2,97_21,3,17538.0,15171.0
Mouse_Thymus2,73_26,3,15138.0,15671.0
Mouse_Thymus2,31_44,3,10938.0,17471.0
Mouse_Thymus2,85_36,1,16338.0,16671.0
Mouse_Thymus2,85_2,10,16338.0,13271.0
Mouse_Thymus2,52_32,5,13038.0,16271.0
Mouse_Thymus2,14_48,10,9238.0,17871.0
Mouse_Thymus2,104_31,3,18238.0,16171.0
Mouse_Thymus2,87_43,1,16538.0,17371.0
Mouse_Thymus2,29_37,6,10738.0,16771.0
Mouse_Thymus2,74_36,9,15238.0,16671.0
Mouse_Thymus2,109_40,3,18738.0,17071.0
Mouse_Thymus2,27_41,8,10538.0,17171.0
Mouse_Thymus2,76_13,10,15438.0,14371.0
Mouse_Thymus2,112_41,3,19038.0,17171.0
Mouse_Thymus2,116_55,10,19438.0,18571.0
Mouse_Thymus2,66_30,10,14438.0,16071.0
Mouse_Thymus2,122_46,1,20038.0,17671.0
Mouse_Thymus2,84_26,5,16238.0,15671.0
Mouse_Thymus2,87_31,1,16538.0,16171.0
Mouse_Thymus2,60_31,3,13838.0,16171.0
Mouse_Thymus2,40_40,9,11838.0,17071.0
Mouse_Thymus2,45_20,1,12338.0,15071.0
Mouse_Thymus2,63_38,5,14138.0,16871.0
Mouse_Thymus2,98_8,10,17638.0,13871.0
Mouse_Thymus2,84_9,1,16238.0,13971.0
Mouse_Thymus2,80_16,10,15838.0,14671.0
Mouse_Thymus2,49_34,5,12738.0,16471.0
Mouse_Thymus2,80_14,10,15838.0,14471.0
Mouse_Thymus2,107_57,1,18538.0,18771.0
Mouse_Thymus2,89_7,10,16738.0,13771.0
Mouse_Thymus2,80_1,6,15838.0,13171.0
Mouse_Thymus2,24_52,1,10238.0,18271.0
Mouse_Thymus2,109_36,3,18738.0,16671.0
Mouse_Thymus2,100_45,10,17838.0,17571.0
Mouse_Thymus2,87_48,10,16538.0,17871.0
Mouse_Thymus2,105_34,3,18338.0,16471.0
Mouse_Thymus2,110_51,1,18838.0,18171.0
Mouse_Thymus2,63_12,10,14138.0,14271.0
Mouse_Thymus2,84_5,10,16238.0,13571.0
Mouse_Thymus2,36_45,3,11438.0,17571.0
Mouse_Thymus2,71_13,8,14938.0,14371.0
Mouse_Thymus2,49_33,5,12738.0,16371.0
Mouse_Thymus2,98_56,1,17638.0,18671.0
Mouse_Thymus2,95_19,5,17338.0,14971.0
Mouse_Thymus2,40_46,5,11838.0,17671.0
Mouse_Thymus2,34_45,3,11238.0,17571.0
Mouse_Thymus2,81_28,5,15938.0,15871.0
Mouse_Thymus2,103_59,7,18138.0,18971.0
Mouse_Thymus2,97_60,1,17538.0,19071.0
Mouse_Thymus2,84_27,3,16238.0,15771.0
Mouse_Thymus2,114_66,7,19238.0,19671.0
Mouse_Thymus2,11_42,10,8938.0,17271.0
Mouse_Thymus2,66_39,10,14438.0,16971.0
Mouse_Thymus2,81_12,1,15938.0,14271.0
Mouse_Thymus2,33_29,5,11138.0,15971.0
Mouse_Thymus2,103_45,11,18138.0,17571.0
Mouse_Thymus2,82_44,5,16038.0,17471.0
Mouse_Thymus2,83_3,8,16138.0,13371.0
Mouse_Thymus2,69_10,8,14738.0,14071.0
Mouse_Thymus2,90_37,10,16838.0,16771.0
Mouse_Thymus2,123_55,8,20138.0,18571.0
Mouse_Thymus2,42_20,10,12038.0,15071.0
Mouse_Thymus2,27_37,10,10538.0,16771.0
Mouse_Thymus2,88_40,1,16638.0,17071.0
Mouse_Thymus2,48_48,1,12638.0,17871.0
Mouse_Thymus2,117_62,10,19538.0,19271.0
Mouse_Thymus2,118_51,3,19638.0,18171.0
Mouse_Thymus2,38_45,3,11638.0,17571.0
Mouse_Thymus2,51_24,8,12938.0,15471.0
Mouse_Thymus2,47_48,8,12538.0,17871.0
Mouse_Thymus2,34_31,5,11238.0,16171.0
Mouse_Thymus2,40_25,1,11838.0,15571.0
Mouse_Thymus2,9_40,7,8738.0,17071.0
Mouse_Thymus2,75_31,3,15338.0,16171.0
Mouse_Thymus2,87_11,10,16538.0,14171.0
Mouse_Thymus2,13_49,10,9138.0,17971.0
Mouse_Thymus2,71_1,1,14938.0,13171.0
Mouse_Thymus2,19_37,8,9738.0,16771.0
Mouse_Thymus2,59_31,3,13738.0,16171.0
Mouse_Thymus2,81_20,3,15938.0,15071.0
Mouse_Thymus2,106_32,9,18438.0,16271.0
Mouse_Thymus2,115_35,1,19338.0,16571.0
Mouse_Thymus2,72_5,10,15038.0,13571.0
Mouse_Thymus2,98_43,1,17638.0,17371.0
Mouse_Thymus2,80_7,8,15838.0,13771.0
Mouse_Thymus2,11_44,10,8938.0,17471.0
Mouse_Thymus2,53_28,8,13138.0,15871.0
Mouse_Thymus2,91_34,6,16938.0,16471.0
Mouse_Thymus2,18_51,1,9638.0,18171.0
Mouse_Thymus2,79_51,1,15738.0,18171.0
Mouse_Thymus2,98_30,10,17638.0,16071.0
Mouse_Thymus2,86_46,10,16438.0,17671.0
Mouse_Thymus2,47_20,1,12538.0,15071.0
Mouse_Thymus2,61_24,3,13938.0,15471.0
Mouse_Thymus2,78_26,5,15638.0,15671.0
Mouse_Thymus2,120_49,1,19838.0,17971.0
Mouse_Thymus2,42_51,1,12038.0,18171.0
Mouse_Thymus2,63_19,1,14138.0,14971.0
Mouse_Thymus2,107_32,1,18538.0,16271.0
Mouse_Thymus2,44_37,5,12238.0,16771.0
Mouse_Thymus2,68_13,8,14638.0,14371.0
Mouse_Thymus2,0_46,7,7838.0,17671.0
Mouse_Thymus2,95_51,8,17338.0,18171.0
Mouse_Thymus2,72_39,3,15038.0,16971.0
Mouse_Thymus2,122_63,10,20038.0,19371.0
Mouse_Thymus2,105_45,10,18338.0,17571.0
Mouse_Thymus2,20_44,3,9838.0,17471.0
Mouse_Thymus2,41_42,3,11938.0,17271.0
Mouse_Thymus2,124_57,8,20238.0,18771.0
Mouse_Thymus2,109_34,1,18738.0,16471.0
Mouse_Thymus2,81_3,1,15938.0,13371.0
Mouse_Thymus2,89_21,9,16738.0,15171.0
Mouse_Thymus2,84_33,8,16238.0,16371.0
Mouse_Thymus2,104_24,1,18238.0,15471.0
Mouse_Thymus2,83_13,1,16138.0,14371.0
Mouse_Thymus2,22_37,10,10038.0,16771.0
Mouse_Thymus2,51_36,5,12938.0,16671.0
Mouse_Thymus2,107_35,3,18538.0,16571.0
Mouse_Thymus2,72_14,8,15038.0,14471.0
Mouse_Thymus2,87_14,5,16538.0,14471.0
Mouse_Thymus2,106_43,11,18438.0,17371.0
Mouse_Thymus2,38_44,3,11638.0,17471.0
Mouse_Thymus2,123_70,10,20138.0,20071.0
Mouse_Thymus2,110_52,10,18838.0,18271.0
Mouse_Thymus2,19_53,1,9738.0,18371.0
Mouse_Thymus2,48_38,3,12638.0,16871.0
Mouse_Thymus2,77_19,9,15538.0,14971.0
Mouse_Thymus2,93_20,9,17138.0,15071.0
Mouse_Thymus2,84_36,5,16238.0,16671.0
Mouse_Thymus2,92_25,3,17038.0,15571.0
Mouse_Thymus2,124_63,1,20238.0,19371.0
Mouse_Thymus2,70_30,1,14838.0,16071.0
Mouse_Thymus2,32_52,1,11038.0,18271.0
Mouse_Thymus2,89_6,1,16738.0,13671.0
Mouse_Thymus2,105_38,3,18338.0,16871.0
Mouse_Thymus2,77_44,9,15538.0,17471.0
Mouse_Thymus2,3_45,6,8138.0,17571.0
Mouse_Thymus2,32_55,1,11038.0,18571.0
Mouse_Thymus2,108_31,10,18638.0,16171.0
Mouse_Thymus2,94_17,8,17238.0,14771.0
Mouse_Thymus2,121_56,9,19938.0,18671.0
Mouse_Thymus2,89_45,1,16738.0,17571.0
Mouse_Thymus2,22_40,10,10038.0,17071.0
Mouse_Thymus2,96_29,11,17438.0,15971.0
Mouse_Thymus2,43_30,3,12138.0,16071.0
Mouse_Thymus2,19_54,6,9738.0,18471.0
Mouse_Thymus2,98_52,10,17638.0,18271.0
Mouse_Thymus2,80_10,10,15838.0,14071.0
Mouse_Thymus2,58_20,10,13638.0,15071.0
Mouse_Thymus2,32_28,1,11038.0,15871.0
Mouse_Thymus2,65_32,9,14338.0,16271.0
Mouse_Thymus2,102_37,9,18038.0,16771.0
Mouse_Thymus2,114_43,3,19238.0,17371.0
Mouse_Thymus2,40_27,10,11838.0,15771.0
Mouse_Thymus2,95_47,10,17338.0,17771.0
Mouse_Thymus2,110_29,8,18838.0,15971.0
Mouse_Thymus2,110_56,6,18838.0,18671.0
Mouse_Thymus2,84_48,11,16238.0,17871.0
Mouse_Thymus2,100_11,1,17838.0,14171.0
Mouse_Thymus2,60_39,10,13838.0,16971.0
Mouse_Thymus2,38_46,9,11638.0,17671.0
Mouse_Thymus2,39_44,3,11738.0,17471.0
Mouse_Thymus2,112_63,7,19038.0,19371.0
Mouse_Thymus2,112_51,10,19038.0,18171.0
Mouse_Thymus2,107_23,6,18538.0,15371.0
Mouse_Thymus2,75_4,1,15338.0,13471.0
Mouse_Thymus2,41_27,10,11938.0,15771.0
Mouse_Thymus2,34_43,3,11238.0,17371.0
Mouse_Thymus2,29_36,10,10738.0,16671.0
Mouse_Thymus2,97_12,10,17538.0,14271.0
Mouse_Thymus2,88_15,3,16638.0,14571.0
Mouse_Thymus2,87_41,10,16538.0,17171.0
Mouse_Thymus2,48_20,10,12638.0,15071.0
Mouse_Thymus2,58_12,1,13638.0,14271.0
Mouse_Thymus2,97_27,3,17538.0,15771.0
Mouse_Thymus2,79_10,1,15738.0,14071.0
Mouse_Thymus2,106_42,3,18438.0,17271.0
Mouse_Thymus2,69_9,8,14738.0,13971.0
Mouse_Thymus2,70_18,10,14838.0,14871.0
Mouse_Thymus2,89_31,6,16738.0,16171.0
Mouse_Thymus2,117_42,1,19538.0,17271.0
Mouse_Thymus2,73_19,1,15138.0,14971.0
Mouse_Thymus2,89_56,1,16738.0,18671.0
Mouse_Thymus2,95_22,3,17338.0,15271.0
Mouse_Thymus2,88_30,10,16638.0,16071.0
Mouse_Thymus2,79_16,8,15738.0,14671.0
Mouse_Thymus2,50_33,5,12838.0,16371.0
Mouse_Thymus2,112_32,1,19038.0,16271.0
Mouse_Thymus2,19_42,9,9738.0,17271.0
Mouse_Thymus2,20_54,6,9838.0,18471.0
Mouse_Thymus2,84_12,10,16238.0,14271.0
Mouse_Thymus2,105_46,1,18338.0,17671.0
Mouse_Thymus2,99_25,9,17738.0,15571.0
Mouse_Thymus2,59_23,3,13738.0,15371.0
Mouse_Thymus2,45_43,3,12338.0,17371.0
Mouse_Thymus2,114_35,1,19238.0,16571.0
Mouse_Thymus2,83_47,11,16138.0,17771.0
Mouse_Thymus2,123_56,1,20138.0,18671.0
Mouse_Thymus2,94_33,1,17238.0,16371.0
Mouse_Thymus2,93_18,5,17138.0,14871.0
Mouse_Thymus2,34_55,1,11238.0,18571.0
Mouse_Thymus2,102_28,3,18038.0,15871.0
Mouse_Thymus2,61_35,3,13938.0,16571.0
Mouse_Thymus2,95_8,10,17338.0,13871.0
Mouse_Thymus2,34_47,3,11238.0,17771.0
Mouse_Thymus2,38_28,10,11638.0,15871.0
Mouse_Thymus2,106_35,3,18438.0,16571.0
Mouse_Thymus2,42_36,8,12038.0,16671.0
Mouse_Thymus2,57_13,1,13538.0,14371.0
Mouse_Thymus2,49_40,3,12738.0,17071.0
Mouse_Thymus2,68_12,5,14638.0,14271.0
Mouse_Thymus2,27_51,9,10538.0,18171.0
Mouse_Thymus2,114_52,1,19238.0,18271.0
Mouse_Thymus2,15_42,9,9338.0,17271.0
Mouse_Thymus2,39_41,3,11738.0,17171.0
Mouse_Thymus2,98_34,9,17638.0,16471.0
Mouse_Thymus2,63_39,8,14138.0,16971.0
Mouse_Thymus2,105_36,3,18338.0,16671.0
Mouse_Thymus2,63_34,3,14138.0,16471.0
Mouse_Thymus2,27_46,3,10538.0,17671.0
Mouse_Thymus2,94_50,10,17238.0,18071.0
Mouse_Thymus2,61_19,10,13938.0,14971.0
Mouse_Thymus2,57_25,9,13538.0,15571.0
Mouse_Thymus2,103_53,10,18138.0,18371.0
Mouse_Thymus2,54_18,10,13238.0,14871.0
Mouse_Thymus2,100_46,10,17838.0,17671.0
Mouse_Thymus2,11_45,1,8938.0,17571.0
Mouse_Thymus2,42_22,1,12038.0,15271.0
Mouse_Thymus2,114_51,10,19238.0,18171.0
Mouse_Thymus2,84_37,10,16238.0,16771.0
Mouse_Thymus2,85_34,10,16338.0,16471.0
Mouse_Thymus2,55_15,8,13338.0,14571.0
Mouse_Thymus2,54_31,10,13238.0,16171.0
Mouse_Thymus2,30_32,1,10838.0,16271.0
Mouse_Thymus2,118_55,9,19638.0,18571.0
Mouse_Thymus2,34_41,9,11238.0,17171.0
Mouse_Thymus2,115_63,1,19338.0,19371.0
Mouse_Thymus2,92_24,3,17038.0,15471.0
Mouse_Thymus2,57_12,7,13538.0,14271.0
Mouse_Thymus2,45_42,3,12338.0,17271.0
Mouse_Thymus2,121_45,6,19938.0,17571.0
Mouse_Thymus2,52_33,5,13038.0,16371.0
Mouse_Thymus2,93_9,10,17138.0,13971.0
Mouse_Thymus2,95_12,10,17338.0,14271.0
Mouse_Thymus2,36_54,1,11438.0,18471.0
Mouse_Thymus2,47_39,3,12538.0,16971.0
Mouse_Thymus2,66_42,7,14438.0,17271.0
Mouse_Thymus2,95_44,10,17338.0,17471.0
Mouse_Thymus2,44_44,3,12238.0,17471.0
Mouse_Thymus2,91_29,6,16938.0,15971.0
Mouse_Thymus2,103_55,10,18138.0,18571.0
Mouse_Thymus2,42_31,5,12038.0,16171.0
Mouse_Thymus2,92_38,1,17038.0,16871.0
Mouse_Thymus2,55_29,3,13338.0,15971.0
Mouse_Thymus2,82_17,3,16038.0,14771.0
Mouse_Thymus2,53_40,10,13138.0,17071.0
Mouse_Thymus2,55_19,10,13338.0,14971.0
Mouse_Thymus2,70_1,7,14838.0,13171.0
Mouse_Thymus2,77_48,10,15538.0,17871.0
Mouse_Thymus2,16_46,3,9438.0,17671.0
Mouse_Thymus2,107_45,3,18538.0,17571.0
Mouse_Thymus2,45_34,5,12338.0,16471.0
Mouse_Thymus2,53_19,8,13138.0,14971.0
Mouse_Thymus2,59_28,3,13738.0,15871.0
Mouse_Thymus2,90_24,3,16838.0,15471.0
Mouse_Thymus2,83_8,1,16138.0,13871.0
Mouse_Thymus2,110_39,3,18838.0,16971.0
Mouse_Thymus2,75_22,9,15338.0,15271.0
Mouse_Thymus2,87_15,3,16538.0,14571.0
Mouse_Thymus2,59_30,3,13738.0,16071.0
Mouse_Thymus2,56_39,1,13438.0,16971.0
Mouse_Thymus2,28_45,3,10638.0,17571.0
Mouse_Thymus2,74_8,10,15238.0,13871.0
Mouse_Thymus2,25_41,1,10338.0,17171.0
Mouse_Thymus2,116_43,10,19438.0,17371.0
Mouse_Thymus2,75_41,9,15338.0,17171.0
Mouse_Thymus2,93_38,11,17138.0,16871.0
Mouse_Thymus2,60_17,6,13838.0,14771.0
Mouse_Thymus2,26_39,1,10438.0,16971.0
Mouse_Thymus2,111_61,1,18938.0,19171.0
Mouse_Thymus2,118_50,3,19638.0,18071.0
Mouse_Thymus2,86_44,10,16438.0,17471.0
Mouse_Thymus2,81_47,11,15938.0,17771.0
Mouse_Thymus2,71_18,10,14938.0,14871.0
Mouse_Thymus2,80_38,3,15838.0,16871.0
Mouse_Thymus2,28_56,1,10638.0,18671.0
Mouse_Thymus2,73_22,3,15138.0,15271.0
Mouse_Thymus2,22_52,1,10038.0,18271.0
Mouse_Thymus2,51_35,5,12938.0,16571.0
Mouse_Thymus2,83_24,9,16138.0,15471.0
Mouse_Thymus2,18_40,6,9638.0,17071.0
Mouse_Thymus2,21_55,6,9938.0,18571.0
Mouse_Thymus2,27_52,1,10538.0,18271.0
Mouse_Thymus2,51_26,5,12938.0,15671.0
Mouse_Thymus2,115_34,6,19338.0,16471.0
Mouse_Thymus2,80_36,3,15838.0,16671.0
Mouse_Thymus2,61_21,3,13938.0,15171.0
Mouse_Thymus2,54_25,10,13238.0,15571.0
Mouse_Thymus2,59_32,9,13738.0,16271.0
Mouse_Thymus2,46_20,10,12438.0,15071.0
Mouse_Thymus2,18_38,8,9638.0,16871.0
Mouse_Thymus2,92_51,1,17038.0,18171.0
Mouse_Thymus2,88_8,1,16638.0,13871.0
Mouse_Thymus2,7_44,6,8538.0,17471.0
Mouse_Thymus2,30_44,3,10838.0,17471.0
Mouse_Thymus2,73_34,5,15138.0,16471.0
Mouse_Thymus2,123_62,1,20138.0,19271.0
Mouse_Thymus2,19_47,3,9738.0,17771.0
Mouse_Thymus2,86_45,10,16438.0,17571.0
Mouse_Thymus2,99_16,10,17738.0,14671.0
Mouse_Thymus2,30_54,8,10838.0,18471.0
Mouse_Thymus2,64_36,9,14238.0,16671.0
Mouse_Thymus2,29_39,1,10738.0,16971.0
Mouse_Thymus2,85_1,7,16338.0,13171.0
Mouse_Thymus2,79_9,10,15738.0,13971.0
Mouse_Thymus2,30_52,1,10838.0,18271.0
Mouse_Thymus2,77_17,5,15538.0,14771.0
Mouse_Thymus2,57_14,10,13538.0,14471.0
Mouse_Thymus2,59_18,10,13738.0,14871.0
Mouse_Thymus2,79_13,10,15738.0,14371.0
Mouse_Thymus2,50_26,5,12838.0,15671.0
Mouse_Thymus2,75_48,1,15338.0,17871.0
Mouse_Thymus2,76_18,5,15438.0,14871.0
Mouse_Thymus2,77_46,10,15538.0,17671.0
Mouse_Thymus2,26_36,10,10438.0,16671.0
Mouse_Thymus2,102_21,1,18038.0,15171.0
Mouse_Thymus2,121_66,3,19938.0,19671.0
Mouse_Thymus2,104_36,3,18238.0,16671.0
Mouse_Thymus2,99_30,10,17738.0,16071.0
Mouse_Thymus2,30_34,1,10838.0,16471.0
Mouse_Thymus2,25_47,3,10338.0,17771.0
Mouse_Thymus2,63_14,11,14138.0,14471.0
Mouse_Thymus2,25_56,10,10338.0,18671.0
Mouse_Thymus2,47_16,1,12538.0,14671.0
Mouse_Thymus2,84_52,1,16238.0,18271.0
Mouse_Thymus2,83_26,1,16138.0,15671.0
Mouse_Thymus2,85_47,9,16338.0,17771.0
Mouse_Thymus2,33_50,1,11138.0,18071.0
Mouse_Thymus2,78_14,1,15638.0,14471.0
Mouse_Thymus2,55_22,9,13338.0,15271.0
Mouse_Thymus2,92_26,9,17038.0,15671.0
Mouse_Thymus2,88_34,10,16638.0,16471.0
Mouse_Thymus2,15_52,1,9338.0,18271.0
Mouse_Thymus2,58_22,6,13638.0,15271.0
Mouse_Thymus2,69_6,1,14738.0,13671.0
Mouse_Thymus2,17_42,5,9538.0,17271.0
Mouse_Thymus2,120_53,8,19838.0,18371.0
Mouse_Thymus2,79_6,10,15738.0,13671.0
Mouse_Thymus2,90_39,10,16838.0,16971.0
Mouse_Thymus2,101_30,10,17938.0,16071.0
Mouse_Thymus2,122_53,1,20038.0,18371.0
Mouse_Thymus2,2_46,6,8038.0,17671.0
Mouse_Thymus2,114_56,1,19238.0,18671.0
Mouse_Thymus2,21_50,1,9938.0,18071.0
Mouse_Thymus2,80_39,3,15838.0,16971.0
Mouse_Thymus2,62_10,1,14038.0,14071.0
Mouse_Thymus2,92_59,10,17038.0,18971.0
Mouse_Thymus2,72_30,9,15038.0,16071.0
Mouse_Thymus2,89_57,8,16738.0,18771.0
Mouse_Thymus2,116_42,8,19438.0,17271.0
Mouse_Thymus2,75_9,6,15338.0,13971.0
Mouse_Thymus2,23_47,9,10138.0,17771.0
Mouse_Thymus2,59_12,8,13738.0,14271.0
Mouse_Thymus2,85_21,3,16338.0,15171.0
Mouse_Thymus2,42_34,5,12038.0,16471.0
Mouse_Thymus2,88_46,10,16638.0,17671.0
Mouse_Thymus2,41_28,8,11938.0,15871.0
Mouse_Thymus2,51_16,10,12938.0,14671.0
Mouse_Thymus2,90_38,10,16838.0,16871.0
Mouse_Thymus2,81_17,9,15938.0,14771.0
Mouse_Thymus2,112_31,10,19038.0,16171.0
Mouse_Thymus2,100_61,1,17838.0,19171.0
Mouse_Thymus2,46_49,1,12438.0,17971.0
Mouse_Thymus2,85_10,10,16338.0,14071.0
Mouse_Thymus2,115_43,3,19338.0,17371.0
Mouse_Thymus2,25_39,1,10338.0,16971.0
Mouse_Thymus2,19_41,10,9738.0,17171.0
Mouse_Thymus2,76_30,3,15438.0,16071.0
Mouse_Thymus2,68_20,10,14638.0,15071.0
Mouse_Thymus2,109_42,3,18738.0,17271.0
Mouse_Thymus2,75_19,10,15338.0,14971.0
Mouse_Thymus2,79_39,3,15738.0,16971.0
Mouse_Thymus2,36_39,9,11438.0,16971.0
Mouse_Thymus2,61_18,10,13938.0,14871.0
Mouse_Thymus2,110_37,3,18838.0,16771.0
Mouse_Thymus2,52_14,1,13038.0,14471.0
Mouse_Thymus2,119_69,6,19738.0,19971.0
Mouse_Thymus2,39_52,1,11738.0,18271.0
Mouse_Thymus2,107_31,10,18538.0,16171.0
Mouse_Thymus2,101_52,10,17938.0,18271.0
Mouse_Thymus2,58_15,8,13638.0,14571.0
Mouse_Thymus2,85_6,10,16338.0,13671.0
Mouse_Thymus2,69_11,5,14738.0,14171.0
Mouse_Thymus2,68_22,3,14638.0,15271.0
Mouse_Thymus2,111_54,10,18938.0,18471.0
Mouse_Thymus2,93_40,10,17138.0,17071.0
Mouse_Thymus2,116_60,5,19438.0,19071.0
Mouse_Thymus2,83_38,8,16138.0,16871.0
Mouse_Thymus2,97_49,10,17538.0,17971.0
Mouse_Thymus2,78_34,3,15638.0,16471.0
Mouse_Thymus2,49_37,3,12738.0,16771.0
Mouse_Thymus2,36_50,5,11438.0,18071.0
Mouse_Thymus2,83_37,1,16138.0,16771.0
Mouse_Thymus2,69_22,3,14738.0,15271.0
Mouse_Thymus2,113_44,3,19138.0,17471.0
Mouse_Thymus2,96_40,11,17438.0,17071.0
Mouse_Thymus2,71_28,5,14938.0,15871.0
Mouse_Thymus2,95_38,11,17338.0,16871.0
Mouse_Thymus2,26_42,5,10438.0,17271.0
Mouse_Thymus2,56_43,7,13438.0,17371.0
Mouse_Thymus2,92_54,10,17038.0,18471.0
Mouse_Thymus2,97_57,1,17538.0,18771.0
Mouse_Thymus2,54_36,5,13238.0,16671.0
Mouse_Thymus2,37_32,5,11538.0,16271.0
Mouse_Thymus2,96_55,10,17438.0,18571.0
Mouse_Thymus2,33_27,10,11138.0,15771.0
Mouse_Thymus2,113_40,9,19138.0,17071.0
Mouse_Thymus2,43_39,3,12138.0,16971.0
Mouse_Thymus2,22_48,9,10038.0,17871.0
Mouse_Thymus2,55_32,9,13338.0,16271.0
Mouse_Thymus2,34_26,1,11238.0,15671.0
Mouse_Thymus2,100_17,10,17838.0,14771.0
Mouse_Thymus2,71_11,1,14938.0,14171.0
Mouse_Thymus2,99_31,8,17738.0,16171.0
Mouse_Thymus2,41_43,9,11938.0,17371.0
Mouse_Thymus2,33_48,8,11138.0,17871.0
Mouse_Thymus2,95_53,1,17338.0,18371.0
Mouse_Thymus2,30_51,1,10838.0,18171.0
Mouse_Thymus2,36_41,3,11438.0,17171.0
Mouse_Thymus2,125_62,1,20338.0,19271.0
Mouse_Thymus2,64_38,10,14238.0,16871.0
Mouse_Thymus2,39_27,9,11738.0,15771.0
Mouse_Thymus2,57_40,10,13538.0,17071.0
Mouse_Thymus2,47_22,10,12538.0,15271.0
Mouse_Thymus2,64_35,9,14238.0,16571.0
Mouse_Thymus2,49_42,9,12738.0,17271.0
Mouse_Thymus2,90_43,1,16838.0,17371.0
Mouse_Thymus2,101_42,10,17938.0,17271.0
Mouse_Thymus2,59_33,9,13738.0,16371.0
Mouse_Thymus2,56_19,10,13438.0,14971.0
Mouse_Thymus2,98_20,9,17638.0,15071.0
Mouse_Thymus2,32_37,10,11038.0,16771.0
Mouse_Thymus2,48_17,1,12638.0,14771.0
Mouse_Thymus2,79_5,10,15738.0,13571.0
Mouse_Thymus2,103_47,1,18138.0,17771.0
Mouse_Thymus2,30_56,7,10838.0,18671.0
Mouse_Thymus2,45_39,3,12338.0,16971.0
Mouse_Thymus2,118_41,8,19638.0,17171.0
Mouse_Thymus2,38_36,8,11638.0,16671.0
Mouse_Thymus2,71_40,1,14938.0,17071.0
Mouse_Thymus2,25_37,10,10338.0,16771.0
Mouse_Thymus2,102_33,1,18038.0,16371.0
Mouse_Thymus2,75_24,3,15338.0,15471.0
Mouse_Thymus2,43_47,10,12138.0,17771.0
Mouse_Thymus2,101_38,3,17938.0,16871.0
Mouse_Thymus2,113_56,10,19138.0,18671.0
Mouse_Thymus2,105_57,6,18338.0,18771.0
Mouse_Thymus2,93_47,10,17138.0,17771.0
Mouse_Thymus2,65_21,3,14338.0,15171.0
Mouse_Thymus2,53_41,5,13138.0,17171.0
Mouse_Thymus2,109_50,10,18738.0,18071.0
Mouse_Thymus2,87_40,10,16538.0,17071.0
Mouse_Thymus2,87_57,6,16538.0,18771.0
Mouse_Thymus2,38_27,9,11638.0,15771.0
Mouse_Thymus2,62_22,3,14038.0,15271.0
Mouse_Thymus2,85_5,10,16338.0,13571.0
Mouse_Thymus2,15_51,1,9338.0,18171.0
Mouse_Thymus2,114_42,3,19238.0,17271.0
Mouse_Thymus2,108_54,10,18638.0,18471.0
Mouse_Thymus2,86_56,6,16438.0,18671.0
Mouse_Thymus2,113_41,3,19138.0,17171.0
Mouse_Thymus2,8_49,8,8638.0,17971.0
Mouse_Thymus2,52_31,5,13038.0,16171.0
Mouse_Thymus2,24_51,7,10238.0,18171.0
Mouse_Thymus2,42_45,3,12038.0,17571.0
Mouse_Thymus2,49_27,5,12738.0,15771.0
Mouse_Thymus2,32_35,10,11038.0,16571.0
Mouse_Thymus2,90_31,11,16838.0,16171.0
Mouse_Thymus2,65_14,10,14338.0,14471.0
Mouse_Thymus2,85_9,10,16338.0,13971.0
Mouse_Thymus2,106_36,3,18438.0,16671.0
Mouse_Thymus2,64_9,1,14238.0,13971.0
Mouse_Thymus2,68_9,8,14638.0,13971.0
Mouse_Thymus2,45_47,1,12338.0,17771.0
Mouse_Thymus2,7_48,8,8538.0,17871.0
Mouse_Thymus2,110_55,10,18838.0,18571.0
Mouse_Thymus2,78_48,10,15638.0,17871.0
Mouse_Thymus2,19_51,1,9738.0,18171.0
Mouse_Thymus2,92_53,8,17038.0,18371.0
Mouse_Thymus2,103_54,10,18138.0,18471.0
Mouse_Thymus2,99_13,10,17738.0,14371.0
Mouse_Thymus2,56_13,1,13438.0,14371.0
Mouse_Thymus2,99_14,1,17738.0,14471.0
Mouse_Thymus2,91_57,8,16938.0,18771.0
Mouse_Thymus2,84_15,5,16238.0,14571.0
Mouse_Thymus2,66_12,10,14438.0,14271.0
Mouse_Thymus2,99_51,10,17738.0,18171.0
Mouse_Thymus2,76_31,3,15438.0,16171.0
Mouse_Thymus2,115_33,7,19338.0,16371.0
Mouse_Thymus2,41_30,5,11938.0,16071.0
Mouse_Thymus2,67_24,3,14538.0,15471.0
Mouse_Thymus2,44_39,3,12238.0,16971.0
Mouse_Thymus2,59_19,1,13738.0,14971.0
Mouse_Thymus2,99_48,6,17738.0,17871.0
Mouse_Thymus2,104_41,3,18238.0,17171.0
Mouse_Thymus2,35_52,10,11338.0,18271.0
Mouse_Thymus2,86_42,8,16438.0,17271.0
Mouse_Thymus2,69_12,10,14738.0,14271.0
Mouse_Thymus2,37_49,1,11538.0,17971.0
Mouse_Thymus2,119_54,3,19738.0,18471.0
Mouse_Thymus2,85_48,11,16338.0,17871.0
Mouse_Thymus2,32_30,1,11038.0,16071.0
Mouse_Thymus2,103_42,10,18138.0,17271.0
Mouse_Thymus2,77_47,1,15538.0,17771.0
Mouse_Thymus2,90_52,1,16838.0,18271.0
Mouse_Thymus2,7_43,1,8538.0,17371.0
Mouse_Thymus2,92_56,6,17038.0,18671.0
Mouse_Thymus2,36_26,8,11438.0,15671.0
Mouse_Thymus2,63_32,3,14138.0,16271.0
Mouse_Thymus2,16_42,8,9438.0,17271.0
Mouse_Thymus2,7_42,8,8538.0,17271.0
Mouse_Thymus2,82_40,5,16038.0,17071.0
Mouse_Thymus2,100_41,8,17838.0,17171.0
Mouse_Thymus2,78_32,3,15638.0,16271.0
Mouse_Thymus2,109_46,8,18738.0,17671.0
Mouse_Thymus2,28_35,10,10638.0,16571.0
Mouse_Thymus2,88_26,5,16638.0,15671.0
Mouse_Thymus2,41_24,1,11938.0,15471.0
Mouse_Thymus2,66_40,6,14438.0,17071.0
Mouse_Thymus2,74_25,3,15238.0,15571.0
Mouse_Thymus2,61_26,9,13938.0,15671.0
Mouse_Thymus2,83_48,10,16138.0,17871.0
Mouse_Thymus2,67_19,3,14538.0,14971.0
Mouse_Thymus2,98_24,9,17638.0,15471.0
Mouse_Thymus2,107_30,10,18538.0,16071.0
Mouse_Thymus2,100_40,9,17838.0,17071.0
Mouse_Thymus2,92_47,10,17038.0,17771.0
Mouse_Thymus2,42_29,3,12038.0,15971.0
Mouse_Thymus2,17_48,9,9538.0,17871.0
Mouse_Thymus2,109_43,3,18738.0,17371.0
Mouse_Thymus2,48_33,5,12638.0,16371.0
Mouse_Thymus2,84_38,10,16238.0,16871.0
Mouse_Thymus2,57_27,3,13538.0,15771.0
Mouse_Thymus2,66_10,11,14438.0,14071.0
Mouse_Thymus2,21_47,3,9938.0,17771.0
Mouse_Thymus2,63_10,10,14138.0,14071.0
Mouse_Thymus2,51_19,10,12938.0,14971.0
Mouse_Thymus2,71_5,8,14938.0,13571.0
Mouse_Thymus2,105_51,6,18338.0,18171.0
Mouse_Thymus2,40_43,3,11838.0,17371.0
Mouse_Thymus2,77_49,10,15538.0,17971.0
Mouse_Thymus2,104_32,3,18238.0,16271.0
Mouse_Thymus2,20_45,3,9838.0,17571.0
Mouse_Thymus2,90_15,3,16838.0,14571.0
Mouse_Thymus2,69_36,3,14738.0,16671.0
Mouse_Thymus2,69_20,5,14738.0,15071.0
Mouse_Thymus2,56_33,8,13438.0,16371.0
Mouse_Thymus2,41_51,8,11938.0,18171.0
Mouse_Thymus2,81_49,11,15938.0,17971.0
Mouse_Thymus2,99_41,9,17738.0,17171.0
Mouse_Thymus2,86_6,1,16438.0,13671.0
Mouse_Thymus2,84_6,1,16238.0,13671.0
Mouse_Thymus2,102_42,8,18038.0,17271.0
Mouse_Thymus2,75_12,10,15338.0,14271.0
Mouse_Thymus2,29_41,5,10738.0,17171.0
Mouse_Thymus2,74_47,8,15238.0,17771.0
Mouse_Thymus2,92_28,5,17038.0,15871.0
Mouse_Thymus2,98_36,3,17638.0,16671.0
Mouse_Thymus2,74_11,8,15238.0,14171.0
Mouse_Thymus2,57_39,1,13538.0,16971.0
Mouse_Thymus2,91_12,9,16938.0,14271.0
Mouse_Thymus2,69_29,5,14738.0,15971.0
Mouse_Thymus2,71_43,5,14938.0,17371.0
Mouse_Thymus2,53_39,9,13138.0,16971.0
Mouse_Thymus2,58_23,10,13638.0,15371.0
Mouse_Thymus2,125_69,8,20338.0,19971.0
Mouse_Thymus2,115_38,1,19338.0,16871.0
Mouse_Thymus2,86_40,11,16438.0,17071.0
Mouse_Thymus2,56_21,10,13438.0,15171.0
Mouse_Thymus2,123_63,1,20138.0,19371.0
Mouse_Thymus2,89_59,7,16738.0,18971.0
Mouse_Thymus2,37_27,1,11538.0,15771.0
Mouse_Thymus2,125_65,8,20338.0,19571.0
Mouse_Thymus2,70_43,1,14838.0,17371.0
Mouse_Thymus2,93_13,5,17138.0,14371.0
Mouse_Thymus2,26_55,1,10438.0,18571.0
Mouse_Thymus2,36_52,10,11438.0,18271.0
Mouse_Thymus2,67_13,10,14538.0,14371.0
Mouse_Thymus2,105_22,1,18338.0,15271.0
Mouse_Thymus2,101_59,10,17938.0,18971.0
Mouse_Thymus2,17_43,3,9538.0,17371.0
Mouse_Thymus2,86_33,10,16438.0,16371.0
Mouse_Thymus2,74_0,6,15238.0,13071.0
Mouse_Thymus2,63_31,3,14138.0,16171.0
Mouse_Thymus2,51_39,3,12938.0,16971.0
Mouse_Thymus2,44_36,1,12238.0,16671.0
Mouse_Thymus2,34_49,10,11238.0,17971.0
Mouse_Thymus2,116_46,3,19438.0,17671.0
Mouse_Thymus2,54_28,5,13238.0,15871.0
Mouse_Thymus2,84_31,1,16238.0,16171.0
Mouse_Thymus2,44_45,3,12238.0,17571.0
Mouse_Thymus2,28_44,3,10638.0,17471.0
Mouse_Thymus2,93_35,11,17138.0,16571.0
Mouse_Thymus2,73_35,3,15138.0,16571.0
Mouse_Thymus2,57_37,8,13538.0,16771.0
Mouse_Thymus2,118_49,9,19638.0,17971.0
Mouse_Thymus2,69_19,10,14738.0,14971.0
Mouse_Thymus2,77_41,3,15538.0,17171.0
Mouse_Thymus2,100_16,10,17838.0,14671.0
Mouse_Thymus2,95_61,8,17338.0,19171.0
Mouse_Thymus2,98_41,8,17638.0,17171.0
Mouse_Thymus2,98_25,3,17638.0,15571.0
Mouse_Thymus2,77_8,9,15538.0,13871.0
Mouse_Thymus2,26_38,10,10438.0,16871.0
Mouse_Thymus2,49_25,8,12738.0,15571.0
Mouse_Thymus2,110_27,8,18838.0,15771.0
Mouse_Thymus2,81_15,9,15938.0,14571.0
Mouse_Thymus2,95_50,8,17338.0,18071.0
Mouse_Thymus2,119_70,6,19738.0,20071.0
Mouse_Thymus2,100_37,3,17838.0,16771.0
Mouse_Thymus2,111_51,1,18938.0,18171.0
Mouse_Thymus2,21_41,1,9938.0,17171.0
Mouse_Thymus2,78_16,6,15638.0,14671.0
Mouse_Thymus2,116_50,9,19438.0,18071.0
Mouse_Thymus2,57_22,8,13538.0,15271.0
Mouse_Thymus2,79_14,10,15738.0,14471.0
Mouse_Thymus2,72_29,3,15038.0,15971.0
Mouse_Thymus2,93_34,8,17138.0,16471.0
Mouse_Thymus2,54_20,5,13238.0,15071.0
Mouse_Thymus2,95_11,8,17338.0,14171.0
Mouse_Thymus2,87_17,3,16538.0,14771.0
Mouse_Thymus2,74_31,9,15238.0,16171.0
Mouse_Thymus2,41_34,8,11938.0,16471.0
Mouse_Thymus2,67_31,10,14538.0,16171.0
Mouse_Thymus2,41_31,5,11938.0,16171.0
Mouse_Thymus2,49_24,10,12738.0,15471.0
Mouse_Thymus2,68_42,1,14638.0,17271.0
Mouse_Thymus2,70_3,1,14838.0,13371.0
Mouse_Thymus2,101_51,10,17938.0,18171.0
Mouse_Thymus2,84_44,1,16238.0,17471.0
Mouse_Thymus2,118_40,1,19638.0,17071.0
Mouse_Thymus2,120_51,10,19838.0,18171.0
Mouse_Thymus2,55_21,1,13338.0,15171.0
Mouse_Thymus2,99_52,1,17738.0,18271.0
Mouse_Thymus2,64_26,5,14238.0,15671.0
Mouse_Thymus2,86_30,1,16438.0,16071.0
Mouse_Thymus2,83_44,10,16138.0,17471.0
Mouse_Thymus2,50_37,3,12838.0,16771.0
Mouse_Thymus2,104_28,9,18238.0,15871.0
Mouse_Thymus2,27_33,8,10538.0,16371.0
Mouse_Thymus2,99_32,9,17738.0,16271.0
Mouse_Thymus2,57_34,3,13538.0,16471.0
Mouse_Thymus2,75_2,10,15338.0,13271.0
Mouse_Thymus2,13_46,9,9138.0,17671.0
Mouse_Thymus2,71_38,3,14938.0,16871.0
Mouse_Thymus2,121_53,1,19938.0,18371.0
Mouse_Thymus2,110_43,3,18838.0,17371.0
Mouse_Thymus2,55_41,1,13338.0,17171.0
Mouse_Thymus2,96_14,8,17438.0,14471.0
Mouse_Thymus2,105_31,9,18338.0,16171.0
Mouse_Thymus2,28_33,5,10638.0,16371.0
Mouse_Thymus2,27_44,3,10538.0,17471.0
Mouse_Thymus2,33_34,1,11138.0,16471.0
Mouse_Thymus2,93_21,5,17138.0,15171.0
Mouse_Thymus2,17_49,1,9538.0,17971.0
Mouse_Thymus2,117_37,1,19538.0,16771.0
Mouse_Thymus2,68_16,5,14638.0,14671.0
Mouse_Thymus2,78_37,3,15638.0,16771.0
Mouse_Thymus2,117_64,1,19538.0,19471.0
Mouse_Thymus2,82_26,1,16038.0,15671.0
Mouse_Thymus2,27_49,9,10538.0,17971.0
Mouse_Thymus2,90_25,3,16838.0,15571.0
Mouse_Thymus2,24_42,8,10238.0,17271.0
Mouse_Thymus2,118_39,1,19638.0,16971.0
Mouse_Thymus2,87_7,1,16538.0,13771.0
Mouse_Thymus2,56_26,9,13438.0,15671.0
Mouse_Thymus2,17_44,3,9538.0,17471.0
Mouse_Thymus2,92_15,9,17038.0,14571.0
Mouse_Thymus2,86_16,3,16438.0,14671.0
Mouse_Thymus2,65_28,1,14338.0,15871.0
Mouse_Thymus2,25_49,5,10338.0,17971.0
Mouse_Thymus2,102_26,3,18038.0,15671.0
Mouse_Thymus2,88_29,10,16638.0,15971.0
Mouse_Thymus2,98_23,9,17638.0,15371.0
Mouse_Thymus2,23_43,9,10138.0,17371.0
Mouse_Thymus2,97_30,10,17538.0,16071.0
Mouse_Thymus2,75_1,8,15338.0,13171.0
Mouse_Thymus2,120_69,10,19838.0,19971.0
Mouse_Thymus2,78_7,10,15638.0,13771.0
Mouse_Thymus2,110_41,3,18838.0,17171.0
Mouse_Thymus2,87_27,9,16538.0,15771.0
Mouse_Thymus2,106_48,10,18438.0,17871.0
Mouse_Thymus2,95_48,1,17338.0,17871.0
Mouse_Thymus2,114_63,1,19238.0,19371.0
Mouse_Thymus2,66_34,9,14438.0,16471.0
Mouse_Thymus2,89_15,3,16738.0,14571.0
Mouse_Thymus2,86_52,10,16438.0,18271.0
Mouse_Thymus2,117_50,9,19538.0,18071.0
Mouse_Thymus2,66_25,3,14438.0,15571.0
Mouse_Thymus2,124_50,7,20238.0,18071.0
Mouse_Thymus2,10_47,10,8838.0,17771.0
Mouse_Thymus2,31_28,1,10938.0,15871.0
Mouse_Thymus2,68_37,3,14638.0,16771.0
Mouse_Thymus2,72_43,1,15038.0,17371.0
Mouse_Thymus2,97_33,9,17538.0,16371.0
Mouse_Thymus2,86_7,1,16438.0,13771.0
Mouse_Thymus2,53_34,5,13138.0,16471.0
Mouse_Thymus2,54_42,1,13238.0,17271.0
Mouse_Thymus2,73_45,10,15138.0,17571.0
Mouse_Thymus2,92_9,6,17038.0,13971.0
Mouse_Thymus2,70_10,11,14838.0,14071.0
Mouse_Thymus2,87_45,10,16538.0,17571.0
Mouse_Thymus2,44_43,3,12238.0,17371.0
Mouse_Thymus2,95_45,11,17338.0,17571.0
Mouse_Thymus2,77_6,6,15538.0,13671.0
Mouse_Thymus2,83_27,9,16138.0,15771.0
Mouse_Thymus2,84_21,3,16238.0,15171.0
Mouse_Thymus2,107_38,3,18538.0,16871.0
Mouse_Thymus2,53_32,8,13138.0,16271.0
Mouse_Thymus2,34_52,1,11238.0,18271.0
Mouse_Thymus2,91_36,10,16938.0,16671.0
Mouse_Thymus2,89_39,6,16738.0,16971.0
Mouse_Thymus2,29_42,3,10738.0,17271.0
Mouse_Thymus2,68_23,3,14638.0,15371.0
Mouse_Thymus2,80_24,3,15838.0,15471.0
Mouse_Thymus2,96_19,10,17438.0,14971.0
Mouse_Thymus2,116_56,1,19438.0,18671.0
Mouse_Thymus2,70_37,3,14838.0,16771.0
Mouse_Thymus2,69_28,5,14738.0,15871.0
Mouse_Thymus2,38_41,3,11638.0,17171.0
Mouse_Thymus2,111_35,1,18938.0,16571.0
Mouse_Thymus2,101_15,10,17938.0,14571.0
Mouse_Thymus2,73_47,1,15138.0,17771.0
Mouse_Thymus2,62_36,3,14038.0,16671.0
Mouse_Thymus2,102_40,3,18038.0,17071.0
Mouse_Thymus2,101_19,1,17938.0,14971.0
Mouse_Thymus2,82_34,1,16038.0,16471.0
Mouse_Thymus2,67_11,1,14538.0,14171.0
Mouse_Thymus2,46_25,8,12438.0,15571.0
Mouse_Thymus2,117_67,10,19538.0,19771.0
Mouse_Thymus2,66_22,5,14438.0,15271.0
Mouse_Thymus2,119_44,1,19738.0,17471.0
Mouse_Thymus2,83_33,8,16138.0,16371.0
Mouse_Thymus2,74_24,3,15238.0,15471.0
Mouse_Thymus2,36_37,1,11438.0,16771.0
Mouse_Thymus2,105_20,6,18338.0,15071.0
Mouse_Thymus2,69_5,1,14738.0,13571.0
Mouse_Thymus2,92_32,11,17038.0,16271.0
Mouse_Thymus2,78_6,10,15638.0,13671.0
Mouse_Thymus2,45_17,1,12338.0,14771.0
Mouse_Thymus2,88_11,8,16638.0,14171.0
Mouse_Thymus2,31_33,1,10938.0,16371.0
Mouse_Thymus2,73_33,5,15138.0,16371.0
Mouse_Thymus2,50_38,3,12838.0,16871.0
Mouse_Thymus2,37_41,3,11538.0,17171.0
Mouse_Thymus2,31_49,8,10938.0,17971.0
Mouse_Thymus2,104_56,1,18238.0,18671.0
Mouse_Thymus2,92_42,11,17038.0,17271.0
Mouse_Thymus2,62_37,3,14038.0,16771.0
Mouse_Thymus2,92_45,1,17038.0,17571.0
Mouse_Thymus2,83_34,1,16138.0,16471.0
Mouse_Thymus2,100_26,9,17838.0,15671.0
Mouse_Thymus2,66_13,10,14438.0,14371.0
Mouse_Thymus2,59_34,3,13738.0,16471.0
Mouse_Thymus2,113_39,9,19138.0,16971.0
Mouse_Thymus2,8_48,8,8638.0,17871.0
Mouse_Thymus2,74_28,5,15238.0,15871.0
Mouse_Thymus2,67_14,10,14538.0,14471.0
Mouse_Thymus2,74_43,10,15238.0,17371.0
Mouse_Thymus2,51_25,8,12938.0,15571.0
Mouse_Thymus2,13_43,8,9138.0,17371.0
Mouse_Thymus2,73_37,3,15138.0,16771.0
Mouse_Thymus2,21_51,10,9938.0,18171.0
Mouse_Thymus2,71_27,5,14938.0,15771.0
Mouse_Thymus2,97_36,8,17538.0,16671.0
Mouse_Thymus2,102_17,1,18038.0,14771.0
Mouse_Thymus2,70_17,8,14838.0,14771.0
Mouse_Thymus2,91_26,9,16938.0,15671.0
Mouse_Thymus2,63_21,3,14138.0,15171.0
Mouse_Thymus2,101_22,5,17938.0,15271.0
Mouse_Thymus2,97_28,1,17538.0,15871.0
Mouse_Thymus2,118_63,8,19638.0,19371.0
Mouse_Thymus2,115_49,5,19338.0,17971.0
Mouse_Thymus2,46_24,1,12438.0,15471.0
Mouse_Thymus2,96_37,11,17438.0,16771.0
Mouse_Thymus2,29_51,1,10738.0,18171.0
Mouse_Thymus2,62_18,9,14038.0,14871.0
Mouse_Thymus2,88_43,1,16638.0,17371.0
Mouse_Thymus2,54_41,5,13238.0,17171.0
Mouse_Thymus2,60_13,1,13838.0,14371.0
Mouse_Thymus2,42_28,3,12038.0,15871.0
Mouse_Thymus2,36_32,9,11438.0,16271.0
Mouse_Thymus2,101_13,1,17938.0,14371.0
Mouse_Thymus2,98_61,1,17638.0,19171.0
Mouse_Thymus2,107_49,10,18538.0,17971.0
Mouse_Thymus2,76_6,1,15438.0,13671.0
Mouse_Thymus2,61_15,10,13938.0,14571.0
Mouse_Thymus2,30_26,8,10838.0,15671.0
Mouse_Thymus2,37_52,8,11538.0,18271.0
Mouse_Thymus2,97_39,8,17538.0,16971.0
Mouse_Thymus2,123_49,10,20138.0,17971.0
Mouse_Thymus2,96_25,3,17438.0,15571.0
Mouse_Thymus2,67_9,1,14538.0,13971.0
Mouse_Thymus2,33_55,1,11138.0,18571.0
Mouse_Thymus2,102_45,11,18038.0,17571.0
Mouse_Thymus2,68_39,1,14638.0,16971.0
Mouse_Thymus2,53_17,1,13138.0,14771.0
Mouse_Thymus2,45_27,3,12338.0,15771.0
Mouse_Thymus2,75_14,6,15338.0,14471.0
Mouse_Thymus2,53_29,8,13138.0,15971.0
Mouse_Thymus2,109_53,10,18738.0,18371.0
Mouse_Thymus2,45_30,3,12338.0,16071.0
Mouse_Thymus2,21_46,3,9938.0,17671.0
Mouse_Thymus2,104_22,10,18238.0,15271.0
Mouse_Thymus2,83_53,8,16138.0,18371.0
Mouse_Thymus2,116_44,9,19438.0,17471.0
Mouse_Thymus2,2_45,7,8038.0,17571.0
Mouse_Thymus2,79_34,9,15738.0,16471.0
Mouse_Thymus2,88_18,3,16638.0,14871.0
Mouse_Thymus2,19_40,10,9738.0,17071.0
Mouse_Thymus2,97_16,6,17538.0,14671.0
Mouse_Thymus2,69_25,3,14738.0,15571.0
Mouse_Thymus2,115_44,9,19338.0,17471.0
Mouse_Thymus2,65_33,9,14338.0,16371.0
Mouse_Thymus2,77_27,3,15538.0,15771.0
Mouse_Thymus2,121_60,3,19938.0,19071.0
Mouse_Thymus2,110_46,5,18838.0,17671.0
Mouse_Thymus2,75_43,10,15338.0,17371.0
Mouse_Thymus2,67_37,9,14538.0,16771.0
Mouse_Thymus2,105_24,1,18338.0,15471.0
Mouse_Thymus2,82_29,5,16038.0,15971.0
Mouse_Thymus2,74_21,11,15238.0,15171.0
Mouse_Thymus2,39_45,3,11738.0,17571.0
Mouse_Thymus2,46_27,8,12438.0,15771.0
Mouse_Thymus2,118_65,10,19638.0,19571.0
Mouse_Thymus2,81_19,3,15938.0,14971.0
Mouse_Thymus2,27_35,10,10538.0,16571.0
Mouse_Thymus2,124_70,1,20238.0,20071.0
Mouse_Thymus2,73_2,1,15138.0,13271.0
Mouse_Thymus2,93_55,6,17138.0,18571.0
Mouse_Thymus2,86_57,6,16438.0,18771.0
Mouse_Thymus2,95_46,11,17338.0,17671.0
Mouse_Thymus2,105_40,3,18338.0,17071.0
Mouse_Thymus2,38_25,1,11638.0,15571.0
Mouse_Thymus2,61_12,10,13938.0,14271.0
Mouse_Thymus2,57_17,1,13538.0,14771.0
Mouse_Thymus2,55_43,1,13338.0,17371.0
Mouse_Thymus2,45_26,1,12338.0,15671.0
Mouse_Thymus2,78_33,3,15638.0,16371.0
Mouse_Thymus2,33_31,5,11138.0,16171.0
Mouse_Thymus2,117_61,5,19538.0,19171.0
Mouse_Thymus2,61_22,3,13938.0,15271.0
Mouse_Thymus2,70_7,10,14838.0,13771.0
Mouse_Thymus2,99_18,10,17738.0,14871.0
Mouse_Thymus2,41_29,5,11938.0,15971.0
Mouse_Thymus2,119_40,8,19738.0,17071.0
Mouse_Thymus2,95_55,10,17338.0,18571.0
Mouse_Thymus2,59_21,10,13738.0,15171.0
Mouse_Thymus2,101_23,9,17938.0,15371.0
Mouse_Thymus2,99_49,6,17738.0,17971.0
Mouse_Thymus2,120_63,1,19838.0,19371.0
Mouse_Thymus2,40_42,3,11838.0,17271.0
Mouse_Thymus2,18_46,3,9638.0,17671.0
Mouse_Thymus2,101_29,3,17938.0,15971.0
Mouse_Thymus2,115_37,1,19338.0,16771.0
Mouse_Thymus2,77_35,3,15538.0,16571.0
Mouse_Thymus2,27_43,3,10538.0,17371.0
Mouse_Thymus2,23_46,3,10138.0,17671.0
Mouse_Thymus2,47_38,3,12538.0,16871.0
Mouse_Thymus2,55_26,5,13338.0,15671.0
Mouse_Thymus2,124_64,1,20238.0,19471.0
Mouse_Thymus2,88_48,10,16638.0,17871.0
Mouse_Thymus2,99_54,1,17738.0,18471.0
Mouse_Thymus2,113_42,3,19138.0,17271.0
Mouse_Thymus2,84_29,9,16238.0,15971.0
Mouse_Thymus2,15_38,7,9338.0,16871.0
Mouse_Thymus2,66_19,9,14438.0,14971.0
Mouse_Thymus2,50_31,8,12838.0,16171.0
Mouse_Thymus2,7_47,1,8538.0,17771.0
Mouse_Thymus2,107_50,1,18538.0,18071.0
Mouse_Thymus2,67_27,9,14538.0,15771.0
Mouse_Thymus2,88_47,10,16638.0,17771.0
Mouse_Thymus2,41_32,1,11938.0,16271.0
Mouse_Thymus2,112_45,3,19038.0,17571.0
Mouse_Thymus2,117_35,7,19538.0,16571.0
Mouse_Thymus2,25_46,5,10338.0,17671.0
Mouse_Thymus2,81_22,9,15938.0,15271.0
Mouse_Thymus2,44_21,10,12238.0,15171.0
Mouse_Thymus2,18_44,3,9638.0,17471.0
Mouse_Thymus2,55_37,5,13338.0,16771.0
Mouse_Thymus2,89_49,10,16738.0,17971.0
Mouse_Thymus2,71_6,10,14938.0,13671.0
Mouse_Thymus2,86_54,10,16438.0,18471.0
Mouse_Thymus2,97_43,10,17538.0,17371.0
Mouse_Thymus2,43_34,1,12138.0,16471.0
Mouse_Thymus2,52_39,3,13038.0,16971.0
Mouse_Thymus2,120_41,8,19838.0,17171.0
Mouse_Thymus2,74_32,9,15238.0,16271.0
Mouse_Thymus2,120_59,3,19838.0,18971.0
Mouse_Thymus2,95_24,3,17338.0,15471.0
Mouse_Thymus2,95_29,10,17338.0,15971.0
Mouse_Thymus2,90_53,10,16838.0,18371.0
Mouse_Thymus2,114_59,10,19238.0,18971.0
Mouse_Thymus2,124_53,8,20238.0,18371.0
Mouse_Thymus2,14_46,3,9238.0,17671.0
Mouse_Thymus2,91_14,5,16938.0,14471.0
Mouse_Thymus2,45_36,5,12338.0,16671.0
Mouse_Thymus2,101_14,1,17938.0,14471.0
Mouse_Thymus2,35_48,9,11338.0,17871.0
Mouse_Thymus2,110_33,1,18838.0,16371.0
Mouse_Thymus2,42_42,3,12038.0,17271.0
Mouse_Thymus2,87_18,3,16538.0,14871.0
Mouse_Thymus2,108_51,8,18638.0,18171.0
Mouse_Thymus2,94_48,10,17238.0,17871.0
Mouse_Thymus2,60_26,3,13838.0,15671.0
Mouse_Thymus2,7_46,10,8538.0,17671.0
Mouse_Thymus2,30_33,8,10838.0,16371.0
Mouse_Thymus2,77_7,5,15538.0,13771.0
Mouse_Thymus2,54_32,5,13238.0,16271.0
Mouse_Thymus2,38_54,1,11638.0,18471.0
Mouse_Thymus2,83_32,1,16138.0,16271.0
Mouse_Thymus2,123_54,10,20138.0,18471.0
Mouse_Thymus2,88_16,3,16638.0,14671.0
Mouse_Thymus2,99_11,9,17738.0,14171.0
Mouse_Thymus2,24_39,10,10238.0,16971.0
Mouse_Thymus2,26_52,10,10438.0,18271.0
Mouse_Thymus2,45_23,1,12338.0,15371.0
Mouse_Thymus2,66_38,10,14438.0,16871.0
Mouse_Thymus2,44_46,3,12238.0,17671.0
Mouse_Thymus2,52_36,5,13038.0,16671.0
Mouse_Thymus2,107_51,8,18538.0,18171.0
Mouse_Thymus2,40_33,5,11838.0,16371.0
Mouse_Thymus2,32_45,3,11038.0,17571.0
Mouse_Thymus2,19_39,1,9738.0,16971.0
Mouse_Thymus2,93_17,9,17138.0,14771.0
Mouse_Thymus2,28_41,9,10638.0,17171.0
Mouse_Thymus2,81_1,5,15938.0,13171.0
Mouse_Thymus2,81_30,10,15938.0,16071.0
Mouse_Thymus2,101_46,11,17938.0,17671.0
Mouse_Thymus2,25_54,1,10338.0,18471.0
Mouse_Thymus2,93_12,1,17138.0,14271.0
Mouse_Thymus2,86_9,1,16438.0,13971.0
Mouse_Thymus2,31_34,1,10938.0,16471.0
Mouse_Thymus2,54_24,8,13238.0,15471.0
Mouse_Thymus2,81_42,3,15938.0,17271.0
Mouse_Thymus2,101_60,1,17938.0,19071.0
Mouse_Thymus2,55_13,1,13338.0,14371.0
Mouse_Thymus2,47_49,1,12538.0,17971.0
Mouse_Thymus2,96_20,3,17438.0,15071.0
Mouse_Thymus2,112_43,3,19038.0,17371.0
Mouse_Thymus2,92_50,10,17038.0,18071.0
Mouse_Thymus2,86_14,8,16438.0,14471.0
Mouse_Thymus2,107_55,6,18538.0,18571.0
Mouse_Thymus2,68_26,5,14638.0,15671.0
Mouse_Thymus2,31_26,6,10938.0,15671.0
Mouse_Thymus2,94_16,10,17238.0,14671.0
Mouse_Thymus2,106_51,1,18438.0,18171.0
Mouse_Thymus2,101_48,5,17938.0,17871.0
Mouse_Thymus2,35_40,9,11338.0,17071.0
Mouse_Thymus2,99_28,10,17738.0,15871.0
Mouse_Thymus2,74_48,1,15238.0,17871.0
Mouse_Thymus2,116_51,5,19438.0,18171.0
Mouse_Thymus2,113_45,3,19138.0,17571.0
Mouse_Thymus2,80_50,10,15838.0,18071.0
Mouse_Thymus2,60_25,3,13838.0,15571.0
Mouse_Thymus2,57_38,8,13538.0,16871.0
Mouse_Thymus2,80_43,3,15838.0,17371.0
Mouse_Thymus2,112_44,3,19038.0,17471.0
Mouse_Thymus2,90_17,3,16838.0,14771.0
Mouse_Thymus2,94_36,10,17238.0,16671.0
Mouse_Thymus2,78_29,3,15638.0,15971.0
Mouse_Thymus2,93_42,11,17138.0,17271.0
Mouse_Thymus2,4_45,8,8238.0,17571.0
Mouse_Thymus2,8_47,10,8638.0,17771.0
Mouse_Thymus2,103_34,9,18138.0,16471.0
Mouse_Thymus2,101_24,3,17938.0,15471.0
Mouse_Thymus2,78_23,3,15638.0,15371.0
Mouse_Thymus2,36_40,9,11438.0,17071.0
Mouse_Thymus2,52_42,10,13038.0,17271.0
Mouse_Thymus2,28_38,1,10638.0,16871.0
Mouse_Thymus2,90_12,1,16838.0,14271.0
Mouse_Thymus2,80_40,3,15838.0,17071.0
Mouse_Thymus2,30_43,3,10838.0,17371.0
Mouse_Thymus2,89_48,10,16738.0,17871.0
Mouse_Thymus2,102_41,9,18038.0,17171.0
Mouse_Thymus2,89_46,1,16738.0,17671.0
Mouse_Thymus2,57_23,10,13538.0,15371.0
Mouse_Thymus2,58_40,10,13638.0,17071.0
Mouse_Thymus2,94_9,10,17238.0,13971.0
Mouse_Thymus2,18_39,1,9638.0,16971.0
Mouse_Thymus2,103_36,3,18138.0,16671.0
Mouse_Thymus2,109_52,10,18738.0,18271.0
Mouse_Thymus2,41_36,1,11938.0,16671.0
Mouse_Thymus2,58_36,9,13638.0,16671.0
Mouse_Thymus2,85_35,1,16338.0,16571.0
Mouse_Thymus2,91_59,6,16938.0,18971.0
Mouse_Thymus2,99_10,9,17738.0,14071.0
Mouse_Thymus2,28_37,10,10638.0,16771.0
Mouse_Thymus2,38_26,10,11638.0,15671.0
Mouse_Thymus2,113_36,10,19138.0,16671.0
Mouse_Thymus2,83_19,3,16138.0,14971.0
Mouse_Thymus2,84_47,8,16238.0,17771.0
Mouse_Thymus2,87_47,11,16538.0,17771.0
Mouse_Thymus2,119_52,9,19738.0,18271.0
Mouse_Thymus2,28_31,7,10638.0,16171.0
Mouse_Thymus2,85_32,1,16338.0,16271.0
Mouse_Thymus2,71_3,1,14938.0,13371.0
Mouse_Thymus2,76_28,3,15438.0,15871.0
Mouse_Thymus2,74_3,10,15238.0,13371.0
Mouse_Thymus2,40_30,5,11838.0,16071.0
Mouse_Thymus2,84_51,8,16238.0,18171.0
Mouse_Thymus2,90_27,10,16838.0,15771.0
Mouse_Thymus2,98_35,3,17638.0,16571.0
Mouse_Thymus2,85_41,1,16338.0,17171.0
Mouse_Thymus2,105_27,10,18338.0,15771.0
Mouse_Thymus2,68_19,5,14638.0,14971.0
Mouse_Thymus2,103_20,10,18138.0,15071.0
Mouse_Thymus2,79_35,3,15738.0,16571.0
Mouse_Thymus2,90_32,10,16838.0,16271.0
Mouse_Thymus2,97_24,3,17538.0,15471.0
Mouse_Thymus2,97_26,9,17538.0,15671.0
Mouse_Thymus2,48_44,1,12638.0,17471.0
Mouse_Thymus2,78_51,5,15638.0,18171.0
Mouse_Thymus2,37_25,1,11538.0,15571.0
Mouse_Thymus2,113_52,10,19138.0,18271.0
Mouse_Thymus2,80_45,10,15838.0,17571.0
Mouse_Thymus2,64_37,5,14238.0,16771.0
Mouse_Thymus2,85_26,8,16338.0,15671.0
Mouse_Thymus2,10_49,1,8838.0,17971.0
Mouse_Thymus2,91_30,10,16938.0,16071.0
Mouse_Thymus2,113_53,10,19138.0,18371.0
Mouse_Thymus2,104_58,7,18238.0,18871.0
Mouse_Thymus2,71_15,10,14938.0,14571.0
Mouse_Thymus2,76_21,3,15438.0,15171.0
Mouse_Thymus2,15_40,1,9338.0,17071.0
Mouse_Thymus2,53_33,5,13138.0,16371.0
Mouse_Thymus2,82_10,1,16038.0,14071.0
Mouse_Thymus2,39_30,9,11738.0,16071.0
Mouse_Thymus2,113_49,5,19138.0,17971.0
Mouse_Thymus2,90_45,10,16838.0,17571.0
Mouse_Thymus2,16_45,9,9438.0,17571.0
Mouse_Thymus2,93_54,1,17138.0,18471.0
Mouse_Thymus2,31_52,1,10938.0,18271.0
Mouse_Thymus2,35_50,1,11338.0,18071.0
Mouse_Thymus2,99_26,9,17738.0,15671.0
Mouse_Thymus2,42_43,3,12038.0,17371.0
Mouse_Thymus2,31_30,5,10938.0,16071.0
Mouse_Thymus2,9_48,1,8738.0,17871.0
Mouse_Thymus2,90_18,3,16838.0,14871.0
Mouse_Thymus2,56_35,9,13438.0,16571.0
Mouse_Thymus2,38_23,1,11638.0,15371.0
Mouse_Thymus2,27_53,1,10538.0,18371.0
Mouse_Thymus2,114_47,8,19238.0,17771.0
Mouse_Thymus2,107_46,3,18538.0,17671.0
Mouse_Thymus2,97_45,10,17538.0,17571.0
Mouse_Thymus2,27_45,3,10538.0,17571.0
Mouse_Thymus2,98_51,1,17638.0,18171.0
Mouse_Thymus2,76_27,3,15438.0,15771.0
Mouse_Thymus2,70_4,1,14838.0,13471.0
Mouse_Thymus2,51_43,10,12938.0,17371.0
Mouse_Thymus2,55_30,8,13338.0,16071.0
Mouse_Thymus2,120_54,9,19838.0,18471.0
Mouse_Thymus2,87_38,10,16538.0,16871.0
Mouse_Thymus2,68_33,5,14638.0,16371.0
Mouse_Thymus2,120_40,7,19838.0,17071.0
Mouse_Thymus2,123_68,1,20138.0,19871.0
Mouse_Thymus2,65_27,3,14338.0,15771.0
Mouse_Thymus2,57_20,6,13538.0,15071.0
Mouse_Thymus2,37_47,5,11538.0,17771.0
Mouse_Thymus2,39_43,3,11738.0,17371.0
Mouse_Thymus2,103_33,9,18138.0,16371.0
Mouse_Thymus2,53_43,10,13138.0,17371.0
Mouse_Thymus2,5_42,7,8338.0,17271.0
Mouse_Thymus2,126_69,1,20438.0,19971.0
Mouse_Thymus2,79_32,3,15738.0,16271.0
Mouse_Thymus2,69_14,10,14738.0,14471.0
Mouse_Thymus2,80_49,1,15838.0,17971.0
Mouse_Thymus2,86_2,8,16438.0,13271.0
Mouse_Thymus2,81_50,8,15938.0,18071.0
Mouse_Thymus2,106_41,9,18438.0,17171.0
Mouse_Thymus2,87_8,1,16538.0,13871.0
Mouse_Thymus2,121_43,6,19938.0,17371.0
Mouse_Thymus2,122_64,8,20038.0,19471.0
Mouse_Thymus2,57_28,3,13538.0,15871.0
Mouse_Thymus2,109_38,3,18738.0,16871.0
Mouse_Thymus2,104_33,3,18238.0,16371.0
Mouse_Thymus2,102_53,10,18038.0,18371.0
Mouse_Thymus2,100_28,9,17838.0,15871.0
Mouse_Thymus2,42_23,10,12038.0,15371.0
Mouse_Thymus2,106_34,3,18438.0,16471.0
Mouse_Thymus2,111_47,3,18938.0,17771.0
Mouse_Thymus2,102_35,9,18038.0,16571.0
Mouse_Thymus2,70_23,3,14838.0,15371.0
Mouse_Thymus2,54_43,1,13238.0,17371.0
Mouse_Thymus2,50_24,1,12838.0,15471.0
Mouse_Thymus2,77_26,3,15538.0,15671.0
Mouse_Thymus2,76_42,9,15438.0,17271.0
Mouse_Thymus2,78_44,9,15638.0,17471.0
Mouse_Thymus2,68_41,1,14638.0,17171.0
Mouse_Thymus2,101_61,1,17938.0,19171.0
Mouse_Thymus2,77_37,9,15538.0,16771.0
Mouse_Thymus2,22_50,1,10038.0,18071.0
Mouse_Thymus2,42_25,10,12038.0,15571.0
Mouse_Thymus2,115_36,1,19338.0,16671.0
Mouse_Thymus2,46_37,3,12438.0,16771.0
Mouse_Thymus2,90_35,11,16838.0,16571.0
Mouse_Thymus2,85_40,10,16338.0,17071.0
Mouse_Thymus2,48_45,1,12638.0,17571.0
Mouse_Thymus2,121_54,5,19938.0,18471.0
Mouse_Thymus2,117_53,5,19538.0,18371.0
Mouse_Thymus2,22_38,6,10038.0,16871.0
Mouse_Thymus2,20_53,1,9838.0,18371.0
Mouse_Thymus2,123_66,5,20138.0,19671.0
Mouse_Thymus2,85_17,3,16338.0,14771.0
Mouse_Thymus2,88_6,10,16638.0,13671.0
Mouse_Thymus2,100_56,10,17838.0,18671.0
Mouse_Thymus2,57_24,5,13538.0,15471.0
Mouse_Thymus2,79_23,3,15738.0,15371.0
Mouse_Thymus2,71_33,9,14938.0,16371.0
Mouse_Thymus2,49_16,1,12738.0,14671.0
Mouse_Thymus2,99_19,10,17738.0,14971.0
Mouse_Thymus2,75_44,8,15338.0,17471.0
Mouse_Thymus2,68_6,1,14638.0,13671.0
Mouse_Thymus2,61_36,3,13938.0,16671.0
Mouse_Thymus2,56_27,3,13438.0,15771.0
Mouse_Thymus2,43_44,9,12138.0,17471.0
Mouse_Thymus2,88_12,11,16638.0,14271.0
Mouse_Thymus2,73_40,9,15138.0,17071.0
Mouse_Thymus2,85_42,1,16338.0,17271.0
Mouse_Thymus2,35_55,1,11338.0,18571.0
Mouse_Thymus2,111_44,3,18938.0,17471.0
Mouse_Thymus2,65_30,5,14338.0,16071.0
Mouse_Thymus2,44_26,5,12238.0,15671.0
Mouse_Thymus2,70_6,1,14838.0,13671.0
Mouse_Thymus2,12_46,1,9038.0,17671.0
Mouse_Thymus2,37_29,8,11538.0,15971.0
Mouse_Thymus2,80_3,6,15838.0,13371.0
Mouse_Thymus2,46_32,8,12438.0,16271.0
Mouse_Thymus2,36_35,5,11438.0,16571.0
Mouse_Thymus2,97_52,1,17538.0,18271.0
Mouse_Thymus2,102_14,7,18038.0,14471.0
Mouse_Thymus2,94_47,1,17238.0,17771.0
Mouse_Thymus2,72_8,10,15038.0,13871.0
Mouse_Thymus2,41_45,3,11938.0,17571.0
Mouse_Thymus2,87_5,5,16538.0,13571.0
Mouse_Thymus2,89_47,10,16738.0,17771.0
Mouse_Thymus2,81_26,10,15938.0,15671.0
Mouse_Thymus2,79_0,9,15738.0,13071.0
Mouse_Thymus2,89_51,10,16738.0,18171.0
Mouse_Thymus2,100_36,3,17838.0,16671.0
Mouse_Thymus2,86_20,3,16438.0,15071.0
Mouse_Thymus2,119_58,5,19738.0,18871.0
Mouse_Thymus2,121_51,1,19938.0,18171.0
Mouse_Thymus2,100_18,1,17838.0,14871.0
Mouse_Thymus2,46_19,1,12438.0,14971.0
Mouse_Thymus2,104_50,10,18238.0,18071.0
Mouse_Thymus2,105_56,6,18338.0,18671.0
Mouse_Thymus2,102_58,10,18038.0,18871.0
Mouse_Thymus2,94_6,8,17238.0,13671.0
Mouse_Thymus2,85_13,5,16338.0,14371.0
Mouse_Thymus2,111_57,10,18938.0,18771.0
Mouse_Thymus2,88_17,3,16638.0,14771.0
Mouse_Thymus2,100_44,1,17838.0,17471.0
Mouse_Thymus2,21_48,7,9938.0,17871.0
Mouse_Thymus2,101_25,3,17938.0,15571.0
Mouse_Thymus2,59_15,10,13738.0,14571.0
Mouse_Thymus2,22_45,3,10038.0,17571.0
Mouse_Thymus2,24_36,8,10238.0,16671.0
Mouse_Thymus2,118_62,9,19638.0,19271.0
Mouse_Thymus2,99_38,3,17738.0,16871.0
Mouse_Thymus2,53_27,3,13138.0,15771.0
Mouse_Thymus2,53_22,1,13138.0,15271.0
Mouse_Thymus2,93_31,10,17138.0,16171.0
Mouse_Thymus2,35_34,1,11338.0,16471.0
Mouse_Thymus2,52_25,9,13038.0,15571.0
Mouse_Thymus2,11_49,1,8938.0,17971.0
Mouse_Thymus2,81_32,1,15938.0,16271.0
Mouse_Thymus2,117_69,7,19538.0,19971.0
Mouse_Thymus2,74_20,10,15238.0,15071.0
Mouse_Thymus2,74_13,6,15238.0,14371.0
Mouse_Thymus2,31_54,10,10938.0,18471.0
Mouse_Thymus2,32_25,6,11038.0,15571.0
Mouse_Thymus2,51_44,1,12938.0,17471.0
Mouse_Thymus2,90_14,5,16838.0,14471.0
Mouse_Thymus2,98_13,10,17638.0,14371.0
Mouse_Thymus2,71_7,10,14938.0,13771.0
Mouse_Thymus2,125_71,1,20338.0,20171.0
Mouse_Thymus2,105_41,9,18338.0,17171.0
Mouse_Thymus2,89_28,5,16738.0,15871.0
Mouse_Thymus2,100_59,10,17838.0,18971.0
Mouse_Thymus2,116_67,7,19438.0,19771.0
Mouse_Thymus2,96_46,6,17438.0,17671.0
Mouse_Thymus2,92_7,6,17038.0,13771.0
Mouse_Thymus2,115_39,10,19338.0,16971.0
Mouse_Thymus2,63_37,5,14138.0,16771.0
Mouse_Thymus2,33_49,6,11138.0,17971.0
Mouse_Thymus2,85_27,5,16338.0,15771.0
Mouse_Thymus2,60_14,6,13838.0,14471.0
Mouse_Thymus2,82_31,10,16038.0,16171.0
Mouse_Thymus2,106_38,3,18438.0,16871.0
Mouse_Thymus2,85_54,8,16338.0,18471.0
Mouse_Thymus2,66_27,5,14438.0,15771.0
Mouse_Thymus2,72_4,1,15038.0,13471.0
Mouse_Thymus2,80_9,10,15838.0,13971.0
Mouse_Thymus2,76_32,3,15438.0,16271.0
Mouse_Thymus2,64_33,9,14238.0,16371.0
Mouse_Thymus2,91_52,1,16938.0,18271.0
Mouse_Thymus2,93_51,10,17138.0,18171.0
Mouse_Thymus2,96_18,8,17438.0,14871.0
Mouse_Thymus2,48_22,10,12638.0,15271.0
Mouse_Thymus2,83_35,1,16138.0,16571.0
Mouse_Thymus2,98_33,9,17638.0,16371.0
Mouse_Thymus2,83_14,6,16138.0,14471.0
Mouse_Thymus2,102_32,5,18038.0,16271.0
Mouse_Thymus2,94_45,11,17238.0,17571.0
Mouse_Thymus2,67_10,10,14538.0,14071.0
Mouse_Thymus2,104_54,10,18238.0,18471.0
Mouse_Thymus2,38_29,3,11638.0,15971.0
Mouse_Thymus2,49_17,10,12738.0,14771.0
Mouse_Thymus2,100_50,10,17838.0,18071.0
Mouse_Thymus2,93_49,10,17138.0,17971.0
Mouse_Thymus2,99_12,5,17738.0,14271.0
Mouse_Thymus2,82_4,10,16038.0,13471.0
Mouse_Thymus2,41_25,8,11938.0,15571.0
Mouse_Thymus2,112_39,3,19038.0,16971.0
Mouse_Thymus2,119_39,6,19738.0,16971.0
Mouse_Thymus2,34_51,1,11238.0,18171.0
Mouse_Thymus2,37_31,8,11538.0,16171.0
Mouse_Thymus2,114_39,10,19238.0,16971.0
Mouse_Thymus2,94_25,3,17238.0,15571.0
Mouse_Thymus2,31_27,10,10938.0,15771.0
Mouse_Thymus2,89_42,10,16738.0,17271.0
Mouse_Thymus2,16_40,5,9438.0,17071.0
Mouse_Thymus2,69_27,9,14738.0,15771.0
Mouse_Thymus2,76_37,3,15438.0,16771.0
Mouse_Thymus2,106_37,3,18438.0,16771.0
Mouse_Thymus2,70_2,1,14838.0,13271.0
Mouse_Thymus2,74_39,3,15238.0,16971.0
Mouse_Thymus2,75_47,10,15338.0,17771.0
Mouse_Thymus2,50_28,3,12838.0,15871.0
Mouse_Thymus2,122_72,1,20038.0,20271.0
Mouse_Thymus2,22_47,9,10038.0,17771.0
Mouse_Thymus2,82_30,8,16038.0,16071.0
Mouse_Thymus2,78_19,9,15638.0,14971.0
Mouse_Thymus2,92_41,10,17038.0,17171.0
Mouse_Thymus2,120_66,6,19838.0,19671.0
Mouse_Thymus2,81_36,5,15938.0,16671.0
Mouse_Thymus2,71_30,10,14938.0,16071.0
Mouse_Thymus2,114_57,10,19238.0,18771.0
Mouse_Thymus2,26_48,3,10438.0,17871.0
Mouse_Thymus2,90_20,3,16838.0,15071.0
Mouse_Thymus2,91_32,10,16938.0,16271.0
Mouse_Thymus2,107_22,6,18538.0,15271.0
Mouse_Thymus2,17_51,10,9538.0,18171.0
Mouse_Thymus2,36_25,1,11438.0,15571.0
Mouse_Thymus2,14_49,1,9238.0,17971.0
Mouse_Thymus2,96_59,1,17438.0,18971.0
Mouse_Thymus2,125_63,1,20338.0,19371.0
Mouse_Thymus2,84_14,9,16238.0,14471.0
Mouse_Thymus2,92_18,9,17038.0,14871.0
Mouse_Thymus2,80_42,3,15838.0,17271.0
Mouse_Thymus2,77_13,5,15538.0,14371.0
Mouse_Thymus2,24_50,1,10238.0,18071.0
Mouse_Thymus2,72_2,1,15038.0,13271.0
Mouse_Thymus2,62_21,3,14038.0,15171.0
Mouse_Thymus2,68_17,8,14638.0,14771.0
Mouse_Thymus2,16_41,1,9438.0,17171.0
Mouse_Thymus2,90_22,3,16838.0,15271.0
Mouse_Thymus2,101_32,10,17938.0,16271.0
Mouse_Thymus2,8_46,1,8638.0,17671.0
Mouse_Thymus2,59_25,9,13738.0,15571.0
Mouse_Thymus2,72_12,9,15038.0,14271.0
Mouse_Thymus2,67_42,1,14538.0,17271.0
Mouse_Thymus2,125_58,7,20338.0,18871.0
Mouse_Thymus2,86_37,10,16438.0,16771.0
Mouse_Thymus2,33_42,3,11138.0,17271.0
Mouse_Thymus2,23_52,10,10138.0,18271.0
Mouse_Thymus2,61_30,3,13938.0,16071.0
Mouse_Thymus2,100_15,1,17838.0,14571.0
Mouse_Thymus2,54_40,5,13238.0,17071.0
Mouse_Thymus2,78_0,1,15638.0,13071.0
Mouse_Thymus2,79_12,1,15738.0,14271.0
Mouse_Thymus2,45_37,8,12338.0,16771.0
Mouse_Thymus2,23_42,1,10138.0,17271.0
Mouse_Thymus2,95_60,1,17338.0,19071.0
Mouse_Thymus2,31_53,6,10938.0,18371.0
Mouse_Thymus2,62_33,3,14038.0,16371.0
Mouse_Thymus2,65_36,9,14338.0,16671.0
Mouse_Thymus2,23_36,1,10138.0,16671.0
Mouse_Thymus2,96_10,10,17438.0,14071.0
Mouse_Thymus2,122_55,1,20038.0,18571.0
Mouse_Thymus2,106_23,1,18438.0,15371.0
Mouse_Thymus2,38_52,1,11638.0,18271.0
Mouse_Thymus2,89_11,1,16738.0,14171.0
Mouse_Thymus2,74_2,1,15238.0,13271.0
Mouse_Thymus2,83_46,10,16138.0,17671.0
Mouse_Thymus2,72_37,3,15038.0,16771.0
Mouse_Thymus2,110_45,5,18838.0,17571.0
Mouse_Thymus2,87_12,5,16538.0,14271.0
Mouse_Thymus2,91_16,3,16938.0,14671.0
Mouse_Thymus2,73_27,3,15138.0,15771.0
Mouse_Thymus2,90_41,10,16838.0,17171.0
Mouse_Thymus2,49_43,9,12738.0,17371.0
Mouse_Thymus2,47_17,8,12538.0,14771.0
Mouse_Thymus2,40_37,10,11838.0,16771.0
Mouse_Thymus2,98_19,9,17638.0,14971.0
Mouse_Thymus2,114_55,1,19238.0,18571.0
Mouse_Thymus2,96_26,9,17438.0,15671.0
Mouse_Thymus2,20_43,3,9838.0,17371.0
Mouse_Thymus2,68_15,1,14638.0,14571.0
Mouse_Thymus2,59_37,9,13738.0,16771.0
Mouse_Thymus2,107_44,1,18538.0,17471.0
Mouse_Thymus2,64_20,3,14238.0,15071.0
Mouse_Thymus2,31_55,1,10938.0,18571.0
Mouse_Thymus2,90_21,3,16838.0,15171.0
Mouse_Thymus2,32_44,3,11038.0,17471.0
Mouse_Thymus2,95_43,1,17338.0,17371.0
Mouse_Thymus2,87_39,10,16538.0,16971.0
Mouse_Thymus2,60_28,3,13838.0,15871.0
Mouse_Thymus2,35_51,10,11338.0,18171.0
Mouse_Thymus2,17_47,9,9538.0,17771.0
Mouse_Thymus2,15_49,1,9338.0,17971.0
Mouse_Thymus2,75_38,3,15338.0,16871.0
Mouse_Thymus2,56_29,3,13438.0,15971.0
Mouse_Thymus2,30_35,10,10838.0,16571.0
Mouse_Thymus2,117_54,8,19538.0,18471.0
Mouse_Thymus2,99_44,8,17738.0,17471.0
Mouse_Thymus2,27_54,1,10538.0,18471.0
Mouse_Thymus2,69_3,5,14738.0,13371.0
Mouse_Thymus2,115_53,1,19338.0,18371.0
Mouse_Thymus2,64_25,9,14238.0,15571.0
Mouse_Thymus2,64_19,9,14238.0,14971.0
Mouse_Thymus2,89_24,9,16738.0,15471.0
Mouse_Thymus2,82_21,3,16038.0,15171.0
Mouse_Thymus2,111_34,1,18938.0,16471.0
Mouse_Thymus2,35_41,3,11338.0,17171.0
Mouse_Thymus2,72_26,3,15038.0,15671.0
Mouse_Thymus2,36_34,1,11438.0,16471.0
Mouse_Thymus2,19_48,9,9738.0,17871.0
Mouse_Thymus2,94_26,9,17238.0,15671.0
Mouse_Thymus2,23_49,10,10138.0,17971.0
Mouse_Thymus2,72_45,1,15038.0,17571.0
Mouse_Thymus2,45_33,5,12338.0,16371.0
Mouse_Thymus2,100_52,1,17838.0,18271.0
Mouse_Thymus2,105_50,1,18338.0,18071.0
Mouse_Thymus2,12_51,1,9038.0,18171.0
Mouse_Thymus2,88_38,6,16638.0,16871.0
Mouse_Thymus2,41_49,1,11938.0,17971.0
Mouse_Thymus2,97_11,10,17538.0,14171.0
Mouse_Thymus2,93_27,9,17138.0,15771.0
Mouse_Thymus2,95_10,1,17338.0,14071.0
Mouse_Thymus2,47_36,5,12538.0,16671.0
Mouse_Thymus2,45_48,10,12338.0,17871.0
Mouse_Thymus2,74_22,11,15238.0,15271.0
Mouse_Thymus2,38_34,1,11638.0,16471.0
Mouse_Thymus2,37_36,1,11538.0,16671.0
Mouse_Thymus2,84_7,1,16238.0,13771.0
Mouse_Thymus2,97_56,1,17538.0,18671.0
Mouse_Thymus2,39_53,1,11738.0,18371.0
Mouse_Thymus2,102_39,3,18038.0,16971.0
Mouse_Thymus2,118_68,1,19638.0,19871.0
Mouse_Thymus2,101_45,11,17938.0,17571.0
Mouse_Thymus2,38_32,5,11638.0,16271.0
Mouse_Thymus2,125_59,1,20338.0,18971.0
Mouse_Thymus2,56_42,1,13438.0,17271.0
Mouse_Thymus2,44_24,1,12238.0,15471.0
Mouse_Thymus2,111_58,6,18938.0,18871.0
Mouse_Thymus2,103_38,3,18138.0,16871.0
Mouse_Thymus2,80_44,3,15838.0,17471.0
Mouse_Thymus2,103_27,3,18138.0,15771.0
Mouse_Thymus2,84_19,3,16238.0,14971.0
Mouse_Thymus2,98_39,10,17638.0,16971.0
Mouse_Thymus2,94_51,10,17238.0,18171.0
Mouse_Thymus2,51_40,9,12938.0,17071.0
Mouse_Thymus2,85_55,6,16338.0,18571.0
Mouse_Thymus2,56_31,5,13438.0,16171.0
Mouse_Thymus2,85_38,10,16338.0,16871.0
Mouse_Thymus2,77_31,3,15538.0,16171.0
Mouse_Thymus2,40_23,1,11838.0,15371.0
Mouse_Thymus2,101_37,5,17938.0,16771.0
Mouse_Thymus2,102_56,10,18038.0,18671.0
Mouse_Thymus2,72_17,8,15038.0,14771.0
Mouse_Thymus2,100_32,10,17838.0,16271.0
Mouse_Thymus2,73_4,10,15138.0,13471.0
Mouse_Thymus2,83_2,1,16138.0,13271.0
Mouse_Thymus2,80_12,1,15838.0,14271.0
Mouse_Thymus2,39_36,5,11738.0,16671.0
Mouse_Thymus2,99_60,8,17738.0,19071.0
Mouse_Thymus2,37_23,7,11538.0,15371.0
Mouse_Thymus2,76_41,9,15438.0,17171.0
Mouse_Thymus2,74_45,10,15238.0,17571.0
Mouse_Thymus2,71_21,3,14938.0,15171.0
Mouse_Thymus2,40_21,10,11838.0,15171.0
Mouse_Thymus2,77_33,3,15538.0,16371.0
Mouse_Thymus2,79_7,8,15738.0,13771.0
Mouse_Thymus2,48_36,5,12638.0,16671.0
Mouse_Thymus2,120_65,10,19838.0,19571.0
Mouse_Thymus2,106_21,8,18438.0,15171.0
Mouse_Thymus2,117_68,8,19538.0,19871.0
Mouse_Thymus2,86_19,3,16438.0,14971.0
Mouse_Thymus2,76_45,9,15438.0,17571.0
Mouse_Thymus2,86_48,8,16438.0,17871.0
Mouse_Thymus2,94_60,1,17238.0,19071.0
Mouse_Thymus2,46_48,1,12438.0,17871.0
Mouse_Thymus2,119_50,10,19738.0,18071.0
Mouse_Thymus2,44_40,3,12238.0,17071.0
Mouse_Thymus2,29_35,8,10738.0,16571.0
Mouse_Thymus2,44_30,3,12238.0,16071.0
Mouse_Thymus2,117_49,3,19538.0,17971.0
Mouse_Thymus2,67_20,9,14538.0,15071.0
Mouse_Thymus2,95_54,1,17338.0,18471.0
Mouse_Thymus2,80_21,3,15838.0,15171.0
Mouse_Thymus2,39_48,1,11738.0,17871.0
Mouse_Thymus2,89_55,1,16738.0,18571.0
Mouse_Thymus2,82_49,10,16038.0,17971.0
Mouse_Thymus2,77_20,3,15538.0,15071.0
Mouse_Thymus2,36_30,8,11438.0,16071.0
Mouse_Thymus2,55_31,5,13338.0,16171.0
Mouse_Thymus2,95_25,3,17338.0,15571.0
Mouse_Thymus2,48_49,7,12638.0,17971.0
Mouse_Thymus2,77_30,3,15538.0,16071.0
Mouse_Thymus2,47_47,10,12538.0,17771.0
Mouse_Thymus2,23_44,3,10138.0,17471.0
Mouse_Thymus2,85_43,10,16338.0,17371.0
Mouse_Thymus2,102_46,10,18038.0,17671.0
Mouse_Thymus2,78_30,9,15638.0,16071.0
Mouse_Thymus2,37_33,5,11538.0,16371.0
Mouse_Thymus2,65_22,5,14338.0,15271.0
Mouse_Thymus2,74_10,10,15238.0,14071.0
Mouse_Thymus2,117_47,9,19538.0,17771.0
Mouse_Thymus2,86_24,10,16438.0,15471.0
Mouse_Thymus2,91_33,10,16938.0,16371.0
Mouse_Thymus2,54_37,9,13238.0,16771.0
Mouse_Thymus2,80_0,6,15838.0,13071.0
Mouse_Thymus2,83_49,8,16138.0,17971.0
Mouse_Thymus2,92_23,3,17038.0,15371.0
Mouse_Thymus2,120_52,10,19838.0,18271.0
Mouse_Thymus2,31_51,10,10938.0,18171.0
Mouse_Thymus2,47_35,9,12538.0,16571.0
Mouse_Thymus2,122_47,1,20038.0,17771.0
Mouse_Thymus2,68_25,3,14638.0,15571.0
Mouse_Thymus2,62_38,1,14038.0,16871.0
Mouse_Thymus2,64_24,3,14238.0,15471.0
Mouse_Thymus2,22_44,3,10038.0,17471.0
Mouse_Thymus2,54_23,3,13238.0,15371.0
Mouse_Thymus2,53_35,5,13138.0,16571.0
Mouse_Thymus2,89_16,3,16738.0,14671.0
Mouse_Thymus2,108_36,3,18638.0,16671.0
Mouse_Thymus2,109_48,10,18738.0,17871.0
Mouse_Thymus2,67_35,3,14538.0,16571.0
Mouse_Thymus2,70_35,3,14838.0,16571.0
Mouse_Thymus2,82_19,3,16038.0,14971.0
Mouse_Thymus2,79_38,3,15738.0,16871.0
Mouse_Thymus2,121_49,1,19938.0,17971.0
Mouse_Thymus2,100_48,10,17838.0,17871.0
Mouse_Thymus2,115_50,5,19338.0,18071.0
Mouse_Thymus2,116_39,1,19438.0,16971.0
Mouse_Thymus2,73_30,3,15138.0,16071.0
Mouse_Thymus2,46_39,5,12438.0,16971.0
Mouse_Thymus2,85_12,9,16338.0,14271.0
Mouse_Thymus2,65_37,9,14338.0,16771.0
Mouse_Thymus2,88_35,1,16638.0,16571.0
Mouse_Thymus2,90_13,8,16838.0,14371.0
Mouse_Thymus2,120_50,10,19838.0,18071.0
Mouse_Thymus2,119_43,1,19738.0,17371.0
Mouse_Thymus2,109_28,1,18738.0,15871.0
Mouse_Thymus2,88_5,10,16638.0,13571.0
Mouse_Thymus2,35_30,5,11338.0,16071.0
Mouse_Thymus2,68_21,5,14638.0,15171.0
Mouse_Thymus2,74_33,9,15238.0,16371.0
Mouse_Thymus2,28_40,1,10638.0,17071.0
Mouse_Thymus2,35_49,1,11338.0,17971.0
Mouse_Thymus2,38_51,1,11638.0,18171.0
Mouse_Thymus2,59_17,10,13738.0,14771.0
Mouse_Thymus2,79_41,3,15738.0,17171.0
Mouse_Thymus2,69_42,1,14738.0,17271.0
Mouse_Thymus2,18_37,6,9638.0,16771.0
Mouse_Thymus2,99_22,9,17738.0,15271.0
Mouse_Thymus2,84_13,8,16238.0,14371.0
Mouse_Thymus2,31_38,10,10938.0,16871.0
Mouse_Thymus2,94_49,8,17238.0,17971.0
Mouse_Thymus2,123_50,6,20138.0,18071.0
Mouse_Thymus2,105_29,10,18338.0,15971.0
Mouse_Thymus2,33_45,3,11138.0,17571.0
Mouse_Thymus2,111_39,3,18938.0,16971.0
Mouse_Thymus2,27_42,5,10538.0,17271.0
Mouse_Thymus2,110_53,10,18838.0,18371.0
Mouse_Thymus2,75_35,3,15338.0,16571.0
Mouse_Thymus2,101_41,8,17938.0,17171.0
Mouse_Thymus2,97_50,8,17538.0,18071.0
Mouse_Thymus2,100_29,8,17838.0,15971.0
Mouse_Thymus2,24_38,10,10238.0,16871.0
Mouse_Thymus2,85_23,9,16338.0,15371.0
Mouse_Thymus2,113_61,1,19138.0,19171.0
Mouse_Thymus2,103_30,3,18138.0,16071.0
Mouse_Thymus2,90_54,10,16838.0,18471.0
Mouse_Thymus2,83_54,1,16138.0,18471.0
Mouse_Thymus2,114_58,10,19238.0,18871.0
Mouse_Thymus2,98_49,10,17638.0,17971.0
Mouse_Thymus2,7_45,9,8538.0,17571.0
Mouse_Thymus2,77_45,10,15538.0,17571.0
Mouse_Thymus2,85_56,6,16338.0,18671.0
Mouse_Thymus2,118_56,9,19638.0,18671.0
Mouse_Thymus2,57_21,8,13538.0,15171.0
Mouse_Thymus2,103_21,1,18138.0,15171.0
Mouse_Thymus2,62_26,9,14038.0,15671.0
Mouse_Thymus2,77_21,3,15538.0,15171.0
Mouse_Thymus2,34_28,10,11238.0,15871.0
Mouse_Thymus2,109_41,3,18738.0,17171.0
Mouse_Thymus2,33_38,1,11138.0,16871.0
Mouse_Thymus2,43_38,9,12138.0,16871.0
Mouse_Thymus2,120_44,10,19838.0,17471.0
Mouse_Thymus2,96_30,11,17438.0,16071.0
Mouse_Thymus2,118_70,1,19638.0,20071.0
Mouse_Thymus2,82_18,3,16038.0,14871.0
Mouse_Thymus2,62_14,10,14038.0,14471.0
Mouse_Thymus2,117_39,1,19538.0,16971.0
Mouse_Thymus2,123_52,1,20138.0,18271.0
Mouse_Thymus2,100_31,5,17838.0,16171.0
Mouse_Thymus2,24_53,10,10238.0,18371.0
Mouse_Thymus2,75_8,10,15338.0,13871.0
Mouse_Thymus2,60_27,3,13838.0,15771.0
Mouse_Thymus2,85_39,1,16338.0,16971.0
Mouse_Thymus2,121_50,5,19938.0,18071.0
Mouse_Thymus2,121_67,6,19938.0,19771.0
Mouse_Thymus2,70_19,10,14838.0,14971.0
Mouse_Thymus2,118_45,8,19638.0,17571.0
Mouse_Thymus2,67_36,3,14538.0,16671.0
Mouse_Thymus2,109_35,9,18738.0,16571.0
Mouse_Thymus2,65_13,1,14338.0,14371.0
Mouse_Thymus2,74_9,10,15238.0,13971.0
Mouse_Thymus2,41_50,1,11938.0,18071.0
Mouse_Thymus2,11_40,6,8938.0,17071.0
Mouse_Thymus2,39_26,3,11738.0,15671.0
Mouse_Thymus2,90_36,1,16838.0,16671.0
Mouse_Thymus2,30_29,1,10838.0,15971.0
Mouse_Thymus2,94_35,10,17238.0,16571.0
Mouse_Thymus2,57_31,5,13538.0,16171.0
Mouse_Thymus2,104_37,3,18238.0,16771.0
Mouse_Thymus2,21_49,1,9938.0,17971.0
Mouse_Thymus2,89_33,1,16738.0,16371.0
Mouse_Thymus2,108_45,3,18638.0,17571.0
Mouse_Thymus2,86_50,1,16438.0,18071.0
Mouse_Thymus2,94_56,1,17238.0,18671.0
Mouse_Thymus2,76_20,11,15438.0,15071.0
Mouse_Thymus2,64_32,3,14238.0,16271.0
Mouse_Thymus2,80_31,9,15838.0,16171.0
Mouse_Thymus2,89_53,10,16738.0,18371.0
Mouse_Thymus2,103_40,3,18138.0,17071.0
Mouse_Thymus2,121_72,6,19938.0,20271.0
Mouse_Thymus2,86_25,5,16438.0,15571.0
Mouse_Thymus2,113_54,10,19138.0,18471.0
Mouse_Thymus2,94_40,10,17238.0,17071.0
Mouse_Thymus2,117_58,9,19538.0,18871.0
Mouse_Thymus2,105_28,10,18338.0,15871.0
Mouse_Thymus2,99_8,6,17738.0,13871.0
Mouse_Thymus2,19_43,3,9738.0,17371.0
Mouse_Thymus2,65_40,1,14338.0,17071.0
Mouse_Thymus2,35_36,1,11338.0,16671.0
Mouse_Thymus2,54_39,1,13238.0,16971.0
Mouse_Thymus2,38_35,10,11638.0,16571.0
Mouse_Thymus2,13_41,1,9138.0,17171.0
Mouse_Thymus2,48_27,3,12638.0,15771.0
Mouse_Thymus2,79_15,10,15738.0,14571.0
Mouse_Thymus2,116_63,1,19438.0,19371.0
Mouse_Thymus2,60_19,1,13838.0,14971.0
Mouse_Thymus2,79_33,3,15738.0,16371.0
Mouse_Thymus2,18_53,6,9638.0,18371.0
Mouse_Thymus2,77_2,8,15538.0,13271.0
Mouse_Thymus2,71_22,3,14938.0,15271.0
Mouse_Thymus2,72_24,3,15038.0,15471.0
Mouse_Thymus2,79_28,3,15738.0,15871.0
Mouse_Thymus2,81_27,10,15938.0,15771.0
Mouse_Thymus2,52_21,8,13038.0,15171.0
Mouse_Thymus2,54_15,10,13238.0,14571.0
Mouse_Thymus2,49_15,6,12738.0,14571.0
Mouse_Thymus2,105_37,3,18338.0,16771.0
Mouse_Thymus2,83_10,10,16138.0,14071.0
Mouse_Thymus2,26_49,5,10438.0,17971.0
Mouse_Thymus2,50_27,5,12838.0,15771.0
Mouse_Thymus2,58_25,9,13638.0,15571.0
Mouse_Thymus2,30_53,1,10838.0,18371.0
Mouse_Thymus2,47_42,9,12538.0,17271.0
Mouse_Thymus2,84_2,1,16238.0,13271.0
Mouse_Thymus2,38_37,10,11638.0,16771.0
Mouse_Thymus2,64_16,1,14238.0,14671.0
Mouse_Thymus2,69_13,10,14738.0,14371.0
Mouse_Thymus2,76_39,3,15438.0,16971.0
Mouse_Thymus2,44_50,8,12238.0,18071.0
Mouse_Thymus2,105_53,6,18338.0,18371.0
Mouse_Thymus2,34_40,5,11238.0,17071.0
Mouse_Thymus2,42_49,10,12038.0,17971.0
Mouse_Thymus2,108_49,10,18638.0,17971.0
Mouse_Thymus2,108_44,3,18638.0,17471.0
Mouse_Thymus2,27_40,5,10538.0,17071.0
Mouse_Thymus2,46_41,9,12438.0,17171.0
Mouse_Thymus2,108_56,10,18638.0,18671.0
Mouse_Thymus2,96_56,1,17438.0,18671.0
Mouse_Thymus2,121_52,5,19938.0,18271.0
Mouse_Thymus2,50_15,6,12838.0,14571.0
Mouse_Thymus2,76_3,1,15438.0,13371.0
Mouse_Thymus2,90_28,10,16838.0,15871.0
Mouse_Thymus2,85_22,3,16338.0,15271.0
Mouse_Thymus2,62_34,9,14038.0,16471.0
Mouse_Thymus2,65_34,9,14338.0,16471.0
Mouse_Thymus2,96_5,8,17438.0,13571.0
Mouse_Thymus2,99_47,10,17738.0,17771.0
Mouse_Thymus2,123_53,10,20138.0,18371.0
Mouse_Thymus2,86_26,10,16438.0,15671.0
Mouse_Thymus2,77_24,9,15538.0,15471.0
Mouse_Thymus2,45_25,1,12338.0,15571.0
Mouse_Thymus2,107_53,10,18538.0,18371.0
Mouse_Thymus2,43_29,3,12138.0,15971.0
Mouse_Thymus2,36_36,10,11438.0,16671.0
Mouse_Thymus2,27_32,7,10538.0,16271.0
Mouse_Thymus2,49_29,3,12738.0,15971.0
Mouse_Thymus2,91_53,1,16938.0,18371.0
Mouse_Thymus2,119_41,6,19738.0,17171.0
Mouse_Thymus2,85_52,10,16338.0,18271.0
Mouse_Thymus2,72_23,3,15038.0,15371.0
Mouse_Thymus2,111_56,6,18938.0,18671.0
Mouse_Thymus2,93_52,1,17138.0,18271.0
Mouse_Thymus2,112_42,3,19038.0,17271.0
Mouse_Thymus2,113_46,9,19138.0,17671.0
Mouse_Thymus2,54_21,5,13238.0,15171.0
Mouse_Thymus2,67_30,10,14538.0,16071.0
Mouse_Thymus2,89_36,10,16738.0,16671.0
Mouse_Thymus2,58_16,10,13638.0,14671.0
Mouse_Thymus2,82_14,10,16038.0,14471.0
Mouse_Thymus2,15_39,8,9338.0,16971.0
Mouse_Thymus2,88_24,9,16638.0,15471.0
Mouse_Thymus2,91_54,10,16938.0,18471.0
Mouse_Thymus2,76_1,5,15438.0,13171.0
Mouse_Thymus2,58_38,1,13638.0,16871.0
Mouse_Thymus2,35_42,9,11338.0,17271.0
Mouse_Thymus2,99_61,8,17738.0,19171.0
Mouse_Thymus2,60_15,6,13838.0,14571.0
Mouse_Thymus2,59_26,3,13738.0,15671.0
Mouse_Thymus2,70_9,6,14838.0,13971.0
Mouse_Thymus2,100_43,10,17838.0,17371.0
Mouse_Thymus2,25_50,5,10338.0,18071.0
Mouse_Thymus2,50_23,8,12838.0,15371.0
Mouse_Thymus2,57_30,3,13538.0,16071.0
Mouse_Thymus2,51_18,10,12938.0,14871.0
Mouse_Thymus2,58_14,7,13638.0,14471.0
Mouse_Thymus2,56_23,8,13438.0,15371.0
Mouse_Thymus2,99_17,1,17738.0,14771.0
Mouse_Thymus2,86_34,6,16438.0,16471.0
Mouse_Thymus2,116_64,1,19438.0,19471.0
Mouse_Thymus2,31_43,3,10938.0,17371.0
Mouse_Thymus2,53_15,6,13138.0,14571.0
Mouse_Thymus2,113_32,8,19138.0,16271.0
Mouse_Thymus2,19_38,1,9738.0,16871.0
Mouse_Thymus2,38_24,10,11638.0,15471.0
Mouse_Thymus2,14_44,3,9238.0,17471.0
Mouse_Thymus2,102_25,9,18038.0,15571.0
Mouse_Thymus2,101_47,11,17938.0,17771.0
Mouse_Thymus2,92_16,3,17038.0,14671.0
Mouse_Thymus2,90_8,10,16838.0,13871.0
Mouse_Thymus2,16_39,1,9438.0,16971.0
Mouse_Thymus2,88_41,10,16638.0,17171.0
Mouse_Thymus2,124_65,5,20238.0,19571.0
Mouse_Thymus2,101_16,10,17938.0,14671.0
Mouse_Thymus2,103_58,1,18138.0,18871.0
Mouse_Thymus2,121_69,1,19938.0,19971.0
Mouse_Thymus2,16_43,3,9438.0,17371.0
Mouse_Thymus2,91_58,1,16938.0,18871.0
Mouse_Thymus2,37_44,3,11538.0,17471.0
Mouse_Thymus2,64_12,10,14238.0,14271.0
Mouse_Thymus2,95_20,8,17338.0,15071.0
Mouse_Thymus2,50_36,5,12838.0,16671.0
Mouse_Thymus2,68_38,5,14638.0,16871.0
Mouse_Thymus2,77_38,3,15538.0,16871.0
Mouse_Thymus2,98_54,1,17638.0,18471.0
Mouse_Thymus2,63_22,3,14138.0,15271.0
Mouse_Thymus2,99_57,8,17738.0,18771.0
Mouse_Thymus2,98_58,1,17638.0,18871.0
Mouse_Thymus2,118_52,3,19638.0,18271.0
Mouse_Thymus2,50_30,5,12838.0,16071.0
Mouse_Thymus2,32_27,1,11038.0,15771.0
Mouse_Thymus2,18_54,6,9638.0,18471.0
Mouse_Thymus2,65_15,10,14338.0,14571.0
Mouse_Thymus2,101_27,9,17938.0,15771.0
Mouse_Thymus2,75_49,1,15338.0,17971.0
Mouse_Thymus2,77_32,3,15538.0,16271.0
Mouse_Thymus2,74_30,3,15238.0,16071.0
Mouse_Thymus2,21_38,10,9938.0,16871.0
Mouse_Thymus2,87_30,1,16538.0,16071.0
Mouse_Thymus2,117_51,3,19538.0,18171.0
Mouse_Thymus2,43_49,1,12138.0,17971.0
Mouse_Thymus2,116_40,1,19438.0,17071.0
Mouse_Thymus2,92_35,10,17038.0,16571.0
Mouse_Thymus2,68_10,8,14638.0,14071.0
Mouse_Thymus2,112_56,6,19038.0,18671.0
Mouse_Thymus2,90_42,8,16838.0,17271.0
Mouse_Thymus2,59_35,3,13738.0,16571.0
Mouse_Thymus2,44_35,1,12238.0,16571.0
Mouse_Thymus2,96_50,10,17438.0,18071.0
Mouse_Thymus2,73_25,3,15138.0,15571.0
Mouse_Thymus2,111_37,9,18938.0,16771.0
Mouse_Thymus2,80_4,10,15838.0,13471.0
Mouse_Thymus2,93_48,10,17138.0,17871.0
Mouse_Thymus2,41_52,1,11938.0,18271.0
Mouse_Thymus2,17_46,3,9538.0,17671.0
Mouse_Thymus2,58_29,5,13638.0,15971.0
Mouse_Thymus2,60_33,9,13838.0,16371.0
Mouse_Thymus2,68_29,9,14638.0,15971.0
Mouse_Thymus2,51_31,5,12938.0,16171.0
Mouse_Thymus2,67_18,3,14538.0,14871.0
Mouse_Thymus2,6_44,1,8438.0,17471.0
Mouse_Thymus2,114_36,1,19238.0,16671.0
Mouse_Thymus2,38_50,1,11638.0,18071.0
Mouse_Thymus2,5_47,6,8338.0,17771.0
Mouse_Thymus2,58_41,1,13638.0,17171.0
Mouse_Thymus2,102_22,8,18038.0,15271.0
Mouse_Thymus2,80_26,5,15838.0,15671.0
Mouse_Thymus2,107_52,10,18538.0,18271.0
Mouse_Thymus2,93_45,8,17138.0,17571.0
Mouse_Thymus2,91_35,10,16938.0,16571.0
Mouse_Thymus2,68_8,10,14638.0,13871.0
Mouse_Thymus2,101_43,10,17938.0,17371.0
Mouse_Thymus2,102_55,10,18038.0,18571.0
Mouse_Thymus2,67_29,10,14538.0,15971.0
Mouse_Thymus2,62_24,5,14038.0,15471.0
Mouse_Thymus2,45_45,9,12338.0,17571.0
Mouse_Thymus2,26_45,3,10438.0,17571.0
Mouse_Thymus2,115_61,10,19338.0,19171.0
Mouse_Thymus2,96_49,10,17438.0,17971.0
Mouse_Thymus2,96_58,10,17438.0,18871.0
Mouse_Thymus2,71_39,9,14938.0,16971.0
Mouse_Thymus2,82_9,8,16038.0,13971.0
Mouse_Thymus2,126_70,7,20438.0,20071.0
Mouse_Thymus2,29_55,10,10738.0,18571.0
Mouse_Thymus2,51_34,5,12938.0,16471.0
Mouse_Thymus2,52_40,9,13038.0,17071.0
Mouse_Thymus2,38_48,5,11638.0,17871.0
Mouse_Thymus2,10_50,6,8838.0,18071.0
Mouse_Thymus2,101_33,10,17938.0,16371.0
Mouse_Thymus2,34_29,10,11238.0,15971.0
Mouse_Thymus2,117_52,5,19538.0,18271.0
Mouse_Thymus2,117_45,6,19538.0,17571.0
Mouse_Thymus2,49_44,1,12738.0,17471.0
Mouse_Thymus2,105_42,3,18338.0,17271.0
Mouse_Thymus2,45_21,1,12338.0,15171.0
Mouse_Thymus2,111_52,10,18938.0,18271.0
Mouse_Thymus2,51_38,9,12938.0,16871.0
Mouse_Thymus2,9_47,1,8738.0,17771.0
Mouse_Thymus2,120_42,6,19838.0,17271.0
Mouse_Thymus2,101_44,11,17938.0,17471.0
Mouse_Thymus2,8_43,1,8638.0,17371.0
Mouse_Thymus2,106_50,1,18438.0,18071.0
Mouse_Thymus2,57_35,9,13538.0,16571.0
Mouse_Thymus2,94_53,8,17238.0,18371.0
Mouse_Thymus2,76_16,10,15438.0,14671.0
Mouse_Thymus2,108_41,3,18638.0,17171.0
Mouse_Thymus2,31_41,5,10938.0,17171.0
Mouse_Thymus2,50_41,3,12838.0,17171.0
Mouse_Thymus2,66_35,3,14438.0,16571.0
Mouse_Thymus2,65_25,8,14338.0,15571.0
Mouse_Thymus2,50_46,8,12838.0,17671.0
Mouse_Thymus2,95_41,11,17338.0,17171.0
Mouse_Thymus2,88_44,1,16638.0,17471.0
Mouse_Thymus2,84_22,9,16238.0,15271.0
Mouse_Thymus2,116_53,1,19438.0,18371.0
Mouse_Thymus2,88_51,10,16638.0,18171.0
Mouse_Thymus2,60_29,3,13838.0,15971.0
Mouse_Thymus2,118_60,3,19638.0,19071.0
Mouse_Thymus2,108_43,5,18638.0,17371.0
Mouse_Thymus2,23_50,5,10138.0,18071.0
Mouse_Thymus2,42_18,7,12038.0,14871.0
Mouse_Thymus2,105_23,1,18338.0,15371.0
Mouse_Thymus2,82_25,6,16038.0,15571.0
Mouse_Thymus2,61_20,5,13938.0,15071.0
Mouse_Thymus2,86_12,5,16438.0,14271.0
Mouse_Thymus2,88_36,10,16638.0,16671.0
Mouse_Thymus2,100_12,1,17838.0,14271.0
Mouse_Thymus2,24_37,1,10238.0,16771.0
Mouse_Thymus2,96_41,10,17438.0,17171.0
Mouse_Thymus2,44_29,3,12238.0,15971.0
Mouse_Thymus2,78_38,5,15638.0,16871.0
Mouse_Thymus2,80_41,3,15838.0,17171.0
Mouse_Thymus2,83_43,10,16138.0,17371.0
Mouse_Thymus2,43_25,1,12138.0,15571.0
Mouse_Thymus2,20_38,1,9838.0,16871.0
Mouse_Thymus2,28_47,3,10638.0,17771.0
Mouse_Thymus2,90_23,3,16838.0,15371.0
Mouse_Thymus2,85_4,10,16338.0,13471.0
Mouse_Thymus2,78_5,10,15638.0,13571.0
Mouse_Thymus2,16_47,3,9438.0,17771.0
Mouse_Thymus2,57_26,3,13538.0,15671.0
Mouse_Thymus2,77_4,10,15538.0,13471.0
Mouse_Thymus2,33_40,5,11138.0,17071.0
Mouse_Thymus2,80_29,1,15838.0,15971.0
Mouse_Thymus2,50_16,10,12838.0,14671.0
Mouse_Thymus2,34_30,5,11238.0,16071.0
Mouse_Thymus2,73_32,8,15138.0,16271.0
Mouse_Thymus2,70_21,3,14838.0,15171.0
Mouse_Thymus2,61_38,10,13938.0,16871.0
Mouse_Thymus2,80_46,10,15838.0,17671.0
Mouse_Thymus2,26_37,1,10438.0,16771.0
Mouse_Thymus2,25_38,10,10338.0,16871.0
Mouse_Thymus2,44_42,3,12238.0,17271.0
Mouse_Thymus2,88_42,10,16638.0,17271.0
Mouse_Thymus2,92_43,11,17038.0,17371.0
Mouse_Thymus2,47_31,9,12538.0,16171.0
Mouse_Thymus2,85_28,3,16338.0,15871.0
Mouse_Thymus2,97_14,10,17538.0,14471.0
Mouse_Thymus2,28_54,1,10638.0,18471.0
Mouse_Thymus2,74_18,10,15238.0,14871.0
Mouse_Thymus2,86_13,5,16438.0,14371.0
Mouse_Thymus2,75_39,3,15338.0,16971.0
Mouse_Thymus2,103_49,1,18138.0,17971.0
Mouse_Thymus2,112_53,10,19038.0,18371.0
Mouse_Thymus2,114_37,1,19238.0,16771.0
Mouse_Thymus2,92_30,1,17038.0,16071.0
Mouse_Thymus2,75_32,3,15338.0,16271.0
Mouse_Thymus2,52_24,1,13038.0,15471.0
Mouse_Thymus2,100_35,3,17838.0,16571.0
Mouse_Thymus2,51_21,8,12938.0,15171.0
Mouse_Thymus2,113_55,10,19138.0,18571.0
Mouse_Thymus2,98_26,9,17638.0,15671.0
Mouse_Thymus2,81_13,1,15938.0,14371.0
Mouse_Thymus2,87_19,3,16538.0,14971.0
Mouse_Thymus2,83_17,9,16138.0,14771.0
Mouse_Thymus2,108_38,3,18638.0,16871.0
Mouse_Thymus2,9_41,6,8738.0,17171.0
Mouse_Thymus2,60_16,1,13838.0,14671.0
Mouse_Thymus2,91_7,8,16938.0,13771.0
Mouse_Thymus2,39_23,1,11738.0,15371.0
Mouse_Thymus2,47_25,6,12538.0,15571.0
Mouse_Thymus2,90_29,6,16838.0,15971.0
Mouse_Thymus2,37_51,1,11538.0,18171.0
Mouse_Thymus2,64_28,9,14238.0,15871.0
Mouse_Thymus2,40_48,1,11838.0,17871.0
Mouse_Thymus2,84_46,10,16238.0,17671.0
Mouse_Thymus2,18_45,3,9638.0,17571.0
Mouse_Thymus2,18_49,10,9638.0,17971.0
Mouse_Thymus2,43_46,3,12138.0,17671.0
Mouse_Thymus2,96_57,1,17438.0,18771.0
Mouse_Thymus2,72_38,3,15038.0,16871.0
Mouse_Thymus2,114_53,10,19238.0,18371.0
Mouse_Thymus2,102_51,11,18038.0,18171.0
Mouse_Thymus2,71_34,9,14938.0,16471.0
Mouse_Thymus2,121_55,5,19938.0,18571.0
Mouse_Thymus2,67_25,3,14538.0,15571.0
Mouse_Thymus2,89_37,10,16738.0,16771.0
Mouse_Thymus2,49_47,5,12738.0,17771.0
Mouse_Thymus2,87_55,1,16538.0,18571.0
Mouse_Thymus2,64_14,8,14238.0,14471.0
Mouse_Thymus2,34_25,1,11238.0,15571.0
Mouse_Thymus2,78_40,3,15638.0,17071.0
Mouse_Thymus2,88_25,8,16638.0,15571.0
Mouse_Thymus2,29_56,1,10738.0,18671.0
Mouse_Thymus2,100_21,9,17838.0,15171.0
Mouse_Thymus2,26_33,7,10438.0,16371.0
Mouse_Thymus2,31_25,8,10938.0,15571.0
Mouse_Thymus2,116_45,9,19438.0,17571.0
Mouse_Thymus2,23_48,9,10138.0,17871.0
Mouse_Thymus2,115_58,11,19338.0,18871.0
Mouse_Thymus2,64_40,1,14238.0,17071.0
Mouse_Thymus2,111_38,9,18938.0,16871.0
Mouse_Thymus2,51_33,5,12938.0,16371.0
Mouse_Thymus2,115_42,5,19338.0,17271.0
Mouse_Thymus2,37_45,3,11538.0,17571.0
Mouse_Thymus2,97_25,3,17538.0,15571.0
Mouse_Thymus2,66_36,3,14438.0,16671.0
Mouse_Thymus2,45_44,5,12338.0,17471.0
Mouse_Thymus2,49_30,3,12738.0,16071.0
Mouse_Thymus2,5_46,1,8338.0,17671.0
Mouse_Thymus2,94_42,1,17238.0,17271.0
Mouse_Thymus2,73_28,3,15138.0,15871.0
Mouse_Thymus2,88_58,10,16638.0,18871.0
Mouse_Thymus2,28_46,3,10638.0,17671.0
Mouse_Thymus2,111_40,3,18938.0,17071.0
Mouse_Thymus2,91_44,8,16938.0,17471.0
Mouse_Thymus2,112_49,8,19038.0,17971.0
Mouse_Thymus2,27_56,1,10538.0,18671.0
Mouse_Thymus2,113_47,8,19138.0,17771.0
Mouse_Thymus2,98_28,5,17638.0,15871.0
Mouse_Thymus2,29_50,1,10738.0,18071.0
Mouse_Thymus2,77_36,3,15538.0,16671.0
Mouse_Thymus2,79_3,6,15738.0,13371.0
Mouse_Thymus2,82_54,7,16038.0,18471.0
Mouse_Thymus2,41_40,3,11938.0,17071.0
Mouse_Thymus2,90_56,1,16838.0,18671.0
Mouse_Thymus2,108_48,10,18638.0,17871.0
Mouse_Thymus2,29_33,1,10738.0,16371.0
Mouse_Thymus2,95_42,11,17338.0,17271.0
Mouse_Thymus2,97_8,1,17538.0,13871.0
Mouse_Thymus2,62_40,5,14038.0,17071.0
Mouse_Thymus2,77_16,10,15538.0,14671.0
Mouse_Thymus2,46_29,3,12438.0,15971.0
Mouse_Thymus2,95_59,1,17338.0,18971.0
Mouse_Thymus2,119_55,3,19738.0,18571.0
Mouse_Thymus2,115_64,10,19338.0,19471.0
Mouse_Thymus2,105_39,3,18338.0,16971.0
Mouse_Thymus2,70_31,8,14838.0,16171.0
Mouse_Thymus2,81_9,10,15938.0,13971.0
Mouse_Thymus2,96_47,6,17438.0,17771.0
Mouse_Thymus2,55_17,10,13338.0,14771.0
Mouse_Thymus2,61_34,3,13938.0,16471.0
Mouse_Thymus2,108_52,10,18638.0,18271.0
Mouse_Thymus2,76_11,10,15438.0,14171.0
Mouse_Thymus2,14_42,6,9238.0,17271.0
Mouse_Thymus2,53_16,8,13138.0,14671.0
Mouse_Thymus2,93_36,1,17138.0,16671.0
Mouse_Thymus2,49_35,1,12738.0,16571.0
Mouse_Thymus2,49_26,3,12738.0,15671.0
Mouse_Thymus2,30_40,5,10838.0,17071.0
Mouse_Thymus2,42_32,9,12038.0,16271.0
Mouse_Thymus2,86_3,1,16438.0,13371.0
Mouse_Thymus2,15_50,8,9338.0,18071.0
Mouse_Thymus2,82_1,8,16038.0,13171.0
Mouse_Thymus2,69_2,7,14738.0,13271.0
Mouse_Thymus2,117_43,10,19538.0,17371.0
Mouse_Thymus2,9_42,10,8738.0,17271.0
Mouse_Thymus2,79_48,10,15738.0,17871.0
Mouse_Thymus2,92_31,1,17038.0,16171.0
Mouse_Thymus2,39_33,1,11738.0,16371.0
Mouse_Thymus2,85_11,1,16338.0,14171.0
Mouse_Thymus2,23_55,10,10138.0,18571.0
Mouse_Thymus2,100_23,3,17838.0,15371.0
Mouse_Thymus2,84_1,1,16238.0,13171.0
Mouse_Thymus2,41_19,7,11938.0,14971.0
Mouse_Thymus2,122_70,10,20038.0,20071.0
Mouse_Thymus2,56_38,5,13438.0,16871.0
Mouse_Thymus2,75_46,1,15338.0,17671.0
Mouse_Thymus2,74_12,10,15238.0,14271.0
Mouse_Thymus2,99_24,9,17738.0,15471.0
Mouse_Thymus2,43_21,1,12138.0,15171.0
Mouse_Thymus2,113_33,8,19138.0,16371.0
Mouse_Thymus2,42_41,3,12038.0,17171.0
Mouse_Thymus2,101_18,1,17938.0,14871.0
Mouse_Thymus2,99_39,9,17738.0,16971.0
Mouse_Thymus2,92_19,9,17038.0,14971.0
Mouse_Thymus2,115_56,10,19338.0,18671.0
Mouse_Thymus2,24_54,1,10238.0,18471.0
Mouse_Thymus2,79_31,3,15738.0,16171.0
Mouse_Thymus2,83_18,3,16138.0,14871.0
Mouse_Thymus2,51_20,6,12938.0,15071.0
Mouse_Thymus2,71_44,1,14938.0,17471.0
Mouse_Thymus2,25_55,1,10338.0,18571.0
Mouse_Thymus2,94_18,11,17238.0,14871.0
Mouse_Thymus2,108_35,3,18638.0,16571.0
Mouse_Thymus2,14_45,3,9238.0,17571.0
Mouse_Thymus2,111_33,1,18938.0,16371.0
Mouse_Thymus2,119_62,10,19738.0,19271.0
Mouse_Thymus2,76_36,3,15438.0,16671.0
Mouse_Thymus2,88_4,8,16638.0,13471.0
Mouse_Thymus2,108_24,6,18638.0,15471.0
Mouse_Thymus2,76_24,3,15438.0,15471.0
Mouse_Thymus2,13_45,3,9138.0,17571.0
Mouse_Thymus2,36_43,3,11438.0,17371.0
Mouse_Thymus2,41_44,3,11938.0,17471.0
Mouse_Thymus2,119_60,3,19738.0,19071.0
Mouse_Thymus2,68_11,1,14638.0,14171.0
Mouse_Thymus2,96_35,1,17438.0,16571.0
Mouse_Thymus2,93_10,1,17138.0,14071.0
Mouse_Thymus2,32_49,9,11038.0,17971.0
Mouse_Thymus2,63_15,3,14138.0,14571.0
Mouse_Thymus2,39_46,8,11738.0,17671.0
Mouse_Thymus2,98_44,1,17638.0,17471.0
Mouse_Thymus2,66_7,7,14438.0,13771.0
Mouse_Thymus2,78_17,10,15638.0,14771.0
Mouse_Thymus2,25_44,3,10338.0,17471.0
Mouse_Thymus2,19_55,7,9738.0,18571.0
Mouse_Thymus2,58_31,3,13638.0,16171.0
Mouse_Thymus2,84_17,3,16238.0,14771.0
Mouse_Thymus2,97_17,11,17538.0,14771.0
Mouse_Thymus2,101_34,9,17938.0,16471.0
Mouse_Thymus2,76_40,3,15438.0,17071.0
Mouse_Thymus2,122_58,10,20038.0,18871.0
Mouse_Thymus2,120_62,9,19838.0,19271.0
Mouse_Thymus2,17_50,6,9538.0,18071.0
Mouse_Thymus2,60_38,1,13838.0,16871.0
Mouse_Thymus2,121_70,1,19938.0,20071.0
Mouse_Thymus2,82_8,5,16038.0,13871.0
Mouse_Thymus2,34_50,10,11238.0,18071.0
Mouse_Thymus2,33_36,7,11138.0,16671.0
Mouse_Thymus2,95_21,5,17338.0,15171.0
Mouse_Thymus2,91_38,11,16938.0,16871.0
Mouse_Thymus2,35_39,10,11338.0,16971.0
Mouse_Thymus2,76_23,3,15438.0,15371.0
Mouse_Thymus2,58_18,1,13638.0,14871.0
Mouse_Thymus2,46_22,6,12438.0,15271.0
Mouse_Thymus2,44_22,10,12238.0,15271.0
Mouse_Thymus2,90_59,8,16838.0,18971.0
Mouse_Thymus2,67_34,9,14538.0,16471.0
Mouse_Thymus2,124_54,10,20238.0,18471.0
Mouse_Thymus2,98_59,10,17638.0,18971.0
Mouse_Thymus2,46_36,5,12438.0,16671.0
Mouse_Thymus2,57_33,3,13538.0,16371.0
Mouse_Thymus2,1_46,7,7938.0,17671.0
Mouse_Thymus2,42_48,1,12038.0,17871.0
Mouse_Thymus2,13_50,1,9138.0,18071.0
Mouse_Thymus2,34_38,1,11238.0,16871.0
Mouse_Thymus2,74_5,1,15238.0,13571.0
Mouse_Thymus2,112_58,1,19038.0,18871.0
Mouse_Thymus2,39_50,10,11738.0,18071.0
Mouse_Thymus2,26_54,10,10438.0,18471.0
Mouse_Thymus2,69_37,9,14738.0,16771.0
Mouse_Thymus2,96_28,6,17438.0,15871.0
Mouse_Thymus2,44_47,1,12238.0,17771.0
Mouse_Thymus2,50_44,1,12838.0,17471.0
Mouse_Thymus2,36_48,1,11438.0,17871.0
Mouse_Thymus2,91_10,10,16938.0,14071.0
Mouse_Thymus2,60_32,9,13838.0,16271.0
Mouse_Thymus2,22_42,1,10038.0,17271.0
Mouse_Thymus2,52_27,3,13038.0,15771.0
Mouse_Thymus2,65_9,1,14338.0,13971.0
Mouse_Thymus2,115_51,1,19338.0,18171.0
Mouse_Thymus2,49_18,10,12738.0,14871.0
Mouse_Thymus2,121_62,8,19938.0,19271.0
Mouse_Thymus2,79_36,3,15738.0,16671.0
Mouse_Thymus2,109_29,10,18738.0,15971.0
Mouse_Thymus2,17_40,1,9538.0,17071.0
Mouse_Thymus2,43_41,3,12138.0,17171.0
Mouse_Thymus2,52_23,10,13038.0,15371.0
Mouse_Thymus2,66_41,10,14438.0,17171.0
Mouse_Thymus2,30_38,1,10838.0,16871.0
Mouse_Thymus2,80_52,1,15838.0,18271.0
Mouse_Thymus2,71_12,1,14938.0,14271.0
Mouse_Thymus2,65_19,3,14338.0,14971.0
Mouse_Thymus2,103_18,1,18138.0,14871.0
Mouse_Thymus2,117_36,6,19538.0,16671.0
Mouse_Thymus2,38_38,10,11638.0,16871.0
Mouse_Thymus2,90_33,10,16838.0,16371.0
Mouse_Thymus2,77_12,5,15538.0,14271.0
Mouse_Thymus2,73_24,3,15138.0,15471.0
Mouse_Thymus2,79_4,1,15738.0,13471.0
Mouse_Thymus2,94_38,10,17238.0,16871.0
Mouse_Thymus2,71_41,1,14938.0,17171.0
Mouse_Thymus2,98_12,8,17638.0,14271.0
Mouse_Thymus2,22_43,9,10038.0,17371.0
Mouse_Thymus2,71_19,10,14938.0,14971.0
Mouse_Thymus2,99_34,3,17738.0,16471.0
Mouse_Thymus2,79_43,3,15738.0,17371.0
Mouse_Thymus2,70_12,6,14838.0,14271.0
Mouse_Thymus2,66_20,3,14438.0,15071.0
Mouse_Thymus2,5_45,1,8338.0,17571.0
Mouse_Thymus2,80_17,9,15838.0,14771.0
Mouse_Thymus2,93_29,10,17138.0,15971.0
Mouse_Thymus2,108_29,1,18638.0,15971.0
Mouse_Thymus2,103_23,10,18138.0,15371.0
Mouse_Thymus2,30_50,1,10838.0,18071.0
Mouse_Thymus2,61_17,8,13938.0,14771.0
Mouse_Thymus2,82_11,10,16038.0,14171.0
Mouse_Thymus2,87_51,10,16538.0,18171.0
Mouse_Thymus2,108_39,3,18638.0,16971.0
Mouse_Thymus2,64_17,10,14238.0,14771.0
Mouse_Thymus2,109_45,3,18738.0,17571.0
Mouse_Thymus2,8_45,3,8638.0,17571.0
Mouse_Thymus2,100_49,6,17838.0,17971.0
Mouse_Thymus2,62_30,9,14038.0,16071.0
Mouse_Thymus2,12_50,1,9038.0,18071.0
Mouse_Thymus2,124_62,10,20238.0,19271.0
Mouse_Thymus2,87_46,10,16538.0,17671.0
Mouse_Thymus2,69_16,10,14738.0,14671.0
Mouse_Thymus2,85_50,11,16338.0,18071.0
Mouse_Thymus2,97_40,10,17538.0,17071.0
Mouse_Thymus2,102_31,9,18038.0,16171.0
Mouse_Thymus2,96_36,1,17438.0,16671.0
Mouse_Thymus2,81_7,8,15938.0,13771.0
Mouse_Thymus2,119_48,8,19738.0,17871.0
Mouse_Thymus2,110_58,8,18838.0,18871.0
Mouse_Thymus2,87_50,10,16538.0,18071.0
Mouse_Thymus2,74_27,3,15238.0,15771.0
Mouse_Thymus2,119_61,3,19738.0,19171.0
Mouse_Thymus2,102_52,1,18038.0,18271.0
Mouse_Thymus2,50_25,8,12838.0,15571.0
Mouse_Thymus2,103_41,9,18138.0,17171.0
Mouse_Thymus2,108_32,1,18638.0,16271.0
Mouse_Thymus2,68_40,6,14638.0,17071.0
Mouse_Thymus2,101_50,10,17938.0,18071.0
Mouse_Thymus2,88_39,10,16638.0,16971.0
Mouse_Thymus2,67_38,8,14538.0,16871.0
Mouse_Thymus2,114_65,6,19238.0,19571.0
Mouse_Thymus2,24_47,3,10238.0,17771.0
Mouse_Thymus2,46_21,10,12438.0,15171.0
Mouse_Thymus2,48_26,3,12638.0,15671.0
Mouse_Thymus2,50_42,5,12838.0,17271.0
Mouse_Thymus2,84_40,10,16238.0,17071.0
Mouse_Thymus2,68_28,5,14638.0,15871.0
Mouse_Thymus2,100_30,10,17838.0,16071.0
Mouse_Thymus2,88_54,6,16638.0,18471.0
Mouse_Thymus2,66_37,9,14438.0,16771.0
Mouse_Thymus2,97_47,6,17538.0,17771.0
Mouse_Thymus2,78_3,6,15638.0,13371.0
Mouse_Thymus2,43_31,8,12138.0,16171.0
Mouse_Thymus2,93_59,10,17138.0,18971.0
Mouse_Thymus2,96_45,10,17438.0,17571.0
Mouse_Thymus2,102_59,11,18038.0,18971.0
Mouse_Thymus2,28_32,8,10638.0,16271.0
Mouse_Thymus2,25_51,5,10338.0,18171.0
Mouse_Thymus2,36_38,5,11438.0,16871.0
Mouse_Thymus2,124_67,8,20238.0,19771.0
Mouse_Thymus2,68_7,1,14638.0,13771.0
Mouse_Thymus2,78_50,5,15638.0,18071.0
Mouse_Thymus2,99_29,10,17738.0,15971.0
Mouse_Thymus2,102_30,3,18038.0,16071.0
Mouse_Thymus2,111_36,9,18938.0,16671.0
Mouse_Thymus2,50_18,5,12838.0,14871.0
Mouse_Thymus2,24_46,3,10238.0,17671.0
Mouse_Thymus2,96_16,10,17438.0,14671.0
Mouse_Thymus2,95_31,1,17338.0,16171.0
Mouse_Thymus2,54_19,8,13238.0,14971.0
Mouse_Thymus2,62_17,9,14038.0,14771.0
Mouse_Thymus2,112_40,3,19038.0,17071.0
Mouse_Thymus2,110_57,8,18838.0,18771.0
Mouse_Thymus2,106_39,3,18438.0,16971.0
Mouse_Thymus2,82_7,10,16038.0,13771.0
Mouse_Thymus2,83_40,1,16138.0,17071.0
Mouse_Thymus2,37_43,3,11538.0,17371.0
Mouse_Thymus2,57_18,8,13538.0,14871.0
Mouse_Thymus2,32_33,1,11038.0,16371.0
Mouse_Thymus2,58_19,9,13638.0,14971.0
Mouse_Thymus2,105_26,10,18338.0,15671.0
Mouse_Thymus2,64_22,9,14238.0,15271.0
Mouse_Thymus2,31_42,3,10938.0,17271.0
Mouse_Thymus2,120_70,6,19838.0,20071.0
Mouse_Thymus2,68_24,3,14638.0,15471.0
Mouse_Thymus2,29_38,1,10738.0,16871.0
Mouse_Thymus2,15_43,9,9338.0,17371.0
Mouse_Thymus2,32_26,1,11038.0,15671.0
Mouse_Thymus2,107_24,6,18538.0,15471.0
Mouse_Thymus2,41_46,3,11938.0,17671.0
Mouse_Thymus2,84_11,5,16238.0,14171.0
Mouse_Thymus2,64_41,6,14238.0,17171.0
Mouse_Thymus2,98_57,1,17638.0,18771.0
Mouse_Thymus2,103_51,11,18138.0,18171.0
Mouse_Thymus2,125_61,8,20338.0,19171.0
Mouse_Thymus2,28_52,8,10638.0,18271.0
Mouse_Thymus2,78_11,8,15638.0,14171.0
Mouse_Thymus2,31_56,7,10938.0,18671.0
Mouse_Thymus2,118_59,3,19638.0,18971.0
Mouse_Thymus2,75_15,10,15338.0,14571.0
Mouse_Thymus2,52_41,5,13038.0,17171.0
Mouse_Thymus2,89_10,10,16738.0,14071.0
Mouse_Thymus2,122_56,8,20038.0,18671.0
Mouse_Thymus2,81_51,10,15938.0,18171.0
Mouse_Thymus2,36_42,3,11438.0,17271.0
Mouse_Thymus2,98_11,9,17638.0,14171.0
Mouse_Thymus2,67_7,7,14538.0,13771.0
Mouse_Thymus2,105_32,3,18338.0,16271.0
Mouse_Thymus2,43_51,1,12138.0,18171.0
Mouse_Thymus2,58_24,9,13638.0,15471.0
Mouse_Thymus2,60_23,3,13838.0,15371.0
Mouse_Thymus2,49_38,3,12738.0,16871.0
Mouse_Thymus2,93_43,10,17138.0,17371.0
Mouse_Thymus2,115_40,1,19338.0,17071.0
Mouse_Thymus2,61_31,3,13938.0,16171.0
Mouse_Thymus2,102_49,11,18038.0,17971.0
Mouse_Thymus2,4_47,5,8238.0,17771.0
Mouse_Thymus2,117_41,1,19538.0,17171.0
Mouse_Thymus2,25_36,10,10338.0,16671.0
Mouse_Thymus2,116_65,1,19438.0,19571.0
Mouse_Thymus2,53_24,10,13138.0,15471.0
Mouse_Thymus2,71_16,1,14938.0,14671.0
Mouse_Thymus2,111_45,3,18938.0,17571.0
Mouse_Thymus2,35_54,1,11338.0,18471.0
Mouse_Thymus2,29_53,10,10738.0,18371.0
Mouse_Thymus2,75_18,8,15338.0,14871.0
Mouse_Thymus2,103_29,9,18138.0,15971.0
Mouse_Thymus2,116_58,5,19438.0,18871.0
Mouse_Thymus2,120_43,8,19838.0,17371.0
Mouse_Thymus2,92_21,3,17038.0,15171.0
Mouse_Thymus2,72_20,5,15038.0,15071.0
Mouse_Thymus2,113_34,1,19138.0,16471.0
Mouse_Thymus2,87_52,1,16538.0,18271.0
Mouse_Thymus2,90_11,1,16838.0,14171.0
Mouse_Thymus2,46_28,3,12438.0,15871.0
Mouse_Thymus2,103_22,10,18138.0,15271.0
Mouse_Thymus2,40_29,11,11838.0,15971.0
Mouse_Thymus2,112_61,1,19038.0,19171.0
Mouse_Thymus2,48_47,8,12638.0,17771.0
Mouse_Thymus2,48_32,8,12638.0,16271.0
Mouse_Thymus2,81_41,3,15938.0,17171.0
Mouse_Thymus2,99_43,10,17738.0,17371.0
Mouse_Thymus2,34_46,3,11238.0,17671.0
Mouse_Thymus2,36_49,8,11438.0,17971.0
Mouse_Thymus2,103_31,3,18138.0,16171.0
Mouse_Thymus2,38_47,5,11638.0,17771.0
Mouse_Thymus2,2_47,8,8038.0,17771.0
Mouse_Thymus2,60_34,9,13838.0,16471.0
Mouse_Thymus2,75_16,10,15338.0,14671.0
Mouse_Thymus2,83_30,10,16138.0,16071.0
Mouse_Thymus2,114_48,5,19238.0,17871.0
Mouse_Thymus2,40_51,1,11838.0,18171.0
Mouse_Thymus2,34_39,6,11238.0,16971.0
Mouse_Thymus2,52_30,1,13038.0,16071.0
Mouse_Thymus2,63_33,3,14138.0,16371.0
Mouse_Thymus2,119_59,3,19738.0,18971.0
Mouse_Thymus2,53_23,10,13138.0,15371.0
Mouse_Thymus2,103_19,1,18138.0,14971.0
Mouse_Thymus2,18_50,8,9638.0,18071.0
Mouse_Thymus2,117_63,1,19538.0,19371.0
Mouse_Thymus2,39_51,6,11738.0,18171.0
Mouse_Thymus2,95_27,9,17338.0,15771.0
Mouse_Thymus2,70_32,9,14838.0,16271.0
Mouse_Thymus2,94_28,3,17238.0,15871.0
Mouse_Thymus2,20_51,10,9838.0,18171.0
Mouse_Thymus2,119_46,1,19738.0,17671.0
Mouse_Thymus2,26_47,3,10438.0,17771.0
Mouse_Thymus2,59_24,3,13738.0,15471.0
Mouse_Thymus2,73_20,10,15138.0,15071.0
Mouse_Thymus2,91_25,3,16938.0,15571.0
Mouse_Thymus2,112_60,8,19038.0,19071.0
Mouse_Thymus2,103_17,7,18138.0,14771.0
Mouse_Thymus2,81_25,9,15938.0,15571.0
Mouse_Thymus2,47_34,8,12538.0,16471.0
Mouse_Thymus2,28_51,1,10638.0,18171.0
Mouse_Thymus2,41_38,9,11938.0,16871.0
Mouse_Thymus2,88_32,11,16638.0,16271.0
Mouse_Thymus2,88_19,3,16638.0,14971.0
Mouse_Thymus2,100_13,10,17838.0,14371.0
Mouse_Thymus2,82_39,8,16038.0,16971.0
Mouse_Thymus2,62_13,10,14038.0,14371.0
Mouse_Thymus2,26_46,3,10438.0,17671.0
Mouse_Thymus2,41_23,1,11938.0,15371.0
Mouse_Thymus2,83_41,8,16138.0,17171.0
Mouse_Thymus2,90_7,10,16838.0,13771.0
Mouse_Thymus2,115_59,10,19338.0,18971.0
Mouse_Thymus2,123_71,1,20138.0,20171.0
Mouse_Thymus2,104_23,10,18238.0,15371.0
Mouse_Thymus2,123_60,1,20138.0,19071.0
Mouse_Thymus2,104_25,8,18238.0,15571.0
Mouse_Thymus2,80_53,7,15838.0,18371.0
Mouse_Thymus2,100_57,10,17838.0,18771.0
Mouse_Thymus2,89_30,6,16738.0,16071.0
Mouse_Thymus2,88_13,5,16638.0,14371.0
Mouse_Thymus2,77_10,10,15538.0,14071.0
Mouse_Thymus2,106_54,6,18438.0,18471.0
Mouse_Thymus2,104_27,8,18238.0,15771.0
Mouse_Thymus2,111_48,5,18938.0,17871.0
Mouse_Thymus2,66_21,9,14438.0,15171.0
Mouse_Thymus2,67_6,7,14538.0,13671.0
Mouse_Thymus2,52_16,10,13038.0,14671.0
Mouse_Thymus2,116_54,10,19438.0,18471.0
Mouse_Thymus2,70_36,3,14838.0,16671.0
Mouse_Thymus2,80_6,10,15838.0,13671.0
Mouse_Thymus2,61_14,1,13938.0,14471.0
Mouse_Thymus2,16_48,6,9438.0,17871.0
Mouse_Thymus2,78_20,9,15638.0,15071.0
Mouse_Thymus2,23_40,1,10138.0,17071.0
Mouse_Thymus2,29_32,1,10738.0,16271.0
Mouse_Thymus2,88_23,5,16638.0,15371.0
Mouse_Thymus2,28_42,3,10638.0,17271.0
Mouse_Thymus2,57_19,10,13538.0,14971.0
Mouse_Thymus2,13_44,3,9138.0,17471.0
Mouse_Thymus2,42_21,1,12038.0,15171.0
Mouse_Thymus2,77_29,9,15538.0,15971.0
Mouse_Thymus2,108_27,1,18638.0,15771.0
Mouse_Thymus2,58_35,9,13638.0,16571.0
Mouse_Thymus2,82_16,9,16038.0,14671.0
Mouse_Thymus2,56_18,8,13438.0,14871.0
Mouse_Thymus2,113_60,1,19138.0,19071.0
Mouse_Thymus2,69_33,5,14738.0,16371.0
Mouse_Thymus2,35_28,10,11338.0,15871.0
Mouse_Thymus2,96_34,9,17438.0,16471.0
Mouse_Thymus2,17_53,6,9538.0,18371.0
Mouse_Thymus2,87_33,10,16538.0,16371.0
Mouse_Thymus2,67_28,10,14538.0,15871.0
Mouse_Thymus2,45_18,1,12338.0,14871.0
Mouse_Thymus2,120_68,8,19838.0,19871.0
Mouse_Thymus2,56_20,9,13438.0,15071.0
Mouse_Thymus2,111_43,5,18938.0,17371.0
Mouse_Thymus2,107_33,9,18538.0,16371.0
Mouse_Thymus2,117_48,3,19538.0,17871.0
Mouse_Thymus2,80_19,3,15838.0,14971.0
Mouse_Thymus2,56_14,1,13438.0,14471.0
Mouse_Thymus2,8_41,8,8638.0,17171.0
Mouse_Thymus2,105_25,10,18338.0,15571.0
Mouse_Thymus2,14_43,9,9238.0,17371.0
Mouse_Thymus2,37_24,1,11538.0,15471.0
Mouse_Thymus2,14_40,1,9238.0,17071.0
Mouse_Thymus2,53_37,3,13138.0,16771.0
Mouse_Thymus2,81_6,10,15938.0,13671.0
Mouse_Thymus2,84_28,3,16238.0,15871.0
Mouse_Thymus2,92_57,1,17038.0,18771.0
Mouse_Thymus2,48_41,3,12638.0,17171.0
Mouse_Thymus2,35_27,10,11338.0,15771.0
Mouse_Thymus2,51_23,10,12938.0,15371.0
Mouse_Thymus2,17_38,1,9538.0,16871.0
Mouse_Thymus2,69_15,10,14738.0,14571.0
Mouse_Thymus2,58_33,9,13638.0,16371.0
Mouse_Thymus2,19_45,3,9738.0,17571.0
Mouse_Thymus2,104_52,10,18238.0,18271.0
Mouse_Thymus2,34_42,9,11238.0,17271.0
Mouse_Thymus2,44_28,3,12238.0,15871.0
Mouse_Thymus2,119_47,1,19738.0,17771.0
Mouse_Thymus2,87_9,8,16538.0,13971.0
Mouse_Thymus2,91_37,10,16938.0,16771.0
Mouse_Thymus2,40_28,5,11838.0,15871.0
Mouse_Thymus2,106_47,10,18438.0,17771.0
Mouse_Thymus2,53_18,9,13138.0,14871.0
Mouse_Thymus2,32_31,8,11038.0,16171.0
Mouse_Thymus2,86_36,10,16438.0,16671.0
Mouse_Thymus2,76_10,10,15438.0,14071.0
Mouse_Thymus2,86_11,1,16438.0,14171.0
Mouse_Thymus2,63_11,10,14138.0,14171.0
Mouse_Thymus2,125_67,5,20338.0,19771.0
Mouse_Thymus2,83_39,5,16138.0,16971.0
Mouse_Thymus2,119_53,3,19738.0,18371.0
Mouse_Thymus2,104_51,1,18238.0,18171.0
Mouse_Thymus2,69_31,9,14738.0,16171.0
Mouse_Thymus2,110_35,6,18838.0,16571.0
Mouse_Thymus2,81_14,9,15938.0,14471.0
Mouse_Thymus2,94_12,1,17238.0,14271.0
Mouse_Thymus2,90_30,10,16838.0,16071.0
Mouse_Thymus2,76_17,1,15438.0,14771.0
Mouse_Thymus2,74_23,3,15238.0,15371.0
Mouse_Thymus2,66_8,1,14438.0,13871.0
Mouse_Thymus2,53_30,9,13138.0,16071.0
Mouse_Thymus2,97_6,6,17538.0,13671.0
Mouse_Thymus2,85_19,3,16338.0,14971.0
Mouse_Thymus2,37_34,1,11538.0,16471.0
Mouse_Thymus2,70_15,6,14838.0,14571.0
Mouse_Thymus2,75_6,1,15338.0,13671.0
Mouse_Thymus2,97_9,1,17538.0,13971.0
Mouse_Thymus2,102_60,8,18038.0,19071.0
Mouse_Thymus2,101_56,10,17938.0,18671.0
Mouse_Thymus2,81_0,6,15938.0,13071.0
Mouse_Thymus2,80_37,3,15838.0,16771.0
Mouse_Thymus2,28_36,10,10638.0,16671.0
Mouse_Thymus2,85_53,1,16338.0,18371.0
Mouse_Thymus2,72_3,10,15038.0,13371.0
Mouse_Thymus2,57_32,5,13538.0,16271.0
Mouse_Thymus2,93_56,1,17138.0,18671.0
Mouse_Thymus2,47_45,5,12538.0,17571.0
Mouse_Thymus2,112_62,8,19038.0,19271.0
Mouse_Thymus2,96_12,10,17438.0,14271.0
Mouse_Thymus2,70_34,3,14838.0,16471.0
Mouse_Thymus2,31_31,7,10938.0,16171.0
Mouse_Thymus2,47_41,3,12538.0,17171.0
Mouse_Thymus2,117_65,1,19538.0,19571.0
Mouse_Thymus2,52_20,10,13038.0,15071.0
Mouse_Thymus2,79_44,3,15738.0,17471.0
Mouse_Thymus2,107_29,1,18538.0,15971.0
Mouse_Thymus2,60_18,10,13838.0,14871.0
Mouse_Thymus2,86_39,10,16438.0,16971.0
Mouse_Thymus2,36_31,5,11438.0,16171.0
