section,neighbor_same_cluster_fraction
s1,0.6989653243847874
s2,0.7182624113475178
s3,0.7305284247433008
