section,obs_name,cluster,x,y
Mouse_Thymus4,42_81,4,14386.0,15900.0
Mouse_Thymus4,48_23,3,14986.0,10100.0
Mouse_Thymus4,5_39,3,10686.0,11700.0
Mouse_Thymus4,28_72,2,12986.0,15000.0
Mouse_Thymus4,13_51,3,11486.0,12900.0
Mouse_Thymus4,24_69,4,12586.0,14700.0
Mouse_Thymus4,33_16,2,13486.0,9400.0
Mouse_Thymus4,9_46,3,11086.0,12400.0
Mouse_Thymus4,54_8,4,15586.0,8600.0
Mouse_Thymus4,17_39,4,11886.0,11700.0
Mouse_Thymus4,45_103,3,14686.0,18100.0
Mouse_Thymus4,46_79,4,14786.0,15700.0
Mouse_Thymus4,24_62,2,12586.0,14000.0
Mouse_Thymus4,64_27,3,16586.0,10500.0
Mouse_Thymus4,35_60,0,13686.0,13800.0
Mouse_Thymus4,46_113,2,14786.0,19100.0
Mouse_Thymus4,52_106,4,15386.0,18400.0
Mouse_Thymus4,52_4,3,15386.0,8200.0
Mouse_Thymus4,21_59,0,12286.0,13700.0
Mouse_Thymus4,63_29,0,16486.0,10700.0
Mouse_Thymus4,59_109,3,16086.0,18700.0
Mouse_Thymus4,49_110,0,15086.0,18800.0
Mouse_Thymus4,33_62,0,13486.0,14000.0
Mouse_Thymus4,53_31,3,15486.0,10900.0
Mouse_Thymus4,45_38,0,14686.0,11600.0
Mouse_Thymus4,35_90,2,13686.0,16800.0
Mouse_Thymus4,55_23,3,15686.0,10100.0
Mouse_Thymus4,29_46,3,13086.0,12400.0
Mouse_Thymus4,38_58,2,13986.0,13600.0
Mouse_Thymus4,17_65,4,11886.0,14300.0
Mouse_Thymus4,12_31,1,11386.0,10900.0
Mouse_Thymus4,26_21,1,12786.0,9900.0
Mouse_Thymus4,34_96,2,13586.0,17400.0
Mouse_Thymus4,26_60,4,12786.0,13800.0
Mouse_Thymus4,56_100,2,15786.0,17800.0
Mouse_Thymus4,56_103,3,15786.0,18100.0
Mouse_Thymus4,48_111,3,14986.0,18900.0
Mouse_Thymus4,30_90,2,13186.0,16800.0
Mouse_Thymus4,46_81,4,14786.0,15900.0
Mouse_Thymus4,43_26,4,14486.0,10400.0
Mouse_Thymus4,48_25,0,14986.0,10300.0
Mouse_Thymus4,12_32,1,11386.0,11000.0
Mouse_Thymus4,37_14,3,13886.0,9200.0
Mouse_Thymus4,25_32,4,12686.0,11000.0
Mouse_Thymus4,36_87,3,13786.0,16500.0
Mouse_Thymus4,37_55,2,13886.0,13300.0
Mouse_Thymus4,57_97,3,15886.0,17500.0
Mouse_Thymus4,28_43,2,12986.0,12100.0
Mouse_Thymus4,65_7,0,16686.0,8500.0
Mouse_Thymus4,24_23,1,12586.0,10100.0
Mouse_Thymus4,63_26,3,16486.0,10400.0
Mouse_Thymus4,24_35,4,12586.0,11300.0
Mouse_Thymus4,26_80,3,12786.0,15800.0
Mouse_Thymus4,37_18,0,13886.0,9600.0
Mouse_Thymus4,46_33,0,14786.0,11100.0
Mouse_Thymus4,22_30,0,12386.0,10800.0
Mouse_Thymus4,35_79,0,13686.0,15700.0
Mouse_Thymus4,30_39,0,13186.0,11700.0
Mouse_Thymus4,49_104,2,15086.0,18200.0
Mouse_Thymus4,54_87,3,15586.0,16500.0
Mouse_Thymus4,47_75,2,14886.0,15300.0
Mouse_Thymus4,42_26,4,14386.0,10400.0
Mouse_Thymus4,13_42,0,11486.0,12000.0
Mouse_Thymus4,42_39,3,14386.0,11700.0
Mouse_Thymus4,20_37,4,12186.0,11500.0
Mouse_Thymus4,43_86,2,14486.0,16400.0
Mouse_Thymus4,26_59,4,12786.0,13700.0
Mouse_Thymus4,24_80,3,12586.0,15800.0
Mouse_Thymus4,59_84,3,16086.0,16200.0
Mouse_Thymus4,42_54,4,14386.0,13200.0
Mouse_Thymus4,13_39,0,11486.0,11700.0
Mouse_Thymus4,29_58,4,13086.0,13600.0
Mouse_Thymus4,39_87,3,14086.0,16500.0
Mouse_Thymus4,58_106,3,15986.0,18400.0
Mouse_Thymus4,24_25,3,12586.0,10300.0
Mouse_Thymus4,25_72,0,12686.0,15000.0
Mouse_Thymus4,32_64,3,13386.0,14200.0
Mouse_Thymus4,37_72,2,13886.0,15000.0
Mouse_Thymus4,39_85,0,14086.0,16300.0
Mouse_Thymus4,41_83,2,14286.0,16100.0
Mouse_Thymus4,55_89,3,15686.0,16700.0
Mouse_Thymus4,62_11,0,16386.0,8900.0
Mouse_Thymus4,26_34,4,12786.0,11200.0
Mouse_Thymus4,52_116,3,15386.0,19400.0
Mouse_Thymus4,59_29,3,16086.0,10700.0
Mouse_Thymus4,49_48,2,15086.0,12600.0
Mouse_Thymus4,3_59,3,10486.0,13700.0
Mouse_Thymus4,36_60,2,13786.0,13800.0
Mouse_Thymus4,31_88,2,13286.0,16600.0
Mouse_Thymus4,22_55,0,12386.0,13300.0
Mouse_Thymus4,13_53,0,11486.0,13100.0
Mouse_Thymus4,48_4,2,14986.0,8200.0
Mouse_Thymus4,36_24,4,13786.0,10200.0
Mouse_Thymus4,39_88,3,14086.0,16600.0
Mouse_Thymus4,56_16,0,15786.0,9400.0
Mouse_Thymus4,7_56,0,10886.0,13400.0
Mouse_Thymus4,9_56,0,11086.0,13400.0
Mouse_Thymus4,24_56,4,12586.0,13400.0
Mouse_Thymus4,39_38,3,14086.0,11600.0
Mouse_Thymus4,10_63,3,11186.0,14100.0
Mouse_Thymus4,50_108,4,15186.0,18600.0
Mouse_Thymus4,48_40,1,14986.0,11800.0
Mouse_Thymus4,56_108,2,15786.0,18600.0
Mouse_Thymus4,64_23,1,16586.0,10100.0
Mouse_Thymus4,32_39,0,13386.0,11700.0
Mouse_Thymus4,10_46,0,11186.0,12400.0
Mouse_Thymus4,33_25,4,13486.0,10300.0
Mouse_Thymus4,46_111,3,14786.0,18900.0
Mouse_Thymus4,42_56,4,14386.0,13400.0
Mouse_Thymus4,27_87,3,12886.0,16500.0
Mouse_Thymus4,57_92,3,15886.0,17000.0
Mouse_Thymus4,39_59,2,14086.0,13700.0
Mouse_Thymus4,21_44,4,12286.0,12200.0
Mouse_Thymus4,29_20,0,13086.0,9800.0
Mouse_Thymus4,57_29,3,15886.0,10700.0
Mouse_Thymus4,33_71,2,13486.0,14900.0
Mouse_Thymus4,23_80,3,12486.0,15800.0
Mouse_Thymus4,36_76,2,13786.0,15400.0
Mouse_Thymus4,63_2,3,16486.0,8000.0
Mouse_Thymus4,40_26,4,14186.0,10400.0
Mouse_Thymus4,6_61,3,10786.0,13900.0
Mouse_Thymus4,12_36,3,11386.0,11400.0
Mouse_Thymus4,36_59,2,13786.0,13700.0
Mouse_Thymus4,4_58,2,10586.0,13600.0
Mouse_Thymus4,15_69,0,11686.0,14700.0
Mouse_Thymus4,22_31,0,12386.0,10900.0
Mouse_Thymus4,53_80,1,15486.0,15800.0
Mouse_Thymus4,47_10,2,14886.0,8800.0
Mouse_Thymus4,39_40,2,14086.0,11800.0
Mouse_Thymus4,1_56,3,10286.0,13400.0
Mouse_Thymus4,46_15,4,14786.0,9300.0
Mouse_Thymus4,21_61,2,12286.0,13900.0
Mouse_Thymus4,34_33,4,13586.0,11100.0
Mouse_Thymus4,42_63,3,14386.0,14100.0
Mouse_Thymus4,31_47,4,13286.0,12500.0
Mouse_Thymus4,54_80,3,15586.0,15800.0
Mouse_Thymus4,44_71,1,14586.0,14900.0
Mouse_Thymus4,53_105,4,15486.0,18300.0
Mouse_Thymus4,26_58,4,12786.0,13600.0
Mouse_Thymus4,18_43,4,11986.0,12100.0
Mouse_Thymus4,37_40,3,13886.0,11800.0
Mouse_Thymus4,51_107,4,15286.0,18500.0
Mouse_Thymus4,21_42,4,12286.0,12000.0
Mouse_Thymus4,32_38,3,13386.0,11600.0
Mouse_Thymus4,43_32,3,14486.0,11000.0
Mouse_Thymus4,45_52,4,14686.0,13000.0
Mouse_Thymus4,43_28,2,14486.0,10600.0
Mouse_Thymus4,10_57,0,11186.0,13500.0
Mouse_Thymus4,49_74,2,15086.0,15200.0
Mouse_Thymus4,29_48,2,13086.0,12600.0
Mouse_Thymus4,39_29,0,14086.0,10700.0
Mouse_Thymus4,20_83,3,12186.0,16100.0
Mouse_Thymus4,30_63,3,13186.0,14100.0
Mouse_Thymus4,34_71,2,13586.0,14900.0
Mouse_Thymus4,40_66,4,14186.0,14400.0
Mouse_Thymus4,27_36,2,12886.0,11400.0
Mouse_Thymus4,54_16,3,15586.0,9400.0
Mouse_Thymus4,39_25,4,14086.0,10300.0
Mouse_Thymus4,36_66,0,13786.0,14400.0
Mouse_Thymus4,29_45,2,13086.0,12300.0
Mouse_Thymus4,17_45,4,11886.0,12300.0
Mouse_Thymus4,47_32,1,14886.0,11000.0
Mouse_Thymus4,30_85,1,13186.0,16300.0
Mouse_Thymus4,57_102,0,15886.0,18000.0
Mouse_Thymus4,61_32,0,16286.0,11000.0
Mouse_Thymus4,47_98,2,14886.0,17600.0
Mouse_Thymus4,42_33,0,14386.0,11100.0
Mouse_Thymus4,59_14,3,16086.0,9200.0
Mouse_Thymus4,26_64,4,12786.0,14200.0
Mouse_Thymus4,22_58,0,12386.0,13600.0
Mouse_Thymus4,42_30,0,14386.0,10800.0
Mouse_Thymus4,30_57,4,13186.0,13500.0
Mouse_Thymus4,31_45,4,13286.0,12300.0
Mouse_Thymus4,28_87,3,12986.0,16500.0
Mouse_Thymus4,35_78,0,13686.0,15600.0
Mouse_Thymus4,49_3,1,15086.0,8100.0
Mouse_Thymus4,29_59,4,13086.0,13700.0
Mouse_Thymus4,51_83,4,15286.0,16100.0
Mouse_Thymus4,21_43,4,12286.0,12100.0
Mouse_Thymus4,33_56,4,13486.0,13400.0
Mouse_Thymus4,27_86,3,12886.0,16400.0
Mouse_Thymus4,59_90,3,16086.0,16800.0
Mouse_Thymus4,35_31,0,13686.0,10900.0
Mouse_Thymus4,33_80,4,13486.0,15800.0
Mouse_Thymus4,35_88,3,13686.0,16600.0
Mouse_Thymus4,46_35,3,14786.0,11300.0
Mouse_Thymus4,50_86,4,15186.0,16400.0
Mouse_Thymus4,48_93,4,14986.0,17100.0
Mouse_Thymus4,38_30,4,13986.0,10800.0
Mouse_Thymus4,35_71,2,13686.0,14900.0
Mouse_Thymus4,59_98,1,16086.0,17600.0
Mouse_Thymus4,41_66,3,14286.0,14400.0
Mouse_Thymus4,33_76,2,13486.0,15400.0
Mouse_Thymus4,64_29,3,16586.0,10700.0
Mouse_Thymus4,44_18,4,14586.0,9600.0
Mouse_Thymus4,58_88,3,15986.0,16600.0
Mouse_Thymus4,53_20,3,15486.0,9800.0
Mouse_Thymus4,21_57,0,12286.0,13500.0
Mouse_Thymus4,53_5,0,15486.0,8300.0
Mouse_Thymus4,33_37,0,13486.0,11500.0
Mouse_Thymus4,40_36,0,14186.0,11400.0
Mouse_Thymus4,62_5,2,16386.0,8300.0
Mouse_Thymus4,31_77,2,13286.0,15500.0
Mouse_Thymus4,42_15,4,14386.0,9300.0
Mouse_Thymus4,25_68,4,12686.0,14600.0
Mouse_Thymus4,18_34,0,11986.0,11200.0
Mouse_Thymus4,46_77,0,14786.0,15500.0
Mouse_Thymus4,37_54,0,13886.0,13200.0
Mouse_Thymus4,60_22,0,16186.0,10000.0
Mouse_Thymus4,36_90,2,13786.0,16800.0
Mouse_Thymus4,36_80,2,13786.0,15800.0
Mouse_Thymus4,29_49,4,13086.0,12700.0
Mouse_Thymus4,50_112,0,15186.0,19000.0
Mouse_Thymus4,57_4,3,15886.0,8200.0
Mouse_Thymus4,41_48,2,14286.0,12600.0
Mouse_Thymus4,17_72,3,11886.0,15000.0
Mouse_Thymus4,48_18,1,14986.0,9600.0
Mouse_Thymus4,14_66,3,11586.0,14400.0
Mouse_Thymus4,35_21,2,13686.0,9900.0
Mouse_Thymus4,16_32,3,11786.0,11000.0
Mouse_Thymus4,28_39,4,12986.0,11700.0
Mouse_Thymus4,53_14,0,15486.0,9200.0
Mouse_Thymus4,37_61,2,13886.0,13900.0
Mouse_Thymus4,32_42,2,13386.0,12000.0
Mouse_Thymus4,33_30,0,13486.0,10800.0
Mouse_Thymus4,22_74,4,12386.0,15200.0
Mouse_Thymus4,50_85,4,15186.0,16300.0
Mouse_Thymus4,50_43,0,15186.0,12100.0
Mouse_Thymus4,12_30,1,11386.0,10800.0
Mouse_Thymus4,49_91,4,15086.0,16900.0
Mouse_Thymus4,40_16,2,14186.0,9400.0
Mouse_Thymus4,13_48,3,11486.0,12600.0
Mouse_Thymus4,50_20,3,15186.0,9800.0
Mouse_Thymus4,34_74,1,13586.0,15200.0
Mouse_Thymus4,30_69,4,13186.0,14700.0
Mouse_Thymus4,14_63,2,11586.0,14100.0
Mouse_Thymus4,47_26,3,14886.0,10400.0
Mouse_Thymus4,40_19,4,14186.0,9700.0
Mouse_Thymus4,27_30,4,12886.0,10800.0
Mouse_Thymus4,58_17,0,15986.0,9500.0
Mouse_Thymus4,11_41,3,11286.0,11900.0
Mouse_Thymus4,22_49,4,12386.0,12700.0
Mouse_Thymus4,35_67,3,13686.0,14500.0
Mouse_Thymus4,46_85,4,14786.0,16300.0
Mouse_Thymus4,42_44,0,14386.0,12200.0
Mouse_Thymus4,47_18,4,14886.0,9600.0
Mouse_Thymus4,37_46,3,13886.0,12400.0
Mouse_Thymus4,32_17,2,13386.0,9500.0
Mouse_Thymus4,5_54,3,10686.0,13200.0
Mouse_Thymus4,7_39,3,10886.0,11700.0
Mouse_Thymus4,53_12,0,15486.0,9000.0
Mouse_Thymus4,8_44,0,10986.0,12200.0
Mouse_Thymus4,14_29,1,11586.0,10700.0
Mouse_Thymus4,23_28,3,12486.0,10600.0
Mouse_Thymus4,19_34,0,12086.0,11200.0
Mouse_Thymus4,53_79,3,15486.0,15700.0
Mouse_Thymus4,67_3,4,16886.0,8100.0
Mouse_Thymus4,19_60,0,12086.0,13800.0
Mouse_Thymus4,17_29,1,11886.0,10700.0
Mouse_Thymus4,13_67,2,11486.0,14500.0
Mouse_Thymus4,27_57,4,12886.0,13500.0
Mouse_Thymus4,42_77,4,14386.0,15500.0
Mouse_Thymus4,46_99,2,14786.0,17700.0
Mouse_Thymus4,36_86,2,13786.0,16400.0
Mouse_Thymus4,43_40,3,14486.0,11800.0
Mouse_Thymus4,20_39,4,12186.0,11700.0
Mouse_Thymus4,44_17,4,14586.0,9500.0
Mouse_Thymus4,62_98,3,16386.0,17600.0
Mouse_Thymus4,38_55,2,13986.0,13300.0
Mouse_Thymus4,54_113,2,15586.0,19100.0
Mouse_Thymus4,30_49,0,13186.0,12700.0
Mouse_Thymus4,55_82,3,15686.0,16000.0
Mouse_Thymus4,21_63,4,12286.0,14100.0
Mouse_Thymus4,37_91,2,13886.0,16900.0
Mouse_Thymus4,19_52,3,12086.0,13000.0
Mouse_Thymus4,44_51,4,14586.0,12900.0
Mouse_Thymus4,15_41,4,11686.0,11900.0
Mouse_Thymus4,12_60,3,11386.0,13800.0
Mouse_Thymus4,61_7,2,16286.0,8500.0
Mouse_Thymus4,45_32,0,14686.0,11000.0
Mouse_Thymus4,22_77,3,12386.0,15500.0
Mouse_Thymus4,63_9,2,16486.0,8700.0
Mouse_Thymus4,42_24,4,14386.0,10200.0
Mouse_Thymus4,39_98,3,14086.0,17600.0
Mouse_Thymus4,19_68,0,12086.0,14600.0
Mouse_Thymus4,54_30,3,15586.0,10800.0
Mouse_Thymus4,25_77,0,12686.0,15500.0
Mouse_Thymus4,41_101,3,14286.0,17900.0
Mouse_Thymus4,11_33,3,11286.0,11100.0
Mouse_Thymus4,54_14,3,15586.0,9200.0
Mouse_Thymus4,55_20,1,15686.0,9800.0
Mouse_Thymus4,30_46,4,13186.0,12400.0
Mouse_Thymus4,50_98,4,15186.0,17600.0
Mouse_Thymus4,13_37,3,11486.0,11500.0
Mouse_Thymus4,44_67,2,14586.0,14500.0
Mouse_Thymus4,24_41,4,12586.0,11900.0
Mouse_Thymus4,21_33,0,12286.0,11100.0
Mouse_Thymus4,35_87,2,13686.0,16500.0
Mouse_Thymus4,48_43,2,14986.0,12100.0
Mouse_Thymus4,55_87,3,15686.0,16500.0
Mouse_Thymus4,41_39,0,14286.0,11700.0
Mouse_Thymus4,11_32,1,11286.0,11000.0
Mouse_Thymus4,31_85,4,13286.0,16300.0
Mouse_Thymus4,58_93,0,15986.0,17100.0
Mouse_Thymus4,60_108,3,16186.0,18600.0
Mouse_Thymus4,42_9,2,14386.0,8700.0
Mouse_Thymus4,30_42,3,13186.0,12000.0
Mouse_Thymus4,30_22,3,13186.0,10000.0
Mouse_Thymus4,39_77,4,14086.0,15500.0
Mouse_Thymus4,27_22,2,12886.0,10000.0
Mouse_Thymus4,56_37,3,15786.0,11500.0
Mouse_Thymus4,54_35,3,15586.0,11300.0
Mouse_Thymus4,5_55,3,10686.0,13300.0
Mouse_Thymus4,49_109,2,15086.0,18700.0
Mouse_Thymus4,48_91,4,14986.0,16900.0
Mouse_Thymus4,45_78,4,14686.0,15600.0
Mouse_Thymus4,8_52,2,10986.0,13000.0
Mouse_Thymus4,44_16,4,14586.0,9400.0
Mouse_Thymus4,42_16,4,14386.0,9400.0
Mouse_Thymus4,51_77,1,15286.0,15500.0
Mouse_Thymus4,30_41,2,13186.0,11900.0
Mouse_Thymus4,39_86,2,14086.0,16400.0
Mouse_Thymus4,28_92,3,12986.0,17000.0
Mouse_Thymus4,31_92,2,13286.0,17000.0
Mouse_Thymus4,39_22,4,14086.0,10000.0
Mouse_Thymus4,55_38,3,15686.0,11600.0
Mouse_Thymus4,44_77,4,14586.0,15500.0
Mouse_Thymus4,54_99,4,15586.0,17700.0
Mouse_Thymus4,41_17,4,14286.0,9500.0
Mouse_Thymus4,49_20,0,15086.0,9800.0
Mouse_Thymus4,19_70,0,12086.0,14800.0
Mouse_Thymus4,18_48,2,11986.0,12600.0
Mouse_Thymus4,51_99,4,15286.0,17700.0
Mouse_Thymus4,32_93,3,13386.0,17100.0
Mouse_Thymus4,47_23,0,14886.0,10100.0
Mouse_Thymus4,55_42,2,15686.0,12000.0
Mouse_Thymus4,20_71,3,12186.0,14900.0
Mouse_Thymus4,45_92,2,14686.0,17000.0
Mouse_Thymus4,6_36,1,10786.0,11400.0
Mouse_Thymus4,36_96,2,13786.0,17400.0
Mouse_Thymus4,6_42,0,10786.0,12000.0
Mouse_Thymus4,59_5,4,16086.0,8300.0
Mouse_Thymus4,37_20,4,13886.0,9800.0
Mouse_Thymus4,10_54,3,11186.0,13200.0
Mouse_Thymus4,26_47,4,12786.0,12500.0
Mouse_Thymus4,54_27,3,15586.0,10500.0
Mouse_Thymus4,50_102,4,15186.0,18000.0
Mouse_Thymus4,43_36,0,14486.0,11400.0
Mouse_Thymus4,20_30,3,12186.0,10800.0
Mouse_Thymus4,12_40,3,11386.0,11800.0
Mouse_Thymus4,19_30,3,12086.0,10800.0
Mouse_Thymus4,56_101,3,15786.0,17900.0
Mouse_Thymus4,30_84,2,13186.0,16200.0
Mouse_Thymus4,6_40,3,10786.0,11800.0
Mouse_Thymus4,31_89,2,13286.0,16700.0
Mouse_Thymus4,25_34,4,12686.0,11200.0
Mouse_Thymus4,51_48,3,15286.0,12600.0
Mouse_Thymus4,29_54,2,13086.0,13200.0
Mouse_Thymus4,20_49,4,12186.0,12700.0
Mouse_Thymus4,35_93,2,13686.0,17100.0
Mouse_Thymus4,50_11,4,15186.0,8900.0
Mouse_Thymus4,20_62,3,12186.0,14000.0
Mouse_Thymus4,8_61,3,10986.0,13900.0
Mouse_Thymus4,54_102,2,15586.0,18000.0
Mouse_Thymus4,25_70,4,12686.0,14800.0
Mouse_Thymus4,7_62,3,10886.0,14000.0
Mouse_Thymus4,53_103,4,15486.0,18100.0
Mouse_Thymus4,4_49,3,10586.0,12700.0
Mouse_Thymus4,49_101,2,15086.0,17900.0
Mouse_Thymus4,31_32,0,13286.0,11000.0
Mouse_Thymus4,55_2,1,15686.0,8000.0
Mouse_Thymus4,23_53,2,12486.0,13100.0
Mouse_Thymus4,54_9,4,15586.0,8700.0
Mouse_Thymus4,17_28,1,11886.0,10600.0
Mouse_Thymus4,37_17,0,13886.0,9500.0
Mouse_Thymus4,23_41,2,12486.0,11900.0
Mouse_Thymus4,10_43,3,11186.0,12100.0
Mouse_Thymus4,7_57,3,10886.0,13500.0
Mouse_Thymus4,17_74,3,11886.0,15200.0
Mouse_Thymus4,39_63,4,14086.0,14100.0
Mouse_Thymus4,47_7,3,14886.0,8500.0
Mouse_Thymus4,34_44,0,13586.0,12200.0
Mouse_Thymus4,52_11,4,15386.0,8900.0
Mouse_Thymus4,55_35,0,15686.0,11300.0
Mouse_Thymus4,18_68,0,11986.0,14600.0
Mouse_Thymus4,45_97,2,14686.0,17500.0
Mouse_Thymus4,39_74,2,14086.0,15200.0
Mouse_Thymus4,53_114,3,15486.0,19200.0
Mouse_Thymus4,13_61,3,11486.0,13900.0
Mouse_Thymus4,25_64,4,12686.0,14200.0
Mouse_Thymus4,39_75,2,14086.0,15300.0
Mouse_Thymus4,69_7,3,17086.0,8500.0
Mouse_Thymus4,68_4,3,16986.0,8200.0
Mouse_Thymus4,21_82,3,12286.0,16000.0
Mouse_Thymus4,50_22,0,15186.0,10000.0
Mouse_Thymus4,49_31,1,15086.0,10900.0
Mouse_Thymus4,58_11,3,15986.0,8900.0
Mouse_Thymus4,46_93,4,14786.0,17100.0
Mouse_Thymus4,39_47,0,14086.0,12500.0
Mouse_Thymus4,12_61,0,11386.0,13900.0
Mouse_Thymus4,12_41,3,11386.0,11900.0
Mouse_Thymus4,49_45,0,15086.0,12300.0
Mouse_Thymus4,41_35,0,14286.0,11300.0
Mouse_Thymus4,25_76,3,12686.0,15400.0
Mouse_Thymus4,32_32,3,13386.0,11000.0
Mouse_Thymus4,36_91,2,13786.0,16900.0
Mouse_Thymus4,34_82,4,13586.0,16000.0
Mouse_Thymus4,33_26,4,13486.0,10400.0
Mouse_Thymus4,22_66,2,12386.0,14400.0
Mouse_Thymus4,17_41,4,11886.0,11900.0
Mouse_Thymus4,30_30,4,13186.0,10800.0
Mouse_Thymus4,29_68,4,13086.0,14600.0
Mouse_Thymus4,14_35,0,11586.0,11300.0
Mouse_Thymus4,40_35,0,14186.0,11300.0
Mouse_Thymus4,59_20,0,16086.0,9800.0
Mouse_Thymus4,27_47,4,12886.0,12500.0
Mouse_Thymus4,47_15,4,14886.0,9300.0
Mouse_Thymus4,56_36,0,15786.0,11400.0
Mouse_Thymus4,20_72,2,12186.0,15000.0
Mouse_Thymus4,52_113,4,15386.0,19100.0
Mouse_Thymus4,63_27,3,16486.0,10500.0
Mouse_Thymus4,40_99,3,14186.0,17700.0
Mouse_Thymus4,20_64,0,12186.0,14200.0
Mouse_Thymus4,2_51,3,10386.0,12900.0
Mouse_Thymus4,40_62,0,14186.0,14000.0
Mouse_Thymus4,40_65,4,14186.0,14300.0
Mouse_Thymus4,55_86,3,15686.0,16400.0
Mouse_Thymus4,39_79,3,14086.0,15700.0
Mouse_Thymus4,27_63,4,12886.0,14100.0
Mouse_Thymus4,34_34,2,13586.0,11200.0
Mouse_Thymus4,21_71,4,12286.0,14900.0
Mouse_Thymus4,55_12,1,15686.0,9000.0
Mouse_Thymus4,50_14,4,15186.0,9200.0
Mouse_Thymus4,16_53,4,11786.0,13100.0
Mouse_Thymus4,24_45,4,12586.0,12300.0
Mouse_Thymus4,47_43,0,14886.0,12100.0
Mouse_Thymus4,60_2,3,16186.0,8000.0
Mouse_Thymus4,55_95,2,15686.0,17300.0
Mouse_Thymus4,24_55,0,12586.0,13300.0
Mouse_Thymus4,49_89,2,15086.0,16700.0
Mouse_Thymus4,45_9,3,14686.0,8700.0
Mouse_Thymus4,39_42,3,14086.0,12000.0
Mouse_Thymus4,37_26,4,13886.0,10400.0
Mouse_Thymus4,3_49,1,10486.0,12700.0
Mouse_Thymus4,20_55,0,12186.0,13300.0
Mouse_Thymus4,12_63,3,11386.0,14100.0
Mouse_Thymus4,60_4,4,16186.0,8200.0
Mouse_Thymus4,33_60,0,13486.0,13800.0
Mouse_Thymus4,16_44,4,11786.0,12200.0
Mouse_Thymus4,51_27,0,15286.0,10500.0
Mouse_Thymus4,18_55,3,11986.0,13300.0
Mouse_Thymus4,44_9,2,14586.0,8700.0
Mouse_Thymus4,26_41,4,12786.0,11900.0
Mouse_Thymus4,39_18,4,14086.0,9600.0
Mouse_Thymus4,11_46,0,11286.0,12400.0
Mouse_Thymus4,55_36,3,15686.0,11400.0
Mouse_Thymus4,43_53,4,14486.0,13100.0
Mouse_Thymus4,53_102,4,15486.0,18000.0
Mouse_Thymus4,34_27,4,13586.0,10500.0
Mouse_Thymus4,61_0,3,16286.0,7800.0
Mouse_Thymus4,5_48,0,10686.0,12600.0
Mouse_Thymus4,39_60,0,14086.0,13800.0
Mouse_Thymus4,57_95,2,15886.0,17300.0
Mouse_Thymus4,54_11,3,15586.0,8900.0
Mouse_Thymus4,34_70,2,13586.0,14800.0
Mouse_Thymus4,26_63,2,12786.0,14100.0
Mouse_Thymus4,27_28,4,12886.0,10600.0
Mouse_Thymus4,38_88,3,13986.0,16600.0
Mouse_Thymus4,63_25,3,16486.0,10300.0
Mouse_Thymus4,38_90,3,13986.0,16800.0
Mouse_Thymus4,33_84,4,13486.0,16200.0
Mouse_Thymus4,17_34,3,11886.0,11200.0
Mouse_Thymus4,59_22,3,16086.0,10000.0
Mouse_Thymus4,1_59,3,10286.0,13700.0
Mouse_Thymus4,23_77,4,12486.0,15500.0
Mouse_Thymus4,19_66,4,12086.0,14400.0
Mouse_Thymus4,33_51,4,13486.0,12900.0
Mouse_Thymus4,25_80,3,12686.0,15800.0
Mouse_Thymus4,54_114,2,15586.0,19200.0
Mouse_Thymus4,16_50,1,11786.0,12800.0
Mouse_Thymus4,40_34,0,14186.0,11200.0
Mouse_Thymus4,45_69,2,14686.0,14700.0
Mouse_Thymus4,35_25,4,13686.0,10300.0
Mouse_Thymus4,51_29,3,15286.0,10700.0
Mouse_Thymus4,44_48,4,14586.0,12600.0
Mouse_Thymus4,23_38,4,12486.0,11600.0
Mouse_Thymus4,20_47,4,12186.0,12500.0
Mouse_Thymus4,58_113,1,15986.0,19100.0
Mouse_Thymus4,47_80,4,14886.0,15800.0
Mouse_Thymus4,13_66,3,11486.0,14400.0
Mouse_Thymus4,14_40,3,11586.0,11800.0
Mouse_Thymus4,25_71,0,12686.0,14900.0
Mouse_Thymus4,47_100,3,14886.0,17800.0
Mouse_Thymus4,26_88,0,12786.0,16600.0
Mouse_Thymus4,43_106,3,14486.0,18400.0
Mouse_Thymus4,62_12,3,16386.0,9000.0
Mouse_Thymus4,38_49,4,13986.0,12700.0
Mouse_Thymus4,52_86,0,15386.0,16400.0
Mouse_Thymus4,44_27,0,14586.0,10500.0
Mouse_Thymus4,35_77,3,13686.0,15500.0
Mouse_Thymus4,52_10,4,15386.0,8800.0
Mouse_Thymus4,37_84,2,13886.0,16200.0
Mouse_Thymus4,71_2,3,17286.0,8000.0
Mouse_Thymus4,45_29,3,14686.0,10700.0
Mouse_Thymus4,54_104,4,15586.0,18200.0
Mouse_Thymus4,55_33,3,15686.0,11100.0
Mouse_Thymus4,31_36,0,13286.0,11400.0
Mouse_Thymus4,22_46,4,12386.0,12400.0
Mouse_Thymus4,50_21,3,15186.0,9900.0
Mouse_Thymus4,15_47,2,11686.0,12500.0
Mouse_Thymus4,24_71,0,12586.0,14900.0
Mouse_Thymus4,62_29,3,16386.0,10700.0
Mouse_Thymus4,20_48,4,12186.0,12600.0
Mouse_Thymus4,35_44,0,13686.0,12200.0
Mouse_Thymus4,18_62,0,11986.0,14000.0
Mouse_Thymus4,58_39,3,15986.0,11700.0
Mouse_Thymus4,52_100,4,15386.0,17800.0
Mouse_Thymus4,42_59,3,14386.0,13700.0
Mouse_Thymus4,52_108,4,15386.0,18600.0
Mouse_Thymus4,60_98,3,16186.0,17600.0
Mouse_Thymus4,21_39,4,12286.0,11700.0
Mouse_Thymus4,41_93,3,14286.0,17100.0
Mouse_Thymus4,30_19,0,13186.0,9700.0
Mouse_Thymus4,37_21,4,13886.0,9900.0
Mouse_Thymus4,35_38,2,13686.0,11600.0
Mouse_Thymus4,56_17,0,15786.0,9500.0
Mouse_Thymus4,48_78,3,14986.0,15600.0
Mouse_Thymus4,15_58,3,11686.0,13600.0
Mouse_Thymus4,56_41,3,15786.0,11900.0
Mouse_Thymus4,22_80,3,12386.0,15800.0
Mouse_Thymus4,46_13,4,14786.0,9100.0
Mouse_Thymus4,27_55,4,12886.0,13300.0
Mouse_Thymus4,24_85,3,12586.0,16300.0
Mouse_Thymus4,38_15,3,13986.0,9300.0
Mouse_Thymus4,14_53,0,11586.0,13100.0
Mouse_Thymus4,55_104,0,15686.0,18200.0
Mouse_Thymus4,22_54,2,12386.0,13200.0
Mouse_Thymus4,49_75,3,15086.0,15300.0
Mouse_Thymus4,53_110,4,15486.0,18800.0
Mouse_Thymus4,47_27,3,14886.0,10500.0
Mouse_Thymus4,30_28,4,13186.0,10600.0
Mouse_Thymus4,22_34,3,12386.0,11200.0
Mouse_Thymus4,56_30,3,15786.0,10800.0
Mouse_Thymus4,39_89,3,14086.0,16700.0
Mouse_Thymus4,26_89,1,12786.0,16700.0
Mouse_Thymus4,35_45,0,13686.0,12300.0
Mouse_Thymus4,18_66,4,11986.0,14400.0
Mouse_Thymus4,41_10,1,14286.0,8800.0
Mouse_Thymus4,0_58,1,10186.0,13600.0
Mouse_Thymus4,22_82,3,12386.0,16000.0
Mouse_Thymus4,50_91,4,15186.0,16900.0
Mouse_Thymus4,47_13,4,14886.0,9100.0
Mouse_Thymus4,30_24,3,13186.0,10200.0
Mouse_Thymus4,51_10,4,15286.0,8800.0
Mouse_Thymus4,30_77,4,13186.0,15500.0
Mouse_Thymus4,33_44,4,13486.0,12200.0
Mouse_Thymus4,46_10,0,14786.0,8800.0
Mouse_Thymus4,23_45,4,12486.0,12300.0
Mouse_Thymus4,5_53,3,10686.0,13100.0
Mouse_Thymus4,68_5,3,16986.0,8300.0
Mouse_Thymus4,36_53,4,13786.0,13100.0
Mouse_Thymus4,39_35,3,14086.0,11300.0
Mouse_Thymus4,34_15,1,13586.0,9300.0
Mouse_Thymus4,65_1,2,16686.0,7900.0
Mouse_Thymus4,53_11,0,15486.0,8900.0
Mouse_Thymus4,63_28,0,16486.0,10600.0
Mouse_Thymus4,42_68,0,14386.0,14600.0
Mouse_Thymus4,59_106,3,16086.0,18400.0
Mouse_Thymus4,44_104,3,14586.0,18200.0
Mouse_Thymus4,44_74,3,14586.0,15200.0
Mouse_Thymus4,57_109,3,15886.0,18700.0
Mouse_Thymus4,9_49,0,11086.0,12700.0
Mouse_Thymus4,60_5,4,16186.0,8300.0
Mouse_Thymus4,55_27,3,15686.0,10500.0
Mouse_Thymus4,34_68,2,13586.0,14600.0
Mouse_Thymus4,10_60,0,11186.0,13800.0
Mouse_Thymus4,39_39,0,14086.0,11700.0
Mouse_Thymus4,40_74,2,14186.0,15200.0
Mouse_Thymus4,35_76,2,13686.0,15400.0
Mouse_Thymus4,23_58,2,12486.0,13600.0
Mouse_Thymus4,33_90,3,13486.0,16800.0
Mouse_Thymus4,27_39,4,12886.0,11700.0
Mouse_Thymus4,41_95,3,14286.0,17300.0
Mouse_Thymus4,24_49,4,12586.0,12700.0
Mouse_Thymus4,23_35,0,12486.0,11300.0
Mouse_Thymus4,38_40,0,13986.0,11800.0
Mouse_Thymus4,43_65,3,14486.0,14300.0
Mouse_Thymus4,37_50,4,13886.0,12800.0
Mouse_Thymus4,29_52,4,13086.0,13000.0
Mouse_Thymus4,16_31,3,11786.0,10900.0
Mouse_Thymus4,16_71,3,11786.0,14900.0
Mouse_Thymus4,20_67,3,12186.0,14500.0
Mouse_Thymus4,22_67,0,12386.0,14500.0
Mouse_Thymus4,46_18,4,14786.0,9600.0
Mouse_Thymus4,25_45,4,12686.0,12300.0
Mouse_Thymus4,10_52,0,11186.0,13000.0
Mouse_Thymus4,36_33,4,13786.0,11100.0
Mouse_Thymus4,51_15,2,15286.0,9300.0
Mouse_Thymus4,37_81,0,13886.0,15900.0
Mouse_Thymus4,26_66,4,12786.0,14400.0
Mouse_Thymus4,2_56,3,10386.0,13400.0
Mouse_Thymus4,26_35,4,12786.0,11300.0
Mouse_Thymus4,37_11,3,13886.0,8900.0
Mouse_Thymus4,33_66,2,13486.0,14400.0
Mouse_Thymus4,54_94,2,15586.0,17200.0
Mouse_Thymus4,43_27,4,14486.0,10500.0
Mouse_Thymus4,46_23,3,14786.0,10100.0
Mouse_Thymus4,46_43,3,14786.0,12100.0
Mouse_Thymus4,13_34,0,11486.0,11200.0
Mouse_Thymus4,20_59,2,12186.0,13700.0
Mouse_Thymus4,42_17,4,14386.0,9500.0
Mouse_Thymus4,47_105,3,14886.0,18300.0
Mouse_Thymus4,49_19,0,15086.0,9700.0
Mouse_Thymus4,32_29,4,13386.0,10700.0
Mouse_Thymus4,4_44,0,10586.0,12200.0
Mouse_Thymus4,36_29,2,13786.0,10700.0
Mouse_Thymus4,11_43,3,11286.0,12100.0
Mouse_Thymus4,61_28,3,16286.0,10600.0
Mouse_Thymus4,53_45,0,15486.0,12300.0
Mouse_Thymus4,55_18,0,15686.0,9600.0
Mouse_Thymus4,61_29,3,16286.0,10700.0
Mouse_Thymus4,23_39,4,12486.0,11700.0
Mouse_Thymus4,18_35,0,11986.0,11300.0
Mouse_Thymus4,56_6,4,15786.0,8400.0
Mouse_Thymus4,53_26,3,15486.0,10400.0
Mouse_Thymus4,25_59,4,12686.0,13700.0
Mouse_Thymus4,38_53,2,13986.0,13100.0
Mouse_Thymus4,32_60,0,13386.0,13800.0
Mouse_Thymus4,33_47,0,13486.0,12500.0
Mouse_Thymus4,14_71,1,11586.0,14900.0
Mouse_Thymus4,45_88,4,14686.0,16600.0
Mouse_Thymus4,67_1,3,16886.0,7900.0
Mouse_Thymus4,25_90,3,12686.0,16800.0
Mouse_Thymus4,41_75,2,14286.0,15300.0
Mouse_Thymus4,3_46,1,10486.0,12400.0
Mouse_Thymus4,45_12,0,14686.0,9000.0
Mouse_Thymus4,23_81,3,12486.0,15900.0
Mouse_Thymus4,23_54,4,12486.0,13200.0
Mouse_Thymus4,45_14,4,14686.0,9200.0
Mouse_Thymus4,49_85,4,15086.0,16300.0
Mouse_Thymus4,34_18,3,13586.0,9600.0
Mouse_Thymus4,38_83,3,13986.0,16100.0
Mouse_Thymus4,32_87,2,13386.0,16500.0
Mouse_Thymus4,50_115,3,15186.0,19300.0
Mouse_Thymus4,22_61,0,12386.0,13900.0
Mouse_Thymus4,12_47,0,11386.0,12500.0
Mouse_Thymus4,54_17,3,15586.0,9500.0
Mouse_Thymus4,56_8,4,15786.0,8600.0
Mouse_Thymus4,14_69,3,11586.0,14700.0
Mouse_Thymus4,55_14,3,15686.0,9200.0
Mouse_Thymus4,24_61,0,12586.0,13900.0
Mouse_Thymus4,46_45,2,14786.0,12300.0
Mouse_Thymus4,58_1,0,15986.0,7900.0
Mouse_Thymus4,32_34,0,13386.0,11200.0
Mouse_Thymus4,10_45,3,11186.0,12300.0
Mouse_Thymus4,51_89,4,15286.0,16700.0
Mouse_Thymus4,7_50,0,10886.0,12800.0
Mouse_Thymus4,67_8,3,16886.0,8600.0
Mouse_Thymus4,55_40,3,15686.0,11800.0
Mouse_Thymus4,56_112,3,15786.0,19000.0
Mouse_Thymus4,54_4,3,15586.0,8200.0
Mouse_Thymus4,19_50,2,12086.0,12800.0
Mouse_Thymus4,34_20,0,13586.0,9800.0
Mouse_Thymus4,45_112,1,14686.0,19000.0
Mouse_Thymus4,33_35,3,13486.0,11300.0
Mouse_Thymus4,39_70,0,14086.0,14800.0
Mouse_Thymus4,11_47,3,11286.0,12500.0
Mouse_Thymus4,51_106,4,15286.0,18400.0
Mouse_Thymus4,54_100,4,15586.0,17800.0
Mouse_Thymus4,57_16,3,15886.0,9400.0
Mouse_Thymus4,55_39,0,15686.0,11700.0
Mouse_Thymus4,61_1,0,16286.0,7900.0
Mouse_Thymus4,10_42,3,11186.0,12000.0
Mouse_Thymus4,31_76,1,13286.0,15400.0
Mouse_Thymus4,32_43,4,13386.0,12100.0
Mouse_Thymus4,58_10,0,15986.0,8800.0
Mouse_Thymus4,18_27,1,11986.0,10500.0
Mouse_Thymus4,36_67,0,13786.0,14500.0
Mouse_Thymus4,48_14,4,14986.0,9200.0
Mouse_Thymus4,58_8,4,15986.0,8600.0
Mouse_Thymus4,23_23,1,12486.0,10100.0
Mouse_Thymus4,56_96,3,15786.0,17400.0
Mouse_Thymus4,35_57,3,13686.0,13500.0
Mouse_Thymus4,40_63,3,14186.0,14100.0
Mouse_Thymus4,44_34,3,14586.0,11200.0
Mouse_Thymus4,40_31,0,14186.0,10900.0
Mouse_Thymus4,58_6,4,15986.0,8400.0
Mouse_Thymus4,43_54,4,14486.0,13200.0
Mouse_Thymus4,36_73,0,13786.0,15100.0
Mouse_Thymus4,61_87,1,16286.0,16500.0
Mouse_Thymus4,56_118,1,15786.0,19600.0
Mouse_Thymus4,41_37,0,14286.0,11500.0
Mouse_Thymus4,26_27,1,12786.0,10500.0
Mouse_Thymus4,48_108,0,14986.0,18600.0
Mouse_Thymus4,45_51,4,14686.0,12900.0
Mouse_Thymus4,40_84,2,14186.0,16200.0
Mouse_Thymus4,25_26,3,12686.0,10400.0
Mouse_Thymus4,37_15,3,13886.0,9300.0
Mouse_Thymus4,41_69,2,14286.0,14700.0
Mouse_Thymus4,40_64,4,14186.0,14200.0
Mouse_Thymus4,44_23,0,14586.0,10100.0
Mouse_Thymus4,40_47,0,14186.0,12500.0
Mouse_Thymus4,54_85,2,15586.0,16300.0
Mouse_Thymus4,21_40,4,12286.0,11800.0
Mouse_Thymus4,32_53,4,13386.0,13100.0
Mouse_Thymus4,42_102,3,14386.0,18000.0
Mouse_Thymus4,2_58,3,10386.0,13600.0
Mouse_Thymus4,50_6,3,15186.0,8400.0
Mouse_Thymus4,48_94,4,14986.0,17200.0
Mouse_Thymus4,21_60,3,12286.0,13800.0
Mouse_Thymus4,44_84,4,14586.0,16200.0
Mouse_Thymus4,58_21,3,15986.0,9900.0
Mouse_Thymus4,2_54,3,10386.0,13200.0
Mouse_Thymus4,36_79,2,13786.0,15700.0
Mouse_Thymus4,45_94,4,14686.0,17200.0
Mouse_Thymus4,37_28,2,13886.0,10600.0
Mouse_Thymus4,54_96,4,15586.0,17400.0
Mouse_Thymus4,18_41,4,11986.0,11900.0
Mouse_Thymus4,41_22,4,14286.0,10000.0
Mouse_Thymus4,45_31,3,14686.0,10900.0
Mouse_Thymus4,58_27,3,15986.0,10500.0
Mouse_Thymus4,60_35,3,16186.0,11300.0
Mouse_Thymus4,28_68,4,12986.0,14600.0
Mouse_Thymus4,46_16,4,14786.0,9400.0
Mouse_Thymus4,18_77,0,11986.0,15500.0
Mouse_Thymus4,40_18,4,14186.0,9600.0
Mouse_Thymus4,25_57,4,12686.0,13500.0
Mouse_Thymus4,37_53,4,13886.0,13100.0
Mouse_Thymus4,11_50,3,11286.0,12800.0
Mouse_Thymus4,52_84,4,15386.0,16200.0
Mouse_Thymus4,58_2,3,15986.0,8000.0
Mouse_Thymus4,56_113,3,15786.0,19100.0
Mouse_Thymus4,59_110,3,16086.0,18800.0
Mouse_Thymus4,36_58,2,13786.0,13600.0
Mouse_Thymus4,37_39,0,13886.0,11700.0
Mouse_Thymus4,25_87,3,12686.0,16500.0
Mouse_Thymus4,55_112,2,15686.0,19000.0
Mouse_Thymus4,47_5,0,14886.0,8300.0
Mouse_Thymus4,13_40,0,11486.0,11800.0
Mouse_Thymus4,35_26,4,13686.0,10400.0
Mouse_Thymus4,59_36,3,16086.0,11400.0
Mouse_Thymus4,26_43,4,12786.0,12100.0
Mouse_Thymus4,58_82,3,15986.0,16000.0
Mouse_Thymus4,17_75,2,11886.0,15300.0
Mouse_Thymus4,6_43,3,10786.0,12100.0
Mouse_Thymus4,44_75,3,14586.0,15300.0
Mouse_Thymus4,14_64,0,11586.0,14200.0
Mouse_Thymus4,32_20,1,13386.0,9800.0
Mouse_Thymus4,26_51,4,12786.0,12900.0
Mouse_Thymus4,65_10,2,16686.0,8800.0
Mouse_Thymus4,19_27,0,12086.0,10500.0
Mouse_Thymus4,44_110,2,14586.0,18800.0
Mouse_Thymus4,35_47,0,13686.0,12500.0
Mouse_Thymus4,7_53,3,10886.0,13100.0
Mouse_Thymus4,53_13,3,15486.0,9100.0
Mouse_Thymus4,56_7,4,15786.0,8500.0
Mouse_Thymus4,52_93,4,15386.0,17100.0
Mouse_Thymus4,46_86,4,14786.0,16400.0
Mouse_Thymus4,44_69,3,14586.0,14700.0
Mouse_Thymus4,40_49,4,14186.0,12700.0
Mouse_Thymus4,17_67,2,11886.0,14500.0
Mouse_Thymus4,43_77,4,14486.0,15500.0
Mouse_Thymus4,20_26,2,12186.0,10400.0
Mouse_Thymus4,32_46,4,13386.0,12400.0
Mouse_Thymus4,17_64,4,11886.0,14200.0
Mouse_Thymus4,46_34,0,14786.0,11200.0
Mouse_Thymus4,51_95,4,15286.0,17300.0
Mouse_Thymus4,41_41,0,14286.0,11900.0
Mouse_Thymus4,47_106,3,14886.0,18400.0
Mouse_Thymus4,23_26,3,12486.0,10400.0
Mouse_Thymus4,55_98,4,15686.0,17600.0
Mouse_Thymus4,16_49,3,11786.0,12700.0
Mouse_Thymus4,30_62,4,13186.0,14000.0
Mouse_Thymus4,60_85,1,16186.0,16300.0
Mouse_Thymus4,39_37,0,14086.0,11500.0
Mouse_Thymus4,5_43,3,10686.0,12100.0
Mouse_Thymus4,16_52,2,11786.0,13000.0
Mouse_Thymus4,8_56,3,10986.0,13400.0
Mouse_Thymus4,38_22,4,13986.0,10000.0
Mouse_Thymus4,46_78,4,14786.0,15600.0
Mouse_Thymus4,48_8,0,14986.0,8600.0
Mouse_Thymus4,48_113,1,14986.0,19100.0
Mouse_Thymus4,38_33,4,13986.0,11100.0
Mouse_Thymus4,2_49,1,10386.0,12700.0
Mouse_Thymus4,22_39,4,12386.0,11700.0
Mouse_Thymus4,50_29,1,15186.0,10700.0
Mouse_Thymus4,52_17,3,15386.0,9500.0
Mouse_Thymus4,12_45,3,11386.0,12300.0
Mouse_Thymus4,27_75,3,12886.0,15300.0
Mouse_Thymus4,44_32,0,14586.0,11000.0
Mouse_Thymus4,53_113,4,15486.0,19100.0
Mouse_Thymus4,48_30,1,14986.0,10800.0
Mouse_Thymus4,37_37,0,13886.0,11500.0
Mouse_Thymus4,16_65,0,11786.0,14300.0
Mouse_Thymus4,57_111,3,15886.0,18900.0
Mouse_Thymus4,47_107,3,14886.0,18500.0
Mouse_Thymus4,36_14,2,13786.0,9200.0
Mouse_Thymus4,41_21,4,14286.0,9900.0
Mouse_Thymus4,46_52,0,14786.0,13000.0
Mouse_Thymus4,38_96,3,13986.0,17400.0
Mouse_Thymus4,46_71,2,14786.0,14900.0
Mouse_Thymus4,29_28,4,13086.0,10600.0
Mouse_Thymus4,43_9,3,14486.0,8700.0
Mouse_Thymus4,47_82,4,14886.0,16000.0
Mouse_Thymus4,42_95,3,14386.0,17300.0
Mouse_Thymus4,23_32,2,12486.0,11000.0
Mouse_Thymus4,51_92,4,15286.0,17000.0
Mouse_Thymus4,18_52,0,11986.0,13000.0
Mouse_Thymus4,33_23,3,13486.0,10100.0
Mouse_Thymus4,52_91,4,15386.0,16900.0
Mouse_Thymus4,48_24,3,14986.0,10200.0
Mouse_Thymus4,41_20,4,14286.0,9800.0
Mouse_Thymus4,22_62,4,12386.0,14000.0
Mouse_Thymus4,24_43,4,12586.0,12100.0
Mouse_Thymus4,48_35,3,14986.0,11300.0
Mouse_Thymus4,56_82,3,15786.0,16000.0
Mouse_Thymus4,63_7,3,16486.0,8500.0
Mouse_Thymus4,51_90,1,15286.0,16800.0
Mouse_Thymus4,12_49,0,11386.0,12700.0
Mouse_Thymus4,31_84,2,13286.0,16200.0
Mouse_Thymus4,51_80,3,15286.0,15800.0
Mouse_Thymus4,43_7,1,14486.0,8500.0
Mouse_Thymus4,29_27,4,13086.0,10500.0
Mouse_Thymus4,32_36,3,13386.0,11400.0
Mouse_Thymus4,3_47,1,10486.0,12500.0
Mouse_Thymus4,31_37,0,13286.0,11500.0
Mouse_Thymus4,44_66,1,14586.0,14400.0
Mouse_Thymus4,25_53,4,12686.0,13100.0
Mouse_Thymus4,51_45,0,15286.0,12300.0
Mouse_Thymus4,43_50,4,14486.0,12800.0
Mouse_Thymus4,43_57,3,14486.0,13500.0
Mouse_Thymus4,44_93,2,14586.0,17100.0
Mouse_Thymus4,60_87,1,16186.0,16500.0
Mouse_Thymus4,37_59,0,13886.0,13700.0
Mouse_Thymus4,60_99,3,16186.0,17700.0
Mouse_Thymus4,53_77,2,15486.0,15500.0
Mouse_Thymus4,40_83,3,14186.0,16100.0
Mouse_Thymus4,45_104,2,14686.0,18200.0
Mouse_Thymus4,51_17,4,15286.0,9500.0
Mouse_Thymus4,52_45,0,15386.0,12300.0
Mouse_Thymus4,54_83,3,15586.0,16100.0
Mouse_Thymus4,40_39,3,14186.0,11700.0
Mouse_Thymus4,34_53,2,13586.0,13100.0
Mouse_Thymus4,28_28,4,12986.0,10600.0
Mouse_Thymus4,24_39,4,12586.0,11700.0
Mouse_Thymus4,34_21,0,13586.0,9900.0
Mouse_Thymus4,13_38,3,11486.0,11600.0
Mouse_Thymus4,28_66,4,12986.0,14400.0
Mouse_Thymus4,23_33,0,12486.0,11100.0
Mouse_Thymus4,25_81,3,12686.0,15900.0
Mouse_Thymus4,60_3,2,16186.0,8100.0
Mouse_Thymus4,43_20,4,14486.0,9800.0
Mouse_Thymus4,32_47,4,13386.0,12500.0
Mouse_Thymus4,47_93,4,14886.0,17100.0
Mouse_Thymus4,40_90,3,14186.0,16800.0
Mouse_Thymus4,31_65,2,13286.0,14300.0
Mouse_Thymus4,41_53,4,14286.0,13100.0
Mouse_Thymus4,53_94,4,15486.0,17200.0
Mouse_Thymus4,28_26,2,12986.0,10400.0
Mouse_Thymus4,33_28,4,13486.0,10600.0
Mouse_Thymus4,51_93,4,15286.0,17100.0
Mouse_Thymus4,62_31,3,16386.0,10900.0
Mouse_Thymus4,53_104,4,15486.0,18200.0
Mouse_Thymus4,36_69,2,13786.0,14700.0
Mouse_Thymus4,62_28,3,16386.0,10600.0
Mouse_Thymus4,49_11,4,15086.0,8900.0
Mouse_Thymus4,44_13,0,14586.0,9100.0
Mouse_Thymus4,48_83,4,14986.0,16100.0
Mouse_Thymus4,42_53,4,14386.0,13100.0
Mouse_Thymus4,39_32,0,14086.0,11000.0
Mouse_Thymus4,15_30,1,11686.0,10800.0
Mouse_Thymus4,35_43,0,13686.0,12100.0
Mouse_Thymus4,50_35,3,15186.0,11300.0
Mouse_Thymus4,49_97,4,15086.0,17500.0
Mouse_Thymus4,38_77,2,13986.0,15500.0
Mouse_Thymus4,31_18,1,13286.0,9600.0
Mouse_Thymus4,42_90,3,14386.0,16800.0
Mouse_Thymus4,35_75,2,13686.0,15300.0
Mouse_Thymus4,15_48,1,11686.0,12600.0
Mouse_Thymus4,13_55,0,11486.0,13300.0
Mouse_Thymus4,28_65,4,12986.0,14300.0
Mouse_Thymus4,33_89,4,13486.0,16700.0
Mouse_Thymus4,27_50,4,12886.0,12800.0
Mouse_Thymus4,59_27,3,16086.0,10500.0
Mouse_Thymus4,24_26,3,12586.0,10400.0
Mouse_Thymus4,23_51,4,12486.0,12900.0
Mouse_Thymus4,32_59,3,13386.0,13700.0
Mouse_Thymus4,37_87,3,13886.0,16500.0
Mouse_Thymus4,43_48,4,14486.0,12600.0
Mouse_Thymus4,61_27,3,16286.0,10500.0
Mouse_Thymus4,35_19,3,13686.0,9700.0
Mouse_Thymus4,54_119,1,15586.0,19700.0
Mouse_Thymus4,49_32,3,15086.0,11000.0
Mouse_Thymus4,32_66,4,13386.0,14400.0
Mouse_Thymus4,55_93,3,15686.0,17100.0
Mouse_Thymus4,37_83,3,13886.0,16100.0
Mouse_Thymus4,25_27,2,12686.0,10500.0
Mouse_Thymus4,34_48,2,13586.0,12600.0
Mouse_Thymus4,51_22,3,15286.0,10000.0
Mouse_Thymus4,46_102,3,14786.0,18000.0
Mouse_Thymus4,40_10,1,14186.0,8800.0
Mouse_Thymus4,39_34,0,14086.0,11200.0
Mouse_Thymus4,45_109,3,14686.0,18700.0
Mouse_Thymus4,45_19,4,14686.0,9700.0
Mouse_Thymus4,34_32,0,13586.0,11000.0
Mouse_Thymus4,39_93,3,14086.0,17100.0
Mouse_Thymus4,54_117,0,15586.0,19500.0
Mouse_Thymus4,19_46,4,12086.0,12400.0
Mouse_Thymus4,42_104,3,14386.0,18200.0
Mouse_Thymus4,57_1,1,15886.0,7900.0
Mouse_Thymus4,19_79,3,12086.0,15700.0
Mouse_Thymus4,52_22,3,15386.0,10000.0
Mouse_Thymus4,63_6,3,16486.0,8400.0
Mouse_Thymus4,18_47,4,11986.0,12500.0
Mouse_Thymus4,33_85,4,13486.0,16300.0
Mouse_Thymus4,39_69,2,14086.0,14700.0
Mouse_Thymus4,12_42,3,11386.0,12000.0
Mouse_Thymus4,18_67,4,11986.0,14500.0
Mouse_Thymus4,44_81,4,14586.0,15900.0
Mouse_Thymus4,42_78,4,14386.0,15600.0
Mouse_Thymus4,47_24,0,14886.0,10200.0
Mouse_Thymus4,9_55,0,11086.0,13300.0
Mouse_Thymus4,30_36,0,13186.0,11400.0
Mouse_Thymus4,29_34,2,13086.0,11200.0
Mouse_Thymus4,39_80,3,14086.0,15800.0
Mouse_Thymus4,21_53,0,12286.0,13100.0
Mouse_Thymus4,33_74,0,13486.0,15200.0
Mouse_Thymus4,51_102,4,15286.0,18000.0
Mouse_Thymus4,60_24,3,16186.0,10200.0
Mouse_Thymus4,53_89,2,15486.0,16700.0
Mouse_Thymus4,47_112,3,14886.0,19000.0
Mouse_Thymus4,37_79,2,13886.0,15700.0
Mouse_Thymus4,38_61,4,13986.0,13900.0
Mouse_Thymus4,24_48,4,12586.0,12600.0
Mouse_Thymus4,13_59,0,11486.0,13700.0
Mouse_Thymus4,21_52,4,12286.0,13000.0
Mouse_Thymus4,24_24,1,12586.0,10200.0
Mouse_Thymus4,44_94,0,14586.0,17200.0
Mouse_Thymus4,46_73,2,14786.0,15100.0
Mouse_Thymus4,39_14,3,14086.0,9200.0
Mouse_Thymus4,17_52,2,11886.0,13000.0
Mouse_Thymus4,11_61,1,11286.0,13900.0
Mouse_Thymus4,13_35,0,11486.0,11300.0
Mouse_Thymus4,39_49,2,14086.0,12700.0
Mouse_Thymus4,58_30,3,15986.0,10800.0
Mouse_Thymus4,31_82,4,13286.0,16000.0
Mouse_Thymus4,9_44,3,11086.0,12200.0
Mouse_Thymus4,59_2,3,16086.0,8000.0
Mouse_Thymus4,50_39,3,15186.0,11700.0
Mouse_Thymus4,54_33,3,15586.0,11100.0
Mouse_Thymus4,57_93,3,15886.0,17100.0
Mouse_Thymus4,40_52,4,14186.0,13000.0
Mouse_Thymus4,6_53,2,10786.0,13100.0
Mouse_Thymus4,54_22,0,15586.0,10000.0
Mouse_Thymus4,49_28,0,15086.0,10600.0
Mouse_Thymus4,38_75,2,13986.0,15300.0
Mouse_Thymus4,50_75,3,15186.0,15300.0
Mouse_Thymus4,12_38,3,11386.0,11600.0
Mouse_Thymus4,42_35,3,14386.0,11300.0
Mouse_Thymus4,24_74,4,12586.0,15200.0
Mouse_Thymus4,11_48,3,11286.0,12600.0
Mouse_Thymus4,23_24,0,12486.0,10200.0
Mouse_Thymus4,50_77,3,15186.0,15500.0
Mouse_Thymus4,3_44,1,10486.0,12200.0
Mouse_Thymus4,34_35,0,13586.0,11300.0
Mouse_Thymus4,21_66,3,12286.0,14400.0
Mouse_Thymus4,44_99,3,14586.0,17700.0
Mouse_Thymus4,45_102,3,14686.0,18000.0
Mouse_Thymus4,25_35,4,12686.0,11300.0
Mouse_Thymus4,56_86,3,15786.0,16400.0
Mouse_Thymus4,61_88,2,16286.0,16600.0
Mouse_Thymus4,53_25,3,15486.0,10300.0
Mouse_Thymus4,25_24,3,12686.0,10200.0
Mouse_Thymus4,45_35,0,14686.0,11300.0
Mouse_Thymus4,43_18,2,14486.0,9600.0
Mouse_Thymus4,66_2,2,16786.0,8000.0
Mouse_Thymus4,34_24,4,13586.0,10200.0
Mouse_Thymus4,49_111,0,15086.0,18900.0
Mouse_Thymus4,20_31,3,12186.0,10900.0
Mouse_Thymus4,54_81,3,15586.0,15900.0
Mouse_Thymus4,16_63,0,11786.0,14100.0
Mouse_Thymus4,45_86,4,14686.0,16400.0
Mouse_Thymus4,28_34,4,12986.0,11200.0
Mouse_Thymus4,20_46,4,12186.0,12400.0
Mouse_Thymus4,56_10,2,15786.0,8800.0
Mouse_Thymus4,34_84,4,13586.0,16200.0
Mouse_Thymus4,43_70,3,14486.0,14800.0
Mouse_Thymus4,51_32,2,15286.0,11000.0
Mouse_Thymus4,16_74,3,11786.0,15200.0
Mouse_Thymus4,40_61,0,14186.0,13900.0
Mouse_Thymus4,50_32,3,15186.0,11000.0
Mouse_Thymus4,29_31,4,13086.0,10900.0
Mouse_Thymus4,61_96,3,16286.0,17400.0
Mouse_Thymus4,62_101,1,16386.0,17900.0
Mouse_Thymus4,26_77,3,12786.0,15500.0
Mouse_Thymus4,19_80,3,12086.0,15800.0
Mouse_Thymus4,43_33,3,14486.0,11100.0
Mouse_Thymus4,56_9,2,15786.0,8700.0
Mouse_Thymus4,49_115,0,15086.0,19300.0
Mouse_Thymus4,41_33,0,14286.0,11100.0
Mouse_Thymus4,53_82,2,15486.0,16000.0
Mouse_Thymus4,43_19,4,14486.0,9700.0
Mouse_Thymus4,32_71,4,13386.0,14900.0
Mouse_Thymus4,30_68,4,13186.0,14600.0
Mouse_Thymus4,10_40,3,11186.0,11800.0
Mouse_Thymus4,22_53,4,12386.0,13100.0
Mouse_Thymus4,36_70,4,13786.0,14800.0
Mouse_Thymus4,51_8,2,15286.0,8600.0
Mouse_Thymus4,61_25,3,16286.0,10300.0
Mouse_Thymus4,24_75,2,12586.0,15300.0
Mouse_Thymus4,41_89,2,14286.0,16700.0
Mouse_Thymus4,56_22,0,15786.0,10000.0
Mouse_Thymus4,34_36,0,13586.0,11400.0
Mouse_Thymus4,27_20,3,12886.0,9800.0
Mouse_Thymus4,43_97,3,14486.0,17500.0
Mouse_Thymus4,46_82,4,14786.0,16000.0
Mouse_Thymus4,26_84,3,12786.0,16200.0
Mouse_Thymus4,26_92,2,12786.0,17000.0
Mouse_Thymus4,51_7,3,15286.0,8500.0
Mouse_Thymus4,49_49,3,15086.0,12700.0
Mouse_Thymus4,20_52,2,12186.0,13000.0
Mouse_Thymus4,35_56,2,13686.0,13400.0
Mouse_Thymus4,36_56,2,13786.0,13400.0
Mouse_Thymus4,12_43,0,11386.0,12100.0
Mouse_Thymus4,55_28,0,15686.0,10600.0
Mouse_Thymus4,20_42,4,12186.0,12000.0
Mouse_Thymus4,46_30,3,14786.0,10800.0
Mouse_Thymus4,34_89,4,13586.0,16700.0
Mouse_Thymus4,41_74,2,14286.0,15200.0
Mouse_Thymus4,42_50,4,14386.0,12800.0
Mouse_Thymus4,48_28,2,14986.0,10600.0
Mouse_Thymus4,38_56,2,13986.0,13400.0
Mouse_Thymus4,26_76,0,12786.0,15400.0
Mouse_Thymus4,10_38,3,11186.0,11600.0
Mouse_Thymus4,8_38,3,10986.0,11600.0
Mouse_Thymus4,14_33,0,11586.0,11100.0
Mouse_Thymus4,7_38,3,10886.0,11600.0
Mouse_Thymus4,40_44,3,14186.0,12200.0
Mouse_Thymus4,57_112,3,15886.0,19000.0
Mouse_Thymus4,36_62,2,13786.0,14000.0
Mouse_Thymus4,10_36,3,11186.0,11400.0
Mouse_Thymus4,68_3,2,16986.0,8100.0
Mouse_Thymus4,53_95,4,15486.0,17300.0
Mouse_Thymus4,7_60,3,10886.0,13800.0
Mouse_Thymus4,48_39,3,14986.0,11700.0
Mouse_Thymus4,52_105,4,15386.0,18300.0
Mouse_Thymus4,35_20,3,13686.0,9800.0
Mouse_Thymus4,32_51,4,13386.0,12900.0
Mouse_Thymus4,33_53,4,13486.0,13100.0
Mouse_Thymus4,44_73,3,14586.0,15100.0
Mouse_Thymus4,7_41,3,10886.0,11900.0
Mouse_Thymus4,10_48,2,11186.0,12600.0
Mouse_Thymus4,43_42,2,14486.0,12000.0
Mouse_Thymus4,28_21,2,12986.0,9900.0
Mouse_Thymus4,16_54,4,11786.0,13200.0
Mouse_Thymus4,41_47,1,14286.0,12500.0
Mouse_Thymus4,63_23,1,16486.0,10100.0
Mouse_Thymus4,45_68,1,14686.0,14600.0
Mouse_Thymus4,54_78,2,15586.0,15600.0
Mouse_Thymus4,58_3,3,15986.0,8100.0
Mouse_Thymus4,33_83,4,13486.0,16100.0
Mouse_Thymus4,66_9,3,16786.0,8700.0
Mouse_Thymus4,30_66,0,13186.0,14400.0
Mouse_Thymus4,31_96,3,13286.0,17400.0
Mouse_Thymus4,38_42,3,13986.0,12000.0
Mouse_Thymus4,54_107,4,15586.0,18500.0
Mouse_Thymus4,48_92,4,14986.0,17000.0
Mouse_Thymus4,44_102,3,14586.0,18000.0
Mouse_Thymus4,32_58,2,13386.0,13600.0
Mouse_Thymus4,18_28,1,11986.0,10600.0
Mouse_Thymus4,42_76,4,14386.0,15400.0
Mouse_Thymus4,42_27,4,14386.0,10500.0
Mouse_Thymus4,53_3,0,15486.0,8100.0
Mouse_Thymus4,13_57,3,11486.0,13500.0
Mouse_Thymus4,51_6,3,15286.0,8400.0
Mouse_Thymus4,36_19,0,13786.0,9700.0
Mouse_Thymus4,55_79,3,15686.0,15700.0
Mouse_Thymus4,36_27,4,13786.0,10500.0
Mouse_Thymus4,51_109,4,15286.0,18700.0
Mouse_Thymus4,59_16,0,16086.0,9400.0
Mouse_Thymus4,45_28,0,14686.0,10600.0
Mouse_Thymus4,32_40,0,13386.0,11800.0
Mouse_Thymus4,30_37,0,13186.0,11500.0
Mouse_Thymus4,32_90,2,13386.0,16800.0
Mouse_Thymus4,9_52,3,11086.0,13000.0
Mouse_Thymus4,43_95,3,14486.0,17300.0
Mouse_Thymus4,39_24,4,14086.0,10200.0
Mouse_Thymus4,27_31,4,12886.0,10900.0
Mouse_Thymus4,8_50,0,10986.0,12800.0
Mouse_Thymus4,55_3,3,15686.0,8100.0
Mouse_Thymus4,52_89,4,15386.0,16700.0
Mouse_Thymus4,56_24,0,15786.0,10200.0
Mouse_Thymus4,4_41,0,10586.0,11900.0
Mouse_Thymus4,44_83,4,14586.0,16100.0
Mouse_Thymus4,40_79,4,14186.0,15700.0
Mouse_Thymus4,42_52,4,14386.0,13000.0
Mouse_Thymus4,8_63,3,10986.0,14100.0
Mouse_Thymus4,10_41,3,11186.0,11900.0
Mouse_Thymus4,14_61,0,11586.0,13900.0
Mouse_Thymus4,24_65,4,12586.0,14300.0
Mouse_Thymus4,34_23,2,13586.0,10100.0
Mouse_Thymus4,17_70,0,11886.0,14800.0
Mouse_Thymus4,27_76,3,12886.0,15400.0
Mouse_Thymus4,44_49,4,14586.0,12700.0
Mouse_Thymus4,49_90,4,15086.0,16800.0
Mouse_Thymus4,24_22,2,12586.0,10000.0
Mouse_Thymus4,62_9,3,16386.0,8700.0
Mouse_Thymus4,25_84,3,12686.0,16200.0
Mouse_Thymus4,45_72,2,14686.0,15000.0
Mouse_Thymus4,52_98,4,15386.0,17600.0
Mouse_Thymus4,31_83,2,13286.0,16100.0
Mouse_Thymus4,30_73,2,13186.0,15100.0
Mouse_Thymus4,60_20,1,16186.0,9800.0
Mouse_Thymus4,19_49,4,12086.0,12700.0
Mouse_Thymus4,42_19,4,14386.0,9700.0
Mouse_Thymus4,59_33,0,16086.0,11100.0
Mouse_Thymus4,28_49,4,12986.0,12700.0
Mouse_Thymus4,25_60,4,12686.0,13800.0
Mouse_Thymus4,32_74,0,13386.0,15200.0
Mouse_Thymus4,51_5,3,15286.0,8300.0
Mouse_Thymus4,32_50,4,13386.0,12800.0
Mouse_Thymus4,47_89,2,14886.0,16700.0
Mouse_Thymus4,57_89,3,15886.0,16700.0
Mouse_Thymus4,17_32,0,11886.0,11000.0
Mouse_Thymus4,31_46,4,13286.0,12400.0
Mouse_Thymus4,51_115,3,15286.0,19300.0
Mouse_Thymus4,47_111,3,14886.0,18900.0
Mouse_Thymus4,55_91,3,15686.0,16900.0
Mouse_Thymus4,51_86,4,15286.0,16400.0
Mouse_Thymus4,28_89,3,12986.0,16700.0
Mouse_Thymus4,18_75,3,11986.0,15300.0
Mouse_Thymus4,49_41,3,15086.0,11900.0
Mouse_Thymus4,32_54,4,13386.0,13200.0
Mouse_Thymus4,41_85,3,14286.0,16300.0
Mouse_Thymus4,47_30,1,14886.0,10800.0
Mouse_Thymus4,12_59,0,11386.0,13700.0
Mouse_Thymus4,32_76,2,13386.0,15400.0
Mouse_Thymus4,51_108,4,15286.0,18600.0
Mouse_Thymus4,49_77,3,15086.0,15500.0
Mouse_Thymus4,18_33,3,11986.0,11100.0
Mouse_Thymus4,52_87,0,15386.0,16500.0
Mouse_Thymus4,22_29,3,12386.0,10700.0
Mouse_Thymus4,36_47,3,13786.0,12500.0
Mouse_Thymus4,14_39,0,11586.0,11700.0
Mouse_Thymus4,44_101,3,14586.0,17900.0
Mouse_Thymus4,43_45,0,14486.0,12300.0
Mouse_Thymus4,31_21,3,13286.0,9900.0
Mouse_Thymus4,41_65,0,14286.0,14300.0
Mouse_Thymus4,17_56,3,11886.0,13400.0
Mouse_Thymus4,8_42,3,10986.0,12000.0
Mouse_Thymus4,56_15,0,15786.0,9300.0
Mouse_Thymus4,44_38,3,14586.0,11600.0
Mouse_Thymus4,30_27,4,13186.0,10500.0
Mouse_Thymus4,52_24,0,15386.0,10200.0
Mouse_Thymus4,46_31,3,14786.0,10900.0
Mouse_Thymus4,36_46,3,13786.0,12400.0
Mouse_Thymus4,33_39,0,13486.0,11700.0
Mouse_Thymus4,52_37,3,15386.0,11500.0
Mouse_Thymus4,15_62,3,11686.0,14000.0
Mouse_Thymus4,6_41,3,10786.0,11900.0
Mouse_Thymus4,58_96,3,15986.0,17400.0
Mouse_Thymus4,35_89,2,13686.0,16700.0
Mouse_Thymus4,56_25,3,15786.0,10300.0
Mouse_Thymus4,52_46,3,15386.0,12400.0
Mouse_Thymus4,36_63,1,13786.0,14100.0
Mouse_Thymus4,16_68,0,11786.0,14600.0
Mouse_Thymus4,50_34,3,15186.0,11200.0
Mouse_Thymus4,42_89,1,14386.0,16700.0
Mouse_Thymus4,47_95,4,14886.0,17300.0
Mouse_Thymus4,21_73,3,12286.0,15100.0
Mouse_Thymus4,46_46,0,14786.0,12400.0
Mouse_Thymus4,28_20,1,12986.0,9800.0
Mouse_Thymus4,33_33,3,13486.0,11100.0
Mouse_Thymus4,55_108,2,15686.0,18600.0
Mouse_Thymus4,37_89,2,13886.0,16700.0
Mouse_Thymus4,60_86,3,16186.0,16400.0
Mouse_Thymus4,31_39,0,13286.0,11700.0
Mouse_Thymus4,62_27,3,16386.0,10500.0
Mouse_Thymus4,56_88,3,15786.0,16600.0
Mouse_Thymus4,25_61,4,12686.0,13900.0
Mouse_Thymus4,45_41,0,14686.0,11900.0
Mouse_Thymus4,47_83,4,14886.0,16100.0
Mouse_Thymus4,48_34,3,14986.0,11200.0
Mouse_Thymus4,55_24,0,15686.0,10200.0
Mouse_Thymus4,41_86,1,14286.0,16400.0
Mouse_Thymus4,43_64,3,14486.0,14200.0
Mouse_Thymus4,52_5,3,15386.0,8300.0
Mouse_Thymus4,48_19,4,14986.0,9700.0
Mouse_Thymus4,20_80,3,12186.0,15800.0
Mouse_Thymus4,50_74,0,15186.0,15200.0
Mouse_Thymus4,33_54,4,13486.0,13200.0
Mouse_Thymus4,56_34,2,15786.0,11200.0
Mouse_Thymus4,32_75,1,13386.0,15300.0
Mouse_Thymus4,53_91,4,15486.0,16900.0
Mouse_Thymus4,49_22,1,15086.0,10000.0
Mouse_Thymus4,25_63,2,12686.0,14100.0
Mouse_Thymus4,64_30,3,16586.0,10800.0
Mouse_Thymus4,51_12,0,15286.0,9000.0
Mouse_Thymus4,63_30,3,16486.0,10800.0
Mouse_Thymus4,2_57,0,10386.0,13500.0
Mouse_Thymus4,38_72,2,13986.0,15000.0
Mouse_Thymus4,52_115,0,15386.0,19300.0
Mouse_Thymus4,40_15,3,14186.0,9300.0
Mouse_Thymus4,28_74,0,12986.0,15200.0
Mouse_Thymus4,41_14,3,14286.0,9200.0
Mouse_Thymus4,22_56,3,12386.0,13400.0
Mouse_Thymus4,28_24,3,12986.0,10200.0
Mouse_Thymus4,53_8,4,15486.0,8600.0
Mouse_Thymus4,35_33,4,13686.0,11100.0
Mouse_Thymus4,27_66,4,12886.0,14400.0
Mouse_Thymus4,13_52,0,11486.0,13000.0
Mouse_Thymus4,32_56,0,13386.0,13400.0
Mouse_Thymus4,50_96,4,15186.0,17400.0
Mouse_Thymus4,48_15,4,14986.0,9300.0
Mouse_Thymus4,29_29,4,13086.0,10700.0
Mouse_Thymus4,21_37,4,12286.0,11500.0
Mouse_Thymus4,60_1,1,16186.0,7900.0
Mouse_Thymus4,46_97,4,14786.0,17500.0
Mouse_Thymus4,41_87,3,14286.0,16500.0
Mouse_Thymus4,4_55,3,10586.0,13300.0
Mouse_Thymus4,60_12,0,16186.0,9000.0
Mouse_Thymus4,42_47,4,14386.0,12500.0
Mouse_Thymus4,58_102,3,15986.0,18000.0
Mouse_Thymus4,39_97,3,14086.0,17500.0
Mouse_Thymus4,61_97,3,16286.0,17500.0
Mouse_Thymus4,49_23,0,15086.0,10100.0
Mouse_Thymus4,49_36,3,15086.0,11400.0
Mouse_Thymus4,21_36,0,12286.0,11400.0
Mouse_Thymus4,35_61,0,13686.0,13900.0
Mouse_Thymus4,54_38,2,15586.0,11600.0
Mouse_Thymus4,6_47,3,10786.0,12500.0
Mouse_Thymus4,68_2,3,16986.0,8000.0
Mouse_Thymus4,32_73,2,13386.0,15100.0
Mouse_Thymus4,50_49,0,15186.0,12700.0
Mouse_Thymus4,41_55,4,14286.0,13300.0
Mouse_Thymus4,43_43,3,14486.0,12100.0
Mouse_Thymus4,49_76,2,15086.0,15400.0
Mouse_Thymus4,57_41,1,15886.0,11900.0
Mouse_Thymus4,53_97,4,15486.0,17500.0
Mouse_Thymus4,37_35,2,13886.0,11300.0
Mouse_Thymus4,14_52,2,11586.0,13000.0
Mouse_Thymus4,30_86,2,13186.0,16400.0
Mouse_Thymus4,29_44,2,13086.0,12200.0
Mouse_Thymus4,50_45,0,15186.0,12300.0
Mouse_Thymus4,23_85,3,12486.0,16300.0
Mouse_Thymus4,33_43,0,13486.0,12100.0
Mouse_Thymus4,58_32,3,15986.0,11000.0
Mouse_Thymus4,47_19,4,14886.0,9700.0
Mouse_Thymus4,34_87,2,13586.0,16500.0
Mouse_Thymus4,29_89,3,13086.0,16700.0
Mouse_Thymus4,24_28,3,12586.0,10600.0
Mouse_Thymus4,63_24,3,16486.0,10200.0
Mouse_Thymus4,48_110,2,14986.0,18800.0
Mouse_Thymus4,47_37,3,14886.0,11500.0
Mouse_Thymus4,48_29,0,14986.0,10700.0
Mouse_Thymus4,33_87,2,13486.0,16500.0
Mouse_Thymus4,31_71,4,13286.0,14900.0
Mouse_Thymus4,27_26,3,12886.0,10400.0
Mouse_Thymus4,37_62,1,13886.0,14000.0
Mouse_Thymus4,31_40,3,13286.0,11800.0
Mouse_Thymus4,40_77,4,14186.0,15500.0
Mouse_Thymus4,62_94,3,16386.0,17200.0
Mouse_Thymus4,33_41,0,13486.0,11900.0
Mouse_Thymus4,59_38,3,16086.0,11600.0
Mouse_Thymus4,31_48,2,13286.0,12600.0
Mouse_Thymus4,58_13,0,15986.0,9100.0
Mouse_Thymus4,28_85,3,12986.0,16300.0
Mouse_Thymus4,3_51,2,10486.0,12900.0
Mouse_Thymus4,48_10,2,14986.0,8800.0
Mouse_Thymus4,61_11,0,16286.0,8900.0
Mouse_Thymus4,12_57,3,11386.0,13500.0
Mouse_Thymus4,30_31,0,13186.0,10900.0
Mouse_Thymus4,46_107,3,14786.0,18500.0
Mouse_Thymus4,52_7,3,15386.0,8500.0
Mouse_Thymus4,7_59,3,10886.0,13700.0
Mouse_Thymus4,55_101,2,15686.0,17900.0
Mouse_Thymus4,60_109,2,16186.0,18700.0
Mouse_Thymus4,34_37,3,13586.0,11500.0
Mouse_Thymus4,53_38,0,15486.0,11600.0
Mouse_Thymus4,25_30,4,12686.0,10800.0
Mouse_Thymus4,37_63,4,13886.0,14100.0
Mouse_Thymus4,33_17,1,13486.0,9500.0
Mouse_Thymus4,46_110,3,14786.0,18800.0
Mouse_Thymus4,5_41,3,10686.0,11900.0
Mouse_Thymus4,56_85,3,15786.0,16300.0
Mouse_Thymus4,49_86,4,15086.0,16400.0
Mouse_Thymus4,60_36,3,16186.0,11400.0
Mouse_Thymus4,14_34,0,11586.0,11200.0
Mouse_Thymus4,60_104,3,16186.0,18200.0
Mouse_Thymus4,29_40,2,13086.0,11800.0
Mouse_Thymus4,12_48,0,11386.0,12600.0
Mouse_Thymus4,18_70,0,11986.0,14800.0
Mouse_Thymus4,47_104,2,14886.0,18200.0
Mouse_Thymus4,55_114,2,15686.0,19200.0
Mouse_Thymus4,36_83,2,13786.0,16100.0
Mouse_Thymus4,27_38,4,12886.0,11600.0
Mouse_Thymus4,57_36,3,15886.0,11400.0
Mouse_Thymus4,49_21,3,15086.0,9900.0
Mouse_Thymus4,33_75,3,13486.0,15300.0
Mouse_Thymus4,19_29,0,12086.0,10700.0
Mouse_Thymus4,59_111,1,16086.0,18900.0
Mouse_Thymus4,35_29,3,13686.0,10700.0
Mouse_Thymus4,56_40,3,15786.0,11800.0
Mouse_Thymus4,33_20,0,13486.0,9800.0
Mouse_Thymus4,10_34,3,11186.0,11200.0
Mouse_Thymus4,15_44,3,11686.0,12200.0
Mouse_Thymus4,12_52,0,11386.0,13000.0
Mouse_Thymus4,63_1,2,16486.0,7900.0
Mouse_Thymus4,51_82,2,15286.0,16000.0
Mouse_Thymus4,54_26,3,15586.0,10400.0
Mouse_Thymus4,17_77,1,11886.0,15500.0
Mouse_Thymus4,53_119,3,15486.0,19700.0
Mouse_Thymus4,33_92,3,13486.0,17000.0
Mouse_Thymus4,54_3,2,15586.0,8100.0
Mouse_Thymus4,65_4,2,16686.0,8200.0
Mouse_Thymus4,41_80,4,14286.0,15800.0
Mouse_Thymus4,55_118,3,15686.0,19600.0
Mouse_Thymus4,63_3,3,16486.0,8100.0
Mouse_Thymus4,19_81,3,12086.0,15900.0
Mouse_Thymus4,52_18,3,15386.0,9600.0
Mouse_Thymus4,49_46,0,15086.0,12400.0
Mouse_Thymus4,47_21,4,14886.0,9900.0
Mouse_Thymus4,43_96,3,14486.0,17400.0
Mouse_Thymus4,62_6,2,16386.0,8400.0
Mouse_Thymus4,2_55,3,10386.0,13300.0
Mouse_Thymus4,36_61,2,13786.0,13900.0
Mouse_Thymus4,42_73,4,14386.0,15100.0
Mouse_Thymus4,49_13,4,15086.0,9100.0
Mouse_Thymus4,45_46,0,14686.0,12400.0
Mouse_Thymus4,15_66,3,11686.0,14400.0
Mouse_Thymus4,26_57,4,12786.0,13500.0
Mouse_Thymus4,52_77,3,15386.0,15500.0
Mouse_Thymus4,37_30,4,13886.0,10800.0
Mouse_Thymus4,28_59,4,12986.0,13700.0
Mouse_Thymus4,44_31,0,14586.0,10900.0
Mouse_Thymus4,45_83,4,14686.0,16100.0
Mouse_Thymus4,55_102,3,15686.0,18000.0
Mouse_Thymus4,46_38,0,14786.0,11600.0
Mouse_Thymus4,26_28,0,12786.0,10600.0
Mouse_Thymus4,52_83,4,15386.0,16100.0
Mouse_Thymus4,65_6,3,16686.0,8400.0
Mouse_Thymus4,28_73,3,12986.0,15100.0
Mouse_Thymus4,70_0,3,17186.0,7800.0
Mouse_Thymus4,40_12,0,14186.0,9000.0
Mouse_Thymus4,40_102,1,14186.0,18000.0
Mouse_Thymus4,56_5,0,15786.0,8300.0
Mouse_Thymus4,28_55,4,12986.0,13300.0
Mouse_Thymus4,58_5,4,15986.0,8300.0
Mouse_Thymus4,22_83,3,12386.0,16100.0
Mouse_Thymus4,47_46,2,14886.0,12400.0
Mouse_Thymus4,48_72,0,14986.0,15000.0
Mouse_Thymus4,9_45,3,11086.0,12300.0
Mouse_Thymus4,47_97,4,14886.0,17500.0
Mouse_Thymus4,43_91,3,14486.0,16900.0
Mouse_Thymus4,5_50,3,10686.0,12800.0
Mouse_Thymus4,15_56,0,11686.0,13400.0
Mouse_Thymus4,41_26,4,14286.0,10400.0
Mouse_Thymus4,52_38,3,15386.0,11600.0
Mouse_Thymus4,25_40,4,12686.0,11800.0
Mouse_Thymus4,29_21,3,13086.0,9900.0
Mouse_Thymus4,50_9,4,15186.0,8700.0
Mouse_Thymus4,29_86,2,13086.0,16400.0
Mouse_Thymus4,56_28,3,15786.0,10600.0
Mouse_Thymus4,48_21,0,14986.0,9900.0
Mouse_Thymus4,48_3,1,14986.0,8100.0
Mouse_Thymus4,10_35,3,11186.0,11300.0
Mouse_Thymus4,48_16,2,14986.0,9400.0
Mouse_Thymus4,50_83,4,15186.0,16100.0
Mouse_Thymus4,59_108,3,16086.0,18600.0
Mouse_Thymus4,14_50,2,11586.0,12800.0
Mouse_Thymus4,9_54,0,11086.0,13200.0
Mouse_Thymus4,58_26,3,15986.0,10400.0
Mouse_Thymus4,64_11,3,16586.0,8900.0
Mouse_Thymus4,55_25,3,15686.0,10300.0
Mouse_Thymus4,45_22,2,14686.0,10000.0
Mouse_Thymus4,44_87,4,14586.0,16500.0
Mouse_Thymus4,20_50,2,12186.0,12800.0
Mouse_Thymus4,44_88,0,14586.0,16600.0
Mouse_Thymus4,38_43,3,13986.0,12100.0
Mouse_Thymus4,28_67,4,12986.0,14500.0
Mouse_Thymus4,22_75,4,12386.0,15300.0
Mouse_Thymus4,51_113,2,15286.0,19100.0
Mouse_Thymus4,48_112,3,14986.0,19000.0
Mouse_Thymus4,37_48,2,13886.0,12600.0
Mouse_Thymus4,15_37,2,11686.0,11500.0
Mouse_Thymus4,59_9,4,16086.0,8700.0
Mouse_Thymus4,49_10,4,15086.0,8800.0
Mouse_Thymus4,46_42,0,14786.0,12000.0
Mouse_Thymus4,42_86,2,14386.0,16400.0
Mouse_Thymus4,5_61,3,10686.0,13900.0
Mouse_Thymus4,48_82,4,14986.0,16000.0
Mouse_Thymus4,51_94,4,15286.0,17200.0
Mouse_Thymus4,41_59,2,14286.0,13700.0
Mouse_Thymus4,21_29,3,12286.0,10700.0
Mouse_Thymus4,21_45,4,12286.0,12300.0
Mouse_Thymus4,37_93,3,13886.0,17100.0
Mouse_Thymus4,44_25,0,14586.0,10300.0
Mouse_Thymus4,45_13,4,14686.0,9100.0
Mouse_Thymus4,38_71,2,13986.0,14900.0
Mouse_Thymus4,44_20,4,14586.0,9800.0
Mouse_Thymus4,7_37,3,10886.0,11500.0
Mouse_Thymus4,30_92,3,13186.0,17000.0
Mouse_Thymus4,43_108,1,14486.0,18600.0
Mouse_Thymus4,23_27,2,12486.0,10500.0
Mouse_Thymus4,24_68,4,12586.0,14600.0
Mouse_Thymus4,33_65,2,13486.0,14300.0
Mouse_Thymus4,25_43,4,12686.0,12100.0
Mouse_Thymus4,57_98,3,15886.0,17600.0
Mouse_Thymus4,28_62,4,12986.0,14000.0
Mouse_Thymus4,51_42,0,15286.0,12000.0
Mouse_Thymus4,38_31,4,13986.0,10900.0
Mouse_Thymus4,10_62,3,11186.0,14000.0
Mouse_Thymus4,44_108,3,14586.0,18600.0
Mouse_Thymus4,50_79,3,15186.0,15700.0
Mouse_Thymus4,38_39,0,13986.0,11700.0
Mouse_Thymus4,46_17,4,14786.0,9500.0
Mouse_Thymus4,41_13,3,14286.0,9100.0
Mouse_Thymus4,53_106,4,15486.0,18400.0
Mouse_Thymus4,14_47,3,11586.0,12500.0
Mouse_Thymus4,54_92,2,15586.0,17000.0
Mouse_Thymus4,6_45,3,10786.0,12300.0
Mouse_Thymus4,33_24,0,13486.0,10200.0
Mouse_Thymus4,46_7,3,14786.0,8500.0
Mouse_Thymus4,45_24,3,14686.0,10200.0
Mouse_Thymus4,0_54,3,10186.0,13200.0
Mouse_Thymus4,63_8,3,16486.0,8600.0
Mouse_Thymus4,36_18,3,13786.0,9600.0
Mouse_Thymus4,62_99,3,16386.0,17700.0
Mouse_Thymus4,26_22,1,12786.0,10000.0
Mouse_Thymus4,28_79,2,12986.0,15700.0
Mouse_Thymus4,39_92,3,14086.0,17000.0
Mouse_Thymus4,20_82,3,12186.0,16000.0
Mouse_Thymus4,14_32,3,11586.0,11000.0
Mouse_Thymus4,19_57,2,12086.0,13500.0
Mouse_Thymus4,48_86,4,14986.0,16400.0
Mouse_Thymus4,55_34,3,15686.0,11200.0
Mouse_Thymus4,30_82,4,13186.0,16000.0
Mouse_Thymus4,52_104,4,15386.0,18200.0
Mouse_Thymus4,29_91,3,13086.0,16900.0
Mouse_Thymus4,48_79,3,14986.0,15700.0
Mouse_Thymus4,40_72,2,14186.0,15000.0
Mouse_Thymus4,30_55,4,13186.0,13300.0
Mouse_Thymus4,25_52,4,12686.0,13000.0
Mouse_Thymus4,60_37,1,16186.0,11500.0
Mouse_Thymus4,25_25,3,12686.0,10300.0
Mouse_Thymus4,58_92,3,15986.0,17000.0
Mouse_Thymus4,16_36,0,11786.0,11400.0
Mouse_Thymus4,36_55,3,13786.0,13300.0
Mouse_Thymus4,15_46,0,11686.0,12400.0
Mouse_Thymus4,18_42,4,11986.0,12000.0
Mouse_Thymus4,9_58,0,11086.0,13600.0
Mouse_Thymus4,42_13,3,14386.0,9100.0
Mouse_Thymus4,51_78,1,15286.0,15600.0
Mouse_Thymus4,5_60,3,10686.0,13800.0
Mouse_Thymus4,35_32,4,13686.0,11000.0
Mouse_Thymus4,29_30,4,13086.0,10800.0
Mouse_Thymus4,59_6,4,16086.0,8400.0
Mouse_Thymus4,47_29,3,14886.0,10700.0
Mouse_Thymus4,55_6,4,15686.0,8400.0
Mouse_Thymus4,39_68,4,14086.0,14600.0
Mouse_Thymus4,36_44,0,13786.0,12200.0
Mouse_Thymus4,4_46,3,10586.0,12400.0
Mouse_Thymus4,46_54,1,14786.0,13200.0
Mouse_Thymus4,19_76,3,12086.0,15400.0
Mouse_Thymus4,48_31,1,14986.0,10900.0
Mouse_Thymus4,33_15,1,13486.0,9300.0
Mouse_Thymus4,45_87,4,14686.0,16500.0
Mouse_Thymus4,40_58,4,14186.0,13600.0
Mouse_Thymus4,33_63,2,13486.0,14100.0
Mouse_Thymus4,44_78,4,14586.0,15600.0
Mouse_Thymus4,41_61,3,14286.0,13900.0
Mouse_Thymus4,59_89,3,16086.0,16700.0
Mouse_Thymus4,48_74,3,14986.0,15200.0
Mouse_Thymus4,29_47,2,13086.0,12500.0
Mouse_Thymus4,5_51,0,10686.0,12900.0
Mouse_Thymus4,26_26,3,12786.0,10400.0
Mouse_Thymus4,36_51,2,13786.0,12900.0
Mouse_Thymus4,57_99,0,15886.0,17700.0
Mouse_Thymus4,23_70,4,12486.0,14800.0
Mouse_Thymus4,48_52,1,14986.0,13000.0
Mouse_Thymus4,51_104,4,15286.0,18200.0
Mouse_Thymus4,25_86,2,12686.0,16400.0
Mouse_Thymus4,36_72,2,13786.0,15000.0
Mouse_Thymus4,53_98,4,15486.0,17600.0
Mouse_Thymus4,45_50,4,14686.0,12800.0
Mouse_Thymus4,17_68,3,11886.0,14600.0
Mouse_Thymus4,22_36,0,12386.0,11400.0
Mouse_Thymus4,26_79,2,12786.0,15700.0
Mouse_Thymus4,29_79,4,13086.0,15700.0
Mouse_Thymus4,32_41,4,13386.0,11900.0
Mouse_Thymus4,45_105,3,14686.0,18300.0
Mouse_Thymus4,42_64,3,14386.0,14200.0
Mouse_Thymus4,19_73,3,12086.0,15100.0
Mouse_Thymus4,39_61,0,14086.0,13900.0
Mouse_Thymus4,49_73,1,15086.0,15100.0
Mouse_Thymus4,20_76,0,12186.0,15400.0
Mouse_Thymus4,13_69,1,11486.0,14700.0
Mouse_Thymus4,42_14,3,14386.0,9200.0
Mouse_Thymus4,30_58,4,13186.0,13600.0
Mouse_Thymus4,37_95,0,13886.0,17300.0
Mouse_Thymus4,6_46,0,10786.0,12400.0
Mouse_Thymus4,9_50,3,11086.0,12800.0
Mouse_Thymus4,32_92,0,13386.0,17000.0
Mouse_Thymus4,31_29,0,13286.0,10700.0
Mouse_Thymus4,21_68,3,12286.0,14600.0
Mouse_Thymus4,37_57,2,13886.0,13500.0
Mouse_Thymus4,56_84,3,15786.0,16200.0
Mouse_Thymus4,30_48,3,13186.0,12600.0
Mouse_Thymus4,40_22,4,14186.0,10000.0
Mouse_Thymus4,41_56,4,14286.0,13400.0
Mouse_Thymus4,46_44,1,14786.0,12200.0
Mouse_Thymus4,16_73,0,11786.0,15100.0
Mouse_Thymus4,8_58,0,10986.0,13600.0
Mouse_Thymus4,51_37,3,15286.0,11500.0
Mouse_Thymus4,20_79,3,12186.0,15700.0
Mouse_Thymus4,21_75,0,12286.0,15300.0
Mouse_Thymus4,31_17,1,13286.0,9500.0
Mouse_Thymus4,1_58,3,10286.0,13600.0
Mouse_Thymus4,51_97,4,15286.0,17500.0
Mouse_Thymus4,32_24,0,13386.0,10200.0
Mouse_Thymus4,52_118,3,15386.0,19600.0
Mouse_Thymus4,4_56,0,10586.0,13400.0
Mouse_Thymus4,5_44,3,10686.0,12200.0
Mouse_Thymus4,46_26,0,14786.0,10400.0
Mouse_Thymus4,20_40,4,12186.0,11800.0
Mouse_Thymus4,6_50,0,10786.0,12800.0
Mouse_Thymus4,59_99,2,16086.0,17700.0
Mouse_Thymus4,47_99,1,14886.0,17700.0
Mouse_Thymus4,42_87,3,14386.0,16500.0
Mouse_Thymus4,42_37,3,14386.0,11500.0
Mouse_Thymus4,30_17,1,13186.0,9500.0
Mouse_Thymus4,12_39,3,11386.0,11700.0
Mouse_Thymus4,51_4,3,15286.0,8200.0
Mouse_Thymus4,8_53,3,10986.0,13100.0
Mouse_Thymus4,62_32,1,16386.0,11000.0
Mouse_Thymus4,51_88,4,15286.0,16600.0
Mouse_Thymus4,7_58,3,10886.0,13600.0
Mouse_Thymus4,45_10,2,14686.0,8800.0
Mouse_Thymus4,42_38,0,14386.0,11600.0
Mouse_Thymus4,61_91,3,16286.0,16900.0
Mouse_Thymus4,10_44,3,11186.0,12200.0
Mouse_Thymus4,51_96,4,15286.0,17400.0
Mouse_Thymus4,6_51,1,10786.0,12900.0
Mouse_Thymus4,40_56,4,14186.0,13400.0
Mouse_Thymus4,47_77,3,14886.0,15500.0
Mouse_Thymus4,12_44,3,11386.0,12200.0
Mouse_Thymus4,19_44,4,12086.0,12200.0
Mouse_Thymus4,12_64,3,11386.0,14200.0
Mouse_Thymus4,50_40,3,15186.0,11800.0
Mouse_Thymus4,53_115,3,15486.0,19300.0
Mouse_Thymus4,71_0,3,17286.0,7800.0
Mouse_Thymus4,36_84,2,13786.0,16200.0
Mouse_Thymus4,0_57,3,10186.0,13500.0
Mouse_Thymus4,29_60,4,13086.0,13800.0
Mouse_Thymus4,58_28,3,15986.0,10600.0
Mouse_Thymus4,55_16,0,15686.0,9400.0
Mouse_Thymus4,60_91,2,16186.0,16900.0
Mouse_Thymus4,51_49,3,15286.0,12700.0
Mouse_Thymus4,16_51,3,11786.0,12900.0
Mouse_Thymus4,47_11,4,14886.0,8900.0
Mouse_Thymus4,29_81,2,13086.0,15900.0
Mouse_Thymus4,41_11,3,14286.0,8900.0
Mouse_Thymus4,38_84,2,13986.0,16200.0
Mouse_Thymus4,33_95,0,13486.0,17300.0
Mouse_Thymus4,58_110,0,15986.0,18800.0
Mouse_Thymus4,6_48,3,10786.0,12600.0
Mouse_Thymus4,23_60,2,12486.0,13800.0
Mouse_Thymus4,54_34,3,15586.0,11200.0
Mouse_Thymus4,37_71,2,13886.0,14900.0
Mouse_Thymus4,33_70,2,13486.0,14800.0
Mouse_Thymus4,15_73,3,11686.0,15100.0
Mouse_Thymus4,28_64,0,12986.0,14200.0
Mouse_Thymus4,25_48,4,12686.0,12600.0
Mouse_Thymus4,41_9,1,14286.0,8700.0
Mouse_Thymus4,33_46,0,13486.0,12400.0
Mouse_Thymus4,54_88,2,15586.0,16600.0
Mouse_Thymus4,52_3,0,15386.0,8100.0
Mouse_Thymus4,29_90,3,13086.0,16800.0
Mouse_Thymus4,21_54,2,12286.0,13200.0
Mouse_Thymus4,36_28,2,13786.0,10600.0
Mouse_Thymus4,11_51,3,11286.0,12900.0
Mouse_Thymus4,47_28,3,14886.0,10600.0
Mouse_Thymus4,50_3,2,15186.0,8100.0
Mouse_Thymus4,32_48,4,13386.0,12600.0
Mouse_Thymus4,36_20,2,13786.0,9800.0
Mouse_Thymus4,52_43,0,15386.0,12100.0
Mouse_Thymus4,40_50,4,14186.0,12800.0
Mouse_Thymus4,61_105,3,16286.0,18300.0
Mouse_Thymus4,26_25,3,12786.0,10300.0
Mouse_Thymus4,72_1,1,17386.0,7900.0
Mouse_Thymus4,64_10,2,16586.0,8800.0
Mouse_Thymus4,49_79,2,15086.0,15700.0
Mouse_Thymus4,1_54,3,10286.0,13200.0
Mouse_Thymus4,4_43,0,10586.0,12100.0
Mouse_Thymus4,51_28,0,15286.0,10600.0
Mouse_Thymus4,52_28,3,15386.0,10600.0
Mouse_Thymus4,55_100,2,15686.0,17800.0
Mouse_Thymus4,46_40,0,14786.0,11800.0
Mouse_Thymus4,27_34,4,12886.0,11200.0
Mouse_Thymus4,53_36,3,15486.0,11400.0
Mouse_Thymus4,30_74,2,13186.0,15200.0
Mouse_Thymus4,26_30,4,12786.0,10800.0
Mouse_Thymus4,40_38,3,14186.0,11600.0
Mouse_Thymus4,22_71,4,12386.0,14900.0
Mouse_Thymus4,24_66,4,12586.0,14400.0
Mouse_Thymus4,51_84,2,15286.0,16200.0
Mouse_Thymus4,52_76,3,15386.0,15400.0
Mouse_Thymus4,44_95,3,14586.0,17300.0
Mouse_Thymus4,58_37,3,15986.0,11500.0
Mouse_Thymus4,21_35,0,12286.0,11300.0
Mouse_Thymus4,47_44,0,14886.0,12200.0
Mouse_Thymus4,40_45,3,14186.0,12300.0
Mouse_Thymus4,25_42,2,12686.0,12000.0
Mouse_Thymus4,39_84,2,14086.0,16200.0
Mouse_Thymus4,40_54,4,14186.0,13200.0
Mouse_Thymus4,38_57,0,13986.0,13500.0
Mouse_Thymus4,41_102,0,14286.0,18000.0
Mouse_Thymus4,24_77,3,12586.0,15500.0
Mouse_Thymus4,44_19,4,14586.0,9700.0
Mouse_Thymus4,42_40,3,14386.0,11800.0
Mouse_Thymus4,21_67,3,12286.0,14500.0
Mouse_Thymus4,60_30,3,16186.0,10800.0
Mouse_Thymus4,10_58,0,11186.0,13600.0
Mouse_Thymus4,60_21,1,16186.0,9900.0
Mouse_Thymus4,58_86,2,15986.0,16400.0
Mouse_Thymus4,43_71,1,14486.0,14900.0
Mouse_Thymus4,33_69,4,13486.0,14700.0
Mouse_Thymus4,7_33,1,10886.0,11100.0
Mouse_Thymus4,50_19,3,15186.0,9700.0
Mouse_Thymus4,20_60,4,12186.0,13800.0
Mouse_Thymus4,21_30,3,12286.0,10800.0
Mouse_Thymus4,26_50,2,12786.0,12800.0
Mouse_Thymus4,70_5,3,17186.0,8300.0
Mouse_Thymus4,43_35,3,14486.0,11300.0
Mouse_Thymus4,28_90,0,12986.0,16800.0
Mouse_Thymus4,52_90,4,15386.0,16800.0
Mouse_Thymus4,41_16,4,14286.0,9400.0
Mouse_Thymus4,53_76,1,15486.0,15400.0
Mouse_Thymus4,29_65,2,13086.0,14300.0
Mouse_Thymus4,14_51,3,11586.0,12900.0
Mouse_Thymus4,22_84,3,12386.0,16200.0
Mouse_Thymus4,52_95,4,15386.0,17300.0
Mouse_Thymus4,15_45,0,11686.0,12300.0
Mouse_Thymus4,40_32,0,14186.0,11000.0
Mouse_Thymus4,55_8,4,15686.0,8600.0
Mouse_Thymus4,47_53,1,14886.0,13100.0
Mouse_Thymus4,21_70,4,12286.0,14800.0
Mouse_Thymus4,40_98,3,14186.0,17600.0
Mouse_Thymus4,52_44,3,15386.0,12200.0
Mouse_Thymus4,17_60,2,11886.0,13800.0
Mouse_Thymus4,48_98,4,14986.0,17600.0
Mouse_Thymus4,62_23,2,16386.0,10100.0
Mouse_Thymus4,50_114,3,15186.0,19200.0
Mouse_Thymus4,30_45,4,13186.0,12300.0
Mouse_Thymus4,20_58,0,12186.0,13600.0
Mouse_Thymus4,28_83,2,12986.0,16100.0
Mouse_Thymus4,55_115,3,15686.0,19300.0
Mouse_Thymus4,62_2,0,16386.0,8000.0
Mouse_Thymus4,4_60,3,10586.0,13800.0
Mouse_Thymus4,30_94,3,13186.0,17200.0
Mouse_Thymus4,46_105,3,14786.0,18300.0
Mouse_Thymus4,45_11,2,14686.0,8900.0
Mouse_Thymus4,38_93,3,13986.0,17100.0
Mouse_Thymus4,28_25,1,12986.0,10300.0
Mouse_Thymus4,56_117,1,15786.0,19500.0
Mouse_Thymus4,31_60,2,13286.0,13800.0
Mouse_Thymus4,35_82,2,13686.0,16000.0
Mouse_Thymus4,37_38,3,13886.0,11600.0
Mouse_Thymus4,35_46,3,13686.0,12400.0
Mouse_Thymus4,50_17,2,15186.0,9500.0
Mouse_Thymus4,26_40,4,12786.0,11800.0
Mouse_Thymus4,45_53,4,14686.0,13100.0
Mouse_Thymus4,61_23,3,16286.0,10100.0
Mouse_Thymus4,26_44,2,12786.0,12200.0
Mouse_Thymus4,59_11,3,16086.0,8900.0
Mouse_Thymus4,26_53,4,12786.0,13100.0
Mouse_Thymus4,24_86,3,12586.0,16400.0
Mouse_Thymus4,40_92,3,14186.0,17000.0
Mouse_Thymus4,15_65,2,11686.0,14300.0
Mouse_Thymus4,22_78,0,12386.0,15600.0
Mouse_Thymus4,27_23,3,12886.0,10100.0
Mouse_Thymus4,34_62,3,13586.0,14000.0
Mouse_Thymus4,42_46,2,14386.0,12400.0
Mouse_Thymus4,44_41,3,14586.0,11900.0
Mouse_Thymus4,35_94,2,13686.0,17200.0
Mouse_Thymus4,39_58,4,14086.0,13600.0
Mouse_Thymus4,47_109,3,14886.0,18700.0
Mouse_Thymus4,67_2,2,16886.0,8000.0
Mouse_Thymus4,26_69,4,12786.0,14700.0
Mouse_Thymus4,32_57,4,13386.0,13500.0
Mouse_Thymus4,31_66,2,13286.0,14400.0
Mouse_Thymus4,35_35,4,13686.0,11300.0
Mouse_Thymus4,18_29,3,11986.0,10700.0
Mouse_Thymus4,57_91,3,15886.0,16900.0
Mouse_Thymus4,42_8,2,14386.0,8600.0
Mouse_Thymus4,65_8,3,16686.0,8600.0
Mouse_Thymus4,58_109,3,15986.0,18700.0
Mouse_Thymus4,60_110,1,16186.0,18800.0
Mouse_Thymus4,31_50,4,13286.0,12800.0
Mouse_Thymus4,49_114,3,15086.0,19200.0
Mouse_Thymus4,55_105,2,15686.0,18300.0
Mouse_Thymus4,58_34,3,15986.0,11200.0
Mouse_Thymus4,56_91,2,15786.0,16900.0
Mouse_Thymus4,44_33,3,14586.0,11100.0
Mouse_Thymus4,55_116,3,15686.0,19400.0
Mouse_Thymus4,27_48,4,12886.0,12600.0
Mouse_Thymus4,55_10,0,15686.0,8800.0
Mouse_Thymus4,50_111,4,15186.0,18900.0
Mouse_Thymus4,46_14,4,14786.0,9200.0
Mouse_Thymus4,44_91,1,14586.0,16900.0
Mouse_Thymus4,29_78,4,13086.0,15600.0
Mouse_Thymus4,43_37,0,14486.0,11500.0
Mouse_Thymus4,25_78,3,12686.0,15600.0
Mouse_Thymus4,14_57,0,11586.0,13500.0
Mouse_Thymus4,53_44,0,15486.0,12200.0
Mouse_Thymus4,50_48,0,15186.0,12600.0
Mouse_Thymus4,23_66,4,12486.0,14400.0
Mouse_Thymus4,13_33,0,11486.0,11100.0
Mouse_Thymus4,33_32,3,13486.0,11000.0
Mouse_Thymus4,31_87,0,13286.0,16500.0
Mouse_Thymus4,32_19,0,13386.0,9700.0
Mouse_Thymus4,35_58,3,13686.0,13600.0
Mouse_Thymus4,44_10,2,14586.0,8800.0
Mouse_Thymus4,32_89,4,13386.0,16700.0
Mouse_Thymus4,45_40,3,14686.0,11800.0
Mouse_Thymus4,25_82,3,12686.0,16000.0
Mouse_Thymus4,9_39,3,11086.0,11700.0
Mouse_Thymus4,43_16,4,14486.0,9400.0
Mouse_Thymus4,49_39,3,15086.0,11700.0
Mouse_Thymus4,38_19,4,13986.0,9700.0
Mouse_Thymus4,40_41,0,14186.0,11900.0
Mouse_Thymus4,50_100,4,15186.0,17800.0
Mouse_Thymus4,24_40,4,12586.0,11800.0
Mouse_Thymus4,39_54,4,14086.0,13200.0
Mouse_Thymus4,45_73,3,14686.0,15100.0
Mouse_Thymus4,56_32,3,15786.0,11000.0
Mouse_Thymus4,30_93,3,13186.0,17100.0
Mouse_Thymus4,58_99,3,15986.0,17700.0
Mouse_Thymus4,46_4,1,14786.0,8200.0
Mouse_Thymus4,46_88,4,14786.0,16600.0
Mouse_Thymus4,10_33,1,11186.0,11100.0
Mouse_Thymus4,59_107,0,16086.0,18500.0
Mouse_Thymus4,39_72,4,14086.0,15000.0
Mouse_Thymus4,5_58,3,10686.0,13600.0
Mouse_Thymus4,28_50,4,12986.0,12800.0
Mouse_Thymus4,35_64,0,13686.0,14200.0
Mouse_Thymus4,48_105,0,14986.0,18300.0
Mouse_Thymus4,3_53,3,10486.0,13100.0
Mouse_Thymus4,51_98,4,15286.0,17600.0
Mouse_Thymus4,30_47,2,13186.0,12500.0
Mouse_Thymus4,53_42,3,15486.0,12000.0
Mouse_Thymus4,52_15,3,15386.0,9300.0
Mouse_Thymus4,29_87,3,13086.0,16500.0
Mouse_Thymus4,2_52,2,10386.0,13000.0
Mouse_Thymus4,13_47,3,11486.0,12500.0
Mouse_Thymus4,43_23,4,14486.0,10100.0
Mouse_Thymus4,56_109,3,15786.0,18700.0
Mouse_Thymus4,27_73,0,12886.0,15100.0
Mouse_Thymus4,10_56,2,11186.0,13400.0
Mouse_Thymus4,71_4,3,17286.0,8200.0
Mouse_Thymus4,51_30,2,15286.0,10800.0
Mouse_Thymus4,27_89,3,12886.0,16700.0
Mouse_Thymus4,23_62,4,12486.0,14000.0
Mouse_Thymus4,58_94,0,15986.0,17200.0
Mouse_Thymus4,27_58,4,12886.0,13600.0
Mouse_Thymus4,60_105,3,16186.0,18300.0
Mouse_Thymus4,33_52,4,13486.0,13000.0
Mouse_Thymus4,57_85,3,15886.0,16300.0
Mouse_Thymus4,7_51,3,10886.0,12900.0
Mouse_Thymus4,23_56,0,12486.0,13400.0
Mouse_Thymus4,57_15,3,15886.0,9300.0
Mouse_Thymus4,42_65,3,14386.0,14300.0
Mouse_Thymus4,49_107,4,15086.0,18500.0
Mouse_Thymus4,15_68,3,11686.0,14600.0
Mouse_Thymus4,18_60,2,11986.0,13800.0
Mouse_Thymus4,52_109,4,15386.0,18700.0
Mouse_Thymus4,32_22,3,13386.0,10000.0
Mouse_Thymus4,45_49,4,14686.0,12700.0
Mouse_Thymus4,41_82,4,14286.0,16000.0
Mouse_Thymus4,21_56,2,12286.0,13400.0
Mouse_Thymus4,62_91,1,16386.0,16900.0
Mouse_Thymus4,63_13,1,16486.0,9100.0
Mouse_Thymus4,41_77,4,14286.0,15500.0
Mouse_Thymus4,52_19,0,15386.0,9700.0
Mouse_Thymus4,50_110,4,15186.0,18800.0
Mouse_Thymus4,62_97,3,16386.0,17500.0
Mouse_Thymus4,51_46,0,15286.0,12400.0
Mouse_Thymus4,18_57,0,11986.0,13500.0
Mouse_Thymus4,25_28,2,12686.0,10600.0
Mouse_Thymus4,40_94,0,14186.0,17200.0
Mouse_Thymus4,5_57,3,10686.0,13500.0
Mouse_Thymus4,20_41,4,12186.0,11900.0
Mouse_Thymus4,25_75,2,12686.0,15300.0
Mouse_Thymus4,55_117,3,15686.0,19500.0
Mouse_Thymus4,41_98,3,14286.0,17600.0
Mouse_Thymus4,58_89,3,15986.0,16700.0
Mouse_Thymus4,54_89,2,15586.0,16700.0
Mouse_Thymus4,62_25,3,16386.0,10300.0
Mouse_Thymus4,56_12,0,15786.0,9000.0
Mouse_Thymus4,41_78,4,14286.0,15600.0
Mouse_Thymus4,19_62,3,12086.0,14000.0
Mouse_Thymus4,43_24,4,14486.0,10200.0
Mouse_Thymus4,69_4,3,17086.0,8200.0
Mouse_Thymus4,33_72,4,13486.0,15000.0
Mouse_Thymus4,31_57,4,13286.0,13500.0
Mouse_Thymus4,59_4,0,16086.0,8200.0
Mouse_Thymus4,23_37,2,12486.0,11500.0
Mouse_Thymus4,35_37,2,13686.0,11500.0
Mouse_Thymus4,41_88,3,14286.0,16600.0
Mouse_Thymus4,60_93,3,16186.0,17100.0
Mouse_Thymus4,3_50,0,10486.0,12800.0
Mouse_Thymus4,53_21,3,15486.0,9900.0
Mouse_Thymus4,18_73,3,11986.0,15100.0
Mouse_Thymus4,52_111,4,15386.0,18900.0
Mouse_Thymus4,54_29,3,15586.0,10700.0
Mouse_Thymus4,61_13,3,16286.0,9100.0
Mouse_Thymus4,47_91,4,14886.0,16900.0
Mouse_Thymus4,61_3,3,16286.0,8100.0
Mouse_Thymus4,34_54,4,13586.0,13200.0
Mouse_Thymus4,25_22,1,12686.0,10000.0
Mouse_Thymus4,43_22,2,14486.0,10000.0
Mouse_Thymus4,28_48,4,12986.0,12600.0
Mouse_Thymus4,26_61,4,12786.0,13900.0
Mouse_Thymus4,50_109,4,15186.0,18700.0
Mouse_Thymus4,29_43,2,13086.0,12100.0
Mouse_Thymus4,3_48,0,10486.0,12600.0
Mouse_Thymus4,22_85,3,12386.0,16300.0
Mouse_Thymus4,34_58,0,13586.0,13600.0
Mouse_Thymus4,65_5,2,16686.0,8300.0
Mouse_Thymus4,42_66,2,14386.0,14400.0
Mouse_Thymus4,39_28,0,14086.0,10600.0
Mouse_Thymus4,16_38,0,11786.0,11600.0
Mouse_Thymus4,22_60,3,12386.0,13800.0
Mouse_Thymus4,17_54,3,11886.0,13200.0
Mouse_Thymus4,22_41,4,12386.0,11900.0
Mouse_Thymus4,51_9,4,15286.0,8700.0
Mouse_Thymus4,40_59,1,14186.0,13700.0
Mouse_Thymus4,24_64,4,12586.0,14200.0
Mouse_Thymus4,37_42,3,13886.0,12000.0
Mouse_Thymus4,50_90,4,15186.0,16800.0
Mouse_Thymus4,52_92,4,15386.0,17000.0
Mouse_Thymus4,35_70,3,13686.0,14800.0
Mouse_Thymus4,7_49,3,10886.0,12700.0
Mouse_Thymus4,1_52,3,10286.0,13000.0
Mouse_Thymus4,21_77,3,12286.0,15500.0
Mouse_Thymus4,46_47,4,14786.0,12500.0
Mouse_Thymus4,44_97,3,14586.0,17500.0
Mouse_Thymus4,42_18,4,14386.0,9600.0
Mouse_Thymus4,49_82,4,15086.0,16000.0
Mouse_Thymus4,48_37,0,14986.0,11500.0
Mouse_Thymus4,52_26,3,15386.0,10400.0
Mouse_Thymus4,9_43,3,11086.0,12100.0
Mouse_Thymus4,48_46,2,14986.0,12400.0
Mouse_Thymus4,61_33,0,16286.0,11100.0
Mouse_Thymus4,22_33,2,12386.0,11100.0
Mouse_Thymus4,22_51,4,12386.0,12900.0
Mouse_Thymus4,48_42,0,14986.0,12000.0
Mouse_Thymus4,8_40,3,10986.0,11800.0
Mouse_Thymus4,31_63,2,13286.0,14100.0
Mouse_Thymus4,47_40,1,14886.0,11800.0
Mouse_Thymus4,60_11,2,16186.0,8900.0
Mouse_Thymus4,30_72,4,13186.0,15000.0
Mouse_Thymus4,44_44,2,14586.0,12200.0
Mouse_Thymus4,19_31,0,12086.0,10900.0
Mouse_Thymus4,14_41,2,11586.0,11900.0
Mouse_Thymus4,52_34,3,15386.0,11200.0
Mouse_Thymus4,28_53,4,12986.0,13100.0
Mouse_Thymus4,39_31,4,14086.0,10900.0
Mouse_Thymus4,39_12,3,14086.0,9000.0
Mouse_Thymus4,35_53,4,13686.0,13100.0
Mouse_Thymus4,26_62,2,12786.0,14000.0
Mouse_Thymus4,51_41,3,15286.0,11900.0
Mouse_Thymus4,40_24,4,14186.0,10200.0
Mouse_Thymus4,24_44,4,12586.0,12200.0
Mouse_Thymus4,28_80,3,12986.0,15800.0
Mouse_Thymus4,42_70,2,14386.0,14800.0
Mouse_Thymus4,28_91,3,12986.0,16900.0
Mouse_Thymus4,29_93,2,13086.0,17100.0
Mouse_Thymus4,45_75,3,14686.0,15300.0
Mouse_Thymus4,30_95,3,13186.0,17300.0
Mouse_Thymus4,16_59,2,11786.0,13700.0
Mouse_Thymus4,31_35,0,13286.0,11300.0
Mouse_Thymus4,48_9,0,14986.0,8700.0
Mouse_Thymus4,23_72,4,12486.0,15000.0
Mouse_Thymus4,52_35,3,15386.0,11300.0
Mouse_Thymus4,26_56,4,12786.0,13400.0
Mouse_Thymus4,59_13,3,16086.0,9100.0
Mouse_Thymus4,23_34,2,12486.0,11200.0
Mouse_Thymus4,58_114,1,15986.0,19200.0
Mouse_Thymus4,52_29,3,15386.0,10700.0
Mouse_Thymus4,69_0,1,17086.0,7800.0
Mouse_Thymus4,27_67,4,12886.0,14500.0
Mouse_Thymus4,52_102,4,15386.0,18000.0
Mouse_Thymus4,28_71,4,12986.0,14900.0
Mouse_Thymus4,38_11,1,13986.0,8900.0
Mouse_Thymus4,55_81,3,15686.0,15900.0
Mouse_Thymus4,52_32,3,15386.0,11000.0
Mouse_Thymus4,31_44,4,13286.0,12200.0
Mouse_Thymus4,14_48,2,11586.0,12600.0
Mouse_Thymus4,29_37,0,13086.0,11500.0
Mouse_Thymus4,37_75,4,13886.0,15300.0
Mouse_Thymus4,27_41,4,12886.0,11900.0
Mouse_Thymus4,7_54,3,10886.0,13200.0
Mouse_Thymus4,36_15,3,13786.0,9300.0
Mouse_Thymus4,61_94,3,16286.0,17200.0
Mouse_Thymus4,60_31,2,16186.0,10900.0
Mouse_Thymus4,40_40,2,14186.0,11800.0
Mouse_Thymus4,28_58,4,12986.0,13600.0
Mouse_Thymus4,45_20,2,14686.0,9800.0
Mouse_Thymus4,39_20,4,14086.0,9800.0
Mouse_Thymus4,49_34,2,15086.0,11200.0
Mouse_Thymus4,11_36,3,11286.0,11400.0
Mouse_Thymus4,39_94,3,14086.0,17200.0
Mouse_Thymus4,52_99,4,15386.0,17700.0
Mouse_Thymus4,40_87,0,14186.0,16500.0
Mouse_Thymus4,24_52,2,12586.0,13000.0
Mouse_Thymus4,63_12,3,16486.0,9000.0
Mouse_Thymus4,36_45,3,13786.0,12300.0
Mouse_Thymus4,19_75,0,12086.0,15300.0
Mouse_Thymus4,49_33,3,15086.0,11100.0
Mouse_Thymus4,20_73,2,12186.0,15100.0
Mouse_Thymus4,15_53,0,11686.0,13100.0
Mouse_Thymus4,61_8,4,16286.0,8600.0
Mouse_Thymus4,42_72,2,14386.0,15000.0
Mouse_Thymus4,29_74,3,13086.0,15200.0
Mouse_Thymus4,40_46,3,14186.0,12400.0
Mouse_Thymus4,34_45,0,13586.0,12300.0
Mouse_Thymus4,43_82,4,14486.0,16000.0
Mouse_Thymus4,43_87,2,14486.0,16500.0
Mouse_Thymus4,51_114,3,15286.0,19200.0
Mouse_Thymus4,11_42,3,11286.0,12000.0
Mouse_Thymus4,29_94,2,13086.0,17200.0
Mouse_Thymus4,33_29,0,13486.0,10700.0
Mouse_Thymus4,57_114,0,15886.0,19200.0
Mouse_Thymus4,42_20,4,14386.0,9800.0
Mouse_Thymus4,27_37,4,12886.0,11500.0
Mouse_Thymus4,15_70,3,11686.0,14800.0
Mouse_Thymus4,45_99,3,14686.0,17700.0
Mouse_Thymus4,39_78,2,14086.0,15600.0
Mouse_Thymus4,48_48,4,14986.0,12600.0
Mouse_Thymus4,28_84,3,12986.0,16200.0
Mouse_Thymus4,47_71,2,14886.0,14900.0
Mouse_Thymus4,53_87,2,15486.0,16500.0
Mouse_Thymus4,38_45,3,13986.0,12300.0
Mouse_Thymus4,51_24,0,15286.0,10200.0
Mouse_Thymus4,45_96,2,14686.0,17400.0
Mouse_Thymus4,47_48,4,14886.0,12600.0
Mouse_Thymus4,40_25,4,14186.0,10300.0
Mouse_Thymus4,32_88,2,13386.0,16600.0
Mouse_Thymus4,34_31,0,13586.0,10900.0
Mouse_Thymus4,58_115,1,15986.0,19300.0
Mouse_Thymus4,54_82,3,15586.0,16000.0
Mouse_Thymus4,61_5,4,16286.0,8300.0
Mouse_Thymus4,9_40,3,11086.0,11800.0
Mouse_Thymus4,43_55,4,14486.0,13300.0
Mouse_Thymus4,64_5,3,16586.0,8300.0
Mouse_Thymus4,13_49,3,11486.0,12700.0
Mouse_Thymus4,71_1,3,17286.0,7900.0
Mouse_Thymus4,19_37,4,12086.0,11500.0
Mouse_Thymus4,59_31,3,16086.0,10900.0
Mouse_Thymus4,37_94,2,13886.0,17200.0
Mouse_Thymus4,11_44,0,11286.0,12200.0
Mouse_Thymus4,18_51,2,11986.0,12900.0
Mouse_Thymus4,53_28,2,15486.0,10600.0
Mouse_Thymus4,55_113,1,15686.0,19100.0
Mouse_Thymus4,17_36,0,11886.0,11400.0
Mouse_Thymus4,25_23,1,12686.0,10100.0
Mouse_Thymus4,22_25,0,12386.0,10300.0
Mouse_Thymus4,47_20,4,14886.0,9800.0
Mouse_Thymus4,52_48,1,15386.0,12600.0
Mouse_Thymus4,61_24,3,16286.0,10200.0
Mouse_Thymus4,21_76,2,12286.0,15400.0
Mouse_Thymus4,42_51,4,14386.0,12900.0
Mouse_Thymus4,17_59,0,11886.0,13700.0
Mouse_Thymus4,44_37,3,14586.0,11500.0
Mouse_Thymus4,39_95,2,14086.0,17300.0
Mouse_Thymus4,49_113,3,15086.0,19100.0
Mouse_Thymus4,14_68,3,11586.0,14600.0
Mouse_Thymus4,46_96,4,14786.0,17400.0
Mouse_Thymus4,41_42,3,14286.0,12000.0
Mouse_Thymus4,20_44,4,12186.0,12200.0
Mouse_Thymus4,34_57,2,13586.0,13500.0
Mouse_Thymus4,54_97,4,15586.0,17500.0
Mouse_Thymus4,8_37,3,10986.0,11500.0
Mouse_Thymus4,42_12,0,14386.0,9000.0
Mouse_Thymus4,57_116,0,15886.0,19400.0
Mouse_Thymus4,59_100,3,16086.0,17800.0
Mouse_Thymus4,51_36,3,15286.0,11400.0
Mouse_Thymus4,46_91,4,14786.0,16900.0
Mouse_Thymus4,57_84,3,15886.0,16200.0
Mouse_Thymus4,22_37,4,12386.0,11500.0
Mouse_Thymus4,37_74,0,13886.0,15200.0
Mouse_Thymus4,30_71,4,13186.0,14900.0
Mouse_Thymus4,35_91,2,13686.0,16900.0
Mouse_Thymus4,37_13,1,13886.0,9100.0
Mouse_Thymus4,38_44,3,13986.0,12200.0
Mouse_Thymus4,19_53,3,12086.0,13100.0
Mouse_Thymus4,25_21,1,12686.0,9900.0
Mouse_Thymus4,38_60,2,13986.0,13800.0
Mouse_Thymus4,48_38,3,14986.0,11600.0
Mouse_Thymus4,7_34,1,10886.0,11200.0
Mouse_Thymus4,40_13,3,14186.0,9100.0
Mouse_Thymus4,37_22,4,13886.0,10000.0
Mouse_Thymus4,29_85,2,13086.0,16300.0
Mouse_Thymus4,49_6,3,15086.0,8400.0
Mouse_Thymus4,37_68,4,13886.0,14600.0
Mouse_Thymus4,32_52,4,13386.0,13000.0
Mouse_Thymus4,35_84,1,13686.0,16200.0
Mouse_Thymus4,54_5,3,15586.0,8300.0
Mouse_Thymus4,3_45,0,10486.0,12300.0
Mouse_Thymus4,44_55,2,14586.0,13300.0
Mouse_Thymus4,34_88,4,13586.0,16600.0
Mouse_Thymus4,32_55,2,13386.0,13300.0
Mouse_Thymus4,37_97,1,13886.0,17500.0
Mouse_Thymus4,29_83,4,13086.0,16100.0
Mouse_Thymus4,17_35,3,11886.0,11300.0
Mouse_Thymus4,21_62,0,12286.0,14000.0
Mouse_Thymus4,50_7,2,15186.0,8500.0
Mouse_Thymus4,22_40,4,12386.0,11800.0
Mouse_Thymus4,41_60,0,14286.0,13800.0
Mouse_Thymus4,40_14,3,14186.0,9200.0
Mouse_Thymus4,19_54,0,12086.0,13200.0
Mouse_Thymus4,12_34,3,11386.0,11200.0
Mouse_Thymus4,43_30,0,14486.0,10800.0
Mouse_Thymus4,23_86,3,12486.0,16400.0
Mouse_Thymus4,33_57,2,13486.0,13500.0
Mouse_Thymus4,29_62,0,13086.0,14000.0
Mouse_Thymus4,32_28,4,13386.0,10600.0
Mouse_Thymus4,58_20,3,15986.0,9800.0
Mouse_Thymus4,48_104,3,14986.0,18200.0
Mouse_Thymus4,40_27,4,14186.0,10500.0
Mouse_Thymus4,58_103,3,15986.0,18100.0
Mouse_Thymus4,3_43,1,10486.0,12100.0
Mouse_Thymus4,7_40,2,10886.0,11800.0
Mouse_Thymus4,38_46,3,13986.0,12400.0
Mouse_Thymus4,39_44,3,14086.0,12200.0
Mouse_Thymus4,41_27,4,14286.0,10500.0
Mouse_Thymus4,35_80,2,13686.0,15800.0
Mouse_Thymus4,43_78,4,14486.0,15600.0
Mouse_Thymus4,29_36,3,13086.0,11400.0
Mouse_Thymus4,34_43,0,13586.0,12100.0
Mouse_Thymus4,37_85,2,13886.0,16300.0
Mouse_Thymus4,44_103,3,14586.0,18100.0
Mouse_Thymus4,48_20,0,14986.0,9800.0
Mouse_Thymus4,58_12,0,15986.0,9000.0
Mouse_Thymus4,9_59,0,11086.0,13700.0
Mouse_Thymus4,41_81,4,14286.0,15900.0
Mouse_Thymus4,61_98,3,16286.0,17600.0
Mouse_Thymus4,51_87,2,15286.0,16500.0
Mouse_Thymus4,47_50,4,14886.0,12800.0
Mouse_Thymus4,32_80,2,13386.0,15800.0
Mouse_Thymus4,29_22,3,13086.0,10000.0
Mouse_Thymus4,41_73,2,14286.0,15100.0
Mouse_Thymus4,19_71,3,12086.0,14900.0
Mouse_Thymus4,6_59,3,10786.0,13700.0
Mouse_Thymus4,48_84,4,14986.0,16200.0
Mouse_Thymus4,50_33,3,15186.0,11100.0
Mouse_Thymus4,19_42,4,12086.0,12000.0
Mouse_Thymus4,56_99,2,15786.0,17700.0
Mouse_Thymus4,20_54,0,12186.0,13200.0
Mouse_Thymus4,45_43,3,14686.0,12100.0
Mouse_Thymus4,28_94,1,12986.0,17200.0
Mouse_Thymus4,59_23,3,16086.0,10100.0
Mouse_Thymus4,17_69,3,11886.0,14700.0
Mouse_Thymus4,34_55,4,13586.0,13300.0
Mouse_Thymus4,34_47,0,13586.0,12500.0
Mouse_Thymus4,30_20,3,13186.0,9800.0
Mouse_Thymus4,30_80,4,13186.0,15800.0
Mouse_Thymus4,42_36,3,14386.0,11400.0
Mouse_Thymus4,38_28,4,13986.0,10600.0
Mouse_Thymus4,61_35,3,16286.0,11300.0
Mouse_Thymus4,57_13,0,15886.0,9100.0
Mouse_Thymus4,49_40,0,15086.0,11800.0
Mouse_Thymus4,12_55,0,11386.0,13300.0
Mouse_Thymus4,27_51,4,12886.0,12900.0
Mouse_Thymus4,15_42,4,11686.0,12000.0
Mouse_Thymus4,39_41,3,14086.0,11900.0
Mouse_Thymus4,48_51,3,14986.0,12900.0
Mouse_Thymus4,28_29,4,12986.0,10700.0
Mouse_Thymus4,14_55,0,11586.0,13300.0
Mouse_Thymus4,5_59,3,10686.0,13700.0
Mouse_Thymus4,27_46,2,12886.0,12400.0
Mouse_Thymus4,52_12,0,15386.0,9000.0
Mouse_Thymus4,37_80,2,13886.0,15800.0
Mouse_Thymus4,43_99,3,14486.0,17700.0
Mouse_Thymus4,28_77,3,12986.0,15500.0
Mouse_Thymus4,21_26,1,12286.0,10400.0
Mouse_Thymus4,39_99,1,14086.0,17700.0
Mouse_Thymus4,57_25,3,15886.0,10300.0
Mouse_Thymus4,11_35,0,11286.0,11300.0
Mouse_Thymus4,46_8,3,14786.0,8600.0
Mouse_Thymus4,54_18,3,15586.0,9600.0
Mouse_Thymus4,32_86,4,13386.0,16400.0
Mouse_Thymus4,11_45,3,11286.0,12300.0
Mouse_Thymus4,42_22,4,14386.0,10000.0
Mouse_Thymus4,17_62,0,11886.0,14000.0
Mouse_Thymus4,48_73,3,14986.0,15100.0
Mouse_Thymus4,54_105,4,15586.0,18300.0
Mouse_Thymus4,55_15,0,15686.0,9300.0
Mouse_Thymus4,47_6,1,14886.0,8400.0
Mouse_Thymus4,33_91,2,13486.0,16900.0
Mouse_Thymus4,54_77,1,15586.0,15500.0
Mouse_Thymus4,54_31,3,15586.0,10900.0
Mouse_Thymus4,30_32,0,13186.0,11000.0
Mouse_Thymus4,29_67,4,13086.0,14500.0
Mouse_Thymus4,34_41,0,13586.0,11900.0
Mouse_Thymus4,3_57,3,10486.0,13500.0
Mouse_Thymus4,57_12,3,15886.0,9000.0
Mouse_Thymus4,49_92,4,15086.0,17000.0
Mouse_Thymus4,40_78,2,14186.0,15600.0
Mouse_Thymus4,36_78,2,13786.0,15600.0
Mouse_Thymus4,45_42,3,14686.0,12000.0
Mouse_Thymus4,52_33,3,15386.0,11100.0
Mouse_Thymus4,36_54,2,13786.0,13200.0
Mouse_Thymus4,32_18,1,13386.0,9600.0
Mouse_Thymus4,47_39,3,14886.0,11700.0
Mouse_Thymus4,62_4,3,16386.0,8200.0
Mouse_Thymus4,40_85,3,14186.0,16300.0
Mouse_Thymus4,42_31,2,14386.0,10900.0
Mouse_Thymus4,59_93,3,16086.0,17100.0
Mouse_Thymus4,70_1,2,17186.0,7900.0
Mouse_Thymus4,55_19,0,15686.0,9700.0
Mouse_Thymus4,46_90,4,14786.0,16800.0
Mouse_Thymus4,53_40,3,15486.0,11800.0
Mouse_Thymus4,23_83,3,12486.0,16100.0
Mouse_Thymus4,55_29,3,15686.0,10700.0
Mouse_Thymus4,46_89,4,14786.0,16700.0
Mouse_Thymus4,45_107,3,14686.0,18500.0
Mouse_Thymus4,31_59,4,13286.0,13700.0
Mouse_Thymus4,16_46,4,11786.0,12400.0
Mouse_Thymus4,45_34,3,14686.0,11200.0
Mouse_Thymus4,53_19,0,15486.0,9700.0
Mouse_Thymus4,39_57,4,14086.0,13500.0
Mouse_Thymus4,59_28,3,16086.0,10600.0
Mouse_Thymus4,46_103,3,14786.0,18100.0
Mouse_Thymus4,21_84,3,12286.0,16200.0
Mouse_Thymus4,25_88,3,12686.0,16600.0
Mouse_Thymus4,56_39,3,15786.0,11700.0
Mouse_Thymus4,59_30,3,16086.0,10800.0
Mouse_Thymus4,12_58,0,11386.0,13600.0
Mouse_Thymus4,59_86,1,16086.0,16400.0
Mouse_Thymus4,28_45,2,12986.0,12300.0
Mouse_Thymus4,41_57,4,14286.0,13500.0
Mouse_Thymus4,60_92,3,16186.0,17000.0
Mouse_Thymus4,25_41,4,12686.0,11900.0
Mouse_Thymus4,10_39,3,11186.0,11700.0
Mouse_Thymus4,31_23,3,13286.0,10100.0
Mouse_Thymus4,26_39,4,12786.0,11700.0
Mouse_Thymus4,25_33,4,12686.0,11100.0
Mouse_Thymus4,24_57,4,12586.0,13500.0
Mouse_Thymus4,24_27,3,12586.0,10500.0
Mouse_Thymus4,28_56,4,12986.0,13400.0
Mouse_Thymus4,22_52,4,12386.0,13000.0
Mouse_Thymus4,51_35,3,15286.0,11300.0
Mouse_Thymus4,29_70,4,13086.0,14800.0
Mouse_Thymus4,35_66,3,13686.0,14400.0
Mouse_Thymus4,18_40,4,11986.0,11800.0
Mouse_Thymus4,59_96,2,16086.0,17400.0
Mouse_Thymus4,21_55,0,12286.0,13300.0
Mouse_Thymus4,50_80,2,15186.0,15800.0
Mouse_Thymus4,27_52,4,12886.0,13000.0
Mouse_Thymus4,10_32,1,11186.0,11000.0
Mouse_Thymus4,51_26,0,15286.0,10400.0
Mouse_Thymus4,34_22,2,13586.0,10000.0
Mouse_Thymus4,29_18,1,13086.0,9600.0
Mouse_Thymus4,28_69,4,12986.0,14700.0
Mouse_Thymus4,22_64,4,12386.0,14200.0
Mouse_Thymus4,46_20,4,14786.0,9800.0
Mouse_Thymus4,54_25,3,15586.0,10300.0
Mouse_Thymus4,65_2,2,16686.0,8000.0
Mouse_Thymus4,59_32,3,16086.0,11000.0
Mouse_Thymus4,36_23,4,13786.0,10100.0
Mouse_Thymus4,18_38,4,11986.0,11600.0
Mouse_Thymus4,38_76,2,13986.0,15400.0
Mouse_Thymus4,40_76,2,14186.0,15400.0
Mouse_Thymus4,7_44,3,10886.0,12200.0
Mouse_Thymus4,30_44,4,13186.0,12200.0
Mouse_Thymus4,47_9,3,14886.0,8700.0
Mouse_Thymus4,58_105,3,15986.0,18300.0
Mouse_Thymus4,19_47,4,12086.0,12500.0
Mouse_Thymus4,63_5,2,16486.0,8300.0
Mouse_Thymus4,10_64,3,11186.0,14200.0
Mouse_Thymus4,35_17,3,13686.0,9500.0
Mouse_Thymus4,29_39,0,13086.0,11700.0
Mouse_Thymus4,30_54,4,13186.0,13200.0
Mouse_Thymus4,38_80,3,13986.0,15800.0
Mouse_Thymus4,12_67,3,11386.0,14500.0
Mouse_Thymus4,30_52,4,13186.0,13000.0
Mouse_Thymus4,57_14,0,15886.0,9200.0
Mouse_Thymus4,59_18,3,16086.0,9600.0
Mouse_Thymus4,54_2,2,15586.0,8000.0
Mouse_Thymus4,50_26,3,15186.0,10400.0
Mouse_Thymus4,42_67,3,14386.0,14500.0
Mouse_Thymus4,53_83,2,15486.0,16100.0
Mouse_Thymus4,31_67,2,13286.0,14500.0
Mouse_Thymus4,26_36,4,12786.0,11400.0
Mouse_Thymus4,42_83,0,14386.0,16100.0
Mouse_Thymus4,26_68,4,12786.0,14600.0
Mouse_Thymus4,49_100,4,15086.0,17800.0
Mouse_Thymus4,39_65,4,14086.0,14300.0
Mouse_Thymus4,48_50,1,14986.0,12800.0
Mouse_Thymus4,30_34,0,13186.0,11200.0
Mouse_Thymus4,56_87,3,15786.0,16500.0
Mouse_Thymus4,48_89,4,14986.0,16700.0
Mouse_Thymus4,39_11,1,14086.0,8900.0
Mouse_Thymus4,56_2,1,15786.0,8000.0
Mouse_Thymus4,49_14,4,15086.0,9200.0
Mouse_Thymus4,47_16,4,14886.0,9400.0
Mouse_Thymus4,25_56,4,12686.0,13400.0
Mouse_Thymus4,25_47,4,12686.0,12500.0
Mouse_Thymus4,21_69,3,12286.0,14700.0
Mouse_Thymus4,61_100,3,16286.0,17800.0
Mouse_Thymus4,23_57,2,12486.0,13500.0
Mouse_Thymus4,33_50,4,13486.0,12800.0
Mouse_Thymus4,1_57,3,10286.0,13500.0
Mouse_Thymus4,4_50,1,10586.0,12800.0
Mouse_Thymus4,15_33,0,11686.0,11100.0
Mouse_Thymus4,55_22,3,15686.0,10000.0
Mouse_Thymus4,40_96,3,14186.0,17400.0
Mouse_Thymus4,33_19,3,13486.0,9700.0
Mouse_Thymus4,15_52,0,11686.0,13000.0
Mouse_Thymus4,49_112,3,15086.0,19000.0
Mouse_Thymus4,58_22,0,15986.0,10000.0
Mouse_Thymus4,9_38,3,11086.0,11600.0
Mouse_Thymus4,69_6,3,17086.0,8400.0
Mouse_Thymus4,17_42,4,11886.0,12000.0
Mouse_Thymus4,35_95,3,13686.0,17300.0
Mouse_Thymus4,33_78,4,13486.0,15600.0
Mouse_Thymus4,62_10,3,16386.0,8800.0
Mouse_Thymus4,31_81,4,13286.0,15900.0
Mouse_Thymus4,38_81,2,13986.0,15900.0
Mouse_Thymus4,17_33,3,11886.0,11100.0
Mouse_Thymus4,33_58,0,13486.0,13600.0
Mouse_Thymus4,21_50,4,12286.0,12800.0
Mouse_Thymus4,48_106,0,14986.0,18400.0
Mouse_Thymus4,37_73,0,13886.0,15100.0
Mouse_Thymus4,23_47,4,12486.0,12500.0
Mouse_Thymus4,42_34,3,14386.0,11200.0
Mouse_Thymus4,11_31,2,11286.0,10900.0
Mouse_Thymus4,32_83,4,13386.0,16100.0
Mouse_Thymus4,59_12,3,16086.0,9000.0
Mouse_Thymus4,51_16,3,15286.0,9400.0
Mouse_Thymus4,41_28,4,14286.0,10600.0
Mouse_Thymus4,11_37,0,11286.0,11500.0
Mouse_Thymus4,26_32,4,12786.0,11000.0
Mouse_Thymus4,50_103,4,15186.0,18100.0
Mouse_Thymus4,46_49,4,14786.0,12700.0
Mouse_Thymus4,31_74,3,13286.0,15200.0
Mouse_Thymus4,34_16,1,13586.0,9400.0
Mouse_Thymus4,17_58,2,11886.0,13600.0
Mouse_Thymus4,53_78,3,15486.0,15600.0
Mouse_Thymus4,49_99,4,15086.0,17700.0
Mouse_Thymus4,47_81,4,14886.0,15900.0
Mouse_Thymus4,19_41,4,12086.0,11900.0
Mouse_Thymus4,25_39,4,12686.0,11700.0
Mouse_Thymus4,26_67,4,12786.0,14500.0
Mouse_Thymus4,20_32,0,12186.0,11000.0
Mouse_Thymus4,54_112,4,15586.0,19000.0
Mouse_Thymus4,37_19,4,13886.0,9700.0
Mouse_Thymus4,55_94,2,15686.0,17200.0
Mouse_Thymus4,50_106,4,15186.0,18400.0
Mouse_Thymus4,36_39,0,13786.0,11700.0
Mouse_Thymus4,44_70,3,14586.0,14800.0
Mouse_Thymus4,34_81,2,13586.0,15900.0
Mouse_Thymus4,30_18,1,13186.0,9600.0
Mouse_Thymus4,45_77,3,14686.0,15500.0
Mouse_Thymus4,52_14,3,15386.0,9200.0
Mouse_Thymus4,43_56,2,14486.0,13400.0
Mouse_Thymus4,39_52,4,14086.0,13000.0
Mouse_Thymus4,58_15,2,15986.0,9300.0
Mouse_Thymus4,42_98,3,14386.0,17600.0
Mouse_Thymus4,57_86,2,15886.0,16400.0
Mouse_Thymus4,29_88,3,13086.0,16600.0
Mouse_Thymus4,11_59,0,11286.0,13700.0
Mouse_Thymus4,66_6,3,16786.0,8400.0
Mouse_Thymus4,36_50,4,13786.0,12800.0
Mouse_Thymus4,49_37,3,15086.0,11500.0
Mouse_Thymus4,43_89,2,14486.0,16700.0
Mouse_Thymus4,9_60,3,11086.0,13800.0
Mouse_Thymus4,25_62,2,12686.0,14000.0
Mouse_Thymus4,26_20,1,12786.0,9800.0
Mouse_Thymus4,56_43,1,15786.0,12100.0
Mouse_Thymus4,26_42,2,12786.0,12000.0
Mouse_Thymus4,54_36,3,15586.0,11400.0
Mouse_Thymus4,37_32,4,13886.0,11000.0
Mouse_Thymus4,33_27,4,13486.0,10500.0
Mouse_Thymus4,9_34,3,11086.0,11200.0
Mouse_Thymus4,11_62,0,11286.0,14000.0
Mouse_Thymus4,43_39,3,14486.0,11700.0
Mouse_Thymus4,22_48,4,12386.0,12600.0
Mouse_Thymus4,55_32,3,15686.0,11000.0
Mouse_Thymus4,33_73,0,13486.0,15100.0
Mouse_Thymus4,43_14,4,14486.0,9200.0
Mouse_Thymus4,34_26,4,13586.0,10400.0
Mouse_Thymus4,55_5,0,15686.0,8300.0
Mouse_Thymus4,41_43,3,14286.0,12100.0
Mouse_Thymus4,33_48,0,13486.0,12600.0
Mouse_Thymus4,40_91,3,14186.0,16900.0
Mouse_Thymus4,30_51,4,13186.0,12900.0
Mouse_Thymus4,39_55,4,14086.0,13300.0
Mouse_Thymus4,36_41,3,13786.0,11900.0
Mouse_Thymus4,39_13,0,14086.0,9100.0
Mouse_Thymus4,54_98,4,15586.0,17600.0
Mouse_Thymus4,39_27,4,14086.0,10500.0
Mouse_Thymus4,9_37,3,11086.0,11500.0
Mouse_Thymus4,57_40,3,15886.0,11800.0
Mouse_Thymus4,22_27,3,12386.0,10500.0
Mouse_Thymus4,47_22,0,14886.0,10000.0
Mouse_Thymus4,56_81,3,15786.0,15900.0
Mouse_Thymus4,49_42,3,15086.0,12000.0
Mouse_Thymus4,45_54,4,14686.0,13200.0
Mouse_Thymus4,18_36,0,11986.0,11400.0
Mouse_Thymus4,56_19,3,15786.0,9700.0
Mouse_Thymus4,18_79,3,11986.0,15700.0
Mouse_Thymus4,32_37,0,13386.0,11500.0
Mouse_Thymus4,48_17,4,14986.0,9500.0
Mouse_Thymus4,47_33,0,14886.0,11100.0
Mouse_Thymus4,51_81,1,15286.0,15900.0
Mouse_Thymus4,45_39,2,14686.0,11700.0
Mouse_Thymus4,58_36,3,15986.0,11400.0
Mouse_Thymus4,30_56,4,13186.0,13400.0
Mouse_Thymus4,38_36,0,13986.0,11400.0
Mouse_Thymus4,25_37,4,12686.0,11500.0
Mouse_Thymus4,53_41,3,15486.0,11900.0
Mouse_Thymus4,26_72,0,12786.0,15000.0
Mouse_Thymus4,43_47,4,14486.0,12500.0
Mouse_Thymus4,40_67,4,14186.0,14500.0
Mouse_Thymus4,16_35,3,11786.0,11300.0
Mouse_Thymus4,27_72,2,12886.0,15000.0
Mouse_Thymus4,31_75,2,13286.0,15300.0
Mouse_Thymus4,49_98,4,15086.0,17600.0
Mouse_Thymus4,15_51,3,11686.0,12900.0
Mouse_Thymus4,38_27,4,13986.0,10500.0
Mouse_Thymus4,62_22,0,16386.0,10000.0
Mouse_Thymus4,36_74,4,13786.0,15200.0
Mouse_Thymus4,52_31,3,15386.0,10900.0
Mouse_Thymus4,48_13,4,14986.0,9100.0
Mouse_Thymus4,8_49,0,10986.0,12700.0
Mouse_Thymus4,14_30,1,11586.0,10800.0
Mouse_Thymus4,24_51,4,12586.0,12900.0
Mouse_Thymus4,49_27,3,15086.0,10500.0
Mouse_Thymus4,42_45,3,14386.0,12300.0
Mouse_Thymus4,49_50,0,15086.0,12800.0
Mouse_Thymus4,32_35,3,13386.0,11300.0
Mouse_Thymus4,38_98,1,13986.0,17600.0
Mouse_Thymus4,13_60,3,11486.0,13800.0
Mouse_Thymus4,58_97,2,15986.0,17500.0
Mouse_Thymus4,31_93,2,13286.0,17100.0
Mouse_Thymus4,37_82,2,13886.0,16000.0
Mouse_Thymus4,42_84,2,14386.0,16200.0
Mouse_Thymus4,64_9,3,16586.0,8700.0
Mouse_Thymus4,29_84,4,13086.0,16200.0
Mouse_Thymus4,43_93,3,14486.0,17100.0
Mouse_Thymus4,7_48,3,10886.0,12600.0
Mouse_Thymus4,45_47,4,14686.0,12500.0
Mouse_Thymus4,47_87,4,14886.0,16500.0
Mouse_Thymus4,27_61,4,12886.0,13900.0
Mouse_Thymus4,19_51,0,12086.0,12900.0
Mouse_Thymus4,56_13,3,15786.0,9100.0
Mouse_Thymus4,64_4,3,16586.0,8200.0
Mouse_Thymus4,39_19,4,14086.0,9700.0
Mouse_Thymus4,46_95,4,14786.0,17300.0
Mouse_Thymus4,41_30,0,14286.0,10800.0
Mouse_Thymus4,55_90,3,15686.0,16800.0
Mouse_Thymus4,44_39,3,14586.0,11700.0
Mouse_Thymus4,22_69,4,12386.0,14700.0
Mouse_Thymus4,49_88,4,15086.0,16600.0
Mouse_Thymus4,59_19,0,16086.0,9700.0
Mouse_Thymus4,37_49,2,13886.0,12700.0
Mouse_Thymus4,11_34,3,11286.0,11200.0
Mouse_Thymus4,35_52,4,13686.0,13000.0
Mouse_Thymus4,57_105,3,15886.0,18300.0
Mouse_Thymus4,57_94,3,15886.0,17200.0
Mouse_Thymus4,20_28,3,12186.0,10600.0
Mouse_Thymus4,39_73,4,14086.0,15100.0
Mouse_Thymus4,32_30,0,13386.0,10800.0
Mouse_Thymus4,51_11,4,15286.0,8900.0
Mouse_Thymus4,57_113,3,15886.0,19100.0
Mouse_Thymus4,29_73,3,13086.0,15100.0
Mouse_Thymus4,56_83,3,15786.0,16100.0
Mouse_Thymus4,7_43,3,10886.0,12100.0
Mouse_Thymus4,35_83,2,13686.0,16100.0
Mouse_Thymus4,16_42,4,11786.0,12000.0
Mouse_Thymus4,22_73,0,12386.0,15100.0
Mouse_Thymus4,36_26,4,13786.0,10400.0
Mouse_Thymus4,63_32,0,16486.0,11000.0
Mouse_Thymus4,7_42,0,10886.0,12000.0
Mouse_Thymus4,47_85,4,14886.0,16300.0
Mouse_Thymus4,60_103,3,16186.0,18100.0
Mouse_Thymus4,14_59,0,11586.0,13700.0
Mouse_Thymus4,41_24,4,14286.0,10200.0
Mouse_Thymus4,28_35,0,12986.0,11300.0
Mouse_Thymus4,43_103,3,14486.0,18100.0
Mouse_Thymus4,61_26,3,16286.0,10400.0
Mouse_Thymus4,47_14,4,14886.0,9200.0
Mouse_Thymus4,48_33,3,14986.0,11100.0
Mouse_Thymus4,42_29,4,14386.0,10700.0
Mouse_Thymus4,25_74,0,12686.0,15200.0
Mouse_Thymus4,17_48,2,11886.0,12600.0
Mouse_Thymus4,41_100,3,14286.0,17800.0
Mouse_Thymus4,57_27,3,15886.0,10500.0
Mouse_Thymus4,54_93,2,15586.0,17100.0
Mouse_Thymus4,21_47,4,12286.0,12500.0
Mouse_Thymus4,63_10,3,16486.0,8800.0
Mouse_Thymus4,51_19,0,15286.0,9700.0
Mouse_Thymus4,60_6,2,16186.0,8400.0
Mouse_Thymus4,19_32,0,12086.0,11000.0
Mouse_Thymus4,40_43,3,14186.0,12100.0
Mouse_Thymus4,44_53,4,14586.0,13100.0
Mouse_Thymus4,20_45,4,12186.0,12300.0
Mouse_Thymus4,8_51,3,10986.0,12900.0
Mouse_Thymus4,41_54,4,14286.0,13200.0
Mouse_Thymus4,56_33,3,15786.0,11100.0
Mouse_Thymus4,52_110,4,15386.0,18800.0
Mouse_Thymus4,9_51,3,11086.0,12900.0
Mouse_Thymus4,8_33,2,10986.0,11100.0
Mouse_Thymus4,55_80,3,15686.0,15800.0
Mouse_Thymus4,41_51,4,14286.0,12900.0
Mouse_Thymus4,30_87,0,13186.0,16500.0
Mouse_Thymus4,27_64,2,12886.0,14200.0
Mouse_Thymus4,29_41,3,13086.0,11900.0
Mouse_Thymus4,43_88,0,14486.0,16600.0
Mouse_Thymus4,46_87,4,14786.0,16500.0
Mouse_Thymus4,57_39,1,15886.0,11700.0
Mouse_Thymus4,42_58,3,14386.0,13600.0
Mouse_Thymus4,53_39,0,15486.0,11700.0
Mouse_Thymus4,58_23,0,15986.0,10100.0
Mouse_Thymus4,11_38,3,11286.0,11600.0
Mouse_Thymus4,29_19,1,13086.0,9700.0
Mouse_Thymus4,23_76,4,12486.0,15400.0
Mouse_Thymus4,56_21,3,15786.0,9900.0
Mouse_Thymus4,37_27,4,13886.0,10500.0
Mouse_Thymus4,24_78,0,12586.0,15600.0
Mouse_Thymus4,26_55,4,12786.0,13300.0
Mouse_Thymus4,36_52,4,13786.0,13000.0
Mouse_Thymus4,53_111,4,15486.0,18900.0
Mouse_Thymus4,44_15,4,14586.0,9300.0
Mouse_Thymus4,16_70,3,11786.0,14800.0
Mouse_Thymus4,17_43,4,11886.0,12100.0
Mouse_Thymus4,52_81,2,15386.0,15900.0
Mouse_Thymus4,63_31,1,16486.0,10900.0
Mouse_Thymus4,53_4,3,15486.0,8200.0
Mouse_Thymus4,51_112,4,15286.0,19000.0
Mouse_Thymus4,51_39,0,15286.0,11700.0
Mouse_Thymus4,27_65,4,12886.0,14300.0
Mouse_Thymus4,44_45,0,14586.0,12300.0
Mouse_Thymus4,44_36,3,14586.0,11400.0
Mouse_Thymus4,34_49,4,13586.0,12700.0
Mouse_Thymus4,36_21,4,13786.0,9900.0
Mouse_Thymus4,57_37,3,15886.0,11500.0
Mouse_Thymus4,28_44,2,12986.0,12200.0
Mouse_Thymus4,54_28,3,15586.0,10600.0
Mouse_Thymus4,53_2,2,15486.0,8000.0
Mouse_Thymus4,47_4,2,14886.0,8200.0
Mouse_Thymus4,20_57,0,12186.0,13500.0
Mouse_Thymus4,38_13,3,13986.0,9100.0
Mouse_Thymus4,24_83,3,12586.0,16100.0
Mouse_Thymus4,60_95,2,16186.0,17300.0
Mouse_Thymus4,46_104,2,14786.0,18200.0
Mouse_Thymus4,65_3,2,16686.0,8100.0
Mouse_Thymus4,34_14,1,13586.0,9200.0
Mouse_Thymus4,45_16,4,14686.0,9400.0
Mouse_Thymus4,49_25,0,15086.0,10300.0
Mouse_Thymus4,26_38,4,12786.0,11600.0
Mouse_Thymus4,38_67,4,13986.0,14500.0
Mouse_Thymus4,9_57,3,11086.0,13500.0
Mouse_Thymus4,45_85,4,14686.0,16300.0
Mouse_Thymus4,35_18,2,13686.0,9600.0
Mouse_Thymus4,15_54,0,11686.0,13200.0
Mouse_Thymus4,29_95,3,13086.0,17300.0
Mouse_Thymus4,32_63,2,13386.0,14100.0
Mouse_Thymus4,16_69,3,11786.0,14700.0
Mouse_Thymus4,19_78,3,12086.0,15600.0
Mouse_Thymus4,21_41,4,12286.0,11900.0
Mouse_Thymus4,57_22,0,15886.0,10000.0
Mouse_Thymus4,64_0,1,16586.0,7800.0
Mouse_Thymus4,46_80,4,14786.0,15800.0
Mouse_Thymus4,14_62,3,11586.0,14000.0
Mouse_Thymus4,64_8,2,16586.0,8600.0
Mouse_Thymus4,20_69,0,12186.0,14700.0
Mouse_Thymus4,32_68,4,13386.0,14600.0
Mouse_Thymus4,53_90,4,15486.0,16800.0
Mouse_Thymus4,39_66,4,14086.0,14400.0
Mouse_Thymus4,56_94,3,15786.0,17200.0
Mouse_Thymus4,53_92,4,15486.0,17000.0
Mouse_Thymus4,53_108,4,15486.0,18600.0
Mouse_Thymus4,54_20,3,15586.0,9800.0
Mouse_Thymus4,41_34,3,14286.0,11200.0
Mouse_Thymus4,60_107,3,16186.0,18500.0
Mouse_Thymus4,41_31,3,14286.0,10900.0
Mouse_Thymus4,43_68,3,14486.0,14600.0
Mouse_Thymus4,49_24,3,15086.0,10200.0
Mouse_Thymus4,46_6,0,14786.0,8400.0
Mouse_Thymus4,31_95,3,13286.0,17300.0
Mouse_Thymus4,30_59,4,13186.0,13700.0
Mouse_Thymus4,70_3,3,17186.0,8100.0
Mouse_Thymus4,61_99,3,16286.0,17700.0
Mouse_Thymus4,28_57,4,12986.0,13500.0
Mouse_Thymus4,55_21,0,15686.0,9900.0
Mouse_Thymus4,11_54,0,11286.0,13200.0
Mouse_Thymus4,64_26,3,16586.0,10400.0
Mouse_Thymus4,41_12,3,14286.0,9000.0
Mouse_Thymus4,50_37,3,15186.0,11500.0
Mouse_Thymus4,27_33,4,12886.0,11100.0
Mouse_Thymus4,57_34,3,15886.0,11200.0
Mouse_Thymus4,53_118,3,15486.0,19600.0
Mouse_Thymus4,53_10,4,15486.0,8800.0
Mouse_Thymus4,28_86,3,12986.0,16400.0
Mouse_Thymus4,45_70,3,14686.0,14800.0
Mouse_Thymus4,13_46,3,11486.0,12400.0
Mouse_Thymus4,55_99,4,15686.0,17700.0
Mouse_Thymus4,23_84,2,12486.0,16200.0
Mouse_Thymus4,52_47,3,15386.0,12500.0
Mouse_Thymus4,28_93,0,12986.0,17100.0
Mouse_Thymus4,55_41,3,15686.0,11900.0
Mouse_Thymus4,15_32,3,11686.0,11000.0
Mouse_Thymus4,38_18,4,13986.0,9600.0
Mouse_Thymus4,27_44,2,12886.0,12200.0
Mouse_Thymus4,9_61,3,11086.0,13900.0
Mouse_Thymus4,33_34,0,13486.0,11200.0
Mouse_Thymus4,28_33,4,12986.0,11100.0
Mouse_Thymus4,23_25,0,12486.0,10300.0
Mouse_Thymus4,17_49,2,11886.0,12700.0
Mouse_Thymus4,49_105,4,15086.0,18300.0
Mouse_Thymus4,24_29,2,12586.0,10700.0
Mouse_Thymus4,34_17,3,13586.0,9500.0
Mouse_Thymus4,45_106,3,14686.0,18400.0
Mouse_Thymus4,27_49,4,12886.0,12700.0
Mouse_Thymus4,34_91,4,13586.0,16900.0
Mouse_Thymus4,39_15,0,14086.0,9300.0
Mouse_Thymus4,24_42,2,12586.0,12000.0
Mouse_Thymus4,55_109,0,15686.0,18700.0
Mouse_Thymus4,20_36,0,12186.0,11400.0
Mouse_Thymus4,56_26,3,15786.0,10400.0
Mouse_Thymus4,23_43,4,12486.0,12100.0
Mouse_Thymus4,17_44,4,11886.0,12200.0
Mouse_Thymus4,66_0,1,16786.0,7800.0
Mouse_Thymus4,23_74,4,12486.0,15200.0
Mouse_Thymus4,25_49,4,12686.0,12700.0
Mouse_Thymus4,44_96,0,14586.0,17400.0
Mouse_Thymus4,48_96,4,14986.0,17400.0
Mouse_Thymus4,51_3,0,15286.0,8100.0
Mouse_Thymus4,50_84,2,15186.0,16200.0
Mouse_Thymus4,24_21,1,12586.0,9900.0
Mouse_Thymus4,38_89,3,13986.0,16700.0
Mouse_Thymus4,9_53,3,11086.0,13100.0
Mouse_Thymus4,41_68,2,14286.0,14600.0
Mouse_Thymus4,10_47,3,11186.0,12500.0
Mouse_Thymus4,53_34,3,15486.0,11200.0
Mouse_Thymus4,31_28,4,13286.0,10600.0
Mouse_Thymus4,54_42,0,15586.0,12000.0
Mouse_Thymus4,40_70,2,14186.0,14800.0
Mouse_Thymus4,44_43,2,14586.0,12100.0
Mouse_Thymus4,53_109,4,15486.0,18700.0
Mouse_Thymus4,44_109,1,14586.0,18700.0
Mouse_Thymus4,18_59,0,11986.0,13700.0
Mouse_Thymus4,58_90,3,15986.0,16800.0
Mouse_Thymus4,55_110,2,15686.0,18800.0
Mouse_Thymus4,53_32,0,15486.0,11000.0
Mouse_Thymus4,22_35,0,12386.0,11300.0
Mouse_Thymus4,34_52,4,13586.0,13000.0
Mouse_Thymus4,29_42,2,13086.0,12000.0
Mouse_Thymus4,38_74,2,13986.0,15200.0
Mouse_Thymus4,16_28,1,11786.0,10600.0
Mouse_Thymus4,51_101,4,15286.0,17900.0
Mouse_Thymus4,38_41,3,13986.0,11900.0
Mouse_Thymus4,19_33,0,12086.0,11100.0
Mouse_Thymus4,40_100,3,14186.0,17800.0
Mouse_Thymus4,39_71,2,14086.0,14900.0
Mouse_Thymus4,53_86,3,15486.0,16400.0
Mouse_Thymus4,43_58,2,14486.0,13600.0
Mouse_Thymus4,41_94,3,14286.0,17200.0
Mouse_Thymus4,18_31,2,11986.0,10900.0
Mouse_Thymus4,19_69,0,12086.0,14700.0
Mouse_Thymus4,46_25,0,14786.0,10300.0
Mouse_Thymus4,9_36,3,11086.0,11400.0
Mouse_Thymus4,15_31,3,11686.0,10900.0
Mouse_Thymus4,45_110,3,14686.0,18800.0
Mouse_Thymus4,55_83,3,15686.0,16100.0
Mouse_Thymus4,52_9,4,15386.0,8700.0
Mouse_Thymus4,53_117,2,15486.0,19500.0
Mouse_Thymus4,36_37,1,13786.0,11500.0
Mouse_Thymus4,56_102,3,15786.0,18000.0
Mouse_Thymus4,34_56,4,13586.0,13400.0
Mouse_Thymus4,8_60,3,10986.0,13800.0
Mouse_Thymus4,24_34,4,12586.0,11200.0
Mouse_Thymus4,69_5,3,17086.0,8300.0
Mouse_Thymus4,38_85,2,13986.0,16300.0
Mouse_Thymus4,48_6,3,14986.0,8400.0
Mouse_Thymus4,14_67,0,11586.0,14500.0
Mouse_Thymus4,50_50,3,15186.0,12800.0
Mouse_Thymus4,40_95,3,14186.0,17300.0
Mouse_Thymus4,45_17,4,14686.0,9500.0
Mouse_Thymus4,31_33,0,13286.0,11100.0
Mouse_Thymus4,50_38,3,15186.0,11600.0
Mouse_Thymus4,37_41,3,13886.0,11900.0
Mouse_Thymus4,55_92,3,15686.0,17000.0
Mouse_Thymus4,32_85,4,13386.0,16300.0
Mouse_Thymus4,38_95,3,13986.0,17300.0
Mouse_Thymus4,35_65,3,13686.0,14300.0
Mouse_Thymus4,31_49,2,13286.0,12700.0
Mouse_Thymus4,29_64,0,13086.0,14200.0
Mouse_Thymus4,5_56,3,10686.0,13400.0
Mouse_Thymus4,26_71,2,12786.0,14900.0
Mouse_Thymus4,59_34,3,16086.0,11200.0
Mouse_Thymus4,8_48,0,10986.0,12600.0
Mouse_Thymus4,51_25,3,15286.0,10300.0
Mouse_Thymus4,41_92,2,14286.0,17000.0
Mouse_Thymus4,13_43,3,11486.0,12100.0
Mouse_Thymus4,21_51,4,12286.0,12900.0
Mouse_Thymus4,26_82,3,12786.0,16000.0
Mouse_Thymus4,57_8,2,15886.0,8600.0
Mouse_Thymus4,43_10,3,14486.0,8800.0
Mouse_Thymus4,5_40,0,10686.0,11800.0
Mouse_Thymus4,54_84,3,15586.0,16200.0
Mouse_Thymus4,15_61,3,11686.0,13900.0
Mouse_Thymus4,53_116,2,15486.0,19400.0
Mouse_Thymus4,39_96,3,14086.0,17400.0
Mouse_Thymus4,46_24,0,14786.0,10200.0
Mouse_Thymus4,47_88,4,14886.0,16600.0
Mouse_Thymus4,68_0,1,16986.0,7800.0
Mouse_Thymus4,29_51,4,13086.0,12900.0
Mouse_Thymus4,29_72,2,13086.0,15000.0
Mouse_Thymus4,51_116,3,15286.0,19400.0
Mouse_Thymus4,24_60,4,12586.0,13800.0
Mouse_Thymus4,60_13,3,16186.0,9100.0
Mouse_Thymus4,13_30,0,11486.0,10800.0
Mouse_Thymus4,42_28,4,14386.0,10600.0
Mouse_Thymus4,54_41,3,15586.0,11900.0
Mouse_Thymus4,32_84,4,13386.0,16200.0
Mouse_Thymus4,36_32,4,13786.0,11000.0
Mouse_Thymus4,48_80,4,14986.0,15800.0
Mouse_Thymus4,19_63,3,12086.0,14100.0
Mouse_Thymus4,55_97,4,15686.0,17500.0
Mouse_Thymus4,61_15,3,16286.0,9300.0
Mouse_Thymus4,30_26,4,13186.0,10400.0
Mouse_Thymus4,55_7,4,15686.0,8500.0
Mouse_Thymus4,37_52,4,13886.0,13000.0
Mouse_Thymus4,32_77,0,13386.0,15500.0
Mouse_Thymus4,33_64,3,13486.0,14200.0
Mouse_Thymus4,19_74,3,12086.0,15200.0
Mouse_Thymus4,53_6,3,15486.0,8400.0
Mouse_Thymus4,54_10,2,15586.0,8800.0
Mouse_Thymus4,67_9,3,16886.0,8700.0
Mouse_Thymus4,33_55,2,13486.0,13300.0
Mouse_Thymus4,8_34,1,10986.0,11200.0
Mouse_Thymus4,43_8,0,14486.0,8600.0
Mouse_Thymus4,21_34,0,12286.0,11200.0
Mouse_Thymus4,53_17,3,15486.0,9500.0
Mouse_Thymus4,45_27,0,14686.0,10500.0
Mouse_Thymus4,61_92,3,16286.0,17000.0
Mouse_Thymus4,61_4,4,16286.0,8200.0
Mouse_Thymus4,53_29,3,15486.0,10700.0
Mouse_Thymus4,45_30,3,14686.0,10800.0
Mouse_Thymus4,21_46,4,12286.0,12400.0
Mouse_Thymus4,10_37,3,11186.0,11500.0
Mouse_Thymus4,20_35,0,12186.0,11300.0
Mouse_Thymus4,54_101,4,15586.0,17900.0
Mouse_Thymus4,45_101,3,14686.0,17900.0
Mouse_Thymus4,35_14,1,13686.0,9200.0
Mouse_Thymus4,18_76,3,11986.0,15400.0
Mouse_Thymus4,19_40,4,12086.0,11800.0
Mouse_Thymus4,35_62,2,13686.0,14000.0
Mouse_Thymus4,4_52,3,10586.0,13000.0
Mouse_Thymus4,45_93,4,14686.0,17100.0
Mouse_Thymus4,8_36,3,10986.0,11400.0
Mouse_Thymus4,49_106,4,15086.0,18400.0
Mouse_Thymus4,48_85,4,14986.0,16300.0
Mouse_Thymus4,21_27,3,12286.0,10500.0
Mouse_Thymus4,36_93,3,13786.0,17100.0
Mouse_Thymus4,46_27,0,14786.0,10500.0
Mouse_Thymus4,39_45,3,14086.0,12300.0
Mouse_Thymus4,53_46,3,15486.0,12400.0
Mouse_Thymus4,27_35,4,12886.0,11300.0
Mouse_Thymus4,19_61,0,12086.0,13900.0
Mouse_Thymus4,38_25,4,13986.0,10300.0
Mouse_Thymus4,61_12,3,16286.0,9000.0
Mouse_Thymus4,27_91,3,12886.0,16900.0
Mouse_Thymus4,57_17,3,15886.0,9500.0
Mouse_Thymus4,55_43,3,15686.0,12100.0
Mouse_Thymus4,45_26,0,14686.0,10400.0
Mouse_Thymus4,33_31,3,13486.0,10900.0
Mouse_Thymus4,61_22,3,16286.0,10000.0
Mouse_Thymus4,8_35,1,10986.0,11300.0
Mouse_Thymus4,40_17,4,14186.0,9500.0
Mouse_Thymus4,41_29,4,14286.0,10700.0
Mouse_Thymus4,38_20,4,13986.0,9800.0
Mouse_Thymus4,43_75,4,14486.0,15300.0
Mouse_Thymus4,42_93,3,14386.0,17100.0
Mouse_Thymus4,22_79,3,12386.0,15700.0
Mouse_Thymus4,61_10,2,16286.0,8800.0
Mouse_Thymus4,59_21,3,16086.0,9900.0
Mouse_Thymus4,20_56,3,12186.0,13400.0
Mouse_Thymus4,16_33,0,11786.0,11100.0
Mouse_Thymus4,40_42,0,14186.0,12000.0
Mouse_Thymus4,61_2,3,16286.0,8000.0
Mouse_Thymus4,32_91,2,13386.0,16900.0
Mouse_Thymus4,18_46,4,11986.0,12400.0
Mouse_Thymus4,36_17,3,13786.0,9500.0
Mouse_Thymus4,23_46,4,12486.0,12400.0
Mouse_Thymus4,47_38,3,14886.0,11600.0
Mouse_Thymus4,27_43,0,12886.0,12100.0
Mouse_Thymus4,46_70,2,14786.0,14800.0
Mouse_Thymus4,55_26,3,15686.0,10400.0
Mouse_Thymus4,34_83,4,13586.0,16100.0
Mouse_Thymus4,15_38,3,11686.0,11600.0
Mouse_Thymus4,47_73,3,14886.0,15100.0
Mouse_Thymus4,50_92,4,15186.0,17000.0
Mouse_Thymus4,49_80,2,15086.0,15800.0
Mouse_Thymus4,35_69,2,13686.0,14700.0
Mouse_Thymus4,42_55,4,14386.0,13300.0
Mouse_Thymus4,21_74,4,12286.0,15200.0
Mouse_Thymus4,50_31,3,15186.0,10900.0
Mouse_Thymus4,31_72,4,13286.0,15000.0
Mouse_Thymus4,12_33,3,11386.0,11100.0
Mouse_Thymus4,7_47,3,10886.0,12500.0
Mouse_Thymus4,59_104,3,16086.0,18200.0
Mouse_Thymus4,56_116,3,15786.0,19400.0
Mouse_Thymus4,54_110,4,15586.0,18800.0
Mouse_Thymus4,21_65,2,12286.0,14300.0
Mouse_Thymus4,21_28,3,12286.0,10600.0
Mouse_Thymus4,67_4,2,16886.0,8200.0
Mouse_Thymus4,48_87,4,14986.0,16500.0
Mouse_Thymus4,41_32,2,14286.0,11000.0
Mouse_Thymus4,54_115,3,15586.0,19300.0
Mouse_Thymus4,46_9,2,14786.0,8700.0
Mouse_Thymus4,27_74,0,12886.0,15200.0
Mouse_Thymus4,36_64,4,13786.0,14200.0
Mouse_Thymus4,25_46,4,12686.0,12400.0
Mouse_Thymus4,44_89,4,14586.0,16700.0
Mouse_Thymus4,28_82,2,12986.0,16000.0
Mouse_Thymus4,18_78,3,11986.0,15600.0
Mouse_Thymus4,44_21,0,14586.0,9900.0
Mouse_Thymus4,48_75,2,14986.0,15300.0
Mouse_Thymus4,30_60,4,13186.0,13800.0
Mouse_Thymus4,15_60,0,11686.0,13800.0
Mouse_Thymus4,40_101,3,14186.0,17900.0
Mouse_Thymus4,18_44,4,11986.0,12200.0
Mouse_Thymus4,55_37,0,15686.0,11500.0
Mouse_Thymus4,52_94,4,15386.0,17200.0
Mouse_Thymus4,15_35,3,11686.0,11300.0
Mouse_Thymus4,43_34,0,14486.0,11200.0
Mouse_Thymus4,52_39,3,15386.0,11700.0
Mouse_Thymus4,6_49,3,10786.0,12700.0
Mouse_Thymus4,44_8,3,14586.0,8600.0
Mouse_Thymus4,43_73,2,14486.0,15100.0
Mouse_Thymus4,58_91,3,15986.0,16900.0
Mouse_Thymus4,14_46,3,11586.0,12400.0
Mouse_Thymus4,41_97,2,14286.0,17500.0
Mouse_Thymus4,45_36,3,14686.0,11400.0
Mouse_Thymus4,35_48,2,13686.0,12600.0
Mouse_Thymus4,43_85,4,14486.0,16300.0
Mouse_Thymus4,42_42,3,14386.0,12000.0
Mouse_Thymus4,48_100,2,14986.0,17800.0
Mouse_Thymus4,15_57,0,11686.0,13500.0
Mouse_Thymus4,27_71,0,12886.0,14900.0
Mouse_Thymus4,60_26,3,16186.0,10400.0
Mouse_Thymus4,58_100,3,15986.0,17800.0
Mouse_Thymus4,38_54,4,13986.0,13200.0
Mouse_Thymus4,7_46,3,10886.0,12400.0
Mouse_Thymus4,54_32,3,15586.0,11000.0
Mouse_Thymus4,51_100,4,15286.0,17800.0
Mouse_Thymus4,21_72,2,12286.0,15000.0
Mouse_Thymus4,30_33,0,13186.0,11100.0
Mouse_Thymus4,24_58,4,12586.0,13600.0
Mouse_Thymus4,40_86,2,14186.0,16400.0
Mouse_Thymus4,59_105,3,16086.0,18300.0
Mouse_Thymus4,52_36,0,15386.0,11400.0
Mouse_Thymus4,26_52,4,12786.0,13000.0
Mouse_Thymus4,26_85,3,12786.0,16300.0
Mouse_Thymus4,45_23,0,14686.0,10100.0
Mouse_Thymus4,45_71,3,14686.0,14900.0
Mouse_Thymus4,44_46,0,14586.0,12400.0
Mouse_Thymus4,19_36,0,12086.0,11400.0
Mouse_Thymus4,17_37,0,11886.0,11500.0
Mouse_Thymus4,56_90,3,15786.0,16800.0
Mouse_Thymus4,56_11,3,15786.0,8900.0
Mouse_Thymus4,32_45,4,13386.0,12300.0
Mouse_Thymus4,56_89,3,15786.0,16700.0
Mouse_Thymus4,30_79,4,13186.0,15700.0
Mouse_Thymus4,40_33,0,14186.0,11100.0
Mouse_Thymus4,19_39,4,12086.0,11700.0
Mouse_Thymus4,32_21,0,13386.0,9900.0
Mouse_Thymus4,28_41,4,12986.0,11900.0
Mouse_Thymus4,30_91,2,13186.0,16900.0
Mouse_Thymus4,56_79,1,15786.0,15700.0
Mouse_Thymus4,25_54,0,12686.0,13200.0
Mouse_Thymus4,23_30,0,12486.0,10800.0
Mouse_Thymus4,54_24,3,15586.0,10200.0
Mouse_Thymus4,31_34,0,13286.0,11200.0
Mouse_Thymus4,3_52,3,10486.0,13000.0
Mouse_Thymus4,55_13,3,15686.0,9100.0
Mouse_Thymus4,27_24,3,12886.0,10200.0
Mouse_Thymus4,47_49,4,14886.0,12700.0
Mouse_Thymus4,30_89,2,13186.0,16700.0
Mouse_Thymus4,43_15,4,14486.0,9300.0
Mouse_Thymus4,49_95,4,15086.0,17300.0
Mouse_Thymus4,57_11,0,15886.0,8900.0
Mouse_Thymus4,31_26,0,13286.0,10400.0
Mouse_Thymus4,56_111,3,15786.0,18900.0
Mouse_Thymus4,35_40,3,13686.0,11800.0
Mouse_Thymus4,50_82,4,15186.0,16000.0
Mouse_Thymus4,32_65,2,13386.0,14300.0
Mouse_Thymus4,32_70,2,13386.0,14800.0
Mouse_Thymus4,58_83,3,15986.0,16100.0
Mouse_Thymus4,60_94,3,16186.0,17200.0
Mouse_Thymus4,50_107,4,15186.0,18500.0
Mouse_Thymus4,35_16,3,13686.0,9400.0
Mouse_Thymus4,38_70,2,13986.0,14800.0
Mouse_Thymus4,11_52,0,11286.0,13000.0
Mouse_Thymus4,60_25,3,16186.0,10300.0
Mouse_Thymus4,31_61,2,13286.0,13900.0
Mouse_Thymus4,57_38,3,15886.0,11600.0
Mouse_Thymus4,47_8,3,14886.0,8600.0
Mouse_Thymus4,30_70,4,13186.0,14800.0
Mouse_Thymus4,40_69,4,14186.0,14700.0
Mouse_Thymus4,46_84,4,14786.0,16200.0
Mouse_Thymus4,45_98,3,14686.0,17600.0
Mouse_Thymus4,4_45,3,10586.0,12300.0
Mouse_Thymus4,58_101,3,15986.0,17900.0
Mouse_Thymus4,8_47,3,10986.0,12500.0
Mouse_Thymus4,29_69,4,13086.0,14700.0
Mouse_Thymus4,54_7,0,15586.0,8500.0
Mouse_Thymus4,52_42,0,15386.0,12000.0
Mouse_Thymus4,69_1,1,17086.0,7900.0
Mouse_Thymus4,36_40,2,13786.0,11800.0
Mouse_Thymus4,15_29,1,11686.0,10700.0
Mouse_Thymus4,28_38,4,12986.0,11600.0
Mouse_Thymus4,54_95,4,15586.0,17300.0
Mouse_Thymus4,45_90,4,14686.0,16800.0
Mouse_Thymus4,19_28,3,12086.0,10600.0
Mouse_Thymus4,51_105,4,15286.0,18300.0
Mouse_Thymus4,34_73,0,13586.0,15100.0
Mouse_Thymus4,30_43,2,13186.0,12100.0
Mouse_Thymus4,58_40,1,15986.0,11800.0
Mouse_Thymus4,55_85,2,15686.0,16300.0
Mouse_Thymus4,57_23,0,15886.0,10100.0
Mouse_Thymus4,28_23,0,12986.0,10100.0
Mouse_Thymus4,18_39,4,11986.0,11700.0
Mouse_Thymus4,46_112,2,14786.0,19000.0
Mouse_Thymus4,13_58,0,11486.0,13600.0
Mouse_Thymus4,29_82,2,13086.0,16000.0
Mouse_Thymus4,18_32,3,11986.0,11000.0
Mouse_Thymus4,41_36,0,14286.0,11400.0
Mouse_Thymus4,47_12,4,14886.0,9000.0
Mouse_Thymus4,43_11,3,14486.0,8900.0
Mouse_Thymus4,22_81,3,12386.0,15900.0
Mouse_Thymus4,37_77,2,13886.0,15500.0
Mouse_Thymus4,44_98,2,14586.0,17600.0
Mouse_Thymus4,38_26,4,13986.0,10400.0
Mouse_Thymus4,28_37,4,12986.0,11500.0
Mouse_Thymus4,58_87,3,15986.0,16500.0
Mouse_Thymus4,17_71,3,11886.0,14900.0
Mouse_Thymus4,14_56,2,11586.0,13400.0
Mouse_Thymus4,65_0,1,16686.0,7800.0
Mouse_Thymus4,57_80,1,15886.0,15800.0
Mouse_Thymus4,28_31,4,12986.0,10900.0
Mouse_Thymus4,42_62,3,14386.0,14000.0
Mouse_Thymus4,71_3,3,17286.0,8100.0
Mouse_Thymus4,57_107,3,15886.0,18500.0
Mouse_Thymus4,16_60,0,11786.0,13800.0
Mouse_Thymus4,42_94,3,14386.0,17200.0
Mouse_Thymus4,40_30,2,14186.0,10800.0
Mouse_Thymus4,54_90,1,15586.0,16800.0
Mouse_Thymus4,49_102,4,15086.0,18000.0
Mouse_Thymus4,57_106,3,15886.0,18400.0
Mouse_Thymus4,54_109,4,15586.0,18700.0
Mouse_Thymus4,39_17,2,14086.0,9500.0
Mouse_Thymus4,36_13,0,13786.0,9100.0
Mouse_Thymus4,20_84,3,12186.0,16200.0
Mouse_Thymus4,55_88,0,15686.0,16600.0
Mouse_Thymus4,26_24,3,12786.0,10200.0
Mouse_Thymus4,20_61,0,12186.0,13900.0
Mouse_Thymus4,6_38,3,10786.0,11600.0
Mouse_Thymus4,48_44,0,14986.0,12200.0
Mouse_Thymus4,34_65,0,13586.0,14300.0
Mouse_Thymus4,37_70,2,13886.0,14800.0
Mouse_Thymus4,23_31,0,12486.0,10900.0
Mouse_Thymus4,37_25,4,13886.0,10300.0
Mouse_Thymus4,31_24,3,13286.0,10200.0
Mouse_Thymus4,35_81,0,13686.0,15900.0
Mouse_Thymus4,56_106,3,15786.0,18400.0
Mouse_Thymus4,4_59,3,10586.0,13700.0
Mouse_Thymus4,28_27,4,12986.0,10500.0
Mouse_Thymus4,38_82,2,13986.0,16000.0
Mouse_Thymus4,27_25,3,12886.0,10300.0
Mouse_Thymus4,10_49,3,11186.0,12700.0
Mouse_Thymus4,45_100,3,14686.0,17800.0
Mouse_Thymus4,4_42,0,10586.0,12000.0
Mouse_Thymus4,47_108,3,14886.0,18600.0
Mouse_Thymus4,53_33,3,15486.0,11100.0
Mouse_Thymus4,50_8,2,15186.0,8600.0
Mouse_Thymus4,15_40,4,11686.0,11800.0
Mouse_Thymus4,2_59,3,10386.0,13700.0
Mouse_Thymus4,13_32,0,11486.0,11000.0
Mouse_Thymus4,61_102,3,16286.0,18000.0
Mouse_Thymus4,39_30,4,14086.0,10800.0
Mouse_Thymus4,42_10,3,14386.0,8800.0
Mouse_Thymus4,31_70,4,13286.0,14800.0
Mouse_Thymus4,11_64,3,11286.0,14200.0
Mouse_Thymus4,16_45,4,11786.0,12300.0
Mouse_Thymus4,18_30,3,11986.0,10800.0
Mouse_Thymus4,55_44,1,15686.0,12200.0
Mouse_Thymus4,37_76,2,13886.0,15400.0
Mouse_Thymus4,30_21,3,13186.0,9900.0
Mouse_Thymus4,31_52,4,13286.0,13000.0
Mouse_Thymus4,43_104,3,14486.0,18200.0
Mouse_Thymus4,35_50,2,13686.0,12800.0
Mouse_Thymus4,42_43,3,14386.0,12100.0
Mouse_Thymus4,31_30,0,13286.0,10800.0
Mouse_Thymus4,9_48,3,11086.0,12600.0
Mouse_Thymus4,45_111,0,14686.0,18900.0
Mouse_Thymus4,20_66,2,12186.0,14400.0
Mouse_Thymus4,13_31,1,11486.0,10900.0
Mouse_Thymus4,41_76,4,14286.0,15400.0
Mouse_Thymus4,61_89,3,16286.0,16700.0
Mouse_Thymus4,56_35,0,15786.0,11300.0
Mouse_Thymus4,38_23,4,13986.0,10100.0
Mouse_Thymus4,27_53,4,12886.0,13100.0
Mouse_Thymus4,29_25,0,13086.0,10300.0
Mouse_Thymus4,31_78,2,13286.0,15600.0
Mouse_Thymus4,46_51,4,14786.0,12900.0
Mouse_Thymus4,27_45,3,12886.0,12300.0
Mouse_Thymus4,26_29,4,12786.0,10700.0
Mouse_Thymus4,66_3,4,16786.0,8100.0
Mouse_Thymus4,23_78,3,12486.0,15600.0
Mouse_Thymus4,20_33,0,12186.0,11100.0
Mouse_Thymus4,70_4,3,17186.0,8200.0
Mouse_Thymus4,51_43,0,15286.0,12100.0
Mouse_Thymus4,55_30,3,15686.0,10800.0
Mouse_Thymus4,48_99,4,14986.0,17700.0
Mouse_Thymus4,25_31,4,12686.0,10900.0
Mouse_Thymus4,44_54,4,14586.0,13200.0
Mouse_Thymus4,33_81,4,13486.0,15900.0
Mouse_Thymus4,48_109,2,14986.0,18700.0
Mouse_Thymus4,57_20,3,15886.0,9800.0
Mouse_Thymus4,53_43,0,15486.0,12100.0
Mouse_Thymus4,5_42,3,10686.0,12000.0
Mouse_Thymus4,30_76,4,13186.0,15400.0
Mouse_Thymus4,37_47,3,13886.0,12500.0
Mouse_Thymus4,43_74,3,14486.0,15200.0
Mouse_Thymus4,39_43,3,14086.0,12100.0
Mouse_Thymus4,53_96,4,15486.0,17400.0
Mouse_Thymus4,53_100,4,15486.0,17800.0
Mouse_Thymus4,8_55,0,10986.0,13300.0
Mouse_Thymus4,49_103,2,15086.0,18100.0
Mouse_Thymus4,26_86,3,12786.0,16400.0
Mouse_Thymus4,23_82,0,12486.0,16000.0
Mouse_Thymus4,28_78,2,12986.0,15600.0
Mouse_Thymus4,60_111,1,16186.0,18900.0
Mouse_Thymus4,23_64,4,12486.0,14200.0
Mouse_Thymus4,20_65,0,12186.0,14300.0
Mouse_Thymus4,57_28,3,15886.0,10600.0
Mouse_Thymus4,50_4,2,15186.0,8200.0
Mouse_Thymus4,33_59,4,13486.0,13700.0
Mouse_Thymus4,12_65,0,11386.0,14300.0
Mouse_Thymus4,48_95,4,14986.0,17300.0
Mouse_Thymus4,42_23,4,14386.0,10100.0
Mouse_Thymus4,58_4,2,15986.0,8200.0
Mouse_Thymus4,54_43,3,15586.0,12100.0
Mouse_Thymus4,39_82,2,14086.0,16000.0
Mouse_Thymus4,48_103,2,14986.0,18100.0
Mouse_Thymus4,50_24,3,15186.0,10200.0
Mouse_Thymus4,52_114,3,15386.0,19200.0
Mouse_Thymus4,10_51,3,11186.0,12900.0
Mouse_Thymus4,20_70,0,12186.0,14800.0
Mouse_Thymus4,53_84,2,15486.0,16200.0
Mouse_Thymus4,20_74,3,12186.0,15200.0
Mouse_Thymus4,59_1,1,16086.0,7900.0
Mouse_Thymus4,6_58,3,10786.0,13600.0
Mouse_Thymus4,46_37,3,14786.0,11500.0
Mouse_Thymus4,42_25,4,14386.0,10300.0
Mouse_Thymus4,18_74,3,11986.0,15200.0
Mouse_Thymus4,52_88,2,15386.0,16600.0
Mouse_Thymus4,57_3,3,15886.0,8100.0
Mouse_Thymus4,5_52,0,10686.0,13000.0
Mouse_Thymus4,48_45,3,14986.0,12300.0
Mouse_Thymus4,22_50,4,12386.0,12800.0
Mouse_Thymus4,39_56,4,14086.0,13400.0
Mouse_Thymus4,22_38,4,12386.0,11600.0
Mouse_Thymus4,20_53,3,12186.0,13100.0
Mouse_Thymus4,54_108,4,15586.0,18600.0
Mouse_Thymus4,32_16,1,13386.0,9400.0
Mouse_Thymus4,52_13,3,15386.0,9100.0
Mouse_Thymus4,42_96,3,14386.0,17400.0
Mouse_Thymus4,6_54,3,10786.0,13200.0
Mouse_Thymus4,57_24,0,15886.0,10200.0
Mouse_Thymus4,20_75,0,12186.0,15300.0
Mouse_Thymus4,49_16,2,15086.0,9400.0
Mouse_Thymus4,38_64,4,13986.0,14200.0
Mouse_Thymus4,34_92,2,13586.0,17000.0
Mouse_Thymus4,32_62,3,13386.0,14000.0
Mouse_Thymus4,28_76,2,12986.0,15400.0
Mouse_Thymus4,66_4,4,16786.0,8200.0
Mouse_Thymus4,43_17,4,14486.0,9500.0
Mouse_Thymus4,68_6,3,16986.0,8400.0
Mouse_Thymus4,61_36,1,16286.0,11400.0
Mouse_Thymus4,35_96,0,13686.0,17400.0
Mouse_Thymus4,43_44,3,14486.0,12200.0
Mouse_Thymus4,33_96,3,13486.0,17400.0
Mouse_Thymus4,51_111,4,15286.0,18900.0
Mouse_Thymus4,44_106,0,14586.0,18400.0
Mouse_Thymus4,56_27,3,15786.0,10500.0
Mouse_Thymus4,38_79,2,13986.0,15700.0
Mouse_Thymus4,35_74,2,13686.0,15200.0
Mouse_Thymus4,24_79,3,12586.0,15700.0
Mouse_Thymus4,35_59,2,13686.0,13700.0
Mouse_Thymus4,49_51,3,15086.0,12900.0
Mouse_Thymus4,38_62,4,13986.0,14000.0
Mouse_Thymus4,35_55,2,13686.0,13300.0
Mouse_Thymus4,56_107,3,15786.0,18500.0
Mouse_Thymus4,45_95,1,14686.0,17300.0
Mouse_Thymus4,42_71,2,14386.0,14900.0
Mouse_Thymus4,44_26,2,14586.0,10400.0
Mouse_Thymus4,70_6,1,17186.0,8400.0
Mouse_Thymus4,12_46,3,11386.0,12400.0
Mouse_Thymus4,41_84,2,14286.0,16200.0
Mouse_Thymus4,37_29,2,13886.0,10700.0
Mouse_Thymus4,39_90,3,14086.0,16800.0
Mouse_Thymus4,46_32,3,14786.0,11000.0
Mouse_Thymus4,60_10,2,16186.0,8800.0
Mouse_Thymus4,14_70,0,11586.0,14800.0
Mouse_Thymus4,36_35,0,13786.0,11300.0
Mouse_Thymus4,24_72,0,12586.0,15000.0
Mouse_Thymus4,47_79,4,14886.0,15700.0
Mouse_Thymus4,18_64,4,11986.0,14200.0
Mouse_Thymus4,41_45,3,14286.0,12300.0
Mouse_Thymus4,16_29,1,11786.0,10700.0
Mouse_Thymus4,10_55,3,11186.0,13300.0
Mouse_Thymus4,28_88,3,12986.0,16600.0
Mouse_Thymus4,64_2,3,16586.0,8000.0
Mouse_Thymus4,49_96,4,15086.0,17400.0
Mouse_Thymus4,24_30,0,12586.0,10800.0
Mouse_Thymus4,39_10,1,14086.0,8800.0
Mouse_Thymus4,34_75,4,13586.0,15300.0
Mouse_Thymus4,46_19,4,14786.0,9700.0
Mouse_Thymus4,25_67,4,12686.0,14500.0
Mouse_Thymus4,6_35,3,10786.0,11300.0
Mouse_Thymus4,59_7,2,16086.0,8500.0
Mouse_Thymus4,16_58,3,11786.0,13600.0
Mouse_Thymus4,16_61,3,11786.0,13900.0
Mouse_Thymus4,48_115,3,14986.0,19300.0
Mouse_Thymus4,27_93,1,12886.0,17100.0
Mouse_Thymus4,21_48,4,12286.0,12600.0
Mouse_Thymus4,24_82,3,12586.0,16000.0
Mouse_Thymus4,59_15,0,16086.0,9300.0
Mouse_Thymus4,16_75,3,11786.0,15300.0
Mouse_Thymus4,24_36,4,12586.0,11400.0
Mouse_Thymus4,22_45,4,12386.0,12300.0
Mouse_Thymus4,53_22,0,15486.0,10000.0
Mouse_Thymus4,21_78,3,12286.0,15600.0
Mouse_Thymus4,47_72,1,14886.0,15000.0
Mouse_Thymus4,53_27,0,15486.0,10500.0
Mouse_Thymus4,52_78,3,15386.0,15600.0
Mouse_Thymus4,27_70,4,12886.0,14800.0
Mouse_Thymus4,53_101,4,15486.0,17900.0
Mouse_Thymus4,35_34,4,13686.0,11200.0
Mouse_Thymus4,37_86,2,13886.0,16400.0
Mouse_Thymus4,64_7,0,16586.0,8500.0
Mouse_Thymus4,49_7,3,15086.0,8500.0
Mouse_Thymus4,52_2,2,15386.0,8000.0
Mouse_Thymus4,36_12,1,13786.0,9000.0
Mouse_Thymus4,52_25,3,15386.0,10300.0
Mouse_Thymus4,11_49,3,11286.0,12700.0
Mouse_Thymus4,36_57,2,13786.0,13500.0
Mouse_Thymus4,41_64,3,14286.0,14200.0
Mouse_Thymus4,44_90,4,14586.0,16800.0
Mouse_Thymus4,50_101,4,15186.0,17900.0
Mouse_Thymus4,31_54,4,13286.0,13200.0
Mouse_Thymus4,32_25,0,13386.0,10300.0
Mouse_Thymus4,55_84,3,15686.0,16200.0
Mouse_Thymus4,15_64,1,11686.0,14200.0
Mouse_Thymus4,20_77,0,12186.0,15500.0
Mouse_Thymus4,51_44,0,15286.0,12200.0
Mouse_Thymus4,49_4,1,15086.0,8200.0
Mouse_Thymus4,47_78,2,14886.0,15600.0
Mouse_Thymus4,31_86,2,13286.0,16400.0
Mouse_Thymus4,46_53,0,14786.0,13100.0
Mouse_Thymus4,57_87,2,15886.0,16500.0
Mouse_Thymus4,44_14,4,14586.0,9200.0
Mouse_Thymus4,9_35,3,11086.0,11300.0
Mouse_Thymus4,25_29,2,12686.0,10700.0
Mouse_Thymus4,23_79,3,12486.0,15700.0
Mouse_Thymus4,47_84,4,14886.0,16200.0
Mouse_Thymus4,7_35,1,10886.0,11300.0
Mouse_Thymus4,38_12,1,13986.0,9000.0
Mouse_Thymus4,33_49,4,13486.0,12700.0
Mouse_Thymus4,60_14,3,16186.0,9200.0
Mouse_Thymus4,8_54,3,10986.0,13200.0
Mouse_Thymus4,29_66,2,13086.0,14400.0
Mouse_Thymus4,57_117,1,15886.0,19500.0
Mouse_Thymus4,10_59,0,11186.0,13700.0
Mouse_Thymus4,61_95,3,16286.0,17300.0
Mouse_Thymus4,27_85,3,12886.0,16300.0
Mouse_Thymus4,24_63,4,12586.0,14100.0
Mouse_Thymus4,48_22,0,14986.0,10000.0
Mouse_Thymus4,62_7,4,16386.0,8500.0
Mouse_Thymus4,26_83,2,12786.0,16100.0
Mouse_Thymus4,41_67,3,14286.0,14500.0
Mouse_Thymus4,35_63,2,13686.0,14100.0
Mouse_Thymus4,57_96,2,15886.0,17400.0
Mouse_Thymus4,38_29,4,13986.0,10700.0
Mouse_Thymus4,49_17,2,15086.0,9500.0
Mouse_Thymus4,57_2,2,15886.0,8000.0
Mouse_Thymus4,36_68,2,13786.0,14600.0
Mouse_Thymus4,51_91,4,15286.0,16900.0
Mouse_Thymus4,4_53,3,10586.0,13100.0
Mouse_Thymus4,41_25,4,14286.0,10300.0
Mouse_Thymus4,51_74,2,15286.0,15200.0
Mouse_Thymus4,34_51,4,13586.0,12900.0
Mouse_Thymus4,37_31,4,13886.0,10900.0
Mouse_Thymus4,53_107,4,15486.0,18500.0
Mouse_Thymus4,29_76,4,13086.0,15400.0
Mouse_Thymus4,52_75,3,15386.0,15300.0
Mouse_Thymus4,18_72,3,11986.0,15000.0
Mouse_Thymus4,62_93,3,16386.0,17100.0
Mouse_Thymus4,62_1,3,16386.0,7900.0
Mouse_Thymus4,31_27,4,13286.0,10500.0
Mouse_Thymus4,16_40,4,11786.0,11800.0
Mouse_Thymus4,22_57,2,12386.0,13500.0
Mouse_Thymus4,48_101,3,14986.0,17900.0
Mouse_Thymus4,51_103,4,15286.0,18100.0
Mouse_Thymus4,70_2,0,17186.0,8000.0
Mouse_Thymus4,50_28,1,15186.0,10600.0
Mouse_Thymus4,22_47,4,12386.0,12500.0
Mouse_Thymus4,50_47,0,15186.0,12500.0
Mouse_Thymus4,62_96,3,16386.0,17400.0
Mouse_Thymus4,26_48,4,12786.0,12600.0
Mouse_Thymus4,4_48,0,10586.0,12600.0
Mouse_Thymus4,26_91,3,12786.0,16900.0
Mouse_Thymus4,67_0,1,16886.0,7800.0
Mouse_Thymus4,57_115,0,15886.0,19300.0
Mouse_Thymus4,17_51,2,11886.0,12900.0
Mouse_Thymus4,36_25,4,13786.0,10300.0
Mouse_Thymus4,14_49,3,11586.0,12700.0
Mouse_Thymus4,40_60,0,14186.0,13800.0
Mouse_Thymus4,19_83,2,12086.0,16100.0
Mouse_Thymus4,43_52,4,14486.0,13000.0
Mouse_Thymus4,20_27,1,12186.0,10500.0
Mouse_Thymus4,21_32,0,12286.0,11000.0
Mouse_Thymus4,40_57,4,14186.0,13500.0
Mouse_Thymus4,24_50,4,12586.0,12800.0
Mouse_Thymus4,52_103,4,15386.0,18100.0
Mouse_Thymus4,26_70,4,12786.0,14800.0
Mouse_Thymus4,13_68,3,11486.0,14600.0
Mouse_Thymus4,72_2,1,17386.0,8000.0
Mouse_Thymus4,49_72,1,15086.0,15000.0
Mouse_Thymus4,23_71,4,12486.0,14900.0
Mouse_Thymus4,4_54,0,10586.0,13200.0
Mouse_Thymus4,47_110,3,14886.0,18800.0
Mouse_Thymus4,16_41,4,11786.0,11900.0
Mouse_Thymus4,44_52,4,14586.0,13000.0
Mouse_Thymus4,15_63,3,11686.0,14100.0
Mouse_Thymus4,59_25,3,16086.0,10300.0
Mouse_Thymus4,31_73,0,13286.0,15100.0
Mouse_Thymus4,49_93,4,15086.0,17100.0
Mouse_Thymus4,8_46,3,10986.0,12400.0
Mouse_Thymus4,56_92,2,15786.0,17000.0
Mouse_Thymus4,52_79,3,15386.0,15700.0
Mouse_Thymus4,44_76,2,14586.0,15400.0
Mouse_Thymus4,30_75,2,13186.0,15300.0
Mouse_Thymus4,46_11,0,14786.0,8900.0
Mouse_Thymus4,59_95,3,16086.0,17300.0
Mouse_Thymus4,33_42,0,13486.0,12000.0
Mouse_Thymus4,23_52,4,12486.0,13000.0
Mouse_Thymus4,54_103,4,15586.0,18100.0
Mouse_Thymus4,61_30,3,16286.0,10800.0
Mouse_Thymus4,54_40,3,15586.0,11800.0
Mouse_Thymus4,39_67,4,14086.0,14500.0
Mouse_Thymus4,16_34,0,11786.0,11200.0
Mouse_Thymus4,45_37,3,14686.0,11500.0
Mouse_Thymus4,48_7,2,14986.0,8500.0
Mouse_Thymus4,23_42,4,12486.0,12000.0
Mouse_Thymus4,31_53,4,13286.0,13100.0
Mouse_Thymus4,62_33,0,16386.0,11100.0
Mouse_Thymus4,41_104,1,14286.0,18200.0
Mouse_Thymus4,23_36,0,12486.0,11400.0
Mouse_Thymus4,30_64,3,13186.0,14200.0
Mouse_Thymus4,34_63,2,13586.0,14100.0
Mouse_Thymus4,38_52,4,13986.0,13000.0
Mouse_Thymus4,54_45,1,15586.0,12300.0
Mouse_Thymus4,26_75,3,12786.0,15300.0
Mouse_Thymus4,43_83,4,14486.0,16100.0
Mouse_Thymus4,27_81,2,12886.0,15900.0
Mouse_Thymus4,31_91,2,13286.0,16900.0
Mouse_Thymus4,45_91,4,14686.0,16900.0
Mouse_Thymus4,35_73,0,13686.0,15100.0
Mouse_Thymus4,49_43,3,15086.0,12100.0
Mouse_Thymus4,49_94,4,15086.0,17200.0
Mouse_Thymus4,45_6,1,14686.0,8400.0
Mouse_Thymus4,47_17,4,14886.0,9500.0
Mouse_Thymus4,40_37,0,14186.0,11500.0
Mouse_Thymus4,15_59,0,11686.0,13700.0
Mouse_Thymus4,17_61,3,11886.0,13900.0
Mouse_Thymus4,59_37,3,16086.0,11500.0
Mouse_Thymus4,20_43,4,12186.0,12100.0
Mouse_Thymus4,31_55,4,13286.0,13300.0
Mouse_Thymus4,33_79,4,13486.0,15700.0
Mouse_Thymus4,36_85,2,13786.0,16300.0
Mouse_Thymus4,30_88,4,13186.0,16600.0
Mouse_Thymus4,32_44,4,13386.0,12200.0
Mouse_Thymus4,4_51,3,10586.0,12900.0
Mouse_Thymus4,53_9,4,15486.0,8700.0
Mouse_Thymus4,27_69,4,12886.0,14700.0
Mouse_Thymus4,60_28,3,16186.0,10600.0
Mouse_Thymus4,36_81,2,13786.0,15900.0
Mouse_Thymus4,35_51,4,13686.0,12900.0
Mouse_Thymus4,48_102,2,14986.0,18000.0
Mouse_Thymus4,17_47,4,11886.0,12500.0
Mouse_Thymus4,27_78,2,12886.0,15600.0
Mouse_Thymus4,43_81,4,14486.0,15900.0
Mouse_Thymus4,40_88,0,14186.0,16600.0
Mouse_Thymus4,37_64,4,13886.0,14200.0
Mouse_Thymus4,15_49,2,11686.0,12700.0
Mouse_Thymus4,56_29,3,15786.0,10700.0
Mouse_Thymus4,30_35,2,13186.0,11300.0
Mouse_Thymus4,3_54,0,10486.0,13200.0
Mouse_Thymus4,47_103,3,14886.0,18100.0
Mouse_Thymus4,1_55,3,10286.0,13300.0
Mouse_Thymus4,27_54,4,12886.0,13200.0
Mouse_Thymus4,69_3,2,17086.0,8100.0
Mouse_Thymus4,64_25,3,16586.0,10300.0
Mouse_Thymus4,30_65,2,13186.0,14300.0
Mouse_Thymus4,22_26,0,12386.0,10400.0
Mouse_Thymus4,34_69,2,13586.0,14700.0
Mouse_Thymus4,41_103,3,14286.0,18100.0
Mouse_Thymus4,45_8,3,14686.0,8600.0
Mouse_Thymus4,35_41,3,13686.0,11900.0
Mouse_Thymus4,24_33,4,12586.0,11100.0
Mouse_Thymus4,36_34,4,13786.0,11200.0
Mouse_Thymus4,19_48,4,12086.0,12600.0
Mouse_Thymus4,17_66,4,11886.0,14400.0
Mouse_Thymus4,27_88,3,12886.0,16600.0
Mouse_Thymus4,23_49,4,12486.0,12700.0
Mouse_Thymus4,60_90,3,16186.0,16800.0
Mouse_Thymus4,20_63,2,12186.0,14100.0
Mouse_Thymus4,45_33,3,14686.0,11100.0
Mouse_Thymus4,6_52,3,10786.0,13000.0
Mouse_Thymus4,23_67,4,12486.0,14500.0
Mouse_Thymus4,47_92,4,14886.0,17000.0
Mouse_Thymus4,0_55,3,10186.0,13300.0
Mouse_Thymus4,61_9,4,16286.0,8700.0
Mouse_Thymus4,12_51,3,11386.0,12900.0
Mouse_Thymus4,56_114,3,15786.0,19200.0
Mouse_Thymus4,34_72,2,13586.0,15000.0
Mouse_Thymus4,47_90,4,14886.0,16800.0
Mouse_Thymus4,41_49,4,14286.0,12700.0
Mouse_Thymus4,47_36,3,14886.0,11400.0
Mouse_Thymus4,45_15,4,14686.0,9300.0
Mouse_Thymus4,38_34,0,13986.0,11200.0
Mouse_Thymus4,45_48,4,14686.0,12600.0
Mouse_Thymus4,37_36,3,13886.0,11400.0
Mouse_Thymus4,24_76,2,12586.0,15400.0
Mouse_Thymus4,39_53,1,14086.0,13100.0
Mouse_Thymus4,42_105,1,14386.0,18300.0
Mouse_Thymus4,19_72,2,12086.0,15000.0
Mouse_Thymus4,57_82,3,15886.0,16000.0
Mouse_Thymus4,55_107,2,15686.0,18500.0
Mouse_Thymus4,38_32,4,13986.0,11000.0
Mouse_Thymus4,43_12,3,14486.0,9000.0
Mouse_Thymus4,56_42,3,15786.0,12000.0
Mouse_Thymus4,44_24,0,14586.0,10200.0
Mouse_Thymus4,44_12,3,14586.0,9000.0
Mouse_Thymus4,22_76,4,12386.0,15400.0
Mouse_Thymus4,51_117,1,15286.0,19500.0
Mouse_Thymus4,52_112,4,15386.0,19000.0
Mouse_Thymus4,36_77,1,13786.0,15500.0
Mouse_Thymus4,51_40,3,15286.0,11800.0
Mouse_Thymus4,56_31,3,15786.0,10900.0
Mouse_Thymus4,67_5,3,16886.0,8300.0
Mouse_Thymus4,50_5,3,15186.0,8300.0
Mouse_Thymus4,19_35,3,12086.0,11300.0
Mouse_Thymus4,40_23,4,14186.0,10100.0
Mouse_Thymus4,42_92,2,14386.0,17000.0
Mouse_Thymus4,40_82,3,14186.0,16000.0
Mouse_Thymus4,34_78,2,13586.0,15600.0
Mouse_Thymus4,44_11,3,14586.0,8900.0
Mouse_Thymus4,59_10,4,16086.0,8800.0
Mouse_Thymus4,40_71,2,14186.0,14900.0
Mouse_Thymus4,38_14,0,13986.0,9200.0
Mouse_Thymus4,18_71,1,11986.0,14900.0
Mouse_Thymus4,47_51,0,14886.0,12900.0
Mouse_Thymus4,54_86,3,15586.0,16400.0
Mouse_Thymus4,39_36,0,14086.0,11400.0
Mouse_Thymus4,37_23,4,13886.0,10100.0
Mouse_Thymus4,27_21,1,12886.0,9900.0
Mouse_Thymus4,9_33,1,11086.0,11100.0
Mouse_Thymus4,15_72,3,11686.0,15000.0
Mouse_Thymus4,60_97,3,16186.0,17500.0
Mouse_Thymus4,10_61,3,11186.0,13900.0
Mouse_Thymus4,36_16,3,13786.0,9400.0
Mouse_Thymus4,40_21,4,14186.0,9900.0
Mouse_Thymus4,18_61,3,11986.0,13900.0
Mouse_Thymus4,48_36,3,14986.0,11400.0
Mouse_Thymus4,24_73,2,12586.0,15100.0
Mouse_Thymus4,33_88,2,13486.0,16600.0
Mouse_Thymus4,14_60,0,11586.0,13800.0
Mouse_Thymus4,21_24,1,12286.0,10200.0
Mouse_Thymus4,21_31,0,12286.0,10900.0
Mouse_Thymus4,54_118,3,15586.0,19600.0
Mouse_Thymus4,46_48,4,14786.0,12600.0
Mouse_Thymus4,31_94,0,13286.0,17200.0
Mouse_Thymus4,44_40,3,14586.0,11800.0
Mouse_Thymus4,44_30,3,14586.0,10800.0
Mouse_Thymus4,29_35,0,13086.0,11300.0
Mouse_Thymus4,57_81,3,15886.0,15900.0
Mouse_Thymus4,39_48,3,14086.0,12600.0
Mouse_Thymus4,36_30,0,13786.0,10800.0
Mouse_Thymus4,55_31,3,15686.0,10900.0
Mouse_Thymus4,49_12,4,15086.0,9000.0
Mouse_Thymus4,48_49,4,14986.0,12700.0
Mouse_Thymus4,64_3,2,16586.0,8100.0
Mouse_Thymus4,47_47,4,14886.0,12500.0
Mouse_Thymus4,23_44,4,12486.0,12200.0
Mouse_Thymus4,7_61,3,10886.0,13900.0
Mouse_Thymus4,24_84,3,12586.0,16200.0
Mouse_Thymus4,45_89,4,14686.0,16700.0
Mouse_Thymus4,45_82,4,14686.0,16000.0
Mouse_Thymus4,37_33,4,13886.0,11100.0
Mouse_Thymus4,52_107,4,15386.0,18500.0
Mouse_Thymus4,63_0,1,16486.0,7800.0
Mouse_Thymus4,51_47,0,15286.0,12500.0
Mouse_Thymus4,54_37,0,15586.0,11500.0
Mouse_Thymus4,8_59,0,10986.0,13700.0
Mouse_Thymus4,50_81,2,15186.0,15900.0
Mouse_Thymus4,9_63,3,11086.0,14100.0
Mouse_Thymus4,31_51,4,13286.0,12900.0
Mouse_Thymus4,47_35,0,14886.0,11300.0
Mouse_Thymus4,64_24,3,16586.0,10200.0
Mouse_Thymus4,32_72,4,13386.0,15000.0
Mouse_Thymus4,22_44,4,12386.0,12200.0
Mouse_Thymus4,56_115,3,15786.0,19300.0
Mouse_Thymus4,54_23,3,15586.0,10100.0
Mouse_Thymus4,53_35,3,15486.0,11300.0
Mouse_Thymus4,45_81,4,14686.0,15900.0
Mouse_Thymus4,15_71,3,11686.0,14900.0
Mouse_Thymus4,30_25,0,13186.0,10300.0
Mouse_Thymus4,50_76,3,15186.0,15400.0
Mouse_Thymus4,42_80,4,14386.0,15800.0
Mouse_Thymus4,35_86,2,13686.0,16400.0
Mouse_Thymus4,41_91,2,14286.0,16900.0
Mouse_Thymus4,22_72,4,12386.0,15000.0
Mouse_Thymus4,50_87,4,15186.0,16500.0
Mouse_Thymus4,32_69,4,13386.0,14700.0
Mouse_Thymus4,43_72,2,14486.0,15000.0
Mouse_Thymus4,27_62,4,12886.0,14000.0
Mouse_Thymus4,59_101,3,16086.0,17900.0
Mouse_Thymus4,44_80,4,14586.0,15800.0
Mouse_Thymus4,7_52,0,10886.0,13000.0
Mouse_Thymus4,27_60,4,12886.0,13800.0
Mouse_Thymus4,8_62,3,10986.0,14000.0
Mouse_Thymus4,46_39,3,14786.0,11700.0
Mouse_Thymus4,50_99,2,15186.0,17700.0
Mouse_Thymus4,34_80,0,13586.0,15800.0
Mouse_Thymus4,42_11,1,14386.0,8900.0
Mouse_Thymus4,35_30,2,13686.0,10800.0
Mouse_Thymus4,52_97,4,15386.0,17500.0
Mouse_Thymus4,42_99,3,14386.0,17700.0
Mouse_Thymus4,28_40,4,12986.0,11800.0
Mouse_Thymus4,31_80,4,13286.0,15800.0
Mouse_Thymus4,35_49,0,13686.0,12700.0
Mouse_Thymus4,38_51,4,13986.0,12900.0
Mouse_Thymus4,59_17,3,16086.0,9500.0
Mouse_Thymus4,24_87,1,12586.0,16500.0
Mouse_Thymus4,18_37,4,11986.0,11500.0
Mouse_Thymus4,27_92,1,12886.0,17000.0
Mouse_Thymus4,31_38,3,13286.0,11600.0
Mouse_Thymus4,43_100,3,14486.0,17800.0
Mouse_Thymus4,33_45,2,13486.0,12300.0
Mouse_Thymus4,27_83,3,12886.0,16100.0
Mouse_Thymus4,27_42,2,12886.0,12000.0
Mouse_Thymus4,53_88,2,15486.0,16600.0
Mouse_Thymus4,54_13,3,15586.0,9100.0
Mouse_Thymus4,20_78,3,12186.0,15600.0
Mouse_Thymus4,16_72,3,11786.0,15000.0
Mouse_Thymus4,58_95,3,15986.0,17300.0
Mouse_Thymus4,24_38,4,12586.0,11600.0
Mouse_Thymus4,34_64,0,13586.0,14200.0
Mouse_Thymus4,38_63,4,13986.0,14100.0
Mouse_Thymus4,29_57,4,13086.0,13500.0
Mouse_Thymus4,56_80,3,15786.0,15800.0
Mouse_Thymus4,41_96,3,14286.0,17400.0
Mouse_Thymus4,7_45,3,10886.0,12300.0
Mouse_Thymus4,62_92,3,16386.0,17000.0
Mouse_Thymus4,54_91,3,15586.0,16900.0
Mouse_Thymus4,3_56,3,10486.0,13400.0
Mouse_Thymus4,0_56,3,10186.0,13400.0
Mouse_Thymus4,59_103,3,16086.0,18100.0
Mouse_Thymus4,57_21,3,15886.0,9900.0
Mouse_Thymus4,12_62,3,11386.0,14000.0
Mouse_Thymus4,57_101,2,15886.0,17900.0
Mouse_Thymus4,27_68,4,12886.0,14600.0
Mouse_Thymus4,42_97,0,14386.0,17500.0
Mouse_Thymus4,43_107,1,14486.0,18500.0
Mouse_Thymus4,62_26,3,16386.0,10400.0
Mouse_Thymus4,55_96,4,15686.0,17400.0
Mouse_Thymus4,34_28,0,13586.0,10600.0
Mouse_Thymus4,26_78,3,12786.0,15600.0
Mouse_Thymus4,33_38,3,13486.0,11600.0
Mouse_Thymus4,43_38,3,14486.0,11600.0
Mouse_Thymus4,62_14,3,16386.0,9200.0
Mouse_Thymus4,23_75,4,12486.0,15300.0
Mouse_Thymus4,13_56,0,11486.0,13400.0
Mouse_Thymus4,24_53,2,12586.0,13100.0
Mouse_Thymus4,60_27,3,16186.0,10500.0
Mouse_Thymus4,33_68,4,13486.0,14600.0
Mouse_Thymus4,33_61,0,13486.0,13900.0
Mouse_Thymus4,37_88,2,13886.0,16600.0
Mouse_Thymus4,61_90,2,16286.0,16800.0
Mouse_Thymus4,44_72,3,14586.0,15000.0
Mouse_Thymus4,48_88,4,14986.0,16600.0
Mouse_Thymus4,21_85,3,12286.0,16300.0
Mouse_Thymus4,41_50,4,14286.0,12800.0
Mouse_Thymus4,11_40,3,11286.0,11800.0
Mouse_Thymus4,39_26,4,14086.0,10400.0
Mouse_Thymus4,30_29,4,13186.0,10700.0
Mouse_Thymus4,57_31,0,15886.0,10900.0
Mouse_Thymus4,35_22,2,13686.0,10000.0
Mouse_Thymus4,21_49,4,12286.0,12700.0
Mouse_Thymus4,62_95,3,16386.0,17300.0
Mouse_Thymus4,26_87,0,12786.0,16500.0
Mouse_Thymus4,16_64,0,11786.0,14200.0
Mouse_Thymus4,27_84,2,12886.0,16200.0
Mouse_Thymus4,40_55,4,14186.0,13300.0
Mouse_Thymus4,54_44,3,15586.0,12200.0
Mouse_Thymus4,12_53,0,11386.0,13100.0
Mouse_Thymus4,19_43,4,12086.0,12100.0
Mouse_Thymus4,35_36,2,13686.0,11400.0
Mouse_Thymus4,54_39,0,15586.0,11700.0
Mouse_Thymus4,27_82,2,12886.0,16000.0
Mouse_Thymus4,39_81,2,14086.0,15900.0
Mouse_Thymus4,38_35,3,13986.0,11300.0
Mouse_Thymus4,13_41,0,11486.0,11900.0
Mouse_Thymus4,48_27,3,14986.0,10500.0
Mouse_Thymus4,10_53,0,11186.0,13100.0
Mouse_Thymus4,43_92,3,14486.0,17000.0
Mouse_Thymus4,40_93,3,14186.0,17100.0
Mouse_Thymus4,29_75,0,13086.0,15300.0
Mouse_Thymus4,15_55,0,11686.0,13300.0
Mouse_Thymus4,18_53,2,11986.0,13100.0
Mouse_Thymus4,34_61,0,13586.0,13900.0
Mouse_Thymus4,37_16,3,13886.0,9400.0
Mouse_Thymus4,54_15,3,15586.0,9300.0
Mouse_Thymus4,6_60,3,10786.0,13800.0
Mouse_Thymus4,44_105,3,14586.0,18300.0
Mouse_Thymus4,49_15,2,15086.0,9300.0
Mouse_Thymus4,23_29,0,12486.0,10700.0
Mouse_Thymus4,52_21,3,15386.0,9900.0
Mouse_Thymus4,50_27,0,15186.0,10500.0
Mouse_Thymus4,21_83,3,12286.0,16100.0
Mouse_Thymus4,58_25,0,15986.0,10300.0
Mouse_Thymus4,11_55,0,11286.0,13300.0
Mouse_Thymus4,26_49,4,12786.0,12700.0
Mouse_Thymus4,47_42,0,14886.0,12000.0
Mouse_Thymus4,30_53,4,13186.0,13100.0
Mouse_Thymus4,28_19,2,12986.0,9700.0
Mouse_Thymus4,38_37,0,13986.0,11500.0
Mouse_Thymus4,44_50,4,14586.0,12800.0
Mouse_Thymus4,43_69,3,14486.0,14700.0
Mouse_Thymus4,34_40,0,13586.0,11800.0
Mouse_Thymus4,15_34,0,11686.0,11200.0
Mouse_Thymus4,42_49,2,14386.0,12700.0
Mouse_Thymus4,27_40,4,12886.0,11800.0
Mouse_Thymus4,46_41,0,14786.0,11900.0
Mouse_Thymus4,41_72,2,14286.0,15000.0
Mouse_Thymus4,37_65,4,13886.0,14300.0
Mouse_Thymus4,38_65,4,13986.0,14300.0
Mouse_Thymus4,39_64,4,14086.0,14200.0
Mouse_Thymus4,50_15,2,15186.0,9300.0
Mouse_Thymus4,58_112,3,15986.0,19000.0
Mouse_Thymus4,13_64,0,11486.0,14200.0
Mouse_Thymus4,62_34,1,16386.0,11200.0
Mouse_Thymus4,51_85,4,15286.0,16300.0
Mouse_Thymus4,50_104,4,15186.0,18200.0
Mouse_Thymus4,60_100,3,16186.0,17800.0
Mouse_Thymus4,42_69,3,14386.0,14700.0
Mouse_Thymus4,56_3,3,15786.0,8100.0
Mouse_Thymus4,45_25,3,14686.0,10300.0
Mouse_Thymus4,31_58,2,13286.0,13600.0
Mouse_Thymus4,46_92,4,14786.0,17000.0
Mouse_Thymus4,43_29,3,14486.0,10700.0
Mouse_Thymus4,27_32,4,12886.0,11000.0
Mouse_Thymus4,36_36,2,13786.0,11400.0
Mouse_Thymus4,49_29,1,15086.0,10700.0
Mouse_Thymus4,23_65,4,12486.0,14300.0
Mouse_Thymus4,43_76,4,14486.0,15400.0
Mouse_Thymus4,38_21,4,13986.0,9900.0
Mouse_Thymus4,42_101,0,14386.0,17900.0
Mouse_Thymus4,50_88,4,15186.0,16600.0
Mouse_Thymus4,28_30,4,12986.0,10800.0
Mouse_Thymus4,61_101,3,16286.0,17900.0
Mouse_Thymus4,54_21,0,15586.0,9900.0
Mouse_Thymus4,39_16,3,14086.0,9400.0
Mouse_Thymus4,49_5,3,15086.0,8300.0
Mouse_Thymus4,58_16,3,15986.0,9400.0
Mouse_Thymus4,15_39,3,11686.0,11700.0
Mouse_Thymus4,13_54,2,11486.0,13200.0
Mouse_Thymus4,61_103,3,16286.0,18100.0
Mouse_Thymus4,42_82,4,14386.0,16000.0
Mouse_Thymus4,66_1,3,16786.0,7900.0
Mouse_Thymus4,50_12,4,15186.0,9000.0
Mouse_Thymus4,58_38,3,15986.0,11600.0
Mouse_Thymus4,42_100,0,14386.0,17800.0
Mouse_Thymus4,43_84,2,14486.0,16200.0
Mouse_Thymus4,35_42,0,13686.0,12000.0
Mouse_Thymus4,28_60,4,12986.0,13800.0
Mouse_Thymus4,59_26,3,16086.0,10400.0
Mouse_Thymus4,60_15,3,16186.0,9300.0
Mouse_Thymus4,36_82,3,13786.0,16000.0
Mouse_Thymus4,18_58,2,11986.0,13600.0
Mouse_Thymus4,25_50,4,12686.0,12800.0
Mouse_Thymus4,26_90,3,12786.0,16800.0
Mouse_Thymus4,57_30,3,15886.0,10800.0
Mouse_Thymus4,50_23,3,15186.0,10100.0
Mouse_Thymus4,18_56,2,11986.0,13400.0
Mouse_Thymus4,50_105,4,15186.0,18300.0
Mouse_Thymus4,50_78,3,15186.0,15600.0
Mouse_Thymus4,46_74,2,14786.0,15200.0
Mouse_Thymus4,38_66,4,13986.0,14400.0
Mouse_Thymus4,56_4,3,15786.0,8200.0
Mouse_Thymus4,51_18,3,15286.0,9600.0
Mouse_Thymus4,58_14,3,15986.0,9200.0
Mouse_Thymus4,56_23,3,15786.0,10100.0
Mouse_Thymus4,46_12,4,14786.0,9000.0
Mouse_Thymus4,50_93,4,15186.0,17100.0
Mouse_Thymus4,38_24,4,13986.0,10200.0
Mouse_Thymus4,53_15,3,15486.0,9300.0
Mouse_Thymus4,31_43,4,13286.0,12100.0
Mouse_Thymus4,19_38,4,12086.0,11600.0
Mouse_Thymus4,44_7,0,14586.0,8500.0
Mouse_Thymus4,14_44,3,11586.0,12200.0
Mouse_Thymus4,16_39,0,11786.0,11700.0
Mouse_Thymus4,16_67,0,11786.0,14500.0
Mouse_Thymus4,25_83,3,12686.0,16100.0
Mouse_Thymus4,50_94,4,15186.0,17200.0
Mouse_Thymus4,16_43,4,11786.0,12100.0
Mouse_Thymus4,26_65,4,12786.0,14300.0
Mouse_Thymus4,40_9,1,14186.0,8700.0
Mouse_Thymus4,37_44,0,13886.0,12200.0
Mouse_Thymus4,42_91,3,14386.0,16900.0
Mouse_Thymus4,64_12,1,16586.0,9000.0
Mouse_Thymus4,22_32,0,12386.0,11000.0
Mouse_Thymus4,50_36,0,15186.0,11400.0
Mouse_Thymus4,57_103,3,15886.0,18100.0
Mouse_Thymus4,24_59,4,12586.0,13700.0
Mouse_Thymus4,63_22,1,16486.0,10000.0
Mouse_Thymus4,50_30,0,15186.0,10800.0
Mouse_Thymus4,32_27,0,13386.0,10500.0
Mouse_Thymus4,36_94,2,13786.0,17200.0
Mouse_Thymus4,1_53,3,10286.0,13100.0
Mouse_Thymus4,6_39,3,10786.0,11700.0
Mouse_Thymus4,18_54,3,11986.0,13200.0
Mouse_Thymus4,41_58,4,14286.0,13600.0
Mouse_Thymus4,56_95,2,15786.0,17300.0
Mouse_Thymus4,43_67,3,14486.0,14500.0
Mouse_Thymus4,17_55,2,11886.0,13300.0
Mouse_Thymus4,20_68,0,12186.0,14600.0
Mouse_Thymus4,41_90,0,14286.0,16800.0
Mouse_Thymus4,29_26,4,13086.0,10400.0
Mouse_Thymus4,21_38,4,12286.0,11600.0
Mouse_Thymus4,6_56,3,10786.0,13400.0
Mouse_Thymus4,43_49,4,14486.0,12700.0
Mouse_Thymus4,48_77,3,14986.0,15500.0
Mouse_Thymus4,62_100,3,16386.0,17800.0
Mouse_Thymus4,10_31,1,11186.0,10900.0
Mouse_Thymus4,37_96,0,13886.0,17400.0
Mouse_Thymus4,34_94,2,13586.0,17200.0
Mouse_Thymus4,36_75,2,13786.0,15300.0
Mouse_Thymus4,27_79,3,12886.0,15700.0
Mouse_Thymus4,59_35,0,16086.0,11300.0
Mouse_Thymus4,44_35,0,14586.0,11300.0
Mouse_Thymus4,35_15,3,13686.0,9300.0
Mouse_Thymus4,15_67,3,11686.0,14500.0
Mouse_Thymus4,33_93,3,13486.0,17100.0
Mouse_Thymus4,21_80,0,12286.0,15800.0
Mouse_Thymus4,60_33,3,16186.0,11100.0
Mouse_Thymus4,17_46,4,11886.0,12400.0
Mouse_Thymus4,58_29,3,15986.0,10700.0
Mouse_Thymus4,51_31,3,15286.0,10900.0
Mouse_Thymus4,5_47,0,10686.0,12500.0
Mouse_Thymus4,41_52,4,14286.0,13000.0
Mouse_Thymus4,38_50,4,13986.0,12800.0
Mouse_Thymus4,6_44,3,10786.0,12200.0
Mouse_Thymus4,23_59,3,12486.0,13700.0
Mouse_Thymus4,6_57,3,10786.0,13500.0
Mouse_Thymus4,12_54,0,11386.0,13200.0
Mouse_Thymus4,42_60,3,14386.0,13800.0
Mouse_Thymus4,59_94,3,16086.0,17200.0
Mouse_Thymus4,23_63,4,12486.0,14100.0
Mouse_Thymus4,38_94,3,13986.0,17200.0
Mouse_Thymus4,18_63,0,11986.0,14100.0
Mouse_Thymus4,57_110,3,15886.0,18800.0
Mouse_Thymus4,56_97,3,15786.0,17500.0
Mouse_Thymus4,38_87,3,13986.0,16500.0
Mouse_Thymus4,68_8,3,16986.0,8600.0
Mouse_Thymus4,47_76,4,14886.0,15400.0
Mouse_Thymus4,19_64,0,12086.0,14200.0
Mouse_Thymus4,62_24,3,16386.0,10200.0
Mouse_Thymus4,62_8,2,16386.0,8600.0
Mouse_Thymus4,45_45,0,14686.0,12300.0
Mouse_Thymus4,33_21,3,13486.0,9900.0
Mouse_Thymus4,29_63,0,13086.0,14100.0
Mouse_Thymus4,50_10,4,15186.0,8800.0
Mouse_Thymus4,37_12,3,13886.0,9000.0
Mouse_Thymus4,29_92,2,13086.0,17000.0
Mouse_Thymus4,46_94,4,14786.0,17200.0
Mouse_Thymus4,26_45,4,12786.0,12300.0
Mouse_Thymus4,19_58,2,12086.0,13600.0
Mouse_Thymus4,14_58,3,11586.0,13600.0
Mouse_Thymus4,45_108,3,14686.0,18600.0
Mouse_Thymus4,34_79,2,13586.0,15700.0
Mouse_Thymus4,51_34,2,15286.0,11200.0
Mouse_Thymus4,21_64,0,12286.0,14200.0
Mouse_Thymus4,59_91,3,16086.0,16900.0
Mouse_Thymus4,52_40,0,15386.0,11800.0
Mouse_Thymus4,38_48,3,13986.0,12600.0
Mouse_Thymus4,46_72,3,14786.0,15000.0
Mouse_Thymus4,10_50,3,11186.0,12800.0
Mouse_Thymus4,29_55,4,13086.0,13300.0
Mouse_Thymus4,40_11,3,14186.0,8900.0
Mouse_Thymus4,34_29,2,13586.0,10700.0
Mouse_Thymus4,48_97,4,14986.0,17500.0
Mouse_Thymus4,19_59,3,12086.0,13700.0
Mouse_Thymus4,49_44,0,15086.0,12200.0
Mouse_Thymus4,55_78,1,15686.0,15600.0
Mouse_Thymus4,0_53,1,10186.0,13100.0
Mouse_Thymus4,42_85,1,14386.0,16300.0
Mouse_Thymus4,28_61,4,12986.0,13900.0
Mouse_Thymus4,45_21,0,14686.0,9900.0
Mouse_Thymus4,32_79,2,13386.0,15700.0
Mouse_Thymus4,51_38,3,15286.0,11600.0
Mouse_Thymus4,9_47,3,11086.0,12500.0
Mouse_Thymus4,11_30,1,11286.0,10800.0
Mouse_Thymus4,54_6,3,15586.0,8400.0
Mouse_Thymus4,29_24,3,13086.0,10200.0
Mouse_Thymus4,8_43,0,10986.0,12100.0
Mouse_Thymus4,58_107,3,15986.0,18500.0
Mouse_Thymus4,57_35,3,15886.0,11300.0
Mouse_Thymus4,49_87,4,15086.0,16500.0
Mouse_Thymus4,50_41,0,15186.0,11900.0
Mouse_Thymus4,58_108,3,15986.0,18600.0
Mouse_Thymus4,31_41,2,13286.0,11900.0
Mouse_Thymus4,22_65,2,12386.0,14300.0
Mouse_Thymus4,47_114,1,14886.0,19200.0
Mouse_Thymus4,60_89,3,16186.0,16700.0
Mouse_Thymus4,50_46,0,15186.0,12400.0
Mouse_Thymus4,31_20,0,13286.0,9800.0
Mouse_Thymus4,60_96,3,16186.0,17400.0
Mouse_Thymus4,33_94,3,13486.0,17200.0
Mouse_Thymus4,13_36,3,11486.0,11400.0
Mouse_Thymus4,60_29,3,16186.0,10700.0
Mouse_Thymus4,5_49,3,10686.0,12700.0
Mouse_Thymus4,23_50,4,12486.0,12800.0
Mouse_Thymus4,6_37,3,10786.0,11500.0
Mouse_Thymus4,24_37,4,12586.0,11500.0
Mouse_Thymus4,35_13,1,13686.0,9100.0
Mouse_Thymus4,44_29,0,14586.0,10700.0
Mouse_Thymus4,27_90,2,12886.0,16800.0
Mouse_Thymus4,59_8,4,16086.0,8600.0
Mouse_Thymus4,43_25,4,14486.0,10300.0
Mouse_Thymus4,20_38,4,12186.0,11600.0
Mouse_Thymus4,47_102,3,14886.0,18000.0
Mouse_Thymus4,28_47,2,12986.0,12500.0
Mouse_Thymus4,16_47,4,11786.0,12500.0
Mouse_Thymus4,57_26,0,15886.0,10400.0
Mouse_Thymus4,33_40,0,13486.0,11800.0
Mouse_Thymus4,66_5,2,16786.0,8300.0
Mouse_Thymus4,50_16,2,15186.0,9400.0
Mouse_Thymus4,2_53,1,10386.0,13100.0
Mouse_Thymus4,34_30,0,13586.0,10800.0
Mouse_Thymus4,2_60,3,10386.0,13800.0
Mouse_Thymus4,11_65,3,11286.0,14300.0
Mouse_Thymus4,44_82,4,14586.0,16000.0
Mouse_Thymus4,26_37,4,12786.0,11500.0
Mouse_Thymus4,25_38,4,12686.0,11600.0
Mouse_Thymus4,44_42,2,14586.0,12000.0
Mouse_Thymus4,47_31,1,14886.0,10900.0
Mouse_Thymus4,41_15,0,14286.0,9300.0
Mouse_Thymus4,7_55,3,10886.0,13300.0
Mouse_Thymus4,28_54,4,12986.0,13200.0
Mouse_Thymus4,45_76,2,14686.0,15400.0
Mouse_Thymus4,37_67,4,13886.0,14500.0
Mouse_Thymus4,51_75,2,15286.0,15300.0
Mouse_Thymus4,33_67,2,13486.0,14500.0
Mouse_Thymus4,24_32,4,12586.0,11000.0
Mouse_Thymus4,44_86,4,14586.0,16400.0
Mouse_Thymus4,58_98,3,15986.0,17600.0
Mouse_Thymus4,61_6,4,16286.0,8400.0
Mouse_Thymus4,18_65,4,11986.0,14300.0
Mouse_Thymus4,40_20,4,14186.0,9800.0
Mouse_Thymus4,49_8,3,15086.0,8600.0
Mouse_Thymus4,55_119,2,15686.0,19700.0
Mouse_Thymus4,50_97,4,15186.0,17500.0
Mouse_Thymus4,57_10,4,15886.0,8800.0
Mouse_Thymus4,51_21,3,15286.0,9900.0
Mouse_Thymus4,60_106,3,16186.0,18400.0
Mouse_Thymus4,36_92,2,13786.0,17000.0
Mouse_Thymus4,9_41,3,11086.0,11900.0
Mouse_Thymus4,60_16,1,16186.0,9400.0
Mouse_Thymus4,20_34,0,12186.0,11200.0
Mouse_Thymus4,34_77,2,13586.0,15500.0
Mouse_Thymus4,39_23,4,14086.0,10100.0
Mouse_Thymus4,47_25,3,14886.0,10300.0
Mouse_Thymus4,31_62,2,13286.0,14000.0
Mouse_Thymus4,32_23,2,13386.0,10100.0
Mouse_Thymus4,37_51,4,13886.0,12900.0
Mouse_Thymus4,48_76,3,14986.0,15400.0
Mouse_Thymus4,64_28,3,16586.0,10600.0
Mouse_Thymus4,40_48,2,14186.0,12600.0
Mouse_Thymus4,58_85,3,15986.0,16300.0
Mouse_Thymus4,34_19,3,13586.0,9700.0
Mouse_Thymus4,18_45,4,11986.0,12300.0
Mouse_Thymus4,43_46,4,14486.0,12400.0
Mouse_Thymus4,18_49,2,11986.0,12700.0
Mouse_Thymus4,55_103,3,15686.0,18100.0
Mouse_Thymus4,64_6,3,16586.0,8400.0
Mouse_Thymus4,33_77,0,13486.0,15500.0
Mouse_Thymus4,36_71,3,13786.0,14900.0
Mouse_Thymus4,53_93,4,15486.0,17100.0
Mouse_Thymus4,37_69,0,13886.0,14700.0
Mouse_Thymus4,56_93,1,15786.0,17100.0
Mouse_Thymus4,49_47,3,15086.0,12500.0
Mouse_Thymus4,37_78,0,13886.0,15600.0
Mouse_Thymus4,48_5,1,14986.0,8300.0
Mouse_Thymus4,31_69,4,13286.0,14700.0
Mouse_Thymus4,34_25,4,13586.0,10300.0
Mouse_Thymus4,29_56,4,13086.0,13400.0
Mouse_Thymus4,26_33,4,12786.0,11100.0
Mouse_Thymus4,31_25,0,13286.0,10300.0
Mouse_Thymus4,44_107,0,14586.0,18500.0
Mouse_Thymus4,39_21,4,14086.0,9900.0
Mouse_Thymus4,60_101,3,16186.0,17900.0
Mouse_Thymus4,23_48,4,12486.0,12600.0
Mouse_Thymus4,57_7,4,15886.0,8500.0
Mouse_Thymus4,27_77,0,12886.0,15500.0
Mouse_Thymus4,44_79,4,14586.0,15700.0
Mouse_Thymus4,22_70,4,12386.0,14800.0
Mouse_Thymus4,51_33,3,15286.0,11100.0
Mouse_Thymus4,52_85,4,15386.0,16300.0
Mouse_Thymus4,12_35,3,11386.0,11300.0
Mouse_Thymus4,6_55,2,10786.0,13300.0
Mouse_Thymus4,37_45,3,13886.0,12300.0
Mouse_Thymus4,42_103,3,14386.0,18100.0
Mouse_Thymus4,17_63,0,11886.0,14100.0
Mouse_Thymus4,49_30,1,15086.0,10800.0
Mouse_Thymus4,27_59,4,12886.0,13700.0
Mouse_Thymus4,45_44,3,14686.0,12200.0
Mouse_Thymus4,55_106,2,15686.0,18400.0
Mouse_Thymus4,14_37,0,11586.0,11500.0
Mouse_Thymus4,5_46,3,10686.0,12400.0
Mouse_Thymus4,44_68,3,14586.0,14600.0
Mouse_Thymus4,58_7,4,15986.0,8500.0
Mouse_Thymus4,56_104,2,15786.0,18200.0
Mouse_Thymus4,28_46,2,12986.0,12400.0
Mouse_Thymus4,39_91,2,14086.0,16900.0
Mouse_Thymus4,24_67,4,12586.0,14500.0
Mouse_Thymus4,38_59,4,13986.0,13700.0
Mouse_Thymus4,47_52,2,14886.0,13000.0
Mouse_Thymus4,27_56,4,12886.0,13400.0
Mouse_Thymus4,30_61,4,13186.0,13900.0
Mouse_Thymus4,14_54,0,11586.0,13200.0
Mouse_Thymus4,29_50,4,13086.0,12800.0
Mouse_Thymus4,11_53,0,11286.0,13100.0
Mouse_Thymus4,41_40,0,14286.0,11800.0
Mouse_Thymus4,55_9,4,15686.0,8700.0
Mouse_Thymus4,14_65,3,11586.0,14300.0
Mouse_Thymus4,29_33,2,13086.0,11100.0
Mouse_Thymus4,21_25,3,12286.0,10300.0
Mouse_Thymus4,13_62,3,11486.0,14000.0
Mouse_Thymus4,34_90,4,13586.0,16800.0
Mouse_Thymus4,43_101,0,14486.0,17900.0
Mouse_Thymus4,38_17,2,13986.0,9500.0
Mouse_Thymus4,46_29,3,14786.0,10700.0
Mouse_Thymus4,26_74,2,12786.0,15200.0
Mouse_Thymus4,60_8,4,16186.0,8600.0
Mouse_Thymus4,58_84,3,15986.0,16200.0
Mouse_Thymus4,30_67,2,13186.0,14500.0
Mouse_Thymus4,44_92,2,14586.0,17000.0
Mouse_Thymus4,39_83,3,14086.0,16100.0
Mouse_Thymus4,49_78,3,15086.0,15600.0
Mouse_Thymus4,15_36,0,11686.0,11400.0
Mouse_Thymus4,50_13,0,15186.0,9100.0
Mouse_Thymus4,55_17,3,15686.0,9500.0
Mouse_Thymus4,61_34,3,16286.0,11200.0
Mouse_Thymus4,32_82,4,13386.0,16000.0
Mouse_Thymus4,14_42,3,11586.0,12000.0
Mouse_Thymus4,32_81,4,13386.0,15900.0
Mouse_Thymus4,49_108,2,15086.0,18600.0
Mouse_Thymus4,49_35,3,15086.0,11300.0
Mouse_Thymus4,56_105,0,15786.0,18300.0
Mouse_Thymus4,53_16,0,15486.0,9400.0
Mouse_Thymus4,31_64,2,13286.0,14200.0
Mouse_Thymus4,2_50,1,10386.0,12800.0
Mouse_Thymus4,22_63,4,12386.0,14100.0
Mouse_Thymus4,49_26,0,15086.0,10400.0
Mouse_Thymus4,30_40,0,13186.0,11800.0
Mouse_Thymus4,31_79,4,13286.0,15700.0
Mouse_Thymus4,35_23,4,13686.0,10100.0
Mouse_Thymus4,33_82,4,13486.0,16000.0
Mouse_Thymus4,42_32,3,14386.0,11000.0
Mouse_Thymus4,69_2,3,17086.0,8000.0
Mouse_Thymus4,15_50,3,11686.0,12800.0
Mouse_Thymus4,39_76,2,14086.0,15400.0
Mouse_Thymus4,57_5,0,15886.0,8300.0
Mouse_Thymus4,40_73,2,14186.0,15100.0
Mouse_Thymus4,9_42,0,11086.0,12000.0
Mouse_Thymus4,22_24,3,12386.0,10200.0
Mouse_Thymus4,43_63,1,14486.0,14100.0
Mouse_Thymus4,39_33,2,14086.0,11100.0
Mouse_Thymus4,41_19,4,14286.0,9700.0
Mouse_Thymus4,23_55,3,12486.0,13300.0
Mouse_Thymus4,32_95,3,13386.0,17300.0
Mouse_Thymus4,37_56,2,13886.0,13400.0
Mouse_Thymus4,57_9,4,15886.0,8700.0
Mouse_Thymus4,56_38,3,15786.0,11600.0
Mouse_Thymus4,42_79,4,14386.0,15700.0
Mouse_Thymus4,43_21,0,14486.0,9900.0
Mouse_Thymus4,58_9,4,15986.0,8700.0
Mouse_Thymus4,42_41,3,14386.0,11900.0
Mouse_Thymus4,25_65,4,12686.0,14300.0
Mouse_Thymus4,9_32,3,11086.0,11000.0
Mouse_Thymus4,34_95,2,13586.0,17300.0
Mouse_Thymus4,40_80,2,14186.0,15800.0
Mouse_Thymus4,24_54,0,12586.0,13200.0
Mouse_Thymus4,51_20,3,15286.0,9800.0
Mouse_Thymus4,34_93,2,13586.0,17100.0
Mouse_Thymus4,52_6,3,15386.0,8400.0
Mouse_Thymus4,25_55,4,12686.0,13300.0
Mouse_Thymus4,59_112,1,16086.0,19000.0
Mouse_Thymus4,35_68,3,13686.0,14600.0
Mouse_Thymus4,14_45,2,11586.0,12300.0
Mouse_Thymus4,11_63,3,11286.0,14100.0
Mouse_Thymus4,23_73,4,12486.0,15100.0
Mouse_Thymus4,37_58,2,13886.0,13600.0
Mouse_Thymus4,46_75,3,14786.0,15300.0
Mouse_Thymus4,36_43,4,13786.0,12100.0
Mouse_Thymus4,13_45,3,11486.0,12300.0
Mouse_Thymus4,38_16,3,13986.0,9400.0
Mouse_Thymus4,68_1,3,16986.0,7900.0
Mouse_Thymus4,41_44,2,14286.0,12200.0
Mouse_Thymus4,29_80,2,13086.0,15800.0
Mouse_Thymus4,43_98,3,14486.0,17600.0
Mouse_Thymus4,51_13,3,15286.0,9100.0
Mouse_Thymus4,32_49,4,13386.0,12700.0
Mouse_Thymus4,42_61,3,14386.0,13900.0
Mouse_Thymus4,39_46,3,14086.0,12400.0
Mouse_Thymus4,66_7,3,16786.0,8500.0
Mouse_Thymus4,34_60,0,13586.0,13800.0
Mouse_Thymus4,41_63,0,14286.0,14100.0
Mouse_Thymus4,46_109,3,14786.0,18700.0
Mouse_Thymus4,33_18,3,13486.0,9600.0
Mouse_Thymus4,56_110,3,15786.0,18800.0
Mouse_Thymus4,57_6,4,15886.0,8400.0
Mouse_Thymus4,56_98,2,15786.0,17600.0
Mouse_Thymus4,19_55,3,12086.0,13300.0
Mouse_Thymus4,25_44,4,12686.0,12200.0
Mouse_Thymus4,48_90,4,14986.0,16800.0
Mouse_Thymus4,58_31,3,15986.0,10900.0
Mouse_Thymus4,40_53,4,14186.0,13100.0
Mouse_Thymus4,41_18,4,14286.0,9600.0
Mouse_Thymus4,34_76,3,13586.0,15400.0
Mouse_Thymus4,61_93,3,16286.0,17100.0
Mouse_Thymus4,17_50,3,11886.0,12800.0
Mouse_Thymus4,28_63,4,12986.0,14100.0
Mouse_Thymus4,38_69,4,13986.0,14700.0
Mouse_Thymus4,34_50,4,13586.0,12800.0
Mouse_Thymus4,36_95,2,13786.0,17300.0
Mouse_Thymus4,33_36,3,13486.0,11400.0
Mouse_Thymus4,3_60,3,10486.0,13800.0
Mouse_Thymus4,35_39,3,13686.0,11700.0
Mouse_Thymus4,13_65,3,11486.0,14300.0
Mouse_Thymus4,58_18,3,15986.0,9600.0
Mouse_Thymus4,46_22,3,14786.0,10000.0
Mouse_Thymus4,44_22,0,14586.0,10000.0
Mouse_Thymus4,64_1,2,16586.0,7900.0
Mouse_Thymus4,59_102,3,16086.0,18000.0
Mouse_Thymus4,60_88,3,16186.0,16600.0
Mouse_Thymus4,59_87,3,16086.0,16500.0
Mouse_Thymus4,46_106,3,14786.0,18400.0
Mouse_Thymus4,44_100,0,14586.0,17800.0
Mouse_Thymus4,49_9,0,15086.0,8700.0
Mouse_Thymus4,46_36,3,14786.0,11400.0
Mouse_Thymus4,57_33,3,15886.0,11100.0
Mouse_Thymus4,53_99,4,15486.0,17700.0
Mouse_Thymus4,3_55,3,10486.0,13300.0
Mouse_Thymus4,42_48,4,14386.0,12600.0
Mouse_Thymus4,13_50,3,11486.0,12800.0
Mouse_Thymus4,34_38,3,13586.0,11600.0
Mouse_Thymus4,46_98,3,14786.0,17600.0
Mouse_Thymus4,51_76,3,15286.0,15400.0
Mouse_Thymus4,39_50,4,14086.0,12800.0
Mouse_Thymus4,26_54,4,12786.0,13200.0
Mouse_Thymus4,44_47,4,14586.0,12500.0
Mouse_Thymus4,50_44,0,15186.0,12200.0
Mouse_Thymus4,60_9,4,16186.0,8700.0
Mouse_Thymus4,24_31,0,12586.0,10900.0
Mouse_Thymus4,36_48,2,13786.0,12600.0
Mouse_Thymus4,22_59,0,12386.0,13700.0
Mouse_Thymus4,60_32,0,16186.0,11000.0
Mouse_Thymus4,43_105,3,14486.0,18300.0
Mouse_Thymus4,11_56,1,11286.0,13400.0
Mouse_Thymus4,28_81,2,12986.0,15900.0
Mouse_Thymus4,42_57,0,14386.0,13500.0
Mouse_Thymus4,52_27,3,15386.0,10500.0
Mouse_Thymus4,22_42,4,12386.0,12000.0
Mouse_Thymus4,65_9,3,16686.0,8700.0
Mouse_Thymus4,17_76,3,11886.0,15400.0
Mouse_Thymus4,49_18,3,15086.0,9600.0
Mouse_Thymus4,50_113,2,15186.0,19100.0
Mouse_Thymus4,44_56,1,14586.0,13400.0
Mouse_Thymus4,26_81,3,12786.0,15900.0
Mouse_Thymus4,16_37,3,11786.0,11500.0
Mouse_Thymus4,41_62,3,14286.0,14000.0
Mouse_Thymus4,17_40,4,11886.0,11800.0
Mouse_Thymus4,50_73,1,15186.0,15100.0
Mouse_Thymus4,12_56,0,11386.0,13400.0
Mouse_Thymus4,43_41,3,14486.0,11900.0
Mouse_Thymus4,52_23,0,15386.0,10100.0
Mouse_Thymus4,30_38,3,13186.0,11600.0
Mouse_Thymus4,48_11,4,14986.0,8900.0
Mouse_Thymus4,52_8,0,15386.0,8600.0
Mouse_Thymus4,25_89,3,12686.0,16700.0
Mouse_Thymus4,16_62,0,11786.0,14000.0
Mouse_Thymus4,29_71,4,13086.0,14900.0
Mouse_Thymus4,16_66,0,11786.0,14400.0
Mouse_Thymus4,49_84,4,15086.0,16200.0
Mouse_Thymus4,19_65,4,12086.0,14300.0
Mouse_Thymus4,25_85,3,12686.0,16300.0
Mouse_Thymus4,45_79,4,14686.0,15700.0
Mouse_Thymus4,47_74,3,14886.0,15200.0
Mouse_Thymus4,47_113,2,14886.0,19100.0
Mouse_Thymus4,38_38,0,13986.0,11600.0
Mouse_Thymus4,12_37,3,11386.0,11500.0
Mouse_Thymus4,22_43,4,12386.0,12100.0
Mouse_Thymus4,40_97,3,14186.0,17500.0
Mouse_Thymus4,45_84,4,14686.0,16200.0
Mouse_Thymus4,5_45,0,10686.0,12300.0
Mouse_Thymus4,31_22,3,13286.0,10000.0
Mouse_Thymus4,58_104,3,15986.0,18200.0
Mouse_Thymus4,41_99,2,14286.0,17700.0
Mouse_Thymus4,61_104,3,16286.0,18200.0
Mouse_Thymus4,29_23,3,13086.0,10100.0
Mouse_Thymus4,17_31,3,11886.0,10900.0
Mouse_Thymus4,26_73,0,12786.0,15100.0
Mouse_Thymus4,53_81,2,15486.0,15900.0
Mouse_Thymus4,30_50,4,13186.0,12800.0
Mouse_Thymus4,43_94,0,14486.0,17200.0
Mouse_Thymus4,59_3,3,16086.0,8100.0
Mouse_Thymus4,25_58,4,12686.0,13600.0
Mouse_Thymus4,16_56,0,11786.0,13400.0
Mouse_Thymus4,38_78,0,13986.0,15600.0
Mouse_Thymus4,8_45,3,10986.0,12300.0
Mouse_Thymus4,38_91,2,13986.0,16900.0
Mouse_Thymus4,59_92,1,16086.0,17000.0
Mouse_Thymus4,40_68,4,14186.0,14600.0
Mouse_Thymus4,62_30,3,16386.0,10800.0
Mouse_Thymus4,39_62,2,14086.0,14000.0
Mouse_Thymus4,12_50,3,11386.0,12800.0
Mouse_Thymus4,46_76,2,14786.0,15400.0
Mouse_Thymus4,21_58,2,12286.0,13600.0
Mouse_Thymus4,52_101,4,15386.0,17900.0
Mouse_Thymus4,59_88,2,16086.0,16600.0
Mouse_Thymus4,11_57,3,11286.0,13500.0
Mouse_Thymus4,11_58,2,11286.0,13600.0
Mouse_Thymus4,57_88,3,15886.0,16600.0
Mouse_Thymus4,54_116,2,15586.0,19400.0
Mouse_Thymus4,57_90,3,15886.0,16800.0
Mouse_Thymus4,63_4,3,16486.0,8200.0
Mouse_Thymus4,50_25,0,15186.0,10300.0
Mouse_Thymus4,34_85,4,13586.0,16300.0
Mouse_Thymus4,23_69,4,12486.0,14700.0
Mouse_Thymus4,50_42,0,15186.0,12000.0
Mouse_Thymus4,24_47,4,12586.0,12500.0
Mouse_Thymus4,52_117,3,15386.0,19500.0
Mouse_Thymus4,48_26,0,14986.0,10400.0
Mouse_Thymus4,51_110,4,15286.0,18800.0
Mouse_Thymus4,29_77,4,13086.0,15500.0
Mouse_Thymus4,46_21,4,14786.0,9900.0
Mouse_Thymus4,48_114,1,14986.0,19200.0
Mouse_Thymus4,62_3,0,16386.0,8100.0
Mouse_Thymus4,3_58,3,10486.0,13600.0
Mouse_Thymus4,43_31,3,14486.0,10900.0
Mouse_Thymus4,25_73,3,12686.0,15100.0
Mouse_Thymus4,25_69,4,12686.0,14700.0
Mouse_Thymus4,49_83,4,15086.0,16100.0
Mouse_Thymus4,25_51,4,12686.0,12900.0
Mouse_Thymus4,28_32,4,12986.0,11000.0
Mouse_Thymus4,36_38,3,13786.0,11600.0
Mouse_Thymus4,30_83,4,13186.0,16100.0
Mouse_Thymus4,68_7,3,16986.0,8500.0
Mouse_Thymus4,48_107,3,14986.0,18500.0
Mouse_Thymus4,54_111,4,15586.0,18900.0
Mouse_Thymus4,27_29,4,12886.0,10700.0
Mouse_Thymus4,50_18,0,15186.0,9600.0
Mouse_Thymus4,41_79,4,14286.0,15700.0
Mouse_Thymus4,55_4,3,15686.0,8200.0
Mouse_Thymus4,24_46,4,12586.0,12400.0
Mouse_Thymus4,30_81,4,13186.0,15900.0
Mouse_Thymus4,50_116,3,15186.0,19400.0
Mouse_Thymus4,58_111,3,15986.0,18900.0
Mouse_Thymus4,54_19,3,15586.0,9700.0
Mouse_Thymus4,28_22,3,12986.0,10000.0
Mouse_Thymus4,31_68,4,13286.0,14600.0
Mouse_Thymus4,47_94,4,14886.0,17200.0
Mouse_Thymus4,53_7,0,15486.0,8500.0
Mouse_Thymus4,64_22,1,16586.0,10000.0
Mouse_Thymus4,57_18,3,15886.0,9600.0
Mouse_Thymus4,37_43,0,13886.0,12100.0
Mouse_Thymus4,32_33,0,13386.0,11100.0
Mouse_Thymus4,58_19,3,15986.0,9700.0
Mouse_Thymus4,35_85,2,13686.0,16300.0
Mouse_Thymus4,53_112,4,15486.0,19000.0
Mouse_Thymus4,32_97,1,13386.0,17500.0
Mouse_Thymus4,31_42,2,13286.0,12000.0
Mouse_Thymus4,31_19,3,13286.0,9700.0
Mouse_Thymus4,30_78,4,13186.0,15600.0
Mouse_Thymus4,15_43,4,11686.0,12100.0
Mouse_Thymus4,29_38,3,13086.0,11600.0
Mouse_Thymus4,32_26,0,13386.0,10400.0
Mouse_Thymus4,19_67,2,12086.0,14500.0
Mouse_Thymus4,18_80,0,11986.0,15800.0
Mouse_Thymus4,41_46,0,14286.0,12400.0
Mouse_Thymus4,57_104,2,15886.0,18200.0
Mouse_Thymus4,13_63,2,11486.0,14100.0
Mouse_Thymus4,59_97,3,16086.0,17500.0
Mouse_Thymus4,28_52,4,12986.0,13000.0
Mouse_Thymus4,31_56,4,13286.0,13400.0
Mouse_Thymus4,52_41,3,15386.0,11900.0
Mouse_Thymus4,43_79,4,14486.0,15700.0
Mouse_Thymus4,16_57,2,11786.0,13500.0
Mouse_Thymus4,36_42,3,13786.0,12000.0
Mouse_Thymus4,67_7,3,16886.0,8500.0
Mouse_Thymus4,43_51,4,14486.0,12900.0
Mouse_Thymus4,32_67,4,13386.0,14500.0
Mouse_Thymus4,58_24,0,15986.0,10200.0
Mouse_Thymus4,59_85,1,16086.0,16300.0
Mouse_Thymus4,38_97,3,13986.0,17500.0
Mouse_Thymus4,49_38,0,15086.0,11600.0
Mouse_Thymus4,60_23,3,16186.0,10100.0
Mouse_Thymus4,42_74,4,14386.0,15200.0
Mouse_Thymus4,61_31,3,16286.0,10900.0
Mouse_Thymus4,4_47,3,10586.0,12500.0
Mouse_Thymus4,62_0,1,16386.0,7800.0
Mouse_Thymus4,25_36,4,12686.0,11400.0
Mouse_Thymus4,24_81,3,12586.0,15900.0
Mouse_Thymus4,28_70,4,12986.0,14800.0
Mouse_Thymus4,17_73,0,11886.0,15100.0
Mouse_Thymus4,54_79,3,15586.0,15700.0
Mouse_Thymus4,53_24,3,15486.0,10200.0
Mouse_Thymus4,32_94,3,13386.0,17200.0
Mouse_Thymus4,32_96,3,13386.0,17400.0
Mouse_Thymus4,35_54,2,13686.0,13200.0
Mouse_Thymus4,29_53,4,13086.0,13100.0
Mouse_Thymus4,50_89,4,15186.0,16700.0
Mouse_Thymus4,43_102,0,14486.0,18000.0
Mouse_Thymus4,21_81,2,12286.0,15900.0
Mouse_Thymus4,46_100,1,14786.0,17800.0
Mouse_Thymus4,47_96,4,14886.0,17400.0
Mouse_Thymus4,34_86,3,13586.0,16400.0
Mouse_Thymus4,29_61,4,13086.0,13900.0
Mouse_Thymus4,46_28,3,14786.0,10600.0
Mouse_Thymus4,40_29,0,14186.0,10700.0
Mouse_Thymus4,26_23,0,12786.0,10100.0
Mouse_Thymus4,54_12,0,15586.0,9000.0
Mouse_Thymus4,48_47,4,14986.0,12500.0
Mouse_Thymus4,35_24,4,13686.0,10200.0
Mouse_Thymus4,48_32,0,14986.0,11000.0
Mouse_Thymus4,17_30,0,11886.0,10800.0
Mouse_Thymus4,34_46,0,13586.0,12400.0
Mouse_Thymus4,36_49,0,13786.0,12700.0
Mouse_Thymus4,38_47,2,13986.0,12500.0
Mouse_Thymus4,60_34,3,16186.0,11200.0
Mouse_Thymus4,38_73,2,13986.0,15100.0
Mouse_Thymus4,57_83,3,15886.0,16100.0
Mouse_Thymus4,40_51,4,14186.0,12900.0
Mouse_Thymus4,27_27,2,12886.0,10500.0
Mouse_Thymus4,43_90,1,14486.0,16800.0
Mouse_Thymus4,38_92,2,13986.0,17000.0
Mouse_Thymus4,34_39,0,13586.0,11700.0
Mouse_Thymus4,52_30,3,15386.0,10800.0
Mouse_Thymus4,40_75,2,14186.0,15300.0
Mouse_Thymus4,17_57,3,11886.0,13500.0
Mouse_Thymus4,23_68,4,12486.0,14600.0
Mouse_Thymus4,63_33,2,16486.0,11100.0
Mouse_Thymus4,53_23,0,15486.0,10100.0
Mouse_Thymus4,18_50,2,11986.0,12800.0
Mouse_Thymus4,39_51,4,14086.0,12900.0
Mouse_Thymus4,33_86,4,13486.0,16400.0
Mouse_Thymus4,41_71,2,14286.0,14900.0
Mouse_Thymus4,20_81,3,12186.0,15900.0
Mouse_Thymus4,20_51,0,12186.0,12900.0
Mouse_Thymus4,53_85,2,15486.0,16300.0
Mouse_Thymus4,19_82,3,12086.0,16000.0
Mouse_Thymus4,59_24,3,16086.0,10200.0
Mouse_Thymus4,37_66,4,13886.0,14400.0
Mouse_Thymus4,47_86,4,14886.0,16400.0
Mouse_Thymus4,28_51,4,12986.0,12900.0
Mouse_Thymus4,28_75,3,12986.0,15300.0
Mouse_Thymus4,51_79,3,15286.0,15700.0
Mouse_Thymus4,42_75,4,14386.0,15300.0
Mouse_Thymus4,47_34,0,14886.0,11200.0
Mouse_Thymus4,41_38,3,14286.0,11600.0
Mouse_Thymus4,62_13,3,16386.0,9100.0
Mouse_Thymus4,26_46,4,12786.0,12400.0
Mouse_Thymus4,55_11,3,15686.0,8900.0
Mouse_Thymus4,41_23,4,14286.0,10100.0
Mouse_Thymus4,31_90,2,13286.0,16800.0
Mouse_Thymus4,45_74,0,14686.0,15200.0
Mouse_Thymus4,54_106,4,15586.0,18400.0
Mouse_Thymus4,22_28,0,12386.0,10600.0
Mouse_Thymus4,11_39,0,11286.0,11700.0
Mouse_Thymus4,37_92,1,13886.0,17000.0
Mouse_Thymus4,19_77,3,12086.0,15500.0
Mouse_Thymus4,22_68,0,12386.0,14600.0
Mouse_Thymus4,48_81,4,14986.0,15900.0
Mouse_Thymus4,25_66,4,12686.0,14400.0
Mouse_Thymus4,26_31,4,12786.0,10900.0
Mouse_Thymus4,33_22,0,13486.0,10000.0
Mouse_Thymus4,51_14,3,15286.0,9200.0
Mouse_Thymus4,46_50,4,14786.0,12800.0
Mouse_Thymus4,44_85,4,14586.0,16300.0
Mouse_Thymus4,32_78,2,13386.0,15600.0
Mouse_Thymus4,43_80,4,14486.0,15800.0
Mouse_Thymus4,55_111,3,15686.0,18900.0
Mouse_Thymus4,67_6,3,16886.0,8400.0
Mouse_Thymus4,52_16,3,15386.0,9400.0
Mouse_Thymus4,52_96,4,15386.0,17400.0
Mouse_Thymus4,61_14,3,16286.0,9200.0
Mouse_Thymus4,24_70,4,12586.0,14800.0
Mouse_Thymus4,16_48,2,11786.0,12600.0
Mouse_Thymus4,23_40,4,12486.0,11800.0
Mouse_Thymus4,29_32,4,13086.0,11000.0
Mouse_Thymus4,16_55,3,11786.0,13300.0
Mouse_Thymus4,28_42,0,12986.0,12000.0
Mouse_Thymus4,57_19,3,15886.0,9700.0
Mouse_Thymus4,42_21,4,14386.0,9900.0
Mouse_Thymus4,50_95,4,15186.0,17300.0
Mouse_Thymus4,34_66,0,13586.0,14400.0
Mouse_Thymus4,38_86,2,13986.0,16400.0
Mouse_Thymus4,58_35,3,15986.0,11300.0
Mouse_Thymus4,46_83,4,14786.0,16100.0
Mouse_Thymus4,13_44,3,11486.0,12200.0
Mouse_Thymus4,60_102,3,16186.0,18000.0
Mouse_Thymus4,56_18,0,15786.0,9600.0
Mouse_Thymus4,35_28,2,13686.0,10600.0
Mouse_Thymus4,34_67,2,13586.0,14500.0
Mouse_Thymus4,11_60,3,11286.0,13800.0
Mouse_Thymus4,17_53,3,11886.0,13100.0
Mouse_Thymus4,45_80,4,14686.0,15800.0
Mouse_Thymus4,14_38,0,11586.0,11600.0
Mouse_Thymus4,57_100,3,15886.0,17800.0
Mouse_Thymus4,45_18,4,14686.0,9600.0
Mouse_Thymus4,56_20,3,15786.0,9800.0
Mouse_Thymus4,46_5,1,14786.0,8300.0
Mouse_Thymus4,21_79,3,12286.0,15700.0
Mouse_Thymus4,56_14,3,15786.0,9200.0
Mouse_Thymus4,46_108,3,14786.0,18600.0
Mouse_Thymus4,8_41,2,10986.0,11900.0
Mouse_Thymus4,37_24,4,13886.0,10200.0
Mouse_Thymus4,14_43,2,11586.0,12100.0
Mouse_Thymus4,49_81,2,15086.0,15900.0
Mouse_Thymus4,9_62,0,11086.0,14000.0
Mouse_Thymus4,25_79,0,12686.0,15700.0
Mouse_Thymus4,12_66,3,11386.0,14400.0
Mouse_Thymus4,53_37,3,15486.0,11500.0
Mouse_Thymus4,18_69,0,11986.0,14700.0
Mouse_Thymus4,43_66,3,14486.0,14400.0
Mouse_Thymus4,49_116,1,15086.0,19400.0
Mouse_Thymus4,35_92,2,13686.0,17000.0
Mouse_Thymus4,52_80,3,15386.0,15800.0
Mouse_Thymus4,36_88,2,13786.0,16600.0
Mouse_Thymus4,48_41,0,14986.0,11900.0
Mouse_Thymus4,35_72,2,13686.0,15000.0
Mouse_Thymus4,37_60,2,13886.0,13800.0
Mouse_Thymus4,35_27,4,13686.0,10500.0
Mouse_Thymus4,17_38,4,11886.0,11600.0
Mouse_Thymus4,51_23,0,15286.0,10100.0
Mouse_Thymus4,27_80,3,12886.0,15800.0
Mouse_Thymus4,58_33,3,15986.0,11100.0
Mouse_Thymus4,19_45,4,12086.0,12300.0
Mouse_Thymus4,16_30,1,11786.0,10800.0
Mouse_Thymus4,37_90,2,13886.0,16800.0
Mouse_Thymus4,34_59,2,13586.0,13700.0
Mouse_Thymus4,47_101,3,14886.0,17900.0
Mouse_Thymus4,34_42,3,13586.0,12000.0
Mouse_Thymus4,44_28,0,14586.0,10600.0
Mouse_Thymus4,38_68,4,13986.0,14600.0
Mouse_Thymus4,20_29,3,12186.0,10700.0
Mouse_Thymus4,23_61,2,12486.0,13900.0
Mouse_Thymus4,4_57,3,10586.0,13500.0
Mouse_Thymus4,40_28,4,14186.0,10600.0
Mouse_Thymus4,36_65,4,13786.0,14300.0
Mouse_Thymus4,53_18,3,15486.0,9600.0
Mouse_Thymus4,32_31,0,13386.0,10900.0
Mouse_Thymus4,7_36,1,10886.0,11400.0
Mouse_Thymus4,63_11,1,16486.0,8900.0
Mouse_Thymus4,48_12,4,14986.0,9000.0
Mouse_Thymus4,60_7,2,16186.0,8500.0
Mouse_Thymus4,14_36,3,11586.0,11400.0
Mouse_Thymus4,53_30,3,15486.0,10800.0
Mouse_Thymus4,66_8,3,16786.0,8600.0
Mouse_Thymus4,57_108,3,15886.0,18600.0
Mouse_Thymus4,32_61,0,13386.0,13900.0
Mouse_Thymus4,37_34,4,13886.0,11200.0
Mouse_Thymus4,8_39,3,10986.0,11700.0
Mouse_Thymus4,19_56,0,12086.0,13400.0
Mouse_Thymus4,46_101,2,14786.0,17900.0
Mouse_Thymus4,8_57,0,10986.0,13500.0
Mouse_Thymus4,36_89,2,13786.0,16700.0
Mouse_Thymus4,40_89,3,14186.0,16700.0
Mouse_Thymus4,40_81,2,14186.0,15900.0
Mouse_Thymus4,28_36,2,12986.0,11400.0
Mouse_Thymus4,36_22,4,13786.0,10000.0
Mouse_Thymus4,41_70,2,14286.0,14800.0
Mouse_Thymus4,72_3,1,17386.0,8100.0
Mouse_Thymus4,57_32,3,15886.0,11000.0
Mouse_Thymus4,14_31,3,11586.0,10900.0
Mouse_Thymus4,47_45,2,14886.0,12300.0
Mouse_Thymus4,31_31,0,13286.0,10900.0
Mouse_Thymus4,47_41,0,14886.0,11900.0
Mouse_Thymus4,52_20,3,15386.0,9800.0
Mouse_Thymus4,45_7,1,14686.0,8500.0
Mouse_Thymus4,43_13,2,14486.0,9100.0
Mouse_Thymus4,59_113,3,16086.0,19100.0
Mouse_Thymus4,52_82,4,15386.0,16000.0
Mouse_Thymus4,30_23,3,13186.0,10100.0
Mouse_Thymus4,42_88,1,14386.0,16600.0
Mouse_Thymus4,36_31,4,13786.0,10900.0
