section,obs_name,cluster,x,y
Mouse_Thymus1,0_22,4,8919.0,13270.0
Mouse_Thymus1,0_33,3,8919.0,14370.0
Mouse_Thymus1,0_40,3,8919.0,15070.0
Mouse_Thymus1,0_41,3,8919.0,15170.0
Mouse_Thymus1,0_42,3,8919.0,15270.0
Mouse_Thymus1,10_10,2,9919.0,12070.0
Mouse_Thymus1,10_11,2,9919.0,12170.0
Mouse_Thymus1,10_12,3,9919.0,12270.0
Mouse_Thymus1,10_13,3,9919.0,12370.0
Mouse_Thymus1,10_14,0,9919.0,12470.0
Mouse_Thymus1,10_15,0,9919.0,12570.0
Mouse_Thymus1,10_16,3,9919.0,12670.0
Mouse_Thymus1,10_17,1,9919.0,12770.0
Mouse_Thymus1,10_18,3,9919.0,12870.0
Mouse_Thymus1,10_19,3,9919.0,12970.0
Mouse_Thymus1,10_20,4,9919.0,13070.0
Mouse_Thymus1,10_21,3,9919.0,13170.0
Mouse_Thymus1,10_22,0,9919.0,13270.0
Mouse_Thymus1,10_23,2,9919.0,13370.0
Mouse_Thymus1,10_24,0,9919.0,13470.0
Mouse_Thymus1,10_25,0,9919.0,13570.0
Mouse_Thymus1,10_26,3,9919.0,13670.0
Mouse_Thymus1,10_27,0,9919.0,13770.0
Mouse_Thymus1,10_28,3,9919.0,13870.0
Mouse_Thymus1,10_29,3,9919.0,13970.0
Mouse_Thymus1,10_30,0,9919.0,14070.0
Mouse_Thymus1,10_31,2,9919.0,14170.0
Mouse_Thymus1,10_32,3,9919.0,14270.0
Mouse_Thymus1,10_33,0,9919.0,14370.0
Mouse_Thymus1,10_34,1,9919.0,14470.0
Mouse_Thymus1,10_35,2,9919.0,14570.0
Mouse_Thymus1,10_36,0,9919.0,14670.0
Mouse_Thymus1,10_37,3,9919.0,14770.0
Mouse_Thymus1,10_38,0,9919.0,14870.0
Mouse_Thymus1,10_39,2,9919.0,14970.0
Mouse_Thymus1,10_4,3,9919.0,11470.0
Mouse_Thymus1,10_40,0,9919.0,15070.0
Mouse_Thymus1,10_41,0,9919.0,15170.0
Mouse_Thymus1,10_42,3,9919.0,15270.0
Mouse_Thymus1,10_43,0,9919.0,15370.0
Mouse_Thymus1,10_44,3,9919.0,15470.0
Mouse_Thymus1,10_45,2,9919.0,15570.0
Mouse_Thymus1,10_46,3,9919.0,15670.0
Mouse_Thymus1,10_47,3,9919.0,15770.0
Mouse_Thymus1,10_48,2,9919.0,15870.0
Mouse_Thymus1,10_49,3,9919.0,15970.0
Mouse_Thymus1,10_5,3,9919.0,11570.0
Mouse_Thymus1,10_50,0,9919.0,16070.0
Mouse_Thymus1,10_51,0,9919.0,16170.0
Mouse_Thymus1,10_52,3,9919.0,16270.0
Mouse_Thymus1,10_53,3,9919.0,16370.0
Mouse_Thymus1,10_54,4,9919.0,16470.0
Mouse_Thymus1,10_55,0,9919.0,16570.0
Mouse_Thymus1,10_56,3,9919.0,16670.0
Mouse_Thymus1,10_57,3,9919.0,16770.0
Mouse_Thymus1,10_58,0,9919.0,16870.0
Mouse_Thymus1,10_59,2,9919.0,16970.0
Mouse_Thymus1,10_6,3,9919.0,11670.0
Mouse_Thymus1,10_60,3,9919.0,17070.0
Mouse_Thymus1,10_61,3,9919.0,17170.0
Mouse_Thymus1,10_62,0,9919.0,17270.0
Mouse_Thymus1,10_63,2,9919.0,17370.0
Mouse_Thymus1,10_64,0,9919.0,17470.0
Mouse_Thymus1,10_65,3,9919.0,17570.0
Mouse_Thymus1,10_66,3,9919.0,17670.0
Mouse_Thymus1,10_67,1,9919.0,17770.0
Mouse_Thymus1,10_68,3,9919.0,17870.0
Mouse_Thymus1,10_69,3,9919.0,17970.0
Mouse_Thymus1,10_7,3,9919.0,11770.0
Mouse_Thymus1,10_70,3,9919.0,18070.0
Mouse_Thymus1,10_71,0,9919.0,18170.0
Mouse_Thymus1,10_72,3,9919.0,18270.0
Mouse_Thymus1,10_73,3,9919.0,18370.0
Mouse_Thymus1,10_74,3,9919.0,18470.0
Mouse_Thymus1,10_75,4,9919.0,18570.0
Mouse_Thymus1,10_8,3,9919.0,11870.0
Mouse_Thymus1,10_9,0,9919.0,11970.0
Mouse_Thymus1,11_10,2,10019.0,12070.0
Mouse_Thymus1,11_11,3,10019.0,12170.0
Mouse_Thymus1,11_12,4,10019.0,12270.0
Mouse_Thymus1,11_13,3,10019.0,12370.0
Mouse_Thymus1,11_14,3,10019.0,12470.0
Mouse_Thymus1,11_15,3,10019.0,12570.0
Mouse_Thymus1,11_16,1,10019.0,12670.0
Mouse_Thymus1,11_17,3,10019.0,12770.0
Mouse_Thymus1,11_18,3,10019.0,12870.0
Mouse_Thymus1,11_19,2,10019.0,12970.0
Mouse_Thymus1,11_20,4,10019.0,13070.0
Mouse_Thymus1,11_21,0,10019.0,13170.0
Mouse_Thymus1,11_22,3,10019.0,13270.0
Mouse_Thymus1,11_23,3,10019.0,13370.0
Mouse_Thymus1,11_24,0,10019.0,13470.0
Mouse_Thymus1,11_25,2,10019.0,13570.0
Mouse_Thymus1,11_26,3,10019.0,13670.0
Mouse_Thymus1,11_27,2,10019.0,13770.0
Mouse_Thymus1,11_28,3,10019.0,13870.0
Mouse_Thymus1,11_29,3,10019.0,13970.0
Mouse_Thymus1,11_30,3,10019.0,14070.0
Mouse_Thymus1,11_31,0,10019.0,14170.0
Mouse_Thymus1,11_32,0,10019.0,14270.0
Mouse_Thymus1,11_33,3,10019.0,14370.0
Mouse_Thymus1,11_34,3,10019.0,14470.0
Mouse_Thymus1,11_35,3,10019.0,14570.0
Mouse_Thymus1,11_36,0,10019.0,14670.0
Mouse_Thymus1,11_37,3,10019.0,14770.0
Mouse_Thymus1,11_38,3,10019.0,14870.0
Mouse_Thymus1,11_39,0,10019.0,14970.0
Mouse_Thymus1,11_4,0,10019.0,11470.0
Mouse_Thymus1,11_40,2,10019.0,15070.0
Mouse_Thymus1,11_41,0,10019.0,15170.0
Mouse_Thymus1,11_42,3,10019.0,15270.0
Mouse_Thymus1,11_43,3,10019.0,15370.0
Mouse_Thymus1,11_44,0,10019.0,15470.0
Mouse_Thymus1,11_45,0,10019.0,15570.0
Mouse_Thymus1,11_46,3,10019.0,15670.0
Mouse_Thymus1,11_47,2,10019.0,15770.0
Mouse_Thymus1,11_48,0,10019.0,15870.0
Mouse_Thymus1,11_49,3,10019.0,15970.0
Mouse_Thymus1,11_5,2,10019.0,11570.0
Mouse_Thymus1,11_50,0,10019.0,16070.0
Mouse_Thymus1,11_51,3,10019.0,16170.0
Mouse_Thymus1,11_52,0,10019.0,16270.0
Mouse_Thymus1,11_53,3,10019.0,16370.0
Mouse_Thymus1,11_54,2,10019.0,16470.0
Mouse_Thymus1,11_55,3,10019.0,16570.0
Mouse_Thymus1,11_56,1,10019.0,16670.0
Mouse_Thymus1,11_57,0,10019.0,16770.0
Mouse_Thymus1,11_58,0,10019.0,16870.0
Mouse_Thymus1,11_59,1,10019.0,16970.0
Mouse_Thymus1,11_6,4,10019.0,11670.0
Mouse_Thymus1,11_60,3,10019.0,17070.0
Mouse_Thymus1,11_61,3,10019.0,17170.0
Mouse_Thymus1,11_62,0,10019.0,17270.0
Mouse_Thymus1,11_63,4,10019.0,17370.0
Mouse_Thymus1,11_64,3,10019.0,17470.0
Mouse_Thymus1,11_65,3,10019.0,17570.0
Mouse_Thymus1,11_66,3,10019.0,17670.0
Mouse_Thymus1,11_67,0,10019.0,17770.0
Mouse_Thymus1,11_68,0,10019.0,17870.0
Mouse_Thymus1,11_69,0,10019.0,17970.0
Mouse_Thymus1,11_7,3,10019.0,11770.0
Mouse_Thymus1,11_70,0,10019.0,18070.0
Mouse_Thymus1,11_71,3,10019.0,18170.0
Mouse_Thymus1,11_72,3,10019.0,18270.0
Mouse_Thymus1,11_73,2,10019.0,18370.0
Mouse_Thymus1,11_74,0,10019.0,18470.0
Mouse_Thymus1,11_75,3,10019.0,18570.0
Mouse_Thymus1,11_76,3,10019.0,18670.0
Mouse_Thymus1,11_8,3,10019.0,11870.0
Mouse_Thymus1,11_9,3,10019.0,11970.0
Mouse_Thymus1,12_10,3,10119.0,12070.0
Mouse_Thymus1,12_11,1,10119.0,12170.0
Mouse_Thymus1,12_12,4,10119.0,12270.0
Mouse_Thymus1,12_13,2,10119.0,12370.0
Mouse_Thymus1,12_14,2,10119.0,12470.0
Mouse_Thymus1,12_15,1,10119.0,12570.0
Mouse_Thymus1,12_16,4,10119.0,12670.0
Mouse_Thymus1,12_17,2,10119.0,12770.0
Mouse_Thymus1,12_18,3,10119.0,12870.0
Mouse_Thymus1,12_19,1,10119.0,12970.0
Mouse_Thymus1,12_20,4,10119.0,13070.0
Mouse_Thymus1,12_21,3,10119.0,13170.0
Mouse_Thymus1,12_22,3,10119.0,13270.0
Mouse_Thymus1,12_23,2,10119.0,13370.0
Mouse_Thymus1,12_24,3,10119.0,13470.0
Mouse_Thymus1,12_25,3,10119.0,13570.0
Mouse_Thymus1,12_26,3,10119.0,13670.0
Mouse_Thymus1,12_27,0,10119.0,13770.0
Mouse_Thymus1,12_28,3,10119.0,13870.0
Mouse_Thymus1,12_29,3,10119.0,13970.0
Mouse_Thymus1,12_30,3,10119.0,14070.0
Mouse_Thymus1,12_31,0,10119.0,14170.0
Mouse_Thymus1,12_32,0,10119.0,14270.0
Mouse_Thymus1,12_33,3,10119.0,14370.0
Mouse_Thymus1,12_34,3,10119.0,14470.0
Mouse_Thymus1,12_35,1,10119.0,14570.0
Mouse_Thymus1,12_36,3,10119.0,14670.0
Mouse_Thymus1,12_37,3,10119.0,14770.0
Mouse_Thymus1,12_38,3,10119.0,14870.0
Mouse_Thymus1,12_39,0,10119.0,14970.0
Mouse_Thymus1,12_4,3,10119.0,11470.0
Mouse_Thymus1,12_40,1,10119.0,15070.0
Mouse_Thymus1,12_41,4,10119.0,15170.0
Mouse_Thymus1,12_42,3,10119.0,15270.0
Mouse_Thymus1,12_43,3,10119.0,15370.0
Mouse_Thymus1,12_44,1,10119.0,15470.0
Mouse_Thymus1,12_45,2,10119.0,15570.0
Mouse_Thymus1,12_46,3,10119.0,15670.0
Mouse_Thymus1,12_47,3,10119.0,15770.0
Mouse_Thymus1,12_48,3,10119.0,15870.0
Mouse_Thymus1,12_49,3,10119.0,15970.0
Mouse_Thymus1,12_5,0,10119.0,11570.0
Mouse_Thymus1,12_50,3,10119.0,16070.0
Mouse_Thymus1,12_51,3,10119.0,16170.0
Mouse_Thymus1,12_52,3,10119.0,16270.0
Mouse_Thymus1,12_53,3,10119.0,16370.0
Mouse_Thymus1,12_54,3,10119.0,16470.0
Mouse_Thymus1,12_55,3,10119.0,16570.0
Mouse_Thymus1,12_56,3,10119.0,16670.0
Mouse_Thymus1,12_57,0,10119.0,16770.0
Mouse_Thymus1,12_58,3,10119.0,16870.0
Mouse_Thymus1,12_59,0,10119.0,16970.0
Mouse_Thymus1,12_6,3,10119.0,11670.0
Mouse_Thymus1,12_60,3,10119.0,17070.0
Mouse_Thymus1,12_61,3,10119.0,17170.0
Mouse_Thymus1,12_62,3,10119.0,17270.0
Mouse_Thymus1,12_63,0,10119.0,17370.0
Mouse_Thymus1,12_64,0,10119.0,17470.0
Mouse_Thymus1,12_65,4,10119.0,17570.0
Mouse_Thymus1,12_66,0,10119.0,17670.0
Mouse_Thymus1,12_67,3,10119.0,17770.0
Mouse_Thymus1,12_68,3,10119.0,17870.0
Mouse_Thymus1,12_69,3,10119.0,17970.0
Mouse_Thymus1,12_7,3,10119.0,11770.0
Mouse_Thymus1,12_70,3,10119.0,18070.0
Mouse_Thymus1,12_71,4,10119.0,18170.0
Mouse_Thymus1,12_72,4,10119.0,18270.0
Mouse_Thymus1,12_73,4,10119.0,18370.0
Mouse_Thymus1,12_74,0,10119.0,18470.0
Mouse_Thymus1,12_75,1,10119.0,18570.0
Mouse_Thymus1,12_76,3,10119.0,18670.0
Mouse_Thymus1,12_77,3,10119.0,18770.0
Mouse_Thymus1,12_8,3,10119.0,11870.0
Mouse_Thymus1,12_9,3,10119.0,11970.0
Mouse_Thymus1,13_10,4,10219.0,12070.0
Mouse_Thymus1,13_11,2,10219.0,12170.0
Mouse_Thymus1,13_12,1,10219.0,12270.0
Mouse_Thymus1,13_13,3,10219.0,12370.0
Mouse_Thymus1,13_14,0,10219.0,12470.0
Mouse_Thymus1,13_15,3,10219.0,12570.0
Mouse_Thymus1,13_16,1,10219.0,12670.0
Mouse_Thymus1,13_17,1,10219.0,12770.0
Mouse_Thymus1,13_18,0,10219.0,12870.0
Mouse_Thymus1,13_19,3,10219.0,12970.0
Mouse_Thymus1,13_20,3,10219.0,13070.0
Mouse_Thymus1,13_21,0,10219.0,13170.0
Mouse_Thymus1,13_22,3,10219.0,13270.0
Mouse_Thymus1,13_23,3,10219.0,13370.0
Mouse_Thymus1,13_24,1,10219.0,13470.0
Mouse_Thymus1,13_25,3,10219.0,13570.0
Mouse_Thymus1,13_26,1,10219.0,13670.0
Mouse_Thymus1,13_27,0,10219.0,13770.0
Mouse_Thymus1,13_28,2,10219.0,13870.0
Mouse_Thymus1,13_29,0,10219.0,13970.0
Mouse_Thymus1,13_30,3,10219.0,14070.0
Mouse_Thymus1,13_31,3,10219.0,14170.0
Mouse_Thymus1,13_32,3,10219.0,14270.0
Mouse_Thymus1,13_33,2,10219.0,14370.0
Mouse_Thymus1,13_34,3,10219.0,14470.0
Mouse_Thymus1,13_35,1,10219.0,14570.0
Mouse_Thymus1,13_36,0,10219.0,14670.0
Mouse_Thymus1,13_37,3,10219.0,14770.0
Mouse_Thymus1,13_38,3,10219.0,14870.0
Mouse_Thymus1,13_39,3,10219.0,14970.0
Mouse_Thymus1,13_4,4,10219.0,11470.0
Mouse_Thymus1,13_40,2,10219.0,15070.0
Mouse_Thymus1,13_41,1,10219.0,15170.0
Mouse_Thymus1,13_42,3,10219.0,15270.0
Mouse_Thymus1,13_43,0,10219.0,15370.0
Mouse_Thymus1,13_44,0,10219.0,15470.0
Mouse_Thymus1,13_45,3,10219.0,15570.0
Mouse_Thymus1,13_46,0,10219.0,15670.0
Mouse_Thymus1,13_47,3,10219.0,15770.0
Mouse_Thymus1,13_48,3,10219.0,15870.0
Mouse_Thymus1,13_49,0,10219.0,15970.0
Mouse_Thymus1,13_5,1,10219.0,11570.0
Mouse_Thymus1,13_50,3,10219.0,16070.0
Mouse_Thymus1,13_51,3,10219.0,16170.0
Mouse_Thymus1,13_52,3,10219.0,16270.0
Mouse_Thymus1,13_53,3,10219.0,16370.0
Mouse_Thymus1,13_54,0,10219.0,16470.0
Mouse_Thymus1,13_55,0,10219.0,16570.0
Mouse_Thymus1,13_56,3,10219.0,16670.0
Mouse_Thymus1,13_57,2,10219.0,16770.0
Mouse_Thymus1,13_58,0,10219.0,16870.0
Mouse_Thymus1,13_59,3,10219.0,16970.0
Mouse_Thymus1,13_6,3,10219.0,11670.0
Mouse_Thymus1,13_60,3,10219.0,17070.0
Mouse_Thymus1,13_61,0,10219.0,17170.0
Mouse_Thymus1,13_62,3,10219.0,17270.0
Mouse_Thymus1,13_63,0,10219.0,17370.0
Mouse_Thymus1,13_64,2,10219.0,17470.0
Mouse_Thymus1,13_65,3,10219.0,17570.0
Mouse_Thymus1,13_66,2,10219.0,17670.0
Mouse_Thymus1,13_67,0,10219.0,17770.0
Mouse_Thymus1,13_68,2,10219.0,17870.0
Mouse_Thymus1,13_69,3,10219.0,17970.0
Mouse_Thymus1,13_7,3,10219.0,11770.0
Mouse_Thymus1,13_70,0,10219.0,18070.0
Mouse_Thymus1,13_71,1,10219.0,18170.0
Mouse_Thymus1,13_72,3,10219.0,18270.0
Mouse_Thymus1,13_73,2,10219.0,18370.0
Mouse_Thymus1,13_74,0,10219.0,18470.0
Mouse_Thymus1,13_75,3,10219.0,18570.0
Mouse_Thymus1,13_76,0,10219.0,18670.0
Mouse_Thymus1,13_77,0,10219.0,18770.0
Mouse_Thymus1,13_8,4,10219.0,11870.0
Mouse_Thymus1,13_9,3,10219.0,11970.0
Mouse_Thymus1,14_10,3,10319.0,12070.0
Mouse_Thymus1,14_11,0,10319.0,12170.0
Mouse_Thymus1,14_12,3,10319.0,12270.0
Mouse_Thymus1,14_13,3,10319.0,12370.0
Mouse_Thymus1,14_14,2,10319.0,12470.0
Mouse_Thymus1,14_15,3,10319.0,12570.0
Mouse_Thymus1,14_16,1,10319.0,12670.0
Mouse_Thymus1,14_17,3,10319.0,12770.0
Mouse_Thymus1,14_18,3,10319.0,12870.0
Mouse_Thymus1,14_19,3,10319.0,12970.0
Mouse_Thymus1,14_20,0,10319.0,13070.0
Mouse_Thymus1,14_21,3,10319.0,13170.0
Mouse_Thymus1,14_22,3,10319.0,13270.0
Mouse_Thymus1,14_23,4,10319.0,13370.0
Mouse_Thymus1,14_24,0,10319.0,13470.0
Mouse_Thymus1,14_25,4,10319.0,13570.0
Mouse_Thymus1,14_26,0,10319.0,13670.0
Mouse_Thymus1,14_27,2,10319.0,13770.0
Mouse_Thymus1,14_28,3,10319.0,13870.0
Mouse_Thymus1,14_29,2,10319.0,13970.0
Mouse_Thymus1,14_3,0,10319.0,11370.0
Mouse_Thymus1,14_30,0,10319.0,14070.0
Mouse_Thymus1,14_31,2,10319.0,14170.0
Mouse_Thymus1,14_32,3,10319.0,14270.0
Mouse_Thymus1,14_33,3,10319.0,14370.0
Mouse_Thymus1,14_34,0,10319.0,14470.0
Mouse_Thymus1,14_35,4,10319.0,14570.0
Mouse_Thymus1,14_36,3,10319.0,14670.0
Mouse_Thymus1,14_37,1,10319.0,14770.0
Mouse_Thymus1,14_38,2,10319.0,14870.0
Mouse_Thymus1,14_39,0,10319.0,14970.0
Mouse_Thymus1,14_4,2,10319.0,11470.0
Mouse_Thymus1,14_40,3,10319.0,15070.0
Mouse_Thymus1,14_41,3,10319.0,15170.0
Mouse_Thymus1,14_42,3,10319.0,15270.0
Mouse_Thymus1,14_43,3,10319.0,15370.0
Mouse_Thymus1,14_44,3,10319.0,15470.0
Mouse_Thymus1,14_45,3,10319.0,15570.0
Mouse_Thymus1,14_46,1,10319.0,15670.0
Mouse_Thymus1,14_47,0,10319.0,15770.0
Mouse_Thymus1,14_48,3,10319.0,15870.0
Mouse_Thymus1,14_49,3,10319.0,15970.0
Mouse_Thymus1,14_5,3,10319.0,11570.0
Mouse_Thymus1,14_50,0,10319.0,16070.0
Mouse_Thymus1,14_51,3,10319.0,16170.0
Mouse_Thymus1,14_52,4,10319.0,16270.0
Mouse_Thymus1,14_53,3,10319.0,16370.0
Mouse_Thymus1,14_54,3,10319.0,16470.0
Mouse_Thymus1,14_55,3,10319.0,16570.0
Mouse_Thymus1,14_56,0,10319.0,16670.0
Mouse_Thymus1,14_57,3,10319.0,16770.0
Mouse_Thymus1,14_58,3,10319.0,16870.0
Mouse_Thymus1,14_59,1,10319.0,16970.0
Mouse_Thymus1,14_6,2,10319.0,11670.0
Mouse_Thymus1,14_60,0,10319.0,17070.0
Mouse_Thymus1,14_61,0,10319.0,17170.0
Mouse_Thymus1,14_62,3,10319.0,17270.0
Mouse_Thymus1,14_63,3,10319.0,17370.0
Mouse_Thymus1,14_64,3,10319.0,17470.0
Mouse_Thymus1,14_65,3,10319.0,17570.0
Mouse_Thymus1,14_66,3,10319.0,17670.0
Mouse_Thymus1,14_67,0,10319.0,17770.0
Mouse_Thymus1,14_68,3,10319.0,17870.0
Mouse_Thymus1,14_69,0,10319.0,17970.0
Mouse_Thymus1,14_7,0,10319.0,11770.0
Mouse_Thymus1,14_70,3,10319.0,18070.0
Mouse_Thymus1,14_71,4,10319.0,18170.0
Mouse_Thymus1,14_72,3,10319.0,18270.0
Mouse_Thymus1,14_73,3,10319.0,18370.0
Mouse_Thymus1,14_74,2,10319.0,18470.0
Mouse_Thymus1,14_75,0,10319.0,18570.0
Mouse_Thymus1,14_76,3,10319.0,18670.0
Mouse_Thymus1,14_77,3,10319.0,18770.0
Mouse_Thymus1,14_78,4,10319.0,18870.0
Mouse_Thymus1,14_8,2,10319.0,11870.0
Mouse_Thymus1,14_9,3,10319.0,11970.0
Mouse_Thymus1,15_10,4,10419.0,12070.0
Mouse_Thymus1,15_11,3,10419.0,12170.0
Mouse_Thymus1,15_12,3,10419.0,12270.0
Mouse_Thymus1,15_13,3,10419.0,12370.0
Mouse_Thymus1,15_14,3,10419.0,12470.0
Mouse_Thymus1,15_15,3,10419.0,12570.0
Mouse_Thymus1,15_16,3,10419.0,12670.0
Mouse_Thymus1,15_17,2,10419.0,12770.0
Mouse_Thymus1,15_18,3,10419.0,12870.0
Mouse_Thymus1,15_19,3,10419.0,12970.0
Mouse_Thymus1,15_2,0,10419.0,11270.0
Mouse_Thymus1,15_20,3,10419.0,13070.0
Mouse_Thymus1,15_21,3,10419.0,13170.0
Mouse_Thymus1,15_22,3,10419.0,13270.0
Mouse_Thymus1,15_23,0,10419.0,13370.0
Mouse_Thymus1,15_24,3,10419.0,13470.0
Mouse_Thymus1,15_25,0,10419.0,13570.0
Mouse_Thymus1,15_26,4,10419.0,13670.0
Mouse_Thymus1,15_27,3,10419.0,13770.0
Mouse_Thymus1,15_28,0,10419.0,13870.0
Mouse_Thymus1,15_29,0,10419.0,13970.0
Mouse_Thymus1,15_3,4,10419.0,11370.0
Mouse_Thymus1,15_30,0,10419.0,14070.0
Mouse_Thymus1,15_31,3,10419.0,14170.0
Mouse_Thymus1,15_32,0,10419.0,14270.0
Mouse_Thymus1,15_33,0,10419.0,14370.0
Mouse_Thymus1,15_34,3,10419.0,14470.0
Mouse_Thymus1,15_35,1,10419.0,14570.0
Mouse_Thymus1,15_36,2,10419.0,14670.0
Mouse_Thymus1,15_37,3,10419.0,14770.0
Mouse_Thymus1,15_38,3,10419.0,14870.0
Mouse_Thymus1,15_39,0,10419.0,14970.0
Mouse_Thymus1,15_4,0,10419.0,11470.0
Mouse_Thymus1,15_40,3,10419.0,15070.0
Mouse_Thymus1,15_41,3,10419.0,15170.0
Mouse_Thymus1,15_42,3,10419.0,15270.0
Mouse_Thymus1,15_43,3,10419.0,15370.0
Mouse_Thymus1,15_44,2,10419.0,15470.0
Mouse_Thymus1,15_45,1,10419.0,15570.0
Mouse_Thymus1,15_46,3,10419.0,15670.0
Mouse_Thymus1,15_47,0,10419.0,15770.0
Mouse_Thymus1,15_48,4,10419.0,15870.0
Mouse_Thymus1,15_49,0,10419.0,15970.0
Mouse_Thymus1,15_5,3,10419.0,11570.0
Mouse_Thymus1,15_50,0,10419.0,16070.0
Mouse_Thymus1,15_51,3,10419.0,16170.0
Mouse_Thymus1,15_52,3,10419.0,16270.0
Mouse_Thymus1,15_53,2,10419.0,16370.0
Mouse_Thymus1,15_54,3,10419.0,16470.0
Mouse_Thymus1,15_55,3,10419.0,16570.0
Mouse_Thymus1,15_56,3,10419.0,16670.0
Mouse_Thymus1,15_57,2,10419.0,16770.0
Mouse_Thymus1,15_58,0,10419.0,16870.0
Mouse_Thymus1,15_59,4,10419.0,16970.0
Mouse_Thymus1,15_6,3,10419.0,11670.0
Mouse_Thymus1,15_60,1,10419.0,17070.0
Mouse_Thymus1,15_61,2,10419.0,17170.0
Mouse_Thymus1,15_62,3,10419.0,17270.0
Mouse_Thymus1,15_63,3,10419.0,17370.0
Mouse_Thymus1,15_64,3,10419.0,17470.0
Mouse_Thymus1,15_65,3,10419.0,17570.0
Mouse_Thymus1,15_66,3,10419.0,17670.0
Mouse_Thymus1,15_67,0,10419.0,17770.0
Mouse_Thymus1,15_68,4,10419.0,17870.0
Mouse_Thymus1,15_69,0,10419.0,17970.0
Mouse_Thymus1,15_7,3,10419.0,11770.0
Mouse_Thymus1,15_70,1,10419.0,18070.0
Mouse_Thymus1,15_71,2,10419.0,18170.0
Mouse_Thymus1,15_72,1,10419.0,18270.0
Mouse_Thymus1,15_73,3,10419.0,18370.0
Mouse_Thymus1,15_74,3,10419.0,18470.0
Mouse_Thymus1,15_75,3,10419.0,18570.0
Mouse_Thymus1,15_76,1,10419.0,18670.0
Mouse_Thymus1,15_77,3,10419.0,18770.0
Mouse_Thymus1,15_78,0,10419.0,18870.0
Mouse_Thymus1,15_79,1,10419.0,18970.0
Mouse_Thymus1,15_8,4,10419.0,11870.0
Mouse_Thymus1,15_9,1,10419.0,11970.0
Mouse_Thymus1,16_1,3,10519.0,11170.0
Mouse_Thymus1,16_10,2,10519.0,12070.0
Mouse_Thymus1,16_11,3,10519.0,12170.0
Mouse_Thymus1,16_12,1,10519.0,12270.0
Mouse_Thymus1,16_13,3,10519.0,12370.0
Mouse_Thymus1,16_14,0,10519.0,12470.0
Mouse_Thymus1,16_15,3,10519.0,12570.0
Mouse_Thymus1,16_16,3,10519.0,12670.0
Mouse_Thymus1,16_17,3,10519.0,12770.0
Mouse_Thymus1,16_18,3,10519.0,12870.0
Mouse_Thymus1,16_19,2,10519.0,12970.0
Mouse_Thymus1,16_2,3,10519.0,11270.0
Mouse_Thymus1,16_20,3,10519.0,13070.0
Mouse_Thymus1,16_21,3,10519.0,13170.0
Mouse_Thymus1,16_22,3,10519.0,13270.0
Mouse_Thymus1,16_23,3,10519.0,13370.0
Mouse_Thymus1,16_24,4,10519.0,13470.0
Mouse_Thymus1,16_25,0,10519.0,13570.0
Mouse_Thymus1,16_26,3,10519.0,13670.0
Mouse_Thymus1,16_27,3,10519.0,13770.0
Mouse_Thymus1,16_28,3,10519.0,13870.0
Mouse_Thymus1,16_29,3,10519.0,13970.0
Mouse_Thymus1,16_3,0,10519.0,11370.0
Mouse_Thymus1,16_30,3,10519.0,14070.0
Mouse_Thymus1,16_31,3,10519.0,14170.0
Mouse_Thymus1,16_32,3,10519.0,14270.0
Mouse_Thymus1,16_33,3,10519.0,14370.0
Mouse_Thymus1,16_34,3,10519.0,14470.0
Mouse_Thymus1,16_35,2,10519.0,14570.0
Mouse_Thymus1,16_36,3,10519.0,14670.0
Mouse_Thymus1,16_37,0,10519.0,14770.0
Mouse_Thymus1,16_38,3,10519.0,14870.0
Mouse_Thymus1,16_39,3,10519.0,14970.0
Mouse_Thymus1,16_4,2,10519.0,11470.0
Mouse_Thymus1,16_40,3,10519.0,15070.0
Mouse_Thymus1,16_41,0,10519.0,15170.0
Mouse_Thymus1,16_42,3,10519.0,15270.0
Mouse_Thymus1,16_43,2,10519.0,15370.0
Mouse_Thymus1,16_44,3,10519.0,15470.0
Mouse_Thymus1,16_45,3,10519.0,15570.0
Mouse_Thymus1,16_46,3,10519.0,15670.0
Mouse_Thymus1,16_47,0,10519.0,15770.0
Mouse_Thymus1,16_48,0,10519.0,15870.0
Mouse_Thymus1,16_49,3,10519.0,15970.0
Mouse_Thymus1,16_5,3,10519.0,11570.0
Mouse_Thymus1,16_50,2,10519.0,16070.0
Mouse_Thymus1,16_51,4,10519.0,16170.0
Mouse_Thymus1,16_52,0,10519.0,16270.0
Mouse_Thymus1,16_53,3,10519.0,16370.0
Mouse_Thymus1,16_54,3,10519.0,16470.0
Mouse_Thymus1,16_55,0,10519.0,16570.0
Mouse_Thymus1,16_56,0,10519.0,16670.0
Mouse_Thymus1,16_57,0,10519.0,16770.0
Mouse_Thymus1,16_58,0,10519.0,16870.0
Mouse_Thymus1,16_59,0,10519.0,16970.0
Mouse_Thymus1,16_6,0,10519.0,11670.0
Mouse_Thymus1,16_60,0,10519.0,17070.0
Mouse_Thymus1,16_61,3,10519.0,17170.0
Mouse_Thymus1,16_62,4,10519.0,17270.0
Mouse_Thymus1,16_63,3,10519.0,17370.0
Mouse_Thymus1,16_64,1,10519.0,17470.0
Mouse_Thymus1,16_65,0,10519.0,17570.0
Mouse_Thymus1,16_66,3,10519.0,17670.0
Mouse_Thymus1,16_67,0,10519.0,17770.0
Mouse_Thymus1,16_68,1,10519.0,17870.0
Mouse_Thymus1,16_69,0,10519.0,17970.0
Mouse_Thymus1,16_7,3,10519.0,11770.0
Mouse_Thymus1,16_70,3,10519.0,18070.0
Mouse_Thymus1,16_71,3,10519.0,18170.0
Mouse_Thymus1,16_72,0,10519.0,18270.0
Mouse_Thymus1,16_73,2,10519.0,18370.0
Mouse_Thymus1,16_74,0,10519.0,18470.0
Mouse_Thymus1,16_75,3,10519.0,18570.0
Mouse_Thymus1,16_76,3,10519.0,18670.0
Mouse_Thymus1,16_77,3,10519.0,18770.0
Mouse_Thymus1,16_78,2,10519.0,18870.0
Mouse_Thymus1,16_79,3,10519.0,18970.0
Mouse_Thymus1,16_8,3,10519.0,11870.0
Mouse_Thymus1,16_80,0,10519.0,19070.0
Mouse_Thymus1,16_9,0,10519.0,11970.0
Mouse_Thymus1,17_0,0,10619.0,11070.0
Mouse_Thymus1,17_1,3,10619.0,11170.0
Mouse_Thymus1,17_10,3,10619.0,12070.0
Mouse_Thymus1,17_11,3,10619.0,12170.0
Mouse_Thymus1,17_12,2,10619.0,12270.0
Mouse_Thymus1,17_13,3,10619.0,12370.0
Mouse_Thymus1,17_14,0,10619.0,12470.0
Mouse_Thymus1,17_15,3,10619.0,12570.0
Mouse_Thymus1,17_16,3,10619.0,12670.0
Mouse_Thymus1,17_17,3,10619.0,12770.0
Mouse_Thymus1,17_18,3,10619.0,12870.0
Mouse_Thymus1,17_19,0,10619.0,12970.0
Mouse_Thymus1,17_2,2,10619.0,11270.0
Mouse_Thymus1,17_20,4,10619.0,13070.0
Mouse_Thymus1,17_21,3,10619.0,13170.0
Mouse_Thymus1,17_22,2,10619.0,13270.0
Mouse_Thymus1,17_23,3,10619.0,13370.0
Mouse_Thymus1,17_24,0,10619.0,13470.0
Mouse_Thymus1,17_25,3,10619.0,13570.0
Mouse_Thymus1,17_26,0,10619.0,13670.0
Mouse_Thymus1,17_27,3,10619.0,13770.0
Mouse_Thymus1,17_28,3,10619.0,13870.0
Mouse_Thymus1,17_29,0,10619.0,13970.0
Mouse_Thymus1,17_3,0,10619.0,11370.0
Mouse_Thymus1,17_30,3,10619.0,14070.0
Mouse_Thymus1,17_31,3,10619.0,14170.0
Mouse_Thymus1,17_32,3,10619.0,14270.0
Mouse_Thymus1,17_33,0,10619.0,14370.0
Mouse_Thymus1,17_34,3,10619.0,14470.0
Mouse_Thymus1,17_35,3,10619.0,14570.0
Mouse_Thymus1,17_36,3,10619.0,14670.0
Mouse_Thymus1,17_37,2,10619.0,14770.0
Mouse_Thymus1,17_38,3,10619.0,14870.0
Mouse_Thymus1,17_39,3,10619.0,14970.0
Mouse_Thymus1,17_4,3,10619.0,11470.0
Mouse_Thymus1,17_40,3,10619.0,15070.0
Mouse_Thymus1,17_41,3,10619.0,15170.0
Mouse_Thymus1,17_42,0,10619.0,15270.0
Mouse_Thymus1,17_43,0,10619.0,15370.0
Mouse_Thymus1,17_44,4,10619.0,15470.0
Mouse_Thymus1,17_45,3,10619.0,15570.0
Mouse_Thymus1,17_46,3,10619.0,15670.0
Mouse_Thymus1,17_47,4,10619.0,15770.0
Mouse_Thymus1,17_48,0,10619.0,15870.0
Mouse_Thymus1,17_49,3,10619.0,15970.0
Mouse_Thymus1,17_5,4,10619.0,11570.0
Mouse_Thymus1,17_50,3,10619.0,16070.0
Mouse_Thymus1,17_51,2,10619.0,16170.0
Mouse_Thymus1,17_52,1,10619.0,16270.0
Mouse_Thymus1,17_53,0,10619.0,16370.0
Mouse_Thymus1,17_54,3,10619.0,16470.0
Mouse_Thymus1,17_55,3,10619.0,16570.0
Mouse_Thymus1,17_56,3,10619.0,16670.0
Mouse_Thymus1,17_57,3,10619.0,16770.0
Mouse_Thymus1,17_58,3,10619.0,16870.0
Mouse_Thymus1,17_59,3,10619.0,16970.0
Mouse_Thymus1,17_6,3,10619.0,11670.0
Mouse_Thymus1,17_60,1,10619.0,17070.0
Mouse_Thymus1,17_61,0,10619.0,17170.0
Mouse_Thymus1,17_62,0,10619.0,17270.0
Mouse_Thymus1,17_63,4,10619.0,17370.0
Mouse_Thymus1,17_64,3,10619.0,17470.0
Mouse_Thymus1,17_65,3,10619.0,17570.0
Mouse_Thymus1,17_66,0,10619.0,17670.0
Mouse_Thymus1,17_67,0,10619.0,17770.0
Mouse_Thymus1,17_68,3,10619.0,17870.0
Mouse_Thymus1,17_69,0,10619.0,17970.0
Mouse_Thymus1,17_7,3,10619.0,11770.0
Mouse_Thymus1,17_70,3,10619.0,18070.0
Mouse_Thymus1,17_71,3,10619.0,18170.0
Mouse_Thymus1,17_72,3,10619.0,18270.0
Mouse_Thymus1,17_73,0,10619.0,18370.0
Mouse_Thymus1,17_74,3,10619.0,18470.0
Mouse_Thymus1,17_75,3,10619.0,18570.0
Mouse_Thymus1,17_76,3,10619.0,18670.0
Mouse_Thymus1,17_77,0,10619.0,18770.0
Mouse_Thymus1,17_78,0,10619.0,18870.0
Mouse_Thymus1,17_79,3,10619.0,18970.0
Mouse_Thymus1,17_8,4,10619.0,11870.0
Mouse_Thymus1,17_80,0,10619.0,19070.0
Mouse_Thymus1,17_9,3,10619.0,11970.0
Mouse_Thymus1,18_0,3,10719.0,11070.0
Mouse_Thymus1,18_1,0,10719.0,11170.0
Mouse_Thymus1,18_10,3,10719.0,12070.0
Mouse_Thymus1,18_11,3,10719.0,12170.0
Mouse_Thymus1,18_12,0,10719.0,12270.0
Mouse_Thymus1,18_13,3,10719.0,12370.0
Mouse_Thymus1,18_14,3,10719.0,12470.0
Mouse_Thymus1,18_15,3,10719.0,12570.0
Mouse_Thymus1,18_16,0,10719.0,12670.0
Mouse_Thymus1,18_17,0,10719.0,12770.0
Mouse_Thymus1,18_18,3,10719.0,12870.0
Mouse_Thymus1,18_19,1,10719.0,12970.0
Mouse_Thymus1,18_2,2,10719.0,11270.0
Mouse_Thymus1,18_20,3,10719.0,13070.0
Mouse_Thymus1,18_21,3,10719.0,13170.0
Mouse_Thymus1,18_22,3,10719.0,13270.0
Mouse_Thymus1,18_23,3,10719.0,13370.0
Mouse_Thymus1,18_24,3,10719.0,13470.0
Mouse_Thymus1,18_25,3,10719.0,13570.0
Mouse_Thymus1,18_26,3,10719.0,13670.0
Mouse_Thymus1,18_27,3,10719.0,13770.0
Mouse_Thymus1,18_28,3,10719.0,13870.0
Mouse_Thymus1,18_29,3,10719.0,13970.0
Mouse_Thymus1,18_3,3,10719.0,11370.0
Mouse_Thymus1,18_30,1,10719.0,14070.0
Mouse_Thymus1,18_31,3,10719.0,14170.0
Mouse_Thymus1,18_32,3,10719.0,14270.0
Mouse_Thymus1,18_33,2,10719.0,14370.0
Mouse_Thymus1,18_34,3,10719.0,14470.0
Mouse_Thymus1,18_35,0,10719.0,14570.0
Mouse_Thymus1,18_36,3,10719.0,14670.0
Mouse_Thymus1,18_37,0,10719.0,14770.0
Mouse_Thymus1,18_38,2,10719.0,14870.0
Mouse_Thymus1,18_39,0,10719.0,14970.0
Mouse_Thymus1,18_4,2,10719.0,11470.0
Mouse_Thymus1,18_40,0,10719.0,15070.0
Mouse_Thymus1,18_41,3,10719.0,15170.0
Mouse_Thymus1,18_42,0,10719.0,15270.0
Mouse_Thymus1,18_43,3,10719.0,15370.0
Mouse_Thymus1,18_44,3,10719.0,15470.0
Mouse_Thymus1,18_45,3,10719.0,15570.0
Mouse_Thymus1,18_46,3,10719.0,15670.0
Mouse_Thymus1,18_47,0,10719.0,15770.0
Mouse_Thymus1,18_48,1,10719.0,15870.0
Mouse_Thymus1,18_49,0,10719.0,15970.0
Mouse_Thymus1,18_5,3,10719.0,11570.0
Mouse_Thymus1,18_50,1,10719.0,16070.0
Mouse_Thymus1,18_51,3,10719.0,16170.0
Mouse_Thymus1,18_52,4,10719.0,16270.0
Mouse_Thymus1,18_53,3,10719.0,16370.0
Mouse_Thymus1,18_54,0,10719.0,16470.0
Mouse_Thymus1,18_55,3,10719.0,16570.0
Mouse_Thymus1,18_56,3,10719.0,16670.0
Mouse_Thymus1,18_57,3,10719.0,16770.0
Mouse_Thymus1,18_58,0,10719.0,16870.0
Mouse_Thymus1,18_59,3,10719.0,16970.0
Mouse_Thymus1,18_6,3,10719.0,11670.0
Mouse_Thymus1,18_60,4,10719.0,17070.0
Mouse_Thymus1,18_61,3,10719.0,17170.0
Mouse_Thymus1,18_62,0,10719.0,17270.0
Mouse_Thymus1,18_63,0,10719.0,17370.0
Mouse_Thymus1,18_64,3,10719.0,17470.0
Mouse_Thymus1,18_65,3,10719.0,17570.0
Mouse_Thymus1,18_66,3,10719.0,17670.0
Mouse_Thymus1,18_67,3,10719.0,17770.0
Mouse_Thymus1,18_68,1,10719.0,17870.0
Mouse_Thymus1,18_69,3,10719.0,17970.0
Mouse_Thymus1,18_7,0,10719.0,11770.0
Mouse_Thymus1,18_70,2,10719.0,18070.0
Mouse_Thymus1,18_71,3,10719.0,18170.0
Mouse_Thymus1,18_72,3,10719.0,18270.0
Mouse_Thymus1,18_73,3,10719.0,18370.0
Mouse_Thymus1,18_74,3,10719.0,18470.0
Mouse_Thymus1,18_75,3,10719.0,18570.0
Mouse_Thymus1,18_76,3,10719.0,18670.0
Mouse_Thymus1,18_77,1,10719.0,18770.0
Mouse_Thymus1,18_78,0,10719.0,18870.0
Mouse_Thymus1,18_79,3,10719.0,18970.0
Mouse_Thymus1,18_8,3,10719.0,11870.0
Mouse_Thymus1,18_80,2,10719.0,19070.0
Mouse_Thymus1,18_81,3,10719.0,19170.0
Mouse_Thymus1,18_9,3,10719.0,11970.0
Mouse_Thymus1,19_0,3,10819.0,11070.0
Mouse_Thymus1,19_1,3,10819.0,11170.0
Mouse_Thymus1,19_10,1,10819.0,12070.0
Mouse_Thymus1,19_11,3,10819.0,12170.0
Mouse_Thymus1,19_12,2,10819.0,12270.0
Mouse_Thymus1,19_13,3,10819.0,12370.0
Mouse_Thymus1,19_14,0,10819.0,12470.0
Mouse_Thymus1,19_15,0,10819.0,12570.0
Mouse_Thymus1,19_16,0,10819.0,12670.0
Mouse_Thymus1,19_17,3,10819.0,12770.0
Mouse_Thymus1,19_18,3,10819.0,12870.0
Mouse_Thymus1,19_19,3,10819.0,12970.0
Mouse_Thymus1,19_2,0,10819.0,11270.0
Mouse_Thymus1,19_20,0,10819.0,13070.0
Mouse_Thymus1,19_21,1,10819.0,13170.0
Mouse_Thymus1,19_22,3,10819.0,13270.0
Mouse_Thymus1,19_23,3,10819.0,13370.0
Mouse_Thymus1,19_24,3,10819.0,13470.0
Mouse_Thymus1,19_25,3,10819.0,13570.0
Mouse_Thymus1,19_26,3,10819.0,13670.0
Mouse_Thymus1,19_27,0,10819.0,13770.0
Mouse_Thymus1,19_28,3,10819.0,13870.0
Mouse_Thymus1,19_29,0,10819.0,13970.0
Mouse_Thymus1,19_3,3,10819.0,11370.0
Mouse_Thymus1,19_30,1,10819.0,14070.0
Mouse_Thymus1,19_31,3,10819.0,14170.0
Mouse_Thymus1,19_32,2,10819.0,14270.0
Mouse_Thymus1,19_33,1,10819.0,14370.0
Mouse_Thymus1,19_34,0,10819.0,14470.0
Mouse_Thymus1,19_35,4,10819.0,14570.0
Mouse_Thymus1,19_36,3,10819.0,14670.0
Mouse_Thymus1,19_37,1,10819.0,14770.0
Mouse_Thymus1,19_38,4,10819.0,14870.0
Mouse_Thymus1,19_39,3,10819.0,14970.0
Mouse_Thymus1,19_4,3,10819.0,11470.0
Mouse_Thymus1,19_40,3,10819.0,15070.0
Mouse_Thymus1,19_41,3,10819.0,15170.0
Mouse_Thymus1,19_42,0,10819.0,15270.0
Mouse_Thymus1,19_43,3,10819.0,15370.0
Mouse_Thymus1,19_44,3,10819.0,15470.0
Mouse_Thymus1,19_45,3,10819.0,15570.0
Mouse_Thymus1,19_46,3,10819.0,15670.0
Mouse_Thymus1,19_47,1,10819.0,15770.0
Mouse_Thymus1,19_48,0,10819.0,15870.0
Mouse_Thymus1,19_49,3,10819.0,15970.0
Mouse_Thymus1,19_5,3,10819.0,11570.0
Mouse_Thymus1,19_50,3,10819.0,16070.0
Mouse_Thymus1,19_51,3,10819.0,16170.0
Mouse_Thymus1,19_52,0,10819.0,16270.0
Mouse_Thymus1,19_53,3,10819.0,16370.0
Mouse_Thymus1,19_54,3,10819.0,16470.0
Mouse_Thymus1,19_55,0,10819.0,16570.0
Mouse_Thymus1,19_56,3,10819.0,16670.0
Mouse_Thymus1,19_57,1,10819.0,16770.0
Mouse_Thymus1,19_58,3,10819.0,16870.0
Mouse_Thymus1,19_59,0,10819.0,16970.0
Mouse_Thymus1,19_6,0,10819.0,11670.0
Mouse_Thymus1,19_60,1,10819.0,17070.0
Mouse_Thymus1,19_61,3,10819.0,17170.0
Mouse_Thymus1,19_62,3,10819.0,17270.0
Mouse_Thymus1,19_63,0,10819.0,17370.0
Mouse_Thymus1,19_64,0,10819.0,17470.0
Mouse_Thymus1,19_65,1,10819.0,17570.0
Mouse_Thymus1,19_66,0,10819.0,17670.0
Mouse_Thymus1,19_67,3,10819.0,17770.0
Mouse_Thymus1,19_68,3,10819.0,17870.0
Mouse_Thymus1,19_69,3,10819.0,17970.0
Mouse_Thymus1,19_7,0,10819.0,11770.0
Mouse_Thymus1,19_70,3,10819.0,18070.0
Mouse_Thymus1,19_71,1,10819.0,18170.0
Mouse_Thymus1,19_72,3,10819.0,18270.0
Mouse_Thymus1,19_73,0,10819.0,18370.0
Mouse_Thymus1,19_74,1,10819.0,18470.0
Mouse_Thymus1,19_75,3,10819.0,18570.0
Mouse_Thymus1,19_76,0,10819.0,18670.0
Mouse_Thymus1,19_77,3,10819.0,18770.0
Mouse_Thymus1,19_78,3,10819.0,18870.0
Mouse_Thymus1,19_79,1,10819.0,18970.0
Mouse_Thymus1,19_8,3,10819.0,11870.0
Mouse_Thymus1,19_80,0,10819.0,19070.0
Mouse_Thymus1,19_81,3,10819.0,19170.0
Mouse_Thymus1,19_82,1,10819.0,19270.0
Mouse_Thymus1,19_83,3,10819.0,19370.0
Mouse_Thymus1,19_9,3,10819.0,11970.0
Mouse_Thymus1,1_22,3,9019.0,13270.0
Mouse_Thymus1,1_23,0,9019.0,13370.0
Mouse_Thymus1,1_24,3,9019.0,13470.0
Mouse_Thymus1,1_25,3,9019.0,13570.0
Mouse_Thymus1,1_32,0,9019.0,14270.0
Mouse_Thymus1,1_33,0,9019.0,14370.0
Mouse_Thymus1,1_34,0,9019.0,14470.0
Mouse_Thymus1,1_36,3,9019.0,14670.0
Mouse_Thymus1,1_37,0,9019.0,14770.0
Mouse_Thymus1,1_39,4,9019.0,14970.0
Mouse_Thymus1,1_40,3,9019.0,15070.0
Mouse_Thymus1,1_41,2,9019.0,15170.0
Mouse_Thymus1,1_42,3,9019.0,15270.0
Mouse_Thymus1,1_43,3,9019.0,15370.0
Mouse_Thymus1,1_44,3,9019.0,15470.0
Mouse_Thymus1,20_0,3,10919.0,11070.0
Mouse_Thymus1,20_1,3,10919.0,11170.0
Mouse_Thymus1,20_10,3,10919.0,12070.0
Mouse_Thymus1,20_11,3,10919.0,12170.0
Mouse_Thymus1,20_12,3,10919.0,12270.0
Mouse_Thymus1,20_13,4,10919.0,12370.0
Mouse_Thymus1,20_14,1,10919.0,12470.0
Mouse_Thymus1,20_15,0,10919.0,12570.0
Mouse_Thymus1,20_16,3,10919.0,12670.0
Mouse_Thymus1,20_17,1,10919.0,12770.0
Mouse_Thymus1,20_18,3,10919.0,12870.0
Mouse_Thymus1,20_19,3,10919.0,12970.0
Mouse_Thymus1,20_2,3,10919.0,11270.0
Mouse_Thymus1,20_20,3,10919.0,13070.0
Mouse_Thymus1,20_21,0,10919.0,13170.0
Mouse_Thymus1,20_22,3,10919.0,13270.0
Mouse_Thymus1,20_23,1,10919.0,13370.0
Mouse_Thymus1,20_24,3,10919.0,13470.0
Mouse_Thymus1,20_25,0,10919.0,13570.0
Mouse_Thymus1,20_26,3,10919.0,13670.0
Mouse_Thymus1,20_27,3,10919.0,13770.0
Mouse_Thymus1,20_28,4,10919.0,13870.0
Mouse_Thymus1,20_29,0,10919.0,13970.0
Mouse_Thymus1,20_3,3,10919.0,11370.0
Mouse_Thymus1,20_30,0,10919.0,14070.0
Mouse_Thymus1,20_31,3,10919.0,14170.0
Mouse_Thymus1,20_32,3,10919.0,14270.0
Mouse_Thymus1,20_33,0,10919.0,14370.0
Mouse_Thymus1,20_34,1,10919.0,14470.0
Mouse_Thymus1,20_35,2,10919.0,14570.0
Mouse_Thymus1,20_36,1,10919.0,14670.0
Mouse_Thymus1,20_37,3,10919.0,14770.0
Mouse_Thymus1,20_38,3,10919.0,14870.0
Mouse_Thymus1,20_39,0,10919.0,14970.0
Mouse_Thymus1,20_4,3,10919.0,11470.0
Mouse_Thymus1,20_40,3,10919.0,15070.0
Mouse_Thymus1,20_41,0,10919.0,15170.0
Mouse_Thymus1,20_42,3,10919.0,15270.0
Mouse_Thymus1,20_43,3,10919.0,15370.0
Mouse_Thymus1,20_44,3,10919.0,15470.0
Mouse_Thymus1,20_45,0,10919.0,15570.0
Mouse_Thymus1,20_46,0,10919.0,15670.0
Mouse_Thymus1,20_47,3,10919.0,15770.0
Mouse_Thymus1,20_48,3,10919.0,15870.0
Mouse_Thymus1,20_49,2,10919.0,15970.0
Mouse_Thymus1,20_5,3,10919.0,11570.0
Mouse_Thymus1,20_50,3,10919.0,16070.0
Mouse_Thymus1,20_51,3,10919.0,16170.0
Mouse_Thymus1,20_52,4,10919.0,16270.0
Mouse_Thymus1,20_53,1,10919.0,16370.0
Mouse_Thymus1,20_54,0,10919.0,16470.0
Mouse_Thymus1,20_55,3,10919.0,16570.0
Mouse_Thymus1,20_56,3,10919.0,16670.0
Mouse_Thymus1,20_57,0,10919.0,16770.0
Mouse_Thymus1,20_58,0,10919.0,16870.0
Mouse_Thymus1,20_59,1,10919.0,16970.0
Mouse_Thymus1,20_6,0,10919.0,11670.0
Mouse_Thymus1,20_60,0,10919.0,17070.0
Mouse_Thymus1,20_61,0,10919.0,17170.0
Mouse_Thymus1,20_62,3,10919.0,17270.0
Mouse_Thymus1,20_63,3,10919.0,17370.0
Mouse_Thymus1,20_64,0,10919.0,17470.0
Mouse_Thymus1,20_65,4,10919.0,17570.0
Mouse_Thymus1,20_66,3,10919.0,17670.0
Mouse_Thymus1,20_67,3,10919.0,17770.0
Mouse_Thymus1,20_68,1,10919.0,17870.0
Mouse_Thymus1,20_69,0,10919.0,17970.0
Mouse_Thymus1,20_7,0,10919.0,11770.0
Mouse_Thymus1,20_70,0,10919.0,18070.0
Mouse_Thymus1,20_71,3,10919.0,18170.0
Mouse_Thymus1,20_72,0,10919.0,18270.0
Mouse_Thymus1,20_73,3,10919.0,18370.0
Mouse_Thymus1,20_74,0,10919.0,18470.0
Mouse_Thymus1,20_75,1,10919.0,18570.0
Mouse_Thymus1,20_76,3,10919.0,18670.0
Mouse_Thymus1,20_77,0,10919.0,18770.0
Mouse_Thymus1,20_78,3,10919.0,18870.0
Mouse_Thymus1,20_79,3,10919.0,18970.0
Mouse_Thymus1,20_8,3,10919.0,11870.0
Mouse_Thymus1,20_80,4,10919.0,19070.0
Mouse_Thymus1,20_81,3,10919.0,19170.0
Mouse_Thymus1,20_82,3,10919.0,19270.0
Mouse_Thymus1,20_83,3,10919.0,19370.0
Mouse_Thymus1,20_9,4,10919.0,11970.0
Mouse_Thymus1,21_0,3,11019.0,11070.0
Mouse_Thymus1,21_1,0,11019.0,11170.0
Mouse_Thymus1,21_10,0,11019.0,12070.0
Mouse_Thymus1,21_11,3,11019.0,12170.0
Mouse_Thymus1,21_12,3,11019.0,12270.0
Mouse_Thymus1,21_13,3,11019.0,12370.0
Mouse_Thymus1,21_14,3,11019.0,12470.0
Mouse_Thymus1,21_15,3,11019.0,12570.0
Mouse_Thymus1,21_16,3,11019.0,12670.0
Mouse_Thymus1,21_17,4,11019.0,12770.0
Mouse_Thymus1,21_18,3,11019.0,12870.0
Mouse_Thymus1,21_19,4,11019.0,12970.0
Mouse_Thymus1,21_2,3,11019.0,11270.0
Mouse_Thymus1,21_20,3,11019.0,13070.0
Mouse_Thymus1,21_21,3,11019.0,13170.0
Mouse_Thymus1,21_22,3,11019.0,13270.0
Mouse_Thymus1,21_23,3,11019.0,13370.0
Mouse_Thymus1,21_24,3,11019.0,13470.0
Mouse_Thymus1,21_25,0,11019.0,13570.0
Mouse_Thymus1,21_26,3,11019.0,13670.0
Mouse_Thymus1,21_27,0,11019.0,13770.0
Mouse_Thymus1,21_28,3,11019.0,13870.0
Mouse_Thymus1,21_29,3,11019.0,13970.0
Mouse_Thymus1,21_3,0,11019.0,11370.0
Mouse_Thymus1,21_30,0,11019.0,14070.0
Mouse_Thymus1,21_31,3,11019.0,14170.0
Mouse_Thymus1,21_32,3,11019.0,14270.0
Mouse_Thymus1,21_33,0,11019.0,14370.0
Mouse_Thymus1,21_34,3,11019.0,14470.0
Mouse_Thymus1,21_35,3,11019.0,14570.0
Mouse_Thymus1,21_36,0,11019.0,14670.0
Mouse_Thymus1,21_37,3,11019.0,14770.0
Mouse_Thymus1,21_38,0,11019.0,14870.0
Mouse_Thymus1,21_39,0,11019.0,14970.0
Mouse_Thymus1,21_4,3,11019.0,11470.0
Mouse_Thymus1,21_40,0,11019.0,15070.0
Mouse_Thymus1,21_41,3,11019.0,15170.0
Mouse_Thymus1,21_42,3,11019.0,15270.0
Mouse_Thymus1,21_43,1,11019.0,15370.0
Mouse_Thymus1,21_44,3,11019.0,15470.0
Mouse_Thymus1,21_45,1,11019.0,15570.0
Mouse_Thymus1,21_46,3,11019.0,15670.0
Mouse_Thymus1,21_47,3,11019.0,15770.0
Mouse_Thymus1,21_48,3,11019.0,15870.0
Mouse_Thymus1,21_49,0,11019.0,15970.0
Mouse_Thymus1,21_5,3,11019.0,11570.0
Mouse_Thymus1,21_50,3,11019.0,16070.0
Mouse_Thymus1,21_51,3,11019.0,16170.0
Mouse_Thymus1,21_52,3,11019.0,16270.0
Mouse_Thymus1,21_53,3,11019.0,16370.0
Mouse_Thymus1,21_54,0,11019.0,16470.0
Mouse_Thymus1,21_55,2,11019.0,16570.0
Mouse_Thymus1,21_56,3,11019.0,16670.0
Mouse_Thymus1,21_57,3,11019.0,16770.0
Mouse_Thymus1,21_58,3,11019.0,16870.0
Mouse_Thymus1,21_59,3,11019.0,16970.0
Mouse_Thymus1,21_6,3,11019.0,11670.0
Mouse_Thymus1,21_60,3,11019.0,17070.0
Mouse_Thymus1,21_61,2,11019.0,17170.0
Mouse_Thymus1,21_62,0,11019.0,17270.0
Mouse_Thymus1,21_63,2,11019.0,17370.0
Mouse_Thymus1,21_64,3,11019.0,17470.0
Mouse_Thymus1,21_65,3,11019.0,17570.0
Mouse_Thymus1,21_66,2,11019.0,17670.0
Mouse_Thymus1,21_67,3,11019.0,17770.0
Mouse_Thymus1,21_68,2,11019.0,17870.0
Mouse_Thymus1,21_69,3,11019.0,17970.0
Mouse_Thymus1,21_7,3,11019.0,11770.0
Mouse_Thymus1,21_70,0,11019.0,18070.0
Mouse_Thymus1,21_71,0,11019.0,18170.0
Mouse_Thymus1,21_72,3,11019.0,18270.0
Mouse_Thymus1,21_73,3,11019.0,18370.0
Mouse_Thymus1,21_74,0,11019.0,18470.0
Mouse_Thymus1,21_75,4,11019.0,18570.0
Mouse_Thymus1,21_76,0,11019.0,18670.0
Mouse_Thymus1,21_77,2,11019.0,18770.0
Mouse_Thymus1,21_78,3,11019.0,18870.0
Mouse_Thymus1,21_79,3,11019.0,18970.0
Mouse_Thymus1,21_8,3,11019.0,11870.0
Mouse_Thymus1,21_80,3,11019.0,19070.0
Mouse_Thymus1,21_81,3,11019.0,19170.0
Mouse_Thymus1,21_82,3,11019.0,19270.0
Mouse_Thymus1,21_83,3,11019.0,19370.0
Mouse_Thymus1,21_84,3,11019.0,19470.0
Mouse_Thymus1,21_9,2,11019.0,11970.0
Mouse_Thymus1,22_0,3,11119.0,11070.0
Mouse_Thymus1,22_1,2,11119.0,11170.0
Mouse_Thymus1,22_10,4,11119.0,12070.0
Mouse_Thymus1,22_11,3,11119.0,12170.0
Mouse_Thymus1,22_12,3,11119.0,12270.0
Mouse_Thymus1,22_13,3,11119.0,12370.0
Mouse_Thymus1,22_14,3,11119.0,12470.0
Mouse_Thymus1,22_15,3,11119.0,12570.0
Mouse_Thymus1,22_16,3,11119.0,12670.0
Mouse_Thymus1,22_17,0,11119.0,12770.0
Mouse_Thymus1,22_18,0,11119.0,12870.0
Mouse_Thymus1,22_19,0,11119.0,12970.0
Mouse_Thymus1,22_2,3,11119.0,11270.0
Mouse_Thymus1,22_20,3,11119.0,13070.0
Mouse_Thymus1,22_21,1,11119.0,13170.0
Mouse_Thymus1,22_22,3,11119.0,13270.0
Mouse_Thymus1,22_23,3,11119.0,13370.0
Mouse_Thymus1,22_24,3,11119.0,13470.0
Mouse_Thymus1,22_25,3,11119.0,13570.0
Mouse_Thymus1,22_26,3,11119.0,13670.0
Mouse_Thymus1,22_27,3,11119.0,13770.0
Mouse_Thymus1,22_28,3,11119.0,13870.0
Mouse_Thymus1,22_29,3,11119.0,13970.0
Mouse_Thymus1,22_3,3,11119.0,11370.0
Mouse_Thymus1,22_30,3,11119.0,14070.0
Mouse_Thymus1,22_31,4,11119.0,14170.0
Mouse_Thymus1,22_32,3,11119.0,14270.0
Mouse_Thymus1,22_33,3,11119.0,14370.0
Mouse_Thymus1,22_34,3,11119.0,14470.0
Mouse_Thymus1,22_35,3,11119.0,14570.0
Mouse_Thymus1,22_36,1,11119.0,14670.0
Mouse_Thymus1,22_37,3,11119.0,14770.0
Mouse_Thymus1,22_38,3,11119.0,14870.0
Mouse_Thymus1,22_39,2,11119.0,14970.0
Mouse_Thymus1,22_4,0,11119.0,11470.0
Mouse_Thymus1,22_40,0,11119.0,15070.0
Mouse_Thymus1,22_41,1,11119.0,15170.0
Mouse_Thymus1,22_42,3,11119.0,15270.0
Mouse_Thymus1,22_43,3,11119.0,15370.0
Mouse_Thymus1,22_44,4,11119.0,15470.0
Mouse_Thymus1,22_45,4,11119.0,15570.0
Mouse_Thymus1,22_46,3,11119.0,15670.0
Mouse_Thymus1,22_47,3,11119.0,15770.0
Mouse_Thymus1,22_48,3,11119.0,15870.0
Mouse_Thymus1,22_49,2,11119.0,15970.0
Mouse_Thymus1,22_5,3,11119.0,11570.0
Mouse_Thymus1,22_50,0,11119.0,16070.0
Mouse_Thymus1,22_51,2,11119.0,16170.0
Mouse_Thymus1,22_52,3,11119.0,16270.0
Mouse_Thymus1,22_53,4,11119.0,16370.0
Mouse_Thymus1,22_54,3,11119.0,16470.0
Mouse_Thymus1,22_55,3,11119.0,16570.0
Mouse_Thymus1,22_56,3,11119.0,16670.0
Mouse_Thymus1,22_57,3,11119.0,16770.0
Mouse_Thymus1,22_58,4,11119.0,16870.0
Mouse_Thymus1,22_59,4,11119.0,16970.0
Mouse_Thymus1,22_6,3,11119.0,11670.0
Mouse_Thymus1,22_60,0,11119.0,17070.0
Mouse_Thymus1,22_61,3,11119.0,17170.0
Mouse_Thymus1,22_62,3,11119.0,17270.0
Mouse_Thymus1,22_63,0,11119.0,17370.0
Mouse_Thymus1,22_64,3,11119.0,17470.0
Mouse_Thymus1,22_65,4,11119.0,17570.0
Mouse_Thymus1,22_66,4,11119.0,17670.0
Mouse_Thymus1,22_67,3,11119.0,17770.0
Mouse_Thymus1,22_68,4,11119.0,17870.0
Mouse_Thymus1,22_69,1,11119.0,17970.0
Mouse_Thymus1,22_7,3,11119.0,11770.0
Mouse_Thymus1,22_70,0,11119.0,18070.0
Mouse_Thymus1,22_71,3,11119.0,18170.0
Mouse_Thymus1,22_72,3,11119.0,18270.0
Mouse_Thymus1,22_73,0,11119.0,18370.0
Mouse_Thymus1,22_74,3,11119.0,18470.0
Mouse_Thymus1,22_75,2,11119.0,18570.0
Mouse_Thymus1,22_76,1,11119.0,18670.0
Mouse_Thymus1,22_77,3,11119.0,18770.0
Mouse_Thymus1,22_78,4,11119.0,18870.0
Mouse_Thymus1,22_79,1,11119.0,18970.0
Mouse_Thymus1,22_8,3,11119.0,11870.0
Mouse_Thymus1,22_80,0,11119.0,19070.0
Mouse_Thymus1,22_81,0,11119.0,19170.0
Mouse_Thymus1,22_82,3,11119.0,19270.0
Mouse_Thymus1,22_83,4,11119.0,19370.0
Mouse_Thymus1,22_84,0,11119.0,19470.0
Mouse_Thymus1,22_85,3,11119.0,19570.0
Mouse_Thymus1,22_9,3,11119.0,11970.0
Mouse_Thymus1,23_0,0,11219.0,11070.0
Mouse_Thymus1,23_1,0,11219.0,11170.0
Mouse_Thymus1,23_10,0,11219.0,12070.0
Mouse_Thymus1,23_11,3,11219.0,12170.0
Mouse_Thymus1,23_12,0,11219.0,12270.0
Mouse_Thymus1,23_13,3,11219.0,12370.0
Mouse_Thymus1,23_14,3,11219.0,12470.0
Mouse_Thymus1,23_15,3,11219.0,12570.0
Mouse_Thymus1,23_16,1,11219.0,12670.0
Mouse_Thymus1,23_17,3,11219.0,12770.0
Mouse_Thymus1,23_18,0,11219.0,12870.0
Mouse_Thymus1,23_19,2,11219.0,12970.0
Mouse_Thymus1,23_2,0,11219.0,11270.0
Mouse_Thymus1,23_20,3,11219.0,13070.0
Mouse_Thymus1,23_21,3,11219.0,13170.0
Mouse_Thymus1,23_22,0,11219.0,13270.0
Mouse_Thymus1,23_23,3,11219.0,13370.0
Mouse_Thymus1,23_24,0,11219.0,13470.0
Mouse_Thymus1,23_25,0,11219.0,13570.0
Mouse_Thymus1,23_26,3,11219.0,13670.0
Mouse_Thymus1,23_27,3,11219.0,13770.0
Mouse_Thymus1,23_28,3,11219.0,13870.0
Mouse_Thymus1,23_29,0,11219.0,13970.0
Mouse_Thymus1,23_3,1,11219.0,11370.0
Mouse_Thymus1,23_30,3,11219.0,14070.0
Mouse_Thymus1,23_31,0,11219.0,14170.0
Mouse_Thymus1,23_32,3,11219.0,14270.0
Mouse_Thymus1,23_33,3,11219.0,14370.0
Mouse_Thymus1,23_34,0,11219.0,14470.0
Mouse_Thymus1,23_35,3,11219.0,14570.0
Mouse_Thymus1,23_36,3,11219.0,14670.0
Mouse_Thymus1,23_37,3,11219.0,14770.0
Mouse_Thymus1,23_38,3,11219.0,14870.0
Mouse_Thymus1,23_39,0,11219.0,14970.0
Mouse_Thymus1,23_4,2,11219.0,11470.0
Mouse_Thymus1,23_40,4,11219.0,15070.0
Mouse_Thymus1,23_41,4,11219.0,15170.0
Mouse_Thymus1,23_42,2,11219.0,15270.0
Mouse_Thymus1,23_43,3,11219.0,15370.0
Mouse_Thymus1,23_44,0,11219.0,15470.0
Mouse_Thymus1,23_45,3,11219.0,15570.0
Mouse_Thymus1,23_46,4,11219.0,15670.0
Mouse_Thymus1,23_47,0,11219.0,15770.0
Mouse_Thymus1,23_48,3,11219.0,15870.0
Mouse_Thymus1,23_49,3,11219.0,15970.0
Mouse_Thymus1,23_5,1,11219.0,11570.0
Mouse_Thymus1,23_50,3,11219.0,16070.0
Mouse_Thymus1,23_51,3,11219.0,16170.0
Mouse_Thymus1,23_52,0,11219.0,16270.0
Mouse_Thymus1,23_53,2,11219.0,16370.0
Mouse_Thymus1,23_54,0,11219.0,16470.0
Mouse_Thymus1,23_55,3,11219.0,16570.0
Mouse_Thymus1,23_56,2,11219.0,16670.0
Mouse_Thymus1,23_57,3,11219.0,16770.0
Mouse_Thymus1,23_58,3,11219.0,16870.0
Mouse_Thymus1,23_59,3,11219.0,16970.0
Mouse_Thymus1,23_6,3,11219.0,11670.0
Mouse_Thymus1,23_60,0,11219.0,17070.0
Mouse_Thymus1,23_61,3,11219.0,17170.0
Mouse_Thymus1,23_62,3,11219.0,17270.0
Mouse_Thymus1,23_63,4,11219.0,17370.0
Mouse_Thymus1,23_64,3,11219.0,17470.0
Mouse_Thymus1,23_65,3,11219.0,17570.0
Mouse_Thymus1,23_66,3,11219.0,17670.0
Mouse_Thymus1,23_67,3,11219.0,17770.0
Mouse_Thymus1,23_68,4,11219.0,17870.0
Mouse_Thymus1,23_69,3,11219.0,17970.0
Mouse_Thymus1,23_7,0,11219.0,11770.0
Mouse_Thymus1,23_70,3,11219.0,18070.0
Mouse_Thymus1,23_71,0,11219.0,18170.0
Mouse_Thymus1,23_72,0,11219.0,18270.0
Mouse_Thymus1,23_73,3,11219.0,18370.0
Mouse_Thymus1,23_74,3,11219.0,18470.0
Mouse_Thymus1,23_75,3,11219.0,18570.0
Mouse_Thymus1,23_76,1,11219.0,18670.0
Mouse_Thymus1,23_77,3,11219.0,18770.0
Mouse_Thymus1,23_78,0,11219.0,18870.0
Mouse_Thymus1,23_79,3,11219.0,18970.0
Mouse_Thymus1,23_8,3,11219.0,11870.0
Mouse_Thymus1,23_80,2,11219.0,19070.0
Mouse_Thymus1,23_81,1,11219.0,19170.0
Mouse_Thymus1,23_82,0,11219.0,19270.0
Mouse_Thymus1,23_83,0,11219.0,19370.0
Mouse_Thymus1,23_84,0,11219.0,19470.0
Mouse_Thymus1,23_85,3,11219.0,19570.0
Mouse_Thymus1,23_86,3,11219.0,19670.0
Mouse_Thymus1,23_87,3,11219.0,19770.0
Mouse_Thymus1,23_9,0,11219.0,11970.0
Mouse_Thymus1,24_0,3,11319.0,11070.0
Mouse_Thymus1,24_1,3,11319.0,11170.0
Mouse_Thymus1,24_10,3,11319.0,12070.0
Mouse_Thymus1,24_11,1,11319.0,12170.0
Mouse_Thymus1,24_12,3,11319.0,12270.0
Mouse_Thymus1,24_13,3,11319.0,12370.0
Mouse_Thymus1,24_14,0,11319.0,12470.0
Mouse_Thymus1,24_15,0,11319.0,12570.0
Mouse_Thymus1,24_16,3,11319.0,12670.0
Mouse_Thymus1,24_17,3,11319.0,12770.0
Mouse_Thymus1,24_18,3,11319.0,12870.0
Mouse_Thymus1,24_19,3,11319.0,12970.0
Mouse_Thymus1,24_2,0,11319.0,11270.0
Mouse_Thymus1,24_20,3,11319.0,13070.0
Mouse_Thymus1,24_21,0,11319.0,13170.0
Mouse_Thymus1,24_22,0,11319.0,13270.0
Mouse_Thymus1,24_23,4,11319.0,13370.0
Mouse_Thymus1,24_24,3,11319.0,13470.0
Mouse_Thymus1,24_25,2,11319.0,13570.0
Mouse_Thymus1,24_26,3,11319.0,13670.0
Mouse_Thymus1,24_27,3,11319.0,13770.0
Mouse_Thymus1,24_28,0,11319.0,13870.0
Mouse_Thymus1,24_29,3,11319.0,13970.0
Mouse_Thymus1,24_3,3,11319.0,11370.0
Mouse_Thymus1,24_30,1,11319.0,14070.0
Mouse_Thymus1,24_31,0,11319.0,14170.0
Mouse_Thymus1,24_32,0,11319.0,14270.0
Mouse_Thymus1,24_33,1,11319.0,14370.0
Mouse_Thymus1,24_34,0,11319.0,14470.0
Mouse_Thymus1,24_35,4,11319.0,14570.0
Mouse_Thymus1,24_36,3,11319.0,14670.0
Mouse_Thymus1,24_37,0,11319.0,14770.0
Mouse_Thymus1,24_38,2,11319.0,14870.0
Mouse_Thymus1,24_39,4,11319.0,14970.0
Mouse_Thymus1,24_4,4,11319.0,11470.0
Mouse_Thymus1,24_40,3,11319.0,15070.0
Mouse_Thymus1,24_41,0,11319.0,15170.0
Mouse_Thymus1,24_42,3,11319.0,15270.0
Mouse_Thymus1,24_43,3,11319.0,15370.0
Mouse_Thymus1,24_44,0,11319.0,15470.0
Mouse_Thymus1,24_45,3,11319.0,15570.0
Mouse_Thymus1,24_46,0,11319.0,15670.0
Mouse_Thymus1,24_47,3,11319.0,15770.0
Mouse_Thymus1,24_48,3,11319.0,15870.0
Mouse_Thymus1,24_49,3,11319.0,15970.0
Mouse_Thymus1,24_5,4,11319.0,11570.0
Mouse_Thymus1,24_50,3,11319.0,16070.0
Mouse_Thymus1,24_51,0,11319.0,16170.0
Mouse_Thymus1,24_52,2,11319.0,16270.0
Mouse_Thymus1,24_53,3,11319.0,16370.0
Mouse_Thymus1,24_54,3,11319.0,16470.0
Mouse_Thymus1,24_55,3,11319.0,16570.0
Mouse_Thymus1,24_56,3,11319.0,16670.0
Mouse_Thymus1,24_57,0,11319.0,16770.0
Mouse_Thymus1,24_58,1,11319.0,16870.0
Mouse_Thymus1,24_59,3,11319.0,16970.0
Mouse_Thymus1,24_6,3,11319.0,11670.0
Mouse_Thymus1,24_60,3,11319.0,17070.0
Mouse_Thymus1,24_61,3,11319.0,17170.0
Mouse_Thymus1,24_62,3,11319.0,17270.0
Mouse_Thymus1,24_63,3,11319.0,17370.0
Mouse_Thymus1,24_64,0,11319.0,17470.0
Mouse_Thymus1,24_65,2,11319.0,17570.0
Mouse_Thymus1,24_66,3,11319.0,17670.0
Mouse_Thymus1,24_67,0,11319.0,17770.0
Mouse_Thymus1,24_68,1,11319.0,17870.0
Mouse_Thymus1,24_69,0,11319.0,17970.0
Mouse_Thymus1,24_7,4,11319.0,11770.0
Mouse_Thymus1,24_70,0,11319.0,18070.0
Mouse_Thymus1,24_71,3,11319.0,18170.0
Mouse_Thymus1,24_72,3,11319.0,18270.0
Mouse_Thymus1,24_73,0,11319.0,18370.0
Mouse_Thymus1,24_74,0,11319.0,18470.0
Mouse_Thymus1,24_75,3,11319.0,18570.0
Mouse_Thymus1,24_76,3,11319.0,18670.0
Mouse_Thymus1,24_77,3,11319.0,18770.0
Mouse_Thymus1,24_78,1,11319.0,18870.0
Mouse_Thymus1,24_79,3,11319.0,18970.0
Mouse_Thymus1,24_8,0,11319.0,11870.0
Mouse_Thymus1,24_80,3,11319.0,19070.0
Mouse_Thymus1,24_81,0,11319.0,19170.0
Mouse_Thymus1,24_82,0,11319.0,19270.0
Mouse_Thymus1,24_83,1,11319.0,19370.0
Mouse_Thymus1,24_84,3,11319.0,19470.0
Mouse_Thymus1,24_85,3,11319.0,19570.0
Mouse_Thymus1,24_86,3,11319.0,19670.0
Mouse_Thymus1,24_87,3,11319.0,19770.0
Mouse_Thymus1,24_88,3,11319.0,19870.0
Mouse_Thymus1,24_89,3,11319.0,19970.0
Mouse_Thymus1,24_9,3,11319.0,11970.0
Mouse_Thymus1,25_0,0,11419.0,11070.0
Mouse_Thymus1,25_1,3,11419.0,11170.0
Mouse_Thymus1,25_10,3,11419.0,12070.0
Mouse_Thymus1,25_11,0,11419.0,12170.0
Mouse_Thymus1,25_12,0,11419.0,12270.0
Mouse_Thymus1,25_13,1,11419.0,12370.0
Mouse_Thymus1,25_14,0,11419.0,12470.0
Mouse_Thymus1,25_15,4,11419.0,12570.0
Mouse_Thymus1,25_16,4,11419.0,12670.0
Mouse_Thymus1,25_17,0,11419.0,12770.0
Mouse_Thymus1,25_18,3,11419.0,12870.0
Mouse_Thymus1,25_19,3,11419.0,12970.0
Mouse_Thymus1,25_2,2,11419.0,11270.0
Mouse_Thymus1,25_20,3,11419.0,13070.0
Mouse_Thymus1,25_21,2,11419.0,13170.0
Mouse_Thymus1,25_22,3,11419.0,13270.0
Mouse_Thymus1,25_23,0,11419.0,13370.0
Mouse_Thymus1,25_24,4,11419.0,13470.0
Mouse_Thymus1,25_25,3,11419.0,13570.0
Mouse_Thymus1,25_26,0,11419.0,13670.0
Mouse_Thymus1,25_27,4,11419.0,13770.0
Mouse_Thymus1,25_28,3,11419.0,13870.0
Mouse_Thymus1,25_29,1,11419.0,13970.0
Mouse_Thymus1,25_3,3,11419.0,11370.0
Mouse_Thymus1,25_30,3,11419.0,14070.0
Mouse_Thymus1,25_31,3,11419.0,14170.0
Mouse_Thymus1,25_32,0,11419.0,14270.0
Mouse_Thymus1,25_33,3,11419.0,14370.0
Mouse_Thymus1,25_34,3,11419.0,14470.0
Mouse_Thymus1,25_35,3,11419.0,14570.0
Mouse_Thymus1,25_36,3,11419.0,14670.0
Mouse_Thymus1,25_37,3,11419.0,14770.0
Mouse_Thymus1,25_38,0,11419.0,14870.0
Mouse_Thymus1,25_39,0,11419.0,14970.0
Mouse_Thymus1,25_4,3,11419.0,11470.0
Mouse_Thymus1,25_40,0,11419.0,15070.0
Mouse_Thymus1,25_41,3,11419.0,15170.0
Mouse_Thymus1,25_42,4,11419.0,15270.0
Mouse_Thymus1,25_43,0,11419.0,15370.0
Mouse_Thymus1,25_44,4,11419.0,15470.0
Mouse_Thymus1,25_45,3,11419.0,15570.0
Mouse_Thymus1,25_46,3,11419.0,15670.0
Mouse_Thymus1,25_47,2,11419.0,15770.0
Mouse_Thymus1,25_48,3,11419.0,15870.0
Mouse_Thymus1,25_49,0,11419.0,15970.0
Mouse_Thymus1,25_5,3,11419.0,11570.0
Mouse_Thymus1,25_50,3,11419.0,16070.0
Mouse_Thymus1,25_51,1,11419.0,16170.0
Mouse_Thymus1,25_52,3,11419.0,16270.0
Mouse_Thymus1,25_53,3,11419.0,16370.0
Mouse_Thymus1,25_54,2,11419.0,16470.0
Mouse_Thymus1,25_55,0,11419.0,16570.0
Mouse_Thymus1,25_56,1,11419.0,16670.0
Mouse_Thymus1,25_57,0,11419.0,16770.0
Mouse_Thymus1,25_58,0,11419.0,16870.0
Mouse_Thymus1,25_59,3,11419.0,16970.0
Mouse_Thymus1,25_6,3,11419.0,11670.0
Mouse_Thymus1,25_60,3,11419.0,17070.0
Mouse_Thymus1,25_61,3,11419.0,17170.0
Mouse_Thymus1,25_62,0,11419.0,17270.0
Mouse_Thymus1,25_63,3,11419.0,17370.0
Mouse_Thymus1,25_64,3,11419.0,17470.0
Mouse_Thymus1,25_65,0,11419.0,17570.0
Mouse_Thymus1,25_66,0,11419.0,17670.0
Mouse_Thymus1,25_67,3,11419.0,17770.0
Mouse_Thymus1,25_68,3,11419.0,17870.0
Mouse_Thymus1,25_69,3,11419.0,17970.0
Mouse_Thymus1,25_7,3,11419.0,11770.0
Mouse_Thymus1,25_70,3,11419.0,18070.0
Mouse_Thymus1,25_71,2,11419.0,18170.0
Mouse_Thymus1,25_72,3,11419.0,18270.0
Mouse_Thymus1,25_73,2,11419.0,18370.0
Mouse_Thymus1,25_74,0,11419.0,18470.0
Mouse_Thymus1,25_75,4,11419.0,18570.0
Mouse_Thymus1,25_76,3,11419.0,18670.0
Mouse_Thymus1,25_77,0,11419.0,18770.0
Mouse_Thymus1,25_78,3,11419.0,18870.0
Mouse_Thymus1,25_79,3,11419.0,18970.0
Mouse_Thymus1,25_8,3,11419.0,11870.0
Mouse_Thymus1,25_80,3,11419.0,19070.0
Mouse_Thymus1,25_81,3,11419.0,19170.0
Mouse_Thymus1,25_82,3,11419.0,19270.0
Mouse_Thymus1,25_83,4,11419.0,19370.0
Mouse_Thymus1,25_84,3,11419.0,19470.0
Mouse_Thymus1,25_85,0,11419.0,19570.0
Mouse_Thymus1,25_86,3,11419.0,19670.0
Mouse_Thymus1,25_87,3,11419.0,19770.0
Mouse_Thymus1,25_88,3,11419.0,19870.0
Mouse_Thymus1,25_89,3,11419.0,19970.0
Mouse_Thymus1,25_9,0,11419.0,11970.0
Mouse_Thymus1,26_0,2,11519.0,11070.0
Mouse_Thymus1,26_1,3,11519.0,11170.0
Mouse_Thymus1,26_10,3,11519.0,12070.0
Mouse_Thymus1,26_11,3,11519.0,12170.0
Mouse_Thymus1,26_12,3,11519.0,12270.0
Mouse_Thymus1,26_13,0,11519.0,12370.0
Mouse_Thymus1,26_14,4,11519.0,12470.0
Mouse_Thymus1,26_15,0,11519.0,12570.0
Mouse_Thymus1,26_16,0,11519.0,12670.0
Mouse_Thymus1,26_17,3,11519.0,12770.0
Mouse_Thymus1,26_18,0,11519.0,12870.0
Mouse_Thymus1,26_19,1,11519.0,12970.0
Mouse_Thymus1,26_2,2,11519.0,11270.0
Mouse_Thymus1,26_20,3,11519.0,13070.0
Mouse_Thymus1,26_21,3,11519.0,13170.0
Mouse_Thymus1,26_22,3,11519.0,13270.0
Mouse_Thymus1,26_23,0,11519.0,13370.0
Mouse_Thymus1,26_24,3,11519.0,13470.0
Mouse_Thymus1,26_25,3,11519.0,13570.0
Mouse_Thymus1,26_26,3,11519.0,13670.0
Mouse_Thymus1,26_27,3,11519.0,13770.0
Mouse_Thymus1,26_28,3,11519.0,13870.0
Mouse_Thymus1,26_29,3,11519.0,13970.0
Mouse_Thymus1,26_3,0,11519.0,11370.0
Mouse_Thymus1,26_30,1,11519.0,14070.0
Mouse_Thymus1,26_31,3,11519.0,14170.0
Mouse_Thymus1,26_32,3,11519.0,14270.0
Mouse_Thymus1,26_33,2,11519.0,14370.0
Mouse_Thymus1,26_34,2,11519.0,14470.0
Mouse_Thymus1,26_35,4,11519.0,14570.0
Mouse_Thymus1,26_36,4,11519.0,14670.0
Mouse_Thymus1,26_37,3,11519.0,14770.0
Mouse_Thymus1,26_38,3,11519.0,14870.0
Mouse_Thymus1,26_39,0,11519.0,14970.0
Mouse_Thymus1,26_4,3,11519.0,11470.0
Mouse_Thymus1,26_40,3,11519.0,15070.0
Mouse_Thymus1,26_41,3,11519.0,15170.0
Mouse_Thymus1,26_42,1,11519.0,15270.0
Mouse_Thymus1,26_43,3,11519.0,15370.0
Mouse_Thymus1,26_44,3,11519.0,15470.0
Mouse_Thymus1,26_45,3,11519.0,15570.0
Mouse_Thymus1,26_46,0,11519.0,15670.0
Mouse_Thymus1,26_47,0,11519.0,15770.0
Mouse_Thymus1,26_48,3,11519.0,15870.0
Mouse_Thymus1,26_49,1,11519.0,15970.0
Mouse_Thymus1,26_5,3,11519.0,11570.0
Mouse_Thymus1,26_50,3,11519.0,16070.0
Mouse_Thymus1,26_51,3,11519.0,16170.0
Mouse_Thymus1,26_52,1,11519.0,16270.0
Mouse_Thymus1,26_53,0,11519.0,16370.0
Mouse_Thymus1,26_54,3,11519.0,16470.0
Mouse_Thymus1,26_55,3,11519.0,16570.0
Mouse_Thymus1,26_56,3,11519.0,16670.0
Mouse_Thymus1,26_57,1,11519.0,16770.0
Mouse_Thymus1,26_58,3,11519.0,16870.0
Mouse_Thymus1,26_59,3,11519.0,16970.0
Mouse_Thymus1,26_6,3,11519.0,11670.0
Mouse_Thymus1,26_60,4,11519.0,17070.0
Mouse_Thymus1,26_61,3,11519.0,17170.0
Mouse_Thymus1,26_62,3,11519.0,17270.0
Mouse_Thymus1,26_63,3,11519.0,17370.0
Mouse_Thymus1,26_64,0,11519.0,17470.0
Mouse_Thymus1,26_65,3,11519.0,17570.0
Mouse_Thymus1,26_66,3,11519.0,17670.0
Mouse_Thymus1,26_67,3,11519.0,17770.0
Mouse_Thymus1,26_68,3,11519.0,17870.0
Mouse_Thymus1,26_69,0,11519.0,17970.0
Mouse_Thymus1,26_7,0,11519.0,11770.0
Mouse_Thymus1,26_70,3,11519.0,18070.0
Mouse_Thymus1,26_71,3,11519.0,18170.0
Mouse_Thymus1,26_72,3,11519.0,18270.0
Mouse_Thymus1,26_73,0,11519.0,18370.0
Mouse_Thymus1,26_74,0,11519.0,18470.0
Mouse_Thymus1,26_75,3,11519.0,18570.0
Mouse_Thymus1,26_76,2,11519.0,18670.0
Mouse_Thymus1,26_77,0,11519.0,18770.0
Mouse_Thymus1,26_78,3,11519.0,18870.0
Mouse_Thymus1,26_79,3,11519.0,18970.0
Mouse_Thymus1,26_8,0,11519.0,11870.0
Mouse_Thymus1,26_80,3,11519.0,19070.0
Mouse_Thymus1,26_81,3,11519.0,19170.0
Mouse_Thymus1,26_82,3,11519.0,19270.0
Mouse_Thymus1,26_83,2,11519.0,19370.0
Mouse_Thymus1,26_84,1,11519.0,19470.0
Mouse_Thymus1,26_85,2,11519.0,19570.0
Mouse_Thymus1,26_86,3,11519.0,19670.0
Mouse_Thymus1,26_87,3,11519.0,19770.0
Mouse_Thymus1,26_88,3,11519.0,19870.0
Mouse_Thymus1,26_89,4,11519.0,19970.0
Mouse_Thymus1,26_9,3,11519.0,11970.0
Mouse_Thymus1,26_90,0,11519.0,20070.0
Mouse_Thymus1,27_0,3,11619.0,11070.0
Mouse_Thymus1,27_1,3,11619.0,11170.0
Mouse_Thymus1,27_10,3,11619.0,12070.0
Mouse_Thymus1,27_11,3,11619.0,12170.0
Mouse_Thymus1,27_12,3,11619.0,12270.0
Mouse_Thymus1,27_13,3,11619.0,12370.0
Mouse_Thymus1,27_14,3,11619.0,12470.0
Mouse_Thymus1,27_15,4,11619.0,12570.0
Mouse_Thymus1,27_16,4,11619.0,12670.0
Mouse_Thymus1,27_17,0,11619.0,12770.0
Mouse_Thymus1,27_18,4,11619.0,12870.0
Mouse_Thymus1,27_19,0,11619.0,12970.0
Mouse_Thymus1,27_2,3,11619.0,11270.0
Mouse_Thymus1,27_20,0,11619.0,13070.0
Mouse_Thymus1,27_21,2,11619.0,13170.0
Mouse_Thymus1,27_22,3,11619.0,13270.0
Mouse_Thymus1,27_23,3,11619.0,13370.0
Mouse_Thymus1,27_24,3,11619.0,13470.0
Mouse_Thymus1,27_25,3,11619.0,13570.0
Mouse_Thymus1,27_26,3,11619.0,13670.0
Mouse_Thymus1,27_27,3,11619.0,13770.0
Mouse_Thymus1,27_28,0,11619.0,13870.0
Mouse_Thymus1,27_29,0,11619.0,13970.0
Mouse_Thymus1,27_3,4,11619.0,11370.0
Mouse_Thymus1,27_30,1,11619.0,14070.0
Mouse_Thymus1,27_31,3,11619.0,14170.0
Mouse_Thymus1,27_32,3,11619.0,14270.0
Mouse_Thymus1,27_33,0,11619.0,14370.0
Mouse_Thymus1,27_34,3,11619.0,14470.0
Mouse_Thymus1,27_35,1,11619.0,14570.0
Mouse_Thymus1,27_36,4,11619.0,14670.0
Mouse_Thymus1,27_37,3,11619.0,14770.0
Mouse_Thymus1,27_38,2,11619.0,14870.0
Mouse_Thymus1,27_39,3,11619.0,14970.0
Mouse_Thymus1,27_4,3,11619.0,11470.0
Mouse_Thymus1,27_40,2,11619.0,15070.0
Mouse_Thymus1,27_41,3,11619.0,15170.0
Mouse_Thymus1,27_42,3,11619.0,15270.0
Mouse_Thymus1,27_43,2,11619.0,15370.0
Mouse_Thymus1,27_44,1,11619.0,15470.0
Mouse_Thymus1,27_45,2,11619.0,15570.0
Mouse_Thymus1,27_46,3,11619.0,15670.0
Mouse_Thymus1,27_47,3,11619.0,15770.0
Mouse_Thymus1,27_48,0,11619.0,15870.0
Mouse_Thymus1,27_49,3,11619.0,15970.0
Mouse_Thymus1,27_5,1,11619.0,11570.0
Mouse_Thymus1,27_50,4,11619.0,16070.0
Mouse_Thymus1,27_51,3,11619.0,16170.0
Mouse_Thymus1,27_52,1,11619.0,16270.0
Mouse_Thymus1,27_53,3,11619.0,16370.0
Mouse_Thymus1,27_54,3,11619.0,16470.0
Mouse_Thymus1,27_55,4,11619.0,16570.0
Mouse_Thymus1,27_56,3,11619.0,16670.0
Mouse_Thymus1,27_57,2,11619.0,16770.0
Mouse_Thymus1,27_58,3,11619.0,16870.0
Mouse_Thymus1,27_59,4,11619.0,16970.0
Mouse_Thymus1,27_6,3,11619.0,11670.0
Mouse_Thymus1,27_60,3,11619.0,17070.0
Mouse_Thymus1,27_61,1,11619.0,17170.0
Mouse_Thymus1,27_62,3,11619.0,17270.0
Mouse_Thymus1,27_63,0,11619.0,17370.0
Mouse_Thymus1,27_64,3,11619.0,17470.0
Mouse_Thymus1,27_65,0,11619.0,17570.0
Mouse_Thymus1,27_66,3,11619.0,17670.0
Mouse_Thymus1,27_67,0,11619.0,17770.0
Mouse_Thymus1,27_68,3,11619.0,17870.0
Mouse_Thymus1,27_69,3,11619.0,17970.0
Mouse_Thymus1,27_7,3,11619.0,11770.0
Mouse_Thymus1,27_70,4,11619.0,18070.0
Mouse_Thymus1,27_71,3,11619.0,18170.0
Mouse_Thymus1,27_72,1,11619.0,18270.0
Mouse_Thymus1,27_73,0,11619.0,18370.0
Mouse_Thymus1,27_74,1,11619.0,18470.0
Mouse_Thymus1,27_75,2,11619.0,18570.0
Mouse_Thymus1,27_76,3,11619.0,18670.0
Mouse_Thymus1,27_77,3,11619.0,18770.0
Mouse_Thymus1,27_78,3,11619.0,18870.0
Mouse_Thymus1,27_79,3,11619.0,18970.0
Mouse_Thymus1,27_8,3,11619.0,11870.0
Mouse_Thymus1,27_80,3,11619.0,19070.0
Mouse_Thymus1,27_81,0,11619.0,19170.0
Mouse_Thymus1,27_82,4,11619.0,19270.0
Mouse_Thymus1,27_83,3,11619.0,19370.0
Mouse_Thymus1,27_84,3,11619.0,19470.0
Mouse_Thymus1,27_85,2,11619.0,19570.0
Mouse_Thymus1,27_86,2,11619.0,19670.0
Mouse_Thymus1,27_87,3,11619.0,19770.0
Mouse_Thymus1,27_88,4,11619.0,19870.0
Mouse_Thymus1,27_89,3,11619.0,19970.0
Mouse_Thymus1,27_9,3,11619.0,11970.0
Mouse_Thymus1,27_90,2,11619.0,20070.0
Mouse_Thymus1,28_0,0,11719.0,11070.0
Mouse_Thymus1,28_1,3,11719.0,11170.0
Mouse_Thymus1,28_10,3,11719.0,12070.0
Mouse_Thymus1,28_11,3,11719.0,12170.0
Mouse_Thymus1,28_12,3,11719.0,12270.0
Mouse_Thymus1,28_13,4,11719.0,12370.0
Mouse_Thymus1,28_14,4,11719.0,12470.0
Mouse_Thymus1,28_15,0,11719.0,12570.0
Mouse_Thymus1,28_16,3,11719.0,12670.0
Mouse_Thymus1,28_17,3,11719.0,12770.0
Mouse_Thymus1,28_18,0,11719.0,12870.0
Mouse_Thymus1,28_19,3,11719.0,12970.0
Mouse_Thymus1,28_2,3,11719.0,11270.0
Mouse_Thymus1,28_20,0,11719.0,13070.0
Mouse_Thymus1,28_21,3,11719.0,13170.0
Mouse_Thymus1,28_22,3,11719.0,13270.0
Mouse_Thymus1,28_23,3,11719.0,13370.0
Mouse_Thymus1,28_24,3,11719.0,13470.0
Mouse_Thymus1,28_25,3,11719.0,13570.0
Mouse_Thymus1,28_26,3,11719.0,13670.0
Mouse_Thymus1,28_27,2,11719.0,13770.0
Mouse_Thymus1,28_28,3,11719.0,13870.0
Mouse_Thymus1,28_29,3,11719.0,13970.0
Mouse_Thymus1,28_3,1,11719.0,11370.0
Mouse_Thymus1,28_30,3,11719.0,14070.0
Mouse_Thymus1,28_31,2,11719.0,14170.0
Mouse_Thymus1,28_32,0,11719.0,14270.0
Mouse_Thymus1,28_33,3,11719.0,14370.0
Mouse_Thymus1,28_34,3,11719.0,14470.0
Mouse_Thymus1,28_35,3,11719.0,14570.0
Mouse_Thymus1,28_36,3,11719.0,14670.0
Mouse_Thymus1,28_37,0,11719.0,14770.0
Mouse_Thymus1,28_38,3,11719.0,14870.0
Mouse_Thymus1,28_39,3,11719.0,14970.0
Mouse_Thymus1,28_4,3,11719.0,11470.0
Mouse_Thymus1,28_40,3,11719.0,15070.0
Mouse_Thymus1,28_41,3,11719.0,15170.0
Mouse_Thymus1,28_42,3,11719.0,15270.0
Mouse_Thymus1,28_43,4,11719.0,15370.0
Mouse_Thymus1,28_44,3,11719.0,15470.0
Mouse_Thymus1,28_45,3,11719.0,15570.0
Mouse_Thymus1,28_46,4,11719.0,15670.0
Mouse_Thymus1,28_47,3,11719.0,15770.0
Mouse_Thymus1,28_48,2,11719.0,15870.0
Mouse_Thymus1,28_49,0,11719.0,15970.0
Mouse_Thymus1,28_5,3,11719.0,11570.0
Mouse_Thymus1,28_50,3,11719.0,16070.0
Mouse_Thymus1,28_51,2,11719.0,16170.0
Mouse_Thymus1,28_52,3,11719.0,16270.0
Mouse_Thymus1,28_53,1,11719.0,16370.0
Mouse_Thymus1,28_54,1,11719.0,16470.0
Mouse_Thymus1,28_55,3,11719.0,16570.0
Mouse_Thymus1,28_56,3,11719.0,16670.0
Mouse_Thymus1,28_57,3,11719.0,16770.0
Mouse_Thymus1,28_58,2,11719.0,16870.0
Mouse_Thymus1,28_59,3,11719.0,16970.0
Mouse_Thymus1,28_6,3,11719.0,11670.0
Mouse_Thymus1,28_60,3,11719.0,17070.0
Mouse_Thymus1,28_61,0,11719.0,17170.0
Mouse_Thymus1,28_62,0,11719.0,17270.0
Mouse_Thymus1,28_63,3,11719.0,17370.0
Mouse_Thymus1,28_64,3,11719.0,17470.0
Mouse_Thymus1,28_65,3,11719.0,17570.0
Mouse_Thymus1,28_66,3,11719.0,17670.0
Mouse_Thymus1,28_67,0,11719.0,17770.0
Mouse_Thymus1,28_68,3,11719.0,17870.0
Mouse_Thymus1,28_69,4,11719.0,17970.0
Mouse_Thymus1,28_7,3,11719.0,11770.0
Mouse_Thymus1,28_70,3,11719.0,18070.0
Mouse_Thymus1,28_71,1,11719.0,18170.0
Mouse_Thymus1,28_72,3,11719.0,18270.0
Mouse_Thymus1,28_73,4,11719.0,18370.0
Mouse_Thymus1,28_74,2,11719.0,18470.0
Mouse_Thymus1,28_75,0,11719.0,18570.0
Mouse_Thymus1,28_76,3,11719.0,18670.0
Mouse_Thymus1,28_77,3,11719.0,18770.0
Mouse_Thymus1,28_78,3,11719.0,18870.0
Mouse_Thymus1,28_79,3,11719.0,18970.0
Mouse_Thymus1,28_8,3,11719.0,11870.0
Mouse_Thymus1,28_80,3,11719.0,19070.0
Mouse_Thymus1,28_81,0,11719.0,19170.0
Mouse_Thymus1,28_82,3,11719.0,19270.0
Mouse_Thymus1,28_83,3,11719.0,19370.0
Mouse_Thymus1,28_84,0,11719.0,19470.0
Mouse_Thymus1,28_85,1,11719.0,19570.0
Mouse_Thymus1,28_86,3,11719.0,19670.0
Mouse_Thymus1,28_87,3,11719.0,19770.0
Mouse_Thymus1,28_88,2,11719.0,19870.0
Mouse_Thymus1,28_89,2,11719.0,19970.0
Mouse_Thymus1,28_9,0,11719.0,11970.0
Mouse_Thymus1,28_90,0,11719.0,20070.0
Mouse_Thymus1,29_10,3,11819.0,12070.0
Mouse_Thymus1,29_11,0,11819.0,12170.0
Mouse_Thymus1,29_12,0,11819.0,12270.0
Mouse_Thymus1,29_13,3,11819.0,12370.0
Mouse_Thymus1,29_14,3,11819.0,12470.0
Mouse_Thymus1,29_15,2,11819.0,12570.0
Mouse_Thymus1,29_16,0,11819.0,12670.0
Mouse_Thymus1,29_17,3,11819.0,12770.0
Mouse_Thymus1,29_18,0,11819.0,12870.0
Mouse_Thymus1,29_19,4,11819.0,12970.0
Mouse_Thymus1,29_2,0,11819.0,11270.0
Mouse_Thymus1,29_20,3,11819.0,13070.0
Mouse_Thymus1,29_21,3,11819.0,13170.0
Mouse_Thymus1,29_22,3,11819.0,13270.0
Mouse_Thymus1,29_23,4,11819.0,13370.0
Mouse_Thymus1,29_24,3,11819.0,13470.0
Mouse_Thymus1,29_25,3,11819.0,13570.0
Mouse_Thymus1,29_26,3,11819.0,13670.0
Mouse_Thymus1,29_27,3,11819.0,13770.0
Mouse_Thymus1,29_28,4,11819.0,13870.0
Mouse_Thymus1,29_29,3,11819.0,13970.0
Mouse_Thymus1,29_3,3,11819.0,11370.0
Mouse_Thymus1,29_30,3,11819.0,14070.0
Mouse_Thymus1,29_31,0,11819.0,14170.0
Mouse_Thymus1,29_32,3,11819.0,14270.0
Mouse_Thymus1,29_33,3,11819.0,14370.0
Mouse_Thymus1,29_34,3,11819.0,14470.0
Mouse_Thymus1,29_35,3,11819.0,14570.0
Mouse_Thymus1,29_36,0,11819.0,14670.0
Mouse_Thymus1,29_37,2,11819.0,14770.0
Mouse_Thymus1,29_38,3,11819.0,14870.0
Mouse_Thymus1,29_39,0,11819.0,14970.0
Mouse_Thymus1,29_4,3,11819.0,11470.0
Mouse_Thymus1,29_40,0,11819.0,15070.0
Mouse_Thymus1,29_41,3,11819.0,15170.0
Mouse_Thymus1,29_42,1,11819.0,15270.0
Mouse_Thymus1,29_43,3,11819.0,15370.0
Mouse_Thymus1,29_44,3,11819.0,15470.0
Mouse_Thymus1,29_45,0,11819.0,15570.0
Mouse_Thymus1,29_46,1,11819.0,15670.0
Mouse_Thymus1,29_47,3,11819.0,15770.0
Mouse_Thymus1,29_48,3,11819.0,15870.0
Mouse_Thymus1,29_49,3,11819.0,15970.0
Mouse_Thymus1,29_5,0,11819.0,11570.0
Mouse_Thymus1,29_50,3,11819.0,16070.0
Mouse_Thymus1,29_51,3,11819.0,16170.0
Mouse_Thymus1,29_52,3,11819.0,16270.0
Mouse_Thymus1,29_53,3,11819.0,16370.0
Mouse_Thymus1,29_54,3,11819.0,16470.0
Mouse_Thymus1,29_55,3,11819.0,16570.0
Mouse_Thymus1,29_56,3,11819.0,16670.0
Mouse_Thymus1,29_57,0,11819.0,16770.0
Mouse_Thymus1,29_58,0,11819.0,16870.0
Mouse_Thymus1,29_59,3,11819.0,16970.0
Mouse_Thymus1,29_6,3,11819.0,11670.0
Mouse_Thymus1,29_60,3,11819.0,17070.0
Mouse_Thymus1,29_61,3,11819.0,17170.0
Mouse_Thymus1,29_62,1,11819.0,17270.0
Mouse_Thymus1,29_63,0,11819.0,17370.0
Mouse_Thymus1,29_64,3,11819.0,17470.0
Mouse_Thymus1,29_65,2,11819.0,17570.0
Mouse_Thymus1,29_66,4,11819.0,17670.0
Mouse_Thymus1,29_67,3,11819.0,17770.0
Mouse_Thymus1,29_68,3,11819.0,17870.0
Mouse_Thymus1,29_69,0,11819.0,17970.0
Mouse_Thymus1,29_7,0,11819.0,11770.0
Mouse_Thymus1,29_70,3,11819.0,18070.0
Mouse_Thymus1,29_71,3,11819.0,18170.0
Mouse_Thymus1,29_72,2,11819.0,18270.0
Mouse_Thymus1,29_73,3,11819.0,18370.0
Mouse_Thymus1,29_74,0,11819.0,18470.0
Mouse_Thymus1,29_75,3,11819.0,18570.0
Mouse_Thymus1,29_76,3,11819.0,18670.0
Mouse_Thymus1,29_77,0,11819.0,18770.0
Mouse_Thymus1,29_78,3,11819.0,18870.0
Mouse_Thymus1,29_79,3,11819.0,18970.0
Mouse_Thymus1,29_8,3,11819.0,11870.0
Mouse_Thymus1,29_80,3,11819.0,19070.0
Mouse_Thymus1,29_81,1,11819.0,19170.0
Mouse_Thymus1,29_82,0,11819.0,19270.0
Mouse_Thymus1,29_83,0,11819.0,19370.0
Mouse_Thymus1,29_84,3,11819.0,19470.0
Mouse_Thymus1,29_85,3,11819.0,19570.0
Mouse_Thymus1,29_86,3,11819.0,19670.0
Mouse_Thymus1,29_87,3,11819.0,19770.0
Mouse_Thymus1,29_88,3,11819.0,19870.0
Mouse_Thymus1,29_89,3,11819.0,19970.0
Mouse_Thymus1,29_9,3,11819.0,11970.0
Mouse_Thymus1,29_90,3,11819.0,20070.0
Mouse_Thymus1,29_91,2,11819.0,20170.0
Mouse_Thymus1,2_17,3,9119.0,12770.0
Mouse_Thymus1,2_18,0,9119.0,12870.0
Mouse_Thymus1,2_19,3,9119.0,12970.0
Mouse_Thymus1,2_21,0,9119.0,13170.0
Mouse_Thymus1,2_22,1,9119.0,13270.0
Mouse_Thymus1,2_23,3,9119.0,13370.0
Mouse_Thymus1,2_24,0,9119.0,13470.0
Mouse_Thymus1,2_25,3,9119.0,13570.0
Mouse_Thymus1,2_26,0,9119.0,13670.0
Mouse_Thymus1,2_27,0,9119.0,13770.0
Mouse_Thymus1,2_28,0,9119.0,13870.0
Mouse_Thymus1,2_29,0,9119.0,13970.0
Mouse_Thymus1,2_30,0,9119.0,14070.0
Mouse_Thymus1,2_31,4,9119.0,14170.0
Mouse_Thymus1,2_32,3,9119.0,14270.0
Mouse_Thymus1,2_33,2,9119.0,14370.0
Mouse_Thymus1,2_34,3,9119.0,14470.0
Mouse_Thymus1,2_35,3,9119.0,14570.0
Mouse_Thymus1,2_36,0,9119.0,14670.0
Mouse_Thymus1,2_37,3,9119.0,14770.0
Mouse_Thymus1,2_38,3,9119.0,14870.0
Mouse_Thymus1,2_39,1,9119.0,14970.0
Mouse_Thymus1,2_40,3,9119.0,15070.0
Mouse_Thymus1,2_41,0,9119.0,15170.0
Mouse_Thymus1,2_42,1,9119.0,15270.0
Mouse_Thymus1,2_43,3,9119.0,15370.0
Mouse_Thymus1,2_44,3,9119.0,15470.0
Mouse_Thymus1,2_45,1,9119.0,15570.0
Mouse_Thymus1,2_46,3,9119.0,15670.0
Mouse_Thymus1,2_47,2,9119.0,15770.0
Mouse_Thymus1,2_48,3,9119.0,15870.0
Mouse_Thymus1,2_49,0,9119.0,15970.0
Mouse_Thymus1,2_55,3,9119.0,16570.0
Mouse_Thymus1,30_10,0,11919.0,12070.0
Mouse_Thymus1,30_11,2,11919.0,12170.0
Mouse_Thymus1,30_12,0,11919.0,12270.0
Mouse_Thymus1,30_13,0,11919.0,12370.0
Mouse_Thymus1,30_14,3,11919.0,12470.0
Mouse_Thymus1,30_15,3,11919.0,12570.0
Mouse_Thymus1,30_16,0,11919.0,12670.0
Mouse_Thymus1,30_17,3,11919.0,12770.0
Mouse_Thymus1,30_18,0,11919.0,12870.0
Mouse_Thymus1,30_19,3,11919.0,12970.0
Mouse_Thymus1,30_2,3,11919.0,11270.0
Mouse_Thymus1,30_20,2,11919.0,13070.0
Mouse_Thymus1,30_21,4,11919.0,13170.0
Mouse_Thymus1,30_22,0,11919.0,13270.0
Mouse_Thymus1,30_23,1,11919.0,13370.0
Mouse_Thymus1,30_24,3,11919.0,13470.0
Mouse_Thymus1,30_25,3,11919.0,13570.0
Mouse_Thymus1,30_26,3,11919.0,13670.0
Mouse_Thymus1,30_27,0,11919.0,13770.0
Mouse_Thymus1,30_28,0,11919.0,13870.0
Mouse_Thymus1,30_29,3,11919.0,13970.0
Mouse_Thymus1,30_3,4,11919.0,11370.0
Mouse_Thymus1,30_30,0,11919.0,14070.0
Mouse_Thymus1,30_31,1,11919.0,14170.0
Mouse_Thymus1,30_32,3,11919.0,14270.0
Mouse_Thymus1,30_33,0,11919.0,14370.0
Mouse_Thymus1,30_34,3,11919.0,14470.0
Mouse_Thymus1,30_35,3,11919.0,14570.0
Mouse_Thymus1,30_36,0,11919.0,14670.0
Mouse_Thymus1,30_37,2,11919.0,14770.0
Mouse_Thymus1,30_38,0,11919.0,14870.0
Mouse_Thymus1,30_39,1,11919.0,14970.0
Mouse_Thymus1,30_4,3,11919.0,11470.0
Mouse_Thymus1,30_40,0,11919.0,15070.0
Mouse_Thymus1,30_41,3,11919.0,15170.0
Mouse_Thymus1,30_42,3,11919.0,15270.0
Mouse_Thymus1,30_43,3,11919.0,15370.0
Mouse_Thymus1,30_44,0,11919.0,15470.0
Mouse_Thymus1,30_45,2,11919.0,15570.0
Mouse_Thymus1,30_46,2,11919.0,15670.0
Mouse_Thymus1,30_47,3,11919.0,15770.0
Mouse_Thymus1,30_48,2,11919.0,15870.0
Mouse_Thymus1,30_49,3,11919.0,15970.0
Mouse_Thymus1,30_5,3,11919.0,11570.0
Mouse_Thymus1,30_50,3,11919.0,16070.0
Mouse_Thymus1,30_51,3,11919.0,16170.0
Mouse_Thymus1,30_52,2,11919.0,16270.0
Mouse_Thymus1,30_53,0,11919.0,16370.0
Mouse_Thymus1,30_54,3,11919.0,16470.0
Mouse_Thymus1,30_55,3,11919.0,16570.0
Mouse_Thymus1,30_56,0,11919.0,16670.0
Mouse_Thymus1,30_57,3,11919.0,16770.0
Mouse_Thymus1,30_58,0,11919.0,16870.0
Mouse_Thymus1,30_59,1,11919.0,16970.0
Mouse_Thymus1,30_6,3,11919.0,11670.0
Mouse_Thymus1,30_60,3,11919.0,17070.0
Mouse_Thymus1,30_61,3,11919.0,17170.0
Mouse_Thymus1,30_62,1,11919.0,17270.0
Mouse_Thymus1,30_63,3,11919.0,17370.0
Mouse_Thymus1,30_64,4,11919.0,17470.0
Mouse_Thymus1,30_65,0,11919.0,17570.0
Mouse_Thymus1,30_66,3,11919.0,17670.0
Mouse_Thymus1,30_67,3,11919.0,17770.0
Mouse_Thymus1,30_68,0,11919.0,17870.0
Mouse_Thymus1,30_69,3,11919.0,17970.0
Mouse_Thymus1,30_7,0,11919.0,11770.0
Mouse_Thymus1,30_70,3,11919.0,18070.0
Mouse_Thymus1,30_71,3,11919.0,18170.0
Mouse_Thymus1,30_72,4,11919.0,18270.0
Mouse_Thymus1,30_73,3,11919.0,18370.0
Mouse_Thymus1,30_74,0,11919.0,18470.0
Mouse_Thymus1,30_75,0,11919.0,18570.0
Mouse_Thymus1,30_76,3,11919.0,18670.0
Mouse_Thymus1,30_77,3,11919.0,18770.0
Mouse_Thymus1,30_78,3,11919.0,18870.0
Mouse_Thymus1,30_79,2,11919.0,18970.0
Mouse_Thymus1,30_8,0,11919.0,11870.0
Mouse_Thymus1,30_80,4,11919.0,19070.0
Mouse_Thymus1,30_81,0,11919.0,19170.0
Mouse_Thymus1,30_82,3,11919.0,19270.0
Mouse_Thymus1,30_83,0,11919.0,19370.0
Mouse_Thymus1,30_84,2,11919.0,19470.0
Mouse_Thymus1,30_85,3,11919.0,19570.0
Mouse_Thymus1,30_86,0,11919.0,19670.0
Mouse_Thymus1,30_87,3,11919.0,19770.0
Mouse_Thymus1,30_88,0,11919.0,19870.0
Mouse_Thymus1,30_89,3,11919.0,19970.0
Mouse_Thymus1,30_9,3,11919.0,11970.0
Mouse_Thymus1,30_90,3,11919.0,20070.0
Mouse_Thymus1,30_91,3,11919.0,20170.0
Mouse_Thymus1,31_10,3,12019.0,12070.0
Mouse_Thymus1,31_11,3,12019.0,12170.0
Mouse_Thymus1,31_12,1,12019.0,12270.0
Mouse_Thymus1,31_13,3,12019.0,12370.0
Mouse_Thymus1,31_14,3,12019.0,12470.0
Mouse_Thymus1,31_15,3,12019.0,12570.0
Mouse_Thymus1,31_16,0,12019.0,12670.0
Mouse_Thymus1,31_17,1,12019.0,12770.0
Mouse_Thymus1,31_18,3,12019.0,12870.0
Mouse_Thymus1,31_19,1,12019.0,12970.0
Mouse_Thymus1,31_20,3,12019.0,13070.0
Mouse_Thymus1,31_21,3,12019.0,13170.0
Mouse_Thymus1,31_22,2,12019.0,13270.0
Mouse_Thymus1,31_23,0,12019.0,13370.0
Mouse_Thymus1,31_24,3,12019.0,13470.0
Mouse_Thymus1,31_25,3,12019.0,13570.0
Mouse_Thymus1,31_26,2,12019.0,13670.0
Mouse_Thymus1,31_27,0,12019.0,13770.0
Mouse_Thymus1,31_28,0,12019.0,13870.0
Mouse_Thymus1,31_29,3,12019.0,13970.0
Mouse_Thymus1,31_3,1,12019.0,11370.0
Mouse_Thymus1,31_30,0,12019.0,14070.0
Mouse_Thymus1,31_31,0,12019.0,14170.0
Mouse_Thymus1,31_32,3,12019.0,14270.0
Mouse_Thymus1,31_33,4,12019.0,14370.0
Mouse_Thymus1,31_34,4,12019.0,14470.0
Mouse_Thymus1,31_35,0,12019.0,14570.0
Mouse_Thymus1,31_36,1,12019.0,14670.0
Mouse_Thymus1,31_37,0,12019.0,14770.0
Mouse_Thymus1,31_38,3,12019.0,14870.0
Mouse_Thymus1,31_39,4,12019.0,14970.0
Mouse_Thymus1,31_4,0,12019.0,11470.0
Mouse_Thymus1,31_40,3,12019.0,15070.0
Mouse_Thymus1,31_41,3,12019.0,15170.0
Mouse_Thymus1,31_42,3,12019.0,15270.0
Mouse_Thymus1,31_43,3,12019.0,15370.0
Mouse_Thymus1,31_44,3,12019.0,15470.0
Mouse_Thymus1,31_45,3,12019.0,15570.0
Mouse_Thymus1,31_46,0,12019.0,15670.0
Mouse_Thymus1,31_47,3,12019.0,15770.0
Mouse_Thymus1,31_48,3,12019.0,15870.0
Mouse_Thymus1,31_49,3,12019.0,15970.0
Mouse_Thymus1,31_5,3,12019.0,11570.0
Mouse_Thymus1,31_50,1,12019.0,16070.0
Mouse_Thymus1,31_51,2,12019.0,16170.0
Mouse_Thymus1,31_52,1,12019.0,16270.0
Mouse_Thymus1,31_53,3,12019.0,16370.0
Mouse_Thymus1,31_54,3,12019.0,16470.0
Mouse_Thymus1,31_55,0,12019.0,16570.0
Mouse_Thymus1,31_56,2,12019.0,16670.0
Mouse_Thymus1,31_57,3,12019.0,16770.0
Mouse_Thymus1,31_58,3,12019.0,16870.0
Mouse_Thymus1,31_59,0,12019.0,16970.0
Mouse_Thymus1,31_6,3,12019.0,11670.0
Mouse_Thymus1,31_60,3,12019.0,17070.0
Mouse_Thymus1,31_61,1,12019.0,17170.0
Mouse_Thymus1,31_62,3,12019.0,17270.0
Mouse_Thymus1,31_63,2,12019.0,17370.0
Mouse_Thymus1,31_64,0,12019.0,17470.0
Mouse_Thymus1,31_65,3,12019.0,17570.0
Mouse_Thymus1,31_66,0,12019.0,17670.0
Mouse_Thymus1,31_67,4,12019.0,17770.0
Mouse_Thymus1,31_68,3,12019.0,17870.0
Mouse_Thymus1,31_69,1,12019.0,17970.0
Mouse_Thymus1,31_7,1,12019.0,11770.0
Mouse_Thymus1,31_70,3,12019.0,18070.0
Mouse_Thymus1,31_71,3,12019.0,18170.0
Mouse_Thymus1,31_72,3,12019.0,18270.0
Mouse_Thymus1,31_73,1,12019.0,18370.0
Mouse_Thymus1,31_74,3,12019.0,18470.0
Mouse_Thymus1,31_75,3,12019.0,18570.0
Mouse_Thymus1,31_76,3,12019.0,18670.0
Mouse_Thymus1,31_77,0,12019.0,18770.0
Mouse_Thymus1,31_78,0,12019.0,18870.0
Mouse_Thymus1,31_79,3,12019.0,18970.0
Mouse_Thymus1,31_8,0,12019.0,11870.0
Mouse_Thymus1,31_80,0,12019.0,19070.0
Mouse_Thymus1,31_81,2,12019.0,19170.0
Mouse_Thymus1,31_82,3,12019.0,19270.0
Mouse_Thymus1,31_83,0,12019.0,19370.0
Mouse_Thymus1,31_84,3,12019.0,19470.0
Mouse_Thymus1,31_85,3,12019.0,19570.0
Mouse_Thymus1,31_86,3,12019.0,19670.0
Mouse_Thymus1,31_87,3,12019.0,19770.0
Mouse_Thymus1,31_88,3,12019.0,19870.0
Mouse_Thymus1,31_89,0,12019.0,19970.0
Mouse_Thymus1,31_9,0,12019.0,11970.0
Mouse_Thymus1,31_90,3,12019.0,20070.0
Mouse_Thymus1,31_91,3,12019.0,20170.0
Mouse_Thymus1,31_92,0,12019.0,20270.0
Mouse_Thymus1,32_10,3,12119.0,12070.0
Mouse_Thymus1,32_11,0,12119.0,12170.0
Mouse_Thymus1,32_12,2,12119.0,12270.0
Mouse_Thymus1,32_13,3,12119.0,12370.0
Mouse_Thymus1,32_14,3,12119.0,12470.0
Mouse_Thymus1,32_15,3,12119.0,12570.0
Mouse_Thymus1,32_16,3,12119.0,12670.0
Mouse_Thymus1,32_17,3,12119.0,12770.0
Mouse_Thymus1,32_18,0,12119.0,12870.0
Mouse_Thymus1,32_19,0,12119.0,12970.0
Mouse_Thymus1,32_20,0,12119.0,13070.0
Mouse_Thymus1,32_21,2,12119.0,13170.0
Mouse_Thymus1,32_22,3,12119.0,13270.0
Mouse_Thymus1,32_23,4,12119.0,13370.0
Mouse_Thymus1,32_24,1,12119.0,13470.0
Mouse_Thymus1,32_25,4,12119.0,13570.0
Mouse_Thymus1,32_26,3,12119.0,13670.0
Mouse_Thymus1,32_27,3,12119.0,13770.0
Mouse_Thymus1,32_28,3,12119.0,13870.0
Mouse_Thymus1,32_29,3,12119.0,13970.0
Mouse_Thymus1,32_30,2,12119.0,14070.0
Mouse_Thymus1,32_31,3,12119.0,14170.0
Mouse_Thymus1,32_32,3,12119.0,14270.0
Mouse_Thymus1,32_33,3,12119.0,14370.0
Mouse_Thymus1,32_34,2,12119.0,14470.0
Mouse_Thymus1,32_35,4,12119.0,14570.0
Mouse_Thymus1,32_36,1,12119.0,14670.0
Mouse_Thymus1,32_37,4,12119.0,14770.0
Mouse_Thymus1,32_38,3,12119.0,14870.0
Mouse_Thymus1,32_39,4,12119.0,14970.0
Mouse_Thymus1,32_4,3,12119.0,11470.0
Mouse_Thymus1,32_40,3,12119.0,15070.0
Mouse_Thymus1,32_41,1,12119.0,15170.0
Mouse_Thymus1,32_42,4,12119.0,15270.0
Mouse_Thymus1,32_43,3,12119.0,15370.0
Mouse_Thymus1,32_44,1,12119.0,15470.0
Mouse_Thymus1,32_45,3,12119.0,15570.0
Mouse_Thymus1,32_46,1,12119.0,15670.0
Mouse_Thymus1,32_47,1,12119.0,15770.0
Mouse_Thymus1,32_48,0,12119.0,15870.0
Mouse_Thymus1,32_49,3,12119.0,15970.0
Mouse_Thymus1,32_5,4,12119.0,11570.0
Mouse_Thymus1,32_50,0,12119.0,16070.0
Mouse_Thymus1,32_51,3,12119.0,16170.0
Mouse_Thymus1,32_52,0,12119.0,16270.0
Mouse_Thymus1,32_53,0,12119.0,16370.0
Mouse_Thymus1,32_54,3,12119.0,16470.0
Mouse_Thymus1,32_55,3,12119.0,16570.0
Mouse_Thymus1,32_56,3,12119.0,16670.0
Mouse_Thymus1,32_57,0,12119.0,16770.0
Mouse_Thymus1,32_58,0,12119.0,16870.0
Mouse_Thymus1,32_59,3,12119.0,16970.0
Mouse_Thymus1,32_6,1,12119.0,11670.0
Mouse_Thymus1,32_60,3,12119.0,17070.0
Mouse_Thymus1,32_61,1,12119.0,17170.0
Mouse_Thymus1,32_62,3,12119.0,17270.0
Mouse_Thymus1,32_63,0,12119.0,17370.0
Mouse_Thymus1,32_64,3,12119.0,17470.0
Mouse_Thymus1,32_65,3,12119.0,17570.0
Mouse_Thymus1,32_66,0,12119.0,17670.0
Mouse_Thymus1,32_67,3,12119.0,17770.0
Mouse_Thymus1,32_68,0,12119.0,17870.0
Mouse_Thymus1,32_69,2,12119.0,17970.0
Mouse_Thymus1,32_7,4,12119.0,11770.0
Mouse_Thymus1,32_70,0,12119.0,18070.0
Mouse_Thymus1,32_71,2,12119.0,18170.0
Mouse_Thymus1,32_72,3,12119.0,18270.0
Mouse_Thymus1,32_73,3,12119.0,18370.0
Mouse_Thymus1,32_74,3,12119.0,18470.0
Mouse_Thymus1,32_75,3,12119.0,18570.0
Mouse_Thymus1,32_76,0,12119.0,18670.0
Mouse_Thymus1,32_77,1,12119.0,18770.0
Mouse_Thymus1,32_78,3,12119.0,18870.0
Mouse_Thymus1,32_79,1,12119.0,18970.0
Mouse_Thymus1,32_8,4,12119.0,11870.0
Mouse_Thymus1,32_80,3,12119.0,19070.0
Mouse_Thymus1,32_81,0,12119.0,19170.0
Mouse_Thymus1,32_82,3,12119.0,19270.0
Mouse_Thymus1,32_83,3,12119.0,19370.0
Mouse_Thymus1,32_84,4,12119.0,19470.0
Mouse_Thymus1,32_85,3,12119.0,19570.0
Mouse_Thymus1,32_86,2,12119.0,19670.0
Mouse_Thymus1,32_87,3,12119.0,19770.0
Mouse_Thymus1,32_88,2,12119.0,19870.0
Mouse_Thymus1,32_89,2,12119.0,19970.0
Mouse_Thymus1,32_9,0,12119.0,11970.0
Mouse_Thymus1,32_90,3,12119.0,20070.0
Mouse_Thymus1,32_91,3,12119.0,20170.0
Mouse_Thymus1,32_92,1,12119.0,20270.0
Mouse_Thymus1,33_10,3,12219.0,12070.0
Mouse_Thymus1,33_11,0,12219.0,12170.0
Mouse_Thymus1,33_12,4,12219.0,12270.0
Mouse_Thymus1,33_13,0,12219.0,12370.0
Mouse_Thymus1,33_14,2,12219.0,12470.0
Mouse_Thymus1,33_15,3,12219.0,12570.0
Mouse_Thymus1,33_16,0,12219.0,12670.0
Mouse_Thymus1,33_17,3,12219.0,12770.0
Mouse_Thymus1,33_18,4,12219.0,12870.0
Mouse_Thymus1,33_19,0,12219.0,12970.0
Mouse_Thymus1,33_20,3,12219.0,13070.0
Mouse_Thymus1,33_21,3,12219.0,13170.0
Mouse_Thymus1,33_22,0,12219.0,13270.0
Mouse_Thymus1,33_23,3,12219.0,13370.0
Mouse_Thymus1,33_24,3,12219.0,13470.0
Mouse_Thymus1,33_25,3,12219.0,13570.0
Mouse_Thymus1,33_26,1,12219.0,13670.0
Mouse_Thymus1,33_27,0,12219.0,13770.0
Mouse_Thymus1,33_28,4,12219.0,13870.0
Mouse_Thymus1,33_29,3,12219.0,13970.0
Mouse_Thymus1,33_30,3,12219.0,14070.0
Mouse_Thymus1,33_31,3,12219.0,14170.0
Mouse_Thymus1,33_32,3,12219.0,14270.0
Mouse_Thymus1,33_33,3,12219.0,14370.0
Mouse_Thymus1,33_34,3,12219.0,14470.0
Mouse_Thymus1,33_35,3,12219.0,14570.0
Mouse_Thymus1,33_36,3,12219.0,14670.0
Mouse_Thymus1,33_37,3,12219.0,14770.0
Mouse_Thymus1,33_38,1,12219.0,14870.0
Mouse_Thymus1,33_39,3,12219.0,14970.0
Mouse_Thymus1,33_40,2,12219.0,15070.0
Mouse_Thymus1,33_41,3,12219.0,15170.0
Mouse_Thymus1,33_42,2,12219.0,15270.0
Mouse_Thymus1,33_43,1,12219.0,15370.0
Mouse_Thymus1,33_44,3,12219.0,15470.0
Mouse_Thymus1,33_45,2,12219.0,15570.0
Mouse_Thymus1,33_46,3,12219.0,15670.0
Mouse_Thymus1,33_47,2,12219.0,15770.0
Mouse_Thymus1,33_48,3,12219.0,15870.0
Mouse_Thymus1,33_49,0,12219.0,15970.0
Mouse_Thymus1,33_5,3,12219.0,11570.0
Mouse_Thymus1,33_50,3,12219.0,16070.0
Mouse_Thymus1,33_51,0,12219.0,16170.0
Mouse_Thymus1,33_52,0,12219.0,16270.0
Mouse_Thymus1,33_53,3,12219.0,16370.0
Mouse_Thymus1,33_54,3,12219.0,16470.0
Mouse_Thymus1,33_55,0,12219.0,16570.0
Mouse_Thymus1,33_56,1,12219.0,16670.0
Mouse_Thymus1,33_57,3,12219.0,16770.0
Mouse_Thymus1,33_58,3,12219.0,16870.0
Mouse_Thymus1,33_59,3,12219.0,16970.0
Mouse_Thymus1,33_6,3,12219.0,11670.0
Mouse_Thymus1,33_60,2,12219.0,17070.0
Mouse_Thymus1,33_61,0,12219.0,17170.0
Mouse_Thymus1,33_62,3,12219.0,17270.0
Mouse_Thymus1,33_63,0,12219.0,17370.0
Mouse_Thymus1,33_64,3,12219.0,17470.0
Mouse_Thymus1,33_65,2,12219.0,17570.0
Mouse_Thymus1,33_66,1,12219.0,17670.0
Mouse_Thymus1,33_67,2,12219.0,17770.0
Mouse_Thymus1,33_68,3,12219.0,17870.0
Mouse_Thymus1,33_69,0,12219.0,17970.0
Mouse_Thymus1,33_7,3,12219.0,11770.0
Mouse_Thymus1,33_70,3,12219.0,18070.0
Mouse_Thymus1,33_71,0,12219.0,18170.0
Mouse_Thymus1,33_72,3,12219.0,18270.0
Mouse_Thymus1,33_73,0,12219.0,18370.0
Mouse_Thymus1,33_74,1,12219.0,18470.0
Mouse_Thymus1,33_75,1,12219.0,18570.0
Mouse_Thymus1,33_76,3,12219.0,18670.0
Mouse_Thymus1,33_77,3,12219.0,18770.0
Mouse_Thymus1,33_78,0,12219.0,18870.0
Mouse_Thymus1,33_79,3,12219.0,18970.0
Mouse_Thymus1,33_8,0,12219.0,11870.0
Mouse_Thymus1,33_80,4,12219.0,19070.0
Mouse_Thymus1,33_81,3,12219.0,19170.0
Mouse_Thymus1,33_82,3,12219.0,19270.0
Mouse_Thymus1,33_83,3,12219.0,19370.0
Mouse_Thymus1,33_84,1,12219.0,19470.0
Mouse_Thymus1,33_85,1,12219.0,19570.0
Mouse_Thymus1,33_86,0,12219.0,19670.0
Mouse_Thymus1,33_87,3,12219.0,19770.0
Mouse_Thymus1,33_88,0,12219.0,19870.0
Mouse_Thymus1,33_89,3,12219.0,19970.0
Mouse_Thymus1,33_9,3,12219.0,11970.0
Mouse_Thymus1,33_90,3,12219.0,20070.0
Mouse_Thymus1,33_91,2,12219.0,20170.0
Mouse_Thymus1,33_92,1,12219.0,20270.0
Mouse_Thymus1,33_93,2,12219.0,20370.0
Mouse_Thymus1,34_10,2,12319.0,12070.0
Mouse_Thymus1,34_11,4,12319.0,12170.0
Mouse_Thymus1,34_12,3,12319.0,12270.0
Mouse_Thymus1,34_13,0,12319.0,12370.0
Mouse_Thymus1,34_14,3,12319.0,12470.0
Mouse_Thymus1,34_15,3,12319.0,12570.0
Mouse_Thymus1,34_16,3,12319.0,12670.0
Mouse_Thymus1,34_17,3,12319.0,12770.0
Mouse_Thymus1,34_18,0,12319.0,12870.0
Mouse_Thymus1,34_19,3,12319.0,12970.0
Mouse_Thymus1,34_20,3,12319.0,13070.0
Mouse_Thymus1,34_21,4,12319.0,13170.0
Mouse_Thymus1,34_22,3,12319.0,13270.0
Mouse_Thymus1,34_23,3,12319.0,13370.0
Mouse_Thymus1,34_24,3,12319.0,13470.0
Mouse_Thymus1,34_25,2,12319.0,13570.0
Mouse_Thymus1,34_26,3,12319.0,13670.0
Mouse_Thymus1,34_27,3,12319.0,13770.0
Mouse_Thymus1,34_28,3,12319.0,13870.0
Mouse_Thymus1,34_29,0,12319.0,13970.0
Mouse_Thymus1,34_30,3,12319.0,14070.0
Mouse_Thymus1,34_31,0,12319.0,14170.0
Mouse_Thymus1,34_32,3,12319.0,14270.0
Mouse_Thymus1,34_33,3,12319.0,14370.0
Mouse_Thymus1,34_34,0,12319.0,14470.0
Mouse_Thymus1,34_35,1,12319.0,14570.0
Mouse_Thymus1,34_36,3,12319.0,14670.0
Mouse_Thymus1,34_37,4,12319.0,14770.0
Mouse_Thymus1,34_38,3,12319.0,14870.0
Mouse_Thymus1,34_39,3,12319.0,14970.0
Mouse_Thymus1,34_40,3,12319.0,15070.0
Mouse_Thymus1,34_41,3,12319.0,15170.0
Mouse_Thymus1,34_42,1,12319.0,15270.0
Mouse_Thymus1,34_43,3,12319.0,15370.0
Mouse_Thymus1,34_44,3,12319.0,15470.0
Mouse_Thymus1,34_45,3,12319.0,15570.0
Mouse_Thymus1,34_46,3,12319.0,15670.0
Mouse_Thymus1,34_47,3,12319.0,15770.0
Mouse_Thymus1,34_48,0,12319.0,15870.0
Mouse_Thymus1,34_49,0,12319.0,15970.0
Mouse_Thymus1,34_50,0,12319.0,16070.0
Mouse_Thymus1,34_51,3,12319.0,16170.0
Mouse_Thymus1,34_52,0,12319.0,16270.0
Mouse_Thymus1,34_53,1,12319.0,16370.0
Mouse_Thymus1,34_54,3,12319.0,16470.0
Mouse_Thymus1,34_55,3,12319.0,16570.0
Mouse_Thymus1,34_56,3,12319.0,16670.0
Mouse_Thymus1,34_57,3,12319.0,16770.0
Mouse_Thymus1,34_58,1,12319.0,16870.0
Mouse_Thymus1,34_59,0,12319.0,16970.0
Mouse_Thymus1,34_6,1,12319.0,11670.0
Mouse_Thymus1,34_60,3,12319.0,17070.0
Mouse_Thymus1,34_61,3,12319.0,17170.0
Mouse_Thymus1,34_62,3,12319.0,17270.0
Mouse_Thymus1,34_63,0,12319.0,17370.0
Mouse_Thymus1,34_64,1,12319.0,17470.0
Mouse_Thymus1,34_65,1,12319.0,17570.0
Mouse_Thymus1,34_66,3,12319.0,17670.0
Mouse_Thymus1,34_67,3,12319.0,17770.0
Mouse_Thymus1,34_68,1,12319.0,17870.0
Mouse_Thymus1,34_69,0,12319.0,17970.0
Mouse_Thymus1,34_7,2,12319.0,11770.0
Mouse_Thymus1,34_70,3,12319.0,18070.0
Mouse_Thymus1,34_71,1,12319.0,18170.0
Mouse_Thymus1,34_72,0,12319.0,18270.0
Mouse_Thymus1,34_73,2,12319.0,18370.0
Mouse_Thymus1,34_74,3,12319.0,18470.0
Mouse_Thymus1,34_75,0,12319.0,18570.0
Mouse_Thymus1,34_76,3,12319.0,18670.0
Mouse_Thymus1,34_77,3,12319.0,18770.0
Mouse_Thymus1,34_78,3,12319.0,18870.0
Mouse_Thymus1,34_79,3,12319.0,18970.0
Mouse_Thymus1,34_8,3,12319.0,11870.0
Mouse_Thymus1,34_80,3,12319.0,19070.0
Mouse_Thymus1,34_81,3,12319.0,19170.0
Mouse_Thymus1,34_82,1,12319.0,19270.0
Mouse_Thymus1,34_83,3,12319.0,19370.0
Mouse_Thymus1,34_84,4,12319.0,19470.0
Mouse_Thymus1,34_85,3,12319.0,19570.0
Mouse_Thymus1,34_86,3,12319.0,19670.0
Mouse_Thymus1,34_87,3,12319.0,19770.0
Mouse_Thymus1,34_88,3,12319.0,19870.0
Mouse_Thymus1,34_89,3,12319.0,19970.0
Mouse_Thymus1,34_9,2,12319.0,11970.0
Mouse_Thymus1,34_90,3,12319.0,20070.0
Mouse_Thymus1,34_91,0,12319.0,20170.0
Mouse_Thymus1,34_92,3,12319.0,20270.0
Mouse_Thymus1,34_93,0,12319.0,20370.0
Mouse_Thymus1,35_1,3,12419.0,11170.0
Mouse_Thymus1,35_10,3,12419.0,12070.0
Mouse_Thymus1,35_11,4,12419.0,12170.0
Mouse_Thymus1,35_12,1,12419.0,12270.0
Mouse_Thymus1,35_13,3,12419.0,12370.0
Mouse_Thymus1,35_14,3,12419.0,12470.0
Mouse_Thymus1,35_15,0,12419.0,12570.0
Mouse_Thymus1,35_16,3,12419.0,12670.0
Mouse_Thymus1,35_17,3,12419.0,12770.0
Mouse_Thymus1,35_18,2,12419.0,12870.0
Mouse_Thymus1,35_19,3,12419.0,12970.0
Mouse_Thymus1,35_2,3,12419.0,11270.0
Mouse_Thymus1,35_20,0,12419.0,13070.0
Mouse_Thymus1,35_21,3,12419.0,13170.0
Mouse_Thymus1,35_22,3,12419.0,13270.0
Mouse_Thymus1,35_23,0,12419.0,13370.0
Mouse_Thymus1,35_24,3,12419.0,13470.0
Mouse_Thymus1,35_25,3,12419.0,13570.0
Mouse_Thymus1,35_26,3,12419.0,13670.0
Mouse_Thymus1,35_27,3,12419.0,13770.0
Mouse_Thymus1,35_28,1,12419.0,13870.0
Mouse_Thymus1,35_29,1,12419.0,13970.0
Mouse_Thymus1,35_30,3,12419.0,14070.0
Mouse_Thymus1,35_31,3,12419.0,14170.0
Mouse_Thymus1,35_32,0,12419.0,14270.0
Mouse_Thymus1,35_33,3,12419.0,14370.0
Mouse_Thymus1,35_34,3,12419.0,14470.0
Mouse_Thymus1,35_35,2,12419.0,14570.0
Mouse_Thymus1,35_36,3,12419.0,14670.0
Mouse_Thymus1,35_37,0,12419.0,14770.0
Mouse_Thymus1,35_38,3,12419.0,14870.0
Mouse_Thymus1,35_39,0,12419.0,14970.0
Mouse_Thymus1,35_40,3,12419.0,15070.0
Mouse_Thymus1,35_41,3,12419.0,15170.0
Mouse_Thymus1,35_42,4,12419.0,15270.0
Mouse_Thymus1,35_43,0,12419.0,15370.0
Mouse_Thymus1,35_44,2,12419.0,15470.0
Mouse_Thymus1,35_45,0,12419.0,15570.0
Mouse_Thymus1,35_46,0,12419.0,15670.0
Mouse_Thymus1,35_47,2,12419.0,15770.0
Mouse_Thymus1,35_48,3,12419.0,15870.0
Mouse_Thymus1,35_49,0,12419.0,15970.0
Mouse_Thymus1,35_50,0,12419.0,16070.0
Mouse_Thymus1,35_51,0,12419.0,16170.0
Mouse_Thymus1,35_52,4,12419.0,16270.0
Mouse_Thymus1,35_53,0,12419.0,16370.0
Mouse_Thymus1,35_54,3,12419.0,16470.0
Mouse_Thymus1,35_55,4,12419.0,16570.0
Mouse_Thymus1,35_56,3,12419.0,16670.0
Mouse_Thymus1,35_57,3,12419.0,16770.0
Mouse_Thymus1,35_58,3,12419.0,16870.0
Mouse_Thymus1,35_59,0,12419.0,16970.0
Mouse_Thymus1,35_6,2,12419.0,11670.0
Mouse_Thymus1,35_60,1,12419.0,17070.0
Mouse_Thymus1,35_61,4,12419.0,17170.0
Mouse_Thymus1,35_62,3,12419.0,17270.0
Mouse_Thymus1,35_63,3,12419.0,17370.0
Mouse_Thymus1,35_64,3,12419.0,17470.0
Mouse_Thymus1,35_65,3,12419.0,17570.0
Mouse_Thymus1,35_66,0,12419.0,17670.0
Mouse_Thymus1,35_67,3,12419.0,17770.0
Mouse_Thymus1,35_68,0,12419.0,17870.0
Mouse_Thymus1,35_69,3,12419.0,17970.0
Mouse_Thymus1,35_7,0,12419.0,11770.0
Mouse_Thymus1,35_70,3,12419.0,18070.0
Mouse_Thymus1,35_71,1,12419.0,18170.0
Mouse_Thymus1,35_72,3,12419.0,18270.0
Mouse_Thymus1,35_73,3,12419.0,18370.0
Mouse_Thymus1,35_74,4,12419.0,18470.0
Mouse_Thymus1,35_75,0,12419.0,18570.0
Mouse_Thymus1,35_76,3,12419.0,18670.0
Mouse_Thymus1,35_77,4,12419.0,18770.0
Mouse_Thymus1,35_78,1,12419.0,18870.0
Mouse_Thymus1,35_79,1,12419.0,18970.0
Mouse_Thymus1,35_8,3,12419.0,11870.0
Mouse_Thymus1,35_80,0,12419.0,19070.0
Mouse_Thymus1,35_81,3,12419.0,19170.0
Mouse_Thymus1,35_82,4,12419.0,19270.0
Mouse_Thymus1,35_83,0,12419.0,19370.0
Mouse_Thymus1,35_84,3,12419.0,19470.0
Mouse_Thymus1,35_85,1,12419.0,19570.0
Mouse_Thymus1,35_86,1,12419.0,19670.0
Mouse_Thymus1,35_87,3,12419.0,19770.0
Mouse_Thymus1,35_88,2,12419.0,19870.0
Mouse_Thymus1,35_89,3,12419.0,19970.0
Mouse_Thymus1,35_9,3,12419.0,11970.0
Mouse_Thymus1,35_90,3,12419.0,20070.0
Mouse_Thymus1,35_91,0,12419.0,20170.0
Mouse_Thymus1,35_92,3,12419.0,20270.0
Mouse_Thymus1,35_93,2,12419.0,20370.0
Mouse_Thymus1,36_1,3,12519.0,11170.0
Mouse_Thymus1,36_10,3,12519.0,12070.0
Mouse_Thymus1,36_11,1,12519.0,12170.0
Mouse_Thymus1,36_12,2,12519.0,12270.0
Mouse_Thymus1,36_13,0,12519.0,12370.0
Mouse_Thymus1,36_14,2,12519.0,12470.0
Mouse_Thymus1,36_15,3,12519.0,12570.0
Mouse_Thymus1,36_16,3,12519.0,12670.0
Mouse_Thymus1,36_17,3,12519.0,12770.0
Mouse_Thymus1,36_18,3,12519.0,12870.0
Mouse_Thymus1,36_19,1,12519.0,12970.0
Mouse_Thymus1,36_2,3,12519.0,11270.0
Mouse_Thymus1,36_20,4,12519.0,13070.0
Mouse_Thymus1,36_21,3,12519.0,13170.0
Mouse_Thymus1,36_22,3,12519.0,13270.0
Mouse_Thymus1,36_23,3,12519.0,13370.0
Mouse_Thymus1,36_24,1,12519.0,13470.0
Mouse_Thymus1,36_25,3,12519.0,13570.0
Mouse_Thymus1,36_26,3,12519.0,13670.0
Mouse_Thymus1,36_27,3,12519.0,13770.0
Mouse_Thymus1,36_28,0,12519.0,13870.0
Mouse_Thymus1,36_29,1,12519.0,13970.0
Mouse_Thymus1,36_30,4,12519.0,14070.0
Mouse_Thymus1,36_31,2,12519.0,14170.0
Mouse_Thymus1,36_32,4,12519.0,14270.0
Mouse_Thymus1,36_33,3,12519.0,14370.0
Mouse_Thymus1,36_34,3,12519.0,14470.0
Mouse_Thymus1,36_35,2,12519.0,14570.0
Mouse_Thymus1,36_36,4,12519.0,14670.0
Mouse_Thymus1,36_37,1,12519.0,14770.0
Mouse_Thymus1,36_38,1,12519.0,14870.0
Mouse_Thymus1,36_39,3,12519.0,14970.0
Mouse_Thymus1,36_40,0,12519.0,15070.0
Mouse_Thymus1,36_41,2,12519.0,15170.0
Mouse_Thymus1,36_42,3,12519.0,15270.0
Mouse_Thymus1,36_43,3,12519.0,15370.0
Mouse_Thymus1,36_44,0,12519.0,15470.0
Mouse_Thymus1,36_45,0,12519.0,15570.0
Mouse_Thymus1,36_46,2,12519.0,15670.0
Mouse_Thymus1,36_47,3,12519.0,15770.0
Mouse_Thymus1,36_48,3,12519.0,15870.0
Mouse_Thymus1,36_49,0,12519.0,15970.0
Mouse_Thymus1,36_50,3,12519.0,16070.0
Mouse_Thymus1,36_51,0,12519.0,16170.0
Mouse_Thymus1,36_52,2,12519.0,16270.0
Mouse_Thymus1,36_53,3,12519.0,16370.0
Mouse_Thymus1,36_54,3,12519.0,16470.0
Mouse_Thymus1,36_55,0,12519.0,16570.0
Mouse_Thymus1,36_56,4,12519.0,16670.0
Mouse_Thymus1,36_57,1,12519.0,16770.0
Mouse_Thymus1,36_58,1,12519.0,16870.0
Mouse_Thymus1,36_59,0,12519.0,16970.0
Mouse_Thymus1,36_60,4,12519.0,17070.0
Mouse_Thymus1,36_61,3,12519.0,17170.0
Mouse_Thymus1,36_62,3,12519.0,17270.0
Mouse_Thymus1,36_63,3,12519.0,17370.0
Mouse_Thymus1,36_64,3,12519.0,17470.0
Mouse_Thymus1,36_65,3,12519.0,17570.0
Mouse_Thymus1,36_66,3,12519.0,17670.0
Mouse_Thymus1,36_67,4,12519.0,17770.0
Mouse_Thymus1,36_68,3,12519.0,17870.0
Mouse_Thymus1,36_69,3,12519.0,17970.0
Mouse_Thymus1,36_7,3,12519.0,11770.0
Mouse_Thymus1,36_70,3,12519.0,18070.0
Mouse_Thymus1,36_71,0,12519.0,18170.0
Mouse_Thymus1,36_72,2,12519.0,18270.0
Mouse_Thymus1,36_73,1,12519.0,18370.0
Mouse_Thymus1,36_74,1,12519.0,18470.0
Mouse_Thymus1,36_75,0,12519.0,18570.0
Mouse_Thymus1,36_76,3,12519.0,18670.0
Mouse_Thymus1,36_77,3,12519.0,18770.0
Mouse_Thymus1,36_78,3,12519.0,18870.0
Mouse_Thymus1,36_79,0,12519.0,18970.0
Mouse_Thymus1,36_8,3,12519.0,11870.0
Mouse_Thymus1,36_80,3,12519.0,19070.0
Mouse_Thymus1,36_81,0,12519.0,19170.0
Mouse_Thymus1,36_82,0,12519.0,19270.0
Mouse_Thymus1,36_83,0,12519.0,19370.0
Mouse_Thymus1,36_84,2,12519.0,19470.0
Mouse_Thymus1,36_85,0,12519.0,19570.0
Mouse_Thymus1,36_86,3,12519.0,19670.0
Mouse_Thymus1,36_87,3,12519.0,19770.0
Mouse_Thymus1,36_88,4,12519.0,19870.0
Mouse_Thymus1,36_89,3,12519.0,19970.0
Mouse_Thymus1,36_9,0,12519.0,11970.0
Mouse_Thymus1,36_90,3,12519.0,20070.0
Mouse_Thymus1,36_91,0,12519.0,20170.0
Mouse_Thymus1,36_92,3,12519.0,20270.0
Mouse_Thymus1,36_93,2,12519.0,20370.0
Mouse_Thymus1,36_94,4,12519.0,20470.0
Mouse_Thymus1,37_0,4,12619.0,11070.0
Mouse_Thymus1,37_1,3,12619.0,11170.0
Mouse_Thymus1,37_10,0,12619.0,12070.0
Mouse_Thymus1,37_11,2,12619.0,12170.0
Mouse_Thymus1,37_12,0,12619.0,12270.0
Mouse_Thymus1,37_13,0,12619.0,12370.0
Mouse_Thymus1,37_14,3,12619.0,12470.0
Mouse_Thymus1,37_15,1,12619.0,12570.0
Mouse_Thymus1,37_16,4,12619.0,12670.0
Mouse_Thymus1,37_17,3,12619.0,12770.0
Mouse_Thymus1,37_18,3,12619.0,12870.0
Mouse_Thymus1,37_19,3,12619.0,12970.0
Mouse_Thymus1,37_2,1,12619.0,11270.0
Mouse_Thymus1,37_20,3,12619.0,13070.0
Mouse_Thymus1,37_21,2,12619.0,13170.0
Mouse_Thymus1,37_22,0,12619.0,13270.0
Mouse_Thymus1,37_23,3,12619.0,13370.0
Mouse_Thymus1,37_24,4,12619.0,13470.0
Mouse_Thymus1,37_25,1,12619.0,13570.0
Mouse_Thymus1,37_26,3,12619.0,13670.0
Mouse_Thymus1,37_27,0,12619.0,13770.0
Mouse_Thymus1,37_28,3,12619.0,13870.0
Mouse_Thymus1,37_29,4,12619.0,13970.0
Mouse_Thymus1,37_30,3,12619.0,14070.0
Mouse_Thymus1,37_31,0,12619.0,14170.0
Mouse_Thymus1,37_32,0,12619.0,14270.0
Mouse_Thymus1,37_33,0,12619.0,14370.0
Mouse_Thymus1,37_34,0,12619.0,14470.0
Mouse_Thymus1,37_35,3,12619.0,14570.0
Mouse_Thymus1,37_36,2,12619.0,14670.0
Mouse_Thymus1,37_37,3,12619.0,14770.0
Mouse_Thymus1,37_38,3,12619.0,14870.0
Mouse_Thymus1,37_39,0,12619.0,14970.0
Mouse_Thymus1,37_40,3,12619.0,15070.0
Mouse_Thymus1,37_41,4,12619.0,15170.0
Mouse_Thymus1,37_42,3,12619.0,15270.0
Mouse_Thymus1,37_43,3,12619.0,15370.0
Mouse_Thymus1,37_44,1,12619.0,15470.0
Mouse_Thymus1,37_45,3,12619.0,15570.0
Mouse_Thymus1,37_46,3,12619.0,15670.0
Mouse_Thymus1,37_47,1,12619.0,15770.0
Mouse_Thymus1,37_48,3,12619.0,15870.0
Mouse_Thymus1,37_49,0,12619.0,15970.0
Mouse_Thymus1,37_50,3,12619.0,16070.0
Mouse_Thymus1,37_51,0,12619.0,16170.0
Mouse_Thymus1,37_52,3,12619.0,16270.0
Mouse_Thymus1,37_53,3,12619.0,16370.0
Mouse_Thymus1,37_54,2,12619.0,16470.0
Mouse_Thymus1,37_55,3,12619.0,16570.0
Mouse_Thymus1,37_56,0,12619.0,16670.0
Mouse_Thymus1,37_57,3,12619.0,16770.0
Mouse_Thymus1,37_58,0,12619.0,16870.0
Mouse_Thymus1,37_59,0,12619.0,16970.0
Mouse_Thymus1,37_60,3,12619.0,17070.0
Mouse_Thymus1,37_61,3,12619.0,17170.0
Mouse_Thymus1,37_62,0,12619.0,17270.0
Mouse_Thymus1,37_63,1,12619.0,17370.0
Mouse_Thymus1,37_64,3,12619.0,17470.0
Mouse_Thymus1,37_65,1,12619.0,17570.0
Mouse_Thymus1,37_66,3,12619.0,17670.0
Mouse_Thymus1,37_67,0,12619.0,17770.0
Mouse_Thymus1,37_68,3,12619.0,17870.0
Mouse_Thymus1,37_69,1,12619.0,17970.0
Mouse_Thymus1,37_7,0,12619.0,11770.0
Mouse_Thymus1,37_70,3,12619.0,18070.0
Mouse_Thymus1,37_71,3,12619.0,18170.0
Mouse_Thymus1,37_72,1,12619.0,18270.0
Mouse_Thymus1,37_73,0,12619.0,18370.0
Mouse_Thymus1,37_74,1,12619.0,18470.0
Mouse_Thymus1,37_75,3,12619.0,18570.0
Mouse_Thymus1,37_76,3,12619.0,18670.0
Mouse_Thymus1,37_77,3,12619.0,18770.0
Mouse_Thymus1,37_78,3,12619.0,18870.0
Mouse_Thymus1,37_79,0,12619.0,18970.0
Mouse_Thymus1,37_8,3,12619.0,11870.0
Mouse_Thymus1,37_80,3,12619.0,19070.0
Mouse_Thymus1,37_81,1,12619.0,19170.0
Mouse_Thymus1,37_82,1,12619.0,19270.0
Mouse_Thymus1,37_83,0,12619.0,19370.0
Mouse_Thymus1,37_84,3,12619.0,19470.0
Mouse_Thymus1,37_85,4,12619.0,19570.0
Mouse_Thymus1,37_86,3,12619.0,19670.0
Mouse_Thymus1,37_87,4,12619.0,19770.0
Mouse_Thymus1,37_88,3,12619.0,19870.0
Mouse_Thymus1,37_89,3,12619.0,19970.0
Mouse_Thymus1,37_9,3,12619.0,11970.0
Mouse_Thymus1,37_90,1,12619.0,20070.0
Mouse_Thymus1,37_91,3,12619.0,20170.0
Mouse_Thymus1,37_92,3,12619.0,20270.0
Mouse_Thymus1,37_93,2,12619.0,20370.0
Mouse_Thymus1,37_94,0,12619.0,20470.0
Mouse_Thymus1,38_0,3,12719.0,11070.0
Mouse_Thymus1,38_1,3,12719.0,11170.0
Mouse_Thymus1,38_10,1,12719.0,12070.0
Mouse_Thymus1,38_11,4,12719.0,12170.0
Mouse_Thymus1,38_12,2,12719.0,12270.0
Mouse_Thymus1,38_13,2,12719.0,12370.0
Mouse_Thymus1,38_14,3,12719.0,12470.0
Mouse_Thymus1,38_15,3,12719.0,12570.0
Mouse_Thymus1,38_16,3,12719.0,12670.0
Mouse_Thymus1,38_17,2,12719.0,12770.0
Mouse_Thymus1,38_18,3,12719.0,12870.0
Mouse_Thymus1,38_19,0,12719.0,12970.0
Mouse_Thymus1,38_2,0,12719.0,11270.0
Mouse_Thymus1,38_20,0,12719.0,13070.0
Mouse_Thymus1,38_21,4,12719.0,13170.0
Mouse_Thymus1,38_22,3,12719.0,13270.0
Mouse_Thymus1,38_23,3,12719.0,13370.0
Mouse_Thymus1,38_24,3,12719.0,13470.0
Mouse_Thymus1,38_25,3,12719.0,13570.0
Mouse_Thymus1,38_26,3,12719.0,13670.0
Mouse_Thymus1,38_27,0,12719.0,13770.0
Mouse_Thymus1,38_28,3,12719.0,13870.0
Mouse_Thymus1,38_29,3,12719.0,13970.0
Mouse_Thymus1,38_30,3,12719.0,14070.0
Mouse_Thymus1,38_31,3,12719.0,14170.0
Mouse_Thymus1,38_32,3,12719.0,14270.0
Mouse_Thymus1,38_33,3,12719.0,14370.0
Mouse_Thymus1,38_34,3,12719.0,14470.0
Mouse_Thymus1,38_35,2,12719.0,14570.0
Mouse_Thymus1,38_36,0,12719.0,14670.0
Mouse_Thymus1,38_37,0,12719.0,14770.0
Mouse_Thymus1,38_38,3,12719.0,14870.0
Mouse_Thymus1,38_39,3,12719.0,14970.0
Mouse_Thymus1,38_40,3,12719.0,15070.0
Mouse_Thymus1,38_41,3,12719.0,15170.0
Mouse_Thymus1,38_42,3,12719.0,15270.0
Mouse_Thymus1,38_43,1,12719.0,15370.0
Mouse_Thymus1,38_44,3,12719.0,15470.0
Mouse_Thymus1,38_45,0,12719.0,15570.0
Mouse_Thymus1,38_46,3,12719.0,15670.0
Mouse_Thymus1,38_47,3,12719.0,15770.0
Mouse_Thymus1,38_48,3,12719.0,15870.0
Mouse_Thymus1,38_49,3,12719.0,15970.0
Mouse_Thymus1,38_50,0,12719.0,16070.0
Mouse_Thymus1,38_51,3,12719.0,16170.0
Mouse_Thymus1,38_52,3,12719.0,16270.0
Mouse_Thymus1,38_53,1,12719.0,16370.0
Mouse_Thymus1,38_54,3,12719.0,16470.0
Mouse_Thymus1,38_55,3,12719.0,16570.0
Mouse_Thymus1,38_56,3,12719.0,16670.0
Mouse_Thymus1,38_57,0,12719.0,16770.0
Mouse_Thymus1,38_58,3,12719.0,16870.0
Mouse_Thymus1,38_59,0,12719.0,16970.0
Mouse_Thymus1,38_60,3,12719.0,17070.0
Mouse_Thymus1,38_61,0,12719.0,17170.0
Mouse_Thymus1,38_62,0,12719.0,17270.0
Mouse_Thymus1,38_63,3,12719.0,17370.0
Mouse_Thymus1,38_64,0,12719.0,17470.0
Mouse_Thymus1,38_65,0,12719.0,17570.0
Mouse_Thymus1,38_66,3,12719.0,17670.0
Mouse_Thymus1,38_67,3,12719.0,17770.0
Mouse_Thymus1,38_68,3,12719.0,17870.0
Mouse_Thymus1,38_69,2,12719.0,17970.0
Mouse_Thymus1,38_7,3,12719.0,11770.0
Mouse_Thymus1,38_70,1,12719.0,18070.0
Mouse_Thymus1,38_71,0,12719.0,18170.0
Mouse_Thymus1,38_72,3,12719.0,18270.0
Mouse_Thymus1,38_73,3,12719.0,18370.0
Mouse_Thymus1,38_74,1,12719.0,18470.0
Mouse_Thymus1,38_75,2,12719.0,18570.0
Mouse_Thymus1,38_76,3,12719.0,18670.0
Mouse_Thymus1,38_77,3,12719.0,18770.0
Mouse_Thymus1,38_78,2,12719.0,18870.0
Mouse_Thymus1,38_79,4,12719.0,18970.0
Mouse_Thymus1,38_8,4,12719.0,11870.0
Mouse_Thymus1,38_80,3,12719.0,19070.0
Mouse_Thymus1,38_81,3,12719.0,19170.0
Mouse_Thymus1,38_82,3,12719.0,19270.0
Mouse_Thymus1,38_83,3,12719.0,19370.0
Mouse_Thymus1,38_84,1,12719.0,19470.0
Mouse_Thymus1,38_85,3,12719.0,19570.0
Mouse_Thymus1,38_86,0,12719.0,19670.0
Mouse_Thymus1,38_87,0,12719.0,19770.0
Mouse_Thymus1,38_88,3,12719.0,19870.0
Mouse_Thymus1,38_89,3,12719.0,19970.0
Mouse_Thymus1,38_9,1,12719.0,11970.0
Mouse_Thymus1,38_90,4,12719.0,20070.0
Mouse_Thymus1,38_91,3,12719.0,20170.0
Mouse_Thymus1,38_92,0,12719.0,20270.0
Mouse_Thymus1,38_93,3,12719.0,20370.0
Mouse_Thymus1,38_94,4,12719.0,20470.0
Mouse_Thymus1,39_0,3,12819.0,11070.0
Mouse_Thymus1,39_1,1,12819.0,11170.0
Mouse_Thymus1,39_10,3,12819.0,12070.0
Mouse_Thymus1,39_11,3,12819.0,12170.0
Mouse_Thymus1,39_12,3,12819.0,12270.0
Mouse_Thymus1,39_13,3,12819.0,12370.0
Mouse_Thymus1,39_14,1,12819.0,12470.0
Mouse_Thymus1,39_15,3,12819.0,12570.0
Mouse_Thymus1,39_16,1,12819.0,12670.0
Mouse_Thymus1,39_17,3,12819.0,12770.0
Mouse_Thymus1,39_18,0,12819.0,12870.0
Mouse_Thymus1,39_19,0,12819.0,12970.0
Mouse_Thymus1,39_2,0,12819.0,11270.0
Mouse_Thymus1,39_20,3,12819.0,13070.0
Mouse_Thymus1,39_21,3,12819.0,13170.0
Mouse_Thymus1,39_22,0,12819.0,13270.0
Mouse_Thymus1,39_23,0,12819.0,13370.0
Mouse_Thymus1,39_24,3,12819.0,13470.0
Mouse_Thymus1,39_25,3,12819.0,13570.0
Mouse_Thymus1,39_26,0,12819.0,13670.0
Mouse_Thymus1,39_27,3,12819.0,13770.0
Mouse_Thymus1,39_28,3,12819.0,13870.0
Mouse_Thymus1,39_29,3,12819.0,13970.0
Mouse_Thymus1,39_30,1,12819.0,14070.0
Mouse_Thymus1,39_31,3,12819.0,14170.0
Mouse_Thymus1,39_32,3,12819.0,14270.0
Mouse_Thymus1,39_33,3,12819.0,14370.0
Mouse_Thymus1,39_34,0,12819.0,14470.0
Mouse_Thymus1,39_35,3,12819.0,14570.0
Mouse_Thymus1,39_36,0,12819.0,14670.0
Mouse_Thymus1,39_37,0,12819.0,14770.0
Mouse_Thymus1,39_38,1,12819.0,14870.0
Mouse_Thymus1,39_39,3,12819.0,14970.0
Mouse_Thymus1,39_40,3,12819.0,15070.0
Mouse_Thymus1,39_41,3,12819.0,15170.0
Mouse_Thymus1,39_42,2,12819.0,15270.0
Mouse_Thymus1,39_43,3,12819.0,15370.0
Mouse_Thymus1,39_44,3,12819.0,15470.0
Mouse_Thymus1,39_45,4,12819.0,15570.0
Mouse_Thymus1,39_46,0,12819.0,15670.0
Mouse_Thymus1,39_47,0,12819.0,15770.0
Mouse_Thymus1,39_48,0,12819.0,15870.0
Mouse_Thymus1,39_49,3,12819.0,15970.0
Mouse_Thymus1,39_50,0,12819.0,16070.0
Mouse_Thymus1,39_51,3,12819.0,16170.0
Mouse_Thymus1,39_52,3,12819.0,16270.0
Mouse_Thymus1,39_53,3,12819.0,16370.0
Mouse_Thymus1,39_54,3,12819.0,16470.0
Mouse_Thymus1,39_55,3,12819.0,16570.0
Mouse_Thymus1,39_56,0,12819.0,16670.0
Mouse_Thymus1,39_57,3,12819.0,16770.0
Mouse_Thymus1,39_58,3,12819.0,16870.0
Mouse_Thymus1,39_59,3,12819.0,16970.0
Mouse_Thymus1,39_60,0,12819.0,17070.0
Mouse_Thymus1,39_61,0,12819.0,17170.0
Mouse_Thymus1,39_62,3,12819.0,17270.0
Mouse_Thymus1,39_63,2,12819.0,17370.0
Mouse_Thymus1,39_64,3,12819.0,17470.0
Mouse_Thymus1,39_65,0,12819.0,17570.0
Mouse_Thymus1,39_66,4,12819.0,17670.0
Mouse_Thymus1,39_67,0,12819.0,17770.0
Mouse_Thymus1,39_68,3,12819.0,17870.0
Mouse_Thymus1,39_69,3,12819.0,17970.0
Mouse_Thymus1,39_70,3,12819.0,18070.0
Mouse_Thymus1,39_71,3,12819.0,18170.0
Mouse_Thymus1,39_72,3,12819.0,18270.0
Mouse_Thymus1,39_73,4,12819.0,18370.0
Mouse_Thymus1,39_74,3,12819.0,18470.0
Mouse_Thymus1,39_75,3,12819.0,18570.0
Mouse_Thymus1,39_76,0,12819.0,18670.0
Mouse_Thymus1,39_77,3,12819.0,18770.0
Mouse_Thymus1,39_78,3,12819.0,18870.0
Mouse_Thymus1,39_79,1,12819.0,18970.0
Mouse_Thymus1,39_80,3,12819.0,19070.0
Mouse_Thymus1,39_81,3,12819.0,19170.0
Mouse_Thymus1,39_82,3,12819.0,19270.0
Mouse_Thymus1,39_83,0,12819.0,19370.0
Mouse_Thymus1,39_84,3,12819.0,19470.0
Mouse_Thymus1,39_85,3,12819.0,19570.0
Mouse_Thymus1,39_86,0,12819.0,19670.0
Mouse_Thymus1,39_87,4,12819.0,19770.0
Mouse_Thymus1,39_88,3,12819.0,19870.0
Mouse_Thymus1,39_89,0,12819.0,19970.0
Mouse_Thymus1,39_90,3,12819.0,20070.0
Mouse_Thymus1,39_91,0,12819.0,20170.0
Mouse_Thymus1,39_92,3,12819.0,20270.0
Mouse_Thymus1,39_93,4,12819.0,20370.0
Mouse_Thymus1,3_16,3,9219.0,12670.0
Mouse_Thymus1,3_17,3,9219.0,12770.0
Mouse_Thymus1,3_18,1,9219.0,12870.0
Mouse_Thymus1,3_19,3,9219.0,12970.0
Mouse_Thymus1,3_20,4,9219.0,13070.0
Mouse_Thymus1,3_21,3,9219.0,13170.0
Mouse_Thymus1,3_22,4,9219.0,13270.0
Mouse_Thymus1,3_23,2,9219.0,13370.0
Mouse_Thymus1,3_24,1,9219.0,13470.0
Mouse_Thymus1,3_25,1,9219.0,13570.0
Mouse_Thymus1,3_26,3,9219.0,13670.0
Mouse_Thymus1,3_27,3,9219.0,13770.0
Mouse_Thymus1,3_28,2,9219.0,13870.0
Mouse_Thymus1,3_29,3,9219.0,13970.0
Mouse_Thymus1,3_30,3,9219.0,14070.0
Mouse_Thymus1,3_31,3,9219.0,14170.0
Mouse_Thymus1,3_32,3,9219.0,14270.0
Mouse_Thymus1,3_33,0,9219.0,14370.0
Mouse_Thymus1,3_34,0,9219.0,14470.0
Mouse_Thymus1,3_35,3,9219.0,14570.0
Mouse_Thymus1,3_36,0,9219.0,14670.0
Mouse_Thymus1,3_37,0,9219.0,14770.0
Mouse_Thymus1,3_38,3,9219.0,14870.0
Mouse_Thymus1,3_39,3,9219.0,14970.0
Mouse_Thymus1,3_40,1,9219.0,15070.0
Mouse_Thymus1,3_41,3,9219.0,15170.0
Mouse_Thymus1,3_42,2,9219.0,15270.0
Mouse_Thymus1,3_43,3,9219.0,15370.0
Mouse_Thymus1,3_44,3,9219.0,15470.0
Mouse_Thymus1,3_45,3,9219.0,15570.0
Mouse_Thymus1,3_46,3,9219.0,15670.0
Mouse_Thymus1,3_47,3,9219.0,15770.0
Mouse_Thymus1,3_48,3,9219.0,15870.0
Mouse_Thymus1,3_49,3,9219.0,15970.0
Mouse_Thymus1,3_50,3,9219.0,16070.0
Mouse_Thymus1,3_53,3,9219.0,16370.0
Mouse_Thymus1,3_54,3,9219.0,16470.0
Mouse_Thymus1,3_55,2,9219.0,16570.0
Mouse_Thymus1,3_63,3,9219.0,17370.0
Mouse_Thymus1,40_10,3,12919.0,12070.0
Mouse_Thymus1,40_11,3,12919.0,12170.0
Mouse_Thymus1,40_12,3,12919.0,12270.0
Mouse_Thymus1,40_13,0,12919.0,12370.0
Mouse_Thymus1,40_14,3,12919.0,12470.0
Mouse_Thymus1,40_15,3,12919.0,12570.0
Mouse_Thymus1,40_16,0,12919.0,12670.0
Mouse_Thymus1,40_17,4,12919.0,12770.0
Mouse_Thymus1,40_18,2,12919.0,12870.0
Mouse_Thymus1,40_19,3,12919.0,12970.0
Mouse_Thymus1,40_20,4,12919.0,13070.0
Mouse_Thymus1,40_21,0,12919.0,13170.0
Mouse_Thymus1,40_22,2,12919.0,13270.0
Mouse_Thymus1,40_23,3,12919.0,13370.0
Mouse_Thymus1,40_24,3,12919.0,13470.0
Mouse_Thymus1,40_25,3,12919.0,13570.0
Mouse_Thymus1,40_26,0,12919.0,13670.0
Mouse_Thymus1,40_27,3,12919.0,13770.0
Mouse_Thymus1,40_28,0,12919.0,13870.0
Mouse_Thymus1,40_29,3,12919.0,13970.0
Mouse_Thymus1,40_30,0,12919.0,14070.0
Mouse_Thymus1,40_31,3,12919.0,14170.0
Mouse_Thymus1,40_32,2,12919.0,14270.0
Mouse_Thymus1,40_33,3,12919.0,14370.0
Mouse_Thymus1,40_34,2,12919.0,14470.0
Mouse_Thymus1,40_35,3,12919.0,14570.0
Mouse_Thymus1,40_36,2,12919.0,14670.0
Mouse_Thymus1,40_37,0,12919.0,14770.0
Mouse_Thymus1,40_38,4,12919.0,14870.0
Mouse_Thymus1,40_39,3,12919.0,14970.0
Mouse_Thymus1,40_40,3,12919.0,15070.0
Mouse_Thymus1,40_41,3,12919.0,15170.0
Mouse_Thymus1,40_42,0,12919.0,15270.0
Mouse_Thymus1,40_43,0,12919.0,15370.0
Mouse_Thymus1,40_44,0,12919.0,15470.0
Mouse_Thymus1,40_45,1,12919.0,15570.0
Mouse_Thymus1,40_46,0,12919.0,15670.0
Mouse_Thymus1,40_47,0,12919.0,15770.0
Mouse_Thymus1,40_48,3,12919.0,15870.0
Mouse_Thymus1,40_49,3,12919.0,15970.0
Mouse_Thymus1,40_50,0,12919.0,16070.0
Mouse_Thymus1,40_51,3,12919.0,16170.0
Mouse_Thymus1,40_52,0,12919.0,16270.0
Mouse_Thymus1,40_53,1,12919.0,16370.0
Mouse_Thymus1,40_54,3,12919.0,16470.0
Mouse_Thymus1,40_55,3,12919.0,16570.0
Mouse_Thymus1,40_56,3,12919.0,16670.0
Mouse_Thymus1,40_57,4,12919.0,16770.0
Mouse_Thymus1,40_58,3,12919.0,16870.0
Mouse_Thymus1,40_59,1,12919.0,16970.0
Mouse_Thymus1,40_60,1,12919.0,17070.0
Mouse_Thymus1,40_61,0,12919.0,17170.0
Mouse_Thymus1,40_62,4,12919.0,17270.0
Mouse_Thymus1,40_63,0,12919.0,17370.0
Mouse_Thymus1,40_64,2,12919.0,17470.0
Mouse_Thymus1,40_65,3,12919.0,17570.0
Mouse_Thymus1,40_66,0,12919.0,17670.0
Mouse_Thymus1,40_67,0,12919.0,17770.0
Mouse_Thymus1,40_68,3,12919.0,17870.0
Mouse_Thymus1,40_69,3,12919.0,17970.0
Mouse_Thymus1,40_70,3,12919.0,18070.0
Mouse_Thymus1,40_71,3,12919.0,18170.0
Mouse_Thymus1,40_72,3,12919.0,18270.0
Mouse_Thymus1,40_73,3,12919.0,18370.0
Mouse_Thymus1,40_74,2,12919.0,18470.0
Mouse_Thymus1,40_75,0,12919.0,18570.0
Mouse_Thymus1,40_76,0,12919.0,18670.0
Mouse_Thymus1,40_77,0,12919.0,18770.0
Mouse_Thymus1,40_78,4,12919.0,18870.0
Mouse_Thymus1,40_79,3,12919.0,18970.0
Mouse_Thymus1,40_80,3,12919.0,19070.0
Mouse_Thymus1,40_81,0,12919.0,19170.0
Mouse_Thymus1,40_82,3,12919.0,19270.0
Mouse_Thymus1,40_83,3,12919.0,19370.0
Mouse_Thymus1,40_84,3,12919.0,19470.0
Mouse_Thymus1,40_85,4,12919.0,19570.0
Mouse_Thymus1,40_86,0,12919.0,19670.0
Mouse_Thymus1,40_87,1,12919.0,19770.0
Mouse_Thymus1,40_88,3,12919.0,19870.0
Mouse_Thymus1,40_89,3,12919.0,19970.0
Mouse_Thymus1,40_90,0,12919.0,20070.0
Mouse_Thymus1,40_91,1,12919.0,20170.0
Mouse_Thymus1,40_92,1,12919.0,20270.0
Mouse_Thymus1,40_93,0,12919.0,20370.0
Mouse_Thymus1,41_10,3,13019.0,12070.0
Mouse_Thymus1,41_11,3,13019.0,12170.0
Mouse_Thymus1,41_12,3,13019.0,12270.0
Mouse_Thymus1,41_13,3,13019.0,12370.0
Mouse_Thymus1,41_14,3,13019.0,12470.0
Mouse_Thymus1,41_15,0,13019.0,12570.0
Mouse_Thymus1,41_16,3,13019.0,12670.0
Mouse_Thymus1,41_17,0,13019.0,12770.0
Mouse_Thymus1,41_18,3,13019.0,12870.0
Mouse_Thymus1,41_19,1,13019.0,12970.0
Mouse_Thymus1,41_20,3,13019.0,13070.0
Mouse_Thymus1,41_21,2,13019.0,13170.0
Mouse_Thymus1,41_22,0,13019.0,13270.0
Mouse_Thymus1,41_23,0,13019.0,13370.0
Mouse_Thymus1,41_24,0,13019.0,13470.0
Mouse_Thymus1,41_25,0,13019.0,13570.0
Mouse_Thymus1,41_26,3,13019.0,13670.0
Mouse_Thymus1,41_27,3,13019.0,13770.0
Mouse_Thymus1,41_28,3,13019.0,13870.0
Mouse_Thymus1,41_29,2,13019.0,13970.0
Mouse_Thymus1,41_30,0,13019.0,14070.0
Mouse_Thymus1,41_31,3,13019.0,14170.0
Mouse_Thymus1,41_32,0,13019.0,14270.0
Mouse_Thymus1,41_33,3,13019.0,14370.0
Mouse_Thymus1,41_34,3,13019.0,14470.0
Mouse_Thymus1,41_35,3,13019.0,14570.0
Mouse_Thymus1,41_36,0,13019.0,14670.0
Mouse_Thymus1,41_37,1,13019.0,14770.0
Mouse_Thymus1,41_38,4,13019.0,14870.0
Mouse_Thymus1,41_39,1,13019.0,14970.0
Mouse_Thymus1,41_40,0,13019.0,15070.0
Mouse_Thymus1,41_41,3,13019.0,15170.0
Mouse_Thymus1,41_42,3,13019.0,15270.0
Mouse_Thymus1,41_43,3,13019.0,15370.0
Mouse_Thymus1,41_44,4,13019.0,15470.0
Mouse_Thymus1,41_45,3,13019.0,15570.0
Mouse_Thymus1,41_46,3,13019.0,15670.0
Mouse_Thymus1,41_47,3,13019.0,15770.0
Mouse_Thymus1,41_48,3,13019.0,15870.0
Mouse_Thymus1,41_49,2,13019.0,15970.0
Mouse_Thymus1,41_50,2,13019.0,16070.0
Mouse_Thymus1,41_51,0,13019.0,16170.0
Mouse_Thymus1,41_52,4,13019.0,16270.0
Mouse_Thymus1,41_53,1,13019.0,16370.0
Mouse_Thymus1,41_54,3,13019.0,16470.0
Mouse_Thymus1,41_55,3,13019.0,16570.0
Mouse_Thymus1,41_56,3,13019.0,16670.0
Mouse_Thymus1,41_57,3,13019.0,16770.0
Mouse_Thymus1,41_58,3,13019.0,16870.0
Mouse_Thymus1,41_59,3,13019.0,16970.0
Mouse_Thymus1,41_60,0,13019.0,17070.0
Mouse_Thymus1,41_61,3,13019.0,17170.0
Mouse_Thymus1,41_62,4,13019.0,17270.0
Mouse_Thymus1,41_63,4,13019.0,17370.0
Mouse_Thymus1,41_64,0,13019.0,17470.0
Mouse_Thymus1,41_65,3,13019.0,17570.0
Mouse_Thymus1,41_66,4,13019.0,17670.0
Mouse_Thymus1,41_67,0,13019.0,17770.0
Mouse_Thymus1,41_68,3,13019.0,17870.0
Mouse_Thymus1,41_69,3,13019.0,17970.0
Mouse_Thymus1,41_70,2,13019.0,18070.0
Mouse_Thymus1,41_71,3,13019.0,18170.0
Mouse_Thymus1,41_72,3,13019.0,18270.0
Mouse_Thymus1,41_73,1,13019.0,18370.0
Mouse_Thymus1,41_74,0,13019.0,18470.0
Mouse_Thymus1,41_75,3,13019.0,18570.0
Mouse_Thymus1,41_76,0,13019.0,18670.0
Mouse_Thymus1,41_77,0,13019.0,18770.0
Mouse_Thymus1,41_78,0,13019.0,18870.0
Mouse_Thymus1,41_79,0,13019.0,18970.0
Mouse_Thymus1,41_80,3,13019.0,19070.0
Mouse_Thymus1,41_81,0,13019.0,19170.0
Mouse_Thymus1,41_82,3,13019.0,19270.0
Mouse_Thymus1,41_83,3,13019.0,19370.0
Mouse_Thymus1,41_84,2,13019.0,19470.0
Mouse_Thymus1,41_85,3,13019.0,19570.0
Mouse_Thymus1,41_86,3,13019.0,19670.0
Mouse_Thymus1,41_87,4,13019.0,19770.0
Mouse_Thymus1,41_88,3,13019.0,19870.0
Mouse_Thymus1,41_89,0,13019.0,19970.0
Mouse_Thymus1,41_90,3,13019.0,20070.0
Mouse_Thymus1,41_91,3,13019.0,20170.0
Mouse_Thymus1,41_92,3,13019.0,20270.0
Mouse_Thymus1,41_93,3,13019.0,20370.0
Mouse_Thymus1,42_10,3,13119.0,12070.0
Mouse_Thymus1,42_11,3,13119.0,12170.0
Mouse_Thymus1,42_12,3,13119.0,12270.0
Mouse_Thymus1,42_13,0,13119.0,12370.0
Mouse_Thymus1,42_14,2,13119.0,12470.0
Mouse_Thymus1,42_15,3,13119.0,12570.0
Mouse_Thymus1,42_16,3,13119.0,12670.0
Mouse_Thymus1,42_17,3,13119.0,12770.0
Mouse_Thymus1,42_18,0,13119.0,12870.0
Mouse_Thymus1,42_19,0,13119.0,12970.0
Mouse_Thymus1,42_20,2,13119.0,13070.0
Mouse_Thymus1,42_21,3,13119.0,13170.0
Mouse_Thymus1,42_22,2,13119.0,13270.0
Mouse_Thymus1,42_23,3,13119.0,13370.0
Mouse_Thymus1,42_24,4,13119.0,13470.0
Mouse_Thymus1,42_25,3,13119.0,13570.0
Mouse_Thymus1,42_26,3,13119.0,13670.0
Mouse_Thymus1,42_27,0,13119.0,13770.0
Mouse_Thymus1,42_28,3,13119.0,13870.0
Mouse_Thymus1,42_29,0,13119.0,13970.0
Mouse_Thymus1,42_30,2,13119.0,14070.0
Mouse_Thymus1,42_31,3,13119.0,14170.0
Mouse_Thymus1,42_32,0,13119.0,14270.0
Mouse_Thymus1,42_33,1,13119.0,14370.0
Mouse_Thymus1,42_34,0,13119.0,14470.0
Mouse_Thymus1,42_35,3,13119.0,14570.0
Mouse_Thymus1,42_36,3,13119.0,14670.0
Mouse_Thymus1,42_37,3,13119.0,14770.0
Mouse_Thymus1,42_38,1,13119.0,14870.0
Mouse_Thymus1,42_39,0,13119.0,14970.0
Mouse_Thymus1,42_40,3,13119.0,15070.0
Mouse_Thymus1,42_41,3,13119.0,15170.0
Mouse_Thymus1,42_42,0,13119.0,15270.0
Mouse_Thymus1,42_43,0,13119.0,15370.0
Mouse_Thymus1,42_44,3,13119.0,15470.0
Mouse_Thymus1,42_45,0,13119.0,15570.0
Mouse_Thymus1,42_46,1,13119.0,15670.0
Mouse_Thymus1,42_47,4,13119.0,15770.0
Mouse_Thymus1,42_48,0,13119.0,15870.0
Mouse_Thymus1,42_49,4,13119.0,15970.0
Mouse_Thymus1,42_50,3,13119.0,16070.0
Mouse_Thymus1,42_51,3,13119.0,16170.0
Mouse_Thymus1,42_52,3,13119.0,16270.0
Mouse_Thymus1,42_53,1,13119.0,16370.0
Mouse_Thymus1,42_54,3,13119.0,16470.0
Mouse_Thymus1,42_55,0,13119.0,16570.0
Mouse_Thymus1,42_56,0,13119.0,16670.0
Mouse_Thymus1,42_57,3,13119.0,16770.0
Mouse_Thymus1,42_58,3,13119.0,16870.0
Mouse_Thymus1,42_59,3,13119.0,16970.0
Mouse_Thymus1,42_60,3,13119.0,17070.0
Mouse_Thymus1,42_61,0,13119.0,17170.0
Mouse_Thymus1,42_62,3,13119.0,17270.0
Mouse_Thymus1,42_63,3,13119.0,17370.0
Mouse_Thymus1,42_64,3,13119.0,17470.0
Mouse_Thymus1,42_65,3,13119.0,17570.0
Mouse_Thymus1,42_66,0,13119.0,17670.0
Mouse_Thymus1,42_67,3,13119.0,17770.0
Mouse_Thymus1,42_68,3,13119.0,17870.0
Mouse_Thymus1,42_69,3,13119.0,17970.0
Mouse_Thymus1,42_70,3,13119.0,18070.0
Mouse_Thymus1,42_71,3,13119.0,18170.0
Mouse_Thymus1,42_72,3,13119.0,18270.0
Mouse_Thymus1,42_73,3,13119.0,18370.0
Mouse_Thymus1,42_74,0,13119.0,18470.0
Mouse_Thymus1,42_75,3,13119.0,18570.0
Mouse_Thymus1,42_76,3,13119.0,18670.0
Mouse_Thymus1,42_77,3,13119.0,18770.0
Mouse_Thymus1,42_78,2,13119.0,18870.0
Mouse_Thymus1,42_79,3,13119.0,18970.0
Mouse_Thymus1,42_80,3,13119.0,19070.0
Mouse_Thymus1,42_81,0,13119.0,19170.0
Mouse_Thymus1,42_82,3,13119.0,19270.0
Mouse_Thymus1,42_83,3,13119.0,19370.0
Mouse_Thymus1,42_84,1,13119.0,19470.0
Mouse_Thymus1,42_85,3,13119.0,19570.0
Mouse_Thymus1,42_86,1,13119.0,19670.0
Mouse_Thymus1,42_87,0,13119.0,19770.0
Mouse_Thymus1,42_88,3,13119.0,19870.0
Mouse_Thymus1,42_89,3,13119.0,19970.0
Mouse_Thymus1,42_9,3,13119.0,11970.0
Mouse_Thymus1,42_90,3,13119.0,20070.0
Mouse_Thymus1,42_91,2,13119.0,20170.0
Mouse_Thymus1,42_92,3,13119.0,20270.0
Mouse_Thymus1,42_93,3,13119.0,20370.0
Mouse_Thymus1,43_10,3,13219.0,12070.0
Mouse_Thymus1,43_11,2,13219.0,12170.0
Mouse_Thymus1,43_12,4,13219.0,12270.0
Mouse_Thymus1,43_13,4,13219.0,12370.0
Mouse_Thymus1,43_14,3,13219.0,12470.0
Mouse_Thymus1,43_15,0,13219.0,12570.0
Mouse_Thymus1,43_16,0,13219.0,12670.0
Mouse_Thymus1,43_17,1,13219.0,12770.0
Mouse_Thymus1,43_18,3,13219.0,12870.0
Mouse_Thymus1,43_19,3,13219.0,12970.0
Mouse_Thymus1,43_20,0,13219.0,13070.0
Mouse_Thymus1,43_21,3,13219.0,13170.0
Mouse_Thymus1,43_22,3,13219.0,13270.0
Mouse_Thymus1,43_23,3,13219.0,13370.0
Mouse_Thymus1,43_24,3,13219.0,13470.0
Mouse_Thymus1,43_25,3,13219.0,13570.0
Mouse_Thymus1,43_26,3,13219.0,13670.0
Mouse_Thymus1,43_27,3,13219.0,13770.0
Mouse_Thymus1,43_28,0,13219.0,13870.0
Mouse_Thymus1,43_29,3,13219.0,13970.0
Mouse_Thymus1,43_30,3,13219.0,14070.0
Mouse_Thymus1,43_31,3,13219.0,14170.0
Mouse_Thymus1,43_32,3,13219.0,14270.0
Mouse_Thymus1,43_33,1,13219.0,14370.0
Mouse_Thymus1,43_34,3,13219.0,14470.0
Mouse_Thymus1,43_35,3,13219.0,14570.0
Mouse_Thymus1,43_36,0,13219.0,14670.0
Mouse_Thymus1,43_37,2,13219.0,14770.0
Mouse_Thymus1,43_38,0,13219.0,14870.0
Mouse_Thymus1,43_39,1,13219.0,14970.0
Mouse_Thymus1,43_40,4,13219.0,15070.0
Mouse_Thymus1,43_41,3,13219.0,15170.0
Mouse_Thymus1,43_42,3,13219.0,15270.0
Mouse_Thymus1,43_43,3,13219.0,15370.0
Mouse_Thymus1,43_44,3,13219.0,15470.0
Mouse_Thymus1,43_45,4,13219.0,15570.0
Mouse_Thymus1,43_46,1,13219.0,15670.0
Mouse_Thymus1,43_47,0,13219.0,15770.0
Mouse_Thymus1,43_48,1,13219.0,15870.0
Mouse_Thymus1,43_49,0,13219.0,15970.0
Mouse_Thymus1,43_50,1,13219.0,16070.0
Mouse_Thymus1,43_51,2,13219.0,16170.0
Mouse_Thymus1,43_52,3,13219.0,16270.0
Mouse_Thymus1,43_53,3,13219.0,16370.0
Mouse_Thymus1,43_54,3,13219.0,16470.0
Mouse_Thymus1,43_55,0,13219.0,16570.0
Mouse_Thymus1,43_56,3,13219.0,16670.0
Mouse_Thymus1,43_57,2,13219.0,16770.0
Mouse_Thymus1,43_58,3,13219.0,16870.0
Mouse_Thymus1,43_59,0,13219.0,16970.0
Mouse_Thymus1,43_60,1,13219.0,17070.0
Mouse_Thymus1,43_61,3,13219.0,17170.0
Mouse_Thymus1,43_62,3,13219.0,17270.0
Mouse_Thymus1,43_63,0,13219.0,17370.0
Mouse_Thymus1,43_64,1,13219.0,17470.0
Mouse_Thymus1,43_65,4,13219.0,17570.0
Mouse_Thymus1,43_66,3,13219.0,17670.0
Mouse_Thymus1,43_67,0,13219.0,17770.0
Mouse_Thymus1,43_68,1,13219.0,17870.0
Mouse_Thymus1,43_69,0,13219.0,17970.0
Mouse_Thymus1,43_70,0,13219.0,18070.0
Mouse_Thymus1,43_71,0,13219.0,18170.0
Mouse_Thymus1,43_72,1,13219.0,18270.0
Mouse_Thymus1,43_73,0,13219.0,18370.0
Mouse_Thymus1,43_74,2,13219.0,18470.0
Mouse_Thymus1,43_75,3,13219.0,18570.0
Mouse_Thymus1,43_76,1,13219.0,18670.0
Mouse_Thymus1,43_77,0,13219.0,18770.0
Mouse_Thymus1,43_78,3,13219.0,18870.0
Mouse_Thymus1,43_79,3,13219.0,18970.0
Mouse_Thymus1,43_80,0,13219.0,19070.0
Mouse_Thymus1,43_81,3,13219.0,19170.0
Mouse_Thymus1,43_82,1,13219.0,19270.0
Mouse_Thymus1,43_83,1,13219.0,19370.0
Mouse_Thymus1,43_84,0,13219.0,19470.0
Mouse_Thymus1,43_85,1,13219.0,19570.0
Mouse_Thymus1,43_86,0,13219.0,19670.0
Mouse_Thymus1,43_87,0,13219.0,19770.0
Mouse_Thymus1,43_88,3,13219.0,19870.0
Mouse_Thymus1,43_89,0,13219.0,19970.0
Mouse_Thymus1,43_9,3,13219.0,11970.0
Mouse_Thymus1,43_90,4,13219.0,20070.0
Mouse_Thymus1,43_91,3,13219.0,20170.0
Mouse_Thymus1,43_92,0,13219.0,20270.0
Mouse_Thymus1,43_93,4,13219.0,20370.0
Mouse_Thymus1,44_10,3,13319.0,12070.0
Mouse_Thymus1,44_12,0,13319.0,12270.0
Mouse_Thymus1,44_13,0,13319.0,12370.0
Mouse_Thymus1,44_14,3,13319.0,12470.0
Mouse_Thymus1,44_16,0,13319.0,12670.0
Mouse_Thymus1,44_17,3,13319.0,12770.0
Mouse_Thymus1,44_18,3,13319.0,12870.0
Mouse_Thymus1,44_19,0,13319.0,12970.0
Mouse_Thymus1,44_20,3,13319.0,13070.0
Mouse_Thymus1,44_21,0,13319.0,13170.0
Mouse_Thymus1,44_22,3,13319.0,13270.0
Mouse_Thymus1,44_23,1,13319.0,13370.0
Mouse_Thymus1,44_24,0,13319.0,13470.0
Mouse_Thymus1,44_25,3,13319.0,13570.0
Mouse_Thymus1,44_26,0,13319.0,13670.0
Mouse_Thymus1,44_27,3,13319.0,13770.0
Mouse_Thymus1,44_28,3,13319.0,13870.0
Mouse_Thymus1,44_29,3,13319.0,13970.0
Mouse_Thymus1,44_30,0,13319.0,14070.0
Mouse_Thymus1,44_31,1,13319.0,14170.0
Mouse_Thymus1,44_32,3,13319.0,14270.0
Mouse_Thymus1,44_33,3,13319.0,14370.0
Mouse_Thymus1,44_34,0,13319.0,14470.0
Mouse_Thymus1,44_35,1,13319.0,14570.0
Mouse_Thymus1,44_36,0,13319.0,14670.0
Mouse_Thymus1,44_37,3,13319.0,14770.0
Mouse_Thymus1,44_38,0,13319.0,14870.0
Mouse_Thymus1,44_39,3,13319.0,14970.0
Mouse_Thymus1,44_40,3,13319.0,15070.0
Mouse_Thymus1,44_41,3,13319.0,15170.0
Mouse_Thymus1,44_42,0,13319.0,15270.0
Mouse_Thymus1,44_43,3,13319.0,15370.0
Mouse_Thymus1,44_44,3,13319.0,15470.0
Mouse_Thymus1,44_45,4,13319.0,15570.0
Mouse_Thymus1,44_46,0,13319.0,15670.0
Mouse_Thymus1,44_47,0,13319.0,15770.0
Mouse_Thymus1,44_48,0,13319.0,15870.0
Mouse_Thymus1,44_49,0,13319.0,15970.0
Mouse_Thymus1,44_50,0,13319.0,16070.0
Mouse_Thymus1,44_51,3,13319.0,16170.0
Mouse_Thymus1,44_52,1,13319.0,16270.0
Mouse_Thymus1,44_53,2,13319.0,16370.0
Mouse_Thymus1,44_54,3,13319.0,16470.0
Mouse_Thymus1,44_55,1,13319.0,16570.0
Mouse_Thymus1,44_56,3,13319.0,16670.0
Mouse_Thymus1,44_57,3,13319.0,16770.0
Mouse_Thymus1,44_58,3,13319.0,16870.0
Mouse_Thymus1,44_59,0,13319.0,16970.0
Mouse_Thymus1,44_60,3,13319.0,17070.0
Mouse_Thymus1,44_61,3,13319.0,17170.0
Mouse_Thymus1,44_62,3,13319.0,17270.0
Mouse_Thymus1,44_63,3,13319.0,17370.0
Mouse_Thymus1,44_64,3,13319.0,17470.0
Mouse_Thymus1,44_65,3,13319.0,17570.0
Mouse_Thymus1,44_66,2,13319.0,17670.0
Mouse_Thymus1,44_67,2,13319.0,17770.0
Mouse_Thymus1,44_68,3,13319.0,17870.0
Mouse_Thymus1,44_69,1,13319.0,17970.0
Mouse_Thymus1,44_70,1,13319.0,18070.0
Mouse_Thymus1,44_71,2,13319.0,18170.0
Mouse_Thymus1,44_72,3,13319.0,18270.0
Mouse_Thymus1,44_73,1,13319.0,18370.0
Mouse_Thymus1,44_74,3,13319.0,18470.0
Mouse_Thymus1,44_75,0,13319.0,18570.0
Mouse_Thymus1,44_76,3,13319.0,18670.0
Mouse_Thymus1,44_77,1,13319.0,18770.0
Mouse_Thymus1,44_78,3,13319.0,18870.0
Mouse_Thymus1,44_79,2,13319.0,18970.0
Mouse_Thymus1,44_80,3,13319.0,19070.0
Mouse_Thymus1,44_81,3,13319.0,19170.0
Mouse_Thymus1,44_82,0,13319.0,19270.0
Mouse_Thymus1,44_83,2,13319.0,19370.0
Mouse_Thymus1,44_84,3,13319.0,19470.0
Mouse_Thymus1,44_85,0,13319.0,19570.0
Mouse_Thymus1,44_86,3,13319.0,19670.0
Mouse_Thymus1,44_87,3,13319.0,19770.0
Mouse_Thymus1,44_88,3,13319.0,19870.0
Mouse_Thymus1,44_89,0,13319.0,19970.0
Mouse_Thymus1,44_90,4,13319.0,20070.0
Mouse_Thymus1,44_91,0,13319.0,20170.0
Mouse_Thymus1,44_92,0,13319.0,20270.0
Mouse_Thymus1,44_93,3,13319.0,20370.0
Mouse_Thymus1,45_17,3,13419.0,12770.0
Mouse_Thymus1,45_18,3,13419.0,12870.0
Mouse_Thymus1,45_19,3,13419.0,12970.0
Mouse_Thymus1,45_20,0,13419.0,13070.0
Mouse_Thymus1,45_21,3,13419.0,13170.0
Mouse_Thymus1,45_22,0,13419.0,13270.0
Mouse_Thymus1,45_23,0,13419.0,13370.0
Mouse_Thymus1,45_24,3,13419.0,13470.0
Mouse_Thymus1,45_25,2,13419.0,13570.0
Mouse_Thymus1,45_26,2,13419.0,13670.0
Mouse_Thymus1,45_27,0,13419.0,13770.0
Mouse_Thymus1,45_28,0,13419.0,13870.0
Mouse_Thymus1,45_29,3,13419.0,13970.0
Mouse_Thymus1,45_30,2,13419.0,14070.0
Mouse_Thymus1,45_31,3,13419.0,14170.0
Mouse_Thymus1,45_32,3,13419.0,14270.0
Mouse_Thymus1,45_33,3,13419.0,14370.0
Mouse_Thymus1,45_34,3,13419.0,14470.0
Mouse_Thymus1,45_35,1,13419.0,14570.0
Mouse_Thymus1,45_36,3,13419.0,14670.0
Mouse_Thymus1,45_37,1,13419.0,14770.0
Mouse_Thymus1,45_38,3,13419.0,14870.0
Mouse_Thymus1,45_39,2,13419.0,14970.0
Mouse_Thymus1,45_40,3,13419.0,15070.0
Mouse_Thymus1,45_41,3,13419.0,15170.0
Mouse_Thymus1,45_42,1,13419.0,15270.0
Mouse_Thymus1,45_43,3,13419.0,15370.0
Mouse_Thymus1,45_44,4,13419.0,15470.0
Mouse_Thymus1,45_45,0,13419.0,15570.0
Mouse_Thymus1,45_46,0,13419.0,15670.0
Mouse_Thymus1,45_47,3,13419.0,15770.0
Mouse_Thymus1,45_48,2,13419.0,15870.0
Mouse_Thymus1,45_49,3,13419.0,15970.0
Mouse_Thymus1,45_50,3,13419.0,16070.0
Mouse_Thymus1,45_51,1,13419.0,16170.0
Mouse_Thymus1,45_52,3,13419.0,16270.0
Mouse_Thymus1,45_53,0,13419.0,16370.0
Mouse_Thymus1,45_54,3,13419.0,16470.0
Mouse_Thymus1,45_55,3,13419.0,16570.0
Mouse_Thymus1,45_56,3,13419.0,16670.0
Mouse_Thymus1,45_57,3,13419.0,16770.0
Mouse_Thymus1,45_58,0,13419.0,16870.0
Mouse_Thymus1,45_59,0,13419.0,16970.0
Mouse_Thymus1,45_60,3,13419.0,17070.0
Mouse_Thymus1,45_61,3,13419.0,17170.0
Mouse_Thymus1,45_62,3,13419.0,17270.0
Mouse_Thymus1,45_63,4,13419.0,17370.0
Mouse_Thymus1,45_64,3,13419.0,17470.0
Mouse_Thymus1,45_65,3,13419.0,17570.0
Mouse_Thymus1,45_66,0,13419.0,17670.0
Mouse_Thymus1,45_67,0,13419.0,17770.0
Mouse_Thymus1,45_68,3,13419.0,17870.0
Mouse_Thymus1,45_69,0,13419.0,17970.0
Mouse_Thymus1,45_70,0,13419.0,18070.0
Mouse_Thymus1,45_71,2,13419.0,18170.0
Mouse_Thymus1,45_72,3,13419.0,18270.0
Mouse_Thymus1,45_73,2,13419.0,18370.0
Mouse_Thymus1,45_74,3,13419.0,18470.0
Mouse_Thymus1,45_75,1,13419.0,18570.0
Mouse_Thymus1,45_76,0,13419.0,18670.0
Mouse_Thymus1,45_77,3,13419.0,18770.0
Mouse_Thymus1,45_78,0,13419.0,18870.0
Mouse_Thymus1,45_79,3,13419.0,18970.0
Mouse_Thymus1,45_80,3,13419.0,19070.0
Mouse_Thymus1,45_81,0,13419.0,19170.0
Mouse_Thymus1,45_82,1,13419.0,19270.0
Mouse_Thymus1,45_83,1,13419.0,19370.0
Mouse_Thymus1,45_84,2,13419.0,19470.0
Mouse_Thymus1,45_85,3,13419.0,19570.0
Mouse_Thymus1,45_86,1,13419.0,19670.0
Mouse_Thymus1,45_87,3,13419.0,19770.0
Mouse_Thymus1,45_88,3,13419.0,19870.0
Mouse_Thymus1,45_89,3,13419.0,19970.0
Mouse_Thymus1,45_90,3,13419.0,20070.0
Mouse_Thymus1,45_91,4,13419.0,20170.0
Mouse_Thymus1,45_92,4,13419.0,20270.0
Mouse_Thymus1,46_17,0,13519.0,12770.0
Mouse_Thymus1,46_18,3,13519.0,12870.0
Mouse_Thymus1,46_19,3,13519.0,12970.0
Mouse_Thymus1,46_20,3,13519.0,13070.0
Mouse_Thymus1,46_21,3,13519.0,13170.0
Mouse_Thymus1,46_22,3,13519.0,13270.0
Mouse_Thymus1,46_23,2,13519.0,13370.0
Mouse_Thymus1,46_24,4,13519.0,13470.0
Mouse_Thymus1,46_25,3,13519.0,13570.0
Mouse_Thymus1,46_26,0,13519.0,13670.0
Mouse_Thymus1,46_27,3,13519.0,13770.0
Mouse_Thymus1,46_28,3,13519.0,13870.0
Mouse_Thymus1,46_29,3,13519.0,13970.0
Mouse_Thymus1,46_30,3,13519.0,14070.0
Mouse_Thymus1,46_31,0,13519.0,14170.0
Mouse_Thymus1,46_32,3,13519.0,14270.0
Mouse_Thymus1,46_33,1,13519.0,14370.0
Mouse_Thymus1,46_34,0,13519.0,14470.0
Mouse_Thymus1,46_35,3,13519.0,14570.0
Mouse_Thymus1,46_36,1,13519.0,14670.0
Mouse_Thymus1,46_37,0,13519.0,14770.0
Mouse_Thymus1,46_38,2,13519.0,14870.0
Mouse_Thymus1,46_39,3,13519.0,14970.0
Mouse_Thymus1,46_40,2,13519.0,15070.0
Mouse_Thymus1,46_41,0,13519.0,15170.0
Mouse_Thymus1,46_42,3,13519.0,15270.0
Mouse_Thymus1,46_43,3,13519.0,15370.0
Mouse_Thymus1,46_44,3,13519.0,15470.0
Mouse_Thymus1,46_45,0,13519.0,15570.0
Mouse_Thymus1,46_46,4,13519.0,15670.0
Mouse_Thymus1,46_47,3,13519.0,15770.0
Mouse_Thymus1,46_48,3,13519.0,15870.0
Mouse_Thymus1,46_49,4,13519.0,15970.0
Mouse_Thymus1,46_50,0,13519.0,16070.0
Mouse_Thymus1,46_51,2,13519.0,16170.0
Mouse_Thymus1,46_52,0,13519.0,16270.0
Mouse_Thymus1,46_53,0,13519.0,16370.0
Mouse_Thymus1,46_54,0,13519.0,16470.0
Mouse_Thymus1,46_55,3,13519.0,16570.0
Mouse_Thymus1,46_56,3,13519.0,16670.0
Mouse_Thymus1,46_57,3,13519.0,16770.0
Mouse_Thymus1,46_58,0,13519.0,16870.0
Mouse_Thymus1,46_59,3,13519.0,16970.0
Mouse_Thymus1,46_60,3,13519.0,17070.0
Mouse_Thymus1,46_61,3,13519.0,17170.0
Mouse_Thymus1,46_62,1,13519.0,17270.0
Mouse_Thymus1,46_63,3,13519.0,17370.0
Mouse_Thymus1,46_64,1,13519.0,17470.0
Mouse_Thymus1,46_65,3,13519.0,17570.0
Mouse_Thymus1,46_66,3,13519.0,17670.0
Mouse_Thymus1,46_67,0,13519.0,17770.0
Mouse_Thymus1,46_68,3,13519.0,17870.0
Mouse_Thymus1,46_69,0,13519.0,17970.0
Mouse_Thymus1,46_70,3,13519.0,18070.0
Mouse_Thymus1,46_71,3,13519.0,18170.0
Mouse_Thymus1,46_72,0,13519.0,18270.0
Mouse_Thymus1,46_73,0,13519.0,18370.0
Mouse_Thymus1,46_74,3,13519.0,18470.0
Mouse_Thymus1,46_75,0,13519.0,18570.0
Mouse_Thymus1,46_76,4,13519.0,18670.0
Mouse_Thymus1,46_77,0,13519.0,18770.0
Mouse_Thymus1,46_78,3,13519.0,18870.0
Mouse_Thymus1,46_79,3,13519.0,18970.0
Mouse_Thymus1,46_80,3,13519.0,19070.0
Mouse_Thymus1,46_81,0,13519.0,19170.0
Mouse_Thymus1,46_82,3,13519.0,19270.0
Mouse_Thymus1,46_83,3,13519.0,19370.0
Mouse_Thymus1,46_84,0,13519.0,19470.0
Mouse_Thymus1,46_85,0,13519.0,19570.0
Mouse_Thymus1,46_86,2,13519.0,19670.0
Mouse_Thymus1,46_87,0,13519.0,19770.0
Mouse_Thymus1,46_88,3,13519.0,19870.0
Mouse_Thymus1,46_89,2,13519.0,19970.0
Mouse_Thymus1,46_90,1,13519.0,20070.0
Mouse_Thymus1,46_91,3,13519.0,20170.0
Mouse_Thymus1,46_92,0,13519.0,20270.0
Mouse_Thymus1,47_19,0,13619.0,12970.0
Mouse_Thymus1,47_20,2,13619.0,13070.0
Mouse_Thymus1,47_21,3,13619.0,13170.0
Mouse_Thymus1,47_22,3,13619.0,13270.0
Mouse_Thymus1,47_23,2,13619.0,13370.0
Mouse_Thymus1,47_24,1,13619.0,13470.0
Mouse_Thymus1,47_25,3,13619.0,13570.0
Mouse_Thymus1,47_26,3,13619.0,13670.0
Mouse_Thymus1,47_27,0,13619.0,13770.0
Mouse_Thymus1,47_28,0,13619.0,13870.0
Mouse_Thymus1,47_29,0,13619.0,13970.0
Mouse_Thymus1,47_30,0,13619.0,14070.0
Mouse_Thymus1,47_31,3,13619.0,14170.0
Mouse_Thymus1,47_32,1,13619.0,14270.0
Mouse_Thymus1,47_33,3,13619.0,14370.0
Mouse_Thymus1,47_34,3,13619.0,14470.0
Mouse_Thymus1,47_35,0,13619.0,14570.0
Mouse_Thymus1,47_36,2,13619.0,14670.0
Mouse_Thymus1,47_37,0,13619.0,14770.0
Mouse_Thymus1,47_38,1,13619.0,14870.0
Mouse_Thymus1,47_39,3,13619.0,14970.0
Mouse_Thymus1,47_40,3,13619.0,15070.0
Mouse_Thymus1,47_41,3,13619.0,15170.0
Mouse_Thymus1,47_42,3,13619.0,15270.0
Mouse_Thymus1,47_43,4,13619.0,15370.0
Mouse_Thymus1,47_44,4,13619.0,15470.0
Mouse_Thymus1,47_45,3,13619.0,15570.0
Mouse_Thymus1,47_46,0,13619.0,15670.0
Mouse_Thymus1,47_47,0,13619.0,15770.0
Mouse_Thymus1,47_48,3,13619.0,15870.0
Mouse_Thymus1,47_49,3,13619.0,15970.0
Mouse_Thymus1,47_50,4,13619.0,16070.0
Mouse_Thymus1,47_51,0,13619.0,16170.0
Mouse_Thymus1,47_52,3,13619.0,16270.0
Mouse_Thymus1,47_53,0,13619.0,16370.0
Mouse_Thymus1,47_54,3,13619.0,16470.0
Mouse_Thymus1,47_55,1,13619.0,16570.0
Mouse_Thymus1,47_56,3,13619.0,16670.0
Mouse_Thymus1,47_57,3,13619.0,16770.0
Mouse_Thymus1,47_58,3,13619.0,16870.0
Mouse_Thymus1,47_59,0,13619.0,16970.0
Mouse_Thymus1,47_60,3,13619.0,17070.0
Mouse_Thymus1,47_61,3,13619.0,17170.0
Mouse_Thymus1,47_62,3,13619.0,17270.0
Mouse_Thymus1,47_63,3,13619.0,17370.0
Mouse_Thymus1,47_64,0,13619.0,17470.0
Mouse_Thymus1,47_65,0,13619.0,17570.0
Mouse_Thymus1,47_66,2,13619.0,17670.0
Mouse_Thymus1,47_67,0,13619.0,17770.0
Mouse_Thymus1,47_68,3,13619.0,17870.0
Mouse_Thymus1,47_69,3,13619.0,17970.0
Mouse_Thymus1,47_70,3,13619.0,18070.0
Mouse_Thymus1,47_71,4,13619.0,18170.0
Mouse_Thymus1,47_72,4,13619.0,18270.0
Mouse_Thymus1,47_73,3,13619.0,18370.0
Mouse_Thymus1,47_74,3,13619.0,18470.0
Mouse_Thymus1,47_75,3,13619.0,18570.0
Mouse_Thymus1,47_76,3,13619.0,18670.0
Mouse_Thymus1,47_77,3,13619.0,18770.0
Mouse_Thymus1,47_78,3,13619.0,18870.0
Mouse_Thymus1,47_79,0,13619.0,18970.0
Mouse_Thymus1,47_80,3,13619.0,19070.0
Mouse_Thymus1,47_81,0,13619.0,19170.0
Mouse_Thymus1,47_82,3,13619.0,19270.0
Mouse_Thymus1,47_83,3,13619.0,19370.0
Mouse_Thymus1,47_84,3,13619.0,19470.0
Mouse_Thymus1,47_85,3,13619.0,19570.0
Mouse_Thymus1,47_86,0,13619.0,19670.0
Mouse_Thymus1,47_87,3,13619.0,19770.0
Mouse_Thymus1,47_88,3,13619.0,19870.0
Mouse_Thymus1,47_89,2,13619.0,19970.0
Mouse_Thymus1,47_90,2,13619.0,20070.0
Mouse_Thymus1,47_91,0,13619.0,20170.0
Mouse_Thymus1,48_19,3,13719.0,12970.0
Mouse_Thymus1,48_20,3,13719.0,13070.0
Mouse_Thymus1,48_21,0,13719.0,13170.0
Mouse_Thymus1,48_22,3,13719.0,13270.0
Mouse_Thymus1,48_23,3,13719.0,13370.0
Mouse_Thymus1,48_24,3,13719.0,13470.0
Mouse_Thymus1,48_25,3,13719.0,13570.0
Mouse_Thymus1,48_26,3,13719.0,13670.0
Mouse_Thymus1,48_27,3,13719.0,13770.0
Mouse_Thymus1,48_28,1,13719.0,13870.0
Mouse_Thymus1,48_29,4,13719.0,13970.0
Mouse_Thymus1,48_30,3,13719.0,14070.0
Mouse_Thymus1,48_31,3,13719.0,14170.0
Mouse_Thymus1,48_32,3,13719.0,14270.0
Mouse_Thymus1,48_33,3,13719.0,14370.0
Mouse_Thymus1,48_34,4,13719.0,14470.0
Mouse_Thymus1,48_35,1,13719.0,14570.0
Mouse_Thymus1,48_36,2,13719.0,14670.0
Mouse_Thymus1,48_37,3,13719.0,14770.0
Mouse_Thymus1,48_38,1,13719.0,14870.0
Mouse_Thymus1,48_39,3,13719.0,14970.0
Mouse_Thymus1,48_40,0,13719.0,15070.0
Mouse_Thymus1,48_41,0,13719.0,15170.0
Mouse_Thymus1,48_42,1,13719.0,15270.0
Mouse_Thymus1,48_43,0,13719.0,15370.0
Mouse_Thymus1,48_44,3,13719.0,15470.0
Mouse_Thymus1,48_45,3,13719.0,15570.0
Mouse_Thymus1,48_46,4,13719.0,15670.0
Mouse_Thymus1,48_47,4,13719.0,15770.0
Mouse_Thymus1,48_48,1,13719.0,15870.0
Mouse_Thymus1,48_49,3,13719.0,15970.0
Mouse_Thymus1,48_50,0,13719.0,16070.0
Mouse_Thymus1,48_51,3,13719.0,16170.0
Mouse_Thymus1,48_52,3,13719.0,16270.0
Mouse_Thymus1,48_53,0,13719.0,16370.0
Mouse_Thymus1,48_54,0,13719.0,16470.0
Mouse_Thymus1,48_55,3,13719.0,16570.0
Mouse_Thymus1,48_56,3,13719.0,16670.0
Mouse_Thymus1,48_57,1,13719.0,16770.0
Mouse_Thymus1,48_58,0,13719.0,16870.0
Mouse_Thymus1,48_59,3,13719.0,16970.0
Mouse_Thymus1,48_60,3,13719.0,17070.0
Mouse_Thymus1,48_61,0,13719.0,17170.0
Mouse_Thymus1,48_62,3,13719.0,17270.0
Mouse_Thymus1,48_63,3,13719.0,17370.0
Mouse_Thymus1,48_64,2,13719.0,17470.0
Mouse_Thymus1,48_65,3,13719.0,17570.0
Mouse_Thymus1,48_66,0,13719.0,17670.0
Mouse_Thymus1,48_67,1,13719.0,17770.0
Mouse_Thymus1,48_68,0,13719.0,17870.0
Mouse_Thymus1,48_69,3,13719.0,17970.0
Mouse_Thymus1,48_70,3,13719.0,18070.0
Mouse_Thymus1,48_71,3,13719.0,18170.0
Mouse_Thymus1,48_72,3,13719.0,18270.0
Mouse_Thymus1,48_73,3,13719.0,18370.0
Mouse_Thymus1,48_74,3,13719.0,18470.0
Mouse_Thymus1,48_75,0,13719.0,18570.0
Mouse_Thymus1,48_76,3,13719.0,18670.0
Mouse_Thymus1,48_77,3,13719.0,18770.0
Mouse_Thymus1,48_78,0,13719.0,18870.0
Mouse_Thymus1,48_79,3,13719.0,18970.0
Mouse_Thymus1,48_80,2,13719.0,19070.0
Mouse_Thymus1,48_81,4,13719.0,19170.0
Mouse_Thymus1,48_82,3,13719.0,19270.0
Mouse_Thymus1,48_83,4,13719.0,19370.0
Mouse_Thymus1,48_84,2,13719.0,19470.0
Mouse_Thymus1,48_85,3,13719.0,19570.0
Mouse_Thymus1,48_86,0,13719.0,19670.0
Mouse_Thymus1,48_87,3,13719.0,19770.0
Mouse_Thymus1,48_88,3,13719.0,19870.0
Mouse_Thymus1,48_89,4,13719.0,19970.0
Mouse_Thymus1,48_90,0,13719.0,20070.0
Mouse_Thymus1,48_91,4,13719.0,20170.0
Mouse_Thymus1,49_21,3,13819.0,13170.0
Mouse_Thymus1,49_22,3,13819.0,13270.0
Mouse_Thymus1,49_23,0,13819.0,13370.0
Mouse_Thymus1,49_24,3,13819.0,13470.0
Mouse_Thymus1,49_25,3,13819.0,13570.0
Mouse_Thymus1,49_26,3,13819.0,13670.0
Mouse_Thymus1,49_27,3,13819.0,13770.0
Mouse_Thymus1,49_28,3,13819.0,13870.0
Mouse_Thymus1,49_29,3,13819.0,13970.0
Mouse_Thymus1,49_30,0,13819.0,14070.0
Mouse_Thymus1,49_31,3,13819.0,14170.0
Mouse_Thymus1,49_32,0,13819.0,14270.0
Mouse_Thymus1,49_33,3,13819.0,14370.0
Mouse_Thymus1,49_34,1,13819.0,14470.0
Mouse_Thymus1,49_35,0,13819.0,14570.0
Mouse_Thymus1,49_36,3,13819.0,14670.0
Mouse_Thymus1,49_37,3,13819.0,14770.0
Mouse_Thymus1,49_38,3,13819.0,14870.0
Mouse_Thymus1,49_39,3,13819.0,14970.0
Mouse_Thymus1,49_40,0,13819.0,15070.0
Mouse_Thymus1,49_41,1,13819.0,15170.0
Mouse_Thymus1,49_42,2,13819.0,15270.0
Mouse_Thymus1,49_43,3,13819.0,15370.0
Mouse_Thymus1,49_44,4,13819.0,15470.0
Mouse_Thymus1,49_45,0,13819.0,15570.0
Mouse_Thymus1,49_46,1,13819.0,15670.0
Mouse_Thymus1,49_47,3,13819.0,15770.0
Mouse_Thymus1,49_48,3,13819.0,15870.0
Mouse_Thymus1,49_49,3,13819.0,15970.0
Mouse_Thymus1,49_50,3,13819.0,16070.0
Mouse_Thymus1,49_51,2,13819.0,16170.0
Mouse_Thymus1,49_52,3,13819.0,16270.0
Mouse_Thymus1,49_53,2,13819.0,16370.0
Mouse_Thymus1,49_54,4,13819.0,16470.0
Mouse_Thymus1,49_55,3,13819.0,16570.0
Mouse_Thymus1,49_56,0,13819.0,16670.0
Mouse_Thymus1,49_57,0,13819.0,16770.0
Mouse_Thymus1,49_58,3,13819.0,16870.0
Mouse_Thymus1,49_59,2,13819.0,16970.0
Mouse_Thymus1,49_60,3,13819.0,17070.0
Mouse_Thymus1,49_61,3,13819.0,17170.0
Mouse_Thymus1,49_62,1,13819.0,17270.0
Mouse_Thymus1,49_63,3,13819.0,17370.0
Mouse_Thymus1,49_64,3,13819.0,17470.0
Mouse_Thymus1,49_65,3,13819.0,17570.0
Mouse_Thymus1,49_66,3,13819.0,17670.0
Mouse_Thymus1,49_67,4,13819.0,17770.0
Mouse_Thymus1,49_68,4,13819.0,17870.0
Mouse_Thymus1,49_69,0,13819.0,17970.0
Mouse_Thymus1,49_70,2,13819.0,18070.0
Mouse_Thymus1,49_71,1,13819.0,18170.0
Mouse_Thymus1,49_72,3,13819.0,18270.0
Mouse_Thymus1,49_73,3,13819.0,18370.0
Mouse_Thymus1,49_74,3,13819.0,18470.0
Mouse_Thymus1,49_75,0,13819.0,18570.0
Mouse_Thymus1,49_76,0,13819.0,18670.0
Mouse_Thymus1,49_77,3,13819.0,18770.0
Mouse_Thymus1,49_78,2,13819.0,18870.0
Mouse_Thymus1,49_79,0,13819.0,18970.0
Mouse_Thymus1,49_80,0,13819.0,19070.0
Mouse_Thymus1,49_81,2,13819.0,19170.0
Mouse_Thymus1,49_82,3,13819.0,19270.0
Mouse_Thymus1,49_83,3,13819.0,19370.0
Mouse_Thymus1,49_84,0,13819.0,19470.0
Mouse_Thymus1,49_85,3,13819.0,19570.0
Mouse_Thymus1,49_86,3,13819.0,19670.0
Mouse_Thymus1,49_87,0,13819.0,19770.0
Mouse_Thymus1,49_88,3,13819.0,19870.0
Mouse_Thymus1,4_10,3,9319.0,12070.0
Mouse_Thymus1,4_13,1,9319.0,12370.0
Mouse_Thymus1,4_14,3,9319.0,12470.0
Mouse_Thymus1,4_15,3,9319.0,12570.0
Mouse_Thymus1,4_16,2,9319.0,12670.0
Mouse_Thymus1,4_17,0,9319.0,12770.0
Mouse_Thymus1,4_18,0,9319.0,12870.0
Mouse_Thymus1,4_19,0,9319.0,12970.0
Mouse_Thymus1,4_20,0,9319.0,13070.0
Mouse_Thymus1,4_21,3,9319.0,13170.0
Mouse_Thymus1,4_22,3,9319.0,13270.0
Mouse_Thymus1,4_23,3,9319.0,13370.0
Mouse_Thymus1,4_24,3,9319.0,13470.0
Mouse_Thymus1,4_25,0,9319.0,13570.0
Mouse_Thymus1,4_26,0,9319.0,13670.0
Mouse_Thymus1,4_27,3,9319.0,13770.0
Mouse_Thymus1,4_28,3,9319.0,13870.0
Mouse_Thymus1,4_29,3,9319.0,13970.0
Mouse_Thymus1,4_30,3,9319.0,14070.0
Mouse_Thymus1,4_31,3,9319.0,14170.0
Mouse_Thymus1,4_32,3,9319.0,14270.0
Mouse_Thymus1,4_33,2,9319.0,14370.0
Mouse_Thymus1,4_34,4,9319.0,14470.0
Mouse_Thymus1,4_35,3,9319.0,14570.0
Mouse_Thymus1,4_36,3,9319.0,14670.0
Mouse_Thymus1,4_37,3,9319.0,14770.0
Mouse_Thymus1,4_38,3,9319.0,14870.0
Mouse_Thymus1,4_39,3,9319.0,14970.0
Mouse_Thymus1,4_40,3,9319.0,15070.0
Mouse_Thymus1,4_41,3,9319.0,15170.0
Mouse_Thymus1,4_42,0,9319.0,15270.0
Mouse_Thymus1,4_43,2,9319.0,15370.0
Mouse_Thymus1,4_44,0,9319.0,15470.0
Mouse_Thymus1,4_45,0,9319.0,15570.0
Mouse_Thymus1,4_46,0,9319.0,15670.0
Mouse_Thymus1,4_47,3,9319.0,15770.0
Mouse_Thymus1,4_48,0,9319.0,15870.0
Mouse_Thymus1,4_49,3,9319.0,15970.0
Mouse_Thymus1,4_50,0,9319.0,16070.0
Mouse_Thymus1,4_51,3,9319.0,16170.0
Mouse_Thymus1,4_52,3,9319.0,16270.0
Mouse_Thymus1,4_53,3,9319.0,16370.0
Mouse_Thymus1,4_54,3,9319.0,16470.0
Mouse_Thymus1,4_55,3,9319.0,16570.0
Mouse_Thymus1,4_56,3,9319.0,16670.0
Mouse_Thymus1,4_60,3,9319.0,17070.0
Mouse_Thymus1,4_61,3,9319.0,17170.0
Mouse_Thymus1,4_62,0,9319.0,17270.0
Mouse_Thymus1,4_63,3,9319.0,17370.0
Mouse_Thymus1,4_64,3,9319.0,17470.0
Mouse_Thymus1,4_9,0,9319.0,11970.0
Mouse_Thymus1,50_23,3,13919.0,13370.0
Mouse_Thymus1,50_24,0,13919.0,13470.0
Mouse_Thymus1,50_25,0,13919.0,13570.0
Mouse_Thymus1,50_26,0,13919.0,13670.0
Mouse_Thymus1,50_27,3,13919.0,13770.0
Mouse_Thymus1,50_28,3,13919.0,13870.0
Mouse_Thymus1,50_29,3,13919.0,13970.0
Mouse_Thymus1,50_30,4,13919.0,14070.0
Mouse_Thymus1,50_31,2,13919.0,14170.0
Mouse_Thymus1,50_32,3,13919.0,14270.0
Mouse_Thymus1,50_33,3,13919.0,14370.0
Mouse_Thymus1,50_34,1,13919.0,14470.0
Mouse_Thymus1,50_35,3,13919.0,14570.0
Mouse_Thymus1,50_36,0,13919.0,14670.0
Mouse_Thymus1,50_37,1,13919.0,14770.0
Mouse_Thymus1,50_38,3,13919.0,14870.0
Mouse_Thymus1,50_39,0,13919.0,14970.0
Mouse_Thymus1,50_40,4,13919.0,15070.0
Mouse_Thymus1,50_41,2,13919.0,15170.0
Mouse_Thymus1,50_42,3,13919.0,15270.0
Mouse_Thymus1,50_43,4,13919.0,15370.0
Mouse_Thymus1,50_44,2,13919.0,15470.0
Mouse_Thymus1,50_45,0,13919.0,15570.0
Mouse_Thymus1,50_46,3,13919.0,15670.0
Mouse_Thymus1,50_47,0,13919.0,15770.0
Mouse_Thymus1,50_48,0,13919.0,15870.0
Mouse_Thymus1,50_49,0,13919.0,15970.0
Mouse_Thymus1,50_50,4,13919.0,16070.0
Mouse_Thymus1,50_51,2,13919.0,16170.0
Mouse_Thymus1,50_52,1,13919.0,16270.0
Mouse_Thymus1,50_53,0,13919.0,16370.0
Mouse_Thymus1,50_54,3,13919.0,16470.0
Mouse_Thymus1,50_55,2,13919.0,16570.0
Mouse_Thymus1,50_56,3,13919.0,16670.0
Mouse_Thymus1,50_57,3,13919.0,16770.0
Mouse_Thymus1,50_58,2,13919.0,16870.0
Mouse_Thymus1,50_59,3,13919.0,16970.0
Mouse_Thymus1,50_60,3,13919.0,17070.0
Mouse_Thymus1,50_61,3,13919.0,17170.0
Mouse_Thymus1,50_62,0,13919.0,17270.0
Mouse_Thymus1,50_63,4,13919.0,17370.0
Mouse_Thymus1,50_64,3,13919.0,17470.0
Mouse_Thymus1,50_65,3,13919.0,17570.0
Mouse_Thymus1,50_66,3,13919.0,17670.0
Mouse_Thymus1,50_67,3,13919.0,17770.0
Mouse_Thymus1,50_68,3,13919.0,17870.0
Mouse_Thymus1,50_69,3,13919.0,17970.0
Mouse_Thymus1,50_70,0,13919.0,18070.0
Mouse_Thymus1,50_71,3,13919.0,18170.0
Mouse_Thymus1,50_72,4,13919.0,18270.0
Mouse_Thymus1,50_73,0,13919.0,18370.0
Mouse_Thymus1,50_74,3,13919.0,18470.0
Mouse_Thymus1,50_75,3,13919.0,18570.0
Mouse_Thymus1,50_76,1,13919.0,18670.0
Mouse_Thymus1,50_77,3,13919.0,18770.0
Mouse_Thymus1,50_78,3,13919.0,18870.0
Mouse_Thymus1,50_79,2,13919.0,18970.0
Mouse_Thymus1,50_80,0,13919.0,19070.0
Mouse_Thymus1,50_81,2,13919.0,19170.0
Mouse_Thymus1,50_82,3,13919.0,19270.0
Mouse_Thymus1,50_83,3,13919.0,19370.0
Mouse_Thymus1,50_84,2,13919.0,19470.0
Mouse_Thymus1,51_25,3,14019.0,13570.0
Mouse_Thymus1,51_26,0,14019.0,13670.0
Mouse_Thymus1,51_27,3,14019.0,13770.0
Mouse_Thymus1,51_28,0,14019.0,13870.0
Mouse_Thymus1,51_29,3,14019.0,13970.0
Mouse_Thymus1,51_30,1,14019.0,14070.0
Mouse_Thymus1,51_31,2,14019.0,14170.0
Mouse_Thymus1,51_32,2,14019.0,14270.0
Mouse_Thymus1,51_33,3,14019.0,14370.0
Mouse_Thymus1,51_34,2,14019.0,14470.0
Mouse_Thymus1,51_35,3,14019.0,14570.0
Mouse_Thymus1,51_36,3,14019.0,14670.0
Mouse_Thymus1,51_37,3,14019.0,14770.0
Mouse_Thymus1,51_38,1,14019.0,14870.0
Mouse_Thymus1,51_39,1,14019.0,14970.0
Mouse_Thymus1,51_40,3,14019.0,15070.0
Mouse_Thymus1,51_41,2,14019.0,15170.0
Mouse_Thymus1,51_42,2,14019.0,15270.0
Mouse_Thymus1,51_43,3,14019.0,15370.0
Mouse_Thymus1,51_44,3,14019.0,15470.0
Mouse_Thymus1,51_45,3,14019.0,15570.0
Mouse_Thymus1,51_46,4,14019.0,15670.0
Mouse_Thymus1,51_47,0,14019.0,15770.0
Mouse_Thymus1,51_48,3,14019.0,15870.0
Mouse_Thymus1,51_49,3,14019.0,15970.0
Mouse_Thymus1,51_50,0,14019.0,16070.0
Mouse_Thymus1,51_51,3,14019.0,16170.0
Mouse_Thymus1,51_52,0,14019.0,16270.0
Mouse_Thymus1,51_53,0,14019.0,16370.0
Mouse_Thymus1,51_54,2,14019.0,16470.0
Mouse_Thymus1,51_55,3,14019.0,16570.0
Mouse_Thymus1,51_56,0,14019.0,16670.0
Mouse_Thymus1,51_57,4,14019.0,16770.0
Mouse_Thymus1,51_58,1,14019.0,16870.0
Mouse_Thymus1,51_59,0,14019.0,16970.0
Mouse_Thymus1,51_60,3,14019.0,17070.0
Mouse_Thymus1,51_61,3,14019.0,17170.0
Mouse_Thymus1,51_62,3,14019.0,17270.0
Mouse_Thymus1,51_63,2,14019.0,17370.0
Mouse_Thymus1,51_64,3,14019.0,17470.0
Mouse_Thymus1,51_65,3,14019.0,17570.0
Mouse_Thymus1,51_66,3,14019.0,17670.0
Mouse_Thymus1,51_67,3,14019.0,17770.0
Mouse_Thymus1,51_68,3,14019.0,17870.0
Mouse_Thymus1,51_69,3,14019.0,17970.0
Mouse_Thymus1,51_70,0,14019.0,18070.0
Mouse_Thymus1,51_71,2,14019.0,18170.0
Mouse_Thymus1,51_72,3,14019.0,18270.0
Mouse_Thymus1,51_73,4,14019.0,18370.0
Mouse_Thymus1,51_74,0,14019.0,18470.0
Mouse_Thymus1,51_75,0,14019.0,18570.0
Mouse_Thymus1,51_76,3,14019.0,18670.0
Mouse_Thymus1,51_77,3,14019.0,18770.0
Mouse_Thymus1,51_78,1,14019.0,18870.0
Mouse_Thymus1,51_79,3,14019.0,18970.0
Mouse_Thymus1,51_80,3,14019.0,19070.0
Mouse_Thymus1,51_81,3,14019.0,19170.0
Mouse_Thymus1,51_82,3,14019.0,19270.0
Mouse_Thymus1,52_28,1,14119.0,13870.0
Mouse_Thymus1,52_29,3,14119.0,13970.0
Mouse_Thymus1,52_30,4,14119.0,14070.0
Mouse_Thymus1,52_31,3,14119.0,14170.0
Mouse_Thymus1,52_32,2,14119.0,14270.0
Mouse_Thymus1,52_33,4,14119.0,14370.0
Mouse_Thymus1,52_34,0,14119.0,14470.0
Mouse_Thymus1,52_35,3,14119.0,14570.0
Mouse_Thymus1,52_36,0,14119.0,14670.0
Mouse_Thymus1,52_37,3,14119.0,14770.0
Mouse_Thymus1,52_38,3,14119.0,14870.0
Mouse_Thymus1,52_39,3,14119.0,14970.0
Mouse_Thymus1,52_40,0,14119.0,15070.0
Mouse_Thymus1,52_41,3,14119.0,15170.0
Mouse_Thymus1,52_42,3,14119.0,15270.0
Mouse_Thymus1,52_43,3,14119.0,15370.0
Mouse_Thymus1,52_44,0,14119.0,15470.0
Mouse_Thymus1,52_45,3,14119.0,15570.0
Mouse_Thymus1,52_46,3,14119.0,15670.0
Mouse_Thymus1,52_47,3,14119.0,15770.0
Mouse_Thymus1,52_48,3,14119.0,15870.0
Mouse_Thymus1,52_49,3,14119.0,15970.0
Mouse_Thymus1,52_50,3,14119.0,16070.0
Mouse_Thymus1,52_51,3,14119.0,16170.0
Mouse_Thymus1,52_52,3,14119.0,16270.0
Mouse_Thymus1,52_53,3,14119.0,16370.0
Mouse_Thymus1,52_54,2,14119.0,16470.0
Mouse_Thymus1,52_55,3,14119.0,16570.0
Mouse_Thymus1,52_56,0,14119.0,16670.0
Mouse_Thymus1,52_57,0,14119.0,16770.0
Mouse_Thymus1,52_58,0,14119.0,16870.0
Mouse_Thymus1,52_59,4,14119.0,16970.0
Mouse_Thymus1,52_60,3,14119.0,17070.0
Mouse_Thymus1,52_61,3,14119.0,17170.0
Mouse_Thymus1,52_62,3,14119.0,17270.0
Mouse_Thymus1,52_63,1,14119.0,17370.0
Mouse_Thymus1,52_64,2,14119.0,17470.0
Mouse_Thymus1,52_65,3,14119.0,17570.0
Mouse_Thymus1,52_66,0,14119.0,17670.0
Mouse_Thymus1,52_67,2,14119.0,17770.0
Mouse_Thymus1,52_68,0,14119.0,17870.0
Mouse_Thymus1,52_69,3,14119.0,17970.0
Mouse_Thymus1,52_70,3,14119.0,18070.0
Mouse_Thymus1,52_71,0,14119.0,18170.0
Mouse_Thymus1,52_72,3,14119.0,18270.0
Mouse_Thymus1,52_73,3,14119.0,18370.0
Mouse_Thymus1,52_74,3,14119.0,18470.0
Mouse_Thymus1,52_75,0,14119.0,18570.0
Mouse_Thymus1,52_76,3,14119.0,18670.0
Mouse_Thymus1,52_77,0,14119.0,18770.0
Mouse_Thymus1,52_78,3,14119.0,18870.0
Mouse_Thymus1,52_79,3,14119.0,18970.0
Mouse_Thymus1,52_80,3,14119.0,19070.0
Mouse_Thymus1,52_81,4,14119.0,19170.0
Mouse_Thymus1,53_31,3,14219.0,14170.0
Mouse_Thymus1,53_32,0,14219.0,14270.0
Mouse_Thymus1,53_33,4,14219.0,14370.0
Mouse_Thymus1,53_34,3,14219.0,14470.0
Mouse_Thymus1,53_35,0,14219.0,14570.0
Mouse_Thymus1,53_36,3,14219.0,14670.0
Mouse_Thymus1,53_37,3,14219.0,14770.0
Mouse_Thymus1,53_38,3,14219.0,14870.0
Mouse_Thymus1,53_39,4,14219.0,14970.0
Mouse_Thymus1,53_40,4,14219.0,15070.0
Mouse_Thymus1,53_41,2,14219.0,15170.0
Mouse_Thymus1,53_42,3,14219.0,15270.0
Mouse_Thymus1,53_43,2,14219.0,15370.0
Mouse_Thymus1,53_44,0,14219.0,15470.0
Mouse_Thymus1,53_45,3,14219.0,15570.0
Mouse_Thymus1,53_46,0,14219.0,15670.0
Mouse_Thymus1,53_47,3,14219.0,15770.0
Mouse_Thymus1,53_48,3,14219.0,15870.0
Mouse_Thymus1,53_49,3,14219.0,15970.0
Mouse_Thymus1,53_50,3,14219.0,16070.0
Mouse_Thymus1,53_51,3,14219.0,16170.0
Mouse_Thymus1,53_52,0,14219.0,16270.0
Mouse_Thymus1,53_53,0,14219.0,16370.0
Mouse_Thymus1,53_54,2,14219.0,16470.0
Mouse_Thymus1,53_55,3,14219.0,16570.0
Mouse_Thymus1,53_56,4,14219.0,16670.0
Mouse_Thymus1,53_57,3,14219.0,16770.0
Mouse_Thymus1,53_58,3,14219.0,16870.0
Mouse_Thymus1,53_59,3,14219.0,16970.0
Mouse_Thymus1,53_60,0,14219.0,17070.0
Mouse_Thymus1,53_61,3,14219.0,17170.0
Mouse_Thymus1,53_62,3,14219.0,17270.0
Mouse_Thymus1,53_63,3,14219.0,17370.0
Mouse_Thymus1,53_64,0,14219.0,17470.0
Mouse_Thymus1,53_65,3,14219.0,17570.0
Mouse_Thymus1,53_66,4,14219.0,17670.0
Mouse_Thymus1,53_67,0,14219.0,17770.0
Mouse_Thymus1,53_68,1,14219.0,17870.0
Mouse_Thymus1,53_69,3,14219.0,17970.0
Mouse_Thymus1,53_70,0,14219.0,18070.0
Mouse_Thymus1,53_71,3,14219.0,18170.0
Mouse_Thymus1,53_72,3,14219.0,18270.0
Mouse_Thymus1,53_73,3,14219.0,18370.0
Mouse_Thymus1,53_74,3,14219.0,18470.0
Mouse_Thymus1,53_75,3,14219.0,18570.0
Mouse_Thymus1,53_76,1,14219.0,18670.0
Mouse_Thymus1,53_77,1,14219.0,18770.0
Mouse_Thymus1,53_78,3,14219.0,18870.0
Mouse_Thymus1,53_79,3,14219.0,18970.0
Mouse_Thymus1,53_80,0,14219.0,19070.0
Mouse_Thymus1,54_33,3,14319.0,14370.0
Mouse_Thymus1,54_34,3,14319.0,14470.0
Mouse_Thymus1,54_35,0,14319.0,14570.0
Mouse_Thymus1,54_36,3,14319.0,14670.0
Mouse_Thymus1,54_37,3,14319.0,14770.0
Mouse_Thymus1,54_38,3,14319.0,14870.0
Mouse_Thymus1,54_39,3,14319.0,14970.0
Mouse_Thymus1,54_40,4,14319.0,15070.0
Mouse_Thymus1,54_41,2,14319.0,15170.0
Mouse_Thymus1,54_42,3,14319.0,15270.0
Mouse_Thymus1,54_43,0,14319.0,15370.0
Mouse_Thymus1,54_44,0,14319.0,15470.0
Mouse_Thymus1,54_45,0,14319.0,15570.0
Mouse_Thymus1,54_46,0,14319.0,15670.0
Mouse_Thymus1,54_47,3,14319.0,15770.0
Mouse_Thymus1,54_48,3,14319.0,15870.0
Mouse_Thymus1,54_49,3,14319.0,15970.0
Mouse_Thymus1,54_50,3,14319.0,16070.0
Mouse_Thymus1,54_51,4,14319.0,16170.0
Mouse_Thymus1,54_52,2,14319.0,16270.0
Mouse_Thymus1,54_53,3,14319.0,16370.0
Mouse_Thymus1,54_54,0,14319.0,16470.0
Mouse_Thymus1,54_55,3,14319.0,16570.0
Mouse_Thymus1,54_56,3,14319.0,16670.0
Mouse_Thymus1,54_57,3,14319.0,16770.0
Mouse_Thymus1,54_58,3,14319.0,16870.0
Mouse_Thymus1,54_59,3,14319.0,16970.0
Mouse_Thymus1,54_60,3,14319.0,17070.0
Mouse_Thymus1,54_61,3,14319.0,17170.0
Mouse_Thymus1,54_62,0,14319.0,17270.0
Mouse_Thymus1,54_63,2,14319.0,17370.0
Mouse_Thymus1,54_64,3,14319.0,17470.0
Mouse_Thymus1,54_65,0,14319.0,17570.0
Mouse_Thymus1,54_66,3,14319.0,17670.0
Mouse_Thymus1,54_67,3,14319.0,17770.0
Mouse_Thymus1,54_68,0,14319.0,17870.0
Mouse_Thymus1,54_69,2,14319.0,17970.0
Mouse_Thymus1,54_70,3,14319.0,18070.0
Mouse_Thymus1,54_71,3,14319.0,18170.0
Mouse_Thymus1,54_72,3,14319.0,18270.0
Mouse_Thymus1,54_73,3,14319.0,18370.0
Mouse_Thymus1,54_74,3,14319.0,18470.0
Mouse_Thymus1,54_75,3,14319.0,18570.0
Mouse_Thymus1,54_76,4,14319.0,18670.0
Mouse_Thymus1,54_77,3,14319.0,18770.0
Mouse_Thymus1,54_78,3,14319.0,18870.0
Mouse_Thymus1,55_36,0,14419.0,14670.0
Mouse_Thymus1,55_37,3,14419.0,14770.0
Mouse_Thymus1,55_38,0,14419.0,14870.0
Mouse_Thymus1,55_39,1,14419.0,14970.0
Mouse_Thymus1,55_40,3,14419.0,15070.0
Mouse_Thymus1,55_41,3,14419.0,15170.0
Mouse_Thymus1,55_42,0,14419.0,15270.0
Mouse_Thymus1,55_43,0,14419.0,15370.0
Mouse_Thymus1,55_44,1,14419.0,15470.0
Mouse_Thymus1,55_45,0,14419.0,15570.0
Mouse_Thymus1,55_46,1,14419.0,15670.0
Mouse_Thymus1,55_47,0,14419.0,15770.0
Mouse_Thymus1,55_48,3,14419.0,15870.0
Mouse_Thymus1,55_49,1,14419.0,15970.0
Mouse_Thymus1,55_50,3,14419.0,16070.0
Mouse_Thymus1,55_51,1,14419.0,16170.0
Mouse_Thymus1,55_52,3,14419.0,16270.0
Mouse_Thymus1,55_53,3,14419.0,16370.0
Mouse_Thymus1,55_54,3,14419.0,16470.0
Mouse_Thymus1,55_55,1,14419.0,16570.0
Mouse_Thymus1,55_56,1,14419.0,16670.0
Mouse_Thymus1,55_57,0,14419.0,16770.0
Mouse_Thymus1,55_58,2,14419.0,16870.0
Mouse_Thymus1,55_59,2,14419.0,16970.0
Mouse_Thymus1,55_60,3,14419.0,17070.0
Mouse_Thymus1,55_61,3,14419.0,17170.0
Mouse_Thymus1,55_62,0,14419.0,17270.0
Mouse_Thymus1,55_63,4,14419.0,17370.0
Mouse_Thymus1,55_64,3,14419.0,17470.0
Mouse_Thymus1,55_65,0,14419.0,17570.0
Mouse_Thymus1,55_66,1,14419.0,17670.0
Mouse_Thymus1,55_67,0,14419.0,17770.0
Mouse_Thymus1,55_68,2,14419.0,17870.0
Mouse_Thymus1,55_69,4,14419.0,17970.0
Mouse_Thymus1,55_70,0,14419.0,18070.0
Mouse_Thymus1,55_71,3,14419.0,18170.0
Mouse_Thymus1,55_72,0,14419.0,18270.0
Mouse_Thymus1,55_73,3,14419.0,18370.0
Mouse_Thymus1,55_74,3,14419.0,18470.0
Mouse_Thymus1,55_75,0,14419.0,18570.0
Mouse_Thymus1,55_76,3,14419.0,18670.0
Mouse_Thymus1,55_77,3,14419.0,18770.0
Mouse_Thymus1,56_38,3,14519.0,14870.0
Mouse_Thymus1,56_39,2,14519.0,14970.0
Mouse_Thymus1,56_40,1,14519.0,15070.0
Mouse_Thymus1,56_41,0,14519.0,15170.0
Mouse_Thymus1,56_42,3,14519.0,15270.0
Mouse_Thymus1,56_43,0,14519.0,15370.0
Mouse_Thymus1,56_44,2,14519.0,15470.0
Mouse_Thymus1,56_45,3,14519.0,15570.0
Mouse_Thymus1,56_46,0,14519.0,15670.0
Mouse_Thymus1,56_47,2,14519.0,15770.0
Mouse_Thymus1,56_48,0,14519.0,15870.0
Mouse_Thymus1,56_49,3,14519.0,15970.0
Mouse_Thymus1,56_50,0,14519.0,16070.0
Mouse_Thymus1,56_51,2,14519.0,16170.0
Mouse_Thymus1,56_52,1,14519.0,16270.0
Mouse_Thymus1,56_53,3,14519.0,16370.0
Mouse_Thymus1,56_54,3,14519.0,16470.0
Mouse_Thymus1,56_55,4,14519.0,16570.0
Mouse_Thymus1,56_56,4,14519.0,16670.0
Mouse_Thymus1,56_57,4,14519.0,16770.0
Mouse_Thymus1,56_58,0,14519.0,16870.0
Mouse_Thymus1,56_59,3,14519.0,16970.0
Mouse_Thymus1,56_60,1,14519.0,17070.0
Mouse_Thymus1,56_61,2,14519.0,17170.0
Mouse_Thymus1,56_62,0,14519.0,17270.0
Mouse_Thymus1,56_63,4,14519.0,17370.0
Mouse_Thymus1,56_64,0,14519.0,17470.0
Mouse_Thymus1,56_65,3,14519.0,17570.0
Mouse_Thymus1,56_66,3,14519.0,17670.0
Mouse_Thymus1,56_67,3,14519.0,17770.0
Mouse_Thymus1,56_68,3,14519.0,17870.0
Mouse_Thymus1,56_69,0,14519.0,17970.0
Mouse_Thymus1,56_70,3,14519.0,18070.0
Mouse_Thymus1,56_71,0,14519.0,18170.0
Mouse_Thymus1,56_72,3,14519.0,18270.0
Mouse_Thymus1,56_73,0,14519.0,18370.0
Mouse_Thymus1,56_74,3,14519.0,18470.0
Mouse_Thymus1,56_75,3,14519.0,18570.0
Mouse_Thymus1,56_76,2,14519.0,18670.0
Mouse_Thymus1,57_40,3,14619.0,15070.0
Mouse_Thymus1,57_41,3,14619.0,15170.0
Mouse_Thymus1,57_42,1,14619.0,15270.0
Mouse_Thymus1,57_43,3,14619.0,15370.0
Mouse_Thymus1,57_44,3,14619.0,15470.0
Mouse_Thymus1,57_45,0,14619.0,15570.0
Mouse_Thymus1,57_46,3,14619.0,15670.0
Mouse_Thymus1,57_47,3,14619.0,15770.0
Mouse_Thymus1,57_48,3,14619.0,15870.0
Mouse_Thymus1,57_49,3,14619.0,15970.0
Mouse_Thymus1,57_50,3,14619.0,16070.0
Mouse_Thymus1,57_51,3,14619.0,16170.0
Mouse_Thymus1,57_52,3,14619.0,16270.0
Mouse_Thymus1,57_53,3,14619.0,16370.0
Mouse_Thymus1,57_54,3,14619.0,16470.0
Mouse_Thymus1,57_55,3,14619.0,16570.0
Mouse_Thymus1,57_56,2,14619.0,16670.0
Mouse_Thymus1,57_57,0,14619.0,16770.0
Mouse_Thymus1,57_58,3,14619.0,16870.0
Mouse_Thymus1,57_59,0,14619.0,16970.0
Mouse_Thymus1,57_60,3,14619.0,17070.0
Mouse_Thymus1,57_61,0,14619.0,17170.0
Mouse_Thymus1,57_62,4,14619.0,17270.0
Mouse_Thymus1,57_63,4,14619.0,17370.0
Mouse_Thymus1,57_64,4,14619.0,17470.0
Mouse_Thymus1,57_65,1,14619.0,17570.0
Mouse_Thymus1,57_66,4,14619.0,17670.0
Mouse_Thymus1,57_67,0,14619.0,17770.0
Mouse_Thymus1,57_68,0,14619.0,17870.0
Mouse_Thymus1,57_69,4,14619.0,17970.0
Mouse_Thymus1,57_70,3,14619.0,18070.0
Mouse_Thymus1,57_71,3,14619.0,18170.0
Mouse_Thymus1,57_72,3,14619.0,18270.0
Mouse_Thymus1,57_73,3,14619.0,18370.0
Mouse_Thymus1,57_74,3,14619.0,18470.0
Mouse_Thymus1,58_40,3,14719.0,15070.0
Mouse_Thymus1,58_41,0,14719.0,15170.0
Mouse_Thymus1,58_42,3,14719.0,15270.0
Mouse_Thymus1,58_43,3,14719.0,15370.0
Mouse_Thymus1,58_44,3,14719.0,15470.0
Mouse_Thymus1,58_45,3,14719.0,15570.0
Mouse_Thymus1,58_46,2,14719.0,15670.0
Mouse_Thymus1,58_47,4,14719.0,15770.0
Mouse_Thymus1,58_48,3,14719.0,15870.0
Mouse_Thymus1,58_49,3,14719.0,15970.0
Mouse_Thymus1,58_50,1,14719.0,16070.0
Mouse_Thymus1,58_51,0,14719.0,16170.0
Mouse_Thymus1,58_52,3,14719.0,16270.0
Mouse_Thymus1,58_53,3,14719.0,16370.0
Mouse_Thymus1,58_54,3,14719.0,16470.0
Mouse_Thymus1,58_55,0,14719.0,16570.0
Mouse_Thymus1,58_56,1,14719.0,16670.0
Mouse_Thymus1,58_57,2,14719.0,16770.0
Mouse_Thymus1,58_58,2,14719.0,16870.0
Mouse_Thymus1,58_59,3,14719.0,16970.0
Mouse_Thymus1,58_60,3,14719.0,17070.0
Mouse_Thymus1,58_61,3,14719.0,17170.0
Mouse_Thymus1,58_62,3,14719.0,17270.0
Mouse_Thymus1,58_63,3,14719.0,17370.0
Mouse_Thymus1,58_64,3,14719.0,17470.0
Mouse_Thymus1,58_65,3,14719.0,17570.0
Mouse_Thymus1,58_66,4,14719.0,17670.0
Mouse_Thymus1,58_67,3,14719.0,17770.0
Mouse_Thymus1,58_68,4,14719.0,17870.0
Mouse_Thymus1,58_69,3,14719.0,17970.0
Mouse_Thymus1,58_70,3,14719.0,18070.0
Mouse_Thymus1,58_71,3,14719.0,18170.0
Mouse_Thymus1,58_72,1,14719.0,18270.0
Mouse_Thymus1,58_73,3,14719.0,18370.0
Mouse_Thymus1,58_74,1,14719.0,18470.0
Mouse_Thymus1,59_41,0,14819.0,15170.0
Mouse_Thymus1,59_42,0,14819.0,15270.0
Mouse_Thymus1,59_44,2,14819.0,15470.0
Mouse_Thymus1,59_45,3,14819.0,15570.0
Mouse_Thymus1,59_46,3,14819.0,15670.0
Mouse_Thymus1,59_47,0,14819.0,15770.0
Mouse_Thymus1,59_48,3,14819.0,15870.0
Mouse_Thymus1,59_49,3,14819.0,15970.0
Mouse_Thymus1,59_50,0,14819.0,16070.0
Mouse_Thymus1,59_51,3,14819.0,16170.0
Mouse_Thymus1,59_52,3,14819.0,16270.0
Mouse_Thymus1,59_53,0,14819.0,16370.0
Mouse_Thymus1,59_54,0,14819.0,16470.0
Mouse_Thymus1,59_55,1,14819.0,16570.0
Mouse_Thymus1,59_56,3,14819.0,16670.0
Mouse_Thymus1,59_57,0,14819.0,16770.0
Mouse_Thymus1,59_58,0,14819.0,16870.0
Mouse_Thymus1,59_59,3,14819.0,16970.0
Mouse_Thymus1,59_60,0,14819.0,17070.0
Mouse_Thymus1,59_61,0,14819.0,17170.0
Mouse_Thymus1,59_62,0,14819.0,17270.0
Mouse_Thymus1,59_63,3,14819.0,17370.0
Mouse_Thymus1,59_64,3,14819.0,17470.0
Mouse_Thymus1,59_65,3,14819.0,17570.0
Mouse_Thymus1,59_66,1,14819.0,17670.0
Mouse_Thymus1,59_67,3,14819.0,17770.0
Mouse_Thymus1,59_68,3,14819.0,17870.0
Mouse_Thymus1,59_69,0,14819.0,17970.0
Mouse_Thymus1,59_70,3,14819.0,18070.0
Mouse_Thymus1,59_71,3,14819.0,18170.0
Mouse_Thymus1,59_72,3,14819.0,18270.0
Mouse_Thymus1,59_73,3,14819.0,18370.0
Mouse_Thymus1,5_10,3,9419.0,12070.0
Mouse_Thymus1,5_13,4,9419.0,12370.0
Mouse_Thymus1,5_14,0,9419.0,12470.0
Mouse_Thymus1,5_15,3,9419.0,12570.0
Mouse_Thymus1,5_16,3,9419.0,12670.0
Mouse_Thymus1,5_17,2,9419.0,12770.0
Mouse_Thymus1,5_18,3,9419.0,12870.0
Mouse_Thymus1,5_19,2,9419.0,12970.0
Mouse_Thymus1,5_20,0,9419.0,13070.0
Mouse_Thymus1,5_21,3,9419.0,13170.0
Mouse_Thymus1,5_22,3,9419.0,13270.0
Mouse_Thymus1,5_23,3,9419.0,13370.0
Mouse_Thymus1,5_24,3,9419.0,13470.0
Mouse_Thymus1,5_25,3,9419.0,13570.0
Mouse_Thymus1,5_26,3,9419.0,13670.0
Mouse_Thymus1,5_27,0,9419.0,13770.0
Mouse_Thymus1,5_28,0,9419.0,13870.0
Mouse_Thymus1,5_29,3,9419.0,13970.0
Mouse_Thymus1,5_30,3,9419.0,14070.0
Mouse_Thymus1,5_31,0,9419.0,14170.0
Mouse_Thymus1,5_32,3,9419.0,14270.0
Mouse_Thymus1,5_33,0,9419.0,14370.0
Mouse_Thymus1,5_34,3,9419.0,14470.0
Mouse_Thymus1,5_35,3,9419.0,14570.0
Mouse_Thymus1,5_36,3,9419.0,14670.0
Mouse_Thymus1,5_37,3,9419.0,14770.0
Mouse_Thymus1,5_38,3,9419.0,14870.0
Mouse_Thymus1,5_39,1,9419.0,14970.0
Mouse_Thymus1,5_40,3,9419.0,15070.0
Mouse_Thymus1,5_41,0,9419.0,15170.0
Mouse_Thymus1,5_42,3,9419.0,15270.0
Mouse_Thymus1,5_43,3,9419.0,15370.0
Mouse_Thymus1,5_44,3,9419.0,15470.0
Mouse_Thymus1,5_45,1,9419.0,15570.0
Mouse_Thymus1,5_46,4,9419.0,15670.0
Mouse_Thymus1,5_47,0,9419.0,15770.0
Mouse_Thymus1,5_48,3,9419.0,15870.0
Mouse_Thymus1,5_49,3,9419.0,15970.0
Mouse_Thymus1,5_50,3,9419.0,16070.0
Mouse_Thymus1,5_51,3,9419.0,16170.0
Mouse_Thymus1,5_52,1,9419.0,16270.0
Mouse_Thymus1,5_53,0,9419.0,16370.0
Mouse_Thymus1,5_54,0,9419.0,16470.0
Mouse_Thymus1,5_55,2,9419.0,16570.0
Mouse_Thymus1,5_56,3,9419.0,16670.0
Mouse_Thymus1,5_57,4,9419.0,16770.0
Mouse_Thymus1,5_58,0,9419.0,16870.0
Mouse_Thymus1,5_59,0,9419.0,16970.0
Mouse_Thymus1,5_60,3,9419.0,17070.0
Mouse_Thymus1,5_61,3,9419.0,17170.0
Mouse_Thymus1,5_62,0,9419.0,17270.0
Mouse_Thymus1,5_63,3,9419.0,17370.0
Mouse_Thymus1,5_64,1,9419.0,17470.0
Mouse_Thymus1,5_69,0,9419.0,17970.0
Mouse_Thymus1,5_70,1,9419.0,18070.0
Mouse_Thymus1,5_71,1,9419.0,18170.0
Mouse_Thymus1,5_9,1,9419.0,11970.0
Mouse_Thymus1,60_45,0,14919.0,15570.0
Mouse_Thymus1,60_46,4,14919.0,15670.0
Mouse_Thymus1,60_47,3,14919.0,15770.0
Mouse_Thymus1,60_48,3,14919.0,15870.0
Mouse_Thymus1,60_49,0,14919.0,15970.0
Mouse_Thymus1,60_50,3,14919.0,16070.0
Mouse_Thymus1,60_51,0,14919.0,16170.0
Mouse_Thymus1,60_52,3,14919.0,16270.0
Mouse_Thymus1,60_53,0,14919.0,16370.0
Mouse_Thymus1,60_54,1,14919.0,16470.0
Mouse_Thymus1,60_55,1,14919.0,16570.0
Mouse_Thymus1,60_56,3,14919.0,16670.0
Mouse_Thymus1,60_57,3,14919.0,16770.0
Mouse_Thymus1,60_58,4,14919.0,16870.0
Mouse_Thymus1,60_59,1,14919.0,16970.0
Mouse_Thymus1,60_60,2,14919.0,17070.0
Mouse_Thymus1,60_61,0,14919.0,17170.0
Mouse_Thymus1,60_62,3,14919.0,17270.0
Mouse_Thymus1,60_63,1,14919.0,17370.0
Mouse_Thymus1,60_64,0,14919.0,17470.0
Mouse_Thymus1,60_65,3,14919.0,17570.0
Mouse_Thymus1,60_66,0,14919.0,17670.0
Mouse_Thymus1,60_67,3,14919.0,17770.0
Mouse_Thymus1,60_68,3,14919.0,17870.0
Mouse_Thymus1,60_69,3,14919.0,17970.0
Mouse_Thymus1,60_70,3,14919.0,18070.0
Mouse_Thymus1,60_71,3,14919.0,18170.0
Mouse_Thymus1,60_72,3,14919.0,18270.0
Mouse_Thymus1,61_45,3,15019.0,15570.0
Mouse_Thymus1,61_46,1,15019.0,15670.0
Mouse_Thymus1,61_47,3,15019.0,15770.0
Mouse_Thymus1,61_48,3,15019.0,15870.0
Mouse_Thymus1,61_49,0,15019.0,15970.0
Mouse_Thymus1,61_50,3,15019.0,16070.0
Mouse_Thymus1,61_51,0,15019.0,16170.0
Mouse_Thymus1,61_52,3,15019.0,16270.0
Mouse_Thymus1,61_53,3,15019.0,16370.0
Mouse_Thymus1,61_54,3,15019.0,16470.0
Mouse_Thymus1,61_57,3,15019.0,16770.0
Mouse_Thymus1,61_58,3,15019.0,16870.0
Mouse_Thymus1,61_59,3,15019.0,16970.0
Mouse_Thymus1,61_60,3,15019.0,17070.0
Mouse_Thymus1,61_61,0,15019.0,17170.0
Mouse_Thymus1,61_62,3,15019.0,17270.0
Mouse_Thymus1,61_63,3,15019.0,17370.0
Mouse_Thymus1,61_64,3,15019.0,17470.0
Mouse_Thymus1,61_65,4,15019.0,17570.0
Mouse_Thymus1,61_66,3,15019.0,17670.0
Mouse_Thymus1,61_67,3,15019.0,17770.0
Mouse_Thymus1,61_68,1,15019.0,17870.0
Mouse_Thymus1,61_69,0,15019.0,17970.0
Mouse_Thymus1,61_70,3,15019.0,18070.0
Mouse_Thymus1,61_71,3,15019.0,18170.0
Mouse_Thymus1,61_72,3,15019.0,18270.0
Mouse_Thymus1,62_44,3,15119.0,15470.0
Mouse_Thymus1,62_45,0,15119.0,15570.0
Mouse_Thymus1,62_46,3,15119.0,15670.0
Mouse_Thymus1,62_47,3,15119.0,15770.0
Mouse_Thymus1,62_48,4,15119.0,15870.0
Mouse_Thymus1,62_49,0,15119.0,15970.0
Mouse_Thymus1,62_50,3,15119.0,16070.0
Mouse_Thymus1,62_51,3,15119.0,16170.0
Mouse_Thymus1,62_52,3,15119.0,16270.0
Mouse_Thymus1,62_53,0,15119.0,16370.0
Mouse_Thymus1,62_59,1,15119.0,16970.0
Mouse_Thymus1,62_60,3,15119.0,17070.0
Mouse_Thymus1,62_61,0,15119.0,17170.0
Mouse_Thymus1,62_62,4,15119.0,17270.0
Mouse_Thymus1,62_63,3,15119.0,17370.0
Mouse_Thymus1,62_64,3,15119.0,17470.0
Mouse_Thymus1,62_65,4,15119.0,17570.0
Mouse_Thymus1,62_66,4,15119.0,17670.0
Mouse_Thymus1,62_67,3,15119.0,17770.0
Mouse_Thymus1,62_68,0,15119.0,17870.0
Mouse_Thymus1,62_69,2,15119.0,17970.0
Mouse_Thymus1,62_70,3,15119.0,18070.0
Mouse_Thymus1,62_71,3,15119.0,18170.0
Mouse_Thymus1,63_40,0,15219.0,15070.0
Mouse_Thymus1,63_41,2,15219.0,15170.0
Mouse_Thymus1,63_44,4,15219.0,15470.0
Mouse_Thymus1,63_45,3,15219.0,15570.0
Mouse_Thymus1,63_46,0,15219.0,15670.0
Mouse_Thymus1,63_47,3,15219.0,15770.0
Mouse_Thymus1,63_48,3,15219.0,15870.0
Mouse_Thymus1,63_49,0,15219.0,15970.0
Mouse_Thymus1,63_50,0,15219.0,16070.0
Mouse_Thymus1,63_51,4,15219.0,16170.0
Mouse_Thymus1,63_52,4,15219.0,16270.0
Mouse_Thymus1,63_60,3,15219.0,17070.0
Mouse_Thymus1,63_61,0,15219.0,17170.0
Mouse_Thymus1,63_62,3,15219.0,17270.0
Mouse_Thymus1,63_63,3,15219.0,17370.0
Mouse_Thymus1,63_64,1,15219.0,17470.0
Mouse_Thymus1,63_65,3,15219.0,17570.0
Mouse_Thymus1,63_66,3,15219.0,17670.0
Mouse_Thymus1,63_67,3,15219.0,17770.0
Mouse_Thymus1,63_68,3,15219.0,17870.0
Mouse_Thymus1,63_69,4,15219.0,17970.0
Mouse_Thymus1,63_70,4,15219.0,18070.0
Mouse_Thymus1,63_71,3,15219.0,18170.0
Mouse_Thymus1,64_43,3,15319.0,15370.0
Mouse_Thymus1,64_44,3,15319.0,15470.0
Mouse_Thymus1,64_45,3,15319.0,15570.0
Mouse_Thymus1,64_46,4,15319.0,15670.0
Mouse_Thymus1,64_47,0,15319.0,15770.0
Mouse_Thymus1,64_48,0,15319.0,15870.0
Mouse_Thymus1,64_49,3,15319.0,15970.0
Mouse_Thymus1,64_50,3,15319.0,16070.0
Mouse_Thymus1,64_51,2,15319.0,16170.0
Mouse_Thymus1,64_52,3,15319.0,16270.0
Mouse_Thymus1,64_62,0,15319.0,17270.0
Mouse_Thymus1,64_63,3,15319.0,17370.0
Mouse_Thymus1,64_64,3,15319.0,17470.0
Mouse_Thymus1,64_65,0,15319.0,17570.0
Mouse_Thymus1,64_66,3,15319.0,17670.0
Mouse_Thymus1,64_67,1,15319.0,17770.0
Mouse_Thymus1,64_68,3,15319.0,17870.0
Mouse_Thymus1,64_69,3,15319.0,17970.0
Mouse_Thymus1,64_70,0,15319.0,18070.0
Mouse_Thymus1,65_43,3,15419.0,15370.0
Mouse_Thymus1,65_44,4,15419.0,15470.0
Mouse_Thymus1,65_45,2,15419.0,15570.0
Mouse_Thymus1,65_46,3,15419.0,15670.0
Mouse_Thymus1,65_47,3,15419.0,15770.0
Mouse_Thymus1,65_48,2,15419.0,15870.0
Mouse_Thymus1,65_49,3,15419.0,15970.0
Mouse_Thymus1,65_50,3,15419.0,16070.0
Mouse_Thymus1,65_51,3,15419.0,16170.0
Mouse_Thymus1,65_52,4,15419.0,16270.0
Mouse_Thymus1,65_53,4,15419.0,16370.0
Mouse_Thymus1,65_58,0,15419.0,16870.0
Mouse_Thymus1,65_62,0,15419.0,17270.0
Mouse_Thymus1,65_63,0,15419.0,17370.0
Mouse_Thymus1,65_64,0,15419.0,17470.0
Mouse_Thymus1,65_65,4,15419.0,17570.0
Mouse_Thymus1,65_66,1,15419.0,17670.0
Mouse_Thymus1,65_67,3,15419.0,17770.0
Mouse_Thymus1,65_68,3,15419.0,17870.0
Mouse_Thymus1,65_69,3,15419.0,17970.0
Mouse_Thymus1,66_42,3,15519.0,15270.0
Mouse_Thymus1,66_43,3,15519.0,15370.0
Mouse_Thymus1,66_44,3,15519.0,15470.0
Mouse_Thymus1,66_45,0,15519.0,15570.0
Mouse_Thymus1,66_46,3,15519.0,15670.0
Mouse_Thymus1,66_47,1,15519.0,15770.0
Mouse_Thymus1,66_48,3,15519.0,15870.0
Mouse_Thymus1,66_49,3,15519.0,15970.0
Mouse_Thymus1,66_50,1,15519.0,16070.0
Mouse_Thymus1,66_51,0,15519.0,16170.0
Mouse_Thymus1,66_52,3,15519.0,16270.0
Mouse_Thymus1,66_53,0,15519.0,16370.0
Mouse_Thymus1,66_54,3,15519.0,16470.0
Mouse_Thymus1,66_57,3,15519.0,16770.0
Mouse_Thymus1,66_58,3,15519.0,16870.0
Mouse_Thymus1,66_62,3,15519.0,17270.0
Mouse_Thymus1,66_63,3,15519.0,17370.0
Mouse_Thymus1,66_64,3,15519.0,17470.0
Mouse_Thymus1,66_65,3,15519.0,17570.0
Mouse_Thymus1,66_66,4,15519.0,17670.0
Mouse_Thymus1,66_67,0,15519.0,17770.0
Mouse_Thymus1,66_68,3,15519.0,17870.0
Mouse_Thymus1,66_69,1,15519.0,17970.0
Mouse_Thymus1,67_41,2,15619.0,15170.0
Mouse_Thymus1,67_42,0,15619.0,15270.0
Mouse_Thymus1,67_43,2,15619.0,15370.0
Mouse_Thymus1,67_44,3,15619.0,15470.0
Mouse_Thymus1,67_45,4,15619.0,15570.0
Mouse_Thymus1,67_46,3,15619.0,15670.0
Mouse_Thymus1,67_47,3,15619.0,15770.0
Mouse_Thymus1,67_48,0,15619.0,15870.0
Mouse_Thymus1,67_49,2,15619.0,15970.0
Mouse_Thymus1,67_50,3,15619.0,16070.0
Mouse_Thymus1,67_51,3,15619.0,16170.0
Mouse_Thymus1,67_52,3,15619.0,16270.0
Mouse_Thymus1,67_53,3,15619.0,16370.0
Mouse_Thymus1,67_54,1,15619.0,16470.0
Mouse_Thymus1,67_57,3,15619.0,16770.0
Mouse_Thymus1,67_62,3,15619.0,17270.0
Mouse_Thymus1,67_63,3,15619.0,17370.0
Mouse_Thymus1,67_64,4,15619.0,17470.0
Mouse_Thymus1,67_65,0,15619.0,17570.0
Mouse_Thymus1,67_66,3,15619.0,17670.0
Mouse_Thymus1,67_67,3,15619.0,17770.0
Mouse_Thymus1,67_68,3,15619.0,17870.0
Mouse_Thymus1,67_69,0,15619.0,17970.0
Mouse_Thymus1,68_40,3,15719.0,15070.0
Mouse_Thymus1,68_41,3,15719.0,15170.0
Mouse_Thymus1,68_42,0,15719.0,15270.0
Mouse_Thymus1,68_43,0,15719.0,15370.0
Mouse_Thymus1,68_44,3,15719.0,15470.0
Mouse_Thymus1,68_45,1,15719.0,15570.0
Mouse_Thymus1,68_46,3,15719.0,15670.0
Mouse_Thymus1,68_47,3,15719.0,15770.0
Mouse_Thymus1,68_48,1,15719.0,15870.0
Mouse_Thymus1,68_49,3,15719.0,15970.0
Mouse_Thymus1,68_50,0,15719.0,16070.0
Mouse_Thymus1,68_51,1,15719.0,16170.0
Mouse_Thymus1,68_52,1,15719.0,16270.0
Mouse_Thymus1,68_53,3,15719.0,16370.0
Mouse_Thymus1,68_54,0,15719.0,16470.0
Mouse_Thymus1,68_55,0,15719.0,16570.0
Mouse_Thymus1,68_60,3,15719.0,17070.0
Mouse_Thymus1,68_61,2,15719.0,17170.0
Mouse_Thymus1,68_62,3,15719.0,17270.0
Mouse_Thymus1,68_63,3,15719.0,17370.0
Mouse_Thymus1,68_64,1,15719.0,17470.0
Mouse_Thymus1,68_65,3,15719.0,17570.0
Mouse_Thymus1,69_40,2,15819.0,15070.0
Mouse_Thymus1,69_41,2,15819.0,15170.0
Mouse_Thymus1,69_42,4,15819.0,15270.0
Mouse_Thymus1,69_43,0,15819.0,15370.0
Mouse_Thymus1,69_44,4,15819.0,15470.0
Mouse_Thymus1,69_45,1,15819.0,15570.0
Mouse_Thymus1,69_46,0,15819.0,15670.0
Mouse_Thymus1,69_47,4,15819.0,15770.0
Mouse_Thymus1,69_48,3,15819.0,15870.0
Mouse_Thymus1,69_49,3,15819.0,15970.0
Mouse_Thymus1,69_50,4,15819.0,16070.0
Mouse_Thymus1,69_51,3,15819.0,16170.0
Mouse_Thymus1,69_52,3,15819.0,16270.0
Mouse_Thymus1,69_53,0,15819.0,16370.0
Mouse_Thymus1,69_54,1,15819.0,16470.0
Mouse_Thymus1,69_55,3,15819.0,16570.0
Mouse_Thymus1,69_59,3,15819.0,16970.0
Mouse_Thymus1,69_60,3,15819.0,17070.0
Mouse_Thymus1,69_61,2,15819.0,17170.0
Mouse_Thymus1,69_62,3,15819.0,17270.0
Mouse_Thymus1,69_63,3,15819.0,17370.0
Mouse_Thymus1,69_64,2,15819.0,17470.0
Mouse_Thymus1,6_10,2,9519.0,12070.0
Mouse_Thymus1,6_11,0,9519.0,12170.0
Mouse_Thymus1,6_12,2,9519.0,12270.0
Mouse_Thymus1,6_13,0,9519.0,12370.0
Mouse_Thymus1,6_14,3,9519.0,12470.0
Mouse_Thymus1,6_15,3,9519.0,12570.0
Mouse_Thymus1,6_16,3,9519.0,12670.0
Mouse_Thymus1,6_17,1,9519.0,12770.0
Mouse_Thymus1,6_18,3,9519.0,12870.0
Mouse_Thymus1,6_19,2,9519.0,12970.0
Mouse_Thymus1,6_20,3,9519.0,13070.0
Mouse_Thymus1,6_21,0,9519.0,13170.0
Mouse_Thymus1,6_22,0,9519.0,13270.0
Mouse_Thymus1,6_23,3,9519.0,13370.0
Mouse_Thymus1,6_24,3,9519.0,13470.0
Mouse_Thymus1,6_25,4,9519.0,13570.0
Mouse_Thymus1,6_26,4,9519.0,13670.0
Mouse_Thymus1,6_27,3,9519.0,13770.0
Mouse_Thymus1,6_28,2,9519.0,13870.0
Mouse_Thymus1,6_29,3,9519.0,13970.0
Mouse_Thymus1,6_30,0,9519.0,14070.0
Mouse_Thymus1,6_31,4,9519.0,14170.0
Mouse_Thymus1,6_32,3,9519.0,14270.0
Mouse_Thymus1,6_33,0,9519.0,14370.0
Mouse_Thymus1,6_34,4,9519.0,14470.0
Mouse_Thymus1,6_35,0,9519.0,14570.0
Mouse_Thymus1,6_36,1,9519.0,14670.0
Mouse_Thymus1,6_37,3,9519.0,14770.0
Mouse_Thymus1,6_38,3,9519.0,14870.0
Mouse_Thymus1,6_39,4,9519.0,14970.0
Mouse_Thymus1,6_40,3,9519.0,15070.0
Mouse_Thymus1,6_41,4,9519.0,15170.0
Mouse_Thymus1,6_42,3,9519.0,15270.0
Mouse_Thymus1,6_43,0,9519.0,15370.0
Mouse_Thymus1,6_44,3,9519.0,15470.0
Mouse_Thymus1,6_45,0,9519.0,15570.0
Mouse_Thymus1,6_46,2,9519.0,15670.0
Mouse_Thymus1,6_47,0,9519.0,15770.0
Mouse_Thymus1,6_48,0,9519.0,15870.0
Mouse_Thymus1,6_49,3,9519.0,15970.0
Mouse_Thymus1,6_50,3,9519.0,16070.0
Mouse_Thymus1,6_51,3,9519.0,16170.0
Mouse_Thymus1,6_52,1,9519.0,16270.0
Mouse_Thymus1,6_53,3,9519.0,16370.0
Mouse_Thymus1,6_54,0,9519.0,16470.0
Mouse_Thymus1,6_55,3,9519.0,16570.0
Mouse_Thymus1,6_56,3,9519.0,16670.0
Mouse_Thymus1,6_57,2,9519.0,16770.0
Mouse_Thymus1,6_58,3,9519.0,16870.0
Mouse_Thymus1,6_59,3,9519.0,16970.0
Mouse_Thymus1,6_60,4,9519.0,17070.0
Mouse_Thymus1,6_61,0,9519.0,17170.0
Mouse_Thymus1,6_62,4,9519.0,17270.0
Mouse_Thymus1,6_63,4,9519.0,17370.0
Mouse_Thymus1,6_64,0,9519.0,17470.0
Mouse_Thymus1,6_65,3,9519.0,17570.0
Mouse_Thymus1,6_66,3,9519.0,17670.0
Mouse_Thymus1,6_67,0,9519.0,17770.0
Mouse_Thymus1,6_68,3,9519.0,17870.0
Mouse_Thymus1,6_69,3,9519.0,17970.0
Mouse_Thymus1,6_70,3,9519.0,18070.0
Mouse_Thymus1,6_71,3,9519.0,18170.0
Mouse_Thymus1,6_72,0,9519.0,18270.0
Mouse_Thymus1,6_8,3,9519.0,11870.0
Mouse_Thymus1,6_9,3,9519.0,11970.0
Mouse_Thymus1,70_39,0,15919.0,14970.0
Mouse_Thymus1,70_40,3,15919.0,15070.0
Mouse_Thymus1,70_41,3,15919.0,15170.0
Mouse_Thymus1,70_42,3,15919.0,15270.0
Mouse_Thymus1,70_43,0,15919.0,15370.0
Mouse_Thymus1,70_44,3,15919.0,15470.0
Mouse_Thymus1,70_45,1,15919.0,15570.0
Mouse_Thymus1,70_46,3,15919.0,15670.0
Mouse_Thymus1,70_47,2,15919.0,15770.0
Mouse_Thymus1,70_48,4,15919.0,15870.0
Mouse_Thymus1,70_49,3,15919.0,15970.0
Mouse_Thymus1,70_50,3,15919.0,16070.0
Mouse_Thymus1,70_51,0,15919.0,16170.0
Mouse_Thymus1,70_52,1,15919.0,16270.0
Mouse_Thymus1,70_53,0,15919.0,16370.0
Mouse_Thymus1,70_54,4,15919.0,16470.0
Mouse_Thymus1,70_55,3,15919.0,16570.0
Mouse_Thymus1,70_58,0,15919.0,16870.0
Mouse_Thymus1,70_59,3,15919.0,16970.0
Mouse_Thymus1,70_60,3,15919.0,17070.0
Mouse_Thymus1,70_61,3,15919.0,17170.0
Mouse_Thymus1,70_62,3,15919.0,17270.0
Mouse_Thymus1,70_63,3,15919.0,17370.0
Mouse_Thymus1,70_64,0,15919.0,17470.0
Mouse_Thymus1,71_39,3,16019.0,14970.0
Mouse_Thymus1,71_40,0,16019.0,15070.0
Mouse_Thymus1,71_41,3,16019.0,15170.0
Mouse_Thymus1,71_42,3,16019.0,15270.0
Mouse_Thymus1,71_43,0,16019.0,15370.0
Mouse_Thymus1,71_44,0,16019.0,15470.0
Mouse_Thymus1,71_45,3,16019.0,15570.0
Mouse_Thymus1,71_46,3,16019.0,15670.0
Mouse_Thymus1,71_47,0,16019.0,15770.0
Mouse_Thymus1,71_48,3,16019.0,15870.0
Mouse_Thymus1,71_49,3,16019.0,15970.0
Mouse_Thymus1,71_50,1,16019.0,16070.0
Mouse_Thymus1,71_51,3,16019.0,16170.0
Mouse_Thymus1,71_52,3,16019.0,16270.0
Mouse_Thymus1,71_53,3,16019.0,16370.0
Mouse_Thymus1,71_54,0,16019.0,16470.0
Mouse_Thymus1,71_55,3,16019.0,16570.0
Mouse_Thymus1,71_56,3,16019.0,16670.0
Mouse_Thymus1,71_57,4,16019.0,16770.0
Mouse_Thymus1,71_58,0,16019.0,16870.0
Mouse_Thymus1,71_59,0,16019.0,16970.0
Mouse_Thymus1,71_60,3,16019.0,17070.0
Mouse_Thymus1,72_38,0,16119.0,14870.0
Mouse_Thymus1,72_39,3,16119.0,14970.0
Mouse_Thymus1,72_40,0,16119.0,15070.0
Mouse_Thymus1,72_41,4,16119.0,15170.0
Mouse_Thymus1,72_42,3,16119.0,15270.0
Mouse_Thymus1,72_43,2,16119.0,15370.0
Mouse_Thymus1,72_44,3,16119.0,15470.0
Mouse_Thymus1,72_45,3,16119.0,15570.0
Mouse_Thymus1,72_46,0,16119.0,15670.0
Mouse_Thymus1,72_47,3,16119.0,15770.0
Mouse_Thymus1,72_48,3,16119.0,15870.0
Mouse_Thymus1,72_49,1,16119.0,15970.0
Mouse_Thymus1,72_50,1,16119.0,16070.0
Mouse_Thymus1,72_51,4,16119.0,16170.0
Mouse_Thymus1,72_52,1,16119.0,16270.0
Mouse_Thymus1,72_53,3,16119.0,16370.0
Mouse_Thymus1,72_54,3,16119.0,16470.0
Mouse_Thymus1,72_55,3,16119.0,16570.0
Mouse_Thymus1,72_56,3,16119.0,16670.0
Mouse_Thymus1,72_57,1,16119.0,16770.0
Mouse_Thymus1,72_58,2,16119.0,16870.0
Mouse_Thymus1,73_39,1,16219.0,14970.0
Mouse_Thymus1,73_40,0,16219.0,15070.0
Mouse_Thymus1,73_41,3,16219.0,15170.0
Mouse_Thymus1,73_42,3,16219.0,15270.0
Mouse_Thymus1,73_43,3,16219.0,15370.0
Mouse_Thymus1,73_44,1,16219.0,15470.0
Mouse_Thymus1,73_45,3,16219.0,15570.0
Mouse_Thymus1,73_46,2,16219.0,15670.0
Mouse_Thymus1,73_47,3,16219.0,15770.0
Mouse_Thymus1,73_48,4,16219.0,15870.0
Mouse_Thymus1,73_49,0,16219.0,15970.0
Mouse_Thymus1,73_50,3,16219.0,16070.0
Mouse_Thymus1,73_51,3,16219.0,16170.0
Mouse_Thymus1,73_52,2,16219.0,16270.0
Mouse_Thymus1,73_53,3,16219.0,16370.0
Mouse_Thymus1,73_54,0,16219.0,16470.0
Mouse_Thymus1,73_55,2,16219.0,16570.0
Mouse_Thymus1,73_56,3,16219.0,16670.0
Mouse_Thymus1,73_57,2,16219.0,16770.0
Mouse_Thymus1,74_39,0,16319.0,14970.0
Mouse_Thymus1,74_40,3,16319.0,15070.0
Mouse_Thymus1,74_41,3,16319.0,15170.0
Mouse_Thymus1,74_42,3,16319.0,15270.0
Mouse_Thymus1,74_43,1,16319.0,15370.0
Mouse_Thymus1,74_44,3,16319.0,15470.0
Mouse_Thymus1,74_45,0,16319.0,15570.0
Mouse_Thymus1,74_46,3,16319.0,15670.0
Mouse_Thymus1,74_47,0,16319.0,15770.0
Mouse_Thymus1,74_48,3,16319.0,15870.0
Mouse_Thymus1,74_49,3,16319.0,15970.0
Mouse_Thymus1,74_50,0,16319.0,16070.0
Mouse_Thymus1,74_51,0,16319.0,16170.0
Mouse_Thymus1,74_52,4,16319.0,16270.0
Mouse_Thymus1,74_53,3,16319.0,16370.0
Mouse_Thymus1,74_54,2,16319.0,16470.0
Mouse_Thymus1,74_55,0,16319.0,16570.0
Mouse_Thymus1,74_56,4,16319.0,16670.0
Mouse_Thymus1,74_57,3,16319.0,16770.0
Mouse_Thymus1,75_39,3,16419.0,14970.0
Mouse_Thymus1,75_40,3,16419.0,15070.0
Mouse_Thymus1,75_41,3,16419.0,15170.0
Mouse_Thymus1,75_42,2,16419.0,15270.0
Mouse_Thymus1,75_43,4,16419.0,15370.0
Mouse_Thymus1,75_44,3,16419.0,15470.0
Mouse_Thymus1,75_45,3,16419.0,15570.0
Mouse_Thymus1,75_46,0,16419.0,15670.0
Mouse_Thymus1,75_47,4,16419.0,15770.0
Mouse_Thymus1,75_48,3,16419.0,15870.0
Mouse_Thymus1,75_49,3,16419.0,15970.0
Mouse_Thymus1,75_50,0,16419.0,16070.0
Mouse_Thymus1,75_51,0,16419.0,16170.0
Mouse_Thymus1,75_52,3,16419.0,16270.0
Mouse_Thymus1,75_53,0,16419.0,16370.0
Mouse_Thymus1,75_54,0,16419.0,16470.0
Mouse_Thymus1,75_55,0,16419.0,16570.0
Mouse_Thymus1,75_56,3,16419.0,16670.0
Mouse_Thymus1,76_39,3,16519.0,14970.0
Mouse_Thymus1,76_40,2,16519.0,15070.0
Mouse_Thymus1,76_41,2,16519.0,15170.0
Mouse_Thymus1,76_42,0,16519.0,15270.0
Mouse_Thymus1,76_43,3,16519.0,15370.0
Mouse_Thymus1,76_44,3,16519.0,15470.0
Mouse_Thymus1,76_45,0,16519.0,15570.0
Mouse_Thymus1,76_46,3,16519.0,15670.0
Mouse_Thymus1,76_47,3,16519.0,15770.0
Mouse_Thymus1,76_48,3,16519.0,15870.0
Mouse_Thymus1,76_49,1,16519.0,15970.0
Mouse_Thymus1,76_50,3,16519.0,16070.0
Mouse_Thymus1,76_51,3,16519.0,16170.0
Mouse_Thymus1,76_52,2,16519.0,16270.0
Mouse_Thymus1,76_53,3,16519.0,16370.0
Mouse_Thymus1,76_54,3,16519.0,16470.0
Mouse_Thymus1,76_55,3,16519.0,16570.0
Mouse_Thymus1,77_39,3,16619.0,14970.0
Mouse_Thymus1,77_40,3,16619.0,15070.0
Mouse_Thymus1,77_41,3,16619.0,15170.0
Mouse_Thymus1,77_42,4,16619.0,15270.0
Mouse_Thymus1,77_43,3,16619.0,15370.0
Mouse_Thymus1,77_44,3,16619.0,15470.0
Mouse_Thymus1,77_45,0,16619.0,15570.0
Mouse_Thymus1,77_46,3,16619.0,15670.0
Mouse_Thymus1,77_47,3,16619.0,15770.0
Mouse_Thymus1,77_48,3,16619.0,15870.0
Mouse_Thymus1,77_49,3,16619.0,15970.0
Mouse_Thymus1,77_50,3,16619.0,16070.0
Mouse_Thymus1,77_51,3,16619.0,16170.0
Mouse_Thymus1,77_52,3,16619.0,16270.0
Mouse_Thymus1,77_53,3,16619.0,16370.0
Mouse_Thymus1,77_54,0,16619.0,16470.0
Mouse_Thymus1,77_55,3,16619.0,16570.0
Mouse_Thymus1,78_40,0,16719.0,15070.0
Mouse_Thymus1,78_41,3,16719.0,15170.0
Mouse_Thymus1,78_42,3,16719.0,15270.0
Mouse_Thymus1,78_43,4,16719.0,15370.0
Mouse_Thymus1,78_44,3,16719.0,15470.0
Mouse_Thymus1,78_45,3,16719.0,15570.0
Mouse_Thymus1,78_46,3,16719.0,15670.0
Mouse_Thymus1,78_47,0,16719.0,15770.0
Mouse_Thymus1,78_48,3,16719.0,15870.0
Mouse_Thymus1,78_49,3,16719.0,15970.0
Mouse_Thymus1,78_50,3,16719.0,16070.0
Mouse_Thymus1,78_51,0,16719.0,16170.0
Mouse_Thymus1,78_52,3,16719.0,16270.0
Mouse_Thymus1,78_53,3,16719.0,16370.0
Mouse_Thymus1,78_54,3,16719.0,16470.0
Mouse_Thymus1,78_55,3,16719.0,16570.0
Mouse_Thymus1,79_40,3,16819.0,15070.0
Mouse_Thymus1,79_41,1,16819.0,15170.0
Mouse_Thymus1,79_42,0,16819.0,15270.0
Mouse_Thymus1,79_43,3,16819.0,15370.0
Mouse_Thymus1,79_44,3,16819.0,15470.0
Mouse_Thymus1,79_45,3,16819.0,15570.0
Mouse_Thymus1,79_46,3,16819.0,15670.0
Mouse_Thymus1,79_47,3,16819.0,15770.0
Mouse_Thymus1,79_48,3,16819.0,15870.0
Mouse_Thymus1,79_49,0,16819.0,15970.0
Mouse_Thymus1,79_50,3,16819.0,16070.0
Mouse_Thymus1,79_51,2,16819.0,16170.0
Mouse_Thymus1,79_52,3,16819.0,16270.0
Mouse_Thymus1,79_53,0,16819.0,16370.0
Mouse_Thymus1,7_10,3,9619.0,12070.0
Mouse_Thymus1,7_11,0,9619.0,12170.0
Mouse_Thymus1,7_12,4,9619.0,12270.0
Mouse_Thymus1,7_13,0,9619.0,12370.0
Mouse_Thymus1,7_14,1,9619.0,12470.0
Mouse_Thymus1,7_15,0,9619.0,12570.0
Mouse_Thymus1,7_16,3,9619.0,12670.0
Mouse_Thymus1,7_17,1,9619.0,12770.0
Mouse_Thymus1,7_18,3,9619.0,12870.0
Mouse_Thymus1,7_19,0,9619.0,12970.0
Mouse_Thymus1,7_20,0,9619.0,13070.0
Mouse_Thymus1,7_21,0,9619.0,13170.0
Mouse_Thymus1,7_22,3,9619.0,13270.0
Mouse_Thymus1,7_23,3,9619.0,13370.0
Mouse_Thymus1,7_24,0,9619.0,13470.0
Mouse_Thymus1,7_25,0,9619.0,13570.0
Mouse_Thymus1,7_26,0,9619.0,13670.0
Mouse_Thymus1,7_27,0,9619.0,13770.0
Mouse_Thymus1,7_28,2,9619.0,13870.0
Mouse_Thymus1,7_29,3,9619.0,13970.0
Mouse_Thymus1,7_30,3,9619.0,14070.0
Mouse_Thymus1,7_31,0,9619.0,14170.0
Mouse_Thymus1,7_32,3,9619.0,14270.0
Mouse_Thymus1,7_33,1,9619.0,14370.0
Mouse_Thymus1,7_34,3,9619.0,14470.0
Mouse_Thymus1,7_35,2,9619.0,14570.0
Mouse_Thymus1,7_36,2,9619.0,14670.0
Mouse_Thymus1,7_37,3,9619.0,14770.0
Mouse_Thymus1,7_38,3,9619.0,14870.0
Mouse_Thymus1,7_39,3,9619.0,14970.0
Mouse_Thymus1,7_40,4,9619.0,15070.0
Mouse_Thymus1,7_41,2,9619.0,15170.0
Mouse_Thymus1,7_42,1,9619.0,15270.0
Mouse_Thymus1,7_43,0,9619.0,15370.0
Mouse_Thymus1,7_44,2,9619.0,15470.0
Mouse_Thymus1,7_45,3,9619.0,15570.0
Mouse_Thymus1,7_46,1,9619.0,15670.0
Mouse_Thymus1,7_47,0,9619.0,15770.0
Mouse_Thymus1,7_48,0,9619.0,15870.0
Mouse_Thymus1,7_49,3,9619.0,15970.0
Mouse_Thymus1,7_50,3,9619.0,16070.0
Mouse_Thymus1,7_51,0,9619.0,16170.0
Mouse_Thymus1,7_52,3,9619.0,16270.0
Mouse_Thymus1,7_53,3,9619.0,16370.0
Mouse_Thymus1,7_54,3,9619.0,16470.0
Mouse_Thymus1,7_55,3,9619.0,16570.0
Mouse_Thymus1,7_56,0,9619.0,16670.0
Mouse_Thymus1,7_57,3,9619.0,16770.0
Mouse_Thymus1,7_58,2,9619.0,16870.0
Mouse_Thymus1,7_59,3,9619.0,16970.0
Mouse_Thymus1,7_60,3,9619.0,17070.0
Mouse_Thymus1,7_61,4,9619.0,17170.0
Mouse_Thymus1,7_62,3,9619.0,17270.0
Mouse_Thymus1,7_63,3,9619.0,17370.0
Mouse_Thymus1,7_64,0,9619.0,17470.0
Mouse_Thymus1,7_65,3,9619.0,17570.0
Mouse_Thymus1,7_66,0,9619.0,17670.0
Mouse_Thymus1,7_67,1,9619.0,17770.0
Mouse_Thymus1,7_68,4,9619.0,17870.0
Mouse_Thymus1,7_69,0,9619.0,17970.0
Mouse_Thymus1,7_70,3,9619.0,18070.0
Mouse_Thymus1,7_71,2,9619.0,18170.0
Mouse_Thymus1,7_72,3,9619.0,18270.0
Mouse_Thymus1,7_73,3,9619.0,18370.0
Mouse_Thymus1,7_8,2,9619.0,11870.0
Mouse_Thymus1,7_9,0,9619.0,11970.0
Mouse_Thymus1,80_40,0,16919.0,15070.0
Mouse_Thymus1,80_41,2,16919.0,15170.0
Mouse_Thymus1,80_42,3,16919.0,15270.0
Mouse_Thymus1,80_43,3,16919.0,15370.0
Mouse_Thymus1,80_44,3,16919.0,15470.0
Mouse_Thymus1,80_45,0,16919.0,15570.0
Mouse_Thymus1,80_46,2,16919.0,15670.0
Mouse_Thymus1,80_47,0,16919.0,15770.0
Mouse_Thymus1,80_48,3,16919.0,15870.0
Mouse_Thymus1,80_49,2,16919.0,15970.0
Mouse_Thymus1,80_50,3,16919.0,16070.0
Mouse_Thymus1,80_51,3,16919.0,16170.0
Mouse_Thymus1,81_44,3,17019.0,15470.0
Mouse_Thymus1,81_45,3,17019.0,15570.0
Mouse_Thymus1,81_46,3,17019.0,15670.0
Mouse_Thymus1,81_47,2,17019.0,15770.0
Mouse_Thymus1,81_48,3,17019.0,15870.0
Mouse_Thymus1,81_49,0,17019.0,15970.0
Mouse_Thymus1,8_10,3,9719.0,12070.0
Mouse_Thymus1,8_11,0,9719.0,12170.0
Mouse_Thymus1,8_12,3,9719.0,12270.0
Mouse_Thymus1,8_13,3,9719.0,12370.0
Mouse_Thymus1,8_14,0,9719.0,12470.0
Mouse_Thymus1,8_15,3,9719.0,12570.0
Mouse_Thymus1,8_16,3,9719.0,12670.0
Mouse_Thymus1,8_17,3,9719.0,12770.0
Mouse_Thymus1,8_18,3,9719.0,12870.0
Mouse_Thymus1,8_19,2,9719.0,12970.0
Mouse_Thymus1,8_20,3,9719.0,13070.0
Mouse_Thymus1,8_21,3,9719.0,13170.0
Mouse_Thymus1,8_22,4,9719.0,13270.0
Mouse_Thymus1,8_23,4,9719.0,13370.0
Mouse_Thymus1,8_24,3,9719.0,13470.0
Mouse_Thymus1,8_25,0,9719.0,13570.0
Mouse_Thymus1,8_26,3,9719.0,13670.0
Mouse_Thymus1,8_27,3,9719.0,13770.0
Mouse_Thymus1,8_28,0,9719.0,13870.0
Mouse_Thymus1,8_29,2,9719.0,13970.0
Mouse_Thymus1,8_30,3,9719.0,14070.0
Mouse_Thymus1,8_31,3,9719.0,14170.0
Mouse_Thymus1,8_32,0,9719.0,14270.0
Mouse_Thymus1,8_33,3,9719.0,14370.0
Mouse_Thymus1,8_34,0,9719.0,14470.0
Mouse_Thymus1,8_35,3,9719.0,14570.0
Mouse_Thymus1,8_36,0,9719.0,14670.0
Mouse_Thymus1,8_37,3,9719.0,14770.0
Mouse_Thymus1,8_38,3,9719.0,14870.0
Mouse_Thymus1,8_39,3,9719.0,14970.0
Mouse_Thymus1,8_40,3,9719.0,15070.0
Mouse_Thymus1,8_41,0,9719.0,15170.0
Mouse_Thymus1,8_42,3,9719.0,15270.0
Mouse_Thymus1,8_43,3,9719.0,15370.0
Mouse_Thymus1,8_44,3,9719.0,15470.0
Mouse_Thymus1,8_45,3,9719.0,15570.0
Mouse_Thymus1,8_46,3,9719.0,15670.0
Mouse_Thymus1,8_47,3,9719.0,15770.0
Mouse_Thymus1,8_48,3,9719.0,15870.0
Mouse_Thymus1,8_49,1,9719.0,15970.0
Mouse_Thymus1,8_50,2,9719.0,16070.0
Mouse_Thymus1,8_51,0,9719.0,16170.0
Mouse_Thymus1,8_52,4,9719.0,16270.0
Mouse_Thymus1,8_53,3,9719.0,16370.0
Mouse_Thymus1,8_54,3,9719.0,16470.0
Mouse_Thymus1,8_55,2,9719.0,16570.0
Mouse_Thymus1,8_56,0,9719.0,16670.0
Mouse_Thymus1,8_57,3,9719.0,16770.0
Mouse_Thymus1,8_58,3,9719.0,16870.0
Mouse_Thymus1,8_59,0,9719.0,16970.0
Mouse_Thymus1,8_60,3,9719.0,17070.0
Mouse_Thymus1,8_61,4,9719.0,17170.0
Mouse_Thymus1,8_62,0,9719.0,17270.0
Mouse_Thymus1,8_63,3,9719.0,17370.0
Mouse_Thymus1,8_64,3,9719.0,17470.0
Mouse_Thymus1,8_65,3,9719.0,17570.0
Mouse_Thymus1,8_66,3,9719.0,17670.0
Mouse_Thymus1,8_67,0,9719.0,17770.0
Mouse_Thymus1,8_68,3,9719.0,17870.0
Mouse_Thymus1,8_69,3,9719.0,17970.0
Mouse_Thymus1,8_7,3,9719.0,11770.0
Mouse_Thymus1,8_70,2,9719.0,18070.0
Mouse_Thymus1,8_71,1,9719.0,18170.0
Mouse_Thymus1,8_72,0,9719.0,18270.0
Mouse_Thymus1,8_73,1,9719.0,18370.0
Mouse_Thymus1,8_74,3,9719.0,18470.0
Mouse_Thymus1,8_8,3,9719.0,11870.0
Mouse_Thymus1,8_9,0,9719.0,11970.0
Mouse_Thymus1,9_10,3,9819.0,12070.0
Mouse_Thymus1,9_11,3,9819.0,12170.0
Mouse_Thymus1,9_12,3,9819.0,12270.0
Mouse_Thymus1,9_13,3,9819.0,12370.0
Mouse_Thymus1,9_14,3,9819.0,12470.0
Mouse_Thymus1,9_15,0,9819.0,12570.0
Mouse_Thymus1,9_16,0,9819.0,12670.0
Mouse_Thymus1,9_17,2,9819.0,12770.0
Mouse_Thymus1,9_18,3,9819.0,12870.0
Mouse_Thymus1,9_19,1,9819.0,12970.0
Mouse_Thymus1,9_20,3,9819.0,13070.0
Mouse_Thymus1,9_21,3,9819.0,13170.0
Mouse_Thymus1,9_22,3,9819.0,13270.0
Mouse_Thymus1,9_23,3,9819.0,13370.0
Mouse_Thymus1,9_24,3,9819.0,13470.0
Mouse_Thymus1,9_25,4,9819.0,13570.0
Mouse_Thymus1,9_26,3,9819.0,13670.0
Mouse_Thymus1,9_27,0,9819.0,13770.0
Mouse_Thymus1,9_28,0,9819.0,13870.0
Mouse_Thymus1,9_29,1,9819.0,13970.0
Mouse_Thymus1,9_30,0,9819.0,14070.0
Mouse_Thymus1,9_31,3,9819.0,14170.0
Mouse_Thymus1,9_32,0,9819.0,14270.0
Mouse_Thymus1,9_33,3,9819.0,14370.0
Mouse_Thymus1,9_34,3,9819.0,14470.0
Mouse_Thymus1,9_35,3,9819.0,14570.0
Mouse_Thymus1,9_36,0,9819.0,14670.0
Mouse_Thymus1,9_37,0,9819.0,14770.0
Mouse_Thymus1,9_38,4,9819.0,14870.0
Mouse_Thymus1,9_39,0,9819.0,14970.0
Mouse_Thymus1,9_40,2,9819.0,15070.0
Mouse_Thymus1,9_41,3,9819.0,15170.0
Mouse_Thymus1,9_42,3,9819.0,15270.0
Mouse_Thymus1,9_43,3,9819.0,15370.0
Mouse_Thymus1,9_44,3,9819.0,15470.0
Mouse_Thymus1,9_45,2,9819.0,15570.0
Mouse_Thymus1,9_46,3,9819.0,15670.0
Mouse_Thymus1,9_47,0,9819.0,15770.0
Mouse_Thymus1,9_48,4,9819.0,15870.0
Mouse_Thymus1,9_49,0,9819.0,15970.0
Mouse_Thymus1,9_50,0,9819.0,16070.0
Mouse_Thymus1,9_51,1,9819.0,16170.0
Mouse_Thymus1,9_52,2,9819.0,16270.0
Mouse_Thymus1,9_53,1,9819.0,16370.0
Mouse_Thymus1,9_54,3,9819.0,16470.0
Mouse_Thymus1,9_55,3,9819.0,16570.0
Mouse_Thymus1,9_56,0,9819.0,16670.0
Mouse_Thymus1,9_57,0,9819.0,16770.0
Mouse_Thymus1,9_58,0,9819.0,16870.0
Mouse_Thymus1,9_59,0,9819.0,16970.0
Mouse_Thymus1,9_6,0,9819.0,11670.0
Mouse_Thymus1,9_60,3,9819.0,17070.0
Mouse_Thymus1,9_61,3,9819.0,17170.0
Mouse_Thymus1,9_62,4,9819.0,17270.0
Mouse_Thymus1,9_63,3,9819.0,17370.0
Mouse_Thymus1,9_64,3,9819.0,17470.0
Mouse_Thymus1,9_65,3,9819.0,17570.0
Mouse_Thymus1,9_66,3,9819.0,17670.0
Mouse_Thymus1,9_67,3,9819.0,17770.0
Mouse_Thymus1,9_68,3,9819.0,17870.0
Mouse_Thymus1,9_69,3,9819.0,17970.0
Mouse_Thymus1,9_7,3,9819.0,11770.0
Mouse_Thymus1,9_70,0,9819.0,18070.0
Mouse_Thymus1,9_71,3,9819.0,18170.0
Mouse_Thymus1,9_72,3,9819.0,18270.0
Mouse_Thymus1,9_73,0,9819.0,18370.0
Mouse_Thymus1,9_74,0,9819.0,18470.0
Mouse_Thymus1,9_75,3,9819.0,18570.0
Mouse_Thymus1,9_8,0,9819.0,11870.0
Mouse_Thymus1,9_9,3,9819.0,11970.0
