section,obs_name,cluster,x,y
Mouse_Thymus2,110_38,5,18838.0,16871.0
Mouse_Thymus2,71_20,10,14938.0,15071.0
Mouse_Thymus2,48_23,0,12638.0,15371.0
Mouse_Thymus2,94_54,6,17238.0,18471.0
Mouse_Thymus2,69_34,5,14738.0,16471.0
Mouse_Thymus2,9_46,11,8738.0,17671.0
Mouse_Thymus2,108_57,0,18638.0,18771.0
Mouse_Thymus2,115_65,1,19338.0,19571.0
Mouse_Thymus2,104_42,11,18238.0,17271.0
Mouse_Thymus2,94_23,5,17238.0,15371.0
Mouse_Thymus2,111_42,5,18938.0,17271.0
Mouse_Thymus2,13_51,3,9138.0,18171.0
Mouse_Thymus2,17_39,7,9538.0,16971.0
Mouse_Thymus2,63_20,10,14138.0,15071.0
Mouse_Thymus2,89_44,11,16738.0,17471.0
Mouse_Thymus2,99_40,7,17738.0,17071.0
Mouse_Thymus2,72_27,5,15038.0,15771.0
Mouse_Thymus2,82_0,8,16038.0,13071.0
Mouse_Thymus2,64_27,1,14238.0,15771.0
Mouse_Thymus2,78_46,1,15638.0,17671.0
Mouse_Thymus2,89_14,5,16738.0,14471.0
Mouse_Thymus2,78_8,1,15638.0,13871.0
Mouse_Thymus2,78_18,7,15638.0,14871.0
Mouse_Thymus2,96_24,5,17438.0,15471.0
Mouse_Thymus2,63_29,5,14138.0,15971.0
Mouse_Thymus2,97_7,3,17538.0,13771.0
Mouse_Thymus2,88_9,10,16638.0,13971.0
Mouse_Thymus2,53_31,8,13138.0,16171.0
Mouse_Thymus2,45_38,5,12338.0,16871.0
Mouse_Thymus2,88_49,4,16638.0,17971.0
Mouse_Thymus2,117_46,2,19538.0,17671.0
Mouse_Thymus2,29_46,5,10738.0,17671.0
Mouse_Thymus2,87_26,7,16538.0,15671.0
Mouse_Thymus2,55_23,7,13338.0,15371.0
Mouse_Thymus2,94_31,7,17238.0,16171.0
Mouse_Thymus2,75_26,5,15338.0,15671.0
Mouse_Thymus2,67_32,7,14538.0,16271.0
Mouse_Thymus2,78_12,3,15638.0,14271.0
Mouse_Thymus2,115_52,0,19338.0,18271.0
Mouse_Thymus2,109_39,5,18738.0,16971.0
Mouse_Thymus2,48_25,0,12638.0,15571.0
Mouse_Thymus2,43_26,10,12138.0,15671.0
Mouse_Thymus2,111_50,3,18938.0,18071.0
Mouse_Thymus2,94_52,1,17238.0,18271.0
Mouse_Thymus2,91_17,5,16938.0,14771.0
Mouse_Thymus2,112_46,2,19038.0,17671.0
Mouse_Thymus2,37_55,6,11538.0,18571.0
Mouse_Thymus2,79_19,5,15738.0,14971.0
Mouse_Thymus2,82_47,7,16038.0,17771.0
Mouse_Thymus2,83_4,1,16138.0,13471.0
Mouse_Thymus2,95_18,0,17338.0,14871.0
Mouse_Thymus2,103_32,2,18138.0,16271.0
Mouse_Thymus2,61_41,3,13938.0,17171.0
Mouse_Thymus2,28_43,2,10638.0,17371.0
Mouse_Thymus2,63_26,10,14138.0,15671.0
Mouse_Thymus2,118_46,3,19638.0,17671.0
Mouse_Thymus2,24_35,6,10238.0,16571.0
Mouse_Thymus2,46_33,8,12438.0,16371.0
Mouse_Thymus2,78_36,5,15638.0,16671.0
Mouse_Thymus2,76_46,7,15438.0,17671.0
Mouse_Thymus2,30_39,3,10838.0,16971.0
Mouse_Thymus2,88_37,8,16638.0,16771.0
Mouse_Thymus2,79_25,2,15738.0,15571.0
Mouse_Thymus2,42_26,7,12038.0,15671.0
Mouse_Thymus2,93_28,4,17138.0,15871.0
Mouse_Thymus2,42_39,5,12038.0,16971.0
Mouse_Thymus2,13_42,7,9138.0,17271.0
Mouse_Thymus2,20_37,3,9838.0,16771.0
Mouse_Thymus2,101_40,2,17938.0,17071.0
Mouse_Thymus2,108_25,4,18638.0,15571.0
Mouse_Thymus2,13_39,8,9138.0,16971.0
Mouse_Thymus2,91_9,1,16938.0,13971.0
Mouse_Thymus2,63_41,1,14138.0,17171.0
Mouse_Thymus2,107_34,2,18538.0,16471.0
Mouse_Thymus2,120_45,3,19838.0,17571.0
Mouse_Thymus2,90_10,3,16838.0,14071.0
Mouse_Thymus2,62_11,3,14038.0,14171.0
Mouse_Thymus2,26_34,11,10438.0,16471.0
Mouse_Thymus2,59_29,2,13738.0,15971.0
Mouse_Thymus2,107_43,10,18538.0,17371.0
Mouse_Thymus2,100_42,3,17838.0,17271.0
Mouse_Thymus2,94_41,9,17238.0,17171.0
Mouse_Thymus2,79_27,2,15738.0,15771.0
Mouse_Thymus2,95_33,10,17338.0,16371.0
Mouse_Thymus2,49_48,3,12738.0,17871.0
Mouse_Thymus2,81_35,0,15938.0,16571.0
Mouse_Thymus2,72_9,7,15038.0,13971.0
Mouse_Thymus2,81_11,1,15938.0,14171.0
Mouse_Thymus2,22_55,8,10038.0,18571.0
Mouse_Thymus2,88_33,3,16638.0,16371.0
Mouse_Thymus2,36_24,6,11438.0,15471.0
Mouse_Thymus2,106_22,8,18438.0,15271.0
Mouse_Thymus2,97_41,1,17538.0,17171.0
Mouse_Thymus2,86_51,1,16438.0,18171.0
Mouse_Thymus2,56_16,1,13438.0,14671.0
Mouse_Thymus2,39_38,7,11738.0,16871.0
Mouse_Thymus2,83_36,0,16138.0,16671.0
Mouse_Thymus2,99_58,0,17738.0,18871.0
Mouse_Thymus2,24_56,10,10238.0,18671.0
Mouse_Thymus2,48_40,2,12638.0,17071.0
Mouse_Thymus2,85_18,5,16338.0,14871.0
Mouse_Thymus2,82_52,1,16038.0,18271.0
Mouse_Thymus2,75_37,5,15338.0,16771.0
Mouse_Thymus2,65_29,10,14338.0,15971.0
Mouse_Thymus2,64_23,7,14238.0,15371.0
Mouse_Thymus2,93_46,11,17138.0,17671.0
Mouse_Thymus2,64_18,3,14238.0,14871.0
Mouse_Thymus2,10_46,1,8838.0,17671.0
Mouse_Thymus2,85_7,7,16338.0,13771.0
Mouse_Thymus2,33_25,0,11138.0,15571.0
Mouse_Thymus2,32_39,3,11038.0,16971.0
Mouse_Thymus2,88_45,0,16638.0,17571.0
Mouse_Thymus2,78_4,1,15638.0,13471.0
Mouse_Thymus2,120_39,6,19838.0,16971.0
Mouse_Thymus2,21_44,5,9938.0,17471.0
Mouse_Thymus2,57_29,5,13538.0,15971.0
Mouse_Thymus2,84_10,3,16238.0,14071.0
Mouse_Thymus2,121_48,1,19938.0,17871.0
Mouse_Thymus2,92_33,1,17038.0,16371.0
Mouse_Thymus2,83_7,1,16138.0,13771.0
Mouse_Thymus2,103_28,5,18138.0,15871.0
Mouse_Thymus2,105_49,3,18338.0,17971.0
Mouse_Thymus2,97_20,2,17538.0,15071.0
Mouse_Thymus2,72_32,3,15038.0,16271.0
Mouse_Thymus2,40_26,10,11838.0,15671.0
Mouse_Thymus2,91_48,1,16938.0,17871.0
Mouse_Thymus2,91_50,1,16938.0,18071.0
Mouse_Thymus2,78_47,7,15638.0,17771.0
Mouse_Thymus2,39_40,2,11738.0,17071.0
Mouse_Thymus2,79_26,2,15738.0,15671.0
Mouse_Thymus2,34_33,1,11238.0,16371.0
Mouse_Thymus2,77_5,1,15538.0,13571.0
Mouse_Thymus2,31_47,2,10938.0,17771.0
Mouse_Thymus2,67_22,2,14538.0,15271.0
Mouse_Thymus2,122_57,7,20038.0,18771.0
Mouse_Thymus2,92_20,4,17038.0,15071.0
Mouse_Thymus2,18_43,5,9638.0,17371.0
Mouse_Thymus2,37_40,2,11538.0,17071.0
Mouse_Thymus2,21_42,0,9938.0,17271.0
Mouse_Thymus2,32_38,1,11038.0,16871.0
Mouse_Thymus2,43_28,5,12138.0,15871.0
Mouse_Thymus2,43_32,8,12138.0,16271.0
Mouse_Thymus2,86_55,1,16438.0,18571.0
Mouse_Thymus2,88_31,1,16638.0,16171.0
Mouse_Thymus2,89_32,9,16738.0,16271.0
Mouse_Thymus2,29_48,10,10738.0,17871.0
Mouse_Thymus2,39_29,7,11738.0,15971.0
Mouse_Thymus2,98_15,0,17638.0,14571.0
Mouse_Thymus2,119_65,1,19738.0,19571.0
Mouse_Thymus2,115_60,3,19338.0,19071.0
Mouse_Thymus2,27_36,3,10538.0,16671.0
Mouse_Thymus2,98_46,1,17638.0,17671.0
Mouse_Thymus2,101_28,5,17938.0,15871.0
Mouse_Thymus2,66_24,2,14438.0,15471.0
Mouse_Thymus2,54_16,0,13238.0,14671.0
Mouse_Thymus2,116_61,3,19438.0,19171.0
Mouse_Thymus2,86_15,10,16438.0,14571.0
Mouse_Thymus2,39_25,3,11738.0,15571.0
Mouse_Thymus2,29_45,5,10738.0,17571.0
Mouse_Thymus2,95_49,1,17338.0,17971.0
Mouse_Thymus2,17_45,5,9538.0,17571.0
Mouse_Thymus2,108_46,5,18638.0,17671.0
Mouse_Thymus2,89_5,1,16738.0,13571.0
Mouse_Thymus2,61_32,2,13938.0,16271.0
Mouse_Thymus2,114_32,3,19238.0,16271.0
Mouse_Thymus2,106_25,0,18438.0,15571.0
Mouse_Thymus2,42_33,3,12038.0,16371.0
Mouse_Thymus2,47_32,4,12538.0,16271.0
Mouse_Thymus2,59_14,11,13738.0,14471.0
Mouse_Thymus2,68_35,5,14638.0,16571.0
Mouse_Thymus2,79_17,7,15738.0,14771.0
Mouse_Thymus2,42_30,2,12038.0,16071.0
Mouse_Thymus2,99_45,1,17738.0,17571.0
Mouse_Thymus2,79_52,3,15738.0,18271.0
Mouse_Thymus2,31_45,5,10938.0,17571.0
Mouse_Thymus2,94_46,1,17238.0,17671.0
Mouse_Thymus2,97_55,0,17538.0,18571.0
Mouse_Thymus2,85_15,2,16338.0,14571.0
Mouse_Thymus2,76_49,0,15438.0,17971.0
Mouse_Thymus2,85_30,7,16338.0,16071.0
Mouse_Thymus2,21_43,5,9938.0,17371.0
Mouse_Thymus2,67_39,3,14538.0,16971.0
Mouse_Thymus2,33_56,6,11138.0,18671.0
Mouse_Thymus2,35_31,0,11338.0,16171.0
Mouse_Thymus2,84_49,1,16238.0,17971.0
Mouse_Thymus2,46_35,3,12438.0,16571.0
Mouse_Thymus2,38_30,7,11638.0,16071.0
Mouse_Thymus2,64_29,2,14238.0,15971.0
Mouse_Thymus2,44_18,3,12238.0,14871.0
Mouse_Thymus2,116_38,1,19438.0,16871.0
Mouse_Thymus2,53_20,2,13138.0,15071.0
Mouse_Thymus2,91_27,0,16938.0,15771.0
Mouse_Thymus2,75_10,0,15338.0,14071.0
Mouse_Thymus2,40_36,7,11838.0,16671.0
Mouse_Thymus2,84_34,0,16238.0,16471.0
Mouse_Thymus2,33_37,3,11138.0,16771.0
Mouse_Thymus2,87_36,8,16538.0,16671.0
Mouse_Thymus2,116_52,4,19438.0,18271.0
Mouse_Thymus2,76_8,3,15438.0,13871.0
Mouse_Thymus2,100_22,2,17838.0,15271.0
Mouse_Thymus2,99_37,5,17738.0,16771.0
Mouse_Thymus2,98_53,0,17638.0,18371.0
Mouse_Thymus2,110_30,1,18838.0,16071.0
Mouse_Thymus2,114_33,7,19238.0,16371.0
Mouse_Thymus2,92_48,7,17038.0,17871.0
Mouse_Thymus2,92_11,1,17038.0,14171.0
Mouse_Thymus2,97_22,5,17538.0,15271.0
Mouse_Thymus2,37_54,1,11538.0,18471.0
Mouse_Thymus2,60_22,5,13838.0,15271.0
Mouse_Thymus2,118_47,10,19638.0,17771.0
Mouse_Thymus2,88_27,1,16638.0,15771.0
Mouse_Thymus2,106_49,3,18438.0,17971.0
Mouse_Thymus2,29_49,1,10738.0,17971.0
Mouse_Thymus2,123_59,3,20138.0,18971.0
Mouse_Thymus2,112_50,3,19038.0,18071.0
Mouse_Thymus2,80_23,5,15838.0,15371.0
Mouse_Thymus2,41_48,3,11938.0,17871.0
Mouse_Thymus2,48_18,1,12638.0,14871.0
Mouse_Thymus2,28_39,3,10638.0,16971.0
Mouse_Thymus2,53_14,6,13138.0,14471.0
Mouse_Thymus2,32_42,2,11038.0,17271.0
Mouse_Thymus2,106_52,3,18438.0,18271.0
Mouse_Thymus2,33_30,3,11138.0,16071.0
Mouse_Thymus2,65_16,3,14338.0,14671.0
Mouse_Thymus2,65_38,1,14338.0,16871.0
Mouse_Thymus2,68_32,10,14638.0,16271.0
Mouse_Thymus2,50_43,3,12838.0,17371.0
Mouse_Thymus2,111_31,7,18938.0,16171.0
Mouse_Thymus2,13_48,10,9138.0,17871.0
Mouse_Thymus2,50_20,1,12838.0,15071.0
Mouse_Thymus2,105_44,3,18338.0,17471.0
Mouse_Thymus2,47_26,8,12538.0,15671.0
Mouse_Thymus2,11_41,3,8938.0,17171.0
Mouse_Thymus2,58_17,1,13638.0,14771.0
Mouse_Thymus2,93_15,7,17138.0,14571.0
Mouse_Thymus2,118_54,5,19638.0,18471.0
Mouse_Thymus2,22_49,10,10038.0,17971.0
Mouse_Thymus2,98_17,7,17638.0,14771.0
Mouse_Thymus2,94_58,1,17238.0,18871.0
Mouse_Thymus2,42_44,2,12038.0,17471.0
Mouse_Thymus2,115_46,5,19338.0,17671.0
Mouse_Thymus2,37_46,2,11538.0,17671.0
Mouse_Thymus2,87_56,1,16538.0,18671.0
Mouse_Thymus2,47_18,1,12538.0,14871.0
Mouse_Thymus2,81_48,3,15938.0,17871.0
Mouse_Thymus2,8_44,3,8638.0,17471.0
Mouse_Thymus2,123_69,3,20138.0,19971.0
Mouse_Thymus2,83_29,2,16138.0,15971.0
Mouse_Thymus2,59_42,6,13738.0,17271.0
Mouse_Thymus2,110_32,1,18838.0,16271.0
Mouse_Thymus2,67_40,8,14538.0,17071.0
Mouse_Thymus2,87_2,6,16538.0,13271.0
Mouse_Thymus2,74_7,1,15238.0,13771.0
Mouse_Thymus2,92_34,1,17038.0,16471.0
Mouse_Thymus2,116_37,1,19438.0,16771.0
Mouse_Thymus2,43_40,5,12138.0,17071.0
Mouse_Thymus2,20_39,1,9838.0,16971.0
Mouse_Thymus2,102_54,1,18038.0,18471.0
Mouse_Thymus2,44_17,3,12238.0,14771.0
Mouse_Thymus2,94_37,1,17238.0,16771.0
Mouse_Thymus2,30_49,3,10838.0,17971.0
Mouse_Thymus2,98_14,1,17638.0,14471.0
Mouse_Thymus2,109_51,3,18738.0,18171.0
Mouse_Thymus2,19_52,7,9738.0,18271.0
Mouse_Thymus2,89_35,11,16738.0,16571.0
Mouse_Thymus2,100_10,3,17838.0,14071.0
Mouse_Thymus2,106_24,0,18438.0,15471.0
Mouse_Thymus2,95_13,7,17338.0,14371.0
Mouse_Thymus2,91_21,5,16938.0,15171.0
Mouse_Thymus2,111_55,3,18938.0,18571.0
Mouse_Thymus2,104_38,5,18238.0,16871.0
Mouse_Thymus2,15_41,1,9338.0,17171.0
Mouse_Thymus2,77_28,2,15538.0,15871.0
Mouse_Thymus2,83_45,1,16138.0,17571.0
Mouse_Thymus2,70_44,6,14838.0,17471.0
Mouse_Thymus2,45_32,8,12338.0,16271.0
Mouse_Thymus2,92_17,2,17038.0,14771.0
Mouse_Thymus2,63_9,6,14138.0,13971.0
Mouse_Thymus2,83_0,7,16138.0,13071.0
Mouse_Thymus2,81_40,5,15938.0,17071.0
Mouse_Thymus2,42_24,7,12038.0,15471.0
Mouse_Thymus2,120_61,2,19838.0,19171.0
Mouse_Thymus2,118_38,0,19638.0,16871.0
Mouse_Thymus2,54_30,8,13238.0,16071.0
Mouse_Thymus2,122_50,3,20038.0,18071.0
Mouse_Thymus2,82_38,10,16038.0,16871.0
Mouse_Thymus2,80_32,4,15838.0,16271.0
Mouse_Thymus2,123_61,0,20138.0,19171.0
Mouse_Thymus2,98_31,7,17638.0,16171.0
Mouse_Thymus2,91_6,3,16938.0,13671.0
Mouse_Thymus2,82_32,1,16038.0,16271.0
Mouse_Thymus2,54_14,3,13238.0,14471.0
Mouse_Thymus2,55_20,0,13338.0,15071.0
Mouse_Thymus2,71_45,6,14938.0,17571.0
Mouse_Thymus2,30_46,2,10838.0,17671.0
Mouse_Thymus2,76_29,2,15438.0,15971.0
Mouse_Thymus2,59_41,1,13738.0,17171.0
Mouse_Thymus2,24_41,11,10238.0,17171.0
Mouse_Thymus2,110_34,0,18838.0,16471.0
Mouse_Thymus2,94_24,5,17238.0,15471.0
Mouse_Thymus2,48_43,2,12638.0,17371.0
Mouse_Thymus2,108_40,5,18638.0,17071.0
Mouse_Thymus2,97_31,2,17538.0,16171.0
Mouse_Thymus2,74_46,1,15238.0,17671.0
Mouse_Thymus2,41_39,5,11938.0,16971.0
Mouse_Thymus2,88_21,2,16638.0,15171.0
Mouse_Thymus2,99_35,5,17738.0,16571.0
Mouse_Thymus2,30_42,5,10838.0,17271.0
Mouse_Thymus2,82_36,3,16038.0,16671.0
Mouse_Thymus2,56_37,10,13438.0,16771.0
Mouse_Thymus2,110_48,3,18838.0,17871.0
Mouse_Thymus2,54_35,10,13238.0,16571.0
Mouse_Thymus2,100_51,1,17838.0,18171.0
Mouse_Thymus2,94_22,5,17238.0,15271.0
Mouse_Thymus2,30_41,2,10838.0,17171.0
Mouse_Thymus2,39_22,3,11738.0,15271.0
Mouse_Thymus2,55_38,7,13338.0,16871.0
Mouse_Thymus2,96_32,7,17438.0,16271.0
Mouse_Thymus2,122_52,0,20038.0,18271.0
Mouse_Thymus2,49_20,1,12738.0,15071.0
Mouse_Thymus2,18_48,7,9638.0,17871.0
Mouse_Thymus2,107_47,3,18538.0,17771.0
Mouse_Thymus2,47_23,7,12538.0,15371.0
Mouse_Thymus2,83_20,5,16138.0,15071.0
Mouse_Thymus2,98_29,0,17638.0,15971.0
Mouse_Thymus2,55_42,3,13338.0,17271.0
Mouse_Thymus2,101_54,1,17938.0,18471.0
Mouse_Thymus2,75_13,11,15338.0,14371.0
Mouse_Thymus2,117_40,11,19538.0,17071.0
Mouse_Thymus2,72_11,1,15038.0,14171.0
Mouse_Thymus2,6_42,4,8438.0,17271.0
Mouse_Thymus2,110_50,7,18838.0,18071.0
Mouse_Thymus2,83_52,3,16138.0,18271.0
Mouse_Thymus2,54_27,2,13238.0,15771.0
Mouse_Thymus2,43_36,3,12138.0,16671.0
Mouse_Thymus2,80_27,10,15838.0,15771.0
Mouse_Thymus2,91_22,5,16938.0,15271.0
Mouse_Thymus2,92_39,1,17038.0,16971.0
Mouse_Thymus2,89_25,7,16738.0,15571.0
Mouse_Thymus2,91_13,1,16938.0,14371.0
Mouse_Thymus2,12_40,1,9038.0,17071.0
Mouse_Thymus2,65_31,2,14338.0,16171.0
Mouse_Thymus2,114_38,1,19238.0,16871.0
Mouse_Thymus2,97_18,7,17538.0,14871.0
Mouse_Thymus2,89_41,3,16738.0,17171.0
Mouse_Thymus2,25_34,3,10338.0,16471.0
Mouse_Thymus2,76_33,2,15438.0,16371.0
Mouse_Thymus2,101_35,2,17938.0,16571.0
Mouse_Thymus2,29_54,7,10738.0,18471.0
Mouse_Thymus2,79_50,3,15738.0,18071.0
Mouse_Thymus2,20_49,7,9838.0,17971.0
Mouse_Thymus2,86_38,1,16438.0,16871.0
Mouse_Thymus2,113_57,1,19138.0,18771.0
Mouse_Thymus2,31_32,10,10938.0,16271.0
Mouse_Thymus2,116_49,2,19438.0,17971.0
Mouse_Thymus2,96_54,1,17438.0,18471.0
Mouse_Thymus2,23_53,3,10138.0,18371.0
Mouse_Thymus2,79_21,5,15738.0,15171.0
Mouse_Thymus2,89_40,1,16738.0,17071.0
Mouse_Thymus2,99_50,0,17738.0,18071.0
Mouse_Thymus2,10_43,3,8838.0,17371.0
Mouse_Thymus2,23_41,1,10138.0,17171.0
Mouse_Thymus2,92_10,1,17038.0,14071.0
Mouse_Thymus2,34_44,5,11238.0,17471.0
Mouse_Thymus2,55_35,10,13338.0,16571.0
Mouse_Thymus2,98_7,8,17638.0,13771.0
Mouse_Thymus2,90_44,1,16838.0,17471.0
Mouse_Thymus2,91_46,4,16938.0,17671.0
Mouse_Thymus2,81_46,1,15938.0,17671.0
Mouse_Thymus2,57_42,7,13538.0,17271.0
Mouse_Thymus2,69_7,1,14738.0,13771.0
Mouse_Thymus2,81_33,1,15938.0,16371.0
Mouse_Thymus2,84_3,1,16238.0,13371.0
Mouse_Thymus2,49_31,10,12738.0,16171.0
Mouse_Thymus2,50_22,7,12838.0,15271.0
Mouse_Thymus2,95_56,1,17338.0,18671.0
Mouse_Thymus2,39_47,3,11738.0,17771.0
Mouse_Thymus2,65_12,9,14338.0,14271.0
Mouse_Thymus2,76_43,8,15438.0,17371.0
Mouse_Thymus2,83_25,11,16138.0,15571.0
Mouse_Thymus2,90_40,0,16838.0,17071.0
Mouse_Thymus2,112_54,7,19038.0,18471.0
Mouse_Thymus2,12_41,3,9038.0,17171.0
Mouse_Thymus2,84_50,9,16238.0,18071.0
Mouse_Thymus2,49_45,3,12738.0,17571.0
Mouse_Thymus2,117_38,3,19538.0,16871.0
Mouse_Thymus2,41_35,3,11938.0,16571.0
Mouse_Thymus2,32_32,10,11038.0,16271.0
Mouse_Thymus2,103_35,5,18138.0,16571.0
Mouse_Thymus2,33_26,3,11138.0,15671.0
Mouse_Thymus2,87_35,3,16538.0,16571.0
Mouse_Thymus2,17_41,1,9538.0,17171.0
Mouse_Thymus2,99_36,5,17738.0,16671.0
Mouse_Thymus2,30_30,0,10838.0,16071.0
Mouse_Thymus2,40_35,0,11838.0,16571.0
Mouse_Thymus2,59_20,7,13738.0,15071.0
Mouse_Thymus2,90_55,1,16838.0,18571.0
Mouse_Thymus2,119_57,7,19738.0,18771.0
Mouse_Thymus2,80_18,5,15838.0,14871.0
Mouse_Thymus2,69_26,2,14738.0,15671.0
Mouse_Thymus2,89_18,5,16738.0,14871.0
Mouse_Thymus2,95_32,11,17338.0,16271.0
Mouse_Thymus2,109_30,1,18738.0,16071.0
Mouse_Thymus2,27_47,5,10538.0,17771.0
Mouse_Thymus2,98_32,2,17638.0,16271.0
Mouse_Thymus2,97_58,3,17538.0,18871.0
Mouse_Thymus2,56_36,10,13438.0,16671.0
Mouse_Thymus2,92_36,1,17038.0,16671.0
Mouse_Thymus2,79_22,5,15738.0,15271.0
Mouse_Thymus2,63_27,10,14138.0,15771.0
Mouse_Thymus2,99_27,2,17738.0,15771.0
Mouse_Thymus2,105_30,8,18338.0,16071.0
Mouse_Thymus2,101_49,1,17938.0,17971.0
Mouse_Thymus2,34_34,0,11238.0,16471.0
Mouse_Thymus2,16_53,8,9438.0,18371.0
Mouse_Thymus2,47_43,5,12538.0,17371.0
Mouse_Thymus2,24_45,5,10238.0,17571.0
Mouse_Thymus2,113_64,3,19138.0,19471.0
Mouse_Thymus2,24_55,8,10238.0,18571.0
Mouse_Thymus2,39_42,2,11738.0,17271.0
Mouse_Thymus2,37_26,1,11538.0,15671.0
Mouse_Thymus2,74_19,9,15238.0,14971.0
Mouse_Thymus2,20_55,8,9838.0,18571.0
Mouse_Thymus2,16_44,5,9438.0,17471.0
Mouse_Thymus2,95_37,1,17338.0,16771.0
Mouse_Thymus2,122_51,1,20038.0,18171.0
Mouse_Thymus2,51_27,5,12938.0,15771.0
Mouse_Thymus2,97_48,8,17538.0,17871.0
Mouse_Thymus2,76_26,2,15438.0,15671.0
Mouse_Thymus2,73_15,3,15138.0,14571.0
Mouse_Thymus2,71_9,8,14938.0,13971.0
Mouse_Thymus2,118_43,1,19638.0,17371.0
Mouse_Thymus2,55_36,10,13338.0,16671.0
Mouse_Thymus2,11_46,8,8938.0,17671.0
Mouse_Thymus2,26_41,3,10438.0,17171.0
Mouse_Thymus2,66_23,2,14438.0,15371.0
Mouse_Thymus2,79_2,0,15738.0,13271.0
Mouse_Thymus2,111_30,1,18938.0,16071.0
Mouse_Thymus2,34_27,1,11238.0,15771.0
Mouse_Thymus2,111_32,4,18938.0,16271.0
Mouse_Thymus2,80_34,0,15838.0,16471.0
Mouse_Thymus2,5_48,6,8338.0,17871.0
Mouse_Thymus2,76_15,10,15438.0,14571.0
Mouse_Thymus2,72_6,1,15038.0,13671.0
Mouse_Thymus2,118_42,3,19638.0,17271.0
Mouse_Thymus2,94_21,10,17238.0,15171.0
Mouse_Thymus2,122_68,3,20038.0,19871.0
Mouse_Thymus2,63_25,2,14138.0,15571.0
Mouse_Thymus2,109_32,1,18738.0,16271.0
Mouse_Thymus2,91_20,5,16938.0,15071.0
Mouse_Thymus2,59_39,0,13738.0,16971.0
Mouse_Thymus2,112_36,0,19038.0,16671.0
Mouse_Thymus2,111_49,0,18938.0,17971.0
Mouse_Thymus2,59_22,10,13738.0,15271.0
Mouse_Thymus2,76_5,1,15438.0,13571.0
Mouse_Thymus2,33_51,3,11138.0,18171.0
Mouse_Thymus2,104_55,1,18238.0,18571.0
Mouse_Thymus2,82_5,1,16038.0,13571.0
Mouse_Thymus2,95_30,8,17338.0,16071.0
Mouse_Thymus2,70_27,5,14838.0,15771.0
Mouse_Thymus2,86_47,1,16438.0,17771.0
Mouse_Thymus2,91_23,2,16938.0,15371.0
Mouse_Thymus2,16_50,7,9438.0,18071.0
Mouse_Thymus2,40_34,4,11838.0,16471.0
Mouse_Thymus2,93_60,3,17138.0,19071.0
Mouse_Thymus2,69_23,2,14738.0,15371.0
Mouse_Thymus2,35_25,1,11338.0,15571.0
Mouse_Thymus2,23_38,10,10138.0,16871.0
Mouse_Thymus2,20_47,2,9838.0,17771.0
Mouse_Thymus2,124_58,0,20238.0,18871.0
Mouse_Thymus2,85_46,4,16338.0,17671.0
Mouse_Thymus2,44_48,0,12238.0,17871.0
Mouse_Thymus2,51_29,2,12938.0,15971.0
Mouse_Thymus2,68_14,0,14638.0,14471.0
Mouse_Thymus2,94_27,2,17238.0,15771.0
Mouse_Thymus2,110_40,2,18838.0,17071.0
Mouse_Thymus2,112_35,1,19038.0,16571.0
Mouse_Thymus2,62_12,0,14038.0,14271.0
Mouse_Thymus2,38_49,0,11638.0,17971.0
Mouse_Thymus2,77_18,3,15538.0,14871.0
Mouse_Thymus2,62_39,3,14038.0,16971.0
Mouse_Thymus2,44_27,5,12238.0,15771.0
Mouse_Thymus2,85_16,5,16338.0,14671.0
Mouse_Thymus2,98_9,3,17638.0,13971.0
Mouse_Thymus2,31_36,0,10938.0,16671.0
Mouse_Thymus2,45_29,5,12338.0,15971.0
Mouse_Thymus2,50_21,1,12838.0,15171.0
Mouse_Thymus2,55_33,2,13338.0,16371.0
Mouse_Thymus2,22_46,5,10038.0,17671.0
Mouse_Thymus2,71_2,0,14938.0,13271.0
Mouse_Thymus2,86_17,2,16438.0,14771.0
Mouse_Thymus2,98_27,10,17638.0,15771.0
Mouse_Thymus2,89_20,4,16738.0,15071.0
Mouse_Thymus2,62_29,2,14038.0,15971.0
Mouse_Thymus2,20_48,7,9838.0,17871.0
Mouse_Thymus2,15_47,2,9338.0,17771.0
Mouse_Thymus2,35_44,2,11338.0,17471.0
Mouse_Thymus2,119_45,1,19738.0,17571.0
Mouse_Thymus2,58_39,3,13638.0,16971.0
Mouse_Thymus2,71_23,5,14938.0,15371.0
Mouse_Thymus2,81_34,0,15938.0,16471.0
Mouse_Thymus2,113_48,10,19138.0,17871.0
Mouse_Thymus2,106_33,2,18438.0,16371.0
Mouse_Thymus2,112_48,10,19038.0,17871.0
Mouse_Thymus2,89_54,1,16738.0,18471.0
Mouse_Thymus2,72_34,7,15038.0,16471.0
Mouse_Thymus2,35_38,7,11338.0,16871.0
Mouse_Thymus2,21_39,3,9938.0,16971.0
Mouse_Thymus2,76_0,4,15438.0,13071.0
Mouse_Thymus2,56_17,7,13438.0,14771.0
Mouse_Thymus2,71_37,5,14938.0,16771.0
Mouse_Thymus2,77_0,3,15538.0,13071.0
Mouse_Thymus2,94_8,10,17238.0,13871.0
Mouse_Thymus2,75_11,7,15338.0,14171.0
Mouse_Thymus2,56_41,1,13438.0,17171.0
Mouse_Thymus2,73_7,0,15138.0,13771.0
Mouse_Thymus2,90_47,1,16838.0,17771.0
Mouse_Thymus2,103_50,1,18138.0,18071.0
Mouse_Thymus2,27_55,3,10538.0,18571.0
Mouse_Thymus2,22_54,3,10038.0,18471.0
Mouse_Thymus2,103_57,0,18138.0,18771.0
Mouse_Thymus2,72_0,3,15038.0,13071.0
Mouse_Thymus2,78_49,1,15638.0,17971.0
Mouse_Thymus2,30_28,0,10838.0,15871.0
Mouse_Thymus2,98_21,5,17638.0,15171.0
Mouse_Thymus2,74_41,0,15238.0,17171.0
Mouse_Thymus2,85_29,10,16338.0,15971.0
Mouse_Thymus2,47_27,2,12538.0,15771.0
Mouse_Thymus2,102_29,5,18038.0,15971.0
Mouse_Thymus2,56_30,2,13438.0,16071.0
Mouse_Thymus2,76_9,1,15438.0,13971.0
Mouse_Thymus2,35_45,5,11338.0,17571.0
Mouse_Thymus2,106_53,0,18438.0,18371.0
Mouse_Thymus2,104_45,9,18238.0,17571.0
Mouse_Thymus2,90_50,7,16838.0,18071.0
Mouse_Thymus2,73_8,1,15138.0,13871.0
Mouse_Thymus2,63_18,8,14138.0,14871.0
Mouse_Thymus2,23_45,5,10138.0,17571.0
Mouse_Thymus2,93_14,7,17138.0,14471.0
Mouse_Thymus2,36_53,1,11438.0,18371.0
Mouse_Thymus2,33_44,5,11138.0,17471.0
Mouse_Thymus2,105_35,2,18338.0,16571.0
Mouse_Thymus2,110_49,0,18838.0,17971.0
Mouse_Thymus2,110_44,5,18838.0,17471.0
Mouse_Thymus2,65_18,10,14338.0,14871.0
Mouse_Thymus2,96_27,10,17438.0,15771.0
Mouse_Thymus2,93_23,5,17138.0,15371.0
Mouse_Thymus2,68_5,6,14638.0,13571.0
Mouse_Thymus2,86_23,7,16438.0,15371.0
Mouse_Thymus2,115_45,2,19338.0,17571.0
Mouse_Thymus2,63_28,2,14138.0,15871.0
Mouse_Thymus2,101_53,1,17938.0,18371.0
Mouse_Thymus2,89_26,3,16738.0,15671.0
Mouse_Thymus2,39_35,0,11738.0,16571.0
Mouse_Thymus2,119_56,10,19738.0,18671.0
Mouse_Thymus2,100_39,5,17838.0,16971.0
Mouse_Thymus2,9_49,8,8738.0,17971.0
Mouse_Thymus2,85_31,3,16338.0,16171.0
Mouse_Thymus2,55_27,5,13338.0,15771.0
Mouse_Thymus2,75_29,5,15338.0,15971.0
Mouse_Thymus2,98_16,1,17638.0,14671.0
Mouse_Thymus2,81_21,5,15938.0,15171.0
Mouse_Thymus2,102_27,5,18038.0,15771.0
Mouse_Thymus2,39_39,10,11738.0,16971.0
Mouse_Thymus2,24_49,10,10238.0,17971.0
Mouse_Thymus2,27_39,3,10538.0,16971.0
Mouse_Thymus2,96_48,7,17438.0,17871.0
Mouse_Thymus2,93_22,2,17138.0,15271.0
Mouse_Thymus2,73_31,2,15138.0,16171.0
Mouse_Thymus2,87_44,1,16538.0,17471.0
Mouse_Thymus2,38_40,5,11638.0,17071.0
Mouse_Thymus2,77_34,5,15538.0,16471.0
Mouse_Thymus2,98_55,1,17638.0,18571.0
Mouse_Thymus2,37_50,1,11538.0,18071.0
Mouse_Thymus2,104_57,1,18238.0,18771.0
Mouse_Thymus2,29_52,1,10738.0,18271.0
Mouse_Thymus2,61_40,1,13938.0,17071.0
Mouse_Thymus2,78_2,7,15638.0,13271.0
Mouse_Thymus2,63_40,1,14138.0,17071.0
Mouse_Thymus2,82_48,1,16038.0,17871.0
Mouse_Thymus2,82_45,11,16038.0,17571.0
Mouse_Thymus2,112_57,1,19038.0,18771.0
Mouse_Thymus2,99_23,5,17738.0,15371.0
Mouse_Thymus2,46_18,1,12438.0,14871.0
Mouse_Thymus2,25_45,2,10338.0,17571.0
Mouse_Thymus2,51_15,3,12938.0,14571.0
Mouse_Thymus2,36_33,1,11438.0,16371.0
Mouse_Thymus2,26_35,1,10438.0,16571.0
Mouse_Thymus2,78_35,5,15638.0,16571.0
Mouse_Thymus2,85_51,7,16338.0,18171.0
Mouse_Thymus2,43_27,2,12138.0,15771.0
Mouse_Thymus2,46_23,0,12438.0,15371.0
Mouse_Thymus2,62_19,7,14038.0,14971.0
Mouse_Thymus2,46_43,5,12438.0,17371.0
Mouse_Thymus2,76_25,2,15438.0,15571.0
Mouse_Thymus2,69_32,3,14738.0,16271.0
Mouse_Thymus2,81_38,2,15938.0,16871.0
Mouse_Thymus2,115_41,7,19338.0,17171.0
Mouse_Thymus2,102_34,10,18038.0,16471.0
Mouse_Thymus2,71_29,2,14938.0,15971.0
Mouse_Thymus2,104_19,0,18238.0,14971.0
Mouse_Thymus2,49_19,1,12738.0,14971.0
Mouse_Thymus2,32_29,3,11038.0,15971.0
Mouse_Thymus2,74_29,10,15238.0,15971.0
Mouse_Thymus2,4_44,0,8238.0,17471.0
Mouse_Thymus2,114_50,7,19238.0,18071.0
Mouse_Thymus2,36_29,10,11438.0,15971.0
Mouse_Thymus2,11_43,3,8938.0,17371.0
Mouse_Thymus2,61_28,5,13938.0,15871.0
Mouse_Thymus2,78_39,5,15638.0,16971.0
Mouse_Thymus2,53_26,2,13138.0,15671.0
Mouse_Thymus2,23_39,1,10138.0,16971.0
Mouse_Thymus2,55_18,7,13338.0,14871.0
Mouse_Thymus2,75_40,5,15338.0,17071.0
Mouse_Thymus2,70_14,0,14838.0,14471.0
Mouse_Thymus2,61_29,5,13938.0,15971.0
Mouse_Thymus2,78_10,10,15638.0,14071.0
Mouse_Thymus2,38_53,1,11638.0,18371.0
Mouse_Thymus2,108_33,3,18638.0,16371.0
Mouse_Thymus2,33_47,2,11138.0,17771.0
Mouse_Thymus2,124_72,3,20238.0,20271.0
Mouse_Thymus2,3_46,0,8138.0,17671.0
Mouse_Thymus2,23_54,3,10138.0,18471.0
Mouse_Thymus2,83_1,3,16138.0,13171.0
Mouse_Thymus2,124_59,3,20238.0,18971.0
Mouse_Thymus2,81_53,9,15938.0,18371.0
Mouse_Thymus2,94_13,0,17238.0,14371.0
Mouse_Thymus2,107_56,0,18538.0,18671.0
Mouse_Thymus2,114_62,1,19238.0,19271.0
Mouse_Thymus2,12_47,10,9038.0,17771.0
Mouse_Thymus2,54_17,1,13238.0,14771.0
Mouse_Thymus2,91_42,8,16938.0,17271.0
Mouse_Thymus2,87_32,1,16538.0,16271.0
Mouse_Thymus2,118_48,2,19638.0,17871.0
Mouse_Thymus2,87_21,5,16538.0,15171.0
Mouse_Thymus2,55_14,1,13338.0,14471.0
Mouse_Thymus2,46_45,7,12438.0,17571.0
Mouse_Thymus2,32_34,3,11038.0,16471.0
Mouse_Thymus2,101_26,2,17938.0,15671.0
Mouse_Thymus2,10_45,7,8838.0,17571.0
Mouse_Thymus2,108_28,3,18638.0,15871.0
Mouse_Thymus2,88_57,8,16638.0,18771.0
Mouse_Thymus2,67_8,0,14538.0,13871.0
Mouse_Thymus2,121_58,2,19938.0,18871.0
Mouse_Thymus2,76_2,0,15438.0,13271.0
Mouse_Thymus2,55_40,0,13338.0,17071.0
Mouse_Thymus2,80_51,3,15838.0,18171.0
Mouse_Thymus2,103_46,1,18138.0,17671.0
Mouse_Thymus2,98_40,8,17638.0,17071.0
Mouse_Thymus2,74_14,7,15238.0,14471.0
Mouse_Thymus2,77_3,1,15538.0,13371.0
Mouse_Thymus2,19_50,1,9738.0,18071.0
Mouse_Thymus2,33_35,3,11138.0,16571.0
Mouse_Thymus2,106_55,8,18438.0,18571.0
Mouse_Thymus2,11_47,1,8938.0,17771.0
Mouse_Thymus2,98_48,8,17638.0,17871.0
Mouse_Thymus2,92_13,3,17038.0,14371.0
Mouse_Thymus2,69_18,7,14738.0,14871.0
Mouse_Thymus2,90_5,6,16838.0,13571.0
Mouse_Thymus2,87_20,5,16538.0,15071.0
Mouse_Thymus2,86_43,1,16438.0,17371.0
Mouse_Thymus2,76_35,2,15438.0,16571.0
Mouse_Thymus2,98_50,0,17638.0,18071.0
Mouse_Thymus2,107_27,3,18538.0,15771.0
Mouse_Thymus2,102_18,1,18038.0,14871.0
Mouse_Thymus2,57_16,0,13538.0,14671.0
Mouse_Thymus2,55_39,0,13338.0,16971.0
Mouse_Thymus2,104_20,0,18238.0,15071.0
Mouse_Thymus2,105_21,8,18338.0,15171.0
Mouse_Thymus2,65_26,2,14338.0,15671.0
Mouse_Thymus2,10_42,3,8838.0,17271.0
Mouse_Thymus2,74_34,2,15238.0,16471.0
Mouse_Thymus2,32_43,2,11038.0,17371.0
Mouse_Thymus2,82_13,3,16038.0,14371.0
Mouse_Thymus2,76_47,3,15438.0,17771.0
Mouse_Thymus2,122_65,5,20038.0,19571.0
Mouse_Thymus2,84_8,1,16238.0,13871.0
Mouse_Thymus2,118_58,5,19638.0,18871.0
Mouse_Thymus2,40_31,7,11838.0,16171.0
Mouse_Thymus2,44_34,3,12238.0,16471.0
Mouse_Thymus2,95_26,2,17338.0,15671.0
Mouse_Thymus2,83_15,10,16138.0,14571.0
Mouse_Thymus2,70_41,3,14838.0,17171.0
Mouse_Thymus2,123_72,3,20138.0,20271.0
Mouse_Thymus2,41_37,3,11938.0,16771.0
Mouse_Thymus2,75_30,5,15338.0,16071.0
Mouse_Thymus2,75_23,10,15338.0,15371.0
Mouse_Thymus2,93_30,0,17138.0,16071.0
Mouse_Thymus2,111_53,1,18938.0,18371.0
Mouse_Thymus2,68_30,0,14638.0,16071.0
Mouse_Thymus2,69_35,5,14738.0,16571.0
Mouse_Thymus2,77_9,7,15538.0,13971.0
Mouse_Thymus2,44_23,3,12238.0,15371.0
Mouse_Thymus2,95_28,8,17338.0,15871.0
Mouse_Thymus2,40_47,7,11838.0,17771.0
Mouse_Thymus2,93_26,5,17138.0,15671.0
Mouse_Thymus2,21_40,0,9938.0,17071.0
Mouse_Thymus2,32_53,0,11038.0,18371.0
Mouse_Thymus2,110_60,1,18838.0,19071.0
Mouse_Thymus2,62_41,3,14038.0,17171.0
Mouse_Thymus2,76_19,7,15438.0,14971.0
Mouse_Thymus2,121_44,3,19938.0,17471.0
Mouse_Thymus2,124_60,0,20238.0,19071.0
Mouse_Thymus2,58_21,1,13638.0,15171.0
Mouse_Thymus2,99_20,2,17738.0,15071.0
Mouse_Thymus2,72_15,3,15038.0,14571.0
Mouse_Thymus2,90_19,2,16838.0,14971.0
Mouse_Thymus2,115_48,10,19338.0,17871.0
Mouse_Thymus2,37_28,7,11538.0,15871.0
Mouse_Thymus2,73_14,1,15138.0,14471.0
Mouse_Thymus2,62_35,5,14038.0,16571.0
Mouse_Thymus2,80_8,1,15838.0,13871.0
Mouse_Thymus2,45_31,10,12338.0,16171.0
Mouse_Thymus2,18_41,11,9638.0,17171.0
Mouse_Thymus2,41_22,3,11938.0,15271.0
Mouse_Thymus2,123_65,5,20138.0,19571.0
Mouse_Thymus2,79_40,5,15738.0,17071.0
Mouse_Thymus2,60_35,2,13838.0,16571.0
Mouse_Thymus2,58_27,5,13638.0,15771.0
Mouse_Thymus2,46_16,6,12438.0,14671.0
Mouse_Thymus2,113_58,0,19138.0,18871.0
Mouse_Thymus2,114_64,3,19238.0,19471.0
Mouse_Thymus2,37_53,3,11538.0,18371.0
Mouse_Thymus2,80_35,8,15838.0,16571.0
Mouse_Thymus2,11_50,3,8938.0,18071.0
Mouse_Thymus2,93_11,3,17138.0,14171.0
Mouse_Thymus2,82_37,11,16038.0,16771.0
Mouse_Thymus2,77_50,3,15538.0,18071.0
Mouse_Thymus2,37_39,2,11538.0,16971.0
Mouse_Thymus2,100_55,1,17838.0,18571.0
Mouse_Thymus2,113_63,1,19138.0,19371.0
Mouse_Thymus2,35_26,1,11338.0,15671.0
Mouse_Thymus2,26_43,2,10438.0,17371.0
Mouse_Thymus2,59_36,5,13738.0,16671.0
Mouse_Thymus2,74_35,2,15238.0,16571.0
Mouse_Thymus2,106_44,1,18438.0,17471.0
Mouse_Thymus2,13_40,3,9138.0,17071.0
Mouse_Thymus2,119_71,6,19738.0,20171.0
Mouse_Thymus2,80_22,5,15838.0,15271.0
Mouse_Thymus2,105_48,7,18338.0,17871.0
Mouse_Thymus2,119_38,0,19738.0,16871.0
Mouse_Thymus2,6_43,7,8438.0,17371.0
Mouse_Thymus2,94_20,9,17238.0,15071.0
Mouse_Thymus2,97_46,8,17538.0,17671.0
Mouse_Thymus2,65_10,0,14338.0,14071.0
Mouse_Thymus2,26_51,4,10438.0,18171.0
Mouse_Thymus2,76_7,10,15438.0,13771.0
Mouse_Thymus2,97_23,5,17538.0,15371.0
Mouse_Thymus2,94_32,8,17238.0,16271.0
Mouse_Thymus2,94_30,1,17238.0,16071.0
Mouse_Thymus2,35_47,5,11338.0,17771.0
Mouse_Thymus2,85_25,1,16338.0,15571.0
Mouse_Thymus2,111_41,2,18938.0,17171.0
Mouse_Thymus2,66_16,0,14438.0,14671.0
Mouse_Thymus2,71_26,5,14938.0,15671.0
Mouse_Thymus2,94_10,1,17238.0,14071.0
Mouse_Thymus2,40_49,1,11838.0,17971.0
Mouse_Thymus2,93_19,10,17138.0,14971.0
Mouse_Thymus2,32_46,2,11038.0,17671.0
Mouse_Thymus2,107_25,3,18538.0,15571.0
Mouse_Thymus2,81_24,5,15938.0,15471.0
Mouse_Thymus2,46_34,10,12438.0,16471.0
Mouse_Thymus2,81_18,5,15938.0,14871.0
Mouse_Thymus2,104_43,7,18238.0,17371.0
Mouse_Thymus2,108_23,10,18638.0,15371.0
Mouse_Thymus2,41_41,2,11938.0,17171.0
Mouse_Thymus2,71_17,0,14938.0,14771.0
Mouse_Thymus2,108_50,3,18638.0,18071.0
Mouse_Thymus2,63_16,5,14138.0,14671.0
Mouse_Thymus2,73_46,1,15138.0,17671.0
Mouse_Thymus2,16_49,1,9438.0,17971.0
Mouse_Thymus2,84_30,3,16238.0,16071.0
Mouse_Thymus2,39_37,7,11738.0,16771.0
Mouse_Thymus2,5_43,8,8338.0,17371.0
Mouse_Thymus2,16_52,3,9438.0,18271.0
Mouse_Thymus2,64_21,2,14238.0,15171.0
Mouse_Thymus2,38_22,6,11638.0,15271.0
Mouse_Thymus2,101_39,2,17938.0,16971.0
Mouse_Thymus2,100_34,5,17838.0,16471.0
Mouse_Thymus2,103_48,1,18138.0,17871.0
Mouse_Thymus2,38_33,10,11638.0,16371.0
Mouse_Thymus2,93_6,1,17138.0,13671.0
Mouse_Thymus2,22_39,1,10038.0,16971.0
Mouse_Thymus2,50_29,2,12838.0,15971.0
Mouse_Thymus2,52_17,0,13038.0,14771.0
Mouse_Thymus2,12_45,7,9038.0,17571.0
Mouse_Thymus2,44_32,10,12238.0,16271.0
Mouse_Thymus2,93_7,1,17138.0,13771.0
Mouse_Thymus2,48_30,10,12638.0,16071.0
Mouse_Thymus2,37_37,7,11538.0,16771.0
Mouse_Thymus2,97_53,7,17538.0,18371.0
Mouse_Thymus2,109_57,1,18738.0,18771.0
Mouse_Thymus2,96_8,1,17438.0,13871.0
Mouse_Thymus2,122_69,4,20038.0,19971.0
Mouse_Thymus2,41_21,1,11938.0,15171.0
Mouse_Thymus2,124_66,0,20238.0,19671.0
Mouse_Thymus2,91_19,2,16938.0,14971.0
Mouse_Thymus2,95_40,9,17338.0,17071.0
Mouse_Thymus2,104_39,5,18238.0,16971.0
Mouse_Thymus2,102_36,2,18038.0,16671.0
Mouse_Thymus2,18_52,0,9638.0,18271.0
Mouse_Thymus2,107_36,2,18538.0,16671.0
Mouse_Thymus2,72_33,0,15038.0,16371.0
Mouse_Thymus2,48_24,0,12638.0,15471.0
Mouse_Thymus2,67_23,5,14538.0,15371.0
Mouse_Thymus2,69_43,3,14738.0,17371.0
Mouse_Thymus2,69_40,3,14738.0,17071.0
Mouse_Thymus2,41_20,1,11938.0,15071.0
Mouse_Thymus2,81_23,5,15938.0,15371.0
Mouse_Thymus2,24_43,2,10238.0,17371.0
Mouse_Thymus2,90_57,4,16838.0,18771.0
Mouse_Thymus2,70_38,2,14838.0,16871.0
Mouse_Thymus2,73_18,7,15138.0,14871.0
Mouse_Thymus2,48_35,10,12638.0,16571.0
Mouse_Thymus2,12_49,3,9038.0,17971.0
Mouse_Thymus2,71_32,1,14938.0,16271.0
Mouse_Thymus2,117_56,2,19538.0,18671.0
Mouse_Thymus2,91_49,0,16938.0,17971.0
Mouse_Thymus2,95_36,3,17338.0,16671.0
Mouse_Thymus2,87_42,1,16538.0,17271.0
Mouse_Thymus2,32_36,7,11038.0,16671.0
Mouse_Thymus2,3_47,0,8138.0,17771.0
Mouse_Thymus2,31_37,1,10938.0,16771.0
Mouse_Thymus2,74_26,5,15238.0,15671.0
Mouse_Thymus2,73_13,1,15138.0,14371.0
Mouse_Thymus2,80_25,2,15838.0,15571.0
Mouse_Thymus2,95_34,10,17338.0,16471.0
Mouse_Thymus2,25_53,3,10338.0,18371.0
Mouse_Thymus2,83_50,1,16138.0,18071.0
Mouse_Thymus2,51_45,3,12938.0,17571.0
Mouse_Thymus2,43_50,3,12138.0,18071.0
Mouse_Thymus2,123_58,1,20138.0,18871.0
Mouse_Thymus2,116_57,4,19438.0,18771.0
Mouse_Thymus2,82_50,1,16038.0,18071.0
Mouse_Thymus2,69_24,2,14738.0,15471.0
Mouse_Thymus2,106_45,1,18438.0,17571.0
Mouse_Thymus2,94_7,3,17238.0,13771.0
Mouse_Thymus2,81_10,1,15938.0,14071.0
Mouse_Thymus2,100_14,3,17838.0,14471.0
Mouse_Thymus2,51_17,1,12938.0,14771.0
Mouse_Thymus2,52_45,6,13038.0,17571.0
Mouse_Thymus2,106_40,2,18438.0,17071.0
Mouse_Thymus2,34_53,1,11238.0,18371.0
Mouse_Thymus2,40_39,5,11838.0,16971.0
Mouse_Thymus2,106_28,0,18438.0,15871.0
Mouse_Thymus2,73_44,1,15138.0,17471.0
Mouse_Thymus2,80_47,7,15838.0,17771.0
Mouse_Thymus2,65_24,10,14338.0,15471.0
Mouse_Thymus2,75_33,5,15338.0,16371.0
Mouse_Thymus2,88_14,2,16638.0,14471.0
Mouse_Thymus2,102_38,2,18038.0,16871.0
Mouse_Thymus2,98_6,10,17638.0,13671.0
Mouse_Thymus2,79_11,3,15738.0,14171.0
Mouse_Thymus2,73_41,10,15138.0,17171.0
Mouse_Thymus2,43_20,7,12138.0,15071.0
Mouse_Thymus2,110_28,8,18838.0,15871.0
Mouse_Thymus2,96_38,8,17438.0,16871.0
Mouse_Thymus2,32_47,2,11038.0,17771.0
Mouse_Thymus2,92_27,2,17038.0,15771.0
Mouse_Thymus2,33_28,0,11138.0,15871.0
Mouse_Thymus2,87_24,3,16538.0,15471.0
Mouse_Thymus2,73_21,10,15138.0,15171.0
Mouse_Thymus2,92_46,1,17038.0,17671.0
Mouse_Thymus2,62_31,5,14038.0,16171.0
Mouse_Thymus2,112_37,10,19038.0,16771.0
Mouse_Thymus2,62_28,2,14038.0,15871.0
Mouse_Thymus2,113_38,7,19138.0,16871.0
Mouse_Thymus2,72_36,2,15038.0,16671.0
Mouse_Thymus2,93_57,1,17138.0,18771.0
Mouse_Thymus2,102_48,10,18038.0,17871.0
Mouse_Thymus2,39_32,3,11738.0,16271.0
Mouse_Thymus2,72_19,7,15038.0,14971.0
Mouse_Thymus2,35_43,2,11338.0,17371.0
Mouse_Thymus2,79_49,1,15738.0,17971.0
Mouse_Thymus2,70_24,5,14838.0,15471.0
Mouse_Thymus2,50_35,10,12838.0,16571.0
Mouse_Thymus2,79_29,5,15738.0,15971.0
Mouse_Thymus2,99_42,3,17738.0,17271.0
Mouse_Thymus2,100_27,2,17838.0,15771.0
Mouse_Thymus2,70_40,10,14838.0,17071.0
Mouse_Thymus2,118_66,3,19638.0,19671.0
Mouse_Thymus2,94_19,7,17238.0,14971.0
Mouse_Thymus2,114_46,5,19238.0,17671.0
Mouse_Thymus2,15_48,8,9338.0,17871.0
Mouse_Thymus2,95_39,9,17338.0,16971.0
Mouse_Thymus2,95_9,1,17338.0,13971.0
Mouse_Thymus2,62_15,7,14038.0,14571.0
Mouse_Thymus2,116_62,1,19438.0,19271.0
Mouse_Thymus2,96_51,1,17438.0,18171.0
Mouse_Thymus2,83_5,0,16138.0,13571.0
Mouse_Thymus2,27_50,5,10538.0,18071.0
Mouse_Thymus2,118_44,1,19638.0,17471.0
Mouse_Thymus2,106_31,7,18438.0,16171.0
Mouse_Thymus2,59_27,5,13738.0,15771.0
Mouse_Thymus2,23_51,3,10138.0,18171.0
Mouse_Thymus2,82_15,7,16038.0,14571.0
Mouse_Thymus2,114_44,5,19238.0,17471.0
Mouse_Thymus2,119_51,7,19738.0,18171.0
Mouse_Thymus2,118_69,8,19638.0,19971.0
Mouse_Thymus2,103_26,2,18138.0,15671.0
Mouse_Thymus2,93_16,7,17138.0,14671.0
Mouse_Thymus2,43_48,3,12138.0,17871.0
Mouse_Thymus2,61_27,2,13938.0,15771.0
Mouse_Thymus2,74_38,5,15238.0,16871.0
Mouse_Thymus2,124_69,3,20238.0,19971.0
Mouse_Thymus2,85_49,1,16338.0,17971.0
Mouse_Thymus2,49_32,1,12738.0,16271.0
Mouse_Thymus2,69_38,10,14738.0,16871.0
Mouse_Thymus2,73_5,7,15138.0,13571.0
Mouse_Thymus2,58_42,3,13638.0,17271.0
Mouse_Thymus2,100_53,1,17838.0,18371.0
Mouse_Thymus2,34_48,2,11238.0,17871.0
Mouse_Thymus2,51_22,1,12938.0,15271.0
Mouse_Thymus2,97_54,1,17538.0,18471.0
Mouse_Thymus2,39_34,3,11738.0,16471.0
Mouse_Thymus2,86_18,5,16438.0,14871.0
Mouse_Thymus2,92_14,7,17038.0,14471.0
Mouse_Thymus2,45_19,9,12338.0,14971.0
Mouse_Thymus2,34_32,10,11238.0,16271.0
Mouse_Thymus2,122_61,10,20038.0,19171.0
Mouse_Thymus2,19_46,2,9738.0,17671.0
Mouse_Thymus2,18_47,5,9638.0,17771.0
Mouse_Thymus2,52_22,0,13038.0,15271.0
Mouse_Thymus2,84_24,10,16238.0,15471.0
Mouse_Thymus2,82_23,5,16038.0,15371.0
Mouse_Thymus2,12_42,0,9038.0,17271.0
Mouse_Thymus2,122_59,7,20038.0,18971.0
Mouse_Thymus2,111_46,2,18938.0,17671.0
Mouse_Thymus2,47_24,0,12538.0,15471.0
Mouse_Thymus2,30_36,7,10838.0,16671.0
Mouse_Thymus2,73_12,0,15138.0,14271.0
Mouse_Thymus2,29_34,1,10738.0,16471.0
Mouse_Thymus2,69_8,1,14738.0,13871.0
Mouse_Thymus2,96_60,3,17438.0,19071.0
Mouse_Thymus2,21_53,3,9938.0,18371.0
Mouse_Thymus2,75_34,5,15338.0,16471.0
Mouse_Thymus2,104_29,7,18238.0,15971.0
Mouse_Thymus2,70_39,10,14838.0,16971.0
Mouse_Thymus2,71_42,3,14938.0,17271.0
Mouse_Thymus2,93_24,5,17138.0,15471.0
Mouse_Thymus2,108_37,5,18638.0,16771.0
Mouse_Thymus2,60_24,5,13838.0,15471.0
Mouse_Thymus2,91_43,1,16938.0,17371.0
Mouse_Thymus2,24_48,2,10238.0,17871.0
Mouse_Thymus2,21_52,1,9938.0,18271.0
Mouse_Thymus2,96_6,3,17438.0,13671.0
Mouse_Thymus2,101_58,1,17938.0,18871.0
Mouse_Thymus2,17_52,3,9538.0,18271.0
Mouse_Thymus2,82_46,7,16038.0,17671.0
Mouse_Thymus2,124_52,11,20238.0,18271.0
Mouse_Thymus2,71_25,5,14938.0,15571.0
Mouse_Thymus2,119_66,11,19738.0,19671.0
Mouse_Thymus2,86_28,2,16438.0,15871.0
Mouse_Thymus2,58_30,2,13638.0,16071.0
Mouse_Thymus2,39_49,3,11738.0,17971.0
Mouse_Thymus2,116_47,2,19438.0,17771.0
Mouse_Thymus2,100_60,11,17838.0,19071.0
Mouse_Thymus2,85_37,1,16338.0,16771.0
Mouse_Thymus2,9_44,1,8738.0,17471.0
Mouse_Thymus2,50_39,5,12838.0,16971.0
Mouse_Thymus2,54_33,10,13238.0,16371.0
Mouse_Thymus2,72_31,8,15038.0,16171.0
Mouse_Thymus2,40_52,10,11838.0,18271.0
Mouse_Thymus2,82_24,11,16038.0,15471.0
Mouse_Thymus2,74_37,2,15238.0,16771.0
Mouse_Thymus2,76_22,5,15438.0,15271.0
Mouse_Thymus2,84_41,1,16238.0,17171.0
Mouse_Thymus2,76_34,5,15438.0,16471.0
Mouse_Thymus2,54_22,11,13238.0,15271.0
Mouse_Thymus2,77_11,0,15538.0,14171.0
Mouse_Thymus2,120_67,3,19838.0,19771.0
Mouse_Thymus2,49_28,4,12738.0,15871.0
Mouse_Thymus2,100_9,6,17838.0,13971.0
Mouse_Thymus2,114_49,4,19238.0,17971.0
Mouse_Thymus2,97_38,9,17538.0,16871.0
Mouse_Thymus2,102_57,1,18038.0,18771.0
Mouse_Thymus2,42_35,3,12038.0,16571.0
Mouse_Thymus2,11_48,1,8938.0,17871.0
Mouse_Thymus2,78_43,5,15638.0,17371.0
Mouse_Thymus2,101_17,0,17938.0,14771.0
Mouse_Thymus2,95_58,1,17338.0,18871.0
Mouse_Thymus2,34_35,3,11238.0,16571.0
Mouse_Thymus2,109_55,1,18738.0,18571.0
Mouse_Thymus2,89_8,0,16738.0,13871.0
Mouse_Thymus2,66_33,2,14438.0,16371.0
Mouse_Thymus2,90_58,1,16838.0,18871.0
Mouse_Thymus2,95_23,2,17338.0,15371.0
Mouse_Thymus2,25_35,1,10338.0,16571.0
Mouse_Thymus2,3_44,3,8138.0,17471.0
Mouse_Thymus2,85_3,1,16338.0,13371.0
Mouse_Thymus2,53_25,0,13138.0,15571.0
Mouse_Thymus2,105_47,1,18338.0,17771.0
Mouse_Thymus2,84_20,5,16238.0,15071.0
Mouse_Thymus2,45_35,3,12338.0,16571.0
Mouse_Thymus2,43_18,3,12138.0,14871.0
Mouse_Thymus2,65_39,3,14338.0,16971.0
Mouse_Thymus2,96_13,0,17438.0,14371.0
Mouse_Thymus2,63_17,3,14138.0,14771.0
Mouse_Thymus2,96_9,0,17438.0,13971.0
Mouse_Thymus2,79_47,1,15738.0,17771.0
Mouse_Thymus2,107_54,3,18538.0,18471.0
Mouse_Thymus2,95_6,1,17338.0,13671.0
Mouse_Thymus2,28_34,0,10638.0,16471.0
Mouse_Thymus2,20_46,5,9838.0,17671.0
Mouse_Thymus2,106_57,1,18438.0,18771.0
Mouse_Thymus2,120_60,5,19838.0,19071.0
Mouse_Thymus2,124_68,4,20238.0,19871.0
Mouse_Thymus2,97_35,10,17538.0,16571.0
Mouse_Thymus2,115_47,5,19338.0,17771.0
Mouse_Thymus2,65_17,1,14338.0,14771.0
Mouse_Thymus2,67_26,2,14538.0,15671.0
Mouse_Thymus2,68_34,2,14638.0,16471.0
Mouse_Thymus2,51_32,4,12938.0,16271.0
Mouse_Thymus2,88_53,3,16638.0,18371.0
Mouse_Thymus2,29_31,3,10738.0,16171.0
Mouse_Thymus2,122_71,0,20038.0,20171.0
Mouse_Thymus2,50_32,2,12838.0,16271.0
Mouse_Thymus2,81_29,11,15938.0,15971.0
Mouse_Thymus2,63_35,5,14138.0,16571.0
Mouse_Thymus2,82_22,5,16038.0,15271.0
Mouse_Thymus2,80_28,2,15838.0,15871.0
Mouse_Thymus2,90_9,0,16838.0,13971.0
Mouse_Thymus2,43_33,3,12138.0,16371.0
Mouse_Thymus2,81_2,1,15938.0,13271.0
Mouse_Thymus2,70_20,10,14838.0,15071.0
Mouse_Thymus2,123_67,10,20138.0,19771.0
Mouse_Thymus2,79_45,0,15738.0,17571.0
Mouse_Thymus2,80_48,7,15838.0,17871.0
Mouse_Thymus2,41_33,10,11938.0,16371.0
Mouse_Thymus2,43_19,1,12138.0,14971.0
Mouse_Thymus2,87_34,3,16538.0,16471.0
Mouse_Thymus2,73_10,8,15138.0,14071.0
Mouse_Thymus2,10_40,11,8838.0,17071.0
Mouse_Thymus2,22_53,11,10038.0,18371.0
Mouse_Thymus2,91_15,2,16938.0,14571.0
Mouse_Thymus2,86_27,11,16438.0,15771.0
Mouse_Thymus2,106_27,7,18438.0,15771.0
Mouse_Thymus2,61_25,5,13938.0,15571.0
Mouse_Thymus2,112_34,3,19038.0,16471.0
Mouse_Thymus2,70_29,10,14838.0,15971.0
Mouse_Thymus2,56_22,1,13438.0,15271.0
Mouse_Thymus2,74_42,7,15238.0,17271.0
Mouse_Thymus2,73_1,1,15138.0,13171.0
Mouse_Thymus2,34_36,1,11238.0,16671.0
Mouse_Thymus2,125_57,6,20338.0,18771.0
Mouse_Thymus2,86_29,1,16438.0,15971.0
Mouse_Thymus2,77_15,7,15538.0,14571.0
Mouse_Thymus2,118_37,10,19638.0,16771.0
Mouse_Thymus2,103_25,2,18138.0,15571.0
Mouse_Thymus2,20_52,1,9838.0,18271.0
Mouse_Thymus2,122_54,3,20038.0,18471.0
Mouse_Thymus2,12_43,7,9038.0,17371.0
Mouse_Thymus2,20_42,2,9838.0,17271.0
Mouse_Thymus2,55_28,2,13338.0,15871.0
Mouse_Thymus2,46_30,10,12438.0,16071.0
Mouse_Thymus2,42_50,1,12038.0,18071.0
Mouse_Thymus2,48_28,5,12638.0,15871.0
Mouse_Thymus2,94_34,1,17238.0,16471.0
Mouse_Thymus2,91_39,9,16938.0,16971.0
Mouse_Thymus2,60_41,1,13838.0,17171.0
Mouse_Thymus2,122_60,5,20038.0,19071.0
Mouse_Thymus2,40_44,5,11838.0,17471.0
Mouse_Thymus2,101_21,10,17938.0,15171.0
Mouse_Thymus2,74_17,7,15238.0,14771.0
Mouse_Thymus2,96_53,1,17438.0,18371.0
Mouse_Thymus2,88_20,5,16638.0,15071.0
Mouse_Thymus2,101_20,7,17938.0,15071.0
Mouse_Thymus2,94_15,1,17238.0,14571.0
Mouse_Thymus2,48_39,2,12638.0,16971.0
Mouse_Thymus2,10_48,1,8838.0,17871.0
Mouse_Thymus2,32_51,3,11038.0,18171.0
Mouse_Thymus2,33_53,3,11138.0,18371.0
Mouse_Thymus2,7_41,10,8538.0,17171.0
Mouse_Thymus2,113_51,7,19138.0,18171.0
Mouse_Thymus2,75_5,1,15338.0,13571.0
Mouse_Thymus2,116_66,3,19438.0,19671.0
Mouse_Thymus2,63_23,2,14138.0,15371.0
Mouse_Thymus2,75_45,1,15338.0,17571.0
Mouse_Thymus2,88_10,1,16638.0,14071.0
Mouse_Thymus2,41_47,11,11938.0,17771.0
Mouse_Thymus2,43_42,5,12138.0,17271.0
Mouse_Thymus2,97_10,7,17538.0,14071.0
Mouse_Thymus2,96_33,2,17438.0,16371.0
Mouse_Thymus2,100_19,10,17838.0,14971.0
Mouse_Thymus2,103_37,2,18138.0,16771.0
Mouse_Thymus2,66_9,1,14438.0,13971.0
Mouse_Thymus2,110_42,5,18838.0,17271.0
Mouse_Thymus2,79_42,5,15738.0,17271.0
Mouse_Thymus2,104_30,2,18238.0,16071.0
Mouse_Thymus2,82_53,1,16038.0,18371.0
Mouse_Thymus2,38_42,2,11638.0,17271.0
Mouse_Thymus2,91_24,5,16938.0,15471.0
Mouse_Thymus2,90_46,3,16838.0,17671.0
Mouse_Thymus2,42_27,5,12038.0,15771.0
Mouse_Thymus2,109_26,4,18738.0,15671.0
Mouse_Thymus2,86_22,5,16438.0,15271.0
Mouse_Thymus2,109_25,0,18738.0,15571.0
Mouse_Thymus2,94_5,3,17238.0,13571.0
Mouse_Thymus2,82_41,10,16038.0,17171.0
Mouse_Thymus2,95_14,4,17338.0,14471.0
Mouse_Thymus2,36_27,10,11438.0,15771.0
Mouse_Thymus2,117_57,5,19538.0,18771.0
Mouse_Thymus2,111_60,1,18938.0,19071.0
Mouse_Thymus2,107_26,3,18538.0,15671.0
Mouse_Thymus2,59_16,1,13738.0,14671.0
Mouse_Thymus2,45_28,5,12338.0,15871.0
Mouse_Thymus2,32_40,10,11038.0,17071.0
Mouse_Thymus2,121_68,3,19938.0,19871.0
Mouse_Thymus2,123_57,3,20138.0,18771.0
Mouse_Thymus2,105_55,8,18338.0,18571.0
Mouse_Thymus2,30_37,7,10838.0,16771.0
Mouse_Thymus2,96_44,0,17438.0,17471.0
Mouse_Thymus2,70_8,1,14838.0,13871.0
Mouse_Thymus2,75_28,10,15338.0,15871.0
Mouse_Thymus2,75_17,7,15338.0,14771.0
Mouse_Thymus2,97_34,2,17538.0,16471.0
Mouse_Thymus2,39_24,7,11738.0,15471.0
Mouse_Thymus2,71_8,0,14938.0,13871.0
Mouse_Thymus2,92_58,3,17038.0,18871.0
Mouse_Thymus2,108_26,1,18638.0,15671.0
Mouse_Thymus2,104_40,5,18238.0,17071.0
Mouse_Thymus2,124_56,3,20238.0,18671.0
Mouse_Thymus2,79_30,5,15738.0,16071.0
Mouse_Thymus2,56_24,1,13438.0,15471.0
Mouse_Thymus2,117_55,2,19538.0,18571.0
Mouse_Thymus2,71_14,7,14938.0,14471.0
Mouse_Thymus2,105_43,7,18338.0,17371.0
Mouse_Thymus2,99_56,3,17738.0,18671.0
Mouse_Thymus2,62_20,1,14038.0,15071.0
Mouse_Thymus2,42_52,6,12038.0,18271.0
Mouse_Thymus2,10_41,0,8838.0,17171.0
Mouse_Thymus2,44_49,1,12238.0,17971.0
Mouse_Thymus2,123_64,10,20138.0,19471.0
Mouse_Thymus2,93_50,1,17138.0,18071.0
Mouse_Thymus2,114_54,0,19238.0,18471.0
Mouse_Thymus2,75_36,2,15338.0,16671.0
Mouse_Thymus2,120_64,0,19838.0,19471.0
Mouse_Thymus2,79_20,2,15738.0,15071.0
Mouse_Thymus2,93_44,9,17138.0,17471.0
Mouse_Thymus2,47_33,10,12538.0,16371.0
Mouse_Thymus2,60_20,3,13838.0,15071.0
Mouse_Thymus2,19_49,1,9738.0,17971.0
Mouse_Thymus2,42_19,3,12038.0,14971.0
Mouse_Thymus2,83_6,1,16138.0,13671.0
Mouse_Thymus2,113_62,1,19138.0,19271.0
Mouse_Thymus2,117_60,2,19538.0,19071.0
Mouse_Thymus2,28_49,10,10638.0,17971.0
Mouse_Thymus2,89_52,1,16738.0,18271.0
Mouse_Thymus2,76_48,3,15438.0,17871.0
Mouse_Thymus2,121_64,3,19938.0,19471.0
Mouse_Thymus2,32_50,0,11038.0,18071.0
Mouse_Thymus2,94_29,7,17238.0,15971.0
Mouse_Thymus2,90_34,1,16838.0,16471.0
Mouse_Thymus2,95_7,0,17338.0,13771.0
Mouse_Thymus2,82_28,0,16038.0,15871.0
Mouse_Thymus2,84_32,1,16238.0,16271.0
Mouse_Thymus2,98_45,1,17638.0,17571.0
Mouse_Thymus2,86_49,1,16438.0,17971.0
Mouse_Thymus2,118_67,1,19638.0,19771.0
Mouse_Thymus2,88_50,1,16638.0,18071.0
Mouse_Thymus2,70_22,5,14838.0,15271.0
Mouse_Thymus2,31_46,5,10938.0,17671.0
Mouse_Thymus2,98_38,5,17638.0,16871.0
Mouse_Thymus2,83_12,1,16138.0,14271.0
Mouse_Thymus2,85_44,10,16338.0,17471.0
Mouse_Thymus2,49_41,5,12738.0,17171.0
Mouse_Thymus2,32_54,3,11038.0,18471.0
Mouse_Thymus2,47_30,2,12538.0,16071.0
Mouse_Thymus2,90_6,0,16838.0,13671.0
Mouse_Thymus2,115_54,3,19338.0,18471.0
Mouse_Thymus2,78_27,2,15638.0,15771.0
Mouse_Thymus2,112_47,2,19038.0,17771.0
Mouse_Thymus2,67_17,1,14538.0,14771.0
Mouse_Thymus2,91_47,1,16938.0,17771.0
Mouse_Thymus2,122_62,2,20038.0,19271.0
Mouse_Thymus2,81_5,1,15938.0,13571.0
Mouse_Thymus2,115_66,8,19338.0,19671.0
Mouse_Thymus2,110_36,2,18838.0,16671.0
Mouse_Thymus2,87_29,1,16538.0,15971.0
Mouse_Thymus2,107_28,3,18538.0,15871.0
Mouse_Thymus2,36_47,2,11438.0,17771.0
Mouse_Thymus2,14_39,10,9238.0,16971.0
Mouse_Thymus2,100_25,2,17838.0,15571.0
Mouse_Thymus2,73_0,3,15138.0,13071.0
Mouse_Thymus2,84_42,7,16238.0,17271.0
Mouse_Thymus2,104_21,3,18238.0,15171.0
Mouse_Thymus2,43_45,5,12138.0,17571.0
Mouse_Thymus2,56_15,7,13438.0,14571.0
Mouse_Thymus2,8_42,8,8638.0,17271.0
Mouse_Thymus2,68_18,7,14638.0,14871.0
Mouse_Thymus2,44_38,2,12238.0,16871.0
Mouse_Thymus2,30_27,0,10838.0,15771.0
Mouse_Thymus2,46_31,10,12438.0,16171.0
Mouse_Thymus2,36_46,5,11438.0,17671.0
Mouse_Thymus2,75_25,2,15338.0,15571.0
Mouse_Thymus2,94_43,1,17238.0,17371.0
Mouse_Thymus2,84_4,7,16238.0,13471.0
Mouse_Thymus2,33_39,7,11138.0,16971.0
Mouse_Thymus2,6_41,6,8438.0,17171.0
Mouse_Thymus2,81_44,2,15938.0,17471.0
Mouse_Thymus2,56_25,4,13438.0,15571.0
Mouse_Thymus2,70_13,7,14838.0,14371.0
Mouse_Thymus2,60_40,7,13838.0,17071.0
Mouse_Thymus2,86_41,1,16438.0,17171.0
Mouse_Thymus2,52_37,5,13038.0,16771.0
Mouse_Thymus2,115_57,0,19338.0,18771.0
Mouse_Thymus2,105_52,3,18338.0,18271.0
Mouse_Thymus2,95_16,1,17338.0,14671.0
Mouse_Thymus2,121_57,10,19938.0,18771.0
Mouse_Thymus2,77_39,5,15538.0,16971.0
Mouse_Thymus2,50_34,10,12838.0,16471.0
Mouse_Thymus2,72_28,2,15038.0,15871.0
Mouse_Thymus2,72_7,11,15038.0,13771.0
Mouse_Thymus2,96_61,3,17438.0,19171.0
Mouse_Thymus2,46_46,0,12438.0,17671.0
Mouse_Thymus2,33_33,0,11138.0,16371.0
Mouse_Thymus2,70_16,8,14838.0,14671.0
Mouse_Thymus2,105_54,8,18338.0,18471.0
Mouse_Thymus2,31_39,3,10938.0,16971.0
Mouse_Thymus2,62_27,2,14038.0,15771.0
Mouse_Thymus2,90_48,1,16838.0,17871.0
Mouse_Thymus2,45_41,5,12338.0,17171.0
Mouse_Thymus2,80_20,5,15838.0,15071.0
Mouse_Thymus2,82_6,0,16038.0,13671.0
Mouse_Thymus2,48_34,8,12638.0,16471.0
Mouse_Thymus2,105_33,2,18338.0,16371.0
Mouse_Thymus2,82_27,7,16038.0,15771.0
Mouse_Thymus2,55_24,7,13338.0,15471.0
Mouse_Thymus2,99_33,2,17738.0,16371.0
Mouse_Thymus2,48_19,1,12638.0,14971.0
Mouse_Thymus2,33_54,3,11138.0,18471.0
Mouse_Thymus2,72_41,3,15038.0,17171.0
Mouse_Thymus2,64_13,0,14238.0,14371.0
Mouse_Thymus2,56_34,5,13438.0,16471.0
Mouse_Thymus2,66_31,10,14438.0,16171.0
Mouse_Thymus2,68_36,5,14638.0,16671.0
Mouse_Thymus2,49_22,7,12738.0,15271.0
Mouse_Thymus2,83_42,10,16138.0,17271.0
Mouse_Thymus2,64_30,2,14238.0,16071.0
Mouse_Thymus2,63_30,5,14138.0,16071.0
Mouse_Thymus2,92_22,2,17038.0,15271.0
Mouse_Thymus2,119_68,1,19738.0,19871.0
Mouse_Thymus2,95_5,3,17338.0,13571.0
Mouse_Thymus2,35_33,4,11338.0,16371.0
Mouse_Thymus2,32_56,6,11038.0,18671.0
Mouse_Thymus2,21_37,1,9938.0,16771.0
Mouse_Thymus2,48_15,6,12638.0,14571.0
Mouse_Thymus2,96_39,3,17438.0,16971.0
Mouse_Thymus2,29_29,6,10738.0,15971.0
Mouse_Thymus2,112_38,10,19038.0,16871.0
Mouse_Thymus2,117_44,1,19538.0,17471.0
Mouse_Thymus2,42_47,3,12038.0,17771.0
Mouse_Thymus2,60_12,3,13838.0,14271.0
Mouse_Thymus2,91_45,0,16938.0,17571.0
Mouse_Thymus2,70_25,5,14838.0,15571.0
Mouse_Thymus2,89_43,1,16738.0,17371.0
Mouse_Thymus2,79_18,2,15738.0,14871.0
Mouse_Thymus2,49_23,1,12738.0,15371.0
Mouse_Thymus2,74_4,1,15238.0,13471.0
Mouse_Thymus2,49_36,2,12738.0,16671.0
Mouse_Thymus2,72_10,1,15038.0,14071.0
Mouse_Thymus2,54_38,2,13238.0,16871.0
Mouse_Thymus2,6_47,3,8438.0,17771.0
Mouse_Thymus2,61_16,7,13938.0,14671.0
Mouse_Thymus2,66_32,7,14438.0,16271.0
Mouse_Thymus2,43_43,5,12138.0,17371.0
Mouse_Thymus2,57_41,3,13538.0,17171.0
Mouse_Thymus2,122_66,5,20038.0,19671.0
Mouse_Thymus2,90_26,10,16838.0,15671.0
Mouse_Thymus2,89_4,6,16738.0,13471.0
Mouse_Thymus2,37_35,7,11538.0,16571.0
Mouse_Thymus2,29_44,5,10738.0,17471.0
Mouse_Thymus2,73_38,5,15138.0,16871.0
Mouse_Thymus2,33_43,5,11138.0,17371.0
Mouse_Thymus2,50_45,3,12838.0,17571.0
Mouse_Thymus2,112_30,0,19038.0,16071.0
Mouse_Thymus2,119_49,3,19738.0,17971.0
Mouse_Thymus2,84_16,2,16238.0,14671.0
Mouse_Thymus2,58_32,2,13638.0,16271.0
Mouse_Thymus2,47_19,1,12538.0,14971.0
Mouse_Thymus2,89_22,5,16738.0,15271.0
Mouse_Thymus2,112_55,1,19038.0,18571.0
Mouse_Thymus2,63_24,2,14138.0,15471.0
Mouse_Thymus2,109_56,1,18738.0,18671.0
Mouse_Thymus2,47_37,2,12538.0,16771.0
Mouse_Thymus2,48_29,5,12638.0,15971.0
Mouse_Thymus2,67_33,2,14538.0,16371.0
Mouse_Thymus2,88_56,1,16638.0,18671.0
Mouse_Thymus2,31_40,10,10938.0,17071.0
Mouse_Thymus2,125_64,11,20338.0,19471.0
Mouse_Thymus2,106_46,1,18438.0,17671.0
Mouse_Thymus2,85_14,10,16338.0,14471.0
Mouse_Thymus2,33_41,2,11138.0,17171.0
Mouse_Thymus2,83_9,1,16138.0,13971.0
Mouse_Thymus2,59_38,1,13738.0,16871.0
Mouse_Thymus2,85_8,1,16338.0,13871.0
Mouse_Thymus2,31_48,2,10938.0,17871.0
Mouse_Thymus2,58_13,3,13638.0,14371.0
Mouse_Thymus2,73_3,1,15138.0,13371.0
Mouse_Thymus2,116_41,3,19438.0,17171.0
Mouse_Thymus2,30_31,3,10838.0,16171.0
Mouse_Thymus2,89_9,0,16738.0,13971.0
Mouse_Thymus2,61_11,7,13938.0,14171.0
Mouse_Thymus2,90_16,5,16838.0,14671.0
Mouse_Thymus2,34_37,1,11238.0,16771.0
Mouse_Thymus2,114_41,2,19238.0,17171.0
Mouse_Thymus2,53_38,2,13138.0,16871.0
Mouse_Thymus2,103_52,8,18138.0,18271.0
Mouse_Thymus2,96_17,9,17438.0,14771.0
Mouse_Thymus2,86_35,8,16438.0,16571.0
Mouse_Thymus2,82_42,10,16038.0,17271.0
Mouse_Thymus2,60_36,5,13838.0,16671.0
Mouse_Thymus2,114_45,5,19238.0,17571.0
Mouse_Thymus2,89_23,5,16738.0,15371.0
Mouse_Thymus2,101_57,1,17938.0,18771.0
Mouse_Thymus2,72_25,2,15038.0,15571.0
Mouse_Thymus2,75_7,3,15338.0,13771.0
Mouse_Thymus2,65_11,1,14338.0,14171.0
Mouse_Thymus2,29_40,3,10738.0,17071.0
Mouse_Thymus2,66_15,0,14438.0,14571.0
Mouse_Thymus2,12_48,7,9038.0,17871.0
Mouse_Thymus2,76_50,6,15438.0,18071.0
Mouse_Thymus2,93_33,1,17138.0,16371.0
Mouse_Thymus2,27_38,1,10538.0,16871.0
Mouse_Thymus2,57_36,2,13538.0,16671.0
Mouse_Thymus2,49_21,6,12738.0,15171.0
Mouse_Thymus2,72_40,10,15038.0,17071.0
Mouse_Thymus2,98_47,8,17638.0,17771.0
Mouse_Thymus2,35_29,7,11338.0,15971.0
Mouse_Thymus2,90_49,7,16838.0,17971.0
Mouse_Thymus2,73_11,1,15138.0,14171.0
Mouse_Thymus2,56_40,3,13438.0,17071.0
Mouse_Thymus2,82_43,10,16038.0,17371.0
Mouse_Thymus2,125_72,6,20338.0,20271.0
Mouse_Thymus2,15_44,5,9338.0,17471.0
Mouse_Thymus2,72_18,7,15038.0,14871.0
Mouse_Thymus2,66_18,2,14438.0,14871.0
Mouse_Thymus2,81_52,7,15938.0,18271.0
Mouse_Thymus2,54_26,10,13238.0,15671.0
Mouse_Thymus2,82_35,1,16038.0,16571.0
Mouse_Thymus2,99_9,8,17738.0,13971.0
Mouse_Thymus2,81_16,9,15938.0,14671.0
Mouse_Thymus2,123_51,3,20138.0,18171.0
Mouse_Thymus2,107_39,5,18538.0,16971.0
Mouse_Thymus2,95_15,1,17338.0,14571.0
Mouse_Thymus2,124_61,3,20238.0,19171.0
Mouse_Thymus2,114_34,3,19238.0,16471.0
Mouse_Thymus2,66_14,1,14438.0,14471.0
Mouse_Thymus2,124_71,1,20238.0,20171.0
Mouse_Thymus2,49_46,3,12738.0,17671.0
Mouse_Thymus2,47_21,1,12538.0,15171.0
Mouse_Thymus2,104_44,1,18238.0,17471.0
Mouse_Thymus2,52_18,3,13038.0,14871.0
Mouse_Thymus2,100_24,2,17838.0,15471.0
Mouse_Thymus2,80_13,1,15838.0,14371.0
Mouse_Thymus2,121_71,0,19938.0,20171.0
Mouse_Thymus2,87_16,2,16538.0,14671.0
Mouse_Thymus2,45_46,2,12338.0,17671.0
Mouse_Thymus2,37_30,2,11538.0,16071.0
Mouse_Thymus2,65_20,5,14338.0,15071.0
Mouse_Thymus2,66_17,11,14438.0,14771.0
Mouse_Thymus2,44_31,2,12238.0,16171.0
Mouse_Thymus2,46_38,2,12438.0,16871.0
Mouse_Thymus2,103_24,1,18138.0,15471.0
Mouse_Thymus2,82_33,1,16038.0,16371.0
Mouse_Thymus2,66_26,5,14438.0,15671.0
Mouse_Thymus2,93_53,4,17138.0,18371.0
Mouse_Thymus2,94_44,9,17238.0,17471.0
Mouse_Thymus2,65_23,4,14338.0,15371.0
Mouse_Thymus2,28_55,3,10638.0,18571.0
Mouse_Thymus2,81_31,10,15938.0,16171.0
Mouse_Thymus2,104_35,2,18238.0,16571.0
Mouse_Thymus2,93_8,1,17138.0,13871.0
Mouse_Thymus2,47_46,0,12538.0,17671.0
Mouse_Thymus2,116_68,4,19438.0,19871.0
Mouse_Thymus2,9_45,1,8738.0,17571.0
Mouse_Thymus2,99_21,2,17738.0,15171.0
Mouse_Thymus2,124_55,11,20238.0,18571.0
Mouse_Thymus2,70_33,10,14838.0,16371.0
Mouse_Thymus2,86_8,1,16438.0,13871.0
Mouse_Thymus2,87_22,2,16538.0,15271.0
Mouse_Thymus2,85_33,9,16338.0,16371.0
Mouse_Thymus2,41_26,0,11938.0,15671.0
Mouse_Thymus2,63_36,2,14138.0,16671.0
Mouse_Thymus2,80_33,7,15838.0,16371.0
Mouse_Thymus2,52_38,2,13038.0,16871.0
Mouse_Thymus2,25_40,3,10338.0,17071.0
Mouse_Thymus2,69_41,0,14738.0,17171.0
Mouse_Thymus2,56_28,5,13438.0,15871.0
Mouse_Thymus2,48_21,1,12638.0,15171.0
Mouse_Thymus2,48_16,3,12638.0,14671.0
Mouse_Thymus2,14_50,3,9238.0,18071.0
Mouse_Thymus2,116_36,1,19438.0,16671.0
Mouse_Thymus2,58_26,5,13638.0,15671.0
Mouse_Thymus2,55_25,11,13338.0,15571.0
Mouse_Thymus2,64_11,3,14238.0,14171.0
Mouse_Thymus2,45_22,1,12338.0,15271.0
Mouse_Thymus2,66_28,8,14438.0,15871.0
Mouse_Thymus2,20_50,1,9838.0,18071.0
Mouse_Thymus2,106_30,1,18438.0,16071.0
Mouse_Thymus2,38_43,2,11638.0,17371.0
Mouse_Thymus2,73_6,7,15138.0,13671.0
Mouse_Thymus2,120_71,7,19838.0,20171.0
Mouse_Thymus2,37_48,6,11538.0,17871.0
Mouse_Thymus2,116_34,6,19438.0,16471.0
Mouse_Thymus2,76_38,2,15438.0,16871.0
Mouse_Thymus2,106_26,4,18438.0,15671.0
Mouse_Thymus2,46_42,5,12438.0,17271.0
Mouse_Thymus2,71_36,5,14938.0,16671.0
Mouse_Thymus2,112_52,1,19038.0,18271.0
Mouse_Thymus2,118_64,1,19638.0,19471.0
Mouse_Thymus2,87_4,0,16538.0,13471.0
Mouse_Thymus2,93_58,1,17138.0,18871.0
Mouse_Thymus2,84_35,0,16238.0,16571.0
Mouse_Thymus2,85_20,5,16338.0,15071.0
Mouse_Thymus2,21_45,2,9938.0,17571.0
Mouse_Thymus2,92_49,1,17038.0,17971.0
Mouse_Thymus2,44_25,0,12238.0,15571.0
Mouse_Thymus2,44_20,0,12238.0,15071.0
Mouse_Thymus2,95_35,8,17338.0,16571.0
Mouse_Thymus2,125_68,1,20338.0,19871.0
Mouse_Thymus2,65_41,8,14338.0,17171.0
Mouse_Thymus2,121_61,5,19938.0,19171.0
Mouse_Thymus2,25_43,2,10338.0,17371.0
Mouse_Thymus2,109_54,1,18738.0,18471.0
Mouse_Thymus2,51_42,7,12938.0,17271.0
Mouse_Thymus2,38_31,10,11638.0,16171.0
Mouse_Thymus2,115_55,3,19338.0,18571.0
Mouse_Thymus2,38_39,4,11638.0,16971.0
Mouse_Thymus2,73_43,1,15138.0,17371.0
Mouse_Thymus2,113_37,3,19138.0,16771.0
Mouse_Thymus2,78_25,2,15638.0,15571.0
Mouse_Thymus2,46_17,1,12438.0,14771.0
Mouse_Thymus2,14_47,7,9238.0,17771.0
Mouse_Thymus2,99_15,1,17738.0,14571.0
Mouse_Thymus2,6_45,1,8438.0,17571.0
Mouse_Thymus2,86_21,2,16438.0,15171.0
Mouse_Thymus2,86_32,1,16438.0,16271.0
Mouse_Thymus2,45_24,3,12338.0,15471.0
Mouse_Thymus2,110_31,1,18838.0,16171.0
Mouse_Thymus2,124_51,10,20238.0,18171.0
Mouse_Thymus2,62_16,4,14038.0,14671.0
Mouse_Thymus2,76_12,0,15438.0,14271.0
Mouse_Thymus2,92_8,1,17038.0,13871.0
Mouse_Thymus2,111_29,7,18938.0,15971.0
Mouse_Thymus2,55_34,5,13338.0,16471.0
Mouse_Thymus2,94_55,1,17238.0,18571.0
Mouse_Thymus2,104_48,1,18238.0,17871.0
Mouse_Thymus2,73_17,3,15138.0,14771.0
Mouse_Thymus2,98_42,1,17638.0,17271.0
Mouse_Thymus2,111_59,1,18938.0,18971.0
Mouse_Thymus2,30_55,3,10838.0,18571.0
Mouse_Thymus2,100_58,1,17838.0,18871.0
Mouse_Thymus2,71_31,0,14938.0,16171.0
Mouse_Thymus2,60_37,2,13838.0,16771.0
Mouse_Thymus2,25_52,7,10338.0,18271.0
Mouse_Thymus2,99_46,3,17738.0,17671.0
Mouse_Thymus2,87_37,10,16538.0,16771.0
Mouse_Thymus2,18_42,5,9638.0,17271.0
Mouse_Thymus2,15_46,2,9338.0,17671.0
Mouse_Thymus2,36_55,1,11438.0,18571.0
Mouse_Thymus2,73_16,0,15138.0,14671.0
Mouse_Thymus2,77_1,1,15538.0,13171.0
Mouse_Thymus2,91_8,1,16938.0,13871.0
Mouse_Thymus2,97_37,7,17538.0,16771.0
Mouse_Thymus2,96_42,9,17438.0,17271.0
Mouse_Thymus2,74_44,8,15238.0,17471.0
Mouse_Thymus2,75_27,5,15338.0,15771.0
Mouse_Thymus2,35_32,10,11338.0,16271.0
Mouse_Thymus2,29_30,3,10738.0,16071.0
Mouse_Thymus2,47_29,5,12538.0,15971.0
Mouse_Thymus2,77_42,2,15538.0,17271.0
Mouse_Thymus2,107_41,2,18538.0,17171.0
Mouse_Thymus2,59_40,7,13738.0,17071.0
Mouse_Thymus2,36_44,2,11438.0,17471.0
Mouse_Thymus2,4_46,0,8238.0,17671.0
Mouse_Thymus2,77_43,2,15538.0,17371.0
Mouse_Thymus2,91_28,3,16938.0,15871.0
Mouse_Thymus2,48_31,3,12638.0,16171.0
Mouse_Thymus2,109_27,1,18738.0,15771.0
Mouse_Thymus2,36_51,0,11438.0,18171.0
Mouse_Thymus2,78_13,0,15638.0,14371.0
Mouse_Thymus2,102_20,1,18038.0,15071.0
Mouse_Thymus2,29_47,5,10738.0,17771.0
Mouse_Thymus2,108_30,1,18638.0,16071.0
Mouse_Thymus2,116_59,0,19438.0,18971.0
Mouse_Thymus2,45_50,3,12338.0,18071.0
Mouse_Thymus2,108_55,8,18638.0,18571.0
Mouse_Thymus2,22_36,6,10038.0,16671.0
Mouse_Thymus2,91_40,7,16938.0,17071.0
Mouse_Thymus2,82_20,5,16038.0,15071.0
Mouse_Thymus2,84_53,1,16238.0,18371.0
Mouse_Thymus2,93_39,4,17138.0,16971.0
Mouse_Thymus2,102_43,1,18038.0,17371.0
Mouse_Thymus2,32_41,2,11038.0,17171.0
Mouse_Thymus2,92_55,3,17038.0,18571.0
Mouse_Thymus2,110_47,10,18838.0,17771.0
Mouse_Thymus2,83_22,2,16138.0,15271.0
Mouse_Thymus2,120_58,10,19838.0,18871.0
Mouse_Thymus2,108_34,2,18638.0,16471.0
Mouse_Thymus2,125_66,0,20338.0,19671.0
Mouse_Thymus2,125_70,1,20338.0,20071.0
Mouse_Thymus2,6_46,3,8438.0,17671.0
Mouse_Thymus2,84_18,5,16238.0,14871.0
Mouse_Thymus2,89_58,4,16738.0,18871.0
Mouse_Thymus2,96_52,1,17438.0,18271.0
Mouse_Thymus2,109_44,5,18738.0,17471.0
Mouse_Thymus2,97_59,1,17538.0,18971.0
Mouse_Thymus2,78_41,5,15638.0,17171.0
Mouse_Thymus2,82_12,7,16038.0,14271.0
Mouse_Thymus2,97_42,0,17538.0,17271.0
Mouse_Thymus2,77_22,5,15538.0,15271.0
Mouse_Thymus2,31_29,10,10938.0,15971.0
Mouse_Thymus2,30_48,5,10838.0,17871.0
Mouse_Thymus2,40_22,3,11838.0,15271.0
Mouse_Thymus2,95_57,4,17338.0,18771.0
Mouse_Thymus2,46_44,2,12438.0,17471.0
Mouse_Thymus2,99_59,1,17738.0,18971.0
Mouse_Thymus2,87_6,3,16538.0,13671.0
Mouse_Thymus2,51_37,2,12938.0,16771.0
Mouse_Thymus2,102_19,1,18038.0,14971.0
Mouse_Thymus2,82_51,1,16038.0,18171.0
Mouse_Thymus2,116_35,8,19438.0,16571.0
Mouse_Thymus2,96_31,0,17438.0,16171.0
Mouse_Thymus2,97_5,7,17538.0,13571.0
Mouse_Thymus2,97_51,0,17538.0,18171.0
Mouse_Thymus2,102_16,3,18038.0,14671.0
Mouse_Thymus2,5_44,0,8338.0,17471.0
Mouse_Thymus2,95_17,0,17338.0,14771.0
Mouse_Thymus2,46_26,8,12438.0,15671.0
Mouse_Thymus2,107_40,2,18538.0,17071.0
Mouse_Thymus2,96_43,1,17438.0,17371.0
Mouse_Thymus2,20_40,3,9838.0,17071.0
Mouse_Thymus2,73_42,7,15138.0,17271.0
Mouse_Thymus2,85_45,10,16338.0,17571.0
Mouse_Thymus2,109_58,3,18738.0,18871.0
Mouse_Thymus2,42_37,3,12038.0,16771.0
Mouse_Thymus2,89_50,8,16738.0,18071.0
Mouse_Thymus2,12_39,0,9038.0,16971.0
Mouse_Thymus2,104_47,1,18238.0,17771.0
Mouse_Thymus2,62_32,2,14038.0,16271.0
Mouse_Thymus2,78_22,2,15638.0,15271.0
Mouse_Thymus2,108_53,7,18638.0,18371.0
Mouse_Thymus2,42_38,10,12038.0,16871.0
Mouse_Thymus2,89_19,5,16738.0,14971.0
Mouse_Thymus2,10_44,0,8838.0,17471.0
Mouse_Thymus2,122_48,1,20038.0,17871.0
Mouse_Thymus2,67_12,1,14538.0,14271.0
Mouse_Thymus2,92_52,1,17038.0,18271.0
Mouse_Thymus2,104_46,1,18238.0,17671.0
Mouse_Thymus2,84_39,1,16238.0,16971.0
Mouse_Thymus2,93_32,1,17138.0,16271.0
Mouse_Thymus2,119_67,1,19738.0,19771.0
Mouse_Thymus2,50_40,5,12838.0,17071.0
Mouse_Thymus2,19_44,2,9738.0,17471.0
Mouse_Thymus2,106_56,1,18438.0,18671.0
Mouse_Thymus2,77_14,3,15538.0,14471.0
Mouse_Thymus2,12_44,10,9038.0,17471.0
Mouse_Thymus2,71_0,6,14938.0,13071.0
Mouse_Thymus2,55_16,7,13338.0,14671.0
Mouse_Thymus2,58_28,2,13638.0,15871.0
Mouse_Thymus2,109_47,10,18738.0,17771.0
Mouse_Thymus2,16_51,3,9438.0,18171.0
Mouse_Thymus2,108_47,10,18638.0,17771.0
Mouse_Thymus2,74_1,3,15238.0,13171.0
Mouse_Thymus2,107_42,7,18538.0,17271.0
Mouse_Thymus2,72_44,0,15038.0,17471.0
Mouse_Thymus2,74_16,11,15238.0,14671.0
Mouse_Thymus2,6_48,10,8438.0,17871.0
Mouse_Thymus2,89_12,3,16738.0,14271.0
Mouse_Thymus2,54_34,2,13238.0,16471.0
Mouse_Thymus2,100_54,1,17838.0,18471.0
Mouse_Thymus2,101_31,7,17938.0,16171.0
Mouse_Thymus2,121_63,0,19938.0,19371.0
Mouse_Thymus2,86_5,1,16438.0,13571.0
Mouse_Thymus2,25_48,5,10338.0,17871.0
Mouse_Thymus2,33_46,5,11138.0,17671.0
Mouse_Thymus2,72_16,0,15038.0,14671.0
Mouse_Thymus2,81_4,1,15938.0,13471.0
Mouse_Thymus2,84_25,1,16238.0,15571.0
Mouse_Thymus2,69_17,7,14738.0,14771.0
Mouse_Thymus2,21_54,3,9938.0,18471.0
Mouse_Thymus2,36_28,10,11438.0,15871.0
Mouse_Thymus2,47_28,2,12538.0,15871.0
Mouse_Thymus2,69_30,10,14738.0,16071.0
Mouse_Thymus2,97_19,10,17538.0,14971.0
Mouse_Thymus2,32_48,10,11038.0,17871.0
Mouse_Thymus2,103_39,5,18138.0,16971.0
Mouse_Thymus2,40_50,3,11838.0,18071.0
Mouse_Thymus2,52_43,0,13038.0,17371.0
Mouse_Thymus2,118_61,5,19638.0,19171.0
Mouse_Thymus2,72_1,3,15038.0,13171.0
Mouse_Thymus2,113_50,1,19138.0,18071.0
Mouse_Thymus2,119_42,3,19738.0,17271.0
Mouse_Thymus2,64_10,1,14238.0,14071.0
Mouse_Thymus2,98_18,9,17638.0,14871.0
Mouse_Thymus2,122_49,0,20038.0,17971.0
Mouse_Thymus2,51_28,5,12938.0,15871.0
Mouse_Thymus2,70_42,3,14838.0,17271.0
Mouse_Thymus2,104_49,1,18238.0,17971.0
Mouse_Thymus2,118_57,5,19638.0,18771.0
Mouse_Thymus2,4_43,6,8238.0,17371.0
Mouse_Thymus2,52_28,5,13038.0,15871.0
Mouse_Thymus2,46_40,2,12438.0,17071.0
Mouse_Thymus2,109_33,10,18738.0,16371.0
Mouse_Thymus2,86_53,3,16438.0,18371.0
Mouse_Thymus2,27_34,7,10538.0,16471.0
Mouse_Thymus2,53_36,10,13138.0,16671.0
Mouse_Thymus2,103_43,9,18138.0,17371.0
Mouse_Thymus2,40_38,0,11838.0,16871.0
Mouse_Thymus2,71_24,5,14938.0,15471.0
Mouse_Thymus2,58_37,5,13638.0,16771.0
Mouse_Thymus2,90_51,1,16838.0,18171.0
Mouse_Thymus2,94_39,1,17238.0,16971.0
Mouse_Thymus2,47_44,0,12538.0,17471.0
Mouse_Thymus2,107_48,0,18538.0,17871.0
Mouse_Thymus2,40_45,2,11838.0,17571.0
Mouse_Thymus2,81_43,2,15938.0,17371.0
Mouse_Thymus2,25_42,7,10338.0,17271.0
Mouse_Thymus2,104_34,5,18238.0,16471.0
Mouse_Thymus2,88_55,1,16638.0,18571.0
Mouse_Thymus2,44_19,1,12238.0,14971.0
Mouse_Thymus2,42_40,5,12038.0,17071.0
Mouse_Thymus2,81_8,1,15938.0,13871.0
Mouse_Thymus2,60_30,5,13838.0,16071.0
Mouse_Thymus2,60_21,2,13838.0,15171.0
Mouse_Thymus2,73_23,2,15138.0,15371.0
Mouse_Thymus2,50_19,0,12838.0,14971.0
Mouse_Thymus2,70_5,3,14838.0,13571.0
Mouse_Thymus2,84_23,2,16238.0,15371.0
Mouse_Thymus2,102_24,2,18038.0,15471.0
Mouse_Thymus2,100_47,1,17838.0,17771.0
Mouse_Thymus2,26_50,10,10438.0,18071.0
Mouse_Thymus2,43_35,11,12138.0,16571.0
Mouse_Thymus2,103_44,11,18138.0,17471.0
Mouse_Thymus2,103_56,1,18138.0,18671.0
Mouse_Thymus2,122_67,10,20038.0,19771.0
Mouse_Thymus2,114_40,7,19238.0,17071.0
Mouse_Thymus2,79_8,0,15738.0,13871.0
Mouse_Thymus2,109_31,1,18738.0,16171.0
Mouse_Thymus2,74_40,2,15238.0,17071.0
Mouse_Thymus2,89_13,10,16738.0,14371.0
Mouse_Thymus2,14_51,3,9238.0,18171.0
Mouse_Thymus2,40_32,10,11838.0,16271.0
Mouse_Thymus2,78_24,2,15638.0,15471.0
Mouse_Thymus2,15_45,5,9338.0,17571.0
Mouse_Thymus2,87_10,1,16538.0,14071.0
Mouse_Thymus2,112_59,1,19038.0,18971.0
Mouse_Thymus2,82_2,1,16038.0,13271.0
Mouse_Thymus2,86_4,1,16438.0,13471.0
Mouse_Thymus2,52_44,3,13038.0,17471.0
Mouse_Thymus2,88_22,2,16638.0,15271.0
Mouse_Thymus2,100_38,5,17838.0,16871.0
Mouse_Thymus2,64_34,2,14238.0,16471.0
Mouse_Thymus2,91_55,1,16938.0,18571.0
Mouse_Thymus2,92_44,1,17038.0,17471.0
Mouse_Thymus2,67_21,10,14538.0,15171.0
Mouse_Thymus2,67_41,1,14538.0,17171.0
Mouse_Thymus2,62_23,2,14038.0,15371.0
Mouse_Thymus2,61_39,0,13938.0,16971.0
Mouse_Thymus2,30_45,5,10838.0,17571.0
Mouse_Thymus2,94_14,10,17238.0,14471.0
Mouse_Thymus2,98_10,2,17638.0,14071.0
Mouse_Thymus2,86_10,1,16438.0,14071.0
Mouse_Thymus2,88_28,3,16638.0,15871.0
Mouse_Thymus2,106_29,0,18438.0,15971.0
Mouse_Thymus2,78_15,0,15638.0,14571.0
Mouse_Thymus2,87_53,1,16538.0,18371.0
Mouse_Thymus2,121_46,3,19938.0,17671.0
Mouse_Thymus2,66_11,1,14438.0,14171.0
Mouse_Thymus2,66_29,2,14438.0,15971.0
Mouse_Thymus2,37_38,7,11538.0,16871.0
Mouse_Thymus2,35_46,5,11338.0,17671.0
Mouse_Thymus2,50_17,11,12838.0,14771.0
Mouse_Thymus2,120_55,5,19838.0,18571.0
Mouse_Thymus2,26_53,0,10438.0,18371.0
Mouse_Thymus2,26_40,3,10438.0,17071.0
Mouse_Thymus2,26_44,5,10438.0,17471.0
Mouse_Thymus2,61_23,5,13938.0,15371.0
Mouse_Thymus2,80_5,1,15838.0,13571.0
Mouse_Thymus2,88_52,9,16638.0,18271.0
Mouse_Thymus2,96_7,11,17438.0,13771.0
Mouse_Thymus2,72_42,1,15038.0,17271.0
Mouse_Thymus2,115_67,6,19338.0,19771.0
Mouse_Thymus2,84_45,10,16238.0,17571.0
Mouse_Thymus2,117_59,2,19538.0,18971.0
Mouse_Thymus2,42_46,2,12038.0,17671.0
Mouse_Thymus2,101_36,2,17938.0,16671.0
Mouse_Thymus2,121_65,10,19938.0,19571.0
Mouse_Thymus2,80_2,8,15838.0,13271.0
Mouse_Thymus2,83_11,7,16138.0,14171.0
Mouse_Thymus2,94_59,3,17238.0,18971.0
Mouse_Thymus2,44_41,2,12238.0,17171.0
Mouse_Thymus2,100_20,7,17838.0,15071.0
Mouse_Thymus2,89_27,3,16738.0,15771.0
Mouse_Thymus2,115_62,3,19338.0,19271.0
Mouse_Thymus2,70_28,10,14838.0,15871.0
Mouse_Thymus2,102_15,3,18038.0,14571.0
Mouse_Thymus2,83_23,2,16138.0,15371.0
Mouse_Thymus2,71_10,7,14938.0,14071.0
Mouse_Thymus2,87_3,3,16538.0,13371.0
Mouse_Thymus2,68_27,2,14638.0,15771.0
Mouse_Thymus2,96_15,1,17438.0,14571.0
Mouse_Thymus2,74_15,3,15238.0,14571.0
Mouse_Thymus2,35_35,1,11338.0,16571.0
Mouse_Thymus2,76_44,7,15438.0,17471.0
Mouse_Thymus2,65_8,11,14338.0,13871.0
Mouse_Thymus2,97_32,5,17538.0,16271.0
Mouse_Thymus2,98_60,11,17638.0,19071.0
Mouse_Thymus2,31_50,3,10938.0,18071.0
Mouse_Thymus2,109_49,1,18738.0,17971.0
Mouse_Thymus2,58_34,2,13638.0,16471.0
Mouse_Thymus2,44_33,10,12238.0,16371.0
Mouse_Thymus2,102_50,7,18038.0,18071.0
Mouse_Thymus2,81_39,2,15938.0,16971.0
Mouse_Thymus2,27_48,2,10538.0,17871.0
Mouse_Thymus2,43_37,3,12138.0,16771.0
Mouse_Thymus2,100_33,3,17838.0,16371.0
Mouse_Thymus2,108_42,2,18638.0,17271.0
Mouse_Thymus2,119_63,1,19738.0,19371.0
Mouse_Thymus2,117_66,11,19538.0,19671.0
Mouse_Thymus2,53_44,7,13138.0,17471.0
Mouse_Thymus2,33_32,7,11138.0,16271.0
Mouse_Thymus2,70_11,1,14838.0,14171.0
Mouse_Thymus2,110_59,8,18838.0,18971.0
Mouse_Thymus2,110_54,1,18838.0,18471.0
Mouse_Thymus2,121_59,5,19938.0,18971.0
Mouse_Thymus2,93_37,0,17138.0,16771.0
Mouse_Thymus2,120_46,7,19838.0,17671.0
Mouse_Thymus2,102_44,7,18038.0,17471.0
Mouse_Thymus2,78_42,5,15638.0,17271.0
Mouse_Thymus2,79_1,7,15738.0,13171.0
Mouse_Thymus2,78_21,5,15638.0,15171.0
Mouse_Thymus2,114_61,1,19238.0,19171.0
Mouse_Thymus2,95_52,3,17338.0,18271.0
Mouse_Thymus2,45_40,2,12338.0,17071.0
Mouse_Thymus2,75_0,3,15338.0,13071.0
Mouse_Thymus2,89_34,7,16738.0,16471.0
Mouse_Thymus2,65_35,2,14338.0,16571.0
Mouse_Thymus2,49_39,5,12738.0,16971.0
Mouse_Thymus2,40_41,2,11838.0,17171.0
Mouse_Thymus2,72_22,5,15038.0,15271.0
Mouse_Thymus2,113_43,5,19138.0,17371.0
Mouse_Thymus2,24_40,1,10238.0,17071.0
Mouse_Thymus2,98_37,5,17638.0,16771.0
Mouse_Thymus2,89_17,5,16738.0,14771.0
Mouse_Thymus2,125_60,1,20338.0,19071.0
Mouse_Thymus2,56_32,2,13438.0,16271.0
Mouse_Thymus2,112_33,3,19038.0,16371.0
Mouse_Thymus2,92_12,3,17038.0,14271.0
Mouse_Thymus2,78_45,7,15638.0,17571.0
Mouse_Thymus2,93_41,7,17138.0,17171.0
Mouse_Thymus2,82_3,1,16038.0,13371.0
Mouse_Thymus2,28_50,0,10638.0,18071.0
Mouse_Thymus2,104_26,3,18238.0,15671.0
Mouse_Thymus2,87_13,10,16538.0,14371.0
Mouse_Thymus2,97_61,9,17538.0,19171.0
Mouse_Thymus2,89_29,7,16738.0,15971.0
Mouse_Thymus2,88_3,6,16638.0,13371.0
Mouse_Thymus2,85_24,10,16338.0,15471.0
Mouse_Thymus2,61_37,2,13938.0,16771.0
Mouse_Thymus2,75_21,7,15338.0,15171.0
Mouse_Thymus2,30_47,2,10838.0,17771.0
Mouse_Thymus2,53_42,3,13138.0,17271.0
Mouse_Thymus2,75_3,1,15338.0,13371.0
Mouse_Thymus2,52_15,8,13038.0,14571.0
Mouse_Thymus2,13_47,8,9138.0,17771.0
Mouse_Thymus2,43_23,1,12138.0,15371.0
Mouse_Thymus2,77_25,2,15538.0,15571.0
Mouse_Thymus2,79_24,2,15738.0,15471.0
Mouse_Thymus2,64_39,3,14238.0,16971.0
Mouse_Thymus2,102_23,10,18038.0,15371.0
Mouse_Thymus2,84_55,8,16238.0,18571.0
Mouse_Thymus2,71_4,11,14938.0,13471.0
Mouse_Thymus2,97_13,1,17538.0,14371.0
Mouse_Thymus2,51_30,3,12938.0,16071.0
Mouse_Thymus2,104_53,1,18238.0,18371.0
Mouse_Thymus2,114_60,9,19238.0,19071.0
Mouse_Thymus2,67_15,7,14538.0,14571.0
Mouse_Thymus2,83_31,7,16138.0,16171.0
Mouse_Thymus2,75_42,1,15338.0,17271.0
Mouse_Thymus2,91_56,3,16938.0,18671.0
Mouse_Thymus2,33_52,1,11138.0,18271.0
Mouse_Thymus2,96_21,5,17438.0,15171.0
Mouse_Thymus2,73_29,10,15138.0,15971.0
Mouse_Thymus2,91_51,7,16938.0,18171.0
Mouse_Thymus2,23_56,6,10138.0,18671.0
Mouse_Thymus2,107_37,5,18538.0,16771.0
Mouse_Thymus2,87_23,2,16538.0,15371.0
Mouse_Thymus2,57_15,0,13538.0,14571.0
Mouse_Thymus2,88_7,11,16638.0,13771.0
Mouse_Thymus2,69_39,10,14738.0,16971.0
Mouse_Thymus2,63_13,7,14138.0,14371.0
Mouse_Thymus2,94_57,1,17238.0,18771.0
Mouse_Thymus2,45_49,0,12338.0,17971.0
Mouse_Thymus2,74_6,1,15238.0,13671.0
Mouse_Thymus2,78_31,5,15638.0,16171.0
Mouse_Thymus2,52_19,3,13038.0,14971.0
Mouse_Thymus2,69_21,10,14738.0,15171.0
Mouse_Thymus2,78_9,8,15638.0,13971.0
Mouse_Thymus2,97_29,3,17538.0,15971.0
Mouse_Thymus2,20_41,0,9838.0,17171.0
Mouse_Thymus2,86_31,1,16438.0,16171.0
Mouse_Thymus2,101_55,1,17938.0,18571.0
Mouse_Thymus2,87_25,1,16538.0,15571.0
Mouse_Thymus2,62_25,11,14038.0,15571.0
Mouse_Thymus2,43_24,3,12138.0,15471.0
Mouse_Thymus2,69_4,3,14738.0,13471.0
Mouse_Thymus2,83_21,5,16138.0,15171.0
Mouse_Thymus2,120_48,7,19838.0,17871.0
Mouse_Thymus2,23_37,1,10138.0,16771.0
Mouse_Thymus2,97_44,1,17538.0,17471.0
Mouse_Thymus2,35_37,3,11338.0,16771.0
Mouse_Thymus2,75_20,9,15338.0,15071.0
Mouse_Thymus2,113_35,1,19138.0,16571.0
Mouse_Thymus2,53_21,8,13138.0,15171.0
Mouse_Thymus2,92_37,3,17038.0,16771.0
Mouse_Thymus2,92_40,1,17038.0,17071.0
Mouse_Thymus2,71_35,5,14938.0,16571.0
Mouse_Thymus2,83_51,1,16138.0,18171.0
Mouse_Thymus2,54_29,4,13238.0,15971.0
Mouse_Thymus2,61_13,1,13938.0,14371.0
Mouse_Thymus2,70_26,5,14838.0,15671.0
Mouse_Thymus2,34_54,3,11238.0,18471.0
Mouse_Thymus2,73_36,5,15138.0,16671.0
Mouse_Thymus2,80_11,7,15838.0,14171.0
Mouse_Thymus2,92_29,0,17038.0,15971.0
Mouse_Thymus2,109_37,5,18738.0,16771.0
Mouse_Thymus2,76_4,1,15438.0,13471.0
Mouse_Thymus2,94_11,1,17238.0,14171.0
Mouse_Thymus2,102_47,1,18038.0,17771.0
Mouse_Thymus2,92_6,3,17038.0,13671.0
Mouse_Thymus2,43_22,0,12138.0,15271.0
Mouse_Thymus2,73_9,7,15138.0,13971.0
Mouse_Thymus2,28_48,5,10638.0,17871.0
Mouse_Thymus2,119_64,1,19738.0,19471.0
Mouse_Thymus2,29_43,5,10738.0,17371.0
Mouse_Thymus2,121_47,3,19938.0,17771.0
Mouse_Thymus2,84_43,1,16238.0,17371.0
Mouse_Thymus2,94_61,6,17238.0,19171.0
Mouse_Thymus2,87_54,3,16538.0,18471.0
Mouse_Thymus2,76_14,3,15438.0,14471.0
Mouse_Thymus2,39_28,2,11738.0,15871.0
Mouse_Thymus2,16_38,10,9438.0,16871.0
Mouse_Thymus2,97_15,1,17538.0,14571.0
Mouse_Thymus2,17_54,8,9538.0,18471.0
Mouse_Thymus2,22_41,3,10038.0,17171.0
Mouse_Thymus2,91_18,2,16938.0,14871.0
Mouse_Thymus2,78_1,3,15638.0,13171.0
Mouse_Thymus2,84_54,0,16238.0,18471.0
Mouse_Thymus2,37_42,2,11538.0,17271.0
Mouse_Thymus2,91_41,7,16938.0,17171.0
Mouse_Thymus2,64_31,2,14238.0,16171.0
Mouse_Thymus2,77_40,5,15538.0,17071.0
Mouse_Thymus2,83_16,2,16138.0,14671.0
Mouse_Thymus2,7_49,6,8538.0,17971.0
Mouse_Thymus2,72_21,5,15038.0,15171.0
Mouse_Thymus2,96_23,5,17438.0,15371.0
Mouse_Thymus2,46_47,3,12438.0,17771.0
Mouse_Thymus2,73_39,5,15138.0,16971.0
Mouse_Thymus2,79_37,2,15738.0,16771.0
Mouse_Thymus2,118_53,5,19638.0,18371.0
Mouse_Thymus2,96_11,1,17438.0,14171.0
Mouse_Thymus2,48_37,2,12638.0,16771.0
Mouse_Thymus2,52_26,5,13038.0,15671.0
Mouse_Thymus2,80_30,2,15838.0,16071.0
Mouse_Thymus2,64_15,7,14238.0,14571.0
Mouse_Thymus2,48_46,3,12638.0,17671.0
Mouse_Thymus2,61_33,2,13938.0,16371.0
Mouse_Thymus2,9_43,1,8738.0,17371.0
Mouse_Thymus2,99_55,3,17738.0,18571.0
Mouse_Thymus2,22_51,3,10038.0,18171.0
Mouse_Thymus2,87_28,0,16538.0,15871.0
Mouse_Thymus2,48_42,5,12638.0,17271.0
Mouse_Thymus2,68_31,10,14638.0,16171.0
Mouse_Thymus2,67_16,1,14538.0,14671.0
Mouse_Thymus2,47_40,5,12538.0,17071.0
Mouse_Thymus2,60_11,6,13838.0,14171.0
Mouse_Thymus2,78_28,5,15638.0,15871.0
Mouse_Thymus2,77_23,5,15538.0,15371.0
Mouse_Thymus2,113_59,3,19138.0,18971.0
Mouse_Thymus2,35_53,3,11338.0,18371.0
Mouse_Thymus2,52_34,10,13038.0,16471.0
Mouse_Thymus2,28_53,3,10638.0,18371.0
Mouse_Thymus2,39_31,10,11738.0,16171.0
Mouse_Thymus2,51_41,4,12938.0,17171.0
Mouse_Thymus2,93_25,5,17138.0,15571.0
Mouse_Thymus2,14_41,0,9238.0,17171.0
Mouse_Thymus2,96_22,5,17438.0,15271.0
Mouse_Thymus2,40_24,0,11838.0,15471.0
Mouse_Thymus2,24_44,2,10238.0,17471.0
Mouse_Thymus2,83_28,2,16138.0,15871.0
Mouse_Thymus2,116_48,5,19438.0,17871.0
Mouse_Thymus2,91_11,7,16938.0,14171.0
Mouse_Thymus2,89_38,1,16738.0,16871.0
Mouse_Thymus2,72_35,2,15038.0,16571.0
Mouse_Thymus2,98_22,5,17638.0,15271.0
Mouse_Thymus2,79_46,1,15738.0,17671.0
Mouse_Thymus2,31_35,1,10938.0,16571.0
Mouse_Thymus2,99_53,1,17738.0,18371.0
Mouse_Thymus2,52_35,10,13038.0,16571.0
Mouse_Thymus2,26_56,3,10438.0,18671.0
Mouse_Thymus2,120_47,1,19838.0,17771.0
Mouse_Thymus2,59_13,1,13738.0,14371.0
Mouse_Thymus2,81_45,7,15938.0,17571.0
Mouse_Thymus2,72_13,7,15038.0,14371.0
Mouse_Thymus2,52_29,4,13038.0,15971.0
Mouse_Thymus2,81_37,10,15938.0,16771.0
Mouse_Thymus2,91_31,0,16938.0,16171.0
Mouse_Thymus2,87_49,7,16538.0,17971.0
Mouse_Thymus2,80_15,3,15838.0,14571.0
Mouse_Thymus2,97_21,2,17538.0,15171.0
Mouse_Thymus2,73_26,5,15138.0,15671.0
Mouse_Thymus2,31_44,2,10938.0,17471.0
Mouse_Thymus2,85_36,3,16338.0,16671.0
Mouse_Thymus2,85_2,1,16338.0,13271.0
Mouse_Thymus2,52_32,10,13038.0,16271.0
Mouse_Thymus2,14_48,1,9238.0,17871.0
Mouse_Thymus2,104_31,5,18238.0,16171.0
Mouse_Thymus2,87_43,3,16538.0,17371.0
Mouse_Thymus2,29_37,7,10738.0,16771.0
Mouse_Thymus2,74_36,2,15238.0,16671.0
Mouse_Thymus2,109_40,2,18738.0,17071.0
Mouse_Thymus2,27_41,0,10538.0,17171.0
Mouse_Thymus2,76_13,1,15438.0,14371.0
Mouse_Thymus2,112_41,5,19038.0,17171.0
Mouse_Thymus2,116_55,1,19438.0,18571.0
Mouse_Thymus2,66_30,0,14438.0,16071.0
Mouse_Thymus2,122_46,3,20038.0,17671.0
Mouse_Thymus2,84_26,10,16238.0,15671.0
Mouse_Thymus2,87_31,3,16538.0,16171.0
Mouse_Thymus2,60_31,5,13838.0,16171.0
Mouse_Thymus2,40_40,2,11838.0,17071.0
Mouse_Thymus2,45_20,1,12338.0,15071.0
Mouse_Thymus2,63_38,3,14138.0,16871.0
Mouse_Thymus2,98_8,0,17638.0,13871.0
Mouse_Thymus2,84_9,3,16238.0,13971.0
Mouse_Thymus2,80_16,7,15838.0,14671.0
Mouse_Thymus2,49_34,10,12738.0,16471.0
Mouse_Thymus2,80_14,7,15838.0,14471.0
Mouse_Thymus2,107_57,3,18538.0,18771.0
Mouse_Thymus2,89_7,1,16738.0,13771.0
Mouse_Thymus2,80_1,8,15838.0,13171.0
Mouse_Thymus2,24_52,0,10238.0,18271.0
Mouse_Thymus2,109_36,5,18738.0,16671.0
Mouse_Thymus2,100_45,1,17838.0,17571.0
Mouse_Thymus2,87_48,7,16538.0,17871.0
Mouse_Thymus2,105_34,5,18338.0,16471.0
Mouse_Thymus2,110_51,1,18838.0,18171.0
Mouse_Thymus2,63_12,1,14138.0,14271.0
Mouse_Thymus2,84_5,1,16238.0,13571.0
Mouse_Thymus2,36_45,5,11438.0,17571.0
Mouse_Thymus2,71_13,11,14938.0,14371.0
Mouse_Thymus2,49_33,10,12738.0,16371.0
Mouse_Thymus2,98_56,3,17638.0,18671.0
Mouse_Thymus2,95_19,10,17338.0,14971.0
Mouse_Thymus2,40_46,10,11838.0,17671.0
Mouse_Thymus2,34_45,5,11238.0,17571.0
Mouse_Thymus2,81_28,10,15938.0,15871.0
Mouse_Thymus2,103_59,6,18138.0,18971.0
Mouse_Thymus2,97_60,3,17538.0,19071.0
Mouse_Thymus2,84_27,5,16238.0,15771.0
Mouse_Thymus2,114_66,6,19238.0,19671.0
Mouse_Thymus2,11_42,1,8938.0,17271.0
Mouse_Thymus2,66_39,1,14438.0,16971.0
Mouse_Thymus2,81_12,3,15938.0,14271.0
Mouse_Thymus2,33_29,10,11138.0,15971.0
Mouse_Thymus2,103_45,9,18138.0,17571.0
Mouse_Thymus2,82_44,0,16038.0,17471.0
Mouse_Thymus2,83_3,0,16138.0,13371.0
Mouse_Thymus2,69_10,4,14738.0,14071.0
Mouse_Thymus2,90_37,1,16838.0,16771.0
Mouse_Thymus2,123_55,1,20138.0,18571.0
Mouse_Thymus2,42_20,1,12038.0,15071.0
Mouse_Thymus2,27_37,1,10538.0,16771.0
Mouse_Thymus2,88_40,1,16638.0,17071.0
Mouse_Thymus2,48_48,3,12638.0,17871.0
Mouse_Thymus2,117_62,7,19538.0,19271.0
Mouse_Thymus2,118_51,5,19638.0,18171.0
Mouse_Thymus2,38_45,2,11638.0,17571.0
Mouse_Thymus2,51_24,0,12938.0,15471.0
Mouse_Thymus2,47_48,0,12538.0,17871.0
Mouse_Thymus2,34_31,3,11238.0,16171.0
Mouse_Thymus2,40_25,0,11838.0,15571.0
Mouse_Thymus2,9_40,6,8738.0,17071.0
Mouse_Thymus2,75_31,5,15338.0,16171.0
Mouse_Thymus2,87_11,1,16538.0,14171.0
Mouse_Thymus2,13_49,1,9138.0,17971.0
Mouse_Thymus2,71_1,3,14938.0,13171.0
Mouse_Thymus2,19_37,4,9738.0,16771.0
Mouse_Thymus2,59_31,5,13738.0,16171.0
Mouse_Thymus2,81_20,5,15938.0,15071.0
Mouse_Thymus2,106_32,2,18438.0,16271.0
Mouse_Thymus2,115_35,0,19338.0,16571.0
Mouse_Thymus2,72_5,7,15038.0,13571.0
Mouse_Thymus2,98_43,1,17638.0,17371.0
Mouse_Thymus2,80_7,0,15838.0,13771.0
Mouse_Thymus2,11_44,1,8938.0,17471.0
Mouse_Thymus2,53_28,0,13138.0,15871.0
Mouse_Thymus2,91_34,8,16938.0,16471.0
Mouse_Thymus2,18_51,1,9638.0,18171.0
Mouse_Thymus2,79_51,0,15738.0,18171.0
Mouse_Thymus2,98_30,7,17638.0,16071.0
Mouse_Thymus2,86_46,7,16438.0,17671.0
Mouse_Thymus2,47_20,3,12538.0,15071.0
Mouse_Thymus2,61_24,5,13938.0,15471.0
Mouse_Thymus2,78_26,10,15638.0,15671.0
Mouse_Thymus2,120_49,3,19838.0,17971.0
Mouse_Thymus2,42_51,3,12038.0,18171.0
Mouse_Thymus2,63_19,3,14138.0,14971.0
Mouse_Thymus2,107_32,3,18538.0,16271.0
Mouse_Thymus2,44_37,10,12238.0,16771.0
Mouse_Thymus2,68_13,11,14638.0,14371.0
Mouse_Thymus2,0_46,6,7838.0,17671.0
Mouse_Thymus2,95_51,0,17338.0,18171.0
Mouse_Thymus2,72_39,5,15038.0,16971.0
Mouse_Thymus2,122_63,0,20038.0,19371.0
Mouse_Thymus2,105_45,1,18338.0,17571.0
Mouse_Thymus2,20_44,2,9838.0,17471.0
Mouse_Thymus2,41_42,5,11938.0,17271.0
Mouse_Thymus2,124_57,7,20238.0,18771.0
Mouse_Thymus2,109_34,3,18738.0,16471.0
Mouse_Thymus2,81_3,3,15938.0,13371.0
Mouse_Thymus2,89_21,2,16738.0,15171.0
Mouse_Thymus2,84_33,11,16238.0,16371.0
Mouse_Thymus2,104_24,3,18238.0,15471.0
Mouse_Thymus2,83_13,3,16138.0,14371.0
Mouse_Thymus2,22_37,1,10038.0,16771.0
Mouse_Thymus2,51_36,10,12938.0,16671.0
Mouse_Thymus2,107_35,5,18538.0,16571.0
Mouse_Thymus2,72_14,7,15038.0,14471.0
Mouse_Thymus2,87_14,10,16538.0,14471.0
Mouse_Thymus2,106_43,8,18438.0,17371.0
Mouse_Thymus2,38_44,2,11638.0,17471.0
Mouse_Thymus2,123_70,1,20138.0,20071.0
Mouse_Thymus2,110_52,1,18838.0,18271.0
Mouse_Thymus2,19_53,1,9738.0,18371.0
Mouse_Thymus2,48_38,2,12638.0,16871.0
Mouse_Thymus2,77_19,2,15538.0,14971.0
Mouse_Thymus2,93_20,10,17138.0,15071.0
Mouse_Thymus2,84_36,10,16238.0,16671.0
Mouse_Thymus2,92_25,5,17038.0,15571.0
Mouse_Thymus2,124_63,1,20238.0,19371.0
Mouse_Thymus2,70_30,3,14838.0,16071.0
Mouse_Thymus2,32_52,3,11038.0,18271.0
Mouse_Thymus2,89_6,1,16738.0,13671.0
Mouse_Thymus2,105_38,5,18338.0,16871.0
Mouse_Thymus2,77_44,7,15538.0,17471.0
Mouse_Thymus2,3_45,8,8138.0,17571.0
Mouse_Thymus2,32_55,3,11038.0,18571.0
Mouse_Thymus2,108_31,7,18638.0,16171.0
Mouse_Thymus2,94_17,7,17238.0,14771.0
Mouse_Thymus2,121_56,2,19938.0,18671.0
Mouse_Thymus2,89_45,3,16738.0,17571.0
Mouse_Thymus2,22_40,7,10038.0,17071.0
Mouse_Thymus2,96_29,9,17438.0,15971.0
Mouse_Thymus2,43_30,2,12138.0,16071.0
Mouse_Thymus2,19_54,8,9738.0,18471.0
Mouse_Thymus2,98_52,1,17638.0,18271.0
Mouse_Thymus2,80_10,1,15838.0,14071.0
Mouse_Thymus2,58_20,7,13638.0,15071.0
Mouse_Thymus2,32_28,3,11038.0,15871.0
Mouse_Thymus2,65_32,2,14338.0,16271.0
Mouse_Thymus2,102_37,7,18038.0,16771.0
Mouse_Thymus2,114_43,5,19238.0,17371.0
Mouse_Thymus2,40_27,0,11838.0,15771.0
Mouse_Thymus2,95_47,7,17338.0,17771.0
Mouse_Thymus2,110_29,0,18838.0,15971.0
Mouse_Thymus2,110_56,8,18838.0,18671.0
Mouse_Thymus2,84_48,9,16238.0,17871.0
Mouse_Thymus2,100_11,11,17838.0,14171.0
Mouse_Thymus2,60_39,1,13838.0,16971.0
Mouse_Thymus2,38_46,2,11638.0,17671.0
Mouse_Thymus2,39_44,5,11738.0,17471.0
Mouse_Thymus2,112_63,6,19038.0,19371.0
Mouse_Thymus2,112_51,1,19038.0,18171.0
Mouse_Thymus2,107_23,8,18538.0,15371.0
Mouse_Thymus2,75_4,3,15338.0,13471.0
Mouse_Thymus2,41_27,7,11938.0,15771.0
Mouse_Thymus2,34_43,2,11238.0,17371.0
Mouse_Thymus2,29_36,1,10738.0,16671.0
Mouse_Thymus2,97_12,0,17538.0,14271.0
Mouse_Thymus2,88_15,10,16638.0,14571.0
Mouse_Thymus2,87_41,1,16538.0,17171.0
Mouse_Thymus2,48_20,1,12638.0,15071.0
Mouse_Thymus2,58_12,3,13638.0,14271.0
Mouse_Thymus2,97_27,2,17538.0,15771.0
Mouse_Thymus2,79_10,3,15738.0,14071.0
Mouse_Thymus2,106_42,2,18438.0,17271.0
Mouse_Thymus2,69_9,4,14738.0,13971.0
Mouse_Thymus2,70_18,7,14838.0,14871.0
Mouse_Thymus2,89_31,8,16738.0,16171.0
Mouse_Thymus2,117_42,3,19538.0,17271.0
Mouse_Thymus2,73_19,3,15138.0,14971.0
Mouse_Thymus2,89_56,3,16738.0,18671.0
Mouse_Thymus2,95_22,2,17338.0,15271.0
Mouse_Thymus2,88_30,1,16638.0,16071.0
Mouse_Thymus2,79_16,11,15738.0,14671.0
Mouse_Thymus2,50_33,10,12838.0,16371.0
Mouse_Thymus2,112_32,3,19038.0,16271.0
Mouse_Thymus2,19_42,7,9738.0,17271.0
Mouse_Thymus2,20_54,8,9838.0,18471.0
Mouse_Thymus2,84_12,1,16238.0,14271.0
Mouse_Thymus2,105_46,3,18338.0,17671.0
Mouse_Thymus2,99_25,2,17738.0,15571.0
Mouse_Thymus2,59_23,5,13738.0,15371.0
Mouse_Thymus2,45_43,5,12338.0,17371.0
Mouse_Thymus2,114_35,1,19238.0,16571.0
Mouse_Thymus2,83_47,9,16138.0,17771.0
Mouse_Thymus2,123_56,3,20138.0,18671.0
Mouse_Thymus2,94_33,1,17238.0,16371.0
Mouse_Thymus2,93_18,10,17138.0,14871.0
Mouse_Thymus2,34_55,3,11238.0,18571.0
Mouse_Thymus2,102_28,5,18038.0,15871.0
Mouse_Thymus2,61_35,5,13938.0,16571.0
Mouse_Thymus2,95_8,1,17338.0,13871.0
Mouse_Thymus2,34_47,2,11238.0,17771.0
Mouse_Thymus2,38_28,7,11638.0,15871.0
Mouse_Thymus2,106_35,2,18438.0,16571.0
Mouse_Thymus2,42_36,11,12038.0,16671.0
Mouse_Thymus2,57_13,1,13538.0,14371.0
Mouse_Thymus2,49_40,2,12738.0,17071.0
Mouse_Thymus2,68_12,3,14638.0,14271.0
Mouse_Thymus2,27_51,2,10538.0,18171.0
Mouse_Thymus2,114_52,3,19238.0,18271.0
Mouse_Thymus2,15_42,2,9338.0,17271.0
Mouse_Thymus2,39_41,2,11738.0,17171.0
Mouse_Thymus2,98_34,2,17638.0,16471.0
Mouse_Thymus2,63_39,0,14138.0,16971.0
Mouse_Thymus2,105_36,5,18338.0,16671.0
Mouse_Thymus2,63_34,2,14138.0,16471.0
Mouse_Thymus2,27_46,2,10538.0,17671.0
Mouse_Thymus2,94_50,1,17238.0,18071.0
Mouse_Thymus2,61_19,1,13938.0,14971.0
Mouse_Thymus2,57_25,2,13538.0,15571.0
Mouse_Thymus2,103_53,1,18138.0,18371.0
Mouse_Thymus2,54_18,7,13238.0,14871.0
Mouse_Thymus2,100_46,1,17838.0,17671.0
Mouse_Thymus2,11_45,3,8938.0,17571.0
Mouse_Thymus2,42_22,1,12038.0,15271.0
Mouse_Thymus2,114_51,1,19238.0,18171.0
Mouse_Thymus2,84_37,1,16238.0,16771.0
Mouse_Thymus2,85_34,1,16338.0,16471.0
Mouse_Thymus2,55_15,4,13338.0,14571.0
Mouse_Thymus2,54_31,7,13238.0,16171.0
Mouse_Thymus2,30_32,3,10838.0,16271.0
Mouse_Thymus2,118_55,4,19638.0,18571.0
Mouse_Thymus2,34_41,2,11238.0,17171.0
Mouse_Thymus2,115_63,3,19338.0,19371.0
Mouse_Thymus2,92_24,5,17038.0,15471.0
Mouse_Thymus2,57_12,6,13538.0,14271.0
Mouse_Thymus2,45_42,2,12338.0,17271.0
Mouse_Thymus2,121_45,8,19938.0,17571.0
Mouse_Thymus2,52_33,3,13038.0,16371.0
Mouse_Thymus2,93_9,1,17138.0,13971.0
Mouse_Thymus2,95_12,1,17338.0,14271.0
Mouse_Thymus2,36_54,3,11438.0,18471.0
Mouse_Thymus2,47_39,2,12538.0,16971.0
Mouse_Thymus2,66_42,6,14438.0,17271.0
Mouse_Thymus2,95_44,1,17338.0,17471.0
Mouse_Thymus2,44_44,10,12238.0,17471.0
Mouse_Thymus2,91_29,8,16938.0,15971.0
Mouse_Thymus2,103_55,1,18138.0,18571.0
Mouse_Thymus2,42_31,10,12038.0,16171.0
Mouse_Thymus2,92_38,3,17038.0,16871.0
Mouse_Thymus2,55_29,2,13338.0,15971.0
Mouse_Thymus2,82_17,5,16038.0,14771.0
Mouse_Thymus2,53_40,7,13138.0,17071.0
Mouse_Thymus2,55_19,1,13338.0,14971.0
Mouse_Thymus2,70_1,6,14838.0,13171.0
Mouse_Thymus2,77_48,1,15538.0,17871.0
Mouse_Thymus2,16_46,5,9438.0,17671.0
Mouse_Thymus2,107_45,5,18538.0,17571.0
Mouse_Thymus2,45_34,10,12338.0,16471.0
Mouse_Thymus2,53_19,4,13138.0,14971.0
Mouse_Thymus2,59_28,5,13738.0,15871.0
Mouse_Thymus2,90_24,2,16838.0,15471.0
Mouse_Thymus2,83_8,1,16138.0,13871.0
Mouse_Thymus2,110_39,5,18838.0,16971.0
Mouse_Thymus2,75_22,2,15338.0,15271.0
Mouse_Thymus2,87_15,5,16538.0,14571.0
Mouse_Thymus2,59_30,2,13738.0,16071.0
Mouse_Thymus2,56_39,3,13438.0,16971.0
Mouse_Thymus2,28_45,5,10638.0,17571.0
Mouse_Thymus2,74_8,1,15238.0,13871.0
Mouse_Thymus2,25_41,3,10338.0,17171.0
Mouse_Thymus2,116_43,8,19438.0,17371.0
Mouse_Thymus2,75_41,2,15338.0,17171.0
Mouse_Thymus2,93_38,9,17138.0,16871.0
Mouse_Thymus2,60_17,8,13838.0,14771.0
Mouse_Thymus2,26_39,3,10438.0,16971.0
Mouse_Thymus2,111_61,3,18938.0,19171.0
Mouse_Thymus2,118_50,2,19638.0,18071.0
Mouse_Thymus2,86_44,7,16438.0,17471.0
Mouse_Thymus2,81_47,9,15938.0,17771.0
Mouse_Thymus2,71_18,1,14938.0,14871.0
Mouse_Thymus2,80_38,5,15838.0,16871.0
Mouse_Thymus2,28_56,3,10638.0,18671.0
Mouse_Thymus2,73_22,2,15138.0,15271.0
Mouse_Thymus2,22_52,3,10038.0,18271.0
Mouse_Thymus2,51_35,10,12938.0,16571.0
Mouse_Thymus2,83_24,2,16138.0,15471.0
Mouse_Thymus2,18_40,11,9638.0,17071.0
Mouse_Thymus2,21_55,8,9938.0,18571.0
Mouse_Thymus2,27_52,3,10538.0,18271.0
Mouse_Thymus2,51_26,10,12938.0,15671.0
Mouse_Thymus2,115_34,7,19338.0,16471.0
Mouse_Thymus2,80_36,2,15838.0,16671.0
Mouse_Thymus2,61_21,5,13938.0,15171.0
Mouse_Thymus2,54_25,0,13238.0,15571.0
Mouse_Thymus2,59_32,2,13738.0,16271.0
Mouse_Thymus2,46_20,7,12438.0,15071.0
Mouse_Thymus2,18_38,0,9638.0,16871.0
Mouse_Thymus2,92_51,3,17038.0,18171.0
Mouse_Thymus2,88_8,3,16638.0,13871.0
Mouse_Thymus2,7_44,7,8538.0,17471.0
Mouse_Thymus2,30_44,5,10838.0,17471.0
Mouse_Thymus2,73_34,10,15138.0,16471.0
Mouse_Thymus2,123_62,3,20138.0,19271.0
Mouse_Thymus2,19_47,2,9738.0,17771.0
Mouse_Thymus2,86_45,1,16438.0,17571.0
Mouse_Thymus2,99_16,1,17738.0,14671.0
Mouse_Thymus2,30_54,1,10838.0,18471.0
Mouse_Thymus2,64_36,2,14238.0,16671.0
Mouse_Thymus2,29_39,3,10738.0,16971.0
Mouse_Thymus2,85_1,6,16338.0,13171.0
Mouse_Thymus2,79_9,1,15738.0,13971.0
Mouse_Thymus2,30_52,3,10838.0,18271.0
Mouse_Thymus2,77_17,10,15538.0,14771.0
Mouse_Thymus2,57_14,1,13538.0,14471.0
Mouse_Thymus2,59_18,1,13738.0,14871.0
Mouse_Thymus2,79_13,1,15738.0,14371.0
Mouse_Thymus2,50_26,10,12838.0,15671.0
Mouse_Thymus2,75_48,3,15338.0,17871.0
Mouse_Thymus2,76_18,7,15438.0,14871.0
Mouse_Thymus2,77_46,7,15538.0,17671.0
Mouse_Thymus2,26_36,1,10438.0,16671.0
Mouse_Thymus2,102_21,3,18038.0,15171.0
Mouse_Thymus2,121_66,11,19938.0,19671.0
Mouse_Thymus2,104_36,5,18238.0,16671.0
Mouse_Thymus2,99_30,1,17738.0,16071.0
Mouse_Thymus2,30_34,3,10838.0,16471.0
Mouse_Thymus2,25_47,5,10338.0,17771.0
Mouse_Thymus2,63_14,7,14138.0,14471.0
Mouse_Thymus2,25_56,1,10338.0,18671.0
Mouse_Thymus2,47_16,3,12538.0,14671.0
Mouse_Thymus2,84_52,3,16238.0,18271.0
Mouse_Thymus2,83_26,3,16138.0,15671.0
Mouse_Thymus2,85_47,7,16338.0,17771.0
Mouse_Thymus2,33_50,0,11138.0,18071.0
Mouse_Thymus2,78_14,3,15638.0,14471.0
Mouse_Thymus2,55_22,8,13338.0,15271.0
Mouse_Thymus2,92_26,11,17038.0,15671.0
Mouse_Thymus2,88_34,0,16638.0,16471.0
Mouse_Thymus2,15_52,3,9338.0,18271.0
Mouse_Thymus2,58_22,7,13638.0,15271.0
Mouse_Thymus2,69_6,3,14738.0,13671.0
Mouse_Thymus2,17_42,10,9538.0,17271.0
Mouse_Thymus2,120_53,4,19838.0,18371.0
Mouse_Thymus2,79_6,1,15738.0,13671.0
Mouse_Thymus2,90_39,1,16838.0,16971.0
Mouse_Thymus2,101_30,7,17938.0,16071.0
Mouse_Thymus2,122_53,3,20038.0,18371.0
Mouse_Thymus2,2_46,0,8038.0,17671.0
Mouse_Thymus2,114_56,3,19238.0,18671.0
Mouse_Thymus2,21_50,3,9938.0,18071.0
Mouse_Thymus2,80_39,5,15838.0,16971.0
Mouse_Thymus2,62_10,3,14038.0,14071.0
Mouse_Thymus2,92_59,0,17038.0,18971.0
Mouse_Thymus2,72_30,2,15038.0,16071.0
Mouse_Thymus2,89_57,0,16738.0,18771.0
Mouse_Thymus2,116_42,7,19438.0,17271.0
Mouse_Thymus2,75_9,8,15338.0,13971.0
Mouse_Thymus2,23_47,2,10138.0,17771.0
Mouse_Thymus2,59_12,0,13738.0,14271.0
Mouse_Thymus2,85_21,2,16338.0,15171.0
Mouse_Thymus2,42_34,10,12038.0,16471.0
Mouse_Thymus2,88_46,1,16638.0,17671.0
Mouse_Thymus2,41_28,4,11938.0,15871.0
Mouse_Thymus2,51_16,1,12938.0,14671.0
Mouse_Thymus2,90_38,7,16838.0,16871.0
Mouse_Thymus2,81_17,7,15938.0,14771.0
Mouse_Thymus2,112_31,1,19038.0,16171.0
Mouse_Thymus2,100_61,3,17838.0,19171.0
Mouse_Thymus2,46_49,3,12438.0,17971.0
Mouse_Thymus2,85_10,7,16338.0,14071.0
Mouse_Thymus2,115_43,2,19338.0,17371.0
Mouse_Thymus2,25_39,3,10338.0,16971.0
Mouse_Thymus2,19_41,7,9738.0,17171.0
Mouse_Thymus2,76_30,5,15438.0,16071.0
Mouse_Thymus2,68_20,7,14638.0,15071.0
Mouse_Thymus2,109_42,5,18738.0,17271.0
Mouse_Thymus2,75_19,1,15338.0,14971.0
Mouse_Thymus2,79_39,5,15738.0,16971.0
Mouse_Thymus2,36_39,8,11438.0,16971.0
Mouse_Thymus2,61_18,7,13938.0,14871.0
Mouse_Thymus2,110_37,5,18838.0,16771.0
Mouse_Thymus2,52_14,3,13038.0,14471.0
Mouse_Thymus2,119_69,0,19738.0,19971.0
Mouse_Thymus2,39_52,0,11738.0,18271.0
Mouse_Thymus2,107_31,1,18538.0,16171.0
Mouse_Thymus2,101_52,1,17938.0,18271.0
Mouse_Thymus2,58_15,0,13638.0,14571.0
Mouse_Thymus2,85_6,1,16338.0,13671.0
Mouse_Thymus2,69_11,10,14738.0,14171.0
Mouse_Thymus2,68_22,2,14638.0,15271.0
Mouse_Thymus2,111_54,1,18938.0,18471.0
Mouse_Thymus2,93_40,1,17138.0,17071.0
Mouse_Thymus2,116_60,10,19438.0,19071.0
Mouse_Thymus2,83_38,7,16138.0,16871.0
Mouse_Thymus2,97_49,1,17538.0,17971.0
Mouse_Thymus2,78_34,5,15638.0,16471.0
Mouse_Thymus2,49_37,2,12738.0,16771.0
Mouse_Thymus2,36_50,0,11438.0,18071.0
Mouse_Thymus2,83_37,0,16138.0,16771.0
Mouse_Thymus2,69_22,5,14738.0,15271.0
Mouse_Thymus2,113_44,5,19138.0,17471.0
Mouse_Thymus2,96_40,9,17438.0,17071.0
Mouse_Thymus2,71_28,10,14938.0,15871.0
Mouse_Thymus2,95_38,9,17338.0,16871.0
Mouse_Thymus2,26_42,10,10438.0,17271.0
Mouse_Thymus2,56_43,6,13438.0,17371.0
Mouse_Thymus2,92_54,7,17038.0,18471.0
Mouse_Thymus2,97_57,1,17538.0,18771.0
Mouse_Thymus2,54_36,10,13238.0,16671.0
Mouse_Thymus2,37_32,10,11538.0,16271.0
Mouse_Thymus2,96_55,1,17438.0,18571.0
Mouse_Thymus2,33_27,1,11138.0,15771.0
Mouse_Thymus2,113_40,2,19138.0,17071.0
Mouse_Thymus2,43_39,5,12138.0,16971.0
Mouse_Thymus2,22_48,2,10038.0,17871.0
Mouse_Thymus2,55_32,2,13338.0,16271.0
Mouse_Thymus2,34_26,1,11238.0,15671.0
Mouse_Thymus2,100_17,1,17838.0,14771.0
Mouse_Thymus2,71_11,3,14938.0,14171.0
Mouse_Thymus2,99_31,4,17738.0,16171.0
Mouse_Thymus2,41_43,2,11938.0,17371.0
Mouse_Thymus2,33_48,0,11138.0,17871.0
Mouse_Thymus2,95_53,1,17338.0,18371.0
Mouse_Thymus2,30_51,1,10838.0,18171.0
Mouse_Thymus2,36_41,5,11438.0,17171.0
Mouse_Thymus2,125_62,3,20338.0,19271.0
Mouse_Thymus2,64_38,1,14238.0,16871.0
Mouse_Thymus2,39_27,2,11738.0,15771.0
Mouse_Thymus2,57_40,1,13538.0,17071.0
Mouse_Thymus2,47_22,1,12538.0,15271.0
Mouse_Thymus2,64_35,2,14238.0,16571.0
Mouse_Thymus2,49_42,2,12738.0,17271.0
Mouse_Thymus2,90_43,1,16838.0,17371.0
Mouse_Thymus2,101_42,7,17938.0,17271.0
Mouse_Thymus2,59_33,2,13738.0,16371.0
Mouse_Thymus2,56_19,7,13438.0,14971.0
Mouse_Thymus2,98_20,2,17638.0,15071.0
Mouse_Thymus2,32_37,7,11038.0,16771.0
Mouse_Thymus2,48_17,3,12638.0,14771.0
Mouse_Thymus2,79_5,1,15738.0,13571.0
Mouse_Thymus2,103_47,0,18138.0,17771.0
Mouse_Thymus2,30_56,6,10838.0,18671.0
Mouse_Thymus2,45_39,5,12338.0,16971.0
Mouse_Thymus2,118_41,7,19638.0,17171.0
Mouse_Thymus2,38_36,7,11638.0,16671.0
Mouse_Thymus2,71_40,3,14938.0,17071.0
Mouse_Thymus2,25_37,1,10338.0,16771.0
Mouse_Thymus2,102_33,3,18038.0,16371.0
Mouse_Thymus2,75_24,5,15338.0,15471.0
Mouse_Thymus2,43_47,7,12138.0,17771.0
Mouse_Thymus2,101_38,2,17938.0,16871.0
Mouse_Thymus2,113_56,1,19138.0,18671.0
Mouse_Thymus2,105_57,8,18338.0,18771.0
Mouse_Thymus2,93_47,1,17138.0,17771.0
Mouse_Thymus2,65_21,2,14338.0,15171.0
Mouse_Thymus2,53_41,0,13138.0,17171.0
Mouse_Thymus2,109_50,1,18738.0,18071.0
Mouse_Thymus2,87_40,1,16538.0,17071.0
Mouse_Thymus2,87_57,8,16538.0,18771.0
Mouse_Thymus2,38_27,2,11638.0,15771.0
Mouse_Thymus2,62_22,5,14038.0,15271.0
Mouse_Thymus2,85_5,1,16338.0,13571.0
Mouse_Thymus2,15_51,3,9338.0,18171.0
Mouse_Thymus2,114_42,5,19238.0,17271.0
Mouse_Thymus2,108_54,1,18638.0,18471.0
Mouse_Thymus2,86_56,8,16438.0,18671.0
Mouse_Thymus2,113_41,2,19138.0,17171.0
Mouse_Thymus2,8_49,4,8638.0,17971.0
Mouse_Thymus2,52_31,10,13038.0,16171.0
Mouse_Thymus2,24_51,6,10238.0,18171.0
Mouse_Thymus2,42_45,5,12038.0,17571.0
Mouse_Thymus2,49_27,10,12738.0,15771.0
Mouse_Thymus2,32_35,1,11038.0,16571.0
Mouse_Thymus2,90_31,9,16838.0,16171.0
Mouse_Thymus2,65_14,1,14338.0,14471.0
Mouse_Thymus2,85_9,1,16338.0,13971.0
Mouse_Thymus2,106_36,5,18438.0,16671.0
Mouse_Thymus2,64_9,3,14238.0,13971.0
Mouse_Thymus2,68_9,0,14638.0,13971.0
Mouse_Thymus2,45_47,3,12338.0,17771.0
Mouse_Thymus2,7_48,4,8538.0,17871.0
Mouse_Thymus2,110_55,1,18838.0,18571.0
Mouse_Thymus2,78_48,1,15638.0,17871.0
Mouse_Thymus2,19_51,3,9738.0,18171.0
Mouse_Thymus2,92_53,0,17038.0,18371.0
Mouse_Thymus2,103_54,0,18138.0,18471.0
Mouse_Thymus2,99_13,1,17738.0,14371.0
Mouse_Thymus2,56_13,3,13438.0,14371.0
Mouse_Thymus2,99_14,3,17738.0,14471.0
Mouse_Thymus2,91_57,4,16938.0,18771.0
Mouse_Thymus2,84_15,10,16238.0,14571.0
Mouse_Thymus2,66_12,1,14438.0,14271.0
Mouse_Thymus2,99_51,1,17738.0,18171.0
Mouse_Thymus2,76_31,5,15438.0,16171.0
Mouse_Thymus2,115_33,6,19338.0,16371.0
Mouse_Thymus2,41_30,10,11938.0,16071.0
Mouse_Thymus2,67_24,5,14538.0,15471.0
Mouse_Thymus2,44_39,5,12238.0,16971.0
Mouse_Thymus2,59_19,3,13738.0,14971.0
Mouse_Thymus2,99_48,8,17738.0,17871.0
Mouse_Thymus2,104_41,2,18238.0,17171.0
Mouse_Thymus2,35_52,1,11338.0,18271.0
Mouse_Thymus2,86_42,11,16438.0,17271.0
Mouse_Thymus2,69_12,1,14738.0,14271.0
Mouse_Thymus2,37_49,3,11538.0,17971.0
Mouse_Thymus2,119_54,2,19738.0,18471.0
Mouse_Thymus2,85_48,9,16338.0,17871.0
Mouse_Thymus2,32_30,3,11038.0,16071.0
Mouse_Thymus2,103_42,7,18138.0,17271.0
Mouse_Thymus2,77_47,3,15538.0,17771.0
Mouse_Thymus2,90_52,3,16838.0,18271.0
Mouse_Thymus2,7_43,3,8538.0,17371.0
Mouse_Thymus2,92_56,0,17038.0,18671.0
Mouse_Thymus2,36_26,0,11438.0,15671.0
Mouse_Thymus2,63_32,5,14138.0,16271.0
Mouse_Thymus2,16_42,7,9438.0,17271.0
Mouse_Thymus2,7_42,4,8538.0,17271.0
Mouse_Thymus2,82_40,10,16038.0,17071.0
Mouse_Thymus2,100_41,7,17838.0,17171.0
Mouse_Thymus2,78_32,5,15638.0,16271.0
Mouse_Thymus2,109_46,2,18738.0,17671.0
Mouse_Thymus2,28_35,7,10638.0,16571.0
Mouse_Thymus2,88_26,10,16638.0,15671.0
Mouse_Thymus2,41_24,3,11938.0,15471.0
Mouse_Thymus2,66_40,3,14438.0,17071.0
Mouse_Thymus2,74_25,5,15238.0,15571.0
Mouse_Thymus2,61_26,2,13938.0,15671.0
Mouse_Thymus2,83_48,1,16138.0,17871.0
Mouse_Thymus2,67_19,5,14538.0,14971.0
Mouse_Thymus2,98_24,2,17638.0,15471.0
Mouse_Thymus2,107_30,1,18538.0,16071.0
Mouse_Thymus2,100_40,2,17838.0,17071.0
Mouse_Thymus2,92_47,1,17038.0,17771.0
Mouse_Thymus2,42_29,2,12038.0,15971.0
Mouse_Thymus2,17_48,7,9538.0,17871.0
Mouse_Thymus2,109_43,2,18738.0,17371.0
Mouse_Thymus2,48_33,10,12638.0,16371.0
Mouse_Thymus2,84_38,1,16238.0,16871.0
Mouse_Thymus2,57_27,5,13538.0,15771.0
Mouse_Thymus2,66_10,9,14438.0,14071.0
Mouse_Thymus2,21_47,5,9938.0,17771.0
Mouse_Thymus2,63_10,0,14138.0,14071.0
Mouse_Thymus2,51_19,1,12938.0,14971.0
Mouse_Thymus2,71_5,0,14938.0,13571.0
Mouse_Thymus2,105_51,7,18338.0,18171.0
Mouse_Thymus2,40_43,5,11838.0,17371.0
Mouse_Thymus2,77_49,1,15538.0,17971.0
Mouse_Thymus2,104_32,5,18238.0,16271.0
Mouse_Thymus2,20_45,2,9838.0,17571.0
Mouse_Thymus2,90_15,5,16838.0,14571.0
Mouse_Thymus2,69_36,5,14738.0,16671.0
Mouse_Thymus2,69_20,10,14738.0,15071.0
Mouse_Thymus2,56_33,7,13438.0,16371.0
Mouse_Thymus2,41_51,4,11938.0,18171.0
Mouse_Thymus2,81_49,9,15938.0,17971.0
Mouse_Thymus2,99_41,10,17738.0,17171.0
Mouse_Thymus2,86_6,3,16438.0,13671.0
Mouse_Thymus2,84_6,3,16238.0,13671.0
Mouse_Thymus2,102_42,7,18038.0,17271.0
Mouse_Thymus2,75_12,7,15338.0,14271.0
Mouse_Thymus2,29_41,10,10738.0,17171.0
Mouse_Thymus2,74_47,0,15238.0,17771.0
Mouse_Thymus2,92_28,10,17038.0,15871.0
Mouse_Thymus2,98_36,5,17638.0,16671.0
Mouse_Thymus2,74_11,0,15238.0,14171.0
Mouse_Thymus2,57_39,3,13538.0,16971.0
Mouse_Thymus2,91_12,7,16938.0,14271.0
Mouse_Thymus2,69_29,10,14738.0,15971.0
Mouse_Thymus2,71_43,10,14938.0,17371.0
Mouse_Thymus2,53_39,7,13138.0,16971.0
Mouse_Thymus2,58_23,7,13638.0,15371.0
Mouse_Thymus2,125_69,11,20338.0,19971.0
Mouse_Thymus2,115_38,3,19338.0,16871.0
Mouse_Thymus2,86_40,9,16438.0,17071.0
Mouse_Thymus2,56_21,1,13438.0,15171.0
Mouse_Thymus2,123_63,3,20138.0,19371.0
Mouse_Thymus2,89_59,6,16738.0,18971.0
Mouse_Thymus2,37_27,3,11538.0,15771.0
Mouse_Thymus2,125_65,0,20338.0,19571.0
Mouse_Thymus2,70_43,3,14838.0,17371.0
Mouse_Thymus2,93_13,3,17138.0,14371.0
Mouse_Thymus2,26_55,3,10438.0,18571.0
Mouse_Thymus2,36_52,1,11438.0,18271.0
Mouse_Thymus2,67_13,1,14538.0,14371.0
Mouse_Thymus2,105_22,3,18338.0,15271.0
Mouse_Thymus2,101_59,1,17938.0,18971.0
Mouse_Thymus2,17_43,5,9538.0,17371.0
Mouse_Thymus2,86_33,1,16438.0,16371.0
Mouse_Thymus2,74_0,7,15238.0,13071.0
Mouse_Thymus2,63_31,5,14138.0,16171.0
Mouse_Thymus2,51_39,5,12938.0,16971.0
Mouse_Thymus2,44_36,3,12238.0,16671.0
Mouse_Thymus2,34_49,1,11238.0,17971.0
Mouse_Thymus2,116_46,5,19438.0,17671.0
Mouse_Thymus2,54_28,10,13238.0,15871.0
Mouse_Thymus2,84_31,1,16238.0,16171.0
Mouse_Thymus2,44_45,5,12238.0,17571.0
Mouse_Thymus2,28_44,5,10638.0,17471.0
Mouse_Thymus2,93_35,9,17138.0,16571.0
Mouse_Thymus2,73_35,2,15138.0,16571.0
Mouse_Thymus2,57_37,0,13538.0,16771.0
Mouse_Thymus2,118_49,2,19638.0,17971.0
Mouse_Thymus2,69_19,1,14738.0,14971.0
Mouse_Thymus2,77_41,5,15538.0,17171.0
Mouse_Thymus2,100_16,1,17838.0,14671.0
Mouse_Thymus2,95_61,4,17338.0,19171.0
Mouse_Thymus2,98_41,0,17638.0,17171.0
Mouse_Thymus2,98_25,2,17638.0,15571.0
Mouse_Thymus2,77_8,8,15538.0,13871.0
Mouse_Thymus2,26_38,1,10438.0,16871.0
Mouse_Thymus2,49_25,0,12738.0,15571.0
Mouse_Thymus2,110_27,7,18838.0,15771.0
Mouse_Thymus2,81_15,10,15938.0,14571.0
Mouse_Thymus2,95_50,11,17338.0,18071.0
Mouse_Thymus2,119_70,8,19738.0,20071.0
Mouse_Thymus2,100_37,2,17838.0,16771.0
Mouse_Thymus2,111_51,0,18938.0,18171.0
Mouse_Thymus2,21_41,3,9938.0,17171.0
Mouse_Thymus2,78_16,8,15638.0,14671.0
Mouse_Thymus2,116_50,10,19438.0,18071.0
Mouse_Thymus2,57_22,4,13538.0,15271.0
Mouse_Thymus2,79_14,1,15738.0,14471.0
Mouse_Thymus2,72_29,2,15038.0,15971.0
Mouse_Thymus2,93_34,1,17138.0,16471.0
Mouse_Thymus2,54_20,10,13238.0,15071.0
Mouse_Thymus2,95_11,0,17338.0,14171.0
Mouse_Thymus2,87_17,5,16538.0,14771.0
Mouse_Thymus2,74_31,2,15238.0,16171.0
Mouse_Thymus2,41_34,7,11938.0,16471.0
Mouse_Thymus2,67_31,7,14538.0,16171.0
Mouse_Thymus2,41_31,10,11938.0,16171.0
Mouse_Thymus2,49_24,1,12738.0,15471.0
Mouse_Thymus2,68_42,3,14638.0,17271.0
Mouse_Thymus2,70_3,3,14838.0,13371.0
Mouse_Thymus2,101_51,1,17938.0,18171.0
Mouse_Thymus2,84_44,3,16238.0,17471.0
Mouse_Thymus2,118_40,3,19638.0,17071.0
Mouse_Thymus2,120_51,1,19838.0,18171.0
Mouse_Thymus2,55_21,3,13338.0,15171.0
Mouse_Thymus2,99_52,3,17738.0,18271.0
Mouse_Thymus2,64_26,10,14238.0,15671.0
Mouse_Thymus2,86_30,3,16438.0,16071.0
Mouse_Thymus2,83_44,1,16138.0,17471.0
Mouse_Thymus2,50_37,2,12838.0,16771.0
Mouse_Thymus2,104_28,2,18238.0,15871.0
Mouse_Thymus2,27_33,11,10538.0,16371.0
Mouse_Thymus2,99_32,8,17738.0,16271.0
Mouse_Thymus2,57_34,5,13538.0,16471.0
Mouse_Thymus2,75_2,1,15338.0,13271.0
Mouse_Thymus2,13_46,2,9138.0,17671.0
Mouse_Thymus2,71_38,5,14938.0,16871.0
Mouse_Thymus2,121_53,3,19938.0,18371.0
Mouse_Thymus2,110_43,2,18838.0,17371.0
Mouse_Thymus2,55_41,3,13338.0,17171.0
Mouse_Thymus2,96_14,0,17438.0,14471.0
Mouse_Thymus2,105_31,2,18338.0,16171.0
Mouse_Thymus2,28_33,10,10638.0,16371.0
Mouse_Thymus2,27_44,5,10538.0,17471.0
Mouse_Thymus2,33_34,3,11138.0,16471.0
Mouse_Thymus2,93_21,10,17138.0,15171.0
Mouse_Thymus2,17_49,3,9538.0,17971.0
Mouse_Thymus2,117_37,1,19538.0,16771.0
Mouse_Thymus2,68_16,10,14638.0,14671.0
Mouse_Thymus2,78_37,5,15638.0,16771.0
Mouse_Thymus2,117_64,3,19538.0,19471.0
Mouse_Thymus2,82_26,3,16038.0,15671.0
Mouse_Thymus2,27_49,2,10538.0,17971.0
Mouse_Thymus2,90_25,5,16838.0,15571.0
Mouse_Thymus2,24_42,0,10238.0,17271.0
Mouse_Thymus2,118_39,3,19638.0,16971.0
Mouse_Thymus2,87_7,1,16538.0,13771.0
Mouse_Thymus2,56_26,2,13438.0,15671.0
Mouse_Thymus2,17_44,5,9538.0,17471.0
Mouse_Thymus2,92_15,2,17038.0,14571.0
Mouse_Thymus2,86_16,5,16438.0,14671.0
Mouse_Thymus2,65_28,3,14338.0,15871.0
Mouse_Thymus2,25_49,10,10338.0,17971.0
Mouse_Thymus2,102_26,5,18038.0,15671.0
Mouse_Thymus2,88_29,1,16638.0,15971.0
Mouse_Thymus2,98_23,2,17638.0,15371.0
Mouse_Thymus2,23_43,2,10138.0,17371.0
Mouse_Thymus2,97_30,7,17538.0,16071.0
Mouse_Thymus2,75_1,0,15338.0,13171.0
Mouse_Thymus2,120_69,1,19838.0,19971.0
Mouse_Thymus2,78_7,1,15638.0,13771.0
Mouse_Thymus2,110_41,2,18838.0,17171.0
Mouse_Thymus2,87_27,7,16538.0,15771.0
Mouse_Thymus2,106_48,1,18438.0,17871.0
Mouse_Thymus2,95_48,3,17338.0,17871.0
Mouse_Thymus2,114_63,0,19238.0,19371.0
Mouse_Thymus2,66_34,2,14438.0,16471.0
Mouse_Thymus2,89_15,5,16738.0,14571.0
Mouse_Thymus2,86_52,1,16438.0,18271.0
Mouse_Thymus2,117_50,2,19538.0,18071.0
Mouse_Thymus2,66_25,5,14438.0,15571.0
Mouse_Thymus2,124_50,6,20238.0,18071.0
Mouse_Thymus2,10_47,1,8838.0,17771.0
Mouse_Thymus2,31_28,3,10938.0,15871.0
Mouse_Thymus2,68_37,2,14638.0,16771.0
Mouse_Thymus2,72_43,3,15038.0,17371.0
Mouse_Thymus2,97_33,2,17538.0,16371.0
Mouse_Thymus2,86_7,1,16438.0,13771.0
Mouse_Thymus2,53_34,10,13138.0,16471.0
Mouse_Thymus2,54_42,3,13238.0,17271.0
Mouse_Thymus2,73_45,1,15138.0,17571.0
Mouse_Thymus2,92_9,11,17038.0,13971.0
Mouse_Thymus2,70_10,9,14838.0,14071.0
Mouse_Thymus2,87_45,1,16538.0,17571.0
Mouse_Thymus2,44_43,5,12238.0,17371.0
Mouse_Thymus2,95_45,9,17338.0,17571.0
Mouse_Thymus2,77_6,8,15538.0,13671.0
Mouse_Thymus2,83_27,2,16138.0,15771.0
Mouse_Thymus2,84_21,5,16238.0,15171.0
Mouse_Thymus2,107_38,5,18538.0,16871.0
Mouse_Thymus2,53_32,0,13138.0,16271.0
Mouse_Thymus2,34_52,1,11238.0,18271.0
Mouse_Thymus2,91_36,7,16938.0,16671.0
Mouse_Thymus2,89_39,8,16738.0,16971.0
Mouse_Thymus2,29_42,2,10738.0,17271.0
Mouse_Thymus2,68_23,5,14638.0,15371.0
Mouse_Thymus2,80_24,5,15838.0,15471.0
Mouse_Thymus2,96_19,7,17438.0,14971.0
Mouse_Thymus2,116_56,3,19438.0,18671.0
Mouse_Thymus2,70_37,5,14838.0,16771.0
Mouse_Thymus2,69_28,0,14738.0,15871.0
Mouse_Thymus2,38_41,5,11638.0,17171.0
Mouse_Thymus2,111_35,3,18938.0,16571.0
Mouse_Thymus2,101_15,1,17938.0,14571.0
Mouse_Thymus2,73_47,1,15138.0,17771.0
Mouse_Thymus2,62_36,5,14038.0,16671.0
Mouse_Thymus2,102_40,5,18038.0,17071.0
Mouse_Thymus2,101_19,1,17938.0,14971.0
Mouse_Thymus2,82_34,3,16038.0,16471.0
Mouse_Thymus2,67_11,3,14538.0,14171.0
Mouse_Thymus2,46_25,7,12438.0,15571.0
Mouse_Thymus2,117_67,1,19538.0,19771.0
Mouse_Thymus2,66_22,10,14438.0,15271.0
Mouse_Thymus2,119_44,3,19738.0,17471.0
Mouse_Thymus2,83_33,1,16138.0,16371.0
Mouse_Thymus2,74_24,5,15238.0,15471.0
Mouse_Thymus2,36_37,3,11438.0,16771.0
Mouse_Thymus2,105_20,7,18338.0,15071.0
Mouse_Thymus2,69_5,3,14738.0,13571.0
Mouse_Thymus2,92_32,9,17038.0,16271.0
Mouse_Thymus2,78_6,1,15638.0,13671.0
Mouse_Thymus2,45_17,0,12338.0,14771.0
Mouse_Thymus2,88_11,0,16638.0,14171.0
Mouse_Thymus2,31_33,3,10938.0,16371.0
Mouse_Thymus2,73_33,10,15138.0,16371.0
Mouse_Thymus2,50_38,5,12838.0,16871.0
Mouse_Thymus2,37_41,5,11538.0,17171.0
Mouse_Thymus2,31_49,7,10938.0,17971.0
Mouse_Thymus2,104_56,1,18238.0,18671.0
Mouse_Thymus2,92_42,7,17038.0,17271.0
Mouse_Thymus2,62_37,2,14038.0,16771.0
Mouse_Thymus2,92_45,3,17038.0,17571.0
Mouse_Thymus2,83_34,3,16138.0,16471.0
Mouse_Thymus2,100_26,2,17838.0,15671.0
Mouse_Thymus2,66_13,1,14438.0,14371.0
Mouse_Thymus2,59_34,5,13738.0,16471.0
Mouse_Thymus2,113_39,7,19138.0,16971.0
Mouse_Thymus2,8_48,0,8638.0,17871.0
Mouse_Thymus2,74_28,10,15238.0,15871.0
Mouse_Thymus2,67_14,0,14538.0,14471.0
Mouse_Thymus2,74_43,0,15238.0,17371.0
Mouse_Thymus2,51_25,4,12938.0,15571.0
Mouse_Thymus2,13_43,7,9138.0,17371.0
Mouse_Thymus2,73_37,5,15138.0,16771.0
Mouse_Thymus2,21_51,1,9938.0,18171.0
Mouse_Thymus2,71_27,10,14938.0,15771.0
Mouse_Thymus2,97_36,11,17538.0,16671.0
Mouse_Thymus2,102_17,3,18038.0,14771.0
Mouse_Thymus2,70_17,0,14838.0,14771.0
Mouse_Thymus2,91_26,2,16938.0,15671.0
Mouse_Thymus2,63_21,5,14138.0,15171.0
Mouse_Thymus2,101_22,10,17938.0,15271.0
Mouse_Thymus2,97_28,3,17538.0,15871.0
Mouse_Thymus2,118_63,0,19638.0,19371.0
Mouse_Thymus2,115_49,10,19338.0,17971.0
Mouse_Thymus2,46_24,3,12438.0,15471.0
Mouse_Thymus2,96_37,9,17438.0,16771.0
Mouse_Thymus2,29_51,3,10738.0,18171.0
Mouse_Thymus2,62_18,8,14038.0,14871.0
Mouse_Thymus2,88_43,3,16638.0,17371.0
Mouse_Thymus2,54_41,10,13238.0,17171.0
Mouse_Thymus2,60_13,3,13838.0,14371.0
Mouse_Thymus2,42_28,5,12038.0,15871.0
Mouse_Thymus2,36_32,2,11438.0,16271.0
Mouse_Thymus2,101_13,3,17938.0,14371.0
Mouse_Thymus2,98_61,1,17638.0,19171.0
Mouse_Thymus2,107_49,1,18538.0,17971.0
Mouse_Thymus2,76_6,3,15438.0,13671.0
Mouse_Thymus2,61_15,7,13938.0,14571.0
Mouse_Thymus2,30_26,4,10838.0,15671.0
Mouse_Thymus2,37_52,1,11538.0,18271.0
Mouse_Thymus2,97_39,0,17538.0,16971.0
Mouse_Thymus2,123_49,1,20138.0,17971.0
Mouse_Thymus2,96_25,5,17438.0,15571.0
Mouse_Thymus2,67_9,3,14538.0,13971.0
Mouse_Thymus2,33_55,3,11138.0,18571.0
Mouse_Thymus2,102_45,9,18038.0,17571.0
Mouse_Thymus2,68_39,0,14638.0,16971.0
Mouse_Thymus2,53_17,3,13138.0,14771.0
Mouse_Thymus2,45_27,5,12338.0,15771.0
Mouse_Thymus2,75_14,7,15338.0,14471.0
Mouse_Thymus2,53_29,7,13138.0,15971.0
Mouse_Thymus2,109_53,1,18738.0,18371.0
Mouse_Thymus2,45_30,5,12338.0,16071.0
Mouse_Thymus2,21_46,5,9938.0,17671.0
Mouse_Thymus2,104_22,1,18238.0,15271.0
Mouse_Thymus2,83_53,0,16138.0,18371.0
Mouse_Thymus2,116_44,7,19438.0,17471.0
Mouse_Thymus2,2_45,6,8038.0,17571.0
Mouse_Thymus2,79_34,2,15738.0,16471.0
Mouse_Thymus2,88_18,5,16638.0,14871.0
Mouse_Thymus2,19_40,1,9738.0,17071.0
Mouse_Thymus2,97_16,8,17538.0,14671.0
Mouse_Thymus2,69_25,5,14738.0,15571.0
Mouse_Thymus2,115_44,2,19338.0,17471.0
Mouse_Thymus2,65_33,2,14338.0,16371.0
Mouse_Thymus2,77_27,5,15538.0,15771.0
Mouse_Thymus2,121_60,5,19938.0,19071.0
Mouse_Thymus2,110_46,10,18838.0,17671.0
Mouse_Thymus2,75_43,7,15338.0,17371.0
Mouse_Thymus2,67_37,8,14538.0,16771.0
Mouse_Thymus2,105_24,3,18338.0,15471.0
Mouse_Thymus2,82_29,7,16038.0,15971.0
Mouse_Thymus2,74_21,9,15238.0,15171.0
Mouse_Thymus2,39_45,2,11738.0,17571.0
Mouse_Thymus2,46_27,10,12438.0,15771.0
Mouse_Thymus2,118_65,0,19638.0,19571.0
Mouse_Thymus2,81_19,5,15938.0,14971.0
Mouse_Thymus2,27_35,1,10538.0,16571.0
Mouse_Thymus2,124_70,3,20238.0,20071.0
Mouse_Thymus2,73_2,3,15138.0,13271.0
Mouse_Thymus2,93_55,11,17138.0,18571.0
Mouse_Thymus2,86_57,1,16438.0,18771.0
Mouse_Thymus2,95_46,9,17338.0,17671.0
Mouse_Thymus2,105_40,2,18338.0,17071.0
Mouse_Thymus2,38_25,3,11638.0,15571.0
Mouse_Thymus2,61_12,1,13938.0,14271.0
Mouse_Thymus2,57_17,3,13538.0,14771.0
Mouse_Thymus2,55_43,1,13338.0,17371.0
Mouse_Thymus2,45_26,3,12338.0,15671.0
Mouse_Thymus2,78_33,5,15638.0,16371.0
Mouse_Thymus2,33_31,7,11138.0,16171.0
Mouse_Thymus2,117_61,10,19538.0,19171.0
Mouse_Thymus2,61_22,5,13938.0,15271.0
Mouse_Thymus2,70_7,1,14838.0,13771.0
Mouse_Thymus2,99_18,1,17738.0,14871.0
Mouse_Thymus2,41_29,10,11938.0,15971.0
Mouse_Thymus2,119_40,4,19738.0,17071.0
Mouse_Thymus2,95_55,1,17338.0,18571.0
Mouse_Thymus2,59_21,0,13738.0,15171.0
Mouse_Thymus2,101_23,2,17938.0,15371.0
Mouse_Thymus2,99_49,8,17738.0,17971.0
Mouse_Thymus2,120_63,1,19838.0,19371.0
Mouse_Thymus2,40_42,2,11838.0,17271.0
Mouse_Thymus2,18_46,5,9638.0,17671.0
Mouse_Thymus2,101_29,2,17938.0,15971.0
Mouse_Thymus2,115_37,1,19338.0,16771.0
Mouse_Thymus2,77_35,5,15538.0,16571.0
Mouse_Thymus2,27_43,5,10538.0,17371.0
Mouse_Thymus2,23_46,5,10138.0,17671.0
Mouse_Thymus2,47_38,5,12538.0,16871.0
Mouse_Thymus2,55_26,11,13338.0,15671.0
Mouse_Thymus2,124_64,3,20238.0,19471.0
Mouse_Thymus2,88_48,1,16638.0,17871.0
Mouse_Thymus2,99_54,0,17738.0,18471.0
Mouse_Thymus2,113_42,2,19138.0,17271.0
Mouse_Thymus2,84_29,2,16238.0,15971.0
Mouse_Thymus2,15_38,6,9338.0,16871.0
Mouse_Thymus2,66_19,2,14438.0,14971.0
Mouse_Thymus2,50_31,10,12838.0,16171.0
Mouse_Thymus2,7_47,3,8538.0,17771.0
Mouse_Thymus2,107_50,1,18538.0,18071.0
Mouse_Thymus2,67_27,2,14538.0,15771.0
Mouse_Thymus2,88_47,0,16638.0,17771.0
Mouse_Thymus2,41_32,3,11938.0,16271.0
Mouse_Thymus2,112_45,5,19038.0,17571.0
Mouse_Thymus2,117_35,6,19538.0,16571.0
Mouse_Thymus2,25_46,10,10338.0,17671.0
Mouse_Thymus2,81_22,2,15938.0,15271.0
Mouse_Thymus2,44_21,1,12238.0,15171.0
Mouse_Thymus2,18_44,2,9638.0,17471.0
Mouse_Thymus2,55_37,10,13338.0,16771.0
Mouse_Thymus2,89_49,7,16738.0,17971.0
Mouse_Thymus2,71_6,1,14938.0,13671.0
Mouse_Thymus2,86_54,1,16438.0,18471.0
Mouse_Thymus2,97_43,1,17538.0,17371.0
Mouse_Thymus2,43_34,3,12138.0,16471.0
Mouse_Thymus2,52_39,5,13038.0,16971.0
Mouse_Thymus2,120_41,8,19838.0,17171.0
Mouse_Thymus2,74_32,2,15238.0,16271.0
Mouse_Thymus2,120_59,10,19838.0,18971.0
Mouse_Thymus2,95_24,5,17338.0,15471.0
Mouse_Thymus2,95_29,7,17338.0,15971.0
Mouse_Thymus2,90_53,1,16838.0,18371.0
Mouse_Thymus2,114_59,7,19238.0,18971.0
Mouse_Thymus2,124_53,4,20238.0,18371.0
Mouse_Thymus2,14_46,5,9238.0,17671.0
Mouse_Thymus2,91_14,10,16938.0,14471.0
Mouse_Thymus2,45_36,10,12338.0,16671.0
Mouse_Thymus2,101_14,3,17938.0,14471.0
Mouse_Thymus2,35_48,2,11338.0,17871.0
Mouse_Thymus2,110_33,3,18838.0,16371.0
Mouse_Thymus2,42_42,2,12038.0,17271.0
Mouse_Thymus2,87_18,5,16538.0,14871.0
Mouse_Thymus2,108_51,0,18638.0,18171.0
Mouse_Thymus2,94_48,1,17238.0,17871.0
Mouse_Thymus2,60_26,5,13838.0,15671.0
Mouse_Thymus2,7_46,1,8538.0,17671.0
Mouse_Thymus2,30_33,4,10838.0,16371.0
Mouse_Thymus2,77_7,3,15538.0,13771.0
Mouse_Thymus2,54_32,10,13238.0,16271.0
Mouse_Thymus2,38_54,0,11638.0,18471.0
Mouse_Thymus2,83_32,3,16138.0,16271.0
Mouse_Thymus2,123_54,1,20138.0,18471.0
Mouse_Thymus2,88_16,5,16638.0,14671.0
Mouse_Thymus2,99_11,2,17738.0,14171.0
Mouse_Thymus2,24_39,1,10238.0,16971.0
Mouse_Thymus2,26_52,1,10438.0,18271.0
Mouse_Thymus2,45_23,3,12338.0,15371.0
Mouse_Thymus2,66_38,1,14438.0,16871.0
Mouse_Thymus2,44_46,5,12238.0,17671.0
Mouse_Thymus2,52_36,10,13038.0,16671.0
Mouse_Thymus2,107_51,7,18538.0,18171.0
Mouse_Thymus2,40_33,10,11838.0,16371.0
Mouse_Thymus2,32_45,5,11038.0,17571.0
Mouse_Thymus2,19_39,3,9738.0,16971.0
Mouse_Thymus2,93_17,2,17138.0,14771.0
Mouse_Thymus2,28_41,2,10638.0,17171.0
Mouse_Thymus2,81_1,0,15938.0,13171.0
Mouse_Thymus2,81_30,7,15938.0,16071.0
Mouse_Thymus2,101_46,9,17938.0,17671.0
Mouse_Thymus2,25_54,1,10338.0,18471.0
Mouse_Thymus2,93_12,3,17138.0,14271.0
Mouse_Thymus2,86_9,3,16438.0,13971.0
Mouse_Thymus2,31_34,0,10938.0,16471.0
Mouse_Thymus2,54_24,7,13238.0,15471.0
Mouse_Thymus2,81_42,5,15938.0,17271.0
Mouse_Thymus2,101_60,3,17938.0,19071.0
Mouse_Thymus2,55_13,3,13338.0,14371.0
Mouse_Thymus2,47_49,3,12538.0,17971.0
Mouse_Thymus2,96_20,2,17438.0,15071.0
Mouse_Thymus2,112_43,2,19038.0,17371.0
Mouse_Thymus2,92_50,1,17038.0,18071.0
Mouse_Thymus2,86_14,7,16438.0,14471.0
Mouse_Thymus2,107_55,8,18538.0,18571.0
Mouse_Thymus2,68_26,10,14638.0,15671.0
Mouse_Thymus2,31_26,0,10938.0,15671.0
Mouse_Thymus2,94_16,7,17238.0,14671.0
Mouse_Thymus2,106_51,1,18438.0,18171.0
Mouse_Thymus2,101_48,7,17938.0,17871.0
Mouse_Thymus2,35_40,2,11338.0,17071.0
Mouse_Thymus2,99_28,7,17738.0,15871.0
Mouse_Thymus2,74_48,3,15238.0,17871.0
Mouse_Thymus2,116_51,10,19438.0,18171.0
Mouse_Thymus2,113_45,5,19138.0,17571.0
Mouse_Thymus2,80_50,1,15838.0,18071.0
Mouse_Thymus2,60_25,5,13838.0,15571.0
Mouse_Thymus2,57_38,7,13538.0,16871.0
Mouse_Thymus2,80_43,5,15838.0,17371.0
Mouse_Thymus2,112_44,5,19038.0,17471.0
Mouse_Thymus2,90_17,5,16838.0,14771.0
Mouse_Thymus2,94_36,1,17238.0,16671.0
Mouse_Thymus2,78_29,5,15638.0,15971.0
Mouse_Thymus2,93_42,9,17138.0,17271.0
Mouse_Thymus2,4_45,7,8238.0,17571.0
Mouse_Thymus2,8_47,1,8638.0,17771.0
Mouse_Thymus2,103_34,2,18138.0,16471.0
Mouse_Thymus2,101_24,5,17938.0,15471.0
Mouse_Thymus2,78_23,5,15638.0,15371.0
Mouse_Thymus2,36_40,2,11438.0,17071.0
Mouse_Thymus2,52_42,0,13038.0,17271.0
Mouse_Thymus2,28_38,3,10638.0,16871.0
Mouse_Thymus2,90_12,3,16838.0,14271.0
Mouse_Thymus2,80_40,5,15838.0,17071.0
Mouse_Thymus2,30_43,5,10838.0,17371.0
Mouse_Thymus2,89_48,7,16738.0,17871.0
Mouse_Thymus2,102_41,2,18038.0,17171.0
Mouse_Thymus2,89_46,1,16738.0,17671.0
Mouse_Thymus2,57_23,7,13538.0,15371.0
Mouse_Thymus2,58_40,1,13638.0,17071.0
Mouse_Thymus2,94_9,1,17238.0,13971.0
Mouse_Thymus2,18_39,1,9638.0,16971.0
Mouse_Thymus2,103_36,2,18138.0,16671.0
Mouse_Thymus2,109_52,1,18738.0,18271.0
Mouse_Thymus2,41_36,3,11938.0,16671.0
Mouse_Thymus2,58_36,2,13638.0,16671.0
Mouse_Thymus2,85_35,3,16338.0,16571.0
Mouse_Thymus2,91_59,8,16938.0,18971.0
Mouse_Thymus2,99_10,7,17738.0,14071.0
Mouse_Thymus2,28_37,1,10638.0,16771.0
Mouse_Thymus2,38_26,7,11638.0,15671.0
Mouse_Thymus2,113_36,1,19138.0,16671.0
Mouse_Thymus2,83_19,5,16138.0,14971.0
Mouse_Thymus2,84_47,0,16238.0,17771.0
Mouse_Thymus2,87_47,9,16538.0,17771.0
Mouse_Thymus2,119_52,2,19738.0,18271.0
Mouse_Thymus2,28_31,6,10638.0,16171.0
Mouse_Thymus2,85_32,3,16338.0,16271.0
Mouse_Thymus2,71_3,3,14938.0,13371.0
Mouse_Thymus2,76_28,5,15438.0,15871.0
Mouse_Thymus2,74_3,1,15238.0,13371.0
Mouse_Thymus2,40_30,10,11838.0,16071.0
Mouse_Thymus2,84_51,7,16238.0,18171.0
Mouse_Thymus2,90_27,7,16838.0,15771.0
Mouse_Thymus2,98_35,5,17638.0,16571.0
Mouse_Thymus2,85_41,3,16338.0,17171.0
Mouse_Thymus2,105_27,1,18338.0,15771.0
Mouse_Thymus2,68_19,10,14638.0,14971.0
Mouse_Thymus2,103_20,1,18138.0,15071.0
Mouse_Thymus2,79_35,5,15738.0,16571.0
Mouse_Thymus2,90_32,7,16838.0,16271.0
Mouse_Thymus2,97_24,2,17538.0,15471.0
Mouse_Thymus2,97_26,2,17538.0,15671.0
Mouse_Thymus2,48_44,3,12638.0,17471.0
Mouse_Thymus2,78_51,3,15638.0,18171.0
Mouse_Thymus2,37_25,3,11538.0,15571.0
Mouse_Thymus2,113_52,1,19138.0,18271.0
Mouse_Thymus2,80_45,7,15838.0,17571.0
Mouse_Thymus2,64_37,10,14238.0,16771.0
Mouse_Thymus2,85_26,7,16338.0,15671.0
Mouse_Thymus2,10_49,3,8838.0,17971.0
Mouse_Thymus2,91_30,0,16938.0,16071.0
Mouse_Thymus2,113_53,1,19138.0,18371.0
Mouse_Thymus2,104_58,6,18238.0,18871.0
Mouse_Thymus2,71_15,7,14938.0,14571.0
Mouse_Thymus2,76_21,5,15438.0,15171.0
Mouse_Thymus2,15_40,3,9338.0,17071.0
Mouse_Thymus2,53_33,10,13138.0,16371.0
Mouse_Thymus2,82_10,3,16038.0,14071.0
Mouse_Thymus2,39_30,2,11738.0,16071.0
Mouse_Thymus2,113_49,10,19138.0,17971.0
Mouse_Thymus2,90_45,1,16838.0,17571.0
Mouse_Thymus2,16_45,2,9438.0,17571.0
Mouse_Thymus2,93_54,3,17138.0,18471.0
Mouse_Thymus2,31_52,3,10938.0,18271.0
Mouse_Thymus2,35_50,3,11338.0,18071.0
Mouse_Thymus2,99_26,2,17738.0,15671.0
Mouse_Thymus2,42_43,5,12038.0,17371.0
Mouse_Thymus2,31_30,7,10938.0,16071.0
Mouse_Thymus2,9_48,3,8738.0,17871.0
Mouse_Thymus2,90_18,5,16838.0,14871.0
Mouse_Thymus2,56_35,2,13438.0,16571.0
Mouse_Thymus2,38_23,3,11638.0,15371.0
Mouse_Thymus2,27_53,3,10538.0,18371.0
Mouse_Thymus2,114_47,4,19238.0,17771.0
Mouse_Thymus2,107_46,2,18538.0,17671.0
Mouse_Thymus2,97_45,1,17538.0,17571.0
Mouse_Thymus2,27_45,5,10538.0,17571.0
Mouse_Thymus2,98_51,3,17638.0,18171.0
Mouse_Thymus2,76_27,2,15438.0,15771.0
Mouse_Thymus2,70_4,3,14838.0,13471.0
Mouse_Thymus2,51_43,0,12938.0,17371.0
Mouse_Thymus2,55_30,11,13338.0,16071.0
Mouse_Thymus2,120_54,2,19838.0,18471.0
Mouse_Thymus2,87_38,1,16538.0,16871.0
Mouse_Thymus2,68_33,10,14638.0,16371.0
Mouse_Thymus2,120_40,6,19838.0,17071.0
Mouse_Thymus2,123_68,3,20138.0,19871.0
Mouse_Thymus2,65_27,2,14338.0,15771.0
Mouse_Thymus2,57_20,8,13538.0,15071.0
Mouse_Thymus2,37_47,10,11538.0,17771.0
Mouse_Thymus2,39_43,2,11738.0,17371.0
Mouse_Thymus2,103_33,2,18138.0,16371.0
Mouse_Thymus2,53_43,1,13138.0,17371.0
Mouse_Thymus2,5_42,6,8338.0,17271.0
Mouse_Thymus2,126_69,3,20438.0,19971.0
Mouse_Thymus2,79_32,5,15738.0,16271.0
Mouse_Thymus2,69_14,1,14738.0,14471.0
Mouse_Thymus2,80_49,3,15838.0,17971.0
Mouse_Thymus2,86_2,7,16438.0,13271.0
Mouse_Thymus2,81_50,4,15938.0,18071.0
Mouse_Thymus2,106_41,2,18438.0,17171.0
Mouse_Thymus2,87_8,1,16538.0,13871.0
Mouse_Thymus2,121_43,4,19938.0,17371.0
Mouse_Thymus2,122_64,11,20038.0,19471.0
Mouse_Thymus2,57_28,2,13538.0,15871.0
Mouse_Thymus2,109_38,5,18738.0,16871.0
Mouse_Thymus2,104_33,5,18238.0,16371.0
Mouse_Thymus2,102_53,1,18038.0,18371.0
Mouse_Thymus2,100_28,2,17838.0,15871.0
Mouse_Thymus2,42_23,1,12038.0,15371.0
Mouse_Thymus2,106_34,5,18438.0,16471.0
Mouse_Thymus2,111_47,2,18938.0,17771.0
Mouse_Thymus2,102_35,2,18038.0,16571.0
Mouse_Thymus2,70_23,5,14838.0,15371.0
Mouse_Thymus2,54_43,3,13238.0,17371.0
Mouse_Thymus2,50_24,3,12838.0,15471.0
Mouse_Thymus2,77_26,5,15538.0,15671.0
Mouse_Thymus2,76_42,2,15438.0,17271.0
Mouse_Thymus2,78_44,8,15638.0,17471.0
Mouse_Thymus2,68_41,3,14638.0,17171.0
Mouse_Thymus2,101_61,3,17938.0,19171.0
Mouse_Thymus2,77_37,2,15538.0,16771.0
Mouse_Thymus2,22_50,1,10038.0,18071.0
Mouse_Thymus2,42_25,1,12038.0,15571.0
Mouse_Thymus2,115_36,0,19338.0,16671.0
Mouse_Thymus2,46_37,5,12438.0,16771.0
Mouse_Thymus2,90_35,9,16838.0,16571.0
Mouse_Thymus2,85_40,1,16338.0,17071.0
Mouse_Thymus2,48_45,3,12638.0,17571.0
Mouse_Thymus2,121_54,10,19938.0,18471.0
Mouse_Thymus2,117_53,10,19538.0,18371.0
Mouse_Thymus2,22_38,7,10038.0,16871.0
Mouse_Thymus2,20_53,3,9838.0,18371.0
Mouse_Thymus2,123_66,10,20138.0,19671.0
Mouse_Thymus2,85_17,5,16338.0,14771.0
Mouse_Thymus2,88_6,1,16638.0,13671.0
Mouse_Thymus2,100_56,1,17838.0,18671.0
Mouse_Thymus2,57_24,10,13538.0,15471.0
Mouse_Thymus2,79_23,5,15738.0,15371.0
Mouse_Thymus2,71_33,0,14938.0,16371.0
Mouse_Thymus2,49_16,3,12738.0,14671.0
Mouse_Thymus2,99_19,0,17738.0,14971.0
Mouse_Thymus2,75_44,7,15338.0,17471.0
Mouse_Thymus2,68_6,3,14638.0,13671.0
Mouse_Thymus2,61_36,5,13938.0,16671.0
Mouse_Thymus2,56_27,5,13438.0,15771.0
Mouse_Thymus2,43_44,2,12138.0,17471.0
Mouse_Thymus2,88_12,9,16638.0,14271.0
Mouse_Thymus2,73_40,2,15138.0,17071.0
Mouse_Thymus2,85_42,3,16338.0,17271.0
Mouse_Thymus2,35_55,0,11338.0,18571.0
Mouse_Thymus2,111_44,2,18938.0,17471.0
Mouse_Thymus2,65_30,10,14338.0,16071.0
Mouse_Thymus2,44_26,6,12238.0,15671.0
Mouse_Thymus2,70_6,3,14838.0,13671.0
Mouse_Thymus2,12_46,3,9038.0,17671.0
Mouse_Thymus2,37_29,7,11538.0,15971.0
Mouse_Thymus2,80_3,1,15838.0,13371.0
Mouse_Thymus2,46_32,0,12438.0,16271.0
Mouse_Thymus2,36_35,10,11438.0,16571.0
Mouse_Thymus2,97_52,3,17538.0,18271.0
Mouse_Thymus2,102_14,6,18038.0,14471.0
Mouse_Thymus2,94_47,1,17238.0,17771.0
Mouse_Thymus2,72_8,0,15038.0,13871.0
Mouse_Thymus2,41_45,5,11938.0,17571.0
Mouse_Thymus2,87_5,0,16538.0,13571.0
Mouse_Thymus2,89_47,1,16738.0,17771.0
Mouse_Thymus2,81_26,7,15938.0,15671.0
Mouse_Thymus2,79_0,10,15738.0,13071.0
Mouse_Thymus2,89_51,1,16738.0,18171.0
Mouse_Thymus2,100_36,2,17838.0,16671.0
Mouse_Thymus2,86_20,5,16438.0,15071.0
Mouse_Thymus2,119_58,10,19738.0,18871.0
Mouse_Thymus2,121_51,3,19938.0,18171.0
Mouse_Thymus2,100_18,3,17838.0,14871.0
Mouse_Thymus2,46_19,1,12438.0,14971.0
Mouse_Thymus2,104_50,0,18238.0,18071.0
Mouse_Thymus2,105_56,8,18338.0,18671.0
Mouse_Thymus2,102_58,1,18038.0,18871.0
Mouse_Thymus2,94_6,0,17238.0,13671.0
Mouse_Thymus2,85_13,10,16338.0,14371.0
Mouse_Thymus2,111_57,1,18938.0,18771.0
Mouse_Thymus2,88_17,5,16638.0,14771.0
Mouse_Thymus2,100_44,1,17838.0,17471.0
Mouse_Thymus2,21_48,6,9938.0,17871.0
Mouse_Thymus2,101_25,2,17938.0,15571.0
Mouse_Thymus2,59_15,1,13738.0,14571.0
Mouse_Thymus2,22_45,5,10038.0,17571.0
Mouse_Thymus2,24_36,0,10238.0,16671.0
Mouse_Thymus2,118_62,7,19638.0,19271.0
Mouse_Thymus2,99_38,5,17738.0,16871.0
Mouse_Thymus2,53_27,2,13138.0,15771.0
Mouse_Thymus2,53_22,3,13138.0,15271.0
Mouse_Thymus2,93_31,1,17138.0,16171.0
Mouse_Thymus2,35_34,3,11338.0,16471.0
Mouse_Thymus2,52_25,7,13038.0,15571.0
Mouse_Thymus2,11_49,3,8938.0,17971.0
Mouse_Thymus2,81_32,1,15938.0,16271.0
Mouse_Thymus2,117_69,6,19538.0,19971.0
Mouse_Thymus2,74_20,7,15238.0,15071.0
Mouse_Thymus2,74_13,7,15238.0,14371.0
Mouse_Thymus2,31_54,1,10938.0,18471.0
Mouse_Thymus2,32_25,11,11038.0,15571.0
Mouse_Thymus2,51_44,3,12938.0,17471.0
Mouse_Thymus2,90_14,10,16838.0,14471.0
Mouse_Thymus2,98_13,1,17638.0,14371.0
Mouse_Thymus2,71_7,1,14938.0,13771.0
Mouse_Thymus2,125_71,3,20338.0,20171.0
Mouse_Thymus2,105_41,2,18338.0,17171.0
Mouse_Thymus2,89_28,10,16738.0,15871.0
Mouse_Thymus2,100_59,1,17838.0,18971.0
Mouse_Thymus2,116_67,6,19438.0,19771.0
Mouse_Thymus2,96_46,8,17438.0,17671.0
Mouse_Thymus2,92_7,7,17038.0,13771.0
Mouse_Thymus2,115_39,1,19338.0,16971.0
Mouse_Thymus2,63_37,10,14138.0,16771.0
Mouse_Thymus2,33_49,8,11138.0,17971.0
Mouse_Thymus2,85_27,10,16338.0,15771.0
Mouse_Thymus2,60_14,0,13838.0,14471.0
Mouse_Thymus2,82_31,7,16038.0,16171.0
Mouse_Thymus2,106_38,5,18438.0,16871.0
Mouse_Thymus2,85_54,4,16338.0,18471.0
Mouse_Thymus2,66_27,10,14438.0,15771.0
Mouse_Thymus2,72_4,3,15038.0,13471.0
Mouse_Thymus2,80_9,1,15838.0,13971.0
Mouse_Thymus2,76_32,5,15438.0,16271.0
Mouse_Thymus2,64_33,2,14238.0,16371.0
Mouse_Thymus2,91_52,3,16938.0,18271.0
Mouse_Thymus2,93_51,1,17138.0,18171.0
Mouse_Thymus2,96_18,4,17438.0,14871.0
Mouse_Thymus2,48_22,7,12638.0,15271.0
Mouse_Thymus2,83_35,1,16138.0,16571.0
Mouse_Thymus2,98_33,2,17638.0,16371.0
Mouse_Thymus2,83_14,7,16138.0,14471.0
Mouse_Thymus2,102_32,10,18038.0,16271.0
Mouse_Thymus2,94_45,9,17238.0,17571.0
Mouse_Thymus2,67_10,1,14538.0,14071.0
Mouse_Thymus2,104_54,1,18238.0,18471.0
Mouse_Thymus2,38_29,0,11638.0,15971.0
Mouse_Thymus2,49_17,1,12738.0,14771.0
Mouse_Thymus2,100_50,7,17838.0,18071.0
Mouse_Thymus2,93_49,1,17138.0,17971.0
Mouse_Thymus2,99_12,7,17738.0,14271.0
Mouse_Thymus2,82_4,1,16038.0,13471.0
Mouse_Thymus2,41_25,0,11938.0,15571.0
Mouse_Thymus2,112_39,5,19038.0,16971.0
Mouse_Thymus2,119_39,8,19738.0,16971.0
Mouse_Thymus2,34_51,0,11238.0,18171.0
Mouse_Thymus2,37_31,7,11538.0,16171.0
Mouse_Thymus2,114_39,1,19238.0,16971.0
Mouse_Thymus2,94_25,5,17238.0,15571.0
Mouse_Thymus2,31_27,1,10938.0,15771.0
Mouse_Thymus2,89_42,1,16738.0,17271.0
Mouse_Thymus2,16_40,10,9438.0,17071.0
Mouse_Thymus2,69_27,2,14738.0,15771.0
Mouse_Thymus2,76_37,5,15438.0,16771.0
Mouse_Thymus2,106_37,5,18438.0,16771.0
Mouse_Thymus2,70_2,1,14838.0,13271.0
Mouse_Thymus2,74_39,2,15238.0,16971.0
Mouse_Thymus2,75_47,1,15338.0,17771.0
Mouse_Thymus2,50_28,2,12838.0,15871.0
Mouse_Thymus2,122_72,3,20038.0,20271.0
Mouse_Thymus2,22_47,2,10038.0,17771.0
Mouse_Thymus2,82_30,0,16038.0,16071.0
Mouse_Thymus2,78_19,2,15638.0,14971.0
Mouse_Thymus2,92_41,1,17038.0,17171.0
Mouse_Thymus2,120_66,11,19838.0,19671.0
Mouse_Thymus2,81_36,10,15938.0,16671.0
Mouse_Thymus2,71_30,1,14938.0,16071.0
Mouse_Thymus2,114_57,1,19238.0,18771.0
Mouse_Thymus2,26_48,5,10438.0,17871.0
Mouse_Thymus2,90_20,5,16838.0,15071.0
Mouse_Thymus2,91_32,1,16938.0,16271.0
Mouse_Thymus2,107_22,8,18538.0,15271.0
Mouse_Thymus2,17_51,1,9538.0,18171.0
Mouse_Thymus2,36_25,3,11438.0,15571.0
Mouse_Thymus2,14_49,3,9238.0,17971.0
Mouse_Thymus2,96_59,1,17438.0,18971.0
Mouse_Thymus2,125_63,1,20338.0,19371.0
Mouse_Thymus2,84_14,10,16238.0,14471.0
Mouse_Thymus2,92_18,2,17038.0,14871.0
Mouse_Thymus2,80_42,5,15838.0,17271.0
Mouse_Thymus2,77_13,3,15538.0,14371.0
Mouse_Thymus2,24_50,3,10238.0,18071.0
Mouse_Thymus2,72_2,1,15038.0,13271.0
Mouse_Thymus2,62_21,2,14038.0,15171.0
Mouse_Thymus2,68_17,7,14638.0,14771.0
Mouse_Thymus2,16_41,3,9438.0,17171.0
Mouse_Thymus2,90_22,5,16838.0,15271.0
Mouse_Thymus2,101_32,1,17938.0,16271.0
Mouse_Thymus2,8_46,3,8638.0,17671.0
Mouse_Thymus2,59_25,2,13738.0,15571.0
Mouse_Thymus2,72_12,7,15038.0,14271.0
Mouse_Thymus2,67_42,3,14538.0,17271.0
Mouse_Thymus2,125_58,6,20338.0,18871.0
Mouse_Thymus2,86_37,7,16438.0,16771.0
Mouse_Thymus2,33_42,2,11138.0,17271.0
Mouse_Thymus2,23_52,1,10138.0,18271.0
Mouse_Thymus2,61_30,2,13938.0,16071.0
Mouse_Thymus2,100_15,3,17838.0,14571.0
Mouse_Thymus2,54_40,10,13238.0,17071.0
Mouse_Thymus2,78_0,3,15638.0,13071.0
Mouse_Thymus2,79_12,3,15738.0,14271.0
Mouse_Thymus2,45_37,0,12338.0,16771.0
Mouse_Thymus2,23_42,3,10138.0,17271.0
Mouse_Thymus2,95_60,3,17338.0,19071.0
Mouse_Thymus2,31_53,11,10938.0,18371.0
Mouse_Thymus2,62_33,2,14038.0,16371.0
Mouse_Thymus2,65_36,8,14338.0,16671.0
Mouse_Thymus2,23_36,3,10138.0,16671.0
Mouse_Thymus2,96_10,1,17438.0,14071.0
Mouse_Thymus2,122_55,3,20038.0,18571.0
Mouse_Thymus2,106_23,3,18438.0,15371.0
Mouse_Thymus2,38_52,3,11638.0,18271.0
Mouse_Thymus2,89_11,3,16738.0,14171.0
Mouse_Thymus2,74_2,0,15238.0,13271.0
Mouse_Thymus2,83_46,1,16138.0,17671.0
Mouse_Thymus2,72_37,5,15038.0,16771.0
Mouse_Thymus2,110_45,10,18838.0,17571.0
Mouse_Thymus2,87_12,10,16538.0,14271.0
Mouse_Thymus2,91_16,5,16938.0,14671.0
Mouse_Thymus2,73_27,5,15138.0,15771.0
Mouse_Thymus2,90_41,1,16838.0,17171.0
Mouse_Thymus2,49_43,7,12738.0,17371.0
Mouse_Thymus2,47_17,0,12538.0,14771.0
Mouse_Thymus2,40_37,1,11838.0,16771.0
Mouse_Thymus2,98_19,2,17638.0,14971.0
Mouse_Thymus2,114_55,1,19238.0,18571.0
Mouse_Thymus2,96_26,2,17438.0,15671.0
Mouse_Thymus2,20_43,5,9838.0,17371.0
Mouse_Thymus2,68_15,3,14638.0,14571.0
Mouse_Thymus2,59_37,2,13738.0,16771.0
Mouse_Thymus2,107_44,0,18538.0,17471.0
Mouse_Thymus2,64_20,5,14238.0,15071.0
Mouse_Thymus2,31_55,3,10938.0,18571.0
Mouse_Thymus2,90_21,5,16838.0,15171.0
Mouse_Thymus2,32_44,5,11038.0,17471.0
Mouse_Thymus2,95_43,1,17338.0,17371.0
Mouse_Thymus2,87_39,1,16538.0,16971.0
Mouse_Thymus2,60_28,5,13838.0,15871.0
Mouse_Thymus2,35_51,1,11338.0,18171.0
Mouse_Thymus2,17_47,2,9538.0,17771.0
Mouse_Thymus2,15_49,3,9338.0,17971.0
Mouse_Thymus2,75_38,5,15338.0,16871.0
Mouse_Thymus2,56_29,5,13438.0,15971.0
Mouse_Thymus2,30_35,3,10838.0,16571.0
Mouse_Thymus2,117_54,0,19538.0,18471.0
Mouse_Thymus2,99_44,4,17738.0,17471.0
Mouse_Thymus2,27_54,3,10538.0,18471.0
Mouse_Thymus2,69_3,9,14738.0,13371.0
Mouse_Thymus2,115_53,3,19338.0,18371.0
Mouse_Thymus2,64_25,2,14238.0,15571.0
Mouse_Thymus2,64_19,7,14238.0,14971.0
Mouse_Thymus2,89_24,2,16738.0,15471.0
Mouse_Thymus2,82_21,5,16038.0,15171.0
Mouse_Thymus2,111_34,1,18938.0,16471.0
Mouse_Thymus2,35_41,2,11338.0,17171.0
Mouse_Thymus2,72_26,2,15038.0,15671.0
Mouse_Thymus2,36_34,3,11438.0,16471.0
Mouse_Thymus2,19_48,8,9738.0,17871.0
Mouse_Thymus2,94_26,2,17238.0,15671.0
Mouse_Thymus2,23_49,7,10138.0,17971.0
Mouse_Thymus2,72_45,3,15038.0,17571.0
Mouse_Thymus2,45_33,10,12338.0,16371.0
Mouse_Thymus2,100_52,1,17838.0,18271.0
Mouse_Thymus2,105_50,3,18338.0,18071.0
Mouse_Thymus2,12_51,3,9038.0,18171.0
Mouse_Thymus2,88_38,8,16638.0,16871.0
Mouse_Thymus2,41_49,3,11938.0,17971.0
Mouse_Thymus2,97_11,1,17538.0,14171.0
Mouse_Thymus2,93_27,2,17138.0,15771.0
Mouse_Thymus2,95_10,3,17338.0,14071.0
Mouse_Thymus2,47_36,10,12538.0,16671.0
Mouse_Thymus2,45_48,7,12338.0,17871.0
Mouse_Thymus2,74_22,9,15238.0,15271.0
Mouse_Thymus2,38_34,3,11638.0,16471.0
Mouse_Thymus2,37_36,1,11538.0,16671.0
Mouse_Thymus2,84_7,3,16238.0,13771.0
Mouse_Thymus2,97_56,3,17538.0,18671.0
Mouse_Thymus2,39_53,0,11738.0,18371.0
Mouse_Thymus2,102_39,5,18038.0,16971.0
Mouse_Thymus2,118_68,3,19638.0,19871.0
Mouse_Thymus2,101_45,9,17938.0,17571.0
Mouse_Thymus2,38_32,10,11638.0,16271.0
Mouse_Thymus2,125_59,3,20338.0,18971.0
Mouse_Thymus2,56_42,3,13438.0,17271.0
Mouse_Thymus2,44_24,3,12238.0,15471.0
Mouse_Thymus2,111_58,8,18938.0,18871.0
Mouse_Thymus2,103_38,5,18138.0,16871.0
Mouse_Thymus2,80_44,5,15838.0,17471.0
Mouse_Thymus2,103_27,5,18138.0,15771.0
Mouse_Thymus2,84_19,5,16238.0,14971.0
Mouse_Thymus2,98_39,7,17638.0,16971.0
Mouse_Thymus2,94_51,1,17238.0,18171.0
Mouse_Thymus2,51_40,2,12938.0,17071.0
Mouse_Thymus2,85_55,8,16338.0,18571.0
Mouse_Thymus2,56_31,10,13438.0,16171.0
Mouse_Thymus2,85_38,0,16338.0,16871.0
Mouse_Thymus2,77_31,5,15538.0,16171.0
Mouse_Thymus2,40_23,3,11838.0,15371.0
Mouse_Thymus2,101_37,10,17938.0,16771.0
Mouse_Thymus2,102_56,1,18038.0,18671.0
Mouse_Thymus2,72_17,0,15038.0,14771.0
Mouse_Thymus2,100_32,0,17838.0,16271.0
Mouse_Thymus2,73_4,1,15138.0,13471.0
Mouse_Thymus2,83_2,1,16138.0,13271.0
Mouse_Thymus2,80_12,3,15838.0,14271.0
Mouse_Thymus2,39_36,3,11738.0,16671.0
Mouse_Thymus2,99_60,0,17738.0,19071.0
Mouse_Thymus2,37_23,6,11538.0,15371.0
Mouse_Thymus2,76_41,2,15438.0,17171.0
Mouse_Thymus2,74_45,1,15238.0,17571.0
Mouse_Thymus2,71_21,5,14938.0,15171.0
Mouse_Thymus2,40_21,1,11838.0,15171.0
Mouse_Thymus2,77_33,5,15538.0,16371.0
Mouse_Thymus2,79_7,0,15738.0,13771.0
Mouse_Thymus2,48_36,10,12638.0,16671.0
Mouse_Thymus2,120_65,1,19838.0,19571.0
Mouse_Thymus2,106_21,0,18438.0,15171.0
Mouse_Thymus2,117_68,4,19538.0,19871.0
Mouse_Thymus2,86_19,5,16438.0,14971.0
Mouse_Thymus2,76_45,7,15438.0,17571.0
Mouse_Thymus2,86_48,4,16438.0,17871.0
Mouse_Thymus2,94_60,3,17238.0,19071.0
Mouse_Thymus2,46_48,1,12438.0,17871.0
Mouse_Thymus2,119_50,7,19738.0,18071.0
Mouse_Thymus2,44_40,5,12238.0,17071.0
Mouse_Thymus2,29_35,0,10738.0,16571.0
Mouse_Thymus2,44_30,5,12238.0,16071.0
Mouse_Thymus2,117_49,2,19538.0,17971.0
Mouse_Thymus2,67_20,2,14538.0,15071.0
Mouse_Thymus2,95_54,3,17338.0,18471.0
Mouse_Thymus2,80_21,5,15838.0,15171.0
Mouse_Thymus2,39_48,0,11738.0,17871.0
Mouse_Thymus2,89_55,3,16738.0,18571.0
Mouse_Thymus2,82_49,1,16038.0,17971.0
Mouse_Thymus2,77_20,5,15538.0,15071.0
Mouse_Thymus2,36_30,7,11438.0,16071.0
Mouse_Thymus2,55_31,10,13338.0,16171.0
Mouse_Thymus2,95_25,2,17338.0,15571.0
Mouse_Thymus2,48_49,6,12638.0,17971.0
Mouse_Thymus2,77_30,2,15538.0,16071.0
Mouse_Thymus2,47_47,1,12538.0,17771.0
Mouse_Thymus2,23_44,5,10138.0,17471.0
Mouse_Thymus2,85_43,1,16338.0,17371.0
Mouse_Thymus2,102_46,1,18038.0,17671.0
Mouse_Thymus2,78_30,2,15638.0,16071.0
Mouse_Thymus2,37_33,3,11538.0,16371.0
Mouse_Thymus2,65_22,10,14338.0,15271.0
Mouse_Thymus2,74_10,1,15238.0,14071.0
Mouse_Thymus2,117_47,2,19538.0,17771.0
Mouse_Thymus2,86_24,1,16438.0,15471.0
Mouse_Thymus2,91_33,7,16938.0,16371.0
Mouse_Thymus2,54_37,2,13238.0,16771.0
Mouse_Thymus2,80_0,8,15838.0,13071.0
Mouse_Thymus2,83_49,11,16138.0,17971.0
Mouse_Thymus2,92_23,5,17038.0,15371.0
Mouse_Thymus2,120_52,7,19838.0,18271.0
Mouse_Thymus2,31_51,1,10938.0,18171.0
Mouse_Thymus2,47_35,2,12538.0,16571.0
Mouse_Thymus2,122_47,3,20038.0,17771.0
Mouse_Thymus2,68_25,5,14638.0,15571.0
Mouse_Thymus2,62_38,1,14038.0,16871.0
Mouse_Thymus2,64_24,5,14238.0,15471.0
Mouse_Thymus2,22_44,5,10038.0,17471.0
Mouse_Thymus2,54_23,2,13238.0,15371.0
Mouse_Thymus2,53_35,10,13138.0,16571.0
Mouse_Thymus2,89_16,2,16738.0,14671.0
Mouse_Thymus2,108_36,5,18638.0,16671.0
Mouse_Thymus2,109_48,7,18738.0,17871.0
Mouse_Thymus2,67_35,5,14538.0,16571.0
Mouse_Thymus2,70_35,5,14838.0,16571.0
Mouse_Thymus2,82_19,5,16038.0,14971.0
Mouse_Thymus2,79_38,5,15738.0,16871.0
Mouse_Thymus2,121_49,3,19938.0,17971.0
Mouse_Thymus2,100_48,1,17838.0,17871.0
Mouse_Thymus2,115_50,10,19338.0,18071.0
Mouse_Thymus2,116_39,3,19438.0,16971.0
Mouse_Thymus2,73_30,5,15138.0,16071.0
Mouse_Thymus2,46_39,2,12438.0,16971.0
Mouse_Thymus2,85_12,2,16338.0,14271.0
Mouse_Thymus2,65_37,2,14338.0,16771.0
Mouse_Thymus2,88_35,3,16638.0,16571.0
Mouse_Thymus2,90_13,4,16838.0,14371.0
Mouse_Thymus2,120_50,1,19838.0,18071.0
Mouse_Thymus2,119_43,1,19738.0,17371.0
Mouse_Thymus2,109_28,3,18738.0,15871.0
Mouse_Thymus2,88_5,1,16638.0,13571.0
Mouse_Thymus2,35_30,10,11338.0,16071.0
Mouse_Thymus2,68_21,10,14638.0,15171.0
Mouse_Thymus2,74_33,2,15238.0,16371.0
Mouse_Thymus2,28_40,3,10638.0,17071.0
Mouse_Thymus2,35_49,3,11338.0,17971.0
Mouse_Thymus2,38_51,3,11638.0,18171.0
Mouse_Thymus2,59_17,1,13738.0,14771.0
Mouse_Thymus2,79_41,5,15738.0,17171.0
Mouse_Thymus2,69_42,3,14738.0,17271.0
Mouse_Thymus2,18_37,0,9638.0,16771.0
Mouse_Thymus2,99_22,2,17738.0,15271.0
Mouse_Thymus2,84_13,7,16238.0,14371.0
Mouse_Thymus2,31_38,0,10938.0,16871.0
Mouse_Thymus2,94_49,4,17238.0,17971.0
Mouse_Thymus2,123_50,0,20138.0,18071.0
Mouse_Thymus2,105_29,1,18338.0,15971.0
Mouse_Thymus2,33_45,2,11138.0,17571.0
Mouse_Thymus2,111_39,5,18938.0,16971.0
Mouse_Thymus2,27_42,10,10538.0,17271.0
Mouse_Thymus2,110_53,1,18838.0,18371.0
Mouse_Thymus2,75_35,5,15338.0,16571.0
Mouse_Thymus2,101_41,10,17938.0,17171.0
Mouse_Thymus2,97_50,11,17538.0,18071.0
Mouse_Thymus2,100_29,7,17838.0,15971.0
Mouse_Thymus2,24_38,1,10238.0,16871.0
Mouse_Thymus2,85_23,8,16338.0,15371.0
Mouse_Thymus2,113_61,3,19138.0,19171.0
Mouse_Thymus2,103_30,5,18138.0,16071.0
Mouse_Thymus2,90_54,1,16838.0,18471.0
Mouse_Thymus2,83_54,3,16138.0,18471.0
Mouse_Thymus2,114_58,1,19238.0,18871.0
Mouse_Thymus2,98_49,1,17638.0,17971.0
Mouse_Thymus2,7_45,2,8538.0,17571.0
Mouse_Thymus2,77_45,1,15538.0,17571.0
Mouse_Thymus2,85_56,8,16338.0,18671.0
Mouse_Thymus2,118_56,4,19638.0,18671.0
Mouse_Thymus2,57_21,4,13538.0,15171.0
Mouse_Thymus2,103_21,1,18138.0,15171.0
Mouse_Thymus2,62_26,2,14038.0,15671.0
Mouse_Thymus2,77_21,5,15538.0,15171.0
Mouse_Thymus2,34_28,1,11238.0,15871.0
Mouse_Thymus2,109_41,2,18738.0,17171.0
Mouse_Thymus2,33_38,3,11138.0,16871.0
Mouse_Thymus2,43_38,2,12138.0,16871.0
Mouse_Thymus2,120_44,7,19838.0,17471.0
Mouse_Thymus2,96_30,9,17438.0,16071.0
Mouse_Thymus2,118_70,1,19638.0,20071.0
Mouse_Thymus2,82_18,5,16038.0,14871.0
Mouse_Thymus2,62_14,1,14038.0,14471.0
Mouse_Thymus2,117_39,1,19538.0,16971.0
Mouse_Thymus2,123_52,1,20138.0,18271.0
Mouse_Thymus2,100_31,3,17838.0,16171.0
Mouse_Thymus2,24_53,1,10238.0,18371.0
Mouse_Thymus2,75_8,1,15338.0,13871.0
Mouse_Thymus2,60_27,5,13838.0,15771.0
Mouse_Thymus2,85_39,0,16338.0,16971.0
Mouse_Thymus2,121_50,1,19938.0,18071.0
Mouse_Thymus2,121_67,10,19938.0,19771.0
Mouse_Thymus2,70_19,7,14838.0,14971.0
Mouse_Thymus2,118_45,1,19638.0,17571.0
Mouse_Thymus2,67_36,2,14538.0,16671.0
Mouse_Thymus2,109_35,2,18738.0,16571.0
Mouse_Thymus2,65_13,1,14338.0,14371.0
Mouse_Thymus2,74_9,7,15238.0,13971.0
Mouse_Thymus2,41_50,1,11938.0,18071.0
Mouse_Thymus2,11_40,1,8938.0,17071.0
Mouse_Thymus2,39_26,5,11738.0,15671.0
Mouse_Thymus2,90_36,1,16838.0,16671.0
Mouse_Thymus2,30_29,3,10838.0,15971.0
Mouse_Thymus2,94_35,1,17238.0,16571.0
Mouse_Thymus2,57_31,10,13538.0,16171.0
Mouse_Thymus2,104_37,2,18238.0,16771.0
Mouse_Thymus2,21_49,3,9938.0,17971.0
Mouse_Thymus2,89_33,3,16738.0,16371.0
Mouse_Thymus2,108_45,5,18638.0,17571.0
Mouse_Thymus2,86_50,1,16438.0,18071.0
Mouse_Thymus2,94_56,3,17238.0,18671.0
Mouse_Thymus2,76_20,9,15438.0,15071.0
Mouse_Thymus2,64_32,5,14238.0,16271.0
Mouse_Thymus2,80_31,2,15838.0,16171.0
Mouse_Thymus2,89_53,1,16738.0,18371.0
Mouse_Thymus2,103_40,5,18138.0,17071.0
Mouse_Thymus2,121_72,8,19938.0,20271.0
Mouse_Thymus2,86_25,10,16438.0,15571.0
Mouse_Thymus2,113_54,1,19138.0,18471.0
Mouse_Thymus2,94_40,1,17238.0,17071.0
Mouse_Thymus2,117_58,2,19538.0,18871.0
Mouse_Thymus2,105_28,1,18338.0,15871.0
Mouse_Thymus2,99_8,8,17738.0,13871.0
Mouse_Thymus2,19_43,5,9738.0,17371.0
Mouse_Thymus2,65_40,1,14338.0,17071.0
Mouse_Thymus2,35_36,3,11338.0,16671.0
Mouse_Thymus2,54_39,0,13238.0,16971.0
Mouse_Thymus2,38_35,1,11638.0,16571.0
Mouse_Thymus2,13_41,3,9138.0,17171.0
Mouse_Thymus2,48_27,5,12638.0,15771.0
Mouse_Thymus2,79_15,7,15738.0,14571.0
Mouse_Thymus2,116_63,3,19438.0,19371.0
Mouse_Thymus2,60_19,3,13838.0,14971.0
Mouse_Thymus2,79_33,2,15738.0,16371.0
Mouse_Thymus2,18_53,7,9638.0,18371.0
Mouse_Thymus2,77_2,0,15538.0,13271.0
Mouse_Thymus2,71_22,11,14938.0,15271.0
Mouse_Thymus2,72_24,5,15038.0,15471.0
Mouse_Thymus2,79_28,5,15738.0,15871.0
Mouse_Thymus2,81_27,1,15938.0,15771.0
Mouse_Thymus2,52_21,7,13038.0,15171.0
Mouse_Thymus2,54_15,7,13238.0,14571.0
Mouse_Thymus2,49_15,8,12738.0,14571.0
Mouse_Thymus2,105_37,5,18338.0,16771.0
Mouse_Thymus2,83_10,1,16138.0,14071.0
Mouse_Thymus2,26_49,10,10438.0,17971.0
Mouse_Thymus2,50_27,10,12838.0,15771.0
Mouse_Thymus2,58_25,2,13638.0,15571.0
Mouse_Thymus2,30_53,3,10838.0,18371.0
Mouse_Thymus2,47_42,2,12538.0,17271.0
Mouse_Thymus2,84_2,3,16238.0,13271.0
Mouse_Thymus2,38_37,1,11638.0,16771.0
Mouse_Thymus2,64_16,3,14238.0,14671.0
Mouse_Thymus2,69_13,1,14738.0,14371.0
Mouse_Thymus2,76_39,5,15438.0,16971.0
Mouse_Thymus2,44_50,11,12238.0,18071.0
Mouse_Thymus2,105_53,11,18338.0,18371.0
Mouse_Thymus2,34_40,10,11238.0,17071.0
Mouse_Thymus2,42_49,1,12038.0,17971.0
Mouse_Thymus2,108_49,1,18638.0,17971.0
Mouse_Thymus2,108_44,5,18638.0,17471.0
Mouse_Thymus2,27_40,3,10538.0,17071.0
Mouse_Thymus2,46_41,2,12438.0,17171.0
Mouse_Thymus2,108_56,1,18638.0,18671.0
Mouse_Thymus2,96_56,3,17438.0,18671.0
Mouse_Thymus2,121_52,7,19938.0,18271.0
Mouse_Thymus2,50_15,0,12838.0,14571.0
Mouse_Thymus2,76_3,0,15438.0,13371.0
Mouse_Thymus2,90_28,0,16838.0,15871.0
Mouse_Thymus2,85_22,5,16338.0,15271.0
Mouse_Thymus2,62_34,2,14038.0,16471.0
Mouse_Thymus2,65_34,2,14338.0,16471.0
Mouse_Thymus2,96_5,7,17438.0,13571.0
Mouse_Thymus2,99_47,1,17738.0,17771.0
Mouse_Thymus2,123_53,1,20138.0,18371.0
Mouse_Thymus2,86_26,7,16438.0,15671.0
Mouse_Thymus2,77_24,2,15538.0,15471.0
Mouse_Thymus2,45_25,3,12338.0,15571.0
Mouse_Thymus2,107_53,1,18538.0,18371.0
Mouse_Thymus2,43_29,5,12138.0,15971.0
Mouse_Thymus2,36_36,7,11438.0,16671.0
Mouse_Thymus2,27_32,6,10538.0,16271.0
Mouse_Thymus2,49_29,5,12738.0,15971.0
Mouse_Thymus2,91_53,3,16938.0,18371.0
Mouse_Thymus2,119_41,0,19738.0,17171.0
Mouse_Thymus2,85_52,1,16338.0,18271.0
Mouse_Thymus2,72_23,5,15038.0,15371.0
Mouse_Thymus2,111_56,8,18938.0,18671.0
Mouse_Thymus2,93_52,3,17138.0,18271.0
Mouse_Thymus2,112_42,5,19038.0,17271.0
Mouse_Thymus2,113_46,2,19138.0,17671.0
Mouse_Thymus2,54_21,10,13238.0,15171.0
Mouse_Thymus2,67_30,7,14538.0,16071.0
Mouse_Thymus2,89_36,1,16738.0,16671.0
Mouse_Thymus2,58_16,1,13638.0,14671.0
Mouse_Thymus2,82_14,1,16038.0,14471.0
Mouse_Thymus2,15_39,1,9338.0,16971.0
Mouse_Thymus2,88_24,2,16638.0,15471.0
Mouse_Thymus2,91_54,1,16938.0,18471.0
Mouse_Thymus2,76_1,3,15438.0,13171.0
Mouse_Thymus2,58_38,3,13638.0,16871.0
Mouse_Thymus2,35_42,2,11338.0,17271.0
Mouse_Thymus2,99_61,0,17738.0,19171.0
Mouse_Thymus2,60_15,8,13838.0,14571.0
Mouse_Thymus2,59_26,5,13738.0,15671.0
Mouse_Thymus2,70_9,8,14838.0,13971.0
Mouse_Thymus2,100_43,1,17838.0,17371.0
Mouse_Thymus2,25_50,10,10338.0,18071.0
Mouse_Thymus2,50_23,0,12838.0,15371.0
Mouse_Thymus2,57_30,2,13538.0,16071.0
Mouse_Thymus2,51_18,7,12938.0,14871.0
Mouse_Thymus2,58_14,6,13638.0,14471.0
Mouse_Thymus2,56_23,7,13438.0,15371.0
Mouse_Thymus2,99_17,0,17738.0,14771.0
Mouse_Thymus2,86_34,8,16438.0,16471.0
Mouse_Thymus2,116_64,3,19438.0,19471.0
Mouse_Thymus2,31_43,5,10938.0,17371.0
Mouse_Thymus2,53_15,8,13138.0,14571.0
Mouse_Thymus2,113_32,0,19138.0,16271.0
Mouse_Thymus2,19_38,3,9738.0,16871.0
Mouse_Thymus2,38_24,1,11638.0,15471.0
Mouse_Thymus2,14_44,5,9238.0,17471.0
Mouse_Thymus2,102_25,2,18038.0,15571.0
Mouse_Thymus2,101_47,9,17938.0,17771.0
Mouse_Thymus2,92_16,5,17038.0,14671.0
Mouse_Thymus2,90_8,1,16838.0,13871.0
Mouse_Thymus2,16_39,3,9438.0,16971.0
Mouse_Thymus2,88_41,1,16638.0,17171.0
Mouse_Thymus2,124_65,10,20238.0,19571.0
Mouse_Thymus2,101_16,1,17938.0,14671.0
Mouse_Thymus2,103_58,3,18138.0,18871.0
Mouse_Thymus2,121_69,3,19938.0,19971.0
Mouse_Thymus2,16_43,5,9438.0,17371.0
Mouse_Thymus2,91_58,3,16938.0,18871.0
Mouse_Thymus2,37_44,5,11538.0,17471.0
Mouse_Thymus2,64_12,1,14238.0,14271.0
Mouse_Thymus2,95_20,0,17338.0,15071.0
Mouse_Thymus2,50_36,10,12838.0,16671.0
Mouse_Thymus2,68_38,10,14638.0,16871.0
Mouse_Thymus2,77_38,5,15538.0,16871.0
Mouse_Thymus2,98_54,3,17638.0,18471.0
Mouse_Thymus2,63_22,5,14138.0,15271.0
Mouse_Thymus2,99_57,11,17738.0,18771.0
Mouse_Thymus2,98_58,1,17638.0,18871.0
Mouse_Thymus2,118_52,5,19638.0,18271.0
Mouse_Thymus2,50_30,10,12838.0,16071.0
Mouse_Thymus2,32_27,3,11038.0,15771.0
Mouse_Thymus2,18_54,8,9638.0,18471.0
Mouse_Thymus2,65_15,7,14338.0,14571.0
Mouse_Thymus2,101_27,2,17938.0,15771.0
Mouse_Thymus2,75_49,3,15338.0,17971.0
Mouse_Thymus2,77_32,5,15538.0,16271.0
Mouse_Thymus2,74_30,5,15238.0,16071.0
Mouse_Thymus2,21_38,0,9938.0,16871.0
Mouse_Thymus2,87_30,3,16538.0,16071.0
Mouse_Thymus2,117_51,5,19538.0,18171.0
Mouse_Thymus2,43_49,3,12138.0,17971.0
Mouse_Thymus2,116_40,3,19438.0,17071.0
Mouse_Thymus2,92_35,0,17038.0,16571.0
Mouse_Thymus2,68_10,0,14638.0,14071.0
Mouse_Thymus2,112_56,8,19038.0,18671.0
Mouse_Thymus2,90_42,4,16838.0,17271.0
Mouse_Thymus2,59_35,2,13738.0,16571.0
Mouse_Thymus2,44_35,3,12238.0,16571.0
Mouse_Thymus2,96_50,1,17438.0,18071.0
Mouse_Thymus2,73_25,5,15138.0,15571.0
Mouse_Thymus2,111_37,2,18938.0,16771.0
Mouse_Thymus2,80_4,1,15838.0,13471.0
Mouse_Thymus2,93_48,7,17138.0,17871.0
Mouse_Thymus2,41_52,3,11938.0,18271.0
Mouse_Thymus2,17_46,5,9538.0,17671.0
Mouse_Thymus2,58_29,10,13638.0,15971.0
Mouse_Thymus2,60_33,2,13838.0,16371.0
Mouse_Thymus2,68_29,8,14638.0,15971.0
Mouse_Thymus2,51_31,10,12938.0,16171.0
Mouse_Thymus2,67_18,10,14538.0,14871.0
Mouse_Thymus2,6_44,1,8438.0,17471.0
Mouse_Thymus2,114_36,3,19238.0,16671.0
Mouse_Thymus2,38_50,3,11638.0,18071.0
Mouse_Thymus2,5_47,8,8338.0,17771.0
Mouse_Thymus2,58_41,3,13638.0,17171.0
Mouse_Thymus2,102_22,0,18038.0,15271.0
Mouse_Thymus2,80_26,10,15838.0,15671.0
Mouse_Thymus2,107_52,1,18538.0,18271.0
Mouse_Thymus2,93_45,7,17138.0,17571.0
Mouse_Thymus2,91_35,1,16938.0,16571.0
Mouse_Thymus2,68_8,1,14638.0,13871.0
Mouse_Thymus2,101_43,7,17938.0,17371.0
Mouse_Thymus2,102_55,1,18038.0,18571.0
Mouse_Thymus2,67_29,1,14538.0,15971.0
Mouse_Thymus2,62_24,10,14038.0,15471.0
Mouse_Thymus2,45_45,2,12338.0,17571.0
Mouse_Thymus2,26_45,5,10438.0,17571.0
Mouse_Thymus2,115_61,1,19338.0,19171.0
Mouse_Thymus2,96_49,1,17438.0,17971.0
Mouse_Thymus2,96_58,0,17438.0,18871.0
Mouse_Thymus2,71_39,2,14938.0,16971.0
Mouse_Thymus2,82_9,4,16038.0,13971.0
Mouse_Thymus2,126_70,6,20438.0,20071.0
Mouse_Thymus2,29_55,1,10738.0,18571.0
Mouse_Thymus2,51_34,10,12938.0,16471.0
Mouse_Thymus2,52_40,2,13038.0,17071.0
Mouse_Thymus2,38_48,7,11638.0,17871.0
Mouse_Thymus2,10_50,8,8838.0,18071.0
Mouse_Thymus2,101_33,7,17938.0,16371.0
Mouse_Thymus2,34_29,7,11238.0,15971.0
Mouse_Thymus2,117_52,10,19538.0,18271.0
Mouse_Thymus2,117_45,8,19538.0,17571.0
Mouse_Thymus2,49_44,3,12738.0,17471.0
Mouse_Thymus2,105_42,2,18338.0,17271.0
Mouse_Thymus2,45_21,3,12338.0,15171.0
Mouse_Thymus2,111_52,1,18938.0,18271.0
Mouse_Thymus2,51_38,2,12938.0,16871.0
Mouse_Thymus2,9_47,3,8738.0,17771.0
Mouse_Thymus2,120_42,11,19838.0,17271.0
Mouse_Thymus2,101_44,9,17938.0,17471.0
Mouse_Thymus2,8_43,3,8638.0,17371.0
Mouse_Thymus2,106_50,3,18438.0,18071.0
Mouse_Thymus2,57_35,2,13538.0,16571.0
Mouse_Thymus2,94_53,11,17238.0,18371.0
Mouse_Thymus2,76_16,7,15438.0,14671.0
Mouse_Thymus2,108_41,5,18638.0,17171.0
Mouse_Thymus2,31_41,10,10938.0,17171.0
Mouse_Thymus2,50_41,5,12838.0,17171.0
Mouse_Thymus2,66_35,5,14438.0,16571.0
Mouse_Thymus2,65_25,0,14338.0,15571.0
Mouse_Thymus2,50_46,0,12838.0,17671.0
Mouse_Thymus2,95_41,9,17338.0,17171.0
Mouse_Thymus2,88_44,1,16638.0,17471.0
Mouse_Thymus2,84_22,2,16238.0,15271.0
Mouse_Thymus2,116_53,3,19438.0,18371.0
Mouse_Thymus2,88_51,7,16638.0,18171.0
Mouse_Thymus2,60_29,5,13838.0,15971.0
Mouse_Thymus2,118_60,5,19638.0,19071.0
Mouse_Thymus2,108_43,10,18638.0,17371.0
Mouse_Thymus2,23_50,10,10138.0,18071.0
Mouse_Thymus2,42_18,6,12038.0,14871.0
Mouse_Thymus2,105_23,1,18338.0,15371.0
Mouse_Thymus2,82_25,8,16038.0,15571.0
Mouse_Thymus2,61_20,10,13938.0,15071.0
Mouse_Thymus2,86_12,10,16438.0,14271.0
Mouse_Thymus2,88_36,0,16638.0,16671.0
Mouse_Thymus2,100_12,1,17838.0,14271.0
Mouse_Thymus2,24_37,0,10238.0,16771.0
Mouse_Thymus2,96_41,1,17438.0,17171.0
Mouse_Thymus2,44_29,2,12238.0,15971.0
Mouse_Thymus2,78_38,10,15638.0,16871.0
Mouse_Thymus2,80_41,5,15838.0,17171.0
Mouse_Thymus2,83_43,7,16138.0,17371.0
Mouse_Thymus2,43_25,3,12138.0,15571.0
Mouse_Thymus2,20_38,3,9838.0,16871.0
Mouse_Thymus2,28_47,5,10638.0,17771.0
Mouse_Thymus2,90_23,5,16838.0,15371.0
Mouse_Thymus2,85_4,1,16338.0,13471.0
Mouse_Thymus2,78_5,1,15638.0,13571.0
Mouse_Thymus2,16_47,5,9438.0,17771.0
Mouse_Thymus2,57_26,5,13538.0,15671.0
Mouse_Thymus2,77_4,1,15538.0,13471.0
Mouse_Thymus2,33_40,10,11138.0,17071.0
Mouse_Thymus2,80_29,3,15838.0,15971.0
Mouse_Thymus2,50_16,1,12838.0,14671.0
Mouse_Thymus2,34_30,10,11238.0,16071.0
Mouse_Thymus2,73_32,7,15138.0,16271.0
Mouse_Thymus2,70_21,5,14838.0,15171.0
Mouse_Thymus2,61_38,1,13938.0,16871.0
Mouse_Thymus2,80_46,7,15838.0,17671.0
Mouse_Thymus2,26_37,3,10438.0,16771.0
Mouse_Thymus2,25_38,0,10338.0,16871.0
Mouse_Thymus2,44_42,5,12238.0,17271.0
Mouse_Thymus2,88_42,1,16638.0,17271.0
Mouse_Thymus2,92_43,9,17038.0,17371.0
Mouse_Thymus2,47_31,2,12538.0,16171.0
Mouse_Thymus2,85_28,5,16338.0,15871.0
Mouse_Thymus2,97_14,1,17538.0,14471.0
Mouse_Thymus2,28_54,3,10638.0,18471.0
Mouse_Thymus2,74_18,1,15238.0,14871.0
Mouse_Thymus2,86_13,10,16438.0,14371.0
Mouse_Thymus2,75_39,5,15338.0,16971.0
Mouse_Thymus2,103_49,1,18138.0,17971.0
Mouse_Thymus2,112_53,1,19038.0,18371.0
Mouse_Thymus2,114_37,3,19238.0,16771.0
Mouse_Thymus2,92_30,3,17038.0,16071.0
Mouse_Thymus2,75_32,5,15338.0,16271.0
Mouse_Thymus2,52_24,3,13038.0,15471.0
Mouse_Thymus2,100_35,5,17838.0,16571.0
Mouse_Thymus2,51_21,11,12938.0,15171.0
Mouse_Thymus2,113_55,7,19138.0,18571.0
Mouse_Thymus2,98_26,2,17638.0,15671.0
Mouse_Thymus2,81_13,3,15938.0,14371.0
Mouse_Thymus2,87_19,2,16538.0,14971.0
Mouse_Thymus2,83_17,2,16138.0,14771.0
Mouse_Thymus2,108_38,5,18638.0,16871.0
Mouse_Thymus2,9_41,4,8738.0,17171.0
Mouse_Thymus2,60_16,1,13838.0,14671.0
Mouse_Thymus2,91_7,4,16938.0,13771.0
Mouse_Thymus2,39_23,3,11738.0,15371.0
Mouse_Thymus2,47_25,8,12538.0,15571.0
Mouse_Thymus2,90_29,8,16838.0,15971.0
Mouse_Thymus2,37_51,3,11538.0,18171.0
Mouse_Thymus2,64_28,2,14238.0,15871.0
Mouse_Thymus2,40_48,3,11838.0,17871.0
Mouse_Thymus2,84_46,0,16238.0,17671.0
Mouse_Thymus2,18_45,4,9638.0,17571.0
Mouse_Thymus2,18_49,1,9638.0,17971.0
Mouse_Thymus2,43_46,5,12138.0,17671.0
Mouse_Thymus2,96_57,3,17438.0,18771.0
Mouse_Thymus2,72_38,5,15038.0,16871.0
Mouse_Thymus2,114_53,1,19238.0,18371.0
Mouse_Thymus2,102_51,9,18038.0,18171.0
Mouse_Thymus2,71_34,7,14938.0,16471.0
Mouse_Thymus2,121_55,10,19938.0,18571.0
Mouse_Thymus2,67_25,5,14538.0,15571.0
Mouse_Thymus2,89_37,1,16738.0,16771.0
Mouse_Thymus2,49_47,0,12738.0,17771.0
Mouse_Thymus2,87_55,0,16538.0,18571.0
Mouse_Thymus2,64_14,7,14238.0,14471.0
Mouse_Thymus2,34_25,3,11238.0,15571.0
Mouse_Thymus2,78_40,5,15638.0,17071.0
Mouse_Thymus2,88_25,7,16638.0,15571.0
Mouse_Thymus2,29_56,3,10738.0,18671.0
Mouse_Thymus2,100_21,2,17838.0,15171.0
Mouse_Thymus2,26_33,6,10438.0,16371.0
Mouse_Thymus2,31_25,4,10938.0,15571.0
Mouse_Thymus2,116_45,2,19438.0,17571.0
Mouse_Thymus2,23_48,2,10138.0,17871.0
Mouse_Thymus2,115_58,9,19338.0,18871.0
Mouse_Thymus2,64_40,3,14238.0,17071.0
Mouse_Thymus2,111_38,2,18938.0,16871.0
Mouse_Thymus2,51_33,10,12938.0,16371.0
Mouse_Thymus2,115_42,10,19338.0,17271.0
Mouse_Thymus2,37_45,5,11538.0,17571.0
Mouse_Thymus2,97_25,5,17538.0,15571.0
Mouse_Thymus2,66_36,2,14438.0,16671.0
Mouse_Thymus2,45_44,10,12338.0,17471.0
Mouse_Thymus2,49_30,5,12738.0,16071.0
Mouse_Thymus2,5_46,3,8338.0,17671.0
Mouse_Thymus2,94_42,1,17238.0,17271.0
Mouse_Thymus2,73_28,2,15138.0,15871.0
Mouse_Thymus2,88_58,1,16638.0,18871.0
Mouse_Thymus2,28_46,5,10638.0,17671.0
Mouse_Thymus2,111_40,2,18938.0,17071.0
Mouse_Thymus2,91_44,0,16938.0,17471.0
Mouse_Thymus2,112_49,11,19038.0,17971.0
Mouse_Thymus2,27_56,3,10538.0,18671.0
Mouse_Thymus2,113_47,4,19138.0,17771.0
Mouse_Thymus2,98_28,3,17638.0,15871.0
Mouse_Thymus2,29_50,3,10738.0,18071.0
Mouse_Thymus2,77_36,5,15538.0,16671.0
Mouse_Thymus2,79_3,1,15738.0,13371.0
Mouse_Thymus2,82_54,6,16038.0,18471.0
Mouse_Thymus2,41_40,5,11938.0,17071.0
Mouse_Thymus2,90_56,3,16838.0,18671.0
Mouse_Thymus2,108_48,1,18638.0,17871.0
Mouse_Thymus2,29_33,0,10738.0,16371.0
Mouse_Thymus2,95_42,9,17338.0,17271.0
Mouse_Thymus2,97_8,3,17538.0,13871.0
Mouse_Thymus2,62_40,10,14038.0,17071.0
Mouse_Thymus2,77_16,7,15538.0,14671.0
Mouse_Thymus2,46_29,5,12438.0,15971.0
Mouse_Thymus2,95_59,1,17338.0,18971.0
Mouse_Thymus2,119_55,2,19738.0,18571.0
Mouse_Thymus2,115_64,1,19338.0,19471.0
Mouse_Thymus2,105_39,5,18338.0,16971.0
Mouse_Thymus2,70_31,7,14838.0,16171.0
Mouse_Thymus2,81_9,1,15938.0,13971.0
Mouse_Thymus2,96_47,8,17438.0,17771.0
Mouse_Thymus2,55_17,1,13338.0,14771.0
Mouse_Thymus2,61_34,5,13938.0,16471.0
Mouse_Thymus2,108_52,1,18638.0,18271.0
Mouse_Thymus2,76_11,1,15438.0,14171.0
Mouse_Thymus2,14_42,7,9238.0,17271.0
Mouse_Thymus2,53_16,7,13138.0,14671.0
Mouse_Thymus2,93_36,3,17138.0,16671.0
Mouse_Thymus2,49_35,3,12738.0,16571.0
Mouse_Thymus2,49_26,2,12738.0,15671.0
Mouse_Thymus2,30_40,10,10838.0,17071.0
Mouse_Thymus2,42_32,2,12038.0,16271.0
Mouse_Thymus2,86_3,3,16438.0,13371.0
Mouse_Thymus2,15_50,0,9338.0,18071.0
Mouse_Thymus2,82_1,0,16038.0,13171.0
Mouse_Thymus2,69_2,6,14738.0,13271.0
Mouse_Thymus2,117_43,7,19538.0,17371.0
Mouse_Thymus2,9_42,1,8738.0,17271.0
Mouse_Thymus2,79_48,1,15738.0,17871.0
Mouse_Thymus2,92_31,3,17038.0,16171.0
Mouse_Thymus2,39_33,3,11738.0,16371.0
Mouse_Thymus2,85_11,3,16338.0,14171.0
Mouse_Thymus2,23_55,1,10138.0,18571.0
Mouse_Thymus2,100_23,5,17838.0,15371.0
Mouse_Thymus2,84_1,3,16238.0,13171.0
Mouse_Thymus2,41_19,6,11938.0,14971.0
Mouse_Thymus2,122_70,1,20038.0,20071.0
Mouse_Thymus2,56_38,10,13438.0,16871.0
Mouse_Thymus2,75_46,1,15338.0,17671.0
Mouse_Thymus2,74_12,1,15238.0,14271.0
Mouse_Thymus2,99_24,2,17738.0,15471.0
Mouse_Thymus2,43_21,3,12138.0,15171.0
Mouse_Thymus2,113_33,0,19138.0,16371.0
Mouse_Thymus2,42_41,2,12038.0,17171.0
Mouse_Thymus2,101_18,1,17938.0,14871.0
Mouse_Thymus2,99_39,2,17738.0,16971.0
Mouse_Thymus2,92_19,2,17038.0,14971.0
Mouse_Thymus2,115_56,1,19338.0,18671.0
Mouse_Thymus2,24_54,3,10238.0,18471.0
Mouse_Thymus2,79_31,5,15738.0,16171.0
Mouse_Thymus2,83_18,5,16138.0,14871.0
Mouse_Thymus2,51_20,7,12938.0,15071.0
Mouse_Thymus2,71_44,1,14938.0,17471.0
Mouse_Thymus2,25_55,3,10338.0,18571.0
Mouse_Thymus2,94_18,9,17238.0,14871.0
Mouse_Thymus2,108_35,5,18638.0,16571.0
Mouse_Thymus2,14_45,5,9238.0,17571.0
Mouse_Thymus2,111_33,3,18938.0,16371.0
Mouse_Thymus2,119_62,7,19738.0,19271.0
Mouse_Thymus2,76_36,5,15438.0,16671.0
Mouse_Thymus2,88_4,0,16638.0,13471.0
Mouse_Thymus2,108_24,8,18638.0,15471.0
Mouse_Thymus2,76_24,2,15438.0,15471.0
Mouse_Thymus2,13_45,5,9138.0,17571.0
Mouse_Thymus2,36_43,5,11438.0,17371.0
Mouse_Thymus2,41_44,5,11938.0,17471.0
Mouse_Thymus2,119_60,5,19738.0,19071.0
Mouse_Thymus2,68_11,3,14638.0,14171.0
Mouse_Thymus2,96_35,3,17438.0,16571.0
Mouse_Thymus2,93_10,3,17138.0,14071.0
Mouse_Thymus2,32_49,10,11038.0,17971.0
Mouse_Thymus2,63_15,5,14138.0,14571.0
Mouse_Thymus2,39_46,0,11738.0,17671.0
Mouse_Thymus2,98_44,3,17638.0,17471.0
Mouse_Thymus2,66_7,6,14438.0,13771.0
Mouse_Thymus2,78_17,1,15638.0,14771.0
Mouse_Thymus2,25_44,2,10338.0,17471.0
Mouse_Thymus2,19_55,6,9738.0,18571.0
Mouse_Thymus2,58_31,2,13638.0,16171.0
Mouse_Thymus2,84_17,5,16238.0,14771.0
Mouse_Thymus2,97_17,8,17538.0,14771.0
Mouse_Thymus2,101_34,2,17938.0,16471.0
Mouse_Thymus2,76_40,5,15438.0,17071.0
Mouse_Thymus2,122_58,7,20038.0,18871.0
Mouse_Thymus2,120_62,7,19838.0,19271.0
Mouse_Thymus2,17_50,11,9538.0,18071.0
Mouse_Thymus2,60_38,3,13838.0,16871.0
Mouse_Thymus2,121_70,3,19938.0,20071.0
Mouse_Thymus2,82_8,10,16038.0,13871.0
Mouse_Thymus2,34_50,1,11238.0,18071.0
Mouse_Thymus2,33_36,6,11138.0,16671.0
Mouse_Thymus2,95_21,10,17338.0,15171.0
Mouse_Thymus2,91_38,9,16938.0,16871.0
Mouse_Thymus2,35_39,7,11338.0,16971.0
Mouse_Thymus2,76_23,2,15438.0,15371.0
Mouse_Thymus2,58_18,3,13638.0,14871.0
Mouse_Thymus2,46_22,11,12438.0,15271.0
Mouse_Thymus2,44_22,1,12238.0,15271.0
Mouse_Thymus2,90_59,0,16838.0,18971.0
Mouse_Thymus2,67_34,2,14538.0,16471.0
Mouse_Thymus2,124_54,7,20238.0,18471.0
Mouse_Thymus2,98_59,7,17638.0,18971.0
Mouse_Thymus2,46_36,10,12438.0,16671.0
Mouse_Thymus2,57_33,5,13538.0,16371.0
Mouse_Thymus2,1_46,6,7938.0,17671.0
Mouse_Thymus2,42_48,3,12038.0,17871.0
Mouse_Thymus2,13_50,3,9138.0,18071.0
Mouse_Thymus2,34_38,3,11238.0,16871.0
Mouse_Thymus2,74_5,1,15238.0,13571.0
Mouse_Thymus2,112_58,3,19038.0,18871.0
Mouse_Thymus2,39_50,1,11738.0,18071.0
Mouse_Thymus2,26_54,1,10438.0,18471.0
Mouse_Thymus2,69_37,2,14738.0,16771.0
Mouse_Thymus2,96_28,11,17438.0,15871.0
Mouse_Thymus2,44_47,3,12238.0,17771.0
Mouse_Thymus2,50_44,3,12838.0,17471.0
Mouse_Thymus2,36_48,10,11438.0,17871.0
Mouse_Thymus2,91_10,1,16938.0,14071.0
Mouse_Thymus2,60_32,2,13838.0,16271.0
Mouse_Thymus2,22_42,3,10038.0,17271.0
Mouse_Thymus2,52_27,5,13038.0,15771.0
Mouse_Thymus2,65_9,3,14338.0,13971.0
Mouse_Thymus2,115_51,3,19338.0,18171.0
Mouse_Thymus2,49_18,1,12738.0,14871.0
Mouse_Thymus2,121_62,7,19938.0,19271.0
Mouse_Thymus2,79_36,5,15738.0,16671.0
Mouse_Thymus2,109_29,1,18738.0,15971.0
Mouse_Thymus2,17_40,3,9538.0,17071.0
Mouse_Thymus2,43_41,5,12138.0,17171.0
Mouse_Thymus2,52_23,1,13038.0,15371.0
Mouse_Thymus2,66_41,7,14438.0,17171.0
Mouse_Thymus2,30_38,3,10838.0,16871.0
Mouse_Thymus2,80_52,3,15838.0,18271.0
Mouse_Thymus2,71_12,3,14938.0,14271.0
Mouse_Thymus2,65_19,5,14338.0,14971.0
Mouse_Thymus2,103_18,3,18138.0,14871.0
Mouse_Thymus2,117_36,8,19538.0,16671.0
Mouse_Thymus2,38_38,7,11638.0,16871.0
Mouse_Thymus2,90_33,1,16838.0,16371.0
Mouse_Thymus2,77_12,10,15538.0,14271.0
Mouse_Thymus2,73_24,2,15138.0,15471.0
Mouse_Thymus2,79_4,1,15738.0,13471.0
Mouse_Thymus2,94_38,1,17238.0,16871.0
Mouse_Thymus2,71_41,3,14938.0,17171.0
Mouse_Thymus2,98_12,7,17638.0,14271.0
Mouse_Thymus2,22_43,2,10038.0,17371.0
Mouse_Thymus2,71_19,7,14938.0,14971.0
Mouse_Thymus2,99_34,5,17738.0,16471.0
Mouse_Thymus2,79_43,5,15738.0,17371.0
Mouse_Thymus2,70_12,8,14838.0,14271.0
Mouse_Thymus2,66_20,5,14438.0,15071.0
Mouse_Thymus2,5_45,3,8338.0,17571.0
Mouse_Thymus2,80_17,2,15838.0,14771.0
Mouse_Thymus2,93_29,7,17138.0,15971.0
Mouse_Thymus2,108_29,3,18638.0,15971.0
Mouse_Thymus2,103_23,1,18138.0,15371.0
Mouse_Thymus2,30_50,3,10838.0,18071.0
Mouse_Thymus2,61_17,0,13938.0,14771.0
Mouse_Thymus2,82_11,1,16038.0,14171.0
Mouse_Thymus2,87_51,1,16538.0,18171.0
Mouse_Thymus2,108_39,2,18638.0,16971.0
Mouse_Thymus2,64_17,1,14238.0,14771.0
Mouse_Thymus2,109_45,5,18738.0,17571.0
Mouse_Thymus2,8_45,5,8638.0,17571.0
Mouse_Thymus2,100_49,8,17838.0,17971.0
Mouse_Thymus2,62_30,2,14038.0,16071.0
Mouse_Thymus2,12_50,3,9038.0,18071.0
Mouse_Thymus2,124_62,1,20238.0,19271.0
Mouse_Thymus2,87_46,7,16538.0,17671.0
Mouse_Thymus2,69_16,7,14738.0,14671.0
Mouse_Thymus2,85_50,9,16338.0,18071.0
Mouse_Thymus2,97_40,1,17538.0,17071.0
Mouse_Thymus2,102_31,2,18038.0,16171.0
Mouse_Thymus2,96_36,3,17438.0,16671.0
Mouse_Thymus2,81_7,7,15938.0,13771.0
Mouse_Thymus2,119_48,1,19738.0,17871.0
Mouse_Thymus2,110_58,0,18838.0,18871.0
Mouse_Thymus2,87_50,1,16538.0,18071.0
Mouse_Thymus2,74_27,5,15238.0,15771.0
Mouse_Thymus2,119_61,5,19738.0,19171.0
Mouse_Thymus2,102_52,3,18038.0,18271.0
Mouse_Thymus2,50_25,4,12838.0,15571.0
Mouse_Thymus2,103_41,2,18138.0,17171.0
Mouse_Thymus2,108_32,3,18638.0,16271.0
Mouse_Thymus2,68_40,8,14638.0,17071.0
Mouse_Thymus2,101_50,1,17938.0,18071.0
Mouse_Thymus2,88_39,1,16638.0,16971.0
Mouse_Thymus2,67_38,7,14538.0,16871.0
Mouse_Thymus2,114_65,1,19238.0,19571.0
Mouse_Thymus2,24_47,5,10238.0,17771.0
Mouse_Thymus2,46_21,1,12438.0,15171.0
Mouse_Thymus2,48_26,2,12638.0,15671.0
Mouse_Thymus2,50_42,10,12838.0,17271.0
Mouse_Thymus2,84_40,3,16238.0,17071.0
Mouse_Thymus2,68_28,10,14638.0,15871.0
Mouse_Thymus2,100_30,1,17838.0,16071.0
Mouse_Thymus2,88_54,8,16638.0,18471.0
Mouse_Thymus2,66_37,2,14438.0,16771.0
Mouse_Thymus2,97_47,8,17538.0,17771.0
Mouse_Thymus2,78_3,8,15638.0,13371.0
Mouse_Thymus2,43_31,7,12138.0,16171.0
Mouse_Thymus2,93_59,1,17138.0,18971.0
Mouse_Thymus2,96_45,1,17438.0,17571.0
Mouse_Thymus2,102_59,9,18038.0,18971.0
Mouse_Thymus2,28_32,0,10638.0,16271.0
Mouse_Thymus2,25_51,3,10338.0,18171.0
Mouse_Thymus2,36_38,0,11438.0,16871.0
Mouse_Thymus2,124_67,10,20238.0,19771.0
Mouse_Thymus2,68_7,1,14638.0,13771.0
Mouse_Thymus2,78_50,0,15638.0,18071.0
Mouse_Thymus2,99_29,1,17738.0,15971.0
Mouse_Thymus2,102_30,5,18038.0,16071.0
Mouse_Thymus2,111_36,2,18938.0,16671.0
Mouse_Thymus2,50_18,11,12838.0,14871.0
Mouse_Thymus2,24_46,5,10238.0,17671.0
Mouse_Thymus2,96_16,1,17438.0,14671.0
Mouse_Thymus2,95_31,0,17338.0,16171.0
Mouse_Thymus2,54_19,0,13238.0,14971.0
Mouse_Thymus2,62_17,8,14038.0,14771.0
Mouse_Thymus2,112_40,2,19038.0,17071.0
Mouse_Thymus2,110_57,7,18838.0,18771.0
Mouse_Thymus2,106_39,5,18438.0,16971.0
Mouse_Thymus2,82_7,1,16038.0,13771.0
Mouse_Thymus2,83_40,1,16138.0,17071.0
Mouse_Thymus2,37_43,5,11538.0,17371.0
Mouse_Thymus2,57_18,0,13538.0,14871.0
Mouse_Thymus2,32_33,3,11038.0,16371.0
Mouse_Thymus2,58_19,2,13638.0,14971.0
Mouse_Thymus2,105_26,1,18338.0,15671.0
Mouse_Thymus2,64_22,2,14238.0,15271.0
Mouse_Thymus2,31_42,5,10938.0,17271.0
Mouse_Thymus2,120_70,7,19838.0,20071.0
Mouse_Thymus2,68_24,10,14638.0,15471.0
Mouse_Thymus2,29_38,0,10738.0,16871.0
Mouse_Thymus2,15_43,2,9338.0,17371.0
Mouse_Thymus2,32_26,3,11038.0,15671.0
Mouse_Thymus2,107_24,11,18538.0,15471.0
Mouse_Thymus2,41_46,2,11938.0,17671.0
Mouse_Thymus2,84_11,3,16238.0,14171.0
Mouse_Thymus2,64_41,6,14238.0,17171.0
Mouse_Thymus2,98_57,1,17638.0,18771.0
Mouse_Thymus2,103_51,9,18138.0,18171.0
Mouse_Thymus2,125_61,0,20338.0,19171.0
Mouse_Thymus2,28_52,0,10638.0,18271.0
Mouse_Thymus2,78_11,0,15638.0,14171.0
Mouse_Thymus2,31_56,6,10938.0,18671.0
Mouse_Thymus2,118_59,5,19638.0,18971.0
Mouse_Thymus2,75_15,1,15338.0,14571.0
Mouse_Thymus2,52_41,10,13038.0,17171.0
Mouse_Thymus2,89_10,1,16738.0,14071.0
Mouse_Thymus2,122_56,0,20038.0,18671.0
Mouse_Thymus2,81_51,1,15938.0,18171.0
Mouse_Thymus2,36_42,5,11438.0,17271.0
Mouse_Thymus2,98_11,2,17638.0,14171.0
Mouse_Thymus2,67_7,6,14538.0,13771.0
Mouse_Thymus2,105_32,2,18338.0,16271.0
Mouse_Thymus2,43_51,3,12138.0,18171.0
Mouse_Thymus2,58_24,2,13638.0,15471.0
Mouse_Thymus2,60_23,5,13838.0,15371.0
Mouse_Thymus2,49_38,2,12738.0,16871.0
Mouse_Thymus2,93_43,7,17138.0,17371.0
Mouse_Thymus2,115_40,3,19338.0,17071.0
Mouse_Thymus2,61_31,5,13938.0,16171.0
Mouse_Thymus2,102_49,9,18038.0,17971.0
Mouse_Thymus2,4_47,10,8238.0,17771.0
Mouse_Thymus2,117_41,3,19538.0,17171.0
Mouse_Thymus2,25_36,1,10338.0,16671.0
Mouse_Thymus2,116_65,3,19438.0,19571.0
Mouse_Thymus2,53_24,0,13138.0,15471.0
Mouse_Thymus2,71_16,3,14938.0,14671.0
Mouse_Thymus2,111_45,2,18938.0,17571.0
Mouse_Thymus2,35_54,3,11338.0,18471.0
Mouse_Thymus2,29_53,1,10738.0,18371.0
Mouse_Thymus2,75_18,11,15338.0,14871.0
Mouse_Thymus2,103_29,2,18138.0,15971.0
Mouse_Thymus2,116_58,10,19438.0,18871.0
Mouse_Thymus2,120_43,0,19838.0,17371.0
Mouse_Thymus2,92_21,2,17038.0,15171.0
Mouse_Thymus2,72_20,10,15038.0,15071.0
Mouse_Thymus2,113_34,3,19138.0,16471.0
Mouse_Thymus2,87_52,3,16538.0,18271.0
Mouse_Thymus2,90_11,3,16838.0,14171.0
Mouse_Thymus2,46_28,5,12438.0,15871.0
Mouse_Thymus2,103_22,1,18138.0,15271.0
Mouse_Thymus2,40_29,9,11838.0,15971.0
Mouse_Thymus2,112_61,0,19038.0,19171.0
Mouse_Thymus2,48_47,0,12638.0,17771.0
Mouse_Thymus2,48_32,0,12638.0,16271.0
Mouse_Thymus2,81_41,2,15938.0,17171.0
Mouse_Thymus2,99_43,1,17738.0,17371.0
Mouse_Thymus2,34_46,5,11238.0,17671.0
Mouse_Thymus2,36_49,7,11438.0,17971.0
Mouse_Thymus2,103_31,5,18138.0,16171.0
Mouse_Thymus2,38_47,10,11638.0,17771.0
Mouse_Thymus2,2_47,0,8038.0,17771.0
Mouse_Thymus2,60_34,2,13838.0,16471.0
Mouse_Thymus2,75_16,0,15338.0,14671.0
Mouse_Thymus2,83_30,1,16138.0,16071.0
Mouse_Thymus2,114_48,10,19238.0,17871.0
Mouse_Thymus2,40_51,3,11838.0,18171.0
Mouse_Thymus2,34_39,11,11238.0,16971.0
Mouse_Thymus2,52_30,3,13038.0,16071.0
Mouse_Thymus2,63_33,2,14138.0,16371.0
Mouse_Thymus2,119_59,5,19738.0,18971.0
Mouse_Thymus2,53_23,0,13138.0,15371.0
Mouse_Thymus2,103_19,3,18138.0,14971.0
Mouse_Thymus2,18_50,3,9638.0,18071.0
Mouse_Thymus2,117_63,3,19538.0,19371.0
Mouse_Thymus2,39_51,11,11738.0,18171.0
Mouse_Thymus2,95_27,2,17338.0,15771.0
Mouse_Thymus2,70_32,8,14838.0,16271.0
Mouse_Thymus2,94_28,5,17238.0,15871.0
Mouse_Thymus2,20_51,7,9838.0,18171.0
Mouse_Thymus2,119_46,3,19738.0,17671.0
Mouse_Thymus2,26_47,5,10438.0,17771.0
Mouse_Thymus2,59_24,2,13738.0,15471.0
Mouse_Thymus2,73_20,1,15138.0,15071.0
Mouse_Thymus2,91_25,2,16938.0,15571.0
Mouse_Thymus2,112_60,7,19038.0,19071.0
Mouse_Thymus2,103_17,6,18138.0,14771.0
Mouse_Thymus2,81_25,7,15938.0,15571.0
Mouse_Thymus2,47_34,0,12538.0,16471.0
Mouse_Thymus2,28_51,3,10638.0,18171.0
Mouse_Thymus2,41_38,2,11938.0,16871.0
Mouse_Thymus2,88_32,8,16638.0,16271.0
Mouse_Thymus2,88_19,5,16638.0,14971.0
Mouse_Thymus2,100_13,1,17838.0,14371.0
Mouse_Thymus2,82_39,11,16038.0,16971.0
Mouse_Thymus2,62_13,1,14038.0,14371.0
Mouse_Thymus2,26_46,2,10438.0,17671.0
Mouse_Thymus2,41_23,3,11938.0,15371.0
Mouse_Thymus2,83_41,11,16138.0,17171.0
Mouse_Thymus2,90_7,1,16838.0,13771.0
Mouse_Thymus2,115_59,1,19338.0,18971.0
Mouse_Thymus2,123_71,3,20138.0,20171.0
Mouse_Thymus2,104_23,1,18238.0,15371.0
Mouse_Thymus2,123_60,3,20138.0,19071.0
Mouse_Thymus2,104_25,1,18238.0,15571.0
Mouse_Thymus2,80_53,6,15838.0,18371.0
Mouse_Thymus2,100_57,1,17838.0,18771.0
Mouse_Thymus2,89_30,8,16738.0,16071.0
Mouse_Thymus2,88_13,10,16638.0,14371.0
Mouse_Thymus2,77_10,1,15538.0,14071.0
Mouse_Thymus2,106_54,8,18438.0,18471.0
Mouse_Thymus2,104_27,7,18238.0,15771.0
Mouse_Thymus2,111_48,10,18938.0,17871.0
Mouse_Thymus2,66_21,2,14438.0,15171.0
Mouse_Thymus2,67_6,6,14538.0,13671.0
Mouse_Thymus2,52_16,7,13038.0,14671.0
Mouse_Thymus2,116_54,1,19438.0,18471.0
Mouse_Thymus2,70_36,5,14838.0,16671.0
Mouse_Thymus2,80_6,1,15838.0,13671.0
Mouse_Thymus2,61_14,1,13938.0,14471.0
Mouse_Thymus2,16_48,8,9438.0,17871.0
Mouse_Thymus2,78_20,2,15638.0,15071.0
Mouse_Thymus2,23_40,3,10138.0,17071.0
Mouse_Thymus2,29_32,3,10738.0,16271.0
Mouse_Thymus2,88_23,10,16638.0,15371.0
Mouse_Thymus2,28_42,5,10638.0,17271.0
Mouse_Thymus2,57_19,7,13538.0,14971.0
Mouse_Thymus2,13_44,5,9138.0,17471.0
Mouse_Thymus2,42_21,3,12038.0,15171.0
Mouse_Thymus2,77_29,2,15538.0,15971.0
Mouse_Thymus2,108_27,0,18638.0,15771.0
Mouse_Thymus2,58_35,2,13638.0,16571.0
Mouse_Thymus2,82_16,2,16038.0,14671.0
Mouse_Thymus2,56_18,7,13438.0,14871.0
Mouse_Thymus2,113_60,3,19138.0,19071.0
Mouse_Thymus2,69_33,10,14738.0,16371.0
Mouse_Thymus2,35_28,0,11338.0,15871.0
Mouse_Thymus2,96_34,8,17438.0,16471.0
Mouse_Thymus2,17_53,8,9538.0,18371.0
Mouse_Thymus2,87_33,1,16538.0,16371.0
Mouse_Thymus2,67_28,1,14538.0,15871.0
Mouse_Thymus2,45_18,1,12338.0,14871.0
Mouse_Thymus2,120_68,1,19838.0,19871.0
Mouse_Thymus2,56_20,8,13438.0,15071.0
Mouse_Thymus2,111_43,2,18938.0,17371.0
Mouse_Thymus2,107_33,10,18538.0,16371.0
Mouse_Thymus2,117_48,5,19538.0,17871.0
Mouse_Thymus2,80_19,2,15838.0,14971.0
Mouse_Thymus2,56_14,3,13438.0,14471.0
Mouse_Thymus2,8_41,7,8638.0,17171.0
Mouse_Thymus2,105_25,1,18338.0,15571.0
Mouse_Thymus2,14_43,2,9238.0,17371.0
Mouse_Thymus2,37_24,3,11538.0,15471.0
Mouse_Thymus2,14_40,1,9238.0,17071.0
Mouse_Thymus2,53_37,2,13138.0,16771.0
Mouse_Thymus2,81_6,1,15938.0,13671.0
Mouse_Thymus2,84_28,5,16238.0,15871.0
Mouse_Thymus2,92_57,1,17038.0,18771.0
Mouse_Thymus2,48_41,5,12638.0,17171.0
Mouse_Thymus2,35_27,7,11338.0,15771.0
Mouse_Thymus2,51_23,7,12938.0,15371.0
Mouse_Thymus2,17_38,10,9538.0,16871.0
Mouse_Thymus2,69_15,1,14738.0,14571.0
Mouse_Thymus2,58_33,2,13638.0,16371.0
Mouse_Thymus2,19_45,2,9738.0,17571.0
Mouse_Thymus2,104_52,8,18238.0,18271.0
Mouse_Thymus2,34_42,2,11238.0,17271.0
Mouse_Thymus2,44_28,5,12238.0,15871.0
Mouse_Thymus2,119_47,3,19738.0,17771.0
Mouse_Thymus2,87_9,7,16538.0,13971.0
Mouse_Thymus2,91_37,7,16938.0,16771.0
Mouse_Thymus2,40_28,10,11838.0,15871.0
Mouse_Thymus2,106_47,1,18438.0,17771.0
Mouse_Thymus2,53_18,7,13138.0,14871.0
Mouse_Thymus2,32_31,4,11038.0,16171.0
Mouse_Thymus2,86_36,1,16438.0,16671.0
Mouse_Thymus2,76_10,1,15438.0,14071.0
Mouse_Thymus2,86_11,3,16438.0,14171.0
Mouse_Thymus2,63_11,1,14138.0,14171.0
Mouse_Thymus2,125_67,3,20338.0,19771.0
Mouse_Thymus2,83_39,3,16138.0,16971.0
Mouse_Thymus2,119_53,5,19738.0,18371.0
Mouse_Thymus2,104_51,3,18238.0,18171.0
Mouse_Thymus2,69_31,8,14738.0,16171.0
Mouse_Thymus2,110_35,7,18838.0,16571.0
Mouse_Thymus2,81_14,7,15938.0,14471.0
Mouse_Thymus2,94_12,1,17238.0,14271.0
Mouse_Thymus2,90_30,1,16838.0,16071.0
Mouse_Thymus2,76_17,3,15438.0,14771.0
Mouse_Thymus2,74_23,5,15238.0,15371.0
Mouse_Thymus2,66_8,3,14438.0,13871.0
Mouse_Thymus2,53_30,7,13138.0,16071.0
Mouse_Thymus2,97_6,8,17538.0,13671.0
Mouse_Thymus2,85_19,5,16338.0,14971.0
Mouse_Thymus2,37_34,3,11538.0,16471.0
Mouse_Thymus2,70_15,8,14838.0,14571.0
Mouse_Thymus2,75_6,3,15338.0,13671.0
Mouse_Thymus2,97_9,3,17538.0,13971.0
Mouse_Thymus2,102_60,3,18038.0,19071.0
Mouse_Thymus2,101_56,1,17938.0,18671.0
Mouse_Thymus2,81_0,8,15938.0,13071.0
Mouse_Thymus2,80_37,5,15838.0,16771.0
Mouse_Thymus2,28_36,1,10638.0,16671.0
Mouse_Thymus2,85_53,3,16338.0,18371.0
Mouse_Thymus2,72_3,1,15038.0,13371.0
Mouse_Thymus2,57_32,10,13538.0,16271.0
Mouse_Thymus2,93_56,1,17138.0,18671.0
Mouse_Thymus2,47_45,10,12538.0,17571.0
Mouse_Thymus2,112_62,11,19038.0,19271.0
Mouse_Thymus2,96_12,1,17438.0,14271.0
Mouse_Thymus2,70_34,5,14838.0,16471.0
Mouse_Thymus2,31_31,6,10938.0,16171.0
Mouse_Thymus2,47_41,5,12538.0,17171.0
Mouse_Thymus2,117_65,3,19538.0,19571.0
Mouse_Thymus2,52_20,7,13038.0,15071.0
Mouse_Thymus2,79_44,5,15738.0,17471.0
Mouse_Thymus2,107_29,3,18538.0,15971.0
Mouse_Thymus2,60_18,7,13838.0,14871.0
Mouse_Thymus2,86_39,1,16438.0,16971.0
Mouse_Thymus2,36_31,10,11438.0,16171.0
