section,spot_index,obs_name,cluster,stage
Mouse_Thymus4,0,42_81,0,Mouse_Thymus4
Mouse_Thymus4,1,48_23,1,Mouse_Thymus4
Mouse_Thymus4,2,5_39,5,Mouse_Thymus4
Mouse_Thymus4,3,28_72,5,Mouse_Thymus4
Mouse_Thymus4,4,13_51,5,Mouse_Thymus4
Mouse_Thymus4,5,24_69,0,Mouse_Thymus4
Mouse_Thymus4,6,33_16,8,Mouse_Thymus4
Mouse_Thymus4,7,9_46,1,Mouse_Thymus4
Mouse_Thymus4,8,54_8,0,Mouse_Thymus4
Mouse_Thymus4,9,17_39,0,Mouse_Thymus4
Mouse_Thymus4,10,45_103,1,Mouse_Thymus4
Mouse_Thymus4,11,46_79,0,Mouse_Thymus4
Mouse_Thymus4,12,24_62,6,Mouse_Thymus4
Mouse_Thymus4,13,64_27,5,Mouse_Thymus4
Mouse_Thymus4,14,35_60,9,Mouse_Thymus4
Mouse_Thymus4,15,46_113,5,Mouse_Thymus4
Mouse_Thymus4,16,52_106,0,Mouse_Thymus4
Mouse_Thymus4,17,52_4,1,Mouse_Thymus4
Mouse_Thymus4,18,21_59,1,Mouse_Thymus4
Mouse_Thymus4,19,63_29,9,Mouse_Thymus4
Mouse_Thymus4,20,59_109,5,Mouse_Thymus4
Mouse_Thymus4,21,49_110,9,Mouse_Thymus4
Mouse_Thymus4,22,33_62,9,Mouse_Thymus4
Mouse_Thymus4,23,53_31,1,Mouse_Thymus4
Mouse_Thymus4,24,45_38,1,Mouse_Thymus4
Mouse_Thymus4,25,35_90,6,Mouse_Thymus4
Mouse_Thymus4,26,55_23,5,Mouse_Thymus4
Mouse_Thymus4,27,29_46,5,Mouse_Thymus4
Mouse_Thymus4,28,38_58,6,Mouse_Thymus4
Mouse_Thymus4,29,17_65,0,Mouse_Thymus4
Mouse_Thymus4,30,12_31,9,Mouse_Thymus4
Mouse_Thymus4,31,26_21,9,Mouse_Thymus4
Mouse_Thymus4,32,34_96,8,Mouse_Thymus4
Mouse_Thymus4,33,26_60,0,Mouse_Thymus4
Mouse_Thymus4,34,56_100,6,Mouse_Thymus4
Mouse_Thymus4,35,56_103,5,Mouse_Thymus4
Mouse_Thymus4,36,48_111,8,Mouse_Thymus4
Mouse_Thymus4,37,30_90,5,Mouse_Thymus4
Mouse_Thymus4,38,46_81,0,Mouse_Thymus4
Mouse_Thymus4,39,43_26,0,Mouse_Thymus4
Mouse_Thymus4,40,48_25,9,Mouse_Thymus4
Mouse_Thymus4,41,12_32,9,Mouse_Thymus4
Mouse_Thymus4,42,37_14,1,Mouse_Thymus4
Mouse_Thymus4,43,25_32,0,Mouse_Thymus4
Mouse_Thymus4,44,36_87,5,Mouse_Thymus4
Mouse_Thymus4,45,37_55,5,Mouse_Thymus4
Mouse_Thymus4,46,57_97,5,Mouse_Thymus4
Mouse_Thymus4,47,28_43,6,Mouse_Thymus4
Mouse_Thymus4,48,65_7,8,Mouse_Thymus4
Mouse_Thymus4,49,24_23,8,Mouse_Thymus4
Mouse_Thymus4,50,63_26,5,Mouse_Thymus4
Mouse_Thymus4,51,24_35,0,Mouse_Thymus4
Mouse_Thymus4,52,26_80,1,Mouse_Thymus4
Mouse_Thymus4,53,37_18,1,Mouse_Thymus4
Mouse_Thymus4,54,46_33,9,Mouse_Thymus4
Mouse_Thymus4,55,22_30,1,Mouse_Thymus4
Mouse_Thymus4,56,35_79,1,Mouse_Thymus4
Mouse_Thymus4,57,30_39,1,Mouse_Thymus4
Mouse_Thymus4,58,49_104,6,Mouse_Thymus4
Mouse_Thymus4,59,54_87,5,Mouse_Thymus4
Mouse_Thymus4,60,47_75,6,Mouse_Thymus4
Mouse_Thymus4,61,42_26,0,Mouse_Thymus4
Mouse_Thymus4,62,13_42,1,Mouse_Thymus4
Mouse_Thymus4,63,42_39,1,Mouse_Thymus4
Mouse_Thymus4,64,20_37,0,Mouse_Thymus4
Mouse_Thymus4,65,43_86,6,Mouse_Thymus4
Mouse_Thymus4,66,26_59,0,Mouse_Thymus4
Mouse_Thymus4,67,24_80,5,Mouse_Thymus4
Mouse_Thymus4,68,59_84,5,Mouse_Thymus4
Mouse_Thymus4,69,42_54,0,Mouse_Thymus4
Mouse_Thymus4,70,13_39,1,Mouse_Thymus4
Mouse_Thymus4,71,29_58,0,Mouse_Thymus4
Mouse_Thymus4,72,39_87,5,Mouse_Thymus4
Mouse_Thymus4,73,58_106,5,Mouse_Thymus4
Mouse_Thymus4,74,24_25,5,Mouse_Thymus4
Mouse_Thymus4,75,25_72,1,Mouse_Thymus4
Mouse_Thymus4,76,32_64,5,Mouse_Thymus4
Mouse_Thymus4,77,37_72,6,Mouse_Thymus4
Mouse_Thymus4,78,39_85,1,Mouse_Thymus4
Mouse_Thymus4,79,41_83,5,Mouse_Thymus4
Mouse_Thymus4,80,55_89,5,Mouse_Thymus4
Mouse_Thymus4,81,62_11,1,Mouse_Thymus4
Mouse_Thymus4,82,26_34,0,Mouse_Thymus4
Mouse_Thymus4,83,52_116,1,Mouse_Thymus4
Mouse_Thymus4,84,59_29,1,Mouse_Thymus4
Mouse_Thymus4,85,49_48,8,Mouse_Thymus4
Mouse_Thymus4,86,3_59,5,Mouse_Thymus4
Mouse_Thymus4,87,36_60,6,Mouse_Thymus4
Mouse_Thymus4,88,31_88,6,Mouse_Thymus4
Mouse_Thymus4,89,22_55,9,Mouse_Thymus4
Mouse_Thymus4,90,13_53,9,Mouse_Thymus4
Mouse_Thymus4,91,48_4,6,Mouse_Thymus4
Mouse_Thymus4,92,36_24,0,Mouse_Thymus4
Mouse_Thymus4,93,39_88,1,Mouse_Thymus4
Mouse_Thymus4,94,56_16,1,Mouse_Thymus4
Mouse_Thymus4,95,7_56,1,Mouse_Thymus4
Mouse_Thymus4,96,9_56,1,Mouse_Thymus4
Mouse_Thymus4,97,24_56,0,Mouse_Thymus4
Mouse_Thymus4,98,39_38,5,Mouse_Thymus4
Mouse_Thymus4,99,10_63,5,Mouse_Thymus4
Mouse_Thymus4,100,50_108,0,Mouse_Thymus4
Mouse_Thymus4,101,48_40,4,Mouse_Thymus4
Mouse_Thymus4,102,56_108,6,Mouse_Thymus4
Mouse_Thymus4,103,64_23,8,Mouse_Thymus4
Mouse_Thymus4,104,32_39,1,Mouse_Thymus4
Mouse_Thymus4,105,10_46,1,Mouse_Thymus4
Mouse_Thymus4,106,33_25,6,Mouse_Thymus4
Mouse_Thymus4,107,46_111,1,Mouse_Thymus4
Mouse_Thymus4,108,42_56,0,Mouse_Thymus4
Mouse_Thymus4,109,27_87,5,Mouse_Thymus4
Mouse_Thymus4,110,57_92,1,Mouse_Thymus4
Mouse_Thymus4,111,39_59,6,Mouse_Thymus4
Mouse_Thymus4,112,21_44,0,Mouse_Thymus4
Mouse_Thymus4,113,29_20,9,Mouse_Thymus4
Mouse_Thymus4,114,57_29,5,Mouse_Thymus4
Mouse_Thymus4,115,33_71,6,Mouse_Thymus4
Mouse_Thymus4,116,23_80,1,Mouse_Thymus4
Mouse_Thymus4,117,36_76,5,Mouse_Thymus4
Mouse_Thymus4,118,63_2,5,Mouse_Thymus4
Mouse_Thymus4,119,40_26,0,Mouse_Thymus4
Mouse_Thymus4,120,6_61,5,Mouse_Thymus4
Mouse_Thymus4,121,12_36,5,Mouse_Thymus4
Mouse_Thymus4,122,36_59,6,Mouse_Thymus4
Mouse_Thymus4,123,4_58,8,Mouse_Thymus4
Mouse_Thymus4,124,15_69,1,Mouse_Thymus4
Mouse_Thymus4,125,22_31,1,Mouse_Thymus4
Mouse_Thymus4,126,53_80,9,Mouse_Thymus4
Mouse_Thymus4,127,47_10,6,Mouse_Thymus4
Mouse_Thymus4,128,39_40,6,Mouse_Thymus4
Mouse_Thymus4,129,1_56,5,Mouse_Thymus4
Mouse_Thymus4,130,46_15,0,Mouse_Thymus4
Mouse_Thymus4,131,21_61,8,Mouse_Thymus4
Mouse_Thymus4,132,34_33,0,Mouse_Thymus4
Mouse_Thymus4,133,42_63,1,Mouse_Thymus4
Mouse_Thymus4,134,31_47,0,Mouse_Thymus4
Mouse_Thymus4,135,54_80,1,Mouse_Thymus4
Mouse_Thymus4,136,44_71,8,Mouse_Thymus4
Mouse_Thymus4,137,53_105,0,Mouse_Thymus4
Mouse_Thymus4,138,26_58,0,Mouse_Thymus4
Mouse_Thymus4,139,18_43,0,Mouse_Thymus4
Mouse_Thymus4,140,37_40,5,Mouse_Thymus4
Mouse_Thymus4,141,51_107,0,Mouse_Thymus4
Mouse_Thymus4,142,21_42,0,Mouse_Thymus4
Mouse_Thymus4,143,32_38,1,Mouse_Thymus4
Mouse_Thymus4,144,43_32,5,Mouse_Thymus4
Mouse_Thymus4,145,45_52,0,Mouse_Thymus4
Mouse_Thymus4,146,43_28,8,Mouse_Thymus4
Mouse_Thymus4,147,10_57,1,Mouse_Thymus4
Mouse_Thymus4,148,49_74,6,Mouse_Thymus4
Mouse_Thymus4,149,29_48,6,Mouse_Thymus4
Mouse_Thymus4,150,39_29,9,Mouse_Thymus4
Mouse_Thymus4,151,20_83,5,Mouse_Thymus4
Mouse_Thymus4,152,30_63,1,Mouse_Thymus4
Mouse_Thymus4,153,34_71,6,Mouse_Thymus4
Mouse_Thymus4,154,40_66,0,Mouse_Thymus4
Mouse_Thymus4,155,27_36,6,Mouse_Thymus4
Mouse_Thymus4,156,54_16,1,Mouse_Thymus4
Mouse_Thymus4,157,39_25,0,Mouse_Thymus4
Mouse_Thymus4,158,36_66,0,Mouse_Thymus4
Mouse_Thymus4,159,29_45,6,Mouse_Thymus4
Mouse_Thymus4,160,17_45,0,Mouse_Thymus4
Mouse_Thymus4,161,47_32,9,Mouse_Thymus4
Mouse_Thymus4,162,30_85,8,Mouse_Thymus4
Mouse_Thymus4,163,57_102,1,Mouse_Thymus4
Mouse_Thymus4,164,61_32,1,Mouse_Thymus4
Mouse_Thymus4,165,47_98,6,Mouse_Thymus4
Mouse_Thymus4,166,42_33,9,Mouse_Thymus4
Mouse_Thymus4,167,59_14,5,Mouse_Thymus4
Mouse_Thymus4,168,26_64,0,Mouse_Thymus4
Mouse_Thymus4,169,22_58,8,Mouse_Thymus4
Mouse_Thymus4,170,42_30,1,Mouse_Thymus4
Mouse_Thymus4,171,30_57,0,Mouse_Thymus4
Mouse_Thymus4,172,31_45,0,Mouse_Thymus4
Mouse_Thymus4,173,28_87,1,Mouse_Thymus4
Mouse_Thymus4,174,35_78,1,Mouse_Thymus4
Mouse_Thymus4,175,49_3,5,Mouse_Thymus4
Mouse_Thymus4,176,29_59,0,Mouse_Thymus4
Mouse_Thymus4,177,51_83,0,Mouse_Thymus4
Mouse_Thymus4,178,21_43,0,Mouse_Thymus4
Mouse_Thymus4,179,33_56,6,Mouse_Thymus4
Mouse_Thymus4,180,27_86,1,Mouse_Thymus4
Mouse_Thymus4,181,59_90,5,Mouse_Thymus4
Mouse_Thymus4,182,35_31,1,Mouse_Thymus4
Mouse_Thymus4,183,33_80,0,Mouse_Thymus4
Mouse_Thymus4,184,35_88,1,Mouse_Thymus4
Mouse_Thymus4,185,46_35,1,Mouse_Thymus4
Mouse_Thymus4,186,50_86,0,Mouse_Thymus4
Mouse_Thymus4,187,48_93,0,Mouse_Thymus4
Mouse_Thymus4,188,38_30,0,Mouse_Thymus4
Mouse_Thymus4,189,35_71,6,Mouse_Thymus4
Mouse_Thymus4,190,59_98,4,Mouse_Thymus4
Mouse_Thymus4,191,41_66,5,Mouse_Thymus4
Mouse_Thymus4,192,33_76,5,Mouse_Thymus4
Mouse_Thymus4,193,64_29,5,Mouse_Thymus4
Mouse_Thymus4,194,44_18,0,Mouse_Thymus4
Mouse_Thymus4,195,58_88,5,Mouse_Thymus4
Mouse_Thymus4,196,53_20,1,Mouse_Thymus4
Mouse_Thymus4,197,21_57,9,Mouse_Thymus4
Mouse_Thymus4,198,53_5,8,Mouse_Thymus4
Mouse_Thymus4,199,33_37,1,Mouse_Thymus4
Mouse_Thymus4,200,40_36,9,Mouse_Thymus4
Mouse_Thymus4,201,62_5,6,Mouse_Thymus4
Mouse_Thymus4,202,31_77,6,Mouse_Thymus4
Mouse_Thymus4,203,42_15,0,Mouse_Thymus4
Mouse_Thymus4,204,25_68,0,Mouse_Thymus4
Mouse_Thymus4,205,18_34,1,Mouse_Thymus4
Mouse_Thymus4,206,46_77,8,Mouse_Thymus4
Mouse_Thymus4,207,37_54,8,Mouse_Thymus4
Mouse_Thymus4,208,60_22,9,Mouse_Thymus4
Mouse_Thymus4,209,36_90,6,Mouse_Thymus4
Mouse_Thymus4,210,36_80,5,Mouse_Thymus4
Mouse_Thymus4,211,29_49,0,Mouse_Thymus4
Mouse_Thymus4,212,50_112,9,Mouse_Thymus4
Mouse_Thymus4,213,57_4,5,Mouse_Thymus4
Mouse_Thymus4,214,41_48,6,Mouse_Thymus4
Mouse_Thymus4,215,17_72,1,Mouse_Thymus4
Mouse_Thymus4,216,48_18,4,Mouse_Thymus4
Mouse_Thymus4,217,14_66,5,Mouse_Thymus4
Mouse_Thymus4,218,35_21,6,Mouse_Thymus4
Mouse_Thymus4,219,16_32,1,Mouse_Thymus4
Mouse_Thymus4,220,28_39,0,Mouse_Thymus4
Mouse_Thymus4,221,53_14,1,Mouse_Thymus4
Mouse_Thymus4,222,37_61,5,Mouse_Thymus4
Mouse_Thymus4,223,32_42,6,Mouse_Thymus4
Mouse_Thymus4,224,33_30,1,Mouse_Thymus4
Mouse_Thymus4,225,22_74,0,Mouse_Thymus4
Mouse_Thymus4,226,50_85,0,Mouse_Thymus4
Mouse_Thymus4,227,50_43,9,Mouse_Thymus4
Mouse_Thymus4,228,12_30,8,Mouse_Thymus4
Mouse_Thymus4,229,49_91,0,Mouse_Thymus4
Mouse_Thymus4,230,40_16,6,Mouse_Thymus4
Mouse_Thymus4,231,13_48,1,Mouse_Thymus4
Mouse_Thymus4,232,50_20,1,Mouse_Thymus4
Mouse_Thymus4,233,34_74,4,Mouse_Thymus4
Mouse_Thymus4,234,30_69,0,Mouse_Thymus4
Mouse_Thymus4,235,14_63,8,Mouse_Thymus4
Mouse_Thymus4,236,47_26,5,Mouse_Thymus4
Mouse_Thymus4,237,40_19,0,Mouse_Thymus4
Mouse_Thymus4,238,27_30,0,Mouse_Thymus4
Mouse_Thymus4,239,58_17,1,Mouse_Thymus4
Mouse_Thymus4,240,11_41,1,Mouse_Thymus4
Mouse_Thymus4,241,22_49,0,Mouse_Thymus4
Mouse_Thymus4,242,35_67,1,Mouse_Thymus4
Mouse_Thymus4,243,46_85,0,Mouse_Thymus4
Mouse_Thymus4,244,42_44,1,Mouse_Thymus4
Mouse_Thymus4,245,47_18,0,Mouse_Thymus4
Mouse_Thymus4,246,37_46,5,Mouse_Thymus4
Mouse_Thymus4,247,32_17,8,Mouse_Thymus4
Mouse_Thymus4,248,5_54,1,Mouse_Thymus4
Mouse_Thymus4,249,7_39,5,Mouse_Thymus4
Mouse_Thymus4,250,53_12,8,Mouse_Thymus4
Mouse_Thymus4,251,8_44,1,Mouse_Thymus4
Mouse_Thymus4,252,14_29,4,Mouse_Thymus4
Mouse_Thymus4,253,23_28,5,Mouse_Thymus4
Mouse_Thymus4,254,19_34,1,Mouse_Thymus4
Mouse_Thymus4,255,53_79,5,Mouse_Thymus4
Mouse_Thymus4,256,67_3,0,Mouse_Thymus4
Mouse_Thymus4,257,19_60,1,Mouse_Thymus4
Mouse_Thymus4,258,17_29,8,Mouse_Thymus4
Mouse_Thymus4,259,13_67,8,Mouse_Thymus4
Mouse_Thymus4,260,27_57,0,Mouse_Thymus4
Mouse_Thymus4,261,42_77,0,Mouse_Thymus4
Mouse_Thymus4,262,46_99,6,Mouse_Thymus4
Mouse_Thymus4,263,36_86,6,Mouse_Thymus4
Mouse_Thymus4,264,43_40,5,Mouse_Thymus4
Mouse_Thymus4,265,20_39,0,Mouse_Thymus4
Mouse_Thymus4,266,44_17,0,Mouse_Thymus4
Mouse_Thymus4,267,62_98,1,Mouse_Thymus4
Mouse_Thymus4,268,38_55,6,Mouse_Thymus4
Mouse_Thymus4,269,54_113,6,Mouse_Thymus4
Mouse_Thymus4,270,30_49,6,Mouse_Thymus4
Mouse_Thymus4,271,55_82,5,Mouse_Thymus4
Mouse_Thymus4,272,21_63,0,Mouse_Thymus4
Mouse_Thymus4,273,37_91,8,Mouse_Thymus4
Mouse_Thymus4,274,19_52,1,Mouse_Thymus4
Mouse_Thymus4,275,44_51,0,Mouse_Thymus4
Mouse_Thymus4,276,15_41,0,Mouse_Thymus4
Mouse_Thymus4,277,12_60,1,Mouse_Thymus4
Mouse_Thymus4,278,61_7,6,Mouse_Thymus4
Mouse_Thymus4,279,45_32,9,Mouse_Thymus4
Mouse_Thymus4,280,22_77,1,Mouse_Thymus4
Mouse_Thymus4,281,63_9,6,Mouse_Thymus4
Mouse_Thymus4,282,42_24,0,Mouse_Thymus4
Mouse_Thymus4,283,39_98,1,Mouse_Thymus4
Mouse_Thymus4,284,19_68,1,Mouse_Thymus4
Mouse_Thymus4,285,54_30,1,Mouse_Thymus4
Mouse_Thymus4,286,25_77,1,Mouse_Thymus4
Mouse_Thymus4,287,41_101,1,Mouse_Thymus4
Mouse_Thymus4,288,11_33,5,Mouse_Thymus4
Mouse_Thymus4,289,54_14,1,Mouse_Thymus4
Mouse_Thymus4,290,55_20,9,Mouse_Thymus4
Mouse_Thymus4,291,30_46,0,Mouse_Thymus4
Mouse_Thymus4,292,50_98,0,Mouse_Thymus4
Mouse_Thymus4,293,13_37,1,Mouse_Thymus4
Mouse_Thymus4,294,44_67,6,Mouse_Thymus4
Mouse_Thymus4,295,24_41,0,Mouse_Thymus4
Mouse_Thymus4,296,21_33,1,Mouse_Thymus4
Mouse_Thymus4,297,35_87,6,Mouse_Thymus4
Mouse_Thymus4,298,48_43,5,Mouse_Thymus4
Mouse_Thymus4,299,55_87,5,Mouse_Thymus4
Mouse_Thymus4,300,41_39,9,Mouse_Thymus4
Mouse_Thymus4,301,11_32,8,Mouse_Thymus4
Mouse_Thymus4,302,31_85,0,Mouse_Thymus4
Mouse_Thymus4,303,58_93,1,Mouse_Thymus4
Mouse_Thymus4,304,60_108,5,Mouse_Thymus4
Mouse_Thymus4,305,42_9,6,Mouse_Thymus4
Mouse_Thymus4,306,30_42,8,Mouse_Thymus4
Mouse_Thymus4,307,30_22,1,Mouse_Thymus4
Mouse_Thymus4,308,39_77,6,Mouse_Thymus4
Mouse_Thymus4,309,27_22,5,Mouse_Thymus4
Mouse_Thymus4,310,56_37,5,Mouse_Thymus4
Mouse_Thymus4,311,54_35,1,Mouse_Thymus4
Mouse_Thymus4,312,5_55,1,Mouse_Thymus4
Mouse_Thymus4,313,49_109,8,Mouse_Thymus4
Mouse_Thymus4,314,48_91,0,Mouse_Thymus4
Mouse_Thymus4,315,45_78,0,Mouse_Thymus4
Mouse_Thymus4,316,8_52,5,Mouse_Thymus4
Mouse_Thymus4,317,44_16,0,Mouse_Thymus4
Mouse_Thymus4,318,42_16,0,Mouse_Thymus4
Mouse_Thymus4,319,51_77,8,Mouse_Thymus4
Mouse_Thymus4,320,30_41,6,Mouse_Thymus4
Mouse_Thymus4,321,39_86,5,Mouse_Thymus4
Mouse_Thymus4,322,28_92,5,Mouse_Thymus4
Mouse_Thymus4,323,31_92,8,Mouse_Thymus4
Mouse_Thymus4,324,39_22,0,Mouse_Thymus4
Mouse_Thymus4,325,55_38,5,Mouse_Thymus4
Mouse_Thymus4,326,44_77,0,Mouse_Thymus4
Mouse_Thymus4,327,54_99,0,Mouse_Thymus4
Mouse_Thymus4,328,41_17,0,Mouse_Thymus4
Mouse_Thymus4,329,49_20,9,Mouse_Thymus4
Mouse_Thymus4,330,19_70,1,Mouse_Thymus4
Mouse_Thymus4,331,18_48,6,Mouse_Thymus4
Mouse_Thymus4,332,51_99,0,Mouse_Thymus4
Mouse_Thymus4,333,32_93,5,Mouse_Thymus4
Mouse_Thymus4,334,47_23,9,Mouse_Thymus4
Mouse_Thymus4,335,55_42,6,Mouse_Thymus4
Mouse_Thymus4,336,20_71,5,Mouse_Thymus4
Mouse_Thymus4,337,45_92,6,Mouse_Thymus4
Mouse_Thymus4,338,6_36,9,Mouse_Thymus4
Mouse_Thymus4,339,36_96,8,Mouse_Thymus4
Mouse_Thymus4,340,6_42,1,Mouse_Thymus4
Mouse_Thymus4,341,59_5,0,Mouse_Thymus4
Mouse_Thymus4,342,37_20,6,Mouse_Thymus4
Mouse_Thymus4,343,10_54,1,Mouse_Thymus4
Mouse_Thymus4,344,26_47,0,Mouse_Thymus4
Mouse_Thymus4,345,54_27,5,Mouse_Thymus4
Mouse_Thymus4,346,50_102,0,Mouse_Thymus4
Mouse_Thymus4,347,43_36,9,Mouse_Thymus4
Mouse_Thymus4,348,20_30,5,Mouse_Thymus4
Mouse_Thymus4,349,12_40,1,Mouse_Thymus4
Mouse_Thymus4,350,19_30,5,Mouse_Thymus4
Mouse_Thymus4,351,56_101,5,Mouse_Thymus4
Mouse_Thymus4,352,30_84,6,Mouse_Thymus4
Mouse_Thymus4,353,6_40,1,Mouse_Thymus4
Mouse_Thymus4,354,31_89,6,Mouse_Thymus4
Mouse_Thymus4,355,25_34,0,Mouse_Thymus4
Mouse_Thymus4,356,51_48,1,Mouse_Thymus4
Mouse_Thymus4,357,29_54,6,Mouse_Thymus4
Mouse_Thymus4,358,20_49,0,Mouse_Thymus4
Mouse_Thymus4,359,35_93,6,Mouse_Thymus4
Mouse_Thymus4,360,50_11,0,Mouse_Thymus4
Mouse_Thymus4,361,20_62,1,Mouse_Thymus4
Mouse_Thymus4,362,8_61,1,Mouse_Thymus4
Mouse_Thymus4,363,54_102,6,Mouse_Thymus4
Mouse_Thymus4,364,25_70,0,Mouse_Thymus4
Mouse_Thymus4,365,7_62,5,Mouse_Thymus4
Mouse_Thymus4,366,53_103,0,Mouse_Thymus4
Mouse_Thymus4,367,4_49,1,Mouse_Thymus4
Mouse_Thymus4,368,49_101,6,Mouse_Thymus4
Mouse_Thymus4,369,31_32,1,Mouse_Thymus4
Mouse_Thymus4,370,55_2,9,Mouse_Thymus4
Mouse_Thymus4,371,23_53,6,Mouse_Thymus4
Mouse_Thymus4,372,54_9,0,Mouse_Thymus4
Mouse_Thymus4,373,17_28,9,Mouse_Thymus4
Mouse_Thymus4,374,37_17,1,Mouse_Thymus4
Mouse_Thymus4,375,23_41,6,Mouse_Thymus4
Mouse_Thymus4,376,10_43,1,Mouse_Thymus4
Mouse_Thymus4,377,7_57,1,Mouse_Thymus4
Mouse_Thymus4,378,17_74,5,Mouse_Thymus4
Mouse_Thymus4,379,39_63,0,Mouse_Thymus4
Mouse_Thymus4,380,47_7,1,Mouse_Thymus4
Mouse_Thymus4,381,34_44,6,Mouse_Thymus4
Mouse_Thymus4,382,52_11,0,Mouse_Thymus4
Mouse_Thymus4,383,55_35,1,Mouse_Thymus4
Mouse_Thymus4,384,18_68,1,Mouse_Thymus4
Mouse_Thymus4,385,45_97,6,Mouse_Thymus4
Mouse_Thymus4,386,39_74,6,Mouse_Thymus4
Mouse_Thymus4,387,53_114,5,Mouse_Thymus4
Mouse_Thymus4,388,13_61,1,Mouse_Thymus4
Mouse_Thymus4,389,25_64,0,Mouse_Thymus4
Mouse_Thymus4,390,39_75,5,Mouse_Thymus4
Mouse_Thymus4,391,69_7,5,Mouse_Thymus4
Mouse_Thymus4,392,68_4,5,Mouse_Thymus4
Mouse_Thymus4,393,21_82,5,Mouse_Thymus4
Mouse_Thymus4,394,50_22,1,Mouse_Thymus4
Mouse_Thymus4,395,49_31,9,Mouse_Thymus4
Mouse_Thymus4,396,58_11,5,Mouse_Thymus4
Mouse_Thymus4,397,46_93,0,Mouse_Thymus4
Mouse_Thymus4,398,39_47,1,Mouse_Thymus4
Mouse_Thymus4,399,12_61,1,Mouse_Thymus4
Mouse_Thymus4,400,12_41,1,Mouse_Thymus4
Mouse_Thymus4,401,49_45,1,Mouse_Thymus4
Mouse_Thymus4,402,41_35,9,Mouse_Thymus4
Mouse_Thymus4,403,25_76,5,Mouse_Thymus4
Mouse_Thymus4,404,32_32,1,Mouse_Thymus4
Mouse_Thymus4,405,36_91,6,Mouse_Thymus4
Mouse_Thymus4,406,34_82,0,Mouse_Thymus4
Mouse_Thymus4,407,33_26,0,Mouse_Thymus4
Mouse_Thymus4,408,22_66,6,Mouse_Thymus4
Mouse_Thymus4,409,17_41,0,Mouse_Thymus4
Mouse_Thymus4,410,30_30,0,Mouse_Thymus4
Mouse_Thymus4,411,29_68,0,Mouse_Thymus4
Mouse_Thymus4,412,14_35,1,Mouse_Thymus4
Mouse_Thymus4,413,40_35,9,Mouse_Thymus4
Mouse_Thymus4,414,59_20,9,Mouse_Thymus4
Mouse_Thymus4,415,27_47,0,Mouse_Thymus4
Mouse_Thymus4,416,47_15,0,Mouse_Thymus4
Mouse_Thymus4,417,56_36,1,Mouse_Thymus4
Mouse_Thymus4,418,20_72,6,Mouse_Thymus4
Mouse_Thymus4,419,52_113,0,Mouse_Thymus4
Mouse_Thymus4,420,63_27,5,Mouse_Thymus4
Mouse_Thymus4,421,40_99,1,Mouse_Thymus4
Mouse_Thymus4,422,20_64,9,Mouse_Thymus4
Mouse_Thymus4,423,2_51,8,Mouse_Thymus4
Mouse_Thymus4,424,40_62,1,Mouse_Thymus4
Mouse_Thymus4,425,40_65,0,Mouse_Thymus4
Mouse_Thymus4,426,55_86,5,Mouse_Thymus4
Mouse_Thymus4,427,39_79,5,Mouse_Thymus4
Mouse_Thymus4,428,27_63,0,Mouse_Thymus4
Mouse_Thymus4,429,34_34,8,Mouse_Thymus4
Mouse_Thymus4,430,21_71,6,Mouse_Thymus4
Mouse_Thymus4,431,55_12,9,Mouse_Thymus4
Mouse_Thymus4,432,50_14,0,Mouse_Thymus4
Mouse_Thymus4,433,16_53,0,Mouse_Thymus4
Mouse_Thymus4,434,24_45,0,Mouse_Thymus4
Mouse_Thymus4,435,47_43,9,Mouse_Thymus4
Mouse_Thymus4,436,60_2,5,Mouse_Thymus4
Mouse_Thymus4,437,55_95,8,Mouse_Thymus4
Mouse_Thymus4,438,24_55,9,Mouse_Thymus4
Mouse_Thymus4,439,49_89,6,Mouse_Thymus4
Mouse_Thymus4,440,45_9,1,Mouse_Thymus4
Mouse_Thymus4,441,39_42,5,Mouse_Thymus4
Mouse_Thymus4,442,37_26,0,Mouse_Thymus4
Mouse_Thymus4,443,3_49,9,Mouse_Thymus4
Mouse_Thymus4,444,20_55,9,Mouse_Thymus4
Mouse_Thymus4,445,12_63,1,Mouse_Thymus4
Mouse_Thymus4,446,60_4,0,Mouse_Thymus4
Mouse_Thymus4,447,33_60,1,Mouse_Thymus4
Mouse_Thymus4,448,16_44,0,Mouse_Thymus4
Mouse_Thymus4,449,51_27,9,Mouse_Thymus4
Mouse_Thymus4,450,18_55,5,Mouse_Thymus4
Mouse_Thymus4,451,44_9,8,Mouse_Thymus4
Mouse_Thymus4,452,26_41,0,Mouse_Thymus4
Mouse_Thymus4,453,39_18,0,Mouse_Thymus4
Mouse_Thymus4,454,11_46,1,Mouse_Thymus4
Mouse_Thymus4,455,55_36,5,Mouse_Thymus4
Mouse_Thymus4,456,43_53,0,Mouse_Thymus4
Mouse_Thymus4,457,53_102,0,Mouse_Thymus4
Mouse_Thymus4,458,34_27,0,Mouse_Thymus4
Mouse_Thymus4,459,61_0,1,Mouse_Thymus4
Mouse_Thymus4,460,5_48,1,Mouse_Thymus4
Mouse_Thymus4,461,39_60,1,Mouse_Thymus4
Mouse_Thymus4,462,57_95,8,Mouse_Thymus4
Mouse_Thymus4,463,54_11,1,Mouse_Thymus4
Mouse_Thymus4,464,34_70,6,Mouse_Thymus4
Mouse_Thymus4,465,26_63,6,Mouse_Thymus4
Mouse_Thymus4,466,27_28,0,Mouse_Thymus4
Mouse_Thymus4,467,38_88,1,Mouse_Thymus4
Mouse_Thymus4,468,63_25,5,Mouse_Thymus4
Mouse_Thymus4,469,38_90,5,Mouse_Thymus4
Mouse_Thymus4,470,33_84,0,Mouse_Thymus4
Mouse_Thymus4,471,17_34,1,Mouse_Thymus4
Mouse_Thymus4,472,59_22,1,Mouse_Thymus4
Mouse_Thymus4,473,1_59,5,Mouse_Thymus4
Mouse_Thymus4,474,23_77,9,Mouse_Thymus4
Mouse_Thymus4,475,19_66,0,Mouse_Thymus4
Mouse_Thymus4,476,33_51,0,Mouse_Thymus4
Mouse_Thymus4,477,25_80,1,Mouse_Thymus4
Mouse_Thymus4,478,54_114,5,Mouse_Thymus4
Mouse_Thymus4,479,16_50,9,Mouse_Thymus4
Mouse_Thymus4,480,40_34,9,Mouse_Thymus4
Mouse_Thymus4,481,45_69,8,Mouse_Thymus4
Mouse_Thymus4,482,35_25,0,Mouse_Thymus4
Mouse_Thymus4,483,51_29,5,Mouse_Thymus4
Mouse_Thymus4,484,44_48,0,Mouse_Thymus4
Mouse_Thymus4,485,23_38,0,Mouse_Thymus4
Mouse_Thymus4,486,20_47,0,Mouse_Thymus4
Mouse_Thymus4,487,58_113,9,Mouse_Thymus4
Mouse_Thymus4,488,47_80,0,Mouse_Thymus4
Mouse_Thymus4,489,13_66,1,Mouse_Thymus4
Mouse_Thymus4,490,14_40,8,Mouse_Thymus4
Mouse_Thymus4,491,25_71,8,Mouse_Thymus4
Mouse_Thymus4,492,47_100,8,Mouse_Thymus4
Mouse_Thymus4,493,26_88,8,Mouse_Thymus4
Mouse_Thymus4,494,43_106,5,Mouse_Thymus4
Mouse_Thymus4,495,62_12,5,Mouse_Thymus4
Mouse_Thymus4,496,38_49,0,Mouse_Thymus4
Mouse_Thymus4,497,52_86,0,Mouse_Thymus4
Mouse_Thymus4,498,44_27,1,Mouse_Thymus4
Mouse_Thymus4,499,35_77,5,Mouse_Thymus4
Mouse_Thymus4,500,52_10,0,Mouse_Thymus4
Mouse_Thymus4,501,37_84,6,Mouse_Thymus4
Mouse_Thymus4,502,71_2,5,Mouse_Thymus4
Mouse_Thymus4,503,45_29,5,Mouse_Thymus4
Mouse_Thymus4,504,54_104,0,Mouse_Thymus4
Mouse_Thymus4,505,55_33,1,Mouse_Thymus4
Mouse_Thymus4,506,31_36,1,Mouse_Thymus4
Mouse_Thymus4,507,22_46,0,Mouse_Thymus4
Mouse_Thymus4,508,50_21,5,Mouse_Thymus4
Mouse_Thymus4,509,15_47,6,Mouse_Thymus4
Mouse_Thymus4,510,24_71,9,Mouse_Thymus4
Mouse_Thymus4,511,62_29,1,Mouse_Thymus4
Mouse_Thymus4,512,20_48,0,Mouse_Thymus4
Mouse_Thymus4,513,35_44,1,Mouse_Thymus4
Mouse_Thymus4,514,18_62,8,Mouse_Thymus4
Mouse_Thymus4,515,58_39,5,Mouse_Thymus4
Mouse_Thymus4,516,52_100,0,Mouse_Thymus4
Mouse_Thymus4,517,42_59,5,Mouse_Thymus4
Mouse_Thymus4,518,52_108,0,Mouse_Thymus4
Mouse_Thymus4,519,60_98,1,Mouse_Thymus4
Mouse_Thymus4,520,21_39,0,Mouse_Thymus4
Mouse_Thymus4,521,41_93,5,Mouse_Thymus4
Mouse_Thymus4,522,30_19,8,Mouse_Thymus4
Mouse_Thymus4,523,37_21,0,Mouse_Thymus4
Mouse_Thymus4,524,35_38,5,Mouse_Thymus4
Mouse_Thymus4,525,56_17,1,Mouse_Thymus4
Mouse_Thymus4,526,48_78,5,Mouse_Thymus4
Mouse_Thymus4,527,15_58,1,Mouse_Thymus4
Mouse_Thymus4,528,56_41,5,Mouse_Thymus4
Mouse_Thymus4,529,22_80,5,Mouse_Thymus4
Mouse_Thymus4,530,46_13,0,Mouse_Thymus4
Mouse_Thymus4,531,27_55,0,Mouse_Thymus4
Mouse_Thymus4,532,24_85,1,Mouse_Thymus4
Mouse_Thymus4,533,38_15,1,Mouse_Thymus4
Mouse_Thymus4,534,14_53,1,Mouse_Thymus4
Mouse_Thymus4,535,55_104,9,Mouse_Thymus4
Mouse_Thymus4,536,22_54,5,Mouse_Thymus4
Mouse_Thymus4,537,49_75,5,Mouse_Thymus4
Mouse_Thymus4,538,53_110,0,Mouse_Thymus4
Mouse_Thymus4,539,47_27,5,Mouse_Thymus4
Mouse_Thymus4,540,30_28,0,Mouse_Thymus4
Mouse_Thymus4,541,22_34,1,Mouse_Thymus4
Mouse_Thymus4,542,56_30,5,Mouse_Thymus4
Mouse_Thymus4,543,39_89,1,Mouse_Thymus4
Mouse_Thymus4,544,26_89,1,Mouse_Thymus4
Mouse_Thymus4,545,35_45,1,Mouse_Thymus4
Mouse_Thymus4,546,18_66,0,Mouse_Thymus4
Mouse_Thymus4,547,41_10,9,Mouse_Thymus4
Mouse_Thymus4,548,0_58,4,Mouse_Thymus4
Mouse_Thymus4,549,22_82,1,Mouse_Thymus4
Mouse_Thymus4,550,50_91,0,Mouse_Thymus4
Mouse_Thymus4,551,47_13,0,Mouse_Thymus4
Mouse_Thymus4,552,30_24,1,Mouse_Thymus4
Mouse_Thymus4,553,51_10,0,Mouse_Thymus4
Mouse_Thymus4,554,30_77,0,Mouse_Thymus4
Mouse_Thymus4,555,33_44,0,Mouse_Thymus4
Mouse_Thymus4,556,46_10,9,Mouse_Thymus4
Mouse_Thymus4,557,23_45,0,Mouse_Thymus4
Mouse_Thymus4,558,5_53,1,Mouse_Thymus4
Mouse_Thymus4,559,68_5,1,Mouse_Thymus4
Mouse_Thymus4,560,36_53,0,Mouse_Thymus4
Mouse_Thymus4,561,39_35,1,Mouse_Thymus4
Mouse_Thymus4,562,34_15,8,Mouse_Thymus4
Mouse_Thymus4,563,65_1,8,Mouse_Thymus4
Mouse_Thymus4,564,53_11,9,Mouse_Thymus4
Mouse_Thymus4,565,63_28,9,Mouse_Thymus4
Mouse_Thymus4,566,42_68,1,Mouse_Thymus4
Mouse_Thymus4,567,59_106,1,Mouse_Thymus4
Mouse_Thymus4,568,44_104,8,Mouse_Thymus4
Mouse_Thymus4,569,44_74,5,Mouse_Thymus4
Mouse_Thymus4,570,57_109,5,Mouse_Thymus4
Mouse_Thymus4,571,9_49,8,Mouse_Thymus4
Mouse_Thymus4,572,60_5,0,Mouse_Thymus4
Mouse_Thymus4,573,55_27,1,Mouse_Thymus4
Mouse_Thymus4,574,34_68,6,Mouse_Thymus4
Mouse_Thymus4,575,10_60,1,Mouse_Thymus4
Mouse_Thymus4,576,39_39,8,Mouse_Thymus4
Mouse_Thymus4,577,40_74,6,Mouse_Thymus4
Mouse_Thymus4,578,35_76,6,Mouse_Thymus4
Mouse_Thymus4,579,23_58,5,Mouse_Thymus4
Mouse_Thymus4,580,33_90,6,Mouse_Thymus4
Mouse_Thymus4,581,27_39,0,Mouse_Thymus4
Mouse_Thymus4,582,41_95,5,Mouse_Thymus4
Mouse_Thymus4,583,24_49,0,Mouse_Thymus4
Mouse_Thymus4,584,23_35,1,Mouse_Thymus4
Mouse_Thymus4,585,38_40,1,Mouse_Thymus4
Mouse_Thymus4,586,43_65,1,Mouse_Thymus4
Mouse_Thymus4,587,37_50,0,Mouse_Thymus4
Mouse_Thymus4,588,29_52,0,Mouse_Thymus4
Mouse_Thymus4,589,16_31,1,Mouse_Thymus4
Mouse_Thymus4,590,16_71,5,Mouse_Thymus4
Mouse_Thymus4,591,20_67,5,Mouse_Thymus4
Mouse_Thymus4,592,22_67,8,Mouse_Thymus4
Mouse_Thymus4,593,46_18,0,Mouse_Thymus4
Mouse_Thymus4,594,25_45,0,Mouse_Thymus4
Mouse_Thymus4,595,10_52,1,Mouse_Thymus4
Mouse_Thymus4,596,36_33,0,Mouse_Thymus4
Mouse_Thymus4,597,51_15,5,Mouse_Thymus4
Mouse_Thymus4,598,37_81,9,Mouse_Thymus4
Mouse_Thymus4,599,26_66,0,Mouse_Thymus4
Mouse_Thymus4,600,2_56,5,Mouse_Thymus4
Mouse_Thymus4,601,26_35,0,Mouse_Thymus4
Mouse_Thymus4,602,37_11,5,Mouse_Thymus4
Mouse_Thymus4,603,33_66,6,Mouse_Thymus4
Mouse_Thymus4,604,54_94,6,Mouse_Thymus4
Mouse_Thymus4,605,43_27,0,Mouse_Thymus4
Mouse_Thymus4,606,46_23,1,Mouse_Thymus4
Mouse_Thymus4,607,46_43,5,Mouse_Thymus4
Mouse_Thymus4,608,13_34,9,Mouse_Thymus4
Mouse_Thymus4,609,20_59,6,Mouse_Thymus4
Mouse_Thymus4,610,42_17,0,Mouse_Thymus4
Mouse_Thymus4,611,47_105,5,Mouse_Thymus4
Mouse_Thymus4,612,49_19,1,Mouse_Thymus4
Mouse_Thymus4,613,32_29,0,Mouse_Thymus4
Mouse_Thymus4,614,4_44,8,Mouse_Thymus4
Mouse_Thymus4,615,36_29,6,Mouse_Thymus4
Mouse_Thymus4,616,11_43,1,Mouse_Thymus4
Mouse_Thymus4,617,61_28,1,Mouse_Thymus4
Mouse_Thymus4,618,53_45,9,Mouse_Thymus4
Mouse_Thymus4,619,55_18,1,Mouse_Thymus4
Mouse_Thymus4,620,61_29,1,Mouse_Thymus4
Mouse_Thymus4,621,23_39,0,Mouse_Thymus4
Mouse_Thymus4,622,18_35,1,Mouse_Thymus4
Mouse_Thymus4,623,56_6,0,Mouse_Thymus4
Mouse_Thymus4,624,53_26,5,Mouse_Thymus4
Mouse_Thymus4,625,25_59,0,Mouse_Thymus4
Mouse_Thymus4,626,38_53,6,Mouse_Thymus4
Mouse_Thymus4,627,32_60,6,Mouse_Thymus4
Mouse_Thymus4,628,33_47,6,Mouse_Thymus4
Mouse_Thymus4,629,14_71,4,Mouse_Thymus4
Mouse_Thymus4,630,45_88,0,Mouse_Thymus4
Mouse_Thymus4,631,67_1,5,Mouse_Thymus4
Mouse_Thymus4,632,25_90,5,Mouse_Thymus4
Mouse_Thymus4,633,41_75,6,Mouse_Thymus4
Mouse_Thymus4,634,3_46,9,Mouse_Thymus4
Mouse_Thymus4,635,45_12,1,Mouse_Thymus4
Mouse_Thymus4,636,23_81,8,Mouse_Thymus4
Mouse_Thymus4,637,23_54,0,Mouse_Thymus4
Mouse_Thymus4,638,45_14,0,Mouse_Thymus4
Mouse_Thymus4,639,49_85,0,Mouse_Thymus4
Mouse_Thymus4,640,34_18,1,Mouse_Thymus4
Mouse_Thymus4,641,38_83,5,Mouse_Thymus4
Mouse_Thymus4,642,32_87,6,Mouse_Thymus4
Mouse_Thymus4,643,50_115,5,Mouse_Thymus4
Mouse_Thymus4,644,22_61,9,Mouse_Thymus4
Mouse_Thymus4,645,12_47,1,Mouse_Thymus4
Mouse_Thymus4,646,54_17,1,Mouse_Thymus4
Mouse_Thymus4,647,56_8,0,Mouse_Thymus4
Mouse_Thymus4,648,14_69,5,Mouse_Thymus4
Mouse_Thymus4,649,55_14,1,Mouse_Thymus4
Mouse_Thymus4,650,24_61,6,Mouse_Thymus4
Mouse_Thymus4,651,46_45,6,Mouse_Thymus4
Mouse_Thymus4,652,58_1,8,Mouse_Thymus4
Mouse_Thymus4,653,32_34,9,Mouse_Thymus4
Mouse_Thymus4,654,10_45,5,Mouse_Thymus4
Mouse_Thymus4,655,51_89,0,Mouse_Thymus4
Mouse_Thymus4,656,7_50,1,Mouse_Thymus4
Mouse_Thymus4,657,67_8,5,Mouse_Thymus4
Mouse_Thymus4,658,55_40,1,Mouse_Thymus4
Mouse_Thymus4,659,56_112,5,Mouse_Thymus4
Mouse_Thymus4,660,54_4,5,Mouse_Thymus4
Mouse_Thymus4,661,19_50,6,Mouse_Thymus4
Mouse_Thymus4,662,34_20,1,Mouse_Thymus4
Mouse_Thymus4,663,45_112,9,Mouse_Thymus4
Mouse_Thymus4,664,33_35,1,Mouse_Thymus4
Mouse_Thymus4,665,39_70,9,Mouse_Thymus4
Mouse_Thymus4,666,11_47,1,Mouse_Thymus4
Mouse_Thymus4,667,51_106,0,Mouse_Thymus4
Mouse_Thymus4,668,54_100,0,Mouse_Thymus4
Mouse_Thymus4,669,57_16,5,Mouse_Thymus4
Mouse_Thymus4,670,55_39,9,Mouse_Thymus4
Mouse_Thymus4,671,61_1,9,Mouse_Thymus4
Mouse_Thymus4,672,10_42,1,Mouse_Thymus4
Mouse_Thymus4,673,31_76,9,Mouse_Thymus4
Mouse_Thymus4,674,32_43,0,Mouse_Thymus4
Mouse_Thymus4,675,58_10,9,Mouse_Thymus4
Mouse_Thymus4,676,18_27,4,Mouse_Thymus4
Mouse_Thymus4,677,36_67,9,Mouse_Thymus4
Mouse_Thymus4,678,48_14,0,Mouse_Thymus4
Mouse_Thymus4,679,58_8,0,Mouse_Thymus4
Mouse_Thymus4,680,23_23,4,Mouse_Thymus4
Mouse_Thymus4,681,56_96,5,Mouse_Thymus4
Mouse_Thymus4,682,35_57,1,Mouse_Thymus4
Mouse_Thymus4,683,40_63,1,Mouse_Thymus4
Mouse_Thymus4,684,44_34,5,Mouse_Thymus4
Mouse_Thymus4,685,40_31,9,Mouse_Thymus4
Mouse_Thymus4,686,58_6,0,Mouse_Thymus4
Mouse_Thymus4,687,43_54,0,Mouse_Thymus4
Mouse_Thymus4,688,36_73,9,Mouse_Thymus4
Mouse_Thymus4,689,61_87,4,Mouse_Thymus4
Mouse_Thymus4,690,56_118,8,Mouse_Thymus4
Mouse_Thymus4,691,41_37,1,Mouse_Thymus4
Mouse_Thymus4,692,26_27,8,Mouse_Thymus4
Mouse_Thymus4,693,48_108,1,Mouse_Thymus4
Mouse_Thymus4,694,45_51,0,Mouse_Thymus4
Mouse_Thymus4,695,40_84,5,Mouse_Thymus4
Mouse_Thymus4,696,25_26,5,Mouse_Thymus4
Mouse_Thymus4,697,37_15,1,Mouse_Thymus4
Mouse_Thymus4,698,41_69,6,Mouse_Thymus4
Mouse_Thymus4,699,40_64,0,Mouse_Thymus4
Mouse_Thymus4,700,44_23,9,Mouse_Thymus4
Mouse_Thymus4,701,40_47,1,Mouse_Thymus4
Mouse_Thymus4,702,54_85,5,Mouse_Thymus4
Mouse_Thymus4,703,21_40,0,Mouse_Thymus4
Mouse_Thymus4,704,32_53,0,Mouse_Thymus4
Mouse_Thymus4,705,42_102,8,Mouse_Thymus4
Mouse_Thymus4,706,2_58,5,Mouse_Thymus4
Mouse_Thymus4,707,50_6,5,Mouse_Thymus4
Mouse_Thymus4,708,48_94,0,Mouse_Thymus4
Mouse_Thymus4,709,21_60,1,Mouse_Thymus4
Mouse_Thymus4,710,44_84,0,Mouse_Thymus4
Mouse_Thymus4,711,58_21,1,Mouse_Thymus4
Mouse_Thymus4,712,2_54,5,Mouse_Thymus4
Mouse_Thymus4,713,36_79,6,Mouse_Thymus4
Mouse_Thymus4,714,45_94,0,Mouse_Thymus4
Mouse_Thymus4,715,37_28,6,Mouse_Thymus4
Mouse_Thymus4,716,54_96,0,Mouse_Thymus4
Mouse_Thymus4,717,18_41,0,Mouse_Thymus4
Mouse_Thymus4,718,41_22,0,Mouse_Thymus4
Mouse_Thymus4,719,45_31,1,Mouse_Thymus4
Mouse_Thymus4,720,58_27,5,Mouse_Thymus4
Mouse_Thymus4,721,60_35,5,Mouse_Thymus4
Mouse_Thymus4,722,28_68,0,Mouse_Thymus4
Mouse_Thymus4,723,46_16,0,Mouse_Thymus4
Mouse_Thymus4,724,18_77,1,Mouse_Thymus4
Mouse_Thymus4,725,40_18,0,Mouse_Thymus4
Mouse_Thymus4,726,25_57,0,Mouse_Thymus4
Mouse_Thymus4,727,37_53,0,Mouse_Thymus4
Mouse_Thymus4,728,11_50,5,Mouse_Thymus4
Mouse_Thymus4,729,52_84,0,Mouse_Thymus4
Mouse_Thymus4,730,58_2,1,Mouse_Thymus4
Mouse_Thymus4,731,56_113,5,Mouse_Thymus4
Mouse_Thymus4,732,59_110,5,Mouse_Thymus4
Mouse_Thymus4,733,36_58,6,Mouse_Thymus4
Mouse_Thymus4,734,37_39,9,Mouse_Thymus4
Mouse_Thymus4,735,25_87,5,Mouse_Thymus4
Mouse_Thymus4,736,55_112,5,Mouse_Thymus4
Mouse_Thymus4,737,47_5,8,Mouse_Thymus4
Mouse_Thymus4,738,13_40,1,Mouse_Thymus4
Mouse_Thymus4,739,35_26,0,Mouse_Thymus4
Mouse_Thymus4,740,59_36,1,Mouse_Thymus4
Mouse_Thymus4,741,26_43,0,Mouse_Thymus4
Mouse_Thymus4,742,58_82,5,Mouse_Thymus4
Mouse_Thymus4,743,17_75,6,Mouse_Thymus4
Mouse_Thymus4,744,6_43,5,Mouse_Thymus4
Mouse_Thymus4,745,44_75,5,Mouse_Thymus4
Mouse_Thymus4,746,14_64,1,Mouse_Thymus4
Mouse_Thymus4,747,32_20,8,Mouse_Thymus4
Mouse_Thymus4,748,26_51,0,Mouse_Thymus4
Mouse_Thymus4,749,65_10,5,Mouse_Thymus4
Mouse_Thymus4,750,19_27,8,Mouse_Thymus4
Mouse_Thymus4,751,44_110,6,Mouse_Thymus4
Mouse_Thymus4,752,35_47,1,Mouse_Thymus4
Mouse_Thymus4,753,7_53,1,Mouse_Thymus4
Mouse_Thymus4,754,53_13,1,Mouse_Thymus4
Mouse_Thymus4,755,56_7,0,Mouse_Thymus4
Mouse_Thymus4,756,52_93,0,Mouse_Thymus4
Mouse_Thymus4,757,46_86,0,Mouse_Thymus4
Mouse_Thymus4,758,44_69,5,Mouse_Thymus4
Mouse_Thymus4,759,40_49,0,Mouse_Thymus4
Mouse_Thymus4,760,17_67,6,Mouse_Thymus4
Mouse_Thymus4,761,43_77,0,Mouse_Thymus4
Mouse_Thymus4,762,20_26,6,Mouse_Thymus4
Mouse_Thymus4,763,32_46,0,Mouse_Thymus4
Mouse_Thymus4,764,17_64,0,Mouse_Thymus4
Mouse_Thymus4,765,46_34,9,Mouse_Thymus4
Mouse_Thymus4,766,51_95,0,Mouse_Thymus4
Mouse_Thymus4,767,41_41,1,Mouse_Thymus4
Mouse_Thymus4,768,47_106,5,Mouse_Thymus4
Mouse_Thymus4,769,23_26,5,Mouse_Thymus4
Mouse_Thymus4,770,55_98,6,Mouse_Thymus4
Mouse_Thymus4,771,16_49,5,Mouse_Thymus4
Mouse_Thymus4,772,30_62,0,Mouse_Thymus4
Mouse_Thymus4,773,60_85,4,Mouse_Thymus4
Mouse_Thymus4,774,39_37,6,Mouse_Thymus4
Mouse_Thymus4,775,5_43,5,Mouse_Thymus4
Mouse_Thymus4,776,16_52,6,Mouse_Thymus4
Mouse_Thymus4,777,8_56,1,Mouse_Thymus4
Mouse_Thymus4,778,38_22,0,Mouse_Thymus4
Mouse_Thymus4,779,46_78,0,Mouse_Thymus4
Mouse_Thymus4,780,48_8,1,Mouse_Thymus4
Mouse_Thymus4,781,48_113,8,Mouse_Thymus4
Mouse_Thymus4,782,38_33,0,Mouse_Thymus4
Mouse_Thymus4,783,2_49,4,Mouse_Thymus4
Mouse_Thymus4,784,22_39,0,Mouse_Thymus4
Mouse_Thymus4,785,50_29,9,Mouse_Thymus4
Mouse_Thymus4,786,52_17,1,Mouse_Thymus4
Mouse_Thymus4,787,12_45,5,Mouse_Thymus4
Mouse_Thymus4,788,27_75,1,Mouse_Thymus4
Mouse_Thymus4,789,44_32,9,Mouse_Thymus4
Mouse_Thymus4,790,53_113,0,Mouse_Thymus4
Mouse_Thymus4,791,48_30,9,Mouse_Thymus4
Mouse_Thymus4,792,37_37,1,Mouse_Thymus4
Mouse_Thymus4,793,16_65,8,Mouse_Thymus4
Mouse_Thymus4,794,57_111,1,Mouse_Thymus4
Mouse_Thymus4,795,47_107,5,Mouse_Thymus4
Mouse_Thymus4,796,36_14,8,Mouse_Thymus4
Mouse_Thymus4,797,41_21,0,Mouse_Thymus4
Mouse_Thymus4,798,46_52,9,Mouse_Thymus4
Mouse_Thymus4,799,38_96,5,Mouse_Thymus4
Mouse_Thymus4,800,46_71,6,Mouse_Thymus4
Mouse_Thymus4,801,29_28,0,Mouse_Thymus4
Mouse_Thymus4,802,43_9,5,Mouse_Thymus4
Mouse_Thymus4,803,47_82,0,Mouse_Thymus4
Mouse_Thymus4,804,42_95,1,Mouse_Thymus4
Mouse_Thymus4,805,23_32,6,Mouse_Thymus4
Mouse_Thymus4,806,51_92,0,Mouse_Thymus4
Mouse_Thymus4,807,18_52,1,Mouse_Thymus4
Mouse_Thymus4,808,33_23,1,Mouse_Thymus4
Mouse_Thymus4,809,52_91,0,Mouse_Thymus4
Mouse_Thymus4,810,48_24,1,Mouse_Thymus4
Mouse_Thymus4,811,41_20,0,Mouse_Thymus4
Mouse_Thymus4,812,22_62,0,Mouse_Thymus4
Mouse_Thymus4,813,24_43,0,Mouse_Thymus4
Mouse_Thymus4,814,48_35,5,Mouse_Thymus4
Mouse_Thymus4,815,56_82,5,Mouse_Thymus4
Mouse_Thymus4,816,63_7,5,Mouse_Thymus4
Mouse_Thymus4,817,51_90,8,Mouse_Thymus4
Mouse_Thymus4,818,12_49,1,Mouse_Thymus4
Mouse_Thymus4,819,31_84,6,Mouse_Thymus4
Mouse_Thymus4,820,51_80,5,Mouse_Thymus4
Mouse_Thymus4,821,43_7,4,Mouse_Thymus4
Mouse_Thymus4,822,29_27,0,Mouse_Thymus4
Mouse_Thymus4,823,32_36,1,Mouse_Thymus4
Mouse_Thymus4,824,3_47,9,Mouse_Thymus4
Mouse_Thymus4,825,31_37,1,Mouse_Thymus4
Mouse_Thymus4,826,44_66,4,Mouse_Thymus4
Mouse_Thymus4,827,25_53,0,Mouse_Thymus4
Mouse_Thymus4,828,51_45,9,Mouse_Thymus4
Mouse_Thymus4,829,43_50,0,Mouse_Thymus4
Mouse_Thymus4,830,43_57,5,Mouse_Thymus4
Mouse_Thymus4,831,44_93,6,Mouse_Thymus4
Mouse_Thymus4,832,60_87,8,Mouse_Thymus4
Mouse_Thymus4,833,37_59,8,Mouse_Thymus4
Mouse_Thymus4,834,60_99,1,Mouse_Thymus4
Mouse_Thymus4,835,53_77,8,Mouse_Thymus4
Mouse_Thymus4,836,40_83,5,Mouse_Thymus4
Mouse_Thymus4,837,45_104,1,Mouse_Thymus4
Mouse_Thymus4,838,51_17,6,Mouse_Thymus4
Mouse_Thymus4,839,52_45,9,Mouse_Thymus4
Mouse_Thymus4,840,54_83,5,Mouse_Thymus4
Mouse_Thymus4,841,40_39,5,Mouse_Thymus4
Mouse_Thymus4,842,34_53,6,Mouse_Thymus4
Mouse_Thymus4,843,28_28,0,Mouse_Thymus4
Mouse_Thymus4,844,24_39,0,Mouse_Thymus4
Mouse_Thymus4,845,34_21,1,Mouse_Thymus4
Mouse_Thymus4,846,13_38,1,Mouse_Thymus4
Mouse_Thymus4,847,28_66,0,Mouse_Thymus4
Mouse_Thymus4,848,23_33,1,Mouse_Thymus4
Mouse_Thymus4,849,25_81,5,Mouse_Thymus4
Mouse_Thymus4,850,60_3,5,Mouse_Thymus4
Mouse_Thymus4,851,43_20,0,Mouse_Thymus4
Mouse_Thymus4,852,32_47,0,Mouse_Thymus4
Mouse_Thymus4,853,47_93,0,Mouse_Thymus4
Mouse_Thymus4,854,40_90,5,Mouse_Thymus4
Mouse_Thymus4,855,31_65,6,Mouse_Thymus4
Mouse_Thymus4,856,41_53,0,Mouse_Thymus4
Mouse_Thymus4,857,53_94,0,Mouse_Thymus4
Mouse_Thymus4,858,28_26,6,Mouse_Thymus4
Mouse_Thymus4,859,33_28,0,Mouse_Thymus4
Mouse_Thymus4,860,51_93,0,Mouse_Thymus4
Mouse_Thymus4,861,62_31,5,Mouse_Thymus4
Mouse_Thymus4,862,53_104,0,Mouse_Thymus4
Mouse_Thymus4,863,36_69,6,Mouse_Thymus4
Mouse_Thymus4,864,62_28,1,Mouse_Thymus4
Mouse_Thymus4,865,49_11,0,Mouse_Thymus4
Mouse_Thymus4,866,44_13,6,Mouse_Thymus4
Mouse_Thymus4,867,48_83,0,Mouse_Thymus4
Mouse_Thymus4,868,42_53,0,Mouse_Thymus4
Mouse_Thymus4,869,39_32,9,Mouse_Thymus4
Mouse_Thymus4,870,15_30,9,Mouse_Thymus4
Mouse_Thymus4,871,35_43,8,Mouse_Thymus4
Mouse_Thymus4,872,50_35,1,Mouse_Thymus4
Mouse_Thymus4,873,49_97,0,Mouse_Thymus4
Mouse_Thymus4,874,38_77,8,Mouse_Thymus4
Mouse_Thymus4,875,31_18,9,Mouse_Thymus4
Mouse_Thymus4,876,42_90,5,Mouse_Thymus4
Mouse_Thymus4,877,35_75,6,Mouse_Thymus4
Mouse_Thymus4,878,15_48,9,Mouse_Thymus4
Mouse_Thymus4,879,13_55,6,Mouse_Thymus4
Mouse_Thymus4,880,28_65,0,Mouse_Thymus4
Mouse_Thymus4,881,33_89,0,Mouse_Thymus4
Mouse_Thymus4,882,27_50,0,Mouse_Thymus4
Mouse_Thymus4,883,59_27,1,Mouse_Thymus4
Mouse_Thymus4,884,24_26,5,Mouse_Thymus4
Mouse_Thymus4,885,23_51,0,Mouse_Thymus4
Mouse_Thymus4,886,32_59,1,Mouse_Thymus4
Mouse_Thymus4,887,37_87,5,Mouse_Thymus4
Mouse_Thymus4,888,43_48,0,Mouse_Thymus4
Mouse_Thymus4,889,61_27,1,Mouse_Thymus4
Mouse_Thymus4,890,35_19,5,Mouse_Thymus4
Mouse_Thymus4,891,54_119,5,Mouse_Thymus4
Mouse_Thymus4,892,49_32,1,Mouse_Thymus4
Mouse_Thymus4,893,32_66,0,Mouse_Thymus4
Mouse_Thymus4,894,55_93,1,Mouse_Thymus4
Mouse_Thymus4,895,37_83,5,Mouse_Thymus4
Mouse_Thymus4,896,25_27,8,Mouse_Thymus4
Mouse_Thymus4,897,34_48,6,Mouse_Thymus4
Mouse_Thymus4,898,51_22,5,Mouse_Thymus4
Mouse_Thymus4,899,46_102,8,Mouse_Thymus4
Mouse_Thymus4,900,40_10,9,Mouse_Thymus4
Mouse_Thymus4,901,39_34,9,Mouse_Thymus4
Mouse_Thymus4,902,45_109,5,Mouse_Thymus4
Mouse_Thymus4,903,45_19,0,Mouse_Thymus4
Mouse_Thymus4,904,34_32,9,Mouse_Thymus4
Mouse_Thymus4,905,39_93,5,Mouse_Thymus4
Mouse_Thymus4,906,54_117,1,Mouse_Thymus4
Mouse_Thymus4,907,19_46,0,Mouse_Thymus4
Mouse_Thymus4,908,42_104,1,Mouse_Thymus4
Mouse_Thymus4,909,57_1,4,Mouse_Thymus4
Mouse_Thymus4,910,19_79,5,Mouse_Thymus4
Mouse_Thymus4,911,52_22,5,Mouse_Thymus4
Mouse_Thymus4,912,63_6,5,Mouse_Thymus4
Mouse_Thymus4,913,18_47,0,Mouse_Thymus4
Mouse_Thymus4,914,33_85,0,Mouse_Thymus4
Mouse_Thymus4,915,39_69,8,Mouse_Thymus4
Mouse_Thymus4,916,12_42,1,Mouse_Thymus4
Mouse_Thymus4,917,18_67,0,Mouse_Thymus4
Mouse_Thymus4,918,44_81,0,Mouse_Thymus4
Mouse_Thymus4,919,42_78,0,Mouse_Thymus4
Mouse_Thymus4,920,47_24,1,Mouse_Thymus4
Mouse_Thymus4,921,9_55,1,Mouse_Thymus4
Mouse_Thymus4,922,30_36,1,Mouse_Thymus4
Mouse_Thymus4,923,29_34,6,Mouse_Thymus4
Mouse_Thymus4,924,39_80,5,Mouse_Thymus4
Mouse_Thymus4,925,21_53,9,Mouse_Thymus4
Mouse_Thymus4,926,33_74,9,Mouse_Thymus4
Mouse_Thymus4,927,51_102,0,Mouse_Thymus4
Mouse_Thymus4,928,60_24,5,Mouse_Thymus4
Mouse_Thymus4,929,53_89,5,Mouse_Thymus4
Mouse_Thymus4,930,47_112,1,Mouse_Thymus4
Mouse_Thymus4,931,37_79,6,Mouse_Thymus4
Mouse_Thymus4,932,38_61,0,Mouse_Thymus4
Mouse_Thymus4,933,24_48,0,Mouse_Thymus4
Mouse_Thymus4,934,13_59,1,Mouse_Thymus4
Mouse_Thymus4,935,21_52,0,Mouse_Thymus4
Mouse_Thymus4,936,24_24,9,Mouse_Thymus4
Mouse_Thymus4,937,44_94,1,Mouse_Thymus4
Mouse_Thymus4,938,46_73,6,Mouse_Thymus4
Mouse_Thymus4,939,39_14,1,Mouse_Thymus4
Mouse_Thymus4,940,17_52,6,Mouse_Thymus4
Mouse_Thymus4,941,11_61,9,Mouse_Thymus4
Mouse_Thymus4,942,13_35,1,Mouse_Thymus4
Mouse_Thymus4,943,39_49,6,Mouse_Thymus4
Mouse_Thymus4,944,58_30,5,Mouse_Thymus4
Mouse_Thymus4,945,31_82,0,Mouse_Thymus4
Mouse_Thymus4,946,9_44,1,Mouse_Thymus4
Mouse_Thymus4,947,59_2,5,Mouse_Thymus4
Mouse_Thymus4,948,50_39,1,Mouse_Thymus4
Mouse_Thymus4,949,54_33,1,Mouse_Thymus4
Mouse_Thymus4,950,57_93,5,Mouse_Thymus4
Mouse_Thymus4,951,40_52,0,Mouse_Thymus4
Mouse_Thymus4,952,6_53,8,Mouse_Thymus4
Mouse_Thymus4,953,54_22,9,Mouse_Thymus4
Mouse_Thymus4,954,49_28,9,Mouse_Thymus4
Mouse_Thymus4,955,38_75,6,Mouse_Thymus4
Mouse_Thymus4,956,50_75,5,Mouse_Thymus4
Mouse_Thymus4,957,12_38,1,Mouse_Thymus4
Mouse_Thymus4,958,42_35,1,Mouse_Thymus4
Mouse_Thymus4,959,24_74,0,Mouse_Thymus4
Mouse_Thymus4,960,11_48,1,Mouse_Thymus4
Mouse_Thymus4,961,23_24,8,Mouse_Thymus4
Mouse_Thymus4,962,50_77,5,Mouse_Thymus4
Mouse_Thymus4,963,3_44,8,Mouse_Thymus4
Mouse_Thymus4,964,34_35,9,Mouse_Thymus4
Mouse_Thymus4,965,21_66,5,Mouse_Thymus4
Mouse_Thymus4,966,44_99,5,Mouse_Thymus4
Mouse_Thymus4,967,45_102,1,Mouse_Thymus4
Mouse_Thymus4,968,25_35,0,Mouse_Thymus4
Mouse_Thymus4,969,56_86,5,Mouse_Thymus4
Mouse_Thymus4,970,61_88,5,Mouse_Thymus4
Mouse_Thymus4,971,53_25,5,Mouse_Thymus4
Mouse_Thymus4,972,25_24,1,Mouse_Thymus4
Mouse_Thymus4,973,45_35,1,Mouse_Thymus4
Mouse_Thymus4,974,43_18,6,Mouse_Thymus4
Mouse_Thymus4,975,66_2,6,Mouse_Thymus4
Mouse_Thymus4,976,34_24,0,Mouse_Thymus4
Mouse_Thymus4,977,49_111,6,Mouse_Thymus4
Mouse_Thymus4,978,20_31,1,Mouse_Thymus4
Mouse_Thymus4,979,54_81,1,Mouse_Thymus4
Mouse_Thymus4,980,16_63,9,Mouse_Thymus4
Mouse_Thymus4,981,45_86,0,Mouse_Thymus4
Mouse_Thymus4,982,28_34,0,Mouse_Thymus4
Mouse_Thymus4,983,20_46,0,Mouse_Thymus4
Mouse_Thymus4,984,56_10,5,Mouse_Thymus4
Mouse_Thymus4,985,34_84,0,Mouse_Thymus4
Mouse_Thymus4,986,43_70,1,Mouse_Thymus4
Mouse_Thymus4,987,51_32,6,Mouse_Thymus4
Mouse_Thymus4,988,16_74,1,Mouse_Thymus4
Mouse_Thymus4,989,40_61,1,Mouse_Thymus4
Mouse_Thymus4,990,50_32,1,Mouse_Thymus4
Mouse_Thymus4,991,29_31,0,Mouse_Thymus4
Mouse_Thymus4,992,61_96,5,Mouse_Thymus4
Mouse_Thymus4,993,62_101,4,Mouse_Thymus4
Mouse_Thymus4,994,26_77,1,Mouse_Thymus4
Mouse_Thymus4,995,19_80,1,Mouse_Thymus4
Mouse_Thymus4,996,43_33,1,Mouse_Thymus4
Mouse_Thymus4,997,56_9,6,Mouse_Thymus4
Mouse_Thymus4,998,49_115,8,Mouse_Thymus4
Mouse_Thymus4,999,41_33,1,Mouse_Thymus4
Mouse_Thymus4,1000,53_82,8,Mouse_Thymus4
Mouse_Thymus4,1001,43_19,0,Mouse_Thymus4
Mouse_Thymus4,1002,32_71,0,Mouse_Thymus4
Mouse_Thymus4,1003,30_68,0,Mouse_Thymus4
Mouse_Thymus4,1004,10_40,1,Mouse_Thymus4
Mouse_Thymus4,1005,22_53,6,Mouse_Thymus4
Mouse_Thymus4,1006,36_70,6,Mouse_Thymus4
Mouse_Thymus4,1007,51_8,6,Mouse_Thymus4
Mouse_Thymus4,1008,61_25,1,Mouse_Thymus4
Mouse_Thymus4,1009,24_75,6,Mouse_Thymus4
Mouse_Thymus4,1010,41_89,5,Mouse_Thymus4
Mouse_Thymus4,1011,56_22,1,Mouse_Thymus4
Mouse_Thymus4,1012,34_36,8,Mouse_Thymus4
Mouse_Thymus4,1013,27_20,5,Mouse_Thymus4
Mouse_Thymus4,1014,43_97,1,Mouse_Thymus4
Mouse_Thymus4,1015,46_82,0,Mouse_Thymus4
Mouse_Thymus4,1016,26_84,1,Mouse_Thymus4
Mouse_Thymus4,1017,26_92,5,Mouse_Thymus4
Mouse_Thymus4,1018,51_7,5,Mouse_Thymus4
Mouse_Thymus4,1019,49_49,5,Mouse_Thymus4
Mouse_Thymus4,1020,20_52,6,Mouse_Thymus4
Mouse_Thymus4,1021,35_56,6,Mouse_Thymus4
Mouse_Thymus4,1022,36_56,6,Mouse_Thymus4
Mouse_Thymus4,1023,12_43,1,Mouse_Thymus4
Mouse_Thymus4,1024,55_28,1,Mouse_Thymus4
Mouse_Thymus4,1025,20_42,0,Mouse_Thymus4
Mouse_Thymus4,1026,46_30,1,Mouse_Thymus4
Mouse_Thymus4,1027,34_89,0,Mouse_Thymus4
Mouse_Thymus4,1028,41_74,6,Mouse_Thymus4
Mouse_Thymus4,1029,42_50,0,Mouse_Thymus4
Mouse_Thymus4,1030,48_28,6,Mouse_Thymus4
Mouse_Thymus4,1031,38_56,6,Mouse_Thymus4
Mouse_Thymus4,1032,26_76,9,Mouse_Thymus4
Mouse_Thymus4,1033,10_38,1,Mouse_Thymus4
Mouse_Thymus4,1034,8_38,1,Mouse_Thymus4
Mouse_Thymus4,1035,14_33,1,Mouse_Thymus4
Mouse_Thymus4,1036,7_38,1,Mouse_Thymus4
Mouse_Thymus4,1037,40_44,1,Mouse_Thymus4
Mouse_Thymus4,1038,57_112,5,Mouse_Thymus4
Mouse_Thymus4,1039,36_62,6,Mouse_Thymus4
Mouse_Thymus4,1040,10_36,1,Mouse_Thymus4
Mouse_Thymus4,1041,68_3,8,Mouse_Thymus4
Mouse_Thymus4,1042,53_95,0,Mouse_Thymus4
Mouse_Thymus4,1043,7_60,5,Mouse_Thymus4
Mouse_Thymus4,1044,48_39,5,Mouse_Thymus4
Mouse_Thymus4,1045,52_105,0,Mouse_Thymus4
Mouse_Thymus4,1046,35_20,5,Mouse_Thymus4
Mouse_Thymus4,1047,32_51,0,Mouse_Thymus4
Mouse_Thymus4,1048,33_53,0,Mouse_Thymus4
Mouse_Thymus4,1049,44_73,5,Mouse_Thymus4
Mouse_Thymus4,1050,7_41,5,Mouse_Thymus4
Mouse_Thymus4,1051,10_48,1,Mouse_Thymus4
Mouse_Thymus4,1052,43_42,5,Mouse_Thymus4
Mouse_Thymus4,1053,28_21,6,Mouse_Thymus4
Mouse_Thymus4,1054,16_54,8,Mouse_Thymus4
Mouse_Thymus4,1055,41_47,9,Mouse_Thymus4
Mouse_Thymus4,1056,63_23,8,Mouse_Thymus4
Mouse_Thymus4,1057,45_68,4,Mouse_Thymus4
Mouse_Thymus4,1058,54_78,6,Mouse_Thymus4
Mouse_Thymus4,1059,58_3,5,Mouse_Thymus4
Mouse_Thymus4,1060,33_83,0,Mouse_Thymus4
Mouse_Thymus4,1061,66_9,1,Mouse_Thymus4
Mouse_Thymus4,1062,30_66,9,Mouse_Thymus4
Mouse_Thymus4,1063,31_96,5,Mouse_Thymus4
Mouse_Thymus4,1064,38_42,1,Mouse_Thymus4
Mouse_Thymus4,1065,54_107,0,Mouse_Thymus4
Mouse_Thymus4,1066,48_92,0,Mouse_Thymus4
Mouse_Thymus4,1067,44_102,1,Mouse_Thymus4
Mouse_Thymus4,1068,32_58,6,Mouse_Thymus4
Mouse_Thymus4,1069,18_28,9,Mouse_Thymus4
Mouse_Thymus4,1070,42_76,0,Mouse_Thymus4
Mouse_Thymus4,1071,42_27,0,Mouse_Thymus4
Mouse_Thymus4,1072,53_3,9,Mouse_Thymus4
Mouse_Thymus4,1073,13_57,1,Mouse_Thymus4
Mouse_Thymus4,1074,51_6,5,Mouse_Thymus4
Mouse_Thymus4,1075,36_19,1,Mouse_Thymus4
Mouse_Thymus4,1076,55_79,5,Mouse_Thymus4
Mouse_Thymus4,1077,36_27,0,Mouse_Thymus4
Mouse_Thymus4,1078,51_109,0,Mouse_Thymus4
Mouse_Thymus4,1079,59_16,1,Mouse_Thymus4
Mouse_Thymus4,1080,45_28,1,Mouse_Thymus4
Mouse_Thymus4,1081,32_40,1,Mouse_Thymus4
Mouse_Thymus4,1082,30_37,9,Mouse_Thymus4
Mouse_Thymus4,1083,32_90,5,Mouse_Thymus4
Mouse_Thymus4,1084,9_52,5,Mouse_Thymus4
Mouse_Thymus4,1085,43_95,1,Mouse_Thymus4
Mouse_Thymus4,1086,39_24,0,Mouse_Thymus4
Mouse_Thymus4,1087,27_31,0,Mouse_Thymus4
Mouse_Thymus4,1088,8_50,1,Mouse_Thymus4
Mouse_Thymus4,1089,55_3,5,Mouse_Thymus4
Mouse_Thymus4,1090,52_89,0,Mouse_Thymus4
Mouse_Thymus4,1091,56_24,1,Mouse_Thymus4
Mouse_Thymus4,1092,4_41,8,Mouse_Thymus4
Mouse_Thymus4,1093,44_83,0,Mouse_Thymus4
Mouse_Thymus4,1094,40_79,6,Mouse_Thymus4
Mouse_Thymus4,1095,42_52,0,Mouse_Thymus4
Mouse_Thymus4,1096,8_63,5,Mouse_Thymus4
Mouse_Thymus4,1097,10_41,5,Mouse_Thymus4
Mouse_Thymus4,1098,14_61,9,Mouse_Thymus4
Mouse_Thymus4,1099,24_65,0,Mouse_Thymus4
Mouse_Thymus4,1100,34_23,8,Mouse_Thymus4
Mouse_Thymus4,1101,17_70,8,Mouse_Thymus4
Mouse_Thymus4,1102,27_76,8,Mouse_Thymus4
Mouse_Thymus4,1103,44_49,0,Mouse_Thymus4
Mouse_Thymus4,1104,49_90,0,Mouse_Thymus4
Mouse_Thymus4,1105,24_22,5,Mouse_Thymus4
Mouse_Thymus4,1106,62_9,1,Mouse_Thymus4
Mouse_Thymus4,1107,25_84,8,Mouse_Thymus4
Mouse_Thymus4,1108,45_72,8,Mouse_Thymus4
Mouse_Thymus4,1109,52_98,0,Mouse_Thymus4
Mouse_Thymus4,1110,31_83,6,Mouse_Thymus4
Mouse_Thymus4,1111,30_73,6,Mouse_Thymus4
Mouse_Thymus4,1112,60_20,4,Mouse_Thymus4
Mouse_Thymus4,1113,19_49,0,Mouse_Thymus4
Mouse_Thymus4,1114,42_19,0,Mouse_Thymus4
Mouse_Thymus4,1115,59_33,1,Mouse_Thymus4
Mouse_Thymus4,1116,28_49,0,Mouse_Thymus4
Mouse_Thymus4,1117,25_60,0,Mouse_Thymus4
Mouse_Thymus4,1118,32_74,9,Mouse_Thymus4
Mouse_Thymus4,1119,51_5,5,Mouse_Thymus4
Mouse_Thymus4,1120,32_50,0,Mouse_Thymus4
Mouse_Thymus4,1121,47_89,6,Mouse_Thymus4
Mouse_Thymus4,1122,57_89,1,Mouse_Thymus4
Mouse_Thymus4,1123,17_32,1,Mouse_Thymus4
Mouse_Thymus4,1124,31_46,0,Mouse_Thymus4
Mouse_Thymus4,1125,51_115,1,Mouse_Thymus4
Mouse_Thymus4,1126,47_111,5,Mouse_Thymus4
Mouse_Thymus4,1127,55_91,5,Mouse_Thymus4
Mouse_Thymus4,1128,51_86,0,Mouse_Thymus4
Mouse_Thymus4,1129,28_89,8,Mouse_Thymus4
Mouse_Thymus4,1130,18_75,5,Mouse_Thymus4
Mouse_Thymus4,1131,49_41,5,Mouse_Thymus4
Mouse_Thymus4,1132,32_54,0,Mouse_Thymus4
Mouse_Thymus4,1133,41_85,1,Mouse_Thymus4
Mouse_Thymus4,1134,47_30,9,Mouse_Thymus4
Mouse_Thymus4,1135,12_59,9,Mouse_Thymus4
Mouse_Thymus4,1136,32_76,6,Mouse_Thymus4
Mouse_Thymus4,1137,51_108,0,Mouse_Thymus4
Mouse_Thymus4,1138,49_77,1,Mouse_Thymus4
Mouse_Thymus4,1139,18_33,1,Mouse_Thymus4
Mouse_Thymus4,1140,52_87,6,Mouse_Thymus4
Mouse_Thymus4,1141,22_29,1,Mouse_Thymus4
Mouse_Thymus4,1142,36_47,5,Mouse_Thymus4
Mouse_Thymus4,1143,14_39,9,Mouse_Thymus4
Mouse_Thymus4,1144,44_101,1,Mouse_Thymus4
Mouse_Thymus4,1145,43_45,1,Mouse_Thymus4
Mouse_Thymus4,1146,31_21,1,Mouse_Thymus4
Mouse_Thymus4,1147,41_65,6,Mouse_Thymus4
Mouse_Thymus4,1148,17_56,5,Mouse_Thymus4
Mouse_Thymus4,1149,8_42,1,Mouse_Thymus4
Mouse_Thymus4,1150,56_15,8,Mouse_Thymus4
Mouse_Thymus4,1151,44_38,1,Mouse_Thymus4
Mouse_Thymus4,1152,30_27,0,Mouse_Thymus4
Mouse_Thymus4,1153,52_24,9,Mouse_Thymus4
Mouse_Thymus4,1154,46_31,1,Mouse_Thymus4
Mouse_Thymus4,1155,36_46,5,Mouse_Thymus4
Mouse_Thymus4,1156,33_39,1,Mouse_Thymus4
Mouse_Thymus4,1157,52_37,1,Mouse_Thymus4
Mouse_Thymus4,1158,15_62,5,Mouse_Thymus4
Mouse_Thymus4,1159,6_41,5,Mouse_Thymus4
Mouse_Thymus4,1160,58_96,5,Mouse_Thymus4
Mouse_Thymus4,1161,35_89,6,Mouse_Thymus4
Mouse_Thymus4,1162,56_25,1,Mouse_Thymus4
Mouse_Thymus4,1163,52_46,1,Mouse_Thymus4
Mouse_Thymus4,1164,36_63,8,Mouse_Thymus4
Mouse_Thymus4,1165,16_68,1,Mouse_Thymus4
Mouse_Thymus4,1166,50_34,1,Mouse_Thymus4
Mouse_Thymus4,1167,42_89,9,Mouse_Thymus4
Mouse_Thymus4,1168,47_95,0,Mouse_Thymus4
Mouse_Thymus4,1169,21_73,5,Mouse_Thymus4
Mouse_Thymus4,1170,46_46,6,Mouse_Thymus4
Mouse_Thymus4,1171,28_20,9,Mouse_Thymus4
Mouse_Thymus4,1172,33_33,1,Mouse_Thymus4
Mouse_Thymus4,1173,55_108,6,Mouse_Thymus4
Mouse_Thymus4,1174,37_89,5,Mouse_Thymus4
Mouse_Thymus4,1175,60_86,5,Mouse_Thymus4
Mouse_Thymus4,1176,31_39,8,Mouse_Thymus4
Mouse_Thymus4,1177,62_27,1,Mouse_Thymus4
Mouse_Thymus4,1178,56_88,5,Mouse_Thymus4
Mouse_Thymus4,1179,25_61,0,Mouse_Thymus4
Mouse_Thymus4,1180,45_41,1,Mouse_Thymus4
Mouse_Thymus4,1181,47_83,0,Mouse_Thymus4
Mouse_Thymus4,1182,48_34,1,Mouse_Thymus4
Mouse_Thymus4,1183,55_24,8,Mouse_Thymus4
Mouse_Thymus4,1184,41_86,9,Mouse_Thymus4
Mouse_Thymus4,1185,43_64,5,Mouse_Thymus4
Mouse_Thymus4,1186,52_5,8,Mouse_Thymus4
Mouse_Thymus4,1187,48_19,6,Mouse_Thymus4
Mouse_Thymus4,1188,20_80,5,Mouse_Thymus4
Mouse_Thymus4,1189,50_74,1,Mouse_Thymus4
Mouse_Thymus4,1190,33_54,0,Mouse_Thymus4
Mouse_Thymus4,1191,56_34,6,Mouse_Thymus4
Mouse_Thymus4,1192,32_75,8,Mouse_Thymus4
Mouse_Thymus4,1193,53_91,0,Mouse_Thymus4
Mouse_Thymus4,1194,49_22,9,Mouse_Thymus4
Mouse_Thymus4,1195,25_63,6,Mouse_Thymus4
Mouse_Thymus4,1196,64_30,5,Mouse_Thymus4
Mouse_Thymus4,1197,51_12,6,Mouse_Thymus4
Mouse_Thymus4,1198,63_30,5,Mouse_Thymus4
Mouse_Thymus4,1199,2_57,1,Mouse_Thymus4
Mouse_Thymus4,1200,38_72,6,Mouse_Thymus4
Mouse_Thymus4,1201,52_115,8,Mouse_Thymus4
Mouse_Thymus4,1202,40_15,1,Mouse_Thymus4
Mouse_Thymus4,1203,28_74,6,Mouse_Thymus4
Mouse_Thymus4,1204,41_14,5,Mouse_Thymus4
Mouse_Thymus4,1205,22_56,1,Mouse_Thymus4
Mouse_Thymus4,1206,28_24,1,Mouse_Thymus4
Mouse_Thymus4,1207,53_8,0,Mouse_Thymus4
Mouse_Thymus4,1208,35_33,0,Mouse_Thymus4
Mouse_Thymus4,1209,27_66,0,Mouse_Thymus4
Mouse_Thymus4,1210,13_52,1,Mouse_Thymus4
Mouse_Thymus4,1211,32_56,6,Mouse_Thymus4
Mouse_Thymus4,1212,50_96,0,Mouse_Thymus4
Mouse_Thymus4,1213,48_15,0,Mouse_Thymus4
Mouse_Thymus4,1214,29_29,0,Mouse_Thymus4
Mouse_Thymus4,1215,21_37,0,Mouse_Thymus4
Mouse_Thymus4,1216,60_1,9,Mouse_Thymus4
Mouse_Thymus4,1217,46_97,0,Mouse_Thymus4
Mouse_Thymus4,1218,41_87,5,Mouse_Thymus4
Mouse_Thymus4,1219,4_55,1,Mouse_Thymus4
Mouse_Thymus4,1220,60_12,1,Mouse_Thymus4
Mouse_Thymus4,1221,42_47,0,Mouse_Thymus4
Mouse_Thymus4,1222,58_102,1,Mouse_Thymus4
Mouse_Thymus4,1223,39_97,1,Mouse_Thymus4
Mouse_Thymus4,1224,61_97,5,Mouse_Thymus4
Mouse_Thymus4,1225,49_23,1,Mouse_Thymus4
Mouse_Thymus4,1226,49_36,1,Mouse_Thymus4
Mouse_Thymus4,1227,21_36,9,Mouse_Thymus4
Mouse_Thymus4,1228,35_61,9,Mouse_Thymus4
Mouse_Thymus4,1229,54_38,1,Mouse_Thymus4
Mouse_Thymus4,1230,6_47,1,Mouse_Thymus4
Mouse_Thymus4,1231,68_2,5,Mouse_Thymus4
Mouse_Thymus4,1232,32_73,6,Mouse_Thymus4
Mouse_Thymus4,1233,50_49,1,Mouse_Thymus4
Mouse_Thymus4,1234,41_55,0,Mouse_Thymus4
Mouse_Thymus4,1235,43_43,5,Mouse_Thymus4
Mouse_Thymus4,1236,49_76,6,Mouse_Thymus4
Mouse_Thymus4,1237,57_41,4,Mouse_Thymus4
Mouse_Thymus4,1238,53_97,0,Mouse_Thymus4
Mouse_Thymus4,1239,37_35,6,Mouse_Thymus4
Mouse_Thymus4,1240,14_52,6,Mouse_Thymus4
Mouse_Thymus4,1241,30_86,6,Mouse_Thymus4
Mouse_Thymus4,1242,29_44,6,Mouse_Thymus4
Mouse_Thymus4,1243,50_45,1,Mouse_Thymus4
Mouse_Thymus4,1244,23_85,1,Mouse_Thymus4
Mouse_Thymus4,1245,33_43,9,Mouse_Thymus4
Mouse_Thymus4,1246,58_32,1,Mouse_Thymus4
Mouse_Thymus4,1247,47_19,0,Mouse_Thymus4
Mouse_Thymus4,1248,34_87,6,Mouse_Thymus4
Mouse_Thymus4,1249,29_89,1,Mouse_Thymus4
Mouse_Thymus4,1250,24_28,1,Mouse_Thymus4
Mouse_Thymus4,1251,63_24,5,Mouse_Thymus4
Mouse_Thymus4,1252,48_110,5,Mouse_Thymus4
Mouse_Thymus4,1253,47_37,5,Mouse_Thymus4
Mouse_Thymus4,1254,48_29,1,Mouse_Thymus4
Mouse_Thymus4,1255,33_87,6,Mouse_Thymus4
Mouse_Thymus4,1256,31_71,0,Mouse_Thymus4
Mouse_Thymus4,1257,27_26,1,Mouse_Thymus4
Mouse_Thymus4,1258,37_62,9,Mouse_Thymus4
Mouse_Thymus4,1259,31_40,1,Mouse_Thymus4
Mouse_Thymus4,1260,40_77,0,Mouse_Thymus4
Mouse_Thymus4,1261,62_94,5,Mouse_Thymus4
Mouse_Thymus4,1262,33_41,9,Mouse_Thymus4
Mouse_Thymus4,1263,59_38,5,Mouse_Thymus4
Mouse_Thymus4,1264,31_48,6,Mouse_Thymus4
Mouse_Thymus4,1265,58_13,8,Mouse_Thymus4
Mouse_Thymus4,1266,28_85,5,Mouse_Thymus4
Mouse_Thymus4,1267,3_51,8,Mouse_Thymus4
Mouse_Thymus4,1268,48_10,6,Mouse_Thymus4
Mouse_Thymus4,1269,61_11,8,Mouse_Thymus4
Mouse_Thymus4,1270,12_57,1,Mouse_Thymus4
Mouse_Thymus4,1271,30_31,9,Mouse_Thymus4
Mouse_Thymus4,1272,46_107,1,Mouse_Thymus4
Mouse_Thymus4,1273,52_7,1,Mouse_Thymus4
Mouse_Thymus4,1274,7_59,5,Mouse_Thymus4
Mouse_Thymus4,1275,55_101,6,Mouse_Thymus4
Mouse_Thymus4,1276,60_109,8,Mouse_Thymus4
Mouse_Thymus4,1277,34_37,1,Mouse_Thymus4
Mouse_Thymus4,1278,53_38,8,Mouse_Thymus4
Mouse_Thymus4,1279,25_30,6,Mouse_Thymus4
Mouse_Thymus4,1280,37_63,0,Mouse_Thymus4
Mouse_Thymus4,1281,33_17,9,Mouse_Thymus4
Mouse_Thymus4,1282,46_110,5,Mouse_Thymus4
Mouse_Thymus4,1283,5_41,1,Mouse_Thymus4
Mouse_Thymus4,1284,56_85,5,Mouse_Thymus4
Mouse_Thymus4,1285,49_86,0,Mouse_Thymus4
Mouse_Thymus4,1286,60_36,5,Mouse_Thymus4
Mouse_Thymus4,1287,14_34,8,Mouse_Thymus4
Mouse_Thymus4,1288,60_104,5,Mouse_Thymus4
Mouse_Thymus4,1289,29_40,6,Mouse_Thymus4
Mouse_Thymus4,1290,12_48,9,Mouse_Thymus4
Mouse_Thymus4,1291,18_70,9,Mouse_Thymus4
Mouse_Thymus4,1292,47_104,6,Mouse_Thymus4
Mouse_Thymus4,1293,55_114,6,Mouse_Thymus4
Mouse_Thymus4,1294,36_83,6,Mouse_Thymus4
Mouse_Thymus4,1295,27_38,0,Mouse_Thymus4
Mouse_Thymus4,1296,57_36,1,Mouse_Thymus4
Mouse_Thymus4,1297,49_21,1,Mouse_Thymus4
Mouse_Thymus4,1298,33_75,5,Mouse_Thymus4
Mouse_Thymus4,1299,19_29,9,Mouse_Thymus4
Mouse_Thymus4,1300,59_111,8,Mouse_Thymus4
Mouse_Thymus4,1301,35_29,1,Mouse_Thymus4
Mouse_Thymus4,1302,56_40,5,Mouse_Thymus4
Mouse_Thymus4,1303,33_20,1,Mouse_Thymus4
Mouse_Thymus4,1304,10_34,5,Mouse_Thymus4
Mouse_Thymus4,1305,15_44,5,Mouse_Thymus4
Mouse_Thymus4,1306,12_52,9,Mouse_Thymus4
Mouse_Thymus4,1307,63_1,6,Mouse_Thymus4
Mouse_Thymus4,1308,51_82,6,Mouse_Thymus4
Mouse_Thymus4,1309,54_26,1,Mouse_Thymus4
Mouse_Thymus4,1310,17_77,5,Mouse_Thymus4
Mouse_Thymus4,1311,53_119,5,Mouse_Thymus4
Mouse_Thymus4,1312,33_92,5,Mouse_Thymus4
Mouse_Thymus4,1313,54_3,8,Mouse_Thymus4
Mouse_Thymus4,1314,65_4,6,Mouse_Thymus4
Mouse_Thymus4,1315,41_80,0,Mouse_Thymus4
Mouse_Thymus4,1316,55_118,8,Mouse_Thymus4
Mouse_Thymus4,1317,63_3,1,Mouse_Thymus4
Mouse_Thymus4,1318,19_81,5,Mouse_Thymus4
Mouse_Thymus4,1319,52_18,5,Mouse_Thymus4
Mouse_Thymus4,1320,49_46,1,Mouse_Thymus4
Mouse_Thymus4,1321,47_21,0,Mouse_Thymus4
Mouse_Thymus4,1322,43_96,5,Mouse_Thymus4
Mouse_Thymus4,1323,62_6,5,Mouse_Thymus4
Mouse_Thymus4,1324,2_55,1,Mouse_Thymus4
Mouse_Thymus4,1325,36_61,6,Mouse_Thymus4
Mouse_Thymus4,1326,42_73,0,Mouse_Thymus4
Mouse_Thymus4,1327,49_13,0,Mouse_Thymus4
Mouse_Thymus4,1328,45_46,1,Mouse_Thymus4
Mouse_Thymus4,1329,15_66,1,Mouse_Thymus4
Mouse_Thymus4,1330,26_57,0,Mouse_Thymus4
Mouse_Thymus4,1331,52_77,5,Mouse_Thymus4
Mouse_Thymus4,1332,37_30,0,Mouse_Thymus4
Mouse_Thymus4,1333,28_59,0,Mouse_Thymus4
Mouse_Thymus4,1334,44_31,1,Mouse_Thymus4
Mouse_Thymus4,1335,45_83,0,Mouse_Thymus4
Mouse_Thymus4,1336,55_102,5,Mouse_Thymus4
Mouse_Thymus4,1337,46_38,1,Mouse_Thymus4
Mouse_Thymus4,1338,26_28,8,Mouse_Thymus4
Mouse_Thymus4,1339,52_83,0,Mouse_Thymus4
Mouse_Thymus4,1340,65_6,1,Mouse_Thymus4
Mouse_Thymus4,1341,28_73,5,Mouse_Thymus4
Mouse_Thymus4,1342,70_0,5,Mouse_Thymus4
Mouse_Thymus4,1343,40_12,8,Mouse_Thymus4
Mouse_Thymus4,1344,40_102,4,Mouse_Thymus4
Mouse_Thymus4,1345,56_5,1,Mouse_Thymus4
Mouse_Thymus4,1346,28_55,0,Mouse_Thymus4
Mouse_Thymus4,1347,58_5,0,Mouse_Thymus4
Mouse_Thymus4,1348,22_83,1,Mouse_Thymus4
Mouse_Thymus4,1349,47_46,6,Mouse_Thymus4
Mouse_Thymus4,1350,48_72,9,Mouse_Thymus4
Mouse_Thymus4,1351,9_45,1,Mouse_Thymus4
Mouse_Thymus4,1352,47_97,0,Mouse_Thymus4
Mouse_Thymus4,1353,43_91,5,Mouse_Thymus4
Mouse_Thymus4,1354,5_50,1,Mouse_Thymus4
Mouse_Thymus4,1355,15_56,8,Mouse_Thymus4
Mouse_Thymus4,1356,41_26,0,Mouse_Thymus4
Mouse_Thymus4,1357,52_38,1,Mouse_Thymus4
Mouse_Thymus4,1358,25_40,0,Mouse_Thymus4
Mouse_Thymus4,1359,29_21,5,Mouse_Thymus4
Mouse_Thymus4,1360,50_9,0,Mouse_Thymus4
Mouse_Thymus4,1361,29_86,5,Mouse_Thymus4
Mouse_Thymus4,1362,56_28,1,Mouse_Thymus4
Mouse_Thymus4,1363,48_21,9,Mouse_Thymus4
Mouse_Thymus4,1364,48_3,4,Mouse_Thymus4
Mouse_Thymus4,1365,10_35,1,Mouse_Thymus4
Mouse_Thymus4,1366,48_16,6,Mouse_Thymus4
Mouse_Thymus4,1367,50_83,0,Mouse_Thymus4
Mouse_Thymus4,1368,59_108,5,Mouse_Thymus4
Mouse_Thymus4,1369,14_50,5,Mouse_Thymus4
Mouse_Thymus4,1370,9_54,1,Mouse_Thymus4
Mouse_Thymus4,1371,58_26,5,Mouse_Thymus4
Mouse_Thymus4,1372,64_11,5,Mouse_Thymus4
Mouse_Thymus4,1373,55_25,1,Mouse_Thymus4
Mouse_Thymus4,1374,45_22,6,Mouse_Thymus4
Mouse_Thymus4,1375,44_87,0,Mouse_Thymus4
Mouse_Thymus4,1376,20_50,6,Mouse_Thymus4
Mouse_Thymus4,1377,44_88,6,Mouse_Thymus4
Mouse_Thymus4,1378,38_43,1,Mouse_Thymus4
Mouse_Thymus4,1379,28_67,0,Mouse_Thymus4
Mouse_Thymus4,1380,22_75,0,Mouse_Thymus4
Mouse_Thymus4,1381,51_113,6,Mouse_Thymus4
Mouse_Thymus4,1382,48_112,5,Mouse_Thymus4
Mouse_Thymus4,1383,37_48,5,Mouse_Thymus4
Mouse_Thymus4,1384,15_37,8,Mouse_Thymus4
Mouse_Thymus4,1385,59_9,0,Mouse_Thymus4
Mouse_Thymus4,1386,49_10,0,Mouse_Thymus4
Mouse_Thymus4,1387,46_42,9,Mouse_Thymus4
Mouse_Thymus4,1388,42_86,9,Mouse_Thymus4
Mouse_Thymus4,1389,5_61,5,Mouse_Thymus4
Mouse_Thymus4,1390,48_82,0,Mouse_Thymus4
Mouse_Thymus4,1391,51_94,0,Mouse_Thymus4
Mouse_Thymus4,1392,41_59,6,Mouse_Thymus4
Mouse_Thymus4,1393,21_29,1,Mouse_Thymus4
Mouse_Thymus4,1394,21_45,0,Mouse_Thymus4
Mouse_Thymus4,1395,37_93,5,Mouse_Thymus4
Mouse_Thymus4,1396,44_25,9,Mouse_Thymus4
Mouse_Thymus4,1397,45_13,0,Mouse_Thymus4
Mouse_Thymus4,1398,38_71,6,Mouse_Thymus4
Mouse_Thymus4,1399,44_20,0,Mouse_Thymus4
Mouse_Thymus4,1400,7_37,5,Mouse_Thymus4
Mouse_Thymus4,1401,30_92,5,Mouse_Thymus4
Mouse_Thymus4,1402,43_108,4,Mouse_Thymus4
Mouse_Thymus4,1403,23_27,5,Mouse_Thymus4
Mouse_Thymus4,1404,24_68,0,Mouse_Thymus4
Mouse_Thymus4,1405,33_65,6,Mouse_Thymus4
Mouse_Thymus4,1406,25_43,0,Mouse_Thymus4
Mouse_Thymus4,1407,57_98,5,Mouse_Thymus4
Mouse_Thymus4,1408,28_62,0,Mouse_Thymus4
Mouse_Thymus4,1409,51_42,9,Mouse_Thymus4
Mouse_Thymus4,1410,38_31,0,Mouse_Thymus4
Mouse_Thymus4,1411,10_62,1,Mouse_Thymus4
Mouse_Thymus4,1412,44_108,5,Mouse_Thymus4
Mouse_Thymus4,1413,50_79,5,Mouse_Thymus4
Mouse_Thymus4,1414,38_39,9,Mouse_Thymus4
Mouse_Thymus4,1415,46_17,0,Mouse_Thymus4
Mouse_Thymus4,1416,41_13,5,Mouse_Thymus4
Mouse_Thymus4,1417,53_106,0,Mouse_Thymus4
Mouse_Thymus4,1418,14_47,1,Mouse_Thymus4
Mouse_Thymus4,1419,54_92,6,Mouse_Thymus4
Mouse_Thymus4,1420,6_45,5,Mouse_Thymus4
Mouse_Thymus4,1421,33_24,9,Mouse_Thymus4
Mouse_Thymus4,1422,46_7,5,Mouse_Thymus4
Mouse_Thymus4,1423,45_24,1,Mouse_Thymus4
Mouse_Thymus4,1424,0_54,5,Mouse_Thymus4
Mouse_Thymus4,1425,63_8,5,Mouse_Thymus4
Mouse_Thymus4,1426,36_18,1,Mouse_Thymus4
Mouse_Thymus4,1427,62_99,5,Mouse_Thymus4
Mouse_Thymus4,1428,26_22,9,Mouse_Thymus4
Mouse_Thymus4,1429,28_79,5,Mouse_Thymus4
Mouse_Thymus4,1430,39_92,5,Mouse_Thymus4
Mouse_Thymus4,1431,20_82,5,Mouse_Thymus4
Mouse_Thymus4,1432,14_32,5,Mouse_Thymus4
Mouse_Thymus4,1433,19_57,8,Mouse_Thymus4
Mouse_Thymus4,1434,48_86,0,Mouse_Thymus4
Mouse_Thymus4,1435,55_34,1,Mouse_Thymus4
Mouse_Thymus4,1436,30_82,0,Mouse_Thymus4
Mouse_Thymus4,1437,52_104,0,Mouse_Thymus4
Mouse_Thymus4,1438,29_91,5,Mouse_Thymus4
Mouse_Thymus4,1439,48_79,8,Mouse_Thymus4
Mouse_Thymus4,1440,40_72,6,Mouse_Thymus4
Mouse_Thymus4,1441,30_55,0,Mouse_Thymus4
Mouse_Thymus4,1442,25_52,0,Mouse_Thymus4
Mouse_Thymus4,1443,60_37,4,Mouse_Thymus4
Mouse_Thymus4,1444,25_25,1,Mouse_Thymus4
Mouse_Thymus4,1445,58_92,5,Mouse_Thymus4
Mouse_Thymus4,1446,16_36,1,Mouse_Thymus4
Mouse_Thymus4,1447,36_55,5,Mouse_Thymus4
Mouse_Thymus4,1448,15_46,6,Mouse_Thymus4
Mouse_Thymus4,1449,18_42,0,Mouse_Thymus4
Mouse_Thymus4,1450,9_58,8,Mouse_Thymus4
Mouse_Thymus4,1451,42_13,1,Mouse_Thymus4
Mouse_Thymus4,1452,51_78,5,Mouse_Thymus4
Mouse_Thymus4,1453,5_60,5,Mouse_Thymus4
Mouse_Thymus4,1454,35_32,0,Mouse_Thymus4
Mouse_Thymus4,1455,29_30,0,Mouse_Thymus4
Mouse_Thymus4,1456,59_6,0,Mouse_Thymus4
Mouse_Thymus4,1457,47_29,1,Mouse_Thymus4
Mouse_Thymus4,1458,55_6,0,Mouse_Thymus4
Mouse_Thymus4,1459,39_68,0,Mouse_Thymus4
Mouse_Thymus4,1460,36_44,9,Mouse_Thymus4
Mouse_Thymus4,1461,4_46,8,Mouse_Thymus4
Mouse_Thymus4,1462,46_54,4,Mouse_Thymus4
Mouse_Thymus4,1463,19_76,1,Mouse_Thymus4
Mouse_Thymus4,1464,48_31,9,Mouse_Thymus4
Mouse_Thymus4,1465,33_15,4,Mouse_Thymus4
Mouse_Thymus4,1466,45_87,0,Mouse_Thymus4
Mouse_Thymus4,1467,40_58,0,Mouse_Thymus4
Mouse_Thymus4,1468,33_63,6,Mouse_Thymus4
Mouse_Thymus4,1469,44_78,0,Mouse_Thymus4
Mouse_Thymus4,1470,41_61,5,Mouse_Thymus4
Mouse_Thymus4,1471,59_89,5,Mouse_Thymus4
Mouse_Thymus4,1472,48_74,5,Mouse_Thymus4
Mouse_Thymus4,1473,29_47,6,Mouse_Thymus4
Mouse_Thymus4,1474,5_51,9,Mouse_Thymus4
Mouse_Thymus4,1475,26_26,1,Mouse_Thymus4
Mouse_Thymus4,1476,36_51,6,Mouse_Thymus4
Mouse_Thymus4,1477,57_99,8,Mouse_Thymus4
Mouse_Thymus4,1478,23_70,0,Mouse_Thymus4
Mouse_Thymus4,1479,48_52,4,Mouse_Thymus4
Mouse_Thymus4,1480,51_104,0,Mouse_Thymus4
Mouse_Thymus4,1481,25_86,8,Mouse_Thymus4
Mouse_Thymus4,1482,36_72,6,Mouse_Thymus4
Mouse_Thymus4,1483,53_98,0,Mouse_Thymus4
Mouse_Thymus4,1484,45_50,0,Mouse_Thymus4
Mouse_Thymus4,1485,17_68,5,Mouse_Thymus4
Mouse_Thymus4,1486,22_36,9,Mouse_Thymus4
Mouse_Thymus4,1487,26_79,6,Mouse_Thymus4
Mouse_Thymus4,1488,29_79,0,Mouse_Thymus4
Mouse_Thymus4,1489,32_41,0,Mouse_Thymus4
Mouse_Thymus4,1490,45_105,5,Mouse_Thymus4
Mouse_Thymus4,1491,42_64,1,Mouse_Thymus4
Mouse_Thymus4,1492,19_73,5,Mouse_Thymus4
Mouse_Thymus4,1493,39_61,6,Mouse_Thymus4
Mouse_Thymus4,1494,49_73,9,Mouse_Thymus4
Mouse_Thymus4,1495,20_76,1,Mouse_Thymus4
Mouse_Thymus4,1496,13_69,4,Mouse_Thymus4
Mouse_Thymus4,1497,42_14,5,Mouse_Thymus4
Mouse_Thymus4,1498,30_58,0,Mouse_Thymus4
Mouse_Thymus4,1499,37_95,1,Mouse_Thymus4
Mouse_Thymus4,1500,6_46,1,Mouse_Thymus4
Mouse_Thymus4,1501,9_50,5,Mouse_Thymus4
Mouse_Thymus4,1502,32_92,8,Mouse_Thymus4
Mouse_Thymus4,1503,31_29,0,Mouse_Thymus4
Mouse_Thymus4,1504,21_68,5,Mouse_Thymus4
Mouse_Thymus4,1505,37_57,5,Mouse_Thymus4
Mouse_Thymus4,1506,56_84,5,Mouse_Thymus4
Mouse_Thymus4,1507,30_48,5,Mouse_Thymus4
Mouse_Thymus4,1508,40_22,0,Mouse_Thymus4
Mouse_Thymus4,1509,41_56,0,Mouse_Thymus4
Mouse_Thymus4,1510,46_44,8,Mouse_Thymus4
Mouse_Thymus4,1511,16_73,1,Mouse_Thymus4
Mouse_Thymus4,1512,8_58,9,Mouse_Thymus4
Mouse_Thymus4,1513,51_37,1,Mouse_Thymus4
Mouse_Thymus4,1514,20_79,1,Mouse_Thymus4
Mouse_Thymus4,1515,21_75,0,Mouse_Thymus4
Mouse_Thymus4,1516,31_17,4,Mouse_Thymus4
Mouse_Thymus4,1517,1_58,5,Mouse_Thymus4
Mouse_Thymus4,1518,51_97,0,Mouse_Thymus4
Mouse_Thymus4,1519,32_24,1,Mouse_Thymus4
Mouse_Thymus4,1520,52_118,5,Mouse_Thymus4
Mouse_Thymus4,1521,4_56,1,Mouse_Thymus4
Mouse_Thymus4,1522,5_44,5,Mouse_Thymus4
Mouse_Thymus4,1523,46_26,9,Mouse_Thymus4
Mouse_Thymus4,1524,20_40,0,Mouse_Thymus4
Mouse_Thymus4,1525,6_50,1,Mouse_Thymus4
Mouse_Thymus4,1526,59_99,6,Mouse_Thymus4
Mouse_Thymus4,1527,47_99,4,Mouse_Thymus4
Mouse_Thymus4,1528,42_87,1,Mouse_Thymus4
Mouse_Thymus4,1529,42_37,8,Mouse_Thymus4
Mouse_Thymus4,1530,30_17,4,Mouse_Thymus4
Mouse_Thymus4,1531,12_39,5,Mouse_Thymus4
Mouse_Thymus4,1532,51_4,8,Mouse_Thymus4
Mouse_Thymus4,1533,8_53,1,Mouse_Thymus4
Mouse_Thymus4,1534,62_32,8,Mouse_Thymus4
Mouse_Thymus4,1535,51_88,0,Mouse_Thymus4
Mouse_Thymus4,1536,7_58,1,Mouse_Thymus4
Mouse_Thymus4,1537,45_10,8,Mouse_Thymus4
Mouse_Thymus4,1538,42_38,9,Mouse_Thymus4
Mouse_Thymus4,1539,61_91,1,Mouse_Thymus4
Mouse_Thymus4,1540,10_44,1,Mouse_Thymus4
Mouse_Thymus4,1541,51_96,0,Mouse_Thymus4
Mouse_Thymus4,1542,6_51,9,Mouse_Thymus4
Mouse_Thymus4,1543,40_56,0,Mouse_Thymus4
Mouse_Thymus4,1544,47_77,5,Mouse_Thymus4
Mouse_Thymus4,1545,12_44,1,Mouse_Thymus4
Mouse_Thymus4,1546,19_44,0,Mouse_Thymus4
Mouse_Thymus4,1547,12_64,1,Mouse_Thymus4
Mouse_Thymus4,1548,50_40,1,Mouse_Thymus4
Mouse_Thymus4,1549,53_115,1,Mouse_Thymus4
Mouse_Thymus4,1550,71_0,5,Mouse_Thymus4
Mouse_Thymus4,1551,36_84,8,Mouse_Thymus4
Mouse_Thymus4,1552,0_57,5,Mouse_Thymus4
Mouse_Thymus4,1553,29_60,0,Mouse_Thymus4
Mouse_Thymus4,1554,58_28,1,Mouse_Thymus4
Mouse_Thymus4,1555,55_16,1,Mouse_Thymus4
Mouse_Thymus4,1556,60_91,8,Mouse_Thymus4
Mouse_Thymus4,1557,51_49,1,Mouse_Thymus4
Mouse_Thymus4,1558,16_51,5,Mouse_Thymus4
Mouse_Thymus4,1559,47_11,0,Mouse_Thymus4
Mouse_Thymus4,1560,29_81,6,Mouse_Thymus4
Mouse_Thymus4,1561,41_11,5,Mouse_Thymus4
Mouse_Thymus4,1562,38_84,6,Mouse_Thymus4
Mouse_Thymus4,1563,33_95,1,Mouse_Thymus4
Mouse_Thymus4,1564,58_110,1,Mouse_Thymus4
Mouse_Thymus4,1565,6_48,5,Mouse_Thymus4
Mouse_Thymus4,1566,23_60,6,Mouse_Thymus4
Mouse_Thymus4,1567,54_34,1,Mouse_Thymus4
Mouse_Thymus4,1568,37_71,6,Mouse_Thymus4
Mouse_Thymus4,1569,33_70,5,Mouse_Thymus4
Mouse_Thymus4,1570,15_73,5,Mouse_Thymus4
Mouse_Thymus4,1571,28_64,9,Mouse_Thymus4
Mouse_Thymus4,1572,25_48,0,Mouse_Thymus4
Mouse_Thymus4,1573,41_9,9,Mouse_Thymus4
Mouse_Thymus4,1574,33_46,9,Mouse_Thymus4
Mouse_Thymus4,1575,54_88,5,Mouse_Thymus4
Mouse_Thymus4,1576,52_3,9,Mouse_Thymus4
Mouse_Thymus4,1577,29_90,1,Mouse_Thymus4
Mouse_Thymus4,1578,21_54,8,Mouse_Thymus4
Mouse_Thymus4,1579,36_28,6,Mouse_Thymus4
Mouse_Thymus4,1580,11_51,5,Mouse_Thymus4
Mouse_Thymus4,1581,47_28,1,Mouse_Thymus4
Mouse_Thymus4,1582,50_3,8,Mouse_Thymus4
Mouse_Thymus4,1583,32_48,0,Mouse_Thymus4
Mouse_Thymus4,1584,36_20,6,Mouse_Thymus4
Mouse_Thymus4,1585,52_43,9,Mouse_Thymus4
Mouse_Thymus4,1586,40_50,0,Mouse_Thymus4
Mouse_Thymus4,1587,61_105,5,Mouse_Thymus4
Mouse_Thymus4,1588,26_25,5,Mouse_Thymus4
Mouse_Thymus4,1589,72_1,4,Mouse_Thymus4
Mouse_Thymus4,1590,64_10,6,Mouse_Thymus4
Mouse_Thymus4,1591,49_79,5,Mouse_Thymus4
Mouse_Thymus4,1592,1_54,5,Mouse_Thymus4
Mouse_Thymus4,1593,4_43,9,Mouse_Thymus4
Mouse_Thymus4,1594,51_28,9,Mouse_Thymus4
Mouse_Thymus4,1595,52_28,1,Mouse_Thymus4
Mouse_Thymus4,1596,55_100,6,Mouse_Thymus4
Mouse_Thymus4,1597,46_40,8,Mouse_Thymus4
Mouse_Thymus4,1598,27_34,0,Mouse_Thymus4
Mouse_Thymus4,1599,53_36,1,Mouse_Thymus4
Mouse_Thymus4,1600,30_74,6,Mouse_Thymus4
Mouse_Thymus4,1601,26_30,0,Mouse_Thymus4
Mouse_Thymus4,1602,40_38,1,Mouse_Thymus4
Mouse_Thymus4,1603,22_71,0,Mouse_Thymus4
Mouse_Thymus4,1604,24_66,0,Mouse_Thymus4
Mouse_Thymus4,1605,51_84,6,Mouse_Thymus4
Mouse_Thymus4,1606,52_76,5,Mouse_Thymus4
Mouse_Thymus4,1607,44_95,5,Mouse_Thymus4
Mouse_Thymus4,1608,58_37,5,Mouse_Thymus4
Mouse_Thymus4,1609,21_35,9,Mouse_Thymus4
Mouse_Thymus4,1610,47_44,1,Mouse_Thymus4
Mouse_Thymus4,1611,40_45,1,Mouse_Thymus4
Mouse_Thymus4,1612,25_42,6,Mouse_Thymus4
Mouse_Thymus4,1613,39_84,5,Mouse_Thymus4
Mouse_Thymus4,1614,40_54,0,Mouse_Thymus4
Mouse_Thymus4,1615,38_57,9,Mouse_Thymus4
Mouse_Thymus4,1616,41_102,9,Mouse_Thymus4
Mouse_Thymus4,1617,24_77,1,Mouse_Thymus4
Mouse_Thymus4,1618,44_19,0,Mouse_Thymus4
Mouse_Thymus4,1619,42_40,1,Mouse_Thymus4
Mouse_Thymus4,1620,21_67,5,Mouse_Thymus4
Mouse_Thymus4,1621,60_30,1,Mouse_Thymus4
Mouse_Thymus4,1622,10_58,1,Mouse_Thymus4
Mouse_Thymus4,1623,60_21,9,Mouse_Thymus4
Mouse_Thymus4,1624,58_86,5,Mouse_Thymus4
Mouse_Thymus4,1625,43_71,8,Mouse_Thymus4
Mouse_Thymus4,1626,33_69,0,Mouse_Thymus4
Mouse_Thymus4,1627,7_33,4,Mouse_Thymus4
Mouse_Thymus4,1628,50_19,1,Mouse_Thymus4
Mouse_Thymus4,1629,20_60,6,Mouse_Thymus4
Mouse_Thymus4,1630,21_30,5,Mouse_Thymus4
Mouse_Thymus4,1631,26_50,6,Mouse_Thymus4
Mouse_Thymus4,1632,70_5,5,Mouse_Thymus4
Mouse_Thymus4,1633,43_35,1,Mouse_Thymus4
Mouse_Thymus4,1634,28_90,8,Mouse_Thymus4
Mouse_Thymus4,1635,52_90,0,Mouse_Thymus4
Mouse_Thymus4,1636,41_16,0,Mouse_Thymus4
Mouse_Thymus4,1637,53_76,4,Mouse_Thymus4
Mouse_Thymus4,1638,29_65,6,Mouse_Thymus4
Mouse_Thymus4,1639,14_51,1,Mouse_Thymus4
Mouse_Thymus4,1640,22_84,1,Mouse_Thymus4
Mouse_Thymus4,1641,52_95,0,Mouse_Thymus4
Mouse_Thymus4,1642,15_45,6,Mouse_Thymus4
Mouse_Thymus4,1643,40_32,9,Mouse_Thymus4
Mouse_Thymus4,1644,55_8,0,Mouse_Thymus4
Mouse_Thymus4,1645,47_53,4,Mouse_Thymus4
Mouse_Thymus4,1646,21_70,6,Mouse_Thymus4
Mouse_Thymus4,1647,40_98,1,Mouse_Thymus4
Mouse_Thymus4,1648,52_44,5,Mouse_Thymus4
Mouse_Thymus4,1649,17_60,6,Mouse_Thymus4
Mouse_Thymus4,1650,48_98,0,Mouse_Thymus4
Mouse_Thymus4,1651,62_23,8,Mouse_Thymus4
Mouse_Thymus4,1652,50_114,5,Mouse_Thymus4
Mouse_Thymus4,1653,30_45,0,Mouse_Thymus4
Mouse_Thymus4,1654,20_58,9,Mouse_Thymus4
Mouse_Thymus4,1655,28_83,5,Mouse_Thymus4
Mouse_Thymus4,1656,55_115,8,Mouse_Thymus4
Mouse_Thymus4,1657,62_2,8,Mouse_Thymus4
Mouse_Thymus4,1658,4_60,5,Mouse_Thymus4
Mouse_Thymus4,1659,30_94,5,Mouse_Thymus4
Mouse_Thymus4,1660,46_105,1,Mouse_Thymus4
Mouse_Thymus4,1661,45_11,5,Mouse_Thymus4
Mouse_Thymus4,1662,38_93,5,Mouse_Thymus4
Mouse_Thymus4,1663,28_25,5,Mouse_Thymus4
Mouse_Thymus4,1664,56_117,8,Mouse_Thymus4
Mouse_Thymus4,1665,31_60,6,Mouse_Thymus4
Mouse_Thymus4,1666,35_82,5,Mouse_Thymus4
Mouse_Thymus4,1667,37_38,1,Mouse_Thymus4
Mouse_Thymus4,1668,35_46,1,Mouse_Thymus4
Mouse_Thymus4,1669,50_17,8,Mouse_Thymus4
Mouse_Thymus4,1670,26_40,0,Mouse_Thymus4
Mouse_Thymus4,1671,45_53,0,Mouse_Thymus4
Mouse_Thymus4,1672,61_23,5,Mouse_Thymus4
Mouse_Thymus4,1673,26_44,6,Mouse_Thymus4
Mouse_Thymus4,1674,59_11,5,Mouse_Thymus4
Mouse_Thymus4,1675,26_53,0,Mouse_Thymus4
Mouse_Thymus4,1676,24_86,5,Mouse_Thymus4
Mouse_Thymus4,1677,40_92,5,Mouse_Thymus4
Mouse_Thymus4,1678,15_65,8,Mouse_Thymus4
Mouse_Thymus4,1679,22_78,1,Mouse_Thymus4
Mouse_Thymus4,1680,27_23,5,Mouse_Thymus4
Mouse_Thymus4,1681,34_62,1,Mouse_Thymus4
Mouse_Thymus4,1682,42_46,1,Mouse_Thymus4
Mouse_Thymus4,1683,44_41,1,Mouse_Thymus4
Mouse_Thymus4,1684,35_94,6,Mouse_Thymus4
Mouse_Thymus4,1685,39_58,0,Mouse_Thymus4
Mouse_Thymus4,1686,47_109,5,Mouse_Thymus4
Mouse_Thymus4,1687,67_2,5,Mouse_Thymus4
Mouse_Thymus4,1688,26_69,0,Mouse_Thymus4
Mouse_Thymus4,1689,32_57,0,Mouse_Thymus4
Mouse_Thymus4,1690,31_66,6,Mouse_Thymus4
Mouse_Thymus4,1691,35_35,0,Mouse_Thymus4
Mouse_Thymus4,1692,18_29,8,Mouse_Thymus4
Mouse_Thymus4,1693,57_91,5,Mouse_Thymus4
Mouse_Thymus4,1694,42_8,8,Mouse_Thymus4
Mouse_Thymus4,1695,65_8,5,Mouse_Thymus4
Mouse_Thymus4,1696,58_109,5,Mouse_Thymus4
Mouse_Thymus4,1697,60_110,9,Mouse_Thymus4
Mouse_Thymus4,1698,31_50,0,Mouse_Thymus4
Mouse_Thymus4,1699,49_114,5,Mouse_Thymus4
Mouse_Thymus4,1700,55_105,1,Mouse_Thymus4
Mouse_Thymus4,1701,58_34,1,Mouse_Thymus4
Mouse_Thymus4,1702,56_91,8,Mouse_Thymus4
Mouse_Thymus4,1703,44_33,5,Mouse_Thymus4
Mouse_Thymus4,1704,55_116,5,Mouse_Thymus4
Mouse_Thymus4,1705,27_48,0,Mouse_Thymus4
Mouse_Thymus4,1706,55_10,8,Mouse_Thymus4
Mouse_Thymus4,1707,50_111,0,Mouse_Thymus4
Mouse_Thymus4,1708,46_14,0,Mouse_Thymus4
Mouse_Thymus4,1709,44_91,9,Mouse_Thymus4
Mouse_Thymus4,1710,29_78,0,Mouse_Thymus4
Mouse_Thymus4,1711,43_37,9,Mouse_Thymus4
Mouse_Thymus4,1712,25_78,1,Mouse_Thymus4
Mouse_Thymus4,1713,14_57,8,Mouse_Thymus4
Mouse_Thymus4,1714,53_44,9,Mouse_Thymus4
Mouse_Thymus4,1715,50_48,9,Mouse_Thymus4
Mouse_Thymus4,1716,23_66,0,Mouse_Thymus4
Mouse_Thymus4,1717,13_33,6,Mouse_Thymus4
Mouse_Thymus4,1718,33_32,1,Mouse_Thymus4
Mouse_Thymus4,1719,31_87,8,Mouse_Thymus4
Mouse_Thymus4,1720,32_19,1,Mouse_Thymus4
Mouse_Thymus4,1721,35_58,1,Mouse_Thymus4
Mouse_Thymus4,1722,44_10,5,Mouse_Thymus4
Mouse_Thymus4,1723,32_89,0,Mouse_Thymus4
Mouse_Thymus4,1724,45_40,1,Mouse_Thymus4
Mouse_Thymus4,1725,25_82,8,Mouse_Thymus4
Mouse_Thymus4,1726,9_39,1,Mouse_Thymus4
Mouse_Thymus4,1727,43_16,0,Mouse_Thymus4
Mouse_Thymus4,1728,49_39,1,Mouse_Thymus4
Mouse_Thymus4,1729,38_19,0,Mouse_Thymus4
Mouse_Thymus4,1730,40_41,1,Mouse_Thymus4
Mouse_Thymus4,1731,50_100,0,Mouse_Thymus4
Mouse_Thymus4,1732,24_40,0,Mouse_Thymus4
Mouse_Thymus4,1733,39_54,0,Mouse_Thymus4
Mouse_Thymus4,1734,45_73,5,Mouse_Thymus4
Mouse_Thymus4,1735,56_32,5,Mouse_Thymus4
Mouse_Thymus4,1736,30_93,1,Mouse_Thymus4
Mouse_Thymus4,1737,58_99,5,Mouse_Thymus4
Mouse_Thymus4,1738,46_4,4,Mouse_Thymus4
Mouse_Thymus4,1739,46_88,0,Mouse_Thymus4
Mouse_Thymus4,1740,10_33,9,Mouse_Thymus4
Mouse_Thymus4,1741,59_107,8,Mouse_Thymus4
Mouse_Thymus4,1742,39_72,0,Mouse_Thymus4
Mouse_Thymus4,1743,5_58,1,Mouse_Thymus4
Mouse_Thymus4,1744,28_50,0,Mouse_Thymus4
Mouse_Thymus4,1745,35_64,6,Mouse_Thymus4
Mouse_Thymus4,1746,48_105,8,Mouse_Thymus4
Mouse_Thymus4,1747,3_53,8,Mouse_Thymus4
Mouse_Thymus4,1748,51_98,0,Mouse_Thymus4
Mouse_Thymus4,1749,30_47,6,Mouse_Thymus4
Mouse_Thymus4,1750,53_42,5,Mouse_Thymus4
Mouse_Thymus4,1751,52_15,1,Mouse_Thymus4
Mouse_Thymus4,1752,29_87,5,Mouse_Thymus4
Mouse_Thymus4,1753,2_52,8,Mouse_Thymus4
Mouse_Thymus4,1754,13_47,5,Mouse_Thymus4
Mouse_Thymus4,1755,43_23,0,Mouse_Thymus4
Mouse_Thymus4,1756,56_109,8,Mouse_Thymus4
Mouse_Thymus4,1757,27_73,1,Mouse_Thymus4
Mouse_Thymus4,1758,10_56,8,Mouse_Thymus4
Mouse_Thymus4,1759,71_4,5,Mouse_Thymus4
Mouse_Thymus4,1760,51_30,5,Mouse_Thymus4
Mouse_Thymus4,1761,27_89,5,Mouse_Thymus4
Mouse_Thymus4,1762,23_62,0,Mouse_Thymus4
Mouse_Thymus4,1763,58_94,1,Mouse_Thymus4
Mouse_Thymus4,1764,27_58,0,Mouse_Thymus4
Mouse_Thymus4,1765,60_105,5,Mouse_Thymus4
Mouse_Thymus4,1766,33_52,0,Mouse_Thymus4
Mouse_Thymus4,1767,57_85,6,Mouse_Thymus4
Mouse_Thymus4,1768,7_51,1,Mouse_Thymus4
Mouse_Thymus4,1769,23_56,6,Mouse_Thymus4
Mouse_Thymus4,1770,57_15,5,Mouse_Thymus4
Mouse_Thymus4,1771,42_65,1,Mouse_Thymus4
Mouse_Thymus4,1772,49_107,0,Mouse_Thymus4
Mouse_Thymus4,1773,15_68,1,Mouse_Thymus4
Mouse_Thymus4,1774,18_60,6,Mouse_Thymus4
Mouse_Thymus4,1775,52_109,0,Mouse_Thymus4
Mouse_Thymus4,1776,32_22,1,Mouse_Thymus4
Mouse_Thymus4,1777,45_49,0,Mouse_Thymus4
Mouse_Thymus4,1778,41_82,0,Mouse_Thymus4
Mouse_Thymus4,1779,21_56,6,Mouse_Thymus4
Mouse_Thymus4,1780,62_91,4,Mouse_Thymus4
Mouse_Thymus4,1781,63_13,4,Mouse_Thymus4
Mouse_Thymus4,1782,41_77,0,Mouse_Thymus4
Mouse_Thymus4,1783,52_19,1,Mouse_Thymus4
Mouse_Thymus4,1784,50_110,0,Mouse_Thymus4
Mouse_Thymus4,1785,62_97,5,Mouse_Thymus4
Mouse_Thymus4,1786,51_46,9,Mouse_Thymus4
Mouse_Thymus4,1787,18_57,6,Mouse_Thymus4
Mouse_Thymus4,1788,25_28,6,Mouse_Thymus4
Mouse_Thymus4,1789,40_94,1,Mouse_Thymus4
Mouse_Thymus4,1790,5_57,1,Mouse_Thymus4
Mouse_Thymus4,1791,20_41,0,Mouse_Thymus4
Mouse_Thymus4,1792,25_75,5,Mouse_Thymus4
Mouse_Thymus4,1793,55_117,5,Mouse_Thymus4
Mouse_Thymus4,1794,41_98,5,Mouse_Thymus4
Mouse_Thymus4,1795,58_89,5,Mouse_Thymus4
Mouse_Thymus4,1796,54_89,5,Mouse_Thymus4
Mouse_Thymus4,1797,62_25,5,Mouse_Thymus4
Mouse_Thymus4,1798,56_12,1,Mouse_Thymus4
Mouse_Thymus4,1799,41_78,0,Mouse_Thymus4
Mouse_Thymus4,1800,19_62,1,Mouse_Thymus4
Mouse_Thymus4,1801,43_24,0,Mouse_Thymus4
Mouse_Thymus4,1802,69_4,8,Mouse_Thymus4
Mouse_Thymus4,1803,33_72,0,Mouse_Thymus4
Mouse_Thymus4,1804,31_57,0,Mouse_Thymus4
Mouse_Thymus4,1805,59_4,9,Mouse_Thymus4
Mouse_Thymus4,1806,23_37,6,Mouse_Thymus4
Mouse_Thymus4,1807,35_37,8,Mouse_Thymus4
Mouse_Thymus4,1808,41_88,5,Mouse_Thymus4
Mouse_Thymus4,1809,60_93,5,Mouse_Thymus4
Mouse_Thymus4,1810,3_50,9,Mouse_Thymus4
Mouse_Thymus4,1811,53_21,1,Mouse_Thymus4
Mouse_Thymus4,1812,18_73,1,Mouse_Thymus4
Mouse_Thymus4,1813,52_111,0,Mouse_Thymus4
Mouse_Thymus4,1814,54_29,5,Mouse_Thymus4
Mouse_Thymus4,1815,61_13,1,Mouse_Thymus4
Mouse_Thymus4,1816,47_91,0,Mouse_Thymus4
Mouse_Thymus4,1817,61_3,5,Mouse_Thymus4
Mouse_Thymus4,1818,34_54,0,Mouse_Thymus4
Mouse_Thymus4,1819,25_22,9,Mouse_Thymus4
Mouse_Thymus4,1820,43_22,6,Mouse_Thymus4
Mouse_Thymus4,1821,28_48,0,Mouse_Thymus4
Mouse_Thymus4,1822,26_61,0,Mouse_Thymus4
Mouse_Thymus4,1823,50_109,0,Mouse_Thymus4
Mouse_Thymus4,1824,29_43,6,Mouse_Thymus4
Mouse_Thymus4,1825,3_48,8,Mouse_Thymus4
Mouse_Thymus4,1826,22_85,5,Mouse_Thymus4
Mouse_Thymus4,1827,34_58,9,Mouse_Thymus4
Mouse_Thymus4,1828,65_5,5,Mouse_Thymus4
Mouse_Thymus4,1829,42_66,6,Mouse_Thymus4
Mouse_Thymus4,1830,39_28,9,Mouse_Thymus4
Mouse_Thymus4,1831,16_38,1,Mouse_Thymus4
Mouse_Thymus4,1832,22_60,1,Mouse_Thymus4
Mouse_Thymus4,1833,17_54,1,Mouse_Thymus4
Mouse_Thymus4,1834,22_41,0,Mouse_Thymus4
Mouse_Thymus4,1835,51_9,0,Mouse_Thymus4
Mouse_Thymus4,1836,40_59,9,Mouse_Thymus4
Mouse_Thymus4,1837,24_64,0,Mouse_Thymus4
Mouse_Thymus4,1838,37_42,5,Mouse_Thymus4
Mouse_Thymus4,1839,50_90,0,Mouse_Thymus4
Mouse_Thymus4,1840,52_92,0,Mouse_Thymus4
Mouse_Thymus4,1841,35_70,5,Mouse_Thymus4
Mouse_Thymus4,1842,7_49,1,Mouse_Thymus4
Mouse_Thymus4,1843,1_52,5,Mouse_Thymus4
Mouse_Thymus4,1844,21_77,5,Mouse_Thymus4
Mouse_Thymus4,1845,46_47,0,Mouse_Thymus4
Mouse_Thymus4,1846,44_97,5,Mouse_Thymus4
Mouse_Thymus4,1847,42_18,0,Mouse_Thymus4
Mouse_Thymus4,1848,49_82,0,Mouse_Thymus4
Mouse_Thymus4,1849,48_37,1,Mouse_Thymus4
Mouse_Thymus4,1850,52_26,1,Mouse_Thymus4
Mouse_Thymus4,1851,9_43,1,Mouse_Thymus4
Mouse_Thymus4,1852,48_46,8,Mouse_Thymus4
Mouse_Thymus4,1853,61_33,1,Mouse_Thymus4
Mouse_Thymus4,1854,22_33,6,Mouse_Thymus4
Mouse_Thymus4,1855,22_51,0,Mouse_Thymus4
Mouse_Thymus4,1856,48_42,1,Mouse_Thymus4
Mouse_Thymus4,1857,8_40,5,Mouse_Thymus4
Mouse_Thymus4,1858,31_63,5,Mouse_Thymus4
Mouse_Thymus4,1859,47_40,4,Mouse_Thymus4
Mouse_Thymus4,1860,60_11,8,Mouse_Thymus4
Mouse_Thymus4,1861,30_72,0,Mouse_Thymus4
Mouse_Thymus4,1862,44_44,9,Mouse_Thymus4
Mouse_Thymus4,1863,19_31,1,Mouse_Thymus4
Mouse_Thymus4,1864,14_41,6,Mouse_Thymus4
Mouse_Thymus4,1865,52_34,1,Mouse_Thymus4
Mouse_Thymus4,1866,28_53,0,Mouse_Thymus4
Mouse_Thymus4,1867,39_31,0,Mouse_Thymus4
Mouse_Thymus4,1868,39_12,1,Mouse_Thymus4
Mouse_Thymus4,1869,35_53,0,Mouse_Thymus4
Mouse_Thymus4,1870,26_62,6,Mouse_Thymus4
Mouse_Thymus4,1871,51_41,1,Mouse_Thymus4
Mouse_Thymus4,1872,40_24,0,Mouse_Thymus4
Mouse_Thymus4,1873,24_44,0,Mouse_Thymus4
Mouse_Thymus4,1874,28_80,5,Mouse_Thymus4
Mouse_Thymus4,1875,42_70,6,Mouse_Thymus4
Mouse_Thymus4,1876,28_91,5,Mouse_Thymus4
Mouse_Thymus4,1877,29_93,6,Mouse_Thymus4
Mouse_Thymus4,1878,45_75,1,Mouse_Thymus4
Mouse_Thymus4,1879,30_95,1,Mouse_Thymus4
Mouse_Thymus4,1880,16_59,6,Mouse_Thymus4
Mouse_Thymus4,1881,31_35,1,Mouse_Thymus4
Mouse_Thymus4,1882,48_9,8,Mouse_Thymus4
Mouse_Thymus4,1883,23_72,0,Mouse_Thymus4
Mouse_Thymus4,1884,52_35,5,Mouse_Thymus4
Mouse_Thymus4,1885,26_56,0,Mouse_Thymus4
Mouse_Thymus4,1886,59_13,1,Mouse_Thymus4
Mouse_Thymus4,1887,23_34,6,Mouse_Thymus4
Mouse_Thymus4,1888,58_114,9,Mouse_Thymus4
Mouse_Thymus4,1889,52_29,1,Mouse_Thymus4
Mouse_Thymus4,1890,69_0,8,Mouse_Thymus4
Mouse_Thymus4,1891,27_67,0,Mouse_Thymus4
Mouse_Thymus4,1892,52_102,0,Mouse_Thymus4
Mouse_Thymus4,1893,28_71,0,Mouse_Thymus4
Mouse_Thymus4,1894,38_11,8,Mouse_Thymus4
Mouse_Thymus4,1895,55_81,5,Mouse_Thymus4
Mouse_Thymus4,1896,52_32,1,Mouse_Thymus4
Mouse_Thymus4,1897,31_44,0,Mouse_Thymus4
Mouse_Thymus4,1898,14_48,8,Mouse_Thymus4
Mouse_Thymus4,1899,29_37,9,Mouse_Thymus4
Mouse_Thymus4,1900,37_75,6,Mouse_Thymus4
Mouse_Thymus4,1901,27_41,0,Mouse_Thymus4
Mouse_Thymus4,1902,7_54,1,Mouse_Thymus4
Mouse_Thymus4,1903,36_15,1,Mouse_Thymus4
Mouse_Thymus4,1904,61_94,5,Mouse_Thymus4
Mouse_Thymus4,1905,60_31,5,Mouse_Thymus4
Mouse_Thymus4,1906,40_40,6,Mouse_Thymus4
Mouse_Thymus4,1907,28_58,0,Mouse_Thymus4
Mouse_Thymus4,1908,45_20,6,Mouse_Thymus4
Mouse_Thymus4,1909,39_20,0,Mouse_Thymus4
Mouse_Thymus4,1910,49_34,5,Mouse_Thymus4
Mouse_Thymus4,1911,11_36,1,Mouse_Thymus4
Mouse_Thymus4,1912,39_94,5,Mouse_Thymus4
Mouse_Thymus4,1913,52_99,0,Mouse_Thymus4
Mouse_Thymus4,1914,40_87,9,Mouse_Thymus4
Mouse_Thymus4,1915,24_52,6,Mouse_Thymus4
Mouse_Thymus4,1916,63_12,5,Mouse_Thymus4
Mouse_Thymus4,1917,36_45,5,Mouse_Thymus4
Mouse_Thymus4,1918,19_75,9,Mouse_Thymus4
Mouse_Thymus4,1919,49_33,5,Mouse_Thymus4
Mouse_Thymus4,1920,20_73,8,Mouse_Thymus4
Mouse_Thymus4,1921,15_53,1,Mouse_Thymus4
Mouse_Thymus4,1922,61_8,0,Mouse_Thymus4
Mouse_Thymus4,1923,42_72,6,Mouse_Thymus4
Mouse_Thymus4,1924,29_74,8,Mouse_Thymus4
Mouse_Thymus4,1925,40_46,1,Mouse_Thymus4
Mouse_Thymus4,1926,34_45,9,Mouse_Thymus4
Mouse_Thymus4,1927,43_82,0,Mouse_Thymus4
Mouse_Thymus4,1928,43_87,5,Mouse_Thymus4
Mouse_Thymus4,1929,51_114,5,Mouse_Thymus4
Mouse_Thymus4,1930,11_42,1,Mouse_Thymus4
Mouse_Thymus4,1931,29_94,8,Mouse_Thymus4
Mouse_Thymus4,1932,33_29,6,Mouse_Thymus4
Mouse_Thymus4,1933,57_114,9,Mouse_Thymus4
Mouse_Thymus4,1934,42_20,0,Mouse_Thymus4
Mouse_Thymus4,1935,27_37,0,Mouse_Thymus4
Mouse_Thymus4,1936,15_70,1,Mouse_Thymus4
Mouse_Thymus4,1937,45_99,5,Mouse_Thymus4
Mouse_Thymus4,1938,39_78,6,Mouse_Thymus4
Mouse_Thymus4,1939,48_48,0,Mouse_Thymus4
Mouse_Thymus4,1940,28_84,5,Mouse_Thymus4
Mouse_Thymus4,1941,47_71,6,Mouse_Thymus4
Mouse_Thymus4,1942,53_87,5,Mouse_Thymus4
Mouse_Thymus4,1943,38_45,5,Mouse_Thymus4
Mouse_Thymus4,1944,51_24,1,Mouse_Thymus4
Mouse_Thymus4,1945,45_96,6,Mouse_Thymus4
Mouse_Thymus4,1946,47_48,0,Mouse_Thymus4
Mouse_Thymus4,1947,40_25,0,Mouse_Thymus4
Mouse_Thymus4,1948,32_88,8,Mouse_Thymus4
Mouse_Thymus4,1949,34_31,1,Mouse_Thymus4
Mouse_Thymus4,1950,58_115,6,Mouse_Thymus4
Mouse_Thymus4,1951,54_82,5,Mouse_Thymus4
Mouse_Thymus4,1952,61_5,0,Mouse_Thymus4
Mouse_Thymus4,1953,9_40,1,Mouse_Thymus4
Mouse_Thymus4,1954,43_55,0,Mouse_Thymus4
Mouse_Thymus4,1955,64_5,5,Mouse_Thymus4
Mouse_Thymus4,1956,13_49,1,Mouse_Thymus4
Mouse_Thymus4,1957,71_1,5,Mouse_Thymus4
Mouse_Thymus4,1958,19_37,0,Mouse_Thymus4
Mouse_Thymus4,1959,59_31,1,Mouse_Thymus4
Mouse_Thymus4,1960,37_94,8,Mouse_Thymus4
Mouse_Thymus4,1961,11_44,1,Mouse_Thymus4
Mouse_Thymus4,1962,18_51,1,Mouse_Thymus4
Mouse_Thymus4,1963,53_28,8,Mouse_Thymus4
Mouse_Thymus4,1964,55_113,8,Mouse_Thymus4
Mouse_Thymus4,1965,17_36,1,Mouse_Thymus4
Mouse_Thymus4,1966,25_23,8,Mouse_Thymus4
Mouse_Thymus4,1967,22_25,8,Mouse_Thymus4
Mouse_Thymus4,1968,47_20,0,Mouse_Thymus4
Mouse_Thymus4,1969,52_48,4,Mouse_Thymus4
Mouse_Thymus4,1970,61_24,1,Mouse_Thymus4
Mouse_Thymus4,1971,21_76,6,Mouse_Thymus4
Mouse_Thymus4,1972,42_51,0,Mouse_Thymus4
Mouse_Thymus4,1973,17_59,9,Mouse_Thymus4
Mouse_Thymus4,1974,44_37,1,Mouse_Thymus4
Mouse_Thymus4,1975,39_95,8,Mouse_Thymus4
Mouse_Thymus4,1976,49_113,1,Mouse_Thymus4
Mouse_Thymus4,1977,14_68,1,Mouse_Thymus4
Mouse_Thymus4,1978,46_96,0,Mouse_Thymus4
Mouse_Thymus4,1979,41_42,5,Mouse_Thymus4
Mouse_Thymus4,1980,20_44,0,Mouse_Thymus4
Mouse_Thymus4,1981,34_57,5,Mouse_Thymus4
Mouse_Thymus4,1982,54_97,0,Mouse_Thymus4
Mouse_Thymus4,1983,8_37,5,Mouse_Thymus4
Mouse_Thymus4,1984,42_12,1,Mouse_Thymus4
Mouse_Thymus4,1985,57_116,8,Mouse_Thymus4
Mouse_Thymus4,1986,59_100,1,Mouse_Thymus4
Mouse_Thymus4,1987,51_36,1,Mouse_Thymus4
Mouse_Thymus4,1988,46_91,0,Mouse_Thymus4
Mouse_Thymus4,1989,57_84,5,Mouse_Thymus4
Mouse_Thymus4,1990,22_37,0,Mouse_Thymus4
Mouse_Thymus4,1991,37_74,9,Mouse_Thymus4
Mouse_Thymus4,1992,30_71,0,Mouse_Thymus4
Mouse_Thymus4,1993,35_91,6,Mouse_Thymus4
Mouse_Thymus4,1994,37_13,9,Mouse_Thymus4
Mouse_Thymus4,1995,38_44,1,Mouse_Thymus4
Mouse_Thymus4,1996,19_53,1,Mouse_Thymus4
Mouse_Thymus4,1997,25_21,4,Mouse_Thymus4
Mouse_Thymus4,1998,38_60,6,Mouse_Thymus4
Mouse_Thymus4,1999,48_38,1,Mouse_Thymus4
Mouse_Thymus4,2000,7_34,5,Mouse_Thymus4
Mouse_Thymus4,2001,40_13,1,Mouse_Thymus4
Mouse_Thymus4,2002,37_22,0,Mouse_Thymus4
Mouse_Thymus4,2003,29_85,6,Mouse_Thymus4
Mouse_Thymus4,2004,49_6,5,Mouse_Thymus4
Mouse_Thymus4,2005,37_68,0,Mouse_Thymus4
Mouse_Thymus4,2006,32_52,0,Mouse_Thymus4
Mouse_Thymus4,2007,35_84,9,Mouse_Thymus4
Mouse_Thymus4,2008,54_5,5,Mouse_Thymus4
Mouse_Thymus4,2009,3_45,6,Mouse_Thymus4
Mouse_Thymus4,2010,44_55,6,Mouse_Thymus4
Mouse_Thymus4,2011,34_88,0,Mouse_Thymus4
Mouse_Thymus4,2012,32_55,6,Mouse_Thymus4
Mouse_Thymus4,2013,37_97,4,Mouse_Thymus4
Mouse_Thymus4,2014,29_83,0,Mouse_Thymus4
Mouse_Thymus4,2015,17_35,1,Mouse_Thymus4
Mouse_Thymus4,2016,21_62,1,Mouse_Thymus4
Mouse_Thymus4,2017,50_7,8,Mouse_Thymus4
Mouse_Thymus4,2018,22_40,0,Mouse_Thymus4
Mouse_Thymus4,2019,41_60,1,Mouse_Thymus4
Mouse_Thymus4,2020,40_14,1,Mouse_Thymus4
Mouse_Thymus4,2021,19_54,1,Mouse_Thymus4
Mouse_Thymus4,2022,12_34,1,Mouse_Thymus4
Mouse_Thymus4,2023,43_30,1,Mouse_Thymus4
Mouse_Thymus4,2024,23_86,5,Mouse_Thymus4
Mouse_Thymus4,2025,33_57,5,Mouse_Thymus4
Mouse_Thymus4,2026,29_62,9,Mouse_Thymus4
Mouse_Thymus4,2027,32_28,0,Mouse_Thymus4
Mouse_Thymus4,2028,58_20,1,Mouse_Thymus4
Mouse_Thymus4,2029,48_104,5,Mouse_Thymus4
Mouse_Thymus4,2030,40_27,0,Mouse_Thymus4
Mouse_Thymus4,2031,58_103,5,Mouse_Thymus4
Mouse_Thymus4,2032,3_43,4,Mouse_Thymus4
Mouse_Thymus4,2033,7_40,8,Mouse_Thymus4
Mouse_Thymus4,2034,38_46,5,Mouse_Thymus4
Mouse_Thymus4,2035,39_44,1,Mouse_Thymus4
Mouse_Thymus4,2036,41_27,0,Mouse_Thymus4
Mouse_Thymus4,2037,35_80,8,Mouse_Thymus4
Mouse_Thymus4,2038,43_78,0,Mouse_Thymus4
Mouse_Thymus4,2039,29_36,1,Mouse_Thymus4
Mouse_Thymus4,2040,34_43,9,Mouse_Thymus4
Mouse_Thymus4,2041,37_85,6,Mouse_Thymus4
Mouse_Thymus4,2042,44_103,5,Mouse_Thymus4
Mouse_Thymus4,2043,48_20,9,Mouse_Thymus4
Mouse_Thymus4,2044,58_12,8,Mouse_Thymus4
Mouse_Thymus4,2045,9_59,1,Mouse_Thymus4
Mouse_Thymus4,2046,41_81,0,Mouse_Thymus4
Mouse_Thymus4,2047,61_98,5,Mouse_Thymus4
Mouse_Thymus4,2048,51_87,6,Mouse_Thymus4
Mouse_Thymus4,2049,47_50,0,Mouse_Thymus4
Mouse_Thymus4,2050,32_80,0,Mouse_Thymus4
Mouse_Thymus4,2051,29_22,1,Mouse_Thymus4
Mouse_Thymus4,2052,41_73,6,Mouse_Thymus4
Mouse_Thymus4,2053,19_71,1,Mouse_Thymus4
Mouse_Thymus4,2054,6_59,1,Mouse_Thymus4
Mouse_Thymus4,2055,48_84,0,Mouse_Thymus4
Mouse_Thymus4,2056,50_33,5,Mouse_Thymus4
Mouse_Thymus4,2057,19_42,0,Mouse_Thymus4
Mouse_Thymus4,2058,56_99,6,Mouse_Thymus4
Mouse_Thymus4,2059,20_54,9,Mouse_Thymus4
Mouse_Thymus4,2060,45_43,5,Mouse_Thymus4
Mouse_Thymus4,2061,28_94,4,Mouse_Thymus4
Mouse_Thymus4,2062,59_23,1,Mouse_Thymus4
Mouse_Thymus4,2063,17_69,1,Mouse_Thymus4
Mouse_Thymus4,2064,34_55,0,Mouse_Thymus4
Mouse_Thymus4,2065,34_47,6,Mouse_Thymus4
Mouse_Thymus4,2066,30_20,1,Mouse_Thymus4
Mouse_Thymus4,2067,30_80,0,Mouse_Thymus4
Mouse_Thymus4,2068,42_36,1,Mouse_Thymus4
Mouse_Thymus4,2069,38_28,0,Mouse_Thymus4
Mouse_Thymus4,2070,61_35,5,Mouse_Thymus4
Mouse_Thymus4,2071,57_13,1,Mouse_Thymus4
Mouse_Thymus4,2072,49_40,9,Mouse_Thymus4
Mouse_Thymus4,2073,12_55,9,Mouse_Thymus4
Mouse_Thymus4,2074,27_51,6,Mouse_Thymus4
Mouse_Thymus4,2075,15_42,0,Mouse_Thymus4
Mouse_Thymus4,2076,39_41,5,Mouse_Thymus4
Mouse_Thymus4,2077,48_51,1,Mouse_Thymus4
Mouse_Thymus4,2078,28_29,0,Mouse_Thymus4
Mouse_Thymus4,2079,14_55,6,Mouse_Thymus4
Mouse_Thymus4,2080,5_59,1,Mouse_Thymus4
Mouse_Thymus4,2081,27_46,6,Mouse_Thymus4
Mouse_Thymus4,2082,52_12,8,Mouse_Thymus4
Mouse_Thymus4,2083,37_80,6,Mouse_Thymus4
Mouse_Thymus4,2084,43_99,1,Mouse_Thymus4
Mouse_Thymus4,2085,28_77,1,Mouse_Thymus4
Mouse_Thymus4,2086,21_26,8,Mouse_Thymus4
Mouse_Thymus4,2087,39_99,4,Mouse_Thymus4
Mouse_Thymus4,2088,57_25,1,Mouse_Thymus4
Mouse_Thymus4,2089,11_35,1,Mouse_Thymus4
Mouse_Thymus4,2090,46_8,1,Mouse_Thymus4
Mouse_Thymus4,2091,54_18,1,Mouse_Thymus4
Mouse_Thymus4,2092,32_86,0,Mouse_Thymus4
Mouse_Thymus4,2093,11_45,5,Mouse_Thymus4
Mouse_Thymus4,2094,42_22,0,Mouse_Thymus4
Mouse_Thymus4,2095,17_62,1,Mouse_Thymus4
Mouse_Thymus4,2096,48_73,5,Mouse_Thymus4
Mouse_Thymus4,2097,54_105,0,Mouse_Thymus4
Mouse_Thymus4,2098,55_15,1,Mouse_Thymus4
Mouse_Thymus4,2099,47_6,9,Mouse_Thymus4
Mouse_Thymus4,2100,33_91,6,Mouse_Thymus4
Mouse_Thymus4,2101,54_77,4,Mouse_Thymus4
Mouse_Thymus4,2102,54_31,5,Mouse_Thymus4
Mouse_Thymus4,2103,30_32,8,Mouse_Thymus4
Mouse_Thymus4,2104,29_67,0,Mouse_Thymus4
Mouse_Thymus4,2105,34_41,9,Mouse_Thymus4
Mouse_Thymus4,2106,3_57,5,Mouse_Thymus4
Mouse_Thymus4,2107,57_12,1,Mouse_Thymus4
Mouse_Thymus4,2108,49_92,0,Mouse_Thymus4
Mouse_Thymus4,2109,40_78,6,Mouse_Thymus4
Mouse_Thymus4,2110,36_78,6,Mouse_Thymus4
Mouse_Thymus4,2111,45_42,5,Mouse_Thymus4
Mouse_Thymus4,2112,52_33,1,Mouse_Thymus4
Mouse_Thymus4,2113,36_54,5,Mouse_Thymus4
Mouse_Thymus4,2114,32_18,9,Mouse_Thymus4
Mouse_Thymus4,2115,47_39,5,Mouse_Thymus4
Mouse_Thymus4,2116,62_4,5,Mouse_Thymus4
Mouse_Thymus4,2117,40_85,5,Mouse_Thymus4
Mouse_Thymus4,2118,42_31,5,Mouse_Thymus4
Mouse_Thymus4,2119,59_93,1,Mouse_Thymus4
Mouse_Thymus4,2120,70_1,8,Mouse_Thymus4
Mouse_Thymus4,2121,55_19,1,Mouse_Thymus4
Mouse_Thymus4,2122,46_90,0,Mouse_Thymus4
Mouse_Thymus4,2123,53_40,1,Mouse_Thymus4
Mouse_Thymus4,2124,23_83,5,Mouse_Thymus4
Mouse_Thymus4,2125,55_29,1,Mouse_Thymus4
Mouse_Thymus4,2126,46_89,0,Mouse_Thymus4
Mouse_Thymus4,2127,45_107,1,Mouse_Thymus4
Mouse_Thymus4,2128,31_59,0,Mouse_Thymus4
Mouse_Thymus4,2129,16_46,0,Mouse_Thymus4
Mouse_Thymus4,2130,45_34,1,Mouse_Thymus4
Mouse_Thymus4,2131,53_19,1,Mouse_Thymus4
Mouse_Thymus4,2132,39_57,0,Mouse_Thymus4
Mouse_Thymus4,2133,59_28,5,Mouse_Thymus4
Mouse_Thymus4,2134,46_103,5,Mouse_Thymus4
Mouse_Thymus4,2135,21_84,5,Mouse_Thymus4
Mouse_Thymus4,2136,25_88,5,Mouse_Thymus4
Mouse_Thymus4,2137,56_39,8,Mouse_Thymus4
Mouse_Thymus4,2138,59_30,1,Mouse_Thymus4
Mouse_Thymus4,2139,12_58,9,Mouse_Thymus4
Mouse_Thymus4,2140,59_86,5,Mouse_Thymus4
Mouse_Thymus4,2141,28_45,8,Mouse_Thymus4
Mouse_Thymus4,2142,41_57,0,Mouse_Thymus4
Mouse_Thymus4,2143,60_92,5,Mouse_Thymus4
Mouse_Thymus4,2144,25_41,0,Mouse_Thymus4
Mouse_Thymus4,2145,10_39,1,Mouse_Thymus4
Mouse_Thymus4,2146,31_23,5,Mouse_Thymus4
Mouse_Thymus4,2147,26_39,0,Mouse_Thymus4
Mouse_Thymus4,2148,25_33,0,Mouse_Thymus4
Mouse_Thymus4,2149,24_57,0,Mouse_Thymus4
Mouse_Thymus4,2150,24_27,1,Mouse_Thymus4
Mouse_Thymus4,2151,28_56,0,Mouse_Thymus4
Mouse_Thymus4,2152,22_52,0,Mouse_Thymus4
Mouse_Thymus4,2153,51_35,1,Mouse_Thymus4
Mouse_Thymus4,2154,29_70,0,Mouse_Thymus4
Mouse_Thymus4,2155,35_66,1,Mouse_Thymus4
Mouse_Thymus4,2156,18_40,0,Mouse_Thymus4
Mouse_Thymus4,2157,59_96,5,Mouse_Thymus4
Mouse_Thymus4,2158,21_55,8,Mouse_Thymus4
Mouse_Thymus4,2159,50_80,8,Mouse_Thymus4
Mouse_Thymus4,2160,27_52,0,Mouse_Thymus4
Mouse_Thymus4,2161,10_32,8,Mouse_Thymus4
Mouse_Thymus4,2162,51_26,9,Mouse_Thymus4
Mouse_Thymus4,2163,34_22,8,Mouse_Thymus4
Mouse_Thymus4,2164,29_18,4,Mouse_Thymus4
Mouse_Thymus4,2165,28_69,0,Mouse_Thymus4
Mouse_Thymus4,2166,22_64,0,Mouse_Thymus4
Mouse_Thymus4,2167,46_20,0,Mouse_Thymus4
Mouse_Thymus4,2168,54_25,5,Mouse_Thymus4
Mouse_Thymus4,2169,65_2,6,Mouse_Thymus4
Mouse_Thymus4,2170,59_32,5,Mouse_Thymus4
Mouse_Thymus4,2171,36_23,0,Mouse_Thymus4
Mouse_Thymus4,2172,18_38,0,Mouse_Thymus4
Mouse_Thymus4,2173,38_76,6,Mouse_Thymus4
Mouse_Thymus4,2174,40_76,6,Mouse_Thymus4
Mouse_Thymus4,2175,7_44,5,Mouse_Thymus4
Mouse_Thymus4,2176,30_44,0,Mouse_Thymus4
Mouse_Thymus4,2177,47_9,5,Mouse_Thymus4
Mouse_Thymus4,2178,58_105,1,Mouse_Thymus4
Mouse_Thymus4,2179,19_47,0,Mouse_Thymus4
Mouse_Thymus4,2180,63_5,6,Mouse_Thymus4
Mouse_Thymus4,2181,10_64,5,Mouse_Thymus4
Mouse_Thymus4,2182,35_17,1,Mouse_Thymus4
Mouse_Thymus4,2183,29_39,8,Mouse_Thymus4
Mouse_Thymus4,2184,30_54,0,Mouse_Thymus4
Mouse_Thymus4,2185,38_80,5,Mouse_Thymus4
Mouse_Thymus4,2186,12_67,5,Mouse_Thymus4
Mouse_Thymus4,2187,30_52,0,Mouse_Thymus4
Mouse_Thymus4,2188,57_14,1,Mouse_Thymus4
Mouse_Thymus4,2189,59_18,5,Mouse_Thymus4
Mouse_Thymus4,2190,54_2,6,Mouse_Thymus4
Mouse_Thymus4,2191,50_26,1,Mouse_Thymus4
Mouse_Thymus4,2192,42_67,5,Mouse_Thymus4
Mouse_Thymus4,2193,53_83,6,Mouse_Thymus4
Mouse_Thymus4,2194,31_67,6,Mouse_Thymus4
Mouse_Thymus4,2195,26_36,0,Mouse_Thymus4
Mouse_Thymus4,2196,42_83,6,Mouse_Thymus4
Mouse_Thymus4,2197,26_68,0,Mouse_Thymus4
Mouse_Thymus4,2198,49_100,0,Mouse_Thymus4
Mouse_Thymus4,2199,39_65,0,Mouse_Thymus4
Mouse_Thymus4,2200,48_50,9,Mouse_Thymus4
Mouse_Thymus4,2201,30_34,6,Mouse_Thymus4
Mouse_Thymus4,2202,56_87,5,Mouse_Thymus4
Mouse_Thymus4,2203,48_89,0,Mouse_Thymus4
Mouse_Thymus4,2204,39_11,9,Mouse_Thymus4
Mouse_Thymus4,2205,56_2,9,Mouse_Thymus4
Mouse_Thymus4,2206,49_14,0,Mouse_Thymus4
Mouse_Thymus4,2207,47_16,0,Mouse_Thymus4
Mouse_Thymus4,2208,25_56,0,Mouse_Thymus4
Mouse_Thymus4,2209,25_47,0,Mouse_Thymus4
Mouse_Thymus4,2210,21_69,5,Mouse_Thymus4
Mouse_Thymus4,2211,61_100,5,Mouse_Thymus4
Mouse_Thymus4,2212,23_57,6,Mouse_Thymus4
Mouse_Thymus4,2213,33_50,0,Mouse_Thymus4
Mouse_Thymus4,2214,1_57,5,Mouse_Thymus4
Mouse_Thymus4,2215,4_50,9,Mouse_Thymus4
Mouse_Thymus4,2216,15_33,1,Mouse_Thymus4
Mouse_Thymus4,2217,55_22,1,Mouse_Thymus4
Mouse_Thymus4,2218,40_96,5,Mouse_Thymus4
Mouse_Thymus4,2219,33_19,5,Mouse_Thymus4
Mouse_Thymus4,2220,15_52,1,Mouse_Thymus4
Mouse_Thymus4,2221,49_112,5,Mouse_Thymus4
Mouse_Thymus4,2222,58_22,1,Mouse_Thymus4
Mouse_Thymus4,2223,9_38,1,Mouse_Thymus4
Mouse_Thymus4,2224,69_6,5,Mouse_Thymus4
Mouse_Thymus4,2225,17_42,0,Mouse_Thymus4
Mouse_Thymus4,2226,35_95,1,Mouse_Thymus4
Mouse_Thymus4,2227,33_78,9,Mouse_Thymus4
Mouse_Thymus4,2228,62_10,5,Mouse_Thymus4
Mouse_Thymus4,2229,31_81,0,Mouse_Thymus4
Mouse_Thymus4,2230,38_81,8,Mouse_Thymus4
Mouse_Thymus4,2231,17_33,1,Mouse_Thymus4
Mouse_Thymus4,2232,33_58,6,Mouse_Thymus4
Mouse_Thymus4,2233,21_50,0,Mouse_Thymus4
Mouse_Thymus4,2234,48_106,1,Mouse_Thymus4
Mouse_Thymus4,2235,37_73,8,Mouse_Thymus4
Mouse_Thymus4,2236,23_47,0,Mouse_Thymus4
Mouse_Thymus4,2237,42_34,1,Mouse_Thymus4
Mouse_Thymus4,2238,11_31,5,Mouse_Thymus4
Mouse_Thymus4,2239,32_83,0,Mouse_Thymus4
Mouse_Thymus4,2240,59_12,1,Mouse_Thymus4
Mouse_Thymus4,2241,51_16,1,Mouse_Thymus4
Mouse_Thymus4,2242,41_28,0,Mouse_Thymus4
Mouse_Thymus4,2243,11_37,1,Mouse_Thymus4
Mouse_Thymus4,2244,26_32,0,Mouse_Thymus4
Mouse_Thymus4,2245,50_103,0,Mouse_Thymus4
Mouse_Thymus4,2246,46_49,0,Mouse_Thymus4
Mouse_Thymus4,2247,31_74,5,Mouse_Thymus4
Mouse_Thymus4,2248,34_16,9,Mouse_Thymus4
Mouse_Thymus4,2249,17_58,6,Mouse_Thymus4
Mouse_Thymus4,2250,53_78,5,Mouse_Thymus4
Mouse_Thymus4,2251,49_99,0,Mouse_Thymus4
Mouse_Thymus4,2252,47_81,0,Mouse_Thymus4
Mouse_Thymus4,2253,19_41,0,Mouse_Thymus4
Mouse_Thymus4,2254,25_39,0,Mouse_Thymus4
Mouse_Thymus4,2255,26_67,0,Mouse_Thymus4
Mouse_Thymus4,2256,20_32,9,Mouse_Thymus4
Mouse_Thymus4,2257,54_112,0,Mouse_Thymus4
Mouse_Thymus4,2258,37_19,6,Mouse_Thymus4
Mouse_Thymus4,2259,55_94,6,Mouse_Thymus4
Mouse_Thymus4,2260,50_106,0,Mouse_Thymus4
Mouse_Thymus4,2261,36_39,9,Mouse_Thymus4
Mouse_Thymus4,2262,44_70,5,Mouse_Thymus4
Mouse_Thymus4,2263,34_81,6,Mouse_Thymus4
Mouse_Thymus4,2264,30_18,8,Mouse_Thymus4
Mouse_Thymus4,2265,45_77,1,Mouse_Thymus4
Mouse_Thymus4,2266,52_14,1,Mouse_Thymus4
Mouse_Thymus4,2267,43_56,6,Mouse_Thymus4
Mouse_Thymus4,2268,39_52,0,Mouse_Thymus4
Mouse_Thymus4,2269,58_15,8,Mouse_Thymus4
Mouse_Thymus4,2270,42_98,1,Mouse_Thymus4
Mouse_Thymus4,2271,57_86,6,Mouse_Thymus4
Mouse_Thymus4,2272,29_88,5,Mouse_Thymus4
Mouse_Thymus4,2273,11_59,9,Mouse_Thymus4
Mouse_Thymus4,2274,66_6,5,Mouse_Thymus4
Mouse_Thymus4,2275,36_50,0,Mouse_Thymus4
Mouse_Thymus4,2276,49_37,1,Mouse_Thymus4
Mouse_Thymus4,2277,43_89,6,Mouse_Thymus4
Mouse_Thymus4,2278,9_60,1,Mouse_Thymus4
Mouse_Thymus4,2279,25_62,6,Mouse_Thymus4
Mouse_Thymus4,2280,26_20,4,Mouse_Thymus4
Mouse_Thymus4,2281,56_43,5,Mouse_Thymus4
Mouse_Thymus4,2282,26_42,8,Mouse_Thymus4
Mouse_Thymus4,2283,54_36,1,Mouse_Thymus4
Mouse_Thymus4,2284,37_32,0,Mouse_Thymus4
Mouse_Thymus4,2285,33_27,0,Mouse_Thymus4
Mouse_Thymus4,2286,9_34,1,Mouse_Thymus4
Mouse_Thymus4,2287,11_62,9,Mouse_Thymus4
Mouse_Thymus4,2288,43_39,5,Mouse_Thymus4
Mouse_Thymus4,2289,22_48,0,Mouse_Thymus4
Mouse_Thymus4,2290,55_32,5,Mouse_Thymus4
Mouse_Thymus4,2291,33_73,9,Mouse_Thymus4
Mouse_Thymus4,2292,43_14,0,Mouse_Thymus4
Mouse_Thymus4,2293,34_26,0,Mouse_Thymus4
Mouse_Thymus4,2294,55_5,1,Mouse_Thymus4
Mouse_Thymus4,2295,41_43,1,Mouse_Thymus4
Mouse_Thymus4,2296,33_48,9,Mouse_Thymus4
Mouse_Thymus4,2297,40_91,5,Mouse_Thymus4
Mouse_Thymus4,2298,30_51,0,Mouse_Thymus4
Mouse_Thymus4,2299,39_55,0,Mouse_Thymus4
Mouse_Thymus4,2300,36_41,1,Mouse_Thymus4
Mouse_Thymus4,2301,39_13,1,Mouse_Thymus4
Mouse_Thymus4,2302,54_98,0,Mouse_Thymus4
Mouse_Thymus4,2303,39_27,0,Mouse_Thymus4
Mouse_Thymus4,2304,9_37,1,Mouse_Thymus4
Mouse_Thymus4,2305,57_40,5,Mouse_Thymus4
Mouse_Thymus4,2306,22_27,1,Mouse_Thymus4
Mouse_Thymus4,2307,47_22,9,Mouse_Thymus4
Mouse_Thymus4,2308,56_81,5,Mouse_Thymus4
Mouse_Thymus4,2309,49_42,1,Mouse_Thymus4
Mouse_Thymus4,2310,45_54,0,Mouse_Thymus4
Mouse_Thymus4,2311,18_36,1,Mouse_Thymus4
Mouse_Thymus4,2312,56_19,1,Mouse_Thymus4
Mouse_Thymus4,2313,18_79,5,Mouse_Thymus4
Mouse_Thymus4,2314,32_37,1,Mouse_Thymus4
Mouse_Thymus4,2315,48_17,0,Mouse_Thymus4
Mouse_Thymus4,2316,47_33,9,Mouse_Thymus4
Mouse_Thymus4,2317,51_81,5,Mouse_Thymus4
Mouse_Thymus4,2318,45_39,6,Mouse_Thymus4
Mouse_Thymus4,2319,58_36,1,Mouse_Thymus4
Mouse_Thymus4,2320,30_56,0,Mouse_Thymus4
Mouse_Thymus4,2321,38_36,1,Mouse_Thymus4
Mouse_Thymus4,2322,25_37,0,Mouse_Thymus4
Mouse_Thymus4,2323,53_41,5,Mouse_Thymus4
Mouse_Thymus4,2324,26_72,1,Mouse_Thymus4
Mouse_Thymus4,2325,43_47,0,Mouse_Thymus4
Mouse_Thymus4,2326,40_67,0,Mouse_Thymus4
Mouse_Thymus4,2327,16_35,1,Mouse_Thymus4
Mouse_Thymus4,2328,27_72,8,Mouse_Thymus4
Mouse_Thymus4,2329,31_75,6,Mouse_Thymus4
Mouse_Thymus4,2330,49_98,0,Mouse_Thymus4
Mouse_Thymus4,2331,15_51,1,Mouse_Thymus4
Mouse_Thymus4,2332,38_27,0,Mouse_Thymus4
Mouse_Thymus4,2333,62_22,1,Mouse_Thymus4
Mouse_Thymus4,2334,36_74,0,Mouse_Thymus4
Mouse_Thymus4,2335,52_31,8,Mouse_Thymus4
Mouse_Thymus4,2336,48_13,0,Mouse_Thymus4
Mouse_Thymus4,2337,8_49,1,Mouse_Thymus4
Mouse_Thymus4,2338,14_30,9,Mouse_Thymus4
Mouse_Thymus4,2339,24_51,0,Mouse_Thymus4
Mouse_Thymus4,2340,49_27,1,Mouse_Thymus4
Mouse_Thymus4,2341,42_45,5,Mouse_Thymus4
Mouse_Thymus4,2342,49_50,1,Mouse_Thymus4
Mouse_Thymus4,2343,32_35,1,Mouse_Thymus4
Mouse_Thymus4,2344,38_98,4,Mouse_Thymus4
Mouse_Thymus4,2345,13_60,5,Mouse_Thymus4
Mouse_Thymus4,2346,58_97,6,Mouse_Thymus4
Mouse_Thymus4,2347,31_93,5,Mouse_Thymus4
Mouse_Thymus4,2348,37_82,5,Mouse_Thymus4
Mouse_Thymus4,2349,42_84,6,Mouse_Thymus4
Mouse_Thymus4,2350,64_9,1,Mouse_Thymus4
Mouse_Thymus4,2351,29_84,0,Mouse_Thymus4
Mouse_Thymus4,2352,43_93,5,Mouse_Thymus4
Mouse_Thymus4,2353,7_48,5,Mouse_Thymus4
Mouse_Thymus4,2354,45_47,0,Mouse_Thymus4
Mouse_Thymus4,2355,47_87,0,Mouse_Thymus4
Mouse_Thymus4,2356,27_61,0,Mouse_Thymus4
Mouse_Thymus4,2357,19_51,8,Mouse_Thymus4
Mouse_Thymus4,2358,56_13,1,Mouse_Thymus4
Mouse_Thymus4,2359,64_4,5,Mouse_Thymus4
Mouse_Thymus4,2360,39_19,0,Mouse_Thymus4
Mouse_Thymus4,2361,46_95,0,Mouse_Thymus4
Mouse_Thymus4,2362,41_30,9,Mouse_Thymus4
Mouse_Thymus4,2363,55_90,5,Mouse_Thymus4
Mouse_Thymus4,2364,44_39,5,Mouse_Thymus4
Mouse_Thymus4,2365,22_69,0,Mouse_Thymus4
Mouse_Thymus4,2366,49_88,0,Mouse_Thymus4
Mouse_Thymus4,2367,59_19,9,Mouse_Thymus4
Mouse_Thymus4,2368,37_49,6,Mouse_Thymus4
Mouse_Thymus4,2369,11_34,5,Mouse_Thymus4
Mouse_Thymus4,2370,35_52,0,Mouse_Thymus4
Mouse_Thymus4,2371,57_105,1,Mouse_Thymus4
Mouse_Thymus4,2372,57_94,5,Mouse_Thymus4
Mouse_Thymus4,2373,20_28,5,Mouse_Thymus4
Mouse_Thymus4,2374,39_73,0,Mouse_Thymus4
Mouse_Thymus4,2375,32_30,8,Mouse_Thymus4
Mouse_Thymus4,2376,51_11,0,Mouse_Thymus4
Mouse_Thymus4,2377,57_113,8,Mouse_Thymus4
Mouse_Thymus4,2378,29_73,5,Mouse_Thymus4
Mouse_Thymus4,2379,56_83,5,Mouse_Thymus4
Mouse_Thymus4,2380,7_43,1,Mouse_Thymus4
Mouse_Thymus4,2381,35_83,6,Mouse_Thymus4
Mouse_Thymus4,2382,16_42,0,Mouse_Thymus4
Mouse_Thymus4,2383,22_73,8,Mouse_Thymus4
Mouse_Thymus4,2384,36_26,0,Mouse_Thymus4
Mouse_Thymus4,2385,63_32,8,Mouse_Thymus4
Mouse_Thymus4,2386,7_42,1,Mouse_Thymus4
Mouse_Thymus4,2387,47_85,0,Mouse_Thymus4
Mouse_Thymus4,2388,60_103,5,Mouse_Thymus4
Mouse_Thymus4,2389,14_59,1,Mouse_Thymus4
Mouse_Thymus4,2390,41_24,0,Mouse_Thymus4
Mouse_Thymus4,2391,28_35,6,Mouse_Thymus4
Mouse_Thymus4,2392,43_103,1,Mouse_Thymus4
Mouse_Thymus4,2393,61_26,8,Mouse_Thymus4
Mouse_Thymus4,2394,47_14,0,Mouse_Thymus4
Mouse_Thymus4,2395,48_33,5,Mouse_Thymus4
Mouse_Thymus4,2396,42_29,0,Mouse_Thymus4
Mouse_Thymus4,2397,25_74,1,Mouse_Thymus4
Mouse_Thymus4,2398,17_48,8,Mouse_Thymus4
Mouse_Thymus4,2399,41_100,1,Mouse_Thymus4
Mouse_Thymus4,2400,57_27,1,Mouse_Thymus4
Mouse_Thymus4,2401,54_93,6,Mouse_Thymus4
Mouse_Thymus4,2402,21_47,0,Mouse_Thymus4
Mouse_Thymus4,2403,63_10,1,Mouse_Thymus4
Mouse_Thymus4,2404,51_19,1,Mouse_Thymus4
Mouse_Thymus4,2405,60_6,6,Mouse_Thymus4
Mouse_Thymus4,2406,19_32,1,Mouse_Thymus4
Mouse_Thymus4,2407,40_43,5,Mouse_Thymus4
Mouse_Thymus4,2408,44_53,0,Mouse_Thymus4
Mouse_Thymus4,2409,20_45,0,Mouse_Thymus4
Mouse_Thymus4,2410,8_51,1,Mouse_Thymus4
Mouse_Thymus4,2411,41_54,0,Mouse_Thymus4
Mouse_Thymus4,2412,56_33,5,Mouse_Thymus4
Mouse_Thymus4,2413,52_110,0,Mouse_Thymus4
Mouse_Thymus4,2414,9_51,1,Mouse_Thymus4
Mouse_Thymus4,2415,8_33,6,Mouse_Thymus4
Mouse_Thymus4,2416,55_80,5,Mouse_Thymus4
Mouse_Thymus4,2417,41_51,0,Mouse_Thymus4
Mouse_Thymus4,2418,30_87,1,Mouse_Thymus4
Mouse_Thymus4,2419,27_64,6,Mouse_Thymus4
Mouse_Thymus4,2420,29_41,5,Mouse_Thymus4
Mouse_Thymus4,2421,43_88,9,Mouse_Thymus4
Mouse_Thymus4,2422,46_87,0,Mouse_Thymus4
Mouse_Thymus4,2423,57_39,9,Mouse_Thymus4
Mouse_Thymus4,2424,42_58,1,Mouse_Thymus4
Mouse_Thymus4,2425,53_39,8,Mouse_Thymus4
Mouse_Thymus4,2426,58_23,1,Mouse_Thymus4
Mouse_Thymus4,2427,11_38,5,Mouse_Thymus4
Mouse_Thymus4,2428,29_19,9,Mouse_Thymus4
Mouse_Thymus4,2429,23_76,0,Mouse_Thymus4
Mouse_Thymus4,2430,56_21,1,Mouse_Thymus4
Mouse_Thymus4,2431,37_27,0,Mouse_Thymus4
Mouse_Thymus4,2432,24_78,1,Mouse_Thymus4
Mouse_Thymus4,2433,26_55,0,Mouse_Thymus4
Mouse_Thymus4,2434,36_52,0,Mouse_Thymus4
Mouse_Thymus4,2435,53_111,0,Mouse_Thymus4
Mouse_Thymus4,2436,44_15,0,Mouse_Thymus4
Mouse_Thymus4,2437,16_70,1,Mouse_Thymus4
Mouse_Thymus4,2438,17_43,0,Mouse_Thymus4
Mouse_Thymus4,2439,52_81,5,Mouse_Thymus4
Mouse_Thymus4,2440,63_31,9,Mouse_Thymus4
Mouse_Thymus4,2441,53_4,1,Mouse_Thymus4
Mouse_Thymus4,2442,51_112,0,Mouse_Thymus4
Mouse_Thymus4,2443,51_39,1,Mouse_Thymus4
Mouse_Thymus4,2444,27_65,0,Mouse_Thymus4
Mouse_Thymus4,2445,44_45,9,Mouse_Thymus4
Mouse_Thymus4,2446,44_36,1,Mouse_Thymus4
Mouse_Thymus4,2447,34_49,0,Mouse_Thymus4
Mouse_Thymus4,2448,36_21,0,Mouse_Thymus4
Mouse_Thymus4,2449,57_37,1,Mouse_Thymus4
Mouse_Thymus4,2450,28_44,1,Mouse_Thymus4
Mouse_Thymus4,2451,54_28,1,Mouse_Thymus4
Mouse_Thymus4,2452,53_2,8,Mouse_Thymus4
Mouse_Thymus4,2453,47_4,5,Mouse_Thymus4
Mouse_Thymus4,2454,20_57,9,Mouse_Thymus4
Mouse_Thymus4,2455,38_13,5,Mouse_Thymus4
Mouse_Thymus4,2456,24_83,8,Mouse_Thymus4
Mouse_Thymus4,2457,60_95,8,Mouse_Thymus4
Mouse_Thymus4,2458,46_104,1,Mouse_Thymus4
Mouse_Thymus4,2459,65_3,6,Mouse_Thymus4
Mouse_Thymus4,2460,34_14,8,Mouse_Thymus4
Mouse_Thymus4,2461,45_16,0,Mouse_Thymus4
Mouse_Thymus4,2462,49_25,1,Mouse_Thymus4
Mouse_Thymus4,2463,26_38,0,Mouse_Thymus4
Mouse_Thymus4,2464,38_67,0,Mouse_Thymus4
Mouse_Thymus4,2465,9_57,1,Mouse_Thymus4
Mouse_Thymus4,2466,45_85,0,Mouse_Thymus4
Mouse_Thymus4,2467,35_18,5,Mouse_Thymus4
Mouse_Thymus4,2468,15_54,9,Mouse_Thymus4
Mouse_Thymus4,2469,29_95,5,Mouse_Thymus4
Mouse_Thymus4,2470,32_63,6,Mouse_Thymus4
Mouse_Thymus4,2471,16_69,5,Mouse_Thymus4
Mouse_Thymus4,2472,19_78,5,Mouse_Thymus4
Mouse_Thymus4,2473,21_41,0,Mouse_Thymus4
Mouse_Thymus4,2474,57_22,1,Mouse_Thymus4
Mouse_Thymus4,2475,64_0,8,Mouse_Thymus4
Mouse_Thymus4,2476,46_80,0,Mouse_Thymus4
Mouse_Thymus4,2477,14_62,5,Mouse_Thymus4
Mouse_Thymus4,2478,64_8,1,Mouse_Thymus4
Mouse_Thymus4,2479,20_69,8,Mouse_Thymus4
Mouse_Thymus4,2480,32_68,0,Mouse_Thymus4
Mouse_Thymus4,2481,53_90,0,Mouse_Thymus4
Mouse_Thymus4,2482,39_66,0,Mouse_Thymus4
Mouse_Thymus4,2483,56_94,5,Mouse_Thymus4
Mouse_Thymus4,2484,53_92,0,Mouse_Thymus4
Mouse_Thymus4,2485,53_108,0,Mouse_Thymus4
Mouse_Thymus4,2486,54_20,1,Mouse_Thymus4
Mouse_Thymus4,2487,41_34,1,Mouse_Thymus4
Mouse_Thymus4,2488,60_107,5,Mouse_Thymus4
Mouse_Thymus4,2489,41_31,1,Mouse_Thymus4
Mouse_Thymus4,2490,43_68,5,Mouse_Thymus4
Mouse_Thymus4,2491,49_24,1,Mouse_Thymus4
Mouse_Thymus4,2492,46_6,8,Mouse_Thymus4
Mouse_Thymus4,2493,31_95,1,Mouse_Thymus4
Mouse_Thymus4,2494,30_59,0,Mouse_Thymus4
Mouse_Thymus4,2495,70_3,5,Mouse_Thymus4
Mouse_Thymus4,2496,61_99,5,Mouse_Thymus4
Mouse_Thymus4,2497,28_57,0,Mouse_Thymus4
Mouse_Thymus4,2498,55_21,8,Mouse_Thymus4
Mouse_Thymus4,2499,11_54,1,Mouse_Thymus4
Mouse_Thymus4,2500,64_26,5,Mouse_Thymus4
Mouse_Thymus4,2501,41_12,1,Mouse_Thymus4
Mouse_Thymus4,2502,50_37,1,Mouse_Thymus4
Mouse_Thymus4,2503,27_33,0,Mouse_Thymus4
Mouse_Thymus4,2504,57_34,1,Mouse_Thymus4
Mouse_Thymus4,2505,53_118,1,Mouse_Thymus4
Mouse_Thymus4,2506,53_10,0,Mouse_Thymus4
Mouse_Thymus4,2507,28_86,1,Mouse_Thymus4
Mouse_Thymus4,2508,45_70,1,Mouse_Thymus4
Mouse_Thymus4,2509,13_46,1,Mouse_Thymus4
Mouse_Thymus4,2510,55_99,0,Mouse_Thymus4
Mouse_Thymus4,2511,23_84,8,Mouse_Thymus4
Mouse_Thymus4,2512,52_47,5,Mouse_Thymus4
Mouse_Thymus4,2513,28_93,1,Mouse_Thymus4
Mouse_Thymus4,2514,55_41,5,Mouse_Thymus4
Mouse_Thymus4,2515,15_32,1,Mouse_Thymus4
Mouse_Thymus4,2516,38_18,6,Mouse_Thymus4
Mouse_Thymus4,2517,27_44,6,Mouse_Thymus4
Mouse_Thymus4,2518,9_61,1,Mouse_Thymus4
Mouse_Thymus4,2519,33_34,1,Mouse_Thymus4
Mouse_Thymus4,2520,28_33,0,Mouse_Thymus4
Mouse_Thymus4,2521,23_25,9,Mouse_Thymus4
Mouse_Thymus4,2522,17_49,6,Mouse_Thymus4
Mouse_Thymus4,2523,49_105,0,Mouse_Thymus4
Mouse_Thymus4,2524,24_29,6,Mouse_Thymus4
Mouse_Thymus4,2525,34_17,5,Mouse_Thymus4
Mouse_Thymus4,2526,45_106,1,Mouse_Thymus4
Mouse_Thymus4,2527,27_49,0,Mouse_Thymus4
Mouse_Thymus4,2528,34_91,0,Mouse_Thymus4
Mouse_Thymus4,2529,39_15,8,Mouse_Thymus4
Mouse_Thymus4,2530,24_42,6,Mouse_Thymus4
Mouse_Thymus4,2531,55_109,1,Mouse_Thymus4
Mouse_Thymus4,2532,20_36,8,Mouse_Thymus4
Mouse_Thymus4,2533,56_26,1,Mouse_Thymus4
Mouse_Thymus4,2534,23_43,0,Mouse_Thymus4
Mouse_Thymus4,2535,17_44,0,Mouse_Thymus4
Mouse_Thymus4,2536,66_0,9,Mouse_Thymus4
Mouse_Thymus4,2537,23_74,0,Mouse_Thymus4
Mouse_Thymus4,2538,25_49,0,Mouse_Thymus4
Mouse_Thymus4,2539,44_96,8,Mouse_Thymus4
Mouse_Thymus4,2540,48_96,0,Mouse_Thymus4
Mouse_Thymus4,2541,51_3,8,Mouse_Thymus4
Mouse_Thymus4,2542,50_84,6,Mouse_Thymus4
Mouse_Thymus4,2543,24_21,4,Mouse_Thymus4
Mouse_Thymus4,2544,38_89,5,Mouse_Thymus4
Mouse_Thymus4,2545,9_53,1,Mouse_Thymus4
Mouse_Thymus4,2546,41_68,1,Mouse_Thymus4
Mouse_Thymus4,2547,10_47,1,Mouse_Thymus4
Mouse_Thymus4,2548,53_34,1,Mouse_Thymus4
Mouse_Thymus4,2549,31_28,0,Mouse_Thymus4
Mouse_Thymus4,2550,54_42,1,Mouse_Thymus4
Mouse_Thymus4,2551,40_70,6,Mouse_Thymus4
Mouse_Thymus4,2552,44_43,8,Mouse_Thymus4
Mouse_Thymus4,2553,53_109,0,Mouse_Thymus4
Mouse_Thymus4,2554,44_109,9,Mouse_Thymus4
Mouse_Thymus4,2555,18_59,9,Mouse_Thymus4
Mouse_Thymus4,2556,58_90,5,Mouse_Thymus4
Mouse_Thymus4,2557,55_110,6,Mouse_Thymus4
Mouse_Thymus4,2558,53_32,1,Mouse_Thymus4
Mouse_Thymus4,2559,22_35,1,Mouse_Thymus4
Mouse_Thymus4,2560,34_52,0,Mouse_Thymus4
Mouse_Thymus4,2561,29_42,8,Mouse_Thymus4
Mouse_Thymus4,2562,38_74,6,Mouse_Thymus4
Mouse_Thymus4,2563,16_28,8,Mouse_Thymus4
Mouse_Thymus4,2564,51_101,0,Mouse_Thymus4
Mouse_Thymus4,2565,38_41,1,Mouse_Thymus4
Mouse_Thymus4,2566,19_33,9,Mouse_Thymus4
Mouse_Thymus4,2567,40_100,5,Mouse_Thymus4
Mouse_Thymus4,2568,39_71,5,Mouse_Thymus4
Mouse_Thymus4,2569,53_86,5,Mouse_Thymus4
Mouse_Thymus4,2570,43_58,4,Mouse_Thymus4
Mouse_Thymus4,2571,41_94,5,Mouse_Thymus4
Mouse_Thymus4,2572,18_31,8,Mouse_Thymus4
Mouse_Thymus4,2573,19_69,1,Mouse_Thymus4
Mouse_Thymus4,2574,46_25,8,Mouse_Thymus4
Mouse_Thymus4,2575,9_36,5,Mouse_Thymus4
Mouse_Thymus4,2576,15_31,1,Mouse_Thymus4
Mouse_Thymus4,2577,45_110,5,Mouse_Thymus4
Mouse_Thymus4,2578,55_83,8,Mouse_Thymus4
Mouse_Thymus4,2579,52_9,0,Mouse_Thymus4
Mouse_Thymus4,2580,53_117,6,Mouse_Thymus4
Mouse_Thymus4,2581,36_37,9,Mouse_Thymus4
Mouse_Thymus4,2582,56_102,5,Mouse_Thymus4
Mouse_Thymus4,2583,34_56,0,Mouse_Thymus4
Mouse_Thymus4,2584,8_60,1,Mouse_Thymus4
Mouse_Thymus4,2585,24_34,0,Mouse_Thymus4
Mouse_Thymus4,2586,69_5,5,Mouse_Thymus4
Mouse_Thymus4,2587,38_85,5,Mouse_Thymus4
Mouse_Thymus4,2588,48_6,5,Mouse_Thymus4
Mouse_Thymus4,2589,14_67,9,Mouse_Thymus4
Mouse_Thymus4,2590,50_50,5,Mouse_Thymus4
Mouse_Thymus4,2591,40_95,5,Mouse_Thymus4
Mouse_Thymus4,2592,45_17,0,Mouse_Thymus4
Mouse_Thymus4,2593,31_33,9,Mouse_Thymus4
Mouse_Thymus4,2594,50_38,1,Mouse_Thymus4
Mouse_Thymus4,2595,37_41,1,Mouse_Thymus4
Mouse_Thymus4,2596,55_92,5,Mouse_Thymus4
Mouse_Thymus4,2597,32_85,0,Mouse_Thymus4
Mouse_Thymus4,2598,38_95,5,Mouse_Thymus4
Mouse_Thymus4,2599,35_65,5,Mouse_Thymus4
Mouse_Thymus4,2600,31_49,6,Mouse_Thymus4
Mouse_Thymus4,2601,29_64,6,Mouse_Thymus4
Mouse_Thymus4,2602,5_56,1,Mouse_Thymus4
Mouse_Thymus4,2603,26_71,6,Mouse_Thymus4
Mouse_Thymus4,2604,59_34,5,Mouse_Thymus4
Mouse_Thymus4,2605,8_48,1,Mouse_Thymus4
Mouse_Thymus4,2606,51_25,1,Mouse_Thymus4
Mouse_Thymus4,2607,41_92,8,Mouse_Thymus4
Mouse_Thymus4,2608,13_43,5,Mouse_Thymus4
Mouse_Thymus4,2609,21_51,0,Mouse_Thymus4
Mouse_Thymus4,2610,26_82,1,Mouse_Thymus4
Mouse_Thymus4,2611,57_8,6,Mouse_Thymus4
Mouse_Thymus4,2612,43_10,1,Mouse_Thymus4
Mouse_Thymus4,2613,5_40,1,Mouse_Thymus4
Mouse_Thymus4,2614,54_84,5,Mouse_Thymus4
Mouse_Thymus4,2615,15_61,5,Mouse_Thymus4
Mouse_Thymus4,2616,53_116,6,Mouse_Thymus4
Mouse_Thymus4,2617,39_96,1,Mouse_Thymus4
Mouse_Thymus4,2618,46_24,1,Mouse_Thymus4
Mouse_Thymus4,2619,47_88,0,Mouse_Thymus4
Mouse_Thymus4,2620,68_0,9,Mouse_Thymus4
Mouse_Thymus4,2621,29_51,0,Mouse_Thymus4
Mouse_Thymus4,2622,29_72,6,Mouse_Thymus4
Mouse_Thymus4,2623,51_116,1,Mouse_Thymus4
Mouse_Thymus4,2624,24_60,0,Mouse_Thymus4
Mouse_Thymus4,2625,60_13,1,Mouse_Thymus4
Mouse_Thymus4,2626,13_30,8,Mouse_Thymus4
Mouse_Thymus4,2627,42_28,0,Mouse_Thymus4
Mouse_Thymus4,2628,54_41,1,Mouse_Thymus4
Mouse_Thymus4,2629,32_84,0,Mouse_Thymus4
Mouse_Thymus4,2630,36_32,0,Mouse_Thymus4
Mouse_Thymus4,2631,48_80,0,Mouse_Thymus4
Mouse_Thymus4,2632,19_63,1,Mouse_Thymus4
Mouse_Thymus4,2633,55_97,0,Mouse_Thymus4
Mouse_Thymus4,2634,61_15,5,Mouse_Thymus4
Mouse_Thymus4,2635,30_26,0,Mouse_Thymus4
Mouse_Thymus4,2636,55_7,0,Mouse_Thymus4
Mouse_Thymus4,2637,37_52,0,Mouse_Thymus4
Mouse_Thymus4,2638,32_77,8,Mouse_Thymus4
Mouse_Thymus4,2639,33_64,8,Mouse_Thymus4
Mouse_Thymus4,2640,19_74,1,Mouse_Thymus4
Mouse_Thymus4,2641,53_6,1,Mouse_Thymus4
Mouse_Thymus4,2642,54_10,6,Mouse_Thymus4
Mouse_Thymus4,2643,67_9,5,Mouse_Thymus4
Mouse_Thymus4,2644,33_55,6,Mouse_Thymus4
Mouse_Thymus4,2645,8_34,9,Mouse_Thymus4
Mouse_Thymus4,2646,43_8,1,Mouse_Thymus4
Mouse_Thymus4,2647,21_34,1,Mouse_Thymus4
Mouse_Thymus4,2648,53_17,1,Mouse_Thymus4
Mouse_Thymus4,2649,45_27,1,Mouse_Thymus4
Mouse_Thymus4,2650,61_92,5,Mouse_Thymus4
Mouse_Thymus4,2651,61_4,0,Mouse_Thymus4
Mouse_Thymus4,2652,53_29,1,Mouse_Thymus4
Mouse_Thymus4,2653,45_30,1,Mouse_Thymus4
Mouse_Thymus4,2654,21_46,0,Mouse_Thymus4
Mouse_Thymus4,2655,10_37,5,Mouse_Thymus4
Mouse_Thymus4,2656,20_35,1,Mouse_Thymus4
Mouse_Thymus4,2657,54_101,0,Mouse_Thymus4
Mouse_Thymus4,2658,45_101,5,Mouse_Thymus4
Mouse_Thymus4,2659,35_14,8,Mouse_Thymus4
Mouse_Thymus4,2660,18_76,1,Mouse_Thymus4
Mouse_Thymus4,2661,19_40,0,Mouse_Thymus4
Mouse_Thymus4,2662,35_62,6,Mouse_Thymus4
Mouse_Thymus4,2663,4_52,5,Mouse_Thymus4
Mouse_Thymus4,2664,45_93,6,Mouse_Thymus4
Mouse_Thymus4,2665,8_36,5,Mouse_Thymus4
Mouse_Thymus4,2666,49_106,0,Mouse_Thymus4
Mouse_Thymus4,2667,48_85,0,Mouse_Thymus4
Mouse_Thymus4,2668,21_27,8,Mouse_Thymus4
Mouse_Thymus4,2669,36_93,5,Mouse_Thymus4
Mouse_Thymus4,2670,46_27,9,Mouse_Thymus4
Mouse_Thymus4,2671,39_45,5,Mouse_Thymus4
Mouse_Thymus4,2672,53_46,5,Mouse_Thymus4
Mouse_Thymus4,2673,27_35,0,Mouse_Thymus4
Mouse_Thymus4,2674,19_61,9,Mouse_Thymus4
Mouse_Thymus4,2675,38_25,0,Mouse_Thymus4
Mouse_Thymus4,2676,61_12,5,Mouse_Thymus4
Mouse_Thymus4,2677,27_91,5,Mouse_Thymus4
Mouse_Thymus4,2678,57_17,8,Mouse_Thymus4
Mouse_Thymus4,2679,55_43,5,Mouse_Thymus4
Mouse_Thymus4,2680,45_26,9,Mouse_Thymus4
Mouse_Thymus4,2681,33_31,1,Mouse_Thymus4
Mouse_Thymus4,2682,61_22,5,Mouse_Thymus4
Mouse_Thymus4,2683,8_35,9,Mouse_Thymus4
Mouse_Thymus4,2684,40_17,0,Mouse_Thymus4
Mouse_Thymus4,2685,41_29,0,Mouse_Thymus4
Mouse_Thymus4,2686,38_20,0,Mouse_Thymus4
Mouse_Thymus4,2687,43_75,6,Mouse_Thymus4
Mouse_Thymus4,2688,42_93,5,Mouse_Thymus4
Mouse_Thymus4,2689,22_79,1,Mouse_Thymus4
Mouse_Thymus4,2690,61_10,6,Mouse_Thymus4
Mouse_Thymus4,2691,59_21,1,Mouse_Thymus4
Mouse_Thymus4,2692,20_56,1,Mouse_Thymus4
Mouse_Thymus4,2693,16_33,1,Mouse_Thymus4
Mouse_Thymus4,2694,40_42,1,Mouse_Thymus4
Mouse_Thymus4,2695,61_2,5,Mouse_Thymus4
Mouse_Thymus4,2696,32_91,6,Mouse_Thymus4
Mouse_Thymus4,2697,18_46,0,Mouse_Thymus4
Mouse_Thymus4,2698,36_17,5,Mouse_Thymus4
Mouse_Thymus4,2699,23_46,0,Mouse_Thymus4
Mouse_Thymus4,2700,47_38,1,Mouse_Thymus4
Mouse_Thymus4,2701,27_43,9,Mouse_Thymus4
Mouse_Thymus4,2702,46_70,6,Mouse_Thymus4
Mouse_Thymus4,2703,55_26,5,Mouse_Thymus4
Mouse_Thymus4,2704,34_83,0,Mouse_Thymus4
Mouse_Thymus4,2705,15_38,1,Mouse_Thymus4
Mouse_Thymus4,2706,47_73,5,Mouse_Thymus4
Mouse_Thymus4,2707,50_92,0,Mouse_Thymus4
Mouse_Thymus4,2708,49_80,8,Mouse_Thymus4
Mouse_Thymus4,2709,35_69,6,Mouse_Thymus4
Mouse_Thymus4,2710,42_55,0,Mouse_Thymus4
Mouse_Thymus4,2711,21_74,0,Mouse_Thymus4
Mouse_Thymus4,2712,50_31,1,Mouse_Thymus4
Mouse_Thymus4,2713,31_72,0,Mouse_Thymus4
Mouse_Thymus4,2714,12_33,1,Mouse_Thymus4
Mouse_Thymus4,2715,7_47,1,Mouse_Thymus4
Mouse_Thymus4,2716,59_104,1,Mouse_Thymus4
Mouse_Thymus4,2717,56_116,5,Mouse_Thymus4
Mouse_Thymus4,2718,54_110,0,Mouse_Thymus4
Mouse_Thymus4,2719,21_65,1,Mouse_Thymus4
Mouse_Thymus4,2720,21_28,5,Mouse_Thymus4
Mouse_Thymus4,2721,67_4,6,Mouse_Thymus4
Mouse_Thymus4,2722,48_87,6,Mouse_Thymus4
Mouse_Thymus4,2723,41_32,6,Mouse_Thymus4
Mouse_Thymus4,2724,54_115,1,Mouse_Thymus4
Mouse_Thymus4,2725,46_9,6,Mouse_Thymus4
Mouse_Thymus4,2726,27_74,1,Mouse_Thymus4
Mouse_Thymus4,2727,36_64,0,Mouse_Thymus4
Mouse_Thymus4,2728,25_46,0,Mouse_Thymus4
Mouse_Thymus4,2729,44_89,0,Mouse_Thymus4
Mouse_Thymus4,2730,28_82,5,Mouse_Thymus4
Mouse_Thymus4,2731,18_78,5,Mouse_Thymus4
Mouse_Thymus4,2732,44_21,6,Mouse_Thymus4
Mouse_Thymus4,2733,48_75,6,Mouse_Thymus4
Mouse_Thymus4,2734,30_60,0,Mouse_Thymus4
Mouse_Thymus4,2735,15_60,9,Mouse_Thymus4
Mouse_Thymus4,2736,40_101,1,Mouse_Thymus4
Mouse_Thymus4,2737,18_44,0,Mouse_Thymus4
Mouse_Thymus4,2738,55_37,1,Mouse_Thymus4
Mouse_Thymus4,2739,52_94,0,Mouse_Thymus4
Mouse_Thymus4,2740,15_35,1,Mouse_Thymus4
Mouse_Thymus4,2741,43_34,1,Mouse_Thymus4
Mouse_Thymus4,2742,52_39,1,Mouse_Thymus4
Mouse_Thymus4,2743,6_49,5,Mouse_Thymus4
Mouse_Thymus4,2744,44_8,5,Mouse_Thymus4
Mouse_Thymus4,2745,43_73,6,Mouse_Thymus4
Mouse_Thymus4,2746,58_91,5,Mouse_Thymus4
Mouse_Thymus4,2747,14_46,1,Mouse_Thymus4
Mouse_Thymus4,2748,41_97,8,Mouse_Thymus4
Mouse_Thymus4,2749,45_36,1,Mouse_Thymus4
Mouse_Thymus4,2750,35_48,9,Mouse_Thymus4
Mouse_Thymus4,2751,43_85,0,Mouse_Thymus4
Mouse_Thymus4,2752,42_42,5,Mouse_Thymus4
Mouse_Thymus4,2753,48_100,6,Mouse_Thymus4
Mouse_Thymus4,2754,15_57,1,Mouse_Thymus4
Mouse_Thymus4,2755,27_71,1,Mouse_Thymus4
Mouse_Thymus4,2756,60_26,1,Mouse_Thymus4
Mouse_Thymus4,2757,58_100,1,Mouse_Thymus4
Mouse_Thymus4,2758,38_54,0,Mouse_Thymus4
Mouse_Thymus4,2759,7_46,8,Mouse_Thymus4
Mouse_Thymus4,2760,54_32,5,Mouse_Thymus4
Mouse_Thymus4,2761,51_100,0,Mouse_Thymus4
Mouse_Thymus4,2762,21_72,6,Mouse_Thymus4
Mouse_Thymus4,2763,30_33,1,Mouse_Thymus4
Mouse_Thymus4,2764,24_58,0,Mouse_Thymus4
Mouse_Thymus4,2765,40_86,1,Mouse_Thymus4
Mouse_Thymus4,2766,59_105,1,Mouse_Thymus4
Mouse_Thymus4,2767,52_36,8,Mouse_Thymus4
Mouse_Thymus4,2768,26_52,0,Mouse_Thymus4
Mouse_Thymus4,2769,26_85,5,Mouse_Thymus4
Mouse_Thymus4,2770,45_23,8,Mouse_Thymus4
Mouse_Thymus4,2771,45_71,5,Mouse_Thymus4
Mouse_Thymus4,2772,44_46,9,Mouse_Thymus4
Mouse_Thymus4,2773,19_36,1,Mouse_Thymus4
Mouse_Thymus4,2774,17_37,1,Mouse_Thymus4
Mouse_Thymus4,2775,56_90,5,Mouse_Thymus4
Mouse_Thymus4,2776,56_11,5,Mouse_Thymus4
Mouse_Thymus4,2777,32_45,0,Mouse_Thymus4
Mouse_Thymus4,2778,56_89,5,Mouse_Thymus4
Mouse_Thymus4,2779,30_79,0,Mouse_Thymus4
Mouse_Thymus4,2780,40_33,1,Mouse_Thymus4
Mouse_Thymus4,2781,19_39,0,Mouse_Thymus4
Mouse_Thymus4,2782,32_21,1,Mouse_Thymus4
Mouse_Thymus4,2783,28_41,6,Mouse_Thymus4
Mouse_Thymus4,2784,30_91,6,Mouse_Thymus4
Mouse_Thymus4,2785,56_79,4,Mouse_Thymus4
Mouse_Thymus4,2786,25_54,8,Mouse_Thymus4
Mouse_Thymus4,2787,23_30,1,Mouse_Thymus4
Mouse_Thymus4,2788,54_24,1,Mouse_Thymus4
Mouse_Thymus4,2789,31_34,9,Mouse_Thymus4
Mouse_Thymus4,2790,3_52,5,Mouse_Thymus4
Mouse_Thymus4,2791,55_13,5,Mouse_Thymus4
Mouse_Thymus4,2792,27_24,5,Mouse_Thymus4
Mouse_Thymus4,2793,47_49,0,Mouse_Thymus4
Mouse_Thymus4,2794,30_89,6,Mouse_Thymus4
Mouse_Thymus4,2795,43_15,0,Mouse_Thymus4
Mouse_Thymus4,2796,49_95,0,Mouse_Thymus4
Mouse_Thymus4,2797,57_11,8,Mouse_Thymus4
Mouse_Thymus4,2798,31_26,6,Mouse_Thymus4
Mouse_Thymus4,2799,56_111,5,Mouse_Thymus4
Mouse_Thymus4,2800,35_40,1,Mouse_Thymus4
Mouse_Thymus4,2801,50_82,0,Mouse_Thymus4
Mouse_Thymus4,2802,32_65,6,Mouse_Thymus4
Mouse_Thymus4,2803,32_70,6,Mouse_Thymus4
Mouse_Thymus4,2804,58_83,5,Mouse_Thymus4
Mouse_Thymus4,2805,60_94,5,Mouse_Thymus4
Mouse_Thymus4,2806,50_107,0,Mouse_Thymus4
Mouse_Thymus4,2807,35_16,5,Mouse_Thymus4
Mouse_Thymus4,2808,38_70,8,Mouse_Thymus4
Mouse_Thymus4,2809,11_52,1,Mouse_Thymus4
Mouse_Thymus4,2810,60_25,1,Mouse_Thymus4
Mouse_Thymus4,2811,31_61,6,Mouse_Thymus4
Mouse_Thymus4,2812,57_38,8,Mouse_Thymus4
Mouse_Thymus4,2813,47_8,1,Mouse_Thymus4
Mouse_Thymus4,2814,30_70,0,Mouse_Thymus4
Mouse_Thymus4,2815,40_69,0,Mouse_Thymus4
Mouse_Thymus4,2816,46_84,0,Mouse_Thymus4
Mouse_Thymus4,2817,45_98,5,Mouse_Thymus4
Mouse_Thymus4,2818,4_45,1,Mouse_Thymus4
Mouse_Thymus4,2819,58_101,5,Mouse_Thymus4
Mouse_Thymus4,2820,8_47,1,Mouse_Thymus4
Mouse_Thymus4,2821,29_69,0,Mouse_Thymus4
Mouse_Thymus4,2822,54_7,8,Mouse_Thymus4
Mouse_Thymus4,2823,52_42,9,Mouse_Thymus4
Mouse_Thymus4,2824,69_1,5,Mouse_Thymus4
Mouse_Thymus4,2825,36_40,5,Mouse_Thymus4
Mouse_Thymus4,2826,15_29,8,Mouse_Thymus4
Mouse_Thymus4,2827,28_38,0,Mouse_Thymus4
Mouse_Thymus4,2828,54_95,0,Mouse_Thymus4
Mouse_Thymus4,2829,45_90,0,Mouse_Thymus4
Mouse_Thymus4,2830,19_28,5,Mouse_Thymus4
Mouse_Thymus4,2831,51_105,0,Mouse_Thymus4
Mouse_Thymus4,2832,34_73,9,Mouse_Thymus4
Mouse_Thymus4,2833,30_43,6,Mouse_Thymus4
Mouse_Thymus4,2834,58_40,4,Mouse_Thymus4
Mouse_Thymus4,2835,55_85,5,Mouse_Thymus4
Mouse_Thymus4,2836,57_23,8,Mouse_Thymus4
Mouse_Thymus4,2837,28_23,1,Mouse_Thymus4
Mouse_Thymus4,2838,18_39,0,Mouse_Thymus4
Mouse_Thymus4,2839,46_112,5,Mouse_Thymus4
Mouse_Thymus4,2840,13_58,8,Mouse_Thymus4
Mouse_Thymus4,2841,29_82,6,Mouse_Thymus4
Mouse_Thymus4,2842,18_32,1,Mouse_Thymus4
Mouse_Thymus4,2843,41_36,9,Mouse_Thymus4
Mouse_Thymus4,2844,47_12,0,Mouse_Thymus4
Mouse_Thymus4,2845,43_11,1,Mouse_Thymus4
Mouse_Thymus4,2846,22_81,1,Mouse_Thymus4
Mouse_Thymus4,2847,37_77,5,Mouse_Thymus4
Mouse_Thymus4,2848,44_98,6,Mouse_Thymus4
Mouse_Thymus4,2849,38_26,0,Mouse_Thymus4
Mouse_Thymus4,2850,28_37,0,Mouse_Thymus4
Mouse_Thymus4,2851,58_87,5,Mouse_Thymus4
Mouse_Thymus4,2852,17_71,1,Mouse_Thymus4
Mouse_Thymus4,2853,14_56,8,Mouse_Thymus4
Mouse_Thymus4,2854,65_0,9,Mouse_Thymus4
Mouse_Thymus4,2855,57_80,4,Mouse_Thymus4
Mouse_Thymus4,2856,28_31,0,Mouse_Thymus4
Mouse_Thymus4,2857,42_62,5,Mouse_Thymus4
Mouse_Thymus4,2858,71_3,1,Mouse_Thymus4
Mouse_Thymus4,2859,57_107,5,Mouse_Thymus4
Mouse_Thymus4,2860,16_60,1,Mouse_Thymus4
Mouse_Thymus4,2861,42_94,5,Mouse_Thymus4
Mouse_Thymus4,2862,40_30,6,Mouse_Thymus4
Mouse_Thymus4,2863,54_90,4,Mouse_Thymus4
Mouse_Thymus4,2864,49_102,0,Mouse_Thymus4
Mouse_Thymus4,2865,57_106,1,Mouse_Thymus4
Mouse_Thymus4,2866,54_109,0,Mouse_Thymus4
Mouse_Thymus4,2867,39_17,6,Mouse_Thymus4
Mouse_Thymus4,2868,36_13,8,Mouse_Thymus4
Mouse_Thymus4,2869,20_84,5,Mouse_Thymus4
Mouse_Thymus4,2870,55_88,8,Mouse_Thymus4
Mouse_Thymus4,2871,26_24,5,Mouse_Thymus4
Mouse_Thymus4,2872,20_61,9,Mouse_Thymus4
Mouse_Thymus4,2873,6_38,5,Mouse_Thymus4
Mouse_Thymus4,2874,48_44,8,Mouse_Thymus4
Mouse_Thymus4,2875,34_65,1,Mouse_Thymus4
Mouse_Thymus4,2876,37_70,6,Mouse_Thymus4
Mouse_Thymus4,2877,23_31,9,Mouse_Thymus4
Mouse_Thymus4,2878,37_25,0,Mouse_Thymus4
Mouse_Thymus4,2879,31_24,5,Mouse_Thymus4
Mouse_Thymus4,2880,35_81,9,Mouse_Thymus4
Mouse_Thymus4,2881,56_106,5,Mouse_Thymus4
Mouse_Thymus4,2882,4_59,1,Mouse_Thymus4
Mouse_Thymus4,2883,28_27,0,Mouse_Thymus4
Mouse_Thymus4,2884,38_82,5,Mouse_Thymus4
Mouse_Thymus4,2885,27_25,8,Mouse_Thymus4
Mouse_Thymus4,2886,10_49,1,Mouse_Thymus4
Mouse_Thymus4,2887,45_100,5,Mouse_Thymus4
Mouse_Thymus4,2888,4_42,9,Mouse_Thymus4
Mouse_Thymus4,2889,47_108,5,Mouse_Thymus4
Mouse_Thymus4,2890,53_33,5,Mouse_Thymus4
Mouse_Thymus4,2891,50_8,6,Mouse_Thymus4
Mouse_Thymus4,2892,15_40,6,Mouse_Thymus4
Mouse_Thymus4,2893,2_59,5,Mouse_Thymus4
Mouse_Thymus4,2894,13_32,9,Mouse_Thymus4
Mouse_Thymus4,2895,61_102,1,Mouse_Thymus4
Mouse_Thymus4,2896,39_30,0,Mouse_Thymus4
Mouse_Thymus4,2897,42_10,8,Mouse_Thymus4
Mouse_Thymus4,2898,31_70,0,Mouse_Thymus4
Mouse_Thymus4,2899,11_64,5,Mouse_Thymus4
Mouse_Thymus4,2900,16_45,0,Mouse_Thymus4
Mouse_Thymus4,2901,18_30,5,Mouse_Thymus4
Mouse_Thymus4,2902,55_44,4,Mouse_Thymus4
Mouse_Thymus4,2903,37_76,6,Mouse_Thymus4
Mouse_Thymus4,2904,30_21,1,Mouse_Thymus4
Mouse_Thymus4,2905,31_52,0,Mouse_Thymus4
Mouse_Thymus4,2906,43_104,5,Mouse_Thymus4
Mouse_Thymus4,2907,35_50,6,Mouse_Thymus4
Mouse_Thymus4,2908,42_43,1,Mouse_Thymus4
Mouse_Thymus4,2909,31_30,0,Mouse_Thymus4
Mouse_Thymus4,2910,9_48,1,Mouse_Thymus4
Mouse_Thymus4,2911,45_111,8,Mouse_Thymus4
Mouse_Thymus4,2912,20_66,6,Mouse_Thymus4
Mouse_Thymus4,2913,13_31,9,Mouse_Thymus4
Mouse_Thymus4,2914,41_76,0,Mouse_Thymus4
Mouse_Thymus4,2915,61_89,5,Mouse_Thymus4
Mouse_Thymus4,2916,56_35,1,Mouse_Thymus4
Mouse_Thymus4,2917,38_23,0,Mouse_Thymus4
Mouse_Thymus4,2918,27_53,0,Mouse_Thymus4
Mouse_Thymus4,2919,29_25,9,Mouse_Thymus4
Mouse_Thymus4,2920,31_78,6,Mouse_Thymus4
Mouse_Thymus4,2921,46_51,0,Mouse_Thymus4
Mouse_Thymus4,2922,27_45,5,Mouse_Thymus4
Mouse_Thymus4,2923,26_29,0,Mouse_Thymus4
Mouse_Thymus4,2924,66_3,0,Mouse_Thymus4
Mouse_Thymus4,2925,23_78,1,Mouse_Thymus4
Mouse_Thymus4,2926,20_33,9,Mouse_Thymus4
Mouse_Thymus4,2927,70_4,5,Mouse_Thymus4
Mouse_Thymus4,2928,51_43,9,Mouse_Thymus4
Mouse_Thymus4,2929,55_30,1,Mouse_Thymus4
Mouse_Thymus4,2930,48_99,0,Mouse_Thymus4
Mouse_Thymus4,2931,25_31,0,Mouse_Thymus4
Mouse_Thymus4,2932,44_54,0,Mouse_Thymus4
Mouse_Thymus4,2933,33_81,0,Mouse_Thymus4
Mouse_Thymus4,2934,48_109,6,Mouse_Thymus4
Mouse_Thymus4,2935,57_20,5,Mouse_Thymus4
Mouse_Thymus4,2936,53_43,1,Mouse_Thymus4
Mouse_Thymus4,2937,5_42,5,Mouse_Thymus4
Mouse_Thymus4,2938,30_76,0,Mouse_Thymus4
Mouse_Thymus4,2939,37_47,5,Mouse_Thymus4
Mouse_Thymus4,2940,43_74,1,Mouse_Thymus4
Mouse_Thymus4,2941,39_43,1,Mouse_Thymus4
Mouse_Thymus4,2942,53_96,0,Mouse_Thymus4
Mouse_Thymus4,2943,53_100,0,Mouse_Thymus4
Mouse_Thymus4,2944,8_55,1,Mouse_Thymus4
Mouse_Thymus4,2945,49_103,6,Mouse_Thymus4
Mouse_Thymus4,2946,26_86,1,Mouse_Thymus4
Mouse_Thymus4,2947,23_82,1,Mouse_Thymus4
Mouse_Thymus4,2948,28_78,6,Mouse_Thymus4
Mouse_Thymus4,2949,60_111,4,Mouse_Thymus4
Mouse_Thymus4,2950,23_64,0,Mouse_Thymus4
Mouse_Thymus4,2951,20_65,9,Mouse_Thymus4
Mouse_Thymus4,2952,57_28,1,Mouse_Thymus4
Mouse_Thymus4,2953,50_4,8,Mouse_Thymus4
Mouse_Thymus4,2954,33_59,0,Mouse_Thymus4
Mouse_Thymus4,2955,12_65,1,Mouse_Thymus4
Mouse_Thymus4,2956,48_95,0,Mouse_Thymus4
Mouse_Thymus4,2957,42_23,0,Mouse_Thymus4
Mouse_Thymus4,2958,58_4,5,Mouse_Thymus4
Mouse_Thymus4,2959,54_43,8,Mouse_Thymus4
Mouse_Thymus4,2960,39_82,5,Mouse_Thymus4
Mouse_Thymus4,2961,48_103,5,Mouse_Thymus4
Mouse_Thymus4,2962,50_24,1,Mouse_Thymus4
Mouse_Thymus4,2963,52_114,5,Mouse_Thymus4
Mouse_Thymus4,2964,10_51,1,Mouse_Thymus4
Mouse_Thymus4,2965,20_70,1,Mouse_Thymus4
Mouse_Thymus4,2966,53_84,5,Mouse_Thymus4
Mouse_Thymus4,2967,20_74,5,Mouse_Thymus4
Mouse_Thymus4,2968,59_1,9,Mouse_Thymus4
Mouse_Thymus4,2969,6_58,1,Mouse_Thymus4
Mouse_Thymus4,2970,46_37,1,Mouse_Thymus4
Mouse_Thymus4,2971,42_25,0,Mouse_Thymus4
Mouse_Thymus4,2972,18_74,1,Mouse_Thymus4
Mouse_Thymus4,2973,52_88,6,Mouse_Thymus4
Mouse_Thymus4,2974,57_3,5,Mouse_Thymus4
Mouse_Thymus4,2975,5_52,1,Mouse_Thymus4
Mouse_Thymus4,2976,48_45,1,Mouse_Thymus4
Mouse_Thymus4,2977,22_50,0,Mouse_Thymus4
Mouse_Thymus4,2978,39_56,0,Mouse_Thymus4
Mouse_Thymus4,2979,22_38,0,Mouse_Thymus4
Mouse_Thymus4,2980,20_53,5,Mouse_Thymus4
Mouse_Thymus4,2981,54_108,0,Mouse_Thymus4
Mouse_Thymus4,2982,32_16,4,Mouse_Thymus4
Mouse_Thymus4,2983,52_13,1,Mouse_Thymus4
Mouse_Thymus4,2984,42_96,5,Mouse_Thymus4
Mouse_Thymus4,2985,6_54,5,Mouse_Thymus4
Mouse_Thymus4,2986,57_24,1,Mouse_Thymus4
Mouse_Thymus4,2987,20_75,1,Mouse_Thymus4
Mouse_Thymus4,2988,49_16,6,Mouse_Thymus4
Mouse_Thymus4,2989,38_64,0,Mouse_Thymus4
Mouse_Thymus4,2990,34_92,8,Mouse_Thymus4
Mouse_Thymus4,2991,32_62,5,Mouse_Thymus4
Mouse_Thymus4,2992,28_76,6,Mouse_Thymus4
Mouse_Thymus4,2993,66_4,0,Mouse_Thymus4
Mouse_Thymus4,2994,43_17,0,Mouse_Thymus4
Mouse_Thymus4,2995,68_6,8,Mouse_Thymus4
Mouse_Thymus4,2996,61_36,4,Mouse_Thymus4
Mouse_Thymus4,2997,35_96,8,Mouse_Thymus4
Mouse_Thymus4,2998,43_44,1,Mouse_Thymus4
Mouse_Thymus4,2999,33_96,5,Mouse_Thymus4
Mouse_Thymus4,3000,51_111,0,Mouse_Thymus4
Mouse_Thymus4,3001,44_106,1,Mouse_Thymus4
Mouse_Thymus4,3002,56_27,1,Mouse_Thymus4
Mouse_Thymus4,3003,38_79,6,Mouse_Thymus4
Mouse_Thymus4,3004,35_74,6,Mouse_Thymus4
Mouse_Thymus4,3005,24_79,5,Mouse_Thymus4
Mouse_Thymus4,3006,35_59,6,Mouse_Thymus4
Mouse_Thymus4,3007,49_51,1,Mouse_Thymus4
Mouse_Thymus4,3008,38_62,0,Mouse_Thymus4
Mouse_Thymus4,3009,35_55,6,Mouse_Thymus4
Mouse_Thymus4,3010,56_107,5,Mouse_Thymus4
Mouse_Thymus4,3011,45_95,8,Mouse_Thymus4
Mouse_Thymus4,3012,42_71,6,Mouse_Thymus4
Mouse_Thymus4,3013,44_26,6,Mouse_Thymus4
Mouse_Thymus4,3014,70_6,4,Mouse_Thymus4
Mouse_Thymus4,3015,12_46,1,Mouse_Thymus4
Mouse_Thymus4,3016,41_84,5,Mouse_Thymus4
Mouse_Thymus4,3017,37_29,6,Mouse_Thymus4
Mouse_Thymus4,3018,39_90,5,Mouse_Thymus4
Mouse_Thymus4,3019,46_32,1,Mouse_Thymus4
Mouse_Thymus4,3020,60_10,6,Mouse_Thymus4
Mouse_Thymus4,3021,14_70,1,Mouse_Thymus4
Mouse_Thymus4,3022,36_35,8,Mouse_Thymus4
Mouse_Thymus4,3023,24_72,8,Mouse_Thymus4
Mouse_Thymus4,3024,47_79,0,Mouse_Thymus4
Mouse_Thymus4,3025,18_64,0,Mouse_Thymus4
Mouse_Thymus4,3026,41_45,1,Mouse_Thymus4
Mouse_Thymus4,3027,16_29,8,Mouse_Thymus4
Mouse_Thymus4,3028,10_55,1,Mouse_Thymus4
Mouse_Thymus4,3029,28_88,5,Mouse_Thymus4
Mouse_Thymus4,3030,64_2,5,Mouse_Thymus4
Mouse_Thymus4,3031,49_96,0,Mouse_Thymus4
Mouse_Thymus4,3032,24_30,9,Mouse_Thymus4
Mouse_Thymus4,3033,39_10,8,Mouse_Thymus4
Mouse_Thymus4,3034,34_75,0,Mouse_Thymus4
Mouse_Thymus4,3035,46_19,0,Mouse_Thymus4
Mouse_Thymus4,3036,25_67,0,Mouse_Thymus4
Mouse_Thymus4,3037,6_35,5,Mouse_Thymus4
Mouse_Thymus4,3038,59_7,6,Mouse_Thymus4
Mouse_Thymus4,3039,16_58,1,Mouse_Thymus4
Mouse_Thymus4,3040,16_61,5,Mouse_Thymus4
Mouse_Thymus4,3041,48_115,5,Mouse_Thymus4
Mouse_Thymus4,3042,27_93,4,Mouse_Thymus4
Mouse_Thymus4,3043,21_48,0,Mouse_Thymus4
Mouse_Thymus4,3044,24_82,5,Mouse_Thymus4
Mouse_Thymus4,3045,59_15,9,Mouse_Thymus4
Mouse_Thymus4,3046,16_75,5,Mouse_Thymus4
Mouse_Thymus4,3047,24_36,0,Mouse_Thymus4
Mouse_Thymus4,3048,22_45,0,Mouse_Thymus4
Mouse_Thymus4,3049,53_22,1,Mouse_Thymus4
Mouse_Thymus4,3050,21_78,1,Mouse_Thymus4
Mouse_Thymus4,3051,47_72,9,Mouse_Thymus4
Mouse_Thymus4,3052,53_27,1,Mouse_Thymus4
Mouse_Thymus4,3053,52_78,5,Mouse_Thymus4
Mouse_Thymus4,3054,27_70,0,Mouse_Thymus4
Mouse_Thymus4,3055,53_101,0,Mouse_Thymus4
Mouse_Thymus4,3056,35_34,0,Mouse_Thymus4
Mouse_Thymus4,3057,37_86,8,Mouse_Thymus4
Mouse_Thymus4,3058,64_7,8,Mouse_Thymus4
Mouse_Thymus4,3059,49_7,5,Mouse_Thymus4
Mouse_Thymus4,3060,52_2,8,Mouse_Thymus4
Mouse_Thymus4,3061,36_12,4,Mouse_Thymus4
Mouse_Thymus4,3062,52_25,1,Mouse_Thymus4
Mouse_Thymus4,3063,11_49,1,Mouse_Thymus4
Mouse_Thymus4,3064,36_57,6,Mouse_Thymus4
Mouse_Thymus4,3065,41_64,5,Mouse_Thymus4
Mouse_Thymus4,3066,44_90,0,Mouse_Thymus4
Mouse_Thymus4,3067,50_101,0,Mouse_Thymus4
Mouse_Thymus4,3068,31_54,0,Mouse_Thymus4
Mouse_Thymus4,3069,32_25,6,Mouse_Thymus4
Mouse_Thymus4,3070,55_84,5,Mouse_Thymus4
Mouse_Thymus4,3071,15_64,8,Mouse_Thymus4
Mouse_Thymus4,3072,20_77,9,Mouse_Thymus4
Mouse_Thymus4,3073,51_44,9,Mouse_Thymus4
Mouse_Thymus4,3074,49_4,9,Mouse_Thymus4
Mouse_Thymus4,3075,47_78,1,Mouse_Thymus4
Mouse_Thymus4,3076,31_86,0,Mouse_Thymus4
Mouse_Thymus4,3077,46_53,9,Mouse_Thymus4
Mouse_Thymus4,3078,57_87,8,Mouse_Thymus4
Mouse_Thymus4,3079,44_14,6,Mouse_Thymus4
Mouse_Thymus4,3080,9_35,5,Mouse_Thymus4
Mouse_Thymus4,3081,25_29,6,Mouse_Thymus4
Mouse_Thymus4,3082,23_79,8,Mouse_Thymus4
Mouse_Thymus4,3083,47_84,0,Mouse_Thymus4
Mouse_Thymus4,3084,7_35,9,Mouse_Thymus4
Mouse_Thymus4,3085,38_12,9,Mouse_Thymus4
Mouse_Thymus4,3086,33_49,0,Mouse_Thymus4
Mouse_Thymus4,3087,60_14,1,Mouse_Thymus4
Mouse_Thymus4,3088,8_54,1,Mouse_Thymus4
Mouse_Thymus4,3089,29_66,6,Mouse_Thymus4
Mouse_Thymus4,3090,57_117,8,Mouse_Thymus4
Mouse_Thymus4,3091,10_59,1,Mouse_Thymus4
Mouse_Thymus4,3092,61_95,5,Mouse_Thymus4
Mouse_Thymus4,3093,27_85,5,Mouse_Thymus4
Mouse_Thymus4,3094,24_63,0,Mouse_Thymus4
Mouse_Thymus4,3095,48_22,9,Mouse_Thymus4
Mouse_Thymus4,3096,62_7,0,Mouse_Thymus4
Mouse_Thymus4,3097,26_83,8,Mouse_Thymus4
Mouse_Thymus4,3098,41_67,5,Mouse_Thymus4
Mouse_Thymus4,3099,35_63,6,Mouse_Thymus4
Mouse_Thymus4,3100,57_96,6,Mouse_Thymus4
Mouse_Thymus4,3101,38_29,0,Mouse_Thymus4
Mouse_Thymus4,3102,49_17,6,Mouse_Thymus4
Mouse_Thymus4,3103,57_2,8,Mouse_Thymus4
Mouse_Thymus4,3104,36_68,6,Mouse_Thymus4
Mouse_Thymus4,3105,51_91,0,Mouse_Thymus4
Mouse_Thymus4,3106,4_53,1,Mouse_Thymus4
Mouse_Thymus4,3107,41_25,0,Mouse_Thymus4
Mouse_Thymus4,3108,51_74,5,Mouse_Thymus4
Mouse_Thymus4,3109,34_51,0,Mouse_Thymus4
Mouse_Thymus4,3110,37_31,0,Mouse_Thymus4
Mouse_Thymus4,3111,53_107,0,Mouse_Thymus4
Mouse_Thymus4,3112,29_76,0,Mouse_Thymus4
Mouse_Thymus4,3113,52_75,5,Mouse_Thymus4
Mouse_Thymus4,3114,18_72,5,Mouse_Thymus4
Mouse_Thymus4,3115,62_93,5,Mouse_Thymus4
Mouse_Thymus4,3116,62_1,5,Mouse_Thymus4
Mouse_Thymus4,3117,31_27,0,Mouse_Thymus4
Mouse_Thymus4,3118,16_40,0,Mouse_Thymus4
Mouse_Thymus4,3119,22_57,6,Mouse_Thymus4
Mouse_Thymus4,3120,48_101,5,Mouse_Thymus4
Mouse_Thymus4,3121,51_103,0,Mouse_Thymus4
Mouse_Thymus4,3122,70_2,8,Mouse_Thymus4
Mouse_Thymus4,3123,50_28,9,Mouse_Thymus4
Mouse_Thymus4,3124,22_47,0,Mouse_Thymus4
Mouse_Thymus4,3125,50_47,9,Mouse_Thymus4
Mouse_Thymus4,3126,62_96,5,Mouse_Thymus4
Mouse_Thymus4,3127,26_48,0,Mouse_Thymus4
Mouse_Thymus4,3128,4_48,1,Mouse_Thymus4
Mouse_Thymus4,3129,26_91,8,Mouse_Thymus4
Mouse_Thymus4,3130,67_0,9,Mouse_Thymus4
Mouse_Thymus4,3131,57_115,8,Mouse_Thymus4
Mouse_Thymus4,3132,17_51,6,Mouse_Thymus4
Mouse_Thymus4,3133,36_25,0,Mouse_Thymus4
Mouse_Thymus4,3134,14_49,5,Mouse_Thymus4
Mouse_Thymus4,3135,40_60,1,Mouse_Thymus4
Mouse_Thymus4,3136,19_83,5,Mouse_Thymus4
Mouse_Thymus4,3137,43_52,0,Mouse_Thymus4
Mouse_Thymus4,3138,20_27,9,Mouse_Thymus4
Mouse_Thymus4,3139,21_32,1,Mouse_Thymus4
Mouse_Thymus4,3140,40_57,0,Mouse_Thymus4
Mouse_Thymus4,3141,24_50,0,Mouse_Thymus4
Mouse_Thymus4,3142,52_103,0,Mouse_Thymus4
Mouse_Thymus4,3143,26_70,0,Mouse_Thymus4
Mouse_Thymus4,3144,13_68,1,Mouse_Thymus4
Mouse_Thymus4,3145,72_2,4,Mouse_Thymus4
Mouse_Thymus4,3146,49_72,4,Mouse_Thymus4
Mouse_Thymus4,3147,23_71,6,Mouse_Thymus4
Mouse_Thymus4,3148,4_54,1,Mouse_Thymus4
Mouse_Thymus4,3149,47_110,5,Mouse_Thymus4
Mouse_Thymus4,3150,16_41,0,Mouse_Thymus4
Mouse_Thymus4,3151,44_52,0,Mouse_Thymus4
Mouse_Thymus4,3152,15_63,1,Mouse_Thymus4
Mouse_Thymus4,3153,59_25,5,Mouse_Thymus4
Mouse_Thymus4,3154,31_73,9,Mouse_Thymus4
Mouse_Thymus4,3155,49_93,0,Mouse_Thymus4
Mouse_Thymus4,3156,8_46,1,Mouse_Thymus4
Mouse_Thymus4,3157,56_92,5,Mouse_Thymus4
Mouse_Thymus4,3158,52_79,5,Mouse_Thymus4
Mouse_Thymus4,3159,44_76,6,Mouse_Thymus4
Mouse_Thymus4,3160,30_75,6,Mouse_Thymus4
Mouse_Thymus4,3161,46_11,9,Mouse_Thymus4
Mouse_Thymus4,3162,59_95,5,Mouse_Thymus4
Mouse_Thymus4,3163,33_42,8,Mouse_Thymus4
Mouse_Thymus4,3164,23_52,0,Mouse_Thymus4
Mouse_Thymus4,3165,54_103,0,Mouse_Thymus4
Mouse_Thymus4,3166,61_30,5,Mouse_Thymus4
Mouse_Thymus4,3167,54_40,1,Mouse_Thymus4
Mouse_Thymus4,3168,39_67,0,Mouse_Thymus4
Mouse_Thymus4,3169,16_34,1,Mouse_Thymus4
Mouse_Thymus4,3170,45_37,5,Mouse_Thymus4
Mouse_Thymus4,3171,48_7,8,Mouse_Thymus4
Mouse_Thymus4,3172,23_42,0,Mouse_Thymus4
Mouse_Thymus4,3173,31_53,0,Mouse_Thymus4
Mouse_Thymus4,3174,62_33,9,Mouse_Thymus4
Mouse_Thymus4,3175,41_104,4,Mouse_Thymus4
Mouse_Thymus4,3176,23_36,8,Mouse_Thymus4
Mouse_Thymus4,3177,30_64,5,Mouse_Thymus4
Mouse_Thymus4,3178,34_63,6,Mouse_Thymus4
Mouse_Thymus4,3179,38_52,0,Mouse_Thymus4
Mouse_Thymus4,3180,54_45,4,Mouse_Thymus4
Mouse_Thymus4,3181,26_75,5,Mouse_Thymus4
Mouse_Thymus4,3182,43_83,0,Mouse_Thymus4
Mouse_Thymus4,3183,27_81,6,Mouse_Thymus4
Mouse_Thymus4,3184,31_91,6,Mouse_Thymus4
Mouse_Thymus4,3185,45_91,0,Mouse_Thymus4
Mouse_Thymus4,3186,35_73,1,Mouse_Thymus4
Mouse_Thymus4,3187,49_43,1,Mouse_Thymus4
Mouse_Thymus4,3188,49_94,0,Mouse_Thymus4
Mouse_Thymus4,3189,45_6,9,Mouse_Thymus4
Mouse_Thymus4,3190,47_17,0,Mouse_Thymus4
Mouse_Thymus4,3191,40_37,9,Mouse_Thymus4
Mouse_Thymus4,3192,15_59,1,Mouse_Thymus4
Mouse_Thymus4,3193,17_61,5,Mouse_Thymus4
Mouse_Thymus4,3194,59_37,5,Mouse_Thymus4
Mouse_Thymus4,3195,20_43,0,Mouse_Thymus4
Mouse_Thymus4,3196,31_55,0,Mouse_Thymus4
Mouse_Thymus4,3197,33_79,6,Mouse_Thymus4
Mouse_Thymus4,3198,36_85,6,Mouse_Thymus4
Mouse_Thymus4,3199,30_88,0,Mouse_Thymus4
Mouse_Thymus4,3200,32_44,0,Mouse_Thymus4
Mouse_Thymus4,3201,4_51,8,Mouse_Thymus4
Mouse_Thymus4,3202,53_9,0,Mouse_Thymus4
Mouse_Thymus4,3203,27_69,0,Mouse_Thymus4
Mouse_Thymus4,3204,60_28,1,Mouse_Thymus4
Mouse_Thymus4,3205,36_81,8,Mouse_Thymus4
Mouse_Thymus4,3206,35_51,0,Mouse_Thymus4
Mouse_Thymus4,3207,48_102,6,Mouse_Thymus4
Mouse_Thymus4,3208,17_47,0,Mouse_Thymus4
Mouse_Thymus4,3209,27_78,6,Mouse_Thymus4
Mouse_Thymus4,3210,43_81,0,Mouse_Thymus4
Mouse_Thymus4,3211,40_88,1,Mouse_Thymus4
Mouse_Thymus4,3212,37_64,0,Mouse_Thymus4
Mouse_Thymus4,3213,15_49,8,Mouse_Thymus4
Mouse_Thymus4,3214,56_29,5,Mouse_Thymus4
Mouse_Thymus4,3215,30_35,6,Mouse_Thymus4
Mouse_Thymus4,3216,3_54,1,Mouse_Thymus4
Mouse_Thymus4,3217,47_103,5,Mouse_Thymus4
Mouse_Thymus4,3218,1_55,5,Mouse_Thymus4
Mouse_Thymus4,3219,27_54,0,Mouse_Thymus4
Mouse_Thymus4,3220,69_3,8,Mouse_Thymus4
Mouse_Thymus4,3221,64_25,5,Mouse_Thymus4
Mouse_Thymus4,3222,30_65,6,Mouse_Thymus4
Mouse_Thymus4,3223,22_26,8,Mouse_Thymus4
Mouse_Thymus4,3224,34_69,6,Mouse_Thymus4
Mouse_Thymus4,3225,41_103,5,Mouse_Thymus4
Mouse_Thymus4,3226,45_8,5,Mouse_Thymus4
Mouse_Thymus4,3227,35_41,1,Mouse_Thymus4
Mouse_Thymus4,3228,24_33,0,Mouse_Thymus4
Mouse_Thymus4,3229,36_34,0,Mouse_Thymus4
Mouse_Thymus4,3230,19_48,0,Mouse_Thymus4
Mouse_Thymus4,3231,17_66,0,Mouse_Thymus4
Mouse_Thymus4,3232,27_88,5,Mouse_Thymus4
Mouse_Thymus4,3233,23_49,0,Mouse_Thymus4
Mouse_Thymus4,3234,60_90,5,Mouse_Thymus4
Mouse_Thymus4,3235,20_63,6,Mouse_Thymus4
Mouse_Thymus4,3236,45_33,5,Mouse_Thymus4
Mouse_Thymus4,3237,6_52,1,Mouse_Thymus4
Mouse_Thymus4,3238,23_67,0,Mouse_Thymus4
Mouse_Thymus4,3239,47_92,0,Mouse_Thymus4
Mouse_Thymus4,3240,0_55,5,Mouse_Thymus4
Mouse_Thymus4,3241,61_9,0,Mouse_Thymus4
Mouse_Thymus4,3242,12_51,1,Mouse_Thymus4
Mouse_Thymus4,3243,56_114,5,Mouse_Thymus4
Mouse_Thymus4,3244,34_72,8,Mouse_Thymus4
Mouse_Thymus4,3245,47_90,0,Mouse_Thymus4
Mouse_Thymus4,3246,41_49,0,Mouse_Thymus4
Mouse_Thymus4,3247,47_36,5,Mouse_Thymus4
Mouse_Thymus4,3248,45_15,0,Mouse_Thymus4
Mouse_Thymus4,3249,38_34,9,Mouse_Thymus4
Mouse_Thymus4,3250,45_48,0,Mouse_Thymus4
Mouse_Thymus4,3251,37_36,1,Mouse_Thymus4
Mouse_Thymus4,3252,24_76,5,Mouse_Thymus4
Mouse_Thymus4,3253,39_53,6,Mouse_Thymus4
Mouse_Thymus4,3254,42_105,4,Mouse_Thymus4
Mouse_Thymus4,3255,19_72,1,Mouse_Thymus4
Mouse_Thymus4,3256,57_82,5,Mouse_Thymus4
Mouse_Thymus4,3257,55_107,6,Mouse_Thymus4
Mouse_Thymus4,3258,38_32,0,Mouse_Thymus4
Mouse_Thymus4,3259,43_12,1,Mouse_Thymus4
Mouse_Thymus4,3260,56_42,5,Mouse_Thymus4
Mouse_Thymus4,3261,44_24,9,Mouse_Thymus4
Mouse_Thymus4,3262,44_12,1,Mouse_Thymus4
Mouse_Thymus4,3263,22_76,0,Mouse_Thymus4
Mouse_Thymus4,3264,51_117,4,Mouse_Thymus4
Mouse_Thymus4,3265,52_112,0,Mouse_Thymus4
Mouse_Thymus4,3266,36_77,8,Mouse_Thymus4
Mouse_Thymus4,3267,51_40,1,Mouse_Thymus4
Mouse_Thymus4,3268,56_31,5,Mouse_Thymus4
Mouse_Thymus4,3269,67_5,5,Mouse_Thymus4
Mouse_Thymus4,3270,50_5,5,Mouse_Thymus4
Mouse_Thymus4,3271,19_35,1,Mouse_Thymus4
Mouse_Thymus4,3272,40_23,0,Mouse_Thymus4
Mouse_Thymus4,3273,42_92,5,Mouse_Thymus4
Mouse_Thymus4,3274,40_82,5,Mouse_Thymus4
Mouse_Thymus4,3275,34_78,8,Mouse_Thymus4
Mouse_Thymus4,3276,44_11,1,Mouse_Thymus4
Mouse_Thymus4,3277,59_10,0,Mouse_Thymus4
Mouse_Thymus4,3278,40_71,6,Mouse_Thymus4
Mouse_Thymus4,3279,38_14,1,Mouse_Thymus4
Mouse_Thymus4,3280,18_71,1,Mouse_Thymus4
Mouse_Thymus4,3281,47_51,6,Mouse_Thymus4
Mouse_Thymus4,3282,54_86,5,Mouse_Thymus4
Mouse_Thymus4,3283,39_36,9,Mouse_Thymus4
Mouse_Thymus4,3284,37_23,0,Mouse_Thymus4
Mouse_Thymus4,3285,27_21,8,Mouse_Thymus4
Mouse_Thymus4,3286,9_33,8,Mouse_Thymus4
Mouse_Thymus4,3287,15_72,5,Mouse_Thymus4
Mouse_Thymus4,3288,60_97,5,Mouse_Thymus4
Mouse_Thymus4,3289,10_61,1,Mouse_Thymus4
Mouse_Thymus4,3290,36_16,1,Mouse_Thymus4
Mouse_Thymus4,3291,40_21,0,Mouse_Thymus4
Mouse_Thymus4,3292,18_61,5,Mouse_Thymus4
Mouse_Thymus4,3293,48_36,1,Mouse_Thymus4
Mouse_Thymus4,3294,24_73,6,Mouse_Thymus4
Mouse_Thymus4,3295,33_88,6,Mouse_Thymus4
Mouse_Thymus4,3296,14_60,8,Mouse_Thymus4
Mouse_Thymus4,3297,21_24,4,Mouse_Thymus4
Mouse_Thymus4,3298,21_31,1,Mouse_Thymus4
Mouse_Thymus4,3299,54_118,5,Mouse_Thymus4
Mouse_Thymus4,3300,46_48,0,Mouse_Thymus4
Mouse_Thymus4,3301,31_94,1,Mouse_Thymus4
Mouse_Thymus4,3302,44_40,1,Mouse_Thymus4
Mouse_Thymus4,3303,44_30,5,Mouse_Thymus4
Mouse_Thymus4,3304,29_35,1,Mouse_Thymus4
Mouse_Thymus4,3305,57_81,5,Mouse_Thymus4
Mouse_Thymus4,3306,39_48,1,Mouse_Thymus4
Mouse_Thymus4,3307,36_30,9,Mouse_Thymus4
Mouse_Thymus4,3308,55_31,1,Mouse_Thymus4
Mouse_Thymus4,3309,49_12,0,Mouse_Thymus4
Mouse_Thymus4,3310,48_49,0,Mouse_Thymus4
Mouse_Thymus4,3311,64_3,6,Mouse_Thymus4
Mouse_Thymus4,3312,47_47,0,Mouse_Thymus4
Mouse_Thymus4,3313,23_44,0,Mouse_Thymus4
Mouse_Thymus4,3314,7_61,5,Mouse_Thymus4
Mouse_Thymus4,3315,24_84,1,Mouse_Thymus4
Mouse_Thymus4,3316,45_89,0,Mouse_Thymus4
Mouse_Thymus4,3317,45_82,0,Mouse_Thymus4
Mouse_Thymus4,3318,37_33,0,Mouse_Thymus4
Mouse_Thymus4,3319,52_107,0,Mouse_Thymus4
Mouse_Thymus4,3320,63_0,9,Mouse_Thymus4
Mouse_Thymus4,3321,51_47,1,Mouse_Thymus4
Mouse_Thymus4,3322,54_37,6,Mouse_Thymus4
Mouse_Thymus4,3323,8_59,1,Mouse_Thymus4
Mouse_Thymus4,3324,50_81,6,Mouse_Thymus4
Mouse_Thymus4,3325,9_63,1,Mouse_Thymus4
Mouse_Thymus4,3326,31_51,0,Mouse_Thymus4
Mouse_Thymus4,3327,47_35,1,Mouse_Thymus4
Mouse_Thymus4,3328,64_24,5,Mouse_Thymus4
Mouse_Thymus4,3329,32_72,0,Mouse_Thymus4
Mouse_Thymus4,3330,22_44,0,Mouse_Thymus4
Mouse_Thymus4,3331,56_115,5,Mouse_Thymus4
Mouse_Thymus4,3332,54_23,1,Mouse_Thymus4
Mouse_Thymus4,3333,53_35,1,Mouse_Thymus4
Mouse_Thymus4,3334,45_81,0,Mouse_Thymus4
Mouse_Thymus4,3335,15_71,5,Mouse_Thymus4
Mouse_Thymus4,3336,30_25,6,Mouse_Thymus4
Mouse_Thymus4,3337,50_76,5,Mouse_Thymus4
Mouse_Thymus4,3338,42_80,0,Mouse_Thymus4
Mouse_Thymus4,3339,35_86,8,Mouse_Thymus4
Mouse_Thymus4,3340,41_91,6,Mouse_Thymus4
Mouse_Thymus4,3341,22_72,0,Mouse_Thymus4
Mouse_Thymus4,3342,50_87,0,Mouse_Thymus4
Mouse_Thymus4,3343,32_69,0,Mouse_Thymus4
Mouse_Thymus4,3344,43_72,6,Mouse_Thymus4
Mouse_Thymus4,3345,27_62,0,Mouse_Thymus4
Mouse_Thymus4,3346,59_101,5,Mouse_Thymus4
Mouse_Thymus4,3347,44_80,0,Mouse_Thymus4
Mouse_Thymus4,3348,7_52,1,Mouse_Thymus4
Mouse_Thymus4,3349,27_60,0,Mouse_Thymus4
Mouse_Thymus4,3350,8_62,5,Mouse_Thymus4
Mouse_Thymus4,3351,46_39,5,Mouse_Thymus4
Mouse_Thymus4,3352,50_99,6,Mouse_Thymus4
Mouse_Thymus4,3353,34_80,8,Mouse_Thymus4
Mouse_Thymus4,3354,42_11,9,Mouse_Thymus4
Mouse_Thymus4,3355,35_30,8,Mouse_Thymus4
Mouse_Thymus4,3356,52_97,0,Mouse_Thymus4
Mouse_Thymus4,3357,42_99,5,Mouse_Thymus4
Mouse_Thymus4,3358,28_40,0,Mouse_Thymus4
Mouse_Thymus4,3359,31_80,0,Mouse_Thymus4
Mouse_Thymus4,3360,35_49,8,Mouse_Thymus4
Mouse_Thymus4,3361,38_51,0,Mouse_Thymus4
Mouse_Thymus4,3362,59_17,5,Mouse_Thymus4
Mouse_Thymus4,3363,24_87,4,Mouse_Thymus4
Mouse_Thymus4,3364,18_37,0,Mouse_Thymus4
Mouse_Thymus4,3365,27_92,4,Mouse_Thymus4
Mouse_Thymus4,3366,31_38,5,Mouse_Thymus4
Mouse_Thymus4,3367,43_100,1,Mouse_Thymus4
Mouse_Thymus4,3368,33_45,6,Mouse_Thymus4
Mouse_Thymus4,3369,27_83,1,Mouse_Thymus4
Mouse_Thymus4,3370,27_42,6,Mouse_Thymus4
Mouse_Thymus4,3371,53_88,6,Mouse_Thymus4
Mouse_Thymus4,3372,54_13,1,Mouse_Thymus4
Mouse_Thymus4,3373,20_78,5,Mouse_Thymus4
Mouse_Thymus4,3374,16_72,5,Mouse_Thymus4
Mouse_Thymus4,3375,58_95,5,Mouse_Thymus4
Mouse_Thymus4,3376,24_38,0,Mouse_Thymus4
Mouse_Thymus4,3377,34_64,1,Mouse_Thymus4
Mouse_Thymus4,3378,38_63,0,Mouse_Thymus4
Mouse_Thymus4,3379,29_57,0,Mouse_Thymus4
Mouse_Thymus4,3380,56_80,5,Mouse_Thymus4
Mouse_Thymus4,3381,41_96,5,Mouse_Thymus4
Mouse_Thymus4,3382,7_45,5,Mouse_Thymus4
Mouse_Thymus4,3383,62_92,5,Mouse_Thymus4
Mouse_Thymus4,3384,54_91,5,Mouse_Thymus4
Mouse_Thymus4,3385,3_56,1,Mouse_Thymus4
Mouse_Thymus4,3386,0_56,5,Mouse_Thymus4
Mouse_Thymus4,3387,59_103,5,Mouse_Thymus4
Mouse_Thymus4,3388,57_21,1,Mouse_Thymus4
Mouse_Thymus4,3389,12_62,1,Mouse_Thymus4
Mouse_Thymus4,3390,57_101,6,Mouse_Thymus4
Mouse_Thymus4,3391,27_68,0,Mouse_Thymus4
Mouse_Thymus4,3392,42_97,6,Mouse_Thymus4
Mouse_Thymus4,3393,43_107,5,Mouse_Thymus4
Mouse_Thymus4,3394,62_26,5,Mouse_Thymus4
Mouse_Thymus4,3395,55_96,6,Mouse_Thymus4
Mouse_Thymus4,3396,34_28,6,Mouse_Thymus4
Mouse_Thymus4,3397,26_78,1,Mouse_Thymus4
Mouse_Thymus4,3398,33_38,1,Mouse_Thymus4
Mouse_Thymus4,3399,43_38,5,Mouse_Thymus4
Mouse_Thymus4,3400,62_14,5,Mouse_Thymus4
Mouse_Thymus4,3401,23_75,0,Mouse_Thymus4
Mouse_Thymus4,3402,13_56,1,Mouse_Thymus4
Mouse_Thymus4,3403,24_53,6,Mouse_Thymus4
Mouse_Thymus4,3404,60_27,1,Mouse_Thymus4
Mouse_Thymus4,3405,33_68,6,Mouse_Thymus4
Mouse_Thymus4,3406,33_61,9,Mouse_Thymus4
Mouse_Thymus4,3407,37_88,5,Mouse_Thymus4
Mouse_Thymus4,3408,61_90,8,Mouse_Thymus4
Mouse_Thymus4,3409,44_72,5,Mouse_Thymus4
Mouse_Thymus4,3410,48_88,0,Mouse_Thymus4
Mouse_Thymus4,3411,21_85,5,Mouse_Thymus4
Mouse_Thymus4,3412,41_50,0,Mouse_Thymus4
Mouse_Thymus4,3413,11_40,1,Mouse_Thymus4
Mouse_Thymus4,3414,39_26,0,Mouse_Thymus4
Mouse_Thymus4,3415,30_29,0,Mouse_Thymus4
Mouse_Thymus4,3416,57_31,9,Mouse_Thymus4
Mouse_Thymus4,3417,35_22,6,Mouse_Thymus4
Mouse_Thymus4,3418,21_49,0,Mouse_Thymus4
Mouse_Thymus4,3419,62_95,5,Mouse_Thymus4
Mouse_Thymus4,3420,26_87,1,Mouse_Thymus4
Mouse_Thymus4,3421,16_64,9,Mouse_Thymus4
Mouse_Thymus4,3422,27_84,6,Mouse_Thymus4
Mouse_Thymus4,3423,40_55,0,Mouse_Thymus4
Mouse_Thymus4,3424,54_44,5,Mouse_Thymus4
Mouse_Thymus4,3425,12_53,1,Mouse_Thymus4
Mouse_Thymus4,3426,19_43,0,Mouse_Thymus4
Mouse_Thymus4,3427,35_36,6,Mouse_Thymus4
Mouse_Thymus4,3428,54_39,9,Mouse_Thymus4
Mouse_Thymus4,3429,27_82,6,Mouse_Thymus4
Mouse_Thymus4,3430,39_81,6,Mouse_Thymus4
Mouse_Thymus4,3431,38_35,5,Mouse_Thymus4
Mouse_Thymus4,3432,13_41,8,Mouse_Thymus4
Mouse_Thymus4,3433,48_27,5,Mouse_Thymus4
Mouse_Thymus4,3434,10_53,8,Mouse_Thymus4
Mouse_Thymus4,3435,43_92,1,Mouse_Thymus4
Mouse_Thymus4,3436,40_93,5,Mouse_Thymus4
Mouse_Thymus4,3437,29_75,9,Mouse_Thymus4
Mouse_Thymus4,3438,15_55,8,Mouse_Thymus4
Mouse_Thymus4,3439,18_53,6,Mouse_Thymus4
Mouse_Thymus4,3440,34_61,9,Mouse_Thymus4
Mouse_Thymus4,3441,37_16,5,Mouse_Thymus4
Mouse_Thymus4,3442,54_15,1,Mouse_Thymus4
Mouse_Thymus4,3443,6_60,5,Mouse_Thymus4
Mouse_Thymus4,3444,44_105,1,Mouse_Thymus4
Mouse_Thymus4,3445,49_15,6,Mouse_Thymus4
Mouse_Thymus4,3446,23_29,1,Mouse_Thymus4
Mouse_Thymus4,3447,52_21,1,Mouse_Thymus4
Mouse_Thymus4,3448,50_27,9,Mouse_Thymus4
Mouse_Thymus4,3449,21_83,5,Mouse_Thymus4
Mouse_Thymus4,3450,58_25,1,Mouse_Thymus4
Mouse_Thymus4,3451,11_55,1,Mouse_Thymus4
Mouse_Thymus4,3452,26_49,0,Mouse_Thymus4
Mouse_Thymus4,3453,47_42,6,Mouse_Thymus4
Mouse_Thymus4,3454,30_53,0,Mouse_Thymus4
Mouse_Thymus4,3455,28_19,6,Mouse_Thymus4
Mouse_Thymus4,3456,38_37,9,Mouse_Thymus4
Mouse_Thymus4,3457,44_50,0,Mouse_Thymus4
Mouse_Thymus4,3458,43_69,1,Mouse_Thymus4
Mouse_Thymus4,3459,34_40,1,Mouse_Thymus4
Mouse_Thymus4,3460,15_34,1,Mouse_Thymus4
Mouse_Thymus4,3461,42_49,6,Mouse_Thymus4
Mouse_Thymus4,3462,27_40,0,Mouse_Thymus4
Mouse_Thymus4,3463,46_41,1,Mouse_Thymus4
Mouse_Thymus4,3464,41_72,6,Mouse_Thymus4
Mouse_Thymus4,3465,37_65,0,Mouse_Thymus4
Mouse_Thymus4,3466,38_65,0,Mouse_Thymus4
Mouse_Thymus4,3467,39_64,0,Mouse_Thymus4
Mouse_Thymus4,3468,50_15,5,Mouse_Thymus4
Mouse_Thymus4,3469,58_112,5,Mouse_Thymus4
Mouse_Thymus4,3470,13_64,9,Mouse_Thymus4
Mouse_Thymus4,3471,62_34,9,Mouse_Thymus4
Mouse_Thymus4,3472,51_85,0,Mouse_Thymus4
Mouse_Thymus4,3473,50_104,0,Mouse_Thymus4
Mouse_Thymus4,3474,60_100,5,Mouse_Thymus4
Mouse_Thymus4,3475,42_69,1,Mouse_Thymus4
Mouse_Thymus4,3476,56_3,5,Mouse_Thymus4
Mouse_Thymus4,3477,45_25,1,Mouse_Thymus4
Mouse_Thymus4,3478,31_58,6,Mouse_Thymus4
Mouse_Thymus4,3479,46_92,0,Mouse_Thymus4
Mouse_Thymus4,3480,43_29,1,Mouse_Thymus4
Mouse_Thymus4,3481,27_32,0,Mouse_Thymus4
Mouse_Thymus4,3482,36_36,6,Mouse_Thymus4
Mouse_Thymus4,3483,49_29,9,Mouse_Thymus4
Mouse_Thymus4,3484,23_65,0,Mouse_Thymus4
Mouse_Thymus4,3485,43_76,0,Mouse_Thymus4
Mouse_Thymus4,3486,38_21,0,Mouse_Thymus4
Mouse_Thymus4,3487,42_101,1,Mouse_Thymus4
Mouse_Thymus4,3488,50_88,0,Mouse_Thymus4
Mouse_Thymus4,3489,28_30,0,Mouse_Thymus4
Mouse_Thymus4,3490,61_101,5,Mouse_Thymus4
Mouse_Thymus4,3491,54_21,1,Mouse_Thymus4
Mouse_Thymus4,3492,39_16,1,Mouse_Thymus4
Mouse_Thymus4,3493,49_5,1,Mouse_Thymus4
Mouse_Thymus4,3494,58_16,1,Mouse_Thymus4
Mouse_Thymus4,3495,15_39,1,Mouse_Thymus4
Mouse_Thymus4,3496,13_54,8,Mouse_Thymus4
Mouse_Thymus4,3497,61_103,5,Mouse_Thymus4
Mouse_Thymus4,3498,42_82,0,Mouse_Thymus4
Mouse_Thymus4,3499,66_1,5,Mouse_Thymus4
Mouse_Thymus4,3500,50_12,0,Mouse_Thymus4
Mouse_Thymus4,3501,58_38,5,Mouse_Thymus4
Mouse_Thymus4,3502,42_100,8,Mouse_Thymus4
Mouse_Thymus4,3503,43_84,6,Mouse_Thymus4
Mouse_Thymus4,3504,35_42,8,Mouse_Thymus4
Mouse_Thymus4,3505,28_60,0,Mouse_Thymus4
Mouse_Thymus4,3506,59_26,1,Mouse_Thymus4
Mouse_Thymus4,3507,60_15,1,Mouse_Thymus4
Mouse_Thymus4,3508,36_82,5,Mouse_Thymus4
Mouse_Thymus4,3509,18_58,6,Mouse_Thymus4
Mouse_Thymus4,3510,25_50,0,Mouse_Thymus4
Mouse_Thymus4,3511,26_90,5,Mouse_Thymus4
Mouse_Thymus4,3512,57_30,1,Mouse_Thymus4
Mouse_Thymus4,3513,50_23,1,Mouse_Thymus4
Mouse_Thymus4,3514,18_56,5,Mouse_Thymus4
Mouse_Thymus4,3515,50_105,0,Mouse_Thymus4
Mouse_Thymus4,3516,50_78,5,Mouse_Thymus4
Mouse_Thymus4,3517,46_74,1,Mouse_Thymus4
Mouse_Thymus4,3518,38_66,0,Mouse_Thymus4
Mouse_Thymus4,3519,56_4,5,Mouse_Thymus4
Mouse_Thymus4,3520,51_18,1,Mouse_Thymus4
Mouse_Thymus4,3521,58_14,1,Mouse_Thymus4
Mouse_Thymus4,3522,56_23,5,Mouse_Thymus4
Mouse_Thymus4,3523,46_12,0,Mouse_Thymus4
Mouse_Thymus4,3524,50_93,0,Mouse_Thymus4
Mouse_Thymus4,3525,38_24,0,Mouse_Thymus4
Mouse_Thymus4,3526,53_15,5,Mouse_Thymus4
Mouse_Thymus4,3527,31_43,0,Mouse_Thymus4
Mouse_Thymus4,3528,19_38,0,Mouse_Thymus4
Mouse_Thymus4,3529,44_7,8,Mouse_Thymus4
Mouse_Thymus4,3530,14_44,1,Mouse_Thymus4
Mouse_Thymus4,3531,16_39,8,Mouse_Thymus4
Mouse_Thymus4,3532,16_67,9,Mouse_Thymus4
Mouse_Thymus4,3533,25_83,1,Mouse_Thymus4
Mouse_Thymus4,3534,50_94,0,Mouse_Thymus4
Mouse_Thymus4,3535,16_43,0,Mouse_Thymus4
Mouse_Thymus4,3536,26_65,0,Mouse_Thymus4
Mouse_Thymus4,3537,40_9,4,Mouse_Thymus4
Mouse_Thymus4,3538,37_44,1,Mouse_Thymus4
Mouse_Thymus4,3539,42_91,5,Mouse_Thymus4
Mouse_Thymus4,3540,64_12,4,Mouse_Thymus4
Mouse_Thymus4,3541,22_32,9,Mouse_Thymus4
Mouse_Thymus4,3542,50_36,1,Mouse_Thymus4
Mouse_Thymus4,3543,57_103,1,Mouse_Thymus4
Mouse_Thymus4,3544,24_59,0,Mouse_Thymus4
Mouse_Thymus4,3545,63_22,8,Mouse_Thymus4
Mouse_Thymus4,3546,50_30,8,Mouse_Thymus4
Mouse_Thymus4,3547,32_27,0,Mouse_Thymus4
Mouse_Thymus4,3548,36_94,6,Mouse_Thymus4
Mouse_Thymus4,3549,1_53,5,Mouse_Thymus4
Mouse_Thymus4,3550,6_39,1,Mouse_Thymus4
Mouse_Thymus4,3551,18_54,1,Mouse_Thymus4
Mouse_Thymus4,3552,41_58,0,Mouse_Thymus4
Mouse_Thymus4,3553,56_95,8,Mouse_Thymus4
Mouse_Thymus4,3554,43_67,5,Mouse_Thymus4
Mouse_Thymus4,3555,17_55,8,Mouse_Thymus4
Mouse_Thymus4,3556,20_68,8,Mouse_Thymus4
Mouse_Thymus4,3557,41_90,8,Mouse_Thymus4
Mouse_Thymus4,3558,29_26,0,Mouse_Thymus4
Mouse_Thymus4,3559,21_38,0,Mouse_Thymus4
Mouse_Thymus4,3560,6_56,1,Mouse_Thymus4
Mouse_Thymus4,3561,43_49,0,Mouse_Thymus4
Mouse_Thymus4,3562,48_77,5,Mouse_Thymus4
Mouse_Thymus4,3563,62_100,5,Mouse_Thymus4
Mouse_Thymus4,3564,10_31,4,Mouse_Thymus4
Mouse_Thymus4,3565,37_96,1,Mouse_Thymus4
Mouse_Thymus4,3566,34_94,6,Mouse_Thymus4
Mouse_Thymus4,3567,36_75,6,Mouse_Thymus4
Mouse_Thymus4,3568,27_79,1,Mouse_Thymus4
Mouse_Thymus4,3569,59_35,8,Mouse_Thymus4
Mouse_Thymus4,3570,44_35,9,Mouse_Thymus4
Mouse_Thymus4,3571,35_15,1,Mouse_Thymus4
Mouse_Thymus4,3572,15_67,1,Mouse_Thymus4
Mouse_Thymus4,3573,33_93,1,Mouse_Thymus4
Mouse_Thymus4,3574,21_80,8,Mouse_Thymus4
Mouse_Thymus4,3575,60_33,1,Mouse_Thymus4
Mouse_Thymus4,3576,17_46,0,Mouse_Thymus4
Mouse_Thymus4,3577,58_29,5,Mouse_Thymus4
Mouse_Thymus4,3578,51_31,1,Mouse_Thymus4
Mouse_Thymus4,3579,5_47,9,Mouse_Thymus4
Mouse_Thymus4,3580,41_52,0,Mouse_Thymus4
Mouse_Thymus4,3581,38_50,0,Mouse_Thymus4
Mouse_Thymus4,3582,6_44,5,Mouse_Thymus4
Mouse_Thymus4,3583,23_59,5,Mouse_Thymus4
Mouse_Thymus4,3584,6_57,5,Mouse_Thymus4
Mouse_Thymus4,3585,12_54,8,Mouse_Thymus4
Mouse_Thymus4,3586,42_60,5,Mouse_Thymus4
Mouse_Thymus4,3587,59_94,1,Mouse_Thymus4
Mouse_Thymus4,3588,23_63,0,Mouse_Thymus4
Mouse_Thymus4,3589,38_94,5,Mouse_Thymus4
Mouse_Thymus4,3590,18_63,8,Mouse_Thymus4
Mouse_Thymus4,3591,57_110,5,Mouse_Thymus4
Mouse_Thymus4,3592,56_97,5,Mouse_Thymus4
Mouse_Thymus4,3593,38_87,5,Mouse_Thymus4
Mouse_Thymus4,3594,68_8,5,Mouse_Thymus4
Mouse_Thymus4,3595,47_76,0,Mouse_Thymus4
Mouse_Thymus4,3596,19_64,1,Mouse_Thymus4
Mouse_Thymus4,3597,62_24,5,Mouse_Thymus4
Mouse_Thymus4,3598,62_8,8,Mouse_Thymus4
Mouse_Thymus4,3599,45_45,9,Mouse_Thymus4
Mouse_Thymus4,3600,33_21,1,Mouse_Thymus4
Mouse_Thymus4,3601,29_63,1,Mouse_Thymus4
Mouse_Thymus4,3602,50_10,0,Mouse_Thymus4
Mouse_Thymus4,3603,37_12,1,Mouse_Thymus4
Mouse_Thymus4,3604,29_92,1,Mouse_Thymus4
Mouse_Thymus4,3605,46_94,0,Mouse_Thymus4
Mouse_Thymus4,3606,26_45,0,Mouse_Thymus4
Mouse_Thymus4,3607,19_58,6,Mouse_Thymus4
Mouse_Thymus4,3608,14_58,5,Mouse_Thymus4
Mouse_Thymus4,3609,45_108,5,Mouse_Thymus4
Mouse_Thymus4,3610,34_79,6,Mouse_Thymus4
Mouse_Thymus4,3611,51_34,6,Mouse_Thymus4
Mouse_Thymus4,3612,21_64,6,Mouse_Thymus4
Mouse_Thymus4,3613,59_91,5,Mouse_Thymus4
Mouse_Thymus4,3614,52_40,1,Mouse_Thymus4
Mouse_Thymus4,3615,38_48,1,Mouse_Thymus4
Mouse_Thymus4,3616,46_72,5,Mouse_Thymus4
Mouse_Thymus4,3617,10_50,1,Mouse_Thymus4
Mouse_Thymus4,3618,29_55,0,Mouse_Thymus4
Mouse_Thymus4,3619,40_11,5,Mouse_Thymus4
Mouse_Thymus4,3620,34_29,6,Mouse_Thymus4
Mouse_Thymus4,3621,48_97,0,Mouse_Thymus4
Mouse_Thymus4,3622,19_59,6,Mouse_Thymus4
Mouse_Thymus4,3623,49_44,1,Mouse_Thymus4
Mouse_Thymus4,3624,55_78,4,Mouse_Thymus4
Mouse_Thymus4,3625,0_53,4,Mouse_Thymus4
Mouse_Thymus4,3626,42_85,9,Mouse_Thymus4
Mouse_Thymus4,3627,28_61,0,Mouse_Thymus4
Mouse_Thymus4,3628,45_21,9,Mouse_Thymus4
Mouse_Thymus4,3629,32_79,6,Mouse_Thymus4
Mouse_Thymus4,3630,51_38,1,Mouse_Thymus4
Mouse_Thymus4,3631,9_47,1,Mouse_Thymus4
Mouse_Thymus4,3632,11_30,4,Mouse_Thymus4
Mouse_Thymus4,3633,54_6,1,Mouse_Thymus4
Mouse_Thymus4,3634,29_24,1,Mouse_Thymus4
Mouse_Thymus4,3635,8_43,8,Mouse_Thymus4
Mouse_Thymus4,3636,58_107,1,Mouse_Thymus4
Mouse_Thymus4,3637,57_35,1,Mouse_Thymus4
Mouse_Thymus4,3638,49_87,0,Mouse_Thymus4
Mouse_Thymus4,3639,50_41,9,Mouse_Thymus4
Mouse_Thymus4,3640,58_108,5,Mouse_Thymus4
Mouse_Thymus4,3641,31_41,6,Mouse_Thymus4
Mouse_Thymus4,3642,22_65,6,Mouse_Thymus4
Mouse_Thymus4,3643,47_114,9,Mouse_Thymus4
Mouse_Thymus4,3644,60_89,5,Mouse_Thymus4
Mouse_Thymus4,3645,50_46,9,Mouse_Thymus4
Mouse_Thymus4,3646,31_20,1,Mouse_Thymus4
Mouse_Thymus4,3647,60_96,5,Mouse_Thymus4
Mouse_Thymus4,3648,33_94,1,Mouse_Thymus4
Mouse_Thymus4,3649,13_36,1,Mouse_Thymus4
Mouse_Thymus4,3650,60_29,1,Mouse_Thymus4
Mouse_Thymus4,3651,5_49,5,Mouse_Thymus4
Mouse_Thymus4,3652,23_50,0,Mouse_Thymus4
Mouse_Thymus4,3653,6_37,5,Mouse_Thymus4
Mouse_Thymus4,3654,24_37,0,Mouse_Thymus4
Mouse_Thymus4,3655,35_13,4,Mouse_Thymus4
Mouse_Thymus4,3656,44_29,1,Mouse_Thymus4
Mouse_Thymus4,3657,27_90,8,Mouse_Thymus4
Mouse_Thymus4,3658,59_8,0,Mouse_Thymus4
Mouse_Thymus4,3659,43_25,0,Mouse_Thymus4
Mouse_Thymus4,3660,20_38,0,Mouse_Thymus4
Mouse_Thymus4,3661,47_102,5,Mouse_Thymus4
Mouse_Thymus4,3662,28_47,6,Mouse_Thymus4
Mouse_Thymus4,3663,16_47,0,Mouse_Thymus4
Mouse_Thymus4,3664,57_26,1,Mouse_Thymus4
Mouse_Thymus4,3665,33_40,9,Mouse_Thymus4
Mouse_Thymus4,3666,66_5,6,Mouse_Thymus4
Mouse_Thymus4,3667,50_16,6,Mouse_Thymus4
Mouse_Thymus4,3668,2_53,8,Mouse_Thymus4
Mouse_Thymus4,3669,34_30,1,Mouse_Thymus4
Mouse_Thymus4,3670,2_60,5,Mouse_Thymus4
Mouse_Thymus4,3671,11_65,5,Mouse_Thymus4
Mouse_Thymus4,3672,44_82,0,Mouse_Thymus4
Mouse_Thymus4,3673,26_37,0,Mouse_Thymus4
Mouse_Thymus4,3674,25_38,0,Mouse_Thymus4
Mouse_Thymus4,3675,44_42,8,Mouse_Thymus4
Mouse_Thymus4,3676,47_31,9,Mouse_Thymus4
Mouse_Thymus4,3677,41_15,9,Mouse_Thymus4
Mouse_Thymus4,3678,7_55,1,Mouse_Thymus4
Mouse_Thymus4,3679,28_54,0,Mouse_Thymus4
Mouse_Thymus4,3680,45_76,5,Mouse_Thymus4
Mouse_Thymus4,3681,37_67,0,Mouse_Thymus4
Mouse_Thymus4,3682,51_75,5,Mouse_Thymus4
Mouse_Thymus4,3683,33_67,6,Mouse_Thymus4
Mouse_Thymus4,3684,24_32,0,Mouse_Thymus4
Mouse_Thymus4,3685,44_86,0,Mouse_Thymus4
Mouse_Thymus4,3686,58_98,5,Mouse_Thymus4
Mouse_Thymus4,3687,61_6,0,Mouse_Thymus4
Mouse_Thymus4,3688,18_65,0,Mouse_Thymus4
Mouse_Thymus4,3689,40_20,0,Mouse_Thymus4
Mouse_Thymus4,3690,49_8,1,Mouse_Thymus4
Mouse_Thymus4,3691,55_119,5,Mouse_Thymus4
Mouse_Thymus4,3692,50_97,0,Mouse_Thymus4
Mouse_Thymus4,3693,57_10,0,Mouse_Thymus4
Mouse_Thymus4,3694,51_21,1,Mouse_Thymus4
Mouse_Thymus4,3695,60_106,5,Mouse_Thymus4
Mouse_Thymus4,3696,36_92,6,Mouse_Thymus4
Mouse_Thymus4,3697,9_41,1,Mouse_Thymus4
Mouse_Thymus4,3698,60_16,9,Mouse_Thymus4
Mouse_Thymus4,3699,20_34,9,Mouse_Thymus4
Mouse_Thymus4,3700,34_77,6,Mouse_Thymus4
Mouse_Thymus4,3701,39_23,0,Mouse_Thymus4
Mouse_Thymus4,3702,47_25,1,Mouse_Thymus4
Mouse_Thymus4,3703,31_62,6,Mouse_Thymus4
Mouse_Thymus4,3704,32_23,5,Mouse_Thymus4
Mouse_Thymus4,3705,37_51,0,Mouse_Thymus4
Mouse_Thymus4,3706,48_76,5,Mouse_Thymus4
Mouse_Thymus4,3707,64_28,5,Mouse_Thymus4
Mouse_Thymus4,3708,40_48,6,Mouse_Thymus4
Mouse_Thymus4,3709,58_85,5,Mouse_Thymus4
Mouse_Thymus4,3710,34_19,1,Mouse_Thymus4
Mouse_Thymus4,3711,18_45,0,Mouse_Thymus4
Mouse_Thymus4,3712,43_46,6,Mouse_Thymus4
Mouse_Thymus4,3713,18_49,6,Mouse_Thymus4
Mouse_Thymus4,3714,55_103,8,Mouse_Thymus4
Mouse_Thymus4,3715,64_6,5,Mouse_Thymus4
Mouse_Thymus4,3716,33_77,9,Mouse_Thymus4
Mouse_Thymus4,3717,36_71,5,Mouse_Thymus4
Mouse_Thymus4,3718,53_93,0,Mouse_Thymus4
Mouse_Thymus4,3719,37_69,6,Mouse_Thymus4
Mouse_Thymus4,3720,56_93,8,Mouse_Thymus4
Mouse_Thymus4,3721,49_47,5,Mouse_Thymus4
Mouse_Thymus4,3722,37_78,8,Mouse_Thymus4
Mouse_Thymus4,3723,48_5,9,Mouse_Thymus4
Mouse_Thymus4,3724,31_69,0,Mouse_Thymus4
Mouse_Thymus4,3725,34_25,0,Mouse_Thymus4
Mouse_Thymus4,3726,29_56,0,Mouse_Thymus4
Mouse_Thymus4,3727,26_33,0,Mouse_Thymus4
Mouse_Thymus4,3728,31_25,1,Mouse_Thymus4
Mouse_Thymus4,3729,44_107,8,Mouse_Thymus4
Mouse_Thymus4,3730,39_21,0,Mouse_Thymus4
Mouse_Thymus4,3731,60_101,5,Mouse_Thymus4
Mouse_Thymus4,3732,23_48,0,Mouse_Thymus4
Mouse_Thymus4,3733,57_7,0,Mouse_Thymus4
Mouse_Thymus4,3734,27_77,8,Mouse_Thymus4
Mouse_Thymus4,3735,44_79,0,Mouse_Thymus4
Mouse_Thymus4,3736,22_70,0,Mouse_Thymus4
Mouse_Thymus4,3737,51_33,1,Mouse_Thymus4
Mouse_Thymus4,3738,52_85,0,Mouse_Thymus4
Mouse_Thymus4,3739,12_35,1,Mouse_Thymus4
Mouse_Thymus4,3740,6_55,8,Mouse_Thymus4
Mouse_Thymus4,3741,37_45,5,Mouse_Thymus4
Mouse_Thymus4,3742,42_103,1,Mouse_Thymus4
Mouse_Thymus4,3743,17_63,9,Mouse_Thymus4
Mouse_Thymus4,3744,49_30,9,Mouse_Thymus4
Mouse_Thymus4,3745,27_59,0,Mouse_Thymus4
Mouse_Thymus4,3746,45_44,1,Mouse_Thymus4
Mouse_Thymus4,3747,55_106,6,Mouse_Thymus4
Mouse_Thymus4,3748,14_37,1,Mouse_Thymus4
Mouse_Thymus4,3749,5_46,1,Mouse_Thymus4
Mouse_Thymus4,3750,44_68,5,Mouse_Thymus4
Mouse_Thymus4,3751,58_7,0,Mouse_Thymus4
Mouse_Thymus4,3752,56_104,8,Mouse_Thymus4
Mouse_Thymus4,3753,28_46,6,Mouse_Thymus4
Mouse_Thymus4,3754,39_91,6,Mouse_Thymus4
Mouse_Thymus4,3755,24_67,0,Mouse_Thymus4
Mouse_Thymus4,3756,38_59,0,Mouse_Thymus4
Mouse_Thymus4,3757,47_52,8,Mouse_Thymus4
Mouse_Thymus4,3758,27_56,0,Mouse_Thymus4
Mouse_Thymus4,3759,30_61,6,Mouse_Thymus4
Mouse_Thymus4,3760,14_54,1,Mouse_Thymus4
Mouse_Thymus4,3761,29_50,0,Mouse_Thymus4
Mouse_Thymus4,3762,11_53,1,Mouse_Thymus4
Mouse_Thymus4,3763,41_40,1,Mouse_Thymus4
Mouse_Thymus4,3764,55_9,0,Mouse_Thymus4
Mouse_Thymus4,3765,14_65,5,Mouse_Thymus4
Mouse_Thymus4,3766,29_33,6,Mouse_Thymus4
Mouse_Thymus4,3767,21_25,8,Mouse_Thymus4
Mouse_Thymus4,3768,13_62,5,Mouse_Thymus4
Mouse_Thymus4,3769,34_90,0,Mouse_Thymus4
Mouse_Thymus4,3770,43_101,1,Mouse_Thymus4
Mouse_Thymus4,3771,38_17,6,Mouse_Thymus4
Mouse_Thymus4,3772,46_29,1,Mouse_Thymus4
Mouse_Thymus4,3773,26_74,6,Mouse_Thymus4
Mouse_Thymus4,3774,60_8,0,Mouse_Thymus4
Mouse_Thymus4,3775,58_84,5,Mouse_Thymus4
Mouse_Thymus4,3776,30_67,6,Mouse_Thymus4
Mouse_Thymus4,3777,44_92,6,Mouse_Thymus4
Mouse_Thymus4,3778,39_83,5,Mouse_Thymus4
Mouse_Thymus4,3779,49_78,5,Mouse_Thymus4
Mouse_Thymus4,3780,15_36,1,Mouse_Thymus4
Mouse_Thymus4,3781,50_13,9,Mouse_Thymus4
Mouse_Thymus4,3782,55_17,5,Mouse_Thymus4
Mouse_Thymus4,3783,61_34,5,Mouse_Thymus4
Mouse_Thymus4,3784,32_82,0,Mouse_Thymus4
Mouse_Thymus4,3785,14_42,1,Mouse_Thymus4
Mouse_Thymus4,3786,32_81,0,Mouse_Thymus4
Mouse_Thymus4,3787,49_108,6,Mouse_Thymus4
Mouse_Thymus4,3788,49_35,5,Mouse_Thymus4
Mouse_Thymus4,3789,56_105,9,Mouse_Thymus4
Mouse_Thymus4,3790,53_16,1,Mouse_Thymus4
Mouse_Thymus4,3791,31_64,5,Mouse_Thymus4
Mouse_Thymus4,3792,2_50,5,Mouse_Thymus4
Mouse_Thymus4,3793,22_63,0,Mouse_Thymus4
Mouse_Thymus4,3794,49_26,1,Mouse_Thymus4
Mouse_Thymus4,3795,30_40,8,Mouse_Thymus4
Mouse_Thymus4,3796,31_79,0,Mouse_Thymus4
Mouse_Thymus4,3797,35_23,0,Mouse_Thymus4
Mouse_Thymus4,3798,33_82,0,Mouse_Thymus4
Mouse_Thymus4,3799,42_32,1,Mouse_Thymus4
Mouse_Thymus4,3800,69_2,5,Mouse_Thymus4
Mouse_Thymus4,3801,15_50,1,Mouse_Thymus4
Mouse_Thymus4,3802,39_76,6,Mouse_Thymus4
Mouse_Thymus4,3803,57_5,8,Mouse_Thymus4
Mouse_Thymus4,3804,40_73,6,Mouse_Thymus4
Mouse_Thymus4,3805,9_42,8,Mouse_Thymus4
Mouse_Thymus4,3806,22_24,5,Mouse_Thymus4
Mouse_Thymus4,3807,43_63,4,Mouse_Thymus4
Mouse_Thymus4,3808,39_33,6,Mouse_Thymus4
Mouse_Thymus4,3809,41_19,0,Mouse_Thymus4
Mouse_Thymus4,3810,23_55,1,Mouse_Thymus4
Mouse_Thymus4,3811,32_95,5,Mouse_Thymus4
Mouse_Thymus4,3812,37_56,8,Mouse_Thymus4
Mouse_Thymus4,3813,57_9,0,Mouse_Thymus4
Mouse_Thymus4,3814,56_38,1,Mouse_Thymus4
Mouse_Thymus4,3815,42_79,0,Mouse_Thymus4
Mouse_Thymus4,3816,43_21,9,Mouse_Thymus4
Mouse_Thymus4,3817,58_9,0,Mouse_Thymus4
Mouse_Thymus4,3818,42_41,1,Mouse_Thymus4
Mouse_Thymus4,3819,25_65,0,Mouse_Thymus4
Mouse_Thymus4,3820,9_32,5,Mouse_Thymus4
Mouse_Thymus4,3821,34_95,6,Mouse_Thymus4
Mouse_Thymus4,3822,40_80,6,Mouse_Thymus4
Mouse_Thymus4,3823,24_54,9,Mouse_Thymus4
Mouse_Thymus4,3824,51_20,1,Mouse_Thymus4
Mouse_Thymus4,3825,34_93,6,Mouse_Thymus4
Mouse_Thymus4,3826,52_6,1,Mouse_Thymus4
Mouse_Thymus4,3827,25_55,0,Mouse_Thymus4
Mouse_Thymus4,3828,59_112,9,Mouse_Thymus4
Mouse_Thymus4,3829,35_68,5,Mouse_Thymus4
Mouse_Thymus4,3830,14_45,8,Mouse_Thymus4
Mouse_Thymus4,3831,11_63,1,Mouse_Thymus4
Mouse_Thymus4,3832,23_73,0,Mouse_Thymus4
Mouse_Thymus4,3833,37_58,6,Mouse_Thymus4
Mouse_Thymus4,3834,46_75,5,Mouse_Thymus4
Mouse_Thymus4,3835,36_43,9,Mouse_Thymus4
Mouse_Thymus4,3836,13_45,1,Mouse_Thymus4
Mouse_Thymus4,3837,38_16,5,Mouse_Thymus4
Mouse_Thymus4,3838,68_1,5,Mouse_Thymus4
Mouse_Thymus4,3839,41_44,8,Mouse_Thymus4
Mouse_Thymus4,3840,29_80,6,Mouse_Thymus4
Mouse_Thymus4,3841,43_98,5,Mouse_Thymus4
Mouse_Thymus4,3842,51_13,1,Mouse_Thymus4
Mouse_Thymus4,3843,32_49,0,Mouse_Thymus4
Mouse_Thymus4,3844,42_61,5,Mouse_Thymus4
Mouse_Thymus4,3845,39_46,1,Mouse_Thymus4
Mouse_Thymus4,3846,66_7,5,Mouse_Thymus4
Mouse_Thymus4,3847,34_60,9,Mouse_Thymus4
Mouse_Thymus4,3848,41_63,1,Mouse_Thymus4
Mouse_Thymus4,3849,46_109,1,Mouse_Thymus4
Mouse_Thymus4,3850,33_18,1,Mouse_Thymus4
Mouse_Thymus4,3851,56_110,5,Mouse_Thymus4
Mouse_Thymus4,3852,57_6,0,Mouse_Thymus4
Mouse_Thymus4,3853,56_98,6,Mouse_Thymus4
Mouse_Thymus4,3854,19_55,5,Mouse_Thymus4
Mouse_Thymus4,3855,25_44,0,Mouse_Thymus4
Mouse_Thymus4,3856,48_90,0,Mouse_Thymus4
Mouse_Thymus4,3857,58_31,1,Mouse_Thymus4
Mouse_Thymus4,3858,40_53,0,Mouse_Thymus4
Mouse_Thymus4,3859,41_18,0,Mouse_Thymus4
Mouse_Thymus4,3860,34_76,5,Mouse_Thymus4
Mouse_Thymus4,3861,61_93,1,Mouse_Thymus4
Mouse_Thymus4,3862,17_50,5,Mouse_Thymus4
Mouse_Thymus4,3863,28_63,0,Mouse_Thymus4
Mouse_Thymus4,3864,38_69,0,Mouse_Thymus4
Mouse_Thymus4,3865,34_50,0,Mouse_Thymus4
Mouse_Thymus4,3866,36_95,6,Mouse_Thymus4
Mouse_Thymus4,3867,33_36,1,Mouse_Thymus4
Mouse_Thymus4,3868,3_60,5,Mouse_Thymus4
Mouse_Thymus4,3869,35_39,8,Mouse_Thymus4
Mouse_Thymus4,3870,13_65,5,Mouse_Thymus4
Mouse_Thymus4,3871,58_18,1,Mouse_Thymus4
Mouse_Thymus4,3872,46_22,8,Mouse_Thymus4
Mouse_Thymus4,3873,44_22,9,Mouse_Thymus4
Mouse_Thymus4,3874,64_1,6,Mouse_Thymus4
Mouse_Thymus4,3875,59_102,1,Mouse_Thymus4
Mouse_Thymus4,3876,60_88,5,Mouse_Thymus4
Mouse_Thymus4,3877,59_87,5,Mouse_Thymus4
Mouse_Thymus4,3878,46_106,1,Mouse_Thymus4
Mouse_Thymus4,3879,44_100,1,Mouse_Thymus4
Mouse_Thymus4,3880,49_9,9,Mouse_Thymus4
Mouse_Thymus4,3881,46_36,1,Mouse_Thymus4
Mouse_Thymus4,3882,57_33,1,Mouse_Thymus4
Mouse_Thymus4,3883,53_99,0,Mouse_Thymus4
Mouse_Thymus4,3884,3_55,8,Mouse_Thymus4
Mouse_Thymus4,3885,42_48,0,Mouse_Thymus4
Mouse_Thymus4,3886,13_50,5,Mouse_Thymus4
Mouse_Thymus4,3887,34_38,5,Mouse_Thymus4
Mouse_Thymus4,3888,46_98,5,Mouse_Thymus4
Mouse_Thymus4,3889,51_76,5,Mouse_Thymus4
Mouse_Thymus4,3890,39_50,0,Mouse_Thymus4
Mouse_Thymus4,3891,26_54,0,Mouse_Thymus4
Mouse_Thymus4,3892,44_47,0,Mouse_Thymus4
Mouse_Thymus4,3893,50_44,9,Mouse_Thymus4
Mouse_Thymus4,3894,60_9,0,Mouse_Thymus4
Mouse_Thymus4,3895,24_31,0,Mouse_Thymus4
Mouse_Thymus4,3896,36_48,5,Mouse_Thymus4
Mouse_Thymus4,3897,22_59,1,Mouse_Thymus4
Mouse_Thymus4,3898,60_32,1,Mouse_Thymus4
Mouse_Thymus4,3899,43_105,5,Mouse_Thymus4
Mouse_Thymus4,3900,11_56,8,Mouse_Thymus4
Mouse_Thymus4,3901,28_81,6,Mouse_Thymus4
Mouse_Thymus4,3902,42_57,6,Mouse_Thymus4
Mouse_Thymus4,3903,52_27,1,Mouse_Thymus4
Mouse_Thymus4,3904,22_42,0,Mouse_Thymus4
Mouse_Thymus4,3905,65_9,1,Mouse_Thymus4
Mouse_Thymus4,3906,17_76,5,Mouse_Thymus4
Mouse_Thymus4,3907,49_18,5,Mouse_Thymus4
Mouse_Thymus4,3908,50_113,6,Mouse_Thymus4
Mouse_Thymus4,3909,44_56,4,Mouse_Thymus4
Mouse_Thymus4,3910,26_81,5,Mouse_Thymus4
Mouse_Thymus4,3911,16_37,1,Mouse_Thymus4
Mouse_Thymus4,3912,41_62,5,Mouse_Thymus4
Mouse_Thymus4,3913,17_40,0,Mouse_Thymus4
Mouse_Thymus4,3914,50_73,4,Mouse_Thymus4
Mouse_Thymus4,3915,12_56,8,Mouse_Thymus4
Mouse_Thymus4,3916,43_41,5,Mouse_Thymus4
Mouse_Thymus4,3917,52_23,1,Mouse_Thymus4
Mouse_Thymus4,3918,30_38,1,Mouse_Thymus4
Mouse_Thymus4,3919,48_11,0,Mouse_Thymus4
Mouse_Thymus4,3920,52_8,1,Mouse_Thymus4
Mouse_Thymus4,3921,25_89,5,Mouse_Thymus4
Mouse_Thymus4,3922,16_62,8,Mouse_Thymus4
Mouse_Thymus4,3923,29_71,0,Mouse_Thymus4
Mouse_Thymus4,3924,16_66,1,Mouse_Thymus4
Mouse_Thymus4,3925,49_84,0,Mouse_Thymus4
Mouse_Thymus4,3926,19_65,0,Mouse_Thymus4
Mouse_Thymus4,3927,25_85,1,Mouse_Thymus4
Mouse_Thymus4,3928,45_79,0,Mouse_Thymus4
Mouse_Thymus4,3929,47_74,5,Mouse_Thymus4
Mouse_Thymus4,3930,47_113,6,Mouse_Thymus4
Mouse_Thymus4,3931,38_38,9,Mouse_Thymus4
Mouse_Thymus4,3932,12_37,1,Mouse_Thymus4
Mouse_Thymus4,3933,22_43,0,Mouse_Thymus4
Mouse_Thymus4,3934,40_97,1,Mouse_Thymus4
Mouse_Thymus4,3935,45_84,0,Mouse_Thymus4
Mouse_Thymus4,3936,5_45,1,Mouse_Thymus4
Mouse_Thymus4,3937,31_22,5,Mouse_Thymus4
Mouse_Thymus4,3938,58_104,5,Mouse_Thymus4
Mouse_Thymus4,3939,41_99,6,Mouse_Thymus4
Mouse_Thymus4,3940,61_104,5,Mouse_Thymus4
Mouse_Thymus4,3941,29_23,1,Mouse_Thymus4
Mouse_Thymus4,3942,17_31,1,Mouse_Thymus4
Mouse_Thymus4,3943,26_73,9,Mouse_Thymus4
Mouse_Thymus4,3944,53_81,6,Mouse_Thymus4
Mouse_Thymus4,3945,30_50,0,Mouse_Thymus4
Mouse_Thymus4,3946,43_94,1,Mouse_Thymus4
Mouse_Thymus4,3947,59_3,5,Mouse_Thymus4
Mouse_Thymus4,3948,25_58,0,Mouse_Thymus4
Mouse_Thymus4,3949,16_56,1,Mouse_Thymus4
Mouse_Thymus4,3950,38_78,8,Mouse_Thymus4
Mouse_Thymus4,3951,8_45,5,Mouse_Thymus4
Mouse_Thymus4,3952,38_91,6,Mouse_Thymus4
Mouse_Thymus4,3953,59_92,8,Mouse_Thymus4
Mouse_Thymus4,3954,40_68,0,Mouse_Thymus4
Mouse_Thymus4,3955,62_30,5,Mouse_Thymus4
Mouse_Thymus4,3956,39_62,6,Mouse_Thymus4
Mouse_Thymus4,3957,12_50,6,Mouse_Thymus4
Mouse_Thymus4,3958,46_76,8,Mouse_Thymus4
Mouse_Thymus4,3959,21_58,5,Mouse_Thymus4
Mouse_Thymus4,3960,52_101,0,Mouse_Thymus4
Mouse_Thymus4,3961,59_88,6,Mouse_Thymus4
Mouse_Thymus4,3962,11_57,5,Mouse_Thymus4
Mouse_Thymus4,3963,11_58,1,Mouse_Thymus4
Mouse_Thymus4,3964,57_88,1,Mouse_Thymus4
Mouse_Thymus4,3965,54_116,6,Mouse_Thymus4
Mouse_Thymus4,3966,57_90,5,Mouse_Thymus4
Mouse_Thymus4,3967,63_4,5,Mouse_Thymus4
Mouse_Thymus4,3968,50_25,1,Mouse_Thymus4
Mouse_Thymus4,3969,34_85,0,Mouse_Thymus4
Mouse_Thymus4,3970,23_69,0,Mouse_Thymus4
Mouse_Thymus4,3971,50_42,9,Mouse_Thymus4
Mouse_Thymus4,3972,24_47,0,Mouse_Thymus4
Mouse_Thymus4,3973,52_117,1,Mouse_Thymus4
Mouse_Thymus4,3974,48_26,1,Mouse_Thymus4
Mouse_Thymus4,3975,51_110,0,Mouse_Thymus4
Mouse_Thymus4,3976,29_77,0,Mouse_Thymus4
Mouse_Thymus4,3977,46_21,0,Mouse_Thymus4
Mouse_Thymus4,3978,48_114,9,Mouse_Thymus4
Mouse_Thymus4,3979,62_3,9,Mouse_Thymus4
Mouse_Thymus4,3980,3_58,5,Mouse_Thymus4
Mouse_Thymus4,3981,43_31,1,Mouse_Thymus4
Mouse_Thymus4,3982,25_73,5,Mouse_Thymus4
Mouse_Thymus4,3983,25_69,0,Mouse_Thymus4
Mouse_Thymus4,3984,49_83,0,Mouse_Thymus4
Mouse_Thymus4,3985,25_51,0,Mouse_Thymus4
Mouse_Thymus4,3986,28_32,0,Mouse_Thymus4
Mouse_Thymus4,3987,36_38,1,Mouse_Thymus4
Mouse_Thymus4,3988,30_83,0,Mouse_Thymus4
Mouse_Thymus4,3989,68_7,5,Mouse_Thymus4
Mouse_Thymus4,3990,48_107,5,Mouse_Thymus4
Mouse_Thymus4,3991,54_111,0,Mouse_Thymus4
Mouse_Thymus4,3992,27_29,0,Mouse_Thymus4
Mouse_Thymus4,3993,50_18,9,Mouse_Thymus4
Mouse_Thymus4,3994,41_79,0,Mouse_Thymus4
Mouse_Thymus4,3995,55_4,5,Mouse_Thymus4
Mouse_Thymus4,3996,24_46,0,Mouse_Thymus4
Mouse_Thymus4,3997,30_81,0,Mouse_Thymus4
Mouse_Thymus4,3998,50_116,5,Mouse_Thymus4
Mouse_Thymus4,3999,58_111,5,Mouse_Thymus4
Mouse_Thymus4,4000,54_19,1,Mouse_Thymus4
Mouse_Thymus4,4001,28_22,1,Mouse_Thymus4
Mouse_Thymus4,4002,31_68,0,Mouse_Thymus4
Mouse_Thymus4,4003,47_94,0,Mouse_Thymus4
Mouse_Thymus4,4004,53_7,8,Mouse_Thymus4
Mouse_Thymus4,4005,64_22,8,Mouse_Thymus4
Mouse_Thymus4,4006,57_18,5,Mouse_Thymus4
Mouse_Thymus4,4007,37_43,9,Mouse_Thymus4
Mouse_Thymus4,4008,32_33,8,Mouse_Thymus4
Mouse_Thymus4,4009,58_19,1,Mouse_Thymus4
Mouse_Thymus4,4010,35_85,6,Mouse_Thymus4
Mouse_Thymus4,4011,53_112,0,Mouse_Thymus4
Mouse_Thymus4,4012,32_97,4,Mouse_Thymus4
Mouse_Thymus4,4013,31_42,8,Mouse_Thymus4
Mouse_Thymus4,4014,31_19,8,Mouse_Thymus4
Mouse_Thymus4,4015,30_78,0,Mouse_Thymus4
Mouse_Thymus4,4016,15_43,0,Mouse_Thymus4
Mouse_Thymus4,4017,29_38,5,Mouse_Thymus4
Mouse_Thymus4,4018,32_26,8,Mouse_Thymus4
Mouse_Thymus4,4019,19_67,6,Mouse_Thymus4
Mouse_Thymus4,4020,18_80,9,Mouse_Thymus4
Mouse_Thymus4,4021,41_46,1,Mouse_Thymus4
Mouse_Thymus4,4022,57_104,1,Mouse_Thymus4
Mouse_Thymus4,4023,13_63,5,Mouse_Thymus4
Mouse_Thymus4,4024,59_97,5,Mouse_Thymus4
Mouse_Thymus4,4025,28_52,0,Mouse_Thymus4
Mouse_Thymus4,4026,31_56,0,Mouse_Thymus4
Mouse_Thymus4,4027,52_41,1,Mouse_Thymus4
Mouse_Thymus4,4028,43_79,0,Mouse_Thymus4
Mouse_Thymus4,4029,16_57,1,Mouse_Thymus4
Mouse_Thymus4,4030,36_42,1,Mouse_Thymus4
Mouse_Thymus4,4031,67_7,5,Mouse_Thymus4
Mouse_Thymus4,4032,43_51,0,Mouse_Thymus4
Mouse_Thymus4,4033,32_67,0,Mouse_Thymus4
Mouse_Thymus4,4034,58_24,1,Mouse_Thymus4
Mouse_Thymus4,4035,59_85,8,Mouse_Thymus4
Mouse_Thymus4,4036,38_97,5,Mouse_Thymus4
Mouse_Thymus4,4037,49_38,9,Mouse_Thymus4
Mouse_Thymus4,4038,60_23,1,Mouse_Thymus4
Mouse_Thymus4,4039,42_74,0,Mouse_Thymus4
Mouse_Thymus4,4040,61_31,1,Mouse_Thymus4
Mouse_Thymus4,4041,4_47,1,Mouse_Thymus4
Mouse_Thymus4,4042,62_0,4,Mouse_Thymus4
Mouse_Thymus4,4043,25_36,0,Mouse_Thymus4
Mouse_Thymus4,4044,24_81,1,Mouse_Thymus4
Mouse_Thymus4,4045,28_70,0,Mouse_Thymus4
Mouse_Thymus4,4046,17_73,1,Mouse_Thymus4
Mouse_Thymus4,4047,54_79,1,Mouse_Thymus4
Mouse_Thymus4,4048,53_24,1,Mouse_Thymus4
Mouse_Thymus4,4049,32_94,5,Mouse_Thymus4
Mouse_Thymus4,4050,32_96,1,Mouse_Thymus4
Mouse_Thymus4,4051,35_54,6,Mouse_Thymus4
Mouse_Thymus4,4052,29_53,0,Mouse_Thymus4
Mouse_Thymus4,4053,50_89,0,Mouse_Thymus4
Mouse_Thymus4,4054,43_102,8,Mouse_Thymus4
Mouse_Thymus4,4055,21_81,8,Mouse_Thymus4
Mouse_Thymus4,4056,46_100,8,Mouse_Thymus4
Mouse_Thymus4,4057,47_96,0,Mouse_Thymus4
Mouse_Thymus4,4058,34_86,5,Mouse_Thymus4
Mouse_Thymus4,4059,29_61,0,Mouse_Thymus4
Mouse_Thymus4,4060,46_28,1,Mouse_Thymus4
Mouse_Thymus4,4061,40_29,6,Mouse_Thymus4
Mouse_Thymus4,4062,26_23,8,Mouse_Thymus4
Mouse_Thymus4,4063,54_12,1,Mouse_Thymus4
Mouse_Thymus4,4064,48_47,0,Mouse_Thymus4
Mouse_Thymus4,4065,35_24,0,Mouse_Thymus4
Mouse_Thymus4,4066,48_32,9,Mouse_Thymus4
Mouse_Thymus4,4067,17_30,6,Mouse_Thymus4
Mouse_Thymus4,4068,34_46,9,Mouse_Thymus4
Mouse_Thymus4,4069,36_49,8,Mouse_Thymus4
Mouse_Thymus4,4070,38_47,6,Mouse_Thymus4
Mouse_Thymus4,4071,60_34,5,Mouse_Thymus4
Mouse_Thymus4,4072,38_73,6,Mouse_Thymus4
Mouse_Thymus4,4073,57_83,5,Mouse_Thymus4
Mouse_Thymus4,4074,40_51,0,Mouse_Thymus4
Mouse_Thymus4,4075,27_27,6,Mouse_Thymus4
Mouse_Thymus4,4076,43_90,8,Mouse_Thymus4
Mouse_Thymus4,4077,38_92,6,Mouse_Thymus4
Mouse_Thymus4,4078,34_39,8,Mouse_Thymus4
Mouse_Thymus4,4079,52_30,5,Mouse_Thymus4
Mouse_Thymus4,4080,40_75,5,Mouse_Thymus4
Mouse_Thymus4,4081,17_57,1,Mouse_Thymus4
Mouse_Thymus4,4082,23_68,0,Mouse_Thymus4
Mouse_Thymus4,4083,63_33,5,Mouse_Thymus4
Mouse_Thymus4,4084,53_23,9,Mouse_Thymus4
Mouse_Thymus4,4085,18_50,5,Mouse_Thymus4
Mouse_Thymus4,4086,39_51,6,Mouse_Thymus4
Mouse_Thymus4,4087,33_86,0,Mouse_Thymus4
Mouse_Thymus4,4088,41_71,6,Mouse_Thymus4
Mouse_Thymus4,4089,20_81,1,Mouse_Thymus4
Mouse_Thymus4,4090,20_51,6,Mouse_Thymus4
Mouse_Thymus4,4091,53_85,6,Mouse_Thymus4
Mouse_Thymus4,4092,19_82,1,Mouse_Thymus4
Mouse_Thymus4,4093,59_24,1,Mouse_Thymus4
Mouse_Thymus4,4094,37_66,0,Mouse_Thymus4
Mouse_Thymus4,4095,47_86,0,Mouse_Thymus4
Mouse_Thymus4,4096,28_51,0,Mouse_Thymus4
Mouse_Thymus4,4097,28_75,8,Mouse_Thymus4
Mouse_Thymus4,4098,51_79,5,Mouse_Thymus4
Mouse_Thymus4,4099,42_75,0,Mouse_Thymus4
Mouse_Thymus4,4100,47_34,1,Mouse_Thymus4
Mouse_Thymus4,4101,41_38,1,Mouse_Thymus4
Mouse_Thymus4,4102,62_13,1,Mouse_Thymus4
Mouse_Thymus4,4103,26_46,0,Mouse_Thymus4
Mouse_Thymus4,4104,55_11,1,Mouse_Thymus4
Mouse_Thymus4,4105,41_23,0,Mouse_Thymus4
Mouse_Thymus4,4106,31_90,6,Mouse_Thymus4
Mouse_Thymus4,4107,45_74,1,Mouse_Thymus4
Mouse_Thymus4,4108,54_106,0,Mouse_Thymus4
Mouse_Thymus4,4109,22_28,8,Mouse_Thymus4
Mouse_Thymus4,4110,11_39,8,Mouse_Thymus4
Mouse_Thymus4,4111,37_92,8,Mouse_Thymus4
Mouse_Thymus4,4112,19_77,1,Mouse_Thymus4
Mouse_Thymus4,4113,22_68,8,Mouse_Thymus4
Mouse_Thymus4,4114,48_81,0,Mouse_Thymus4
Mouse_Thymus4,4115,25_66,0,Mouse_Thymus4
Mouse_Thymus4,4116,26_31,0,Mouse_Thymus4
Mouse_Thymus4,4117,33_22,1,Mouse_Thymus4
Mouse_Thymus4,4118,51_14,5,Mouse_Thymus4
Mouse_Thymus4,4119,46_50,0,Mouse_Thymus4
Mouse_Thymus4,4120,44_85,0,Mouse_Thymus4
Mouse_Thymus4,4121,32_78,6,Mouse_Thymus4
Mouse_Thymus4,4122,43_80,0,Mouse_Thymus4
Mouse_Thymus4,4123,55_111,1,Mouse_Thymus4
Mouse_Thymus4,4124,67_6,5,Mouse_Thymus4
Mouse_Thymus4,4125,52_16,1,Mouse_Thymus4
Mouse_Thymus4,4126,52_96,0,Mouse_Thymus4
Mouse_Thymus4,4127,61_14,1,Mouse_Thymus4
Mouse_Thymus4,4128,24_70,0,Mouse_Thymus4
Mouse_Thymus4,4129,16_48,6,Mouse_Thymus4
Mouse_Thymus4,4130,23_40,0,Mouse_Thymus4
Mouse_Thymus4,4131,29_32,0,Mouse_Thymus4
Mouse_Thymus4,4132,16_55,1,Mouse_Thymus4
Mouse_Thymus4,4133,28_42,1,Mouse_Thymus4
Mouse_Thymus4,4134,57_19,1,Mouse_Thymus4
Mouse_Thymus4,4135,42_21,0,Mouse_Thymus4
Mouse_Thymus4,4136,50_95,0,Mouse_Thymus4
Mouse_Thymus4,4137,34_66,1,Mouse_Thymus4
Mouse_Thymus4,4138,38_86,6,Mouse_Thymus4
Mouse_Thymus4,4139,58_35,5,Mouse_Thymus4
Mouse_Thymus4,4140,46_83,0,Mouse_Thymus4
Mouse_Thymus4,4141,13_44,1,Mouse_Thymus4
Mouse_Thymus4,4142,60_102,5,Mouse_Thymus4
Mouse_Thymus4,4143,56_18,1,Mouse_Thymus4
Mouse_Thymus4,4144,35_28,6,Mouse_Thymus4
Mouse_Thymus4,4145,34_67,6,Mouse_Thymus4
Mouse_Thymus4,4146,11_60,1,Mouse_Thymus4
Mouse_Thymus4,4147,17_53,5,Mouse_Thymus4
Mouse_Thymus4,4148,45_80,0,Mouse_Thymus4
Mouse_Thymus4,4149,14_38,1,Mouse_Thymus4
Mouse_Thymus4,4150,57_100,5,Mouse_Thymus4
Mouse_Thymus4,4151,45_18,0,Mouse_Thymus4
Mouse_Thymus4,4152,56_20,1,Mouse_Thymus4
Mouse_Thymus4,4153,46_5,4,Mouse_Thymus4
Mouse_Thymus4,4154,21_79,1,Mouse_Thymus4
Mouse_Thymus4,4155,56_14,1,Mouse_Thymus4
Mouse_Thymus4,4156,46_108,5,Mouse_Thymus4
Mouse_Thymus4,4157,8_41,6,Mouse_Thymus4
Mouse_Thymus4,4158,37_24,0,Mouse_Thymus4
Mouse_Thymus4,4159,14_43,6,Mouse_Thymus4
Mouse_Thymus4,4160,49_81,6,Mouse_Thymus4
Mouse_Thymus4,4161,9_62,1,Mouse_Thymus4
Mouse_Thymus4,4162,25_79,1,Mouse_Thymus4
Mouse_Thymus4,4163,12_66,5,Mouse_Thymus4
Mouse_Thymus4,4164,53_37,1,Mouse_Thymus4
Mouse_Thymus4,4165,18_69,1,Mouse_Thymus4
Mouse_Thymus4,4166,43_66,5,Mouse_Thymus4
Mouse_Thymus4,4167,49_116,4,Mouse_Thymus4
Mouse_Thymus4,4168,35_92,6,Mouse_Thymus4
Mouse_Thymus4,4169,52_80,5,Mouse_Thymus4
Mouse_Thymus4,4170,36_88,6,Mouse_Thymus4
Mouse_Thymus4,4171,48_41,1,Mouse_Thymus4
Mouse_Thymus4,4172,35_72,6,Mouse_Thymus4
Mouse_Thymus4,4173,37_60,6,Mouse_Thymus4
Mouse_Thymus4,4174,35_27,0,Mouse_Thymus4
Mouse_Thymus4,4175,17_38,0,Mouse_Thymus4
Mouse_Thymus4,4176,51_23,1,Mouse_Thymus4
Mouse_Thymus4,4177,27_80,5,Mouse_Thymus4
Mouse_Thymus4,4178,58_33,5,Mouse_Thymus4
Mouse_Thymus4,4179,19_45,0,Mouse_Thymus4
Mouse_Thymus4,4180,16_30,8,Mouse_Thymus4
Mouse_Thymus4,4181,37_90,6,Mouse_Thymus4
Mouse_Thymus4,4182,34_59,6,Mouse_Thymus4
Mouse_Thymus4,4183,47_101,5,Mouse_Thymus4
Mouse_Thymus4,4184,34_42,8,Mouse_Thymus4
Mouse_Thymus4,4185,44_28,1,Mouse_Thymus4
Mouse_Thymus4,4186,38_68,0,Mouse_Thymus4
Mouse_Thymus4,4187,20_29,1,Mouse_Thymus4
Mouse_Thymus4,4188,23_61,6,Mouse_Thymus4
Mouse_Thymus4,4189,4_57,1,Mouse_Thymus4
Mouse_Thymus4,4190,40_28,0,Mouse_Thymus4
Mouse_Thymus4,4191,36_65,0,Mouse_Thymus4
Mouse_Thymus4,4192,53_18,1,Mouse_Thymus4
Mouse_Thymus4,4193,32_31,1,Mouse_Thymus4
Mouse_Thymus4,4194,7_36,1,Mouse_Thymus4
Mouse_Thymus4,4195,63_11,9,Mouse_Thymus4
Mouse_Thymus4,4196,48_12,0,Mouse_Thymus4
Mouse_Thymus4,4197,60_7,6,Mouse_Thymus4
Mouse_Thymus4,4198,14_36,1,Mouse_Thymus4
Mouse_Thymus4,4199,53_30,5,Mouse_Thymus4
Mouse_Thymus4,4200,66_8,1,Mouse_Thymus4
Mouse_Thymus4,4201,57_108,5,Mouse_Thymus4
Mouse_Thymus4,4202,32_61,8,Mouse_Thymus4
Mouse_Thymus4,4203,37_34,0,Mouse_Thymus4
Mouse_Thymus4,4204,8_39,1,Mouse_Thymus4
Mouse_Thymus4,4205,19_56,9,Mouse_Thymus4
Mouse_Thymus4,4206,46_101,8,Mouse_Thymus4
Mouse_Thymus4,4207,8_57,1,Mouse_Thymus4
Mouse_Thymus4,4208,36_89,6,Mouse_Thymus4
Mouse_Thymus4,4209,40_89,1,Mouse_Thymus4
Mouse_Thymus4,4210,40_81,6,Mouse_Thymus4
Mouse_Thymus4,4211,28_36,6,Mouse_Thymus4
Mouse_Thymus4,4212,36_22,0,Mouse_Thymus4
Mouse_Thymus4,4213,41_70,6,Mouse_Thymus4
Mouse_Thymus4,4214,72_3,4,Mouse_Thymus4
Mouse_Thymus4,4215,57_32,5,Mouse_Thymus4
Mouse_Thymus4,4216,14_31,5,Mouse_Thymus4
Mouse_Thymus4,4217,47_45,6,Mouse_Thymus4
Mouse_Thymus4,4218,31_31,1,Mouse_Thymus4
Mouse_Thymus4,4219,47_41,8,Mouse_Thymus4
Mouse_Thymus4,4220,52_20,1,Mouse_Thymus4
Mouse_Thymus4,4221,45_7,8,Mouse_Thymus4
Mouse_Thymus4,4222,43_13,6,Mouse_Thymus4
Mouse_Thymus4,4223,59_113,8,Mouse_Thymus4
Mouse_Thymus4,4224,52_82,0,Mouse_Thymus4
Mouse_Thymus4,4225,30_23,1,Mouse_Thymus4
Mouse_Thymus4,4226,42_88,9,Mouse_Thymus4
Mouse_Thymus4,4227,36_31,0,Mouse_Thymus4
