section,cluster,count,section_fraction
s1,0,858,0.3598993288590604
s1,1,311,0.1304530201342282
s1,2,612,0.25671140939597314
s1,3,327,0.13716442953020133
s1,4,276,0.11577181208053691
s2,0,973,0.3450354609929078
s2,1,743,0.26347517730496456
s2,2,440,0.15602836879432624
s2,3,396,0.14042553191489363
s2,4,268,0.0950354609929078
s3,0,395,0.14838467317806162
s3,1,880,0.3305785123966942
s3,2,701,0.263335837716003
s3,3,267,0.10030052592036064
s3,4,419,0.15740045078888054
