section,neighbor_same_cluster_fraction
s1,0.8680089485458613
s2,0.8412529550827423
s3,0.8730904082143751
