cluster,s1_count,s2_count,s3_count,total_count,s1_fraction,s2_fraction,s3_fraction
0,300,364,460,1124,0.2669039145907473,0.3238434163701068,0.4092526690391459
1,300,392,389,1081,0.27752081406105455,0.36262719703977797,0.3598519888991674
2,623,624,680,1927,0.32330046704722365,0.32381940840685003,0.3528801245459263
3,861,1144,865,2870,0.3,0.3986062717770035,0.30139372822299654
4,300,296,268,864,0.3472222222222222,0.3425925925925926,0.3101851851851852
