section,cluster,count,section_fraction
s1,0,300,0.12583892617449666
s1,1,300,0.12583892617449666
s1,2,623,0.2613255033557047
s1,3,861,0.3611577181208054
s1,4,300,0.12583892617449666
s2,0,364,0.12907801418439716
s2,1,392,0.13900709219858157
s2,2,624,0.22127659574468084
s2,3,1144,0.4056737588652482
s2,4,296,0.1049645390070922
s3,0,460,0.1728024042073629
s3,1,389,0.14613072877535688
s3,2,680,0.2554470323065364
s3,3,865,0.32494365138993236
s3,4,268,0.10067618332081142
