section,neighbor_same_cluster_fraction
s1,0.8709451901565995
s2,0.8605791962174941
s3,0.864763335837716
