section,obs_name,cluster,x,y,RegionLoupe,annotations,celltype,Y.l1,Y
s3,AAACAAGTATCTCCCA-1,7,50.0,102.0,CP,CP_lesioned,CP_lesioned,2,3
s3,AAACATTTCCCGGATT-1,8,61.0,97.0,ACB,ACB_lesioned,ACB_lesioned,1,1
s3,AAACCCGAACGAAATC-1,8,45.0,115.0,CP,CP_lesioned,CP_lesioned,2,3
s3,AAACCGGAAATGTTAA-1,8,54.0,124.0,CP,CP_lesioned,CP_lesioned,2,3
s3,AAACCGGGTAGGTACC-1,1,42.0,28.0,OT,OT,OT,6,7
s3,AAACCTAAGCAGCCGG-1,6,65.0,83.0,MSC,MSC,MSC,5,6
s3,AAACCTCATGAAGTTG-1,1,37.0,19.0,CP,CP_intact,CP_intact,2,2
s3,AAACGAGACGGTTGAT-1,0,35.0,79.0,VL,VL,VL,7,8
s3,AAACGGGCGTACGGGT-1,6,65.0,91.0,OT,OT,OT,6,7
s3,AAACTGCTGGCTCCAA-1,3,45.0,67.0,ACB,ACB_intact,ACB_intact,1,0
s3,AAAGAATGTGGACTAA-1,8,71.0,105.0,CTX,CTX,CTX,3,4
s3,AAAGACCCAAGTCGCG-1,2,10.0,48.0,CTX,CTX,CTX,3,4
s3,AAAGACTGGGCGCTTT-1,1,29.0,15.0,CP,CP_intact,CP_intact,2,2
s3,AAAGGGATGTAGCAAG-1,2,24.0,62.0,CTX,CTX,CTX,3,4
s3,AAAGGGCAGCTTGAAT-1,7,24.0,26.0,CP,CP_intact,CP_intact,2,2
s3,AAAGTCGACCCTCAGT-1,1,37.0,15.0,OT,OT,OT,6,7
s3,AAAGTGCCATCAATTA-1,2,63.0,125.0,CTX,CTX,CTX,3,4
s3,AAAGTGTGATTTATCT-1,8,44.0,94.0,CP,CP_lesioned,CP_lesioned,2,3
s3,AAAGTTGACTCCCGTA-1,7,42.0,96.0,CP,CP_lesioned,CP_lesioned,2,3
s3,AAATAAGGTAGTGCCC-1,9,31.0,115.0,CTX,CTX,CTX,3,4
s3,AAATACCTATAAGCAT-1,6,47.0,69.0,LSX,LSX,LSX,4,5
s3,AAATAGCTTAGACTTT-1,7,36.0,106.0,CP,CP_lesioned,CP_lesioned,2,3
s3,AAATAGGGTGCTATTG-1,6,53.0,79.0,MSC,MSC,MSC,5,6
s3,AAATCCGATACACGCC-1,6,65.0,87.0,MSC,MSC,MSC,5,6
s3,AAATCGTGTACCACAA-1,3,44.0,56.0,ACB,ACB_intact,ACB_intact,1,0
s3,AAATCTAGCCCTGCTA-1,8,53.0,101.0,ACB,ACB_lesioned,ACB_lesioned,1,1
s3,AAATGCTCGTTACGTT-1,9,16.0,24.0,CTX,CTX,CTX,3,4
s3,AAATGGCATGTCTTGT-1,2,13.0,69.0,CTX,CTX,CTX,3,4
s3,AAATGGTCAATGTGCC-1,7,33.0,51.0,CP,CP_intact,CP_intact,2,2
s3,AAATTAACGGGTAGCT-1,0,34.0,58.0,VL,VL,VL,7,8
s3,AAATTAATAAGCGCGA-1,2,32.0,4.0,CTX,CTX,CTX,3,4
s3,AAATTACCTATCGATG-1,5,26.0,94.0,CTX,CTX,CTX,3,4
s3,AAATTCCAGGTCCAAA-1,5,35.0,115.0,cc,cc,cc,9,10
s3,AACAACTGGTAGTTGC-1,7,28.0,42.0,CP,CP_intact,CP_intact,2,2
s3,AACAATTACTCTACGC-1,1,29.0,25.0,CP,CP_intact,CP_intact,2,2
s3,AACACACGCTCGCCGC-1,3,51.0,93.0,VL,VL,VL,7,8
s3,AACAGGAAATCGAATA-1,2,15.0,67.0,CTX,CTX,CTX,3,4
s3,AACAGGATGGGCCGCG-1,1,29.0,31.0,CP,CP_intact,CP_intact,2,2
s3,AACAGGTAGTATGGAT-1,8,49.0,113.0,CP,CP_lesioned,CP_lesioned,2,3
s3,AACATATCAACTGGTG-1,5,27.0,99.0,CTX,CTX,CTX,3,4
s3,AACCAAGACTTCTCTG-1,1,36.0,24.0,CP,CP_intact,CP_intact,2,2
s3,AACCATGGGATCGCTA-1,9,14.0,30.0,CTX,CTX,CTX,3,4
s3,AACCCAGAGACGGAGA-1,9,15.0,39.0,CTX,CTX,CTX,3,4
s3,AACCCGAGCAGAATCG-1,8,57.0,113.0,CP,CP_lesioned,CP_lesioned,2,3
s3,AACCCTACTGTCAATA-1,8,40.0,96.0,CP,CP_lesioned,CP_lesioned,2,3
s3,AACCGAGCTTGGTCAT-1,2,24.0,70.0,CTX,CTX,CTX,3,4
s3,AACCGCTAAGGGATGC-1,0,46.0,92.0,VL,VL,VL,7,8
s3,AACCTCGCTTTAGCCC-1,6,62.0,82.0,MSC,MSC,MSC,5,6
s3,AACCTGTCACGGAATT-1,5,36.0,118.0,cc,cc,cc,9,10
s3,AACCTTTAAATACGGT-1,6,54.0,68.0,MSC,MSC,MSC,5,6
s3,AACGATAATGCCGTAG-1,6,53.0,73.0,MSC,MSC,MSC,5,6
s3,AACGATAGAAGGGCCG-1,9,15.0,53.0,CTX,CTX,CTX,3,4
s3,AACGATATGTCAACTG-1,2,24.0,76.0,CTX,CTX,CTX,3,4
s3,AACGCGAACGGCAACA-1,2,8.0,22.0,CTX,CTX,CTX,3,4
s3,AACGCGGTCTCCAGCC-1,2,23.0,65.0,CTX,CTX,CTX,3,4
s3,AACGCTGTTGCTGAAA-1,7,54.0,94.0,ACB,ACB_lesioned,ACB_lesioned,1,1
s3,AACGGACGTACGTATA-1,3,50.0,92.0,VL,VL,VL,7,8
s3,AACGGCCATCTCCGGT-1,1,47.0,39.0,CP,CP_intact,CP_intact,2,2
s3,AACGTACTGTGGGTAC-1,3,48.0,42.0,CP,CP_intact,CP_intact,2,2
s3,AACGTCAGACTAGTGG-1,7,24.0,40.0,CP,CP_intact,CP_intact,2,2
s3,AACGTGCGAAAGTCTC-1,0,36.0,74.0,LSX,LSX,LSX,4,5
s3,AACGTTATCAGCACCT-1,5,22.0,10.0,CTX,CTX,CTX,3,4
s3,AACTACCCGTTTGTCA-1,8,47.0,113.0,CP,CP_lesioned,CP_lesioned,2,3
s3,AACTAGGCTTGGGTGT-1,6,55.0,61.0,MSC,MSC,MSC,5,6
s3,AACTCAAGTTAATTGC-1,1,38.0,44.0,CP,CP_intact,CP_intact,2,2
s3,AACTCCAGAGCGTGTT-1,8,60.0,92.0,ACB,ACB_lesioned,ACB_lesioned,1,1
s3,AACTCGATGGCGCAGT-1,9,11.0,27.0,CTX,CTX,CTX,3,4
s3,AACTCTCAATAGAGCG-1,0,35.0,93.0,VL,VL,VL,7,8
s3,AACTGATATTAGGCCT-1,9,16.0,66.0,CTX,CTX,CTX,3,4
s3,AACTGGGTCCCGACGT-1,2,20.0,66.0,CTX,CTX,CTX,3,4
s3,AACTTCTGCGTCTATC-1,5,18.0,18.0,CTX,CTX,CTX,3,4
s3,AACTTGCCCGTATGCA-1,1,29.0,27.0,CP,CP_intact,CP_intact,2,2
s3,AACTTGCGTTCTCGCG-1,9,14.0,20.0,CTX,CTX,CTX,3,4
s3,AACTTTACGGGAGCTT-1,2,31.0,7.0,CTX,CTX,CTX,3,4
s3,AAGAAGGATCAGTTAG-1,9,13.0,25.0,CTX,CTX,CTX,3,4
s3,AAGACATACGTGGTTT-1,6,68.0,114.0,CTX,CTX,CTX,3,4
s3,AAGACTGCAAGCTACT-1,6,36.0,68.0,LSX,LSX,LSX,4,5
s3,AAGAGATGAATCGGTA-1,7,27.0,27.0,CP,CP_intact,CP_intact,2,2
s3,AAGAGCTCTTTATCGG-1,0,35.0,77.0,VL,VL,VL,7,8
s3,AAGAGGATGTACGCGA-1,1,39.0,29.0,CP,CP_intact,CP_intact,2,2
s3,AAGAGGCATGGATCGC-1,0,36.0,80.0,VL,VL,VL,7,8
s3,AAGAGGCCCTTTGGAA-1,8,59.0,109.0,CP,CP_lesioned,CP_lesioned,2,3
s3,AAGATTGGCGGAACGT-1,5,26.0,90.0,CTX,CTX,CTX,3,4
s3,AAGCATACTCTCCTGA-1,6,53.0,69.0,MSC,MSC,MSC,5,6
s3,AAGCCGAAGCGGTTTA-1,8,49.0,107.0,CP,CP_lesioned,CP_lesioned,2,3
s3,AAGCCGGAGAGCAGGA-1,9,61.0,125.0,CTX,CTX,CTX,3,4
s3,AAGCTAGATCGAGTAA-1,6,50.0,68.0,ACB,ACB_intact,ACB_intact,1,0
s3,AAGCTCGTGCCAAGTC-1,0,35.0,73.0,VL,VL,VL,7,8
s3,AAGCTCTTTCATGGTG-1,6,57.0,81.0,MSC,MSC,MSC,5,6
s3,AAGGAGCGGTTGGTGC-1,1,28.0,48.0,CP,CP_intact,CP_intact,2,2
s3,AAGGATCGATCGCTTG-1,7,39.0,109.0,CP,CP_lesioned,CP_lesioned,2,3
s3,AAGGATGAGGGACCTC-1,5,27.0,87.0,CTX,CTX,CTX,3,4
s3,AAGGCAGGCTGTCTCC-1,8,42.0,118.0,CP,CP_lesioned,CP_lesioned,2,3
s3,AAGGCGCGTAAAGCTT-1,7,24.0,38.0,CP,CP_intact,CP_intact,2,2
s3,AAGGCTGTGCTCATCG-1,7,30.0,46.0,CP,CP_intact,CP_intact,2,2
s3,AAGGGACAGATTCTGT-1,5,26.0,92.0,CTX,CTX,CTX,3,4
s3,AAGGTATCCTAATATA-1,2,25.0,81.0,CTX,CTX,CTX,3,4
s3,AAGGTGATAAACCAGC-1,3,44.0,92.0,VL,VL,VL,7,8
s3,AAGTAGAAGACCGGGT-1,5,19.0,47.0,CTX,CTX,CTX,3,4
s3,AAGTAGTGACGCGAGG-1,1,33.0,31.0,CP,CP_intact,CP_intact,2,2
s3,AAGTCAATTGTCGTCA-1,7,45.0,101.0,CP,CP_lesioned,CP_lesioned,2,3
s3,AAGTGACGACCGAATT-1,1,41.0,25.0,OT,OT,OT,6,7
s3,AAGTGCAAAGGTAGAC-1,5,28.0,10.0,cc,cc,cc,9,10
s3,AAGTGCCTTGACTGTA-1,7,44.0,104.0,CP,CP_lesioned,CP_lesioned,2,3
s3,AAGTGTTTGGAGACGG-1,6,52.0,80.0,MSC,MSC,MSC,5,6
s3,AAGTTCACTCCAAGCT-1,6,57.0,85.0,ACB,ACB_lesioned,ACB_lesioned,1,1
s3,AAGTTGTGATGTTATA-1,8,66.0,106.0,CP,CP_lesioned,CP_lesioned,2,3
s3,AATAACAACGCTCGGC-1,1,36.0,30.0,CP,CP_intact,CP_intact,2,2
s3,AATAATCTTCGTATCG-1,8,52.0,122.0,CP,CP_lesioned,CP_lesioned,2,3
s3,AATACAATGTTTCAGG-1,1,23.0,19.0,CP,CP_intact,CP_intact,2,2
s3,AATAGAATCTGTTTCA-1,6,48.0,86.0,ACB,ACB_lesioned,ACB_lesioned,1,1
s3,AATAGTCGCGAGTCGG-1,5,25.0,7.0,CTX,CTX,CTX,3,4
s3,AATATCAAGGTCGGAT-1,2,8.0,42.0,CTX,CTX,CTX,3,4
s3,AATATCGAATCAATGC-1,8,49.0,109.0,CP,CP_lesioned,CP_lesioned,2,3
s3,AATATCGAGGGTTCTC-1,5,27.0,101.0,CTX,CTX,CTX,3,4
s3,AATATTGGAGTATTGA-1,1,36.0,22.0,CP,CP_intact,CP_intact,2,2
s3,AATCATGTAAAGACTC-1,4,54.0,98.0,aco,aco,aco,8,9
s3,AATCCAAGGGCCTGAG-1,9,13.0,47.0,CTX,CTX,CTX,3,4
s3,AATCCATGCAAGGGTG-1,2,8.0,26.0,CTX,CTX,CTX,3,4
s3,AATCGCCTCAGCGCCA-1,6,39.0,79.0,LSX,LSX,LSX,4,5
s3,AATCGCGCAGAGGACT-1,7,42.0,114.0,CP,CP_lesioned,CP_lesioned,2,3
s3,AATCGGTATAGCCCTC-1,8,71.0,109.0,CTX,CTX,CTX,3,4
s3,AATCTATGCCGGAGCC-1,9,26.0,110.0,CTX,CTX,CTX,3,4
s3,AATCTCTACTGTGGTT-1,2,38.0,10.0,CTX,CTX,CTX,3,4
s3,AATCTGCGTTGGGACG-1,4,32.0,92.0,cc,cc,cc,9,10
s3,AATGACGTAGGATGTC-1,6,44.0,78.0,LSX,LSX,LSX,4,5
s3,AATGACTGTCAGCCGG-1,4,23.0,47.0,cc,cc,cc,9,10
s3,AATGAGTTCGCATATG-1,9,15.0,21.0,CTX,CTX,CTX,3,4
s3,AATGATGATACGCTAT-1,9,23.0,93.0,CTX,CTX,CTX,3,4
s3,AATGATGCGACTCCTG-1,9,25.0,101.0,CTX,CTX,CTX,3,4
s3,AATGCAACCGGGTACC-1,5,25.0,59.0,cc,cc,cc,9,10
s3,AATGGTCCACCGTTCA-1,1,30.0,16.0,CP,CP_intact,CP_intact,2,2
s3,AATGGTTCTCACAAGC-1,5,19.0,35.0,CTX,CTX,CTX,3,4
s3,AATGTTGTCGTGAGAC-1,9,68.0,108.0,CTX,CTX,CTX,3,4
s3,AATTAAAGGTCGGCGT-1,8,40.0,50.0,CP,CP_intact,CP_intact,2,2
s3,AATTACTCGTACGCTC-1,9,10.0,8.0,CTX,CTX,CTX,3,4
s3,AATTAGCGCTGCAGCG-1,6,51.0,63.0,ACB,ACB_intact,ACB_intact,1,0
s3,AATTCATAAGGGATCT-1,5,23.0,91.0,CTX,CTX,CTX,3,4
s3,AATTCTAGAGTTAGGC-1,3,49.0,63.0,ACB,ACB_intact,ACB_intact,1,0
s3,AATTGAACGCTCTGGT-1,6,45.0,83.0,LSX,LSX,LSX,4,5
s3,AATTGCAGCAATCGAC-1,8,64.0,102.0,CP,CP_lesioned,CP_lesioned,2,3
s3,AATTGTGGTTGCCAAA-1,2,65.0,119.0,CTX,CTX,CTX,3,4
s3,ACAAAGCATGACCTAG-1,3,63.0,97.0,ACB,ACB_lesioned,ACB_lesioned,1,1
s3,ACAAATCGCACCGAAT-1,6,50.0,82.0,LSX,LSX,LSX,4,5
s3,ACAAATGGTAGTGTTT-1,6,44.0,84.0,LSX,LSX,LSX,4,5
s3,ACAACAGCATGAGCTA-1,4,32.0,72.0,cc,cc,cc,9,10
s3,ACAACGGTCCCTGCGA-1,7,22.0,30.0,CP,CP_intact,CP_intact,2,2
s3,ACAAGCAGTGCCTAGC-1,1,30.0,26.0,CP,CP_intact,CP_intact,2,2
s3,ACAAGGAAATCCGCCC-1,6,49.0,75.0,MSC,MSC,MSC,5,6
s3,ACAAGGACAAGAGGTT-1,7,29.0,37.0,CP,CP_intact,CP_intact,2,2
s3,ACAAGGATGCTTTAGG-1,6,61.0,87.0,OT,OT,OT,6,7
s3,ACAAGGGCAGGCTCTG-1,6,44.0,76.0,MSC,MSC,MSC,5,6
s3,ACAATAGTCGTACGTT-1,1,42.0,20.0,OT,OT,OT,6,7
s3,ACAATCCATTTAAACC-1,1,36.0,32.0,CP,CP_intact,CP_intact,2,2
s3,ACAATTGTGTCTCTTT-1,8,51.0,97.0,ACB,ACB_lesioned,ACB_lesioned,1,1
s3,ACAATTTAGGAGGCTC-1,2,31.0,9.0,CTX,CTX,CTX,3,4
s3,ACAATTTGAGCAGTGG-1,2,28.0,82.0,CTX,CTX,CTX,3,4
s3,ACAATTTGGCCATATT-1,8,43.0,123.0,CP,CP_lesioned,CP_lesioned,2,3
s3,ACACAAAGACGGGTGG-1,4,24.0,56.0,cc,cc,cc,9,10
s3,ACACACCAGGACCAGT-1,3,44.0,90.0,ACB,ACB_lesioned,ACB_lesioned,1,1
s3,ACACACTTTCTACACG-1,9,14.0,64.0,CTX,CTX,CTX,3,4
s3,ACACATTGACGCAACA-1,2,8.0,8.0,CTX,CTX,CTX,3,4
s3,ACACCACATAATTAGC-1,9,31.0,117.0,CTX,CTX,CTX,3,4
s3,ACACCCAGCATGCAGC-1,4,24.0,50.0,cc,cc,cc,9,10
s3,ACACCCGAGAAATCCG-1,5,19.0,39.0,CTX,CTX,CTX,3,4
s3,ACACCGAGCGCTCTTT-1,9,15.0,5.0,CTX,CTX,CTX,3,4
s3,ACACCTTAAGTAGGGC-1,7,25.0,43.0,CP,CP_intact,CP_intact,2,2
s3,ACACCTTACTACTTGC-1,7,41.0,111.0,CP,CP_lesioned,CP_lesioned,2,3
s3,ACACGAGACTCCTTCT-1,4,31.0,71.0,cc,cc,cc,9,10
s3,ACACGGGAACTTAGGG-1,0,27.0,71.0,CTX,CTX,CTX,3,4
s3,ACACGTAGGCCACAAG-1,8,58.0,110.0,CP,CP_lesioned,CP_lesioned,2,3
s3,ACACTCCAATGTCACT-1,5,17.0,17.0,CTX,CTX,CTX,3,4
s3,ACACTGGGACAGTCGT-1,8,59.0,115.0,CP,CP_lesioned,CP_lesioned,2,3
s3,ACAGCGACATTCTCAT-1,8,59.0,99.0,ACB,ACB_lesioned,ACB_lesioned,1,1
s3,ACAGGCACGGATCCTT-1,8,69.0,95.0,OT,OT,OT,6,7
s3,ACAGGCTTGCCCGACT-1,3,53.0,87.0,ACB,ACB_lesioned,ACB_lesioned,1,1
s3,ACATAATAAGGCGGTG-1,2,21.0,63.0,CTX,CTX,CTX,3,4
s3,ACATCAGCTGGGACGC-1,7,32.0,12.0,CP,CP_intact,CP_intact,2,2
s3,ACATCCCGGCCATACG-1,6,55.0,57.0,ACB,ACB_intact,ACB_intact,1,0
s3,ACATCCTGGTAACTGT-1,7,42.0,102.0,CP,CP_lesioned,CP_lesioned,2,3
s3,ACATCGATCGTTTACC-1,3,42.0,62.0,ACB,ACB_intact,ACB_intact,1,0
s3,ACATCGGTCAGCCGCG-1,1,41.0,37.0,CP,CP_intact,CP_intact,2,2
s3,ACATCGTATGCAATGG-1,6,45.0,81.0,LSX,LSX,LSX,4,5
s3,ACATGGCGCCAAAGTA-1,7,40.0,104.0,CP,CP_lesioned,CP_lesioned,2,3
s3,ACATGGCTCAATTTAG-1,2,8.0,14.0,CTX,CTX,CTX,3,4
s3,ACATTAGTTTATATCC-1,3,51.0,61.0,ACB,ACB_intact,ACB_intact,1,0
s3,ACCAACCGCACTCCAC-1,3,65.0,97.0,ACB,ACB_lesioned,ACB_lesioned,1,1
s3,ACCAAGAACGCGTGTC-1,5,17.0,49.0,CTX,CTX,CTX,3,4
s3,ACCAAGTCATCGGCAG-1,8,70.0,106.0,CTX,CTX,CTX,3,4
s3,ACCAATATGCAAGTTA-1,6,56.0,78.0,MSC,MSC,MSC,5,6
s3,ACCACAAGTTTCTATC-1,7,30.0,54.0,CP,CP_intact,CP_intact,2,2
s3,ACCACCAATGTAACAA-1,7,41.0,107.0,CP,CP_lesioned,CP_lesioned,2,3
s3,ACCACGTGCAGCTATA-1,6,48.0,76.0,MSC,MSC,MSC,5,6
s3,ACCACTGTTCAAGAAG-1,2,10.0,6.0,CTX,CTX,CTX,3,4
s3,ACCAGACCATAACAAC-1,2,38.0,4.0,CTX,CTX,CTX,3,4
s3,ACCAGTGCGGGAGACG-1,8,48.0,94.0,ACB,ACB_lesioned,ACB_lesioned,1,1
s3,ACCATATCCGCAATAA-1,3,38.0,56.0,VL,VL,VL,7,8
s3,ACCATCGTATATGGTA-1,1,42.0,42.0,CP,CP_intact,CP_intact,2,2
s3,ACCATTAAGGGTGTCA-1,9,13.0,5.0,CTX,CTX,CTX,3,4
s3,ACCCAACGCCCGTGGC-1,5,30.0,86.0,CTX,CTX,CTX,3,4
s3,ACCCACCTACATGCTC-1,7,25.0,25.0,CP,CP_intact,CP_intact,2,2
s3,ACCCATCTTGAGGGTA-1,1,37.0,37.0,CP,CP_intact,CP_intact,2,2
s3,ACCCATTTGTCCCTCT-1,8,60.0,100.0,ACB,ACB_lesioned,ACB_lesioned,1,1
s3,ACCCGGAAACTCCCAG-1,6,57.0,65.0,MSC,MSC,MSC,5,6
s3,ACCCGGAGCACCACAA-1,8,59.0,123.0,CP,CP_lesioned,CP_lesioned,2,3
s3,ACCCGGATGACGCATC-1,7,38.0,100.0,CP,CP_lesioned,CP_lesioned,2,3
s3,ACCCGGTTACACTTCC-1,7,42.0,48.0,aco,aco,aco,8,9
s3,ACCCGTAGTCTAGTTG-1,8,68.0,118.0,CTX,CTX,CTX,3,4
s3,ACCCTATAGGACTGAG-1,9,12.0,20.0,CTX,CTX,CTX,3,4
s3,ACCCTCCCGTCAGGGC-1,8,69.0,99.0,OT,OT,OT,6,7
s3,ACCCTCCCTTGCTATT-1,6,48.0,84.0,LSX,LSX,LSX,4,5
s3,ACCCTTCATCTGCGAA-1,2,13.0,65.0,CTX,CTX,CTX,3,4
s3,ACCGACTGAGTCCCAC-1,2,28.0,66.0,CTX,CTX,CTX,3,4
s3,ACCGATAGGCATAACC-1,8,60.0,118.0,CP,CP_lesioned,CP_lesioned,2,3
s3,ACCGATATTTAATCAT-1,8,54.0,120.0,CP,CP_lesioned,CP_lesioned,2,3
s3,ACCGATGGTAGCATCG-1,0,36.0,92.0,VL,VL,VL,7,8
s3,ACCGCAATAACTGCCT-1,6,51.0,79.0,MSC,MSC,MSC,5,6
s3,ACCGCGGTGGAAGTCG-1,7,44.0,106.0,CP,CP_lesioned,CP_lesioned,2,3
s3,ACCGGGCCTTTGTTGA-1,7,46.0,98.0,CP,CP_lesioned,CP_lesioned,2,3
s3,ACCTAATCGACTTCCT-1,7,32.0,30.0,CP,CP_intact,CP_intact,2,2
s3,ACCTACAGTATGTGGT-1,7,41.0,113.0,CP,CP_lesioned,CP_lesioned,2,3
s3,ACCTCCGCCCTCGCTG-1,8,55.0,107.0,CP,CP_lesioned,CP_lesioned,2,3
s3,ACCTCCGTTATTCACC-1,4,34.0,112.0,cc,cc,cc,9,10
s3,ACGAAATGGGCGGCAC-1,1,32.0,24.0,CP,CP_intact,CP_intact,2,2
s3,ACGACCCATGAGTTGC-1,9,59.0,125.0,CTX,CTX,CTX,3,4
s3,ACGAGAACCCATCACG-1,2,8.0,34.0,CTX,CTX,CTX,3,4
s3,ACGAGTACGGATGCCC-1,5,28.0,104.0,CTX,CTX,CTX,3,4
s3,ACGATACATAGAACTA-1,2,22.0,80.0,CTX,CTX,CTX,3,4
s3,ACGATACCTATCCTGA-1,2,33.0,1.0,CTX,CTX,CTX,3,4
s3,ACGATCATACATAGAG-1,2,25.0,63.0,CTX,CTX,CTX,3,4
s3,ACGATCATCTTGTAAA-1,7,36.0,102.0,CP,CP_lesioned,CP_lesioned,2,3
s3,ACGATGCATATGTTAT-1,1,37.0,43.0,CP,CP_intact,CP_intact,2,2
s3,ACGCAATCACTACAGC-1,9,25.0,109.0,CTX,CTX,CTX,3,4
s3,ACGCATACGTTTACTA-1,8,56.0,102.0,ACB,ACB_lesioned,ACB_lesioned,1,1
s3,ACGCATTCGTGAGTAC-1,0,33.0,61.0,VL,VL,VL,7,8
s3,ACGCCAGATGATTTCT-1,2,17.0,73.0,CTX,CTX,CTX,3,4
s3,ACGCCAGTGCGTTTGC-1,8,72.0,102.0,CTX,CTX,CTX,3,4
s3,ACGCCGCTAGACGACC-1,6,43.0,71.0,LSX,LSX,LSX,4,5
s3,ACGCGAAGTCAGACGA-1,3,49.0,59.0,ACB,ACB_intact,ACB_intact,1,0
s3,ACGCGCTACACAGGGT-1,1,41.0,31.0,CP,CP_intact,CP_intact,2,2
s3,ACGCGGGCCAAGGACA-1,0,34.0,62.0,ACB,ACB_intact,ACB_intact,1,0
s3,ACGCGTTTCTTAAGAG-1,2,29.0,5.0,CTX,CTX,CTX,3,4
s3,ACGCTAGTGATACACT-1,5,28.0,100.0,CTX,CTX,CTX,3,4
s3,ACGCTGTGAGGCGTAG-1,5,39.0,13.0,CTX,CTX,CTX,3,4
s3,ACGGAATTTAGCAAAT-1,9,15.0,27.0,CTX,CTX,CTX,3,4
s3,ACGGATGGTGCGGATA-1,6,57.0,79.0,MSC,MSC,MSC,5,6
s3,ACGGCACTTGCTTGGG-1,6,52.0,60.0,ACB,ACB_intact,ACB_intact,1,0
s3,ACGGCCAACATGGACT-1,6,53.0,55.0,ACB,ACB_intact,ACB_intact,1,0
s3,ACGGCGACGATGGGAA-1,6,49.0,77.0,MSC,MSC,MSC,5,6
s3,ACGGGTCATGTGACTT-1,9,15.0,9.0,CTX,CTX,CTX,3,4
s3,ACGTAGATTGCTGATG-1,0,33.0,67.0,VL,VL,VL,7,8
s3,ACGTATTACTCCGATC-1,8,41.0,97.0,CP,CP_lesioned,CP_lesioned,2,3
s3,ACGTGCGCCTCGTGCA-1,9,17.0,63.0,CTX,CTX,CTX,3,4
s3,ACGTTAATGTCGAAGA-1,6,41.0,69.0,LSX,LSX,LSX,4,5
s3,ACGTTAGATTTGCCCG-1,1,39.0,39.0,CP,CP_intact,CP_intact,2,2
s3,ACGTTATTGGTCACTC-1,5,19.0,13.0,CTX,CTX,CTX,3,4
s3,ACGTTCGCAATCAATT-1,5,33.0,113.0,CTX,CTX,CTX,3,4
s3,ACGTTCTGTACAAGTC-1,6,65.0,95.0,OT,OT,OT,6,7
s3,ACGTTTAGTTGTGATC-1,9,14.0,68.0,CTX,CTX,CTX,3,4
s3,ACTACCAGCTCTCTGG-1,7,25.0,41.0,CP,CP_intact,CP_intact,2,2
s3,ACTAGTTGCGATCGTC-1,7,50.0,104.0,CP,CP_lesioned,CP_lesioned,2,3
s3,ACTATCCAGGGCATGG-1,7,38.0,108.0,CP,CP_lesioned,CP_lesioned,2,3
s3,ACTATCGCCGGCTAAA-1,9,13.0,1.0,CTX,CTX,CTX,3,4
s3,ACTATCTGCCCGCGTA-1,8,53.0,113.0,CP,CP_lesioned,CP_lesioned,2,3
s3,ACTCAACGAATGTATT-1,0,7.0,33.0,CTX,CTX,CTX,3,4
s3,ACTCAAGTGCAAGGCT-1,6,60.0,86.0,OT,OT,OT,6,7
s3,ACTCAATAAAGGCACG-1,2,25.0,69.0,CTX,CTX,CTX,3,4
s3,ACTCAGACCTGCTTCT-1,2,9.0,43.0,CTX,CTX,CTX,3,4
s3,ACTCCCGAATTCGTTT-1,4,32.0,104.0,cc,cc,cc,9,10
s3,ACTCCCTAGAATAGTA-1,6,48.0,70.0,LSX,LSX,LSX,4,5
s3,ACTCGATGTATTTCAT-1,5,18.0,10.0,CTX,CTX,CTX,3,4
s3,ACTCGCCGTTCGATAA-1,6,67.0,111.0,CTX,CTX,CTX,3,4
s3,ACTCGCGATCTGACGC-1,4,42.0,126.0,cc,cc,cc,9,10
s3,ACTCGTCAGTAATCCC-1,0,36.0,78.0,VL,VL,VL,7,8
s3,ACTCTAAACCTGGGAT-1,2,27.0,1.0,CTX,CTX,CTX,3,4
s3,ACTCTCTGACTTAGGT-1,6,42.0,78.0,LSX,LSX,LSX,4,5
s3,ACTCTGACCTAATAGA-1,8,69.0,97.0,OT,OT,OT,6,7
s3,ACTCTTCAGCTCCCGC-1,9,36.0,126.0,CTX,CTX,CTX,3,4
s3,ACTCTTGTATAGTAAC-1,6,36.0,70.0,LSX,LSX,LSX,4,5
s3,ACTGAAACGCCGTTAG-1,3,57.0,93.0,ACB,ACB_lesioned,ACB_lesioned,1,1
s3,ACTGAATGGCGAAAGT-1,6,47.0,83.0,LSX,LSX,LSX,4,5
s3,ACTGCCGTCGTAACTC-1,2,16.0,70.0,CTX,CTX,CTX,3,4
s3,ACTGCGGACACACCGT-1,4,37.0,119.0,cc,cc,cc,9,10
s3,ACTGTACGATACACAT-1,2,30.0,78.0,CTX,CTX,CTX,3,4
s3,ACTGTAGCACTTTGGA-1,7,27.0,39.0,CP,CP_intact,CP_intact,2,2
s3,ACTGTATACGCGAGCA-1,2,10.0,36.0,CTX,CTX,CTX,3,4
s3,ACTGTCCAGGATTATA-1,7,33.0,55.0,CP,CP_intact,CP_intact,2,2
s3,ACTGTCTTCTTTAGAA-1,4,30.0,64.0,cc,cc,cc,9,10
s3,ACTGTGCTAGTAGATC-1,9,13.0,31.0,CTX,CTX,CTX,3,4
s3,ACTTACGCATCCACGC-1,6,58.0,78.0,MSC,MSC,MSC,5,6
s3,ACTTAGTACGACAAGA-1,9,14.0,32.0,CTX,CTX,CTX,3,4
s3,ACTTATTAGGATCGGT-1,7,38.0,52.0,CP,CP_intact,CP_intact,2,2
s3,ACTTATTTATGTGCCA-1,3,46.0,90.0,LSX,LSX,LSX,4,5
s3,ACTTCAGGCTGATCCC-1,6,51.0,81.0,MSC,MSC,MSC,5,6
s3,ACTTCCATGCGGGACA-1,6,61.0,85.0,MSC,MSC,MSC,5,6
s3,ACTTCGCCATACGCAC-1,0,27.0,75.0,CTX,CTX,CTX,3,4
s3,ACTTGACTCCCTCTTT-1,6,42.0,72.0,LSX,LSX,LSX,4,5
s3,ACTTGGGACCCGGTGG-1,1,29.0,49.0,CP,CP_intact,CP_intact,2,2
s3,ACTTGTGGATGGAACG-1,7,52.0,108.0,CP,CP_lesioned,CP_lesioned,2,3
s3,ACTTTACCCTCATGAA-1,4,32.0,106.0,cc,cc,cc,9,10
s3,ACTTTCCTATAGCTTC-1,4,28.0,62.0,cc,cc,cc,9,10
s3,ACTTTGACTGCATCCT-1,2,39.0,11.0,CTX,CTX,CTX,3,4
s3,ACTTTGTCGACGCACT-1,8,56.0,120.0,CP,CP_lesioned,CP_lesioned,2,3
s3,AGAAATTATGACTCGC-1,8,53.0,115.0,CP,CP_lesioned,CP_lesioned,2,3
s3,AGAACCCAGCGTGACA-1,8,44.0,124.0,CP,CP_lesioned,CP_lesioned,2,3
s3,AGAACGTGGTACATTC-1,0,27.0,73.0,CTX,CTX,CTX,3,4
s3,AGAAGAGCGCCGTTCC-1,0,38.0,88.0,VL,VL,VL,7,8
s3,AGAAGGTTGCCGAATT-1,1,42.0,44.0,CP,CP_intact,CP_intact,2,2
s3,AGAATAAATCTTCAGG-1,2,37.0,11.0,CTX,CTX,CTX,3,4
s3,AGAATTATGGATTCGA-1,4,32.0,98.0,cc,cc,cc,9,10
s3,AGAATTGTTTGACATA-1,5,17.0,23.0,CTX,CTX,CTX,3,4
s3,AGACAGCTCAGAATCC-1,5,22.0,12.0,CTX,CTX,CTX,3,4
s3,AGACAGGCATCTCAGC-1,8,55.0,125.0,CP,CP_lesioned,CP_lesioned,2,3
s3,AGACCATGGGATACAA-1,7,22.0,28.0,CP,CP_intact,CP_intact,2,2
s3,AGACCCACCGCTGATC-1,6,49.0,65.0,ACB,ACB_intact,ACB_intact,1,0
s3,AGACCCGCCCTCCTCG-1,4,26.0,56.0,cc,cc,cc,9,10
s3,AGACCGCTCCGCGGTT-1,8,51.0,111.0,CP,CP_lesioned,CP_lesioned,2,3
s3,AGACCGGGAAACCCTG-1,1,41.0,17.0,OT,OT,OT,6,7
s3,AGACGAAGTGCCGGTC-1,8,49.0,97.0,ACB,ACB_lesioned,ACB_lesioned,1,1
s3,AGACGCCCACTTCGCC-1,8,60.0,120.0,CP,CP_lesioned,CP_lesioned,2,3
s3,AGACTAGCCTTCCAGA-1,7,28.0,46.0,CP,CP_intact,CP_intact,2,2
s3,AGAGAACCGTCTAGGA-1,5,26.0,88.0,CTX,CTX,CTX,3,4
s3,AGAGATCTCTAAAGCG-1,1,40.0,18.0,OT,OT,OT,6,7
s3,AGAGCAGTTATGAGAC-1,1,29.0,19.0,CP,CP_intact,CP_intact,2,2
s3,AGAGCCGCCGAGATTT-1,8,58.0,112.0,CP,CP_lesioned,CP_lesioned,2,3
s3,AGAGCGGGCTAATCAT-1,9,16.0,64.0,CTX,CTX,CTX,3,4
s3,AGAGCGTACAAGCTCG-1,1,24.0,28.0,CP,CP_intact,CP_intact,2,2
s3,AGAGCTACGAAAGCAT-1,9,10.0,16.0,CTX,CTX,CTX,3,4
s3,AGAGGCTTCGGAAACC-1,8,51.0,101.0,CP,CP_lesioned,CP_lesioned,2,3
s3,AGAGTAAACTTCACTA-1,7,48.0,106.0,CP,CP_lesioned,CP_lesioned,2,3
s3,AGAGTATAGTGTTACG-1,9,28.0,122.0,CTX,CTX,CTX,3,4
s3,AGATAACTTCAGGGCC-1,1,32.0,44.0,CP,CP_intact,CP_intact,2,2
s3,AGATACCAATAGAACC-1,8,64.0,110.0,CP,CP_lesioned,CP_lesioned,2,3
s3,AGATACCGGTGTTCAC-1,1,40.0,38.0,CP,CP_intact,CP_intact,2,2
s3,AGATACGACTTCATAT-1,9,15.0,35.0,CTX,CTX,CTX,3,4
s3,AGATACTCAAGATCGA-1,6,46.0,82.0,LSX,LSX,LSX,4,5
s3,AGATCTCAGGTGTGAT-1,0,29.0,75.0,CTX,CTX,CTX,3,4
s3,AGATGACTCGCCCACG-1,5,21.0,55.0,CTX,CTX,CTX,3,4
s3,AGATGATGGAGTCTGG-1,4,34.0,106.0,cc,cc,cc,9,10
s3,AGATGCTATAACGAGC-1,9,11.0,7.0,CTX,CTX,CTX,3,4
s3,AGATTATAGGACGTTT-1,7,36.0,54.0,CP,CP_intact,CP_intact,2,2
s3,AGCAACATATCTTATT-1,3,41.0,93.0,VL,VL,VL,7,8
s3,AGCACCAGTACTCACG-1,2,27.0,65.0,CTX,CTX,CTX,3,4
s3,AGCACTACCGGCCTGT-1,1,34.0,20.0,CP,CP_intact,CP_intact,2,2
s3,AGCACTACCTCACCAG-1,6,53.0,81.0,MSC,MSC,MSC,5,6
s3,AGCACTTAAGGACGCC-1,1,31.0,35.0,CP,CP_intact,CP_intact,2,2
s3,AGCATATCAATATGCT-1,8,51.0,95.0,ACB,ACB_lesioned,ACB_lesioned,1,1
s3,AGCATCGTCGATAATT-1,4,22.0,52.0,cc,cc,cc,9,10
s3,AGCATTACGAGGCAAG-1,9,67.0,105.0,OT,OT,OT,6,7
s3,AGCCACAGGTTACCCG-1,6,63.0,89.0,OT,OT,OT,6,7
s3,AGCCACTCCCGTGCTT-1,2,23.0,81.0,CTX,CTX,CTX,3,4
s3,AGCCCATACATGTAAG-1,1,42.0,26.0,OT,OT,OT,6,7
s3,AGCCCTAAGCGAAGTT-1,9,15.0,65.0,CTX,CTX,CTX,3,4
s3,AGCCCTGTCGCACCGT-1,7,41.0,121.0,CP,CP_lesioned,CP_lesioned,2,3
s3,AGCCCTTGGACATCCC-1,8,57.0,117.0,CP,CP_lesioned,CP_lesioned,2,3
s3,AGCCGCAAATTCAAAT-1,2,37.0,3.0,CTX,CTX,CTX,3,4
s3,AGCCGCTTGATTAGCG-1,2,11.0,1.0,CTX,CTX,CTX,3,4
s3,AGCCTTAAAGCGGAAG-1,5,21.0,15.0,CTX,CTX,CTX,3,4
s3,AGCGACATCCCATTCA-1,9,17.0,59.0,CTX,CTX,CTX,3,4
s3,AGCGACCAACGATATT-1,4,25.0,55.0,cc,cc,cc,9,10
s3,AGCGATGCGCCTAATA-1,8,64.0,108.0,CP,CP_lesioned,CP_lesioned,2,3
s3,AGCGCGGGTGCCAATG-1,5,24.0,92.0,CTX,CTX,CTX,3,4
s3,AGCGCTAGAGCGATGT-1,4,40.0,122.0,cc,cc,cc,9,10
s3,AGCGGGAAGGGTCCAT-1,9,13.0,37.0,CTX,CTX,CTX,3,4
s3,AGCGTACGAGAGCTAG-1,2,8.0,24.0,CTX,CTX,CTX,3,4
s3,AGCGTGGTATTCTACT-1,6,45.0,71.0,LSX,LSX,LSX,4,5
s3,AGCTAAGTACGCAGGC-1,6,64.0,86.0,MSC,MSC,MSC,5,6
s3,AGCTATTTAATCCAAC-1,2,16.0,74.0,CTX,CTX,CTX,3,4
s3,AGCTCCATATATGTTC-1,8,57.0,109.0,CP,CP_lesioned,CP_lesioned,2,3
s3,AGCTCCTTCGCACATC-1,3,52.0,86.0,ACB,ACB_lesioned,ACB_lesioned,1,1
s3,AGCTCTAGACGTTCCA-1,6,38.0,76.0,LSX,LSX,LSX,4,5
s3,AGCTCTTCGTAACCTT-1,7,39.0,107.0,CP,CP_lesioned,CP_lesioned,2,3
s3,AGCTCTTTACTCAGTT-1,1,41.0,45.0,CP,CP_intact,CP_intact,2,2
s3,AGCTGAAGTAAACCAA-1,2,20.0,84.0,CTX,CTX,CTX,3,4
s3,AGCTTCTTCTCGAGCA-1,8,68.0,100.0,OT,OT,OT,6,7
s3,AGCTTGATCTTAACTT-1,1,41.0,23.0,OT,OT,OT,6,7
s3,AGGAACGAACGACTTC-1,9,64.0,120.0,CTX,CTX,CTX,3,4
s3,AGGACAGTCGAATCCC-1,6,43.0,85.0,LSX,LSX,LSX,4,5
s3,AGGACATCGCACGTCG-1,9,16.0,38.0,CTX,CTX,CTX,3,4
s3,AGGACATCGGCACACT-1,0,68.0,122.0,CTX,CTX,CTX,3,4
s3,AGGACGACCCATTAGA-1,1,43.0,45.0,CP,CP_intact,CP_intact,2,2
s3,AGGACTTATAGGAGAA-1,9,13.0,3.0,CTX,CTX,CTX,3,4
s3,AGGAGGCCTTCGCGCG-1,7,52.0,98.0,ACB,ACB_lesioned,ACB_lesioned,1,1
s3,AGGATAAAGTCGGGAT-1,6,53.0,65.0,ACB,ACB_intact,ACB_intact,1,0
s3,AGGATATAGGGATTTA-1,7,46.0,96.0,CP,CP_lesioned,CP_lesioned,2,3
s3,AGGATTGCTTACGACA-1,9,30.0,120.0,CTX,CTX,CTX,3,4
s3,AGGCACGTGACTGTCC-1,8,57.0,115.0,CP,CP_lesioned,CP_lesioned,2,3
s3,AGGCAGATGCGTAAAC-1,2,26.0,86.0,CTX,CTX,CTX,3,4
s3,AGGCATTGTCGTAGGG-1,8,49.0,99.0,CP,CP_lesioned,CP_lesioned,2,3
s3,AGGCCACATTGGTTAC-1,8,46.0,126.0,CP,CP_lesioned,CP_lesioned,2,3
s3,AGGCCACCCGTTATGA-1,7,28.0,38.0,CP,CP_intact,CP_intact,2,2
s3,AGGCCCAGTGACTGGT-1,2,9.0,15.0,CTX,CTX,CTX,3,4
s3,AGGCCCATTGTACAGG-1,9,15.0,55.0,CTX,CTX,CTX,3,4
s3,AGGCCTGAGAATCTCG-1,6,62.0,88.0,OT,OT,OT,6,7
s3,AGGCGATAACTGGCGT-1,8,58.0,122.0,CP,CP_lesioned,CP_lesioned,2,3
s3,AGGCTATGGTTAGCTT-1,7,26.0,30.0,CP,CP_intact,CP_intact,2,2
s3,AGGCTTGCTAGACACC-1,1,24.0,18.0,CP,CP_intact,CP_intact,2,2
s3,AGGGACCGGCTGCGTT-1,7,36.0,110.0,CP,CP_lesioned,CP_lesioned,2,3
s3,AGGGAGACATACTTCG-1,9,29.0,113.0,CTX,CTX,CTX,3,4
s3,AGGGCCCTAATGTTCT-1,2,64.0,122.0,CTX,CTX,CTX,3,4
s3,AGGGCGTGATCGGCTA-1,9,17.0,45.0,CTX,CTX,CTX,3,4
s3,AGGGCTGCAGTTACAG-1,6,35.0,65.0,LSX,LSX,LSX,4,5
s3,AGGGTCGATGCGAACT-1,8,37.0,97.0,CP,CP_lesioned,CP_lesioned,2,3
s3,AGGGTCTGGACGCAGT-1,0,69.0,119.0,CTX,CTX,CTX,3,4
s3,AGGGTGCTCTCGAGGG-1,0,34.0,92.0,VL,VL,VL,7,8
s3,AGGGTGGATAGTGCAT-1,7,29.0,11.0,CP,CP_intact,CP_intact,2,2
s3,AGGGTTCCCTTTGGTT-1,5,30.0,88.0,CTX,CTX,CTX,3,4
s3,AGGGTTTAGTTCGGGA-1,0,33.0,63.0,VL,VL,VL,7,8
s3,AGGTAACCTCCTATTC-1,9,13.0,41.0,CTX,CTX,CTX,3,4
s3,AGGTAGGTACAAAGCT-1,1,35.0,31.0,CP,CP_intact,CP_intact,2,2
s3,AGGTATAATTGATAGT-1,4,35.0,109.0,cc,cc,cc,9,10
s3,AGGTATGCGGACATTA-1,5,38.0,124.0,CTX,CTX,CTX,3,4
s3,AGGTCGCCTCCCAACA-1,2,61.0,121.0,CTX,CTX,CTX,3,4
s3,AGGTCGCGGAGTTACT-1,9,26.0,104.0,CTX,CTX,CTX,3,4
s3,AGGTGCACGTCCACAT-1,8,70.0,104.0,CTX,CTX,CTX,3,4
s3,AGGTGTATCGCCATGA-1,1,37.0,17.0,OT,OT,OT,6,7
s3,AGGTGTTGCCGACCAC-1,2,65.0,123.0,CTX,CTX,CTX,3,4
s3,AGGTTACACCATGCCG-1,7,43.0,115.0,CP,CP_lesioned,CP_lesioned,2,3
s3,AGGTTGAGGCACGCTT-1,0,22.0,74.0,CTX,CTX,CTX,3,4
s3,AGGTTTCACACACCTT-1,6,41.0,67.0,LSX,LSX,LSX,4,5
s3,AGTAACTATAGCAGCC-1,8,71.0,107.0,CTX,CTX,CTX,3,4
s3,AGTAATGTCTTGCCGC-1,9,16.0,60.0,CTX,CTX,CTX,3,4
s3,AGTACATCATTTATCA-1,9,29.0,109.0,CTX,CTX,CTX,3,4
s3,AGTACGGCCCGTATCG-1,2,35.0,11.0,CTX,CTX,CTX,3,4
s3,AGTACGGGCACCTGGC-1,2,25.0,79.0,CTX,CTX,CTX,3,4
s3,AGTACTCTTATGCCCA-1,3,56.0,88.0,ACB,ACB_lesioned,ACB_lesioned,1,1
s3,AGTAGGTAACATACAT-1,9,13.0,51.0,CTX,CTX,CTX,3,4
s3,AGTATAATACTAGGCA-1,7,25.0,33.0,CP,CP_intact,CP_intact,2,2
s3,AGTCAACACCACCATC-1,3,41.0,47.0,ACB,ACB_intact,ACB_intact,1,0
s3,AGTCAAGATGACACTT-1,3,48.0,90.0,ACB,ACB_lesioned,ACB_lesioned,1,1
s3,AGTCACTAGCTCTCGA-1,4,55.0,99.0,aco,aco,aco,8,9
s3,AGTCAGCCACCGCCTG-1,9,16.0,28.0,CTX,CTX,CTX,3,4
s3,AGTCCATTGGCTGATG-1,7,42.0,100.0,CP,CP_lesioned,CP_lesioned,2,3
s3,AGTCGACGGTCTCAAG-1,0,38.0,90.0,VL,VL,VL,7,8
s3,AGTCGGCCCAAACGAC-1,7,25.0,39.0,CP,CP_intact,CP_intact,2,2
s3,AGTCGGTTGCGTGAGA-1,7,40.0,112.0,CP,CP_lesioned,CP_lesioned,2,3
s3,AGTCGTCGACCACCAA-1,3,57.0,91.0,ACB,ACB_lesioned,ACB_lesioned,1,1
s3,AGTCTAAAGTATACTC-1,9,29.0,111.0,CTX,CTX,CTX,3,4
s3,AGTCTGGACATCCTTG-1,5,18.0,20.0,CTX,CTX,CTX,3,4
s3,AGTCTTCTCCTCAAAT-1,2,24.0,66.0,CTX,CTX,CTX,3,4
s3,AGTGAACAAACTTCTC-1,7,44.0,102.0,CP,CP_lesioned,CP_lesioned,2,3
s3,AGTGACCTACTTTACG-1,7,44.0,52.0,ACB,ACB_intact,ACB_intact,1,0
s3,AGTGAGACTTCCAGTA-1,0,35.0,87.0,VL,VL,VL,7,8
s3,AGTGAGCCTCGCCGCC-1,5,29.0,103.0,CTX,CTX,CTX,3,4
s3,AGTGAGTCGAATTAAC-1,6,67.0,109.0,OT,OT,OT,6,7
s3,AGTGATAACCTGCGCG-1,3,59.0,89.0,ACB,ACB_lesioned,ACB_lesioned,1,1
s3,AGTGATATGAGTAGTT-1,1,45.0,49.0,ACB,ACB_intact,ACB_intact,1,0
s3,AGTGATTCAAGCAGGA-1,4,33.0,87.0,cc,cc,cc,9,10
s3,AGTGCACGCTTAAGAA-1,4,52.0,96.0,aco,aco,aco,8,9
s3,AGTGCGTAGCTCGTAA-1,3,46.0,42.0,ACB,ACB_intact,ACB_intact,1,0
s3,AGTGCTAAACACAGCA-1,6,61.0,91.0,ACB,ACB_lesioned,ACB_lesioned,1,1
s3,AGTGCTTGCACGAATA-1,6,41.0,89.0,LSX,LSX,LSX,4,5
s3,AGTGGCGGCAATTTGA-1,5,24.0,94.0,CTX,CTX,CTX,3,4
s3,AGTGGCGTCTGAAGGT-1,6,62.0,86.0,MSC,MSC,MSC,5,6
s3,AGTGGCTCCGTCGGCC-1,6,40.0,12.0,CTX,CTX,CTX,3,4
s3,AGTGGTTGCGTATAGG-1,2,35.0,7.0,CTX,CTX,CTX,3,4
s3,AGTGTGCTAAGATCGC-1,9,14.0,10.0,CTX,CTX,CTX,3,4
s3,AGTGTGGTCTATTGTG-1,4,21.0,23.0,cc,cc,cc,9,10
s3,AGTTAAACACTTGCGA-1,1,40.0,44.0,CP,CP_intact,CP_intact,2,2
s3,AGTTAAGCGGTCCCGG-1,2,16.0,80.0,CTX,CTX,CTX,3,4
s3,AGTTACCCTTAAGACT-1,5,24.0,8.0,CTX,CTX,CTX,3,4
s3,AGTTACCGCACATGGT-1,1,26.0,14.0,CP,CP_intact,CP_intact,2,2
s3,AGTTCACCGGTTGGAC-1,5,20.0,8.0,CTX,CTX,CTX,3,4
s3,AGTTCCTACAGAATTA-1,1,30.0,50.0,CP,CP_intact,CP_intact,2,2
s3,AGTTCCTATTTATGTT-1,3,43.0,65.0,ACB,ACB_intact,ACB_intact,1,0
s3,AGTTCTGCGTTGTATC-1,9,13.0,19.0,CTX,CTX,CTX,3,4
s3,AGTTGACATCGGCTGG-1,9,10.0,26.0,CTX,CTX,CTX,3,4
s3,AGTTGCTGACTGATAT-1,9,16.0,18.0,CTX,CTX,CTX,3,4
s3,AGTTGGCAAGGCTAGA-1,9,68.0,106.0,OT,OT,OT,6,7
s3,AGTTTGGCACGGGTTG-1,7,48.0,102.0,CP,CP_lesioned,CP_lesioned,2,3
s3,ATAAACGGACCCGTAA-1,3,47.0,61.0,ACB,ACB_intact,ACB_intact,1,0
s3,ATAAACGTTGCACCAC-1,8,57.0,107.0,CP,CP_lesioned,CP_lesioned,2,3
s3,ATAAAGGCTCGGTCGT-1,7,34.0,50.0,CP,CP_intact,CP_intact,2,2
s3,ATAAATATTAGCAGCT-1,1,38.0,28.0,CP,CP_intact,CP_intact,2,2
s3,ATAACGCCGGAGGGTC-1,0,35.0,81.0,VL,VL,VL,7,8
s3,ATAACGGAGTCCAACG-1,2,25.0,75.0,CTX,CTX,CTX,3,4
s3,ATAAGGTGGAGAACAT-1,6,50.0,72.0,MSC,MSC,MSC,5,6
s3,ATAAGTAGGATTCAGA-1,9,27.0,103.0,CTX,CTX,CTX,3,4
s3,ATAAGTAGGGCGACTC-1,7,36.0,108.0,CP,CP_lesioned,CP_lesioned,2,3
s3,ATAAGTTACCGCGACG-1,3,46.0,52.0,ACB,ACB_intact,ACB_intact,1,0
s3,ATAATACCGTTAGCCG-1,5,16.0,16.0,CTX,CTX,CTX,3,4
s3,ATAATAGCTGTTGAAT-1,3,47.0,63.0,ACB,ACB_intact,ACB_intact,1,0
s3,ATAATAGTGTAGGGAC-1,5,18.0,30.0,CTX,CTX,CTX,3,4
s3,ATAATCTTGGAGAACC-1,6,61.0,77.0,MSC,MSC,MSC,5,6
s3,ATACAGGCCCTCCAAT-1,6,56.0,72.0,MSC,MSC,MSC,5,6
s3,ATACCACGGGCAACTT-1,1,35.0,29.0,CP,CP_intact,CP_intact,2,2
s3,ATACGAAGGCTTTCCA-1,5,37.0,123.0,CTX,CTX,CTX,3,4
s3,ATACGCCGGCGAAACC-1,6,40.0,78.0,LSX,LSX,LSX,4,5
s3,ATACGGGTTTCGATTG-1,2,22.0,82.0,CTX,CTX,CTX,3,4
s3,ATACGGTGAAGATGCA-1,2,33.0,11.0,CTX,CTX,CTX,3,4
s3,ATACGTACTTAGCCAC-1,6,55.0,77.0,MSC,MSC,MSC,5,6
s3,ATACGTCCACTCCTGT-1,3,47.0,93.0,VL,VL,VL,7,8
s3,ATACTACCCGTACCAC-1,3,59.0,105.0,ACB,ACB_lesioned,ACB_lesioned,1,1
s3,ATACTAGCATGACCCT-1,5,21.0,61.0,CTX,CTX,CTX,3,4
s3,ATACTCTCGCCACTCT-1,2,9.0,25.0,CTX,CTX,CTX,3,4
s3,ATACTGCCTTACACCG-1,6,58.0,84.0,MSC,MSC,MSC,5,6
s3,ATACTTGTTCTCGAGC-1,2,30.0,10.0,cc,cc,cc,9,10
s3,ATAGACAACGGGACCT-1,5,28.0,92.0,CTX,CTX,CTX,3,4
s3,ATAGACGAAGAGAAAG-1,1,33.0,45.0,CP,CP_intact,CP_intact,2,2
s3,ATAGAGTACTGGGACA-1,7,26.0,48.0,CP,CP_intact,CP_intact,2,2
s3,ATAGAGTTATCAACTT-1,5,27.0,93.0,CTX,CTX,CTX,3,4
s3,ATAGCAACTAGGGAAG-1,8,62.0,98.0,ACB,ACB_lesioned,ACB_lesioned,1,1
s3,ATAGCCTCAGTACCCA-1,5,18.0,14.0,CTX,CTX,CTX,3,4
s3,ATAGCTGCTCTTGTTA-1,9,16.0,10.0,CTX,CTX,CTX,3,4
s3,ATAGGCGGCTATAGAA-1,1,43.0,33.0,CP,CP_intact,CP_intact,2,2
s3,ATAGGCTAGCTTCGCA-1,5,25.0,97.0,CTX,CTX,CTX,3,4
s3,ATAGGGATATCCTTGA-1,2,21.0,71.0,CTX,CTX,CTX,3,4
s3,ATAGGTTGGGCAGATG-1,4,28.0,64.0,cc,cc,cc,9,10
s3,ATAGTGAAGCGTTCTC-1,3,41.0,57.0,VL,VL,VL,7,8
s3,ATAGTTCCACCCACTC-1,7,38.0,102.0,CP,CP_lesioned,CP_lesioned,2,3
s3,ATATAAATGTAGCTGC-1,6,54.0,74.0,MSC,MSC,MSC,5,6
s3,ATATAACACGGGCGCA-1,6,66.0,94.0,OT,OT,OT,6,7
s3,ATATACGCTCGTGACG-1,8,62.0,108.0,CP,CP_lesioned,CP_lesioned,2,3
s3,ATATCAACCTACAGAG-1,7,37.0,105.0,CP,CP_lesioned,CP_lesioned,2,3
s3,ATATCGGTAGGGAGAT-1,7,38.0,110.0,CP,CP_lesioned,CP_lesioned,2,3
s3,ATATCGTTCCTCGAAC-1,8,58.0,92.0,ACB,ACB_lesioned,ACB_lesioned,1,1
s3,ATATCTCCCTCGTTAA-1,9,19.0,87.0,CTX,CTX,CTX,3,4
s3,ATATCTTAGGGCCTTC-1,6,35.0,61.0,LSX,LSX,LSX,4,5
s3,ATATGTCTCCCTAGCC-1,8,35.0,97.0,CP,CP_lesioned,CP_lesioned,2,3
s3,ATATTATCCCGTATTT-1,2,9.0,1.0,CTX,CTX,CTX,3,4
s3,ATATTCAGTTAAACCT-1,1,44.0,40.0,CP,CP_intact,CP_intact,2,2
s3,ATATTCCACATAGTGA-1,6,51.0,77.0,MSC,MSC,MSC,5,6
s3,ATATTGCTGTCAAAGT-1,5,18.0,32.0,CTX,CTX,CTX,3,4
s3,ATATTGGAGAGGCCTT-1,8,59.0,121.0,CP,CP_lesioned,CP_lesioned,2,3
s3,ATATTTAACCCTCAAG-1,8,31.0,55.0,CP,CP_intact,CP_intact,2,2
s3,ATCAAACACTGTTCCA-1,7,47.0,107.0,CP,CP_lesioned,CP_lesioned,2,3
s3,ATCAATCTGGGCTGCA-1,0,33.0,65.0,LSX,LSX,LSX,4,5
s3,ATCACATTAGAATATC-1,2,20.0,82.0,CTX,CTX,CTX,3,4
s3,ATCACGTGCTAATTAA-1,1,46.0,36.0,CP,CP_intact,CP_intact,2,2
s3,ATCACTTCATCCTCGC-1,2,21.0,67.0,CTX,CTX,CTX,3,4
s3,ATCAGACGGCACGCCG-1,1,44.0,42.0,CP,CP_intact,CP_intact,2,2
s3,ATCAGCCTCATGCTGC-1,3,57.0,87.0,ACB,ACB_lesioned,ACB_lesioned,1,1
s3,ATCAGTAGGCAGGGAT-1,5,23.0,87.0,CTX,CTX,CTX,3,4
s3,ATCATAGCCCTATGTA-1,8,62.0,106.0,CP,CP_lesioned,CP_lesioned,2,3
s3,ATCATCCAATATTTGT-1,3,39.0,59.0,ACB,ACB_intact,ACB_intact,1,0
s3,ATCATGGACTACCGAC-1,7,44.0,126.0,CP,CP_lesioned,CP_lesioned,2,3
s3,ATCCAACGCAGTCATA-1,7,25.0,37.0,CP,CP_intact,CP_intact,2,2
s3,ATCCAATGGAGGGTCC-1,1,43.0,27.0,OT,OT,OT,6,7
s3,ATCCAATGGTACCGAA-1,2,36.0,6.0,CTX,CTX,CTX,3,4
s3,ATCCAGAGCAACAACC-1,3,50.0,52.0,ACB,ACB_intact,ACB_intact,1,0
s3,ATCCAGGATTCGTGAA-1,8,40.0,46.0,CP,CP_intact,CP_intact,2,2
s3,ATCCGGACCAGCCTGA-1,0,67.0,125.0,CTX,CTX,CTX,3,4
s3,ATCCTACCTAAGCTCT-1,3,44.0,48.0,ACB,ACB_intact,ACB_intact,1,0
s3,ATCCTGAATCGCTGCG-1,1,38.0,26.0,CP,CP_intact,CP_intact,2,2
s3,ATCCTGCGTGGAATGG-1,3,45.0,47.0,ACB,ACB_intact,ACB_intact,1,0
s3,ATCCTTCTGAAAGAAC-1,8,48.0,126.0,CP,CP_lesioned,CP_lesioned,2,3
s3,ATCGACCCAATACAGA-1,3,43.0,63.0,ACB,ACB_intact,ACB_intact,1,0
s3,ATCGACTCTTTCCGTT-1,2,23.0,61.0,CTX,CTX,CTX,3,4
s3,ATCGCACGCCGGGAGA-1,4,25.0,57.0,cc,cc,cc,9,10
s3,ATCGCCAGTCAACATT-1,7,45.0,105.0,CP,CP_lesioned,CP_lesioned,2,3
s3,ATCGCTTTACGTCTCA-1,9,35.0,125.0,CTX,CTX,CTX,3,4
s3,ATCGGAGACAGACGGC-1,6,52.0,76.0,MSC,MSC,MSC,5,6
s3,ATCGGTTACCTAGTAA-1,2,34.0,8.0,CTX,CTX,CTX,3,4
s3,ATCGTATTCCGAGAAC-1,2,29.0,3.0,CTX,CTX,CTX,3,4
s3,ATCGTCCAATCGAGTC-1,9,9.0,13.0,CTX,CTX,CTX,3,4
s3,ATCGTTAGCTAGCGGA-1,8,58.0,98.0,ACB,ACB_lesioned,ACB_lesioned,1,1
s3,ATCTAACGTCCCTATG-1,2,9.0,3.0,CTX,CTX,CTX,3,4
s3,ATCTAATATCCTACGG-1,6,55.0,67.0,MSC,MSC,MSC,5,6
s3,ATCTCCCACGGAATAT-1,8,60.0,108.0,CP,CP_lesioned,CP_lesioned,2,3
s3,ATCTCCCTGCAATCTA-1,2,16.0,72.0,CTX,CTX,CTX,3,4
s3,ATCTCGTGAGCGAAAC-1,8,48.0,116.0,CP,CP_lesioned,CP_lesioned,2,3
s3,ATCTGATAGTGTCTTA-1,5,16.0,12.0,CTX,CTX,CTX,3,4
s3,ATCTGCACCTCTGCGA-1,5,29.0,101.0,CTX,CTX,CTX,3,4
s3,ATCTGGTTAAGACTGT-1,2,26.0,76.0,CTX,CTX,CTX,3,4
s3,ATCTGTAATTGTACCC-1,9,15.0,57.0,CTX,CTX,CTX,3,4
s3,ATCTTATCGCACACCC-1,8,64.0,104.0,CP,CP_lesioned,CP_lesioned,2,3
s3,ATCTTGACCTGCAACG-1,7,26.0,44.0,CP,CP_intact,CP_intact,2,2
s3,ATCTTGACTTGTCCAA-1,5,30.0,108.0,CTX,CTX,CTX,3,4
s3,ATGAAGCCAAGGAGCC-1,4,22.0,46.0,cc,cc,cc,9,10
s3,ATGAAGTGGACCCAGC-1,2,30.0,4.0,CTX,CTX,CTX,3,4
s3,ATGACGCCGGCTCTAA-1,9,16.0,58.0,CTX,CTX,CTX,3,4
s3,ATGACTATGCGACATT-1,3,48.0,88.0,ACB,ACB_lesioned,ACB_lesioned,1,1
s3,ATGAGGAGTGTTAATC-1,7,25.0,35.0,CP,CP_intact,CP_intact,2,2
s3,ATGAGGGCAGCGGCTA-1,8,42.0,120.0,CP,CP_lesioned,CP_lesioned,2,3
s3,ATGATCGGGAATAGAC-1,9,16.0,54.0,CTX,CTX,CTX,3,4
s3,ATGATGCAATGGTACA-1,7,44.0,50.0,ACB,ACB_intact,ACB_intact,1,0
s3,ATGCACCTTCCTTAAT-1,5,20.0,6.0,CTX,CTX,CTX,3,4
s3,ATGCACTACCGCATTG-1,7,27.0,45.0,CP,CP_intact,CP_intact,2,2
s3,ATGCATGATCCAGGAT-1,2,25.0,65.0,CTX,CTX,CTX,3,4
s3,ATGCCATTTGCGACCA-1,0,43.0,91.0,VL,VL,VL,7,8
s3,ATGCCGGTCTTGCATA-1,4,31.0,75.0,cc,cc,cc,9,10
s3,ATGCCGGTTGATGGGA-1,9,19.0,83.0,CTX,CTX,CTX,3,4
s3,ATGCGACAGTCCCATT-1,0,35.0,71.0,LSX,LSX,LSX,4,5
s3,ATGCGAGTCCCACCAC-1,8,48.0,104.0,CP,CP_lesioned,CP_lesioned,2,3
s3,ATGCTCAGTGTTGCAT-1,4,21.0,29.0,cc,cc,cc,9,10
s3,ATGCTCTGGCGCGGTA-1,6,60.0,76.0,MSC,MSC,MSC,5,6
s3,ATGCTTAGGAGTTGAT-1,8,56.0,112.0,CP,CP_lesioned,CP_lesioned,2,3
s3,ATGGAACCTTTGCACA-1,4,38.0,120.0,cc,cc,cc,9,10
s3,ATGGAGCAGGCCGTGA-1,6,36.0,66.0,LSX,LSX,LSX,4,5
s3,ATGGATCCGGCGTCCG-1,2,19.0,79.0,CTX,CTX,CTX,3,4
s3,ATGGATTGACCAAACG-1,4,27.0,61.0,cc,cc,cc,9,10
s3,ATGGCAGCCGAGAAAC-1,2,33.0,9.0,CTX,CTX,CTX,3,4
s3,ATGGCGGAATAGTCGC-1,9,34.0,124.0,CTX,CTX,CTX,3,4
s3,ATGGGCCTCGGCCTCT-1,0,45.0,91.0,VL,VL,VL,7,8
s3,ATGGTCGCGTGGTTTC-1,6,45.0,85.0,LSX,LSX,LSX,4,5
s3,ATGTAAGGCTGCTCTT-1,5,32.0,112.0,CTX,CTX,CTX,3,4
s3,ATGTACATGCGGTGAG-1,0,64.0,112.0,CP,CP_lesioned,CP_lesioned,2,3
s3,ATGTCATTTCCCATTG-1,9,18.0,4.0,CTX,CTX,CTX,3,4
s3,ATGTGCATCCGACGCA-1,5,23.0,57.0,CTX,CTX,CTX,3,4
s3,ATGTGGACATCTTGAT-1,6,47.0,71.0,LSX,LSX,LSX,4,5
s3,ATGTTACGAGCAATAC-1,9,15.0,29.0,CTX,CTX,CTX,3,4
s3,ATGTTCCTGCCCACCT-1,9,16.0,8.0,CTX,CTX,CTX,3,4
s3,ATGTTCGTCGACCCAC-1,1,34.0,14.0,CP,CP_intact,CP_intact,2,2
s3,ATGTTGATTAGAGACT-1,6,68.0,92.0,OT,OT,OT,6,7
s3,ATGTTTCGGCCCGGAG-1,9,33.0,125.0,CTX,CTX,CTX,3,4
s3,ATTAAACATGCGGACC-1,3,43.0,59.0,ACB,ACB_intact,ACB_intact,1,0
s3,ATTAACACCTGAGATA-1,9,19.0,1.0,CTX,CTX,CTX,3,4
s3,ATTAATACTACGCGGG-1,2,22.0,66.0,CTX,CTX,CTX,3,4
s3,ATTAATGAACCAGTCG-1,2,23.0,79.0,CTX,CTX,CTX,3,4
s3,ATTAATTCGGTCACTC-1,2,14.0,66.0,CTX,CTX,CTX,3,4
s3,ATTACATGTCAGTCTT-1,8,50.0,108.0,CP,CP_lesioned,CP_lesioned,2,3
s3,ATTACCACACTGCCTG-1,1,48.0,118.0,CP,CP_lesioned,CP_lesioned,2,3
s3,ATTACGCGCTGGCAGG-1,1,40.0,30.0,CP,CP_intact,CP_intact,2,2
s3,ATTACTAGCCTCTTGC-1,0,18.0,44.0,CTX,CTX,CTX,3,4
s3,ATTACTTACTGGGCAT-1,9,22.0,100.0,CTX,CTX,CTX,3,4
s3,ATTAGATTCCTCAGCA-1,9,25.0,105.0,CTX,CTX,CTX,3,4
s3,ATTAGATTGATAGCGG-1,5,19.0,49.0,CTX,CTX,CTX,3,4
s3,ATTAGGCGATGCTTTC-1,6,37.0,71.0,LSX,LSX,LSX,4,5
s3,ATTATACTTTGCTCGT-1,2,18.0,78.0,CTX,CTX,CTX,3,4
s3,ATTATAGCTACTTTAC-1,5,33.0,115.0,CTX,CTX,CTX,3,4
s3,ATTATGCCATAGGGAG-1,5,21.0,53.0,cc,cc,cc,9,10
s3,ATTATTCAGAGTCACT-1,0,67.0,97.0,OT,OT,OT,6,7
s3,ATTCAAAGTACCTGTT-1,0,8.0,6.0,CTX,CTX,CTX,3,4
s3,ATTCAACCATTTAAGG-1,8,58.0,100.0,ACB,ACB_lesioned,ACB_lesioned,1,1
s3,ATTCACTGATGTTGGA-1,6,56.0,68.0,MSC,MSC,MSC,5,6
s3,ATTCAGTAGCAGGGTC-1,1,27.0,25.0,CP,CP_intact,CP_intact,2,2
s3,ATTCATATACTGTCCA-1,3,46.0,60.0,ACB,ACB_intact,ACB_intact,1,0
s3,ATTCATCGTTGAGGCA-1,6,61.0,89.0,OT,OT,OT,6,7
s3,ATTCCCACATAAACAA-1,7,26.0,24.0,CP,CP_intact,CP_intact,2,2
s3,ATTCCTCCGCCAGTGC-1,7,23.0,39.0,CP,CP_intact,CP_intact,2,2
s3,ATTCCTTCCAGGCGGT-1,9,10.0,24.0,CTX,CTX,CTX,3,4
s3,ATTCGACGCCGGGCCT-1,1,36.0,26.0,CP,CP_intact,CP_intact,2,2
s3,ATTCGCGCCTTGAGAG-1,8,65.0,107.0,CP,CP_lesioned,CP_lesioned,2,3
s3,ATTCGTGCTATCTCTT-1,7,42.0,110.0,CP,CP_lesioned,CP_lesioned,2,3
s3,ATTCTCGTCTCTTTAG-1,2,11.0,51.0,CTX,CTX,CTX,3,4
s3,ATTGAAGATCTTAGTG-1,7,31.0,49.0,CP,CP_intact,CP_intact,2,2
s3,ATTGATAGCAACGAGA-1,9,12.0,22.0,CTX,CTX,CTX,3,4
s3,ATTGATGAGTCCTAAC-1,4,33.0,99.0,cc,cc,cc,9,10
s3,ATTGCCTTTATGTTTG-1,6,64.0,84.0,MSC,MSC,MSC,5,6
s3,ATTGCGATCAGTAACT-1,8,51.0,99.0,ACB,ACB_lesioned,ACB_lesioned,1,1
s3,ATTGCTGCTCCTCCAT-1,1,35.0,43.0,CP,CP_intact,CP_intact,2,2
s3,ATTGGATTACAGCGTA-1,8,54.0,102.0,CP,CP_lesioned,CP_lesioned,2,3
s3,ATTGGGAATATCTTGG-1,2,12.0,52.0,CTX,CTX,CTX,3,4
s3,ATTGGTAGGATCCGCT-1,9,25.0,3.0,CTX,CTX,CTX,3,4
s3,ATTGGTTGTGCATTAC-1,3,72.0,106.0,CTX,CTX,CTX,3,4
s3,ATTGTACAACTCGGCT-1,7,35.0,103.0,CP,CP_lesioned,CP_lesioned,2,3
s3,ATTGTTCAACGATCCG-1,8,53.0,123.0,CP,CP_lesioned,CP_lesioned,2,3
s3,ATTTAACTCGTATTAC-1,9,14.0,52.0,CTX,CTX,CTX,3,4
s3,ATTTACAGTTTACTGG-1,7,30.0,38.0,CP,CP_intact,CP_intact,2,2
s3,ATTTACTAAGTCCATT-1,5,31.0,111.0,CTX,CTX,CTX,3,4
s3,ATTTGTCTTGGGAGCT-1,6,40.0,84.0,LSX,LSX,LSX,4,5
s3,ATTTGTTCCAGGGCTC-1,2,19.0,71.0,CTX,CTX,CTX,3,4
s3,CAAACGAGTATCGCAG-1,3,47.0,47.0,ACB,ACB_intact,ACB_intact,1,0
s3,CAAACGGTCGCACTTT-1,1,30.0,40.0,CP,CP_intact,CP_intact,2,2
s3,CAAACTCGCGACGCCG-1,7,45.0,111.0,CP,CP_lesioned,CP_lesioned,2,3
s3,CAAAGGTCATCTGAAA-1,8,46.0,124.0,CP,CP_lesioned,CP_lesioned,2,3
s3,CAAAGTCAGGTTAGCT-1,2,9.0,11.0,CTX,CTX,CTX,3,4
s3,CAAATGTCCTTCCGTG-1,3,45.0,53.0,ACB,ACB_intact,ACB_intact,1,0
s3,CAAATTGTCAGCAAGC-1,2,13.0,67.0,CTX,CTX,CTX,3,4
s3,CAACACATCTCCTGCC-1,9,32.0,120.0,CTX,CTX,CTX,3,4
s3,CAACCAGTGGCCTACC-1,8,61.0,115.0,CP,CP_lesioned,CP_lesioned,2,3
s3,CAACCGCACCTAGACA-1,9,11.0,5.0,CTX,CTX,CTX,3,4
s3,CAACCTACCGAGCAGT-1,8,61.0,103.0,ACB,ACB_lesioned,ACB_lesioned,1,1
s3,CAACGACCCGTTTACA-1,5,20.0,50.0,CTX,CTX,CTX,3,4
s3,CAACGGTTCTTGATAC-1,5,18.0,38.0,CTX,CTX,CTX,3,4
s3,CAACGTGGTGGAGTCT-1,8,55.0,113.0,CP,CP_lesioned,CP_lesioned,2,3
s3,CAACTCCTTGATCCCG-1,5,18.0,46.0,CTX,CTX,CTX,3,4
s3,CAACTTGTAGTGGGCA-1,2,9.0,41.0,CTX,CTX,CTX,3,4
s3,CAAGACTCAGAAGCGC-1,9,30.0,126.0,CTX,CTX,CTX,3,4
s3,CAAGAGGGCGGAGTAC-1,6,46.0,74.0,MSC,MSC,MSC,5,6
s3,CAAGATATTATAACGT-1,6,45.0,89.0,LSX,LSX,LSX,4,5
s3,CAAGCAACGTCGGAGT-1,1,32.0,38.0,CP,CP_intact,CP_intact,2,2
s3,CAAGCACCAAATGCCT-1,9,18.0,66.0,CTX,CTX,CTX,3,4
s3,CAAGCGGCACATAATT-1,6,54.0,72.0,MSC,MSC,MSC,5,6
s3,CAAGGATCGCATGTTC-1,6,40.0,68.0,LSX,LSX,LSX,4,5
s3,CAAGGCCAGTGGTGCA-1,6,66.0,100.0,ACB,ACB_lesioned,ACB_lesioned,1,1
s3,CAAGGTCCTATAGGCT-1,4,34.0,110.0,cc,cc,cc,9,10
s3,CAAGTGTGGTTGCAAA-1,8,40.0,94.0,CP,CP_lesioned,CP_lesioned,2,3
s3,CAATAAACCTTGGCCC-1,0,26.0,74.0,CTX,CTX,CTX,3,4
s3,CAATACGAGAGTCTGA-1,7,44.0,120.0,CP,CP_lesioned,CP_lesioned,2,3
s3,CAATATTGGACTAGTG-1,2,8.0,18.0,CTX,CTX,CTX,3,4
s3,CAATCCTGCCGTGGAG-1,9,14.0,24.0,CTX,CTX,CTX,3,4
s3,CAATGAGGTTCGACTA-1,9,29.0,119.0,CTX,CTX,CTX,3,4
s3,CAATGCGAGAAGTATC-1,6,54.0,82.0,MSC,MSC,MSC,5,6
s3,CAATGGATCTCTACCA-1,2,28.0,86.0,CTX,CTX,CTX,3,4
s3,CAATGTGCCAACCCTT-1,4,37.0,115.0,cc,cc,cc,9,10
s3,CAATTAAGGGTGATGA-1,4,29.0,65.0,cc,cc,cc,9,10
s3,CAATTTCGTATAAGGG-1,6,37.0,63.0,LSX,LSX,LSX,4,5
s3,CACAATGAGCTGCTAT-1,4,42.0,50.0,aco,aco,aco,8,9
s3,CACACACGCTAACGAG-1,8,55.0,103.0,CP,CP_lesioned,CP_lesioned,2,3
s3,CACACAGCTTGCGCTC-1,8,47.0,115.0,CP,CP_lesioned,CP_lesioned,2,3
s3,CACACAGGGATAGATT-1,7,25.0,27.0,CP,CP_intact,CP_intact,2,2
s3,CACACGCGCTGTCTTA-1,4,33.0,89.0,cc,cc,cc,9,10
s3,CACAGCACCCACGGCA-1,0,31.0,59.0,VL,VL,VL,7,8
s3,CACAGCTAGGGAGTGA-1,5,20.0,60.0,CTX,CTX,CTX,3,4
s3,CACAGGGCCATATAGT-1,8,57.0,97.0,ACB,ACB_lesioned,ACB_lesioned,1,1
s3,CACAGTCCCGCTTCGC-1,8,60.0,112.0,CP,CP_lesioned,CP_lesioned,2,3
s3,CACAGTTCGCTTCCCA-1,8,54.0,114.0,CP,CP_lesioned,CP_lesioned,2,3
s3,CACATATTAGCAGGAT-1,6,47.0,73.0,MSC,MSC,MSC,5,6
s3,CACATCTCACCGACGA-1,6,57.0,75.0,MSC,MSC,MSC,5,6
s3,CACATGATTCAGCAAC-1,6,38.0,64.0,LSX,LSX,LSX,4,5
s3,CACATGTTTGGACATG-1,9,10.0,18.0,CTX,CTX,CTX,3,4
s3,CACATTTCTTGTCAGA-1,7,44.0,108.0,CP,CP_lesioned,CP_lesioned,2,3
s3,CACCCAAATCTTATGT-1,7,35.0,105.0,CP,CP_lesioned,CP_lesioned,2,3
s3,CACCCACACGTCACCC-1,9,17.0,43.0,CTX,CTX,CTX,3,4
s3,CACCCACGAGGCAATT-1,2,20.0,86.0,CTX,CTX,CTX,3,4
s3,CACCCTAACAAGATCT-1,6,56.0,80.0,MSC,MSC,MSC,5,6
s3,CACCCTTTCCTCGCTC-1,2,8.0,40.0,CTX,CTX,CTX,3,4
s3,CACCGCCAGAAGGTTT-1,4,27.0,59.0,cc,cc,cc,9,10
s3,CACCGTATCCCATCCG-1,8,52.0,104.0,CP,CP_lesioned,CP_lesioned,2,3
s3,CACCTAATAGAGTCGT-1,9,17.0,25.0,CTX,CTX,CTX,3,4
s3,CACCTAATCAGTTTAC-1,2,20.0,72.0,CTX,CTX,CTX,3,4
s3,CACCTCGATGGTGGAC-1,2,18.0,70.0,CTX,CTX,CTX,3,4
s3,CACCTTGCGAAACTCG-1,9,24.0,84.0,CTX,CTX,CTX,3,4
s3,CACCTTGGCGCCTTTG-1,8,43.0,103.0,CP,CP_lesioned,CP_lesioned,2,3
s3,CACGAAAGTTAGTCCC-1,1,33.0,29.0,CP,CP_intact,CP_intact,2,2
s3,CACGCACAGCGCAGCT-1,0,24.0,72.0,CTX,CTX,CTX,3,4
s3,CACGCAGCGAGGCTTT-1,1,31.0,43.0,CP,CP_intact,CP_intact,2,2
s3,CACGCGGAACTGTTGC-1,7,42.0,98.0,CP,CP_lesioned,CP_lesioned,2,3
s3,CACGGGATTGAGGGTT-1,7,31.0,11.0,CP,CP_intact,CP_intact,2,2
s3,CACGTCAATCAATGGA-1,8,62.0,116.0,CTX,CTX,CTX,3,4
s3,CACGTCGGGTTCTAGA-1,9,15.0,1.0,CTX,CTX,CTX,3,4
s3,CACGTTCGTGCTCTAG-1,0,37.0,81.0,VL,VL,VL,7,8
s3,CACGTTTCGTACACAC-1,3,55.0,91.0,ACB,ACB_lesioned,ACB_lesioned,1,1
s3,CACTAAAGTTGCCTAT-1,7,35.0,51.0,CP,CP_intact,CP_intact,2,2
s3,CACTACGGGAGCTGCC-1,8,59.0,107.0,CP,CP_lesioned,CP_lesioned,2,3
s3,CACTCAAGAGCTATGG-1,0,39.0,57.0,VL,VL,VL,7,8
s3,CACTCGAGCTGAACAA-1,6,48.0,74.0,MSC,MSC,MSC,5,6
s3,CACTCGGTTAGGAGGA-1,1,35.0,13.0,CP,CP_intact,CP_intact,2,2
s3,CACTCTTCTGCTAGCC-1,8,59.0,101.0,ACB,ACB_lesioned,ACB_lesioned,1,1
s3,CACTGTCCAAGTGAGA-1,5,19.0,43.0,CTX,CTX,CTX,3,4
s3,CACTTAATCAGACGGA-1,7,34.0,48.0,CP,CP_intact,CP_intact,2,2
s3,CACTTCGCCACAGGCT-1,4,21.0,31.0,cc,cc,cc,9,10
s3,CACTTCGTCTTATCTC-1,9,14.0,14.0,CTX,CTX,CTX,3,4
s3,CAGAACTTAGCCCTCT-1,3,53.0,85.0,ACB,ACB_lesioned,ACB_lesioned,1,1
s3,CAGAATAACACACGGA-1,8,55.0,111.0,CP,CP_lesioned,CP_lesioned,2,3
s3,CAGAATATTCGTTATC-1,7,50.0,124.0,CP,CP_lesioned,CP_lesioned,2,3
s3,CAGACACCGATCGCTG-1,6,53.0,51.0,ACB,ACB_intact,ACB_intact,1,0
s3,CAGACCTGTAAGTGTT-1,4,31.0,99.0,cc,cc,cc,9,10
s3,CAGACGAACCTGATAC-1,3,50.0,50.0,ACB,ACB_intact,ACB_intact,1,0
s3,CAGAGACGGTCACCCA-1,6,51.0,57.0,ACB,ACB_intact,ACB_intact,1,0
s3,CAGAGCATGAGCTTGC-1,2,26.0,70.0,CTX,CTX,CTX,3,4
s3,CAGATAATGGGCGGGT-1,8,66.0,102.0,CP,CP_lesioned,CP_lesioned,2,3
s3,CAGATACTAACATAGT-1,7,26.0,46.0,CP,CP_intact,CP_intact,2,2
s3,CAGCAGCCCGTTCCTT-1,2,28.0,78.0,CTX,CTX,CTX,3,4
s3,CAGCAGTCCAGACTAT-1,8,50.0,100.0,CP,CP_lesioned,CP_lesioned,2,3
s3,CAGCCTCCTGCAGAGG-1,2,23.0,77.0,CTX,CTX,CTX,3,4
s3,CAGCCTCGATAGCGGT-1,2,63.0,123.0,CTX,CTX,CTX,3,4
s3,CAGCGCCAACACGATA-1,2,37.0,5.0,CTX,CTX,CTX,3,4
s3,CAGCTCACTGAGACAT-1,0,33.0,59.0,VL,VL,VL,7,8
s3,CAGCTCGACAAGTTAA-1,5,28.0,90.0,CTX,CTX,CTX,3,4
s3,CAGCTCGTGCTTGTGT-1,9,14.0,42.0,CTX,CTX,CTX,3,4
s3,CAGCTTAGTAGGTAGC-1,1,32.0,28.0,CP,CP_intact,CP_intact,2,2
s3,CAGGATATATCGTTGT-1,3,44.0,60.0,ACB,ACB_intact,ACB_intact,1,0
s3,CAGGCAGTCTTACCAG-1,6,65.0,85.0,MSC,MSC,MSC,5,6
s3,CAGGCCGTTTGGGTGT-1,1,39.0,43.0,CP,CP_intact,CP_intact,2,2
s3,CAGGCGCCATGCTAGG-1,6,49.0,73.0,MSC,MSC,MSC,5,6
s3,CAGTAATCCCTCCCAG-1,4,21.0,25.0,cc,cc,cc,9,10
s3,CAGTAGATGATGTCCG-1,9,17.0,1.0,CTX,CTX,CTX,3,4
s3,CAGTAGCCCACGCGGT-1,5,25.0,91.0,CTX,CTX,CTX,3,4
s3,CAGTCGAGGATGCAAT-1,9,25.0,99.0,CTX,CTX,CTX,3,4
s3,CAGTCTGTATACTGGG-1,6,42.0,66.0,LSX,LSX,LSX,4,5
s3,CAGTGAATAAATGACT-1,2,25.0,83.0,CTX,CTX,CTX,3,4
s3,CAGTGGTTGCACATGA-1,9,16.0,22.0,CTX,CTX,CTX,3,4
s3,CAGTGTCCGCAGAATG-1,9,15.0,37.0,CTX,CTX,CTX,3,4
s3,CAGTGTCGGCTGGCCC-1,3,52.0,92.0,ACB,ACB_lesioned,ACB_lesioned,1,1
s3,CAGTTCAAATTGACAC-1,7,29.0,51.0,CP,CP_intact,CP_intact,2,2
s3,CAGTTCCGCGGGTCGA-1,1,26.0,26.0,CP,CP_intact,CP_intact,2,2
s3,CATAACGGACAGTCGT-1,8,36.0,94.0,VL,VL,VL,7,8
s3,CATACAAAGCCGAACC-1,9,13.0,35.0,CTX,CTX,CTX,3,4
s3,CATACCCGTACCCAGT-1,1,37.0,31.0,CP,CP_intact,CP_intact,2,2
s3,CATACGGCGTCTGGGC-1,6,39.0,63.0,LSX,LSX,LSX,4,5
s3,CATACTATGTAATTGT-1,7,36.0,48.0,CP,CP_intact,CP_intact,2,2
s3,CATACTTAGGCAATAC-1,7,37.0,113.0,CP,CP_lesioned,CP_lesioned,2,3
s3,CATAGCCGCCCGGGAT-1,0,26.0,22.0,CP,CP_intact,CP_intact,2,2
s3,CATAGTAGCATAGTAG-1,5,19.0,45.0,CTX,CTX,CTX,3,4
s3,CATAGTCAAATACATA-1,6,65.0,93.0,OT,OT,OT,6,7
s3,CATATAGGTACAGTCA-1,3,43.0,55.0,ACB,ACB_intact,ACB_intact,1,0
s3,CATCAACACCTACTAA-1,9,15.0,7.0,CTX,CTX,CTX,3,4
s3,CATCATTACCCTGAGG-1,7,52.0,94.0,aco,aco,aco,8,9
s3,CATCCCGAGATTCATA-1,8,69.0,115.0,CTX,CTX,CTX,3,4
s3,CATCCGCAGGCCCGAA-1,9,15.0,15.0,CTX,CTX,CTX,3,4
s3,CATCCTCTCAAAGATC-1,3,54.0,92.0,ACB,ACB_lesioned,ACB_lesioned,1,1
s3,CATCGCCCGCGGCCAA-1,9,14.0,44.0,CTX,CTX,CTX,3,4
s3,CATCGGACGGGTTAAT-1,3,42.0,58.0,ACB,ACB_intact,ACB_intact,1,0
s3,CATCGTCCGGTTACTA-1,5,23.0,11.0,CTX,CTX,CTX,3,4
s3,CATCTAGTGAAGGGAA-1,8,45.0,121.0,CP,CP_lesioned,CP_lesioned,2,3
s3,CATCTGCAGGATCATT-1,2,28.0,8.0,CTX,CTX,CTX,3,4
s3,CATCTTACACCACCTC-1,7,37.0,99.0,CP,CP_lesioned,CP_lesioned,2,3
s3,CATGAACCGACATTTG-1,9,11.0,43.0,CTX,CTX,CTX,3,4
s3,CATGACTTCGCTGAAT-1,7,40.0,106.0,CP,CP_lesioned,CP_lesioned,2,3
s3,CATGAGATGCACTCTC-1,6,59.0,79.0,MSC,MSC,MSC,5,6
s3,CATGATCGCTTTGAGA-1,6,66.0,116.0,CTX,CTX,CTX,3,4
s3,CATGATGCACAATTCT-1,2,21.0,69.0,CTX,CTX,CTX,3,4
s3,CATGATGGAAGTTAGC-1,7,45.0,103.0,CP,CP_lesioned,CP_lesioned,2,3
s3,CATGCGACCAGTTTAA-1,5,26.0,98.0,CTX,CTX,CTX,3,4
s3,CATGCGTTAGACAGAA-1,9,15.0,63.0,CTX,CTX,CTX,3,4
s3,CATGCTGGCTCCAATT-1,2,12.0,60.0,CTX,CTX,CTX,3,4
s3,CATGGATTGTCTTCCG-1,7,55.0,101.0,ACB,ACB_lesioned,ACB_lesioned,1,1
s3,CATGGCAGGAAGATCG-1,5,17.0,57.0,CTX,CTX,CTX,3,4
s3,CATGGCTCCCTATGTC-1,9,23.0,1.0,CTX,CTX,CTX,3,4
s3,CATGGGTATGCCTTAT-1,6,56.0,82.0,MSC,MSC,MSC,5,6
s3,CATGGGTCGGGTGTGG-1,9,21.0,85.0,CTX,CTX,CTX,3,4
s3,CATGGTAAGTAGCGTT-1,6,45.0,73.0,LSX,LSX,LSX,4,5
s3,CATGGTCTAGATACCG-1,2,26.0,66.0,CTX,CTX,CTX,3,4
s3,CATGGTTTATTAATCA-1,7,69.0,103.0,OT,OT,OT,6,7
s3,CATGTAAGAGACATTT-1,3,54.0,90.0,ACB,ACB_lesioned,ACB_lesioned,1,1
s3,CATGTCTCATTTATGG-1,3,49.0,85.0,ACB,ACB_lesioned,ACB_lesioned,1,1
s3,CATTACATAGATTGTG-1,9,27.0,117.0,CTX,CTX,CTX,3,4
s3,CATTACGCAGGAAGGG-1,8,71.0,101.0,CTX,CTX,CTX,3,4
s3,CATTACGTCGGCCCGT-1,9,19.0,65.0,CTX,CTX,CTX,3,4
s3,CATTATGCTTGTTGTG-1,8,26.0,52.0,CP,CP_intact,CP_intact,2,2
s3,CATTCCCATTCCGTCG-1,9,32.0,118.0,CTX,CTX,CTX,3,4
s3,CATTCCCTAAGTACAA-1,9,12.0,18.0,CTX,CTX,CTX,3,4
s3,CATTCGTCGTAGCGGT-1,9,62.0,122.0,CTX,CTX,CTX,3,4
s3,CATTGCGAAATGGGCG-1,2,36.0,12.0,CTX,CTX,CTX,3,4
s3,CATTGTGTGCTAGATC-1,9,13.0,15.0,CTX,CTX,CTX,3,4
s3,CATTTAGCGGACCATG-1,2,25.0,85.0,CTX,CTX,CTX,3,4
s3,CATTTCTAGCAGACTA-1,9,16.0,26.0,CTX,CTX,CTX,3,4
s3,CATTTGAGTGGTACGT-1,3,50.0,48.0,ACB,ACB_intact,ACB_intact,1,0
s3,CCAAACAGAACCCTCG-1,4,22.0,48.0,cc,cc,cc,9,10
s3,CCAAAGCAGTTGGTTG-1,9,10.0,10.0,CTX,CTX,CTX,3,4
s3,CCAAATAACAAGATTC-1,8,51.0,113.0,CP,CP_lesioned,CP_lesioned,2,3
s3,CCAACGATGCACTGAT-1,1,31.0,37.0,CP,CP_intact,CP_intact,2,2
s3,CCAACTTGATAGATCC-1,8,47.0,123.0,CP,CP_lesioned,CP_lesioned,2,3
s3,CCAAGAAAGTGGGCGA-1,3,52.0,52.0,ACB,ACB_intact,ACB_intact,1,0
s3,CCAAGACTTCTGCGAA-1,9,20.0,62.0,CTX,CTX,CTX,3,4
s3,CCAAGCGTAACTCGTA-1,4,33.0,71.0,VL,VL,VL,7,8
s3,CCAAGGAACAGAGAGG-1,9,14.0,48.0,CTX,CTX,CTX,3,4
s3,CCAAGGTTGCCCTTTC-1,9,69.0,109.0,CTX,CTX,CTX,3,4
s3,CCAAGTTTCTACAGAT-1,9,14.0,8.0,CTX,CTX,CTX,3,4
s3,CCAATAGTGCCGTCGA-1,1,34.0,42.0,CP,CP_intact,CP_intact,2,2
s3,CCAATGTCACAGCAAG-1,7,37.0,49.0,CP,CP_intact,CP_intact,2,2
s3,CCAATTGAATGTTAAT-1,5,20.0,46.0,CTX,CTX,CTX,3,4
s3,CCACAATGTACGTCTT-1,2,29.0,85.0,CTX,CTX,CTX,3,4
s3,CCACACTGAGATATTA-1,8,39.0,49.0,CP,CP_intact,CP_intact,2,2
s3,CCACAGCTGAAATCAT-1,2,8.0,28.0,CTX,CTX,CTX,3,4
s3,CCACAGTACCCATCCT-1,0,48.0,92.0,VL,VL,VL,7,8
s3,CCACATACTGCACCCA-1,8,52.0,118.0,CP,CP_lesioned,CP_lesioned,2,3
s3,CCACCCAAGGAAAGTG-1,6,37.0,75.0,LSX,LSX,LSX,4,5
s3,CCACCTGTATGGAATA-1,6,61.0,123.0,CTX,CTX,CTX,3,4
s3,CCACGAATTTAACCTC-1,7,41.0,109.0,CP,CP_lesioned,CP_lesioned,2,3
s3,CCACGAGAAGAGAATC-1,0,17.0,75.0,CTX,CTX,CTX,3,4
s3,CCACGGTGCCCGGTAG-1,4,35.0,107.0,cc,cc,cc,9,10
s3,CCACGTAAATTAGACT-1,5,34.0,122.0,CTX,CTX,CTX,3,4
s3,CCACTATCCGGGTCAC-1,9,30.0,116.0,CTX,CTX,CTX,3,4
s3,CCACTGGTGGCTGGTT-1,1,39.0,21.0,OT,OT,OT,6,7
s3,CCACTGTTTGGATTAA-1,8,58.0,106.0,CP,CP_lesioned,CP_lesioned,2,3
s3,CCAGAAACTGATGCGA-1,8,69.0,117.0,CTX,CTX,CTX,3,4
s3,CCAGAGACAAAGCCGG-1,7,23.0,21.0,CP,CP_intact,CP_intact,2,2
s3,CCAGATAGTTGAGTGA-1,0,28.0,84.0,CTX,CTX,CTX,3,4
s3,CCAGCCTGGACCAATA-1,6,37.0,65.0,LSX,LSX,LSX,4,5
s3,CCAGCGGGATCACCAG-1,9,32.0,124.0,CTX,CTX,CTX,3,4
s3,CCAGCTACGCCTCATA-1,2,9.0,35.0,CTX,CTX,CTX,3,4
s3,CCAGCTGATGGTACTT-1,1,37.0,21.0,CP,CP_intact,CP_intact,2,2
s3,CCAGCTTCCGCCCGCA-1,1,29.0,17.0,CP,CP_intact,CP_intact,2,2
s3,CCAGGCTGGCGTCTGA-1,8,56.0,122.0,CP,CP_lesioned,CP_lesioned,2,3
s3,CCAGGGACGTGGCCTC-1,1,27.0,53.0,CP,CP_intact,CP_intact,2,2
s3,CCAGTAGTCTGATCCA-1,5,27.0,91.0,CTX,CTX,CTX,3,4
s3,CCAGTCCATTATTCGA-1,9,10.0,22.0,CTX,CTX,CTX,3,4
s3,CCAGTCTAGACGGCGC-1,2,24.0,86.0,CTX,CTX,CTX,3,4
s3,CCATACCTTTACTTGT-1,5,30.0,102.0,CTX,CTX,CTX,3,4
s3,CCATAGGTTGGCGTGG-1,9,18.0,62.0,CTX,CTX,CTX,3,4
s3,CCATAGTCAGTAACCC-1,9,15.0,17.0,CTX,CTX,CTX,3,4
s3,CCATATGGAAACTATA-1,8,53.0,103.0,CP,CP_lesioned,CP_lesioned,2,3
s3,CCATATTGGATCATGA-1,9,11.0,11.0,CTX,CTX,CTX,3,4
s3,CCATCCATACCAAGTC-1,9,14.0,38.0,CTX,CTX,CTX,3,4
s3,CCATCGCAGTTAAACT-1,3,50.0,62.0,ACB,ACB_intact,ACB_intact,1,0
s3,CCATCTCACCAGTGAA-1,7,38.0,98.0,CP,CP_lesioned,CP_lesioned,2,3
s3,CCATGCCCTAGATTTC-1,8,56.0,98.0,ACB,ACB_lesioned,ACB_lesioned,1,1
s3,CCATGCCTGTTTAGTA-1,7,35.0,53.0,CP,CP_intact,CP_intact,2,2
s3,CCATGCTCTGCAGGAA-1,4,21.0,43.0,cc,cc,cc,9,10
s3,CCATGGCCCTTGTACC-1,1,32.0,22.0,CP,CP_intact,CP_intact,2,2
s3,CCATTAGCGATAATCC-1,1,32.0,42.0,CP,CP_intact,CP_intact,2,2
s3,CCATTCCCTGCCCACA-1,1,33.0,39.0,CP,CP_intact,CP_intact,2,2
s3,CCATTGTTTCCTCCAT-1,9,29.0,123.0,CTX,CTX,CTX,3,4
s3,CCATTTCTACCTATTA-1,6,55.0,71.0,MSC,MSC,MSC,5,6
s3,CCCAAACATGCTGCTC-1,0,34.0,88.0,cc,cc,cc,9,10
s3,CCCAACATACGTCGCG-1,1,43.0,35.0,CP,CP_intact,CP_intact,2,2
s3,CCCAAGTCATTACACT-1,8,68.0,96.0,OT,OT,OT,6,7
s3,CCCAATTTCACAACTT-1,1,39.0,33.0,CP,CP_intact,CP_intact,2,2
s3,CCCAGGTCTGAAGGCT-1,8,53.0,111.0,CP,CP_lesioned,CP_lesioned,2,3
s3,CCCAGTTAAGGCGCCG-1,6,42.0,82.0,LSX,LSX,LSX,4,5
s3,CCCATATAGGTCGATT-1,6,65.0,117.0,CTX,CTX,CTX,3,4
s3,CCCGACCATAGTCCGC-1,0,20.0,74.0,CTX,CTX,CTX,3,4
s3,CCCGAGTTTCTCCGTA-1,7,48.0,108.0,CP,CP_lesioned,CP_lesioned,2,3
s3,CCCGCAGCGCGAACTA-1,6,49.0,67.0,ACB,ACB_intact,ACB_intact,1,0
s3,CCCGCCATGCTCCCGT-1,5,19.0,41.0,CTX,CTX,CTX,3,4
s3,CCCGCGCAATGCACCC-1,5,19.0,23.0,CTX,CTX,CTX,3,4
s3,CCCGGCTAGGTGAGAA-1,2,10.0,2.0,CTX,CTX,CTX,3,4
s3,CCCGGTGGAAGAACCT-1,7,25.0,21.0,CP,CP_intact,CP_intact,2,2
s3,CCCGTAAGTCTAGGCC-1,1,40.0,28.0,CP,CP_intact,CP_intact,2,2
s3,CCCGTCAGCGTCTGAC-1,4,23.0,51.0,cc,cc,cc,9,10
s3,CCCGTTTCGCAGATGT-1,7,52.0,106.0,CP,CP_lesioned,CP_lesioned,2,3
s3,CCCTAGTGTCAGGTGT-1,9,10.0,20.0,CTX,CTX,CTX,3,4
s3,CCCTCAAGCTCTTAGT-1,5,20.0,4.0,CTX,CTX,CTX,3,4
s3,CCCTCATTCTGGAATT-1,9,16.0,44.0,CTX,CTX,CTX,3,4
s3,CCCTCCTCGCTCGTAT-1,7,50.0,106.0,CP,CP_lesioned,CP_lesioned,2,3
s3,CCCTGAAATGAGTTGA-1,7,31.0,39.0,CP,CP_intact,CP_intact,2,2
s3,CCCTGACTAACAAATT-1,2,38.0,12.0,CTX,CTX,CTX,3,4
s3,CCCTGATGTAACTCGT-1,9,14.0,16.0,CTX,CTX,CTX,3,4
s3,CCCTGCCCAATCCGCT-1,1,41.0,19.0,OT,OT,OT,6,7
s3,CCCTGCGCTACGCATA-1,1,34.0,24.0,CP,CP_intact,CP_intact,2,2
s3,CCCTGTTGGCAAAGAC-1,9,12.0,10.0,CTX,CTX,CTX,3,4
s3,CCCTTTAATGGAGTTC-1,8,63.0,109.0,CP,CP_lesioned,CP_lesioned,2,3
s3,CCCTTTGACAGGTCTT-1,3,50.0,56.0,ACB,ACB_intact,ACB_intact,1,0
s3,CCGAAAGTGGTGAGCA-1,5,17.0,27.0,CTX,CTX,CTX,3,4
s3,CCGAACCTTCCCGGCC-1,6,49.0,71.0,LSX,LSX,LSX,4,5
s3,CCGAAGGGCGTACCGC-1,9,29.0,125.0,CTX,CTX,CTX,3,4
s3,CCGAAGTATATTGTTC-1,4,22.0,22.0,cc,cc,cc,9,10
s3,CCGACAAACACATGAG-1,9,16.0,14.0,CTX,CTX,CTX,3,4
s3,CCGACAAAGGGAGTGC-1,1,33.0,21.0,CP,CP_intact,CP_intact,2,2
s3,CCGACAATAGGCCGCC-1,8,57.0,111.0,CP,CP_lesioned,CP_lesioned,2,3
s3,CCGAGAAGTCGCATAA-1,8,46.0,112.0,CP,CP_lesioned,CP_lesioned,2,3
s3,CCGATCTCAACCTTAT-1,7,37.0,101.0,CP,CP_lesioned,CP_lesioned,2,3
s3,CCGATTCGAGGGACCC-1,1,38.0,20.0,CP,CP_intact,CP_intact,2,2
s3,CCGCACAAAGACCAAC-1,0,36.0,76.0,VL,VL,VL,7,8
s3,CCGCACACGAACGTGT-1,8,45.0,123.0,CP,CP_lesioned,CP_lesioned,2,3
s3,CCGCACGTGACCTCGG-1,1,28.0,26.0,CP,CP_intact,CP_intact,2,2
s3,CCGCACTTGCAATGAC-1,9,69.0,107.0,CTX,CTX,CTX,3,4
s3,CCGCATGTGGTACGAT-1,6,56.0,66.0,MSC,MSC,MSC,5,6
s3,CCGCCGGTCAACACAC-1,9,13.0,55.0,CTX,CTX,CTX,3,4
s3,CCGCCGTTGAGGATAA-1,8,45.0,119.0,CP,CP_lesioned,CP_lesioned,2,3
s3,CCGCGATTTGGTAGGT-1,2,39.0,9.0,CTX,CTX,CTX,3,4
s3,CCGCGGGTACGAAGAA-1,1,32.0,26.0,CP,CP_intact,CP_intact,2,2
s3,CCGCGTAGGTAAGGGC-1,1,30.0,22.0,CP,CP_intact,CP_intact,2,2
s3,CCGCTATCAGCACCAG-1,3,45.0,63.0,ACB,ACB_intact,ACB_intact,1,0
s3,CCGCTCTTCCGAACTA-1,8,63.0,99.0,ACB,ACB_lesioned,ACB_lesioned,1,1
s3,CCGCTTGCTGACATGG-1,9,27.0,113.0,CTX,CTX,CTX,3,4
s3,CCGGAATGGTTTCAGT-1,7,24.0,32.0,CP,CP_intact,CP_intact,2,2
s3,CCGGCACGACCGTTTC-1,4,35.0,111.0,cc,cc,cc,9,10
s3,CCGGCGCATATTGGAT-1,9,14.0,56.0,CTX,CTX,CTX,3,4
s3,CCGGGACCCGCAGAGA-1,5,16.0,52.0,CTX,CTX,CTX,3,4
s3,CCGGGCGGTCTCGTCA-1,4,32.0,76.0,cc,cc,cc,9,10
s3,CCGGGCTGCTCCATAC-1,0,36.0,86.0,VL,VL,VL,7,8
s3,CCGGGTTCGAGGTTAC-1,1,38.0,32.0,CP,CP_intact,CP_intact,2,2
s3,CCGGTAATGGCTAGTC-1,7,38.0,114.0,CP,CP_lesioned,CP_lesioned,2,3
s3,CCGTAAGTTGGTCCCA-1,4,33.0,77.0,cc,cc,cc,9,10
s3,CCGTACCCAAGCGCCA-1,2,12.0,34.0,CTX,CTX,CTX,3,4
s3,CCGTAGGAAATCCCTG-1,8,60.0,96.0,ACB,ACB_lesioned,ACB_lesioned,1,1
s3,CCGTAGGGTTGTTTAC-1,8,60.0,104.0,ACB,ACB_lesioned,ACB_lesioned,1,1
s3,CCGTGAGGCATTCATG-1,5,36.0,120.0,CTX,CTX,CTX,3,4
s3,CCGTGCCCATGACGGC-1,9,12.0,48.0,CTX,CTX,CTX,3,4
s3,CCGTGGAACGATCCAA-1,9,24.0,106.0,CTX,CTX,CTX,3,4
s3,CCGTTACGTTAGAACA-1,2,20.0,88.0,CTX,CTX,CTX,3,4
s3,CCGTTCCGAATCTCGG-1,1,40.0,22.0,OT,OT,OT,6,7
s3,CCTAAATTAACGGTTC-1,6,42.0,68.0,LSX,LSX,LSX,4,5
s3,CCTAAATTGTATCCTA-1,1,52.0,114.0,CP,CP_lesioned,CP_lesioned,2,3
s3,CCTAACCCAAACAAGT-1,3,49.0,89.0,ACB,ACB_lesioned,ACB_lesioned,1,1
s3,CCTAACTAAGGCTCTA-1,9,21.0,93.0,CTX,CTX,CTX,3,4
s3,CCTACGGCTCAGTCGA-1,9,16.0,32.0,CTX,CTX,CTX,3,4
s3,CCTACTCAACACGATT-1,6,63.0,119.0,CTX,CTX,CTX,3,4
s3,CCTACTGCTTACACTT-1,1,27.0,49.0,CP,CP_intact,CP_intact,2,2
s3,CCTAGGCGTAGCGATC-1,0,36.0,88.0,VL,VL,VL,7,8
s3,CCTATAATGAGTGCCC-1,6,55.0,81.0,MSC,MSC,MSC,5,6
s3,CCTATCTATATCGGAA-1,2,19.0,77.0,CTX,CTX,CTX,3,4
s3,CCTATGAAGTGGTGCC-1,7,37.0,111.0,CP,CP_lesioned,CP_lesioned,2,3
s3,CCTATGGGTTACCGTC-1,4,29.0,69.0,cc,cc,cc,9,10
s3,CCTATGTCCACTCCAC-1,6,62.0,92.0,ACB,ACB_lesioned,ACB_lesioned,1,1
s3,CCTCACCAATCTTGAC-1,5,17.0,35.0,CTX,CTX,CTX,3,4
s3,CCTCACCTGAGGGAGC-1,5,28.0,102.0,CTX,CTX,CTX,3,4
s3,CCTCACCTTAGCATCG-1,5,27.0,97.0,CTX,CTX,CTX,3,4
s3,CCTCACGTCAGCTAAT-1,2,60.0,122.0,CTX,CTX,CTX,3,4
s3,CCTCATGCAGCTACGA-1,2,10.0,30.0,CTX,CTX,CTX,3,4
s3,CCTCCGACAATTCAAG-1,1,33.0,33.0,CP,CP_intact,CP_intact,2,2
s3,CCTCCTGAGCCCACAT-1,2,38.0,8.0,CTX,CTX,CTX,3,4
s3,CCTCCTGTTGTGTCGT-1,3,62.0,96.0,ACB,ACB_lesioned,ACB_lesioned,1,1
s3,CCTCGAAGTGGACGGG-1,2,15.0,71.0,CTX,CTX,CTX,3,4
s3,CCTCGCCAGCAAATTA-1,0,18.0,74.0,CTX,CTX,CTX,3,4
s3,CCTCGCGCGATATAGG-1,9,21.0,95.0,CTX,CTX,CTX,3,4
s3,CCTCGCGCTGTGCGAT-1,3,57.0,59.0,MSC,MSC,MSC,5,6
s3,CCTCGGACCGGGATAG-1,6,41.0,85.0,LSX,LSX,LSX,4,5
s3,CCTCGGATGCTACCTG-1,2,32.0,10.0,CTX,CTX,CTX,3,4
s3,CCTCTAATCTGCCAAG-1,0,23.0,73.0,CTX,CTX,CTX,3,4
s3,CCTCTCTCCCATCTAG-1,7,34.0,36.0,CP,CP_intact,CP_intact,2,2
s3,CCTCTGGCCTAGACGG-1,0,15.0,75.0,CTX,CTX,CTX,3,4
s3,CCTCTGTACTATTCTA-1,6,53.0,61.0,ACB,ACB_intact,ACB_intact,1,0
s3,CCTGAACGATATATTC-1,0,37.0,85.0,VL,VL,VL,7,8
s3,CCTGAATATTTACATA-1,2,23.0,71.0,CTX,CTX,CTX,3,4
s3,CCTGACAAACTCGCGC-1,9,19.0,3.0,CTX,CTX,CTX,3,4
s3,CCTGACCACCGATGGT-1,3,45.0,61.0,ACB,ACB_intact,ACB_intact,1,0
s3,CCTGCCCGTTGTCTAG-1,2,35.0,9.0,CTX,CTX,CTX,3,4
s3,CCTGCGATAGAACTGT-1,2,8.0,20.0,CTX,CTX,CTX,3,4
s3,CCTGCGTTCTACGCTT-1,1,32.0,14.0,CP,CP_intact,CP_intact,2,2
s3,CCTGCTATTTGAGAAG-1,7,26.0,50.0,CP,CP_intact,CP_intact,2,2
s3,CCTGGAAACGTTCTGC-1,7,39.0,113.0,CP,CP_lesioned,CP_lesioned,2,3
s3,CCTGGCTAGACCCGCC-1,7,29.0,43.0,CP,CP_intact,CP_intact,2,2
s3,CCTGTAAGACATGATA-1,8,37.0,41.0,CP,CP_intact,CP_intact,2,2
s3,CCTGTACTCACGCCCA-1,1,40.0,24.0,CP,CP_intact,CP_intact,2,2
s3,CCTGTCACCCGGGCTC-1,4,29.0,67.0,cc,cc,cc,9,10
s3,CCTGTCCCTCACGTTA-1,4,36.0,114.0,cc,cc,cc,9,10
s3,CCTGTCGCCCGTAAAT-1,6,36.0,62.0,LSX,LSX,LSX,4,5
s3,CCTGTGAAACCGTAAC-1,2,34.0,2.0,CTX,CTX,CTX,3,4
s3,CCTGTTTGAAGACACG-1,8,58.0,94.0,ACB,ACB_lesioned,ACB_lesioned,1,1
s3,CCTTCTTGATCCAGTG-1,2,19.0,73.0,CTX,CTX,CTX,3,4
s3,CCTTGACCACTTTATT-1,8,55.0,109.0,CP,CP_lesioned,CP_lesioned,2,3
s3,CCTTTCAATGAAGAAA-1,5,25.0,95.0,CTX,CTX,CTX,3,4
s3,CGAAACGCAATTCATG-1,1,41.0,33.0,CP,CP_intact,CP_intact,2,2
s3,CGAACAGTATGGGCGT-1,3,50.0,96.0,ACB,ACB_lesioned,ACB_lesioned,1,1
s3,CGAACCCGCATGCGTC-1,3,49.0,49.0,ACB,ACB_intact,ACB_intact,1,0
s3,CGAACGCCCAGTGCCG-1,2,14.0,70.0,CTX,CTX,CTX,3,4
s3,CGAAGACGGTGAGTGC-1,2,33.0,3.0,CTX,CTX,CTX,3,4
s3,CGAAGTTGCTCTGTGT-1,1,33.0,35.0,CP,CP_intact,CP_intact,2,2
s3,CGACAATTTGATCTAA-1,7,43.0,95.0,CP,CP_lesioned,CP_lesioned,2,3
s3,CGACACGCTCCGACAG-1,8,46.0,94.0,ACB,ACB_lesioned,ACB_lesioned,1,1
s3,CGACAGTTCGCGTTAT-1,1,36.0,42.0,CP,CP_intact,CP_intact,2,2
s3,CGACTCAGGATGTTAT-1,5,23.0,89.0,CTX,CTX,CTX,3,4
s3,CGACTTTGTATAGCCT-1,4,33.0,109.0,cc,cc,cc,9,10
s3,CGAGACCCTAGAGTGT-1,3,43.0,61.0,ACB,ACB_intact,ACB_intact,1,0
s3,CGAGAGATGTGAACCT-1,0,29.0,73.0,CTX,CTX,CTX,3,4
s3,CGAGAGCTTTCACTAC-1,6,64.0,88.0,OT,OT,OT,6,7
s3,CGAGAGGGTAGCCGCG-1,8,56.0,104.0,ACB,ACB_lesioned,ACB_lesioned,1,1
s3,CGAGATTTCGCTCGGG-1,7,42.0,116.0,CP,CP_lesioned,CP_lesioned,2,3
s3,CGAGCACTTCAAGTTT-1,1,23.0,25.0,CP,CP_intact,CP_intact,2,2
s3,CGAGCCGAGCACTCGA-1,9,11.0,3.0,CTX,CTX,CTX,3,4
s3,CGAGCGTTGATCAGCC-1,2,12.0,46.0,CTX,CTX,CTX,3,4
s3,CGAGCTGGGCTTTAGG-1,2,17.0,67.0,CTX,CTX,CTX,3,4
s3,CGAGGATCGGGAACGA-1,9,28.0,118.0,CTX,CTX,CTX,3,4
s3,CGAGGCCAGGCATTGG-1,9,14.0,22.0,CTX,CTX,CTX,3,4
s3,CGAGGCTAAATATGGC-1,0,29.0,71.0,CTX,CTX,CTX,3,4
s3,CGAGGGACTGCGGTCG-1,6,38.0,78.0,LSX,LSX,LSX,4,5
s3,CGAGTACTAAAGAGGA-1,1,45.0,35.0,CP,CP_intact,CP_intact,2,2
s3,CGAGTGCTATAGTTCG-1,2,10.0,38.0,CTX,CTX,CTX,3,4
s3,CGAGTTCTGTCCCACC-1,2,27.0,85.0,CTX,CTX,CTX,3,4
s3,CGAGTTTATCGGACTG-1,0,37.0,93.0,VL,VL,VL,7,8
s3,CGATAATACTCAGGTT-1,8,43.0,117.0,CP,CP_lesioned,CP_lesioned,2,3
s3,CGATACCTCGCGGACA-1,8,40.0,48.0,CP,CP_intact,CP_intact,2,2
s3,CGATAGTCGTACTGCA-1,6,66.0,88.0,MSC,MSC,MSC,5,6
s3,CGATATTAGCCGCAGG-1,0,7.0,35.0,CTX,CTX,CTX,3,4
s3,CGATCCGACCCAGTGC-1,7,38.0,50.0,CP,CP_intact,CP_intact,2,2
s3,CGATGGACCCTACGCC-1,9,22.0,96.0,CTX,CTX,CTX,3,4
s3,CGATTAAATATCTCCT-1,6,56.0,62.0,MSC,MSC,MSC,5,6
s3,CGCAAACACGAGTTAC-1,7,27.0,37.0,CP,CP_intact,CP_intact,2,2
s3,CGCAATTACTTTCGGT-1,7,23.0,33.0,CP,CP_intact,CP_intact,2,2
s3,CGCAATTAGGGTAATA-1,7,28.0,44.0,CP,CP_intact,CP_intact,2,2
s3,CGCAATTCTACAATAA-1,7,26.0,28.0,CP,CP_intact,CP_intact,2,2
s3,CGCACATGTCCACTAC-1,6,39.0,87.0,LSX,LSX,LSX,4,5
s3,CGCACGTGCGCTATCA-1,7,39.0,99.0,CP,CP_lesioned,CP_lesioned,2,3
s3,CGCAGATCTTCACCCG-1,9,25.0,113.0,CTX,CTX,CTX,3,4
s3,CGCAGGCGATCCAAAC-1,8,52.0,102.0,CP,CP_lesioned,CP_lesioned,2,3
s3,CGCATCCATCAGCCAG-1,9,28.0,116.0,CTX,CTX,CTX,3,4
s3,CGCATGCCGAATGCGT-1,6,67.0,89.0,MSC,MSC,MSC,5,6
s3,CGCATGGTGCGATGCT-1,6,40.0,66.0,LSX,LSX,LSX,4,5
s3,CGCATTAGCTAATAGG-1,4,27.0,57.0,cc,cc,cc,9,10
s3,CGCCAAGAAGCCGAGT-1,1,39.0,17.0,OT,OT,OT,6,7
s3,CGCCATCCGATTATGA-1,2,24.0,80.0,CTX,CTX,CTX,3,4
s3,CGCCCAGCGTTTCACG-1,6,65.0,89.0,OT,OT,OT,6,7
s3,CGCCCGCTTCCGTACA-1,2,18.0,80.0,CTX,CTX,CTX,3,4
s3,CGCCCTTGAAGGCTGA-1,1,24.0,20.0,CP,CP_intact,CP_intact,2,2
s3,CGCCGACTATTCGCTA-1,2,35.0,5.0,CTX,CTX,CTX,3,4
s3,CGCCGCCCATGCCTGT-1,6,39.0,83.0,LSX,LSX,LSX,4,5
s3,CGCCGTCTACCCATCG-1,5,38.0,122.0,cc,cc,cc,9,10
s3,CGCCGTTCAGCATAGT-1,8,58.0,104.0,ACB,ACB_lesioned,ACB_lesioned,1,1
s3,CGCCTCCCTCCTCTAT-1,6,43.0,73.0,LSX,LSX,LSX,4,5
s3,CGCCTGGCCTACGTAA-1,1,41.0,27.0,CP,CP_intact,CP_intact,2,2
s3,CGCCTTTAGCATGCTC-1,8,45.0,117.0,CP,CP_lesioned,CP_lesioned,2,3
s3,CGCGAAGTGGCATACT-1,3,64.0,96.0,ACB,ACB_lesioned,ACB_lesioned,1,1
s3,CGCGACACTGCGCAGC-1,5,24.0,12.0,CTX,CTX,CTX,3,4
s3,CGCGACCGCGACAGAT-1,6,59.0,81.0,MSC,MSC,MSC,5,6
s3,CGCGCATGTTTGATTG-1,3,50.0,54.0,ACB,ACB_intact,ACB_intact,1,0
s3,CGCGCCCGACTTAATA-1,0,21.0,75.0,CTX,CTX,CTX,3,4
s3,CGCGGCAGTATTACGG-1,9,12.0,16.0,CTX,CTX,CTX,3,4
s3,CGCGGCTCAACTTGAA-1,7,43.0,97.0,CP,CP_lesioned,CP_lesioned,2,3
s3,CGCGGGAATTAGGCAG-1,2,28.0,80.0,CTX,CTX,CTX,3,4
s3,CGCGGTAAGTCTAGCT-1,9,30.0,118.0,CTX,CTX,CTX,3,4
s3,CGCGGTACGGTATACA-1,6,62.0,118.0,CTX,CTX,CTX,3,4
s3,CGCGTTCATGAAATAC-1,1,27.0,51.0,CP,CP_intact,CP_intact,2,2
s3,CGCTACGGGACATTTA-1,7,38.0,48.0,CP,CP_intact,CP_intact,2,2
s3,CGCTAGAGACCGCTGC-1,7,39.0,101.0,CP,CP_lesioned,CP_lesioned,2,3
s3,CGCTATACCGCCCACT-1,9,14.0,36.0,CTX,CTX,CTX,3,4
s3,CGCTATTCAATGTATG-1,5,19.0,31.0,CTX,CTX,CTX,3,4
s3,CGCTATTCTTAGGCTC-1,3,38.0,60.0,ACB,ACB_intact,ACB_intact,1,0
s3,CGCTCGACATAATGAT-1,4,21.0,45.0,cc,cc,cc,9,10
s3,CGCTCTCCGTAGATTA-1,1,33.0,37.0,CP,CP_intact,CP_intact,2,2
s3,CGCTGGTGACTACCCT-1,7,48.0,98.0,CP,CP_lesioned,CP_lesioned,2,3
s3,CGCTGTGACGCCGCAC-1,7,25.0,47.0,CP,CP_intact,CP_intact,2,2
s3,CGCTTATTCCCGGTCG-1,1,42.0,30.0,CP,CP_intact,CP_intact,2,2
s3,CGCTTCCACTGAAATC-1,5,18.0,42.0,CTX,CTX,CTX,3,4
s3,CGCTTCGGTCTAAGAC-1,8,66.0,104.0,CP,CP_lesioned,CP_lesioned,2,3
s3,CGCTTGGACGGATAGA-1,6,63.0,117.0,CTX,CTX,CTX,3,4
s3,CGCTTTCATACCGGTG-1,9,14.0,50.0,CTX,CTX,CTX,3,4
s3,CGCTTTCTTGCATTCG-1,4,31.0,85.0,cc,cc,cc,9,10
s3,CGGAAAGCAAATGTGC-1,5,18.0,6.0,CTX,CTX,CTX,3,4
s3,CGGAACGTAAACATAG-1,3,47.0,45.0,ACB,ACB_intact,ACB_intact,1,0
s3,CGGAGCAATTTAATCG-1,6,54.0,60.0,ACB,ACB_intact,ACB_intact,1,0
s3,CGGAGCATGGCGATCC-1,6,39.0,67.0,LSX,LSX,LSX,4,5
s3,CGGAGTTTGAGAGACA-1,1,30.0,34.0,CP,CP_intact,CP_intact,2,2
s3,CGGATAAGCGGACATG-1,5,19.0,17.0,CTX,CTX,CTX,3,4
s3,CGGATCCTCAAGGACT-1,6,60.0,80.0,MSC,MSC,MSC,5,6
s3,CGGCAAACATCGTGCG-1,6,52.0,66.0,ACB,ACB_intact,ACB_intact,1,0
s3,CGGCAATAAGATCGCC-1,7,54.0,108.0,CP,CP_lesioned,CP_lesioned,2,3
s3,CGGCACTCAAGAAAGT-1,9,12.0,28.0,CTX,CTX,CTX,3,4
s3,CGGCAGGGTCGGGTTG-1,4,32.0,94.0,cc,cc,cc,9,10
s3,CGGCCACGCACAAAGT-1,0,35.0,59.0,VL,VL,VL,7,8
s3,CGGCCCAACCTGTAGT-1,9,28.0,112.0,CTX,CTX,CTX,3,4
s3,CGGCCCAGGTATATCC-1,7,43.0,105.0,CP,CP_lesioned,CP_lesioned,2,3
s3,CGGCGCCATCAATCCC-1,8,59.0,93.0,ACB,ACB_lesioned,ACB_lesioned,1,1
s3,CGGCTCTAAAGCTGCA-1,7,46.0,110.0,CP,CP_lesioned,CP_lesioned,2,3
s3,CGGGAATATAGTATAC-1,7,47.0,105.0,CP,CP_lesioned,CP_lesioned,2,3
s3,CGGGAATTTATGTAAA-1,3,45.0,65.0,ACB,ACB_intact,ACB_intact,1,0
s3,CGGGAGCTTCAGTGTA-1,3,49.0,91.0,ACB,ACB_lesioned,ACB_lesioned,1,1
s3,CGGGAGTATACCGCCG-1,5,19.0,15.0,CTX,CTX,CTX,3,4
s3,CGGGATCAATGTAAGA-1,5,23.0,59.0,CTX,CTX,CTX,3,4
s3,CGGGCAGCTAAACCGC-1,7,32.0,56.0,CP,CP_intact,CP_intact,2,2
s3,CGGGCCATAGCCGCAC-1,9,14.0,18.0,CTX,CTX,CTX,3,4
s3,CGGGCCTTCTTTGTAA-1,3,41.0,55.0,ACB,ACB_intact,ACB_intact,1,0
s3,CGGGTGTACCCATTTA-1,4,32.0,86.0,cc,cc,cc,9,10
s3,CGGGTTTGTTAGGGCT-1,8,56.0,114.0,CP,CP_lesioned,CP_lesioned,2,3
s3,CGGTACTAGAATCAAA-1,6,43.0,83.0,LSX,LSX,LSX,4,5
s3,CGGTAGAGGTGCAGGT-1,5,22.0,92.0,CTX,CTX,CTX,3,4
s3,CGGTCAAGTGGGAACC-1,2,26.0,80.0,CTX,CTX,CTX,3,4
s3,CGGTCAGTCCATATTT-1,5,58.0,126.0,CTX,CTX,CTX,3,4
s3,CGGTCTATCAACCCGT-1,2,18.0,82.0,CTX,CTX,CTX,3,4
s3,CGGTGAAGACTAAAGT-1,1,35.0,23.0,CP,CP_intact,CP_intact,2,2
s3,CGGTGCAGATAGAACG-1,1,42.0,36.0,CP,CP_intact,CP_intact,2,2
s3,CGGTGTACTTGATCCC-1,9,17.0,31.0,CTX,CTX,CTX,3,4
s3,CGGTTATCCAACAGTG-1,4,30.0,98.0,cc,cc,cc,9,10
s3,CGGTTCAAGTAGGTGT-1,9,24.0,98.0,CTX,CTX,CTX,3,4
s3,CGGTTCCGGCTTCTTG-1,2,9.0,29.0,CTX,CTX,CTX,3,4
s3,CGGTTGACCTGGCATA-1,1,39.0,25.0,CP,CP_intact,CP_intact,2,2
s3,CGTAAACGCTTGAGTG-1,9,11.0,23.0,CTX,CTX,CTX,3,4
s3,CGTAATAATTACGAGT-1,9,14.0,6.0,CTX,CTX,CTX,3,4
s3,CGTACCGAAAGTCTAG-1,9,10.0,12.0,CTX,CTX,CTX,3,4
s3,CGTACCTGATAGGCCT-1,2,22.0,68.0,CTX,CTX,CTX,3,4
s3,CGTATCTAGAACTAAG-1,2,66.0,120.0,CTX,CTX,CTX,3,4
s3,CGTATTAAGAGATCTA-1,7,32.0,54.0,CP,CP_intact,CP_intact,2,2
s3,CGTCAAGGCTATAAAT-1,1,30.0,14.0,CP,CP_intact,CP_intact,2,2
s3,CGTCAATCTTTAACAT-1,9,11.0,9.0,CTX,CTX,CTX,3,4
s3,CGTCACGTCCATTGGT-1,3,47.0,51.0,ACB,ACB_intact,ACB_intact,1,0
s3,CGTCAGCTATTTACTC-1,5,17.0,11.0,CTX,CTX,CTX,3,4
s3,CGTCAGTGCGCACAAG-1,2,11.0,49.0,CTX,CTX,CTX,3,4
s3,CGTCATACCATATCCA-1,5,20.0,20.0,CTX,CTX,CTX,3,4
s3,CGTCCTCATCGCGTGC-1,8,71.0,111.0,CTX,CTX,CTX,3,4
s3,CGTCGCGGCGGGATTT-1,9,12.0,14.0,CTX,CTX,CTX,3,4
s3,CGTCGGATAGTGTTGA-1,0,34.0,96.0,ACB,ACB_lesioned,ACB_lesioned,1,1
s3,CGTCGTCCTTCGCGAA-1,6,56.0,76.0,MSC,MSC,MSC,5,6
s3,CGTCTGGAAGGGCCCG-1,9,16.0,62.0,CTX,CTX,CTX,3,4
s3,CGTCTTGAGTGTGACG-1,5,41.0,125.0,cc,cc,cc,9,10
s3,CGTGAAGTTAATTCAC-1,0,40.0,56.0,VL,VL,VL,7,8
s3,CGTGCAGACTGGGACA-1,6,40.0,74.0,LSX,LSX,LSX,4,5
s3,CGTGCATTGTCGACGC-1,1,39.0,31.0,CP,CP_intact,CP_intact,2,2
s3,CGTGCCCTCCCGAAGA-1,6,43.0,77.0,LSX,LSX,LSX,4,5
s3,CGTGCTGGCCTAGTCG-1,2,9.0,19.0,CTX,CTX,CTX,3,4
s3,CGTGGAAGCCTCGTAC-1,7,48.0,120.0,CP,CP_lesioned,CP_lesioned,2,3
s3,CGTGGCCGAATATCTA-1,7,47.0,101.0,CP,CP_lesioned,CP_lesioned,2,3
s3,CGTGTATGGGAGCTGA-1,8,65.0,111.0,CP,CP_lesioned,CP_lesioned,2,3
s3,CGTGTCCCATTCGCGA-1,7,28.0,40.0,CP,CP_intact,CP_intact,2,2
s3,CGTGTGTTAAACCCTG-1,9,32.0,116.0,CTX,CTX,CTX,3,4
s3,CGTTAAACTAGTTAGG-1,7,49.0,111.0,CP,CP_lesioned,CP_lesioned,2,3
s3,CGTTAATGTCCCGACG-1,6,59.0,87.0,ACB,ACB_lesioned,ACB_lesioned,1,1
s3,CGTTGAATACCGCGCT-1,6,57.0,77.0,MSC,MSC,MSC,5,6
s3,CGTTGAGCGACCGTCG-1,6,44.0,74.0,LSX,LSX,LSX,4,5
s3,CGTTGTAAACGTCAGG-1,5,21.0,13.0,CTX,CTX,CTX,3,4
s3,CGTTGTAAGATTGATT-1,9,26.0,108.0,CTX,CTX,CTX,3,4
s3,CGTTGTTTCAATTCCC-1,1,34.0,40.0,CP,CP_intact,CP_intact,2,2
s3,CGTTTAAGCGGAGCAC-1,2,13.0,59.0,CTX,CTX,CTX,3,4
s3,CGTTTCGCTCATTACA-1,7,35.0,49.0,CP,CP_intact,CP_intact,2,2
s3,CGTTTGGTGTTGTGGG-1,5,62.0,120.0,CTX,CTX,CTX,3,4
s3,CTAAAGAATGCCTACT-1,1,36.0,36.0,CP,CP_intact,CP_intact,2,2
s3,CTAAAGGGAAATAGGA-1,3,44.0,62.0,ACB,ACB_intact,ACB_intact,1,0
s3,CTAAATCCTATTCCGG-1,2,26.0,84.0,CTX,CTX,CTX,3,4
s3,CTAACCGCGCGCCCGT-1,1,37.0,35.0,CP,CP_intact,CP_intact,2,2
s3,CTAACGAAACTTGCTG-1,4,30.0,94.0,cc,cc,cc,9,10
s3,CTAACTGATAATCGCC-1,8,58.0,102.0,ACB,ACB_lesioned,ACB_lesioned,1,1
s3,CTAAGGGAATGATTGG-1,6,44.0,72.0,LSX,LSX,LSX,4,5
s3,CTAATTCGCACGCGCT-1,7,28.0,34.0,CP,CP_intact,CP_intact,2,2
s3,CTAATTCTCAGATATT-1,9,27.0,105.0,CTX,CTX,CTX,3,4
s3,CTAATTTCAACAACAC-1,4,21.0,27.0,cc,cc,cc,9,10
s3,CTACACTCGCAGATGG-1,8,57.0,101.0,ACB,ACB_lesioned,ACB_lesioned,1,1
s3,CTACCCTAAGGTCATA-1,4,31.0,91.0,cc,cc,cc,9,10
s3,CTACGACTAGCTATAA-1,1,38.0,24.0,CP,CP_intact,CP_intact,2,2
s3,CTACGCACGGAGTACC-1,0,35.0,57.0,VL,VL,VL,7,8
s3,CTACTATCTTTCAGAG-1,4,29.0,93.0,cc,cc,cc,9,10
s3,CTACTCTAGGCCCGGC-1,1,31.0,25.0,CP,CP_intact,CP_intact,2,2
s3,CTACTGCCACCTGACC-1,5,27.0,63.0,cc,cc,cc,9,10
s3,CTAGATAAACTCCTCG-1,0,7.0,25.0,CTX,CTX,CTX,3,4
s3,CTAGATGTGAGTGTAA-1,4,33.0,103.0,cc,cc,cc,9,10
s3,CTAGATTTACGACGGC-1,6,42.0,74.0,LSX,LSX,LSX,4,5
s3,CTAGCATAGTATAATG-1,6,34.0,66.0,LSX,LSX,LSX,4,5
s3,CTAGCCACAGGCGAGC-1,8,59.0,117.0,CP,CP_lesioned,CP_lesioned,2,3
s3,CTAGCCGATGTTATGA-1,9,23.0,101.0,CTX,CTX,CTX,3,4
s3,CTAGCTTAATGGTCCC-1,8,47.0,125.0,CP,CP_lesioned,CP_lesioned,2,3
s3,CTAGGCGCCCTATCAG-1,3,51.0,91.0,ACB,ACB_lesioned,ACB_lesioned,1,1
s3,CTAGGTCTGAAGGAAT-1,7,36.0,104.0,CP,CP_lesioned,CP_lesioned,2,3
s3,CTAGTAGAAAGGGATT-1,6,63.0,81.0,MSC,MSC,MSC,5,6
s3,CTAGTCACGTCTTAAG-1,6,37.0,69.0,LSX,LSX,LSX,4,5
s3,CTAGTGAAGGACAGGA-1,1,34.0,38.0,CP,CP_intact,CP_intact,2,2
s3,CTAGTTACAACCCGGT-1,6,53.0,67.0,MSC,MSC,MSC,5,6
s3,CTAGTTGGGCCCGGTA-1,2,26.0,68.0,CTX,CTX,CTX,3,4
s3,CTATAAGAGCCAATCG-1,9,26.0,100.0,CTX,CTX,CTX,3,4
s3,CTATCGACGAAATACA-1,7,53.0,93.0,ACB,ACB_lesioned,ACB_lesioned,1,1
s3,CTATCGCGTAGAGAAC-1,8,58.0,118.0,CP,CP_lesioned,CP_lesioned,2,3
s3,CTATCGGGTCTCAACA-1,0,35.0,69.0,LSX,LSX,LSX,4,5
s3,CTATGGGAAGCGGAAT-1,8,54.0,104.0,CP,CP_lesioned,CP_lesioned,2,3
s3,CTATGTCACTAGCCCA-1,4,30.0,66.0,cc,cc,cc,9,10
s3,CTATGTCTATTGAAAC-1,2,11.0,55.0,CTX,CTX,CTX,3,4
s3,CTATTCATGTGTCCCA-1,6,52.0,62.0,ACB,ACB_intact,ACB_intact,1,0
s3,CTCAACTAACCCGGAT-1,6,63.0,85.0,MSC,MSC,MSC,5,6
s3,CTCACCAGTACAAGTG-1,2,32.0,2.0,CTX,CTX,CTX,3,4
s3,CTCACTTGGCTGGTAA-1,1,40.0,26.0,CP,CP_intact,CP_intact,2,2
s3,CTCAGGACTCACCTGT-1,9,16.0,30.0,CTX,CTX,CTX,3,4
s3,CTCAGTCACGACAAAT-1,9,24.0,96.0,CTX,CTX,CTX,3,4
s3,CTCATCACTTAGTGAT-1,2,28.0,124.0,CTX,CTX,CTX,3,4
s3,CTCATGGCTCACAATC-1,2,13.0,63.0,CTX,CTX,CTX,3,4
s3,CTCATTCGTGAACATC-1,9,27.0,3.0,CTX,CTX,CTX,3,4
s3,CTCATTGCTCTAACAA-1,6,60.0,78.0,MSC,MSC,MSC,5,6
s3,CTCATTTGATGGGCGG-1,2,22.0,62.0,CTX,CTX,CTX,3,4
s3,CTCCCAATGAGTCGCG-1,1,51.0,115.0,CP,CP_lesioned,CP_lesioned,2,3
s3,CTCCGCCCACATGAGG-1,1,43.0,39.0,CP,CP_intact,CP_intact,2,2
s3,CTCCGGCCTAATATGC-1,5,19.0,59.0,CTX,CTX,CTX,3,4
s3,CTCCGGCTTGTAGACA-1,9,15.0,19.0,CTX,CTX,CTX,3,4
s3,CTCCTAAGTTATGTCT-1,9,12.0,30.0,CTX,CTX,CTX,3,4
s3,CTCCTGTTCAAGGCAG-1,8,55.0,117.0,CP,CP_lesioned,CP_lesioned,2,3
s3,CTCGAGATCCAAAGCA-1,9,11.0,13.0,CTX,CTX,CTX,3,4
s3,CTCGAGGTCGAACAGT-1,0,29.0,59.0,VL,VL,VL,7,8
s3,CTCGATATTTGCGAGC-1,9,23.0,99.0,CTX,CTX,CTX,3,4
s3,CTCGCACCTATATAGT-1,2,24.0,68.0,CTX,CTX,CTX,3,4
s3,CTCGGGATAACACCTA-1,9,31.0,121.0,CTX,CTX,CTX,3,4
s3,CTCGGTACCACTGCTC-1,6,41.0,81.0,LSX,LSX,LSX,4,5
s3,CTCGGTCCGTAGCCTG-1,5,18.0,50.0,CTX,CTX,CTX,3,4
s3,CTCTAGCCCTCGGAAA-1,6,66.0,90.0,OT,OT,OT,6,7
s3,CTCTATTTGGCTGCAG-1,6,48.0,68.0,ACB,ACB_intact,ACB_intact,1,0
s3,CTCTCACAATCGATGA-1,4,32.0,70.0,cc,cc,cc,9,10
s3,CTCTCGCTGTACTATG-1,5,24.0,6.0,CTX,CTX,CTX,3,4
s3,CTCTGCGAAGCAAGCA-1,2,12.0,50.0,CTX,CTX,CTX,3,4
s3,CTCTGTTTGAGGATTC-1,2,14.0,72.0,CTX,CTX,CTX,3,4
s3,CTCTTCTATTGACTGG-1,7,46.0,100.0,CP,CP_lesioned,CP_lesioned,2,3
s3,CTCTTGTCCCGCTTGG-1,6,54.0,58.0,ACB,ACB_intact,ACB_intact,1,0
s3,CTGAAAGAGATCCGAC-1,2,19.0,69.0,CTX,CTX,CTX,3,4
s3,CTGAATCCGAGACCTC-1,3,47.0,53.0,ACB,ACB_intact,ACB_intact,1,0
s3,CTGACATAGAAATAGA-1,8,51.0,119.0,CP,CP_lesioned,CP_lesioned,2,3
s3,CTGACTGCGCAGCTCG-1,4,31.0,101.0,cc,cc,cc,9,10
s3,CTGAGAAAGTTCGGCG-1,8,49.0,117.0,CP,CP_lesioned,CP_lesioned,2,3
s3,CTGAGAGTAGAAATAC-1,2,64.0,124.0,CTX,CTX,CTX,3,4
s3,CTGAGCAAGTAACAAG-1,9,15.0,25.0,CTX,CTX,CTX,3,4
s3,CTGAGCGAGACTTATT-1,9,31.0,125.0,CTX,CTX,CTX,3,4
s3,CTGATAGTGTATCTCA-1,1,32.0,16.0,CP,CP_intact,CP_intact,2,2
s3,CTGCAAGCACGTTCCG-1,8,61.0,111.0,CP,CP_lesioned,CP_lesioned,2,3
s3,CTGCACAACTACATAT-1,6,50.0,76.0,MSC,MSC,MSC,5,6
s3,CTGCACCTAGTCCACA-1,9,29.0,117.0,CTX,CTX,CTX,3,4
s3,CTGCACCTGGAACCGC-1,9,15.0,49.0,CTX,CTX,CTX,3,4
s3,CTGCACTCCAGTACAG-1,6,54.0,70.0,MSC,MSC,MSC,5,6
s3,CTGCAGAGAATCAGAG-1,8,61.0,101.0,ACB,ACB_lesioned,ACB_lesioned,1,1
s3,CTGCCAAGGTTGGAAG-1,2,21.0,77.0,CTX,CTX,CTX,3,4
s3,CTGCCATGCATCACAT-1,3,40.0,62.0,LSX,LSX,LSX,4,5
s3,CTGCCCACGAAGCGTT-1,2,32.0,6.0,CTX,CTX,CTX,3,4
s3,CTGCCTCATATGCAAC-1,9,33.0,121.0,CTX,CTX,CTX,3,4
s3,CTGCCTTTCTAGTAAA-1,6,63.0,93.0,OT,OT,OT,6,7
s3,CTGCGGGTGAAATGTT-1,1,31.0,23.0,CP,CP_intact,CP_intact,2,2
s3,CTGCTGTCTAACGAGC-1,8,49.0,119.0,CP,CP_lesioned,CP_lesioned,2,3
s3,CTGCTTGGCGATAGCT-1,6,53.0,75.0,MSC,MSC,MSC,5,6
s3,CTGGAAATGGATGCTT-1,7,29.0,53.0,CP,CP_intact,CP_intact,2,2
s3,CTGGAAGACACGGTGG-1,3,50.0,88.0,ACB,ACB_lesioned,ACB_lesioned,1,1
s3,CTGGATTTACACTTGA-1,3,49.0,55.0,ACB,ACB_intact,ACB_intact,1,0
s3,CTGGCGACATAAGTCC-1,2,17.0,81.0,CTX,CTX,CTX,3,4
s3,CTGGCGCACAGGTCTG-1,0,37.0,89.0,VL,VL,VL,7,8
s3,CTGGCGGGAATAAGTA-1,5,20.0,22.0,CTX,CTX,CTX,3,4
s3,CTGGCTCCTGCGGGAT-1,0,7.0,27.0,CTX,CTX,CTX,3,4
s3,CTGGCTGATTCATCCT-1,7,44.0,96.0,CP,CP_lesioned,CP_lesioned,2,3
s3,CTGGCTGGTTGTCAGT-1,6,54.0,56.0,ACB,ACB_intact,ACB_intact,1,0
s3,CTGGGATAAATAATGG-1,0,38.0,84.0,LSX,LSX,LSX,4,5
s3,CTGGGATACGCTACCC-1,4,37.0,117.0,cc,cc,cc,9,10
s3,CTGGGCCTGCTATATC-1,1,44.0,30.0,OT,OT,OT,6,7
s3,CTGGGTAGGCAGTTAA-1,6,43.0,79.0,LSX,LSX,LSX,4,5
s3,CTGGTAAAGTGTGGGC-1,8,60.0,114.0,CP,CP_lesioned,CP_lesioned,2,3
s3,CTGGTAACACATAGAA-1,6,42.0,88.0,LSX,LSX,LSX,4,5
s3,CTGGTAACGAGCTCTT-1,5,29.0,97.0,cc,cc,cc,9,10
s3,CTGGTCATTCCAATCC-1,4,23.0,15.0,cc,cc,cc,9,10
s3,CTGGTTCAACGCATCA-1,2,8.0,38.0,CTX,CTX,CTX,3,4
s3,CTGGTTCGCGAGCTAC-1,7,42.0,124.0,CP,CP_lesioned,CP_lesioned,2,3
s3,CTGGTTTCGAGCAAGA-1,3,46.0,88.0,LSX,LSX,LSX,4,5
s3,CTGTACTTCTTAGCAT-1,8,39.0,51.0,CP,CP_intact,CP_intact,2,2
s3,CTGTATGGTGTAGAAA-1,5,20.0,32.0,CTX,CTX,CTX,3,4
s3,CTGTCAAATGGCTCGG-1,9,23.0,83.0,CTX,CTX,CTX,3,4
s3,CTGTGCAGGGTAGGTC-1,6,42.0,70.0,LSX,LSX,LSX,4,5
s3,CTGTGGTCGGGAGATA-1,3,55.0,89.0,ACB,ACB_lesioned,ACB_lesioned,1,1
s3,CTGTTACCCAATCTAG-1,3,48.0,58.0,ACB,ACB_intact,ACB_intact,1,0
s3,CTGTTCACTGCCTGTG-1,5,22.0,56.0,CTX,CTX,CTX,3,4
s3,CTGTTCATCTCACGGG-1,4,22.0,34.0,cc,cc,cc,9,10
s3,CTGTTGGCTCTTCTGA-1,9,20.0,2.0,CTX,CTX,CTX,3,4
s3,CTTAAATAAGACCCAT-1,5,25.0,9.0,CTX,CTX,CTX,3,4
s3,CTTAACTTACAGTATA-1,8,70.0,112.0,CTX,CTX,CTX,3,4
s3,CTTACACGGTATTCCA-1,1,31.0,45.0,CP,CP_intact,CP_intact,2,2
s3,CTTACACTGGGAAATA-1,9,16.0,48.0,CTX,CTX,CTX,3,4
s3,CTTAGCCCGGATAGTG-1,2,27.0,9.0,CTX,CTX,CTX,3,4
s3,CTTAGCCTTCCACATG-1,2,22.0,78.0,CTX,CTX,CTX,3,4
s3,CTTAGTAGGCCTACAG-1,4,32.0,102.0,cc,cc,cc,9,10
s3,CTTAGTGTAGTAGCAT-1,6,61.0,83.0,MSC,MSC,MSC,5,6
s3,CTTATAGATGGCTGTT-1,5,61.0,119.0,CTX,CTX,CTX,3,4
s3,CTTATGTTGACTACCA-1,9,13.0,27.0,CTX,CTX,CTX,3,4
s3,CTTCAACTCCACTTGG-1,6,59.0,77.0,MSC,MSC,MSC,5,6
s3,CTTCATAGCTCAAGAA-1,5,19.0,37.0,CTX,CTX,CTX,3,4
s3,CTTCATTGTCAGTGGA-1,3,36.0,60.0,VL,VL,VL,7,8
s3,CTTCGGCCAATTGTTT-1,8,50.0,110.0,CP,CP_lesioned,CP_lesioned,2,3
s3,CTTCGTAGATAGGTGA-1,1,39.0,45.0,CP,CP_intact,CP_intact,2,2
s3,CTTCTATTAATGCTAG-1,3,51.0,47.0,ACB,ACB_intact,ACB_intact,1,0
s3,CTTCTTACGTCGTATA-1,9,14.0,60.0,CTX,CTX,CTX,3,4
s3,CTTGAGGTTATCCCGA-1,9,12.0,24.0,CTX,CTX,CTX,3,4
s3,CTTGAGTTAGGGTAAT-1,0,39.0,93.0,VL,VL,VL,7,8
s3,CTTGATGACCATCCAG-1,8,70.0,98.0,OT,OT,OT,6,7
s3,CTTGCAACCGCCTCCT-1,1,43.0,25.0,OT,OT,OT,6,7
s3,CTTGCCCACCCACGCA-1,8,70.0,100.0,OT,OT,OT,6,7
s3,CTTGCCCAGGCTCTAC-1,3,45.0,55.0,ACB,ACB_intact,ACB_intact,1,0
s3,CTTGTACTTGTTGACT-1,4,21.0,51.0,cc,cc,cc,9,10
s3,CTTGTCAACATTCGAG-1,6,50.0,66.0,ACB,ACB_intact,ACB_intact,1,0
s3,CTTGTGAGTCTTTGAC-1,2,10.0,34.0,CTX,CTX,CTX,3,4
s3,CTTGTGCTCACCGATT-1,9,22.0,94.0,CTX,CTX,CTX,3,4
s3,CTTGTTGCTGAGTCAA-1,0,38.0,80.0,LSX,LSX,LSX,4,5
s3,CTTGTTTATGTAGCCA-1,5,18.0,28.0,CTX,CTX,CTX,3,4
s3,CTTTAACTTTCAAAGG-1,2,23.0,67.0,CTX,CTX,CTX,3,4
s3,CTTTAATATTGGTCGA-1,6,51.0,73.0,MSC,MSC,MSC,5,6
s3,CTTTACCGAATAGTAG-1,3,50.0,84.0,ACB,ACB_lesioned,ACB_lesioned,1,1
s3,CTTTAGGAACACTGTT-1,6,41.0,87.0,LSX,LSX,LSX,4,5
s3,CTTTAGTGCTATTATT-1,3,44.0,64.0,ACB,ACB_intact,ACB_intact,1,0
s3,CTTTCTGTGCGGGCTT-1,6,54.0,66.0,MSC,MSC,MSC,5,6
s3,CTTTGCATCGCTCTTG-1,8,60.0,94.0,ACB,ACB_lesioned,ACB_lesioned,1,1
s3,CTTTGCTGTCATGGAT-1,8,48.0,122.0,CP,CP_lesioned,CP_lesioned,2,3
s3,CTTTGGCGCTTTATAC-1,1,32.0,18.0,CP,CP_intact,CP_intact,2,2
s3,CTTTGGCTTTAGTAAA-1,7,32.0,40.0,CP,CP_intact,CP_intact,2,2
s3,GAAACAGATGACCACC-1,0,40.0,92.0,VL,VL,VL,7,8
s3,GAAACAGCCATGCAGT-1,2,13.0,61.0,CTX,CTX,CTX,3,4
s3,GAAACCATGGTGCGCT-1,9,27.0,109.0,CTX,CTX,CTX,3,4
s3,GAAACCGAATTACCTT-1,3,45.0,51.0,ACB,ACB_intact,ACB_intact,1,0
s3,GAAACTCGTGCGATGC-1,1,28.0,24.0,CP,CP_intact,CP_intact,2,2
s3,GAAAGAACAGCGTTAT-1,7,37.0,103.0,CP,CP_lesioned,CP_lesioned,2,3
s3,GAAAGCCCTTTGGACC-1,1,35.0,21.0,CP,CP_intact,CP_intact,2,2
s3,GAAAGTGACTAACTGC-1,7,25.0,31.0,CP,CP_intact,CP_intact,2,2
s3,GAAATACTAAACGTTT-1,5,18.0,22.0,CTX,CTX,CTX,3,4
s3,GAAATATCACCATCAG-1,1,33.0,23.0,CP,CP_intact,CP_intact,2,2
s3,GAAATCGCGCGCAACT-1,2,18.0,68.0,CTX,CTX,CTX,3,4
s3,GAAATCTGACCAAGTT-1,9,18.0,2.0,CTX,CTX,CTX,3,4
s3,GAAATGGCGGTGTTAG-1,7,30.0,52.0,CP,CP_intact,CP_intact,2,2
s3,GAAATGGGATGTAAAC-1,9,13.0,17.0,CTX,CTX,CTX,3,4
s3,GAAATTCACATCGCTG-1,9,13.0,49.0,CTX,CTX,CTX,3,4
s3,GAAATTGTCTCTATAA-1,4,43.0,53.0,aco,aco,aco,8,9
s3,GAACACACATCAACCA-1,4,22.0,50.0,cc,cc,cc,9,10
s3,GAACGACCGAATGATA-1,2,19.0,63.0,CTX,CTX,CTX,3,4
s3,GAACGCGGGTCACACG-1,8,48.0,114.0,CP,CP_lesioned,CP_lesioned,2,3
s3,GAACGTCTCATGGTCG-1,4,31.0,87.0,cc,cc,cc,9,10
s3,GAACGTTAGGAAGACG-1,1,33.0,15.0,CP,CP_intact,CP_intact,2,2
s3,GAAGAACGGTGCAGGT-1,9,14.0,40.0,CTX,CTX,CTX,3,4
s3,GAAGCCGGGTAAGCTC-1,9,23.0,3.0,CTX,CTX,CTX,3,4
s3,GAAGCGTGAGGAATTT-1,0,34.0,60.0,VL,VL,VL,7,8
s3,GAAGCTCTTTGCTTAG-1,9,14.0,4.0,CTX,CTX,CTX,3,4
s3,GAAGCTTGCTGACCGC-1,7,29.0,35.0,CP,CP_intact,CP_intact,2,2
s3,GAAGTCAGTTGCACTA-1,6,52.0,58.0,ACB,ACB_intact,ACB_intact,1,0
s3,GAAGTGATTTATCGTG-1,8,39.0,47.0,CP,CP_intact,CP_intact,2,2
s3,GAAGTGCTGGATAGCT-1,9,15.0,61.0,CTX,CTX,CTX,3,4
s3,GAAGTTTCCACTCAAT-1,7,36.0,46.0,CP,CP_intact,CP_intact,2,2
s3,GAATAGACGCGACCCA-1,3,42.0,92.0,VL,VL,VL,7,8
s3,GAATAGCATTTAGGGT-1,8,46.0,118.0,CP,CP_lesioned,CP_lesioned,2,3
s3,GAATCGACATGGTCAC-1,7,26.0,42.0,CP,CP_intact,CP_intact,2,2
s3,GAATCGCCGGACACGG-1,9,11.0,41.0,CTX,CTX,CTX,3,4
s3,GAATCTGAACATTCTC-1,3,42.0,64.0,LSX,LSX,LSX,4,5
s3,GAATGCCGAAATGACC-1,5,21.0,17.0,CTX,CTX,CTX,3,4
s3,GAATGTGGTCCGGATT-1,6,43.0,81.0,LSX,LSX,LSX,4,5
s3,GAATGTTGGGTAATCT-1,2,23.0,69.0,CTX,CTX,CTX,3,4
s3,GAATTATAGTGAAAGG-1,0,34.0,68.0,LSX,LSX,LSX,4,5
s3,GAATTCACCCGGGTGT-1,3,47.0,55.0,ACB,ACB_intact,ACB_intact,1,0
s3,GAATTTCTCGCTGCAG-1,7,28.0,30.0,CP,CP_intact,CP_intact,2,2
s3,GACAAACATATGCAGG-1,7,44.0,100.0,CP,CP_lesioned,CP_lesioned,2,3
s3,GACAACGACCATTGAA-1,2,25.0,77.0,CTX,CTX,CTX,3,4
s3,GACAACGCAGCTTACG-1,5,20.0,54.0,CTX,CTX,CTX,3,4
s3,GACAAGACGCCCGTGC-1,0,69.0,123.0,CTX,CTX,CTX,3,4
s3,GACAAGAGATGAGATT-1,8,56.0,116.0,CP,CP_lesioned,CP_lesioned,2,3
s3,GACACAAGGGAAGAAA-1,4,30.0,72.0,cc,cc,cc,9,10
s3,GACACGAGTTAGAGGA-1,5,19.0,25.0,CTX,CTX,CTX,3,4
s3,GACACTGAGTTCAGTG-1,3,44.0,46.0,ACB,ACB_intact,ACB_intact,1,0
s3,GACACTGGAACCCGAT-1,8,52.0,110.0,CP,CP_lesioned,CP_lesioned,2,3
s3,GACACTTCCAATTACC-1,8,70.0,96.0,OT,OT,OT,6,7
s3,GACAGCCAGACCTGAC-1,6,42.0,86.0,LSX,LSX,LSX,4,5
s3,GACAGGCACACACTAT-1,1,38.0,22.0,CP,CP_intact,CP_intact,2,2
s3,GACATACTGTCGCAGA-1,5,21.0,9.0,CTX,CTX,CTX,3,4
s3,GACATCGATTTATAAC-1,3,52.0,50.0,ACB,ACB_intact,ACB_intact,1,0
s3,GACCAAACGTTGACTG-1,8,58.0,108.0,CP,CP_lesioned,CP_lesioned,2,3
s3,GACCAGAGCCCTGTAG-1,7,31.0,47.0,CP,CP_intact,CP_intact,2,2
s3,GACCGACGTGAAAGCA-1,7,38.0,112.0,CP,CP_lesioned,CP_lesioned,2,3
s3,GACCGACTGAAGCGTC-1,1,34.0,22.0,CP,CP_intact,CP_intact,2,2
s3,GACCGCGTCTGACGTG-1,7,50.0,112.0,CP,CP_lesioned,CP_lesioned,2,3
s3,GACCGTGCTGACGGTG-1,3,40.0,52.0,ACB,ACB_intact,ACB_intact,1,0
s3,GACCGTTACATGCGAC-1,2,38.0,6.0,CTX,CTX,CTX,3,4
s3,GACGACGATCCGCGTT-1,6,52.0,70.0,MSC,MSC,MSC,5,6
s3,GACGAGGCTAATAAAC-1,7,56.0,100.0,ACB,ACB_lesioned,ACB_lesioned,1,1
s3,GACGCCGTAAAGGCTA-1,6,54.0,54.0,ACB,ACB_intact,ACB_intact,1,0
s3,GACGCCTGTTGCAGGG-1,2,11.0,31.0,CTX,CTX,CTX,3,4
s3,GACGCTTGCTTCTAAA-1,1,38.0,36.0,CP,CP_intact,CP_intact,2,2
s3,GACGGTCAATAGAAGC-1,5,30.0,100.0,cc,cc,cc,9,10
s3,GACGGTCCTAGGGTGT-1,7,43.0,125.0,CP,CP_lesioned,CP_lesioned,2,3
s3,GACGTGAGACTCCATG-1,2,8.0,30.0,CTX,CTX,CTX,3,4
s3,GACGTGTAGGGATTAT-1,7,28.0,32.0,CP,CP_intact,CP_intact,2,2
s3,GACTAAGATCATGCAC-1,4,23.0,53.0,cc,cc,cc,9,10
s3,GACTAAGTAGGCTCAC-1,7,27.0,43.0,CP,CP_intact,CP_intact,2,2
s3,GACTCACCCACGTGAG-1,7,38.0,106.0,CP,CP_lesioned,CP_lesioned,2,3
s3,GACTCCCAGAATAAGG-1,9,27.0,111.0,CTX,CTX,CTX,3,4
s3,GACTCGCGGGAATGAC-1,5,28.0,96.0,CTX,CTX,CTX,3,4
s3,GACTGCACCAGCCCAG-1,6,46.0,80.0,MSC,MSC,MSC,5,6
s3,GACTGCGGCACGTGTA-1,1,27.0,15.0,CP,CP_intact,CP_intact,2,2
s3,GAGAAACTGGATCCCA-1,0,66.0,124.0,CTX,CTX,CTX,3,4
s3,GAGAACGGTTCTGACT-1,8,67.0,103.0,OT,OT,OT,6,7
s3,GAGAATCTCACGATCA-1,2,31.0,5.0,CTX,CTX,CTX,3,4
s3,GAGACTGATGGGTAGA-1,0,28.0,56.0,VL,VL,VL,7,8
s3,GAGACTTCGCGACCGA-1,6,53.0,57.0,ACB,ACB_intact,ACB_intact,1,0
s3,GAGAGCGCAGTCCCTG-1,2,28.0,6.0,CTX,CTX,CTX,3,4
s3,GAGAGGCCTATGTGTA-1,2,66.0,118.0,CTX,CTX,CTX,3,4
s3,GAGAGGGCGCGAGGTT-1,1,38.0,40.0,CP,CP_intact,CP_intact,2,2
s3,GAGATCTGCTTGGCAT-1,7,34.0,44.0,CP,CP_intact,CP_intact,2,2
s3,GAGATCTGTCACTCCG-1,0,30.0,74.0,cc,cc,cc,9,10
s3,GAGATCTTCCATGACA-1,6,45.0,77.0,MSC,MSC,MSC,5,6
s3,GAGATGACAATCCTTA-1,9,27.0,121.0,CTX,CTX,CTX,3,4
s3,GAGATGGGAGTCGACA-1,6,52.0,72.0,MSC,MSC,MSC,5,6
s3,GAGCACCTGTGTCCAG-1,6,58.0,80.0,MSC,MSC,MSC,5,6
s3,GAGCACGGCGCCTCTT-1,7,42.0,122.0,CP,CP_lesioned,CP_lesioned,2,3
s3,GAGCATCATCCCTGGG-1,2,12.0,40.0,CTX,CTX,CTX,3,4
s3,GAGCCAGCTACCTGTG-1,3,53.0,89.0,ACB,ACB_lesioned,ACB_lesioned,1,1
s3,GAGCGAGGGAGTACCG-1,9,14.0,58.0,CTX,CTX,CTX,3,4
s3,GAGCGCAAATACTCCG-1,7,51.0,107.0,CP,CP_lesioned,CP_lesioned,2,3
s3,GAGCGCGCACGAGTAG-1,3,49.0,93.0,VL,VL,VL,7,8
s3,GAGCTAAGGGCATATC-1,2,29.0,83.0,CTX,CTX,CTX,3,4
s3,GAGCTCTCGGACCTAA-1,9,15.0,33.0,CTX,CTX,CTX,3,4
s3,GAGGAATGGAGAGGTT-1,7,27.0,31.0,CP,CP_intact,CP_intact,2,2
s3,GAGGAGATCCTCATGC-1,9,12.0,8.0,CTX,CTX,CTX,3,4
s3,GAGGATAAACAGTGCT-1,7,40.0,114.0,CP,CP_lesioned,CP_lesioned,2,3
s3,GAGGCCTGTTGATACA-1,8,63.0,107.0,CP,CP_lesioned,CP_lesioned,2,3
s3,GAGGCTATCAAAGTCG-1,1,35.0,27.0,CP,CP_intact,CP_intact,2,2
s3,GAGGGCATCGCGTATC-1,2,11.0,33.0,CTX,CTX,CTX,3,4
s3,GAGGGCGCAGCTCTGC-1,5,27.0,89.0,CTX,CTX,CTX,3,4
s3,GAGGTCCCAAAGATCT-1,5,18.0,26.0,CTX,CTX,CTX,3,4
s3,GAGTAAACCGGAAAGT-1,7,51.0,117.0,CP,CP_lesioned,CP_lesioned,2,3
s3,GAGTAAATTAAGAACC-1,0,68.0,124.0,CTX,CTX,CTX,3,4
s3,GAGTACGGGTATACAA-1,9,15.0,43.0,CTX,CTX,CTX,3,4
s3,GAGTATCAAAGTTACA-1,8,57.0,121.0,CP,CP_lesioned,CP_lesioned,2,3
s3,GAGTCCGCTTACCGGA-1,3,46.0,58.0,ACB,ACB_intact,ACB_intact,1,0
s3,GAGTCGACAGACCCTC-1,2,29.0,9.0,CTX,CTX,CTX,3,4
s3,GAGTGTCAACCAGAAA-1,6,63.0,83.0,MSC,MSC,MSC,5,6
s3,GAGTGTGCGGTACCCA-1,6,44.0,88.0,LSX,LSX,LSX,4,5
s3,GATAAATCGGTGGATG-1,9,15.0,41.0,CTX,CTX,CTX,3,4
s3,GATAACTCGCACTGTG-1,0,39.0,89.0,VL,VL,VL,7,8
s3,GATAAGGCAGATGCAA-1,9,10.0,28.0,CTX,CTX,CTX,3,4
s3,GATACGATGGGAGTCA-1,3,45.0,45.0,ACB,ACB_intact,ACB_intact,1,0
s3,GATAGCGTACCACGCG-1,9,12.0,2.0,CTX,CTX,CTX,3,4
s3,GATAGGATTAATTACA-1,5,40.0,126.0,CTX,CTX,CTX,3,4
s3,GATAGGTAACGTTGAC-1,3,48.0,60.0,ACB,ACB_intact,ACB_intact,1,0
s3,GATAGGTGTCCCGGGC-1,5,39.0,123.0,cc,cc,cc,9,10
s3,GATATCAGTATGTATC-1,2,9.0,9.0,CTX,CTX,CTX,3,4
s3,GATATCTCATGCAATA-1,2,12.0,58.0,CTX,CTX,CTX,3,4
s3,GATATGAGACACTAAC-1,6,39.0,81.0,LSX,LSX,LSX,4,5
s3,GATATGCGGTAGCCAA-1,9,19.0,91.0,CTX,CTX,CTX,3,4
s3,GATATGGATTACGCGG-1,1,28.0,18.0,CP,CP_intact,CP_intact,2,2
s3,GATATTGAGATTGGCG-1,4,34.0,100.0,cc,cc,cc,9,10
s3,GATCATTCCAAACATT-1,8,30.0,56.0,CP,CP_intact,CP_intact,2,2
s3,GATCCCTTTATACTGC-1,4,28.0,60.0,cc,cc,cc,9,10
s3,GATCCGAATATAAGTG-1,5,36.0,124.0,CTX,CTX,CTX,3,4
s3,GATCCGGGAATTAACA-1,6,39.0,73.0,LSX,LSX,LSX,4,5
s3,GATCCTAAATCGGGAC-1,5,27.0,95.0,CTX,CTX,CTX,3,4
s3,GATCGACACTATCTGA-1,7,27.0,47.0,CP,CP_intact,CP_intact,2,2
s3,GATCGCGGGCTCTCCA-1,7,36.0,52.0,CP,CP_intact,CP_intact,2,2
s3,GATCGCTACCCGATTT-1,8,50.0,98.0,CP,CP_lesioned,CP_lesioned,2,3
s3,GATCGGATAGAACCAT-1,0,41.0,13.0,CTX,CTX,CTX,3,4
s3,GATCGGCGATAAGTCG-1,5,20.0,14.0,CTX,CTX,CTX,3,4
s3,GATCGGTGGCCATAAC-1,2,28.0,68.0,CTX,CTX,CTX,3,4
s3,GATCGTGACTGATATC-1,6,38.0,72.0,LSX,LSX,LSX,4,5
s3,GATCTCGACGCTGTGG-1,8,50.0,118.0,CP,CP_lesioned,CP_lesioned,2,3
s3,GATCTTCATTGTCCTC-1,5,19.0,9.0,CTX,CTX,CTX,3,4
s3,GATCTTGGAGGGCATA-1,6,44.0,70.0,LSX,LSX,LSX,4,5
s3,GATCTTTGCAGGGTAT-1,1,36.0,38.0,CP,CP_intact,CP_intact,2,2
s3,GATGCCAGCAGAAGGC-1,4,23.0,17.0,cc,cc,cc,9,10
s3,GATGCGAATGGTATTA-1,5,26.0,10.0,CTX,CTX,CTX,3,4
s3,GATGCGTCCTGCATTC-1,0,37.0,57.0,VL,VL,VL,7,8
s3,GATGCTACAAGCGCCT-1,9,17.0,51.0,CTX,CTX,CTX,3,4
s3,GATGCTGTATTTCATC-1,6,43.0,75.0,LSX,LSX,LSX,4,5
s3,GATGGCGCACACATTA-1,5,19.0,29.0,CTX,CTX,CTX,3,4
s3,GATGTTCAATCCACGA-1,1,41.0,43.0,CP,CP_intact,CP_intact,2,2
s3,GATGTTTGTGCGAGAT-1,4,20.0,30.0,cc,cc,cc,9,10
s3,GATTAACCGAAAGCCC-1,3,55.0,93.0,ACB,ACB_lesioned,ACB_lesioned,1,1
s3,GATTACTGAATTTGGG-1,1,41.0,39.0,CP,CP_intact,CP_intact,2,2
s3,GATTCCCTTGTCGCAG-1,2,25.0,67.0,CTX,CTX,CTX,3,4
s3,GATTCCGCGTTTCCGT-1,0,16.0,76.0,CTX,CTX,CTX,3,4
s3,GATTCCTATACGGCGC-1,7,25.0,23.0,CP,CP_intact,CP_intact,2,2
s3,GATTCGACGGTTCACG-1,6,41.0,71.0,LSX,LSX,LSX,4,5
s3,GCAAACCCTACATTAT-1,6,48.0,82.0,LSX,LSX,LSX,4,5
s3,GCAAACGTCGCCAGGT-1,8,47.0,117.0,CP,CP_lesioned,CP_lesioned,2,3
s3,GCAAATATTACGCTTT-1,1,35.0,41.0,CP,CP_intact,CP_intact,2,2
s3,GCAACAGCAGTATGCG-1,7,46.0,106.0,CP,CP_lesioned,CP_lesioned,2,3
s3,GCAACCACGGCCGCGT-1,1,43.0,29.0,OT,OT,OT,6,7
s3,GCAACCCAAGTTGTTT-1,2,31.0,3.0,CTX,CTX,CTX,3,4
s3,GCAACGGCTAGTTATG-1,7,43.0,113.0,CP,CP_lesioned,CP_lesioned,2,3
s3,GCAAGAATTCCTTGGC-1,1,44.0,36.0,CP,CP_intact,CP_intact,2,2
s3,GCAAGTGCACAGAGAA-1,7,24.0,42.0,CP,CP_intact,CP_intact,2,2
s3,GCAATTAGTCGCACCG-1,9,31.0,123.0,CTX,CTX,CTX,3,4
s3,GCACAAACGAGGCGTG-1,8,46.0,114.0,CP,CP_lesioned,CP_lesioned,2,3
s3,GCACAAGTGGATCATA-1,9,16.0,6.0,CTX,CTX,CTX,3,4
s3,GCACACACTGGTAGCC-1,3,56.0,94.0,ACB,ACB_lesioned,ACB_lesioned,1,1
s3,GCACACGCCCATGGTC-1,2,34.0,10.0,CTX,CTX,CTX,3,4
s3,GCACCTTCCCGAAGGT-1,0,67.0,121.0,CTX,CTX,CTX,3,4
s3,GCACGTGGTTTACTTA-1,8,64.0,106.0,CP,CP_lesioned,CP_lesioned,2,3
s3,GCACTAGTCGCGCTAT-1,9,13.0,43.0,CTX,CTX,CTX,3,4
s3,GCACTGTGCAAATGTA-1,2,9.0,33.0,CTX,CTX,CTX,3,4
s3,GCAGAAGGTAATCTCC-1,8,50.0,122.0,CP,CP_lesioned,CP_lesioned,2,3
s3,GCAGACCCAGCACGTA-1,7,39.0,103.0,CP,CP_lesioned,CP_lesioned,2,3
s3,GCAGATCCATAAGACT-1,3,51.0,85.0,ACB,ACB_lesioned,ACB_lesioned,1,1
s3,GCAGATCCTCGCAAAT-1,5,23.0,13.0,CTX,CTX,CTX,3,4
s3,GCAGATTAGGGATATC-1,6,37.0,61.0,LSX,LSX,LSX,4,5
s3,GCAGCACACAGCCCAG-1,1,38.0,42.0,CP,CP_intact,CP_intact,2,2
s3,GCAGCCTATATCACAT-1,4,35.0,113.0,cc,cc,cc,9,10
s3,GCAGCGGTGGGCATTA-1,0,7.0,31.0,CTX,CTX,CTX,3,4
s3,GCAGGACTATAGAATA-1,7,35.0,37.0,CP,CP_intact,CP_intact,2,2
s3,GCAGTGCGGGCGGATG-1,8,56.0,126.0,CP,CP_lesioned,CP_lesioned,2,3
s3,GCAGTGTGGCTATAGG-1,6,59.0,83.0,MSC,MSC,MSC,5,6
s3,GCAGTTCGATCCGAGC-1,8,56.0,118.0,CP,CP_lesioned,CP_lesioned,2,3
s3,GCATACGAGGTCTTTA-1,1,38.0,14.0,OT,OT,OT,6,7
s3,GCATAGAGCACTCAGG-1,3,37.0,59.0,VL,VL,VL,7,8
s3,GCATCCCTAACTTTGA-1,9,16.0,42.0,CTX,CTX,CTX,3,4
s3,GCATCGGCCGTGTAGG-1,7,49.0,103.0,CP,CP_lesioned,CP_lesioned,2,3
s3,GCATGAGGGACGCGGC-1,4,30.0,90.0,cc,cc,cc,9,10
s3,GCATGCTAATAACGAT-1,0,67.0,95.0,OT,OT,OT,6,7
s3,GCATTCAAGGCAACGC-1,9,28.0,108.0,CTX,CTX,CTX,3,4
s3,GCATTCGAAATGAACA-1,1,28.0,14.0,CP,CP_intact,CP_intact,2,2
s3,GCATTGTAATTCATAT-1,1,41.0,21.0,OT,OT,OT,6,7
s3,GCATTTCCAAGGCTCC-1,5,33.0,111.0,CTX,CTX,CTX,3,4
s3,GCCAACCATTTCCGGA-1,9,26.0,106.0,CTX,CTX,CTX,3,4
s3,GCCAATAGGGCATCTC-1,9,25.0,103.0,CTX,CTX,CTX,3,4
s3,GCCACAATTTAAGGAC-1,1,45.0,39.0,CP,CP_intact,CP_intact,2,2
s3,GCCACTCAGAGCGCGA-1,8,59.0,95.0,ACB,ACB_lesioned,ACB_lesioned,1,1
s3,GCCACTCCTTACGGTA-1,8,55.0,119.0,CP,CP_lesioned,CP_lesioned,2,3
s3,GCCAGGAGTAACCGAT-1,9,21.0,89.0,CTX,CTX,CTX,3,4
s3,GCCAGGCTTAGTGGTA-1,2,9.0,5.0,CTX,CTX,CTX,3,4
s3,GCCATATTGCACACAG-1,5,22.0,90.0,CTX,CTX,CTX,3,4
s3,GCCATCGATGCTGCAT-1,5,32.0,110.0,CTX,CTX,CTX,3,4
s3,GCCCACCAAGGCTGTC-1,9,12.0,38.0,CTX,CTX,CTX,3,4
s3,GCCCAGATGCTGGAGA-1,5,37.0,121.0,CTX,CTX,CTX,3,4
s3,GCCCAGTTGGTATGCC-1,4,22.0,38.0,cc,cc,cc,9,10
s3,GCCCGATCTGTGGTCG-1,6,53.0,63.0,ACB,ACB_intact,ACB_intact,1,0
s3,GCCCGCGCGTTTGACA-1,4,20.0,40.0,cc,cc,cc,9,10
s3,GCCCGTAATACCTTCT-1,2,27.0,79.0,CTX,CTX,CTX,3,4
s3,GCCGAAATTCCTACGT-1,7,35.0,45.0,CP,CP_intact,CP_intact,2,2
s3,GCCGATTGGCCAAGCT-1,3,41.0,61.0,ACB,ACB_intact,ACB_intact,1,0
s3,GCCGCACTCCGTTTCA-1,8,43.0,121.0,CP,CP_lesioned,CP_lesioned,2,3
s3,GCCGCATTAGTCCGGC-1,1,35.0,17.0,CP,CP_intact,CP_intact,2,2
s3,GCCGCTTGTGAGAAAC-1,1,36.0,40.0,CP,CP_intact,CP_intact,2,2
s3,GCCGGGTTAGGGTCGC-1,3,41.0,59.0,ACB,ACB_intact,ACB_intact,1,0
s3,GCCGTGGAAGAAATGT-1,7,39.0,115.0,CP,CP_lesioned,CP_lesioned,2,3
s3,GCCTAGCGATCTGACC-1,5,20.0,42.0,cc,cc,cc,9,10
s3,GCCTATAGTGTCAGGG-1,5,29.0,91.0,cc,cc,cc,9,10
s3,GCCTATCAGGTAAGAT-1,9,60.0,126.0,CTX,CTX,CTX,3,4
s3,GCCTATTCCGATATAG-1,1,24.0,30.0,CP,CP_intact,CP_intact,2,2
s3,GCCTCATCTGGAAATA-1,7,41.0,95.0,CP,CP_lesioned,CP_lesioned,2,3
s3,GCCTCCGACAATTCAC-1,8,60.0,98.0,ACB,ACB_lesioned,ACB_lesioned,1,1
s3,GCCTCTATACATAGCA-1,6,55.0,75.0,MSC,MSC,MSC,5,6
s3,GCCTTCAGCCCTACCG-1,9,16.0,50.0,CTX,CTX,CTX,3,4
s3,GCCTTGTATATGCAGT-1,5,17.0,15.0,CTX,CTX,CTX,3,4
s3,GCGAAACGATCGGGAG-1,7,54.0,100.0,aco,aco,aco,8,9
s3,GCGAAACTTAACTGGA-1,6,44.0,82.0,LSX,LSX,LSX,4,5
s3,GCGACATGTAAACATC-1,7,37.0,107.0,CP,CP_lesioned,CP_lesioned,2,3
s3,GCGACGATAGTTGTAC-1,3,48.0,54.0,ACB,ACB_intact,ACB_intact,1,0
s3,GCGAGAAACGGGAGTT-1,9,13.0,13.0,CTX,CTX,CTX,3,4
s3,GCGAGAGTTGCGTCCA-1,4,33.0,107.0,cc,cc,cc,9,10
s3,GCGAGCGCATGCTCCC-1,7,37.0,109.0,CP,CP_lesioned,CP_lesioned,2,3
s3,GCGAGGCCCGAGCAGA-1,7,37.0,47.0,CP,CP_intact,CP_intact,2,2
s3,GCGAGTTCTGCAAAGA-1,6,35.0,63.0,LSX,LSX,LSX,4,5
s3,GCGATTGTTAACGTTA-1,0,37.0,77.0,LSX,LSX,LSX,4,5
s3,GCGCAAGAGCGCGCTG-1,7,40.0,100.0,CP,CP_lesioned,CP_lesioned,2,3
s3,GCGCATCCAGTCAGCA-1,4,29.0,95.0,cc,cc,cc,9,10
s3,GCGCCGTTCCACGATA-1,6,41.0,65.0,LSX,LSX,LSX,4,5
s3,GCGCCTCCCACTCCGA-1,7,48.0,110.0,CP,CP_lesioned,CP_lesioned,2,3
s3,GCGCGTCATTGGTACA-1,6,57.0,83.0,MSC,MSC,MSC,5,6
s3,GCGCTAATTGAATAGA-1,0,34.0,70.0,VL,VL,VL,7,8
s3,GCGCTATGCCGAGGCA-1,7,43.0,47.0,CP,CP_intact,CP_intact,2,2
s3,GCGCTCGATCACCTGT-1,8,45.0,125.0,CP,CP_lesioned,CP_lesioned,2,3
s3,GCGCTGCTTTGCATTT-1,5,28.0,94.0,cc,cc,cc,9,10
s3,GCGCTTAAATAATTGG-1,3,57.0,89.0,ACB,ACB_lesioned,ACB_lesioned,1,1
s3,GCGGAGAGGGAGAACG-1,6,46.0,78.0,MSC,MSC,MSC,5,6
s3,GCGGCTCTGACGTACC-1,1,38.0,38.0,CP,CP_intact,CP_intact,2,2
s3,GCGGGAACCAGGCCCT-1,5,18.0,48.0,CTX,CTX,CTX,3,4
s3,GCGGGCATTACGATGC-1,9,31.0,119.0,CTX,CTX,CTX,3,4
s3,GCGGTAACCCAAATGA-1,0,7.0,23.0,CTX,CTX,CTX,3,4
s3,GCGGTCCCTAGACGCA-1,9,13.0,45.0,CTX,CTX,CTX,3,4
s3,GCGGTGAACTGCGCTC-1,9,20.0,94.0,CTX,CTX,CTX,3,4
s3,GCGGTGCGGAGCATCG-1,5,19.0,5.0,CTX,CTX,CTX,3,4
s3,GCGGTTCCCTATCATG-1,3,47.0,49.0,ACB,ACB_intact,ACB_intact,1,0
s3,GCGTAAATGGCCATAA-1,4,34.0,102.0,cc,cc,cc,9,10
s3,GCGTCGAAATGTCGGT-1,9,17.0,65.0,CTX,CTX,CTX,3,4
s3,GCGTCGCCAGGGTGAT-1,6,54.0,62.0,ACB,ACB_intact,ACB_intact,1,0
s3,GCGTCTAACCTCCTAA-1,9,32.0,126.0,CTX,CTX,CTX,3,4
s3,GCGTCTCTGCATTGGG-1,1,39.0,41.0,CP,CP_intact,CP_intact,2,2
s3,GCGTGGTACTGGGTTA-1,8,35.0,95.0,VL,VL,VL,7,8
s3,GCGTTATATTTGGAAC-1,1,31.0,13.0,CP,CP_intact,CP_intact,2,2
s3,GCTAAACCTGAGGTGA-1,1,23.0,23.0,CP,CP_intact,CP_intact,2,2
s3,GCTAACTGAAGTCTGA-1,6,58.0,88.0,ACB,ACB_lesioned,ACB_lesioned,1,1
s3,GCTAAGTAAAGGCGAT-1,1,27.0,13.0,CP,CP_intact,CP_intact,2,2
s3,GCTAAGTAGTTTCTCT-1,4,34.0,80.0,VL,VL,VL,7,8
s3,GCTAATACCGAATGCC-1,4,21.0,47.0,cc,cc,cc,9,10
s3,GCTACAATCGAGGATA-1,8,62.0,104.0,ACB,ACB_lesioned,ACB_lesioned,1,1
s3,GCTACAGTACGGACCG-1,1,40.0,14.0,OT,OT,OT,6,7
s3,GCTACGACTTATTGGG-1,6,43.0,69.0,LSX,LSX,LSX,4,5
s3,GCTACTATAGTAGAGT-1,3,50.0,94.0,VL,VL,VL,7,8
s3,GCTAGACCGTCTACTG-1,8,42.0,104.0,CP,CP_lesioned,CP_lesioned,2,3
s3,GCTAGAGTAGAGATGT-1,8,56.0,96.0,ACB,ACB_lesioned,ACB_lesioned,1,1
s3,GCTAGCACCTGGGCCA-1,4,39.0,121.0,cc,cc,cc,9,10
s3,GCTAGGCACCACGGAG-1,3,54.0,84.0,ACB,ACB_lesioned,ACB_lesioned,1,1
s3,GCTAGTAGAGCTTGTA-1,6,39.0,65.0,LSX,LSX,LSX,4,5
s3,GCTAGTTTCATTGAGG-1,5,17.0,37.0,CTX,CTX,CTX,3,4
s3,GCTATACGTCTCGGAC-1,3,52.0,88.0,ACB,ACB_lesioned,ACB_lesioned,1,1
s3,GCTATCATACTCATGG-1,6,54.0,78.0,MSC,MSC,MSC,5,6
s3,GCTATCGCGGCGCAAC-1,5,20.0,24.0,CTX,CTX,CTX,3,4
s3,GCTCAACCTCTTAGAG-1,5,17.0,9.0,CTX,CTX,CTX,3,4
s3,GCTCCATGAGTGCAGA-1,8,57.0,125.0,CP,CP_lesioned,CP_lesioned,2,3
s3,GCTCCCAGTCGGTCCA-1,7,43.0,109.0,CP,CP_lesioned,CP_lesioned,2,3
s3,GCTCCGCTCGCTTCAG-1,7,42.0,112.0,CP,CP_lesioned,CP_lesioned,2,3
s3,GCTCGCGGTTCCGCTC-1,7,25.0,13.0,cc,cc,cc,9,10
s3,GCTCGCTCATGTCCAA-1,7,41.0,99.0,CP,CP_lesioned,CP_lesioned,2,3
s3,GCTCGGAATTTAAAGC-1,9,22.0,84.0,CTX,CTX,CTX,3,4
s3,GCTCTAAACCCTGACG-1,5,24.0,58.0,cc,cc,cc,9,10
s3,GCTCTATGTTACGTGC-1,7,26.0,40.0,CP,CP_intact,CP_intact,2,2
s3,GCTCTCGGGTACCGAA-1,4,26.0,58.0,cc,cc,cc,9,10
s3,GCTGAACTCTCCAGGG-1,7,40.0,120.0,CP,CP_lesioned,CP_lesioned,2,3
s3,GCTGAGCAACGGTTCT-1,5,19.0,7.0,CTX,CTX,CTX,3,4
s3,GCTGAGGCGTGAGTAT-1,6,40.0,64.0,LSX,LSX,LSX,4,5
s3,GCTGCACGGTTTCTTA-1,6,41.0,73.0,LSX,LSX,LSX,4,5
s3,GCTGCGCCTCCCACGT-1,9,21.0,1.0,CTX,CTX,CTX,3,4
s3,GCTGCTACTGCGTAGC-1,6,51.0,75.0,MSC,MSC,MSC,5,6
s3,GCTGCTCTCCGGACAC-1,0,31.0,63.0,VL,VL,VL,7,8
s3,GCTGGCAGGTGCCGTG-1,2,26.0,2.0,CTX,CTX,CTX,3,4
s3,GCTGGCATATTCACCT-1,7,31.0,31.0,CP,CP_intact,CP_intact,2,2
s3,GCTGGCGGCGCATGCT-1,6,54.0,64.0,MSC,MSC,MSC,5,6
s3,GCTGTATTACTGGCCC-1,1,46.0,38.0,CP,CP_intact,CP_intact,2,2
s3,GCTGTTGCTACCGAAC-1,8,39.0,95.0,CP,CP_lesioned,CP_lesioned,2,3
s3,GCTTAATGTAACTAAC-1,6,42.0,84.0,LSX,LSX,LSX,4,5
s3,GCTTACGTAGTTAGTA-1,4,36.0,112.0,CP,CP_lesioned,CP_lesioned,2,3
s3,GCTTATGAAGCAGGAA-1,0,35.0,89.0,VL,VL,VL,7,8
s3,GCTTCCAGCTTAGATT-1,2,8.0,16.0,CTX,CTX,CTX,3,4
s3,GCTTCCGTCCCTAGAC-1,2,29.0,77.0,CTX,CTX,CTX,3,4
s3,GCTTGATGATAATCAG-1,4,22.0,36.0,cc,cc,cc,9,10
s3,GCTTGGATCGATTAGG-1,4,31.0,97.0,cc,cc,cc,9,10
s3,GCTTTACACAACTGGG-1,8,70.0,116.0,CTX,CTX,CTX,3,4
s3,GCTTTCAGAGGAGGTG-1,4,33.0,95.0,cc,cc,cc,9,10
s3,GGAAACTAAATGGGCC-1,8,60.0,102.0,ACB,ACB_lesioned,ACB_lesioned,1,1
s3,GGAAAGTGCCCATGCC-1,9,20.0,90.0,CTX,CTX,CTX,3,4
s3,GGAACCCGAACAAGAA-1,5,23.0,9.0,CTX,CTX,CTX,3,4
s3,GGAACCGTGTAAATTG-1,3,49.0,47.0,ACB,ACB_intact,ACB_intact,1,0
s3,GGAACGGCCTGCAGCC-1,7,25.0,15.0,CP,CP_intact,CP_intact,2,2
s3,GGAACTTTGGCGATTA-1,8,60.0,110.0,CP,CP_lesioned,CP_lesioned,2,3
s3,GGAATGCGCTAGCGTG-1,4,32.0,82.0,cc,cc,cc,9,10
s3,GGACAACCATGAAGCC-1,8,70.0,102.0,OT,OT,OT,6,7
s3,GGACAAGTTGCAGTGA-1,2,33.0,7.0,CTX,CTX,CTX,3,4
s3,GGACACAAGTTTACAC-1,7,47.0,111.0,CP,CP_lesioned,CP_lesioned,2,3
s3,GGACCAACAGGATAAC-1,6,51.0,67.0,ACB,ACB_intact,ACB_intact,1,0
s3,GGACGGGCGACCAACC-1,8,67.0,117.0,CTX,CTX,CTX,3,4
s3,GGACTAAGTCAGGAGT-1,9,27.0,5.0,CTX,CTX,CTX,3,4
s3,GGACTCACAAATTAGG-1,8,49.0,121.0,CP,CP_lesioned,CP_lesioned,2,3
s3,GGACTCGAAGCTTTCA-1,9,60.0,124.0,CTX,CTX,CTX,3,4
s3,GGACTCTTCCGGTTGA-1,8,57.0,123.0,CP,CP_lesioned,CP_lesioned,2,3
s3,GGAGAAGTCATTGGCA-1,7,23.0,41.0,CP,CP_intact,CP_intact,2,2
s3,GGAGACGACACCTTTG-1,6,43.0,67.0,LSX,LSX,LSX,4,5
s3,GGAGCAACATTTCAAG-1,8,57.0,103.0,ACB,ACB_lesioned,ACB_lesioned,1,1
s3,GGAGCACCAAGAACTA-1,2,26.0,82.0,CTX,CTX,CTX,3,4
s3,GGAGGCCGAAGTCGTC-1,8,40.0,116.0,CP,CP_lesioned,CP_lesioned,2,3
s3,GGAGGGCTTGGTTGGC-1,4,32.0,78.0,cc,cc,cc,9,10
s3,GGAGGGTCAAGTAAGA-1,8,62.0,114.0,CP,CP_lesioned,CP_lesioned,2,3
s3,GGAGTACACATGAGCT-1,9,14.0,2.0,CTX,CTX,CTX,3,4
s3,GGAGTGCCGCCCTGGA-1,5,19.0,53.0,CTX,CTX,CTX,3,4
s3,GGAGTTGATTCTGTGT-1,8,68.0,112.0,CTX,CTX,CTX,3,4
s3,GGATACTCATGAATTG-1,2,9.0,45.0,CTX,CTX,CTX,3,4
s3,GGATCCCTACCAGCTA-1,2,8.0,12.0,CTX,CTX,CTX,3,4
s3,GGATCCGGAATATACT-1,4,34.0,82.0,VL,VL,VL,7,8
s3,GGATGAAGATCGCTGA-1,8,42.0,94.0,CP,CP_lesioned,CP_lesioned,2,3
s3,GGATGACGCGAGTTTA-1,7,37.0,45.0,CP,CP_intact,CP_intact,2,2
s3,GGATGCTGGCGTTCCT-1,1,39.0,19.0,OT,OT,OT,6,7
s3,GGATGGCTTGAAGTAT-1,8,68.0,98.0,OT,OT,OT,6,7
s3,GGATGTCCTTACCGCA-1,0,35.0,91.0,VL,VL,VL,7,8
s3,GGATTCAGTACGGTGG-1,5,19.0,33.0,CTX,CTX,CTX,3,4
s3,GGATTCCGCTATACCC-1,2,19.0,81.0,CTX,CTX,CTX,3,4
s3,GGATTGCTGTGACTCC-1,6,60.0,84.0,MSC,MSC,MSC,5,6
s3,GGATTTCACTTCTATA-1,5,31.0,83.0,cc,cc,cc,9,10
s3,GGCAAATTACTTTACT-1,7,41.0,53.0,ACB,ACB_intact,ACB_intact,1,0
s3,GGCAAGGCGAAATAGC-1,6,45.0,69.0,LSX,LSX,LSX,4,5
s3,GGCAATAGTCAATGAG-1,4,30.0,70.0,cc,cc,cc,9,10
s3,GGCACTCAGCCGACCC-1,8,55.0,123.0,CP,CP_lesioned,CP_lesioned,2,3
s3,GGCACTCCACTGGGCA-1,7,34.0,46.0,CP,CP_intact,CP_intact,2,2
s3,GGCACTGCGGTGGTTT-1,8,70.0,110.0,CTX,CTX,CTX,3,4
s3,GGCAGAGAGATCGGGA-1,2,35.0,3.0,CTX,CTX,CTX,3,4
s3,GGCAGCAAACCTATGC-1,8,51.0,103.0,CP,CP_lesioned,CP_lesioned,2,3
s3,GGCATACAGGTAGCGG-1,1,34.0,32.0,CP,CP_intact,CP_intact,2,2
s3,GGCATATCGGTTCTGC-1,2,17.0,83.0,CTX,CTX,CTX,3,4
s3,GGCCACACGAAAGCCT-1,9,22.0,2.0,CTX,CTX,CTX,3,4
s3,GGCCCGGAGCATGTCT-1,5,35.0,119.0,CTX,CTX,CTX,3,4
s3,GGCCCGTATACCATGC-1,2,27.0,119.0,CTX,CTX,CTX,3,4
s3,GGCCCTCACCCACTTA-1,1,37.0,23.0,CP,CP_intact,CP_intact,2,2
s3,GGCCGCAGGAACCGCA-1,8,68.0,116.0,CTX,CTX,CTX,3,4
s3,GGCCTGCTTCTCCCGA-1,8,59.0,113.0,CP,CP_lesioned,CP_lesioned,2,3
s3,GGCCTTTGCAACTGGC-1,2,36.0,8.0,CTX,CTX,CTX,3,4
s3,GGCGAAATCTAACTTG-1,6,43.0,87.0,LSX,LSX,LSX,4,5
s3,GGCGCAGGACATCTTC-1,1,37.0,27.0,CP,CP_intact,CP_intact,2,2
s3,GGCGCATGAATTGATG-1,7,42.0,54.0,ACB,ACB_intact,ACB_intact,1,0
s3,GGCGCGGAGATCTTTC-1,6,58.0,86.0,ACB,ACB_lesioned,ACB_lesioned,1,1
s3,GGCGCGTTCGAGTTTA-1,3,47.0,59.0,ACB,ACB_intact,ACB_intact,1,0
s3,GGCGCTCCTCATCAAT-1,5,17.0,19.0,CTX,CTX,CTX,3,4
s3,GGCGGAGTAATATTAG-1,1,32.0,46.0,CP,CP_intact,CP_intact,2,2
s3,GGCGGTAGGATCATTG-1,4,31.0,69.0,cc,cc,cc,9,10
s3,GGCGGTTTGCCGGTGC-1,9,15.0,11.0,CTX,CTX,CTX,3,4
s3,GGCGTAGGGAAAGCTG-1,6,64.0,82.0,MSC,MSC,MSC,5,6
s3,GGCGTCCTATCCGCTG-1,7,31.0,33.0,CP,CP_intact,CP_intact,2,2
s3,GGCTATTAAGTTGTAT-1,1,33.0,41.0,CP,CP_intact,CP_intact,2,2
s3,GGCTCGCGTTGAGGTA-1,4,31.0,93.0,cc,cc,cc,9,10
s3,GGCTCGTGCCACCAGC-1,4,20.0,38.0,cc,cc,cc,9,10
s3,GGCTCTGCTCCAACGC-1,0,26.0,72.0,CTX,CTX,CTX,3,4
s3,GGCTGAAATAGCAAAG-1,6,49.0,79.0,MSC,MSC,MSC,5,6
s3,GGCTGGCTAGCTTAAA-1,9,11.0,29.0,CTX,CTX,CTX,3,4
s3,GGCTTGGCTCTCACCT-1,9,24.0,2.0,CTX,CTX,CTX,3,4
s3,GGGAAAGAATGCCAAC-1,8,70.0,108.0,CTX,CTX,CTX,3,4
s3,GGGAACGGGAGGTTAG-1,1,39.0,37.0,CP,CP_intact,CP_intact,2,2
s3,GGGAAGGGCTTTCTCA-1,6,63.0,87.0,MSC,MSC,MSC,5,6
s3,GGGAATTCTGTCCAGT-1,2,28.0,4.0,CTX,CTX,CTX,3,4
s3,GGGAGAACTCACAGTA-1,0,32.0,64.0,VL,VL,VL,7,8
s3,GGGAGGATGCCCGAAA-1,7,37.0,51.0,CP,CP_intact,CP_intact,2,2
s3,GGGAGTAATGGCTGGC-1,2,10.0,42.0,CTX,CTX,CTX,3,4
s3,GGGAGTTAATGAGGCG-1,4,33.0,75.0,cc,cc,cc,9,10
s3,GGGATACGGTAATAAT-1,5,21.0,7.0,CTX,CTX,CTX,3,4
s3,GGGATGGTCGTAACCG-1,3,47.0,43.0,ACB,ACB_intact,ACB_intact,1,0
s3,GGGATTTACCGCACCT-1,3,42.0,90.0,ACB,ACB_lesioned,ACB_lesioned,1,1
s3,GGGCACGAATTGGCCG-1,9,29.0,1.0,CTX,CTX,CTX,3,4
s3,GGGCCCGTCTTAAACA-1,4,42.0,52.0,aco,aco,aco,8,9
s3,GGGCCCTACGAAAGGG-1,1,38.0,16.0,OT,OT,OT,6,7
s3,GGGCCCTTATCTATAC-1,2,33.0,5.0,CTX,CTX,CTX,3,4
s3,GGGCCGGCCGAAGTAC-1,0,36.0,84.0,VL,VL,VL,7,8
s3,GGGCGAATTTCTCCAC-1,5,17.0,7.0,CTX,CTX,CTX,3,4
s3,GGGCGATATGTGTGAA-1,4,28.0,58.0,VL,VL,VL,7,8
s3,GGGCGCAGCGTTACTC-1,5,34.0,120.0,CTX,CTX,CTX,3,4
s3,GGGCGGCAAATGAATT-1,3,49.0,45.0,ACB,ACB_intact,ACB_intact,1,0
s3,GGGCGGGTTCCCTACG-1,1,43.0,37.0,CP,CP_intact,CP_intact,2,2
s3,GGGCGGTCCTATTGTC-1,9,14.0,28.0,CTX,CTX,CTX,3,4
s3,GGGCGTACATTTATAT-1,4,24.0,54.0,cc,cc,cc,9,10
s3,GGGCGTCACCACGTAA-1,3,48.0,50.0,ACB,ACB_intact,ACB_intact,1,0
s3,GGGCGTGGTTTCCCAG-1,6,61.0,81.0,MSC,MSC,MSC,5,6
s3,GGGCTCATCGAACCCA-1,5,25.0,89.0,CTX,CTX,CTX,3,4
s3,GGGCTGCCTAGGGCGA-1,0,33.0,69.0,VL,VL,VL,7,8
s3,GGGCTGGTTAGTCGCG-1,7,31.0,51.0,CP,CP_intact,CP_intact,2,2
s3,GGGTAATGCTGTGTTT-1,2,9.0,21.0,CTX,CTX,CTX,3,4
s3,GGGTACCCACGGTCCT-1,9,14.0,26.0,CTX,CTX,CTX,3,4
s3,GGGTACTTCATGAACT-1,1,37.0,39.0,CP,CP_intact,CP_intact,2,2
s3,GGGTATGTATGCACTT-1,7,28.0,28.0,CP,CP_intact,CP_intact,2,2
s3,GGGTCACCGTGACGGT-1,7,35.0,47.0,CP,CP_intact,CP_intact,2,2
s3,GGGTCATGCGTACCAT-1,5,22.0,14.0,CTX,CTX,CTX,3,4
s3,GGGTCGTGGCAAGTGT-1,9,25.0,107.0,CTX,CTX,CTX,3,4
s3,GGGTCTATCGCTTTCC-1,8,63.0,113.0,CP,CP_lesioned,CP_lesioned,2,3
s3,GGGTGACACCTTAACT-1,3,46.0,56.0,ACB,ACB_intact,ACB_intact,1,0
s3,GGGTGCATATGAAAGC-1,5,30.0,112.0,CTX,CTX,CTX,3,4
s3,GGGTGTTTCAGCTATG-1,2,16.0,68.0,CTX,CTX,CTX,3,4
s3,GGGTTCAGACGAACAA-1,5,19.0,19.0,CTX,CTX,CTX,3,4
s3,GGGTTTAGGATAGGAT-1,7,43.0,107.0,CP,CP_lesioned,CP_lesioned,2,3
s3,GGTAAACTCTGCGCTG-1,6,66.0,114.0,CTX,CTX,CTX,3,4
s3,GGTAACTATGTATCTG-1,9,12.0,44.0,CTX,CTX,CTX,3,4
s3,GGTACAAACATGCTAT-1,3,40.0,54.0,ACB,ACB_intact,ACB_intact,1,0
s3,GGTACATCTGGGACGA-1,1,38.0,18.0,OT,OT,OT,6,7
s3,GGTACCATTAAGACGG-1,5,29.0,105.0,CTX,CTX,CTX,3,4
s3,GGTACGTTGCGGCCGG-1,5,66.0,112.0,CTX,CTX,CTX,3,4
s3,GGTACTAAGTGCTTTG-1,8,51.0,123.0,CP,CP_lesioned,CP_lesioned,2,3
s3,GGTAGAAGACCGCCTG-1,6,53.0,71.0,MSC,MSC,MSC,5,6
s3,GGTAGACCGTTGGGCG-1,6,53.0,53.0,ACB,ACB_intact,ACB_intact,1,0
s3,GGTAGTGCTCGCACCA-1,0,34.0,72.0,VL,VL,VL,7,8
s3,GGTATAGTGACACATA-1,5,34.0,114.0,CTX,CTX,CTX,3,4
s3,GGTATTGCCGAGTTTA-1,7,33.0,53.0,CP,CP_intact,CP_intact,2,2
s3,GGTCAAGACTACTTCG-1,8,53.0,105.0,CP,CP_lesioned,CP_lesioned,2,3
s3,GGTCAGTGGGTCCCAC-1,3,48.0,62.0,ACB,ACB_intact,ACB_intact,1,0
s3,GGTCCTTCATACGACT-1,9,13.0,9.0,CTX,CTX,CTX,3,4
s3,GGTCGGATAAACGGCG-1,9,23.0,97.0,CTX,CTX,CTX,3,4
s3,GGTCGGCCAGGAGCTT-1,4,32.0,84.0,cc,cc,cc,9,10
s3,GGTCGGTAATTAGACA-1,2,12.0,36.0,CTX,CTX,CTX,3,4
s3,GGTCTCCAAGTAGTGC-1,8,49.0,125.0,CP,CP_lesioned,CP_lesioned,2,3
s3,GGTCTCCGTCCAGGTT-1,8,63.0,101.0,ACB,ACB_lesioned,ACB_lesioned,1,1
s3,GGTCTGAGAATCTGGA-1,2,30.0,80.0,CTX,CTX,CTX,3,4
s3,GGTGAACGGGCTAGCC-1,2,8.0,32.0,CTX,CTX,CTX,3,4
s3,GGTGACTGATAGAGAG-1,2,64.0,126.0,CTX,CTX,CTX,3,4
s3,GGTGAGATGCAGATAA-1,9,16.0,36.0,CTX,CTX,CTX,3,4
s3,GGTGATAAGGAGCAGT-1,0,37.0,79.0,ACB,ACB_lesioned,ACB_lesioned,1,1
s3,GGTGATGAAGGAAGTG-1,2,31.0,1.0,CTX,CTX,CTX,3,4
s3,GGTGATTTCATCTTGT-1,2,9.0,39.0,CTX,CTX,CTX,3,4
s3,GGTGCGGATAAGTGGC-1,9,16.0,46.0,CTX,CTX,CTX,3,4
s3,GGTGCTGATCACAAAG-1,1,27.0,21.0,CP,CP_intact,CP_intact,2,2
s3,GGTGCTGGTACACATT-1,3,42.0,46.0,CP,CP_intact,CP_intact,2,2
s3,GGTGGACTGCTCTGGC-1,3,55.0,85.0,ACB,ACB_lesioned,ACB_lesioned,1,1
s3,GGTGGAGGTTGATACG-1,8,44.0,122.0,CP,CP_lesioned,CP_lesioned,2,3
s3,GGTGTTGGGCGTCTTA-1,8,49.0,123.0,CP,CP_lesioned,CP_lesioned,2,3
s3,GGTTACCACCCTCGGG-1,1,45.0,33.0,CP,CP_intact,CP_intact,2,2
s3,GGTTACCCGACACTTT-1,9,33.0,123.0,CTX,CTX,CTX,3,4
s3,GGTTAGCTATATGTCT-1,3,47.0,87.0,LSX,LSX,LSX,4,5
s3,GGTTAGGCTTGGAGAA-1,7,28.0,36.0,CP,CP_intact,CP_intact,2,2
s3,GGTTAGTTACGGCGCC-1,7,27.0,23.0,CP,CP_intact,CP_intact,2,2
s3,GGTTCTACTCGTCTGA-1,7,39.0,105.0,CP,CP_lesioned,CP_lesioned,2,3
s3,GGTTGTGCTCTTGTCC-1,5,24.0,10.0,CTX,CTX,CTX,3,4
s3,GGTTGTGTAGCCTGGC-1,1,33.0,13.0,CP,CP_intact,CP_intact,2,2
s3,GGTTTAATTGAGCAGG-1,9,26.0,116.0,CTX,CTX,CTX,3,4
s3,GGTTTACAATCTCAAT-1,0,25.0,73.0,CTX,CTX,CTX,3,4
s3,GGTTTAGCCTTTCTTG-1,7,46.0,102.0,CP,CP_lesioned,CP_lesioned,2,3
s3,GGTTTCAATCGGTCAG-1,4,33.0,91.0,cc,cc,cc,9,10
s3,GGTTTGAGTGCTGGAA-1,2,12.0,42.0,CTX,CTX,CTX,3,4
s3,GGTTTGTGACCTGAGG-1,8,61.0,105.0,CP,CP_lesioned,CP_lesioned,2,3
s3,GTAACATCTAAGATAA-1,8,56.0,110.0,CP,CP_lesioned,CP_lesioned,2,3
s3,GTAACTTGCGGCAGTC-1,2,10.0,40.0,CTX,CTX,CTX,3,4
s3,GTAAGCGGGCAGTCAG-1,2,23.0,63.0,CTX,CTX,CTX,3,4
s3,GTAAGTAACAGTCTGG-1,6,40.0,82.0,LSX,LSX,LSX,4,5
s3,GTAAGTAGGGTATACC-1,7,26.0,36.0,CP,CP_intact,CP_intact,2,2
s3,GTAAGTCCACACTCTA-1,8,43.0,119.0,CP,CP_lesioned,CP_lesioned,2,3
s3,GTAATAAAGGGCTCCC-1,4,31.0,103.0,cc,cc,cc,9,10
s3,GTACACTTACCTGAAG-1,6,36.0,64.0,LSX,LSX,LSX,4,5
s3,GTACAGAGGCAAGGGT-1,0,37.0,83.0,VL,VL,VL,7,8
s3,GTACGACGGCGCTGCG-1,9,12.0,26.0,CTX,CTX,CTX,3,4
s3,GTACGAGATTGCGACA-1,5,21.0,57.0,CTX,CTX,CTX,3,4
s3,GTACGCTTCATTGCAC-1,6,46.0,72.0,LSX,LSX,LSX,4,5
s3,GTACGTTTGCCCGTCA-1,6,44.0,68.0,LSX,LSX,LSX,4,5
s3,GTACTAAGATTTGGAG-1,0,27.0,55.0,ACB,ACB_intact,ACB_intact,1,0
s3,GTACTCCCTTATCGCT-1,1,36.0,28.0,CP,CP_intact,CP_intact,2,2
s3,GTACTCCTGGGTATGC-1,9,26.0,102.0,CTX,CTX,CTX,3,4
s3,GTACTGAGGTCGTAAC-1,9,11.0,47.0,CTX,CTX,CTX,3,4
s3,GTACTGCATGAAGCGT-1,2,11.0,39.0,CTX,CTX,CTX,3,4
s3,GTACTGGAGTTAGACC-1,4,33.0,81.0,cc,cc,cc,9,10
s3,GTACTTGGGCACTTCT-1,5,17.0,33.0,CTX,CTX,CTX,3,4
s3,GTAGAAACGGGTGGAG-1,7,24.0,16.0,CP,CP_intact,CP_intact,2,2
s3,GTAGACGTCGTTACAT-1,9,13.0,39.0,CTX,CTX,CTX,3,4
s3,GTAGCCAAACATGGGA-1,6,50.0,70.0,LSX,LSX,LSX,4,5
s3,GTAGCGGCTATACACT-1,6,39.0,69.0,LSX,LSX,LSX,4,5
s3,GTAGCTTCCTCTTGTT-1,4,31.0,89.0,cc,cc,cc,9,10
s3,GTAGGTGATCCGTGTA-1,2,17.0,79.0,CTX,CTX,CTX,3,4
s3,GTAGTCGCGGGAATCA-1,6,49.0,81.0,MSC,MSC,MSC,5,6
s3,GTAGTGAGCAACCTCA-1,8,69.0,113.0,CTX,CTX,CTX,3,4
s3,GTATAATCTCCCGGAT-1,5,14.0,12.0,CTX,CTX,CTX,3,4
s3,GTATAGGACTCAGTAG-1,5,20.0,58.0,CTX,CTX,CTX,3,4
s3,GTATCAAACGTTAGCT-1,4,55.0,97.0,aco,aco,aco,8,9
s3,GTATCAGCTTGGGTTC-1,4,20.0,34.0,cc,cc,cc,9,10
s3,GTATCCTTTGGTAACC-1,6,64.0,92.0,OT,OT,OT,6,7
s3,GTATCTTTCATAACCA-1,3,46.0,66.0,ACB,ACB_intact,ACB_intact,1,0
s3,GTATGACGTGGGAAAC-1,0,7.0,29.0,CTX,CTX,CTX,3,4
s3,GTATGTGGGTCTAGTT-1,0,38.0,92.0,VL,VL,VL,7,8
s3,GTATTAAGGCGTCTAA-1,5,20.0,26.0,CTX,CTX,CTX,3,4
s3,GTATTCTTACCGTGCT-1,0,7.0,21.0,CTX,CTX,CTX,3,4
s3,GTATTTAATGGCATAA-1,8,52.0,120.0,CP,CP_lesioned,CP_lesioned,2,3
s3,GTCAAAGTTTACATAG-1,9,13.0,29.0,CTX,CTX,CTX,3,4
s3,GTCAACCAGGCCTATA-1,8,65.0,103.0,CP,CP_lesioned,CP_lesioned,2,3
s3,GTCAAGCGGACTCGGG-1,6,39.0,77.0,LSX,LSX,LSX,4,5
s3,GTCACTCTCCAAATCT-1,7,23.0,31.0,CP,CP_intact,CP_intact,2,2
s3,GTCAGAATAGTCTATG-1,7,30.0,32.0,CP,CP_intact,CP_intact,2,2
s3,GTCAGACAGCGTTGGA-1,2,8.0,4.0,CTX,CTX,CTX,3,4
s3,GTCAGTTTGGTAGTCG-1,1,29.0,13.0,CP,CP_intact,CP_intact,2,2
s3,GTCATCTCCTACAGCT-1,9,12.0,12.0,CTX,CTX,CTX,3,4
s3,GTCATGCACCTCCGTT-1,4,29.0,61.0,cc,cc,cc,9,10
s3,GTCATGCGCGAGGGCT-1,8,64.0,98.0,ACB,ACB_lesioned,ACB_lesioned,1,1
s3,GTCATGGACATGACTA-1,5,26.0,62.0,CTX,CTX,CTX,3,4
s3,GTCATTAGAGCGAACG-1,6,37.0,67.0,LSX,LSX,LSX,4,5
s3,GTCATTGCATTGACCC-1,1,31.0,17.0,CP,CP_intact,CP_intact,2,2
s3,GTCCACGTCGCATTCG-1,6,64.0,118.0,CTX,CTX,CTX,3,4
s3,GTCCATTACTGCTACG-1,7,42.0,106.0,CP,CP_lesioned,CP_lesioned,2,3
s3,GTCCCAACGTAAAGTA-1,4,33.0,73.0,cc,cc,cc,9,10
s3,GTCCCGCGACGTTATG-1,6,58.0,82.0,MSC,MSC,MSC,5,6
s3,GTCCGAGAGCAATCAT-1,2,32.0,8.0,CTX,CTX,CTX,3,4
s3,GTCCGGACCTGAAATT-1,3,54.0,88.0,ACB,ACB_lesioned,ACB_lesioned,1,1
s3,GTCCGGCTGAATTGCG-1,1,28.0,52.0,CP,CP_intact,CP_intact,2,2
s3,GTCCTACAGGCGGCTC-1,5,18.0,16.0,CTX,CTX,CTX,3,4
s3,GTCCTACGAATAGTCT-1,3,53.0,91.0,ACB,ACB_lesioned,ACB_lesioned,1,1
s3,GTCCTATTGTTGTGGT-1,2,29.0,7.0,CTX,CTX,CTX,3,4
s3,GTCCTTCTACAACCCA-1,5,22.0,6.0,CTX,CTX,CTX,3,4
s3,GTCGATAGGTGACTTT-1,8,53.0,121.0,CP,CP_lesioned,CP_lesioned,2,3
s3,GTCGCGTAACCCGTTG-1,6,39.0,75.0,LSX,LSX,LSX,4,5
s3,GTCGGATATCTCAGAC-1,1,32.0,36.0,CP,CP_intact,CP_intact,2,2
s3,GTCGGATGTAGCGCGC-1,2,17.0,77.0,CTX,CTX,CTX,3,4
s3,GTCGTACCATCTCGGG-1,3,46.0,62.0,ACB,ACB_intact,ACB_intact,1,0
s3,GTCGTACCTACGATTG-1,2,37.0,9.0,CTX,CTX,CTX,3,4
s3,GTCGTCAATTATAAGG-1,9,11.0,45.0,CTX,CTX,CTX,3,4
s3,GTCGTCTGGTTGGCTA-1,9,30.0,122.0,CTX,CTX,CTX,3,4
s3,GTCGTGTCTGGTCATC-1,9,28.0,110.0,CTX,CTX,CTX,3,4
s3,GTCGTTATTCGCTTAT-1,6,46.0,76.0,MSC,MSC,MSC,5,6
s3,GTCTACTCAATTACAA-1,1,37.0,13.0,CP,CP_intact,CP_intact,2,2
s3,GTCTAGTGAGCCGCTT-1,6,66.0,92.0,OT,OT,OT,6,7
s3,GTCTATCTGAGTTTCT-1,1,40.0,42.0,CP,CP_intact,CP_intact,2,2
s3,GTCTATTGCATGCTCG-1,8,65.0,105.0,CP,CP_lesioned,CP_lesioned,2,3
s3,GTCTATTGGTTCCGGT-1,3,50.0,90.0,ACB,ACB_lesioned,ACB_lesioned,1,1
s3,GTCTCGACTAAGTTTG-1,9,25.0,111.0,CTX,CTX,CTX,3,4
s3,GTCTCGATCTGCTTTC-1,2,20.0,80.0,CTX,CTX,CTX,3,4
s3,GTCTGGGCGGTCGAGA-1,3,46.0,44.0,ACB,ACB_intact,ACB_intact,1,0
s3,GTCTTGAGGAGCAGTG-1,7,38.0,116.0,CP,CP_lesioned,CP_lesioned,2,3
s3,GTCTTGTAGCTATTCA-1,8,44.0,112.0,CP,CP_lesioned,CP_lesioned,2,3
s3,GTGAAACGGCGCCACC-1,5,24.0,88.0,CTX,CTX,CTX,3,4
s3,GTGAAACGTGCTCCAC-1,2,11.0,37.0,CTX,CTX,CTX,3,4
s3,GTGAACTCCCATTCGA-1,5,30.0,104.0,CTX,CTX,CTX,3,4
s3,GTGACCGCACACTACG-1,0,39.0,91.0,VL,VL,VL,7,8
s3,GTGACCTAAAGAATAA-1,9,30.0,124.0,CTX,CTX,CTX,3,4
s3,GTGACGAGGGTGACCC-1,9,32.0,114.0,CTX,CTX,CTX,3,4
s3,GTGACTTCAGTAGTGC-1,3,46.0,50.0,ACB,ACB_intact,ACB_intact,1,0
s3,GTGAGCGTGCTGCACT-1,1,33.0,25.0,CP,CP_intact,CP_intact,2,2
s3,GTGAGGACACTTAAGG-1,6,41.0,77.0,LSX,LSX,LSX,4,5
s3,GTGAGTCGACTAATAG-1,8,71.0,113.0,CTX,CTX,CTX,3,4
s3,GTGAGTCTAAGACGGA-1,5,25.0,11.0,CTX,CTX,CTX,3,4
s3,GTGAGTGGTACAACGC-1,3,52.0,56.0,ACB,ACB_intact,ACB_intact,1,0
s3,GTGATCACTAACGCCT-1,7,47.0,97.0,CP,CP_lesioned,CP_lesioned,2,3
s3,GTGATCATAGATCTGC-1,3,45.0,57.0,ACB,ACB_intact,ACB_intact,1,0
s3,GTGATCCTTGTCATGA-1,6,62.0,84.0,MSC,MSC,MSC,5,6
s3,GTGCAACAAATGTGGC-1,2,14.0,62.0,CTX,CTX,CTX,3,4
s3,GTGCACGAAAGTGACT-1,2,17.0,71.0,CTX,CTX,CTX,3,4
s3,GTGCAGCGTAGAGTAG-1,8,52.0,124.0,CP,CP_lesioned,CP_lesioned,2,3
s3,GTGCCATCACACGGTG-1,1,42.0,34.0,CP,CP_intact,CP_intact,2,2
s3,GTGCCCGTTCGGATTC-1,6,39.0,85.0,LSX,LSX,LSX,4,5
s3,GTGCCGCTTCAAAGGT-1,1,44.0,44.0,CP,CP_intact,CP_intact,2,2
s3,GTGCCTAGCTATGCTT-1,9,13.0,11.0,CTX,CTX,CTX,3,4
s3,GTGCGAAATCGAACAC-1,3,45.0,43.0,ACB,ACB_intact,ACB_intact,1,0
s3,GTGCGACAGGGAGTGT-1,7,36.0,100.0,CP,CP_lesioned,CP_lesioned,2,3
s3,GTGCGGGTCTCCAAAT-1,5,20.0,56.0,CTX,CTX,CTX,3,4
s3,GTGCGTGTATATGAGC-1,6,41.0,83.0,LSX,LSX,LSX,4,5
s3,GTGCTCAAGTACTGTC-1,7,34.0,52.0,CP,CP_intact,CP_intact,2,2
s3,GTGCTGCAGATAAGGA-1,2,37.0,7.0,CTX,CTX,CTX,3,4
s3,GTGCTTACATCAGCGC-1,8,46.0,116.0,CP,CP_lesioned,CP_lesioned,2,3
s3,GTGGACGCATTTGTCC-1,6,56.0,64.0,MSC,MSC,MSC,5,6
s3,GTGGACGTGCTGAGAC-1,5,17.0,39.0,CTX,CTX,CTX,3,4
s3,GTGGAGCATGTCGGCC-1,5,37.0,125.0,CTX,CTX,CTX,3,4
s3,GTGGCCTAATATCATT-1,2,35.0,1.0,CTX,CTX,CTX,3,4
s3,GTGGCGGTCCCAGCGT-1,1,40.0,20.0,OT,OT,OT,6,7
s3,GTGGGCTTAGACACAC-1,1,29.0,39.0,CP,CP_intact,CP_intact,2,2
s3,GTGGTGATGGTTTGTG-1,8,54.0,126.0,CP,CP_lesioned,CP_lesioned,2,3
s3,GTGGTGGCCAAGTGAA-1,6,45.0,79.0,MSC,MSC,MSC,5,6
s3,GTGGTTACTTCTTTCG-1,5,31.0,105.0,cc,cc,cc,9,10
s3,GTGGTTTCCGCCTTTC-1,1,42.0,32.0,CP,CP_intact,CP_intact,2,2
s3,GTGTACCTTGGCTACG-1,2,26.0,78.0,CTX,CTX,CTX,3,4
s3,GTGTATATCAGCGGGC-1,6,58.0,76.0,MSC,MSC,MSC,5,6
s3,GTGTCGTATAGCGTTC-1,6,54.0,76.0,MSC,MSC,MSC,5,6
s3,GTGTGAATAACTTAGG-1,4,33.0,83.0,cc,cc,cc,9,10
s3,GTGTGTCGACGTCGCT-1,9,15.0,3.0,CTX,CTX,CTX,3,4
s3,GTGTTACTATGCGTCC-1,6,41.0,75.0,LSX,LSX,LSX,4,5
s3,GTTAAAGTAGGACTGG-1,6,49.0,83.0,LSX,LSX,LSX,4,5
s3,GTTAACATCACTTAAA-1,6,55.0,73.0,MSC,MSC,MSC,5,6
s3,GTTAACTATGTTGTCA-1,7,43.0,111.0,CP,CP_lesioned,CP_lesioned,2,3
s3,GTTAAGTTAGAGTGGG-1,4,36.0,116.0,cc,cc,cc,9,10
s3,GTTAATGTCTATCTTA-1,7,30.0,12.0,CP,CP_intact,CP_intact,2,2
s3,GTTACAATTGGTGACG-1,1,37.0,33.0,CP,CP_intact,CP_intact,2,2
s3,GTTACCTACAACTTGC-1,3,47.0,67.0,ACB,ACB_intact,ACB_intact,1,0
s3,GTTACTTTGGGCCTAG-1,4,43.0,51.0,aco,aco,aco,8,9
s3,GTTAGCCGTAAATCAA-1,5,30.0,110.0,CTX,CTX,CTX,3,4
s3,GTTATAATACGGTGAA-1,8,53.0,107.0,CP,CP_lesioned,CP_lesioned,2,3
s3,GTTATATTATCTCCCT-1,3,48.0,56.0,ACB,ACB_intact,ACB_intact,1,0
s3,GTTATCAAGCTATCGA-1,8,71.0,103.0,CTX,CTX,CTX,3,4
s3,GTTATTAACGTGGGAG-1,4,22.0,18.0,cc,cc,cc,9,10
s3,GTTCACAGGAGTCTAG-1,1,32.0,34.0,CP,CP_intact,CP_intact,2,2
s3,GTTCATCGTTTGGCTG-1,4,33.0,105.0,cc,cc,cc,9,10
s3,GTTCCAGTCTGACCAT-1,5,17.0,53.0,CTX,CTX,CTX,3,4
s3,GTTCCCGTAAACATAT-1,8,59.0,119.0,CP,CP_lesioned,CP_lesioned,2,3
s3,GTTCGCCATAAGTGCC-1,7,37.0,53.0,CP,CP_intact,CP_intact,2,2
s3,GTTCGCTGAGACGTCT-1,8,53.0,109.0,CP,CP_lesioned,CP_lesioned,2,3
s3,GTTCGGAGCACTCAAC-1,6,64.0,114.0,CTX,CTX,CTX,3,4
s3,GTTCGGATCGGGAACA-1,7,44.0,110.0,CP,CP_lesioned,CP_lesioned,2,3
s3,GTTCGGGCGTACCATT-1,5,32.0,108.0,CTX,CTX,CTX,3,4
s3,GTTCGTCTAAAGAACT-1,3,51.0,89.0,ACB,ACB_lesioned,ACB_lesioned,1,1
s3,GTTCTTCCCTCGATGT-1,9,15.0,51.0,CTX,CTX,CTX,3,4
s3,GTTGAACCGGTTCCAT-1,1,42.0,40.0,CP,CP_intact,CP_intact,2,2
s3,GTTGAGTCCCGCCGGT-1,6,52.0,78.0,MSC,MSC,MSC,5,6
s3,GTTGCACGGAGTTTCG-1,4,24.0,48.0,cc,cc,cc,9,10
s3,GTTGCAGTCGACAACA-1,9,62.0,126.0,CTX,CTX,CTX,3,4
s3,GTTGCGCTAACATTAC-1,8,41.0,119.0,CP,CP_lesioned,CP_lesioned,2,3
s3,GTTGCGGACGGTCAGG-1,8,53.0,119.0,CP,CP_lesioned,CP_lesioned,2,3
s3,GTTGGATTGAGAACAC-1,4,32.0,88.0,cc,cc,cc,9,10
s3,GTTGGATTTGCGTTGG-1,7,36.0,50.0,CP,CP_intact,CP_intact,2,2
s3,GTTGGTCATGCTATCC-1,6,55.0,63.0,MSC,MSC,MSC,5,6
s3,GTTGTCGTGTTAGTTG-1,9,15.0,47.0,CTX,CTX,CTX,3,4
s3,GTTGTTGCAAGATGGC-1,9,63.0,121.0,CTX,CTX,CTX,3,4
s3,GTTTACGTTCCATCTG-1,3,48.0,64.0,ACB,ACB_intact,ACB_intact,1,0
s3,GTTTATGGGATTTAGA-1,5,22.0,8.0,CTX,CTX,CTX,3,4
s3,GTTTCAAACGAGTTGT-1,8,61.0,109.0,CP,CP_lesioned,CP_lesioned,2,3
s3,GTTTCATATCGTCGCT-1,1,39.0,27.0,CP,CP_intact,CP_intact,2,2
s3,GTTTCCTGGAGGGTGA-1,4,25.0,49.0,CP,CP_intact,CP_intact,2,2
s3,GTTTCTAGAGGCGCGG-1,7,69.0,93.0,OT,OT,OT,6,7
s3,GTTTCTGCAGTCTCCC-1,6,40.0,72.0,LSX,LSX,LSX,4,5
s3,GTTTGACCAAATCCTA-1,0,30.0,58.0,VL,VL,VL,7,8
s3,GTTTGGCCCAAGTTAT-1,6,42.0,80.0,LSX,LSX,LSX,4,5
s3,GTTTGGCCGCTCAGCG-1,9,12.0,32.0,CTX,CTX,CTX,3,4
s3,GTTTGGGCTTGTGAGC-1,6,51.0,65.0,ACB,ACB_intact,ACB_intact,1,0
s3,GTTTGGGTTTCGCCCG-1,6,63.0,91.0,OT,OT,OT,6,7
s3,GTTTGGTAGGGTCAAC-1,6,53.0,59.0,ACB,ACB_intact,ACB_intact,1,0
s3,TAAACGTCGTCAATGA-1,5,18.0,12.0,CTX,CTX,CTX,3,4
s3,TAAAGACAACCCTTTA-1,8,40.0,118.0,CP,CP_lesioned,CP_lesioned,2,3
s3,TAAAGAGCCCGAAACC-1,2,10.0,46.0,CTX,CTX,CTX,3,4
s3,TAAAGCGTTAGGAGAA-1,5,28.0,88.0,CTX,CTX,CTX,3,4
s3,TAAATGAATCCGTTTC-1,1,23.0,29.0,CP,CP_intact,CP_intact,2,2
s3,TAACAAAGGGAGAAGC-1,4,21.0,35.0,cc,cc,cc,9,10
s3,TAACAATATTTGTTGC-1,1,28.0,16.0,CP,CP_intact,CP_intact,2,2
s3,TAACATACAATGTGGG-1,6,38.0,70.0,LSX,LSX,LSX,4,5
s3,TAACCTACCGTCCGAG-1,4,33.0,101.0,cc,cc,cc,9,10
s3,TAACCTAGGGAGTCCA-1,3,60.0,106.0,ACB,ACB_lesioned,ACB_lesioned,1,1
s3,TAACGCTTTGAGAGCG-1,1,27.0,29.0,CP,CP_intact,CP_intact,2,2
s3,TAACTATCGAAGGTCC-1,7,24.0,34.0,CP,CP_intact,CP_intact,2,2
s3,TAACTATTACGCCAAA-1,5,29.0,107.0,CTX,CTX,CTX,3,4
s3,TAACTCATCCGCGCGG-1,4,43.0,49.0,aco,aco,aco,8,9
s3,TAACTCCATGGAGGCT-1,5,19.0,27.0,CTX,CTX,CTX,3,4
s3,TAAGCAGGCGACACGC-1,1,35.0,19.0,CP,CP_intact,CP_intact,2,2
s3,TAAGGAACTTGTGGGA-1,9,16.0,40.0,CTX,CTX,CTX,3,4
s3,TAAGGCAACATAAGAT-1,2,25.0,71.0,CTX,CTX,CTX,3,4
s3,TAAGGCTGAATCCCTC-1,7,45.0,97.0,CP,CP_lesioned,CP_lesioned,2,3
s3,TAAGGGCCTGTCCGAT-1,3,57.0,95.0,ACB,ACB_lesioned,ACB_lesioned,1,1
s3,TAAGGGCTGGGAGAGG-1,1,34.0,18.0,CP,CP_intact,CP_intact,2,2
s3,TAAGTAACATCTTGAC-1,1,46.0,40.0,CP,CP_intact,CP_intact,2,2
s3,TAAGTTGCGACGTAGG-1,4,53.0,95.0,aco,aco,aco,8,9
s3,TAATACACAGTAGTAT-1,2,20.0,64.0,CTX,CTX,CTX,3,4
s3,TAATAGTGACGACCAG-1,2,27.0,83.0,CTX,CTX,CTX,3,4
s3,TAATATTGAAATTCGC-1,9,17.0,47.0,CTX,CTX,CTX,3,4
s3,TAATCAACCAAATGGG-1,8,51.0,125.0,CP,CP_lesioned,CP_lesioned,2,3
s3,TAATCGATCCGTACGT-1,5,25.0,93.0,CTX,CTX,CTX,3,4
s3,TAATGAAAGACCCTTG-1,7,25.0,17.0,CP,CP_intact,CP_intact,2,2
s3,TAATTACGTCAGTAGA-1,8,62.0,102.0,ACB,ACB_lesioned,ACB_lesioned,1,1
s3,TAATTAGATGGATATG-1,2,10.0,32.0,CTX,CTX,CTX,3,4
s3,TAATTAGGACATCCGT-1,7,42.0,108.0,CP,CP_lesioned,CP_lesioned,2,3
s3,TAATTCCAATGCTTCA-1,2,65.0,121.0,CTX,CTX,CTX,3,4
s3,TACAACGCACAACTCA-1,7,41.0,49.0,aco,aco,aco,8,9
s3,TACAAGGGCTTCTTTA-1,8,68.0,94.0,OT,OT,OT,6,7
s3,TACAAGTCTCGTGCAT-1,1,31.0,27.0,CP,CP_intact,CP_intact,2,2
s3,TACAGAAACGGTGGGC-1,6,59.0,85.0,OT,OT,OT,6,7
s3,TACATAGGCATACACC-1,3,40.0,60.0,ACB,ACB_intact,ACB_intact,1,0
s3,TACATCTTGTTTCTTG-1,9,17.0,3.0,CTX,CTX,CTX,3,4
s3,TACATGACCTTATCCG-1,5,23.0,5.0,CTX,CTX,CTX,3,4
s3,TACATGCCGGAATTGT-1,8,54.0,122.0,CP,CP_lesioned,CP_lesioned,2,3
s3,TACATTTCTAACGTGC-1,3,39.0,55.0,ACB,ACB_intact,ACB_intact,1,0
s3,TACCAATAAAGTACCA-1,6,55.0,83.0,MSC,MSC,MSC,5,6
s3,TACCAGAAGTAGGTTC-1,3,49.0,51.0,ACB,ACB_intact,ACB_intact,1,0
s3,TACCATGTATTGATTT-1,8,48.0,124.0,CP,CP_lesioned,CP_lesioned,2,3
s3,TACCGAATAATTGTAA-1,8,67.0,93.0,OT,OT,OT,6,7
s3,TACCGCGGACTTGCAG-1,4,33.0,97.0,cc,cc,cc,9,10
s3,TACCGGCTCACTGCCC-1,3,47.0,65.0,ACB,ACB_intact,ACB_intact,1,0
s3,TACCGGTCGTTTCCAT-1,1,44.0,34.0,CP,CP_intact,CP_intact,2,2
s3,TACCTCACGCTTGTAC-1,9,16.0,56.0,CTX,CTX,CTX,3,4
s3,TACCTCTTTACCATCC-1,0,66.0,122.0,CTX,CTX,CTX,3,4
s3,TACCTGCTGCACTGTG-1,1,28.0,22.0,CP,CP_intact,CP_intact,2,2
s3,TACGAACACGACTTCA-1,7,31.0,53.0,CP,CP_intact,CP_intact,2,2
s3,TACGACGCTTGCTGCG-1,3,46.0,54.0,ACB,ACB_intact,ACB_intact,1,0
s3,TACGACTGCCTCTTAG-1,3,44.0,66.0,ACB,ACB_intact,ACB_intact,1,0
s3,TACGAGAACTTCACGT-1,1,35.0,39.0,CP,CP_intact,CP_intact,2,2
s3,TACGATGTTGATCATC-1,7,35.0,35.0,CP,CP_intact,CP_intact,2,2
s3,TACGCAGTTCTTTCCT-1,4,41.0,51.0,aco,aco,aco,8,9
s3,TACGCCATATTCTAAT-1,3,40.0,58.0,VL,VL,VL,7,8
s3,TACGCCTCCATTCCGA-1,6,55.0,59.0,ACB,ACB_intact,ACB_intact,1,0
s3,TACGCTATAGAAACCT-1,4,34.0,104.0,cc,cc,cc,9,10
s3,TACGCTCGGTATTGGA-1,8,61.0,113.0,CP,CP_lesioned,CP_lesioned,2,3
s3,TACGGCATGGACGCTA-1,6,63.0,115.0,CTX,CTX,CTX,3,4
s3,TACGGGATGCTAGCAG-1,2,21.0,83.0,CTX,CTX,CTX,3,4
s3,TACGTAAAGCGGAGTG-1,8,63.0,103.0,CP,CP_lesioned,CP_lesioned,2,3
s3,TACGTGCAAGGTTCCT-1,9,34.0,126.0,CTX,CTX,CTX,3,4
s3,TACGTGCACTATGCTG-1,4,21.0,33.0,cc,cc,cc,9,10
s3,TACGTTTACCGGCAAT-1,1,40.0,32.0,CP,CP_intact,CP_intact,2,2
s3,TACTCGGCACGCCGGG-1,1,36.0,16.0,OT,OT,OT,6,7
s3,TACTCTCCGAACAAAT-1,2,21.0,81.0,CTX,CTX,CTX,3,4
s3,TACTCTTACTTTACTG-1,8,59.0,111.0,CP,CP_lesioned,CP_lesioned,2,3
s3,TACTGGACAGCTCGGC-1,1,35.0,25.0,CP,CP_intact,CP_intact,2,2
s3,TACTGTTTCTCTGGTA-1,7,47.0,119.0,CP,CP_lesioned,CP_lesioned,2,3
s3,TACTTAAACATGTACA-1,7,66.0,108.0,CTX,CTX,CTX,3,4
s3,TACTTGTTAGTAGTCC-1,0,37.0,87.0,VL,VL,VL,7,8
s3,TACTTTACTGAGCCGG-1,4,30.0,96.0,cc,cc,cc,9,10
s3,TAGAAAGGTGGCGCTA-1,5,31.0,81.0,cc,cc,cc,9,10
s3,TAGAAATTCACGTATA-1,2,36.0,10.0,CTX,CTX,CTX,3,4
s3,TAGAAGAAGGGTTACA-1,2,65.0,125.0,CTX,CTX,CTX,3,4
s3,TAGAATAGCCGATGAA-1,8,62.0,100.0,ACB,ACB_lesioned,ACB_lesioned,1,1
s3,TAGACGCCCGTACCGG-1,4,32.0,90.0,cc,cc,cc,9,10
s3,TAGACTACCTAGCGTT-1,7,38.0,104.0,CP,CP_lesioned,CP_lesioned,2,3
s3,TAGAGATCATGCAACT-1,1,44.0,26.0,OT,OT,OT,6,7
s3,TAGAGCTACGAAGAAC-1,9,13.0,53.0,CTX,CTX,CTX,3,4
s3,TAGAGGTTCTACTTGT-1,4,54.0,96.0,aco,aco,aco,8,9
s3,TAGAGTCTAAGCGAAC-1,8,29.0,55.0,CP,CP_intact,CP_intact,2,2
s3,TAGATATGGACTGGAA-1,3,49.0,53.0,ACB,ACB_intact,ACB_intact,1,0
s3,TAGATGGTTCCTTACT-1,8,59.0,97.0,ACB,ACB_lesioned,ACB_lesioned,1,1
s3,TAGATTCCTGGTTATT-1,1,32.0,20.0,CP,CP_intact,CP_intact,2,2
s3,TAGCAACCTGTCACAA-1,7,22.0,26.0,CP,CP_intact,CP_intact,2,2
s3,TAGCAGTATGACTAAA-1,6,66.0,98.0,ACB,ACB_lesioned,ACB_lesioned,1,1
s3,TAGCCATTTCAAAGTC-1,6,43.0,89.0,LSX,LSX,LSX,4,5
s3,TAGCCGGCGGTCAGCG-1,4,33.0,85.0,cc,cc,cc,9,10
s3,TAGCGTCCCTCGATTG-1,7,45.0,109.0,CP,CP_lesioned,CP_lesioned,2,3
s3,TAGCGTCCGGTGTGGT-1,6,53.0,77.0,MSC,MSC,MSC,5,6
s3,TAGCGTCGAATATTGA-1,2,34.0,4.0,CTX,CTX,CTX,3,4
s3,TAGCGTTGGGTCTTAC-1,6,38.0,68.0,LSX,LSX,LSX,4,5
s3,TAGCTAAGTCCGGGAG-1,0,29.0,57.0,VL,VL,VL,7,8
s3,TAGCTAGAAGGCATGA-1,3,51.0,51.0,ACB,ACB_intact,ACB_intact,1,0
s3,TAGCTCGCCTGATAAC-1,3,50.0,58.0,ACB,ACB_intact,ACB_intact,1,0
s3,TAGGCATGTTACGCCA-1,9,23.0,85.0,CTX,CTX,CTX,3,4
s3,TAGGCCTATATAGTCT-1,8,66.0,110.0,CP,CP_lesioned,CP_lesioned,2,3
s3,TAGGCTAAAGTGGCAC-1,8,65.0,99.0,ACB,ACB_lesioned,ACB_lesioned,1,1
s3,TAGGGAGCTTGGGATG-1,8,36.0,96.0,CP,CP_lesioned,CP_lesioned,2,3
s3,TAGGGTGTTTCAAGAG-1,4,22.0,54.0,cc,cc,cc,9,10
s3,TAGGTCCAAGTAAGGA-1,1,29.0,23.0,CP,CP_intact,CP_intact,2,2
s3,TAGGTCGCCGGAACTG-1,4,32.0,100.0,cc,cc,cc,9,10
s3,TAGGTGACGATAACCT-1,6,61.0,79.0,MSC,MSC,MSC,5,6
s3,TAGGTGAGCCCTACTC-1,7,29.0,33.0,CP,CP_intact,CP_intact,2,2
s3,TAGGTGCTCGCCTAGC-1,6,40.0,86.0,LSX,LSX,LSX,4,5
s3,TAGGTTCGAGTTCGTC-1,6,35.0,67.0,LSX,LSX,LSX,4,5
s3,TAGTACCTTAGTGGTC-1,4,21.0,21.0,cc,cc,cc,9,10
s3,TAGTCCGCAGAGAATG-1,7,39.0,53.0,ACB,ACB_intact,ACB_intact,1,0
s3,TAGTCCGTATGCATAA-1,9,15.0,13.0,CTX,CTX,CTX,3,4
s3,TAGTCGATCACGGGTT-1,8,48.0,96.0,ACB,ACB_lesioned,ACB_lesioned,1,1
s3,TAGTCGGGATTCTTCG-1,9,12.0,4.0,CTX,CTX,CTX,3,4
s3,TAGTCTAACAACGAGA-1,1,40.0,34.0,CP,CP_intact,CP_intact,2,2
s3,TAGTCTGTGACGTTGC-1,9,23.0,103.0,CTX,CTX,CTX,3,4
s3,TAGTCTTTCCGAATTG-1,8,50.0,116.0,CP,CP_lesioned,CP_lesioned,2,3
s3,TAGTGCCCTCCAGAGT-1,7,32.0,52.0,CP,CP_intact,CP_intact,2,2
s3,TAGTGCTTGAATCCTT-1,2,10.0,4.0,CTX,CTX,CTX,3,4
s3,TAGTGTCAGAAACGGC-1,5,21.0,19.0,CTX,CTX,CTX,3,4
s3,TAGTTTATTCTTGCTT-1,9,13.0,57.0,CTX,CTX,CTX,3,4
s3,TATAAATCCACAAGCT-1,5,20.0,44.0,CTX,CTX,CTX,3,4
s3,TATAAGTGAGGATAGC-1,4,21.0,39.0,cc,cc,cc,9,10
s3,TATACACAGACGCCTT-1,3,50.0,60.0,ACB,ACB_intact,ACB_intact,1,0
s3,TATACACGCAAAGTAT-1,5,18.0,36.0,CTX,CTX,CTX,3,4
s3,TATACCGAGTGCCACA-1,8,50.0,120.0,CP,CP_lesioned,CP_lesioned,2,3
s3,TATACTCATGCGGCAA-1,5,20.0,18.0,CTX,CTX,CTX,3,4
s3,TATAGATGGTCGCAGT-1,7,40.0,102.0,CP,CP_lesioned,CP_lesioned,2,3
s3,TATAGGGTACTCATGA-1,1,36.0,20.0,CP,CP_intact,CP_intact,2,2
s3,TATATCATTGATCAGT-1,2,30.0,6.0,CTX,CTX,CTX,3,4
s3,TATATCCCTGGGAGGA-1,7,36.0,98.0,CP,CP_lesioned,CP_lesioned,2,3
s3,TATATGCTGGGTTGCC-1,5,23.0,7.0,CTX,CTX,CTX,3,4
s3,TATCAAAGGTCTGTAA-1,5,26.0,6.0,CTX,CTX,CTX,3,4
s3,TATCACCCAACCGACC-1,9,24.0,100.0,CTX,CTX,CTX,3,4
s3,TATCCAATTGGTTATC-1,6,55.0,79.0,MSC,MSC,MSC,5,6
s3,TATCCATATCATGCGA-1,5,18.0,52.0,CTX,CTX,CTX,3,4
s3,TATCCTGCATGGGAAT-1,9,14.0,54.0,CTX,CTX,CTX,3,4
s3,TATCGATCTATGCATA-1,5,22.0,88.0,CTX,CTX,CTX,3,4
s3,TATCGATGATTAAACG-1,4,23.0,49.0,cc,cc,cc,9,10
s3,TATCTACAGAGGTAAT-1,1,30.0,24.0,CP,CP_intact,CP_intact,2,2
s3,TATCTACCACAGCGGG-1,3,42.0,60.0,ACB,ACB_intact,ACB_intact,1,0
s3,TATCTAGCCTAAAGGA-1,1,34.0,12.0,CP,CP_intact,CP_intact,2,2
s3,TATGAAGAATTAAGGT-1,0,67.0,99.0,OT,OT,OT,6,7
s3,TATGAAGACAGGTGCG-1,1,29.0,21.0,CP,CP_intact,CP_intact,2,2
s3,TATGATCCGGCACGCC-1,9,26.0,112.0,CTX,CTX,CTX,3,4
s3,TATGATCTTCTCTTTA-1,3,58.0,90.0,ACB,ACB_lesioned,ACB_lesioned,1,1
s3,TATGCTCCCTACTTAC-1,5,25.0,61.0,CTX,CTX,CTX,3,4
s3,TATGGATGTGCTACGC-1,4,26.0,54.0,cc,cc,cc,9,10
s3,TATGGCCCGGCCTCGC-1,1,30.0,30.0,CP,CP_intact,CP_intact,2,2
s3,TATGGGACCGAGCAGG-1,7,36.0,56.0,ACB,ACB_intact,ACB_intact,1,0
s3,TATGGGTACGTATCGT-1,0,32.0,58.0,VL,VL,VL,7,8
s3,TATGGTCTGAGTAACA-1,0,36.0,58.0,VL,VL,VL,7,8
s3,TATGGTTAGTGGGAGA-1,7,41.0,105.0,CP,CP_lesioned,CP_lesioned,2,3
s3,TATGTCAAGACCGACT-1,9,20.0,92.0,CTX,CTX,CTX,3,4
s3,TATGTCTCATTGTGCC-1,2,30.0,82.0,CTX,CTX,CTX,3,4
s3,TATTACCATCCTGCTT-1,8,38.0,96.0,CP,CP_lesioned,CP_lesioned,2,3
s3,TATTCAATTCTAATCC-1,4,34.0,74.0,VL,VL,VL,7,8
s3,TATTCCACTCAGCTCG-1,3,49.0,57.0,ACB,ACB_intact,ACB_intact,1,0
s3,TATTCCGAGCTGTTAT-1,3,54.0,86.0,ACB,ACB_lesioned,ACB_lesioned,1,1
s3,TATTCGTGCCAGAATA-1,6,34.0,64.0,LSX,LSX,LSX,4,5
s3,TATTGACATTTCTGCC-1,5,35.0,117.0,CTX,CTX,CTX,3,4
s3,TATTGCCGGGCTTGTA-1,9,67.0,113.0,CTX,CTX,CTX,3,4
s3,TATTTAGTCTAGATCG-1,5,18.0,58.0,CTX,CTX,CTX,3,4
s3,TATTTATACCGAGTAG-1,2,16.0,78.0,CTX,CTX,CTX,3,4
s3,TATTTGATTTGCACAG-1,8,54.0,118.0,CP,CP_lesioned,CP_lesioned,2,3
s3,TATTTGTTACCCTTTA-1,7,24.0,46.0,CP,CP_intact,CP_intact,2,2
s3,TCAAACAACCGCGTCG-1,9,24.0,60.0,CTX,CTX,CTX,3,4
s3,TCAAACTTAGATTGTT-1,4,31.0,65.0,VL,VL,VL,7,8
s3,TCAACACATTGGGTAA-1,9,11.0,35.0,CTX,CTX,CTX,3,4
s3,TCAACCATGTTCGGGC-1,4,25.0,51.0,ACB,ACB_intact,ACB_intact,1,0
s3,TCAACGAGGAGACAAA-1,3,42.0,56.0,VL,VL,VL,7,8
s3,TCAACGCGACCGGCAG-1,1,39.0,23.0,CP,CP_intact,CP_intact,2,2
s3,TCAACTAACGTATAAC-1,1,31.0,19.0,CP,CP_intact,CP_intact,2,2
s3,TCAACTGCAGAGTCAG-1,8,56.0,108.0,CP,CP_lesioned,CP_lesioned,2,3
s3,TCAAGAAATACTAGCT-1,4,34.0,108.0,cc,cc,cc,9,10
s3,TCAAGCGCGGACGGTA-1,8,58.0,114.0,CP,CP_lesioned,CP_lesioned,2,3
s3,TCAAGGTTACTACACC-1,7,47.0,103.0,CP,CP_lesioned,CP_lesioned,2,3
s3,TCAATACAATTGCTGC-1,2,30.0,2.0,CTX,CTX,CTX,3,4
s3,TCAATATACAGGAGGC-1,0,70.0,118.0,CTX,CTX,CTX,3,4
s3,TCAATCCCGCGCCAAA-1,0,69.0,121.0,CTX,CTX,CTX,3,4
s3,TCACAAACCGAGGTAC-1,8,61.0,95.0,ACB,ACB_lesioned,ACB_lesioned,1,1
s3,TCACAGATCCTCAAAC-1,9,11.0,15.0,CTX,CTX,CTX,3,4
s3,TCACAGCAAACTCGAA-1,3,51.0,49.0,ACB,ACB_intact,ACB_intact,1,0
s3,TCACAGGGAATCGCAA-1,6,47.0,79.0,MSC,MSC,MSC,5,6
s3,TCACAGGTTATTGGGC-1,7,32.0,48.0,CP,CP_intact,CP_intact,2,2
s3,TCACATCTTATCTGAT-1,1,28.0,20.0,CP,CP_intact,CP_intact,2,2
s3,TCACCCTCTTAAGATT-1,3,45.0,59.0,ACB,ACB_intact,ACB_intact,1,0
s3,TCACCGCTCGGCACTC-1,4,30.0,92.0,cc,cc,cc,9,10
s3,TCACGCATTGTAGATC-1,7,33.0,49.0,CP,CP_intact,CP_intact,2,2
s3,TCACGGTCATCGCACA-1,4,23.0,45.0,cc,cc,cc,9,10
s3,TCACGTGCCCGATTCA-1,3,38.0,62.0,ACB,ACB_intact,ACB_intact,1,0
s3,TCACTATCCCTTCGGT-1,3,72.0,104.0,CTX,CTX,CTX,3,4
s3,TCACTCTTCGTCTGTC-1,5,18.0,8.0,CTX,CTX,CTX,3,4
s3,TCAGAACCTCCACAGG-1,5,30.0,106.0,CTX,CTX,CTX,3,4
s3,TCAGACGCTATAGAAG-1,6,48.0,72.0,LSX,LSX,LSX,4,5
s3,TCAGCAAATGCATCTC-1,4,31.0,73.0,cc,cc,cc,9,10
s3,TCAGCCAATCCGTAAA-1,8,63.0,105.0,CP,CP_lesioned,CP_lesioned,2,3
s3,TCAGGGCGACTTCCTT-1,9,24.0,4.0,CTX,CTX,CTX,3,4
s3,TCAGGGCGCAAACTCG-1,4,22.0,16.0,cc,cc,cc,9,10
s3,TCAGGGTGTAACGTAA-1,0,28.0,72.0,CTX,CTX,CTX,3,4
s3,TCAGGTTCTTTGAGAA-1,1,30.0,42.0,CP,CP_intact,CP_intact,2,2
s3,TCAGTACTGACCCGCG-1,1,26.0,34.0,CP,CP_intact,CP_intact,2,2
s3,TCAGTAGGGACTATAA-1,3,46.0,48.0,ACB,ACB_intact,ACB_intact,1,0
s3,TCATAAGTCCAAGAAG-1,9,62.0,124.0,CTX,CTX,CTX,3,4
s3,TCATACTTACAGATCC-1,7,22.0,24.0,CP,CP_intact,CP_intact,2,2
s3,TCATCACTCGAGCTCG-1,9,17.0,29.0,CTX,CTX,CTX,3,4
s3,TCATGCAGGTTCTCAT-1,2,18.0,84.0,CTX,CTX,CTX,3,4
s3,TCATTTAAGTCTCCGA-1,7,35.0,99.0,CP,CP_lesioned,CP_lesioned,2,3
s3,TCATTTAGAAGTGTGA-1,8,54.0,110.0,CP,CP_lesioned,CP_lesioned,2,3
s3,TCCAACTCAGCTATCT-1,6,67.0,91.0,OT,OT,OT,6,7
s3,TCCAACTTTAAATTCT-1,1,40.0,40.0,CP,CP_intact,CP_intact,2,2
s3,TCCACAATGGTTTACG-1,7,30.0,36.0,CP,CP_intact,CP_intact,2,2
s3,TCCACTTTATCTAGGT-1,5,31.0,79.0,cc,cc,cc,9,10
s3,TCCAGAGCACCGGTTC-1,6,40.0,70.0,LSX,LSX,LSX,4,5
s3,TCCAGCGCTATAAGCG-1,8,52.0,116.0,CP,CP_lesioned,CP_lesioned,2,3
s3,TCCAGGCGAGTACGGT-1,8,31.0,57.0,CP,CP_intact,CP_intact,2,2
s3,TCCCAAAGACGAAGGA-1,4,26.0,60.0,cc,cc,cc,9,10
s3,TCCCAAAGCCCTAAAT-1,7,39.0,117.0,CP,CP_lesioned,CP_lesioned,2,3
s3,TCCCACTCTCTTCCGG-1,5,31.0,107.0,CTX,CTX,CTX,3,4
s3,TCCCAGCACACGACAT-1,8,56.0,124.0,CP,CP_lesioned,CP_lesioned,2,3
s3,TCCCAGCTTTAGTCTG-1,7,34.0,56.0,CP,CP_intact,CP_intact,2,2
s3,TCCCAGGCTTAGCTAA-1,7,30.0,48.0,CP,CP_intact,CP_intact,2,2
s3,TCCCGCCTATGTGCGT-1,9,32.0,122.0,CTX,CTX,CTX,3,4
s3,TCCCGCGTACTCCTGG-1,2,27.0,69.0,CTX,CTX,CTX,3,4
s3,TCCCGGGTGTGCTGCT-1,1,34.0,34.0,CP,CP_intact,CP_intact,2,2
s3,TCCCGGTCAGGAATTT-1,2,8.0,36.0,CTX,CTX,CTX,3,4
s3,TCCCGTCAGTCCCGCA-1,0,23.0,75.0,CTX,CTX,CTX,3,4
s3,TCCCGTCGCGTCATAG-1,9,29.0,115.0,CTX,CTX,CTX,3,4
s3,TCCCGTGTGCAATTTG-1,6,44.0,80.0,LSX,LSX,LSX,4,5
s3,TCCCTAGATCAATAGG-1,9,28.0,114.0,CTX,CTX,CTX,3,4
s3,TCCCTCTTCTCAAGGG-1,6,65.0,115.0,CTX,CTX,CTX,3,4
s3,TCCCTGGCTCGCTGGA-1,1,33.0,27.0,CP,CP_intact,CP_intact,2,2
s3,TCCCTTAGATTACTCG-1,2,18.0,86.0,CTX,CTX,CTX,3,4
s3,TCCCTTGTCTGAAACT-1,6,67.0,115.0,CTX,CTX,CTX,3,4
s3,TCCGAACGTTGCCGCT-1,8,51.0,121.0,CP,CP_lesioned,CP_lesioned,2,3
s3,TCCGAACTTGGCTTAC-1,1,33.0,19.0,CP,CP_intact,CP_intact,2,2
s3,TCCGAATGGTCCTGAG-1,5,31.0,113.0,CTX,CTX,CTX,3,4
s3,TCCGATAATTGCCATA-1,2,18.0,64.0,CTX,CTX,CTX,3,4
s3,TCCGATGACTGAGCTC-1,2,22.0,76.0,CTX,CTX,CTX,3,4
s3,TCCGATGGTGCGACAT-1,4,25.0,53.0,cc,cc,cc,9,10
s3,TCCGATTACATTGCCG-1,1,32.0,32.0,CP,CP_intact,CP_intact,2,2
s3,TCCGCAGCCACCTAGC-1,9,13.0,7.0,CTX,CTX,CTX,3,4
s3,TCCGCCTGTCTACAAG-1,6,56.0,74.0,MSC,MSC,MSC,5,6
s3,TCCGCGGCAGCATCTG-1,4,34.0,84.0,VL,VL,VL,7,8
s3,TCCGCGGCCCAATGAA-1,7,53.0,99.0,aco,aco,aco,8,9
s3,TCCGCTGTCATCCCGG-1,6,47.0,81.0,LSX,LSX,LSX,4,5
s3,TCCGCTTATCCCATTA-1,6,50.0,64.0,ACB,ACB_intact,ACB_intact,1,0
s3,TCCGGCCTAGCGTACA-1,5,28.0,98.0,CTX,CTX,CTX,3,4
s3,TCCGGGCTTGACGGGA-1,6,66.0,96.0,OT,OT,OT,6,7
s3,TCCGGTTCGTCCGGTC-1,3,51.0,53.0,ACB,ACB_intact,ACB_intact,1,0
s3,TCCGTAACCACAATCC-1,5,20.0,16.0,CTX,CTX,CTX,3,4
s3,TCCGTTAAGCTAATAT-1,8,52.0,100.0,CP,CP_lesioned,CP_lesioned,2,3
s3,TCCGTTTAGCCTTGAA-1,5,29.0,89.0,CTX,CTX,CTX,3,4
s3,TCCTAAATTGGGAAGC-1,6,56.0,70.0,MSC,MSC,MSC,5,6
s3,TCCTACATCCACGGCC-1,6,46.0,84.0,LSX,LSX,LSX,4,5
s3,TCCTAGCAAAGAAGCT-1,1,41.0,41.0,CP,CP_intact,CP_intact,2,2
s3,TCCTATCATAGGTAAC-1,8,46.0,120.0,CP,CP_lesioned,CP_lesioned,2,3
s3,TCCTCGGGCTGGGCTT-1,6,40.0,76.0,LSX,LSX,LSX,4,5
s3,TCCTCTACGAGATGGC-1,7,26.0,32.0,CP,CP_intact,CP_intact,2,2
s3,TCCTCTCCAGTTGTCC-1,1,30.0,20.0,CP,CP_intact,CP_intact,2,2
s3,TCCTGCGTTGATACTC-1,1,38.0,30.0,CP,CP_intact,CP_intact,2,2
s3,TCCTTACGACGGTCCG-1,8,49.0,95.0,ACB,ACB_lesioned,ACB_lesioned,1,1
s3,TCCTTCAGTGGTCGAA-1,2,15.0,69.0,CTX,CTX,CTX,3,4
s3,TCCTTTAAATCCGCTT-1,3,56.0,92.0,ACB,ACB_lesioned,ACB_lesioned,1,1
s3,TCCTTTCTTACGCTTA-1,4,30.0,62.0,VL,VL,VL,7,8
s3,TCGAAATTTAGGACCA-1,7,29.0,45.0,CP,CP_intact,CP_intact,2,2
s3,TCGAAGAACCGAGCAC-1,7,45.0,99.0,CP,CP_lesioned,CP_lesioned,2,3
s3,TCGAGACCAACACCGT-1,7,37.0,55.0,ACB,ACB_intact,ACB_intact,1,0
s3,TCGAGGGCAACAGACG-1,8,57.0,119.0,CP,CP_lesioned,CP_lesioned,2,3
s3,TCGCAAAGATGCATTT-1,6,47.0,75.0,MSC,MSC,MSC,5,6
s3,TCGCACCAGGAGGCAG-1,6,50.0,80.0,MSC,MSC,MSC,5,6
s3,TCGCATAAAGGGCGCA-1,8,63.0,111.0,CP,CP_lesioned,CP_lesioned,2,3
s3,TCGCATCCCTAAGTGT-1,9,15.0,31.0,CTX,CTX,CTX,3,4
s3,TCGCATTCAATGACTT-1,2,9.0,37.0,CTX,CTX,CTX,3,4
s3,TCGCCCACTGCGAGAG-1,2,36.0,2.0,CTX,CTX,CTX,3,4
s3,TCGCCGAAGTTGCGTC-1,1,45.0,37.0,CP,CP_intact,CP_intact,2,2
s3,TCGCCGACATATTCGC-1,6,66.0,86.0,MSC,MSC,MSC,5,6
s3,TCGCCGGATGGGCAAG-1,9,26.0,4.0,CTX,CTX,CTX,3,4
s3,TCGCCGGTCGATCCGT-1,5,19.0,61.0,CTX,CTX,CTX,3,4
s3,TCGCGTAGCAGTGTCC-1,8,57.0,99.0,ACB,ACB_lesioned,ACB_lesioned,1,1
s3,TCGCGTCCAGAAGGTC-1,1,31.0,29.0,CP,CP_intact,CP_intact,2,2
s3,TCGCTAAACCGCTATC-1,9,19.0,89.0,CTX,CTX,CTX,3,4
s3,TCGCTCGATATATTCC-1,4,29.0,63.0,cc,cc,cc,9,10
s3,TCGCTCGGCACCAGCG-1,9,24.0,108.0,CTX,CTX,CTX,3,4
s3,TCGCTGGGCGGATTGT-1,0,28.0,74.0,CTX,CTX,CTX,3,4
s3,TCGCTGTGCGTAAATC-1,9,17.0,41.0,CTX,CTX,CTX,3,4
s3,TCGCTTTAAACGTTTG-1,2,25.0,87.0,CTX,CTX,CTX,3,4
s3,TCGGAATGCGCTCTGA-1,1,30.0,28.0,CP,CP_intact,CP_intact,2,2
s3,TCGGACGCCCAGCCCA-1,4,33.0,79.0,cc,cc,cc,9,10
s3,TCGGAGTACATGAGTA-1,4,32.0,74.0,cc,cc,cc,9,10
s3,TCGGCGAACCCAAACC-1,8,49.0,105.0,CP,CP_lesioned,CP_lesioned,2,3
s3,TCGGCTTGTATCGACG-1,8,58.0,96.0,ACB,ACB_lesioned,ACB_lesioned,1,1
s3,TCGGGAACGTGCCTAG-1,5,31.0,109.0,CTX,CTX,CTX,3,4
s3,TCGGGATTCAAACATA-1,1,39.0,15.0,OT,OT,OT,6,7
s3,TCGGGCCGTCGTGGTA-1,6,40.0,88.0,LSX,LSX,LSX,4,5
s3,TCGTAACTCCCAAGAC-1,2,67.0,119.0,CTX,CTX,CTX,3,4
s3,TCGTAAGACGACATTG-1,2,27.0,77.0,CTX,CTX,CTX,3,4
s3,TCGTATAGTGCAATTA-1,9,12.0,56.0,CTX,CTX,CTX,3,4
s3,TCGTATTACCCATTGC-1,1,37.0,25.0,CP,CP_intact,CP_intact,2,2
s3,TCGTCACACTGTTAGC-1,1,27.0,19.0,CP,CP_intact,CP_intact,2,2
s3,TCGTCCGCTGGCGTCT-1,4,22.0,40.0,cc,cc,cc,9,10
s3,TCGTCTTAGGCGTTAA-1,3,53.0,83.0,ACB,ACB_lesioned,ACB_lesioned,1,1
s3,TCGTGTACTATGGATG-1,5,47.0,77.0,MSC,MSC,MSC,5,6
s3,TCGTGTATTGGTCACG-1,8,53.0,117.0,CP,CP_lesioned,CP_lesioned,2,3
s3,TCGTGTCACGCTGACA-1,1,43.0,23.0,OT,OT,OT,6,7
s3,TCGTGTTCGACCACAA-1,8,57.0,105.0,CP,CP_lesioned,CP_lesioned,2,3
s3,TCGTTAGGAGTCCCTA-1,6,52.0,54.0,ACB,ACB_intact,ACB_intact,1,0
s3,TCGTTGACAGGGTCCC-1,9,28.0,2.0,CTX,CTX,CTX,3,4
s3,TCGTTGGCTCGTCAAT-1,2,9.0,31.0,CTX,CTX,CTX,3,4
s3,TCTAACTGTATGTAAA-1,7,27.0,11.0,cc,cc,cc,9,10
s3,TCTACCCAATAGAGAG-1,8,56.0,106.0,CP,CP_lesioned,CP_lesioned,2,3
s3,TCTACCGTCCACAAGC-1,2,27.0,67.0,CTX,CTX,CTX,3,4
s3,TCTAGCATCTTCGATG-1,4,23.0,43.0,cc,cc,cc,9,10
s3,TCTAGCATGCCCAGAA-1,3,48.0,66.0,ACB,ACB_intact,ACB_intact,1,0
s3,TCTAGGTGGCGACGCT-1,5,29.0,99.0,CTX,CTX,CTX,3,4
s3,TCTAGTGATATCGTGG-1,7,44.0,98.0,CP,CP_lesioned,CP_lesioned,2,3
s3,TCTAGTTATCAGAAGA-1,7,34.0,54.0,CP,CP_intact,CP_intact,2,2
s3,TCTATAGGTGGGTAAT-1,8,65.0,109.0,CP,CP_lesioned,CP_lesioned,2,3
s3,TCTATCATGCAGTTAC-1,5,18.0,40.0,CTX,CTX,CTX,3,4
s3,TCTATCGGTCGCAACA-1,9,22.0,64.0,CTX,CTX,CTX,3,4
s3,TCTATGCTATAACGAC-1,6,64.0,94.0,OT,OT,OT,6,7
s3,TCTATTACGCTGGCGA-1,9,14.0,34.0,CTX,CTX,CTX,3,4
s3,TCTATTACTAGAGGAT-1,1,41.0,15.0,OT,OT,OT,6,7
s3,TCTCATGAGATAGGGT-1,3,49.0,87.0,ACB,ACB_lesioned,ACB_lesioned,1,1
s3,TCTCCAACGTAGGTTA-1,2,20.0,78.0,CTX,CTX,CTX,3,4
s3,TCTCCACAAGTTGAAT-1,8,61.0,93.0,ACB,ACB_lesioned,ACB_lesioned,1,1
s3,TCTCCCTGGGCAGCGT-1,6,54.0,80.0,MSC,MSC,MSC,5,6
s3,TCTCGACGTATCGCCG-1,8,45.0,113.0,CP,CP_lesioned,CP_lesioned,2,3
s3,TCTCGAGGAGGTTCGC-1,8,52.0,112.0,CP,CP_lesioned,CP_lesioned,2,3
s3,TCTCGGCTCCAGGACT-1,9,13.0,23.0,CTX,CTX,CTX,3,4
s3,TCTCTAATAGCTGGTA-1,5,20.0,52.0,CTX,CTX,CTX,3,4
s3,TCTCTCGCCGCACATA-1,8,55.0,115.0,CP,CP_lesioned,CP_lesioned,2,3
s3,TCTGAACCGGTCGGCT-1,4,21.0,37.0,cc,cc,cc,9,10
s3,TCTGAACTCGTACCCG-1,7,47.0,95.0,ACB,ACB_lesioned,ACB_lesioned,1,1
s3,TCTGAAGCACGTGGTC-1,6,56.0,84.0,ACB,ACB_lesioned,ACB_lesioned,1,1
s3,TCTGAATTCCGTACAA-1,0,34.0,94.0,VL,VL,VL,7,8
s3,TCTGACGGGCTAACCC-1,9,28.0,120.0,CTX,CTX,CTX,3,4
s3,TCTGAGCAATTGACTG-1,8,54.0,112.0,CP,CP_lesioned,CP_lesioned,2,3
s3,TCTGATCGGGTGCTAG-1,5,34.0,118.0,CTX,CTX,CTX,3,4
s3,TCTGATGTATTCTGTC-1,3,51.0,83.0,ACB,ACB_lesioned,ACB_lesioned,1,1
s3,TCTGATTGGAAATGGA-1,5,35.0,123.0,CTX,CTX,CTX,3,4
s3,TCTGCAGATTCGAGTC-1,5,25.0,5.0,CTX,CTX,CTX,3,4
s3,TCTGCATACCTTGCTT-1,8,61.0,99.0,ACB,ACB_lesioned,ACB_lesioned,1,1
s3,TCTGCCAGAAACTGCA-1,6,41.0,79.0,LSX,LSX,LSX,4,5
s3,TCTGCGTCCGGTTTCT-1,9,15.0,23.0,CTX,CTX,CTX,3,4
s3,TCTGCTTAGAACAAGC-1,8,50.0,126.0,CP,CP_lesioned,CP_lesioned,2,3
s3,TCTGGAGCGTAAGAGT-1,5,38.0,126.0,CTX,CTX,CTX,3,4
s3,TCTGGCCGTTCAAGTT-1,5,36.0,122.0,CTX,CTX,CTX,3,4
s3,TCTGGCGCAAGCCGGG-1,2,34.0,6.0,CTX,CTX,CTX,3,4
s3,TCTGGGAACCTTTGAA-1,8,40.0,98.0,CP,CP_lesioned,CP_lesioned,2,3
s3,TCTGGGTAGCGCTCAT-1,1,40.0,36.0,CP,CP_intact,CP_intact,2,2
s3,TCTGTCATACAAGAGC-1,2,10.0,44.0,CTX,CTX,CTX,3,4
s3,TCTGTGCCATCATAGT-1,4,32.0,80.0,cc,cc,cc,9,10
s3,TCTTAACTCGGATGTA-1,9,16.0,2.0,CTX,CTX,CTX,3,4
s3,TCTTACAGAGGTACCG-1,9,15.0,45.0,CTX,CTX,CTX,3,4
s3,TCTTACCGGAACTCGT-1,9,21.0,91.0,CTX,CTX,CTX,3,4
s3,TCTTACGGCATCCGAC-1,7,25.0,29.0,CP,CP_intact,CP_intact,2,2
s3,TCTTACTTATGCCTCT-1,3,45.0,93.0,VL,VL,VL,7,8
s3,TCTTAGAGCTCCAATT-1,7,40.0,108.0,CP,CP_lesioned,CP_lesioned,2,3
s3,TCTTAGAGTGAACTCT-1,7,43.0,99.0,CP,CP_lesioned,CP_lesioned,2,3
s3,TCTTCCCATGGGCACA-1,4,32.0,96.0,cc,cc,cc,9,10
s3,TCTTCGAATAGACGTT-1,6,39.0,71.0,LSX,LSX,LSX,4,5
s3,TCTTCGATACCAATAA-1,0,32.0,66.0,VL,VL,VL,7,8
s3,TCTTCGCGGTGAGAGG-1,8,60.0,116.0,CP,CP_lesioned,CP_lesioned,2,3
s3,TCTTCTATAACCCGCC-1,7,45.0,107.0,CP,CP_lesioned,CP_lesioned,2,3
s3,TCTTGATGCGTAGCGA-1,4,32.0,68.0,VL,VL,VL,7,8
s3,TCTTGGTAACACCAAA-1,2,21.0,65.0,CTX,CTX,CTX,3,4
s3,TCTTTAAGACTATGAA-1,4,34.0,98.0,cc,cc,cc,9,10
s3,TCTTTAGAGTCTAACA-1,8,50.0,114.0,CP,CP_lesioned,CP_lesioned,2,3
s3,TCTTTAGCAGGCGAAC-1,5,34.0,116.0,CTX,CTX,CTX,3,4
s3,TCTTTCCTTCGAGATA-1,8,58.0,120.0,CP,CP_lesioned,CP_lesioned,2,3
s3,TGAAAGGACCTGACTC-1,0,35.0,83.0,VL,VL,VL,7,8
s3,TGAAGAGCGGTCCTAG-1,5,19.0,11.0,CTX,CTX,CTX,3,4
s3,TGAAGTAGCTTACGGA-1,9,17.0,5.0,CTX,CTX,CTX,3,4
s3,TGAATGTCAGCCGGCC-1,8,47.0,109.0,CP,CP_lesioned,CP_lesioned,2,3
s3,TGACAACGCATGTCGC-1,5,40.0,124.0,cc,cc,cc,9,10
s3,TGACATCGAGCGGACC-1,7,35.0,101.0,CP,CP_lesioned,CP_lesioned,2,3
s3,TGACCCACGTTAGACA-1,7,33.0,47.0,CP,CP_intact,CP_intact,2,2
s3,TGACGATGCACTAGAA-1,8,37.0,95.0,CP,CP_lesioned,CP_lesioned,2,3
s3,TGACTATAATCCTTTC-1,3,46.0,68.0,ACB,ACB_intact,ACB_intact,1,0
s3,TGACTCTAACTGGTAA-1,0,67.0,123.0,CTX,CTX,CTX,3,4
s3,TGAGAATGCTTTACCG-1,5,18.0,54.0,CTX,CTX,CTX,3,4
s3,TGAGAGATTTACCACG-1,0,41.0,91.0,VL,VL,VL,7,8
s3,TGAGCCATACAGTCTC-1,1,42.0,38.0,CP,CP_intact,CP_intact,2,2
s3,TGAGCGGAAAGTGTTC-1,6,55.0,65.0,MSC,MSC,MSC,5,6
s3,TGAGCTCAACTGTATA-1,8,58.0,124.0,CP,CP_lesioned,CP_lesioned,2,3
s3,TGAGCTTTAATGACGC-1,9,19.0,85.0,CTX,CTX,CTX,3,4
s3,TGAGTAAATTAGCGTA-1,3,47.0,57.0,ACB,ACB_intact,ACB_intact,1,0
s3,TGAGTGCCTCTTAAAT-1,1,45.0,41.0,CP,CP_intact,CP_intact,2,2
s3,TGAGTGGTCCGTGACG-1,2,30.0,84.0,CTX,CTX,CTX,3,4
s3,TGAGTTAAAGACATTC-1,8,48.0,112.0,CP,CP_lesioned,CP_lesioned,2,3
s3,TGATAGCGGGATTCTA-1,7,28.0,12.0,CP,CP_intact,CP_intact,2,2
s3,TGATCAGGGAACTGCT-1,1,42.0,24.0,OT,OT,OT,6,7
s3,TGATCCCAGCATTAGT-1,0,27.0,107.0,CTX,CTX,CTX,3,4
s3,TGATCGGTTTGACCCT-1,1,28.0,54.0,CP,CP_intact,CP_intact,2,2
s3,TGATCTCCGGCGCCAG-1,1,28.0,50.0,CP,CP_intact,CP_intact,2,2
s3,TGATGGCTGTTTCTGA-1,9,30.0,114.0,CTX,CTX,CTX,3,4
s3,TGATGTCAATTAAGTG-1,8,59.0,103.0,ACB,ACB_lesioned,ACB_lesioned,1,1
s3,TGATTCGTCTATCACT-1,1,31.0,41.0,CP,CP_intact,CP_intact,2,2
s3,TGATTCTGTCGCCGGT-1,3,48.0,44.0,ACB,ACB_intact,ACB_intact,1,0
s3,TGATTTATTAGCTGTG-1,1,38.0,34.0,CP,CP_intact,CP_intact,2,2
s3,TGATTTCCTCCTGACG-1,9,16.0,34.0,CTX,CTX,CTX,3,4
s3,TGCAACCCATCTGCGG-1,6,60.0,90.0,ACB,ACB_lesioned,ACB_lesioned,1,1
s3,TGCAAGAATGACGTAA-1,0,30.0,60.0,VL,VL,VL,7,8
s3,TGCAATCTAACACGGT-1,6,62.0,90.0,OT,OT,OT,6,7
s3,TGCACTATGTGAGTGC-1,5,17.0,13.0,CTX,CTX,CTX,3,4
s3,TGCAGAACTATATCGT-1,1,42.0,22.0,OT,OT,OT,6,7
s3,TGCAGAGTACCGAGCA-1,1,38.0,46.0,CP,CP_intact,CP_intact,2,2
s3,TGCAGATCGTCCTAGG-1,1,42.0,18.0,OT,OT,OT,6,7
s3,TGCAGGATCGGCAAAG-1,0,24.0,74.0,CTX,CTX,CTX,3,4
s3,TGCAGTTTCCTCCCAT-1,0,40.0,90.0,VL,VL,VL,7,8
s3,TGCATATGTCTGTCAC-1,0,35.0,85.0,VL,VL,VL,7,8
s3,TGCATGGATCGGATCT-1,2,19.0,67.0,CTX,CTX,CTX,3,4
s3,TGCATGTGGTAATCTA-1,2,29.0,81.0,CTX,CTX,CTX,3,4
s3,TGCCACCTGGCGAAAC-1,2,20.0,76.0,CTX,CTX,CTX,3,4
s3,TGCCAGTACGTGGAGA-1,6,51.0,71.0,MSC,MSC,MSC,5,6
s3,TGCCATTACTAAAGAA-1,9,21.0,87.0,CTX,CTX,CTX,3,4
s3,TGCCCGTACCGTTAAA-1,6,45.0,75.0,MSC,MSC,MSC,5,6
s3,TGCCGAAAGCGTATTC-1,9,33.0,119.0,CTX,CTX,CTX,3,4
s3,TGCCGTGGATCGTCCT-1,6,57.0,63.0,MSC,MSC,MSC,5,6
s3,TGCCTAATTGAAGATT-1,8,55.0,105.0,CP,CP_lesioned,CP_lesioned,2,3
s3,TGCCTGACATCGGTCA-1,9,16.0,20.0,CTX,CTX,CTX,3,4
s3,TGCCTGATCAAACGAT-1,2,20.0,70.0,CTX,CTX,CTX,3,4
s3,TGCCTTGGCCAGGCAA-1,6,52.0,82.0,MSC,MSC,MSC,5,6
s3,TGCGACACCCTAGTGC-1,3,46.0,46.0,ACB,ACB_intact,ACB_intact,1,0
s3,TGCGATGCTAATGGCT-1,5,21.0,11.0,CTX,CTX,CTX,3,4
s3,TGCGCAAAGCATTTGG-1,4,31.0,67.0,cc,cc,cc,9,10
s3,TGCGCCGTTAATAACG-1,4,41.0,123.0,CP,CP_lesioned,CP_lesioned,2,3
s3,TGCGCGATTAACGGAG-1,7,27.0,41.0,CP,CP_intact,CP_intact,2,2
s3,TGCGGAGTAAAGGTGC-1,2,22.0,70.0,CTX,CTX,CTX,3,4
s3,TGCGGCATAGTTCAAC-1,9,12.0,54.0,CTX,CTX,CTX,3,4
s3,TGCGTAAGAACCTGAT-1,1,43.0,43.0,CP,CP_intact,CP_intact,2,2
s3,TGCGTACGGCTAATTG-1,6,67.0,101.0,OT,OT,OT,6,7
s3,TGCGTGATTGGGTGTC-1,9,11.0,17.0,CTX,CTX,CTX,3,4
s3,TGCGTTTGTTGACACT-1,6,42.0,76.0,LSX,LSX,LSX,4,5
s3,TGCTAAGTGTCTATTT-1,3,52.0,90.0,ACB,ACB_lesioned,ACB_lesioned,1,1
s3,TGCTCCACAGTTCTTA-1,7,45.0,95.0,CP,CP_lesioned,CP_lesioned,2,3
s3,TGCTCGGCGAAACCCA-1,3,57.0,61.0,MSC,MSC,MSC,5,6
s3,TGCTGGTTGGACAATT-1,4,21.0,41.0,cc,cc,cc,9,10
s3,TGCTGTTGAAGAACTC-1,6,38.0,66.0,LSX,LSX,LSX,4,5
s3,TGCTTGAAACCATGCA-1,2,9.0,17.0,CTX,CTX,CTX,3,4
s3,TGGAACCACTGACACA-1,9,24.0,102.0,CTX,CTX,CTX,3,4
s3,TGGAAGAAGGGAACGT-1,1,39.0,35.0,CP,CP_intact,CP_intact,2,2
s3,TGGAAGACGAACACCA-1,9,14.0,46.0,CTX,CTX,CTX,3,4
s3,TGGAAGGATAAAGATG-1,2,20.0,68.0,CTX,CTX,CTX,3,4
s3,TGGAATTAGACGCTTT-1,1,26.0,18.0,CP,CP_intact,CP_intact,2,2
s3,TGGACACCGTTGCTTG-1,5,20.0,10.0,CTX,CTX,CTX,3,4
s3,TGGACCAATCTAAGAT-1,6,62.0,80.0,MSC,MSC,MSC,5,6
s3,TGGACGTAGGCGAATC-1,2,9.0,7.0,CTX,CTX,CTX,3,4
s3,TGGACTGTTCGCTCAA-1,6,37.0,73.0,LSX,LSX,LSX,4,5
s3,TGGAGTGATGCGATGA-1,7,29.0,41.0,CP,CP_intact,CP_intact,2,2
s3,TGGATAGAGTAACAGA-1,9,10.0,14.0,CTX,CTX,CTX,3,4
s3,TGGCAAACTAAATTAC-1,6,50.0,78.0,MSC,MSC,MSC,5,6
s3,TGGCAACTCGCGCGCC-1,5,22.0,86.0,CTX,CTX,CTX,3,4
s3,TGGCAATGGGACGGCG-1,8,54.0,106.0,CP,CP_lesioned,CP_lesioned,2,3
s3,TGGCAGATTACGATCA-1,3,44.0,58.0,ACB,ACB_intact,ACB_intact,1,0
s3,TGGCAGCAGTAATAGT-1,3,39.0,61.0,ACB,ACB_intact,ACB_intact,1,0
s3,TGGCCAAACTGAAGTA-1,2,28.0,76.0,CTX,CTX,CTX,3,4
s3,TGGCCGTATATTGACC-1,7,26.0,38.0,CP,CP_intact,CP_intact,2,2
s3,TGGCGATCAAGTTATG-1,3,51.0,55.0,ACB,ACB_intact,ACB_intact,1,0
s3,TGGCTACACTCTACCT-1,8,64.0,100.0,ACB,ACB_lesioned,ACB_lesioned,1,1
s3,TGGCTATGTGACATAC-1,6,60.0,82.0,MSC,MSC,MSC,5,6
s3,TGGCTTTGGGTAGACA-1,5,19.0,51.0,CTX,CTX,CTX,3,4
s3,TGGGAAATGCCTTTCC-1,1,23.0,27.0,CP,CP_intact,CP_intact,2,2
s3,TGGGCAATAGTTGGGT-1,7,46.0,108.0,CP,CP_lesioned,CP_lesioned,2,3
s3,TGGGCACGTTCTATGG-1,2,15.0,73.0,CTX,CTX,CTX,3,4
s3,TGGGCAGGCCACCGCA-1,8,54.0,116.0,CP,CP_lesioned,CP_lesioned,2,3
s3,TGGGCCACAAGAGCGC-1,2,18.0,72.0,CTX,CTX,CTX,3,4
s3,TGGGCCCATACTAATT-1,3,47.0,89.0,ACB,ACB_lesioned,ACB_lesioned,1,1
s3,TGGGCCTTGCCTGCAT-1,2,8.0,10.0,CTX,CTX,CTX,3,4
s3,TGGGTGTAATAGATTT-1,8,68.0,102.0,OT,OT,OT,6,7
s3,TGGTAGAATATATGGG-1,7,48.0,100.0,CP,CP_lesioned,CP_lesioned,2,3
s3,TGGTCCCACGCTACGG-1,6,52.0,74.0,MSC,MSC,MSC,5,6
s3,TGGTCTAGCTTACATG-1,5,21.0,5.0,CTX,CTX,CTX,3,4
s3,TGGTCTGTTGGGCGTA-1,1,37.0,29.0,CP,CP_intact,CP_intact,2,2
s3,TGGTGATCGTATTTGT-1,7,26.0,16.0,CP,CP_intact,CP_intact,2,2
s3,TGGTTAAGGGCGCTGG-1,9,26.0,114.0,CTX,CTX,CTX,3,4
s3,TGGTTATGCTTGCGGT-1,9,25.0,1.0,CTX,CTX,CTX,3,4
s3,TGGTTCAACGGGTAAT-1,6,50.0,74.0,MSC,MSC,MSC,5,6
s3,TGGTTCGTAGCAAAGG-1,4,23.0,55.0,cc,cc,cc,9,10
s3,TGTAATGACCACAATA-1,1,36.0,14.0,OT,OT,OT,6,7
s3,TGTACCTACACGAGGG-1,3,59.0,91.0,ACB,ACB_lesioned,ACB_lesioned,1,1
s3,TGTACGAACAAATCCG-1,0,38.0,58.0,VL,VL,VL,7,8
s3,TGTACTTCCGGGCATG-1,8,70.0,114.0,CTX,CTX,CTX,3,4
s3,TGTAGCCATCCCATTC-1,8,62.0,112.0,CP,CP_lesioned,CP_lesioned,2,3
s3,TGTAGGAGAAATTTCC-1,4,34.0,86.0,cc,cc,cc,9,10
s3,TGTAGTGATCTATAAT-1,1,35.0,33.0,CP,CP_intact,CP_intact,2,2
s3,TGTATAACAGATCCTG-1,2,29.0,79.0,CTX,CTX,CTX,3,4
s3,TGTATCCTTATTCCAT-1,2,10.0,50.0,CTX,CTX,CTX,3,4
s3,TGTATGGCGCAGACAG-1,3,43.0,93.0,VL,VL,VL,7,8
s3,TGTCCACGGCTCAACT-1,6,65.0,101.0,ACB,ACB_lesioned,ACB_lesioned,1,1
s3,TGTCCCGACATAGCAC-1,2,11.0,57.0,CTX,CTX,CTX,3,4
s3,TGTCCGTGGCGCCTTT-1,1,30.0,18.0,CP,CP_intact,CP_intact,2,2
s3,TGTCCTAAGTCACCGC-1,1,34.0,30.0,CP,CP_intact,CP_intact,2,2
s3,TGTCGGCATGGTGGAA-1,2,9.0,23.0,CTX,CTX,CTX,3,4
s3,TGTCTACAGTTTCTGT-1,2,11.0,53.0,CTX,CTX,CTX,3,4
s3,TGTGACTACGCCAGTC-1,2,21.0,73.0,CTX,CTX,CTX,3,4
s3,TGTGACTAGAGTTTGC-1,6,68.0,110.0,CTX,CTX,CTX,3,4
s3,TGTGCCGGTGCCGGAA-1,4,53.0,97.0,aco,aco,aco,8,9
s3,TGTGCTTTACGTAAGA-1,1,36.0,18.0,CP,CP_intact,CP_intact,2,2
s3,TGTGGACTATCTACGT-1,8,52.0,126.0,CP,CP_lesioned,CP_lesioned,2,3
s3,TGTGGCAAAGCGTATG-1,5,29.0,87.0,CTX,CTX,CTX,3,4
s3,TGTGGCTCCCACCAAC-1,7,44.0,118.0,CP,CP_lesioned,CP_lesioned,2,3
s3,TGTGGTAGGGTGCCTT-1,8,53.0,125.0,CP,CP_lesioned,CP_lesioned,2,3
s3,TGTGTAGTAGCACGTG-1,8,58.0,116.0,CP,CP_lesioned,CP_lesioned,2,3
s3,TGTGTCGCGAGTTGCA-1,7,24.0,36.0,CP,CP_intact,CP_intact,2,2
s3,TGTGTTCGTATCCAAG-1,1,31.0,21.0,CP,CP_intact,CP_intact,2,2
s3,TGTTATTGTATGTGGC-1,6,44.0,86.0,LSX,LSX,LSX,4,5
s3,TGTTCATAAATGTGCT-1,2,26.0,8.0,CTX,CTX,CTX,3,4
s3,TGTTCCGCTTCCATGA-1,7,36.0,44.0,CP,CP_intact,CP_intact,2,2
s3,TGTTCGTATTGCGGTG-1,3,49.0,61.0,ACB,ACB_intact,ACB_intact,1,0
s3,TGTTCTTCCATTGACT-1,7,33.0,43.0,CP,CP_intact,CP_intact,2,2
s3,TGTTGCCGTCGTCCCA-1,8,46.0,122.0,CP,CP_lesioned,CP_lesioned,2,3
s3,TGTTGTCAAGAAGTCT-1,2,24.0,82.0,CTX,CTX,CTX,3,4
s3,TGTTTCGGTACTTCTC-1,9,18.0,56.0,CTX,CTX,CTX,3,4
s3,TGTTTGAGATCGTCAG-1,8,49.0,115.0,CP,CP_lesioned,CP_lesioned,2,3
s3,TTAAACAGAGTCCCGC-1,2,9.0,27.0,CTX,CTX,CTX,3,4
s3,TTAAACCTGGTTCCTT-1,7,26.0,12.0,cc,cc,cc,9,10
s3,TTAAACTCGAATTCAT-1,4,31.0,95.0,cc,cc,cc,9,10
s3,TTAAAGTAAGTCGCCA-1,6,69.0,105.0,OT,OT,OT,6,7
s3,TTAACACCTCGAACAT-1,1,24.0,22.0,CP,CP_intact,CP_intact,2,2
s3,TTAACCAACCCTCCCT-1,5,19.0,55.0,CTX,CTX,CTX,3,4
s3,TTAACGTTAAAGCCTG-1,2,36.0,4.0,CTX,CTX,CTX,3,4
s3,TTAACTCACGCGTGGA-1,4,24.0,14.0,cc,cc,cc,9,10
s3,TTAAGATAGGATTGAC-1,7,43.0,101.0,CP,CP_lesioned,CP_lesioned,2,3
s3,TTAAGCGCCTGACCCA-1,7,30.0,44.0,CP,CP_intact,CP_intact,2,2
s3,TTAAGTATTGTTATCC-1,6,64.0,90.0,OT,OT,OT,6,7
s3,TTAATCAGTACGTCAG-1,2,18.0,76.0,CTX,CTX,CTX,3,4
s3,TTAATGTAGACCAGGT-1,4,30.0,68.0,cc,cc,cc,9,10
s3,TTAATGTGTTTGCAGG-1,9,12.0,6.0,CTX,CTX,CTX,3,4
s3,TTAATTTCAGACGCGG-1,2,17.0,69.0,CTX,CTX,CTX,3,4
s3,TTACAACTACGCATCC-1,4,24.0,52.0,cc,cc,cc,9,10
s3,TTACACGATCTGCGAC-1,8,62.0,110.0,CP,CP_lesioned,CP_lesioned,2,3
s3,TTACAGACCTAAATGA-1,5,26.0,96.0,CTX,CTX,CTX,3,4
s3,TTACATCGTGGCCTGG-1,5,20.0,36.0,cc,cc,cc,9,10
s3,TTACATGCCACAACTA-1,7,41.0,103.0,CP,CP_lesioned,CP_lesioned,2,3
s3,TTACCATTGATTACCC-1,1,34.0,28.0,CP,CP_intact,CP_intact,2,2
s3,TTACCCTAACAGTCCT-1,1,24.0,24.0,CP,CP_intact,CP_intact,2,2
s3,TTACCGCCTTAGGGAA-1,9,11.0,21.0,CTX,CTX,CTX,3,4
s3,TTACGGATGGTTCGAG-1,4,33.0,93.0,cc,cc,cc,9,10
s3,TTACGTATCTATGACA-1,6,64.0,116.0,CTX,CTX,CTX,3,4
s3,TTACTAAAGGACTTTA-1,6,48.0,78.0,MSC,MSC,MSC,5,6
s3,TTACTATCGGCTTCTC-1,1,34.0,16.0,CP,CP_intact,CP_intact,2,2
s3,TTACTCCGGCCGGGAA-1,4,34.0,78.0,VL,VL,VL,7,8
s3,TTACTCTGGTACGTAC-1,1,43.0,31.0,CP,CP_intact,CP_intact,2,2
s3,TTACTGGGATATTTCA-1,3,44.0,54.0,ACB,ACB_intact,ACB_intact,1,0
s3,TTAGAAGAACATGACT-1,6,52.0,64.0,ACB,ACB_intact,ACB_intact,1,0
s3,TTAGACGAGTCACCTC-1,6,48.0,80.0,MSC,MSC,MSC,5,6
s3,TTAGAGTTTAGAAGGA-1,6,46.0,86.0,LSX,LSX,LSX,4,5
s3,TTAGATAGGTCGATAC-1,9,13.0,21.0,CTX,CTX,CTX,3,4
s3,TTAGCAACATGGATGT-1,5,20.0,28.0,CTX,CTX,CTX,3,4
s3,TTAGCTAATACGATCT-1,9,22.0,98.0,CTX,CTX,CTX,3,4
s3,TTAGCTCTGTAATCCG-1,1,31.0,15.0,CP,CP_intact,CP_intact,2,2
s3,TTAGCTGATTTGCCGT-1,8,38.0,94.0,CP,CP_lesioned,CP_lesioned,2,3
s3,TTAGTAAACCTGCTCT-1,6,62.0,94.0,ACB,ACB_lesioned,ACB_lesioned,1,1
s3,TTAGTAGGGCGGCGGG-1,1,34.0,26.0,CP,CP_intact,CP_intact,2,2
s3,TTAGTTATTCGTGGCA-1,3,47.0,91.0,VL,VL,VL,7,8
s3,TTATATACGCTGTCAC-1,6,38.0,74.0,LSX,LSX,LSX,4,5
s3,TTATATTTGGCAATCC-1,2,26.0,64.0,CTX,CTX,CTX,3,4
s3,TTATCCAATCGAACTC-1,9,13.0,33.0,CTX,CTX,CTX,3,4
s3,TTATCCGGGATCTATA-1,3,51.0,87.0,ACB,ACB_lesioned,ACB_lesioned,1,1
s3,TTATCGCCTGCGAAGC-1,7,27.0,17.0,CP,CP_intact,CP_intact,2,2
s3,TTATCTGTATCATAAC-1,5,22.0,60.0,CTX,CTX,CTX,3,4
s3,TTATGAATGAAAGGGA-1,3,41.0,63.0,LSX,LSX,LSX,4,5
s3,TTATGACAAACTGGAT-1,7,27.0,35.0,CP,CP_intact,CP_intact,2,2
s3,TTATGATCTTAACGAA-1,0,38.0,82.0,VL,VL,VL,7,8
s3,TTATGTTTGCGATAGA-1,1,26.0,20.0,CP,CP_intact,CP_intact,2,2
s3,TTATTAGAGCGTGTTC-1,6,46.0,70.0,LSX,LSX,LSX,4,5
s3,TTATTAGGGAAGCATC-1,9,15.0,59.0,CTX,CTX,CTX,3,4
s3,TTATTATCTGGAAGGC-1,8,55.0,121.0,CP,CP_lesioned,CP_lesioned,2,3
s3,TTATTTAGGTTCCTTA-1,0,66.0,126.0,CTX,CTX,CTX,3,4
s3,TTCAAAGTCTCTAGCC-1,0,35.0,75.0,VL,VL,VL,7,8
s3,TTCAACGACCCGACCG-1,5,20.0,48.0,CTX,CTX,CTX,3,4
s3,TTCAATACTCTGAATC-1,6,38.0,86.0,LSX,LSX,LSX,4,5
s3,TTCACGAAAGGATCAC-1,7,38.0,54.0,CP,CP_intact,CP_intact,2,2
s3,TTCACTCGAGCACCTA-1,6,55.0,69.0,MSC,MSC,MSC,5,6
s3,TTCAGCCCTGGTCCAC-1,6,47.0,85.0,LSX,LSX,LSX,4,5
s3,TTCAGCTGGCGTGCCC-1,7,55.0,95.0,ACB,ACB_lesioned,ACB_lesioned,1,1
s3,TTCAGGCGTCAAAGCC-1,1,40.0,16.0,OT,OT,OT,6,7
s3,TTCAGTTTGTGGCAGC-1,2,27.0,7.0,CTX,CTX,CTX,3,4
s3,TTCATAGGGTGTCCAT-1,9,16.0,4.0,CTX,CTX,CTX,3,4
s3,TTCATGGCGCAACAGG-1,0,19.0,75.0,CTX,CTX,CTX,3,4
s3,TTCCAATCAGAGCTAG-1,9,23.0,95.0,CTX,CTX,CTX,3,4
s3,TTCCAATCTGGCTATC-1,3,48.0,46.0,ACB,ACB_intact,ACB_intact,1,0
s3,TTCCACACAGATTTGA-1,3,50.0,46.0,ACB,ACB_intact,ACB_intact,1,0
s3,TTCCAGACGAGATTTA-1,7,39.0,111.0,CP,CP_lesioned,CP_lesioned,2,3
s3,TTCCATCGACAGCGTG-1,8,61.0,107.0,CP,CP_lesioned,CP_lesioned,2,3
s3,TTCCGCGTGAGGCGAT-1,3,46.0,64.0,ACB,ACB_intact,ACB_intact,1,0
s3,TTCCGGTATCTGTGTC-1,7,41.0,115.0,CP,CP_lesioned,CP_lesioned,2,3
s3,TTCCGGTTACCCACTT-1,6,45.0,87.0,LSX,LSX,LSX,4,5
s3,TTCCTCGAGGGTGTCT-1,4,21.0,49.0,cc,cc,cc,9,10
s3,TTCCTCGGACTAACCA-1,3,50.0,86.0,ACB,ACB_lesioned,ACB_lesioned,1,1
s3,TTCCTCTGCCCGAATA-1,1,35.0,15.0,CP,CP_intact,CP_intact,2,2
s3,TTCCTTTCTGTGTTGC-1,9,11.0,25.0,CTX,CTX,CTX,3,4
s3,TTCGACAGAGCCCGTG-1,6,52.0,68.0,MSC,MSC,MSC,5,6
s3,TTCGACGGGAAGGGCG-1,7,24.0,44.0,CP,CP_intact,CP_intact,2,2
s3,TTCGCACTCGCGTGCT-1,7,25.0,45.0,CP,CP_intact,CP_intact,2,2
s3,TTCGCATCCGGAAGCA-1,9,11.0,19.0,CTX,CTX,CTX,3,4
s3,TTCGCTAGGAAGTTGT-1,8,41.0,117.0,CP,CP_lesioned,CP_lesioned,2,3
s3,TTCGGCTAGAGATGGT-1,5,18.0,24.0,CTX,CTX,CTX,3,4
s3,TTCGGGACTAATCGCG-1,0,36.0,72.0,LSX,LSX,LSX,4,5
s3,TTCGGGTTGCCACGGG-1,8,61.0,117.0,CP,CP_lesioned,CP_lesioned,2,3
s3,TTCGGTGGAGACGCCC-1,8,47.0,121.0,CP,CP_lesioned,CP_lesioned,2,3
s3,TTCGTACTCCAGAACG-1,1,29.0,29.0,CP,CP_intact,CP_intact,2,2
s3,TTCGTTCAACGAAGTT-1,9,23.0,105.0,CTX,CTX,CTX,3,4
s3,TTCTAACCGAAGCTTA-1,0,34.0,90.0,cc,cc,cc,9,10
s3,TTCTACTTGCGAGGGC-1,4,22.0,32.0,cc,cc,cc,9,10
s3,TTCTAGGCCAATTGTG-1,4,22.0,44.0,cc,cc,cc,9,10
s3,TTCTATGCCTTTCGCA-1,9,29.0,121.0,CTX,CTX,CTX,3,4
s3,TTCTGACCGGGCTCAA-1,3,52.0,84.0,ACB,ACB_lesioned,ACB_lesioned,1,1
s3,TTCTGCCGCGCCTAGA-1,6,49.0,69.0,ACB,ACB_intact,ACB_intact,1,0
s3,TTCTGCGAGCGCCCTT-1,1,33.0,17.0,CP,CP_intact,CP_intact,2,2
s3,TTCTGCGGGTTAGCGG-1,6,40.0,80.0,LSX,LSX,LSX,4,5
s3,TTCTGCTAGACTCCAA-1,0,28.0,106.0,CTX,CTX,CTX,3,4
s3,TTCTGTTTCCTGTCGC-1,5,20.0,12.0,CTX,CTX,CTX,3,4
s3,TTCTTAGTGAACGGTG-1,5,18.0,34.0,CTX,CTX,CTX,3,4
s3,TTCTTAGTGGCTCAGA-1,9,17.0,61.0,CTX,CTX,CTX,3,4
s3,TTCTTATCCGCTGGGT-1,7,49.0,101.0,CP,CP_lesioned,CP_lesioned,2,3
s3,TTCTTGAGCCGCGCTA-1,1,47.0,41.0,CP,CP_intact,CP_intact,2,2
s3,TTCTTGCTAGCATCTC-1,7,40.0,110.0,CP,CP_lesioned,CP_lesioned,2,3
s3,TTCTTGGAGTAATGAG-1,2,21.0,79.0,CTX,CTX,CTX,3,4
s3,TTCTTGTAACCTAATG-1,7,23.0,35.0,CP,CP_intact,CP_intact,2,2
s3,TTCTTGTGTCCATCAG-1,2,30.0,8.0,CTX,CTX,CTX,3,4
s3,TTCTTTGGTCGCGACG-1,9,24.0,104.0,CTX,CTX,CTX,3,4
s3,TTGAAACCCTCATTCC-1,0,68.0,120.0,CTX,CTX,CTX,3,4
s3,TTGAACGAATCCTTTG-1,5,19.0,21.0,CTX,CTX,CTX,3,4
s3,TTGAACGACGTGCTGA-1,6,60.0,88.0,ACB,ACB_lesioned,ACB_lesioned,1,1
s3,TTGAAGAATTCCCAGG-1,7,32.0,50.0,CP,CP_intact,CP_intact,2,2
s3,TTGAATATGGACTTTC-1,4,34.0,76.0,VL,VL,VL,7,8
s3,TTGAATTCACGTGAGG-1,7,39.0,97.0,CP,CP_lesioned,CP_lesioned,2,3
s3,TTGACAGGAGCTCCCG-1,7,47.0,99.0,CP,CP_lesioned,CP_lesioned,2,3
s3,TTGACATGAACGTGGA-1,1,44.0,32.0,CP,CP_intact,CP_intact,2,2
s3,TTGACCATGTTCTCCG-1,2,24.0,78.0,CTX,CTX,CTX,3,4
s3,TTGACGCTCCATGAGC-1,7,41.0,101.0,CP,CP_lesioned,CP_lesioned,2,3
s3,TTGACTACCATATGGT-1,1,43.0,41.0,CP,CP_intact,CP_intact,2,2
s3,TTGACTATTGTCCGGC-1,7,46.0,104.0,CP,CP_lesioned,CP_lesioned,2,3
s3,TTGAGAAGTTTAGCAT-1,3,55.0,87.0,ACB,ACB_lesioned,ACB_lesioned,1,1
s3,TTGAGAGTACTGCTAA-1,1,44.0,38.0,CP,CP_intact,CP_intact,2,2
s3,TTGAGCAGCCCACGGT-1,7,44.0,116.0,CP,CP_lesioned,CP_lesioned,2,3
s3,TTGAGCGCCACGTGAT-1,4,38.0,118.0,CP,CP_lesioned,CP_lesioned,2,3
s3,TTGAGTCCCGCTGCTG-1,7,39.0,119.0,CP,CP_lesioned,CP_lesioned,2,3
s3,TTGATAGTCAATACAT-1,9,27.0,115.0,CTX,CTX,CTX,3,4
s3,TTGATCTAACTTTGTC-1,7,29.0,47.0,CP,CP_intact,CP_intact,2,2
s3,TTGATGTGTAGTCCCG-1,5,24.0,90.0,CTX,CTX,CTX,3,4
s3,TTGATTATGCAGATGA-1,7,27.0,33.0,CP,CP_intact,CP_intact,2,2
s3,TTGCACAATTCAGAAA-1,3,43.0,57.0,ACB,ACB_intact,ACB_intact,1,0
s3,TTGCACGGAGCAGCAC-1,5,21.0,59.0,CTX,CTX,CTX,3,4
s3,TTGCATGCTGATCACG-1,1,41.0,35.0,CP,CP_intact,CP_intact,2,2
s3,TTGCCAAGCAGAACCC-1,7,44.0,114.0,CP,CP_lesioned,CP_lesioned,2,3
s3,TTGCCCTGATCACGGG-1,1,36.0,34.0,CP,CP_intact,CP_intact,2,2
s3,TTGCCGCTTTCTAGTA-1,6,62.0,78.0,MSC,MSC,MSC,5,6
s3,TTGCCTTCTCGCCGGG-1,0,68.0,104.0,OT,OT,OT,6,7
s3,TTGCGCTCTCTCGCTT-1,9,22.0,4.0,CTX,CTX,CTX,3,4
s3,TTGCGCTTGATCAATA-1,7,69.0,101.0,OT,OT,OT,6,7
s3,TTGCGTAGTTTGAGGA-1,1,25.0,19.0,CP,CP_intact,CP_intact,2,2
s3,TTGCTCATAGTACGTG-1,7,67.0,107.0,OT,OT,OT,6,7
s3,TTGCTCCCATACCGGA-1,2,22.0,72.0,CTX,CTX,CTX,3,4
s3,TTGCTGAAGGAACCAC-1,5,19.0,57.0,CTX,CTX,CTX,3,4
s3,TTGCTGATCATGTTCG-1,3,33.0,57.0,CP,CP_intact,CP_intact,2,2
s3,TTGCTGCACCTATCCA-1,4,22.0,20.0,cc,cc,cc,9,10
s3,TTGGACATGTGGCTTA-1,1,41.0,29.0,CP,CP_intact,CP_intact,2,2
s3,TTGGACCATCTGGCAA-1,8,51.0,105.0,CP,CP_lesioned,CP_lesioned,2,3
s3,TTGGACCTATAACAGT-1,6,56.0,86.0,ACB,ACB_lesioned,ACB_lesioned,1,1
s3,TTGGATATCGTCTACG-1,3,48.0,52.0,ACB,ACB_intact,ACB_intact,1,0
s3,TTGGATTGGGTACCAC-1,9,17.0,55.0,CTX,CTX,CTX,3,4
s3,TTGGCCATCTTGCGCT-1,5,17.0,21.0,CTX,CTX,CTX,3,4
s3,TTGGCGATCCGAATAT-1,5,35.0,121.0,CTX,CTX,CTX,3,4
s3,TTGGCTCAATATGTGT-1,6,65.0,113.0,CTX,CTX,CTX,3,4
s3,TTGGCTCGCATGAGAC-1,7,23.0,37.0,CP,CP_intact,CP_intact,2,2
s3,TTGGGACACTGCCCGC-1,0,28.0,70.0,CTX,CTX,CTX,3,4
s3,TTGGGACGTAAGAGTT-1,7,51.0,109.0,CP,CP_lesioned,CP_lesioned,2,3
s3,TTGGGCGGCGGTTGCC-1,2,30.0,76.0,CTX,CTX,CTX,3,4
s3,TTGGTATGGCTTGTGT-1,5,33.0,117.0,CTX,CTX,CTX,3,4
s3,TTGGTCACACTCGTAA-1,3,48.0,48.0,ACB,ACB_intact,ACB_intact,1,0
s3,TTGGTTCGCTCAAAGG-1,5,39.0,125.0,CTX,CTX,CTX,3,4
s3,TTGTAAGGCCAGTTGG-1,2,27.0,81.0,CTX,CTX,CTX,3,4
s3,TTGTAATCCGTACTCG-1,7,35.0,55.0,CP,CP_intact,CP_intact,2,2
s3,TTGTCGTTCAGTTACC-1,5,22.0,58.0,CTX,CTX,CTX,3,4
s3,TTGTGAACCTAATCCG-1,3,56.0,90.0,ACB,ACB_lesioned,ACB_lesioned,1,1
s3,TTGTGATCTGTTCAGT-1,8,69.0,111.0,CTX,CTX,CTX,3,4
s3,TTGTGGCCCTGACAGT-1,5,18.0,60.0,CTX,CTX,CTX,3,4
s3,TTGTGGTGGTACTAAG-1,6,63.0,95.0,ACB,ACB_lesioned,ACB_lesioned,1,1
s3,TTGTGTATGCCACCAA-1,3,56.0,60.0,MSC,MSC,MSC,5,6
s3,TTGTGTTTCCCGAAAG-1,6,51.0,59.0,ACB,ACB_intact,ACB_intact,1,0
s3,TTGTTAGCAAATTCGA-1,4,22.0,42.0,cc,cc,cc,9,10
s3,TTGTTCAGTGTGCTAC-1,2,24.0,64.0,CTX,CTX,CTX,3,4
s3,TTGTTCTAGATACGCT-1,9,21.0,3.0,CTX,CTX,CTX,3,4
s3,TTGTTGTGTGTCAAGA-1,4,31.0,77.0,cc,cc,cc,9,10
