cluster,s1_count,s2_count,s3_count,total_count,s1_fraction,s2_fraction,s3_fraction
0,600,770,545,1915,0.3133159268929504,0.402088772845953,0.2845953002610966
1,624,625,678,1927,0.32381940840685003,0.3243383497664764,0.35184224182667356
2,291,333,431,1055,0.27582938388625594,0.31563981042654027,0.4085308056872038
3,300,393,393,1086,0.27624309392265195,0.36187845303867405,0.36187845303867405
4,263,267,242,772,0.34067357512953367,0.34585492227979275,0.3134715025906736
5,306,432,373,1111,0.27542754275427545,0.38883888388838883,0.3357335733573357
