cluster,s1_count,s2_count,s3_count,total_count,s1_fraction,s2_fraction,s3_fraction
0,290,333,431,1054,0.27514231499051234,0.3159392789373814,0.4089184060721063
1,300,393,393,1086,0.27624309392265195,0.36187845303867405,0.36187845303867405
2,622,624,678,1924,0.3232848232848233,0.32432432432432434,0.3523908523908524
3,268,268,242,778,0.3444730077120823,0.3444730077120823,0.3110539845758355
4,597,768,545,1910,0.312565445026178,0.40209424083769635,0.28534031413612565
5,307,434,373,1114,0.2755834829443447,0.3895870736086176,0.3348294434470377
