section,neighbor_same_cluster_fraction
s1,0.8282298657718121
s2,0.8137706855791962
s3,0.8230653643876784
