section,neighbor_same_cluster_fraction
s1,0.8273909395973155
s2,0.8147754137115839
s3,0.8230653643876784
