section,obs_name,cluster,x,y
Mouse_Thymus1,0_22,4,8919.0,13270.0
Mouse_Thymus1,0_33,1,8919.0,14370.0
Mouse_Thymus1,0_40,1,8919.0,15070.0
Mouse_Thymus1,0_41,1,8919.0,15170.0
Mouse_Thymus1,0_42,1,8919.0,15270.0
Mouse_Thymus1,10_10,1,9919.0,12070.0
Mouse_Thymus1,10_11,1,9919.0,12170.0
Mouse_Thymus1,10_12,1,9919.0,12270.0
Mouse_Thymus1,10_13,1,9919.0,12370.0
Mouse_Thymus1,10_14,1,9919.0,12470.0
Mouse_Thymus1,10_15,1,9919.0,12570.0
Mouse_Thymus1,10_16,1,9919.0,12670.0
Mouse_Thymus1,10_17,4,9919.0,12770.0
Mouse_Thymus1,10_18,1,9919.0,12870.0
Mouse_Thymus1,10_19,1,9919.0,12970.0
Mouse_Thymus1,10_20,4,9919.0,13070.0
Mouse_Thymus1,10_21,1,9919.0,13170.0
Mouse_Thymus1,10_22,1,9919.0,13270.0
Mouse_Thymus1,10_23,1,9919.0,13370.0
Mouse_Thymus1,10_24,1,9919.0,13470.0
Mouse_Thymus1,10_25,1,9919.0,13570.0
Mouse_Thymus1,10_26,1,9919.0,13670.0
Mouse_Thymus1,10_27,1,9919.0,13770.0
Mouse_Thymus1,10_28,1,9919.0,13870.0
Mouse_Thymus1,10_29,1,9919.0,13970.0
Mouse_Thymus1,10_30,1,9919.0,14070.0
Mouse_Thymus1,10_31,1,9919.0,14170.0
Mouse_Thymus1,10_32,1,9919.0,14270.0
Mouse_Thymus1,10_33,1,9919.0,14370.0
Mouse_Thymus1,10_34,4,9919.0,14470.0
Mouse_Thymus1,10_35,1,9919.0,14570.0
Mouse_Thymus1,10_36,1,9919.0,14670.0
Mouse_Thymus1,10_37,1,9919.0,14770.0
Mouse_Thymus1,10_38,1,9919.0,14870.0
Mouse_Thymus1,10_39,1,9919.0,14970.0
Mouse_Thymus1,10_4,1,9919.0,11470.0
Mouse_Thymus1,10_40,1,9919.0,15070.0
Mouse_Thymus1,10_41,1,9919.0,15170.0
Mouse_Thymus1,10_42,1,9919.0,15270.0
Mouse_Thymus1,10_43,1,9919.0,15370.0
Mouse_Thymus1,10_44,1,9919.0,15470.0
Mouse_Thymus1,10_45,1,9919.0,15570.0
Mouse_Thymus1,10_46,1,9919.0,15670.0
Mouse_Thymus1,10_47,1,9919.0,15770.0
Mouse_Thymus1,10_48,1,9919.0,15870.0
Mouse_Thymus1,10_49,1,9919.0,15970.0
Mouse_Thymus1,10_5,1,9919.0,11570.0
Mouse_Thymus1,10_50,1,9919.0,16070.0
Mouse_Thymus1,10_51,1,9919.0,16170.0
Mouse_Thymus1,10_52,1,9919.0,16270.0
Mouse_Thymus1,10_53,1,9919.0,16370.0
Mouse_Thymus1,10_54,4,9919.0,16470.0
Mouse_Thymus1,10_55,1,9919.0,16570.0
Mouse_Thymus1,10_56,1,9919.0,16670.0
Mouse_Thymus1,10_57,1,9919.0,16770.0
Mouse_Thymus1,10_58,1,9919.0,16870.0
Mouse_Thymus1,10_59,1,9919.0,16970.0
Mouse_Thymus1,10_6,1,9919.0,11670.0
Mouse_Thymus1,10_60,1,9919.0,17070.0
Mouse_Thymus1,10_61,1,9919.0,17170.0
Mouse_Thymus1,10_62,1,9919.0,17270.0
Mouse_Thymus1,10_63,1,9919.0,17370.0
Mouse_Thymus1,10_64,1,9919.0,17470.0
Mouse_Thymus1,10_65,1,9919.0,17570.0
Mouse_Thymus1,10_66,1,9919.0,17670.0
Mouse_Thymus1,10_67,4,9919.0,17770.0
Mouse_Thymus1,10_68,1,9919.0,17870.0
Mouse_Thymus1,10_69,1,9919.0,17970.0
Mouse_Thymus1,10_7,1,9919.0,11770.0
Mouse_Thymus1,10_70,1,9919.0,18070.0
Mouse_Thymus1,10_71,1,9919.0,18170.0
Mouse_Thymus1,10_72,1,9919.0,18270.0
Mouse_Thymus1,10_73,1,9919.0,18370.0
Mouse_Thymus1,10_74,1,9919.0,18470.0
Mouse_Thymus1,10_75,4,9919.0,18570.0
Mouse_Thymus1,10_8,1,9919.0,11870.0
Mouse_Thymus1,10_9,1,9919.0,11970.0
Mouse_Thymus1,11_10,1,10019.0,12070.0
Mouse_Thymus1,11_11,1,10019.0,12170.0
Mouse_Thymus1,11_12,4,10019.0,12270.0
Mouse_Thymus1,11_13,1,10019.0,12370.0
Mouse_Thymus1,11_14,1,10019.0,12470.0
Mouse_Thymus1,11_15,1,10019.0,12570.0
Mouse_Thymus1,11_16,1,10019.0,12670.0
Mouse_Thymus1,11_17,1,10019.0,12770.0
Mouse_Thymus1,11_18,1,10019.0,12870.0
Mouse_Thymus1,11_19,1,10019.0,12970.0
Mouse_Thymus1,11_20,4,10019.0,13070.0
Mouse_Thymus1,11_21,1,10019.0,13170.0
Mouse_Thymus1,11_22,1,10019.0,13270.0
Mouse_Thymus1,11_23,1,10019.0,13370.0
Mouse_Thymus1,11_24,1,10019.0,13470.0
Mouse_Thymus1,11_25,1,10019.0,13570.0
Mouse_Thymus1,11_26,1,10019.0,13670.0
Mouse_Thymus1,11_27,1,10019.0,13770.0
Mouse_Thymus1,11_28,1,10019.0,13870.0
Mouse_Thymus1,11_29,1,10019.0,13970.0
Mouse_Thymus1,11_30,1,10019.0,14070.0
Mouse_Thymus1,11_31,1,10019.0,14170.0
Mouse_Thymus1,11_32,1,10019.0,14270.0
Mouse_Thymus1,11_33,1,10019.0,14370.0
Mouse_Thymus1,11_34,1,10019.0,14470.0
Mouse_Thymus1,11_35,1,10019.0,14570.0
Mouse_Thymus1,11_36,1,10019.0,14670.0
Mouse_Thymus1,11_37,1,10019.0,14770.0
Mouse_Thymus1,11_38,1,10019.0,14870.0
Mouse_Thymus1,11_39,1,10019.0,14970.0
Mouse_Thymus1,11_4,1,10019.0,11470.0
Mouse_Thymus1,11_40,1,10019.0,15070.0
Mouse_Thymus1,11_41,1,10019.0,15170.0
Mouse_Thymus1,11_42,1,10019.0,15270.0
Mouse_Thymus1,11_43,1,10019.0,15370.0
Mouse_Thymus1,11_44,1,10019.0,15470.0
Mouse_Thymus1,11_45,1,10019.0,15570.0
Mouse_Thymus1,11_46,1,10019.0,15670.0
Mouse_Thymus1,11_47,1,10019.0,15770.0
Mouse_Thymus1,11_48,1,10019.0,15870.0
Mouse_Thymus1,11_49,1,10019.0,15970.0
Mouse_Thymus1,11_5,0,10019.0,11570.0
Mouse_Thymus1,11_50,1,10019.0,16070.0
Mouse_Thymus1,11_51,1,10019.0,16170.0
Mouse_Thymus1,11_52,1,10019.0,16270.0
Mouse_Thymus1,11_53,1,10019.0,16370.0
Mouse_Thymus1,11_54,1,10019.0,16470.0
Mouse_Thymus1,11_55,1,10019.0,16570.0
Mouse_Thymus1,11_56,4,10019.0,16670.0
Mouse_Thymus1,11_57,1,10019.0,16770.0
Mouse_Thymus1,11_58,1,10019.0,16870.0
Mouse_Thymus1,11_59,4,10019.0,16970.0
Mouse_Thymus1,11_6,2,10019.0,11670.0
Mouse_Thymus1,11_60,1,10019.0,17070.0
Mouse_Thymus1,11_61,1,10019.0,17170.0
Mouse_Thymus1,11_62,1,10019.0,17270.0
Mouse_Thymus1,11_63,4,10019.0,17370.0
Mouse_Thymus1,11_64,1,10019.0,17470.0
Mouse_Thymus1,11_65,1,10019.0,17570.0
Mouse_Thymus1,11_66,1,10019.0,17670.0
Mouse_Thymus1,11_67,1,10019.0,17770.0
Mouse_Thymus1,11_68,1,10019.0,17870.0
Mouse_Thymus1,11_69,1,10019.0,17970.0
Mouse_Thymus1,11_7,1,10019.0,11770.0
Mouse_Thymus1,11_70,1,10019.0,18070.0
Mouse_Thymus1,11_71,1,10019.0,18170.0
Mouse_Thymus1,11_72,1,10019.0,18270.0
Mouse_Thymus1,11_73,1,10019.0,18370.0
Mouse_Thymus1,11_74,1,10019.0,18470.0
Mouse_Thymus1,11_75,1,10019.0,18570.0
Mouse_Thymus1,11_76,1,10019.0,18670.0
Mouse_Thymus1,11_8,1,10019.0,11870.0
Mouse_Thymus1,11_9,1,10019.0,11970.0
Mouse_Thymus1,12_10,1,10119.0,12070.0
Mouse_Thymus1,12_11,1,10119.0,12170.0
Mouse_Thymus1,12_12,4,10119.0,12270.0
Mouse_Thymus1,12_13,1,10119.0,12370.0
Mouse_Thymus1,12_14,1,10119.0,12470.0
Mouse_Thymus1,12_15,4,10119.0,12570.0
Mouse_Thymus1,12_16,4,10119.0,12670.0
Mouse_Thymus1,12_17,1,10119.0,12770.0
Mouse_Thymus1,12_18,1,10119.0,12870.0
Mouse_Thymus1,12_19,1,10119.0,12970.0
Mouse_Thymus1,12_20,4,10119.0,13070.0
Mouse_Thymus1,12_21,1,10119.0,13170.0
Mouse_Thymus1,12_22,1,10119.0,13270.0
Mouse_Thymus1,12_23,1,10119.0,13370.0
Mouse_Thymus1,12_24,1,10119.0,13470.0
Mouse_Thymus1,12_25,1,10119.0,13570.0
Mouse_Thymus1,12_26,1,10119.0,13670.0
Mouse_Thymus1,12_27,1,10119.0,13770.0
Mouse_Thymus1,12_28,1,10119.0,13870.0
Mouse_Thymus1,12_29,1,10119.0,13970.0
Mouse_Thymus1,12_30,1,10119.0,14070.0
Mouse_Thymus1,12_31,1,10119.0,14170.0
Mouse_Thymus1,12_32,1,10119.0,14270.0
Mouse_Thymus1,12_33,1,10119.0,14370.0
Mouse_Thymus1,12_34,1,10119.0,14470.0
Mouse_Thymus1,12_35,1,10119.0,14570.0
Mouse_Thymus1,12_36,1,10119.0,14670.0
Mouse_Thymus1,12_37,1,10119.0,14770.0
Mouse_Thymus1,12_38,1,10119.0,14870.0
Mouse_Thymus1,12_39,1,10119.0,14970.0
Mouse_Thymus1,12_4,1,10119.0,11470.0
Mouse_Thymus1,12_40,4,10119.0,15070.0
Mouse_Thymus1,12_41,4,10119.0,15170.0
Mouse_Thymus1,12_42,1,10119.0,15270.0
Mouse_Thymus1,12_43,1,10119.0,15370.0
Mouse_Thymus1,12_44,1,10119.0,15470.0
Mouse_Thymus1,12_45,1,10119.0,15570.0
Mouse_Thymus1,12_46,1,10119.0,15670.0
Mouse_Thymus1,12_47,1,10119.0,15770.0
Mouse_Thymus1,12_48,1,10119.0,15870.0
Mouse_Thymus1,12_49,1,10119.0,15970.0
Mouse_Thymus1,12_5,1,10119.0,11570.0
Mouse_Thymus1,12_50,1,10119.0,16070.0
Mouse_Thymus1,12_51,1,10119.0,16170.0
Mouse_Thymus1,12_52,1,10119.0,16270.0
Mouse_Thymus1,12_53,1,10119.0,16370.0
Mouse_Thymus1,12_54,1,10119.0,16470.0
Mouse_Thymus1,12_55,1,10119.0,16570.0
Mouse_Thymus1,12_56,1,10119.0,16670.0
Mouse_Thymus1,12_57,1,10119.0,16770.0
Mouse_Thymus1,12_58,1,10119.0,16870.0
Mouse_Thymus1,12_59,1,10119.0,16970.0
Mouse_Thymus1,12_6,1,10119.0,11670.0
Mouse_Thymus1,12_60,1,10119.0,17070.0
Mouse_Thymus1,12_61,1,10119.0,17170.0
Mouse_Thymus1,12_62,1,10119.0,17270.0
Mouse_Thymus1,12_63,1,10119.0,17370.0
Mouse_Thymus1,12_64,1,10119.0,17470.0
Mouse_Thymus1,12_65,4,10119.0,17570.0
Mouse_Thymus1,12_66,1,10119.0,17670.0
Mouse_Thymus1,12_67,1,10119.0,17770.0
Mouse_Thymus1,12_68,1,10119.0,17870.0
Mouse_Thymus1,12_69,1,10119.0,17970.0
Mouse_Thymus1,12_7,1,10119.0,11770.0
Mouse_Thymus1,12_70,1,10119.0,18070.0
Mouse_Thymus1,12_71,4,10119.0,18170.0
Mouse_Thymus1,12_72,4,10119.0,18270.0
Mouse_Thymus1,12_73,4,10119.0,18370.0
Mouse_Thymus1,12_74,1,10119.0,18470.0
Mouse_Thymus1,12_75,4,10119.0,18570.0
Mouse_Thymus1,12_76,1,10119.0,18670.0
Mouse_Thymus1,12_77,1,10119.0,18770.0
Mouse_Thymus1,12_8,1,10119.0,11870.0
Mouse_Thymus1,12_9,1,10119.0,11970.0
Mouse_Thymus1,13_10,4,10219.0,12070.0
Mouse_Thymus1,13_11,1,10219.0,12170.0
Mouse_Thymus1,13_12,4,10219.0,12270.0
Mouse_Thymus1,13_13,1,10219.0,12370.0
Mouse_Thymus1,13_14,1,10219.0,12470.0
Mouse_Thymus1,13_15,1,10219.0,12570.0
Mouse_Thymus1,13_16,1,10219.0,12670.0
Mouse_Thymus1,13_17,4,10219.0,12770.0
Mouse_Thymus1,13_18,1,10219.0,12870.0
Mouse_Thymus1,13_19,1,10219.0,12970.0
Mouse_Thymus1,13_20,1,10219.0,13070.0
Mouse_Thymus1,13_21,1,10219.0,13170.0
Mouse_Thymus1,13_22,1,10219.0,13270.0
Mouse_Thymus1,13_23,1,10219.0,13370.0
Mouse_Thymus1,13_24,4,10219.0,13470.0
Mouse_Thymus1,13_25,1,10219.0,13570.0
Mouse_Thymus1,13_26,4,10219.0,13670.0
Mouse_Thymus1,13_27,1,10219.0,13770.0
Mouse_Thymus1,13_28,1,10219.0,13870.0
Mouse_Thymus1,13_29,1,10219.0,13970.0
Mouse_Thymus1,13_30,1,10219.0,14070.0
Mouse_Thymus1,13_31,1,10219.0,14170.0
Mouse_Thymus1,13_32,1,10219.0,14270.0
Mouse_Thymus1,13_33,1,10219.0,14370.0
Mouse_Thymus1,13_34,1,10219.0,14470.0
Mouse_Thymus1,13_35,4,10219.0,14570.0
Mouse_Thymus1,13_36,1,10219.0,14670.0
Mouse_Thymus1,13_37,1,10219.0,14770.0
Mouse_Thymus1,13_38,1,10219.0,14870.0
Mouse_Thymus1,13_39,1,10219.0,14970.0
Mouse_Thymus1,13_4,4,10219.0,11470.0
Mouse_Thymus1,13_40,1,10219.0,15070.0
Mouse_Thymus1,13_41,1,10219.0,15170.0
Mouse_Thymus1,13_42,1,10219.0,15270.0
Mouse_Thymus1,13_43,1,10219.0,15370.0
Mouse_Thymus1,13_44,1,10219.0,15470.0
Mouse_Thymus1,13_45,1,10219.0,15570.0
Mouse_Thymus1,13_46,1,10219.0,15670.0
Mouse_Thymus1,13_47,1,10219.0,15770.0
Mouse_Thymus1,13_48,1,10219.0,15870.0
Mouse_Thymus1,13_49,1,10219.0,15970.0
Mouse_Thymus1,13_5,4,10219.0,11570.0
Mouse_Thymus1,13_50,1,10219.0,16070.0
Mouse_Thymus1,13_51,1,10219.0,16170.0
Mouse_Thymus1,13_52,1,10219.0,16270.0
Mouse_Thymus1,13_53,1,10219.0,16370.0
Mouse_Thymus1,13_54,1,10219.0,16470.0
Mouse_Thymus1,13_55,1,10219.0,16570.0
Mouse_Thymus1,13_56,1,10219.0,16670.0
Mouse_Thymus1,13_57,1,10219.0,16770.0
Mouse_Thymus1,13_58,1,10219.0,16870.0
Mouse_Thymus1,13_59,1,10219.0,16970.0
Mouse_Thymus1,13_6,1,10219.0,11670.0
Mouse_Thymus1,13_60,1,10219.0,17070.0
Mouse_Thymus1,13_61,1,10219.0,17170.0
Mouse_Thymus1,13_62,1,10219.0,17270.0
Mouse_Thymus1,13_63,1,10219.0,17370.0
Mouse_Thymus1,13_64,1,10219.0,17470.0
Mouse_Thymus1,13_65,1,10219.0,17570.0
Mouse_Thymus1,13_66,1,10219.0,17670.0
Mouse_Thymus1,13_67,1,10219.0,17770.0
Mouse_Thymus1,13_68,1,10219.0,17870.0
Mouse_Thymus1,13_69,1,10219.0,17970.0
Mouse_Thymus1,13_7,1,10219.0,11770.0
Mouse_Thymus1,13_70,1,10219.0,18070.0
Mouse_Thymus1,13_71,4,10219.0,18170.0
Mouse_Thymus1,13_72,1,10219.0,18270.0
Mouse_Thymus1,13_73,1,10219.0,18370.0
Mouse_Thymus1,13_74,1,10219.0,18470.0
Mouse_Thymus1,13_75,1,10219.0,18570.0
Mouse_Thymus1,13_76,1,10219.0,18670.0
Mouse_Thymus1,13_77,1,10219.0,18770.0
Mouse_Thymus1,13_8,4,10219.0,11870.0
Mouse_Thymus1,13_9,1,10219.0,11970.0
Mouse_Thymus1,14_10,1,10319.0,12070.0
Mouse_Thymus1,14_11,1,10319.0,12170.0
Mouse_Thymus1,14_12,1,10319.0,12270.0
Mouse_Thymus1,14_13,1,10319.0,12370.0
Mouse_Thymus1,14_14,1,10319.0,12470.0
Mouse_Thymus1,14_15,1,10319.0,12570.0
Mouse_Thymus1,14_16,4,10319.0,12670.0
Mouse_Thymus1,14_17,1,10319.0,12770.0
Mouse_Thymus1,14_18,1,10319.0,12870.0
Mouse_Thymus1,14_19,1,10319.0,12970.0
Mouse_Thymus1,14_20,1,10319.0,13070.0
Mouse_Thymus1,14_21,1,10319.0,13170.0
Mouse_Thymus1,14_22,1,10319.0,13270.0
Mouse_Thymus1,14_23,4,10319.0,13370.0
Mouse_Thymus1,14_24,1,10319.0,13470.0
Mouse_Thymus1,14_25,4,10319.0,13570.0
Mouse_Thymus1,14_26,1,10319.0,13670.0
Mouse_Thymus1,14_27,1,10319.0,13770.0
Mouse_Thymus1,14_28,1,10319.0,13870.0
Mouse_Thymus1,14_29,1,10319.0,13970.0
Mouse_Thymus1,14_3,1,10319.0,11370.0
Mouse_Thymus1,14_30,1,10319.0,14070.0
Mouse_Thymus1,14_31,1,10319.0,14170.0
Mouse_Thymus1,14_32,1,10319.0,14270.0
Mouse_Thymus1,14_33,1,10319.0,14370.0
Mouse_Thymus1,14_34,1,10319.0,14470.0
Mouse_Thymus1,14_35,4,10319.0,14570.0
Mouse_Thymus1,14_36,1,10319.0,14670.0
Mouse_Thymus1,14_37,1,10319.0,14770.0
Mouse_Thymus1,14_38,1,10319.0,14870.0
Mouse_Thymus1,14_39,1,10319.0,14970.0
Mouse_Thymus1,14_4,1,10319.0,11470.0
Mouse_Thymus1,14_40,1,10319.0,15070.0
Mouse_Thymus1,14_41,1,10319.0,15170.0
Mouse_Thymus1,14_42,1,10319.0,15270.0
Mouse_Thymus1,14_43,1,10319.0,15370.0
Mouse_Thymus1,14_44,1,10319.0,15470.0
Mouse_Thymus1,14_45,1,10319.0,15570.0
Mouse_Thymus1,14_46,1,10319.0,15670.0
Mouse_Thymus1,14_47,1,10319.0,15770.0
Mouse_Thymus1,14_48,1,10319.0,15870.0
Mouse_Thymus1,14_49,1,10319.0,15970.0
Mouse_Thymus1,14_5,1,10319.0,11570.0
Mouse_Thymus1,14_50,1,10319.0,16070.0
Mouse_Thymus1,14_51,1,10319.0,16170.0
Mouse_Thymus1,14_52,4,10319.0,16270.0
Mouse_Thymus1,14_53,1,10319.0,16370.0
Mouse_Thymus1,14_54,1,10319.0,16470.0
Mouse_Thymus1,14_55,1,10319.0,16570.0
Mouse_Thymus1,14_56,1,10319.0,16670.0
Mouse_Thymus1,14_57,1,10319.0,16770.0
Mouse_Thymus1,14_58,1,10319.0,16870.0
Mouse_Thymus1,14_59,4,10319.0,16970.0
Mouse_Thymus1,14_6,1,10319.0,11670.0
Mouse_Thymus1,14_60,1,10319.0,17070.0
Mouse_Thymus1,14_61,1,10319.0,17170.0
Mouse_Thymus1,14_62,1,10319.0,17270.0
Mouse_Thymus1,14_63,1,10319.0,17370.0
Mouse_Thymus1,14_64,1,10319.0,17470.0
Mouse_Thymus1,14_65,1,10319.0,17570.0
Mouse_Thymus1,14_66,1,10319.0,17670.0
Mouse_Thymus1,14_67,1,10319.0,17770.0
Mouse_Thymus1,14_68,1,10319.0,17870.0
Mouse_Thymus1,14_69,1,10319.0,17970.0
Mouse_Thymus1,14_7,1,10319.0,11770.0
Mouse_Thymus1,14_70,1,10319.0,18070.0
Mouse_Thymus1,14_71,4,10319.0,18170.0
Mouse_Thymus1,14_72,1,10319.0,18270.0
Mouse_Thymus1,14_73,1,10319.0,18370.0
Mouse_Thymus1,14_74,1,10319.0,18470.0
Mouse_Thymus1,14_75,1,10319.0,18570.0
Mouse_Thymus1,14_76,1,10319.0,18670.0
Mouse_Thymus1,14_77,1,10319.0,18770.0
Mouse_Thymus1,14_78,4,10319.0,18870.0
Mouse_Thymus1,14_8,1,10319.0,11870.0
Mouse_Thymus1,14_9,1,10319.0,11970.0
Mouse_Thymus1,15_10,4,10419.0,12070.0
Mouse_Thymus1,15_11,1,10419.0,12170.0
Mouse_Thymus1,15_12,1,10419.0,12270.0
Mouse_Thymus1,15_13,1,10419.0,12370.0
Mouse_Thymus1,15_14,1,10419.0,12470.0
Mouse_Thymus1,15_15,1,10419.0,12570.0
Mouse_Thymus1,15_16,1,10419.0,12670.0
Mouse_Thymus1,15_17,1,10419.0,12770.0
Mouse_Thymus1,15_18,1,10419.0,12870.0
Mouse_Thymus1,15_19,1,10419.0,12970.0
Mouse_Thymus1,15_2,1,10419.0,11270.0
Mouse_Thymus1,15_20,1,10419.0,13070.0
Mouse_Thymus1,15_21,1,10419.0,13170.0
Mouse_Thymus1,15_22,1,10419.0,13270.0
Mouse_Thymus1,15_23,1,10419.0,13370.0
Mouse_Thymus1,15_24,1,10419.0,13470.0
Mouse_Thymus1,15_25,1,10419.0,13570.0
Mouse_Thymus1,15_26,4,10419.0,13670.0
Mouse_Thymus1,15_27,1,10419.0,13770.0
Mouse_Thymus1,15_28,1,10419.0,13870.0
Mouse_Thymus1,15_29,1,10419.0,13970.0
Mouse_Thymus1,15_3,4,10419.0,11370.0
Mouse_Thymus1,15_30,1,10419.0,14070.0
Mouse_Thymus1,15_31,1,10419.0,14170.0
Mouse_Thymus1,15_32,1,10419.0,14270.0
Mouse_Thymus1,15_33,1,10419.0,14370.0
Mouse_Thymus1,15_34,1,10419.0,14470.0
Mouse_Thymus1,15_35,4,10419.0,14570.0
Mouse_Thymus1,15_36,1,10419.0,14670.0
Mouse_Thymus1,15_37,4,10419.0,14770.0
Mouse_Thymus1,15_38,1,10419.0,14870.0
Mouse_Thymus1,15_39,1,10419.0,14970.0
Mouse_Thymus1,15_4,1,10419.0,11470.0
Mouse_Thymus1,15_40,1,10419.0,15070.0
Mouse_Thymus1,15_41,1,10419.0,15170.0
Mouse_Thymus1,15_42,1,10419.0,15270.0
Mouse_Thymus1,15_43,1,10419.0,15370.0
Mouse_Thymus1,15_44,1,10419.0,15470.0
Mouse_Thymus1,15_45,1,10419.0,15570.0
Mouse_Thymus1,15_46,1,10419.0,15670.0
Mouse_Thymus1,15_47,1,10419.0,15770.0
Mouse_Thymus1,15_48,4,10419.0,15870.0
Mouse_Thymus1,15_49,1,10419.0,15970.0
Mouse_Thymus1,15_5,1,10419.0,11570.0
Mouse_Thymus1,15_50,1,10419.0,16070.0
Mouse_Thymus1,15_51,1,10419.0,16170.0
Mouse_Thymus1,15_52,1,10419.0,16270.0
Mouse_Thymus1,15_53,1,10419.0,16370.0
Mouse_Thymus1,15_54,1,10419.0,16470.0
Mouse_Thymus1,15_55,1,10419.0,16570.0
Mouse_Thymus1,15_56,1,10419.0,16670.0
Mouse_Thymus1,15_57,1,10419.0,16770.0
Mouse_Thymus1,15_58,1,10419.0,16870.0
Mouse_Thymus1,15_59,1,10419.0,16970.0
Mouse_Thymus1,15_6,1,10419.0,11670.0
Mouse_Thymus1,15_60,4,10419.0,17070.0
Mouse_Thymus1,15_61,1,10419.0,17170.0
Mouse_Thymus1,15_62,1,10419.0,17270.0
Mouse_Thymus1,15_63,1,10419.0,17370.0
Mouse_Thymus1,15_64,1,10419.0,17470.0
Mouse_Thymus1,15_65,1,10419.0,17570.0
Mouse_Thymus1,15_66,1,10419.0,17670.0
Mouse_Thymus1,15_67,1,10419.0,17770.0
Mouse_Thymus1,15_68,4,10419.0,17870.0
Mouse_Thymus1,15_69,1,10419.0,17970.0
Mouse_Thymus1,15_7,1,10419.0,11770.0
Mouse_Thymus1,15_70,1,10419.0,18070.0
Mouse_Thymus1,15_71,1,10419.0,18170.0
Mouse_Thymus1,15_72,4,10419.0,18270.0
Mouse_Thymus1,15_73,1,10419.0,18370.0
Mouse_Thymus1,15_74,1,10419.0,18470.0
Mouse_Thymus1,15_75,1,10419.0,18570.0
Mouse_Thymus1,15_76,1,10419.0,18670.0
Mouse_Thymus1,15_77,1,10419.0,18770.0
Mouse_Thymus1,15_78,1,10419.0,18870.0
Mouse_Thymus1,15_79,1,10419.0,18970.0
Mouse_Thymus1,15_8,4,10419.0,11870.0
Mouse_Thymus1,15_9,4,10419.0,11970.0
Mouse_Thymus1,16_1,1,10519.0,11170.0
Mouse_Thymus1,16_10,1,10519.0,12070.0
Mouse_Thymus1,16_11,1,10519.0,12170.0
Mouse_Thymus1,16_12,1,10519.0,12270.0
Mouse_Thymus1,16_13,1,10519.0,12370.0
Mouse_Thymus1,16_14,1,10519.0,12470.0
Mouse_Thymus1,16_15,1,10519.0,12570.0
Mouse_Thymus1,16_16,1,10519.0,12670.0
Mouse_Thymus1,16_17,1,10519.0,12770.0
Mouse_Thymus1,16_18,1,10519.0,12870.0
Mouse_Thymus1,16_19,1,10519.0,12970.0
Mouse_Thymus1,16_2,1,10519.0,11270.0
Mouse_Thymus1,16_20,1,10519.0,13070.0
Mouse_Thymus1,16_21,1,10519.0,13170.0
Mouse_Thymus1,16_22,1,10519.0,13270.0
Mouse_Thymus1,16_23,1,10519.0,13370.0
Mouse_Thymus1,16_24,4,10519.0,13470.0
Mouse_Thymus1,16_25,1,10519.0,13570.0
Mouse_Thymus1,16_26,1,10519.0,13670.0
Mouse_Thymus1,16_27,1,10519.0,13770.0
Mouse_Thymus1,16_28,1,10519.0,13870.0
Mouse_Thymus1,16_29,1,10519.0,13970.0
Mouse_Thymus1,16_3,1,10519.0,11370.0
Mouse_Thymus1,16_30,1,10519.0,14070.0
Mouse_Thymus1,16_31,1,10519.0,14170.0
Mouse_Thymus1,16_32,1,10519.0,14270.0
Mouse_Thymus1,16_33,1,10519.0,14370.0
Mouse_Thymus1,16_34,1,10519.0,14470.0
Mouse_Thymus1,16_35,1,10519.0,14570.0
Mouse_Thymus1,16_36,1,10519.0,14670.0
Mouse_Thymus1,16_37,1,10519.0,14770.0
Mouse_Thymus1,16_38,1,10519.0,14870.0
Mouse_Thymus1,16_39,1,10519.0,14970.0
Mouse_Thymus1,16_4,1,10519.0,11470.0
Mouse_Thymus1,16_40,1,10519.0,15070.0
Mouse_Thymus1,16_41,1,10519.0,15170.0
Mouse_Thymus1,16_42,1,10519.0,15270.0
Mouse_Thymus1,16_43,1,10519.0,15370.0
Mouse_Thymus1,16_44,1,10519.0,15470.0
Mouse_Thymus1,16_45,1,10519.0,15570.0
Mouse_Thymus1,16_46,1,10519.0,15670.0
Mouse_Thymus1,16_47,1,10519.0,15770.0
Mouse_Thymus1,16_48,1,10519.0,15870.0
Mouse_Thymus1,16_49,1,10519.0,15970.0
Mouse_Thymus1,16_5,1,10519.0,11570.0
Mouse_Thymus1,16_50,0,10519.0,16070.0
Mouse_Thymus1,16_51,4,10519.0,16170.0
Mouse_Thymus1,16_52,1,10519.0,16270.0
Mouse_Thymus1,16_53,1,10519.0,16370.0
Mouse_Thymus1,16_54,1,10519.0,16470.0
Mouse_Thymus1,16_55,1,10519.0,16570.0
Mouse_Thymus1,16_56,1,10519.0,16670.0
Mouse_Thymus1,16_57,1,10519.0,16770.0
Mouse_Thymus1,16_58,1,10519.0,16870.0
Mouse_Thymus1,16_59,1,10519.0,16970.0
Mouse_Thymus1,16_6,1,10519.0,11670.0
Mouse_Thymus1,16_60,1,10519.0,17070.0
Mouse_Thymus1,16_61,1,10519.0,17170.0
Mouse_Thymus1,16_62,2,10519.0,17270.0
Mouse_Thymus1,16_63,1,10519.0,17370.0
Mouse_Thymus1,16_64,1,10519.0,17470.0
Mouse_Thymus1,16_65,1,10519.0,17570.0
Mouse_Thymus1,16_66,1,10519.0,17670.0
Mouse_Thymus1,16_67,1,10519.0,17770.0
Mouse_Thymus1,16_68,4,10519.0,17870.0
Mouse_Thymus1,16_69,1,10519.0,17970.0
Mouse_Thymus1,16_7,1,10519.0,11770.0
Mouse_Thymus1,16_70,1,10519.0,18070.0
Mouse_Thymus1,16_71,1,10519.0,18170.0
Mouse_Thymus1,16_72,1,10519.0,18270.0
Mouse_Thymus1,16_73,1,10519.0,18370.0
Mouse_Thymus1,16_74,1,10519.0,18470.0
Mouse_Thymus1,16_75,1,10519.0,18570.0
Mouse_Thymus1,16_76,1,10519.0,18670.0
Mouse_Thymus1,16_77,1,10519.0,18770.0
Mouse_Thymus1,16_78,1,10519.0,18870.0
Mouse_Thymus1,16_79,1,10519.0,18970.0
Mouse_Thymus1,16_8,1,10519.0,11870.0
Mouse_Thymus1,16_80,1,10519.0,19070.0
Mouse_Thymus1,16_9,1,10519.0,11970.0
Mouse_Thymus1,17_0,1,10619.0,11070.0
Mouse_Thymus1,17_1,1,10619.0,11170.0
Mouse_Thymus1,17_10,1,10619.0,12070.0
Mouse_Thymus1,17_11,1,10619.0,12170.0
Mouse_Thymus1,17_12,1,10619.0,12270.0
Mouse_Thymus1,17_13,1,10619.0,12370.0
Mouse_Thymus1,17_14,1,10619.0,12470.0
Mouse_Thymus1,17_15,1,10619.0,12570.0
Mouse_Thymus1,17_16,1,10619.0,12670.0
Mouse_Thymus1,17_17,1,10619.0,12770.0
Mouse_Thymus1,17_18,1,10619.0,12870.0
Mouse_Thymus1,17_19,1,10619.0,12970.0
Mouse_Thymus1,17_2,1,10619.0,11270.0
Mouse_Thymus1,17_20,4,10619.0,13070.0
Mouse_Thymus1,17_21,1,10619.0,13170.0
Mouse_Thymus1,17_22,1,10619.0,13270.0
Mouse_Thymus1,17_23,1,10619.0,13370.0
Mouse_Thymus1,17_24,1,10619.0,13470.0
Mouse_Thymus1,17_25,1,10619.0,13570.0
Mouse_Thymus1,17_26,1,10619.0,13670.0
Mouse_Thymus1,17_27,1,10619.0,13770.0
Mouse_Thymus1,17_28,1,10619.0,13870.0
Mouse_Thymus1,17_29,1,10619.0,13970.0
Mouse_Thymus1,17_3,1,10619.0,11370.0
Mouse_Thymus1,17_30,1,10619.0,14070.0
Mouse_Thymus1,17_31,1,10619.0,14170.0
Mouse_Thymus1,17_32,1,10619.0,14270.0
Mouse_Thymus1,17_33,1,10619.0,14370.0
Mouse_Thymus1,17_34,1,10619.0,14470.0
Mouse_Thymus1,17_35,1,10619.0,14570.0
Mouse_Thymus1,17_36,1,10619.0,14670.0
Mouse_Thymus1,17_37,1,10619.0,14770.0
Mouse_Thymus1,17_38,1,10619.0,14870.0
Mouse_Thymus1,17_39,1,10619.0,14970.0
Mouse_Thymus1,17_4,1,10619.0,11470.0
Mouse_Thymus1,17_40,1,10619.0,15070.0
Mouse_Thymus1,17_41,1,10619.0,15170.0
Mouse_Thymus1,17_42,1,10619.0,15270.0
Mouse_Thymus1,17_43,1,10619.0,15370.0
Mouse_Thymus1,17_44,4,10619.0,15470.0
Mouse_Thymus1,17_45,1,10619.0,15570.0
Mouse_Thymus1,17_46,1,10619.0,15670.0
Mouse_Thymus1,17_47,4,10619.0,15770.0
Mouse_Thymus1,17_48,1,10619.0,15870.0
Mouse_Thymus1,17_49,1,10619.0,15970.0
Mouse_Thymus1,17_5,4,10619.0,11570.0
Mouse_Thymus1,17_50,1,10619.0,16070.0
Mouse_Thymus1,17_51,1,10619.0,16170.0
Mouse_Thymus1,17_52,1,10619.0,16270.0
Mouse_Thymus1,17_53,1,10619.0,16370.0
Mouse_Thymus1,17_54,1,10619.0,16470.0
Mouse_Thymus1,17_55,1,10619.0,16570.0
Mouse_Thymus1,17_56,1,10619.0,16670.0
Mouse_Thymus1,17_57,1,10619.0,16770.0
Mouse_Thymus1,17_58,1,10619.0,16870.0
Mouse_Thymus1,17_59,1,10619.0,16970.0
Mouse_Thymus1,17_6,1,10619.0,11670.0
Mouse_Thymus1,17_60,1,10619.0,17070.0
Mouse_Thymus1,17_61,1,10619.0,17170.0
Mouse_Thymus1,17_62,1,10619.0,17270.0
Mouse_Thymus1,17_63,4,10619.0,17370.0
Mouse_Thymus1,17_64,1,10619.0,17470.0
Mouse_Thymus1,17_65,1,10619.0,17570.0
Mouse_Thymus1,17_66,1,10619.0,17670.0
Mouse_Thymus1,17_67,1,10619.0,17770.0
Mouse_Thymus1,17_68,1,10619.0,17870.0
Mouse_Thymus1,17_69,1,10619.0,17970.0
Mouse_Thymus1,17_7,1,10619.0,11770.0
Mouse_Thymus1,17_70,1,10619.0,18070.0
Mouse_Thymus1,17_71,1,10619.0,18170.0
Mouse_Thymus1,17_72,1,10619.0,18270.0
Mouse_Thymus1,17_73,1,10619.0,18370.0
Mouse_Thymus1,17_74,1,10619.0,18470.0
Mouse_Thymus1,17_75,1,10619.0,18570.0
Mouse_Thymus1,17_76,1,10619.0,18670.0
Mouse_Thymus1,17_77,1,10619.0,18770.0
Mouse_Thymus1,17_78,1,10619.0,18870.0
Mouse_Thymus1,17_79,1,10619.0,18970.0
Mouse_Thymus1,17_8,4,10619.0,11870.0
Mouse_Thymus1,17_80,1,10619.0,19070.0
Mouse_Thymus1,17_9,1,10619.0,11970.0
Mouse_Thymus1,18_0,1,10719.0,11070.0
Mouse_Thymus1,18_1,1,10719.0,11170.0
Mouse_Thymus1,18_10,1,10719.0,12070.0
Mouse_Thymus1,18_11,1,10719.0,12170.0
Mouse_Thymus1,18_12,1,10719.0,12270.0
Mouse_Thymus1,18_13,1,10719.0,12370.0
Mouse_Thymus1,18_14,1,10719.0,12470.0
Mouse_Thymus1,18_15,1,10719.0,12570.0
Mouse_Thymus1,18_16,1,10719.0,12670.0
Mouse_Thymus1,18_17,1,10719.0,12770.0
Mouse_Thymus1,18_18,1,10719.0,12870.0
Mouse_Thymus1,18_19,4,10719.0,12970.0
Mouse_Thymus1,18_2,1,10719.0,11270.0
Mouse_Thymus1,18_20,1,10719.0,13070.0
Mouse_Thymus1,18_21,1,10719.0,13170.0
Mouse_Thymus1,18_22,1,10719.0,13270.0
Mouse_Thymus1,18_23,1,10719.0,13370.0
Mouse_Thymus1,18_24,1,10719.0,13470.0
Mouse_Thymus1,18_25,1,10719.0,13570.0
Mouse_Thymus1,18_26,1,10719.0,13670.0
Mouse_Thymus1,18_27,1,10719.0,13770.0
Mouse_Thymus1,18_28,1,10719.0,13870.0
Mouse_Thymus1,18_29,1,10719.0,13970.0
Mouse_Thymus1,18_3,1,10719.0,11370.0
Mouse_Thymus1,18_30,4,10719.0,14070.0
Mouse_Thymus1,18_31,1,10719.0,14170.0
Mouse_Thymus1,18_32,1,10719.0,14270.0
Mouse_Thymus1,18_33,1,10719.0,14370.0
Mouse_Thymus1,18_34,1,10719.0,14470.0
Mouse_Thymus1,18_35,1,10719.0,14570.0
Mouse_Thymus1,18_36,1,10719.0,14670.0
Mouse_Thymus1,18_37,1,10719.0,14770.0
Mouse_Thymus1,18_38,1,10719.0,14870.0
Mouse_Thymus1,18_39,1,10719.0,14970.0
Mouse_Thymus1,18_4,1,10719.0,11470.0
Mouse_Thymus1,18_40,1,10719.0,15070.0
Mouse_Thymus1,18_41,1,10719.0,15170.0
Mouse_Thymus1,18_42,1,10719.0,15270.0
Mouse_Thymus1,18_43,1,10719.0,15370.0
Mouse_Thymus1,18_44,1,10719.0,15470.0
Mouse_Thymus1,18_45,1,10719.0,15570.0
Mouse_Thymus1,18_46,1,10719.0,15670.0
Mouse_Thymus1,18_47,1,10719.0,15770.0
Mouse_Thymus1,18_48,4,10719.0,15870.0
Mouse_Thymus1,18_49,1,10719.0,15970.0
Mouse_Thymus1,18_5,1,10719.0,11570.0
Mouse_Thymus1,18_50,1,10719.0,16070.0
Mouse_Thymus1,18_51,1,10719.0,16170.0
Mouse_Thymus1,18_52,4,10719.0,16270.0
Mouse_Thymus1,18_53,1,10719.0,16370.0
Mouse_Thymus1,18_54,1,10719.0,16470.0
Mouse_Thymus1,18_55,1,10719.0,16570.0
Mouse_Thymus1,18_56,1,10719.0,16670.0
Mouse_Thymus1,18_57,1,10719.0,16770.0
Mouse_Thymus1,18_58,1,10719.0,16870.0
Mouse_Thymus1,18_59,1,10719.0,16970.0
Mouse_Thymus1,18_6,1,10719.0,11670.0
Mouse_Thymus1,18_60,4,10719.0,17070.0
Mouse_Thymus1,18_61,1,10719.0,17170.0
Mouse_Thymus1,18_62,1,10719.0,17270.0
Mouse_Thymus1,18_63,1,10719.0,17370.0
Mouse_Thymus1,18_64,1,10719.0,17470.0
Mouse_Thymus1,18_65,1,10719.0,17570.0
Mouse_Thymus1,18_66,1,10719.0,17670.0
Mouse_Thymus1,18_67,1,10719.0,17770.0
Mouse_Thymus1,18_68,1,10719.0,17870.0
Mouse_Thymus1,18_69,1,10719.0,17970.0
Mouse_Thymus1,18_7,1,10719.0,11770.0
Mouse_Thymus1,18_70,1,10719.0,18070.0
Mouse_Thymus1,18_71,1,10719.0,18170.0
Mouse_Thymus1,18_72,1,10719.0,18270.0
Mouse_Thymus1,18_73,1,10719.0,18370.0
Mouse_Thymus1,18_74,1,10719.0,18470.0
Mouse_Thymus1,18_75,1,10719.0,18570.0
Mouse_Thymus1,18_76,1,10719.0,18670.0
Mouse_Thymus1,18_77,1,10719.0,18770.0
Mouse_Thymus1,18_78,1,10719.0,18870.0
Mouse_Thymus1,18_79,1,10719.0,18970.0
Mouse_Thymus1,18_8,1,10719.0,11870.0
Mouse_Thymus1,18_80,1,10719.0,19070.0
Mouse_Thymus1,18_81,1,10719.0,19170.0
Mouse_Thymus1,18_9,1,10719.0,11970.0
Mouse_Thymus1,19_0,1,10819.0,11070.0
Mouse_Thymus1,19_1,1,10819.0,11170.0
Mouse_Thymus1,19_10,1,10819.0,12070.0
Mouse_Thymus1,19_11,1,10819.0,12170.0
Mouse_Thymus1,19_12,1,10819.0,12270.0
Mouse_Thymus1,19_13,1,10819.0,12370.0
Mouse_Thymus1,19_14,1,10819.0,12470.0
Mouse_Thymus1,19_15,1,10819.0,12570.0
Mouse_Thymus1,19_16,1,10819.0,12670.0
Mouse_Thymus1,19_17,1,10819.0,12770.0
Mouse_Thymus1,19_18,1,10819.0,12870.0
Mouse_Thymus1,19_19,1,10819.0,12970.0
Mouse_Thymus1,19_2,1,10819.0,11270.0
Mouse_Thymus1,19_20,1,10819.0,13070.0
Mouse_Thymus1,19_21,4,10819.0,13170.0
Mouse_Thymus1,19_22,1,10819.0,13270.0
Mouse_Thymus1,19_23,1,10819.0,13370.0
Mouse_Thymus1,19_24,1,10819.0,13470.0
Mouse_Thymus1,19_25,1,10819.0,13570.0
Mouse_Thymus1,19_26,1,10819.0,13670.0
Mouse_Thymus1,19_27,1,10819.0,13770.0
Mouse_Thymus1,19_28,1,10819.0,13870.0
Mouse_Thymus1,19_29,1,10819.0,13970.0
Mouse_Thymus1,19_3,1,10819.0,11370.0
Mouse_Thymus1,19_30,4,10819.0,14070.0
Mouse_Thymus1,19_31,1,10819.0,14170.0
Mouse_Thymus1,19_32,1,10819.0,14270.0
Mouse_Thymus1,19_33,4,10819.0,14370.0
Mouse_Thymus1,19_34,1,10819.0,14470.0
Mouse_Thymus1,19_35,4,10819.0,14570.0
Mouse_Thymus1,19_36,1,10819.0,14670.0
Mouse_Thymus1,19_37,1,10819.0,14770.0
Mouse_Thymus1,19_38,4,10819.0,14870.0
Mouse_Thymus1,19_39,1,10819.0,14970.0
Mouse_Thymus1,19_4,1,10819.0,11470.0
Mouse_Thymus1,19_40,1,10819.0,15070.0
Mouse_Thymus1,19_41,1,10819.0,15170.0
Mouse_Thymus1,19_42,1,10819.0,15270.0
Mouse_Thymus1,19_43,1,10819.0,15370.0
Mouse_Thymus1,19_44,1,10819.0,15470.0
Mouse_Thymus1,19_45,1,10819.0,15570.0
Mouse_Thymus1,19_46,1,10819.0,15670.0
Mouse_Thymus1,19_47,1,10819.0,15770.0
Mouse_Thymus1,19_48,1,10819.0,15870.0
Mouse_Thymus1,19_49,1,10819.0,15970.0
Mouse_Thymus1,19_5,1,10819.0,11570.0
Mouse_Thymus1,19_50,1,10819.0,16070.0
Mouse_Thymus1,19_51,1,10819.0,16170.0
Mouse_Thymus1,19_52,1,10819.0,16270.0
Mouse_Thymus1,19_53,1,10819.0,16370.0
Mouse_Thymus1,19_54,1,10819.0,16470.0
Mouse_Thymus1,19_55,1,10819.0,16570.0
Mouse_Thymus1,19_56,1,10819.0,16670.0
Mouse_Thymus1,19_57,1,10819.0,16770.0
Mouse_Thymus1,19_58,1,10819.0,16870.0
Mouse_Thymus1,19_59,1,10819.0,16970.0
Mouse_Thymus1,19_6,1,10819.0,11670.0
Mouse_Thymus1,19_60,1,10819.0,17070.0
Mouse_Thymus1,19_61,1,10819.0,17170.0
Mouse_Thymus1,19_62,1,10819.0,17270.0
Mouse_Thymus1,19_63,1,10819.0,17370.0
Mouse_Thymus1,19_64,1,10819.0,17470.0
Mouse_Thymus1,19_65,4,10819.0,17570.0
Mouse_Thymus1,19_66,1,10819.0,17670.0
Mouse_Thymus1,19_67,1,10819.0,17770.0
Mouse_Thymus1,19_68,1,10819.0,17870.0
Mouse_Thymus1,19_69,1,10819.0,17970.0
Mouse_Thymus1,19_7,1,10819.0,11770.0
Mouse_Thymus1,19_70,1,10819.0,18070.0
Mouse_Thymus1,19_71,4,10819.0,18170.0
Mouse_Thymus1,19_72,1,10819.0,18270.0
Mouse_Thymus1,19_73,1,10819.0,18370.0
Mouse_Thymus1,19_74,1,10819.0,18470.0
Mouse_Thymus1,19_75,1,10819.0,18570.0
Mouse_Thymus1,19_76,1,10819.0,18670.0
Mouse_Thymus1,19_77,1,10819.0,18770.0
Mouse_Thymus1,19_78,1,10819.0,18870.0
Mouse_Thymus1,19_79,1,10819.0,18970.0
Mouse_Thymus1,19_8,1,10819.0,11870.0
Mouse_Thymus1,19_80,1,10819.0,19070.0
Mouse_Thymus1,19_81,1,10819.0,19170.0
Mouse_Thymus1,19_82,1,10819.0,19270.0
Mouse_Thymus1,19_83,1,10819.0,19370.0
Mouse_Thymus1,19_9,1,10819.0,11970.0
Mouse_Thymus1,1_22,1,9019.0,13270.0
Mouse_Thymus1,1_23,1,9019.0,13370.0
Mouse_Thymus1,1_24,1,9019.0,13470.0
Mouse_Thymus1,1_25,1,9019.0,13570.0
Mouse_Thymus1,1_32,1,9019.0,14270.0
Mouse_Thymus1,1_33,1,9019.0,14370.0
Mouse_Thymus1,1_34,1,9019.0,14470.0
Mouse_Thymus1,1_36,1,9019.0,14670.0
Mouse_Thymus1,1_37,1,9019.0,14770.0
Mouse_Thymus1,1_39,4,9019.0,14970.0
Mouse_Thymus1,1_40,1,9019.0,15070.0
Mouse_Thymus1,1_41,1,9019.0,15170.0
Mouse_Thymus1,1_42,1,9019.0,15270.0
Mouse_Thymus1,1_43,1,9019.0,15370.0
Mouse_Thymus1,1_44,1,9019.0,15470.0
Mouse_Thymus1,20_0,1,10919.0,11070.0
Mouse_Thymus1,20_1,1,10919.0,11170.0
Mouse_Thymus1,20_10,1,10919.0,12070.0
Mouse_Thymus1,20_11,1,10919.0,12170.0
Mouse_Thymus1,20_12,1,10919.0,12270.0
Mouse_Thymus1,20_13,4,10919.0,12370.0
Mouse_Thymus1,20_14,1,10919.0,12470.0
Mouse_Thymus1,20_15,1,10919.0,12570.0
Mouse_Thymus1,20_16,1,10919.0,12670.0
Mouse_Thymus1,20_17,4,10919.0,12770.0
Mouse_Thymus1,20_18,1,10919.0,12870.0
Mouse_Thymus1,20_19,1,10919.0,12970.0
Mouse_Thymus1,20_2,1,10919.0,11270.0
Mouse_Thymus1,20_20,1,10919.0,13070.0
Mouse_Thymus1,20_21,1,10919.0,13170.0
Mouse_Thymus1,20_22,1,10919.0,13270.0
Mouse_Thymus1,20_23,4,10919.0,13370.0
Mouse_Thymus1,20_24,1,10919.0,13470.0
Mouse_Thymus1,20_25,1,10919.0,13570.0
Mouse_Thymus1,20_26,1,10919.0,13670.0
Mouse_Thymus1,20_27,1,10919.0,13770.0
Mouse_Thymus1,20_28,4,10919.0,13870.0
Mouse_Thymus1,20_29,1,10919.0,13970.0
Mouse_Thymus1,20_3,1,10919.0,11370.0
Mouse_Thymus1,20_30,1,10919.0,14070.0
Mouse_Thymus1,20_31,1,10919.0,14170.0
Mouse_Thymus1,20_32,1,10919.0,14270.0
Mouse_Thymus1,20_33,1,10919.0,14370.0
Mouse_Thymus1,20_34,1,10919.0,14470.0
Mouse_Thymus1,20_35,1,10919.0,14570.0
Mouse_Thymus1,20_36,4,10919.0,14670.0
Mouse_Thymus1,20_37,1,10919.0,14770.0
Mouse_Thymus1,20_38,1,10919.0,14870.0
Mouse_Thymus1,20_39,1,10919.0,14970.0
Mouse_Thymus1,20_4,1,10919.0,11470.0
Mouse_Thymus1,20_40,1,10919.0,15070.0
Mouse_Thymus1,20_41,1,10919.0,15170.0
Mouse_Thymus1,20_42,1,10919.0,15270.0
Mouse_Thymus1,20_43,1,10919.0,15370.0
Mouse_Thymus1,20_44,1,10919.0,15470.0
Mouse_Thymus1,20_45,1,10919.0,15570.0
Mouse_Thymus1,20_46,1,10919.0,15670.0
Mouse_Thymus1,20_47,1,10919.0,15770.0
Mouse_Thymus1,20_48,1,10919.0,15870.0
Mouse_Thymus1,20_49,1,10919.0,15970.0
Mouse_Thymus1,20_5,1,10919.0,11570.0
Mouse_Thymus1,20_50,1,10919.0,16070.0
Mouse_Thymus1,20_51,1,10919.0,16170.0
Mouse_Thymus1,20_52,4,10919.0,16270.0
Mouse_Thymus1,20_53,1,10919.0,16370.0
Mouse_Thymus1,20_54,1,10919.0,16470.0
Mouse_Thymus1,20_55,1,10919.0,16570.0
Mouse_Thymus1,20_56,1,10919.0,16670.0
Mouse_Thymus1,20_57,1,10919.0,16770.0
Mouse_Thymus1,20_58,1,10919.0,16870.0
Mouse_Thymus1,20_59,4,10919.0,16970.0
Mouse_Thymus1,20_6,1,10919.0,11670.0
Mouse_Thymus1,20_60,1,10919.0,17070.0
Mouse_Thymus1,20_61,1,10919.0,17170.0
Mouse_Thymus1,20_62,1,10919.0,17270.0
Mouse_Thymus1,20_63,1,10919.0,17370.0
Mouse_Thymus1,20_64,1,10919.0,17470.0
Mouse_Thymus1,20_65,4,10919.0,17570.0
Mouse_Thymus1,20_66,1,10919.0,17670.0
Mouse_Thymus1,20_67,1,10919.0,17770.0
Mouse_Thymus1,20_68,1,10919.0,17870.0
Mouse_Thymus1,20_69,1,10919.0,17970.0
Mouse_Thymus1,20_7,1,10919.0,11770.0
Mouse_Thymus1,20_70,1,10919.0,18070.0
Mouse_Thymus1,20_71,1,10919.0,18170.0
Mouse_Thymus1,20_72,1,10919.0,18270.0
Mouse_Thymus1,20_73,1,10919.0,18370.0
Mouse_Thymus1,20_74,1,10919.0,18470.0
Mouse_Thymus1,20_75,1,10919.0,18570.0
Mouse_Thymus1,20_76,1,10919.0,18670.0
Mouse_Thymus1,20_77,1,10919.0,18770.0
Mouse_Thymus1,20_78,1,10919.0,18870.0
Mouse_Thymus1,20_79,1,10919.0,18970.0
Mouse_Thymus1,20_8,1,10919.0,11870.0
Mouse_Thymus1,20_80,4,10919.0,19070.0
Mouse_Thymus1,20_81,1,10919.0,19170.0
Mouse_Thymus1,20_82,1,10919.0,19270.0
Mouse_Thymus1,20_83,1,10919.0,19370.0
Mouse_Thymus1,20_9,4,10919.0,11970.0
Mouse_Thymus1,21_0,1,11019.0,11070.0
Mouse_Thymus1,21_1,1,11019.0,11170.0
Mouse_Thymus1,21_10,1,11019.0,12070.0
Mouse_Thymus1,21_11,1,11019.0,12170.0
Mouse_Thymus1,21_12,1,11019.0,12270.0
Mouse_Thymus1,21_13,1,11019.0,12370.0
Mouse_Thymus1,21_14,1,11019.0,12470.0
Mouse_Thymus1,21_15,1,11019.0,12570.0
Mouse_Thymus1,21_16,1,11019.0,12670.0
Mouse_Thymus1,21_17,4,11019.0,12770.0
Mouse_Thymus1,21_18,1,11019.0,12870.0
Mouse_Thymus1,21_19,4,11019.0,12970.0
Mouse_Thymus1,21_2,1,11019.0,11270.0
Mouse_Thymus1,21_20,1,11019.0,13070.0
Mouse_Thymus1,21_21,1,11019.0,13170.0
Mouse_Thymus1,21_22,1,11019.0,13270.0
Mouse_Thymus1,21_23,1,11019.0,13370.0
Mouse_Thymus1,21_24,1,11019.0,13470.0
Mouse_Thymus1,21_25,1,11019.0,13570.0
Mouse_Thymus1,21_26,1,11019.0,13670.0
Mouse_Thymus1,21_27,1,11019.0,13770.0
Mouse_Thymus1,21_28,1,11019.0,13870.0
Mouse_Thymus1,21_29,1,11019.0,13970.0
Mouse_Thymus1,21_3,1,11019.0,11370.0
Mouse_Thymus1,21_30,1,11019.0,14070.0
Mouse_Thymus1,21_31,1,11019.0,14170.0
Mouse_Thymus1,21_32,1,11019.0,14270.0
Mouse_Thymus1,21_33,1,11019.0,14370.0
Mouse_Thymus1,21_34,1,11019.0,14470.0
Mouse_Thymus1,21_35,1,11019.0,14570.0
Mouse_Thymus1,21_36,1,11019.0,14670.0
Mouse_Thymus1,21_37,1,11019.0,14770.0
Mouse_Thymus1,21_38,1,11019.0,14870.0
Mouse_Thymus1,21_39,1,11019.0,14970.0
Mouse_Thymus1,21_4,1,11019.0,11470.0
Mouse_Thymus1,21_40,1,11019.0,15070.0
Mouse_Thymus1,21_41,1,11019.0,15170.0
Mouse_Thymus1,21_42,1,11019.0,15270.0
Mouse_Thymus1,21_43,4,11019.0,15370.0
Mouse_Thymus1,21_44,1,11019.0,15470.0
Mouse_Thymus1,21_45,1,11019.0,15570.0
Mouse_Thymus1,21_46,1,11019.0,15670.0
Mouse_Thymus1,21_47,1,11019.0,15770.0
Mouse_Thymus1,21_48,1,11019.0,15870.0
Mouse_Thymus1,21_49,1,11019.0,15970.0
Mouse_Thymus1,21_5,1,11019.0,11570.0
Mouse_Thymus1,21_50,1,11019.0,16070.0
Mouse_Thymus1,21_51,1,11019.0,16170.0
Mouse_Thymus1,21_52,1,11019.0,16270.0
Mouse_Thymus1,21_53,1,11019.0,16370.0
Mouse_Thymus1,21_54,1,11019.0,16470.0
Mouse_Thymus1,21_55,1,11019.0,16570.0
Mouse_Thymus1,21_56,1,11019.0,16670.0
Mouse_Thymus1,21_57,1,11019.0,16770.0
Mouse_Thymus1,21_58,1,11019.0,16870.0
Mouse_Thymus1,21_59,1,11019.0,16970.0
Mouse_Thymus1,21_6,1,11019.0,11670.0
Mouse_Thymus1,21_60,1,11019.0,17070.0
Mouse_Thymus1,21_61,1,11019.0,17170.0
Mouse_Thymus1,21_62,1,11019.0,17270.0
Mouse_Thymus1,21_63,1,11019.0,17370.0
Mouse_Thymus1,21_64,1,11019.0,17470.0
Mouse_Thymus1,21_65,1,11019.0,17570.0
Mouse_Thymus1,21_66,0,11019.0,17670.0
Mouse_Thymus1,21_67,1,11019.0,17770.0
Mouse_Thymus1,21_68,1,11019.0,17870.0
Mouse_Thymus1,21_69,1,11019.0,17970.0
Mouse_Thymus1,21_7,1,11019.0,11770.0
Mouse_Thymus1,21_70,1,11019.0,18070.0
Mouse_Thymus1,21_71,1,11019.0,18170.0
Mouse_Thymus1,21_72,1,11019.0,18270.0
Mouse_Thymus1,21_73,1,11019.0,18370.0
Mouse_Thymus1,21_74,1,11019.0,18470.0
Mouse_Thymus1,21_75,4,11019.0,18570.0
Mouse_Thymus1,21_76,1,11019.0,18670.0
Mouse_Thymus1,21_77,1,11019.0,18770.0
Mouse_Thymus1,21_78,1,11019.0,18870.0
Mouse_Thymus1,21_79,1,11019.0,18970.0
Mouse_Thymus1,21_8,1,11019.0,11870.0
Mouse_Thymus1,21_80,1,11019.0,19070.0
Mouse_Thymus1,21_81,1,11019.0,19170.0
Mouse_Thymus1,21_82,1,11019.0,19270.0
Mouse_Thymus1,21_83,1,11019.0,19370.0
Mouse_Thymus1,21_84,1,11019.0,19470.0
Mouse_Thymus1,21_9,1,11019.0,11970.0
Mouse_Thymus1,22_0,1,11119.0,11070.0
Mouse_Thymus1,22_1,1,11119.0,11170.0
Mouse_Thymus1,22_10,4,11119.0,12070.0
Mouse_Thymus1,22_11,1,11119.0,12170.0
Mouse_Thymus1,22_12,1,11119.0,12270.0
Mouse_Thymus1,22_13,1,11119.0,12370.0
Mouse_Thymus1,22_14,1,11119.0,12470.0
Mouse_Thymus1,22_15,1,11119.0,12570.0
Mouse_Thymus1,22_16,1,11119.0,12670.0
Mouse_Thymus1,22_17,1,11119.0,12770.0
Mouse_Thymus1,22_18,1,11119.0,12870.0
Mouse_Thymus1,22_19,1,11119.0,12970.0
Mouse_Thymus1,22_2,1,11119.0,11270.0
Mouse_Thymus1,22_20,1,11119.0,13070.0
Mouse_Thymus1,22_21,4,11119.0,13170.0
Mouse_Thymus1,22_22,1,11119.0,13270.0
Mouse_Thymus1,22_23,1,11119.0,13370.0
Mouse_Thymus1,22_24,1,11119.0,13470.0
Mouse_Thymus1,22_25,1,11119.0,13570.0
Mouse_Thymus1,22_26,1,11119.0,13670.0
Mouse_Thymus1,22_27,1,11119.0,13770.0
Mouse_Thymus1,22_28,1,11119.0,13870.0
Mouse_Thymus1,22_29,1,11119.0,13970.0
Mouse_Thymus1,22_3,1,11119.0,11370.0
Mouse_Thymus1,22_30,1,11119.0,14070.0
Mouse_Thymus1,22_31,4,11119.0,14170.0
Mouse_Thymus1,22_32,1,11119.0,14270.0
Mouse_Thymus1,22_33,1,11119.0,14370.0
Mouse_Thymus1,22_34,1,11119.0,14470.0
Mouse_Thymus1,22_35,1,11119.0,14570.0
Mouse_Thymus1,22_36,4,11119.0,14670.0
Mouse_Thymus1,22_37,1,11119.0,14770.0
Mouse_Thymus1,22_38,1,11119.0,14870.0
Mouse_Thymus1,22_39,1,11119.0,14970.0
Mouse_Thymus1,22_4,1,11119.0,11470.0
Mouse_Thymus1,22_40,1,11119.0,15070.0
Mouse_Thymus1,22_41,4,11119.0,15170.0
Mouse_Thymus1,22_42,1,11119.0,15270.0
Mouse_Thymus1,22_43,1,11119.0,15370.0
Mouse_Thymus1,22_44,4,11119.0,15470.0
Mouse_Thymus1,22_45,4,11119.0,15570.0
Mouse_Thymus1,22_46,1,11119.0,15670.0
Mouse_Thymus1,22_47,1,11119.0,15770.0
Mouse_Thymus1,22_48,1,11119.0,15870.0
Mouse_Thymus1,22_49,1,11119.0,15970.0
Mouse_Thymus1,22_5,1,11119.0,11570.0
Mouse_Thymus1,22_50,1,11119.0,16070.0
Mouse_Thymus1,22_51,1,11119.0,16170.0
Mouse_Thymus1,22_52,1,11119.0,16270.0
Mouse_Thymus1,22_53,4,11119.0,16370.0
Mouse_Thymus1,22_54,1,11119.0,16470.0
Mouse_Thymus1,22_55,1,11119.0,16570.0
Mouse_Thymus1,22_56,1,11119.0,16670.0
Mouse_Thymus1,22_57,1,11119.0,16770.0
Mouse_Thymus1,22_58,4,11119.0,16870.0
Mouse_Thymus1,22_59,4,11119.0,16970.0
Mouse_Thymus1,22_6,1,11119.0,11670.0
Mouse_Thymus1,22_60,1,11119.0,17070.0
Mouse_Thymus1,22_61,1,11119.0,17170.0
Mouse_Thymus1,22_62,1,11119.0,17270.0
Mouse_Thymus1,22_63,1,11119.0,17370.0
Mouse_Thymus1,22_64,1,11119.0,17470.0
Mouse_Thymus1,22_65,4,11119.0,17570.0
Mouse_Thymus1,22_66,4,11119.0,17670.0
Mouse_Thymus1,22_67,1,11119.0,17770.0
Mouse_Thymus1,22_68,4,11119.0,17870.0
Mouse_Thymus1,22_69,4,11119.0,17970.0
Mouse_Thymus1,22_7,1,11119.0,11770.0
Mouse_Thymus1,22_70,1,11119.0,18070.0
Mouse_Thymus1,22_71,1,11119.0,18170.0
Mouse_Thymus1,22_72,1,11119.0,18270.0
Mouse_Thymus1,22_73,1,11119.0,18370.0
Mouse_Thymus1,22_74,1,11119.0,18470.0
Mouse_Thymus1,22_75,1,11119.0,18570.0
Mouse_Thymus1,22_76,1,11119.0,18670.0
Mouse_Thymus1,22_77,1,11119.0,18770.0
Mouse_Thymus1,22_78,4,11119.0,18870.0
Mouse_Thymus1,22_79,4,11119.0,18970.0
Mouse_Thymus1,22_8,1,11119.0,11870.0
Mouse_Thymus1,22_80,1,11119.0,19070.0
Mouse_Thymus1,22_81,1,11119.0,19170.0
Mouse_Thymus1,22_82,1,11119.0,19270.0
Mouse_Thymus1,22_83,4,11119.0,19370.0
Mouse_Thymus1,22_84,1,11119.0,19470.0
Mouse_Thymus1,22_85,1,11119.0,19570.0
Mouse_Thymus1,22_9,1,11119.0,11970.0
Mouse_Thymus1,23_0,1,11219.0,11070.0
Mouse_Thymus1,23_1,1,11219.0,11170.0
Mouse_Thymus1,23_10,1,11219.0,12070.0
Mouse_Thymus1,23_11,1,11219.0,12170.0
Mouse_Thymus1,23_12,1,11219.0,12270.0
Mouse_Thymus1,23_13,1,11219.0,12370.0
Mouse_Thymus1,23_14,1,11219.0,12470.0
Mouse_Thymus1,23_15,1,11219.0,12570.0
Mouse_Thymus1,23_16,4,11219.0,12670.0
Mouse_Thymus1,23_17,1,11219.0,12770.0
Mouse_Thymus1,23_18,1,11219.0,12870.0
Mouse_Thymus1,23_19,1,11219.0,12970.0
Mouse_Thymus1,23_2,1,11219.0,11270.0
Mouse_Thymus1,23_20,1,11219.0,13070.0
Mouse_Thymus1,23_21,1,11219.0,13170.0
Mouse_Thymus1,23_22,1,11219.0,13270.0
Mouse_Thymus1,23_23,1,11219.0,13370.0
Mouse_Thymus1,23_24,1,11219.0,13470.0
Mouse_Thymus1,23_25,1,11219.0,13570.0
Mouse_Thymus1,23_26,1,11219.0,13670.0
Mouse_Thymus1,23_27,1,11219.0,13770.0
Mouse_Thymus1,23_28,1,11219.0,13870.0
Mouse_Thymus1,23_29,1,11219.0,13970.0
Mouse_Thymus1,23_3,4,11219.0,11370.0
Mouse_Thymus1,23_30,1,11219.0,14070.0
Mouse_Thymus1,23_31,1,11219.0,14170.0
Mouse_Thymus1,23_32,1,11219.0,14270.0
Mouse_Thymus1,23_33,1,11219.0,14370.0
Mouse_Thymus1,23_34,1,11219.0,14470.0
Mouse_Thymus1,23_35,1,11219.0,14570.0
Mouse_Thymus1,23_36,1,11219.0,14670.0
Mouse_Thymus1,23_37,1,11219.0,14770.0
Mouse_Thymus1,23_38,1,11219.0,14870.0
Mouse_Thymus1,23_39,1,11219.0,14970.0
Mouse_Thymus1,23_4,1,11219.0,11470.0
Mouse_Thymus1,23_40,4,11219.0,15070.0
Mouse_Thymus1,23_41,4,11219.0,15170.0
Mouse_Thymus1,23_42,1,11219.0,15270.0
Mouse_Thymus1,23_43,1,11219.0,15370.0
Mouse_Thymus1,23_44,1,11219.0,15470.0
Mouse_Thymus1,23_45,1,11219.0,15570.0
Mouse_Thymus1,23_46,4,11219.0,15670.0
Mouse_Thymus1,23_47,1,11219.0,15770.0
Mouse_Thymus1,23_48,1,11219.0,15870.0
Mouse_Thymus1,23_49,1,11219.0,15970.0
Mouse_Thymus1,23_5,4,11219.0,11570.0
Mouse_Thymus1,23_50,1,11219.0,16070.0
Mouse_Thymus1,23_51,1,11219.0,16170.0
Mouse_Thymus1,23_52,1,11219.0,16270.0
Mouse_Thymus1,23_53,1,11219.0,16370.0
Mouse_Thymus1,23_54,1,11219.0,16470.0
Mouse_Thymus1,23_55,1,11219.0,16570.0
Mouse_Thymus1,23_56,1,11219.0,16670.0
Mouse_Thymus1,23_57,1,11219.0,16770.0
Mouse_Thymus1,23_58,1,11219.0,16870.0
Mouse_Thymus1,23_59,1,11219.0,16970.0
Mouse_Thymus1,23_6,1,11219.0,11670.0
Mouse_Thymus1,23_60,1,11219.0,17070.0
Mouse_Thymus1,23_61,1,11219.0,17170.0
Mouse_Thymus1,23_62,1,11219.0,17270.0
Mouse_Thymus1,23_63,4,11219.0,17370.0
Mouse_Thymus1,23_64,1,11219.0,17470.0
Mouse_Thymus1,23_65,1,11219.0,17570.0
Mouse_Thymus1,23_66,1,11219.0,17670.0
Mouse_Thymus1,23_67,1,11219.0,17770.0
Mouse_Thymus1,23_68,4,11219.0,17870.0
Mouse_Thymus1,23_69,1,11219.0,17970.0
Mouse_Thymus1,23_7,1,11219.0,11770.0
Mouse_Thymus1,23_70,1,11219.0,18070.0
Mouse_Thymus1,23_71,1,11219.0,18170.0
Mouse_Thymus1,23_72,1,11219.0,18270.0
Mouse_Thymus1,23_73,1,11219.0,18370.0
Mouse_Thymus1,23_74,1,11219.0,18470.0
Mouse_Thymus1,23_75,1,11219.0,18570.0
Mouse_Thymus1,23_76,1,11219.0,18670.0
Mouse_Thymus1,23_77,1,11219.0,18770.0
Mouse_Thymus1,23_78,1,11219.0,18870.0
Mouse_Thymus1,23_79,1,11219.0,18970.0
Mouse_Thymus1,23_8,1,11219.0,11870.0
Mouse_Thymus1,23_80,0,11219.0,19070.0
Mouse_Thymus1,23_81,1,11219.0,19170.0
Mouse_Thymus1,23_82,1,11219.0,19270.0
Mouse_Thymus1,23_83,1,11219.0,19370.0
Mouse_Thymus1,23_84,1,11219.0,19470.0
Mouse_Thymus1,23_85,1,11219.0,19570.0
Mouse_Thymus1,23_86,1,11219.0,19670.0
Mouse_Thymus1,23_87,1,11219.0,19770.0
Mouse_Thymus1,23_9,1,11219.0,11970.0
Mouse_Thymus1,24_0,1,11319.0,11070.0
Mouse_Thymus1,24_1,1,11319.0,11170.0
Mouse_Thymus1,24_10,1,11319.0,12070.0
Mouse_Thymus1,24_11,1,11319.0,12170.0
Mouse_Thymus1,24_12,1,11319.0,12270.0
Mouse_Thymus1,24_13,1,11319.0,12370.0
Mouse_Thymus1,24_14,1,11319.0,12470.0
Mouse_Thymus1,24_15,1,11319.0,12570.0
Mouse_Thymus1,24_16,1,11319.0,12670.0
Mouse_Thymus1,24_17,1,11319.0,12770.0
Mouse_Thymus1,24_18,1,11319.0,12870.0
Mouse_Thymus1,24_19,1,11319.0,12970.0
Mouse_Thymus1,24_2,1,11319.0,11270.0
Mouse_Thymus1,24_20,1,11319.0,13070.0
Mouse_Thymus1,24_21,1,11319.0,13170.0
Mouse_Thymus1,24_22,1,11319.0,13270.0
Mouse_Thymus1,24_23,4,11319.0,13370.0
Mouse_Thymus1,24_24,1,11319.0,13470.0
Mouse_Thymus1,24_25,1,11319.0,13570.0
Mouse_Thymus1,24_26,1,11319.0,13670.0
Mouse_Thymus1,24_27,1,11319.0,13770.0
Mouse_Thymus1,24_28,1,11319.0,13870.0
Mouse_Thymus1,24_29,1,11319.0,13970.0
Mouse_Thymus1,24_3,1,11319.0,11370.0
Mouse_Thymus1,24_30,4,11319.0,14070.0
Mouse_Thymus1,24_31,1,11319.0,14170.0
Mouse_Thymus1,24_32,1,11319.0,14270.0
Mouse_Thymus1,24_33,1,11319.0,14370.0
Mouse_Thymus1,24_34,1,11319.0,14470.0
Mouse_Thymus1,24_35,4,11319.0,14570.0
Mouse_Thymus1,24_36,1,11319.0,14670.0
Mouse_Thymus1,24_37,1,11319.0,14770.0
Mouse_Thymus1,24_38,1,11319.0,14870.0
Mouse_Thymus1,24_39,4,11319.0,14970.0
Mouse_Thymus1,24_4,4,11319.0,11470.0
Mouse_Thymus1,24_40,1,11319.0,15070.0
Mouse_Thymus1,24_41,1,11319.0,15170.0
Mouse_Thymus1,24_42,1,11319.0,15270.0
Mouse_Thymus1,24_43,1,11319.0,15370.0
Mouse_Thymus1,24_44,1,11319.0,15470.0
Mouse_Thymus1,24_45,1,11319.0,15570.0
Mouse_Thymus1,24_46,1,11319.0,15670.0
Mouse_Thymus1,24_47,1,11319.0,15770.0
Mouse_Thymus1,24_48,1,11319.0,15870.0
Mouse_Thymus1,24_49,1,11319.0,15970.0
Mouse_Thymus1,24_5,4,11319.0,11570.0
Mouse_Thymus1,24_50,1,11319.0,16070.0
Mouse_Thymus1,24_51,1,11319.0,16170.0
Mouse_Thymus1,24_52,1,11319.0,16270.0
Mouse_Thymus1,24_53,1,11319.0,16370.0
Mouse_Thymus1,24_54,1,11319.0,16470.0
Mouse_Thymus1,24_55,1,11319.0,16570.0
Mouse_Thymus1,24_56,1,11319.0,16670.0
Mouse_Thymus1,24_57,1,11319.0,16770.0
Mouse_Thymus1,24_58,1,11319.0,16870.0
Mouse_Thymus1,24_59,1,11319.0,16970.0
Mouse_Thymus1,24_6,1,11319.0,11670.0
Mouse_Thymus1,24_60,1,11319.0,17070.0
Mouse_Thymus1,24_61,1,11319.0,17170.0
Mouse_Thymus1,24_62,1,11319.0,17270.0
Mouse_Thymus1,24_63,1,11319.0,17370.0
Mouse_Thymus1,24_64,1,11319.0,17470.0
Mouse_Thymus1,24_65,1,11319.0,17570.0
Mouse_Thymus1,24_66,1,11319.0,17670.0
Mouse_Thymus1,24_67,1,11319.0,17770.0
Mouse_Thymus1,24_68,4,11319.0,17870.0
Mouse_Thymus1,24_69,1,11319.0,17970.0
Mouse_Thymus1,24_7,4,11319.0,11770.0
Mouse_Thymus1,24_70,1,11319.0,18070.0
Mouse_Thymus1,24_71,1,11319.0,18170.0
Mouse_Thymus1,24_72,1,11319.0,18270.0
Mouse_Thymus1,24_73,1,11319.0,18370.0
Mouse_Thymus1,24_74,1,11319.0,18470.0
Mouse_Thymus1,24_75,1,11319.0,18570.0
Mouse_Thymus1,24_76,1,11319.0,18670.0
Mouse_Thymus1,24_77,1,11319.0,18770.0
Mouse_Thymus1,24_78,4,11319.0,18870.0
Mouse_Thymus1,24_79,1,11319.0,18970.0
Mouse_Thymus1,24_8,1,11319.0,11870.0
Mouse_Thymus1,24_80,1,11319.0,19070.0
Mouse_Thymus1,24_81,1,11319.0,19170.0
Mouse_Thymus1,24_82,1,11319.0,19270.0
Mouse_Thymus1,24_83,4,11319.0,19370.0
Mouse_Thymus1,24_84,1,11319.0,19470.0
Mouse_Thymus1,24_85,1,11319.0,19570.0
Mouse_Thymus1,24_86,1,11319.0,19670.0
Mouse_Thymus1,24_87,1,11319.0,19770.0
Mouse_Thymus1,24_88,1,11319.0,19870.0
Mouse_Thymus1,24_89,1,11319.0,19970.0
Mouse_Thymus1,24_9,1,11319.0,11970.0
Mouse_Thymus1,25_0,1,11419.0,11070.0
Mouse_Thymus1,25_1,1,11419.0,11170.0
Mouse_Thymus1,25_10,1,11419.0,12070.0
Mouse_Thymus1,25_11,1,11419.0,12170.0
Mouse_Thymus1,25_12,1,11419.0,12270.0
Mouse_Thymus1,25_13,1,11419.0,12370.0
Mouse_Thymus1,25_14,1,11419.0,12470.0
Mouse_Thymus1,25_15,4,11419.0,12570.0
Mouse_Thymus1,25_16,4,11419.0,12670.0
Mouse_Thymus1,25_17,1,11419.0,12770.0
Mouse_Thymus1,25_18,1,11419.0,12870.0
Mouse_Thymus1,25_19,1,11419.0,12970.0
Mouse_Thymus1,25_2,1,11419.0,11270.0
Mouse_Thymus1,25_20,1,11419.0,13070.0
Mouse_Thymus1,25_21,1,11419.0,13170.0
Mouse_Thymus1,25_22,1,11419.0,13270.0
Mouse_Thymus1,25_23,1,11419.0,13370.0
Mouse_Thymus1,25_24,4,11419.0,13470.0
Mouse_Thymus1,25_25,1,11419.0,13570.0
Mouse_Thymus1,25_26,1,11419.0,13670.0
Mouse_Thymus1,25_27,4,11419.0,13770.0
Mouse_Thymus1,25_28,1,11419.0,13870.0
Mouse_Thymus1,25_29,1,11419.0,13970.0
Mouse_Thymus1,25_3,1,11419.0,11370.0
Mouse_Thymus1,25_30,1,11419.0,14070.0
Mouse_Thymus1,25_31,1,11419.0,14170.0
Mouse_Thymus1,25_32,1,11419.0,14270.0
Mouse_Thymus1,25_33,1,11419.0,14370.0
Mouse_Thymus1,25_34,1,11419.0,14470.0
Mouse_Thymus1,25_35,1,11419.0,14570.0
Mouse_Thymus1,25_36,1,11419.0,14670.0
Mouse_Thymus1,25_37,1,11419.0,14770.0
Mouse_Thymus1,25_38,1,11419.0,14870.0
Mouse_Thymus1,25_39,1,11419.0,14970.0
Mouse_Thymus1,25_4,1,11419.0,11470.0
Mouse_Thymus1,25_40,1,11419.0,15070.0
Mouse_Thymus1,25_41,1,11419.0,15170.0
Mouse_Thymus1,25_42,4,11419.0,15270.0
Mouse_Thymus1,25_43,1,11419.0,15370.0
Mouse_Thymus1,25_44,4,11419.0,15470.0
Mouse_Thymus1,25_45,1,11419.0,15570.0
Mouse_Thymus1,25_46,1,11419.0,15670.0
Mouse_Thymus1,25_47,1,11419.0,15770.0
Mouse_Thymus1,25_48,1,11419.0,15870.0
Mouse_Thymus1,25_49,1,11419.0,15970.0
Mouse_Thymus1,25_5,1,11419.0,11570.0
Mouse_Thymus1,25_50,1,11419.0,16070.0
Mouse_Thymus1,25_51,4,11419.0,16170.0
Mouse_Thymus1,25_52,1,11419.0,16270.0
Mouse_Thymus1,25_53,1,11419.0,16370.0
Mouse_Thymus1,25_54,1,11419.0,16470.0
Mouse_Thymus1,25_55,1,11419.0,16570.0
Mouse_Thymus1,25_56,4,11419.0,16670.0
Mouse_Thymus1,25_57,1,11419.0,16770.0
Mouse_Thymus1,25_58,1,11419.0,16870.0
Mouse_Thymus1,25_59,1,11419.0,16970.0
Mouse_Thymus1,25_6,1,11419.0,11670.0
Mouse_Thymus1,25_60,1,11419.0,17070.0
Mouse_Thymus1,25_61,1,11419.0,17170.0
Mouse_Thymus1,25_62,1,11419.0,17270.0
Mouse_Thymus1,25_63,1,11419.0,17370.0
Mouse_Thymus1,25_64,1,11419.0,17470.0
Mouse_Thymus1,25_65,1,11419.0,17570.0
Mouse_Thymus1,25_66,1,11419.0,17670.0
Mouse_Thymus1,25_67,1,11419.0,17770.0
Mouse_Thymus1,25_68,1,11419.0,17870.0
Mouse_Thymus1,25_69,1,11419.0,17970.0
Mouse_Thymus1,25_7,1,11419.0,11770.0
Mouse_Thymus1,25_70,1,11419.0,18070.0
Mouse_Thymus1,25_71,1,11419.0,18170.0
Mouse_Thymus1,25_72,1,11419.0,18270.0
Mouse_Thymus1,25_73,1,11419.0,18370.0
Mouse_Thymus1,25_74,1,11419.0,18470.0
Mouse_Thymus1,25_75,4,11419.0,18570.0
Mouse_Thymus1,25_76,1,11419.0,18670.0
Mouse_Thymus1,25_77,1,11419.0,18770.0
Mouse_Thymus1,25_78,1,11419.0,18870.0
Mouse_Thymus1,25_79,1,11419.0,18970.0
Mouse_Thymus1,25_8,1,11419.0,11870.0
Mouse_Thymus1,25_80,1,11419.0,19070.0
Mouse_Thymus1,25_81,1,11419.0,19170.0
Mouse_Thymus1,25_82,1,11419.0,19270.0
Mouse_Thymus1,25_83,4,11419.0,19370.0
Mouse_Thymus1,25_84,1,11419.0,19470.0
Mouse_Thymus1,25_85,1,11419.0,19570.0
Mouse_Thymus1,25_86,1,11419.0,19670.0
Mouse_Thymus1,25_87,1,11419.0,19770.0
Mouse_Thymus1,25_88,1,11419.0,19870.0
Mouse_Thymus1,25_89,1,11419.0,19970.0
Mouse_Thymus1,25_9,1,11419.0,11970.0
Mouse_Thymus1,26_0,1,11519.0,11070.0
Mouse_Thymus1,26_1,1,11519.0,11170.0
Mouse_Thymus1,26_10,1,11519.0,12070.0
Mouse_Thymus1,26_11,1,11519.0,12170.0
Mouse_Thymus1,26_12,1,11519.0,12270.0
Mouse_Thymus1,26_13,1,11519.0,12370.0
Mouse_Thymus1,26_14,4,11519.0,12470.0
Mouse_Thymus1,26_15,1,11519.0,12570.0
Mouse_Thymus1,26_16,1,11519.0,12670.0
Mouse_Thymus1,26_17,1,11519.0,12770.0
Mouse_Thymus1,26_18,1,11519.0,12870.0
Mouse_Thymus1,26_19,4,11519.0,12970.0
Mouse_Thymus1,26_2,1,11519.0,11270.0
Mouse_Thymus1,26_20,1,11519.0,13070.0
Mouse_Thymus1,26_21,1,11519.0,13170.0
Mouse_Thymus1,26_22,1,11519.0,13270.0
Mouse_Thymus1,26_23,1,11519.0,13370.0
Mouse_Thymus1,26_24,1,11519.0,13470.0
Mouse_Thymus1,26_25,1,11519.0,13570.0
Mouse_Thymus1,26_26,1,11519.0,13670.0
Mouse_Thymus1,26_27,1,11519.0,13770.0
Mouse_Thymus1,26_28,1,11519.0,13870.0
Mouse_Thymus1,26_29,1,11519.0,13970.0
Mouse_Thymus1,26_3,1,11519.0,11370.0
Mouse_Thymus1,26_30,1,11519.0,14070.0
Mouse_Thymus1,26_31,1,11519.0,14170.0
Mouse_Thymus1,26_32,1,11519.0,14270.0
Mouse_Thymus1,26_33,1,11519.0,14370.0
Mouse_Thymus1,26_34,1,11519.0,14470.0
Mouse_Thymus1,26_35,4,11519.0,14570.0
Mouse_Thymus1,26_36,4,11519.0,14670.0
Mouse_Thymus1,26_37,1,11519.0,14770.0
Mouse_Thymus1,26_38,1,11519.0,14870.0
Mouse_Thymus1,26_39,1,11519.0,14970.0
Mouse_Thymus1,26_4,1,11519.0,11470.0
Mouse_Thymus1,26_40,1,11519.0,15070.0
Mouse_Thymus1,26_41,1,11519.0,15170.0
Mouse_Thymus1,26_42,4,11519.0,15270.0
Mouse_Thymus1,26_43,1,11519.0,15370.0
Mouse_Thymus1,26_44,1,11519.0,15470.0
Mouse_Thymus1,26_45,1,11519.0,15570.0
Mouse_Thymus1,26_46,1,11519.0,15670.0
Mouse_Thymus1,26_47,1,11519.0,15770.0
Mouse_Thymus1,26_48,1,11519.0,15870.0
Mouse_Thymus1,26_49,4,11519.0,15970.0
Mouse_Thymus1,26_5,1,11519.0,11570.0
Mouse_Thymus1,26_50,1,11519.0,16070.0
Mouse_Thymus1,26_51,1,11519.0,16170.0
Mouse_Thymus1,26_52,4,11519.0,16270.0
Mouse_Thymus1,26_53,1,11519.0,16370.0
Mouse_Thymus1,26_54,1,11519.0,16470.0
Mouse_Thymus1,26_55,1,11519.0,16570.0
Mouse_Thymus1,26_56,1,11519.0,16670.0
Mouse_Thymus1,26_57,1,11519.0,16770.0
Mouse_Thymus1,26_58,1,11519.0,16870.0
Mouse_Thymus1,26_59,1,11519.0,16970.0
Mouse_Thymus1,26_6,1,11519.0,11670.0
Mouse_Thymus1,26_60,4,11519.0,17070.0
Mouse_Thymus1,26_61,1,11519.0,17170.0
Mouse_Thymus1,26_62,1,11519.0,17270.0
Mouse_Thymus1,26_63,1,11519.0,17370.0
Mouse_Thymus1,26_64,1,11519.0,17470.0
Mouse_Thymus1,26_65,1,11519.0,17570.0
Mouse_Thymus1,26_66,1,11519.0,17670.0
Mouse_Thymus1,26_67,1,11519.0,17770.0
Mouse_Thymus1,26_68,1,11519.0,17870.0
Mouse_Thymus1,26_69,1,11519.0,17970.0
Mouse_Thymus1,26_7,1,11519.0,11770.0
Mouse_Thymus1,26_70,1,11519.0,18070.0
Mouse_Thymus1,26_71,1,11519.0,18170.0
Mouse_Thymus1,26_72,1,11519.0,18270.0
Mouse_Thymus1,26_73,1,11519.0,18370.0
Mouse_Thymus1,26_74,1,11519.0,18470.0
Mouse_Thymus1,26_75,1,11519.0,18570.0
Mouse_Thymus1,26_76,1,11519.0,18670.0
Mouse_Thymus1,26_77,1,11519.0,18770.0
Mouse_Thymus1,26_78,1,11519.0,18870.0
Mouse_Thymus1,26_79,1,11519.0,18970.0
Mouse_Thymus1,26_8,1,11519.0,11870.0
Mouse_Thymus1,26_80,1,11519.0,19070.0
Mouse_Thymus1,26_81,1,11519.0,19170.0
Mouse_Thymus1,26_82,1,11519.0,19270.0
Mouse_Thymus1,26_83,1,11519.0,19370.0
Mouse_Thymus1,26_84,1,11519.0,19470.0
Mouse_Thymus1,26_85,1,11519.0,19570.0
Mouse_Thymus1,26_86,1,11519.0,19670.0
Mouse_Thymus1,26_87,1,11519.0,19770.0
Mouse_Thymus1,26_88,1,11519.0,19870.0
Mouse_Thymus1,26_89,4,11519.0,19970.0
Mouse_Thymus1,26_9,1,11519.0,11970.0
Mouse_Thymus1,26_90,1,11519.0,20070.0
Mouse_Thymus1,27_0,1,11619.0,11070.0
Mouse_Thymus1,27_1,1,11619.0,11170.0
Mouse_Thymus1,27_10,1,11619.0,12070.0
Mouse_Thymus1,27_11,1,11619.0,12170.0
Mouse_Thymus1,27_12,1,11619.0,12270.0
Mouse_Thymus1,27_13,1,11619.0,12370.0
Mouse_Thymus1,27_14,1,11619.0,12470.0
Mouse_Thymus1,27_15,4,11619.0,12570.0
Mouse_Thymus1,27_16,4,11619.0,12670.0
Mouse_Thymus1,27_17,1,11619.0,12770.0
Mouse_Thymus1,27_18,4,11619.0,12870.0
Mouse_Thymus1,27_19,1,11619.0,12970.0
Mouse_Thymus1,27_2,1,11619.0,11270.0
Mouse_Thymus1,27_20,1,11619.0,13070.0
Mouse_Thymus1,27_21,1,11619.0,13170.0
Mouse_Thymus1,27_22,1,11619.0,13270.0
Mouse_Thymus1,27_23,1,11619.0,13370.0
Mouse_Thymus1,27_24,1,11619.0,13470.0
Mouse_Thymus1,27_25,1,11619.0,13570.0
Mouse_Thymus1,27_26,1,11619.0,13670.0
Mouse_Thymus1,27_27,1,11619.0,13770.0
Mouse_Thymus1,27_28,1,11619.0,13870.0
Mouse_Thymus1,27_29,1,11619.0,13970.0
Mouse_Thymus1,27_3,4,11619.0,11370.0
Mouse_Thymus1,27_30,4,11619.0,14070.0
Mouse_Thymus1,27_31,1,11619.0,14170.0
Mouse_Thymus1,27_32,1,11619.0,14270.0
Mouse_Thymus1,27_33,1,11619.0,14370.0
Mouse_Thymus1,27_34,1,11619.0,14470.0
Mouse_Thymus1,27_35,1,11619.0,14570.0
Mouse_Thymus1,27_36,4,11619.0,14670.0
Mouse_Thymus1,27_37,1,11619.0,14770.0
Mouse_Thymus1,27_38,1,11619.0,14870.0
Mouse_Thymus1,27_39,1,11619.0,14970.0
Mouse_Thymus1,27_4,1,11619.0,11470.0
Mouse_Thymus1,27_40,1,11619.0,15070.0
Mouse_Thymus1,27_41,1,11619.0,15170.0
Mouse_Thymus1,27_42,1,11619.0,15270.0
Mouse_Thymus1,27_43,1,11619.0,15370.0
Mouse_Thymus1,27_44,4,11619.0,15470.0
Mouse_Thymus1,27_45,1,11619.0,15570.0
Mouse_Thymus1,27_46,1,11619.0,15670.0
Mouse_Thymus1,27_47,1,11619.0,15770.0
Mouse_Thymus1,27_48,1,11619.0,15870.0
Mouse_Thymus1,27_49,1,11619.0,15970.0
Mouse_Thymus1,27_5,4,11619.0,11570.0
Mouse_Thymus1,27_50,4,11619.0,16070.0
Mouse_Thymus1,27_51,1,11619.0,16170.0
Mouse_Thymus1,27_52,1,11619.0,16270.0
Mouse_Thymus1,27_53,1,11619.0,16370.0
Mouse_Thymus1,27_54,1,11619.0,16470.0
Mouse_Thymus1,27_55,1,11619.0,16570.0
Mouse_Thymus1,27_56,1,11619.0,16670.0
Mouse_Thymus1,27_57,1,11619.0,16770.0
Mouse_Thymus1,27_58,1,11619.0,16870.0
Mouse_Thymus1,27_59,4,11619.0,16970.0
Mouse_Thymus1,27_6,1,11619.0,11670.0
Mouse_Thymus1,27_60,1,11619.0,17070.0
Mouse_Thymus1,27_61,4,11619.0,17170.0
Mouse_Thymus1,27_62,1,11619.0,17270.0
Mouse_Thymus1,27_63,1,11619.0,17370.0
Mouse_Thymus1,27_64,1,11619.0,17470.0
Mouse_Thymus1,27_65,1,11619.0,17570.0
Mouse_Thymus1,27_66,1,11619.0,17670.0
Mouse_Thymus1,27_67,1,11619.0,17770.0
Mouse_Thymus1,27_68,1,11619.0,17870.0
Mouse_Thymus1,27_69,1,11619.0,17970.0
Mouse_Thymus1,27_7,1,11619.0,11770.0
Mouse_Thymus1,27_70,4,11619.0,18070.0
Mouse_Thymus1,27_71,1,11619.0,18170.0
Mouse_Thymus1,27_72,1,11619.0,18270.0
Mouse_Thymus1,27_73,1,11619.0,18370.0
Mouse_Thymus1,27_74,1,11619.0,18470.0
Mouse_Thymus1,27_75,1,11619.0,18570.0
Mouse_Thymus1,27_76,1,11619.0,18670.0
Mouse_Thymus1,27_77,1,11619.0,18770.0
Mouse_Thymus1,27_78,1,11619.0,18870.0
Mouse_Thymus1,27_79,1,11619.0,18970.0
Mouse_Thymus1,27_8,1,11619.0,11870.0
Mouse_Thymus1,27_80,1,11619.0,19070.0
Mouse_Thymus1,27_81,1,11619.0,19170.0
Mouse_Thymus1,27_82,4,11619.0,19270.0
Mouse_Thymus1,27_83,1,11619.0,19370.0
Mouse_Thymus1,27_84,1,11619.0,19470.0
Mouse_Thymus1,27_85,1,11619.0,19570.0
Mouse_Thymus1,27_86,1,11619.0,19670.0
Mouse_Thymus1,27_87,1,11619.0,19770.0
Mouse_Thymus1,27_88,4,11619.0,19870.0
Mouse_Thymus1,27_89,1,11619.0,19970.0
Mouse_Thymus1,27_9,1,11619.0,11970.0
Mouse_Thymus1,27_90,1,11619.0,20070.0
Mouse_Thymus1,28_0,1,11719.0,11070.0
Mouse_Thymus1,28_1,1,11719.0,11170.0
Mouse_Thymus1,28_10,1,11719.0,12070.0
Mouse_Thymus1,28_11,1,11719.0,12170.0
Mouse_Thymus1,28_12,1,11719.0,12270.0
Mouse_Thymus1,28_13,4,11719.0,12370.0
Mouse_Thymus1,28_14,4,11719.0,12470.0
Mouse_Thymus1,28_15,1,11719.0,12570.0
Mouse_Thymus1,28_16,1,11719.0,12670.0
Mouse_Thymus1,28_17,1,11719.0,12770.0
Mouse_Thymus1,28_18,1,11719.0,12870.0
Mouse_Thymus1,28_19,1,11719.0,12970.0
Mouse_Thymus1,28_2,1,11719.0,11270.0
Mouse_Thymus1,28_20,1,11719.0,13070.0
Mouse_Thymus1,28_21,1,11719.0,13170.0
Mouse_Thymus1,28_22,1,11719.0,13270.0
Mouse_Thymus1,28_23,1,11719.0,13370.0
Mouse_Thymus1,28_24,1,11719.0,13470.0
Mouse_Thymus1,28_25,1,11719.0,13570.0
Mouse_Thymus1,28_26,1,11719.0,13670.0
Mouse_Thymus1,28_27,1,11719.0,13770.0
Mouse_Thymus1,28_28,1,11719.0,13870.0
Mouse_Thymus1,28_29,1,11719.0,13970.0
Mouse_Thymus1,28_3,4,11719.0,11370.0
Mouse_Thymus1,28_30,1,11719.0,14070.0
Mouse_Thymus1,28_31,1,11719.0,14170.0
Mouse_Thymus1,28_32,1,11719.0,14270.0
Mouse_Thymus1,28_33,1,11719.0,14370.0
Mouse_Thymus1,28_34,1,11719.0,14470.0
Mouse_Thymus1,28_35,1,11719.0,14570.0
Mouse_Thymus1,28_36,1,11719.0,14670.0
Mouse_Thymus1,28_37,1,11719.0,14770.0
Mouse_Thymus1,28_38,1,11719.0,14870.0
Mouse_Thymus1,28_39,1,11719.0,14970.0
Mouse_Thymus1,28_4,1,11719.0,11470.0
Mouse_Thymus1,28_40,1,11719.0,15070.0
Mouse_Thymus1,28_41,1,11719.0,15170.0
Mouse_Thymus1,28_42,1,11719.0,15270.0
Mouse_Thymus1,28_43,4,11719.0,15370.0
Mouse_Thymus1,28_44,1,11719.0,15470.0
Mouse_Thymus1,28_45,1,11719.0,15570.0
Mouse_Thymus1,28_46,4,11719.0,15670.0
Mouse_Thymus1,28_47,1,11719.0,15770.0
Mouse_Thymus1,28_48,1,11719.0,15870.0
Mouse_Thymus1,28_49,1,11719.0,15970.0
Mouse_Thymus1,28_5,1,11719.0,11570.0
Mouse_Thymus1,28_50,1,11719.0,16070.0
Mouse_Thymus1,28_51,1,11719.0,16170.0
Mouse_Thymus1,28_52,1,11719.0,16270.0
Mouse_Thymus1,28_53,1,11719.0,16370.0
Mouse_Thymus1,28_54,1,11719.0,16470.0
Mouse_Thymus1,28_55,1,11719.0,16570.0
Mouse_Thymus1,28_56,1,11719.0,16670.0
Mouse_Thymus1,28_57,1,11719.0,16770.0
Mouse_Thymus1,28_58,1,11719.0,16870.0
Mouse_Thymus1,28_59,1,11719.0,16970.0
Mouse_Thymus1,28_6,1,11719.0,11670.0
Mouse_Thymus1,28_60,1,11719.0,17070.0
Mouse_Thymus1,28_61,1,11719.0,17170.0
Mouse_Thymus1,28_62,1,11719.0,17270.0
Mouse_Thymus1,28_63,1,11719.0,17370.0
Mouse_Thymus1,28_64,1,11719.0,17470.0
Mouse_Thymus1,28_65,1,11719.0,17570.0
Mouse_Thymus1,28_66,1,11719.0,17670.0
Mouse_Thymus1,28_67,1,11719.0,17770.0
Mouse_Thymus1,28_68,1,11719.0,17870.0
Mouse_Thymus1,28_69,4,11719.0,17970.0
Mouse_Thymus1,28_7,1,11719.0,11770.0
Mouse_Thymus1,28_70,1,11719.0,18070.0
Mouse_Thymus1,28_71,1,11719.0,18170.0
Mouse_Thymus1,28_72,1,11719.0,18270.0
Mouse_Thymus1,28_73,4,11719.0,18370.0
Mouse_Thymus1,28_74,1,11719.0,18470.0
Mouse_Thymus1,28_75,1,11719.0,18570.0
Mouse_Thymus1,28_76,1,11719.0,18670.0
Mouse_Thymus1,28_77,1,11719.0,18770.0
Mouse_Thymus1,28_78,1,11719.0,18870.0
Mouse_Thymus1,28_79,1,11719.0,18970.0
Mouse_Thymus1,28_8,1,11719.0,11870.0
Mouse_Thymus1,28_80,1,11719.0,19070.0
Mouse_Thymus1,28_81,1,11719.0,19170.0
Mouse_Thymus1,28_82,1,11719.0,19270.0
Mouse_Thymus1,28_83,1,11719.0,19370.0
Mouse_Thymus1,28_84,1,11719.0,19470.0
Mouse_Thymus1,28_85,1,11719.0,19570.0
Mouse_Thymus1,28_86,1,11719.0,19670.0
Mouse_Thymus1,28_87,1,11719.0,19770.0
Mouse_Thymus1,28_88,1,11719.0,19870.0
Mouse_Thymus1,28_89,1,11719.0,19970.0
Mouse_Thymus1,28_9,1,11719.0,11970.0
Mouse_Thymus1,28_90,1,11719.0,20070.0
Mouse_Thymus1,29_10,1,11819.0,12070.0
Mouse_Thymus1,29_11,1,11819.0,12170.0
Mouse_Thymus1,29_12,1,11819.0,12270.0
Mouse_Thymus1,29_13,1,11819.0,12370.0
Mouse_Thymus1,29_14,1,11819.0,12470.0
Mouse_Thymus1,29_15,1,11819.0,12570.0
Mouse_Thymus1,29_16,1,11819.0,12670.0
Mouse_Thymus1,29_17,1,11819.0,12770.0
Mouse_Thymus1,29_18,1,11819.0,12870.0
Mouse_Thymus1,29_19,4,11819.0,12970.0
Mouse_Thymus1,29_2,1,11819.0,11270.0
Mouse_Thymus1,29_20,1,11819.0,13070.0
Mouse_Thymus1,29_21,1,11819.0,13170.0
Mouse_Thymus1,29_22,1,11819.0,13270.0
Mouse_Thymus1,29_23,4,11819.0,13370.0
Mouse_Thymus1,29_24,1,11819.0,13470.0
Mouse_Thymus1,29_25,1,11819.0,13570.0
Mouse_Thymus1,29_26,1,11819.0,13670.0
Mouse_Thymus1,29_27,1,11819.0,13770.0
Mouse_Thymus1,29_28,4,11819.0,13870.0
Mouse_Thymus1,29_29,1,11819.0,13970.0
Mouse_Thymus1,29_3,1,11819.0,11370.0
Mouse_Thymus1,29_30,1,11819.0,14070.0
Mouse_Thymus1,29_31,1,11819.0,14170.0
Mouse_Thymus1,29_32,1,11819.0,14270.0
Mouse_Thymus1,29_33,1,11819.0,14370.0
Mouse_Thymus1,29_34,1,11819.0,14470.0
Mouse_Thymus1,29_35,1,11819.0,14570.0
Mouse_Thymus1,29_36,1,11819.0,14670.0
Mouse_Thymus1,29_37,1,11819.0,14770.0
Mouse_Thymus1,29_38,1,11819.0,14870.0
Mouse_Thymus1,29_39,1,11819.0,14970.0
Mouse_Thymus1,29_4,1,11819.0,11470.0
Mouse_Thymus1,29_40,1,11819.0,15070.0
Mouse_Thymus1,29_41,1,11819.0,15170.0
Mouse_Thymus1,29_42,1,11819.0,15270.0
Mouse_Thymus1,29_43,1,11819.0,15370.0
Mouse_Thymus1,29_44,1,11819.0,15470.0
Mouse_Thymus1,29_45,1,11819.0,15570.0
Mouse_Thymus1,29_46,1,11819.0,15670.0
Mouse_Thymus1,29_47,1,11819.0,15770.0
Mouse_Thymus1,29_48,1,11819.0,15870.0
Mouse_Thymus1,29_49,1,11819.0,15970.0
Mouse_Thymus1,29_5,1,11819.0,11570.0
Mouse_Thymus1,29_50,1,11819.0,16070.0
Mouse_Thymus1,29_51,1,11819.0,16170.0
Mouse_Thymus1,29_52,1,11819.0,16270.0
Mouse_Thymus1,29_53,1,11819.0,16370.0
Mouse_Thymus1,29_54,1,11819.0,16470.0
Mouse_Thymus1,29_55,1,11819.0,16570.0
Mouse_Thymus1,29_56,1,11819.0,16670.0
Mouse_Thymus1,29_57,1,11819.0,16770.0
Mouse_Thymus1,29_58,1,11819.0,16870.0
Mouse_Thymus1,29_59,1,11819.0,16970.0
Mouse_Thymus1,29_6,1,11819.0,11670.0
Mouse_Thymus1,29_60,1,11819.0,17070.0
Mouse_Thymus1,29_61,1,11819.0,17170.0
Mouse_Thymus1,29_62,1,11819.0,17270.0
Mouse_Thymus1,29_63,1,11819.0,17370.0
Mouse_Thymus1,29_64,1,11819.0,17470.0
Mouse_Thymus1,29_65,1,11819.0,17570.0
Mouse_Thymus1,29_66,4,11819.0,17670.0
Mouse_Thymus1,29_67,1,11819.0,17770.0
Mouse_Thymus1,29_68,1,11819.0,17870.0
Mouse_Thymus1,29_69,1,11819.0,17970.0
Mouse_Thymus1,29_7,1,11819.0,11770.0
Mouse_Thymus1,29_70,1,11819.0,18070.0
Mouse_Thymus1,29_71,1,11819.0,18170.0
Mouse_Thymus1,29_72,1,11819.0,18270.0
Mouse_Thymus1,29_73,1,11819.0,18370.0
Mouse_Thymus1,29_74,1,11819.0,18470.0
Mouse_Thymus1,29_75,1,11819.0,18570.0
Mouse_Thymus1,29_76,1,11819.0,18670.0
Mouse_Thymus1,29_77,1,11819.0,18770.0
Mouse_Thymus1,29_78,1,11819.0,18870.0
Mouse_Thymus1,29_79,1,11819.0,18970.0
Mouse_Thymus1,29_8,1,11819.0,11870.0
Mouse_Thymus1,29_80,1,11819.0,19070.0
Mouse_Thymus1,29_81,4,11819.0,19170.0
Mouse_Thymus1,29_82,1,11819.0,19270.0
Mouse_Thymus1,29_83,1,11819.0,19370.0
Mouse_Thymus1,29_84,1,11819.0,19470.0
Mouse_Thymus1,29_85,1,11819.0,19570.0
Mouse_Thymus1,29_86,1,11819.0,19670.0
Mouse_Thymus1,29_87,1,11819.0,19770.0
Mouse_Thymus1,29_88,1,11819.0,19870.0
Mouse_Thymus1,29_89,1,11819.0,19970.0
Mouse_Thymus1,29_9,1,11819.0,11970.0
Mouse_Thymus1,29_90,1,11819.0,20070.0
Mouse_Thymus1,29_91,1,11819.0,20170.0
Mouse_Thymus1,2_17,1,9119.0,12770.0
Mouse_Thymus1,2_18,1,9119.0,12870.0
Mouse_Thymus1,2_19,1,9119.0,12970.0
Mouse_Thymus1,2_21,1,9119.0,13170.0
Mouse_Thymus1,2_22,1,9119.0,13270.0
Mouse_Thymus1,2_23,1,9119.0,13370.0
Mouse_Thymus1,2_24,1,9119.0,13470.0
Mouse_Thymus1,2_25,1,9119.0,13570.0
Mouse_Thymus1,2_26,1,9119.0,13670.0
Mouse_Thymus1,2_27,1,9119.0,13770.0
Mouse_Thymus1,2_28,1,9119.0,13870.0
Mouse_Thymus1,2_29,1,9119.0,13970.0
Mouse_Thymus1,2_30,1,9119.0,14070.0
Mouse_Thymus1,2_31,4,9119.0,14170.0
Mouse_Thymus1,2_32,1,9119.0,14270.0
Mouse_Thymus1,2_33,1,9119.0,14370.0
Mouse_Thymus1,2_34,1,9119.0,14470.0
Mouse_Thymus1,2_35,1,9119.0,14570.0
Mouse_Thymus1,2_36,1,9119.0,14670.0
Mouse_Thymus1,2_37,1,9119.0,14770.0
Mouse_Thymus1,2_38,1,9119.0,14870.0
Mouse_Thymus1,2_39,1,9119.0,14970.0
Mouse_Thymus1,2_40,1,9119.0,15070.0
Mouse_Thymus1,2_41,1,9119.0,15170.0
Mouse_Thymus1,2_42,4,9119.0,15270.0
Mouse_Thymus1,2_43,1,9119.0,15370.0
Mouse_Thymus1,2_44,1,9119.0,15470.0
Mouse_Thymus1,2_45,1,9119.0,15570.0
Mouse_Thymus1,2_46,1,9119.0,15670.0
Mouse_Thymus1,2_47,1,9119.0,15770.0
Mouse_Thymus1,2_48,1,9119.0,15870.0
Mouse_Thymus1,2_49,1,9119.0,15970.0
Mouse_Thymus1,2_55,1,9119.0,16570.0
Mouse_Thymus1,30_10,1,11919.0,12070.0
Mouse_Thymus1,30_11,1,11919.0,12170.0
Mouse_Thymus1,30_12,1,11919.0,12270.0
Mouse_Thymus1,30_13,1,11919.0,12370.0
Mouse_Thymus1,30_14,1,11919.0,12470.0
Mouse_Thymus1,30_15,1,11919.0,12570.0
Mouse_Thymus1,30_16,1,11919.0,12670.0
Mouse_Thymus1,30_17,1,11919.0,12770.0
Mouse_Thymus1,30_18,1,11919.0,12870.0
Mouse_Thymus1,30_19,1,11919.0,12970.0
Mouse_Thymus1,30_2,1,11919.0,11270.0
Mouse_Thymus1,30_20,1,11919.0,13070.0
Mouse_Thymus1,30_21,4,11919.0,13170.0
Mouse_Thymus1,30_22,1,11919.0,13270.0
Mouse_Thymus1,30_23,1,11919.0,13370.0
Mouse_Thymus1,30_24,1,11919.0,13470.0
Mouse_Thymus1,30_25,1,11919.0,13570.0
Mouse_Thymus1,30_26,1,11919.0,13670.0
Mouse_Thymus1,30_27,1,11919.0,13770.0
Mouse_Thymus1,30_28,1,11919.0,13870.0
Mouse_Thymus1,30_29,1,11919.0,13970.0
Mouse_Thymus1,30_3,4,11919.0,11370.0
Mouse_Thymus1,30_30,1,11919.0,14070.0
Mouse_Thymus1,30_31,4,11919.0,14170.0
Mouse_Thymus1,30_32,1,11919.0,14270.0
Mouse_Thymus1,30_33,1,11919.0,14370.0
Mouse_Thymus1,30_34,1,11919.0,14470.0
Mouse_Thymus1,30_35,1,11919.0,14570.0
Mouse_Thymus1,30_36,1,11919.0,14670.0
Mouse_Thymus1,30_37,1,11919.0,14770.0
Mouse_Thymus1,30_38,1,11919.0,14870.0
Mouse_Thymus1,30_39,4,11919.0,14970.0
Mouse_Thymus1,30_4,1,11919.0,11470.0
Mouse_Thymus1,30_40,1,11919.0,15070.0
Mouse_Thymus1,30_41,1,11919.0,15170.0
Mouse_Thymus1,30_42,1,11919.0,15270.0
Mouse_Thymus1,30_43,1,11919.0,15370.0
Mouse_Thymus1,30_44,1,11919.0,15470.0
Mouse_Thymus1,30_45,1,11919.0,15570.0
Mouse_Thymus1,30_46,1,11919.0,15670.0
Mouse_Thymus1,30_47,1,11919.0,15770.0
Mouse_Thymus1,30_48,1,11919.0,15870.0
Mouse_Thymus1,30_49,1,11919.0,15970.0
Mouse_Thymus1,30_5,1,11919.0,11570.0
Mouse_Thymus1,30_50,1,11919.0,16070.0
Mouse_Thymus1,30_51,1,11919.0,16170.0
Mouse_Thymus1,30_52,1,11919.0,16270.0
Mouse_Thymus1,30_53,1,11919.0,16370.0
Mouse_Thymus1,30_54,1,11919.0,16470.0
Mouse_Thymus1,30_55,1,11919.0,16570.0
Mouse_Thymus1,30_56,1,11919.0,16670.0
Mouse_Thymus1,30_57,1,11919.0,16770.0
Mouse_Thymus1,30_58,1,11919.0,16870.0
Mouse_Thymus1,30_59,4,11919.0,16970.0
Mouse_Thymus1,30_6,1,11919.0,11670.0
Mouse_Thymus1,30_60,1,11919.0,17070.0
Mouse_Thymus1,30_61,1,11919.0,17170.0
Mouse_Thymus1,30_62,4,11919.0,17270.0
Mouse_Thymus1,30_63,1,11919.0,17370.0
Mouse_Thymus1,30_64,4,11919.0,17470.0
Mouse_Thymus1,30_65,1,11919.0,17570.0
Mouse_Thymus1,30_66,1,11919.0,17670.0
Mouse_Thymus1,30_67,1,11919.0,17770.0
Mouse_Thymus1,30_68,1,11919.0,17870.0
Mouse_Thymus1,30_69,1,11919.0,17970.0
Mouse_Thymus1,30_7,1,11919.0,11770.0
Mouse_Thymus1,30_70,1,11919.0,18070.0
Mouse_Thymus1,30_71,1,11919.0,18170.0
Mouse_Thymus1,30_72,4,11919.0,18270.0
Mouse_Thymus1,30_73,1,11919.0,18370.0
Mouse_Thymus1,30_74,1,11919.0,18470.0
Mouse_Thymus1,30_75,1,11919.0,18570.0
Mouse_Thymus1,30_76,1,11919.0,18670.0
Mouse_Thymus1,30_77,1,11919.0,18770.0
Mouse_Thymus1,30_78,1,11919.0,18870.0
Mouse_Thymus1,30_79,1,11919.0,18970.0
Mouse_Thymus1,30_8,1,11919.0,11870.0
Mouse_Thymus1,30_80,4,11919.0,19070.0
Mouse_Thymus1,30_81,1,11919.0,19170.0
Mouse_Thymus1,30_82,1,11919.0,19270.0
Mouse_Thymus1,30_83,1,11919.0,19370.0
Mouse_Thymus1,30_84,1,11919.0,19470.0
Mouse_Thymus1,30_85,1,11919.0,19570.0
Mouse_Thymus1,30_86,1,11919.0,19670.0
Mouse_Thymus1,30_87,1,11919.0,19770.0
Mouse_Thymus1,30_88,1,11919.0,19870.0
Mouse_Thymus1,30_89,1,11919.0,19970.0
Mouse_Thymus1,30_9,1,11919.0,11970.0
Mouse_Thymus1,30_90,1,11919.0,20070.0
Mouse_Thymus1,30_91,1,11919.0,20170.0
Mouse_Thymus1,31_10,1,12019.0,12070.0
Mouse_Thymus1,31_11,1,12019.0,12170.0
Mouse_Thymus1,31_12,1,12019.0,12270.0
Mouse_Thymus1,31_13,1,12019.0,12370.0
Mouse_Thymus1,31_14,1,12019.0,12470.0
Mouse_Thymus1,31_15,1,12019.0,12570.0
Mouse_Thymus1,31_16,1,12019.0,12670.0
Mouse_Thymus1,31_17,4,12019.0,12770.0
Mouse_Thymus1,31_18,1,12019.0,12870.0
Mouse_Thymus1,31_19,1,12019.0,12970.0
Mouse_Thymus1,31_20,1,12019.0,13070.0
Mouse_Thymus1,31_21,1,12019.0,13170.0
Mouse_Thymus1,31_22,1,12019.0,13270.0
Mouse_Thymus1,31_23,1,12019.0,13370.0
Mouse_Thymus1,31_24,1,12019.0,13470.0
Mouse_Thymus1,31_25,1,12019.0,13570.0
Mouse_Thymus1,31_26,1,12019.0,13670.0
Mouse_Thymus1,31_27,1,12019.0,13770.0
Mouse_Thymus1,31_28,1,12019.0,13870.0
Mouse_Thymus1,31_29,1,12019.0,13970.0
Mouse_Thymus1,31_3,1,12019.0,11370.0
Mouse_Thymus1,31_30,1,12019.0,14070.0
Mouse_Thymus1,31_31,1,12019.0,14170.0
Mouse_Thymus1,31_32,1,12019.0,14270.0
Mouse_Thymus1,31_33,4,12019.0,14370.0
Mouse_Thymus1,31_34,4,12019.0,14470.0
Mouse_Thymus1,31_35,1,12019.0,14570.0
Mouse_Thymus1,31_36,1,12019.0,14670.0
Mouse_Thymus1,31_37,1,12019.0,14770.0
Mouse_Thymus1,31_38,1,12019.0,14870.0
Mouse_Thymus1,31_39,4,12019.0,14970.0
Mouse_Thymus1,31_4,1,12019.0,11470.0
Mouse_Thymus1,31_40,1,12019.0,15070.0
Mouse_Thymus1,31_41,1,12019.0,15170.0
Mouse_Thymus1,31_42,1,12019.0,15270.0
Mouse_Thymus1,31_43,1,12019.0,15370.0
Mouse_Thymus1,31_44,1,12019.0,15470.0
Mouse_Thymus1,31_45,1,12019.0,15570.0
Mouse_Thymus1,31_46,1,12019.0,15670.0
Mouse_Thymus1,31_47,1,12019.0,15770.0
Mouse_Thymus1,31_48,1,12019.0,15870.0
Mouse_Thymus1,31_49,1,12019.0,15970.0
Mouse_Thymus1,31_5,1,12019.0,11570.0
Mouse_Thymus1,31_50,4,12019.0,16070.0
Mouse_Thymus1,31_51,1,12019.0,16170.0
Mouse_Thymus1,31_52,4,12019.0,16270.0
Mouse_Thymus1,31_53,1,12019.0,16370.0
Mouse_Thymus1,31_54,1,12019.0,16470.0
Mouse_Thymus1,31_55,1,12019.0,16570.0
Mouse_Thymus1,31_56,1,12019.0,16670.0
Mouse_Thymus1,31_57,1,12019.0,16770.0
Mouse_Thymus1,31_58,1,12019.0,16870.0
Mouse_Thymus1,31_59,1,12019.0,16970.0
Mouse_Thymus1,31_6,1,12019.0,11670.0
Mouse_Thymus1,31_60,1,12019.0,17070.0
Mouse_Thymus1,31_61,1,12019.0,17170.0
Mouse_Thymus1,31_62,1,12019.0,17270.0
Mouse_Thymus1,31_63,1,12019.0,17370.0
Mouse_Thymus1,31_64,1,12019.0,17470.0
Mouse_Thymus1,31_65,1,12019.0,17570.0
Mouse_Thymus1,31_66,1,12019.0,17670.0
Mouse_Thymus1,31_67,4,12019.0,17770.0
Mouse_Thymus1,31_68,1,12019.0,17870.0
Mouse_Thymus1,31_69,4,12019.0,17970.0
Mouse_Thymus1,31_7,1,12019.0,11770.0
Mouse_Thymus1,31_70,1,12019.0,18070.0
Mouse_Thymus1,31_71,1,12019.0,18170.0
Mouse_Thymus1,31_72,1,12019.0,18270.0
Mouse_Thymus1,31_73,4,12019.0,18370.0
Mouse_Thymus1,31_74,1,12019.0,18470.0
Mouse_Thymus1,31_75,1,12019.0,18570.0
Mouse_Thymus1,31_76,1,12019.0,18670.0
Mouse_Thymus1,31_77,1,12019.0,18770.0
Mouse_Thymus1,31_78,1,12019.0,18870.0
Mouse_Thymus1,31_79,1,12019.0,18970.0
Mouse_Thymus1,31_8,1,12019.0,11870.0
Mouse_Thymus1,31_80,1,12019.0,19070.0
Mouse_Thymus1,31_81,1,12019.0,19170.0
Mouse_Thymus1,31_82,1,12019.0,19270.0
Mouse_Thymus1,31_83,1,12019.0,19370.0
Mouse_Thymus1,31_84,1,12019.0,19470.0
Mouse_Thymus1,31_85,1,12019.0,19570.0
Mouse_Thymus1,31_86,1,12019.0,19670.0
Mouse_Thymus1,31_87,1,12019.0,19770.0
Mouse_Thymus1,31_88,1,12019.0,19870.0
Mouse_Thymus1,31_89,1,12019.0,19970.0
Mouse_Thymus1,31_9,1,12019.0,11970.0
Mouse_Thymus1,31_90,1,12019.0,20070.0
Mouse_Thymus1,31_91,1,12019.0,20170.0
Mouse_Thymus1,31_92,1,12019.0,20270.0
Mouse_Thymus1,32_10,1,12119.0,12070.0
Mouse_Thymus1,32_11,1,12119.0,12170.0
Mouse_Thymus1,32_12,1,12119.0,12270.0
Mouse_Thymus1,32_13,1,12119.0,12370.0
Mouse_Thymus1,32_14,1,12119.0,12470.0
Mouse_Thymus1,32_15,1,12119.0,12570.0
Mouse_Thymus1,32_16,1,12119.0,12670.0
Mouse_Thymus1,32_17,1,12119.0,12770.0
Mouse_Thymus1,32_18,1,12119.0,12870.0
Mouse_Thymus1,32_19,1,12119.0,12970.0
Mouse_Thymus1,32_20,1,12119.0,13070.0
Mouse_Thymus1,32_21,0,12119.0,13170.0
Mouse_Thymus1,32_22,1,12119.0,13270.0
Mouse_Thymus1,32_23,3,12119.0,13370.0
Mouse_Thymus1,32_24,4,12119.0,13470.0
Mouse_Thymus1,32_25,4,12119.0,13570.0
Mouse_Thymus1,32_26,1,12119.0,13670.0
Mouse_Thymus1,32_27,1,12119.0,13770.0
Mouse_Thymus1,32_28,1,12119.0,13870.0
Mouse_Thymus1,32_29,1,12119.0,13970.0
Mouse_Thymus1,32_30,1,12119.0,14070.0
Mouse_Thymus1,32_31,1,12119.0,14170.0
Mouse_Thymus1,32_32,1,12119.0,14270.0
Mouse_Thymus1,32_33,1,12119.0,14370.0
Mouse_Thymus1,32_34,0,12119.0,14470.0
Mouse_Thymus1,32_35,4,12119.0,14570.0
Mouse_Thymus1,32_36,4,12119.0,14670.0
Mouse_Thymus1,32_37,4,12119.0,14770.0
Mouse_Thymus1,32_38,1,12119.0,14870.0
Mouse_Thymus1,32_39,4,12119.0,14970.0
Mouse_Thymus1,32_4,1,12119.0,11470.0
Mouse_Thymus1,32_40,1,12119.0,15070.0
Mouse_Thymus1,32_41,1,12119.0,15170.0
Mouse_Thymus1,32_42,4,12119.0,15270.0
Mouse_Thymus1,32_43,1,12119.0,15370.0
Mouse_Thymus1,32_44,4,12119.0,15470.0
Mouse_Thymus1,32_45,1,12119.0,15570.0
Mouse_Thymus1,32_46,4,12119.0,15670.0
Mouse_Thymus1,32_47,4,12119.0,15770.0
Mouse_Thymus1,32_48,1,12119.0,15870.0
Mouse_Thymus1,32_49,1,12119.0,15970.0
Mouse_Thymus1,32_5,1,12119.0,11570.0
Mouse_Thymus1,32_50,1,12119.0,16070.0
Mouse_Thymus1,32_51,1,12119.0,16170.0
Mouse_Thymus1,32_52,1,12119.0,16270.0
Mouse_Thymus1,32_53,1,12119.0,16370.0
Mouse_Thymus1,32_54,1,12119.0,16470.0
Mouse_Thymus1,32_55,1,12119.0,16570.0
Mouse_Thymus1,32_56,1,12119.0,16670.0
Mouse_Thymus1,32_57,1,12119.0,16770.0
Mouse_Thymus1,32_58,1,12119.0,16870.0
Mouse_Thymus1,32_59,1,12119.0,16970.0
Mouse_Thymus1,32_6,4,12119.0,11670.0
Mouse_Thymus1,32_60,1,12119.0,17070.0
Mouse_Thymus1,32_61,1,12119.0,17170.0
Mouse_Thymus1,32_62,1,12119.0,17270.0
Mouse_Thymus1,32_63,1,12119.0,17370.0
Mouse_Thymus1,32_64,1,12119.0,17470.0
Mouse_Thymus1,32_65,1,12119.0,17570.0
Mouse_Thymus1,32_66,1,12119.0,17670.0
Mouse_Thymus1,32_67,1,12119.0,17770.0
Mouse_Thymus1,32_68,1,12119.0,17870.0
Mouse_Thymus1,32_69,1,12119.0,17970.0
Mouse_Thymus1,32_7,4,12119.0,11770.0
Mouse_Thymus1,32_70,1,12119.0,18070.0
Mouse_Thymus1,32_71,1,12119.0,18170.0
Mouse_Thymus1,32_72,1,12119.0,18270.0
Mouse_Thymus1,32_73,1,12119.0,18370.0
Mouse_Thymus1,32_74,1,12119.0,18470.0
Mouse_Thymus1,32_75,1,12119.0,18570.0
Mouse_Thymus1,32_76,1,12119.0,18670.0
Mouse_Thymus1,32_77,1,12119.0,18770.0
Mouse_Thymus1,32_78,1,12119.0,18870.0
Mouse_Thymus1,32_79,4,12119.0,18970.0
Mouse_Thymus1,32_8,4,12119.0,11870.0
Mouse_Thymus1,32_80,1,12119.0,19070.0
Mouse_Thymus1,32_81,1,12119.0,19170.0
Mouse_Thymus1,32_82,1,12119.0,19270.0
Mouse_Thymus1,32_83,1,12119.0,19370.0
Mouse_Thymus1,32_84,4,12119.0,19470.0
Mouse_Thymus1,32_85,1,12119.0,19570.0
Mouse_Thymus1,32_86,1,12119.0,19670.0
Mouse_Thymus1,32_87,1,12119.0,19770.0
Mouse_Thymus1,32_88,1,12119.0,19870.0
Mouse_Thymus1,32_89,1,12119.0,19970.0
Mouse_Thymus1,32_9,1,12119.0,11970.0
Mouse_Thymus1,32_90,1,12119.0,20070.0
Mouse_Thymus1,32_91,1,12119.0,20170.0
Mouse_Thymus1,32_92,4,12119.0,20270.0
Mouse_Thymus1,33_10,1,12219.0,12070.0
Mouse_Thymus1,33_11,1,12219.0,12170.0
Mouse_Thymus1,33_12,4,12219.0,12270.0
Mouse_Thymus1,33_13,1,12219.0,12370.0
Mouse_Thymus1,33_14,1,12219.0,12470.0
Mouse_Thymus1,33_15,1,12219.0,12570.0
Mouse_Thymus1,33_16,1,12219.0,12670.0
Mouse_Thymus1,33_17,1,12219.0,12770.0
Mouse_Thymus1,33_18,4,12219.0,12870.0
Mouse_Thymus1,33_19,1,12219.0,12970.0
Mouse_Thymus1,33_20,1,12219.0,13070.0
Mouse_Thymus1,33_21,1,12219.0,13170.0
Mouse_Thymus1,33_22,1,12219.0,13270.0
Mouse_Thymus1,33_23,1,12219.0,13370.0
Mouse_Thymus1,33_24,1,12219.0,13470.0
Mouse_Thymus1,33_25,1,12219.0,13570.0
Mouse_Thymus1,33_26,1,12219.0,13670.0
Mouse_Thymus1,33_27,1,12219.0,13770.0
Mouse_Thymus1,33_28,4,12219.0,13870.0
Mouse_Thymus1,33_29,1,12219.0,13970.0
Mouse_Thymus1,33_30,1,12219.0,14070.0
Mouse_Thymus1,33_31,1,12219.0,14170.0
Mouse_Thymus1,33_32,1,12219.0,14270.0
Mouse_Thymus1,33_33,1,12219.0,14370.0
Mouse_Thymus1,33_34,1,12219.0,14470.0
Mouse_Thymus1,33_35,1,12219.0,14570.0
Mouse_Thymus1,33_36,1,12219.0,14670.0
Mouse_Thymus1,33_37,1,12219.0,14770.0
Mouse_Thymus1,33_38,4,12219.0,14870.0
Mouse_Thymus1,33_39,1,12219.0,14970.0
Mouse_Thymus1,33_40,1,12219.0,15070.0
Mouse_Thymus1,33_41,1,12219.0,15170.0
Mouse_Thymus1,33_42,1,12219.0,15270.0
Mouse_Thymus1,33_43,1,12219.0,15370.0
Mouse_Thymus1,33_44,1,12219.0,15470.0
Mouse_Thymus1,33_45,1,12219.0,15570.0
Mouse_Thymus1,33_46,1,12219.0,15670.0
Mouse_Thymus1,33_47,1,12219.0,15770.0
Mouse_Thymus1,33_48,1,12219.0,15870.0
Mouse_Thymus1,33_49,1,12219.0,15970.0
Mouse_Thymus1,33_5,1,12219.0,11570.0
Mouse_Thymus1,33_50,1,12219.0,16070.0
Mouse_Thymus1,33_51,1,12219.0,16170.0
Mouse_Thymus1,33_52,1,12219.0,16270.0
Mouse_Thymus1,33_53,1,12219.0,16370.0
Mouse_Thymus1,33_54,1,12219.0,16470.0
Mouse_Thymus1,33_55,1,12219.0,16570.0
Mouse_Thymus1,33_56,4,12219.0,16670.0
Mouse_Thymus1,33_57,1,12219.0,16770.0
Mouse_Thymus1,33_58,1,12219.0,16870.0
Mouse_Thymus1,33_59,1,12219.0,16970.0
Mouse_Thymus1,33_6,1,12219.0,11670.0
Mouse_Thymus1,33_60,1,12219.0,17070.0
Mouse_Thymus1,33_61,1,12219.0,17170.0
Mouse_Thymus1,33_62,1,12219.0,17270.0
Mouse_Thymus1,33_63,1,12219.0,17370.0
Mouse_Thymus1,33_64,1,12219.0,17470.0
Mouse_Thymus1,33_65,1,12219.0,17570.0
Mouse_Thymus1,33_66,4,12219.0,17670.0
Mouse_Thymus1,33_67,1,12219.0,17770.0
Mouse_Thymus1,33_68,1,12219.0,17870.0
Mouse_Thymus1,33_69,1,12219.0,17970.0
Mouse_Thymus1,33_7,1,12219.0,11770.0
Mouse_Thymus1,33_70,1,12219.0,18070.0
Mouse_Thymus1,33_71,1,12219.0,18170.0
Mouse_Thymus1,33_72,1,12219.0,18270.0
Mouse_Thymus1,33_73,1,12219.0,18370.0
Mouse_Thymus1,33_74,4,12219.0,18470.0
Mouse_Thymus1,33_75,4,12219.0,18570.0
Mouse_Thymus1,33_76,1,12219.0,18670.0
Mouse_Thymus1,33_77,1,12219.0,18770.0
Mouse_Thymus1,33_78,1,12219.0,18870.0
Mouse_Thymus1,33_79,1,12219.0,18970.0
Mouse_Thymus1,33_8,1,12219.0,11870.0
Mouse_Thymus1,33_80,4,12219.0,19070.0
Mouse_Thymus1,33_81,1,12219.0,19170.0
Mouse_Thymus1,33_82,1,12219.0,19270.0
Mouse_Thymus1,33_83,1,12219.0,19370.0
Mouse_Thymus1,33_84,1,12219.0,19470.0
Mouse_Thymus1,33_85,1,12219.0,19570.0
Mouse_Thymus1,33_86,1,12219.0,19670.0
Mouse_Thymus1,33_87,1,12219.0,19770.0
Mouse_Thymus1,33_88,1,12219.0,19870.0
Mouse_Thymus1,33_89,1,12219.0,19970.0
Mouse_Thymus1,33_9,1,12219.0,11970.0
Mouse_Thymus1,33_90,1,12219.0,20070.0
Mouse_Thymus1,33_91,1,12219.0,20170.0
Mouse_Thymus1,33_92,1,12219.0,20270.0
Mouse_Thymus1,33_93,1,12219.0,20370.0
Mouse_Thymus1,34_10,1,12319.0,12070.0
Mouse_Thymus1,34_11,4,12319.0,12170.0
Mouse_Thymus1,34_12,1,12319.0,12270.0
Mouse_Thymus1,34_13,1,12319.0,12370.0
Mouse_Thymus1,34_14,1,12319.0,12470.0
Mouse_Thymus1,34_15,1,12319.0,12570.0
Mouse_Thymus1,34_16,1,12319.0,12670.0
Mouse_Thymus1,34_17,1,12319.0,12770.0
Mouse_Thymus1,34_18,1,12319.0,12870.0
Mouse_Thymus1,34_19,1,12319.0,12970.0
Mouse_Thymus1,34_20,1,12319.0,13070.0
Mouse_Thymus1,34_21,4,12319.0,13170.0
Mouse_Thymus1,34_22,1,12319.0,13270.0
Mouse_Thymus1,34_23,1,12319.0,13370.0
Mouse_Thymus1,34_24,1,12319.0,13470.0
Mouse_Thymus1,34_25,1,12319.0,13570.0
Mouse_Thymus1,34_26,1,12319.0,13670.0
Mouse_Thymus1,34_27,1,12319.0,13770.0
Mouse_Thymus1,34_28,1,12319.0,13870.0
Mouse_Thymus1,34_29,1,12319.0,13970.0
Mouse_Thymus1,34_30,1,12319.0,14070.0
Mouse_Thymus1,34_31,1,12319.0,14170.0
Mouse_Thymus1,34_32,1,12319.0,14270.0
Mouse_Thymus1,34_33,1,12319.0,14370.0
Mouse_Thymus1,34_34,1,12319.0,14470.0
Mouse_Thymus1,34_35,1,12319.0,14570.0
Mouse_Thymus1,34_36,1,12319.0,14670.0
Mouse_Thymus1,34_37,4,12319.0,14770.0
Mouse_Thymus1,34_38,1,12319.0,14870.0
Mouse_Thymus1,34_39,1,12319.0,14970.0
Mouse_Thymus1,34_40,1,12319.0,15070.0
Mouse_Thymus1,34_41,1,12319.0,15170.0
Mouse_Thymus1,34_42,1,12319.0,15270.0
Mouse_Thymus1,34_43,1,12319.0,15370.0
Mouse_Thymus1,34_44,1,12319.0,15470.0
Mouse_Thymus1,34_45,1,12319.0,15570.0
Mouse_Thymus1,34_46,1,12319.0,15670.0
Mouse_Thymus1,34_47,1,12319.0,15770.0
Mouse_Thymus1,34_48,1,12319.0,15870.0
Mouse_Thymus1,34_49,1,12319.0,15970.0
Mouse_Thymus1,34_50,1,12319.0,16070.0
Mouse_Thymus1,34_51,1,12319.0,16170.0
Mouse_Thymus1,34_52,1,12319.0,16270.0
Mouse_Thymus1,34_53,4,12319.0,16370.0
Mouse_Thymus1,34_54,1,12319.0,16470.0
Mouse_Thymus1,34_55,1,12319.0,16570.0
Mouse_Thymus1,34_56,1,12319.0,16670.0
Mouse_Thymus1,34_57,1,12319.0,16770.0
Mouse_Thymus1,34_58,1,12319.0,16870.0
Mouse_Thymus1,34_59,1,12319.0,16970.0
Mouse_Thymus1,34_6,4,12319.0,11670.0
Mouse_Thymus1,34_60,1,12319.0,17070.0
Mouse_Thymus1,34_61,1,12319.0,17170.0
Mouse_Thymus1,34_62,1,12319.0,17270.0
Mouse_Thymus1,34_63,1,12319.0,17370.0
Mouse_Thymus1,34_64,4,12319.0,17470.0
Mouse_Thymus1,34_65,4,12319.0,17570.0
Mouse_Thymus1,34_66,1,12319.0,17670.0
Mouse_Thymus1,34_67,1,12319.0,17770.0
Mouse_Thymus1,34_68,1,12319.0,17870.0
Mouse_Thymus1,34_69,1,12319.0,17970.0
Mouse_Thymus1,34_7,1,12319.0,11770.0
Mouse_Thymus1,34_70,1,12319.0,18070.0
Mouse_Thymus1,34_71,4,12319.0,18170.0
Mouse_Thymus1,34_72,1,12319.0,18270.0
Mouse_Thymus1,34_73,1,12319.0,18370.0
Mouse_Thymus1,34_74,1,12319.0,18470.0
Mouse_Thymus1,34_75,1,12319.0,18570.0
Mouse_Thymus1,34_76,1,12319.0,18670.0
Mouse_Thymus1,34_77,1,12319.0,18770.0
Mouse_Thymus1,34_78,1,12319.0,18870.0
Mouse_Thymus1,34_79,1,12319.0,18970.0
Mouse_Thymus1,34_8,1,12319.0,11870.0
Mouse_Thymus1,34_80,1,12319.0,19070.0
Mouse_Thymus1,34_81,1,12319.0,19170.0
Mouse_Thymus1,34_82,1,12319.0,19270.0
Mouse_Thymus1,34_83,1,12319.0,19370.0
Mouse_Thymus1,34_84,4,12319.0,19470.0
Mouse_Thymus1,34_85,1,12319.0,19570.0
Mouse_Thymus1,34_86,1,12319.0,19670.0
Mouse_Thymus1,34_87,1,12319.0,19770.0
Mouse_Thymus1,34_88,1,12319.0,19870.0
Mouse_Thymus1,34_89,1,12319.0,19970.0
Mouse_Thymus1,34_9,1,12319.0,11970.0
Mouse_Thymus1,34_90,1,12319.0,20070.0
Mouse_Thymus1,34_91,1,12319.0,20170.0
Mouse_Thymus1,34_92,1,12319.0,20270.0
Mouse_Thymus1,34_93,1,12319.0,20370.0
Mouse_Thymus1,35_1,1,12419.0,11170.0
Mouse_Thymus1,35_10,1,12419.0,12070.0
Mouse_Thymus1,35_11,4,12419.0,12170.0
Mouse_Thymus1,35_12,4,12419.0,12270.0
Mouse_Thymus1,35_13,1,12419.0,12370.0
Mouse_Thymus1,35_14,1,12419.0,12470.0
Mouse_Thymus1,35_15,1,12419.0,12570.0
Mouse_Thymus1,35_16,1,12419.0,12670.0
Mouse_Thymus1,35_17,1,12419.0,12770.0
Mouse_Thymus1,35_18,0,12419.0,12870.0
Mouse_Thymus1,35_19,1,12419.0,12970.0
Mouse_Thymus1,35_2,1,12419.0,11270.0
Mouse_Thymus1,35_20,1,12419.0,13070.0
Mouse_Thymus1,35_21,1,12419.0,13170.0
Mouse_Thymus1,35_22,1,12419.0,13270.0
Mouse_Thymus1,35_23,1,12419.0,13370.0
Mouse_Thymus1,35_24,1,12419.0,13470.0
Mouse_Thymus1,35_25,1,12419.0,13570.0
Mouse_Thymus1,35_26,1,12419.0,13670.0
Mouse_Thymus1,35_27,1,12419.0,13770.0
Mouse_Thymus1,35_28,1,12419.0,13870.0
Mouse_Thymus1,35_29,1,12419.0,13970.0
Mouse_Thymus1,35_30,1,12419.0,14070.0
Mouse_Thymus1,35_31,1,12419.0,14170.0
Mouse_Thymus1,35_32,1,12419.0,14270.0
Mouse_Thymus1,35_33,1,12419.0,14370.0
Mouse_Thymus1,35_34,1,12419.0,14470.0
Mouse_Thymus1,35_35,1,12419.0,14570.0
Mouse_Thymus1,35_36,1,12419.0,14670.0
Mouse_Thymus1,35_37,1,12419.0,14770.0
Mouse_Thymus1,35_38,1,12419.0,14870.0
Mouse_Thymus1,35_39,1,12419.0,14970.0
Mouse_Thymus1,35_40,1,12419.0,15070.0
Mouse_Thymus1,35_41,1,12419.0,15170.0
Mouse_Thymus1,35_42,4,12419.0,15270.0
Mouse_Thymus1,35_43,1,12419.0,15370.0
Mouse_Thymus1,35_44,1,12419.0,15470.0
Mouse_Thymus1,35_45,1,12419.0,15570.0
Mouse_Thymus1,35_46,1,12419.0,15670.0
Mouse_Thymus1,35_47,1,12419.0,15770.0
Mouse_Thymus1,35_48,1,12419.0,15870.0
Mouse_Thymus1,35_49,1,12419.0,15970.0
Mouse_Thymus1,35_50,1,12419.0,16070.0
Mouse_Thymus1,35_51,1,12419.0,16170.0
Mouse_Thymus1,35_52,4,12419.0,16270.0
Mouse_Thymus1,35_53,1,12419.0,16370.0
Mouse_Thymus1,35_54,1,12419.0,16470.0
Mouse_Thymus1,35_55,4,12419.0,16570.0
Mouse_Thymus1,35_56,1,12419.0,16670.0
Mouse_Thymus1,35_57,1,12419.0,16770.0
Mouse_Thymus1,35_58,1,12419.0,16870.0
Mouse_Thymus1,35_59,1,12419.0,16970.0
Mouse_Thymus1,35_6,1,12419.0,11670.0
Mouse_Thymus1,35_60,1,12419.0,17070.0
Mouse_Thymus1,35_61,4,12419.0,17170.0
Mouse_Thymus1,35_62,1,12419.0,17270.0
Mouse_Thymus1,35_63,1,12419.0,17370.0
Mouse_Thymus1,35_64,1,12419.0,17470.0
Mouse_Thymus1,35_65,1,12419.0,17570.0
Mouse_Thymus1,35_66,1,12419.0,17670.0
Mouse_Thymus1,35_67,1,12419.0,17770.0
Mouse_Thymus1,35_68,1,12419.0,17870.0
Mouse_Thymus1,35_69,1,12419.0,17970.0
Mouse_Thymus1,35_7,1,12419.0,11770.0
Mouse_Thymus1,35_70,1,12419.0,18070.0
Mouse_Thymus1,35_71,4,12419.0,18170.0
Mouse_Thymus1,35_72,1,12419.0,18270.0
Mouse_Thymus1,35_73,1,12419.0,18370.0
Mouse_Thymus1,35_74,4,12419.0,18470.0
Mouse_Thymus1,35_75,1,12419.0,18570.0
Mouse_Thymus1,35_76,1,12419.0,18670.0
Mouse_Thymus1,35_77,4,12419.0,18770.0
Mouse_Thymus1,35_78,4,12419.0,18870.0
Mouse_Thymus1,35_79,4,12419.0,18970.0
Mouse_Thymus1,35_8,1,12419.0,11870.0
Mouse_Thymus1,35_80,1,12419.0,19070.0
Mouse_Thymus1,35_81,1,12419.0,19170.0
Mouse_Thymus1,35_82,4,12419.0,19270.0
Mouse_Thymus1,35_83,1,12419.0,19370.0
Mouse_Thymus1,35_84,1,12419.0,19470.0
Mouse_Thymus1,35_85,4,12419.0,19570.0
Mouse_Thymus1,35_86,4,12419.0,19670.0
Mouse_Thymus1,35_87,1,12419.0,19770.0
Mouse_Thymus1,35_88,1,12419.0,19870.0
Mouse_Thymus1,35_89,1,12419.0,19970.0
Mouse_Thymus1,35_9,1,12419.0,11970.0
Mouse_Thymus1,35_90,1,12419.0,20070.0
Mouse_Thymus1,35_91,1,12419.0,20170.0
Mouse_Thymus1,35_92,1,12419.0,20270.0
Mouse_Thymus1,35_93,1,12419.0,20370.0
Mouse_Thymus1,36_1,1,12519.0,11170.0
Mouse_Thymus1,36_10,1,12519.0,12070.0
Mouse_Thymus1,36_11,1,12519.0,12170.0
Mouse_Thymus1,36_12,1,12519.0,12270.0
Mouse_Thymus1,36_13,1,12519.0,12370.0
Mouse_Thymus1,36_14,1,12519.0,12470.0
Mouse_Thymus1,36_15,1,12519.0,12570.0
Mouse_Thymus1,36_16,1,12519.0,12670.0
Mouse_Thymus1,36_17,1,12519.0,12770.0
Mouse_Thymus1,36_18,1,12519.0,12870.0
Mouse_Thymus1,36_19,4,12519.0,12970.0
Mouse_Thymus1,36_2,1,12519.0,11270.0
Mouse_Thymus1,36_20,4,12519.0,13070.0
Mouse_Thymus1,36_21,1,12519.0,13170.0
Mouse_Thymus1,36_22,1,12519.0,13270.0
Mouse_Thymus1,36_23,1,12519.0,13370.0
Mouse_Thymus1,36_24,4,12519.0,13470.0
Mouse_Thymus1,36_25,1,12519.0,13570.0
Mouse_Thymus1,36_26,1,12519.0,13670.0
Mouse_Thymus1,36_27,1,12519.0,13770.0
Mouse_Thymus1,36_28,1,12519.0,13870.0
Mouse_Thymus1,36_29,4,12519.0,13970.0
Mouse_Thymus1,36_30,4,12519.0,14070.0
Mouse_Thymus1,36_31,1,12519.0,14170.0
Mouse_Thymus1,36_32,4,12519.0,14270.0
Mouse_Thymus1,36_33,1,12519.0,14370.0
Mouse_Thymus1,36_34,1,12519.0,14470.0
Mouse_Thymus1,36_35,1,12519.0,14570.0
Mouse_Thymus1,36_36,4,12519.0,14670.0
Mouse_Thymus1,36_37,4,12519.0,14770.0
Mouse_Thymus1,36_38,4,12519.0,14870.0
Mouse_Thymus1,36_39,1,12519.0,14970.0
Mouse_Thymus1,36_40,1,12519.0,15070.0
Mouse_Thymus1,36_41,1,12519.0,15170.0
Mouse_Thymus1,36_42,1,12519.0,15270.0
Mouse_Thymus1,36_43,1,12519.0,15370.0
Mouse_Thymus1,36_44,1,12519.0,15470.0
Mouse_Thymus1,36_45,1,12519.0,15570.0
Mouse_Thymus1,36_46,1,12519.0,15670.0
Mouse_Thymus1,36_47,1,12519.0,15770.0
Mouse_Thymus1,36_48,1,12519.0,15870.0
Mouse_Thymus1,36_49,1,12519.0,15970.0
Mouse_Thymus1,36_50,1,12519.0,16070.0
Mouse_Thymus1,36_51,1,12519.0,16170.0
Mouse_Thymus1,36_52,1,12519.0,16270.0
Mouse_Thymus1,36_53,1,12519.0,16370.0
Mouse_Thymus1,36_54,1,12519.0,16470.0
Mouse_Thymus1,36_55,1,12519.0,16570.0
Mouse_Thymus1,36_56,4,12519.0,16670.0
Mouse_Thymus1,36_57,4,12519.0,16770.0
Mouse_Thymus1,36_58,4,12519.0,16870.0
Mouse_Thymus1,36_59,1,12519.0,16970.0
Mouse_Thymus1,36_60,4,12519.0,17070.0
Mouse_Thymus1,36_61,1,12519.0,17170.0
Mouse_Thymus1,36_62,1,12519.0,17270.0
Mouse_Thymus1,36_63,1,12519.0,17370.0
Mouse_Thymus1,36_64,1,12519.0,17470.0
Mouse_Thymus1,36_65,1,12519.0,17570.0
Mouse_Thymus1,36_66,1,12519.0,17670.0
Mouse_Thymus1,36_67,4,12519.0,17770.0
Mouse_Thymus1,36_68,1,12519.0,17870.0
Mouse_Thymus1,36_69,1,12519.0,17970.0
Mouse_Thymus1,36_7,1,12519.0,11770.0
Mouse_Thymus1,36_70,1,12519.0,18070.0
Mouse_Thymus1,36_71,1,12519.0,18170.0
Mouse_Thymus1,36_72,1,12519.0,18270.0
Mouse_Thymus1,36_73,1,12519.0,18370.0
Mouse_Thymus1,36_74,4,12519.0,18470.0
Mouse_Thymus1,36_75,1,12519.0,18570.0
Mouse_Thymus1,36_76,1,12519.0,18670.0
Mouse_Thymus1,36_77,1,12519.0,18770.0
Mouse_Thymus1,36_78,1,12519.0,18870.0
Mouse_Thymus1,36_79,1,12519.0,18970.0
Mouse_Thymus1,36_8,1,12519.0,11870.0
Mouse_Thymus1,36_80,1,12519.0,19070.0
Mouse_Thymus1,36_81,1,12519.0,19170.0
Mouse_Thymus1,36_82,1,12519.0,19270.0
Mouse_Thymus1,36_83,1,12519.0,19370.0
Mouse_Thymus1,36_84,1,12519.0,19470.0
Mouse_Thymus1,36_85,1,12519.0,19570.0
Mouse_Thymus1,36_86,1,12519.0,19670.0
Mouse_Thymus1,36_87,1,12519.0,19770.0
Mouse_Thymus1,36_88,4,12519.0,19870.0
Mouse_Thymus1,36_89,1,12519.0,19970.0
Mouse_Thymus1,36_9,1,12519.0,11970.0
Mouse_Thymus1,36_90,1,12519.0,20070.0
Mouse_Thymus1,36_91,1,12519.0,20170.0
Mouse_Thymus1,36_92,1,12519.0,20270.0
Mouse_Thymus1,36_93,1,12519.0,20370.0
Mouse_Thymus1,36_94,4,12519.0,20470.0
Mouse_Thymus1,37_0,4,12619.0,11070.0
Mouse_Thymus1,37_1,1,12619.0,11170.0
Mouse_Thymus1,37_10,1,12619.0,12070.0
Mouse_Thymus1,37_11,1,12619.0,12170.0
Mouse_Thymus1,37_12,1,12619.0,12270.0
Mouse_Thymus1,37_13,1,12619.0,12370.0
Mouse_Thymus1,37_14,1,12619.0,12470.0
Mouse_Thymus1,37_15,4,12619.0,12570.0
Mouse_Thymus1,37_16,4,12619.0,12670.0
Mouse_Thymus1,37_17,1,12619.0,12770.0
Mouse_Thymus1,37_18,1,12619.0,12870.0
Mouse_Thymus1,37_19,1,12619.0,12970.0
Mouse_Thymus1,37_2,4,12619.0,11270.0
Mouse_Thymus1,37_20,1,12619.0,13070.0
Mouse_Thymus1,37_21,1,12619.0,13170.0
Mouse_Thymus1,37_22,1,12619.0,13270.0
Mouse_Thymus1,37_23,1,12619.0,13370.0
Mouse_Thymus1,37_24,4,12619.0,13470.0
Mouse_Thymus1,37_25,4,12619.0,13570.0
Mouse_Thymus1,37_26,1,12619.0,13670.0
Mouse_Thymus1,37_27,1,12619.0,13770.0
Mouse_Thymus1,37_28,1,12619.0,13870.0
Mouse_Thymus1,37_29,4,12619.0,13970.0
Mouse_Thymus1,37_30,1,12619.0,14070.0
Mouse_Thymus1,37_31,1,12619.0,14170.0
Mouse_Thymus1,37_32,1,12619.0,14270.0
Mouse_Thymus1,37_33,1,12619.0,14370.0
Mouse_Thymus1,37_34,1,12619.0,14470.0
Mouse_Thymus1,37_35,1,12619.0,14570.0
Mouse_Thymus1,37_36,1,12619.0,14670.0
Mouse_Thymus1,37_37,1,12619.0,14770.0
Mouse_Thymus1,37_38,1,12619.0,14870.0
Mouse_Thymus1,37_39,1,12619.0,14970.0
Mouse_Thymus1,37_40,1,12619.0,15070.0
Mouse_Thymus1,37_41,4,12619.0,15170.0
Mouse_Thymus1,37_42,1,12619.0,15270.0
Mouse_Thymus1,37_43,1,12619.0,15370.0
Mouse_Thymus1,37_44,4,12619.0,15470.0
Mouse_Thymus1,37_45,1,12619.0,15570.0
Mouse_Thymus1,37_46,1,12619.0,15670.0
Mouse_Thymus1,37_47,1,12619.0,15770.0
Mouse_Thymus1,37_48,1,12619.0,15870.0
Mouse_Thymus1,37_49,1,12619.0,15970.0
Mouse_Thymus1,37_50,1,12619.0,16070.0
Mouse_Thymus1,37_51,1,12619.0,16170.0
Mouse_Thymus1,37_52,1,12619.0,16270.0
Mouse_Thymus1,37_53,1,12619.0,16370.0
Mouse_Thymus1,37_54,1,12619.0,16470.0
Mouse_Thymus1,37_55,1,12619.0,16570.0
Mouse_Thymus1,37_56,1,12619.0,16670.0
Mouse_Thymus1,37_57,1,12619.0,16770.0
Mouse_Thymus1,37_58,1,12619.0,16870.0
Mouse_Thymus1,37_59,1,12619.0,16970.0
Mouse_Thymus1,37_60,1,12619.0,17070.0
Mouse_Thymus1,37_61,1,12619.0,17170.0
Mouse_Thymus1,37_62,1,12619.0,17270.0
Mouse_Thymus1,37_63,1,12619.0,17370.0
Mouse_Thymus1,37_64,1,12619.0,17470.0
Mouse_Thymus1,37_65,1,12619.0,17570.0
Mouse_Thymus1,37_66,1,12619.0,17670.0
Mouse_Thymus1,37_67,1,12619.0,17770.0
Mouse_Thymus1,37_68,1,12619.0,17870.0
Mouse_Thymus1,37_69,4,12619.0,17970.0
Mouse_Thymus1,37_7,1,12619.0,11770.0
Mouse_Thymus1,37_70,1,12619.0,18070.0
Mouse_Thymus1,37_71,1,12619.0,18170.0
Mouse_Thymus1,37_72,1,12619.0,18270.0
Mouse_Thymus1,37_73,1,12619.0,18370.0
Mouse_Thymus1,37_74,4,12619.0,18470.0
Mouse_Thymus1,37_75,1,12619.0,18570.0
Mouse_Thymus1,37_76,1,12619.0,18670.0
Mouse_Thymus1,37_77,1,12619.0,18770.0
Mouse_Thymus1,37_78,1,12619.0,18870.0
Mouse_Thymus1,37_79,1,12619.0,18970.0
Mouse_Thymus1,37_8,1,12619.0,11870.0
Mouse_Thymus1,37_80,1,12619.0,19070.0
Mouse_Thymus1,37_81,1,12619.0,19170.0
Mouse_Thymus1,37_82,4,12619.0,19270.0
Mouse_Thymus1,37_83,1,12619.0,19370.0
Mouse_Thymus1,37_84,1,12619.0,19470.0
Mouse_Thymus1,37_85,4,12619.0,19570.0
Mouse_Thymus1,37_86,1,12619.0,19670.0
Mouse_Thymus1,37_87,4,12619.0,19770.0
Mouse_Thymus1,37_88,1,12619.0,19870.0
Mouse_Thymus1,37_89,1,12619.0,19970.0
Mouse_Thymus1,37_9,1,12619.0,11970.0
Mouse_Thymus1,37_90,1,12619.0,20070.0
Mouse_Thymus1,37_91,1,12619.0,20170.0
Mouse_Thymus1,37_92,1,12619.0,20270.0
Mouse_Thymus1,37_93,1,12619.0,20370.0
Mouse_Thymus1,37_94,1,12619.0,20470.0
Mouse_Thymus1,38_0,1,12719.0,11070.0
Mouse_Thymus1,38_1,1,12719.0,11170.0
Mouse_Thymus1,38_10,1,12719.0,12070.0
Mouse_Thymus1,38_11,4,12719.0,12170.0
Mouse_Thymus1,38_12,1,12719.0,12270.0
Mouse_Thymus1,38_13,1,12719.0,12370.0
Mouse_Thymus1,38_14,1,12719.0,12470.0
Mouse_Thymus1,38_15,1,12719.0,12570.0
Mouse_Thymus1,38_16,1,12719.0,12670.0
Mouse_Thymus1,38_17,1,12719.0,12770.0
Mouse_Thymus1,38_18,1,12719.0,12870.0
Mouse_Thymus1,38_19,1,12719.0,12970.0
Mouse_Thymus1,38_2,1,12719.0,11270.0
Mouse_Thymus1,38_20,1,12719.0,13070.0
Mouse_Thymus1,38_21,4,12719.0,13170.0
Mouse_Thymus1,38_22,1,12719.0,13270.0
Mouse_Thymus1,38_23,1,12719.0,13370.0
Mouse_Thymus1,38_24,1,12719.0,13470.0
Mouse_Thymus1,38_25,1,12719.0,13570.0
Mouse_Thymus1,38_26,1,12719.0,13670.0
Mouse_Thymus1,38_27,1,12719.0,13770.0
Mouse_Thymus1,38_28,1,12719.0,13870.0
Mouse_Thymus1,38_29,1,12719.0,13970.0
Mouse_Thymus1,38_30,1,12719.0,14070.0
Mouse_Thymus1,38_31,1,12719.0,14170.0
Mouse_Thymus1,38_32,1,12719.0,14270.0
Mouse_Thymus1,38_33,1,12719.0,14370.0
Mouse_Thymus1,38_34,1,12719.0,14470.0
Mouse_Thymus1,38_35,1,12719.0,14570.0
Mouse_Thymus1,38_36,1,12719.0,14670.0
Mouse_Thymus1,38_37,1,12719.0,14770.0
Mouse_Thymus1,38_38,1,12719.0,14870.0
Mouse_Thymus1,38_39,1,12719.0,14970.0
Mouse_Thymus1,38_40,1,12719.0,15070.0
Mouse_Thymus1,38_41,1,12719.0,15170.0
Mouse_Thymus1,38_42,1,12719.0,15270.0
Mouse_Thymus1,38_43,4,12719.0,15370.0
Mouse_Thymus1,38_44,1,12719.0,15470.0
Mouse_Thymus1,38_45,1,12719.0,15570.0
Mouse_Thymus1,38_46,1,12719.0,15670.0
Mouse_Thymus1,38_47,1,12719.0,15770.0
Mouse_Thymus1,38_48,1,12719.0,15870.0
Mouse_Thymus1,38_49,1,12719.0,15970.0
Mouse_Thymus1,38_50,1,12719.0,16070.0
Mouse_Thymus1,38_51,1,12719.0,16170.0
Mouse_Thymus1,38_52,1,12719.0,16270.0
Mouse_Thymus1,38_53,1,12719.0,16370.0
Mouse_Thymus1,38_54,1,12719.0,16470.0
Mouse_Thymus1,38_55,1,12719.0,16570.0
Mouse_Thymus1,38_56,1,12719.0,16670.0
Mouse_Thymus1,38_57,1,12719.0,16770.0
Mouse_Thymus1,38_58,1,12719.0,16870.0
Mouse_Thymus1,38_59,1,12719.0,16970.0
Mouse_Thymus1,38_60,1,12719.0,17070.0
Mouse_Thymus1,38_61,1,12719.0,17170.0
Mouse_Thymus1,38_62,1,12719.0,17270.0
Mouse_Thymus1,38_63,1,12719.0,17370.0
Mouse_Thymus1,38_64,1,12719.0,17470.0
Mouse_Thymus1,38_65,1,12719.0,17570.0
Mouse_Thymus1,38_66,1,12719.0,17670.0
Mouse_Thymus1,38_67,1,12719.0,17770.0
Mouse_Thymus1,38_68,1,12719.0,17870.0
Mouse_Thymus1,38_69,1,12719.0,17970.0
Mouse_Thymus1,38_7,1,12719.0,11770.0
Mouse_Thymus1,38_70,4,12719.0,18070.0
Mouse_Thymus1,38_71,1,12719.0,18170.0
Mouse_Thymus1,38_72,1,12719.0,18270.0
Mouse_Thymus1,38_73,1,12719.0,18370.0
Mouse_Thymus1,38_74,1,12719.0,18470.0
Mouse_Thymus1,38_75,1,12719.0,18570.0
Mouse_Thymus1,38_76,1,12719.0,18670.0
Mouse_Thymus1,38_77,1,12719.0,18770.0
Mouse_Thymus1,38_78,1,12719.0,18870.0
Mouse_Thymus1,38_79,4,12719.0,18970.0
Mouse_Thymus1,38_8,4,12719.0,11870.0
Mouse_Thymus1,38_80,1,12719.0,19070.0
Mouse_Thymus1,38_81,1,12719.0,19170.0
Mouse_Thymus1,38_82,1,12719.0,19270.0
Mouse_Thymus1,38_83,1,12719.0,19370.0
Mouse_Thymus1,38_84,4,12719.0,19470.0
Mouse_Thymus1,38_85,1,12719.0,19570.0
Mouse_Thymus1,38_86,1,12719.0,19670.0
Mouse_Thymus1,38_87,1,12719.0,19770.0
Mouse_Thymus1,38_88,1,12719.0,19870.0
Mouse_Thymus1,38_89,1,12719.0,19970.0
Mouse_Thymus1,38_9,4,12719.0,11970.0
Mouse_Thymus1,38_90,4,12719.0,20070.0
Mouse_Thymus1,38_91,1,12719.0,20170.0
Mouse_Thymus1,38_92,1,12719.0,20270.0
Mouse_Thymus1,38_93,1,12719.0,20370.0
Mouse_Thymus1,38_94,4,12719.0,20470.0
Mouse_Thymus1,39_0,1,12819.0,11070.0
Mouse_Thymus1,39_1,4,12819.0,11170.0
Mouse_Thymus1,39_10,1,12819.0,12070.0
Mouse_Thymus1,39_11,1,12819.0,12170.0
Mouse_Thymus1,39_12,1,12819.0,12270.0
Mouse_Thymus1,39_13,1,12819.0,12370.0
Mouse_Thymus1,39_14,1,12819.0,12470.0
Mouse_Thymus1,39_15,1,12819.0,12570.0
Mouse_Thymus1,39_16,1,12819.0,12670.0
Mouse_Thymus1,39_17,1,12819.0,12770.0
Mouse_Thymus1,39_18,1,12819.0,12870.0
Mouse_Thymus1,39_19,1,12819.0,12970.0
Mouse_Thymus1,39_2,1,12819.0,11270.0
Mouse_Thymus1,39_20,1,12819.0,13070.0
Mouse_Thymus1,39_21,1,12819.0,13170.0
Mouse_Thymus1,39_22,1,12819.0,13270.0
Mouse_Thymus1,39_23,1,12819.0,13370.0
Mouse_Thymus1,39_24,1,12819.0,13470.0
Mouse_Thymus1,39_25,1,12819.0,13570.0
Mouse_Thymus1,39_26,1,12819.0,13670.0
Mouse_Thymus1,39_27,1,12819.0,13770.0
Mouse_Thymus1,39_28,1,12819.0,13870.0
Mouse_Thymus1,39_29,1,12819.0,13970.0
Mouse_Thymus1,39_30,1,12819.0,14070.0
Mouse_Thymus1,39_31,1,12819.0,14170.0
Mouse_Thymus1,39_32,1,12819.0,14270.0
Mouse_Thymus1,39_33,1,12819.0,14370.0
Mouse_Thymus1,39_34,1,12819.0,14470.0
Mouse_Thymus1,39_35,1,12819.0,14570.0
Mouse_Thymus1,39_36,1,12819.0,14670.0
Mouse_Thymus1,39_37,1,12819.0,14770.0
Mouse_Thymus1,39_38,1,12819.0,14870.0
Mouse_Thymus1,39_39,1,12819.0,14970.0
Mouse_Thymus1,39_40,1,12819.0,15070.0
Mouse_Thymus1,39_41,1,12819.0,15170.0
Mouse_Thymus1,39_42,1,12819.0,15270.0
Mouse_Thymus1,39_43,1,12819.0,15370.0
Mouse_Thymus1,39_44,1,12819.0,15470.0
Mouse_Thymus1,39_45,4,12819.0,15570.0
Mouse_Thymus1,39_46,1,12819.0,15670.0
Mouse_Thymus1,39_47,1,12819.0,15770.0
Mouse_Thymus1,39_48,1,12819.0,15870.0
Mouse_Thymus1,39_49,1,12819.0,15970.0
Mouse_Thymus1,39_50,1,12819.0,16070.0
Mouse_Thymus1,39_51,1,12819.0,16170.0
Mouse_Thymus1,39_52,1,12819.0,16270.0
Mouse_Thymus1,39_53,1,12819.0,16370.0
Mouse_Thymus1,39_54,1,12819.0,16470.0
Mouse_Thymus1,39_55,1,12819.0,16570.0
Mouse_Thymus1,39_56,1,12819.0,16670.0
Mouse_Thymus1,39_57,1,12819.0,16770.0
Mouse_Thymus1,39_58,1,12819.0,16870.0
Mouse_Thymus1,39_59,1,12819.0,16970.0
Mouse_Thymus1,39_60,1,12819.0,17070.0
Mouse_Thymus1,39_61,1,12819.0,17170.0
Mouse_Thymus1,39_62,1,12819.0,17270.0
Mouse_Thymus1,39_63,1,12819.0,17370.0
Mouse_Thymus1,39_64,1,12819.0,17470.0
Mouse_Thymus1,39_65,1,12819.0,17570.0
Mouse_Thymus1,39_66,4,12819.0,17670.0
Mouse_Thymus1,39_67,1,12819.0,17770.0
Mouse_Thymus1,39_68,1,12819.0,17870.0
Mouse_Thymus1,39_69,1,12819.0,17970.0
Mouse_Thymus1,39_70,1,12819.0,18070.0
Mouse_Thymus1,39_71,1,12819.0,18170.0
Mouse_Thymus1,39_72,1,12819.0,18270.0
Mouse_Thymus1,39_73,4,12819.0,18370.0
Mouse_Thymus1,39_74,1,12819.0,18470.0
Mouse_Thymus1,39_75,1,12819.0,18570.0
Mouse_Thymus1,39_76,1,12819.0,18670.0
Mouse_Thymus1,39_77,1,12819.0,18770.0
Mouse_Thymus1,39_78,1,12819.0,18870.0
Mouse_Thymus1,39_79,4,12819.0,18970.0
Mouse_Thymus1,39_80,1,12819.0,19070.0
Mouse_Thymus1,39_81,1,12819.0,19170.0
Mouse_Thymus1,39_82,1,12819.0,19270.0
Mouse_Thymus1,39_83,1,12819.0,19370.0
Mouse_Thymus1,39_84,1,12819.0,19470.0
Mouse_Thymus1,39_85,1,12819.0,19570.0
Mouse_Thymus1,39_86,1,12819.0,19670.0
Mouse_Thymus1,39_87,4,12819.0,19770.0
Mouse_Thymus1,39_88,1,12819.0,19870.0
Mouse_Thymus1,39_89,1,12819.0,19970.0
Mouse_Thymus1,39_90,1,12819.0,20070.0
Mouse_Thymus1,39_91,1,12819.0,20170.0
Mouse_Thymus1,39_92,1,12819.0,20270.0
Mouse_Thymus1,39_93,4,12819.0,20370.0
Mouse_Thymus1,3_16,1,9219.0,12670.0
Mouse_Thymus1,3_17,1,9219.0,12770.0
Mouse_Thymus1,3_18,1,9219.0,12870.0
Mouse_Thymus1,3_19,1,9219.0,12970.0
Mouse_Thymus1,3_20,4,9219.0,13070.0
Mouse_Thymus1,3_21,1,9219.0,13170.0
Mouse_Thymus1,3_22,4,9219.0,13270.0
Mouse_Thymus1,3_23,1,9219.0,13370.0
Mouse_Thymus1,3_24,1,9219.0,13470.0
Mouse_Thymus1,3_25,4,9219.0,13570.0
Mouse_Thymus1,3_26,1,9219.0,13670.0
Mouse_Thymus1,3_27,1,9219.0,13770.0
Mouse_Thymus1,3_28,1,9219.0,13870.0
Mouse_Thymus1,3_29,1,9219.0,13970.0
Mouse_Thymus1,3_30,1,9219.0,14070.0
Mouse_Thymus1,3_31,1,9219.0,14170.0
Mouse_Thymus1,3_32,1,9219.0,14270.0
Mouse_Thymus1,3_33,1,9219.0,14370.0
Mouse_Thymus1,3_34,1,9219.0,14470.0
Mouse_Thymus1,3_35,1,9219.0,14570.0
Mouse_Thymus1,3_36,1,9219.0,14670.0
Mouse_Thymus1,3_37,1,9219.0,14770.0
Mouse_Thymus1,3_38,1,9219.0,14870.0
Mouse_Thymus1,3_39,1,9219.0,14970.0
Mouse_Thymus1,3_40,1,9219.0,15070.0
Mouse_Thymus1,3_41,1,9219.0,15170.0
Mouse_Thymus1,3_42,1,9219.0,15270.0
Mouse_Thymus1,3_43,1,9219.0,15370.0
Mouse_Thymus1,3_44,1,9219.0,15470.0
Mouse_Thymus1,3_45,1,9219.0,15570.0
Mouse_Thymus1,3_46,1,9219.0,15670.0
Mouse_Thymus1,3_47,1,9219.0,15770.0
Mouse_Thymus1,3_48,1,9219.0,15870.0
Mouse_Thymus1,3_49,1,9219.0,15970.0
Mouse_Thymus1,3_50,1,9219.0,16070.0
Mouse_Thymus1,3_53,1,9219.0,16370.0
Mouse_Thymus1,3_54,1,9219.0,16470.0
Mouse_Thymus1,3_55,1,9219.0,16570.0
Mouse_Thymus1,3_63,1,9219.0,17370.0
Mouse_Thymus1,40_10,1,12919.0,12070.0
Mouse_Thymus1,40_11,1,12919.0,12170.0
Mouse_Thymus1,40_12,1,12919.0,12270.0
Mouse_Thymus1,40_13,1,12919.0,12370.0
Mouse_Thymus1,40_14,1,12919.0,12470.0
Mouse_Thymus1,40_15,1,12919.0,12570.0
Mouse_Thymus1,40_16,1,12919.0,12670.0
Mouse_Thymus1,40_17,4,12919.0,12770.0
Mouse_Thymus1,40_18,1,12919.0,12870.0
Mouse_Thymus1,40_19,1,12919.0,12970.0
Mouse_Thymus1,40_20,4,12919.0,13070.0
Mouse_Thymus1,40_21,1,12919.0,13170.0
Mouse_Thymus1,40_22,1,12919.0,13270.0
Mouse_Thymus1,40_23,1,12919.0,13370.0
Mouse_Thymus1,40_24,1,12919.0,13470.0
Mouse_Thymus1,40_25,1,12919.0,13570.0
Mouse_Thymus1,40_26,4,12919.0,13670.0
Mouse_Thymus1,40_27,1,12919.0,13770.0
Mouse_Thymus1,40_28,1,12919.0,13870.0
Mouse_Thymus1,40_29,1,12919.0,13970.0
Mouse_Thymus1,40_30,1,12919.0,14070.0
Mouse_Thymus1,40_31,1,12919.0,14170.0
Mouse_Thymus1,40_32,1,12919.0,14270.0
Mouse_Thymus1,40_33,1,12919.0,14370.0
Mouse_Thymus1,40_34,1,12919.0,14470.0
Mouse_Thymus1,40_35,1,12919.0,14570.0
Mouse_Thymus1,40_36,1,12919.0,14670.0
Mouse_Thymus1,40_37,1,12919.0,14770.0
Mouse_Thymus1,40_38,4,12919.0,14870.0
Mouse_Thymus1,40_39,1,12919.0,14970.0
Mouse_Thymus1,40_40,1,12919.0,15070.0
Mouse_Thymus1,40_41,1,12919.0,15170.0
Mouse_Thymus1,40_42,1,12919.0,15270.0
Mouse_Thymus1,40_43,1,12919.0,15370.0
Mouse_Thymus1,40_44,1,12919.0,15470.0
Mouse_Thymus1,40_45,4,12919.0,15570.0
Mouse_Thymus1,40_46,1,12919.0,15670.0
Mouse_Thymus1,40_47,1,12919.0,15770.0
Mouse_Thymus1,40_48,1,12919.0,15870.0
Mouse_Thymus1,40_49,1,12919.0,15970.0
Mouse_Thymus1,40_50,1,12919.0,16070.0
Mouse_Thymus1,40_51,1,12919.0,16170.0
Mouse_Thymus1,40_52,1,12919.0,16270.0
Mouse_Thymus1,40_53,4,12919.0,16370.0
Mouse_Thymus1,40_54,1,12919.0,16470.0
Mouse_Thymus1,40_55,1,12919.0,16570.0
Mouse_Thymus1,40_56,1,12919.0,16670.0
Mouse_Thymus1,40_57,4,12919.0,16770.0
Mouse_Thymus1,40_58,1,12919.0,16870.0
Mouse_Thymus1,40_59,1,12919.0,16970.0
Mouse_Thymus1,40_60,4,12919.0,17070.0
Mouse_Thymus1,40_61,1,12919.0,17170.0
Mouse_Thymus1,40_62,4,12919.0,17270.0
Mouse_Thymus1,40_63,1,12919.0,17370.0
Mouse_Thymus1,40_64,1,12919.0,17470.0
Mouse_Thymus1,40_65,1,12919.0,17570.0
Mouse_Thymus1,40_66,1,12919.0,17670.0
Mouse_Thymus1,40_67,1,12919.0,17770.0
Mouse_Thymus1,40_68,1,12919.0,17870.0
Mouse_Thymus1,40_69,1,12919.0,17970.0
Mouse_Thymus1,40_70,1,12919.0,18070.0
Mouse_Thymus1,40_71,1,12919.0,18170.0
Mouse_Thymus1,40_72,1,12919.0,18270.0
Mouse_Thymus1,40_73,1,12919.0,18370.0
Mouse_Thymus1,40_74,1,12919.0,18470.0
Mouse_Thymus1,40_75,1,12919.0,18570.0
Mouse_Thymus1,40_76,1,12919.0,18670.0
Mouse_Thymus1,40_77,1,12919.0,18770.0
Mouse_Thymus1,40_78,4,12919.0,18870.0
Mouse_Thymus1,40_79,1,12919.0,18970.0
Mouse_Thymus1,40_80,1,12919.0,19070.0
Mouse_Thymus1,40_81,1,12919.0,19170.0
Mouse_Thymus1,40_82,1,12919.0,19270.0
Mouse_Thymus1,40_83,1,12919.0,19370.0
Mouse_Thymus1,40_84,1,12919.0,19470.0
Mouse_Thymus1,40_85,4,12919.0,19570.0
Mouse_Thymus1,40_86,1,12919.0,19670.0
Mouse_Thymus1,40_87,4,12919.0,19770.0
Mouse_Thymus1,40_88,1,12919.0,19870.0
Mouse_Thymus1,40_89,1,12919.0,19970.0
Mouse_Thymus1,40_90,1,12919.0,20070.0
Mouse_Thymus1,40_91,4,12919.0,20170.0
Mouse_Thymus1,40_92,1,12919.0,20270.0
Mouse_Thymus1,40_93,1,12919.0,20370.0
Mouse_Thymus1,41_10,1,13019.0,12070.0
Mouse_Thymus1,41_11,1,13019.0,12170.0
Mouse_Thymus1,41_12,1,13019.0,12270.0
Mouse_Thymus1,41_13,1,13019.0,12370.0
Mouse_Thymus1,41_14,1,13019.0,12470.0
Mouse_Thymus1,41_15,1,13019.0,12570.0
Mouse_Thymus1,41_16,1,13019.0,12670.0
Mouse_Thymus1,41_17,1,13019.0,12770.0
Mouse_Thymus1,41_18,1,13019.0,12870.0
Mouse_Thymus1,41_19,4,13019.0,12970.0
Mouse_Thymus1,41_20,1,13019.0,13070.0
Mouse_Thymus1,41_21,1,13019.0,13170.0
Mouse_Thymus1,41_22,1,13019.0,13270.0
Mouse_Thymus1,41_23,1,13019.0,13370.0
Mouse_Thymus1,41_24,1,13019.0,13470.0
Mouse_Thymus1,41_25,1,13019.0,13570.0
Mouse_Thymus1,41_26,1,13019.0,13670.0
Mouse_Thymus1,41_27,1,13019.0,13770.0
Mouse_Thymus1,41_28,1,13019.0,13870.0
Mouse_Thymus1,41_29,1,13019.0,13970.0
Mouse_Thymus1,41_30,1,13019.0,14070.0
Mouse_Thymus1,41_31,1,13019.0,14170.0
Mouse_Thymus1,41_32,1,13019.0,14270.0
Mouse_Thymus1,41_33,1,13019.0,14370.0
Mouse_Thymus1,41_34,1,13019.0,14470.0
Mouse_Thymus1,41_35,1,13019.0,14570.0
Mouse_Thymus1,41_36,1,13019.0,14670.0
Mouse_Thymus1,41_37,4,13019.0,14770.0
Mouse_Thymus1,41_38,4,13019.0,14870.0
Mouse_Thymus1,41_39,1,13019.0,14970.0
Mouse_Thymus1,41_40,1,13019.0,15070.0
Mouse_Thymus1,41_41,1,13019.0,15170.0
Mouse_Thymus1,41_42,1,13019.0,15270.0
Mouse_Thymus1,41_43,1,13019.0,15370.0
Mouse_Thymus1,41_44,4,13019.0,15470.0
Mouse_Thymus1,41_45,1,13019.0,15570.0
Mouse_Thymus1,41_46,1,13019.0,15670.0
Mouse_Thymus1,41_47,1,13019.0,15770.0
Mouse_Thymus1,41_48,1,13019.0,15870.0
Mouse_Thymus1,41_49,1,13019.0,15970.0
Mouse_Thymus1,41_50,1,13019.0,16070.0
Mouse_Thymus1,41_51,1,13019.0,16170.0
Mouse_Thymus1,41_52,4,13019.0,16270.0
Mouse_Thymus1,41_53,4,13019.0,16370.0
Mouse_Thymus1,41_54,1,13019.0,16470.0
Mouse_Thymus1,41_55,1,13019.0,16570.0
Mouse_Thymus1,41_56,1,13019.0,16670.0
Mouse_Thymus1,41_57,1,13019.0,16770.0
Mouse_Thymus1,41_58,1,13019.0,16870.0
Mouse_Thymus1,41_59,1,13019.0,16970.0
Mouse_Thymus1,41_60,1,13019.0,17070.0
Mouse_Thymus1,41_61,1,13019.0,17170.0
Mouse_Thymus1,41_62,4,13019.0,17270.0
Mouse_Thymus1,41_63,4,13019.0,17370.0
Mouse_Thymus1,41_64,1,13019.0,17470.0
Mouse_Thymus1,41_65,1,13019.0,17570.0
Mouse_Thymus1,41_66,4,13019.0,17670.0
Mouse_Thymus1,41_67,1,13019.0,17770.0
Mouse_Thymus1,41_68,1,13019.0,17870.0
Mouse_Thymus1,41_69,1,13019.0,17970.0
Mouse_Thymus1,41_70,1,13019.0,18070.0
Mouse_Thymus1,41_71,1,13019.0,18170.0
Mouse_Thymus1,41_72,1,13019.0,18270.0
Mouse_Thymus1,41_73,1,13019.0,18370.0
Mouse_Thymus1,41_74,1,13019.0,18470.0
Mouse_Thymus1,41_75,1,13019.0,18570.0
Mouse_Thymus1,41_76,1,13019.0,18670.0
Mouse_Thymus1,41_77,1,13019.0,18770.0
Mouse_Thymus1,41_78,1,13019.0,18870.0
Mouse_Thymus1,41_79,1,13019.0,18970.0
Mouse_Thymus1,41_80,1,13019.0,19070.0
Mouse_Thymus1,41_81,1,13019.0,19170.0
Mouse_Thymus1,41_82,1,13019.0,19270.0
Mouse_Thymus1,41_83,1,13019.0,19370.0
Mouse_Thymus1,41_84,1,13019.0,19470.0
Mouse_Thymus1,41_85,1,13019.0,19570.0
Mouse_Thymus1,41_86,1,13019.0,19670.0
Mouse_Thymus1,41_87,4,13019.0,19770.0
Mouse_Thymus1,41_88,1,13019.0,19870.0
Mouse_Thymus1,41_89,1,13019.0,19970.0
Mouse_Thymus1,41_90,1,13019.0,20070.0
Mouse_Thymus1,41_91,1,13019.0,20170.0
Mouse_Thymus1,41_92,1,13019.0,20270.0
Mouse_Thymus1,41_93,1,13019.0,20370.0
Mouse_Thymus1,42_10,1,13119.0,12070.0
Mouse_Thymus1,42_11,1,13119.0,12170.0
Mouse_Thymus1,42_12,1,13119.0,12270.0
Mouse_Thymus1,42_13,1,13119.0,12370.0
Mouse_Thymus1,42_14,1,13119.0,12470.0
Mouse_Thymus1,42_15,1,13119.0,12570.0
Mouse_Thymus1,42_16,1,13119.0,12670.0
Mouse_Thymus1,42_17,1,13119.0,12770.0
Mouse_Thymus1,42_18,1,13119.0,12870.0
Mouse_Thymus1,42_19,1,13119.0,12970.0
Mouse_Thymus1,42_20,1,13119.0,13070.0
Mouse_Thymus1,42_21,1,13119.0,13170.0
Mouse_Thymus1,42_22,1,13119.0,13270.0
Mouse_Thymus1,42_23,1,13119.0,13370.0
Mouse_Thymus1,42_24,4,13119.0,13470.0
Mouse_Thymus1,42_25,1,13119.0,13570.0
Mouse_Thymus1,42_26,1,13119.0,13670.0
Mouse_Thymus1,42_27,1,13119.0,13770.0
Mouse_Thymus1,42_28,1,13119.0,13870.0
Mouse_Thymus1,42_29,1,13119.0,13970.0
Mouse_Thymus1,42_30,1,13119.0,14070.0
Mouse_Thymus1,42_31,1,13119.0,14170.0
Mouse_Thymus1,42_32,1,13119.0,14270.0
Mouse_Thymus1,42_33,4,13119.0,14370.0
Mouse_Thymus1,42_34,1,13119.0,14470.0
Mouse_Thymus1,42_35,1,13119.0,14570.0
Mouse_Thymus1,42_36,1,13119.0,14670.0
Mouse_Thymus1,42_37,1,13119.0,14770.0
Mouse_Thymus1,42_38,4,13119.0,14870.0
Mouse_Thymus1,42_39,1,13119.0,14970.0
Mouse_Thymus1,42_40,1,13119.0,15070.0
Mouse_Thymus1,42_41,1,13119.0,15170.0
Mouse_Thymus1,42_42,1,13119.0,15270.0
Mouse_Thymus1,42_43,1,13119.0,15370.0
Mouse_Thymus1,42_44,1,13119.0,15470.0
Mouse_Thymus1,42_45,1,13119.0,15570.0
Mouse_Thymus1,42_46,4,13119.0,15670.0
Mouse_Thymus1,42_47,4,13119.0,15770.0
Mouse_Thymus1,42_48,1,13119.0,15870.0
Mouse_Thymus1,42_49,4,13119.0,15970.0
Mouse_Thymus1,42_50,1,13119.0,16070.0
Mouse_Thymus1,42_51,1,13119.0,16170.0
Mouse_Thymus1,42_52,1,13119.0,16270.0
Mouse_Thymus1,42_53,1,13119.0,16370.0
Mouse_Thymus1,42_54,1,13119.0,16470.0
Mouse_Thymus1,42_55,1,13119.0,16570.0
Mouse_Thymus1,42_56,1,13119.0,16670.0
Mouse_Thymus1,42_57,1,13119.0,16770.0
Mouse_Thymus1,42_58,1,13119.0,16870.0
Mouse_Thymus1,42_59,1,13119.0,16970.0
Mouse_Thymus1,42_60,1,13119.0,17070.0
Mouse_Thymus1,42_61,1,13119.0,17170.0
Mouse_Thymus1,42_62,1,13119.0,17270.0
Mouse_Thymus1,42_63,1,13119.0,17370.0
Mouse_Thymus1,42_64,1,13119.0,17470.0
Mouse_Thymus1,42_65,1,13119.0,17570.0
Mouse_Thymus1,42_66,1,13119.0,17670.0
Mouse_Thymus1,42_67,1,13119.0,17770.0
Mouse_Thymus1,42_68,1,13119.0,17870.0
Mouse_Thymus1,42_69,1,13119.0,17970.0
Mouse_Thymus1,42_70,1,13119.0,18070.0
Mouse_Thymus1,42_71,1,13119.0,18170.0
Mouse_Thymus1,42_72,1,13119.0,18270.0
Mouse_Thymus1,42_73,1,13119.0,18370.0
Mouse_Thymus1,42_74,1,13119.0,18470.0
Mouse_Thymus1,42_75,1,13119.0,18570.0
Mouse_Thymus1,42_76,1,13119.0,18670.0
Mouse_Thymus1,42_77,1,13119.0,18770.0
Mouse_Thymus1,42_78,1,13119.0,18870.0
Mouse_Thymus1,42_79,1,13119.0,18970.0
Mouse_Thymus1,42_80,1,13119.0,19070.0
Mouse_Thymus1,42_81,1,13119.0,19170.0
Mouse_Thymus1,42_82,1,13119.0,19270.0
Mouse_Thymus1,42_83,1,13119.0,19370.0
Mouse_Thymus1,42_84,4,13119.0,19470.0
Mouse_Thymus1,42_85,1,13119.0,19570.0
Mouse_Thymus1,42_86,4,13119.0,19670.0
Mouse_Thymus1,42_87,1,13119.0,19770.0
Mouse_Thymus1,42_88,1,13119.0,19870.0
Mouse_Thymus1,42_89,1,13119.0,19970.0
Mouse_Thymus1,42_9,1,13119.0,11970.0
Mouse_Thymus1,42_90,1,13119.0,20070.0
Mouse_Thymus1,42_91,1,13119.0,20170.0
Mouse_Thymus1,42_92,1,13119.0,20270.0
Mouse_Thymus1,42_93,1,13119.0,20370.0
Mouse_Thymus1,43_10,1,13219.0,12070.0
Mouse_Thymus1,43_11,1,13219.0,12170.0
Mouse_Thymus1,43_12,4,13219.0,12270.0
Mouse_Thymus1,43_13,4,13219.0,12370.0
Mouse_Thymus1,43_14,1,13219.0,12470.0
Mouse_Thymus1,43_15,1,13219.0,12570.0
Mouse_Thymus1,43_16,1,13219.0,12670.0
Mouse_Thymus1,43_17,4,13219.0,12770.0
Mouse_Thymus1,43_18,1,13219.0,12870.0
Mouse_Thymus1,43_19,1,13219.0,12970.0
Mouse_Thymus1,43_20,1,13219.0,13070.0
Mouse_Thymus1,43_21,1,13219.0,13170.0
Mouse_Thymus1,43_22,1,13219.0,13270.0
Mouse_Thymus1,43_23,1,13219.0,13370.0
Mouse_Thymus1,43_24,1,13219.0,13470.0
Mouse_Thymus1,43_25,1,13219.0,13570.0
Mouse_Thymus1,43_26,1,13219.0,13670.0
Mouse_Thymus1,43_27,1,13219.0,13770.0
Mouse_Thymus1,43_28,1,13219.0,13870.0
Mouse_Thymus1,43_29,1,13219.0,13970.0
Mouse_Thymus1,43_30,1,13219.0,14070.0
Mouse_Thymus1,43_31,1,13219.0,14170.0
Mouse_Thymus1,43_32,1,13219.0,14270.0
Mouse_Thymus1,43_33,4,13219.0,14370.0
Mouse_Thymus1,43_34,1,13219.0,14470.0
Mouse_Thymus1,43_35,1,13219.0,14570.0
Mouse_Thymus1,43_36,1,13219.0,14670.0
Mouse_Thymus1,43_37,1,13219.0,14770.0
Mouse_Thymus1,43_38,1,13219.0,14870.0
Mouse_Thymus1,43_39,1,13219.0,14970.0
Mouse_Thymus1,43_40,4,13219.0,15070.0
Mouse_Thymus1,43_41,1,13219.0,15170.0
Mouse_Thymus1,43_42,1,13219.0,15270.0
Mouse_Thymus1,43_43,1,13219.0,15370.0
Mouse_Thymus1,43_44,1,13219.0,15470.0
Mouse_Thymus1,43_45,4,13219.0,15570.0
Mouse_Thymus1,43_46,4,13219.0,15670.0
Mouse_Thymus1,43_47,1,13219.0,15770.0
Mouse_Thymus1,43_48,1,13219.0,15870.0
Mouse_Thymus1,43_49,1,13219.0,15970.0
Mouse_Thymus1,43_50,4,13219.0,16070.0
Mouse_Thymus1,43_51,1,13219.0,16170.0
Mouse_Thymus1,43_52,1,13219.0,16270.0
Mouse_Thymus1,43_53,1,13219.0,16370.0
Mouse_Thymus1,43_54,1,13219.0,16470.0
Mouse_Thymus1,43_55,1,13219.0,16570.0
Mouse_Thymus1,43_56,1,13219.0,16670.0
Mouse_Thymus1,43_57,1,13219.0,16770.0
Mouse_Thymus1,43_58,1,13219.0,16870.0
Mouse_Thymus1,43_59,1,13219.0,16970.0
Mouse_Thymus1,43_60,4,13219.0,17070.0
Mouse_Thymus1,43_61,1,13219.0,17170.0
Mouse_Thymus1,43_62,1,13219.0,17270.0
Mouse_Thymus1,43_63,1,13219.0,17370.0
Mouse_Thymus1,43_64,4,13219.0,17470.0
Mouse_Thymus1,43_65,4,13219.0,17570.0
Mouse_Thymus1,43_66,1,13219.0,17670.0
Mouse_Thymus1,43_67,1,13219.0,17770.0
Mouse_Thymus1,43_68,4,13219.0,17870.0
Mouse_Thymus1,43_69,1,13219.0,17970.0
Mouse_Thymus1,43_70,1,13219.0,18070.0
Mouse_Thymus1,43_71,1,13219.0,18170.0
Mouse_Thymus1,43_72,4,13219.0,18270.0
Mouse_Thymus1,43_73,1,13219.0,18370.0
Mouse_Thymus1,43_74,1,13219.0,18470.0
Mouse_Thymus1,43_75,1,13219.0,18570.0
Mouse_Thymus1,43_76,1,13219.0,18670.0
Mouse_Thymus1,43_77,1,13219.0,18770.0
Mouse_Thymus1,43_78,1,13219.0,18870.0
Mouse_Thymus1,43_79,1,13219.0,18970.0
Mouse_Thymus1,43_80,1,13219.0,19070.0
Mouse_Thymus1,43_81,1,13219.0,19170.0
Mouse_Thymus1,43_82,4,13219.0,19270.0
Mouse_Thymus1,43_83,1,13219.0,19370.0
Mouse_Thymus1,43_84,1,13219.0,19470.0
Mouse_Thymus1,43_85,1,13219.0,19570.0
Mouse_Thymus1,43_86,1,13219.0,19670.0
Mouse_Thymus1,43_87,1,13219.0,19770.0
Mouse_Thymus1,43_88,1,13219.0,19870.0
Mouse_Thymus1,43_89,1,13219.0,19970.0
Mouse_Thymus1,43_9,1,13219.0,11970.0
Mouse_Thymus1,43_90,1,13219.0,20070.0
Mouse_Thymus1,43_91,1,13219.0,20170.0
Mouse_Thymus1,43_92,1,13219.0,20270.0
Mouse_Thymus1,43_93,4,13219.0,20370.0
Mouse_Thymus1,44_10,1,13319.0,12070.0
Mouse_Thymus1,44_12,1,13319.0,12270.0
Mouse_Thymus1,44_13,1,13319.0,12370.0
Mouse_Thymus1,44_14,1,13319.0,12470.0
Mouse_Thymus1,44_16,1,13319.0,12670.0
Mouse_Thymus1,44_17,1,13319.0,12770.0
Mouse_Thymus1,44_18,1,13319.0,12870.0
Mouse_Thymus1,44_19,1,13319.0,12970.0
Mouse_Thymus1,44_20,1,13319.0,13070.0
Mouse_Thymus1,44_21,1,13319.0,13170.0
Mouse_Thymus1,44_22,1,13319.0,13270.0
Mouse_Thymus1,44_23,1,13319.0,13370.0
Mouse_Thymus1,44_24,1,13319.0,13470.0
Mouse_Thymus1,44_25,1,13319.0,13570.0
Mouse_Thymus1,44_26,1,13319.0,13670.0
Mouse_Thymus1,44_27,1,13319.0,13770.0
Mouse_Thymus1,44_28,1,13319.0,13870.0
Mouse_Thymus1,44_29,1,13319.0,13970.0
Mouse_Thymus1,44_30,1,13319.0,14070.0
Mouse_Thymus1,44_31,1,13319.0,14170.0
Mouse_Thymus1,44_32,1,13319.0,14270.0
Mouse_Thymus1,44_33,1,13319.0,14370.0
Mouse_Thymus1,44_34,1,13319.0,14470.0
Mouse_Thymus1,44_35,4,13319.0,14570.0
Mouse_Thymus1,44_36,1,13319.0,14670.0
Mouse_Thymus1,44_37,1,13319.0,14770.0
Mouse_Thymus1,44_38,1,13319.0,14870.0
Mouse_Thymus1,44_39,1,13319.0,14970.0
Mouse_Thymus1,44_40,1,13319.0,15070.0
Mouse_Thymus1,44_41,1,13319.0,15170.0
Mouse_Thymus1,44_42,1,13319.0,15270.0
Mouse_Thymus1,44_43,1,13319.0,15370.0
Mouse_Thymus1,44_44,1,13319.0,15470.0
Mouse_Thymus1,44_45,4,13319.0,15570.0
Mouse_Thymus1,44_46,1,13319.0,15670.0
Mouse_Thymus1,44_47,1,13319.0,15770.0
Mouse_Thymus1,44_48,1,13319.0,15870.0
Mouse_Thymus1,44_49,1,13319.0,15970.0
Mouse_Thymus1,44_50,1,13319.0,16070.0
Mouse_Thymus1,44_51,1,13319.0,16170.0
Mouse_Thymus1,44_52,1,13319.0,16270.0
Mouse_Thymus1,44_53,1,13319.0,16370.0
Mouse_Thymus1,44_54,1,13319.0,16470.0
Mouse_Thymus1,44_55,1,13319.0,16570.0
Mouse_Thymus1,44_56,1,13319.0,16670.0
Mouse_Thymus1,44_57,1,13319.0,16770.0
Mouse_Thymus1,44_58,1,13319.0,16870.0
Mouse_Thymus1,44_59,1,13319.0,16970.0
Mouse_Thymus1,44_60,1,13319.0,17070.0
Mouse_Thymus1,44_61,1,13319.0,17170.0
Mouse_Thymus1,44_62,1,13319.0,17270.0
Mouse_Thymus1,44_63,1,13319.0,17370.0
Mouse_Thymus1,44_64,1,13319.0,17470.0
Mouse_Thymus1,44_65,1,13319.0,17570.0
Mouse_Thymus1,44_66,1,13319.0,17670.0
Mouse_Thymus1,44_67,1,13319.0,17770.0
Mouse_Thymus1,44_68,1,13319.0,17870.0
Mouse_Thymus1,44_69,1,13319.0,17970.0
Mouse_Thymus1,44_70,1,13319.0,18070.0
Mouse_Thymus1,44_71,1,13319.0,18170.0
Mouse_Thymus1,44_72,1,13319.0,18270.0
Mouse_Thymus1,44_73,1,13319.0,18370.0
Mouse_Thymus1,44_74,1,13319.0,18470.0
Mouse_Thymus1,44_75,1,13319.0,18570.0
Mouse_Thymus1,44_76,1,13319.0,18670.0
Mouse_Thymus1,44_77,1,13319.0,18770.0
Mouse_Thymus1,44_78,1,13319.0,18870.0
Mouse_Thymus1,44_79,1,13319.0,18970.0
Mouse_Thymus1,44_80,1,13319.0,19070.0
Mouse_Thymus1,44_81,1,13319.0,19170.0
Mouse_Thymus1,44_82,1,13319.0,19270.0
Mouse_Thymus1,44_83,1,13319.0,19370.0
Mouse_Thymus1,44_84,1,13319.0,19470.0
Mouse_Thymus1,44_85,1,13319.0,19570.0
Mouse_Thymus1,44_86,1,13319.0,19670.0
Mouse_Thymus1,44_87,1,13319.0,19770.0
Mouse_Thymus1,44_88,1,13319.0,19870.0
Mouse_Thymus1,44_89,1,13319.0,19970.0
Mouse_Thymus1,44_90,4,13319.0,20070.0
Mouse_Thymus1,44_91,1,13319.0,20170.0
Mouse_Thymus1,44_92,1,13319.0,20270.0
Mouse_Thymus1,44_93,1,13319.0,20370.0
Mouse_Thymus1,45_17,1,13419.0,12770.0
Mouse_Thymus1,45_18,1,13419.0,12870.0
Mouse_Thymus1,45_19,1,13419.0,12970.0
Mouse_Thymus1,45_20,1,13419.0,13070.0
Mouse_Thymus1,45_21,1,13419.0,13170.0
Mouse_Thymus1,45_22,1,13419.0,13270.0
Mouse_Thymus1,45_23,1,13419.0,13370.0
Mouse_Thymus1,45_24,1,13419.0,13470.0
Mouse_Thymus1,45_25,1,13419.0,13570.0
Mouse_Thymus1,45_26,1,13419.0,13670.0
Mouse_Thymus1,45_27,1,13419.0,13770.0
Mouse_Thymus1,45_28,1,13419.0,13870.0
Mouse_Thymus1,45_29,1,13419.0,13970.0
Mouse_Thymus1,45_30,1,13419.0,14070.0
Mouse_Thymus1,45_31,1,13419.0,14170.0
Mouse_Thymus1,45_32,1,13419.0,14270.0
Mouse_Thymus1,45_33,1,13419.0,14370.0
Mouse_Thymus1,45_34,1,13419.0,14470.0
Mouse_Thymus1,45_35,1,13419.0,14570.0
Mouse_Thymus1,45_36,1,13419.0,14670.0
Mouse_Thymus1,45_37,4,13419.0,14770.0
Mouse_Thymus1,45_38,1,13419.0,14870.0
Mouse_Thymus1,45_39,0,13419.0,14970.0
Mouse_Thymus1,45_40,1,13419.0,15070.0
Mouse_Thymus1,45_41,1,13419.0,15170.0
Mouse_Thymus1,45_42,4,13419.0,15270.0
Mouse_Thymus1,45_43,1,13419.0,15370.0
Mouse_Thymus1,45_44,4,13419.0,15470.0
Mouse_Thymus1,45_45,1,13419.0,15570.0
Mouse_Thymus1,45_46,1,13419.0,15670.0
Mouse_Thymus1,45_47,1,13419.0,15770.0
Mouse_Thymus1,45_48,1,13419.0,15870.0
Mouse_Thymus1,45_49,1,13419.0,15970.0
Mouse_Thymus1,45_50,1,13419.0,16070.0
Mouse_Thymus1,45_51,4,13419.0,16170.0
Mouse_Thymus1,45_52,1,13419.0,16270.0
Mouse_Thymus1,45_53,1,13419.0,16370.0
Mouse_Thymus1,45_54,1,13419.0,16470.0
Mouse_Thymus1,45_55,1,13419.0,16570.0
Mouse_Thymus1,45_56,1,13419.0,16670.0
Mouse_Thymus1,45_57,1,13419.0,16770.0
Mouse_Thymus1,45_58,1,13419.0,16870.0
Mouse_Thymus1,45_59,1,13419.0,16970.0
Mouse_Thymus1,45_60,1,13419.0,17070.0
Mouse_Thymus1,45_61,1,13419.0,17170.0
Mouse_Thymus1,45_62,1,13419.0,17270.0
Mouse_Thymus1,45_63,4,13419.0,17370.0
Mouse_Thymus1,45_64,1,13419.0,17470.0
Mouse_Thymus1,45_65,1,13419.0,17570.0
Mouse_Thymus1,45_66,1,13419.0,17670.0
Mouse_Thymus1,45_67,1,13419.0,17770.0
Mouse_Thymus1,45_68,1,13419.0,17870.0
Mouse_Thymus1,45_69,1,13419.0,17970.0
Mouse_Thymus1,45_70,1,13419.0,18070.0
Mouse_Thymus1,45_71,1,13419.0,18170.0
Mouse_Thymus1,45_72,1,13419.0,18270.0
Mouse_Thymus1,45_73,1,13419.0,18370.0
Mouse_Thymus1,45_74,1,13419.0,18470.0
Mouse_Thymus1,45_75,4,13419.0,18570.0
Mouse_Thymus1,45_76,1,13419.0,18670.0
Mouse_Thymus1,45_77,1,13419.0,18770.0
Mouse_Thymus1,45_78,1,13419.0,18870.0
Mouse_Thymus1,45_79,1,13419.0,18970.0
Mouse_Thymus1,45_80,1,13419.0,19070.0
Mouse_Thymus1,45_81,1,13419.0,19170.0
Mouse_Thymus1,45_82,1,13419.0,19270.0
Mouse_Thymus1,45_83,1,13419.0,19370.0
Mouse_Thymus1,45_84,1,13419.0,19470.0
Mouse_Thymus1,45_85,1,13419.0,19570.0
Mouse_Thymus1,45_86,1,13419.0,19670.0
Mouse_Thymus1,45_87,1,13419.0,19770.0
Mouse_Thymus1,45_88,1,13419.0,19870.0
Mouse_Thymus1,45_89,1,13419.0,19970.0
Mouse_Thymus1,45_90,1,13419.0,20070.0
Mouse_Thymus1,45_91,4,13419.0,20170.0
Mouse_Thymus1,45_92,4,13419.0,20270.0
Mouse_Thymus1,46_17,1,13519.0,12770.0
Mouse_Thymus1,46_18,1,13519.0,12870.0
Mouse_Thymus1,46_19,1,13519.0,12970.0
Mouse_Thymus1,46_20,1,13519.0,13070.0
Mouse_Thymus1,46_21,1,13519.0,13170.0
Mouse_Thymus1,46_22,1,13519.0,13270.0
Mouse_Thymus1,46_23,1,13519.0,13370.0
Mouse_Thymus1,46_24,4,13519.0,13470.0
Mouse_Thymus1,46_25,1,13519.0,13570.0
Mouse_Thymus1,46_26,1,13519.0,13670.0
Mouse_Thymus1,46_27,1,13519.0,13770.0
Mouse_Thymus1,46_28,1,13519.0,13870.0
Mouse_Thymus1,46_29,1,13519.0,13970.0
Mouse_Thymus1,46_30,1,13519.0,14070.0
Mouse_Thymus1,46_31,1,13519.0,14170.0
Mouse_Thymus1,46_32,1,13519.0,14270.0
Mouse_Thymus1,46_33,1,13519.0,14370.0
Mouse_Thymus1,46_34,1,13519.0,14470.0
Mouse_Thymus1,46_35,1,13519.0,14570.0
Mouse_Thymus1,46_36,4,13519.0,14670.0
Mouse_Thymus1,46_37,1,13519.0,14770.0
Mouse_Thymus1,46_38,1,13519.0,14870.0
Mouse_Thymus1,46_39,1,13519.0,14970.0
Mouse_Thymus1,46_40,1,13519.0,15070.0
Mouse_Thymus1,46_41,1,13519.0,15170.0
Mouse_Thymus1,46_42,1,13519.0,15270.0
Mouse_Thymus1,46_43,1,13519.0,15370.0
Mouse_Thymus1,46_44,1,13519.0,15470.0
Mouse_Thymus1,46_45,1,13519.0,15570.0
Mouse_Thymus1,46_46,4,13519.0,15670.0
Mouse_Thymus1,46_47,1,13519.0,15770.0
Mouse_Thymus1,46_48,1,13519.0,15870.0
Mouse_Thymus1,46_49,4,13519.0,15970.0
Mouse_Thymus1,46_50,1,13519.0,16070.0
Mouse_Thymus1,46_51,1,13519.0,16170.0
Mouse_Thymus1,46_52,1,13519.0,16270.0
Mouse_Thymus1,46_53,1,13519.0,16370.0
Mouse_Thymus1,46_54,1,13519.0,16470.0
Mouse_Thymus1,46_55,1,13519.0,16570.0
Mouse_Thymus1,46_56,1,13519.0,16670.0
Mouse_Thymus1,46_57,1,13519.0,16770.0
Mouse_Thymus1,46_58,1,13519.0,16870.0
Mouse_Thymus1,46_59,1,13519.0,16970.0
Mouse_Thymus1,46_60,1,13519.0,17070.0
Mouse_Thymus1,46_61,1,13519.0,17170.0
Mouse_Thymus1,46_62,4,13519.0,17270.0
Mouse_Thymus1,46_63,1,13519.0,17370.0
Mouse_Thymus1,46_64,1,13519.0,17470.0
Mouse_Thymus1,46_65,1,13519.0,17570.0
Mouse_Thymus1,46_66,1,13519.0,17670.0
Mouse_Thymus1,46_67,1,13519.0,17770.0
Mouse_Thymus1,46_68,1,13519.0,17870.0
Mouse_Thymus1,46_69,1,13519.0,17970.0
Mouse_Thymus1,46_70,1,13519.0,18070.0
Mouse_Thymus1,46_71,1,13519.0,18170.0
Mouse_Thymus1,46_72,1,13519.0,18270.0
Mouse_Thymus1,46_73,1,13519.0,18370.0
Mouse_Thymus1,46_74,1,13519.0,18470.0
Mouse_Thymus1,46_75,1,13519.0,18570.0
Mouse_Thymus1,46_76,4,13519.0,18670.0
Mouse_Thymus1,46_77,1,13519.0,18770.0
Mouse_Thymus1,46_78,1,13519.0,18870.0
Mouse_Thymus1,46_79,1,13519.0,18970.0
Mouse_Thymus1,46_80,1,13519.0,19070.0
Mouse_Thymus1,46_81,1,13519.0,19170.0
Mouse_Thymus1,46_82,1,13519.0,19270.0
Mouse_Thymus1,46_83,1,13519.0,19370.0
Mouse_Thymus1,46_84,1,13519.0,19470.0
Mouse_Thymus1,46_85,1,13519.0,19570.0
Mouse_Thymus1,46_86,1,13519.0,19670.0
Mouse_Thymus1,46_87,1,13519.0,19770.0
Mouse_Thymus1,46_88,1,13519.0,19870.0
Mouse_Thymus1,46_89,1,13519.0,19970.0
Mouse_Thymus1,46_90,1,13519.0,20070.0
Mouse_Thymus1,46_91,1,13519.0,20170.0
Mouse_Thymus1,46_92,1,13519.0,20270.0
Mouse_Thymus1,47_19,1,13619.0,12970.0
Mouse_Thymus1,47_20,1,13619.0,13070.0
Mouse_Thymus1,47_21,1,13619.0,13170.0
Mouse_Thymus1,47_22,1,13619.0,13270.0
Mouse_Thymus1,47_23,0,13619.0,13370.0
Mouse_Thymus1,47_24,4,13619.0,13470.0
Mouse_Thymus1,47_25,1,13619.0,13570.0
Mouse_Thymus1,47_26,1,13619.0,13670.0
Mouse_Thymus1,47_27,1,13619.0,13770.0
Mouse_Thymus1,47_28,1,13619.0,13870.0
Mouse_Thymus1,47_29,1,13619.0,13970.0
Mouse_Thymus1,47_30,1,13619.0,14070.0
Mouse_Thymus1,47_31,1,13619.0,14170.0
Mouse_Thymus1,47_32,4,13619.0,14270.0
Mouse_Thymus1,47_33,1,13619.0,14370.0
Mouse_Thymus1,47_34,1,13619.0,14470.0
Mouse_Thymus1,47_35,1,13619.0,14570.0
Mouse_Thymus1,47_36,1,13619.0,14670.0
Mouse_Thymus1,47_37,1,13619.0,14770.0
Mouse_Thymus1,47_38,1,13619.0,14870.0
Mouse_Thymus1,47_39,1,13619.0,14970.0
Mouse_Thymus1,47_40,1,13619.0,15070.0
Mouse_Thymus1,47_41,1,13619.0,15170.0
Mouse_Thymus1,47_42,1,13619.0,15270.0
Mouse_Thymus1,47_43,4,13619.0,15370.0
Mouse_Thymus1,47_44,4,13619.0,15470.0
Mouse_Thymus1,47_45,1,13619.0,15570.0
Mouse_Thymus1,47_46,1,13619.0,15670.0
Mouse_Thymus1,47_47,1,13619.0,15770.0
Mouse_Thymus1,47_48,1,13619.0,15870.0
Mouse_Thymus1,47_49,1,13619.0,15970.0
Mouse_Thymus1,47_50,4,13619.0,16070.0
Mouse_Thymus1,47_51,1,13619.0,16170.0
Mouse_Thymus1,47_52,1,13619.0,16270.0
Mouse_Thymus1,47_53,1,13619.0,16370.0
Mouse_Thymus1,47_54,1,13619.0,16470.0
Mouse_Thymus1,47_55,4,13619.0,16570.0
Mouse_Thymus1,47_56,1,13619.0,16670.0
Mouse_Thymus1,47_57,1,13619.0,16770.0
Mouse_Thymus1,47_58,1,13619.0,16870.0
Mouse_Thymus1,47_59,1,13619.0,16970.0
Mouse_Thymus1,47_60,1,13619.0,17070.0
Mouse_Thymus1,47_61,1,13619.0,17170.0
Mouse_Thymus1,47_62,1,13619.0,17270.0
Mouse_Thymus1,47_63,1,13619.0,17370.0
Mouse_Thymus1,47_64,1,13619.0,17470.0
Mouse_Thymus1,47_65,1,13619.0,17570.0
Mouse_Thymus1,47_66,1,13619.0,17670.0
Mouse_Thymus1,47_67,1,13619.0,17770.0
Mouse_Thymus1,47_68,1,13619.0,17870.0
Mouse_Thymus1,47_69,1,13619.0,17970.0
Mouse_Thymus1,47_70,1,13619.0,18070.0
Mouse_Thymus1,47_71,4,13619.0,18170.0
Mouse_Thymus1,47_72,4,13619.0,18270.0
Mouse_Thymus1,47_73,1,13619.0,18370.0
Mouse_Thymus1,47_74,1,13619.0,18470.0
Mouse_Thymus1,47_75,1,13619.0,18570.0
Mouse_Thymus1,47_76,1,13619.0,18670.0
Mouse_Thymus1,47_77,1,13619.0,18770.0
Mouse_Thymus1,47_78,1,13619.0,18870.0
Mouse_Thymus1,47_79,1,13619.0,18970.0
Mouse_Thymus1,47_80,1,13619.0,19070.0
Mouse_Thymus1,47_81,1,13619.0,19170.0
Mouse_Thymus1,47_82,1,13619.0,19270.0
Mouse_Thymus1,47_83,1,13619.0,19370.0
Mouse_Thymus1,47_84,1,13619.0,19470.0
Mouse_Thymus1,47_85,1,13619.0,19570.0
Mouse_Thymus1,47_86,1,13619.0,19670.0
Mouse_Thymus1,47_87,1,13619.0,19770.0
Mouse_Thymus1,47_88,1,13619.0,19870.0
Mouse_Thymus1,47_89,1,13619.0,19970.0
Mouse_Thymus1,47_90,1,13619.0,20070.0
Mouse_Thymus1,47_91,1,13619.0,20170.0
Mouse_Thymus1,48_19,1,13719.0,12970.0
Mouse_Thymus1,48_20,1,13719.0,13070.0
Mouse_Thymus1,48_21,1,13719.0,13170.0
Mouse_Thymus1,48_22,1,13719.0,13270.0
Mouse_Thymus1,48_23,1,13719.0,13370.0
Mouse_Thymus1,48_24,1,13719.0,13470.0
Mouse_Thymus1,48_25,1,13719.0,13570.0
Mouse_Thymus1,48_26,1,13719.0,13670.0
Mouse_Thymus1,48_27,1,13719.0,13770.0
Mouse_Thymus1,48_28,4,13719.0,13870.0
Mouse_Thymus1,48_29,4,13719.0,13970.0
Mouse_Thymus1,48_30,1,13719.0,14070.0
Mouse_Thymus1,48_31,1,13719.0,14170.0
Mouse_Thymus1,48_32,1,13719.0,14270.0
Mouse_Thymus1,48_33,1,13719.0,14370.0
Mouse_Thymus1,48_34,4,13719.0,14470.0
Mouse_Thymus1,48_35,1,13719.0,14570.0
Mouse_Thymus1,48_36,1,13719.0,14670.0
Mouse_Thymus1,48_37,1,13719.0,14770.0
Mouse_Thymus1,48_38,4,13719.0,14870.0
Mouse_Thymus1,48_39,1,13719.0,14970.0
Mouse_Thymus1,48_40,1,13719.0,15070.0
Mouse_Thymus1,48_41,1,13719.0,15170.0
Mouse_Thymus1,48_42,1,13719.0,15270.0
Mouse_Thymus1,48_43,1,13719.0,15370.0
Mouse_Thymus1,48_44,1,13719.0,15470.0
Mouse_Thymus1,48_45,1,13719.0,15570.0
Mouse_Thymus1,48_46,4,13719.0,15670.0
Mouse_Thymus1,48_47,4,13719.0,15770.0
Mouse_Thymus1,48_48,4,13719.0,15870.0
Mouse_Thymus1,48_49,1,13719.0,15970.0
Mouse_Thymus1,48_50,1,13719.0,16070.0
Mouse_Thymus1,48_51,1,13719.0,16170.0
Mouse_Thymus1,48_52,1,13719.0,16270.0
Mouse_Thymus1,48_53,1,13719.0,16370.0
Mouse_Thymus1,48_54,1,13719.0,16470.0
Mouse_Thymus1,48_55,1,13719.0,16570.0
Mouse_Thymus1,48_56,1,13719.0,16670.0
Mouse_Thymus1,48_57,1,13719.0,16770.0
Mouse_Thymus1,48_58,1,13719.0,16870.0
Mouse_Thymus1,48_59,1,13719.0,16970.0
Mouse_Thymus1,48_60,1,13719.0,17070.0
Mouse_Thymus1,48_61,1,13719.0,17170.0
Mouse_Thymus1,48_62,1,13719.0,17270.0
Mouse_Thymus1,48_63,1,13719.0,17370.0
Mouse_Thymus1,48_64,1,13719.0,17470.0
Mouse_Thymus1,48_65,1,13719.0,17570.0
Mouse_Thymus1,48_66,1,13719.0,17670.0
Mouse_Thymus1,48_67,1,13719.0,17770.0
Mouse_Thymus1,48_68,1,13719.0,17870.0
Mouse_Thymus1,48_69,1,13719.0,17970.0
Mouse_Thymus1,48_70,1,13719.0,18070.0
Mouse_Thymus1,48_71,1,13719.0,18170.0
Mouse_Thymus1,48_72,1,13719.0,18270.0
Mouse_Thymus1,48_73,1,13719.0,18370.0
Mouse_Thymus1,48_74,1,13719.0,18470.0
Mouse_Thymus1,48_75,1,13719.0,18570.0
Mouse_Thymus1,48_76,1,13719.0,18670.0
Mouse_Thymus1,48_77,1,13719.0,18770.0
Mouse_Thymus1,48_78,1,13719.0,18870.0
Mouse_Thymus1,48_79,1,13719.0,18970.0
Mouse_Thymus1,48_80,1,13719.0,19070.0
Mouse_Thymus1,48_81,4,13719.0,19170.0
Mouse_Thymus1,48_82,1,13719.0,19270.0
Mouse_Thymus1,48_83,4,13719.0,19370.0
Mouse_Thymus1,48_84,1,13719.0,19470.0
Mouse_Thymus1,48_85,1,13719.0,19570.0
Mouse_Thymus1,48_86,1,13719.0,19670.0
Mouse_Thymus1,48_87,1,13719.0,19770.0
Mouse_Thymus1,48_88,1,13719.0,19870.0
Mouse_Thymus1,48_89,4,13719.0,19970.0
Mouse_Thymus1,48_90,1,13719.0,20070.0
Mouse_Thymus1,48_91,4,13719.0,20170.0
Mouse_Thymus1,49_21,1,13819.0,13170.0
Mouse_Thymus1,49_22,1,13819.0,13270.0
Mouse_Thymus1,49_23,1,13819.0,13370.0
Mouse_Thymus1,49_24,1,13819.0,13470.0
Mouse_Thymus1,49_25,1,13819.0,13570.0
Mouse_Thymus1,49_26,1,13819.0,13670.0
Mouse_Thymus1,49_27,1,13819.0,13770.0
Mouse_Thymus1,49_28,1,13819.0,13870.0
Mouse_Thymus1,49_29,1,13819.0,13970.0
Mouse_Thymus1,49_30,1,13819.0,14070.0
Mouse_Thymus1,49_31,1,13819.0,14170.0
Mouse_Thymus1,49_32,1,13819.0,14270.0
Mouse_Thymus1,49_33,1,13819.0,14370.0
Mouse_Thymus1,49_34,4,13819.0,14470.0
Mouse_Thymus1,49_35,1,13819.0,14570.0
Mouse_Thymus1,49_36,1,13819.0,14670.0
Mouse_Thymus1,49_37,1,13819.0,14770.0
Mouse_Thymus1,49_38,1,13819.0,14870.0
Mouse_Thymus1,49_39,1,13819.0,14970.0
Mouse_Thymus1,49_40,1,13819.0,15070.0
Mouse_Thymus1,49_41,1,13819.0,15170.0
Mouse_Thymus1,49_42,1,13819.0,15270.0
Mouse_Thymus1,49_43,1,13819.0,15370.0
Mouse_Thymus1,49_44,4,13819.0,15470.0
Mouse_Thymus1,49_45,1,13819.0,15570.0
Mouse_Thymus1,49_46,4,13819.0,15670.0
Mouse_Thymus1,49_47,1,13819.0,15770.0
Mouse_Thymus1,49_48,1,13819.0,15870.0
Mouse_Thymus1,49_49,1,13819.0,15970.0
Mouse_Thymus1,49_50,1,13819.0,16070.0
Mouse_Thymus1,49_51,1,13819.0,16170.0
Mouse_Thymus1,49_52,1,13819.0,16270.0
Mouse_Thymus1,49_53,1,13819.0,16370.0
Mouse_Thymus1,49_54,4,13819.0,16470.0
Mouse_Thymus1,49_55,1,13819.0,16570.0
Mouse_Thymus1,49_56,1,13819.0,16670.0
Mouse_Thymus1,49_57,1,13819.0,16770.0
Mouse_Thymus1,49_58,1,13819.0,16870.0
Mouse_Thymus1,49_59,1,13819.0,16970.0
Mouse_Thymus1,49_60,1,13819.0,17070.0
Mouse_Thymus1,49_61,1,13819.0,17170.0
Mouse_Thymus1,49_62,4,13819.0,17270.0
Mouse_Thymus1,49_63,1,13819.0,17370.0
Mouse_Thymus1,49_64,1,13819.0,17470.0
Mouse_Thymus1,49_65,1,13819.0,17570.0
Mouse_Thymus1,49_66,1,13819.0,17670.0
Mouse_Thymus1,49_67,4,13819.0,17770.0
Mouse_Thymus1,49_68,4,13819.0,17870.0
Mouse_Thymus1,49_69,1,13819.0,17970.0
Mouse_Thymus1,49_70,1,13819.0,18070.0
Mouse_Thymus1,49_71,1,13819.0,18170.0
Mouse_Thymus1,49_72,1,13819.0,18270.0
Mouse_Thymus1,49_73,1,13819.0,18370.0
Mouse_Thymus1,49_74,1,13819.0,18470.0
Mouse_Thymus1,49_75,1,13819.0,18570.0
Mouse_Thymus1,49_76,1,13819.0,18670.0
Mouse_Thymus1,49_77,1,13819.0,18770.0
Mouse_Thymus1,49_78,1,13819.0,18870.0
Mouse_Thymus1,49_79,1,13819.0,18970.0
Mouse_Thymus1,49_80,1,13819.0,19070.0
Mouse_Thymus1,49_81,1,13819.0,19170.0
Mouse_Thymus1,49_82,1,13819.0,19270.0
Mouse_Thymus1,49_83,1,13819.0,19370.0
Mouse_Thymus1,49_84,1,13819.0,19470.0
Mouse_Thymus1,49_85,1,13819.0,19570.0
Mouse_Thymus1,49_86,1,13819.0,19670.0
Mouse_Thymus1,49_87,1,13819.0,19770.0
Mouse_Thymus1,49_88,1,13819.0,19870.0
Mouse_Thymus1,4_10,1,9319.0,12070.0
Mouse_Thymus1,4_13,4,9319.0,12370.0
Mouse_Thymus1,4_14,1,9319.0,12470.0
Mouse_Thymus1,4_15,1,9319.0,12570.0
Mouse_Thymus1,4_16,1,9319.0,12670.0
Mouse_Thymus1,4_17,1,9319.0,12770.0
Mouse_Thymus1,4_18,1,9319.0,12870.0
Mouse_Thymus1,4_19,1,9319.0,12970.0
Mouse_Thymus1,4_20,1,9319.0,13070.0
Mouse_Thymus1,4_21,1,9319.0,13170.0
Mouse_Thymus1,4_22,1,9319.0,13270.0
Mouse_Thymus1,4_23,1,9319.0,13370.0
Mouse_Thymus1,4_24,1,9319.0,13470.0
Mouse_Thymus1,4_25,1,9319.0,13570.0
Mouse_Thymus1,4_26,1,9319.0,13670.0
Mouse_Thymus1,4_27,1,9319.0,13770.0
Mouse_Thymus1,4_28,1,9319.0,13870.0
Mouse_Thymus1,4_29,1,9319.0,13970.0
Mouse_Thymus1,4_30,1,9319.0,14070.0
Mouse_Thymus1,4_31,1,9319.0,14170.0
Mouse_Thymus1,4_32,1,9319.0,14270.0
Mouse_Thymus1,4_33,1,9319.0,14370.0
Mouse_Thymus1,4_34,4,9319.0,14470.0
Mouse_Thymus1,4_35,1,9319.0,14570.0
Mouse_Thymus1,4_36,1,9319.0,14670.0
Mouse_Thymus1,4_37,1,9319.0,14770.0
Mouse_Thymus1,4_38,1,9319.0,14870.0
Mouse_Thymus1,4_39,1,9319.0,14970.0
Mouse_Thymus1,4_40,1,9319.0,15070.0
Mouse_Thymus1,4_41,1,9319.0,15170.0
Mouse_Thymus1,4_42,1,9319.0,15270.0
Mouse_Thymus1,4_43,1,9319.0,15370.0
Mouse_Thymus1,4_44,1,9319.0,15470.0
Mouse_Thymus1,4_45,1,9319.0,15570.0
Mouse_Thymus1,4_46,1,9319.0,15670.0
Mouse_Thymus1,4_47,1,9319.0,15770.0
Mouse_Thymus1,4_48,1,9319.0,15870.0
Mouse_Thymus1,4_49,1,9319.0,15970.0
Mouse_Thymus1,4_50,1,9319.0,16070.0
Mouse_Thymus1,4_51,1,9319.0,16170.0
Mouse_Thymus1,4_52,1,9319.0,16270.0
Mouse_Thymus1,4_53,1,9319.0,16370.0
Mouse_Thymus1,4_54,1,9319.0,16470.0
Mouse_Thymus1,4_55,1,9319.0,16570.0
Mouse_Thymus1,4_56,1,9319.0,16670.0
Mouse_Thymus1,4_60,1,9319.0,17070.0
Mouse_Thymus1,4_61,1,9319.0,17170.0
Mouse_Thymus1,4_62,1,9319.0,17270.0
Mouse_Thymus1,4_63,1,9319.0,17370.0
Mouse_Thymus1,4_64,1,9319.0,17470.0
Mouse_Thymus1,4_9,1,9319.0,11970.0
Mouse_Thymus1,50_23,1,13919.0,13370.0
Mouse_Thymus1,50_24,1,13919.0,13470.0
Mouse_Thymus1,50_25,1,13919.0,13570.0
Mouse_Thymus1,50_26,1,13919.0,13670.0
Mouse_Thymus1,50_27,1,13919.0,13770.0
Mouse_Thymus1,50_28,1,13919.0,13870.0
Mouse_Thymus1,50_29,1,13919.0,13970.0
Mouse_Thymus1,50_30,4,13919.0,14070.0
Mouse_Thymus1,50_31,1,13919.0,14170.0
Mouse_Thymus1,50_32,1,13919.0,14270.0
Mouse_Thymus1,50_33,1,13919.0,14370.0
Mouse_Thymus1,50_34,1,13919.0,14470.0
Mouse_Thymus1,50_35,1,13919.0,14570.0
Mouse_Thymus1,50_36,1,13919.0,14670.0
Mouse_Thymus1,50_37,4,13919.0,14770.0
Mouse_Thymus1,50_38,1,13919.0,14870.0
Mouse_Thymus1,50_39,1,13919.0,14970.0
Mouse_Thymus1,50_40,4,13919.0,15070.0
Mouse_Thymus1,50_41,0,13919.0,15170.0
Mouse_Thymus1,50_42,1,13919.0,15270.0
Mouse_Thymus1,50_43,4,13919.0,15370.0
Mouse_Thymus1,50_44,1,13919.0,15470.0
Mouse_Thymus1,50_45,1,13919.0,15570.0
Mouse_Thymus1,50_46,1,13919.0,15670.0
Mouse_Thymus1,50_47,1,13919.0,15770.0
Mouse_Thymus1,50_48,1,13919.0,15870.0
Mouse_Thymus1,50_49,1,13919.0,15970.0
Mouse_Thymus1,50_50,4,13919.0,16070.0
Mouse_Thymus1,50_51,1,13919.0,16170.0
Mouse_Thymus1,50_52,1,13919.0,16270.0
Mouse_Thymus1,50_53,1,13919.0,16370.0
Mouse_Thymus1,50_54,1,13919.0,16470.0
Mouse_Thymus1,50_55,1,13919.0,16570.0
Mouse_Thymus1,50_56,1,13919.0,16670.0
Mouse_Thymus1,50_57,1,13919.0,16770.0
Mouse_Thymus1,50_58,1,13919.0,16870.0
Mouse_Thymus1,50_59,1,13919.0,16970.0
Mouse_Thymus1,50_60,1,13919.0,17070.0
Mouse_Thymus1,50_61,1,13919.0,17170.0
Mouse_Thymus1,50_62,1,13919.0,17270.0
Mouse_Thymus1,50_63,4,13919.0,17370.0
Mouse_Thymus1,50_64,1,13919.0,17470.0
Mouse_Thymus1,50_65,1,13919.0,17570.0
Mouse_Thymus1,50_66,1,13919.0,17670.0
Mouse_Thymus1,50_67,1,13919.0,17770.0
Mouse_Thymus1,50_68,1,13919.0,17870.0
Mouse_Thymus1,50_69,1,13919.0,17970.0
Mouse_Thymus1,50_70,1,13919.0,18070.0
Mouse_Thymus1,50_71,1,13919.0,18170.0
Mouse_Thymus1,50_72,4,13919.0,18270.0
Mouse_Thymus1,50_73,1,13919.0,18370.0
Mouse_Thymus1,50_74,1,13919.0,18470.0
Mouse_Thymus1,50_75,1,13919.0,18570.0
Mouse_Thymus1,50_76,1,13919.0,18670.0
Mouse_Thymus1,50_77,1,13919.0,18770.0
Mouse_Thymus1,50_78,1,13919.0,18870.0
Mouse_Thymus1,50_79,1,13919.0,18970.0
Mouse_Thymus1,50_80,1,13919.0,19070.0
Mouse_Thymus1,50_81,1,13919.0,19170.0
Mouse_Thymus1,50_82,1,13919.0,19270.0
Mouse_Thymus1,50_83,1,13919.0,19370.0
Mouse_Thymus1,50_84,1,13919.0,19470.0
Mouse_Thymus1,51_25,1,14019.0,13570.0
Mouse_Thymus1,51_26,1,14019.0,13670.0
Mouse_Thymus1,51_27,1,14019.0,13770.0
Mouse_Thymus1,51_28,1,14019.0,13870.0
Mouse_Thymus1,51_29,1,14019.0,13970.0
Mouse_Thymus1,51_30,4,14019.0,14070.0
Mouse_Thymus1,51_31,1,14019.0,14170.0
Mouse_Thymus1,51_32,0,14019.0,14270.0
Mouse_Thymus1,51_33,1,14019.0,14370.0
Mouse_Thymus1,51_34,1,14019.0,14470.0
Mouse_Thymus1,51_35,1,14019.0,14570.0
Mouse_Thymus1,51_36,1,14019.0,14670.0
Mouse_Thymus1,51_37,1,14019.0,14770.0
Mouse_Thymus1,51_38,1,14019.0,14870.0
Mouse_Thymus1,51_39,4,14019.0,14970.0
Mouse_Thymus1,51_40,1,14019.0,15070.0
Mouse_Thymus1,51_41,1,14019.0,15170.0
Mouse_Thymus1,51_42,1,14019.0,15270.0
Mouse_Thymus1,51_43,1,14019.0,15370.0
Mouse_Thymus1,51_44,1,14019.0,15470.0
Mouse_Thymus1,51_45,1,14019.0,15570.0
Mouse_Thymus1,51_46,4,14019.0,15670.0
Mouse_Thymus1,51_47,1,14019.0,15770.0
Mouse_Thymus1,51_48,1,14019.0,15870.0
Mouse_Thymus1,51_49,1,14019.0,15970.0
Mouse_Thymus1,51_50,1,14019.0,16070.0
Mouse_Thymus1,51_51,1,14019.0,16170.0
Mouse_Thymus1,51_52,1,14019.0,16270.0
Mouse_Thymus1,51_53,1,14019.0,16370.0
Mouse_Thymus1,51_54,1,14019.0,16470.0
Mouse_Thymus1,51_55,1,14019.0,16570.0
Mouse_Thymus1,51_56,1,14019.0,16670.0
Mouse_Thymus1,51_57,4,14019.0,16770.0
Mouse_Thymus1,51_58,1,14019.0,16870.0
Mouse_Thymus1,51_59,1,14019.0,16970.0
Mouse_Thymus1,51_60,1,14019.0,17070.0
Mouse_Thymus1,51_61,1,14019.0,17170.0
Mouse_Thymus1,51_62,1,14019.0,17270.0
Mouse_Thymus1,51_63,1,14019.0,17370.0
Mouse_Thymus1,51_64,1,14019.0,17470.0
Mouse_Thymus1,51_65,1,14019.0,17570.0
Mouse_Thymus1,51_66,1,14019.0,17670.0
Mouse_Thymus1,51_67,1,14019.0,17770.0
Mouse_Thymus1,51_68,1,14019.0,17870.0
Mouse_Thymus1,51_69,1,14019.0,17970.0
Mouse_Thymus1,51_70,1,14019.0,18070.0
Mouse_Thymus1,51_71,1,14019.0,18170.0
Mouse_Thymus1,51_72,1,14019.0,18270.0
Mouse_Thymus1,51_73,4,14019.0,18370.0
Mouse_Thymus1,51_74,1,14019.0,18470.0
Mouse_Thymus1,51_75,1,14019.0,18570.0
Mouse_Thymus1,51_76,1,14019.0,18670.0
Mouse_Thymus1,51_77,1,14019.0,18770.0
Mouse_Thymus1,51_78,1,14019.0,18870.0
Mouse_Thymus1,51_79,1,14019.0,18970.0
Mouse_Thymus1,51_80,1,14019.0,19070.0
Mouse_Thymus1,51_81,1,14019.0,19170.0
Mouse_Thymus1,51_82,1,14019.0,19270.0
Mouse_Thymus1,52_28,1,14119.0,13870.0
Mouse_Thymus1,52_29,1,14119.0,13970.0
Mouse_Thymus1,52_30,4,14119.0,14070.0
Mouse_Thymus1,52_31,1,14119.0,14170.0
Mouse_Thymus1,52_32,0,14119.0,14270.0
Mouse_Thymus1,52_33,4,14119.0,14370.0
Mouse_Thymus1,52_34,1,14119.0,14470.0
Mouse_Thymus1,52_35,1,14119.0,14570.0
Mouse_Thymus1,52_36,1,14119.0,14670.0
Mouse_Thymus1,52_37,1,14119.0,14770.0
Mouse_Thymus1,52_38,1,14119.0,14870.0
Mouse_Thymus1,52_39,1,14119.0,14970.0
Mouse_Thymus1,52_40,1,14119.0,15070.0
Mouse_Thymus1,52_41,1,14119.0,15170.0
Mouse_Thymus1,52_42,1,14119.0,15270.0
Mouse_Thymus1,52_43,1,14119.0,15370.0
Mouse_Thymus1,52_44,1,14119.0,15470.0
Mouse_Thymus1,52_45,1,14119.0,15570.0
Mouse_Thymus1,52_46,1,14119.0,15670.0
Mouse_Thymus1,52_47,1,14119.0,15770.0
Mouse_Thymus1,52_48,1,14119.0,15870.0
Mouse_Thymus1,52_49,1,14119.0,15970.0
Mouse_Thymus1,52_50,1,14119.0,16070.0
Mouse_Thymus1,52_51,1,14119.0,16170.0
Mouse_Thymus1,52_52,1,14119.0,16270.0
Mouse_Thymus1,52_53,1,14119.0,16370.0
Mouse_Thymus1,52_54,1,14119.0,16470.0
Mouse_Thymus1,52_55,1,14119.0,16570.0
Mouse_Thymus1,52_56,1,14119.0,16670.0
Mouse_Thymus1,52_57,1,14119.0,16770.0
Mouse_Thymus1,52_58,1,14119.0,16870.0
Mouse_Thymus1,52_59,4,14119.0,16970.0
Mouse_Thymus1,52_60,1,14119.0,17070.0
Mouse_Thymus1,52_61,1,14119.0,17170.0
Mouse_Thymus1,52_62,1,14119.0,17270.0
Mouse_Thymus1,52_63,4,14119.0,17370.0
Mouse_Thymus1,52_64,1,14119.0,17470.0
Mouse_Thymus1,52_65,1,14119.0,17570.0
Mouse_Thymus1,52_66,1,14119.0,17670.0
Mouse_Thymus1,52_67,1,14119.0,17770.0
Mouse_Thymus1,52_68,1,14119.0,17870.0
Mouse_Thymus1,52_69,1,14119.0,17970.0
Mouse_Thymus1,52_70,1,14119.0,18070.0
Mouse_Thymus1,52_71,1,14119.0,18170.0
Mouse_Thymus1,52_72,1,14119.0,18270.0
Mouse_Thymus1,52_73,1,14119.0,18370.0
Mouse_Thymus1,52_74,1,14119.0,18470.0
Mouse_Thymus1,52_75,1,14119.0,18570.0
Mouse_Thymus1,52_76,1,14119.0,18670.0
Mouse_Thymus1,52_77,1,14119.0,18770.0
Mouse_Thymus1,52_78,1,14119.0,18870.0
Mouse_Thymus1,52_79,1,14119.0,18970.0
Mouse_Thymus1,52_80,1,14119.0,19070.0
Mouse_Thymus1,52_81,4,14119.0,19170.0
Mouse_Thymus1,53_31,1,14219.0,14170.0
Mouse_Thymus1,53_32,1,14219.0,14270.0
Mouse_Thymus1,53_33,4,14219.0,14370.0
Mouse_Thymus1,53_34,1,14219.0,14470.0
Mouse_Thymus1,53_35,1,14219.0,14570.0
Mouse_Thymus1,53_36,1,14219.0,14670.0
Mouse_Thymus1,53_37,1,14219.0,14770.0
Mouse_Thymus1,53_38,1,14219.0,14870.0
Mouse_Thymus1,53_39,4,14219.0,14970.0
Mouse_Thymus1,53_40,4,14219.0,15070.0
Mouse_Thymus1,53_41,1,14219.0,15170.0
Mouse_Thymus1,53_42,1,14219.0,15270.0
Mouse_Thymus1,53_43,1,14219.0,15370.0
Mouse_Thymus1,53_44,1,14219.0,15470.0
Mouse_Thymus1,53_45,1,14219.0,15570.0
Mouse_Thymus1,53_46,1,14219.0,15670.0
Mouse_Thymus1,53_47,1,14219.0,15770.0
Mouse_Thymus1,53_48,1,14219.0,15870.0
Mouse_Thymus1,53_49,1,14219.0,15970.0
Mouse_Thymus1,53_50,1,14219.0,16070.0
Mouse_Thymus1,53_51,1,14219.0,16170.0
Mouse_Thymus1,53_52,1,14219.0,16270.0
Mouse_Thymus1,53_53,1,14219.0,16370.0
Mouse_Thymus1,53_54,1,14219.0,16470.0
Mouse_Thymus1,53_55,1,14219.0,16570.0
Mouse_Thymus1,53_56,4,14219.0,16670.0
Mouse_Thymus1,53_57,1,14219.0,16770.0
Mouse_Thymus1,53_58,1,14219.0,16870.0
Mouse_Thymus1,53_59,1,14219.0,16970.0
Mouse_Thymus1,53_60,1,14219.0,17070.0
Mouse_Thymus1,53_61,1,14219.0,17170.0
Mouse_Thymus1,53_62,1,14219.0,17270.0
Mouse_Thymus1,53_63,1,14219.0,17370.0
Mouse_Thymus1,53_64,1,14219.0,17470.0
Mouse_Thymus1,53_65,1,14219.0,17570.0
Mouse_Thymus1,53_66,4,14219.0,17670.0
Mouse_Thymus1,53_67,1,14219.0,17770.0
Mouse_Thymus1,53_68,4,14219.0,17870.0
Mouse_Thymus1,53_69,1,14219.0,17970.0
Mouse_Thymus1,53_70,1,14219.0,18070.0
Mouse_Thymus1,53_71,1,14219.0,18170.0
Mouse_Thymus1,53_72,1,14219.0,18270.0
Mouse_Thymus1,53_73,1,14219.0,18370.0
Mouse_Thymus1,53_74,1,14219.0,18470.0
Mouse_Thymus1,53_75,1,14219.0,18570.0
Mouse_Thymus1,53_76,4,14219.0,18670.0
Mouse_Thymus1,53_77,4,14219.0,18770.0
Mouse_Thymus1,53_78,1,14219.0,18870.0
Mouse_Thymus1,53_79,1,14219.0,18970.0
Mouse_Thymus1,53_80,1,14219.0,19070.0
Mouse_Thymus1,54_33,1,14319.0,14370.0
Mouse_Thymus1,54_34,1,14319.0,14470.0
Mouse_Thymus1,54_35,1,14319.0,14570.0
Mouse_Thymus1,54_36,1,14319.0,14670.0
Mouse_Thymus1,54_37,1,14319.0,14770.0
Mouse_Thymus1,54_38,1,14319.0,14870.0
Mouse_Thymus1,54_39,1,14319.0,14970.0
Mouse_Thymus1,54_40,4,14319.0,15070.0
Mouse_Thymus1,54_41,1,14319.0,15170.0
Mouse_Thymus1,54_42,1,14319.0,15270.0
Mouse_Thymus1,54_43,1,14319.0,15370.0
Mouse_Thymus1,54_44,1,14319.0,15470.0
Mouse_Thymus1,54_45,1,14319.0,15570.0
Mouse_Thymus1,54_46,1,14319.0,15670.0
Mouse_Thymus1,54_47,1,14319.0,15770.0
Mouse_Thymus1,54_48,1,14319.0,15870.0
Mouse_Thymus1,54_49,1,14319.0,15970.0
Mouse_Thymus1,54_50,1,14319.0,16070.0
Mouse_Thymus1,54_51,4,14319.0,16170.0
Mouse_Thymus1,54_52,1,14319.0,16270.0
Mouse_Thymus1,54_53,1,14319.0,16370.0
Mouse_Thymus1,54_54,1,14319.0,16470.0
Mouse_Thymus1,54_55,1,14319.0,16570.0
Mouse_Thymus1,54_56,1,14319.0,16670.0
Mouse_Thymus1,54_57,1,14319.0,16770.0
Mouse_Thymus1,54_58,1,14319.0,16870.0
Mouse_Thymus1,54_59,1,14319.0,16970.0
Mouse_Thymus1,54_60,1,14319.0,17070.0
Mouse_Thymus1,54_61,1,14319.0,17170.0
Mouse_Thymus1,54_62,1,14319.0,17270.0
Mouse_Thymus1,54_63,1,14319.0,17370.0
Mouse_Thymus1,54_64,1,14319.0,17470.0
Mouse_Thymus1,54_65,1,14319.0,17570.0
Mouse_Thymus1,54_66,1,14319.0,17670.0
Mouse_Thymus1,54_67,1,14319.0,17770.0
Mouse_Thymus1,54_68,1,14319.0,17870.0
Mouse_Thymus1,54_69,1,14319.0,17970.0
Mouse_Thymus1,54_70,1,14319.0,18070.0
Mouse_Thymus1,54_71,1,14319.0,18170.0
Mouse_Thymus1,54_72,1,14319.0,18270.0
Mouse_Thymus1,54_73,1,14319.0,18370.0
Mouse_Thymus1,54_74,1,14319.0,18470.0
Mouse_Thymus1,54_75,1,14319.0,18570.0
Mouse_Thymus1,54_76,4,14319.0,18670.0
Mouse_Thymus1,54_77,1,14319.0,18770.0
Mouse_Thymus1,54_78,1,14319.0,18870.0
Mouse_Thymus1,55_36,1,14419.0,14670.0
Mouse_Thymus1,55_37,1,14419.0,14770.0
Mouse_Thymus1,55_38,1,14419.0,14870.0
Mouse_Thymus1,55_39,4,14419.0,14970.0
Mouse_Thymus1,55_40,1,14419.0,15070.0
Mouse_Thymus1,55_41,1,14419.0,15170.0
Mouse_Thymus1,55_42,1,14419.0,15270.0
Mouse_Thymus1,55_43,1,14419.0,15370.0
Mouse_Thymus1,55_44,1,14419.0,15470.0
Mouse_Thymus1,55_45,1,14419.0,15570.0
Mouse_Thymus1,55_46,4,14419.0,15670.0
Mouse_Thymus1,55_47,1,14419.0,15770.0
Mouse_Thymus1,55_48,1,14419.0,15870.0
Mouse_Thymus1,55_49,1,14419.0,15970.0
Mouse_Thymus1,55_50,1,14419.0,16070.0
Mouse_Thymus1,55_51,4,14419.0,16170.0
Mouse_Thymus1,55_52,1,14419.0,16270.0
Mouse_Thymus1,55_53,1,14419.0,16370.0
Mouse_Thymus1,55_54,1,14419.0,16470.0
Mouse_Thymus1,55_55,1,14419.0,16570.0
Mouse_Thymus1,55_56,1,14419.0,16670.0
Mouse_Thymus1,55_57,1,14419.0,16770.0
Mouse_Thymus1,55_58,1,14419.0,16870.0
Mouse_Thymus1,55_59,1,14419.0,16970.0
Mouse_Thymus1,55_60,1,14419.0,17070.0
Mouse_Thymus1,55_61,1,14419.0,17170.0
Mouse_Thymus1,55_62,1,14419.0,17270.0
Mouse_Thymus1,55_63,4,14419.0,17370.0
Mouse_Thymus1,55_64,1,14419.0,17470.0
Mouse_Thymus1,55_65,1,14419.0,17570.0
Mouse_Thymus1,55_66,1,14419.0,17670.0
Mouse_Thymus1,55_67,1,14419.0,17770.0
Mouse_Thymus1,55_68,1,14419.0,17870.0
Mouse_Thymus1,55_69,4,14419.0,17970.0
Mouse_Thymus1,55_70,1,14419.0,18070.0
Mouse_Thymus1,55_71,1,14419.0,18170.0
Mouse_Thymus1,55_72,1,14419.0,18270.0
Mouse_Thymus1,55_73,1,14419.0,18370.0
Mouse_Thymus1,55_74,1,14419.0,18470.0
Mouse_Thymus1,55_75,1,14419.0,18570.0
Mouse_Thymus1,55_76,1,14419.0,18670.0
Mouse_Thymus1,55_77,1,14419.0,18770.0
Mouse_Thymus1,56_38,1,14519.0,14870.0
Mouse_Thymus1,56_39,1,14519.0,14970.0
Mouse_Thymus1,56_40,4,14519.0,15070.0
Mouse_Thymus1,56_41,1,14519.0,15170.0
Mouse_Thymus1,56_42,1,14519.0,15270.0
Mouse_Thymus1,56_43,1,14519.0,15370.0
Mouse_Thymus1,56_44,1,14519.0,15470.0
Mouse_Thymus1,56_45,1,14519.0,15570.0
Mouse_Thymus1,56_46,1,14519.0,15670.0
Mouse_Thymus1,56_47,1,14519.0,15770.0
Mouse_Thymus1,56_48,1,14519.0,15870.0
Mouse_Thymus1,56_49,1,14519.0,15970.0
Mouse_Thymus1,56_50,1,14519.0,16070.0
Mouse_Thymus1,56_51,1,14519.0,16170.0
Mouse_Thymus1,56_52,1,14519.0,16270.0
Mouse_Thymus1,56_53,1,14519.0,16370.0
Mouse_Thymus1,56_54,1,14519.0,16470.0
Mouse_Thymus1,56_55,4,14519.0,16570.0
Mouse_Thymus1,56_56,4,14519.0,16670.0
Mouse_Thymus1,56_57,4,14519.0,16770.0
Mouse_Thymus1,56_58,1,14519.0,16870.0
Mouse_Thymus1,56_59,1,14519.0,16970.0
Mouse_Thymus1,56_60,4,14519.0,17070.0
Mouse_Thymus1,56_61,1,14519.0,17170.0
Mouse_Thymus1,56_62,1,14519.0,17270.0
Mouse_Thymus1,56_63,4,14519.0,17370.0
Mouse_Thymus1,56_64,1,14519.0,17470.0
Mouse_Thymus1,56_65,1,14519.0,17570.0
Mouse_Thymus1,56_66,1,14519.0,17670.0
Mouse_Thymus1,56_67,1,14519.0,17770.0
Mouse_Thymus1,56_68,1,14519.0,17870.0
Mouse_Thymus1,56_69,1,14519.0,17970.0
Mouse_Thymus1,56_70,1,14519.0,18070.0
Mouse_Thymus1,56_71,1,14519.0,18170.0
Mouse_Thymus1,56_72,1,14519.0,18270.0
Mouse_Thymus1,56_73,1,14519.0,18370.0
Mouse_Thymus1,56_74,1,14519.0,18470.0
Mouse_Thymus1,56_75,1,14519.0,18570.0
Mouse_Thymus1,56_76,1,14519.0,18670.0
Mouse_Thymus1,57_40,1,14619.0,15070.0
Mouse_Thymus1,57_41,1,14619.0,15170.0
Mouse_Thymus1,57_42,4,14619.0,15270.0
Mouse_Thymus1,57_43,1,14619.0,15370.0
Mouse_Thymus1,57_44,1,14619.0,15470.0
Mouse_Thymus1,57_45,1,14619.0,15570.0
Mouse_Thymus1,57_46,1,14619.0,15670.0
Mouse_Thymus1,57_47,1,14619.0,15770.0
Mouse_Thymus1,57_48,1,14619.0,15870.0
Mouse_Thymus1,57_49,1,14619.0,15970.0
Mouse_Thymus1,57_50,1,14619.0,16070.0
Mouse_Thymus1,57_51,1,14619.0,16170.0
Mouse_Thymus1,57_52,1,14619.0,16270.0
Mouse_Thymus1,57_53,1,14619.0,16370.0
Mouse_Thymus1,57_54,1,14619.0,16470.0
Mouse_Thymus1,57_55,1,14619.0,16570.0
Mouse_Thymus1,57_56,0,14619.0,16670.0
Mouse_Thymus1,57_57,1,14619.0,16770.0
Mouse_Thymus1,57_58,1,14619.0,16870.0
Mouse_Thymus1,57_59,1,14619.0,16970.0
Mouse_Thymus1,57_60,1,14619.0,17070.0
Mouse_Thymus1,57_61,1,14619.0,17170.0
Mouse_Thymus1,57_62,4,14619.0,17270.0
Mouse_Thymus1,57_63,4,14619.0,17370.0
Mouse_Thymus1,57_64,4,14619.0,17470.0
Mouse_Thymus1,57_65,4,14619.0,17570.0
Mouse_Thymus1,57_66,4,14619.0,17670.0
Mouse_Thymus1,57_67,1,14619.0,17770.0
Mouse_Thymus1,57_68,1,14619.0,17870.0
Mouse_Thymus1,57_69,4,14619.0,17970.0
Mouse_Thymus1,57_70,1,14619.0,18070.0
Mouse_Thymus1,57_71,1,14619.0,18170.0
Mouse_Thymus1,57_72,1,14619.0,18270.0
Mouse_Thymus1,57_73,1,14619.0,18370.0
Mouse_Thymus1,57_74,1,14619.0,18470.0
Mouse_Thymus1,58_40,1,14719.0,15070.0
Mouse_Thymus1,58_41,1,14719.0,15170.0
Mouse_Thymus1,58_42,1,14719.0,15270.0
Mouse_Thymus1,58_43,1,14719.0,15370.0
Mouse_Thymus1,58_44,1,14719.0,15470.0
Mouse_Thymus1,58_45,1,14719.0,15570.0
Mouse_Thymus1,58_46,1,14719.0,15670.0
Mouse_Thymus1,58_47,4,14719.0,15770.0
Mouse_Thymus1,58_48,1,14719.0,15870.0
Mouse_Thymus1,58_49,1,14719.0,15970.0
Mouse_Thymus1,58_50,4,14719.0,16070.0
Mouse_Thymus1,58_51,1,14719.0,16170.0
Mouse_Thymus1,58_52,1,14719.0,16270.0
Mouse_Thymus1,58_53,1,14719.0,16370.0
Mouse_Thymus1,58_54,1,14719.0,16470.0
Mouse_Thymus1,58_55,1,14719.0,16570.0
Mouse_Thymus1,58_56,1,14719.0,16670.0
Mouse_Thymus1,58_57,1,14719.0,16770.0
Mouse_Thymus1,58_58,1,14719.0,16870.0
Mouse_Thymus1,58_59,1,14719.0,16970.0
Mouse_Thymus1,58_60,1,14719.0,17070.0
Mouse_Thymus1,58_61,1,14719.0,17170.0
Mouse_Thymus1,58_62,1,14719.0,17270.0
Mouse_Thymus1,58_63,1,14719.0,17370.0
Mouse_Thymus1,58_64,1,14719.0,17470.0
Mouse_Thymus1,58_65,1,14719.0,17570.0
Mouse_Thymus1,58_66,4,14719.0,17670.0
Mouse_Thymus1,58_67,1,14719.0,17770.0
Mouse_Thymus1,58_68,4,14719.0,17870.0
Mouse_Thymus1,58_69,1,14719.0,17970.0
Mouse_Thymus1,58_70,1,14719.0,18070.0
Mouse_Thymus1,58_71,1,14719.0,18170.0
Mouse_Thymus1,58_72,1,14719.0,18270.0
Mouse_Thymus1,58_73,1,14719.0,18370.0
Mouse_Thymus1,58_74,4,14719.0,18470.0
Mouse_Thymus1,59_41,1,14819.0,15170.0
Mouse_Thymus1,59_42,1,14819.0,15270.0
Mouse_Thymus1,59_44,1,14819.0,15470.0
Mouse_Thymus1,59_45,1,14819.0,15570.0
Mouse_Thymus1,59_46,1,14819.0,15670.0
Mouse_Thymus1,59_47,1,14819.0,15770.0
Mouse_Thymus1,59_48,1,14819.0,15870.0
Mouse_Thymus1,59_49,1,14819.0,15970.0
Mouse_Thymus1,59_50,1,14819.0,16070.0
Mouse_Thymus1,59_51,1,14819.0,16170.0
Mouse_Thymus1,59_52,1,14819.0,16270.0
Mouse_Thymus1,59_53,1,14819.0,16370.0
Mouse_Thymus1,59_54,1,14819.0,16470.0
Mouse_Thymus1,59_55,4,14819.0,16570.0
Mouse_Thymus1,59_56,1,14819.0,16670.0
Mouse_Thymus1,59_57,1,14819.0,16770.0
Mouse_Thymus1,59_58,1,14819.0,16870.0
Mouse_Thymus1,59_59,1,14819.0,16970.0
Mouse_Thymus1,59_60,1,14819.0,17070.0
Mouse_Thymus1,59_61,1,14819.0,17170.0
Mouse_Thymus1,59_62,1,14819.0,17270.0
Mouse_Thymus1,59_63,1,14819.0,17370.0
Mouse_Thymus1,59_64,1,14819.0,17470.0
Mouse_Thymus1,59_65,1,14819.0,17570.0
Mouse_Thymus1,59_66,4,14819.0,17670.0
Mouse_Thymus1,59_67,1,14819.0,17770.0
Mouse_Thymus1,59_68,1,14819.0,17870.0
Mouse_Thymus1,59_69,1,14819.0,17970.0
Mouse_Thymus1,59_70,1,14819.0,18070.0
Mouse_Thymus1,59_71,1,14819.0,18170.0
Mouse_Thymus1,59_72,1,14819.0,18270.0
Mouse_Thymus1,59_73,1,14819.0,18370.0
Mouse_Thymus1,5_10,1,9419.0,12070.0
Mouse_Thymus1,5_13,4,9419.0,12370.0
Mouse_Thymus1,5_14,1,9419.0,12470.0
Mouse_Thymus1,5_15,1,9419.0,12570.0
Mouse_Thymus1,5_16,1,9419.0,12670.0
Mouse_Thymus1,5_17,1,9419.0,12770.0
Mouse_Thymus1,5_18,1,9419.0,12870.0
Mouse_Thymus1,5_19,1,9419.0,12970.0
Mouse_Thymus1,5_20,1,9419.0,13070.0
Mouse_Thymus1,5_21,1,9419.0,13170.0
Mouse_Thymus1,5_22,1,9419.0,13270.0
Mouse_Thymus1,5_23,1,9419.0,13370.0
Mouse_Thymus1,5_24,1,9419.0,13470.0
Mouse_Thymus1,5_25,1,9419.0,13570.0
Mouse_Thymus1,5_26,1,9419.0,13670.0
Mouse_Thymus1,5_27,1,9419.0,13770.0
Mouse_Thymus1,5_28,1,9419.0,13870.0
Mouse_Thymus1,5_29,1,9419.0,13970.0
Mouse_Thymus1,5_30,1,9419.0,14070.0
Mouse_Thymus1,5_31,1,9419.0,14170.0
Mouse_Thymus1,5_32,1,9419.0,14270.0
Mouse_Thymus1,5_33,1,9419.0,14370.0
Mouse_Thymus1,5_34,1,9419.0,14470.0
Mouse_Thymus1,5_35,1,9419.0,14570.0
Mouse_Thymus1,5_36,1,9419.0,14670.0
Mouse_Thymus1,5_37,1,9419.0,14770.0
Mouse_Thymus1,5_38,1,9419.0,14870.0
Mouse_Thymus1,5_39,4,9419.0,14970.0
Mouse_Thymus1,5_40,1,9419.0,15070.0
Mouse_Thymus1,5_41,1,9419.0,15170.0
Mouse_Thymus1,5_42,1,9419.0,15270.0
Mouse_Thymus1,5_43,1,9419.0,15370.0
Mouse_Thymus1,5_44,1,9419.0,15470.0
Mouse_Thymus1,5_45,4,9419.0,15570.0
Mouse_Thymus1,5_46,4,9419.0,15670.0
Mouse_Thymus1,5_47,1,9419.0,15770.0
Mouse_Thymus1,5_48,1,9419.0,15870.0
Mouse_Thymus1,5_49,1,9419.0,15970.0
Mouse_Thymus1,5_50,1,9419.0,16070.0
Mouse_Thymus1,5_51,1,9419.0,16170.0
Mouse_Thymus1,5_52,1,9419.0,16270.0
Mouse_Thymus1,5_53,1,9419.0,16370.0
Mouse_Thymus1,5_54,1,9419.0,16470.0
Mouse_Thymus1,5_55,1,9419.0,16570.0
Mouse_Thymus1,5_56,1,9419.0,16670.0
Mouse_Thymus1,5_57,4,9419.0,16770.0
Mouse_Thymus1,5_58,1,9419.0,16870.0
Mouse_Thymus1,5_59,1,9419.0,16970.0
Mouse_Thymus1,5_60,1,9419.0,17070.0
Mouse_Thymus1,5_61,1,9419.0,17170.0
Mouse_Thymus1,5_62,1,9419.0,17270.0
Mouse_Thymus1,5_63,1,9419.0,17370.0
Mouse_Thymus1,5_64,4,9419.0,17470.0
Mouse_Thymus1,5_69,1,9419.0,17970.0
Mouse_Thymus1,5_70,1,9419.0,18070.0
Mouse_Thymus1,5_71,1,9419.0,18170.0
Mouse_Thymus1,5_9,4,9419.0,11970.0
Mouse_Thymus1,60_45,1,14919.0,15570.0
Mouse_Thymus1,60_46,4,14919.0,15670.0
Mouse_Thymus1,60_47,1,14919.0,15770.0
Mouse_Thymus1,60_48,1,14919.0,15870.0
Mouse_Thymus1,60_49,1,14919.0,15970.0
Mouse_Thymus1,60_50,1,14919.0,16070.0
Mouse_Thymus1,60_51,1,14919.0,16170.0
Mouse_Thymus1,60_52,1,14919.0,16270.0
Mouse_Thymus1,60_53,1,14919.0,16370.0
Mouse_Thymus1,60_54,1,14919.0,16470.0
Mouse_Thymus1,60_55,1,14919.0,16570.0
Mouse_Thymus1,60_56,1,14919.0,16670.0
Mouse_Thymus1,60_57,1,14919.0,16770.0
Mouse_Thymus1,60_58,4,14919.0,16870.0
Mouse_Thymus1,60_59,4,14919.0,16970.0
Mouse_Thymus1,60_60,1,14919.0,17070.0
Mouse_Thymus1,60_61,1,14919.0,17170.0
Mouse_Thymus1,60_62,1,14919.0,17270.0
Mouse_Thymus1,60_63,1,14919.0,17370.0
Mouse_Thymus1,60_64,1,14919.0,17470.0
Mouse_Thymus1,60_65,1,14919.0,17570.0
Mouse_Thymus1,60_66,1,14919.0,17670.0
Mouse_Thymus1,60_67,1,14919.0,17770.0
Mouse_Thymus1,60_68,1,14919.0,17870.0
Mouse_Thymus1,60_69,1,14919.0,17970.0
Mouse_Thymus1,60_70,1,14919.0,18070.0
Mouse_Thymus1,60_71,1,14919.0,18170.0
Mouse_Thymus1,60_72,1,14919.0,18270.0
Mouse_Thymus1,61_45,1,15019.0,15570.0
Mouse_Thymus1,61_46,4,15019.0,15670.0
Mouse_Thymus1,61_47,1,15019.0,15770.0
Mouse_Thymus1,61_48,1,15019.0,15870.0
Mouse_Thymus1,61_49,1,15019.0,15970.0
Mouse_Thymus1,61_50,1,15019.0,16070.0
Mouse_Thymus1,61_51,1,15019.0,16170.0
Mouse_Thymus1,61_52,1,15019.0,16270.0
Mouse_Thymus1,61_53,1,15019.0,16370.0
Mouse_Thymus1,61_54,1,15019.0,16470.0
Mouse_Thymus1,61_57,1,15019.0,16770.0
Mouse_Thymus1,61_58,1,15019.0,16870.0
Mouse_Thymus1,61_59,1,15019.0,16970.0
Mouse_Thymus1,61_60,1,15019.0,17070.0
Mouse_Thymus1,61_61,1,15019.0,17170.0
Mouse_Thymus1,61_62,1,15019.0,17270.0
Mouse_Thymus1,61_63,1,15019.0,17370.0
Mouse_Thymus1,61_64,1,15019.0,17470.0
Mouse_Thymus1,61_65,4,15019.0,17570.0
Mouse_Thymus1,61_66,1,15019.0,17670.0
Mouse_Thymus1,61_67,1,15019.0,17770.0
Mouse_Thymus1,61_68,4,15019.0,17870.0
Mouse_Thymus1,61_69,1,15019.0,17970.0
Mouse_Thymus1,61_70,1,15019.0,18070.0
Mouse_Thymus1,61_71,1,15019.0,18170.0
Mouse_Thymus1,61_72,1,15019.0,18270.0
Mouse_Thymus1,62_44,1,15119.0,15470.0
Mouse_Thymus1,62_45,1,15119.0,15570.0
Mouse_Thymus1,62_46,1,15119.0,15670.0
Mouse_Thymus1,62_47,1,15119.0,15770.0
Mouse_Thymus1,62_48,4,15119.0,15870.0
Mouse_Thymus1,62_49,1,15119.0,15970.0
Mouse_Thymus1,62_50,1,15119.0,16070.0
Mouse_Thymus1,62_51,1,15119.0,16170.0
Mouse_Thymus1,62_52,1,15119.0,16270.0
Mouse_Thymus1,62_53,1,15119.0,16370.0
Mouse_Thymus1,62_59,1,15119.0,16970.0
Mouse_Thymus1,62_60,1,15119.0,17070.0
Mouse_Thymus1,62_61,1,15119.0,17170.0
Mouse_Thymus1,62_62,4,15119.0,17270.0
Mouse_Thymus1,62_63,1,15119.0,17370.0
Mouse_Thymus1,62_64,1,15119.0,17470.0
Mouse_Thymus1,62_65,4,15119.0,17570.0
Mouse_Thymus1,62_66,4,15119.0,17670.0
Mouse_Thymus1,62_67,1,15119.0,17770.0
Mouse_Thymus1,62_68,1,15119.0,17870.0
Mouse_Thymus1,62_69,1,15119.0,17970.0
Mouse_Thymus1,62_70,1,15119.0,18070.0
Mouse_Thymus1,62_71,1,15119.0,18170.0
Mouse_Thymus1,63_40,1,15219.0,15070.0
Mouse_Thymus1,63_41,1,15219.0,15170.0
Mouse_Thymus1,63_44,4,15219.0,15470.0
Mouse_Thymus1,63_45,1,15219.0,15570.0
Mouse_Thymus1,63_46,1,15219.0,15670.0
Mouse_Thymus1,63_47,1,15219.0,15770.0
Mouse_Thymus1,63_48,1,15219.0,15870.0
Mouse_Thymus1,63_49,1,15219.0,15970.0
Mouse_Thymus1,63_50,1,15219.0,16070.0
Mouse_Thymus1,63_51,4,15219.0,16170.0
Mouse_Thymus1,63_52,4,15219.0,16270.0
Mouse_Thymus1,63_60,1,15219.0,17070.0
Mouse_Thymus1,63_61,1,15219.0,17170.0
Mouse_Thymus1,63_62,1,15219.0,17270.0
Mouse_Thymus1,63_63,1,15219.0,17370.0
Mouse_Thymus1,63_64,1,15219.0,17470.0
Mouse_Thymus1,63_65,1,15219.0,17570.0
Mouse_Thymus1,63_66,1,15219.0,17670.0
Mouse_Thymus1,63_67,1,15219.0,17770.0
Mouse_Thymus1,63_68,1,15219.0,17870.0
Mouse_Thymus1,63_69,4,15219.0,17970.0
Mouse_Thymus1,63_70,4,15219.0,18070.0
Mouse_Thymus1,63_71,1,15219.0,18170.0
Mouse_Thymus1,64_43,1,15319.0,15370.0
Mouse_Thymus1,64_44,1,15319.0,15470.0
Mouse_Thymus1,64_45,1,15319.0,15570.0
Mouse_Thymus1,64_46,4,15319.0,15670.0
Mouse_Thymus1,64_47,1,15319.0,15770.0
Mouse_Thymus1,64_48,1,15319.0,15870.0
Mouse_Thymus1,64_49,1,15319.0,15970.0
Mouse_Thymus1,64_50,1,15319.0,16070.0
Mouse_Thymus1,64_51,1,15319.0,16170.0
Mouse_Thymus1,64_52,1,15319.0,16270.0
Mouse_Thymus1,64_62,1,15319.0,17270.0
Mouse_Thymus1,64_63,1,15319.0,17370.0
Mouse_Thymus1,64_64,1,15319.0,17470.0
Mouse_Thymus1,64_65,1,15319.0,17570.0
Mouse_Thymus1,64_66,1,15319.0,17670.0
Mouse_Thymus1,64_67,1,15319.0,17770.0
Mouse_Thymus1,64_68,1,15319.0,17870.0
Mouse_Thymus1,64_69,1,15319.0,17970.0
Mouse_Thymus1,64_70,1,15319.0,18070.0
Mouse_Thymus1,65_43,1,15419.0,15370.0
Mouse_Thymus1,65_44,4,15419.0,15470.0
Mouse_Thymus1,65_45,1,15419.0,15570.0
Mouse_Thymus1,65_46,1,15419.0,15670.0
Mouse_Thymus1,65_47,1,15419.0,15770.0
Mouse_Thymus1,65_48,1,15419.0,15870.0
Mouse_Thymus1,65_49,1,15419.0,15970.0
Mouse_Thymus1,65_50,1,15419.0,16070.0
Mouse_Thymus1,65_51,1,15419.0,16170.0
Mouse_Thymus1,65_52,4,15419.0,16270.0
Mouse_Thymus1,65_53,4,15419.0,16370.0
Mouse_Thymus1,65_58,1,15419.0,16870.0
Mouse_Thymus1,65_62,1,15419.0,17270.0
Mouse_Thymus1,65_63,1,15419.0,17370.0
Mouse_Thymus1,65_64,1,15419.0,17470.0
Mouse_Thymus1,65_65,4,15419.0,17570.0
Mouse_Thymus1,65_66,1,15419.0,17670.0
Mouse_Thymus1,65_67,1,15419.0,17770.0
Mouse_Thymus1,65_68,1,15419.0,17870.0
Mouse_Thymus1,65_69,1,15419.0,17970.0
Mouse_Thymus1,66_42,1,15519.0,15270.0
Mouse_Thymus1,66_43,1,15519.0,15370.0
Mouse_Thymus1,66_44,1,15519.0,15470.0
Mouse_Thymus1,66_45,1,15519.0,15570.0
Mouse_Thymus1,66_46,1,15519.0,15670.0
Mouse_Thymus1,66_47,1,15519.0,15770.0
Mouse_Thymus1,66_48,1,15519.0,15870.0
Mouse_Thymus1,66_49,1,15519.0,15970.0
Mouse_Thymus1,66_50,4,15519.0,16070.0
Mouse_Thymus1,66_51,1,15519.0,16170.0
Mouse_Thymus1,66_52,1,15519.0,16270.0
Mouse_Thymus1,66_53,1,15519.0,16370.0
Mouse_Thymus1,66_54,1,15519.0,16470.0
Mouse_Thymus1,66_57,1,15519.0,16770.0
Mouse_Thymus1,66_58,1,15519.0,16870.0
Mouse_Thymus1,66_62,1,15519.0,17270.0
Mouse_Thymus1,66_63,1,15519.0,17370.0
Mouse_Thymus1,66_64,1,15519.0,17470.0
Mouse_Thymus1,66_65,1,15519.0,17570.0
Mouse_Thymus1,66_66,4,15519.0,17670.0
Mouse_Thymus1,66_67,1,15519.0,17770.0
Mouse_Thymus1,66_68,1,15519.0,17870.0
Mouse_Thymus1,66_69,4,15519.0,17970.0
Mouse_Thymus1,67_41,1,15619.0,15170.0
Mouse_Thymus1,67_42,1,15619.0,15270.0
Mouse_Thymus1,67_43,1,15619.0,15370.0
Mouse_Thymus1,67_44,1,15619.0,15470.0
Mouse_Thymus1,67_45,4,15619.0,15570.0
Mouse_Thymus1,67_46,1,15619.0,15670.0
Mouse_Thymus1,67_47,1,15619.0,15770.0
Mouse_Thymus1,67_48,1,15619.0,15870.0
Mouse_Thymus1,67_49,1,15619.0,15970.0
Mouse_Thymus1,67_50,1,15619.0,16070.0
Mouse_Thymus1,67_51,1,15619.0,16170.0
Mouse_Thymus1,67_52,1,15619.0,16270.0
Mouse_Thymus1,67_53,1,15619.0,16370.0
Mouse_Thymus1,67_54,4,15619.0,16470.0
Mouse_Thymus1,67_57,1,15619.0,16770.0
Mouse_Thymus1,67_62,1,15619.0,17270.0
Mouse_Thymus1,67_63,1,15619.0,17370.0
Mouse_Thymus1,67_64,4,15619.0,17470.0
Mouse_Thymus1,67_65,1,15619.0,17570.0
Mouse_Thymus1,67_66,1,15619.0,17670.0
Mouse_Thymus1,67_67,1,15619.0,17770.0
Mouse_Thymus1,67_68,1,15619.0,17870.0
Mouse_Thymus1,67_69,1,15619.0,17970.0
Mouse_Thymus1,68_40,1,15719.0,15070.0
Mouse_Thymus1,68_41,1,15719.0,15170.0
Mouse_Thymus1,68_42,1,15719.0,15270.0
Mouse_Thymus1,68_43,1,15719.0,15370.0
Mouse_Thymus1,68_44,1,15719.0,15470.0
Mouse_Thymus1,68_45,1,15719.0,15570.0
Mouse_Thymus1,68_46,1,15719.0,15670.0
Mouse_Thymus1,68_47,1,15719.0,15770.0
Mouse_Thymus1,68_48,1,15719.0,15870.0
Mouse_Thymus1,68_49,1,15719.0,15970.0
Mouse_Thymus1,68_50,1,15719.0,16070.0
Mouse_Thymus1,68_51,4,15719.0,16170.0
Mouse_Thymus1,68_52,4,15719.0,16270.0
Mouse_Thymus1,68_53,1,15719.0,16370.0
Mouse_Thymus1,68_54,1,15719.0,16470.0
Mouse_Thymus1,68_55,1,15719.0,16570.0
Mouse_Thymus1,68_60,1,15719.0,17070.0
Mouse_Thymus1,68_61,1,15719.0,17170.0
Mouse_Thymus1,68_62,1,15719.0,17270.0
Mouse_Thymus1,68_63,1,15719.0,17370.0
Mouse_Thymus1,68_64,1,15719.0,17470.0
Mouse_Thymus1,68_65,1,15719.0,17570.0
Mouse_Thymus1,69_40,1,15819.0,15070.0
Mouse_Thymus1,69_41,1,15819.0,15170.0
Mouse_Thymus1,69_42,4,15819.0,15270.0
Mouse_Thymus1,69_43,1,15819.0,15370.0
Mouse_Thymus1,69_44,4,15819.0,15470.0
Mouse_Thymus1,69_45,4,15819.0,15570.0
Mouse_Thymus1,69_46,1,15819.0,15670.0
Mouse_Thymus1,69_47,4,15819.0,15770.0
Mouse_Thymus1,69_48,1,15819.0,15870.0
Mouse_Thymus1,69_49,1,15819.0,15970.0
Mouse_Thymus1,69_50,4,15819.0,16070.0
Mouse_Thymus1,69_51,1,15819.0,16170.0
Mouse_Thymus1,69_52,1,15819.0,16270.0
Mouse_Thymus1,69_53,1,15819.0,16370.0
Mouse_Thymus1,69_54,4,15819.0,16470.0
Mouse_Thymus1,69_55,1,15819.0,16570.0
Mouse_Thymus1,69_59,1,15819.0,16970.0
Mouse_Thymus1,69_60,1,15819.0,17070.0
Mouse_Thymus1,69_61,1,15819.0,17170.0
Mouse_Thymus1,69_62,1,15819.0,17270.0
Mouse_Thymus1,69_63,1,15819.0,17370.0
Mouse_Thymus1,69_64,1,15819.0,17470.0
Mouse_Thymus1,6_10,1,9519.0,12070.0
Mouse_Thymus1,6_11,1,9519.0,12170.0
Mouse_Thymus1,6_12,1,9519.0,12270.0
Mouse_Thymus1,6_13,1,9519.0,12370.0
Mouse_Thymus1,6_14,1,9519.0,12470.0
Mouse_Thymus1,6_15,1,9519.0,12570.0
Mouse_Thymus1,6_16,1,9519.0,12670.0
Mouse_Thymus1,6_17,1,9519.0,12770.0
Mouse_Thymus1,6_18,1,9519.0,12870.0
Mouse_Thymus1,6_19,1,9519.0,12970.0
Mouse_Thymus1,6_20,1,9519.0,13070.0
Mouse_Thymus1,6_21,1,9519.0,13170.0
Mouse_Thymus1,6_22,1,9519.0,13270.0
Mouse_Thymus1,6_23,1,9519.0,13370.0
Mouse_Thymus1,6_24,1,9519.0,13470.0
Mouse_Thymus1,6_25,4,9519.0,13570.0
Mouse_Thymus1,6_26,4,9519.0,13670.0
Mouse_Thymus1,6_27,1,9519.0,13770.0
Mouse_Thymus1,6_28,1,9519.0,13870.0
Mouse_Thymus1,6_29,1,9519.0,13970.0
Mouse_Thymus1,6_30,1,9519.0,14070.0
Mouse_Thymus1,6_31,4,9519.0,14170.0
Mouse_Thymus1,6_32,1,9519.0,14270.0
Mouse_Thymus1,6_33,1,9519.0,14370.0
Mouse_Thymus1,6_34,4,9519.0,14470.0
Mouse_Thymus1,6_35,1,9519.0,14570.0
Mouse_Thymus1,6_36,4,9519.0,14670.0
Mouse_Thymus1,6_37,1,9519.0,14770.0
Mouse_Thymus1,6_38,1,9519.0,14870.0
Mouse_Thymus1,6_39,4,9519.0,14970.0
Mouse_Thymus1,6_40,1,9519.0,15070.0
Mouse_Thymus1,6_41,4,9519.0,15170.0
Mouse_Thymus1,6_42,1,9519.0,15270.0
Mouse_Thymus1,6_43,1,9519.0,15370.0
Mouse_Thymus1,6_44,1,9519.0,15470.0
Mouse_Thymus1,6_45,1,9519.0,15570.0
Mouse_Thymus1,6_46,1,9519.0,15670.0
Mouse_Thymus1,6_47,1,9519.0,15770.0
Mouse_Thymus1,6_48,1,9519.0,15870.0
Mouse_Thymus1,6_49,1,9519.0,15970.0
Mouse_Thymus1,6_50,1,9519.0,16070.0
Mouse_Thymus1,6_51,1,9519.0,16170.0
Mouse_Thymus1,6_52,4,9519.0,16270.0
Mouse_Thymus1,6_53,1,9519.0,16370.0
Mouse_Thymus1,6_54,1,9519.0,16470.0
Mouse_Thymus1,6_55,1,9519.0,16570.0
Mouse_Thymus1,6_56,1,9519.0,16670.0
Mouse_Thymus1,6_57,1,9519.0,16770.0
Mouse_Thymus1,6_58,1,9519.0,16870.0
Mouse_Thymus1,6_59,1,9519.0,16970.0
Mouse_Thymus1,6_60,4,9519.0,17070.0
Mouse_Thymus1,6_61,1,9519.0,17170.0
Mouse_Thymus1,6_62,4,9519.0,17270.0
Mouse_Thymus1,6_63,4,9519.0,17370.0
Mouse_Thymus1,6_64,1,9519.0,17470.0
Mouse_Thymus1,6_65,1,9519.0,17570.0
Mouse_Thymus1,6_66,1,9519.0,17670.0
Mouse_Thymus1,6_67,1,9519.0,17770.0
Mouse_Thymus1,6_68,1,9519.0,17870.0
Mouse_Thymus1,6_69,1,9519.0,17970.0
Mouse_Thymus1,6_70,1,9519.0,18070.0
Mouse_Thymus1,6_71,1,9519.0,18170.0
Mouse_Thymus1,6_72,1,9519.0,18270.0
Mouse_Thymus1,6_8,1,9519.0,11870.0
Mouse_Thymus1,6_9,1,9519.0,11970.0
Mouse_Thymus1,70_39,1,15919.0,14970.0
Mouse_Thymus1,70_40,1,15919.0,15070.0
Mouse_Thymus1,70_41,1,15919.0,15170.0
Mouse_Thymus1,70_42,1,15919.0,15270.0
Mouse_Thymus1,70_43,1,15919.0,15370.0
Mouse_Thymus1,70_44,1,15919.0,15470.0
Mouse_Thymus1,70_45,1,15919.0,15570.0
Mouse_Thymus1,70_46,1,15919.0,15670.0
Mouse_Thymus1,70_47,1,15919.0,15770.0
Mouse_Thymus1,70_48,4,15919.0,15870.0
Mouse_Thymus1,70_49,1,15919.0,15970.0
Mouse_Thymus1,70_50,1,15919.0,16070.0
Mouse_Thymus1,70_51,1,15919.0,16170.0
Mouse_Thymus1,70_52,1,15919.0,16270.0
Mouse_Thymus1,70_53,1,15919.0,16370.0
Mouse_Thymus1,70_54,4,15919.0,16470.0
Mouse_Thymus1,70_55,1,15919.0,16570.0
Mouse_Thymus1,70_58,1,15919.0,16870.0
Mouse_Thymus1,70_59,1,15919.0,16970.0
Mouse_Thymus1,70_60,1,15919.0,17070.0
Mouse_Thymus1,70_61,1,15919.0,17170.0
Mouse_Thymus1,70_62,1,15919.0,17270.0
Mouse_Thymus1,70_63,1,15919.0,17370.0
Mouse_Thymus1,70_64,1,15919.0,17470.0
Mouse_Thymus1,71_39,1,16019.0,14970.0
Mouse_Thymus1,71_40,1,16019.0,15070.0
Mouse_Thymus1,71_41,1,16019.0,15170.0
Mouse_Thymus1,71_42,1,16019.0,15270.0
Mouse_Thymus1,71_43,1,16019.0,15370.0
Mouse_Thymus1,71_44,1,16019.0,15470.0
Mouse_Thymus1,71_45,1,16019.0,15570.0
Mouse_Thymus1,71_46,1,16019.0,15670.0
Mouse_Thymus1,71_47,1,16019.0,15770.0
Mouse_Thymus1,71_48,1,16019.0,15870.0
Mouse_Thymus1,71_49,1,16019.0,15970.0
Mouse_Thymus1,71_50,4,16019.0,16070.0
Mouse_Thymus1,71_51,1,16019.0,16170.0
Mouse_Thymus1,71_52,1,16019.0,16270.0
Mouse_Thymus1,71_53,1,16019.0,16370.0
Mouse_Thymus1,71_54,1,16019.0,16470.0
Mouse_Thymus1,71_55,1,16019.0,16570.0
Mouse_Thymus1,71_56,1,16019.0,16670.0
Mouse_Thymus1,71_57,4,16019.0,16770.0
Mouse_Thymus1,71_58,1,16019.0,16870.0
Mouse_Thymus1,71_59,1,16019.0,16970.0
Mouse_Thymus1,71_60,1,16019.0,17070.0
Mouse_Thymus1,72_38,1,16119.0,14870.0
Mouse_Thymus1,72_39,1,16119.0,14970.0
Mouse_Thymus1,72_40,1,16119.0,15070.0
Mouse_Thymus1,72_41,4,16119.0,15170.0
Mouse_Thymus1,72_42,1,16119.0,15270.0
Mouse_Thymus1,72_43,1,16119.0,15370.0
Mouse_Thymus1,72_44,1,16119.0,15470.0
Mouse_Thymus1,72_45,1,16119.0,15570.0
Mouse_Thymus1,72_46,1,16119.0,15670.0
Mouse_Thymus1,72_47,1,16119.0,15770.0
Mouse_Thymus1,72_48,1,16119.0,15870.0
Mouse_Thymus1,72_49,4,16119.0,15970.0
Mouse_Thymus1,72_50,4,16119.0,16070.0
Mouse_Thymus1,72_51,4,16119.0,16170.0
Mouse_Thymus1,72_52,4,16119.0,16270.0
Mouse_Thymus1,72_53,1,16119.0,16370.0
Mouse_Thymus1,72_54,1,16119.0,16470.0
Mouse_Thymus1,72_55,1,16119.0,16570.0
Mouse_Thymus1,72_56,1,16119.0,16670.0
Mouse_Thymus1,72_57,4,16119.0,16770.0
Mouse_Thymus1,72_58,1,16119.0,16870.0
Mouse_Thymus1,73_39,1,16219.0,14970.0
Mouse_Thymus1,73_40,1,16219.0,15070.0
Mouse_Thymus1,73_41,1,16219.0,15170.0
Mouse_Thymus1,73_42,1,16219.0,15270.0
Mouse_Thymus1,73_43,1,16219.0,15370.0
Mouse_Thymus1,73_44,1,16219.0,15470.0
Mouse_Thymus1,73_45,1,16219.0,15570.0
Mouse_Thymus1,73_46,1,16219.0,15670.0
Mouse_Thymus1,73_47,1,16219.0,15770.0
Mouse_Thymus1,73_48,4,16219.0,15870.0
Mouse_Thymus1,73_49,1,16219.0,15970.0
Mouse_Thymus1,73_50,1,16219.0,16070.0
Mouse_Thymus1,73_51,1,16219.0,16170.0
Mouse_Thymus1,73_52,1,16219.0,16270.0
Mouse_Thymus1,73_53,1,16219.0,16370.0
Mouse_Thymus1,73_54,1,16219.0,16470.0
Mouse_Thymus1,73_55,1,16219.0,16570.0
Mouse_Thymus1,73_56,1,16219.0,16670.0
Mouse_Thymus1,73_57,1,16219.0,16770.0
Mouse_Thymus1,74_39,1,16319.0,14970.0
Mouse_Thymus1,74_40,1,16319.0,15070.0
Mouse_Thymus1,74_41,1,16319.0,15170.0
Mouse_Thymus1,74_42,1,16319.0,15270.0
Mouse_Thymus1,74_43,1,16319.0,15370.0
Mouse_Thymus1,74_44,1,16319.0,15470.0
Mouse_Thymus1,74_45,1,16319.0,15570.0
Mouse_Thymus1,74_46,1,16319.0,15670.0
Mouse_Thymus1,74_47,4,16319.0,15770.0
Mouse_Thymus1,74_48,1,16319.0,15870.0
Mouse_Thymus1,74_49,1,16319.0,15970.0
Mouse_Thymus1,74_50,1,16319.0,16070.0
Mouse_Thymus1,74_51,1,16319.0,16170.0
Mouse_Thymus1,74_52,4,16319.0,16270.0
Mouse_Thymus1,74_53,1,16319.0,16370.0
Mouse_Thymus1,74_54,1,16319.0,16470.0
Mouse_Thymus1,74_55,1,16319.0,16570.0
Mouse_Thymus1,74_56,2,16319.0,16670.0
Mouse_Thymus1,74_57,1,16319.0,16770.0
Mouse_Thymus1,75_39,1,16419.0,14970.0
Mouse_Thymus1,75_40,1,16419.0,15070.0
Mouse_Thymus1,75_41,1,16419.0,15170.0
Mouse_Thymus1,75_42,1,16419.0,15270.0
Mouse_Thymus1,75_43,4,16419.0,15370.0
Mouse_Thymus1,75_44,1,16419.0,15470.0
Mouse_Thymus1,75_45,1,16419.0,15570.0
Mouse_Thymus1,75_46,1,16419.0,15670.0
Mouse_Thymus1,75_47,4,16419.0,15770.0
Mouse_Thymus1,75_48,1,16419.0,15870.0
Mouse_Thymus1,75_49,1,16419.0,15970.0
Mouse_Thymus1,75_50,1,16419.0,16070.0
Mouse_Thymus1,75_51,1,16419.0,16170.0
Mouse_Thymus1,75_52,1,16419.0,16270.0
Mouse_Thymus1,75_53,1,16419.0,16370.0
Mouse_Thymus1,75_54,1,16419.0,16470.0
Mouse_Thymus1,75_55,1,16419.0,16570.0
Mouse_Thymus1,75_56,1,16419.0,16670.0
Mouse_Thymus1,76_39,1,16519.0,14970.0
Mouse_Thymus1,76_40,1,16519.0,15070.0
Mouse_Thymus1,76_41,1,16519.0,15170.0
Mouse_Thymus1,76_42,1,16519.0,15270.0
Mouse_Thymus1,76_43,1,16519.0,15370.0
Mouse_Thymus1,76_44,1,16519.0,15470.0
Mouse_Thymus1,76_45,1,16519.0,15570.0
Mouse_Thymus1,76_46,1,16519.0,15670.0
Mouse_Thymus1,76_47,1,16519.0,15770.0
Mouse_Thymus1,76_48,1,16519.0,15870.0
Mouse_Thymus1,76_49,1,16519.0,15970.0
Mouse_Thymus1,76_50,1,16519.0,16070.0
Mouse_Thymus1,76_51,1,16519.0,16170.0
Mouse_Thymus1,76_52,1,16519.0,16270.0
Mouse_Thymus1,76_53,1,16519.0,16370.0
Mouse_Thymus1,76_54,1,16519.0,16470.0
Mouse_Thymus1,76_55,1,16519.0,16570.0
Mouse_Thymus1,77_39,1,16619.0,14970.0
Mouse_Thymus1,77_40,1,16619.0,15070.0
Mouse_Thymus1,77_41,1,16619.0,15170.0
Mouse_Thymus1,77_42,4,16619.0,15270.0
Mouse_Thymus1,77_43,1,16619.0,15370.0
Mouse_Thymus1,77_44,1,16619.0,15470.0
Mouse_Thymus1,77_45,1,16619.0,15570.0
Mouse_Thymus1,77_46,1,16619.0,15670.0
Mouse_Thymus1,77_47,1,16619.0,15770.0
Mouse_Thymus1,77_48,1,16619.0,15870.0
Mouse_Thymus1,77_49,1,16619.0,15970.0
Mouse_Thymus1,77_50,1,16619.0,16070.0
Mouse_Thymus1,77_51,1,16619.0,16170.0
Mouse_Thymus1,77_52,1,16619.0,16270.0
Mouse_Thymus1,77_53,1,16619.0,16370.0
Mouse_Thymus1,77_54,1,16619.0,16470.0
Mouse_Thymus1,77_55,1,16619.0,16570.0
Mouse_Thymus1,78_40,1,16719.0,15070.0
Mouse_Thymus1,78_41,1,16719.0,15170.0
Mouse_Thymus1,78_42,1,16719.0,15270.0
Mouse_Thymus1,78_43,4,16719.0,15370.0
Mouse_Thymus1,78_44,1,16719.0,15470.0
Mouse_Thymus1,78_45,1,16719.0,15570.0
Mouse_Thymus1,78_46,1,16719.0,15670.0
Mouse_Thymus1,78_47,1,16719.0,15770.0
Mouse_Thymus1,78_48,1,16719.0,15870.0
Mouse_Thymus1,78_49,1,16719.0,15970.0
Mouse_Thymus1,78_50,1,16719.0,16070.0
Mouse_Thymus1,78_51,1,16719.0,16170.0
Mouse_Thymus1,78_52,1,16719.0,16270.0
Mouse_Thymus1,78_53,1,16719.0,16370.0
Mouse_Thymus1,78_54,1,16719.0,16470.0
Mouse_Thymus1,78_55,1,16719.0,16570.0
Mouse_Thymus1,79_40,1,16819.0,15070.0
Mouse_Thymus1,79_41,4,16819.0,15170.0
Mouse_Thymus1,79_42,1,16819.0,15270.0
Mouse_Thymus1,79_43,1,16819.0,15370.0
Mouse_Thymus1,79_44,1,16819.0,15470.0
Mouse_Thymus1,79_45,1,16819.0,15570.0
Mouse_Thymus1,79_46,1,16819.0,15670.0
Mouse_Thymus1,79_47,1,16819.0,15770.0
Mouse_Thymus1,79_48,1,16819.0,15870.0
Mouse_Thymus1,79_49,1,16819.0,15970.0
Mouse_Thymus1,79_50,1,16819.0,16070.0
Mouse_Thymus1,79_51,1,16819.0,16170.0
Mouse_Thymus1,79_52,1,16819.0,16270.0
Mouse_Thymus1,79_53,1,16819.0,16370.0
Mouse_Thymus1,7_10,1,9619.0,12070.0
Mouse_Thymus1,7_11,1,9619.0,12170.0
Mouse_Thymus1,7_12,4,9619.0,12270.0
Mouse_Thymus1,7_13,1,9619.0,12370.0
Mouse_Thymus1,7_14,1,9619.0,12470.0
Mouse_Thymus1,7_15,1,9619.0,12570.0
Mouse_Thymus1,7_16,1,9619.0,12670.0
Mouse_Thymus1,7_17,1,9619.0,12770.0
Mouse_Thymus1,7_18,1,9619.0,12870.0
Mouse_Thymus1,7_19,1,9619.0,12970.0
Mouse_Thymus1,7_20,1,9619.0,13070.0
Mouse_Thymus1,7_21,1,9619.0,13170.0
Mouse_Thymus1,7_22,1,9619.0,13270.0
Mouse_Thymus1,7_23,1,9619.0,13370.0
Mouse_Thymus1,7_24,1,9619.0,13470.0
Mouse_Thymus1,7_25,1,9619.0,13570.0
Mouse_Thymus1,7_26,1,9619.0,13670.0
Mouse_Thymus1,7_27,1,9619.0,13770.0
Mouse_Thymus1,7_28,1,9619.0,13870.0
Mouse_Thymus1,7_29,1,9619.0,13970.0
Mouse_Thymus1,7_30,1,9619.0,14070.0
Mouse_Thymus1,7_31,1,9619.0,14170.0
Mouse_Thymus1,7_32,1,9619.0,14270.0
Mouse_Thymus1,7_33,4,9619.0,14370.0
Mouse_Thymus1,7_34,1,9619.0,14470.0
Mouse_Thymus1,7_35,1,9619.0,14570.0
Mouse_Thymus1,7_36,1,9619.0,14670.0
Mouse_Thymus1,7_37,1,9619.0,14770.0
Mouse_Thymus1,7_38,1,9619.0,14870.0
Mouse_Thymus1,7_39,1,9619.0,14970.0
Mouse_Thymus1,7_40,4,9619.0,15070.0
Mouse_Thymus1,7_41,1,9619.0,15170.0
Mouse_Thymus1,7_42,1,9619.0,15270.0
Mouse_Thymus1,7_43,1,9619.0,15370.0
Mouse_Thymus1,7_44,0,9619.0,15470.0
Mouse_Thymus1,7_45,1,9619.0,15570.0
Mouse_Thymus1,7_46,4,9619.0,15670.0
Mouse_Thymus1,7_47,1,9619.0,15770.0
Mouse_Thymus1,7_48,1,9619.0,15870.0
Mouse_Thymus1,7_49,1,9619.0,15970.0
Mouse_Thymus1,7_50,1,9619.0,16070.0
Mouse_Thymus1,7_51,1,9619.0,16170.0
Mouse_Thymus1,7_52,1,9619.0,16270.0
Mouse_Thymus1,7_53,1,9619.0,16370.0
Mouse_Thymus1,7_54,1,9619.0,16470.0
Mouse_Thymus1,7_55,1,9619.0,16570.0
Mouse_Thymus1,7_56,1,9619.0,16670.0
Mouse_Thymus1,7_57,1,9619.0,16770.0
Mouse_Thymus1,7_58,1,9619.0,16870.0
Mouse_Thymus1,7_59,1,9619.0,16970.0
Mouse_Thymus1,7_60,1,9619.0,17070.0
Mouse_Thymus1,7_61,4,9619.0,17170.0
Mouse_Thymus1,7_62,1,9619.0,17270.0
Mouse_Thymus1,7_63,1,9619.0,17370.0
Mouse_Thymus1,7_64,1,9619.0,17470.0
Mouse_Thymus1,7_65,1,9619.0,17570.0
Mouse_Thymus1,7_66,1,9619.0,17670.0
Mouse_Thymus1,7_67,1,9619.0,17770.0
Mouse_Thymus1,7_68,4,9619.0,17870.0
Mouse_Thymus1,7_69,1,9619.0,17970.0
Mouse_Thymus1,7_70,1,9619.0,18070.0
Mouse_Thymus1,7_71,1,9619.0,18170.0
Mouse_Thymus1,7_72,1,9619.0,18270.0
Mouse_Thymus1,7_73,1,9619.0,18370.0
Mouse_Thymus1,7_8,1,9619.0,11870.0
Mouse_Thymus1,7_9,1,9619.0,11970.0
Mouse_Thymus1,80_40,1,16919.0,15070.0
Mouse_Thymus1,80_41,1,16919.0,15170.0
Mouse_Thymus1,80_42,1,16919.0,15270.0
Mouse_Thymus1,80_43,1,16919.0,15370.0
Mouse_Thymus1,80_44,1,16919.0,15470.0
Mouse_Thymus1,80_45,1,16919.0,15570.0
Mouse_Thymus1,80_46,1,16919.0,15670.0
Mouse_Thymus1,80_47,1,16919.0,15770.0
Mouse_Thymus1,80_48,1,16919.0,15870.0
Mouse_Thymus1,80_49,1,16919.0,15970.0
Mouse_Thymus1,80_50,1,16919.0,16070.0
Mouse_Thymus1,80_51,1,16919.0,16170.0
Mouse_Thymus1,81_44,1,17019.0,15470.0
Mouse_Thymus1,81_45,1,17019.0,15570.0
Mouse_Thymus1,81_46,1,17019.0,15670.0
Mouse_Thymus1,81_47,1,17019.0,15770.0
Mouse_Thymus1,81_48,1,17019.0,15870.0
Mouse_Thymus1,81_49,1,17019.0,15970.0
Mouse_Thymus1,8_10,1,9719.0,12070.0
Mouse_Thymus1,8_11,1,9719.0,12170.0
Mouse_Thymus1,8_12,1,9719.0,12270.0
Mouse_Thymus1,8_13,1,9719.0,12370.0
Mouse_Thymus1,8_14,1,9719.0,12470.0
Mouse_Thymus1,8_15,1,9719.0,12570.0
Mouse_Thymus1,8_16,1,9719.0,12670.0
Mouse_Thymus1,8_17,1,9719.0,12770.0
Mouse_Thymus1,8_18,1,9719.0,12870.0
Mouse_Thymus1,8_19,1,9719.0,12970.0
Mouse_Thymus1,8_20,1,9719.0,13070.0
Mouse_Thymus1,8_21,1,9719.0,13170.0
Mouse_Thymus1,8_22,4,9719.0,13270.0
Mouse_Thymus1,8_23,4,9719.0,13370.0
Mouse_Thymus1,8_24,1,9719.0,13470.0
Mouse_Thymus1,8_25,1,9719.0,13570.0
Mouse_Thymus1,8_26,1,9719.0,13670.0
Mouse_Thymus1,8_27,1,9719.0,13770.0
Mouse_Thymus1,8_28,1,9719.0,13870.0
Mouse_Thymus1,8_29,1,9719.0,13970.0
Mouse_Thymus1,8_30,1,9719.0,14070.0
Mouse_Thymus1,8_31,1,9719.0,14170.0
Mouse_Thymus1,8_32,1,9719.0,14270.0
Mouse_Thymus1,8_33,1,9719.0,14370.0
Mouse_Thymus1,8_34,1,9719.0,14470.0
Mouse_Thymus1,8_35,1,9719.0,14570.0
Mouse_Thymus1,8_36,1,9719.0,14670.0
Mouse_Thymus1,8_37,1,9719.0,14770.0
Mouse_Thymus1,8_38,1,9719.0,14870.0
Mouse_Thymus1,8_39,1,9719.0,14970.0
Mouse_Thymus1,8_40,1,9719.0,15070.0
Mouse_Thymus1,8_41,1,9719.0,15170.0
Mouse_Thymus1,8_42,1,9719.0,15270.0
Mouse_Thymus1,8_43,1,9719.0,15370.0
Mouse_Thymus1,8_44,1,9719.0,15470.0
Mouse_Thymus1,8_45,1,9719.0,15570.0
Mouse_Thymus1,8_46,1,9719.0,15670.0
Mouse_Thymus1,8_47,1,9719.0,15770.0
Mouse_Thymus1,8_48,1,9719.0,15870.0
Mouse_Thymus1,8_49,4,9719.0,15970.0
Mouse_Thymus1,8_50,1,9719.0,16070.0
Mouse_Thymus1,8_51,1,9719.0,16170.0
Mouse_Thymus1,8_52,4,9719.0,16270.0
Mouse_Thymus1,8_53,1,9719.0,16370.0
Mouse_Thymus1,8_54,1,9719.0,16470.0
Mouse_Thymus1,8_55,1,9719.0,16570.0
Mouse_Thymus1,8_56,1,9719.0,16670.0
Mouse_Thymus1,8_57,1,9719.0,16770.0
Mouse_Thymus1,8_58,1,9719.0,16870.0
Mouse_Thymus1,8_59,1,9719.0,16970.0
Mouse_Thymus1,8_60,1,9719.0,17070.0
Mouse_Thymus1,8_61,4,9719.0,17170.0
Mouse_Thymus1,8_62,1,9719.0,17270.0
Mouse_Thymus1,8_63,1,9719.0,17370.0
Mouse_Thymus1,8_64,1,9719.0,17470.0
Mouse_Thymus1,8_65,1,9719.0,17570.0
Mouse_Thymus1,8_66,1,9719.0,17670.0
Mouse_Thymus1,8_67,1,9719.0,17770.0
Mouse_Thymus1,8_68,1,9719.0,17870.0
Mouse_Thymus1,8_69,1,9719.0,17970.0
Mouse_Thymus1,8_7,1,9719.0,11770.0
Mouse_Thymus1,8_70,1,9719.0,18070.0
Mouse_Thymus1,8_71,4,9719.0,18170.0
Mouse_Thymus1,8_72,1,9719.0,18270.0
Mouse_Thymus1,8_73,4,9719.0,18370.0
Mouse_Thymus1,8_74,1,9719.0,18470.0
Mouse_Thymus1,8_8,1,9719.0,11870.0
Mouse_Thymus1,8_9,1,9719.0,11970.0
Mouse_Thymus1,9_10,1,9819.0,12070.0
Mouse_Thymus1,9_11,1,9819.0,12170.0
Mouse_Thymus1,9_12,1,9819.0,12270.0
Mouse_Thymus1,9_13,1,9819.0,12370.0
Mouse_Thymus1,9_14,1,9819.0,12470.0
Mouse_Thymus1,9_15,1,9819.0,12570.0
Mouse_Thymus1,9_16,1,9819.0,12670.0
Mouse_Thymus1,9_17,1,9819.0,12770.0
Mouse_Thymus1,9_18,1,9819.0,12870.0
Mouse_Thymus1,9_19,1,9819.0,12970.0
Mouse_Thymus1,9_20,1,9819.0,13070.0
Mouse_Thymus1,9_21,1,9819.0,13170.0
Mouse_Thymus1,9_22,1,9819.0,13270.0
Mouse_Thymus1,9_23,1,9819.0,13370.0
Mouse_Thymus1,9_24,1,9819.0,13470.0
Mouse_Thymus1,9_25,4,9819.0,13570.0
Mouse_Thymus1,9_26,1,9819.0,13670.0
Mouse_Thymus1,9_27,1,9819.0,13770.0
Mouse_Thymus1,9_28,1,9819.0,13870.0
Mouse_Thymus1,9_29,1,9819.0,13970.0
Mouse_Thymus1,9_30,1,9819.0,14070.0
Mouse_Thymus1,9_31,1,9819.0,14170.0
Mouse_Thymus1,9_32,1,9819.0,14270.0
Mouse_Thymus1,9_33,1,9819.0,14370.0
Mouse_Thymus1,9_34,1,9819.0,14470.0
Mouse_Thymus1,9_35,1,9819.0,14570.0
Mouse_Thymus1,9_36,1,9819.0,14670.0
Mouse_Thymus1,9_37,1,9819.0,14770.0
Mouse_Thymus1,9_38,4,9819.0,14870.0
Mouse_Thymus1,9_39,1,9819.0,14970.0
Mouse_Thymus1,9_40,1,9819.0,15070.0
Mouse_Thymus1,9_41,1,9819.0,15170.0
Mouse_Thymus1,9_42,1,9819.0,15270.0
Mouse_Thymus1,9_43,1,9819.0,15370.0
Mouse_Thymus1,9_44,1,9819.0,15470.0
Mouse_Thymus1,9_45,1,9819.0,15570.0
Mouse_Thymus1,9_46,1,9819.0,15670.0
Mouse_Thymus1,9_47,1,9819.0,15770.0
Mouse_Thymus1,9_48,4,9819.0,15870.0
Mouse_Thymus1,9_49,1,9819.0,15970.0
Mouse_Thymus1,9_50,1,9819.0,16070.0
Mouse_Thymus1,9_51,4,9819.0,16170.0
Mouse_Thymus1,9_52,1,9819.0,16270.0
Mouse_Thymus1,9_53,4,9819.0,16370.0
Mouse_Thymus1,9_54,1,9819.0,16470.0
Mouse_Thymus1,9_55,1,9819.0,16570.0
Mouse_Thymus1,9_56,1,9819.0,16670.0
Mouse_Thymus1,9_57,1,9819.0,16770.0
Mouse_Thymus1,9_58,1,9819.0,16870.0
Mouse_Thymus1,9_59,1,9819.0,16970.0
Mouse_Thymus1,9_6,1,9819.0,11670.0
Mouse_Thymus1,9_60,1,9819.0,17070.0
Mouse_Thymus1,9_61,1,9819.0,17170.0
Mouse_Thymus1,9_62,4,9819.0,17270.0
Mouse_Thymus1,9_63,1,9819.0,17370.0
Mouse_Thymus1,9_64,1,9819.0,17470.0
Mouse_Thymus1,9_65,1,9819.0,17570.0
Mouse_Thymus1,9_66,1,9819.0,17670.0
Mouse_Thymus1,9_67,1,9819.0,17770.0
Mouse_Thymus1,9_68,1,9819.0,17870.0
Mouse_Thymus1,9_69,1,9819.0,17970.0
Mouse_Thymus1,9_7,1,9819.0,11770.0
Mouse_Thymus1,9_70,1,9819.0,18070.0
Mouse_Thymus1,9_71,1,9819.0,18170.0
Mouse_Thymus1,9_72,1,9819.0,18270.0
Mouse_Thymus1,9_73,1,9819.0,18370.0
Mouse_Thymus1,9_74,1,9819.0,18470.0
Mouse_Thymus1,9_75,1,9819.0,18570.0
Mouse_Thymus1,9_8,1,9819.0,11870.0
Mouse_Thymus1,9_9,1,9819.0,11970.0
