row_index,selected_spot_index,obs_name,cluster,x,y
0,0,AACACTTGGCAAGGAA-1,9,47.0,71.0
1,1,AACAGGATTCATAGTT-1,6,49.0,43.0
2,2,AACAGGTTATTGCACC-1,6,28.0,86.0
3,3,AACAGGTTCACCGAAG-1,8,51.0,41.0
4,4,AACAGTCAGGCTCCGC-1,4,24.0,6.0
5,5,AACAGTCCACGCGGTG-1,5,12.0,10.0
6,6,AACATACTCATATGCG-1,8,50.0,6.0
7,7,AACATAGTCTATCTAC-1,0,58.0,26.0
8,8,AACATCTAATGACCGG-1,3,67.0,55.0
9,9,AACATCTTAAGGCTCA-1,1,16.0,8.0
10,10,AACATGCGCAAGTGAG-1,7,67.0,21.0
11,11,AACCAAGGTATCAGGC-1,9,38.0,104.0
12,12,AACCAATCTGGTTGGC-1,4,52.0,18.0
13,13,AACCACTAACATGATT-1,3,59.0,15.0
14,14,AACCACTGCCATAGCC-1,6,29.0,49.0
15,15,AACCAGAATCAGACGT-1,1,59.0,77.0
16,16,AACCATCGGAAGCGAC-1,2,67.0,19.0
17,17,AACCGCCAGACTACTT-1,1,39.0,45.0
18,18,AACCGTGCTTATGTTG-1,0,68.0,72.0
19,19,AACCTAAGATACTGAG-1,3,54.0,98.0
20,20,AACCTACAGAGGTAGT-1,9,30.0,108.0
21,21,AACCTACCTACCGGTT-1,7,10.0,2.0
22,22,AACCTACTGTAACTCA-1,8,35.0,17.0
23,23,AACCTGACAGTGCCGC-1,2,14.0,82.0
24,24,AACCTTAGCGTCCGGT-1,3,64.0,58.0
25,25,AACGAAGCGTGGAAGT-1,4,21.0,75.0
26,26,AACGAATTGACCGGTT-1,9,35.0,39.0
27,27,AACGACATTAAGATGG-1,2,7.0,39.0
28,28,AACGAGCCTCTTCGGC-1,1,38.0,12.0
29,29,AACGAGCTAATAACTA-1,5,27.0,101.0
30,30,AACGCACTGGTGCTCG-1,4,7.0,27.0
31,31,AACGGCACAGAATATT-1,1,14.0,24.0
32,32,AACGGTAATCGACCTG-1,3,50.0,4.0
33,33,AACGTCGCGACAAGGT-1,1,18.0,12.0
34,34,AACTAGCACTGTTCGA-1,5,24.0,58.0
35,35,AACTAGCATCACGTAC-1,9,56.0,26.0
36,36,AACTAGCCTAATAGCA-1,2,7.0,53.0
37,37,AACTAGCCTTGCAATA-1,5,26.0,56.0
38,38,AACTAGGCCTGACACC-1,9,41.0,99.0
39,39,AACTATCGTCATAGTC-1,7,69.0,81.0
40,40,AACTATCTAGCAGTAT-1,4,14.0,52.0
41,41,AACTATGCTGCATTCG-1,8,60.0,44.0
42,42,AACTATGTGCTTGTTA-1,8,49.0,91.0
43,43,AACTATTCTGCGGCCT-1,5,36.0,110.0
44,44,AACTCAACCTTGACCA-1,9,39.0,79.0
45,45,AACTCAACTTGACAGC-1,9,53.0,41.0
46,46,AACTCACCGAACTTAT-1,1,19.0,71.0
47,47,AACTCACCTCGGTGTT-1,5,22.0,48.0
48,48,AACTCACGGAGTACGT-1,3,63.0,77.0
49,49,AACTCAGATCCATGCC-1,1,19.0,13.0
50,50,AACTGCAACGTCCTGG-1,9,42.0,100.0
51,51,AACTGCAATACGGATT-1,2,5.0,55.0
52,52,AACTGCCGGAGTAACA-1,7,67.0,25.0
53,53,AACTGCCTCGATAGGT-1,6,37.0,61.0
54,54,AACTGCGAACCTTACC-1,5,12.0,60.0
55,55,AACTGCGGTCCGAAGC-1,5,12.0,42.0
56,56,AACTGCTACCTCGATA-1,8,53.0,97.0
57,57,AACTTATGATACGTAC-1,3,66.0,26.0
58,58,AACTTCAAGGATAATC-1,4,60.0,70.0
59,59,AACTTCACAATAACTG-1,4,15.0,13.0
60,60,AACTTCAGATACTACC-1,8,51.0,83.0
61,61,AACTTCATCTTCTGGT-1,1,34.0,8.0
62,62,AACTTCGCTTAGTCAG-1,6,37.0,77.0
63,63,AACTTGCAACTTGGAC-1,4,32.0,26.0
64,64,AACTTGCTCGTAACCG-1,2,5.0,47.0
65,65,AACTTGGTTACATAAC-1,8,45.0,3.0
66,66,AAGAATTCTGGCTGCA-1,8,56.0,52.0
67,67,AAGACAATCTCCTGCA-1,8,60.0,54.0
68,68,AAGACTAAGGAGATCC-1,8,51.0,27.0
69,69,AAGACTCAAGGCTCCA-1,9,25.0,101.0
70,70,AAGACTGTCATAGTGC-1,1,34.0,46.0
71,71,AAGAGCAGATGTGCCA-1,5,18.0,40.0
72,72,AAGATAGGCTTGCTTA-1,8,66.0,80.0
73,73,AAGATATTGGACGTCC-1,0,66.0,74.0
74,74,AAGATCTGTAACTTGT-1,3,48.0,110.0
75,75,AAGATGCACTATACTT-1,2,6.0,54.0
76,76,AAGATGGCCGCTAGTT-1,3,62.0,34.0
77,77,AAGATTAGGCTGTCTA-1,1,13.0,25.0
78,78,AAGATTATCTAGCATA-1,3,28.0,70.0
79,79,AAGATTCTGGTCGCGA-1,5,20.0,0.0
80,80,AAGCAAGAGCGTGATC-1,4,10.0,20.0
81,81,AAGCACTCAGGAATGT-1,5,24.0,0.0
82,82,AAGCAGCGGACACGTG-1,9,39.0,71.0
83,83,AAGCAGTATCAGAATC-1,1,30.0,14.0
84,84,AAGCAGTGAGTGCGAC-1,1,46.0,28.0
85,85,AAGCAGTGGCATCACT-1,1,57.0,73.0
86,86,AAGCAGTGGCTCATCC-1,3,48.0,4.0
87,87,AAGCAGTGTAGAATCT-1,1,18.0,70.0
88,88,AAGCATCAAGCGTGAT-1,8,57.0,31.0
89,89,AAGCATTGAGTGGTTG-1,1,29.0,25.0
90,90,AAGCCACCATTCAAGA-1,5,50.0,12.0
91,91,AAGCCACTATGTCTAA-1,4,28.0,100.0
92,92,AAGCCAGATATCAGAA-1,3,64.0,26.0
93,93,AAGCCAGGCCGACGTG-1,3,34.0,60.0
94,94,AAGCCAGGCTGCTTGA-1,3,67.0,53.0
95,95,AAGCCAGGTTACGAAC-1,8,49.0,15.0
96,96,AAGCCATCCGTGCTAT-1,1,47.0,27.0
97,97,AAGCCATCGCGATATG-1,8,56.0,16.0
98,98,AAGCCATTATCTGCCA-1,4,52.0,32.0
99,99,AAGCGAGGAAGTGAAC-1,0,27.0,111.0
100,100,AAGCGTTCGTCTGTCC-1,6,16.0,66.0
101,101,AAGGACCAACATGGCT-1,5,10.0,42.0
102,102,AAGGAGGCACTCAATT-1,1,20.0,72.0
103,103,AAGGAGTGGCTACCAA-1,7,69.0,35.0
104,104,AAGGCAGTCTGATCAC-1,8,45.0,97.0
105,105,AAGGCATGAACAGCTC-1,1,15.0,55.0
106,106,AAGGCCAATTCAATAA-1,7,60.0,98.0
107,107,AAGGCCAGCAATCGCC-1,5,23.0,1.0
108,108,AAGGCCAGTCGCAATT-1,8,34.0,16.0
109,109,AAGGCCGACCTACCTG-1,9,45.0,73.0
110,110,AAGGCCGACTATGTAA-1,1,27.0,17.0
111,111,AAGGCCGATTCTGAGC-1,9,48.0,88.0
112,112,AAGGCGAACTAGTAGA-1,1,34.0,34.0
113,113,AAGGCGACGGTGTCGG-1,8,59.0,51.0
114,114,AAGGCGAGGTTCATGT-1,6,20.0,86.0
115,115,AAGGCGCCGACAATCT-1,0,70.0,48.0
116,116,AAGGTGGATATGATCG-1,8,50.0,20.0
117,117,AAGGTTGCTGAGTTGA-1,4,14.0,44.0
118,118,AAGTACTAAGGTTACG-1,8,62.0,54.0
119,119,AAGTACTACAGTAGAA-1,7,20.0,102.0
120,120,AAGTACTGGATGCGCA-1,1,50.0,70.0
121,121,AAGTCGCTATCCTGTC-1,1,28.0,28.0
122,122,AAGTCGGACACTTCAG-1,1,28.0,24.0
123,123,AAGTCTACCGGTTGGA-1,7,18.0,72.0
124,124,AAGTCTGTCAATTCTT-1,5,25.0,45.0
125,125,AAGTCTTAAGTTGCCA-1,3,33.0,61.0
126,126,AAGTGAGCCTGTTACA-1,9,58.0,94.0
127,127,AAGTGGACGAATCTAC-1,2,16.0,90.0
128,128,AAGTGGCGAAGTTAAT-1,6,41.0,83.0
129,129,AAGTGGCGAGTGTACA-1,1,23.0,75.0
130,130,AAGTGGTTCCTCGCGT-1,5,15.0,59.0
131,131,AAGTTAAGCACTATAA-1,6,34.0,28.0
132,132,AAGTTACTATTACATC-1,8,55.0,45.0
133,133,AAGTTCCTATTGCTGG-1,8,28.0,50.0
134,134,AATAACATGTGCTATG-1,6,50.0,38.0
135,135,AATAACATGTTACGTC-1,1,52.0,74.0
136,136,AATAACGTAACTGTGA-1,1,30.0,58.0
137,137,AATAACGTATTGAACA-1,3,68.0,42.0
138,138,AATAACTCTAATACAG-1,2,5.0,51.0
139,139,AATAACTCTACGATGT-1,5,18.0,56.0
140,140,AATAACTTCATACGGA-1,3,51.0,111.0
141,141,AATACGAGAACACTCG-1,7,35.0,117.0
142,142,AATACGCATATCCAGA-1,1,13.0,13.0
143,143,AATACGGTACGGCCTA-1,4,15.0,57.0
144,144,AATACGTAGACAGTTA-1,9,56.0,80.0
145,145,AATACTAACCACTTAT-1,4,48.0,24.0
146,146,AATAGATAGCCTAACC-1,6,28.0,30.0
147,147,AATAGCACGGAAGCGA-1,3,65.0,39.0
148,148,AATAGTATAGTTGTCG-1,9,40.0,74.0
149,149,AATAGTCGTTATCTAG-1,8,46.0,16.0
150,150,AATAGTGCTCATAGAA-1,8,29.0,79.0
151,151,AATAGTGGAAGAGCAT-1,8,55.0,61.0
152,152,AATAGTTGGTGCTCAG-1,5,35.0,85.0
153,153,AATATTAGGCTTCTGG-1,5,25.0,51.0
154,154,AATCCGCCGACCTGAG-1,6,60.0,58.0
155,155,AATCCGCCTGGTCAAT-1,9,33.0,47.0
156,156,AATCCGGAGCTTGTCT-1,1,31.0,11.0
157,157,AATCCTCGTCACAGGC-1,4,33.0,3.0
158,158,AATCGAACGGACGGAG-1,8,58.0,42.0
159,159,AATCGACTATCGCTAG-1,3,65.0,37.0
160,160,AATCTATCTAACCGAG-1,4,9.0,21.0
161,161,AATCTGCGAGACGTTC-1,1,17.0,9.0
162,162,AATCTGCGTTCCTTAC-1,1,22.0,2.0
163,163,AATCTTAGCCTCTGTC-1,3,66.0,56.0
164,164,AATGAACTACGTCCAG-1,8,61.0,23.0
165,165,AATGAAGACGGTTCAG-1,9,37.0,65.0
166,166,AATGAATCGGAAGGCA-1,8,46.0,90.0
167,167,AATGATCTTGACAGCG-1,0,42.0,116.0
168,168,AATGATTACAACCTAA-1,9,43.0,89.0
169,169,AATGCAATCACTGTCG-1,1,19.0,61.0
170,170,AATGCCGACGAGCAAC-1,3,65.0,77.0
171,171,AATGCCGCGATTGAGC-1,7,52.0,0.0
172,172,AATGCGAACCTCGCGT-1,0,46.0,0.0
173,173,AATGGACATCCTACTC-1,6,41.0,59.0
174,174,AATGGAGGACCTGGTG-1,5,41.0,105.0
175,175,AATGGCATAGTATCAT-1,4,31.0,71.0
176,176,AATGGTCGATACTCGG-1,6,10.0,52.0
177,177,AATGGTCTCGAGCGCT-1,6,26.0,8.0
178,178,AATGGTGCGTCCTAAC-1,5,32.0,108.0
179,179,AATGGTTATTCTAGCT-1,4,20.0,20.0
180,180,AATGTACTTAACATCA-1,3,60.0,86.0
181,181,AATGTAGTCTTACGAG-1,8,44.0,24.0
182,182,AATGTCAGGTCATTAC-1,5,30.0,78.0
183,183,AATTAGCAACCGTTCC-1,5,11.0,43.0
184,184,AATTAGCTTAGGTGTA-1,7,13.0,69.0
185,185,AATTATACCTCAATGA-1,7,72.0,46.0
186,186,AATTCTCAGACGCAAC-1,5,17.0,55.0
187,187,AATTCTCGCACCAGTA-1,6,27.0,89.0
188,188,AATTCTTGGATACGGA-1,8,59.0,53.0
189,189,AATTGCATTGAAGAAT-1,6,46.0,54.0
190,190,AATTGCGGTGCTAATA-1,1,26.0,24.0
191,191,AATTGCGTCAGACACT-1,1,24.0,22.0
192,192,AATTGGACGGCATCGT-1,5,22.0,34.0
193,193,AATTGGAGACATGGAG-1,1,17.0,43.0
194,194,AATTGGCTTGAGTTGC-1,8,53.0,53.0
195,195,AATTGGTTATGATACA-1,1,48.0,70.0
196,196,AATTGTAGAATCCTAG-1,8,60.0,56.0
197,197,ACAACCTTGGTGTCAA-1,2,8.0,56.0
198,198,ACAACGCCGATAGTAT-1,6,29.0,21.0
199,199,ACAACGTGAATTCACG-1,4,15.0,5.0
200,200,ACAACGTGGAGCTACT-1,3,65.0,81.0
201,201,ACAACTAAGGTGTTAT-1,1,25.0,47.0
202,202,ACAACTAAGTGGCGCT-1,3,52.0,104.0
203,203,ACAACTGTCGTGGATA-1,5,44.0,108.0
204,204,ACAATACACTTCCATC-1,4,13.0,27.0
205,205,ACAATACAGGCGCCGT-1,8,43.0,101.0
206,206,ACAATACGCCTTATTC-1,8,26.0,102.0
207,207,ACAATTGGTCGCGTAA-1,5,49.0,93.0
208,208,ACAGAATAAGAACCAT-1,3,54.0,100.0
209,209,ACAGAATAAGATAGTG-1,8,58.0,80.0
210,210,ACAGAATCCGTTGCTT-1,6,41.0,93.0
211,211,ACAGAATCTTGATAAG-1,8,52.0,58.0
212,212,ACAGAATGTCTTATTG-1,8,40.0,90.0
213,213,ACAGAATGTTGAGTCC-1,3,62.0,36.0
214,214,ACAGATCTGAAGTATC-1,4,31.0,1.0
215,215,ACAGCCAGGCATAAGC-1,5,20.0,76.0
216,216,ACAGGAACTACAGAAC-1,9,36.0,54.0
217,217,ACAGGACTGAGCCGAT-1,6,57.0,65.0
218,218,ACAGGATACCGGATTC-1,1,33.0,9.0
219,219,ACAGGCACGCGAGGAT-1,1,33.0,7.0
220,220,ACAGGCATTGAACCAT-1,2,9.0,63.0
221,221,ACAGGTTCAGTGAACG-1,8,43.0,49.0
222,222,ACAGTACGCACTACCT-1,5,44.0,10.0
223,223,ACATAAGCAATGCGGT-1,5,18.0,86.0
224,224,ACATCGCCACAAGAGG-1,5,18.0,58.0
225,225,ACATCGGCTTACAAGG-1,9,57.0,39.0
226,226,ACATCGTAGACAGGTT-1,1,36.0,20.0
227,227,ACATCGTCGGTCTACC-1,8,59.0,79.0
228,228,ACATCTATCCGAACCA-1,3,66.0,40.0
229,229,ACATCTCGACAACCAC-1,3,59.0,89.0
230,230,ACATCTCGCATAGAAT-1,2,7.0,51.0
231,231,ACATGGATGCGTAAGC-1,3,46.0,84.0
232,232,ACATGTTCCAGGACGT-1,9,55.0,55.0
233,233,ACATGTTGCTTGATCT-1,1,49.0,19.0
234,234,ACATTCCTGAGTTCCG-1,3,65.0,43.0
235,235,ACATTGAAGGCGGTGC-1,1,23.0,23.0
236,236,ACATTGAATACGCATA-1,3,63.0,45.0
237,237,ACATTGCAGTTCGGCA-1,3,68.0,40.0
238,238,ACATTGGTTCACAGTG-1,8,38.0,98.0
239,239,ACATTGGTTCTGCCGT-1,5,48.0,8.0
240,240,ACATTGTACATTCTTG-1,6,49.0,55.0
241,241,ACCAAGCACTTGCGCA-1,6,17.0,77.0
242,242,ACCAAGTGATGGTGAG-1,5,23.0,49.0
243,243,ACCAAGTGGCTGTATG-1,6,30.0,64.0
244,244,ACCAATGAGCCTCATC-1,6,58.0,70.0
245,245,ACCACGGATCCGGATA-1,7,71.0,37.0
246,246,ACCACGGCCTCGCACC-1,5,40.0,108.0
247,247,ACCAGTATGAAGTTCC-1,9,27.0,59.0
248,248,ACCATAACTCCTCGTA-1,7,15.0,79.0
249,249,ACCATCCGTTCGAGTG-1,3,65.0,35.0
250,250,ACCATTAGATCGTGGC-1,8,37.0,97.0
251,251,ACCGAAGATGTCGGCA-1,0,55.0,105.0
252,252,ACCGAAGCCGAATTAA-1,9,51.0,71.0
253,253,ACCGAGGTGATACCGA-1,9,52.0,20.0
254,254,ACCGGACGCCAAGCGT-1,4,19.0,41.0
255,255,ACCGGCACCATACTGC-1,6,27.0,47.0
256,256,ACCGGCACGTACGAAC-1,3,58.0,92.0
257,257,ACCGGCCTCAGGAGTT-1,5,34.0,110.0
258,258,ACCGGCTATCGTGCGG-1,8,24.0,86.0
259,259,ACCGTACACGACCGTC-1,8,28.0,74.0
260,260,ACCGTACTATCGGAGG-1,9,53.0,87.0
261,261,ACCGTAGGCGGAGGTT-1,6,14.0,66.0
262,262,ACCTAATGTTACCAAT-1,8,59.0,97.0
263,263,ACCTAATTGTCGCTGA-1,7,46.0,34.0
264,264,ACCTATAACGAACTAC-1,8,48.0,94.0
265,265,ACCTATGCTACCGGAT-1,5,45.0,13.0
266,266,ACCTCCACAGCTACGT-1,5,8.0,26.0
267,267,ACCTCCTAGAGGCATG-1,1,23.0,29.0
268,268,ACCTGCACTAGATGGC-1,2,5.0,31.0
269,269,ACCTGCCACTATCAAT-1,8,29.0,107.0
270,270,ACCTGCTTATAGTTCG-1,5,20.0,54.0
271,271,ACCTGCTTCCACATTG-1,5,25.0,1.0
272,272,ACCTGCTTGAGCCTGG-1,4,29.0,99.0
273,273,ACCTGCTTGCTACGAC-1,1,56.0,72.0
274,274,ACCTGTGGTCACCTCG-1,9,35.0,53.0
275,275,ACCTTCGGTGCTACGA-1,4,30.0,2.0
276,276,ACGAACATAGGATCGG-1,2,10.0,76.0
277,277,ACGAACGCACGAGCAC-1,1,38.0,94.0
278,278,ACGAAGCTCATCCTCG-1,5,13.0,59.0
279,279,ACGACAAGCACTTCAC-1,9,57.0,41.0
280,280,ACGACTGAAGACTTAC-1,8,32.0,48.0
281,281,ACGAGGACCTGCTAGT-1,9,43.0,111.0
282,282,ACGAGTGCGTGCGTTC-1,3,62.0,40.0
283,283,ACGATGACTATTAGAT-1,1,39.0,99.0
284,284,ACGATGCGAAGGAGCA-1,8,54.0,94.0
285,285,ACGATGCTCCAATACA-1,5,37.0,35.0
286,286,ACGATGTCGCACAATC-1,4,57.0,75.0
287,287,ACGATGTCGTTGCCAA-1,9,50.0,92.0
288,288,ACGATGTTACCTCATT-1,8,47.0,55.0
289,289,ACGCAACGAAGAGTAT-1,4,18.0,52.0
290,290,ACGCAACGTGTAATTG-1,4,36.0,2.0
291,291,ACGCAAGGCATAAGTC-1,1,21.0,27.0
292,292,ACGCAATAGTATACGA-1,5,14.0,50.0
293,293,ACGCACATTGTAAGTA-1,8,50.0,14.0
294,294,ACGCCGGCATCACTGG-1,5,32.0,90.0
295,295,ACGCGGAAGAGTTCCG-1,4,47.0,25.0
296,296,ACGCGTAGACTCAACT-1,2,8.0,58.0
297,297,ACGCGTCGGTGAGGTT-1,9,44.0,50.0
298,298,ACGCGTTCCAGCCTTC-1,4,16.0,16.0
299,299,ACGCGTTCGCGATCAT-1,1,22.0,6.0
300,300,ACGCTCAGTGCTATTC-1,5,45.0,25.0
301,301,ACGCTGCGATTAACGA-1,6,42.0,42.0
302,302,ACGGCCGGAACGCTAG-1,4,28.0,2.0
303,303,ACGGCCGTCAACGTAT-1,1,56.0,74.0
304,304,ACGGCCGTGACATTAA-1,8,66.0,66.0
305,305,ACGGCCTGGCTAAGTT-1,2,6.0,36.0
306,306,ACGGCCTTGCCAGAAC-1,3,42.0,114.0
307,307,ACGGCTATGGCATACC-1,9,56.0,54.0
308,308,ACGGCTTAACGATAGT-1,6,16.0,60.0
309,309,ACGGCTTACGTATGCC-1,7,16.0,74.0
310,310,ACGGCTTATTGGTATG-1,1,47.0,17.0
311,311,ACGGCTTCAGGTACCG-1,1,19.0,25.0
312,312,ACGGCTTCCATCGGAA-1,4,26.0,68.0
313,313,ACGGCTTGTTCAATCG-1,1,23.0,73.0
314,314,ACGGTCGGACAGGCGA-1,3,69.0,59.0
315,315,ACGGTGATAATGTTAC-1,4,31.0,7.0
316,316,ACGGTGTACGGTGCCA-1,5,24.0,26.0
317,317,ACGGTTACATCCGAAG-1,1,18.0,62.0
318,318,ACGGTTCACCTTCCGG-1,4,21.0,41.0
319,319,ACGGTTCGCAAGTAAC-1,8,60.0,48.0
320,320,ACGGTTCGTACAGTTG-1,5,35.0,47.0
321,321,ACGGTTCGTCCGACCG-1,4,19.0,67.0
322,322,ACGTCAGATTACTTCG-1,0,23.0,107.0
323,323,ACGTGCAATTATTCGG-1,8,36.0,16.0
324,324,ACGTTAATACAATGAC-1,9,46.0,48.0
325,325,ACGTTCACATGATCTG-1,7,46.0,116.0
326,326,ACGTTCACGACTAGGT-1,8,47.0,81.0
327,327,ACGTTCCATTACCTCA-1,2,17.0,97.0
328,328,ACGTTCGTCCGCCTAT-1,3,63.0,39.0
329,329,ACGTTCTATGCACGAC-1,1,29.0,39.0
330,330,ACGTTCTGCCATAATC-1,8,54.0,82.0
331,331,ACTAATAGTCAACATA-1,6,14.0,36.0
332,332,ACTAATCGGCCACCGA-1,5,38.0,2.0
333,333,ACTACAATGACCGTAA-1,4,12.0,18.0
334,334,ACTACGTCTAATGGCC-1,5,18.0,0.0
335,335,ACTAGATCTGAAGCGG-1,5,22.0,54.0
336,336,ACTATGAGGTTCTGTC-1,7,18.0,98.0
337,337,ACTATTACCAGGTGCT-1,8,67.0,71.0
338,338,ACTATTAGACAGGCTG-1,6,25.0,83.0
339,339,ACTATTGCGAGCTAGA-1,2,10.0,62.0
340,340,ACTCAGCTCGAGTGTC-1,4,25.0,19.0
341,341,ACTCAGCTTCTGAGAC-1,1,30.0,10.0
342,342,ACTCAGGCCTGCAACT-1,9,46.0,74.0
343,343,ACTCAGTGAGCCTCCA-1,6,45.0,57.0
344,344,ACTCCAGGCCGAAGAC-1,6,24.0,88.0
345,345,ACTCCAGTAGCTCCAG-1,7,29.0,113.0
346,346,ACTCCTATGTTCCTAC-1,6,53.0,19.0
347,347,ACTCGAACGTTCGTTA-1,1,15.0,21.0
348,348,ACTCGAGTCCAAGTTG-1,8,59.0,11.0
349,349,ACTCGATAAGACCAGG-1,4,11.0,29.0
350,350,ACTCGATTGATATCCA-1,6,22.0,68.0
351,351,ACTCGTATTGTCAGAA-1,8,52.0,68.0
352,352,ACTCTAAGCTTGCGCC-1,8,34.0,90.0
353,353,ACTCTACTTCCGCATT-1,9,37.0,45.0
354,354,ACTCTTGCGGAGAACC-1,1,62.0,72.0
355,355,ACTGACGGCGAATAGT-1,1,46.0,36.0
356,356,ACTGACGTGATATTGG-1,9,49.0,95.0
357,357,ACTGACTCTGCTGGCC-1,1,18.0,14.0
358,358,ACTGACTGTCATCTAC-1,1,55.0,29.0
359,359,ACTGAGACCTTAGCAC-1,3,68.0,30.0
360,360,ACTGAGCGCAACTCAT-1,8,59.0,47.0
361,361,ACTGATACTCCATTAC-1,2,7.0,57.0
362,362,ACTGATGTCCACTCGC-1,2,5.0,45.0
363,363,ACTGCAAGGCTTCTCG-1,4,9.0,9.0
364,364,ACTGCCGTTGGTGAGC-1,0,45.0,1.0
365,365,ACTGGTAAGGCCTCAG-1,3,66.0,38.0
366,366,ACTGGTGATTCCGATC-1,1,23.0,19.0
367,367,ACTGGTTCTGAACGAT-1,8,25.0,27.0
368,368,ACTGTACAATTCTACT-1,1,19.0,31.0
369,369,ACTGTACATCCGATAC-1,4,38.0,8.0
370,370,ACTGTAGACAAGGAAT-1,1,28.0,22.0
371,371,ACTGTAGAGTGCCGGC-1,5,10.0,12.0
372,372,ACTGTAGCAGCTTCTG-1,4,13.0,37.0
373,373,ACTGTATTCTAGTCCA-1,2,13.0,83.0
374,374,ACTTAAGCCAGTAGGA-1,9,62.0,56.0
375,375,ACTTGAAGCGAGCGGT-1,6,45.0,75.0
376,376,ACTTGAATGTATTGGA-1,2,6.0,32.0
377,377,ACTTGAATTAACTTAG-1,4,32.0,2.0
378,378,ACTTGAATTAGCCGGT-1,4,17.0,5.0
379,379,ACTTGAGCCGTTCTTA-1,9,51.0,49.0
380,380,AGAACAGGAGCATGGA-1,6,27.0,81.0
381,381,AGAACTTCGATGCGTA-1,5,32.0,94.0
382,382,AGAAGCAGCCTAAGCT-1,9,38.0,72.0
383,383,AGAAGCTTGCCTCCGC-1,4,21.0,1.0
384,384,AGAAGGATGGTATGAA-1,4,23.0,87.0
385,385,AGAAGGCGTAGAATAG-1,1,55.0,39.0
386,386,AGAAGTTAACCAGAGC-1,3,21.0,95.0
387,387,AGAAGTTGAGCGCAAG-1,5,20.0,64.0
388,388,AGAATTCTGTTGACAA-1,1,16.0,32.0
389,389,AGACAAGACGTATCGC-1,9,28.0,96.0
390,390,AGACATCTTAGCACCT-1,8,56.0,78.0
391,391,AGACCGAACCGATGTC-1,8,42.0,4.0
392,392,AGACCGACCGCAGACA-1,9,41.0,71.0
393,393,AGACCGCCGGCCAATG-1,1,53.0,49.0
394,394,AGACCGGACTGTCCAT-1,7,63.0,91.0
395,395,AGACCGGAGCAACGCT-1,3,62.0,48.0
396,396,AGACCGGTATCCGTGG-1,7,63.0,95.0
397,397,AGACCGTCATTAGTTA-1,1,29.0,41.0
398,398,AGACCTATCCTTATAG-1,1,51.0,31.0
399,399,AGACCTCAGCGAGGTG-1,4,47.0,13.0
400,400,AGACCTGATAACAGTG-1,2,3.0,33.0
401,401,AGACCTTCGCGTGAAC-1,8,58.0,32.0
402,402,AGACGCGTGATGCATC-1,7,19.0,99.0
403,403,AGACGGCCTTACGGAG-1,8,40.0,54.0
404,404,AGACGTAGGCGGACCG-1,5,36.0,102.0
405,405,AGACGTGGCGTTGAGT-1,1,34.0,38.0
406,406,AGACTCAGACAGATAA-1,8,45.0,11.0
407,407,AGACTCATGACCTGGC-1,1,38.0,44.0
408,408,AGACTCATTGCGGACA-1,6,42.0,68.0
409,409,AGACTCCGCTTCGTAT-1,0,38.0,116.0
410,410,AGACTCCTGTATGGCG-1,1,47.0,63.0
411,411,AGACTCCTTATCATAC-1,4,12.0,16.0
412,412,AGACTCGACTCCTAAT-1,2,11.0,79.0
413,413,AGACTGGTAAGGAGGT-1,3,57.0,87.0
414,414,AGATAACCAATACGCC-1,3,61.0,81.0
415,415,AGATAAGCCACTCATA-1,1,49.0,69.0
416,416,AGATACAAGGATGGTG-1,7,64.0,18.0
417,417,AGATCAACTCGCTATG-1,8,52.0,4.0
418,418,AGATCAGTCGATAGAA-1,8,49.0,53.0
419,419,AGATCATTCACGCTGT-1,0,69.0,51.0
420,420,AGATCTCCGCCTTATT-1,0,45.0,31.0
421,421,AGATGAGGCGCCTCCA-1,2,9.0,59.0
422,422,AGATGCACGTAGGTGC-1,7,71.0,45.0
423,423,AGATGCTCCGTCATCT-1,4,30.0,88.0
424,424,AGATTGAGTTAGGAAC-1,6,32.0,84.0
425,425,AGATTGCGCCTCGCTC-1,8,30.0,38.0
426,426,AGCACGAGATAACGGT-1,5,33.0,111.0
427,427,AGCACGATACCTAAGC-1,5,11.0,49.0
428,428,AGCACGCTCGATCTAA-1,9,36.0,42.0
429,429,AGCACGGAGGCAGTCA-1,1,17.0,67.0
430,430,AGCACGTGCACTGTAA-1,1,32.0,4.0
431,431,AGCACTCATACAGAAC-1,3,62.0,38.0
432,432,AGCAGGTAAGTATCTG-1,4,16.0,50.0
433,433,AGCAGGTATGCCATTG-1,8,57.0,17.0
434,434,AGCAGGTGCAATGGTT-1,0,63.0,85.0
435,435,AGCATAATTCCAGATA-1,6,8.0,38.0
436,436,AGCATGAGCGAATATT-1,8,56.0,44.0
437,437,AGCATGCACCGCGTCA-1,9,44.0,38.0
438,438,AGCATTAGACGGATTG-1,2,8.0,46.0
439,439,AGCCAGATACTCGAAC-1,2,15.0,89.0
440,440,AGCCAGATCAAGATTC-1,2,4.0,48.0
441,441,AGCCAGCGGCAAGCGT-1,5,45.0,105.0
442,442,AGCCGATGTTCTACTC-1,9,55.0,93.0
443,443,AGCCGGCCTATTCCAG-1,1,46.0,62.0
444,444,AGCCGTAGTGGAGTGC-1,4,59.0,61.0
445,445,AGCCGTATCTTCGTCT-1,5,21.0,53.0
446,446,AGCCGTATTCAACCGT-1,8,47.0,105.0
447,447,AGCCGTTGCATCCTAG-1,4,19.0,5.0
448,448,AGCCTCCGAACTACCA-1,4,24.0,64.0
449,449,AGCCTCGCATGGTCCT-1,3,50.0,102.0
450,450,AGCCTCTGTTCCGATG-1,2,6.0,10.0
451,451,AGCGACTATGTATCTT-1,3,65.0,41.0
452,452,AGCGAGAACAGATTCT-1,3,33.0,59.0
453,453,AGCGAGGAACTGGTCC-1,8,51.0,37.0
454,454,AGCGCATCGTGGTCGA-1,7,69.0,79.0
455,455,AGCGGAATGTCGCTGT-1,5,30.0,34.0
456,456,AGCGGCGAATAATCTT-1,0,65.0,23.0
457,457,AGCGGTACGCCGAGAA-1,5,34.0,30.0
458,458,AGCGGTGAGTGACATG-1,1,44.0,66.0
459,459,AGCGGTGCAGGCATCT-1,6,42.0,28.0
460,460,AGCGGTTAATCGAAGT-1,2,11.0,77.0
461,461,AGCGGTTACAATACGC-1,8,44.0,114.0
462,462,AGCGGTTAGACTCGCC-1,5,52.0,36.0
463,463,AGCGTGCCTGTATGCC-1,4,10.0,8.0
464,464,AGCGTGCGCCTGATCG-1,1,24.0,74.0
465,465,AGCGTGCTTCGCTCAT-1,5,45.0,47.0
466,466,AGCGTGGCACCGACAA-1,9,45.0,79.0
467,467,AGCGTGTATGTACGGT-1,6,17.0,91.0
468,468,AGCGTTACAGTCCTGG-1,4,17.0,15.0
469,469,AGCGTTATACCTGTTG-1,8,44.0,48.0
470,470,AGCGTTGGCTCACGAT-1,8,55.0,13.0
471,471,AGCTACCAGCGTTACT-1,0,40.0,116.0
472,472,AGCTAGCGTACAGTAA-1,7,30.0,112.0
473,473,AGCTATAAGTCCAGCA-1,5,36.0,14.0
474,474,AGCTATAGAATAGTCT-1,4,51.0,17.0
475,475,AGCTCAACATCGTCCG-1,8,44.0,14.0
476,476,AGCTCGACAGGCGATA-1,1,57.0,69.0
477,477,AGCTGACGTAACGCTG-1,4,22.0,38.0
478,478,AGCTGTTCCGGTGATT-1,8,61.0,73.0
479,479,AGCTGTTGAAGGCCTT-1,7,72.0,50.0
480,480,AGCTTCGCTGCGGTCA-1,7,70.0,36.0
481,481,AGCTTGAGTCAGGCCG-1,8,50.0,50.0
482,482,AGCTTGGATGCAAGCC-1,4,17.0,17.0
483,483,AGGAATTACGGTGACG-1,8,61.0,69.0
484,484,AGGACCAGTAACCTAA-1,6,26.0,18.0
485,485,AGGACCAGTGCGCCAG-1,0,52.0,110.0
486,486,AGGACCGCAATAGTTA-1,6,37.0,17.0
487,487,AGGACCGTAGATGCTA-1,8,31.0,39.0
488,488,AGGACCTGTACCATTC-1,1,40.0,32.0
489,489,AGGACGAAGCCTCCTT-1,1,21.0,15.0
490,490,AGGACGAATGCTTCAA-1,8,41.0,103.0
491,491,AGGACGTATCGCCGTA-1,1,43.0,93.0
492,492,AGGACGTCGGCACGAA-1,6,34.0,68.0
493,493,AGGACTAGGACCGCAG-1,9,20.0,82.0
494,494,AGGACTGAAGTGCCTT-1,8,57.0,95.0
495,495,AGGACTGGATGAAGAC-1,0,22.0,66.0
496,496,AGGAGCAGCGTTAATA-1,2,7.0,67.0
497,497,AGGAGCATAATCCACT-1,5,48.0,90.0
498,498,AGGAGCATCACTCAGC-1,1,26.0,12.0
499,499,AGGAGCCGCTGAGTAG-1,1,64.0,66.0
500,500,AGGAGCCTCGAACGTT-1,3,68.0,46.0
501,501,AGGAGCGAATGCGTTA-1,2,7.0,9.0
502,502,AGGAGTACAGTGCATA-1,2,6.0,40.0
503,503,AGGATAACCGGTCGGA-1,9,48.0,74.0
504,504,AGGATACCTCCGAGCG-1,2,8.0,52.0
505,505,AGGATAGAGTTAATCA-1,2,4.0,44.0
506,506,AGGATATCGCGAATAC-1,9,52.0,86.0
507,507,AGGATCAACATTCGTT-1,0,24.0,106.0
508,508,AGGATCCGTGAGGCGG-1,5,42.0,110.0
509,509,AGGATTCTACGCCTAG-1,8,43.0,99.0
510,510,AGGCAACTAGCGTACC-1,8,51.0,59.0
511,511,AGGCAATGTCAGCTGG-1,8,59.0,37.0
512,512,AGGCATTAAGTCTGGC-1,6,31.0,53.0
513,513,AGGCATTACTATAGTA-1,9,34.0,78.0
514,514,AGGCCGCAGAATAACG-1,0,27.0,103.0
515,515,AGGCCTGTCTAGTGGC-1,2,16.0,92.0
516,516,AGGCTGCAGCTCAGGC-1,1,41.0,35.0
517,517,AGGCTGCGCAGCAACT-1,0,60.0,14.0
518,518,AGGCTTAACCGATTGT-1,8,41.0,7.0
519,519,AGGTACAGCTATGATA-1,1,19.0,27.0
520,520,AGGTACCAGACGCCAG-1,4,21.0,9.0
521,521,AGGTCTCACGCCAATA-1,1,37.0,13.0
522,522,AGGTCTTCCATCGCCG-1,9,44.0,52.0
523,523,AGGTGAAGTGACGACT-1,6,28.0,88.0
524,524,AGGTGAATCCACAACC-1,3,70.0,46.0
525,525,AGGTGAGCAATGTCTT-1,9,48.0,44.0
526,526,AGGTGATTGGCGGTAT-1,9,54.0,44.0
527,527,AGGTGGACTTGCCACC-1,5,19.0,1.0
528,528,AGGTGGCACTTGTCAG-1,4,53.0,7.0
529,529,AGGTGGCTGTCGCCAA-1,7,34.0,116.0
530,530,AGGTTACATTCCACGC-1,0,68.0,64.0
531,531,AGGTTAGTGGCCATAG-1,0,24.0,104.0
532,532,AGGTTCCACGCCGAAG-1,4,44.0,16.0
533,533,AGGTTGAGTAGGAGAT-1,8,44.0,32.0
534,534,AGTAAGCTCGGCCAAT-1,9,46.0,82.0
535,535,AGTACATATGTAGGAA-1,4,11.0,35.0
536,536,AGTACCGTTGTACGCC-1,5,26.0,70.0
537,537,AGTAGACAGTAAGGAG-1,9,38.0,54.0
538,538,AGTAGAGCATGGACGT-1,9,33.0,49.0
539,539,AGTATTACGGTATTCG-1,8,57.0,21.0
540,540,AGTATTCAGCTGAATG-1,6,48.0,80.0
541,541,AGTATTCGTCGGTATC-1,4,23.0,55.0
542,542,AGTCACTTATTCAAGG-1,1,48.0,28.0
543,543,AGTCCGTGATCACTAC-1,1,51.0,25.0
544,544,AGTCGCAGGAACGAGT-1,4,30.0,0.0
545,545,AGTCGCCACTCGGCGA-1,8,42.0,62.0
546,546,AGTCGGACCGTGCTTA-1,6,29.0,73.0
547,547,AGTCGGTCTAATCTGT-1,6,44.0,62.0
548,548,AGTCGGTTATACATAG-1,1,29.0,23.0
549,549,AGTCGGTTGGTTGGCG-1,4,18.0,22.0
550,550,AGTCGTTGCCGCCAAC-1,2,7.0,7.0
551,551,AGTCGTTGCCTTACCT-1,3,67.0,61.0
552,552,AGTCTAGGATTGTCAC-1,1,27.0,13.0
553,553,AGTGAGGTCTGTGCTC-1,8,60.0,22.0
554,554,AGTGAGTATTCTAAGT-1,6,39.0,75.0
555,555,AGTGCAATAACTAACA-1,1,54.0,74.0
556,556,AGTGCCAGATGCTCTG-1,6,36.0,80.0
557,557,AGTGCGCAACATGCGT-1,6,49.0,65.0
558,558,AGTGCTTCGCGGACGC-1,4,7.0,15.0
559,559,AGTGGTATGTCCAAGT-1,1,20.0,42.0
560,560,AGTGTACCTCTGTATG-1,8,34.0,114.0
561,561,AGTGTCATGGTTGTGG-1,8,60.0,78.0
562,562,AGTGTCGTGGCATGTT-1,7,50.0,114.0
563,563,AGTGTCTAGGCTAATA-1,1,22.0,80.0
564,564,AGTGTCTGAACTGTGG-1,8,13.0,23.0
565,565,AGTGTCTTAAGCTTGT-1,1,22.0,22.0
566,566,AGTGTTCGAGGATGAA-1,7,63.0,93.0
567,567,AGTTAAGACTGGCTCC-1,8,49.0,45.0
568,568,AGTTACCTCACCAGCA-1,1,53.0,77.0
569,569,AGTTAGAAGGACGAAT-1,2,12.0,78.0
570,570,AGTTATCCTGAACGAA-1,4,32.0,54.0
571,571,AGTTCGGCACATACGG-1,5,22.0,82.0
572,572,AGTTCGTCTAGTGCAG-1,8,49.0,27.0
573,573,AGTTCGTGCAGACCTT-1,6,42.0,92.0
574,574,AGTTCGTGCATGTCGA-1,0,37.0,115.0
575,575,AGTTGGCACCAGTTAC-1,9,52.0,60.0
576,576,AGTTGTACTTAATGGA-1,6,36.0,60.0
577,577,AGTTGTCCACAGACCA-1,1,29.0,45.0
578,578,ATAACCTAGAACCTGC-1,5,33.0,57.0
579,579,ATAACGAAGAGCACGC-1,8,56.0,14.0
580,580,ATAAGAATCATGCATC-1,4,45.0,109.0
581,581,ATAAGACCAATCGCGG-1,5,26.0,100.0
582,582,ATAAGGAATAGAACAT-1,6,35.0,101.0
583,583,ATAAGGCGGACAAGTT-1,4,21.0,21.0
584,584,ATAAGTACCACGAGTT-1,5,41.0,101.0
585,585,ATAATCGTAGTTATTC-1,1,28.0,12.0
586,586,ATAATTAGTTCTACGG-1,9,62.0,52.0
587,587,ATAATTATCGACCACG-1,1,20.0,4.0
588,588,ATACAAGGTCAGTAGA-1,9,45.0,85.0
589,589,ATACAATTGCGGTATT-1,9,45.0,99.0
590,590,ATACATCAAGGATTGC-1,6,42.0,60.0
591,591,ATACATCACGCCTTCT-1,9,47.0,41.0
592,592,ATACATCACTGTCCGG-1,2,13.0,81.0
593,593,ATACATCATGCACCAA-1,7,31.0,115.0
594,594,ATACGACATCTAGACC-1,8,65.0,75.0
595,595,ATACGCTGAGATCAGA-1,9,38.0,64.0
596,596,ATACGGCACGTTACGA-1,4,11.0,33.0
597,597,ATACGGCGACTGGTCT-1,1,45.0,37.0
598,598,ATACTAGCCACTTCGC-1,9,56.0,86.0
599,599,ATACTAGCCATTAGTT-1,5,23.0,51.0
600,600,ATACTAGTAACTGAGT-1,3,35.0,115.0
601,601,ATACTATCAACTTGTA-1,1,35.0,5.0
602,602,ATACTGACTTCGGCAC-1,3,64.0,46.0
603,603,ATACTGGACCACAGCC-1,2,8.0,54.0
604,604,ATACTGGAGGATAACG-1,9,26.0,54.0
605,605,ATAGAACGTTCGATCT-1,1,18.0,44.0
606,606,ATAGAAGGAGCAGTAG-1,4,7.0,25.0
607,607,ATAGAATTCTAGGCCG-1,1,20.0,26.0
608,608,ATAGACATGGCTATGG-1,5,36.0,46.0
609,609,ATAGATGCCTAAGCAC-1,9,43.0,81.0
610,610,ATAGATTGAGTTCGAG-1,1,29.0,43.0
611,611,ATAGCACCTGCTGTCT-1,5,21.0,93.0
612,612,ATAGCTATTCGCACTC-1,1,51.0,73.0
613,613,ATAGCTTCACAACCGT-1,1,38.0,28.0
614,614,ATAGCTTCGTGGAACG-1,8,59.0,21.0
615,615,ATAGGCCGATAGAAGT-1,0,56.0,102.0
616,616,ATAGGCCGGTAATTCT-1,7,69.0,29.0
617,617,ATAGTACTATGGTTCT-1,6,44.0,96.0
618,618,ATAGTCCGCCGTTGGC-1,9,32.0,80.0
619,619,ATAGTGAGTGAGGATT-1,5,29.0,95.0
620,620,ATAGTGTCAGATGTAG-1,7,70.0,70.0
621,621,ATAGTTAAGCCTGCCG-1,3,64.0,56.0
622,622,ATAGTTAAGGCACGAG-1,9,41.0,81.0
623,623,ATAGTTCATCGGATCT-1,6,10.0,60.0
624,624,ATAGTTCCTAGGCCGG-1,2,6.0,24.0
625,625,ATAGTTCGCAGCCGTG-1,6,45.0,53.0
626,626,ATAGTTCGGTTCCAGA-1,8,58.0,22.0
627,627,ATCAAGGAGCTTACAT-1,7,71.0,63.0
628,628,ATCAATCTGCAGGACC-1,4,9.0,39.0
629,629,ATCAATGGTTGTACCT-1,4,7.0,33.0
630,630,ATCACCAGTTCGGCGA-1,0,30.0,102.0
631,631,ATCACGTTCAATGATA-1,8,59.0,29.0
632,632,ATCAGATACCAGCTGT-1,0,54.0,62.0
633,633,ATCAGTAAGCTCGCCG-1,9,54.0,78.0
634,634,ATCATTCACCAGATTG-1,6,28.0,56.0
635,635,ATCATTCCAACTTCGC-1,4,13.0,43.0
636,636,ATCATTGTCCATGCCA-1,9,31.0,77.0
637,637,ATCCAACGCCACATCG-1,1,22.0,28.0
638,638,ATCCACATGTTGGACC-1,6,17.0,83.0
639,639,ATCCACTCGTACTCGG-1,0,56.0,8.0
640,640,ATCCGAGTACAGGAAT-1,7,16.0,82.0
641,641,ATCCGAGTACCACGTG-1,9,20.0,78.0
642,642,ATCCGAGTCACTTGTA-1,3,48.0,108.0
643,643,ATCCGATGACCTCGGA-1,8,53.0,81.0
644,644,ATCCGATGTCTGTCAC-1,1,54.0,18.0
645,645,ATCCGGATCGCCGTAT-1,4,60.0,60.0
646,646,ATCCGGATGACGTAAC-1,1,27.0,49.0
647,647,ATCCGGTATCACAAGT-1,9,34.0,50.0
648,648,ATCCGTAGCTTCAGTA-1,5,30.0,60.0
649,649,ATCCGTAGTGTCGCTC-1,5,30.0,110.0
650,650,ATCCGTGGAACTTCAA-1,5,56.0,66.0
651,651,ATCCTCCAGCCATTGT-1,7,57.0,107.0
652,652,ATCCTCGTTCCAGGCC-1,1,27.0,45.0
653,653,ATCGAACATGCTAAGC-1,8,66.0,78.0
654,654,ATCGAATCTAGCAGAC-1,2,7.0,41.0
655,655,ATCGACAGCGGCAACA-1,3,35.0,113.0
656,656,ATCGACCGGAGTATCG-1,3,61.0,33.0
657,657,ATCGATGTCAGATAGA-1,1,27.0,15.0
658,658,ATCGCAATGCACTAAC-1,4,43.0,57.0
659,659,ATCGCAGTAACTTATT-1,5,28.0,68.0
660,660,ATCGCAGTCTATGGCA-1,6,34.0,98.0
661,661,ATCGCATCACGCATCT-1,3,69.0,43.0
662,662,ATCGGCTCTATGCCTC-1,5,21.0,51.0
663,663,ATCGTAACTACCTCTT-1,1,31.0,41.0
664,664,ATCGTAATCCACATGC-1,1,23.0,27.0
665,665,ATCGTACAACTGGCTA-1,2,11.0,81.0
666,666,ATCGTACACCTATGCC-1,6,28.0,64.0
667,667,ATCGTAGCATGTAGAT-1,5,60.0,96.0
668,668,ATCGTATTACTCGGAG-1,1,28.0,38.0
669,669,ATCGTATTGGAATCCT-1,4,15.0,17.0
670,670,ATCGTCACCATGTCAC-1,6,44.0,76.0
671,671,ATCGTCAGTTAGTCCA-1,9,33.0,45.0
672,672,ATCGTCTTAACGAAGG-1,4,41.0,9.0
673,673,ATCTACAGGAGTGCAC-1,1,16.0,62.0
674,674,ATCTACCATATTCCAG-1,8,53.0,23.0
675,675,ATCTACGACAGCTCTT-1,1,16.0,12.0
676,676,ATCTACTCACATCTCC-1,9,41.0,51.0
677,677,ATCTCCTTGCGATACA-1,9,29.0,81.0
678,678,ATCTGAAGTATGCACG-1,8,65.0,65.0
679,679,ATCTGACCGGAGTCCT-1,3,61.0,85.0
680,680,ATCTGAGGAACGGTTG-1,9,47.0,57.0
681,681,ATCTGATACTTCATTA-1,3,69.0,57.0
682,682,ATCTGCCGTCTACAGC-1,8,25.0,23.0
683,683,ATCTGGATCCTCAGAC-1,6,42.0,38.0
684,684,ATCTGTACGCGTCTCC-1,8,38.0,70.0
685,685,ATCTTAGACGCCTACT-1,3,59.0,83.0
686,686,ATCTTAGATAGGTTCA-1,3,65.0,51.0
687,687,ATCTTAGTGGCATGGA-1,7,20.0,104.0
688,688,ATCTTATCAGCAATAC-1,4,7.0,21.0
689,689,ATCTTCGGACATACTA-1,9,51.0,95.0
690,690,ATCTTGGCTTCGTCCT-1,4,19.0,63.0
691,691,ATGAACAATCGATGCG-1,8,54.0,16.0
692,692,ATGAAGCTGAATCCAG-1,8,55.0,33.0
693,693,ATGACACTAATCGCAC-1,8,61.0,47.0
694,694,ATGACCAGACGGCCGG-1,1,36.0,24.0
695,695,ATGACCTCACGCACTG-1,2,5.0,37.0
696,696,ATGACCTCACTTAACC-1,6,29.0,71.0
697,697,ATGACGAGATCATTAA-1,3,63.0,33.0
698,698,ATGAGCTACATGGAAG-1,2,15.0,83.0
699,699,ATGAGCTATTCGAAGA-1,8,43.0,23.0
700,700,ATGAGTACGCTTCCTA-1,6,38.0,16.0
701,701,ATGATAATTCCTTGCG-1,6,37.0,11.0
702,702,ATGATATCTAGTCTTA-1,6,42.0,58.0
703,703,ATGATTGATTCCGAAT-1,1,12.0,22.0
704,704,ATGCATCCTGACTCAC-1,1,18.0,46.0
705,705,ATGCATGCCTGCGATG-1,9,54.0,68.0
706,706,ATGCATGGTTCCGCCT-1,6,43.0,85.0
707,707,ATGCATGGTTGCTGTA-1,1,21.0,11.0
708,708,ATGCATGTATGTGAGT-1,5,46.0,42.0
709,709,ATGCATGTCACTCGTG-1,1,38.0,22.0
710,710,ATGCCAGCTGCCATCT-1,8,53.0,15.0
711,711,ATGCCGTTGTGAAGCG-1,4,41.0,37.0
712,712,ATGCCTTCGTAAGTTA-1,5,42.0,108.0
713,713,ATGCTACTGAATAGTA-1,4,56.0,60.0
714,714,ATGCTCCAACCTGGCC-1,6,43.0,31.0
715,715,ATGCTCCGTTCTACTG-1,1,30.0,40.0
716,716,ATGCTCGCCTCCAATT-1,1,26.0,16.0
717,717,ATGCTGAATGCAATAG-1,1,44.0,92.0
718,718,ATGCTGCCTACTGCAT-1,4,10.0,18.0
719,719,ATGCTTACTCTAGGAA-1,8,50.0,80.0
720,720,ATGCTTGGACGAACTT-1,8,47.0,73.0
721,721,ATGGAGCGCACTCGGT-1,7,6.0,18.0
722,722,ATGGAGGCCACGGCTT-1,4,53.0,29.0
723,723,ATGGAGTAATCGGACC-1,5,32.0,74.0
724,724,ATGGAGTCTTCGCAGT-1,3,41.0,1.0
725,725,ATGGCATTATGGCTCG-1,6,26.0,92.0
726,726,ATGGTAACGGACCGGA-1,8,49.0,17.0
727,727,ATGTAAGAGCCACCTC-1,4,24.0,96.0
728,728,ATGTAATTGTCGTTCG-1,5,24.0,42.0
729,729,ATGTACAGTGCCTATG-1,1,35.0,9.0
730,730,ATGTACATCGTGGTTA-1,1,32.0,10.0
731,731,ATGTACATGAACTCCG-1,6,32.0,100.0
732,732,ATGTACCATTATTGTC-1,8,68.0,70.0
733,733,ATGTACCGATCCAGAA-1,8,64.0,74.0
734,734,ATGTACTACCGACTTC-1,9,26.0,60.0
735,735,ATGTACTCTGCAGCAC-1,1,48.0,66.0
736,736,ATGTAGAAGCGAATAG-1,7,61.0,97.0
737,737,ATGTAGCCGACCAAGG-1,8,57.0,57.0
738,738,ATGTAGGTAACCGTAC-1,5,25.0,43.0
739,739,ATGTAGGTTGGCGAGG-1,3,36.0,112.0
740,740,ATGTATCCAAGGTGGC-1,0,22.0,106.0
741,741,ATGTATCCATAAGTTG-1,1,30.0,16.0
742,742,ATGTATCGGAATACGG-1,1,40.0,80.0
743,743,ATGTATGAGTACCGGA-1,5,40.0,104.0
744,744,ATGTCATACTTAGACC-1,3,58.0,16.0
745,745,ATGTCGGACTGAAGTA-1,8,47.0,5.0
746,746,ATGTCGGATAAGCCGA-1,8,50.0,44.0
747,747,ATGTCGGCTGTCGTAA-1,8,31.0,23.0
748,748,ATGTCGTTACCAGACG-1,3,51.0,103.0
749,749,ATGTCTAACTGGCGAA-1,3,62.0,26.0
750,750,ATGTGAATCCATACGA-1,7,17.0,73.0
751,751,ATGTGAATTGCTGACC-1,6,32.0,20.0
752,752,ATGTGATCCGTCTAAC-1,4,40.0,6.0
753,753,ATGTGCGTCTGAACAG-1,9,38.0,78.0
754,754,ATGTGCTAACATCGAA-1,2,7.0,55.0
755,755,ATGTGCTTGTGCTACC-1,5,11.0,53.0
756,756,ATGTTAAGATTACTGA-1,1,22.0,40.0
757,757,ATGTTAGACTATCTCA-1,7,59.0,103.0
758,758,ATGTTCGCAGAAGTCT-1,3,64.0,82.0
759,759,ATGTTCTGCCTTATCT-1,8,50.0,18.0
760,760,ATTAAGAACAGCTCCG-1,9,35.0,73.0
761,761,ATTAAGAATAACGCTT-1,1,58.0,50.0
762,762,ATTAAGCGTCCTGCCG-1,8,61.0,21.0
763,763,ATTAAGTGGCCTAAGG-1,6,38.0,14.0
764,764,ATTACAAGCAAGTGTC-1,2,5.0,23.0
765,765,ATTACATTGAAGTATG-1,9,44.0,60.0
766,766,ATTACCTTCGCAGAAG-1,1,53.0,17.0
767,767,ATTACTCCGTGAAGCG-1,1,28.0,78.0
768,768,ATTACTGAGTGCCTCC-1,8,46.0,94.0
769,769,ATTACTGTACGCGGTG-1,8,43.0,13.0
770,770,ATTACTGTCGCATATT-1,5,50.0,74.0
771,771,ATTAGACCAAGTATAC-1,7,53.0,1.0
772,772,ATTAGATAAGACGGCG-1,4,29.0,59.0
773,773,ATTAGCAGGATGTATT-1,4,18.0,20.0
774,774,ATTAGCCTCACTTCTA-1,8,27.0,53.0
775,775,ATTAGCCTCAGTAGAT-1,0,53.0,13.0
776,776,ATTAGCGAGCATGCTG-1,5,46.0,110.0
777,777,ATTAGTCGTGTTATGC-1,2,9.0,57.0
778,778,ATTAGTGAGGTATCGC-1,3,55.0,101.0
779,779,ATTAGTGCTTGGTCAT-1,8,41.0,47.0
780,780,ATTAGTTCACAGACTC-1,9,61.0,67.0
781,781,ATTATCACAACTCGGC-1,5,20.0,66.0
782,782,ATTATCAGTTCGATGC-1,7,65.0,17.0
783,783,ATTATCCAGGTGAAGT-1,8,40.0,18.0
784,784,ATTATCGAGTGCAGAT-1,9,53.0,43.0
785,785,ATTATCTAGATTAACG-1,8,43.0,105.0
786,786,ATTATCTTATTGAGAC-1,4,13.0,21.0
787,787,ATTATGATACTGCGCA-1,0,50.0,0.0
788,788,ATTATGCCATCGTTAA-1,3,56.0,100.0
789,789,ATTATGTTAAGGTAGT-1,3,64.0,28.0
790,790,ATTCAAGATTAGTTGC-1,6,31.0,89.0
791,791,ATTCACATAGGATGAG-1,6,46.0,100.0
792,792,ATTCACATCTTATTCT-1,6,48.0,78.0
793,793,ATTCACCTGACCAGTT-1,6,26.0,80.0
794,794,ATTCACGCTGTTATCG-1,4,21.0,57.0
795,795,ATTCACGTCGCAGGCT-1,1,41.0,79.0
796,796,ATTCACTCACGTGCAC-1,8,29.0,97.0
797,797,ATTCAGCTCCTACTAA-1,6,18.0,66.0
798,798,ATTCAGTCACCGCCAT-1,7,9.0,3.0
799,799,ATTCATAGCGAAGCGT-1,5,23.0,83.0
800,800,ATTCCATTGTGAACGC-1,4,16.0,56.0
801,801,ATTCCGCAACGCCGCT-1,5,35.0,95.0
802,802,ATTCCGCTCCATCAGC-1,8,53.0,93.0
803,803,ATTCCGGACCGGTCTT-1,7,57.0,7.0
804,804,ATTCCGGTTACATACC-1,6,25.0,79.0
805,805,ATTCCGTAAGGATTCC-1,6,34.0,106.0
806,806,ATTCCTGCCTTAACAG-1,9,39.0,97.0
807,807,ATTCCTTCGAAGGTGC-1,4,11.0,15.0
808,808,ATTCGCTCGCGGAGGC-1,6,24.0,68.0
809,809,ATTCGGAAGCTATTAC-1,1,33.0,37.0
810,810,ATTCGTGCCGACATGT-1,5,12.0,8.0
811,811,ATTCGTTAGAATTCGG-1,7,56.0,6.0
812,812,ATTCTACGTGGCAGAT-1,1,60.0,72.0
813,813,ATTCTACTGGTCGTTC-1,9,39.0,85.0
814,814,ATTCTAGGACATCAGT-1,9,22.0,62.0
815,815,ATTCTAGTCCACAAGA-1,5,39.0,107.0
816,816,ATTCTGAGTACTGTAG-1,8,47.0,3.0
817,817,ATTCTTGAGGCGACGC-1,0,67.0,73.0
818,818,ATTCTTGGAGTGATAG-1,8,54.0,42.0
819,819,ATTGACGAGCAGCGAC-1,2,14.0,86.0
820,820,ATTGACGCATCTCAAC-1,9,26.0,26.0
821,821,ATTGACGCCACCTTCT-1,4,10.0,50.0
822,822,ATTGACGCCAGCCAAG-1,9,50.0,100.0
823,823,ATTGACTTATGTGGTA-1,4,21.0,7.0
824,824,ATTGATAACACTAAGA-1,4,50.0,10.0
825,825,ATTGCACGACCACTTG-1,6,50.0,36.0
826,826,ATTGCACGCATAACAG-1,4,18.0,8.0
827,827,ATTGCAGTTCTTCATT-1,6,43.0,29.0
828,828,ATTGCATATTGTTATC-1,6,31.0,83.0
829,829,ATTGCATCACTGACTG-1,4,24.0,44.0
830,830,ATTGCCTGATGTGCGG-1,7,70.0,76.0
831,831,ATTGCCTTACGCAGTT-1,7,5.0,17.0
832,832,ATTGCCTTGTCTAAGT-1,2,8.0,48.0
833,833,ATTGCGTAGTTAGGAG-1,0,71.0,51.0
834,834,ATTGGCCTAGGAATCG-1,0,70.0,62.0
835,835,ATTGGCCTTCCGTGCA-1,4,15.0,43.0
836,836,ATTGGCGAATTGCACT-1,7,72.0,52.0
837,837,ATTGGCTAACAGACAA-1,1,19.0,35.0
838,838,ATTGTTAAGTAGACTA-1,3,62.0,80.0
839,839,ATTGTTACGACTAGCG-1,3,52.0,108.0
840,840,ATTGTTATACTTCACG-1,8,52.0,14.0
841,841,CAACAGGTCAGAGGAC-1,0,29.0,105.0
842,842,CAACCGTACTGATCTT-1,1,17.0,37.0
843,843,CAACCGTATTACTGTA-1,5,32.0,46.0
844,844,CAACCGTTAACAGACC-1,7,68.0,78.0
845,845,CAACGCTTGCTCCTAC-1,8,36.0,68.0
846,846,CAACGGCACTCAGTCC-1,3,57.0,83.0
847,847,CAACTGACAAGACAAG-1,1,37.0,21.0
848,848,CAACTGCAGTGCAATA-1,9,39.0,89.0
849,849,CAACTGCATTCGACTC-1,0,38.0,114.0
850,850,CAACTGCTGGAGTTAT-1,6,36.0,78.0
851,851,CAACTTGGACATAGAT-1,8,59.0,33.0
852,852,CAACTTGGTACGATGT-1,3,61.0,79.0
853,853,CAAGACCACTATCGAA-1,9,34.0,74.0
854,854,CAAGATAAGTGCAATG-1,1,25.0,11.0
855,855,CAAGATTACCGATCAT-1,8,22.0,96.0
856,856,CAAGATTAGATGAGTT-1,4,16.0,18.0
857,857,CAAGATTCGTCAGCTG-1,8,58.0,100.0
858,858,CAAGCCGCCATAGAGG-1,9,30.0,48.0
859,859,CAAGCCTCCACTATCT-1,4,16.0,10.0
860,860,CAAGGCAAGCATCTCG-1,7,69.0,31.0
861,861,CAAGGTCTCAATACAG-1,6,41.0,25.0
862,862,CAAGTACTCCGCATCG-1,5,16.0,44.0
863,863,CAAGTACTTATTAAGC-1,0,53.0,111.0
864,864,CAAGTACTTCAATAGT-1,5,31.0,29.0
865,865,CAAGTAGCCTCGATCC-1,1,31.0,25.0
866,866,CAAGTATCGGCAACCA-1,3,63.0,27.0
867,867,CAAGTCCGCTACCGTT-1,1,33.0,27.0
868,868,CAAGTCGCAGTCACTC-1,4,16.0,6.0
869,869,CAAGTCTTGGCGATAG-1,2,8.0,44.0
870,870,CAAGTGAATTGGATGC-1,8,58.0,30.0
871,871,CAAGTGTTCGCCACGC-1,9,45.0,89.0
872,872,CAAGTGTTGACGGCCA-1,5,16.0,46.0
873,873,CAATAACTACATTAAC-1,1,38.0,38.0
874,874,CAATAACTCAAGGCAA-1,8,59.0,49.0
875,875,CAATAAGAACCGACTT-1,7,67.0,23.0
876,876,CAATAAGCGGCCAGAT-1,4,18.0,90.0
877,877,CAATAAGGTAACTCGT-1,0,53.0,11.0
878,878,CAATAATCGTAGGATA-1,7,15.0,69.0
879,879,CAATCCGAGGTGCTAG-1,2,10.0,72.0
880,880,CAATCGTCGGAGCATG-1,5,47.0,93.0
881,881,CAATCGTGAAGTGATA-1,4,12.0,12.0
882,882,CAATCTATGAGGTCAG-1,1,29.0,5.0
883,883,CAATCTGAGTCGACTC-1,7,69.0,27.0
884,884,CAATCTTATTAGAATG-1,2,4.0,24.0
885,885,CAATGCAGATCATAGA-1,2,4.0,34.0
886,886,CAATGCATTGACGGCA-1,9,52.0,90.0
887,887,CAATGCGGATGCTGGT-1,1,37.0,31.0
888,888,CAATGGCTGAGCGATT-1,7,58.0,6.0
889,889,CAATTGAACCGGCTCG-1,3,27.0,71.0
890,890,CAATTGTTGACGTGAG-1,6,53.0,27.0
891,891,CACCAGGCACGCTATC-1,6,16.0,80.0
892,892,CACCATAAGCTGGCTG-1,1,39.0,37.0
893,893,CACCATTCTTACGAGC-1,6,35.0,13.0
894,894,CACCGAGTCTTGGACA-1,4,18.0,50.0
895,895,CACCTACATGATTGAT-1,0,69.0,73.0
896,896,CACCTACCGCTACCTT-1,1,27.0,21.0
897,897,CACCTAGAATACTTCT-1,8,42.0,16.0
898,898,CACCTAGACGAGCCGG-1,8,44.0,88.0
899,899,CACCTATTACTCAGAT-1,7,68.0,80.0
900,900,CACCTCGAGCGATGCT-1,8,27.0,77.0
901,901,CACCTCGAGGACTCTA-1,4,12.0,28.0
902,902,CACCTTAGCTATTGTC-1,8,50.0,54.0
903,903,CACCTTGCGAGTTATG-1,3,68.0,34.0
904,904,CACGAGGCCATCCACT-1,8,53.0,59.0
905,905,CACGAGGTATAGGTAT-1,9,55.0,81.0
906,906,CACGATCATACAATTA-1,5,42.0,74.0
907,907,CACGCCACAATCGCAC-1,4,24.0,66.0
908,908,CACGCCACTCCTTCAT-1,7,71.0,57.0
909,909,CACGCTTATCAATCTT-1,7,64.0,94.0
910,910,CACGGATTCTCATCAC-1,4,49.0,37.0
911,911,CACGGCGATACATACG-1,0,54.0,108.0
912,912,CACGGCTGCGCTTGGC-1,8,57.0,37.0
913,913,CACGGCTTACTCCGTT-1,8,59.0,75.0
914,914,CACGGTCTTGGTTAAT-1,8,54.0,86.0
915,915,CACGTACGTAGCTCAT-1,6,59.0,63.0
916,916,CACGTAGGTAGGCTGA-1,4,25.0,71.0
917,917,CACGTCAAGTGCGATC-1,1,23.0,71.0
918,918,CACGTCCAATTCGACT-1,9,58.0,24.0
919,919,CACGTCCACGACCTAT-1,9,39.0,73.0
920,920,CACGTCCATCTACTGA-1,6,47.0,23.0
921,921,CACGTGGCGGCACTAG-1,7,45.0,117.0
922,922,CACGTTGCACATACCG-1,1,60.0,76.0
923,923,CACTACAATATTGCGG-1,9,14.0,64.0
924,924,CACTACCATACGCAGA-1,5,15.0,1.0
925,925,CACTACCTTCGCTTCA-1,3,62.0,44.0
926,926,CACTACTGCGGAATTG-1,9,36.0,48.0
927,927,CACTACTGGCTGAACC-1,8,21.0,81.0
928,928,CACTAGTCGACATCTA-1,8,54.0,54.0
929,929,CACTCAAGACCATGCA-1,3,67.0,45.0
930,930,CACTCAAGACGGACTA-1,0,39.0,119.0
931,931,CACTCAATAAGCCGAA-1,4,23.0,41.0
932,932,CACTCAATGGTTCGGA-1,0,65.0,85.0
933,933,CACTCAGTACTCCGCT-1,8,22.0,16.0
934,934,CACTCAGTGGTCCTTC-1,8,55.0,19.0
935,935,CACTCATCACGTTACG-1,8,48.0,6.0
936,936,CACTGGATCGATACGA-1,4,15.0,53.0
937,937,CACTGGCCAGCCAGAT-1,9,42.0,56.0
938,938,CACTGGCGGTAACACC-1,1,17.0,29.0
939,939,CACTGGTGAGACGCTT-1,9,51.0,61.0
940,940,CACTGGTGAGTTATCG-1,1,41.0,17.0
941,941,CACTGGTGGCGTCGTT-1,4,10.0,10.0
942,942,CACTTGACATTCAGAA-1,1,43.0,83.0
943,943,CAGAACATGATAGGAC-1,0,25.0,109.0
944,944,CAGAACGTATCGACTT-1,8,54.0,36.0
945,945,CAGAAGATTAGAATGG-1,5,12.0,6.0
946,946,CAGAAGTCGCGGTTAT-1,5,27.0,95.0
947,947,CAGAATTCTTGAACCA-1,1,41.0,29.0
948,948,CAGACACTTACAAGAC-1,3,53.0,105.0
949,949,CAGACAGTCGGATCTG-1,9,36.0,84.0
950,950,CAGACGAATGAGGAAC-1,5,34.0,94.0
951,951,CAGACGATACAGATCG-1,3,59.0,17.0
952,952,CAGACGCACTACTGAC-1,4,6.0,22.0
953,953,CAGACGCAGTAGGTCT-1,6,31.0,81.0
954,954,CAGAGCAATGGCTTCT-1,4,19.0,9.0
955,955,CAGAGGCACTTAAGTC-1,1,36.0,38.0
956,956,CAGAGGCGAATTGCCA-1,3,70.0,56.0
957,957,CAGAGTCAATCCGCTG-1,2,5.0,25.0
958,958,CAGAGTCATGTACAGG-1,0,66.0,82.0
959,959,CAGATACAGCACTCGT-1,1,13.0,41.0
960,960,CAGATTATCATAACGC-1,9,29.0,37.0
961,961,CAGATTCCGTATGCGA-1,9,42.0,76.0
962,962,CAGATTGCCTGTAAGT-1,6,41.0,67.0
963,963,CAGCACGCTAATCAGA-1,4,29.0,27.0
964,964,CAGCATAGACTAGGCA-1,8,60.0,20.0
965,965,CAGCATCCTCGCCACT-1,2,14.0,80.0
966,966,CAGCCAACGATAGCTT-1,4,31.0,5.0
967,967,CAGCCAGTCCTGTCGG-1,9,29.0,77.0
968,968,CAGCCATGTCTGCCGT-1,9,40.0,52.0
969,969,CAGCCTCGTGGCTCAC-1,6,39.0,25.0
970,970,CAGCCTGGTTGAACTA-1,2,14.0,88.0
971,971,CAGCGATAACTGAACC-1,9,65.0,69.0
972,972,CAGCGATAATGCGATT-1,6,11.0,61.0
973,973,CAGCTCCTCGGATTCT-1,1,24.0,70.0
974,974,CAGCTGGATGCGGCTA-1,1,26.0,34.0
975,975,CAGCTGGCGATAAGTG-1,4,17.0,21.0
976,976,CAGCTGTTGCCGGAGT-1,8,48.0,112.0
977,977,CAGCTTCACTACCGTG-1,5,13.0,47.0
978,978,CAGCTTGGTTCGGTCG-1,3,56.0,88.0
979,979,CAGGACAGAAGGCTGG-1,3,56.0,96.0
980,980,CAGGACATGGTAATGC-1,5,27.0,69.0
981,981,CAGGAGCGTATCGCAT-1,8,56.0,46.0
982,982,CAGGCCAACAGCGAGT-1,3,65.0,61.0
983,983,CAGGCCAACGGTCGTA-1,5,22.0,42.0
984,984,CAGGCCGTATCTGTTA-1,9,48.0,56.0
985,985,CAGGCGAGGTCTTGGA-1,8,55.0,75.0
986,986,CAGTAATATCACTACG-1,2,11.0,75.0
987,987,CAGTACAGTTGTGGAA-1,9,41.0,87.0
988,988,CAGTAGATTGACGGAT-1,3,60.0,34.0
989,989,CAGTATACTGCAGCAA-1,4,18.0,2.0
990,990,CAGTATCTTACACTAA-1,3,56.0,98.0
991,991,CAGTATGCGTGGCGCT-1,6,25.0,81.0
992,992,CAGTCAGCCGATCCGG-1,9,48.0,82.0
993,993,CAGTCTGGTAATCTAC-1,4,48.0,14.0
994,994,CAGTCTGTGGCGCTGC-1,4,14.0,58.0
995,995,CAGTGAACAGCAACGA-1,5,33.0,101.0
996,996,CAGTGAAGATACATAA-1,8,43.0,5.0
997,997,CAGTGCCTTGCGGTCT-1,9,47.0,47.0
998,998,CAGTTGCAACCGAGAT-1,3,67.0,59.0
999,999,CAGTTGCACGGACAGG-1,4,26.0,20.0
1000,1000,CAGTTGCGACTTCTCG-1,8,46.0,98.0
1001,1001,CAGTTGCTCACGTGTC-1,4,23.0,45.0
1002,1002,CATACAATGAGTAGCT-1,9,45.0,15.0
1003,1003,CATACCTCGATTGTTC-1,8,58.0,38.0
1004,1004,CATAGAACATTGAACA-1,5,23.0,65.0
1005,1005,CATAGCTTGACAACGG-1,4,9.0,25.0
1006,1006,CATATCAGACTATCCA-1,4,7.0,17.0
1007,1007,CATATCCGTTCACCTC-1,2,8.0,72.0
1008,1008,CATATGTTGACTGGCG-1,3,49.0,109.0
1009,1009,CATATTCATCCGCATT-1,0,65.0,83.0
1010,1010,CATATTCTTGTCGTAA-1,7,71.0,39.0
1011,1011,CATCAGATACTAATCG-1,8,43.0,69.0
1012,1012,CATCAGGTAGGACCGT-1,1,19.0,15.0
1013,1013,CATCAGGTGCCTGATA-1,8,20.0,80.0
1014,1014,CATCAGTAATCAGACA-1,0,66.0,84.0
1015,1015,CATCCGAAGCGTATGG-1,1,22.0,44.0
1016,1016,CATCCGCCTAAGGAAC-1,9,42.0,52.0
1017,1017,CATCCGGTACCAACGA-1,3,61.0,43.0
1018,1018,CATCCGTGCGGTCTAC-1,8,61.0,93.0
1019,1019,CATCCGTGGTCGTAAG-1,5,20.0,34.0
1020,1020,CATCCTAGTGGTATGT-1,8,49.0,111.0
1021,1021,CATCCTGGTACCTGCT-1,4,29.0,1.0
1022,1022,CATCCTTCGACTAAGT-1,2,7.0,37.0
1023,1023,CATCGCGGTCGGTGCG-1,8,42.0,90.0
1024,1024,CATCGGATCCTACCTG-1,3,69.0,55.0
1025,1025,CATCGGCATGTCGAAG-1,0,40.0,114.0
1026,1026,CATCGGCCTGCATATC-1,9,50.0,98.0
1027,1027,CATCGGTAGCGTCCGA-1,3,68.0,52.0
1028,1028,CATCTGGCCATACTAG-1,7,55.0,109.0
1029,1029,CATGATAGGCCATGAG-1,1,48.0,60.0
1030,1030,CATGATGCATGTGCTA-1,4,43.0,11.0
1031,1031,CATGATGCTAGCCATG-1,8,45.0,115.0
1032,1032,CATGCACGCCGACGGA-1,7,67.0,85.0
1033,1033,CATGCAGAAGTCAGGA-1,4,16.0,52.0
1034,1034,CATGCATATGACGTCG-1,0,42.0,0.0
1035,1035,CATGCATATTCTGCCT-1,2,13.0,73.0
1036,1036,CATGCGCTACTGGAGG-1,0,26.0,110.0
1037,1037,CATGCGGCCGGAATTC-1,3,67.0,49.0
1038,1038,CATGCTCATCTGAACG-1,5,31.0,43.0
1039,1039,CATGGCTACTGTACGT-1,3,65.0,27.0
1040,1040,CATGGTGAGGCAGCAT-1,7,70.0,66.0
1041,1041,CATGTCCACCTGCGTC-1,1,50.0,62.0
1042,1042,CATGTTACCGAAGGCG-1,9,41.0,77.0
1043,1043,CATGTTATTGATGCAG-1,1,34.0,10.0
1044,1044,CATTAACTATTGTTCC-1,9,35.0,67.0
1045,1045,CATTAGGATAGTGAAT-1,5,22.0,64.0
1046,1046,CATTAGGCAATGGTTA-1,5,36.0,96.0
1047,1047,CATTCTCCAGTCACCA-1,8,54.0,20.0
1048,1048,CATTCTGTGCATGCTC-1,7,59.0,7.0
1049,1049,CATTGCAGCGAAGACC-1,2,8.0,60.0
1050,1050,CATTGCGTGCCACCTT-1,6,27.0,35.0
1051,1051,CATTGCTATGTTAGCT-1,3,52.0,54.0
1052,1052,CATTGGCGGTTGAGTC-1,9,48.0,104.0
1053,1053,CATTGTCGGTCGCTAG-1,2,5.0,57.0
1054,1054,CCAACAGGAACACGGT-1,5,21.0,33.0
1055,1055,CCAACTTGCCACCGTA-1,6,33.0,99.0
1056,1056,CCAACTTGCGTTAACC-1,2,6.0,52.0
1057,1057,CCAAGCTGGCCATTGC-1,9,55.0,53.0
1058,1058,CCAATACCAACACGCC-1,5,20.0,92.0
1059,1059,CCAATCTAACGTGACG-1,1,19.0,45.0
1060,1060,CCAATCTTGCCTATGG-1,6,42.0,86.0
1061,1061,CCAATTATGACACTGG-1,8,57.0,35.0
1062,1062,CCACAGGAAGATGTGC-1,7,70.0,74.0
1063,1063,CCACATGGCGACGTCT-1,1,40.0,30.0
1064,1064,CCACGAACGCTGCCGC-1,1,56.0,70.0
1065,1065,CCACGATCCTAATCCG-1,5,19.0,47.0
1066,1066,CCACGGTACACCAACC-1,6,41.0,23.0
1067,1067,CCACGTCGGTCGCTTC-1,1,55.0,71.0
1068,1068,CCACGTGCCACCTCAA-1,9,34.0,44.0
1069,1069,CCACGTGGACTGCGGT-1,7,14.0,70.0
1070,1070,CCACTAATCACCGGTA-1,4,12.0,40.0
1071,1071,CCACTCCAGCACCTAC-1,2,14.0,90.0
1072,1072,CCAGAACCGTGCATCC-1,0,63.0,21.0
1073,1073,CCAGACAATATCGTTA-1,9,42.0,82.0
1074,1074,CCAGACAGAACCTAAG-1,1,25.0,89.0
1075,1075,CCAGACATCCGGTTCT-1,4,33.0,105.0
1076,1076,CCAGACATCGGCACGC-1,8,35.0,31.0
1077,1077,CCAGATAGACGAGGTG-1,1,30.0,68.0
1078,1078,CCAGATGATATGTAGG-1,8,54.0,48.0
1079,1079,CCAGATTGTAGCCTAC-1,8,46.0,30.0
1080,1080,CCAGCACTCGACTGAC-1,8,36.0,82.0
1081,1081,CCAGCGGATTCCGCTG-1,1,41.0,15.0
1082,1082,CCAGGTCCACATCCAT-1,8,56.0,12.0
1083,1083,CCAGGTTACGAGACTG-1,8,69.0,39.0
1084,1084,CCAGTGTCACAGCGCC-1,1,13.0,17.0
1085,1085,CCAGTTGTGATGCAAG-1,2,5.0,49.0
1086,1086,CCATAGTATTGTCTGC-1,1,26.0,42.0
1087,1087,CCATAGTTCGAGTAAG-1,3,51.0,109.0
1088,1088,CCATCTGTGGCATCGT-1,9,34.0,56.0
1089,1089,CCATGAACAATGCTCC-1,0,39.0,115.0
1090,1090,CCATGGTTCCAATGTC-1,7,69.0,67.0
1091,1091,CCATTATCGTTACCTT-1,4,9.0,35.0
1092,1092,CCATTCGTCTGCTCTA-1,5,30.0,104.0
1093,1093,CCATTGGCAATTCTCA-1,1,35.0,7.0
1094,1094,CCGAAGCCAGGTTCAG-1,7,72.0,66.0
1095,1095,CCGACAACGTCATCGG-1,9,33.0,79.0
1096,1096,CCGACAAGACTGTACT-1,1,32.0,92.0
1097,1097,CCGACAGACTGTGCCT-1,4,23.0,67.0
1098,1098,CCGAGGATGACTCGTC-1,1,37.0,63.0
1099,1099,CCGATAATGGAGCCTT-1,9,45.0,101.0
1100,1100,CCGATGGAACATCAGC-1,1,41.0,91.0
1101,1101,CCGATTAGCGAGTGTA-1,8,62.0,92.0
1102,1102,CCGATTCCATAAGAGT-1,0,22.0,98.0
1103,1103,CCGATTCCTCACTACA-1,6,25.0,91.0
1104,1104,CCGCAAGGAAGGAGGC-1,4,24.0,14.0
1105,1105,CCGCAAGGTACCGTTG-1,5,50.0,94.0
1106,1106,CCGCAAGTAGCGGACT-1,3,43.0,3.0
1107,1107,CCGCAATCCGTGGTTG-1,0,64.0,84.0
1108,1108,CCGCATAGTACAGGTT-1,2,9.0,69.0
1109,1109,CCGCATGTAGTTAGAC-1,1,23.0,17.0
1110,1110,CCGCCACTGCGTTGGC-1,1,25.0,9.0
1111,1111,CCGCCATACTTCACCA-1,1,34.0,32.0
1112,1112,CCGCGACCGTAGCTAT-1,4,24.0,2.0
1113,1113,CCGCGAGGTGCGATGG-1,3,64.0,36.0
1114,1114,CCGCGTATCGTTGCAG-1,8,61.0,55.0
1115,1115,CCGCGTCGTTGGTCTG-1,9,26.0,58.0
1116,1116,CCGCGTTACCTTGGCG-1,1,28.0,46.0
1117,1117,CCGCTCAATCTGGAAC-1,5,13.0,61.0
1118,1118,CCGCTCATACAAGTCA-1,9,55.0,31.0
1119,1119,CCGCTCGCTAGTCTAA-1,7,46.0,32.0
1120,1120,CCGCTCTGCTGAATTC-1,5,40.0,102.0
1121,1121,CCGCTCTGGATATCGG-1,7,70.0,38.0
1122,1122,CCGCTGTCACCTGCAA-1,1,46.0,64.0
1123,1123,CCGCTGTTGCCATACG-1,8,38.0,88.0
1124,1124,CCGGAGAAGCTAACCA-1,8,48.0,68.0
1125,1125,CCGGAGACAAGAATAA-1,3,51.0,105.0
1126,1126,CCGGATCTCCGAAGCG-1,8,61.0,63.0
1127,1127,CCGGCAATGAAGTGAA-1,1,33.0,23.0
1128,1128,CCGGCATAGGCAAGTG-1,2,14.0,78.0
1129,1129,CCGGCGAACCGTGCAC-1,6,30.0,62.0
1130,1130,CCGGCGCAGCATGCGA-1,8,51.0,67.0
1131,1131,CCGGCGCTAAGGATGA-1,6,40.0,22.0
1132,1132,CCGGCGTCCTCATTGT-1,5,15.0,45.0
1133,1133,CCGGCGTCTTAATAAG-1,8,43.0,87.0
1134,1134,CCGTATAATCTGGCCG-1,9,58.0,76.0
1135,1135,CCGTCTTATGGACGAG-1,9,55.0,83.0
1136,1136,CCGTGAAGGATAACAG-1,5,26.0,72.0
1137,1137,CCGTGCACATCTGGCA-1,0,61.0,17.0
1138,1138,CCGTGCTGGCAATATG-1,8,61.0,25.0
1139,1139,CCGTGGCGTCGGTGCT-1,6,9.0,51.0
1140,1140,CCTAACGCGATTGCAT-1,0,62.0,18.0
1141,1141,CCTAACTTATGTTGGA-1,5,19.0,57.0
1142,1142,CCTAAGCATGCCTTGT-1,6,26.0,82.0
1143,1143,CCTAATAGCGGACAGA-1,2,12.0,74.0
1144,1144,CCTAATCAGGCCATTA-1,4,10.0,30.0
1145,1145,CCTAATCCACAAGGAT-1,6,23.0,63.0
1146,1146,CCTAATCGGCAGTCAC-1,0,70.0,64.0
1147,1147,CCTAATGGCACTGTTC-1,5,36.0,104.0
1148,1148,CCTACACCGACATTAC-1,9,43.0,43.0
1149,1149,CCTACCACTCCAGTTA-1,6,31.0,79.0
1150,1150,CCTACCATCGCAGTAT-1,1,32.0,8.0
1151,1151,CCTACCATGTGATCAC-1,6,42.0,24.0
1152,1152,CCTACGAGCTGGCCGG-1,1,27.0,75.0
1153,1153,CCTAGCCTAGTACCGG-1,5,52.0,66.0
1154,1154,CCTAGCCTTCATCGGC-1,8,47.0,59.0
1155,1155,CCTAGTCAGCGAACCA-1,0,56.0,104.0
1156,1156,CCTAGTCAGTCCTTAT-1,5,27.0,27.0
1157,1157,CCTATGATGGTCAATG-1,3,67.0,51.0
1158,1158,CCTATGCCAGCAATCC-1,8,54.0,66.0
1159,1159,CCTATGCCGTCGGCAC-1,8,60.0,36.0
1160,1160,CCTATGCCTTCTTGTT-1,4,28.0,94.0
1161,1161,CCTATGTCTTACCGGC-1,1,53.0,83.0
1162,1162,CCTCACAATACAACTG-1,4,14.0,28.0
1163,1163,CCTCACATGTACCTGG-1,3,64.0,44.0
1164,1164,CCTCACATGTCTTACT-1,1,20.0,38.0
1165,1165,CCTCACCTAGTGGCAA-1,6,29.0,87.0
1166,1166,CCTCACGTTACTCGCA-1,4,17.0,89.0
1167,1167,CCTCACTTCCTTCCGA-1,4,39.0,7.0
1168,1168,CCTCATGATTATCTGA-1,5,27.0,29.0
1169,1169,CCTCCGAAGCTGTACC-1,0,69.0,47.0
1170,1170,CCTCGATAGAATAGGA-1,5,27.0,73.0
1171,1171,CCTCGGAAGGCATGCA-1,5,44.0,110.0
1172,1172,CCTCGGATCTTGCGGT-1,9,50.0,78.0
1173,1173,CCTCGGCGCCGATTGA-1,2,3.0,29.0
1174,1174,CCTCGGTATGACAGTA-1,9,46.0,102.0
1175,1175,CCTCTACCGTGATTGG-1,9,33.0,67.0
1176,1176,CCTCTATGTTGCTTAT-1,3,67.0,27.0
1177,1177,CCTCTTCGAGCGGTTG-1,7,31.0,113.0
1178,1178,CCTGAAGCAATGCACG-1,5,12.0,14.0
1179,1179,CCTGAAGCGTATAGCA-1,9,44.0,36.0
1180,1180,CCTGAAGTGCATGCAT-1,3,64.0,42.0
1181,1181,CCTGCTCGCCGTCCAG-1,8,45.0,29.0
1182,1182,CCTGGATTGCGTAACA-1,3,64.0,80.0
1183,1183,CCTGGCATACCTGTCA-1,5,9.0,19.0
1184,1184,CCTGGCTTATGGTCTG-1,6,37.0,87.0
1185,1185,CCTGTCCTCAGTTGTA-1,1,40.0,36.0
1186,1186,CCTGTCTAAGTAGGCT-1,7,30.0,114.0
1187,1187,CCTGTCTGATAGGTGA-1,5,32.0,56.0
1188,1188,CCTGTCTGCATAGGTC-1,8,45.0,77.0
1189,1189,CCTGTCTTACAATCCT-1,4,12.0,32.0
1190,1190,CCTTAGATCTGTAATA-1,4,12.0,36.0
1191,1191,CCTTAGTCTGTCACTG-1,6,40.0,14.0
1192,1192,CCTTAGTTATACCAGA-1,1,29.0,9.0
1193,1193,CCTTATGAGGCGTTCC-1,2,4.0,22.0
1194,1194,CCTTCACCGACGGACA-1,4,14.0,30.0
1195,1195,CCTTCCAACCTTCAGA-1,6,39.0,33.0
1196,1196,CCTTCCACTGCCTAAG-1,4,7.0,23.0
1197,1197,CCTTCCGCTCCGGCAT-1,8,51.0,57.0
1198,1198,CCTTGTCTACTTAGAC-1,5,33.0,107.0
1199,1199,CCTTGTCTTACGGTTC-1,4,53.0,31.0
1200,1200,CCTTGTGATGGTCTAG-1,9,44.0,80.0
1201,1201,CGAACCAGAAGTCTGG-1,6,30.0,70.0
1202,1202,CGAACGTGAAGTCCAA-1,3,66.0,30.0
1203,1203,CGAACTACAGATGTAA-1,1,41.0,33.0
1204,1204,CGAAGACCGCCAGGCG-1,4,27.0,31.0
1205,1205,CGAAGATCCGAAGGCA-1,3,65.0,29.0
1206,1206,CGAAGTCGTTGGCTCG-1,4,25.0,7.0
1207,1207,CGAATCCTGATAGGTG-1,4,8.0,16.0
1208,1208,CGAATGGACCGTCTTG-1,6,38.0,92.0
1209,1209,CGAATTACTGCTCCGG-1,3,58.0,86.0
1210,1210,CGACAAGTACTCCTTA-1,1,30.0,50.0
1211,1211,CGACAATCATACGCAC-1,1,15.0,41.0
1212,1212,CGACAATTATTCTGTC-1,6,40.0,68.0
1213,1213,CGACAATTCGTCATGT-1,7,70.0,68.0
1214,1214,CGACATTGTATGGAGG-1,5,28.0,26.0
1215,1215,CGACCAGAACTGTCAT-1,6,11.0,45.0
1216,1216,CGACCAGAAGGATCCG-1,9,32.0,68.0
1217,1217,CGACCAGATTCAGTGA-1,1,47.0,37.0
1218,1218,CGACCAGCCTTGATTA-1,4,27.0,93.0
1219,1219,CGACCTATACTGACGT-1,6,22.0,20.0
1220,1220,CGACCTGCATCTGCAT-1,6,33.0,25.0
1221,1221,CGACCTTGGCGTTCTA-1,8,55.0,9.0
1222,1222,CGACGCAACATGGCGA-1,8,62.0,90.0
1223,1223,CGACGCAGCCTTAGTC-1,8,46.0,92.0
1224,1224,CGACGCCAAGGTGCAA-1,1,36.0,22.0
1225,1225,CGACGCCGCAAGTAGC-1,3,42.0,112.0
1226,1226,CGACGCCGGAGTTGAG-1,7,72.0,48.0
1227,1227,CGACGCTCCGCACGTG-1,9,50.0,46.0
1228,1228,CGACTAATCGGCTCCT-1,4,11.0,11.0
1229,1229,CGACTAATGTTAGGCT-1,9,66.0,76.0
1230,1230,CGACTAGGAGATAAGC-1,1,47.0,39.0
1231,1231,CGACTAGGTCCTTAAC-1,8,51.0,51.0
1232,1232,CGACTGAACGAATGCT-1,9,24.0,100.0
1233,1233,CGACTTCACTCGGCAT-1,1,42.0,36.0
1234,1234,CGACTTCGCAAGCGGT-1,2,14.0,92.0
1235,1235,CGAGATGCGGTATGCG-1,1,50.0,24.0
1236,1236,CGAGCCTGCAAGGTTA-1,1,30.0,18.0
1237,1237,CGAGCGAGCCACGCTA-1,9,32.0,30.0
1238,1238,CGAGCGGCACAGTAGG-1,0,26.0,104.0
1239,1239,CGAGCGTAATGGAGTG-1,5,41.0,111.0
1240,1240,CGAGCGTATGCCAGCG-1,3,70.0,58.0
1241,1241,CGAGCGTGCATTGTGG-1,3,68.0,38.0
1242,1242,CGAGCGTGGACTGGAA-1,2,15.0,85.0
1243,1243,CGAGCTATGTCCTCGC-1,5,18.0,54.0
1244,1244,CGAGCTTAGAATACCT-1,1,37.0,99.0
1245,1245,CGAGGAAGACTTAGAT-1,9,41.0,73.0
1246,1246,CGAGGACGTAATAGGC-1,7,71.0,59.0
1247,1247,CGAGGAGCATGCTATG-1,2,70.0,24.0
1248,1248,CGAGGAGCGTTCGTTA-1,6,32.0,82.0
1249,1249,CGAGGAGTCTAAGGAT-1,5,29.0,65.0
1250,1250,CGAGGATTCGATCATA-1,1,42.0,84.0
1251,1251,CGAGGCATCCAAGTCC-1,5,11.0,47.0
1252,1252,CGAGTCACTCATAGAT-1,9,52.0,56.0
1253,1253,CGAGTCATCCGCACCA-1,5,43.0,45.0
1254,1254,CGAGTCCATGTCAACA-1,3,67.0,37.0
1255,1255,CGAGTCCGTTGGAACT-1,1,39.0,17.0
1256,1256,CGAGTCTTGTACTGCC-1,7,72.0,60.0
1257,1257,CGAGTGCGGCTCGTGG-1,6,44.0,64.0
1258,1258,CGATAAGAATTCCAGT-1,8,38.0,50.0
1259,1259,CGATAAGGATAGGCAA-1,1,39.0,27.0
1260,1260,CGATAAGGTGCCTGAC-1,9,34.0,82.0
1261,1261,CGATGACCTCATCCTC-1,3,67.0,39.0
1262,1262,CGATGAGGCCAACGTA-1,8,41.0,89.0
1263,1263,CGATGATCAGCTATAA-1,5,25.0,39.0
1264,1264,CGATGATCCTGCAGCC-1,7,65.0,15.0
1265,1265,CGATGCACCAGGCCTC-1,3,32.0,62.0
1266,1266,CGATGTCCGACTACAG-1,8,39.0,55.0
1267,1267,CGATTAACTAATCTTA-1,0,68.0,50.0
1268,1268,CGATTGGAACAGGCCA-1,4,38.0,6.0
1269,1269,CGCAACCATGCACCGA-1,1,27.0,57.0
1270,1270,CGCAATGTATCCAATG-1,1,23.0,11.0
1271,1271,CGCACGCAGGTAAGTC-1,4,26.0,32.0
1272,1272,CGCACGCATAATGGTG-1,2,8.0,8.0
1273,1273,CGCACGGCTGTCAGGT-1,6,17.0,65.0
1274,1274,CGCACGTAGCATTGTT-1,5,47.0,107.0
1275,1275,CGCACGTATGAAGGCC-1,3,62.0,86.0
1276,1276,CGCACGTGACTGTTGG-1,1,42.0,12.0
1277,1277,CGCACTAACTACCGGT-1,5,17.0,53.0
1278,1278,CGCACTCACCAGCACG-1,0,68.0,74.0
1279,1279,CGCACTGTGAGCCTGT-1,8,26.0,52.0
1280,1280,CGCACTTAAGGCATGC-1,3,57.0,97.0
1281,1281,CGCAGACACTGGCGTA-1,8,59.0,31.0
1282,1282,CGCAGAGCAGTCCGAG-1,4,21.0,23.0
1283,1283,CGCAGATAGATGTTCT-1,9,43.0,47.0
1284,1284,CGCAGATATGGACAGT-1,2,9.0,75.0
1285,1285,CGCAGATTCGACCGAA-1,8,45.0,33.0
1286,1286,CGCATCTTGACTTAGT-1,5,26.0,46.0
1287,1287,CGCATGAGGAGCGTCT-1,6,27.0,85.0
1288,1288,CGCATGGAATTCACGA-1,5,42.0,106.0
1289,1289,CGCCAACCTGGCGAAT-1,4,8.0,12.0
1290,1290,CGCCACAATAGCTCAA-1,1,16.0,30.0
1291,1291,CGCCACATGCGTCCAA-1,0,41.0,119.0
1292,1292,CGCCATGAGGCGATGA-1,9,35.0,41.0
1293,1293,CGCCGGTATCTAGCAC-1,6,53.0,25.0
1294,1294,CGCCTCGAGCCACTCG-1,4,33.0,93.0
1295,1295,CGCCTCGATAATGCGG-1,8,40.0,100.0
1296,1296,CGCCTCGGAACTGTGC-1,7,18.0,94.0
1297,1297,CGCCTCGTACGAAGGC-1,0,59.0,27.0
1298,1298,CGCCTCTAATTCGCGG-1,6,36.0,34.0
1299,1299,CGCCTCTACTCGGAAC-1,3,63.0,35.0
1300,1300,CGCCTCTGACTATTGT-1,3,67.0,29.0
1301,1301,CGCCTTACGAGTAGCG-1,1,19.0,37.0
1302,1302,CGCCTTAGGATCGGCA-1,8,55.0,37.0
1303,1303,CGCCTTATCTTGGCGA-1,1,33.0,91.0
1304,1304,CGCCTTGACGTGAATC-1,1,19.0,17.0
1305,1305,CGCCTTGTGAAGTCTA-1,5,38.0,76.0
1306,1306,CGCTACTCAGCCATAG-1,0,69.0,61.0
1307,1307,CGCTAGACTTCATCAC-1,4,16.0,42.0
1308,1308,CGCTAGCCGCATGCAT-1,9,54.0,80.0
1309,1309,CGCTATAGTCTTCATC-1,0,27.0,109.0
1310,1310,CGCTATGGTTGGTTAA-1,2,16.0,88.0
1311,1311,CGCTATTAATCTATAA-1,5,45.0,111.0
1312,1312,CGCTATTATGATACGT-1,5,24.0,52.0
1313,1313,CGCTCGCAATTGGCGA-1,1,43.0,39.0
1314,1314,CGCTCGGCCGGTTGTC-1,1,49.0,63.0
1315,1315,CGCTCGGTACTGCGAA-1,5,37.0,73.0
1316,1316,CGCTGCAATCGCTGTT-1,7,66.0,22.0
1317,1317,CGCTGCGAGTCCACAT-1,9,65.0,71.0
1318,1318,CGCTGCTATGACAGAC-1,7,32.0,112.0
1319,1319,CGCTGCTTCGCATACT-1,6,33.0,81.0
1320,1320,CGCTGTGACATAGGCA-1,9,54.0,76.0
1321,1321,CGCTTAGAATTCTTAC-1,9,57.0,33.0
1322,1322,CGCTTATGGTTAGGAT-1,9,42.0,70.0
1323,1323,CGCTTGCGTACGGCAC-1,1,26.0,10.0
1324,1324,CGCTTGGCTTGGATCT-1,4,18.0,92.0
1325,1325,CGGACTGTGAGTATAG-1,6,46.0,56.0
1326,1326,CGGAGCCGCAATAGCC-1,3,58.0,98.0
1327,1327,CGGAGCGGTAAGACGC-1,4,37.0,41.0
1328,1328,CGGAGCTCACTTGCAT-1,4,34.0,2.0
1329,1329,CGGAGGCTAGTCGGCA-1,5,12.0,56.0
1330,1330,CGGAGTAAGTGCACAT-1,1,48.0,22.0
1331,1331,CGGAGTCTTACGTGAA-1,5,44.0,22.0
1332,1332,CGGAGTGGCGACTAAG-1,8,48.0,100.0
1333,1333,CGGAGTGGTCAAGTAT-1,5,50.0,68.0
1334,1334,CGGATGTTGAACCACG-1,6,57.0,63.0
1335,1335,CGGATTCCAGACGGTT-1,6,49.0,35.0
1336,1336,CGGATTGCGTCTACCT-1,8,58.0,58.0
1337,1337,CGGCAACCACTAGCAT-1,1,22.0,72.0
1338,1338,CGGCAACCTAAGTCCA-1,8,40.0,82.0
1339,1339,CGGCAAGATGCGTCGG-1,5,28.0,34.0
1340,1340,CGGCAATCAACGTGGA-1,6,59.0,65.0
1341,1341,CGGCACTCCGGTTCGC-1,9,32.0,34.0
1342,1342,CGGCACTCTAGCGGAA-1,4,10.0,36.0
1343,1343,CGGCATGGCCGCTTGT-1,7,66.0,88.0
1344,1344,CGGCATTATCGCGTGG-1,6,18.0,68.0
1345,1345,CGGCCTAACGATAATG-1,3,56.0,84.0
1346,1346,CGGCCTGCGATCGATG-1,4,39.0,5.0
1347,1347,CGGCCTGTCTGTCTGT-1,1,13.0,31.0
1348,1348,CGGCGTAGCGCTAGGA-1,8,52.0,52.0
1349,1349,CGGCGTTGGTTGCAGC-1,9,57.0,19.0
1350,1350,CGGCTCGTGGAGTACT-1,4,51.0,9.0
1351,1351,CGGCTTACGTGCACGA-1,1,30.0,12.0
1352,1352,CGGCTTATTCGCTAAT-1,1,22.0,12.0
1353,1353,CGGCTTCTACGATATG-1,2,11.0,83.0
1354,1354,CGGCTTGTGCCGGCCT-1,8,58.0,36.0
1355,1355,CGGTAGAACGTGACTT-1,1,39.0,29.0
1356,1356,CGGTAGATTCCTATGC-1,1,39.0,31.0
1357,1357,CGGTATAGGATGAGCG-1,1,29.0,51.0
1358,1358,CGGTCAACGGCGGATT-1,6,38.0,20.0
1359,1359,CGGTCATGGAGGACTC-1,6,46.0,44.0
1360,1360,CGGTCCATGCGACTCC-1,2,8.0,74.0
1361,1361,CGGTCCATTACAACTA-1,8,40.0,44.0
1362,1362,CGGTCCGGTTCTTAGC-1,8,50.0,26.0
1363,1363,CGGTCTAGATCGAATG-1,8,62.0,58.0
1364,1364,CGGTCTGCGGACTCTG-1,7,6.0,26.0
1365,1365,CGGTCTGCGTATCTGG-1,3,63.0,83.0
1366,1366,CGGTCTGCTTGAATGA-1,6,53.0,9.0
1367,1367,CGGTCTTGCTATTCTA-1,6,33.0,21.0
1368,1368,CGGTGAACGGTTAGAT-1,8,50.0,22.0
1369,1369,CGGTGAACTCACATTG-1,4,42.0,30.0
1370,1370,CGGTTATCTGTCTTAA-1,5,31.0,61.0
1371,1371,CGGTTGATTGAGCGCC-1,1,15.0,25.0
1372,1372,CGTAACATAAGTCATC-1,2,16.0,84.0
1373,1373,CGTAACATCGTTACGG-1,4,35.0,1.0
1374,1374,CGTAACATTCGCGATA-1,5,26.0,88.0
1375,1375,CGTAACATTGGCTGAG-1,5,30.0,100.0
1376,1376,CGTAACCTGACATCGA-1,4,15.0,51.0
1377,1377,CGTAAGCCGACCGCTT-1,4,47.0,21.0
1378,1378,CGTACAGACGAGGACC-1,5,20.0,58.0
1379,1379,CGTACAGGCCGCACTG-1,7,15.0,71.0
1380,1380,CGTACAGTAAGTAATG-1,0,27.0,105.0
1381,1381,CGTACATCACTGGATG-1,6,37.0,37.0
1382,1382,CGTAGCCAAGTCCGTC-1,4,39.0,21.0
1383,1383,CGTAGCCTTGAGCAAG-1,7,13.0,71.0
1384,1384,CGTAGTACAAGGTACT-1,3,64.0,48.0
1385,1385,CGTAGTACGCATAATG-1,9,40.0,58.0
1386,1386,CGTAGTGACTCAAGGA-1,8,48.0,96.0
1387,1387,CGTAGTTCGTTGGTAG-1,4,31.0,99.0
1388,1388,CGTCAAGGCGGAATGT-1,9,40.0,66.0
1389,1389,CGTCAGAACGTTGCCG-1,8,49.0,79.0
1390,1390,CGTCCAATCTGCGTCC-1,9,54.0,46.0
1391,1391,CGTCCACCATTCGGTG-1,4,21.0,3.0
1392,1392,CGTCCATAATCCGCTT-1,8,59.0,23.0
1393,1393,CGTCCATCCTAGCATC-1,3,63.0,59.0
1394,1394,CGTCCATCGTCCAATA-1,1,46.0,52.0
1395,1395,CGTCCATGTAGCGTCT-1,3,57.0,89.0
1396,1396,CGTCGGCAGACGGTAT-1,8,39.0,53.0
1397,1397,CGTCGGCGGTAGATCA-1,1,32.0,14.0
1398,1398,CGTGAGCAATGGACAT-1,8,61.0,49.0
1399,1399,CGTGAGCTGTTATCGT-1,8,62.0,76.0
1400,1400,CGTGAGGCCTACAAGT-1,5,14.0,6.0
1401,1401,CGTGCGGATTCATGTA-1,1,23.0,37.0
1402,1402,CGTGGCTCCTTGTCTT-1,1,36.0,36.0
1403,1403,CGTGTACGATGATTGT-1,8,46.0,104.0
1404,1404,CGTGTAGTATTCTTGG-1,1,11.0,21.0
1405,1405,CGTGTTAACCTGAAGC-1,0,52.0,10.0
1406,1406,CGTGTTACCATATGTA-1,1,40.0,8.0
1407,1407,CGTGTTAGATGGTATC-1,5,33.0,31.0
1408,1408,CGTGTTGGACGTCTGG-1,4,10.0,44.0
1409,1409,CGTTAACGAGAAGGAC-1,2,4.0,28.0
1410,1410,CGTTACAGTGCACTCA-1,4,19.0,43.0
1411,1411,CGTTCCTGTCACCGTG-1,2,9.0,73.0
1412,1412,CGTTCTCGAGGTTCGC-1,8,43.0,117.0
1413,1413,CGTTGGTCGTCACTGT-1,6,44.0,42.0
1414,1414,CGTTGGTGGCGTCTGC-1,2,5.0,53.0
1415,1415,CGTTGTGAGCAAGTGG-1,5,35.0,93.0
1416,1416,CTAACAGTATACCGGC-1,5,28.0,92.0
1417,1417,CTAACCTCACCGAAGA-1,4,8.0,22.0
1418,1418,CTAACGTGAATGATGT-1,1,37.0,3.0
1419,1419,CTAACGTTAGGCAATG-1,8,42.0,6.0
1420,1420,CTAAGCGTGCCTGCAA-1,9,34.0,80.0
1421,1421,CTAAGCTCCACGATCA-1,1,57.0,71.0
1422,1422,CTAAGCTTACAGTACG-1,9,55.0,79.0
1423,1423,CTAAGTCAAGATCATG-1,8,60.0,62.0
1424,1424,CTAAGTGGCCGATTAG-1,1,34.0,36.0
1425,1425,CTAATCACTCCGAGAC-1,7,69.0,37.0
1426,1426,CTAATCTGGCCGTGTT-1,9,28.0,60.0
1427,1427,CTAATGACATCATTCT-1,4,23.0,89.0
1428,1428,CTAATGAGCGAGGCTA-1,4,23.0,79.0
1429,1429,CTAATTATGTTGCCGC-1,7,64.0,88.0
1430,1430,CTACAACCGCTGTCTA-1,4,23.0,59.0
1431,1431,CTACAGAACCAGTTGA-1,1,19.0,75.0
1432,1432,CTACAGAATTAATGAC-1,8,52.0,70.0
1433,1433,CTACAGATCGGTCGCC-1,9,34.0,48.0
1434,1434,CTACAGATGGTCATAC-1,8,30.0,36.0
1435,1435,CTACAGCGTCTACACT-1,8,46.0,70.0
1436,1436,CTACAGGTAGAATTCC-1,3,61.0,89.0
1437,1437,CTACAGGTCGCTAAGC-1,8,55.0,25.0
1438,1438,CTACATCTACTGGCTT-1,6,43.0,63.0
1439,1439,CTACCAGACCTCTTAG-1,1,40.0,46.0
1440,1440,CTACCAGGAGACATCT-1,8,57.0,47.0
1441,1441,CTACCATCGATGAGAA-1,3,68.0,32.0
1442,1442,CTACCTGTGCGATGTA-1,4,13.0,1.0
1443,1443,CTACCTTATCAACTGA-1,9,48.0,102.0
1444,1444,CTACGAATCAGCCTGG-1,6,11.0,63.0
1445,1445,CTACGAATTGGCTGGT-1,8,45.0,95.0
1446,1446,CTACGAGCCGGACGGT-1,4,32.0,18.0
1447,1447,CTACGAGCCTGGAGAC-1,4,48.0,12.0
1448,1448,CTACGATGCGTCCGGC-1,7,60.0,100.0
1449,1449,CTACGCTACATCTGTT-1,4,16.0,48.0
1450,1450,CTACGCTTAGAAGTGC-1,6,21.0,85.0
1451,1451,CTACTCGGCGTCTAAT-1,2,5.0,43.0
1452,1452,CTACTGCTCCGACAGT-1,1,44.0,94.0
1453,1453,CTACTTATGAACATAA-1,2,12.0,82.0
1454,1454,CTAGACGATTGAGCTA-1,8,50.0,96.0
1455,1455,CTAGCAACCAGTGCGG-1,3,49.0,107.0
1456,1456,CTAGCACGATCACTGT-1,3,55.0,95.0
1457,1457,CTAGCACGCCAAGCTT-1,2,8.0,66.0
1458,1458,CTAGCATAGAGCGAGC-1,8,66.0,64.0
1459,1459,CTAGCCGAAGATGGAC-1,5,12.0,50.0
1460,1460,CTAGCCGATTCAATGC-1,7,8.0,40.0
1461,1461,CTAGCGCCTAGCTTAA-1,5,14.0,62.0
1462,1462,CTAGGACGCAAGCATT-1,1,16.0,40.0
1463,1463,CTAGGCCAGGAGTACG-1,9,49.0,67.0
1464,1464,CTAGTCAGGCGACAGT-1,8,23.0,15.0
1465,1465,CTAGTTATGTCCAAGG-1,1,27.0,9.0
1466,1466,CTATAACCAGCAGTAT-1,5,41.0,5.0
1467,1467,CTATAACTACGCCTGG-1,7,59.0,9.0
1468,1468,CTATAACTCCTGGAGG-1,3,63.0,49.0
1469,1469,CTATACCGACTCGCAT-1,6,49.0,61.0
1470,1470,CTATAGATCCACAAGC-1,6,25.0,97.0
1471,1471,CTATCCATTAGCTCGA-1,8,30.0,32.0
1472,1472,CTATCCATTGAGCCAC-1,7,47.0,35.0
1473,1473,CTATCCGCTGCAATTG-1,9,24.0,24.0
1474,1474,CTATCCGTACGTTGGC-1,7,10.0,4.0
1475,1475,CTATCGAATGGTCTGT-1,7,71.0,43.0
1476,1476,CTATCGAGATGCCTAC-1,6,16.0,58.0
1477,1477,CTATCGGATATCGGAG-1,6,30.0,66.0
1478,1478,CTATCGGCTTAACTAG-1,4,14.0,20.0
1479,1479,CTATCGTATCAGCGTG-1,1,19.0,19.0
1480,1480,CTATCGTATGATAGGA-1,3,50.0,110.0
1481,1481,CTATCGTTACAACCTT-1,9,64.0,68.0
1482,1482,CTATGCCACGAGGCTG-1,4,16.0,4.0
1483,1483,CTATGCCATGCGGACA-1,5,63.0,87.0
1484,1484,CTATGCCATTGGAGAA-1,7,72.0,54.0
1485,1485,CTATGCCGTACAGCGT-1,5,44.0,74.0
1486,1486,CTATGGCCAACGCCGG-1,0,38.0,118.0
1487,1487,CTATGTAGGCCGAACG-1,9,34.0,76.0
1488,1488,CTATGTCGTTCCGCTA-1,5,28.0,0.0
1489,1489,CTATGTGCCTTCAGGT-1,5,14.0,8.0
1490,1490,CTATGTGCGGTTGACT-1,6,35.0,63.0
1491,1491,CTATTAAGCCAGCACT-1,8,60.0,42.0
1492,1492,CTATTAGCGGCTTCGT-1,5,19.0,53.0
1493,1493,CTATTAGTACTGGCTC-1,6,33.0,5.0
1494,1494,CTATTATGAGATACGA-1,1,30.0,24.0
1495,1495,CTATTATGGCACCTCG-1,4,21.0,17.0
1496,1496,CTATTCCGGCCGTCGG-1,5,51.0,75.0
1497,1497,CTATTCGTCTTACATA-1,9,55.0,87.0
1498,1498,CTATTCTGCAACGCAC-1,1,14.0,40.0
1499,1499,CTATTCTGTAGGACCT-1,1,32.0,96.0
1500,1500,CTCAACATCCAGATTG-1,4,14.0,2.0
1501,1501,CTCAAGATACAACGGA-1,7,53.0,3.0
1502,1502,CTCAATACGTTAACCG-1,9,40.0,64.0
1503,1503,CTCAATGACCATTAAG-1,6,38.0,60.0
1504,1504,CTCAATTGGCGATTCC-1,3,65.0,79.0
1505,1505,CTCACCAGGAATTGAC-1,3,65.0,31.0
1506,1506,CTCACCGAGGATCCGC-1,4,8.0,32.0
1507,1507,CTCACCGCTCTAATCA-1,4,39.0,3.0
1508,1508,CTCACCTGAGACTAAG-1,1,47.0,61.0
1509,1509,CTCACCTGCCGACTAA-1,6,42.0,96.0
1510,1510,CTCACCTGGCTTAGGT-1,3,66.0,28.0
1511,1511,CTCACCTTAATAAGAT-1,1,56.0,50.0
1512,1512,CTCACCTTATCTCCTT-1,4,9.0,41.0
1513,1513,CTCACCTTCTGAAGTA-1,4,17.0,59.0
1514,1514,CTCACGAGTAGATGAG-1,6,47.0,53.0
1515,1515,CTCACGATCTCCGGAG-1,6,35.0,19.0
1516,1516,CTCACGTATTCAAGCG-1,6,24.0,90.0
1517,1517,CTCACGTTCGGTCTGC-1,5,30.0,76.0
1518,1518,CTCAGAAGACAACTCG-1,8,50.0,60.0
1519,1519,CTCAGGATACGCGGCA-1,9,51.0,47.0
1520,1520,CTCAGGCACGTCAGAC-1,1,36.0,28.0
1521,1521,CTCAGGTCACTACAGC-1,9,40.0,50.0
1522,1522,CTCAGGTCGTGCTCGC-1,1,39.0,15.0
1523,1523,CTCATAGCCAATGTCG-1,8,44.0,90.0
1524,1524,CTCATCCTGGCAAGTC-1,6,35.0,87.0
1525,1525,CTCCACGCTAGCTAGA-1,1,39.0,41.0
1526,1526,CTCCACTGGCTAATGG-1,5,41.0,113.0
1527,1527,CTCCAGAATATTACAT-1,0,51.0,5.0
1528,1528,CTCCATGGCGACCAGT-1,8,53.0,55.0
1529,1529,CTCCGCAGCCGCCTTC-1,4,36.0,0.0
1530,1530,CTCCGGATCCTCGCTC-1,9,57.0,93.0
1531,1531,CTCCGGCCTACAGCTT-1,5,47.0,85.0
1532,1532,CTCCGGTTCAGCGGAT-1,0,62.0,22.0
1533,1533,CTCCTACATTGTATCT-1,9,40.0,62.0
1534,1534,CTCCTACCTCGTGGTA-1,5,31.0,107.0
1535,1535,CTCCTACTTGAGTAAG-1,8,58.0,96.0
1536,1536,CTCCTGTCGAAGCCAA-1,1,37.0,19.0
1537,1537,CTCCTTATCTTAAGAC-1,6,24.0,80.0
1538,1538,CTCCTTATGGAACCTT-1,1,53.0,33.0
1539,1539,CTCGACAGCACTCGGA-1,1,47.0,65.0
1540,1540,CTCGACTCCTAATGGA-1,6,35.0,69.0
1541,1541,CTCGATGCGGTGTTAA-1,8,58.0,74.0
1542,1542,CTCGATGTTGAACGGC-1,9,55.0,85.0
1543,1543,CTCGATGTTGCTATGT-1,8,29.0,31.0
1544,1544,CTCGCATACTCAACTC-1,8,49.0,21.0
1545,1545,CTCGCTAGCACCATCT-1,1,48.0,64.0
1546,1546,CTCGCTGTTCATAGAT-1,1,20.0,62.0
1547,1547,CTCGGAATTCTTGATA-1,1,46.0,26.0
1548,1548,CTCGGACTAACGTGGC-1,4,22.0,26.0
1549,1549,CTCGGAGTCTTAAGGA-1,8,36.0,26.0
1550,1550,CTCGGATCGGAATACG-1,9,45.0,87.0
1551,1551,CTCGGTCTCCAACTGC-1,4,42.0,10.0
1552,1552,CTCGTCGCGATTAATT-1,1,31.0,45.0
1553,1553,CTCGTTCTGTCACGTT-1,1,43.0,91.0
1554,1554,CTGAAGCGGTTGCCAA-1,1,20.0,10.0
1555,1555,CTGAAGCGTGGTGAAG-1,2,6.0,48.0
1556,1556,CTGAAGGAGCCTCACT-1,1,27.0,41.0
1557,1557,CTGAAGGATCTGTACG-1,8,37.0,25.0
1558,1558,CTGAAGGTGCTCGAGG-1,9,46.0,72.0
1559,1559,CTGAAGTGCTATGGCG-1,3,37.0,113.0
1560,1560,CTGAAGTGCTGAACTG-1,5,33.0,85.0
1561,1561,CTGAAGTTGCAGACAT-1,1,33.0,15.0
1562,1562,CTGAATTCGCGTAAGG-1,6,42.0,32.0
1563,1563,CTGACCGCCAATTAGG-1,3,64.0,34.0
1564,1564,CTGACGTATCCGCCAC-1,3,67.0,35.0
1565,1565,CTGACTCCGAATCTGC-1,5,53.0,71.0
1566,1566,CTGACTCGAATTCGTG-1,9,47.0,43.0
1567,1567,CTGACTGATTAGGCTG-1,3,50.0,108.0
1568,1568,CTGACTGGTATGATAA-1,2,8.0,62.0
1569,1569,CTGACTGGTCTACCTT-1,2,7.0,45.0
1570,1570,CTGACTGTGGCCGGTT-1,6,23.0,69.0
1571,1571,CTGATGCCAATGCTTC-1,2,6.0,14.0
1572,1572,CTGATTAACAGCGGCC-1,8,56.0,18.0
1573,1573,CTGATTAACGCAAGAA-1,4,9.0,43.0
1574,1574,CTGATTACAATGTCCA-1,4,12.0,44.0
1575,1575,CTGATTAGGTGCCGAA-1,0,54.0,110.0
1576,1576,CTGATTATCAATAGAC-1,5,44.0,112.0
1577,1577,CTGCATAATGGACCGC-1,0,57.0,103.0
1578,1578,CTGCATTGAGCACGGA-1,2,4.0,46.0
1579,1579,CTGCATTGAGGAGCCG-1,4,9.0,37.0
1580,1580,CTGCCGATTGCGATGT-1,6,26.0,48.0
1581,1581,CTGCCGCTTCGGCTGC-1,1,18.0,10.0
1582,1582,CTGCCGTGAAGTCGCA-1,8,45.0,69.0
1583,1583,CTGCCTCCAACACCAG-1,9,51.0,97.0
1584,1584,CTGCCTGACACGGATT-1,9,52.0,46.0
1585,1585,CTGCCTGTGAGCCAGG-1,2,10.0,80.0
1586,1586,CTGCTCATTAGAGTGC-1,9,34.0,58.0
1587,1587,CTGGAACAATAGACAG-1,5,44.0,34.0
1588,1588,CTGGAAGGCAACCGGA-1,0,69.0,75.0
1589,1589,CTGGAAGTCTAAGCTC-1,7,65.0,87.0
1590,1590,CTGGAATAGGAATTAG-1,7,66.0,24.0
1591,1591,CTGGAATAGTGCAAGT-1,5,31.0,63.0
1592,1592,CTGGAATGGATCAGCA-1,5,24.0,60.0
1593,1593,CTGGCACTTCTGCGTC-1,7,72.0,58.0
1594,1594,CTGGCCTTACCACTTA-1,8,62.0,68.0
1595,1595,CTGGCCTTGCATTCGG-1,9,53.0,45.0
1596,1596,CTGGCGCACTTACTGA-1,1,17.0,61.0
1597,1597,CTGGCGCATATCCGTG-1,0,22.0,102.0
1598,1598,CTGGCGGACAACGCAC-1,8,34.0,18.0
1599,1599,CTGGCTGGACGCTTGG-1,1,27.0,23.0
1600,1600,CTGGTACTCGAAGTGG-1,2,6.0,12.0
1601,1601,CTGGTGAGGTCTCGTC-1,0,64.0,22.0
1602,1602,CTGGTGATCCTGAAGG-1,1,57.0,49.0
1603,1603,CTGGTGATCGCCGTAG-1,4,23.0,39.0
1604,1604,CTGGTGCACCATACCA-1,1,11.0,27.0
1605,1605,CTGGTGCACGATCAAG-1,3,44.0,2.0
1606,1606,CTGGTGCGAGAAGCTT-1,7,68.0,28.0
1607,1607,CTGGTGCGTTCACGAG-1,5,29.0,67.0
1608,1608,CTGGTGCTACAGTATT-1,0,54.0,12.0
1609,1609,CTGGTGCTTATGACCA-1,1,49.0,31.0
1610,1610,CTGGTGGCCAATAAGT-1,1,30.0,80.0
1611,1611,CTGGTTGGACATCACC-1,7,17.0,69.0
1612,1612,CTGGTTGGCTTGTTAC-1,3,66.0,46.0
1613,1613,CTGTATCGGAAGCTCC-1,0,37.0,117.0
1614,1614,CTGTATCTTCGCCATA-1,9,42.0,54.0
1615,1615,CTGTATGGCTCAACAT-1,4,43.0,19.0
1616,1616,CTGTCACTCGGCCTTA-1,9,40.0,78.0
1617,1617,CTGTCAGATCGATGCG-1,4,21.0,49.0
1618,1618,CTGTCAGGCTTCCTAA-1,0,60.0,16.0
1619,1619,CTGTCTATCCACATCT-1,6,30.0,22.0
1620,1620,CTGTGCAGATGATAAT-1,4,15.0,3.0
1621,1621,CTGTGCGTGAGCCGTC-1,7,72.0,64.0
1622,1622,CTGTGGCTTGTCAGCT-1,5,32.0,110.0
1623,1623,CTGTGGTAAGCTAATA-1,9,40.0,110.0
1624,1624,CTGTTATGGCCAGCGG-1,4,8.0,30.0
1625,1625,CTGTTCCAGAAGCTGA-1,8,39.0,69.0
1626,1626,CTGTTCGTATGCACCA-1,9,57.0,53.0
1627,1627,CTGTTCTGCTCAGGAC-1,4,18.0,88.0
1628,1628,CTGTTGCTACTCACAG-1,6,17.0,87.0
1629,1629,CTTACGAACTCCGTCC-1,6,56.0,64.0
1630,1630,CTTACGCAGAGGCTCG-1,2,5.0,33.0
1631,1631,CTTACGCCATGCACAG-1,6,34.0,24.0
1632,1632,CTTACGGTAAGCCGAA-1,9,39.0,63.0
1633,1633,CTTACGTCATCCTTAT-1,9,34.0,52.0
1634,1634,CTTAGCAACTAGGACC-1,1,52.0,16.0
1635,1635,CTTAGCAAGGACAGCC-1,5,36.0,106.0
1636,1636,CTTAGCACGACAGAAC-1,1,33.0,11.0
1637,1637,CTTAGCCTAATGGTAA-1,5,38.0,108.0
1638,1638,CTTAGCGTAGCGTGCG-1,1,20.0,22.0
1639,1639,CTTAGCTACCATCTCA-1,7,72.0,62.0
1640,1640,CTTAGCTACGCAAGGT-1,8,37.0,71.0
1641,1641,CTTAGCTATCCTTGCG-1,1,24.0,12.0
1642,1642,CTTAGCTTAGTTCTCG-1,1,27.0,87.0
1643,1643,CTTAGCTTCGCTGACC-1,1,43.0,9.0
1644,1644,CTTAGTAAGCGTGGCA-1,5,38.0,24.0
1645,1645,CTTAGTCCTCATAAGT-1,4,20.0,16.0
1646,1646,CTTAGTCTATCGAGAC-1,6,36.0,64.0
1647,1647,CTTAGTCTCGACAACT-1,6,24.0,84.0
1648,1648,CTTAGTCTGTGCATCC-1,4,15.0,37.0
1649,1649,CTTAGTCTTATTCGGA-1,8,52.0,94.0
1650,1650,CTTAGTCTTCGATGTC-1,5,14.0,0.0
1651,1651,CTTAGTGCGACCTATT-1,8,58.0,48.0
1652,1652,CTTAGTGCGTTGACGC-1,6,16.0,78.0
1653,1653,CTTAGTGGCTAAGACG-1,1,12.0,54.0
1654,1654,CTTAGTGGTACACGAC-1,9,35.0,43.0
1655,1655,CTTAGTTGCTCGTTGT-1,4,27.0,99.0
1656,1656,CTTAGTTGGAGCGACC-1,3,64.0,30.0
1657,1657,CTTATTCACTAGCTGG-1,4,24.0,98.0
1658,1658,CTTCAAGTCGACCTTC-1,5,30.0,94.0
1659,1659,CTTCATGCCTAGACGG-1,6,10.0,58.0
1660,1660,CTTCATTGGATACCAC-1,5,17.0,39.0
1661,1661,CTTCCAATTGAAGATT-1,1,28.0,48.0
1662,1662,CTTCCACGATCCTGTA-1,2,7.0,71.0
1663,1663,CTTCCACGCCTTCCTG-1,4,13.0,11.0
1664,1664,CTTCCGACGCACAACC-1,8,38.0,82.0
1665,1665,CTTCCGTCGCTGCATC-1,1,26.0,66.0
1666,1666,CTTCGACCAAGCCGAG-1,3,49.0,103.0
1667,1667,CTTCGACTCCAGACTG-1,0,28.0,112.0
1668,1668,CTTCGAGTGATGGAAT-1,4,9.0,13.0
1669,1669,CTTCGATAACATTGGT-1,9,44.0,70.0
1670,1670,CTTCGATACTCCGACC-1,6,38.0,74.0
1671,1671,CTTCGATATGTAGGAG-1,6,22.0,86.0
1672,1672,CTTCGATGGACGTACC-1,2,13.0,77.0
1673,1673,CTTCGCCGCAACATTA-1,8,62.0,70.0
1674,1674,CTTCGGCTCACTACCT-1,9,21.0,97.0
1675,1675,CTTCGTATTAATACGG-1,8,55.0,51.0
1676,1676,CTTCGTCAAGACTCGT-1,9,42.0,50.0
1677,1677,CTTCTGAGCCAGGAAC-1,5,13.0,51.0
1678,1678,CTTCTGAGGTCGCATA-1,4,10.0,6.0
1679,1679,CTTCTGTACGGACATC-1,8,52.0,48.0
1680,1680,CTTGAACCGAGTTAAT-1,1,14.0,10.0
1681,1681,CTTGAACTTAGAGGAA-1,6,49.0,41.0
1682,1682,CTTGAGCCTTGTTCCA-1,8,31.0,35.0
1683,1683,CTTGAGTCCAAGGCTG-1,3,68.0,58.0
1684,1684,CTTGATGCAATCACAA-1,8,58.0,78.0
1685,1685,CTTGCCGGAAGACGCA-1,8,59.0,93.0
1686,1686,CTTGCGTAACAGCAGT-1,9,29.0,33.0
1687,1687,CTTGGACAGGTTAGAA-1,7,67.0,83.0
1688,1688,CTTGGACATTACAGGA-1,7,69.0,33.0
1689,1689,CTTGGAGGCCACCTGC-1,2,16.0,96.0
1690,1690,CTTGGTCGGAAGTAGC-1,0,48.0,2.0
1691,1691,CTTGGTTAGAGTCATC-1,9,31.0,59.0
1692,1692,CTTGTCAAGGCGTCAA-1,3,61.0,91.0
1693,1693,CTTGTCAGTTCGGTAA-1,3,66.0,54.0
1694,1694,GAACAAGGTCGAGCAA-1,5,61.0,71.0
1695,1695,GAACAGATAACCTTAA-1,6,40.0,76.0
1696,1696,GAACAGATCCGCTAGA-1,7,67.0,79.0
1697,1697,GAACATTCGACACGTA-1,6,28.0,52.0
1698,1698,GAACCGAACGAAGACT-1,8,56.0,20.0
1699,1699,GAACGCCACGGTGGTT-1,7,70.0,34.0
1700,1700,GAACGCCAGTGCATAC-1,9,55.0,47.0
1701,1701,GAACGCTAGAAGGCTA-1,5,38.0,100.0
1702,1702,GAACTAACTCTACGTG-1,4,25.0,67.0
1703,1703,GAACTACAAGTAGGAG-1,8,35.0,15.0
1704,1704,GAACTACCTTATCATA-1,8,45.0,81.0
1705,1705,GAACTATCGTCTCGTC-1,5,11.0,13.0
1706,1706,GAACTCATAGTGAGTG-1,9,54.0,58.0
1707,1707,GAACTCCTCATACATA-1,1,63.0,71.0
1708,1708,GAACTCCTGGAGGCTC-1,9,52.0,44.0
1709,1709,GAACTGTAACTCAGGC-1,1,31.0,75.0
1710,1710,GAACTTGGTGAGGATA-1,9,52.0,78.0
1711,1711,GAAGCGATTGCCGAAT-1,4,17.0,19.0
1712,1712,GAAGCGGCTGATCAGT-1,9,56.0,30.0
1713,1713,GAAGCGTCCATAGTTG-1,8,68.0,68.0
1714,1714,GAAGCTGCCTCGTGAG-1,2,6.0,30.0
1715,1715,GAAGCTGTTCTACATC-1,1,31.0,27.0
1716,1716,GAAGCTTGACGCTTAA-1,7,72.0,40.0
1717,1717,GAAGGATGGTATACGT-1,3,67.0,31.0
1718,1718,GAATAAGGAGAACTAA-1,1,43.0,61.0
1719,1719,GAATACAGACGAACTG-1,9,42.0,98.0
1720,1720,GAATACCTGCCACGGC-1,7,70.0,40.0
1721,1721,GAATACTAAGGCGAAT-1,6,30.0,28.0
1722,1722,GAATCAATTACCGACC-1,1,31.0,9.0
1723,1723,GAATCATAGTCTGAAG-1,6,44.0,30.0
1724,1724,GAATCATGAACCAGTG-1,0,55.0,63.0
1725,1725,GAATCATTATGAGCTG-1,2,6.0,42.0
1726,1726,GAATGACAACTAGTCA-1,3,62.0,28.0
1727,1727,GAATGACACGACTAGG-1,8,45.0,51.0
1728,1728,GAATGACCACAATCGA-1,9,50.0,58.0
1729,1729,GAATGAGTATAGACCA-1,8,42.0,104.0
1730,1730,GAATGGCCAAGGAGGC-1,8,56.0,38.0
1731,1731,GAATGTATTGGATCAA-1,1,22.0,30.0
1732,1732,GAATGTGCCTAGCAGA-1,4,14.0,38.0
1733,1733,GAATTAACCTTCAATT-1,9,61.0,57.0
1734,1734,GACAACATCATGCCGC-1,8,47.0,9.0
1735,1735,GACAACCTAGGAGTCT-1,3,64.0,40.0
1736,1736,GACAACGGACTCAGCT-1,9,34.0,62.0
1737,1737,GACAACGGCGATGTTA-1,8,52.0,42.0
1738,1738,GACAACTTAACCAACC-1,6,35.0,81.0
1739,1739,GACAACTTGATTGTGA-1,1,34.0,6.0
1740,1740,GACAAGCTGAATCTGG-1,9,35.0,75.0
1741,1741,GACAAGGTGGTCCGGC-1,5,16.0,0.0
1742,1742,GACAATCTATTAGATT-1,1,24.0,48.0
1743,1743,GACAATGACAAGCTTA-1,4,12.0,52.0
1744,1744,GACAATTGTATGCTTC-1,6,45.0,45.0
1745,1745,GACAGCAACTCAGAAC-1,0,54.0,10.0
1746,1746,GACAGTCACTTCGCTC-1,9,40.0,70.0
1747,1747,GACATCCTCAACCTCG-1,1,14.0,14.0
1748,1748,GACATCCTTCATTATC-1,4,10.0,38.0
1749,1749,GACATCTGCGGTCTTG-1,0,51.0,13.0
1750,1750,GACATTATCTTAATCT-1,1,16.0,34.0
1751,1751,GACCAATTGCGTCAGA-1,2,11.0,67.0
1752,1752,GACCACATTCTTGAAT-1,5,33.0,63.0
1753,1753,GACCACGGCGTACATA-1,4,47.0,11.0
1754,1754,GACCACTCCTGACGTT-1,0,21.0,101.0
1755,1755,GACCACTTAGACAGGT-1,3,55.0,97.0
1756,1756,GACCGAATCTAATACG-1,5,53.0,69.0
1757,1757,GACCGACAATAGGAAT-1,8,51.0,7.0
1758,1758,GACCGGCCATGTACCG-1,5,34.0,92.0
1759,1759,GACCGTATTAGACCGG-1,6,17.0,31.0
1760,1760,GACCTGCTGTACGAAG-1,1,42.0,18.0
1761,1761,GACCTGTCGATTGCAG-1,4,8.0,14.0
1762,1762,GACGAGCTGCACTCGT-1,1,38.0,32.0
1763,1763,GACGAGTGCTGGAGAT-1,5,9.0,17.0
1764,1764,GACGCAGCGTCAAGTT-1,1,49.0,73.0
1765,1765,GACGCCTCGTCAGAGG-1,1,46.0,20.0
1766,1766,GACGCCTCTTGATTGT-1,4,20.0,18.0
1767,1767,GACGGCTTAGGTGCGA-1,5,19.0,65.0
1768,1768,GACGGTACCTGGCCGT-1,8,40.0,20.0
1769,1769,GACGGTGGTTGATGTC-1,8,58.0,52.0
1770,1770,GACGTACAGGAACGCT-1,9,49.0,25.0
1771,1771,GACGTCTTATCTCAGC-1,0,36.0,116.0
1772,1772,GACGTGGTGCTCCAGA-1,3,62.0,84.0
1773,1773,GACTACGAGTTCCATT-1,1,31.0,69.0
1774,1774,GACTAGATTAGCTAAC-1,3,13.0,49.0
1775,1775,GACTAGTAATCTTGCT-1,5,33.0,55.0
1776,1776,GACTGACAGGAACCAG-1,2,4.0,20.0
1777,1777,GACTGCCATAGAATAC-1,6,30.0,84.0
1778,1778,GACTGCGGTCTGCGTG-1,9,23.0,85.0
1779,1779,GACTTCATACCGCTGT-1,4,41.0,31.0
1780,1780,GACTTGAACGTCCGTA-1,1,50.0,32.0
1781,1781,GACTTGAAGCCATAGC-1,7,71.0,67.0
1782,1782,GAGCCAAGCGATCGTA-1,1,51.0,29.0
1783,1783,GAGCCAGCTTACGGTA-1,9,56.0,82.0
1784,1784,GAGCCAGTATTGTCAA-1,4,19.0,3.0
1785,1785,GAGCCTCACGTATGTA-1,4,26.0,64.0
1786,1786,GAGCCTCCAGTACCGA-1,0,56.0,28.0
1787,1787,GAGCGAATCGGTAGAA-1,1,43.0,27.0
1788,1788,GAGCGATACTCCAGGC-1,4,15.0,27.0
1789,1789,GAGCGGCAATGGAATA-1,4,29.0,7.0
1790,1790,GAGCTAACCTACTTAC-1,0,28.0,110.0
1791,1791,GAGCTAAGGTTGCGTT-1,1,52.0,26.0
1792,1792,GAGCTACAAGATCAAG-1,1,45.0,35.0
1793,1793,GAGCTACAGCTCGGTA-1,9,32.0,78.0
1794,1794,GAGGAAGGCAACGGCG-1,3,66.0,36.0
1795,1795,GAGGACAGATCGCCTA-1,1,46.0,18.0
1796,1796,GAGGACGAGTCCTAGT-1,1,21.0,25.0
1797,1797,GAGGATCCAGAACTGG-1,5,29.0,69.0
1798,1798,GAGGATGATAGGAAGG-1,4,26.0,74.0
1799,1799,GAGGCCACAAGGTGCA-1,1,22.0,36.0
1800,1800,GAGGCCACTTCTAGAT-1,1,24.0,8.0
1801,1801,GAGGCCAGCAGAGGTT-1,5,26.0,44.0
1802,1802,GAGGCCATGGCTCGGA-1,2,4.0,42.0
1803,1803,GAGGCGCTCCATTCCT-1,4,21.0,45.0
1804,1804,GAGGTAACATTCGATC-1,5,21.0,89.0
1805,1805,GAGGTAACTAGACAGT-1,7,21.0,103.0
1806,1806,GAGGTAACTGCGAGAC-1,1,40.0,38.0
1807,1807,GAGGTACAACCTTCCG-1,7,56.0,4.0
1808,1808,GAGGTATTAATAGCGG-1,9,36.0,66.0
1809,1809,GAGGTCACTGTAAGCT-1,1,52.0,84.0
1810,1810,GAGGTCCAAGTAGCTA-1,8,63.0,19.0
1811,1811,GAGGTGAGATCATTGG-1,7,70.0,26.0
1812,1812,GAGGTGAGGATTCATT-1,3,65.0,25.0
1813,1813,GAGGTGCATTCGGATC-1,9,39.0,65.0
1814,1814,GAGGTGCGGCTGACCA-1,6,10.0,54.0
1815,1815,GAGGTGGCTCGAGGTT-1,3,37.0,111.0
1816,1816,GAGGTGTAGCAACTCA-1,1,28.0,40.0
1817,1817,GAGGTTAGATCGAAGA-1,7,12.0,2.0
1818,1818,GAGTAACGTGGCTTGA-1,8,59.0,67.0
1819,1819,GAGTAGACGCAGGCTC-1,1,33.0,33.0
1820,1820,GAGTAGATACGTCAAC-1,2,9.0,79.0
1821,1821,GAGTAGATTATGGTTC-1,0,25.0,103.0
1822,1822,GAGTAGGATGGTAGTC-1,9,34.0,72.0
1823,1823,GAGTCCACGCCTGAAG-1,8,55.0,91.0
1824,1824,GAGTCCACTCATAACA-1,6,41.0,85.0
1825,1825,GAGTCCTACCTCTGCA-1,8,46.0,4.0
1826,1826,GAGTCCTCTAGCGACA-1,1,54.0,34.0
1827,1827,GAGTCTCGAGATAGTC-1,9,43.0,107.0
1828,1828,GAGTCTGACTATAGAA-1,4,21.0,59.0
1829,1829,GAGTCTGGTGAATGAG-1,6,30.0,72.0
1830,1830,GAGTGCAGCGTCATCG-1,1,54.0,38.0
1831,1831,GAGTGCCGCATTAGGC-1,9,45.0,67.0
1832,1832,GAGTGCGGATACAGTC-1,3,65.0,45.0
1833,1833,GAGTGCGTACTGTAAC-1,4,10.0,26.0
1834,1834,GAGTGGAGCAAGCGCA-1,6,26.0,90.0
1835,1835,GAGTTAATCTCGTTAT-1,6,17.0,79.0
1836,1836,GAGTTAATTCCACTGG-1,4,58.0,64.0
1837,1837,GAGTTACTCAATGGAA-1,5,34.0,102.0
1838,1838,GAGTTAGCAGTAGATG-1,0,53.0,109.0
1839,1839,GAGTTCTATCGTGCCT-1,6,30.0,56.0
1840,1840,GAGTTGGTATTAATAG-1,1,11.0,51.0
1841,1841,GATAAGCACGTGCGTA-1,0,28.0,106.0
1842,1842,GATAAGTTGGCGATTA-1,3,63.0,81.0
1843,1843,GATAATCAGCTATTGT-1,6,35.0,25.0
1844,1844,GATACCTCGCGACTGC-1,6,9.0,49.0
1845,1845,GATACTTCACTCAGCA-1,8,56.0,56.0
1846,1846,GATAGAGTCTGAATCG-1,1,50.0,34.0
1847,1847,GATAGAGTGATAAGCT-1,9,54.0,22.0
1848,1848,GATAGATGTTGAAGAT-1,8,59.0,73.0
1849,1849,GATAGCTAATGGATAG-1,4,40.0,4.0
1850,1850,GATAGTGACACTCCAA-1,8,51.0,53.0
1851,1851,GATATCCATATGAGGC-1,3,57.0,13.0
1852,1852,GATATCTTGTGACACG-1,6,40.0,26.0
1853,1853,GATATGCTCACGTTAC-1,3,64.0,54.0
1854,1854,GATCCACCGCGTGCAA-1,8,42.0,80.0
1855,1855,GATCCGGACATACACC-1,1,24.0,28.0
1856,1856,GATCGGAGATACGCAG-1,9,34.0,54.0
1857,1857,GATCGTAACATTAATA-1,7,13.0,67.0
1858,1858,GATCGTAAGAGTCGCA-1,5,22.0,92.0
1859,1859,GATCGTCATGCGGAGG-1,3,63.0,37.0
1860,1860,GATCGTGGCCACAACC-1,4,20.0,48.0
1861,1861,GATCTATGAAGATGCG-1,6,52.0,50.0
1862,1862,GATCTTGTCATGATCT-1,3,63.0,51.0
1863,1863,GATGACTCTGAATCTT-1,3,64.0,50.0
1864,1864,GATGAGTGAACGGCTG-1,9,34.0,42.0
1865,1865,GATGCCAGACATAATG-1,5,14.0,46.0
1866,1866,GATGCCGACAGATATT-1,4,10.0,56.0
1867,1867,GATGCCTAGAGTCTGT-1,9,42.0,64.0
1868,1868,GATGGACCTGGACGGA-1,8,50.0,48.0
1869,1869,GATGGACGGCAGATGA-1,9,54.0,32.0
1870,1870,GATGTAGCGAGGTCCA-1,9,46.0,86.0
1871,1871,GATGTAGGAGTTGGCC-1,5,32.0,64.0
1872,1872,GATTATGTGACATGAT-1,5,42.0,8.0
1873,1873,GATTCCATACTGAACC-1,9,35.0,51.0
1874,1874,GATTCCATTGAGTTGA-1,1,44.0,86.0
1875,1875,GATTCCGCTATCGGCT-1,4,15.0,39.0
1876,1876,GATTCCGCTGCAAGAT-1,1,46.0,66.0
1877,1877,GATTCCGTGCGTATAC-1,5,35.0,103.0
1878,1878,GATTCCTGCAGATCGT-1,0,52.0,12.0
1879,1879,GATTCGCCATGTATCA-1,1,45.0,9.0
1880,1880,GATTGACTCCATGCGA-1,8,64.0,76.0
1881,1881,GATTGTCGCAACGAGG-1,1,36.0,94.0
1882,1882,GCAACAGCCTGCTCTA-1,4,15.0,19.0
1883,1883,GCAACAGCGTGGATCA-1,5,34.0,0.0
1884,1884,GCAACAGCTCCTATGA-1,0,70.0,52.0
1885,1885,GCAACAGGCCATTGAC-1,9,27.0,37.0
1886,1886,GCAACATACATCAGCA-1,1,21.0,73.0
1887,1887,GCAACATGGTTCTTCA-1,3,49.0,5.0
1888,1888,GCAAGAATGTTCCACC-1,6,35.0,21.0
1889,1889,GCAAGATAGGTTAACT-1,6,38.0,62.0
1890,1890,GCAAGCACTACCGCCA-1,5,15.0,63.0
1891,1891,GCAAGCTTATTGACGT-1,2,10.0,74.0
1892,1892,GCAATACATGAGGACA-1,1,23.0,91.0
1893,1893,GCAATCCTCGAGCGTT-1,8,45.0,21.0
1894,1894,GCAATCGTGACTCCAA-1,8,60.0,46.0
1895,1895,GCAATTAATCAACGTA-1,4,32.0,106.0
1896,1896,GCAATTCCTATCATAC-1,9,56.0,68.0
1897,1897,GCAATTCTGTGACAGA-1,6,54.0,26.0
1898,1898,GCACAGCTGTGGTTGA-1,8,51.0,79.0
1899,1899,GCACATGCCGGTCTGG-1,0,69.0,65.0
1900,1900,GCACCGAAGATGTCTA-1,8,61.0,77.0
1901,1901,GCACCTAGCCGAATCT-1,1,38.0,40.0
1902,1902,GCACCTAGTAATTATC-1,0,68.0,66.0
1903,1903,GCACCTTACTGGCTAC-1,8,41.0,75.0
1904,1904,GCACCTTAGCCTCGCA-1,4,25.0,99.0
1905,1905,GCACGAGCAGTACCGA-1,1,19.0,23.0
1906,1906,GCACGAGCTATTGTCG-1,3,69.0,41.0
1907,1907,GCACGCAACCATACCA-1,6,38.0,18.0
1908,1908,GCACGCATAGATTGCT-1,8,32.0,42.0
1909,1909,GCACGCATAGGCGATC-1,9,42.0,78.0
1910,1910,GCACGCTTCGTTGTTC-1,6,59.0,59.0
1911,1911,GCACGGAAGGATAGTA-1,6,20.0,24.0
1912,1912,GCACTACACTATTGCG-1,1,46.0,38.0
1913,1913,GCACTCCGACTGGCGT-1,7,70.0,42.0
1914,1914,GCACTCTGTTGCCATA-1,9,49.0,97.0
1915,1915,GCACTCTTGCTACCGA-1,3,66.0,34.0
1916,1916,GCACTGAATATGACAG-1,8,53.0,75.0
1917,1917,GCACTGCCTCGATGCG-1,9,29.0,19.0
1918,1918,GCACTGGACGCAGCAC-1,0,29.0,101.0
1919,1919,GCACTGTTGCGGCCTT-1,4,37.0,33.0
1920,1920,GCAGACGCCTGGTTAT-1,8,53.0,91.0
1921,1921,GCAGATACGTTGAACG-1,1,45.0,27.0
1922,1922,GCAGATAGTTGGAGAC-1,7,8.0,6.0
1923,1923,GCAGATCCTAATGTGG-1,8,39.0,83.0
1924,1924,GCAGCCGGATGCCGCA-1,2,13.0,79.0
1925,1925,GCAGCGACAGTTCGGT-1,3,61.0,27.0
1926,1926,GCAGCGATCTAACGAA-1,5,12.0,58.0
1927,1927,GCAGGCAGTGATCTAC-1,4,41.0,19.0
1928,1928,GCAGGCCATTCCTGCC-1,1,41.0,69.0
1929,1929,GCAGGCTACCGTCCTT-1,4,28.0,84.0
1930,1930,GCAGGCTGGTTCCAAG-1,5,22.0,50.0
1931,1931,GCAGGTCACTACCTCA-1,9,44.0,98.0
1932,1932,GCAGGTGCTGATGCTT-1,5,32.0,38.0
1933,1933,GCAGTAGATGTCCAAT-1,1,33.0,13.0
1934,1934,GCATAACCGAGGTGAT-1,8,51.0,45.0
1935,1935,GCATACTAGCATCGAA-1,8,48.0,54.0
1936,1936,GCATGACGGATTATCA-1,9,43.0,77.0
1937,1937,GCATGCTGAGACAGGT-1,1,40.0,42.0
1938,1938,GCATGTCGAGTGTCTT-1,8,59.0,99.0
1939,1939,GCATTACCTGTCAAGA-1,5,29.0,75.0
1940,1940,GCATTGACTACAGCGA-1,9,36.0,90.0
1941,1941,GCATTGCTGTTCCATC-1,2,7.0,47.0
1942,1942,GCATTGGTTACCAAGC-1,1,25.0,85.0
1943,1943,GCCACGAAGGAATTCC-1,9,49.0,7.0
1944,1944,GCCACGACCGTTAAGT-1,2,69.0,23.0
1945,1945,GCCACGCCTTAGTACG-1,8,55.0,11.0
1946,1946,GCCACTATAGACCATA-1,9,25.0,57.0
1947,1947,GCCACTCCGTCACCTC-1,1,28.0,10.0
1948,1948,GCCAGACAGACGCCTA-1,3,20.0,94.0
1949,1949,GCCAGACATCTATCAC-1,8,46.0,80.0
1950,1950,GCCAGTAGACGATACC-1,9,39.0,67.0
1951,1951,GCCAGTTCCTCGTGCC-1,9,50.0,82.0
1952,1952,GCCATTCTCGTGTAGA-1,2,12.0,72.0
1953,1953,GCCATTGCATGTTAAC-1,3,61.0,35.0
1954,1954,GCCATTGTAACTGATC-1,1,49.0,87.0
1955,1955,GCCATTGTAATGTCTT-1,1,20.0,30.0
1956,1956,GCCGAGTCCTCGTCCA-1,9,47.0,75.0
1957,1957,GCCGATACGGTATCAG-1,7,11.0,3.0
1958,1958,GCCGATCGAGTGAAGT-1,4,17.0,57.0
1959,1959,GCCGATCTCGTGACTC-1,2,10.0,70.0
1960,1960,GCCGCTGATTGGCCAG-1,8,34.0,70.0
1961,1961,GCCGCTTCTAAGGTGA-1,1,19.0,29.0
1962,1962,GCCGGCAATAGGCAGG-1,3,65.0,63.0
1963,1963,GCCGGCATTCCGCCGA-1,5,37.0,1.0
1964,1964,GCCGGCGAACCATTGT-1,1,26.0,40.0
1965,1965,GCCGGCGTAGGTGACG-1,4,10.0,14.0
1966,1966,GCCGGCGTGAACTTGC-1,9,43.0,53.0
1967,1967,GCCGGTATGCTCATGC-1,8,40.0,72.0
1968,1968,GCCGTACCAGATCTAG-1,1,14.0,34.0
1969,1969,GCCGTATGCCAGTCTT-1,4,31.0,105.0
1970,1970,GCCTATAGCATACCTT-1,5,30.0,30.0
1971,1971,GCCTCATGCGAGCAGG-1,7,68.0,82.0
1972,1972,GCCTCCGTCTACCTCG-1,5,46.0,8.0
1973,1973,GCCTCCTGCGGCCGTT-1,1,20.0,70.0
1974,1974,GCCTGGACCTATTGTC-1,4,12.0,34.0
1975,1975,GCCTGGAGCAAGTTAG-1,5,19.0,93.0
1976,1976,GCCTGGTACATGGTCG-1,6,29.0,57.0
1977,1977,GCCTGGTCAGGTTGCC-1,9,39.0,87.0
1978,1978,GCCTGTGAAGTCGGCG-1,8,59.0,45.0
1979,1979,GCCTGTGACACCAGAA-1,5,18.0,84.0
1980,1980,GCCTGTGATAGATTGG-1,3,66.0,58.0
1981,1981,GCCTTCGCTTATGTTC-1,6,36.0,12.0
1982,1982,GCCTTCTGATTCCGTC-1,3,57.0,99.0
1983,1983,GCCTTCTGTCACGCTC-1,6,38.0,42.0
1984,1984,GCCTTGAGATCTGAGC-1,1,26.0,96.0
1985,1985,GCCTTGCCACTTCTGA-1,9,32.0,58.0
1986,1986,GCCTTGGCGAACAATC-1,9,32.0,66.0
1987,1987,GCGAATAGTGGCTAAT-1,1,38.0,96.0
1988,1988,GCGAATCGAGAACACG-1,9,44.0,72.0
1989,1989,GCGAATGCAGTGTCAA-1,3,53.0,99.0
1990,1990,GCGAATTGGCTAGCCA-1,3,60.0,92.0
1991,1991,GCGACACTAAGCTAAG-1,1,36.0,76.0
1992,1992,GCGACAGTGCCGCACC-1,9,40.0,98.0
1993,1993,GCGACGTAGAGCGTTA-1,3,68.0,56.0
1994,1994,GCGAGCGGACCATAAC-1,5,27.0,67.0
1995,1995,GCGAGCGGTTGTCATG-1,5,33.0,109.0
1996,1996,GCGAGCTAACTCCTAG-1,7,71.0,55.0
1997,1997,GCGAGGATCGACCTTA-1,8,33.0,89.0
1998,1998,GCGATCTTGCTCACGC-1,9,32.0,40.0
1999,1999,GCGATGACCGTGTAAT-1,5,35.0,91.0
2000,2000,GCGATGTACTGCTATT-1,9,63.0,55.0
2001,2001,GCGATTCTAACAGTAA-1,0,55.0,7.0
2002,2002,GCGGAGCCTGTAACAT-1,7,72.0,44.0
2003,2003,GCGGCAAGTGTTATGT-1,8,37.0,55.0
2004,2004,GCGGTCCTGTAGTCTG-1,5,37.0,109.0
2005,2005,GCGGTCGGCGTACCTT-1,4,19.0,7.0
2006,2006,GCGGTCGTTGATCTTG-1,5,19.0,91.0
2007,2007,GCGGTGGCCGACGCAT-1,1,38.0,58.0
2008,2008,GCGGTTGCCTCGACGG-1,3,59.0,13.0
2009,2009,GCGTAACGTTACAGGT-1,8,59.0,19.0
2010,2010,GCGTACCGGAACGACA-1,1,24.0,10.0
2011,2011,GCGTACCGGATGGCTC-1,5,24.0,50.0
2012,2012,GCGTACCGTGTATCAG-1,9,32.0,76.0
2013,2013,GCGTACGAATCTAATC-1,1,36.0,32.0
2014,2014,GCGTCCAGCAATTGGC-1,1,29.0,11.0
2015,2015,GCGTCCTCTGCCGTTG-1,2,15.0,93.0
2016,2016,GCGTCGGAATGCTGCC-1,6,24.0,76.0
2017,2017,GCGTCGGTCACGCCAG-1,6,37.0,105.0
2018,2018,GCGTCTCGCAACTCAT-1,1,25.0,33.0
2019,2019,GCGTTAATAGTCAGTA-1,9,62.0,46.0
2020,2020,GCGTTCGAGGCCACAA-1,2,13.0,85.0
2021,2021,GCGTTGTATCGGAGCT-1,1,50.0,28.0
2022,2022,GCTAACCATAGGCGTT-1,9,51.0,91.0
2023,2023,GCTACCATCCTGTAGA-1,6,22.0,58.0
2024,2024,GCTACTTCTGACGCGA-1,9,51.0,69.0
2025,2025,GCTATGCGTGAACGGT-1,5,23.0,43.0
2026,2026,GCTCAACCACGGCAAC-1,6,26.0,84.0
2027,2027,GCTCATACAATTAGAC-1,6,31.0,65.0
2028,2028,GCTCCGAGACTACATA-1,8,49.0,99.0
2029,2029,GCTCCGGCAACATGAT-1,7,64.0,92.0
2030,2030,GCTCCTATGTCTTCGC-1,9,55.0,21.0
2031,2031,GCTCGATGCTCGCATG-1,4,19.0,87.0
2032,2032,GCTCGCATCGTCATTA-1,8,58.0,40.0
2033,2033,GCTCGGACCTTCAAGT-1,2,4.0,40.0
2034,2034,GCTCGGAGATGAATGT-1,5,25.0,61.0
2035,2035,GCTCGTCTGCCGCAAT-1,5,36.0,8.0
2036,2036,GCTGAATGACCGTGAG-1,6,48.0,92.0
2037,2037,GCTGACAGCCGGAGCG-1,6,29.0,85.0
2038,2038,GCTGACCGCATCGGAT-1,4,8.0,34.0
2039,2039,GCTGACTTGTCTCAAT-1,4,43.0,37.0
2040,2040,GCTGAGGACAAGAAGT-1,8,57.0,55.0
2041,2041,GCTGAGTGTTCAACCG-1,1,45.0,19.0
2042,2042,GCTGCCGCCTATGTAG-1,8,51.0,85.0
2043,2043,GCTGCGTTATGTGGAC-1,0,58.0,28.0
2044,2044,GCTGGATGACTCTACC-1,6,31.0,85.0
2045,2045,GCTGTAGTGCTGTCGC-1,5,28.0,76.0
2046,2046,GCTGTTATGGTTGCCG-1,3,57.0,9.0
2047,2047,GCTGTTCAACCGAATA-1,3,58.0,18.0
2048,2048,GCTGTTGATAGTCTTA-1,9,26.0,86.0
2049,2049,GCTTAATAGAGGCGAG-1,4,26.0,6.0
2050,2050,GCTTACATGTTGCGCT-1,0,43.0,1.0
2051,2051,GCTTAGACTACCAATG-1,0,62.0,14.0
2052,2052,GCTTATCCGCATTCTT-1,2,6.0,16.0
2053,2053,GCTTCGCTCAAGCGAT-1,6,54.0,28.0
2054,2054,GCTTCGGCATCAGAGT-1,6,53.0,65.0
2055,2055,GCTTCTAAGTCTGACG-1,5,32.0,104.0
2056,2056,GCTTCTAGCGTTCATT-1,9,33.0,73.0
2057,2057,GCTTCTCAGACCGCCT-1,0,46.0,2.0
2058,2058,GCTTCTCCAGAACCGC-1,3,50.0,104.0
2059,2059,GCTTCTGTTACGAGAA-1,8,54.0,56.0
2060,2060,GCTTCTTGAATCGGTT-1,1,14.0,16.0
2061,2061,GCTTCTTGGACGAGCG-1,4,24.0,72.0
2062,2062,GCTTGAACTCCATCCA-1,0,49.0,1.0
2063,2063,GCTTGACCTCCGCTTC-1,3,53.0,103.0
2064,2064,GCTTGAGCTCTTGACA-1,4,15.0,49.0
2065,2065,GCTTGCAATACAAGGC-1,3,58.0,14.0
2066,2066,GCTTGCCATAGTGGAT-1,1,19.0,73.0
2067,2067,GCTTGCTTACTTAACG-1,5,25.0,55.0
2068,2068,GCTTGGATCCAACCGG-1,0,26.0,106.0
2069,2069,GCTTGGATGCTCGCTT-1,1,45.0,71.0
2070,2070,GCTTGGCTGCGGTAAC-1,5,32.0,98.0
2071,2071,GCTTGGTCAACCGTGG-1,1,39.0,11.0
2072,2072,GCTTGGTGTTCGAACA-1,8,59.0,41.0
2073,2073,GGAACATCGTGGAATC-1,4,51.0,43.0
2074,2074,GGAACGATAACATTAT-1,4,18.0,6.0
2075,2075,GGAACTTCGACATGTC-1,1,28.0,44.0
2076,2076,GGAAGAATAACTAACC-1,7,14.0,74.0
2077,2077,GGAAGCAGTCATTCAG-1,0,63.0,17.0
2078,2078,GGAAGCATTAGAGGCA-1,0,57.0,101.0
2079,2079,GGAAGTCTTGTCGCAT-1,8,61.0,53.0
2080,2080,GGAATCCTTAGACTGT-1,9,41.0,61.0
2081,2081,GGAATGCACCTCAATA-1,2,5.0,35.0
2082,2082,GGAATGGCAACTTGGA-1,9,44.0,84.0
2083,2083,GGACAGTGCGGCAACA-1,6,23.0,61.0
2084,2084,GGACCACTTATCGTTC-1,0,57.0,105.0
2085,2085,GGACCATCACCGCCAA-1,1,21.0,31.0
2086,2086,GGACCGATCTGGATTA-1,6,34.0,84.0
2087,2087,GGACCGCTTCCTGGCA-1,5,43.0,59.0
2088,2088,GGACGGCTATCGACCA-1,2,8.0,68.0
2089,2089,GGACGGTATGCGGCTG-1,2,5.0,15.0
2090,2090,GGACGGTGCAGTAGGA-1,1,17.0,75.0
2091,2091,GGACGTACATACCAGA-1,3,61.0,45.0
2092,2092,GGACGTACTTCGGACA-1,7,65.0,19.0
2093,2093,GGACGTAGTGTAGAAG-1,4,14.0,54.0
2094,2094,GGACGTCGAACGGCTT-1,1,48.0,30.0
2095,2095,GGACGTCGAGGATTCA-1,8,47.0,109.0
2096,2096,GGACGTCGCACGAGAA-1,6,35.0,99.0
2097,2097,GGACGTTAGATATTAC-1,1,39.0,13.0
2098,2098,GGACGTTAGATTCAGG-1,8,67.0,77.0
2099,2099,GGACGTTGGAGGTGAT-1,4,33.0,97.0
2100,2100,GGACTCACGGTCCAAT-1,2,15.0,81.0
2101,2101,GGACTCACTAGAGCCG-1,4,9.0,31.0
2102,2102,GGAGAAGCCAAGCGCT-1,1,44.0,26.0
2103,2103,GGAGACTATTGTGACA-1,4,9.0,23.0
2104,2104,GGAGATCCGTAGGATA-1,7,59.0,101.0
2105,2105,GGAGATCCTGTACCAG-1,5,21.0,83.0
2106,2106,GGAGATGCGTGCAGTA-1,9,63.0,69.0
2107,2107,GGAGATGGCTCGAGAT-1,4,49.0,39.0
2108,2108,GGAGATGTGCCATAAC-1,7,11.0,5.0
2109,2109,GGAGCGAATTGGACGG-1,1,24.0,34.0
2110,2110,GGAGCGAGTGTAACTT-1,8,38.0,84.0
2111,2111,GGAGCGGCACCTCGTA-1,9,35.0,83.0
2112,2112,GGAGGTCGTAGGAGCT-1,1,43.0,41.0
2113,2113,GGAGTCCAGATAGCTT-1,1,49.0,85.0
2114,2114,GGAGTCTAAGGCCGCT-1,7,16.0,70.0
2115,2115,GGAGTCTAAGTGGTCC-1,5,36.0,108.0
2116,2116,GGAGTGTCCATGTATT-1,1,18.0,74.0
2117,2117,GGATAAGTCAGGATAG-1,8,52.0,22.0
2118,2118,GGATAATTATGCTGGT-1,4,40.0,10.0
2119,2119,GGATAATTCAATGCTG-1,5,21.0,65.0
2120,2120,GGATCGAGTGTCCACT-1,4,11.0,37.0
2121,2121,GGATCGCTGGCATATT-1,5,25.0,53.0
2122,2122,GGATGGATCACTCATA-1,6,47.0,45.0
2123,2123,GGATGTAACTAATCCG-1,4,25.0,5.0
2124,2124,GGATTCCGACGTGATG-1,4,54.0,24.0
2125,2125,GGCAAGACAATCAGCT-1,8,60.0,68.0
2126,2126,GGCAATGCGAACTTAA-1,2,16.0,76.0
2127,2127,GGCACGACGGACGTCG-1,7,15.0,73.0
2128,2128,GGCAGCCGGCACTTCC-1,1,24.0,36.0
2129,2129,GGCAGCGTATACGACT-1,9,46.0,76.0
2130,2130,GGCAGCTCCTGGACGG-1,3,62.0,88.0
2131,2131,GGCAGGAAGTCTTCTA-1,0,24.0,108.0
2132,2132,GGCATAATCCTATCGC-1,4,25.0,63.0
2133,2133,GGCATAATCCTTCATG-1,8,60.0,18.0
2134,2134,GGCATACATGGCTCAG-1,1,50.0,40.0
2135,2135,GGCATTCCGATGCTCG-1,8,51.0,23.0
2136,2136,GGCATTGCTAAGAATG-1,9,39.0,57.0
2137,2137,GGCCAAGATGGATGGC-1,5,17.0,51.0
2138,2138,GGCCAGTAGGTATGAG-1,1,18.0,34.0
2139,2139,GGCCATGCTCCTCGTG-1,1,12.0,26.0
2140,2140,GGCCATTAGCTAGTGG-1,4,8.0,20.0
2141,2141,GGCCGCCAACTATTGC-1,3,65.0,59.0
2142,2142,GGCCGTCCAGTAGGAC-1,9,63.0,61.0
2143,2143,GGCCTGCGTTATGCCG-1,8,54.0,52.0
2144,2144,GGCCTTCGACCAGGTA-1,8,38.0,80.0
2145,2145,GGCCTTGGATGTTGTC-1,3,61.0,39.0
2146,2146,GGCGACCATAGCGTTA-1,8,47.0,95.0
2147,2147,GGCGAGGCAGCCTACT-1,3,35.0,111.0
2148,2148,GGCGATCGGTCTGCTC-1,8,27.0,5.0
2149,2149,GGCGCCAAGGAGCGCT-1,1,29.0,17.0
2150,2150,GGCGCCACCGGAGCAA-1,9,49.0,81.0
2151,2151,GGCGCCACTGAACATC-1,6,34.0,86.0
2152,2152,GGCGCCGTCGGACATA-1,3,57.0,91.0
2153,2153,GGCGCCGTGGTTACAT-1,2,3.0,41.0
2154,2154,GGCGCTAATATGCTCC-1,1,52.0,38.0
2155,2155,GGCGGAAGTCTTGTAG-1,6,36.0,58.0
2156,2156,GGCGGAGCACTGATAA-1,8,31.0,67.0
2157,2157,GGCGGAGTTGAACTAT-1,1,23.0,33.0
2158,2158,GGCGGATACAACGCAC-1,8,62.0,74.0
2159,2159,GGCGGATATTGATTGA-1,1,31.0,17.0
2160,2160,GGCGTCGCCGTATGAT-1,9,53.0,89.0
2161,2161,GGCGTCGGTAGTGATA-1,1,61.0,59.0
2162,2162,GGCGTGGCACGGCACT-1,8,33.0,77.0
2163,2163,GGCGTGTAATTACTTA-1,6,37.0,59.0
2164,2164,GGCTCAATCAACATGA-1,6,50.0,72.0
2165,2165,GGCTGACGCCGAATCA-1,6,37.0,81.0
2166,2166,GGCTGTTCAATGTCAA-1,4,43.0,17.0
2167,2167,GGCTTGCCATAGGCTC-1,5,19.0,77.0
2168,2168,GGTAAGGCGACGATGA-1,9,41.0,65.0
2169,2169,GGTACCACCTATACCT-1,4,22.0,8.0
2170,2170,GGTACCAGGTAGTGTT-1,6,22.0,76.0
2171,2171,GGTACGATCGACTTAA-1,9,31.0,87.0
2172,2172,GGTACGCTTACCTGCG-1,5,14.0,48.0
2173,2173,GGTACGGAGCATCAGC-1,5,19.0,55.0
2174,2174,GGTACGGTATGCTCCA-1,6,58.0,66.0
2175,2175,GGTACGTGCTCGGCAA-1,1,27.0,11.0
2176,2176,GGTACTGTGATCTTCC-1,9,62.0,64.0
2177,2177,GGTAGCCAAGGTACTT-1,0,13.0,3.0
2178,2178,GGTAGCCATCAATCCG-1,1,25.0,73.0
2179,2179,GGTAGCGTACATCTGT-1,7,70.0,72.0
2180,2180,GGTAGCTTAGCCAATC-1,9,48.0,46.0
2181,2181,GGTAGGCCACATGCAA-1,4,9.0,7.0
2182,2182,GGTAGGTTGTTACGGC-1,5,27.0,1.0
2183,2183,GGTAGGTTGTTCTAAG-1,3,61.0,87.0
2184,2184,GGTAGTACAGGTTAGA-1,8,49.0,13.0
2185,2185,GGTAGTACCGCAACAG-1,1,33.0,35.0
2186,2186,GGTAGTGCATGAAGTG-1,2,5.0,27.0
2187,2187,GGTAGTTGAAGTCCAT-1,3,13.0,5.0
2188,2188,GGTATGCAACAGTGGC-1,8,57.0,51.0
2189,2189,GGTATGGTCAGGTTGG-1,3,51.0,3.0
2190,2190,GGTATGGTTGTCCTCG-1,4,23.0,3.0
2191,2191,GGTCACCGCATAACAA-1,6,28.0,32.0
2192,2192,GGTCATGCTCTGCCAA-1,2,9.0,71.0
2193,2193,GGTCCTGCGAGTAGGT-1,5,27.0,51.0
2194,2194,GGTCTGAAGGTTCGAA-1,7,19.0,101.0
2195,2195,GGTCTGAAGTATGTCA-1,4,40.0,92.0
2196,2196,GGTCTGCGAACTGTAT-1,1,39.0,93.0
2197,2197,GGTCTGGTATGTGGCC-1,4,33.0,1.0
2198,2198,GGTCTGGTTGTAGAAC-1,3,36.0,114.0
2199,2199,GGTCTTATAGGCTGGC-1,9,36.0,92.0
2200,2200,GGTCTTCCGCACATCC-1,1,33.0,41.0
2201,2201,GGTCTTCCGGCTGGAC-1,6,26.0,22.0
2202,2202,GGTCTTGAACCGGCCA-1,6,40.0,60.0
2203,2203,GGTGCAATCAGACTTC-1,5,39.0,111.0
2204,2204,GGTGCACTCCGGTTCG-1,1,16.0,28.0
2205,2205,GGTGCAGGCACCGCGT-1,9,40.0,96.0
2206,2206,GGTGCAGTGGTCTTAT-1,2,18.0,96.0
2207,2207,GGTGCAGTTCCATATG-1,9,57.0,25.0
2208,2208,GGTGCATCCAGAACGG-1,2,4.0,30.0
2209,2209,GGTGGCTTATTGCGTG-1,1,52.0,76.0
2210,2210,GGTGTCACCAGCGAAC-1,5,20.0,50.0
2211,2211,GGTTACAGCCGGCCGG-1,5,13.0,57.0
2212,2212,GGTTACCAGACAACAT-1,0,62.0,94.0
2213,2213,GGTTACGGACGATTAA-1,4,18.0,16.0
2214,2214,GGTTAGACTCACTAGC-1,1,48.0,32.0
2215,2215,GGTTAGACTCGGAGGT-1,0,24.0,102.0
2216,2216,GGTTAGATGAGTCTAA-1,2,6.0,60.0
2217,2217,GGTTAGCTTCATGAGT-1,8,55.0,17.0
2218,2218,GGTTAGTATGAGTGTC-1,9,47.0,97.0
2219,2219,GGTTCAAGGTTAAGCC-1,2,9.0,67.0
2220,2220,GGTTCACCGACTCACG-1,5,42.0,46.0
2221,2221,GGTTCATTCCGGCCTC-1,9,45.0,93.0
2222,2222,GGTTCTATACCGCTTG-1,1,21.0,29.0
2223,2223,GGTTCTCCTATCAGTT-1,9,36.0,18.0
2224,2224,GGTTCTCGTGATGTGA-1,0,23.0,101.0
2225,2225,GGTTCTGGAGTCTACC-1,4,21.0,61.0
2226,2226,GGTTGACCATTGCTGT-1,2,6.0,56.0
2227,2227,GGTTGATAAGTACCTG-1,2,3.0,35.0
2228,2228,GGTTGCGATTGAACAG-1,2,10.0,68.0
2229,2229,GGTTGCTACCGGAACA-1,4,20.0,2.0
2230,2230,GTAACACCGAGCGTTA-1,8,49.0,75.0
2231,2231,GTAACATACACCTGTT-1,9,36.0,86.0
2232,2232,GTAACATCTTATAATG-1,4,11.0,39.0
2233,2233,GTAACCACCTACAACC-1,2,7.0,59.0
2234,2234,GTAACCTAGCGTCACG-1,6,11.0,65.0
2235,2235,GTAAGTAATTACAATC-1,7,51.0,1.0
2236,2236,GTAAGTATTGCTATCG-1,1,15.0,33.0
2237,2237,GTAAGTTGCGGAGCGT-1,9,48.0,58.0
2238,2238,GTAAGTTGCTGGTGGA-1,1,26.0,30.0
2239,2239,GTAATAGTCCTAAGCC-1,7,57.0,5.0
2240,2240,GTAATCACGCACAGCT-1,6,19.0,69.0
2241,2241,GTAATCAGGCGGACGG-1,1,31.0,21.0
2242,2242,GTAATCTTGTCTAGTT-1,6,51.0,39.0
2243,2243,GTAATGACGGTCTACG-1,0,41.0,115.0
2244,2244,GTAATGATCACGTAAG-1,5,11.0,55.0
2245,2245,GTACAACTCGGCAGAA-1,1,29.0,83.0
2246,2246,GTACAGAACAGGACTC-1,4,22.0,88.0
2247,2247,GTACAGATGACATCGC-1,6,45.0,41.0
2248,2248,GTACAGCCGTTACAGA-1,9,25.0,25.0
2249,2249,GTACAGCTGAGCCGGA-1,3,63.0,25.0
2250,2250,GTACAGGAACGAATGG-1,3,61.0,29.0
2251,2251,GTACAGTATCGGAATT-1,9,49.0,59.0
2252,2252,GTACATAAGCTACGCC-1,3,53.0,107.0
2253,2253,GTACCTGAAGTGAATG-1,8,34.0,66.0
2254,2254,GTACCTTCATGTGCAA-1,4,14.0,56.0
2255,2255,GTACGAACAGACTAGG-1,7,54.0,2.0
2256,2256,GTACGAAGATTATCCG-1,8,58.0,34.0
2257,2257,GTACGAAGGATTATTG-1,5,19.0,81.0
2258,2258,GTACGAATTACATAAT-1,4,17.0,11.0
2259,2259,GTACGAATTCTACCAA-1,5,21.0,47.0
2260,2260,GTACGACAGCTCCGGA-1,7,72.0,42.0
2261,2261,GTACGAGGTAGTGCAC-1,1,28.0,16.0
2262,2262,GTACGATTAGTCTACA-1,8,47.0,89.0
2263,2263,GTACGCCTCGCTTCCA-1,1,48.0,18.0
2264,2264,GTACGCTCGCCAACAT-1,4,49.0,11.0
2265,2265,GTACGCTTGATACCAC-1,0,51.0,11.0
2266,2266,GTACGGTTAATGCAGG-1,2,6.0,38.0
2267,2267,GTACTACCGTTAGGTG-1,5,16.0,54.0
2268,2268,GTACTGCATAAGGTTA-1,6,33.0,19.0
2269,2269,GTACTTAACTTCAGCG-1,1,22.0,74.0
2270,2270,GTACTTACTTCATACC-1,9,40.0,106.0
2271,2271,GTACTTAGTTGCGAAT-1,2,4.0,26.0
2272,2272,GTACTTCTGATCCTCG-1,9,17.0,47.0
2273,2273,GTAGAAGGACATCATA-1,6,38.0,90.0
2274,2274,GTAGAAGTAAGCTGCG-1,1,34.0,26.0
2275,2275,GTAGAATCGCACATCG-1,5,15.0,7.0
2276,2276,GTAGACCTGTCAACCA-1,6,27.0,33.0
2277,2277,GTAGCAACGACCGTGG-1,8,49.0,57.0
2278,2278,GTAGCACGAGCTCAAG-1,1,36.0,4.0
2279,2279,GTAGCAGAACATGGTG-1,9,43.0,21.0
2280,2280,GTAGCAGAAGACTCTT-1,7,65.0,91.0
2281,2281,GTAGCAGAGCAATAGC-1,3,64.0,60.0
2282,2282,GTAGCATCGAAGGTCT-1,3,67.0,41.0
2283,2283,GTAGCCAGTGCGGTTG-1,0,23.0,99.0
2284,2284,GTAGCCGCACTCCATC-1,3,60.0,88.0
2285,2285,GTAGCCTAAGGTTAGT-1,3,40.0,0.0
2286,2286,GTAGCGCCTGAACTCA-1,4,13.0,55.0
2287,2287,GTAGCGCTAGATCCGT-1,2,3.0,31.0
2288,2288,GTAGCGCTCATCAGGT-1,4,38.0,36.0
2289,2289,GTAGCGTGGCACGCAG-1,1,22.0,4.0
2290,2290,GTAGGAGCAACAGGCA-1,1,46.0,10.0
2291,2291,GTAGGTGATAATTCAC-1,8,45.0,113.0
2292,2292,GTAGTCAGACCAATGT-1,0,49.0,3.0
2293,2293,GTAGTCCAGCGGACAT-1,8,56.0,92.0
2294,2294,GTAGTCCATTGTTCGT-1,4,12.0,38.0
2295,2295,GTAGTCCGTGTACTAA-1,7,58.0,8.0
2296,2296,GTATAAGGCGTCTTCA-1,7,66.0,20.0
2297,2297,GTATACATAGGTTGCC-1,7,60.0,12.0
2298,2298,GTATACATTGGCTCAG-1,9,62.0,62.0
2299,2299,GTATACGGTACACGCA-1,0,56.0,62.0
2300,2300,GTATCTACAGATCTCC-1,9,49.0,83.0
2301,2301,GTATCTAGCTACCAGC-1,1,48.0,40.0
2302,2302,GTATCTGTCAACGGTG-1,9,39.0,77.0
2303,2303,GTATCTGTGGCGTCTA-1,3,69.0,53.0
2304,2304,GTATGACATAAGACGG-1,3,20.0,96.0
2305,2305,GTATGATAGTATGGAT-1,5,19.0,59.0
2306,2306,GTATGATCACTTGACG-1,0,22.0,104.0
2307,2307,GTATGCGGTATCATGA-1,9,44.0,116.0
2308,2308,GTATGCTTGCGACTAA-1,7,16.0,72.0
2309,2309,GTATGGTGGAGCGGCC-1,3,64.0,24.0
2310,2310,GTATGTAGCAGGCATA-1,1,19.0,33.0
2311,2311,GTATGTAGCTCACCTT-1,9,52.0,72.0
2312,2312,GTATGTGCAAGCCGGA-1,8,48.0,52.0
2313,2313,GTATGTTAGTTCTACC-1,4,29.0,61.0
2314,2314,GTATGTTCTGGATCGC-1,0,67.0,75.0
2315,2315,GTATTACGAGTCAATC-1,1,18.0,24.0
2316,2316,GTATTACGGCCATTAT-1,1,17.0,27.0
2317,2317,GTATTACGGTATTGAG-1,1,52.0,34.0
2318,2318,GTATTAGGTTATCTGC-1,1,44.0,8.0
2319,2319,GTATTATGAGTTAGCG-1,5,37.0,91.0
2320,2320,GTATTCCAAGTTACCT-1,1,24.0,78.0
2321,2321,GTATTCCGCTCGGATG-1,3,67.0,57.0
2322,2322,GTATTCGTGACTTGAT-1,5,22.0,56.0
2323,2323,GTATTCTAAGTGCTGT-1,8,45.0,5.0
2324,2324,GTCAACAGACGCACGT-1,9,55.0,27.0
2325,2325,GTCAACAGCATAGATT-1,8,15.0,23.0
2326,2326,GTCAACAGCGCACCGA-1,8,55.0,43.0
2327,2327,GTCAACAGTTAAGTGA-1,5,34.0,104.0
2328,2328,GTCAACATGGTGCTAT-1,8,62.0,24.0
2329,2329,GTCAACCTGACGATAG-1,1,26.0,78.0
2330,2330,GTCACCAAGAGCGGTG-1,0,58.0,104.0
2331,2331,GTCACTAAGAGGAATA-1,9,57.0,45.0
2332,2332,GTCACTAAGCCAGCGG-1,1,40.0,94.0
2333,2333,GTCACTACTTAATGGA-1,3,57.0,85.0
2334,2334,GTCACTGAATCTCACC-1,8,45.0,103.0
2335,2335,GTCACTTACGTGTATG-1,0,44.0,0.0
2336,2336,GTCACTTATCCAAGAC-1,9,35.0,45.0
2337,2337,GTCACTTATGAATGCG-1,8,53.0,79.0
2338,2338,GTCACTTATGTCGTAT-1,6,37.0,103.0
2339,2339,GTCAGCCAACATCACG-1,8,44.0,20.0
2340,2340,GTCAGCCATTGTGCGG-1,2,12.0,70.0
2341,2341,GTCAGCCTCCGAACCT-1,1,39.0,43.0
2342,2342,GTCAGCGATGTAATTG-1,5,29.0,91.0
2343,2343,GTCAGCGATTGATTCA-1,7,48.0,38.0
2344,2344,GTCAGCTCAATCAAGG-1,5,46.0,112.0
2345,2345,GTCAGCTGGTGAGGCG-1,4,11.0,19.0
2346,2346,GTCAGGATCAACCAAC-1,3,66.0,50.0
2347,2347,GTCAGGTACGTGGCAT-1,3,60.0,90.0
2348,2348,GTCAGTAATCCAATTA-1,8,58.0,56.0
2349,2349,GTCAGTAGGTGACCGG-1,8,37.0,49.0
2350,2350,GTCAGTGAGGATCGTT-1,1,25.0,77.0
2351,2351,GTCAGTGCCAGAATAA-1,5,44.0,104.0
2352,2352,GTCAGTGCTGACAGCG-1,7,32.0,114.0
2353,2353,GTCAGTTCTGCCTGGA-1,8,32.0,50.0
2354,2354,GTCATCACGTGGTTCA-1,1,32.0,52.0
2355,2355,GTCATCACTATTGTGC-1,1,36.0,40.0
2356,2356,GTCATCAGTAGACCAG-1,9,26.0,36.0
2357,2357,GTCCATCTATACAAGG-1,9,56.0,42.0
2358,2358,GTCCGAATGCGGACAG-1,0,47.0,1.0
2359,2359,GTCCGACAGCCGCATT-1,5,30.0,96.0
2360,2360,GTCCTGCTTACGGCTG-1,4,46.0,12.0
2361,2361,GTCCTTCATCAGATCA-1,8,36.0,70.0
2362,2362,GTCCTTCATGGATTAG-1,3,67.0,47.0
2363,2363,GTCCTTCGGAACCTGC-1,1,48.0,36.0
2364,2364,GTCGAAGTCGTGTTCT-1,3,60.0,32.0
2365,2365,GTCGAGAACTAGACGA-1,7,6.0,20.0
2366,2366,GTCGAGTGCTCCTTCG-1,4,7.0,31.0
2367,2367,GTCGCAACGAGCTGAC-1,0,41.0,117.0
2368,2368,GTCGCACGCAGCCTGC-1,8,60.0,52.0
2369,2369,GTCGCAGATTACTGCA-1,9,53.0,21.0
2370,2370,GTCGCATGCGGTAGAT-1,8,46.0,114.0
2371,2371,GTCGCATTACCAGGCA-1,0,67.0,63.0
2372,2372,GTCGCTAAGTGAGGTT-1,5,38.0,110.0
2373,2373,GTCGGCCGTTGTGAAT-1,1,47.0,31.0
2374,2374,GTCGGCCTCCGGCATC-1,3,66.0,48.0
2375,2375,GTCGTAGACTGACAAG-1,1,18.0,26.0
2376,2376,GTCGTGCTAATGCCTT-1,5,32.0,0.0
2377,2377,GTCGTGTTCATGTCAG-1,1,52.0,82.0
2378,2378,GTCTAAGATCGGACTA-1,9,46.0,50.0
2379,2379,GTCTAAGCGGCACGCC-1,2,10.0,78.0
2380,2380,GTCTAATACGGCTAAG-1,6,22.0,70.0
2381,2381,GTCTAGCATGGTACGT-1,1,13.0,33.0
2382,2382,GTCTAGCGTTGTGACC-1,7,69.0,69.0
2383,2383,GTCTAGGACAGGATAA-1,1,17.0,33.0
2384,2384,GTCTAGTCTAGCGACG-1,9,45.0,91.0
2385,2385,GTCTATCAATGGATTA-1,6,55.0,49.0
2386,2386,GTCTATCAGTACTAAT-1,5,30.0,90.0
2387,2387,GTCTATCCAGGACGTC-1,9,59.0,25.0
2388,2388,GTCTATGGTGAAGAGC-1,4,16.0,24.0
2389,2389,GTCTATGTTAATAGAA-1,6,20.0,32.0
2390,2390,GTCTATTAGTGAGGCC-1,8,22.0,18.0
2391,2391,GTCTATTGCGAGTTAC-1,1,37.0,23.0
2392,2392,GTCTCATGACTAGTTG-1,9,41.0,55.0
2393,2393,GTCTCGACTGACGAGT-1,7,68.0,26.0
2394,2394,GTCTGAACAAGGTTAG-1,7,64.0,16.0
2395,2395,GTCTGATAGATTATAA-1,8,55.0,59.0
2396,2396,GTCTGATATCTGAATT-1,6,37.0,75.0
2397,2397,GTCTGCTCAACACCAA-1,8,67.0,69.0
2398,2398,GTCTGTGGATCTGACG-1,1,18.0,28.0
2399,2399,GTCTTCGATAGGTGTT-1,7,12.0,68.0
2400,2400,GTCTTCGGTAGCTACA-1,1,53.0,35.0
2401,2401,GTCTTGAACAATTACA-1,8,56.0,76.0
2402,2402,GTCTTGACAATAGCAA-1,9,27.0,63.0
2403,2403,GTCTTGACTTGCTCTG-1,7,44.0,118.0
2404,2404,GTCTTGATTGCCACCT-1,6,27.0,25.0
2405,2405,GTCTTGCGATGAATGC-1,7,19.0,95.0
2406,2406,GTCTTGCGGCGATTCA-1,6,44.0,58.0
2407,2407,GTCTTGCTGGACGATA-1,5,21.0,79.0
2408,2408,GTCTTGTATTGTAGAT-1,9,48.0,86.0
2409,2409,GTGAACATTCAACGAT-1,6,25.0,69.0
2410,2410,GTGAACGGTTCTAACG-1,1,30.0,6.0
2411,2411,GTGAACTCGTGGTATC-1,7,71.0,41.0
2412,2412,GTGAAGATGAGTGCCT-1,5,36.0,62.0
2413,2413,GTGAAGCCACAACCGG-1,2,14.0,84.0
2414,2414,GTGAAGTGATCGTGCT-1,5,39.0,95.0
2415,2415,GTGAATTAGACATTGC-1,2,11.0,71.0
2416,2416,GTGACAAGATGCTCAT-1,1,36.0,72.0
2417,2417,GTGACAATAGGTATGT-1,4,28.0,4.0
2418,2418,GTGACATACAGGTCCT-1,5,30.0,106.0
2419,2419,GTGACATATGCTAGAT-1,5,13.0,45.0
2420,2420,GTGACATGTACCACCT-1,3,58.0,90.0
2421,2421,GTGACCGGAGTCATAC-1,1,50.0,64.0
2422,2422,GTGACCGTGGATTAGC-1,8,56.0,34.0
2423,2423,GTGACTGTCCTGGTAT-1,9,40.0,84.0
2424,2424,GTGACTTCAACATCCG-1,8,49.0,113.0
2425,2425,GTGACTTCCTCACGAC-1,6,18.0,78.0
2426,2426,GTGAGCACCAGCATCC-1,7,67.0,81.0
2427,2427,GTGATCTACGAGATCC-1,9,53.0,57.0
2428,2428,GTGATGGATTAGAACA-1,0,55.0,103.0
2429,2429,GTGCAACGACGGTGTT-1,4,45.0,63.0
2430,2430,GTGCAACTACTGTACG-1,8,52.0,24.0
2431,2431,GTGCACCAATCATAAC-1,1,23.0,7.0
2432,2432,GTGCACTTGTAAGCAC-1,8,58.0,44.0
2433,2433,GTGCAGCCGGTCTGCA-1,5,44.0,6.0
2434,2434,GTGCAGGACTCCAAGG-1,3,64.0,38.0
2435,2435,GTGCAGGCACTCTAGG-1,6,32.0,88.0
2436,2436,GTGCAGGCTGGACATG-1,4,19.0,85.0
2437,2437,GTGCAGTTGTGGCGCT-1,8,42.0,14.0
2438,2438,GTGCATGGTTGAGTTC-1,0,25.0,105.0
2439,2439,GTGCATTCCTGTGGTC-1,4,20.0,40.0
2440,2440,GTGCATTGCAATGTTG-1,3,60.0,38.0
2441,2441,GTGCCGCATCCTTCCT-1,8,66.0,68.0
2442,2442,GTGCCGTCCTGTCAGC-1,9,52.0,98.0
2443,2443,GTGCCTGACACGTTGG-1,1,21.0,67.0
2444,2444,GTGCGTTCACGGATAA-1,2,12.0,76.0
2445,2445,GTGCTCAATGCAACCT-1,8,58.0,72.0
2446,2446,GTGGAACAGAAGTCGA-1,8,41.0,95.0
2447,2447,GTGGATAATCATAATC-1,4,9.0,27.0
2448,2448,GTGGCGACCTAATATT-1,2,11.0,73.0
2449,2449,GTGGCGAGGAAGGCTA-1,6,25.0,93.0
2450,2450,GTGGCGATAGGCAGAA-1,3,62.0,42.0
2451,2451,GTGGCGATCTGCGATA-1,3,60.0,84.0
2452,2452,GTGGCGCACCTGTTCC-1,9,37.0,47.0
2453,2453,GTGGCGCCAACAGCTC-1,2,6.0,58.0
2454,2454,GTGGCGCCACTACGCT-1,8,51.0,99.0
2455,2455,GTGGCGCCAGACTCGA-1,1,20.0,36.0
2456,2456,GTGGCGCCAGCTAACC-1,1,46.0,106.0
2457,2457,GTGGCTGAATGCGAGT-1,4,38.0,4.0
2458,2458,GTGGCTTCCTACCGTT-1,5,23.0,95.0
2459,2459,GTGGTACTGTTGTAGC-1,5,23.0,93.0
2460,2460,GTGGTACTTGGTTGGA-1,6,25.0,15.0
2461,2461,GTGGTAGGTCTAAGAA-1,1,21.0,37.0
2462,2462,GTGGTCGCTCTGTAGC-1,9,35.0,55.0
2463,2463,GTGGTTACCTTGCGCA-1,0,39.0,117.0
2464,2464,GTGGTTGACAAGGAGC-1,1,16.0,36.0
2465,2465,GTGGTTGCACGCGGCA-1,2,5.0,29.0
2466,2466,GTGGTTGCCGCTTCAA-1,9,43.0,67.0
2467,2467,GTTAACAACTTCGGAT-1,5,24.0,46.0
2468,2468,GTTAACTCCGACCACT-1,5,28.0,66.0
2469,2469,GTTACAGGTACATGGC-1,6,27.0,3.0
2470,2470,GTTAGACAATGGATGA-1,8,53.0,85.0
2471,2471,GTTAGAGGTGTTAAGA-1,0,56.0,106.0
2472,2472,GTTAGGAAGTATACGA-1,7,49.0,115.0
2473,2473,GTTAGGTACTAACTGG-1,4,18.0,82.0
2474,2474,GTTAGGTCCACTGGCG-1,8,57.0,11.0
2475,2475,GTTATGATACGATTAT-1,8,37.0,27.0
2476,2476,GTTATGTTGCTTAGAT-1,9,31.0,33.0
2477,2477,GTTATTCGGCCATTCG-1,8,60.0,64.0
2478,2478,GTTATTCGTAACGTCC-1,1,35.0,37.0
2479,2479,GTTATTGCTGAATCCG-1,7,33.0,115.0
2480,2480,GTTCATACCTTGGTTA-1,6,42.0,34.0
2481,2481,GTTCATCTTACATTCC-1,6,37.0,53.0
2482,2482,GTTCCAGTGCCTTACC-1,6,36.0,52.0
2483,2483,GTTCCGATGAACCGGC-1,4,25.0,3.0
2484,2484,GTTCCGTACCTCCACT-1,4,11.0,23.0
2485,2485,GTTCCGTCATACGGCT-1,3,51.0,107.0
2486,2486,GTTCCGTCTTATCTTA-1,8,63.0,73.0
2487,2487,GTTCCTGAACCTTCAA-1,9,31.0,31.0
2488,2488,GTTCCTTGAGGAACGC-1,6,38.0,26.0
2489,2489,GTTCGCTGGTATTAGA-1,7,63.0,65.0
2490,2490,GTTCGTAGGTAGTGAA-1,1,47.0,33.0
2491,2491,GTTCTACTATCATATT-1,4,13.0,29.0
2492,2492,GTTCTACTTATGGTAG-1,8,70.0,54.0
2493,2493,GTTCTTACTGAAGTAT-1,8,60.0,24.0
2494,2494,GTTCTTGATCTGTTGA-1,6,36.0,98.0
2495,2495,GTTGAAGGAAGTCGGC-1,0,20.0,98.0
2496,2496,GTTGAATAAGTCAGCA-1,6,54.0,50.0
2497,2497,GTTGAATCAACCTGGC-1,7,21.0,105.0
2498,2498,GTTGAATGGTACAGTA-1,9,50.0,88.0
2499,2499,GTTGAATGTTGCTGCC-1,1,32.0,12.0
2500,2500,GTTGACATGAACCAAC-1,9,29.0,35.0
2501,2501,GTTGACGAACCAGAAC-1,9,33.0,71.0
2502,2502,GTTGACGGATAGCCAT-1,0,29.0,103.0
2503,2503,GTTGACGTCAGATTAG-1,3,59.0,81.0
2504,2504,GTTGACTAGAGCACGT-1,9,41.0,63.0
2505,2505,GTTGACTTCTATGCTG-1,7,71.0,65.0
2506,2506,GTTGAGCTTCGTCCGG-1,6,44.0,40.0
2507,2507,GTTGCCACAAGTCATA-1,7,36.0,118.0
2508,2508,GTTGCCACGACAAGAA-1,3,63.0,57.0
2509,2509,GTTGCTACGTCTTAAT-1,8,64.0,64.0
2510,2510,GTTGCTTGCAATCACT-1,0,42.0,118.0
2511,2511,GTTGGCGTGAGCGACC-1,4,22.0,14.0
2512,2512,GTTGGTCCGCCAATCT-1,9,30.0,42.0
2513,2513,GTTGTCCTGTGATGTA-1,9,43.0,79.0
2514,2514,GTTGTCGTAATATGGA-1,2,9.0,77.0
2515,2515,TAACAGCAGGCCTTAC-1,7,20.0,100.0
2516,2516,TAACAGGAACCGACAA-1,5,25.0,49.0
2517,2517,TAACAGGTCCATACCA-1,1,40.0,48.0
2518,2518,TAACATGCGTGCGAAC-1,9,47.0,99.0
2519,2519,TAACATGGCCACCTCC-1,5,23.0,81.0
2520,2520,TAACCAAGGTGCTCTA-1,6,9.0,53.0
2521,2521,TAACCGGATGGACAGG-1,9,66.0,72.0
2522,2522,TAACCGTACCATCCTG-1,4,10.0,24.0
2523,2523,TAACCTTGAGACTTCG-1,0,26.0,108.0
2524,2524,TAACGAATCCTAGATA-1,5,31.0,91.0
2525,2525,TAACGAATGCTCCAAT-1,2,9.0,61.0
2526,2526,TAACGACCTTGCCTAT-1,3,52.0,106.0
2527,2527,TAACGAGCCGAAGGTC-1,8,38.0,52.0
2528,2528,TAACGAGCGTCTGGCC-1,7,72.0,56.0
2529,2529,TAACGAGTTGCCAACC-1,1,25.0,75.0
2530,2530,TAACGCATTGGTCCAA-1,5,25.0,41.0
2531,2531,TAACGCGTAATATGGC-1,6,31.0,51.0
2532,2532,TAACGCGTCAAGCGTT-1,4,9.0,33.0
2533,2533,TAACGCGTCCTACAAC-1,3,61.0,37.0
2534,2534,TAACGCTCATACGGCA-1,1,18.0,42.0
2535,2535,TAACGCTTATGCCATA-1,5,40.0,88.0
2536,2536,TAACGCTTCGGCACTT-1,8,44.0,12.0
2537,2537,TAACGTCACTATAATC-1,6,33.0,65.0
2538,2538,TAACGTGATTCACTAG-1,1,23.0,9.0
2539,2539,TAACGTGCCATAGTTA-1,1,46.0,24.0
2540,2540,TAACGTTGCGTCGATG-1,0,28.0,102.0
2541,2541,TAACTCCAACATGGAC-1,0,55.0,65.0
2542,2542,TAACTTGCACGGCGGA-1,9,50.0,84.0
2543,2543,TAAGAACAGGTGTAAC-1,3,67.0,43.0
2544,2544,TAAGAATATGAGATAG-1,5,39.0,103.0
2545,2545,TAAGACCGAGTGAACA-1,6,50.0,42.0
2546,2546,TAAGATTAGATATTCC-1,2,4.0,32.0
2547,2547,TAAGATTGAGATTACA-1,9,31.0,37.0
2548,2548,TAAGATTGCTCACTTC-1,6,41.0,27.0
2549,2549,TAAGCAAGTAATGTGG-1,3,62.0,78.0
2550,2550,TAAGCACGAGACCTAC-1,6,30.0,98.0
2551,2551,TAAGCAGTAGATACTC-1,4,24.0,40.0
2552,2552,TAAGCCACAATTGCCT-1,5,14.0,60.0
2553,2553,TAAGCCTGGCTTCAGT-1,6,58.0,60.0
2554,2554,TAAGCCTGTAGCGTCC-1,9,50.0,86.0
2555,2555,TAAGCTCCTTCACGCC-1,9,29.0,109.0
2556,2556,TAAGGACGCCTGGTTG-1,5,28.0,62.0
2557,2557,TAAGGATCTGAAGATA-1,8,55.0,89.0
2558,2558,TAAGGATTGGAAGTGG-1,9,39.0,1.0
2559,2559,TAAGGTATGAATGCTA-1,8,56.0,94.0
2560,2560,TAAGGTCCGTGACCGT-1,1,22.0,24.0
2561,2561,TAAGTGGCCGCTCACC-1,1,37.0,57.0
2562,2562,TAATACCATTCTAGAT-1,7,9.0,5.0
2563,2563,TAATACCGTTAATTGC-1,8,37.0,85.0
2564,2564,TAATAGCGCTGTACTC-1,6,45.0,59.0
2565,2565,TAATCGACATTGTTGG-1,6,22.0,90.0
2566,2566,TAATCGCAATGTAATA-1,4,12.0,24.0
2567,2567,TAATCTGATAAGATGT-1,0,23.0,103.0
2568,2568,TAATGACGAAGCGGCT-1,4,39.0,9.0
2569,2569,TAATGATCCGGTTATT-1,1,17.0,35.0
2570,2570,TAATGATCTACTAACC-1,4,20.0,6.0
2571,2571,TAATGTGCACGATCTG-1,6,22.0,60.0
2572,2572,TAATTAAGGAGTACTG-1,0,21.0,99.0
2573,2573,TAATTACCGGTGCGAG-1,1,41.0,43.0
2574,2574,TAATTAGCTCGATTGT-1,1,48.0,26.0
2575,2575,TAATTCCTGCAGAAGG-1,0,40.0,118.0
2576,2576,TAATTGACGTCGTTCC-1,8,51.0,15.0
2577,2577,TAATTGATTCTGTCGC-1,3,65.0,57.0
2578,2578,TACAACGGACGGCTCA-1,6,60.0,66.0
2579,2579,TACAAGCAGATCGTTG-1,4,22.0,10.0
2580,2580,TACAAGCGCCTCTACA-1,5,52.0,80.0
2581,2581,TACAAGCGGAAGTACG-1,6,21.0,69.0
2582,2582,TACAAGGTCGACAAGT-1,7,63.0,15.0
2583,2583,TACAAGTGTCTGTCCG-1,5,15.0,65.0
2584,2584,TACACCAGTGCCGACA-1,4,35.0,3.0
2585,2585,TACACCTCGTACTCCA-1,4,52.0,30.0
2586,2586,TACACCTTGCGGCAGG-1,5,40.0,112.0
2587,2587,TACACTCAGTAGAATG-1,6,9.0,45.0
2588,2588,TACACTGCAGGTTAGA-1,9,40.0,86.0
2589,2589,TACACTGCGTCCGGAC-1,1,30.0,20.0
2590,2590,TACACTGTAGTCAACG-1,3,68.0,44.0
2591,2591,TACACTGTCGAACCAA-1,5,26.0,50.0
2592,2592,TACACTTCGAGGTGAC-1,5,17.0,81.0
2593,2593,TACACTTCGCACCGAT-1,4,41.0,13.0
2594,2594,TACAGTACTTAGTGTA-1,8,54.0,14.0
2595,2595,TACAGTCTCGGCACGG-1,4,32.0,6.0
2596,2596,TACATAGCAGACCAAG-1,6,9.0,47.0
2597,2597,TACATATGCACCAGTG-1,5,19.0,49.0
2598,2598,TACATCGGACAACTGG-1,1,30.0,8.0
2599,2599,TACATCGTCAGCGGTT-1,1,21.0,77.0
2600,2600,TACATCTAACATGTCC-1,4,20.0,8.0
2601,2601,TACATTGAATACGATC-1,4,10.0,34.0
2602,2602,TACATTGAATGAACGT-1,0,52.0,112.0
2603,2603,TACATTGACTGAGTCC-1,0,71.0,49.0
2604,2604,TACCAGACAACCTCAG-1,4,20.0,88.0
2605,2605,TACCATCTCGGCCGAA-1,7,60.0,10.0
2606,2606,TACCATTGTCCGCCTT-1,4,7.0,29.0
2607,2607,TACCTCAGCGGTTGAT-1,2,6.0,34.0
2608,2608,TACCTCAGGCAACAGA-1,5,25.0,29.0
2609,2609,TACCTGCGGTTGTCCT-1,6,25.0,31.0
2610,2610,TACCTGTTAACGGCCT-1,3,65.0,33.0
2611,2611,TACGACCGAGCGCAAC-1,4,17.0,3.0
2612,2612,TACGACGCGATTCAAG-1,6,37.0,51.0
2613,2613,TACGACGTCTCATATT-1,1,49.0,29.0
2614,2614,TACGACTCTGAACACT-1,3,58.0,88.0
2615,2615,TACGACTGATAATCGC-1,2,5.0,13.0
2616,2616,TACGAGATTGGTCTGT-1,4,21.0,87.0
2617,2617,TACGCCGGAGTTCTGA-1,8,50.0,90.0
2618,2618,TACGCCTTGCCGTGTT-1,6,17.0,85.0
2619,2619,TACGCTCCGGTTGGTA-1,1,23.0,31.0
2620,2620,TACGGAACAGACGCGG-1,4,17.0,49.0
2621,2621,TACGGAATACTCGTTC-1,8,48.0,50.0
2622,2622,TACGGAATTGAACCAA-1,8,28.0,20.0
2623,2623,TACGGAGGAAGCACCT-1,1,31.0,15.0
2624,2624,TACGGATCAGCCATCC-1,6,30.0,54.0
2625,2625,TACGGATCCTTGCGAT-1,3,62.0,50.0
2626,2626,TACGGCCTTGTAGGAG-1,4,20.0,28.0
2627,2627,TACGGTAGTTGCGTGA-1,3,51.0,101.0
2628,2628,TACGGTTAATGTACTA-1,8,52.0,92.0
2629,2629,TACGTAATCTAGTAAG-1,0,50.0,2.0
2630,2630,TACGTACACCTTAAGC-1,3,57.0,15.0
2631,2631,TACGTATCGAGGTTGT-1,5,24.0,92.0
2632,2632,TACGTGGAGGCATGGC-1,3,63.0,43.0
2633,2633,TACGTGGCATCATATG-1,0,70.0,50.0
2634,2634,TACGTGTACATCCGTG-1,3,68.0,36.0
2635,2635,TACGTTACTGGTAGCG-1,2,12.0,84.0
2636,2636,TACTAGGATCAATGGC-1,1,59.0,71.0
2637,2637,TACTAGTACCGGATGG-1,5,24.0,94.0
2638,2638,TACTATGTTGAATCTT-1,5,18.0,80.0
2639,2639,TACTCACTACTCACTC-1,4,9.0,15.0
2640,2640,TACTCCGAAGTAGAAT-1,6,39.0,47.0
2641,2641,TACTCCGCCAATACAA-1,8,56.0,22.0
2642,2642,TACTCCTACATCAACT-1,6,27.0,65.0
2643,2643,TACTCCTGAAGGATTA-1,4,13.0,19.0
2644,2644,TAGAATTCAACGTGGC-1,3,61.0,41.0
2645,2645,TAGACAATACTGGAAG-1,2,4.0,38.0
2646,2646,TAGACACCGGCGTCAA-1,4,18.0,4.0
2647,2647,TAGACAGGAGATCATT-1,5,41.0,109.0
2648,2648,TAGACAGTTCAGATTA-1,4,13.0,39.0
2649,2649,TAGACATACGTCTAAT-1,1,36.0,88.0
2650,2650,TAGACATGGTTAGGTC-1,5,15.0,47.0
2651,2651,TAGACCAGGATATCGG-1,3,61.0,83.0
2652,2652,TAGACCATCGATTGAG-1,1,47.0,15.0
2653,2653,TAGACCATTGCTTAGA-1,8,59.0,39.0
2654,2654,TAGACCGAAGCAGAGC-1,5,13.0,63.0
2655,2655,TAGACCGCGGAAGGAC-1,5,37.0,43.0
2656,2656,TAGACCGGCCAGTACG-1,4,25.0,65.0
2657,2657,TAGACCTGAGGAGCTG-1,1,27.0,39.0
2658,2658,TAGAGCAGACAGTCCA-1,4,14.0,26.0
2659,2659,TAGAGGCGATTGATTC-1,6,43.0,65.0
2660,2660,TAGATGAGCCGTCATT-1,0,63.0,23.0
2661,2661,TAGATGCGTGCCAGCG-1,6,43.0,33.0
2662,2662,TAGATGGCTGTATGCC-1,1,30.0,44.0
2663,2663,TAGATGTCGAGGCCAG-1,8,64.0,72.0
2664,2664,TAGCAATACTCGAACA-1,2,5.0,19.0
2665,2665,TAGCAATTATGGACCG-1,9,66.0,70.0
2666,2666,TAGCAGTCGTCATGAA-1,1,27.0,7.0
2667,2667,TAGCAGTGATTCTGTC-1,6,42.0,20.0
2668,2668,TAGCCGCAATACCTGC-1,5,11.0,41.0
2669,2669,TAGCGTACCTTGACAT-1,9,52.0,40.0
2670,2670,TAGCGTACGGAGCGCC-1,2,7.0,73.0
2671,2671,TAGCGTATAGCGCTAA-1,8,47.0,69.0
2672,2672,TAGCGTCACGACAGGC-1,9,39.0,109.0
2673,2673,TAGCGTCTCGGTCTAT-1,2,7.0,69.0
2674,2674,TAGCGTTATGACCTCC-1,4,12.0,30.0
2675,2675,TAGCTACCATACTGCT-1,5,54.0,72.0
2676,2676,TAGCTACCTGTAGGAT-1,2,12.0,66.0
2677,2677,TAGCTAGAAGCGATCA-1,4,26.0,94.0
2678,2678,TAGCTAGAGCACGCCG-1,9,49.0,101.0
2679,2679,TAGCTAGAGGCCTGAA-1,6,52.0,62.0
2680,2680,TAGCTATGTTGAGCAC-1,6,25.0,17.0
2681,2681,TAGCTCGAATCGTCCG-1,6,49.0,77.0
2682,2682,TAGCTTAAGCTGGCGT-1,8,32.0,72.0
2683,2683,TAGGACATCAGCATGG-1,8,45.0,43.0
2684,2684,TAGGACGGCCAGCCGA-1,1,53.0,39.0
2685,2685,TAGGACTTCATGTTAT-1,3,63.0,47.0
2686,2686,TAGGAGCCAGACTCAG-1,2,3.0,45.0
2687,2687,TAGGAGGCGTATTGCC-1,7,61.0,99.0
2688,2688,TAGGATGCACCGTTCA-1,9,43.0,73.0
2689,2689,TAGGCATCGGAGCCTC-1,4,11.0,59.0
2690,2690,TAGGCATCTGCGGACC-1,5,28.0,58.0
2691,2691,TAGGCGAGCGATCGGT-1,5,21.0,55.0
2692,2692,TAGGCGCATATCTAAC-1,1,25.0,35.0
2693,2693,TAGGCTCCGGCATACA-1,1,15.0,29.0
2694,2694,TAGGCTTATCTAGCTC-1,8,64.0,70.0
2695,2695,TAGGTCTACTCGTGAA-1,5,20.0,90.0
2696,2696,TAGGTCTGCCTCTGTA-1,5,12.0,46.0
2697,2697,TAGGTCTTGGCTCGTC-1,9,36.0,74.0
2698,2698,TAGTAAGCGGTGGATA-1,3,64.0,78.0
2699,2699,TAGTATAACCTCGACA-1,7,31.0,111.0
2700,2700,TAGTATCCAATTACGT-1,6,23.0,77.0
2701,2701,TAGTATTGCCGAGTTG-1,1,28.0,6.0
2702,2702,TAGTCACTGGATAGGC-1,8,61.0,75.0
2703,2703,TAGTGAACATGCAGAT-1,1,29.0,15.0
2704,2704,TAGTGAATGTTCAGTG-1,1,37.0,39.0
2705,2705,TAGTGACCAGTTGCGG-1,2,4.0,36.0
2706,2706,TAGTGACCGTCGATTA-1,4,14.0,42.0
2707,2707,TAGTGACTCAATTGCT-1,9,35.0,77.0
2708,2708,TAGTGACTCGCTCCGC-1,1,35.0,29.0
2709,2709,TAGTGAGGACATGTTG-1,9,31.0,73.0
2710,2710,TAGTGAGGTATCGACC-1,1,18.0,32.0
2711,2711,TAGTGATGACTCCTGG-1,4,30.0,74.0
2712,2712,TAGTGCACATAGTCTG-1,4,10.0,28.0
2713,2713,TAGTGCACTATTGTCA-1,6,32.0,86.0
2714,2714,TAGTGCAGCTGGCGTC-1,7,8.0,42.0
2715,2715,TAGTGCAGTGCGGTAG-1,1,42.0,40.0
2716,2716,TAGTGCGTGGAGAAGT-1,2,6.0,46.0
2717,2717,TAGTGCTGTAGCGTTG-1,1,21.0,5.0
2718,2718,TAGTGGTTGAACCAAT-1,5,45.0,107.0
2719,2719,TAGTTACATAGAAGAT-1,4,14.0,18.0
2720,2720,TAGTTCAATCGACCTC-1,6,37.0,15.0
2721,2721,TAGTTCCGATAGAATC-1,1,41.0,39.0
2722,2722,TAGTTCGAATTAGCGG-1,9,52.0,64.0
2723,2723,TAGTTCGAGTAGGAAG-1,6,44.0,46.0
2724,2724,TAGTTCGATCCTCACG-1,3,65.0,47.0
2725,2725,TAGTTGAGCCAGCCAG-1,7,51.0,113.0
2726,2726,TAGTTGAGTTCTGCAC-1,8,63.0,63.0
2727,2727,TAGTTGGCTTAGGCCT-1,8,43.0,109.0
2728,2728,TATCAACGAATATGAG-1,4,33.0,103.0
2729,2729,TATCAAGGCCGCGTGG-1,9,41.0,97.0
2730,2730,TATCAAGGCTCGTCGG-1,0,61.0,15.0
2731,2731,TATCAATCGCCGAGTG-1,7,52.0,2.0
2732,2732,TATCAATGCCGCTCAC-1,5,25.0,95.0
2733,2733,TATCACATAGCGAACT-1,9,52.0,88.0
2734,2734,TATCACCGGCATCGTG-1,6,40.0,24.0
2735,2735,TATCACTTCGAGCCGT-1,4,39.0,91.0
2736,2736,TATCATGGATGTTGCC-1,1,23.0,35.0
2737,2737,TATCCAAGCGCCGTAG-1,9,51.0,89.0
2738,2738,TATCCAATACCGCAAT-1,8,60.0,94.0
2739,2739,TATCCACTTGCGTATC-1,9,38.0,68.0
2740,2740,TATCCGATCTTGGCGG-1,6,10.0,46.0
2741,2741,TATCCTGCGGTTGATC-1,4,20.0,60.0
2742,2742,TATCTAGTCGCATGCA-1,5,20.0,52.0
2743,2743,TATCTAGTGAATGATC-1,5,47.0,113.0
2744,2744,TATCTAGTGCCATATT-1,3,43.0,115.0
2745,2745,TATGAACTACGCGGTG-1,8,57.0,23.0
2746,2746,TATGAAGCGACCGTCC-1,5,19.0,89.0
2747,2747,TATGACAATGCTTGAA-1,8,37.0,67.0
2748,2748,TATGACAGCGAGAAGC-1,9,36.0,30.0
2749,2749,TATGACCGATGAAGTG-1,4,34.0,4.0
2750,2750,TATGACGCGTATGTCG-1,1,24.0,30.0
2751,2751,TATGACGGAGATTGGC-1,1,28.0,90.0
2752,2752,TATGACTCAATGATCG-1,4,10.0,22.0
2753,2753,TATGAGCGATCCATTA-1,6,46.0,46.0
2754,2754,TATGAGGATCTACTGG-1,1,29.0,47.0
2755,2755,TATGAGTTCCGAGTGA-1,5,38.0,106.0
2756,2756,TATGCCACAGCCGGTG-1,7,69.0,71.0
2757,2757,TATGCTCCTGGTTAGT-1,6,12.0,64.0
2758,2758,TATGGAGTTCTACGGC-1,4,10.0,32.0
2759,2759,TATGGATATGGTGCGA-1,0,68.0,76.0
2760,2760,TATGGCAGTTCGTCTA-1,8,57.0,81.0
2761,2761,TATGGCCATAATAGAC-1,6,55.0,69.0
2762,2762,TATGGCCGGCGACACT-1,9,49.0,51.0
2763,2763,TATGGCCTCACGTACA-1,1,50.0,16.0
2764,2764,TATGTAGAGCTGATCA-1,8,61.0,65.0
2765,2765,TATGTCATAAGCGTCG-1,3,58.0,84.0
2766,2766,TATGTCGAGGTTGAAG-1,6,30.0,86.0
2767,2767,TATGTTGCAGTCTAGG-1,9,59.0,55.0
2768,2768,TATGTTGGTAGGTCGT-1,5,52.0,96.0
2769,2769,TATGTTGGTCCAGTGA-1,9,49.0,49.0
2770,2770,TATTAACTTCCGCTCA-1,1,32.0,36.0
2771,2771,TATTAAGCAGCGCCGG-1,3,65.0,55.0
2772,2772,TATTAATAGAATGGCA-1,7,54.0,4.0
2773,2773,TATTAATATGTCGACT-1,3,63.0,29.0
2774,2774,TATTCCGGTTGTTAAT-1,8,59.0,35.0
2775,2775,TATTCGACAACCGTGA-1,3,49.0,105.0
2776,2776,TATTCGACATTACTAT-1,8,54.0,104.0
2777,2777,TATTCGGTGGAGATTC-1,8,58.0,68.0
2778,2778,TATTCGTGCGTTCTGG-1,4,29.0,3.0
2779,2779,TATTCGTTAACAGGCA-1,4,17.0,7.0
2780,2780,TATTCGTTAATGCTCC-1,6,15.0,35.0
2781,2781,TATTCGTTATCGCCTG-1,6,63.0,67.0
2782,2782,TATTCTAAGGCTCATC-1,6,58.0,62.0
2783,2783,TATTCTAGAATCGGAC-1,3,54.0,106.0
2784,2784,TATTCTCAGCGGCTGG-1,1,54.0,70.0
2785,2785,TATTCTCCTATGATGG-1,9,53.0,47.0
2786,2786,TATTGAATCCGACTAA-1,6,30.0,52.0
2787,2787,TATTGAATGAATGTGG-1,5,8.0,24.0
2788,2788,TATTGATCGTGATCTT-1,1,47.0,79.0
2789,2789,TATTGATCTACTTCGG-1,3,68.0,60.0
2790,2790,TCAACAATGGAGGCCT-1,8,51.0,55.0
2791,2791,TCAACACCAATCATTA-1,8,60.0,26.0
2792,2792,TCAACAGGACAGCAAC-1,1,14.0,32.0
2793,2793,TCAACAGGCCATGCCG-1,2,15.0,91.0
2794,2794,TCAACATGGATACAAC-1,3,64.0,52.0
2795,2795,TCAACCGGAGACCTCG-1,6,44.0,28.0
2796,2796,TCAAGGAACCTATTGC-1,4,24.0,18.0
2797,2797,TCAAGGACGTTAGGAG-1,8,65.0,73.0
2798,2798,TCAAGGCAACGCGGCT-1,1,31.0,97.0
2799,2799,TCAAGGCCATAGCCTG-1,2,14.0,68.0
2800,2800,TCAAGGTACACGAAGA-1,4,10.0,16.0
2801,2801,TCAAGGTATCAACTTA-1,6,46.0,60.0
2802,2802,TCAAGGTCTGAATATG-1,8,55.0,57.0
2803,2803,TCAAGTGATGGTTAAT-1,8,64.0,62.0
2804,2804,TCAATATTCCGGTTAG-1,0,58.0,102.0
2805,2805,TCAATATTCGACAAGA-1,2,4.0,18.0
2806,2806,TCAATTAATAGAACCT-1,3,52.0,100.0
2807,2807,TCACAAGATGACTCGA-1,8,48.0,98.0
2808,2808,TCACAAGCTCGAGGCA-1,9,35.0,61.0
2809,2809,TCACAAGGAGAACAAG-1,3,59.0,85.0
2810,2810,TCACAGCACCAAGGTT-1,5,21.0,35.0
2811,2811,TCACATAAGCGTTGCC-1,4,49.0,9.0
2812,2812,TCACATAGACCTCCGT-1,4,21.0,19.0
2813,2813,TCACATCCTGTCGCGG-1,4,26.0,98.0
2814,2814,TCACATCCTTCTCAGT-1,1,30.0,46.0
2815,2815,TCACATTGTCGGTGAC-1,4,24.0,54.0
2816,2816,TCACCATAGATTGTTA-1,1,43.0,35.0
2817,2817,TCACCGTTGCTAATGG-1,1,31.0,55.0
2818,2818,TCACGACATCAGAAGG-1,5,28.0,98.0
2819,2819,TCACGATACCTAGCCA-1,9,47.0,83.0
2820,2820,TCACGCTATCCACTAC-1,8,56.0,90.0
2821,2821,TCACTACGACTCTGCG-1,5,21.0,91.0
2822,2822,TCACTCCGCTCACTGG-1,3,62.0,32.0
2823,2823,TCAGAATCGATATCAT-1,4,48.0,62.0
2824,2824,TCAGAATCTAATAGTC-1,1,44.0,18.0
2825,2825,TCAGACCGGCCTGCTC-1,7,66.0,18.0
2826,2826,TCAGATTACCAGGTTA-1,1,40.0,12.0
2827,2827,TCAGCGCCTAGTCTTA-1,1,65.0,67.0
2828,2828,TCAGCGTGACCTTACC-1,4,29.0,63.0
2829,2829,TCAGCTACCAACTCCG-1,1,20.0,74.0
2830,2830,TCAGCTAGGATGTACT-1,8,35.0,49.0
2831,2831,TCAGCTATTAATCGCT-1,8,33.0,51.0
2832,2832,TCAGCTCGCCAGGATG-1,9,38.0,86.0
2833,2833,TCAGGAGCAACGGTCG-1,9,39.0,59.0
2834,2834,TCAGGATACACTACAA-1,6,22.0,78.0
2835,2835,TCAGTATGTAGGACAA-1,5,23.0,47.0
2836,2836,TCAGTCAGCGATCAGA-1,5,19.0,83.0
2837,2837,TCAGTCATTGCAAGTG-1,3,59.0,91.0
2838,2838,TCAGTCCAACGGAAGT-1,6,39.0,23.0
2839,2839,TCAGTCGAAGTATCTA-1,2,10.0,66.0
2840,2840,TCAGTCGCCAAGGTTG-1,6,44.0,56.0
2841,2841,TCAGTCGTGCCGGCAG-1,6,29.0,89.0
2842,2842,TCAGTGAAGAGTTCTA-1,0,69.0,63.0
2843,2843,TCAGTTCAGAATCTCG-1,1,15.0,67.0
2844,2844,TCAGTTCTCCGGACCG-1,9,42.0,72.0
2845,2845,TCAGTTGACAGTGCCA-1,6,40.0,28.0
2846,2846,TCAGTTGCTAAGCCTA-1,0,62.0,16.0
2847,2847,TCATAGCTTCCAGTAC-1,9,38.0,56.0
2848,2848,TCATAGGTAGTGACGA-1,8,60.0,50.0
2849,2849,TCATAGGTATTGCGTG-1,7,68.0,20.0
2850,2850,TCATAGGTGAGTCGAC-1,4,37.0,107.0
2851,2851,TCATAGTAGACTCATA-1,7,48.0,116.0
2852,2852,TCATCCACGTGGTCAC-1,1,37.0,9.0
2853,2853,TCATCCATGCCAAGCG-1,5,62.0,60.0
2854,2854,TCATCGCTGTGCAACA-1,8,56.0,32.0
2855,2855,TCATCGGCCTGTGCGG-1,5,59.0,69.0
2856,2856,TCATCGTTATGTATCT-1,6,31.0,101.0
2857,2857,TCATCTATCCACGATT-1,1,48.0,20.0
2858,2858,TCATCTCCAACCACCT-1,8,48.0,48.0
2859,2859,TCATCTCCAGCCGGTG-1,4,16.0,14.0
2860,2860,TCATCTGCCGCTATTC-1,8,54.0,90.0
2861,2861,TCATCTTCCACGTATG-1,1,25.0,37.0
2862,2862,TCATCTTCGACACCGT-1,0,61.0,19.0
2863,2863,TCATGAGGCTTGACGC-1,1,16.0,20.0
2864,2864,TCATGAGGTTGATATG-1,4,34.0,20.0
2865,2865,TCATGAGTAAGACATC-1,0,25.0,111.0
2866,2866,TCATGATTCTGATACT-1,7,17.0,71.0
2867,2867,TCATTACGGCACAGTA-1,4,8.0,36.0
2868,2868,TCATTCACGCGAGCTC-1,7,71.0,71.0
2869,2869,TCATTCACTGTAATGG-1,1,39.0,101.0
2870,2870,TCATTGATAGACTTGC-1,5,23.0,53.0
2871,2871,TCATTGATAGGTGGAA-1,1,12.0,20.0
2872,2872,TCATTGGCGACCGACG-1,1,38.0,10.0
2873,2873,TCATTGTTCAATGCGT-1,9,31.0,49.0
2874,2874,TCCAACGAAGATGCTT-1,1,55.0,73.0
2875,2875,TCCAACGTGGTTGTTC-1,1,45.0,39.0
2876,2876,TCCAACTAAGACTCCA-1,9,33.0,69.0
2877,2877,TCCAACTGAATAAGGT-1,8,38.0,48.0
2878,2878,TCCAACTGCCGCCATA-1,8,42.0,88.0
2879,2879,TCCAACTGGCTGAAGA-1,9,16.0,64.0
2880,2880,TCCAAGACCGCTTGAT-1,6,51.0,81.0
2881,2881,TCCAATAACGTGCTAG-1,0,67.0,65.0
2882,2882,TCCAATACTATCTGTT-1,1,26.0,14.0
2883,2883,TCCAATCCAGATACAT-1,1,32.0,16.0
2884,2884,TCCAATCTAACACGCA-1,4,34.0,100.0
2885,2885,TCCAATGCAAGTATCT-1,2,3.0,37.0
2886,2886,TCCAATTAGCAATCAA-1,5,17.0,45.0
2887,2887,TCCAATTGGTTACAGT-1,8,50.0,52.0
2888,2888,TCCACCAAGTGACGAA-1,3,60.0,30.0
2889,2889,TCCACGCTGAGTACTT-1,7,11.0,1.0
2890,2890,TCCAGATCTTCGCTTA-1,2,7.0,61.0
2891,2891,TCCAGTACCGAGCGCA-1,3,60.0,82.0
2892,2892,TCCAGTACGTGCTATG-1,5,26.0,62.0
2893,2893,TCCAGTCACGGTGGCT-1,2,7.0,43.0
2894,2894,TCCAGTCAGTACATTA-1,8,60.0,74.0
2895,2895,TCCAGTGATGCGTATC-1,4,30.0,4.0
2896,2896,TCCAGTGATTGGTGCT-1,1,33.0,17.0
2897,2897,TCCATCGGCTAGACGA-1,3,50.0,106.0
2898,2898,TCCATGATGTGATCAA-1,6,28.0,80.0
2899,2899,TCCATGCGTCCACCAG-1,5,19.0,79.0
2900,2900,TCCATGCGTCGGTTAC-1,4,48.0,10.0
2901,2901,TCCATGTCGGACCGAC-1,4,11.0,7.0
2902,2902,TCCGAACATAGTCTGA-1,5,37.0,101.0
2903,2903,TCCGAACCTCAACCAT-1,9,31.0,57.0
2904,2904,TCCGAATACCGAATAG-1,4,7.0,35.0
2905,2905,TCCGAATACTCGCTGG-1,4,17.0,23.0
2906,2906,TCCGAATAGAAGCACC-1,5,41.0,107.0
2907,2907,TCCGAATCATGTTGTC-1,9,42.0,44.0
2908,2908,TCCGAATCGCAGGTTC-1,9,48.0,84.0
2909,2909,TCCGAGTACGACTTAG-1,9,42.0,48.0
2910,2910,TCCGATGCGTATCCGG-1,4,24.0,38.0
2911,2911,TCCGCCAACATTGCTC-1,8,45.0,23.0
2912,2912,TCCGCCAAGGTCCGTT-1,8,51.0,77.0
2913,2913,TCCGCCAGTGATTAAT-1,9,41.0,57.0
2914,2914,TCCGCCGGTCTATTCA-1,5,49.0,23.0
2915,2915,TCCGCCTTGTTCTGAT-1,8,57.0,77.0
2916,2916,TCCGGCTATGCTCAGT-1,8,55.0,77.0
2917,2917,TCCGGCTCTATGGACA-1,5,25.0,59.0
2918,2918,TCCGGTACGTGGCCTC-1,8,56.0,36.0
2919,2919,TCCGGTTCCGTTCTAG-1,8,51.0,93.0
2920,2920,TCCGTCATAAGATGAC-1,4,8.0,10.0
2921,2921,TCCGTCCACTCGGAGC-1,0,22.0,100.0
2922,2922,TCCGTCGGTACAAGTT-1,4,51.0,19.0
2923,2923,TCCGTGTCTTACATAA-1,6,44.0,54.0
2924,2924,TCCGTGTTCTGTTCTG-1,5,20.0,46.0
2925,2925,TCCGTTGGAGCTCACT-1,1,13.0,15.0
2926,2926,TCCTAAGCGGTTCATC-1,5,8.0,28.0
2927,2927,TCCTAATTGCGGCCTG-1,4,54.0,30.0
2928,2928,TCCTAATTGCTCAACG-1,5,23.0,97.0
2929,2929,TCCTACAAGCTCGAAC-1,9,53.0,95.0
2930,2930,TCCTACCGATCGTGGC-1,3,64.0,32.0
2931,2931,TCCTACCGGTTCCTAG-1,3,42.0,2.0
2932,2932,TCCTAGGTATCTGATG-1,1,28.0,18.0
2933,2933,TCCTATCCTCGAATCA-1,7,14.0,72.0
2934,2934,TCCTATCCTGTCAATA-1,2,11.0,69.0
2935,2935,TCCTATGAGGATTGTT-1,1,42.0,26.0
2936,2936,TCCTATTGACTGTTGA-1,5,34.0,12.0
2937,2937,TCCTCAATGAGGAACG-1,8,48.0,72.0
2938,2938,TCCTCACGTGTAGACG-1,1,27.0,79.0
2939,2939,TCCTCAGTCGGATGCG-1,4,20.0,14.0
2940,2940,TCCTCATCGTGCTGGA-1,6,34.0,88.0
2941,2941,TCCTCATGGCACCGTT-1,8,58.0,10.0
2942,2942,TCCTGAAGCGTGCACT-1,8,32.0,32.0
2943,2943,TCCTGACACTTCACGG-1,2,16.0,86.0
2944,2944,TCCTGATAAGTGCCGT-1,5,25.0,87.0
2945,2945,TCCTGCCGTGTCTAAG-1,3,68.0,54.0
2946,2946,TCCTGGTGGCAATAGC-1,8,39.0,51.0
2947,2947,TCCTTACTCGCAATGA-1,0,28.0,104.0
2948,2948,TCCTTCCAACCGCAAC-1,2,13.0,75.0
2949,2949,TCCTTGAACAGGACCA-1,1,35.0,11.0
2950,2950,TCCTTGGCTCAAGAGT-1,8,32.0,22.0
2951,2951,TCGAATCTTGCGTTAC-1,9,63.0,53.0
2952,2952,TCGAATGGTTCCACGC-1,8,60.0,40.0
2953,2953,TCGAATTAGTTACTCC-1,1,43.0,25.0
2954,2954,TCGAATTGTACACTAT-1,6,31.0,19.0
2955,2955,TCGACCTGCAGCTCAG-1,2,6.0,28.0
2956,2956,TCGACGAAGAGCAAGT-1,5,30.0,92.0
2957,2957,TCGAGTGGTAGGTCAC-1,8,45.0,83.0
2958,2958,TCGATATTAGACATAC-1,1,26.0,28.0
2959,2959,TCGATCCAGTCTGTAG-1,1,45.0,61.0
2960,2960,TCGATCGCACCTAATC-1,8,50.0,112.0
2961,2961,TCGATCGTTGTCTGAA-1,2,8.0,70.0
2962,2962,TCGATCTAATGTTAGT-1,1,40.0,34.0
2963,2963,TCGATCTAGCCGATTC-1,8,53.0,37.0
2964,2964,TCGCAATAGTGACGCA-1,3,65.0,49.0
2965,2965,TCGCACCTCATGTCAG-1,2,6.0,50.0
2966,2966,TCGCACTCTTGGACAG-1,4,18.0,48.0
2967,2967,TCGCACTGCTGTGCTC-1,6,48.0,42.0
2968,2968,TCGCACTGTACGGCGA-1,9,35.0,57.0
2969,2969,TCGCACTTACTGAAGT-1,6,51.0,35.0
2970,2970,TCGCACTTGGTCCGTC-1,4,50.0,8.0
2971,2971,TCGCCGTATCATGCTT-1,3,59.0,87.0
2972,2972,TCGCCGTTCGCCACAG-1,7,55.0,3.0
2973,2973,TCGCCTAGATAATTAA-1,4,21.0,39.0
2974,2974,TCGCCTATCGACTCCT-1,6,43.0,55.0
2975,2975,TCGCCTGACGGCCACT-1,9,43.0,51.0
2976,2976,TCGCCTGCGTGCGTGG-1,1,36.0,10.0
2977,2977,TCGCCTGGTGGATTCT-1,2,17.0,95.0
2978,2978,TCGCGGAGTACAACCA-1,2,68.0,24.0
2979,2979,TCGCGGAGTTAGACTT-1,5,14.0,4.0
2980,2980,TCGCGGTAGTATGATC-1,2,10.0,64.0
2981,2981,TCGCTTACTCGCAAGT-1,7,67.0,67.0
2982,2982,TCGCTTGTTCCAGTTG-1,3,62.0,82.0
2983,2983,TCGGAACGTCTGCAAG-1,5,35.0,97.0
2984,2984,TCGGAATCAGCCTAAC-1,6,13.0,65.0
2985,2985,TCGGACATTCTATGAG-1,1,39.0,35.0
2986,2986,TCGGACCAGGATCGCC-1,6,33.0,113.0
2987,2987,TCGGACGGCCGAGGAA-1,3,63.0,79.0
2988,2988,TCGGACGTTGCCTCAG-1,2,8.0,50.0
2989,2989,TCGGACTGCCACCTCC-1,9,53.0,63.0
2990,2990,TCGGAGCGTTACCTCG-1,3,58.0,82.0
2991,2991,TCGGAGTGGTACTTGC-1,8,52.0,6.0
2992,2992,TCGGAGTTGTCTTGTT-1,5,19.0,39.0
2993,2993,TCGGCACTGGCGCCGA-1,1,48.0,34.0
2994,2994,TCGGCGACCTCGCTGA-1,7,64.0,90.0
2995,2995,TCGGCGCAGAATGTCT-1,9,44.0,78.0
2996,2996,TCGGCGCAGATAGATA-1,1,38.0,46.0
2997,2997,TCGGCGCTATCACGTG-1,2,16.0,94.0
2998,2998,TCGGTAATAGCGGTTC-1,4,9.0,29.0
2999,2999,TCGGTAATTACGTGGA-1,8,47.0,103.0
3000,3000,TCGGTAGGCATCACGC-1,9,42.0,102.0
3001,3001,TCGGTATCGTAATTGG-1,3,63.0,31.0
3002,3002,TCGGTGATCGCCGGCC-1,1,47.0,29.0
3003,3003,TCGGTGTCTAACCAAG-1,1,24.0,82.0
3004,3004,TCGTAAGGCGTTCAGG-1,6,9.0,55.0
3005,3005,TCGTATACAAGACGAG-1,3,67.0,33.0
3006,3006,TCGTATAGGAGCCTAT-1,4,8.0,18.0
3007,3007,TCGTATCAACAGCACC-1,2,12.0,80.0
3008,3008,TCGTATCACGTTATGA-1,9,27.0,61.0
3009,3009,TCGTATCCTGATGCAA-1,2,8.0,64.0
3010,3010,TCGTATCGGTCTCCTT-1,8,44.0,4.0
3011,3011,TCGTATGCCGGACGTT-1,5,54.0,92.0
3012,3012,TCGTATGTCGTGCCTA-1,4,36.0,6.0
3013,3013,TCGTATTAGATCCGGT-1,3,70.0,60.0
3014,3014,TCGTATTCTGAGTGGC-1,8,57.0,67.0
3015,3015,TCGTCAAGCCTAATCT-1,7,16.0,68.0
3016,3016,TCGTCACGATGTTCGA-1,0,57.0,29.0
3017,3017,TCGTCAGAACAGCCAG-1,4,37.0,7.0
3018,3018,TCGTCCAGCATGGCTT-1,1,42.0,66.0
3019,3019,TCGTGCCTCGGTAGTT-1,5,32.0,102.0
3020,3020,TCGTTAGCCAGGCCAG-1,1,41.0,11.0
3021,3021,TCGTTAGCTTACTCAT-1,4,7.0,19.0
3022,3022,TCTAACAAGCCAATCC-1,5,23.0,25.0
3023,3023,TCTAACCGTGCTAGCT-1,7,47.0,115.0
3024,3024,TCTAACTCTATGTTCT-1,2,15.0,77.0
3025,3025,TCTACAACTGGAACTT-1,9,35.0,109.0
3026,3026,TCTACACTAATTACTC-1,6,53.0,73.0
3027,3027,TCTACACTGAGCTTCT-1,2,15.0,75.0
3028,3028,TCTACAGCACGTCCGA-1,1,37.0,29.0
3029,3029,TCTACAGGTACGCAGT-1,8,50.0,66.0
3030,3030,TCTACATGAACTATAC-1,1,35.0,27.0
3031,3031,TCTACATGAATCTGAT-1,8,61.0,51.0
3032,3032,TCTACATGTCCGACTT-1,9,47.0,77.0
3033,3033,TCTACATTGGAGTAAT-1,7,54.0,6.0
3034,3034,TCTACTATGCTAGCTC-1,8,48.0,114.0
3035,3035,TCTACTCCGACTCGGC-1,6,49.0,71.0
3036,3036,TCTACTCGAGCAGAGG-1,7,65.0,89.0
3037,3037,TCTACTGTCTCAATGA-1,9,47.0,51.0
3038,3038,TCTACTTAGGTTCTTA-1,1,28.0,42.0
3039,3039,TCTACTTAGTATTAGT-1,7,61.0,13.0
3040,3040,TCTACTTCACCGTGGA-1,8,57.0,43.0
3041,3041,TCTAGAACTTCTTGCA-1,8,55.0,15.0
3042,3042,TCTAGAATTGCGGTTG-1,5,38.0,112.0
3043,3043,TCTAGAGTCTCCACGC-1,3,69.0,45.0
3044,3044,TCTAGATAAGGTTAGC-1,8,54.0,84.0
3045,3045,TCTAGCTTATTCGCCA-1,7,71.0,47.0
3046,3046,TCTAGGCGGAAGGCAC-1,9,35.0,59.0
3047,3047,TCTATCCGTGTTGCCA-1,5,22.0,0.0
3048,3048,TCTATGATCGGTGCCT-1,9,46.0,96.0
3049,3049,TCTATTCCTTCCGGAA-1,3,66.0,44.0
3050,3050,TCTATTCTGCATTGGC-1,9,33.0,83.0
3051,3051,TCTGAGCGTAATTGTC-1,3,66.0,32.0
3052,3052,TCTGAGTCAGATCTTG-1,1,36.0,44.0
3053,3053,TCTGATCATAATGATT-1,0,71.0,53.0
3054,3054,TCTGCAAGGACGGCAA-1,9,51.0,63.0
3055,3055,TCTGCAATTCACAAGA-1,9,41.0,53.0
3056,3056,TCTGCCTGGATGTCAG-1,6,42.0,22.0
3057,3057,TCTGCGCTTGCAGATA-1,2,7.0,49.0
3058,3058,TCTGCGTGCTATTCTA-1,5,35.0,89.0
3059,3059,TCTGCGTGCTTCAGAC-1,9,44.0,82.0
3060,3060,TCTGCGTTAGATAGGT-1,1,15.0,31.0
3061,3061,TCTGGACGCTAAGACA-1,4,11.0,31.0
3062,3062,TCTGGATATTAACCTA-1,6,24.0,56.0
3063,3063,TCTGGTATCTGTAGCC-1,0,28.0,108.0
3064,3064,TCTGGTCCTCCACTGT-1,1,25.0,21.0
3065,3065,TCTGTACCTCACTCGC-1,2,6.0,44.0
3066,3066,TCTGTACGCTGTCCTC-1,6,33.0,87.0
3067,3067,TCTGTCACCGTTAATA-1,5,34.0,112.0
3068,3068,TCTTACATTACTTCGC-1,6,54.0,40.0
3069,3069,TCTTACCGCTCGTATG-1,1,43.0,95.0
3070,3070,TCTTACGAATCAGTGC-1,1,17.0,63.0
3071,3071,TCTTACGAGGAATAAG-1,1,33.0,29.0
3072,3072,TCTTACGAGGCCGACA-1,3,12.0,48.0
3073,3073,TCTTACGGCCGCAACA-1,1,35.0,33.0
3074,3074,TCTTACTCTGTATGCG-1,9,40.0,56.0
3075,3075,TCTTACTGAGACTAGT-1,6,33.0,95.0
3076,3076,TCTTAGATGCCTCCGA-1,1,26.0,38.0
3077,3077,TCTTAGGCGACAGTCA-1,8,56.0,24.0
3078,3078,TCTTAGTCGCGGCAGA-1,1,20.0,12.0
3079,3079,TCTTAGTCGTCTCGGC-1,8,38.0,66.0
3080,3080,TCTTAGTCTGCCATCA-1,1,26.0,2.0
3081,3081,TCTTCGAACAGCGTTA-1,9,51.0,87.0
3082,3082,TCTTCGAATTGTATAC-1,8,58.0,20.0
3083,3083,TCTTCGCCATTCGAAT-1,6,37.0,79.0
3084,3084,TCTTCGTCAGACCAGG-1,9,47.0,111.0
3085,3085,TCTTGAGTCATTATAC-1,6,31.0,93.0
3086,3086,TCTTGCACCAATCTAT-1,3,63.0,41.0
3087,3087,TCTTGCACGGTGAGCC-1,0,48.0,0.0
3088,3088,TCTTGCACGTCTAATG-1,7,69.0,77.0
3089,3089,TCTTGCACTATTCAGA-1,6,29.0,53.0
3090,3090,TCTTGCACTGGTGCTC-1,3,66.0,60.0
3091,3091,TCTTGCAGACTGCGAG-1,1,17.0,13.0
3092,3092,TCTTGCCATCGTTGTA-1,6,55.0,41.0
3093,3093,TCTTGCCGGCAGTCTA-1,6,50.0,56.0
3094,3094,TCTTGCGGCCTTAGTG-1,2,3.0,39.0
3095,3095,TCTTGCTCCGTCGGCA-1,1,24.0,32.0
3096,3096,TCTTGCTGTCCTAGGC-1,0,64.0,86.0
3097,3097,TCTTGTTATTCTTGAT-1,3,54.0,102.0
3098,3098,TGAACGGACACGTATC-1,9,39.0,49.0
3099,3099,TGAACGGATCTGGTAC-1,9,34.0,40.0
3100,3100,TGAACGGATTCAAGTT-1,7,66.0,86.0
3101,3101,TGAAGATACAATCTGC-1,1,46.0,6.0
3102,3102,TGAAGCACCGTCATGA-1,6,46.0,68.0
3103,3103,TGAAGTATGATCGTGC-1,9,35.0,71.0
3104,3104,TGAATGCGGTTATGGA-1,1,31.0,13.0
3105,3105,TGAATGGTGCTTCGAT-1,4,11.0,9.0
3106,3106,TGAATGTACCTTCGTC-1,5,31.0,109.0
3107,3107,TGAATGTTGACATCGT-1,5,29.0,93.0
3108,3108,TGAATTATGCCGCAGT-1,5,29.0,29.0
3109,3109,TGAATTCGTGGTATAA-1,1,37.0,95.0
3110,3110,TGACAGTACTATTCTA-1,3,60.0,80.0
3111,3111,TGACATTACAACGCCG-1,5,27.0,43.0
3112,3112,TGACCAACAGATAGGT-1,1,17.0,41.0
3113,3113,TGACCAAGCTGCACAT-1,4,18.0,64.0
3114,3114,TGACCAAGTAAGGACC-1,8,63.0,75.0
3115,3115,TGACCAATCAGCCACG-1,6,28.0,82.0
3116,3116,TGACCAGCACTCCAGC-1,6,42.0,94.0
3117,3117,TGACCAGGCTCATGCA-1,5,10.0,40.0
3118,3118,TGACCAGGTATGACCT-1,9,20.0,84.0
3119,3119,TGACCATCCATCTGCT-1,7,71.0,69.0
3120,3120,TGACCATGTACACTCA-1,8,43.0,7.0
3121,3121,TGACCTCCTTCAGATT-1,8,58.0,54.0
3122,3122,TGACCTGTCTATCTCG-1,3,66.0,62.0
3123,3123,TGACGCTCACCAAGCC-1,9,15.0,61.0
3124,3124,TGACGCTCGCGGTAGT-1,5,32.0,24.0
3125,3125,TGACGCTGCGATAGTA-1,9,22.0,94.0
3126,3126,TGACGCTTACTAGACA-1,1,19.0,21.0
3127,3127,TGACGGAGCGCTATAC-1,5,39.0,105.0
3128,3128,TGACTCCAAGTCTACC-1,8,48.0,106.0
3129,3129,TGACTCGGCCGACCGA-1,8,47.0,7.0
3130,3130,TGACTCTGCTCGCACG-1,8,53.0,61.0
3131,3131,TGACTTAATGCGTTGG-1,8,54.0,8.0
3132,3132,TGACTTCGGCGTAACA-1,1,28.0,36.0
3133,3133,TGACTTGCACTCACGG-1,5,18.0,60.0
3134,3134,TGAGACAAGGACGACC-1,9,49.0,89.0
3135,3135,TGAGACAGAAGTGCTC-1,5,35.0,79.0
3136,3136,TGAGACTATTGAATCT-1,6,57.0,61.0
3137,3137,TGAGATGCTCTAATGA-1,4,16.0,38.0
3138,3138,TGAGCATAGTCTTATT-1,4,15.0,15.0
3139,3139,TGAGCCGCGTGATCAT-1,8,45.0,7.0
3140,3140,TGAGGAATCCATAGAA-1,4,47.0,19.0
3141,3141,TGAGGACCACTGTTAC-1,6,23.0,5.0
3142,3142,TGAGGTAGGACTACTG-1,6,34.0,64.0
3143,3143,TGAGTAAGCGCAATCC-1,8,55.0,35.0
3144,3144,TGAGTATTCTAGGACT-1,9,44.0,106.0
3145,3145,TGAGTCGCCTCCGTCG-1,8,26.0,0.0
3146,3146,TGAGTGACCTACTCGT-1,1,32.0,28.0
3147,3147,TGAGTGAGATCGCTAA-1,6,20.0,68.0
3148,3148,TGAGTGAGGCACGCCT-1,9,44.0,102.0
3149,3149,TGAGTGCAGAGGACCA-1,1,31.0,3.0
3150,3150,TGAGTTGTCCTCGCTT-1,4,11.0,17.0
3151,3151,TGATAAGCAGTAAGAA-1,9,43.0,103.0
3152,3152,TGATAGGAGCATCAAC-1,8,47.0,49.0
3153,3153,TGATCCGCACTCCTTA-1,1,39.0,19.0
3154,3154,TGATCGGACCTGGATG-1,8,50.0,76.0
3155,3155,TGATGGATGATCACGG-1,0,57.0,27.0
3156,3156,TGATGGCCGGCATCGC-1,6,45.0,55.0
3157,3157,TGATGGCGCAGGCTAG-1,2,5.0,21.0
3158,3158,TGATGGCTGCGACGAT-1,8,56.0,40.0
3159,3159,TGATTAGAATGACATA-1,6,29.0,55.0
3160,3160,TGATTCAAGATCGAGC-1,6,18.0,18.0
3161,3161,TGATTCGTCTGGATCT-1,8,56.0,48.0
3162,3162,TGCAACAGTGAAGCTC-1,4,23.0,57.0
3163,3163,TGCAACGTTACCTGGT-1,8,43.0,75.0
3164,3164,TGCACCGGTCACCTCC-1,4,17.0,25.0
3165,3165,TGCACGAATGTACTAA-1,7,7.0,13.0
3166,3166,TGCACGAGTAGAGTTA-1,2,14.0,76.0
3167,3167,TGCACGAGTGTCAGCC-1,5,47.0,91.0
3168,3168,TGCACGCTCCTATCCG-1,1,23.0,21.0
3169,3169,TGCACGGCTGAGACTT-1,6,38.0,34.0
3170,3170,TGCACGGCTGGTAAGG-1,7,71.0,73.0
3171,3171,TGCACGTAGTTCGAAG-1,9,46.0,78.0
3172,3172,TGCACTCCAGCTACTC-1,0,29.0,111.0
3173,3173,TGCAGAAGCAGTAGGC-1,4,14.0,12.0
3174,3174,TGCAGACAATACTGTT-1,6,45.0,65.0
3175,3175,TGCAGACGAACCAGAT-1,1,24.0,4.0
3176,3176,TGCAGAGGTCGTAATT-1,5,46.0,108.0
3177,3177,TGCAGATGAGATCTAG-1,7,66.0,16.0
3178,3178,TGCAGTACAACGAGTG-1,1,46.0,14.0
3179,3179,TGCAGTCGAGCACCAA-1,8,57.0,79.0
3180,3180,TGCAGTTATTCCACTC-1,3,32.0,60.0
3181,3181,TGCATTAATGGCCACC-1,5,27.0,91.0
3182,3182,TGCATTCGCCAGCGAT-1,4,24.0,16.0
3183,3183,TGCATTCGCTACAATG-1,1,56.0,58.0
3184,3184,TGCATTCTTACGGAGG-1,9,43.0,15.0
3185,3185,TGCATTGCTGTCGGCG-1,9,43.0,71.0
3186,3186,TGCCAATCCATGTCTA-1,6,24.0,62.0
3187,3187,TGCCACAATGCTACCG-1,6,24.0,20.0
3188,3188,TGCCACCTATTACATT-1,7,69.0,25.0
3189,3189,TGCCACTATCAGGCAG-1,3,66.0,42.0
3190,3190,TGCCACTCAACCGGCC-1,1,22.0,32.0
3191,3191,TGCCACTTAAGTGATG-1,3,56.0,10.0
3192,3192,TGCCAGCTATTGTAGA-1,9,44.0,100.0
3193,3193,TGCCAGGATGAGGTTC-1,4,31.0,95.0
3194,3194,TGCCAGTGATTCGTGC-1,6,41.0,49.0
3195,3195,TGCCGAATCAAGCGTC-1,4,10.0,48.0
3196,3196,TGCCGAGTTAAGAACG-1,5,54.0,64.0
3197,3197,TGCCGGAACTTAGGCA-1,1,46.0,22.0
3198,3198,TGCCGGCATTATAGAT-1,8,59.0,95.0
3199,3199,TGCCTAAGTTAATTAT-1,8,37.0,69.0
3200,3200,TGCCTATCAATGCCAT-1,9,35.0,107.0
3201,3201,TGCCTATCGGCTATGT-1,6,30.0,26.0
3202,3202,TGCCTTAGGCGTCTAT-1,7,62.0,66.0
3203,3203,TGCGAACATATCGGCT-1,8,13.0,7.0
3204,3204,TGCGAATCCGGCTTGA-1,2,5.0,39.0
3205,3205,TGCGAATTCTCCGCAC-1,6,37.0,89.0
3206,3206,TGCGACTACGTGCGAG-1,8,51.0,21.0
3207,3207,TGCGAGCCAGACGAAT-1,2,18.0,100.0
3208,3208,TGCGATACGCCTCGCA-1,2,3.0,43.0
3209,3209,TGCGATGCAGGTGCGA-1,5,38.0,0.0
3210,3210,TGCGATGTGCCTTGGC-1,1,13.0,9.0
3211,3211,TGCGATTAGCTCCGCC-1,5,35.0,105.0
3212,3212,TGCGCCAGTAATGATC-1,4,26.0,4.0
3213,3213,TGCGCCGAACGGACTC-1,8,47.0,101.0
3214,3214,TGCGCCGATCGCGAAG-1,5,19.0,51.0
3215,3215,TGCGCCTCTTCGGCGA-1,0,69.0,49.0
3216,3216,TGCGCTCATAGAACGA-1,8,46.0,88.0
3217,3217,TGCGGACTCACGTGAT-1,6,32.0,70.0
3218,3218,TGCGGACTTAACTTCC-1,8,60.0,28.0
3219,3219,TGCGGACTTCTGTCGC-1,8,57.0,59.0
3220,3220,TGCGGATCATCCTAGA-1,2,17.0,93.0
3221,3221,TGCGGATCGGATCTTA-1,1,41.0,21.0
3222,3222,TGCGTATCTTGTACCG-1,1,34.0,22.0
3223,3223,TGCGTCTGGATCGGAT-1,6,28.0,14.0
3224,3224,TGCGTGTCAGCCAGTG-1,9,59.0,57.0
3225,3225,TGCGTGTCGGCGGATA-1,4,34.0,96.0
3226,3226,TGCGTTAGCACGTACC-1,1,52.0,28.0
3227,3227,TGCGTTATGTTCCGGA-1,9,37.0,83.0
3228,3228,TGCGTTGTATTGCCTG-1,4,51.0,33.0
3229,3229,TGCTACGCTGCGTGGA-1,2,7.0,65.0
3230,3230,TGCTACTTGTGGCTGG-1,1,33.0,39.0
3231,3231,TGCTATAATGTCGCTG-1,7,62.0,96.0
3232,3232,TGCTATCCATGTAATA-1,5,33.0,75.0
3233,3233,TGCTATCCTAAGACGA-1,2,9.0,65.0
3234,3234,TGCTATGGTTGCGACA-1,2,15.0,87.0
3235,3235,TGCTATTGCGGCGTGG-1,1,29.0,13.0
3236,3236,TGCTATTGTCAAGGAG-1,3,62.0,30.0
3237,3237,TGCTCCTAACGGAAGA-1,6,52.0,8.0
3238,3238,TGCTGTCAGAACGAAG-1,5,31.0,47.0
3239,3239,TGCTGTCTTGTTAATG-1,9,54.0,88.0
3240,3240,TGCTGTGAAGTCAAGA-1,5,45.0,17.0
3241,3241,TGCTTACTCACCGGTC-1,0,23.0,105.0
3242,3242,TGCTTAGCCTGTTGGT-1,1,11.0,25.0
3243,3243,TGCTTAGCTCCTGGCT-1,5,22.0,46.0
3244,3244,TGCTTAGTTGACTTAC-1,3,66.0,52.0
3245,3245,TGCTTATGAATAAGCA-1,8,43.0,113.0
3246,3246,TGCTTATGACGCTGGC-1,9,47.0,87.0
3247,3247,TGCTTATGCGGTTCTG-1,2,13.0,87.0
3248,3248,TGGAAGACGTGAGTAG-1,1,19.0,11.0
3249,3249,TGGAAGCCATAACAGT-1,4,16.0,26.0
3250,3250,TGGAAGCTCCATCGAC-1,9,34.0,14.0
3251,3251,TGGACGCCTGCGACCG-1,6,28.0,54.0
3252,3252,TGGACTGACGTACCAC-1,1,14.0,22.0
3253,3253,TGGACTGAGTACCTAG-1,6,38.0,30.0
3254,3254,TGGAGTCGGCAAGCTC-1,7,70.0,28.0
3255,3255,TGGAGTGAACGCGGTC-1,1,27.0,19.0
3256,3256,TGGAGTGATGGCTCTT-1,4,35.0,23.0
3257,3257,TGGAGTGCTCCTGATC-1,4,31.0,103.0
3258,3258,TGGATCATTGTAACGG-1,1,41.0,41.0
3259,3259,TGGATCCAGTCACTTC-1,6,37.0,93.0
3260,3260,TGGCAAGCGACACTTA-1,1,40.0,16.0
3261,3261,TGGCATCGATCAATTG-1,8,16.0,22.0
3262,3262,TGGCATGCGTTCACGC-1,4,18.0,36.0
3263,3263,TGGCATGTTCGAACAG-1,1,25.0,13.0
3264,3264,TGGCCAACATTCTGAG-1,5,20.0,56.0
3265,3265,TGGCCAAGCTGGCACC-1,9,41.0,3.0
3266,3266,TGGCCACTCCGCGGAC-1,3,52.0,102.0
3267,3267,TGGCCACTCCTGAGTG-1,8,61.0,95.0
3268,3268,TGGCCAGAGTATCTCC-1,0,27.0,107.0
3269,3269,TGGCCAGATCCGGACA-1,9,48.0,76.0
3270,3270,TGGCCGTCTATCAGGA-1,0,53.0,5.0
3271,3271,TGGCCTGACATACTCA-1,6,39.0,61.0
3272,3272,TGGCCTGGCACTGTGG-1,8,45.0,49.0
3273,3273,TGGCGACACTGCCGGA-1,5,21.0,63.0
3274,3274,TGGCGAGCCACTAGCG-1,3,40.0,2.0
3275,3275,TGGCGAGCTCCACGTG-1,2,7.0,63.0
3276,3276,TGGCTCACTCAATCAC-1,5,12.0,4.0
3277,3277,TGGCTCCGCATCAGAT-1,1,26.0,76.0
3278,3278,TGGCTGGACCTTAGGA-1,5,16.0,2.0
3279,3279,TGGTACAAGACACTGA-1,5,61.0,61.0
3280,3280,TGGTACAAGACCAATC-1,7,65.0,21.0
3281,3281,TGGTACCAATACTTAC-1,7,55.0,5.0
3282,3282,TGGTACCAGATTGTTA-1,4,11.0,57.0
3283,3283,TGGTACGGACGTAGTT-1,6,30.0,82.0
3284,3284,TGGTACGGTCGGCGAA-1,4,20.0,44.0
3285,3285,TGGTACTGGTATCTTG-1,1,18.0,38.0
3286,3286,TGGTAGCATCAAGTCT-1,6,35.0,65.0
3287,3287,TGGTAGCCAGTTGACA-1,1,21.0,71.0
3288,3288,TGGTATGCAAGTCTAT-1,6,27.0,83.0
3289,3289,TGGTATTAGCTAGACC-1,4,55.0,23.0
3290,3290,TGGTATTCCTAGTCCA-1,9,36.0,56.0
3291,3291,TGGTATTGAGTTGTAA-1,5,53.0,51.0
3292,3292,TGGTCATCTAGGTCAT-1,2,5.0,41.0
3293,3293,TGGTCGCCGGCTTACT-1,9,44.0,68.0
3294,3294,TGGTCTGCTCAGGTTG-1,9,53.0,67.0
3295,3295,TGGTGCACGACCTTAG-1,6,33.0,43.0
3296,3296,TGGTGCAGACCGAAGT-1,8,46.0,58.0
3297,3297,TGGTGCAGTACCATGC-1,8,55.0,107.0
3298,3298,TGGTGCATTGTAATCC-1,4,37.0,5.0
3299,3299,TGGTGCCGCTGCAACA-1,1,28.0,8.0
3300,3300,TGGTGCCTAGCACGGC-1,5,43.0,97.0
3301,3301,TGGTGCGAACGTGGCG-1,4,15.0,11.0
3302,3302,TGGTGCGAATCCTGCT-1,4,9.0,11.0
3303,3303,TGGTGCGAGGTCGTAT-1,5,22.0,84.0
3304,3304,TGGTTGAACACGCCAA-1,8,33.0,53.0
3305,3305,TGGTTGCCTCCGGCTT-1,1,27.0,55.0
3306,3306,TGGTTGGTATCGGCAT-1,7,71.0,61.0
3307,3307,TGTAAGATCTTCACAT-1,9,39.0,81.0
3308,3308,TGTAAGGTGAGCGACC-1,1,47.0,67.0
3309,3309,TGTAATCATATGAGAC-1,6,40.0,40.0
3310,3310,TGTAATCGAGACTGGC-1,7,70.0,44.0
3311,3311,TGTAATGCACTACGAG-1,8,63.0,89.0
3312,3312,TGTAATGCCTAACACC-1,3,68.0,48.0
3313,3313,TGTAATTGTATCCTCG-1,7,19.0,97.0
3314,3314,TGTACCAACTACGCAT-1,0,25.0,107.0
3315,3315,TGTACCACATACTGGT-1,0,39.0,113.0
3316,3316,TGTAGGATCAGAGCGT-1,8,50.0,30.0
3317,3317,TGTAGGCACGTACCTC-1,1,15.0,9.0
3318,3318,TGTAGGTCACTACATG-1,5,38.0,102.0
3319,3319,TGTAGGTCTGAACGCA-1,8,48.0,16.0
3320,3320,TGTAGGTTCTGGCTTA-1,5,21.0,43.0
3321,3321,TGTATCGGCGGTCGCA-1,5,21.0,13.0
3322,3322,TGTATGATTGTAGGTG-1,3,65.0,53.0
3323,3323,TGTATGGTGCCAAGGT-1,5,46.0,40.0
3324,3324,TGTCAACTCATCAACG-1,5,22.0,52.0
3325,3325,TGTCAAGCGGATCGGT-1,3,53.0,101.0
3326,3326,TGTCACAGACGTATCC-1,0,68.0,62.0
3327,3327,TGTCAGAAGTTGTAAC-1,8,32.0,44.0
3328,3328,TGTCAGACGAAGCACC-1,0,62.0,20.0
3329,3329,TGTCAGATAAGGTGAC-1,5,17.0,1.0
3330,3330,TGTCAGTGGCTTCCAT-1,8,55.0,67.0
3331,3331,TGTCATGCATGAGCAC-1,5,34.0,108.0
3332,3332,TGTCATGTGACACGCT-1,2,7.0,11.0
3333,3333,TGTCCATGTATGGAAT-1,5,27.0,97.0
3334,3334,TGTCCGGATGGCAGTT-1,7,68.0,22.0
3335,3335,TGTCCTCAACGTTCTA-1,4,13.0,35.0
3336,3336,TGTCGAGTGCGTTAGC-1,1,18.0,30.0
3337,3337,TGTCGATTCACGTAGT-1,8,58.0,46.0
3338,3338,TGTCGCGGAAGAGCTA-1,3,61.0,31.0
3339,3339,TGTCGTTCATACGATA-1,3,59.0,43.0
3340,3340,TGTCTAAGCAGACGTA-1,5,12.0,62.0
3341,3341,TGTCTACTAGATTGCC-1,8,58.0,12.0
3342,3342,TGTCTGTAAGCGAACT-1,5,18.0,76.0
3343,3343,TGTCTTGCGACTAATT-1,9,36.0,50.0
3344,3344,TGTCTTGGAATTGGCA-1,9,41.0,45.0
3345,3345,TGTTAAGGAAGTCTTA-1,3,54.0,96.0
3346,3346,TGTTACCTATTGGACA-1,9,54.0,60.0
3347,3347,TGTTCACTGTCTTCCT-1,1,23.0,13.0
3348,3348,TGTTCAGAACGGTGTA-1,1,44.0,44.0
3349,3349,TGTTCAGCGAGGCAGT-1,0,64.0,20.0
3350,3350,TGTTCATAGTATGACG-1,6,49.0,33.0
3351,3351,TGTTCATTGGTCCAAG-1,3,55.0,99.0
3352,3352,TGTTCCTCACATTAAT-1,5,36.0,100.0
3353,3353,TGTTCTGCTCTGTCGT-1,1,39.0,39.0
3354,3354,TGTTGCGTCCAAGATT-1,8,51.0,65.0
3355,3355,TGTTGGAACCTTCCGC-1,6,35.0,35.0
3356,3356,TGTTGGAACGAGGTCA-1,8,28.0,72.0
3357,3357,TGTTGGATGGACTTCT-1,1,13.0,53.0
3358,3358,TGTTGGCCAGACCTAC-1,1,49.0,47.0
